日付,銘柄コード,銘柄名,市場・商品区分,33業種区分,始値,高値,安値,終値,前日比,前日比％,売買高(株),取得状態
2025-03-21,1301,極洋,プライム（内国株式）,水産・農林業,4380,4460,4370,4395,-15,-0.340136,67000,OK
2025-03-21,130A,Ｖｅｒｉｔａｓ　Ｉｎ　Ｓｉｌｉｃｏ,グロース（内国株式）,医薬品,856,856,826,826,-34,-3.953488,16700,OK
2025-03-21,131A,ＣＣＮグループ,TOKYO PRO MARKET（内国株式）,情報･通信業,,,,,,,,NO_QUOTE
2025-03-21,132A,アイエヌホールディングス,TOKYO PRO MARKET（内国株式）,陸運業,,,,,,,,NO_QUOTE
2025-03-21,1332,ニッスイ,プライム（内国株式）,水産・農林業,917,927,917,919.7,5.3,0.579615,1676000,OK
2025-03-21,1333,マルハニチロ,プライム（内国株式）,水産・農林業,3310,3349,3305,3338,28,0.845921,163700,OK
2025-03-21,134A,アプライズ,TOKYO PRO MARKET（内国株式）,サービス業,,,,,,,,NO_QUOTE
2025-03-21,135A,ＶＲＡＩＮ　Ｓｏｌｕｔｉｏｎ,グロース（内国株式）,情報･通信業,2016,2020,1941,1941,-66,-3.28849,76600,OK
2025-03-21,136A,三興商事,TOKYO PRO MARKET（内国株式）,建設業,,,,,,,,NO_QUOTE
2025-03-21,1375,雪国まいたけ,プライム（内国株式）,水産・農林業,1190,1190,1173,1179,-1,-0.084746,138300,OK
2025-03-21,1376,カネコ種苗,スタンダード（内国株式）,水産・農林業,1414,1418,1410,1418,1,0.070572,2500,OK
2025-03-21,1377,サカタのタネ,プライム（内国株式）,水産・農林業,3475,3485,3460,3485,10,0.28777,108000,OK
2025-03-21,1379,ホクト,プライム（内国株式）,水産・農林業,1875,1889,1870,1882,-3,-0.159151,89100,OK
2025-03-21,137A,Ｃｏｃｏｌｉｖｅ,グロース（内国株式）,情報･通信業,1170,1173,1165,1165,-5,-0.42735,1400,OK
2025-03-21,1380,秋川牧園,スタンダード（内国株式）,水産・農林業,1022,1025,1022,1025,-13,-1.252408,400,OK
2025-03-21,1381,アクシーズ,スタンダード（内国株式）,水産・農林業,2805,2824,2805,2824,22,0.785153,1600,OK
2025-03-21,1382,ホーブ,スタンダード（内国株式）,水産・農林業,1780,1808,1760,1808,27,1.516002,1300,OK
2025-03-21,1383,ベルグアース,スタンダード（内国株式）,水産・農林業,3295,3315,3285,3305,10,0.30349,4000,OK
2025-03-21,1384,ホクリヨウ,スタンダード（内国株式）,水産・農林業,1500,1537,1498,1536,40,2.673797,49700,OK
2025-03-21,138A,光フードサービス,グロース（内国株式）,小売業,2198,2198,2161,2161,-37,-1.683348,300,OK
2025-03-21,139A,東日本地所,TOKYO PRO MARKET（内国株式）,不動産業,,,,,,,,NO_QUOTE
2025-03-21,1401,エムビーエス,グロース（内国株式）,建設業,704,705,702,702,-5,-0.707214,5200,OK
2025-03-21,1407,ウエストホールディングス,スタンダード（内国株式）,建設業,1680,1721,1583,1583,-68,-4.118716,929500,OK
2025-03-21,1414,ショーボンドホールディングス,プライム（内国株式）,建設業,4924,4968,4919,4968,49,0.996137,171500,OK
2025-03-21,1417,ミライト・ワン,プライム（内国株式）,建設業,2248,2276.5,2248,2256.5,8.5,0.378114,178000,OK
2025-03-21,1418,インターライフホールディングス,スタンダード（内国株式）,建設業,375,379,371,374,1,0.268097,94800,OK
2025-03-21,1419,タマホーム,プライム（内国株式）,建設業,3565,3590,3550,3555,-5,-0.140449,126200,OK
2025-03-21,141A,トライアルホールディングス,グロース（内国株式）,小売業,2360,2360,2272,2275,-80,-3.397028,2561300,OK
2025-03-21,1420,サンヨーホームズ,スタンダード（内国株式）,建設業,735,738,733,733,-2,-0.272109,22100,OK
2025-03-21,1429,日本アクア,プライム（内国株式）,建設業,756,762,751,755,-8,-1.048493,53700,OK
2025-03-21,142A,ジンジブ,グロース（内国株式）,サービス業,565,569,559,561,-4,-0.707965,23800,OK
2025-03-21,1430,ファーストコーポレーション,スタンダード（内国株式）,建設業,936,949,930,949,17,1.824034,43400,OK
2025-03-21,1431,Ｌｉｂ　Ｗｏｒｋ,グロース（内国株式）,建設業,696,698,690,690,-4,-0.576369,25800,OK
2025-03-21,1432,動力,TOKYO PRO MARKET（内国株式）,建設業,,,,,,,,NO_QUOTE
2025-03-21,1433,ベステラ,プライム（内国株式）,建設業,982,993,980,986,4,0.407332,48000,OK
2025-03-21,1434,ＪＥＳＣＯホールディングス,スタンダード（内国株式）,建設業,937,938,925,927,4,0.433369,17100,OK
2025-03-21,1435,ｒｏｂｏｔ　ｈｏｍｅ,スタンダード（内国株式）,不動産業,183,186,180,182,0,0,418800,OK
2025-03-21,1436,グリーンエナジー＆カンパニー,グロース（内国株式）,建設業,2462,2490,2456,2456,5,0.203998,13600,OK
2025-03-21,1438,岐阜造園,スタンダード（内国株式）,建設業,1887,1908,1884,1908,30,1.597444,2500,OK
2025-03-21,143A,イシン,グロース（内国株式）,サービス業,946,971,933,971,26,2.751323,4500,OK
2025-03-21,1443,技研ホールディングス,スタンダード（内国株式）,建設業,193,196,192,194,1,0.518135,33600,OK
2025-03-21,1444,ニッソウ,グロース（内国株式）,建設業,2586,2586,2559,2579,20,0.781555,2200,OK
2025-03-21,1445,ひかりホールディングス,TOKYO PRO MARKET（内国株式）,建設業,,,,,,,,NO_QUOTE
2025-03-21,1446,キャンディル,スタンダード（内国株式）,建設業,589,591,587,590,4,0.682594,40000,OK
2025-03-21,1447,ＳＡＡＦホールディングス,グロース（内国株式）,建設業,342,351,338,348,1,0.288184,299400,OK
2025-03-21,144A,エネルギーパワー,TOKYO PRO MARKET（内国株式）,建設業,,,,,,,,NO_QUOTE
2025-03-21,1450,田中建設工業,スタンダード（内国株式）,建設業,1385,1400,1365,1399,34,2.490842,17000,OK
2025-03-21,1452,横浜ライト工業,TOKYO PRO MARKET（内国株式）,建設業,,,,,,,,NO_QUOTE
2025-03-21,145A,Ｌ　ｉｓ　Ｂ,グロース（内国株式）,情報･通信業,720,731,707,707,-8,-1.118881,15100,OK
2025-03-21,146A,コロンビア・ワークス,スタンダード（内国株式）,不動産業,3935,3935,3890,3910,-20,-0.508906,21000,OK
2025-03-21,147A,ソラコム,グロース（内国株式）,情報･通信業,915,936,915,930,19,2.08562,60400,OK
2025-03-21,148A,ハッチ・ワーク,グロース（内国株式）,情報･通信業,1592,1604,1592,1593,-7,-0.4375,4900,OK
2025-03-21,1491,中外鉱業,スタンダード（内国株式）,非鉄金属,68,76,67,74,6,8.823529,5718100,OK
2025-03-21,149A,シンカ,グロース（内国株式）,情報･通信業,905,937,905,924,19,2.099448,10600,OK
2025-03-21,150A,ＪＳＨ,グロース（内国株式）,サービス業,561,629,561,609,51,9.139785,48700,OK
2025-03-21,1514,住石ホールディングス,スタンダード（内国株式）,鉱業,800,828,800,816,17,2.12766,1276400,OK
2025-03-21,1515,日鉄鉱業,プライム（内国株式）,鉱業,6930,7100,6900,7040,40,0.571429,85000,OK
2025-03-21,1518,三井松島ホールディングス,プライム（内国株式）,その他製品,4290,4320,4260,4285,-10,-0.232829,42500,OK
2025-03-21,151A,ダイブ,グロース（内国株式）,サービス業,1016,1045,1005,1045,30,2.955665,24000,OK
2025-03-21,152A,オプティ,TOKYO PRO MARKET（内国株式）,卸売業,,,,,,,,NO_QUOTE
2025-03-21,153A,カウリス,グロース（内国株式）,情報･通信業,1026,1048,1010,1045,1,0.095785,59200,OK
2025-03-21,154A,ＧＡＩＡ,TOKYO PRO MARKET（内国株式）,その他金融業,,,,,,,,NO_QUOTE
2025-03-21,155A,情報戦略テクノロジー,グロース（内国株式）,情報･通信業,445,451,438,446,2,0.45045,22200,OK
2025-03-21,156A,マテリアルグループ,グロース（内国株式）,サービス業,670,733,669,722,57,8.571429,275300,OK
2025-03-21,157A,グリーンモンスター,グロース（内国株式）,サービス業,572,574,559,559,3,0.539568,13800,OK
2025-03-21,158A,エクセリ,TOKYO PRO MARKET（内国株式）,小売業,,,,,,,,NO_QUOTE
2025-03-21,1605,ＩＮＰＥＸ,プライム（内国株式）,鉱業,2080.5,2125,2069,2104,36,1.740812,9491300,OK
2025-03-21,160A,アズパートナーズ,スタンダード（内国株式）,サービス業,1883,1910,1880,1892,-4,-0.21097,10800,OK
2025-03-21,161A,三葉,TOKYO PRO MARKET（内国株式）,サービス業,,,,,,,,NO_QUOTE
2025-03-21,164A,アップルパーク,TOKYO PRO MARKET（内国株式）,不動産業,,,,,,,,NO_QUOTE
2025-03-21,165A,ＳＢＩレオスひふみ,グロース（内国株式）,証券･商品先物取引業,205,209,202,202,2,1,749500,OK
2025-03-21,1662,石油資源開発,プライム（内国株式）,鉱業,1253,1269,1251,1257,11,0.882825,885100,OK
2025-03-21,1663,Ｋ＆Ｏエナジーグループ,プライム（内国株式）,鉱業,3350,3375,3330,3340,40,1.212121,83100,OK
2025-03-21,166A,タスキホールディングス,グロース（内国株式）,不動産業,683,687,677,682,2,0.294118,483700,OK
2025-03-21,167A,リョーサン菱洋ホールディングス,プライム（内国株式）,卸売業,2609,2628,2600,2600,-9,-0.34496,299900,OK
2025-03-21,168A,イタミアート,グロース（内国株式）,その他製品,1019,1019,990,996,-15,-1.48368,28000,OK
2025-03-21,1711,ＳＤＳホールディングス,スタンダード（内国株式）,建設業,301,306,301,303,3,1,61800,OK
2025-03-21,1712,ダイセキ環境ソリューション,スタンダード（内国株式）,建設業,1205,1208,1189,1189,-16,-1.327801,25600,OK
2025-03-21,1716,第一カッター興業,スタンダード（内国株式）,建設業,1390,1399,1385,1399,9,0.647482,14300,OK
2025-03-21,1717,明豊ファシリティワークス,スタンダード（内国株式）,サービス業,943,949,942,949,13,1.388889,38600,OK
2025-03-21,1718,美樹工業,スタンダード（内国株式）,建設業,5050,5090,4940,4940,-60,-1.2,1100,OK
2025-03-21,1719,安藤・間,プライム（内国株式）,建設業,1400,1407,1392,1396,6,0.431655,1030300,OK
2025-03-21,171A,ゼロジャパン,TOKYO PRO MARKET（内国株式）,卸売業,,,,,,,,NO_QUOTE
2025-03-21,1720,東急建設,プライム（内国株式）,建設業,807,810,802,802,-4,-0.496278,302800,OK
2025-03-21,1721,コムシスホールディングス,プライム（内国株式）,建設業,3308,3339,3297,3300,-6,-0.181488,543800,OK
2025-03-21,1723,日本電技,スタンダード（内国株式）,建設業,3755,3800,3740,3790,25,0.664011,7600,OK
2025-03-21,1724,シンクレイヤ,スタンダード（内国株式）,建設業,653,660,653,659,5,0.764526,7700,OK
2025-03-21,1726,ビーアールホールディングス,プライム（内国株式）,建設業,349,349,347,348,-1,-0.286533,31300,OK
2025-03-21,172A,ネオホーム,TOKYO PRO MARKET（内国株式）,不動産業,,,,,,,,NO_QUOTE
2025-03-21,1736,オーテック,スタンダード（内国株式）,建設業,4290,4350,4290,4335,55,1.285047,900,OK
2025-03-21,173A,ハンモック,グロース（内国株式）,情報･通信業,1532,1559,1532,1545,-4,-0.258231,4900,OK
2025-03-21,1743,コーアツ工業,スタンダード（内国株式）,建設業,1310,1317,1310,1312,2,0.152672,2300,OK
2025-03-21,174A,エージェンテック,TOKYO PRO MARKET（内国株式）,情報･通信業,,,,,,,,NO_QUOTE
2025-03-21,1757,創建エース,スタンダード（内国株式）,建設業,20,21,19,20,-1,-4.761905,1661600,OK
2025-03-21,1758,太洋基礎工業,スタンダード（内国株式）,建設業,1857,1865,1857,1865,8,0.430802,800,OK
2025-03-21,175A,Ｗｉｌｌ　Ｓｍａｒｔ,グロース（内国株式）,情報･通信業,892,899,880,880,-18,-2.004454,7700,OK
2025-03-21,1762,高松コンストラクショングループ,プライム（内国株式）,建設業,2780,2849,2780,2830,42,1.506456,120600,OK
2025-03-21,1764,工藤建設,スタンダード（内国株式）,建設業,2700,2732,2700,2732,32,1.185185,600,OK
2025-03-21,1766,東建コーポレーション,プライム（内国株式）,建設業,12670,12800,12670,12740,130,1.030928,22200,OK
2025-03-21,1768,ソネック,スタンダード（内国株式）,建設業,866,867,859,864,7,0.816803,3500,OK
2025-03-21,176A,レジル,グロース（内国株式）,電気･ガス業,2242,2285,2155,2177,-44,-1.98109,59500,OK
2025-03-21,1770,藤田エンジニアリング,スタンダード（内国株式）,建設業,1535,1550,1531,1536,21,1.386139,2200,OK
2025-03-21,1776,三井住建道路,スタンダード（内国株式）,建設業,1358,1369,1345,1361,3,0.220913,7900,OK
2025-03-21,177A,コージンバイオ,グロース（内国株式）,化学,1749,1788,1735,1767,23,1.318807,6500,OK
2025-03-21,1780,ヤマウラ,プライム（内国株式）,建設業,1247,1264,1245,1264,20,1.607717,76700,OK
2025-03-21,1783,ｆａｎｔａｓｉｓｔａ,スタンダード（内国株式）,不動産業,45,50,43,46,2,4.545455,8413500,OK
2025-03-21,1786,オリエンタル白石,プライム（内国株式）,建設業,377,381,375,380,3,0.795756,306300,OK
2025-03-21,1787,ナカボーテック,スタンダード（内国株式）,建設業,5250,5280,5250,5280,80,1.538462,200,OK
2025-03-21,1788,三東工業社,スタンダード（内国株式）,建設業,4050,4100,4050,4100,120,3.015075,400,OK
2025-03-21,1793,大本組,スタンダード（内国株式）,建設業,1317,1341,1310,1325,-22,-1.633259,16300,OK
2025-03-21,1795,マサル,スタンダード（内国株式）,建設業,3940,3950,3900,3950,10,0.253807,900,OK
2025-03-21,1798,守谷商会,スタンダード（内国株式）,建設業,3780,3805,3765,3765,-15,-0.396825,400,OK
2025-03-21,1799,第一建設工業,スタンダード（内国株式）,建設業,2677,2695,2614,2662,-15,-0.560329,14500,OK
2025-03-21,1801,大成建設,プライム（内国株式）,建設業,6966,7081,6963,6995,-36,-0.512018,834400,OK
2025-03-21,1802,大林組,プライム（内国株式）,建設業,2058.5,2100,2056,2084,2,0.096061,3575300,OK
2025-03-21,1803,清水建設,プライム（内国株式）,建設業,1385,1416,1379,1379,-9.5,-0.684192,4317100,OK
2025-03-21,1807,佐藤渡辺,スタンダード（内国株式）,建設業,1686,1686,1660,1672,-1,-0.059773,4100,OK
2025-03-21,1808,長谷工コーポレーション,プライム（内国株式）,建設業,1971,1993,1970,1988.5,17.5,0.887874,5298400,OK
2025-03-21,1810,松井建設,スタンダード（内国株式）,建設業,925,936,925,930,-10,-1.06383,19700,OK
2025-03-21,1811,錢高組,スタンダード（内国株式）,建設業,4125,4180,4105,4175,20,0.481348,9000,OK
2025-03-21,1812,鹿島建設,プライム（内国株式）,建設業,3111,3223,3107,3171,46,1.472,2464900,OK
2025-03-21,1813,不動テトラ,プライム（内国株式）,建設業,2282,2306,2276,2301,25,1.098418,53900,OK
2025-03-21,1814,大末建設,プライム（内国株式）,建設業,1930,1957,1907,1910,-51,-2.600714,241500,OK
2025-03-21,1815,鉄建建設,プライム（内国株式）,建設業,2699,2716,2678,2699,18,0.671391,64600,OK
2025-03-21,1820,西松建設,プライム（内国株式）,建設業,5040,5084,5033,5033,7,0.139276,86900,OK
2025-03-21,1821,三井住友建設,プライム（内国株式）,建設業,432,442,432,436,7,1.631702,1110100,OK
2025-03-21,1822,大豊建設,スタンダード（内国株式）,建設業,3690,3715,3605,3635,-40,-1.088435,42900,OK
2025-03-21,1826,佐田建設,スタンダード（内国株式）,建設業,1125,1154,1116,1135,20,1.793722,31200,OK
2025-03-21,1827,ナカノフドー建設,スタンダード（内国株式）,建設業,845,852,803,811,-34,-4.023669,199500,OK
2025-03-21,1828,田辺工業,スタンダード（内国株式）,建設業,2228,2249,2197,2237,9,0.40395,19800,OK
2025-03-21,1833,奥村組,プライム（内国株式）,建設業,4455,4505,4430,4495,40,0.897868,128800,OK
2025-03-21,1835,東鉄工業,プライム（内国株式）,建設業,3140,3175,3130,3135,0,0,54000,OK
2025-03-21,1840,土屋ホールディングス,スタンダード（内国株式）,建設業,236,236,232,232,-2,-0.854701,42300,OK
2025-03-21,1841,サンユー建設,スタンダード（内国株式）,建設業,1078,1089,1069,1069,19,1.809524,1400,OK
2025-03-21,1844,大盛工業,スタンダード（内国株式）,建設業,290,292,284,284,-6,-2.068966,293200,OK
2025-03-21,1847,イチケン,スタンダード（内国株式）,建設業,2910,2941,2885,2898,-9,-0.309598,22500,OK
2025-03-21,1848,富士ピー・エス,スタンダード（内国株式）,建設業,444,445,443,443,-1,-0.225225,11800,OK
2025-03-21,184A,学びエイド,グロース（内国株式）,情報･通信業,406,409,400,403,3,0.75,45100,OK
2025-03-21,1850,南海辰村建設,スタンダード（内国株式）,建設業,333,334,329,333,7,2.147239,41200,OK
2025-03-21,1852,淺沼組,プライム（内国株式）,建設業,731,736,729,730,-1,-0.136799,254400,OK
2025-03-21,1853,森組,スタンダード（内国株式）,建設業,324,325,322,324,2,0.621118,27900,OK
2025-03-21,185A,リサイクルテック・ジャパン,TOKYO PRO MARKET（内国株式）,サービス業,,,,,,,,NO_QUOTE
2025-03-21,1860,戸田建設,プライム（内国株式）,建設業,925,933.9,920.7,920.7,-6.3,-0.679612,729500,OK
2025-03-21,1861,熊谷組,プライム（内国株式）,建設業,4160,4180,4125,4125,-30,-0.722022,145800,OK
2025-03-21,1866,北野建設,スタンダード（内国株式）,建設業,4330,4365,4255,4295,-70,-1.603666,7800,OK
2025-03-21,1867,植木組,スタンダード（内国株式）,建設業,1885,1898,1851,1870,5,0.268097,20600,OK
2025-03-21,186A,アストロスケールホールディングス,グロース（内国株式）,サービス業,796,810,776,776,-25,-3.121099,2424600,OK
2025-03-21,1870,矢作建設工業,プライム（内国株式）,建設業,1361,1369,1357,1360,6,0.443131,314600,OK
2025-03-21,1871,ピーエス・コンストラクション,プライム（内国株式）,建設業,1474,1481,1457,1458,-5,-0.341763,105400,OK
2025-03-21,1873,日本ハウスホールディングス,プライム（内国株式）,建設業,344,350,343,350,5,1.449275,103500,OK
2025-03-21,1878,大東建託,プライム（内国株式）,不動産業,15505,15795,15505,15730,125,0.801025,367100,OK
2025-03-21,1879,新日本建設,プライム（内国株式）,建設業,1600,1616,1587,1605,6,0.375235,134100,OK
2025-03-21,1882,東亜道路工業,プライム（内国株式）,建設業,1521,1536,1517,1518,0,0,207000,OK
2025-03-21,1884,日本道路,プライム（内国株式）,建設業,1917,1937,1913,1922,12,0.628272,55100,OK
2025-03-21,1885,東亜建設工業,プライム（内国株式）,建設業,1390,1403,1379,1382,-2,-0.144509,860700,OK
2025-03-21,1887,日本国土開発,プライム（内国株式）,建設業,505,515,504,513,9,1.785714,278000,OK
2025-03-21,1888,若築建設,プライム（内国株式）,建設業,3865,3925,3865,3905,40,1.034929,3000,OK
2025-03-21,1890,東洋建設,プライム（内国株式）,建設業,1378,1390,1375,1379,7,0.510204,441000,OK
2025-03-21,1893,五洋建設,プライム（内国株式）,建設業,728.1,739.7,725,728.7,5.8,0.802324,4781500,OK
2025-03-21,1897,金下建設,スタンダード（内国株式）,建設業,,,,,,,,NO_QUOTE
2025-03-21,1898,世紀東急工業,プライム（内国株式）,建設業,1583,1590,1575,1581,-2,-0.126342,262300,OK
2025-03-21,1899,福田組,プライム（内国株式）,建設業,5380,5460,5380,5440,40,0.740741,10800,OK
2025-03-21,189A,Ｄ＆Ｍカンパニー,グロース（内国株式）,サービス業,823,853,821,849,28,3.410475,7600,OK
2025-03-21,1904,大成温調,スタンダード（内国株式）,建設業,3935,3960,3915,3915,0,0,26500,OK
2025-03-21,1905,テノックス,スタンダード（内国株式）,建設業,1162,1171,1162,1171,4,0.342759,6200,OK
2025-03-21,1909,日本ドライケミカル,スタンダード（内国株式）,機械,4060,4180,4060,4100,-30,-0.726392,17600,OK
2025-03-21,190A,Ｃｈｏｒｄｉａ　Ｔｈｅｒａｐｅｕｔｉｃｓ,グロース（内国株式）,医薬品,258,272,258,270,12,4.651163,1023600,OK
2025-03-21,1911,住友林業,プライム（内国株式）,建設業,4703,4739,4685,4696,-14,-0.29724,1055600,OK
2025-03-21,1914,日本基礎技術,スタンダード（内国株式）,建設業,709,710,702,702,0,0,40200,OK
2025-03-21,191A,ミモザ,TOKYO PRO MARKET（内国株式）,サービス業,,,,,,,,NO_QUOTE
2025-03-21,1921,巴コーポレーション,スタンダード（内国株式）,建設業,1188,1210,1166,1175,-13,-1.094276,68200,OK
2025-03-21,1925,大和ハウス工業,プライム（内国株式）,建設業,5050,5098,5047,5081,5,0.098503,2254200,OK
2025-03-21,1926,ライト工業,プライム（内国株式）,建設業,2522,2537,2515,2515,3,0.119427,187100,OK
2025-03-21,1928,積水ハウス,プライム（内国株式）,建設業,3336,3413,3333,3348,-21,-0.62333,5002300,OK
2025-03-21,1929,日特建設,プライム（内国株式）,建設業,1065,1067,1060,1065,1,0.093985,44800,OK
2025-03-21,192A,インテグループ,グロース（内国株式）,サービス業,3790,3800,3700,3720,-15,-0.401606,9900,OK
2025-03-21,1930,北陸電気工事,プライム（内国株式）,建設業,1262,1262,1243,1257,-4,-0.317209,46300,OK
2025-03-21,1934,ユアテック,プライム（内国株式）,建設業,1771,1797,1746,1752,-10,-0.567537,196100,OK
2025-03-21,1938,日本リーテック,プライム（内国株式）,建設業,1541,1607,1541,1596,59,3.838647,64600,OK
2025-03-21,1939,四電工,プライム（内国株式）,建設業,1390,1395,1325,1325,-67,-4.813218,924900,OK
2025-03-21,193A,グローベルス,TOKYO PRO MARKET（内国株式）,不動産業,,,,,,,,NO_QUOTE
2025-03-21,1941,中電工,プライム（内国株式）,建設業,3295,3315,3290,3295,0,0,39200,OK
2025-03-21,1942,関電工,プライム（内国株式）,建設業,2762,2849,2754.5,2770.5,24,0.873839,963600,OK
2025-03-21,1944,きんでん,プライム（内国株式）,建設業,3472,3515,3465,3470,-1,-0.02881,528500,OK
2025-03-21,1945,東京エネシス,プライム（内国株式）,建設業,1138,1188,1135,1149,11,0.966608,38700,OK
2025-03-21,1946,トーエネック,プライム（内国株式）,建設業,1014,1021,1008,1012,1,0.098912,117000,OK
2025-03-21,1948,弘電社,スタンダード（内国株式）,建設業,2112,2185,2112,2141,29,1.373106,31600,OK
2025-03-21,1949,住友電設,プライム（内国株式）,建設業,5000,5140,4970,5090,130,2.620968,122800,OK
2025-03-21,194A,ＷＯＬＶＥＳ　ＨＡＮＤ,グロース（内国株式）,サービス業,722,753,721,741,21,2.916667,29200,OK
2025-03-21,1950,日本電設工業,プライム（内国株式）,建設業,2200,2229,2200,2206,7,0.318327,93200,OK
2025-03-21,1951,エクシオグループ,プライム（内国株式）,建設業,1760,1781.5,1755.5,1767,-1.5,-0.084818,875700,OK
2025-03-21,1952,新日本空調,プライム（内国株式）,建設業,1862,1892,1849,1849,-25,-1.334045,279600,OK
2025-03-21,1959,九電工,プライム（内国株式）,建設業,4798,4841,4739,4760,6,0.12621,360600,OK
2025-03-21,195A,ライスカレー,グロース（内国株式）,サービス業,829,850,826,830,0,0,9600,OK
2025-03-21,1960,サンテック,スタンダード（内国株式）,建設業,852,880,849,874,20,2.34192,29700,OK
2025-03-21,1961,三機工業,プライム（内国株式）,建設業,3390,3550,3385,3400,60,1.796407,476900,OK
2025-03-21,1963,日揮ホールディングス,プライム（内国株式）,建設業,1244.5,1263.5,1242,1250.5,5.5,0.441767,1307500,OK
2025-03-21,1964,中外炉工業,プライム（内国株式）,建設業,3915,3975,3750,3835,-80,-2.043423,48100,OK
2025-03-21,1965,テクノ菱和,スタンダード（内国株式）,建設業,2900,2979,2877,2882,1,0.03471,95900,OK
2025-03-21,1966,高田工業所,スタンダード（内国株式）,建設業,1562,1571,1562,1569,2,0.127632,8900,OK
2025-03-21,1967,ヤマト,スタンダード（内国株式）,建設業,1527,1541,1507,1510,-12,-0.788436,26100,OK
2025-03-21,1968,太平電業,プライム（内国株式）,建設業,4950,5030,4950,4995,80,1.62767,60100,OK
2025-03-21,1969,高砂熱学工業,プライム（内国株式）,建設業,5845,5896,5717,5721,-124,-2.121471,436100,OK
2025-03-21,196A,ＭＦＳ,グロース（内国株式）,その他金融業,402,406,395,402,-4,-0.985222,72400,OK
2025-03-21,1972,三晃金属工業,スタンダード（内国株式）,建設業,5960,6100,5960,6060,140,2.364865,61500,OK
2025-03-21,1975,朝日工業社,プライム（内国株式）,建設業,2094,2133,2085,2118,24,1.146132,140400,OK
2025-03-21,1976,明星工業,プライム（内国株式）,建設業,1333,1363,1333,1339,6,0.450113,262300,OK
2025-03-21,1979,大氣社,プライム（内国株式）,建設業,4835,4940,4820,4850,0,0,127300,OK
2025-03-21,197A,タウンズ,スタンダード（内国株式）,医薬品,513,516,510,512,-3,-0.582524,458300,OK
2025-03-21,1980,ダイダン,プライム（内国株式）,建設業,3880,4135,3865,3940,95,2.470741,467800,OK
2025-03-21,1981,協和日成,スタンダード（内国株式）,建設業,,,,,,,,NO_QUOTE
2025-03-21,1982,日比谷総合設備,プライム（内国株式）,建設業,3365,3370,3305,3345,-90,-2.620087,78200,OK
2025-03-21,198A,ＰｏｓｔＰｒｉｍｅ,グロース（内国株式）,情報･通信業,612,624,605,612,1,0.163666,19300,OK
2025-03-21,1992,神田通信機,スタンダード（内国株式）,建設業,2789,2800,2789,2800,11,0.394407,600,OK
2025-03-21,1994,高橋カーテンウォール工業,スタンダード（内国株式）,建設業,511,512,508,511,1,0.196078,6400,OK
2025-03-21,1997,暁飯島工業,スタンダード（内国株式）,建設業,2327,2345,2303,2322,-28,-1.191489,1800,OK
2025-03-21,199A,メディエア,TOKYO PRO MARKET（内国株式）,情報･通信業,,,,,,,,NO_QUOTE
2025-03-21,2001,ニップン,プライム（内国株式）,食料品,2213,2225,2210,2216,-4,-0.18018,157500,OK
2025-03-21,2002,日清製粉グループ本社,プライム（内国株式）,食料品,1780,1780,1761.5,1771,0,0,2094400,OK
2025-03-21,2003,日東富士製粉,スタンダード（内国株式）,食料品,6920,6950,6880,6950,0,0,1700,OK
2025-03-21,2004,昭和産業,プライム（内国株式）,食料品,2922,2935,2920,2928,7,0.239644,64400,OK
2025-03-21,2009,鳥越製粉,スタンダード（内国株式）,食料品,805,813,802,802,-4,-0.496278,85800,OK
2025-03-21,202A,豆蔵デジタルホールディングス,グロース（内国株式）,情報･通信業,1436,1442,1418,1423,-15,-1.043115,55200,OK
2025-03-21,203A,シュンビン,TOKYO PRO MARKET（内国株式）,サービス業,,,,,,,,NO_QUOTE
2025-03-21,204A,タイヨーパッケージ,TOKYO PRO MARKET（内国株式）,パルプ・紙,,,,,,,,NO_QUOTE
2025-03-21,2053,中部飼料,プライム（内国株式）,食料品,1399,1418,1397,1407,12,0.860215,52700,OK
2025-03-21,2055,日和産業,スタンダード（内国株式）,食料品,305,338,304,323,18,5.901639,113200,OK
2025-03-21,205A,ロゴスホールディングス,グロース（内国株式）,建設業,1236,1236,1220,1220,-4,-0.326797,7900,OK
2025-03-21,2060,フィード・ワン,プライム（内国株式）,食料品,898,908,898,900,-8,-0.881057,106000,OK
2025-03-21,206A,ＰＲＩＳＭ　ＢｉｏＬａｂ,グロース（内国株式）,医薬品,294,315,286,305,11,3.741497,303500,OK
2025-03-21,207A,ライジングコーポレーション,TOKYO PRO MARKET（内国株式）,建設業,,,,,,,,NO_QUOTE
2025-03-21,208A,構造計画研究所ホールディングス,スタンダード（内国株式）,情報･通信業,2605,2655,2600,2635,34,1.30719,11000,OK
2025-03-21,209A,小野谷機工,TOKYO PRO MARKET（内国株式）,機械,,,,,,,,NO_QUOTE
2025-03-21,2107,東洋精糖,スタンダード（内国株式）,食料品,2071,2073,2071,2073,1,0.048263,20000,OK
2025-03-21,2108,日本甜菜製糖,プライム（内国株式）,食料品,2451,2465,2446,2455,0,0,35400,OK
2025-03-21,2109,ＤＭ三井製糖ホールディングス,プライム（内国株式）,食料品,3590,3610,3580,3580,-10,-0.278552,42600,OK
2025-03-21,2112,塩水港精糖,スタンダード（内国株式）,食料品,353,361,353,357,7,2,220700,OK
2025-03-21,2114,フジ日本,スタンダード（内国株式）,食料品,1053,1056,1052,1056,3,0.2849,4900,OK
2025-03-21,2117,ウェルネオシュガー,プライム（内国株式）,食料品,2418,2428,2396,2396,-22,-0.909843,56600,OK
2025-03-21,211A,カドス・コーポレーション,スタンダード（内国株式）,建設業,3180,3310,3160,3255,90,2.843602,15500,OK
2025-03-21,2120,ＬＩＦＵＬＬ,プライム（内国株式）,サービス業,161,161,159,159,-3,-1.851852,501600,OK
2025-03-21,2121,ＭＩＸＩ,プライム（内国株式）,サービス業,3400,3455,3375,3405,-15,-0.438596,612000,OK
2025-03-21,2122,インタースペース,スタンダード（内国株式）,サービス業,937,938,931,938,7,0.75188,500,OK
2025-03-21,2124,ジェイエイシーリクルートメント,プライム（内国株式）,サービス業,784,788,776,781,-10,-1.264223,212700,OK
2025-03-21,2127,日本Ｍ＆Ａセンターホールディングス,プライム（内国株式）,サービス業,654.2,660.6,649.3,655.2,4.7,0.722521,4254600,OK
2025-03-21,212A,フィットイージー,スタンダード（内国株式）,サービス業,1450,1469,1430,1454,-6,-0.410959,133200,OK
2025-03-21,2130,メンバーズ,プライム（内国株式）,サービス業,1139,1155,1125,1146,-11,-0.950735,41900,OK
2025-03-21,2134,北浜キャピタルパートナーズ,スタンダード（内国株式）,サービス業,20,22,19,21,1,5,14946500,OK
2025-03-21,2136,ヒップ,スタンダード（内国株式）,サービス業,1160,1173,1133,1170,10,0.862069,8900,OK
2025-03-21,2138,クルーズ,スタンダード（内国株式）,情報･通信業,579,579,570,578,3,0.521739,7000,OK
2025-03-21,2139,中広,スタンダード（内国株式）,サービス業,447,447,445,445,0,0,6600,OK
2025-03-21,2146,ＵＴグループ,プライム（内国株式）,サービス業,2260,2281,2247,2254,-25,-1.096972,206100,OK
2025-03-21,2148,アイティメディア,プライム（内国株式）,サービス業,1652,1660,1639,1640,-4,-0.243309,198300,OK
2025-03-21,2150,ケアネット,プライム（内国株式）,サービス業,706,716,697,712,-6,-0.835655,109300,OK
2025-03-21,2152,幼児活動研究会,スタンダード（内国株式）,サービス業,1330,1350,1328,1328,-6,-0.449775,1800,OK
2025-03-21,2153,Ｅ・Ｊホールディングス,プライム（内国株式）,サービス業,1685,1699,1676,1690,7,0.415924,26900,OK
2025-03-21,2154,オープンアップグループ,プライム（内国株式）,サービス業,1868,1869,1846,1854,-14,-0.749465,129900,OK
2025-03-21,2156,セーラー広告,スタンダード（内国株式）,サービス業,374,374,362,366,4,1.104972,42400,OK
2025-03-21,2157,コシダカホールディングス,プライム（内国株式）,サービス業,1057,1077,1057,1072,12,1.132075,305000,OK
2025-03-21,2158,ＦＲＯＮＴＥＯ,グロース（内国株式）,サービス業,597,601,592,592,-7,-1.168614,120800,OK
2025-03-21,215A,タイミー,グロース（内国株式）,サービス業,1501,1592,1492,1557,57,3.8,3051700,OK
2025-03-21,2160,ジーエヌアイグループ,グロース（内国株式）,医薬品,2390,2426,2341,2341,16,0.688172,2126400,OK
2025-03-21,2162,ｎｍｓ　ホールディングス,スタンダード（内国株式）,サービス業,431,451,429,447,20,4.683841,510600,OK
2025-03-21,2163,アルトナー,プライム（内国株式）,サービス業,1891,1907,1880,1901,10,0.528821,35200,OK
2025-03-21,2164,地域新聞社,グロース（内国株式）,サービス業,402,403,399,399,1,0.251256,10600,OK
2025-03-21,2168,パソナグループ,プライム（内国株式）,サービス業,2231,2235,2187,2187,-59,-2.626892,126200,OK
2025-03-21,2169,ＣＤＳ,スタンダード（内国株式）,サービス業,1806,1806,1791,1803,0,0,10900,OK
2025-03-21,216A,ライフクリエイト,TOKYO PRO MARKET（内国株式）,小売業,,,,,,,,NO_QUOTE
2025-03-21,2170,リンクアンドモチベーション,プライム（内国株式）,サービス業,536,536,518,522,-11,-2.06379,309300,OK
2025-03-21,2173,博展,グロース（内国株式）,サービス業,542,542,534,538,6,1.12782,43500,OK
2025-03-21,2175,エス・エム・エス,プライム（内国株式）,サービス業,1209,1220.5,1198.5,1207,-6,-0.494641,270300,OK
2025-03-21,2179,成学社,スタンダード（内国株式）,サービス業,829,830,825,830,1,0.120627,1800,OK
2025-03-21,217A,サポート,TOKYO PRO MARKET（内国株式）,サービス業,,,,,,,,NO_QUOTE
2025-03-21,2180,サニーサイドアップグループ,スタンダード（内国株式）,サービス業,534,540,532,532,-2,-0.374532,42300,OK
2025-03-21,2181,パーソルホールディングス,プライム（内国株式）,サービス業,254,257.2,251.5,255.6,1.6,0.629921,9153000,OK
2025-03-21,2183,リニカル,スタンダード（内国株式）,サービス業,338,341,333,338,0,0,38500,OK
2025-03-21,2185,シイエム・シイ,スタンダード（内国株式）,サービス業,1588,1592,1582,1587,2,0.126183,5200,OK
2025-03-21,2186,ソーバル,スタンダード（内国株式）,サービス業,916,918,914,918,3,0.327869,4500,OK
2025-03-21,218A,Ｌｉｂｅｒａｗａｒｅ,グロース（内国株式）,精密機器,1191,1239,1055,1067,-65,-5.742049,2586300,OK
2025-03-21,2193,クックパッド,スタンダード（内国株式）,サービス業,131,133,131,133,1,0.757576,340000,OK
2025-03-21,2195,アミタホールディングス,グロース（内国株式）,サービス業,341,341,335,335,-1,-0.297619,2500,OK
2025-03-21,2196,エスクリ,スタンダード（内国株式）,サービス業,202,202,199,202,3,1.507538,50200,OK
2025-03-21,2198,アイ・ケイ・ケイホールディングス,プライム（内国株式）,サービス業,822,834,820,830,10,1.219512,96300,OK
2025-03-21,219A,Ｈｅａｒｔｓｅｅｄ,グロース（内国株式）,医薬品,2156,2398,2156,2344,190,8.820799,1941500,OK
2025-03-21,2201,森永製菓,プライム（内国株式）,食料品,2559,2569.5,2548,2567,13,0.509005,315400,OK
2025-03-21,2204,中村屋,スタンダード（内国株式）,食料品,3295,3305,3270,3295,-5,-0.151515,32500,OK
2025-03-21,2206,江崎グリコ,プライム（内国株式）,食料品,4870,4880,4819,4830,-40,-0.821355,147800,OK
2025-03-21,2207,名糖産業,プライム（内国株式）,食料品,2050,2060,2050,2052,-6,-0.291545,57100,OK
2025-03-21,2208,ブルボン,スタンダード（内国株式）,食料品,2541,2559,2516,2554,47,1.874751,14400,OK
2025-03-21,2209,井村屋グループ,プライム（内国株式）,食料品,2479,2483,2470,2483,4,0.161355,7800,OK
2025-03-21,220A,Ｆａｂｅｒ　Ｃｏｍｐａｎｙ,スタンダード（内国株式）,情報･通信業,1212,1301,1189,1219,7,0.577558,35100,OK
2025-03-21,2211,不二家,プライム（内国株式）,食料品,2414,2418,2397,2412,1,0.041477,36300,OK
2025-03-21,2212,山崎製パン,プライム（内国株式）,食料品,3005,3029,2982.5,2983,-24,-0.798138,484200,OK
2025-03-21,2215,第一屋製パン,スタンダード（内国株式）,食料品,580,588,580,583,3,0.517241,29000,OK
2025-03-21,2216,カンロ,スタンダード（内国株式）,食料品,3245,3260,3230,3230,-15,-0.46225,12900,OK
2025-03-21,2217,モロゾフ,プライム（内国株式）,食料品,1715,1715,1696,1704,-18,-1.045296,26100,OK
2025-03-21,2220,亀田製菓,プライム（内国株式）,食料品,4085,4090,4010,4010,-65,-1.595092,31100,OK
2025-03-21,2221,岩塚製菓,スタンダード（内国株式）,食料品,2788,2847,2788,2847,52,1.860465,15700,OK
2025-03-21,2222,寿スピリッツ,プライム（内国株式）,食料品,2488,2567,2485,2536.5,42,1.683704,832500,OK
2025-03-21,2224,コモ,スタンダード（内国株式）,食料品,3335,3360,3335,3355,10,0.298954,6700,OK
2025-03-21,2226,湖池屋,スタンダード（内国株式）,食料品,4610,4610,4565,4570,-30,-0.652174,3300,OK
2025-03-21,2229,カルビー,プライム（内国株式）,食料品,2940,2950,2919.5,2928,-14,-0.475867,385900,OK
2025-03-21,222A,ＮＩＣＳ,TOKYO PRO MARKET（内国株式）,情報･通信業,,,,,,,,NO_QUOTE
2025-03-21,2264,森永乳業,プライム（内国株式）,食料品,3186,3219,3174,3207,19,0.595985,425700,OK
2025-03-21,2266,六甲バター,プライム（内国株式）,食料品,1261,1262,1251,1261,-6,-0.47356,15300,OK
2025-03-21,2267,ヤクルト本社,プライム（内国株式）,食料品,3064,3095,3021,3091,10,0.32457,1494300,OK
2025-03-21,2268,Ｂ−Ｒ　サーティワン　アイスクリーム,スタンダード（内国株式）,食料品,3960,3975,3960,3970,10,0.252525,14100,OK
2025-03-21,2269,明治ホールディングス,プライム（内国株式）,食料品,3389,3403,3357,3365,-18,-0.532072,1876400,OK
2025-03-21,226A,勝美ジャパン,TOKYO PRO MARKET（内国株式）,食料品,,,,,,,,NO_QUOTE
2025-03-21,2270,雪印メグミルク,プライム（内国株式）,食料品,2699,2715,2676,2705,-5,-0.184502,113300,OK
2025-03-21,227A,ＩＮＳＩＧＨＴ　ＬＡＢ,TOKYO PRO MARKET（内国株式）,情報･通信業,,,,,,,,NO_QUOTE
2025-03-21,2281,プリマハム,プライム（内国株式）,食料品,2258,2274,2257,2258,-5,-0.220946,60500,OK
2025-03-21,2282,日本ハム,プライム（内国株式）,食料品,4951,5017,4951,5017,34,0.68232,906300,OK
2025-03-21,2286,林兼産業,スタンダード（内国株式）,食料品,507,512,507,508,-2,-0.392157,7200,OK
2025-03-21,2288,丸大食品,プライム（内国株式）,食料品,1727,1739,1722,1739,18,1.045904,33900,OK
2025-03-21,228A,オプロ,グロース（内国株式）,情報･通信業,1208,1237,1204,1237,26,2.146986,1600,OK
2025-03-21,2291,福留ハム,スタンダード（内国株式）,食料品,1248,1248,1214,1214,-38,-3.035144,19600,OK
2025-03-21,2292,Ｓ　Ｆｏｏｄｓ,プライム（内国株式）,食料品,2571,2583,2536,2536,-50,-1.933488,121500,OK
2025-03-21,2293,滝沢ハム,スタンダード（内国株式）,食料品,2972,2979,2970,2979,9,0.30303,2000,OK
2025-03-21,2294,柿安本店,プライム（内国株式）,食料品,3035,3075,3035,3060,15,0.492611,35900,OK
2025-03-21,2296,伊藤ハム米久ホールディングス,プライム（内国株式）,食料品,3870,3895,3870,3885,5,0.128866,127600,OK
2025-03-21,229A,アスミホールディングス,TOKYO PRO MARKET（内国株式）,建設業,,,,,,,,NO_QUOTE
2025-03-21,2300,きょくとう,スタンダード（内国株式）,サービス業,496,498,496,497,1,0.201613,3900,OK
2025-03-21,2301,学情,プライム（内国株式）,サービス業,1769,1791,1744,1760,-24,-1.345291,116200,OK
2025-03-21,2303,ドーン,スタンダード（内国株式）,情報･通信業,2240,2268,2240,2248,16,0.716846,4300,OK
2025-03-21,2304,ＣＳＳホールディングス,スタンダード（内国株式）,サービス業,946,959,935,959,16,1.696713,7200,OK
2025-03-21,2305,スタジオアリス,スタンダード（内国株式）,サービス業,2056,2073,2055,2065,4,0.194081,15300,OK
2025-03-21,2307,クロスキャット,プライム（内国株式）,情報･通信業,1110,1124,1100,1117,3,0.2693,27900,OK
2025-03-21,2311,エプコ,スタンダード（内国株式）,サービス業,709,709,703,703,-5,-0.706215,20400,OK
2025-03-21,2315,ＣＡＩＣＡ　ＤＩＧＩＴＡＬ,スタンダード（内国株式）,情報･通信業,71,73,67,67,-5,-6.944444,5619800,OK
2025-03-21,2317,システナ,プライム（内国株式）,情報･通信業,363,366,362,364,-1,-0.273973,944200,OK
2025-03-21,2321,ソフトフロントホールディングス,グロース（内国株式）,情報･通信業,129,130,124,128,1,0.787402,236500,OK
2025-03-21,2323,ｆｏｎｆｕｎ,スタンダード（内国株式）,情報･通信業,439,440,432,432,-6,-1.369863,6600,OK
2025-03-21,2325,ＮＪＳ,プライム（内国株式）,サービス業,4615,4640,4480,4535,-50,-1.090513,34100,OK
2025-03-21,2326,デジタルアーツ,プライム（内国株式）,情報･通信業,6600,6730,6440,6440,-140,-2.12766,124200,OK
2025-03-21,2327,日鉄ソリューションズ,プライム（内国株式）,情報･通信業,4097,4131,4066,4080,-25,-0.609013,302500,OK
2025-03-21,2329,東北新社,スタンダード（内国株式）,情報･通信業,635,650,583,606,-37,-5.754277,1575100,OK
2025-03-21,2330,フォーサイド,スタンダード（内国株式）,情報･通信業,163,164,157,157,-6,-3.680982,582900,OK
2025-03-21,2331,綜合警備保障,プライム（内国株式）,サービス業,1150,1178,1148.5,1178,32,2.792321,2426400,OK
2025-03-21,2332,クエスト,スタンダード（内国株式）,情報･通信業,1367,1376,1366,1376,10,0.732064,2200,OK
2025-03-21,2334,イオレ,グロース（内国株式）,サービス業,561,561,551,560,9,1.633394,4700,OK
2025-03-21,2335,キューブシステム,プライム（内国株式）,情報･通信業,1033,1038,1029,1032,-1,-0.096805,8500,OK
2025-03-21,2337,いちご,プライム（内国株式）,不動産業,383,394,383,392,8,2.083333,1100200,OK
2025-03-21,2338,クオンタムソリューションズ,スタンダード（内国株式）,情報･通信業,448,471,448,468,14,3.0837,133200,OK
2025-03-21,2340,極楽湯ホールディングス,スタンダード（内国株式）,サービス業,495,497,491,496,3,0.608519,67800,OK
2025-03-21,2341,アルバイトタイムス,スタンダード（内国株式）,サービス業,150,150,147,147,-3,-2,22900,OK
2025-03-21,2342,トランスジェニックグループ,グロース（内国株式）,サービス業,182,182,179,181,0,0,13600,OK
2025-03-21,2344,平安レイサービス,スタンダード（内国株式）,サービス業,844,848,843,846,2,0.236967,3000,OK
2025-03-21,2345,クシム,スタンダード（内国株式）,情報･通信業,240,269,234,260,17,6.995885,5158500,OK
2025-03-21,2349,エヌアイデイ,スタンダード（内国株式）,情報･通信業,2352,2391,2352,2385,33,1.403061,1100,OK
2025-03-21,2351,ＡＳＪ,グロース（内国株式）,情報･通信業,348,358,348,353,-2,-0.56338,18500,OK
2025-03-21,2353,日本駐車場開発,プライム（内国株式）,不動産業,241,243,238,240,-1,-0.414938,1080400,OK
2025-03-21,2354,ＹＥ　ＤＩＧＩＴＡＬ,スタンダード（内国株式）,情報･通信業,643,648,635,638,-9,-1.391036,82000,OK
2025-03-21,2359,コア,プライム（内国株式）,情報･通信業,1890,1898,1873,1875,-17,-0.89852,52300,OK
2025-03-21,2370,メディネット,グロース（内国株式）,サービス業,37,37,36,36,-1,-2.702703,271300,OK
2025-03-21,2371,カカクコム,プライム（内国株式）,サービス業,2350,2356,2165.5,2166.5,-107,-4.7064,3190000,OK
2025-03-21,2372,アイロムグループ,プライム（内国株式）,サービス業,2785,2786,2785,2785,0,0,7300,OK
2025-03-21,2373,ケア２１,スタンダード（内国株式）,サービス業,411,415,406,411,3,0.735294,6000,OK
2025-03-21,2374,セントケア・ホールディング,プライム（内国株式）,サービス業,739,742,737,738,-1,-0.135318,169300,OK
2025-03-21,2375,ギグワークス,スタンダード（内国株式）,サービス業,254,256,251,256,5,1.992032,94100,OK
2025-03-21,2376,サイネックス,スタンダード（内国株式）,サービス業,804,811,804,806,2,0.248756,2700,OK
2025-03-21,2378,ルネサンス,プライム（内国株式）,サービス業,1104,1110,1093,1110,6,0.543478,83000,OK
2025-03-21,2379,ディップ,プライム（内国株式）,サービス業,2267,2274,2250,2265,-5,-0.220264,281000,OK
2025-03-21,2384,ＳＢＳホールディングス,プライム（内国株式）,陸運業,2929,2958,2900,2900,-30,-1.023891,98500,OK
2025-03-21,2385,総医研ホールディングス,グロース（内国株式）,サービス業,143,146,143,146,3,2.097902,43300,OK
2025-03-21,2388,ウェッジホールディングス,グロース（内国株式）,その他金融業,71,72,70,70,-2,-2.777778,94500,OK
2025-03-21,2389,デジタルホールディングス,プライム（内国株式）,サービス業,1486,1503,1486,1488,-23,-1.522171,57900,OK
2025-03-21,2391,プラネット,スタンダード（内国株式）,サービス業,1240,1250,1234,1250,11,0.887813,5200,OK
2025-03-21,2393,日本ケアサプライ,スタンダード（内国株式）,サービス業,2046,2050,2032,2042,2,0.098039,3400,OK
2025-03-21,2395,新日本科学,プライム（内国株式）,サービス業,1541,1552,1525,1539,-12,-0.773694,129300,OK
2025-03-21,2397,ＤＮＡチップ研究所,スタンダード（内国株式）,サービス業,1097,1098,1097,1097,1,0.091241,67500,OK
2025-03-21,239A,バレッグス,TOKYO PRO MARKET（内国株式）,不動産業,,,,,,,,NO_QUOTE
2025-03-21,2404,鉄人化ホールディングス,スタンダード（内国株式）,サービス業,444,450,444,450,7,1.580135,7300,OK
2025-03-21,2408,ＫＧ情報,スタンダード（内国株式）,サービス業,612,619,612,619,4,0.650407,5000,OK
2025-03-21,2410,キャリアデザインセンター,プライム（内国株式）,サービス業,1785,1785,1760,1772,3,0.169587,14900,OK
2025-03-21,2411,ゲンダイエージェンシー,スタンダード（内国株式）,情報･通信業,382,384,381,383,1,0.26178,7800,OK
2025-03-21,2413,エムスリー,プライム（内国株式）,サービス業,1753.5,1785,1723.5,1723.5,-62.5,-3.49944,4589200,OK
2025-03-21,2415,ヒューマンホールディングス,スタンダード（内国株式）,サービス業,1663,1683,1661,1683,22,1.324503,12900,OK
2025-03-21,2418,ツカダ・グローバルホールディング,スタンダード（内国株式）,サービス業,601,608,596,597,3,0.505051,156300,OK
2025-03-21,241A,ＲＯＸＸ,グロース（内国株式）,情報･通信業,1188,1200,1184,1188,-12,-1,22500,OK
2025-03-21,2424,ブラス,スタンダード（内国株式）,サービス業,585,595,585,595,10,1.709402,2300,OK
2025-03-21,2425,ケアサービス,スタンダード（内国株式）,サービス業,866,876,865,874,9,1.040462,5200,OK
2025-03-21,2428,ウェルネット,スタンダード（内国株式）,サービス業,758,761,752,759,0,0,62500,OK
2025-03-21,2429,ワールドホールディングス,プライム（内国株式）,サービス業,2105,2105,2086,2090,-16,-0.759734,18500,OK
2025-03-21,2432,ディー・エヌ・エー,プライム（内国株式）,サービス業,3369,3584,3366,3497,137,4.077381,12956300,OK
2025-03-21,2433,博報堂ＤＹホールディングス,プライム（内国株式）,サービス業,1122.5,1134,1120.5,1127,-2,-0.177148,780900,OK
2025-03-21,2435,シダー,スタンダード（内国株式）,サービス業,251,252,247,248,0,0,39800,OK
2025-03-21,2436,共同ピーアール,スタンダード（内国株式）,サービス業,823,827,804,810,-6,-0.735294,21300,OK
2025-03-21,2437,Ｓｈｉｎｗａ　Ｗｉｓｅ　Ｈｏｌｄｉｎｇｓ,スタンダード（内国株式）,サービス業,415,430,409,426,17,4.156479,156700,OK
2025-03-21,2438,アスカネット,グロース（内国株式）,サービス業,465,465,460,460,-7,-1.498929,20800,OK
2025-03-21,243A,トップス,TOKYO PRO MARKET（内国株式）,食料品,,,,,,,,NO_QUOTE
2025-03-21,2440,ぐるなび,プライム（内国株式）,サービス業,318,323,315,315,-1,-0.316456,2150200,OK
2025-03-21,2445,タカミヤ,プライム（内国株式）,サービス業,402,404,400,403,1,0.248756,108500,OK
2025-03-21,2449,プラップジャパン,スタンダード（内国株式）,サービス業,918,921,917,917,2,0.218579,2600,OK
2025-03-21,244A,グロースエクスパートナーズ,グロース（内国株式）,情報･通信業,1685,1699,1661,1661,0,0,35200,OK
2025-03-21,2452,コンピュータマインド,TOKYO PRO MARKET（内国株式）,情報･通信業,,,,,,,,NO_QUOTE
2025-03-21,2454,オールアバウト,スタンダード（内国株式）,サービス業,363,363,360,361,0,0,10900,OK
2025-03-21,2459,アウンコンサルティング,スタンダード（内国株式）,サービス業,371,550,366,404,84,26.25,9667500,OK
2025-03-21,245A,ＩＮＧＳ,グロース（内国株式）,小売業,2122,2150,2112,2148,26,1.225259,3200,OK
2025-03-21,2461,ファンコミュニケーションズ,プライム（内国株式）,サービス業,406,406,402,402,-4,-0.985222,28900,OK
2025-03-21,2462,ライク,プライム（内国株式）,サービス業,1480,1489,1472,1482,3,0.20284,57800,OK
2025-03-21,2464,Ａｏｂａ‐ＢＢＴ,スタンダード（内国株式）,サービス業,328,332,327,332,5,1.529052,13200,OK
2025-03-21,2469,ヒビノ,スタンダード（内国株式）,サービス業,2656,2656,2632,2650,-1,-0.037722,22300,OK
2025-03-21,246A,アスア,グロース（内国株式）,サービス業,786,812,786,810,24,3.053435,26800,OK
2025-03-21,2471,エスプール,プライム（内国株式）,サービス業,319,319,308,309,-6,-1.904762,486200,OK
2025-03-21,2475,ＷＤＢホールディングス,プライム（内国株式）,サービス業,1832,1865,1784,1784,-65,-3.515414,21900,OK
2025-03-21,2477,手間いらず,スタンダード（内国株式）,情報･通信業,3080,3095,2915,2915,-190,-6.119163,13300,OK
2025-03-21,2479,ジェイテック,グロース（内国株式）,サービス業,257,260,256,259,3,1.171875,105500,OK
2025-03-21,247A,Ａｉロボティクス,グロース（内国株式）,化学,4050,4240,3990,4210,185,4.596273,327300,OK
2025-03-21,2480,システム・ロケーション,スタンダード（内国株式）,情報･通信業,1500,1522,1483,1506,12,0.803213,33900,OK
2025-03-21,2481,タウンニュース社,スタンダード（内国株式）,サービス業,710,710,702,704,-14,-1.949861,3300,OK
2025-03-21,2483,翻訳センター,スタンダード（内国株式）,サービス業,1856,1860,1841,1847,-3,-0.162162,4200,OK
2025-03-21,2484,出前館,スタンダード（内国株式）,情報･通信業,222,222,217,218,-2,-0.909091,473800,OK
2025-03-21,2485,ティア,スタンダード（内国株式）,サービス業,466,467,465,467,1,0.214592,21400,OK
2025-03-21,2488,ＪＴＰ,スタンダード（内国株式）,サービス業,1280,1290,1267,1267,-18,-1.400778,39600,OK
2025-03-21,2489,アドウェイズ,プライム（内国株式）,サービス業,280,281,279,280,2,0.719424,14900,OK
2025-03-21,248A,キッズスター,グロース（内国株式）,情報･通信業,1440,1469,1440,1460,20,1.388889,2200,OK
2025-03-21,2491,バリューコマース,プライム（内国株式）,サービス業,895,895,869,873,-29,-3.215078,383700,OK
2025-03-21,2492,インフォマート,プライム（内国株式）,サービス業,371,371,359,363,-13,-3.457447,1397700,OK
2025-03-21,2493,イーサポートリンク,スタンダード（内国株式）,サービス業,1003,1004,1001,1003,0,0,10700,OK
2025-03-21,2497,ユナイテッド,グロース（内国株式）,サービス業,800,802,799,800,0,0,140300,OK
2025-03-21,2498,オリエンタルコンサルタンツホールディングス,スタンダード（内国株式）,サービス業,5170,5180,5040,5140,20,0.390625,7100,OK
2025-03-21,2499,日本和装ホールディングス,スタンダード（内国株式）,サービス業,311,311,310,311,1,0.322581,3000,OK
2025-03-21,249A,ヒューマンアジャスト,TOKYO PRO MARKET（内国株式）,サービス業,,,,,,,,NO_QUOTE
2025-03-21,2501,サッポロホールディングス,プライム（内国株式）,食料品,7953,8015,7901,7924,-69,-0.863255,221600,OK
2025-03-21,2502,アサヒグループホールディングス,プライム（内国株式）,食料品,1945,1967,1940.5,1953.5,5,0.256608,6086900,OK
2025-03-21,2503,キリンホールディングス,プライム（内国株式）,食料品,2060,2090,2060,2080.5,5.5,0.26506,3417000,OK
2025-03-21,250A,シマダヤ,スタンダード（内国株式）,食料品,1738,1747,1718,1745,33,1.92757,92300,OK
2025-03-21,251A,ニューロマジック,TOKYO PRO MARKET（内国株式）,サービス業,,,,,,,,NO_QUOTE
2025-03-21,252A,ウェッジ,TOKYO PRO MARKET（内国株式）,小売業,,,,,,,,NO_QUOTE
2025-03-21,2531,宝ホールディングス,プライム（内国株式）,食料品,1165.5,1174,1161,1165.5,-0.5,-0.042882,692000,OK
2025-03-21,2533,オエノンホールディングス,プライム（内国株式）,食料品,435,448,435,446,8,1.826484,95700,OK
2025-03-21,253A,ＥＴＳグループ,スタンダード（内国株式）,建設業,662,662,654,655,-2,-0.304414,10100,OK
2025-03-21,2540,養命酒製造,プライム（内国株式）,食料品,2614,2632,2589,2617,-5,-0.190694,5300,OK
2025-03-21,254A,ＡＩフュージョンキャピタルグループ,スタンダード（内国株式）,証券･商品先物取引業,1280,1360,1260,1297,24,1.88531,289300,OK
2025-03-21,255A,ジーエルテクノホールディングス,スタンダード（内国株式）,精密機器,3100,3160,3080,3120,25,0.807754,37300,OK
2025-03-21,256A,飛島ホールディングス,プライム（内国株式）,建設業,1752,1760,1745,1746,-4,-0.228571,139100,OK
2025-03-21,2573,北海道コカ・コーラボトリング,スタンダード（内国株式）,食料品,2915,2916,2906,2912,3,0.103128,7100,OK
2025-03-21,2579,コカ・コーラ　ボトラーズジャパンホールディングス,プライム（内国株式）,食料品,2455.5,2477.5,2454,2460,4.5,0.183262,572700,OK
2025-03-21,2585,ライフドリンク　カンパニー,プライム（内国株式）,食料品,1588,1648,1582,1612,48,3.069054,513800,OK
2025-03-21,2586,フルッタフルッタ,グロース（内国株式）,食料品,162,162,156,158,-4,-2.469136,3458600,OK
2025-03-21,2587,サントリー食品インターナショナル,プライム（内国株式）,食料品,4998,5035,4962,4996,62,1.256587,810200,OK
2025-03-21,2588,プレミアムウォーターホールディングス,スタンダード（内国株式）,食料品,3025,3030,3000,3015,10,0.332779,10700,OK
2025-03-21,2590,ダイドーグループホールディングス,プライム（内国株式）,食料品,2800,2846,2787,2828,15,0.533239,84400,OK
2025-03-21,2593,伊藤園,プライム（内国株式）,食料品,3121,3137,3103,3137,15,0.480461,370300,OK
2025-03-21,25935,伊藤園（優先株式）,プライム（内国株式）,食料品,1876,1877,1873,1873,-3,-0.159915,17400,OK
2025-03-21,2594,キーコーヒー,プライム（内国株式）,食料品,2041,2053,2038,2047,14,0.688637,117900,OK
2025-03-21,2597,ユニカフェ,スタンダード（内国株式）,食料品,900,901,900,901,0,0,4900,OK
2025-03-21,2602,日清オイリオグループ,プライム（内国株式）,食料品,4980,5020,4970,4990,-10,-0.2,78300,OK
2025-03-21,2607,不二製油グループ本社,プライム（内国株式）,食料品,2969,2999.5,2918.5,2924.5,-56.5,-1.895337,481600,OK
2025-03-21,260A,オルツ,グロース（内国株式）,情報･通信業,542,544,534,535,-4,-0.742115,496300,OK
2025-03-21,2612,かどや製油,スタンダード（内国株式）,食料品,3800,3820,3795,3815,20,0.527009,5000,OK
2025-03-21,2613,Ｊ−オイルミルズ,プライム（内国株式）,食料品,2113,2120,2102,2115,2,0.094652,114000,OK
2025-03-21,261A,日水コン,スタンダード（内国株式）,サービス業,2296,2339,2271,2293,5,0.218531,106300,OK
2025-03-21,262A,インターメスティック,プライム（内国株式）,小売業,1709,1720,1675,1700,13,0.770599,263500,OK
2025-03-21,263A,デジタルキューブ,TOKYO PRO MARKET（内国株式）,情報･通信業,,,,,,,,NO_QUOTE
2025-03-21,264A,Ｓｃｈｏｏ,グロース（内国株式）,サービス業,1576,1617,1556,1577,19,1.219512,378600,OK
2025-03-21,2652,まんだらけ,スタンダード（内国株式）,小売業,356,359,355,355,3,0.852273,112300,OK
2025-03-21,2653,イオン九州,スタンダード（内国株式）,小売業,2461,2461,2443,2445,-15,-0.609756,38300,OK
2025-03-21,2654,アスモ,スタンダード（内国株式）,小売業,345,346,344,346,1,0.289855,13500,OK
2025-03-21,2656,ベクターホールディングス,スタンダード（内国株式）,小売業,89,89,87,87,-3,-3.333333,74200,OK
2025-03-21,2659,サンエー,プライム（内国株式）,小売業,3150,3190,3145,3170,55,1.76565,164800,OK
2025-03-21,265A,Ｈｍｃｏｍｍ,グロース（内国株式）,情報･通信業,928,970,910,911,-16,-1.725998,110900,OK
2025-03-21,2664,カワチ薬品,プライム（内国株式）,小売業,2858,2876,2848,2850,-13,-0.454069,111200,OK
2025-03-21,2666,オートウェーブ,スタンダード（内国株式）,小売業,136,150,135,139,3,2.205882,661900,OK
2025-03-21,2667,イメージ　ワン,スタンダード（内国株式）,卸売業,269,279,264,276,6,2.222222,172600,OK
2025-03-21,2668,タビオ,スタンダード（内国株式）,卸売業,1210,1210,1204,1209,3,0.248756,2400,OK
2025-03-21,2669,カネ美食品,スタンダード（内国株式）,小売業,3250,3250,3235,3240,-10,-0.307692,2900,OK
2025-03-21,266A,グローカルマーケティング,TOKYO PRO MARKET（内国株式）,サービス業,,,,,,,,NO_QUOTE
2025-03-21,2670,エービーシー・マート,プライム（内国株式）,小売業,2812.5,2860.5,2805,2816.5,32.5,1.167385,906900,OK
2025-03-21,2673,夢みつけ隊,スタンダード（内国株式）,小売業,105,106,103,103,-3,-2.830189,52200,OK
2025-03-21,2674,ハードオフコーポレーション,プライム（内国株式）,小売業,1933,1935,1920,1928,10,0.521376,16100,OK
2025-03-21,2676,高千穂交易,プライム（内国株式）,卸売業,4270,4340,4270,4295,15,0.350467,26100,OK
2025-03-21,2678,アスクル,プライム（内国株式）,小売業,1605,1613,1586,1586,-20,-1.24533,1561200,OK
2025-03-21,267A,トワライズ,TOKYO PRO MARKET（内国株式）,その他金融業,,,,,,,,NO_QUOTE
2025-03-21,2681,ゲオホールディングス,プライム（内国株式）,小売業,1834,1863,1830,1831,-3,-0.163577,174600,OK
2025-03-21,2683,魚喜,スタンダード（内国株式）,小売業,1024,1027,1022,1022,-1,-0.097752,900,OK
2025-03-21,2685,アダストリア,プライム（内国株式）,小売業,2930,2957,2917,2945,12,0.409137,216600,OK
2025-03-21,2686,ジーフット,スタンダード（内国株式）,小売業,276,276,275,275,-1,-0.362319,17700,OK
2025-03-21,2687,シー・ヴイ・エス・ベイエリア,スタンダード（内国株式）,小売業,547,556,547,555,8,1.462523,6200,OK
2025-03-21,2689,オルバヘルスケアホールディングス,スタンダード（内国株式）,卸売業,2125,2125,2108,2108,4,0.190114,4800,OK
2025-03-21,268A,リガク・ホールディングス,プライム（内国株式）,精密機器,1083,1083,1028,1039,-48,-4.415823,1265500,OK
2025-03-21,2692,伊藤忠食品,プライム（内国株式）,卸売業,7880,7890,7770,7810,-110,-1.388889,13400,OK
2025-03-21,2693,ＹＫＴ,スタンダード（内国株式）,卸売業,238,241,237,239,2,0.843882,15000,OK
2025-03-21,2694,焼肉坂井ホールディングス,スタンダード（内国株式）,小売業,75,75,74,75,0,0,361100,OK
2025-03-21,2695,くら寿司,プライム（内国株式）,小売業,3150,3175,3140,3140,5,0.15949,191200,OK
2025-03-21,2698,キャンドゥ,スタンダード（内国株式）,小売業,3520,3555,3495,3555,35,0.994318,10100,OK
2025-03-21,269A,Ｓａｐｅｅｔ,グロース（内国株式）,情報･通信業,2891,2921,2861,2892,42,1.473684,11900,OK
2025-03-21,2700,木徳神糧,スタンダード（内国株式）,卸売業,6900,7090,6900,6910,30,0.436047,7400,OK
2025-03-21,2702,日本マクドナルドホールディングス,スタンダード（内国株式）,小売業,5790,5820,5760,5760,-60,-1.030928,402400,OK
2025-03-21,2705,大戸屋ホールディングス,スタンダード（内国株式）,小売業,5340,5400,5340,5370,-30,-0.555556,19200,OK
2025-03-21,2708,久世,スタンダード（内国株式）,卸売業,1999,2002,1980,1990,10,0.505051,12300,OK
2025-03-21,271A,アクセリア,TOKYO PRO MARKET（内国株式）,情報･通信業,,,,,,,,NO_QUOTE
2025-03-21,2721,ジェイホールディングス,スタンダード（内国株式）,卸売業,215,215,203,211,-2,-0.938967,19400,OK
2025-03-21,2722,ＩＫホールディングス,スタンダード（内国株式）,小売業,383,390,382,389,7,1.832461,17100,OK
2025-03-21,2726,パルグループホールディングス,プライム（内国株式）,小売業,3185,3210,3170,3185,0,0,161300,OK
2025-03-21,2730,エディオン,プライム（内国株式）,小売業,1854,1898,1854,1891,25,1.339764,1005400,OK
2025-03-21,2733,あらた,プライム（内国株式）,卸売業,3230,3270,3230,3250,-10,-0.306748,51400,OK
2025-03-21,2734,サーラコーポレーション,プライム（内国株式）,小売業,878,896,874,892,7,0.79096,56300,OK
2025-03-21,2735,ワッツ,スタンダード（内国株式）,小売業,686,690,681,685,-3,-0.436047,15700,OK
2025-03-21,2736,フェスタリアホールディングス,スタンダード（内国株式）,小売業,556,561,556,561,10,1.814882,5600,OK
2025-03-21,2737,トーメンデバイス,プライム（内国株式）,卸売業,6240,6300,6200,6210,-30,-0.480769,28100,OK
2025-03-21,2742,ハローズ,プライム（内国株式）,小売業,4255,4255,4230,4230,-25,-0.587544,13100,OK
2025-03-21,2743,ピクセルカンパニーズ,スタンダード（内国株式）,卸売業,86,87,85,85,-2,-2.298851,572500,OK
2025-03-21,2747,北雄ラッキー,スタンダード（内国株式）,小売業,3000,3005,2999,2999,-1,-0.033333,1700,OK
2025-03-21,2749,ＪＰホールディングス,プライム（内国株式）,サービス業,698,705,694,697,1,0.143678,559400,OK
2025-03-21,274A,ガーデン,スタンダード（内国株式）,小売業,2840,2898,2816,2898,8,0.276817,17900,OK
2025-03-21,2750,石光商事,スタンダード（内国株式）,卸売業,911,913,909,911,1,0.10989,4300,OK
2025-03-21,2751,テンポスホールディングス,スタンダード（内国株式）,卸売業,3640,3660,3635,3650,10,0.274725,8800,OK
2025-03-21,2752,フジオフードグループ本社,プライム（内国株式）,小売業,1176,1193,1176,1188,12,1.020408,231800,OK
2025-03-21,2753,あみやき亭,プライム（内国株式）,小売業,1656,1661,1645,1655,-2,-0.1207,80500,OK
2025-03-21,275A,ハンワホームズ,TOKYO PRO MARKET（内国株式）,建設業,,,,,,,,NO_QUOTE
2025-03-21,2760,東京エレクトロン　デバイス,プライム（内国株式）,卸売業,3150,3175,3140,3140,-30,-0.946372,96100,OK
2025-03-21,2762,ＳＡＮＫＯ　ＭＡＲＫＥＴＩＮＧ　ＦＯＯＤＳ,スタンダード（内国株式）,小売業,100,100,99,99,0,0,70800,OK
2025-03-21,2763,エフティグループ,スタンダード（内国株式）,卸売業,1168,1173,1156,1165,-3,-0.256849,73400,OK
2025-03-21,2764,ひらまつ,スタンダード（内国株式）,小売業,167,167,165,165,1,0.609756,82400,OK
2025-03-21,2767,円谷フィールズホールディングス,プライム（内国株式）,卸売業,1744,1749,1709,1728,-2,-0.115607,494300,OK
2025-03-21,2768,双日,プライム（内国株式）,卸売業,3490,3533,3467,3491,-6,-0.171576,1829600,OK
2025-03-21,2769,ヴィレッジヴァンガードコーポレーション,スタンダード（内国株式）,小売業,1027,1029,1026,1027,0,0,4300,OK
2025-03-21,276A,ククレブ・アドバイザーズ,グロース（内国株式）,不動産業,3275,3420,3235,3290,50,1.54321,94700,OK
2025-03-21,2776,新都ホールディングス,スタンダード（内国株式）,卸売業,133,142,133,139,6,4.511278,896100,OK
2025-03-21,2778,パレモ・ホールディングス,スタンダード（内国株式）,小売業,141,164,139,142,1,0.70922,673600,OK
2025-03-21,277A,グロービング,グロース（内国株式）,サービス業,2099,2119,2018,2092,27,1.307506,386600,OK
2025-03-21,2780,コメ兵ホールディングス,スタンダード（内国株式）,小売業,3005,3020,2967,2973,-42,-1.393035,85200,OK
2025-03-21,2782,セリア,スタンダード（内国株式）,小売業,2553,2598,2552,2561,-19,-0.736434,202400,OK
2025-03-21,2784,アルフレッサ　ホールディングス,プライム（内国株式）,卸売業,2144.5,2169.5,2133,2139.5,2,0.093567,1743500,OK
2025-03-21,2788,アップルインターナショナル,スタンダード（内国株式）,卸売業,407,409,407,407,0,0,10700,OK
2025-03-21,2789,カルラ,スタンダード（内国株式）,小売業,454,454,448,450,-2,-0.442478,6000,OK
2025-03-21,278A,Ｔｅｒｒａ　Ｄｒｏｎｅ,グロース（内国株式）,精密機器,10500,10740,9840,9930,-370,-3.592233,667800,OK
2025-03-21,2790,ナフコ,スタンダード（内国株式）,小売業,1914,1918,1897,1897,-15,-0.784519,33200,OK
2025-03-21,2791,大黒天物産,プライム（内国株式）,小売業,6860,6890,6780,6780,-70,-1.021898,31600,OK
2025-03-21,2792,ハニーズホールディングス,プライム（内国株式）,小売業,1665,1674,1654,1667,2,0.12012,28700,OK
2025-03-21,2795,日本プリメックス,スタンダード（内国株式）,卸売業,880,890,876,889,-1,-0.11236,2700,OK
2025-03-21,2796,ファーマライズホールディングス,スタンダード（内国株式）,小売業,484,488,484,484,0,0,10600,OK
2025-03-21,2798,ワイズテーブルコーポレーション,スタンダード（内国株式）,小売業,2910,2935,2910,2935,25,0.859107,2600,OK
2025-03-21,279A,インターグ,TOKYO PRO MARKET（内国株式）,サービス業,,,,,,,,NO_QUOTE
2025-03-21,2801,キッコーマン,プライム（内国株式）,食料品,1490.5,1502.5,1482.5,1494.5,-10.5,-0.697674,2927200,OK
2025-03-21,2802,味の素,プライム（内国株式）,食料品,6129,6129,6063,6063,-53,-0.866579,2004000,OK
2025-03-21,2804,ブルドックソース,プライム（内国株式）,食料品,1779,1799,1779,1780,3,0.168824,44400,OK
2025-03-21,2805,ヱスビー食品,スタンダード（内国株式）,食料品,5630,5670,5450,5450,-80,-1.446655,265100,OK
2025-03-21,2806,ユタカフーズ,スタンダード（内国株式）,食料品,2270,2277,2260,2260,-21,-0.920649,1900,OK
2025-03-21,2809,キユーピー,プライム（内国株式）,食料品,2941,2957,2937,2956,2,0.067705,414500,OK
2025-03-21,280A,ＴＭＨ,グロース（内国株式）,卸売業,1248,1254,1206,1206,-42,-3.365385,21700,OK
2025-03-21,2810,ハウス食品グループ本社,プライム（内国株式）,食料品,2868.5,2874.5,2862.5,2863.5,-5.5,-0.191704,113300,OK
2025-03-21,2811,カゴメ,プライム（内国株式）,食料品,3031,3055,3022,3036,5,0.164962,362000,OK
2025-03-21,2813,和弘食品,スタンダード（内国株式）,食料品,4740,4780,4710,4730,-20,-0.421053,5500,OK
2025-03-21,2814,佐藤食品工業,スタンダード（内国株式）,食料品,2448,2448,2410,2410,-12,-0.495458,1100,OK
2025-03-21,2815,アリアケジャパン,プライム（内国株式）,食料品,6260,6520,6150,6440,80,1.257862,135800,OK
2025-03-21,2816,ダイショー,スタンダード（内国株式）,食料品,1426,1428,1426,1428,2,0.140252,2900,OK
2025-03-21,2818,ピエトロ,スタンダード（内国株式）,食料品,1794,1797,1794,1797,4,0.22309,5800,OK
2025-03-21,2819,エバラ食品工業,スタンダード（内国株式）,食料品,2850,2862,2850,2860,-6,-0.209351,12600,OK
2025-03-21,281A,インフォメティス,グロース（内国株式）,情報･通信業,848,851,837,846,-3,-0.353357,72300,OK
2025-03-21,2820,やまみ,スタンダード（内国株式）,食料品,3655,3680,3615,3630,-25,-0.683995,9700,OK
2025-03-21,2830,アヲハタ,スタンダード（内国株式）,食料品,2565,2572,2565,2567,3,0.117005,1800,OK
2025-03-21,2831,はごろもフーズ,スタンダード（内国株式）,食料品,3350,3350,3325,3330,-10,-0.299401,1800,OK
2025-03-21,284A,フクヤ建設,TOKYO PRO MARKET（内国株式）,建設業,,,,,,,,NO_QUOTE
2025-03-21,285A,キオクシアホールディングス,プライム（内国株式）,電気機器,2996,3065,2970,2970,-60,-1.980198,4214300,OK
2025-03-21,286A,ユカリア,グロース（内国株式）,サービス業,985,1073,979,1064,91,9.352518,268400,OK
2025-03-21,2871,ニチレイ,プライム（内国株式）,食料品,3710,3729,3685,3700,40,1.092896,710600,OK
2025-03-21,2872,セイヒョー,スタンダード（内国株式）,食料品,2393,2404,2381,2404,24,1.008403,4000,OK
2025-03-21,2874,横浜冷凍,プライム（内国株式）,卸売業,901,907,897,901,-4,-0.441989,103200,OK
2025-03-21,2875,東洋水産,プライム（内国株式）,食料品,9500,9627,9490,9525,-26,-0.272223,582700,OK
2025-03-21,2876,デルソーレ,スタンダード（内国株式）,食料品,445,458,445,458,13,2.921348,2900,OK
2025-03-21,2877,日東ベスト,スタンダード（内国株式）,食料品,775,790,761,774,-1,-0.129032,24300,OK
2025-03-21,287A,黒田グループ,スタンダード（内国株式）,卸売業,1075,1075,1051,1051,-26,-2.414113,401700,OK
2025-03-21,2882,イートアンドホールディングス,プライム（内国株式）,食料品,2048,2065,2047,2065,9,0.437743,14600,OK
2025-03-21,2883,大冷,スタンダード（内国株式）,食料品,1930,1934,1929,1934,-1,-0.05168,2100,OK
2025-03-21,2884,ヨシムラ・フード・ホールディングス,プライム（内国株式）,食料品,1027,1030,1012,1012,-15,-1.460565,113900,OK
2025-03-21,288A,ラクサス・テクノロジーズ,グロース（内国株式）,サービス業,211,218,211,213,0,0,152900,OK
2025-03-21,2892,日本食品化工,スタンダード（内国株式）,食料品,2702,2705,2696,2697,-9,-0.332594,4000,OK
2025-03-21,2894,石井食品,スタンダード（内国株式）,食料品,323,324,321,321,-1,-0.310559,13400,OK
2025-03-21,2897,日清食品ホールディングス,プライム（内国株式）,食料品,3200,3207,3170,3194,-39,-1.20631,1242900,OK
2025-03-21,2901,ウェルディッシュ,スタンダード（内国株式）,食料品,725,733,723,724,-2,-0.275482,19000,OK
2025-03-21,2903,シノブフーズ,スタンダード（内国株式）,食料品,991,1001,989,995,-1,-0.100402,6000,OK
2025-03-21,2904,一正蒲鉾,スタンダード（内国株式）,食料品,750,751,749,750,2,0.26738,7100,OK
2025-03-21,2907,あじかん,スタンダード（内国株式）,食料品,1260,1260,1249,1257,7,0.56,4100,OK
2025-03-21,2908,フジッコ,プライム（内国株式）,食料品,1630,1645,1623,1638,6,0.367647,49900,OK
2025-03-21,290A,Ｓｙｎｓｐｅｃｔｉｖｅ,グロース（内国株式）,情報･通信業,664,681,664,678,2,0.295858,310000,OK
2025-03-21,2910,ロック・フィールド,プライム（内国株式）,食料品,1624,1626,1609,1622,-10,-0.612745,66300,OK
2025-03-21,2911,旭松食品,スタンダード（内国株式）,食料品,2361,2375,2361,2361,-9,-0.379747,1100,OK
2025-03-21,2914,日本たばこ産業,プライム（内国株式）,食料品,4037,4071,4022,4060,7,0.172712,5235300,OK
2025-03-21,2915,ケンコーマヨネーズ,プライム（内国株式）,食料品,1959,1968,1949,1950,-15,-0.763359,52100,OK
2025-03-21,2916,仙波糖化工業,スタンダード（内国株式）,食料品,716,720,712,718,2,0.27933,4200,OK
2025-03-21,2917,大森屋,スタンダード（内国株式）,食料品,939,939,911,911,-16,-1.725998,5800,OK
2025-03-21,2918,わらべや日洋ホールディングス,プライム（内国株式）,食料品,2224,2224,2198,2198,-43,-1.918786,78800,OK
2025-03-21,291A,リスキル,グロース（内国株式）,サービス業,3560,3595,3560,3570,5,0.140252,6800,OK
2025-03-21,2922,なとり,プライム（内国株式）,食料品,2153,2162,2150,2150,-12,-0.555042,68600,OK
2025-03-21,2923,サトウ食品,スタンダード（内国株式）,食料品,7420,7440,7120,7400,-450,-5.732484,14500,OK
2025-03-21,2924,イフジ産業,スタンダード（内国株式）,食料品,1910,1966,1880,1891,-43,-2.223371,58700,OK
2025-03-21,2926,篠崎屋,スタンダード（内国株式）,食料品,84,86,84,86,1,1.176471,201900,OK
2025-03-21,2927,ＡＦＣ−ＨＤアムスライフサイエンス,スタンダード（内国株式）,食料品,855,860,855,860,10,1.176471,31000,OK
2025-03-21,2929,ファーマフーズ,プライム（内国株式）,食料品,928,939,925,926,-11,-1.173959,87200,OK
2025-03-21,292A,エスアイイー,TOKYO PRO MARKET（内国株式）,サービス業,,,,,,,,NO_QUOTE
2025-03-21,2930,北の達人コーポレーション,プライム（内国株式）,化学,169,169,166,166,-4,-2.352941,836800,OK
2025-03-21,2931,ユーグレナ,プライム（内国株式）,食料品,531,532,520,524,-3,-0.56926,822900,OK
2025-03-21,2932,ＳＴＩフードホールディングス,スタンダード（内国株式）,食料品,1324,1330,1317,1328,12,0.911854,23400,OK
2025-03-21,2933,紀文食品,プライム（内国株式）,食料品,1088,1094,1082,1094,2,0.18315,24800,OK
2025-03-21,2934,ジェイフロンティア,グロース（内国株式）,食料品,2190,2269,2175,2183,7,0.321691,38200,OK
2025-03-21,2935,ピックルスホールディングス,プライム（内国株式）,食料品,974,980,971,972,0,0,58000,OK
2025-03-21,2936,ベースフード,グロース（内国株式）,食料品,573,586,573,579,5,0.87108,129600,OK
2025-03-21,2937,サンクゼール,グロース（内国株式）,食料品,1610,1630,1605,1605,-4,-0.248602,20300,OK
2025-03-21,2938,オカムラ食品工業,スタンダード（内国株式）,食料品,2150,2185,2131,2164,15,0.697999,19700,OK
2025-03-21,293A,ＢＡＢＹ　ＪＯＢ,TOKYO PRO MARKET（内国株式）,小売業,,,,,,,,NO_QUOTE
2025-03-21,2961,日本調理機,スタンダード（内国株式）,金属製品,3860,3865,3855,3865,-50,-1.277139,500,OK
2025-03-21,2962,テクニスコ,スタンダード（内国株式）,金属製品,330,335,326,326,-4,-1.212121,3400,OK
2025-03-21,296A,令和アカウンティング・ホールディングス,グロース（内国株式）,サービス業,598,609,594,602,22,3.793103,286200,OK
2025-03-21,2970,グッドライフカンパニー,スタンダード（内国株式）,不動産業,3000,3000,2972,2972,7,0.236088,2700,OK
2025-03-21,2975,スター・マイカ・ホールディングス,プライム（内国株式）,不動産業,883,906,878,906,19,2.142052,151000,OK
2025-03-21,2977,Ｌｉｖｅｎｕｐ　Ｇｒｏｕｐ,TOKYO PRO MARKET（内国株式）,不動産業,,,,,,,,NO_QUOTE
2025-03-21,2978,ツクルバ,グロース（内国株式）,不動産業,732,751,732,747,15,2.04918,1900,OK
2025-03-21,297A,アルピコホールディングス,スタンダード（内国株式）,小売業,258,260,256,256,-5,-1.915709,282000,OK
2025-03-21,2980,ＳＲＥホールディングス,プライム（内国株式）,不動産業,3010,3045,2958,3000,-15,-0.497512,294600,OK
2025-03-21,2981,ランディックス,グロース（内国株式）,不動産業,2885,2920,2867,2868,-20,-0.692521,3900,OK
2025-03-21,2982,ＡＤワークスグループ,プライム（内国株式）,不動産業,254,254,249,251,-3,-1.181102,283600,OK
2025-03-21,2983,アールプランナー,グロース（内国株式）,不動産業,1467,1485,1450,1451,-6,-0.411805,24000,OK
2025-03-21,2984,ヤマイチ・ユニハイムエステート,スタンダード（内国株式）,不動産業,770,777,770,771,3,0.390625,27700,OK
2025-03-21,2985,ファーストステージ,TOKYO PRO MARKET（内国株式）,不動産業,,,,,,,,NO_QUOTE
2025-03-21,2986,ＬＡホールディングス,グロース（内国株式）,不動産業,6780,6780,6670,6680,-130,-1.908957,49800,OK
2025-03-21,298A,ＧＶＡ　ＴＥＣＨ,グロース（内国株式）,情報･通信業,607,610,601,602,-5,-0.823723,15100,OK
2025-03-21,2990,アイダ設計,TOKYO PRO MARKET（内国株式）,不動産業,,,,,,,,NO_QUOTE
2025-03-21,2991,ランドネット,スタンダード（内国株式）,不動産業,1148,1160,1146,1158,15,1.312336,17700,OK
2025-03-21,2992,アーバンライク,TOKYO PRO MARKET（内国株式）,不動産業,,,,,,,,NO_QUOTE
2025-03-21,2993,長栄,スタンダード（内国株式）,不動産業,2334,2340,2270,2290,156,7.310216,41600,OK
2025-03-21,2994,アンサーホールディングス,TOKYO PRO MARKET（内国株式）,不動産業,,,,,,,,NO_QUOTE
2025-03-21,2995,ジェイレックス・コーポレーション,TOKYO PRO MARKET（内国株式）,不動産業,,,,,,,,NO_QUOTE
2025-03-21,2997,ストレージ王,グロース（内国株式）,不動産業,854,859,850,850,-5,-0.584795,7200,OK
2025-03-21,2998,クリアル,グロース（内国株式）,不動産業,4250,4250,4090,4090,-160,-3.764706,35700,OK
2025-03-21,2999,ホームポジション,スタンダード（内国株式）,不動産業,364,366,361,361,-3,-0.824176,8900,OK
2025-03-21,299A,ｄｅｌｙ,グロース（内国株式）,サービス業,1036,1050,1011,1022,39,3.967447,281700,OK
2025-03-21,3001,片倉工業,スタンダード（内国株式）,繊維製品,2350,2355,2297,2297,-45,-1.921435,45500,OK
2025-03-21,3002,グンゼ,プライム（内国株式）,繊維製品,5320,5350,5320,5320,0,0,60100,OK
2025-03-21,3003,ヒューリック,プライム（内国株式）,不動産業,1440,1455.5,1436.5,1439.5,-5.5,-0.380623,3480100,OK
2025-03-21,3004,神栄,スタンダード（内国株式）,卸売業,1710,1722,1710,1714,1,0.058377,14200,OK
2025-03-21,300A,ＭＩＣ,スタンダード（内国株式）,サービス業,1700,1710,1622,1627,-83,-4.853801,49200,OK
2025-03-21,3010,ポラリス・ホールディングス,スタンダード（内国株式）,サービス業,203,203,200,200,-3,-1.477833,215800,OK
2025-03-21,3011,バナーズ,スタンダード（内国株式）,小売業,147,147,145,145,-2,-1.360544,10900,OK
2025-03-21,301A,インデックス,TOKYO PRO MARKET（内国株式）,不動産業,,,,,,,,NO_QUOTE
2025-03-21,3020,アプライド,スタンダード（内国株式）,小売業,2800,2804,2799,2800,13,0.466451,2000,OK
2025-03-21,3021,パシフィックネット,スタンダード（内国株式）,サービス業,1277,1281,1273,1281,5,0.39185,3100,OK
2025-03-21,3023,ラサ商事,スタンダード（内国株式）,卸売業,1536,1561,1525,1548,13,0.846906,29800,OK
2025-03-21,3024,クリエイト,スタンダード（内国株式）,卸売業,1070,1075,1070,1075,3,0.279851,3100,OK
2025-03-21,3028,アルペン,プライム（内国株式）,小売業,2332,2339,2311,2311,-10,-0.430849,71700,OK
2025-03-21,302A,ビースタイルホールディングス,グロース（内国株式）,サービス業,1500,1514,1433,1433,-67,-4.466667,21500,OK
2025-03-21,3030,ハブ,スタンダード（内国株式）,小売業,748,750,743,746,3,0.403769,10400,OK
2025-03-21,3031,ラクーンホールディングス,プライム（内国株式）,情報･通信業,940,949,937,943,1,0.106157,103400,OK
2025-03-21,3034,クオールホールディングス,プライム（内国株式）,小売業,1618,1649,1618,1628,6,0.369914,151500,OK
2025-03-21,3035,ケイティケイ,スタンダード（内国株式）,卸売業,585,586,579,579,-6,-1.025641,3200,OK
2025-03-21,3036,アルコニックス,プライム（内国株式）,卸売業,1583,1593,1575,1585,3,0.189633,176200,OK
2025-03-21,3038,神戸物産,プライム（内国株式）,卸売業,3440,3468,3417,3436,-4,-0.116279,1032000,OK
2025-03-21,303A,ｖｉｓｕｍｏ,グロース（内国株式）,情報･通信業,1283,1306,1277,1296,13,1.01325,12900,OK
2025-03-21,3040,ソリトンシステムズ,プライム（内国株式）,情報･通信業,1275,1275,1250,1256,-22,-1.72144,33900,OK
2025-03-21,3041,ビューティカダンホールディングス,スタンダード（内国株式）,卸売業,386,389,376,376,-10,-2.590674,13000,OK
2025-03-21,3042,セキュアヴェイル,グロース（内国株式）,情報･通信業,298,303,297,298,4,1.360544,70400,OK
2025-03-21,3045,カワサキ,スタンダード（内国株式）,卸売業,1343,1345,1341,1345,3,0.223547,600,OK
2025-03-21,3046,ジンズホールディングス,プライム（内国株式）,小売業,6670,6790,6650,6780,130,1.954887,79800,OK
2025-03-21,3048,ビックカメラ,プライム（内国株式）,小売業,1573.5,1593,1569.5,1583.5,10,0.635526,626200,OK
2025-03-21,304A,フォルシア,グロース（内国株式）,情報･通信業,2059,2300,2059,2285,231,11.246349,19100,OK
2025-03-21,3050,ＤＣＭホールディングス,プライム（内国株式）,小売業,1399,1412,1396,1404,3,0.214133,168900,OK
2025-03-21,3053,ペッパーフードサービス,スタンダード（内国株式）,小売業,220,220,204,207,-13,-5.909091,1274200,OK
2025-03-21,3054,ハイパー,スタンダード（内国株式）,卸売業,289,295,289,293,5,1.736111,19400,OK
2025-03-21,3058,三洋堂ホールディングス,スタンダード（内国株式）,小売業,698,698,694,695,3,0.433526,2800,OK
2025-03-21,3059,ヒラキ,スタンダード（内国株式）,小売業,910,911,908,909,-1,-0.10989,5000,OK
2025-03-21,305A,ダブルツリー,TOKYO PRO MARKET（内国株式）,小売業,,,,,,,,NO_QUOTE
2025-03-21,3063,ジェイグループホールディングス,グロース（内国株式）,小売業,688,690,687,687,-2,-0.290276,9100,OK
2025-03-21,3064,ＭｏｎｏｔａＲＯ,プライム（内国株式）,小売業,2720,2764,2695,2763.5,17.5,0.637291,1617600,OK
2025-03-21,3065,ライフフーズ,スタンダード（内国株式）,小売業,1643,1646,1643,1646,11,0.672783,1100,OK
2025-03-21,3067,東京一番フーズ,スタンダード（内国株式）,小売業,478,479,475,477,-1,-0.209205,18300,OK
2025-03-21,3068,ＷＤＩ,スタンダード（内国株式）,小売業,3365,3370,3360,3360,-5,-0.148588,7700,OK
2025-03-21,3069,ＪＦＬＡホールディングス,スタンダード（内国株式）,食料品,155,156,155,156,1,0.645161,48100,OK
2025-03-21,3070,ジェリービーンズグループ,グロース（内国株式）,卸売業,113,113,110,110,-2,-1.785714,139600,OK
2025-03-21,3071,ストリーム,スタンダード（内国株式）,小売業,102,103,101,101,0,0,56000,OK
2025-03-21,3073,ＤＤグループ,プライム（内国株式）,小売業,1341,1369,1341,1362,30,2.252252,67400,OK
2025-03-21,3075,銚子丸,スタンダード（内国株式）,小売業,1513,1525,1510,1510,-4,-0.264201,4600,OK
2025-03-21,3076,あい　ホールディングス,プライム（内国株式）,卸売業,2089,2097,2086,2086,-1,-0.047916,192500,OK
2025-03-21,3077,ホリイフードサービス,スタンダード（内国株式）,小売業,337,337,334,335,1,0.299401,7700,OK
2025-03-21,3079,ディーブイエックス,スタンダード（内国株式）,卸売業,984,987,982,982,1,0.101937,6800,OK
2025-03-21,307A,ハウジング・スタッフ,TOKYO PRO MARKET（内国株式）,建設業,,,,,,,,NO_QUOTE
2025-03-21,3080,ジェーソン,スタンダード（内国株式）,小売業,670,670,666,669,-1,-0.149254,6100,OK
2025-03-21,3082,きちりホールディングス,スタンダード（内国株式）,小売業,866,873,858,858,-6,-0.694444,18200,OK
2025-03-21,3083,スターシーズ,スタンダード（内国株式）,小売業,567,567,555,566,-1,-0.176367,27000,OK
2025-03-21,3086,Ｊ．フロント　リテイリング,プライム（内国株式）,小売業,1885,1912,1882,1884.5,-0.5,-0.026525,1867000,OK
2025-03-21,3087,ドトール・日レスホールディングス,プライム（内国株式）,小売業,2459,2483,2451,2474,14,0.569106,176000,OK
2025-03-21,3088,マツキヨココカラ＆カンパニー,プライム（内国株式）,小売業,2354,2375.5,2350.5,2356.5,-11,-0.464625,2320200,OK
2025-03-21,3089,テクノアルファ,スタンダード（内国株式）,卸売業,879,909,879,905,11,1.230425,15800,OK
2025-03-21,308A,ぽすとめいとホールディングス,TOKYO PRO MARKET（内国株式）,サービス業,,,,,,,,NO_QUOTE
2025-03-21,3091,ブロンコビリー,プライム（内国株式）,小売業,3780,3795,3770,3795,15,0.396825,27600,OK
2025-03-21,3092,ＺＯＺＯ,プライム（内国株式）,小売業,4370,4495,4370,4428,28,0.636364,1390400,OK
2025-03-21,3093,トレジャー・ファクトリー,プライム（内国株式）,小売業,1789,1829,1762,1792,-1,-0.055772,145800,OK
2025-03-21,3094,スーパーバリュー,スタンダード（内国株式）,小売業,879,893,879,890,31,3.608847,4600,OK
2025-03-21,3096,オーシャンシステム,スタンダード（内国株式）,小売業,1233,1247,1233,1236,-4,-0.322581,7400,OK
2025-03-21,3097,物語コーポレーション,プライム（内国株式）,小売業,3415,3445,3410,3420,-5,-0.145985,199600,OK
2025-03-21,3099,三越伊勢丹ホールディングス,プライム（内国株式）,小売業,2229,2283,2228.5,2228.5,-18.5,-0.82332,3378000,OK
2025-03-21,309A,コスモス調剤,TOKYO PRO MARKET（内国株式）,小売業,,,,,,,,NO_QUOTE
2025-03-21,3101,東洋紡,プライム（内国株式）,繊維製品,1005,1005,996,996,-5,-0.4995,502200,OK
2025-03-21,3103,ユニチカ,プライム（内国株式）,繊維製品,167,170,167,170,2,1.190476,610100,OK
2025-03-21,3104,富士紡ホールディングス,プライム（内国株式）,繊維製品,5240,5240,5180,5220,-40,-0.760456,13700,OK
2025-03-21,3105,日清紡ホールディングス,プライム（内国株式）,電気機器,943.3,945.7,938.5,940.9,-0.6,-0.063728,536100,OK
2025-03-21,3106,倉敷紡績,プライム（内国株式）,繊維製品,5950,6180,5950,6110,120,2.003339,116300,OK
2025-03-21,3107,ダイワボウホールディングス,プライム（内国株式）,卸売業,2550,2568,2529.5,2568,29,1.142182,631700,OK
2025-03-21,3109,シキボウ,プライム（内国株式）,繊維製品,1034,1035,1031,1034,0,0,21800,OK
2025-03-21,310A,サーティーフォー,TOKYO PRO MARKET（内国株式）,不動産業,,,,,,,,NO_QUOTE
2025-03-21,3110,日東紡績,プライム（内国株式）,ガラス･土石製品,4730,4730,4585,4585,-145,-3.065539,327500,OK
2025-03-21,3111,オーミケンシ,スタンダード（内国株式）,繊維製品,304,309,300,305,1,0.328947,15800,OK
2025-03-21,3113,ＵＮＩＶＡ・Ｏａｋホールディングス,スタンダード（内国株式）,証券･商品先物取引業,79,80,78,79,0,0,156800,OK
2025-03-21,3116,トヨタ紡織,プライム（内国株式）,輸送用機器,2095,2122,2089.5,2099,-4.5,-0.213929,454300,OK
2025-03-21,311A,ＮＰＴ,TOKYO PRO MARKET（内国株式）,医薬品,,,,,,,,NO_QUOTE
2025-03-21,3121,マーチャント・バンカーズ,スタンダード（内国株式）,サービス業,309,316,306,315,9,2.941176,101700,OK
2025-03-21,3123,サイボー,スタンダード（内国株式）,繊維製品,487,497,487,496,9,1.848049,4700,OK
2025-03-21,312A,シンコーホールディングス,TOKYO PRO MARKET（内国株式）,建設業,,,,,,,,NO_QUOTE
2025-03-21,3131,シンデン・ハイテックス,スタンダード（内国株式）,卸売業,2393,2409,2379,2382,-15,-0.625782,7600,OK
2025-03-21,3132,マクニカホールディングス,プライム（内国株式）,卸売業,1975,1984,1952,1963.5,-18.5,-0.933401,662700,OK
2025-03-21,3133,海帆,グロース（内国株式）,小売業,901,931,898,899,-12,-1.317234,493600,OK
2025-03-21,3134,Ｈａｍｅｅ,スタンダード（内国株式）,小売業,1360,1360,1317,1332,-33,-2.417582,59500,OK
2025-03-21,3135,マーケットエンタープライズ,プライム（内国株式）,小売業,1447,1458,1437,1449,2,0.138217,17200,OK
2025-03-21,3137,ファンデリー,グロース（内国株式）,小売業,430,430,419,419,-9,-2.102804,10400,OK
2025-03-21,3138,富士山マガジンサービス,グロース（内国株式）,小売業,676,680,670,680,4,0.591716,2000,OK
2025-03-21,3139,ラクト・ジャパン,プライム（内国株式）,卸売業,2975,2978,2947,2956,11,0.373514,16200,OK
2025-03-21,3140,ＢＲＵＮＯ,グロース（内国株式）,卸売業,1023,1029,1023,1029,6,0.58651,9100,OK
2025-03-21,3141,ウエルシアホールディングス,プライム（内国株式）,小売業,2190,2194,2169,2177,-17.5,-0.797448,357400,OK
2025-03-21,3143,オーウイル,スタンダード（内国株式）,卸売業,1840,1849,1840,1840,-4,-0.21692,400,OK
2025-03-21,3148,クリエイトＳＤホールディングス,プライム（内国株式）,小売業,2877,2885,2868,2878,1,0.034758,48100,OK
2025-03-21,3150,グリムス,プライム（内国株式）,電気･ガス業,2330,2330,2303,2321,17,0.737847,15200,OK
2025-03-21,3151,バイタルケーエスケー・ホールディングス,プライム（内国株式）,卸売業,1220,1234,1220,1224,-4,-0.325733,67200,OK
2025-03-21,3153,八洲電機,プライム（内国株式）,卸売業,1758,1778,1741,1777,10,0.565931,21000,OK
2025-03-21,3154,メディアスホールディングス,プライム（内国株式）,卸売業,961,969,950,969,8,0.832466,26800,OK
2025-03-21,3156,レスター,プライム（内国株式）,卸売業,2495,2496,2477,2496,1,0.04008,36100,OK
2025-03-21,3157,ジオリーブグループ,スタンダード（内国株式）,卸売業,1147,1158,1147,1153,6,0.523104,6700,OK
2025-03-21,3159,丸善ＣＨＩホールディングス,スタンダード（内国株式）,小売業,321,322,320,322,1,0.311526,18700,OK
2025-03-21,3160,大光,スタンダード（内国株式）,卸売業,588,590,587,587,2,0.34188,42400,OK
2025-03-21,3161,アゼアス,スタンダード（内国株式）,卸売業,702,703,699,700,0,0,11100,OK
2025-03-21,3166,ＯＣＨＩホールディングス,スタンダード（内国株式）,卸売業,1426,1432,1420,1420,-6,-0.420757,55200,OK
2025-03-21,3167,ＴＯＫＡＩホールディングス,プライム（内国株式）,卸売業,969,977,969,972,2,0.206186,557700,OK
2025-03-21,3168,ＭＥＲＦ,スタンダード（内国株式）,卸売業,538,555,538,550,12,2.230483,27100,OK
2025-03-21,3169,ミサワ,スタンダード（内国株式）,小売業,630,630,625,628,0,0,5900,OK
2025-03-21,3172,ティーライフ,スタンダード（内国株式）,小売業,1099,1108,1098,1108,10,0.910747,3800,OK
2025-03-21,3173,Ｃｏｍｉｎｉｘ,スタンダード（内国株式）,卸売業,899,904,898,899,3,0.334821,4400,OK
2025-03-21,3174,ハピネス・アンド・ディ,スタンダード（内国株式）,小売業,714,714,706,706,-3,-0.423131,1400,OK
2025-03-21,3175,エー・ピーホールディングス,スタンダード（内国株式）,小売業,954,954,948,948,-2,-0.210526,41900,OK
2025-03-21,3176,三洋貿易,プライム（内国株式）,卸売業,1537,1537,1511,1519,-18,-1.171113,29300,OK
2025-03-21,3177,ありがとうサービス,スタンダード（内国株式）,小売業,3270,3285,3220,3285,45,1.388889,8300,OK
2025-03-21,3178,チムニー,スタンダード（内国株式）,小売業,1277,1279,1275,1277,0,0,32100,OK
2025-03-21,3179,シュッピン,プライム（内国株式）,小売業,1106,1139,1075,1086,-6,-0.549451,884600,OK
2025-03-21,317A,エス・エム・エス・データテック,TOKYO PRO MARKET（内国株式）,情報･通信業,,,,,,,,NO_QUOTE
2025-03-21,3180,ビューティガレージ,プライム（内国株式）,卸売業,1620,1637,1603,1636,31,1.931464,110000,OK
2025-03-21,3181,買取王国,スタンダード（内国株式）,小売業,759,760,753,759,6,0.796813,12500,OK
2025-03-21,3182,オイシックス・ラ・大地,プライム（内国株式）,小売業,1327,1333,1311,1325,-14,-1.045556,143100,OK
2025-03-21,3183,ウイン・パートナーズ,プライム（内国株式）,卸売業,1507,1549,1505,1549,42,2.786994,62300,OK
2025-03-21,3184,ＩＣＤＡホールディングス,スタンダード（内国株式）,小売業,3350,3350,3340,3340,35,1.059002,1100,OK
2025-03-21,3185,夢展望,グロース（内国株式）,小売業,169,172,166,166,-1,-0.598802,256700,OK
2025-03-21,3186,ネクステージ,プライム（内国株式）,小売業,1575,1602,1555,1587,16,1.01846,504800,OK
2025-03-21,3187,ミラタップ,グロース（内国株式）,小売業,361,377,350,370,7,1.928375,91400,OK
2025-03-21,3189,ＡＮＡＰ,スタンダード（内国株式）,小売業,480,512,480,495,15,3.125,58400,OK
2025-03-21,3190,ホットマン,スタンダード（内国株式）,小売業,583,590,583,584,1,0.171527,2400,OK
2025-03-21,3191,ジョイフル本田,プライム（内国株式）,小売業,1976,1996,1970,1984,8,0.404858,144400,OK
2025-03-21,3192,白鳩,スタンダード（内国株式）,小売業,268,268,267,267,-1,-0.373134,600,OK
2025-03-21,3193,エターナルホスピタリティグループ,プライム（内国株式）,小売業,2637,2664,2621,2654,18,0.682853,69200,OK
2025-03-21,3195,ジェネレーションパス,グロース（内国株式）,小売業,455,455,434,440,-13,-2.869757,138400,OK
2025-03-21,3196,ホットランド,プライム（内国株式）,小売業,2270,2270,2241,2260,-10,-0.440529,36000,OK
2025-03-21,3197,すかいらーくホールディングス,プライム（内国株式）,小売業,3071,3106,3063,3066,-21,-0.680272,1504700,OK
2025-03-21,3198,ＳＦＰホールディングス,プライム（内国株式）,小売業,2075,2104,2066,2098,23,1.108434,30400,OK
2025-03-21,3199,綿半ホールディングス,プライム（内国株式）,小売業,1688,1688,1664,1666,-25,-1.478415,21300,OK
2025-03-21,319A,技術承継機構,グロース（内国株式）,金属製品,5750,5850,5570,5620,-120,-2.090592,293200,OK
2025-03-21,3201,日本毛織,プライム（内国株式）,繊維製品,1500,1532,1493,1499,-18,-1.186552,192800,OK
2025-03-21,3202,ダイトウボウ,スタンダード（内国株式）,繊維製品,110,110,109,110,0,0,95500,OK
2025-03-21,3204,トーア紡コーポレーション,スタンダード（内国株式）,繊維製品,395,400,394,396,1,0.253165,20300,OK
2025-03-21,3205,ダイドーリミテッド,スタンダード（内国株式）,繊維製品,1195,1204,1189,1190,-2,-0.167785,779500,OK
2025-03-21,320A,Ｄ＆Ｉ,TOKYO PRO MARKET（内国株式）,サービス業,,,,,,,,NO_QUOTE
2025-03-21,321A,ヒューマンステージホールディングス,TOKYO PRO MARKET（内国株式）,サービス業,,,,,,,,NO_QUOTE
2025-03-21,3221,ヨシックスホールディングス,プライム（内国株式）,小売業,2885,2892,2861,2865,-23,-0.796399,45000,OK
2025-03-21,3222,ユナイテッド・スーパーマーケット・ホールディングス,スタンダード（内国株式）,小売業,826,839,824,836,5,0.601685,295500,OK
2025-03-21,3223,エスエルディー,スタンダード（内国株式）,小売業,924,933,923,933,6,0.647249,1500,OK
2025-03-21,3224,ゼネラル・オイスター,グロース（内国株式）,小売業,913,921,909,909,-7,-0.764192,10300,OK
2025-03-21,322A,ヒメジ理化,TOKYO PRO MARKET（内国株式）,ガラス･土石製品,,,,,,,,NO_QUOTE
2025-03-21,3231,野村不動産ホールディングス,プライム（内国株式）,不動産業,4373,4434,4370,4397,-8,-0.181612,843700,OK
2025-03-21,3232,三重交通グループホールディングス,プライム（内国株式）,不動産業,518,526,516,521,0,0,199900,OK
2025-03-21,3236,プロパスト,スタンダード（内国株式）,不動産業,171,174,171,174,3,1.754386,51200,OK
2025-03-21,3237,イントランス,グロース（内国株式）,不動産業,97,98,97,97,0,0,71000,OK
2025-03-21,3238,セントラル総合開発,スタンダード（内国株式）,不動産業,470,471,465,468,1,0.214133,3000,OK
2025-03-21,323A,フライヤー,グロース（内国株式）,情報･通信業,705,705,678,704,-4,-0.564972,35200,OK
2025-03-21,3241,ウィル,スタンダード（内国株式）,不動産業,453,453,448,448,-2,-0.444444,3900,OK
2025-03-21,3242,アーバネットコーポレーション,スタンダード（内国株式）,不動産業,447,449,447,447,1,0.224215,95700,OK
2025-03-21,3245,ディア・ライフ,プライム（内国株式）,不動産業,1095,1095,1084,1091,3,0.275735,99200,OK
2025-03-21,3246,コーセーアールイー,スタンダード（内国株式）,不動産業,650,650,644,645,-3,-0.462963,9900,OK
2025-03-21,3248,アールエイジ,スタンダード（内国株式）,不動産業,825,825,812,819,8,0.986436,6700,OK
2025-03-21,324A,ブッキングリゾート,グロース（内国株式）,サービス業,1830,1910,1742,1761,-73,-3.980371,422700,OK
2025-03-21,3252,地主,プライム（内国株式）,不動産業,2091,2094,2071,2071,-12,-0.576092,73600,OK
2025-03-21,3254,プレサンスコーポレーション,スタンダード（内国株式）,不動産業,2386,2396,2380,2390,-23,-0.95317,113500,OK
2025-03-21,325A,ＴＥＮＴＩＡＬ,グロース（内国株式）,繊維製品,2602,2694,2591,2630,30,1.153846,227000,OK
2025-03-21,3261,グランディーズ,グロース（内国株式）,不動産業,1038,1044,1034,1035,-3,-0.289017,5800,OK
2025-03-21,3264,アスコット,スタンダード（内国株式）,不動産業,259,259,258,258,0,0,126500,OK
2025-03-21,3266,ファンドクリエーショングループ,スタンダード（内国株式）,不動産業,85,85,84,85,0,0,59700,OK
2025-03-21,3267,フィル・カンパニー,スタンダード（内国株式）,建設業,799,821,799,815,14,1.747815,81200,OK
2025-03-21,326A,ａｅｒｏ　ｌａｂ　ｉｎｔｅｒｎａｔｉｏｎａｌ,TOKYO PRO MARKET（内国株式）,卸売業,,,,,,,,NO_QUOTE
2025-03-21,3271,ＴＨＥグローバル社,スタンダード（内国株式）,不動産業,872,874,855,872,12,1.395349,130600,OK
2025-03-21,3276,ＪＰＭＣ,プライム（内国株式）,不動産業,1152,1152,1130,1144,-6,-0.521739,40100,OK
2025-03-21,3277,サンセイランディック,スタンダード（内国株式）,不動産業,1025,1036,1020,1031,6,0.585366,22200,OK
2025-03-21,3280,エストラスト,スタンダード（内国株式）,不動産業,773,775,769,773,4,0.520156,3600,OK
2025-03-21,3284,フージャースホールディングス,プライム（内国株式）,不動産業,1090,1096,1085,1087,-5,-0.457875,71000,OK
2025-03-21,3286,トラストホールディングス,グロース（内国株式）,不動産業,924,925,920,920,-3,-0.325027,5800,OK
2025-03-21,3288,オープンハウスグループ,プライム（内国株式）,不動産業,5771,5905,5764,5853,137,2.396781,611100,OK
2025-03-21,3289,東急不動産ホールディングス,プライム（内国株式）,不動産業,1011,1031.5,1010.5,1019.5,-6,-0.58508,3146500,OK
2025-03-21,3291,飯田グループホールディングス,プライム（内国株式）,不動産業,2332,2361,2330.5,2342,12.5,0.536596,706500,OK
2025-03-21,3293,アズマハウス,スタンダード（内国株式）,不動産業,759,764,757,764,7,0.924703,3500,OK
2025-03-21,3294,イーグランド,スタンダード（内国株式）,不動産業,1458,1479,1455,1464,4,0.273973,9600,OK
2025-03-21,3297,東武住販,スタンダード（内国株式）,不動産業,1227,1227,1217,1220,-5,-0.408163,20300,OK
2025-03-21,3299,ムゲンエステート,スタンダード（内国株式）,不動産業,2281,2293,2255,2279,10,0.440723,67700,OK
2025-03-21,329A,ジールアソシエイツ,TOKYO PRO MARKET（内国株式）,サービス業,,,,,,,,NO_QUOTE
2025-03-21,3300,アンビション　ＤＸ　ホールディングス,グロース（内国株式）,不動産業,2099,2148,2098,2123,41,1.96926,61300,OK
2025-03-21,3302,帝国繊維,プライム（内国株式）,繊維製品,2593,2615,2587,2587,-12,-0.461716,18400,OK
2025-03-21,3306,日本製麻,スタンダード（内国株式）,卸売業,579,579,571,576,-2,-0.346021,5500,OK
2025-03-21,330A,ＴａｌｅｎｔＸ,グロース（内国株式）,情報･通信業,920,1099,909,1011,61,6.421053,2473300,OK
2025-03-21,3315,日本コークス工業,プライム（内国株式）,石油･石炭製品,93,93,91,92,0,0,883700,OK
2025-03-21,3317,フライングガーデン,スタンダード（内国株式）,小売業,2698,2704,2684,2704,10,0.371195,1800,OK
2025-03-21,3319,ゴルフダイジェスト・オンライン,プライム（内国株式）,小売業,333,333,331,331,-2,-0.600601,17800,OK
2025-03-21,331A,メディックス,スタンダード（内国株式）,サービス業,740,745,733,737,3,0.408719,289400,OK
2025-03-21,3320,クロスプラス,スタンダード（内国株式）,卸売業,1068,1070,1060,1060,-4,-0.37594,14300,OK
2025-03-21,3321,ミタチ産業,スタンダード（内国株式）,卸売業,1168,1178,1168,1178,15,1.289768,34700,OK
2025-03-21,3323,レカム,スタンダード（内国株式）,卸売業,71,71,70,71,0,0,234100,OK
2025-03-21,3326,ランシステム,スタンダード（内国株式）,サービス業,640,646,639,639,0,0,16200,OK
2025-03-21,3328,ＢＥＥＮＯＳ,プライム（内国株式）,小売業,3985,3990,3980,3980,-5,-0.125471,24800,OK
2025-03-21,3329,東和フードサービス,スタンダード（内国株式）,小売業,2093,2093,2085,2090,-2,-0.095602,2300,OK
2025-03-21,332A,ミーク,グロース（内国株式）,情報･通信業,845,865,790,790,,,4069800,OK
2025-03-21,3333,あさひ,プライム（内国株式）,小売業,1460,1473,1457,1470,10,0.684932,92700,OK
2025-03-21,333A,テクノスマイル,TOKYO PRO MARKET（内国株式）,サービス業,,,,,,,,NO_QUOTE
2025-03-21,3341,日本調剤,プライム（内国株式）,小売業,1479,1494,1475,1492,9,0.606878,110200,OK
2025-03-21,3347,トラスト,スタンダード（内国株式）,小売業,293,294,290,293,0,0,31400,OK
2025-03-21,3349,コスモス薬品,プライム（内国株式）,小売業,7284,7364,7261,7288,-47,-0.640763,317300,OK
2025-03-21,3350,メタプラネット,スタンダード（内国株式）,卸売業,4110,4730,4085,4730,700,17.369727,6204600,OK
2025-03-21,3352,バッファロー,スタンダード（内国株式）,小売業,1322,1337,1321,1321,1,0.075758,1500,OK
2025-03-21,3353,メディカル一光グループ,スタンダード（内国株式）,小売業,2191,2230,2191,2225,36,1.644587,7300,OK
2025-03-21,3355,クリヤマホールディングス,スタンダード（内国株式）,卸売業,1330,1333,1313,1313,-15,-1.129518,19700,OK
2025-03-21,3358,ワイエスフード,スタンダード（内国株式）,小売業,91,91,89,90,2,2.272727,116100,OK
2025-03-21,3359,ｃｏｔｔａ,グロース（内国株式）,卸売業,425,427,420,421,-6,-1.405152,22900,OK
2025-03-21,3360,シップヘルスケアホールディングス,プライム（内国株式）,卸売業,2005,2042.5,2004,2026,6,0.29703,239700,OK
2025-03-21,3361,トーエル,スタンダード（内国株式）,小売業,830,839,829,831,3,0.362319,15500,OK
2025-03-21,3370,フジタコーポレーション,スタンダード（内国株式）,小売業,248,256,247,251,3,1.209677,14500,OK
2025-03-21,3371,ソフトクリエイトホールディングス,プライム（内国株式）,情報･通信業,2035,2050,2020,2028,-25,-1.21773,26500,OK
2025-03-21,3372,関門海,スタンダード（内国株式）,小売業,231,232,230,230,-1,-0.4329,35100,OK
2025-03-21,3374,内外テック,スタンダード（内国株式）,卸売業,2373,2379,2346,2377,19,0.805768,6000,OK
2025-03-21,3375,ＺＯＡ,スタンダード（内国株式）,小売業,1529,1529,1516,1528,-2,-0.130719,1100,OK
2025-03-21,3377,バイク王＆カンパニー,スタンダード（内国株式）,卸売業,421,422,418,418,1,0.239808,10200,OK
2025-03-21,3382,セブン＆アイ・ホールディングス,プライム（内国株式）,小売業,2155.5,2211,2154.5,2207.5,55.5,2.578996,10764300,OK
2025-03-21,3386,コスモ・バイオ,スタンダード（内国株式）,卸売業,1150,1152,1142,1152,4,0.348432,3000,OK
2025-03-21,3387,クリエイト・レストランツ・ホールディングス,プライム（内国株式）,小売業,1310,1348,1306,1343,30,2.284844,496300,OK
2025-03-21,3388,明治電機工業,プライム（内国株式）,卸売業,1601,1618,1587,1598,-12,-0.745342,23800,OK
2025-03-21,3391,ツルハホールディングス,プライム（内国株式）,小売業,9459,9480,9349,9409,-66,-0.69657,203500,OK
2025-03-21,3392,デリカフーズホールディングス,スタンダード（内国株式）,卸売業,510,511,509,509,0,0,7000,OK
2025-03-21,3393,スターティアホールディングス,プライム（内国株式）,卸売業,2268,2278,2249,2278,26,1.154529,29600,OK
2025-03-21,3395,サンマルクホールディングス,プライム（内国株式）,小売業,2376,2449,2375,2435,45,1.882845,251200,OK
2025-03-21,3396,フェリシモ,スタンダード（内国株式）,小売業,742,742,736,740,0,0,11700,OK
2025-03-21,3397,トリドールホールディングス,プライム（内国株式）,小売業,3980,4015,3973,4000,17,0.426814,254200,OK
2025-03-21,3399,丸千代山岡家,スタンダード（内国株式）,小売業,3430,3440,3355,3400,-60,-1.734104,208700,OK
2025-03-21,3401,帝人,プライム（内国株式）,繊維製品,1390,1398,1378,1378,-15.5,-1.112307,789000,OK
2025-03-21,3402,東レ,プライム（内国株式）,繊維製品,1061,1074,1046,1046,-20.5,-1.922175,6320600,OK
2025-03-21,3405,クラレ,プライム（内国株式）,化学,1847.5,1909,1845,1884.5,-43,-2.230869,2699600,OK
2025-03-21,3407,旭化成,プライム（内国株式）,化学,1081,1089.5,1076.5,1086.5,0.5,0.046041,5185400,OK
2025-03-21,3409,北日本紡績,スタンダード（内国株式）,繊維製品,130,131,127,130,1,0.775194,41200,OK
2025-03-21,3415,ＴＯＫＹＯ　ＢＡＳＥ,プライム（内国株式）,小売業,284,287,282,284,-1,-0.350877,927100,OK
2025-03-21,3416,ピクスタ,グロース（内国株式）,小売業,940,957,940,942,-1,-0.106045,6300,OK
2025-03-21,3417,大木ヘルスケアホールディングス,スタンダード（内国株式）,卸売業,832,852,827,837,9,1.086957,35700,OK
2025-03-21,3418,バルニバービ,グロース（内国株式）,小売業,1130,1153,1130,1153,33,2.946429,51100,OK
2025-03-21,3420,ケー・エフ・シー,スタンダード（内国株式）,金属製品,1345,1358,1330,1346,11,0.82397,3600,OK
2025-03-21,3421,稲葉製作所,スタンダード（内国株式）,金属製品,1717,1728,1716,1728,-8,-0.460829,14100,OK
2025-03-21,3422,Ｊ−ＭＡＸ,スタンダード（内国株式）,金属製品,327,327,321,325,-2,-0.611621,7400,OK
2025-03-21,3423,エスイー,スタンダード（内国株式）,金属製品,280,282,279,281,2,0.716846,79400,OK
2025-03-21,3426,アトムリビンテック,スタンダード（内国株式）,金属製品,1415,1415,1414,1414,20,1.43472,5700,OK
2025-03-21,3431,宮地エンジニアリンググループ,プライム（内国株式）,金属製品,1890,1903,1885,1885,-17,-0.893796,217000,OK
2025-03-21,3433,トーカロ,プライム（内国株式）,金属製品,1765,1788,1765,1775,4,0.225861,101200,OK
2025-03-21,3434,アルファ,スタンダード（内国株式）,金属製品,1210,1223,1210,1218,11,0.91135,13300,OK
2025-03-21,3435,サンコーテクノ,スタンダード（内国株式）,金属製品,1199,1203,1197,1203,3,0.25,3000,OK
2025-03-21,3436,ＳＵＭＣＯ,プライム（内国株式）,金属製品,1194,1206.5,1155,1157,-75.5,-6.125761,10649600,OK
2025-03-21,3437,特殊電極,スタンダード（内国株式）,金属製品,2407,2425,2407,2412,5,0.207727,1100,OK
2025-03-21,3439,三ツ知,スタンダード（内国株式）,金属製品,642,642,642,642,-1,-0.155521,200,OK
2025-03-21,3440,日創プロニティ,スタンダード（内国株式）,金属製品,933,941,932,935,14,1.520087,11600,OK
2025-03-21,3441,山王,スタンダード（内国株式）,金属製品,881,913,881,909,43,4.965358,34000,OK
2025-03-21,3443,川田テクノロジーズ,プライム（内国株式）,金属製品,3035,3085,3035,3045,-5,-0.163934,61300,OK
2025-03-21,3444,菊池製作所,スタンダード（内国株式）,金属製品,315,319,315,317,6,1.92926,11100,OK
2025-03-21,3445,ＲＳ　Ｔｅｃｈｎｏｌｏｇｉｅｓ,プライム（内国株式）,金属製品,3175,3180,3100,3115,-110,-3.410853,110700,OK
2025-03-21,3446,ジェイテックコーポレーション,プライム（内国株式）,金属製品,1277,1277,1255,1261,-14,-1.098039,15600,OK
2025-03-21,3447,信和,スタンダード（内国株式）,金属製品,774,780,773,773,1,0.129534,33500,OK
2025-03-21,3448,清鋼材,TOKYO PRO MARKET（内国株式）,金属製品,,,,,,,,NO_QUOTE
2025-03-21,3449,テクノフレックス,スタンダード（内国株式）,金属製品,1120,1122,1116,1122,2,0.178571,13200,OK
2025-03-21,3450,サトウ産業,TOKYO PRO MARKET（内国株式）,金属製品,,,,,,,,NO_QUOTE
2025-03-21,3452,ビーロット,スタンダード（内国株式）,不動産業,1273,1285,1269,1283,14,1.103231,115700,OK
2025-03-21,3454,ファーストブラザーズ,スタンダード（内国株式）,不動産業,1001,1003,986,994,-7,-0.699301,14200,OK
2025-03-21,3457,Ａｎｄ　Ｄｏホールディングス,プライム（内国株式）,不動産業,1270,1270,1255,1255,-15,-1.181102,45300,OK
2025-03-21,3458,シーアールイー,プライム（内国株式）,不動産業,1690,1693,1689,1691,1,0.059172,185000,OK
2025-03-21,3461,パルマ,スタンダード（内国株式）,不動産業,518,518,511,511,0,0,6500,OK
2025-03-21,3465,ケイアイスター不動産,プライム（内国株式）,不動産業,4645,4695,4640,4640,-10,-0.215054,40700,OK
2025-03-21,3467,アグレ都市デザイン,スタンダード（内国株式）,不動産業,1868,1910,1848,1890,22,1.17773,26400,OK
2025-03-21,3469,デュアルタップ,スタンダード（内国株式）,不動産業,1178,1178,1166,1167,-8,-0.680851,5800,OK
2025-03-21,3474,Ｇ−ＦＡＣＴＯＲＹ,グロース（内国株式）,不動産業,600,600,596,597,-1,-0.167224,3300,OK
2025-03-21,3475,グッドコムアセット,プライム（内国株式）,不動産業,800,800,793,797,2,0.251572,149600,OK
2025-03-21,3477,フォーライフ,グロース（内国株式）,不動産業,680,685,679,684,9,1.333333,6500,OK
2025-03-21,3479,ティーケーピー,グロース（内国株式）,不動産業,1606,1617,1515,1525,-116,-7.06886,549400,OK
2025-03-21,3480,ジェイ・エス・ビー,プライム（内国株式）,不動産業,3285,3290,3190,3195,-50,-1.540832,55100,OK
2025-03-21,3482,ロードスターキャピタル,プライム（内国株式）,不動産業,2518,2518,2492,2501,-15,-0.596184,70400,OK
2025-03-21,3483,翔栄,TOKYO PRO MARKET（内国株式）,不動産業,,,,,,,,NO_QUOTE
2025-03-21,3484,イノベーションホールディングス,プライム（内国株式）,不動産業,1011,1019,1008,1017,13,1.294821,25200,OK
2025-03-21,3486,グローバル・リンク・マネジメント,プライム（内国株式）,不動産業,3960,3965,3805,3820,-110,-2.798982,73400,OK
2025-03-21,3489,フェイスネットワーク,スタンダード（内国株式）,不動産業,1928,1935,1913,1921,-7,-0.363071,56400,OK
2025-03-21,3490,アズ企画設計,スタンダード（内国株式）,不動産業,2426,2477,2415,2477,1,0.040388,4400,OK
2025-03-21,3491,ＧＡ　ｔｅｃｈｎｏｌｏｇｉｅｓ,グロース（内国株式）,不動産業,1180,1205,1173,1186,1,0.084388,281300,OK
2025-03-21,3494,マリオン,スタンダード（内国株式）,不動産業,358,362,354,359,6,1.699717,11700,OK
2025-03-21,3495,香陵住販,スタンダード（内国株式）,不動産業,1676,1690,1650,1690,15,0.895522,3200,OK
2025-03-21,3496,アズーム,グロース（内国株式）,不動産業,6710,6720,6620,6620,-100,-1.488095,13700,OK
2025-03-21,3497,ＬｅＴｅｃｈ,グロース（内国株式）,不動産業,1316,1316,1291,1300,-6,-0.459418,9700,OK
2025-03-21,3498,霞ヶ関キャピタル,プライム（内国株式）,不動産業,13100,13280,12970,13230,210,1.612903,397300,OK
2025-03-21,3501,ＳＵＭＩＮＯＥ,プライム（内国株式）,繊維製品,1183,1205,1180,1205,19,1.602024,29100,OK
2025-03-21,3512,日本フエルト,スタンダード（内国株式）,繊維製品,500,502,500,500,0,0,21600,OK
2025-03-21,3513,イチカワ,スタンダード（内国株式）,繊維製品,1909,1925,1902,1916,16,0.842105,5900,OK
2025-03-21,3521,エコナックホールディングス,スタンダード（内国株式）,サービス業,168,169,165,167,0,0,106400,OK
2025-03-21,3524,日東製網,スタンダード（内国株式）,繊維製品,1635,1635,1624,1635,2,0.122474,20700,OK
2025-03-21,3526,芦森工業,スタンダード（内国株式）,輸送用機器,2924,2930,2890,2920,19,0.654947,18900,OK
2025-03-21,3529,アツギ,スタンダード（内国株式）,繊維製品,1104,1115,1098,1100,0,0,14500,OK
2025-03-21,3536,アクサスホールディングス,スタンダード（内国株式）,小売業,121,125,121,124,3,2.479339,53800,OK
2025-03-21,3537,昭栄薬品,スタンダード（内国株式）,卸売業,1869,1885,1851,1855,-15,-0.802139,5600,OK
2025-03-21,3538,ウイルプラスホールディングス,スタンダード（内国株式）,小売業,993,1002,991,1001,7,0.704225,29900,OK
2025-03-21,3539,ＪＭホールディングス,プライム（内国株式）,小売業,2434,2434,2364,2364,-71,-2.915811,55100,OK
2025-03-21,3540,歯愛メディカル,スタンダード（内国株式）,卸売業,838,861,828,850,13,1.553166,131500,OK
2025-03-21,3541,農業総合研究所,グロース（内国株式）,卸売業,333,339,329,333,0,0,91500,OK
2025-03-21,3542,ベガコーポレーション,グロース（内国株式）,小売業,830,836,823,835,30,3.726708,43800,OK
2025-03-21,3543,コメダホールディングス,プライム（内国株式）,卸売業,2823,2835,2818,2833,1,0.035311,147300,OK
2025-03-21,3544,サツドラホールディングス,スタンダード（内国株式）,小売業,912,930,891,920,2,0.217865,207900,OK
2025-03-21,3546,アレンザホールディングス,プライム（内国株式）,小売業,1053,1055,1047,1047,-10,-0.946074,16700,OK
2025-03-21,3547,串カツ田中ホールディングス,スタンダード（内国株式）,小売業,1407,1420,1401,1416,8,0.568182,21300,OK
2025-03-21,3548,バロックジャパンリミテッド,プライム（内国株式）,小売業,697,699,695,698,4,0.576369,44100,OK
2025-03-21,3549,クスリのアオキホールディングス,プライム（内国株式）,小売業,3295,3333,3287,3312,4,0.120919,314600,OK
2025-03-21,3550,スタジオアタオ,グロース（内国株式）,小売業,206,209,205,208,3,1.463415,31200,OK
2025-03-21,3551,ダイニック,スタンダード（内国株式）,繊維製品,803,812,803,810,9,1.123596,18800,OK
2025-03-21,3553,共和レザー,スタンダード（内国株式）,化学,739,747,732,733,-3,-0.407609,42900,OK
2025-03-21,3556,リネットジャパングループ,グロース（内国株式）,小売業,276,295,275,282,4,1.438849,36200,OK
2025-03-21,3557,ユナイテッド＆コレクティブ,グロース（内国株式）,小売業,937,940,935,935,-3,-0.319829,7400,OK
2025-03-21,3558,ジェイドグループ,グロース（内国株式）,小売業,1335,1337,1326,1326,-14,-1.044776,39700,OK
2025-03-21,3559,ピーバンドットコム,スタンダード（内国株式）,卸売業,490,504,484,486,-2,-0.409836,82500,OK
2025-03-21,3560,ほぼ日,スタンダード（内国株式）,小売業,3110,3110,3110,3110,0,0,400,OK
2025-03-21,3561,力の源ホールディングス,プライム（内国株式）,小売業,1514,1543,1512,1530,17,1.123596,179100,OK
2025-03-21,3562,Ｎｏ．１,スタンダード（内国株式）,卸売業,1859,1865,1838,1838,-12,-0.648649,25100,OK
2025-03-21,3563,ＦＯＯＤ　＆　ＬＩＦＥ　ＣＯＭＰＡＮＩＥＳ,プライム（内国株式）,小売業,4351,4524,4340,4461,112,2.575305,1352200,OK
2025-03-21,3565,アセンテック,スタンダード（内国株式）,卸売業,1238,1285,1230,1275,35,2.822581,576900,OK
2025-03-21,3566,ユニフォームネクスト,グロース（内国株式）,小売業,506,506,500,500,-6,-1.185771,1500,OK
2025-03-21,3569,セーレン,プライム（内国株式）,繊維製品,2616,2656,2616,2623,23,0.884615,108000,OK
2025-03-21,3571,ソトー,スタンダード（内国株式）,繊維製品,712,715,707,707,-8,-1.118881,8200,OK
2025-03-21,3577,東海染工,スタンダード（内国株式）,繊維製品,1044,1048,1039,1048,10,0.963391,5800,OK
2025-03-21,3580,小松マテーレ,プライム（内国株式）,繊維製品,806,809,803,809,-1,-0.123457,14400,OK
2025-03-21,3583,オーベクス,スタンダード（内国株式）,繊維製品,1417,1420,1414,1417,14,0.997862,2000,OK
2025-03-21,3591,ワコールホールディングス,プライム（内国株式）,繊維製品,5229,5287,5228,5240,-13,-0.247478,141900,OK
2025-03-21,3593,ホギメディカル,プライム（内国株式）,繊維製品,4810,4875,4810,4820,-10,-0.207039,29100,OK
2025-03-21,3597,自重堂,スタンダード（内国株式）,繊維製品,9760,9760,9730,9740,0,0,1300,OK
2025-03-21,3598,山喜,スタンダード（内国株式）,繊維製品,168,199,161,165,-3,-1.785714,809200,OK
2025-03-21,3600,フジックス,スタンダード（内国株式）,繊維製品,,,,,,,,NO_QUOTE
2025-03-21,3604,川本産業,スタンダード（内国株式）,繊維製品,1197,1198,1197,1198,1,0.083542,47200,OK
2025-03-21,3607,クラウディアホールディングス,スタンダード（内国株式）,繊維製品,320,327,318,327,7,2.1875,42000,OK
2025-03-21,3608,ＴＳＩホールディングス,プライム（内国株式）,繊維製品,1152,1168,1148,1148,-4,-0.347222,262700,OK
2025-03-21,3611,マツオカコーポレーション,スタンダード（内国株式）,繊維製品,1930,1950,1891,1891,-31,-1.612903,161000,OK
2025-03-21,3612,ワールド,プライム（内国株式）,繊維製品,2707,2711,2669,2669,-16,-0.595903,99400,OK
2025-03-21,3622,ネットイヤーグループ,グロース（内国株式）,情報･通信業,547,550,542,542,-5,-0.914077,3800,OK
2025-03-21,3623,ビリングシステム,グロース（内国株式）,情報･通信業,1231,1247,1195,1247,21,1.712887,46600,OK
2025-03-21,3624,アクセルマーク,グロース（内国株式）,情報･通信業,122,126,121,121,0,0,592400,OK
2025-03-21,3625,テックファームホールディングス,グロース（内国株式）,情報･通信業,687,692,680,681,-6,-0.873362,13200,OK
2025-03-21,3626,ＴＩＳ,プライム（内国株式）,情報･通信業,4225,4270,4216,4235,-49,-1.143791,1267800,OK
2025-03-21,3627,テクミラホールディングス,スタンダード（内国株式）,情報･通信業,321,323,317,318,-3,-0.934579,19500,OK
2025-03-21,3628,データホライゾン,グロース（内国株式）,情報･通信業,517,520,512,512,-3,-0.582524,14900,OK
2025-03-21,3632,グリーホールディングス,プライム（内国株式）,情報･通信業,555,559,547,552,-5,-0.897666,413200,OK
2025-03-21,3633,ＧＭＯペパボ,スタンダード（内国株式）,情報･通信業,1455,1455,1443,1443,-9,-0.619835,3700,OK
2025-03-21,3634,ソケッツ,スタンダード（内国株式）,情報･通信業,579,589,579,589,16,2.792321,400,OK
2025-03-21,3635,コーエーテクモホールディングス,プライム（内国株式）,情報･通信業,2045,2077.5,2027.5,2072.5,45.5,2.244697,469300,OK
2025-03-21,3636,三菱総合研究所,プライム（内国株式）,情報･通信業,4920,4990,4900,4960,-10,-0.201207,19800,OK
2025-03-21,3639,ボルテージ,スタンダード（内国株式）,情報･通信業,250,250,246,246,-3,-1.204819,7700,OK
2025-03-21,3640,電算,スタンダード（内国株式）,情報･通信業,1663,1677,1663,1676,26,1.575758,10400,OK
2025-03-21,3641,パピレス,スタンダード（内国株式）,情報･通信業,965,965,957,961,1,0.104167,16200,OK
2025-03-21,3645,メディカルネット,グロース（内国株式）,情報･通信業,325,331,324,327,4,1.23839,14800,OK
2025-03-21,3646,駅探,グロース（内国株式）,情報･通信業,350,353,349,353,3,0.857143,10700,OK
2025-03-21,3647,ジー・スリーホールディングス,スタンダード（内国株式）,情報･通信業,139,140,135,136,-2,-1.449275,139100,OK
2025-03-21,3648,ＡＧＳ,スタンダード（内国株式）,情報･通信業,857,882,857,878,18,2.093023,12200,OK
2025-03-21,3649,ファインデックス,プライム（内国株式）,情報･通信業,728,735,714,718,-12,-1.643836,111500,OK
2025-03-21,3652,ディジタルメディアプロフェッショナル,グロース（内国株式）,情報･通信業,1740,1740,1697,1730,-16,-0.91638,10600,OK
2025-03-21,3653,モルフォ,グロース（内国株式）,情報･通信業,1245,1245,1212,1212,-33,-2.650602,23900,OK
2025-03-21,3655,ブレインパッド,プライム（内国株式）,情報･通信業,1115,1116,1100,1109,-2,-0.180018,187100,OK
2025-03-21,3656,ＫＬａｂ,プライム（内国株式）,情報･通信業,145,147,144,147,4,2.797203,435500,OK
2025-03-21,3657,ポールトゥウィンホールディングス,プライム（内国株式）,情報･通信業,405,408,403,408,3,0.740741,93900,OK
2025-03-21,3659,ネクソン,プライム（内国株式）,情報･通信業,2092.5,2115,2084,2091.5,10,0.480423,2832700,OK
2025-03-21,3660,アイスタイル,プライム（内国株式）,情報･通信業,460,467,456,463,2,0.433839,710600,OK
2025-03-21,3661,エムアップホールディングス,プライム（内国株式）,情報･通信業,1816,1845,1800,1815,-1,-0.055066,314000,OK
2025-03-21,3662,エイチーム,プライム（内国株式）,情報･通信業,993,997,968,990,0,0,153200,OK
2025-03-21,3663,セルシス,プライム（内国株式）,情報･通信業,1200,1209,1189,1194,-1,-0.083682,314400,OK
2025-03-21,3664,モブキャストホールディングス,グロース（内国株式）,情報･通信業,38,39,36,36,-3,-7.692308,4206500,OK
2025-03-21,3665,エニグモ,プライム（内国株式）,情報･通信業,300,304,296,304,4,1.333333,337800,OK
2025-03-21,3666,テクノスジャパン,スタンダード（内国株式）,情報･通信業,1146,1148,1145,1146,-1,-0.087184,58400,OK
2025-03-21,3667,ｅｎｉｓｈ,スタンダード（内国株式）,情報･通信業,127,128,126,127,-1,-0.78125,120300,OK
2025-03-21,3668,コロプラ,プライム（内国株式）,情報･通信業,490,492,485,492,-4,-0.806452,340200,OK
2025-03-21,3670,協立情報通信,スタンダード（内国株式）,情報･通信業,1615,1651,1589,1650,35,2.167183,2000,OK
2025-03-21,3671,ソフトマックス,グロース（内国株式）,情報･通信業,850,856,849,851,1,0.117647,4600,OK
2025-03-21,3672,オルトプラス,スタンダード（内国株式）,情報･通信業,63,65,60,63,-1,-1.5625,2231200,OK
2025-03-21,3673,ブロードリーフ,プライム（内国株式）,情報･通信業,713,719,681,681,-47,-6.456044,325400,OK
2025-03-21,3674,オークファン,グロース（内国株式）,情報･通信業,372,372,365,371,-1,-0.268817,6600,OK
2025-03-21,3675,クロス・マーケティンググループ,プライム（内国株式）,情報･通信業,730,730,714,717,-11,-1.510989,38600,OK
2025-03-21,3676,デジタルハーツホールディングス,プライム（内国株式）,情報･通信業,1077,1095,1063,1074,-29,-2.629193,108100,OK
2025-03-21,3678,メディアドゥ,プライム（内国株式）,情報･通信業,1669,1694,1645,1650,-19,-1.138406,18800,OK
2025-03-21,3679,じげん,プライム（内国株式）,情報･通信業,453,453,448,448,-5,-1.103753,396600,OK
2025-03-21,3680,ホットリンク,グロース（内国株式）,情報･通信業,283,286,278,278,-1,-0.358423,69300,OK
2025-03-21,3681,ブイキューブ,プライム（内国株式）,情報･通信業,185,186,183,183,-2,-1.081081,115300,OK
2025-03-21,3682,エンカレッジ・テクノロジ,スタンダード（内国株式）,情報･通信業,627,627,622,623,-4,-0.637959,1600,OK
2025-03-21,3683,サイバーリンクス,スタンダード（内国株式）,情報･通信業,1130,1130,1110,1113,-21,-1.851852,31400,OK
2025-03-21,3686,ディー・エル・イー,スタンダード（内国株式）,情報･通信業,133,134,133,133,-2,-1.481481,53300,OK
2025-03-21,3687,フィックスターズ,プライム（内国株式）,情報･通信業,1771,1771,1690,1697,-114,-6.294865,1075300,OK
2025-03-21,3688,ＣＡＲＴＡ　ＨＯＬＤＩＮＧＳ,プライム（内国株式）,情報･通信業,1430,1440,1405,1423,-9,-0.628492,89200,OK
2025-03-21,3690,イルグルム,グロース（内国株式）,情報･通信業,583,584,579,582,-1,-0.171527,13800,OK
2025-03-21,3691,デジタルプラス,グロース（内国株式）,情報･通信業,803,807,757,757,-31,-3.93401,25200,OK
2025-03-21,3692,ＦＦＲＩセキュリティ,グロース（内国株式）,情報･通信業,3620,3695,3520,3580,-40,-1.104972,269400,OK
2025-03-21,3694,オプティム,プライム（内国株式）,情報･通信業,689,692,679,680,-6,-0.874636,63400,OK
2025-03-21,3695,ＧＭＯリサーチ＆ＡＩ,グロース（内国株式）,情報･通信業,2977,2999,2935,2970,-27,-0.900901,4300,OK
2025-03-21,3696,セレス,プライム（内国株式）,情報･通信業,2450,2529,2435,2455,-16,-0.647511,584900,OK
2025-03-21,3697,ＳＨＩＦＴ,プライム（内国株式）,情報･通信業,1257,1269,1240,1241.5,-10,-0.799041,2371900,OK
2025-03-21,3698,ＣＲＩ・ミドルウェア,グロース（内国株式）,情報･通信業,948,948,940,948,-4,-0.420168,5600,OK
2025-03-21,3708,特種東海製紙,プライム（内国株式）,パルプ・紙,3770,3775,3645,3645,-150,-3.952569,119700,OK
2025-03-21,3710,ジョルダン,スタンダード（内国株式）,情報･通信業,603,610,601,610,9,1.497504,3000,OK
2025-03-21,3712,情報企画,スタンダード（内国株式）,情報･通信業,5170,5170,5070,5150,60,1.178782,400,OK
2025-03-21,3719,ジェクシード,スタンダード（内国株式）,情報･通信業,219,223,217,218,1,0.460829,59500,OK
2025-03-21,3723,日本ファルコム,グロース（内国株式）,情報･通信業,1180,1180,1161,1180,0,0,4800,OK
2025-03-21,3726,フォーシーズＨＤ,スタンダード（内国株式）,小売業,803,821,800,806,0,0,17500,OK
2025-03-21,3727,アプリックス,グロース（内国株式）,情報･通信業,141,142,140,140,-1,-0.70922,23900,OK
2025-03-21,3733,ソフトウェア・サービス,スタンダード（内国株式）,情報･通信業,11540,11540,11260,11500,20,0.174216,3400,OK
2025-03-21,3741,セック,プライム（内国株式）,情報･通信業,4900,4920,4830,4830,-65,-1.327886,19000,OK
2025-03-21,3744,サイオス,スタンダード（内国株式）,情報･通信業,363,363,358,358,-3,-0.831025,14400,OK
2025-03-21,3747,インタートレード,スタンダード（内国株式）,情報･通信業,563,611,541,551,-21,-3.671329,2192100,OK
2025-03-21,3750,サイトリ細胞研究所,スタンダード（内国株式）,情報･通信業,924,924,920,922,2,0.217391,8200,OK
2025-03-21,3753,フライトソリューションズ,スタンダード（内国株式）,情報･通信業,259,303,247,289,32,12.451362,3326000,OK
2025-03-21,3758,アエリア,スタンダード（内国株式）,情報･通信業,249,252,249,251,2,0.803213,7200,OK
2025-03-21,3760,ケイブ,スタンダード（内国株式）,情報･通信業,916,920,912,912,-8,-0.869565,12400,OK
2025-03-21,3762,テクマトリックス,プライム（内国株式）,情報･通信業,2051,2065,2017,2046,-14,-0.679612,260800,OK
2025-03-21,3763,プロシップ,プライム（内国株式）,情報･通信業,1750,1868,1735,1805,54,3.083952,163400,OK
2025-03-21,3765,ガンホー・オンライン・エンターテイメント,プライム（内国株式）,情報･通信業,2949.5,2986,2937.5,2981,31.5,1.067978,292200,OK
2025-03-21,3766,システムズ・デザイン,スタンダード（内国株式）,情報･通信業,1039,1058,1028,1033,-6,-0.577478,1900,OK
2025-03-21,3768,リスクモンスター,スタンダード（内国株式）,情報･通信業,402,404,401,401,0,0,2000,OK
2025-03-21,3769,ＧＭＯペイメントゲートウェイ,プライム（内国株式）,情報･通信業,7914,8062,7831,7992,228,2.936631,275600,OK
2025-03-21,3770,ザッパラス,スタンダード（内国株式）,情報･通信業,342,346,342,343,0,0,5300,OK
2025-03-21,3771,システムリサーチ,プライム（内国株式）,情報･通信業,1685,1685,1658,1678,-7,-0.41543,23700,OK
2025-03-21,3772,ウェルス・マネジメント,スタンダード（内国株式）,不動産業,1010,1026,1010,1019,9,0.891089,17500,OK
2025-03-21,3773,アドバンスト・メディア,グロース（内国株式）,情報･通信業,895,906,892,896,4,0.44843,78100,OK
2025-03-21,3774,インターネットイニシアティブ,プライム（内国株式）,情報･通信業,2593,2607,2532.5,2534.5,-47,-1.820647,574500,OK
2025-03-21,3776,ブロードバンドタワー,スタンダード（内国株式）,情報･通信業,154,156,154,156,2,1.298701,155800,OK
2025-03-21,3777,環境フレンドリーホールディングス,グロース（内国株式）,情報･通信業,35,38,34,35,1,2.941176,4651100,OK
2025-03-21,3778,さくらインターネット,プライム（内国株式）,情報･通信業,4100,4130,4080,4095,-15,-0.364964,587000,OK
2025-03-21,3779,ジェイ・エスコムホールディングス,スタンダード（内国株式）,情報･通信業,158,178,152,154,-4,-2.531646,545700,OK
2025-03-21,3787,テクノマセマティカル,スタンダード（内国株式）,情報･通信業,543,552,525,547,4,0.736648,14100,OK
2025-03-21,3788,ＧＭＯグローバルサイン・ホールディングス,プライム（内国株式）,情報･通信業,2390,2432,2353,2385,-6,-0.250941,14000,OK
2025-03-21,3791,ＩＧポート,スタンダード（内国株式）,情報･通信業,2142,2157,2096,2145,103,5.044074,168200,OK
2025-03-21,3793,ドリコム,グロース（内国株式）,情報･通信業,613,624,606,614,2,0.326797,920500,OK
2025-03-21,3796,いい生活,スタンダード（内国株式）,情報･通信業,491,493,489,489,-1,-0.204082,1700,OK
2025-03-21,3798,ＵＬＳグループ,スタンダード（内国株式）,情報･通信業,4925,4930,4825,4840,-85,-1.725888,16400,OK
2025-03-21,3799,キーウェアソリューションズ,スタンダード（内国株式）,情報･通信業,765,770,764,764,-1,-0.130719,11900,OK
2025-03-21,3800,ユニリタ,スタンダード（内国株式）,情報･通信業,1997,1997,1994,1997,0,0,2900,OK
2025-03-21,3802,エコミック,スタンダード（内国株式）,情報･通信業,538,544,537,540,7,1.313321,13100,OK
2025-03-21,3803,イメージ情報開発,グロース（内国株式）,情報･通信業,475,480,475,479,2,0.419287,600,OK
2025-03-21,3804,システム　ディ,スタンダード（内国株式）,情報･通信業,1692,1692,1654,1673,-20,-1.181335,2800,OK
2025-03-21,3807,フィスコ,グロース（内国株式）,情報･通信業,154,160,154,155,1,0.649351,404700,OK
2025-03-21,3810,サイバーステップ,スタンダード（内国株式）,情報･通信業,299,305,298,300,3,1.010101,196100,OK
2025-03-21,3814,アルファクス・フード・システム,グロース（内国株式）,情報･通信業,363,363,357,360,0,0,2600,OK
2025-03-21,3815,メディア工房,グロース（内国株式）,情報･通信業,509,510,506,509,0,0,3300,OK
2025-03-21,3816,大和コンピューター,スタンダード（内国株式）,情報･通信業,1159,1159,1151,1159,2,0.172861,3000,OK
2025-03-21,3817,ＳＲＡホールディングス,プライム（内国株式）,情報･通信業,4615,4625,4550,4610,15,0.326442,17400,OK
2025-03-21,3823,ＴＨＥ　ＷＨＹ　ＨＯＷ　ＤＯ　ＣＯＭＰＡＮＹ,スタンダード（内国株式）,情報･通信業,142,156,136,149,4,2.758621,21615800,OK
2025-03-21,3825,リミックスポイント,スタンダード（内国株式）,小売業,471,535,467,477,5,1.059322,7145800,OK
2025-03-21,3826,システムインテグレータ,スタンダード（内国株式）,情報･通信業,366,374,366,374,6,1.630435,16400,OK
2025-03-21,3834,朝日ネット,プライム（内国株式）,情報･通信業,686,687,681,682,0,0,37100,OK
2025-03-21,3835,ｅＢＡＳＥ,プライム（内国株式）,情報･通信業,570,571,563,571,-3,-0.522648,64800,OK
2025-03-21,3836,アバントグループ,プライム（内国株式）,情報･通信業,1781,1801,1756,1756,-43,-2.390217,67700,OK
2025-03-21,3837,アドソル日進,プライム（内国株式）,情報･通信業,2199,2239,2185,2205,29,1.332721,27600,OK
2025-03-21,3839,ＯＤＫソリューションズ,スタンダード（内国株式）,情報･通信業,569,573,567,573,4,0.702988,14200,OK
2025-03-21,3840,パス,スタンダード（内国株式）,情報･通信業,107,108,106,106,0,0,73500,OK
2025-03-21,3841,ジーダット,スタンダード（内国株式）,情報･通信業,1458,1476,1388,1393,-62,-4.261168,8300,OK
2025-03-21,3842,ネクストジェン,スタンダード（内国株式）,情報･通信業,1088,1090,1083,1085,-2,-0.183993,13400,OK
2025-03-21,3843,フリービット,プライム（内国株式）,情報･通信業,1563,1574,1544,1545,-18,-1.151631,38500,OK
2025-03-21,3844,コムチュア,プライム（内国株式）,情報･通信業,1732,1756,1732,1736,-5,-0.287191,178400,OK
2025-03-21,3845,アイフリークモバイル,スタンダード（内国株式）,情報･通信業,93,96,93,96,3,3.225806,140900,OK
2025-03-21,3847,パシフィックシステム,スタンダード（内国株式）,情報･通信業,,,,,,,,NO_QUOTE
2025-03-21,3848,データ・アプリケーション,スタンダード（内国株式）,情報･通信業,873,909,869,909,40,4.602992,5400,OK
2025-03-21,3850,エヌ・ティ・ティ・データ・イントラマート,スタンダード（内国株式）,情報･通信業,2582,2588,2550,2576,15,0.585709,6800,OK
2025-03-21,3851,日本一ソフトウェア,スタンダード（内国株式）,情報･通信業,801,815,801,813,12,1.498127,3100,OK
2025-03-21,3853,アステリア,プライム（内国株式）,情報･通信業,555,556,548,548,-9,-1.615799,70900,OK
2025-03-21,3854,アイル,プライム（内国株式）,情報･通信業,2280,2297,2252,2252,-31,-1.357862,60800,OK
2025-03-21,3856,Ａｂａｌａｎｃｅ,スタンダード（内国株式）,電気機器,646,654,628,629,-21,-3.230769,554300,OK
2025-03-21,3858,ユビキタスＡＩ,スタンダード（内国株式）,情報･通信業,413,413,401,401,-9,-2.195122,54200,OK
2025-03-21,3861,王子ホールディングス,プライム（内国株式）,パルプ・紙,652.8,655.5,649.6,652.3,5.8,0.897138,7403600,OK
2025-03-21,3863,日本製紙,プライム（内国株式）,パルプ・紙,1042,1064,1039,1058,16,1.535509,940400,OK
2025-03-21,3864,三菱製紙,プライム（内国株式）,パルプ・紙,688,705,684,692,1,0.144718,178000,OK
2025-03-21,3865,北越コーポレーション,プライム（内国株式）,パルプ・紙,1375,1375,1269,1269,-121,-8.705036,989200,OK
2025-03-21,3877,中越パルプ工業,プライム（内国株式）,パルプ・紙,1512,1516,1506,1508,2,0.132802,25100,OK
2025-03-21,3878,巴川コーポレーション,スタンダード（内国株式）,化学,747,767,743,743,-7,-0.933333,27900,OK
2025-03-21,3880,大王製紙,プライム（内国株式）,パルプ・紙,873,880,872,875,-5,-0.568182,242700,OK
2025-03-21,3891,ニッポン高度紙工業,スタンダード（内国株式）,パルプ・紙,1848,1848,1831,1838,-15,-0.809498,12400,OK
2025-03-21,3892,岡山製紙,スタンダード（内国株式）,パルプ・紙,1460,1469,1460,1467,12,0.824742,1800,OK
2025-03-21,3895,ハビックス,スタンダード（内国株式）,パルプ・紙,497,499,495,497,2,0.40404,4900,OK
2025-03-21,3896,阿波製紙,スタンダード（内国株式）,パルプ・紙,428,435,428,429,-1,-0.232558,4800,OK
2025-03-21,3900,クラウドワークス,グロース（内国株式）,情報･通信業,1102,1122,1100,1116,11,0.995475,75100,OK
2025-03-21,3901,マークラインズ,プライム（内国株式）,情報･通信業,2418,2438,2408,2438,35,1.456513,7600,OK
2025-03-21,3902,メディカル・データ・ビジョン,プライム（内国株式）,情報･通信業,410,422,406,417,11,2.70936,850600,OK
2025-03-21,3903,ｇｕｍｉ,プライム（内国株式）,情報･通信業,493,503,484,484,-9,-1.825558,1568500,OK
2025-03-21,3904,カヤック,グロース（内国株式）,情報･通信業,445,456,445,451,8,1.805869,42700,OK
2025-03-21,3905,データセクション,グロース（内国株式）,情報･通信業,1044,1056,1012,1017,-27,-2.586207,170000,OK
2025-03-21,3907,シリコンスタジオ,グロース（内国株式）,情報･通信業,736,748,732,743,2,0.269906,1600,OK
2025-03-21,3908,コラボス,グロース（内国株式）,情報･通信業,315,317,315,316,1,0.31746,3900,OK
2025-03-21,3909,ショーケース,スタンダード（内国株式）,情報･通信業,336,336,329,331,-1,-0.301205,19100,OK
2025-03-21,3910,エムケイシステム,スタンダード（内国株式）,情報･通信業,333,335,330,331,0,0,13000,OK
2025-03-21,3911,Ａｉｍｉｎｇ,グロース（内国株式）,情報･通信業,265,267,259,262,5,1.945525,913400,OK
2025-03-21,3912,モバイルファクトリー,スタンダード（内国株式）,情報･通信業,957,964,957,960,5,0.52356,25200,OK
2025-03-21,3913,ＧｒｅｅｎＢｅｅ,グロース（内国株式）,情報･通信業,619,630,615,626,8,1.294498,3700,OK
2025-03-21,3914,ＪＩＧ−ＳＡＷ,グロース（内国株式）,情報･通信業,3515,3515,3445,3510,-5,-0.142248,20200,OK
2025-03-21,3915,テラスカイ,プライム（内国株式）,情報･通信業,2279,2292,2223,2240,-35,-1.538462,62300,OK
2025-03-21,3916,デジタル・インフォメーション・テクノロジー,プライム（内国株式）,情報･通信業,2498,2563,2463,2540,16,0.633914,40600,OK
2025-03-21,3917,アイリッジ,グロース（内国株式）,情報･通信業,583,585,570,570,-13,-2.229846,13300,OK
2025-03-21,3918,ＰＣＩホールディングス,スタンダード（内国株式）,情報･通信業,970,976,937,951,-14,-1.450777,21100,OK
2025-03-21,3920,アイビーシー,スタンダード（内国株式）,情報･通信業,700,712,700,709,4,0.567376,17300,OK
2025-03-21,3921,ネオジャパン,プライム（内国株式）,情報･通信業,1603,1678,1602,1670,95,6.031746,115300,OK
2025-03-21,3922,ＰＲ　ＴＩＭＥＳ,プライム（内国株式）,情報･通信業,2420,2450,2412,2450,34,1.407285,19200,OK
2025-03-21,3923,ラクス,プライム（内国株式）,情報･通信業,2010,2052,1999,2031,13.5,0.669145,763300,OK
2025-03-21,3924,ランドコンピュータ,プライム（内国株式）,情報･通信業,699,705,698,698,-1,-0.143062,32400,OK
2025-03-21,3925,ダブルスタンダード,プライム（内国株式）,情報･通信業,1581,1589,1572,1582,-6,-0.377834,36000,OK
2025-03-21,3926,オープンドア,プライム（内国株式）,情報･通信業,680,692,672,672,-13,-1.89781,40700,OK
2025-03-21,3927,フーバーブレイン,グロース（内国株式）,情報･通信業,728,740,713,739,18,2.496533,48200,OK
2025-03-21,3928,マイネット,スタンダード（内国株式）,情報･通信業,252,252,248,248,-3,-1.195219,33200,OK
2025-03-21,3929,ソーシャルワイヤー,グロース（内国株式）,情報･通信業,257,257,254,255,4,1.593625,7100,OK
2025-03-21,3930,はてな,グロース（内国株式）,情報･通信業,1441,1441,1380,1386,-40,-2.805049,14300,OK
2025-03-21,3931,バリューゴルフ,グロース（内国株式）,情報･通信業,1308,1329,1308,1324,17,1.300689,13000,OK
2025-03-21,3932,アカツキ,プライム（内国株式）,情報･通信業,2855,2978,2855,2946,68,2.362752,57900,OK
2025-03-21,3933,チエル,スタンダード（内国株式）,情報･通信業,669,669,657,657,-6,-0.904977,3000,OK
2025-03-21,3934,ベネフィットジャパン,スタンダード（内国株式）,情報･通信業,1180,1190,1180,1180,0,0,1800,OK
2025-03-21,3935,エディア,スタンダード（内国株式）,情報･通信業,487,501,487,495,11,2.272727,111000,OK
2025-03-21,3936,グローバルウェイ,グロース（内国株式）,情報･通信業,111,111,109,109,-2,-1.801802,57700,OK
2025-03-21,3937,Ｕｂｉｃｏｍホールディングス,プライム（内国株式）,情報･通信業,1400,1405,1381,1405,1,0.071225,40800,OK
2025-03-21,3939,カナミックネットワーク,プライム（内国株式）,情報･通信業,441,441,433,437,-4,-0.907029,81800,OK
2025-03-21,3940,ノムラシステムコーポレーション,スタンダード（内国株式）,情報･通信業,125,126,125,125,1,0.806452,43500,OK
2025-03-21,3941,レンゴー,プライム（内国株式）,パルプ・紙,835.6,840.2,831.6,835.3,6.3,0.759952,1265500,OK
2025-03-21,3943,大石産業,スタンダード（内国株式）,パルプ・紙,1545,1567,1520,1535,-40,-2.539683,16600,OK
2025-03-21,3944,古林紙工,スタンダード（内国株式）,パルプ・紙,2002,2002,2000,2000,-2,-0.0999,200,OK
2025-03-21,3945,スーパーバッグ,スタンダード（内国株式）,パルプ・紙,2321,2344,2321,2330,15,0.647948,1500,OK
2025-03-21,3946,トーモク,プライム（内国株式）,パルプ・紙,2523,2540,2511,2540,19,0.753669,30900,OK
2025-03-21,3947,ダイナパック,スタンダード（内国株式）,パルプ・紙,1888,1917,1888,1917,29,1.536017,5500,OK
2025-03-21,3948,光ビジネスフォーム,スタンダード（内国株式）,パルプ・紙,790,800,785,796,7,0.887199,5100,OK
2025-03-21,3950,ザ・パック,プライム（内国株式）,パルプ・紙,3360,3385,3315,3370,10,0.297619,32200,OK
2025-03-21,3951,朝日印刷,スタンダード（内国株式）,パルプ・紙,906,913,905,906,-2,-0.220264,3100,OK
2025-03-21,3953,大村紙業,スタンダード（内国株式）,パルプ・紙,871,874,869,873,2,0.229621,32400,OK
2025-03-21,3954,昭和パックス,スタンダード（内国株式）,パルプ・紙,1874,1914,1865,1909,35,1.867663,5300,OK
2025-03-21,3955,イムラ,スタンダード（内国株式）,パルプ・紙,934,949,934,946,8,0.852878,5500,OK
2025-03-21,3958,笹徳印刷,スタンダード（内国株式）,パルプ・紙,526,530,525,529,1,0.189394,3600,OK
2025-03-21,3961,シルバーエッグ・テクノロジー,グロース（内国株式）,情報･通信業,692,705,692,694,2,0.289017,5000,OK
2025-03-21,3962,チェンジホールディングス,プライム（内国株式）,情報･通信業,1400,1462,1400,1428,4,0.280899,598800,OK
2025-03-21,3963,シンクロ・フード,プライム（内国株式）,情報･通信業,441,467,440,464,22,4.977376,1224600,OK
2025-03-21,3964,オークネット,プライム（内国株式）,情報･通信業,2478,2511,2461,2473,-3,-0.121163,16900,OK
2025-03-21,3965,キャピタル・アセット・プランニング,スタンダード（内国株式）,情報･通信業,751,755,751,755,-1,-0.132275,2300,OK
2025-03-21,3967,エルテス,グロース（内国株式）,情報･通信業,691,699,682,682,-8,-1.15942,20500,OK
2025-03-21,3968,セグエグループ,プライム（内国株式）,情報･通信業,495,496,490,490,-5,-1.010101,119300,OK
2025-03-21,3969,エイトレッド,スタンダード（内国株式）,情報･通信業,1465,1483,1465,1483,19,1.297814,10000,OK
2025-03-21,3970,イノベーション,グロース（内国株式）,情報･通信業,1205,1205,1186,1188,-4,-0.33557,700,OK
2025-03-21,3974,ＳＣＡＴ,スタンダード（内国株式）,情報･通信業,400,401,400,401,1,0.25,4900,OK
2025-03-21,3976,シャノン,グロース（内国株式）,情報･通信業,408,408,402,403,0,0,2400,OK
2025-03-21,3978,マクロミル,プライム（内国株式）,情報･通信業,1269,1277,1269,1272,2,0.15748,81900,OK
2025-03-21,3979,うるる,グロース（内国株式）,情報･通信業,1698,1725,1681,1698,10,0.592417,6000,OK
2025-03-21,3981,ビーグリー,スタンダード（内国株式）,情報･通信業,1519,1530,1519,1530,11,0.724161,2200,OK
2025-03-21,3983,オロ,プライム（内国株式）,情報･通信業,2612,2660,2612,2654,42,1.607963,42200,OK
2025-03-21,3984,ユーザーローカル,プライム（内国株式）,情報･通信業,1721,1744,1710,1711,-10,-0.581058,39400,OK
2025-03-21,3985,テモナ,スタンダード（内国株式）,情報･通信業,199,199,195,197,-1,-0.505051,23800,OK
2025-03-21,3986,ビーブレイクシステムズ,グロース（内国株式）,情報･通信業,1401,1431,1401,1431,29,2.068474,400,OK
2025-03-21,3987,エコモット,グロース（内国株式）,情報･通信業,500,500,459,461,-49,-9.607843,638100,OK
2025-03-21,3988,ＳＹＳホールディングス,スタンダード（内国株式）,情報･通信業,523,523,510,514,-3,-0.580271,5600,OK
2025-03-21,3989,シェアリングテクノロジー,グロース（内国株式）,情報･通信業,1074,1100,1074,1095,31,2.913534,399900,OK
2025-03-21,3991,ウォンテッドリー,グロース（内国株式）,情報･通信業,1237,1237,1220,1235,-2,-0.161681,4700,OK
2025-03-21,3992,ニーズウェル,プライム（内国株式）,情報･通信業,406,416,405,411,3,0.735294,238100,OK
2025-03-21,3993,ＰＫＳＨＡ　Ｔｅｃｈｎｏｌｏｇｙ,プライム（内国株式）,情報･通信業,3225,3265,3120,3120,-105,-3.255814,811700,OK
2025-03-21,3994,マネーフォワード,プライム（内国株式）,情報･通信業,4385,4400,4265,4273,-42,-0.973349,535500,OK
2025-03-21,3996,サインポスト,スタンダード（内国株式）,情報･通信業,410,410,405,405,-5,-1.219512,20200,OK
2025-03-21,3997,トレードワークス,スタンダード（内国株式）,情報･通信業,1380,1409,1345,1350,-47,-3.364352,18300,OK
2025-03-21,3998,すららネット,グロース（内国株式）,情報･通信業,369,369,364,369,6,1.652893,8300,OK
2025-03-21,4004,レゾナック・ホールディングス,プライム（内国株式）,化学,3510,3544,3469,3469,-47,-1.336746,988200,OK
2025-03-21,4005,住友化学,プライム（内国株式）,化学,371.2,374.9,370.1,372,0.2,0.053792,10909100,OK
2025-03-21,4008,住友精化,プライム（内国株式）,化学,5140,5160,5130,5140,0,0,31500,OK
2025-03-21,4011,ヘッドウォータース,グロース（内国株式）,情報･通信業,4100,4200,4080,4080,-55,-1.330109,17200,OK
2025-03-21,4012,アクシス,スタンダード（内国株式）,情報･通信業,1476,1493,1476,1492,16,1.084011,7000,OK
2025-03-21,4013,勤次郎,グロース（内国株式）,情報･通信業,605,611,588,590,-10,-1.666667,109200,OK
2025-03-21,4014,カラダノート,グロース（内国株式）,情報･通信業,436,444,429,431,-5,-1.146789,20400,OK
2025-03-21,4015,ペイクラウドホールディングス,グロース（内国株式）,情報･通信業,642,649,631,646,8,1.253918,79400,OK
2025-03-21,4016,ＭＩＴホールディングス,スタンダード（内国株式）,情報･通信業,777,782,776,779,2,0.2574,3600,OK
2025-03-21,4017,クリーマ,グロース（内国株式）,情報･通信業,285,287,282,287,10,3.610108,11200,OK
2025-03-21,4019,スタメン,グロース（内国株式）,情報･通信業,826,840,826,832,-4,-0.478469,15700,OK
2025-03-21,4020,ビートレンド,グロース（内国株式）,情報･通信業,632,633,625,625,3,0.482315,1000,OK
2025-03-21,4021,日産化学,プライム（内国株式）,化学,4583,4597,4561,4579,-11,-0.239651,624500,OK
2025-03-21,4022,ラサ工業,プライム（内国株式）,化学,2840,2844,2784,2784,-56,-1.971831,38200,OK
2025-03-21,4023,クレハ,プライム（内国株式）,化学,2863,2875,2842,2860,4,0.140056,185200,OK
2025-03-21,4025,多木化学,プライム（内国株式）,化学,3520,3550,3520,3545,40,1.141227,5700,OK
2025-03-21,4026,神島化学工業,スタンダード（内国株式）,ガラス･土石製品,1628,1659,1611,1622,-6,-0.36855,82100,OK
2025-03-21,4027,テイカ,プライム（内国株式）,化学,1481,1481,1451,1463,-21,-1.415094,36200,OK
2025-03-21,4028,石原産業,プライム（内国株式）,化学,1900,1922,1891,1895,5,0.26455,238100,OK
2025-03-21,4031,片倉コープアグリ,スタンダード（内国株式）,化学,952,970,952,960,9,0.946372,4700,OK
2025-03-21,4040,南海化学,スタンダード（内国株式）,化学,2752,2850,2750,2850,16,0.564573,20300,OK
2025-03-21,4041,日本曹達,プライム（内国株式）,化学,2976,2998,2960,2979,4,0.134454,191500,OK
2025-03-21,4042,東ソー,プライム（内国株式）,化学,2206,2216,2192,2195,-11,-0.49864,1926900,OK
2025-03-21,4043,トクヤマ,プライム（内国株式）,化学,2957,2966.5,2919,2926.5,-19.5,-0.661914,457900,OK
2025-03-21,4044,セントラル硝子,プライム（内国株式）,化学,3430,3450,3410,3410,-30,-0.872093,87600,OK
2025-03-21,4045,東亞合成,プライム（内国株式）,化学,1429,1449.5,1427,1439,6.5,0.453752,271600,OK
2025-03-21,4046,大阪ソーダ,プライム（内国株式）,化学,1600,1670,1595,1643,24,1.482397,445100,OK
2025-03-21,4047,関東電化工業,プライム（内国株式）,化学,914,936,914,926,12,1.31291,184500,OK
2025-03-21,4051,ＧＭＯフィナンシャルゲート,グロース（内国株式）,情報･通信業,5010,5090,4980,5000,-60,-1.185771,37000,OK
2025-03-21,4052,フィーチャ,グロース（内国株式）,情報･通信業,423,426,423,423,0,0,3300,OK
2025-03-21,4053,Ｓｕｎ　Ａｓｔｅｒｉｓｋ,プライム（内国株式）,情報･通信業,591,598,584,587,-7,-1.178451,171500,OK
2025-03-21,4054,日本情報クリエイト,グロース（内国株式）,情報･通信業,970,1029,967,1018,48,4.948454,51800,OK
2025-03-21,4055,ティアンドエスグループ,グロース（内国株式）,情報･通信業,1346,1349,1330,1330,-19,-1.408451,10400,OK
2025-03-21,4056,ニューラルグループ,グロース（内国株式）,情報･通信業,789,796,786,786,-9,-1.132075,5000,OK
2025-03-21,4057,インターファクトリー,グロース（内国株式）,情報･通信業,520,546,519,540,16,3.053435,12000,OK
2025-03-21,4058,トヨクモ,グロース（内国株式）,情報･通信業,2499,2578,2490,2536,86,3.510204,66100,OK
2025-03-21,4059,まぐまぐ,スタンダード（内国株式）,情報･通信業,555,557,541,550,-3,-0.542495,4500,OK
2025-03-21,4060,ｒａｋｕｍｏ,グロース（内国株式）,情報･通信業,810,837,810,835,17,2.07824,23000,OK
2025-03-21,4061,デンカ,プライム（内国株式）,化学,2220,2245,2219,2233,-2.5,-0.111832,416400,OK
2025-03-21,4062,イビデン,プライム（内国株式）,電気機器,4376,4390,4233,4256,-189,-4.251969,2054000,OK
2025-03-21,4063,信越化学工業,プライム（内国株式）,化学,4453,4486,4447,4468,-55,-1.216007,11385900,OK
2025-03-21,4064,日本カーバイド工業,プライム（内国株式）,化学,1940,1947,1928,1946,6,0.309278,35400,OK
2025-03-21,4068,ベイシス,グロース（内国株式）,情報･通信業,1499,1505,1470,1505,5,0.333333,1500,OK
2025-03-21,4069,ＢｌｕｅＭｅｍｅ,グロース（内国株式）,情報･通信業,1193,1228,1185,1205,5,0.416667,2400,OK
2025-03-21,4071,プラスアルファ・コンサルティング,プライム（内国株式）,情報･通信業,1386,1419,1383,1400,17,1.229212,322500,OK
2025-03-21,4072,電算システムホールディングス,プライム（内国株式）,情報･通信業,2625,2630,2593,2603,-18,-0.686761,11200,OK
2025-03-21,4073,ジィ・シィ企画,グロース（内国株式）,情報･通信業,737,739,705,708,-30,-4.065041,127200,OK
2025-03-21,4074,ラキール,グロース（内国株式）,情報･通信業,856,859,849,850,-5,-0.584795,20600,OK
2025-03-21,4075,ブレインズテクノロジー,グロース（内国株式）,情報･通信業,714,727,710,710,-11,-1.525659,1800,OK
2025-03-21,4076,シイエヌエス,グロース（内国株式）,情報･通信業,1418,1423,1418,1418,4,0.282885,2500,OK
2025-03-21,4078,堺化学工業,プライム（内国株式）,化学,2850,2881,2844,2844,-6,-0.210526,111400,OK
2025-03-21,4080,田中化学研究所,スタンダード（内国株式）,化学,507,509,501,501,-10,-1.956947,61500,OK
2025-03-21,4082,第一稀元素化学工業,プライム（内国株式）,化学,736,740,730,737,-3,-0.405405,22600,OK
2025-03-21,4088,エア・ウォーター,プライム（内国株式）,化学,1988,2009.5,1981,1987.5,9,0.45489,727000,OK
2025-03-21,4091,日本酸素ホールディングス,プライム（内国株式）,化学,4808,4846,4778,4778,-54,-1.11755,884300,OK
2025-03-21,4092,日本化学工業,プライム（内国株式）,化学,2379,2416,2377,2384,6,0.252313,72400,OK
2025-03-21,4093,東邦アセチレン,プライム（内国株式）,化学,369,372,368,369,2,0.544959,52800,OK
2025-03-21,4094,日本化学産業,スタンダード（内国株式）,化学,1534,1570,1533,1545,13,0.848564,8600,OK
2025-03-21,4095,日本パーカライジング,プライム（内国株式）,化学,1284,1304,1283,1283,-10,-0.773395,282000,OK
2025-03-21,4097,高圧ガス工業,プライム（内国株式）,化学,928,938,918,938,4,0.428266,167400,OK
2025-03-21,4098,チタン工業,スタンダード（内国株式）,化学,781,786,778,780,0,0,3100,OK
2025-03-21,4099,四国化成ホールディングス,プライム（内国株式）,化学,1912,1933,1910,1927,1,0.051921,32700,OK
2025-03-21,4100,戸田工業,スタンダード（内国株式）,化学,1214,1214,1175,1205,-9,-0.741351,10000,OK
2025-03-21,4102,丸尾カルシウム,スタンダード（内国株式）,化学,1375,1375,1367,1375,0,0,400,OK
2025-03-21,4107,伊勢化学工業,スタンダード（内国株式）,化学,24230,24530,24090,24090,-140,-0.577796,21900,OK
2025-03-21,4109,ステラ　ケミファ,プライム（内国株式）,化学,4210,4230,4150,4160,-20,-0.478469,22800,OK
2025-03-21,4112,保土谷化学工業,プライム（内国株式）,化学,3335,3365,3335,3335,-5,-0.149701,28700,OK
2025-03-21,4113,田岡化学工業,スタンダード（内国株式）,化学,1208,1225,1195,1200,0,0,43500,OK
2025-03-21,4114,日本触媒,プライム（内国株式）,化学,1845,1855,1837,1848.5,6.5,0.352877,1051700,OK
2025-03-21,4116,大日精化工業,プライム（内国株式）,化学,3195,3260,3185,3230,50,1.572327,58100,OK
2025-03-21,4118,カネカ,プライム（内国株式）,化学,3875,3915,3867,3892,14,0.361011,230700,OK
2025-03-21,4119,日本ピグメントホールディングス,スタンダード（内国株式）,化学,3140,3190,3140,3155,0,0,5000,OK
2025-03-21,4120,スガイ化学工業,スタンダード（内国株式）,化学,2225,2225,2225,2225,-5,-0.224215,400,OK
2025-03-21,4124,大阪油化工業,スタンダード（内国株式）,化学,,,,,,,,NO_QUOTE
2025-03-21,4125,三和油化工業,スタンダード（内国株式）,化学,1508,1538,1505,1510,-3,-0.198282,13800,OK
2025-03-21,4151,協和キリン,プライム（内国株式）,医薬品,2158.5,2161,2136,2138.5,-39,-1.791045,1898200,OK
2025-03-21,4165,プレイド,グロース（内国株式）,情報･通信業,1138,1148,1069,1069,-75,-6.555944,1510600,OK
2025-03-21,4166,かっこ,グロース（内国株式）,情報･通信業,614,620,608,609,-5,-0.814332,7600,OK
2025-03-21,4167,ココペリ,グロース（内国株式）,情報･通信業,387,393,375,385,2,0.522193,29900,OK
2025-03-21,4168,ヤプリ,グロース（内国株式）,情報･通信業,757,761,746,748,-9,-1.188904,73900,OK
2025-03-21,4169,ＥＮＥＣＨＡＮＧＥ,グロース（内国株式）,情報･通信業,296,297,292,295,-4,-1.337793,180600,OK
2025-03-21,4170,Ｋａｉｚｅｎ　Ｐｌａｔｆｏｒｍ,グロース（内国株式）,情報･通信業,162,166,162,166,4,2.469136,51700,OK
2025-03-21,4171,グローバルインフォメーション,スタンダード（内国株式）,情報･通信業,1333,1347,1333,1347,10,0.747943,4500,OK
2025-03-21,4172,東和ハイシステム,スタンダード（内国株式）,情報･通信業,2129,2200,2129,2200,71,3.334899,8500,OK
2025-03-21,4173,ＷＡＣＵＬ,グロース（内国株式）,情報･通信業,300,305,300,304,2,0.662252,36300,OK
2025-03-21,4174,アピリッツ,スタンダード（内国株式）,情報･通信業,844,856,838,848,-3,-0.352526,11000,OK
2025-03-21,4175,ｃｏｌｙ,グロース（内国株式）,情報･通信業,1389,1391,1363,1363,-39,-2.78174,11500,OK
2025-03-21,4176,ココナラ,グロース（内国株式）,情報･通信業,292,293,289,291,-3,-1.020408,102900,OK
2025-03-21,4177,ｉ‐ｐｌｕｇ,グロース（内国株式）,情報･通信業,1122,1140,1110,1110,-12,-1.069519,19700,OK
2025-03-21,4178,Ｓｈａｒｉｎｇ　Ｉｎｎｏｖａｔｉｏｎｓ,グロース（内国株式）,情報･通信業,715,715,714,714,-1,-0.13986,500,OK
2025-03-21,4179,ジーネクスト,グロース（内国株式）,情報･通信業,405,432,405,421,16,3.950617,122600,OK
2025-03-21,4180,Ａｐｐｉｅｒ　Ｇｒｏｕｐ,プライム（内国株式）,情報･通信業,1506,1522,1459,1459,-47,-3.12085,1301800,OK
2025-03-21,4182,三菱瓦斯化学,プライム（内国株式）,化学,2460,2476.5,2450,2455.5,-4.5,-0.182927,849500,OK
2025-03-21,4183,三井化学,プライム（内国株式）,化学,3591,3639,3584,3593,-25,-0.690989,1526200,OK
2025-03-21,4186,東京応化工業,プライム（内国株式）,化学,3375,3379,3322,3347,-41,-1.210153,1020400,OK
2025-03-21,4187,大阪有機化学工業,プライム（内国株式）,化学,2581,2600,2566,2570,-41,-1.57028,162500,OK
2025-03-21,4188,三菱ケミカルグループ,プライム（内国株式）,化学,783.6,797,782.7,790.3,1.5,0.190162,8289900,OK
2025-03-21,4189,ＫＨネオケム,プライム（内国株式）,化学,2599,2627,2574,2581,-9,-0.34749,215100,OK
2025-03-21,4192,スパイダープラス,グロース（内国株式）,情報･通信業,506,508,481,488,-19,-3.747535,431500,OK
2025-03-21,4193,ファブリカホールディングス,スタンダード（内国株式）,情報･通信業,2788,2795,2770,2794,7,0.251166,5700,OK
2025-03-21,4194,ビジョナル,プライム（内国株式）,情報･通信業,7882,7979,7771,7800,-82,-1.040345,205700,OK
2025-03-21,4196,ネオマーケティング,スタンダード（内国株式）,情報･通信業,1060,1068,1060,1064,1,0.094073,800,OK
2025-03-21,4197,アスマーク,スタンダード（内国株式）,情報･通信業,2413,2439,2412,2428,15,0.621633,2400,OK
2025-03-21,4198,テンダ,スタンダード（内国株式）,情報･通信業,951,956,923,930,-6,-0.641026,16600,OK
2025-03-21,4199,ワンダープラネット,グロース（内国株式）,情報･通信業,810,820,806,806,-1,-0.123916,1800,OK
2025-03-21,4202,ダイセル,プライム（内国株式）,化学,1370,1380.5,1367,1372.5,-19,-1.365433,1179100,OK
2025-03-21,4203,住友ベークライト,プライム（内国株式）,化学,3584,3590,3535,3549,4,0.112835,237900,OK
2025-03-21,4204,積水化学工業,プライム（内国株式）,化学,2643,2658,2635.5,2655,10.5,0.39705,2081400,OK
2025-03-21,4205,日本ゼオン,プライム（内国株式）,化学,1585,1598,1580,1589.5,14,0.888607,1270600,OK
2025-03-21,4206,アイカ工業,プライム（内国株式）,化学,3400,3446,3390,3390,10,0.295858,379400,OK
2025-03-21,4208,ＵＢＥ,プライム（内国株式）,化学,2322.5,2331,2305,2305,-21,-0.902837,779100,OK
2025-03-21,4212,積水樹脂,プライム（内国株式）,化学,2004,2006,1982,1982,-22,-1.097804,58200,OK
2025-03-21,4216,旭有機材,プライム（内国株式）,化学,3945,3965,3920,3930,-20,-0.506329,26600,OK
2025-03-21,4218,ニチバン,プライム（内国株式）,化学,2118,2118,2086,2100,-19,-0.896649,13300,OK
2025-03-21,4220,リケンテクノス,プライム（内国株式）,化学,1122,1134,1122,1128,2,0.17762,98900,OK
2025-03-21,4221,大倉工業,プライム（内国株式）,化学,3930,3965,3905,3920,-20,-0.507614,43000,OK
2025-03-21,4222,児玉化学工業,スタンダード（内国株式）,化学,520,541,505,530,2,0.378788,364100,OK
2025-03-21,4224,ロンシール工業,スタンダード（内国株式）,化学,1580,1585,1570,1579,2,0.126823,5900,OK
2025-03-21,4228,積水化成品工業,プライム（内国株式）,化学,369,378,369,375,6,1.626016,882500,OK
2025-03-21,4229,群栄化学工業,プライム（内国株式）,化学,2938,2950,2904,2936,8,0.273224,7300,OK
2025-03-21,4231,タイガースポリマー,スタンダード（内国株式）,化学,757,768,755,761,7,0.928382,41900,OK
2025-03-21,4234,サンエー化研,スタンダード（内国株式）,化学,589,589,583,583,-5,-0.85034,1500,OK
2025-03-21,4235,ウルトラファブリックス・ホールディングス,スタンダード（内国株式）,化学,800,811,797,797,-5,-0.623441,50300,OK
2025-03-21,4237,フジプレアム,スタンダード（内国株式）,化学,360,366,360,363,3,0.833333,40900,OK
2025-03-21,4238,ミライアル,スタンダード（内国株式）,化学,1338,1351,1323,1351,33,2.503794,12500,OK
2025-03-21,4240,クラスターテクノロジー,グロース（内国株式）,化学,254,258,253,257,2,0.784314,12400,OK
2025-03-21,4241,アテクト,スタンダード（内国株式）,化学,447,447,438,445,10,2.298851,4500,OK
2025-03-21,4242,タカギセイコー,スタンダード（内国株式）,化学,1400,1400,1383,1383,-17,-1.214286,2800,OK
2025-03-21,4243,ニックス,スタンダード（内国株式）,化学,750,750,742,743,-8,-1.065246,1100,OK
2025-03-21,4245,ダイキアクシス,スタンダード（内国株式）,化学,686,689,684,689,4,0.583942,23300,OK
2025-03-21,4246,ダイキョーニシカワ,プライム（内国株式）,化学,630,635,629,630,-1,-0.158479,154100,OK
2025-03-21,4247,ポバール興業,スタンダード（内国株式）,化学,1214,1214,1208,1214,2,0.165017,2300,OK
2025-03-21,4248,竹本容器,スタンダード（内国株式）,化学,827,839,825,829,3,0.363196,28900,OK
2025-03-21,4249,森六ホールディングス,プライム（内国株式）,化学,2204,2232,2196,2231,17,0.767841,14700,OK
2025-03-21,4251,恵和,プライム（内国株式）,化学,1148,1148,1118,1124,-24,-2.090592,128000,OK
2025-03-21,4255,ＴＨＥＣＯＯ,グロース（内国株式）,情報･通信業,809,809,801,808,13,1.63522,1000,OK
2025-03-21,4256,サインド,グロース（内国株式）,情報･通信業,1029,1029,982,998,-31,-3.012634,18200,OK
2025-03-21,4257,エヴィクサー,TOKYO PRO MARKET（内国株式）,情報･通信業,,,,,,,,NO_QUOTE
2025-03-21,4258,網屋,グロース（内国株式）,情報･通信業,3825,3845,3695,3800,5,0.131752,48500,OK
2025-03-21,4259,エクサウィザーズ,グロース（内国株式）,情報･通信業,318,320,314,315,-3,-0.943396,506900,OK
2025-03-21,4260,ハイブリッドテクノロジーズ,グロース（内国株式）,情報･通信業,450,458,443,454,7,1.565996,3500,OK
2025-03-21,4261,アジアクエスト,グロース（内国株式）,情報･通信業,2690,2696,2617,2617,-62,-2.314296,2100,OK
2025-03-21,4262,ニフティライフスタイル,グロース（内国株式）,情報･通信業,1243,1243,1234,1241,5,0.404531,3300,OK
2025-03-21,4263,サスメド,グロース（内国株式）,情報･通信業,600,607,588,592,-9,-1.497504,58900,OK
2025-03-21,4264,セキュア,グロース（内国株式）,情報･通信業,1809,1820,1780,1801,1,0.055556,21100,OK
2025-03-21,4265,Ｉｎｓｔｉｔｕｔｉｏｎ　ｆｏｒ　ａ　Ｇｌｏｂａｌ　Ｓｏｃｉｅｔｙ,グロース（内国株式）,情報･通信業,300,301,294,297,-4,-1.328904,23800,OK
2025-03-21,4267,ライトワークス,グロース（内国株式）,情報･通信業,2171,2172,2171,2171,0,0,42200,OK
2025-03-21,4270,ＢｅｅＸ,グロース（内国株式）,情報･通信業,2621,2635,2595,2628,-3,-0.114025,3400,OK
2025-03-21,4272,日本化薬,プライム（内国株式）,化学,1420,1428.5,1408,1414,-5,-0.352361,689000,OK
2025-03-21,4274,細谷火工,スタンダード（内国株式）,化学,1142,1151,1121,1130,-30,-2.586207,53400,OK
2025-03-21,4275,カーリット,プライム（内国株式）,化学,1116,1125,1114,1116,-9,-0.8,137700,OK
2025-03-21,4284,ソルクシーズ,スタンダード（内国株式）,情報･通信業,346,347,343,346,0,0,32700,OK
2025-03-21,4286,ＣＬホールディングス,スタンダード（内国株式）,サービス業,802,809,802,809,7,0.872818,9800,OK
2025-03-21,4287,ジャストプランニング,スタンダード（内国株式）,情報･通信業,366,374,363,370,8,2.209945,34600,OK
2025-03-21,4288,アズジェント,スタンダード（内国株式）,情報･通信業,518,529,518,529,1,0.189394,11200,OK
2025-03-21,4290,プレステージ・インターナショナル,プライム（内国株式）,サービス業,686,695,681,686,-5,-0.723589,200800,OK
2025-03-21,4293,セプテーニ・ホールディングス,スタンダード（内国株式）,サービス業,370,373,361,364,5,1.392758,613800,OK
2025-03-21,4298,プロトコーポレーション,プライム（内国株式）,サービス業,2080,2103,2080,2101,16,0.767386,424400,OK
2025-03-21,4299,ハイマックス,スタンダード（内国株式）,情報･通信業,1318,1326,1318,1326,8,0.60698,9300,OK
2025-03-21,4301,アミューズ,プライム（内国株式）,サービス業,1625,1625,1608,1620,1,0.061767,24600,OK
2025-03-21,4304,Ｅストアー,スタンダード（内国株式）,情報･通信業,1947,1949,1947,1947,0,0,133700,OK
2025-03-21,4307,野村総合研究所,プライム（内国株式）,情報･通信業,4985,5000,4888,4928,-76,-1.518785,2186600,OK
2025-03-21,4308,Ｊストリーム,グロース（内国株式）,情報･通信業,419,426,418,418,0,0,29500,OK
2025-03-21,4310,ドリームインキュベータ,プライム（内国株式）,サービス業,4495,4535,4460,4495,30,0.671892,226700,OK
2025-03-21,4316,ビーマップ,グロース（内国株式）,情報･通信業,376,380,367,376,-7,-1.827676,147300,OK
2025-03-21,4317,レイ,スタンダード（内国株式）,サービス業,406,410,406,409,-1,-0.243902,5000,OK
2025-03-21,4318,クイック,プライム（内国株式）,サービス業,1985,1993,1975,1991,5,0.251762,48400,OK
2025-03-21,4319,ＴＡＣ,スタンダード（内国株式）,サービス業,212,213,209,213,1,0.471698,18700,OK
2025-03-21,4320,ＣＥホールディングス,スタンダード（内国株式）,情報･通信業,678,694,673,680,6,0.890208,82600,OK
2025-03-21,4323,日本システム技術,プライム（内国株式）,情報･通信業,1818,1834,1806,1825,15,0.828729,21400,OK
2025-03-21,4324,電通グループ,プライム（内国株式）,サービス業,3405,3430,3382,3389,-41,-1.195335,1934900,OK
2025-03-21,4326,インテージホールディングス,プライム（内国株式）,情報･通信業,1698,1726,1695,1699,-16,-0.932945,32200,OK
2025-03-21,4331,テイクアンドギヴ・ニーズ,プライム（内国株式）,サービス業,955,955,933,933,-20,-2.098636,45300,OK
2025-03-21,4333,東邦システムサイエンス,プライム（内国株式）,情報･通信業,1280,1294,1276,1294,14,1.09375,7500,OK
2025-03-21,4334,ユークス,スタンダード（内国株式）,情報･通信業,393,399,392,397,0,0,15200,OK
2025-03-21,4335,アイ・ピー・エス,スタンダード（内国株式）,情報･通信業,1153,1193,1133,1193,10,0.845309,8800,OK
2025-03-21,4337,ぴあ,プライム（内国株式）,サービス業,2798,2799,2766,2766,-30,-1.072961,27300,OK
2025-03-21,4341,西菱電機,スタンダード（内国株式）,サービス業,807,807,789,793,-27,-3.292683,4200,OK
2025-03-21,4343,イオンファンタジー,プライム（内国株式）,サービス業,2743,2743,2679,2695,-25,-0.919118,105100,OK
2025-03-21,4344,ソースネクスト,プライム（内国株式）,情報･通信業,233,240,233,236,3,1.287554,923700,OK
2025-03-21,4345,シーティーエス,プライム（内国株式）,サービス業,782,791,777,788,6,0.767263,48500,OK
2025-03-21,4346,ＮＥＸＹＺ．Ｇｒｏｕｐ,スタンダード（内国株式）,その他金融業,791,795,788,793,8,1.019108,6800,OK
2025-03-21,4347,ブロードメディア,スタンダード（内国株式）,サービス業,1705,1770,1700,1759,69,4.08284,13200,OK
2025-03-21,4350,メディカルシステムネットワーク,スタンダード（内国株式）,小売業,397,399,395,395,-1,-0.252525,49000,OK
2025-03-21,4351,山田再生系債権回収総合事務所,スタンダード（内国株式）,その他金融業,850,852,849,850,-1,-0.117509,900,OK
2025-03-21,4356,応用技術,スタンダード（内国株式）,情報･通信業,1561,1567,1556,1556,-9,-0.57508,1900,OK
2025-03-21,4360,マナック・ケミカル・パートナーズ,スタンダード（内国株式）,化学,575,578,563,576,-3,-0.518135,8200,OK
2025-03-21,4361,川口化学工業,スタンダード（内国株式）,化学,1308,1315,1308,1315,-10,-0.754717,900,OK
2025-03-21,4362,日本精化,プライム（内国株式）,化学,2105,2129,2096,2110,2,0.094877,30200,OK
2025-03-21,4365,松本油脂製薬,スタンダード（内国株式）,化学,17950,18000,17850,17870,-230,-1.270718,600,OK
2025-03-21,4366,ダイトーケミックス,スタンダード（内国株式）,化学,629,630,627,628,0,0,3700,OK
2025-03-21,4367,広栄化学,スタンダード（内国株式）,化学,2519,2519,2502,2503,-16,-0.635173,900,OK
2025-03-21,4368,扶桑化学工業,プライム（内国株式）,化学,3530,3590,3510,3560,30,0.849858,161200,OK
2025-03-21,4369,トリケミカル研究所,プライム（内国株式）,化学,3060,3120,3040,3070,10,0.326797,464800,OK
2025-03-21,4370,モビルス,グロース（内国株式）,情報･通信業,313,318,310,310,-3,-0.958466,2900,OK
2025-03-21,4371,コアコンセプト・テクノロジー,グロース（内国株式）,情報･通信業,1095,1106,1075,1086,-17,-1.541251,162600,OK
2025-03-21,4372,ユミルリンク,グロース（内国株式）,情報･通信業,1528,1530,1528,1530,-5,-0.325733,1400,OK
2025-03-21,4373,シンプレクス・ホールディングス,プライム（内国株式）,情報･通信業,2910,2977,2885,2922,27,0.932642,185500,OK
2025-03-21,4374,ＲＯＢＯＴ　ＰＡＹＭＥＮＴ,グロース（内国株式）,情報･通信業,2141,2178,2135,2168,29,1.355774,11300,OK
2025-03-21,4375,セーフィー,グロース（内国株式）,情報･通信業,744,760,741,745,0,0,94800,OK
2025-03-21,4376,くふうカンパニーホールディングス,グロース（内国株式）,情報･通信業,202,203,197,197,-7,-3.431373,78800,OK
2025-03-21,4377,ワンキャリア,グロース（内国株式）,情報･通信業,1788,1857,1787,1848,20,1.094092,92400,OK
2025-03-21,4378,ＣＩＮＣ,グロース（内国株式）,情報･通信業,611,615,609,609,-5,-0.814332,4100,OK
2025-03-21,4379,Ｐｈｏｔｏｓｙｎｔｈ,グロース（内国株式）,情報･通信業,339,341,329,339,-8,-2.305476,124300,OK
2025-03-21,4380,Ｍマート,グロース（内国株式）,情報･通信業,1287,1287,1250,1251,-25,-1.959248,3700,OK
2025-03-21,4381,ビープラッツ,グロース（内国株式）,情報･通信業,493,496,485,485,0,0,6200,OK
2025-03-21,4382,ＨＥＲＯＺ,スタンダード（内国株式）,情報･通信業,1007,1015,996,1001,-6,-0.595829,23700,OK
2025-03-21,4384,ラクスル,プライム（内国株式）,情報･通信業,1140,1141,1102,1104,-45,-3.916449,1190100,OK
2025-03-21,4385,メルカリ,プライム（内国株式）,情報･通信業,2496,2658.5,2479.5,2633.5,182.5,7.44594,13220800,OK
2025-03-21,4386,ＳＩＧグループ,スタンダード（内国株式）,情報･通信業,692,696,686,696,4,0.578035,7900,OK
2025-03-21,4387,ＺＵＵ,グロース（内国株式）,情報･通信業,844,844,816,816,-17,-2.040816,900,OK
2025-03-21,4388,エーアイ,グロース（内国株式）,情報･通信業,498,505,498,502,5,1.006036,6700,OK
2025-03-21,4389,プロパティデータバンク,グロース（内国株式）,情報･通信業,1520,1520,1421,1424,-96,-6.315789,3100,OK
2025-03-21,4390,アイ・ピー・エス,プライム（内国株式）,情報･通信業,2273,2282,2248,2253,-37,-1.615721,29700,OK
2025-03-21,4391,ロジザード,グロース（内国株式）,情報･通信業,1243,1252,1238,1238,-9,-0.721732,2700,OK
2025-03-21,4392,ＦＩＧ,プライム（内国株式）,情報･通信業,272,274,268,268,-3,-1.107011,97800,OK
2025-03-21,4393,バンク・オブ・イノベーション,グロース（内国株式）,情報･通信業,8400,8640,8350,8410,10,0.119048,66600,OK
2025-03-21,4394,エクスモーション,グロース（内国株式）,情報･通信業,880,884,875,884,14,1.609195,7500,OK
2025-03-21,4395,アクリート,グロース（内国株式）,情報･通信業,790,811,789,790,2,0.253807,10700,OK
2025-03-21,4396,システムサポートホールディングス,プライム（内国株式）,情報･通信業,2092,2092,2043,2043,-40,-1.920307,19300,OK
2025-03-21,4397,チームスピリット,グロース（内国株式）,情報･通信業,450,450,438,439,-8,-1.789709,16900,OK
2025-03-21,4398,ブロードバンドセキュリティ,スタンダード（内国株式）,情報･通信業,1393,1439,1391,1401,-1,-0.071327,4400,OK
2025-03-21,4401,ＡＤＥＫＡ,プライム（内国株式）,化学,2801,2826,2799,2811.5,-1.5,-0.053324,246900,OK
2025-03-21,4403,日油,プライム（内国株式）,化学,2163,2183.5,2124,2138.5,-8,-0.3727,805800,OK
2025-03-21,4404,ミヨシ油脂,スタンダード（内国株式）,食料品,1714,1725,1696,1716,-13,-0.75188,54500,OK
2025-03-21,4406,新日本理化,スタンダード（内国株式）,化学,207,210,207,208,1,0.483092,122800,OK
2025-03-21,4409,東邦化学工業,スタンダード（内国株式）,化学,698,700,697,700,1,0.143062,3000,OK
2025-03-21,4410,ハリマ化成グループ,プライム（内国株式）,化学,893,896,886,886,-10,-1.116071,14400,OK
2025-03-21,4412,サイエンスアーツ,グロース（内国株式）,情報･通信業,710,759,702,736,50,7.28863,119300,OK
2025-03-21,4413,ボードルア,プライム（内国株式）,情報･通信業,5180,5240,5160,5200,50,0.970874,42800,OK
2025-03-21,4414,フレクト,グロース（内国株式）,情報･通信業,1889,1909,1792,1824,-50,-2.66809,39500,OK
2025-03-21,4415,ブロードエンタープライズ,グロース（内国株式）,情報･通信業,765,770,760,767,7,0.921053,2200,OK
2025-03-21,4416,Ｔｒｕｅ　Ｄａｔａ,グロース（内国株式）,情報･通信業,726,768,726,746,18,2.472527,55500,OK
2025-03-21,4417,グローバルセキュリティエキスパート,グロース（内国株式）,情報･通信業,5230,5260,5130,5160,-70,-1.338432,20300,OK
2025-03-21,4418,ＪＤＳＣ,グロース（内国株式）,情報･通信業,819,845,819,845,41,5.099502,327500,OK
2025-03-21,4419,Ｆｉｎａｔｅｘｔホールディングス,グロース（内国株式）,情報･通信業,839,865,839,865,39,4.72155,312600,OK
2025-03-21,4420,イーソル,スタンダード（内国株式）,情報･通信業,646,646,622,630,-11,-1.716069,17700,OK
2025-03-21,4421,ディ・アイ・システム,スタンダード（内国株式）,情報･通信業,916,917,907,915,11,1.216814,2600,OK
2025-03-21,4422,ＶＡＬＵＥＮＥＸ,グロース（内国株式）,情報･通信業,607,613,607,613,6,0.988468,1400,OK
2025-03-21,4424,Ａｍａｚｉａ,グロース（内国株式）,情報･通信業,316,323,313,315,-1,-0.316456,10800,OK
2025-03-21,4425,Ｋｕｄａｎ,グロース（内国株式）,情報･通信業,1310,1330,1278,1285,-55,-4.104478,133000,OK
2025-03-21,4426,パスロジ,TOKYO PRO MARKET（内国株式）,情報･通信業,,,,,,,,NO_QUOTE
2025-03-21,4427,ＥｄｕＬａｂ,グロース（内国株式）,情報･通信業,254,257,250,251,-3,-1.181102,8500,OK
2025-03-21,4428,シノプス,グロース（内国株式）,情報･通信業,840,851,837,849,0,0,2900,OK
2025-03-21,4429,リックソフト,グロース（内国株式）,情報･通信業,844,848,838,844,0,0,4600,OK
2025-03-21,4430,東海ソフト,スタンダード（内国株式）,情報･通信業,1550,1559,1526,1526,1,0.065574,22000,OK
2025-03-21,4431,スマレジ,グロース（内国株式）,情報･通信業,2730,2777,2690,2705,-37,-1.34938,70300,OK
2025-03-21,4432,ウイングアーク１ｓｔ,プライム（内国株式）,情報･通信業,3650,3695,3575,3595,-55,-1.506849,94300,OK
2025-03-21,4433,ヒト・コミュニケーションズ・ホールディングス,プライム（内国株式）,情報･通信業,1003,1030,1000,1015,19,1.907631,65600,OK
2025-03-21,4434,サーバーワークス,スタンダード（内国株式）,情報･通信業,2509,2509,2421,2421,-75,-3.004808,27900,OK
2025-03-21,4435,カオナビ,グロース（内国株式）,情報･通信業,4370,4375,4370,4370,0,0,30500,OK
2025-03-21,4436,ミンカブ・ジ・インフォノイド,グロース（内国株式）,情報･通信業,585,587,568,568,-25,-4.215852,117400,OK
2025-03-21,4437,ｇｏｏｄｄａｙｓホールディングス,グロース（内国株式）,情報･通信業,650,678,636,678,27,4.147465,12700,OK
2025-03-21,4438,Ｗｅｌｂｙ,グロース（内国株式）,情報･通信業,410,484,408,430,26,6.435644,1673600,OK
2025-03-21,4439,東名,スタンダード（内国株式）,情報･通信業,2229,2307,2229,2255,27,1.211849,7700,OK
2025-03-21,4440,ヴィッツ,スタンダード（内国株式）,情報･通信業,1012,1012,995,1001,-12,-1.1846,7200,OK
2025-03-21,4441,トビラシステムズ,スタンダード（内国株式）,情報･通信業,849,867,849,852,1,0.117509,12900,OK
2025-03-21,4442,バルテス・ホールディングス,グロース（内国株式）,情報･通信業,436,446,434,442,8,1.843318,151500,OK
2025-03-21,4443,Ｓａｎｓａｎ,プライム（内国株式）,情報･通信業,2025,2033,1972,2010,-2,-0.099404,804500,OK
2025-03-21,4444,インフォネット,グロース（内国株式）,情報･通信業,819,855,819,830,11,1.343101,4500,OK
2025-03-21,4445,リビン・テクノロジーズ,グロース（内国株式）,情報･通信業,2995,3010,2979,3000,9,0.300903,3700,OK
2025-03-21,4446,Ｌｉｎｋ−Ｕグループ,プライム（内国株式）,情報･通信業,397,399,396,396,0,0,12000,OK
2025-03-21,4447,ピー・ビーシステムズ,グロース（内国株式）,情報･通信業,532,532,525,525,-8,-1.500938,5600,OK
2025-03-21,4448,ｋｕｂｅｌｌ,グロース（内国株式）,情報･通信業,460,467,456,466,4,0.865801,162000,OK
2025-03-21,4449,ギフティ,プライム（内国株式）,情報･通信業,1400,1414,1382,1382,-29,-2.05528,200100,OK
2025-03-21,4450,パワーソリューションズ,グロース（内国株式）,情報･通信業,1336,1361,1334,1360,24,1.796407,1400,OK
2025-03-21,4452,花王,プライム（内国株式）,化学,6477,6593,6371,6487,10,0.154392,2402500,OK
2025-03-21,4461,第一工業製薬,プライム（内国株式）,化学,2760,2786,2752,2752,-8,-0.289855,48200,OK
2025-03-21,4462,石原ケミカル,プライム（内国株式）,化学,2215,2235,2180,2189,-26,-1.173815,25700,OK
2025-03-21,4463,日華化学,スタンダード（内国株式）,化学,1306,1335,1306,1320,24,1.851852,32400,OK
2025-03-21,4464,ソフト９９コーポレーション,スタンダード（内国株式）,化学,1647,1770,1647,1740,91,5.518496,21500,OK
2025-03-21,4465,ニイタカ,スタンダード（内国株式）,化学,2063,2085,2060,2063,5,0.242954,13600,OK
2025-03-21,4471,三洋化成工業,プライム（内国株式）,化学,4065,4095,4040,4050,15,0.371747,56300,OK
2025-03-21,4475,ＨＥＮＮＧＥ,グロース（内国株式）,情報･通信業,1410,1426,1360,1369,-46,-3.250883,539000,OK
2025-03-21,4476,ＡＩ　ＣＲＯＳＳ,グロース（内国株式）,情報･通信業,1640,1643,1630,1643,10,0.61237,6600,OK
2025-03-21,4477,ＢＡＳＥ,グロース（内国株式）,情報･通信業,535,537,494,496,-29,-5.52381,11749300,OK
2025-03-21,4478,フリー,グロース（内国株式）,情報･通信業,3840,3840,3665,3680,-100,-2.645503,475900,OK
2025-03-21,4479,マクアケ,グロース（内国株式）,情報･通信業,582,591,579,591,4,0.681431,14900,OK
2025-03-21,4480,メドレー,プライム（内国株式）,情報･通信業,3205,3280,3160,3200,10,0.31348,456100,OK
2025-03-21,4481,ベース,プライム（内国株式）,情報･通信業,3105,3110,3015,3020,-155,-4.88189,105600,OK
2025-03-21,4482,ウィルズ,グロース（内国株式）,情報･通信業,643,645,641,641,-2,-0.311042,13500,OK
2025-03-21,4483,ＪＭＤＣ,プライム（内国株式）,情報･通信業,2930.5,2936.5,2818,2830.5,-123.5,-4.180772,477600,OK
2025-03-21,4484,ランサーズ,グロース（内国株式）,情報･通信業,208,212,208,211,1,0.47619,11600,OK
2025-03-21,4486,ユナイトアンドグロウ,グロース（内国株式）,情報･通信業,1180,1194,1178,1193,10,0.845309,3400,OK
2025-03-21,4487,スペースマーケット,グロース（内国株式）,情報･通信業,310,310,305,306,-2,-0.649351,11700,OK
2025-03-21,4488,ＡＩ　ｉｎｓｉｄｅ,グロース（内国株式）,情報･通信業,3235,3235,3200,3200,-10,-0.311526,2000,OK
2025-03-21,4490,ビザスク,グロース（内国株式）,情報･通信業,1032,1033,1014,1033,1,0.096899,29800,OK
2025-03-21,4491,コンピューターマネージメント,スタンダード（内国株式）,情報･通信業,1684,1706,1684,1706,11,0.648968,1200,OK
2025-03-21,4492,ゼネテック,スタンダード（内国株式）,情報･通信業,514,526,514,525,11,2.140078,25500,OK
2025-03-21,4493,サイバーセキュリティクラウド,グロース（内国株式）,情報･通信業,1862,1872,1793,1793,-65,-3.498385,240500,OK
2025-03-21,4494,バリオセキュア,スタンダード（内国株式）,情報･通信業,659,670,650,650,-1,-0.15361,15800,OK
2025-03-21,4495,アイキューブドシステムズ,グロース（内国株式）,情報･通信業,1630,1650,1576,1634,200,13.947001,161000,OK
2025-03-21,4496,コマースＯｎｅホールディングス,グロース（内国株式）,情報･通信業,837,847,836,846,3,0.355872,1600,OK
2025-03-21,4498,サイバートラスト,グロース（内国株式）,情報･通信業,2491,2501,2470,2490,-12,-0.479616,7300,OK
2025-03-21,4499,Ｓｐｅｅｅ,スタンダード（内国株式）,情報･通信業,2593,2766,2533,2692,97,3.737958,255300,OK
2025-03-21,4502,武田薬品工業,プライム（内国株式）,医薬品,4526,4573,4500,4552,14,0.308506,6279200,OK
2025-03-21,4503,アステラス製薬,プライム（内国株式）,医薬品,1475,1509,1469.5,1494,0.5,0.033478,13285100,OK
2025-03-21,4506,住友ファーマ,プライム（内国株式）,医薬品,719,732,710,725,3,0.415512,1496500,OK
2025-03-21,4507,塩野義製薬,プライム（内国株式）,医薬品,2280.5,2304.5,2269.5,2270.5,-24.5,-1.067538,3137700,OK
2025-03-21,4512,わかもと製薬,スタンダード（内国株式）,医薬品,317,323,310,310,-9,-2.821317,614100,OK
2025-03-21,4516,日本新薬,プライム（内国株式）,医薬品,4066,4077,4020,4035,-37,-0.908644,290600,OK
2025-03-21,4519,中外製薬,プライム（内国株式）,医薬品,6752,6967,6752,6876,140,2.078385,3373300,OK
2025-03-21,4521,科研製薬,プライム（内国株式）,医薬品,4715,4782,4698,4716,1,0.021209,351100,OK
2025-03-21,4523,エーザイ,プライム（内国株式）,医薬品,4322,4350,4290,4332,-15,-0.345066,1697500,OK
2025-03-21,4524,森下仁丹,スタンダード（内国株式）,医薬品,2245,2250,2230,2248,8,0.357143,4300,OK
2025-03-21,4526,理研ビタミン,プライム（内国株式）,食料品,2455,2472,2452,2472,12,0.487805,64600,OK
2025-03-21,4527,ロート製薬,プライム（内国株式）,医薬品,2230,2255.5,2213,2224.5,4.5,0.202703,914300,OK
2025-03-21,4528,小野薬品工業,プライム（内国株式）,医薬品,1670.5,1692.5,1663,1682,8.5,0.507918,3540200,OK
2025-03-21,4530,久光製薬,プライム（内国株式）,医薬品,4100,4125,4070,4120,20,0.487805,173600,OK
2025-03-21,4531,有機合成薬品工業,スタンダード（内国株式）,化学,278,278,276,278,2,0.724638,36600,OK
2025-03-21,4534,持田製薬,プライム（内国株式）,医薬品,3285,3320,3280,3315,30,0.913242,25900,OK
2025-03-21,4536,参天製薬,プライム（内国株式）,医薬品,1442.5,1456.5,1436.5,1442.5,0,0,1658100,OK
2025-03-21,4538,扶桑薬品工業,プライム（内国株式）,医薬品,2576,2597,2565,2597,13,0.503096,22200,OK
2025-03-21,4539,日本ケミファ,スタンダード（内国株式）,医薬品,1505,1507,1501,1507,2,0.13289,700,OK
2025-03-21,4540,ツムラ,プライム（内国株式）,医薬品,4390,4445,4374,4426,34,0.774135,431000,OK
2025-03-21,4543,テルモ,プライム（内国株式）,精密機器,2752,2800,2751.5,2770,-16.5,-0.592141,4420600,OK
2025-03-21,4544,Ｈ．Ｕ．グループホールディングス,プライム（内国株式）,サービス業,2754.5,2776.5,2726.5,2767,-11,-0.395968,197800,OK
2025-03-21,4547,キッセイ薬品工業,プライム（内国株式）,医薬品,3800,3840,3800,3825,-20,-0.520156,55200,OK
2025-03-21,4548,生化学工業,プライム（内国株式）,医薬品,794,797,787,790,-3,-0.37831,71800,OK
2025-03-21,4549,栄研化学,プライム（内国株式）,医薬品,2302,2324,2298,2306,4,0.173762,106500,OK
2025-03-21,4551,鳥居薬品,プライム（内国株式）,医薬品,4680,4780,4640,4730,50,1.068376,102800,OK
2025-03-21,4552,ＪＣＲファーマ,プライム（内国株式）,医薬品,526,542,514,514,-22,-4.104478,2189800,OK
2025-03-21,4553,東和薬品,プライム（内国株式）,医薬品,2780,2816,2780,2802,24,0.863931,106000,OK
2025-03-21,4554,富士製薬工業,プライム（内国株式）,医薬品,1399,1402,1388,1402,3,0.214439,43800,OK
2025-03-21,4556,カイノス,スタンダード（内国株式）,医薬品,1242,1242,1237,1242,0,0,1300,OK
2025-03-21,4558,中京医薬品,スタンダード（内国株式）,医薬品,207,208,206,206,0,0,25800,OK
2025-03-21,4559,ゼリア新薬工業,プライム（内国株式）,医薬品,2271,2298,2271,2285,17,0.749559,89300,OK
2025-03-21,4563,アンジェス,グロース（内国株式）,医薬品,65,69,64,65,1,1.5625,5322700,OK
2025-03-21,4564,オンコセラピー・サイエンス,グロース（内国株式）,医薬品,29,29,28,29,1,3.571429,1099400,OK
2025-03-21,4565,ネクセラファーマ,プライム（内国株式）,医薬品,908,922,901,905,12,1.343785,757400,OK
2025-03-21,4568,第一三共,プライム（内国株式）,医薬品,3610,3757,3596,3702,111,3.091061,10691100,OK
2025-03-21,4569,杏林製薬,プライム（内国株式）,医薬品,1594,1603,1586,1593,-3,-0.18797,114600,OK
2025-03-21,4570,免疫生物研究所,グロース（内国株式）,医薬品,498,502,497,502,5,1.006036,19600,OK
2025-03-21,4571,ＮＡＮＯ　ＭＲＮＡ,グロース（内国株式）,医薬品,153,156,151,153,0,0,162200,OK
2025-03-21,4572,カルナバイオサイエンス,グロース（内国株式）,医薬品,286,292,284,284,-2,-0.699301,55400,OK
2025-03-21,4574,大幸薬品,プライム（内国株式）,医薬品,290,294,290,291,-1,-0.342466,100800,OK
2025-03-21,4575,キャンバス,グロース（内国株式）,医薬品,943,977,935,954,1,0.104932,205800,OK
2025-03-21,4576,デ・ウエスタン・セラピテクス研究所,グロース（内国株式）,医薬品,121,122,117,117,-3,-2.5,1385500,OK
2025-03-21,4577,ダイト,プライム（内国株式）,医薬品,2198,2198,2167,2181,-2,-0.091617,20200,OK
2025-03-21,4578,大塚ホールディングス,プライム（内国株式）,医薬品,7956,8176,7912,8176,187,2.340718,2298000,OK
2025-03-21,4579,ラクオリア創薬,グロース（内国株式）,医薬品,398,400,392,395,-2,-0.503778,84100,OK
2025-03-21,4582,シンバイオ製薬,グロース（内国株式）,医薬品,172,174,171,173,0,0,85900,OK
2025-03-21,4583,カイオム・バイオサイエンス,グロース（内国株式）,医薬品,155,155,150,150,-6,-3.846154,1596100,OK
2025-03-21,4584,キッズウェル・バイオ,グロース（内国株式）,医薬品,132,133,129,132,0,0,580500,OK
2025-03-21,4586,メドレックス,グロース（内国株式）,医薬品,85,86,84,85,0,0,163100,OK
2025-03-21,4587,ペプチドリーム,プライム（内国株式）,医薬品,2197.5,2227,2163.5,2178,-22,-1,544400,OK
2025-03-21,4588,オンコリスバイオファーマ,グロース（内国株式）,医薬品,762,777,756,770,5,0.653595,698300,OK
2025-03-21,4591,リボミック,グロース（内国株式）,医薬品,109,112,107,112,2,1.818182,1072600,OK
2025-03-21,4592,サンバイオ,グロース（内国株式）,医薬品,1347,1445,1307,1360,59,4.534973,4706400,OK
2025-03-21,4593,ヘリオス,グロース（内国株式）,医薬品,287,288,279,279,-5,-1.760563,1076200,OK
2025-03-21,4594,ブライトパス・バイオ,グロース（内国株式）,医薬品,44,45,43,44,0,0,367000,OK
2025-03-21,4595,ミズホメディー,スタンダード（内国株式）,医薬品,1474,1495,1473,1488,25,1.708817,98100,OK
2025-03-21,4596,窪田製薬ホールディングス,グロース（内国株式）,医薬品,51,51,50,50,0,0,82000,OK
2025-03-21,4597,ソレイジア・ファーマ,グロース（内国株式）,医薬品,43,44,40,41,1,2.5,14230100,OK
2025-03-21,4598,Ｄｅｌｔａ−Ｆｌｙ　Ｐｈａｒｍａ,グロース（内国株式）,医薬品,594,610,586,610,14,2.348993,207400,OK
2025-03-21,4599,ステムリム,グロース（内国株式）,医薬品,334,338,334,338,3,0.895522,57500,OK
2025-03-21,4611,大日本塗料,プライム（内国株式）,化学,1247,1261,1242,1251,1,0.08,103300,OK
2025-03-21,4612,日本ペイントホールディングス,プライム（内国株式）,化学,1205.5,1222.5,1198,1198,-19.5,-1.601643,3611900,OK
2025-03-21,4613,関西ペイント,プライム（内国株式）,化学,2236.5,2270,2236.5,2258,-1,-0.044267,582900,OK
2025-03-21,4615,神東塗料,スタンダード（内国株式）,化学,131,132,130,131,0,0,39600,OK
2025-03-21,4616,川上塗料,スタンダード（内国株式）,化学,1610,1618,1606,1618,8,0.496894,1200,OK
2025-03-21,4617,中国塗料,プライム（内国株式）,化学,2249,2263,2235,2245,-4,-0.177857,182800,OK
2025-03-21,4619,日本特殊塗料,スタンダード（内国株式）,化学,1463,1485,1462,1485,22,1.503759,31300,OK
2025-03-21,4620,藤倉化成,スタンダード（内国株式）,化学,510,517,507,515,3,0.585938,71500,OK
2025-03-21,4623,アサヒペン,スタンダード（内国株式）,化学,1869,1872,1868,1872,4,0.214133,2100,OK
2025-03-21,4624,イサム塗料,スタンダード（内国株式）,化学,3290,3290,3260,3260,0,0,400,OK
2025-03-21,4625,アトミクス,スタンダード（内国株式）,化学,617,625,617,624,7,1.134522,1600,OK
2025-03-21,4626,太陽ホールディングス,プライム（内国株式）,化学,4070,4115,4060,4095,35,0.862069,77400,OK
2025-03-21,4627,ナトコ,スタンダード（内国株式）,化学,1488,1496,1483,1483,17,1.159618,3000,OK
2025-03-21,4628,エスケー化研,スタンダード（内国株式）,化学,8830,8890,8820,8820,0,0,3400,OK
2025-03-21,4629,大伸化学,スタンダード（内国株式）,化学,1404,1435,1404,1406,8,0.572246,1600,OK
2025-03-21,4631,ＤＩＣ,プライム（内国株式）,化学,3125,3229,3118,3213,18,0.56338,764500,OK
2025-03-21,4633,サカタインクス,プライム（内国株式）,化学,1979,2021,1972,2002,47,2.404092,350900,OK
2025-03-21,4634,ａｒｔｉｅｎｃｅ,プライム（内国株式）,化学,3230,3290,3230,3255,15,0.462963,187500,OK
2025-03-21,4635,東京インキ,スタンダード（内国株式）,化学,4010,4155,4005,4085,75,1.870324,15500,OK
2025-03-21,4641,アルプス技研,プライム（内国株式）,サービス業,2604,2609,2561,2591,-8,-0.307811,25200,OK
2025-03-21,4642,オリジナル設計,スタンダード（内国株式）,サービス業,1369,1381,1363,1377,8,0.584368,1700,OK
2025-03-21,4644,イマジニア,スタンダード（内国株式）,情報･通信業,1030,1038,1030,1038,9,0.874636,9800,OK
2025-03-21,4645,市進ホールディングス,スタンダード（内国株式）,サービス業,408,411,405,411,3,0.735294,2300,OK
2025-03-21,4650,ＳＤエンターテイメント,スタンダード（内国株式）,サービス業,308,309,306,306,-1,-0.325733,8400,OK
2025-03-21,4651,サニックス,スタンダード（内国株式）,サービス業,249,250,246,249,-1,-0.4,39000,OK
2025-03-21,4657,環境管理センター,スタンダード（内国株式）,サービス業,443,446,435,436,-3,-0.683371,20500,OK
2025-03-21,4658,日本空調サービス,プライム（内国株式）,サービス業,1035,1044,1034,1038,3,0.289855,22100,OK
2025-03-21,4659,エイジス,スタンダード（内国株式）,サービス業,2475,2498,2454,2456,-43,-1.720688,5800,OK
2025-03-21,4661,オリエンタルランド,プライム（内国株式）,サービス業,3141,3159,3117,3117,-45,-1.42315,4764900,OK
2025-03-21,4662,フォーカスシステムズ,プライム（内国株式）,情報･通信業,1129,1129,1119,1124,-1,-0.088889,13800,OK
2025-03-21,4664,アール・エス・シー,スタンダード（内国株式）,サービス業,636,636,630,630,-1,-0.158479,4600,OK
2025-03-21,4665,ダスキン,プライム（内国株式）,サービス業,3722,3742,3716,3717,-7,-0.18797,117000,OK
2025-03-21,4666,パーク２４,プライム（内国株式）,不動産業,2041.5,2052.5,2018,2035,0,0,564800,OK
2025-03-21,4667,アイサンテクノロジー,スタンダード（内国株式）,情報･通信業,1576,1576,1520,1524,-60,-3.787879,15500,OK
2025-03-21,4668,明光ネットワークジャパン,プライム（内国株式）,サービス業,764,768,760,768,-2,-0.25974,31100,OK
2025-03-21,4671,ファルコホールディングス,スタンダード（内国株式）,サービス業,2441,2457,2439,2448,0,0,7300,OK
2025-03-21,4673,川崎地質,スタンダード（内国株式）,サービス業,3010,3010,2977,2985,-20,-0.665557,3900,OK
2025-03-21,4674,クレスコ,プライム（内国株式）,情報･通信業,1172,1180,1158,1173,-4,-0.339847,53400,OK
2025-03-21,4676,フジ・メディア・ホールディングス,プライム（内国株式）,情報･通信業,2300.5,2353,2292.5,2346.5,17.5,0.751395,1950000,OK
2025-03-21,4678,秀英予備校,スタンダード（内国株式）,サービス業,305,306,303,303,-1,-0.328947,16800,OK
2025-03-21,4679,田谷,スタンダード（内国株式）,サービス業,311,311,308,310,0,0,6800,OK
2025-03-21,4680,ラウンドワン,プライム（内国株式）,サービス業,1075,1097,1065,1080,8,0.746269,2778900,OK
2025-03-21,4681,リゾートトラスト,プライム（内国株式）,サービス業,2962.5,3023,2962.5,2995,17.5,0.587741,781200,OK
2025-03-21,4684,オービック,プライム（内国株式）,情報･通信業,4370,4406,4356,4381,10,0.228781,1090800,OK
2025-03-21,4685,菱友システムズ,スタンダード（内国株式）,情報･通信業,7260,7490,7110,7130,90,1.278409,46700,OK
2025-03-21,4686,ジャストシステム,プライム（内国株式）,情報･通信業,3535,3570,3500,3545,25,0.710227,94100,OK
2025-03-21,4687,ＴＤＣソフト,プライム（内国株式）,情報･通信業,1372,1376,1296,1296,-92,-6.628242,1260900,OK
2025-03-21,4689,ＬＩＮＥヤフー,プライム（内国株式）,情報･通信業,523.1,528.2,521.1,521.1,1.1,0.211538,16258000,OK
2025-03-21,4690,日本パレットプール,スタンダード（内国株式）,サービス業,1560,1560,1540,1560,18,1.167315,4100,OK
2025-03-21,4691,ワシントンホテル,スタンダード（内国株式）,サービス業,1200,1279,1195,1265,63,5.241265,94200,OK
2025-03-21,4694,ビー・エム・エル,プライム（内国株式）,サービス業,2973,3010,2966,2990,20,0.673401,180800,OK
2025-03-21,4704,トレンドマイクロ,プライム（内国株式）,情報･通信業,10105,10385,10085,10215,65,0.640394,1038000,OK
2025-03-21,4705,クリップコーポレーション,スタンダード（内国株式）,サービス業,848,849,842,845,-3,-0.353774,6100,OK
2025-03-21,4707,キタック,スタンダード（内国株式）,サービス業,332,335,330,333,1,0.301205,14500,OK
2025-03-21,4709,ＩＤホールディングス,プライム（内国株式）,情報･通信業,1857,1863,1826,1836,-22,-1.184069,26000,OK
2025-03-21,4712,ＫｅｙＨｏｌｄｅｒ,スタンダード（内国株式）,サービス業,737,741,733,739,4,0.544218,10700,OK
2025-03-21,4714,リソー教育,プライム（内国株式）,サービス業,275,276,274,276,-1,-0.361011,130800,OK
2025-03-21,4716,日本オラクル,スタンダード（内国株式）,情報･通信業,14370,14450,14135,14225,-15,-0.105337,237800,OK
2025-03-21,4718,早稲田アカデミー,プライム（内国株式）,サービス業,2113,2168,2113,2168,50,2.360718,77400,OK
2025-03-21,4719,アルファシステムズ,プライム（内国株式）,情報･通信業,3400,3415,3400,3415,25,0.737463,1100,OK
2025-03-21,4720,城南進学研究社,スタンダード（内国株式）,サービス業,240,241,239,241,1,0.416667,3500,OK
2025-03-21,4722,フューチャー,プライム（内国株式）,情報･通信業,1830,1835,1790,1804,-28,-1.528384,183600,OK
2025-03-21,4725,ＣＡＣ　Ｈｏｌｄｉｎｇｓ,プライム（内国株式）,情報･通信業,2040,2040,2009,2021,-12,-0.590261,29600,OK
2025-03-21,4728,トーセ,スタンダード（内国株式）,情報･通信業,676,676,669,670,1,0.149477,12200,OK
2025-03-21,4732,ユー・エス・エス,プライム（内国株式）,サービス業,1440,1470.5,1440,1462,13,0.89717,1775600,OK
2025-03-21,4733,オービックビジネスコンサルタント,プライム（内国株式）,情報･通信業,7210,7277,7115,7120,-80,-1.111111,130600,OK
2025-03-21,4735,京進,スタンダード（内国株式）,サービス業,347,350,345,348,1,0.288184,4800,OK
2025-03-21,4736,日本ラッド,スタンダード（内国株式）,情報･通信業,797,808,790,793,-5,-0.626566,16400,OK
2025-03-21,4743,アイティフォー,プライム（内国株式）,情報･通信業,1432,1464,1430,1462,27,1.881533,40800,OK
2025-03-21,4745,東京個別指導学院,スタンダード（内国株式）,サービス業,336,342,335,341,2,0.589971,73200,OK
2025-03-21,4746,東計電算,スタンダード（内国株式）,情報･通信業,4240,4240,4160,4185,-55,-1.29717,8000,OK
2025-03-21,4750,ダイサン,スタンダード（内国株式）,サービス業,593,594,589,592,6,1.023891,6000,OK
2025-03-21,4751,サイバーエージェント,プライム（内国株式）,サービス業,1199.5,1250,1175,1237,31.5,2.613024,6919700,OK
2025-03-21,4752,昭和システムエンジニアリング,スタンダード（内国株式）,情報･通信業,1419,1420,1409,1411,-8,-0.563777,2400,OK
2025-03-21,4754,トスネット,スタンダード（内国株式）,サービス業,1440,1470,1440,1465,-5,-0.340136,1200,OK
2025-03-21,4755,楽天グループ,プライム（内国株式）,サービス業,891,912.2,880.1,901,-1.6,-0.177266,17931600,OK
2025-03-21,4760,アルファ,スタンダード（内国株式）,サービス業,1485,1485,1422,1422,-63,-4.242424,4500,OK
2025-03-21,4761,さくらケーシーエス,スタンダード（内国株式）,情報･通信業,1197,1219,1197,1213,18,1.506276,12800,OK
2025-03-21,4762,エックスネット,スタンダード（内国株式）,情報･通信業,1374,1379,1364,1378,4,0.291121,1300,OK
2025-03-21,4763,クリーク・アンド・リバー社,プライム（内国株式）,サービス業,1721,1721,1702,1718,-3,-0.174317,26500,OK
2025-03-21,4765,ＳＢＩグローバルアセットマネジメント,プライム（内国株式）,サービス業,705,721,705,717,15,2.136752,278200,OK
2025-03-21,4766,ピーエイ,スタンダード（内国株式）,サービス業,247,249,247,248,1,0.404858,18200,OK
2025-03-21,4767,テー・オー・ダブリュー,スタンダード（内国株式）,サービス業,320,321,319,321,1,0.3125,68100,OK
2025-03-21,4768,大塚商会,プライム（内国株式）,情報･通信業,3310,3310,3261,3272,-21,-0.637716,1103600,OK
2025-03-21,4769,ＩＣ,スタンダード（内国株式）,情報･通信業,950,965,947,948,-8,-0.83682,1700,OK
2025-03-21,4771,エフアンドエム,スタンダード（内国株式）,サービス業,1972,1972,1894,1894,-74,-3.760163,10800,OK
2025-03-21,4772,ストリームメディアコーポレーション,グロース（内国株式）,情報･通信業,116,118,115,117,2,1.73913,150700,OK
2025-03-21,4776,サイボウズ,プライム（内国株式）,情報･通信業,2765,2796,2742,2755,9,0.327749,203300,OK
2025-03-21,4777,ガーラ,スタンダード（内国株式）,情報･通信業,231,239,230,238,7,3.030303,65900,OK
2025-03-21,4783,ＮＣＤ,スタンダード（内国株式）,情報･通信業,2551,2575,2535,2551,1,0.039216,16000,OK
2025-03-21,4784,ＧＭＯインターネット,プライム（内国株式）,サービス業,1200,1255,1200,1241,39,3.244592,143300,OK
2025-03-21,4792,山田コンサルティンググループ,プライム（内国株式）,サービス業,1776,1785,1772,1778,5,0.282008,20500,OK
2025-03-21,4800,オリコン,スタンダード（内国株式）,情報･通信業,840,844,839,843,3,0.357143,14900,OK
2025-03-21,4801,セントラルスポーツ,プライム（内国株式）,サービス業,2485,2510,2485,2493,0,0,35800,OK
2025-03-21,4809,パラカ,プライム（内国株式）,不動産業,1822,1829,1817,1820,-2,-0.109769,10300,OK
2025-03-21,4811,ドリーム・アーツ,グロース（内国株式）,情報･通信業,2610,2615,2580,2596,-19,-0.726577,3200,OK
2025-03-21,4812,電通総研,プライム（内国株式）,情報･通信業,6180,6300,6140,6240,-240,-3.703704,215600,OK
2025-03-21,4813,ＡＣＣＥＳＳ,プライム（内国株式）,情報･通信業,878,887,870,870,-23,-2.575588,449900,OK
2025-03-21,4814,ネクストウェア,スタンダード（内国株式）,情報･通信業,143,158,141,141,0,0,520400,OK
2025-03-21,4816,東映アニメーション,スタンダード（内国株式）,情報･通信業,3230,3290,3210,3245,65,2.044025,288200,OK
2025-03-21,4819,デジタルガレージ,プライム（内国株式）,情報･通信業,4825,4930,4800,4895,45,0.927835,107900,OK
2025-03-21,4820,イーエムシステムズ,プライム（内国株式）,情報･通信業,780,788,773,777,-5,-0.639386,59500,OK
2025-03-21,4825,ウェザーニューズ,プライム（内国株式）,情報･通信業,3380,3415,3375,3395,0,0,44600,OK
2025-03-21,4826,ＣＩＪ,プライム（内国株式）,情報･通信業,471,473,464,465,-2,-0.428266,63600,OK
2025-03-21,4828,ビジネスエンジニアリング,プライム（内国株式）,情報･通信業,3805,3845,3770,3815,35,0.925926,16800,OK
2025-03-21,4829,日本エンタープライズ,スタンダード（内国株式）,情報･通信業,127,129,126,127,0,0,186900,OK
2025-03-21,4832,ＪＦＥシステムズ,スタンダード（内国株式）,情報･通信業,3390,3420,3330,3420,5,0.146413,15900,OK
2025-03-21,4833,Ｄｅｆ　ｃｏｎｓｕｌｔｉｎｇ,グロース（内国株式）,サービス業,85,87,83,86,1,1.176471,227700,OK
2025-03-21,4838,スペースシャワーＳＫＩＹＡＫＩホールディングス,スタンダード（内国株式）,情報･通信業,500,500,492,492,-4,-0.806452,24700,OK
2025-03-21,4839,ＷＯＷＯＷ,プライム（内国株式）,情報･通信業,1020,1026,1016,1026,0,0,26300,OK
2025-03-21,4840,トライアイズ,グロース（内国株式）,サービス業,339,375,339,367,24,6.997085,31200,OK
2025-03-21,4845,スカラ,プライム（内国株式）,情報･通信業,437,437,425,429,-8,-1.830664,129300,OK
2025-03-21,4847,インテリジェント　ウェイブ,プライム（内国株式）,情報･通信業,1068,1069,1060,1067,1,0.093809,22400,OK
2025-03-21,4848,フルキャストホールディングス,プライム（内国株式）,サービス業,1602,1610,1585,1592,-10,-0.62422,70500,OK
2025-03-21,4849,エン・ジャパン,プライム（内国株式）,サービス業,1734,1747,1723,1724,-9,-0.519331,259400,OK
2025-03-21,4880,セルソース,プライム（内国株式）,医薬品,802,822,799,802,-3,-0.372671,49100,OK
2025-03-21,4881,ファンペップ,グロース（内国株式）,医薬品,120,124,119,122,2,1.666667,1153900,OK
2025-03-21,4882,ペルセウスプロテオミクス,グロース（内国株式）,医薬品,910,1034,908,1034,150,16.968326,6429000,OK
2025-03-21,4883,モダリス,グロース（内国株式）,医薬品,90,92,90,91,1,1.111111,803900,OK
2025-03-21,4884,クリングルファーマ,グロース（内国株式）,医薬品,869,879,859,879,14,1.618497,98100,OK
2025-03-21,4885,室町ケミカル,スタンダード（内国株式）,医薬品,910,950,902,906,30,3.424658,68000,OK
2025-03-21,4886,あすか製薬ホールディングス,プライム（内国株式）,医薬品,2300,2311,2292,2307,7,0.304348,30300,OK
2025-03-21,4887,サワイグループホールディングス,プライム（内国株式）,医薬品,2094,2118.5,2091.5,2102,3.5,0.166786,667300,OK
2025-03-21,4888,ステラファーマ,グロース（内国株式）,医薬品,400,410,395,410,13,3.274559,245500,OK
2025-03-21,4889,レナサイエンス,グロース（内国株式）,医薬品,1240,1291,1229,1257,11,0.882825,1124400,OK
2025-03-21,4890,坪田ラボ,グロース（内国株式）,医薬品,384,397,384,397,13,3.385417,66600,OK
2025-03-21,4891,ティムス,グロース（内国株式）,医薬品,178,180,172,179,1,0.561798,824300,OK
2025-03-21,4892,サイフューズ,グロース（内国株式）,医薬品,1045,1049,938,966,-60,-5.847953,598300,OK
2025-03-21,4893,ノイルイミューン・バイオテック,グロース（内国株式）,医薬品,167,168,165,166,0,0,95000,OK
2025-03-21,4894,クオリプス,グロース（内国株式）,医薬品,8570,9040,8250,8430,90,1.079137,524000,OK
2025-03-21,4896,ケイファーマ,グロース（内国株式）,医薬品,749,790,749,783,36,4.819277,13900,OK
2025-03-21,4901,富士フイルムホールディングス,プライム（内国株式）,化学,3040,3078,3036,3036,-14,-0.459016,4654900,OK
2025-03-21,4902,コニカミノルタ,プライム（内国株式）,電気機器,536.6,538.3,529.2,529.4,-14.1,-2.594296,2691700,OK
2025-03-21,4911,資生堂,プライム（内国株式）,化学,2850,2888,2828.5,2849.5,-47.5,-1.639627,3480500,OK
2025-03-21,4912,ライオン,プライム（内国株式）,化学,1820,1842.5,1793,1804.5,20,1.120762,1622600,OK
2025-03-21,4914,高砂香料工業,プライム（内国株式）,化学,6920,6920,6810,6820,-130,-1.870504,42400,OK
2025-03-21,4917,マンダム,プライム（内国株式）,化学,1343,1343,1326,1332,-11,-0.819062,294200,OK
2025-03-21,4918,アイビー化粧品,スタンダード（内国株式）,化学,254,254,252,253,1,0.396825,8200,OK
2025-03-21,4919,ミルボン,プライム（内国株式）,化学,3085,3100,3060,3075,-30,-0.966184,61100,OK
2025-03-21,4920,日本色材工業研究所,スタンダード（内国株式）,化学,1148,1159,1133,1137,-8,-0.69869,5400,OK
2025-03-21,4922,コーセー,プライム（内国株式）,化学,6524,6669,6501,6611,-102,-1.51944,343900,OK
2025-03-21,4923,コタ,プライム（内国株式）,化学,1456,1463,1440,1441,-19,-1.30137,153500,OK
2025-03-21,4925,ハーバー研究所,スタンダード（内国株式）,化学,1856,1875,1855,1864,8,0.431034,2600,OK
2025-03-21,4926,シーボン,スタンダード（内国株式）,化学,1195,1195,1185,1187,0,0,5400,OK
2025-03-21,4927,ポーラ・オルビスホールディングス,プライム（内国株式）,化学,1277,1285.5,1272,1282.5,-5.5,-0.427019,483300,OK
2025-03-21,4928,ノエビアホールディングス,プライム（内国株式）,化学,4255,4305,4255,4265,15,0.352941,232600,OK
2025-03-21,4929,アジュバンホールディングス,スタンダード（内国株式）,化学,802,803,801,801,0,0,12800,OK
2025-03-21,4931,新日本製薬,プライム（内国株式）,化学,2332,2343,2307,2307,-25,-1.072041,24000,OK
2025-03-21,4932,アルマード,スタンダード（内国株式）,化学,1141,1153,1136,1140,-3,-0.262467,60100,OK
2025-03-21,4933,Ｉ−ｎｅ,プライム（内国株式）,化学,1671,1711,1660,1679,8,0.478755,70400,OK
2025-03-21,4934,プレミアアンチエイジング,グロース（内国株式）,化学,868,872,854,871,10,1.16144,21100,OK
2025-03-21,4935,リベルタ,スタンダード（内国株式）,化学,1423,1449,1365,1393,26,1.901975,131400,OK
2025-03-21,4936,アクシージア,プライム（内国株式）,化学,484,484,474,478,-7,-1.443299,78100,OK
2025-03-21,4937,Ｗａｑｏｏ,グロース（内国株式）,化学,1086,1100,1063,1078,-8,-0.736648,7000,OK
2025-03-21,4951,エステー,プライム（内国株式）,化学,1469,1497,1469,1497,27,1.836735,113900,OK
2025-03-21,4956,コニシ,プライム（内国株式）,化学,1238,1251,1234,1235,-3,-0.242326,76700,OK
2025-03-21,4957,ヤスハラケミカル,スタンダード（内国株式）,化学,1000,1014,1000,1000,-16,-1.574803,3100,OK
2025-03-21,4958,長谷川香料,プライム（内国株式）,化学,2936,2965,2934,2940,-2,-0.067981,49300,OK
2025-03-21,4960,ケミプロ化成,スタンダード（内国株式）,化学,339,345,338,342,4,1.183432,5000,OK
2025-03-21,4966,上村工業,スタンダード（内国株式）,化学,10620,10770,10620,10710,90,0.847458,17600,OK
2025-03-21,4967,小林製薬,プライム（内国株式）,化学,5873,5885,5801,5810,-63,-1.072706,332100,OK
2025-03-21,4968,荒川化学工業,プライム（内国株式）,化学,1196,1204,1183,1204,6,0.500835,24800,OK
2025-03-21,4970,東洋合成工業,スタンダード（内国株式）,化学,5800,5870,5710,5730,10,0.174825,39500,OK
2025-03-21,4971,メック,プライム（内国株式）,化学,2619,2626,2594,2610,-5,-0.191205,221500,OK
2025-03-21,4972,綜研化学,スタンダード（内国株式）,化学,3335,3355,3310,3325,45,1.371951,29000,OK
2025-03-21,4973,日本高純度化学,プライム（内国株式）,化学,3270,3285,3245,3285,15,0.458716,4400,OK
2025-03-21,4974,タカラバイオ,プライム（内国株式）,化学,853,858,851,856,3,0.3517,125700,OK
2025-03-21,4975,ＪＣＵ,プライム（内国株式）,化学,3400,3440,3365,3405,5,0.147059,40100,OK
2025-03-21,4976,東洋ドライルーブ,スタンダード（内国株式）,化学,3700,3720,3700,3720,20,0.540541,500,OK
2025-03-21,4977,新田ゼラチン,スタンダード（内国株式）,化学,840,849,834,849,14,1.676647,88700,OK
2025-03-21,4978,リプロセル,グロース（内国株式）,化学,164,165,155,155,-12,-7.185629,2158900,OK
2025-03-21,4979,ＯＡＴアグリオ,スタンダード（内国株式）,化学,2035,2043,2018,2032,-3,-0.14742,7600,OK
2025-03-21,4980,デクセリアルズ,プライム（内国株式）,化学,2084,2090,2049.5,2061,2,0.097135,811700,OK
2025-03-21,4985,アース製薬,プライム（内国株式）,化学,5190,5240,5170,5240,90,1.747573,33300,OK
2025-03-21,4990,昭和化学工業,スタンダード（内国株式）,化学,473,480,471,479,6,1.268499,5300,OK
2025-03-21,4992,北興化学工業,スタンダード（内国株式）,化学,1328,1349,1326,1343,2,0.149142,40100,OK
2025-03-21,4994,大成ラミック,スタンダード（内国株式）,化学,2576,2648,2533,2533,-36,-1.401323,225700,OK
2025-03-21,4996,クミアイ化学工業,プライム（内国株式）,化学,827,830,826,827,0,0,201000,OK
2025-03-21,4997,日本農薬,プライム（内国株式）,化学,756,762,754,759,0,0,106900,OK
2025-03-21,4998,フマキラー,スタンダード（内国株式）,化学,1140,1147,1138,1139,4,0.352423,13200,OK
2025-03-21,5009,富士興産,スタンダード（内国株式）,卸売業,1498,1499,1489,1497,2,0.133779,28500,OK
2025-03-21,5010,日本精蝋,スタンダード（内国株式）,石油･石炭製品,204,206,203,204,1,0.492611,48200,OK
2025-03-21,5011,ニチレキグループ,プライム（内国株式）,石油･石炭製品,2346,2357,2330,2345,7,0.299401,19800,OK
2025-03-21,5013,ユシロ化学工業,スタンダード（内国株式）,石油･石炭製品,2086,2127,2075,2119,39,1.875,25100,OK
2025-03-21,5015,ビーピー・カストロール,スタンダード（内国株式）,石油･石炭製品,859,864,854,864,6,0.699301,18800,OK
2025-03-21,5016,ＪＸ金属,プライム（内国株式）,非鉄金属,908,967,905,958,84,9.610984,147470400,OK
2025-03-21,5017,富士石油,プライム（内国株式）,石油･石炭製品,327,330,325,325,-3,-0.914634,550300,OK
2025-03-21,5018,ＭＯＲＥＳＣＯ,スタンダード（内国株式）,石油･石炭製品,1226,1235,1226,1227,6,0.4914,11200,OK
2025-03-21,5019,出光興産,プライム（内国株式）,石油･石炭製品,1170,1177.5,1155.5,1159.5,-14,-1.193012,8423500,OK
2025-03-21,5020,ＥＮＥＯＳホールディングス,プライム（内国株式）,石油･石炭製品,855.1,858.7,848.4,848.4,-0.6,-0.070671,21758300,OK
2025-03-21,5021,コスモエネルギーホールディングス,プライム（内国株式）,石油･石炭製品,6940,6993,6859,6886,0,0,492800,OK
2025-03-21,5022,レボインターナショナル,TOKYO PRO MARKET（内国株式）,石油･石炭製品,,,,,,,,NO_QUOTE
2025-03-21,5025,マーキュリー,グロース（内国株式）,情報･通信業,746,746,724,724,-22,-2.949062,5300,OK
2025-03-21,5026,トリプルアイズ,グロース（内国株式）,情報･通信業,1130,1146,1121,1122,-9,-0.795756,17900,OK
2025-03-21,5027,ＡｎｙＭｉｎｄ　Ｇｒｏｕｐ,グロース（内国株式）,情報･通信業,1040,1053,1034,1043,-5,-0.477099,131200,OK
2025-03-21,5028,セカンドサイトアナリティカ,グロース（内国株式）,情報･通信業,346,353,343,348,-2,-0.571429,19300,OK
2025-03-21,5029,サークレイス,グロース（内国株式）,情報･通信業,1000,1029,980,995,-4,-0.4004,43700,OK
2025-03-21,5031,モイ,グロース（内国株式）,情報･通信業,245,245,241,242,-1,-0.411523,24900,OK
2025-03-21,5032,ＡＮＹＣＯＬＯＲ,プライム（内国株式）,情報･通信業,3440,3520,3405,3490,50,1.453488,938200,OK
2025-03-21,5033,ヌーラボ,グロース（内国株式）,情報･通信業,1015,1018,997,998,-17,-1.674877,15300,OK
2025-03-21,5034,ｕｎｅｒｒｙ,グロース（内国株式）,情報･通信業,1758,1786,1756,1785,8,0.450197,8800,OK
2025-03-21,5035,ＨＯＵＳＥＩ,グロース（内国株式）,情報･通信業,558,563,535,549,-12,-2.139037,109400,OK
2025-03-21,5036,日本ビジネスシステムズ,スタンダード（内国株式）,情報･通信業,1026,1060,1026,1055,29,2.826511,26100,OK
2025-03-21,5037,フィットワークス,TOKYO PRO MARKET（内国株式）,情報･通信業,,,,,,,,NO_QUOTE
2025-03-21,5038,ｅＷｅＬＬ,グロース（内国株式）,情報･通信業,2080,2135,2080,2120,90,4.433498,82800,OK
2025-03-21,5070,ドラフト,グロース（内国株式）,建設業,554,574,554,571,21,3.818182,32400,OK
2025-03-21,5071,ヴィス,スタンダード（内国株式）,建設業,1297,1328,1294,1328,38,2.945736,10400,OK
2025-03-21,5072,アートフォースジャパン,TOKYO PRO MARKET（内国株式）,建設業,,,,,,,,NO_QUOTE
2025-03-21,5074,テスホールディングス,プライム（内国株式）,建設業,289,293,288,291,1,0.344828,216800,OK
2025-03-21,5076,インフロニア・ホールディングス,プライム（内国株式）,建設業,1219.5,1232,1216,1216,-2.5,-0.20517,1061500,OK
2025-03-21,50765,インフロニア・ホールディングス（優先株式）,プライム（内国株式）,建設業,4693,4699,4692,4693,8,0.170758,7400,OK
2025-03-21,5077,ハンズ,TOKYO PRO MARKET（内国株式）,建設業,,,,,,,,NO_QUOTE
2025-03-21,5078,セレコーポレーション,スタンダード（内国株式）,建設業,4570,4580,4535,4535,-35,-0.765864,500,OK
2025-03-21,5079,ノバック,スタンダード（内国株式）,建設業,2739,2750,2712,2750,41,1.513474,8600,OK
2025-03-21,5101,横浜ゴム,プライム（内国株式）,ゴム製品,3586,3649,3580,3596,-18,-0.498063,561700,OK
2025-03-21,5103,昭和ホールディングス,スタンダード（内国株式）,ゴム製品,45,46,44,45,1,2.272727,143100,OK
2025-03-21,5105,ＴＯＹＯ　ＴＩＲＥ,プライム（内国株式）,ゴム製品,2715.5,2753.5,2705,2727.5,1.5,0.055026,794400,OK
2025-03-21,5108,ブリヂストン,プライム（内国株式）,ゴム製品,6102,6204,6080,6164,17,0.276558,2956400,OK
2025-03-21,5110,住友ゴム工業,プライム（内国株式）,ゴム製品,1933,1989.5,1932,1969.5,31,1.599175,2412900,OK
2025-03-21,5121,藤倉コンポジット,プライム（内国株式）,ゴム製品,1479,1486,1474,1476,-3,-0.20284,36400,OK
2025-03-21,5122,オカモト,プライム（内国株式）,ゴム製品,5290,5340,5220,5260,-20,-0.378788,11300,OK
2025-03-21,5125,ファインズ,グロース（内国株式）,情報･通信業,496,496,496,496,0,0,2100,OK
2025-03-21,5126,ポーターズ,グロース（内国株式）,情報･通信業,2000,2000,1990,1990,-15,-0.74813,200,OK
2025-03-21,5129,ＦＩＸＥＲ,グロース（内国株式）,情報･通信業,688,704,684,693,-2,-0.28777,17900,OK
2025-03-21,5130,ヒロホールディングス,TOKYO PRO MARKET（内国株式）,情報･通信業,,,,,,,,NO_QUOTE
2025-03-21,5131,リンカーズ,グロース（内国株式）,情報･通信業,163,192,161,163,2,1.242236,1860400,OK
2025-03-21,5132,ｐｌｕｓｚｅｒｏ,グロース（内国株式）,情報･通信業,2410,2520,2395,2479,54,2.226804,77300,OK
2025-03-21,5133,テリロジーホールディングス,スタンダード（内国株式）,情報･通信業,288,291,288,289,1,0.347222,25500,OK
2025-03-21,5134,ＰＯＰＥＲ,グロース（内国株式）,情報･通信業,882,895,871,884,4,0.454545,15200,OK
2025-03-21,5135,ＡＩＲ−Ｕ,TOKYO PRO MARKET（内国株式）,情報･通信業,,,,,,,,NO_QUOTE
2025-03-21,5136,ｔｒｉｐｌａ,グロース（内国株式）,情報･通信業,2350,2399,2235,2352,11,0.469885,451100,OK
2025-03-21,5137,スマートドライブ,グロース（内国株式）,情報･通信業,1812,1845,1812,1826,14,0.772627,600,OK
2025-03-21,5138,Ｒｅｂａｓｅ,グロース（内国株式）,情報･通信業,1545,1562,1531,1554,13,0.843608,5200,OK
2025-03-21,5139,オープンワーク,グロース（内国株式）,情報･通信業,849,850,835,835,-12,-1.416765,28700,OK
2025-03-21,5142,アキレス,プライム（内国株式）,化学,1524,1534,1450,1475,-40,-2.640264,36500,OK
2025-03-21,5161,西川ゴム工業,スタンダード（内国株式）,ゴム製品,4900,4935,4825,4870,0,0,59300,OK
2025-03-21,5162,朝日ラバー,スタンダード（内国株式）,ゴム製品,562,570,562,570,0,0,800,OK
2025-03-21,5184,ニチリン,スタンダード（内国株式）,ゴム製品,3625,3635,3605,3630,-5,-0.137552,15600,OK
2025-03-21,5185,フコク,プライム（内国株式）,ゴム製品,1728,1742,1719,1734,-2,-0.115207,28200,OK
2025-03-21,5186,ニッタ,プライム（内国株式）,ゴム製品,3860,3905,3860,3875,5,0.129199,32700,OK
2025-03-21,5187,クリエートメディック,スタンダード（内国株式）,精密機器,934,941,934,935,1,0.107066,10600,OK
2025-03-21,5189,櫻護謨,スタンダード（内国株式）,ゴム製品,1957,1975,1950,1975,25,1.282051,3200,OK
2025-03-21,5191,住友理工,プライム（内国株式）,ゴム製品,1855,1910,1855,1876,28,1.515152,307600,OK
2025-03-21,5192,三ツ星ベルト,プライム（内国株式）,ゴム製品,3995,4025,3985,4005,-5,-0.124688,62300,OK
2025-03-21,5194,相模ゴム工業,スタンダード（内国株式）,ゴム製品,920,925,915,925,5,0.543478,6400,OK
2025-03-21,5195,バンドー化学,プライム（内国株式）,ゴム製品,1784,1788,1774,1775,-9,-0.504484,44200,OK
2025-03-21,5199,不二ラテックス,スタンダード（内国株式）,ゴム製品,1800,1823,1800,1800,3,0.166945,700,OK
2025-03-21,5201,ＡＧＣ,プライム（内国株式）,ガラス･土石製品,4680,4705,4650,4672,-21,-0.447475,991700,OK
2025-03-21,5202,日本板硝子,プライム（内国株式）,ガラス･土石製品,427,436,422,423,-8,-1.856148,1166100,OK
2025-03-21,5204,石塚硝子,スタンダード（内国株式）,ガラス･土石製品,2459,2461,2442,2448,-7,-0.285132,6500,OK
2025-03-21,5208,有沢製作所,プライム（内国株式）,化学,1452,1461,1449,1450,-2,-0.137741,160300,OK
2025-03-21,5210,日本山村硝子,スタンダード（内国株式）,ガラス･土石製品,2274,2274,2241,2263,-2,-0.0883,43300,OK
2025-03-21,5214,日本電気硝子,プライム（内国株式）,ガラス･土石製品,3578,3608,3558,3568,-4,-0.111982,533100,OK
2025-03-21,5216,倉元製作所,スタンダード（内国株式）,ガラス･土石製品,251,251,241,244,-5,-2.008032,509600,OK
2025-03-21,5218,オハラ,スタンダード（内国株式）,ガラス･土石製品,1099,1143,1099,1131,37,3.382084,70800,OK
2025-03-21,5232,住友大阪セメント,プライム（内国株式）,ガラス･土石製品,3789,3845,3789,3816,34,0.898995,153200,OK
2025-03-21,5233,太平洋セメント,プライム（内国株式）,ガラス･土石製品,4000,4032,3975,3975,-49,-1.217694,539500,OK
2025-03-21,5237,ノザワ,スタンダード（内国株式）,ガラス･土石製品,895,896,881,884,-1,-0.112994,15700,OK
2025-03-21,5240,ｍｏｎｏＡＩ　ｔｅｃｈｎｏｌｏｇｙ,グロース（内国株式）,情報･通信業,300,301,297,299,-1,-0.333333,14800,OK
2025-03-21,5242,アイズ,グロース（内国株式）,情報･通信業,1299,1300,1272,1272,-27,-2.078522,2600,OK
2025-03-21,5243,ｎｏｔｅ,グロース（内国株式）,情報･通信業,1443,1619,1443,1547,112,7.804878,5696600,OK
2025-03-21,5244,ｊｉｇ．ｊｐ,グロース（内国株式）,情報･通信業,286,289,281,286,8,2.877698,347300,OK
2025-03-21,5246,ＥＬＥＭＥＮＴＳ,グロース（内国株式）,情報･通信業,940,959,915,958,16,1.698514,1067000,OK
2025-03-21,5247,ＢＴＭ,グロース（内国株式）,情報･通信業,2047,2077,2032,2035,-61,-2.910305,7900,OK
2025-03-21,5248,テクノロジーズ,グロース（内国株式）,情報･通信業,721,721,713,713,-8,-1.10957,26600,OK
2025-03-21,5249,あさかわシステムズ,TOKYO PRO MARKET（内国株式）,情報･通信業,,,,,,,,NO_QUOTE
2025-03-21,5250,プライム・ストラテジー,スタンダード（内国株式）,情報･通信業,1068,1082,1053,1082,14,1.310861,3200,OK
2025-03-21,5251,ウイズ・ワン,TOKYO PRO MARKET（内国株式）,情報･通信業,,,,,,,,NO_QUOTE
2025-03-21,5252,日本ナレッジ,グロース（内国株式）,情報･通信業,1001,1007,1001,1006,-2,-0.198413,4400,OK
2025-03-21,5253,カバー,グロース（内国株式）,情報･通信業,2897,2936,2822,2826,-36,-1.257862,6512500,OK
2025-03-21,5254,Ａｒｅｎｔ,グロース（内国株式）,情報･通信業,5500,5500,5380,5380,-120,-2.181818,23400,OK
2025-03-21,5255,モンスターラボホールディングス,グロース（内国株式）,情報･通信業,85,87,83,85,-1,-1.162791,499800,OK
2025-03-21,5256,Ｆｕｓｉｃ,グロース（内国株式）,情報･通信業,2832,2938,2832,2890,11,0.382077,1700,OK
2025-03-21,5257,ノバシステム,スタンダード（内国株式）,情報･通信業,3025,3025,2950,3000,-30,-0.990099,2600,OK
2025-03-21,5258,トランザクション・メディア・ネットワークス,グロース（内国株式）,情報･通信業,350,350,342,347,-3,-0.857143,140300,OK
2025-03-21,5259,ＢＢＤイニシアティブ,グロース（内国株式）,情報･通信業,1209,1215,1196,1206,2,0.166113,32800,OK
2025-03-21,5261,リソルホールディングス,プライム（内国株式）,サービス業,5540,5560,5530,5540,10,0.180832,9200,OK
2025-03-21,5262,日本ヒューム,プライム（内国株式）,ガラス･土石製品,2140,2180,2129,2180,67,3.170847,309600,OK
2025-03-21,5268,旭コンクリート工業,スタンダード（内国株式）,ガラス･土石製品,671,688,670,677,6,0.894188,26700,OK
2025-03-21,5269,日本コンクリート工業,プライム（内国株式）,ガラス･土石製品,376,376,372,372,-4,-1.06383,135300,OK
2025-03-21,5271,トーヨーアサノ,スタンダード（内国株式）,ガラス･土石製品,2050,2087,2050,2080,31,1.512933,900,OK
2025-03-21,5273,三谷セキサン,スタンダード（内国株式）,ガラス･土石製品,6500,6600,6450,6590,150,2.329193,20900,OK
2025-03-21,5277,スパンクリートコーポレーション,スタンダード（内国株式）,ガラス･土石製品,446,447,445,445,-2,-0.447427,14700,OK
2025-03-21,5279,日本興業,スタンダード（内国株式）,ガラス･土石製品,869,879,869,878,9,1.035673,2800,OK
2025-03-21,5280,ヨシコン,スタンダード（内国株式）,不動産業,1673,1679,1660,1665,-6,-0.359066,13100,OK
2025-03-21,5282,ジオスター,スタンダード（内国株式）,ガラス･土石製品,307,307,303,303,-4,-1.302932,23600,OK
2025-03-21,5283,高見澤,スタンダード（内国株式）,卸売業,3215,3220,3215,3220,10,0.311526,400,OK
2025-03-21,5284,ヤマウホールディングス,スタンダード（内国株式）,ガラス･土石製品,1868,1886,1860,1868,0,0,31300,OK
2025-03-21,5285,ヤマックス,スタンダード（内国株式）,ガラス･土石製品,1555,1555,1527,1541,-15,-0.96401,69700,OK
2025-03-21,5287,イトーヨーギョー,スタンダード（内国株式）,ガラス･土石製品,672,672,661,662,-10,-1.488095,20900,OK
2025-03-21,5288,アジアパイルホールディングス,プライム（内国株式）,ガラス･土石製品,967,974,961,972,3,0.309598,86200,OK
2025-03-21,5290,ベルテクスコーポレーション,スタンダード（内国株式）,ガラス･土石製品,1826,1836,1820,1830,17,0.937672,23500,OK
2025-03-21,5301,東海カーボン,プライム（内国株式）,ガラス･土石製品,990.2,1008.5,989,991.7,4.4,0.44566,1545000,OK
2025-03-21,5302,日本カーボン,プライム（内国株式）,ガラス･土石製品,4250,4265,4230,4230,-30,-0.704225,73900,OK
2025-03-21,5304,ＳＥＣカーボン,スタンダード（内国株式）,ガラス･土石製品,2205,2214,2200,2201,-5,-0.226655,17800,OK
2025-03-21,5310,東洋炭素,プライム（内国株式）,ガラス･土石製品,4195,4200,4145,4150,-5,-0.120337,124000,OK
2025-03-21,5331,ノリタケ,プライム（内国株式）,ガラス･土石製品,3670,3720,3660,3720,50,1.362398,125100,OK
2025-03-21,5332,ＴＯＴＯ,プライム（内国株式）,ガラス･土石製品,4050,4132,4046,4063,-27,-0.660147,1230700,OK
2025-03-21,5333,日本碍子,プライム（内国株式）,ガラス･土石製品,1971.5,1995,1969.5,1975,-1.5,-0.075892,1049600,OK
2025-03-21,5334,日本特殊陶業,プライム（内国株式）,ガラス･土石製品,4737,4804,4720,4731,-13,-0.27403,916700,OK
2025-03-21,5337,ダントーホールディングス,スタンダード（内国株式）,ガラス･土石製品,343,343,319,331,-8,-2.359882,47300,OK
2025-03-21,5341,ＡＳＡＨＩ　ＥＩＴＯホールディングス,スタンダード（内国株式）,ガラス･土石製品,417,423,417,423,5,1.196172,1900,OK
2025-03-21,5344,ＭＡＲＵＷＡ,プライム（内国株式）,ガラス･土石製品,31650,33200,31330,32910,1770,5.684008,175300,OK
2025-03-21,5351,品川リフラクトリーズ,プライム（内国株式）,ガラス･土石製品,1811,1829,1800,1822,18,0.997783,107200,OK
2025-03-21,5352,黒崎播磨,プライム（内国株式）,ガラス･土石製品,2754,2795,2747,2766,18,0.655022,99100,OK
2025-03-21,5355,日本坩堝,スタンダード（内国株式）,ガラス･土石製品,613,614,609,614,2,0.326797,4100,OK
2025-03-21,5356,美濃窯業,スタンダード（内国株式）,ガラス･土石製品,845,845,834,840,-3,-0.355872,8700,OK
2025-03-21,5357,ヨータイ,プライム（内国株式）,ガラス･土石製品,1704,1722,1704,1710,2,0.117096,19000,OK
2025-03-21,5363,東京窯業,スタンダード（内国株式）,ガラス･土石製品,488,502,488,497,12,2.474227,119000,OK
2025-03-21,5367,ニッカトー,スタンダード（内国株式）,ガラス･土石製品,526,530,525,530,5,0.952381,11500,OK
2025-03-21,5368,日本インシュレーション,スタンダード（内国株式）,ガラス･土石製品,907,914,903,904,1,0.110742,5400,OK
2025-03-21,5380,新東,スタンダード（内国株式）,ガラス･土石製品,1563,1563,1528,1528,-6,-0.391134,3000,OK
2025-03-21,5381,Ｍｉｐｏｘ,スタンダード（内国株式）,ガラス･土石製品,661,669,647,649,-10,-1.517451,136400,OK
2025-03-21,5384,フジミインコーポレーテッド,プライム（内国株式）,ガラス･土石製品,2064,2080,2063,2063,-2,-0.096852,276000,OK
2025-03-21,5386,鶴弥,スタンダード（内国株式）,ガラス･土石製品,385,390,382,387,4,1.044386,20400,OK
2025-03-21,5388,クニミネ工業,スタンダード（内国株式）,ガラス･土石製品,1052,1052,1042,1048,-2,-0.190476,11600,OK
2025-03-21,5391,エーアンドエーマテリアル,スタンダード（内国株式）,ガラス･土石製品,1228,1229,1225,1227,-1,-0.081433,5400,OK
2025-03-21,5393,ニチアス,プライム（内国株式）,ガラス･土石製品,4540,4636,4534,4602,79,1.746628,788700,OK
2025-03-21,5401,日本製鉄,プライム（内国株式）,鉄鋼,3470,3514,3449,3473,-20,-0.572574,7750600,OK
2025-03-21,5406,神戸製鋼所,プライム（内国株式）,鉄鋼,1890,1900,1869,1869,-33,-1.735016,10356000,OK
2025-03-21,5408,中山製鋼所,プライム（内国株式）,鉄鋼,804,808,800,805,2,0.249066,184200,OK
2025-03-21,5410,合同製鐵,プライム（内国株式）,鉄鋼,4235,4250,4220,4225,-10,-0.236128,111300,OK
2025-03-21,5411,ＪＦＥホールディングス,プライム（内国株式）,鉄鋼,1986.5,2009,1972,1989.5,-19,-0.94598,6171600,OK
2025-03-21,5423,東京製鐵,プライム（内国株式）,鉄鋼,1650,1689,1648,1672,6,0.360144,403400,OK
2025-03-21,5440,共英製鋼,プライム（内国株式）,鉄鋼,2015,2029,2007,2007,-20,-0.98668,171900,OK
2025-03-21,5444,大和工業,プライム（内国株式）,鉄鋼,8370,8440,8346,8388,60,0.720461,360500,OK
2025-03-21,5445,東京鐵鋼,プライム（内国株式）,鉄鋼,6250,6320,6190,6190,-120,-1.901743,156000,OK
2025-03-21,5446,北越メタル,スタンダード（内国株式）,鉄鋼,1350,1350,1340,1350,0,0,7300,OK
2025-03-21,5449,大阪製鐵,スタンダード（内国株式）,鉄鋼,3000,3070,2998,3020,10,0.332226,96900,OK
2025-03-21,5451,淀川製鋼所,プライム（内国株式）,鉄鋼,5960,6050,5960,5990,30,0.503356,95900,OK
2025-03-21,5458,高砂鐵工,スタンダード（内国株式）,鉄鋼,997,1000,991,996,-2,-0.200401,2300,OK
2025-03-21,5461,中部鋼鈑,プライム（内国株式）,鉄鋼,2262,2262,2209,2209,-72,-3.15651,74100,OK
2025-03-21,5463,丸一鋼管,プライム（内国株式）,鉄鋼,3550,3610,3545,3568,2,0.056085,324100,OK
2025-03-21,5464,モリ工業,スタンダード（内国株式）,鉄鋼,5510,5570,5500,5530,0,0,5700,OK
2025-03-21,5471,大同特殊鋼,プライム（内国株式）,鉄鋼,1285,1301,1279,1298,3.5,0.270375,1580500,OK
2025-03-21,5476,日本高周波鋼業,スタンダード（内国株式）,鉄鋼,373,373,368,371,3,0.815217,7600,OK
2025-03-21,5480,日本冶金工業,プライム（内国株式）,鉄鋼,4495,4515,4475,4485,-5,-0.111359,86700,OK
2025-03-21,5481,山陽特殊製鋼,プライム（内国株式）,鉄鋼,2738,2743,2737,2741,1,0.036496,108400,OK
2025-03-21,5482,愛知製鋼,プライム（内国株式）,鉄鋼,7900,8160,7680,7880,-50,-0.630517,241100,OK
2025-03-21,5484,東北特殊鋼,スタンダード（内国株式）,鉄鋼,2010,2030,2010,2030,30,1.5,1000,OK
2025-03-21,5491,日本金属,スタンダード（内国株式）,鉄鋼,665,665,659,659,-5,-0.753012,6300,OK
2025-03-21,5525,フロンティアホールディングス,TOKYO PRO MARKET（内国株式）,不動産業,,,,,,,,NO_QUOTE
2025-03-21,5527,ｐｒｏｐｅｒｔｙ　ｔｅｃｈｎｏｌｏｇｉｅｓ,グロース（内国株式）,不動産業,994,995,984,995,1,0.100604,17100,OK
2025-03-21,5528,フロンティアハウス,TOKYO PRO MARKET（内国株式）,不動産業,,,,,,,,NO_QUOTE
2025-03-21,5531,中山不動産,TOKYO PRO MARKET（内国株式）,不動産業,,,,,,,,NO_QUOTE
2025-03-21,5532,リアルゲイト,グロース（内国株式）,不動産業,2495,2649,2495,2648,181,7.336846,9200,OK
2025-03-21,5533,エリッツホールディングス,スタンダード（内国株式）,不動産業,1790,1811,1790,1790,40,2.285714,700,OK
2025-03-21,5534,エンゼルグループ,TOKYO PRO MARKET（内国株式）,不動産業,,,,,,,,NO_QUOTE
2025-03-21,5535,ミガロホールディングス,プライム（内国株式）,不動産業,2950,2969,2738,2780,-90,-3.135889,1539800,OK
2025-03-21,5536,京橋アートレジデンス,TOKYO PRO MARKET（内国株式）,不動産業,,,,,,,,NO_QUOTE
2025-03-21,5537,ＡｌｂａＬｉｎｋ,TOKYO PRO MARKET（内国株式）,不動産業,,,,,,,,NO_QUOTE
2025-03-21,5541,大平洋金属,プライム（内国株式）,鉄鋼,1900,1908,1866,1866,-31,-1.634159,495100,OK
2025-03-21,5542,新報国マテリアル,スタンダード（内国株式）,鉄鋼,693,720,691,715,28,4.075691,34000,OK
2025-03-21,5563,新日本電工,プライム（内国株式）,鉄鋼,298,299,294,294,-5,-1.672241,553200,OK
2025-03-21,5570,ジェノバ,グロース（内国株式）,情報･通信業,708,710,696,696,-17,-2.384292,17400,OK
2025-03-21,5571,エキサイトホールディングス,スタンダード（内国株式）,情報･通信業,1265,1270,1254,1270,19,1.518785,5900,OK
2025-03-21,5572,Ｒｉｄｇｅ−ｉ,グロース（内国株式）,情報･通信業,2671,2671,2627,2642,-46,-1.71131,28000,OK
2025-03-21,5573,働楽ホールディングス,TOKYO PRO MARKET（内国株式）,情報･通信業,,,,,,,,NO_QUOTE
2025-03-21,5574,ＡＢＥＪＡ,グロース（内国株式）,情報･通信業,2420,2420,2346,2346,-54,-2.25,85600,OK
2025-03-21,5575,Ｇｌｏｂｅｅ,グロース（内国株式）,情報･通信業,899,914,893,903,11,1.233184,8800,OK
2025-03-21,5576,オービーシステム,スタンダード（内国株式）,情報･通信業,2314,2334,2314,2334,20,0.864304,400,OK
2025-03-21,5577,アイデミー,グロース（内国株式）,情報･通信業,653,675,651,655,-1,-0.152439,10100,OK
2025-03-21,5578,ＡＲアドバンストテクノロジ,グロース（内国株式）,情報･通信業,1760,1770,1741,1741,-21,-1.191827,4100,OK
2025-03-21,5580,プロディライト,グロース（内国株式）,情報･通信業,977,977,961,961,-16,-1.637666,2300,OK
2025-03-21,5581,カイテクノロジー,TOKYO PRO MARKET（内国株式）,情報･通信業,,,,,,,,NO_QUOTE
2025-03-21,5582,グリッド,グロース（内国株式）,情報･通信業,2448,2458,2400,2440,-15,-0.610998,10100,OK
2025-03-21,5584,Ｓｔｒａｗｂｅｒｒｙ　ｊａｍｓ,TOKYO PRO MARKET（内国株式）,情報･通信業,,,,,,,,NO_QUOTE
2025-03-21,5585,エコナビスタ,グロース（内国株式）,情報･通信業,2183,2184,2183,2183,0,0,113600,OK
2025-03-21,5586,Ｌａｂｏｒｏ．ＡＩ,グロース（内国株式）,情報･通信業,1165,1171,1134,1149,-12,-1.033592,107400,OK
2025-03-21,5587,インバウンドプラットフォーム,グロース（内国株式）,情報･通信業,762,762,751,752,5,0.669344,1300,OK
2025-03-21,5588,ファーストアカウンティング,グロース（内国株式）,情報･通信業,1865,1925,1838,1854,-21,-1.12,64900,OK
2025-03-21,5589,オートサーバー,スタンダード（内国株式）,情報･通信業,2295,2300,2289,2292,-1,-0.043611,32100,OK
2025-03-21,5590,ネットスターズ,グロース（内国株式）,情報･通信業,857,867,849,851,-6,-0.700117,34800,OK
2025-03-21,5591,ＡＶＩＬＥＮ,グロース（内国株式）,情報･通信業,1150,1151,1127,1140,-10,-0.869565,9400,OK
2025-03-21,5592,くすりの窓口,グロース（内国株式）,情報･通信業,1860,1929,1859,1900,48,2.591793,79300,OK
2025-03-21,5594,エム・デー・ビー,TOKYO PRO MARKET（内国株式）,情報･通信業,,,,,,,,NO_QUOTE
2025-03-21,5595,ＱＰＳ研究所,グロース（内国株式）,情報･通信業,953,967,946,950,-4,-0.419287,774800,OK
2025-03-21,5596,アウトルックコンサルティング,グロース（内国株式）,情報･通信業,1054,1060,1050,1053,7,0.669216,2500,OK
2025-03-21,5597,ブルーイノベーション,グロース（内国株式）,情報･通信業,1289,1443,1245,1324,90,7.293355,1329400,OK
2025-03-21,5598,Ｙｏｔｔａｖｉａｓ,TOKYO PRO MARKET（内国株式）,情報･通信業,,,,,,,,NO_QUOTE
2025-03-21,5599,Ｓ＆Ｊ,グロース（内国株式）,情報･通信業,1185,1185,1165,1170,-12,-1.015228,7900,OK
2025-03-21,5602,栗本鐵工所,プライム（内国株式）,鉄鋼,4955,4955,4905,4920,-35,-0.706357,21100,OK
2025-03-21,5603,虹技,スタンダード（内国株式）,鉄鋼,1349,1365,1346,1352,3,0.222387,20500,OK
2025-03-21,5609,日本鋳造,スタンダード（内国株式）,鉄鋼,873,874,866,866,8,0.932401,2900,OK
2025-03-21,5612,日本鋳鉄管,スタンダード（内国株式）,鉄鋼,1562,1562,1528,1540,-33,-2.097902,23200,OK
2025-03-21,5616,雨風太陽,グロース（内国株式）,情報･通信業,1184,1270,1184,1208,26,2.199662,253700,OK
2025-03-21,5617,ウィル・ドゥ,TOKYO PRO MARKET（内国株式）,情報･通信業,,,,,,,,NO_QUOTE
2025-03-21,5618,ナイル,グロース（内国株式）,情報･通信業,281,281,273,273,-5,-1.798561,4500,OK
2025-03-21,5619,マーソ,グロース（内国株式）,情報･通信業,971,983,969,970,-5,-0.512821,2100,OK
2025-03-21,5620,エスピーオー,TOKYO PRO MARKET（内国株式）,情報･通信業,,,,,,,,NO_QUOTE
2025-03-21,5621,ヒューマンテクノロジーズ,グロース（内国株式）,情報･通信業,1541,1607,1541,1590,24,1.532567,99200,OK
2025-03-21,5622,ワンビ,TOKYO PRO MARKET（内国株式）,情報･通信業,,,,,,,,NO_QUOTE
2025-03-21,5631,日本製鋼所,プライム（内国株式）,機械,6206,6215,6071,6071,-187,-2.988175,1006200,OK
2025-03-21,5632,三菱製鋼,プライム（内国株式）,鉄鋼,1720,1764,1693,1757,39,2.270081,141700,OK
2025-03-21,5644,メタルアート,スタンダード（内国株式）,鉄鋼,3445,3475,3440,3475,30,0.870827,6200,OK
2025-03-21,5658,日亜鋼業,スタンダード（内国株式）,鉄鋼,332,332,324,324,-3,-0.917431,56400,OK
2025-03-21,5659,日本精線,プライム（内国株式）,鉄鋼,1387,1399,1369,1373,-15,-1.080692,140300,OK
2025-03-21,5660,神鋼鋼線工業,スタンダード（内国株式）,鉄鋼,1387,1390,1326,1372,-15,-1.081471,9400,OK
2025-03-21,5695,パウダーテック,スタンダード（内国株式）,鉄鋼,2210,2210,2172,2200,-19,-0.856242,3600,OK
2025-03-21,5697,サンユウ,スタンダード（内国株式）,鉄鋼,523,530,520,530,4,0.760456,3200,OK
2025-03-21,5698,エンビプロ・ホールディングス,プライム（内国株式）,鉄鋼,487,493,480,485,-9,-1.821862,101200,OK
2025-03-21,5699,イボキン,スタンダード（内国株式）,鉄鋼,1306,1311,1284,1311,19,1.470588,6200,OK
2025-03-21,5702,大紀アルミニウム工業所,プライム（内国株式）,非鉄金属,1056,1060,1051,1057,-2,-0.188857,125900,OK
2025-03-21,5703,日本軽金属ホールディングス,プライム（内国株式）,非鉄金属,1621,1635,1616,1617,-8,-0.492308,261700,OK
2025-03-21,5704,ＪＭＣ,グロース（内国株式）,非鉄金属,485,487,484,487,-2,-0.408998,5900,OK
2025-03-21,5706,三井金属鉱業,プライム（内国株式）,非鉄金属,4608,4757,4597,4653,49,1.064292,734500,OK
2025-03-21,5707,東邦亜鉛,プライム（内国株式）,非鉄金属,660,665,648,652,2,0.307692,252600,OK
2025-03-21,5711,三菱マテリアル,プライム（内国株式）,非鉄金属,2620,2652.5,2608,2627,0.5,0.019037,1000000,OK
2025-03-21,5713,住友金属鉱山,プライム（内国株式）,非鉄金属,3469,3538,3451,3474,-13,-0.372813,2870100,OK
2025-03-21,5714,ＤＯＷＡホールディングス,プライム（内国株式）,非鉄金属,4903,4987,4898,4916,-14,-0.283976,247700,OK
2025-03-21,5715,古河機械金属,プライム（内国株式）,非鉄金属,2302,2316,2276,2287,-8,-0.348584,148400,OK
2025-03-21,5721,エス・サイエンス,スタンダード（内国株式）,非鉄金属,60,64,57,60,-3,-4.761905,20160300,OK
2025-03-21,5724,アサカ理研,スタンダード（内国株式）,非鉄金属,843,843,833,840,-3,-0.355872,4000,OK
2025-03-21,5726,大阪チタニウムテクノロジーズ,プライム（内国株式）,非鉄金属,2060,2075,2040,2045,-34,-1.635402,586500,OK
2025-03-21,5727,東邦チタニウム,プライム（内国株式）,非鉄金属,1142,1161,1126,1144,2,0.175131,905600,OK
2025-03-21,5729,日本精鉱,スタンダード（内国株式）,非鉄金属,5350,5350,5080,5080,-330,-6.099815,29000,OK
2025-03-21,5741,ＵＡＣＪ,プライム（内国株式）,非鉄金属,5360,5430,5220,5240,-150,-2.782931,155400,OK
2025-03-21,5742,エヌアイシ・オートテック,スタンダード（内国株式）,非鉄金属,800,800,799,799,-1,-0.125,300,OK
2025-03-21,5753,日本伸銅,スタンダード（内国株式）,非鉄金属,2170,2191,2170,2182,16,0.738689,3800,OK
2025-03-21,5757,ＣＫサンエツ,プライム（内国株式）,非鉄金属,4225,4315,4225,4270,45,1.065089,9100,OK
2025-03-21,5801,古河電気工業,プライム（内国株式）,非鉄金属,5729,5791,5695,5705,-23,-0.401536,3449000,OK
2025-03-21,5802,住友電気工業,プライム（内国株式）,非鉄金属,2743,2828,2738,2781.5,66,2.430492,5036800,OK
2025-03-21,5803,フジクラ,プライム（内国株式）,非鉄金属,5957,6120,5915,5959,90,1.533481,25451900,OK
2025-03-21,5805,ＳＷＣＣ,プライム（内国株式）,非鉄金属,6120,6320,6100,6230,140,2.298851,287200,OK
2025-03-21,5816,オーナンバ,スタンダード（内国株式）,非鉄金属,997,1003,997,1001,4,0.401204,17600,OK
2025-03-21,5817,ＪＭＡＣＳ,スタンダード（内国株式）,非鉄金属,453,453,452,452,-1,-0.220751,600,OK
2025-03-21,5819,カナレ電気,スタンダード（内国株式）,非鉄金属,1546,1552,1542,1552,16,1.041667,5500,OK
2025-03-21,5820,三ッ星,スタンダード（内国株式）,非鉄金属,935,945,934,934,-1,-0.106952,3500,OK
2025-03-21,5821,平河ヒューテック,プライム（内国株式）,非鉄金属,1500,1510,1494,1510,10,0.666667,21400,OK
2025-03-21,5830,いよぎんホールディングス,プライム（内国株式）,銀行業,1770,1829.5,1769,1829,67,3.802497,1379500,OK
2025-03-21,5831,しずおかフィナンシャルグループ,プライム（内国株式）,銀行業,1663.5,1720,1662.5,1720,61,3.676914,4112500,OK
2025-03-21,5832,ちゅうぎんフィナンシャルグループ,プライム（内国株式）,銀行業,1717,1762.5,1705.5,1762,62,3.647059,667000,OK
2025-03-21,5834,ＳＢＩリーシングサービス,グロース（内国株式）,証券･商品先物取引業,3600,3670,3570,3640,70,1.960784,49800,OK
2025-03-21,5838,楽天銀行,プライム（内国株式）,銀行業,6714,6926,6664,6913,65,0.949182,2337700,OK
2025-03-21,5840,日本総険,TOKYO PRO MARKET（内国株式）,保険業,,,,,,,,NO_QUOTE
2025-03-21,5842,インテグラル,グロース（内国株式）,証券･商品先物取引業,3100,3125,3070,3120,-30,-0.952381,111500,OK
2025-03-21,5843,ニッポンインシュア,スタンダード（内国株式）,その他金融業,1712,1739,1680,1717,0,0,6400,OK
2025-03-21,5844,京都フィナンシャルグループ,プライム（内国株式）,銀行業,2351,2428,2351,2428,78,3.319149,1661100,OK
2025-03-21,5845,全保連,スタンダード（内国株式）,その他金融業,960,963,959,962,-1,-0.103842,98300,OK
2025-03-21,5851,リョービ,プライム（内国株式）,非鉄金属,2328,2372,2324,2345,-10,-0.424628,126700,OK
2025-03-21,5852,アーレスティ,プライム（内国株式）,非鉄金属,699,713,699,701,3,0.429799,159200,OK
2025-03-21,5856,エルアイイーエイチ,スタンダード（内国株式）,小売業,46,48,45,47,-1,-2.083333,784800,OK
2025-03-21,5857,ＡＲＥホールディングス,プライム（内国株式）,非鉄金属,2000,2029,1989,2019,16,0.798802,306900,OK
2025-03-21,5858,ＳＴＧ,グロース（内国株式）,非鉄金属,3095,3195,3095,3125,55,1.791531,13000,OK
2025-03-21,5866,ＷｉｚＢｉｚ,TOKYO PRO MARKET（内国株式）,サービス業,,,,,,,,NO_QUOTE
2025-03-21,5867,エスネットワークス,グロース（内国株式）,サービス業,1001,1001,971,973,-13,-1.318458,6000,OK
2025-03-21,5868,ロココ,スタンダード（内国株式）,サービス業,850,865,845,865,13,1.525822,5300,OK
2025-03-21,5869,早稲田学習研究会,スタンダード（内国株式）,サービス業,1015,1027,1015,1021,0,0,18400,OK
2025-03-21,5870,ナルネットコミュニケーションズ,グロース（内国株式）,サービス業,575,576,560,566,-12,-2.076125,9100,OK
2025-03-21,5871,ＳＯＬＩＺＥ,スタンダード（内国株式）,サービス業,1571,1572,1550,1550,-22,-1.399491,5100,OK
2025-03-21,5881,サンフェステ,TOKYO PRO MARKET（内国株式）,小売業,,,,,,,,NO_QUOTE
2025-03-21,5883,ＧＴホールディングス,TOKYO PRO MARKET（内国株式）,卸売業,,,,,,,,NO_QUOTE
2025-03-21,5884,クラダシ,グロース（内国株式）,小売業,305,308,305,308,0,0,5200,OK
2025-03-21,5885,ジーデップ・アドバンス,スタンダード（内国株式）,卸売業,2087,2091,2070,2070,0,0,6900,OK
2025-03-21,5886,ＯＯＫＡＢＥ　ＧＬＡＳＳ,TOKYO PRO MARKET（内国株式）,卸売業,,,,,,,,NO_QUOTE
2025-03-21,5887,光響,TOKYO PRO MARKET（内国株式）,卸売業,,,,,,,,NO_QUOTE
2025-03-21,5888,ＤＡＩＷＡ　ＣＹＣＬＥ,グロース（内国株式）,小売業,3840,3900,3670,3685,-175,-4.533679,27800,OK
2025-03-21,5889,Ｊａｐａｎ　Ｅｙｅｗｅａｒ　Ｈｏｌｄｉｎｇｓ,スタンダード（内国株式）,小売業,2410,2436,2392,2429,13,0.538079,140500,OK
2025-03-21,5890,オフィスバスターズ,TOKYO PRO MARKET（内国株式）,小売業,,,,,,,,NO_QUOTE
2025-03-21,5891,魁力屋,スタンダード（内国株式）,小売業,1747,1775,1747,1762,29,1.673399,6300,OK
2025-03-21,5892,ｙｕｔｏｒｉ,グロース（内国株式）,小売業,2131,2175,2117,2142,12,0.56338,39100,OK
2025-03-21,5893,ＲＡＶＩＰＡ,TOKYO PRO MARKET（内国株式）,小売業,,,,,,,,NO_QUOTE
2025-03-21,5900,ダイケン,スタンダード（内国株式）,金属製品,803,804,803,803,3,0.375,1200,OK
2025-03-21,5901,東洋製罐グループホールディングス,プライム（内国株式）,金属製品,2487.5,2547.5,2481.5,2547.5,59.5,2.391479,2348700,OK
2025-03-21,5902,ホッカンホールディングス,プライム（内国株式）,金属製品,1746,1746,1732,1735,-15,-0.857143,33600,OK
2025-03-21,5903,シンポ,スタンダード（内国株式）,金属製品,1265,1280,1250,1280,20,1.587302,3500,OK
2025-03-21,5905,日本製罐,スタンダード（内国株式）,金属製品,1415,1415,1415,1415,32,2.313811,100,OK
2025-03-21,5906,エムケー精工,スタンダード（内国株式）,金属製品,494,499,483,485,-12,-2.414487,69400,OK
2025-03-21,5909,コロナ,スタンダード（内国株式）,金属製品,976,985,974,985,2,0.203459,73500,OK
2025-03-21,5911,横河ブリッジホールディングス,プライム（内国株式）,金属製品,2628,2642,2621,2628,1,0.038066,124800,OK
2025-03-21,5915,駒井ハルテック,プライム（内国株式）,金属製品,1660,1693,1659,1668,17,1.029679,20100,OK
2025-03-21,5918,瀧上工業,スタンダード（内国株式）,金属製品,,,,,,,,NO_QUOTE
2025-03-21,5921,川岸工業,スタンダード（内国株式）,金属製品,3775,3775,3750,3750,-30,-0.793651,1800,OK
2025-03-21,5922,那須電機鉄工,スタンダード（内国株式）,金属製品,13600,13650,13600,13650,80,0.589536,400,OK
2025-03-21,5923,高田機工,スタンダード（内国株式）,金属製品,1078,1078,1054,1071,23,2.194656,10100,OK
2025-03-21,5928,アルメタックス,スタンダード（内国株式）,金属製品,265,269,265,269,4,1.509434,7200,OK
2025-03-21,5929,三和ホールディングス,プライム（内国株式）,金属製品,4975,5007,4888,4922,-128,-2.534653,1459700,OK
2025-03-21,5930,文化シヤッター,プライム（内国株式）,金属製品,1950,1966,1940,1944,-7,-0.35879,77500,OK
2025-03-21,5932,三協立山,プライム（内国株式）,金属製品,616,620,613,620,4,0.649351,133400,OK
2025-03-21,5933,アルインコ,プライム（内国株式）,金属製品,1047,1055,1047,1052,-3,-0.28436,30600,OK
2025-03-21,5936,東洋シヤッター,スタンダード（内国株式）,金属製品,890,890,885,885,-5,-0.561798,14300,OK
2025-03-21,5938,ＬＩＸＩＬ,プライム（内国株式）,金属製品,1840,1873,1838.5,1855,25.5,1.393823,2749100,OK
2025-03-21,5939,大谷工業,スタンダード（内国株式）,金属製品,6370,6430,6370,6370,10,0.157233,3100,OK
2025-03-21,5940,不二サッシ,スタンダード（内国株式）,金属製品,702,706,701,704,4,0.571429,19100,OK
2025-03-21,5941,中西製作所,スタンダード（内国株式）,金属製品,2590,2601,2590,2601,20,0.774893,4100,OK
2025-03-21,5942,日本フイルコン,スタンダード（内国株式）,金属製品,518,520,518,520,3,0.580271,23700,OK
2025-03-21,5943,ノーリツ,プライム（内国株式）,金属製品,1831,1858,1831,1834,3,0.163845,146300,OK
2025-03-21,5945,天龍製鋸,スタンダード（内国株式）,金属製品,1935,1941,1935,1941,22,1.14643,1000,OK
2025-03-21,5946,長府製作所,プライム（内国株式）,金属製品,1902,1914,1896,1900,-2,-0.105152,33500,OK
2025-03-21,5947,リンナイ,プライム（内国株式）,金属製品,3588,3614,3577,3593,6,0.167271,369500,OK
2025-03-21,5949,ユニプレス,プライム（内国株式）,輸送用機器,1151,1164,1145,1146,-5,-0.434405,292600,OK
2025-03-21,5950,日本パワーファスニング,スタンダード（内国株式）,金属製品,259,263,258,259,-5,-1.893939,68800,OK
2025-03-21,5951,ダイニチ工業,スタンダード（内国株式）,金属製品,661,665,661,661,-2,-0.301659,15400,OK
2025-03-21,5952,アマテイ,スタンダード（内国株式）,金属製品,193,200,192,194,2,1.041667,222100,OK
2025-03-21,5955,ワイズホールディングス,スタンダード（内国株式）,金属製品,83,83,81,81,-1,-1.219512,756700,OK
2025-03-21,5956,トーソー,スタンダード（内国株式）,金属製品,528,529,527,528,2,0.380228,4000,OK
2025-03-21,5957,日東精工,プライム（内国株式）,金属製品,612,618,609,615,3,0.490196,45600,OK
2025-03-21,5958,三洋工業,スタンダード（内国株式）,金属製品,3080,3085,3040,3085,0,0,1800,OK
2025-03-21,5959,岡部,プライム（内国株式）,金属製品,907,908,885,898,-10,-1.101322,88400,OK
2025-03-21,5962,浅香工業,スタンダード（内国株式）,その他製品,1585,1590,1585,1590,-16,-0.996264,500,OK
2025-03-21,5965,フジマック,スタンダード（内国株式）,金属製品,1065,1095,1064,1092,42,4,20900,OK
2025-03-21,5966,京都機械工具,スタンダード（内国株式）,金属製品,2800,2800,2800,2800,50,1.818182,100,OK
2025-03-21,5967,ＴＯＮＥ,スタンダード（内国株式）,金属製品,511,513,509,512,5,0.986193,1600,OK
2025-03-21,5969,ロブテックス,スタンダード（内国株式）,金属製品,1259,1259,1249,1256,-3,-0.238284,1300,OK
2025-03-21,5970,ジーテクト,プライム（内国株式）,金属製品,1792,1823,1780,1801,2,0.111173,155200,OK
2025-03-21,5971,共和工業所,スタンダード（内国株式）,金属製品,5440,5470,5420,5420,30,0.556586,2700,OK
2025-03-21,5973,トーアミ,スタンダード（内国株式）,金属製品,540,540,540,540,1,0.185529,100,OK
2025-03-21,5974,中国工業,スタンダード（内国株式）,金属製品,541,545,538,543,1,0.184502,2900,OK
2025-03-21,5975,東プレ,プライム（内国株式）,金属製品,1953,2026,1953,1978,24,1.22825,182700,OK
2025-03-21,5976,高周波熱錬,プライム（内国株式）,金属製品,1010,1019,1010,1018,8,0.792079,82900,OK
2025-03-21,5981,東京製綱,プライム（内国株式）,金属製品,1352,1368,1349,1356,11,0.817844,59600,OK
2025-03-21,5982,マルゼン,スタンダード（内国株式）,金属製品,3030,3095,3030,3045,-15,-0.490196,10200,OK
2025-03-21,5983,イワブチ,スタンダード（内国株式）,金属製品,6470,6470,6400,6450,-20,-0.309119,2500,OK
2025-03-21,5984,兼房,スタンダード（内国株式）,金属製品,685,691,685,689,3,0.437318,1900,OK
2025-03-21,5985,サンコール,スタンダード（内国株式）,金属製品,335,339,330,333,-5,-1.47929,133000,OK
2025-03-21,5986,モリテック　スチール,スタンダード（内国株式）,金属製品,183,185,181,184,3,1.657459,45000,OK
2025-03-21,5987,オーネックス,スタンダード（内国株式）,金属製品,1718,1735,1710,1710,5,0.293255,2000,OK
2025-03-21,5988,パイオラックス,プライム（内国株式）,金属製品,2476,2511,2460,2484,-11,-0.440882,245800,OK
2025-03-21,5989,エイチワン,プライム（内国株式）,金属製品,1205,1226,1202,1218,-2,-0.163934,138600,OK
2025-03-21,5990,スーパーツール,スタンダード（内国株式）,金属製品,1975,1986,1975,1981,-5,-0.251762,1400,OK
2025-03-21,5991,日本発條,プライム（内国株式）,金属製品,1734.5,1759,1725,1737,2,0.115274,814000,OK
2025-03-21,5992,中央発條,スタンダード（内国株式）,金属製品,1714,1774,1697,1774,60,3.500583,46200,OK
2025-03-21,5994,ファインシンター,スタンダード（内国株式）,金属製品,827,843,827,842,18,2.184466,3600,OK
2025-03-21,5997,協立エアテック,スタンダード（内国株式）,金属製品,602,602,600,602,2,0.333333,400,OK
2025-03-21,5998,アドバネクス,スタンダード（内国株式）,金属製品,875,880,875,875,5,0.574713,1000,OK
2025-03-21,6005,三浦工業,プライム（内国株式）,機械,3077,3116,3069,3094,35,1.144165,562000,OK
2025-03-21,6013,タクマ,プライム（内国株式）,機械,1832,1856,1832,1849,17,0.927948,365200,OK
2025-03-21,6016,ジャパンエンジンコーポレーション,スタンダード（内国株式）,輸送用機器,3760,3800,3710,3765,5,0.132979,68800,OK
2025-03-21,6018,阪神内燃機工業,スタンダード（内国株式）,輸送用機器,2410,2449,2410,2444,35,1.452885,1400,OK
2025-03-21,6022,赤阪鐵工所,スタンダード（内国株式）,機械,1925,1926,1885,1887,-1,-0.052966,1100,OK
2025-03-21,6023,ダイハツディーゼル,スタンダード（内国株式）,輸送用機器,1917,1937,1897,1899,-18,-0.938967,98600,OK
2025-03-21,6026,ＧＭＯ　ＴＥＣＨ,グロース（内国株式）,サービス業,8820,9080,8700,9080,360,4.12844,7600,OK
2025-03-21,6027,弁護士ドットコム,グロース（内国株式）,サービス業,2855,2899,2839,2840,-18,-0.629811,38600,OK
2025-03-21,6028,テクノプロ・ホールディングス,プライム（内国株式）,サービス業,3222,3265,3222,3250,38,1.183064,453500,OK
2025-03-21,6029,アトラグループ,スタンダード（内国株式）,サービス業,126,145,123,125,0,0,947400,OK
2025-03-21,6030,アドベンチャー,グロース（内国株式）,サービス業,3535,3585,3525,3535,-15,-0.422535,8700,OK
2025-03-21,6031,ＺＥＴＡ,グロース（内国株式）,サービス業,310,312,295,297,-13,-4.193548,388900,OK
2025-03-21,6033,エクストリーム,グロース（内国株式）,サービス業,1323,1328,1316,1325,0,0,14300,OK
2025-03-21,6034,ＭＲＴ,グロース（内国株式）,サービス業,713,723,708,714,-1,-0.13986,3700,OK
2025-03-21,6035,アイ・アールジャパンホールディングス,プライム（内国株式）,サービス業,727,765,722,756,25,3.419973,385300,OK
2025-03-21,6036,ＫｅｅＰｅｒ技研,プライム（内国株式）,サービス業,4080,4140,4040,4065,-40,-0.974421,97000,OK
2025-03-21,6037,楽待,スタンダード（内国株式）,サービス業,875,881,838,847,2,0.236686,229200,OK
2025-03-21,6038,イード,グロース（内国株式）,サービス業,822,832,822,826,4,0.486618,15400,OK
2025-03-21,6039,日本動物高度医療センター,グロース（内国株式）,サービス業,2679,2745,2669,2721,42,1.567749,20600,OK
2025-03-21,6040,日本スキー場開発,グロース（内国株式）,サービス業,1336,1377,1335,1352,12,0.895522,64900,OK
2025-03-21,6042,ニッキ,スタンダード（内国株式）,輸送用機器,2650,2650,2600,2624,24,0.923077,1000,OK
2025-03-21,6044,三機サービス,スタンダード（内国株式）,サービス業,1050,1052,1045,1052,8,0.766284,4100,OK
2025-03-21,6045,レントラックス,グロース（内国株式）,サービス業,1194,1197,1175,1181,-12,-1.005868,59300,OK
2025-03-21,6046,リンクバル,グロース（内国株式）,サービス業,123,129,123,126,6,5,253800,OK
2025-03-21,6047,Ｇｕｎｏｓｙ,プライム（内国株式）,サービス業,643,659,623,659,77,13.230241,2161900,OK
2025-03-21,6048,デザインワン・ジャパン,スタンダード（内国株式）,サービス業,120,135,119,125,8,6.837607,1005500,OK
2025-03-21,6049,イトクロ,グロース（内国株式）,サービス業,283,286,280,285,2,0.706714,9500,OK
2025-03-21,6050,イー・ガーディアン,プライム（内国株式）,サービス業,2128,2162,2125,2136,-3,-0.140252,13300,OK
2025-03-21,6054,リブセンス,スタンダード（内国株式）,サービス業,142,144,141,141,0,0,80200,OK
2025-03-21,6055,ジャパンマテリアル,プライム（内国株式）,サービス業,1343,1376,1340,1364,-4,-0.292398,321800,OK
2025-03-21,6058,ベクトル,プライム（内国株式）,サービス業,998,1004,992,997,-6,-0.598205,233100,OK
2025-03-21,6059,ウチヤマホールディングス,スタンダード（内国株式）,サービス業,332,334,329,333,2,0.60423,33200,OK
2025-03-21,6060,こころネット,スタンダード（内国株式）,サービス業,942,942,942,942,-13,-1.361257,100,OK
2025-03-21,6061,ユニバーサル園芸社,スタンダード（内国株式）,サービス業,4130,4185,4130,4180,45,1.088271,3200,OK
2025-03-21,6062,チャーム・ケア・コーポレーション,プライム（内国株式）,サービス業,1262,1292,1261,1290,15,1.176471,63500,OK
2025-03-21,6063,日本エマージェンシーアシスタンス,スタンダード（内国株式）,サービス業,1160,1228,1160,1220,0,0,41500,OK
2025-03-21,6069,トレンダーズ,グロース（内国株式）,サービス業,882,887,864,866,-13,-1.478953,82200,OK
2025-03-21,6070,キャリアリンク,プライム（内国株式）,サービス業,2326,2330,2311,2326,1,0.043011,45800,OK
2025-03-21,6071,ＩＢＪ,プライム（内国株式）,サービス業,668,668,660,663,-12,-1.777778,63700,OK
2025-03-21,6072,地盤ネットホールディングス,グロース（内国株式）,サービス業,186,187,182,183,-5,-2.659574,290100,OK
2025-03-21,6073,アサンテ,プライム（内国株式）,サービス業,1647,1653,1644,1652,7,0.425532,34500,OK
2025-03-21,6074,ジェイエスエス,スタンダード（内国株式）,サービス業,431,438,431,438,4,0.921659,5100,OK
2025-03-21,6078,バリューＨＲ,プライム（内国株式）,サービス業,1522,1522,1491,1501,-7,-0.464191,18900,OK
2025-03-21,6080,Ｍ＆Ａキャピタルパートナーズ,プライム（内国株式）,サービス業,2976,2982,2887,2887,-123,-4.086379,156700,OK
2025-03-21,6081,アライドアーキテクツ,グロース（内国株式）,サービス業,187,194,186,194,7,3.743316,52400,OK
2025-03-21,6082,ライドオンエクスプレスホールディングス,スタンダード（内国株式）,サービス業,1054,1055,1050,1055,4,0.38059,26300,OK
2025-03-21,6083,ＥＲＩホールディングス,スタンダード（内国株式）,サービス業,2375,2381,2335,2338,-44,-1.847187,15700,OK
2025-03-21,6085,アーキテクツ・スタジオ・ジャパン,グロース（内国株式）,サービス業,490,494,480,480,-18,-3.614458,40300,OK
2025-03-21,6086,シンメンテホールディングス,グロース（内国株式）,サービス業,800,803,800,801,1,0.125,1400,OK
2025-03-21,6087,アビスト,スタンダード（内国株式）,サービス業,3265,3265,3240,3245,-20,-0.612557,5200,OK
2025-03-21,6088,シグマクシス・ホールディングス,プライム（内国株式）,サービス業,950,950,936,939,-26,-2.694301,295100,OK
2025-03-21,6089,ウィルグループ,プライム（内国株式）,サービス業,998,1011,996,1006,-5,-0.49456,169800,OK
2025-03-21,6090,ヒューマン・メタボローム・テクノロジーズ,グロース（内国株式）,サービス業,702,710,694,710,8,1.139601,18600,OK
2025-03-21,6091,ウエスコホールディングス,スタンダード（内国株式）,サービス業,644,650,644,650,6,0.931677,23800,OK
2025-03-21,6092,エンバイオ・ホールディングス,スタンダード（内国株式）,サービス業,601,604,600,600,-1,-0.166389,6400,OK
2025-03-21,6093,エスクロー・エージェント・ジャパン,スタンダード（内国株式）,サービス業,157,158,156,157,3,1.948052,211800,OK
2025-03-21,6094,フリークアウト・ホールディングス,グロース（内国株式）,サービス業,592,596,583,583,-9,-1.52027,19000,OK
2025-03-21,6095,メドピア,プライム（内国株式）,サービス業,478,478,470,470,-13,-2.691511,83900,OK
2025-03-21,6096,レアジョブ,スタンダード（内国株式）,サービス業,404,405,403,405,2,0.496278,9600,OK
2025-03-21,6098,リクルートホールディングス,プライム（内国株式）,サービス業,8300,8365,8187,8190,-10,-0.121951,7314700,OK
2025-03-21,6099,エラン,プライム（内国株式）,サービス業,735,736,728,730,-7,-0.949796,84900,OK
2025-03-21,6101,ツガミ,プライム（内国株式）,機械,1993,2090,1925,1975,-26,-1.29935,1248200,OK
2025-03-21,6103,オークマ,プライム（内国株式）,機械,3610,3670,3590,3605,-30,-0.825309,241500,OK
2025-03-21,6104,芝浦機械,プライム（内国株式）,機械,3850,3920,3830,3900,-20,-0.510204,192900,OK
2025-03-21,6113,アマダ,プライム（内国株式）,機械,1545.5,1569.5,1544.5,1547,-8.5,-0.546448,1440800,OK
2025-03-21,6118,アイダエンジニアリング,プライム（内国株式）,機械,858,864,857,859,-1,-0.116279,194100,OK
2025-03-21,6125,岡本工作機械製作所,スタンダード（内国株式）,機械,3910,3975,3910,3975,65,1.662404,19800,OK
2025-03-21,6131,浜井産業,スタンダード（内国株式）,機械,1306,1307,1303,1303,-3,-0.229709,22300,OK
2025-03-21,6134,ＦＵＪＩ,プライム（内国株式）,機械,2246,2262,2229.5,2229.5,-24.5,-1.086957,328300,OK
2025-03-21,6135,牧野フライス製作所,プライム（内国株式）,機械,11900,11960,11750,11760,-80,-0.675676,116600,OK
2025-03-21,6136,オーエスジー,プライム（内国株式）,機械,1722.5,1745.5,1715.5,1722,0.5,0.029044,1238100,OK
2025-03-21,6137,小池酸素工業,スタンダード（内国株式）,機械,6720,6720,6570,6610,-10,-0.151057,3600,OK
2025-03-21,6138,ダイジェット工業,スタンダード（内国株式）,機械,725,744,725,742,18,2.486188,8200,OK
2025-03-21,6140,旭ダイヤモンド工業,プライム（内国株式）,機械,891,895,888,888,-4,-0.44843,114600,OK
2025-03-21,6141,ＤＭＧ森精機,プライム（内国株式）,機械,3311,3311,3160,3160,-208,-6.175772,2699800,OK
2025-03-21,6143,ソディック,プライム（内国株式）,機械,880,912,875,886,12,1.372998,521500,OK
2025-03-21,6144,西部電機,スタンダード（内国株式）,機械,1948,1960,1944,1960,21,1.083032,1500,OK
2025-03-21,6145,ＮＩＴＴＯＫＵ,スタンダード（内国株式）,機械,2156,2193,2156,2172,5,0.230734,46400,OK
2025-03-21,6146,ディスコ,プライム（内国株式）,機械,33970,34220,33610,33620,-130,-0.385185,2816200,OK
2025-03-21,6147,ヤマザキ,スタンダード（内国株式）,機械,325,329,325,329,2,0.611621,14000,OK
2025-03-21,6149,小田原エンジニアリング,スタンダード（内国株式）,機械,1860,1881,1858,1878,46,2.510917,14500,OK
2025-03-21,6150,タケダ機械,スタンダード（内国株式）,機械,3350,3370,3345,3370,20,0.597015,1400,OK
2025-03-21,6151,日東工器,プライム（内国株式）,機械,1969,2000,1945,1956,-12,-0.609756,37500,OK
2025-03-21,6155,高松機械工業,スタンダード（内国株式）,機械,465,468,462,467,4,0.863931,2700,OK
2025-03-21,6156,エーワン精密,スタンダード（内国株式）,機械,1766,1788,1766,1780,13,0.73571,10000,OK
2025-03-21,6157,日進工具,プライム（内国株式）,機械,780,783,776,783,5,0.642674,14800,OK
2025-03-21,6158,和井田製作所,スタンダード（内国株式）,機械,950,991,946,991,41,4.315789,29800,OK
2025-03-21,6159,ミクロン精密,スタンダード（内国株式）,機械,1580,1580,1580,1580,-40,-2.469136,100,OK
2025-03-21,6161,エスティック,スタンダード（内国株式）,機械,902,910,902,903,2,0.221976,2000,OK
2025-03-21,6165,パンチ工業,スタンダード（内国株式）,機械,421,423,420,422,1,0.23753,31800,OK
2025-03-21,6166,中村超硬,グロース（内国株式）,機械,341,342,336,339,-1,-0.294118,21300,OK
2025-03-21,6167,冨士ダイス,プライム（内国株式）,機械,811,821,811,817,0,0,26200,OK
2025-03-21,6168,ＯＮＥ　ＧＲＯＵＰ,TOKYO PRO MARKET（内国株式）,機械,,,,,,,,NO_QUOTE
2025-03-21,6171,土木管理総合試験所,スタンダード（内国株式）,サービス業,391,392,379,381,-11,-2.806122,163200,OK
2025-03-21,6173,アクアライン,グロース（内国株式）,サービス業,310,312,310,310,0,0,4000,OK
2025-03-21,6174,デンタス,TOKYO PRO MARKET（内国株式）,サービス業,,,,,,,,NO_QUOTE
2025-03-21,6176,ブランジスタ,グロース（内国株式）,サービス業,634,646,634,634,0,0,17100,OK
2025-03-21,6177,ＡｐｐＢａｎｋ,グロース（内国株式）,サービス業,97,97,93,93,-2,-2.105263,157000,OK
2025-03-21,6178,日本郵政,プライム（内国株式）,サービス業,1578.5,1601.5,1576.5,1596.5,10,0.630318,8091700,OK
2025-03-21,6180,ＧＭＯメディア,グロース（内国株式）,サービス業,4630,4670,4570,4630,70,1.535088,2500,OK
2025-03-21,6181,タメニー,グロース（内国株式）,サービス業,150,157,149,152,-2,-1.298701,606700,OK
2025-03-21,6182,メタリアル,グロース（内国株式）,サービス業,630,631,622,622,-8,-1.269841,20200,OK
2025-03-21,6183,ベルシステム２４ホールディングス,プライム（内国株式）,サービス業,1296,1311,1290,1298,2,0.154321,279200,OK
2025-03-21,6184,鎌倉新書,プライム（内国株式）,サービス業,474,475,465,466,-7,-1.479915,134300,OK
2025-03-21,6185,ＳＭＮ,スタンダード（内国株式）,サービス業,411,411,402,402,-9,-2.189781,35600,OK
2025-03-21,6186,一蔵,スタンダード（内国株式）,サービス業,406,406,402,404,-1,-0.246914,2600,OK
2025-03-21,6189,グローバルキッズＣＯＭＰＡＮＹ,スタンダード（内国株式）,サービス業,700,706,700,700,0,0,9900,OK
2025-03-21,6190,フェニックスバイオ,グロース（内国株式）,サービス業,396,397,385,385,-9,-2.284264,34500,OK
2025-03-21,6191,エアトリ,プライム（内国株式）,サービス業,1034,1049,1030,1030,-3,-0.290416,92700,OK
2025-03-21,6193,バーチャレクス・ホールディングス,グロース（内国株式）,サービス業,801,804,798,804,0,0,2600,OK
2025-03-21,6194,アトラエ,プライム（内国株式）,サービス業,683,707,679,705,22,3.221083,211900,OK
2025-03-21,6195,ホープ,グロース（内国株式）,サービス業,200,249,200,207,8,4.020101,2163600,OK
2025-03-21,6196,ストライク,プライム（内国株式）,サービス業,3150,3165,3120,3130,-25,-0.792393,103200,OK
2025-03-21,6197,ソラスト,プライム（内国株式）,サービス業,468,473,467,473,3,0.638298,93800,OK
2025-03-21,6198,キャリア,グロース（内国株式）,サービス業,340,347,339,340,-2,-0.584795,2900,OK
2025-03-21,6199,セラク,スタンダード（内国株式）,サービス業,1791,1791,1749,1760,-18,-1.012373,13200,OK
2025-03-21,6200,インソース,プライム（内国株式）,サービス業,815,831,815,821,8,0.98401,484900,OK
2025-03-21,6201,豊田自動織機,プライム（内国株式）,輸送用機器,13920,14155,13800,13830,-255,-1.810437,1008100,OK
2025-03-21,6203,豊和工業,スタンダード（内国株式）,機械,1375,1403,1346,1351,-27,-1.959361,385900,OK
2025-03-21,6208,石川製作所,スタンダード（内国株式）,機械,1502,1505,1446,1446,-29,-1.966102,105700,OK
2025-03-21,6209,リケンＮＰＲ,プライム（内国株式）,機械,2682,2698,2669,2678,-4,-0.149142,75000,OK
2025-03-21,6210,東洋機械金属,スタンダード（内国株式）,機械,666,672,666,668,2,0.3003,39700,OK
2025-03-21,6217,津田駒工業,スタンダード（内国株式）,機械,387,388,381,385,0,0,6800,OK
2025-03-21,6218,エンシュウ,スタンダード（内国株式）,機械,510,511,508,510,0,0,6400,OK
2025-03-21,6222,島精機製作所,プライム（内国株式）,機械,960,962,950,950,-17,-1.758014,139400,OK
2025-03-21,6223,西部技研,スタンダード（内国株式）,機械,1752,1771,1751,1759,-9,-0.50905,28000,OK
2025-03-21,6224,ＪＲＣ,グロース（内国株式）,機械,1027,1033,1010,1012,-18,-1.747573,41500,OK
2025-03-21,6226,守谷輸送機工業,スタンダード（内国株式）,機械,2776,2798,2698,2712,-135,-4.741834,126400,OK
2025-03-21,6227,ＡＩメカテック,スタンダード（内国株式）,機械,3260,3315,3215,3250,-50,-1.515152,54000,OK
2025-03-21,6228,ジェイ・イー・ティ,スタンダード（内国株式）,機械,951,985,946,980,34,3.59408,44100,OK
2025-03-21,6229,オーケーエム,スタンダード（内国株式）,機械,1381,1381,1354,1354,-27,-1.955105,10200,OK
2025-03-21,6230,ＳＡＮＥＩ,スタンダード（内国株式）,機械,1976,1990,1938,1990,14,0.708502,2100,OK
2025-03-21,6231,木村工機,スタンダード（内国株式）,機械,7670,8050,7670,7910,240,3.129074,10000,OK
2025-03-21,6232,ＡＣＳＬ,グロース（内国株式）,機械,1330,1330,1138,1183,153,14.854369,9467200,OK
2025-03-21,6233,ＫＬＡＳＳ,スタンダード（内国株式）,機械,411,413,410,410,-1,-0.243309,2000,OK
2025-03-21,6235,オプトラン,プライム（内国株式）,機械,1594,1619,1586,1617,21,1.315789,240500,OK
2025-03-21,6237,イワキ,プライム（内国株式）,機械,2402,2429,2380,2380,-6,-0.251467,10600,OK
2025-03-21,6238,フリュー,プライム（内国株式）,機械,1022,1035,1022,1027,-17,-1.628352,162000,OK
2025-03-21,6239,ナガオカ,スタンダード（内国株式）,機械,1229,1247,1218,1242,26,2.138158,13100,OK
2025-03-21,6240,ヤマシンフィルタ,プライム（内国株式）,機械,635,638,623,635,-1,-0.157233,692100,OK
2025-03-21,6245,ヒラノテクシード,スタンダード（内国株式）,機械,1734,1734,1722,1722,-5,-0.289519,23500,OK
2025-03-21,6246,テクノスマート,スタンダード（内国株式）,機械,1707,1734,1703,1730,31,1.824603,11700,OK
2025-03-21,6247,日阪製作所,プライム（内国株式）,機械,1011,1022,1009,1020,1,0.098135,147600,OK
2025-03-21,6248,横田製作所,スタンダード（内国株式）,機械,1486,1520,1486,1501,19,1.282051,1600,OK
2025-03-21,6249,ゲームカード・ジョイコホールディングス,スタンダード（内国株式）,機械,2538,2546,2498,2498,-40,-1.576044,69700,OK
2025-03-21,6250,やまびこ,プライム（内国株式）,機械,2560,2593,2560,2575,4,0.155581,136900,OK
2025-03-21,6254,野村マイクロ・サイエンス,プライム（内国株式）,機械,2536,2781,2531,2726,203,8.045977,3635700,OK
2025-03-21,6255,エヌ・ピー・シー,グロース（内国株式）,機械,870,883,869,871,1,0.114943,180400,OK
2025-03-21,6257,藤商事,スタンダード（内国株式）,機械,1200,1201,1191,1196,-3,-0.250209,44700,OK
2025-03-21,6258,平田機工,プライム（内国株式）,機械,5110,5230,5110,5170,40,0.779727,97900,OK
2025-03-21,6262,ＰＥＧＡＳＵＳ,プライム（内国株式）,機械,521,522,517,517,-6,-1.147228,184400,OK
2025-03-21,6264,マルマエ,プライム（内国株式）,機械,1348,1371,1336,1371,15,1.106195,93400,OK
2025-03-21,6265,コンバム,スタンダード（内国株式）,機械,2000,2020,2000,2020,23,1.151728,600,OK
2025-03-21,6266,タツモ,プライム（内国株式）,機械,2063,2120,2040,2105,22,1.056169,147100,OK
2025-03-21,6267,ゼネラルパッカー,スタンダード（内国株式）,機械,2844,2844,2831,2837,22,0.781528,800,OK
2025-03-21,6268,ナブテスコ,プライム（内国株式）,機械,2473.5,2532,2470,2498,2,0.080128,550000,OK
2025-03-21,6269,三井海洋開発,プライム（内国株式）,機械,4125,4300,4120,4270,130,3.140097,418700,OK
2025-03-21,6272,レオン自動機,プライム（内国株式）,機械,1299,1309,1298,1307,5,0.384025,69800,OK
2025-03-21,6273,ＳＭＣ,プライム（内国株式）,機械,55770,56600,55600,56060,-440,-0.778761,285100,OK
2025-03-21,6276,シリウスビジョン,スタンダード（内国株式）,電気機器,300,303,298,301,2,0.668896,5000,OK
2025-03-21,6277,ホソカワミクロン,プライム（内国株式）,機械,4155,4245,4115,4170,-5,-0.11976,43000,OK
2025-03-21,6278,ユニオンツール,プライム（内国株式）,機械,4375,4415,4325,4360,-25,-0.570125,49600,OK
2025-03-21,6279,瑞光,プライム（内国株式）,機械,1167,1167,1136,1136,-31,-2.656384,18000,OK
2025-03-21,6282,オイレス工業,プライム（内国株式）,機械,2436,2500,2436,2445,-7,-0.285481,193300,OK
2025-03-21,6284,日精エー・エス・ビー機械,プライム（内国株式）,機械,5260,5300,5220,5290,60,1.147228,29000,OK
2025-03-21,6286,靜甲,スタンダード（内国株式）,機械,950,958,938,943,5,0.533049,14600,OK
2025-03-21,6287,サトーホールディングス,プライム（内国株式）,機械,2164,2175,2149,2149,-18,-0.830641,89200,OK
2025-03-21,6289,技研製作所,プライム（内国株式）,機械,1515,1515,1487,1495,-11,-0.730412,74600,OK
2025-03-21,6291,日本エアーテック,スタンダード（内国株式）,機械,1084,1091,1084,1087,1,0.092081,17800,OK
2025-03-21,6292,カワタ,スタンダード（内国株式）,機械,808,810,807,810,7,0.871731,16800,OK
2025-03-21,6293,日精樹脂工業,プライム（内国株式）,機械,905,910,902,909,3,0.331126,61800,OK
2025-03-21,6294,オカダアイヨン,プライム（内国株式）,機械,2081,2088,2071,2073,-8,-0.384431,22500,OK
2025-03-21,6297,鉱研工業,スタンダード（内国株式）,機械,482,493,478,482,0,0,13400,OK
2025-03-21,6298,ワイエイシイホールディングス,プライム（内国株式）,機械,911,924,910,920,7,0.766703,48300,OK
2025-03-21,6301,小松製作所,プライム（内国株式）,機械,4570,4660,4560,4614,0,0,2685900,OK
2025-03-21,6302,住友重機械工業,プライム（内国株式）,機械,3265,3326,3259,3265,-25,-0.759878,619600,OK
2025-03-21,6305,日立建機,プライム（内国株式）,機械,4304,4307,4237,4244,-72,-1.668211,1344400,OK
2025-03-21,6306,日工,プライム（内国株式）,機械,717,718,715,716,-1,-0.13947,65000,OK
2025-03-21,6307,サンセイ,スタンダード（内国株式）,機械,395,399,394,397,2,0.506329,23300,OK
2025-03-21,6309,巴工業,プライム（内国株式）,機械,4150,4160,4110,4135,-15,-0.361446,19300,OK
2025-03-21,6310,井関農機,プライム（内国株式）,機械,1200,1205,1183,1188,-9,-0.75188,69200,OK
2025-03-21,6312,フロイント産業,スタンダード（内国株式）,機械,783,785,780,785,5,0.641026,7000,OK
2025-03-21,6315,ＴＯＷＡ,プライム（内国株式）,機械,1500,1694,1497,1687,186,12.391739,9427700,OK
2025-03-21,6316,丸山製作所,スタンダード（内国株式）,機械,2065,2083,2065,2083,18,0.871671,2600,OK
2025-03-21,6317,北川鉄工所,スタンダード（内国株式）,機械,1280,1285,1266,1283,-1,-0.077882,12600,OK
2025-03-21,6319,シンニッタン,スタンダード（内国株式）,鉄鋼,402,404,402,402,-1,-0.248139,1295500,OK
2025-03-21,6322,タクミナ,スタンダード（内国株式）,機械,1674,1675,1670,1673,-1,-0.059737,3300,OK
2025-03-21,6323,ローツェ,プライム（内国株式）,機械,1648,1686.5,1643,1651.5,-21,-1.255605,1085500,OK
2025-03-21,6324,ハーモニック・ドライブ・システムズ,スタンダード（内国株式）,機械,3775,3805,3600,3635,-185,-4.842932,2973600,OK
2025-03-21,6325,タカキタ,スタンダード（内国株式）,機械,376,381,376,379,4,1.066667,15800,OK
2025-03-21,6326,クボタ,プライム（内国株式）,機械,1924,1959,1923,1933,-31,-1.578411,3515800,OK
2025-03-21,6327,北川精機,スタンダード（内国株式）,機械,640,640,621,621,-8,-1.27186,19800,OK
2025-03-21,6328,荏原実業,プライム（内国株式）,機械,3905,3945,3865,3925,5,0.127551,15900,OK
2025-03-21,6330,東洋エンジニアリング,プライム（内国株式）,建設業,754,762,751,751,-2,-0.265604,106100,OK
2025-03-21,6331,三菱化工機,プライム（内国株式）,機械,4140,4150,4105,4125,20,0.487211,22600,OK
2025-03-21,6332,月島ホールディングス,プライム（内国株式）,機械,1712,1744,1697,1744,29,1.690962,920500,OK
2025-03-21,6333,帝国電機製作所,プライム（内国株式）,機械,3060,3070,3025,3025,-65,-2.10356,38000,OK
2025-03-21,6334,明治機械,スタンダード（内国株式）,機械,293,300,291,296,1,0.338983,30600,OK
2025-03-21,6335,東京機械製作所,スタンダード（内国株式）,機械,403,405,402,405,2,0.496278,5600,OK
2025-03-21,6336,石井表記,スタンダード（内国株式）,機械,561,569,561,569,13,2.338129,8400,OK
2025-03-21,6337,テセック,スタンダード（内国株式）,機械,1637,1657,1631,1632,-15,-0.910747,10400,OK
2025-03-21,6338,タカトリ,スタンダード（内国株式）,機械,1483,1554,1454,1515,17,1.134846,254500,OK
2025-03-21,6339,新東工業,プライム（内国株式）,機械,880,880,875,875,-4,-0.455063,134100,OK
2025-03-21,6340,澁谷工業,プライム（内国株式）,機械,3335,3410,3320,3375,35,1.047904,51100,OK
2025-03-21,6342,太平製作所,スタンダード（内国株式）,機械,3040,3090,3040,3090,0,0,900,OK
2025-03-21,6343,フリージア・マクロス,スタンダード（内国株式）,機械,101,101,100,100,0,0,48100,OK
2025-03-21,6345,アイチ　コーポレーション,プライム（内国株式）,機械,1380,1390,1330,1342,-97,-6.740792,1242300,OK
2025-03-21,6346,キクカワエンタープライズ,スタンダード（内国株式）,機械,6000,6090,6000,6080,80,1.333333,1000,OK
2025-03-21,6347,プラコー,スタンダード（内国株式）,機械,214,217,214,215,1,0.46729,4900,OK
2025-03-21,6349,小森コーポレーション,プライム（内国株式）,機械,1271,1295,1269,1283,-1,-0.077882,82300,OK
2025-03-21,6351,鶴見製作所,プライム（内国株式）,機械,3425,3465,3405,3405,-55,-1.589595,18300,OK
2025-03-21,6356,日本ギア工業,スタンダード（内国株式）,機械,510,513,507,511,2,0.392927,29000,OK
2025-03-21,6357,三精テクノロジーズ,スタンダード（内国株式）,機械,1380,1385,1353,1356,-24,-1.73913,48300,OK
2025-03-21,6358,酒井重工業,プライム（内国株式）,機械,2291,2299,2270,2283,4,0.175516,10600,OK
2025-03-21,6360,東京自働機械製作所,スタンダード（内国株式）,機械,4045,4060,3960,3960,-225,-5.376344,36800,OK
2025-03-21,6361,荏原製作所,プライム（内国株式）,機械,2343,2404,2325.5,2374.5,31,1.322808,2482300,OK
2025-03-21,6363,酉島製作所,プライム（内国株式）,機械,2298,2298,2213,2213,-106,-4.570936,268000,OK
2025-03-21,6364,北越工業,プライム（内国株式）,機械,2005,2034,1988,2032,27,1.346633,27300,OK
2025-03-21,6365,電業社機械製作所,スタンダード（内国株式）,機械,4450,4510,4435,4510,45,1.007839,2100,OK
2025-03-21,6366,千代田化工建設,スタンダード（内国株式）,建設業,340,348,339,343,2,0.58651,1005300,OK
2025-03-21,6367,ダイキン工業,プライム（内国株式）,機械,17000,17195,16960,17105,90,0.528945,1079000,OK
2025-03-21,6368,オルガノ,プライム（内国株式）,機械,6890,7030,6890,7010,120,1.741655,180000,OK
2025-03-21,6369,トーヨーカネツ,プライム（内国株式）,機械,3965,3975,3935,3940,-10,-0.253165,40900,OK
2025-03-21,6370,栗田工業,プライム（内国株式）,機械,4963,5001,4958,4961,-9,-0.181087,602600,OK
2025-03-21,6371,椿本チエイン,プライム（内国株式）,機械,1967,1993,1967,1974,-8,-0.403633,396500,OK
2025-03-21,6373,大同工業,スタンダード（内国株式）,機械,889,889,865,868,-3,-0.344432,31200,OK
2025-03-21,6376,日機装,プライム（内国株式）,精密機器,1361,1377,1336,1358,-50,-3.551136,580100,OK
2025-03-21,6378,木村化工機,スタンダード（内国株式）,機械,799,802,792,797,1,0.125628,44600,OK
2025-03-21,6379,レイズネクスト,プライム（内国株式）,建設業,1616,1620,1604,1605,-11,-0.680693,57400,OK
2025-03-21,6380,オリエンタルチエン工業,スタンダード（内国株式）,機械,1884,1884,1884,1884,-2,-0.106045,100,OK
2025-03-21,6381,アネスト岩田,プライム（内国株式）,機械,1211,1251,1202,1251,28,2.289452,108000,OK
2025-03-21,6382,トリニティ工業,スタンダード（内国株式）,機械,1163,1177,1162,1177,11,0.943396,2300,OK
2025-03-21,6383,ダイフク,プライム（内国株式）,機械,3787,3849,3765,3792,-28,-0.732984,1702100,OK
2025-03-21,6384,昭和真空,スタンダード（内国株式）,機械,1414,1415,1408,1408,-3,-0.212615,6700,OK
2025-03-21,6387,サムコ,プライム（内国株式）,機械,2746,2759,2715,2736,16,0.588235,19100,OK
2025-03-21,6390,加藤製作所,プライム（内国株式）,機械,1335,1348,1333,1345,14,1.051841,40700,OK
2025-03-21,6391,加地テック,スタンダード（内国株式）,機械,3580,3645,3580,3645,65,1.815642,3000,OK
2025-03-21,6392,ヤマダコーポレーション,スタンダード（内国株式）,機械,5200,5230,5170,5200,10,0.192678,3500,OK
2025-03-21,6393,油研工業,スタンダード（内国株式）,機械,2675,2720,2674,2719,45,1.682872,19700,OK
2025-03-21,6395,タダノ,プライム（内国株式）,機械,1163.5,1187.5,1158,1163,-23,-1.939292,393100,OK
2025-03-21,6396,宇野澤組鐵工所,スタンダード（内国株式）,機械,3100,3165,3100,3110,10,0.322581,1200,OK
2025-03-21,6400,不二精機,スタンダード（内国株式）,機械,243,247,243,244,1,0.411523,6400,OK
2025-03-21,6402,兼松エンジニアリング,スタンダード（内国株式）,機械,1175,1193,1173,1192,21,1.793339,12300,OK
2025-03-21,6403,水道機工,スタンダード（内国株式）,機械,1801,1828,1801,1820,19,1.054969,3700,OK
2025-03-21,6405,鈴茂器工,スタンダード（内国株式）,機械,2399,2405,2305,2319,-84,-3.49563,53400,OK
2025-03-21,6406,フジテック,プライム（内国株式）,機械,5986,6097,5947,6097,69,1.144658,1589700,OK
2025-03-21,6407,ＣＫＤ,プライム（内国株式）,機械,2203,2240,2195,2226,15,0.678426,487200,OK
2025-03-21,6408,小倉クラッチ,スタンダード（内国株式）,機械,3175,3205,3175,3200,30,0.946372,400,OK
2025-03-21,6411,中野冷機,スタンダード（内国株式）,機械,5130,5140,5130,5130,0,0,1400,OK
2025-03-21,6412,平和,プライム（内国株式）,機械,2471,2485,2465,2475,6,0.243013,228800,OK
2025-03-21,6413,理想科学工業,プライム（内国株式）,機械,1360,1405,1342,1405,43,3.157122,329400,OK
2025-03-21,6416,桂川電機,スタンダード（内国株式）,機械,750,760,726,739,-1,-0.135135,6700,OK
2025-03-21,6417,ＳＡＮＫＹＯ,プライム（内国株式）,機械,2289,2335,2275,2320,48,2.112676,1036000,OK
2025-03-21,6418,日本金銭機械,プライム（内国株式）,機械,1144,1148,1136,1137,-7,-0.611888,117700,OK
2025-03-21,6419,マースグループホールディングス,プライム（内国株式）,機械,3265,3290,3240,3275,0,0,149200,OK
2025-03-21,6420,フクシマガリレイ,プライム（内国株式）,機械,2834,2899,2826,2834,-31,-1.082024,194000,OK
2025-03-21,6424,高見沢サイバネティックス,スタンダード（内国株式）,機械,1084,1094,1080,1092,8,0.738007,2100,OK
2025-03-21,6425,ユニバーサルエンターテインメント,スタンダード（内国株式）,機械,1077,1117,1073,1106,42,3.947368,451900,OK
2025-03-21,6428,オーイズミ,スタンダード（内国株式）,機械,333,337,333,335,-1,-0.297619,23900,OK
2025-03-21,6430,ダイコク電機,プライム（内国株式）,機械,2829,2840,2820,2820,-7,-0.247612,60800,OK
2025-03-21,6432,竹内製作所,プライム（内国株式）,機械,5460,5540,5420,5440,-90,-1.627486,299200,OK
2025-03-21,6433,ヒーハイスト,スタンダード（内国株式）,機械,488,490,485,487,-1,-0.204918,61600,OK
2025-03-21,6436,アマノ,プライム（内国株式）,機械,4039,4043,3952,3955,-95,-2.345679,301700,OK
2025-03-21,6440,ＪＵＫＩ,プライム（内国株式）,機械,432,438,430,431,-8,-1.822323,182300,OK
2025-03-21,6444,サンデン,スタンダード（内国株式）,機械,133,135,133,135,1,0.746269,54000,OK
2025-03-21,6445,ジャノメ,プライム（内国株式）,機械,1042,1053,1040,1047,-3,-0.285714,30700,OK
2025-03-21,6448,ブラザー工業,プライム（内国株式）,電気機器,2854.5,2876.5,2821.5,2840.5,-43.5,-1.508322,1902200,OK
2025-03-21,6454,マックス,プライム（内国株式）,機械,4510,4525,4480,4480,-30,-0.665188,96700,OK
2025-03-21,6455,モリタホールディングス,プライム（内国株式）,輸送用機器,2155,2178,2143,2167,7,0.324074,66500,OK
2025-03-21,6457,グローリー,プライム（内国株式）,機械,2802,2816,2787.5,2802.5,-0.5,-0.017838,138100,OK
2025-03-21,6458,新晃工業,プライム（内国株式）,機械,1272,1282,1264,1270,-9,-0.703675,217800,OK
2025-03-21,6459,大和冷機工業,プライム（内国株式）,機械,1831,1838,1789,1793,-63,-3.394397,35000,OK
2025-03-21,6460,セガサミーホールディングス,プライム（内国株式）,機械,2974.5,3034,2971,3013,73,2.482993,838500,OK
2025-03-21,6463,ＴＰＲ,プライム（内国株式）,機械,2521,2549,2507,2507,-29,-1.143533,119900,OK
2025-03-21,6464,ツバキ・ナカシマ,プライム（内国株式）,機械,456,461,449,449,-13,-2.813853,215100,OK
2025-03-21,6465,ホシザキ,プライム（内国株式）,機械,6485,6547,6463,6463,-67,-1.026034,332800,OK
2025-03-21,6466,ＴＶＥ,スタンダード（内国株式）,機械,2055,2055,2051,2055,12,0.587372,1800,OK
2025-03-21,6467,ニチダイ,スタンダード（内国株式）,機械,363,370,362,369,7,1.933702,25900,OK
2025-03-21,6469,放電精密加工研究所,スタンダード（内国株式）,機械,1520,1536,1460,1460,-41,-2.731512,121000,OK
2025-03-21,6470,大豊工業,スタンダード（内国株式）,機械,658,658,642,652,-5,-0.761035,54500,OK
2025-03-21,6471,日本精工,プライム（内国株式）,機械,681,684.9,679.2,679.9,-2,-0.293298,3223100,OK
2025-03-21,6472,ＮＴＮ,プライム（内国株式）,機械,255.9,257.5,254.7,256.1,-2.5,-0.966744,3760300,OK
2025-03-21,6473,ジェイテクト,プライム（内国株式）,機械,1172.5,1183,1168,1173.5,-6.5,-0.550847,1391900,OK
2025-03-21,6474,不二越,プライム（内国株式）,機械,3630,3635,3600,3635,30,0.832178,197400,OK
2025-03-21,6479,ミネベアミツミ,プライム（内国株式）,電気機器,2289.5,2331,2285.5,2308.5,-1,-0.043299,2241100,OK
2025-03-21,6480,日本トムソン,プライム（内国株式）,機械,515,521,511,511,-9,-1.730769,252600,OK
2025-03-21,6481,ＴＨＫ,プライム（内国株式）,機械,3871,3901,3832,3859,-37,-0.949692,666700,OK
2025-03-21,6482,ユーシン精機,スタンダード（内国株式）,機械,675,679,671,676,0,0,16200,OK
2025-03-21,6484,ＫＶＫ,スタンダード（内国株式）,機械,1903,1903,1888,1888,-2,-0.10582,1200,OK
2025-03-21,6485,前澤給装工業,スタンダード（内国株式）,機械,1334,1345,1334,1338,-6,-0.446429,17100,OK
2025-03-21,6486,イーグル工業,プライム（内国株式）,機械,2061,2090,2061,2078,7,0.338001,63800,OK
2025-03-21,6488,ヨシタケ,スタンダード（内国株式）,機械,710,725,705,720,12,1.694915,8400,OK
2025-03-21,6489,前澤工業,スタンダード（内国株式）,機械,1419,1428,1398,1400,-10,-0.70922,120400,OK
2025-03-21,6490,ＰＩＬＬＡＲ,プライム（内国株式）,機械,3585,3650,3565,3625,20,0.554785,87700,OK
2025-03-21,6492,岡野バルブ製造,スタンダード（内国株式）,機械,5560,5660,5500,5500,-40,-0.722022,3800,OK
2025-03-21,6493,ＮＩＴＴＡＮ,スタンダード（内国株式）,輸送用機器,295,295,292,295,3,1.027397,38300,OK
2025-03-21,6494,ＮＦＫホールディングス,スタンダード（内国株式）,機械,82,83,82,82,0,0,13700,OK
2025-03-21,6495,宮入バルブ製作所,スタンダード（内国株式）,機械,100,102,99,101,1,1,100600,OK
2025-03-21,6496,中北製作所,スタンダード（内国株式）,機械,3550,3550,3505,3550,65,1.865136,2100,OK
2025-03-21,6497,ハマイ,スタンダード（内国株式）,機械,1111,1120,1111,1119,8,0.720072,2700,OK
2025-03-21,6498,キッツ,プライム（内国株式）,機械,1230,1245,1228,1245,14,1.137287,520200,OK
2025-03-21,6501,日立製作所,プライム（内国株式）,電気機器,3734,3781,3732,3767,34,0.910796,17282900,OK
2025-03-21,6503,三菱電機,プライム（内国株式）,電気機器,2950.5,2959.5,2878,2878,-91.5,-3.081327,11838400,OK
2025-03-21,6504,富士電機,プライム（内国株式）,電気機器,6570,6626,6500,6504,-56,-0.853659,1332100,OK
2025-03-21,6505,東洋電機製造,スタンダード（内国株式）,電気機器,1396,1400,1379,1392,-8,-0.571429,17900,OK
2025-03-21,6506,安川電機,プライム（内国株式）,電気機器,4111,4298,4111,4191,56,1.354293,2859900,OK
2025-03-21,6507,シンフォニアテクノロジー,プライム（内国株式）,電気機器,6980,7040,6800,6810,-220,-3.129445,271800,OK
2025-03-21,6508,明電舎,プライム（内国株式）,電気機器,4390,4565,4390,4430,40,0.911162,265800,OK
2025-03-21,6513,オリジン,スタンダード（内国株式）,電気機器,1146,1150,1145,1145,2,0.174978,3800,OK
2025-03-21,6516,山洋電気,プライム（内国株式）,電気機器,9030,9190,9020,9100,10,0.110011,33900,OK
2025-03-21,6517,デンヨー,プライム（内国株式）,電気機器,2512,2551,2510,2551,33,1.310564,56500,OK
2025-03-21,6518,三相電機,スタンダード（内国株式）,電気機器,806,806,801,801,-5,-0.620347,1100,OK
2025-03-21,6521,オキサイド,グロース（内国株式）,電気機器,1212,1232,1211,1214,-3,-0.246508,35300,OK
2025-03-21,6522,アスタリスク,グロース（内国株式）,電気機器,490,490,475,478,-13,-2.647658,62200,OK
2025-03-21,6523,ＰＨＣホールディングス,プライム（内国株式）,電気機器,1079,1082,1065,1065,-13,-1.205937,184900,OK
2025-03-21,6524,湖北工業,スタンダード（内国株式）,電気機器,2149,2242,2149,2210,83,3.90221,138700,OK
2025-03-21,6525,ＫＯＫＵＳＡＩ　ＥＬＥＣＴＲＩＣ,プライム（内国株式）,電気機器,2944,2960,2900,2900,-75.5,-2.537389,2464300,OK
2025-03-21,6526,ソシオネクスト,プライム（内国株式）,電気機器,2092,2092,2052.5,2068,-43,-2.036949,3768600,OK
2025-03-21,6527,ワカ製作所,TOKYO PRO MARKET（内国株式）,電気機器,,,,,,,,NO_QUOTE
2025-03-21,6532,ベイカレント,プライム（内国株式）,サービス業,6600,6665,6532,6589,-102,-1.524436,999100,OK
2025-03-21,6533,Ｏｒｃｈｅｓｔｒａ　Ｈｏｌｄｉｎｇｓ,プライム（内国株式）,サービス業,803,809,785,785,-16,-1.997503,18000,OK
2025-03-21,6535,アイモバイル,プライム（内国株式）,サービス業,538,538,531,534,-5,-0.927644,136300,OK
2025-03-21,6537,ＷＡＳＨハウス,グロース（内国株式）,サービス業,396,405,395,402,11,2.813299,41300,OK
2025-03-21,6538,ディスラプターズ,スタンダード（内国株式）,サービス業,169,171,168,169,0,0,30700,OK
2025-03-21,6539,ＭＳ−Ｊａｐａｎ,プライム（内国株式）,サービス業,1018,1023,1016,1020,3,0.294985,102200,OK
2025-03-21,6540,船場,スタンダード（内国株式）,サービス業,1361,1361,1345,1348,-5,-0.369549,20600,OK
2025-03-21,6542,ＦＣホールディングス,スタンダード（内国株式）,サービス業,1040,1047,1020,1044,11,1.06486,17900,OK
2025-03-21,6543,日宣,スタンダード（内国株式）,サービス業,663,666,651,652,-6,-0.911854,13200,OK
2025-03-21,6544,ジャパンエレベーターサービスホールディングス,プライム（内国株式）,サービス業,2751,2762,2706,2706,-31,-1.132627,386500,OK
2025-03-21,6545,インターネットインフィニティー,グロース（内国株式）,サービス業,603,605,599,605,2,0.331675,35200,OK
2025-03-21,6546,フルテック,スタンダード（内国株式）,サービス業,1088,1088,1080,1086,5,0.462535,1200,OK
2025-03-21,6547,グリーンズ,スタンダード（内国株式）,サービス業,2535,2560,2490,2507,-17,-0.673534,166700,OK
2025-03-21,6548,旅工房,グロース（内国株式）,サービス業,181,182,179,180,0,0,12400,OK
2025-03-21,6549,ディーエムソリューションズ,スタンダード（内国株式）,サービス業,1482,1485,1463,1485,3,0.202429,1700,OK
2025-03-21,6550,Ｕｎｉｐｏｓ,グロース（内国株式）,サービス業,165,197,159,160,-6,-3.614458,2384100,OK
2025-03-21,6551,ツナググループ・ホールディングス,スタンダード（内国株式）,サービス業,630,630,617,619,-4,-0.642055,41900,OK
2025-03-21,6552,ＧａｍｅＷｉｔｈ,スタンダード（内国株式）,サービス業,236,243,236,236,-1,-0.421941,52200,OK
2025-03-21,6554,エスユーエス,グロース（内国株式）,サービス業,915,925,915,923,8,0.874317,28100,OK
2025-03-21,6555,ＭＳ＆Ｃｏｎｓｕｌｔｉｎｇ,スタンダード（内国株式）,サービス業,450,451,447,450,3,0.671141,4200,OK
2025-03-21,6557,ＡＩＡＩグループ,グロース（内国株式）,サービス業,1510,1519,1494,1495,-10,-0.664452,57500,OK
2025-03-21,6558,クックビズ,グロース（内国株式）,サービス業,773,782,768,782,7,0.903226,5400,OK
2025-03-21,6560,エル・ティー・エス,プライム（内国株式）,サービス業,2206,2249,2177,2177,-29,-1.314597,48700,OK
2025-03-21,6561,ＨＡＮＡＴＯＵＲ　ＪＡＰＡＮ,グロース（内国株式）,サービス業,1175,1176,1160,1164,-11,-0.93617,9900,OK
2025-03-21,6562,ジーニー,グロース（内国株式）,サービス業,1721,1745,1706,1718,-3,-0.174317,57500,OK
2025-03-21,6563,みらいワークス,グロース（内国株式）,サービス業,854,883,854,883,24,2.793946,15100,OK
2025-03-21,6564,ミダックホールディングス,プライム（内国株式）,サービス業,2131,2158,2056,2110,-51,-2.360019,148300,OK
2025-03-21,6565,ＡＢホテル,スタンダード（内国株式）,サービス業,1662,1709,1650,1679,8,0.478755,19400,OK
2025-03-21,6566,要興業,スタンダード（内国株式）,サービス業,1085,1086,1078,1078,-10,-0.919118,10200,OK
2025-03-21,6568,神戸天然物化学,グロース（内国株式）,サービス業,1112,1135,1095,1100,0,0,32200,OK
2025-03-21,6570,共和コーポレーション,スタンダード（内国株式）,サービス業,986,990,980,990,8,0.814664,4600,OK
2025-03-21,6571,キュービーネットホールディングス,プライム（内国株式）,サービス業,1055,1058,1050,1054,8,0.764818,40200,OK
2025-03-21,6572,オープングループ,プライム（内国株式）,サービス業,295,295,291,291,-5,-1.689189,131400,OK
2025-03-21,6573,アジャイルメディア・ネットワーク,グロース（内国株式）,サービス業,78,79,75,75,-2,-2.597403,817200,OK
2025-03-21,6574,コンヴァノ,グロース（内国株式）,サービス業,1785,1785,1785,1785,-38,-2.084476,100,OK
2025-03-21,6576,揚工舎,TOKYO PRO MARKET（内国株式）,サービス業,,,,,,,,NO_QUOTE
2025-03-21,6577,ベストワンドットコム,グロース（内国株式）,サービス業,2950,2950,2901,2930,-21,-0.711623,3300,OK
2025-03-21,6578,コレックホールディングス,スタンダード（内国株式）,サービス業,348,370,348,357,9,2.586207,61900,OK
2025-03-21,6579,ログリー,グロース（内国株式）,サービス業,333,334,332,332,-2,-0.598802,2800,OK
2025-03-21,6580,ライトアップ,グロース（内国株式）,サービス業,1425,1434,1378,1409,14,1.003584,42400,OK
2025-03-21,6584,三櫻工業,プライム（内国株式）,輸送用機器,705,712,701,706,-2,-0.282486,130600,OK
2025-03-21,6586,マキタ,プライム（内国株式）,機械,5297,5393,5294,5359,-39,-0.72249,1156700,OK
2025-03-21,6588,東芝テック,プライム（内国株式）,電気機器,2870,2892,2850,2867,-2,-0.069711,99400,OK
2025-03-21,6590,芝浦メカトロニクス,プライム（内国株式）,電気機器,7630,8030,7510,7990,560,7.537012,1292300,OK
2025-03-21,6592,マブチモーター,プライム（内国株式）,電気機器,2386,2402,2377.5,2395.5,0.5,0.020877,412200,OK
2025-03-21,6594,ニデック,プライム（内国株式）,電気機器,2764,2803.5,2718.5,2718.5,-70.5,-2.527788,6293100,OK
2025-03-21,6596,筑波精工,TOKYO PRO MARKET（内国株式）,電気機器,,,,,,,,NO_QUOTE
2025-03-21,6597,ＨＰＣシステムズ,グロース（内国株式）,電気機器,1215,1223,1202,1202,-23,-1.877551,30600,OK
2025-03-21,6599,エブレン,スタンダード（内国株式）,電気機器,2201,2251,2201,2220,-15,-0.671141,1500,OK
2025-03-21,6612,バルミューダ,グロース（内国株式）,電気機器,931,958,931,931,0,0,7200,OK
2025-03-21,6613,ＱＤレーザ,グロース（内国株式）,電気機器,330,334,325,326,-4,-1.212121,175400,OK
2025-03-21,6614,シキノハイテック,スタンダード（内国株式）,電気機器,1194,1194,1150,1152,-26,-2.207131,14700,OK
2025-03-21,6615,ユー・エム・シー・エレクトロニクス,プライム（内国株式）,電気機器,314,315,308,310,-5,-1.587302,25800,OK
2025-03-21,6616,トレックス・セミコンダクター,プライム（内国株式）,電気機器,1297,1300,1276,1288,-9,-0.693909,30400,OK
2025-03-21,6617,東光高岳,プライム（内国株式）,電気機器,2037,2156,2037,2103,44,2.13696,131400,OK
2025-03-21,6619,ダブル・スコープ,プライム（内国株式）,電気機器,219,235,217,235,18,8.294931,3835200,OK
2025-03-21,6620,宮越ホールディングス,プライム（内国株式）,不動産業,1193,1223,1185,1185,-8,-0.670578,40000,OK
2025-03-21,6622,ダイヘン,プライム（内国株式）,電気機器,6830,6920,6820,6890,-40,-0.577201,67900,OK
2025-03-21,6625,ＪＡＬＣＯホールディングス,スタンダード（内国株式）,不動産業,330,332,329,329,-2,-0.60423,232400,OK
2025-03-21,6626,ＳＥＭＩＴＥＣ,スタンダード（内国株式）,電気機器,1828,1850,1826,1831,0,0,9000,OK
2025-03-21,6627,テラプローブ,スタンダード（内国株式）,電気機器,3155,3155,3105,3115,-10,-0.32,51800,OK
2025-03-21,6629,テクノホライゾン,スタンダード（内国株式）,電気機器,438,450,435,445,20,4.705882,192500,OK
2025-03-21,6630,ヤーマン,プライム（内国株式）,電気機器,884,884,873,881,-3,-0.339367,132600,OK
2025-03-21,6632,ＪＶＣケンウッド,プライム（内国株式）,電気機器,1307,1344,1307,1326,12.5,0.951656,832800,OK
2025-03-21,6633,Ｃ＆Ｇシステムズ,スタンダード（内国株式）,電気機器,312,315,311,315,3,0.961538,11700,OK
2025-03-21,6634,ネクスグループ,スタンダード（内国株式）,電気機器,143,148,143,143,-1,-0.694444,339100,OK
2025-03-21,6635,大日光・エンジニアリング,スタンダード（内国株式）,電気機器,500,500,487,490,-2,-0.406504,13200,OK
2025-03-21,6637,寺崎電気産業,スタンダード（内国株式）,電気機器,2410,2520,2410,2492,83,3.445413,45000,OK
2025-03-21,6638,ミマキエンジニアリング,プライム（内国株式）,電気機器,1452,1479,1452,1458,13,0.899654,97300,OK
2025-03-21,6643,戸上電機製作所,スタンダード（内国株式）,電気機器,3500,3550,3475,3510,20,0.573066,6700,OK
2025-03-21,6644,大崎電気工業,プライム（内国株式）,電気機器,867,874,856,856,-11,-1.268743,111800,OK
2025-03-21,6645,オムロン,プライム（内国株式）,電気機器,4468,4481,4415,4415,-53,-1.186213,1571600,OK
2025-03-21,6647,森尾電機,スタンダード（内国株式）,電気機器,1699,1700,1699,1700,-3,-0.17616,200,OK
2025-03-21,6648,かわでん,スタンダード（内国株式）,電気機器,3840,3845,3800,3845,5,0.130208,12400,OK
2025-03-21,6651,日東工業,プライム（内国株式）,電気機器,3370,3410,3370,3385,10,0.296296,85500,OK
2025-03-21,6652,ＩＤＥＣ,プライム（内国株式）,電気機器,2630,2639,2600,2600,-39,-1.477833,55600,OK
2025-03-21,6653,正興電機製作所,プライム（内国株式）,電気機器,1193,1197,1186,1196,6,0.504202,43700,OK
2025-03-21,6654,不二電機工業,スタンダード（内国株式）,電気機器,1023,1034,1022,1026,2,0.195312,12000,OK
2025-03-21,6656,インスペック,スタンダード（内国株式）,電気機器,600,608,592,600,-6,-0.990099,42800,OK
2025-03-21,6658,シライ電子工業,スタンダード（内国株式）,電気機器,620,620,615,619,-3,-0.482315,106600,OK
2025-03-21,6659,メディアリンクス,スタンダード（内国株式）,電気機器,70,75,69,71,-6,-7.792208,1674200,OK
2025-03-21,6662,ユビテック,スタンダード（内国株式）,電気機器,225,225,223,225,2,0.896861,36000,OK
2025-03-21,6663,太洋テクノレックス,スタンダード（内国株式）,電気機器,259,259,252,256,-2,-0.775194,24500,OK
2025-03-21,6664,オプトエレクトロニクス,スタンダード（内国株式）,電気機器,254,267,244,252,6,2.439024,146200,OK
2025-03-21,6666,リバーエレテック,スタンダード（内国株式）,電気機器,400,403,399,399,-1,-0.25,10900,OK
2025-03-21,6668,アドテック　プラズマ　テクノロジー,スタンダード（内国株式）,電気機器,1422,1440,1415,1428,1,0.070077,15100,OK
2025-03-21,6670,ＭＣＪ,スタンダード（内国株式）,電気機器,1356,1389,1356,1379,13,0.951684,720500,OK
2025-03-21,6674,ジーエス・ユアサ　コーポレーション,プライム（内国株式）,電気機器,2551.5,2576,2538.5,2555,12.5,0.491642,620400,OK
2025-03-21,6675,サクサ,スタンダード（内国株式）,電気機器,3295,3320,3280,3305,5,0.151515,22900,OK
2025-03-21,6676,メルコホールディングス,スタンダード（内国株式）,電気機器,2327,2343,2313,2326,-17,-0.725566,19400,OK
2025-03-21,6677,エスケーエレクトロニクス,スタンダード（内国株式）,電気機器,2398,2436,2390,2411,17,0.710109,47100,OK
2025-03-21,6678,テクノメディカ,スタンダード（内国株式）,電気機器,1800,1810,1800,1810,6,0.332594,3800,OK
2025-03-21,6694,ズーム,スタンダード（内国株式）,電気機器,710,715,708,715,6,0.846262,5800,OK
2025-03-21,6695,キャストリコ,TOKYO PRO MARKET（内国株式）,電気機器,,,,,,,,NO_QUOTE
2025-03-21,6696,トラース・オン・プロダクト,グロース（内国株式）,電気機器,593,609,549,549,-16,-2.831858,930300,OK
2025-03-21,6699,ダイヤモンドエレクトリックホールディングス,プライム（内国株式）,電気機器,628,634,620,625,-3,-0.477707,32000,OK
2025-03-21,6701,日本電気,プライム（内国株式）,電気機器,15760,15830,15665,15665,-20,-0.12751,1562900,OK
2025-03-21,6702,富士通,プライム（内国株式）,電気機器,3030,3057,3000,3028,-53,-1.720221,7018100,OK
2025-03-21,6703,沖電気工業,プライム（内国株式）,電気機器,1046,1058,1040,1040,-11,-1.046622,519600,OK
2025-03-21,6706,電気興業,プライム（内国株式）,電気機器,1775,1879,1765,1828,44,2.466368,406900,OK
2025-03-21,6707,サンケン電気,プライム（内国株式）,電気機器,7570,7621,7405,7448,-240,-3.121748,330200,OK
2025-03-21,6715,ナカヨ,スタンダード（内国株式）,電気機器,2542,2544,2542,2544,2,0.078678,23500,OK
2025-03-21,6718,アイホン,プライム（内国株式）,電気機器,2742,2745,2721,2730,-5,-0.182815,46400,OK
2025-03-21,6721,ウインテスト,スタンダード（内国株式）,電気機器,123,131,123,123,1,0.819672,2540300,OK
2025-03-21,6723,ルネサスエレクトロニクス,プライム（内国株式）,電気機器,2297,2328.5,2289,2299,-38.5,-1.647059,9347900,OK
2025-03-21,6724,セイコーエプソン,プライム（内国株式）,電気機器,2483,2508.5,2478.5,2505,-10.5,-0.417412,1809600,OK
2025-03-21,6727,ワコム,プライム（内国株式）,電気機器,616,620,611,620,2,0.323625,409400,OK
2025-03-21,6728,アルバック,プライム（内国株式）,電気機器,5546,5589,5500,5508,-100,-1.783167,314900,OK
2025-03-21,6730,アクセル,スタンダード（内国株式）,電気機器,1196,1217,1187,1217,31,2.613828,22300,OK
2025-03-21,6731,ピクセラ,スタンダード（内国株式）,電気機器,40,42,36,39,-1,-2.5,7588200,OK
2025-03-21,6734,ニューテック,スタンダード（内国株式）,電気機器,1629,1636,1601,1636,7,0.429711,2400,OK
2025-03-21,6736,サン電子,スタンダード（内国株式）,電気機器,7200,7580,7170,7170,80,1.12835,45000,OK
2025-03-21,6737,ＥＩＺＯ,プライム（内国株式）,電気機器,2220,2224,2205,2205,-15,-0.675676,59300,OK
2025-03-21,6740,ジャパンディスプレイ,プライム（内国株式）,電気機器,18,18,17,17,-1,-5.555556,83546100,OK
2025-03-21,6741,日本信号,プライム（内国株式）,電気機器,917,919,914,914,-3,-0.327154,57500,OK
2025-03-21,6742,京三製作所,プライム（内国株式）,電気機器,505,513,505,512,6,1.185771,136800,OK
2025-03-21,6743,大同信号,スタンダード（内国株式）,電気機器,520,522,520,520,0,0,5500,OK
2025-03-21,6744,能美防災,プライム（内国株式）,電気機器,3300,3320,3270,3280,-25,-0.75643,38800,OK
2025-03-21,6745,ホーチキ,プライム（内国株式）,電気機器,2511,2552,2510,2531,22,0.876843,31100,OK
2025-03-21,6748,星和電機,スタンダード（内国株式）,電気機器,532,534,531,533,1,0.18797,8200,OK
2025-03-21,6750,エレコム,プライム（内国株式）,電気機器,1688,1725,1688,1702,-6,-0.351288,143300,OK
2025-03-21,6752,パナソニック　ホールディングス,プライム（内国株式）,電気機器,1898,1912,1875,1875,6.5,0.347873,16086000,OK
2025-03-21,6753,シャープ,プライム（内国株式）,電気機器,980,998.7,978.1,989.2,12.6,1.29019,1897000,OK
2025-03-21,6754,アンリツ,プライム（内国株式）,電気機器,1380.5,1396.5,1380.5,1390,-1.5,-0.107797,679800,OK
2025-03-21,6755,富士通ゼネラル,プライム（内国株式）,電気機器,2772,2776,2770,2772,-4,-0.144092,306000,OK
2025-03-21,6757,ＯＳＧコーポレーション,スタンダード（内国株式）,電気機器,795,795,791,791,-4,-0.503145,6400,OK
2025-03-21,6758,ソニーグループ,プライム（内国株式）,電気機器,3714,3796,3706,3782,100,2.715915,28201000,OK
2025-03-21,6762,ＴＤＫ,プライム（内国株式）,電気機器,1608,1631,1589.5,1589.5,-33.5,-2.064079,12151100,OK
2025-03-21,6763,帝国通信工業,プライム（内国株式）,電気機器,2480,2486,2473,2480,0,0,5500,OK
2025-03-21,6768,タムラ製作所,プライム（内国株式）,電気機器,550,562,546,555,9,1.648352,450300,OK
2025-03-21,6769,ザインエレクトロニクス,スタンダード（内国株式）,電気機器,1040,1054,975,980,-43,-4.203324,475000,OK
2025-03-21,6770,アルプスアルパイン,プライム（内国株式）,電気機器,1590,1602,1589.5,1590.5,-15.5,-0.965131,743200,OK
2025-03-21,6771,池上通信機,スタンダード（内国株式）,電気機器,692,698,691,692,2,0.289855,12600,OK
2025-03-21,6772,東京コスモス電機,スタンダード（内国株式）,電気機器,5970,5970,5970,5970,10,0.167785,100,OK
2025-03-21,6775,ＴＢグループ,スタンダード（内国株式）,電気機器,133,139,132,139,5,3.731343,48800,OK
2025-03-21,6776,天昇電気工業,スタンダード（内国株式）,化学,273,273,268,268,0,0,22600,OK
2025-03-21,6777,ｓａｎｔｅｃ　Ｈｏｌｄｉｎｇｓ,スタンダード（内国株式）,電気機器,5150,5230,5130,5190,70,1.367188,32200,OK
2025-03-21,6778,アルチザネットワークス,スタンダード（内国株式）,電気機器,564,567,562,567,4,0.71048,11600,OK
2025-03-21,6779,日本電波工業,プライム（内国株式）,電気機器,893,893,881,881,-8,-0.899888,99100,OK
2025-03-21,6785,鈴木,プライム（内国株式）,電気機器,1723,1744,1717,1723,0,0,47800,OK
2025-03-21,6786,ＲＶＨ,スタンダード（内国株式）,サービス業,56,62,54,57,2,3.636364,2051700,OK
2025-03-21,6787,メイコー,プライム（内国株式）,電気機器,7290,7500,7290,7400,90,1.23119,138600,OK
2025-03-21,6788,日本トリム,プライム（内国株式）,電気機器,3955,3970,3950,3970,15,0.379267,8900,OK
2025-03-21,6794,フォスター電機,プライム（内国株式）,電気機器,1398,1419,1396,1400,1,0.07148,183800,OK
2025-03-21,6797,名古屋電機工業,スタンダード（内国株式）,電気機器,2300,2310,2256,2300,70,3.139013,5900,OK
2025-03-21,6798,ＳＭＫ,プライム（内国株式）,電気機器,2646,2646,2610,2639,9,0.342205,7200,OK
2025-03-21,6800,ヨコオ,プライム（内国株式）,電気機器,1495,1534,1494,1503,8,0.535117,80100,OK
2025-03-21,6803,ティアック,スタンダード（内国株式）,電気機器,83,87,83,85,2,2.409639,696700,OK
2025-03-21,6804,ホシデン,プライム（内国株式）,電気機器,2053,2081,2049,2081,17,0.823643,320600,OK
2025-03-21,6806,ヒロセ電機,プライム（内国株式）,電気機器,18000,18170,17950,18095,105,0.583658,135100,OK
2025-03-21,6807,日本航空電子工業,プライム（内国株式）,電気機器,2765,2785,2753,2767,-2,-0.072228,114800,OK
2025-03-21,6809,ＴＯＡ,プライム（内国株式）,電気機器,967,967,958,965,2,0.207684,30300,OK
2025-03-21,6810,マクセル,プライム（内国株式）,電気機器,1920,1962,1917,1939,10,0.518403,150200,OK
2025-03-21,6814,古野電気,プライム（内国株式）,電気機器,2660,2722,2635,2696,8,0.297619,383600,OK
2025-03-21,6817,スミダコーポレーション,プライム（内国株式）,電気機器,986,1013,986,998,13,1.319797,370100,OK
2025-03-21,6819,伊豆シャボテンリゾート,スタンダード（内国株式）,サービス業,542,553,542,553,4,0.728597,23900,OK
2025-03-21,6820,アイコム,プライム（内国株式）,電気機器,2955,2991,2950,2978,22,0.744249,15900,OK
2025-03-21,6822,大井電気,スタンダード（内国株式）,電気機器,2650,2739,2620,2735,146,5.639243,8400,OK
2025-03-21,6823,リオン,プライム（内国株式）,電気機器,2552,2569,2543,2564,13,0.509604,21500,OK
2025-03-21,6824,新コスモス電機,スタンダード（内国株式）,電気機器,2610,2610,2564,2564,-16,-0.620155,4000,OK
2025-03-21,6832,アオイ電子,スタンダード（内国株式）,電気機器,1994,2010,1994,2002,-5,-0.249128,2800,OK
2025-03-21,6834,精工技研,スタンダード（内国株式）,電気機器,4240,4380,4240,4300,60,1.415094,23600,OK
2025-03-21,6835,アライドテレシスホールディングス,スタンダード（内国株式）,電気機器,192,193,187,190,-4,-2.061856,1268700,OK
2025-03-21,6836,ぷらっとホーム,スタンダード（内国株式）,電気機器,4720,5240,4720,5110,325,6.792059,137400,OK
2025-03-21,6837,京写,スタンダード（内国株式）,電気機器,388,391,385,390,5,1.298701,23500,OK
2025-03-21,6838,多摩川ホールディングス,スタンダード（内国株式）,電気機器,756,770,739,740,-22,-2.887139,49800,OK
2025-03-21,6840,ＡＫＩＢＡホールディングス,スタンダード（内国株式）,電気機器,249,249,245,245,-2,-0.809717,6700,OK
2025-03-21,6841,横河電機,プライム（内国株式）,電気機器,3029,3082,3013,3044,10,0.329598,1859700,OK
2025-03-21,6844,新電元工業,プライム（内国株式）,電気機器,2334,2340,2302,2309,-35,-1.493174,190500,OK
2025-03-21,6845,アズビル,プライム（内国株式）,電気機器,1206.5,1226.5,1198.5,1221,26,2.175732,2580400,OK
2025-03-21,6848,東亜ディーケーケー,スタンダード（内国株式）,電気機器,837,848,835,848,15,1.80072,40900,OK
2025-03-21,6849,日本光電工業,プライム（内国株式）,電気機器,2125,2134.5,2087,2087,-44.5,-2.087732,959100,OK
2025-03-21,6850,チノー,プライム（内国株式）,電気機器,2080,2095,2066,2073,-10,-0.480077,34000,OK
2025-03-21,6853,共和電業,スタンダード（内国株式）,電気機器,473,497,465,484,35,7.7951,682500,OK
2025-03-21,6855,日本電子材料,スタンダード（内国株式）,電気機器,2036,2106,2033,2063,29,1.425762,312000,OK
2025-03-21,6856,堀場製作所,プライム（内国株式）,電気機器,10300,10340,10245,10265,40,0.391198,185700,OK
2025-03-21,6857,アドバンテスト,プライム（内国株式）,電気機器,8333,8423,8098,8098,-185,-2.23349,13256400,OK
2025-03-21,6858,小野測器,スタンダード（内国株式）,電気機器,545,549,543,549,-1,-0.181818,32800,OK
2025-03-21,6859,エスペック,プライム（内国株式）,電気機器,2505,2539,2499,2500,-11,-0.438072,64700,OK
2025-03-21,6861,キーエンス,プライム（内国株式）,電気機器,61290,61550,60720,61300,370,0.607254,701900,OK
2025-03-21,6862,ミナトホールディングス,スタンダード（内国株式）,電気機器,980,997,980,985,5,0.510204,11000,OK
2025-03-21,6863,ニレコ,スタンダード（内国株式）,電気機器,1820,1848,1816,1835,41,2.285396,34300,OK
2025-03-21,6864,エヌエフホールディングス,スタンダード（内国株式）,電気機器,1360,1374,1306,1326,-16,-1.19225,67100,OK
2025-03-21,6866,日置電機,プライム（内国株式）,電気機器,7220,7270,7180,7240,-20,-0.275482,18700,OK
2025-03-21,6867,リーダー電子,スタンダード（内国株式）,電気機器,445,450,445,448,3,0.674157,6800,OK
2025-03-21,6869,シスメックス,プライム（内国株式）,電気機器,2864.5,2901,2849.5,2853,-7.5,-0.262192,1840400,OK
2025-03-21,6870,日本フェンオール,スタンダード（内国株式）,電気機器,1714,1714,1708,1708,-6,-0.350058,900,OK
2025-03-21,6871,日本マイクロニクス,プライム（内国株式）,電気機器,4010,4140,4000,4080,85,2.12766,1181600,OK
2025-03-21,6874,協立電機,スタンダード（内国株式）,電気機器,4470,4470,4400,4430,5,0.112994,4200,OK
2025-03-21,6875,メガチップス,プライム（内国株式）,電気機器,4740,4860,4740,4855,120,2.534319,202000,OK
2025-03-21,6877,ＯＢＡＲＡ　ＧＲＯＵＰ,スタンダード（内国株式）,電気機器,3425,3460,3415,3445,0,0,23300,OK
2025-03-21,6879,ＩＭＡＧＩＣＡ　ＧＲＯＵＰ,プライム（内国株式）,情報･通信業,502,507,499,502,-3,-0.594059,102300,OK
2025-03-21,6882,三社電機製作所,スタンダード（内国株式）,電気機器,926,928,923,924,8,0.873362,39100,OK
2025-03-21,6888,アクモス,スタンダード（内国株式）,情報･通信業,539,544,536,544,8,1.492537,14300,OK
2025-03-21,6890,フェローテックホールディングス,スタンダード（内国株式）,電気機器,2986,3075,2982,3040,183,6.40532,3133500,OK
2025-03-21,6894,パルステック工業,スタンダード（内国株式）,電気機器,1755,1774,1755,1774,24,1.371429,200,OK
2025-03-21,6897,ツインバード,スタンダード（内国株式）,電気機器,423,425,419,424,3,0.712589,8400,OK
2025-03-21,6898,トミタ電機,スタンダード（内国株式）,電気機器,2273,2274,2244,2272,-1,-0.043995,1900,OK
2025-03-21,6899,ＡＳＴＩ,スタンダード（内国株式）,電気機器,2192,2204,2178,2178,-17,-0.774487,33100,OK
2025-03-21,6901,澤藤電機,スタンダード（内国株式）,電気機器,915,916,913,913,1,0.109649,5500,OK
2025-03-21,6902,デンソー,プライム（内国株式）,輸送用機器,2000,2013,1990,2002.5,-28,-1.378971,12030400,OK
2025-03-21,6904,原田工業,スタンダード（内国株式）,電気機器,504,505,503,505,1,0.198413,10900,OK
2025-03-21,6905,コーセル,プライム（内国株式）,電気機器,1088,1127,1067,1087,7,0.648148,283900,OK
2025-03-21,6907,ジオマテック,スタンダード（内国株式）,電気機器,807,814,800,814,7,0.86741,7900,OK
2025-03-21,6908,イリソ電子工業,プライム（内国株式）,電気機器,2737,2766,2732,2732,-12,-0.437318,84000,OK
2025-03-21,6912,菊水ホールディングス,スタンダード（内国株式）,電気機器,1420,1432,1409,1422,3,0.211416,3700,OK
2025-03-21,6914,オプテックスグループ,プライム（内国株式）,電気機器,1830,1831,1804,1812,-37,-2.001082,187300,OK
2025-03-21,6915,千代田インテグレ,スタンダード（内国株式）,電気機器,3045,3060,3020,3035,15,0.496689,15700,OK
2025-03-21,6918,アバールデータ,スタンダード（内国株式）,電気機器,2490,2501,2482,2482,-2,-0.080515,9600,OK
2025-03-21,6919,ケル,スタンダード（内国株式）,電気機器,1439,1441,1430,1438,-10,-0.690608,24700,OK
2025-03-21,6920,レーザーテック,プライム（内国株式）,電気機器,14210,14330,13955,13985,-355,-2.475593,3851500,OK
2025-03-21,6923,スタンレー電気,プライム（内国株式）,電気機器,2840.5,3025,2818,2964,277,10.308895,4584000,OK
2025-03-21,6925,ウシオ電機,プライム（内国株式）,電気機器,2085,2088,2059.5,2065,-25,-1.196172,527100,OK
2025-03-21,6926,岡谷電機産業,スタンダード（内国株式）,電気機器,220,222,220,221,3,1.376147,36100,OK
2025-03-21,6927,ヘリオス　テクノ　ホールディング,スタンダード（内国株式）,電気機器,915,926,911,917,-4,-0.434311,259700,OK
2025-03-21,6928,エノモト,プライム（内国株式）,電気機器,1466,1474,1459,1474,15,1.028101,9500,OK
2025-03-21,6929,日本セラミック,プライム（内国株式）,電気機器,2925,2969,2922,2963,23,0.782313,188000,OK
2025-03-21,6930,日本アンテナ,スタンダード（内国株式）,電気機器,670,677,660,660,-10,-1.492537,6900,OK
2025-03-21,6932,遠藤照明,スタンダード（内国株式）,電気機器,1425,1433,1408,1409,-16,-1.122807,26200,OK
2025-03-21,6937,古河電池,プライム（内国株式）,電気機器,1386,1388,1384,1388,2,0.1443,56500,OK
2025-03-21,6941,山一電機,プライム（内国株式）,電気機器,2098,2112,2090,2107,8,0.381134,149800,OK
2025-03-21,6942,ソフィアホールディングス,スタンダード（内国株式）,情報･通信業,1113,1114,1109,1114,4,0.36036,8600,OK
2025-03-21,6943,ＮＫＫスイッチズ,スタンダード（内国株式）,電気機器,4415,4440,4380,4380,-35,-0.792752,1000,OK
2025-03-21,6946,日本アビオニクス,スタンダード（内国株式）,電気機器,2715,2720,2590,2612,-93,-3.438078,329900,OK
2025-03-21,6947,図研,プライム（内国株式）,電気機器,4500,4650,4500,4580,25,0.548847,139800,OK
2025-03-21,6951,日本電子,プライム（内国株式）,電気機器,4960,4988,4870,4870,-130,-2.6,275200,OK
2025-03-21,6952,カシオ計算機,プライム（内国株式）,電気機器,1236,1241.5,1234,1236,1,0.080972,966700,OK
2025-03-21,6954,ファナック,プライム（内国株式）,電気機器,4375,4462,4365,4378,-36,-0.815587,3668500,OK
2025-03-21,6955,ＦＤＫ,スタンダード（内国株式）,電気機器,409,411,407,408,1,0.2457,95900,OK
2025-03-21,6957,芝浦電子,スタンダード（内国株式）,電気機器,4550,4590,4520,4530,-15,-0.330033,61200,OK
2025-03-21,6958,日本シイエムケイ,プライム（内国株式）,電気機器,448,451,446,448,4,0.900901,796900,OK
2025-03-21,6960,フクダ電子,スタンダード（内国株式）,電気機器,6540,6540,6330,6400,-100,-1.538462,38600,OK
2025-03-21,6961,エンプラス,プライム（内国株式）,電気機器,4760,4800,4720,4735,-20,-0.42061,51800,OK
2025-03-21,6962,大真空,プライム（内国株式）,電気機器,593,596,588,594,0,0,88300,OK
2025-03-21,6963,ローム,プライム（内国株式）,電気機器,1578,1599.5,1567.5,1570,-27,-1.69067,2515900,OK
2025-03-21,6964,サンコー,スタンダード（内国株式）,電気機器,593,600,586,591,8,1.372213,6900,OK
2025-03-21,6965,浜松ホトニクス,プライム（内国株式）,電気機器,1571,1587.5,1558,1567.5,-20,-1.259843,3180400,OK
2025-03-21,6966,三井ハイテック,プライム（内国株式）,電気機器,762,777,745,745,-24,-3.120936,3325700,OK
2025-03-21,6967,新光電気工業,プライム（内国株式）,電気機器,5926,6129,5915,6129,208,3.51292,178700,OK
2025-03-21,6969,松尾電機,スタンダード（内国株式）,電気機器,485,491,482,491,6,1.237113,10300,OK
2025-03-21,6971,京セラ,プライム（内国株式）,電気機器,1720.5,1752.5,1718,1732,-24,-1.366743,5010500,OK
2025-03-21,6973,協栄産業,スタンダード（内国株式）,卸売業,2451,2466,2420,2433,9,0.371287,9500,OK
2025-03-21,6976,太陽誘電,プライム（内国株式）,電気機器,2600,2644.5,2562,2562,-92.5,-3.484649,2603500,OK
2025-03-21,6977,日本抵抗器製作所,スタンダード（内国株式）,電気機器,802,804,802,804,1,0.124533,600,OK
2025-03-21,6981,村田製作所,プライム（内国株式）,電気機器,2481,2504.5,2472,2499.5,-20,-0.793808,8474700,OK
2025-03-21,6982,リード,スタンダード（内国株式）,輸送用機器,628,628,625,625,-7,-1.107595,1000,OK
2025-03-21,6986,双葉電子工業,プライム（内国株式）,電気機器,555,560,552,555,0,0,57900,OK
2025-03-21,6988,日東電工,プライム（内国株式）,化学,2978.5,2984,2916,2916,-78,-2.60521,3283600,OK
2025-03-21,6989,北陸電気工業,スタンダード（内国株式）,電気機器,1605,1624,1605,1624,22,1.373283,30700,OK
2025-03-21,6993,大黒屋ホールディングス,スタンダード（内国株式）,小売業,24,25,23,25,2,8.695652,53915400,OK
2025-03-21,6994,指月電機製作所,スタンダード（内国株式）,電気機器,433,454,429,442,10,2.314815,80200,OK
2025-03-21,6995,東海理化電機製作所,プライム（内国株式）,輸送用機器,2335,2377,2332,2367,32,1.37045,285200,OK
2025-03-21,6996,ニチコン,プライム（内国株式）,電気機器,1301,1308,1293,1301,-7,-0.535168,261300,OK
2025-03-21,6997,日本ケミコン,プライム（内国株式）,電気機器,923,938,921,921,1,0.108696,217000,OK
2025-03-21,6998,日本タングステン,スタンダード（内国株式）,電気機器,1239,1245,1238,1245,6,0.484262,4900,OK
2025-03-21,6999,ＫＯＡ,プライム（内国株式）,電気機器,997,1005,989,998,-1,-0.1001,156500,OK
2025-03-21,7003,三井Ｅ＆Ｓ,プライム（内国株式）,機械,1908,1964,1902,1930,-9,-0.464157,10182100,OK
2025-03-21,7004,カナデビア,プライム（内国株式）,機械,978,988,969,969,-17,-1.724138,966800,OK
2025-03-21,7011,三菱重工業,プライム（内国株式）,機械,2812.5,2931.5,2768.5,2874.5,-16,-0.553537,114704900,OK
2025-03-21,7012,川崎重工業,プライム（内国株式）,輸送用機器,9578,9652,9367,9535,-312,-3.168478,16728400,OK
2025-03-21,7013,ＩＨＩ,プライム（内国株式）,機械,11450,11450,11045,11175,-575,-4.893617,9761100,OK
2025-03-21,7014,名村造船所,スタンダード（内国株式）,輸送用機器,2434,2674,2412,2615,131,5.273752,5873600,OK
2025-03-21,7018,内海造船,スタンダード（内国株式）,輸送用機器,6280,6500,6250,6500,200,3.174603,14300,OK
2025-03-21,7021,ニッチツ,スタンダード（内国株式）,機械,1740,1740,1707,1720,-19,-1.092582,2400,OK
2025-03-21,7022,サノヤスホールディングス,スタンダード（内国株式）,機械,189,190,189,190,2,1.06383,35000,OK
2025-03-21,7030,スプリックス,スタンダード（内国株式）,サービス業,926,942,926,939,13,1.403888,9200,OK
2025-03-21,7031,インバウンドテック,グロース（内国株式）,サービス業,831,847,831,836,-12,-1.415094,1900,OK
2025-03-21,7033,マネジメントソリューションズ,プライム（内国株式）,サービス業,1802,1803,1737,1775,-67,-3.637351,217500,OK
2025-03-21,7034,プロレド・パートナーズ,プライム（内国株式）,サービス業,439,439,415,417,-21,-4.794521,38300,OK
2025-03-21,7035,ａｎｄ　ｆａｃｔｏｒｙ,スタンダード（内国株式）,サービス業,221,226,218,222,2,0.909091,34200,OK
2025-03-21,7036,イーエムネットジャパン,グロース（内国株式）,サービス業,917,950,917,950,25,2.702703,1000,OK
2025-03-21,7037,テノ．ホールディングス,スタンダード（内国株式）,サービス業,453,465,453,461,8,1.766004,13000,OK
2025-03-21,7038,フロンティア・マネジメント,プライム（内国株式）,サービス業,702,704,698,700,-2,-0.2849,27700,OK
2025-03-21,7039,ブリッジインターナショナル,グロース（内国株式）,サービス業,1882,1894,1882,1892,16,0.852878,8700,OK
2025-03-21,7040,サン・ライフホールディング,スタンダード（内国株式）,サービス業,962,964,959,959,-1,-0.104167,4400,OK
2025-03-21,7041,ＣＲＧホールディングス,グロース（内国株式）,サービス業,325,329,321,323,-2,-0.615385,8600,OK
2025-03-21,7042,アクセスグループ・ホールディングス,スタンダード（内国株式）,サービス業,1134,1209,1119,1200,65,5.726872,35200,OK
2025-03-21,7043,アルー,グロース（内国株式）,サービス業,689,696,680,692,4,0.581395,5500,OK
2025-03-21,7044,ピアラ,スタンダード（内国株式）,サービス業,248,255,248,255,8,3.238866,10200,OK
2025-03-21,7046,ＴＤＳＥ,グロース（内国株式）,サービス業,,,,,,,,NO_QUOTE
2025-03-21,7047,ポート,グロース（内国株式）,サービス業,1829,1848,1828,1840,5,0.27248,65200,OK
2025-03-21,7048,ベルトラ,グロース（内国株式）,サービス業,271,280,271,279,8,2.95203,173400,OK
2025-03-21,7049,識学,グロース（内国株式）,サービス業,868,882,867,873,0,0,26000,OK
2025-03-21,7050,フロンティアインターナショナル,グロース（内国株式）,サービス業,1984,1995,1971,1983,30,1.536098,2700,OK
2025-03-21,7056,マルク,TOKYO PRO MARKET（内国株式）,サービス業,,,,,,,,NO_QUOTE
2025-03-21,7057,エヌ・シー・エヌ,スタンダード（内国株式）,サービス業,1185,1215,1168,1202,47,4.069264,3000,OK
2025-03-21,7058,共栄セキュリティーサービス,スタンダード（内国株式）,サービス業,2609,2609,2609,2609,0,0,1300,OK
2025-03-21,7059,コプロ・ホールディングス,プライム（内国株式）,サービス業,1695,1729,1687,1707,23,1.365796,40800,OK
2025-03-21,7060,ギークス,スタンダード（内国株式）,サービス業,419,421,416,420,-2,-0.473934,3700,OK
2025-03-21,7061,日本ホスピスホールディングス,グロース（内国株式）,サービス業,1719,1721,1677,1694,-12,-0.7034,84100,OK
2025-03-21,7062,フレアス,グロース（内国株式）,サービス業,723,739,713,739,20,2.781641,4500,OK
2025-03-21,7063,Ｂｉｒｄｍａｎ,グロース（内国株式）,サービス業,231,231,225,225,-5,-2.173913,36900,OK
2025-03-21,7064,ハウテレビジョン,グロース（内国株式）,サービス業,2001,2001,2001,2001,-9,-0.447761,800,OK
2025-03-21,7065,ユーピーアール,スタンダード（内国株式）,サービス業,785,810,780,802,23,2.952503,22800,OK
2025-03-21,7066,ピアズ,グロース（内国株式）,サービス業,642,651,641,641,-3,-0.465839,13800,OK
2025-03-21,7067,ブランディングテクノロジー,グロース（内国株式）,サービス業,932,934,931,931,0,0,800,OK
2025-03-21,7068,フィードフォースグループ,グロース（内国株式）,サービス業,505,505,484,488,-15,-2.982107,30700,OK
2025-03-21,7069,サイバー・バズ,グロース（内国株式）,サービス業,761,761,749,755,-6,-0.788436,5300,OK
2025-03-21,7071,アンビスホールディングス,プライム（内国株式）,サービス業,640,640,612,614,-36,-5.538462,2607500,OK
2025-03-21,7072,インティメート・マージャー,グロース（内国株式）,サービス業,780,784,770,780,-5,-0.636943,3300,OK
2025-03-21,7073,ジェイック,グロース（内国株式）,サービス業,2210,2212,2190,2190,-31,-1.395768,1200,OK
2025-03-21,7074,トゥエンティーフォーセブン,グロース（内国株式）,サービス業,338,346,337,337,-3,-0.882353,41800,OK
2025-03-21,7075,ＱＬＳホールディングス,グロース（内国株式）,サービス業,830,839,830,838,9,1.085645,15400,OK
2025-03-21,7077,ＡＬｉＮＫインターネット,グロース（内国株式）,サービス業,1016,1024,1016,1017,0,0,800,OK
2025-03-21,7078,ＩＮＣＬＵＳＩＶＥ,グロース（内国株式）,サービス業,498,500,492,492,-5,-1.006036,16900,OK
2025-03-21,7079,ＷＤＢココ,グロース（内国株式）,サービス業,3605,3620,3600,3610,5,0.138696,1900,OK
2025-03-21,7080,スポーツフィールド,グロース（内国株式）,サービス業,623,635,623,629,13,2.11039,20400,OK
2025-03-21,7081,コーユーレンティア,スタンダード（内国株式）,サービス業,1042,1048,1035,1048,16,1.550388,4200,OK
2025-03-21,7082,ジモティー,グロース（内国株式）,サービス業,1374,1386,1366,1374,-11,-0.794224,10300,OK
2025-03-21,7083,ＡＨＣグループ,グロース（内国株式）,サービス業,1052,1060,1049,1052,0,0,4300,OK
2025-03-21,7084,Ｓｍｉｌｅ　Ｈｏｌｄｉｎｇｓ,グロース（内国株式）,サービス業,1529,1538,1465,1465,-52,-3.427818,84500,OK
2025-03-21,7085,カーブスホールディングス,プライム（内国株式）,サービス業,675,677,667,667,-10,-1.477105,126300,OK
2025-03-21,7087,ウイルテック,スタンダード（内国株式）,サービス業,950,951,947,951,1,0.105263,49500,OK
2025-03-21,7088,フォーラムエンジニアリング,プライム（内国株式）,サービス業,1074,1075,1065,1070,-4,-0.372439,58900,OK
2025-03-21,7089,フォースタートアップス,グロース（内国株式）,サービス業,1182,1182,1159,1159,-10,-0.855432,6900,OK
2025-03-21,7090,リグア,グロース（内国株式）,サービス業,810,810,803,810,0,0,1400,OK
2025-03-21,7091,リビングプラットフォーム,グロース（内国株式）,サービス業,1027,1027,1010,1021,11,1.089109,17600,OK
2025-03-21,7092,Ｆａｓｔ　Ｆｉｔｎｅｓｓ　Ｊａｐａｎ,プライム（内国株式）,サービス業,1477,1505,1454,1487,-4,-0.268276,16000,OK
2025-03-21,7093,アディッシュ,グロース（内国株式）,サービス業,551,553,541,545,-8,-1.446655,19400,OK
2025-03-21,7094,ＮｅｘＴｏｎｅ,グロース（内国株式）,サービス業,1224,1238,1221,1237,20,1.643385,61300,OK
2025-03-21,7095,Ｍａｃｂｅｅ　Ｐｌａｎｅｔ,プライム（内国株式）,サービス業,2850,2876,2821,2841,25,0.887784,159000,OK
2025-03-21,7096,ステムセル研究所,グロース（内国株式）,サービス業,1409,1431,1334,1334,-96,-6.713287,39200,OK
2025-03-21,7097,さくらさくプラス,グロース（内国株式）,サービス業,2016,2034,1998,2020,23,1.151728,10300,OK
2025-03-21,7098,エージェント,TOKYO PRO MARKET（内国株式）,サービス業,,,,,,,,NO_QUOTE
2025-03-21,7102,日本車輌製造,プライム（内国株式）,輸送用機器,2121,2170,2115,2143,21,0.989632,13700,OK
2025-03-21,7105,三菱ロジスネクスト,スタンダード（内国株式）,輸送用機器,2180,2218,2150,2205,-6,-0.27137,193300,OK
2025-03-21,7110,クラシコム,グロース（内国株式）,小売業,1278,1284,1270,1272,0,0,4800,OK
2025-03-21,7111,ＩＮＥＳＴ,スタンダード（内国株式）,卸売業,48,50,48,50,0,0,212600,OK
2025-03-21,7112,キューブ,グロース（内国株式）,小売業,463,463,449,449,-17,-3.648069,2200,OK
2025-03-21,7114,フーディソン,グロース（内国株式）,卸売業,940,958,940,955,15,1.595745,13400,OK
2025-03-21,7115,アルファパーチェス,スタンダード（内国株式）,卸売業,1838,1957,1822,1940,91,4.921579,43900,OK
2025-03-21,7116,ダイワ通信,スタンダード（内国株式）,卸売業,1013,1014,1002,1002,-11,-1.085884,1600,OK
2025-03-21,7117,ミモナ,TOKYO PRO MARKET（内国株式）,小売業,,,,,,,,NO_QUOTE
2025-03-21,7119,ハルメクホールディングス,グロース（内国株式）,小売業,1153,1155,1143,1150,9,0.788782,10500,OK
2025-03-21,7120,ＳＨＩＮＫＯ,スタンダード（内国株式）,卸売業,2129,2129,2115,2123,0,0,2900,OK
2025-03-21,7122,近畿車輛,スタンダード（内国株式）,輸送用機器,1646,1646,1615,1615,9,0.560399,9900,OK
2025-03-21,7126,グローバルスタイル,スタンダード（内国株式）,小売業,1524,1613,1524,1553,17,1.106771,13200,OK
2025-03-21,7127,一家ホールディングス,スタンダード（内国株式）,小売業,684,684,681,683,1,0.146628,13700,OK
2025-03-21,7128,フルサト・マルカホールディングス,プライム（内国株式）,卸売業,2430,2470,2430,2439,-12,-0.489596,38400,OK
2025-03-21,7129,ミアヘルサホールディングス,スタンダード（内国株式）,小売業,1100,1101,1099,1101,1,0.090909,4500,OK
2025-03-21,7130,ヤマエグループホールディングス,プライム（内国株式）,卸売業,2510,2539,2486,2486,-51,-2.010248,184400,OK
2025-03-21,7131,のむら産業,スタンダード（内国株式）,卸売業,1910,1910,1881,1904,-2,-0.104932,1200,OK
2025-03-21,7132,フローバル,TOKYO PRO MARKET（内国株式）,卸売業,,,,,,,,NO_QUOTE
2025-03-21,7133,ＨＹＵＧＡ　ＰＲＩＭＡＲＹ　ＣＡＲＥ,グロース（内国株式）,小売業,1370,1420,1370,1388,14,1.018923,2600,OK
2025-03-21,7134,アップガレージグループ,スタンダード（内国株式）,小売業,986,992,986,986,-6,-0.604839,8500,OK
2025-03-21,7135,ジャパンクラフトホールディングス,スタンダード（内国株式）,小売業,142,142,140,140,0,0,28900,OK
2025-03-21,7136,ウェルビングループ,TOKYO PRO MARKET（内国株式）,小売業,,,,,,,,NO_QUOTE
2025-03-21,7137,グラントマト,TOKYO PRO MARKET（内国株式）,小売業,1200,1200,1200,1200,0,0,700,OK
2025-03-21,7138,ＴＯＲＩＣＯ,グロース（内国株式）,小売業,745,745,744,744,-1,-0.134228,600,OK
2025-03-21,7139,東京高圧山崎,TOKYO PRO MARKET（内国株式）,卸売業,,,,,,,,NO_QUOTE
2025-03-21,7140,ペットゴー,グロース（内国株式）,小売業,974,974,956,972,2,0.206186,6200,OK
2025-03-21,7148,ＦＰＧ,プライム（内国株式）,証券･商品先物取引業,2456,2500,2441,2478,30,1.22549,458900,OK
2025-03-21,7150,島根銀行,スタンダード（内国株式）,銀行業,497,502,495,500,4,0.806452,21200,OK
2025-03-21,7157,ライフネット生命保険,グロース（内国株式）,保険業,1775,1777,1726,1750,-32,-1.795735,176300,OK
2025-03-21,7161,じもとホールディングス,スタンダード（内国株式）,銀行業,324,336,324,336,12,3.703704,47000,OK
2025-03-21,7162,アストマックス,スタンダード（内国株式）,証券･商品先物取引業,249,252,249,252,2,0.8,14100,OK
2025-03-21,7163,住信ＳＢＩネット銀行,スタンダード（内国株式）,銀行業,4170,4450,4130,4400,215,5.137395,1636300,OK
2025-03-21,7164,全国保証,プライム（内国株式）,その他金融業,5999,6058,5990,6056,-2,-0.033014,341600,OK
2025-03-21,7167,めぶきフィナンシャルグループ,プライム（内国株式）,銀行業,727,748.9,727,746.6,20.1,2.76669,5297700,OK
2025-03-21,7170,中央インターナショナルグループ,TOKYO PRO MARKET（内国株式）,保険業,,,,,,,,NO_QUOTE
2025-03-21,7172,ジャパンインベストメントアドバイザー,プライム（内国株式）,証券･商品先物取引業,1932,1985,1919,1954,17,0.877646,450200,OK
2025-03-21,7173,東京きらぼしフィナンシャルグループ,プライム（内国株式）,銀行業,5840,6200,5840,6070,610,11.172161,394400,OK
2025-03-21,7175,今村証券,スタンダード（内国株式）,証券･商品先物取引業,1185,1186,1157,1186,5,0.42337,18000,OK
2025-03-21,7176,シンプレクス・ファイナンシャル・ホールディングス,TOKYO PRO MARKET（内国株式）,証券･商品先物取引業,,,,,,,,NO_QUOTE
2025-03-21,7177,ＧＭＯフィナンシャルホールディングス,スタンダード（内国株式）,証券･商品先物取引業,794,807,787,799,17,2.173913,608500,OK
2025-03-21,7180,九州フィナンシャルグループ,プライム（内国株式）,銀行業,759.7,785.4,758.9,780.1,24.2,3.201482,2214900,OK
2025-03-21,7181,かんぽ生命保険,プライム（内国株式）,保険業,3125,3156,3116,3140,-1,-0.031837,892900,OK
2025-03-21,7182,ゆうちょ銀行,プライム（内国株式）,銀行業,1585.5,1630,1581,1630,50.5,3.197214,32830100,OK
2025-03-21,7183,あんしん保証,スタンダード（内国株式）,その他金融業,151,152,150,150,-1,-0.662252,30200,OK
2025-03-21,7184,富山第一銀行,プライム（内国株式）,銀行業,1068,1107,1068,1104,34,3.17757,196300,OK
2025-03-21,7185,ヒロセ通商,スタンダード（内国株式）,証券･商品先物取引業,4120,4210,4120,4195,85,2.068127,11000,OK
2025-03-21,7186,コンコルディア・フィナンシャルグループ,プライム（内国株式）,銀行業,1002,1045,1002,1035.5,34,3.394908,5689200,OK
2025-03-21,7187,ジェイリース,プライム（内国株式）,その他金融業,1417,1427,1409,1411,-9,-0.633803,100100,OK
2025-03-21,7189,西日本フィナンシャルホールディングス,プライム（内国株式）,銀行業,2102,2196,2102,2181,77,3.659696,780400,OK
2025-03-21,7191,イントラスト,スタンダード（内国株式）,その他金融業,815,819,809,814,0,0,38700,OK
2025-03-21,7192,日本モーゲージサービス,スタンダード（内国株式）,その他金融業,462,469,462,469,10,2.178649,58600,OK
2025-03-21,7196,Ｃａｓａ,スタンダード（内国株式）,その他金融業,834,839,832,834,0,0,20100,OK
2025-03-21,7198,ＳＢＩアルヒ,プライム（内国株式）,その他金融業,868,869,854,862,-11,-1.260023,104300,OK
2025-03-21,7199,プレミアグループ,プライム（内国株式）,その他金融業,2172,2176,2095,2097,-108,-4.897959,490500,OK
2025-03-21,7201,日産自動車,プライム（内国株式）,輸送用機器,426.2,432.7,420.7,423,-6,-1.398601,33194400,OK
2025-03-21,7202,いすゞ自動車,プライム（内国株式）,輸送用機器,1991.5,2036,1986,2025.5,7.5,0.371655,3178200,OK
2025-03-21,7203,トヨタ自動車,プライム（内国株式）,輸送用機器,2851,2890,2838,2844.5,-47.5,-1.642462,29746000,OK
2025-03-21,7205,日野自動車,プライム（内国株式）,輸送用機器,474.8,483.1,473,473.6,-8.5,-1.76312,3528100,OK
2025-03-21,7208,カネミツ,スタンダード（内国株式）,輸送用機器,861,866,861,863,-2,-0.231214,2700,OK
2025-03-21,7211,三菱自動車工業,プライム（内国株式）,輸送用機器,458,465.8,441.4,443.1,-1.3,-0.292529,19519200,OK
2025-03-21,7212,エフテック,スタンダード（内国株式）,輸送用機器,575,586,575,580,5,0.869565,115400,OK
2025-03-21,7213,レシップホールディングス,スタンダード（内国株式）,輸送用機器,499,502,498,502,4,0.803213,15900,OK
2025-03-21,7214,ＧＭＢ,スタンダード（内国株式）,輸送用機器,957,971,948,970,12,1.25261,17800,OK
2025-03-21,7215,ファルテック,スタンダード（内国株式）,輸送用機器,440,442,440,440,0,0,1800,OK
2025-03-21,7217,テイン,スタンダード（内国株式）,輸送用機器,805,809,805,809,7,0.872818,2000,OK
2025-03-21,7218,田中精密工業,スタンダード（内国株式）,輸送用機器,1047,1069,1047,1058,11,1.050621,4500,OK
2025-03-21,7219,エッチ・ケー・エス,スタンダード（内国株式）,輸送用機器,2026,2050,2026,2050,10,0.490196,1000,OK
2025-03-21,7220,武蔵精密工業,プライム（内国株式）,輸送用機器,2861,2957,2812,2825,14,0.498043,1296200,OK
2025-03-21,7222,日産車体,スタンダード（内国株式）,輸送用機器,1067,1079,1060,1070,0,0,63400,OK
2025-03-21,7224,新明和工業,プライム（内国株式）,輸送用機器,1483,1508,1473,1493,9,0.606469,268200,OK
2025-03-21,7226,極東開発工業,プライム（内国株式）,輸送用機器,2540,2561,2535,2545,-6,-0.235202,357800,OK
2025-03-21,7228,デイトナ,スタンダード（内国株式）,輸送用機器,3580,3620,3530,3585,35,0.985915,6200,OK
2025-03-21,7229,ユタカ技研,スタンダード（内国株式）,輸送用機器,2286,2327,2276,2302,41,1.813357,28200,OK
2025-03-21,7231,トピー工業,プライム（内国株式）,輸送用機器,2313,2323,2308,2310,-15,-0.645161,44200,OK
2025-03-21,7235,東京ラヂエーター製造,スタンダード（内国株式）,輸送用機器,988,988,962,980,-7,-0.70922,245400,OK
2025-03-21,7236,ティラド,プライム（内国株式）,輸送用機器,3980,4005,3920,3920,-55,-1.383648,19700,OK
2025-03-21,7238,曙ブレーキ工業,プライム（内国株式）,輸送用機器,120,121,118,119,-1,-0.833333,991800,OK
2025-03-21,7239,タチエス,プライム（内国株式）,輸送用機器,1825,1835,1816,1819,-6,-0.328767,151900,OK
2025-03-21,7240,ＮＯＫ,プライム（内国株式）,輸送用機器,2373,2395.5,2368,2369,4.5,0.190315,499000,OK
2025-03-21,7241,フタバ産業,プライム（内国株式）,輸送用機器,832,844,828,828,-12,-1.428571,197700,OK
2025-03-21,7242,カヤバ,プライム（内国株式）,輸送用機器,3040,3075,3025,3065,20,0.656814,168900,OK
2025-03-21,7244,市光工業,プライム（内国株式）,電気機器,407,424,396,403,-3,-0.738916,442000,OK
2025-03-21,7245,大同メタル工業,プライム（内国株式）,輸送用機器,526,527,517,517,-13,-2.45283,189700,OK
2025-03-21,7246,プレス工業,プライム（内国株式）,輸送用機器,601,604,596,600,-2,-0.332226,417300,OK
2025-03-21,7247,ミクニ,スタンダード（内国株式）,輸送用機器,315,320,315,319,2,0.630915,75500,OK
2025-03-21,7250,太平洋工業,プライム（内国株式）,輸送用機器,1453,1456,1431,1439,-10,-0.690131,161500,OK
2025-03-21,7254,ユニバンス,スタンダード（内国株式）,輸送用機器,408,410,407,410,2,0.490196,27700,OK
2025-03-21,7255,桜井製作所,スタンダード（内国株式）,輸送用機器,592,596,590,596,-1,-0.167504,3000,OK
2025-03-21,7256,河西工業,スタンダード（内国株式）,輸送用機器,113,114,111,111,-3,-2.631579,129300,OK
2025-03-21,7259,アイシン,プライム（内国株式）,輸送用機器,1874.5,1906,1865,1865.5,-13,-0.692042,8647100,OK
2025-03-21,7261,マツダ,プライム（内国株式）,輸送用機器,1078.5,1091,1071.5,1072.5,-15,-1.37931,6202000,OK
2025-03-21,7264,ムロコーポレーション,スタンダード（内国株式）,輸送用機器,1227,1260,1225,1238,16,1.309329,8800,OK
2025-03-21,7265,エイケン工業,スタンダード（内国株式）,輸送用機器,3220,3250,3205,3210,-35,-1.078582,1300,OK
2025-03-21,7266,今仙電機製作所,スタンダード（内国株式）,輸送用機器,641,665,637,658,14,2.173913,67400,OK
2025-03-21,7267,本田技研工業,プライム（内国株式）,輸送用機器,1493.5,1524.5,1491,1503,-12.5,-0.82481,21187900,OK
2025-03-21,7268,タツミ,スタンダード（内国株式）,輸送用機器,351,355,349,349,-5,-1.412429,63500,OK
2025-03-21,7269,スズキ,プライム（内国株式）,輸送用機器,1867,1912.5,1856.5,1882.5,1,0.053149,7198100,OK
2025-03-21,7270,ＳＵＢＡＲＵ,プライム（内国株式）,輸送用機器,2851,2946,2831,2891,-48,-1.633209,4362600,OK
2025-03-21,7271,安永,スタンダード（内国株式）,輸送用機器,578,578,546,546,-13,-2.325581,64500,OK
2025-03-21,7272,ヤマハ発動機,プライム（内国株式）,輸送用機器,1220,1244.5,1220,1225.5,-15.5,-1.248993,3724800,OK
2025-03-21,7273,イクヨ,スタンダード（内国株式）,輸送用機器,3615,3615,3550,3565,-20,-0.55788,10800,OK
2025-03-21,7276,小糸製作所,プライム（内国株式）,電気機器,2005,2043.5,2000.5,2034.5,38,1.903331,1766700,OK
2025-03-21,7277,ＴＢＫ,スタンダード（内国株式）,輸送用機器,316,324,316,323,8,2.539683,121600,OK
2025-03-21,7278,エクセディ,プライム（内国株式）,輸送用機器,4785,5020,4765,4790,10,0.209205,804700,OK
2025-03-21,7279,ハイレックスコーポレーション,スタンダード（内国株式）,輸送用機器,1684,1684,1652,1674,-9,-0.534759,23000,OK
2025-03-21,7280,ミツバ,プライム（内国株式）,電気機器,868,880,865,865,-18,-2.038505,212500,OK
2025-03-21,7282,豊田合成,プライム（内国株式）,輸送用機器,2717,2769.5,2712,2733,-8.5,-0.310049,367000,OK
2025-03-21,7283,愛三工業,プライム（内国株式）,輸送用機器,2112,2168,2112,2140,15,0.705882,224500,OK
2025-03-21,7284,盟和産業,スタンダード（内国株式）,輸送用機器,1144,1150,1111,1120,-25,-2.183406,44900,OK
2025-03-21,7287,日本精機,スタンダード（内国株式）,輸送用機器,1233,1252,1222,1244,0,0,165900,OK
2025-03-21,7291,日本プラスト,スタンダード（内国株式）,輸送用機器,352,354,352,354,2,0.568182,20800,OK
2025-03-21,7292,村上開明堂,スタンダード（内国株式）,輸送用機器,6260,6320,5750,5750,-220,-3.685092,178200,OK
2025-03-21,7294,ヨロズ,プライム（内国株式）,輸送用機器,1086,1093,1070,1070,-19,-1.74472,89800,OK
2025-03-21,7296,エフ・シー・シー,プライム（内国株式）,輸送用機器,3300,3350,3295,3330,30,0.909091,208500,OK
2025-03-21,7297,カーメイト,スタンダード（内国株式）,輸送用機器,875,879,871,875,10,1.156069,2400,OK
2025-03-21,7299,フジオーゼックス,スタンダード（内国株式）,輸送用機器,1479,1480,1453,1453,3,0.206897,29700,OK
2025-03-21,7305,新家工業,スタンダード（内国株式）,鉄鋼,4885,4900,4835,4850,-20,-0.410678,62900,OK
2025-03-21,7309,シマノ,プライム（内国株式）,輸送用機器,22430,22565,22065,22160,-390,-1.72949,479200,OK
2025-03-21,7313,テイ・エス　テック,プライム（内国株式）,輸送用機器,1769,1791,1768,1773,-1.5,-0.084531,496600,OK
2025-03-21,7314,小田原機器,スタンダード（内国株式）,輸送用機器,1003,1005,1003,1003,-1,-0.099602,2700,OK
2025-03-21,7317,松屋アールアンドディ,グロース（内国株式）,輸送用機器,678,684,678,680,1,0.147275,3400,OK
2025-03-21,7318,セレンディップ・ホールディングス,グロース（内国株式）,輸送用機器,1820,1845,1820,1842,30,1.655629,8100,OK
2025-03-21,7320,Ｓｏｌｖｖｙ,グロース（内国株式）,その他金融業,2893,2952,2877,2949,70,2.4314,28600,OK
2025-03-21,7322,三十三フィナンシャルグループ,プライム（内国株式）,銀行業,2397,2528,2389,2526,129,5.381727,105400,OK
2025-03-21,7325,アイリックコーポレーション,グロース（内国株式）,保険業,674,680,670,680,10,1.492537,4800,OK
2025-03-21,7326,ＳＢＩインシュアランスグループ,グロース（内国株式）,保険業,1147,1151,1138,1146,0,0,46000,OK
2025-03-21,7327,第四北越フィナンシャルグループ,プライム（内国株式）,銀行業,3270,3415,3270,3385,105,3.20122,436100,OK
2025-03-21,7337,ひろぎんホールディングス,プライム（内国株式）,銀行業,1263,1298.5,1263,1293,26,2.052092,1074800,OK
2025-03-21,7343,ブロードマインド,グロース（内国株式）,保険業,1215,1224,1211,1212,-14,-1.141925,59500,OK
2025-03-21,7345,アイ・パートナーズフィナンシャル,グロース（内国株式）,その他金融業,560,596,560,596,26,4.561404,12500,OK
2025-03-21,7347,マーキュリアホールディングス,プライム（内国株式）,証券･商品先物取引業,799,801,790,799,0,0,50800,OK
2025-03-21,7350,おきなわフィナンシャルグループ,プライム（内国株式）,銀行業,2619,2715,2617,2697,82,3.135755,88300,OK
2025-03-21,7351,グッドパッチ,グロース（内国株式）,サービス業,686,710,650,665,-11,-1.627219,344900,OK
2025-03-21,7352,ＴＷＯＳＴＯＮＥ＆Ｓｏｎｓ,グロース（内国株式）,サービス業,1097,1099,1059,1088,5,0.461681,150600,OK
2025-03-21,7353,ＫＩＹＯラーニング,グロース（内国株式）,サービス業,800,804,782,782,-22,-2.736318,15100,OK
2025-03-21,7354,ダイレクトマーケティングミックス,プライム（内国株式）,サービス業,283,285,281,283,-5,-1.736111,72000,OK
2025-03-21,7355,一寸房,TOKYO PRO MARKET（内国株式）,サービス業,,,,,,,,NO_QUOTE
2025-03-21,7356,Ｒｅｔｔｙ,グロース（内国株式）,サービス業,152,163,151,151,-1,-0.657895,92500,OK
2025-03-21,7357,ジオコード,スタンダード（内国株式）,サービス業,666,666,659,661,4,0.608828,2100,OK
2025-03-21,7358,ポピンズ,スタンダード（内国株式）,サービス業,1054,1150,1050,1149,105,10.057471,80700,OK
2025-03-21,7359,東京通信グループ,グロース（内国株式）,サービス業,265,268,261,263,0,0,52500,OK
2025-03-21,7360,オンデック,グロース（内国株式）,サービス業,961,970,961,967,4,0.415369,1000,OK
2025-03-21,7361,ヒューマンクリエイションホールディングス,グロース（内国株式）,サービス業,1269,1269,1235,1244,-25,-1.970055,25000,OK
2025-03-21,7362,Ｔ．Ｓ．Ｉ,グロース（内国株式）,サービス業,849,850,842,843,-8,-0.940071,3600,OK
2025-03-21,7363,ベビーカレンダー,グロース（内国株式）,サービス業,1211,1242,1210,1242,27,2.222222,1000,OK
2025-03-21,7364,琉球アスティーダスポーツクラブ,TOKYO PRO MARKET（内国株式）,サービス業,,,,,,,,NO_QUOTE
2025-03-21,7366,ＬＩＴＡＬＩＣＯ,プライム（内国株式）,サービス業,1096,1096,1078,1092,-5,-0.455789,68800,OK
2025-03-21,7367,セルム,スタンダード（内国株式）,サービス業,364,364,359,359,0,0,3600,OK
2025-03-21,7368,表示灯,スタンダード（内国株式）,サービス業,1615,1630,1613,1624,9,0.557276,2400,OK
2025-03-21,7369,メイホーホールディングス,グロース（内国株式）,サービス業,1898,1930,1890,1890,2,0.105932,1600,OK
2025-03-21,7370,Ｅｎｊｉｎ,グロース（内国株式）,サービス業,756,770,756,766,7,0.922266,9100,OK
2025-03-21,7371,Ｚｅｎｋｅｎ,グロース（内国株式）,サービス業,585,585,580,580,-5,-0.854701,5800,OK
2025-03-21,7372,デコルテ・ホールディングス,グロース（内国株式）,サービス業,328,348,328,330,2,0.609756,21600,OK
2025-03-21,7373,アイドマ・ホールディングス,グロース（内国株式）,サービス業,1700,1714,1680,1697,-3,-0.176471,21700,OK
2025-03-21,7374,コンフィデンス・インターワークス,グロース（内国株式）,サービス業,1543,1555,1542,1552,10,0.648508,3800,OK
2025-03-21,7375,リファインバースグループ,グロース（内国株式）,サービス業,826,837,826,837,-2,-0.238379,1100,OK
2025-03-21,7376,ＢＣＣ,グロース（内国株式）,サービス業,,,,,,,,NO_QUOTE
2025-03-21,7377,ＤＮホールディングス,スタンダード（内国株式）,サービス業,1910,1912,1893,1901,-6,-0.31463,3100,OK
2025-03-21,7378,アシロ,グロース（内国株式）,サービス業,1895,1926,1827,1857,0,0,246300,OK
2025-03-21,7379,サーキュレーション,グロース（内国株式）,サービス業,656,657,643,645,-3,-0.462963,10900,OK
2025-03-21,7380,十六フィナンシャルグループ,プライム（内国株式）,銀行業,4995,5190,4995,5160,170,3.406814,165200,OK
2025-03-21,7381,北國フィナンシャルホールディングス,プライム（内国株式）,銀行業,5760,6000,5760,5950,190,3.298611,63400,OK
2025-03-21,7383,ネットプロテクションズホールディングス,プライム（内国株式）,その他金融業,495,495,478,479,-8,-1.64271,1149700,OK
2025-03-21,7384,プロクレアホールディングス,プライム（内国株式）,銀行業,1788,1849,1788,1849,68,3.81808,118400,OK
2025-03-21,7386,ジャパンワランティサポート,グロース（内国株式）,その他金融業,3340,3345,3335,3340,0,0,7900,OK
2025-03-21,7388,ＦＰパートナー,プライム（内国株式）,保険業,2592,2664,2583,2629,40,1.544998,283100,OK
2025-03-21,7389,あいちフィナンシャルグループ,プライム（内国株式）,銀行業,2910,2986,2910,2965,63,2.170917,141200,OK
2025-03-21,7399,ナンシン,スタンダード（内国株式）,輸送用機器,565,577,565,567,8,1.431127,1100,OK
2025-03-21,7408,ジャムコ,プライム（内国株式）,輸送用機器,1793,1796,1791,1796,4,0.223214,242200,OK
2025-03-21,7409,ＡｅｒｏＥｄｇｅ,グロース（内国株式）,輸送用機器,2388,2556,2380,2499,161,6.886228,28700,OK
2025-03-21,7412,アトム,スタンダード（内国株式）,小売業,670,675,667,670,1,0.149477,288600,OK
2025-03-21,7413,創健社,スタンダード（内国株式）,卸売業,2590,2595,2590,2595,5,0.19305,400,OK
2025-03-21,7414,小野建,プライム（内国株式）,卸売業,1535,1548,1532,1544,10,0.65189,133100,OK
2025-03-21,7416,はるやまホールディングス,スタンダード（内国株式）,小売業,650,659,649,655,1,0.152905,25800,OK
2025-03-21,7417,南陽,スタンダード（内国株式）,卸売業,1230,1245,1230,1245,21,1.715686,18400,OK
2025-03-21,7419,ノジマ,プライム（内国株式）,小売業,2510,2525,2440,2510,11,0.440176,299500,OK
2025-03-21,7420,佐鳥電機,プライム（内国株式）,卸売業,1745,1753,1735,1746,-7,-0.399315,36600,OK
2025-03-21,7421,カッパ・クリエイト,プライム（内国株式）,小売業,1529,1535,1526,1530,2,0.13089,78200,OK
2025-03-21,7422,東邦レマック,スタンダード（内国株式）,卸売業,434,438,432,438,9,2.097902,2900,OK
2025-03-21,7425,初穂商事,スタンダード（内国株式）,卸売業,1700,1703,1700,1700,15,0.890208,300,OK
2025-03-21,7426,山大,スタンダード（内国株式）,卸売業,1198,1228,1198,1211,5,0.414594,7100,OK
2025-03-21,7427,エコートレーディング,スタンダード（内国株式）,卸売業,870,871,855,868,3,0.346821,14300,OK
2025-03-21,7433,伯東,プライム（内国株式）,卸売業,4570,4570,4490,4490,-80,-1.750547,110700,OK
2025-03-21,7434,オータケ,スタンダード（内国株式）,卸売業,1798,1811,1793,1794,-4,-0.222469,2100,OK
2025-03-21,7435,ナ・デックス,スタンダード（内国株式）,卸売業,875,877,871,875,-2,-0.22805,13400,OK
2025-03-21,7438,コンドーテック,プライム（内国株式）,卸売業,1407,1417,1402,1414,5,0.354862,112400,OK
2025-03-21,7442,中山福,スタンダード（内国株式）,卸売業,400,400,398,399,1,0.251256,36400,OK
2025-03-21,7443,横浜魚類,スタンダード（内国株式）,卸売業,615,619,614,619,5,0.814332,13900,OK
2025-03-21,7444,ハリマ共和物産,スタンダード（内国株式）,卸売業,1982,1999,1982,1998,3,0.150376,2000,OK
2025-03-21,7445,ライトオン,スタンダード（内国株式）,小売業,209,212,208,208,-1,-0.478469,41900,OK
2025-03-21,7446,東北化学薬品,スタンダード（内国株式）,卸売業,,,,,,,,NO_QUOTE
2025-03-21,7447,ナガイレーベン,プライム（内国株式）,卸売業,1988,2012,1988,1998,-5,-0.249626,31800,OK
2025-03-21,7450,サンデー,スタンダード（内国株式）,小売業,1099,1099,1092,1095,-4,-0.363967,1800,OK
2025-03-21,7451,三菱食品,スタンダード（内国株式）,卸売業,5070,5080,5040,5040,-30,-0.591716,58100,OK
2025-03-21,7453,良品計画,プライム（内国株式）,小売業,4012,4044,3954,3954,-58,-1.445663,2639600,OK
2025-03-21,7455,パリミキホールディングス,スタンダード（内国株式）,小売業,294,299,292,295,4,1.37457,53600,OK
2025-03-21,7456,松田産業,プライム（内国株式）,卸売業,3600,3635,3570,3590,-5,-0.139082,62400,OK
2025-03-21,7458,第一興商,プライム（内国株式）,卸売業,1701.5,1725,1700,1700,-21.5,-1.248911,532300,OK
2025-03-21,7459,メディパルホールディングス,プライム（内国株式）,卸売業,2343,2386.5,2341,2386.5,56.5,2.424893,802900,OK
2025-03-21,7460,ヤギ,スタンダード（内国株式）,卸売業,2111,2180,2109,2148,18,0.84507,18500,OK
2025-03-21,7461,キムラ,スタンダード（内国株式）,卸売業,480,480,478,479,0,0,1300,OK
2025-03-21,7462,ＣＡＰＩＴＡ,スタンダード（内国株式）,小売業,343,343,330,332,-16,-4.597701,22100,OK
2025-03-21,7463,アドヴァングループ,スタンダード（内国株式）,小売業,910,922,910,920,8,0.877193,43300,OK
2025-03-21,7464,セフテック,スタンダード（内国株式）,卸売業,1870,1870,1867,1867,7,0.376344,300,OK
2025-03-21,7466,ＳＰＫ,プライム（内国株式）,卸売業,2146,2149,2126,2144,-5,-0.232666,10600,OK
2025-03-21,7467,萩原電気ホールディングス,プライム（内国株式）,卸売業,3495,3525,3485,3495,-10,-0.285307,20100,OK
2025-03-21,7472,鳥羽洋行,スタンダード（内国株式）,卸売業,3720,3725,3710,3720,5,0.13459,700,OK
2025-03-21,7475,アルビス,プライム（内国株式）,小売業,2823,2854,2821,2840,2,0.070472,38900,OK
2025-03-21,7476,アズワン,プライム（内国株式）,卸売業,2407.5,2431,2378.5,2384,-23.5,-0.976116,144400,OK
2025-03-21,7477,ムラキ,スタンダード（内国株式）,卸売業,1400,1400,1330,1335,-65,-4.642857,3300,OK
2025-03-21,7480,スズデン,スタンダード（内国株式）,卸売業,1975,1975,1958,1958,-21,-1.061142,16600,OK
2025-03-21,7481,尾家産業,スタンダード（内国株式）,卸売業,2063,2063,2054,2056,-3,-0.145702,6400,OK
2025-03-21,7482,シモジマ,プライム（内国株式）,卸売業,1345,1356,1338,1338,-14,-1.035503,33300,OK
2025-03-21,7483,ドウシシャ,プライム（内国株式）,卸売業,2091,2135,2091,2125,17,0.806452,168200,OK
2025-03-21,7486,サンリン,スタンダード（内国株式）,卸売業,666,668,664,668,3,0.451128,5600,OK
2025-03-21,7487,小津産業,スタンダード（内国株式）,卸売業,1755,1763,1752,1760,5,0.2849,5000,OK
2025-03-21,7490,日新商事,スタンダード（内国株式）,卸売業,905,909,905,905,0,0,3500,OK
2025-03-21,7494,コナカ,スタンダード（内国株式）,小売業,241,243,240,242,3,1.25523,56800,OK
2025-03-21,7500,西川計測,スタンダード（内国株式）,卸売業,8040,8040,8040,8040,0,0,300,OK
2025-03-21,7501,ティムコ,スタンダード（内国株式）,卸売業,808,808,797,799,-20,-2.442002,4900,OK
2025-03-21,7502,プラザホールディングス,スタンダード（内国株式）,サービス業,1850,1862,1850,1862,12,0.648649,1900,OK
2025-03-21,7504,高速,プライム（内国株式）,卸売業,2153,2224,2153,2214,59,2.737819,78200,OK
2025-03-21,7505,扶桑電通,スタンダード（内国株式）,卸売業,1722,1722,1713,1713,-9,-0.522648,500,OK
2025-03-21,7506,ハウス　オブ　ローゼ,スタンダード（内国株式）,小売業,1490,1490,1487,1488,1,0.067249,6300,OK
2025-03-21,7508,Ｇ‐７ホールディングス,プライム（内国株式）,小売業,1354,1383,1348,1354,-13,-0.950988,73100,OK
2025-03-21,7509,アイエーグループ,スタンダード（内国株式）,小売業,3320,3325,3320,3320,5,0.15083,400,OK
2025-03-21,7510,たけびし,プライム（内国株式）,卸売業,1860,1880,1860,1875,-2,-0.106553,80600,OK
2025-03-21,7512,イオン北海道,スタンダード（内国株式）,小売業,852,854,845,845,-9,-1.053864,158600,OK
2025-03-21,7513,コジマ,プライム（内国株式）,小売業,1039,1042,1033,1033,-8,-0.768492,103600,OK
2025-03-21,7514,ヒマラヤ,スタンダード（内国株式）,小売業,822,822,819,820,-2,-0.243309,12100,OK
2025-03-21,7515,マルヨシセンター,スタンダード（内国株式）,小売業,3970,4040,3970,3970,-70,-1.732673,400,OK
2025-03-21,7516,コーナン商事,プライム（内国株式）,小売業,3695,3735,3675,3720,25,0.67659,64000,OK
2025-03-21,7520,エコス,プライム（内国株式）,小売業,2120,2130,2110,2123,3,0.141509,13900,OK
2025-03-21,7521,ムサシ,スタンダード（内国株式）,卸売業,1750,1770,1750,1770,13,0.739898,20500,OK
2025-03-21,7522,ワタミ,プライム（内国株式）,小売業,1046,1057,1046,1054,-4,-0.378072,98900,OK
2025-03-21,7523,アールビバン,スタンダード（内国株式）,小売業,1041,1042,1038,1042,3,0.288739,15700,OK
2025-03-21,7524,マルシェ,スタンダード（内国株式）,小売業,182,220,181,190,8,4.395604,751500,OK
2025-03-21,7525,リックス,プライム（内国株式）,卸売業,3160,3220,3150,3220,30,0.940439,19700,OK
2025-03-21,7527,システムソフト,スタンダード（内国株式）,情報･通信業,80,81,78,78,-3,-3.703704,1327700,OK
2025-03-21,7531,清和中央ホールディングス,スタンダード（内国株式）,卸売業,1339,1339,1339,1339,4,0.299625,100,OK
2025-03-21,7532,パン・パシフィック・インターナショナルホールディングス,プライム（内国株式）,小売業,4040,4135,4038,4083,9,0.220913,1383800,OK
2025-03-21,7537,丸文,プライム（内国株式）,卸売業,1043,1047,1036,1040,-4,-0.383142,72700,OK
2025-03-21,7538,大水,スタンダード（内国株式）,卸売業,338,338,337,337,-1,-0.295858,11800,OK
2025-03-21,7539,アイナボホールディングス,スタンダード（内国株式）,卸売業,634,637,629,630,-4,-0.630915,10300,OK
2025-03-21,7544,スリーエフ,スタンダード（内国株式）,小売業,431,466,430,448,17,3.944316,92300,OK
2025-03-21,7545,西松屋チェーン,プライム（内国株式）,小売業,2038,2055,2030,2030,-5,-0.2457,127200,OK
2025-03-21,7550,ゼンショーホールディングス,プライム（内国株式）,小売業,8577,8610,8516,8526,-18,-0.210674,432500,OK
2025-03-21,7551,ウェッズ,スタンダード（内国株式）,輸送用機器,628,631,626,630,3,0.478469,9100,OK
2025-03-21,7552,ハピネット,プライム（内国株式）,卸売業,5280,5500,5220,5450,140,2.636535,273400,OK
2025-03-21,7554,幸楽苑,プライム（内国株式）,小売業,1087,1098,1079,1079,-3,-0.277264,651900,OK
2025-03-21,7555,大田花き,スタンダード（内国株式）,卸売業,747,750,747,750,0,0,1300,OK
2025-03-21,7559,ジーエフシー,スタンダード（内国株式）,卸売業,2006,2006,2005,2006,0,0,12000,OK
2025-03-21,7561,ハークスレイ,スタンダード（内国株式）,小売業,705,740,704,719,18,2.56776,60700,OK
2025-03-21,7562,安楽亭,スタンダード（内国株式）,小売業,7300,7350,7300,7340,40,0.547945,5100,OK
2025-03-21,7564,ワークマン,スタンダード（内国株式）,小売業,4180,4250,4180,4185,20,0.480192,133000,OK
2025-03-21,7565,萬世電機,スタンダード（内国株式）,卸売業,4235,4235,4235,4235,40,0.953516,100,OK
2025-03-21,7567,栄電子,スタンダード（内国株式）,卸売業,468,476,468,476,9,1.927195,19300,OK
2025-03-21,7570,橋本総業ホールディングス,スタンダード（内国株式）,卸売業,1292,1295,1282,1290,-8,-0.616333,9600,OK
2025-03-21,7571,ヤマノホールディングス,スタンダード（内国株式）,小売業,65,66,65,65,-1,-1.515152,159800,OK
2025-03-21,7575,日本ライフライン,プライム（内国株式）,卸売業,1571,1585,1571,1576,5,0.318269,152200,OK
2025-03-21,7578,ニチリョク,スタンダード（内国株式）,小売業,139,173,128,131,-6,-4.379562,1815000,OK
2025-03-21,7581,サイゼリヤ,プライム（内国株式）,小売業,4465,4490,4430,4435,-60,-1.334816,281600,OK
2025-03-21,7585,かんなん丸,スタンダード（内国株式）,小売業,416,420,415,415,2,0.484262,10200,OK
2025-03-21,7590,タカショー,スタンダード（内国株式）,卸売業,410,413,408,412,1,0.243309,24000,OK
2025-03-21,7593,ＶＴホールディングス,プライム（内国株式）,小売業,512,515,510,511,-6,-1.160542,307100,OK
2025-03-21,7595,アルゴグラフィックス,プライム（内国株式）,情報･通信業,5120,5200,5040,5160,30,0.584795,22000,OK
2025-03-21,7596,魚力,プライム（内国株式）,小売業,2460,2470,2454,2454,-18,-0.728155,6800,OK
2025-03-21,7599,ＩＤＯＭ,プライム（内国株式）,卸売業,1209,1232,1209,1209,-8,-0.657354,340100,OK
2025-03-21,7600,日本エム・ディ・エム,プライム（内国株式）,精密機器,601,605,596,598,-2,-0.333333,617700,OK
2025-03-21,7601,ポプラ,スタンダード（内国株式）,小売業,204,205,202,202,-1,-0.492611,55100,OK
2025-03-21,7602,レダックス,スタンダード（内国株式）,卸売業,147,147,145,147,2,1.37931,7100,OK
2025-03-21,7603,マックハウス,スタンダード（内国株式）,小売業,184,186,183,183,-1,-0.543478,16900,OK
2025-03-21,7604,梅の花,スタンダード（内国株式）,小売業,860,860,852,855,2,0.234467,7200,OK
2025-03-21,7605,フジ・コーポレーション,プライム（内国株式）,小売業,2021,2069,2021,2053,2,0.097513,15800,OK
2025-03-21,7606,ユナイテッドアローズ,プライム（内国株式）,小売業,2143,2177,2132,2154,21,0.984529,176700,OK
2025-03-21,7607,進和,プライム（内国株式）,卸売業,3060,3080,3020,3045,-45,-1.456311,18600,OK
2025-03-21,7608,エスケイジャパン,スタンダード（内国株式）,卸売業,780,780,771,779,-1,-0.128205,16000,OK
2025-03-21,7609,ダイトロン,プライム（内国株式）,卸売業,3280,3295,3250,3295,15,0.457317,17000,OK
2025-03-21,7610,テイツー,スタンダード（内国株式）,小売業,124,126,124,125,1,0.806452,583700,OK
2025-03-21,7611,ハイデイ日高,プライム（内国株式）,小売業,2853,2892,2853,2884,15,0.52283,71200,OK
2025-03-21,7613,シークス,プライム（内国株式）,卸売業,1097,1113,1097,1099,-4,-0.362647,353600,OK
2025-03-21,7614,オーエムツーネットワーク,スタンダード（内国株式）,小売業,1442,1446,1431,1446,-3,-0.207039,2000,OK
2025-03-21,7615,京都きもの友禅ホールディングス,スタンダード（内国株式）,小売業,97,98,95,97,0,0,159100,OK
2025-03-21,7616,コロワイド,プライム（内国株式）,小売業,1735,1752.5,1731,1748,12.5,0.720254,472100,OK
2025-03-21,7619,田中商事,スタンダード（内国株式）,卸売業,683,689,680,687,7,1.029412,4600,OK
2025-03-21,7621,うかい,スタンダード（内国株式）,小売業,3565,3575,3565,3565,-10,-0.27972,400,OK
2025-03-21,7623,サンオータス,スタンダード（内国株式）,小売業,833,833,833,833,0,0,23900,OK
2025-03-21,7624,ＮａＩＴＯ,スタンダード（内国株式）,卸売業,127,129,127,129,2,1.574803,79500,OK
2025-03-21,7625,グローバルダイニング,スタンダード（内国株式）,小売業,365,369,361,363,-2,-0.547945,3900,OK
2025-03-21,7628,オーハシテクニカ,プライム（内国株式）,卸売業,2020,2023,1980,1985,-35,-1.732673,13800,OK
2025-03-21,7630,壱番屋,プライム（内国株式）,小売業,958,961,955,961,-1,-0.10395,162900,OK
2025-03-21,7634,星医療酸器,スタンダード（内国株式）,卸売業,4435,4500,4435,4500,65,1.465614,1500,OK
2025-03-21,7635,杉田エース,スタンダード（内国株式）,卸売業,1317,1321,1315,1315,9,0.689127,1000,OK
2025-03-21,7636,ハンズマン,スタンダード（内国株式）,小売業,815,816,811,816,1,0.122699,15300,OK
2025-03-21,7637,白銅,プライム（内国株式）,卸売業,2358,2360,2338,2359,17,0.725875,15300,OK
2025-03-21,7638,ＮＥＷ　ＡＲＴ　ＨＯＬＤＩＮＧＳ,スタンダード（内国株式）,小売業,1633,1633,1580,1584,-53,-3.23763,50200,OK
2025-03-21,7640,トップカルチャー,スタンダード（内国株式）,小売業,144,189,143,158,15,10.48951,2836200,OK
2025-03-21,7643,ダイイチ,スタンダード（内国株式）,小売業,1359,1368,1359,1368,9,0.662252,4000,OK
2025-03-21,7646,ＰＬＡＮＴ,スタンダード（内国株式）,小売業,1503,1519,1503,1504,-8,-0.529101,8500,OK
2025-03-21,7649,スギホールディングス,プライム（内国株式）,小売業,2801,2810.5,2768.5,2777.5,-33.5,-1.191747,547600,OK
2025-03-21,7670,オーウエル,スタンダード（内国株式）,卸売業,991,996,990,996,5,0.504541,4200,OK
2025-03-21,7673,ダイコー通産,スタンダード（内国株式）,卸売業,1438,1460,1426,1460,24,1.671309,6400,OK
2025-03-21,7674,ＮＡＴＴＹ　ＳＷＡＮＫＹホールディングス,グロース（内国株式）,小売業,3230,3235,3200,3215,-5,-0.15528,11600,OK
2025-03-21,7677,ヤシマキザイ,スタンダード（内国株式）,卸売業,,,,,,,,NO_QUOTE
2025-03-21,7678,あさくま,スタンダード（内国株式）,小売業,4000,4035,4000,4000,10,0.250627,2800,OK
2025-03-21,7679,薬王堂ホールディングス,プライム（内国株式）,小売業,1896,1910,1892,1903,10,0.528262,16500,OK
2025-03-21,7680,軽自動車館,TOKYO PRO MARKET（内国株式）,小売業,,,,,,,,NO_QUOTE
2025-03-21,7681,レオクラン,スタンダード（内国株式）,卸売業,800,815,798,815,14,1.747815,4700,OK
2025-03-21,7682,浜木綿,スタンダード（内国株式）,小売業,4370,4375,4355,4360,0,0,2300,OK
2025-03-21,7683,ダブルエー,プライム（内国株式）,小売業,1208,1230,1207,1228,26,2.163062,28500,OK
2025-03-21,7685,ＢｕｙＳｅｌｌ　Ｔｅｃｈｎｏｌｏｇｉｅｓ,グロース（内国株式）,卸売業,2573,2600,2509,2536,-29,-1.130604,47800,OK
2025-03-21,7686,カクヤスグループ,スタンダード（内国株式）,小売業,514,514,510,514,0,0,14300,OK
2025-03-21,7687,ミクリード,グロース（内国株式）,卸売業,490,497,490,497,7,1.428571,10800,OK
2025-03-21,7689,コパ・コーポレーション,グロース（内国株式）,卸売業,525,526,522,523,-2,-0.380952,5000,OK
2025-03-21,7690,カレント自動車,TOKYO PRO MARKET（内国株式）,卸売業,,,,,,,,NO_QUOTE
2025-03-21,7691,Ｃ　Ｃｈａｎｎｅｌ,TOKYO PRO MARKET（内国株式）,小売業,,,,,,,,NO_QUOTE
2025-03-21,7692,アースインフィニティ,スタンダード（内国株式）,電気･ガス業,113,120,109,115,5,4.545455,6099000,OK
2025-03-21,7693,北海道歯科産業,TOKYO PRO MARKET（内国株式）,卸売業,,,,,,,,NO_QUOTE
2025-03-21,7694,いつも,グロース（内国株式）,小売業,413,425,410,410,-3,-0.726392,8900,OK
2025-03-21,7695,交換できるくん,グロース（内国株式）,小売業,2921,2960,2921,2960,27,0.920559,2100,OK
2025-03-21,7698,アイスコ,スタンダード（内国株式）,卸売業,1835,1839,1831,1839,8,0.43692,4000,OK
2025-03-21,7701,島津製作所,プライム（内国株式）,精密機器,3954,4009,3954,3999,36,0.908403,890800,OK
2025-03-21,7702,ＪＭＳ,スタンダード（内国株式）,精密機器,492,492,481,486,0,0,55500,OK
2025-03-21,7707,プレシジョン・システム・サイエンス,グロース（内国株式）,精密機器,230,233,230,231,0,0,47300,OK
2025-03-21,7709,クボテック,スタンダード（内国株式）,精密機器,186,222,185,188,2,1.075269,1760100,OK
2025-03-21,7711,助川電気工業,スタンダード（内国株式）,精密機器,1960,1997,1904,1930,-13,-0.669068,103600,OK
2025-03-21,7713,シグマ光機,スタンダード（内国株式）,精密機器,1400,1410,1396,1406,6,0.428571,10800,OK
2025-03-21,7715,長野計器,プライム（内国株式）,精密機器,1992,2065,1981,2039,46,2.308078,145100,OK
2025-03-21,7716,ナカニシ,スタンダード（内国株式）,精密機器,2184,2253,2180,2237,51,2.333028,306400,OK
2025-03-21,7717,ブイ・テクノロジー,プライム（内国株式）,精密機器,2383,2396,2352,2362,-17,-0.714586,52400,OK
2025-03-21,7718,スター精密,プライム（内国株式）,機械,2040,2109,2031,2091,36,1.751825,231700,OK
2025-03-21,7719,東京衡機,スタンダード（内国株式）,精密機器,194,195,190,190,1,0.529101,56900,OK
2025-03-21,7721,東京計器,プライム（内国株式）,精密機器,3700,3750,3655,3750,30,0.806452,255100,OK
2025-03-21,7722,国際計測器,スタンダード（内国株式）,精密機器,641,642,638,642,1,0.156006,31900,OK
2025-03-21,7723,愛知時計電機,プライム（内国株式）,精密機器,2088,2088,2041,2060,-28,-1.340996,16600,OK
2025-03-21,7725,インターアクション,プライム（内国株式）,精密機器,1259,1267,1254,1257,1,0.079618,33000,OK
2025-03-21,7726,黒田精工,スタンダード（内国株式）,機械,998,1014,998,1006,2,0.199203,14700,OK
2025-03-21,7727,オーバル,スタンダード（内国株式）,精密機器,433,449,433,445,7,1.598174,133100,OK
2025-03-21,7729,東京精密,プライム（内国株式）,精密機器,8450,8637,8420,8579,119,1.406619,324500,OK
2025-03-21,7730,マニー,プライム（内国株式）,精密機器,1358,1367.5,1343.5,1363,-22.5,-1.623962,1395700,OK
2025-03-21,7731,ニコン,プライム（内国株式）,精密機器,1652.5,1655,1633,1646,6,0.365854,3106900,OK
2025-03-21,7732,トプコン,プライム（内国株式）,精密機器,2893.5,2915.5,2871,2873,-28,-0.965184,247800,OK
2025-03-21,7733,オリンパス,プライム（内国株式）,精密機器,1954,1964,1931,1950,-50,-2.5,9230000,OK
2025-03-21,7734,理研計器,プライム（内国株式）,精密機器,2862,2902,2840,2864,-30,-1.036628,139100,OK
2025-03-21,7735,ＳＣＲＥＥＮホールディングス,プライム（内国株式）,電気機器,10975,11180,10825,10855,-105,-0.958029,1429500,OK
2025-03-21,7739,キヤノン電子,プライム（内国株式）,電気機器,2552,2560,2533,2541,-9,-0.352941,64000,OK
2025-03-21,7740,タムロン,プライム（内国株式）,精密機器,3600,3625,3585,3590,-35,-0.965517,170400,OK
2025-03-21,7741,ＨＯＹＡ,プライム（内国株式）,精密機器,17275,17640,17220,17575,145,0.831899,1361300,OK
2025-03-21,7743,シード,プライム（内国株式）,精密機器,529,532,523,529,2,0.379507,102900,OK
2025-03-21,7744,ノーリツ鋼機,プライム（内国株式）,精密機器,5010,5090,4980,5000,25,0.502513,113600,OK
2025-03-21,7745,Ａ＆Ｄホロンホールディングス,プライム（内国株式）,精密機器,1947,1951,1932,1934,-13,-0.667694,58100,OK
2025-03-21,7746,岡本硝子,スタンダード（内国株式）,精密機器,185,185,179,182,-2,-1.086957,207400,OK
2025-03-21,7747,朝日インテック,プライム（内国株式）,精密機器,2375.5,2416.5,2372,2400.5,28,1.18019,676200,OK
2025-03-21,7749,メディキット,スタンダード（内国株式）,精密機器,2669,2679,2669,2679,10,0.374672,1800,OK
2025-03-21,7751,キヤノン,プライム（内国株式）,電気機器,4901,4914,4845,4864,-52,-1.057771,3632700,OK
2025-03-21,7752,リコー,プライム（内国株式）,電気機器,1628.5,1657,1628.5,1655,17.5,1.068702,3393400,OK
2025-03-21,7760,ＩＭＶ,スタンダード（内国株式）,精密機器,1670,1716,1664,1670,-20,-1.183432,143300,OK
2025-03-21,7762,シチズン時計,プライム（内国株式）,精密機器,941,949,939,943,0,0,1005500,OK
2025-03-21,7769,リズム,プライム（内国株式）,精密機器,3780,3780,3665,3665,-45,-1.212938,7700,OK
2025-03-21,7771,日本精密,スタンダード（内国株式）,精密機器,74,76,74,76,1,1.333333,104400,OK
2025-03-21,7774,ジャパン・ティッシュエンジニアリング,グロース（内国株式）,精密機器,450,466,445,447,-1,-0.223214,99800,OK
2025-03-21,7775,大研医器,スタンダード（内国株式）,精密機器,504,506,502,502,-2,-0.396825,29700,OK
2025-03-21,7776,セルシード,グロース（内国株式）,精密機器,378,394,377,381,6,1.6,728100,OK
2025-03-21,7777,スリー・ディー・マトリックス,グロース（内国株式）,精密機器,137,139,134,136,1,0.740741,1014600,OK
2025-03-21,7779,ＣＹＢＥＲＤＹＮＥ,グロース（内国株式）,精密機器,187,188,185,185,-2,-1.069519,462600,OK
2025-03-21,7780,メニコン,プライム（内国株式）,精密機器,1313,1331,1308,1326,-3,-0.225734,404200,OK
2025-03-21,7781,平山ホールディングス,スタンダード（内国株式）,精密機器,1031,1044,1020,1020,3,0.294985,17000,OK
2025-03-21,7782,シンシア,スタンダード（内国株式）,精密機器,490,494,484,485,-9,-1.821862,7100,OK
2025-03-21,7791,ドリームベッド,スタンダード（内国株式）,その他製品,825,825,811,811,-14,-1.69697,800,OK
2025-03-21,7792,コラントッテ,グロース（内国株式）,その他製品,1158,1186,1156,1170,22,1.916376,14900,OK
2025-03-21,7793,イメージ・マジック,グロース（内国株式）,その他製品,1331,1331,1315,1324,-8,-0.600601,900,OK
2025-03-21,7794,イーディーピー,グロース（内国株式）,その他製品,695,704,678,678,-12,-1.73913,106900,OK
2025-03-21,7795,ＫＹＯＲＩＴＳＵ,スタンダード（内国株式）,その他製品,167,167,166,167,0,0,57200,OK
2025-03-21,7800,アミファ,スタンダード（内国株式）,その他製品,609,609,608,608,-1,-0.164204,900,OK
2025-03-21,7803,ブシロード,グロース（内国株式）,その他製品,557,562,549,561,6,1.081081,391400,OK
2025-03-21,7804,ビーアンドピー,スタンダード（内国株式）,その他製品,2177,2233,2175,2233,56,2.572347,7700,OK
2025-03-21,7805,プリントネット,スタンダード（内国株式）,その他製品,632,650,630,643,11,1.740506,10800,OK
2025-03-21,7806,ＭＴＧ,グロース（内国株式）,その他製品,2530,2586,2525,2580,29,1.136809,67900,OK
2025-03-21,7807,幸和製作所,スタンダード（内国株式）,その他製品,845,852,845,852,8,0.947867,3100,OK
2025-03-21,7808,シー・エス・ランバー,スタンダード（内国株式）,その他製品,2833,2855,2832,2843,-1,-0.035162,1000,OK
2025-03-21,7809,壽屋,スタンダード（内国株式）,その他製品,1370,1419,1370,1389,39,2.888889,36200,OK
2025-03-21,7810,クロスフォー,スタンダード（内国株式）,その他製品,176,176,168,172,-1,-0.578035,59400,OK
2025-03-21,7811,中本パックス,スタンダード（内国株式）,その他製品,1713,1725,1713,1722,9,0.525394,11500,OK
2025-03-21,7812,クレステック,スタンダード（内国株式）,その他製品,1844,1850,1827,1827,-18,-0.97561,3200,OK
2025-03-21,7813,プラッツ,スタンダード（内国株式）,その他製品,772,774,766,774,14,1.842105,14300,OK
2025-03-21,7814,日本創発グループ,スタンダード（内国株式）,その他製品,479,486,478,486,3,0.621118,8700,OK
2025-03-21,7815,東京ボード工業,スタンダード（内国株式）,その他製品,583,603,583,587,4,0.686106,1400,OK
2025-03-21,7817,パラマウントベッドホールディングス,プライム（内国株式）,その他製品,2566,2645,2564,2600,15,0.580271,320900,OK
2025-03-21,7818,トランザクション,プライム（内国株式）,その他製品,2278,2362,2278,2340,62,2.721686,71400,OK
2025-03-21,7819,粧美堂,スタンダード（内国株式）,その他製品,555,574,554,574,21,3.797468,30100,OK
2025-03-21,7820,ニホンフラッシュ,プライム（内国株式）,その他製品,823,827,819,827,3,0.364078,16100,OK
2025-03-21,7821,前田工繊,プライム（内国株式）,その他製品,1872,1945,1871,1923,63,3.387097,203300,OK
2025-03-21,7822,永大産業,スタンダード（内国株式）,その他製品,216,219,215,219,3,1.388889,41200,OK
2025-03-21,7823,アートネイチャー,スタンダード（内国株式）,その他製品,782,787,780,784,-5,-0.633714,24000,OK
2025-03-21,7826,フルヤ金属,プライム（内国株式）,その他製品,2910,2919,2850,2850,-42,-1.452282,197800,OK
2025-03-21,7827,オービス,スタンダード（内国株式）,その他製品,1372,1388,1372,1375,-6,-0.434468,1500,OK
2025-03-21,7831,ウイルコホールディングス,スタンダード（内国株式）,その他製品,116,141,116,138,23,20,720200,OK
2025-03-21,7832,バンダイナムコホールディングス,プライム（内国株式）,その他製品,5094,5297,5082,5241,183,3.618031,6246600,OK
2025-03-21,7833,アイフィスジャパン,スタンダード（内国株式）,その他製品,545,548,540,541,1,0.185185,27400,OK
2025-03-21,7836,アビックス,スタンダード（内国株式）,その他製品,100,103,100,101,2,2.020202,399500,OK
2025-03-21,7837,アールシーコア,スタンダード（内国株式）,その他製品,333,342,333,342,6,1.785714,28800,OK
2025-03-21,7839,ＳＨＯＥＩ,プライム（内国株式）,その他製品,1815,1819,1803,1803,-19,-1.04281,307900,OK
2025-03-21,7840,フランスベッドホールディングス,プライム（内国株式）,その他製品,1310,1329,1310,1322,1,0.0757,82400,OK
2025-03-21,7841,遠藤製作所,スタンダード（内国株式）,その他製品,1287,1295,1280,1280,-11,-0.852053,3000,OK
2025-03-21,7844,マーベラス,プライム（内国株式）,情報･通信業,501,503,497,500,-1,-0.199601,96900,OK
2025-03-21,7846,パイロットコーポレーション,プライム（内国株式）,その他製品,4272,4278,4227,4248,-53,-1.232272,78700,OK
2025-03-21,7847,グラファイトデザイン,スタンダード（内国株式）,その他製品,766,776,766,772,4,0.520833,5700,OK
2025-03-21,7849,スターツ出版,スタンダード（内国株式）,情報･通信業,3920,3920,3735,3795,-55,-1.428571,4900,OK
2025-03-21,7850,総合商研,スタンダード（内国株式）,その他製品,937,939,925,930,-15,-1.587302,7100,OK
2025-03-21,7851,カワセコンピュータサプライ,スタンダード（内国株式）,その他製品,250,252,247,249,1,0.403226,17000,OK
2025-03-21,7856,萩原工業,プライム（内国株式）,その他製品,1526,1530,1522,1525,2,0.13132,35800,OK
2025-03-21,7857,セキ,スタンダード（内国株式）,その他製品,1345,1346,1340,1340,-5,-0.371747,400,OK
2025-03-21,7859,アルメディオ,スタンダード（内国株式）,その他製品,305,309,302,307,1,0.326797,76000,OK
2025-03-21,7860,エイベックス,プライム（内国株式）,情報･通信業,1321,1332,1312,1326,-7,-0.525131,114900,OK
2025-03-21,7863,平賀,スタンダード（内国株式）,その他製品,1031,1031,1031,1031,-3,-0.290135,100,OK
2025-03-21,7864,フジシールインターナショナル,プライム（内国株式）,その他製品,2789,2824,2784,2784,-3,-0.107643,222600,OK
2025-03-21,7865,ピープル,スタンダード（内国株式）,その他製品,556,562,545,562,0,0,8700,OK
2025-03-21,7867,タカラトミー,プライム（内国株式）,その他製品,3564,3616,3493,3568,4,0.112233,2594500,OK
2025-03-21,7868,広済堂ホールディングス,プライム（内国株式）,その他製品,550,550,543,548,-2,-0.363636,301300,OK
2025-03-21,7871,フクビ化学工業,スタンダード（内国株式）,化学,816,831,815,831,9,1.094891,10700,OK
2025-03-21,7872,エステールホールディングス,スタンダード（内国株式）,その他製品,619,620,618,619,0,0,6900,OK
2025-03-21,7874,レック,プライム（内国株式）,化学,1272,1284,1272,1280,-4,-0.311526,65100,OK
2025-03-21,7875,竹田ｉＰホールディングス,スタンダード（内国株式）,その他製品,1005,1008,1000,1007,-1,-0.099206,4600,OK
2025-03-21,7877,永大化工,スタンダード（内国株式）,化学,1590,1590,1590,1590,-2,-0.125628,200,OK
2025-03-21,7878,光・彩,スタンダード（内国株式）,その他製品,1111,1111,1080,1094,-34,-3.014184,3700,OK
2025-03-21,7879,ノダ,スタンダード（内国株式）,その他製品,711,718,711,718,9,1.269394,12400,OK
2025-03-21,7883,サンメッセ,スタンダード（内国株式）,その他製品,389,391,388,391,3,0.773196,7700,OK
2025-03-21,7885,タカノ,スタンダード（内国株式）,その他製品,739,775,739,755,18,2.442334,23500,OK
2025-03-21,7886,ヤマト　モビリティ　＆　Ｍｆｇ．,スタンダード（内国株式）,化学,945,955,926,926,-34,-3.541667,600,OK
2025-03-21,7887,南海プライウッド,スタンダード（内国株式）,その他製品,5940,5980,5940,5970,30,0.505051,700,OK
2025-03-21,7888,三光合成,プライム（内国株式）,化学,678,687,672,685,5,0.735294,75000,OK
2025-03-21,7893,プロネクサス,プライム（内国株式）,その他製品,1315,1325,1311,1311,-9,-0.681818,51300,OK
2025-03-21,7896,セブン工業,スタンダード（内国株式）,その他製品,547,547,538,540,0,0,4100,OK
2025-03-21,7897,ホクシン,スタンダード（内国株式）,その他製品,107,108,106,108,1,0.934579,59000,OK
2025-03-21,7898,ウッドワン,スタンダード（内国株式）,その他製品,1035,1035,999,1004,-33,-3.182257,25900,OK
2025-03-21,7901,マツモト,スタンダード（内国株式）,その他製品,844,856,841,856,6,0.705882,2600,OK
2025-03-21,7902,ソノコム,スタンダード（内国株式）,その他製品,861,869,861,863,-7,-0.804598,1100,OK
2025-03-21,7906,ヨネックス,スタンダード（内国株式）,その他製品,2392,2412,2351,2377,10,0.422476,1197800,OK
2025-03-21,7908,きもと,スタンダード（内国株式）,化学,307,309,303,305,-2,-0.651466,308300,OK
2025-03-21,7911,ＴＯＰＰＡＮホールディングス,プライム（内国株式）,その他製品,4292,4338,4268,4304,69,1.62928,1424700,OK
2025-03-21,7912,大日本印刷,プライム（内国株式）,その他製品,2205.5,2216.5,2182,2186,-22,-0.996377,1935300,OK
2025-03-21,7914,共同印刷,プライム（内国株式）,その他製品,4390,4430,4355,4430,40,0.911162,9800,OK
2025-03-21,7915,ＮＩＳＳＨＡ,プライム（内国株式）,その他製品,1465,1476,1452,1467,-7,-0.474898,192000,OK
2025-03-21,7916,光村印刷,スタンダード（内国株式）,その他製品,1349,1378,1335,1352,3,0.222387,6500,OK
2025-03-21,7917,ＺＡＣＲＯＳ,プライム（内国株式）,化学,4345,4380,4330,4350,-25,-0.571429,25000,OK
2025-03-21,7918,ヴィア・ホールディングス,スタンダード（内国株式）,小売業,130,130,127,127,-2,-1.550388,198100,OK
2025-03-21,7919,野崎印刷紙業,スタンダード（内国株式）,その他製品,175,176,173,174,0,0,23500,OK
2025-03-21,7921,ＴＡＫＡＲＡ　＆　ＣＯＭＰＡＮＹ,プライム（内国株式）,その他製品,3125,3235,3110,3205,80,2.56,26300,OK
2025-03-21,7922,三光産業,スタンダード（内国株式）,その他製品,400,401,399,401,1,0.25,4200,OK
2025-03-21,7923,トーイン,スタンダード（内国株式）,その他製品,686,700,676,687,4,0.585652,2700,OK
2025-03-21,7925,前澤化成工業,プライム（内国株式）,化学,1874,1874,1862,1865,-10,-0.533333,10300,OK
2025-03-21,7927,ムトー精工,スタンダード（内国株式）,化学,1682,1692,1682,1688,3,0.178042,20500,OK
2025-03-21,7928,旭化学工業,スタンダード（内国株式）,化学,600,600,600,600,0,0,1200,OK
2025-03-21,7931,未来工業,プライム（内国株式）,化学,3780,3810,3690,3715,-95,-2.493438,18500,OK
2025-03-21,7932,ニッピ,スタンダード（内国株式）,その他製品,5910,5940,5840,5880,-20,-0.338983,3500,OK
2025-03-21,7936,アシックス,プライム（内国株式）,その他製品,3277,3295,3193,3198,-30,-0.929368,5748600,OK
2025-03-21,7937,ツツミ,スタンダード（内国株式）,その他製品,2378,2378,2356,2361,-14,-0.589474,6800,OK
2025-03-21,7938,リーガルコーポレーション,スタンダード（内国株式）,その他製品,2590,2707,2590,2602,21,0.813638,15300,OK
2025-03-21,7939,研創,スタンダード（内国株式）,その他製品,557,558,556,557,2,0.36036,4800,OK
2025-03-21,7940,ウェーブロックホールディングス,スタンダード（内国株式）,化学,603,609,603,609,5,0.827815,51200,OK
2025-03-21,7942,ＪＳＰ,プライム（内国株式）,化学,2124,2132,2117,2130,4,0.188147,55600,OK
2025-03-21,7943,ニチハ,プライム（内国株式）,ガラス･土石製品,3150,3170,3110,3110,-20,-0.638978,44500,OK
2025-03-21,7944,ローランド,プライム（内国株式）,その他製品,3840,3895,3835,3880,30,0.779221,44100,OK
2025-03-21,7946,光陽社,スタンダード（内国株式）,その他製品,1486,1489,1486,1489,9,0.608108,300,OK
2025-03-21,7947,エフピコ,プライム（内国株式）,化学,2883,2911,2879,2890,5,0.17331,128700,OK
2025-03-21,7949,小松ウオール工業,プライム（内国株式）,その他製品,1519,1529,1518,1529,3,0.196592,10700,OK
2025-03-21,7951,ヤマハ,プライム（内国株式）,その他製品,1249,1253.5,1235.5,1240.5,12,0.976801,3173000,OK
2025-03-21,7952,河合楽器製作所,プライム（内国株式）,その他製品,3255,3255,3175,3195,-65,-1.993865,11400,OK
2025-03-21,7953,菊水化学工業,スタンダード（内国株式）,その他製品,393,395,387,391,-1,-0.255102,19300,OK
2025-03-21,7955,クリナップ,プライム（内国株式）,その他製品,686,687,677,686,-2,-0.290698,36900,OK
2025-03-21,7956,ピジョン,プライム（内国株式）,その他製品,1839,1847.5,1785,1795.5,-47.5,-2.57732,1438600,OK
2025-03-21,7957,フジコピアン,スタンダード（内国株式）,その他製品,1481,1481,1481,1481,2,0.135227,200,OK
2025-03-21,7958,天馬,プライム（内国株式）,化学,3620,3625,3600,3600,-25,-0.689655,71100,OK
2025-03-21,7962,キングジム,プライム（内国株式）,その他製品,860,862,856,861,1,0.116279,32000,OK
2025-03-21,7963,興研,スタンダード（内国株式）,その他製品,1643,1667,1643,1665,23,1.400731,9300,OK
2025-03-21,7965,象印マホービン,プライム（内国株式）,電気機器,1560,1578,1558,1564,-15,-0.949968,114100,OK
2025-03-21,7966,リンテック,プライム（内国株式）,その他製品,2861,2891,2861,2877,-6,-0.208117,161700,OK
2025-03-21,7970,信越ポリマー,プライム（内国株式）,化学,1590,1594,1578,1578,-18,-1.12782,126800,OK
2025-03-21,7971,東リ,スタンダード（内国株式）,化学,477,477,470,472,-5,-1.048218,268200,OK
2025-03-21,7972,イトーキ,プライム（内国株式）,その他製品,1723,1729,1700,1705,-18,-1.044689,163700,OK
2025-03-21,7974,任天堂,プライム（内国株式）,その他製品,10750,10905,10675,10895,345,3.270142,6406700,OK
2025-03-21,7975,リヒトラブ,スタンダード（内国株式）,その他製品,1132,1132,1121,1132,-3,-0.264317,1000,OK
2025-03-21,7976,三菱鉛筆,プライム（内国株式）,その他製品,2685,2698,2652,2655,-37,-1.374443,78200,OK
2025-03-21,7979,松風,プライム（内国株式）,精密機器,2050,2078,2049,2078,32,1.564027,92900,OK
2025-03-21,7980,重松製作所,スタンダード（内国株式）,その他製品,834,840,830,830,1,0.120627,10700,OK
2025-03-21,7981,タカラスタンダード,プライム（内国株式）,その他製品,1817,1834,1817,1820,2,0.110011,64300,OK
2025-03-21,7983,ミロク,スタンダード（内国株式）,その他製品,1116,1116,1106,1106,-16,-1.426025,400,OK
2025-03-21,7984,コクヨ,プライム（内国株式）,その他製品,2844.5,2880,2842,2874.5,28,0.983664,361800,OK
2025-03-21,7985,ネポン,スタンダード（内国株式）,金属製品,,,,,,,,NO_QUOTE
2025-03-21,7986,日本アイ・エス・ケイ,スタンダード（内国株式）,その他製品,1493,1494,1477,1494,1,0.066979,3200,OK
2025-03-21,7987,ナカバヤシ,スタンダード（内国株式）,その他製品,542,547,541,547,3,0.551471,49500,OK
2025-03-21,7988,ニフコ,プライム（内国株式）,化学,3800,3844,3779,3830,9,0.23554,216500,OK
2025-03-21,7989,立川ブラインド工業,プライム（内国株式）,金属製品,1500,1507,1497,1501,1,0.066667,18500,OK
2025-03-21,7990,グローブライド,プライム（内国株式）,その他製品,1983,2007,1980,1984,-13,-0.650976,159000,OK
2025-03-21,7991,マミヤ・オーピー,スタンダード（内国株式）,機械,1586,1605,1584,1600,16,1.010101,207900,OK
2025-03-21,7992,セーラー万年筆,スタンダード（内国株式）,その他製品,104,105,102,102,-2,-1.923077,39600,OK
2025-03-21,7994,オカムラ,プライム（内国株式）,その他製品,2031,2061,2031,2033,3,0.147783,187300,OK
2025-03-21,7995,バルカー,プライム（内国株式）,化学,3315,3330,3300,3300,-15,-0.452489,30500,OK
2025-03-21,7997,くろがね工作所,スタンダード（内国株式）,その他製品,868,873,860,865,6,0.698487,6900,OK
2025-03-21,7999,ＭＵＴＯＨホールディングス,スタンダード（内国株式）,電気機器,3200,3200,3160,3200,55,1.748808,6700,OK
2025-03-21,8001,伊藤忠商事,プライム（内国株式）,卸売業,7243,7379,7214,7249,-144,-1.947788,7220500,OK
2025-03-21,8002,丸紅,プライム（内国株式）,卸売業,2567.5,2587,2540,2545.5,-43,-1.661194,9131400,OK
2025-03-21,8005,スクロール,プライム（内国株式）,小売業,1035,1036,1028,1031,-6,-0.578592,219900,OK
2025-03-21,8006,ユアサ・フナショク,スタンダード（内国株式）,卸売業,4140,4140,4070,4105,-25,-0.605327,500,OK
2025-03-21,8007,高島,プライム（内国株式）,卸売業,1357,1374,1334,1339,-18,-1.326455,265500,OK
2025-03-21,8008,ヨンドシーホールディングス,プライム（内国株式）,小売業,1812,1826,1806,1824,10,0.551268,73400,OK
2025-03-21,8011,三陽商会,プライム（内国株式）,繊維製品,2880,2934,2866,2918,30,1.038781,103100,OK
2025-03-21,8012,長瀬産業,プライム（内国株式）,卸売業,2802,2836,2801,2822.5,23.5,0.839586,431000,OK
2025-03-21,8013,ナイガイ,スタンダード（内国株式）,繊維製品,251,261,247,256,12,4.918033,89600,OK
2025-03-21,8014,蝶理,プライム（内国株式）,卸売業,3130,3185,3110,3175,35,1.11465,38100,OK
2025-03-21,8015,豊田通商,プライム（内国株式）,卸売業,2671.5,2721.5,2670,2672,-49.5,-1.81885,3605200,OK
2025-03-21,8016,オンワードホールディングス,プライム（内国株式）,繊維製品,549,554,548,549,0,0,703500,OK
2025-03-21,8018,三共生興,スタンダード（内国株式）,卸売業,656,670,656,665,0,0,77200,OK
2025-03-21,8020,兼松,プライム（内国株式）,卸売業,2668.5,2675,2651,2651,-12,-0.45062,439500,OK
2025-03-21,8022,美津濃,プライム（内国株式）,その他製品,7950,7970,7850,7870,-120,-1.501877,74700,OK
2025-03-21,8023,大興電子通信,スタンダード（内国株式）,情報･通信業,928,930,922,922,-2,-0.21645,26500,OK
2025-03-21,8025,ツカモトコーポレーション,スタンダード（内国株式）,卸売業,1229,1235,1220,1230,2,0.162866,2300,OK
2025-03-21,8029,ルックホールディングス,スタンダード（内国株式）,繊維製品,2391,2391,2371,2381,-3,-0.125839,5100,OK
2025-03-21,8030,中央魚類,スタンダード（内国株式）,卸売業,3485,3555,3485,3505,0,0,7600,OK
2025-03-21,8031,三井物産,プライム（内国株式）,卸売業,2971.5,3024,2951,2992.5,15.5,0.520658,10293600,OK
2025-03-21,8032,日本紙パルプ商事,プライム（内国株式）,卸売業,610,619,607,615,1,0.162866,465200,OK
2025-03-21,8035,東京エレクトロン,プライム（内国株式）,電気機器,22070,22600,22070,22365,165,0.743243,2918400,OK
2025-03-21,8037,カメイ,プライム（内国株式）,卸売業,2077,2122,2075,2122,43,2.068302,70500,OK
2025-03-21,8038,東都水産,スタンダード（内国株式）,卸売業,7450,7450,7440,7440,0,0,4300,OK
2025-03-21,8039,築地魚市場,スタンダード（内国株式）,卸売業,3770,3835,3765,3795,30,0.796813,6200,OK
2025-03-21,8040,東京ソワール,スタンダード（内国株式）,繊維製品,825,839,825,834,9,1.090909,3300,OK
2025-03-21,8041,ＯＵＧホールディングス,スタンダード（内国株式）,卸売業,3270,3285,3255,3255,-15,-0.458716,5800,OK
2025-03-21,8043,スターゼン,プライム（内国株式）,卸売業,2882,2899,2882,2882,-9,-0.311311,79600,OK
2025-03-21,8045,横浜丸魚,スタンダード（内国株式）,卸売業,1039,1039,1018,1038,0,0,4900,OK
2025-03-21,8046,丸藤シートパイル,スタンダード（内国株式）,卸売業,2888,2903,2875,2878,-10,-0.34626,6700,OK
2025-03-21,8050,セイコーグループ,プライム（内国株式）,精密機器,4330,4410,4325,4350,25,0.578035,118300,OK
2025-03-21,8051,山善,プライム（内国株式）,卸売業,1371,1390,1366,1366,-17,-1.229212,115800,OK
2025-03-21,8052,椿本興業,プライム（内国株式）,卸売業,2188,2197,2175,2194,14,0.642202,21600,OK
2025-03-21,8053,住友商事,プライム（内国株式）,卸売業,3614,3657,3604,3623,-35,-0.956807,4073900,OK
2025-03-21,8056,ＢＩＰＲＯＧＹ,プライム（内国株式）,情報･通信業,4549,4561,4489,4509,-16,-0.353591,237800,OK
2025-03-21,8057,内田洋行,プライム（内国株式）,卸売業,7930,7930,7750,7750,-260,-3.245943,36400,OK
2025-03-21,8058,三菱商事,プライム（内国株式）,卸売業,2780,2816.5,2759,2787,-37.5,-1.327669,19389600,OK
2025-03-21,8059,第一実業,プライム（内国株式）,卸売業,2360,2382,2352,2377,-9,-0.3772,17700,OK
2025-03-21,8060,キヤノンマーケティングジャパン,プライム（内国株式）,卸売業,5046,5158,5046,5146,129,2.571258,374200,OK
2025-03-21,8061,西華産業,プライム（内国株式）,卸売業,4875,4905,4840,4855,-60,-1.220753,88400,OK
2025-03-21,8065,佐藤商事,プライム（内国株式）,卸売業,1570,1585,1555,1578,0,0,16400,OK
2025-03-21,8066,三谷商事,スタンダード（内国株式）,卸売業,2094,2104,2076,2095,-14,-0.663822,4200,OK
2025-03-21,8070,東京産業,プライム（内国株式）,卸売業,730,738,730,737,5,0.68306,32200,OK
2025-03-21,8074,ユアサ商事,プライム（内国株式）,卸売業,4755,4795,4730,4730,-25,-0.525762,32700,OK
2025-03-21,8075,神鋼商事,プライム（内国株式）,卸売業,6180,6220,6150,6200,50,0.813008,23900,OK
2025-03-21,8076,カノークス,スタンダード（内国株式）,卸売業,1849,1870,1845,1851,15,0.816993,17600,OK
2025-03-21,8077,トルク,スタンダード（内国株式）,卸売業,251,254,251,253,0,0,25100,OK
2025-03-21,8078,阪和興業,プライム（内国株式）,卸売業,5210,5360,5180,5280,30,0.571429,102400,OK
2025-03-21,8079,正栄食品工業,プライム（内国株式）,卸売業,4105,4155,4105,4120,-35,-0.842359,65800,OK
2025-03-21,8081,カナデン,プライム（内国株式）,卸売業,1545,1560,1541,1543,-14,-0.899165,48900,OK
2025-03-21,8084,ＲＹＯＤＥＮ,プライム（内国株式）,卸売業,2600,2626,2597,2610,7,0.26892,50900,OK
2025-03-21,8085,ナラサキ産業,スタンダード（内国株式）,卸売業,3045,3045,3045,3045,-35,-1.136364,500,OK
2025-03-21,8086,ニプロ,プライム（内国株式）,精密機器,1339,1350,1337.5,1342.5,-5,-0.371058,376800,OK
2025-03-21,8088,岩谷産業,プライム（内国株式）,卸売業,1581,1600,1579,1581.5,-11,-0.690738,1339700,OK
2025-03-21,8089,ナイス,スタンダード（内国株式）,卸売業,1653,1665,1642,1660,7,0.423472,7200,OK
2025-03-21,8091,ニチモウ,プライム（内国株式）,卸売業,1986,2006,1970,2006,25,1.261989,23300,OK
2025-03-21,8093,極東貿易,プライム（内国株式）,卸売業,1720,1721,1702,1708,-18,-1.042874,58600,OK
2025-03-21,8095,アステナホールディングス,プライム（内国株式）,卸売業,461,463,459,462,1,0.21692,49000,OK
2025-03-21,8097,三愛オブリ,プライム（内国株式）,卸売業,1811,1815,1801,1803,-8,-0.441745,147400,OK
2025-03-21,8098,稲畑産業,プライム（内国株式）,卸売業,3250,3285,3245,3275,10,0.306279,143900,OK
2025-03-21,8101,ＧＳＩクレオス,プライム（内国株式）,卸売業,2128,2146,2125,2143,25,1.180359,30500,OK
2025-03-21,8103,明和産業,プライム（内国株式）,卸売業,738,742,738,738,-4,-0.539084,104300,OK
2025-03-21,8104,クワザワホールディングス,スタンダード（内国株式）,卸売業,615,620,614,615,4,0.654664,25300,OK
2025-03-21,8105,堀田丸正,スタンダード（内国株式）,卸売業,44,45,43,43,-1,-2.272727,89400,OK
2025-03-21,8107,キムラタン,スタンダード（内国株式）,繊維製品,53,57,52,53,0,0,5757900,OK
2025-03-21,8111,ゴールドウイン,プライム（内国株式）,繊維製品,7588,7906,7569,7870,432,5.808013,465700,OK
2025-03-21,8113,ユニ・チャーム,プライム（内国株式）,化学,1181.5,1191.5,1176.5,1180,-3.5,-0.295733,4508900,OK
2025-03-21,8115,ムーンバット,スタンダード（内国株式）,卸売業,1008,1010,1005,1008,0,0,10100,OK
2025-03-21,8117,中央自動車工業,スタンダード（内国株式）,卸売業,5100,5230,5100,5230,150,2.952756,15300,OK
2025-03-21,8118,キング,スタンダード（内国株式）,繊維製品,744,750,734,747,2,0.268456,5800,OK
2025-03-21,8119,三栄コーポレーション,スタンダード（内国株式）,卸売業,963,964,946,958,-2,-0.208333,3700,OK
2025-03-21,8123,川辺,スタンダード（内国株式）,卸売業,1476,1485,1476,1480,2,0.135318,1000,OK
2025-03-21,8125,ワキタ,プライム（内国株式）,卸売業,1820,1820,1787,1794,-26,-1.428571,95500,OK
2025-03-21,8127,ヤマトインターナショナル,スタンダード（内国株式）,繊維製品,336,339,336,339,3,0.892857,15100,OK
2025-03-21,8129,東邦ホールディングス,プライム（内国株式）,卸売業,4297,4364,4297,4318,0,0,160100,OK
2025-03-21,8130,サンゲツ,プライム（内国株式）,卸売業,2979,3000,2964,2966,-13,-0.436388,158300,OK
2025-03-21,8131,ミツウロコグループホールディングス,スタンダード（内国株式）,卸売業,1969,2008,1897,1956,27,1.399689,93900,OK
2025-03-21,8132,シナネンホールディングス,プライム（内国株式）,卸売業,6500,6540,6440,6440,-60,-0.923077,11700,OK
2025-03-21,8133,伊藤忠エネクス,プライム（内国株式）,卸売業,1660,1675,1659,1664,-4,-0.239808,101900,OK
2025-03-21,8135,ゼット,スタンダード（内国株式）,卸売業,440,451,440,450,10,2.272727,32400,OK
2025-03-21,8136,サンリオ,プライム（内国株式）,卸売業,6882,7268,6805,7020,161,2.347281,9707800,OK
2025-03-21,8137,サンワテクノス,プライム（内国株式）,卸売業,2204,2206,2188,2188,-14,-0.635786,123800,OK
2025-03-21,8138,三京化成,スタンダード（内国株式）,卸売業,3480,3515,3480,3515,25,0.716332,700,OK
2025-03-21,8139,ナガホリ,スタンダード（内国株式）,卸売業,1395,1395,1375,1390,2,0.144092,3700,OK
2025-03-21,8141,新光商事,プライム（内国株式）,卸売業,913,917,910,910,-8,-0.87146,42000,OK
2025-03-21,8142,トーホー,プライム（内国株式）,卸売業,3520,3570,3510,3520,-15,-0.424328,50000,OK
2025-03-21,8143,ラピーヌ,スタンダード（内国株式）,繊維製品,217,217,217,217,0,0,1400,OK
2025-03-21,8144,デンキョーグループホールディングス,スタンダード（内国株式）,卸売業,1239,1239,1239,1239,30,2.48139,100,OK
2025-03-21,8147,トミタ,スタンダード（内国株式）,卸売業,1510,1510,1498,1498,-12,-0.794702,1900,OK
2025-03-21,8150,三信電気,プライム（内国株式）,卸売業,2181,2192,2159,2159,-36,-1.640091,107700,OK
2025-03-21,8151,東陽テクニカ,プライム（内国株式）,卸売業,1430,1437,1422,1436,-3,-0.208478,25200,OK
2025-03-21,8152,ソマール,スタンダード（内国株式）,卸売業,7050,7140,7050,7050,0,0,4900,OK
2025-03-21,8153,モスフードサービス,プライム（内国株式）,卸売業,3570,3615,3565,3595,15,0.418994,396500,OK
2025-03-21,8154,加賀電子,プライム（内国株式）,卸売業,2800,2823,2794,2803,-4,-0.142501,106100,OK
2025-03-21,8157,都築電気,プライム（内国株式）,情報･通信業,2365,2379,2355,2370,-8,-0.336417,31100,OK
2025-03-21,8158,ソーダニッカ,プライム（内国株式）,卸売業,1130,1144,1124,1128,-8,-0.704225,74600,OK
2025-03-21,8159,立花エレテック,プライム（内国株式）,卸売業,2601,2610,2571,2572,-45,-1.719526,44500,OK
2025-03-21,8160,木曽路,プライム（内国株式）,小売業,2211,2230,2206,2220,10,0.452489,98400,OK
2025-03-21,8163,ＳＲＳホールディングス,プライム（内国株式）,小売業,1250,1252,1245,1249,3,0.24077,108000,OK
2025-03-21,8165,千趣会,スタンダード（内国株式）,小売業,271,274,270,273,1,0.367647,52900,OK
2025-03-21,8166,タカキュー,スタンダード（内国株式）,小売業,117,119,117,117,0,0,47300,OK
2025-03-21,8167,リテールパートナーズ,プライム（内国株式）,小売業,1345,1358,1321,1353,0,0,151500,OK
2025-03-21,8173,上新電機,プライム（内国株式）,小売業,2230,2271,2230,2248,3,0.13363,296800,OK
2025-03-21,8174,日本瓦斯,プライム（内国株式）,小売業,2305,2328,2305,2305.5,6,0.260926,347200,OK
2025-03-21,8179,ロイヤルホールディングス,プライム（内国株式）,小売業,2617,2633,2601,2616,0,0,90700,OK
2025-03-21,8181,東天紅,スタンダード（内国株式）,小売業,880,893,880,881,1,0.113636,4800,OK
2025-03-21,8185,チヨダ,プライム（内国株式）,小売業,1095,1113,1080,1090,-5,-0.456621,98600,OK
2025-03-21,8194,ライフコーポレーション,プライム（内国株式）,小売業,1900,1919,1896,1907,6,0.315623,172100,OK
2025-03-21,8198,マックスバリュ東海,スタンダード（内国株式）,小売業,3025,3025,3000,3015,-5,-0.165563,13300,OK
2025-03-21,8200,リンガーハット,プライム（内国株式）,小売業,2285,2298,2277,2284,-7,-0.305543,68700,OK
2025-03-21,8202,ラオックスホールディングス,スタンダード（内国株式）,小売業,180,180,177,177,-2,-1.117318,103000,OK
2025-03-21,8203,ＭｒＭａｘＨＤ,プライム（内国株式）,小売業,681,681,671,677,-4,-0.587372,22300,OK
2025-03-21,8207,テンアライド,スタンダード（内国株式）,小売業,281,282,280,281,1,0.357143,102100,OK
2025-03-21,8208,エンチョー,スタンダード（内国株式）,小売業,840,840,836,836,-3,-0.357569,2100,OK
2025-03-21,8209,フレンドリー,スタンダード（内国株式）,小売業,297,299,286,287,-6,-2.047782,9200,OK
2025-03-21,8214,ＡＯＫＩホールディングス,プライム（内国株式）,小売業,1315,1317,1301,1301,-16,-1.214882,210800,OK
2025-03-21,8217,オークワ,プライム（内国株式）,小売業,873,909,868,909,25,2.828054,207800,OK
2025-03-21,8218,コメリ,プライム（内国株式）,小売業,2952,2981,2952,2967,8,0.270362,85000,OK
2025-03-21,8219,青山商事,プライム（内国株式）,小売業,2148,2160,2136,2140,6,0.281162,897300,OK
2025-03-21,8225,タカチホ,スタンダード（内国株式）,卸売業,2996,2996,2970,2995,45,1.525424,500,OK
2025-03-21,8226,理経,スタンダード（内国株式）,卸売業,379,382,361,362,-14,-3.723404,503500,OK
2025-03-21,8227,しまむら,プライム（内国株式）,小売業,8431,8520,8406,8420,-15,-0.17783,340300,OK
2025-03-21,8230,はせがわ,スタンダード（内国株式）,小売業,321,325,320,325,4,1.246106,14900,OK
2025-03-21,8233,高島屋,プライム（内国株式）,小売業,1230,1251,1226,1226,-8.5,-0.688538,2502400,OK
2025-03-21,8237,松屋,プライム（内国株式）,小売業,1028,1044,1028,1032,-2,-0.193424,74700,OK
2025-03-21,8242,エイチ・ツー・オー　リテイリング,プライム（内国株式）,小売業,2273,2340,2272.5,2312.5,39,1.715417,501000,OK
2025-03-21,8244,近鉄百貨店,スタンダード（内国株式）,小売業,2251,2298,2251,2296,40,1.77305,47200,OK
2025-03-21,8247,大和,スタンダード（内国株式）,小売業,416,418,414,417,1,0.240385,1500,OK
2025-03-21,8252,丸井グループ,プライム（内国株式）,小売業,2724,2736.5,2710.5,2717.5,8,0.295257,874800,OK
2025-03-21,8253,クレディセゾン,プライム（内国株式）,その他金融業,3747,3789,3726,3741,8,0.214305,762500,OK
2025-03-21,8254,さいか屋,スタンダード（内国株式）,小売業,398,398,395,398,0,0,1800,OK
2025-03-21,8255,アクシアル　リテイリング,プライム（内国株式）,小売業,1003,1008,996,1006,1,0.099502,168100,OK
2025-03-21,8260,井筒屋,スタンダード（内国株式）,小売業,422,422,416,419,-2,-0.475059,309100,OK
2025-03-21,8267,イオン,プライム（内国株式）,小売業,3782,3809,3719,3719,-81,-2.131579,3516200,OK
2025-03-21,8273,イズミ,プライム（内国株式）,小売業,3111,3152,3111,3136,-11,-0.349539,108900,OK
2025-03-21,8275,フォーバル,スタンダード（内国株式）,卸売業,1502,1542,1493,1537,35,2.330226,3300,OK
2025-03-21,8276,平和堂,プライム（内国株式）,小売業,2518,2537,2502,2530,11,0.436681,97900,OK
2025-03-21,8278,フジ,プライム（内国株式）,小売業,2182,2206,2176,2200,18,0.824931,79500,OK
2025-03-21,8279,ヤオコー,プライム（内国株式）,小売業,9310,9365,9207,9223,-87,-0.934479,72800,OK
2025-03-21,8281,ゼビオホールディングス,プライム（内国株式）,小売業,1247,1266,1246,1258,10,0.801282,184400,OK
2025-03-21,8282,ケーズホールディングス,プライム（内国株式）,小売業,1385,1409,1385,1404,10,0.71736,1808700,OK
2025-03-21,8283,ＰＡＬＴＡＣ,プライム（内国株式）,卸売業,4050,4122,4049,4122,59,1.452129,230400,OK
2025-03-21,8285,三谷産業,スタンダード（内国株式）,卸売業,360,362,356,358,-4,-1.104972,221000,OK
2025-03-21,8289,Ｏｌｙｍｐｉｃグループ,スタンダード（内国株式）,小売業,434,436,433,433,-2,-0.45977,8600,OK
2025-03-21,8291,日産東京販売ホールディングス,スタンダード（内国株式）,小売業,545,550,537,543,-2,-0.366972,296300,OK
2025-03-21,8304,あおぞら銀行,プライム（内国株式）,銀行業,2152,2181.5,2149.5,2170,21.5,1.000698,1623300,OK
2025-03-21,8306,三菱ＵＦＪフィナンシャル・グループ,プライム（内国株式）,銀行業,2125,2239.5,2122.5,2226,120.5,5.723106,139494500,OK
2025-03-21,8308,りそなホールディングス,プライム（内国株式）,銀行業,1371,1430,1369,1428.5,50.5,3.664731,19491400,OK
2025-03-21,8309,三井住友トラストグループ,プライム（内国株式）,銀行業,3947,4058,3945,4047,99,2.507599,3695500,OK
2025-03-21,8316,三井住友フィナンシャルグループ,プライム（内国株式）,銀行業,4024,4140,4024,4129,147,3.691612,29237600,OK
2025-03-21,8331,千葉銀行,プライム（内国株式）,銀行業,1497.5,1531,1491,1515,25,1.677852,3649100,OK
2025-03-21,8334,群馬銀行,プライム（内国株式）,銀行業,1272,1307,1270,1298,26.5,2.084153,1850900,OK
2025-03-21,8336,武蔵野銀行,プライム（内国株式）,銀行業,3320,3415,3320,3375,55,1.656627,78300,OK
2025-03-21,8337,千葉興業銀行,プライム（内国株式）,銀行業,1570,1618,1534,1534,-44,-2.78834,2077100,OK
2025-03-21,8338,筑波銀行,プライム（内国株式）,銀行業,260,273,260,272,12,4.615385,1033600,OK
2025-03-21,8341,七十七銀行,プライム（内国株式）,銀行業,4691,4824,4691,4809,118,2.515455,208600,OK
2025-03-21,8343,秋田銀行,プライム（内国株式）,銀行業,2571,2639,2570,2639,72,2.804831,92400,OK
2025-03-21,8344,山形銀行,プライム（内国株式）,銀行業,1474,1522,1472,1509,34,2.305085,268200,OK
2025-03-21,8345,岩手銀行,プライム（内国株式）,銀行業,3190,3290,3190,3270,80,2.507837,36400,OK
2025-03-21,8346,東邦銀行,プライム（内国株式）,銀行業,350,358,348,355,5,1.428571,1615800,OK
2025-03-21,8349,東北銀行,スタンダード（内国株式）,銀行業,1164,1165,1150,1152,-12,-1.030928,34800,OK
2025-03-21,8354,ふくおかフィナンシャルグループ,プライム（内国株式）,銀行業,4150,4269,4150,4257,133,3.225024,1601900,OK
2025-03-21,8358,スルガ銀行,プライム（内国株式）,銀行業,1368,1414,1366,1405,20,1.444043,1042000,OK
2025-03-21,8359,八十二銀行,プライム（内国株式）,銀行業,1067,1108.5,1067,1105.5,45.5,4.292453,2332700,OK
2025-03-21,8360,山梨中央銀行,プライム（内国株式）,銀行業,2195,2277,2190,2262,109,5.062703,176200,OK
2025-03-21,8361,大垣共立銀行,プライム（内国株式）,銀行業,2380,2457,2379,2442,64,2.691337,189500,OK
2025-03-21,8362,福井銀行,プライム（内国株式）,銀行業,1864,1922,1860,1905,39,2.090032,123600,OK
2025-03-21,8364,清水銀行,プライム（内国株式）,銀行業,1517,1572,1513,1515,11,0.731383,505000,OK
2025-03-21,8365,富山銀行,スタンダード（内国株式）,銀行業,1571,1590,1570,1585,23,1.472471,9200,OK
2025-03-21,8366,滋賀銀行,プライム（内国株式）,銀行業,5000,5340,5000,5290,310,6.2249,256300,OK
2025-03-21,8367,南都銀行,プライム（内国株式）,銀行業,4055,4245,4050,4235,450,11.889036,478400,OK
2025-03-21,8368,百五銀行,プライム（内国株式）,銀行業,754,789,754,784,28,3.703704,1012200,OK
2025-03-21,8370,紀陽銀行,プライム（内国株式）,銀行業,2345,2410,2344,2408,62,2.642796,167100,OK
2025-03-21,8377,ほくほくフィナンシャルグループ,プライム（内国株式）,銀行業,2495,2600,2495,2580,88,3.5313,561600,OK
2025-03-21,8381,山陰合同銀行,プライム（内国株式）,銀行業,1348,1399,1348,1392,44,3.264095,389900,OK
2025-03-21,8383,鳥取銀行,スタンダード（内国株式）,銀行業,1342,1362,1338,1351,14,1.04712,36800,OK
2025-03-21,8386,百十四銀行,プライム（内国株式）,銀行業,3650,3750,3650,3715,65,1.780822,133000,OK
2025-03-21,8387,四国銀行,プライム（内国株式）,銀行業,1231,1262,1231,1262,38,3.104575,167500,OK
2025-03-21,8388,阿波銀行,プライム（内国株式）,銀行業,3030,3060,3020,3030,15,0.497512,134400,OK
2025-03-21,8392,大分銀行,プライム（内国株式）,銀行業,3440,3520,3435,3520,80,2.325581,49300,OK
2025-03-21,8393,宮崎銀行,プライム（内国株式）,銀行業,3390,3480,3390,3465,80,2.363368,49200,OK
2025-03-21,8395,佐賀銀行,プライム（内国株式）,銀行業,2302,2410,2302,2400,88,3.806228,124100,OK
2025-03-21,8399,琉球銀行,プライム（内国株式）,銀行業,1181,1225,1178,1211,31,2.627119,193200,OK
2025-03-21,8410,セブン銀行,プライム（内国株式）,銀行業,293,297.4,291.7,296.2,2.7,0.919932,5935100,OK
2025-03-21,8411,みずほフィナンシャルグループ,プライム（内国株式）,銀行業,4344,4503,4334,4471,134,3.089693,16355000,OK
2025-03-21,8416,高知銀行,スタンダード（内国株式）,銀行業,815,833,809,832,19,2.337023,37200,OK
2025-03-21,8418,山口フィナンシャルグループ,プライム（内国株式）,銀行業,1800,1861,1799.5,1847,57,3.184358,837200,OK
2025-03-21,8424,芙蓉総合リース,プライム（内国株式）,その他金融業,11900,11900,11805,11815,-5,-0.042301,102900,OK
2025-03-21,8425,みずほリース,プライム（内国株式）,その他金融業,1067,1075,1066,1069,3,0.281426,438200,OK
2025-03-21,8439,東京センチュリー,プライム（内国株式）,その他金融業,1520,1545,1513.5,1526.5,-24.5,-1.579626,1067700,OK
2025-03-21,8473,ＳＢＩホールディングス,プライム（内国株式）,証券･商品先物取引業,4290,4393,4285,4346,48,1.116799,2160000,OK
2025-03-21,8508,Ｊトラスト,スタンダード（内国株式）,その他金融業,443,449,439,444,2,0.452489,287800,OK
2025-03-21,8511,日本証券金融,プライム（内国株式）,その他金融業,1854,1869,1850,1869,15,0.809061,222700,OK
2025-03-21,8515,アイフル,プライム（内国株式）,その他金融業,356,360,356,358,0,0,1154000,OK
2025-03-21,8518,日本アジア投資,スタンダード（内国株式）,証券･商品先物取引業,270,284,266,268,-1,-0.371747,397500,OK
2025-03-21,8522,名古屋銀行,プライム（内国株式）,銀行業,7980,8240,7980,8230,300,3.783102,72000,OK
2025-03-21,8524,北洋銀行,プライム（内国株式）,銀行業,536,558,535,556,20,3.731343,2475100,OK
2025-03-21,8537,大光銀行,スタンダード（内国株式）,銀行業,1441,1476,1441,1475,38,2.644398,57800,OK
2025-03-21,8541,愛媛銀行,プライム（内国株式）,銀行業,1126,1160,1126,1160,36,3.202847,242100,OK
2025-03-21,8542,トマト銀行,スタンダード（内国株式）,銀行業,1230,1236,1226,1228,5,0.408831,41200,OK
2025-03-21,8544,京葉銀行,プライム（内国株式）,銀行業,880,917,878,913,35,3.986333,585100,OK
2025-03-21,8550,栃木銀行,プライム（内国株式）,銀行業,311,329,310,326,10,3.164557,1096000,OK
2025-03-21,8551,北日本銀行,プライム（内国株式）,銀行業,3375,3470,3370,3450,80,2.373887,21400,OK
2025-03-21,8558,東和銀行,プライム（内国株式）,銀行業,657,665,655,664,8,1.219512,178000,OK
2025-03-21,8562,福島銀行,スタンダード（内国株式）,銀行業,223,227,222,225,3,1.351351,189400,OK
2025-03-21,8563,大東銀行,スタンダード（内国株式）,銀行業,751,753,746,749,2,0.267738,42500,OK
2025-03-21,8566,リコーリース,プライム（内国株式）,その他金融業,5360,5420,5340,5410,20,0.371058,105700,OK
2025-03-21,8570,イオンフィナンシャルサービス,プライム（内国株式）,その他金融業,1381,1400,1379.5,1387.5,2.5,0.180505,903300,OK
2025-03-21,8572,アコム,スタンダード（内国株式）,その他金融業,397.6,403.3,397,402.1,3.8,0.954055,903800,OK
2025-03-21,8584,ジャックス,プライム（内国株式）,その他金融業,4055,4070,4045,4065,-5,-0.12285,99200,OK
2025-03-21,8585,オリエントコーポレーション,プライム（内国株式）,その他金融業,826,831,824,828,3,0.363636,874600,OK
2025-03-21,8591,オリックス,プライム（内国株式）,その他金融業,3210,3236,3198,3226,13,0.404606,4131300,OK
2025-03-21,8593,三菱ＨＣキャピタル,プライム（内国株式）,その他金融業,1050,1054.5,1048.5,1051.5,0.5,0.047574,5058400,OK
2025-03-21,8595,ジャフコ　グループ,プライム（内国株式）,証券･商品先物取引業,2159,2178.5,2153,2153,-12.5,-0.577234,215500,OK
2025-03-21,8596,九州リースサービス,スタンダード（内国株式）,その他金融業,1029,1036,1024,1036,7,0.680272,33500,OK
2025-03-21,8600,トモニホールディングス,プライム（内国株式）,銀行業,527,546,527,541,14,2.656546,778500,OK
2025-03-21,8601,大和証券グループ本社,プライム（内国株式）,証券･商品先物取引業,1064.5,1088,1063,1079.5,3,0.278681,7406700,OK
2025-03-21,8604,野村ホールディングス,プライム（内国株式）,証券･商品先物取引業,965.1,990.8,961.3,981,14,1.447777,15581400,OK
2025-03-21,8609,岡三証券グループ,プライム（内国株式）,証券･商品先物取引業,685,707,684,696,5,0.723589,443400,OK
2025-03-21,8613,丸三証券,プライム（内国株式）,証券･商品先物取引業,981,989,980,986,6,0.612245,456300,OK
2025-03-21,8614,東洋証券,プライム（内国株式）,証券･商品先物取引業,593,597,590,592,2,0.338983,2380800,OK
2025-03-21,8616,東海東京フィナンシャル・ホールディングス,プライム（内国株式）,証券･商品先物取引業,516,526,514,521,7,1.361868,1168600,OK
2025-03-21,8617,光世証券,スタンダード（内国株式）,証券･商品先物取引業,438,446,438,445,7,1.598174,2500,OK
2025-03-21,8622,水戸証券,プライム（内国株式）,証券･商品先物取引業,566,590,566,586,24,4.270463,388800,OK
2025-03-21,8624,いちよし証券,プライム（内国株式）,証券･商品先物取引業,775,786,772,779,-5,-0.637755,141500,OK
2025-03-21,8628,松井証券,プライム（内国株式）,証券･商品先物取引業,800,803,799,799,-2,-0.249688,715700,OK
2025-03-21,8630,ＳＯＭＰＯホールディングス,プライム（内国株式）,保険業,4656,4703,4635,4649,-45,-0.958671,4604300,OK
2025-03-21,8697,日本取引所グループ,プライム（内国株式）,その他金融業,1638.5,1673.5,1638,1644,-11,-0.664653,3870800,OK
2025-03-21,8698,マネックスグループ,プライム（内国株式）,証券･商品先物取引業,742,749,738,739,0,0,2153200,OK
2025-03-21,8699,ＨＳホールディングス,スタンダード（内国株式）,証券･商品先物取引業,892,909,892,908,23,2.59887,70700,OK
2025-03-21,8700,丸八証券,スタンダード（内国株式）,証券･商品先物取引業,1723,1725,1711,1720,15,0.879765,5300,OK
2025-03-21,8704,トレイダーズホールディングス,スタンダード（内国株式）,証券･商品先物取引業,938,954,934,947,10,1.067236,239900,OK
2025-03-21,8705,日産証券グループ,スタンダード（内国株式）,証券･商品先物取引業,194,196,194,196,0,0,96600,OK
2025-03-21,8706,極東証券,プライム（内国株式）,証券･商品先物取引業,1602,1618,1601,1602,6,0.37594,345500,OK
2025-03-21,8707,岩井コスモホールディングス,プライム（内国株式）,証券･商品先物取引業,2501,2523,2485,2511,11,0.44,96500,OK
2025-03-21,8708,アイザワ証券グループ,プライム（内国株式）,証券･商品先物取引業,1696,1712,1689,1700,12,0.7109,115100,OK
2025-03-21,8713,フィデアホールディングス,プライム（内国株式）,銀行業,1570,1599,1563,1599,32,2.042119,84400,OK
2025-03-21,8714,池田泉州ホールディングス,プライム（内国株式）,銀行業,429,445,429,441,13,3.037383,2317800,OK
2025-03-21,8715,アニコム　ホールディングス,プライム（内国株式）,保険業,521,524,519,520,-4,-0.763359,290300,OK
2025-03-21,8725,ＭＳ＆ＡＤインシュアランスグループホールディングス,プライム（内国株式）,保険業,3415,3444,3412,3412,-48,-1.387283,5352700,OK
2025-03-21,8737,あかつき本社,スタンダード（内国株式）,証券･商品先物取引業,515,515,510,511,-4,-0.776699,108900,OK
2025-03-21,8739,スパークス・グループ,プライム（内国株式）,証券･商品先物取引業,1647,1659,1642,1646,1,0.06079,26800,OK
2025-03-21,8742,小林洋行,スタンダード（内国株式）,証券･商品先物取引業,309,310,307,307,0,0,20700,OK
2025-03-21,8746,ＵＮＢＡＮＫＥＤ,スタンダード（内国株式）,証券･商品先物取引業,335,343,315,319,-10,-3.039514,908200,OK
2025-03-21,8747,豊トラスティ証券,スタンダード（内国株式）,証券･商品先物取引業,1712,1730,1691,1717,16,0.940623,5700,OK
2025-03-21,8750,第一生命ホールディングス,プライム（内国株式）,保険業,4551,4620,4536,4591,-19,-0.412148,3353900,OK
2025-03-21,8766,東京海上ホールディングス,プライム（内国株式）,保険業,5996,6051,5945,5982,-75,-1.238237,7508700,OK
2025-03-21,8769,アドバンテッジリスクマネジメント,スタンダード（内国株式）,サービス業,744,750,730,732,-12,-1.612903,52800,OK
2025-03-21,8771,イー・ギャランティ,プライム（内国株式）,その他金融業,1805,1823,1803,1818,6,0.331126,81700,OK
2025-03-21,8772,アサックス,スタンダード（内国株式）,その他金融業,745,763,745,763,14,1.869159,20700,OK
2025-03-21,8783,ＧＦＡ,スタンダード（内国株式）,その他金融業,467,470,458,458,1,0.218818,689100,OK
2025-03-21,8789,フィンテック　グローバル,スタンダード（内国株式）,その他金融業,115,119,115,117,2,1.73913,1990800,OK
2025-03-21,8793,ＮＥＣキャピタルソリューション,プライム（内国株式）,その他金融業,3980,4010,3975,4000,10,0.250627,13000,OK
2025-03-21,8795,Ｔ＆Ｄホールディングス,プライム（内国株式）,保険業,3151,3237,3147,3209,40,1.262228,2202200,OK
2025-03-21,8798,アドバンスクリエイト,プライム（内国株式）,保険業,294,294,292,292,-2,-0.680272,39700,OK
2025-03-21,8801,三井不動産,プライム（内国株式）,不動産業,1331.5,1361,1328,1346.5,4.5,0.33532,10631600,OK
2025-03-21,8802,三菱地所,プライム（内国株式）,不動産業,2399.5,2412.5,2359.5,2359.5,-56,-2.318361,7510100,OK
2025-03-21,8803,平和不動産,プライム（内国株式）,不動産業,4820,4850,4800,4800,-10,-0.2079,144700,OK
2025-03-21,8804,東京建物,プライム（内国株式）,不動産業,2514,2527,2496,2499.5,-7.5,-0.299162,1084200,OK
2025-03-21,8818,京阪神ビルディング,プライム（内国株式）,不動産業,1448,1455,1432,1437,-11,-0.759669,37900,OK
2025-03-21,8830,住友不動産,プライム（内国株式）,不動産業,5469,5534,5416,5467,-102,-1.831568,2084600,OK
2025-03-21,8835,太平洋興発,スタンダード（内国株式）,卸売業,744,753,743,752,1,0.133156,25400,OK
2025-03-21,8836,ＲＩＳＥ,スタンダード（内国株式）,不動産業,38,39,36,37,-1,-2.631579,1957100,OK
2025-03-21,8841,テーオーシー,スタンダード（内国株式）,不動産業,657,664,656,656,-4,-0.606061,96400,OK
2025-03-21,8844,コスモスイニシア,スタンダード（内国株式）,不動産業,1033,1048,1033,1038,12,1.169591,59200,OK
2025-03-21,8848,レオパレス２１,プライム（内国株式）,不動産業,588,590,584,584,-2,-0.341297,1195300,OK
2025-03-21,8850,スターツコーポレーション,プライム（内国株式）,不動産業,4050,4130,4040,4065,15,0.37037,219400,OK
2025-03-21,8860,フジ住宅,プライム（内国株式）,不動産業,729,737,729,732,-1,-0.136426,199000,OK
2025-03-21,8864,空港施設,プライム（内国株式）,不動産業,620,623,619,622,-1,-0.160514,83600,OK
2025-03-21,8869,明和地所,スタンダード（内国株式）,不動産業,1041,1047,1040,1042,-2,-0.191571,58900,OK
2025-03-21,8871,ゴールドクレスト,スタンダード（内国株式）,不動産業,3185,3200,3150,3180,-20,-0.625,25200,OK
2025-03-21,8876,リログループ,プライム（内国株式）,サービス業,1880,1914,1877,1880.5,-2,-0.106242,385200,OK
2025-03-21,8877,エスリード,プライム（内国株式）,不動産業,4315,4340,4295,4300,-15,-0.347625,108900,OK
2025-03-21,8881,日神グループホールディングス,プライム（内国株式）,不動産業,544,552,544,549,5,0.919118,136600,OK
2025-03-21,8886,ウッドフレンズ,スタンダード（内国株式）,不動産業,1000,1000,1000,1000,0,0,100,OK
2025-03-21,8887,クミカ,スタンダード（内国株式）,不動産業,326,326,316,316,-8,-2.469136,33100,OK
2025-03-21,8891,ＡＭＧホールディングス,スタンダード（内国株式）,不動産業,1899,1906,1884,1891,-3,-0.158395,4100,OK
2025-03-21,8892,日本エスコン,プライム（内国株式）,不動産業,1065,1071,1061,1070,7,0.658514,311700,OK
2025-03-21,8894,ＲＥＶＯＬＵＴＩＯＮ,スタンダード（内国株式）,不動産業,91,95,87,90,-5,-5.263158,6118300,OK
2025-03-21,8897,ＭＩＲＡＲＴＨホールディングス,プライム（内国株式）,不動産業,516,517,514,515,1,0.194553,706400,OK
2025-03-21,8898,センチュリー２１・ジャパン,スタンダード（内国株式）,不動産業,1124,1127,1124,1125,1,0.088968,1100,OK
2025-03-21,8904,ＡＶＡＮＴＩＡ,スタンダード（内国株式）,不動産業,777,781,774,781,9,1.165803,26100,OK
2025-03-21,8905,イオンモール,プライム（内国株式）,不動産業,2355.5,2356,2329.5,2335,-12.5,-0.532481,782300,OK
2025-03-21,8908,毎日コムネット,スタンダード（内国株式）,不動産業,782,782,776,776,-4,-0.512821,15000,OK
2025-03-21,8912,エリアクエスト,スタンダード（内国株式）,不動産業,151,152,150,151,0,0,12800,OK
2025-03-21,8914,エリアリンク,スタンダード（内国株式）,不動産業,2046,2050,1956,1980,-90,-4.347826,143400,OK
2025-03-21,8917,ファースト住建,スタンダード（内国株式）,不動産業,1080,1088,1075,1088,14,1.303538,34400,OK
2025-03-21,8918,ランド,スタンダード（内国株式）,不動産業,8,8,7,7,-1,-12.5,53408000,OK
2025-03-21,8919,カチタス,プライム（内国株式）,不動産業,2046,2055,2015,2015,-28,-1.370534,139600,OK
2025-03-21,8920,東祥,スタンダード（内国株式）,サービス業,642,648,639,644,-4,-0.617284,98200,OK
2025-03-21,8921,シーズクリエイト,TOKYO PRO MARKET（内国株式）,不動産業,,,,,,,,NO_QUOTE
2025-03-21,8923,トーセイ,プライム（内国株式）,不動産業,2411,2435,2402,2420,8,0.331675,119100,OK
2025-03-21,8927,明豊エンタープライズ,スタンダード（内国株式）,不動産業,278,280,275,278,1,0.361011,103100,OK
2025-03-21,8928,穴吹興産,スタンダード（内国株式）,不動産業,2120,2144,2120,2138,8,0.375587,6100,OK
2025-03-21,8929,青山財産ネットワークス,スタンダード（内国株式）,不動産業,1937,1937,1886,1910,9,0.473435,34300,OK
2025-03-21,8931,和田興産,スタンダード（内国株式）,不動産業,1421,1441,1420,1438,27,1.913536,17700,OK
2025-03-21,8934,サンフロンティア不動産,プライム（内国株式）,不動産業,1974,2021,1974,2004,4,0.2,240000,OK
2025-03-21,8935,ＦＪネクストホールディングス,プライム（内国株式）,不動産業,1242,1245,1222,1232,-10,-0.805153,91100,OK
2025-03-21,8938,グローム・ホールディングス,グロース（内国株式）,不動産業,684,699,670,682,-10,-1.445087,6400,OK
2025-03-21,8940,インテリックス,スタンダード（内国株式）,不動産業,865,872,862,872,12,1.395349,30200,OK
2025-03-21,8944,ランドビジネス,スタンダード（内国株式）,不動産業,196,196,193,195,3,1.5625,9400,OK
2025-03-21,8945,サンネクスタグループ,スタンダード（内国株式）,不動産業,1014,1014,1003,1006,-5,-0.49456,11800,OK
2025-03-21,8946,ＡＳＩＡＮ　ＳＴＡＲ,スタンダード（内国株式）,不動産業,82,83,81,81,-2,-2.409639,67900,OK
2025-03-21,8995,誠建設工業,スタンダード（内国株式）,不動産業,657,661,650,659,1,0.151976,7600,OK
2025-03-21,8996,ハウスフリーダム,スタンダード（内国株式）,不動産業,815,816,813,815,3,0.369458,2900,OK
2025-03-21,8999,グランディハウス,プライム（内国株式）,不動産業,589,592,584,585,-4,-0.679117,106700,OK
2025-03-21,9001,東武鉄道,プライム（内国株式）,陸運業,2715.5,2743.5,2708,2708,-20,-0.733138,715300,OK
2025-03-21,9003,相鉄ホールディングス,プライム（内国株式）,陸運業,2331,2344,2313.5,2313.5,-17.5,-0.750751,702500,OK
2025-03-21,9005,東急,プライム（内国株式）,陸運業,1751,1763.5,1748,1758,-2,-0.113636,2005200,OK
2025-03-21,9006,京浜急行電鉄,プライム（内国株式）,陸運業,1572.5,1597,1569,1579,4.5,0.285805,1112600,OK
2025-03-21,9007,小田急電鉄,プライム（内国株式）,陸運業,1543,1566,1537,1548,5.5,0.356564,1851900,OK
2025-03-21,9008,京王電鉄,プライム（内国株式）,陸運業,3980,4004,3952,3952,-2,-0.050582,396900,OK
2025-03-21,9009,京成電鉄,プライム（内国株式）,陸運業,1508,1553.5,1495.5,1513,12.5,0.833056,4108800,OK
2025-03-21,9010,富士急行,プライム（内国株式）,陸運業,2259,2292,2254,2269,-17,-0.743657,192200,OK
2025-03-21,9012,秩父鉄道,スタンダード（内国株式）,陸運業,2063,2064,2050,2056,-6,-0.29098,500,OK
2025-03-21,9017,新潟交通,スタンダード（内国株式）,陸運業,2170,2170,2161,2169,9,0.416667,2500,OK
2025-03-21,9020,東日本旅客鉄道,プライム（内国株式）,陸運業,3015,3063,3011,3020,-23,-0.755833,5733700,OK
2025-03-21,9021,西日本旅客鉄道,プライム（内国株式）,陸運業,3054,3068,3037,3037,-34,-1.107131,3182400,OK
2025-03-21,9022,東海旅客鉄道,プライム（内国株式）,陸運業,3002,3028,2973,2973,-79,-2.588467,7102300,OK
2025-03-21,9023,東京地下鉄,プライム（内国株式）,陸運業,1932,1983,1930,1976.5,64.5,3.373431,6012400,OK
2025-03-21,9024,西武ホールディングス,プライム（内国株式）,陸運業,3639,3719,3592,3653,3,0.082192,2299600,OK
2025-03-21,9025,鴻池運輸,プライム（内国株式）,陸運業,2807,2844,2807,2811,-8,-0.283789,134000,OK
2025-03-21,9028,ゼロ,スタンダード（内国株式）,陸運業,2887,3000,2887,2977,82,2.83247,91900,OK
2025-03-21,9029,ヒガシトゥエンティワン,スタンダード（内国株式）,陸運業,1237,1258,1237,1250,14,1.132686,9500,OK
2025-03-21,9031,西日本鉄道,プライム（内国株式）,陸運業,2231,2256,2208,2208,-34,-1.516503,1587100,OK
2025-03-21,9033,広島電鉄,スタンダード（内国株式）,陸運業,630,637,629,633,4,0.63593,26100,OK
2025-03-21,9034,南総通運,スタンダード（内国株式）,陸運業,1139,1145,1135,1139,15,1.33452,9200,OK
2025-03-21,9036,東部ネットワーク,スタンダード（内国株式）,陸運業,875,885,875,881,8,0.91638,4100,OK
2025-03-21,9037,ハマキョウレックス,プライム（内国株式）,陸運業,1323,1342,1323,1334,11,0.831444,172200,OK
2025-03-21,9039,サカイ引越センター,プライム（内国株式）,陸運業,2524,2553,2517,2536,-8,-0.314465,322700,OK
2025-03-21,9041,近鉄グループホールディングス,プライム（内国株式）,陸運業,3412,3440,3404,3409,-22,-0.641212,904400,OK
2025-03-21,9042,阪急阪神ホールディングス,プライム（内国株式）,陸運業,4026,4085,4026,4062,2,0.049261,654500,OK
2025-03-21,9044,南海電気鉄道,プライム（内国株式）,陸運業,2578,2616,2578,2589.5,4,0.154709,565500,OK
2025-03-21,9045,京阪ホールディングス,プライム（内国株式）,陸運業,3458,3494,3458,3474,22,0.637312,252100,OK
2025-03-21,9046,神戸電鉄,プライム（内国株式）,陸運業,2572,2572,2507,2507,-91,-3.502694,18600,OK
2025-03-21,9048,名古屋鉄道,プライム（内国株式）,陸運業,1785,1823,1784.5,1812.5,17,0.946811,1481900,OK
2025-03-21,9049,京福電気鉄道,スタンダード（内国株式）,陸運業,6700,6700,6700,6700,0,0,100,OK
2025-03-21,9051,センコン物流,スタンダード（内国株式）,陸運業,1251,1251,1213,1230,-25,-1.992032,7100,OK
2025-03-21,9052,山陽電気鉄道,プライム（内国株式）,陸運業,2042,2050,2037,2049,5,0.244618,17400,OK
2025-03-21,9057,遠州トラック,スタンダード（内国株式）,陸運業,2869,2916,2850,2911,42,1.463925,4800,OK
2025-03-21,9059,カンダホールディングス,スタンダード（内国株式）,陸運業,825,828,824,828,3,0.363636,5300,OK
2025-03-21,9060,日本ロジテム,スタンダード（内国株式）,陸運業,3975,4010,3975,4010,40,1.007557,300,OK
2025-03-21,9063,岡山県貨物運送,スタンダード（内国株式）,陸運業,3280,3570,3280,3510,230,7.012195,5800,OK
2025-03-21,9064,ヤマトホールディングス,プライム（内国株式）,陸運業,1985.5,2019.5,1970,2009,21,1.056338,2277500,OK
2025-03-21,9065,山九,プライム（内国株式）,陸運業,6269,6370,6269,6345,65,1.035032,227700,OK
2025-03-21,9066,日新,プライム（内国株式）,倉庫･運輸関連業,4805,4830,4780,4780,-15,-0.312826,61900,OK
2025-03-21,9067,丸運,スタンダード（内国株式）,陸運業,460,471,460,467,6,1.301518,104800,OK
2025-03-21,9068,丸全昭和運輸,プライム（内国株式）,陸運業,6360,6400,6310,6320,-100,-1.557632,33000,OK
2025-03-21,9069,センコーグループホールディングス,プライム（内国株式）,陸運業,1541,1569,1528,1553,-4,-0.256904,993100,OK
2025-03-21,9070,トナミホールディングス,プライム（内国株式）,陸運業,10300,10340,10300,10340,40,0.38835,21800,OK
2025-03-21,9072,ニッコンホールディングス,プライム（内国株式）,陸運業,2665,2684.5,2639,2674,6,0.224888,1080700,OK
2025-03-21,9073,京極運輸商事,スタンダード（内国株式）,陸運業,1347,1355,1333,1335,-4,-0.29873,3100,OK
2025-03-21,9074,日本石油輸送,スタンダード（内国株式）,陸運業,3035,3060,3030,3060,15,0.492611,1100,OK
2025-03-21,9075,福山通運,プライム（内国株式）,陸運業,3775,3850,3765,3810,30,0.793651,87200,OK
2025-03-21,9076,セイノーホールディングス,プライム（内国株式）,陸運業,2323.5,2337.5,2323,2333.5,3.5,0.150215,401400,OK
2025-03-21,9081,神奈川中央交通,プライム（内国株式）,陸運業,3935,3965,3930,3930,-35,-0.882724,44700,OK
2025-03-21,9082,大和自動車交通,スタンダード（内国株式）,陸運業,873,965,858,900,27,3.092784,15900,OK
2025-03-21,9083,神姫バス,スタンダード（内国株式）,陸運業,3565,3585,3535,3560,0,0,3300,OK
2025-03-21,9087,タカセ,スタンダード（内国株式）,陸運業,1196,1199,1196,1198,21,1.784197,1100,OK
2025-03-21,9090,ＡＺ−ＣＯＭ丸和ホールディングス,プライム（内国株式）,陸運業,1240,1261,1240,1254,5,0.40032,211300,OK
2025-03-21,9101,日本郵船,プライム（内国株式）,海運業,5253,5284,5227,5230,-55,-1.040681,9022100,OK
2025-03-21,9104,商船三井,プライム（内国株式）,海運業,5520,5520,5467,5483,-27,-0.490018,7749100,OK
2025-03-21,9107,川崎汽船,プライム（内国株式）,海運業,2185.5,2193,2161,2172,-23,-1.047836,6287000,OK
2025-03-21,9110,ＮＳユナイテッド海運,プライム（内国株式）,海運業,4140,4160,4110,4115,-30,-0.723764,95400,OK
2025-03-21,9115,明海グループ,スタンダード（内国株式）,海運業,646,662,635,655,9,1.393189,70900,OK
2025-03-21,9119,飯野海運,プライム（内国株式）,海運業,1074,1078,1067,1070,-5,-0.465116,603400,OK
2025-03-21,9127,玉井商船,スタンダード（内国株式）,海運業,1822,1837,1822,1831,11,0.604396,8700,OK
2025-03-21,9130,共栄タンカー,スタンダード（内国株式）,海運業,1054,1058,1048,1056,1,0.094787,16200,OK
2025-03-21,9142,九州旅客鉄道,プライム（内国株式）,陸運業,3781,3820,3781,3787,-11,-0.289626,957600,OK
2025-03-21,9143,ＳＧホールディングス,プライム（内国株式）,陸運業,1621.5,1629.5,1607.5,1620.5,-6.5,-0.399508,1681800,OK
2025-03-21,9145,ビーイングホールディングス,スタンダード（内国株式）,陸運業,2511,2537,2510,2520,7,0.278552,4800,OK
2025-03-21,9146,五健堂,TOKYO PRO MARKET（内国株式）,陸運業,,,,,,,,NO_QUOTE
2025-03-21,9147,ＮＩＰＰＯＮ　ＥＸＰＲＥＳＳホールディングス,プライム（内国株式）,陸運業,2760,2796.5,2760,2783,-1,-0.03592,1555700,OK
2025-03-21,9149,大友ロジスティクスサービス,TOKYO PRO MARKET（内国株式）,陸運業,,,,,,,,NO_QUOTE
2025-03-21,9156,はなホールディングス,TOKYO PRO MARKET（内国株式）,サービス業,,,,,,,,NO_QUOTE
2025-03-21,9158,シーユーシー,グロース（内国株式）,サービス業,1465,1514,1462,1500,30,2.040816,87700,OK
2025-03-21,9159,Ｗ　ＴＯＫＹＯ,グロース（内国株式）,サービス業,1860,1862,1814,1850,-13,-0.697799,7700,OK
2025-03-21,9160,ノバレーゼ,スタンダード（内国株式）,サービス業,300,301,300,300,0,0,11700,OK
2025-03-21,9161,ＩＤ＆Ｅホールディングス,プライム（内国株式）,サービス業,6470,6480,6470,6480,10,0.15456,4700,OK
2025-03-21,9162,ブリーチ,グロース（内国株式）,サービス業,416,416,393,405,-16,-3.800475,196500,OK
2025-03-21,9163,ナレルグループ,グロース（内国株式）,サービス業,2365,2385,2352,2369,6,0.253915,65300,OK
2025-03-21,9164,トライト,グロース（内国株式）,サービス業,400,406,399,399,0,0,359600,OK
2025-03-21,9165,クオルテック,グロース（内国株式）,サービス業,1263,1280,1262,1270,10,0.793651,2400,OK
2025-03-21,9166,ＧＥＮＤＡ,グロース（内国株式）,サービス業,2714,2800,2667,2743,16,0.586725,1136500,OK
2025-03-21,9167,フトン巻きのジロー,TOKYO PRO MARKET（内国株式）,サービス業,,,,,,,,NO_QUOTE
2025-03-21,9168,ライズ・コンサルティング・グループ,グロース（内国株式）,サービス業,655,658,649,653,-1,-0.152905,123600,OK
2025-03-21,9169,大伸社,TOKYO PRO MARKET（内国株式）,サービス業,,,,,,,,NO_QUOTE
2025-03-21,9171,栗林商船,スタンダード（内国株式）,海運業,1248,1365,1248,1326,71,5.657371,43000,OK
2025-03-21,9173,東海汽船,スタンダード（内国株式）,海運業,2864,2869,2864,2866,4,0.139762,1500,OK
2025-03-21,9193,東京汽船,スタンダード（内国株式）,倉庫･運輸関連業,901,905,894,900,-3,-0.332226,35600,OK
2025-03-21,9201,日本航空,プライム（内国株式）,空運業,2658,2698,2650.5,2678,30,1.132931,3950300,OK
2025-03-21,9202,ＡＮＡホールディングス,プライム（内国株式）,空運業,2876,2901,2873,2885.5,10.5,0.365217,1938000,OK
2025-03-21,9204,スカイマーク,グロース（内国株式）,空運業,526,533,524,527,2,0.380952,259000,OK
2025-03-21,9206,スターフライヤー,スタンダード（内国株式）,空運業,2619,2620,2603,2619,5,0.191278,4500,OK
2025-03-21,9211,エフ・コード,グロース（内国株式）,サービス業,1798,1864,1778,1836,72,4.081633,324800,OK
2025-03-21,9212,Ｇｒｅｅｎ　Ｅａｒｔｈ　Ｉｎｓｔｉｔｕｔｅ,グロース（内国株式）,サービス業,452,452,448,449,1,0.223214,6900,OK
2025-03-21,9213,セイファート,スタンダード（内国株式）,サービス業,827,827,827,827,0,0,200,OK
2025-03-21,9214,Ｒｅｃｏｖｅｒｙ　Ｉｎｔｅｒｎａｔｉｏｎａｌ,グロース（内国株式）,サービス業,1358,1358,1343,1344,-14,-1.030928,1500,OK
2025-03-21,9215,ＣａＳｙ,グロース（内国株式）,サービス業,940,957,930,945,3,0.318471,1800,OK
2025-03-21,9216,ビーウィズ,プライム（内国株式）,サービス業,1549,1562,1542,1555,15,0.974026,81200,OK
2025-03-21,9218,メンタルヘルステクノロジーズ,グロース（内国株式）,サービス業,816,821,795,801,-7,-0.866337,20600,OK
2025-03-21,9219,ギックス,グロース（内国株式）,サービス業,1003,1014,1000,1003,-13,-1.279528,5500,OK
2025-03-21,9220,エフビー介護サービス,スタンダード（内国株式）,サービス業,964,978,964,978,14,1.452282,1100,OK
2025-03-21,9221,フルハシＥＰＯ,スタンダード（内国株式）,サービス業,840,848,840,840,0,0,3100,OK
2025-03-21,9222,ｍａｎａｂｙ,TOKYO PRO MARKET（内国株式）,サービス業,,,,,,,,NO_QUOTE
2025-03-21,9223,ＡＳＮＯＶＡ,グロース（内国株式）,サービス業,595,596,593,595,3,0.506757,52000,OK
2025-03-21,9224,環境のミカタ,TOKYO PRO MARKET（内国株式）,サービス業,,,,,,,,NO_QUOTE
2025-03-21,9225,ブリッジコンサルティンググループ,グロース（内国株式）,サービス業,,,,,,,,NO_QUOTE
2025-03-21,9226,アイガー,TOKYO PRO MARKET（内国株式）,サービス業,,,,,,,,NO_QUOTE
2025-03-21,9227,マイクロ波化学,グロース（内国株式）,サービス業,537,541,525,539,2,0.372439,118300,OK
2025-03-21,9229,サンウェルズ,プライム（内国株式）,サービス業,594,604,589,589,-5,-0.841751,324900,OK
2025-03-21,9233,アジア航測,スタンダード（内国株式）,空運業,1133,1133,1125,1133,1,0.088339,12300,OK
2025-03-21,9235,売れるネット広告社グループ,グロース（内国株式）,サービス業,492,502,490,496,4,0.813008,73300,OK
2025-03-21,9236,ジャパンＭ＆Ａソリューション,グロース（内国株式）,サービス業,1158,1210,1158,1174,0,0,6800,OK
2025-03-21,9237,笑美面,グロース（内国株式）,サービス業,1927,1927,1891,1905,-3,-0.157233,3000,OK
2025-03-21,9238,バリュークリエーション,グロース（内国株式）,サービス業,1700,1978,1380,1397,-211,-13.121891,2521700,OK
2025-03-21,9239,ケーイーティ,TOKYO PRO MARKET（内国株式）,サービス業,,,,,,,,NO_QUOTE
2025-03-21,9240,デリバリーコンサルティング,グロース（内国株式）,サービス業,371,371,364,369,1,0.271739,3700,OK
2025-03-21,9241,フューチャーリンクネットワーク,グロース（内国株式）,サービス業,1283,1295,1273,1295,12,0.935308,500,OK
2025-03-21,9242,メディア総研,グロース（内国株式）,サービス業,1403,1407,1385,1385,-15,-1.071429,1800,OK
2025-03-21,9243,富士テクノホールディングス,TOKYO PRO MARKET（内国株式）,サービス業,,,,,,,,NO_QUOTE
2025-03-21,9244,デジタリフト,グロース（内国株式）,サービス業,750,752,750,752,3,0.400534,900,OK
2025-03-21,9245,リベロ,グロース（内国株式）,サービス業,1995,1999,1982,1999,13,0.654582,4200,OK
2025-03-21,9246,プロジェクトホールディングス,グロース（内国株式）,サービス業,1320,1333,1299,1328,9,0.682335,3500,OK
2025-03-21,9247,ＴＲＥホールディングス,プライム（内国株式）,サービス業,1672,1698,1660,1675,3,0.179426,471300,OK
2025-03-21,9248,人・夢・技術グループ,プライム（内国株式）,サービス業,1705,1726,1705,1718,-1,-0.058173,6000,OK
2025-03-21,9249,日本エコシステム,スタンダード（内国株式）,サービス業,4770,4815,4765,4790,45,0.948367,6700,OK
2025-03-21,9250,ＧＲＣＳ,グロース（内国株式）,サービス業,1400,1411,1400,1406,6,0.428571,700,OK
2025-03-21,9251,ＡＢ＆Ｃｏｍｐａｎｙ,グロース（内国株式）,サービス業,914,920,911,919,10,1.10011,25900,OK
2025-03-21,9252,ラストワンマイル,グロース（内国株式）,サービス業,3145,3285,3145,3250,85,2.685624,18500,OK
2025-03-21,9253,スローガン,グロース（内国株式）,サービス業,623,631,621,621,3,0.485437,1300,OK
2025-03-21,9254,ラバブルマーケティンググループ,グロース（内国株式）,サービス業,1340,1370,1340,1351,1,0.074074,400,OK
2025-03-21,9256,サクシード,グロース（内国株式）,サービス業,805,810,805,808,3,0.372671,3400,OK
2025-03-21,9258,ＣＳ−Ｃ,グロース（内国株式）,サービス業,394,396,386,393,-3,-0.757576,6800,OK
2025-03-21,9259,タカヨシホールディングス,グロース（内国株式）,サービス業,604,609,600,607,2,0.330579,700,OK
2025-03-21,9260,西本Ｗｉｓｍｅｔｔａｃホールディングス,プライム（内国株式）,卸売業,1924,1924,1922,1923,-1,-0.051975,2400,OK
2025-03-21,9262,シルバーライフ,スタンダード（内国株式）,小売業,746,748,735,742,-4,-0.536193,12400,OK
2025-03-21,9264,ポエック,スタンダード（内国株式）,卸売業,1488,1514,1481,1510,22,1.478495,12300,OK
2025-03-21,9265,ヤマシタヘルスケアホールディングス,スタンダード（内国株式）,卸売業,2941,2941,2881,2936,-17,-0.575686,2400,OK
2025-03-21,9267,Ｇｅｎｋｙ　ＤｒｕｇＳｔｏｒｅｓ,プライム（内国株式）,小売業,2916,2921,2890,2906,-33,-1.122831,33600,OK
2025-03-21,9268,オプティマスグループ,スタンダード（内国株式）,卸売業,378,378,370,370,-10,-2.631579,362600,OK
2025-03-21,9270,バリュエンスホールディングス,グロース（内国株式）,卸売業,833,841,825,825,-8,-0.960384,11000,OK
2025-03-21,9271,和心,グロース（内国株式）,小売業,451,467,447,455,6,1.336303,29900,OK
2025-03-21,9272,ブティックス,グロース（内国株式）,サービス業,1451,1467,1422,1422,-4,-0.280505,7700,OK
2025-03-21,9273,コーア商事ホールディングス,プライム（内国株式）,卸売業,721,734,721,733,13,1.805556,69100,OK
2025-03-21,9274,ＫＰＰグループホールディングス,プライム（内国株式）,卸売業,695,699,689,689,-5,-0.720461,387700,OK
2025-03-21,9275,ナルミヤ・インターナショナル,スタンダード（内国株式）,小売業,1201,1210,1195,1197,2,0.167364,14000,OK
2025-03-21,9278,ブックオフグループホールディングス,プライム（内国株式）,小売業,1436,1448,1432,1440,1,0.069493,30400,OK
2025-03-21,9279,ギフトホールディングス,プライム（内国株式）,小売業,2876,2913,2836,2852,-23,-0.8,851900,OK
2025-03-21,9301,三菱倉庫,プライム（内国株式）,倉庫･運輸関連業,1020,1025.5,1012,1018,-10.5,-1.020904,1733200,OK
2025-03-21,9302,三井倉庫ホールディングス,プライム（内国株式）,倉庫･運輸関連業,8100,8140,8040,8050,-80,-0.98401,57600,OK
2025-03-21,9303,住友倉庫,プライム（内国株式）,倉庫･運輸関連業,2830,2859,2821,2821,-34,-1.190893,327700,OK
2025-03-21,9304,澁澤倉庫,プライム（内国株式）,倉庫･運輸関連業,3365,3400,3365,3385,20,0.594354,6100,OK
2025-03-21,9305,ヤマタネ,プライム（内国株式）,卸売業,3870,3925,3865,3895,10,0.2574,9300,OK
2025-03-21,9306,東陽倉庫,スタンダード（内国株式）,倉庫･運輸関連業,1516,1540,1515,1516,6,0.397351,11100,OK
2025-03-21,9307,杉村倉庫,スタンダード（内国株式）,倉庫･運輸関連業,777,785,767,776,2,0.258398,45000,OK
2025-03-21,9308,乾汽船,スタンダード（内国株式）,海運業,1445,1448,1440,1440,-8,-0.552486,140900,OK
2025-03-21,9310,日本トランスシティ,プライム（内国株式）,倉庫･運輸関連業,903,915,902,915,10,1.104972,105600,OK
2025-03-21,9311,アサガミ,スタンダード（内国株式）,倉庫･運輸関連業,,,,,,,,NO_QUOTE
2025-03-21,9312,ケイヒン,スタンダード（内国株式）,倉庫･運輸関連業,2350,2359,2311,2319,-27,-1.150895,4700,OK
2025-03-21,9313,丸八倉庫,スタンダード（内国株式）,倉庫･運輸関連業,863,880,863,880,12,1.382488,2700,OK
2025-03-21,9319,中央倉庫,プライム（内国株式）,倉庫･運輸関連業,1515,1542,1510,1532,7,0.459016,141400,OK
2025-03-21,9322,川西倉庫,スタンダード（内国株式）,倉庫･運輸関連業,1056,1066,1056,1063,6,0.567644,5100,OK
2025-03-21,9324,安田倉庫,プライム（内国株式）,倉庫･運輸関連業,1789,1805,1778,1778,-11,-0.614869,74900,OK
2025-03-21,9325,ファイズホールディングス,スタンダード（内国株式）,倉庫･運輸関連業,973,976,970,974,3,0.30896,8000,OK
2025-03-21,9326,関通,グロース（内国株式）,倉庫･運輸関連業,340,350,340,343,3,0.882353,12900,OK
2025-03-21,9327,イー・ロジット,スタンダード（内国株式）,倉庫･運輸関連業,301,303,291,292,-6,-2.013423,54100,OK
2025-03-21,9330,揚羽,グロース（内国株式）,サービス業,1098,1098,1085,1089,9,0.833333,8600,OK
2025-03-21,9331,キャスター,グロース（内国株式）,サービス業,1009,1025,1004,1025,15,1.485149,300,OK
2025-03-21,9332,ＮＩＳＳＯホールディングス,プライム（内国株式）,サービス業,810,820,810,819,0,0,118800,OK
2025-03-21,9334,アイビスホールディングス,TOKYO PRO MARKET（内国株式）,サービス業,,,,,,,,NO_QUOTE
2025-03-21,9335,テクノクリエイティブ,TOKYO PRO MARKET（内国株式）,サービス業,,,,,,,,NO_QUOTE
2025-03-21,9336,大栄環境,プライム（内国株式）,サービス業,2823,2915,2823,2895,-8,-0.275577,116200,OK
2025-03-21,9337,トリドリ,グロース（内国株式）,サービス業,2241,2267,2215,2265,53,2.396022,27600,OK
2025-03-21,9338,ＩＮＦＯＲＩＣＨ,グロース（内国株式）,サービス業,3890,3965,3800,3920,20,0.512821,185800,OK
2025-03-21,9339,コーチ・エィ,スタンダード（内国株式）,サービス業,1080,1083,1077,1080,1,0.092678,4300,OK
2025-03-21,9340,アソインターナショナル,スタンダード（内国株式）,サービス業,625,645,624,632,10,1.607717,26500,OK
2025-03-21,9341,ＧＥＮＯＶＡ,プライム（内国株式）,サービス業,1028,1031,1023,1023,-19,-1.823417,76100,OK
2025-03-21,9342,スマサポ,グロース（内国株式）,サービス業,1300,1358,1291,1309,-6,-0.456274,11300,OK
2025-03-21,9343,アイビス,グロース（内国株式）,サービス業,3360,3460,3350,3455,75,2.218935,26800,OK
2025-03-21,9344,アクシスコンサルティング,グロース（内国株式）,サービス業,822,825,815,820,-3,-0.36452,10500,OK
2025-03-21,9345,ビズメイツ,グロース（内国株式）,サービス業,2051,2063,2025,2063,-36,-1.715102,4400,OK
2025-03-21,9346,ココルポート,グロース（内国株式）,サービス業,1486,1519,1481,1501,25,1.693767,5100,OK
2025-03-21,9347,日本管財ホールディングス,プライム（内国株式）,サービス業,2656,2680,2655,2664,-9,-0.3367,158900,OK
2025-03-21,9348,ｉｓｐａｃｅ,グロース（内国株式）,サービス業,699,760,698,740,42,6.017192,3013100,OK
2025-03-21,9351,東洋埠頭,スタンダード（内国株式）,倉庫･運輸関連業,1343,1343,1333,1338,5,0.375094,3100,OK
2025-03-21,9353,櫻島埠頭,スタンダード（内国株式）,倉庫･運輸関連業,1750,1750,1749,1750,0,0,2400,OK
2025-03-21,9355,リンコーコーポレーション,スタンダード（内国株式）,倉庫･運輸関連業,1775,1788,1771,1788,18,1.016949,1500,OK
2025-03-21,9360,鈴与シンワート,スタンダード（内国株式）,情報･通信業,2580,2640,2580,2640,83,3.245991,6000,OK
2025-03-21,9361,伏木海陸運送,スタンダード（内国株式）,倉庫･運輸関連業,1679,1679,1679,1679,3,0.178998,200,OK
2025-03-21,9362,兵機海運,スタンダード（内国株式）,倉庫･運輸関連業,3180,3200,3165,3200,10,0.31348,2500,OK
2025-03-21,9363,大運,スタンダード（内国株式）,倉庫･運輸関連業,457,463,450,456,0,0,12600,OK
2025-03-21,9364,上組,プライム（内国株式）,倉庫･運輸関連業,3502,3557,3499,3557,19,0.537027,541500,OK
2025-03-21,9365,トレーディア,スタンダード（内国株式）,倉庫･運輸関連業,1277,1283,1275,1283,-2,-0.155642,2000,OK
2025-03-21,9366,サンリツ,スタンダード（内国株式）,倉庫･運輸関連業,839,850,838,850,9,1.070155,14900,OK
2025-03-21,9367,大東港運,スタンダード（内国株式）,倉庫･運輸関連業,738,738,737,737,0,0,1300,OK
2025-03-21,9368,キムラユニティー,スタンダード（内国株式）,倉庫･運輸関連業,1655,1687,1655,1685,36,2.183141,27700,OK
2025-03-21,9369,キユーソー流通システム,スタンダード（内国株式）,倉庫･運輸関連業,1962,1976,1949,1969,7,0.356779,63600,OK
2025-03-21,9376,ユーラシア旅行社,スタンダード（内国株式）,サービス業,495,502,495,501,6,1.212121,2600,OK
2025-03-21,9377,エージーピー,スタンダード（内国株式）,倉庫･運輸関連業,1207,1230,1191,1200,-25,-2.040816,17100,OK
2025-03-21,9380,東海運,スタンダード（内国株式）,倉庫･運輸関連業,368,370,367,368,1,0.27248,55000,OK
2025-03-21,9381,エーアイテイー,プライム（内国株式）,倉庫･運輸関連業,1668,1684,1668,1682,10,0.598086,34500,OK
2025-03-21,9384,内外トランスライン,プライム（内国株式）,倉庫･運輸関連業,4045,4050,4045,4050,0,0,188600,OK
2025-03-21,9385,ショーエイコーポレーション,スタンダード（内国株式）,化学,585,587,584,586,3,0.51458,17400,OK
2025-03-21,9386,日本コンセプト,プライム（内国株式）,倉庫･運輸関連業,1850,1853,1825,1825,-17,-0.92291,26600,OK
2025-03-21,9401,ＴＢＳホールディングス,プライム（内国株式）,情報･通信業,4313,4394,4311,4361,48,1.112914,276500,OK
2025-03-21,9404,日本テレビホールディングス,プライム（内国株式）,情報･通信業,3084,3137,3075,3095,10,0.324149,1074100,OK
2025-03-21,9405,朝日放送グループホールディングス,プライム（内国株式）,情報･通信業,685,685,678,679,-6,-0.875912,68800,OK
2025-03-21,9408,ＢＳＮメディアホールディングス,スタンダード（内国株式）,情報･通信業,1893,1893,1893,1893,0,0,700,OK
2025-03-21,9409,テレビ朝日ホールディングス,プライム（内国株式）,情報･通信業,2561,2614,2561,2604,34,1.322957,289600,OK
2025-03-21,9412,スカパーＪＳＡＴホールディングス,プライム（内国株式）,情報･通信業,1128,1144,1126,1126,-2,-0.177305,982900,OK
2025-03-21,9413,テレビ東京ホールディングス,プライム（内国株式）,情報･通信業,3700,3725,3660,3720,30,0.813008,59600,OK
2025-03-21,9414,日本ＢＳ放送,スタンダード（内国株式）,情報･通信業,901,904,899,901,0,0,14800,OK
2025-03-21,9416,ビジョン,プライム（内国株式）,情報･通信業,1212,1212,1198,1200,-22,-1.800327,463100,OK
2025-03-21,9417,スマートバリュー,スタンダード（内国株式）,情報･通信業,404,404,393,393,-10,-2.48139,9500,OK
2025-03-21,9418,Ｕ−ＮＥＸＴ　ＨＯＬＤＩＮＧＳ,プライム（内国株式）,情報･通信業,1735,1751,1733,1741,0,0,225100,OK
2025-03-21,9419,ワイヤレスゲート,スタンダード（内国株式）,情報･通信業,224,227,224,227,1,0.442478,15200,OK
2025-03-21,9421,エヌジェイホールディングス,スタンダード（内国株式）,情報･通信業,525,540,525,540,15,2.857143,4100,OK
2025-03-21,9423,フォーバル・リアルストレート,スタンダード（内国株式）,情報･通信業,113,114,112,113,-1,-0.877193,151800,OK
2025-03-21,9424,日本通信,プライム（内国株式）,情報･通信業,147,150,146,149,-1,-0.666667,1982500,OK
2025-03-21,9425,ＲｅＹｕｕ　Ｊａｐａｎ,スタンダード（内国株式）,情報･通信業,607,613,591,610,4,0.660066,325600,OK
2025-03-21,9428,クロップス,スタンダード（内国株式）,情報･通信業,1028,1029,1024,1029,7,0.684932,9000,OK
2025-03-21,9432,日本電信電話,プライム（内国株式）,情報･通信業,150,150,148.5,149,-1,-0.666667,235592600,OK
2025-03-21,9433,ＫＤＤＩ,プライム（内国株式）,情報･通信業,4864,4879,4848,4860,9,0.185529,6307800,OK
2025-03-21,9434,ソフトバンク,プライム（内国株式）,情報･通信業,214.1,217.5,213.5,216.2,3.1,1.454716,122880500,OK
2025-03-21,94345,ソフトバンク（優先株式）,プライム（内国株式）,情報･通信業,3865,3888,3865,3882,-1,-0.025753,5600,OK
2025-03-21,94346,ソフトバンク（優先株式）,プライム（内国株式）,情報･通信業,7950,7990,7930,7930,-20,-0.251572,2800,OK
2025-03-21,9435,光通信,プライム（内国株式）,情報･通信業,39480,39870,39350,39440,140,0.356234,65700,OK
2025-03-21,9436,沖縄セルラー電話,スタンダード（内国株式）,情報･通信業,4445,4445,4320,4335,-95,-2.14447,80000,OK
2025-03-21,9438,エムティーアイ,プライム（内国株式）,情報･通信業,842,847,834,847,5,0.593824,49900,OK
2025-03-21,9439,エム・エイチ・グループ,スタンダード（内国株式）,サービス業,207,208,205,205,-1,-0.485437,11200,OK
2025-03-21,9441,ベルパーク,スタンダード（内国株式）,情報･通信業,1652,1654,1652,1654,3,0.181708,300,OK
2025-03-21,9444,トーシンホールディングス,スタンダード（内国株式）,情報･通信業,649,654,628,629,-20,-3.081664,64800,OK
2025-03-21,9445,フォーバルテレコム,スタンダード（内国株式）,情報･通信業,470,477,470,475,6,1.279318,9200,OK
2025-03-21,9446,サカイホールディングス,スタンダード（内国株式）,情報･通信業,454,454,452,452,-2,-0.440529,6500,OK
2025-03-21,9449,ＧＭＯインターネットグループ,プライム（内国株式）,情報･通信業,3274,3311,3241,3248,-26,-0.794136,268900,OK
2025-03-21,9450,ファイバーゲート,プライム（内国株式）,情報･通信業,951,971,950,965,15,1.578947,39200,OK
2025-03-21,9466,アイドママーケティングコミュニケーション,スタンダード（内国株式）,情報･通信業,289,291,288,288,-2,-0.689655,39800,OK
2025-03-21,9467,アルファポリス,グロース（内国株式）,情報･通信業,1316,1388,1306,1380,57,4.30839,227800,OK
2025-03-21,9468,ＫＡＤＯＫＡＷＡ,プライム（内国株式）,情報･通信業,3446,3663,3446,3619,137,3.93452,2392400,OK
2025-03-21,9470,学研ホールディングス,プライム（内国株式）,情報･通信業,992,1006,989,1003,11,1.108871,160200,OK
2025-03-21,9474,ゼンリン,プライム（内国株式）,情報･通信業,1001,1009,992,1009,6,0.598205,76600,OK
2025-03-21,9475,昭文社ホールディングス,スタンダード（内国株式）,情報･通信業,440,444,438,444,8,1.834862,17800,OK
2025-03-21,9476,中央経済社ホールディングス,スタンダード（内国株式）,情報･通信業,522,525,516,520,0,0,2300,OK
2025-03-21,9478,ＳＥホールディングス・アンド・インキュベーションズ,スタンダード（内国株式）,情報･通信業,286,288,285,285,0,0,43300,OK
2025-03-21,9479,インプレスホールディングス,スタンダード（内国株式）,情報･通信業,150,151,149,150,-1,-0.662252,14200,OK
2025-03-21,9501,東京電力ホールディングス,プライム（内国株式）,電気･ガス業,468,473.2,461.3,463.2,0.1,0.021594,48312700,OK
2025-03-21,9502,中部電力,プライム（内国株式）,電気･ガス業,1723,1737.5,1723,1726,3,0.174115,2772200,OK
2025-03-21,9503,関西電力,プライム（内国株式）,電気･ガス業,1905,1926,1893.5,1893.5,-11.5,-0.603675,8569100,OK
2025-03-21,9504,中国電力,プライム（内国株式）,電気･ガス業,947.7,963.9,945,949.1,8.5,0.903679,3342300,OK
2025-03-21,9505,北陸電力,プライム（内国株式）,電気･ガス業,940,954.8,940,944.5,-0.3,-0.031753,1079500,OK
2025-03-21,9506,東北電力,プライム（内国株式）,電気･ガス業,1148,1157,1142,1142.5,1,0.087604,2514100,OK
2025-03-21,9507,四国電力,プライム（内国株式）,電気･ガス業,1275.5,1289,1267.5,1267.5,-8,-0.627205,585700,OK
2025-03-21,9508,九州電力,プライム（内国株式）,電気･ガス業,1422.5,1429,1402,1402,-10.5,-0.743363,3027100,OK
2025-03-21,9509,北海道電力,プライム（内国株式）,電気･ガス業,850.1,863.6,841.1,841.8,-4.8,-0.566974,4792600,OK
2025-03-21,9511,沖縄電力,プライム（内国株式）,電気･ガス業,973,978,969,972,2,0.206186,258800,OK
2025-03-21,9513,電源開発,プライム（内国株式）,電気･ガス業,2700,2720,2687,2693,-10,-0.369959,784300,OK
2025-03-21,9514,エフオン,スタンダード（内国株式）,電気･ガス業,354,354,348,350,-4,-1.129944,81900,OK
2025-03-21,9517,イーレックス,プライム（内国株式）,電気･ガス業,830,845,825,829,-4,-0.480192,306300,OK
2025-03-21,9519,レノバ,プライム（内国株式）,電気･ガス業,719,748,689,689,-38,-5.22696,1943900,OK
2025-03-21,9531,東京瓦斯,プライム（内国株式）,電気･ガス業,5050,5145,5005,5005,4,0.079984,3950300,OK
2025-03-21,9532,大阪瓦斯,プライム（内国株式）,電気･ガス業,3528,3580,3492,3492,-19,-0.541156,1577000,OK
2025-03-21,9533,東邦瓦斯,プライム（内国株式）,電気･ガス業,4200,4238,4171,4203,7,0.166826,455600,OK
2025-03-21,9534,北海道瓦斯,プライム（内国株式）,電気･ガス業,532,546,529,546,14,2.631579,189300,OK
2025-03-21,9535,広島ガス,プライム（内国株式）,電気･ガス業,353,356,352,355,1,0.282486,308300,OK
2025-03-21,9536,西部ガスホールディングス,プライム（内国株式）,電気･ガス業,1735,1746,1725,1733,11,0.638792,172200,OK
2025-03-21,9537,北陸瓦斯,スタンダード（内国株式）,電気･ガス業,3500,3500,3500,3500,0,0,200,OK
2025-03-21,9539,京葉瓦斯,スタンダード（内国株式）,電気･ガス業,1069,1076,1043,1065,17,1.622137,10900,OK
2025-03-21,9543,静岡ガス,プライム（内国株式）,電気･ガス業,1133,1154,1133,1141,6,0.528634,224100,OK
2025-03-21,9551,メタウォーター,プライム（内国株式）,電気･ガス業,1980,2012,1972,1972,-19,-0.954294,203100,OK
2025-03-21,9552,Ｍ＆Ａ総研ホールディングス,プライム（内国株式）,サービス業,1290,1290,1252,1253,-46,-3.541186,760900,OK
2025-03-21,9553,マイクロアド,グロース（内国株式）,サービス業,304,307,299,303,0,0,377200,OK
2025-03-21,9554,ＡＶｉＣ,グロース（内国株式）,サービス業,1562,1634,1562,1626,70,4.498715,42400,OK
2025-03-21,9556,ＩＮＴＬＯＯＰ,グロース（内国株式）,サービス業,4920,4990,4620,4715,-175,-3.578732,136800,OK
2025-03-21,9557,エアークローゼット,グロース（内国株式）,サービス業,480,484,472,484,5,1.043841,15500,OK
2025-03-21,9558,ジャパニアス,グロース（内国株式）,サービス業,2188,2188,2170,2188,24,1.109057,2500,OK
2025-03-21,9560,プログリット,グロース（内国株式）,サービス業,1178,1200,1167,1189,16,1.364024,78200,OK
2025-03-21,9561,グラッドキューブ,グロース（内国株式）,サービス業,895,904,865,865,-37,-4.101996,33600,OK
2025-03-21,9562,ビジネスコーチ,グロース（内国株式）,サービス業,1680,1682,1675,1675,-1,-0.059666,3700,OK
2025-03-21,9563,Ａｔｌａｓ　Ｔｅｃｈｎｏｌｏｇｉｅｓ,グロース（内国株式）,サービス業,301,310,300,306,2,0.657895,44800,OK
2025-03-21,9564,ＦＣＥ,スタンダード（内国株式）,サービス業,1098,1113,1096,1113,15,1.36612,21700,OK
2025-03-21,9565,ＧＬＯＥ,グロース（内国株式）,サービス業,985,985,979,982,-2,-0.203252,2500,OK
2025-03-21,9600,アイネット,プライム（内国株式）,情報･通信業,2104,2130,2011,2014,-107,-5.04479,63800,OK
2025-03-21,9601,松竹,プライム（内国株式）,情報･通信業,12470,12540,12370,12450,50,0.403226,20700,OK
2025-03-21,9602,東宝,プライム（内国株式）,情報･通信業,7304,7424,7262,7395,92,1.259756,576400,OK
2025-03-21,9603,エイチ・アイ・エス,プライム（内国株式）,サービス業,1469,1489,1466,1471,1,0.068027,278200,OK
2025-03-21,9605,東映,プライム（内国株式）,情報･通信業,5260,5330,5250,5300,40,0.760456,82500,OK
2025-03-21,9610,ウィルソン・ラーニング　ワールドワイド,スタンダード（内国株式）,サービス業,87,89,87,87,0,0,240500,OK
2025-03-21,9612,ラックランド,プライム（内国株式）,サービス業,1759,1768,1751,1751,-21,-1.185102,12300,OK
2025-03-21,9613,ＮＴＴデータグループ,プライム（内国株式）,情報･通信業,2728.5,2789.5,2666.5,2767.5,5,0.180995,4730800,OK
2025-03-21,9616,共立メンテナンス,プライム（内国株式）,サービス業,3145,3222,3138,3202,65,2.072043,1187300,OK
2025-03-21,9619,イチネンホールディングス,プライム（内国株式）,サービス業,1800,1805,1783,1790,-9,-0.500278,47400,OK
2025-03-21,9621,建設技術研究所,プライム（内国株式）,サービス業,2371,2386,2367,2371,-21,-0.877926,62800,OK
2025-03-21,9622,スペース,プライム（内国株式）,サービス業,1117,1129,1112,1129,9,0.803571,44500,OK
2025-03-21,9625,セレスポ,スタンダード（内国株式）,サービス業,1173,1173,1165,1170,2,0.171233,7300,OK
2025-03-21,9627,アインホールディングス,プライム（内国株式）,小売業,4922,4927,4878,4890,-39,-0.791236,64300,OK
2025-03-21,9628,燦ホールディングス,プライム（内国株式）,サービス業,1194,1217,1182,1206,-5,-0.412882,25500,OK
2025-03-21,9629,ピー・シー・エー,プライム（内国株式）,情報･通信業,1901,1917,1887,1888,-17,-0.892388,88700,OK
2025-03-21,9632,スバル興業,スタンダード（内国株式）,サービス業,3325,3360,3310,3325,45,1.371951,17800,OK
2025-03-21,9633,東京テアトル,スタンダード（内国株式）,サービス業,1125,1130,1125,1129,4,0.355556,13400,OK
2025-03-21,9635,武蔵野興業,スタンダード（内国株式）,サービス業,2130,2139,2130,2139,3,0.140449,400,OK
2025-03-21,9636,きんえい,スタンダード（内国株式）,サービス業,4040,4045,4040,4045,5,0.123762,700,OK
2025-03-21,9639,三協フロンテア,スタンダード（内国株式）,サービス業,2025,2028,2015,2026,-2,-0.098619,11300,OK
2025-03-21,9640,セゾンテクノロジー,スタンダード（内国株式）,情報･通信業,1817,1820,1806,1818,1,0.055036,2100,OK
2025-03-21,9644,タナベコンサルティンググループ,プライム（内国株式）,サービス業,1380,1415,1376,1415,24,1.725377,9700,OK
2025-03-21,9647,協和コンサルタンツ,スタンダード（内国株式）,サービス業,6200,6400,6170,6390,240,3.902439,3100,OK
2025-03-21,9651,日本プロセス,スタンダード（内国株式）,情報･通信業,1442,1479,1440,1479,39,2.708333,11400,OK
2025-03-21,9656,グリーンランドリゾート,スタンダード（内国株式）,サービス業,618,618,614,617,2,0.325203,6000,OK
2025-03-21,9658,ビジネスブレイン太田昭和,プライム（内国株式）,情報･通信業,2541,2561,2521,2552,11,0.4329,20300,OK
2025-03-21,9661,歌舞伎座,スタンダード（内国株式）,サービス業,4540,4545,4510,4510,-20,-0.441501,2300,OK
2025-03-21,9663,ナガワ,プライム（内国株式）,サービス業,6630,6750,6630,6690,20,0.29985,28300,OK
2025-03-21,9672,東京都競馬,プライム（内国株式）,サービス業,4445,4480,4425,4440,15,0.338983,34200,OK
2025-03-21,9678,カナモト,プライム（内国株式）,サービス業,3265,3290,3250,3260,0,0,54700,OK
2025-03-21,9679,ホウライ,スタンダード（内国株式）,サービス業,4985,4985,4985,4985,0,0,200,OK
2025-03-21,9682,ＤＴＳ,プライム（内国株式）,情報･通信業,4305,4335,4275,4275,-45,-1.041667,118100,OK
2025-03-21,9684,スクウェア・エニックス・ホールディングス,プライム（内国株式）,情報･通信業,6930,7082,6903,7066,102,1.464675,577000,OK
2025-03-21,9685,ＫＹＣＯＭホールディングス,スタンダード（内国株式）,情報･通信業,694,696,692,696,-1,-0.143472,700,OK
2025-03-21,9686,東洋テック,スタンダード（内国株式）,サービス業,1394,1430,1394,1424,38,2.741703,3200,OK
2025-03-21,9687,ＫＳＫ,スタンダード（内国株式）,情報･通信業,3340,3380,3340,3380,40,1.197605,3900,OK
2025-03-21,9691,両毛システムズ,スタンダード（内国株式）,情報･通信業,2800,2900,2775,2775,-5,-0.179856,2500,OK
2025-03-21,9692,シーイーシー,プライム（内国株式）,情報･通信業,2252,2270,2227,2268,-7,-0.307692,207700,OK
2025-03-21,9696,ウィザス,スタンダード（内国株式）,サービス業,2216,2274,2182,2239,14,0.629213,17000,OK
2025-03-21,9697,カプコン,プライム（内国株式）,情報･通信業,3565,3691,3551,3666,120,3.384095,3253800,OK
2025-03-21,9698,クレオ,スタンダード（内国株式）,情報･通信業,1158,1177,1158,1168,18,1.565217,6600,OK
2025-03-21,9699,ニシオホールディングス,プライム（内国株式）,サービス業,4275,4345,4235,4285,-5,-0.11655,52700,OK
2025-03-21,9701,東京會舘,スタンダード（内国株式）,サービス業,4130,4155,4130,4155,25,0.605327,1000,OK
2025-03-21,9702,アイ・エス・ビー,プライム（内国株式）,情報･通信業,1363,1363,1341,1341,-22,-1.614087,12600,OK
2025-03-21,9704,アゴーラ　ホスピタリティー　グループ,スタンダード（内国株式）,サービス業,102,108,97,105,4,3.960396,20475700,OK
2025-03-21,9706,日本空港ビルデング,プライム（内国株式）,不動産業,4274,4369,4270,4310,-26,-0.599631,695800,OK
2025-03-21,9708,帝国ホテル,スタンダード（内国株式）,サービス業,911,918,911,915,2,0.219058,80300,OK
2025-03-21,9709,ＮＣＳ＆Ａ,スタンダード（内国株式）,情報･通信業,914,936,914,924,11,1.204819,17900,OK
2025-03-21,9713,ロイヤルホテル,スタンダード（内国株式）,サービス業,980,985,967,984,8,0.819672,34300,OK
2025-03-21,9715,トランス・コスモス,プライム（内国株式）,サービス業,3260,3290,3250,3260,-20,-0.609756,42400,OK
2025-03-21,9716,乃村工藝社,プライム（内国株式）,サービス業,920,929,917,927,6,0.651466,284900,OK
2025-03-21,9719,ＳＣＳＫ,プライム（内国株式）,情報･通信業,3860,3884,3817,3839,-35,-0.903459,1168700,OK
2025-03-21,9720,ホテル、ニューグランド,スタンダード（内国株式）,サービス業,5870,5870,5870,5870,60,1.032702,200,OK
2025-03-21,9722,藤田観光,プライム（内国株式）,サービス業,9960,10150,9830,10010,90,0.907258,48000,OK
2025-03-21,9723,京都ホテル,スタンダード（内国株式）,サービス業,724,729,720,722,1,0.138696,9300,OK
2025-03-21,9726,ＫＮＴ−ＣＴホールディングス,スタンダード（内国株式）,サービス業,1189,1195,1169,1194,2,0.167785,24800,OK
2025-03-21,9729,トーカイ,プライム（内国株式）,サービス業,2152,2186,2140,2186,64,3.016023,36600,OK
2025-03-21,9731,白洋舎,スタンダード（内国株式）,サービス業,2918,2964,2907,2915,-3,-0.10281,16200,OK
2025-03-21,9733,ナガセ,スタンダード（内国株式）,サービス業,1902,1912,1897,1901,-5,-0.262329,52000,OK
2025-03-21,9735,セコム,プライム（内国株式）,サービス業,5235,5305,5212,5246,-44,-0.831758,1500400,OK
2025-03-21,9739,ＮＳＷ,プライム（内国株式）,情報･通信業,2868,2910,2853,2910,50,1.748252,7600,OK
2025-03-21,9740,セントラル警備保障,プライム（内国株式）,サービス業,2814,2847,2810,2847,47,1.678571,12600,OK
2025-03-21,9742,アイネス,プライム（内国株式）,情報･通信業,1819,1819,1781,1788,-31,-1.704233,29300,OK
2025-03-21,9743,丹青社,プライム（内国株式）,サービス業,1115,1146,1108,1139,16,1.424755,1091500,OK
2025-03-21,9744,メイテックグループホールディングス,プライム（内国株式）,サービス業,3019,3026,3005,3018,-1,-0.033124,421500,OK
2025-03-21,9746,ＴＫＣ,プライム（内国株式）,情報･通信業,3860,3900,3810,3870,-35,-0.896287,66500,OK
2025-03-21,9749,富士ソフト,プライム（内国株式）,情報･通信業,9770,9774,9764,9766,-4,-0.040942,239300,OK
2025-03-21,9753,アイエックス・ナレッジ,スタンダード（内国株式）,情報･通信業,1067,1085,1067,1071,6,0.56338,14800,OK
2025-03-21,9755,応用地質,プライム（内国株式）,サービス業,2813,2897,2785,2891,28,0.977995,101000,OK
2025-03-21,9757,船井総研ホールディングス,プライム（内国株式）,サービス業,2333,2360,2327,2340,-11,-0.467886,54200,OK
2025-03-21,9759,ＮＳＤ,プライム（内国株式）,情報･通信業,3435,3476,3419,3426,-11,-0.320047,121800,OK
2025-03-21,9760,進学会ホールディングス,スタンダード（内国株式）,サービス業,204,205,203,204,2,0.990099,23800,OK
2025-03-21,9761,東海リース,スタンダード（内国株式）,サービス業,2158,2194,2156,2166,10,0.463822,21200,OK
2025-03-21,9763,丸紅建材リース,スタンダード（内国株式）,卸売業,3045,3090,3040,3045,5,0.164474,16200,OK
2025-03-21,9765,オオバ,プライム（内国株式）,サービス業,1035,1069,1035,1068,36,3.488372,95200,OK
2025-03-21,9766,コナミグループ,プライム（内国株式）,情報･通信業,17450,17720,17365,17695,215,1.229977,635800,OK
2025-03-21,9767,日建工学,スタンダード（内国株式）,サービス業,1386,1387,1369,1387,-1,-0.072046,1000,OK
2025-03-21,9768,いであ,スタンダード（内国株式）,サービス業,2818,2884,2801,2884,93,3.332139,18200,OK
2025-03-21,9769,学究社,プライム（内国株式）,サービス業,2275,2285,2269,2270,-7,-0.307422,33800,OK
2025-03-21,9776,札幌臨床検査センター,スタンダード（内国株式）,サービス業,1008,1008,1006,1007,1,0.099404,500,OK
2025-03-21,9778,昴,スタンダード（内国株式）,サービス業,7450,7490,7450,7460,40,0.539084,500,OK
2025-03-21,9780,ハリマビステム,スタンダード（内国株式）,サービス業,723,723,709,710,-5,-0.699301,14300,OK
2025-03-21,9782,ディーエムエス,スタンダード（内国株式）,サービス業,2870,2870,2870,2870,500,21.097046,7500,OK
2025-03-21,9787,イオンディライト,プライム（内国株式）,サービス業,5390,5390,5380,5390,0,0,96000,OK
2025-03-21,9788,ナック,プライム（内国株式）,サービス業,629,632,622,622,-8,-1.269841,81700,OK
2025-03-21,9790,福井コンピュータホールディングス,プライム（内国株式）,情報･通信業,3495,3495,3435,3445,-35,-1.005747,18400,OK
2025-03-21,9791,ビケンテクノ,スタンダード（内国株式）,サービス業,941,947,941,947,6,0.63762,5600,OK
2025-03-21,9793,ダイセキ,プライム（内国株式）,サービス業,3865,3905,3860,3885,-30,-0.766284,77500,OK
2025-03-21,9795,ステップ,プライム（内国株式）,サービス業,2308,2308,2281,2301,-7,-0.303293,8900,OK
2025-03-21,9799,旭情報サービス,スタンダード（内国株式）,情報･通信業,1030,1035,1007,1014,-23,-2.217936,13500,OK
2025-03-21,9812,テーオーホールディングス,スタンダード（内国株式）,卸売業,308,313,306,311,6,1.967213,46000,OK
2025-03-21,9816,ストライダーズ,スタンダード（内国株式）,不動産業,248,250,242,250,0,0,7700,OK
2025-03-21,9818,大丸エナウィン,スタンダード（内国株式）,卸売業,1726,1730,1726,1730,26,1.525822,200,OK
2025-03-21,9820,エムティジェネックス,スタンダード（内国株式）,不動産業,2549,2549,2544,2544,23,0.912336,200,OK
2025-03-21,9823,マミーマート,スタンダード（内国株式）,小売業,5130,5330,5130,5230,120,2.348337,6900,OK
2025-03-21,9824,泉州電業,プライム（内国株式）,卸売業,4400,4485,4385,4455,60,1.365188,100100,OK
2025-03-21,9827,リリカラ,スタンダード（内国株式）,卸売業,600,601,594,599,-1,-0.166667,137400,OK
2025-03-21,9828,Ｇｅｎｋｉ　Ｇｌｏｂａｌ　Ｄｉｎｉｎｇ　Ｃｏｎｃｅｐｔｓ,スタンダード（内国株式）,小売業,3610,3665,3570,3665,35,0.964187,107200,OK
2025-03-21,9830,トラスコ中山,プライム（内国株式）,卸売業,2023,2065,2023,2053,20,0.983768,134200,OK
2025-03-21,9831,ヤマダホールディングス,プライム（内国株式）,小売業,435.7,438.7,435.3,435.9,0.9,0.206897,8299800,OK
2025-03-21,9832,オートバックスセブン,プライム（内国株式）,卸売業,1495,1515,1493,1510,6,0.398936,457100,OK
2025-03-21,9835,ジュンテンドー,スタンダード（内国株式）,小売業,516,521,516,519,1,0.19305,4100,OK
2025-03-21,9837,モリト,プライム（内国株式）,卸売業,1531,1541,1520,1541,10,0.653168,37200,OK
2025-03-21,9842,アークランズ,プライム（内国株式）,小売業,1650,1672,1650,1663,5,0.301568,233100,OK
2025-03-21,9843,ニトリホールディングス,プライム（内国株式）,小売業,14785,14820,14450,14500,-320,-2.159244,1231000,OK
2025-03-21,9845,パーカーコーポレーション,スタンダード（内国株式）,化学,830,835,829,835,3,0.360577,4000,OK
2025-03-21,9846,天満屋ストア,スタンダード（内国株式）,小売業,960,962,959,961,0,0,4300,OK
2025-03-21,9849,共同紙販ホールディングス,スタンダード（内国株式）,卸売業,4850,4850,4845,4845,-5,-0.103093,900,OK
2025-03-21,9850,グルメ杵屋,プライム（内国株式）,小売業,1071,1077,1071,1075,-2,-0.185701,61900,OK
2025-03-21,9852,ＣＢグループマネジメント,スタンダード（内国株式）,卸売業,8030,8030,8000,8000,-40,-0.497512,1900,OK
2025-03-21,9853,銀座ルノアール,スタンダード（内国株式）,小売業,930,932,929,930,0,0,4500,OK
2025-03-21,9854,愛眼,スタンダード（内国株式）,小売業,152,153,151,151,0,0,19400,OK
2025-03-21,9856,ケーユーホールディングス,スタンダード（内国株式）,小売業,1151,1151,1141,1148,0,0,34300,OK
2025-03-21,9857,英和,スタンダード（内国株式）,卸売業,2250,2250,2250,2250,-44,-1.918047,600,OK
2025-03-21,9861,吉野家ホールディングス,プライム（内国株式）,小売業,3041,3075,3041,3060,-2,-0.065317,314700,OK
2025-03-21,9867,ソレキア,スタンダード（内国株式）,卸売業,5700,5720,5700,5700,0,0,300,OK
2025-03-21,9869,加藤産業,プライム（内国株式）,卸売業,4885,4930,4875,4895,40,0.823893,73300,OK
2025-03-21,9872,北恵,スタンダード（内国株式）,卸売業,800,800,796,799,3,0.376884,7600,OK
2025-03-21,9876,コックス,スタンダード（内国株式）,小売業,202,202,199,201,1,0.5,17900,OK
2025-03-21,9878,セキド,スタンダード（内国株式）,小売業,721,721,710,715,-6,-0.832178,15900,OK
2025-03-21,9880,イノテック,プライム（内国株式）,電気機器,1393,1394,1385,1392,-3,-0.215054,25400,OK
2025-03-21,9882,イエローハット,プライム（内国株式）,卸売業,2750,2784,2742,2742,-22,-0.795948,364700,OK
2025-03-21,9885,シャルレ,スタンダード（内国株式）,卸売業,378,388,377,382,4,1.058201,13900,OK
2025-03-21,9887,松屋フーズホールディングス,プライム（内国株式）,小売業,5900,5920,5900,5900,-20,-0.337838,34900,OK
2025-03-21,9888,ＵＥＸ,スタンダード（内国株式）,卸売業,933,945,867,880,-53,-5.6806,177000,OK
2025-03-21,9889,ＪＢＣＣホールディングス,プライム（内国株式）,情報･通信業,4610,4640,4525,4545,-25,-0.547046,35200,OK
2025-03-21,9890,マキヤ,スタンダード（内国株式）,小売業,1082,1088,1081,1081,-6,-0.551978,3700,OK
2025-03-21,9895,コンセック,スタンダード（内国株式）,卸売業,1238,1244,1231,1244,14,1.138211,900,OK
2025-03-21,9896,ＪＫホールディングス,スタンダード（内国株式）,卸売業,1036,1041,1022,1029,-7,-0.675676,23600,OK
2025-03-21,9900,サガミホールディングス,プライム（内国株式）,小売業,1738,1740,1722,1722,-18,-1.034483,148300,OK
2025-03-21,9902,日伝,プライム（内国株式）,卸売業,3125,3125,3055,3115,-40,-1.267829,27800,OK
2025-03-21,9903,カンセキ,スタンダード（内国株式）,小売業,897,897,897,897,2,0.223464,200,OK
2025-03-21,9904,ベリテ,スタンダード（内国株式）,小売業,369,370,367,370,2,0.543478,21700,OK
2025-03-21,9906,藤井産業,スタンダード（内国株式）,卸売業,2560,2574,2513,2528,-24,-0.940439,12400,OK
2025-03-21,9908,日本電計,スタンダード（内国株式）,卸売業,1935,1936,1931,1934,-4,-0.206398,8400,OK
2025-03-21,9913,日邦産業,スタンダード（内国株式）,卸売業,2300,2301,2299,2301,1,0.043478,600,OK
2025-03-21,9914,植松商会,スタンダード（内国株式）,卸売業,984,986,976,976,-9,-0.913706,1100,OK
2025-03-21,9927,ワットマン,スタンダード（内国株式）,小売業,777,789,777,789,9,1.153846,200,OK
2025-03-21,9928,ミロク情報サービス,プライム（内国株式）,情報･通信業,1894,1909,1883,1888,-18,-0.944386,20800,OK
2025-03-21,9929,平和紙業,スタンダード（内国株式）,卸売業,460,464,460,464,4,0.869565,6200,OK
2025-03-21,9930,北沢産業,スタンダード（内国株式）,卸売業,352,354,351,351,-1,-0.284091,10900,OK
2025-03-21,9932,杉本商事,プライム（内国株式）,卸売業,1335,1350,1328,1350,-1,-0.074019,17200,OK
2025-03-21,9934,因幡電機産業,プライム（内国株式）,卸売業,4006,4034,3990,3994,-36,-0.8933,125300,OK
2025-03-21,9936,王将フードサービス,プライム（内国株式）,小売業,3240,3280,3235,3250,-5,-0.15361,223900,OK
2025-03-21,9941,太洋物産,スタンダード（内国株式）,卸売業,894,895,889,889,1,0.112613,2100,OK
2025-03-21,9946,ミニストップ,プライム（内国株式）,小売業,1815,1840,1806,1821,-2,-0.109709,42500,OK
2025-03-21,9948,アークス,プライム（内国株式）,小売業,2946,2969,2912,2958,14,0.475543,78300,OK
2025-03-21,9950,ハチバン,スタンダード（内国株式）,小売業,3425,3430,3420,3425,0,0,1900,OK
2025-03-21,9955,ヨンキュウ,スタンダード（内国株式）,卸売業,2198,2200,2195,2198,2,0.091075,6000,OK
2025-03-21,9956,バローホールディングス,プライム（内国株式）,小売業,2385,2413,2385,2403,22,0.923982,86500,OK
2025-03-21,9959,アシードホールディングス,スタンダード（内国株式）,小売業,724,744,724,744,21,2.904564,7800,OK
2025-03-21,9960,東テク,プライム（内国株式）,卸売業,2614,2646,2614,2629,9,0.343511,71300,OK
2025-03-21,9962,ミスミグループ本社,プライム（内国株式）,卸売業,2606.5,2689,2606.5,2617,-27.5,-1.039894,936200,OK
2025-03-21,9969,ショクブン,スタンダード（内国株式）,小売業,262,264,262,263,1,0.381679,10500,OK
2025-03-21,9972,アルテック,スタンダード（内国株式）,卸売業,262,262,249,250,-9,-3.474903,40000,OK
2025-03-21,9973,ＫＯＺＯホールディングス,スタンダード（内国株式）,小売業,18,18,17,18,1,5.882353,1126000,OK
2025-03-21,9974,ベルク,プライム（内国株式）,小売業,6950,6950,6840,6880,-70,-1.007194,15000,OK
2025-03-21,9976,セキチュー,スタンダード（内国株式）,小売業,1076,1083,1062,1083,-1,-0.092251,10900,OK
2025-03-21,9978,文教堂グループホールディングス,スタンダード（内国株式）,小売業,54,54,52,52,-2,-3.703704,432300,OK
2025-03-21,9979,大庄,スタンダード（内国株式）,小売業,1113,1113,1101,1112,-1,-0.089847,23200,OK
2025-03-21,9980,ＭＲＫホールディングス,スタンダード（内国株式）,小売業,83,84,82,83,0,0,157200,OK
2025-03-21,9982,タキヒヨー,スタンダード（内国株式）,卸売業,1467,1486,1465,1481,17,1.161202,8200,OK
2025-03-21,9983,ファーストリテイリング,プライム（内国株式）,小売業,45500,46090,45320,45340,-280,-0.613766,956400,OK
2025-03-21,9984,ソフトバンクグループ,プライム（内国株式）,情報･通信業,7901,8040,7900,7960,153,1.95978,7281000,OK
2025-03-21,9986,蔵王産業,スタンダード（内国株式）,卸売業,2441,2441,2423,2423,1,0.041288,2900,OK
2025-03-21,9987,スズケン,プライム（内国株式）,卸売業,4967,5069,4961,5069,102,2.053553,703400,OK
2025-03-21,9989,サンドラッグ,プライム（内国株式）,小売業,4201,4241,4198,4203,-9,-0.213675,386800,OK
2025-03-21,9990,サックスバー　ホールディングス,プライム（内国株式）,小売業,922,937,922,926,-5,-0.537057,119800,OK
2025-03-21,9991,ジェコス,プライム（内国株式）,卸売業,1078,1087,1075,1083,-1,-0.092251,61700,OK
2025-03-21,9993,ヤマザワ,スタンダード（内国株式）,小売業,1166,1170,1161,1170,4,0.343053,6100,OK
2025-03-21,9994,やまや,スタンダード（内国株式）,小売業,2958,2959,2952,2959,1,0.033807,7700,OK
2025-03-21,9996,サトー商会,スタンダード（内国株式）,卸売業,2170,2171,2117,2124,-75,-3.410641,4200,OK
2025-03-21,9997,ベルーナ,プライム（内国株式）,小売業,942,960,941,951,4,0.422386,478000,OK
