日付,銘柄コード,銘柄名,市場・商品区分,33業種区分,始値,高値,安値,終値,前日比,前日比％,売買高(株),取得状態
2025-05-13,1301,極洋,プライム（内国株式）,水産・農林業,4580,4675,4535,4570,-75,-1.614639,140800,OK
2025-05-13,130A,Ｖｅｒｉｔａｓ　Ｉｎ　Ｓｉｌｉｃｏ,グロース（内国株式）,医薬品,640,659,640,647,12,1.889764,29300,OK
2025-05-13,131A,ＣＣＮグループ,TOKYO PRO MARKET（内国株式）,情報･通信業,,,,,,,,NO_QUOTE
2025-05-13,132A,アイエヌホールディングス,TOKYO PRO MARKET（内国株式）,陸運業,,,,,,,,NO_QUOTE
2025-05-13,1332,ニッスイ,プライム（内国株式）,水産・農林業,868.9,872.3,855.5,857.8,-15.8,-1.808608,1544500,OK
2025-05-13,1333,マルハニチロ,プライム（内国株式）,水産・農林業,3085,3113,3010,3010,-285,-8.649469,1281400,OK
2025-05-13,134A,アプライズ,TOKYO PRO MARKET（内国株式）,サービス業,,,,,,,,NO_QUOTE
2025-05-13,135A,ＶＲＡＩＮ　Ｓｏｌｕｔｉｏｎ,グロース（内国株式）,情報･通信業,2329,2329,2215,2232,3,0.13459,111700,OK
2025-05-13,136A,三興商事,TOKYO PRO MARKET（内国株式）,建設業,,,,,,,,NO_QUOTE
2025-05-13,1375,ユキグニファクトリー,プライム（内国株式）,水産・農林業,1101,1104,1076,1084,-17,-1.544051,118700,OK
2025-05-13,1376,カネコ種苗,スタンダード（内国株式）,水産・農林業,1427,1428,1416,1416,-4,-0.28169,4000,OK
2025-05-13,1377,サカタのタネ,プライム（内国株式）,水産・農林業,3385,3385,3340,3355,5,0.149254,113100,OK
2025-05-13,1379,ホクト,プライム（内国株式）,水産・農林業,1838,1842,1821,1821,-10,-0.54615,29600,OK
2025-05-13,137A,Ｃｏｃｏｌｉｖｅ,グロース（内国株式）,情報･通信業,1300,1376,1282,1307,9,0.693374,78100,OK
2025-05-13,1380,秋川牧園,スタンダード（内国株式）,水産・農林業,995,996,987,996,1,0.100503,1000,OK
2025-05-13,1381,アクシーズ,スタンダード（内国株式）,水産・農林業,2956,2965,2951,2951,-5,-0.169147,1800,OK
2025-05-13,1382,ホーブ,スタンダード（内国株式）,水産・農林業,1765,1769,1726,1730,-10,-0.574713,1300,OK
2025-05-13,1383,ベルグアース,スタンダード（内国株式）,水産・農林業,2915,3200,2830,2881,-31,-1.06456,90200,OK
2025-05-13,1384,ホクリヨウ,スタンダード（内国株式）,水産・農林業,1473,1502,1470,1483,9,0.610583,28300,OK
2025-05-13,138A,光フードサービス,グロース（内国株式）,小売業,1770,1795,1765,1795,9,0.503919,2700,OK
2025-05-13,139A,東日本地所,TOKYO PRO MARKET（内国株式）,不動産業,,,,,,,,NO_QUOTE
2025-05-13,1401,エムビーエス,グロース（内国株式）,建設業,839,848,837,842,7,0.838323,5400,OK
2025-05-13,1407,ウエストホールディングス,スタンダード（内国株式）,建設業,1665,1675,1603,1608,-40,-2.427184,257700,OK
2025-05-13,1414,ショーボンドホールディングス,プライム（内国株式）,建設業,5048,5048,4942,4996,8,0.160385,221900,OK
2025-05-13,1417,ミライト・ワン,プライム（内国株式）,建設業,2388.5,2394,2324,2348.5,-36.5,-1.530398,278900,OK
2025-05-13,1418,インターライフホールディングス,スタンダード（内国株式）,建設業,380,380,373,377,-1,-0.26455,43200,OK
2025-05-13,1419,タマホーム,プライム（内国株式）,建設業,3995,4000,3985,3990,0,0,178400,OK
2025-05-13,141A,トライアルホールディングス,グロース（内国株式）,小売業,2270,2271,2208,2228,-54,-2.366345,1192500,OK
2025-05-13,1420,サンヨーホームズ,スタンダード（内国株式）,建設業,698,698,682,686,-14,-2,28200,OK
2025-05-13,1429,日本アクア,プライム（内国株式）,建設業,761,761,750,750,-13,-1.703801,85400,OK
2025-05-13,142A,ジンジブ,グロース（内国株式）,サービス業,504,520,502,518,10,1.968504,43100,OK
2025-05-13,1430,ファーストコーポレーション,スタンダード（内国株式）,建設業,958,960,952,954,0,0,39300,OK
2025-05-13,1431,Ｌｉｂ　Ｗｏｒｋ,グロース（内国株式）,建設業,677,681,676,678,-1,-0.147275,13500,OK
2025-05-13,1432,動力,TOKYO PRO MARKET（内国株式）,建設業,,,,,,,,NO_QUOTE
2025-05-13,1433,ベステラ,プライム（内国株式）,建設業,1099,1106,1084,1086,-6,-0.549451,45600,OK
2025-05-13,1434,ＪＥＳＣＯホールディングス,スタンダード（内国株式）,建設業,860,888,855,873,13,1.511628,67900,OK
2025-05-13,1435,ｒｏｂｏｔ　ｈｏｍｅ,スタンダード（内国株式）,不動産業,170,172,168,169,1,0.595238,513200,OK
2025-05-13,1436,グリーンエナジー＆カンパニー,グロース（内国株式）,建設業,2180,2220,2176,2191,37,1.717734,13800,OK
2025-05-13,1438,岐阜造園,スタンダード（内国株式）,建設業,1886,1939,1858,1939,93,5.03792,5400,OK
2025-05-13,143A,イシン,グロース（内国株式）,サービス業,848,894,842,865,24,2.853746,32400,OK
2025-05-13,1443,技研ホールディングス,スタンダード（内国株式）,建設業,191,191,188,188,-3,-1.570681,78700,OK
2025-05-13,1444,ニッソウ,グロース（内国株式）,建設業,2536,2540,2519,2520,5,0.198807,1300,OK
2025-05-13,1445,ひかりホールディングス,TOKYO PRO MARKET（内国株式）,建設業,,,,,,,,NO_QUOTE
2025-05-13,1446,キャンディル,スタンダード（内国株式）,建設業,544,552,543,552,8,1.470588,5600,OK
2025-05-13,1447,ＳＡＡＦホールディングス,グロース（内国株式）,建設業,281,281,277,280,0,0,48100,OK
2025-05-13,144A,エネルギーパワー,TOKYO PRO MARKET（内国株式）,建設業,,,,,,,,NO_QUOTE
2025-05-13,1450,ＴＡＮＡＫＥＮ,スタンダード（内国株式）,建設業,1384,1384,1356,1367,3,0.219941,31300,OK
2025-05-13,1452,横浜ライト工業,TOKYO PRO MARKET（内国株式）,建設業,,,,,,,,NO_QUOTE
2025-05-13,145A,Ｌ　ｉｓ　Ｂ,グロース（内国株式）,情報･通信業,612,614,596,604,-5,-0.821018,14700,OK
2025-05-13,146A,コロンビア・ワークス,スタンダード（内国株式）,不動産業,4170,4180,4055,4100,-85,-2.031063,14800,OK
2025-05-13,147A,ソラコム,グロース（内国株式）,情報･通信業,859,891,859,878,34,4.028436,181500,OK
2025-05-13,148A,ハッチ・ワーク,グロース（内国株式）,情報･通信業,1355,1378,1354,1360,5,0.369004,7000,OK
2025-05-13,1491,中外鉱業,スタンダード（内国株式）,非鉄金属,70,72,67,72,2,2.857143,2934700,OK
2025-05-13,149A,シンカ,グロース（内国株式）,情報･通信業,1038,1044,1009,1009,-26,-2.512077,19000,OK
2025-05-13,150A,ＪＳＨ,グロース（内国株式）,サービス業,503,503,498,502,3,0.601202,3300,OK
2025-05-13,1514,住石ホールディングス,スタンダード（内国株式）,鉱業,726,735,722,722,-2,-0.276243,175800,OK
2025-05-13,1515,日鉄鉱業,プライム（内国株式）,鉱業,6550,6890,6480,6800,150,2.255639,252700,OK
2025-05-13,1518,三井松島ホールディングス,プライム（内国株式）,その他製品,4225,4325,4180,4295,140,3.369434,82300,OK
2025-05-13,151A,ダイブ,グロース（内国株式）,サービス業,979,979,931,936,-32,-3.305785,45500,OK
2025-05-13,152A,オプティ,TOKYO PRO MARKET（内国株式）,卸売業,,,,,,,,NO_QUOTE
2025-05-13,153A,カウリス,グロース（内国株式）,情報･通信業,1722,1838,1451,1508,-68,-4.314721,3881400,OK
2025-05-13,154A,ＧＡＩＡ,TOKYO PRO MARKET（内国株式）,その他金融業,,,,,,,,NO_QUOTE
2025-05-13,155A,情報戦略テクノロジー,グロース（内国株式）,情報･通信業,462,464,454,455,0,0,26700,OK
2025-05-13,156A,マテリアルグループ,グロース（内国株式）,サービス業,719,727,718,720,1,0.139082,62300,OK
2025-05-13,157A,グリーンモンスター,グロース（内国株式）,サービス業,562,562,540,542,-11,-1.98915,4200,OK
2025-05-13,158A,エクセリ,TOKYO PRO MARKET（内国株式）,小売業,,,,,,,,NO_QUOTE
2025-05-13,1605,ＩＮＰＥＸ,プライム（内国株式）,鉱業,1910,1910,1863,1891.5,30,1.611604,10087800,OK
2025-05-13,160A,アズパートナーズ,スタンダード（内国株式）,サービス業,2142,2149,2086,2113,-17,-0.798122,8300,OK
2025-05-13,161A,三葉,TOKYO PRO MARKET（内国株式）,サービス業,,,,,,,,NO_QUOTE
2025-05-13,164A,アップルパーク,TOKYO PRO MARKET（内国株式）,不動産業,,,,,,,,NO_QUOTE
2025-05-13,165A,ＳＢＩレオスひふみ,グロース（内国株式）,証券･商品先物取引業,181,183,179,179,0,0,306500,OK
2025-05-13,1662,石油資源開発,プライム（内国株式）,鉱業,1110,1112,1042,1059,-31,-2.844037,2282700,OK
2025-05-13,1663,Ｋ＆Ｏエナジーグループ,プライム（内国株式）,鉱業,2941,2949,2840,2867,-40,-1.375989,144600,OK
2025-05-13,166A,タスキホールディングス,グロース（内国株式）,不動産業,670,671,658,658,-6,-0.903614,556700,OK
2025-05-13,167A,リョーサン菱洋ホールディングス,プライム（内国株式）,卸売業,2480,2490,2460,2460,-6,-0.243309,100100,OK
2025-05-13,168A,イタミアート,グロース（内国株式）,その他製品,960,1048,950,961,2,0.208551,108800,OK
2025-05-13,1711,ＳＤＳホールディングス,スタンダード（内国株式）,建設業,225,230,221,221,-4,-1.777778,167300,OK
2025-05-13,1712,ダイセキ環境ソリューション,スタンダード（内国株式）,建設業,1137,1176,1137,1160,23,2.022867,54900,OK
2025-05-13,1716,第一カッター興業,スタンダード（内国株式）,建設業,1425,1469,1398,1409,-20,-1.39958,55100,OK
2025-05-13,1717,明豊ファシリティワークス,スタンダード（内国株式）,サービス業,912,912,900,907,0,0,29300,OK
2025-05-13,1718,美樹工業,スタンダード（内国株式）,建設業,5390,5390,5390,5390,0,0,200,OK
2025-05-13,1719,安藤・間,プライム（内国株式）,建設業,1487,1488,1447,1456,-26,-1.754386,818700,OK
2025-05-13,171A,ゼロジャパン,TOKYO PRO MARKET（内国株式）,卸売業,,,,,,,,NO_QUOTE
2025-05-13,1720,東急建設,プライム（内国株式）,建設業,846,846,827,831,-14,-1.656805,305200,OK
2025-05-13,1721,コムシスホールディングス,プライム（内国株式）,建設業,3309,3309,3253,3263,-52,-1.568627,607200,OK
2025-05-13,1723,日本電技,スタンダード（内国株式）,建設業,4160,4160,4035,4080,-45,-1.090909,26600,OK
2025-05-13,1724,シンクレイヤ,スタンダード（内国株式）,建設業,643,647,637,637,-9,-1.393189,2300,OK
2025-05-13,1726,ビーアールホールディングス,プライム（内国株式）,建設業,337,340,335,338,2,0.595238,50200,OK
2025-05-13,172A,ネオホーム,TOKYO PRO MARKET（内国株式）,不動産業,,,,,,,,NO_QUOTE
2025-05-13,1736,オーテック,スタンダード（内国株式）,建設業,1400,1402,1359,1372,-128,-8.533333,36000,OK
2025-05-13,173A,ハンモック,グロース（内国株式）,情報･通信業,1595,1600,1579,1586,-8,-0.501882,1500,OK
2025-05-13,1743,コーアツ工業,スタンダード（内国株式）,建設業,1340,1342,1325,1340,2,0.149477,3700,OK
2025-05-13,174A,エージェンテック,TOKYO PRO MARKET（内国株式）,情報･通信業,,,,,,,,NO_QUOTE
2025-05-13,1757,創建エース,スタンダード（内国株式）,建設業,21,22,21,21,0,0,234300,OK
2025-05-13,1758,太洋基礎工業,スタンダード（内国株式）,建設業,1825,1825,1825,1825,20,1.108033,100,OK
2025-05-13,175A,Ｗｉｌｌ　Ｓｍａｒｔ,グロース（内国株式）,情報･通信業,823,827,803,806,-17,-2.065614,12700,OK
2025-05-13,1762,高松コンストラクショングループ,プライム（内国株式）,建設業,2938,2944,2867,2867,-68,-2.316865,20000,OK
2025-05-13,1764,工藤建設,スタンダード（内国株式）,建設業,2927,2927,2901,2901,1,0.034483,200,OK
2025-05-13,1766,東建コーポレーション,プライム（内国株式）,建設業,13840,13890,13600,13700,-220,-1.58046,35800,OK
2025-05-13,1768,ソネック,スタンダード（内国株式）,建設業,889,895,872,873,-17,-1.910112,32800,OK
2025-05-13,176A,レジル,グロース（内国株式）,電気･ガス業,1896,1896,1827,1847,-23,-1.229947,26500,OK
2025-05-13,1770,藤田エンジニアリング,スタンダード（内国株式）,建設業,1506,1535,1468,1468,-34,-2.263648,9200,OK
2025-05-13,1776,三井住建道路,スタンダード（内国株式）,建設業,1407,1416,1388,1412,11,0.785153,21900,OK
2025-05-13,177A,コージンバイオ,グロース（内国株式）,化学,1736,1736,1717,1735,5,0.289017,1900,OK
2025-05-13,1780,ヤマウラ,プライム（内国株式）,建設業,1230,1233,1220,1228,-1,-0.081367,12400,OK
2025-05-13,1783,ｆａｎｔａｓｉｓｔａ,スタンダード（内国株式）,不動産業,45,46,43,44,0,0,1902600,OK
2025-05-13,1786,オリエンタル白石,プライム（内国株式）,建設業,384,385,377,379,-4,-1.044386,371200,OK
2025-05-13,1787,ナカボーテック,スタンダード（内国株式）,建設業,,,,,,,,NO_QUOTE
2025-05-13,1788,三東工業社,スタンダード（内国株式）,建設業,4185,4195,4185,4195,-45,-1.061321,200,OK
2025-05-13,1793,大本組,スタンダード（内国株式）,建設業,1243,1245,1223,1224,2,0.163666,4200,OK
2025-05-13,1795,マサル,スタンダード（内国株式）,建設業,3965,4000,3965,4000,35,0.882724,600,OK
2025-05-13,1798,守谷商会,スタンダード（内国株式）,建設業,3755,3755,3665,3740,-85,-2.222222,2200,OK
2025-05-13,1799,第一建設工業,スタンダード（内国株式）,建設業,2693,2693,2560,2561,-82,-3.102535,28300,OK
2025-05-13,1801,大成建設,プライム（内国株式）,建設業,7977,8028,7305,7715,-249,-3.12657,2406500,OK
2025-05-13,1802,大林組,プライム（内国株式）,建設業,2287.5,2287.5,2094,2193.5,-115,-4.98159,10646600,OK
2025-05-13,1803,清水建設,プライム（内国株式）,建設業,1563,1568.5,1476,1518,-44.5,-2.848,3957000,OK
2025-05-13,1807,佐藤渡辺,スタンダード（内国株式）,建設業,1655,1655,1626,1629,3,0.184502,1900,OK
2025-05-13,1808,長谷工コーポレーション,プライム（内国株式）,建設業,2047,2047,2023.5,2037,-12.5,-0.609905,723200,OK
2025-05-13,1810,松井建設,スタンダード（内国株式）,建設業,1008,1090,997,1041,36,3.58209,346600,OK
2025-05-13,1811,錢高組,スタンダード（内国株式）,建設業,4530,4535,4430,4435,-45,-1.004464,10500,OK
2025-05-13,1812,鹿島建設,プライム（内国株式）,建設業,3623,3637,3426,3487,-115,-3.192671,2906900,OK
2025-05-13,1813,不動テトラ,プライム（内国株式）,建設業,2241,2275,2187,2201,-2,-0.090785,87700,OK
2025-05-13,1814,大末建設,プライム（内国株式）,建設業,2105,2122,2000,2054,-40,-1.91022,225600,OK
2025-05-13,1815,鉄建建設,プライム（内国株式）,建設業,2842,2899,2640,2656,-205,-7.165327,219000,OK
2025-05-13,1820,西松建設,プライム（内国株式）,建設業,5364,5384,5066,5096,-232,-4.354354,280500,OK
2025-05-13,1821,三井住友建設,プライム（内国株式）,建設業,542,547,539,544,2,0.369004,1262500,OK
2025-05-13,1822,大豊建設,スタンダード（内国株式）,建設業,820,820,801,802,-15,-1.835985,65000,OK
2025-05-13,1826,佐田建設,スタンダード（内国株式）,建設業,1073,1082,1047,1053,-8,-0.754006,57100,OK
2025-05-13,1827,ナカノフドー建設,スタンダード（内国株式）,建設業,762,765,718,723,-36,-4.743083,129500,OK
2025-05-13,1828,田辺工業,スタンダード（内国株式）,建設業,2148,2149,2050,2052,-91,-4.246384,39100,OK
2025-05-13,1833,奥村組,プライム（内国株式）,建設業,4490,4505,4395,4425,-50,-1.117318,76200,OK
2025-05-13,1835,東鉄工業,プライム（内国株式）,建設業,3270,3275,3190,3205,-60,-1.837672,90800,OK
2025-05-13,1840,土屋ホールディングス,スタンダード（内国株式）,建設業,226,226,222,224,-1,-0.444444,24400,OK
2025-05-13,1841,サンユー建設,スタンダード（内国株式）,建設業,1110,1149,1110,1149,40,3.606853,900,OK
2025-05-13,1844,大盛工業,スタンダード（内国株式）,建設業,272,272,269,271,1,0.37037,91400,OK
2025-05-13,1847,イチケン,スタンダード（内国株式）,建設業,2849,2849,2742,2776,-47,-1.664896,29200,OK
2025-05-13,1848,富士ピー・エス,スタンダード（内国株式）,建設業,444,445,442,442,-1,-0.225734,5500,OK
2025-05-13,184A,学びエイド,グロース（内国株式）,情報･通信業,404,454,404,413,9,2.227723,211000,OK
2025-05-13,1850,南海辰村建設,スタンダード（内国株式）,建設業,315,315,303,304,-10,-3.184713,66100,OK
2025-05-13,1852,淺沼組,プライム（内国株式）,建設業,750,750,730,734,-14,-1.871658,341400,OK
2025-05-13,1853,森組,スタンダード（内国株式）,建設業,301,302,300,302,3,1.003344,11600,OK
2025-05-13,185A,リサイクルテック・ジャパン,TOKYO PRO MARKET（内国株式）,サービス業,,,,,,,,NO_QUOTE
2025-05-13,1860,戸田建設,プライム（内国株式）,建設業,920.7,920.7,893.6,900.7,-13.6,-1.487477,730100,OK
2025-05-13,1861,熊谷組,プライム（内国株式）,建設業,4365,4365,4240,4290,-85,-1.942857,167000,OK
2025-05-13,1866,北野建設,スタンダード（内国株式）,建設業,4425,4425,4260,4285,-85,-1.94508,3900,OK
2025-05-13,1867,植木組,スタンダード（内国株式）,建設業,1831,1866,1800,1802,-29,-1.583834,38500,OK
2025-05-13,186A,アストロスケールホールディングス,グロース（内国株式）,サービス業,767,774,738,739,-9,-1.203209,2119300,OK
2025-05-13,1870,矢作建設工業,プライム（内国株式）,建設業,1640,1651,1628,1638,-20,-1.206273,292800,OK
2025-05-13,1871,ピーエス・コンストラクション,プライム（内国株式）,建設業,1598,1607,1506,1524,-74,-4.630788,435800,OK
2025-05-13,1873,日本ハウスホールディングス,プライム（内国株式）,建設業,325,325,318,318,-4,-1.242236,144200,OK
2025-05-13,1878,大東建託,プライム（内国株式）,不動産業,16295,16440,16180,16210,-90,-0.552147,291600,OK
2025-05-13,1879,新日本建設,プライム（内国株式）,建設業,1694,1694,1600,1634,-61,-3.59882,89500,OK
2025-05-13,1882,東亜道路工業,プライム（内国株式）,建設業,1478,1485,1450,1450,-28,-1.894452,150000,OK
2025-05-13,1884,日本道路,プライム（内国株式）,建設業,2149,2198,2120,2169,13,0.602968,244600,OK
2025-05-13,1885,東亜建設工業,プライム（内国株式）,建設業,1456,1461,1412,1428,-28,-1.923077,424600,OK
2025-05-13,1887,日本国土開発,プライム（内国株式）,建設業,491,494,486,487,-1,-0.204918,199900,OK
2025-05-13,1888,若築建設,プライム（内国株式）,建設業,4165,4165,4040,4050,-60,-1.459854,5900,OK
2025-05-13,1890,東洋建設,プライム（内国株式）,建設業,1378,1390,1338,1376,-20,-1.432665,1689000,OK
2025-05-13,1893,五洋建設,プライム（内国株式）,建設業,896,900,861.2,868.1,-37.1,-4.098542,3537200,OK
2025-05-13,1897,金下建設,スタンダード（内国株式）,建設業,2785,2785,2735,2735,-13,-0.473071,200,OK
2025-05-13,1898,世紀東急工業,プライム（内国株式）,建設業,1512,1538,1440,1440,-112,-7.216495,899700,OK
2025-05-13,1899,福田組,プライム（内国株式）,建設業,5350,5350,5120,5130,-200,-3.752345,7700,OK
2025-05-13,189A,Ｄ＆Ｍカンパニー,グロース（内国株式）,サービス業,834,834,817,817,-8,-0.969697,1500,OK
2025-05-13,1904,大成温調,スタンダード（内国株式）,建設業,3865,3885,3825,3835,-30,-0.776197,16800,OK
2025-05-13,1905,テノックス,スタンダード（内国株式）,建設業,1095,1100,1077,1085,0,0,10300,OK
2025-05-13,1909,日本ドライケミカル,スタンダード（内国株式）,機械,4260,4260,4110,4220,15,0.356718,37700,OK
2025-05-13,190A,Ｃｈｏｒｄｉａ　Ｔｈｅｒａｐｅｕｔｉｃｓ,グロース（内国株式）,医薬品,225,227,223,225,0,0,314600,OK
2025-05-13,1911,住友林業,プライム（内国株式）,建設業,4316,4324,4246,4302,35,0.820248,1028800,OK
2025-05-13,1914,日本基礎技術,スタンダード（内国株式）,建設業,714,716,697,698,-13,-1.828411,114700,OK
2025-05-13,191A,ミモザ,TOKYO PRO MARKET（内国株式）,サービス業,,,,,,,,NO_QUOTE
2025-05-13,1921,巴コーポレーション,スタンダード（内国株式）,建設業,1438,1450,1373,1373,-51,-3.581461,50300,OK
2025-05-13,1925,大和ハウス工業,プライム（内国株式）,建設業,5275,5279,5063,5063,-167,-3.193117,2104100,OK
2025-05-13,1926,ライト工業,プライム（内国株式）,建設業,2700,2706,2650,2665,-44,-1.624216,125200,OK
2025-05-13,1928,積水ハウス,プライム（内国株式）,建設業,3396,3397,3360,3384,21,0.624442,1632400,OK
2025-05-13,1929,日特建設,プライム（内国株式）,建設業,1081,1081,1052,1052,-29,-2.682701,55400,OK
2025-05-13,192A,インテグループ,グロース（内国株式）,サービス業,2770,2793,2716,2717,-3,-0.110294,7000,OK
2025-05-13,1930,北陸電気工事,プライム（内国株式）,建設業,1229,1235,1169,1182,-55,-4.446241,98900,OK
2025-05-13,1934,ユアテック,プライム（内国株式）,建設業,1874,1883,1855,1866,-10,-0.533049,68900,OK
2025-05-13,1938,日本リーテック,プライム（内国株式）,建設業,1778,1787,1650,1693,11,0.653983,155300,OK
2025-05-13,1939,四電工,プライム（内国株式）,建設業,1329,1330,1295,1296,-19,-1.444867,89500,OK
2025-05-13,193A,グローベルス,TOKYO PRO MARKET（内国株式）,不動産業,,,,,,,,NO_QUOTE
2025-05-13,1941,中電工,プライム（内国株式）,建設業,3430,3430,3300,3320,-105,-3.065693,110300,OK
2025-05-13,1942,関電工,プライム（内国株式）,建設業,2846,2864.5,2763.5,2805,-75.5,-2.621073,933000,OK
2025-05-13,1944,きんでん,プライム（内国株式）,建設業,3766,3786,3666,3683,-137,-3.586387,518300,OK
2025-05-13,1945,東京エネシス,プライム（内国株式）,建設業,1239,1248,1180,1185,36,3.133159,151200,OK
2025-05-13,1946,トーエネック,プライム（内国株式）,建設業,1120,1130,1107,1113,-6,-0.536193,139400,OK
2025-05-13,1948,弘電社,スタンダード（内国株式）,建設業,2090,2150,2058,2100,34,1.645692,36700,OK
2025-05-13,1949,住友電設,プライム（内国株式）,建設業,5460,5570,5310,5490,30,0.549451,101600,OK
2025-05-13,194A,ＷＯＬＶＥＳ　ＨＡＮＤ,グロース（内国株式）,サービス業,753,753,724,738,-16,-2.122016,10300,OK
2025-05-13,1950,日本電設工業,プライム（内国株式）,建設業,2428,2428,2368,2374,-54,-2.224053,63300,OK
2025-05-13,1951,エクシオグループ,プライム（内国株式）,建設業,1829,1846,1819,1820.5,-48.5,-2.594971,1142600,OK
2025-05-13,1952,新日本空調,プライム（内国株式）,建設業,2200,2222,2110,2145,-72,-3.247632,241100,OK
2025-05-13,1959,九電工,プライム（内国株式）,建設業,5078,5090,4934,4961,-95,-1.878956,161700,OK
2025-05-13,195A,ライスカレー,グロース（内国株式）,サービス業,930,1025,930,1025,85,9.042553,63100,OK
2025-05-13,1960,サンテック,スタンダード（内国株式）,建設業,825,849,825,848,25,3.037667,19200,OK
2025-05-13,1961,三機工業,プライム（内国株式）,建設業,3835,3855,3720,3765,-50,-1.310616,345700,OK
2025-05-13,1963,日揮ホールディングス,プライム（内国株式）,建設業,1192,1199,1175.5,1175.5,-2,-0.169851,1000500,OK
2025-05-13,1964,中外炉工業,プライム（内国株式）,建設業,3920,3940,3755,3760,-145,-3.713188,34200,OK
2025-05-13,1965,テクノ菱和,スタンダード（内国株式）,建設業,2897,3025,2806,2956,86,2.996516,295200,OK
2025-05-13,1966,高田工業所,スタンダード（内国株式）,建設業,1492,1503,1452,1470,0,0,42100,OK
2025-05-13,1967,ヤマト,スタンダード（内国株式）,建設業,1579,1618,1558,1569,1,0.063776,28800,OK
2025-05-13,1968,太平電業,プライム（内国株式）,建設業,5000,5010,4945,4955,-25,-0.502008,26000,OK
2025-05-13,1969,高砂熱学工業,プライム（内国株式）,建設業,6631,6660,6315,6545,-112,-1.68244,714700,OK
2025-05-13,196A,ＭＦＳ,グロース（内国株式）,その他金融業,520,532,501,527,7,1.346154,188300,OK
2025-05-13,1972,三晃金属工業,スタンダード（内国株式）,建設業,5860,5870,5770,5820,-10,-0.171527,13100,OK
2025-05-13,1975,朝日工業社,プライム（内国株式）,建設業,2088,2090,2055,2079,-19,-0.905624,98200,OK
2025-05-13,1976,明星工業,プライム（内国株式）,建設業,1473,1480,1443,1447,-14,-0.958248,87300,OK
2025-05-13,1979,大氣社,プライム（内国株式）,建設業,2433,2454,2417,2441,29,1.202322,216900,OK
2025-05-13,197A,タウンズ,スタンダード（内国株式）,医薬品,508,511,504,507,-1,-0.19685,418700,OK
2025-05-13,1980,ダイダン,プライム（内国株式）,建設業,4200,4215,4005,4035,-165,-3.928571,238900,OK
2025-05-13,1981,協和日成,スタンダード（内国株式）,建設業,1382,1382,1382,1382,30,2.218935,200,OK
2025-05-13,1982,日比谷総合設備,プライム（内国株式）,建設業,3700,3750,3455,3485,-165,-4.520548,136400,OK
2025-05-13,198A,ＰｏｓｔＰｒｉｍｅ,グロース（内国株式）,情報･通信業,513,517,509,517,10,1.972387,10000,OK
2025-05-13,1992,神田通信機,スタンダード（内国株式）,建設業,2613,2613,2613,2613,0,0,200,OK
2025-05-13,1994,高橋カーテンウォール工業,スタンダード（内国株式）,建設業,494,494,490,490,-4,-0.809717,5500,OK
2025-05-13,1997,暁飯島工業,スタンダード（内国株式）,建設業,2500,2500,2484,2484,24,0.97561,400,OK
2025-05-13,199A,メディエア,TOKYO PRO MARKET（内国株式）,情報･通信業,,,,,,,,NO_QUOTE
2025-05-13,2001,ニップン,プライム（内国株式）,食料品,2245,2247,2216,2226,-23,-1.022677,249200,OK
2025-05-13,2002,日清製粉グループ本社,プライム（内国株式）,食料品,1850.5,1858.5,1827,1832,-19,-1.026472,750100,OK
2025-05-13,2003,日東富士製粉,スタンダード（内国株式）,食料品,7380,7380,7150,7160,-180,-2.452316,10300,OK
2025-05-13,2004,昭和産業,プライム（内国株式）,食料品,2960,2996,2903,2903,-102,-3.394343,50800,OK
2025-05-13,2009,鳥越製粉,スタンダード（内国株式）,食料品,890,891,874,876,-12,-1.351351,45400,OK
2025-05-13,202A,豆蔵デジタルホールディングス,グロース（内国株式）,情報･通信業,1338,1349,1301,1324,-94,-6.629055,365800,OK
2025-05-13,203A,シュンビン,TOKYO PRO MARKET（内国株式）,サービス業,,,,,,,,NO_QUOTE
2025-05-13,204A,タイヨーパッケージ,TOKYO PRO MARKET（内国株式）,パルプ・紙,,,,,,,,NO_QUOTE
2025-05-13,2053,中部飼料,プライム（内国株式）,食料品,1503,1511,1483,1495,-13,-0.862069,57300,OK
2025-05-13,2055,日和産業,スタンダード（内国株式）,食料品,310,310,303,310,-2,-0.641026,41500,OK
2025-05-13,205A,ロゴスホールディングス,グロース（内国株式）,建設業,1052,1056,1040,1045,4,0.384246,8000,OK
2025-05-13,2060,フィード・ワン,プライム（内国株式）,食料品,932,943,927,936,4,0.429185,155600,OK
2025-05-13,206A,ＰＲＩＳＭ　ＢｉｏＬａｂ,グロース（内国株式）,医薬品,235,245,232,245,12,5.150215,165300,OK
2025-05-13,207A,ライジングコーポレーション,TOKYO PRO MARKET（内国株式）,建設業,,,,,,,,NO_QUOTE
2025-05-13,208A,構造計画研究所ホールディングス,スタンダード（内国株式）,情報･通信業,2600,2605,2542,2550,-42,-1.62037,12900,OK
2025-05-13,209A,小野谷機工,TOKYO PRO MARKET（内国株式）,機械,,,,,,,,NO_QUOTE
2025-05-13,2107,東洋精糖,スタンダード（内国株式）,食料品,2075,2075,2074,2074,0,0,700,OK
2025-05-13,2108,日本甜菜製糖,プライム（内国株式）,食料品,2322,2336,2296,2297,-21,-0.905953,11300,OK
2025-05-13,2109,ＤＭ三井製糖,プライム（内国株式）,食料品,3305,3310,3265,3265,-35,-1.060606,37300,OK
2025-05-13,2112,塩水港精糖,スタンダード（内国株式）,食料品,340,340,330,334,-7,-2.052786,172400,OK
2025-05-13,2114,フジ日本,スタンダード（内国株式）,食料品,1049,1050,1043,1047,-2,-0.190658,6000,OK
2025-05-13,2117,ウェルネオシュガー,プライム（内国株式）,食料品,2330,2344,2325,2326,-12,-0.513259,18700,OK
2025-05-13,211A,カドス・コーポレーション,スタンダード（内国株式）,建設業,3500,3775,3390,3545,85,2.456647,43200,OK
2025-05-13,2120,ＬＩＦＵＬＬ,プライム（内国株式）,サービス業,154,154,150,151,-1,-0.657895,512900,OK
2025-05-13,2121,ＭＩＸＩ,プライム（内国株式）,サービス業,3140,3145,3085,3090,-40,-1.277955,115100,OK
2025-05-13,2122,インタースペース,スタンダード（内国株式）,サービス業,961,974,943,944,-10,-1.048218,4100,OK
2025-05-13,2124,ジェイエイシーリクルートメント,プライム（内国株式）,サービス業,826,834,822,828,2,0.242131,172900,OK
2025-05-13,2127,日本Ｍ＆Ａセンターホールディングス,プライム（内国株式）,サービス業,636,647.9,635,640,12.8,2.040816,2421500,OK
2025-05-13,212A,フィットイージー,スタンダード（内国株式）,サービス業,1565,1567,1545,1559,-9,-0.57398,46500,OK
2025-05-13,2130,メンバーズ,プライム（内国株式）,サービス業,1250,1256,1218,1256,24,1.948052,54300,OK
2025-05-13,2134,北浜キャピタルパートナーズ,スタンダード（内国株式）,サービス業,22,22,20,20,-2,-9.090909,15356000,OK
2025-05-13,2136,ヒップ,スタンダード（内国株式）,サービス業,1166,1182,1161,1181,1,0.084746,11600,OK
2025-05-13,2138,クルーズ,スタンダード（内国株式）,情報･通信業,600,610,599,608,10,1.672241,48200,OK
2025-05-13,2139,中広,スタンダード（内国株式）,サービス業,421,422,419,420,1,0.238663,2500,OK
2025-05-13,2146,ＵＴグループ,プライム（内国株式）,サービス業,2021,2032,2004,2011,9,0.44955,161700,OK
2025-05-13,2148,アイティメディア,プライム（内国株式）,サービス業,1572,1573,1537,1541,-28,-1.784576,68300,OK
2025-05-13,2150,ケアネット,プライム（内国株式）,サービス業,755,762,737,744,-2,-0.268097,212200,OK
2025-05-13,2152,幼児活動研究会,スタンダード（内国株式）,サービス業,1315,1355,1315,1316,0,0,3100,OK
2025-05-13,2153,Ｅ・Ｊホールディングス,プライム（内国株式）,サービス業,1635,1638,1625,1630,2,0.12285,21500,OK
2025-05-13,2154,オープンアップグループ,プライム（内国株式）,サービス業,1788,1797,1777,1789,12,0.675295,158400,OK
2025-05-13,2156,セーラー広告,スタンダード（内国株式）,サービス業,337,338,335,336,-1,-0.296736,3700,OK
2025-05-13,2157,コシダカホールディングス,プライム（内国株式）,サービス業,1031,1034,1021,1022,-8,-0.776699,194800,OK
2025-05-13,2158,ＦＲＯＮＴＥＯ,グロース（内国株式）,サービス業,612,623,605,606,-5,-0.818331,142700,OK
2025-05-13,215A,タイミー,グロース（内国株式）,サービス業,1797,1832,1783,1808,18,1.005587,1452900,OK
2025-05-13,2160,ジーエヌアイグループ,グロース（内国株式）,医薬品,2431,2490,2431,2486,112,4.717776,1524000,OK
2025-05-13,2162,ｎｍｓ　ホールディングス,スタンダード（内国株式）,サービス業,561,561,543,547,-8,-1.441441,104700,OK
2025-05-13,2163,アルトナー,プライム（内国株式）,サービス業,1931,1936,1915,1916,-6,-0.312175,16300,OK
2025-05-13,2164,地域新聞社,グロース（内国株式）,サービス業,354,368,352,368,17,4.843305,37100,OK
2025-05-13,2168,パソナグループ,プライム（内国株式）,サービス業,2199,2216,2184,2200,12,0.548446,133500,OK
2025-05-13,2169,ＣＤＳ,スタンダード（内国株式）,サービス業,1847,1857,1846,1856,9,0.487277,4000,OK
2025-05-13,216A,ライフクリエイト,TOKYO PRO MARKET（内国株式）,小売業,,,,,,,,NO_QUOTE
2025-05-13,2170,リンクアンドモチベーション,プライム（内国株式）,サービス業,608,614,603,605,7,1.170569,348300,OK
2025-05-13,2173,博展,グロース（内国株式）,サービス業,556,559,494,504,-49,-8.860759,201000,OK
2025-05-13,2175,エス・エム・エス,プライム（内国株式）,サービス業,1400.5,1415.5,1388.5,1388.5,18,1.313389,430400,OK
2025-05-13,2179,成学社,スタンダード（内国株式）,サービス業,751,755,751,753,2,0.266312,800,OK
2025-05-13,217A,サポート,TOKYO PRO MARKET（内国株式）,サービス業,,,,,,,,NO_QUOTE
2025-05-13,2180,サニーサイドアップグループ,スタンダード（内国株式）,サービス業,508,520,501,502,1,0.199601,43700,OK
2025-05-13,2181,パーソルホールディングス,プライム（内国株式）,サービス業,273,274.7,271.6,271.9,4,1.493094,5577300,OK
2025-05-13,2183,リニカル,スタンダード（内国株式）,サービス業,300,301,297,297,-3,-1,15000,OK
2025-05-13,2185,シイエム・シイ,スタンダード（内国株式）,サービス業,1570,1616,1330,1362,-197,-12.636305,32900,OK
2025-05-13,2186,ソーバル,スタンダード（内国株式）,サービス業,902,904,898,898,0,0,5500,OK
2025-05-13,218A,Ｌｉｂｅｒａｗａｒｅ,グロース（内国株式）,精密機器,1028,1030,994,995,-18,-1.7769,445600,OK
2025-05-13,2193,クックパッド,スタンダード（内国株式）,サービス業,165,176,165,170,6,3.658537,1254900,OK
2025-05-13,2195,アミタホールディングス,グロース（内国株式）,サービス業,338,379,334,378,45,13.513514,164900,OK
2025-05-13,2196,エスクリ,スタンダード（内国株式）,サービス業,195,204,193,197,4,2.072539,548800,OK
2025-05-13,2198,アイ・ケイ・ケイホールディングス,プライム（内国株式）,サービス業,800,809,797,808,10,1.253133,84900,OK
2025-05-13,219A,Ｈｅａｒｔｓｅｅｄ,グロース（内国株式）,医薬品,2381,2476,2364,2370,34,1.455479,748900,OK
2025-05-13,2201,森永製菓,プライム（内国株式）,食料品,2497,2512.5,2486.5,2504.5,5,0.20004,362000,OK
2025-05-13,2204,中村屋,スタンダード（内国株式）,食料品,3245,3245,3195,3195,-20,-0.622084,4300,OK
2025-05-13,2206,江崎グリコ,プライム（内国株式）,食料品,4621,4688,4612,4686,12,0.256739,197700,OK
2025-05-13,2207,名糖産業,プライム（内国株式）,食料品,2092,2097,2069,2073,-19,-0.908222,21700,OK
2025-05-13,2208,ブルボン,スタンダード（内国株式）,食料品,2642,2645,2612,2627,12,0.458891,7500,OK
2025-05-13,2209,井村屋グループ,プライム（内国株式）,食料品,2543,2543,2501,2501,-44,-1.72888,10700,OK
2025-05-13,220A,Ｆａｂｅｒ　Ｃｏｍｐａｎｙ,スタンダード（内国株式）,情報･通信業,1150,1150,1120,1149,1,0.087108,5800,OK
2025-05-13,2211,不二家,プライム（内国株式）,食料品,2419,2440,2409,2413,-8,-0.330442,25500,OK
2025-05-13,2212,山崎製パン,プライム（内国株式）,食料品,3313,3338,3255,3259,-106,-3.150074,748400,OK
2025-05-13,2215,第一屋製パン,スタンダード（内国株式）,食料品,598,601,591,596,-2,-0.334448,26500,OK
2025-05-13,2216,カンロ,スタンダード（内国株式）,食料品,3890,3940,3815,3850,-65,-1.660281,62100,OK
2025-05-13,2217,モロゾフ,プライム（内国株式）,食料品,1791,1807,1774,1783,-6,-0.335383,42500,OK
2025-05-13,2220,亀田製菓,プライム（内国株式）,食料品,3920,3920,3850,3890,-20,-0.511509,75600,OK
2025-05-13,2221,岩塚製菓,スタンダード（内国株式）,食料品,3365,3450,3365,3450,85,2.526003,11300,OK
2025-05-13,2222,寿スピリッツ,プライム（内国株式）,食料品,2283,2284,2215,2223,-59.5,-2.606791,594100,OK
2025-05-13,2224,コモ,スタンダード（内国株式）,食料品,3115,3125,3105,3125,15,0.482315,2000,OK
2025-05-13,2226,湖池屋,スタンダード（内国株式）,食料品,4655,4655,4625,4640,20,0.4329,2700,OK
2025-05-13,2229,カルビー,プライム（内国株式）,食料品,2889,2927,2873,2923,26,0.89748,624300,OK
2025-05-13,222A,ＮＩＣＳ,TOKYO PRO MARKET（内国株式）,情報･通信業,,,,,,,,NO_QUOTE
2025-05-13,2264,森永乳業,プライム（内国株式）,食料品,3260,3554,3191,3335,60,1.832061,991000,OK
2025-05-13,2266,六甲バター,プライム（内国株式）,食料品,1245,1264,1245,1246,9,0.727567,17500,OK
2025-05-13,2267,ヤクルト本社,プライム（内国株式）,食料品,2945.5,2997.5,2806,2868.5,-104.5,-3.514968,3036400,OK
2025-05-13,2268,Ｂ−Ｒ　サーティワン　アイスクリーム,スタンダード（内国株式）,食料品,4090,4095,4085,4090,0,0,4600,OK
2025-05-13,2269,明治ホールディングス,プライム（内国株式）,食料品,3236,3246,3203,3219,-17,-0.52534,1819800,OK
2025-05-13,226A,勝美ジャパン,TOKYO PRO MARKET（内国株式）,食料品,,,,,,,,NO_QUOTE
2025-05-13,2270,雪印メグミルク,プライム（内国株式）,食料品,2597,2612,2571,2577,-15,-0.578704,147900,OK
2025-05-13,227A,ＩＮＳＩＧＨＴ　ＬＡＢ,TOKYO PRO MARKET（内国株式）,情報･通信業,,,,,,,,NO_QUOTE
2025-05-13,2281,プリマハム,プライム（内国株式）,食料品,2300,2317,2261,2270,-38,-1.646447,105500,OK
2025-05-13,2282,日本ハム,プライム（内国株式）,食料品,5308,5321,5206,5285,-39,-0.732532,824500,OK
2025-05-13,2286,林兼産業,スタンダード（内国株式）,食料品,532,535,526,526,-8,-1.498127,25000,OK
2025-05-13,2288,丸大食品,プライム（内国株式）,食料品,1799,1799,1779,1783,-11,-0.613155,25100,OK
2025-05-13,228A,オプロ,グロース（内国株式）,情報･通信業,1246,1246,1217,1238,10,0.814332,500,OK
2025-05-13,2291,福留ハム,スタンダード（内国株式）,食料品,1025,1027,1015,1018,-7,-0.682927,4200,OK
2025-05-13,2292,Ｓ　Ｆｏｏｄｓ,プライム（内国株式）,食料品,2672,2672,2610,2643,-24,-0.899888,61600,OK
2025-05-13,2293,滝沢ハム,スタンダード（内国株式）,食料品,2572,2572,2551,2553,3,0.117647,1900,OK
2025-05-13,2294,柿安本店,プライム（内国株式）,食料品,2806,2806,2772,2776,-16,-0.573066,35500,OK
2025-05-13,2296,伊藤ハム米久ホールディングス,プライム（内国株式）,食料品,4950,4950,4885,4925,-70,-1.401401,184100,OK
2025-05-13,229A,アスミホールディングス,TOKYO PRO MARKET（内国株式）,建設業,,,,,,,,NO_QUOTE
2025-05-13,2300,きょくとう,スタンダード（内国株式）,サービス業,473,474,470,474,3,0.636943,4400,OK
2025-05-13,2301,学情,プライム（内国株式）,サービス業,1714,1730,1710,1717,3,0.175029,37800,OK
2025-05-13,2303,ドーン,スタンダード（内国株式）,情報･通信業,2244,2244,2202,2239,2,0.089405,3100,OK
2025-05-13,2304,ＣＳＳホールディングス,スタンダード（内国株式）,サービス業,995,1040,991,1026,36,3.636364,42300,OK
2025-05-13,2305,スタジオアリス,スタンダード（内国株式）,サービス業,2109,2109,2080,2080,-29,-1.375059,16200,OK
2025-05-13,2307,クロスキャット,プライム（内国株式）,情報･通信業,1093,1093,1074,1080,-5,-0.460829,27800,OK
2025-05-13,2311,エプコ,スタンダード（内国株式）,サービス業,719,719,712,712,-2,-0.280112,8400,OK
2025-05-13,2315,ＣＡＩＣＡ　ＤＩＧＩＴＡＬ,スタンダード（内国株式）,情報･通信業,58,61,58,60,3,5.263158,3037500,OK
2025-05-13,2317,システナ,プライム（内国株式）,情報･通信業,393,395,388,389,0,0,1099600,OK
2025-05-13,2321,ソフトフロントホールディングス,グロース（内国株式）,情報･通信業,94,94,91,91,-3,-3.191489,351200,OK
2025-05-13,2323,ｆｏｎｆｕｎ,スタンダード（内国株式）,情報･通信業,432,438,431,438,4,0.921659,9800,OK
2025-05-13,2325,ＮＪＳ,プライム（内国株式）,サービス業,4015,4035,3890,3895,-50,-1.267427,27300,OK
2025-05-13,2326,デジタルアーツ,プライム（内国株式）,情報･通信業,6580,6870,6580,6700,180,2.760736,163500,OK
2025-05-13,2327,日鉄ソリューションズ,プライム（内国株式）,情報･通信業,3799,3799,3735,3759,-43,-1.130984,417100,OK
2025-05-13,2329,東北新社,スタンダード（内国株式）,情報･通信業,597,599,587,599,6,1.011804,71200,OK
2025-05-13,2330,フォーサイド,スタンダード（内国株式）,情報･通信業,159,164,156,164,7,4.458599,836100,OK
2025-05-13,2331,綜合警備保障,プライム（内国株式）,サービス業,1157.5,1162.5,1045,1088.5,-73,-6.284976,2249700,OK
2025-05-13,2332,クエスト,スタンダード（内国株式）,情報･通信業,1318,1321,1298,1312,11,0.845503,3400,OK
2025-05-13,2334,イオレ,グロース（内国株式）,サービス業,745,750,722,738,4,0.544959,89000,OK
2025-05-13,2335,キューブシステム,プライム（内国株式）,情報･通信業,1077,1083,1055,1062,-13,-1.209302,19700,OK
2025-05-13,2337,いちご,プライム（内国株式）,不動産業,391,394,387,387,-1,-0.257732,442000,OK
2025-05-13,2338,クオンタムソリューションズ,スタンダード（内国株式）,情報･通信業,491,495,488,488,-11,-2.204409,60100,OK
2025-05-13,2340,極楽湯ホールディングス,スタンダード（内国株式）,サービス業,501,504,496,496,-4,-0.8,67600,OK
2025-05-13,2341,アルバイトタイムス,スタンダード（内国株式）,サービス業,151,151,148,148,-1,-0.671141,35800,OK
2025-05-13,2342,トランスジェニックグループ,グロース（内国株式）,サービス業,165,168,155,155,-18,-10.404624,361600,OK
2025-05-13,2344,平安レイサービス,スタンダード（内国株式）,サービス業,861,861,846,851,-7,-0.815851,9400,OK
2025-05-13,2345,クシム,スタンダード（内国株式）,情報･通信業,200,206,198,203,4,2.01005,335000,OK
2025-05-13,2349,エヌアイデイ,スタンダード（内国株式）,情報･通信業,2342,2388,2342,2388,-4,-0.167224,800,OK
2025-05-13,2351,ＡＳＪ,グロース（内国株式）,情報･通信業,381,413,375,378,45,13.513514,1018300,OK
2025-05-13,2353,日本駐車場開発,プライム（内国株式）,不動産業,246,247,240,243,-2,-0.816327,986800,OK
2025-05-13,2354,ＹＥ　ＤＩＧＩＴＡＬ,スタンダード（内国株式）,情報･通信業,638,638,631,637,3,0.473186,53000,OK
2025-05-13,2359,コア,プライム（内国株式）,情報･通信業,1830,1830,1793,1793,-35,-1.914661,9500,OK
2025-05-13,2370,メディネット,グロース（内国株式）,サービス業,31,32,30,31,1,3.333333,1332000,OK
2025-05-13,2371,カカクコム,プライム（内国株式）,サービス業,2544,2573.5,2497,2515,-61.5,-2.386959,1221700,OK
2025-05-13,2373,ケア２１,スタンダード（内国株式）,サービス業,394,394,386,387,1,0.259067,4300,OK
2025-05-13,2374,セントケア・ホールディング,プライム（内国株式）,サービス業,780,780,766,771,-7,-0.899743,24100,OK
2025-05-13,2375,ギグワークス,スタンダード（内国株式）,サービス業,239,239,235,235,0,0,76700,OK
2025-05-13,2376,サイネックス,スタンダード（内国株式）,サービス業,771,783,770,770,1,0.130039,1800,OK
2025-05-13,2378,ルネサンス,プライム（内国株式）,サービス業,1035,1035,1020,1020,-2,-0.195695,27600,OK
2025-05-13,2379,ディップ,プライム（内国株式）,サービス業,2170,2243,2168,2210,50,2.314815,383900,OK
2025-05-13,2384,ＳＢＳホールディングス,プライム（内国株式）,陸運業,2940,2942,2877,2911,-22,-0.750085,36600,OK
2025-05-13,2385,総医研ホールディングス,グロース（内国株式）,サービス業,134,136,132,136,3,2.255639,103600,OK
2025-05-13,2388,ウェッジホールディングス,グロース（内国株式）,その他金融業,70,71,69,70,1,1.449275,89500,OK
2025-05-13,2389,デジタルホールディングス,プライム（内国株式）,サービス業,1463,1508,1441,1461,1,0.068493,178600,OK
2025-05-13,2391,プラネット,スタンダード（内国株式）,サービス業,1255,1257,1240,1240,-8,-0.641026,2500,OK
2025-05-13,2393,日本ケアサプライ,スタンダード（内国株式）,サービス業,2025,2046,1950,1995,-29,-1.432806,7200,OK
2025-05-13,2395,新日本科学,プライム（内国株式）,サービス業,1347,1403,1333,1389,85,6.518405,826600,OK
2025-05-13,2397,ＤＮＡチップ研究所,スタンダード（内国株式）,サービス業,1091,1092,1091,1092,1,0.091659,24200,OK
2025-05-13,239A,バレッグス,TOKYO PRO MARKET（内国株式）,不動産業,,,,,,,,NO_QUOTE
2025-05-13,2404,鉄人化ホールディングス,スタンダード（内国株式）,サービス業,500,505,499,500,0,0,9500,OK
2025-05-13,2408,ＫＧ情報,スタンダード（内国株式）,サービス業,640,640,624,627,-13,-2.03125,18800,OK
2025-05-13,2410,キャリアデザインセンター,プライム（内国株式）,サービス業,1785,1794,1766,1766,-14,-0.786517,9800,OK
2025-05-13,2411,ゲンダイエージェンシー,スタンダード（内国株式）,情報･通信業,379,384,379,383,3,0.789474,62000,OK
2025-05-13,2413,エムスリー,プライム（内国株式）,サービス業,1939.5,1981,1923,1935,22.5,1.176471,4814900,OK
2025-05-13,2415,ヒューマンホールディングス,スタンダード（内国株式）,サービス業,1640,1641,1624,1641,5,0.305623,6700,OK
2025-05-13,2418,ツカダ・グローバルホールディング,スタンダード（内国株式）,サービス業,585,607,584,597,22,3.826087,317200,OK
2025-05-13,241A,ＲＯＸＸ,グロース（内国株式）,情報･通信業,1060,1095,1054,1063,14,1.334604,25500,OK
2025-05-13,2424,ブラス,スタンダード（内国株式）,サービス業,606,608,606,608,3,0.495868,1500,OK
2025-05-13,2425,ケアサービス,スタンダード（内国株式）,サービス業,818,818,800,815,1,0.12285,2700,OK
2025-05-13,2428,ウェルネット,スタンダード（内国株式）,サービス業,724,727,718,727,8,1.112656,60000,OK
2025-05-13,2429,ワールドホールディングス,プライム（内国株式）,サービス業,2078,2100,2061,2083,44,2.157921,29200,OK
2025-05-13,2432,ディー・エヌ・エー,プライム（内国株式）,サービス業,3000,3046,2916,2945.5,-89.5,-2.948929,25463600,OK
2025-05-13,2433,博報堂ＤＹホールディングス,プライム（内国株式）,サービス業,1121.5,1157,1102.5,1123.5,13.5,1.216216,1643200,OK
2025-05-13,2435,シダー,スタンダード（内国株式）,サービス業,202,204,197,198,-3,-1.492537,46500,OK
2025-05-13,2436,共同ピーアール,スタンダード（内国株式）,サービス業,769,781,766,771,6,0.784314,19900,OK
2025-05-13,2437,Ｓｈｉｎｗａ　Ｗｉｓｅ　Ｈｏｌｄｉｎｇｓ,スタンダード（内国株式）,サービス業,375,376,369,370,-5,-1.333333,122100,OK
2025-05-13,2438,アスカネット,グロース（内国株式）,サービス業,444,444,434,437,1,0.229358,22800,OK
2025-05-13,243A,トップス,TOKYO PRO MARKET（内国株式）,食料品,,,,,,,,NO_QUOTE
2025-05-13,2440,ぐるなび,プライム（内国株式）,サービス業,274,275,261,261,-5,-1.879699,440600,OK
2025-05-13,2445,タカミヤ,プライム（内国株式）,サービス業,385,389,379,383,-1,-0.260417,101400,OK
2025-05-13,2449,プラップジャパン,スタンダード（内国株式）,サービス業,958,960,958,958,3,0.314136,1300,OK
2025-05-13,244A,グロースエクスパートナーズ,グロース（内国株式）,情報･通信業,1680,1734,1672,1715,44,2.633154,29300,OK
2025-05-13,2452,コンピュータマインド,TOKYO PRO MARKET（内国株式）,情報･通信業,,,,,,,,NO_QUOTE
2025-05-13,2454,オールアバウト,スタンダード（内国株式）,サービス業,356,387,343,349,12,3.560831,303600,OK
2025-05-13,2459,アウンコンサルティング,スタンダード（内国株式）,サービス業,304,306,300,300,-3,-0.990099,210100,OK
2025-05-13,245A,ＩＮＧＳ,グロース（内国株式）,小売業,2589,2619,2502,2502,2,0.08,6800,OK
2025-05-13,2461,ファンコミュニケーションズ,プライム（内国株式）,サービス業,433,433,425,425,-4,-0.932401,42800,OK
2025-05-13,2462,ライク,プライム（内国株式）,サービス業,1499,1499,1493,1494,0,0,39200,OK
2025-05-13,2464,Ａｏｂａ‐ＢＢＴ,スタンダード（内国株式）,サービス業,329,330,326,327,-1,-0.304878,8400,OK
2025-05-13,2469,ヒビノ,スタンダード（内国株式）,サービス業,2368,2372,2263,2293,32,1.415303,17400,OK
2025-05-13,246A,アスア,グロース（内国株式）,サービス業,658,664,650,661,11,1.692308,14700,OK
2025-05-13,2471,エスプール,プライム（内国株式）,サービス業,311,317,308,314,8,2.614379,342800,OK
2025-05-13,2475,ＷＤＢホールディングス,プライム（内国株式）,サービス業,2135,2169,2110,2141,1,0.046729,27800,OK
2025-05-13,2477,手間いらず,スタンダード（内国株式）,情報･通信業,3410,3435,3360,3370,-10,-0.295858,11500,OK
2025-05-13,2479,ジェイテック,グロース（内国株式）,サービス業,255,256,252,256,3,1.185771,77800,OK
2025-05-13,247A,Ａｉロボティクス,グロース（内国株式）,化学,4265,4375,4180,4330,45,1.050175,451700,OK
2025-05-13,2480,システム・ロケーション,スタンダード（内国株式）,情報･通信業,1443,1649,1380,1445,32,2.264685,180700,OK
2025-05-13,2481,タウンニュース社,スタンダード（内国株式）,サービス業,725,725,725,725,-12,-1.628223,300,OK
2025-05-13,2483,翻訳センター,スタンダード（内国株式）,サービス業,1893,1916,1876,1916,76,4.130435,8400,OK
2025-05-13,2484,出前館,スタンダード（内国株式）,情報･通信業,243,249,239,240,-3,-1.234568,907200,OK
2025-05-13,2485,ティア,スタンダード（内国株式）,サービス業,483,485,478,478,-10,-2.04918,73300,OK
2025-05-13,2488,ＪＴＰ,スタンダード（内国株式）,サービス業,1200,1205,1182,1194,4,0.336134,16400,OK
2025-05-13,2489,アドウェイズ,プライム（内国株式）,サービス業,305,319,303,315,9,2.941176,464400,OK
2025-05-13,248A,キッズスター,グロース（内国株式）,情報･通信業,1395,1399,1365,1399,4,0.286738,2800,OK
2025-05-13,2491,バリューコマース,プライム（内国株式）,サービス業,772,777,762,774,10,1.308901,200700,OK
2025-05-13,2492,インフォマート,プライム（内国株式）,サービス業,390,398,385,391,7,1.822917,1284900,OK
2025-05-13,2493,イーサポートリンク,スタンダード（内国株式）,サービス業,1029,1029,1026,1029,1,0.097276,13500,OK
2025-05-13,2497,ユナイテッド,グロース（内国株式）,サービス業,660,660,625,630,-87,-12.133891,540200,OK
2025-05-13,2498,オリエンタルコンサルタンツホールディングス,スタンダード（内国株式）,サービス業,5110,5160,4990,5160,100,1.976285,3600,OK
2025-05-13,2499,日本和装ホールディングス,スタンダード（内国株式）,サービス業,320,325,310,314,-6,-1.875,51800,OK
2025-05-13,249A,ヒューマンアジャスト,TOKYO PRO MARKET（内国株式）,サービス業,,,,,,,,NO_QUOTE
2025-05-13,2501,サッポロホールディングス,プライム（内国株式）,食料品,7971,7971,7701,7701,-258,-3.241613,293200,OK
2025-05-13,2502,アサヒグループホールディングス,プライム（内国株式）,食料品,1975,2004,1942,1977,-40,-1.983143,6901400,OK
2025-05-13,2503,キリンホールディングス,プライム（内国株式）,食料品,2169,2182,2138.5,2152,-14.5,-0.669282,2575400,OK
2025-05-13,250A,シマダヤ,スタンダード（内国株式）,食料品,1849,1862,1768,1787,-75,-4.027927,184600,OK
2025-05-13,251A,ニューロマジック,TOKYO PRO MARKET（内国株式）,サービス業,,,,,,,,NO_QUOTE
2025-05-13,252A,ウェッジ,TOKYO PRO MARKET（内国株式）,小売業,,,,,,,,NO_QUOTE
2025-05-13,2531,宝ホールディングス,プライム（内国株式）,食料品,1144.5,1153,1138.5,1138.5,-7,-0.611087,576000,OK
2025-05-13,2533,オエノンホールディングス,プライム（内国株式）,食料品,501,502,493,494,-4,-0.803213,113000,OK
2025-05-13,253A,ＥＴＳグループ,スタンダード（内国株式）,建設業,687,687,657,665,-17,-2.492669,15500,OK
2025-05-13,2540,養命酒製造,プライム（内国株式）,食料品,2998,3040,2965,3000,23,0.77259,25700,OK
2025-05-13,254A,ＡＩフュージョンキャピタルグループ,スタンダード（内国株式）,証券･商品先物取引業,1198,1205,1173,1182,-8,-0.672269,93100,OK
2025-05-13,255A,ジーエルテクノホールディングス,スタンダード（内国株式）,精密機器,2987,2989,2831,2880,-68,-2.306649,18400,OK
2025-05-13,256A,飛島ホールディングス,プライム（内国株式）,建設業,1796,1810,1768,1770,-23,-1.282766,161900,OK
2025-05-13,2573,北海道コカ・コーラボトリング,スタンダード（内国株式）,食料品,3295,3295,3235,3260,-40,-1.212121,23100,OK
2025-05-13,2579,コカ・コーラ　ボトラーズジャパンホールディングス,プライム（内国株式）,食料品,2489.5,2520,2463.5,2477,3.5,0.1415,1023500,OK
2025-05-13,2585,ライフドリンク　カンパニー,プライム（内国株式）,食料品,1705,1707,1622,1627,-56,-3.327392,522200,OK
2025-05-13,2586,フルッタフルッタ,グロース（内国株式）,食料品,160,162,155,156,-3,-1.886792,2738700,OK
2025-05-13,2587,サントリー食品インターナショナル,プライム（内国株式）,食料品,5147,5214,4910,4935,-234,-4.526988,1243400,OK
2025-05-13,2588,プレミアムウォーターホールディングス,スタンダード（内国株式）,食料品,2943,2943,2895,2930,25,0.860585,29600,OK
2025-05-13,2590,ダイドーグループホールディングス,プライム（内国株式）,食料品,2932,2940,2899,2904,-28,-0.95498,53000,OK
2025-05-13,2593,伊藤園,プライム（内国株式）,食料品,3266,3268,3202,3230,-39,-1.193025,408800,OK
2025-05-13,25935,伊藤園（優先株式）,プライム（内国株式）,食料品,1791,1792,1789,1792,3,0.167691,48000,OK
2025-05-13,2594,キーコーヒー,プライム（内国株式）,食料品,2031,2033,2025,2029,2,0.098668,43400,OK
2025-05-13,2597,ユニカフェ,スタンダード（内国株式）,食料品,909,909,906,909,1,0.110132,3200,OK
2025-05-13,2602,日清オイリオグループ,プライム（内国株式）,食料品,4940,4995,4900,4900,10,0.204499,155200,OK
2025-05-13,2607,不二製油,プライム（内国株式）,食料品,2950,3044,2922,2958,-289,-8.900524,1760100,OK
2025-05-13,260A,オルツ,グロース（内国株式）,情報･通信業,114,124,111,111,-5,-4.310345,5697100,OK
2025-05-13,2612,かどや製油,スタンダード（内国株式）,食料品,3650,3650,3585,3605,-45,-1.232877,9500,OK
2025-05-13,2613,Ｊ−オイルミルズ,プライム（内国株式）,食料品,1988,1998,1979,1989,3,0.151057,59100,OK
2025-05-13,261A,日水コン,スタンダード（内国株式）,サービス業,1995,2005,1966,1983,-1,-0.050403,35300,OK
2025-05-13,262A,インターメスティック,プライム（内国株式）,小売業,2300,2350,2199,2208,-102,-4.415584,725900,OK
2025-05-13,263A,デジタルキューブ,TOKYO PRO MARKET（内国株式）,情報･通信業,,,,,,,,NO_QUOTE
2025-05-13,264A,Ｓｃｈｏｏ,グロース（内国株式）,サービス業,1523,1563,1492,1557,42,2.772277,350800,OK
2025-05-13,2652,まんだらけ,スタンダード（内国株式）,小売業,328,335,326,331,7,2.160494,175100,OK
2025-05-13,2653,イオン九州,スタンダード（内国株式）,小売業,2592,2592,2572,2573,-12,-0.464217,17000,OK
2025-05-13,2654,アスモ,スタンダード（内国株式）,小売業,346,346,344,344,-2,-0.578035,7000,OK
2025-05-13,2656,ベクターホールディングス,スタンダード（内国株式）,小売業,120,128,117,125,7,5.932203,855700,OK
2025-05-13,2659,サンエー,プライム（内国株式）,小売業,2964,2978,2901,2919,-21,-0.714286,135100,OK
2025-05-13,265A,Ｈｍｃｏｍｍ,グロース（内国株式）,情報･通信業,791,791,762,773,2,0.259403,46800,OK
2025-05-13,2664,カワチ薬品,プライム（内国株式）,小売業,2879,2884,2831,2866,-13,-0.451546,58800,OK
2025-05-13,2666,オートウェーブ,スタンダード（内国株式）,小売業,144,146,142,143,-2,-1.37931,268300,OK
2025-05-13,2667,イメージ　ワン,スタンダード（内国株式）,卸売業,229,232,223,225,0,0,154400,OK
2025-05-13,2668,タビオ,スタンダード（内国株式）,卸売業,1165,1179,1165,1175,15,1.293103,1200,OK
2025-05-13,2669,カネ美食品,スタンダード（内国株式）,小売業,3215,3225,3200,3215,15,0.46875,2900,OK
2025-05-13,266A,グローカルマーケティング,TOKYO PRO MARKET（内国株式）,サービス業,,,,,,,,NO_QUOTE
2025-05-13,2670,エービーシー・マート,プライム（内国株式）,小売業,2850,2897.5,2847,2884,34,1.192982,785200,OK
2025-05-13,2673,夢みつけ隊,スタンダード（内国株式）,小売業,150,190,126,190,50,35.714286,17209500,OK
2025-05-13,2674,ハードオフコーポレーション,プライム（内国株式）,小売業,1845,1845,1775,1785,-45,-2.459016,112300,OK
2025-05-13,2676,高千穂交易,プライム（内国株式）,卸売業,4200,4230,4150,4190,-25,-0.59312,31000,OK
2025-05-13,2678,アスクル,プライム（内国株式）,小売業,1549,1564,1547,1552,4,0.258398,414200,OK
2025-05-13,267A,トワライズ,TOKYO PRO MARKET（内国株式）,その他金融業,,,,,,,,NO_QUOTE
2025-05-13,2681,ゲオホールディングス,プライム（内国株式）,小売業,1632,1635,1590,1607,-25,-1.531863,1246900,OK
2025-05-13,2683,魚喜,スタンダード（内国株式）,小売業,1053,1053,1050,1050,5,0.478469,1500,OK
2025-05-13,2685,アダストリア,プライム（内国株式）,小売業,2887,2903,2867,2873,18,0.630473,164100,OK
2025-05-13,2686,ジーフット,スタンダード（内国株式）,小売業,275,277,275,275,-1,-0.362319,16400,OK
2025-05-13,2687,シー・ヴイ・エス・ベイエリア,スタンダード（内国株式）,小売業,539,543,537,537,1,0.186567,2600,OK
2025-05-13,2689,オルバヘルスケアホールディングス,スタンダード（内国株式）,卸売業,2148,2154,2141,2141,-2,-0.093327,4700,OK
2025-05-13,268A,リガク・ホールディングス,プライム（内国株式）,精密機器,952,958,926,937,10,1.078749,860700,OK
2025-05-13,2692,伊藤忠食品,プライム（内国株式）,卸売業,9800,9850,9610,9660,-120,-1.226994,18400,OK
2025-05-13,2693,ＹＫＴ,スタンダード（内国株式）,卸売業,232,233,229,231,2,0.873362,28600,OK
2025-05-13,2694,焼肉坂井ホールディングス,スタンダード（内国株式）,小売業,72,72,71,72,0,0,229600,OK
2025-05-13,2695,くら寿司,プライム（内国株式）,小売業,3145,3160,3120,3135,15,0.480769,151700,OK
2025-05-13,2698,キャンドゥ,スタンダード（内国株式）,小売業,3580,3585,3545,3555,-55,-1.523546,17900,OK
2025-05-13,269A,Ｓａｐｅｅｔ,グロース（内国株式）,情報･通信業,2770,3170,2705,2749,29,1.066176,107500,OK
2025-05-13,2700,木徳神糧,スタンダード（内国株式）,卸売業,12910,12910,11010,11710,-1490,-11.287879,113700,OK
2025-05-13,2702,日本マクドナルドホールディングス,スタンダード（内国株式）,小売業,6000,6050,5970,6050,50,0.833333,563000,OK
2025-05-13,2705,大戸屋ホールディングス,スタンダード（内国株式）,小売業,5310,5320,5270,5300,20,0.378788,3300,OK
2025-05-13,2708,久世,スタンダード（内国株式）,卸売業,1784,1784,1746,1750,-20,-1.129944,9500,OK
2025-05-13,271A,アクセリア,TOKYO PRO MARKET（内国株式）,情報･通信業,,,,,,,,NO_QUOTE
2025-05-13,2721,ジェイホールディングス,スタンダード（内国株式）,卸売業,190,194,188,191,3,1.595745,66200,OK
2025-05-13,2722,ＩＫホールディングス,スタンダード（内国株式）,小売業,407,409,398,400,-6,-1.477833,30100,OK
2025-05-13,2726,パルグループホールディングス,プライム（内国株式）,小売業,3665,3685,3570,3585,-65,-1.780822,749400,OK
2025-05-13,2730,エディオン,プライム（内国株式）,小売業,1922,1929,1883,1883,-47,-2.435233,301700,OK
2025-05-13,2733,あらた,プライム（内国株式）,卸売業,3310,3375,3300,3340,-20,-0.595238,115700,OK
2025-05-13,2734,サーラコーポレーション,プライム（内国株式）,小売業,916,916,906,906,-1,-0.110254,40600,OK
2025-05-13,2735,ワッツ,スタンダード（内国株式）,小売業,728,728,709,719,-13,-1.775956,70100,OK
2025-05-13,2736,フェスタリアホールディングス,スタンダード（内国株式）,小売業,625,625,618,618,3,0.487805,5800,OK
2025-05-13,2737,トーメンデバイス,プライム（内国株式）,卸売業,5610,5730,5610,5700,110,1.9678,37300,OK
2025-05-13,2742,ハローズ,プライム（内国株式）,小売業,4565,4565,4520,4540,-30,-0.656455,13700,OK
2025-05-13,2743,ピクセルカンパニーズ,スタンダード（内国株式）,卸売業,57,58,56,58,1,1.754386,609800,OK
2025-05-13,2747,北雄ラッキー,スタンダード（内国株式）,小売業,2990,3015,2990,3015,32,1.072746,600,OK
2025-05-13,2749,ＪＰホールディングス,プライム（内国株式）,サービス業,627,629,574,605,-19,-3.044872,776100,OK
2025-05-13,274A,ガーデン,スタンダード（内国株式）,小売業,2345,2356,2317,2354,9,0.383795,26400,OK
2025-05-13,2750,石光商事,スタンダード（内国株式）,卸売業,838,838,832,835,1,0.119904,2600,OK
2025-05-13,2751,テンポスホールディングス,スタンダード（内国株式）,卸売業,3380,3400,3370,3400,25,0.740741,10600,OK
2025-05-13,2752,フジオフードグループ本社,プライム（内国株式）,小売業,1228,1233,1222,1230,2,0.162866,114400,OK
2025-05-13,2753,あみやき亭,プライム（内国株式）,小売業,1458,1458,1433,1435,-22,-1.509952,53800,OK
2025-05-13,275A,ハンワホームズ,TOKYO PRO MARKET（内国株式）,建設業,,,,,,,,NO_QUOTE
2025-05-13,2760,東京エレクトロン　デバイス,プライム（内国株式）,卸売業,3000,3015,2939,2961,17,0.577446,125700,OK
2025-05-13,2762,ＳＡＮＫＯ　ＭＡＲＫＥＴＩＮＧ　ＦＯＯＤＳ,スタンダード（内国株式）,小売業,95,95,94,95,1,1.06383,122700,OK
2025-05-13,2763,エフティグループ,スタンダード（内国株式）,卸売業,1088,1105,1061,1062,-26,-2.389706,137500,OK
2025-05-13,2764,ひらまつ,スタンダード（内国株式）,小売業,147,150,145,145,-1,-0.684932,270100,OK
2025-05-13,2767,円谷フィールズホールディングス,プライム（内国株式）,卸売業,1901,1921,1870,1894,-20,-1.044932,885600,OK
2025-05-13,2768,双日,プライム（内国株式）,卸売業,3620,3640,3584,3610,28,0.781686,1296300,OK
2025-05-13,2769,ヴィレッジヴァンガードコーポレーション,スタンダード（内国株式）,小売業,1036,1038,1035,1035,3,0.290698,3300,OK
2025-05-13,276A,ククレブ・アドバイザーズ,グロース（内国株式）,不動産業,3735,3810,3665,3810,90,2.419355,42200,OK
2025-05-13,2776,新都ホールディングス,スタンダード（内国株式）,卸売業,121,125,120,123,3,2.5,573400,OK
2025-05-13,2778,パレモ・ホールディングス,スタンダード（内国株式）,小売業,145,148,143,146,3,2.097902,195800,OK
2025-05-13,277A,グロービング,グロース（内国株式）,サービス業,1899,1977,1896,1921,-1,-0.052029,191400,OK
2025-05-13,2780,コメ兵ホールディングス,スタンダード（内国株式）,小売業,2999,3030,2956,2970,17,0.575686,121700,OK
2025-05-13,2782,セリア,スタンダード（内国株式）,小売業,2700,2734,2665,2679,-121,-4.321429,906300,OK
2025-05-13,2784,アルフレッサ　ホールディングス,プライム（内国株式）,卸売業,2185.5,2213,2180,2195,21,0.965961,365000,OK
2025-05-13,2788,アップルインターナショナル,スタンダード（内国株式）,卸売業,370,377,365,375,10,2.739726,134600,OK
2025-05-13,2789,カルラ,スタンダード（内国株式）,小売業,447,448,447,447,1,0.224215,1300,OK
2025-05-13,278A,Ｔｅｒｒａ　Ｄｒｏｎｅ,グロース（内国株式）,精密機器,6510,6720,6410,6450,30,0.46729,166200,OK
2025-05-13,2790,ナフコ,スタンダード（内国株式）,小売業,1758,1760,1703,1703,-44,-2.518603,45900,OK
2025-05-13,2791,大黒天物産,プライム（内国株式）,小売業,7990,8000,7660,7860,-70,-0.882724,99900,OK
2025-05-13,2792,ハニーズホールディングス,プライム（内国株式）,小売業,1620,1623,1604,1605,-13,-0.803461,144500,OK
2025-05-13,2795,日本プリメックス,スタンダード（内国株式）,卸売業,897,897,882,882,-15,-1.672241,600,OK
2025-05-13,2796,ファーマライズホールディングス,スタンダード（内国株式）,小売業,488,490,488,490,2,0.409836,2400,OK
2025-05-13,2798,ワイズテーブルコーポレーション,スタンダード（内国株式）,小売業,2905,2905,2900,2903,-2,-0.068847,1700,OK
2025-05-13,279A,インターグ,TOKYO PRO MARKET（内国株式）,サービス業,,,,,,,,NO_QUOTE
2025-05-13,2801,キッコーマン,プライム（内国株式）,食料品,1407.5,1413.5,1395.5,1395.5,4.5,0.323508,3179400,OK
2025-05-13,2802,味の素,プライム（内国株式）,食料品,3250,3318,3227,3312,62,1.907692,3592300,OK
2025-05-13,2804,ブルドックソース,プライム（内国株式）,食料品,1731,1738,1714,1719,-16,-0.92219,12700,OK
2025-05-13,2805,ヱスビー食品,スタンダード（内国株式）,食料品,2931,2956,2760,2840,-79,-2.706406,124300,OK
2025-05-13,2806,ユタカフーズ,スタンダード（内国株式）,食料品,2085,2085,2031,2042,-63,-2.992874,2700,OK
2025-05-13,2809,キユーピー,プライム（内国株式）,食料品,3285,3301,3246,3253,-60,-1.811047,459400,OK
2025-05-13,280A,ＴＭＨ,グロース（内国株式）,卸売業,1322,1355,1311,1341,38,2.916347,9800,OK
2025-05-13,2810,ハウス食品グループ本社,プライム（内国株式）,食料品,2852,2858.5,2820.5,2821.5,-30.5,-1.069425,182300,OK
2025-05-13,2811,カゴメ,プライム（内国株式）,食料品,3004,3029,2998.5,3001,-1,-0.033311,225700,OK
2025-05-13,2813,和弘食品,スタンダード（内国株式）,食料品,4335,4335,4250,4335,40,0.931315,4000,OK
2025-05-13,2814,佐藤食品工業,スタンダード（内国株式）,食料品,2372,2385,2350,2382,32,1.361702,1300,OK
2025-05-13,2815,アリアケジャパン,プライム（内国株式）,食料品,6200,6220,6050,6140,-130,-2.073365,78200,OK
2025-05-13,2816,ダイショー,スタンダード（内国株式）,食料品,1405,1407,1402,1404,0,0,1800,OK
2025-05-13,2818,ピエトロ,スタンダード（内国株式）,食料品,1742,1746,1740,1745,3,0.172216,2400,OK
2025-05-13,2819,エバラ食品工業,スタンダード（内国株式）,食料品,2655,2663,2640,2642,-13,-0.489642,7100,OK
2025-05-13,281A,インフォメティス,グロース（内国株式）,情報･通信業,685,693,672,690,12,1.769912,73400,OK
2025-05-13,2820,やまみ,スタンダード（内国株式）,食料品,5230,5230,4885,4920,-290,-5.566219,52900,OK
2025-05-13,2830,アヲハタ,スタンダード（内国株式）,食料品,2577,2583,2576,2583,7,0.271739,1000,OK
2025-05-13,2831,はごろもフーズ,スタンダード（内国株式）,食料品,3340,3350,3310,3350,25,0.75188,3900,OK
2025-05-13,284A,フクヤ建設,TOKYO PRO MARKET（内国株式）,建設業,,,,,,,,NO_QUOTE
2025-05-13,285A,キオクシアホールディングス,プライム（内国株式）,電気機器,2300,2324,2206,2207,-14,-0.630347,9413600,OK
2025-05-13,286A,ユカリア,グロース（内国株式）,サービス業,1053,1062,1047,1056,-5,-0.471254,46200,OK
2025-05-13,2871,ニチレイ,プライム（内国株式）,食料品,1943,1944,1903.5,1910.5,-53.5,-2.724033,1410400,OK
2025-05-13,2872,セイヒョー,スタンダード（内国株式）,食料品,2351,2351,2301,2319,-1,-0.043103,700,OK
2025-05-13,2874,横浜冷凍,プライム（内国株式）,卸売業,860,861,851,858,0,0,63300,OK
2025-05-13,2875,東洋水産,プライム（内国株式）,食料品,9892,10040,9680,9896,304,3.169308,1043100,OK
2025-05-13,2876,デルソーレ,スタンダード（内国株式）,食料品,433,449,425,449,16,3.69515,2600,OK
2025-05-13,2877,日東ベスト,スタンダード（内国株式）,食料品,726,730,724,730,4,0.550964,2900,OK
2025-05-13,287A,黒田グループ,スタンダード（内国株式）,卸売業,958,964,935,942,-6,-0.632911,248500,OK
2025-05-13,2882,イートアンドホールディングス,プライム（内国株式）,食料品,2096,2096,2078,2078,-8,-0.383509,13300,OK
2025-05-13,2883,大冷,スタンダード（内国株式）,食料品,1913,1916,1910,1910,-2,-0.104603,3300,OK
2025-05-13,2884,ヨシムラ・フード・ホールディングス,プライム（内国株式）,食料品,953,956,942,950,8,0.849257,158800,OK
2025-05-13,288A,ラクサス・テクノロジーズ,グロース（内国株式）,サービス業,188,193,187,193,5,2.659574,240800,OK
2025-05-13,2892,日本食品化工,スタンダード（内国株式）,食料品,2916,2918,2886,2886,5,0.173551,6300,OK
2025-05-13,2894,石井食品,スタンダード（内国株式）,食料品,312,313,311,313,3,0.967742,4600,OK
2025-05-13,2897,日清食品ホールディングス,プライム（内国株式）,食料品,3246,3274,3194,3194,-55,-1.692829,1288800,OK
2025-05-13,2901,ウェルディッシュ,スタンダード（内国株式）,食料品,648,648,635,639,-1,-0.15625,18600,OK
2025-05-13,2903,シノブフーズ,スタンダード（内国株式）,食料品,1070,1085,1019,1026,-48,-4.469274,154700,OK
2025-05-13,2904,一正蒲鉾,スタンダード（内国株式）,食料品,763,765,760,762,-1,-0.131062,7400,OK
2025-05-13,2907,あじかん,スタンダード（内国株式）,食料品,1204,1214,1189,1214,14,1.166667,7600,OK
2025-05-13,2908,フジッコ,プライム（内国株式）,食料品,1622,1622,1608,1608,-14,-0.863132,32300,OK
2025-05-13,290A,Ｓｙｎｓｐｅｃｔｉｖｅ,グロース（内国株式）,情報･通信業,1183,1188,1133,1150,-28,-2.37691,516500,OK
2025-05-13,2910,ロック・フィールド,プライム（内国株式）,食料品,1515,1517,1501,1501,-13,-0.858653,65600,OK
2025-05-13,2911,旭松食品,スタンダード（内国株式）,食料品,,,,,,,,NO_QUOTE
2025-05-13,2914,日本たばこ産業,プライム（内国株式）,食料品,4472,4486,4436,4472,-34,-0.754549,5974000,OK
2025-05-13,2915,ケンコーマヨネーズ,プライム（内国株式）,食料品,1823,1865,1791,1840,-83,-4.316173,124300,OK
2025-05-13,2916,仙波糖化工業,スタンダード（内国株式）,食料品,739,748,716,748,19,2.60631,6400,OK
2025-05-13,2917,大森屋,スタンダード（内国株式）,食料品,940,948,940,948,9,0.958466,300,OK
2025-05-13,2918,わらべや日洋ホールディングス,プライム（内国株式）,食料品,2210,2215,2192,2204,-6,-0.271493,81100,OK
2025-05-13,291A,リスキル,グロース（内国株式）,サービス業,3390,3545,3390,3485,60,1.751825,21000,OK
2025-05-13,2922,なとり,プライム（内国株式）,食料品,2043,2043,2030,2030,-16,-0.782014,12800,OK
2025-05-13,2923,サトウ食品,スタンダード（内国株式）,食料品,7420,7420,7350,7350,-50,-0.675676,900,OK
2025-05-13,2924,イフジ産業,スタンダード（内国株式）,食料品,2034,2045,1987,2000,-20,-0.990099,35300,OK
2025-05-13,2926,篠崎屋,スタンダード（内国株式）,食料品,90,90,89,89,1,1.136364,160700,OK
2025-05-13,2927,ＡＦＣ−ＨＤアムスライフサイエンス,スタンダード（内国株式）,食料品,851,852,842,845,5,0.595238,10200,OK
2025-05-13,2929,ファーマフーズ,プライム（内国株式）,食料品,959,961,946,950,-1,-0.105152,51500,OK
2025-05-13,292A,エスアイイー,TOKYO PRO MARKET（内国株式）,サービス業,,,,,,,,NO_QUOTE
2025-05-13,2930,北の達人コーポレーション,プライム（内国株式）,化学,148,149,145,146,0,0,414500,OK
2025-05-13,2931,ユーグレナ,プライム（内国株式）,食料品,469,480,445,448,-13,-2.819957,1650900,OK
2025-05-13,2932,ＳＴＩフードホールディングス,スタンダード（内国株式）,食料品,1259,1269,1249,1269,10,0.794281,17100,OK
2025-05-13,2933,紀文食品,プライム（内国株式）,食料品,1077,1077,1067,1071,-5,-0.464684,22400,OK
2025-05-13,2934,ジェイフロンティア,グロース（内国株式）,食料品,1680,1693,1635,1640,-40,-2.380952,11500,OK
2025-05-13,2935,ピックルスホールディングス,プライム（内国株式）,食料品,945,945,930,931,-5,-0.534188,17200,OK
2025-05-13,2936,ベースフード,グロース（内国株式）,食料品,435,453,435,441,8,1.847575,132900,OK
2025-05-13,2937,サンクゼール,グロース（内国株式）,食料品,1508,1545,1487,1545,50,3.344482,22800,OK
2025-05-13,2938,オカムラ食品工業,スタンダード（内国株式）,食料品,2524,2545,2519,2545,35,1.394422,15800,OK
2025-05-13,293A,ＢＡＢＹ　ＪＯＢ,TOKYO PRO MARKET（内国株式）,小売業,,,,,,,,NO_QUOTE
2025-05-13,2961,日本調理機,スタンダード（内国株式）,金属製品,4010,4015,4010,4015,5,0.124688,300,OK
2025-05-13,2962,テクニスコ,スタンダード（内国株式）,金属製品,292,297,292,295,2,0.682594,6400,OK
2025-05-13,296A,令和アカウンティング・ホールディングス,グロース（内国株式）,サービス業,616,619,594,595,-20,-3.252033,168700,OK
2025-05-13,2970,グッドライフカンパニー,スタンダード（内国株式）,不動産業,3450,3470,3395,3470,30,0.872093,3000,OK
2025-05-13,2975,スター・マイカ・ホールディングス,プライム（内国株式）,不動産業,972,977,934,934,-33,-3.412616,85300,OK
2025-05-13,2977,Ｌｉｖｅｎｕｐ　Ｇｒｏｕｐ,TOKYO PRO MARKET（内国株式）,不動産業,,,,,,,,NO_QUOTE
2025-05-13,2978,ツクルバ,グロース（内国株式）,不動産業,800,800,782,794,-6,-0.75,2900,OK
2025-05-13,297A,アルピコホールディングス,スタンダード（内国株式）,小売業,254,258,252,256,6,2.4,273600,OK
2025-05-13,2980,ＳＲＥホールディングス,プライム（内国株式）,不動産業,3660,3695,3600,3635,5,0.137741,238700,OK
2025-05-13,2981,ランディックス,グロース（内国株式）,不動産業,2860,2994,2860,2980,88,3.042877,4900,OK
2025-05-13,2982,ＡＤワークスグループ,プライム（内国株式）,不動産業,270,273,268,270,3,1.123596,516600,OK
2025-05-13,2983,アールプランナー,グロース（内国株式）,不動産業,1454,1454,1365,1367,-77,-5.33241,14700,OK
2025-05-13,2984,ヤマイチ・ユニハイムエステート,スタンダード（内国株式）,不動産業,729,729,722,728,6,0.831025,6400,OK
2025-05-13,2985,ファーストステージ,TOKYO PRO MARKET（内国株式）,不動産業,,,,,,,,NO_QUOTE
2025-05-13,2986,ＬＡホールディングス,グロース（内国株式）,不動産業,6760,6760,6640,6680,-30,-0.447094,37400,OK
2025-05-13,298A,ＧＶＡ　ＴＥＣＨ,グロース（内国株式）,情報･通信業,550,550,510,521,-9,-1.698113,18700,OK
2025-05-13,2990,アイダ設計,TOKYO PRO MARKET（内国株式）,不動産業,,,,,,,,NO_QUOTE
2025-05-13,2991,ランドネット,スタンダード（内国株式）,不動産業,1122,1122,1118,1122,0,0,2500,OK
2025-05-13,2992,アーバンライク,TOKYO PRO MARKET（内国株式）,不動産業,,,,,,,,NO_QUOTE
2025-05-13,2993,長栄,スタンダード（内国株式）,不動産業,2045,2070,2045,2070,37,1.81997,5200,OK
2025-05-13,2994,アンサーホールディングス,TOKYO PRO MARKET（内国株式）,不動産業,,,,,,,,NO_QUOTE
2025-05-13,2995,ジェイレックス・コーポレーション,TOKYO PRO MARKET（内国株式）,不動産業,,,,,,,,NO_QUOTE
2025-05-13,2997,ストレージ王,グロース（内国株式）,不動産業,850,858,846,851,2,0.235571,2400,OK
2025-05-13,2998,クリアル,グロース（内国株式）,不動産業,5320,5320,5170,5250,-50,-0.943396,38100,OK
2025-05-13,2999,ホームポジション,スタンダード（内国株式）,不動産業,473,476,472,475,1,0.21097,7500,OK
2025-05-13,299A,ｄｅｌｙ,グロース（内国株式）,サービス業,1510,1516,1451,1490,-34,-2.230971,273000,OK
2025-05-13,3001,片倉工業,スタンダード（内国株式）,繊維製品,2205,2244,2193,2221,29,1.322993,24800,OK
2025-05-13,3002,グンゼ,プライム（内国株式）,繊維製品,2641,2649,2615,2624,-7,-0.266059,88800,OK
2025-05-13,3003,ヒューリック,プライム（内国株式）,不動産業,1550,1555.5,1526.5,1535,-11.5,-0.743615,2278400,OK
2025-05-13,3004,神栄,スタンダード（内国株式）,卸売業,1621,1635,1610,1635,14,0.863664,12900,OK
2025-05-13,300A,ＭＩＣ,スタンダード（内国株式）,サービス業,1799,1799,1720,1742,-21,-1.191151,28800,OK
2025-05-13,3010,ポラリス・ホールディングス,スタンダード（内国株式）,サービス業,214,216,210,211,1,0.47619,381600,OK
2025-05-13,3011,バナーズ,スタンダード（内国株式）,小売業,154,177,150,155,-2,-1.273885,2610700,OK
2025-05-13,301A,インデックス,TOKYO PRO MARKET（内国株式）,不動産業,,,,,,,,NO_QUOTE
2025-05-13,3020,アプライド,スタンダード（内国株式）,小売業,2790,2814,2790,2791,11,0.395683,2000,OK
2025-05-13,3021,パシフィックネット,スタンダード（内国株式）,サービス業,1334,1334,1301,1329,-1,-0.075188,9300,OK
2025-05-13,3023,ラサ商事,スタンダード（内国株式）,卸売業,1438,1446,1431,1432,3,0.209937,10400,OK
2025-05-13,3024,クリエイト,スタンダード（内国株式）,卸売業,971,973,965,973,10,1.038422,1100,OK
2025-05-13,3028,アルペン,プライム（内国株式）,小売業,2338,2351,2326,2334,-4,-0.171086,84800,OK
2025-05-13,302A,ビースタイルホールディングス,グロース（内国株式）,サービス業,1378,1386,1375,1385,15,1.094891,3000,OK
2025-05-13,3030,ハブ,スタンダード（内国株式）,小売業,745,745,738,741,-3,-0.403226,11400,OK
2025-05-13,3031,ラクーンホールディングス,プライム（内国株式）,情報･通信業,823,827,810,810,-10,-1.219512,99300,OK
2025-05-13,3034,クオールホールディングス,プライム（内国株式）,小売業,1909,1929,1863,1883,-26,-1.36197,379900,OK
2025-05-13,3035,ケイティケイ,スタンダード（内国株式）,卸売業,607,611,607,611,6,0.991736,700,OK
2025-05-13,3036,アルコニックス,プライム（内国株式）,卸売業,1565,1572,1552,1561,2,0.128287,50200,OK
2025-05-13,3038,神戸物産,プライム（内国株式）,卸売業,4240,4305,4205,4205,-230,-5.18602,2251300,OK
2025-05-13,303A,ｖｉｓｕｍｏ,グロース（内国株式）,情報･通信業,1062,1062,1012,1022,-23,-2.200957,45700,OK
2025-05-13,3040,ソリトンシステムズ,プライム（内国株式）,情報･通信業,1245,1254,1226,1233,0,0,22500,OK
2025-05-13,3041,ビューティカダンホールディングス,スタンダード（内国株式）,卸売業,502,504,497,497,5,1.01626,35300,OK
2025-05-13,3042,セキュアヴェイル,グロース（内国株式）,情報･通信業,275,282,270,276,2,0.729927,125400,OK
2025-05-13,3045,カワサキ,スタンダード（内国株式）,卸売業,1372,1372,1371,1371,0,0,400,OK
2025-05-13,3046,ジンズホールディングス,プライム（内国株式）,小売業,8580,8620,8470,8570,-130,-1.494253,184400,OK
2025-05-13,3048,ビックカメラ,プライム（内国株式）,小売業,1580,1587,1564,1571.5,3.5,0.223214,412600,OK
2025-05-13,304A,フォルシア,グロース（内国株式）,情報･通信業,2051,2060,2031,2057,6,0.29254,4900,OK
2025-05-13,3050,ＤＣＭホールディングス,プライム（内国株式）,小売業,1350,1350,1329,1331,-14,-1.040892,257000,OK
2025-05-13,3053,ペッパーフードサービス,スタンダード（内国株式）,小売業,220,221,218,220,3,1.382488,307500,OK
2025-05-13,3054,ハイパー,スタンダード（内国株式）,卸売業,312,318,312,318,5,1.597444,6500,OK
2025-05-13,3058,三洋堂ホールディングス,スタンダード（内国株式）,小売業,688,691,670,691,10,1.468429,7800,OK
2025-05-13,3059,ヒラキ,スタンダード（内国株式）,小売業,888,888,882,882,-1,-0.11325,2300,OK
2025-05-13,305A,ダブルツリー,TOKYO PRO MARKET（内国株式）,小売業,,,,,,,,NO_QUOTE
2025-05-13,3063,ジェイグループホールディングス,グロース（内国株式）,小売業,706,708,705,705,0,0,8100,OK
2025-05-13,3064,ＭｏｎｏｔａＲＯ,プライム（内国株式）,小売業,2953,3048,2947.5,3011,58,1.964104,1321300,OK
2025-05-13,3065,ライフフーズ,スタンダード（内国株式）,小売業,,,,,,,,NO_QUOTE
2025-05-13,3067,東京一番フーズ,スタンダード（内国株式）,小売業,459,459,454,454,-2,-0.438596,6100,OK
2025-05-13,3068,ＷＤＩ,スタンダード（内国株式）,小売業,3035,3035,3025,3030,-5,-0.164745,2100,OK
2025-05-13,3069,ＪＦＬＡホールディングス,スタンダード（内国株式）,食料品,164,164,161,161,-3,-1.829268,242000,OK
2025-05-13,3070,ジェリービーンズグループ,グロース（内国株式）,卸売業,176,205,125,126,-45,-26.315789,16791200,OK
2025-05-13,3071,ストリーム,スタンダード（内国株式）,小売業,116,121,116,117,1,0.862069,381500,OK
2025-05-13,3073,ＤＤグループ,プライム（内国株式）,小売業,1317,1343,1306,1333,18,1.368821,67900,OK
2025-05-13,3075,銚子丸,スタンダード（内国株式）,小売業,1518,1518,1509,1510,-8,-0.527009,6000,OK
2025-05-13,3076,あい　ホールディングス,プライム（内国株式）,卸売業,2187,2187,2154,2161,-9,-0.414747,97200,OK
2025-05-13,3077,ホリイフードサービス,スタンダード（内国株式）,小売業,328,343,321,321,-15,-4.464286,59600,OK
2025-05-13,3079,ディーブイエックス,スタンダード（内国株式）,卸売業,916,928,916,928,12,1.310044,8400,OK
2025-05-13,307A,ハウジング・スタッフ,TOKYO PRO MARKET（内国株式）,建設業,,,,,,,,NO_QUOTE
2025-05-13,3080,ジェーソン,スタンダード（内国株式）,小売業,687,687,686,686,0,0,4900,OK
2025-05-13,3082,きちりホールディングス,スタンダード（内国株式）,小売業,905,907,901,901,-2,-0.221484,13400,OK
2025-05-13,3083,スターシーズ,スタンダード（内国株式）,小売業,820,828,813,820,0,0,35300,OK
2025-05-13,3086,Ｊ．フロント　リテイリング,プライム（内国株式）,小売業,1838,1860.5,1834,1855,40,2.203857,1643900,OK
2025-05-13,3087,ドトール・日レスホールディングス,プライム（内国株式）,小売業,2693,2703,2659,2673,-20,-0.742666,175400,OK
2025-05-13,3088,マツキヨココカラ＆カンパニー,プライム（内国株式）,小売業,2963,2973,2878.5,2889.5,-84.5,-2.841291,2239200,OK
2025-05-13,3089,テクノアルファ,スタンダード（内国株式）,卸売業,876,876,874,876,-3,-0.341297,600,OK
2025-05-13,308A,ぽすとめいとホールディングス,TOKYO PRO MARKET（内国株式）,サービス業,,,,,,,,NO_QUOTE
2025-05-13,3091,ブロンコビリー,プライム（内国株式）,小売業,3610,3630,3590,3590,-20,-0.554017,86800,OK
2025-05-13,3092,ＺＯＺＯ,プライム（内国株式）,小売業,1623.5,1649.5,1607,1633,23.5,1.460081,2874100,OK
2025-05-13,3093,トレジャー・ファクトリー,プライム（内国株式）,小売業,1984,2032,1976,2013,30,1.512859,149000,OK
2025-05-13,3094,スーパーバリュー,スタンダード（内国株式）,小売業,852,852,840,840,-11,-1.292597,1500,OK
2025-05-13,3096,オーシャンシステム,スタンダード（内国株式）,小売業,1208,1213,1195,1195,4,0.335852,6200,OK
2025-05-13,3097,物語コーポレーション,プライム（内国株式）,小売業,3565,3655,3510,3630,65,1.823282,291900,OK
2025-05-13,3099,三越伊勢丹ホールディングス,プライム（内国株式）,小売業,2047,2068.5,2009.5,2029.5,41,2.061856,4898700,OK
2025-05-13,309A,コスモス調剤,TOKYO PRO MARKET（内国株式）,小売業,,,,,,,,NO_QUOTE
2025-05-13,3101,東洋紡,プライム（内国株式）,繊維製品,926,934,914,915,4,0.439078,339700,OK
2025-05-13,3103,ユニチカ,プライム（内国株式）,繊維製品,167,167,164,164,-2,-1.204819,713100,OK
2025-05-13,3104,富士紡ホールディングス,プライム（内国株式）,繊維製品,5060,5070,5000,5050,50,1,13800,OK
2025-05-13,3105,日清紡ホールディングス,プライム（内国株式）,電気機器,889,900.7,883.6,894.2,10.9,1.234009,1851000,OK
2025-05-13,3106,倉敷紡績,プライム（内国株式）,繊維製品,6490,6540,6390,6460,-20,-0.308642,35500,OK
2025-05-13,3107,ダイワボウホールディングス,プライム（内国株式）,卸売業,2487,2490,2435,2446.5,9.5,0.389824,148600,OK
2025-05-13,3109,シキボウ,プライム（内国株式）,繊維製品,990,998,966,971,-19,-1.919192,69900,OK
2025-05-13,310A,サーティーフォー,TOKYO PRO MARKET（内国株式）,不動産業,,,,,,,,NO_QUOTE
2025-05-13,3110,日東紡績,プライム（内国株式）,ガラス･土石製品,4485,4515,4225,4400,85,1.969873,523600,OK
2025-05-13,3111,オーミケンシ,スタンダード（内国株式）,繊維製品,305,311,303,309,6,1.980198,45600,OK
2025-05-13,3113,ＵＮＩＶＡ・Ｏａｋホールディングス,スタンダード（内国株式）,証券･商品先物取引業,77,78,77,78,0,0,20500,OK
2025-05-13,3116,トヨタ紡織,プライム（内国株式）,輸送用機器,2096,2103.5,2074.5,2077.5,10,0.483676,381800,OK
2025-05-13,311A,ＮＰＴ,TOKYO PRO MARKET（内国株式）,医薬品,,,,,,,,NO_QUOTE
2025-05-13,3121,マーチャント・バンカーズ,スタンダード（内国株式）,サービス業,303,303,298,298,-5,-1.650165,58000,OK
2025-05-13,3123,サイボー,スタンダード（内国株式）,繊維製品,472,476,469,469,-2,-0.424628,1600,OK
2025-05-13,312A,シンコーホールディングス,TOKYO PRO MARKET（内国株式）,建設業,,,,,,,,NO_QUOTE
2025-05-13,3131,シンデン・ハイテックス,スタンダード（内国株式）,卸売業,2359,2400,2320,2354,65,2.839668,23400,OK
2025-05-13,3132,マクニカホールディングス,プライム（内国株式）,卸売業,1819,1837.5,1786,1786,22.5,1.275872,838900,OK
2025-05-13,3133,海帆,グロース（内国株式）,小売業,850,878,838,869,29,3.452381,644200,OK
2025-05-13,3134,Ｈａｍｅｅ,スタンダード（内国株式）,小売業,1269,1270,1244,1246,-4,-0.32,47900,OK
2025-05-13,3135,マーケットエンタープライズ,プライム（内国株式）,小売業,1496,1513,1478,1501,14,0.941493,25500,OK
2025-05-13,3137,ファンデリー,グロース（内国株式）,小売業,430,430,411,419,-14,-3.233256,166900,OK
2025-05-13,3138,富士山マガジンサービス,グロース（内国株式）,小売業,660,660,660,660,8,1.226994,500,OK
2025-05-13,3139,ラクト・ジャパン,プライム（内国株式）,卸売業,3405,3450,3380,3380,-30,-0.879765,50300,OK
2025-05-13,3140,ＢＲＵＮＯ,グロース（内国株式）,卸売業,1040,1042,1040,1040,1,0.096246,10900,OK
2025-05-13,3141,ウエルシアホールディングス,プライム（内国株式）,小売業,2492,2504.5,2470,2475,-38,-1.512137,1251900,OK
2025-05-13,3143,オーウイル,スタンダード（内国株式）,卸売業,1690,1784,1688,1739,53,3.143535,17500,OK
2025-05-13,3148,クリエイトＳＤホールディングス,プライム（内国株式）,小売業,3210,3230,3160,3215,30,0.941915,208800,OK
2025-05-13,3150,グリムス,プライム（内国株式）,電気･ガス業,2433,2437,2403,2403,-10,-0.414422,16100,OK
2025-05-13,3151,バイタルケーエスケー・ホールディングス,プライム（内国株式）,卸売業,1340,1365,1337,1360,35,2.641509,79900,OK
2025-05-13,3153,八洲電機,プライム（内国株式）,卸売業,1729,1745,1721,1721,-1,-0.058072,15300,OK
2025-05-13,3154,メディアスホールディングス,プライム（内国株式）,卸売業,974,974,963,963,1,0.10395,10900,OK
2025-05-13,3156,レスター,プライム（内国株式）,卸売業,2352,2365,2318,2319,-31,-1.319149,35200,OK
2025-05-13,3157,ジオリーブグループ,スタンダード（内国株式）,卸売業,1072,1079,1066,1066,-2,-0.187266,2600,OK
2025-05-13,3159,丸善ＣＨＩホールディングス,スタンダード（内国株式）,小売業,325,326,323,325,0,0,24300,OK
2025-05-13,3160,大光,スタンダード（内国株式）,卸売業,588,589,585,586,-1,-0.170358,44700,OK
2025-05-13,3161,アゼアス,スタンダード（内国株式）,卸売業,644,645,638,639,0,0,17200,OK
2025-05-13,3166,ＯＣＨＩホールディングス,スタンダード（内国株式）,卸売業,1365,1371,1357,1357,1,0.073746,6000,OK
2025-05-13,3167,ＴＯＫＡＩホールディングス,プライム（内国株式）,卸売業,1004,1007,992,993,-11,-1.095618,158500,OK
2025-05-13,3168,ＭＥＲＦ,スタンダード（内国株式）,卸売業,535,538,534,538,6,1.12782,6200,OK
2025-05-13,3169,ミサワ,スタンダード（内国株式）,小売業,641,645,641,642,2,0.3125,2500,OK
2025-05-13,3172,ティーライフ,スタンダード（内国株式）,小売業,1159,1168,1159,1159,1,0.086356,2800,OK
2025-05-13,3173,Ｃｏｍｉｎｉｘ,スタンダード（内国株式）,卸売業,850,850,835,843,1,0.118765,3300,OK
2025-05-13,3174,ハピネス・アンド・ディ,スタンダード（内国株式）,小売業,713,718,713,714,2,0.280899,600,OK
2025-05-13,3175,エー・ピーホールディングス,スタンダード（内国株式）,小売業,901,901,895,899,4,0.446927,8100,OK
2025-05-13,3176,三洋貿易,プライム（内国株式）,卸売業,1438,1445,1395,1395,-20,-1.413428,87500,OK
2025-05-13,3177,ありがとうサービス,スタンダード（内国株式）,小売業,3305,3305,3280,3280,-5,-0.152207,900,OK
2025-05-13,3178,チムニー,スタンダード（内国株式）,小売業,1229,1234,1227,1227,-4,-0.324939,5100,OK
2025-05-13,3179,シュッピン,プライム（内国株式）,小売業,1095,1100,1071,1093,-2,-0.182648,202400,OK
2025-05-13,317A,エス・エム・エス・データテック,TOKYO PRO MARKET（内国株式）,情報･通信業,,,,,,,,NO_QUOTE
2025-05-13,3180,ビューティガレージ,プライム（内国株式）,卸売業,1560,1603,1550,1590,47,3.046014,40300,OK
2025-05-13,3181,買取王国,スタンダード（内国株式）,小売業,799,813,791,813,22,2.78129,8000,OK
2025-05-13,3182,オイシックス・ラ・大地,プライム（内国株式）,小売業,1628,1648,1599,1599,2,0.125235,293900,OK
2025-05-13,3183,ウイン・パートナーズ,プライム（内国株式）,卸売業,1311,1314,1295,1295,-9,-0.690184,11700,OK
2025-05-13,3184,ＩＣＤＡホールディングス,スタンダード（内国株式）,小売業,,,,,,,,NO_QUOTE
2025-05-13,3185,夢展望,グロース（内国株式）,小売業,136,137,134,134,0,0,124300,OK
2025-05-13,3186,ネクステージ,プライム（内国株式）,小売業,1649,1674,1618,1644,50,3.136763,675700,OK
2025-05-13,3187,ミラタップ,グロース（内国株式）,小売業,359,362,357,357,-2,-0.557103,19800,OK
2025-05-13,3189,ＡＮＡＰホールディングス,スタンダード（内国株式）,小売業,509,523,498,504,1,0.198807,108800,OK
2025-05-13,3190,ホットマン,スタンダード（内国株式）,小売業,587,587,585,587,0,0,1500,OK
2025-05-13,3191,ジョイフル本田,プライム（内国株式）,小売業,2025,2036,2021,2026,4,0.197824,267300,OK
2025-05-13,3192,白鳩,スタンダード（内国株式）,小売業,258,280,258,271,13,5.03876,1350200,OK
2025-05-13,3193,エターナルホスピタリティグループ,プライム（内国株式）,小売業,2880,2885,2841,2864,-27,-0.933933,50200,OK
2025-05-13,3195,ジェネレーションパス,グロース（内国株式）,小売業,380,384,374,381,6,1.6,27400,OK
2025-05-13,3196,ホットランドホールディングス,プライム（内国株式）,小売業,2217,2220,2178,2178,-20,-0.909918,33300,OK
2025-05-13,3197,すかいらーくホールディングス,プライム（内国株式）,小売業,3050,3060,2998,3005,-28,-0.923178,1314700,OK
2025-05-13,3198,ＳＦＰホールディングス,プライム（内国株式）,小売業,2179,2179,2153,2159,-10,-0.461042,16600,OK
2025-05-13,3199,綿半ホールディングス,プライム（内国株式）,小売業,1643,1643,1600,1615,21,1.31744,35200,OK
2025-05-13,319A,技術承継機構,グロース（内国株式）,金属製品,4700,4700,4575,4665,25,0.538793,52100,OK
2025-05-13,3201,日本毛織,プライム（内国株式）,繊維製品,1501,1507,1480,1487,0,0,72400,OK
2025-05-13,3202,ダイトウボウ,スタンダード（内国株式）,繊維製品,104,106,103,106,2,1.923077,153500,OK
2025-05-13,3204,トーア紡コーポレーション,スタンダード（内国株式）,繊維製品,401,401,397,398,0,0,12100,OK
2025-05-13,3205,ダイドーリミテッド,スタンダード（内国株式）,繊維製品,830,834,824,831,9,1.094891,205600,OK
2025-05-13,320A,Ｄ＆Ｉ,TOKYO PRO MARKET（内国株式）,サービス業,,,,,,,,NO_QUOTE
2025-05-13,321A,ヒューマンステージホールディングス,TOKYO PRO MARKET（内国株式）,サービス業,,,,,,,,NO_QUOTE
2025-05-13,3221,ヨシックスホールディングス,プライム（内国株式）,小売業,2699,2707,2661,2670,1,0.037467,24200,OK
2025-05-13,3222,ユナイテッド・スーパーマーケット・ホールディングス,スタンダード（内国株式）,小売業,910,910,896,901,-8,-0.880088,384900,OK
2025-05-13,3223,エスエルディー,スタンダード（内国株式）,小売業,888,888,880,880,2,0.22779,700,OK
2025-05-13,3224,ゼネラル・オイスター,グロース（内国株式）,小売業,696,700,693,693,-3,-0.431034,2500,OK
2025-05-13,322A,ヒメジ理化,TOKYO PRO MARKET（内国株式）,ガラス･土石製品,,,,,,,,NO_QUOTE
2025-05-13,3231,野村不動産ホールディングス,プライム（内国株式）,不動産業,880,884,865.7,877.5,-0.6,-0.068329,4070200,OK
2025-05-13,3232,三重交通グループホールディングス,プライム（内国株式）,不動産業,501,501,494,495,-2,-0.402414,78200,OK
2025-05-13,3236,プロパスト,スタンダード（内国株式）,不動産業,197,197,192,192,-3,-1.538462,152700,OK
2025-05-13,3237,イントランス,グロース（内国株式）,不動産業,88,88,86,86,0,0,86000,OK
2025-05-13,3238,セントラル総合開発,スタンダード（内国株式）,不動産業,446,449,440,449,6,1.354402,20200,OK
2025-05-13,323A,フライヤー,グロース（内国株式）,情報･通信業,818,820,790,800,-10,-1.234568,30700,OK
2025-05-13,3241,ウィル,スタンダード（内国株式）,不動産業,463,475,453,463,1,0.21645,21900,OK
2025-05-13,3242,アーバネットコーポレーション,スタンダード（内国株式）,不動産業,482,484,474,478,-2,-0.416667,201800,OK
2025-05-13,3245,ディア・ライフ,プライム（内国株式）,不動産業,1150,1152,1132,1135,1,0.088183,180800,OK
2025-05-13,3246,コーセーアールイー,スタンダード（内国株式）,不動産業,648,651,646,648,1,0.15456,5900,OK
2025-05-13,3248,アールエイジ,スタンダード（内国株式）,不動産業,823,824,816,824,6,0.733496,2700,OK
2025-05-13,324A,ブッキングリゾート,グロース（内国株式）,サービス業,1312,1332,1298,1314,2,0.152439,33900,OK
2025-05-13,3252,地主,プライム（内国株式）,不動産業,2134,2163,2127,2153,21,0.984991,132500,OK
2025-05-13,325A,ＴＥＮＴＩＡＬ,グロース（内国株式）,繊維製品,2650,2708,2601,2660,32,1.217656,111700,OK
2025-05-13,3261,グランディーズ,グロース（内国株式）,不動産業,1180,1231,1122,1157,-16,-1.364024,103900,OK
2025-05-13,3266,ファンドクリエーショングループ,スタンダード（内国株式）,不動産業,79,80,78,78,-1,-1.265823,29200,OK
2025-05-13,3267,フィル・カンパニー,スタンダード（内国株式）,建設業,807,817,806,813,4,0.494438,6400,OK
2025-05-13,326A,ａｅｒｏ　ｌａｂ　ｉｎｔｅｒｎａｔｉｏｎａｌ,TOKYO PRO MARKET（内国株式）,卸売業,,,,,,,,NO_QUOTE
2025-05-13,3271,ＴＨＥグローバル社,スタンダード（内国株式）,不動産業,916,936,914,935,25,2.747253,169300,OK
2025-05-13,3276,ＪＰＭＣ,プライム（内国株式）,不動産業,1193,1193,1174,1174,-4,-0.339559,40500,OK
2025-05-13,3277,サンセイランディック,スタンダード（内国株式）,不動産業,1115,1128,1114,1124,10,0.897666,8900,OK
2025-05-13,3280,エストラスト,スタンダード（内国株式）,不動産業,935,935,926,926,-9,-0.962567,2300,OK
2025-05-13,3284,フージャースホールディングス,プライム（内国株式）,不動産業,1241,1245,1227,1233,-12,-0.963855,127600,OK
2025-05-13,3286,トラストホールディングス,グロース（内国株式）,不動産業,1141,1190,1120,1186,75,6.750675,93000,OK
2025-05-13,3288,オープンハウスグループ,プライム（内国株式）,不動産業,6240,6272,6201,6248,-41,-0.651932,337400,OK
2025-05-13,3289,東急不動産ホールディングス,プライム（内国株式）,不動産業,1082,1086,1060,1066,-23,-2.112029,3070100,OK
2025-05-13,3291,飯田グループホールディングス,プライム（内国株式）,不動産業,2263,2271.5,2240,2250,-15,-0.662252,215600,OK
2025-05-13,3293,アズマハウス,スタンダード（内国株式）,不動産業,737,738,735,737,0,0,800,OK
2025-05-13,3294,イーグランド,スタンダード（内国株式）,不動産業,1451,1468,1448,1460,30,2.097902,26700,OK
2025-05-13,3297,東武住販,スタンダード（内国株式）,不動産業,1252,1254,1252,1254,1,0.079808,3900,OK
2025-05-13,3299,ムゲンエステート,スタンダード（内国株式）,不動産業,2242,2289,2233,2274,35,1.563198,67900,OK
2025-05-13,329A,ジールアソシエイツ,TOKYO PRO MARKET（内国株式）,サービス業,,,,,,,,NO_QUOTE
2025-05-13,3300,アンビション　ＤＸ　ホールディングス,グロース（内国株式）,不動産業,2180,2205,2134,2153,-24,-1.102435,64800,OK
2025-05-13,3302,帝国繊維,プライム（内国株式）,繊維製品,2660,2698,2593,2593,-42,-1.593928,41700,OK
2025-05-13,3306,日本製麻,スタンダード（内国株式）,卸売業,523,524,521,521,1,0.192308,700,OK
2025-05-13,330A,ＴａｌｅｎｔＸ,グロース（内国株式）,情報･通信業,1380,1490,1358,1441,40,2.855103,539100,OK
2025-05-13,3315,日本コークス工業,プライム（内国株式）,石油･石炭製品,89,90,87,87,-1,-1.136364,1030100,OK
2025-05-13,3317,フライングガーデン,スタンダード（内国株式）,小売業,2552,2552,2485,2546,4,0.157356,4000,OK
2025-05-13,3319,ゴルフダイジェスト・オンライン,プライム（内国株式）,小売業,338,339,336,336,-1,-0.296736,12900,OK
2025-05-13,331A,メディックス,スタンダード（内国株式）,サービス業,579,581,568,570,-3,-0.52356,46300,OK
2025-05-13,3320,クロスプラス,スタンダード（内国株式）,卸売業,1041,1042,1032,1034,1,0.096805,4700,OK
2025-05-13,3321,ミタチ産業,スタンダード（内国株式）,卸売業,1172,1180,1162,1162,2,0.172414,28700,OK
2025-05-13,3323,レカム,スタンダード（内国株式）,卸売業,69,70,68,70,1,1.449275,369700,OK
2025-05-13,3326,ランシステム,スタンダード（内国株式）,サービス業,574,575,560,562,-12,-2.090592,11300,OK
2025-05-13,3328,ＢＥＥＮＯＳ,プライム（内国株式）,小売業,3990,3990,3985,3985,-5,-0.125313,10100,OK
2025-05-13,3329,東和フードサービス,スタンダード（内国株式）,小売業,2088,2092,2087,2092,9,0.432069,3100,OK
2025-05-13,332A,ミーク,グロース（内国株式）,情報･通信業,770,777,752,758,-10,-1.302083,56000,OK
2025-05-13,3333,あさひ,プライム（内国株式）,小売業,1390,1390,1367,1370,-15,-1.083032,48600,OK
2025-05-13,333A,テクノスマイル,TOKYO PRO MARKET（内国株式）,サービス業,,,,,,,,NO_QUOTE
2025-05-13,3341,日本調剤,プライム（内国株式）,小売業,3200,3200,3095,3160,25,0.797448,171700,OK
2025-05-13,3347,トラスト,スタンダード（内国株式）,小売業,295,296,294,295,0,0,8300,OK
2025-05-13,3349,コスモス薬品,プライム（内国株式）,小売業,8712,8808,8572,8680,-167,-1.887646,536100,OK
2025-05-13,334A,ビジュアル・プロセッシング・ジャパン,グロース（内国株式）,情報･通信業,1486,1665,1435,1505,48,3.294441,137500,OK
2025-05-13,3350,メタプラネット,スタンダード（内国株式）,卸売業,589,595,561,595,45,8.181818,65035500,OK
2025-05-13,3352,バッファロー,スタンダード（内国株式）,小売業,1322,1333,1317,1333,22,1.678108,2000,OK
2025-05-13,3353,メディカル一光グループ,スタンダード（内国株式）,小売業,2385,2389,2375,2375,-4,-0.168138,2100,OK
2025-05-13,3355,クリヤマホールディングス,スタンダード（内国株式）,卸売業,1301,1336,1301,1328,23,1.762452,44000,OK
2025-05-13,3358,ワイエスフード,スタンダード（内国株式）,小売業,96,98,94,97,1,1.041667,426000,OK
2025-05-13,3359,ｃｏｔｔａ,グロース（内国株式）,卸売業,385,385,371,371,-7,-1.851852,43700,OK
2025-05-13,335A,ミライロ,グロース（内国株式）,情報･通信業,649,650,620,643,4,0.625978,314700,OK
2025-05-13,3360,シップヘルスケアホールディングス,プライム（内国株式）,卸売業,2130,2133,2080.5,2107.5,6.5,0.309376,223700,OK
2025-05-13,3361,トーエル,スタンダード（内国株式）,小売業,770,775,764,768,4,0.52356,8000,OK
2025-05-13,336A,ダイナミックマッププラットフォーム,グロース（内国株式）,情報･通信業,1000,1021,985,995,10,1.015228,259300,OK
2025-05-13,3370,フジタコーポレーション,スタンダード（内国株式）,小売業,276,277,271,272,-3,-1.090909,76600,OK
2025-05-13,3371,ソフトクリエイトホールディングス,プライム（内国株式）,情報･通信業,1979,2013,1969,2002,23,1.162203,24200,OK
2025-05-13,3372,関門海,スタンダード（内国株式）,小売業,249,259,241,241,-12,-4.743083,174600,OK
2025-05-13,3374,内外テック,スタンダード（内国株式）,卸売業,2222,2222,2183,2183,11,0.506446,6100,OK
2025-05-13,3375,ＺＯＡ,スタンダード（内国株式）,小売業,1512,1520,1495,1519,19,1.266667,1600,OK
2025-05-13,3377,バイク王＆カンパニー,スタンダード（内国株式）,卸売業,407,411,403,409,3,0.738916,7600,OK
2025-05-13,3382,セブン＆アイ・ホールディングス,プライム（内国株式）,小売業,2315,2324.5,2255,2255,-43.5,-1.892539,8956400,OK
2025-05-13,3386,コスモ・バイオ,スタンダード（内国株式）,卸売業,1168,1168,1156,1160,-4,-0.343643,1200,OK
2025-05-13,3387,クリエイト・レストランツ・ホールディングス,プライム（内国株式）,小売業,1396,1401,1383,1385,-15,-1.071429,285600,OK
2025-05-13,3388,明治電機工業,プライム（内国株式）,卸売業,1597,1602,1555,1555,-17,-1.081425,23500,OK
2025-05-13,338A,ＺｅｎｍｕＴｅｃｈ,グロース（内国株式）,情報･通信業,9540,9740,9150,9560,0,0,108800,OK
2025-05-13,3391,ツルハホールディングス,プライム（内国株式）,小売業,11340,11340,11200,11235,-145,-1.274165,310500,OK
2025-05-13,3392,デリカフーズホールディングス,スタンダード（内国株式）,卸売業,549,549,540,543,-1,-0.183824,26700,OK
2025-05-13,3393,スターティアホールディングス,プライム（内国株式）,卸売業,2149,2164,2132,2163,30,1.40647,24300,OK
2025-05-13,3395,サンマルクホールディングス,プライム（内国株式）,小売業,2533,2550,2519,2519,-8,-0.316581,90900,OK
2025-05-13,3396,フェリシモ,スタンダード（内国株式）,小売業,810,812,805,806,-3,-0.370828,6000,OK
2025-05-13,3397,トリドールホールディングス,プライム（内国株式）,小売業,4400,4420,4359,4399,-11,-0.249433,180700,OK
2025-05-13,3399,丸千代山岡家,スタンダード（内国株式）,小売業,5000,5030,4805,4815,-245,-4.841897,241800,OK
2025-05-13,339A,プログレス・テクノロジーズ　グループ,グロース（内国株式）,サービス業,1437,1440,1388,1388,-48,-3.342618,33300,OK
2025-05-13,3401,帝人,プライム（内国株式）,繊維製品,1165,1174,1135.5,1146.5,-5,-0.434216,1430500,OK
2025-05-13,3402,東レ,プライム（内国株式）,繊維製品,970.4,975.3,962.1,972.3,13,1.355155,5510100,OK
2025-05-13,3405,クラレ,プライム（内国株式）,化学,1749,1750,1735,1737.5,16.5,0.958745,1587400,OK
2025-05-13,3407,旭化成,プライム（内国株式）,化学,1026,1026,1009.5,1022.5,5.5,0.540806,6413400,OK
2025-05-13,3409,北日本紡績,スタンダード（内国株式）,繊維製品,197,201,192,198,3,1.538462,304000,OK
2025-05-13,340A,ジグザグ,グロース（内国株式）,情報･通信業,1993,1997,1920,1977,7,0.35533,27300,OK
2025-05-13,3415,ＴＯＫＹＯ　ＢＡＳＥ,プライム（内国株式）,小売業,283,285,280,285,3,1.06383,250600,OK
2025-05-13,3416,ピクスタ,グロース（内国株式）,小売業,902,919,902,919,-10,-1.076426,6200,OK
2025-05-13,3417,大木ヘルスケアホールディングス,スタンダード（内国株式）,卸売業,920,932,916,928,12,1.310044,56900,OK
2025-05-13,3418,バルニバービ,グロース（内国株式）,小売業,1177,1177,1159,1159,-3,-0.258176,26400,OK
2025-05-13,341A,トヨコー,グロース（内国株式）,建設業,1303,1424,1230,1401,119,9.282371,779200,OK
2025-05-13,3420,ケー・エフ・シー,スタンダード（内国株式）,金属製品,1356,1359,1347,1347,-4,-0.296077,1600,OK
2025-05-13,3421,稲葉製作所,スタンダード（内国株式）,金属製品,1764,1765,1737,1737,-19,-1.082005,9500,OK
2025-05-13,3422,Ｊ−ＭＡＸ,スタンダード（内国株式）,金属製品,323,323,320,321,-2,-0.619195,2500,OK
2025-05-13,3423,エスイー,スタンダード（内国株式）,金属製品,263,276,260,266,3,1.140684,938400,OK
2025-05-13,3426,アトムリビンテック,スタンダード（内国株式）,金属製品,1426,1426,1426,1426,7,0.493305,200,OK
2025-05-13,3431,宮地エンジニアリンググループ,プライム（内国株式）,金属製品,1832,1833,1800,1809,-15,-0.822368,123800,OK
2025-05-13,3433,トーカロ,プライム（内国株式）,金属製品,1825,1832,1793,1796,5,0.279174,141400,OK
2025-05-13,3434,アルファ,スタンダード（内国株式）,金属製品,1100,1100,1085,1085,-11,-1.00365,9100,OK
2025-05-13,3435,サンコーテクノ,スタンダード（内国株式）,金属製品,1150,1189,1147,1189,49,4.298246,4500,OK
2025-05-13,3436,ＳＵＭＣＯ,プライム（内国株式）,金属製品,1045.5,1059,1002,1006,-4,-0.39604,5791500,OK
2025-05-13,3437,特殊電極,スタンダード（内国株式）,金属製品,,,,,,,,NO_QUOTE
2025-05-13,3439,三ツ知,スタンダード（内国株式）,金属製品,626,628,616,625,-3,-0.477707,1500,OK
2025-05-13,343A,ＩＡＣＥトラベル,スタンダード（内国株式）,サービス業,946,979,940,966,30,3.205128,52200,OK
2025-05-13,3440,日創プロニティ,スタンダード（内国株式）,金属製品,894,896,892,892,0,0,3200,OK
2025-05-13,3441,山王,スタンダード（内国株式）,金属製品,914,942,914,937,23,2.516411,101100,OK
2025-05-13,3443,川田テクノロジーズ,プライム（内国株式）,金属製品,3405,3415,3295,3300,-40,-1.197605,213900,OK
2025-05-13,3444,菊池製作所,スタンダード（内国株式）,金属製品,275,284,260,260,-14,-5.109489,312700,OK
2025-05-13,3445,ＲＳ　Ｔｅｃｈｎｏｌｏｇｉｅｓ,プライム（内国株式）,金属製品,2924,2939,2842,2865,26,0.915815,133400,OK
2025-05-13,3446,ジェイテックコーポレーション,プライム（内国株式）,金属製品,1125,1155,1111,1111,-19,-1.681416,33900,OK
2025-05-13,3447,信和,スタンダード（内国株式）,金属製品,729,733,726,733,6,0.825309,37400,OK
2025-05-13,3448,清鋼材,TOKYO PRO MARKET（内国株式）,金属製品,,,,,,,,NO_QUOTE
2025-05-13,3449,テクノフレックス,スタンダード（内国株式）,金属製品,1252,1346,1250,1280,108,9.215017,331700,OK
2025-05-13,3450,サトウ産業,TOKYO PRO MARKET（内国株式）,金属製品,,,,,,,,NO_QUOTE
2025-05-13,3452,ビーロット,スタンダード（内国株式）,不動産業,1319,1332,1313,1324,2,0.151286,70400,OK
2025-05-13,3454,ファーストブラザーズ,スタンダード（内国株式）,不動産業,1003,1024,993,1013,19,1.911469,9300,OK
2025-05-13,3457,Ａｎｄ　Ｄｏホールディングス,プライム（内国株式）,不動産業,1333,1345,1333,1343,10,0.750188,49300,OK
2025-05-13,3458,シーアールイー,プライム（内国株式）,不動産業,1695,1701,1693,1693,-3,-0.176887,223600,OK
2025-05-13,3461,パルマ,スタンダード（内国株式）,不動産業,535,539,520,534,-1,-0.186916,7700,OK
2025-05-13,3465,ケイアイスター不動産,プライム（内国株式）,不動産業,5090,5110,5030,5060,-10,-0.197239,33600,OK
2025-05-13,3467,アグレ都市デザイン,スタンダード（内国株式）,不動産業,1801,1805,1770,1799,90,5.266238,133100,OK
2025-05-13,3469,デュアルタップ,スタンダード（内国株式）,不動産業,1238,1238,1230,1237,-1,-0.080775,5600,OK
2025-05-13,3474,Ｇ−ＦＡＣＴＯＲＹ,グロース（内国株式）,不動産業,576,576,574,574,-2,-0.347222,3900,OK
2025-05-13,3475,グッドコムアセット,プライム（内国株式）,不動産業,1249,1256,1233,1250,-3,-0.239425,226000,OK
2025-05-13,3477,フォーライフ,グロース（内国株式）,不動産業,648,654,632,651,4,0.618238,3700,OK
2025-05-13,3479,ティーケーピー,グロース（内国株式）,不動産業,1940,1961,1925,1942,18,0.935551,187100,OK
2025-05-13,347A,ＧＲＯＷＴＨ　ＰＯＷＥＲ,TOKYO PRO MARKET（内国株式）,卸売業,,,,,,,,NO_QUOTE
2025-05-13,3480,ジェイ・エス・ビー,プライム（内国株式）,不動産業,3650,3670,3600,3630,30,0.833333,28900,OK
2025-05-13,3482,ロードスターキャピタル,プライム（内国株式）,不動産業,2640,2640,2595,2619,-6,-0.228571,112500,OK
2025-05-13,3483,翔栄,TOKYO PRO MARKET（内国株式）,不動産業,,,,,,,,NO_QUOTE
2025-05-13,3484,イノベーションホールディングス,プライム（内国株式）,不動産業,960,980,955,975,22,2.308499,20600,OK
2025-05-13,3486,グローバル・リンク・マネジメント,プライム（内国株式）,不動産業,1969,1969,1938,1958,22,1.136364,39400,OK
2025-05-13,3489,フェイスネットワーク,スタンダード（内国株式）,不動産業,1979,2012,1968,1982,14,0.711382,66900,OK
2025-05-13,3490,アズ企画設計,スタンダード（内国株式）,不動産業,2445,2450,2432,2450,10,0.409836,400,OK
2025-05-13,3491,ＧＡ　ｔｅｃｈｎｏｌｏｇｉｅｓ,グロース（内国株式）,不動産業,1437,1465,1425,1443,19,1.33427,122200,OK
2025-05-13,3494,マリオン,スタンダード（内国株式）,不動産業,351,373,351,365,15,4.285714,58200,OK
2025-05-13,3495,香陵住販,スタンダード（内国株式）,不動産業,1900,1900,1805,1821,-39,-2.096774,1100,OK
2025-05-13,3496,アズーム,グロース（内国株式）,不動産業,7830,8170,7830,8090,280,3.585147,42100,OK
2025-05-13,3497,ＬｅＴｅｃｈ,グロース（内国株式）,不動産業,1492,1492,1492,1492,-1,-0.066979,2500,OK
2025-05-13,3498,霞ヶ関キャピタル,プライム（内国株式）,不動産業,12700,12800,12380,12650,50,0.396825,301100,OK
2025-05-13,3501,ＳＵＭＩＮＯＥ,プライム（内国株式）,繊維製品,1253,1256,1246,1250,5,0.401606,31200,OK
2025-05-13,350A,デジタルグリッド,グロース（内国株式）,電気･ガス業,5050,5150,4950,5050,0,0,197000,OK
2025-05-13,3512,日本フエルト,スタンダード（内国株式）,繊維製品,471,471,467,467,-1,-0.213675,15200,OK
2025-05-13,3513,イチカワ,スタンダード（内国株式）,繊維製品,1833,1850,1833,1840,25,1.37741,5000,OK
2025-05-13,351A,アクシスＩＴパートナーズ,TOKYO PRO MARKET（内国株式）,情報･通信業,,,,,,,,NO_QUOTE
2025-05-13,3521,エコナックホールディングス,スタンダード（内国株式）,サービス業,152,155,150,154,3,1.986755,202600,OK
2025-05-13,3524,日東製網,スタンダード（内国株式）,繊維製品,1395,1401,1388,1400,6,0.430416,10700,OK
2025-05-13,3526,芦森工業,スタンダード（内国株式）,輸送用機器,2802,2849,2780,2835,37,1.322373,25400,OK
2025-05-13,3529,アツギ,スタンダード（内国株式）,繊維製品,1071,1088,1066,1085,20,1.877934,87600,OK
2025-05-13,352A,ＬＩＦＥ　ＣＲＥＡＴＥ,グロース（内国株式）,サービス業,1297,1300,1260,1282,-8,-0.620155,43100,OK
2025-05-13,3536,アクサスホールディングス,スタンダード（内国株式）,小売業,128,128,123,124,-3,-2.362205,80500,OK
2025-05-13,3537,昭栄薬品,スタンダード（内国株式）,卸売業,1650,1684,1631,1640,-7,-0.425015,7000,OK
2025-05-13,3538,ウイルプラスホールディングス,スタンダード（内国株式）,小売業,1002,1014,996,1009,10,1.001001,33900,OK
2025-05-13,3539,ＪＭホールディングス,プライム（内国株式）,小売業,2509,2516,2490,2497,-6,-0.239712,18000,OK
2025-05-13,3540,歯愛メディカル,スタンダード（内国株式）,卸売業,868,878,858,876,10,1.154734,54400,OK
2025-05-13,3541,農業総合研究所,グロース（内国株式）,卸売業,320,321,313,318,3,0.952381,122200,OK
2025-05-13,3542,ベガコーポレーション,グロース（内国株式）,小売業,1060,1064,1040,1060,0,0,67000,OK
2025-05-13,3543,コメダホールディングス,プライム（内国株式）,卸売業,2865,2870,2842,2853,-15,-0.523013,154000,OK
2025-05-13,3544,サツドラホールディングス,スタンダード（内国株式）,小売業,914,920,908,918,14,1.548673,176600,OK
2025-05-13,3546,アレンザホールディングス,プライム（内国株式）,小売業,1049,1049,1033,1034,-8,-0.767754,15200,OK
2025-05-13,3547,串カツ田中ホールディングス,スタンダード（内国株式）,小売業,1408,1413,1400,1400,-8,-0.568182,12200,OK
2025-05-13,3548,バロックジャパンリミテッド,プライム（内国株式）,小売業,739,739,727,727,-3,-0.410959,41400,OK
2025-05-13,3549,クスリのアオキホールディングス,プライム（内国株式）,小売業,3597,3633,3562,3605,27,0.754612,536400,OK
2025-05-13,3550,スタジオアタオ,グロース（内国株式）,小売業,193,204,192,194,2,1.041667,114500,OK
2025-05-13,3551,ダイニック,スタンダード（内国株式）,繊維製品,760,760,745,754,1,0.132802,23700,OK
2025-05-13,3553,共和レザー,スタンダード（内国株式）,化学,763,766,756,762,0,0,97100,OK
2025-05-13,3556,リネットジャパングループ,グロース（内国株式）,小売業,295,302,287,291,0,0,68600,OK
2025-05-13,3557,ユナイテッド＆コレクティブ,グロース（内国株式）,小売業,900,900,896,896,-1,-0.111483,6500,OK
2025-05-13,3558,ジェイドグループ,グロース（内国株式）,小売業,1250,1258,1235,1237,4,0.324412,86500,OK
2025-05-13,3559,ピーバンドットコム,スタンダード（内国株式）,卸売業,454,458,450,450,0,0,25200,OK
2025-05-13,355A,ナウビレッジ,TOKYO PRO MARKET（内国株式）,サービス業,,,,,,,,NO_QUOTE
2025-05-13,3560,ほぼ日,スタンダード（内国株式）,小売業,3080,3080,3065,3065,-10,-0.325203,1300,OK
2025-05-13,3561,力の源ホールディングス,プライム（内国株式）,小売業,1340,1341,1323,1325,-9,-0.674663,75300,OK
2025-05-13,3562,Ｎｏ．１,スタンダード（内国株式）,卸売業,1946,1958,1930,1957,11,0.565262,12900,OK
2025-05-13,3563,ＦＯＯＤ　＆　ＬＩＦＥ　ＣＯＭＰＡＮＩＥＳ,プライム（内国株式）,小売業,5699,5834,5556,5627,-105,-1.831821,1699400,OK
2025-05-13,3565,アセンテック,スタンダード（内国株式）,卸売業,1317,1325,1283,1314,8,0.612557,202800,OK
2025-05-13,3566,ユニフォームネクスト,グロース（内国株式）,小売業,583,583,571,583,2,0.344234,5700,OK
2025-05-13,3569,セーレン,プライム（内国株式）,繊維製品,2310,2316,2295,2310,19,0.829332,70600,OK
2025-05-13,3571,ソトー,スタンダード（内国株式）,繊維製品,684,689,680,684,0,0,9400,OK
2025-05-13,3577,東海染工,スタンダード（内国株式）,繊維製品,917,923,910,910,-7,-0.763359,2000,OK
2025-05-13,3580,小松マテーレ,プライム（内国株式）,繊維製品,753,753,726,726,-18,-2.419355,57100,OK
2025-05-13,3583,オーベクス,スタンダード（内国株式）,繊維製品,1343,1377,1320,1327,-136,-9.295967,25300,OK
2025-05-13,3591,ワコールホールディングス,プライム（内国株式）,繊維製品,4847,4854,4804,4831,-13,-0.268373,82300,OK
2025-05-13,3593,ホギメディカル,プライム（内国株式）,繊維製品,4170,4190,4115,4160,-5,-0.120048,54700,OK
2025-05-13,3597,自重堂,スタンダード（内国株式）,繊維製品,9700,9700,9650,9650,-90,-0.924025,900,OK
2025-05-13,3598,山喜,スタンダード（内国株式）,繊維製品,162,163,161,162,0,0,3800,OK
2025-05-13,3600,フジックス,スタンダード（内国株式）,繊維製品,1552,1560,1552,1556,9,0.581771,1100,OK
2025-05-13,3604,川本産業,スタンダード（内国株式）,繊維製品,1198,1200,1198,1198,1,0.083542,9000,OK
2025-05-13,3607,クラウディアホールディングス,スタンダード（内国株式）,繊維製品,314,323,310,310,-2,-0.641026,40600,OK
2025-05-13,3608,ＴＳＩホールディングス,プライム（内国株式）,繊維製品,1070,1079,1046,1055,-15,-1.401869,477000,OK
2025-05-13,3611,マツオカコーポレーション,スタンダード（内国株式）,繊維製品,1775,1810,1761,1799,-16,-0.881543,64700,OK
2025-05-13,3612,ワールド,プライム（内国株式）,繊維製品,2495,2495,2457,2489,-4,-0.160449,145800,OK
2025-05-13,3622,ネットイヤーグループ,グロース（内国株式）,情報･通信業,493,493,480,488,-4,-0.813008,22100,OK
2025-05-13,3623,ビリングシステム,グロース（内国株式）,情報･通信業,1190,1198,1162,1164,-24,-2.020202,35300,OK
2025-05-13,3624,アクセルマーク,グロース（内国株式）,情報･通信業,88,88,85,87,-1,-1.136364,240600,OK
2025-05-13,3625,テックファームホールディングス,グロース（内国株式）,情報･通信業,802,812,754,785,-2,-0.25413,368200,OK
2025-05-13,3626,ＴＩＳ,プライム（内国株式）,情報･通信業,4636,4655,4578,4606,12,0.26121,659800,OK
2025-05-13,3627,テクミラホールディングス,スタンダード（内国株式）,情報･通信業,286,292,284,287,2,0.701754,32500,OK
2025-05-13,3628,データホライゾン,グロース（内国株式）,情報･通信業,454,454,428,428,-19,-4.250559,20800,OK
2025-05-13,3632,グリーホールディングス,プライム（内国株式）,情報･通信業,536,538,519,522,-10,-1.879699,442300,OK
2025-05-13,3633,ＧＭＯペパボ,スタンダード（内国株式）,情報･通信業,1460,1514,1438,1514,54,3.69863,90000,OK
2025-05-13,3634,ソケッツ,スタンダード（内国株式）,情報･通信業,568,568,550,560,-10,-1.754386,1700,OK
2025-05-13,3635,コーエーテクモホールディングス,プライム（内国株式）,情報･通信業,2409,2420,2384,2386,-18.5,-0.769391,504400,OK
2025-05-13,3636,三菱総合研究所,プライム（内国株式）,情報･通信業,4560,4570,4500,4520,-20,-0.440529,24500,OK
2025-05-13,3639,ボルテージ,スタンダード（内国株式）,情報･通信業,245,252,240,244,2,0.826446,219000,OK
2025-05-13,3640,電算,スタンダード（内国株式）,情報･通信業,1591,1591,1577,1587,-4,-0.251414,2500,OK
2025-05-13,3641,パピレス,スタンダード（内国株式）,情報･通信業,871,872,871,872,1,0.114811,1200,OK
2025-05-13,3645,メディカルネット,グロース（内国株式）,情報･通信業,328,328,326,327,1,0.306748,7500,OK
2025-05-13,3646,駅探,グロース（内国株式）,情報･通信業,353,366,353,366,29,8.605341,52500,OK
2025-05-13,3647,ジー・スリーホールディングス,スタンダード（内国株式）,情報･通信業,120,123,114,117,-4,-3.305785,451800,OK
2025-05-13,3648,ＡＧＳ,スタンダード（内国株式）,情報･通信業,870,870,855,858,-8,-0.923788,12700,OK
2025-05-13,3649,ファインデックス,プライム（内国株式）,情報･通信業,701,704,693,693,-8,-1.141227,97400,OK
2025-05-13,3652,ディジタルメディアプロフェッショナル,グロース（内国株式）,情報･通信業,1866,1894,1831,1877,35,1.900109,70000,OK
2025-05-13,3653,モルフォ,グロース（内国株式）,情報･通信業,1176,1185,1160,1172,5,0.428449,35700,OK
2025-05-13,3655,ブレインパッド,プライム（内国株式）,情報･通信業,1292,1330,1260,1321,29,2.244582,832300,OK
2025-05-13,3656,ＫＬａｂ,プライム（内国株式）,情報･通信業,111,111,109,109,-1,-0.909091,785000,OK
2025-05-13,3657,ポールトゥウィンホールディングス,プライム（内国株式）,情報･通信業,362,367,361,362,3,0.835655,85300,OK
2025-05-13,3659,ネクソン,プライム（内国株式）,情報･通信業,2313,2313,2249,2266,-11.5,-0.50494,1998700,OK
2025-05-13,3660,アイスタイル,プライム（内国株式）,情報･通信業,490,490,477,480,-4,-0.826446,1503100,OK
2025-05-13,3661,エムアップホールディングス,プライム（内国株式）,情報･通信業,1856,1868,1824,1848,-3,-0.162075,191200,OK
2025-05-13,3662,エイチームホールディングス,プライム（内国株式）,情報･通信業,1100,1107,1073,1081,-11,-1.007326,143200,OK
2025-05-13,3663,セルシス,プライム（内国株式）,情報･通信業,1485,1518,1471,1483,-6,-0.402955,284500,OK
2025-05-13,3664,モブキャストホールディングス,グロース（内国株式）,情報･通信業,33,33,32,33,1,3.125,549600,OK
2025-05-13,3665,エニグモ,プライム（内国株式）,情報･通信業,288,290,284,284,-5,-1.730104,156800,OK
2025-05-13,3667,ｅｎｉｓｈ,スタンダード（内国株式）,情報･通信業,94,96,93,95,1,1.06383,434500,OK
2025-05-13,3668,コロプラ,プライム（内国株式）,情報･通信業,502,503,488,490,-14,-2.777778,232700,OK
2025-05-13,3670,協立情報通信,スタンダード（内国株式）,情報･通信業,1577,1577,1575,1575,6,0.382409,300,OK
2025-05-13,3671,ソフトマックス,グロース（内国株式）,情報･通信業,980,980,927,935,-8,-0.848356,77400,OK
2025-05-13,3672,オルトプラス,スタンダード（内国株式）,情報･通信業,56,56,53,53,-2,-3.636364,945600,OK
2025-05-13,3673,ブロードリーフ,プライム（内国株式）,情報･通信業,720,721,701,701,-16,-2.23152,294100,OK
2025-05-13,3674,オークファン,グロース（内国株式）,情報･通信業,355,363,354,358,5,1.416431,9200,OK
2025-05-13,3675,クロス・マーケティンググループ,プライム（内国株式）,情報･通信業,710,711,697,711,3,0.423729,84400,OK
2025-05-13,3676,デジタルハーツホールディングス,プライム（内国株式）,情報･通信業,1022,1022,985,988,-22,-2.178218,109700,OK
2025-05-13,3678,メディアドゥ,プライム（内国株式）,情報･通信業,1700,1767,1700,1712,2,0.116959,42100,OK
2025-05-13,3679,じげん,プライム（内国株式）,情報･通信業,454,454,447,447,-5,-1.106195,252700,OK
2025-05-13,3680,ホットリンク,グロース（内国株式）,情報･通信業,270,311,265,303,35,13.059701,2656900,OK
2025-05-13,3681,ブイキューブ,プライム（内国株式）,情報･通信業,183,185,182,184,1,0.546448,78800,OK
2025-05-13,3682,エンカレッジ・テクノロジ,スタンダード（内国株式）,情報･通信業,624,625,620,621,0,0,10600,OK
2025-05-13,3683,サイバーリンクス,スタンダード（内国株式）,情報･通信業,1102,1155,1097,1135,33,2.994555,71600,OK
2025-05-13,3686,ディー・エル・イー,スタンダード（内国株式）,情報･通信業,127,129,126,126,2,1.612903,222700,OK
2025-05-13,3687,フィックスターズ,プライム（内国株式）,情報･通信業,1877,1877,1848,1863,7,0.377155,246500,OK
2025-05-13,3688,ＣＡＲＴＡ　ＨＯＬＤＩＮＧＳ,プライム（内国株式）,情報･通信業,1582,1595,1571,1582,-15,-0.939261,28500,OK
2025-05-13,3690,イルグルム,グロース（内国株式）,情報･通信業,541,542,534,539,-4,-0.736648,6900,OK
2025-05-13,3691,デジタルプラス,グロース（内国株式）,情報･通信業,735,735,712,713,-12,-1.655172,9000,OK
2025-05-13,3692,ＦＦＲＩセキュリティ,グロース（内国株式）,情報･通信業,3630,3700,3590,3665,45,1.243094,306300,OK
2025-05-13,3694,オプティム,プライム（内国株式）,情報･通信業,675,680,670,673,0,0,91100,OK
2025-05-13,3695,ＧＭＯリサーチ＆ＡＩ,グロース（内国株式）,情報･通信業,2683,2739,2590,2632,-97,-3.554416,19700,OK
2025-05-13,3696,セレス,プライム（内国株式）,情報･通信業,2010,2024,1946,1968,-28,-1.402806,323600,OK
2025-05-13,3697,ＳＨＩＦＴ,プライム（内国株式）,情報･通信業,1456,1474,1432,1463.5,23,1.596668,2988800,OK
2025-05-13,3698,ＣＲＩ・ミドルウェア,グロース（内国株式）,情報･通信業,1281,1297,1216,1252,-27,-2.111024,137900,OK
2025-05-13,3708,特種東海製紙,プライム（内国株式）,パルプ・紙,3740,3775,3730,3745,5,0.13369,17800,OK
2025-05-13,3710,ジョルダン,スタンダード（内国株式）,情報･通信業,595,595,593,593,-2,-0.336134,1200,OK
2025-05-13,3712,情報企画,スタンダード（内国株式）,情報･通信業,4695,4840,4680,4825,190,4.099245,10700,OK
2025-05-13,3719,ＡＩストーム,スタンダード（内国株式）,情報･通信業,254,263,252,252,0,0,428900,OK
2025-05-13,3723,日本ファルコム,グロース（内国株式）,情報･通信業,1147,1149,1131,1132,-3,-0.264317,10900,OK
2025-05-13,3726,フォーシーズＨＤ,スタンダード（内国株式）,小売業,598,604,591,596,-4,-0.666667,6500,OK
2025-05-13,3727,アプリックス,グロース（内国株式）,情報･通信業,153,153,151,152,-1,-0.653595,19000,OK
2025-05-13,3733,ソフトウェア・サービス,スタンダード（内国株式）,情報･通信業,12620,12620,12390,12420,-30,-0.240964,400,OK
2025-05-13,3741,セック,プライム（内国株式）,情報･通信業,4730,4960,4680,4715,125,2.723312,101300,OK
2025-05-13,3744,サイオス,スタンダード（内国株式）,情報･通信業,357,357,350,356,1,0.28169,11400,OK
2025-05-13,3747,インタートレード,スタンダード（内国株式）,情報･通信業,385,386,377,378,-3,-0.787402,130500,OK
2025-05-13,3750,サイトリ細胞研究所,スタンダード（内国株式）,情報･通信業,661,661,651,652,-5,-0.761035,6100,OK
2025-05-13,3753,フライトソリューションズ,スタンダード（内国株式）,情報･通信業,236,243,235,239,7,3.017241,184400,OK
2025-05-13,3758,アエリア,スタンダード（内国株式）,情報･通信業,247,249,247,248,1,0.404858,18000,OK
2025-05-13,3760,ケイブ,スタンダード（内国株式）,情報･通信業,977,977,950,953,6,0.63358,19300,OK
2025-05-13,3762,テクマトリックス,プライム（内国株式）,情報･通信業,2170,2195,2072,2103,-22,-1.035294,280700,OK
2025-05-13,3763,プロシップ,プライム（内国株式）,情報･通信業,2420,2435,2314,2389,-21,-0.871369,58900,OK
2025-05-13,3765,ガンホー・オンライン・エンターテイメント,プライム（内国株式）,情報･通信業,2834.5,2834.5,2785,2801.5,-8.5,-0.302491,212800,OK
2025-05-13,3766,システムズ・デザイン,スタンダード（内国株式）,情報･通信業,1110,1119,1062,1075,-21,-1.916058,7300,OK
2025-05-13,3768,リスクモンスター,スタンダード（内国株式）,情報･通信業,500,504,495,495,0,0,9600,OK
2025-05-13,3769,ＧＭＯペイメントゲートウェイ,プライム（内国株式）,情報･通信業,9205,9315,9199,9250,54,0.587212,211800,OK
2025-05-13,3770,ザッパラス,スタンダード（内国株式）,情報･通信業,378,385,378,380,3,0.795756,8000,OK
2025-05-13,3771,システムリサーチ,プライム（内国株式）,情報･通信業,1882,1885,1824,1824,-57,-3.030303,24000,OK
2025-05-13,3772,ウェルス・マネジメント,スタンダード（内国株式）,不動産業,1061,1071,1054,1068,9,0.849858,32300,OK
2025-05-13,3773,アドバンスト・メディア,グロース（内国株式）,情報･通信業,1005,1019,983,991,-6,-0.601805,102900,OK
2025-05-13,3774,インターネットイニシアティブ,プライム（内国株式）,情報･通信業,2791.5,2972.5,2735.5,2843,26.5,0.940884,1292400,OK
2025-05-13,3776,ブロードバンドタワー,スタンダード（内国株式）,情報･通信業,138,139,137,138,2,1.470588,186000,OK
2025-05-13,3777,環境フレンドリーホールディングス,グロース（内国株式）,情報･通信業,34,35,33,34,0,0,496900,OK
2025-05-13,3778,さくらインターネット,プライム（内国株式）,情報･通信業,3450,3455,3395,3395,0,0,909800,OK
2025-05-13,3779,ジェイ・エスコムホールディングス,スタンダード（内国株式）,情報･通信業,146,151,146,148,2,1.369863,123600,OK
2025-05-13,3787,テクノマセマティカル,スタンダード（内国株式）,情報･通信業,533,533,520,520,-13,-2.439024,3500,OK
2025-05-13,3788,ＧＭＯグローバルサイン・ホールディングス,プライム（内国株式）,情報･通信業,2348,2355,2301,2320,-3,-0.129143,21900,OK
2025-05-13,3791,ＩＧポート,スタンダード（内国株式）,情報･通信業,1896,1899,1837,1850,-40,-2.116402,156100,OK
2025-05-13,3793,ドリコム,グロース（内国株式）,情報･通信業,570,577,545,560,35,6.666667,1923100,OK
2025-05-13,3796,いい生活,スタンダード（内国株式）,情報･通信業,476,481,476,481,3,0.627615,700,OK
2025-05-13,3798,ＵＬＳグループ,スタンダード（内国株式）,情報･通信業,5700,5800,5620,5750,-110,-1.877133,10600,OK
2025-05-13,3799,キーウェアソリューションズ,スタンダード（内国株式）,情報･通信業,889,891,870,875,-11,-1.241535,40900,OK
2025-05-13,3800,ユニリタ,スタンダード（内国株式）,情報･通信業,1898,1914,1876,1887,-10,-0.527148,11700,OK
2025-05-13,3802,エコミック,スタンダード（内国株式）,情報･通信業,471,476,468,468,-2,-0.425532,4900,OK
2025-05-13,3803,イメージ情報開発,グロース（内国株式）,情報･通信業,479,495,479,488,9,1.878914,5800,OK
2025-05-13,3804,システム　ディ,スタンダード（内国株式）,情報･通信業,1746,1799,1746,1799,13,0.727884,1200,OK
2025-05-13,3807,フィスコ,グロース（内国株式）,情報･通信業,141,141,136,137,-2,-1.438849,587500,OK
2025-05-13,3810,サイバーステップ,スタンダード（内国株式）,情報･通信業,255,272,253,268,13,5.098039,219800,OK
2025-05-13,3814,アルファクス・フード・システム,グロース（内国株式）,情報･通信業,319,323,311,322,6,1.898734,21300,OK
2025-05-13,3815,メディア工房,グロース（内国株式）,情報･通信業,530,532,529,531,1,0.188679,3300,OK
2025-05-13,3816,大和コンピューター,スタンダード（内国株式）,情報･通信業,1150,1150,1141,1141,1,0.087719,1000,OK
2025-05-13,3817,ＳＲＡホールディングス,プライム（内国株式）,情報･通信業,4610,4610,4510,4555,-40,-0.870511,17400,OK
2025-05-13,3823,ＴＨＥ　ＷＨＹ　ＨＯＷ　ＤＯ　ＣＯＭＰＡＮＹ,スタンダード（内国株式）,情報･通信業,115,115,110,110,-3,-2.654867,3573800,OK
2025-05-13,3825,リミックスポイント,スタンダード（内国株式）,小売業,434,438,406,418,-11,-2.564103,4141600,OK
2025-05-13,3826,システムインテグレータ,スタンダード（内国株式）,情報･通信業,380,380,374,379,3,0.797872,22800,OK
2025-05-13,3834,朝日ネット,プライム（内国株式）,情報･通信業,686,690,677,677,0,0,73400,OK
2025-05-13,3835,ｅＢＡＳＥ,プライム（内国株式）,情報･通信業,555,555,540,541,-5,-0.915751,61800,OK
2025-05-13,3836,アバントグループ,プライム（内国株式）,情報･通信業,1568,1581,1545,1560,-8,-0.510204,87400,OK
2025-05-13,3837,アドソル日進,プライム（内国株式）,情報･通信業,1086,1091,1057,1058,-28,-2.578269,75300,OK
2025-05-13,3839,ＯＤＫソリューションズ,スタンダード（内国株式）,情報･通信業,566,567,565,567,0,0,2700,OK
2025-05-13,3840,パス,スタンダード（内国株式）,情報･通信業,98,99,97,97,-2,-2.020202,195500,OK
2025-05-13,3841,ジーダット,スタンダード（内国株式）,情報･通信業,1324,1338,1317,1335,7,0.527108,2900,OK
2025-05-13,3842,ネクストジェン,スタンダード（内国株式）,情報･通信業,925,938,925,938,18,1.956522,2400,OK
2025-05-13,3843,フリービット,プライム（内国株式）,情報･通信業,1526,1537,1512,1515,-2,-0.131839,36800,OK
2025-05-13,3844,コムチュア,プライム（内国株式）,情報･通信業,1809,1812,1782,1787,-13,-0.722222,151000,OK
2025-05-13,3845,アイフリークモバイル,スタンダード（内国株式）,情報･通信業,90,90,88,89,0,0,124600,OK
2025-05-13,3847,パシフィックシステム,スタンダード（内国株式）,情報･通信業,4480,4650,4480,4650,170,3.794643,800,OK
2025-05-13,3848,データ・アプリケーション,スタンダード（内国株式）,情報･通信業,802,818,802,811,-39,-4.588235,14300,OK
2025-05-13,3850,エヌ・ティ・ティ・データ・イントラマート,スタンダード（内国株式）,情報･通信業,3395,3395,3085,3245,-150,-4.418262,87300,OK
2025-05-13,3851,日本一ソフトウェア,スタンダード（内国株式）,情報･通信業,803,803,796,802,-7,-0.865266,8100,OK
2025-05-13,3853,アステリア,プライム（内国株式）,情報･通信業,537,540,530,538,2,0.373134,102800,OK
2025-05-13,3854,アイル,プライム（内国株式）,情報･通信業,2443,2476,2426,2449,27,1.114781,46000,OK
2025-05-13,3856,Ａｂａｌａｎｃｅ,スタンダード（内国株式）,電気機器,528,537,521,530,3,0.56926,84000,OK
2025-05-13,3858,ユビキタスＡＩ,スタンダード（内国株式）,情報･通信業,373,380,371,373,4,1.084011,41400,OK
2025-05-13,3861,王子ホールディングス,プライム（内国株式）,パルプ・紙,654.2,655.2,620,642.8,-12,-1.832621,12272300,OK
2025-05-13,3863,日本製紙,プライム（内国株式）,パルプ・紙,1058,1058,1021,1038,-24,-2.259887,977700,OK
2025-05-13,3864,三菱製紙,プライム（内国株式）,パルプ・紙,776,780,761,763,-1,-0.13089,257000,OK
2025-05-13,3865,北越コーポレーション,プライム（内国株式）,パルプ・紙,1114,1118,1091,1097,-4,-0.363306,187300,OK
2025-05-13,3877,中越パルプ工業,プライム（内国株式）,パルプ・紙,1541,1541,1516,1520,-11,-0.718485,28200,OK
2025-05-13,3878,巴川コーポレーション,スタンダード（内国株式）,化学,637,637,617,627,-6,-0.947867,21500,OK
2025-05-13,3880,大王製紙,プライム（内国株式）,パルプ・紙,880,883,861,868,-13,-1.475596,210800,OK
2025-05-13,3891,ニッポン高度紙工業,スタンダード（内国株式）,パルプ・紙,1792,1802,1762,1762,-3,-0.169972,11800,OK
2025-05-13,3892,岡山製紙,スタンダード（内国株式）,パルプ・紙,1494,1494,1463,1472,-8,-0.540541,4100,OK
2025-05-13,3895,ハビックス,スタンダード（内国株式）,パルプ・紙,480,480,471,472,-9,-1.871102,5400,OK
2025-05-13,3896,阿波製紙,スタンダード（内国株式）,パルプ・紙,427,428,404,411,-12,-2.836879,37400,OK
2025-05-13,3900,クラウドワークス,グロース（内国株式）,情報･通信業,1071,1089,1056,1080,7,0.652377,187700,OK
2025-05-13,3901,マークラインズ,プライム（内国株式）,情報･通信業,2315,2335,2290,2307,13,0.566696,24000,OK
2025-05-13,3902,メディカル・データ・ビジョン,プライム（内国株式）,情報･通信業,400,409,395,401,-30,-6.960557,409300,OK
2025-05-13,3903,ｇｕｍｉ,プライム（内国株式）,情報･通信業,495,497,483,486,-7,-1.419878,497700,OK
2025-05-13,3904,カヤック,グロース（内国株式）,情報･通信業,420,422,415,417,-3,-0.714286,12100,OK
2025-05-13,3905,データセクション,グロース（内国株式）,情報･通信業,915,920,890,910,39,4.477612,159800,OK
2025-05-13,3907,シリコンスタジオ,グロース（内国株式）,情報･通信業,672,676,671,673,2,0.298063,1600,OK
2025-05-13,3908,コラボス,グロース（内国株式）,情報･通信業,290,300,288,289,-3,-1.027397,77200,OK
2025-05-13,3909,ショーケース,スタンダード（内国株式）,情報･通信業,325,326,314,314,-9,-2.786378,15000,OK
2025-05-13,3910,エムケイシステム,スタンダード（内国株式）,情報･通信業,312,313,310,313,1,0.320513,2000,OK
2025-05-13,3911,Ａｉｍｉｎｇ,グロース（内国株式）,情報･通信業,272,274,265,269,-3,-1.102941,597600,OK
2025-05-13,3912,モバイルファクトリー,スタンダード（内国株式）,情報･通信業,936,939,926,926,-7,-0.750268,16700,OK
2025-05-13,3913,ＧｒｅｅｎＢｅｅ,グロース（内国株式）,情報･通信業,590,606,589,606,16,2.711864,6000,OK
2025-05-13,3914,ＪＩＧ−ＳＡＷ,グロース（内国株式）,情報･通信業,2778,2778,2701,2701,-47,-1.710335,19400,OK
2025-05-13,3915,テラスカイ,プライム（内国株式）,情報･通信業,2580,2627,2554,2607,68,2.67822,150200,OK
2025-05-13,3916,デジタル・インフォメーション・テクノロジー,プライム（内国株式）,情報･通信業,2521,2529,2481,2494,-18,-0.716561,14300,OK
2025-05-13,3917,アイリッジ,グロース（内国株式）,情報･通信業,477,494,477,494,13,2.702703,25500,OK
2025-05-13,3918,ＰＣＩホールディングス,スタンダード（内国株式）,情報･通信業,937,949,922,933,16,1.74482,30700,OK
2025-05-13,3920,アイビーシー,スタンダード（内国株式）,情報･通信業,816,816,779,785,-22,-2.726146,32300,OK
2025-05-13,3921,ネオジャパン,プライム（内国株式）,情報･通信業,1545,1545,1510,1512,-13,-0.852459,12800,OK
2025-05-13,3922,ＰＲ　ＴＩＭＥＳ,プライム（内国株式）,情報･通信業,2385,2385,2337,2343,-17,-0.720339,28600,OK
2025-05-13,3923,ラクス,プライム（内国株式）,情報･通信業,2319.5,2332.5,2295,2303.5,3,0.130406,994200,OK
2025-05-13,3924,ランドコンピュータ,プライム（内国株式）,情報･通信業,696,701,682,695,0,0,91700,OK
2025-05-13,3925,ダブルスタンダード,プライム（内国株式）,情報･通信業,1600,1611,1574,1593,0,0,50300,OK
2025-05-13,3926,オープンドア,プライム（内国株式）,情報･通信業,543,548,505,507,-29,-5.410448,195900,OK
2025-05-13,3927,フーバーブレイン,グロース（内国株式）,情報･通信業,692,692,673,687,5,0.733138,25500,OK
2025-05-13,3928,マイネット,スタンダード（内国株式）,情報･通信業,224,229,223,225,0,0,50800,OK
2025-05-13,3929,ソーシャルワイヤー,グロース（内国株式）,情報･通信業,247,251,240,248,3,1.22449,46900,OK
2025-05-13,3930,はてな,グロース（内国株式）,情報･通信業,1328,1341,1321,1321,-7,-0.527108,3700,OK
2025-05-13,3931,バリューゴルフ,グロース（内国株式）,情報･通信業,1609,1610,1602,1608,1,0.062228,2400,OK
2025-05-13,3932,アカツキ,プライム（内国株式）,情報･通信業,3105,3125,2992,3005,-100,-3.220612,127300,OK
2025-05-13,3933,チエル,スタンダード（内国株式）,情報･通信業,717,720,709,715,3,0.421348,7900,OK
2025-05-13,3934,ベネフィットジャパン,スタンダード（内国株式）,情報･通信業,1625,1698,1497,1600,6,0.376412,178900,OK
2025-05-13,3935,エディア,スタンダード（内国株式）,情報･通信業,559,563,549,555,1,0.180505,155500,OK
2025-05-13,3936,グローバルウェイ,グロース（内国株式）,情報･通信業,107,108,105,105,-2,-1.869159,203300,OK
2025-05-13,3937,Ｕｂｉｃｏｍホールディングス,プライム（内国株式）,情報･通信業,1072,1074,1037,1039,-37,-3.438662,347300,OK
2025-05-13,3939,カナミックネットワーク,プライム（内国株式）,情報･通信業,440,440,428,431,-5,-1.146789,143700,OK
2025-05-13,3940,ノムラシステムコーポレーション,スタンダード（内国株式）,情報･通信業,116,117,115,115,-1,-0.862069,196200,OK
2025-05-13,3941,レンゴー,プライム（内国株式）,パルプ・紙,767.9,769,746,750.4,-6.5,-0.858766,1956300,OK
2025-05-13,3943,大石産業,スタンダード（内国株式）,パルプ・紙,1250,1250,1210,1230,-35,-2.766798,40900,OK
2025-05-13,3944,古林紙工,スタンダード（内国株式）,パルプ・紙,2001,2079,2001,2079,79,3.95,3200,OK
2025-05-13,3945,スーパーバッグ,スタンダード（内国株式）,パルプ・紙,2298,2315,2275,2304,17,0.743332,1600,OK
2025-05-13,3946,トーモク,プライム（内国株式）,パルプ・紙,2628,2650,2595,2615,-9,-0.342988,88200,OK
2025-05-13,3947,ダイナパック,スタンダード（内国株式）,パルプ・紙,1957,2000,1911,1961,-78,-3.825405,7900,OK
2025-05-13,3948,光ビジネスフォーム,スタンダード（内国株式）,パルプ・紙,995,1000,982,987,-12,-1.201201,9500,OK
2025-05-13,3950,ザ・パック,プライム（内国株式）,パルプ・紙,3195,3195,3130,3165,-100,-3.062787,37700,OK
2025-05-13,3951,朝日印刷,スタンダード（内国株式）,パルプ・紙,872,873,864,866,-4,-0.45977,18100,OK
2025-05-13,3953,大村紙業,スタンダード（内国株式）,パルプ・紙,808,808,803,808,4,0.497512,2100,OK
2025-05-13,3954,昭和パックス,スタンダード（内国株式）,パルプ・紙,1850,1900,1833,1838,-16,-0.862999,7800,OK
2025-05-13,3955,イムラ,スタンダード（内国株式）,パルプ・紙,974,974,959,961,-7,-0.72314,2100,OK
2025-05-13,3958,笹徳印刷,スタンダード（内国株式）,パルプ・紙,537,543,536,539,-6,-1.100917,4000,OK
2025-05-13,3961,シルバーエッグ・テクノロジー,グロース（内国株式）,情報･通信業,639,640,633,633,-6,-0.938967,2000,OK
2025-05-13,3962,チェンジホールディングス,プライム（内国株式）,情報･通信業,1428,1440,1393,1415,25,1.798561,455900,OK
2025-05-13,3963,シンクロ・フード,プライム（内国株式）,情報･通信業,559,576,538,564,7,1.256732,436500,OK
2025-05-13,3964,オークネット,プライム（内国株式）,情報･通信業,1296,1296,1269,1272,-17,-1.318852,14300,OK
2025-05-13,3965,キャピタル・アセット・プランニング,スタンダード（内国株式）,情報･通信業,760,761,758,759,1,0.131926,1300,OK
2025-05-13,3967,エルテス,グロース（内国株式）,情報･通信業,641,654,635,635,-2,-0.313972,10600,OK
2025-05-13,3968,セグエグループ,プライム（内国株式）,情報･通信業,537,537,527,528,-3,-0.564972,92100,OK
2025-05-13,3969,エイトレッド,スタンダード（内国株式）,情報･通信業,1405,1405,1391,1393,-7,-0.5,6500,OK
2025-05-13,3970,イノベーション,グロース（内国株式）,情報･通信業,1099,1107,1053,1053,-78,-6.896552,29800,OK
2025-05-13,3974,ＳＣＡＴ,スタンダード（内国株式）,情報･通信業,418,418,412,413,-1,-0.241546,4100,OK
2025-05-13,3976,シャノン,グロース（内国株式）,情報･通信業,396,396,382,384,-4,-1.030928,5200,OK
2025-05-13,3978,マクロミル,プライム（内国株式）,情報･通信業,1271,1272,1270,1270,-1,-0.078678,17100,OK
2025-05-13,3979,うるる,グロース（内国株式）,情報･通信業,1596,1596,1566,1566,-23,-1.447451,1300,OK
2025-05-13,3981,ビーグリー,スタンダード（内国株式）,情報･通信業,1373,1373,1347,1350,0,0,8800,OK
2025-05-13,3983,オロ,プライム（内国株式）,情報･通信業,2543,2628,2518,2589,46,1.808887,25400,OK
2025-05-13,3984,ユーザーローカル,プライム（内国株式）,情報･通信業,1770,1770,1710,1721,-9,-0.520231,74700,OK
2025-05-13,3985,テモナ,スタンダード（内国株式）,情報･通信業,199,200,197,200,2,1.010101,51700,OK
2025-05-13,3986,ビーブレイクシステムズ,グロース（内国株式）,情報･通信業,1470,1470,1437,1437,-19,-1.304945,1600,OK
2025-05-13,3987,エコモット,グロース（内国株式）,情報･通信業,415,430,413,421,6,1.445783,101500,OK
2025-05-13,3988,ＳＹＳホールディングス,スタンダード（内国株式）,情報･通信業,519,531,519,528,12,2.325581,7000,OK
2025-05-13,3989,シェアリングテクノロジー,グロース（内国株式）,情報･通信業,1119,1130,1097,1123,21,1.905626,139700,OK
2025-05-13,3991,ウォンテッドリー,グロース（内国株式）,情報･通信業,1258,1258,1233,1244,-14,-1.112878,1700,OK
2025-05-13,3992,ニーズウェル,プライム（内国株式）,情報･通信業,484,513,469,499,39,8.478261,1458600,OK
2025-05-13,3993,ＰＫＳＨＡ　Ｔｅｃｈｎｏｌｏｇｙ,プライム（内国株式）,情報･通信業,3005,3045,2984,3010,43,1.449275,510800,OK
2025-05-13,3994,マネーフォワード,プライム（内国株式）,情報･通信業,4588,4758,4564,4654,148,3.28451,675000,OK
2025-05-13,3996,サインポスト,スタンダード（内国株式）,情報･通信業,345,347,342,345,4,1.173021,22600,OK
2025-05-13,3997,トレードワークス,スタンダード（内国株式）,情報･通信業,1152,1210,1141,1194,-74,-5.835962,55400,OK
2025-05-13,3998,すららネット,グロース（内国株式）,情報･通信業,357,357,347,348,-1,-0.286533,4500,OK
2025-05-13,4004,レゾナック・ホールディングス,プライム（内国株式）,化学,2906,2925,2843.5,2889,83,2.957947,1951000,OK
2025-05-13,4005,住友化学,プライム（内国株式）,化学,363.9,370.5,362.2,364.5,5.6,1.560323,15714900,OK
2025-05-13,4008,住友精化,プライム（内国株式）,化学,4700,4725,4580,4595,-90,-1.921025,67900,OK
2025-05-13,4011,ヘッドウォータース,グロース（内国株式）,情報･通信業,3700,3720,3535,3560,50,1.424501,18900,OK
2025-05-13,4012,アクシス,スタンダード（内国株式）,情報･通信業,1545,1570,1541,1561,20,1.297859,13400,OK
2025-05-13,4013,勤次郎,グロース（内国株式）,情報･通信業,660,767,643,747,80,11.994003,825800,OK
2025-05-13,4014,カラダノート,グロース（内国株式）,情報･通信業,466,469,465,465,7,1.528384,5700,OK
2025-05-13,4015,ペイクラウドホールディングス,グロース（内国株式）,情報･通信業,716,737,700,731,40,5.788712,237300,OK
2025-05-13,4016,ＭＩＴホールディングス,スタンダード（内国株式）,情報･通信業,837,837,825,830,-5,-0.598802,2200,OK
2025-05-13,4017,クリーマ,グロース（内国株式）,情報･通信業,265,282,260,260,-4,-1.515152,2110200,OK
2025-05-13,4019,スタメン,グロース（内国株式）,情報･通信業,1013,1020,1011,1019,11,1.09127,8500,OK
2025-05-13,4020,ビートレンド,グロース（内国株式）,情報･通信業,597,597,581,583,-9,-1.52027,3100,OK
2025-05-13,4021,日産化学,プライム（内国株式）,化学,4366,4396,4338,4355,59,1.373371,456500,OK
2025-05-13,4022,ラサ工業,プライム（内国株式）,化学,2750,2780,2739,2739,-6,-0.218579,18500,OK
2025-05-13,4023,クレハ,プライム（内国株式）,化学,3235,3235,3065,3095,363,13.286969,2670000,OK
2025-05-13,4025,多木化学,プライム（内国株式）,化学,3170,3185,3075,3075,-85,-2.689873,8000,OK
2025-05-13,4026,神島化学工業,スタンダード（内国株式）,ガラス･土石製品,1330,1343,1302,1310,0,0,57000,OK
2025-05-13,4027,テイカ,プライム（内国株式）,化学,1393,1397,1361,1361,-20,-1.448226,22100,OK
2025-05-13,4028,石原産業,プライム（内国株式）,化学,1796,1801,1751,1761,-14,-0.788732,366900,OK
2025-05-13,4031,片倉コープアグリ,スタンダード（内国株式）,化学,895,900,890,890,-4,-0.447427,4600,OK
2025-05-13,4040,南海化学,スタンダード（内国株式）,化学,2591,2620,2425,2610,59,2.312819,29000,OK
2025-05-13,4041,日本曹達,プライム（内国株式）,化学,2743,2757,2730,2747,27,0.992647,118300,OK
2025-05-13,4042,東ソー,プライム（内国株式）,化学,2106,2116.5,2086,2087,10,0.481464,1337500,OK
2025-05-13,4043,トクヤマ,プライム（内国株式）,化学,2869,2869,2822.5,2831,-4.5,-0.158702,461600,OK
2025-05-13,4044,セントラル硝子,プライム（内国株式）,化学,3140,3165,3105,3125,15,0.482315,121900,OK
2025-05-13,4045,東亞合成,プライム（内国株式）,化学,1385.5,1395.5,1379.5,1382.5,5,0.362976,249300,OK
2025-05-13,4046,大阪ソーダ,プライム（内国株式）,化学,1484,1484,1438,1464,9,0.618557,511000,OK
2025-05-13,4047,関東電化工業,プライム（内国株式）,化学,894,894,876,882,1,0.113507,100700,OK
2025-05-13,4051,ＧＭＯフィナンシャルゲート,グロース（内国株式）,情報･通信業,5390,5420,5260,5260,-100,-1.865672,39700,OK
2025-05-13,4052,フィーチャ,グロース（内国株式）,情報･通信業,365,369,361,369,11,3.072626,8500,OK
2025-05-13,4053,Ｓｕｎ　Ａｓｔｅｒｉｓｋ,プライム（内国株式）,情報･通信業,582,587,580,585,10,1.73913,99000,OK
2025-05-13,4054,日本情報クリエイト,グロース（内国株式）,情報･通信業,915,924,907,908,8,0.888889,30200,OK
2025-05-13,4055,ティアンドエスグループ,グロース（内国株式）,情報･通信業,1269,1288,1244,1244,-1,-0.080321,40800,OK
2025-05-13,4056,ニューラルグループ,グロース（内国株式）,情報･通信業,691,693,685,685,0,0,8300,OK
2025-05-13,4057,インターファクトリー,グロース（内国株式）,情報･通信業,532,532,527,528,-5,-0.938086,1000,OK
2025-05-13,4058,トヨクモ,グロース（内国株式）,情報･通信業,2600,2617,2546,2546,-40,-1.54679,22800,OK
2025-05-13,4059,まぐまぐ,スタンダード（内国株式）,情報･通信業,548,563,543,557,9,1.642336,1800,OK
2025-05-13,4060,ｒａｋｕｍｏ,グロース（内国株式）,情報･通信業,843,876,843,852,11,1.307967,31700,OK
2025-05-13,4061,デンカ,プライム（内国株式）,化学,1980,2146.5,1951.5,2132.5,191,9.837754,2119700,OK
2025-05-13,4062,イビデン,プライム（内国株式）,電気機器,5124,5185,4851,4937,-29,-0.583971,2946700,OK
2025-05-13,4063,信越化学工業,プライム（内国株式）,化学,4746,4774,4639,4710,216,4.806409,11040100,OK
2025-05-13,4064,日本カーバイド工業,プライム（内国株式）,化学,1768,1780,1730,1760,18,1.033295,79700,OK
2025-05-13,4068,ベイシス,グロース（内国株式）,情報･通信業,2178,2195,2129,2195,17,0.780533,5800,OK
2025-05-13,4069,ＢｌｕｅＭｅｍｅ,グロース（内国株式）,情報･通信業,1280,1338,1270,1305,25,1.953125,4900,OK
2025-05-13,4071,プラスアルファ・コンサルティング,プライム（内国株式）,情報･通信業,1675,1693,1609,1622,-25,-1.517911,403000,OK
2025-05-13,4072,電算システムホールディングス,プライム（内国株式）,情報･通信業,2553,2559,2511,2528,-11,-0.433241,14900,OK
2025-05-13,4073,ジィ・シィ企画,グロース（内国株式）,情報･通信業,568,568,559,567,-1,-0.176056,1600,OK
2025-05-13,4074,ラキール,グロース（内国株式）,情報･通信業,1021,1021,995,995,-8,-0.797607,23900,OK
2025-05-13,4075,ブレインズテクノロジー,グロース（内国株式）,情報･通信業,683,683,673,673,-10,-1.464129,500,OK
2025-05-13,4076,シイエヌエス,グロース（内国株式）,情報･通信業,1647,1651,1639,1645,2,0.121729,2900,OK
2025-05-13,4078,堺化学工業,プライム（内国株式）,化学,2626,2661,2623,2637,49,1.893354,69200,OK
2025-05-13,4080,田中化学研究所,スタンダード（内国株式）,化学,485,499,464,464,-11,-2.315789,419700,OK
2025-05-13,4082,第一稀元素化学工業,プライム（内国株式）,化学,673,679,666,674,7,1.049475,37100,OK
2025-05-13,4088,エア・ウォーター,プライム（内国株式）,化学,2020.5,2033,2011.5,2020.5,8,0.397516,634900,OK
2025-05-13,4091,日本酸素ホールディングス,プライム（内国株式）,化学,4905,5191,4901,5042,207,4.281282,1332700,OK
2025-05-13,4092,日本化学工業,プライム（内国株式）,化学,2171,2180,2133,2143,-7,-0.325581,46800,OK
2025-05-13,4093,東邦アセチレン,プライム（内国株式）,化学,394,394,374,384,-9,-2.290076,280500,OK
2025-05-13,4094,日本化学産業,スタンダード（内国株式）,化学,1624,1630,1602,1606,-23,-1.411909,7400,OK
2025-05-13,4095,日本パーカライジング,プライム（内国株式）,化学,1251,1265,1251,1259,13,1.043339,134400,OK
2025-05-13,4097,高圧ガス工業,プライム（内国株式）,化学,968,987,968,972,2,0.206186,54300,OK
2025-05-13,4098,チタン工業,スタンダード（内国株式）,化学,778,781,771,781,4,0.514801,3100,OK
2025-05-13,4099,四国化成ホールディングス,プライム（内国株式）,化学,1943,1950,1884,1901,28,1.494928,85900,OK
2025-05-13,4100,戸田工業,スタンダード（内国株式）,化学,1049,1049,1037,1037,-6,-0.575264,5000,OK
2025-05-13,4102,丸尾カルシウム,スタンダード（内国株式）,化学,1341,1341,1340,1340,-1,-0.074571,400,OK
2025-05-13,4107,伊勢化学工業,スタンダード（内国株式）,化学,25000,25000,24020,24260,-370,-1.502233,68700,OK
2025-05-13,4109,ステラ　ケミファ,プライム（内国株式）,化学,3685,3730,3650,3705,60,1.646091,40600,OK
2025-05-13,4112,保土谷化学工業,プライム（内国株式）,化学,1542,1551,1521,1537,17,1.118421,76200,OK
2025-05-13,4113,田岡化学工業,スタンダード（内国株式）,化学,1191,1242,1168,1190,-2,-0.167785,262700,OK
2025-05-13,4114,日本触媒,プライム（内国株式）,化学,1726.5,1731.5,1620,1659,-48.5,-2.84041,1586000,OK
2025-05-13,4116,大日精化工業,プライム（内国株式）,化学,3090,3120,3080,3095,25,0.814332,48600,OK
2025-05-13,4118,カネカ,プライム（内国株式）,化学,3684,3691,3629,3643,24,0.663167,208400,OK
2025-05-13,4119,日本ピグメントホールディングス,スタンダード（内国株式）,化学,3020,3030,3020,3025,5,0.165563,500,OK
2025-05-13,4120,スガイ化学工業,スタンダード（内国株式）,化学,2139,2139,2139,2139,48,2.295552,100,OK
2025-05-13,4124,大阪油化工業,スタンダード（内国株式）,化学,2250,2349,2250,2337,87,3.866667,1600,OK
2025-05-13,4125,三和油化工業,スタンダード（内国株式）,化学,1333,1355,1326,1355,31,2.34139,13700,OK
2025-05-13,4151,協和キリン,プライム（内国株式）,医薬品,2205.5,2245,2181.5,2218,78,3.64486,1573100,OK
2025-05-13,4165,プレイド,グロース（内国株式）,情報･通信業,1182,1186,1140,1174,16,1.381693,1059500,OK
2025-05-13,4166,かっこ,グロース（内国株式）,情報･通信業,630,630,610,620,-10,-1.587302,12400,OK
2025-05-13,4167,ココペリ,グロース（内国株式）,情報･通信業,546,583,530,548,9,1.669759,548100,OK
2025-05-13,4168,ヤプリ,グロース（内国株式）,情報･通信業,721,730,715,730,15,2.097902,70400,OK
2025-05-13,4169,ＥＮＥＣＨＡＮＧＥ,グロース（内国株式）,情報･通信業,329,345,318,338,16,4.968944,667100,OK
2025-05-13,4170,Ｋａｉｚｅｎ　Ｐｌａｔｆｏｒｍ,グロース（内国株式）,情報･通信業,176,182,175,176,2,1.149425,200400,OK
2025-05-13,4171,グローバルインフォメーション,スタンダード（内国株式）,情報･通信業,1336,1340,1312,1312,-24,-1.796407,3400,OK
2025-05-13,4172,東和ハイシステム,スタンダード（内国株式）,情報･通信業,2300,2323,2291,2320,39,1.709776,3400,OK
2025-05-13,4173,ＷＡＣＵＬ,グロース（内国株式）,情報･通信業,499,499,497,499,0,0,180400,OK
2025-05-13,4174,アピリッツ,スタンダード（内国株式）,情報･通信業,824,824,816,819,2,0.244798,3100,OK
2025-05-13,4175,ｃｏｌｙ,グロース（内国株式）,情報･通信業,1520,1570,1516,1556,41,2.706271,6100,OK
2025-05-13,4176,ココナラ,グロース（内国株式）,情報･通信業,389,392,372,372,-12,-3.125,1636800,OK
2025-05-13,4177,ｉ‐ｐｌｕｇ,グロース（内国株式）,情報･通信業,1457,1479,1428,1479,32,2.211472,4300,OK
2025-05-13,4178,Ｓｈａｒｉｎｇ　Ｉｎｎｏｖａｔｉｏｎｓ,グロース（内国株式）,情報･通信業,795,805,791,793,-2,-0.251572,3000,OK
2025-05-13,4179,ジーネクスト,グロース（内国株式）,情報･通信業,301,305,297,297,-3,-1,35700,OK
2025-05-13,4180,Ａｐｐｉｅｒ　Ｇｒｏｕｐ,プライム（内国株式）,情報･通信業,1362,1380,1336,1368,36,2.702703,795000,OK
2025-05-13,4182,三菱瓦斯化学,プライム（内国株式）,化学,2186.5,2226.5,2109.5,2165,-90,-3.991131,2832200,OK
2025-05-13,4183,三井化学,プライム（内国株式）,化学,3335,3399,3177,3276,-12,-0.364964,2726100,OK
2025-05-13,4186,東京応化工業,プライム（内国株式）,化学,3723,3740,3554,3583,0,0,1512700,OK
2025-05-13,4187,大阪有機化学工業,プライム（内国株式）,化学,2568,2576,2502,2519,-3,-0.118953,36100,OK
2025-05-13,4188,三菱ケミカルグループ,プライム（内国株式）,化学,740,820.2,718.1,756.8,26.8,3.671233,22202800,OK
2025-05-13,4189,ＫＨネオケム,プライム（内国株式）,化学,2401,2427,2373,2412,21,0.878294,150500,OK
2025-05-13,4192,スパイダープラス,グロース（内国株式）,情報･通信業,520,524,513,520,8,1.5625,117600,OK
2025-05-13,4193,ファブリカホールディングス,スタンダード（内国株式）,情報･通信業,2238,2238,2166,2193,-52,-2.316258,23600,OK
2025-05-13,4194,ビジョナル,プライム（内国株式）,情報･通信業,8984,9100,8894,9017,148,1.668734,279500,OK
2025-05-13,4196,ネオマーケティング,スタンダード（内国株式）,情報･通信業,1007,1014,963,976,-31,-3.078451,24300,OK
2025-05-13,4197,アスマーク,スタンダード（内国株式）,情報･通信業,2405,2405,2404,2404,1,0.041615,700,OK
2025-05-13,4198,テンダ,スタンダード（内国株式）,情報･通信業,834,851,826,841,18,2.18712,23800,OK
2025-05-13,4199,ワンダープラネット,グロース（内国株式）,情報･通信業,1103,1138,1038,1103,18,1.658986,52700,OK
2025-05-13,4202,ダイセル,プライム（内国株式）,化学,1255,1272,1206.5,1230,5,0.408163,2606400,OK
2025-05-13,4203,住友ベークライト,プライム（内国株式）,化学,3633,3735,3622,3658,95,2.666292,588300,OK
2025-05-13,4204,積水化学工業,プライム（内国株式）,化学,2550,2553.5,2512.5,2527.5,11.5,0.457075,1570000,OK
2025-05-13,4205,日本ゼオン,プライム（内国株式）,化学,1440,1451,1429,1441,26.5,1.873454,657600,OK
2025-05-13,4206,アイカ工業,プライム（内国株式）,化学,3607,3613,3556,3575,4,0.112013,168800,OK
2025-05-13,4208,ＵＢＥ,プライム（内国株式）,化学,2265,2299,2180.5,2185,-74.5,-3.29719,1522200,OK
2025-05-13,4212,積水樹脂,プライム（内国株式）,化学,1910,1915,1872,1898,7,0.370175,52300,OK
2025-05-13,4216,旭有機材,プライム（内国株式）,化学,3970,4025,3925,3950,50,1.282051,60900,OK
2025-05-13,4218,ニチバン,プライム（内国株式）,化学,2008,2008,1978,1978,-19,-0.951427,9000,OK
2025-05-13,4220,リケンテクノス,プライム（内国株式）,化学,1030,1046,1019,1040,20,1.960784,56300,OK
2025-05-13,4221,大倉工業,プライム（内国株式）,化学,4155,4170,4100,4135,-10,-0.241255,41300,OK
2025-05-13,4222,児玉化学工業,スタンダード（内国株式）,化学,399,402,394,397,1,0.252525,136200,OK
2025-05-13,4224,ロンシール工業,スタンダード（内国株式）,化学,1502,1502,1491,1502,15,1.008742,7500,OK
2025-05-13,4228,積水化成品工業,プライム（内国株式）,化学,346,349,342,342,0,0,142400,OK
2025-05-13,4229,群栄化学工業,プライム（内国株式）,化学,3245,3255,3195,3220,20,0.625,4900,OK
2025-05-13,4231,タイガースポリマー,スタンダード（内国株式）,化学,868,880,864,878,18,2.093023,81800,OK
2025-05-13,4234,サンエー化研,スタンダード（内国株式）,化学,575,575,565,565,0,0,3000,OK
2025-05-13,4235,ウルトラファブリックス・ホールディングス,スタンダード（内国株式）,化学,726,726,715,717,6,0.843882,20100,OK
2025-05-13,4237,フジプレアム,スタンダード（内国株式）,化学,375,376,354,357,-26,-6.788512,235600,OK
2025-05-13,4238,ミライアル,スタンダード（内国株式）,化学,1308,1322,1299,1314,11,0.844206,6400,OK
2025-05-13,4240,クラスターテクノロジー,グロース（内国株式）,化学,297,300,292,300,6,2.040816,124400,OK
2025-05-13,4241,アテクト,スタンダード（内国株式）,化学,389,398,382,387,3,0.78125,10800,OK
2025-05-13,4242,タカギセイコー,スタンダード（内国株式）,化学,1334,1335,1322,1322,-12,-0.89955,500,OK
2025-05-13,4243,ニックス,スタンダード（内国株式）,化学,768,771,761,771,3,0.390625,500,OK
2025-05-13,4245,ダイキアクシス,スタンダード（内国株式）,化学,679,680,671,671,-2,-0.297177,31000,OK
2025-05-13,4246,ダイキョーニシカワ,プライム（内国株式）,化学,575,578,568,573,4,0.702988,130200,OK
2025-05-13,4247,ポバール興業,スタンダード（内国株式）,化学,1146,1170,1146,1158,12,1.04712,600,OK
2025-05-13,4248,竹本容器,スタンダード（内国株式）,化学,836,836,830,834,1,0.120048,9300,OK
2025-05-13,4249,森六,プライム（内国株式）,化学,2370,2382,2341,2341,-9,-0.382979,14400,OK
2025-05-13,4251,恵和,プライム（内国株式）,化学,934,949,920,927,19,2.092511,108500,OK
2025-05-13,4255,ＴＨＥＣＯＯ,グロース（内国株式）,情報･通信業,767,768,750,767,13,1.724138,10000,OK
2025-05-13,4256,サインド,グロース（内国株式）,情報･通信業,934,1015,934,1014,95,10.337323,18100,OK
2025-05-13,4257,エヴィクサー,TOKYO PRO MARKET（内国株式）,情報･通信業,,,,,,,,NO_QUOTE
2025-05-13,4258,網屋,グロース（内国株式）,情報･通信業,4360,4395,4275,4315,-20,-0.461361,24600,OK
2025-05-13,4259,エクサウィザーズ,グロース（内国株式）,情報･通信業,345,350,340,344,4,1.176471,1265300,OK
2025-05-13,4260,ハイブリッドテクノロジーズ,グロース（内国株式）,情報･通信業,423,423,416,419,1,0.239234,13100,OK
2025-05-13,4261,アジアクエスト,グロース（内国株式）,情報･通信業,2400,2424,2362,2362,-27,-1.13018,6700,OK
2025-05-13,4262,ニフティライフスタイル,グロース（内国株式）,情報･通信業,1193,1200,1186,1188,-5,-0.419111,28000,OK
2025-05-13,4263,サスメド,グロース（内国株式）,情報･通信業,605,624,598,618,13,2.14876,96300,OK
2025-05-13,4264,セキュア,グロース（内国株式）,情報･通信業,1727,1739,1715,1724,0,0,28500,OK
2025-05-13,4265,Ｉｎｓｔｉｔｕｔｉｏｎ　ｆｏｒ　ａ　Ｇｌｏｂａｌ　Ｓｏｃｉｅｔｙ,グロース（内国株式）,情報･通信業,280,281,275,279,-1,-0.357143,35700,OK
2025-05-13,4267,ライトワークス,グロース（内国株式）,情報･通信業,2176,2177,2176,2176,0,0,2400,OK
2025-05-13,4270,ＢｅｅＸ,グロース（内国株式）,情報･通信業,2486,2535,2486,2488,20,0.810373,6100,OK
2025-05-13,4272,日本化薬,プライム（内国株式）,化学,1388,1398.5,1372,1372,-1.5,-0.10921,585200,OK
2025-05-13,4274,細谷火工,スタンダード（内国株式）,化学,1046,1055,1032,1050,5,0.478469,37600,OK
2025-05-13,4275,カーリット,プライム（内国株式）,化学,1087,1089,1069,1072,3,0.280636,66700,OK
2025-05-13,4284,ソルクシーズ,スタンダード（内国株式）,情報･通信業,390,396,385,385,-5,-1.282051,55900,OK
2025-05-13,4286,ＣＬホールディングス,スタンダード（内国株式）,サービス業,819,848,819,826,20,2.48139,26400,OK
2025-05-13,4287,ジャストプランニング,スタンダード（内国株式）,情報･通信業,377,383,373,379,14,3.835616,62800,OK
2025-05-13,4288,アズジェント,スタンダード（内国株式）,情報･通信業,571,596,570,578,-13,-2.199662,136200,OK
2025-05-13,4290,プレステージ・インターナショナル,プライム（内国株式）,サービス業,650,653,648,651,11,1.71875,197600,OK
2025-05-13,4293,セプテーニ・ホールディングス,スタンダード（内国株式）,サービス業,382,397,378,395,20,5.333333,1132300,OK
2025-05-13,4298,プロトコーポレーション,プライム（内国株式）,サービス業,2096,2101,2095,2095,-1,-0.04771,59000,OK
2025-05-13,4299,ハイマックス,スタンダード（内国株式）,情報･通信業,1260,1261,1233,1233,-21,-1.674641,10700,OK
2025-05-13,4301,アミューズ,プライム（内国株式）,サービス業,1618,1621,1607,1608,-7,-0.433437,13000,OK
2025-05-13,4304,Ｅストアー,スタンダード（内国株式）,情報･通信業,1944,1948,1944,1947,0,0,900,OK
2025-05-13,4307,野村総合研究所,プライム（内国株式）,情報･通信業,5850,5850,5745,5769,-36,-0.620155,1550100,OK
2025-05-13,4308,Ｊストリーム,グロース（内国株式）,情報･通信業,370,373,364,370,4,1.092896,59000,OK
2025-05-13,4310,ドリームインキュベータ,プライム（内国株式）,サービス業,3335,3375,3305,3350,-15,-0.445765,113800,OK
2025-05-13,4316,ビーマップ,グロース（内国株式）,情報･通信業,358,362,357,360,2,0.558659,18100,OK
2025-05-13,4317,レイ,スタンダード（内国株式）,サービス業,472,480,470,480,10,2.12766,57900,OK
2025-05-13,4318,クイック,プライム（内国株式）,サービス業,2132,2157,2132,2149,22,1.034321,34100,OK
2025-05-13,4319,ＴＡＣ,スタンダード（内国株式）,サービス業,228,229,225,225,-1,-0.442478,105800,OK
2025-05-13,4320,ＣＥホールディングス,スタンダード（内国株式）,情報･通信業,677,677,654,656,-22,-3.244838,110700,OK
2025-05-13,4323,日本システム技術,プライム（内国株式）,情報･通信業,1941,1950,1903,1904,-27,-1.398239,34200,OK
2025-05-13,4324,電通グループ,プライム（内国株式）,サービス業,3120,3151,3077,3100,24,0.780234,1189300,OK
2025-05-13,4326,インテージホールディングス,プライム（内国株式）,情報･通信業,1800,1819,1763,1776,-37,-2.040816,64000,OK
2025-05-13,4331,テイクアンドギヴ・ニーズ,プライム（内国株式）,サービス業,909,942,908,931,19,2.083333,79900,OK
2025-05-13,4333,東邦システムサイエンス,プライム（内国株式）,情報･通信業,1225,1250,1215,1229,12,0.986031,13100,OK
2025-05-13,4334,ユークス,スタンダード（内国株式）,情報･通信業,377,378,375,376,-1,-0.265252,6900,OK
2025-05-13,4335,アイ・ピー・エス,スタンダード（内国株式）,情報･通信業,1246,1343,1240,1283,44,3.551251,67400,OK
2025-05-13,4337,ぴあ,プライム（内国株式）,サービス業,2715,2738,2696,2701,-13,-0.478998,19900,OK
2025-05-13,4341,西菱電機,スタンダード（内国株式）,サービス業,780,780,780,780,-15,-1.886792,100,OK
2025-05-13,4343,イオンファンタジー,プライム（内国株式）,サービス業,2605,2622,2566,2584,-21,-0.806142,91600,OK
2025-05-13,4344,ソースネクスト,プライム（内国株式）,情報･通信業,217,218,211,214,3,1.421801,1311000,OK
2025-05-13,4345,シーティーエス,プライム（内国株式）,サービス業,830,836,811,815,-8,-0.972053,99600,OK
2025-05-13,4346,ＮＥＸＹＺ．Ｇｒｏｕｐ,スタンダード（内国株式）,その他金融業,810,827,810,825,6,0.732601,23200,OK
2025-05-13,4347,ブロードメディア,スタンダード（内国株式）,サービス業,1569,1581,1555,1571,26,1.682848,21800,OK
2025-05-13,4350,メディカルシステムネットワーク,スタンダード（内国株式）,小売業,455,458,448,449,0,0,37300,OK
2025-05-13,4351,山田再生系債権回収総合事務所,スタンダード（内国株式）,その他金融業,893,894,886,886,-3,-0.337458,2200,OK
2025-05-13,4356,応用技術,スタンダード（内国株式）,情報･通信業,1484,1509,1471,1509,34,2.305085,10400,OK
2025-05-13,4360,マナック・ケミカル・パートナーズ,スタンダード（内国株式）,化学,509,510,507,508,1,0.197239,6500,OK
2025-05-13,4361,川口化学工業,スタンダード（内国株式）,化学,1273,1273,1273,1273,0,0,100,OK
2025-05-13,4362,日本精化,プライム（内国株式）,化学,2220,2237,2203,2216,-4,-0.18018,67400,OK
2025-05-13,4365,松本油脂製薬,スタンダード（内国株式）,化学,17630,17780,17610,17610,-150,-0.844595,900,OK
2025-05-13,4366,ダイトーケミックス,スタンダード（内国株式）,化学,653,653,636,640,-8,-1.234568,3600,OK
2025-05-13,4367,広栄化学,スタンダード（内国株式）,化学,2351,2374,2257,2310,-39,-1.660281,11300,OK
2025-05-13,4368,扶桑化学工業,プライム（内国株式）,化学,3685,3750,3625,3695,10,0.27137,219400,OK
2025-05-13,4369,トリケミカル研究所,プライム（内国株式）,化学,2892,2942,2852,2874,149,5.46789,595900,OK
2025-05-13,4370,モビルス,グロース（内国株式）,情報･通信業,332,341,318,321,-11,-3.313253,38700,OK
2025-05-13,4371,コアコンセプト・テクノロジー,グロース（内国株式）,情報･通信業,1190,1196,1155,1183,13,1.111111,126700,OK
2025-05-13,4372,ユミルリンク,グロース（内国株式）,情報･通信業,1475,1491,1475,1491,38,2.615279,400,OK
2025-05-13,4373,シンプレクス・ホールディングス,プライム（内国株式）,情報･通信業,3555,3570,3520,3535,-30,-0.841515,87200,OK
2025-05-13,4374,ＲＯＢＯＴ　ＰＡＹＭＥＮＴ,グロース（内国株式）,情報･通信業,2079,2100,1999,2072,-16,-0.766284,69100,OK
2025-05-13,4375,セーフィー,グロース（内国株式）,情報･通信業,839,869,830,857,24,2.881152,264100,OK
2025-05-13,4376,くふうカンパニーホールディングス,グロース（内国株式）,情報･通信業,186,194,184,188,0,0,102800,OK
2025-05-13,4377,ワンキャリア,グロース（内国株式）,情報･通信業,1972,2000,1911,1970,38,1.966874,75500,OK
2025-05-13,4378,ＣＩＮＣ,グロース（内国株式）,情報･通信業,540,540,540,540,-2,-0.369004,1000,OK
2025-05-13,4379,Ｐｈｏｔｏｓｙｎｔｈ,グロース（内国株式）,情報･通信業,332,333,316,326,2,0.617284,82700,OK
2025-05-13,4380,Ｍマート,グロース（内国株式）,情報･通信業,1225,1225,1225,1225,0,0,100,OK
2025-05-13,4381,ビープラッツ,グロース（内国株式）,情報･通信業,463,463,451,459,0,0,2300,OK
2025-05-13,4382,ＨＥＲＯＺ,スタンダード（内国株式）,情報･通信業,1027,1053,1017,1021,7,0.690335,63500,OK
2025-05-13,4384,ラクスル,プライム（内国株式）,情報･通信業,1200,1207,1184,1196,9,0.758214,252300,OK
2025-05-13,4385,メルカリ,プライム（内国株式）,情報･通信業,2362,2434.5,2335.5,2341.5,-3.5,-0.149254,4900300,OK
2025-05-13,4386,ＳＩＧグループ,スタンダード（内国株式）,情報･通信業,660,694,656,694,49,7.596899,59600,OK
2025-05-13,4387,ＺＵＵ,グロース（内国株式）,情報･通信業,725,735,725,735,3,0.409836,1200,OK
2025-05-13,4388,エーアイ,グロース（内国株式）,情報･通信業,469,475,467,470,1,0.21322,32500,OK
2025-05-13,4389,プロパティデータバンク,グロース（内国株式）,情報･通信業,1633,1650,1633,1634,17,1.05133,4000,OK
2025-05-13,4390,アイ・ピー・エス,プライム（内国株式）,情報･通信業,2300,2301,2215,2222,-79,-3.43329,94100,OK
2025-05-13,4391,ロジザード,グロース（内国株式）,情報･通信業,1387,1387,1344,1352,-5,-0.36846,9600,OK
2025-05-13,4392,ＦＩＧ,プライム（内国株式）,情報･通信業,264,266,263,263,0,0,86600,OK
2025-05-13,4393,バンク・オブ・イノベーション,グロース（内国株式）,情報･通信業,9980,10040,9390,9700,-230,-2.316213,157400,OK
2025-05-13,4394,エクスモーション,グロース（内国株式）,情報･通信業,868,874,856,872,2,0.229885,1000,OK
2025-05-13,4395,アクリート,グロース（内国株式）,情報･通信業,900,901,862,867,-23,-2.58427,63200,OK
2025-05-13,4396,システムサポートホールディングス,プライム（内国株式）,情報･通信業,2336,2340,2262,2295,-22,-0.949504,59500,OK
2025-05-13,4397,チームスピリット,グロース（内国株式）,情報･通信業,426,426,418,419,-7,-1.643192,33800,OK
2025-05-13,4398,ブロードバンドセキュリティ,スタンダード（内国株式）,情報･通信業,1330,1390,1330,1344,16,1.204819,3800,OK
2025-05-13,4401,ＡＤＥＫＡ,プライム（内国株式）,化学,2741.5,2749,2718.5,2744,49,1.818182,193000,OK
2025-05-13,4403,日油,プライム（内国株式）,化学,2277.5,2301,2263,2272.5,11.5,0.508625,739800,OK
2025-05-13,4404,ミヨシ油脂,スタンダード（内国株式）,食料品,1630,1630,1605,1615,-15,-0.920245,60500,OK
2025-05-13,4406,新日本理化,スタンダード（内国株式）,化学,195,196,192,194,1,0.518135,116600,OK
2025-05-13,4409,東邦化学工業,スタンダード（内国株式）,化学,645,655,645,653,9,1.397516,2500,OK
2025-05-13,4410,ハリマ化成グループ,プライム（内国株式）,化学,803,804,790,790,-6,-0.753769,26300,OK
2025-05-13,4412,サイエンスアーツ,グロース（内国株式）,情報･通信業,920,925,884,902,12,1.348315,38300,OK
2025-05-13,4413,ボードルア,プライム（内国株式）,情報･通信業,6160,6240,6070,6150,-110,-1.757188,88100,OK
2025-05-13,4414,フレクト,グロース（内国株式）,情報･通信業,2499,2499,2360,2394,-55,-2.245815,73700,OK
2025-05-13,4415,ブロードエンタープライズ,グロース（内国株式）,情報･通信業,676,695,676,684,9,1.333333,10000,OK
2025-05-13,4416,Ｔｒｕｅ　Ｄａｔａ,グロース（内国株式）,情報･通信業,708,730,700,720,12,1.694915,25200,OK
2025-05-13,4417,グローバルセキュリティエキスパート,グロース（内国株式）,情報･通信業,6090,6240,5960,6100,60,0.993377,42900,OK
2025-05-13,4418,ＪＤＳＣ,グロース（内国株式）,情報･通信業,933,944,918,930,18,1.973684,245800,OK
2025-05-13,4419,Ｆｉｎａｔｅｘｔホールディングス,グロース（内国株式）,情報･通信業,1024,1038,1010,1025,6,0.588813,361800,OK
2025-05-13,4420,イーソル,スタンダード（内国株式）,情報･通信業,606,614,589,594,-12,-1.980198,22200,OK
2025-05-13,4421,ディ・アイ・システム,スタンダード（内国株式）,情報･通信業,937,940,922,922,-8,-0.860215,2700,OK
2025-05-13,4422,ＶＡＬＵＥＮＥＸ,グロース（内国株式）,情報･通信業,539,549,533,540,10,1.886792,3600,OK
2025-05-13,4424,Ａｍａｚｉａ,グロース（内国株式）,情報･通信業,300,322,300,308,11,3.703704,179500,OK
2025-05-13,4425,Ｋｕｄａｎ,グロース（内国株式）,情報･通信業,1255,1278,1225,1254,3,0.239808,108100,OK
2025-05-13,4426,パスロジ,TOKYO PRO MARKET（内国株式）,情報･通信業,,,,,,,,NO_QUOTE
2025-05-13,4427,ＥｄｕＬａｂ,グロース（内国株式）,情報･通信業,285,290,274,290,5,1.754386,39300,OK
2025-05-13,4428,シノプス,グロース（内国株式）,情報･通信業,883,899,865,899,45,5.269321,16200,OK
2025-05-13,4429,リックソフト,グロース（内国株式）,情報･通信業,798,798,790,798,-2,-0.25,1700,OK
2025-05-13,4430,東海ソフト,スタンダード（内国株式）,情報･通信業,1668,1692,1661,1665,23,1.400731,19700,OK
2025-05-13,4431,スマレジ,グロース（内国株式）,情報･通信業,3235,3235,3150,3210,5,0.156006,63600,OK
2025-05-13,4432,ウイングアーク１ｓｔ,プライム（内国株式）,情報･通信業,3950,3955,3875,3910,30,0.773196,46500,OK
2025-05-13,4433,ヒト・コミュニケーションズ・ホールディングス,プライム（内国株式）,情報･通信業,948,948,935,942,0,0,32900,OK
2025-05-13,4434,サーバーワークス,スタンダード（内国株式）,情報･通信業,2350,2400,2306,2350,29,1.249461,32000,OK
2025-05-13,4435,カオナビ,グロース（内国株式）,情報･通信業,4380,4425,4370,4375,-5,-0.114155,22800,OK
2025-05-13,4436,ミンカブ・ジ・インフォノイド,グロース（内国株式）,情報･通信業,490,502,490,496,6,1.22449,67700,OK
2025-05-13,4437,ｇｏｏｄｄａｙｓホールディングス,グロース（内国株式）,情報･通信業,678,680,662,677,-3,-0.441176,2700,OK
2025-05-13,4438,Ｗｅｌｂｙ,グロース（内国株式）,情報･通信業,347,350,344,345,3,0.877193,14400,OK
2025-05-13,4439,東名,スタンダード（内国株式）,情報･通信業,2006,2022,1982,1983,-23,-1.14656,10300,OK
2025-05-13,4440,ヴィッツ,スタンダード（内国株式）,情報･通信業,1116,1149,1116,1133,14,1.251117,17500,OK
2025-05-13,4441,トビラシステムズ,スタンダード（内国株式）,情報･通信業,943,946,934,940,3,0.320171,6700,OK
2025-05-13,4442,バルテス・ホールディングス,グロース（内国株式）,情報･通信業,449,449,441,443,-4,-0.894855,83700,OK
2025-05-13,4443,Ｓａｎｓａｎ,プライム（内国株式）,情報･通信業,2022,2040,1993,2040,41,2.051026,563800,OK
2025-05-13,4444,インフォネット,グロース（内国株式）,情報･通信業,804,820,802,818,17,2.122347,1900,OK
2025-05-13,4445,リビン・テクノロジーズ,グロース（内国株式）,情報･通信業,2762,2762,2762,2762,31,1.135115,300,OK
2025-05-13,4446,Ｌｉｎｋ−Ｕグループ,プライム（内国株式）,情報･通信業,376,383,376,379,-5,-1.302083,14300,OK
2025-05-13,4447,ピー・ビーシステムズ,グロース（内国株式）,情報･通信業,505,520,505,510,9,1.796407,8700,OK
2025-05-13,4448,ｋｕｂｅｌｌ,グロース（内国株式）,情報･通信業,464,472,460,466,10,2.192982,151600,OK
2025-05-13,4449,ギフティ,プライム（内国株式）,情報･通信業,1690,1717,1662,1683,9,0.537634,361300,OK
2025-05-13,4450,パワーソリューションズ,グロース（内国株式）,情報･通信業,1260,1270,1250,1270,-10,-0.78125,1100,OK
2025-05-13,4452,花王,プライム（内国株式）,化学,6515,6516,6380,6408,-66,-1.019462,1879800,OK
2025-05-13,4461,第一工業製薬,プライム（内国株式）,化学,2660,2683,2647,2656,31,1.180952,43200,OK
2025-05-13,4462,石原ケミカル,プライム（内国株式）,化学,2193,2210,2176,2187,-4,-0.182565,13900,OK
2025-05-13,4463,日華化学,スタンダード（内国株式）,化学,1310,1310,1291,1291,-15,-1.148545,12900,OK
2025-05-13,4464,ソフト９９コーポレーション,スタンダード（内国株式）,化学,1714,1730,1684,1719,19,1.117647,13700,OK
2025-05-13,4465,ニイタカ,スタンダード（内国株式）,化学,2226,2226,2187,2190,-8,-0.363967,13300,OK
2025-05-13,4471,三洋化成工業,プライム（内国株式）,化学,3810,3855,3800,3840,60,1.587302,42900,OK
2025-05-13,4475,ＨＥＮＮＧＥ,グロース（内国株式）,情報･通信業,1553,1605,1522,1566,28,1.820546,1562200,OK
2025-05-13,4476,ＡＩ　ＣＲＯＳＳ,グロース（内国株式）,情報･通信業,1792,1799,1786,1794,9,0.504202,5900,OK
2025-05-13,4477,ＢＡＳＥ,グロース（内国株式）,情報･通信業,406,411,400,402,-2,-0.49505,2006500,OK
2025-05-13,4478,フリー,グロース（内国株式）,情報･通信業,4105,4215,4085,4130,65,1.599016,312900,OK
2025-05-13,4479,マクアケ,グロース（内国株式）,情報･通信業,689,689,671,672,-14,-2.040816,36900,OK
2025-05-13,4480,メドレー,プライム（内国株式）,情報･通信業,3700,3720,3650,3665,5,0.136612,238600,OK
2025-05-13,4481,ベース,プライム（内国株式）,情報･通信業,3130,3160,3100,3140,45,1.453958,42700,OK
2025-05-13,4482,ウィルズ,グロース（内国株式）,情報･通信業,706,707,697,700,-1,-0.142653,16100,OK
2025-05-13,4483,ＪＭＤＣ,プライム（内国株式）,情報･通信業,3373,3389,3221,3265,-78,-2.333234,631900,OK
2025-05-13,4484,ランサーズ,グロース（内国株式）,情報･通信業,197,207,197,207,10,5.076142,31800,OK
2025-05-13,4486,ユナイトアンドグロウ,グロース（内国株式）,情報･通信業,1210,1218,1182,1218,-7,-0.571429,2100,OK
2025-05-13,4487,スペースマーケット,グロース（内国株式）,情報･通信業,301,378,298,322,21,6.976744,4800600,OK
2025-05-13,4488,ＡＩ　ｉｎｓｉｄｅ,グロース（内国株式）,情報･通信業,3175,3200,3110,3140,30,0.96463,7500,OK
2025-05-13,4490,ビザスク,グロース（内国株式）,情報･通信業,824,830,810,810,-1,-0.123305,14100,OK
2025-05-13,4491,コンピューターマネージメント,スタンダード（内国株式）,情報･通信業,2599,2640,2571,2640,40,1.538462,13100,OK
2025-05-13,4492,ゼネテック,スタンダード（内国株式）,情報･通信業,516,520,511,518,10,1.968504,24500,OK
2025-05-13,4493,サイバーセキュリティクラウド,グロース（内国株式）,情報･通信業,1709,1719,1690,1711,17,1.003542,143500,OK
2025-05-13,4494,バリオセキュア,スタンダード（内国株式）,情報･通信業,716,720,702,706,-5,-0.703235,8700,OK
2025-05-13,4495,アイキューブドシステムズ,グロース（内国株式）,情報･通信業,1630,1634,1622,1625,0,0,5100,OK
2025-05-13,4496,コマースＯｎｅホールディングス,グロース（内国株式）,情報･通信業,802,820,795,811,9,1.122195,4700,OK
2025-05-13,4498,サイバートラスト,グロース（内国株式）,情報･通信業,2367,2367,2286,2293,-38,-1.630202,20600,OK
2025-05-13,4499,Ｓｐｅｅｅ,スタンダード（内国株式）,情報･通信業,2055,2091,2016,2040,6,0.294985,42400,OK
2025-05-13,4502,武田薬品工業,プライム（内国株式）,医薬品,4162,4187,4094,4113,113,2.825,7494700,OK
2025-05-13,4503,アステラス製薬,プライム（内国株式）,医薬品,1402,1406,1368,1372,30,2.235469,8960300,OK
2025-05-13,4506,住友ファーマ,プライム（内国株式）,医薬品,947,1060,839,868,-46,-5.032823,66753000,OK
2025-05-13,4507,塩野義製薬,プライム（内国株式）,医薬品,2266.5,2325,2228,2231.5,-21,-0.932297,4844000,OK
2025-05-13,4512,わかもと製薬,スタンダード（内国株式）,医薬品,308,315,300,313,12,3.986711,285200,OK
2025-05-13,4516,日本新薬,プライム（内国株式）,医薬品,3379,3470,3376,3441,157,4.780755,487600,OK
2025-05-13,4519,中外製薬,プライム（内国株式）,医薬品,7645,7746,7502,7510,206,2.820372,3657900,OK
2025-05-13,4521,科研製薬,プライム（内国株式）,医薬品,3810,3834,3700,3795,-72,-1.861908,312600,OK
2025-05-13,4523,エーザイ,プライム（内国株式）,医薬品,3994,4004,3957,3999,109,2.802057,1543300,OK
2025-05-13,4524,森下仁丹,スタンダード（内国株式）,医薬品,2099,2099,2076,2080,3,0.144439,1300,OK
2025-05-13,4526,理研ビタミン,プライム（内国株式）,食料品,2565,2607,2552,2572,0,0,38400,OK
2025-05-13,4527,ロート製薬,プライム（内国株式）,医薬品,2470,2479,2427,2441.5,13,0.53531,886000,OK
2025-05-13,4528,小野薬品工業,プライム（内国株式）,医薬品,1550,1552,1529,1547,36.5,2.416418,3479100,OK
2025-05-13,4530,久光製薬,プライム（内国株式）,医薬品,4368,4369,4284,4314,2,0.046382,116500,OK
2025-05-13,4531,有機合成薬品工業,スタンダード（内国株式）,化学,261,261,255,256,0,0,72800,OK
2025-05-13,4534,持田製薬,プライム（内国株式）,医薬品,3120,3195,3040,3050,-45,-1.453958,30900,OK
2025-05-13,4536,参天製薬,プライム（内国株式）,医薬品,1435,1441.5,1414.5,1424,5.5,0.387734,1668300,OK
2025-05-13,4538,扶桑薬品工業,プライム（内国株式）,医薬品,2360,2360,2311,2313,-5,-0.215703,9600,OK
2025-05-13,4539,日本ケミファ,スタンダード（内国株式）,医薬品,1500,1543,1500,1516,-13,-0.850229,2000,OK
2025-05-13,4540,ツムラ,プライム（内国株式）,医薬品,3703,3724,3561,3583,-105,-2.847072,3447500,OK
2025-05-13,4543,テルモ,プライム（内国株式）,精密機器,2800,2806,2772,2784.5,18,0.650642,3608100,OK
2025-05-13,4544,Ｈ．Ｕ．グループホールディングス,プライム（内国株式）,サービス業,2896,2929,2885.5,2912,63,2.211302,336600,OK
2025-05-13,4547,キッセイ薬品工業,プライム（内国株式）,医薬品,4040,4045,3920,3940,-85,-2.111801,154300,OK
2025-05-13,4548,生化学工業,プライム（内国株式）,医薬品,725,727,714,715,-7,-0.969529,62700,OK
2025-05-13,4549,栄研化学,プライム（内国株式）,医薬品,2203,2240,2170,2224,29,1.321185,192100,OK
2025-05-13,4551,鳥居薬品,プライム（内国株式）,医薬品,6330,6340,6330,6340,10,0.157978,206400,OK
2025-05-13,4552,ＪＣＲファーマ,プライム（内国株式）,医薬品,481,491,479,485,14,2.972399,411200,OK
2025-05-13,4553,東和薬品,プライム（内国株式）,医薬品,2636,2657,2608,2654,41,1.569078,112100,OK
2025-05-13,4554,富士製薬工業,プライム（内国株式）,医薬品,1308,1317,1271,1273,-29,-2.227343,106100,OK
2025-05-13,4556,カイノス,スタンダード（内国株式）,医薬品,1248,1248,1241,1248,-1,-0.080064,700,OK
2025-05-13,4558,中京医薬品,スタンダード（内国株式）,医薬品,203,206,203,206,4,1.980198,45500,OK
2025-05-13,4559,ゼリア新薬工業,プライム（内国株式）,医薬品,2204,2210,2150,2164,-8,-0.368324,79500,OK
2025-05-13,4563,アンジェス,グロース（内国株式）,医薬品,65,65,63,64,0,0,3377200,OK
2025-05-13,4564,オンコセラピー・サイエンス,グロース（内国株式）,医薬品,24,24,23,24,0,0,1219500,OK
2025-05-13,4565,ネクセラファーマ,プライム（内国株式）,医薬品,867,872,850,852,0,0,594600,OK
2025-05-13,4568,第一三共,プライム（内国株式）,医薬品,3468,3527,3420,3517,259,7.949662,9612900,OK
2025-05-13,4569,杏林製薬,プライム（内国株式）,医薬品,1518,1525,1472,1476,18,1.234568,145900,OK
2025-05-13,4570,免疫生物研究所,グロース（内国株式）,医薬品,480,482,470,470,2,0.42735,59700,OK
2025-05-13,4571,ＮＡＮＯ　ＭＲＮＡ,グロース（内国株式）,医薬品,134,135,132,135,3,2.272727,266100,OK
2025-05-13,4572,カルナバイオサイエンス,グロース（内国株式）,医薬品,267,282,261,265,1,0.378788,824000,OK
2025-05-13,4574,大幸薬品,プライム（内国株式）,医薬品,280,282,275,275,-5,-1.785714,126500,OK
2025-05-13,4575,キャンバス,グロース（内国株式）,医薬品,986,1000,976,994,10,1.01626,219800,OK
2025-05-13,4576,デ・ウエスタン・セラピテクス研究所,グロース（内国株式）,医薬品,102,104,101,102,2,2,692500,OK
2025-05-13,4577,ダイト,プライム（内国株式）,医薬品,2092,2101,2048,2048,-22,-1.062802,34300,OK
2025-05-13,4578,大塚ホールディングス,プライム（内国株式）,医薬品,6867,6930,6734,6845,150,2.240478,1786400,OK
2025-05-13,4579,ラクオリア創薬,グロース（内国株式）,医薬品,432,442,430,436,8,1.869159,241800,OK
2025-05-13,4582,シンバイオ製薬,グロース（内国株式）,医薬品,154,156,154,156,2,1.298701,139700,OK
2025-05-13,4583,カイオム・バイオサイエンス,グロース（内国株式）,医薬品,135,142,134,138,3,2.222222,994500,OK
2025-05-13,4584,キッズウェル・バイオ,グロース（内国株式）,医薬品,129,132,127,129,1,0.78125,742200,OK
2025-05-13,4586,メドレックス,グロース（内国株式）,医薬品,61,62,61,61,0,0,274000,OK
2025-05-13,4587,ペプチドリーム,プライム（内国株式）,医薬品,1863,1869.5,1829.5,1850.5,4,0.216626,820300,OK
2025-05-13,4588,オンコリスバイオファーマ,グロース（内国株式）,医薬品,545,557,542,543,6,1.117318,301600,OK
2025-05-13,4591,リボミック,グロース（内国株式）,医薬品,85,86,84,86,2,2.380952,439100,OK
2025-05-13,4592,サンバイオ,グロース（内国株式）,医薬品,2438,2705,2397,2701,292,12.121212,10065700,OK
2025-05-13,4593,ヘリオス,グロース（内国株式）,医薬品,308,329,307,321,18,5.940594,4492900,OK
2025-05-13,4594,ブライトパス・バイオ,グロース（内国株式）,医薬品,40,41,40,41,1,2.5,189400,OK
2025-05-13,4595,ミズホメディー,スタンダード（内国株式）,医薬品,1505,1506,1496,1501,-8,-0.530152,63000,OK
2025-05-13,4596,窪田製薬ホールディングス,グロース（内国株式）,医薬品,45,45,43,43,-1,-2.272727,395300,OK
2025-05-13,4597,ソレイジア・ファーマ,グロース（内国株式）,医薬品,32,33,31,32,0,0,4148400,OK
2025-05-13,4598,Ｄｅｌｔａ−Ｆｌｙ　Ｐｈａｒｍａ,グロース（内国株式）,医薬品,459,466,455,460,5,1.098901,109600,OK
2025-05-13,4599,ステムリム,グロース（内国株式）,医薬品,303,305,296,298,-4,-1.324503,143500,OK
2025-05-13,4611,大日本塗料,プライム（内国株式）,化学,1290,1292,1267,1268,-18,-1.399689,38300,OK
2025-05-13,4612,日本ペイントホールディングス,プライム（内国株式）,化学,1122.5,1122.5,1102.5,1108.5,13.5,1.232877,2939500,OK
2025-05-13,4613,関西ペイント,プライム（内国株式）,化学,2127,2193.5,2088,2108,-69,-3.169499,2375800,OK
2025-05-13,4615,神東塗料,スタンダード（内国株式）,化学,137,137,133,133,-4,-2.919708,134500,OK
2025-05-13,4616,川上塗料,スタンダード（内国株式）,化学,1610,1610,1592,1592,-14,-0.871731,600,OK
2025-05-13,4617,中国塗料,プライム（内国株式）,化学,2176,2181,2143,2154,22,1.031895,178900,OK
2025-05-13,4619,日本特殊塗料,スタンダード（内国株式）,化学,1793,1797,1732,1741,-53,-2.954292,133200,OK
2025-05-13,4620,藤倉化成,スタンダード（内国株式）,化学,479,498,474,482,6,1.260504,117500,OK
2025-05-13,4623,アサヒペン,スタンダード（内国株式）,化学,1755,1760,1751,1751,-1,-0.057078,800,OK
2025-05-13,4624,イサム塗料,スタンダード（内国株式）,化学,3415,3415,3330,3330,-15,-0.44843,600,OK
2025-05-13,4625,アトミクス,スタンダード（内国株式）,化学,612,614,608,611,1,0.163934,3500,OK
2025-05-13,4626,太陽ホールディングス,プライム（内国株式）,化学,5050,5110,5020,5110,80,1.590457,108500,OK
2025-05-13,4627,ナトコ,スタンダード（内国株式）,化学,1397,1397,1386,1386,2,0.144509,1400,OK
2025-05-13,4628,エスケー化研,スタンダード（内国株式）,化学,8740,8800,8700,8800,0,0,18300,OK
2025-05-13,4629,大伸化学,スタンダード（内国株式）,化学,1440,1446,1440,1446,6,0.416667,2100,OK
2025-05-13,4631,ＤＩＣ,プライム（内国株式）,化学,2800,2815,2772.5,2772.5,13,0.4711,245000,OK
2025-05-13,4633,サカタインクス,プライム（内国株式）,化学,1880,1888,1861,1861,14,0.757986,162800,OK
2025-05-13,4634,ａｒｔｉｅｎｃｅ,プライム（内国株式）,化学,3040,3090,3015,3055,67,2.242303,155100,OK
2025-05-13,4635,東京インキ,スタンダード（内国株式）,化学,4000,4290,4000,4090,135,3.413401,33600,OK
2025-05-13,4641,アルプス技研,プライム（内国株式）,サービス業,2761,2763,2734,2754,-11,-0.39783,18900,OK
2025-05-13,4642,オリジナル設計,スタンダード（内国株式）,サービス業,1308,1337,1307,1307,5,0.384025,2800,OK
2025-05-13,4644,イマジニア,スタンダード（内国株式）,情報･通信業,1003,1003,1000,1000,-1,-0.0999,1900,OK
2025-05-13,4645,市進ホールディングス,スタンダード（内国株式）,サービス業,410,410,410,410,0,0,100,OK
2025-05-13,4650,ＳＤエンターテイメント,スタンダード（内国株式）,サービス業,275,294,275,279,3,1.086957,92300,OK
2025-05-13,4651,サニックスホールディングス,スタンダード（内国株式）,サービス業,242,255,240,245,4,1.659751,556300,OK
2025-05-13,4657,環境管理センター,スタンダード（内国株式）,サービス業,418,420,416,416,0,0,2800,OK
2025-05-13,4658,日本空調サービス,プライム（内国株式）,サービス業,1039,1048,1032,1032,3,0.291545,34800,OK
2025-05-13,4659,エイジス,スタンダード（内国株式）,サービス業,2750,2770,2722,2770,20,0.727273,4900,OK
2025-05-13,4661,オリエンタルランド,プライム（内国株式）,サービス業,3305,3321,3258,3280,-14,-0.425015,4179800,OK
2025-05-13,4662,フォーカスシステムズ,プライム（内国株式）,情報･通信業,1306,1335,1289,1299,-7,-0.535988,92400,OK
2025-05-13,4664,アール・エス・シー,スタンダード（内国株式）,サービス業,563,563,543,556,-7,-1.243339,9900,OK
2025-05-13,4665,ダスキン,プライム（内国株式）,サービス業,3809,3825,3786,3789,-11,-0.289474,91200,OK
2025-05-13,4666,パーク２４,プライム（内国株式）,不動産業,2035,2037,2008.5,2013.5,-19.5,-0.959174,474600,OK
2025-05-13,4667,アイサンテクノロジー,スタンダード（内国株式）,情報･通信業,1435,1435,1413,1416,3,0.212314,6500,OK
2025-05-13,4668,明光ネットワークジャパン,プライム（内国株式）,サービス業,734,734,722,722,-12,-1.634877,31100,OK
2025-05-13,4671,ファルコホールディングス,スタンダード（内国株式）,サービス業,2355,2361,2311,2313,-39,-1.658163,17000,OK
2025-05-13,4673,川崎地質,スタンダード（内国株式）,サービス業,2975,2975,2881,2881,-84,-2.833052,5800,OK
2025-05-13,4674,クレスコ,プライム（内国株式）,情報･通信業,1556,1595,1508,1541,25,1.649077,442400,OK
2025-05-13,4676,フジ・メディア・ホールディングス,プライム（内国株式）,情報･通信業,2902.5,2912.5,2817.5,2826,-99,-3.384615,2397000,OK
2025-05-13,4678,秀英予備校,スタンダード（内国株式）,サービス業,294,305,291,294,3,1.030928,55300,OK
2025-05-13,4679,田谷,スタンダード（内国株式）,サービス業,252,252,250,251,-1,-0.396825,30400,OK
2025-05-13,4680,ラウンドワン,プライム（内国株式）,サービス業,1030,1107,1004,1086,122,12.655602,8921900,OK
2025-05-13,4681,リゾートトラスト,プライム（内国株式）,サービス業,1506,1526,1501.5,1513,16,1.068804,629000,OK
2025-05-13,4684,オービック,プライム（内国株式）,情報･通信業,5271,5289,5190,5204,-45,-0.857306,1118300,OK
2025-05-13,4685,菱友システムズ,スタンダード（内国株式）,情報･通信業,6040,6050,5800,5890,-80,-1.340034,41900,OK
2025-05-13,4686,ジャストシステム,プライム（内国株式）,情報･通信業,3425,3470,3410,3425,15,0.439883,83900,OK
2025-05-13,4687,ＴＤＣソフト,プライム（内国株式）,情報･通信業,1296,1305,1284,1284,-5,-0.387898,60500,OK
2025-05-13,4689,ＬＩＮＥヤフー,プライム（内国株式）,情報･通信業,538.5,539.5,532.1,532.6,-12.3,-2.257295,13751700,OK
2025-05-13,4690,日本パレットプール,スタンダード（内国株式）,サービス業,1742,1742,1712,1713,-11,-0.638051,4900,OK
2025-05-13,4691,ワシントンホテル,スタンダード（内国株式）,サービス業,1229,1244,1204,1231,2,0.162734,54300,OK
2025-05-13,4694,ビー・エム・エル,プライム（内国株式）,サービス業,2898,2898,2845,2855,-45,-1.551724,62600,OK
2025-05-13,4704,トレンドマイクロ,プライム（内国株式）,情報･通信業,10500,10730,10425,10700,390,3.782735,588600,OK
2025-05-13,4705,クリップコーポレーション,スタンダード（内国株式）,サービス業,775,789,761,774,-1,-0.129032,12200,OK
2025-05-13,4707,キタック,スタンダード（内国株式）,サービス業,335,337,335,336,0,0,1700,OK
2025-05-13,4709,ＩＤホールディングス,プライム（内国株式）,情報･通信業,2085,2085,2044,2044,-41,-1.966427,23600,OK
2025-05-13,4712,ＫｅｙＨｏｌｄｅｒ,スタンダード（内国株式）,サービス業,765,765,758,764,7,0.924703,18200,OK
2025-05-13,4714,リソー教育,プライム（内国株式）,サービス業,244,244,238,238,0,0,177700,OK
2025-05-13,4716,日本オラクル,スタンダード（内国株式）,情報･通信業,17455,17535,17250,17250,-205,-1.174449,99900,OK
2025-05-13,4718,早稲田アカデミー,プライム（内国株式）,サービス業,2292,2334,2281,2298,16,0.701139,21700,OK
2025-05-13,4719,アルファシステムズ,プライム（内国株式）,情報･通信業,3595,3595,3355,3380,-175,-4.922644,13600,OK
2025-05-13,4720,城南進学研究社,スタンダード（内国株式）,サービス業,218,221,218,219,2,0.921659,9000,OK
2025-05-13,4722,フューチャー,プライム（内国株式）,情報･通信業,1939,1939,1913,1929,1,0.051867,109300,OK
2025-05-13,4725,ＣＡＣ　Ｈｏｌｄｉｎｇｓ,プライム（内国株式）,情報･通信業,2190,2190,2147,2150,-48,-2.183803,24000,OK
2025-05-13,4728,トーセ,スタンダード（内国株式）,情報･通信業,622,623,620,620,0,0,5600,OK
2025-05-13,4732,ユー・エス・エス,プライム（内国株式）,サービス業,1443.5,1456.5,1439,1448,-1.5,-0.103484,970200,OK
2025-05-13,4733,オービックビジネスコンサルタント,プライム（内国株式）,情報･通信業,7691,7796,7529,7540,-124,-1.617954,208300,OK
2025-05-13,4735,京進,スタンダード（内国株式）,サービス業,348,350,348,348,1,0.288184,5700,OK
2025-05-13,4736,日本ラッド,スタンダード（内国株式）,情報･通信業,723,725,690,698,-38,-5.163043,37200,OK
2025-05-13,4743,アイティフォー,プライム（内国株式）,情報･通信業,1585,1597,1573,1575,-6,-0.379507,48800,OK
2025-05-13,4745,東京個別指導学院,スタンダード（内国株式）,サービス業,308,311,308,309,5,1.644737,48300,OK
2025-05-13,4746,東計電算,スタンダード（内国株式）,情報･通信業,3880,3910,3820,3865,-10,-0.258065,38800,OK
2025-05-13,4750,ダイサン,スタンダード（内国株式）,サービス業,553,558,545,550,-2,-0.362319,13600,OK
2025-05-13,4751,サイバーエージェント,プライム（内国株式）,サービス業,1264,1267.5,1235.5,1240.5,-14,-1.115982,3404900,OK
2025-05-13,4752,昭和システムエンジニアリング,スタンダード（内国株式）,情報･通信業,1411,1414,1382,1390,-10,-0.714286,4700,OK
2025-05-13,4754,トスネット,スタンダード（内国株式）,サービス業,1444,1445,1436,1445,5,0.347222,1200,OK
2025-05-13,4755,楽天グループ,プライム（内国株式）,サービス業,895,898.8,884.1,884.6,0.4,0.045239,14785600,OK
2025-05-13,4760,アルファ,スタンダード（内国株式）,サービス業,1435,1737,1422,1454,17,1.18302,83700,OK
2025-05-13,4761,さくらケーシーエス,スタンダード（内国株式）,情報･通信業,1345,1502,1250,1347,-1,-0.074184,268200,OK
2025-05-13,4762,エックスネット,スタンダード（内国株式）,情報･通信業,1350,1350,1314,1328,-14,-1.043219,2500,OK
2025-05-13,4763,クリーク・アンド・リバー社,プライム（内国株式）,サービス業,1500,1514,1490,1490,0,0,32600,OK
2025-05-13,4765,ＳＢＩグローバルアセットマネジメント,プライム（内国株式）,サービス業,655,657,645,645,-4,-0.616333,105900,OK
2025-05-13,4766,ピーエイ,スタンダード（内国株式）,サービス業,259,284,256,266,12,4.724409,878100,OK
2025-05-13,4767,テー・オー・ダブリュー,スタンダード（内国株式）,サービス業,321,321,317,317,-2,-0.626959,54400,OK
2025-05-13,4768,大塚商会,プライム（内国株式）,情報･通信業,3010,3010,2961,2991,-5,-0.166889,1433000,OK
2025-05-13,4769,ＩＣ,スタンダード（内国株式）,情報･通信業,1000,1010,1000,1010,14,1.405622,900,OK
2025-05-13,4771,エフアンドエム,スタンダード（内国株式）,サービス業,2190,2190,2147,2153,12,0.560486,7000,OK
2025-05-13,4772,ストリームメディアコーポレーション,グロース（内国株式）,情報･通信業,102,102,99,99,-3,-2.941176,656000,OK
2025-05-13,4776,サイボウズ,プライム（内国株式）,情報･通信業,3115,3180,3100,3115,20,0.646204,215000,OK
2025-05-13,4777,ガーラ,スタンダード（内国株式）,情報･通信業,221,222,219,221,1,0.454545,32800,OK
2025-05-13,4783,ＮＣＤ,スタンダード（内国株式）,情報･通信業,2760,2784,2697,2744,-8,-0.290698,38600,OK
2025-05-13,4784,ＧＭＯインターネット,プライム（内国株式）,サービス業,2895,2935,2802,2935,60,2.086957,343400,OK
2025-05-13,4792,山田コンサルティンググループ,プライム（内国株式）,サービス業,1664,1668,1640,1650,1,0.060643,28400,OK
2025-05-13,4800,オリコン,スタンダード（内国株式）,情報･通信業,787,787,770,778,-4,-0.511509,19900,OK
2025-05-13,4801,セントラルスポーツ,プライム（内国株式）,サービス業,2430,2430,2406,2406,-7,-0.290095,6200,OK
2025-05-13,4809,パラカ,プライム（内国株式）,不動産業,1870,1870,1836,1836,-22,-1.184069,27600,OK
2025-05-13,4811,ドリーム・アーツ,グロース（内国株式）,情報･通信業,2407,2483,2407,2450,43,1.786456,29900,OK
2025-05-13,4812,電通総研,プライム（内国株式）,情報･通信業,6960,7090,6600,6990,130,1.895044,743600,OK
2025-05-13,4813,ＡＣＣＥＳＳ,プライム（内国株式）,情報･通信業,810,811,789,791,-13,-1.616915,131700,OK
2025-05-13,4814,ネクストウェア,スタンダード（内国株式）,情報･通信業,174,175,170,171,-2,-1.156069,414400,OK
2025-05-13,4816,東映アニメーション,スタンダード（内国株式）,情報･通信業,3220,3270,3200,3210,10,0.3125,328800,OK
2025-05-13,4819,デジタルガレージ,プライム（内国株式）,情報･通信業,4695,4715,4570,4600,-50,-1.075269,154700,OK
2025-05-13,4820,イーエムシステムズ,プライム（内国株式）,情報･通信業,764,769,760,760,-4,-0.52356,33300,OK
2025-05-13,4825,ウェザーニューズ,プライム（内国株式）,情報･通信業,3690,3700,3640,3655,-10,-0.272851,48200,OK
2025-05-13,4826,ＣＩＪ,プライム（内国株式）,情報･通信業,490,494,485,485,-5,-1.020408,58600,OK
2025-05-13,4828,ビジネスエンジニアリング,プライム（内国株式）,情報･通信業,3930,4470,3810,4300,405,10.397946,95300,OK
2025-05-13,4829,日本エンタープライズ,スタンダード（内国株式）,情報･通信業,115,115,114,114,0,0,184600,OK
2025-05-13,4832,ＪＦＥシステムズ,スタンダード（内国株式）,情報･通信業,1695,1695,1647,1664,-6,-0.359281,31900,OK
2025-05-13,4833,Ｄｅｆ　ｃｏｎｓｕｌｔｉｎｇ,グロース（内国株式）,サービス業,91,95,89,91,0,0,1318100,OK
2025-05-13,4838,スペースシャワーＳＫＩＹＡＫＩホールディングス,スタンダード（内国株式）,情報･通信業,479,496,473,496,20,4.201681,37400,OK
2025-05-13,4839,ＷＯＷＯＷ,プライム（内国株式）,情報･通信業,1026,1026,1012,1013,-10,-0.977517,21900,OK
2025-05-13,4840,トライアイズ,グロース（内国株式）,サービス業,328,330,310,319,-6,-1.846154,20100,OK
2025-05-13,4845,スカラ,プライム（内国株式）,情報･通信業,418,418,411,411,-7,-1.674641,32700,OK
2025-05-13,4847,インテリジェント　ウェイブ,プライム（内国株式）,情報･通信業,1090,1098,1072,1078,16,1.506591,85200,OK
2025-05-13,4848,フルキャストホールディングス,プライム（内国株式）,サービス業,1790,1790,1751,1760,7,0.399315,178400,OK
2025-05-13,4849,エン・ジャパン,プライム（内国株式）,サービス業,1729,1736,1706,1714,-4,-0.232829,97600,OK
2025-05-13,4880,セルソース,プライム（内国株式）,医薬品,658,672,656,666,14,2.147239,44700,OK
2025-05-13,4881,ファンペップ,グロース（内国株式）,医薬品,101,102,100,100,0,0,495100,OK
2025-05-13,4882,ペルセウスプロテオミクス,グロース（内国株式）,医薬品,425,440,418,430,9,2.137767,704700,OK
2025-05-13,4883,モダリス,グロース（内国株式）,医薬品,76,81,74,75,3,4.166667,8176900,OK
2025-05-13,4884,クリングルファーマ,グロース（内国株式）,医薬品,814,861,814,840,49,6.19469,124600,OK
2025-05-13,4885,室町ケミカル,スタンダード（内国株式）,医薬品,908,913,899,899,-14,-1.533406,16200,OK
2025-05-13,4886,あすか製薬ホールディングス,プライム（内国株式）,医薬品,2216,2300,2170,2254,-62,-2.677029,65900,OK
2025-05-13,4887,サワイグループホールディングス,プライム（内国株式）,医薬品,1970.5,1974,1919,1943.5,-26.5,-1.345178,717300,OK
2025-05-13,4888,ステラファーマ,グロース（内国株式）,医薬品,331,332,321,321,-6,-1.834862,180600,OK
2025-05-13,4889,レナサイエンス,グロース（内国株式）,医薬品,1088,1186,1071,1160,123,11.861138,2164200,OK
2025-05-13,4890,坪田ラボ,グロース（内国株式）,医薬品,380,387,375,381,-41,-9.71564,277900,OK
2025-05-13,4891,ティムス,グロース（内国株式）,医薬品,133,135,132,134,2,1.515152,495600,OK
2025-05-13,4892,サイフューズ,グロース（内国株式）,医薬品,1000,1031,995,1010,14,1.405622,160600,OK
2025-05-13,4893,ノイルイミューン・バイオテック,グロース（内国株式）,医薬品,147,149,144,149,6,4.195804,280800,OK
2025-05-13,4894,クオリプス,グロース（内国株式）,医薬品,6940,7150,6900,6940,40,0.57971,172800,OK
2025-05-13,4896,ケイファーマ,グロース（内国株式）,医薬品,730,753,722,740,20,2.777778,101700,OK
2025-05-13,4901,富士フイルムホールディングス,プライム（内国株式）,化学,3389,3389,3329,3351,-3,-0.089445,5278800,OK
2025-05-13,4902,コニカミノルタ,プライム（内国株式）,電気機器,470,476.4,464,467.5,16,3.543743,3241500,OK
2025-05-13,4911,資生堂,プライム（内国株式）,化学,2550,2586,2411,2469.5,7,0.284264,6233400,OK
2025-05-13,4912,ライオン,プライム（内国株式）,化学,1594,1597.5,1567.5,1585.5,-7,-0.43956,2424500,OK
2025-05-13,4914,高砂香料工業,プライム（内国株式）,化学,6710,6770,6660,6700,80,1.208459,57000,OK
2025-05-13,4917,マンダム,プライム（内国株式）,化学,1404,1408,1345,1345,-50,-3.584229,281800,OK
2025-05-13,4918,アイビー化粧品,スタンダード（内国株式）,化学,284,303,275,281,-3,-1.056338,212900,OK
2025-05-13,4919,ミルボン,プライム（内国株式）,化学,2750,2771,2738,2739,-8,-0.291227,120400,OK
2025-05-13,4920,日本色材工業研究所,スタンダード（内国株式）,化学,1011,1011,1008,1008,-2,-0.19802,600,OK
2025-05-13,4922,コーセー,プライム（内国株式）,化学,5627,5686,5566,5611,45,0.80848,518300,OK
2025-05-13,4923,コタ,プライム（内国株式）,化学,1458,1458,1441,1441,-7,-0.483425,18000,OK
2025-05-13,4925,ハーバー研究所,スタンダード（内国株式）,化学,1760,1760,1755,1756,-4,-0.227273,1000,OK
2025-05-13,4926,シーボン,スタンダード（内国株式）,化学,1106,1106,1094,1094,4,0.366972,1900,OK
2025-05-13,4927,ポーラ・オルビスホールディングス,プライム（内国株式）,化学,1382,1409.5,1379,1393,14.5,1.051868,846400,OK
2025-05-13,4928,ノエビアホールディングス,プライム（内国株式）,化学,4280,4295,4255,4265,5,0.117371,54600,OK
2025-05-13,4929,アジュバンホールディングス,スタンダード（内国株式）,化学,765,766,762,762,-3,-0.392157,3100,OK
2025-05-13,4931,新日本製薬,プライム（内国株式）,化学,2470,2475,2391,2442,-14,-0.570033,41100,OK
2025-05-13,4932,アルマード,スタンダード（内国株式）,化学,1130,1147,1126,1147,20,1.774623,48800,OK
2025-05-13,4933,Ｉ−ｎｅ,プライム（内国株式）,化学,1768,1800,1651,1734,-17,-0.970874,144700,OK
2025-05-13,4934,プレミアアンチエイジング,グロース（内国株式）,化学,877,923,841,892,25,2.883506,114000,OK
2025-05-13,4935,リベルタ,スタンダード（内国株式）,化学,1300,1340,1293,1336,25,1.906941,74100,OK
2025-05-13,4936,アクシージア,プライム（内国株式）,化学,472,472,457,457,-6,-1.295896,48700,OK
2025-05-13,4937,Ｗａｑｏｏ,グロース（内国株式）,化学,1090,1110,1069,1101,31,2.897196,5800,OK
2025-05-13,4951,エステー,プライム（内国株式）,化学,1544,1546,1523,1543,-1,-0.064767,27600,OK
2025-05-13,4956,コニシ,プライム（内国株式）,化学,1143,1157,1130,1148,10,0.878735,53600,OK
2025-05-13,4957,ヤスハラケミカル,スタンダード（内国株式）,化学,855,855,842,853,12,1.426873,5100,OK
2025-05-13,4958,長谷川香料,プライム（内国株式）,化学,2900,2911,2851,2856,-26,-0.902151,34300,OK
2025-05-13,4960,ケミプロ化成,スタンダード（内国株式）,化学,288,288,283,285,-3,-1.041667,14500,OK
2025-05-13,4966,上村工業,スタンダード（内国株式）,化学,9220,9440,9080,9440,520,5.829596,50900,OK
2025-05-13,4967,小林製薬,プライム（内国株式）,化学,5281,5348,5213,5332,99,1.89184,318800,OK
2025-05-13,4968,荒川化学工業,プライム（内国株式）,化学,1098,1100,1084,1089,4,0.368664,19900,OK
2025-05-13,4970,東洋合成工業,スタンダード（内国株式）,化学,5320,5470,5120,5170,150,2.988048,77500,OK
2025-05-13,4971,メック,プライム（内国株式）,化学,2700,2733,2594,2598,-3,-0.11534,304000,OK
2025-05-13,4972,綜研化学,スタンダード（内国株式）,化学,1545,1554,1519,1535,9,0.589777,38300,OK
2025-05-13,4973,日本高純度化学,プライム（内国株式）,化学,3000,3000,2932,2971,-9,-0.302013,19600,OK
2025-05-13,4974,タカラバイオ,プライム（内国株式）,化学,815,817,805,809,-3,-0.369458,208800,OK
2025-05-13,4975,ＪＣＵ,プライム（内国株式）,化学,3315,3340,3265,3275,0,0,34200,OK
2025-05-13,4976,東洋ドライルーブ,スタンダード（内国株式）,化学,3430,3460,3430,3460,15,0.435414,500,OK
2025-05-13,4977,新田ゼラチン,スタンダード（内国株式）,化学,844,845,832,843,4,0.476758,73500,OK
2025-05-13,4978,リプロセル,グロース（内国株式）,化学,157,168,147,153,16,11.678832,12712800,OK
2025-05-13,4979,ＯＡＴアグリオ,スタンダード（内国株式）,化学,2063,2118,2060,2068,15,0.730638,17600,OK
2025-05-13,4980,デクセリアルズ,プライム（内国株式）,化学,1840,1957,1755.5,1919,159,9.034091,3941600,OK
2025-05-13,4985,アース製薬,プライム（内国株式）,化学,5010,5010,4950,4995,-55,-1.089109,87500,OK
2025-05-13,4990,昭和化学工業,スタンダード（内国株式）,化学,465,465,461,464,-1,-0.215054,1000,OK
2025-05-13,4992,北興化学工業,スタンダード（内国株式）,化学,1252,1266,1243,1251,13,1.050081,63800,OK
2025-05-13,4994,大成ラミックグループ,スタンダード（内国株式）,化学,2450,2490,2450,2490,76,3.148302,11600,OK
2025-05-13,4996,クミアイ化学工業,プライム（内国株式）,化学,770,778,765,775,9,1.174935,439900,OK
2025-05-13,4997,日本農薬,プライム（内国株式）,化学,827,827,781,802,-18,-2.195122,354100,OK
2025-05-13,4998,フマキラー,スタンダード（内国株式）,化学,1104,1130,1088,1094,-11,-0.995475,22300,OK
2025-05-13,5009,富士興産,スタンダード（内国株式）,卸売業,1364,1364,1341,1341,-4,-0.297398,10400,OK
2025-05-13,5010,日本精蝋,スタンダード（内国株式）,石油･石炭製品,189,189,185,187,-2,-1.058201,93700,OK
2025-05-13,5011,ニチレキグループ,プライム（内国株式）,石油･石炭製品,2458,2458,2419,2419,-31,-1.265306,30400,OK
2025-05-13,5013,ユシロ,スタンダード（内国株式）,石油･石炭製品,1952,1958,1931,1953,14,0.722022,15300,OK
2025-05-13,5015,ビーピー・カストロール,スタンダード（内国株式）,石油･石炭製品,839,841,832,838,0,0,35800,OK
2025-05-13,5016,ＪＸ金属,プライム（内国株式）,非鉄金属,825.1,828,800.3,811.3,-8.7,-1.060976,10635600,OK
2025-05-13,5017,富士石油,プライム（内国株式）,石油･石炭製品,284,287,275,279,3,1.086957,541100,OK
2025-05-13,5018,ＭＯＲＥＳＣＯ,スタンダード（内国株式）,石油･石炭製品,1191,1203,1191,1193,13,1.101695,7300,OK
2025-05-13,5019,出光興産,プライム（内国株式）,石油･石炭製品,946,946.9,920,931,11.8,1.283725,6063300,OK
2025-05-13,5020,ＥＮＥＯＳホールディングス,プライム（内国株式）,石油･石炭製品,705,708.6,672.1,680,-23.9,-3.395369,34120900,OK
2025-05-13,5021,コスモエネルギーホールディングス,プライム（内国株式）,石油･石炭製品,6230,6242,6116,6162,23,0.374654,419400,OK
2025-05-13,5022,レボインターナショナル,TOKYO PRO MARKET（内国株式）,石油･石炭製品,,,,,,,,NO_QUOTE
2025-05-13,5025,マーキュリー,グロース（内国株式）,情報･通信業,624,660,611,625,5,0.806452,96900,OK
2025-05-13,5026,トリプルアイズ,グロース（内国株式）,情報･通信業,1000,1005,990,990,0,0,12200,OK
2025-05-13,5027,ＡｎｙＭｉｎｄ　Ｇｒｏｕｐ,グロース（内国株式）,情報･通信業,908,919,896,898,-8,-0.883002,641600,OK
2025-05-13,5028,セカンドサイトアナリティカ,グロース（内国株式）,情報･通信業,340,346,336,341,6,1.791045,20500,OK
2025-05-13,5029,サークレイス,グロース（内国株式）,情報･通信業,1193,1285,1046,1146,-32,-2.716469,304500,OK
2025-05-13,5031,モイ,グロース（内国株式）,情報･通信業,221,223,220,223,2,0.904977,19200,OK
2025-05-13,5032,ＡＮＹＣＯＬＯＲ,プライム（内国株式）,情報･通信業,3850,3850,3700,3800,-20,-0.52356,539400,OK
2025-05-13,5033,ヌーラボ,グロース（内国株式）,情報･通信業,1150,1160,1129,1147,10,0.879507,40800,OK
2025-05-13,5034,ｕｎｅｒｒｙ,グロース（内国株式）,情報･通信業,2021,2098,1951,2085,144,7.418856,49400,OK
2025-05-13,5035,ＨＯＵＳＥＩ,グロース（内国株式）,情報･通信業,547,548,525,525,-20,-3.669725,54600,OK
2025-05-13,5036,日本ビジネスシステムズ,スタンダード（内国株式）,情報･通信業,1060,1061,1036,1048,-2,-0.190476,63600,OK
2025-05-13,5037,フィットワークス,TOKYO PRO MARKET（内国株式）,情報･通信業,,,,,,,,NO_QUOTE
2025-05-13,5038,ｅＷｅＬＬ,グロース（内国株式）,情報･通信業,2284,2285,2245,2265,24,1.07095,40100,OK
2025-05-13,5070,ドラフト,グロース（内国株式）,建設業,574,595,567,572,-2,-0.348432,65900,OK
2025-05-13,5071,ヴィス,スタンダード（内国株式）,建設業,1269,1278,1265,1278,18,1.428571,7400,OK
2025-05-13,5072,アートフォースジャパン,TOKYO PRO MARKET（内国株式）,建設業,,,,,,,,NO_QUOTE
2025-05-13,5074,テスホールディングス,プライム（内国株式）,建設業,338,348,329,332,1,0.302115,745900,OK
2025-05-13,5076,インフロニア・ホールディングス,プライム（内国株式）,建設業,1256,1256,1232.5,1242,-14,-1.11465,793600,OK
2025-05-13,50765,インフロニア・ホールディングス（優先株式）,プライム（内国株式）,建設業,4605,4608,4603,4603,6,0.13052,5200,OK
2025-05-13,5077,ハンズ,TOKYO PRO MARKET（内国株式）,建設業,,,,,,,,NO_QUOTE
2025-05-13,5078,セレコーポレーション,スタンダード（内国株式）,建設業,4700,4840,4695,4840,140,2.978723,1500,OK
2025-05-13,5079,ノバック,スタンダード（内国株式）,建設業,2444,2444,2415,2424,-6,-0.246914,6500,OK
2025-05-13,5101,横浜ゴム,プライム（内国株式）,ゴム製品,3338,3364,3306,3317,49,1.499388,779800,OK
2025-05-13,5103,昭和ホールディングス,スタンダード（内国株式）,ゴム製品,46,46,45,45,0,0,59500,OK
2025-05-13,5105,ＴＯＹＯ　ＴＩＲＥ,プライム（内国株式）,ゴム製品,2774.5,2893,2706.5,2871,116,4.210526,3693300,OK
2025-05-13,5108,ブリヂストン,プライム（内国株式）,ゴム製品,6210,6247,6131,6166,21,0.341741,1475700,OK
2025-05-13,5110,住友ゴム工業,プライム（内国株式）,ゴム製品,1923.5,1949,1900,1931.5,42,2.22281,1696000,OK
2025-05-13,5121,藤倉コンポジット,プライム（内国株式）,ゴム製品,1411,1462,1411,1433,52,3.765387,234000,OK
2025-05-13,5122,オカモト,プライム（内国株式）,ゴム製品,5200,5230,4985,4985,-195,-3.764479,8500,OK
2025-05-13,5125,ファインズ,グロース（内国株式）,情報･通信業,489,493,484,488,-1,-0.204499,1100,OK
2025-05-13,5126,ポーターズ,グロース（内国株式）,情報･通信業,1910,2039,1910,2039,89,4.564103,800,OK
2025-05-13,5129,ＦＩＸＥＲ,グロース（内国株式）,情報･通信業,614,621,612,612,0,0,9200,OK
2025-05-13,5130,ヒロホールディングス,TOKYO PRO MARKET（内国株式）,情報･通信業,,,,,,,,NO_QUOTE
2025-05-13,5131,リンカーズ,グロース（内国株式）,情報･通信業,154,155,153,155,2,1.30719,23100,OK
2025-05-13,5132,ｐｌｕｓｚｅｒｏ,グロース（内国株式）,情報･通信業,2440,2495,2413,2450,44,1.828761,110500,OK
2025-05-13,5133,テリロジーホールディングス,スタンダード（内国株式）,情報･通信業,282,292,277,283,2,0.711744,698900,OK
2025-05-13,5134,ＰＯＰＥＲ,グロース（内国株式）,情報･通信業,979,983,901,925,-9,-0.963597,22000,OK
2025-05-13,5135,ＡＩＲ−Ｕ,TOKYO PRO MARKET（内国株式）,情報･通信業,,,,,,,,NO_QUOTE
2025-05-13,5136,ｔｒｉｐｌａ,グロース（内国株式）,情報･通信業,2382,2520,2348,2382,50,2.144082,108300,OK
2025-05-13,5137,スマートドライブ,グロース（内国株式）,情報･通信業,1918,1950,1901,1950,32,1.668405,7100,OK
2025-05-13,5138,Ｒｅｂａｓｅ,グロース（内国株式）,情報･通信業,1575,1599,1545,1585,44,2.855289,14300,OK
2025-05-13,5139,オープンワーク,グロース（内国株式）,情報･通信業,871,871,848,850,-17,-1.960784,34600,OK
2025-05-13,5142,アキレス,プライム（内国株式）,化学,1383,1392,1331,1336,-44,-3.188406,18900,OK
2025-05-13,5161,西川ゴム工業,スタンダード（内国株式）,ゴム製品,2570,2597,2534,2588,33,1.291585,100000,OK
2025-05-13,5162,朝日ラバー,スタンダード（内国株式）,ゴム製品,585,585,580,580,0,0,4300,OK
2025-05-13,5184,ニチリン,スタンダード（内国株式）,ゴム製品,3485,3485,3450,3470,0,0,17300,OK
2025-05-13,5185,フコク,プライム（内国株式）,ゴム製品,1669,1675,1640,1646,-1,-0.060716,26500,OK
2025-05-13,5186,ニッタ,プライム（内国株式）,ゴム製品,3705,3715,3655,3670,-10,-0.271739,19000,OK
2025-05-13,5187,クリエートメディック,スタンダード（内国株式）,精密機器,975,980,962,962,-12,-1.232033,9200,OK
2025-05-13,5189,櫻護謨,スタンダード（内国株式）,ゴム製品,1850,1919,1789,1795,-55,-2.972973,6300,OK
2025-05-13,5191,住友理工,プライム（内国株式）,ゴム製品,1700,1715,1652,1672,-16,-0.947867,434300,OK
2025-05-13,5192,三ツ星ベルト,プライム（内国株式）,ゴム製品,3670,3700,3660,3670,25,0.685871,60900,OK
2025-05-13,5194,相模ゴム工業,スタンダード（内国株式）,ゴム製品,890,891,877,888,-5,-0.55991,17300,OK
2025-05-13,5195,バンドー化学,プライム（内国株式）,ゴム製品,1553,1556,1531,1535,6,0.392413,21400,OK
2025-05-13,5199,不二ラテックス,スタンダード（内国株式）,ゴム製品,1756,1756,1756,1756,0,0,100,OK
2025-05-13,5201,ＡＧＣ,プライム（内国株式）,ガラス･土石製品,4350,4381,4307,4370,19,0.436681,1691000,OK
2025-05-13,5202,日本板硝子,プライム（内国株式）,ガラス･土石製品,423,423,404,413,-2,-0.481928,1416800,OK
2025-05-13,5204,石塚硝子,スタンダード（内国株式）,ガラス･土石製品,2460,2469,2413,2433,-2,-0.082136,2700,OK
2025-05-13,5208,有沢製作所,プライム（内国株式）,化学,1394,1394,1378,1390,4,0.2886,221700,OK
2025-05-13,5210,日本山村硝子,スタンダード（内国株式）,ガラス･土石製品,2292,2300,2277,2281,-10,-0.436491,18300,OK
2025-05-13,5214,日本電気硝子,プライム（内国株式）,ガラス･土石製品,3500,3515,3481,3490,20,0.576369,298400,OK
2025-05-13,5216,倉元製作所,スタンダード（内国株式）,ガラス･土石製品,257,257,247,248,-4,-1.587302,576800,OK
2025-05-13,5218,オハラ,スタンダード（内国株式）,ガラス･土石製品,1066,1075,1046,1046,-10,-0.94697,19100,OK
2025-05-13,5232,住友大阪セメント,プライム（内国株式）,ガラス･土石製品,3840,4088,3746,3954,109,2.83485,958300,OK
2025-05-13,5233,太平洋セメント,プライム（内国株式）,ガラス･土石製品,3975,3996,3806,3878,-67,-1.698352,1216600,OK
2025-05-13,5237,ノザワ,スタンダード（内国株式）,ガラス･土石製品,866,885,830,841,-10,-1.175088,64200,OK
2025-05-13,5240,ｍｏｎｏＡＩ　ｔｅｃｈｎｏｌｏｇｙ,グロース（内国株式）,情報･通信業,288,303,287,295,8,2.787456,125700,OK
2025-05-13,5242,アイズ,グロース（内国株式）,情報･通信業,1295,1312,1295,1300,0,0,7900,OK
2025-05-13,5243,ｎｏｔｅ,グロース（内国株式）,情報･通信業,1520,1528,1485,1517,26,1.743796,634200,OK
2025-05-13,5244,ｊｉｇ．ｊｐ,グロース（内国株式）,情報･通信業,261,268,257,263,5,1.937984,725500,OK
2025-05-13,5246,ＥＬＥＭＥＮＴＳ,グロース（内国株式）,情報･通信業,911,925,890,901,0,0,1227800,OK
2025-05-13,5247,ＢＴＭ,グロース（内国株式）,情報･通信業,817,826,809,817,5,0.615764,29800,OK
2025-05-13,5248,テクノロジーズ,グロース（内国株式）,情報･通信業,693,695,688,693,0,0,16500,OK
2025-05-13,5249,あさかわシステムズ,TOKYO PRO MARKET（内国株式）,情報･通信業,,,,,,,,NO_QUOTE
2025-05-13,5250,プライム・ストラテジー,スタンダード（内国株式）,情報･通信業,1064,1075,1045,1062,8,0.759013,2700,OK
2025-05-13,5251,ウイズ・ワン,TOKYO PRO MARKET（内国株式）,情報･通信業,,,,,,,,NO_QUOTE
2025-05-13,5252,日本ナレッジ,グロース（内国株式）,情報･通信業,1285,1309,1285,1309,39,3.070866,900,OK
2025-05-13,5253,カバー,グロース（内国株式）,情報･通信業,2330,2335,2200,2248,-55,-2.388189,4393900,OK
2025-05-13,5254,Ａｒｅｎｔ,グロース（内国株式）,情報･通信業,5490,5560,5460,5500,50,0.917431,28700,OK
2025-05-13,5255,モンスターラボ,グロース（内国株式）,情報･通信業,79,80,78,78,0,0,397400,OK
2025-05-13,5256,Ｆｕｓｉｃ,グロース（内国株式）,情報･通信業,2550,2590,2425,2509,-196,-7.245841,27200,OK
2025-05-13,5257,ノバシステム,スタンダード（内国株式）,情報･通信業,2715,2715,2683,2713,1,0.036873,3600,OK
2025-05-13,5258,トランザクション・メディア・ネットワークス,グロース（内国株式）,情報･通信業,308,310,303,305,0,0,153100,OK
2025-05-13,5259,ＢＢＤイニシアティブ,グロース（内国株式）,情報･通信業,1161,1173,1157,1157,-3,-0.258621,5000,OK
2025-05-13,5261,リソルホールディングス,プライム（内国株式）,サービス業,5110,5110,5060,5060,-40,-0.784314,4900,OK
2025-05-13,5262,日本ヒューム,プライム（内国株式）,ガラス･土石製品,1703,1714,1661,1673,-29,-1.703878,337200,OK
2025-05-13,5268,旭コンクリート工業,スタンダード（内国株式）,ガラス･土石製品,649,662,582,585,-48,-7.582938,77600,OK
2025-05-13,5269,日本コンクリート工業,プライム（内国株式）,ガラス･土石製品,339,340,332,335,-1,-0.297619,86000,OK
2025-05-13,5271,トーヨーアサノ,スタンダード（内国株式）,ガラス･土石製品,2100,2100,2100,2100,-10,-0.473934,300,OK
2025-05-13,5273,三谷セキサン,スタンダード（内国株式）,ガラス･土石製品,7050,7100,6950,6950,50,0.724638,8400,OK
2025-05-13,5279,日本興業,スタンダード（内国株式）,ガラス･土石製品,1000,1000,973,989,-2,-0.201816,4500,OK
2025-05-13,5280,ヨシコン,スタンダード（内国株式）,不動産業,1928,1939,1923,1931,11,0.572917,8700,OK
2025-05-13,5282,ジオスター,スタンダード（内国株式）,ガラス･土石製品,299,299,293,293,-6,-2.006689,21800,OK
2025-05-13,5283,高見澤,スタンダード（内国株式）,卸売業,3165,3185,3165,3180,50,1.597444,2300,OK
2025-05-13,5284,ヤマウホールディングス,スタンダード（内国株式）,ガラス･土石製品,1911,1920,1891,1915,14,0.736454,28700,OK
2025-05-13,5285,ヤマックス,スタンダード（内国株式）,ガラス･土石製品,1475,1486,1423,1428,-44,-2.98913,72100,OK
2025-05-13,5287,イトーヨーギョー,スタンダード（内国株式）,ガラス･土石製品,629,636,621,633,-2,-0.314961,19000,OK
2025-05-13,5288,アジアパイルホールディングス,プライム（内国株式）,ガラス･土石製品,908,909,889,897,-6,-0.664452,57800,OK
2025-05-13,5290,ベルテクスコーポレーション,スタンダード（内国株式）,ガラス･土石製品,2036,2038,2001,2025,4,0.197922,22400,OK
2025-05-13,5301,東海カーボン,プライム（内国株式）,ガラス･土石製品,958,960.6,950,957.2,14.2,1.505832,1245800,OK
2025-05-13,5302,日本カーボン,プライム（内国株式）,ガラス･土石製品,4260,4260,4220,4250,25,0.591716,24800,OK
2025-05-13,5304,ＳＥＣカーボン,スタンダード（内国株式）,ガラス･土石製品,2017,2027,2011,2021,12,0.597312,7600,OK
2025-05-13,5310,東洋炭素,プライム（内国株式）,ガラス･土石製品,4240,4265,4120,4120,-60,-1.435407,153600,OK
2025-05-13,5331,ノリタケ,プライム（内国株式）,ガラス･土石製品,3695,3720,3680,3710,85,2.344828,85800,OK
2025-05-13,5332,ＴＯＴＯ,プライム（内国株式）,ガラス･土石製品,3923,3966,3891,3937,84,2.180119,873300,OK
2025-05-13,5333,日本碍子,プライム（内国株式）,ガラス･土石製品,1849,1859.5,1827,1829.5,22,1.217151,909700,OK
2025-05-13,5334,日本特殊陶業,プライム（内国株式）,ガラス･土石製品,5073,5109,4931,4944,14,0.283976,804600,OK
2025-05-13,5337,ダントーホールディングス,スタンダード（内国株式）,ガラス･土石製品,557,571,552,570,13,2.333932,48500,OK
2025-05-13,5341,ＡＳＡＨＩ　ＥＩＴＯホールディングス,スタンダード（内国株式）,ガラス･土石製品,390,395,388,395,4,1.023018,5000,OK
2025-05-13,5344,ＭＡＲＵＷＡ,プライム（内国株式）,ガラス･土石製品,35340,35900,34250,34250,1010,3.038508,225800,OK
2025-05-13,5351,品川リフラクトリーズ,プライム（内国株式）,ガラス･土石製品,1724,1732,1700,1700,0,0,40100,OK
2025-05-13,5352,黒崎播磨,プライム（内国株式）,ガラス･土石製品,2590,2622,2555,2555,2,0.078339,58100,OK
2025-05-13,5355,日本坩堝,スタンダード（内国株式）,ガラス･土石製品,598,598,596,598,0,0,3400,OK
2025-05-13,5356,美濃窯業,スタンダード（内国株式）,ガラス･土石製品,822,822,812,816,5,0.616523,4500,OK
2025-05-13,5357,ヨータイ,プライム（内国株式）,ガラス･土石製品,1765,1777,1706,1718,-71,-3.968698,78700,OK
2025-05-13,5363,東京窯業,スタンダード（内国株式）,ガラス･土石製品,493,495,483,488,-5,-1.014199,68000,OK
2025-05-13,5367,ニッカトー,スタンダード（内国株式）,ガラス･土石製品,524,525,515,515,-5,-0.961538,5700,OK
2025-05-13,5368,日本インシュレーション,スタンダード（内国株式）,ガラス･土石製品,906,943,901,929,40,4.499438,24700,OK
2025-05-13,5380,新東,スタンダード（内国株式）,ガラス･土石製品,1534,1548,1522,1536,4,0.261097,2400,OK
2025-05-13,5381,Ｍｉｐｏｘ,スタンダード（内国株式）,ガラス･土石製品,500,517,500,516,29,5.954825,365700,OK
2025-05-13,5384,フジミインコーポレーテッド,プライム（内国株式）,ガラス･土石製品,1990,2014,1969,1976,31,1.59383,213700,OK
2025-05-13,5386,鶴弥,スタンダード（内国株式）,ガラス･土石製品,372,373,370,371,0,0,3800,OK
2025-05-13,5388,クニミネ工業,スタンダード（内国株式）,ガラス･土石製品,1054,1059,1020,1049,-5,-0.474383,8500,OK
2025-05-13,5391,エーアンドエーマテリアル,スタンダード（内国株式）,ガラス･土石製品,1159,1159,1147,1148,-4,-0.347222,5600,OK
2025-05-13,5393,ニチアス,プライム（内国株式）,ガラス･土石製品,4995,5019,4825,4858,-89,-1.79907,266000,OK
2025-05-13,5401,日本製鉄,プライム（内国株式）,鉄鋼,2930,2940.5,2878,2891.5,8.5,0.294832,4813700,OK
2025-05-13,5406,神戸製鋼所,プライム（内国株式）,鉄鋼,1678,1690,1648,1660,-1,-0.060205,4918000,OK
2025-05-13,5408,中山製鋼所,プライム（内国株式）,鉄鋼,663,665,649,652,-1,-0.153139,465200,OK
2025-05-13,5410,合同製鐵,プライム（内国株式）,鉄鋼,3840,3880,3780,3810,-15,-0.392157,59900,OK
2025-05-13,5411,ＪＦＥホールディングス,プライム（内国株式）,鉄鋼,1725,1739.5,1706,1706,18.5,1.096296,5776800,OK
2025-05-13,5423,東京製鐵,プライム（内国株式）,鉄鋼,1585,1607,1576,1594,16,1.013942,292900,OK
2025-05-13,5440,共英製鋼,プライム（内国株式）,鉄鋼,1979,1989,1950,1966,8,0.40858,51100,OK
2025-05-13,5444,大和工業,プライム（内国株式）,鉄鋼,8505,8528,8420,8478,0,0,218700,OK
2025-05-13,5445,東京鐵鋼,プライム（内国株式）,鉄鋼,5660,5750,5640,5730,80,1.415929,68100,OK
2025-05-13,5446,北越メタル,スタンダード（内国株式）,鉄鋼,1334,1345,1332,1332,-2,-0.149925,1200,OK
2025-05-13,5449,大阪製鐵,スタンダード（内国株式）,鉄鋼,2438,2514,2400,2452,27,1.113402,60600,OK
2025-05-13,5451,淀川製鋼所,プライム（内国株式）,鉄鋼,5510,5530,5450,5460,-50,-0.907441,95400,OK
2025-05-13,5458,高砂鐵工,スタンダード（内国株式）,鉄鋼,944,944,918,918,-11,-1.184069,5400,OK
2025-05-13,5461,中部鋼鈑,プライム（内国株式）,鉄鋼,2190,2207,2086,2086,-84,-3.870968,26000,OK
2025-05-13,5463,丸一鋼管,プライム（内国株式）,鉄鋼,3686,3697,3643,3654,-23,-0.62551,200600,OK
2025-05-13,5464,モリ工業,スタンダード（内国株式）,鉄鋼,986,991,940,940,-35,-3.589744,29900,OK
2025-05-13,5471,大同特殊鋼,プライム（内国株式）,鉄鋼,1034.5,1038.5,1009,1010,-13.5,-1.319003,537700,OK
2025-05-13,5476,日本高周波鋼業,スタンダード（内国株式）,鉄鋼,415,420,410,417,3,0.724638,267600,OK
2025-05-13,5480,日本冶金工業,プライム（内国株式）,鉄鋼,3985,4035,3940,3955,-5,-0.126263,110800,OK
2025-05-13,5482,愛知製鋼,プライム（内国株式）,鉄鋼,8350,8780,8310,8690,280,3.32937,143200,OK
2025-05-13,5484,東北特殊鋼,スタンダード（内国株式）,鉄鋼,2065,2065,2061,2061,10,0.487567,400,OK
2025-05-13,5491,日本金属,スタンダード（内国株式）,鉄鋼,756,756,735,736,-20,-2.645503,27500,OK
2025-05-13,5525,フロンティアホールディングス,TOKYO PRO MARKET（内国株式）,不動産業,,,,,,,,NO_QUOTE
2025-05-13,5527,ｐｒｏｐｅｒｔｙ　ｔｅｃｈｎｏｌｏｇｉｅｓ,グロース（内国株式）,不動産業,1080,1080,1026,1076,-4,-0.37037,15000,OK
2025-05-13,5528,フロンティアハウス,TOKYO PRO MARKET（内国株式）,不動産業,,,,,,,,NO_QUOTE
2025-05-13,5531,中山不動産,TOKYO PRO MARKET（内国株式）,不動産業,,,,,,,,NO_QUOTE
2025-05-13,5532,リアルゲイト,グロース（内国株式）,不動産業,1828,1898,1712,1799,-35,-1.908397,271000,OK
2025-05-13,5533,エリッツホールディングス,スタンダード（内国株式）,不動産業,1692,1731,1653,1731,-1,-0.057737,5000,OK
2025-05-13,5534,エンゼルグループ,TOKYO PRO MARKET（内国株式）,不動産業,,,,,,,,NO_QUOTE
2025-05-13,5535,ミガロホールディングス,プライム（内国株式）,不動産業,2110,2251,2042,2156,-9,-0.415704,555100,OK
2025-05-13,5536,京橋アートレジデンス,TOKYO PRO MARKET（内国株式）,不動産業,,,,,,,,NO_QUOTE
2025-05-13,5537,ＡｌｂａＬｉｎｋ,TOKYO PRO MARKET（内国株式）,不動産業,,,,,,,,NO_QUOTE
2025-05-13,5541,大平洋金属,プライム（内国株式）,鉄鋼,1690,1696,1661,1675,-29,-1.701878,296400,OK
2025-05-13,5542,新報国マテリアル,スタンダード（内国株式）,鉄鋼,685,689,680,685,0,0,3700,OK
2025-05-13,5563,新日本電工,プライム（内国株式）,鉄鋼,261,262,257,258,-1,-0.3861,358700,OK
2025-05-13,5570,ジェノバ,グロース（内国株式）,情報･通信業,703,703,673,683,-28,-3.938115,62400,OK
2025-05-13,5571,エキサイトホールディングス,スタンダード（内国株式）,情報･通信業,1309,1309,1288,1297,-3,-0.230769,9700,OK
2025-05-13,5572,Ｒｉｄｇｅ−ｉ,グロース（内国株式）,情報･通信業,2615,2648,2590,2616,20,0.770416,11600,OK
2025-05-13,5573,働楽ホールディングス,TOKYO PRO MARKET（内国株式）,情報･通信業,,,,,,,,NO_QUOTE
2025-05-13,5574,ＡＢＥＪＡ,グロース（内国株式）,情報･通信業,2688,2688,2611,2650,62,2.395672,212500,OK
2025-05-13,5575,Ｇｌｏｂｅｅ,グロース（内国株式）,情報･通信業,842,847,841,842,0,0,8000,OK
2025-05-13,5576,オービーシステム,スタンダード（内国株式）,情報･通信業,2461,2468,2446,2446,-23,-0.931551,1900,OK
2025-05-13,5577,アイデミー,グロース（内国株式）,情報･通信業,580,590,571,585,5,0.862069,9300,OK
2025-05-13,5578,ＡＲアドバンストテクノロジ,グロース（内国株式）,情報･通信業,1731,1738,1670,1729,0,0,5100,OK
2025-05-13,5580,プロディライト,グロース（内国株式）,情報･通信業,1488,1495,1468,1494,18,1.219512,21100,OK
2025-05-13,5581,カイテクノロジー,TOKYO PRO MARKET（内国株式）,情報･通信業,,,,,,,,NO_QUOTE
2025-05-13,5582,グリッド,グロース（内国株式）,情報･通信業,2350,2356,2250,2303,3,0.130435,10700,OK
2025-05-13,5584,Ｓｔｒａｗｂｅｒｒｙ　ｊａｍｓ,TOKYO PRO MARKET（内国株式）,情報･通信業,,,,,,,,NO_QUOTE
2025-05-13,5585,エコナビスタ,グロース（内国株式）,情報･通信業,2188,2188,2182,2187,0,0,4400,OK
2025-05-13,5586,Ｌａｂｏｒｏ．ＡＩ,グロース（内国株式）,情報･通信業,1143,1143,1064,1095,10,0.921659,649300,OK
2025-05-13,5587,インバウンドプラットフォーム,グロース（内国株式）,情報･通信業,713,748,713,748,34,4.761905,9500,OK
2025-05-13,5588,ファーストアカウンティング,グロース（内国株式）,情報･通信業,1648,1660,1627,1627,-8,-0.489297,20600,OK
2025-05-13,5589,オートサーバー,スタンダード（内国株式）,情報･通信業,2584,2600,2542,2555,-24,-0.930593,19500,OK
2025-05-13,5590,ネットスターズ,グロース（内国株式）,情報･通信業,784,806,778,802,28,3.617571,75600,OK
2025-05-13,5591,ＡＶＩＬＥＮ,グロース（内国株式）,情報･通信業,1150,1168,1121,1138,-14,-1.215278,32000,OK
2025-05-13,5592,くすりの窓口,グロース（内国株式）,情報･通信業,2186,2226,2168,2208,-15,-0.674764,103400,OK
2025-05-13,5594,エム・デー・ビー,TOKYO PRO MARKET（内国株式）,情報･通信業,,,,,,,,NO_QUOTE
2025-05-13,5595,ＱＰＳ研究所,グロース（内国株式）,情報･通信業,1635,1648,1577,1636,12,0.738916,5781200,OK
2025-05-13,5596,アウトルックコンサルティング,グロース（内国株式）,情報･通信業,1134,1134,1112,1134,1,0.088261,900,OK
2025-05-13,5597,ブルーイノベーション,グロース（内国株式）,情報･通信業,873,878,850,860,-8,-0.921659,77800,OK
2025-05-13,5598,Ｙｏｔｔａｖｉａｓ,TOKYO PRO MARKET（内国株式）,情報･通信業,,,,,,,,NO_QUOTE
2025-05-13,5599,Ｓ＆Ｊ,グロース（内国株式）,情報･通信業,1134,1134,1100,1103,-31,-2.733686,18000,OK
2025-05-13,5602,栗本鐵工所,プライム（内国株式）,鉄鋼,4700,4710,4635,4665,-30,-0.638978,27900,OK
2025-05-13,5603,虹技,スタンダード（内国株式）,鉄鋼,1100,1108,1080,1085,-3,-0.275735,61700,OK
2025-05-13,5609,日本鋳造,スタンダード（内国株式）,鉄鋼,820,822,810,814,-6,-0.731707,5600,OK
2025-05-13,5612,日本鋳鉄管,スタンダード（内国株式）,鉄鋼,1292,1297,1272,1281,11,0.866142,23000,OK
2025-05-13,5616,雨風太陽,グロース（内国株式）,情報･通信業,1050,1095,1036,1086,50,4.826255,52300,OK
2025-05-13,5617,ウィル・ドゥ,TOKYO PRO MARKET（内国株式）,情報･通信業,,,,,,,,NO_QUOTE
2025-05-13,5618,ナイル,グロース（内国株式）,情報･通信業,309,319,308,312,3,0.970874,10200,OK
2025-05-13,5619,マーソ,グロース（内国株式）,情報･通信業,920,920,908,910,-15,-1.621622,1800,OK
2025-05-13,5620,エスピーオー,TOKYO PRO MARKET（内国株式）,情報･通信業,,,,,,,,NO_QUOTE
2025-05-13,5621,ヒューマンテクノロジーズ,グロース（内国株式）,情報･通信業,1614,1648,1566,1612,2,0.124224,32900,OK
2025-05-13,5622,ワンビ,TOKYO PRO MARKET（内国株式）,情報･通信業,,,,,,,,NO_QUOTE
2025-05-13,5631,日本製鋼所,プライム（内国株式）,機械,6226,6230,6034,6120,-6,-0.097943,763700,OK
2025-05-13,5632,三菱製鋼,プライム（内国株式）,鉄鋼,1625,1647,1619,1636,22,1.363073,122500,OK
2025-05-13,5644,メタルアート,スタンダード（内国株式）,鉄鋼,3180,3215,3120,3120,-10,-0.319489,12200,OK
2025-05-13,5658,日亜鋼業,スタンダード（内国株式）,鉄鋼,307,314,303,304,-2,-0.653595,74500,OK
2025-05-13,5659,日本精線,プライム（内国株式）,鉄鋼,1080,1088,1069,1075,9,0.844278,75700,OK
2025-05-13,5660,神鋼鋼線工業,スタンダード（内国株式）,鉄鋼,1335,1422,1311,1333,-128,-8.761123,121600,OK
2025-05-13,5695,パウダーテック,スタンダード（内国株式）,鉄鋼,2071,2071,2032,2057,0,0,1500,OK
2025-05-13,5697,サンユウ,スタンダード（内国株式）,鉄鋼,499,499,491,491,-8,-1.603206,14000,OK
2025-05-13,5698,エンビプロ・ホールディングス,プライム（内国株式）,鉄鋼,486,489,473,473,-13,-2.674897,61500,OK
2025-05-13,5699,イボキン,スタンダード（内国株式）,鉄鋼,1272,1300,1272,1283,-2,-0.155642,5300,OK
2025-05-13,5702,大紀アルミニウム工業所,プライム（内国株式）,非鉄金属,927,933,911,914,-1,-0.10929,90000,OK
2025-05-13,5703,日本軽金属ホールディングス,プライム（内国株式）,非鉄金属,1545,1557,1540,1556,19,1.236174,207900,OK
2025-05-13,5704,ＪＭＣ,グロース（内国株式）,非鉄金属,445,445,440,445,1,0.225225,6000,OK
2025-05-13,5706,三井金属鉱業,プライム（内国株式）,非鉄金属,4092,4110,4030,4042,20,0.497265,427600,OK
2025-05-13,5707,東邦亜鉛,プライム（内国株式）,非鉄金属,635,647,625,630,-10,-1.5625,209100,OK
2025-05-13,5711,三菱マテリアル,プライム（内国株式）,非鉄金属,2320,2332,2285,2296.5,-3.5,-0.152174,712100,OK
2025-05-13,5713,住友金属鉱山,プライム（内国株式）,非鉄金属,3250,3322,3235,3285,99,3.107345,3352600,OK
2025-05-13,5714,ＤＯＷＡホールディングス,プライム（内国株式）,非鉄金属,4766,4780,4604,4604,-92,-1.959114,200800,OK
2025-05-13,5715,古河機械金属,プライム（内国株式）,非鉄金属,2193,2193,2135,2150,-18,-0.830258,116400,OK
2025-05-13,5721,エス・サイエンス,スタンダード（内国株式）,非鉄金属,73,75,70,72,-4,-5.263158,9487200,OK
2025-05-13,5724,アサカ理研,スタンダード（内国株式）,非鉄金属,1090,1090,1042,1065,-30,-2.739726,62200,OK
2025-05-13,5726,大阪チタニウムテクノロジーズ,プライム（内国株式）,非鉄金属,1702,1705,1661,1676,1,0.059701,649700,OK
2025-05-13,5727,東邦チタニウム,プライム（内国株式）,非鉄金属,1044,1048,1007,1010,-4,-0.394477,393700,OK
2025-05-13,5729,日本精鉱,スタンダード（内国株式）,非鉄金属,4925,4925,4460,4640,-255,-5.209397,50900,OK
2025-05-13,5741,ＵＡＣＪ,プライム（内国株式）,非鉄金属,5040,5060,4455,4865,-125,-2.50501,415600,OK
2025-05-13,5742,エヌアイシ・オートテック,スタンダード（内国株式）,非鉄金属,770,770,757,769,-2,-0.259403,2200,OK
2025-05-13,5753,日本伸銅,スタンダード（内国株式）,非鉄金属,2020,2077,2014,2060,-110,-5.069124,8400,OK
2025-05-13,5757,ＣＫサンエツ,プライム（内国株式）,非鉄金属,3850,3850,3705,3715,-85,-2.236842,6600,OK
2025-05-13,5801,古河電気工業,プライム（内国株式）,非鉄金属,5160,5620,4808,5601,681,13.841463,9020700,OK
2025-05-13,5802,住友電気工業,プライム（内国株式）,非鉄金属,2530,2674.5,2426,2632.5,170.5,6.925264,8404200,OK
2025-05-13,5803,フジクラ,プライム（内国株式）,非鉄金属,6200,6232,5723,5743,-313,-5.168428,44344200,OK
2025-05-13,5805,ＳＷＣＣ,プライム（内国株式）,非鉄金属,6900,7390,6630,7160,410,6.074074,671500,OK
2025-05-13,5816,オーナンバ,スタンダード（内国株式）,非鉄金属,1020,1025,1005,1009,-7,-0.688976,19700,OK
2025-05-13,5817,ＪＭＡＣＳ,スタンダード（内国株式）,非鉄金属,406,406,402,406,0,0,1200,OK
2025-05-13,5819,カナレ電気,スタンダード（内国株式）,非鉄金属,1512,1530,1512,1525,15,0.993377,7100,OK
2025-05-13,5820,三ッ星,スタンダード（内国株式）,非鉄金属,815,822,800,809,-5,-0.614251,12400,OK
2025-05-13,5821,平河ヒューテック,プライム（内国株式）,非鉄金属,1382,1403,1356,1361,-23,-1.66185,52800,OK
2025-05-13,5830,いよぎんホールディングス,プライム（内国株式）,銀行業,1634,1685,1614.5,1646,52,3.262233,1244700,OK
2025-05-13,5831,しずおかフィナンシャルグループ,プライム（内国株式）,銀行業,1623,1633,1577,1578.5,4,0.254049,2893900,OK
2025-05-13,5832,ちゅうぎんフィナンシャルグループ,プライム（内国株式）,銀行業,1641,1670.5,1598,1598.5,16.5,1.042984,547400,OK
2025-05-13,5834,ＳＢＩリーシングサービス,グロース（内国株式）,証券･商品先物取引業,3745,3795,3710,3765,60,1.619433,65400,OK
2025-05-13,5838,楽天銀行,プライム（内国株式）,銀行業,6300,6600,6255,6600,1000,17.857143,3900000,OK
2025-05-13,5840,日本総険,TOKYO PRO MARKET（内国株式）,保険業,,,,,,,,NO_QUOTE
2025-05-13,5842,インテグラル,グロース（内国株式）,証券･商品先物取引業,2875,2895,2653,2715,-159,-5.532359,274100,OK
2025-05-13,5843,ニッポンインシュア,スタンダード（内国株式）,その他金融業,1795,1795,1740,1771,3,0.169683,9100,OK
2025-05-13,5844,京都フィナンシャルグループ,プライム（内国株式）,銀行業,2584,2614,2524.5,2533,29,1.158147,1575100,OK
2025-05-13,5845,全保連,スタンダード（内国株式）,その他金融業,866,873,841,854,-1,-0.116959,78500,OK
2025-05-13,5851,リョービ,プライム（内国株式）,非鉄金属,2136,2160,2090,2113,27,1.294343,169100,OK
2025-05-13,5852,アーレスティ,プライム（内国株式）,非鉄金属,679,686,670,673,4,0.597907,163700,OK
2025-05-13,5856,エルアイイーエイチ,スタンダード（内国株式）,小売業,46,46,44,45,-1,-2.173913,114800,OK
2025-05-13,5857,ＡＲＥホールディングス,プライム（内国株式）,非鉄金属,1802,1805,1778,1783,-10,-0.557724,161100,OK
2025-05-13,5858,ＳＴＧ,グロース（内国株式）,非鉄金属,1318,1349,1230,1309,10,0.769823,90200,OK
2025-05-13,5866,ＷｉｚＢｉｚ,TOKYO PRO MARKET（内国株式）,サービス業,,,,,,,,NO_QUOTE
2025-05-13,5867,エスネットワークス,グロース（内国株式）,サービス業,,,,,,,,NO_QUOTE
2025-05-13,5868,ロココ,スタンダード（内国株式）,サービス業,835,848,835,845,14,1.684717,9500,OK
2025-05-13,5869,早稲田学習研究会,スタンダード（内国株式）,サービス業,1032,1038,1025,1034,2,0.193798,14600,OK
2025-05-13,5870,ナルネットコミュニケーションズ,グロース（内国株式）,サービス業,605,636,605,614,9,1.487603,23800,OK
2025-05-13,5871,ＳＯＬＩＺＥ,スタンダード（内国株式）,サービス業,1652,1697,1641,1697,125,7.951654,16200,OK
2025-05-13,5881,サンフェステ,TOKYO PRO MARKET（内国株式）,小売業,,,,,,,,NO_QUOTE
2025-05-13,5883,ＧＴホールディングス,TOKYO PRO MARKET（内国株式）,卸売業,,,,,,,,NO_QUOTE
2025-05-13,5884,クラダシ,グロース（内国株式）,小売業,336,341,327,330,-5,-1.492537,34200,OK
2025-05-13,5885,ジーデップ・アドバンス,スタンダード（内国株式）,卸売業,1956,1980,1897,1931,6,0.311688,33800,OK
2025-05-13,5886,ＯＯＫＡＢＥ　ＧＬＡＳＳ,TOKYO PRO MARKET（内国株式）,卸売業,,,,,,,,NO_QUOTE
2025-05-13,5887,光響,TOKYO PRO MARKET（内国株式）,卸売業,,,,,,,,NO_QUOTE
2025-05-13,5888,ＤＡＩＷＡ　ＣＹＣＬＥ,グロース（内国株式）,小売業,4200,4245,4125,4220,45,1.077844,6900,OK
2025-05-13,5889,Ｊａｐａｎ　Ｅｙｅｗｅａｒ　Ｈｏｌｄｉｎｇｓ,スタンダード（内国株式）,小売業,2417,2421,2385,2404,20,0.838926,65600,OK
2025-05-13,5890,オフィスバスターズ,TOKYO PRO MARKET（内国株式）,小売業,,,,,,,,NO_QUOTE
2025-05-13,5891,魁力屋,スタンダード（内国株式）,小売業,1806,1819,1798,1814,12,0.665927,9500,OK
2025-05-13,5892,ｙｕｔｏｒｉ,グロース（内国株式）,小売業,2712,3160,2712,2998,247,8.978553,668500,OK
2025-05-13,5893,ＲＡＶＩＰＡ,TOKYO PRO MARKET（内国株式）,小売業,,,,,,,,NO_QUOTE
2025-05-13,5900,ダイケン,スタンダード（内国株式）,金属製品,787,787,785,785,-5,-0.632911,500,OK
2025-05-13,5901,東洋製罐グループホールディングス,プライム（内国株式）,金属製品,2550,2573,2546.5,2550,6,0.235849,227200,OK
2025-05-13,5902,ホッカンホールディングス,プライム（内国株式）,金属製品,1931,1931,1876,1916,-15,-0.7768,33200,OK
2025-05-13,5903,シンポ,スタンダード（内国株式）,金属製品,1218,1249,1218,1230,18,1.485149,2300,OK
2025-05-13,5905,日本製罐,スタンダード（内国株式）,金属製品,,,,,,,,NO_QUOTE
2025-05-13,5906,エムケー精工,スタンダード（内国株式）,金属製品,436,436,431,431,-5,-1.146789,17900,OK
2025-05-13,5909,コロナ,スタンダード（内国株式）,金属製品,915,915,909,909,-5,-0.547046,5000,OK
2025-05-13,5911,横河ブリッジホールディングス,プライム（内国株式）,金属製品,2658,2660,2623,2635,-22,-0.828002,104500,OK
2025-05-13,5915,駒井ハルテック,プライム（内国株式）,金属製品,1620,1648,1619,1622,21,1.31168,44900,OK
2025-05-13,5918,瀧上工業,スタンダード（内国株式）,金属製品,,,,,,,,NO_QUOTE
2025-05-13,5921,川岸工業,スタンダード（内国株式）,金属製品,3630,3710,3630,3650,-45,-1.217862,500,OK
2025-05-13,5922,那須電機鉄工,スタンダード（内国株式）,金属製品,13550,13650,13550,13650,350,2.631579,400,OK
2025-05-13,5923,高田機工,スタンダード（内国株式）,金属製品,1065,1080,1059,1080,19,1.790763,9800,OK
2025-05-13,5928,アルメタックス,スタンダード（内国株式）,金属製品,252,269,252,252,0,0,130600,OK
2025-05-13,5929,三和ホールディングス,プライム（内国株式）,金属製品,5021,5039,4765,4821,-130,-2.625732,686600,OK
2025-05-13,5930,文化シヤッター,プライム（内国株式）,金属製品,2178,2178,2154,2162,2,0.092593,69200,OK
2025-05-13,5932,三協立山,プライム（内国株式）,金属製品,643,643,631,631,-5,-0.786164,30900,OK
2025-05-13,5933,アルインコ,プライム（内国株式）,金属製品,1024,1024,1005,1006,-13,-1.275761,31900,OK
2025-05-13,5936,東洋シヤッター,スタンダード（内国株式）,金属製品,817,817,805,809,2,0.247831,4800,OK
2025-05-13,5938,ＬＩＸＩＬ,プライム（内国株式）,金属製品,1668.5,1676,1652.5,1656,1.5,0.090662,1146900,OK
2025-05-13,5939,大谷工業,スタンダード（内国株式）,金属製品,5650,5650,5450,5490,-40,-0.723327,4600,OK
2025-05-13,5940,不二サッシ,スタンダード（内国株式）,金属製品,704,704,686,691,-12,-1.70697,23900,OK
2025-05-13,5941,中西製作所,スタンダード（内国株式）,金属製品,2421,2421,2415,2416,-4,-0.165289,1200,OK
2025-05-13,5942,日本フイルコン,スタンダード（内国株式）,金属製品,522,522,516,520,-1,-0.191939,24200,OK
2025-05-13,5943,ノーリツ,プライム（内国株式）,金属製品,1807,1813,1780,1791,-5,-0.278396,87100,OK
2025-05-13,5945,天龍製鋸,スタンダード（内国株式）,金属製品,1860,1860,1824,1850,-10,-0.537634,2200,OK
2025-05-13,5946,長府製作所,プライム（内国株式）,金属製品,1812,1818,1800,1811,8,0.443705,34000,OK
2025-05-13,5947,リンナイ,プライム（内国株式）,金属製品,3655,3668,3597,3597,-28,-0.772414,528400,OK
2025-05-13,5949,ユニプレス,プライム（内国株式）,輸送用機器,1042,1058,1036,1036,15,1.469148,161800,OK
2025-05-13,5950,日本パワーファスニング,スタンダード（内国株式）,金属製品,213,215,202,203,-10,-4.694836,357900,OK
2025-05-13,5951,ダイニチ工業,スタンダード（内国株式）,金属製品,654,660,652,659,5,0.764526,13000,OK
2025-05-13,5952,アマテイ,スタンダード（内国株式）,金属製品,160,162,159,162,2,1.25,130700,OK
2025-05-13,5955,ワイズホールディングス,スタンダード（内国株式）,金属製品,76,76,74,76,0,0,664400,OK
2025-05-13,5956,トーソー,スタンダード（内国株式）,金属製品,530,533,524,529,8,1.535509,11000,OK
2025-05-13,5957,日東精工,プライム（内国株式）,金属製品,594,599,590,593,1,0.168919,50500,OK
2025-05-13,5958,三洋工業,スタンダード（内国株式）,金属製品,3475,3510,3470,3495,55,1.598837,20800,OK
2025-05-13,5959,岡部,プライム（内国株式）,金属製品,858,860,845,845,-10,-1.169591,51300,OK
2025-05-13,5962,浅香工業,スタンダード（内国株式）,その他製品,1543,1545,1522,1536,-9,-0.582524,4600,OK
2025-05-13,5965,フジマック,スタンダード（内国株式）,金属製品,1033,1070,946,963,-52,-5.123153,117200,OK
2025-05-13,5966,京都機械工具,スタンダード（内国株式）,金属製品,2739,2739,2701,2701,-9,-0.332103,700,OK
2025-05-13,5967,ＴＯＮＥ,スタンダード（内国株式）,金属製品,523,525,520,521,-2,-0.382409,4500,OK
2025-05-13,5969,ロブテックス,スタンダード（内国株式）,金属製品,1202,1202,1202,1202,0,0,100,OK
2025-05-13,5970,ジーテクト,プライム（内国株式）,金属製品,1642,1655,1636,1653,36,2.226345,64200,OK
2025-05-13,5971,共和工業所,スタンダード（内国株式）,金属製品,5520,5520,5450,5490,20,0.365631,800,OK
2025-05-13,5973,トーアミ,スタンダード（内国株式）,金属製品,531,539,531,535,7,1.325758,800,OK
2025-05-13,5974,中国工業,スタンダード（内国株式）,金属製品,544,555,541,552,9,1.657459,12700,OK
2025-05-13,5975,東プレ,プライム（内国株式）,金属製品,1860,1877,1840,1857,28,1.530891,72200,OK
2025-05-13,5976,高周波熱錬,プライム（内国株式）,金属製品,1091,1091,1063,1091,150,15.940489,778700,OK
2025-05-13,5981,東京製綱,プライム（内国株式）,金属製品,1281,1286,1262,1266,-12,-0.938967,27600,OK
2025-05-13,5982,マルゼン,スタンダード（内国株式）,金属製品,3405,3410,3390,3410,10,0.294118,2800,OK
2025-05-13,5983,イワブチ,スタンダード（内国株式）,金属製品,6340,6360,6340,6340,80,1.277955,400,OK
2025-05-13,5984,兼房,スタンダード（内国株式）,金属製品,671,677,671,677,7,1.044776,900,OK
2025-05-13,5985,サンコール,スタンダード（内国株式）,金属製品,324,324,320,320,-1,-0.311526,40400,OK
2025-05-13,5986,モリテック　スチール,スタンダード（内国株式）,金属製品,179,179,176,178,0,0,60100,OK
2025-05-13,5987,オーネックス,スタンダード（内国株式）,金属製品,,,,,,,,NO_QUOTE
2025-05-13,5988,パイオラックス,プライム（内国株式）,金属製品,2159,2186,2118,2131,-16,-0.745226,97700,OK
2025-05-13,5989,エイチワン,プライム（内国株式）,金属製品,1140,1160,1123,1139,2,0.175901,130600,OK
2025-05-13,5990,スーパーツール,スタンダード（内国株式）,金属製品,1966,1966,1961,1961,-5,-0.254323,800,OK
2025-05-13,5991,日本発條,プライム（内国株式）,金属製品,1669,1675,1641,1648.5,0.5,0.03034,578000,OK
2025-05-13,5992,中央発條,スタンダード（内国株式）,金属製品,1565,1600,1558,1576,26,1.677419,20900,OK
2025-05-13,5994,ファインシンター,スタンダード（内国株式）,金属製品,785,800,784,800,23,2.960103,5800,OK
2025-05-13,5997,協立エアテック,スタンダード（内国株式）,金属製品,600,620,590,597,7,1.186441,24100,OK
2025-05-13,5998,アドバネクス,スタンダード（内国株式）,金属製品,870,877,866,870,-2,-0.229358,3000,OK
2025-05-13,6005,三浦工業,プライム（内国株式）,機械,3210,3233,3168,3190,35,1.10935,294900,OK
2025-05-13,6013,タクマ,プライム（内国株式）,機械,1881,1890,1875,1881,0,0,213800,OK
2025-05-13,6016,ジャパンエンジンコーポレーション,スタンダード（内国株式）,輸送用機器,3475,3610,3320,3610,250,7.440476,206700,OK
2025-05-13,6018,阪神内燃機工業,スタンダード（内国株式）,輸送用機器,2540,2552,2489,2534,-55,-2.124372,6400,OK
2025-05-13,6022,赤阪鐵工所,スタンダード（内国株式）,機械,1848,1848,1748,1762,-59,-3.239978,1900,OK
2025-05-13,6023,ダイハツディーゼル,スタンダード（内国株式）,輸送用機器,1833,1885,1803,1880,81,4.502501,206000,OK
2025-05-13,6026,ＧＭＯ　ＴＥＣＨ,グロース（内国株式）,サービス業,9550,9550,9280,9520,80,0.847458,10100,OK
2025-05-13,6027,弁護士ドットコム,グロース（内国株式）,サービス業,2696,2742,2687,2692,17,0.635514,131100,OK
2025-05-13,6028,テクノプロ・ホールディングス,プライム（内国株式）,サービス業,3392,3398,3358,3380,39,1.167315,263200,OK
2025-05-13,6029,アトラグループ,スタンダード（内国株式）,サービス業,140,161,137,150,10,7.142857,4241500,OK
2025-05-13,6030,アドベンチャー,グロース（内国株式）,サービス業,3950,4350,3720,3955,70,1.801802,119300,OK
2025-05-13,6031,ＺＥＴＡ,グロース（内国株式）,サービス業,338,341,325,325,-27,-7.670455,340700,OK
2025-05-13,6033,エクストリーム,グロース（内国株式）,サービス業,1220,1250,1202,1247,30,2.465078,26600,OK
2025-05-13,6034,ＭＲＴ,グロース（内国株式）,サービス業,695,695,679,687,-5,-0.722543,7500,OK
2025-05-13,6035,アイ・アールジャパンホールディングス,プライム（内国株式）,サービス業,760,760,737,742,-11,-1.460823,45100,OK
2025-05-13,6036,ＫｅｅＰｅｒ技研,プライム（内国株式）,サービス業,4320,4400,4320,4350,35,0.811124,83000,OK
2025-05-13,6037,楽待,スタンダード（内国株式）,サービス業,885,887,867,879,-8,-0.901917,84200,OK
2025-05-13,6038,イード,グロース（内国株式）,サービス業,864,864,858,863,2,0.232288,6100,OK
2025-05-13,6039,日本動物高度医療センター,グロース（内国株式）,サービス業,2649,2649,2606,2636,-1,-0.037922,3600,OK
2025-05-13,6040,日本スキー場開発,グロース（内国株式）,サービス業,432,444,428,436,6,1.395349,268200,OK
2025-05-13,6042,ニッキ,スタンダード（内国株式）,輸送用機器,2644,2644,2589,2600,-47,-1.775595,900,OK
2025-05-13,6044,三機サービス,スタンダード（内国株式）,サービス業,1115,1120,1112,1119,8,0.720072,4000,OK
2025-05-13,6045,レントラックス,グロース（内国株式）,サービス業,1030,1030,1018,1019,-7,-0.682261,12100,OK
2025-05-13,6046,リンクバル,グロース（内国株式）,サービス業,117,118,114,116,2,1.754386,89400,OK
2025-05-13,6047,Ｇｕｎｏｓｙ,プライム（内国株式）,サービス業,615,621,610,616,9,1.482702,109200,OK
2025-05-13,6048,デザインワン・ジャパン,スタンダード（内国株式）,サービス業,113,114,113,114,1,0.884956,34800,OK
2025-05-13,6049,イトクロ,グロース（内国株式）,サービス業,253,277,252,266,14,5.555556,1373800,OK
2025-05-13,6050,イー・ガーディアン,プライム（内国株式）,サービス業,2200,2209,2022,2045,-124,-5.71692,164400,OK
2025-05-13,6054,リブセンス,スタンダード（内国株式）,サービス業,142,142,138,139,-2,-1.41844,21600,OK
2025-05-13,6055,ジャパンマテリアル,プライム（内国株式）,サービス業,1322,1411,1296,1355,59,4.552469,887500,OK
2025-05-13,6058,ベクトル,プライム（内国株式）,サービス業,920,931,914,924,10,1.094092,217000,OK
2025-05-13,6059,ウチヤマホールディングス,スタンダード（内国株式）,サービス業,307,316,300,306,4,1.324503,73600,OK
2025-05-13,6060,こころネット,スタンダード（内国株式）,サービス業,1013,1014,955,955,13,1.380042,11700,OK
2025-05-13,6061,ユニバーサル園芸社,スタンダード（内国株式）,サービス業,4260,4290,4250,4290,35,0.822562,1700,OK
2025-05-13,6062,チャーム・ケア・コーポレーション,プライム（内国株式）,サービス業,1262,1276,1253,1253,-9,-0.713154,47300,OK
2025-05-13,6063,日本エマージェンシーアシスタンス,スタンダード（内国株式）,サービス業,1150,1170,1150,1170,10,0.862069,1400,OK
2025-05-13,6069,トレンダーズ,グロース（内国株式）,サービス業,946,946,931,942,7,0.748663,29300,OK
2025-05-13,6070,キャリアリンク,プライム（内国株式）,サービス業,2163,2179,2158,2166,3,0.138696,18800,OK
2025-05-13,6071,ＩＢＪ,プライム（内国株式）,サービス業,801,808,730,751,-22,-2.846054,1143900,OK
2025-05-13,6072,地盤ネットホールディングス,グロース（内国株式）,サービス業,172,172,168,171,1,0.588235,155300,OK
2025-05-13,6073,アサンテ,プライム（内国株式）,サービス業,1644,1644,1620,1620,-12,-0.735294,10700,OK
2025-05-13,6074,ジェイエスエス,スタンダード（内国株式）,サービス業,416,420,416,416,-4,-0.952381,3600,OK
2025-05-13,6078,バリューＨＲ,プライム（内国株式）,サービス業,1605,1686,1583,1620,16,0.997506,86300,OK
2025-05-13,6080,Ｍ＆Ａキャピタルパートナーズ,プライム（内国株式）,サービス業,2755,2804,2742,2745,-8,-0.290592,98500,OK
2025-05-13,6081,アライドアーキテクツ,グロース（内国株式）,サービス業,177,181,176,181,3,1.685393,21000,OK
2025-05-13,6082,ライドオンエクスプレスホールディングス,スタンダード（内国株式）,サービス業,1010,1010,1000,1000,-7,-0.695134,6600,OK
2025-05-13,6083,ＥＲＩホールディングス,スタンダード（内国株式）,サービス業,2073,2090,2058,2069,14,0.681265,5000,OK
2025-05-13,6085,アーキテクツ・スタジオ・ジャパン,グロース（内国株式）,サービス業,185,194,185,192,6,3.225806,360300,OK
2025-05-13,6086,シンメンテホールディングス,グロース（内国株式）,サービス業,758,769,757,761,3,0.395778,15400,OK
2025-05-13,6087,アビスト,スタンダード（内国株式）,サービス業,3170,3190,3160,3190,20,0.630915,2400,OK
2025-05-13,6088,シグマクシス・ホールディングス,プライム（内国株式）,サービス業,1078,1098,1058,1084,3,0.277521,520300,OK
2025-05-13,6089,ウィルグループ,プライム（内国株式）,サービス業,955,965,931,931,-39,-4.020619,51700,OK
2025-05-13,6090,ヒューマン・メタボローム・テクノロジーズ,グロース（内国株式）,サービス業,670,682,670,679,9,1.343284,2600,OK
2025-05-13,6091,ウエスコホールディングス,スタンダード（内国株式）,サービス業,664,665,660,660,-4,-0.60241,3700,OK
2025-05-13,6092,エンバイオ・ホールディングス,スタンダード（内国株式）,サービス業,583,588,572,576,-5,-0.860585,15400,OK
2025-05-13,6093,エスクロー・エージェント・ジャパン,スタンダード（内国株式）,サービス業,134,136,133,136,2,1.492537,160700,OK
2025-05-13,6094,フリークアウト・ホールディングス,グロース（内国株式）,サービス業,530,542,526,539,7,1.315789,20100,OK
2025-05-13,6095,メドピア,プライム（内国株式）,サービス業,472,481,472,478,7,1.4862,61000,OK
2025-05-13,6096,レアジョブ,スタンダード（内国株式）,サービス業,401,403,400,400,2,0.502513,8600,OK
2025-05-13,6098,リクルートホールディングス,プライム（内国株式）,サービス業,8755,9071,8676,8978,641,7.688617,8542800,OK
2025-05-13,6099,エラン,プライム（内国株式）,サービス業,771,793,757,763,-22,-2.802548,205000,OK
2025-05-13,6101,ツガミ,プライム（内国株式）,機械,1880,1920,1774,1885,35,1.891892,951400,OK
2025-05-13,6103,オークマ,プライム（内国株式）,機械,3705,3785,3570,3595,55,1.553672,510600,OK
2025-05-13,6104,芝浦機械,プライム（内国株式）,機械,3570,3625,3365,3370,-315,-8.548168,363800,OK
2025-05-13,6113,アマダ,プライム（内国株式）,機械,1533,1549,1520.5,1530.5,28,1.863561,1267100,OK
2025-05-13,6118,アイダエンジニアリング,プライム（内国株式）,機械,934,939,923,934,13,1.411509,392900,OK
2025-05-13,6125,岡本工作機械製作所,スタンダード（内国株式）,機械,3950,4020,3900,4015,125,3.213368,48000,OK
2025-05-13,6131,浜井産業,スタンダード（内国株式）,機械,1316,1379,1315,1315,-2,-0.15186,49700,OK
2025-05-13,6134,ＦＵＪＩ,プライム（内国株式）,機械,2200,2227,2150,2168,2,0.092336,383200,OK
2025-05-13,6135,牧野フライス製作所,プライム（内国株式）,機械,9190,9820,9100,9670,550,6.030702,364100,OK
2025-05-13,6136,オーエスジー,プライム（内国株式）,機械,1700.5,1718.5,1699,1701,8.5,0.502216,382100,OK
2025-05-13,6137,小池酸素工業,スタンダード（内国株式）,機械,1167,1185,1126,1167,-60,-4.889976,128200,OK
2025-05-13,6138,ダイジェット工業,スタンダード（内国株式）,機械,710,814,710,765,55,7.746479,114400,OK
2025-05-13,6140,旭ダイヤモンド工業,プライム（内国株式）,機械,798,801,792,799,11,1.395939,150800,OK
2025-05-13,6141,ＤＭＧ森精機,プライム（内国株式）,機械,3010,3110,2993,3018,124,4.284727,2258700,OK
2025-05-13,6143,ソディック,プライム（内国株式）,機械,839,890,816,871,50,6.090134,536200,OK
2025-05-13,6144,西部電機,スタンダード（内国株式）,機械,1860,1889,1860,1870,10,0.537634,1100,OK
2025-05-13,6145,ＮＩＴＴＯＫＵ,スタンダード（内国株式）,機械,1915,1916,1811,1826,-89,-4.64752,168900,OK
2025-05-13,6146,ディスコ,プライム（内国株式）,機械,34300,34700,33320,33320,410,1.245822,6866200,OK
2025-05-13,6147,ヤマザキ,スタンダード（内国株式）,機械,296,313,293,295,-2,-0.673401,56700,OK
2025-05-13,6149,小田原エンジニアリング,スタンダード（内国株式）,機械,2010,2026,2000,2000,1,0.050025,14800,OK
2025-05-13,6150,タケダ機械,スタンダード（内国株式）,機械,3305,3310,3275,3275,-30,-0.907716,5100,OK
2025-05-13,6151,日東工器,プライム（内国株式）,機械,1767,1770,1725,1734,-22,-1.252847,12300,OK
2025-05-13,6155,高松機械工業,スタンダード（内国株式）,機械,484,487,470,475,-10,-2.061856,7400,OK
2025-05-13,6156,エーワン精密,スタンダード（内国株式）,機械,1874,1880,1860,1871,0,0,21500,OK
2025-05-13,6157,日進工具,プライム（内国株式）,機械,701,706,701,703,3,0.428571,14100,OK
2025-05-13,6158,和井田製作所,スタンダード（内国株式）,機械,900,900,870,885,0,0,7100,OK
2025-05-13,6159,ミクロン精密,スタンダード（内国株式）,機械,1503,1503,1503,1503,0,0,200,OK
2025-05-13,6161,エスティック,スタンダード（内国株式）,機械,875,875,864,870,6,0.694444,77700,OK
2025-05-13,6165,パンチ工業,スタンダード（内国株式）,機械,393,398,392,397,7,1.794872,42800,OK
2025-05-13,6166,中村超硬,グロース（内国株式）,機械,316,321,305,314,3,0.96463,68800,OK
2025-05-13,6167,冨士ダイス,プライム（内国株式）,機械,718,718,703,704,-5,-0.705219,33900,OK
2025-05-13,6168,ＯＮＥ　ＧＲＯＵＰ,TOKYO PRO MARKET（内国株式）,機械,,,,,,,,NO_QUOTE
2025-05-13,6171,土木管理総合試験所,スタンダード（内国株式）,サービス業,350,355,350,350,4,1.156069,40200,OK
2025-05-13,6173,アクアライン,グロース（内国株式）,サービス業,331,338,329,335,9,2.760736,25100,OK
2025-05-13,6174,デンタス,TOKYO PRO MARKET（内国株式）,サービス業,,,,,,,,NO_QUOTE
2025-05-13,6176,ブランジスタ,グロース（内国株式）,サービス業,588,590,577,586,2,0.342466,13700,OK
2025-05-13,6177,ＡｐｐＢａｎｋ,グロース（内国株式）,サービス業,85,86,84,85,1,1.190476,333500,OK
2025-05-13,6178,日本郵政,プライム（内国株式）,サービス業,1441.5,1445,1420,1426.5,14,0.99115,6837400,OK
2025-05-13,6180,ＧＭＯメディア,グロース（内国株式）,サービス業,4815,4830,4715,4800,0,0,6800,OK
2025-05-13,6181,タメニー,グロース（内国株式）,サービス業,132,135,128,132,3,2.325581,602200,OK
2025-05-13,6182,メタリアル,グロース（内国株式）,サービス業,538,538,527,531,-6,-1.117318,46400,OK
2025-05-13,6183,ベルシステム２４ホールディングス,プライム（内国株式）,サービス業,1254,1258,1235,1236,-18,-1.435407,103200,OK
2025-05-13,6184,鎌倉新書,プライム（内国株式）,サービス業,479,480,474,474,-4,-0.83682,88900,OK
2025-05-13,6185,ＳＭＮ,スタンダード（内国株式）,サービス業,450,458,430,430,-24,-5.286344,222600,OK
2025-05-13,6186,一蔵,スタンダード（内国株式）,サービス業,385,390,385,387,2,0.519481,1600,OK
2025-05-13,6189,グローバルキッズＣＯＭＰＡＮＹ,スタンダード（内国株式）,サービス業,674,678,667,675,9,1.351351,14500,OK
2025-05-13,6190,フェニックスバイオ,グロース（内国株式）,サービス業,341,404,341,400,51,14.613181,652700,OK
2025-05-13,6191,エアトリ,プライム（内国株式）,サービス業,975,993,973,973,0,0,70800,OK
2025-05-13,6193,バーチャレクス・ホールディングス,グロース（内国株式）,サービス業,868,870,853,870,4,0.461894,2100,OK
2025-05-13,6194,アトラエ,プライム（内国株式）,サービス業,736,742,730,740,14,1.928375,112800,OK
2025-05-13,6195,ホープ,グロース（内国株式）,サービス業,208,213,207,210,2,0.961538,29100,OK
2025-05-13,6196,ストライク,プライム（内国株式）,サービス業,3580,3670,3560,3585,5,0.139665,153900,OK
2025-05-13,6197,ソラスト,プライム（内国株式）,サービス業,436,436,423,426,-9,-2.068966,413600,OK
2025-05-13,6198,キャリア,グロース（内国株式）,サービス業,325,327,318,323,-3,-0.920245,4800,OK
2025-05-13,6199,セラク,スタンダード（内国株式）,サービス業,1508,1508,1475,1475,-14,-0.940228,31500,OK
2025-05-13,6200,インソース,プライム（内国株式）,サービス業,952,965,945,959,22,2.347919,418300,OK
2025-05-13,6201,豊田自動織機,プライム（内国株式）,輸送用機器,17375,17410,16830,16940,-345,-1.99595,1145100,OK
2025-05-13,6203,豊和工業,スタンダード（内国株式）,機械,1150,1150,1113,1136,-5,-0.438212,350300,OK
2025-05-13,6208,石川製作所,スタンダード（内国株式）,機械,1404,1404,1364,1375,-23,-1.645207,117300,OK
2025-05-13,6209,リケンＮＰＲ,プライム（内国株式）,機械,2499,2519,2479,2502,24,0.968523,64000,OK
2025-05-13,6210,ＴＯＹＯイノベックス,スタンダード（内国株式）,機械,587,593,587,593,7,1.194539,25100,OK
2025-05-13,6217,津田駒工業,スタンダード（内国株式）,機械,385,385,382,385,4,1.049869,1900,OK
2025-05-13,6218,エンシュウ,スタンダード（内国株式）,機械,455,456,452,456,0,0,3600,OK
2025-05-13,6222,島精機製作所,プライム（内国株式）,機械,913,925,894,905,7,0.77951,285900,OK
2025-05-13,6223,西部技研,スタンダード（内国株式）,機械,1569,1599,1540,1548,-17,-1.086262,104600,OK
2025-05-13,6224,ＪＲＣ,グロース（内国株式）,機械,976,992,969,984,23,2.39334,86700,OK
2025-05-13,6226,守谷輸送機工業,スタンダード（内国株式）,機械,3185,3245,2901,3210,316,10.919143,502000,OK
2025-05-13,6227,ＡＩメカテック,スタンダード（内国株式）,機械,2954,3020,2889,2939,69,2.404181,174300,OK
2025-05-13,6228,ジェイ・イー・ティ,スタンダード（内国株式）,機械,800,801,777,778,-10,-1.269036,38800,OK
2025-05-13,6229,オーケーエム,スタンダード（内国株式）,機械,1294,1314,1292,1295,-1,-0.07716,9500,OK
2025-05-13,6230,ＳＡＮＥＩ,スタンダード（内国株式）,機械,1982,1982,1971,1971,0,0,2100,OK
2025-05-13,6231,木村工機,スタンダード（内国株式）,機械,9390,9470,9130,9130,-260,-2.768903,9500,OK
2025-05-13,6232,ＡＣＳＬ,グロース（内国株式）,機械,1033,1044,1016,1040,9,0.872939,330100,OK
2025-05-13,6233,ＫＬＡＳＳ,スタンダード（内国株式）,機械,431,461,414,416,-7,-1.654846,210300,OK
2025-05-13,6235,オプトラン,プライム（内国株式）,機械,1500,1515,1481,1490,15,1.016949,121000,OK
2025-05-13,6237,イワキ,プライム（内国株式）,機械,2391,2419,2376,2378,2,0.084175,12400,OK
2025-05-13,6238,フリュー,プライム（内国株式）,機械,937,945,933,937,6,0.644468,71800,OK
2025-05-13,6239,ナガオカ,スタンダード（内国株式）,機械,1227,1338,1225,1262,-25,-1.942502,108600,OK
2025-05-13,6240,ヤマシンフィルタ,プライム（内国株式）,機械,580,583,564,570,14,2.517986,673100,OK
2025-05-13,6245,ヒラノテクシード,スタンダード（内国株式）,機械,1482,1495,1425,1436,-1,-0.069589,125300,OK
2025-05-13,6246,テクノスマート,スタンダード（内国株式）,機械,1592,1618,1592,1601,5,0.313283,5000,OK
2025-05-13,6247,日阪製作所,プライム（内国株式）,機械,1015,1019,1008,1010,0,0,16900,OK
2025-05-13,6248,横田製作所,スタンダード（内国株式）,機械,1523,1523,1485,1500,-12,-0.793651,9900,OK
2025-05-13,6249,ゲームカード・ジョイコホールディングス,スタンダード（内国株式）,機械,2090,2107,2073,2085,9,0.433526,47600,OK
2025-05-13,6250,やまびこ,プライム（内国株式）,機械,2318,2337,2173,2211,-62,-2.727673,132700,OK
2025-05-13,6254,野村マイクロ・サイエンス,プライム（内国株式）,機械,2560,2569,2486,2520,10,0.398406,1047600,OK
2025-05-13,6255,エヌ・ピー・シー,グロース（内国株式）,機械,770,782,745,751,-11,-1.44357,489600,OK
2025-05-13,6257,藤商事,スタンダード（内国株式）,機械,1060,1079,1047,1047,-13,-1.226415,53700,OK
2025-05-13,6258,平田機工,プライム（内国株式）,機械,1861,1910,1855,1870,44,2.409639,464100,OK
2025-05-13,6262,ＰＥＧＡＳＵＳ,プライム（内国株式）,機械,525,575,496,530,4,0.760456,744100,OK
2025-05-13,6264,マルマエ,プライム（内国株式）,機械,1293,1301,1261,1272,20,1.597444,117500,OK
2025-05-13,6265,コンバム,スタンダード（内国株式）,機械,,,,,,,,NO_QUOTE
2025-05-13,6266,タツモ,プライム（内国株式）,機械,1921,1946,1880,1935,57,3.035144,284200,OK
2025-05-13,6267,ゼネラルパッカー,スタンダード（内国株式）,機械,2750,2760,2750,2760,9,0.327154,800,OK
2025-05-13,6268,ナブテスコ,プライム（内国株式）,機械,2519.5,2548,2497,2517,68,2.776644,882100,OK
2025-05-13,6269,三井海洋開発,プライム（内国株式）,機械,4600,4790,4230,4755,380,8.685714,1818800,OK
2025-05-13,6272,レオン自動機,プライム（内国株式）,機械,1222,1242,1221,1231,0,0,62200,OK
2025-05-13,6273,ＳＭＣ,プライム（内国株式）,機械,50850,51730,50350,50370,1840,3.791469,414300,OK
2025-05-13,6276,シリウスビジョン,スタンダード（内国株式）,電気機器,275,291,272,273,-2,-0.727273,353800,OK
2025-05-13,6277,ホソカワミクロン,プライム（内国株式）,機械,3995,4020,3945,3955,-10,-0.252207,19800,OK
2025-05-13,6278,ユニオンツール,プライム（内国株式）,機械,3945,4350,3870,4275,450,11.764706,220400,OK
2025-05-13,6279,瑞光,プライム（内国株式）,機械,1068,1110,1051,1053,-15,-1.404494,152400,OK
2025-05-13,6282,オイレス工業,プライム（内国株式）,機械,2172,2185,2154,2155,-1,-0.046382,32000,OK
2025-05-13,6284,日精エー・エス・ビー機械,プライム（内国株式）,機械,4920,5010,4920,4960,80,1.639344,27600,OK
2025-05-13,6286,靜甲,スタンダード（内国株式）,機械,932,932,910,911,-6,-0.654308,3400,OK
2025-05-13,6287,サトー,プライム（内国株式）,機械,2065,2088,2058,2075,24,1.170161,48700,OK
2025-05-13,6289,技研製作所,プライム（内国株式）,機械,1463,1469,1440,1440,-13,-0.894701,51300,OK
2025-05-13,6291,日本エアーテック,スタンダード（内国株式）,機械,1057,1057,1044,1049,2,0.191022,11100,OK
2025-05-13,6292,カワタ,スタンダード（内国株式）,機械,735,745,731,734,-1,-0.136054,19100,OK
2025-05-13,6293,日精樹脂工業,プライム（内国株式）,機械,840,845,834,844,8,0.956938,29100,OK
2025-05-13,6294,オカダアイヨン,プライム（内国株式）,機械,1920,1935,1901,1929,15,0.783699,15900,OK
2025-05-13,6297,鉱研工業,スタンダード（内国株式）,機械,506,518,500,511,33,6.903766,145900,OK
2025-05-13,6298,ワイエイシイホールディングス,プライム（内国株式）,機械,870,872,843,843,-7,-0.823529,88200,OK
2025-05-13,6301,小松製作所,プライム（内国株式）,機械,4460,4487,4413,4455,152,3.532419,3605600,OK
2025-05-13,6302,住友重機械工業,プライム（内国株式）,機械,3115,3159,3065,3075,30,0.985222,784800,OK
2025-05-13,6305,日立建機,プライム（内国株式）,機械,4501,4538,4458,4469,38,0.857594,816700,OK
2025-05-13,6306,日工,プライム（内国株式）,機械,694,696,686,686,-8,-1.152738,38000,OK
2025-05-13,6307,サンセイ,スタンダード（内国株式）,機械,391,396,388,393,2,0.511509,22900,OK
2025-05-13,6309,巴工業,プライム（内国株式）,機械,1413,1413,1396,1413,4,0.283889,71300,OK
2025-05-13,6310,井関農機,プライム（内国株式）,機械,1036,1043,1025,1033,5,0.486381,45300,OK
2025-05-13,6312,フロイント産業,スタンダード（内国株式）,機械,742,742,731,739,-2,-0.269906,4500,OK
2025-05-13,6315,ＴＯＷＡ,プライム（内国株式）,機械,1580,1620,1506,1522,22,1.466667,5214700,OK
2025-05-13,6316,丸山製作所,スタンダード（内国株式）,機械,2018,2022,2000,2008,8,0.4,2700,OK
2025-05-13,6317,北川鉄工所,スタンダード（内国株式）,機械,1298,1305,1256,1305,37,2.917981,40400,OK
2025-05-13,6319,シンニッタン,スタンダード（内国株式）,鉄鋼,402,403,402,402,0,0,77600,OK
2025-05-13,6322,タクミナ,スタンダード（内国株式）,機械,1533,1538,1533,1536,4,0.261097,1100,OK
2025-05-13,6323,ローツェ,プライム（内国株式）,機械,1660,1679.5,1633,1648,45.5,2.839314,2499300,OK
2025-05-13,6324,ハーモニック・ドライブ・システムズ,スタンダード（内国株式）,機械,3980,4185,3790,3800,100,2.702703,3289600,OK
2025-05-13,6325,タカキタ,スタンダード（内国株式）,機械,364,364,362,364,3,0.831025,4300,OK
2025-05-13,6326,クボタ,プライム（内国株式）,機械,1662,1687,1653,1668.5,56.5,3.504963,6407800,OK
2025-05-13,6327,北川精機,スタンダード（内国株式）,機械,620,625,616,625,10,1.626016,8900,OK
2025-05-13,6328,荏原実業,プライム（内国株式）,機械,3445,3470,3405,3435,30,0.881057,9500,OK
2025-05-13,6330,東洋エンジニアリング,プライム（内国株式）,建設業,684,688,667,670,-2,-0.297619,139700,OK
2025-05-13,6331,三菱化工機,プライム（内国株式）,機械,1329,1334,1298,1309,-1,-0.076336,69900,OK
2025-05-13,6332,月島ホールディングス,プライム（内国株式）,機械,2085,2104,2041,2081,-32,-1.514434,251600,OK
2025-05-13,6333,帝国電機製作所,プライム（内国株式）,機械,3050,3155,3025,3110,148,4.996624,65200,OK
2025-05-13,6334,明治機械,スタンダード（内国株式）,機械,288,307,283,288,0,0,75700,OK
2025-05-13,6335,東京機械製作所,スタンダード（内国株式）,機械,376,377,366,375,-20,-5.063291,44200,OK
2025-05-13,6336,石井表記,スタンダード（内国株式）,機械,577,577,571,574,4,0.701754,4200,OK
2025-05-13,6337,テセック,スタンダード（内国株式）,機械,1429,1430,1402,1426,6,0.422535,17500,OK
2025-05-13,6338,タカトリ,スタンダード（内国株式）,機械,1520,1546,1502,1502,1,0.066622,67700,OK
2025-05-13,6339,新東工業,プライム（内国株式）,機械,886,889,871,871,22,2.591284,182300,OK
2025-05-13,6340,澁谷工業,プライム（内国株式）,機械,3155,3175,3100,3120,35,1.134522,35500,OK
2025-05-13,6342,太平製作所,スタンダード（内国株式）,機械,2850,2850,2762,2762,-54,-1.917614,4700,OK
2025-05-13,6343,フリージア・マクロス,スタンダード（内国株式）,機械,102,102,98,99,-1,-1,887900,OK
2025-05-13,6345,アイチ　コーポレーション,プライム（内国株式）,機械,1390,1392,1371,1387,8,0.580131,157800,OK
2025-05-13,6346,キクカワエンタープライズ,スタンダード（内国株式）,機械,5850,5860,5820,5860,50,0.860585,600,OK
2025-05-13,6347,プラコー,スタンダード（内国株式）,機械,199,199,198,198,0,0,21400,OK
2025-05-13,6349,小森コーポレーション,プライム（内国株式）,機械,1350,1358,1330,1335,7,0.527108,91800,OK
2025-05-13,6351,鶴見製作所,プライム（内国株式）,機械,3485,3890,3340,3635,160,4.604317,80000,OK
2025-05-13,6356,日本ギア工業,スタンダード（内国株式）,機械,495,504,462,466,-25,-5.09165,250700,OK
2025-05-13,6357,三精テクノロジーズ,スタンダード（内国株式）,機械,1490,1529,1477,1495,27,1.839237,196500,OK
2025-05-13,6358,酒井重工業,プライム（内国株式）,機械,2109,2130,2073,2073,-8,-0.384431,13500,OK
2025-05-13,6360,東京自働機械製作所,スタンダード（内国株式）,機械,3700,3815,3680,3735,70,1.909959,11400,OK
2025-05-13,6361,荏原製作所,プライム（内国株式）,機械,2500.5,2520,2440.5,2465,51,2.112676,2735500,OK
2025-05-13,6363,酉島製作所,プライム（内国株式）,機械,2140,2155,2127,2147,43,2.043726,68300,OK
2025-05-13,6364,ＡＩＲＭＡＮ,プライム（内国株式）,機械,1845,1899,1830,1866,47,2.583837,22100,OK
2025-05-13,6365,電業社機械製作所,スタンダード（内国株式）,機械,4180,4195,4105,4180,45,1.088271,3200,OK
2025-05-13,6366,千代田化工建設,スタンダード（内国株式）,建設業,325,327,313,314,-8,-2.484472,1331300,OK
2025-05-13,6367,ダイキン工業,プライム（内国株式）,機械,16400,16875,16370,16745,595,3.684211,1706000,OK
2025-05-13,6368,オルガノ,プライム（内国株式）,機械,7480,7580,7340,7380,30,0.408163,385200,OK
2025-05-13,6369,トーヨーカネツ,プライム（内国株式）,機械,3700,3740,3695,3720,45,1.22449,48200,OK
2025-05-13,6370,栗田工業,プライム（内国株式）,機械,5300,5435,5294,5404,111,2.097109,720000,OK
2025-05-13,6371,椿本チエイン,プライム（内国株式）,機械,1863,1871,1852,1858,11,0.59556,210000,OK
2025-05-13,6373,大同工業,スタンダード（内国株式）,機械,859,865,846,846,0,0,28000,OK
2025-05-13,6376,日機装,プライム（内国株式）,精密機器,1242,1244,1205,1211,8,0.665004,132500,OK
2025-05-13,6378,木村化工機,スタンダード（内国株式）,機械,832,835,810,815,-23,-2.74463,220800,OK
2025-05-13,6379,レイズネクスト,プライム（内国株式）,建設業,1519,1523,1501,1501,-3,-0.199468,24000,OK
2025-05-13,6380,オリエンタルチエン工業,スタンダード（内国株式）,機械,,,,,,,,NO_QUOTE
2025-05-13,6381,アネスト岩田,プライム（内国株式）,機械,1450,1487,1421,1435,32,2.280827,348600,OK
2025-05-13,6382,トリニティ工業,スタンダード（内国株式）,機械,1080,1083,1067,1072,5,0.468604,8800,OK
2025-05-13,6383,ダイフク,プライム（内国株式）,機械,3963,3978,3866,3875,-29,-0.742828,1617800,OK
2025-05-13,6384,昭和真空,スタンダード（内国株式）,機械,1373,1388,1366,1366,-13,-0.942712,10000,OK
2025-05-13,6387,サムコ,プライム（内国株式）,機械,2540,2561,2443,2451,-26,-1.049657,45000,OK
2025-05-13,6390,加藤製作所,プライム（内国株式）,機械,1230,1237,1210,1230,26,2.159468,68700,OK
2025-05-13,6391,加地テック,スタンダード（内国株式）,機械,3430,3430,3285,3290,-70,-2.083333,4100,OK
2025-05-13,6392,ヤマダコーポレーション,スタンダード（内国株式）,機械,4900,4965,4880,4930,-35,-0.704935,1800,OK
2025-05-13,6393,油研工業,スタンダード（内国株式）,機械,2460,2475,2440,2461,17,0.695581,9000,OK
2025-05-13,6395,タダノ,プライム（内国株式）,機械,1006,1018,990.2,1000,31,3.199174,415000,OK
2025-05-13,6396,宇野澤組鐵工所,スタンダード（内国株式）,機械,2849,2849,2849,2849,-50,-1.724733,200,OK
2025-05-13,6400,不二精機,スタンダード（内国株式）,機械,237,242,230,230,-9,-3.76569,80100,OK
2025-05-13,6402,兼松エンジニアリング,スタンダード（内国株式）,機械,1140,1184,1120,1129,-54,-4.564666,148100,OK
2025-05-13,6403,水道機工,スタンダード（内国株式）,機械,1912,1949,1911,1911,-11,-0.57232,6600,OK
2025-05-13,6405,鈴茂器工,スタンダード（内国株式）,機械,2067,2075,1972,1988,-50,-2.453386,118800,OK
2025-05-13,6406,フジテック,プライム（内国株式）,機械,5863,5890,5757,5819,26,0.448818,129800,OK
2025-05-13,6407,ＣＫＤ,プライム（内国株式）,機械,2265,2289,2250,2255,40,1.805869,438300,OK
2025-05-13,6408,小倉クラッチ,スタンダード（内国株式）,機械,3400,3485,3400,3485,115,3.412463,400,OK
2025-05-13,6411,中野冷機,スタンダード（内国株式）,機械,5640,5650,5630,5630,10,0.177936,1700,OK
2025-05-13,6412,平和,プライム（内国株式）,機械,2227,2229,2213,2222,-3,-0.134831,159400,OK
2025-05-13,6413,理想科学工業,プライム（内国株式）,機械,1178,1178,1147,1154,0,0,74700,OK
2025-05-13,6416,桂川電機,スタンダード（内国株式）,機械,680,685,680,685,10,1.481481,1200,OK
2025-05-13,6417,ＳＡＮＫＹＯ,プライム（内国株式）,機械,2275.5,2455.5,2274,2401,125.5,5.515271,3911000,OK
2025-05-13,6418,日本金銭機械,プライム（内国株式）,機械,1008,1014,995,1002,2,0.2,272900,OK
2025-05-13,6419,マースグループホールディングス,プライム（内国株式）,機械,2998,3020,2986,3010,14,0.46729,92800,OK
2025-05-13,6420,ガリレイ,プライム（内国株式）,機械,3050,3090,3015,3065,-5,-0.162866,47300,OK
2025-05-13,6424,高見沢サイバネティックス,スタンダード（内国株式）,機械,1032,1045,1032,1041,11,1.067961,1900,OK
2025-05-13,6425,ユニバーサルエンターテインメント,スタンダード（内国株式）,機械,1072,1103,1061,1097,22,2.046512,443100,OK
2025-05-13,6428,オーイズミ,スタンダード（内国株式）,機械,319,320,315,315,-2,-0.630915,32500,OK
2025-05-13,6430,ダイコク電機,プライム（内国株式）,機械,2559,2575,2550,2555,4,0.156801,46700,OK
2025-05-13,6432,竹内製作所,プライム（内国株式）,機械,4775,4855,4755,4830,150,3.205128,329200,OK
2025-05-13,6433,ヒーハイスト,スタンダード（内国株式）,機械,381,381,370,371,-10,-2.624672,30600,OK
2025-05-13,6436,アマノ,プライム（内国株式）,機械,4193,4236,4182,4216,23,0.548533,197100,OK
2025-05-13,6440,ＪＵＫＩ,プライム（内国株式）,機械,412,420,365,370,-40,-9.756098,383400,OK
2025-05-13,6444,サンデン,スタンダード（内国株式）,機械,126,126,123,123,0,0,90400,OK
2025-05-13,6445,ジャノメ,プライム（内国株式）,機械,1208,1209,1159,1195,-8,-0.665004,153000,OK
2025-05-13,6448,ブラザー工業,プライム（内国株式）,電気機器,2485,2505,2462.5,2497.5,61,2.503591,1096900,OK
2025-05-13,6454,マックス,プライム（内国株式）,機械,4495,4600,4495,4540,55,1.22631,82800,OK
2025-05-13,6455,モリタホールディングス,プライム（内国株式）,輸送用機器,2150,2150,2109,2111,-20,-0.938527,44000,OK
2025-05-13,6457,グローリー,プライム（内国株式）,機械,2588,2837.5,2559,2770,207.5,8.097561,355700,OK
2025-05-13,6458,新晃工業,プライム（内国株式）,機械,1250,1254,1233,1241,-2,-0.160901,184700,OK
2025-05-13,6459,大和冷機工業,プライム（内国株式）,機械,1670,1690,1649,1649,-4,-0.241984,45000,OK
2025-05-13,6460,セガサミーホールディングス,プライム（内国株式）,機械,3096,3196,3093,3141,-22,-0.695542,1430700,OK
2025-05-13,6463,ＴＰＲ,プライム（内国株式）,機械,2169,2175,2133,2139,4,0.187354,45500,OK
2025-05-13,6464,ツバキ・ナカシマ,プライム（内国株式）,機械,412,417,402,402,-3,-0.740741,220500,OK
2025-05-13,6465,ホシザキ,プライム（内国株式）,機械,5980,5999,5775,5851,-58,-0.981554,519600,OK
2025-05-13,6466,ＴＶＥ,スタンダード（内国株式）,機械,2115,2148,2115,2129,-1,-0.046948,6400,OK
2025-05-13,6467,ニチダイ,スタンダード（内国株式）,機械,351,358,350,358,10,2.873563,17300,OK
2025-05-13,6469,放電精密加工研究所,スタンダード（内国株式）,機械,1426,1439,1388,1404,8,0.573066,46700,OK
2025-05-13,6470,大豊工業,スタンダード（内国株式）,機械,671,678,665,667,-3,-0.447761,46800,OK
2025-05-13,6471,日本精工,プライム（内国株式）,機械,655.5,667.6,636.4,641.1,9.1,1.439873,4132900,OK
2025-05-13,6472,ＮＴＮ,プライム（内国株式）,機械,230.4,233.9,227.7,229.6,5.1,2.271715,3508600,OK
2025-05-13,6473,ジェイテクト,プライム（内国株式）,機械,1178.5,1185.5,1158,1169.5,21,1.828472,1187800,OK
2025-05-13,6474,不二越,プライム（内国株式）,機械,3130,3160,3115,3145,55,1.779935,39700,OK
2025-05-13,6479,ミネベアミツミ,プライム（内国株式）,電気機器,2250,2268,2177,2189,40,1.861331,2094600,OK
2025-05-13,6480,日本トムソン,プライム（内国株式）,機械,508,516,496,497,3,0.607287,175700,OK
2025-05-13,6481,ＴＨＫ,プライム（内国株式）,機械,3789,3832,3728,3748,40,1.078749,1248400,OK
2025-05-13,6482,ＹＵＳＨＩＮ,スタンダード（内国株式）,機械,640,640,630,630,-5,-0.787402,11000,OK
2025-05-13,6484,ＫＶＫ,スタンダード（内国株式）,機械,1903,1944,1880,1901,-42,-2.161606,9300,OK
2025-05-13,6485,前澤給装工業,スタンダード（内国株式）,機械,1304,1321,1300,1316,12,0.920245,20400,OK
2025-05-13,6486,イーグル工業,プライム（内国株式）,機械,1900,1912,1885,1887,8,0.425758,55200,OK
2025-05-13,6488,ヨシタケ,スタンダード（内国株式）,機械,696,698,693,694,-4,-0.573066,2100,OK
2025-05-13,6489,前澤工業,スタンダード（内国株式）,機械,1470,1470,1430,1441,-16,-1.098147,35500,OK
2025-05-13,6490,ＰＩＬＬＡＲ,プライム（内国株式）,機械,3925,3945,3830,3895,70,1.830065,120800,OK
2025-05-13,6492,岡野バルブ製造,スタンダード（内国株式）,機械,4650,4650,4560,4605,0,0,3400,OK
2025-05-13,6493,ＮＩＴＴＡＮ,スタンダード（内国株式）,輸送用機器,276,278,275,275,-2,-0.722022,25100,OK
2025-05-13,6494,ＮＦＫホールディングス,スタンダード（内国株式）,機械,90,92,90,92,3,3.370787,289700,OK
2025-05-13,6495,宮入バルブ製作所,スタンダード（内国株式）,機械,109,110,106,106,-2,-1.851852,226200,OK
2025-05-13,6496,中北製作所,スタンダード（内国株式）,機械,3480,3480,3375,3380,-30,-0.879765,3700,OK
2025-05-13,6497,ハマイ,スタンダード（内国株式）,機械,1071,1090,1071,1076,9,0.843486,2700,OK
2025-05-13,6498,キッツ,プライム（内国株式）,機械,1154,1159,1134,1134,3,0.265252,164100,OK
2025-05-13,6501,日立製作所,プライム（内国株式）,電気機器,3930,3940,3835,3866,29,0.755799,11412000,OK
2025-05-13,6503,三菱電機,プライム（内国株式）,電気機器,2907.5,2915.5,2830,2843,-14.5,-0.507437,6656200,OK
2025-05-13,6504,富士電機,プライム（内国株式）,電気機器,6900,6948,6777,6809,54,0.799408,794800,OK
2025-05-13,6505,東洋電機製造,スタンダード（内国株式）,電気機器,1386,1387,1358,1361,-20,-1.448226,41400,OK
2025-05-13,6506,安川電機,プライム（内国株式）,電気機器,3430,3559,3398,3398,172,5.33168,6219500,OK
2025-05-13,6507,シンフォニアテクノロジー,プライム（内国株式）,電気機器,6480,6740,6020,6630,320,5.071315,785000,OK
2025-05-13,6508,明電舎,プライム（内国株式）,電気機器,4400,4415,4245,4350,0,0,285200,OK
2025-05-13,6513,オリジン,スタンダード（内国株式）,電気機器,1060,1082,1055,1058,0,0,17300,OK
2025-05-13,6516,山洋電気,プライム（内国株式）,電気機器,10180,10280,10060,10110,130,1.302605,33600,OK
2025-05-13,6517,デンヨー,プライム（内国株式）,電気機器,2490,2657,2458,2626,136,5.461847,190500,OK
2025-05-13,6518,三相電機,スタンダード（内国株式）,電気機器,807,807,807,807,2,0.248447,300,OK
2025-05-13,6521,オキサイド,グロース（内国株式）,電気機器,1310,1332,1298,1313,19,1.468315,73000,OK
2025-05-13,6522,アスタリスク,グロース（内国株式）,電気機器,435,512,435,512,80,18.518519,833600,OK
2025-05-13,6523,ＰＨＣホールディングス,プライム（内国株式）,電気機器,973,984,964,964,3,0.312175,240000,OK
2025-05-13,6524,湖北工業,スタンダード（内国株式）,電気機器,1863,1965,1820,1902,10,0.528541,497300,OK
2025-05-13,6525,ＫＯＫＵＳＡＩ　ＥＬＥＣＴＲＩＣ,プライム（内国株式）,電気機器,3097,3133,2887,2904,-106,-3.521595,6341100,OK
2025-05-13,6526,ソシオネクスト,プライム（内国株式）,電気機器,1862,1928,1850.5,1860,86.5,4.877361,10642700,OK
2025-05-13,6527,ワカ製作所,TOKYO PRO MARKET（内国株式）,電気機器,,,,,,,,NO_QUOTE
2025-05-13,6532,ベイカレント,プライム（内国株式）,サービス業,8121,8455,8021,8268,125,1.535061,1053600,OK
2025-05-13,6533,Ｏｒｃｈｅｓｔｒａ　Ｈｏｌｄｉｎｇｓ,プライム（内国株式）,サービス業,808,821,792,793,0,0,7800,OK
2025-05-13,6535,アイモバイル,プライム（内国株式）,サービス業,552,552,541,543,-1,-0.183824,133100,OK
2025-05-13,6537,ＷＡＳＨハウス,グロース（内国株式）,サービス業,367,371,365,369,5,1.373626,24300,OK
2025-05-13,6538,ディスラプターズ,スタンダード（内国株式）,サービス業,155,155,151,153,-1,-0.649351,43500,OK
2025-05-13,6539,ＭＳ−Ｊａｐａｎ,プライム（内国株式）,サービス業,930,933,925,933,5,0.538793,38300,OK
2025-05-13,6540,船場,スタンダード（内国株式）,サービス業,1391,1400,1364,1364,-27,-1.94105,18700,OK
2025-05-13,6542,ＦＣホールディングス,スタンダード（内国株式）,サービス業,1045,1052,1029,1035,0,0,32300,OK
2025-05-13,6543,日宣,スタンダード（内国株式）,サービス業,675,680,668,680,7,1.040119,1800,OK
2025-05-13,6544,ジャパンエレベーターサービスホールディングス,プライム（内国株式）,サービス業,3195,3270,3175,3255,15,0.462963,543100,OK
2025-05-13,6545,インターネットインフィニティー,グロース（内国株式）,サービス業,612,613,602,608,-6,-0.977199,19200,OK
2025-05-13,6546,フルテック,スタンダード（内国株式）,サービス業,1107,1107,1091,1094,-7,-0.635786,3200,OK
2025-05-13,6547,グリーンズ,スタンダード（内国株式）,サービス業,2344,2356,2307,2325,-3,-0.128866,138800,OK
2025-05-13,6548,旅工房,グロース（内国株式）,サービス業,179,184,176,184,8,4.545455,101500,OK
2025-05-13,6549,ディーエムソリューションズ,スタンダード（内国株式）,サービス業,1478,1515,1478,1515,37,2.503383,4500,OK
2025-05-13,6550,Ｕｎｉｐｏｓ,グロース（内国株式）,サービス業,222,283,199,232,29,14.285714,51343900,OK
2025-05-13,6551,ツナググループ・ホールディングス,スタンダード（内国株式）,サービス業,585,620,570,613,-3,-0.487013,258300,OK
2025-05-13,6552,ＧａｍｅＷｉｔｈ,スタンダード（内国株式）,サービス業,186,187,184,186,1,0.540541,25400,OK
2025-05-13,6554,エスユーエス,グロース（内国株式）,サービス業,1011,1022,975,1010,14,1.405622,89700,OK
2025-05-13,6555,ＭＳ＆Ｃｏｎｓｕｌｔｉｎｇ,スタンダード（内国株式）,サービス業,390,390,384,389,5,1.302083,7900,OK
2025-05-13,6557,ＡＩＡＩグループ,グロース（内国株式）,サービス業,1334,1350,1326,1334,19,1.444867,21200,OK
2025-05-13,6558,クックビズ,グロース（内国株式）,サービス業,662,662,650,651,-11,-1.661631,3800,OK
2025-05-13,6560,エル・ティー・エス,プライム（内国株式）,サービス業,2181,2204,2160,2200,43,1.99351,25300,OK
2025-05-13,6561,ＨＡＮＡＴＯＵＲ　ＪＡＰＡＮ,グロース（内国株式）,サービス業,1280,1280,1253,1267,17,1.36,12700,OK
2025-05-13,6562,ジーニー,グロース（内国株式）,サービス業,1594,1597,1397,1524,-38,-2.432778,237800,OK
2025-05-13,6563,みらいワークス,グロース（内国株式）,サービス業,823,826,802,823,5,0.611247,9700,OK
2025-05-13,6564,ミダックホールディングス,プライム（内国株式）,サービス業,2236,2250,2207,2246,13,0.582176,58100,OK
2025-05-13,6565,ＡＢホテル,スタンダード（内国株式）,サービス業,1496,1496,1422,1428,-43,-2.923182,44400,OK
2025-05-13,6566,要興業,スタンダード（内国株式）,サービス業,1010,1015,1001,1002,-1,-0.099701,3900,OK
2025-05-13,6568,神戸天然物化学,グロース（内国株式）,サービス業,1065,1065,1040,1044,-5,-0.476644,8800,OK
2025-05-13,6570,共和コーポレーション,スタンダード（内国株式）,サービス業,916,916,902,903,-13,-1.419214,4800,OK
2025-05-13,6571,キュービーネットホールディングス,プライム（内国株式）,サービス業,1110,1111,1102,1102,-1,-0.090662,39300,OK
2025-05-13,6572,オープングループ,プライム（内国株式）,サービス業,302,306,296,296,-5,-1.66113,120300,OK
2025-05-13,6573,アジャイルメディア・ネットワーク,グロース（内国株式）,サービス業,71,71,70,70,0,0,311000,OK
2025-05-13,6574,コンヴァノ,グロース（内国株式）,サービス業,2008,2008,1960,1960,-49,-2.439024,800,OK
2025-05-13,6576,揚工舎,TOKYO PRO MARKET（内国株式）,サービス業,,,,,,,,NO_QUOTE
2025-05-13,6577,ベストワンドットコム,グロース（内国株式）,サービス業,2950,2950,2924,2924,-6,-0.204778,900,OK
2025-05-13,6578,コレックホールディングス,スタンダード（内国株式）,サービス業,345,347,340,344,0,0,10800,OK
2025-05-13,6579,ログリー,グロース（内国株式）,サービス業,388,388,369,375,-8,-2.088773,6600,OK
2025-05-13,6580,ライトアップ,グロース（内国株式）,サービス業,1490,1589,1439,1548,58,3.892617,340800,OK
2025-05-13,6584,三櫻工業,プライム（内国株式）,輸送用機器,635,645,611,611,-19,-3.015873,282700,OK
2025-05-13,6586,マキタ,プライム（内国株式）,機械,4829,4926,4688,4702,182,4.026549,2176600,OK
2025-05-13,6588,東芝テック,プライム（内国株式）,電気機器,3020,3100,2943,3080,304,10.951009,438800,OK
2025-05-13,6590,芝浦メカトロニクス,プライム（内国株式）,電気機器,7690,7920,7670,7890,460,6.191117,898900,OK
2025-05-13,6592,マブチモーター,プライム（内国株式）,電気機器,2200,2210,2182,2189,15,0.689972,311100,OK
2025-05-13,6594,ニデック,プライム（内国株式）,電気機器,2784.5,2809,2753.5,2765.5,102,3.829548,5721500,OK
2025-05-13,6596,筑波精工,TOKYO PRO MARKET（内国株式）,電気機器,,,,,,,,NO_QUOTE
2025-05-13,6597,ＨＰＣシステムズ,グロース（内国株式）,電気機器,1230,1239,1193,1193,-15,-1.241722,51800,OK
2025-05-13,6599,エブレン,スタンダード（内国株式）,電気機器,2210,2232,2156,2156,-54,-2.443439,2000,OK
2025-05-13,6612,バルミューダ,グロース（内国株式）,電気機器,929,942,914,941,10,1.074114,2000,OK
2025-05-13,6613,ＱＤレーザ,グロース（内国株式）,電気機器,294,296,291,295,6,2.076125,185500,OK
2025-05-13,6614,シキノハイテック,スタンダード（内国株式）,電気機器,1009,1010,998,998,-10,-0.992063,4700,OK
2025-05-13,6615,ユー・エム・シー・エレクトロニクス,プライム（内国株式）,電気機器,364,365,345,349,-8,-2.240896,272700,OK
2025-05-13,6616,トレックス・セミコンダクター,プライム（内国株式）,電気機器,1172,1196,1172,1173,4,0.342173,16800,OK
2025-05-13,6617,東光高岳,プライム（内国株式）,電気機器,2342,2351,2281,2282,-36,-1.553063,31800,OK
2025-05-13,6619,ダブル・スコープ,プライム（内国株式）,電気機器,275,281,262,268,1,0.374532,1283900,OK
2025-05-13,6620,宮越ホールディングス,プライム（内国株式）,不動産業,1312,1319,1243,1258,-29,-2.253302,54100,OK
2025-05-13,6622,ダイヘン,プライム（内国株式）,電気機器,6800,6850,6380,6420,-190,-2.874433,231400,OK
2025-05-13,6625,ＪＡＬＣＯホールディングス,スタンダード（内国株式）,不動産業,310,325,309,319,11,3.571429,771200,OK
2025-05-13,6626,ＳＥＭＩＴＥＣ,スタンダード（内国株式）,電気機器,1895,1928,1885,1918,46,2.457265,68100,OK
2025-05-13,6627,テラプローブ,スタンダード（内国株式）,電気機器,2810,2838,2773,2812,73,2.665206,50300,OK
2025-05-13,6629,テクノホライゾン,スタンダード（内国株式）,電気機器,348,348,339,343,1,0.292398,110300,OK
2025-05-13,6630,ヤーマン,プライム（内国株式）,電気機器,865,865,850,852,-3,-0.350877,61500,OK
2025-05-13,6632,ＪＶＣケンウッド,プライム（内国株式）,電気機器,1257.5,1289.5,1254,1264.5,10.5,0.837321,1846600,OK
2025-05-13,6633,ＣＧＳホールディングス,スタンダード（内国株式）,電気機器,318,321,317,319,-1,-0.3125,5100,OK
2025-05-13,6634,ネクスグループ,スタンダード（内国株式）,電気機器,138,139,136,139,2,1.459854,280400,OK
2025-05-13,6635,大日光・エンジニアリング,スタンダード（内国株式）,電気機器,481,481,475,479,1,0.209205,18900,OK
2025-05-13,6637,寺崎電気産業,スタンダード（内国株式）,電気機器,2151,2175,2102,2137,6,0.281558,31300,OK
2025-05-13,6638,ミマキエンジニアリング,プライム（内国株式）,電気機器,1545,1894,1506,1858,324,21.121252,1268500,OK
2025-05-13,6643,戸上電機製作所,スタンダード（内国株式）,電気機器,3365,3440,3270,3395,125,3.82263,20200,OK
2025-05-13,6644,大崎電気工業,プライム（内国株式）,電気機器,930,957,878,897,9,1.013514,757200,OK
2025-05-13,6645,オムロン,プライム（内国株式）,電気機器,4210,4282,4198,4211,115,2.807617,1488500,OK
2025-05-13,6647,森尾電機,スタンダード（内国株式）,電気機器,1750,1788,1748,1748,-36,-2.017937,400,OK
2025-05-13,6648,かわでん,スタンダード（内国株式）,電気機器,4105,4105,3950,4070,35,0.86741,11200,OK
2025-05-13,6651,日東工業,プライム（内国株式）,電気機器,3055,3070,3025,3030,5,0.165289,63300,OK
2025-05-13,6652,ＩＤＥＣ,プライム（内国株式）,電気機器,2380,2404,2363,2363,18,0.767591,55500,OK
2025-05-13,6653,正興電機製作所,プライム（内国株式）,電気機器,1320,1330,1279,1287,-12,-0.923788,91000,OK
2025-05-13,6654,不二電機工業,スタンダード（内国株式）,電気機器,1058,1072,1058,1064,9,0.853081,17900,OK
2025-05-13,6656,インスペック,スタンダード（内国株式）,電気機器,604,614,593,594,-10,-1.655629,20600,OK
2025-05-13,6658,シライ電子工業,スタンダード（内国株式）,電気機器,562,565,559,563,3,0.535714,86800,OK
2025-05-13,6659,メディアリンクス,スタンダード（内国株式）,電気機器,42,43,41,43,1,2.380952,966500,OK
2025-05-13,6662,ユビテック,スタンダード（内国株式）,電気機器,222,227,222,223,2,0.904977,17000,OK
2025-05-13,6663,太洋テクノレックス,スタンダード（内国株式）,電気機器,242,256,239,239,5,2.136752,255600,OK
2025-05-13,6664,オプトエレクトロニクス,スタンダード（内国株式）,電気機器,262,267,250,257,-13,-4.814815,500700,OK
2025-05-13,6666,リバーエレテック,スタンダード（内国株式）,電気機器,392,393,380,387,-3,-0.769231,13800,OK
2025-05-13,6668,アドテック　プラズマ　テクノロジー,スタンダード（内国株式）,電気機器,1201,1205,1174,1193,7,0.590219,72300,OK
2025-05-13,6670,ＭＣＪ,スタンダード（内国株式）,電気機器,1421,1430,1403,1415,7,0.497159,138400,OK
2025-05-13,6674,ジーエス・ユアサ　コーポレーション,プライム（内国株式）,電気機器,2603,2690,2560,2643,84.5,3.302716,908600,OK
2025-05-13,6675,サクサ,スタンダード（内国株式）,電気機器,3950,4400,3885,4025,240,6.340819,452900,OK
2025-05-13,6676,バッファロー,スタンダード（内国株式）,電気機器,2158,2206,2119,2184,26,1.204819,28900,OK
2025-05-13,6677,エスケーエレクトロニクス,スタンダード（内国株式）,電気機器,2579,2623,2495,2545,66,2.662364,162200,OK
2025-05-13,6678,テクノメディカ,スタンダード（内国株式）,電気機器,1806,1810,1802,1809,7,0.388457,2300,OK
2025-05-13,6694,ズーム,スタンダード（内国株式）,電気機器,689,692,685,685,2,0.292826,6600,OK
2025-05-13,6695,キャストリコ,TOKYO PRO MARKET（内国株式）,電気機器,,,,,,,,NO_QUOTE
2025-05-13,6696,トラース・オン・プロダクト,グロース（内国株式）,電気機器,518,520,509,520,7,1.364522,85900,OK
2025-05-13,6699,ダイヤモンドエレクトリックホールディングス,プライム（内国株式）,電気機器,605,608,595,595,-9,-1.490066,11700,OK
2025-05-13,6701,日本電気,プライム（内国株式）,電気機器,3765,3786,3645,3668,-69,-1.846401,5683900,OK
2025-05-13,6702,富士通,プライム（内国株式）,電気機器,3365,3370,3257,3288,-41,-1.231601,5059900,OK
2025-05-13,6703,沖電気工業,プライム（内国株式）,電気機器,1344,1365,1303,1321,-21,-1.564829,2054000,OK
2025-05-13,6706,電気興業,プライム（内国株式）,電気機器,1854,1862,1823,1846,13,0.70922,27600,OK
2025-05-13,6707,サンケン電気,プライム（内国株式）,電気機器,7423,7552,7340,7409,155,2.136752,201400,OK
2025-05-13,6715,ナカヨ,スタンダード（内国株式）,電気機器,2542,2543,2542,2543,1,0.039339,6000,OK
2025-05-13,6718,アイホン,プライム（内国株式）,電気機器,2663,2685,2646,2652,12,0.454545,46600,OK
2025-05-13,6721,ウインテスト,スタンダード（内国株式）,電気機器,103,105,102,103,2,1.980198,574400,OK
2025-05-13,6723,ルネサスエレクトロニクス,プライム（内国株式）,電気機器,1947,1947,1817,1873,6,0.321371,33971200,OK
2025-05-13,6724,セイコーエプソン,プライム（内国株式）,電気機器,2066.5,2086.5,2021,2038,48,2.41206,3016400,OK
2025-05-13,6727,ワコム,プライム（内国株式）,電気機器,640,647,628,631,-1,-0.158228,821900,OK
2025-05-13,6728,アルバック,プライム（内国株式）,電気機器,5368,5425,5274,5300,112,2.158828,316900,OK
2025-05-13,6730,アクセル,スタンダード（内国株式）,電気機器,1012,1017,979,980,-22,-2.195609,62900,OK
2025-05-13,6731,ピクセラ,スタンダード（内国株式）,電気機器,34,34,33,33,0,0,683300,OK
2025-05-13,6734,ニューテック,スタンダード（内国株式）,電気機器,1556,1569,1555,1569,6,0.383877,400,OK
2025-05-13,6736,サン電子,スタンダード（内国株式）,電気機器,7440,7450,7240,7310,-90,-1.216216,32000,OK
2025-05-13,6737,ＥＩＺＯ,プライム（内国株式）,電気機器,2078,2080,2035,2057,19,0.932287,53000,OK
2025-05-13,6740,ジャパンディスプレイ,プライム（内国株式）,電気機器,18,18,17,17,0,0,89588300,OK
2025-05-13,6741,日本信号,プライム（内国株式）,電気機器,983,999,964,967,-13,-1.326531,176600,OK
2025-05-13,6742,京三製作所,プライム（内国株式）,電気機器,492,493,488,489,0,0,107100,OK
2025-05-13,6743,大同信号,スタンダード（内国株式）,電気機器,520,520,508,515,0,0,6300,OK
2025-05-13,6744,能美防災,プライム（内国株式）,電気機器,3580,3610,3370,3475,-170,-4.663923,311700,OK
2025-05-13,6745,ホーチキ,プライム（内国株式）,電気機器,2655,2655,2540,2608,-62,-2.322097,105400,OK
2025-05-13,6748,星和電機,スタンダード（内国株式）,電気機器,555,564,553,563,9,1.624549,18700,OK
2025-05-13,6750,エレコム,プライム（内国株式）,電気機器,1763,1772,1754,1766,9,0.512237,129900,OK
2025-05-13,6752,パナソニック　ホールディングス,プライム（内国株式）,電気機器,1741,1775,1691,1692,-10,-0.587544,10914900,OK
2025-05-13,6753,シャープ,プライム（内国株式）,電気機器,862.4,875,810.4,812.6,-124.8,-13.31342,9065200,OK
2025-05-13,6754,アンリツ,プライム（内国株式）,電気機器,1568,1590,1540.5,1548,10.5,0.682927,1762200,OK
2025-05-13,6755,富士通ゼネラル,プライム（内国株式）,電気機器,2804,2807,2804,2805,0,0,492900,OK
2025-05-13,6757,ＯＳＧコーポレーション,スタンダード（内国株式）,電気機器,774,778,770,770,-7,-0.900901,6100,OK
2025-05-13,6758,ソニーグループ,プライム（内国株式）,電気機器,3640,3678,3618,3654,62,1.726058,14102200,OK
2025-05-13,6762,ＴＤＫ,プライム（内国株式）,電気機器,1687,1693,1660.5,1661,45,2.784653,13350300,OK
2025-05-13,6763,帝国通信工業,プライム（内国株式）,電気機器,2369,2419,2294,2310,-56,-2.366864,12900,OK
2025-05-13,6768,タムラ製作所,プライム（内国株式）,電気機器,484,491,457,462,-14,-2.941176,832200,OK
2025-05-13,6769,ザインエレクトロニクス,スタンダード（内国株式）,電気機器,886,901,885,885,9,1.027397,36400,OK
2025-05-13,6770,アルプスアルパイン,プライム（内国株式）,電気機器,1419,1435,1409,1414,29,2.093863,771000,OK
2025-05-13,6771,池上通信機,スタンダード（内国株式）,電気機器,571,585,571,580,4,0.694444,13500,OK
2025-05-13,6772,東京コスモス電機,スタンダード（内国株式）,電気機器,6460,6550,6450,6550,30,0.460123,1700,OK
2025-05-13,6775,ＴＢグループ,スタンダード（内国株式）,電気機器,130,132,129,132,3,2.325581,107000,OK
2025-05-13,6776,天昇電気工業,スタンダード（内国株式）,化学,259,283,256,270,10,3.846154,1035200,OK
2025-05-13,6777,ｓａｎｔｅｃ　Ｈｏｌｄｉｎｇｓ,スタンダード（内国株式）,電気機器,4835,4860,4580,4735,-50,-1.044932,141800,OK
2025-05-13,6778,アルチザネットワークス,スタンダード（内国株式）,電気機器,621,630,621,627,10,1.620746,17500,OK
2025-05-13,6779,日本電波工業,プライム（内国株式）,電気機器,817,823,738,747,-63,-7.777778,420000,OK
2025-05-13,6785,鈴木,プライム（内国株式）,電気機器,1660,1660,1634,1641,-1,-0.060901,45600,OK
2025-05-13,6786,ＲＶＨ,スタンダード（内国株式）,サービス業,62,64,62,63,0,0,71600,OK
2025-05-13,6787,メイコー,プライム（内国株式）,電気機器,7280,7380,7050,7180,250,3.607504,170900,OK
2025-05-13,6788,日本トリム,プライム（内国株式）,電気機器,4260,4300,4225,4280,20,0.469484,18900,OK
2025-05-13,6794,フォスター電機,プライム（内国株式）,電気機器,1294,1303,1275,1289,14,1.098039,329100,OK
2025-05-13,6797,名古屋電機工業,スタンダード（内国株式）,電気機器,1164,1176,1150,1150,-7,-0.605013,5600,OK
2025-05-13,6798,ＳＭＫ,プライム（内国株式）,電気機器,2261,2278,2230,2237,-7,-0.311943,14000,OK
2025-05-13,6800,ヨコオ,プライム（内国株式）,電気機器,1253,1274,1238,1251,16,1.295547,69700,OK
2025-05-13,6803,ティアック,スタンダード（内国株式）,電気機器,75,76,74,74,1,1.369863,316200,OK
2025-05-13,6804,ホシデン,プライム（内国株式）,電気機器,2041,2047,1979,2007,-11,-0.545094,495500,OK
2025-05-13,6806,ヒロセ電機,プライム（内国株式）,電気機器,17460,17835,17440,17540,660,3.909953,174800,OK
2025-05-13,6807,日本航空電子工業,プライム（内国株式）,電気機器,2500,2548,2500,2522,65,2.645503,249400,OK
2025-05-13,6809,ＴＯＡ,プライム（内国株式）,電気機器,1039,1040,1019,1019,-9,-0.875486,36700,OK
2025-05-13,6810,マクセル,プライム（内国株式）,電気機器,1789,1796,1758,1772,12,0.681818,76900,OK
2025-05-13,6814,古野電気,プライム（内国株式）,電気機器,2621,2646,2544,2633,62,2.411513,287400,OK
2025-05-13,6817,スミダコーポレーション,プライム（内国株式）,電気機器,1000,1012,997,1001,8,0.805639,214700,OK
2025-05-13,6819,伊豆シャボテンリゾート,スタンダード（内国株式）,サービス業,510,510,505,509,0,0,11700,OK
2025-05-13,6820,アイコム,プライム（内国株式）,電気機器,2790,2790,2743,2745,-17,-0.615496,8800,OK
2025-05-13,6822,大井電気,スタンダード（内国株式）,電気機器,2756,2885,2756,2885,120,4.339964,41500,OK
2025-05-13,6823,リオン,プライム（内国株式）,電気機器,2500,2520,2476,2495,15,0.604839,37900,OK
2025-05-13,6824,新コスモス電機,スタンダード（内国株式）,電気機器,2302,2320,2302,2320,20,0.869565,1200,OK
2025-05-13,6832,アオイ電子,スタンダード（内国株式）,電気機器,1720,1780,1720,1775,81,4.781582,26700,OK
2025-05-13,6834,精工技研,スタンダード（内国株式）,電気機器,3770,3820,3715,3765,135,3.719008,116700,OK
2025-05-13,6835,アライドテレシスホールディングス,スタンダード（内国株式）,電気機器,150,152,149,152,5,3.401361,623100,OK
2025-05-13,6836,ぷらっとホーム,スタンダード（内国株式）,電気機器,757,779,726,726,-46,-5.958549,304900,OK
2025-05-13,6837,京写,スタンダード（内国株式）,電気機器,342,348,341,346,-8,-2.259887,38800,OK
2025-05-13,6838,多摩川ホールディングス,スタンダード（内国株式）,電気機器,692,698,684,686,-1,-0.14556,17500,OK
2025-05-13,6840,ＡＫＩＢＡホールディングス,スタンダード（内国株式）,電気機器,250,251,242,242,-9,-3.585657,31700,OK
2025-05-13,6841,横河電機,プライム（内国株式）,電気機器,3435,3470,3406,3410,37,1.096946,1053600,OK
2025-05-13,6844,新電元工業,プライム（内国株式）,電気機器,2144,2173,2132,2139,18,0.848656,53300,OK
2025-05-13,6845,アズビル,プライム（内国株式）,電気機器,1299,1300,1250.5,1277,-2.5,-0.195389,1344300,OK
2025-05-13,6848,東亜ディーケーケー,スタンダード（内国株式）,電気機器,799,829,795,828,37,4.677623,12100,OK
2025-05-13,6849,日本光電工業,プライム（内国株式）,電気機器,1766,1792,1752,1755,17,0.978136,800900,OK
2025-05-13,6850,チノー,プライム（内国株式）,電気機器,2040,2048,2013,2025,4,0.197922,20200,OK
2025-05-13,6853,共和電業,スタンダード（内国株式）,電気機器,525,528,520,523,-1,-0.19084,99200,OK
2025-05-13,6855,日本電子材料,スタンダード（内国株式）,電気機器,2078,2085,2040,2068,46,2.274975,343500,OK
2025-05-13,6856,堀場製作所,プライム（内国株式）,電気機器,10830,10830,10595,10750,220,2.089269,155700,OK
2025-05-13,6857,アドバンテスト,プライム（内国株式）,電気機器,7560,7579,7148,7148,-152,-2.082192,25092800,OK
2025-05-13,6858,小野測器,スタンダード（内国株式）,電気機器,534,534,528,534,8,1.520913,9300,OK
2025-05-13,6859,エスペック,プライム（内国株式）,電気機器,2500,2521,2463,2478,-7,-0.28169,83400,OK
2025-05-13,6861,キーエンス,プライム（内国株式）,電気機器,64420,64590,63870,64270,850,1.340271,694700,OK
2025-05-13,6862,ミナトホールディングス,スタンダード（内国株式）,電気機器,788,814,760,792,-116,-12.77533,501700,OK
2025-05-13,6863,ニレコ,スタンダード（内国株式）,電気機器,1648,1666,1610,1616,-11,-0.676091,30900,OK
2025-05-13,6864,エヌエフホールディングス,スタンダード（内国株式）,電気機器,1277,1277,1200,1217,-30,-2.405774,69500,OK
2025-05-13,6866,日置電機,プライム（内国株式）,電気機器,5880,5880,5800,5850,80,1.386482,53400,OK
2025-05-13,6867,リーダー電子,スタンダード（内国株式）,電気機器,409,412,404,404,-5,-1.222494,2100,OK
2025-05-13,6869,シスメックス,プライム（内国株式）,電気機器,2684,2710,2670,2677,37,1.401515,1047600,OK
2025-05-13,6870,日本フェンオール,スタンダード（内国株式）,電気機器,1709,1709,1700,1700,-2,-0.117509,500,OK
2025-05-13,6871,日本マイクロニクス,プライム（内国株式）,電気機器,3645,3720,3520,3650,125,3.546099,1849600,OK
2025-05-13,6874,協立電機,スタンダード（内国株式）,電気機器,4465,4465,4350,4370,-55,-1.242938,3900,OK
2025-05-13,6875,メガチップス,プライム（内国株式）,電気機器,4990,5030,4900,4900,-25,-0.507614,102000,OK
2025-05-13,6877,ＯＢＡＲＡ　ＧＲＯＵＰ,スタンダード（内国株式）,電気機器,3745,3760,3630,3650,-95,-2.536716,60500,OK
2025-05-13,6879,ＩＭＡＧＩＣＡ　ＧＲＯＵＰ,プライム（内国株式）,情報･通信業,756,756,756,756,100,15.243902,121400,OK
2025-05-13,6882,三社電機製作所,スタンダード（内国株式）,電気機器,824,827,810,812,-4,-0.490196,23600,OK
2025-05-13,6888,アクモス,スタンダード（内国株式）,情報･通信業,566,571,565,567,2,0.353982,13700,OK
2025-05-13,6890,フェローテックホールディングス,スタンダード（内国株式）,電気機器,2640,2651,2579,2618,46,1.788491,630600,OK
2025-05-13,6894,パルステック工業,スタンダード（内国株式）,電気機器,1630,1630,1613,1615,-15,-0.920245,300,OK
2025-05-13,6897,ツインバード,スタンダード（内国株式）,電気機器,413,414,412,414,2,0.485437,3800,OK
2025-05-13,6898,トミタ電機,スタンダード（内国株式）,電気機器,,,,,,,,NO_QUOTE
2025-05-13,6899,ＡＳＴＩ,スタンダード（内国株式）,電気機器,1980,1997,1980,1980,3,0.151745,7500,OK
2025-05-13,6901,澤藤電機,スタンダード（内国株式）,電気機器,905,911,901,911,1,0.10989,7200,OK
2025-05-13,6902,デンソー,プライム（内国株式）,輸送用機器,2010,2024,1996,2018.5,52.5,2.670397,9868600,OK
2025-05-13,6904,原田工業,スタンダード（内国株式）,電気機器,469,469,464,468,9,1.960784,9100,OK
2025-05-13,6905,コーセル,プライム（内国株式）,電気機器,1110,1119,1092,1092,-10,-0.907441,121400,OK
2025-05-13,6907,ジオマテック,スタンダード（内国株式）,電気機器,818,818,799,811,-7,-0.855746,12300,OK
2025-05-13,6908,イリソ電子工業,プライム（内国株式）,電気機器,2615,2639,2581,2610,34,1.319876,55700,OK
2025-05-13,6912,菊水ホールディングス,スタンダード（内国株式）,電気機器,1289,1307,1286,1307,29,2.269171,8700,OK
2025-05-13,6914,オプテックスグループ,プライム（内国株式）,電気機器,1591,1605,1551,1559,7,0.451031,153100,OK
2025-05-13,6915,千代田インテグレ,スタンダード（内国株式）,電気機器,2788,2855,2787,2824,55,1.986277,19500,OK
2025-05-13,6918,アバールデータ,スタンダード（内国株式）,電気機器,2103,2135,2078,2089,28,1.358564,20200,OK
2025-05-13,6919,ケル,スタンダード（内国株式）,電気機器,1318,1330,1314,1324,13,0.991609,5200,OK
2025-05-13,6920,レーザーテック,プライム（内国株式）,電気機器,15200,15480,14815,14935,160,1.08291,6945700,OK
2025-05-13,6923,スタンレー電気,プライム（内国株式）,電気機器,2749,2769.5,2697,2710.5,15,0.556483,377700,OK
2025-05-13,6925,ウシオ電機,プライム（内国株式）,電気機器,1842,1860,1828,1834.5,17.5,0.963126,375900,OK
2025-05-13,6926,岡谷電機産業,スタンダード（内国株式）,電気機器,197,200,196,196,-2,-1.010101,25200,OK
2025-05-13,6927,ヘリオス　テクノ　ホールディング,スタンダード（内国株式）,電気機器,878,878,864,869,-8,-0.912201,97200,OK
2025-05-13,6928,エノモト,プライム（内国株式）,電気機器,1410,1437,1401,1420,38,2.749638,35200,OK
2025-05-13,6929,日本セラミック,プライム（内国株式）,電気機器,2920,2944,2864,2889,-11,-0.37931,91300,OK
2025-05-13,6930,日本アンテナ,スタンダード（内国株式）,電気機器,597,608,597,597,2,0.336134,1200,OK
2025-05-13,6932,遠藤照明,スタンダード（内国株式）,電気機器,1827,1892,1813,1876,25,1.350621,140000,OK
2025-05-13,6937,古河電池,プライム（内国株式）,電気機器,1380,1380,1378,1380,0,0,89300,OK
2025-05-13,6941,山一電機,プライム（内国株式）,電気機器,2188,2208,2162,2180,38,1.774043,243700,OK
2025-05-13,6942,ソフィアホールディングス,スタンダード（内国株式）,情報･通信業,1054,1054,1044,1047,-8,-0.758294,6400,OK
2025-05-13,6943,ＮＫＫスイッチズ,スタンダード（内国株式）,電気機器,4200,4200,4200,4200,5,0.11919,200,OK
2025-05-13,6946,日本アビオニクス,スタンダード（内国株式）,電気機器,2980,2996,2823,2923,-37,-1.25,233500,OK
2025-05-13,6947,図研,プライム（内国株式）,電気機器,5290,5540,5290,5540,280,5.323194,58200,OK
2025-05-13,6951,日本電子,プライム（内国株式）,電気機器,4932,4944,4809,4851,74,1.549089,279300,OK
2025-05-13,6952,カシオ計算機,プライム（内国株式）,電気機器,1121,1130,1116.5,1122,13,1.172227,1011200,OK
2025-05-13,6954,ファナック,プライム（内国株式）,電気機器,3990,4038,3963,3986,206,5.449735,6266400,OK
2025-05-13,6955,ＦＤＫ,スタンダード（内国株式）,電気機器,385,385,374,374,-5,-1.319261,123100,OK
2025-05-13,6957,芝浦電子,スタンダード（内国株式）,電気機器,6190,6220,6160,6200,40,0.649351,425400,OK
2025-05-13,6958,日本シイエムケイ,プライム（内国株式）,電気機器,410,414,403,407,3,0.742574,615100,OK
2025-05-13,6960,フクダ電子,スタンダード（内国株式）,電気機器,6400,6400,6180,6250,-50,-0.793651,13000,OK
2025-05-13,6961,エンプラス,プライム（内国株式）,電気機器,3995,4050,3910,3935,0,0,103300,OK
2025-05-13,6962,大真空,プライム（内国株式）,電気機器,513,522,508,513,2,0.391389,218500,OK
2025-05-13,6963,ローム,プライム（内国株式）,電気機器,1453,1465.5,1415.5,1423,12,0.850461,2706300,OK
2025-05-13,6964,サンコー,スタンダード（内国株式）,電気機器,590,610,588,599,9,1.525424,7800,OK
2025-05-13,6965,浜松ホトニクス,プライム（内国株式）,電気機器,1555.5,1560.5,1505,1520,66,4.539202,3896800,OK
2025-05-13,6966,三井ハイテック,プライム（内国株式）,電気機器,731,737,718,719,12,1.697313,1242400,OK
2025-05-13,6967,新光電気工業,プライム（内国株式）,電気機器,5910,5917,5900,5902,-7,-0.118463,109700,OK
2025-05-13,6969,松尾電機,スタンダード（内国株式）,電気機器,505,514,501,509,12,2.414487,5600,OK
2025-05-13,6971,京セラ,プライム（内国株式）,電気機器,1796.5,1825,1780,1820,58,3.291714,6464500,OK
2025-05-13,6973,協栄産業,スタンダード（内国株式）,卸売業,2342,2380,2280,2305,11,0.479512,12400,OK
2025-05-13,6976,太陽誘電,プライム（内国株式）,電気機器,2440,2471,2363,2380,140,6.25,5145800,OK
2025-05-13,6977,日本抵抗器製作所,スタンダード（内国株式）,電気機器,852,870,852,870,19,2.232667,700,OK
2025-05-13,6981,村田製作所,プライム（内国株式）,電気機器,2140,2158,2108.5,2130,58.5,2.824041,16513300,OK
2025-05-13,6982,リード,スタンダード（内国株式）,輸送用機器,530,532,530,531,3,0.568182,2800,OK
2025-05-13,6986,双葉電子工業,プライム（内国株式）,電気機器,520,530,499,499,-21,-4.038462,171400,OK
2025-05-13,6988,日東電工,プライム（内国株式）,化学,2787,2798,2758,2791,101.5,3.773936,2660000,OK
2025-05-13,6989,北陸電気工業,スタンダード（内国株式）,電気機器,1794,1848,1794,1806,17,0.950252,60400,OK
2025-05-13,6993,大黒屋ホールディングス,スタンダード（内国株式）,小売業,22,22,21,22,1,4.761905,52317900,OK
2025-05-13,6994,指月電機製作所,スタンダード（内国株式）,電気機器,406,420,406,411,6,1.481481,68700,OK
2025-05-13,6995,東海理化電機製作所,プライム（内国株式）,輸送用機器,2192,2212,2171,2172,24,1.117318,159100,OK
2025-05-13,6996,ニチコン,プライム（内国株式）,電気機器,1198,1229,1170,1211,69,6.042032,489800,OK
2025-05-13,6997,日本ケミコン,プライム（内国株式）,電気機器,1053,1064,1036,1040,9,0.872939,171700,OK
2025-05-13,6998,日本タングステン,スタンダード（内国株式）,電気機器,1203,1211,1200,1210,7,0.581879,2500,OK
2025-05-13,6999,ＫＯＡ,プライム（内国株式）,電気機器,837,852,827,835,21,2.579853,255200,OK
2025-05-13,7003,三井Ｅ＆Ｓ,プライム（内国株式）,機械,1977,2328,1925,2296,357,18.411552,24684600,OK
2025-05-13,7004,カナデビア,プライム（内国株式）,機械,922,947,908,915,-35,-3.684211,1339200,OK
2025-05-13,7011,三菱重工業,プライム（内国株式）,機械,2786.5,2787.5,2665,2696,-40.5,-1.479993,73200200,OK
2025-05-13,7012,川崎重工業,プライム（内国株式）,輸送用機器,8730,9017,8555,8966,314,3.629219,30174500,OK
2025-05-13,7013,ＩＨＩ,プライム（内国株式）,機械,12710,12725,12230,12560,150,1.208703,5085100,OK
2025-05-13,7014,名村造船所,スタンダード（内国株式）,輸送用機器,2099,2130,2020,2108,63,3.080685,4386400,OK
2025-05-13,7018,内海造船,スタンダード（内国株式）,輸送用機器,4730,4830,4570,4770,-470,-8.969466,143300,OK
2025-05-13,7021,ニッチツ,スタンダード（内国株式）,機械,1702,1702,1653,1653,-58,-3.389831,3100,OK
2025-05-13,7022,サノヤスホールディングス,スタンダード（内国株式）,機械,238,264,233,262,25,10.548523,1526700,OK
2025-05-13,7030,スプリックス,スタンダード（内国株式）,サービス業,948,964,946,964,4,0.416667,11600,OK
2025-05-13,7031,インバウンドテック,グロース（内国株式）,サービス業,846,861,839,846,-15,-1.74216,4000,OK
2025-05-13,7033,マネジメントソリューションズ,プライム（内国株式）,サービス業,1944,1949,1918,1930,2,0.103734,54800,OK
2025-05-13,7034,プロレド・パートナーズ,プライム（内国株式）,サービス業,416,417,410,410,-6,-1.442308,7500,OK
2025-05-13,7035,ａｎｄ　ｆａｃｔｏｒｙ,スタンダード（内国株式）,サービス業,217,221,214,214,-8,-3.603604,66900,OK
2025-05-13,7036,イーエムネットジャパン,グロース（内国株式）,サービス業,796,814,796,801,-10,-1.233046,2000,OK
2025-05-13,7037,テノ．ホールディングス,スタンダード（内国株式）,サービス業,477,480,470,480,2,0.41841,8100,OK
2025-05-13,7038,フロンティア・マネジメント,プライム（内国株式）,サービス業,743,753,727,730,-11,-1.48448,71100,OK
2025-05-13,7039,ブリッジインターナショナル,グロース（内国株式）,サービス業,1867,1868,1845,1860,-5,-0.268097,4300,OK
2025-05-13,7040,サン・ライフホールディング,スタンダード（内国株式）,サービス業,943,956,941,956,13,1.378579,1600,OK
2025-05-13,7041,ＣＲＧホールディングス,グロース（内国株式）,サービス業,294,315,291,300,7,2.389078,68900,OK
2025-05-13,7042,アクセスグループ・ホールディングス,スタンダード（内国株式）,サービス業,520,532,511,526,7,1.348748,15800,OK
2025-05-13,7043,アルー,グロース（内国株式）,サービス業,746,793,746,783,37,4.959786,9200,OK
2025-05-13,7044,ピアラ,スタンダード（内国株式）,サービス業,339,357,334,340,8,2.409639,750900,OK
2025-05-13,7046,ＴＤＳＥ,グロース（内国株式）,サービス業,1290,1322,1272,1322,17,1.302682,3500,OK
2025-05-13,7047,ポート,グロース（内国株式）,サービス業,1975,1988,1942,1957,22,1.136951,88400,OK
2025-05-13,7048,ベルトラ,グロース（内国株式）,サービス業,323,329,323,329,7,2.173913,173400,OK
2025-05-13,7049,識学,グロース（内国株式）,サービス業,800,807,792,794,-3,-0.376412,38200,OK
2025-05-13,7050,フロンティアインターナショナル,グロース（内国株式）,サービス業,1803,1806,1751,1759,-18,-1.012943,8700,OK
2025-05-13,7056,マルク,TOKYO PRO MARKET（内国株式）,サービス業,,,,,,,,NO_QUOTE
2025-05-13,7057,エヌ・シー・エヌ,スタンダード（内国株式）,サービス業,1176,1188,1151,1159,-20,-1.696353,6700,OK
2025-05-13,7058,共栄セキュリティーサービス,スタンダード（内国株式）,サービス業,2570,2579,2570,2571,21,0.823529,900,OK
2025-05-13,7059,コプロ・ホールディングス,プライム（内国株式）,サービス業,1720,1740,1707,1723,11,0.642523,82500,OK
2025-05-13,7060,ギークス,スタンダード（内国株式）,サービス業,417,422,412,422,7,1.686747,13000,OK
2025-05-13,7061,日本ホスピスホールディングス,グロース（内国株式）,サービス業,1069,1091,1056,1078,-81,-6.988783,1221300,OK
2025-05-13,7062,フレアス,グロース（内国株式）,サービス業,690,693,685,685,-4,-0.580552,2600,OK
2025-05-13,7063,Ｂｉｒｄｍａｎ,グロース（内国株式）,サービス業,232,255,232,252,13,5.439331,360300,OK
2025-05-13,7064,ハウテレビジョン,グロース（内国株式）,サービス業,1731,1740,1731,1732,-34,-1.925255,800,OK
2025-05-13,7065,ユーピーアール,スタンダード（内国株式）,サービス業,672,672,664,664,-11,-1.62963,8800,OK
2025-05-13,7066,ピアズ,グロース（内国株式）,サービス業,610,610,592,597,-2,-0.33389,47400,OK
2025-05-13,7067,ブランディングテクノロジー,グロース（内国株式）,サービス業,894,895,876,879,-8,-0.901917,2400,OK
2025-05-13,7068,フィードフォースグループ,グロース（内国株式）,サービス業,508,508,496,496,-8,-1.587302,26200,OK
2025-05-13,7069,サイバー・バズ,グロース（内国株式）,サービス業,746,784,745,768,32,4.347826,9400,OK
2025-05-13,7071,アンビスホールディングス,プライム（内国株式）,サービス業,447,450,437,442,2,0.454545,881900,OK
2025-05-13,7072,インティメート・マージャー,グロース（内国株式）,サービス業,1000,1002,985,992,7,0.71066,8400,OK
2025-05-13,7073,ジェイック,グロース（内国株式）,サービス業,2032,2032,1990,2020,28,1.405622,1500,OK
2025-05-13,7074,トゥエンティーフォーセブン,グロース（内国株式）,サービス業,262,339,262,301,42,16.216216,2193600,OK
2025-05-13,7075,ＱＬＳホールディングス,グロース（内国株式）,サービス業,730,734,723,726,-4,-0.547945,10200,OK
2025-05-13,7077,ＡＬｉＮＫインターネット,グロース（内国株式）,サービス業,1025,1029,1022,1027,3,0.292969,2400,OK
2025-05-13,7078,ＩＮＣＬＵＳＩＶＥ,グロース（内国株式）,サービス業,495,509,493,493,1,0.203252,30100,OK
2025-05-13,7079,ＷＤＢココ,グロース（内国株式）,サービス業,3450,3470,3450,3465,15,0.434783,600,OK
2025-05-13,7080,スポーツフィールド,グロース（内国株式）,サービス業,687,702,659,676,46,7.301587,114500,OK
2025-05-13,7081,コーユーレンティア,スタンダード（内国株式）,サービス業,1049,1080,1045,1080,31,2.955195,7100,OK
2025-05-13,7082,ジモティー,グロース（内国株式）,サービス業,1714,1743,1691,1722,8,0.466744,42100,OK
2025-05-13,7083,ＡＨＣグループ,グロース（内国株式）,サービス業,972,983,960,970,-2,-0.205761,2800,OK
2025-05-13,7084,Ｓｍｉｌｅ　Ｈｏｌｄｉｎｇｓ,グロース（内国株式）,サービス業,1410,1415,1390,1398,-10,-0.710227,5600,OK
2025-05-13,7085,カーブスホールディングス,プライム（内国株式）,サービス業,690,690,676,679,-10,-1.451379,133300,OK
2025-05-13,7087,ウイルテック,スタンダード（内国株式）,サービス業,930,938,910,910,-12,-1.301518,13000,OK
2025-05-13,7088,フォーラムエンジニアリング,プライム（内国株式）,サービス業,1083,1083,1070,1079,4,0.372093,45000,OK
2025-05-13,7089,フォースタートアップス,グロース（内国株式）,サービス業,1368,1397,1290,1325,-73,-5.221745,111500,OK
2025-05-13,7090,リグア,グロース（内国株式）,サービス業,1083,1086,1072,1072,2,0.186916,3300,OK
2025-05-13,7091,リビングプラットフォーム,グロース（内国株式）,サービス業,1195,1197,1186,1197,12,1.012658,6900,OK
2025-05-13,7092,Ｆａｓｔ　Ｆｉｔｎｅｓｓ　Ｊａｐａｎ,プライム（内国株式）,サービス業,1475,1489,1440,1440,-29,-1.974132,24600,OK
2025-05-13,7093,アディッシュ,グロース（内国株式）,サービス業,573,573,565,570,-5,-0.869565,7100,OK
2025-05-13,7094,ＮｅｘＴｏｎｅ,グロース（内国株式）,サービス業,1265,1542,1249,1542,300,24.154589,215400,OK
2025-05-13,7095,Ｍａｃｂｅｅ　Ｐｌａｎｅｔ,プライム（内国株式）,サービス業,3045,3070,2917,2930,-80,-2.657807,114300,OK
2025-05-13,7096,ステムセル研究所,グロース（内国株式）,サービス業,1276,1278,1241,1267,-14,-1.092896,45900,OK
2025-05-13,7097,さくらさくプラス,グロース（内国株式）,サービス業,2192,2194,2172,2174,-7,-0.320954,5400,OK
2025-05-13,7098,エージェント,TOKYO PRO MARKET（内国株式）,サービス業,,,,,,,,NO_QUOTE
2025-05-13,7102,日本車輌製造,プライム（内国株式）,輸送用機器,2120,2126,2093,2093,-19,-0.899621,8400,OK
2025-05-13,7105,三菱ロジスネクスト,スタンダード（内国株式）,輸送用機器,2091,2132,2050,2059,18,0.881921,355800,OK
2025-05-13,7110,クラシコム,グロース（内国株式）,小売業,1400,1400,1385,1385,-15,-1.071429,2900,OK
2025-05-13,7111,ＩＮＥＳＴ,スタンダード（内国株式）,卸売業,48,49,47,48,0,0,742000,OK
2025-05-13,7112,キューブ,グロース（内国株式）,小売業,451,451,443,443,-16,-3.485839,3700,OK
2025-05-13,7114,フーディソン,グロース（内国株式）,卸売業,821,821,802,802,-1,-0.124533,3200,OK
2025-05-13,7115,アルファパーチェス,スタンダード（内国株式）,卸売業,2098,2098,2000,2042,-30,-1.447876,13100,OK
2025-05-13,7116,ダイワ通信,スタンダード（内国株式）,卸売業,852,859,838,841,-10,-1.175088,4200,OK
2025-05-13,7117,ミモナ,TOKYO PRO MARKET（内国株式）,小売業,,,,,,,,NO_QUOTE
2025-05-13,7119,ハルメクホールディングス,グロース（内国株式）,小売業,1064,1064,1047,1059,2,0.189215,5800,OK
2025-05-13,7120,ＳＨＩＮＫＯ,スタンダード（内国株式）,卸売業,2067,2089,2067,2089,22,1.064344,4300,OK
2025-05-13,7122,近畿車輛,スタンダード（内国株式）,輸送用機器,1595,1630,1540,1581,6,0.380952,36300,OK
2025-05-13,7126,グローバルスタイル,スタンダード（内国株式）,小売業,1591,1594,1584,1593,11,0.695322,2600,OK
2025-05-13,7127,一家ホールディングス,スタンダード（内国株式）,小売業,658,658,654,656,0,0,6000,OK
2025-05-13,7128,フルサト・マルカホールディングス,プライム（内国株式）,卸売業,2300,2317,2266,2274,-5,-0.219394,26400,OK
2025-05-13,7129,ミアヘルサホールディングス,スタンダード（内国株式）,小売業,1095,1095,1094,1095,1,0.091408,800,OK
2025-05-13,7130,ヤマエグループホールディングス,プライム（内国株式）,卸売業,2437,2470,2417,2427,3,0.123762,102800,OK
2025-05-13,7131,のむら産業,スタンダード（内国株式）,卸売業,2033,2042,2033,2041,11,0.541872,800,OK
2025-05-13,7132,フローバル,TOKYO PRO MARKET（内国株式）,卸売業,,,,,,,,NO_QUOTE
2025-05-13,7133,ＨＹＵＧＡ　ＰＲＩＭＡＲＹ　ＣＡＲＥ,グロース（内国株式）,小売業,1284,1331,1284,1296,8,0.621118,4900,OK
2025-05-13,7134,アップガレージグループ,スタンダード（内国株式）,小売業,1049,1132,1000,1020,25,2.512563,152700,OK
2025-05-13,7135,ジャパンクラフトホールディングス,スタンダード（内国株式）,小売業,179,180,177,178,0,0,41500,OK
2025-05-13,7136,ウェルビングループ,TOKYO PRO MARKET（内国株式）,小売業,,,,,,,,NO_QUOTE
2025-05-13,7137,グラントマト,TOKYO PRO MARKET（内国株式）,小売業,,,,,,,,NO_QUOTE
2025-05-13,7138,ＴＯＲＩＣＯ,グロース（内国株式）,小売業,658,665,635,635,-22,-3.348554,5600,OK
2025-05-13,7139,東京高圧山崎,TOKYO PRO MARKET（内国株式）,卸売業,,,,,,,,NO_QUOTE
2025-05-13,7140,ペットゴー,グロース（内国株式）,小売業,865,871,853,853,-11,-1.273148,3100,OK
2025-05-13,7148,ＦＰＧ,プライム（内国株式）,証券･商品先物取引業,2365,2377,2334,2347,30,1.294778,378500,OK
2025-05-13,7150,島根銀行,スタンダード（内国株式）,銀行業,520,520,498,498,14,2.892562,72200,OK
2025-05-13,7157,ライフネット生命保険,グロース（内国株式）,保険業,1834,1862,1812,1829,4,0.219178,296500,OK
2025-05-13,7161,じもとホールディングス,スタンダード（内国株式）,銀行業,342,347,333,341,12,3.647416,137400,OK
2025-05-13,7162,アストマックス,スタンダード（内国株式）,証券･商品先物取引業,222,222,218,220,-2,-0.900901,17600,OK
2025-05-13,7163,住信ＳＢＩネット銀行,スタンダード（内国株式）,銀行業,3455,3525,3380,3390,40,1.19403,3783000,OK
2025-05-13,7164,全国保証,プライム（内国株式）,その他金融業,3233,3243,3172,3194,-36,-1.114551,314200,OK
2025-05-13,7167,めぶきフィナンシャルグループ,プライム（内国株式）,銀行業,696.2,723.1,690.7,708.7,22.5,3.278927,5617400,OK
2025-05-13,7170,中央インターナショナルグループ,TOKYO PRO MARKET（内国株式）,保険業,200,200,200,200,0,0,20000,OK
2025-05-13,7172,ジャパンインベストメントアドバイザー,プライム（内国株式）,証券･商品先物取引業,1697,1734,1689,1697,16,0.951814,320000,OK
2025-05-13,7173,東京きらぼしフィナンシャルグループ,プライム（内国株式）,銀行業,5610,5690,5530,5560,100,1.831502,177100,OK
2025-05-13,7175,今村証券,スタンダード（内国株式）,証券･商品先物取引業,1035,1042,1035,1038,5,0.484027,900,OK
2025-05-13,7176,シンプレクス・ファイナンシャル・ホールディングス,TOKYO PRO MARKET（内国株式）,証券･商品先物取引業,,,,,,,,NO_QUOTE
2025-05-13,7177,ＧＭＯフィナンシャルホールディングス,スタンダード（内国株式）,証券･商品先物取引業,786,792,782,787,7,0.897436,240700,OK
2025-05-13,7180,九州フィナンシャルグループ,プライム（内国株式）,銀行業,731.6,751.8,711.1,716.5,19.7,2.82721,2863300,OK
2025-05-13,7181,かんぽ生命保険,プライム（内国株式）,保険業,2862,2879,2835,2857.5,8.5,0.29835,855100,OK
2025-05-13,7182,ゆうちょ銀行,プライム（内国株式）,銀行業,1512.5,1524.5,1495.5,1501,18.5,1.247892,12290100,OK
2025-05-13,7183,あんしん保証,スタンダード（内国株式）,その他金融業,159,160,158,159,1,0.632911,7500,OK
2025-05-13,7184,富山第一銀行,プライム（内国株式）,銀行業,1136,1142,985,1006,-78,-7.195572,792100,OK
2025-05-13,7185,ヒロセ通商,スタンダード（内国株式）,証券･商品先物取引業,4235,4245,4175,4200,-10,-0.23753,5400,OK
2025-05-13,7186,コンコルディア・フィナンシャルグループ,プライム（内国株式）,銀行業,926.7,972.6,926.4,944.4,19.3,2.086261,7289200,OK
2025-05-13,7187,ジェイリース,プライム（内国株式）,その他金融業,1440,1440,1418,1418,-12,-0.839161,42100,OK
2025-05-13,7189,西日本フィナンシャルホールディングス,プライム（内国株式）,銀行業,2195,2218,2120,2135,-6,-0.280243,616700,OK
2025-05-13,7191,イントラスト,スタンダード（内国株式）,その他金融業,910,913,882,883,-25,-2.753304,65000,OK
2025-05-13,7192,日本モーゲージサービス,スタンダード（内国株式）,その他金融業,428,429,426,429,-1,-0.232558,9600,OK
2025-05-13,7196,Ｃａｓａ,スタンダード（内国株式）,その他金融業,816,819,814,818,4,0.4914,37000,OK
2025-05-13,7198,ＳＢＩアルヒ,プライム（内国株式）,その他金融業,772,772,764,764,-1,-0.130719,65700,OK
2025-05-13,7199,プレミアグループ,プライム（内国株式）,その他金融業,2198,2198,2161,2170,1,0.046104,95900,OK
2025-05-13,7201,日産自動車,プライム（内国株式）,輸送用機器,364,367,355.5,356.8,10.4,3.002309,31485100,OK
2025-05-13,7202,いすゞ自動車,プライム（内国株式）,輸送用機器,2006,2035.5,2001,2014,30,1.512097,1797000,OK
2025-05-13,7203,トヨタ自動車,プライム（内国株式）,輸送用機器,2853.5,2879.5,2846,2850,96.5,3.50463,35248400,OK
2025-05-13,7205,日野自動車,プライム（内国株式）,輸送用機器,466.5,471.5,462.6,470.3,7.7,1.664505,2828800,OK
2025-05-13,7208,カネミツ,スタンダード（内国株式）,輸送用機器,812,819,812,815,0,0,2200,OK
2025-05-13,7211,三菱自動車工業,プライム（内国株式）,輸送用機器,431,451.4,428.7,449.6,34.6,8.337349,21487200,OK
2025-05-13,7212,エフテック,スタンダード（内国株式）,輸送用機器,515,535,509,529,21,4.133858,165600,OK
2025-05-13,7213,レシップホールディングス,スタンダード（内国株式）,輸送用機器,461,461,451,452,-1,-0.220751,19000,OK
2025-05-13,7214,ＧＭＢ,スタンダード（内国株式）,輸送用機器,867,878,853,853,-3,-0.350467,18500,OK
2025-05-13,7215,ファルテック,スタンダード（内国株式）,輸送用機器,398,408,396,406,0,0,13900,OK
2025-05-13,7217,テイン,スタンダード（内国株式）,輸送用機器,741,741,740,740,-2,-0.269542,3400,OK
2025-05-13,7218,田中精密工業,スタンダード（内国株式）,輸送用機器,1038,1053,1022,1022,-16,-1.541426,14300,OK
2025-05-13,7219,エッチ・ケー・エス,スタンダード（内国株式）,輸送用機器,,,,,,,,NO_QUOTE
2025-05-13,7220,武蔵精密工業,プライム（内国株式）,輸送用機器,2695,2716,2606,2650,38,1.454824,719500,OK
2025-05-13,7222,日産車体,スタンダード（内国株式）,輸送用機器,1108,1113,1072,1080,-14,-1.279707,92600,OK
2025-05-13,7224,新明和工業,プライム（内国株式）,輸送用機器,1388,1391,1365,1377,6,0.437637,200800,OK
2025-05-13,7226,極東開発工業,プライム（内国株式）,輸送用機器,2495,2502,2476,2477,-11,-0.442122,178900,OK
2025-05-13,7228,デイトナ,スタンダード（内国株式）,輸送用機器,3765,3825,3765,3825,45,1.190476,1300,OK
2025-05-13,7229,ユタカ技研,スタンダード（内国株式）,輸送用機器,2480,2480,2381,2391,11,0.462185,66200,OK
2025-05-13,7231,トピー工業,プライム（内国株式）,輸送用機器,2274,2289,2245,2262,22,0.982143,56100,OK
2025-05-13,7235,東京ラヂエーター製造,スタンダード（内国株式）,輸送用機器,881,898,863,888,23,2.65896,72600,OK
2025-05-13,7236,ティラド,プライム（内国株式）,輸送用機器,4300,4625,4300,4585,635,16.075949,162100,OK
2025-05-13,7238,曙ブレーキ工業,プライム（内国株式）,輸送用機器,105,107,103,103,-1,-0.961538,914500,OK
2025-05-13,7239,タチエス,プライム（内国株式）,輸送用機器,1630,1649,1624,1634,23,1.427685,167400,OK
2025-05-13,7240,ＮＯＫ,プライム（内国株式）,輸送用機器,2048.5,2066.5,2031.5,2037.5,45.5,2.284137,431400,OK
2025-05-13,7241,フタバ産業,プライム（内国株式）,輸送用機器,790,793,775,788,8,1.025641,452800,OK
2025-05-13,7242,カヤバ,プライム（内国株式）,輸送用機器,3035,3105,3035,3080,83,2.769436,287900,OK
2025-05-13,7244,市光工業,プライム（内国株式）,電気機器,409,414,402,402,-5,-1.228501,80100,OK
2025-05-13,7245,大同メタル工業,プライム（内国株式）,輸送用機器,525,616,518,557,39,7.528958,1614900,OK
2025-05-13,7246,プレス工業,プライム（内国株式）,輸送用機器,565,568,526,539,-23,-4.092527,512800,OK
2025-05-13,7247,ミクニ,スタンダード（内国株式）,輸送用機器,294,295,291,294,3,1.030928,27800,OK
2025-05-13,7250,太平洋工業,プライム（内国株式）,輸送用機器,1321,1330,1301,1310,10,0.769231,94900,OK
2025-05-13,7254,ユニバンス,スタンダード（内国株式）,輸送用機器,393,406,389,405,15,3.846154,235900,OK
2025-05-13,7255,桜井製作所,スタンダード（内国株式）,輸送用機器,572,573,566,566,4,0.711744,3500,OK
2025-05-13,7256,河西工業,スタンダード（内国株式）,輸送用機器,82,85,82,83,1,1.219512,388000,OK
2025-05-13,7259,アイシン,プライム（内国株式）,輸送用機器,1863.5,1870,1837,1857.5,17.5,0.951087,2280600,OK
2025-05-13,7261,マツダ,プライム（内国株式）,輸送用機器,907.7,918.5,878.3,887.7,11.6,1.32405,10919000,OK
2025-05-13,7264,ムロコーポレーション,スタンダード（内国株式）,輸送用機器,1160,1160,1150,1158,9,0.78329,1700,OK
2025-05-13,7265,エイケン工業,スタンダード（内国株式）,輸送用機器,3285,3295,3260,3295,35,1.07362,700,OK
2025-05-13,7266,今仙電機製作所,スタンダード（内国株式）,輸送用機器,659,664,649,659,3,0.457317,31300,OK
2025-05-13,7267,本田技研工業,プライム（内国株式）,輸送用機器,1514,1517,1492,1503.5,15,1.007726,17122800,OK
2025-05-13,7269,スズキ,プライム（内国株式）,輸送用機器,1899.5,1929,1868,1868,68,3.777778,13341600,OK
2025-05-13,7270,ＳＵＢＡＲＵ,プライム（内国株式）,輸送用機器,2828,2863,2808,2830,97,3.549213,5038000,OK
2025-05-13,7271,安永,スタンダード（内国株式）,輸送用機器,528,530,524,527,8,1.541426,12100,OK
2025-05-13,7272,ヤマハ発動機,プライム（内国株式）,輸送用機器,1187.5,1197,1120,1134.5,-24,-2.071644,11744000,OK
2025-05-13,7273,イクヨ,スタンダード（内国株式）,輸送用機器,4305,4305,4190,4280,-15,-0.349243,6600,OK
2025-05-13,7276,小糸製作所,プライム（内国株式）,電気機器,1839,1858,1820,1825.5,44,2.469829,1042400,OK
2025-05-13,7277,ＴＢＫ,スタンダード（内国株式）,輸送用機器,291,292,288,291,0,0,64000,OK
2025-05-13,7278,エクセディ,プライム（内国株式）,輸送用機器,4395,4420,4345,4350,-30,-0.684932,101600,OK
2025-05-13,7279,ハイレックスコーポレーション,スタンダード（内国株式）,輸送用機器,1471,1487,1454,1476,26,1.793103,24200,OK
2025-05-13,7280,ミツバ,プライム（内国株式）,電気機器,863,868,843,843,-5,-0.589623,79900,OK
2025-05-13,7282,豊田合成,プライム（内国株式）,輸送用機器,2860,2886,2841,2857,38,1.347996,274700,OK
2025-05-13,7283,愛三工業,プライム（内国株式）,輸送用機器,1983,2012,1951,1961,-3,-0.152749,128400,OK
2025-05-13,7284,盟和産業,スタンダード（内国株式）,輸送用機器,1054,1055,1027,1048,-6,-0.56926,5600,OK
2025-05-13,7287,日本精機,スタンダード（内国株式）,輸送用機器,1162,1180,1160,1168,20,1.74216,101100,OK
2025-05-13,7291,日本プラスト,スタンダード（内国株式）,輸送用機器,359,363,355,362,5,1.40056,62900,OK
2025-05-13,7292,村上開明堂,スタンダード（内国株式）,輸送用機器,5680,5700,5530,5580,-90,-1.587302,6700,OK
2025-05-13,7294,ヨロズ,プライム（内国株式）,輸送用機器,990,995,979,984,9,0.923077,23400,OK
2025-05-13,7296,エフ・シー・シー,プライム（内国株式）,輸送用機器,2870,2881,2839,2850,25,0.884956,235000,OK
2025-05-13,7297,カーメイト,スタンダード（内国株式）,輸送用機器,860,860,851,851,-3,-0.351288,500,OK
2025-05-13,7299,フジオーゼックス,スタンダード（内国株式）,輸送用機器,1404,1405,1371,1388,-13,-0.927909,7500,OK
2025-05-13,7305,新家工業,スタンダード（内国株式）,鉄鋼,4670,4690,4665,4665,15,0.322581,20900,OK
2025-05-13,7309,シマノ,プライム（内国株式）,輸送用機器,20240,20450,20120,20210,105,0.522258,241100,OK
2025-05-13,7313,テイ・エス　テック,プライム（内国株式）,輸送用機器,1660,1674.5,1654.5,1659,15,0.912409,183200,OK
2025-05-13,7314,小田原機器,スタンダード（内国株式）,輸送用機器,1031,1043,1027,1030,0,0,3800,OK
2025-05-13,7317,松屋アールアンドディ,グロース（内国株式）,輸送用機器,650,650,630,630,-9,-1.408451,11000,OK
2025-05-13,7318,セレンディップ・ホールディングス,グロース（内国株式）,輸送用機器,1911,2000,1720,1797,166,10.177805,348100,OK
2025-05-13,7320,Ｓｏｌｖｖｙ,グロース（内国株式）,その他金融業,2825,3025,2755,2973,153,5.425532,102100,OK
2025-05-13,7322,三十三フィナンシャルグループ,プライム（内国株式）,銀行業,2830,2898,2715,2728,7,0.257258,339700,OK
2025-05-13,7325,アイリックコーポレーション,グロース（内国株式）,保険業,710,745,710,736,29,4.101839,10300,OK
2025-05-13,7326,ＳＢＩインシュアランスグループ,グロース（内国株式）,保険業,1198,1208,1185,1191,-1,-0.083893,37900,OK
2025-05-13,7327,第四北越フィナンシャルグループ,プライム（内国株式）,銀行業,3370,3385,3300,3300,35,1.071975,224200,OK
2025-05-13,7337,ひろぎんホールディングス,プライム（内国株式）,銀行業,1242.5,1269,1230.5,1230.5,-3.5,-0.28363,937900,OK
2025-05-13,7343,ブロードマインド,グロース（内国株式）,保険業,993,1004,991,993,-14,-1.390268,8000,OK
2025-05-13,7345,アイ・パートナーズフィナンシャル,グロース（内国株式）,その他金融業,560,565,554,554,-16,-2.807018,1800,OK
2025-05-13,7347,マーキュリアホールディングス,プライム（内国株式）,証券･商品先物取引業,828,830,815,817,-11,-1.328502,28300,OK
2025-05-13,7350,おきなわフィナンシャルグループ,プライム（内国株式）,銀行業,2800,2830,2726,2731,-19,-0.690909,91300,OK
2025-05-13,7351,グッドパッチ,グロース（内国株式）,サービス業,665,675,653,671,23,3.549383,32600,OK
2025-05-13,7352,ＴＷＯＳＴＯＮＥ＆Ｓｏｎｓ,グロース（内国株式）,サービス業,1036,1051,1023,1039,10,0.971817,127700,OK
2025-05-13,7353,ＫＩＹＯラーニング,グロース（内国株式）,サービス業,756,782,753,770,19,2.52996,16700,OK
2025-05-13,7354,ダイレクトマーケティングミックス,プライム（内国株式）,サービス業,248,259,241,245,2,0.823045,679200,OK
2025-05-13,7355,一寸房,TOKYO PRO MARKET（内国株式）,サービス業,,,,,,,,NO_QUOTE
2025-05-13,7356,Ｒｅｔｔｙ,グロース（内国株式）,サービス業,153,153,149,149,1,0.675676,14100,OK
2025-05-13,7357,ジオコード,スタンダード（内国株式）,サービス業,602,608,600,600,-3,-0.497512,4400,OK
2025-05-13,7358,ポピンズ,スタンダード（内国株式）,サービス業,1177,1177,1155,1155,-18,-1.534527,15200,OK
2025-05-13,7359,東京通信グループ,グロース（内国株式）,サービス業,271,290,250,256,-12,-4.477612,2339200,OK
2025-05-13,7360,オンデック,グロース（内国株式）,サービス業,906,923,906,923,17,1.87638,400,OK
2025-05-13,7361,ヒューマンクリエイションホールディングス,グロース（内国株式）,サービス業,1172,1192,1146,1162,-100,-7.92393,93800,OK
2025-05-13,7362,Ｔ．Ｓ．Ｉ,グロース（内国株式）,サービス業,857,857,847,855,10,1.183432,1700,OK
2025-05-13,7363,ベビーカレンダー,グロース（内国株式）,サービス業,1266,1310,1255,1255,19,1.537217,14100,OK
2025-05-13,7364,琉球アスティーダスポーツクラブ,TOKYO PRO MARKET（内国株式）,サービス業,,,,,,,,NO_QUOTE
2025-05-13,7366,ＬＩＴＡＬＩＣＯ,プライム（内国株式）,サービス業,1349,1362,1332,1344,21,1.587302,134200,OK
2025-05-13,7367,セルム,スタンダード（内国株式）,サービス業,359,364,345,361,-1,-0.276243,25000,OK
2025-05-13,7368,表示灯,スタンダード（内国株式）,サービス業,1591,1603,1589,1603,14,0.881057,1400,OK
2025-05-13,7369,メイホーホールディングス,グロース（内国株式）,サービス業,720,723,700,721,0,0,10000,OK
2025-05-13,7370,Ｅｎｊｉｎ,グロース（内国株式）,サービス業,773,773,766,768,-1,-0.130039,7100,OK
2025-05-13,7371,Ｚｅｎｋｅｎ,グロース（内国株式）,サービス業,595,597,583,589,3,0.511945,8600,OK
2025-05-13,7372,デコルテ・ホールディングス,グロース（内国株式）,サービス業,297,326,296,301,0,0,205700,OK
2025-05-13,7373,アイドマ・ホールディングス,グロース（内国株式）,サービス業,1950,1959,1922,1924,-2,-0.103842,48800,OK
2025-05-13,7374,コンフィデンス・インターワークス,グロース（内国株式）,サービス業,1505,1506,1484,1488,-11,-0.733823,29400,OK
2025-05-13,7375,リファインバースグループ,グロース（内国株式）,サービス業,800,808,800,808,5,0.622665,400,OK
2025-05-13,7376,ＢＣＣ,グロース（内国株式）,サービス業,,,,,,,,NO_QUOTE
2025-05-13,7377,ＤＮホールディングス,スタンダード（内国株式）,サービス業,2073,2073,2023,2024,1,0.049432,2300,OK
2025-05-13,7378,アシロ,グロース（内国株式）,サービス業,1677,1714,1670,1670,3,0.179964,72000,OK
2025-05-13,7379,サーキュレーション,グロース（内国株式）,サービス業,660,660,652,657,-1,-0.151976,8600,OK
2025-05-13,7380,十六フィナンシャルグループ,プライム（内国株式）,銀行業,4970,5030,4825,4825,-5,-0.10352,146100,OK
2025-05-13,7381,北國フィナンシャルホールディングス,プライム（内国株式）,銀行業,5050,5110,4895,4900,-10,-0.203666,46700,OK
2025-05-13,7383,ネットプロテクションズホールディングス,プライム（内国株式）,その他金融業,485,494,475,485,12,2.536998,1270000,OK
2025-05-13,7384,プロクレアホールディングス,プライム（内国株式）,銀行業,1628,1637,1597,1597,-10,-0.622278,62100,OK
2025-05-13,7386,ジャパンワランティサポート,グロース（内国株式）,その他金融業,3340,3340,3335,3340,5,0.149925,2600,OK
2025-05-13,7388,ＦＰパートナー,プライム（内国株式）,保険業,2519,2539,2507,2511,7,0.279553,97400,OK
2025-05-13,7389,あいちフィナンシャルグループ,プライム（内国株式）,銀行業,2770,2794,2700,2700,-4,-0.147929,148100,OK
2025-05-13,7399,ナンシン,スタンダード（内国株式）,輸送用機器,539,539,539,539,2,0.372439,100,OK
2025-05-13,7408,ジャムコ,プライム（内国株式）,輸送用機器,1797,1799,1796,1797,0,0,232300,OK
2025-05-13,7409,ＡｅｒｏＥｄｇｅ,グロース（内国株式）,輸送用機器,1957,2020,1945,2020,103,5.372979,11400,OK
2025-05-13,7412,アトム,スタンダード（内国株式）,小売業,670,671,662,665,-4,-0.597907,151600,OK
2025-05-13,7413,創健社,スタンダード（内国株式）,卸売業,2780,2780,2579,2600,120,4.83871,6000,OK
2025-05-13,7414,小野建,プライム（内国株式）,卸売業,1545,1557,1530,1530,-14,-0.906736,42200,OK
2025-05-13,7416,はるやまホールディングス,スタンダード（内国株式）,小売業,625,628,618,621,2,0.323102,2700,OK
2025-05-13,7417,南陽,スタンダード（内国株式）,卸売業,1145,1165,1101,1140,-60,-5,100500,OK
2025-05-13,7419,ノジマ,プライム（内国株式）,小売業,2910,2960,2898,2899,-31,-1.05802,234900,OK
2025-05-13,7420,佐鳥電機,プライム（内国株式）,卸売業,1743,1748,1722,1728,0,0,65000,OK
2025-05-13,7421,カッパ・クリエイト,プライム（内国株式）,小売業,1510,1521,1497,1507,-7,-0.462351,73600,OK
2025-05-13,7422,東邦レマック,スタンダード（内国株式）,卸売業,451,452,446,446,0,0,5700,OK
2025-05-13,7425,初穂商事,スタンダード（内国株式）,卸売業,1915,1946,1900,1901,-39,-2.010309,4600,OK
2025-05-13,7426,山大,スタンダード（内国株式）,卸売業,1068,1083,1068,1068,-7,-0.651163,2000,OK
2025-05-13,7427,エコートレーディング,スタンダード（内国株式）,卸売業,844,875,825,834,-10,-1.184834,136000,OK
2025-05-13,7433,伯東,プライム（内国株式）,卸売業,3790,3855,3750,3825,75,2,113200,OK
2025-05-13,7434,オータケ,スタンダード（内国株式）,卸売業,1823,1824,1823,1824,1,0.054855,1400,OK
2025-05-13,7435,ナ・デックス,スタンダード（内国株式）,卸売業,888,890,885,885,-2,-0.225479,3300,OK
2025-05-13,7438,コンドーテック,プライム（内国株式）,卸売業,1450,1453,1429,1436,-20,-1.373626,23300,OK
2025-05-13,7442,中山福,スタンダード（内国株式）,卸売業,383,383,381,382,1,0.262467,4600,OK
2025-05-13,7443,横浜魚類,スタンダード（内国株式）,卸売業,592,592,589,590,-7,-1.172529,5600,OK
2025-05-13,7444,ハリマ共和物産,スタンダード（内国株式）,卸売業,2098,2100,2083,2091,11,0.528846,1000,OK
2025-05-13,7445,ライトオン,スタンダード（内国株式）,小売業,259,284,254,257,2,0.784314,969500,OK
2025-05-13,7446,東北化学薬品,スタンダード（内国株式）,卸売業,,,,,,,,NO_QUOTE
2025-05-13,7447,ナガイレーベン,プライム（内国株式）,卸売業,2203,2212,2167,2177,-38,-1.715576,51400,OK
2025-05-13,7450,サンデー,スタンダード（内国株式）,小売業,1066,1068,1060,1060,-2,-0.188324,1200,OK
2025-05-13,7451,三菱食品,スタンダード（内国株式）,卸売業,6320,6330,6320,6320,0,0,282700,OK
2025-05-13,7453,良品計画,プライム（内国株式）,小売業,4889,4936,4820,4925,36,0.736347,3709300,OK
2025-05-13,7455,パリミキホールディングス,スタンダード（内国株式）,小売業,281,288,276,284,5,1.792115,78300,OK
2025-05-13,7456,松田産業,プライム（内国株式）,卸売業,3390,3405,3285,3340,-45,-1.329394,88900,OK
2025-05-13,7458,第一興商,プライム（内国株式）,卸売業,1577,1577.5,1533,1533,-124,-7.483404,1604900,OK
2025-05-13,7459,メディパルホールディングス,プライム（内国株式）,卸売業,2510,2517.5,2467,2478.5,3,0.121188,510200,OK
2025-05-13,7460,ヤギ,スタンダード（内国株式）,卸売業,2271,2272,2181,2193,27,1.246537,38100,OK
2025-05-13,7461,キムラ,スタンダード（内国株式）,卸売業,453,460,452,460,7,1.545254,2600,OK
2025-05-13,7462,ＣＡＰＩＴＡ,スタンダード（内国株式）,小売業,338,346,338,346,9,2.670623,4400,OK
2025-05-13,7463,アドヴァングループ,スタンダード（内国株式）,小売業,859,864,857,858,5,0.586166,52900,OK
2025-05-13,7464,セフテック,スタンダード（内国株式）,卸売業,1649,1649,1617,1630,0,0,5300,OK
2025-05-13,7466,ＳＰＫ,プライム（内国株式）,卸売業,2160,2190,2138,2138,-25,-1.155802,8500,OK
2025-05-13,7467,萩原電気ホールディングス,プライム（内国株式）,卸売業,3190,3235,3185,3190,10,0.314465,41600,OK
2025-05-13,7472,鳥羽洋行,スタンダード（内国株式）,卸売業,3490,3490,3455,3485,90,2.650957,3600,OK
2025-05-13,7475,アルビス,プライム（内国株式）,小売業,2991,2993,2958,2958,-7,-0.236088,5300,OK
2025-05-13,7476,アズワン,プライム（内国株式）,卸売業,2321.5,2340,2319.5,2320.5,-0.5,-0.021542,96700,OK
2025-05-13,7477,ムラキ,スタンダード（内国株式）,卸売業,1262,1290,1262,1290,26,2.056962,3500,OK
2025-05-13,7480,スズデン,スタンダード（内国株式）,卸売業,1718,1725,1705,1707,-1,-0.058548,20300,OK
2025-05-13,7481,尾家産業,スタンダード（内国株式）,卸売業,2018,2020,1999,2010,10,0.5,8000,OK
2025-05-13,7482,シモジマ,プライム（内国株式）,卸売業,1292,1297,1256,1278,-63,-4.697987,64300,OK
2025-05-13,7483,ドウシシャ,プライム（内国株式）,卸売業,2270,2310,2256,2303,21,0.920245,95200,OK
2025-05-13,7486,サンリン,スタンダード（内国株式）,卸売業,669,675,669,675,5,0.746269,1300,OK
2025-05-13,7487,小津産業,スタンダード（内国株式）,卸売業,1788,1790,1785,1788,1,0.05596,20800,OK
2025-05-13,7490,日新商事,スタンダード（内国株式）,卸売業,1002,1021,989,995,50,5.291005,38900,OK
2025-05-13,7494,コナカ,スタンダード（内国株式）,小売業,233,235,233,233,0,0,21000,OK
2025-05-13,7500,西川計測,スタンダード（内国株式）,卸売業,8800,8880,8800,8810,10,0.113636,1200,OK
2025-05-13,7501,ティムコ,スタンダード（内国株式）,卸売業,850,855,850,850,0,0,1600,OK
2025-05-13,7502,プラザホールディングス,スタンダード（内国株式）,サービス業,,,,,,,,NO_QUOTE
2025-05-13,7504,高速,プライム（内国株式）,卸売業,2568,2604,2550,2550,-5,-0.195695,127200,OK
2025-05-13,7505,扶桑電通,スタンダード（内国株式）,卸売業,1920,1920,1900,1918,-2,-0.104167,7500,OK
2025-05-13,7506,ハウス　オブ　ローゼ,スタンダード（内国株式）,小売業,1384,1389,1382,1382,-2,-0.144509,3100,OK
2025-05-13,7508,Ｇ‐７ホールディングス,プライム（内国株式）,小売業,1438,1438,1374,1374,-44,-3.102962,42500,OK
2025-05-13,7509,アイエーグループ,スタンダード（内国株式）,小売業,3265,3325,3265,3320,60,1.840491,1200,OK
2025-05-13,7510,たけびし,プライム（内国株式）,卸売業,1839,1854,1802,1823,-8,-0.43692,41200,OK
2025-05-13,7512,イオン北海道,スタンダード（内国株式）,小売業,895,895,886,886,-9,-1.005587,81600,OK
2025-05-13,7513,コジマ,プライム（内国株式）,小売業,1097,1102,1082,1092,-5,-0.455789,102100,OK
2025-05-13,7514,ヒマラヤ,スタンダード（内国株式）,小売業,844,845,841,841,-2,-0.237248,5500,OK
2025-05-13,7515,マルヨシセンター,スタンダード（内国株式）,小売業,4000,4000,3960,3960,-40,-1,300,OK
2025-05-13,7516,コーナン商事,プライム（内国株式）,小売業,3845,3855,3805,3825,-10,-0.260756,55600,OK
2025-05-13,7520,エコス,プライム（内国株式）,小売業,2451,2464,2423,2423,-24,-0.980793,12800,OK
2025-05-13,7521,ムサシ,スタンダード（内国株式）,卸売業,1721,1738,1661,1694,-23,-1.339546,46900,OK
2025-05-13,7522,ワタミ,プライム（内国株式）,小売業,1076,1086,1068,1068,-6,-0.558659,108000,OK
2025-05-13,7523,アールビバン,スタンダード（内国株式）,小売業,1111,1116,1103,1115,9,0.813743,13000,OK
2025-05-13,7524,マルシェ,スタンダード（内国株式）,小売業,201,202,189,193,-16,-7.655502,623100,OK
2025-05-13,7525,リックス,プライム（内国株式）,卸売業,2973,2984,2951,2955,-6,-0.202634,9900,OK
2025-05-13,7527,システムソフト,スタンダード（内国株式）,情報･通信業,68,68,67,67,0,0,321100,OK
2025-05-13,7531,清和中央ホールディングス,スタンダード（内国株式）,卸売業,1550,1550,1550,1550,15,0.977199,1000,OK
2025-05-13,7532,パン・パシフィック・インターナショナルホールディングス,プライム（内国株式）,小売業,4534,4551,4432,4464,-27,-0.601202,1547500,OK
2025-05-13,7537,丸文,プライム（内国株式）,卸売業,989,1008,989,999,18,1.834862,107300,OK
2025-05-13,7538,大水,スタンダード（内国株式）,卸売業,312,316,311,311,-3,-0.955414,20000,OK
2025-05-13,7539,アイナボホールディングス,スタンダード（内国株式）,卸売業,671,671,664,667,-2,-0.298954,5900,OK
2025-05-13,7544,スリーエフ,スタンダード（内国株式）,小売業,444,456,443,454,12,2.714932,52500,OK
2025-05-13,7545,西松屋チェーン,プライム（内国株式）,小売業,2159,2160,2127,2131,-24,-1.113689,115000,OK
2025-05-13,7550,ゼンショーホールディングス,プライム（内国株式）,小売業,8777,8839,8635,8645,-185,-2.09513,500400,OK
2025-05-13,7551,ウェッズ,スタンダード（内国株式）,輸送用機器,608,608,597,601,-2,-0.331675,3500,OK
2025-05-13,7552,ハピネット,プライム（内国株式）,卸売業,5370,5400,5250,5310,-160,-2.925046,159000,OK
2025-05-13,7554,幸楽苑,プライム（内国株式）,小売業,1063,1080,1060,1061,22,2.117421,131000,OK
2025-05-13,7555,大田花き,スタンダード（内国株式）,卸売業,763,763,754,757,14,1.884253,3800,OK
2025-05-13,7559,ジーエフシー,スタンダード（内国株式）,卸売業,2011,2011,2011,2011,0,0,5700,OK
2025-05-13,7561,ハークスレイ,スタンダード（内国株式）,小売業,717,717,703,703,-12,-1.678322,25200,OK
2025-05-13,7562,安楽亭,スタンダード（内国株式）,小売業,7120,7150,7100,7110,-10,-0.140449,1000,OK
2025-05-13,7564,ワークマン,スタンダード（内国株式）,小売業,4750,4790,4505,4620,105,2.325581,383200,OK
2025-05-13,7565,萬世電機,スタンダード（内国株式）,卸売業,,,,,,,,NO_QUOTE
2025-05-13,7567,栄電子,スタンダード（内国株式）,卸売業,452,454,451,451,0,0,1200,OK
2025-05-13,7570,橋本総業ホールディングス,スタンダード（内国株式）,卸売業,1340,1340,1308,1309,-21,-1.578947,9700,OK
2025-05-13,7571,ヤマノホールディングス,スタンダード（内国株式）,小売業,61,62,60,61,1,1.666667,320800,OK
2025-05-13,7575,日本ライフライン,プライム（内国株式）,卸売業,1422,1438,1410,1421,1,0.070423,334400,OK
2025-05-13,7578,ニチリョク,スタンダード（内国株式）,小売業,127,128,126,126,0,0,183700,OK
2025-05-13,7581,サイゼリヤ,プライム（内国株式）,小売業,4795,4845,4705,4720,-40,-0.840336,384600,OK
2025-05-13,7585,かんなん丸,スタンダード（内国株式）,小売業,418,425,415,422,9,2.179177,12800,OK
2025-05-13,7590,タカショー,スタンダード（内国株式）,卸売業,418,418,413,418,2,0.480769,20700,OK
2025-05-13,7593,ＶＴホールディングス,プライム（内国株式）,小売業,518,518,512,514,-2,-0.387597,131000,OK
2025-05-13,7595,アルゴグラフィックス,プライム（内国株式）,情報･通信業,5510,5510,5340,5380,-190,-3.411131,64700,OK
2025-05-13,7596,魚力,プライム（内国株式）,小売業,2445,2450,2437,2437,-8,-0.327198,5200,OK
2025-05-13,7599,ＩＤＯＭ,プライム（内国株式）,卸売業,1073,1088,1064,1065,-11,-1.022305,422700,OK
2025-05-13,7600,日本エム・ディ・エム,プライム（内国株式）,精密機器,543,555,542,550,9,1.663586,53800,OK
2025-05-13,7601,ポプラ,スタンダード（内国株式）,小売業,191,191,185,185,-1,-0.537634,137700,OK
2025-05-13,7602,レダックス,スタンダード（内国株式）,卸売業,133,133,131,132,-1,-0.75188,8900,OK
2025-05-13,7603,マックハウス,スタンダード（内国株式）,小売業,167,167,165,165,-1,-0.60241,21800,OK
2025-05-13,7604,梅の花,スタンダード（内国株式）,小売業,847,848,843,844,1,0.118624,4200,OK
2025-05-13,7605,フジ・コーポレーション,プライム（内国株式）,小売業,1998,2011,1964,1964,-34,-1.701702,11900,OK
2025-05-13,7606,ユナイテッドアローズ,プライム（内国株式）,小売業,2165,2167,2107,2121,-20,-0.934143,209700,OK
2025-05-13,7607,進和,プライム（内国株式）,卸売業,3130,3135,3045,3070,-40,-1.286174,29000,OK
2025-05-13,7608,エスケイジャパン,スタンダード（内国株式）,卸売業,832,846,827,837,5,0.600962,21700,OK
2025-05-13,7609,ダイトロン,プライム（内国株式）,卸売業,3500,3500,3440,3460,20,0.581395,26700,OK
2025-05-13,7610,テイツー,スタンダード（内国株式）,小売業,142,145,139,139,-2,-1.41844,995800,OK
2025-05-13,7611,ハイデイ日高,プライム（内国株式）,小売業,3155,3170,3120,3155,20,0.637959,81100,OK
2025-05-13,7613,シークス,プライム（内国株式）,卸売業,1096,1106,1092,1094,15,1.390176,126000,OK
2025-05-13,7614,オーエムツーネットワーク,スタンダード（内国株式）,小売業,1463,1465,1459,1463,14,0.966184,3200,OK
2025-05-13,7615,京都きもの友禅ホールディングス,スタンダード（内国株式）,小売業,87,89,85,85,-2,-2.298851,624500,OK
2025-05-13,7616,コロワイド,プライム（内国株式）,小売業,1837.5,1894.5,1828,1872.5,40.5,2.210699,572200,OK
2025-05-13,7619,田中商事,スタンダード（内国株式）,卸売業,675,675,663,666,-3,-0.44843,10300,OK
2025-05-13,7621,うかい,スタンダード（内国株式）,小売業,3590,3610,3580,3605,15,0.417827,1600,OK
2025-05-13,7623,サンオータス,スタンダード（内国株式）,小売業,831,832,831,832,1,0.120337,400,OK
2025-05-13,7624,ＮａＩＴＯ,スタンダード（内国株式）,卸売業,131,131,129,130,1,0.775194,25400,OK
2025-05-13,7625,グローバルダイニング,スタンダード（内国株式）,小売業,353,353,346,346,-6,-1.704545,4000,OK
2025-05-13,7628,オーハシテクニカ,プライム（内国株式）,卸売業,2059,2059,2001,2001,-48,-2.342606,9700,OK
2025-05-13,7630,壱番屋,プライム（内国株式）,小売業,945,948,938,940,-3,-0.318134,206100,OK
2025-05-13,7634,星医療酸器,スタンダード（内国株式）,卸売業,4530,4535,4500,4500,-30,-0.662252,1400,OK
2025-05-13,7635,杉田エース,スタンダード（内国株式）,卸売業,1175,1175,1161,1161,-8,-0.684346,500,OK
2025-05-13,7636,ハンズマン,スタンダード（内国株式）,小売業,810,818,810,811,-4,-0.490798,6300,OK
2025-05-13,7637,白銅,プライム（内国株式）,卸売業,2239,2239,2182,2182,-19,-0.863244,10300,OK
2025-05-13,7638,ＮＥＷ　ＡＲＴ　ＨＯＬＤＩＮＧＳ,スタンダード（内国株式）,小売業,1360,1382,1330,1355,-35,-2.517986,42000,OK
2025-05-13,7640,トップカルチャー,スタンダード（内国株式）,小売業,143,152,143,149,6,4.195804,352400,OK
2025-05-13,7643,ダイイチ,スタンダード（内国株式）,小売業,1390,1400,1389,1399,8,0.575126,3800,OK
2025-05-13,7646,ＰＬＡＮＴ,スタンダード（内国株式）,小売業,1442,1455,1442,1445,5,0.347222,3100,OK
2025-05-13,7649,スギホールディングス,プライム（内国株式）,小売業,3094,3102,3002,3019,-98,-3.144049,471500,OK
2025-05-13,7670,オーウエル,スタンダード（内国株式）,卸売業,926,927,924,924,-1,-0.108108,1800,OK
2025-05-13,7673,ダイコー通産,スタンダード（内国株式）,卸売業,1408,1408,1391,1406,6,0.428571,5100,OK
2025-05-13,7674,ＮＡＴＴＹ　ＳＷＡＮＫＹホールディングス,グロース（内国株式）,小売業,3235,3235,3220,3220,0,0,1500,OK
2025-05-13,7677,ヤシマキザイ,スタンダード（内国株式）,卸売業,,,,,,,,NO_QUOTE
2025-05-13,7678,あさくま,スタンダード（内国株式）,小売業,4235,4240,4225,4225,-25,-0.588235,1700,OK
2025-05-13,7679,薬王堂ホールディングス,プライム（内国株式）,小売業,2016,2030,1995,1997,-18,-0.8933,45600,OK
2025-05-13,7680,軽自動車館,TOKYO PRO MARKET（内国株式）,小売業,,,,,,,,NO_QUOTE
2025-05-13,7681,レオクラン,スタンダード（内国株式）,卸売業,,,,,,,,NO_QUOTE
2025-05-13,7682,浜木綿,スタンダード（内国株式）,小売業,4280,4290,4280,4280,0,0,600,OK
2025-05-13,7683,ダブルエー,プライム（内国株式）,小売業,1357,1371,1351,1359,6,0.443459,44100,OK
2025-05-13,7685,ＢｕｙＳｅｌｌ　Ｔｅｃｈｎｏｌｏｇｉｅｓ,グロース（内国株式）,卸売業,3135,3195,3065,3165,0,0,90000,OK
2025-05-13,7686,カクヤスグループ,スタンダード（内国株式）,小売業,476,476,471,471,-4,-0.842105,23900,OK
2025-05-13,7687,ミクリード,グロース（内国株式）,卸売業,501,501,490,490,-3,-0.608519,5200,OK
2025-05-13,7689,コパ・コーポレーション,グロース（内国株式）,卸売業,482,482,475,478,-5,-1.035197,600,OK
2025-05-13,7690,カレント自動車,TOKYO PRO MARKET（内国株式）,卸売業,,,,,,,,NO_QUOTE
2025-05-13,7691,Ｃ　Ｃｈａｎｎｅｌ,TOKYO PRO MARKET（内国株式）,小売業,,,,,,,,NO_QUOTE
2025-05-13,7692,アースインフィニティ,スタンダード（内国株式）,電気･ガス業,107,109,105,105,0,0,696100,OK
2025-05-13,7693,北海道歯科産業,TOKYO PRO MARKET（内国株式）,卸売業,,,,,,,,NO_QUOTE
2025-05-13,7694,いつも,グロース（内国株式）,小売業,610,720,606,720,100,16.129032,600000,OK
2025-05-13,7695,交換できるくん,グロース（内国株式）,小売業,2821,2821,2771,2814,14,0.5,1100,OK
2025-05-13,7698,アイスコ,スタンダード（内国株式）,卸売業,1844,1850,1824,1848,25,1.371366,5000,OK
2025-05-13,7701,島津製作所,プライム（内国株式）,精密機器,3689,3726,3590,3590,-97,-2.630865,1260800,OK
2025-05-13,7702,ＪＭＳ,スタンダード（内国株式）,精密機器,438,438,434,434,-1,-0.229885,29900,OK
2025-05-13,7707,プレシジョン・システム・サイエンス,グロース（内国株式）,精密機器,193,193,191,193,2,1.04712,45600,OK
2025-05-13,7709,クボテック,スタンダード（内国株式）,精密機器,187,189,185,185,-2,-1.069519,7300,OK
2025-05-13,7711,助川電気工業,スタンダード（内国株式）,精密機器,2020,2035,1950,1972,-25,-1.251878,86200,OK
2025-05-13,7713,シグマ光機,スタンダード（内国株式）,精密機器,1376,1377,1370,1377,12,0.879121,2600,OK
2025-05-13,7715,長野計器,プライム（内国株式）,精密機器,1930,1995,1835,1843,-33,-1.759062,345700,OK
2025-05-13,7716,ナカニシ,スタンダード（内国株式）,精密機器,1890,1916,1813,1834,-44,-2.342918,508100,OK
2025-05-13,7717,ブイ・テクノロジー,プライム（内国株式）,精密機器,2299,2324,2235,2261,40,1.800991,82000,OK
2025-05-13,7718,スター精密,プライム（内国株式）,機械,1707,1730,1682,1694,5,0.296033,162300,OK
2025-05-13,7719,東京衡機,スタンダード（内国株式）,精密機器,247,253,236,239,-3,-1.239669,871700,OK
2025-05-13,7721,東京計器,プライム（内国株式）,精密機器,3450,3500,3225,3345,-210,-5.907173,1181700,OK
2025-05-13,7722,国際計測器,スタンダード（内国株式）,精密機器,590,597,582,590,5,0.854701,31000,OK
2025-05-13,7723,愛知時計電機,プライム（内国株式）,精密機器,2185,2185,2110,2110,-61,-2.809765,31700,OK
2025-05-13,7725,インターアクション,プライム（内国株式）,精密機器,1239,1246,1200,1200,-31,-2.518278,45700,OK
2025-05-13,7726,黒田精工,スタンダード（内国株式）,機械,879,908,876,908,29,3.299204,12300,OK
2025-05-13,7727,オーバル,スタンダード（内国株式）,精密機器,409,413,405,409,1,0.245098,104900,OK
2025-05-13,7729,東京精密,プライム（内国株式）,精密機器,9102,9300,8811,8811,135,1.556017,509000,OK
2025-05-13,7730,マニー,プライム（内国株式）,精密機器,1237,1237.5,1219.5,1221.5,9,0.742268,251300,OK
2025-05-13,7731,ニコン,プライム（内国株式）,精密機器,1450,1483.5,1441,1471,45.5,3.191863,1448300,OK
2025-05-13,7732,トプコン,プライム（内国株式）,精密機器,3226,3233,3226,3230,7,0.217189,881000,OK
2025-05-13,7733,オリンパス,プライム（内国株式）,精密機器,2054,2066.5,2015.5,2017,-4,-0.197922,4926900,OK
2025-05-13,7734,理研計器,プライム（内国株式）,精密機器,2885,2896,2785,2828,-9,-0.317237,84000,OK
2025-05-13,7735,ＳＣＲＥＥＮホールディングス,プライム（内国株式）,電気機器,10990,11100,10660,10935,385,3.649289,1581600,OK
2025-05-13,7739,キヤノン電子,プライム（内国株式）,電気機器,2568,2573,2510,2547,-11,-0.430023,126500,OK
2025-05-13,7740,タムロン,プライム（内国株式）,精密機器,3380,3420,3375,3395,65,1.951952,148500,OK
2025-05-13,7741,ＨＯＹＡ,プライム（内国株式）,精密機器,18130,18345,18025,18225,495,2.791878,1115400,OK
2025-05-13,7743,シード,プライム（内国株式）,精密機器,470,472,463,467,0,0,123300,OK
2025-05-13,7744,ノーリツ鋼機,プライム（内国株式）,精密機器,4465,4505,4395,4415,80,1.845444,144900,OK
2025-05-13,7745,Ａ＆Ｄホロンホールディングス,プライム（内国株式）,精密機器,1950,2002,1950,1972,74,3.898841,182000,OK
2025-05-13,7746,岡本硝子,スタンダード（内国株式）,精密機器,160,163,157,158,0,0,434900,OK
2025-05-13,7747,朝日インテック,プライム（内国株式）,精密機器,2283,2296.5,2252,2260.5,30,1.34499,832700,OK
2025-05-13,7749,メディキット,スタンダード（内国株式）,精密機器,2494,2494,2467,2467,-2,-0.081004,400,OK
2025-05-13,7751,キヤノン,プライム（内国株式）,電気機器,4753,4787,4733,4764,81,1.72966,3942400,OK
2025-05-13,7752,リコー,プライム（内国株式）,電気機器,1644,1656,1629.5,1647.5,31,1.917723,1667300,OK
2025-05-13,7760,ＩＭＶ,スタンダード（内国株式）,精密機器,1539,1574,1452,1490,-58,-3.74677,228900,OK
2025-05-13,7762,シチズン時計,プライム（内国株式）,精密機器,865,871,855,855,5,0.588235,1312000,OK
2025-05-13,7769,リズム,プライム（内国株式）,精密機器,3800,3800,3675,3745,15,0.402145,3100,OK
2025-05-13,7771,日本精密,スタンダード（内国株式）,精密機器,73,73,71,73,1,1.388889,99400,OK
2025-05-13,7774,ジャパン・ティッシュエンジニアリング,グロース（内国株式）,精密機器,609,610,592,605,5,0.833333,244400,OK
2025-05-13,7775,大研医器,スタンダード（内国株式）,精密機器,477,479,470,473,-6,-1.25261,65000,OK
2025-05-13,7776,セルシード,グロース（内国株式）,精密機器,529,542,523,528,4,0.763359,730100,OK
2025-05-13,7777,スリー・ディー・マトリックス,グロース（内国株式）,精密機器,128,133,127,129,5,4.032258,1640800,OK
2025-05-13,7779,ＣＹＢＥＲＤＹＮＥ,グロース（内国株式）,精密機器,175,177,173,175,1,0.574713,537200,OK
2025-05-13,7780,メニコン,プライム（内国株式）,精密機器,1402,1414,1396,1409,16,1.1486,242200,OK
2025-05-13,7781,平山ホールディングス,スタンダード（内国株式）,精密機器,1039,1041,1024,1024,-11,-1.062802,9400,OK
2025-05-13,7782,シンシア,スタンダード（内国株式）,精密機器,804,818,798,804,-1,-0.124224,46100,OK
2025-05-13,7791,ドリームベッド,スタンダード（内国株式）,その他製品,768,785,737,747,-12,-1.581028,29100,OK
2025-05-13,7792,コラントッテ,グロース（内国株式）,その他製品,1273,1273,1232,1243,-27,-2.125984,16300,OK
2025-05-13,7793,イメージ・マジック,グロース（内国株式）,その他製品,1287,1392,1280,1380,100,7.8125,16600,OK
2025-05-13,7794,イーディーピー,グロース（内国株式）,その他製品,645,654,641,642,4,0.626959,105400,OK
2025-05-13,7795,ＫＹＯＲＩＴＳＵ,スタンダード（内国株式）,その他製品,169,170,168,170,1,0.591716,66200,OK
2025-05-13,7800,アミファ,スタンダード（内国株式）,その他製品,619,621,619,621,0,0,6000,OK
2025-05-13,7803,ブシロード,グロース（内国株式）,その他製品,545,545,533,541,6,1.121495,274300,OK
2025-05-13,7804,ビーアンドピー,スタンダード（内国株式）,その他製品,2123,2133,2089,2130,10,0.471698,4100,OK
2025-05-13,7805,プリントネット,スタンダード（内国株式）,その他製品,641,642,637,638,1,0.156986,2600,OK
2025-05-13,7806,ＭＴＧ,グロース（内国株式）,その他製品,3395,3505,3365,3475,110,3.268945,172800,OK
2025-05-13,7807,幸和製作所,スタンダード（内国株式）,その他製品,788,790,783,786,-12,-1.503759,1300,OK
2025-05-13,7808,シー・エス・ランバー,スタンダード（内国株式）,その他製品,2844,2844,2797,2797,-33,-1.166078,500,OK
2025-05-13,7809,壽屋,スタンダード（内国株式）,その他製品,1529,1570,1500,1538,13,0.852459,30700,OK
2025-05-13,7810,クロスフォー,スタンダード（内国株式）,その他製品,176,177,175,177,1,0.568182,10000,OK
2025-05-13,7811,中本パックス,スタンダード（内国株式）,その他製品,1700,1702,1690,1690,0,0,5300,OK
2025-05-13,7812,クレステック,スタンダード（内国株式）,その他製品,1755,1769,1740,1761,-2,-0.113443,2400,OK
2025-05-13,7813,プラッツ,スタンダード（内国株式）,その他製品,712,722,710,711,-2,-0.280505,4900,OK
2025-05-13,7814,日本創発グループ,スタンダード（内国株式）,その他製品,493,498,492,497,0,0,5600,OK
2025-05-13,7815,東京ボード工業,スタンダード（内国株式）,その他製品,630,633,628,631,1,0.15873,1600,OK
2025-05-13,7817,パラマウントベッドホールディングス,プライム（内国株式）,その他製品,2409,2413,2378,2388,5,0.20982,98400,OK
2025-05-13,7818,トランザクション,プライム（内国株式）,その他製品,2572,2572,2503,2533,-20,-0.783392,29200,OK
2025-05-13,7819,粧美堂,スタンダード（内国株式）,その他製品,565,572,565,572,7,1.238938,5100,OK
2025-05-13,7820,ニホンフラッシュ,プライム（内国株式）,その他製品,831,831,822,822,-9,-1.083032,10600,OK
2025-05-13,7821,前田工繊,プライム（内国株式）,その他製品,2044,2046,1997,2001,-43,-2.103718,247700,OK
2025-05-13,7822,永大産業,スタンダード（内国株式）,その他製品,222,225,218,218,-3,-1.357466,103500,OK
2025-05-13,7823,アートネイチャー,スタンダード（内国株式）,その他製品,800,808,784,788,-9,-1.129235,24600,OK
2025-05-13,7826,フルヤ金属,プライム（内国株式）,その他製品,2607,2635,2572,2601,14,0.541167,194300,OK
2025-05-13,7827,オービス,スタンダード（内国株式）,その他製品,1353,1353,1342,1349,7,0.52161,900,OK
2025-05-13,7831,ウイルコホールディングス,スタンダード（内国株式）,その他製品,122,122,120,120,-1,-0.826446,7400,OK
2025-05-13,7832,バンダイナムコホールディングス,プライム（内国株式）,その他製品,4735,4883,4690,4810,89,1.885194,2846000,OK
2025-05-13,7833,アイフィスジャパン,スタンダード（内国株式）,その他製品,561,561,555,557,-3,-0.535714,14700,OK
2025-05-13,7836,アビックス,スタンダード（内国株式）,その他製品,100,100,98,98,-1,-1.010101,187800,OK
2025-05-13,7837,アールシーコア,スタンダード（内国株式）,その他製品,387,391,369,369,-17,-4.404145,9300,OK
2025-05-13,7839,ＳＨＯＥＩ,プライム（内国株式）,その他製品,1661,1667,1626,1654,19,1.16208,215600,OK
2025-05-13,7840,フランスベッドホールディングス,プライム（内国株式）,その他製品,1276,1285,1272,1272,-18,-1.395349,39600,OK
2025-05-13,7841,遠藤製作所,スタンダード（内国株式）,その他製品,1175,1188,1111,1123,-34,-2.938634,41300,OK
2025-05-13,7844,マーベラス,プライム（内国株式）,情報･通信業,480,483,473,476,-4,-0.833333,172400,OK
2025-05-13,7846,パイロットコーポレーション,プライム（内国株式）,その他製品,4090,4121,4031,4060,1,0.024637,79100,OK
2025-05-13,7847,グラファイトデザイン,スタンダード（内国株式）,その他製品,630,631,627,631,5,0.798722,6900,OK
2025-05-13,7849,スターツ出版,スタンダード（内国株式）,情報･通信業,4025,4025,3685,3705,-390,-9.52381,21600,OK
2025-05-13,7850,総合商研,スタンダード（内国株式）,その他製品,892,892,877,877,-17,-1.901566,3300,OK
2025-05-13,7851,カワセコンピュータサプライ,スタンダード（内国株式）,その他製品,250,250,246,246,-2,-0.806452,12900,OK
2025-05-13,7856,萩原工業,プライム（内国株式）,その他製品,1468,1477,1461,1470,5,0.341297,96000,OK
2025-05-13,7857,セキ,スタンダード（内国株式）,その他製品,1350,1350,1350,1350,-5,-0.369004,100,OK
2025-05-13,7859,アルメディオ,スタンダード（内国株式）,その他製品,240,243,236,238,2,0.847458,148900,OK
2025-05-13,7860,エイベックス,プライム（内国株式）,情報･通信業,1236,1238,1213,1214,-23,-1.859337,159000,OK
2025-05-13,7863,平賀,スタンダード（内国株式）,その他製品,1031,1032,1026,1026,-2,-0.194553,1600,OK
2025-05-13,7864,フジシールインターナショナル,プライム（内国株式）,その他製品,2600,2710,2500,2502,-71,-2.759425,324800,OK
2025-05-13,7865,ピープル,スタンダード（内国株式）,その他製品,520,525,514,514,4,0.784314,1000,OK
2025-05-13,7867,タカラトミー,プライム（内国株式）,その他製品,3110,3131,3043,3110,59,1.933792,1391100,OK
2025-05-13,7868,広済堂ホールディングス,プライム（内国株式）,その他製品,527,535,521,535,13,2.490421,551000,OK
2025-05-13,7871,フクビ化学工業,スタンダード（内国株式）,化学,810,827,809,826,25,3.121099,18900,OK
2025-05-13,7872,エステールホールディングス,スタンダード（内国株式）,その他製品,581,582,575,575,-2,-0.34662,7400,OK
2025-05-13,7874,レック,プライム（内国株式）,化学,1229,1233,1208,1208,-17,-1.387755,26800,OK
2025-05-13,7875,竹田ｉＰホールディングス,スタンダード（内国株式）,その他製品,985,985,974,980,-4,-0.406504,4000,OK
2025-05-13,7877,永大化工,スタンダード（内国株式）,化学,1535,1535,1503,1526,-9,-0.586319,800,OK
2025-05-13,7878,光・彩,スタンダード（内国株式）,その他製品,942,942,929,929,-4,-0.428725,1400,OK
2025-05-13,7879,ノダ,スタンダード（内国株式）,その他製品,694,695,684,685,-8,-1.154401,11400,OK
2025-05-13,7883,サンメッセ,スタンダード（内国株式）,その他製品,367,369,366,367,2,0.547945,2200,OK
2025-05-13,7885,タカノ,スタンダード（内国株式）,その他製品,726,728,701,720,0,0,23600,OK
2025-05-13,7886,ヤマト　モビリティ　＆　Ｍｆｇ．,スタンダード（内国株式）,化学,894,924,894,919,25,2.796421,500,OK
2025-05-13,7887,南海プライウッド,スタンダード（内国株式）,その他製品,5350,5350,5350,5350,-30,-0.557621,100,OK
2025-05-13,7888,三光合成,プライム（内国株式）,化学,624,633,619,620,-1,-0.161031,126900,OK
2025-05-13,7893,プロネクサス,プライム（内国株式）,その他製品,1156,1160,1150,1150,-4,-0.34662,25400,OK
2025-05-13,7896,セブン工業,スタンダード（内国株式）,その他製品,502,503,502,503,1,0.199203,400,OK
2025-05-13,7897,ホクシン,スタンダード（内国株式）,その他製品,117,117,114,114,-1,-0.869565,118300,OK
2025-05-13,7898,ウッドワン,スタンダード（内国株式）,その他製品,860,860,841,841,-15,-1.752336,16500,OK
2025-05-13,7901,マツモト,スタンダード（内国株式）,その他製品,781,790,781,789,9,1.153846,1900,OK
2025-05-13,7902,ソノコム,スタンダード（内国株式）,その他製品,835,835,835,835,-14,-1.648999,800,OK
2025-05-13,7906,ヨネックス,スタンダード（内国株式）,その他製品,2322,2338,2277,2306,18,0.786713,357000,OK
2025-05-13,7908,きもと,スタンダード（内国株式）,化学,231,232,228,229,0,0,370400,OK
2025-05-13,7911,ＴＯＰＰＡＮホールディングス,プライム（内国株式）,その他製品,4359,4366,4319,4319,30,0.699464,726500,OK
2025-05-13,7912,大日本印刷,プライム（内国株式）,その他製品,2114,2114,2079,2094.5,26.5,1.281431,1589500,OK
2025-05-13,7914,共同印刷,プライム（内国株式）,その他製品,1117,1123,1100,1100,-17,-1.521934,28500,OK
2025-05-13,7915,ＮＩＳＳＨＡ,プライム（内国株式）,その他製品,1354,1369,1327,1339,20,1.5163,271000,OK
2025-05-13,7916,光村印刷,スタンダード（内国株式）,その他製品,1339,1339,1317,1329,4,0.301887,3300,OK
2025-05-13,7917,ＺＡＣＲＯＳ,プライム（内国株式）,化学,3910,3935,3850,3865,-45,-1.150895,28500,OK
2025-05-13,7918,ヴィア・ホールディングス,スタンダード（内国株式）,小売業,112,112,109,110,-2,-1.785714,190200,OK
2025-05-13,7919,野崎印刷紙業,スタンダード（内国株式）,その他製品,190,190,185,187,0,0,56000,OK
2025-05-13,7921,ＴＡＫＡＲＡ　＆　ＣＯＭＰＡＮＹ,プライム（内国株式）,その他製品,3440,3460,3355,3355,-85,-2.47093,12600,OK
2025-05-13,7922,三光産業,スタンダード（内国株式）,その他製品,415,424,407,419,7,1.699029,17700,OK
2025-05-13,7923,トーイン,スタンダード（内国株式）,その他製品,676,683,671,671,1,0.149254,800,OK
2025-05-13,7925,前澤化成工業,プライム（内国株式）,化学,1829,1829,1814,1814,-12,-0.657174,38700,OK
2025-05-13,7927,ムトー精工,スタンダード（内国株式）,化学,1489,1503,1454,1480,19,1.300479,75600,OK
2025-05-13,7928,旭化学工業,スタンダード（内国株式）,化学,590,590,586,588,-1,-0.169779,1000,OK
2025-05-13,7931,未来工業,プライム（内国株式）,化学,3690,3800,3650,3735,90,2.469136,27100,OK
2025-05-13,7932,ニッピ,スタンダード（内国株式）,その他製品,8410,9060,8320,8790,1240,16.423841,165300,OK
2025-05-13,7936,アシックス,プライム（内国株式）,その他製品,3450,3507,3436,3500,128,3.795967,4456100,OK
2025-05-13,7937,ツツミ,スタンダード（内国株式）,その他製品,2295,2295,2244,2245,-35,-1.535088,10400,OK
2025-05-13,7938,リーガルコーポレーション,スタンダード（内国株式）,その他製品,2549,2549,2450,2456,-99,-3.874755,21200,OK
2025-05-13,7939,研創,スタンダード（内国株式）,その他製品,507,507,501,503,1,0.199203,4100,OK
2025-05-13,7940,ウェーブロックホールディングス,スタンダード（内国株式）,化学,591,591,573,585,2,0.343053,71300,OK
2025-05-13,7942,ＪＳＰ,プライム（内国株式）,化学,1942,1942,1927,1928,-5,-0.258665,16300,OK
2025-05-13,7943,ニチハ,プライム（内国株式）,ガラス･土石製品,2975,2975,2901,2922,-27,-0.915565,29500,OK
2025-05-13,7944,ローランド,プライム（内国株式）,その他製品,3345,3370,3265,3290,-5,-0.151745,147500,OK
2025-05-13,7946,光陽社,スタンダード（内国株式）,その他製品,1410,1410,1410,1410,0,0,100,OK
2025-05-13,7947,エフピコ,プライム（内国株式）,化学,2907,2907,2825,2831,-77,-2.647868,290100,OK
2025-05-13,7949,小松ウオール工業,プライム（内国株式）,その他製品,2197,2210,2174,2174,-21,-0.95672,144800,OK
2025-05-13,7951,ヤマハ,プライム（内国株式）,その他製品,1035.5,1078,1031,1070,64.5,6.414719,3315200,OK
2025-05-13,7952,河合楽器製作所,プライム（内国株式）,その他製品,2707,2757,2707,2730,46,1.71386,8600,OK
2025-05-13,7953,菊水化学工業,スタンダード（内国株式）,その他製品,378,378,370,372,2,0.540541,16200,OK
2025-05-13,7955,クリナップ,プライム（内国株式）,その他製品,673,673,663,668,-5,-0.742942,31100,OK
2025-05-13,7956,ピジョン,プライム（内国株式）,その他製品,1717.5,1819.5,1657,1790,90,5.294118,2207500,OK
2025-05-13,7957,フジコピアン,スタンダード（内国株式）,その他製品,,,,,,,,NO_QUOTE
2025-05-13,7958,天馬,プライム（内国株式）,化学,3580,3595,3565,3565,-15,-0.418994,15800,OK
2025-05-13,7962,キングジム,プライム（内国株式）,その他製品,871,872,867,868,-2,-0.229885,16700,OK
2025-05-13,7963,興研,スタンダード（内国株式）,その他製品,1652,1652,1635,1635,-13,-0.788835,5400,OK
2025-05-13,7965,象印マホービン,プライム（内国株式）,電気機器,1400,1416,1399,1401,3,0.214592,103600,OK
2025-05-13,7966,リンテック,プライム（内国株式）,その他製品,2797,2878,2792,2866,90,3.242075,281800,OK
2025-05-13,7970,信越ポリマー,プライム（内国株式）,化学,1591,1598,1579,1584,6,0.380228,120800,OK
2025-05-13,7971,東リ,スタンダード（内国株式）,化学,472,475,462,464,-6,-1.276596,313400,OK
2025-05-13,7972,イトーキ,プライム（内国株式）,その他製品,1838,1857,1827,1837,17,0.934066,172200,OK
2025-05-13,7974,任天堂,プライム（内国株式）,その他製品,11985,12170,11825,12005,425,3.670121,6146400,OK
2025-05-13,7975,リヒトラブ,スタンダード（内国株式）,その他製品,1164,1170,1155,1160,14,1.22164,5000,OK
2025-05-13,7976,三菱鉛筆,プライム（内国株式）,その他製品,2200,2210,2172,2173,-11,-0.503663,198600,OK
2025-05-13,7979,松風,プライム（内国株式）,精密機器,2094,2127,2053,2081,-13,-0.620821,97000,OK
2025-05-13,7980,重松製作所,スタンダード（内国株式）,その他製品,782,782,775,777,-3,-0.384615,9800,OK
2025-05-13,7981,タカラスタンダード,プライム（内国株式）,その他製品,2305,2339,2256,2286,-22,-0.953206,166600,OK
2025-05-13,7983,ミロク,スタンダード（内国株式）,その他製品,1076,1103,1076,1080,4,0.371747,300,OK
2025-05-13,7984,コクヨ,プライム（内国株式）,その他製品,3000,3029,2969,3014,27.5,0.92081,281400,OK
2025-05-13,7985,ネポン,スタンダード（内国株式）,金属製品,1536,1536,1536,1536,14,0.919842,100,OK
2025-05-13,7986,日本アイ・エス・ケイ,スタンダード（内国株式）,その他製品,1529,1530,1500,1517,-12,-0.784827,2700,OK
2025-05-13,7987,ナカバヤシ,スタンダード（内国株式）,その他製品,538,540,528,530,-8,-1.486989,38400,OK
2025-05-13,7988,ニフコ,プライム（内国株式）,化学,3599,3602,3512,3553,31,0.880182,429000,OK
2025-05-13,7989,立川ブラインド工業,プライム（内国株式）,金属製品,1488,1495,1466,1471,-3,-0.203528,21900,OK
2025-05-13,7990,グローブライド,プライム（内国株式）,その他製品,1903,1921,1894,1907,11,0.580169,63600,OK
2025-05-13,7991,マミヤ・オーピー,スタンダード（内国株式）,機械,1321,1331,1296,1307,-8,-0.608365,93300,OK
2025-05-13,7992,セーラー万年筆,スタンダード（内国株式）,その他製品,128,129,125,127,-1,-0.78125,402900,OK
2025-05-13,7994,オカムラ,プライム（内国株式）,その他製品,2181,2211,2145,2148,-65,-2.937189,246200,OK
2025-05-13,7995,バルカー,プライム（内国株式）,化学,3110,3140,3090,3105,30,0.97561,33700,OK
2025-05-13,7997,くろがね工作所,スタンダード（内国株式）,その他製品,774,779,768,777,7,0.909091,1900,OK
2025-05-13,7999,ＭＵＴＯＨホールディングス,スタンダード（内国株式）,電気機器,2936,2936,2890,2904,-6,-0.206186,3800,OK
2025-05-13,8001,伊藤忠商事,プライム（内国株式）,卸売業,7620,7667,7556,7617,129,1.722756,2908600,OK
2025-05-13,8002,丸紅,プライム（内国株式）,卸売業,2840.5,2843.5,2784.5,2787.5,21,0.759082,5351200,OK
2025-05-13,8005,スクロール,プライム（内国株式）,小売業,1068,1068,1040,1043,-23,-2.157598,90800,OK
2025-05-13,8006,ユアサ・フナショク,スタンダード（内国株式）,卸売業,4300,4300,4185,4185,-115,-2.674419,3000,OK
2025-05-13,8007,高島,プライム（内国株式）,卸売業,1362,1430,1328,1371,3,0.219298,675900,OK
2025-05-13,8008,ヨンドシーホールディングス,プライム（内国株式）,小売業,1779,1785,1766,1778,10,0.565611,39500,OK
2025-05-13,8011,三陽商会,プライム（内国株式）,繊維製品,2767,2771,2719,2719,-21,-0.766423,39000,OK
2025-05-13,8012,長瀬産業,プライム（内国株式）,卸売業,2682,2694,2651.5,2673,19.5,0.734878,329500,OK
2025-05-13,8013,ナイガイ,スタンダード（内国株式）,繊維製品,269,280,264,271,2,0.743494,80400,OK
2025-05-13,8014,蝶理,プライム（内国株式）,卸売業,3840,3880,3790,3815,-25,-0.651042,19600,OK
2025-05-13,8015,豊田通商,プライム（内国株式）,卸売業,3095,3125,3065,3065,40,1.322314,2269600,OK
2025-05-13,8016,オンワードホールディングス,プライム（内国株式）,繊維製品,560,562,551,551,-7,-1.25448,527900,OK
2025-05-13,8018,三共生興,スタンダード（内国株式）,卸売業,664,666,650,650,-8,-1.215805,34100,OK
2025-05-13,8020,兼松,プライム（内国株式）,卸売業,2690,2720,2639,2661,16,0.604915,377800,OK
2025-05-13,8022,美津濃,プライム（内国株式）,その他製品,2625,2936,2605,2797,224,8.705791,1270700,OK
2025-05-13,8023,ＤＡＩＫＯ　ＸＴＥＣＨ,スタンダード（内国株式）,情報･通信業,902,903,884,892,0,0,23500,OK
2025-05-13,8025,ツカモトコーポレーション,スタンダード（内国株式）,卸売業,1201,1228,1201,1204,5,0.417014,4400,OK
2025-05-13,8029,ルックホールディングス,スタンダード（内国株式）,繊維製品,2467,2467,2433,2433,-7,-0.286885,12300,OK
2025-05-13,8030,中央魚類,スタンダード（内国株式）,卸売業,3515,3550,3465,3465,-20,-0.573888,12000,OK
2025-05-13,8031,三井物産,プライム（内国株式）,卸売業,2976,2981,2932,2932,21.5,0.738705,5550000,OK
2025-05-13,8032,日本紙パルプ商事,プライム（内国株式）,卸売業,635,638,629,629,-4,-0.631912,163400,OK
2025-05-13,8035,東京エレクトロン,プライム（内国株式）,電気機器,24000,24255,23615,24000,1110,4.849279,5801500,OK
2025-05-13,8037,カメイ,プライム（内国株式）,卸売業,2028,2049,2000,2000,-1,-0.049975,43400,OK
2025-05-13,8038,東都水産,スタンダード（内国株式）,卸売業,,,,,,,,NO_QUOTE
2025-05-13,8039,築地魚市場,スタンダード（内国株式）,卸売業,3935,3935,3900,3935,-10,-0.253485,4200,OK
2025-05-13,8040,東京ソワール,スタンダード（内国株式）,繊維製品,851,851,835,847,-3,-0.352941,11800,OK
2025-05-13,8041,ＯＵＧホールディングス,スタンダード（内国株式）,卸売業,3290,3295,3000,3065,-155,-4.813665,43300,OK
2025-05-13,8043,スターゼン,プライム（内国株式）,卸売業,1140,1146,1114,1116,-37,-3.20902,214000,OK
2025-05-13,8045,横浜丸魚,スタンダード（内国株式）,卸売業,964,990,964,983,27,2.824268,1900,OK
2025-05-13,8046,丸藤シートパイル,スタンダード（内国株式）,卸売業,2885,2885,2835,2870,8,0.279525,21200,OK
2025-05-13,8050,セイコーグループ,プライム（内国株式）,精密機器,4110,4160,4045,4075,110,2.774275,192900,OK
2025-05-13,8051,山善,プライム（内国株式）,卸売業,1440,1444,1428,1428,-5,-0.348918,114400,OK
2025-05-13,8052,椿本興業,プライム（内国株式）,卸売業,2270,2279,2222,2228,-42,-1.85022,28900,OK
2025-05-13,8053,住友商事,プライム（内国株式）,卸売業,3782,3785,3700,3720,40,1.086957,3562500,OK
2025-05-13,8056,ＢＩＰＲＯＧＹ,プライム（内国株式）,情報･通信業,5534,5546,5449,5483,-79,-1.420352,402800,OK
2025-05-13,8057,内田洋行,プライム（内国株式）,卸売業,8250,8280,8150,8240,50,0.610501,31200,OK
2025-05-13,8058,三菱商事,プライム（内国株式）,卸売業,2830,2859.5,2817,2843,47.5,1.699159,14273900,OK
2025-05-13,8059,第一実業,プライム（内国株式）,卸売業,2348,2348,2288,2297,-26,-1.119242,14500,OK
2025-05-13,8060,キヤノンマーケティングジャパン,プライム（内国株式）,卸売業,5492,5508,5446,5475,19,0.34824,105100,OK
2025-05-13,8061,西華産業,プライム（内国株式）,卸売業,4365,4585,4335,4585,230,5.281286,195300,OK
2025-05-13,8065,佐藤商事,プライム（内国株式）,卸売業,1542,1549,1516,1516,-18,-1.173403,13500,OK
2025-05-13,8066,三谷商事,スタンダード（内国株式）,卸売業,1881,1967,1874,1885,4,0.212653,23600,OK
2025-05-13,8070,東京産業,プライム（内国株式）,卸売業,716,717,709,712,-4,-0.558659,35500,OK
2025-05-13,8074,ユアサ商事,プライム（内国株式）,卸売業,4550,4570,4475,4475,-45,-0.995575,22900,OK
2025-05-13,8075,神鋼商事,プライム（内国株式）,卸売業,1936,1974,1924,1927,-11,-0.567595,67400,OK
2025-05-13,8076,カノークス,スタンダード（内国株式）,卸売業,1730,1734,1720,1720,-1,-0.058106,5800,OK
2025-05-13,8077,トルク,スタンダード（内国株式）,卸売業,239,239,232,235,-3,-1.260504,45700,OK
2025-05-13,8078,阪和興業,プライム（内国株式）,卸売業,5220,5290,5170,5180,30,0.582524,110600,OK
2025-05-13,8079,正栄食品工業,プライム（内国株式）,卸売業,4075,4075,4015,4030,-5,-0.123916,36300,OK
2025-05-13,8081,カナデン,プライム（内国株式）,卸売業,1540,1567,1529,1556,22,1.434159,25300,OK
2025-05-13,8084,ＲＹＯＤＥＮ,プライム（内国株式）,卸売業,2689,2699,2639,2639,-25,-0.938438,54000,OK
2025-05-13,8085,ナラサキ産業,スタンダード（内国株式）,卸売業,3035,3190,3035,3125,138,4.62002,12100,OK
2025-05-13,8086,ニプロ,プライム（内国株式）,精密機器,1321,1321,1301,1304.5,-55.5,-4.080882,904800,OK
2025-05-13,8088,岩谷産業,プライム（内国株式）,卸売業,1467.5,1479.5,1456,1456,-1.5,-0.102916,767100,OK
2025-05-13,8089,ナイス,スタンダード（内国株式）,卸売業,1604,1610,1587,1592,-13,-0.809969,4700,OK
2025-05-13,8091,ニチモウ,プライム（内国株式）,卸売業,2117,2120,2073,2076,5,0.241429,86900,OK
2025-05-13,8093,極東貿易,プライム（内国株式）,卸売業,1583,1590,1570,1579,-3,-0.189633,28500,OK
2025-05-13,8095,アステナホールディングス,プライム（内国株式）,卸売業,486,487,480,481,-3,-0.619835,62100,OK
2025-05-13,8097,三愛オブリ,プライム（内国株式）,卸売業,1765,1765,1726,1731,-19,-1.085714,82900,OK
2025-05-13,8098,稲畑産業,プライム（内国株式）,卸売業,3225,3240,3205,3230,5,0.155039,127600,OK
2025-05-13,8101,ＧＳＩクレオス,プライム（内国株式）,卸売業,1952,1952,1936,1939,5,0.258532,14400,OK
2025-05-13,8103,明和産業,プライム（内国株式）,卸売業,679,679,672,675,5,0.746269,76800,OK
2025-05-13,8104,クワザワホールディングス,スタンダード（内国株式）,卸売業,547,554,546,554,10,1.838235,70300,OK
2025-05-13,8105,堀田丸正,スタンダード（内国株式）,卸売業,41,42,41,42,0,0,545700,OK
2025-05-13,8107,キムラタン,スタンダード（内国株式）,繊維製品,59,60,58,58,-1,-1.694915,1305800,OK
2025-05-13,8111,ゴールドウイン,プライム（内国株式）,繊維製品,8329,8422,8268,8394,129,1.560799,125300,OK
2025-05-13,8113,ユニ・チャーム,プライム（内国株式）,化学,1212,1234.5,1192,1196.5,-14,-1.156547,5553100,OK
2025-05-13,8115,ムーンバット,スタンダード（内国株式）,卸売業,993,996,980,980,-13,-1.309164,7000,OK
2025-05-13,8117,中央自動車工業,スタンダード（内国株式）,卸売業,1730,1749,1715,1736,8,0.462963,20400,OK
2025-05-13,8118,キング,スタンダード（内国株式）,繊維製品,760,760,746,756,-2,-0.263852,2500,OK
2025-05-13,8119,三栄コーポレーション,スタンダード（内国株式）,卸売業,1093,1093,1057,1057,-23,-2.12963,5700,OK
2025-05-13,8123,川辺,スタンダード（内国株式）,卸売業,1258,1266,1250,1256,-2,-0.158983,8800,OK
2025-05-13,8125,ワキタ,プライム（内国株式）,卸売業,1777,1786,1770,1774,3,0.169396,54300,OK
2025-05-13,8127,ヤマトインターナショナル,スタンダード（内国株式）,繊維製品,362,363,359,359,-3,-0.828729,18900,OK
2025-05-13,8129,東邦ホールディングス,プライム（内国株式）,卸売業,4608,4659,4565,4605,-6,-0.130124,136400,OK
2025-05-13,8130,サンゲツ,プライム（内国株式）,卸売業,2884,2899,2870,2887,16,0.557297,163800,OK
2025-05-13,8131,ミツウロコグループホールディングス,スタンダード（内国株式）,卸売業,2084,2090,1988,2025,-65,-3.110048,53900,OK
2025-05-13,8132,シナネンホールディングス,プライム（内国株式）,卸売業,6600,6600,6410,6510,-90,-1.363636,11800,OK
2025-05-13,8133,伊藤忠エネクス,プライム（内国株式）,卸売業,1660,1671,1653,1656,10,0.607533,146500,OK
2025-05-13,8135,ゼット,スタンダード（内国株式）,卸売業,401,402,385,389,-10,-2.506266,121100,OK
2025-05-13,8136,サンリオ,プライム（内国株式）,卸売業,5810,5910,5724,5894,144,2.504348,8331700,OK
2025-05-13,8137,サンワテクノス,プライム（内国株式）,卸売業,2258,2292,2258,2268,11,0.487373,56200,OK
2025-05-13,8138,三京化成,スタンダード（内国株式）,卸売業,3285,3285,3270,3270,-10,-0.304878,900,OK
2025-05-13,8139,ナガホリ,スタンダード（内国株式）,卸売業,1430,1447,1429,1447,17,1.188811,8800,OK
2025-05-13,8141,新光商事,プライム（内国株式）,卸売業,920,924,907,915,4,0.439078,58200,OK
2025-05-13,8142,トーホー,プライム（内国株式）,卸売業,3200,3215,3140,3155,-20,-0.629921,16700,OK
2025-05-13,8143,ラピーヌ,スタンダード（内国株式）,繊維製品,342,349,314,315,-19,-5.688623,336000,OK
2025-05-13,8144,デンキョーグループホールディングス,スタンダード（内国株式）,卸売業,1168,1168,1168,1168,6,0.516351,2400,OK
2025-05-13,8147,トミタ,スタンダード（内国株式）,卸売業,1282,1282,1269,1275,-11,-0.855365,1000,OK
2025-05-13,8150,三信電気,プライム（内国株式）,卸売業,2114,2133,2086,2107,35,1.689189,145900,OK
2025-05-13,8151,東陽テクニカ,プライム（内国株式）,卸売業,1417,1428,1404,1412,-4,-0.282486,33500,OK
2025-05-13,8152,ソマール,スタンダード（内国株式）,卸売業,6020,6250,6020,6070,120,2.016807,5600,OK
2025-05-13,8153,モスフードサービス,プライム（内国株式）,卸売業,3690,3690,3650,3655,-35,-0.948509,48900,OK
2025-05-13,8154,加賀電子,プライム（内国株式）,卸売業,2751,2770,2725,2738,64,2.393418,101000,OK
2025-05-13,8157,都築電気,プライム（内国株式）,情報･通信業,2821,2847,2605,2611,-160,-5.774089,87600,OK
2025-05-13,8158,ソーダニッカ,プライム（内国株式）,卸売業,1056,1059,1048,1051,-2,-0.189934,19100,OK
2025-05-13,8159,立花エレテック,プライム（内国株式）,卸売業,2545,2560,2510,2535,28,1.116873,71800,OK
2025-05-13,8160,木曽路,プライム（内国株式）,小売業,2406,2443,2401,2405,-13,-0.537634,93700,OK
2025-05-13,8163,ＳＲＳホールディングス,プライム（内国株式）,小売業,1217,1224,1211,1211,0,0,60100,OK
2025-05-13,8165,千趣会,スタンダード（内国株式）,小売業,273,288,272,284,12,4.411765,1050100,OK
2025-05-13,8166,タカキュー,スタンダード（内国株式）,小売業,110,111,108,108,0,0,206700,OK
2025-05-13,8167,リテールパートナーズ,プライム（内国株式）,小売業,1414,1424,1384,1384,-27,-1.913536,27900,OK
2025-05-13,8173,上新電機,プライム（内国株式）,小売業,2298,2308,2270,2275,-37,-1.600346,81600,OK
2025-05-13,8174,日本瓦斯,プライム（内国株式）,小売業,2547.5,2552.5,2509.5,2512,-58,-2.256809,259800,OK
2025-05-13,8179,ロイヤルホールディングス,プライム（内国株式）,小売業,2660,2660,2606,2642,22,0.839695,269500,OK
2025-05-13,8181,東天紅,スタンダード（内国株式）,小売業,878,878,869,874,4,0.45977,2900,OK
2025-05-13,8185,チヨダ,プライム（内国株式）,小売業,1182,1198,1176,1188,1,0.084246,176300,OK
2025-05-13,8194,ライフコーポレーション,プライム（内国株式）,小売業,2083,2087,2058,2071,-22,-1.051123,192600,OK
2025-05-13,8198,マックスバリュ東海,スタンダード（内国株式）,小売業,3105,3110,3090,3100,-15,-0.481541,4200,OK
2025-05-13,8200,リンガーハット,プライム（内国株式）,小売業,2269,2280,2257,2265,6,0.265604,48400,OK
2025-05-13,8202,ラオックスホールディングス,スタンダード（内国株式）,小売業,164,164,160,161,-1,-0.617284,159100,OK
2025-05-13,8203,ＭｒＭａｘＨＤ,プライム（内国株式）,小売業,678,680,673,673,-2,-0.296296,21500,OK
2025-05-13,8207,テンアライド,スタンダード（内国株式）,小売業,271,272,269,269,-2,-0.738007,58700,OK
2025-05-13,8208,エンチョー,スタンダード（内国株式）,小売業,1112,1128,1088,1106,122,12.398374,57700,OK
2025-05-13,8209,フレンドリー,スタンダード（内国株式）,小売業,357,366,322,323,-31,-8.757062,209400,OK
2025-05-13,8214,ＡＯＫＩホールディングス,プライム（内国株式）,小売業,1497,1503,1470,1474,-7,-0.472654,232200,OK
2025-05-13,8217,オークワ,プライム（内国株式）,小売業,947,951,939,944,2,0.212314,51300,OK
2025-05-13,8218,コメリ,プライム（内国株式）,小売業,3010,3020,2999,3010,5,0.166389,41400,OK
2025-05-13,8219,青山商事,プライム（内国株式）,小売業,2060,2063,2028,2036,-1,-0.049092,311500,OK
2025-05-13,8225,タカチホ,スタンダード（内国株式）,卸売業,3370,3535,3340,3355,0,0,5700,OK
2025-05-13,8226,理経,スタンダード（内国株式）,卸売業,359,368,345,360,-7,-1.907357,1154600,OK
2025-05-13,8227,しまむら,プライム（内国株式）,小売業,9603,9663,9465,9500,-165,-1.707191,201200,OK
2025-05-13,8230,はせがわ,スタンダード（内国株式）,小売業,315,315,311,312,-2,-0.636943,13200,OK
2025-05-13,8233,高島屋,プライム（内国株式）,小売業,1136,1146,1134,1139,14,1.244444,2048000,OK
2025-05-13,8237,松屋,プライム（内国株式）,小売業,972,987,967,967,10,1.044932,142400,OK
2025-05-13,8242,エイチ・ツー・オー　リテイリング,プライム（内国株式）,小売業,1967,2076,1931,2000,67,3.466115,1516900,OK
2025-05-13,8244,近鉄百貨店,スタンダード（内国株式）,小売業,1938,1953,1922,1943,15,0.778008,54200,OK
2025-05-13,8247,大和,スタンダード（内国株式）,小売業,396,396,390,392,-1,-0.254453,5700,OK
2025-05-13,8252,丸井グループ,プライム（内国株式）,小売業,2887.5,2888,2801,2826,-73,-2.51811,994800,OK
2025-05-13,8253,クレディセゾン,プライム（内国株式）,その他金融業,3554,3565,3490,3506,22,0.631458,490300,OK
2025-05-13,8254,さいか屋,スタンダード（内国株式）,小売業,409,410,407,408,-1,-0.244499,1400,OK
2025-05-13,8255,アクシアル　リテイリング,プライム（内国株式）,小売業,1089,1091,1068,1070,-21,-1.92484,76900,OK
2025-05-13,8260,井筒屋,スタンダード（内国株式）,小売業,419,419,416,416,-3,-0.71599,3100,OK
2025-05-13,8267,イオン,プライム（内国株式）,小売業,4348,4364,4278,4278,-106,-2.417883,2708900,OK
2025-05-13,8273,イズミ,プライム（内国株式）,小売業,3294,3306,3251,3270,-48,-1.446655,157400,OK
2025-05-13,8275,フォーバル,スタンダード（内国株式）,卸売業,1332,1344,1327,1327,-5,-0.375375,5200,OK
2025-05-13,8276,平和堂,プライム（内国株式）,小売業,2675,2675,2634,2661,-27,-1.004464,121000,OK
2025-05-13,8278,フジ,プライム（内国株式）,小売業,2134,2134,2098,2106,-28,-1.31209,50200,OK
2025-05-13,8279,ヤオコー,プライム（内国株式）,小売業,9664,9746,9500,9621,-193,-1.966578,72500,OK
2025-05-13,8281,ゼビオホールディングス,プライム（内国株式）,小売業,1187,1193,1170,1184,6,0.509338,146500,OK
2025-05-13,8282,ケーズホールディングス,プライム（内国株式）,小売業,1359,1364,1345.5,1358.5,4,0.295312,550700,OK
2025-05-13,8283,ＰＡＬＴＡＣ,プライム（内国株式）,卸売業,4112,4205,4052,4176,-62,-1.462954,113900,OK
2025-05-13,8285,三谷産業,スタンダード（内国株式）,卸売業,338,339,333,333,-2,-0.597015,25600,OK
2025-05-13,8289,Ｏｌｙｍｐｉｃグループ,スタンダード（内国株式）,小売業,409,412,409,411,2,0.488998,3700,OK
2025-05-13,8291,日産東京販売ホールディングス,スタンダード（内国株式）,小売業,496,498,490,491,-2,-0.40568,162000,OK
2025-05-13,8304,あおぞら銀行,プライム（内国株式）,銀行業,2001.5,2035,1985,1985,22.5,1.146497,2615900,OK
2025-05-13,8306,三菱ＵＦＪフィナンシャル・グループ,プライム（内国株式）,銀行業,1942,1949.5,1907,1907.5,68,3.696657,69781000,OK
2025-05-13,8308,りそなホールディングス,プライム（内国株式）,銀行業,1216,1232.5,1184,1192.5,30,2.580645,18198500,OK
2025-05-13,8309,三井住友トラストグループ,プライム（内国株式）,銀行業,3660,3681,3604,3604,53,1.492537,3642500,OK
2025-05-13,8316,三井住友フィナンシャルグループ,プライム（内国株式）,銀行業,3615,3646,3558,3558,102,2.951389,18793600,OK
2025-05-13,8331,千葉銀行,プライム（内国株式）,銀行業,1298.5,1318,1292,1304.5,43.5,3.449643,3875700,OK
2025-05-13,8334,群馬銀行,プライム（内国株式）,銀行業,1214,1237.5,1201,1203,12.5,1.049979,1819100,OK
2025-05-13,8336,武蔵野銀行,プライム（内国株式）,銀行業,3320,3350,3230,3230,-20,-0.615385,83500,OK
2025-05-13,8337,千葉興業銀行,プライム（内国株式）,銀行業,1262,1298,1181,1201,-35,-2.831715,381900,OK
2025-05-13,8338,筑波銀行,プライム（内国株式）,銀行業,250,253,246,247,2,0.816327,967200,OK
2025-05-13,8341,七十七銀行,プライム（内国株式）,銀行業,5000,5076,4770,4783,-77,-1.584362,323400,OK
2025-05-13,8343,秋田銀行,プライム（内国株式）,銀行業,2933,3060,2860,2874,-28,-0.964852,860200,OK
2025-05-13,8344,山形銀行,プライム（内国株式）,銀行業,1349,1358,1317,1317,12,0.91954,222500,OK
2025-05-13,8345,岩手銀行,プライム（内国株式）,銀行業,3120,3120,2812,2851,-146,-4.871538,264400,OK
2025-05-13,8346,東邦銀行,プライム（内国株式）,銀行業,350,351,336,336,-9,-2.608696,1245100,OK
2025-05-13,8349,東北銀行,スタンダード（内国株式）,銀行業,1084,1084,1065,1070,5,0.469484,21400,OK
2025-05-13,8354,ふくおかフィナンシャルグループ,プライム（内国株式）,銀行業,4018,4105,3998,4049,167,4.301906,1775400,OK
2025-05-13,8358,スルガ銀行,プライム（内国株式）,銀行業,1250,1297,1234,1280,51,4.149715,1964100,OK
2025-05-13,8359,八十二銀行,プライム（内国株式）,銀行業,1180,1198,1172,1179,25,2.166378,1783000,OK
2025-05-13,8360,山梨中央銀行,プライム（内国株式）,銀行業,2205,2226,2156,2161,24,1.12307,136900,OK
2025-05-13,8361,大垣共立銀行,プライム（内国株式）,銀行業,2460,2493,2413,2418,-8,-0.329761,172900,OK
2025-05-13,8362,福井銀行,プライム（内国株式）,銀行業,1750,1769,1689,1697,-16,-0.934034,83600,OK
2025-05-13,8364,清水銀行,プライム（内国株式）,銀行業,1411,1420,1384,1388,11,0.798838,34500,OK
2025-05-13,8365,富山銀行,スタンダード（内国株式）,銀行業,1530,1545,1462,1524,-6,-0.392157,37600,OK
2025-05-13,8366,滋賀銀行,プライム（内国株式）,銀行業,6220,6290,6020,6020,-80,-1.311475,181300,OK
2025-05-13,8367,南都銀行,プライム（内国株式）,銀行業,4150,4185,3945,3975,-35,-0.872818,169000,OK
2025-05-13,8368,百五銀行,プライム（内国株式）,銀行業,720,729,695,695,-10,-1.41844,674000,OK
2025-05-13,8370,紀陽銀行,プライム（内国株式）,銀行業,2501,2539,2473,2473,1,0.040453,192600,OK
2025-05-13,8377,ほくほくフィナンシャルグループ,プライム（内国株式）,銀行業,2807,2880,2776,2812.5,55.5,2.013058,805400,OK
2025-05-13,8381,山陰合同銀行,プライム（内国株式）,銀行業,1310,1338,1234,1268,-7,-0.54902,1394800,OK
2025-05-13,8383,鳥取銀行,スタンダード（内国株式）,銀行業,1267,1351,1251,1257,-70,-5.275057,320800,OK
2025-05-13,8386,百十四銀行,プライム（内国株式）,銀行業,3780,3885,3770,3785,100,2.713704,239500,OK
2025-05-13,8387,四国銀行,プライム（内国株式）,銀行業,1172,1189,1143,1145,-3,-0.261324,152600,OK
2025-05-13,8388,阿波銀行,プライム（内国株式）,銀行業,2757,2793,2704,2704,-3,-0.110824,56500,OK
2025-05-13,8392,大分銀行,プライム（内国株式）,銀行業,3610,3640,3515,3525,-40,-1.12202,47500,OK
2025-05-13,8393,宮崎銀行,プライム（内国株式）,銀行業,3350,3395,3280,3280,-25,-0.75643,42500,OK
2025-05-13,8395,佐賀銀行,プライム（内国株式）,銀行業,2228,2241,2125,2130,9,0.424328,160400,OK
2025-05-13,8399,琉球銀行,プライム（内国株式）,銀行業,1195,1238,1069,1081,-77,-6.649396,690800,OK
2025-05-13,8410,セブン銀行,プライム（内国株式）,銀行業,261,261.5,255.1,256.1,-0.2,-0.078034,7731600,OK
2025-05-13,8411,みずほフィナンシャルグループ,プライム（内国株式）,銀行業,3890,3902,3785,3785,87,2.352623,13481200,OK
2025-05-13,8416,高知銀行,スタンダード（内国株式）,銀行業,746,759,735,738,2,0.271739,52800,OK
2025-05-13,8418,山口フィナンシャルグループ,プライム（内国株式）,銀行業,1557.5,1562.5,1488.5,1493,-33,-2.162516,2007500,OK
2025-05-13,8424,芙蓉総合リース,プライム（内国株式）,その他金融業,4040,4067,3941,3954,-65,-1.617318,149200,OK
2025-05-13,8425,みずほリース,プライム（内国株式）,その他金融業,1093,1102,1077,1077,-14,-1.283226,486400,OK
2025-05-13,8439,東京センチュリー,プライム（内国株式）,その他金融業,1560,1569,1546.5,1549.5,-6,-0.385728,465400,OK
2025-05-13,8473,ＳＢＩホールディングス,プライム（内国株式）,証券･商品先物取引業,3967,3999,3926,3963,66,1.69361,2080400,OK
2025-05-13,8508,Ｊトラスト,スタンダード（内国株式）,その他金融業,409,411,405,409,3,0.738916,220900,OK
2025-05-13,8511,日本証券金融,プライム（内国株式）,その他金融業,1730,1743,1710,1712,-7,-0.407213,139400,OK
2025-05-13,8515,アイフル,プライム（内国株式）,その他金融業,416,417,396,399,-14,-3.389831,5708300,OK
2025-05-13,8518,日本アジア投資,スタンダード（内国株式）,証券･商品先物取引業,230,236,230,232,3,1.310044,214100,OK
2025-05-13,8522,名古屋銀行,プライム（内国株式）,銀行業,8110,8230,7900,8000,140,1.78117,136800,OK
2025-05-13,8524,北洋銀行,プライム（内国株式）,銀行業,527,571,522,557,40,7.736944,7095500,OK
2025-05-13,8537,大光銀行,スタンダード（内国株式）,銀行業,1450,1457,1400,1400,-21,-1.477833,83300,OK
2025-05-13,8541,愛媛銀行,プライム（内国株式）,銀行業,1045,1057,1023,1023,-14,-1.350048,94400,OK
2025-05-13,8542,トマト銀行,スタンダード（内国株式）,銀行業,1178,1188,1171,1186,18,1.541096,17300,OK
2025-05-13,8544,京葉銀行,プライム（内国株式）,銀行業,909,918,869,880,1,0.113766,737100,OK
2025-05-13,8550,栃木銀行,プライム（内国株式）,銀行業,365,368,357,357,0,0,887000,OK
2025-05-13,8551,北日本銀行,プライム（内国株式）,銀行業,3305,3305,3175,3185,65,2.083333,33300,OK
2025-05-13,8558,東和銀行,プライム（内国株式）,銀行業,723,738,711,712,-19,-2.599179,636400,OK
2025-05-13,8562,福島銀行,スタンダード（内国株式）,銀行業,220,222,220,221,3,1.376147,177600,OK
2025-05-13,8563,大東銀行,スタンダード（内国株式）,銀行業,710,710,699,699,3,0.431034,98900,OK
2025-05-13,8566,リコーリース,プライム（内国株式）,その他金融業,5410,5410,5340,5360,-40,-0.740741,24600,OK
2025-05-13,8570,イオンフィナンシャルサービス,プライム（内国株式）,その他金融業,1280.5,1295,1277.5,1294.5,7.5,0.582751,953400,OK
2025-05-13,8572,アコム,スタンダード（内国株式）,その他金融業,427.6,428.3,406.2,418.3,-1.3,-0.309819,5220800,OK
2025-05-13,8584,ジャックス,プライム（内国株式）,その他金融業,3885,3900,3830,3845,-15,-0.388601,116500,OK
2025-05-13,8585,オリエントコーポレーション,プライム（内国株式）,その他金融業,826,831,818,820,-2,-0.243309,596300,OK
2025-05-13,8591,オリックス,プライム（内国株式）,その他金融業,2930.5,2970,2912,2942.5,-4.5,-0.152698,7996000,OK
2025-05-13,8593,三菱ＨＣキャピタル,プライム（内国株式）,その他金融業,1024.5,1026,1011,1014,-3,-0.294985,3136700,OK
2025-05-13,8595,ジャフコ　グループ,プライム（内国株式）,証券･商品先物取引業,2419,2444,2395,2414,-30.5,-1.247699,257900,OK
2025-05-13,8596,九州リースサービス,スタンダード（内国株式）,その他金融業,1180,1180,1147,1150,-19,-1.625321,105800,OK
2025-05-13,8600,トモニホールディングス,プライム（内国株式）,銀行業,567,573,528,539,-18,-3.231598,1637400,OK
2025-05-13,8601,大和証券グループ本社,プライム（内国株式）,証券･商品先物取引業,975,980.3,958.8,962.8,11.5,1.208872,6610700,OK
2025-05-13,8604,野村ホールディングス,プライム（内国株式）,証券･商品先物取引業,883.4,888.8,871,874,32.8,3.899192,22015300,OK
2025-05-13,8609,岡三証券グループ,プライム（内国株式）,証券･商品先物取引業,685,694,674,674,1,0.148588,316100,OK
2025-05-13,8613,丸三証券,プライム（内国株式）,証券･商品先物取引業,879,887,877,879,2,0.22805,179600,OK
2025-05-13,8614,東洋証券,プライム（内国株式）,証券･商品先物取引業,460,468,456,467,15,3.318584,713200,OK
2025-05-13,8616,東海東京フィナンシャル・ホールディングス,プライム（内国株式）,証券･商品先物取引業,474,478,467,467,-1,-0.213675,515500,OK
2025-05-13,8617,光世証券,スタンダード（内国株式）,証券･商品先物取引業,421,434,416,420,7,1.694915,49200,OK
2025-05-13,8622,水戸証券,プライム（内国株式）,証券･商品先物取引業,546,548,538,538,0,0,215400,OK
2025-05-13,8624,いちよし証券,プライム（内国株式）,証券･商品先物取引業,800,808,783,783,-11,-1.38539,179600,OK
2025-05-13,8628,松井証券,プライム（内国株式）,証券･商品先物取引業,731,737,727,728,2,0.275482,992900,OK
2025-05-13,8630,ＳＯＭＰＯホールディングス,プライム（内国株式）,保険業,4816,4828,4674,4774,-4,-0.083717,2482100,OK
2025-05-13,8697,日本取引所グループ,プライム（内国株式）,その他金融業,1710,1723.5,1682.5,1686,1.5,0.089047,2230700,OK
2025-05-13,8698,マネックスグループ,プライム（内国株式）,証券･商品先物取引業,708,710,673,683,-6,-0.870827,3240600,OK
2025-05-13,8699,ＨＳホールディングス,スタンダード（内国株式）,証券･商品先物取引業,949,963,937,950,-4,-0.419287,29500,OK
2025-05-13,8700,丸八証券,スタンダード（内国株式）,証券･商品先物取引業,1545,1550,1540,1550,8,0.518807,2000,OK
2025-05-13,8704,トレイダーズホールディングス,スタンダード（内国株式）,証券･商品先物取引業,956,971,951,955,14,1.487779,187200,OK
2025-05-13,8705,日産証券グループ,スタンダード（内国株式）,証券･商品先物取引業,179,180,177,178,2,1.136364,60100,OK
2025-05-13,8706,極東証券,プライム（内国株式）,証券･商品先物取引業,1430,1435,1415,1423,2,0.140746,115200,OK
2025-05-13,8707,岩井コスモホールディングス,プライム（内国株式）,証券･商品先物取引業,2110,2127,2096,2102,6,0.28626,82800,OK
2025-05-13,8708,アイザワ証券グループ,プライム（内国株式）,証券･商品先物取引業,1272,1291,1253,1261,8,0.638468,171500,OK
2025-05-13,8713,フィデアホールディングス,プライム（内国株式）,銀行業,1501,1519,1492,1492,6,0.403769,65600,OK
2025-05-13,8714,池田泉州ホールディングス,プライム（内国株式）,銀行業,479,502,474,494,20,4.219409,3253400,OK
2025-05-13,8715,アニコム　ホールディングス,プライム（内国株式）,保険業,668,671,658,666,5,0.75643,751100,OK
2025-05-13,8725,ＭＳ＆ＡＤインシュアランスグループホールディングス,プライム（内国株式）,保険業,3363,3364,3296,3310,-4,-0.1207,3146100,OK
2025-05-13,8737,あかつき本社,スタンダード（内国株式）,証券･商品先物取引業,508,511,503,507,-1,-0.19685,67900,OK
2025-05-13,8739,スパークス・グループ,プライム（内国株式）,証券･商品先物取引業,1549,1549,1518,1521,-4,-0.262295,32700,OK
2025-05-13,8742,小林洋行,スタンダード（内国株式）,証券･商品先物取引業,291,291,285,286,-2,-0.694444,8500,OK
2025-05-13,8746,ＵＮＢＡＮＫＥＤ,スタンダード（内国株式）,証券･商品先物取引業,282,287,277,281,5,1.811594,207300,OK
2025-05-13,8747,豊トラスティ証券,スタンダード（内国株式）,証券･商品先物取引業,1588,1648,1480,1598,8,0.503145,86300,OK
2025-05-13,8750,第一生命ホールディングス,プライム（内国株式）,保険業,1105,1116.5,1088,1101.5,26.5,2.465116,13626400,OK
2025-05-13,8766,東京海上ホールディングス,プライム（内国株式）,保険業,6000,6018,5843,5872,-60,-1.011463,6391300,OK
2025-05-13,8769,アドバンテッジリスクマネジメント,スタンダード（内国株式）,サービス業,710,718,700,713,4,0.564175,22500,OK
2025-05-13,8771,イー・ギャランティ,プライム（内国株式）,その他金融業,1790,1805,1785,1785,-5,-0.27933,83200,OK
2025-05-13,8772,アサックス,スタンダード（内国株式）,その他金融業,701,702,693,693,-4,-0.573888,8700,OK
2025-05-13,8783,ＧＦＡ,スタンダード（内国株式）,その他金融業,395,397,380,383,-4,-1.033592,468800,OK
2025-05-13,8789,フィンテック　グローバル,スタンダード（内国株式）,その他金融業,107,108,104,105,-1,-0.943396,2180700,OK
2025-05-13,8793,ＮＥＣキャピタルソリューション,プライム（内国株式）,その他金融業,4020,4025,3925,3925,-85,-2.119701,19500,OK
2025-05-13,8795,Ｔ＆Ｄホールディングス,プライム（内国株式）,保険業,3196,3196,3106,3107,1,0.032196,1200700,OK
2025-05-13,8798,アドバンスクリエイト,プライム（内国株式）,保険業,313,313,302,302,-11,-3.514377,54000,OK
2025-05-13,8801,三井不動産,プライム（内国株式）,不動産業,1450,1456.5,1405,1414,-41,-2.817869,13408500,OK
2025-05-13,8802,三菱地所,プライム（内国株式）,不動産業,2533,2638.5,2483,2590,57,2.250296,9764800,OK
2025-05-13,8803,平和不動産,プライム（内国株式）,不動産業,4535,4560,4490,4500,-45,-0.990099,70500,OK
2025-05-13,8804,東京建物,プライム（内国株式）,不動産業,2630,2653,2587.5,2596.5,-24.5,-0.934758,812700,OK
2025-05-13,8818,京阪神ビルディング,プライム（内国株式）,不動産業,1571,1579,1531,1535,-21,-1.349614,42000,OK
2025-05-13,8830,住友不動産,プライム（内国株式）,不動産業,5497,5519,5400,5496,17,0.310276,1935600,OK
2025-05-13,8835,太平洋興発,スタンダード（内国株式）,卸売業,684,687,680,680,-5,-0.729927,16400,OK
2025-05-13,8836,ＲＩＳＥ,スタンダード（内国株式）,不動産業,35,35,34,34,0,0,415900,OK
2025-05-13,8841,テーオーシー,スタンダード（内国株式）,不動産業,678,689,673,683,8,1.185185,269400,OK
2025-05-13,8844,コスモスイニシア,スタンダード（内国株式）,不動産業,1249,1249,1151,1169,-61,-4.95935,461200,OK
2025-05-13,8848,レオパレス２１,プライム（内国株式）,不動産業,554,555,547,549,-3,-0.543478,2013500,OK
2025-05-13,8850,スターツコーポレーション,プライム（内国株式）,不動産業,4200,4270,4190,4260,70,1.670644,83400,OK
2025-05-13,8860,フジ住宅,プライム（内国株式）,不動産業,692,694,686,687,0,0,24600,OK
2025-05-13,8864,空港施設,プライム（内国株式）,不動産業,766,771,739,739,-25,-3.272251,190000,OK
2025-05-13,8869,明和地所,スタンダード（内国株式）,不動産業,987,987,962,962,13,1.369863,75100,OK
2025-05-13,8871,ゴールドクレスト,スタンダード（内国株式）,不動産業,3330,3335,3285,3310,0,0,19500,OK
2025-05-13,8876,リログループ,プライム（内国株式）,サービス業,1715,1760,1713.5,1742.5,9.5,0.548182,836600,OK
2025-05-13,8877,エスリード,プライム（内国株式）,不動産業,4715,4715,4600,4600,-125,-2.645503,45500,OK
2025-05-13,8881,日神グループホールディングス,プライム（内国株式）,不動産業,502,502,497,497,-4,-0.798403,57100,OK
2025-05-13,8886,ウッドフレンズ,スタンダード（内国株式）,不動産業,1717,1717,1716,1716,-1,-0.058241,1200,OK
2025-05-13,8887,クミカ,スタンダード（内国株式）,不動産業,341,347,333,336,-5,-1.466276,41500,OK
2025-05-13,8891,ＡＭＧホールディングス,スタンダード（内国株式）,不動産業,1999,2000,1994,1994,-4,-0.2002,6300,OK
2025-05-13,8892,日本エスコン,プライム（内国株式）,不動産業,1030,1031,1011,1015,-14,-1.360544,169300,OK
2025-05-13,8894,ＲＥＶＯＬＵＴＩＯＮ,スタンダード（内国株式）,不動産業,68,70,67,67,-1,-1.470588,714400,OK
2025-05-13,8897,ＭＩＲＡＲＴＨホールディングス,プライム（内国株式）,不動産業,439,440,429,430,-85,-16.504854,5667900,OK
2025-05-13,8898,センチュリー２１・ジャパン,スタンダード（内国株式）,不動産業,1099,1099,1096,1099,5,0.457038,900,OK
2025-05-13,8904,ＡＶＡＮＴＩＡ,スタンダード（内国株式）,不動産業,780,780,774,778,1,0.1287,8700,OK
2025-05-13,8905,イオンモール,プライム（内国株式）,不動産業,2803,2824.5,2763,2763,-63,-2.229299,594900,OK
2025-05-13,8908,毎日コムネット,スタンダード（内国株式）,不動産業,778,780,775,775,0,0,19200,OK
2025-05-13,8912,エリアクエスト,スタンダード（内国株式）,不動産業,176,178,176,177,-1,-0.561798,26300,OK
2025-05-13,8914,エリアリンク,スタンダード（内国株式）,不動産業,2060,2069,2009,2035,-28,-1.357247,39700,OK
2025-05-13,8917,ファースト住建,スタンダード（内国株式）,不動産業,997,997,989,991,-1,-0.100806,50300,OK
2025-05-13,8918,ランド,スタンダード（内国株式）,不動産業,7,8,7,8,0,0,62962800,OK
2025-05-13,8919,カチタス,プライム（内国株式）,不動産業,2275,2275,2158,2167,-156,-6.715454,544400,OK
2025-05-13,8920,東祥,スタンダード（内国株式）,サービス業,560,566,552,552,2,0.363636,104400,OK
2025-05-13,8921,シーズクリエイト,TOKYO PRO MARKET（内国株式）,不動産業,,,,,,,,NO_QUOTE
2025-05-13,8923,トーセイ,プライム（内国株式）,不動産業,2531,2542,2483,2485,-50,-1.972387,62900,OK
2025-05-13,8927,明豊エンタープライズ,スタンダード（内国株式）,不動産業,331,335,330,333,4,1.215805,130600,OK
2025-05-13,8928,穴吹興産,スタンダード（内国株式）,不動産業,2144,2144,2110,2114,-14,-0.657895,16700,OK
2025-05-13,8929,青山財産ネットワークス,スタンダード（内国株式）,不動産業,1927,1930,1837,1854,-59,-3.084161,65200,OK
2025-05-13,8931,和田興産,スタンダード（内国株式）,不動産業,1412,1449,1395,1397,-13,-0.921986,15800,OK
2025-05-13,8934,サンフロンティア不動産,プライム（内国株式）,不動産業,2207,2207,2137,2171,-37,-1.675725,151800,OK
2025-05-13,8935,ＦＪネクストホールディングス,プライム（内国株式）,不動産業,1242,1249,1225,1225,-13,-1.050081,39800,OK
2025-05-13,8938,グローム・ホールディングス,グロース（内国株式）,不動産業,683,700,667,692,5,0.727802,70100,OK
2025-05-13,8940,インテリックス,スタンダード（内国株式）,不動産業,930,936,921,933,11,1.193059,32400,OK
2025-05-13,8944,ランドビジネス,スタンダード（内国株式）,不動産業,195,196,189,189,-4,-2.072539,39400,OK
2025-05-13,8945,サンネクスタグループ,スタンダード（内国株式）,不動産業,1022,1026,1019,1026,1,0.097561,6600,OK
2025-05-13,8946,ＡＳＩＡＮ　ＳＴＡＲ,スタンダード（内国株式）,不動産業,88,88,86,87,-1,-1.136364,204000,OK
2025-05-13,8995,誠建設工業,スタンダード（内国株式）,不動産業,644,650,638,649,12,1.88383,500,OK
2025-05-13,8996,ハウスフリーダム,スタンダード（内国株式）,不動産業,825,825,807,814,-16,-1.927711,2200,OK
2025-05-13,8999,グランディハウス,プライム（内国株式）,不動産業,549,551,543,544,-8,-1.449275,54400,OK
2025-05-13,9001,東武鉄道,プライム（内国株式）,陸運業,2685,2693.5,2662,2662,-13,-0.485981,484900,OK
2025-05-13,9003,相鉄ホールディングス,プライム（内国株式）,陸運業,2221.5,2225,2198.5,2198.5,-21,-0.946159,314200,OK
2025-05-13,9005,東急,プライム（内国株式）,陸運業,1788,1791,1762,1762,-27,-1.509223,1489200,OK
2025-05-13,9006,京浜急行電鉄,プライム（内国株式）,陸運業,1526,1542.5,1504.5,1513.5,-29.5,-1.91186,1354200,OK
2025-05-13,9007,小田急電鉄,プライム（内国株式）,陸運業,1579,1582,1544.5,1544.5,-32.5,-2.060875,1426400,OK
2025-05-13,9008,京王電鉄,プライム（内国株式）,陸運業,3600,3696,3576,3581,-366,-9.272865,2971100,OK
2025-05-13,9009,京成電鉄,プライム（内国株式）,陸運業,1563,1618.5,1559,1575.5,34,2.205644,3100700,OK
2025-05-13,9010,富士急行,プライム（内国株式）,陸運業,2092,2099,2056,2066,-20,-0.958773,135800,OK
2025-05-13,9012,秩父鉄道,スタンダード（内国株式）,陸運業,2060,2060,2060,2060,-4,-0.193798,200,OK
2025-05-13,9017,新潟交通,スタンダード（内国株式）,陸運業,2053,2053,2050,2053,0,0,3200,OK
2025-05-13,9020,東日本旅客鉄道,プライム（内国株式）,陸運業,3109,3150,3108,3137,-42,-1.32117,3762800,OK
2025-05-13,9021,西日本旅客鉄道,プライム（内国株式）,陸運業,3140,3180,3133,3152,12,0.382166,1911100,OK
2025-05-13,9022,東海旅客鉄道,プライム（内国株式）,陸運業,3079,3110,3075,3097,23,0.748211,2436600,OK
2025-05-13,9023,東京地下鉄,プライム（内国株式）,陸運業,1819.5,1857.5,1812,1851,28,1.53593,4166800,OK
2025-05-13,9024,西武ホールディングス,プライム（内国株式）,陸運業,3525,3560,3436,3444,-79,-2.242407,1017000,OK
2025-05-13,9025,鴻池運輸,プライム（内国株式）,陸運業,2940,3015,2917,2946,43,1.481226,211500,OK
2025-05-13,9028,ゼロ,スタンダード（内国株式）,陸運業,2925,2925,2792,2859,-60,-2.055498,34600,OK
2025-05-13,9029,ヒガシホールディングス,スタンダード（内国株式）,陸運業,1366,1428,1366,1406,56,4.148148,33100,OK
2025-05-13,9031,西日本鉄道,プライム（内国株式）,陸運業,2233,2233,2175.5,2188,-50,-2.234138,235800,OK
2025-05-13,9033,広島電鉄,スタンダード（内国株式）,陸運業,610,610,606,606,-3,-0.492611,8300,OK
2025-05-13,9034,南総通運,スタンダード（内国株式）,陸運業,1159,1160,1145,1156,11,0.960699,7200,OK
2025-05-13,9036,東部ネットワーク,スタンダード（内国株式）,陸運業,845,857,845,854,13,1.545779,10000,OK
2025-05-13,9037,ハマキョウレックス,プライム（内国株式）,陸運業,1316,1325,1282,1293,-22,-1.673004,141600,OK
2025-05-13,9039,サカイ引越センター,プライム（内国株式）,陸運業,2571,2571,2521,2535,-47,-1.820294,77500,OK
2025-05-13,9041,近鉄グループホールディングス,プライム（内国株式）,陸運業,3068,3082,3056,3069,4,0.130506,561100,OK
2025-05-13,9042,阪急阪神ホールディングス,プライム（内国株式）,陸運業,4120,4134,4086,4094,-45,-1.087219,431500,OK
2025-05-13,9044,南海電気鉄道,プライム（内国株式）,陸運業,2261,2269.5,2237.5,2238,-23.5,-1.039133,313300,OK
2025-05-13,9045,京阪ホールディングス,プライム（内国株式）,陸運業,3407,3430,3317,3351,-57,-1.672535,258700,OK
2025-05-13,9046,神戸電鉄,プライム（内国株式）,陸運業,2420,2433,2401,2408,-10,-0.413565,12100,OK
2025-05-13,9048,名古屋鉄道,プライム（内国株式）,陸運業,1685,1695,1671,1677,0,0,676500,OK
2025-05-13,9049,京福電気鉄道,スタンダード（内国株式）,陸運業,,,,,,,,NO_QUOTE
2025-05-13,9051,センコン物流,スタンダード（内国株式）,陸運業,1040,1049,1036,1049,15,1.450677,1100,OK
2025-05-13,9052,山陽電気鉄道,プライム（内国株式）,陸運業,2027,2032,2021,2024,-2,-0.098717,6700,OK
2025-05-13,9057,遠州トラック,スタンダード（内国株式）,陸運業,2883,2883,2690,2790,-52,-1.829697,6600,OK
2025-05-13,9059,カンダホールディングス,スタンダード（内国株式）,陸運業,801,801,782,791,2,0.253485,2600,OK
2025-05-13,9060,日本ロジテム,スタンダード（内国株式）,陸運業,3855,3855,3855,3855,5,0.12987,300,OK
2025-05-13,9063,岡山県貨物運送,スタンダード（内国株式）,陸運業,3250,3280,3250,3280,30,0.923077,800,OK
2025-05-13,9064,ヤマトホールディングス,プライム（内国株式）,陸運業,2052,2065,2042,2056.5,5.5,0.268162,1203900,OK
2025-05-13,9065,山九,プライム（内国株式）,陸運業,6620,7043,6575,6966,446,6.840491,421700,OK
2025-05-13,9066,日新,プライム（内国株式）,倉庫･運輸関連業,7350,7350,7350,7350,1000,15.748031,30300,OK
2025-05-13,9067,丸運,スタンダード（内国株式）,陸運業,424,424,417,422,0,0,73000,OK
2025-05-13,9068,丸全昭和運輸,プライム（内国株式）,陸運業,6140,6360,6030,6310,110,1.774194,37000,OK
2025-05-13,9069,センコーグループホールディングス,プライム（内国株式）,陸運業,1724,1735,1629,1643,-96,-5.520414,846200,OK
2025-05-13,9070,トナミホールディングス,プライム（内国株式）,陸運業,10160,10170,10160,10170,10,0.098425,4900,OK
2025-05-13,9072,ニッコンホールディングス,プライム（内国株式）,陸運業,3075,3095,2981,3016,-35,-1.147165,553600,OK
2025-05-13,9073,京極運輸商事,スタンダード（内国株式）,陸運業,1171,1175,1171,1175,4,0.341588,300,OK
2025-05-13,9074,日本石油輸送,スタンダード（内国株式）,陸運業,3195,3215,3035,3085,-110,-3.442879,12400,OK
2025-05-13,9075,福山通運,プライム（内国株式）,陸運業,3635,3705,3605,3645,10,0.275103,76100,OK
2025-05-13,9076,セイノーホールディングス,プライム（内国株式）,陸運業,2350,2352.5,2319.5,2326,-23,-0.97914,373900,OK
2025-05-13,9081,神奈川中央交通,プライム（内国株式）,陸運業,3770,3770,3665,3665,-70,-1.874163,5500,OK
2025-05-13,9082,大和自動車交通,スタンダード（内国株式）,陸運業,840,859,840,859,19,2.261905,1400,OK
2025-05-13,9083,神姫バス,スタンダード（内国株式）,陸運業,3515,3515,3500,3500,-25,-0.70922,1400,OK
2025-05-13,9087,タカセ,スタンダード（内国株式）,陸運業,,,,,,,,NO_QUOTE
2025-05-13,9090,ＡＺ−ＣＯＭ丸和ホールディングス,プライム（内国株式）,陸運業,1150,1150,1071,1074,-247,-18.697956,1240100,OK
2025-05-13,9101,日本郵船,プライム（内国株式）,海運業,5156,5184,5052,5135,195,3.947368,8194600,OK
2025-05-13,9104,商船三井,プライム（内国株式）,海運業,4975,5057,4950,5045,312,6.592014,11683400,OK
2025-05-13,9107,川崎汽船,プライム（内国株式）,海運業,2108,2155,2098,2115,107,5.328685,13099400,OK
2025-05-13,9110,ＮＳユナイテッド海運,プライム（内国株式）,海運業,3755,3820,3720,3765,80,2.170963,114900,OK
2025-05-13,9115,明海グループ,スタンダード（内国株式）,海運業,621,638,621,636,13,2.086677,26600,OK
2025-05-13,9119,飯野海運,プライム（内国株式）,海運業,999,1011,987,988,0,0,451400,OK
2025-05-13,9127,玉井商船,スタンダード（内国株式）,海運業,1865,1874,1861,1861,3,0.161464,6100,OK
2025-05-13,9130,共栄タンカー,スタンダード（内国株式）,海運業,951,963,945,952,7,0.740741,32600,OK
2025-05-13,9142,九州旅客鉄道,プライム（内国株式）,陸運業,3814,3872,3801,3860,-20,-0.515464,890500,OK
2025-05-13,9143,ＳＧホールディングス,プライム（内国株式）,陸運業,1493.5,1510.5,1474,1474,-10,-0.673854,1518000,OK
2025-05-13,9145,ビーイングホールディングス,スタンダード（内国株式）,陸運業,2674,2674,2620,2632,-19,-0.716711,4800,OK
2025-05-13,9146,五健堂ホールディングス,TOKYO PRO MARKET（内国株式）,陸運業,,,,,,,,NO_QUOTE
2025-05-13,9147,ＮＩＰＰＯＮ　ＥＸＰＲＥＳＳホールディングス,プライム（内国株式）,陸運業,2601,2629,2591,2604,5,0.192382,1924000,OK
2025-05-13,9149,大友ロジスティクスサービス,TOKYO PRO MARKET（内国株式）,陸運業,,,,,,,,NO_QUOTE
2025-05-13,9156,はなホールディングス,TOKYO PRO MARKET（内国株式）,サービス業,,,,,,,,NO_QUOTE
2025-05-13,9158,シーユーシー,グロース（内国株式）,サービス業,1039,1049,1029,1031,-5,-0.482625,201800,OK
2025-05-13,9159,Ｗ　ＴＯＫＹＯ,グロース（内国株式）,サービス業,1847,1858,1801,1818,-2,-0.10989,5000,OK
2025-05-13,9160,ノバレーゼ,スタンダード（内国株式）,サービス業,309,312,307,309,2,0.651466,20000,OK
2025-05-13,9162,ブリーチ,グロース（内国株式）,サービス業,358,358,344,346,-4,-1.142857,41800,OK
2025-05-13,9163,ナレルグループ,グロース（内国株式）,サービス業,2325,2332,2311,2323,-2,-0.086022,48700,OK
2025-05-13,9164,トライト,グロース（内国株式）,サービス業,517,519,500,500,-17,-3.288201,1284500,OK
2025-05-13,9165,クオルテック,グロース（内国株式）,サービス業,1260,1293,1260,1276,20,1.592357,1500,OK
2025-05-13,9166,ＧＥＮＤＡ,グロース（内国株式）,サービス業,1164,1169,1109,1121,-10,-0.884173,1106300,OK
2025-05-13,9167,フトン巻きのジロー,TOKYO PRO MARKET（内国株式）,サービス業,,,,,,,,NO_QUOTE
2025-05-13,9168,ライズ・コンサルティング・グループ,グロース（内国株式）,サービス業,930,937,925,933,0,0,73800,OK
2025-05-13,9169,大伸社,TOKYO PRO MARKET（内国株式）,サービス業,,,,,,,,NO_QUOTE
2025-05-13,9171,栗林商船,スタンダード（内国株式）,海運業,1114,1115,1070,1070,-23,-2.1043,37200,OK
2025-05-13,9173,東海汽船,スタンダード（内国株式）,海運業,2940,2945,2940,2944,3,0.102006,400,OK
2025-05-13,9193,東京汽船,スタンダード（内国株式）,倉庫･運輸関連業,840,840,826,826,0,0,9500,OK
2025-05-13,9201,日本航空,プライム（内国株式）,空運業,2785,2800,2767.5,2785.5,-2.5,-0.08967,3154200,OK
2025-05-13,9202,ＡＮＡホールディングス,プライム（内国株式）,空運業,2840,2867,2838,2851.5,-8,-0.279769,2121700,OK
2025-05-13,9204,スカイマーク,グロース（内国株式）,空運業,498,504,495,502,7,1.414141,156800,OK
2025-05-13,9206,スターフライヤー,スタンダード（内国株式）,空運業,2402,2402,2367,2367,-33,-1.375,10400,OK
2025-05-13,9211,エフ・コード,グロース（内国株式）,サービス業,1937,1937,1887,1920,0,0,168700,OK
2025-05-13,9212,Ｇｒｅｅｎ　Ｅａｒｔｈ　Ｉｎｓｔｉｔｕｔｅ,グロース（内国株式）,サービス業,427,427,410,411,7,1.732673,36500,OK
2025-05-13,9213,セイファート,スタンダード（内国株式）,サービス業,786,793,785,785,-6,-0.758534,1100,OK
2025-05-13,9214,Ｒｅｃｏｖｅｒｙ　Ｉｎｔｅｒｎａｔｉｏｎａｌ,グロース（内国株式）,サービス業,1407,1407,1381,1390,-17,-1.208244,5100,OK
2025-05-13,9215,ＣａＳｙ,グロース（内国株式）,サービス業,878,878,858,859,-10,-1.150748,2900,OK
2025-05-13,9216,ビーウィズ,プライム（内国株式）,サービス業,1711,1711,1701,1703,-6,-0.351083,62900,OK
2025-05-13,9218,メンタルヘルステクノロジーズ,グロース（内国株式）,サービス業,782,782,765,770,-2,-0.259067,14800,OK
2025-05-13,9219,ギックス,グロース（内国株式）,サービス業,904,904,889,899,10,1.124859,8600,OK
2025-05-13,9220,エフビー介護サービス,スタンダード（内国株式）,サービス業,950,950,950,950,-9,-0.938478,200,OK
2025-05-13,9221,フルハシＥＰＯ,スタンダード（内国株式）,サービス業,1004,1049,1003,1025,22,2.19342,7300,OK
2025-05-13,9222,ｍａｎａｂｙ,TOKYO PRO MARKET（内国株式）,サービス業,,,,,,,,NO_QUOTE
2025-05-13,9223,ＡＳＮＯＶＡ,グロース（内国株式）,サービス業,586,586,579,582,3,0.518135,2600,OK
2025-05-13,9224,環境のミカタ,TOKYO PRO MARKET（内国株式）,サービス業,,,,,,,,NO_QUOTE
2025-05-13,9225,ブリッジコンサルティンググループ,グロース（内国株式）,サービス業,1198,1200,1189,1189,3,0.252951,1400,OK
2025-05-13,9226,アイガー,TOKYO PRO MARKET（内国株式）,サービス業,,,,,,,,NO_QUOTE
2025-05-13,9227,マイクロ波化学,グロース（内国株式）,サービス業,469,485,465,476,12,2.586207,148400,OK
2025-05-13,9229,サンウェルズ,プライム（内国株式）,サービス業,540,551,520,531,0,0,243400,OK
2025-05-13,9233,アジア航測,スタンダード（内国株式）,空運業,1129,1129,1104,1104,-10,-0.897666,9100,OK
2025-05-13,9235,売れるネット広告社グループ,グロース（内国株式）,サービス業,1112,1158,1071,1089,-23,-2.068345,668800,OK
2025-05-13,9236,ジャパンＭ＆Ａソリューション,グロース（内国株式）,サービス業,1335,1340,1335,1340,5,0.374532,700,OK
2025-05-13,9237,笑美面,グロース（内国株式）,サービス業,1774,1838,1745,1838,79,4.491188,11200,OK
2025-05-13,9238,バリュークリエーション,グロース（内国株式）,サービス業,1201,1271,1131,1172,-29,-2.414654,308100,OK
2025-05-13,9239,ケーイーティ,TOKYO PRO MARKET（内国株式）,サービス業,,,,,,,,NO_QUOTE
2025-05-13,9240,デリバリーコンサルティング,グロース（内国株式）,サービス業,337,341,335,335,-2,-0.593472,3200,OK
2025-05-13,9241,フューチャーリンクネットワーク,グロース（内国株式）,サービス業,1295,1295,1295,1295,0,0,100,OK
2025-05-13,9242,メディア総研,グロース（内国株式）,サービス業,1382,1398,1352,1398,43,3.173432,4400,OK
2025-05-13,9243,富士テクノホールディングス,TOKYO PRO MARKET（内国株式）,サービス業,,,,,,,,NO_QUOTE
2025-05-13,9244,デジタリフト,グロース（内国株式）,サービス業,740,740,732,737,8,1.097394,1000,OK
2025-05-13,9245,リベロ,グロース（内国株式）,サービス業,1899,1937,1899,1937,43,2.270327,3900,OK
2025-05-13,9246,プロジェクトホールディングス,グロース（内国株式）,サービス業,1397,1397,1381,1397,0,0,400,OK
2025-05-13,9247,ＴＲＥホールディングス,プライム（内国株式）,サービス業,1580,1587,1554,1554,-10,-0.639386,256200,OK
2025-05-13,9248,人・夢・技術グループ,プライム（内国株式）,サービス業,1810,1810,1740,1740,-52,-2.901786,4900,OK
2025-05-13,9249,日本エコシステム,スタンダード（内国株式）,サービス業,1497,1503,1489,1489,-7,-0.467914,5000,OK
2025-05-13,9250,ＧＲＣＳ,グロース（内国株式）,サービス業,1300,1310,1300,1310,11,0.846805,1400,OK
2025-05-13,9251,ＡＢ＆Ｃｏｍｐａｎｙ,グロース（内国株式）,サービス業,949,949,940,940,-5,-0.529101,20300,OK
2025-05-13,9252,ラストワンマイル,グロース（内国株式）,サービス業,3200,3200,3115,3115,-70,-2.197802,6900,OK
2025-05-13,9253,スローガン,グロース（内国株式）,サービス業,647,647,634,634,-12,-1.857585,700,OK
2025-05-13,9254,ラバブルマーケティンググループ,グロース（内国株式）,サービス業,1323,1380,1290,1380,59,4.466313,1100,OK
2025-05-13,9256,サクシード,グロース（内国株式）,サービス業,822,955,812,884,74,9.135802,226300,OK
2025-05-13,9258,ＣＳ−Ｃ,グロース（内国株式）,サービス業,409,409,409,409,1,0.245098,200,OK
2025-05-13,9259,タカヨシホールディングス,グロース（内国株式）,サービス業,679,688,659,686,6,0.882353,15200,OK
2025-05-13,9262,シルバーライフ,スタンダード（内国株式）,小売業,750,750,739,739,-7,-0.938338,14000,OK
2025-05-13,9264,ポエック,スタンダード（内国株式）,卸売業,1444,1465,1435,1455,29,2.033661,37600,OK
2025-05-13,9265,ヤマシタヘルスケアホールディングス,スタンダード（内国株式）,卸売業,2730,2749,2720,2725,-23,-0.836972,1300,OK
2025-05-13,9267,Ｇｅｎｋｙ　ＤｒｕｇＳｔｏｒｅｓ,プライム（内国株式）,小売業,3625,3640,3580,3585,-40,-1.103448,47400,OK
2025-05-13,9268,オプティマスグループ,スタンダード（内国株式）,卸売業,344,347,341,341,0,0,223000,OK
2025-05-13,9270,バリュエンスホールディングス,グロース（内国株式）,卸売業,900,900,875,875,-20,-2.234637,21100,OK
2025-05-13,9271,和心,グロース（内国株式）,小売業,510,510,495,495,-14,-2.750491,11100,OK
2025-05-13,9272,ブティックス,グロース（内国株式）,サービス業,1515,1515,1488,1495,0,0,8000,OK
2025-05-13,9273,コーア商事ホールディングス,プライム（内国株式）,卸売業,677,679,665,670,-8,-1.179941,161200,OK
2025-05-13,9274,ＫＰＰグループホールディングス,プライム（内国株式）,卸売業,680,685,675,675,1,0.148368,276300,OK
2025-05-13,9275,ナルミヤ・インターナショナル,スタンダード（内国株式）,小売業,1210,1235,1210,1214,7,0.57995,11400,OK
2025-05-13,9278,ブックオフグループホールディングス,プライム（内国株式）,小売業,1498,1500,1487,1489,-2,-0.134138,102900,OK
2025-05-13,9279,ギフトホールディングス,プライム（内国株式）,小売業,3405,3445,3365,3380,-55,-1.601164,84000,OK
2025-05-13,9301,三菱倉庫,プライム（内国株式）,倉庫･運輸関連業,1058,1061.5,1045,1059.5,19.5,1.875,1649400,OK
2025-05-13,9302,三井倉庫ホールディングス,プライム（内国株式）,倉庫･運輸関連業,3495,3555,3420,3425,-25,-0.724638,559400,OK
2025-05-13,9303,住友倉庫,プライム（内国株式）,倉庫･運輸関連業,3060,3085,3020,3035,-15,-0.491803,163300,OK
2025-05-13,9304,澁澤倉庫,プライム（内国株式）,倉庫･運輸関連業,3605,3655,3565,3580,-110,-2.98103,54500,OK
2025-05-13,9305,ヤマタネ,プライム（内国株式）,卸売業,4920,5020,4435,4590,-350,-7.08502,262800,OK
2025-05-13,9306,東陽倉庫,スタンダード（内国株式）,倉庫･運輸関連業,1500,1571,1485,1503,9,0.60241,35600,OK
2025-05-13,9307,杉村倉庫,スタンダード（内国株式）,倉庫･運輸関連業,730,743,725,736,10,1.37741,15200,OK
2025-05-13,9308,乾汽船,スタンダード（内国株式）,海運業,1316,1367,1228,1328,15,1.142422,435300,OK
2025-05-13,9310,日本トランスシティ,プライム（内国株式）,倉庫･運輸関連業,950,965,900,933,4,0.430571,252400,OK
2025-05-13,9311,アサガミ,スタンダード（内国株式）,倉庫･運輸関連業,5760,5760,5760,5760,0,0,100,OK
2025-05-13,9312,ケイヒン,スタンダード（内国株式）,倉庫･運輸関連業,2451,2570,2379,2411,-24,-0.985626,61000,OK
2025-05-13,9313,丸八倉庫,スタンダード（内国株式）,倉庫･運輸関連業,838,838,828,829,-13,-1.543943,700,OK
2025-05-13,9319,中央倉庫,プライム（内国株式）,倉庫･運輸関連業,1468,1520,1460,1462,-86,-5.555556,46600,OK
2025-05-13,9322,川西倉庫,スタンダード（内国株式）,倉庫･運輸関連業,1055,1087,1042,1057,16,1.536984,16200,OK
2025-05-13,9324,安田倉庫,プライム（内国株式）,倉庫･運輸関連業,1866,1888,1827,1861,-5,-0.267953,36200,OK
2025-05-13,9325,ファイズホールディングス,スタンダード（内国株式）,倉庫･運輸関連業,1029,1029,997,1007,11,1.104418,19500,OK
2025-05-13,9326,関通,グロース（内国株式）,倉庫･運輸関連業,337,339,333,333,-4,-1.186944,9600,OK
2025-05-13,9327,イー・ロジット,スタンダード（内国株式）,倉庫･運輸関連業,275,313,274,313,38,13.818182,125400,OK
2025-05-13,9330,揚羽,グロース（内国株式）,サービス業,800,811,800,805,3,0.374065,1600,OK
2025-05-13,9331,キャスター,グロース（内国株式）,サービス業,880,880,873,873,-22,-2.458101,1300,OK
2025-05-13,9332,ＮＩＳＳＯホールディングス,プライム（内国株式）,サービス業,705,705,662,666,-24,-3.478261,164000,OK
2025-05-13,9334,アイビスホールディングス,TOKYO PRO MARKET（内国株式）,サービス業,,,,,,,,NO_QUOTE
2025-05-13,9335,テクノクリエイティブ,TOKYO PRO MARKET（内国株式）,サービス業,,,,,,,,NO_QUOTE
2025-05-13,9336,大栄環境,プライム（内国株式）,サービス業,3055,3065,3020,3040,15,0.495868,94500,OK
2025-05-13,9337,トリドリ,グロース（内国株式）,サービス業,2193,2250,2082,2082,-61,-2.846477,69500,OK
2025-05-13,9338,ＩＮＦＯＲＩＣＨ,グロース（内国株式）,サービス業,3900,3950,3855,3870,10,0.259067,133900,OK
2025-05-13,9339,コーチ・エィ,スタンダード（内国株式）,サービス業,975,975,967,972,2,0.206186,3800,OK
2025-05-13,9340,アソインターナショナル,スタンダード（内国株式）,サービス業,592,602,571,599,13,2.21843,34600,OK
2025-05-13,9341,ＧＥＮＯＶＡ,プライム（内国株式）,サービス業,1028,1037,1017,1018,3,0.295567,129000,OK
2025-05-13,9342,スマサポ,グロース（内国株式）,サービス業,1060,1086,1023,1031,1,0.097087,14000,OK
2025-05-13,9343,アイビス,グロース（内国株式）,サービス業,3050,3120,3010,3010,-50,-1.633987,27400,OK
2025-05-13,9344,アクシスコンサルティング,グロース（内国株式）,サービス業,802,810,800,809,7,0.872818,3200,OK
2025-05-13,9345,ビズメイツ,グロース（内国株式）,サービス業,2041,2049,2010,2040,5,0.2457,1200,OK
2025-05-13,9346,ココルポート,グロース（内国株式）,サービス業,1490,1493,1490,1493,-17,-1.125828,200,OK
2025-05-13,9347,日本管財ホールディングス,プライム（内国株式）,サービス業,2729,2729,2689,2693,-36,-1.319165,24600,OK
2025-05-13,9348,ｉｓｐａｃｅ,グロース（内国株式）,サービス業,1312,1387,1288,1363,66,5.088666,14274700,OK
2025-05-13,9351,東洋埠頭,スタンダード（内国株式）,倉庫･運輸関連業,1293,1312,1293,1300,16,1.246106,8900,OK
2025-05-13,9353,櫻島埠頭,スタンダード（内国株式）,倉庫･運輸関連業,1700,1750,1691,1691,6,0.356083,1700,OK
2025-05-13,9355,リンコーコーポレーション,スタンダード（内国株式）,倉庫･運輸関連業,1718,1718,1718,1718,7,0.409117,200,OK
2025-05-13,9360,鈴与シンワート,スタンダード（内国株式）,情報･通信業,2674,2674,2613,2649,14,0.531309,3100,OK
2025-05-13,9361,伏木海陸運送,スタンダード（内国株式）,倉庫･運輸関連業,1614,1614,1609,1609,2,0.124456,700,OK
2025-05-13,9362,兵機海運,スタンダード（内国株式）,倉庫･運輸関連業,3655,3665,3625,3635,120,3.41394,400,OK
2025-05-13,9363,大運,スタンダード（内国株式）,倉庫･運輸関連業,405,409,402,404,1,0.248139,10500,OK
2025-05-13,9364,上組,プライム（内国株式）,倉庫･運輸関連業,3655,3984,3650,3892,279,7.722115,829300,OK
2025-05-13,9365,トレーディア,スタンダード（内国株式）,倉庫･運輸関連業,1269,1290,1262,1270,7,0.554236,5200,OK
2025-05-13,9366,サンリツ,スタンダード（内国株式）,倉庫･運輸関連業,810,817,805,810,5,0.621118,10500,OK
2025-05-13,9367,大東港運,スタンダード（内国株式）,倉庫･運輸関連業,,,,,,,,NO_QUOTE
2025-05-13,9368,キムラユニティー,スタンダード（内国株式）,倉庫･運輸関連業,781,784,776,780,0,0,22300,OK
2025-05-13,9369,キユーソー流通システム,スタンダード（内国株式）,倉庫･運輸関連業,1951,1974,1915,1915,0,0,43200,OK
2025-05-13,9376,ユーラシア旅行社,スタンダード（内国株式）,サービス業,495,497,492,493,-1,-0.202429,6600,OK
2025-05-13,9377,エージーピー,スタンダード（内国株式）,倉庫･運輸関連業,1528,1529,1526,1528,0,0,28400,OK
2025-05-13,9380,東海運,スタンダード（内国株式）,倉庫･運輸関連業,325,328,324,325,1,0.308642,24200,OK
2025-05-13,9381,エーアイテイー,プライム（内国株式）,倉庫･運輸関連業,1766,1766,1726,1726,-28,-1.596351,16400,OK
2025-05-13,9384,内外トランスライン,プライム（内国株式）,倉庫･運輸関連業,4050,4050,4045,4045,0,0,8200,OK
2025-05-13,9385,ショーエイコーポレーション,スタンダード（内国株式）,化学,534,535,532,535,2,0.375235,9400,OK
2025-05-13,9386,日本コンセプト,プライム（内国株式）,倉庫･運輸関連業,1772,1772,1758,1758,1,0.056915,15800,OK
2025-05-13,9401,ＴＢＳホールディングス,プライム（内国株式）,情報･通信業,4656,4656,4545,4560,-86,-1.851055,274300,OK
2025-05-13,9404,日本テレビホールディングス,プライム（内国株式）,情報･通信業,3300,3300,3220,3244,-74,-2.230259,778100,OK
2025-05-13,9405,朝日放送グループホールディングス,プライム（内国株式）,情報･通信業,656,671,651,670,-6,-0.887574,104400,OK
2025-05-13,9408,ＢＳＮメディアホールディングス,スタンダード（内国株式）,情報･通信業,1865,1865,1865,1865,2,0.107354,100,OK
2025-05-13,9409,テレビ朝日ホールディングス,プライム（内国株式）,情報･通信業,2633,2633,2567,2590,-36,-1.370906,924600,OK
2025-05-13,9412,スカパーＪＳＡＴホールディングス,プライム（内国株式）,情報･通信業,1205,1208,1167,1173,-19,-1.59396,586400,OK
2025-05-13,9413,テレビ東京ホールディングス,プライム（内国株式）,情報･通信業,3980,3995,3900,3960,-30,-0.75188,83700,OK
2025-05-13,9414,日本ＢＳ放送,スタンダード（内国株式）,情報･通信業,907,913,907,909,3,0.331126,20500,OK
2025-05-13,9416,ビジョン,プライム（内国株式）,情報･通信業,1291,1312,1288,1292,6,0.466563,573200,OK
2025-05-13,9417,スマートバリュー,スタンダード（内国株式）,情報･通信業,444,445,436,442,-4,-0.896861,25200,OK
2025-05-13,9418,Ｕ−ＮＥＸＴ　ＨＯＬＤＩＮＧＳ,プライム（内国株式）,情報･通信業,2095,2095,2047,2061,-37,-1.763584,298800,OK
2025-05-13,9419,ワイヤレスゲート,スタンダード（内国株式）,情報･通信業,223,227,219,220,1,0.456621,56200,OK
2025-05-13,9421,エヌジェイホールディングス,スタンダード（内国株式）,情報･通信業,609,614,605,613,3,0.491803,8800,OK
2025-05-13,9423,フォーバル・リアルストレート,スタンダード（内国株式）,情報･通信業,107,108,105,105,-1,-0.943396,71200,OK
2025-05-13,9424,日本通信,プライム（内国株式）,情報･通信業,154,156,146,147,-3,-2,3159200,OK
2025-05-13,9425,ＲｅＹｕｕ　Ｊａｐａｎ,スタンダード（内国株式）,情報･通信業,528,554,528,545,17,3.219697,42300,OK
2025-05-13,9428,クロップス,スタンダード（内国株式）,情報･通信業,1028,1100,1028,1060,33,3.213242,20700,OK
2025-05-13,9432,日本電信電話,プライム（内国株式）,情報･通信業,156.9,157,152.6,152.7,-3.9,-2.490421,207783600,OK
2025-05-13,9433,ＫＤＤＩ,プライム（内国株式）,情報･通信業,2626.5,2640,2591.5,2591.5,-67.5,-2.538548,9258600,OK
2025-05-13,9434,ソフトバンク,プライム（内国株式）,情報･通信業,221.2,221.8,218.2,218.8,-3.1,-1.397026,72217500,OK
2025-05-13,94345,ソフトバンク（優先株式）,プライム（内国株式）,情報･通信業,3800,3800,3795,3795,-4,-0.105291,3600,OK
2025-05-13,94346,ソフトバンク（優先株式）,プライム（内国株式）,情報･通信業,7721,7740,7720,7720,-8,-0.10352,3500,OK
2025-05-13,9435,光通信,プライム（内国株式）,情報･通信業,41360,41500,40830,41160,-20,-0.048567,76800,OK
2025-05-13,9436,沖縄セルラー電話,スタンダード（内国株式）,情報･通信業,4650,4680,4595,4650,5,0.107643,49800,OK
2025-05-13,9438,エムティーアイ,プライム（内国株式）,情報･通信業,835,850,809,832,5,0.604595,61600,OK
2025-05-13,9439,エム・エイチ・グループ,スタンダード（内国株式）,サービス業,209,214,208,212,5,2.415459,9900,OK
2025-05-13,9441,ベルパーク,スタンダード（内国株式）,情報･通信業,1843,1918,1759,1837,-13,-0.702703,185200,OK
2025-05-13,9444,トーシンホールディングス,スタンダード（内国株式）,情報･通信業,613,640,610,624,1,0.160514,90500,OK
2025-05-13,9445,フォーバルテレコム,スタンダード（内国株式）,情報･通信業,469,474,465,465,-6,-1.273885,6400,OK
2025-05-13,9446,サカイホールディングス,スタンダード（内国株式）,情報･通信業,428,432,427,430,1,0.2331,5100,OK
2025-05-13,9449,ＧＭＯインターネットグループ,プライム（内国株式）,情報･通信業,3496,3502,3468,3499,16,0.459374,165600,OK
2025-05-13,9450,ファイバーゲート,プライム（内国株式）,情報･通信業,998,998,974,977,-16,-1.611279,71100,OK
2025-05-13,9466,アイドママーケティングコミュニケーション,スタンダード（内国株式）,情報･通信業,238,259,238,250,-19,-7.063197,1202800,OK
2025-05-13,9467,アルファポリス,グロース（内国株式）,情報･通信業,1273,1284,1242,1278,10,0.788644,113900,OK
2025-05-13,9468,ＫＡＤＯＫＡＷＡ,プライム（内国株式）,情報･通信業,3599,3804,3583,3761,190,5.320638,881600,OK
2025-05-13,9470,学研ホールディングス,プライム（内国株式）,情報･通信業,997,997,980,980,-3,-0.305188,66000,OK
2025-05-13,9474,ゼンリン,プライム（内国株式）,情報･通信業,1200,1206,1185,1197,-3,-0.25,185600,OK
2025-05-13,9475,昭文社ホールディングス,スタンダード（内国株式）,情報･通信業,403,404,400,400,1,0.250627,3100,OK
2025-05-13,9476,中央経済社ホールディングス,スタンダード（内国株式）,情報･通信業,575,575,535,540,5,0.934579,5000,OK
2025-05-13,9478,ＳＥホールディングス・アンド・インキュベーションズ,スタンダード（内国株式）,情報･通信業,283,289,283,287,4,1.413428,55400,OK
2025-05-13,9479,インプレスホールディングス,スタンダード（内国株式）,情報･通信業,160,161,158,160,1,0.628931,82000,OK
2025-05-13,9501,東京電力ホールディングス,プライム（内国株式）,電気･ガス業,429.8,429.8,411,411.9,-7,-1.671043,27534400,OK
2025-05-13,9502,中部電力,プライム（内国株式）,電気･ガス業,1792.5,1796,1756.5,1768,-36,-1.995565,3228900,OK
2025-05-13,9503,関西電力,プライム（内国株式）,電気･ガス業,1720,1722,1678,1682.5,-33.5,-1.952214,5002600,OK
2025-05-13,9504,中国電力,プライム（内国株式）,電気･ガス業,758.3,759.7,748.5,753.5,-2,-0.264725,2766800,OK
2025-05-13,9505,北陸電力,プライム（内国株式）,電気･ガス業,750,750,730.6,732.6,-11.6,-1.558721,1110100,OK
2025-05-13,9506,東北電力,プライム（内国株式）,電気･ガス業,1037,1040,1012.5,1015,-25,-2.403846,1727000,OK
2025-05-13,9507,四国電力,プライム（内国株式）,電気･ガス業,1208,1213.5,1179,1184,-12.5,-1.044714,653100,OK
2025-05-13,9508,九州電力,プライム（内国株式）,電気･ガス業,1316,1320,1296.5,1301,-18.5,-1.402046,1989700,OK
2025-05-13,9509,北海道電力,プライム（内国株式）,電気･ガス業,768.1,768.4,743,746.4,-24,-3.115265,4496000,OK
2025-05-13,9511,沖縄電力,プライム（内国株式）,電気･ガス業,919,919,904,906,-6,-0.657895,151800,OK
2025-05-13,9513,電源開発,プライム（内国株式）,電気･ガス業,2500,2500.5,2458,2459.5,-41,-1.639672,789900,OK
2025-05-13,9514,エフオン,スタンダード（内国株式）,電気･ガス業,337,342,336,339,4,1.19403,39900,OK
2025-05-13,9517,イーレックス,プライム（内国株式）,電気･ガス業,847,847,812,834,-2,-0.239234,777000,OK
2025-05-13,9519,レノバ,プライム（内国株式）,電気･ガス業,700,736,686,693,23,3.432836,1995400,OK
2025-05-13,9531,東京瓦斯,プライム（内国株式）,電気･ガス業,4824,4858,4715,4738,-86,-1.782753,1295900,OK
2025-05-13,9532,大阪瓦斯,プライム（内国株式）,電気･ガス業,3666,3715,3648,3667,-31,-0.838291,1209200,OK
2025-05-13,9533,東邦瓦斯,プライム（内国株式）,電気･ガス業,4246,4256,4193,4193,-53,-1.248234,146100,OK
2025-05-13,9534,北海道瓦斯,プライム（内国株式）,電気･ガス業,555,555,541,541,-10,-1.814882,68300,OK
2025-05-13,9535,広島ガス,プライム（内国株式）,電気･ガス業,354,354,346,347,-4,-1.139601,85800,OK
2025-05-13,9536,西部ガスホールディングス,プライム（内国株式）,電気･ガス業,1773,1774,1747,1754,-19,-1.07163,55800,OK
2025-05-13,9537,北陸瓦斯,スタンダード（内国株式）,電気･ガス業,,,,,,,,NO_QUOTE
2025-05-13,9539,京葉瓦斯,スタンダード（内国株式）,電気･ガス業,1300,1319,1253,1253,-37,-2.868217,19700,OK
2025-05-13,9543,静岡ガス,プライム（内国株式）,電気･ガス業,1120,1128,1100,1105,-20,-1.777778,90200,OK
2025-05-13,9551,メタウォーター,プライム（内国株式）,電気･ガス業,2078,2117,2071,2093,6,0.287494,133600,OK
2025-05-13,9552,Ｍ＆Ａ総研ホールディングス,プライム（内国株式）,サービス業,1320,1374,1310,1339,25,1.902588,681900,OK
2025-05-13,9553,マイクロアド,グロース（内国株式）,サービス業,327,335,326,327,8,2.507837,192500,OK
2025-05-13,9554,ＡＶｉＣ,グロース（内国株式）,サービス業,1894,1902,1855,1888,21,1.124799,40200,OK
2025-05-13,9556,ＩＮＴＬＯＯＰ,グロース（内国株式）,サービス業,4740,4770,4715,4745,35,0.7431,8400,OK
2025-05-13,9557,エアークローゼット,グロース（内国株式）,サービス業,484,490,481,485,1,0.206612,8400,OK
2025-05-13,9558,ジャパニアス,グロース（内国株式）,サービス業,2130,2142,2130,2136,8,0.37594,10800,OK
2025-05-13,9560,プログリット,グロース（内国株式）,サービス業,1051,1056,1033,1053,7,0.669216,99000,OK
2025-05-13,9561,グラッドキューブ,グロース（内国株式）,サービス業,806,823,806,822,16,1.985112,9900,OK
2025-05-13,9562,ビジネスコーチ,グロース（内国株式）,サービス業,1833,1891,1704,1706,-118,-6.469298,56600,OK
2025-05-13,9563,Ａｔｌａｓ　Ｔｅｃｈｎｏｌｏｇｉｅｓ,グロース（内国株式）,サービス業,306,310,296,298,-5,-1.650165,47000,OK
2025-05-13,9564,ＦＣＥ,スタンダード（内国株式）,サービス業,587,588,561,564,-21,-3.589744,111000,OK
2025-05-13,9565,ＧＬＯＥ,グロース（内国株式）,サービス業,1001,1002,978,985,-15,-1.5,6700,OK
2025-05-13,9600,アイネット,プライム（内国株式）,情報･通信業,1892,1895,1861,1865,-56,-2.915148,30800,OK
2025-05-13,9601,松竹,プライム（内国株式）,情報･通信業,13000,13010,12840,12920,-90,-0.691776,25700,OK
2025-05-13,9602,東宝,プライム（内国株式）,情報･通信業,7538,7565,7432,7475,-59,-0.783117,720200,OK
2025-05-13,9603,エイチ・アイ・エス,プライム（内国株式）,サービス業,1613,1624,1598,1601,-18,-1.111797,406200,OK
2025-05-13,9605,東映,プライム（内国株式）,情報･通信業,5010,5050,4930,4985,0,0,61100,OK
2025-05-13,9610,ウィルソン・ラーニング　ワールドワイド,スタンダード（内国株式）,サービス業,95,125,92,125,30,31.578947,8360100,OK
2025-05-13,9612,ラックランド,プライム（内国株式）,サービス業,1698,1705,1681,1681,-10,-0.591366,11400,OK
2025-05-13,9613,ＮＴＴデータグループ,プライム（内国株式）,情報･通信業,3981,3983,3980,3981,1,0.025126,10188200,OK
2025-05-13,9616,共立メンテナンス,プライム（内国株式）,サービス業,3318,3320,3277,3308,15,0.455512,490500,OK
2025-05-13,9619,イチネンホールディングス,プライム（内国株式）,サービス業,1658,1658,1623,1624,-25,-1.51607,56200,OK
2025-05-13,9621,建設技術研究所,プライム（内国株式）,サービス業,2490,2499,2438,2452,-9,-0.365705,34200,OK
2025-05-13,9622,スペース,プライム（内国株式）,サービス業,1137,1145,1126,1128,-13,-1.139351,21400,OK
2025-05-13,9625,セレスポ,スタンダード（内国株式）,サービス業,1099,1110,1086,1110,13,1.18505,6800,OK
2025-05-13,9627,アインホールディングス,プライム（内国株式）,小売業,5541,5541,5434,5455,-42,-0.764053,69800,OK
2025-05-13,9628,燦ホールディングス,プライム（内国株式）,サービス業,1437,1467,1417,1460,10,0.689655,60900,OK
2025-05-13,9629,ピー・シー・エー,プライム（内国株式）,情報･通信業,1850,1858,1833,1838,-10,-0.541126,16900,OK
2025-05-13,9632,スバル興業,スタンダード（内国株式）,サービス業,3340,3345,3270,3285,-55,-1.646707,12200,OK
2025-05-13,9633,東京テアトル,スタンダード（内国株式）,サービス業,1095,1098,1092,1098,1,0.091158,7200,OK
2025-05-13,9635,武蔵野興業,スタンダード（内国株式）,サービス業,2130,2130,2130,2130,20,0.947867,100,OK
2025-05-13,9636,きんえい,スタンダード（内国株式）,サービス業,4075,4075,4075,4075,10,0.246002,100,OK
2025-05-13,9639,三協フロンテア,スタンダード（内国株式）,サービス業,1933,1938,1919,1919,-10,-0.518403,11000,OK
2025-05-13,9640,セゾンテクノロジー,スタンダード（内国株式）,情報･通信業,1830,1832,1791,1800,-23,-1.261657,2300,OK
2025-05-13,9644,タナベコンサルティンググループ,プライム（内国株式）,サービス業,769,777,752,753,-18,-2.33463,32100,OK
2025-05-13,9647,協和コンサルタンツ,スタンダード（内国株式）,サービス業,6430,6430,6280,6280,-50,-0.789889,300,OK
2025-05-13,9651,日本プロセス,スタンダード（内国株式）,情報･通信業,1520,1520,1493,1495,-14,-0.927767,3900,OK
2025-05-13,9656,グリーンランドリゾート,スタンダード（内国株式）,サービス業,628,630,625,625,-3,-0.477707,3300,OK
2025-05-13,9658,ビジネスブレイン太田昭和,プライム（内国株式）,情報･通信業,3065,3065,2953,3000,-70,-2.28013,42000,OK
2025-05-13,9661,歌舞伎座,スタンダード（内国株式）,サービス業,4560,4565,4560,4560,0,0,500,OK
2025-05-13,9663,ナガワ,プライム（内国株式）,サービス業,6400,6400,6320,6370,70,1.111111,11400,OK
2025-05-13,9672,東京都競馬,プライム（内国株式）,サービス業,4325,4340,4280,4295,-5,-0.116279,46700,OK
2025-05-13,9678,カナモト,プライム（内国株式）,サービス業,3200,3250,3180,3210,45,1.421801,81800,OK
2025-05-13,9679,ホウライ,スタンダード（内国株式）,サービス業,1650,1652,1650,1650,0,0,600,OK
2025-05-13,9682,ＤＴＳ,プライム（内国株式）,情報･通信業,4785,4835,4720,4740,0,0,138300,OK
2025-05-13,9684,スクウェア・エニックス・ホールディングス,プライム（内国株式）,情報･通信業,8411,8625,8410,8601,40,0.467235,705600,OK
2025-05-13,9685,ＫＹＣＯＭホールディングス,スタンダード（内国株式）,情報･通信業,654,680,647,680,25,3.816794,8800,OK
2025-05-13,9686,東洋テック,スタンダード（内国株式）,サービス業,1377,1377,1363,1363,-14,-1.016703,5600,OK
2025-05-13,9687,ＫＳＫ,スタンダード（内国株式）,情報･通信業,3330,3340,3305,3325,0,0,5500,OK
2025-05-13,9691,両毛システムズ,スタンダード（内国株式）,情報･通信業,2995,2997,2872,2881,-108,-3.613249,28700,OK
2025-05-13,9692,シーイーシー,プライム（内国株式）,情報･通信業,2385,2387,2304,2310,-70,-2.941176,61100,OK
2025-05-13,9696,ウィザス,スタンダード（内国株式）,サービス業,2798,2804,2704,2766,-29,-1.037567,90700,OK
2025-05-13,9697,カプコン,プライム（内国株式）,情報･通信業,4085,4087,3938,3986,-49,-1.214374,2622300,OK
2025-05-13,9698,クレオ,スタンダード（内国株式）,情報･通信業,1095,1096,1089,1090,-5,-0.456621,2900,OK
2025-05-13,9699,ニシオホールディングス,プライム（内国株式）,サービス業,3925,3945,3880,3905,25,0.64433,39400,OK
2025-05-13,9701,東京會舘,スタンダード（内国株式）,サービス業,3870,3870,3850,3850,-15,-0.388098,200,OK
2025-05-13,9702,アイ・エス・ビー,プライム（内国株式）,情報･通信業,1395,1399,1380,1380,-2,-0.144718,18600,OK
2025-05-13,9704,アゴーラ　ホスピタリティー　グループ,スタンダード（内国株式）,サービス業,88,93,88,92,3,3.370787,10852500,OK
2025-05-13,9706,日本空港ビルデング,プライム（内国株式）,不動産業,4565,4579,4458,4523,145,3.312015,769600,OK
2025-05-13,9708,帝国ホテル,スタンダード（内国株式）,サービス業,903,910,899,902,0,0,128400,OK
2025-05-13,9709,ＮＣＳ＆Ａ,スタンダード（内国株式）,情報･通信業,1021,1037,1020,1024,-11,-1.062802,13100,OK
2025-05-13,9713,ロイヤルホテル,スタンダード（内国株式）,サービス業,1001,1005,968,983,-9,-0.907258,53100,OK
2025-05-13,9715,トランス・コスモス,プライム（内国株式）,サービス業,3280,3290,3245,3270,-5,-0.152672,23800,OK
2025-05-13,9716,乃村工藝社,プライム（内国株式）,サービス業,860,866,855,860,4,0.46729,224100,OK
2025-05-13,9719,ＳＣＳＫ,プライム（内国株式）,情報･通信業,4360,4403,4307,4343,-60,-1.362707,1661800,OK
2025-05-13,9720,ホテル、ニューグランド,スタンダード（内国株式）,サービス業,5970,5970,5930,5930,-20,-0.336134,700,OK
2025-05-13,9722,藤田観光,プライム（内国株式）,サービス業,9330,9340,8870,8870,-310,-3.376906,86100,OK
2025-05-13,9723,京都ホテル,スタンダード（内国株式）,サービス業,732,737,728,736,5,0.683995,6900,OK
2025-05-13,9726,ＫＮＴ−ＣＴホールディングス,スタンダード（内国株式）,サービス業,1249,1249,1222,1225,-9,-0.729335,24600,OK
2025-05-13,9729,トーカイ,プライム（内国株式）,サービス業,2165,2201,2165,2170,-1,-0.046062,11200,OK
2025-05-13,9731,白洋舎,スタンダード（内国株式）,サービス業,3215,3290,3135,3155,-25,-0.786164,13700,OK
2025-05-13,9733,ナガセ,スタンダード（内国株式）,サービス業,1858,1895,1850,1857,-6,-0.322061,21400,OK
2025-05-13,9735,セコム,プライム（内国株式）,サービス業,5374,5432,5239,5239,-235,-4.293022,1877800,OK
2025-05-13,9739,ＮＳＷ,プライム（内国株式）,情報･通信業,2870,2880,2665,2687,-154,-5.420627,32900,OK
2025-05-13,9740,セントラル警備保障,プライム（内国株式）,サービス業,2631,2631,2575,2575,-28,-1.075682,7400,OK
2025-05-13,9742,アイネス,プライム（内国株式）,情報･通信業,1650,1713,1631,1665,22,1.339014,76300,OK
2025-05-13,9743,丹青社,プライム（内国株式）,サービス業,1053,1055,1040,1048,3,0.287081,231200,OK
2025-05-13,9744,メイテックグループホールディングス,プライム（内国株式）,サービス業,3101,3116,3085,3110,25,0.810373,321800,OK
2025-05-13,9746,ＴＫＣ,プライム（内国株式）,情報･通信業,4085,4115,4035,4065,-20,-0.489596,67000,OK
2025-05-13,9749,富士ソフト,プライム（内国株式）,情報･通信業,9800,9820,9800,9810,0,0,51100,OK
2025-05-13,9753,アイエックス・ナレッジ,スタンダード（内国株式）,情報･通信業,1030,1072,1017,1031,-41,-3.824627,82600,OK
2025-05-13,9755,応用地質,プライム（内国株式）,サービス業,2710,2981,2664,2893,212,7.907497,166100,OK
2025-05-13,9757,船井総研ホールディングス,プライム（内国株式）,サービス業,2355,2398,2337,2379,31,1.320273,98200,OK
2025-05-13,9759,ＮＳＤ,プライム（内国株式）,情報･通信業,3439,3465,3395,3398,-24,-0.701344,102800,OK
2025-05-13,9760,進学会ホールディングス,スタンダード（内国株式）,サービス業,169,169,167,169,0,0,17500,OK
2025-05-13,9761,東海リース,スタンダード（内国株式）,サービス業,2056,2067,2036,2043,-11,-0.53554,9100,OK
2025-05-13,9763,丸紅建材リース,スタンダード（内国株式）,卸売業,3380,3380,3260,3290,-30,-0.903614,23000,OK
2025-05-13,9765,オオバ,プライム（内国株式）,サービス業,1070,1071,1057,1063,0,0,95900,OK
2025-05-13,9766,コナミグループ,プライム（内国株式）,情報･通信業,19485,19600,19000,19040,-255,-1.321586,742900,OK
2025-05-13,9767,日建工学,スタンダード（内国株式）,サービス業,1395,1415,1395,1415,32,2.313811,800,OK
2025-05-13,9768,いであ,スタンダード（内国株式）,サービス業,2738,2746,2721,2735,12,0.44069,17200,OK
2025-05-13,9769,学究社,プライム（内国株式）,サービス業,2248,2248,2199,2199,-49,-2.179715,5000,OK
2025-05-13,9776,札幌臨床検査センター,スタンダード（内国株式）,サービス業,1034,1034,1013,1017,-18,-1.73913,4300,OK
2025-05-13,9778,昴,スタンダード（内国株式）,サービス業,7420,7430,7400,7400,10,0.135318,400,OK
2025-05-13,9780,ハリマビステム,スタンダード（内国株式）,サービス業,698,700,691,700,9,1.30246,4500,OK
2025-05-13,9782,ディーエムエス,スタンダード（内国株式）,サービス業,2921,2949,2892,2917,34,1.179327,23200,OK
2025-05-13,9787,イオンディライト,プライム（内国株式）,サービス業,5370,5390,5370,5380,-10,-0.185529,18500,OK
2025-05-13,9788,ナック,プライム（内国株式）,サービス業,621,621,610,610,-10,-1.612903,20000,OK
2025-05-13,9790,福井コンピュータホールディングス,プライム（内国株式）,情報･通信業,3100,3110,3060,3060,-35,-1.130856,49500,OK
2025-05-13,9791,ビケンテクノ,スタンダード（内国株式）,サービス業,1080,1080,1072,1080,0,0,2700,OK
2025-05-13,9793,ダイセキ,プライム（内国株式）,サービス業,3720,3760,3700,3750,-10,-0.265957,132800,OK
2025-05-13,9795,ステップ,プライム（内国株式）,サービス業,2312,2315,2270,2270,-33,-1.432914,10600,OK
2025-05-13,9799,旭情報サービス,スタンダード（内国株式）,情報･通信業,1031,1061,1031,1051,21,2.038835,11800,OK
2025-05-13,9812,テーオーホールディングス,スタンダード（内国株式）,卸売業,443,445,439,443,4,0.911162,42900,OK
2025-05-13,9816,ストライダーズ,スタンダード（内国株式）,不動産業,260,289,260,265,5,1.923077,1079600,OK
2025-05-13,9818,大丸エナウィン,スタンダード（内国株式）,卸売業,1622,1624,1622,1624,2,0.123305,1300,OK
2025-05-13,9820,エムティジェネックス,スタンダード（内国株式）,不動産業,2640,2760,2640,2760,160,6.153846,6600,OK
2025-05-13,9823,マミーマート,スタンダード（内国株式）,小売業,5330,5380,5210,5230,-120,-2.242991,13600,OK
2025-05-13,9824,泉州電業,プライム（内国株式）,卸売業,4580,4605,4475,4515,-5,-0.110619,48100,OK
2025-05-13,9827,リリカラ,スタンダード（内国株式）,卸売業,531,534,526,528,0,0,63300,OK
2025-05-13,9828,Ｇｅｎｋｉ　Ｇｌｏｂａｌ　Ｄｉｎｉｎｇ　Ｃｏｎｃｅｐｔｓ,スタンダード（内国株式）,小売業,4055,4175,4000,4065,10,0.246609,176100,OK
2025-05-13,9830,トラスコ中山,プライム（内国株式）,卸売業,2017,2020,1995,2002,2,0.1,114400,OK
2025-05-13,9831,ヤマダホールディングス,プライム（内国株式）,小売業,438.4,440.9,435.2,438.8,-0.8,-0.181984,3506400,OK
2025-05-13,9832,オートバックスセブン,プライム（内国株式）,卸売業,1473,1482,1466,1476,3,0.203666,132600,OK
2025-05-13,9835,ジュンテンドー,スタンダード（内国株式）,小売業,496,498,495,497,1,0.201613,2600,OK
2025-05-13,9837,モリト,プライム（内国株式）,卸売業,1435,1439,1426,1427,-2,-0.139958,31600,OK
2025-05-13,9842,アークランズ,プライム（内国株式）,小売業,1693,1705,1690,1695,5,0.295858,145400,OK
2025-05-13,9843,ニトリホールディングス,プライム（内国株式）,小売業,16480,16810,16235,16235,-820,-4.807974,1459900,OK
2025-05-13,9845,パーカーコーポレーション,スタンダード（内国株式）,化学,870,870,829,846,21,2.545455,18700,OK
2025-05-13,9846,天満屋ストア,スタンダード（内国株式）,小売業,959,960,957,958,-2,-0.208333,8600,OK
2025-05-13,9849,共同紙販ホールディングス,スタンダード（内国株式）,卸売業,4580,4580,4580,4580,0,0,200,OK
2025-05-13,9850,グルメ杵屋,プライム（内国株式）,小売業,1003,1003,998,998,-4,-0.399202,25700,OK
2025-05-13,9852,ＣＢグループマネジメント,スタンダード（内国株式）,卸売業,8040,8040,8040,8040,0,0,2100,OK
2025-05-13,9853,銀座ルノアール,スタンダード（内国株式）,小売業,903,903,903,903,0,0,200,OK
2025-05-13,9854,愛眼,スタンダード（内国株式）,小売業,152,153,151,153,2,1.324503,59300,OK
2025-05-13,9856,ケーユーホールディングス,スタンダード（内国株式）,小売業,1109,1109,1067,1068,-37,-3.348416,56800,OK
2025-05-13,9857,英和,スタンダード（内国株式）,卸売業,2220,2250,2159,2208,-12,-0.540541,3700,OK
2025-05-13,9861,吉野家ホールディングス,プライム（内国株式）,小売業,3172,3173,3120,3124,-58,-1.822753,284700,OK
2025-05-13,9867,ソレキア,スタンダード（内国株式）,卸売業,5930,5930,5800,5840,-110,-1.848739,1500,OK
2025-05-13,9869,加藤産業,プライム（内国株式）,卸売業,5520,5600,5470,5490,-50,-0.902527,53300,OK
2025-05-13,9872,北恵,スタンダード（内国株式）,卸売業,802,805,800,805,4,0.499376,2000,OK
2025-05-13,9876,コックス,スタンダード（内国株式）,小売業,204,204,199,201,-3,-1.470588,33000,OK
2025-05-13,9878,セキド,スタンダード（内国株式）,小売業,720,720,710,710,3,0.424328,1300,OK
2025-05-13,9880,イノテック,プライム（内国株式）,電気機器,1244,1258,1232,1232,-11,-0.884956,48300,OK
2025-05-13,9882,イエローハット,プライム（内国株式）,卸売業,1557,1579,1524,1554,20,1.303781,382200,OK
2025-05-13,9885,シャルレ,スタンダード（内国株式）,卸売業,418,418,402,411,0,0,28400,OK
2025-05-13,9887,松屋フーズホールディングス,プライム（内国株式）,小売業,5720,5720,5540,5610,-310,-5.236486,151800,OK
2025-05-13,9888,ＵＥＸ,スタンダード（内国株式）,卸売業,764,775,751,773,9,1.17801,69900,OK
2025-05-13,9889,ＪＢＣＣホールディングス,プライム（内国株式）,情報･通信業,1283,1350,1264,1342,42,3.230769,446600,OK
2025-05-13,9890,マキヤ,スタンダード（内国株式）,小売業,1051,1066,1035,1049,1,0.09542,13700,OK
2025-05-13,9895,コンセック,スタンダード（内国株式）,卸売業,1197,1197,1183,1183,-15,-1.252087,1900,OK
2025-05-13,9896,ＪＫホールディングス,スタンダード（内国株式）,卸売業,1066,1215,1045,1208,148,13.962264,165500,OK
2025-05-13,9900,サガミホールディングス,プライム（内国株式）,小売業,1750,1750,1725,1725,-8,-0.461627,37000,OK
2025-05-13,9902,日伝,プライム（内国株式）,卸売業,2951,2993,2884,2903,-48,-1.626567,12000,OK
2025-05-13,9903,カンセキ,スタンダード（内国株式）,小売業,870,873,857,873,3,0.344828,500,OK
2025-05-13,9904,ベリテ,スタンダード（内国株式）,小売業,352,353,351,352,0,0,12700,OK
2025-05-13,9906,藤井産業,スタンダード（内国株式）,卸売業,2550,2568,2489,2489,-41,-1.620553,7200,OK
2025-05-13,9908,日本電計,スタンダード（内国株式）,卸売業,2043,2096,2043,2048,19,0.936422,41200,OK
2025-05-13,9913,日邦産業,スタンダード（内国株式）,卸売業,2424,2438,2330,2438,38,1.583333,3000,OK
2025-05-13,9914,植松商会,スタンダード（内国株式）,卸売業,915,915,915,915,0,0,100,OK
2025-05-13,9927,ワットマン,スタンダード（内国株式）,小売業,770,774,769,773,2,0.259403,4200,OK
2025-05-13,9928,ミロク情報サービス,プライム（内国株式）,情報･通信業,1932,1950,1903,1939,34,1.784777,39900,OK
2025-05-13,9929,平和紙業,スタンダード（内国株式）,卸売業,430,430,428,428,-1,-0.2331,1100,OK
2025-05-13,9930,北沢産業,スタンダード（内国株式）,卸売業,378,380,373,378,4,1.069519,8900,OK
2025-05-13,9932,杉本商事,プライム（内国株式）,卸売業,1820,1826,1768,1808,-12,-0.659341,68900,OK
2025-05-13,9934,因幡電機産業,プライム（内国株式）,卸売業,3835,3860,3811,3815,-6,-0.157027,42200,OK
2025-05-13,9936,王将フードサービス,プライム（内国株式）,小売業,3450,3450,3400,3405,-45,-1.304348,82500,OK
2025-05-13,9941,太洋物産,スタンダード（内国株式）,卸売業,941,941,930,940,9,0.966702,600,OK
2025-05-13,9946,ミニストップ,プライム（内国株式）,小売業,1870,1870,1850,1850,-13,-0.697799,26800,OK
2025-05-13,9948,アークス,プライム（内国株式）,小売業,2944,2944,2897,2902,-48,-1.627119,44200,OK
2025-05-13,9950,ハチバン,スタンダード（内国株式）,小売業,3425,3440,3425,3440,10,0.291545,400,OK
2025-05-13,9955,ヨンキュウ,スタンダード（内国株式）,卸売業,2116,2122,2104,2104,-9,-0.425935,5800,OK
2025-05-13,9956,バローホールディングス,プライム（内国株式）,小売業,2570,2578,2505,2514,-49,-1.911822,122700,OK
2025-05-13,9959,アシードホールディングス,スタンダード（内国株式）,小売業,693,697,689,697,3,0.432277,2800,OK
2025-05-13,9960,東テク,プライム（内国株式）,卸売業,2780,2795,2735,2752,-7,-0.253715,83400,OK
2025-05-13,9962,ミスミグループ本社,プライム（内国株式）,卸売業,2098,2154,2064.5,2068.5,50.5,2.502478,2536300,OK
2025-05-13,9969,ショクブン,スタンダード（内国株式）,小売業,239,248,237,237,-1,-0.420168,19400,OK
2025-05-13,9972,アルテック,スタンダード（内国株式）,卸売業,228,234,223,228,1,0.440529,52500,OK
2025-05-13,9973,ＫＯＺＯホールディングス,スタンダード（内国株式）,小売業,17,18,17,18,1,5.882353,267700,OK
2025-05-13,9974,ベルク,プライム（内国株式）,小売業,7280,7280,7150,7200,-20,-0.277008,16200,OK
2025-05-13,9976,セキチュー,スタンダード（内国株式）,小売業,965,975,964,966,4,0.4158,5400,OK
2025-05-13,9978,文教堂グループホールディングス,スタンダード（内国株式）,小売業,47,48,46,47,0,0,268200,OK
2025-05-13,9979,大庄,スタンダード（内国株式）,小売業,1131,1133,1123,1123,-5,-0.443262,18400,OK
2025-05-13,9980,ＭＲＫホールディングス,スタンダード（内国株式）,小売業,83,86,83,85,3,3.658537,361500,OK
2025-05-13,9982,タキヒヨー,スタンダード（内国株式）,卸売業,1527,1527,1516,1516,-11,-0.720367,2000,OK
2025-05-13,9983,ファーストリテイリング,プライム（内国株式）,小売業,49620,49850,49140,49500,840,1.726264,1131800,OK
2025-05-13,9984,ソフトバンクグループ,プライム（内国株式）,情報･通信業,7807,7834,7600,7600,93,1.238844,7391900,OK
2025-05-13,9986,蔵王産業,スタンダード（内国株式）,卸売業,2463,2463,2442,2458,9,0.367497,2100,OK
2025-05-13,9987,スズケン,プライム（内国株式）,卸売業,5282,5495,5188,5386,156,2.982792,285000,OK
2025-05-13,9989,サンドラッグ,プライム（内国株式）,小売業,4800,4836,4744,4799,-67,-1.376901,405500,OK
2025-05-13,9990,サックスバー　ホールディングス,プライム（内国株式）,小売業,866,877,852,852,-6,-0.699301,56700,OK
2025-05-13,9991,ジェコス,プライム（内国株式）,卸売業,1150,1150,1138,1140,-3,-0.262467,32200,OK
2025-05-13,9993,ヤマザワ,スタンダード（内国株式）,小売業,1155,1194,1140,1168,-6,-0.511073,57000,OK
2025-05-13,9994,やまや,スタンダード（内国株式）,小売業,2884,2915,2884,2911,23,0.796399,4200,OK
2025-05-13,9996,サトー商会,スタンダード（内国株式）,卸売業,2004,2040,2004,2029,25,1.247505,700,OK
2025-05-13,9997,ベルーナ,プライム（内国株式）,小売業,945,956,938,951,11,1.170213,323500,OK
