日付,銘柄コード,銘柄名,市場・商品区分,33業種区分,始値,高値,安値,終値,前日比,前日比％,売買高(株),取得状態
2025-04-18,1301,極洋,プライム（内国株式）,水産・農林業,4205,4280,4185,4280,115,2.761104,38400,OK
2025-04-18,130A,Ｖｅｒｉｔａｓ　Ｉｎ　Ｓｉｌｉｃｏ,グロース（内国株式）,医薬品,683,705,682,697,14,2.04978,27200,OK
2025-04-18,131A,ＣＣＮグループ,TOKYO PRO MARKET（内国株式）,情報･通信業,,,,,,,,NO_QUOTE
2025-04-18,132A,アイエヌホールディングス,TOKYO PRO MARKET（内国株式）,陸運業,,,,,,,,NO_QUOTE
2025-04-18,1332,ニッスイ,プライム（内国株式）,水産・農林業,854,866,851,863.7,15.6,1.839406,955600,OK
2025-04-18,1333,マルハニチロ,プライム（内国株式）,水産・農林業,3200,3234,3180,3232,69,2.181473,106600,OK
2025-04-18,134A,アプライズ,TOKYO PRO MARKET（内国株式）,サービス業,,,,,,,,NO_QUOTE
2025-04-18,135A,ＶＲＡＩＮ　Ｓｏｌｕｔｉｏｎ,グロース（内国株式）,情報･通信業,2373,2800,2344,2760,434,18.658641,402300,OK
2025-04-18,136A,三興商事,TOKYO PRO MARKET（内国株式）,建設業,,,,,,,,NO_QUOTE
2025-04-18,1375,ユキグニファクトリー,プライム（内国株式）,水産・農林業,1144,1154,1144,1151,14,1.23131,64000,OK
2025-04-18,1376,カネコ種苗,スタンダード（内国株式）,水産・農林業,1401,1416,1401,1414,21,1.507538,4100,OK
2025-04-18,1377,サカタのタネ,プライム（内国株式）,水産・農林業,3280,3300,3260,3275,20,0.614439,74600,OK
2025-04-18,1379,ホクト,プライム（内国株式）,水産・農林業,1844,1854,1842,1853,22,1.201529,37300,OK
2025-04-18,137A,Ｃｏｃｏｌｉｖｅ,グロース（内国株式）,情報･通信業,1356,1399,1320,1330,-116,-8.02213,25300,OK
2025-04-18,1380,秋川牧園,スタンダード（内国株式）,水産・農林業,1008,1029,994,1000,-1,-0.0999,4100,OK
2025-04-18,1381,アクシーズ,スタンダード（内国株式）,水産・農林業,2860,2900,2860,2900,43,1.505075,1200,OK
2025-04-18,1382,ホーブ,スタンダード（内国株式）,水産・農林業,,,,,,,,NO_QUOTE
2025-04-18,1383,ベルグアース,スタンダード（内国株式）,水産・農林業,3250,3265,3250,3265,15,0.461538,4400,OK
2025-04-18,1384,ホクリヨウ,スタンダード（内国株式）,水産・農林業,1644,1736,1630,1670,48,2.959309,95800,OK
2025-04-18,138A,光フードサービス,グロース（内国株式）,小売業,1675,1689,1651,1659,-16,-0.955224,6700,OK
2025-04-18,139A,東日本地所,TOKYO PRO MARKET（内国株式）,不動産業,,,,,,,,NO_QUOTE
2025-04-18,1401,エムビーエス,グロース（内国株式）,建設業,717,720,717,719,2,0.27894,3700,OK
2025-04-18,1407,ウエストホールディングス,スタンダード（内国株式）,建設業,1419,1459,1419,1459,41,2.891396,224500,OK
2025-04-18,1414,ショーボンドホールディングス,プライム（内国株式）,建設業,4951,5077,4951,5073,145,2.94237,163000,OK
2025-04-18,1417,ミライト・ワン,プライム（内国株式）,建設業,2138,2179.5,2121,2179.5,64.5,3.049645,155300,OK
2025-04-18,1418,インターライフホールディングス,スタンダード（内国株式）,建設業,381,385,374,379,-1,-0.263158,155300,OK
2025-04-18,1419,タマホーム,プライム（内国株式）,建設業,3850,3930,3845,3915,85,2.219321,326000,OK
2025-04-18,141A,トライアルホールディングス,グロース（内国株式）,小売業,2266,2337,2260,2329,62,2.734892,1470800,OK
2025-04-18,1420,サンヨーホームズ,スタンダード（内国株式）,建設業,653,665,653,663,10,1.531394,8500,OK
2025-04-18,1429,日本アクア,プライム（内国株式）,建設業,738,742,733,740,11,1.508916,47100,OK
2025-04-18,142A,ジンジブ,グロース（内国株式）,サービス業,498,513,498,513,10,1.988072,3200,OK
2025-04-18,1430,ファーストコーポレーション,スタンダード（内国株式）,建設業,958,974,958,963,5,0.521921,36700,OK
2025-04-18,1431,Ｌｉｂ　Ｗｏｒｋ,グロース（内国株式）,建設業,652,664,645,662,10,1.533742,21500,OK
2025-04-18,1432,動力,TOKYO PRO MARKET（内国株式）,建設業,,,,,,,,NO_QUOTE
2025-04-18,1433,ベステラ,プライム（内国株式）,建設業,1095,1100,1081,1092,12,1.111111,108500,OK
2025-04-18,1434,ＪＥＳＣＯホールディングス,スタンダード（内国株式）,建設業,825,844,819,844,22,2.676399,19900,OK
2025-04-18,1435,ｒｏｂｏｔ　ｈｏｍｅ,スタンダード（内国株式）,不動産業,158,166,158,166,11,7.096774,446500,OK
2025-04-18,1436,グリーンエナジー＆カンパニー,グロース（内国株式）,建設業,2435,2443,2426,2440,5,0.205339,9300,OK
2025-04-18,1438,岐阜造園,スタンダード（内国株式）,建設業,1806,1806,1806,1806,-23,-1.257518,100,OK
2025-04-18,143A,イシン,グロース（内国株式）,サービス業,899,917,899,917,10,1.102536,1500,OK
2025-04-18,1443,技研ホールディングス,スタンダード（内国株式）,建設業,180,184,177,182,3,1.675978,162100,OK
2025-04-18,1444,ニッソウ,グロース（内国株式）,建設業,2452,2470,2432,2462,39,1.609575,800,OK
2025-04-18,1445,ひかりホールディングス,TOKYO PRO MARKET（内国株式）,建設業,,,,,,,,NO_QUOTE
2025-04-18,1446,キャンディル,スタンダード（内国株式）,建設業,532,543,532,541,0,0,4800,OK
2025-04-18,1447,ＳＡＡＦホールディングス,グロース（内国株式）,建設業,287,292,285,285,0,0,67500,OK
2025-04-18,144A,エネルギーパワー,TOKYO PRO MARKET（内国株式）,建設業,,,,,,,,NO_QUOTE
2025-04-18,1450,ＴＡＮＡＫＥＮ,スタンダード（内国株式）,建設業,1284,1313,1284,1304,20,1.557632,7800,OK
2025-04-18,1452,横浜ライト工業,TOKYO PRO MARKET（内国株式）,建設業,,,,,,,,NO_QUOTE
2025-04-18,145A,Ｌ　ｉｓ　Ｂ,グロース（内国株式）,情報･通信業,551,570,551,568,17,3.085299,16300,OK
2025-04-18,146A,コロンビア・ワークス,スタンダード（内国株式）,不動産業,3815,3930,3815,3930,115,3.014417,18300,OK
2025-04-18,147A,ソラコム,グロース（内国株式）,情報･通信業,800,811,798,800,-7,-0.86741,70900,OK
2025-04-18,148A,ハッチ・ワーク,グロース（内国株式）,情報･通信業,1397,1498,1397,1403,6,0.429492,8400,OK
2025-04-18,1491,中外鉱業,スタンダード（内国株式）,非鉄金属,64,64,62,63,-1,-1.5625,1418500,OK
2025-04-18,149A,シンカ,グロース（内国株式）,情報･通信業,1175,1210,1165,1181,11,0.940171,18300,OK
2025-04-18,150A,ＪＳＨ,グロース（内国株式）,サービス業,520,536,520,525,8,1.547389,23000,OK
2025-04-18,1514,住石ホールディングス,スタンダード（内国株式）,鉱業,760,803,738,794,34,4.473684,3133600,OK
2025-04-18,1515,日鉄鉱業,プライム（内国株式）,鉱業,6200,6310,6180,6310,80,1.284109,35300,OK
2025-04-18,1518,三井松島ホールディングス,プライム（内国株式）,その他製品,3810,4210,3780,4165,380,10.03963,93600,OK
2025-04-18,151A,ダイブ,グロース（内国株式）,サービス業,832,862,826,849,29,3.536585,55800,OK
2025-04-18,152A,オプティ,TOKYO PRO MARKET（内国株式）,卸売業,,,,,,,,NO_QUOTE
2025-04-18,153A,カウリス,グロース（内国株式）,情報･通信業,857,905,853,892,41,4.817861,41900,OK
2025-04-18,154A,ＧＡＩＡ,TOKYO PRO MARKET（内国株式）,その他金融業,,,,,,,,NO_QUOTE
2025-04-18,155A,情報戦略テクノロジー,グロース（内国株式）,情報･通信業,394,408,394,404,10,2.538071,15000,OK
2025-04-18,156A,マテリアルグループ,グロース（内国株式）,サービス業,629,649,607,621,44,7.62565,739600,OK
2025-04-18,157A,グリーンモンスター,グロース（内国株式）,サービス業,509,537,509,530,11,2.119461,6200,OK
2025-04-18,158A,エクセリ,TOKYO PRO MARKET（内国株式）,小売業,,,,,,,,NO_QUOTE
2025-04-18,1605,ＩＮＰＥＸ,プライム（内国株式）,鉱業,1832,1860,1824.5,1858.5,55,3.049626,5177400,OK
2025-04-18,160A,アズパートナーズ,スタンダード（内国株式）,サービス業,1925,1937,1900,1936,15,0.780843,10800,OK
2025-04-18,161A,三葉,TOKYO PRO MARKET（内国株式）,サービス業,,,,,,,,NO_QUOTE
2025-04-18,164A,アップルパーク,TOKYO PRO MARKET（内国株式）,不動産業,,,,,,,,NO_QUOTE
2025-04-18,165A,ＳＢＩレオスひふみ,グロース（内国株式）,証券･商品先物取引業,179,185,177,184,7,3.954802,315600,OK
2025-04-18,1662,石油資源開発,プライム（内国株式）,鉱業,1044,1044,1028,1039,13,1.267057,524500,OK
2025-04-18,1663,Ｋ＆Ｏエナジーグループ,プライム（内国株式）,鉱業,2620,2723,2617,2714,116,4.464973,86600,OK
2025-04-18,166A,タスキホールディングス,グロース（内国株式）,不動産業,651,672,651,668,18,2.769231,538600,OK
2025-04-18,167A,リョーサン菱洋ホールディングス,プライム（内国株式）,卸売業,2259,2284,2245,2277,31,1.380232,117300,OK
2025-04-18,168A,イタミアート,グロース（内国株式）,その他製品,923,951,921,927,2,0.216216,18900,OK
2025-04-18,1711,ＳＤＳホールディングス,スタンダード（内国株式）,建設業,229,250,223,223,-9,-3.87931,836000,OK
2025-04-18,1712,ダイセキ環境ソリューション,スタンダード（内国株式）,建設業,1090,1136,1090,1118,97,9.50049,167500,OK
2025-04-18,1716,第一カッター興業,スタンダード（内国株式）,建設業,1365,1400,1365,1398,38,2.794118,9800,OK
2025-04-18,1717,明豊ファシリティワークス,スタンダード（内国株式）,サービス業,890,898,890,896,6,0.674157,25500,OK
2025-04-18,1718,美樹工業,スタンダード（内国株式）,建設業,4880,4920,4880,4880,-30,-0.610998,1700,OK
2025-04-18,1719,安藤・間,プライム（内国株式）,建設業,1363,1387,1362,1386,24,1.762115,519300,OK
2025-04-18,171A,ゼロジャパン,TOKYO PRO MARKET（内国株式）,卸売業,,,,,,,,NO_QUOTE
2025-04-18,1720,東急建設,プライム（内国株式）,建設業,788,799,786,796,13,1.660281,231300,OK
2025-04-18,1721,コムシスホールディングス,プライム（内国株式）,建設業,3056,3122,3053,3113,45,1.466754,134300,OK
2025-04-18,1723,日本電技,スタンダード（内国株式）,建設業,3670,3765,3650,3760,125,3.43879,14700,OK
2025-04-18,1724,シンクレイヤ,スタンダード（内国株式）,建設業,611,621,611,616,1,0.162602,1300,OK
2025-04-18,1726,ビーアールホールディングス,プライム（内国株式）,建設業,326,331,325,331,9,2.795031,37300,OK
2025-04-18,172A,ネオホーム,TOKYO PRO MARKET（内国株式）,不動産業,,,,,,,,NO_QUOTE
2025-04-18,1736,オーテック,スタンダード（内国株式）,建設業,1330,1331,1329,1329,-20,-1.48258,2800,OK
2025-04-18,173A,ハンモック,グロース（内国株式）,情報･通信業,1506,1539,1505,1523,3,0.197368,5800,OK
2025-04-18,1743,コーアツ工業,スタンダード（内国株式）,建設業,1253,1265,1253,1265,12,0.957702,500,OK
2025-04-18,174A,エージェンテック,TOKYO PRO MARKET（内国株式）,情報･通信業,,,,,,,,NO_QUOTE
2025-04-18,1757,創建エース,スタンダード（内国株式）,建設業,23,24,22,23,0,0,4142200,OK
2025-04-18,1758,太洋基礎工業,スタンダード（内国株式）,建設業,1655,1691,1655,1691,36,2.175227,800,OK
2025-04-18,175A,Ｗｉｌｌ　Ｓｍａｒｔ,グロース（内国株式）,情報･通信業,760,771,759,771,12,1.581028,2900,OK
2025-04-18,1762,高松コンストラクショングループ,プライム（内国株式）,建設業,2754,2810,2748,2810,101,3.728313,27700,OK
2025-04-18,1764,工藤建設,スタンダード（内国株式）,建設業,2808,2808,2808,2808,50,1.812908,200,OK
2025-04-18,1766,東建コーポレーション,プライム（内国株式）,建設業,13000,13090,12920,13080,210,1.631702,68200,OK
2025-04-18,1768,ソネック,スタンダード（内国株式）,建設業,848,854,845,852,4,0.471698,1100,OK
2025-04-18,176A,レジル,グロース（内国株式）,電気･ガス業,1732,1828,1724,1824,109,6.355685,33900,OK
2025-04-18,1770,藤田エンジニアリング,スタンダード（内国株式）,建設業,1430,1430,1405,1430,0,0,900,OK
2025-04-18,1776,三井住建道路,スタンダード（内国株式）,建設業,1453,1463,1419,1422,-24,-1.659751,11400,OK
2025-04-18,177A,コージンバイオ,グロース（内国株式）,化学,1615,1710,1615,1657,49,3.047264,5300,OK
2025-04-18,1780,ヤマウラ,プライム（内国株式）,建設業,1187,1211,1182,1211,41,3.504274,27800,OK
2025-04-18,1783,ｆａｎｔａｓｉｓｔａ,スタンダード（内国株式）,不動産業,40,42,40,41,1,2.5,681400,OK
2025-04-18,1786,オリエンタル白石,プライム（内国株式）,建設業,372,380,371,380,10,2.702703,219200,OK
2025-04-18,1787,ナカボーテック,スタンダード（内国株式）,建設業,4965,4965,4940,4945,0,0,300,OK
2025-04-18,1788,三東工業社,スタンダード（内国株式）,建設業,4090,4180,4090,4180,160,3.9801,300,OK
2025-04-18,1793,大本組,スタンダード（内国株式）,建設業,1186,1204,1181,1202,25,2.124044,2800,OK
2025-04-18,1795,マサル,スタンダード（内国株式）,建設業,3840,3840,3840,3840,0,0,400,OK
2025-04-18,1798,守谷商会,スタンダード（内国株式）,建設業,3730,3735,3700,3735,75,2.04918,400,OK
2025-04-18,1799,第一建設工業,スタンダード（内国株式）,建設業,2437,2485,2416,2485,67,2.770885,4600,OK
2025-04-18,1801,大成建設,プライム（内国株式）,建設業,6834,7064,6829,7027,232,3.414275,749800,OK
2025-04-18,1802,大林組,プライム（内国株式）,建設業,2082,2122.5,2074.5,2122.5,50.5,2.437259,2658100,OK
2025-04-18,1803,清水建設,プライム（内国株式）,建設業,1385,1420,1384,1415,33,2.387844,1302800,OK
2025-04-18,1807,佐藤渡辺,スタンダード（内国株式）,建設業,1540,1574,1537,1573,-1,-0.063532,1100,OK
2025-04-18,1808,長谷工コーポレーション,プライム（内国株式）,建設業,2022,2060.5,2018.5,2058,45,2.235469,937800,OK
2025-04-18,1810,松井建設,スタンダード（内国株式）,建設業,912,945,912,942,34,3.744493,18600,OK
2025-04-18,1811,錢高組,スタンダード（内国株式）,建設業,3505,3595,3505,3550,50,1.428571,7700,OK
2025-04-18,1812,鹿島建設,プライム（内国株式）,建設業,3157,3272,3147,3264,127,4.048454,1681600,OK
2025-04-18,1813,不動テトラ,プライム（内国株式）,建設業,2197,2260,2197,2260,61,2.773988,30100,OK
2025-04-18,1814,大末建設,プライム（内国株式）,建設業,1933,1995,1917,1995,55,2.835052,117700,OK
2025-04-18,1815,鉄建建設,プライム（内国株式）,建設業,2474,2526,2471,2526,52,2.101859,46900,OK
2025-04-18,1820,西松建設,プライム（内国株式）,建設業,5030,5120,5019,5120,128,2.564103,112900,OK
2025-04-18,1821,三井住友建設,プライム（内国株式）,建設業,445,455,445,455,10,2.247191,999700,OK
2025-04-18,1822,大豊建設,スタンダード（内国株式）,建設業,748,769,747,765,26,3.518268,105000,OK
2025-04-18,1826,佐田建設,スタンダード（内国株式）,建設業,1096,1107,1078,1090,19,1.774043,28600,OK
2025-04-18,1827,ナカノフドー建設,スタンダード（内国株式）,建設業,729,743,722,742,16,2.203857,52800,OK
2025-04-18,1828,田辺工業,スタンダード（内国株式）,建設業,2028,2101,2028,2101,67,3.294002,14700,OK
2025-04-18,1833,奥村組,プライム（内国株式）,建設業,4415,4465,4415,4450,60,1.366743,109300,OK
2025-04-18,1835,東鉄工業,プライム（内国株式）,建設業,3045,3090,3030,3090,65,2.14876,41100,OK
2025-04-18,1840,土屋ホールディングス,スタンダード（内国株式）,建設業,230,234,230,232,4,1.754386,46200,OK
2025-04-18,1841,サンユー建設,スタンダード（内国株式）,建設業,1064,1140,1027,1089,32,3.027436,12400,OK
2025-04-18,1844,大盛工業,スタンダード（内国株式）,建設業,258,266,257,264,6,2.325581,134800,OK
2025-04-18,1847,イチケン,スタンダード（内国株式）,建設業,2683,2729,2683,2704,28,1.046338,6300,OK
2025-04-18,1848,富士ピー・エス,スタンダード（内国株式）,建設業,428,433,426,430,2,0.46729,11500,OK
2025-04-18,184A,学びエイド,グロース（内国株式）,情報･通信業,392,392,384,392,8,2.083333,900,OK
2025-04-18,1850,南海辰村建設,スタンダード（内国株式）,建設業,290,297,289,297,9,3.125,20000,OK
2025-04-18,1852,淺沼組,プライム（内国株式）,建設業,739,754,739,754,18,2.445652,331800,OK
2025-04-18,1853,森組,スタンダード（内国株式）,建設業,298,300,297,297,0,0,27500,OK
2025-04-18,185A,リサイクルテック・ジャパン,TOKYO PRO MARKET（内国株式）,サービス業,,,,,,,,NO_QUOTE
2025-04-18,1860,戸田建設,プライム（内国株式）,建設業,842.5,861.1,840.2,858.9,22.4,2.677824,361300,OK
2025-04-18,1861,熊谷組,プライム（内国株式）,建設業,4100,4230,4085,4220,180,4.455446,193800,OK
2025-04-18,1866,北野建設,スタンダード（内国株式）,建設業,3800,3900,3800,3855,20,0.521512,4100,OK
2025-04-18,1867,植木組,スタンダード（内国株式）,建設業,1856,1905,1856,1875,19,1.023707,9000,OK
2025-04-18,186A,アストロスケールホールディングス,グロース（内国株式）,サービス業,773,785,761,770,-3,-0.388098,2426000,OK
2025-04-18,1870,矢作建設工業,プライム（内国株式）,建設業,1379,1411,1378,1409,33,2.398256,237800,OK
2025-04-18,1871,ピーエス・コンストラクション,プライム（内国株式）,建設業,1429,1478,1429,1472,45,3.153469,118900,OK
2025-04-18,1873,日本ハウスホールディングス,プライム（内国株式）,建設業,326,332,325,332,8,2.469136,161100,OK
2025-04-18,1878,大東建託,プライム（内国株式）,不動産業,15650,15650,15515,15605,10,0.064123,88700,OK
2025-04-18,1879,新日本建設,プライム（内国株式）,建設業,1562,1585,1557,1583,28,1.800643,51300,OK
2025-04-18,1882,東亜道路工業,プライム（内国株式）,建設業,1448,1478,1442,1478,41,2.853166,81400,OK
2025-04-18,1884,日本道路,プライム（内国株式）,建設業,1949,1977,1949,1977,36,1.854714,43500,OK
2025-04-18,1885,東亜建設工業,プライム（内国株式）,建設業,1288,1337,1288,1336,48,3.726708,257000,OK
2025-04-18,1887,日本国土開発,プライム（内国株式）,建設業,467,472,467,471,5,1.072961,123700,OK
2025-04-18,1888,若築建設,プライム（内国株式）,建設業,3810,3940,3810,3925,120,3.153745,10900,OK
2025-04-18,1890,東洋建設,プライム（内国株式）,建設業,1299,1309,1297,1305,12,0.928074,190900,OK
2025-04-18,1893,五洋建設,プライム（内国株式）,建設業,760,791,758.1,791,34.6,4.574299,2611100,OK
2025-04-18,1897,金下建設,スタンダード（内国株式）,建設業,,,,,,,,NO_QUOTE
2025-04-18,1898,世紀東急工業,プライム（内国株式）,建設業,1497,1515,1497,1506,14,0.938338,130200,OK
2025-04-18,1899,福田組,プライム（内国株式）,建設業,5180,5290,5160,5290,170,3.320312,9400,OK
2025-04-18,189A,Ｄ＆Ｍカンパニー,グロース（内国株式）,サービス業,766,784,766,784,7,0.900901,1200,OK
2025-04-18,1904,大成温調,スタンダード（内国株式）,建設業,3575,3640,3575,3620,55,1.542777,7600,OK
2025-04-18,1905,テノックス,スタンダード（内国株式）,建設業,1057,1073,1055,1058,8,0.761905,3400,OK
2025-04-18,1909,日本ドライケミカル,スタンダード（内国株式）,機械,4040,4120,4000,4100,60,1.485149,17700,OK
2025-04-18,190A,Ｃｈｏｒｄｉａ　Ｔｈｅｒａｐｅｕｔｉｃｓ,グロース（内国株式）,医薬品,258,268,257,257,2,0.784314,788000,OK
2025-04-18,1911,住友林業,プライム（内国株式）,建設業,4167,4200,4120,4200,103,2.514035,871100,OK
2025-04-18,1914,日本基礎技術,スタンダード（内国株式）,建設業,647,665,646,665,19,2.941176,32400,OK
2025-04-18,191A,ミモザ,TOKYO PRO MARKET（内国株式）,サービス業,,,,,,,,NO_QUOTE
2025-04-18,1921,巴コーポレーション,スタンダード（内国株式）,建設業,1338,1399,1338,1399,77,5.824508,57700,OK
2025-04-18,1925,大和ハウス工業,プライム（内国株式）,建設業,5125,5172,5096,5167,70,1.373357,823300,OK
2025-04-18,1926,ライト工業,プライム（内国株式）,建設業,2545,2596,2536,2588,56,2.21169,169300,OK
2025-04-18,1928,積水ハウス,プライム（内国株式）,建設業,3250,3257,3224,3248,9,0.277864,1058800,OK
2025-04-18,1929,日特建設,プライム（内国株式）,建設業,1017,1032,1013,1032,22,2.178218,41200,OK
2025-04-18,192A,インテグループ,グロース（内国株式）,サービス業,2647,2728,2647,2711,64,2.417832,9400,OK
2025-04-18,1930,北陸電気工事,プライム（内国株式）,建設業,1146,1177,1146,1177,44,3.883495,18400,OK
2025-04-18,1934,ユアテック,プライム（内国株式）,建設業,1682,1727,1672,1727,69,4.161641,97900,OK
2025-04-18,1938,日本リーテック,プライム（内国株式）,建設業,1514,1579,1512,1579,65,4.293263,32200,OK
2025-04-18,1939,四電工,プライム（内国株式）,建設業,1223,1252,1222,1246,32,2.635914,71600,OK
2025-04-18,193A,グローベルス,TOKYO PRO MARKET（内国株式）,不動産業,,,,,,,,NO_QUOTE
2025-04-18,1941,中電工,プライム（内国株式）,建設業,3340,3425,3320,3425,120,3.630862,95600,OK
2025-04-18,1942,関電工,プライム（内国株式）,建設業,2690,2806,2690,2806,128.5,4.799253,604700,OK
2025-04-18,1944,きんでん,プライム（内国株式）,建設業,3399,3485,3363,3478,122,3.63528,262700,OK
2025-04-18,1945,東京エネシス,プライム（内国株式）,建設業,1017,1039,1014,1037,29,2.876984,32700,OK
2025-04-18,1946,トーエネック,プライム（内国株式）,建設業,921,942,920,942,25,2.726281,73900,OK
2025-04-18,1948,弘電社,スタンダード（内国株式）,建設業,1977,2007,1975,1996,19,0.961052,4700,OK
2025-04-18,1949,住友電設,プライム（内国株式）,建設業,4825,4965,4800,4945,145,3.020833,53800,OK
2025-04-18,194A,ＷＯＬＶＥＳ　ＨＡＮＤ,グロース（内国株式）,サービス業,675,691,675,677,8,1.195815,6300,OK
2025-04-18,1950,日本電設工業,プライム（内国株式）,建設業,2039,2110,2039,2102,63,3.08975,43600,OK
2025-04-18,1951,エクシオグループ,プライム（内国株式）,建設業,1609.5,1650,1609.5,1650,46.5,2.899906,360500,OK
2025-04-18,1952,新日本空調,プライム（内国株式）,建設業,1768,1832,1763,1824,70,3.990878,92000,OK
2025-04-18,1959,九電工,プライム（内国株式）,建設業,4712,4799,4704,4784,104,2.222222,118200,OK
2025-04-18,195A,ライスカレー,グロース（内国株式）,サービス業,820,844,820,837,17,2.073171,5400,OK
2025-04-18,1960,サンテック,スタンダード（内国株式）,建設業,774,781,765,781,6,0.774194,4300,OK
2025-04-18,1961,三機工業,プライム（内国株式）,建設業,3280,3370,3275,3370,95,2.900763,115900,OK
2025-04-18,1963,日揮ホールディングス,プライム（内国株式）,建設業,1074,1089,1071,1085,15.5,1.449275,566700,OK
2025-04-18,1964,中外炉工業,プライム（内国株式）,建設業,3235,3490,3235,3490,275,8.553655,60300,OK
2025-04-18,1965,テクノ菱和,スタンダード（内国株式）,建設業,2554,2626,2545,2625,100,3.960396,44500,OK
2025-04-18,1966,高田工業所,スタンダード（内国株式）,建設業,1399,1416,1386,1416,47,3.433163,9600,OK
2025-04-18,1967,ヤマト,スタンダード（内国株式）,建設業,1390,1405,1390,1397,11,0.793651,13800,OK
2025-04-18,1968,太平電業,プライム（内国株式）,建設業,4750,4830,4730,4815,120,2.555911,27000,OK
2025-04-18,1969,高砂熱学工業,プライム（内国株式）,建設業,5472,5727,5472,5719,221,4.019644,391900,OK
2025-04-18,196A,ＭＦＳ,グロース（内国株式）,その他金融業,484,500,480,486,4,0.829876,156200,OK
2025-04-18,1972,三晃金属工業,スタンダード（内国株式）,建設業,5300,5420,5300,5410,120,2.268431,10700,OK
2025-04-18,1975,朝日工業社,プライム（内国株式）,建設業,1909,1955,1909,1951,39,2.039749,49500,OK
2025-04-18,1976,明星工業,プライム（内国株式）,建設業,1300,1348,1300,1348,48,3.692308,59100,OK
2025-04-18,1979,大氣社,プライム（内国株式）,建設業,2222,2281,2222,2275,53,2.385239,138600,OK
2025-04-18,197A,タウンズ,スタンダード（内国株式）,医薬品,486,500,484,498,14,2.892562,394200,OK
2025-04-18,1980,ダイダン,プライム（内国株式）,建設業,3630,3830,3625,3815,180,4.951857,241900,OK
2025-04-18,1981,協和日成,スタンダード（内国株式）,建設業,1228,1251,1228,1251,26,2.122449,200,OK
2025-04-18,1982,日比谷総合設備,プライム（内国株式）,建設業,3105,3165,3060,3130,45,1.458671,22000,OK
2025-04-18,198A,ＰｏｓｔＰｒｉｍｅ,グロース（内国株式）,情報･通信業,520,530,518,518,1,0.193424,14500,OK
2025-04-18,1992,神田通信機,スタンダード（内国株式）,建設業,2516,2695,2516,2646,180,7.29927,2700,OK
2025-04-18,1994,高橋カーテンウォール工業,スタンダード（内国株式）,建設業,480,483,480,483,3,0.625,4400,OK
2025-04-18,1997,暁飯島工業,スタンダード（内国株式）,建設業,2349,2385,2348,2385,37,1.575809,2500,OK
2025-04-18,199A,メディエア,TOKYO PRO MARKET（内国株式）,情報･通信業,,,,,,,,NO_QUOTE
2025-04-18,2001,ニップン,プライム（内国株式）,食料品,2250,2267,2245,2265,20,0.890869,180100,OK
2025-04-18,2002,日清製粉グループ本社,プライム（内国株式）,食料品,1831,1849,1830.5,1849,18,0.983069,506300,OK
2025-04-18,2003,日東富士製粉,スタンダード（内国株式）,食料品,6730,6850,6730,6850,140,2.086438,3900,OK
2025-04-18,2004,昭和産業,プライム（内国株式）,食料品,2955,2995,2948,2995,46,1.559851,33300,OK
2025-04-18,2009,鳥越製粉,スタンダード（内国株式）,食料品,867,884,867,884,17,1.960784,56000,OK
2025-04-18,202A,豆蔵デジタルホールディングス,グロース（内国株式）,情報･通信業,1255,1289,1254,1289,34,2.709163,18800,OK
2025-04-18,203A,シュンビン,TOKYO PRO MARKET（内国株式）,サービス業,,,,,,,,NO_QUOTE
2025-04-18,204A,タイヨーパッケージ,TOKYO PRO MARKET（内国株式）,パルプ・紙,,,,,,,,NO_QUOTE
2025-04-18,2053,中部飼料,プライム（内国株式）,食料品,1410,1425,1405,1425,26,1.85847,44800,OK
2025-04-18,2055,日和産業,スタンダード（内国株式）,食料品,292,293,291,292,1,0.343643,5400,OK
2025-04-18,205A,ロゴスホールディングス,グロース（内国株式）,建設業,940,979,940,961,23,2.452026,26200,OK
2025-04-18,2060,フィード・ワン,プライム（内国株式）,食料品,878,899,875,899,25,2.860412,60700,OK
2025-04-18,206A,ＰＲＩＳＭ　ＢｉｏＬａｂ,グロース（内国株式）,医薬品,249,267,247,267,20,8.097166,118400,OK
2025-04-18,207A,ライジングコーポレーション,TOKYO PRO MARKET（内国株式）,建設業,,,,,,,,NO_QUOTE
2025-04-18,208A,構造計画研究所ホールディングス,スタンダード（内国株式）,情報･通信業,2613,2639,2590,2622,32,1.235521,5500,OK
2025-04-18,209A,小野谷機工,TOKYO PRO MARKET（内国株式）,機械,,,,,,,,NO_QUOTE
2025-04-18,2107,東洋精糖,スタンダード（内国株式）,食料品,2074,2077,2074,2077,2,0.096386,2400,OK
2025-04-18,2108,日本甜菜製糖,プライム（内国株式）,食料品,2279,2320,2279,2315,50,2.207506,16100,OK
2025-04-18,2109,ＤＭ三井製糖,プライム（内国株式）,食料品,3370,3415,3355,3415,50,1.485884,27500,OK
2025-04-18,2112,塩水港精糖,スタンダード（内国株式）,食料品,309,314,307,314,5,1.618123,86000,OK
2025-04-18,2114,フジ日本,スタンダード（内国株式）,食料品,1044,1046,1040,1045,2,0.191755,4500,OK
2025-04-18,2117,ウェルネオシュガー,プライム（内国株式）,食料品,2324,2352,2320,2352,35,1.510574,24900,OK
2025-04-18,211A,カドス・コーポレーション,スタンダード（内国株式）,建設業,3450,3515,3445,3515,65,1.884058,9700,OK
2025-04-18,2120,ＬＩＦＵＬＬ,プライム（内国株式）,サービス業,137,144,137,141,6,4.444444,1098500,OK
2025-04-18,2121,ＭＩＸＩ,プライム（内国株式）,サービス業,3110,3175,3110,3160,40,1.282051,124100,OK
2025-04-18,2122,インタースペース,スタンダード（内国株式）,サービス業,933,934,928,928,-17,-1.798942,1100,OK
2025-04-18,2124,ジェイエイシーリクルートメント,プライム（内国株式）,サービス業,822,835,818,835,16,1.953602,117800,OK
2025-04-18,2127,日本Ｍ＆Ａセンターホールディングス,プライム（内国株式）,サービス業,585.8,590.6,581.7,588.3,4.4,0.753554,1758500,OK
2025-04-18,212A,フィットイージー,スタンダード（内国株式）,サービス業,1453,1486,1447,1485,11,0.746269,58000,OK
2025-04-18,2130,メンバーズ,プライム（内国株式）,サービス業,1078,1133,1077,1133,65,6.086142,26400,OK
2025-04-18,2134,北浜キャピタルパートナーズ,スタンダード（内国株式）,サービス業,34,36,29,35,4,12.903226,73112700,OK
2025-04-18,2136,ヒップ,スタンダード（内国株式）,サービス業,971,993,971,993,25,2.582645,1800,OK
2025-04-18,2138,クルーズ,スタンダード（内国株式）,情報･通信業,522,542,522,538,16,3.065134,17700,OK
2025-04-18,2139,中広,スタンダード（内国株式）,サービス業,409,412,409,411,4,0.982801,3100,OK
2025-04-18,2146,ＵＴグループ,プライム（内国株式）,サービス業,1945,1959,1920,1920,-22,-1.132853,120700,OK
2025-04-18,2148,アイティメディア,プライム（内国株式）,サービス業,1488,1510,1488,1510,22,1.478495,53000,OK
2025-04-18,2150,ケアネット,プライム（内国株式）,サービス業,714,735,710,726,15,2.109705,166000,OK
2025-04-18,2152,幼児活動研究会,スタンダード（内国株式）,サービス業,1287,1287,1287,1287,30,2.386635,100,OK
2025-04-18,2153,Ｅ・Ｊホールディングス,プライム（内国株式）,サービス業,1548,1567,1542,1567,30,1.951854,40000,OK
2025-04-18,2154,オープンアップグループ,プライム（内国株式）,サービス業,1750,1771,1739,1764,30,1.730104,67600,OK
2025-04-18,2156,セーラー広告,スタンダード（内国株式）,サービス業,343,398,335,340,-4,-1.162791,336600,OK
2025-04-18,2157,コシダカホールディングス,プライム（内国株式）,サービス業,994,1023,991,1013,26,2.634245,286600,OK
2025-04-18,2158,ＦＲＯＮＴＥＯ,グロース（内国株式）,サービス業,530,549,529,547,16,3.013183,132600,OK
2025-04-18,215A,タイミー,グロース（内国株式）,サービス業,1556,1635,1539,1624,75,4.841833,2827600,OK
2025-04-18,2160,ジーエヌアイグループ,グロース（内国株式）,医薬品,2069,2227,2018,2227,245,12.361251,3967800,OK
2025-04-18,2162,ｎｍｓ　ホールディングス,スタンダード（内国株式）,サービス業,469,522,467,518,48,10.212766,657600,OK
2025-04-18,2163,アルトナー,プライム（内国株式）,サービス業,1798,1826,1792,1826,28,1.557286,14300,OK
2025-04-18,2164,地域新聞社,グロース（内国株式）,サービス業,345,355,340,340,-5,-1.449275,45800,OK
2025-04-18,2168,パソナグループ,プライム（内国株式）,サービス業,2110,2183,2108,2183,77,3.65622,218300,OK
2025-04-18,2169,ＣＤＳ,スタンダード（内国株式）,サービス業,1808,1819,1806,1819,10,0.552792,3700,OK
2025-04-18,216A,ライフクリエイト,TOKYO PRO MARKET（内国株式）,小売業,,,,,,,,NO_QUOTE
2025-04-18,2170,リンクアンドモチベーション,プライム（内国株式）,サービス業,496,508,493,508,19,3.885481,144400,OK
2025-04-18,2173,博展,グロース（内国株式）,サービス業,512,529,512,528,13,2.524272,15600,OK
2025-04-18,2175,エス・エム・エス,プライム（内国株式）,サービス業,1099,1153,1086,1143,54.5,5.00689,466700,OK
2025-04-18,2179,成学社,スタンダード（内国株式）,サービス業,748,748,746,747,7,0.945946,500,OK
2025-04-18,217A,サポート,TOKYO PRO MARKET（内国株式）,サービス業,,,,,,,,NO_QUOTE
2025-04-18,2180,サニーサイドアップグループ,スタンダード（内国株式）,サービス業,490,497,485,497,5,1.01626,14800,OK
2025-04-18,2181,パーソルホールディングス,プライム（内国株式）,サービス業,245.8,247.9,244.7,247.8,3.6,1.474201,2979000,OK
2025-04-18,2183,リニカル,スタンダード（内国株式）,サービス業,291,300,290,300,12,4.166667,31000,OK
2025-04-18,2185,シイエム・シイ,スタンダード（内国株式）,サービス業,1500,1510,1491,1496,-4,-0.266667,2100,OK
2025-04-18,2186,ソーバル,スタンダード（内国株式）,サービス業,875,880,875,878,2,0.228311,1600,OK
2025-04-18,218A,Ｌｉｂｅｒａｗａｒｅ,グロース（内国株式）,精密機器,1039,1075,1013,1021,-6,-0.584226,2076800,OK
2025-04-18,2193,クックパッド,スタンダード（内国株式）,サービス業,179,182,179,180,5,2.857143,565500,OK
2025-04-18,2195,アミタホールディングス,グロース（内国株式）,サービス業,302,305,298,298,-2,-0.666667,7200,OK
2025-04-18,2196,エスクリ,スタンダード（内国株式）,サービス業,184,187,180,184,3,1.657459,64900,OK
2025-04-18,2198,アイ・ケイ・ケイホールディングス,プライム（内国株式）,サービス業,829,832,828,831,3,0.362319,105800,OK
2025-04-18,219A,Ｈｅａｒｔｓｅｅｄ,グロース（内国株式）,医薬品,2299,2433,2250,2270,48,2.160216,1610900,OK
2025-04-18,2201,森永製菓,プライム（内国株式）,食料品,2514,2531,2503,2531,16,0.636183,108000,OK
2025-04-18,2204,中村屋,スタンダード（内国株式）,食料品,3180,3230,3160,3230,90,2.866242,7100,OK
2025-04-18,2206,江崎グリコ,プライム（内国株式）,食料品,4741,4756,4718,4756,61,1.299255,160500,OK
2025-04-18,2207,名糖産業,プライム（内国株式）,食料品,2019,2037,2019,2036,23,1.142573,27900,OK
2025-04-18,2208,ブルボン,スタンダード（内国株式）,食料品,2609,2620,2593,2615,15,0.576923,10900,OK
2025-04-18,2209,井村屋グループ,プライム（内国株式）,食料品,2387,2415,2387,2415,49,2.071006,7800,OK
2025-04-18,220A,Ｆａｂｅｒ　Ｃｏｍｐａｎｙ,スタンダード（内国株式）,情報･通信業,1110,1110,1072,1080,-14,-1.279707,4200,OK
2025-04-18,2211,不二家,プライム（内国株式）,食料品,2386,2421,2386,2411,29,1.217464,35800,OK
2025-04-18,2212,山崎製パン,プライム（内国株式）,食料品,3244,3301,3209,3299,84,2.612753,1042100,OK
2025-04-18,2215,第一屋製パン,スタンダード（内国株式）,食料品,555,568,555,563,6,1.077199,17200,OK
2025-04-18,2216,カンロ,スタンダード（内国株式）,食料品,3590,3690,3585,3665,105,2.949438,41800,OK
2025-04-18,2217,モロゾフ,プライム（内国株式）,食料品,1749,1786,1740,1786,49,2.820956,26200,OK
2025-04-18,2220,亀田製菓,プライム（内国株式）,食料品,4015,4050,4010,4050,70,1.758794,14900,OK
2025-04-18,2221,岩塚製菓,スタンダード（内国株式）,食料品,2968,3130,2968,3065,113,3.827913,18200,OK
2025-04-18,2222,寿スピリッツ,プライム（内国株式）,食料品,2100.5,2110,2064.5,2100,48.5,2.364124,663600,OK
2025-04-18,2224,コモ,スタンダード（内国株式）,食料品,3080,3095,3075,3095,0,0,800,OK
2025-04-18,2226,湖池屋,スタンダード（内国株式）,食料品,4570,4590,4520,4560,-15,-0.327869,900,OK
2025-04-18,2229,カルビー,プライム（内国株式）,食料品,2843.5,2854,2821,2843.5,23,0.815458,218700,OK
2025-04-18,222A,ＮＩＣＳ,TOKYO PRO MARKET（内国株式）,情報･通信業,,,,,,,,NO_QUOTE
2025-04-18,2264,森永乳業,プライム（内国株式）,食料品,3420,3480,3393,3480,125,3.725782,420200,OK
2025-04-18,2266,六甲バター,プライム（内国株式）,食料品,1306,1315,1298,1308,11,0.848111,18200,OK
2025-04-18,2267,ヤクルト本社,プライム（内国株式）,食料品,2985,2994.5,2966.5,2994.5,30,1.011975,725900,OK
2025-04-18,2268,Ｂ−Ｒ　サーティワン　アイスクリーム,スタンダード（内国株式）,食料品,3995,4020,3995,4020,30,0.75188,17800,OK
2025-04-18,2269,明治ホールディングス,プライム（内国株式）,食料品,3500,3524,3477,3519,37,1.062608,912700,OK
2025-04-18,226A,勝美ジャパン,TOKYO PRO MARKET（内国株式）,食料品,,,,,,,,NO_QUOTE
2025-04-18,2270,雪印メグミルク,プライム（内国株式）,食料品,2610,2635,2600,2633,43,1.660232,69200,OK
2025-04-18,227A,ＩＮＳＩＧＨＴ　ＬＡＢ,TOKYO PRO MARKET（内国株式）,情報･通信業,,,,,,,,NO_QUOTE
2025-04-18,2281,プリマハム,プライム（内国株式）,食料品,2244,2271,2240,2268,29,1.295221,65800,OK
2025-04-18,2282,日本ハム,プライム（内国株式）,食料品,5300,5330,5270,5330,70,1.330798,218600,OK
2025-04-18,2286,林兼産業,スタンダード（内国株式）,食料品,472,475,471,473,1,0.211864,9600,OK
2025-04-18,2288,丸大食品,プライム（内国株式）,食料品,1805,1829,1797,1829,29,1.611111,45900,OK
2025-04-18,228A,オプロ,グロース（内国株式）,情報･通信業,1175,1175,1153,1155,10,0.873362,600,OK
2025-04-18,2291,福留ハム,スタンダード（内国株式）,食料品,1015,1017,1014,1016,6,0.594059,1400,OK
2025-04-18,2292,Ｓ　Ｆｏｏｄｓ,プライム（内国株式）,食料品,2647,2693,2631,2688,59,2.244199,82400,OK
2025-04-18,2293,滝沢ハム,スタンダード（内国株式）,食料品,2611,2648,2611,2648,37,1.417082,700,OK
2025-04-18,2294,柿安本店,プライム（内国株式）,食料品,3015,3040,3005,3040,35,1.164725,45300,OK
2025-04-18,2296,伊藤ハム米久ホールディングス,プライム（内国株式）,食料品,4385,4525,4380,4505,155,3.563218,221000,OK
2025-04-18,229A,アスミホールディングス,TOKYO PRO MARKET（内国株式）,建設業,,,,,,,,NO_QUOTE
2025-04-18,2300,きょくとう,スタンダード（内国株式）,サービス業,477,477,470,473,-2,-0.421053,6000,OK
2025-04-18,2301,学情,プライム（内国株式）,サービス業,1682,1689,1669,1689,20,1.198322,49900,OK
2025-04-18,2303,ドーン,スタンダード（内国株式）,情報･通信業,2070,2119,2060,2063,-17,-0.817308,3700,OK
2025-04-18,2304,ＣＳＳホールディングス,スタンダード（内国株式）,サービス業,920,932,919,931,20,2.19539,11200,OK
2025-04-18,2305,スタジオアリス,スタンダード（内国株式）,サービス業,2085,2100,2085,2100,17,0.816131,13300,OK
2025-04-18,2307,クロスキャット,プライム（内国株式）,情報･通信業,965,987,958,977,21,2.196653,25600,OK
2025-04-18,2311,エプコ,スタンダード（内国株式）,サービス業,692,703,692,695,10,1.459854,24600,OK
2025-04-18,2315,ＣＡＩＣＡ　ＤＩＧＩＴＡＬ,スタンダード（内国株式）,情報･通信業,56,58,56,58,2,3.571429,2072400,OK
2025-04-18,2317,システナ,プライム（内国株式）,情報･通信業,360,368,359,367,11,3.089888,640700,OK
2025-04-18,2321,ソフトフロントホールディングス,グロース（内国株式）,情報･通信業,88,91,88,89,1,1.136364,264100,OK
2025-04-18,2323,ｆｏｎｆｕｎ,スタンダード（内国株式）,情報･通信業,413,420,413,414,1,0.242131,2400,OK
2025-04-18,2325,ＮＪＳ,プライム（内国株式）,サービス業,3900,4000,3900,3955,40,1.021711,15400,OK
2025-04-18,2326,デジタルアーツ,プライム（内国株式）,情報･通信業,6940,7040,6830,7040,170,2.474527,68200,OK
2025-04-18,2327,日鉄ソリューションズ,プライム（内国株式）,情報･通信業,3585,3646,3575,3644,71,1.987126,131700,OK
2025-04-18,2329,東北新社,スタンダード（内国株式）,情報･通信業,552,558,546,558,7,1.270417,22700,OK
2025-04-18,2330,フォーサイド,スタンダード（内国株式）,情報･通信業,139,143,139,141,1,0.714286,256100,OK
2025-04-18,2331,綜合警備保障,プライム（内国株式）,サービス業,1130,1138.5,1125.5,1136,6.5,0.575476,292800,OK
2025-04-18,2332,クエスト,スタンダード（内国株式）,情報･通信業,1278,1293,1278,1293,18,1.411765,800,OK
2025-04-18,2334,イオレ,グロース（内国株式）,サービス業,813,860,802,844,16,1.932367,160000,OK
2025-04-18,2335,キューブシステム,プライム（内国株式）,情報･通信業,974,993,966,990,30,3.125,7800,OK
2025-04-18,2337,いちご,プライム（内国株式）,不動産業,385,386,382,384,6,1.587302,457800,OK
2025-04-18,2338,クオンタムソリューションズ,スタンダード（内国株式）,情報･通信業,468,478,468,471,1,0.212766,58200,OK
2025-04-18,2340,極楽湯ホールディングス,スタンダード（内国株式）,サービス業,473,478,471,477,4,0.845666,25700,OK
2025-04-18,2341,アルバイトタイムス,スタンダード（内国株式）,サービス業,147,149,146,146,0,0,78900,OK
2025-04-18,2342,トランスジェニックグループ,グロース（内国株式）,サービス業,183,188,182,185,2,1.092896,75900,OK
2025-04-18,2344,平安レイサービス,スタンダード（内国株式）,サービス業,820,826,820,821,1,0.121951,2700,OK
2025-04-18,2345,クシム,スタンダード（内国株式）,情報･通信業,222,229,222,225,3,1.351351,394800,OK
2025-04-18,2349,エヌアイデイ,スタンダード（内国株式）,情報･通信業,2305,2310,2225,2234,-81,-3.49892,5800,OK
2025-04-18,2351,ＡＳＪ,グロース（内国株式）,情報･通信業,315,322,315,315,1,0.318471,5200,OK
2025-04-18,2353,日本駐車場開発,プライム（内国株式）,不動産業,234,237,232,235,6,2.620087,1222100,OK
2025-04-18,2354,ＹＥ　ＤＩＧＩＴＡＬ,スタンダード（内国株式）,情報･通信業,559,566,558,565,10,1.801802,55100,OK
2025-04-18,2359,コア,プライム（内国株式）,情報･通信業,1728,1759,1713,1759,60,3.531489,11600,OK
2025-04-18,2370,メディネット,グロース（内国株式）,サービス業,31,33,31,32,1,3.225806,1395400,OK
2025-04-18,2371,カカクコム,プライム（内国株式）,サービス業,2483.5,2585,2422,2546.5,113.5,4.665023,2432900,OK
2025-04-18,2372,アイロムグループ,プライム（内国株式）,サービス業,2790,2790,2788,2788,0,0,6600,OK
2025-04-18,2373,ケア２１,スタンダード（内国株式）,サービス業,405,405,401,401,-1,-0.248756,11000,OK
2025-04-18,2374,セントケア・ホールディング,プライム（内国株式）,サービス業,772,785,769,785,17,2.213542,32700,OK
2025-04-18,2375,ギグワークス,スタンダード（内国株式）,サービス業,212,218,209,216,4,1.886792,67400,OK
2025-04-18,2376,サイネックス,スタンダード（内国株式）,サービス業,831,840,826,834,2,0.240385,2700,OK
2025-04-18,2378,ルネサンス,プライム（内国株式）,サービス業,1047,1052,1040,1052,11,1.056676,31600,OK
2025-04-18,2379,ディップ,プライム（内国株式）,サービス業,2040,2042,2015,2025,3,0.148368,282900,OK
2025-04-18,2384,ＳＢＳホールディングス,プライム（内国株式）,陸運業,2836,2863,2826,2856,39,1.384452,26800,OK
2025-04-18,2385,総医研ホールディングス,グロース（内国株式）,サービス業,129,133,129,133,4,3.100775,123300,OK
2025-04-18,2388,ウェッジホールディングス,グロース（内国株式）,その他金融業,65,74,64,65,0,0,2369600,OK
2025-04-18,2389,デジタルホールディングス,プライム（内国株式）,サービス業,1316,1373,1301,1358,58,4.461538,59600,OK
2025-04-18,2391,プラネット,スタンダード（内国株式）,サービス業,1233,1241,1231,1231,-2,-0.162206,1100,OK
2025-04-18,2393,日本ケアサプライ,スタンダード（内国株式）,サービス業,2008,2027,2007,2027,19,0.946215,5800,OK
2025-04-18,2395,新日本科学,プライム（内国株式）,サービス業,1240,1275,1240,1275,34,2.739726,269200,OK
2025-04-18,2397,ＤＮＡチップ研究所,スタンダード（内国株式）,サービス業,1092,1092,1091,1091,0,0,20300,OK
2025-04-18,239A,バレッグス,TOKYO PRO MARKET（内国株式）,不動産業,,,,,,,,NO_QUOTE
2025-04-18,2404,鉄人化ホールディングス,スタンダード（内国株式）,サービス業,464,474,464,474,10,2.155172,6100,OK
2025-04-18,2408,ＫＧ情報,スタンダード（内国株式）,サービス業,630,633,611,622,-8,-1.269841,8700,OK
2025-04-18,2410,キャリアデザインセンター,プライム（内国株式）,サービス業,1725,1761,1724,1759,35,2.030162,16200,OK
2025-04-18,2411,ゲンダイエージェンシー,スタンダード（内国株式）,情報･通信業,385,402,381,393,9,2.34375,277500,OK
2025-04-18,2413,エムスリー,プライム（内国株式）,サービス業,1770,1802.5,1735,1801,44,2.504269,3104400,OK
2025-04-18,2415,ヒューマンホールディングス,スタンダード（内国株式）,サービス業,1528,1537,1515,1537,7,0.457516,3800,OK
2025-04-18,2418,ツカダ・グローバルホールディング,スタンダード（内国株式）,サービス業,537,539,534,537,1,0.186567,84500,OK
2025-04-18,241A,ＲＯＸＸ,グロース（内国株式）,情報･通信業,1086,1124,1057,1118,92,8.966862,38100,OK
2025-04-18,2424,ブラス,スタンダード（内国株式）,サービス業,587,591,582,582,-5,-0.851789,600,OK
2025-04-18,2425,ケアサービス,スタンダード（内国株式）,サービス業,785,789,785,788,3,0.382166,1200,OK
2025-04-18,2428,ウェルネット,スタンダード（内国株式）,サービス業,689,706,688,706,19,2.765648,57700,OK
2025-04-18,2429,ワールドホールディングス,プライム（内国株式）,サービス業,1935,1968,1935,1965,34,1.760746,17300,OK
2025-04-18,2432,ディー・エヌ・エー,プライム（内国株式）,サービス業,3459,3555,3435,3555,90,2.597403,8043600,OK
2025-04-18,2433,博報堂ＤＹホールディングス,プライム（内国株式）,サービス業,1052,1067.5,1046,1058,4.5,0.427148,521100,OK
2025-04-18,2435,シダー,スタンダード（内国株式）,サービス業,214,217,213,216,4,1.886792,10300,OK
2025-04-18,2436,共同ピーアール,スタンダード（内国株式）,サービス業,759,760,747,747,0,0,9100,OK
2025-04-18,2437,Ｓｈｉｎｗａ　Ｗｉｓｅ　Ｈｏｌｄｉｎｇｓ,スタンダード（内国株式）,サービス業,373,391,371,383,9,2.406417,250600,OK
2025-04-18,2438,アスカネット,グロース（内国株式）,サービス業,436,456,436,455,20,4.597701,82600,OK
2025-04-18,243A,トップス,TOKYO PRO MARKET（内国株式）,食料品,,,,,,,,NO_QUOTE
2025-04-18,2440,ぐるなび,プライム（内国株式）,サービス業,278,289,275,287,12,4.363636,264300,OK
2025-04-18,2445,タカミヤ,プライム（内国株式）,サービス業,370,374,369,374,6,1.630435,43600,OK
2025-04-18,2449,プラップジャパン,スタンダード（内国株式）,サービス業,958,968,955,961,3,0.313152,5100,OK
2025-04-18,244A,グロースエクスパートナーズ,グロース（内国株式）,情報･通信業,1603,1650,1593,1629,5,0.307882,46100,OK
2025-04-18,2452,コンピュータマインド,TOKYO PRO MARKET（内国株式）,情報･通信業,,,,,,,,NO_QUOTE
2025-04-18,2454,オールアバウト,スタンダード（内国株式）,サービス業,323,323,323,323,5,1.572327,100,OK
2025-04-18,2459,アウンコンサルティング,スタンダード（内国株式）,サービス業,286,293,281,288,0,0,352600,OK
2025-04-18,245A,ＩＮＧＳ,グロース（内国株式）,小売業,2002,2032,1994,2032,70,3.567788,1500,OK
2025-04-18,2461,ファンコミュニケーションズ,プライム（内国株式）,サービス業,404,406,401,405,5,1.25,23700,OK
2025-04-18,2462,ライク,プライム（内国株式）,サービス業,1451,1469,1451,1469,20,1.380262,22600,OK
2025-04-18,2464,Ａｏｂａ‐ＢＢＴ,スタンダード（内国株式）,サービス業,319,322,317,322,0,0,8500,OK
2025-04-18,2469,ヒビノ,スタンダード（内国株式）,サービス業,2296,2311,2260,2281,-12,-0.523332,14800,OK
2025-04-18,246A,アスア,グロース（内国株式）,サービス業,652,666,644,646,1,0.155039,20900,OK
2025-04-18,2471,エスプール,プライム（内国株式）,サービス業,294,301,293,301,9,3.082192,537900,OK
2025-04-18,2475,ＷＤＢホールディングス,プライム（内国株式）,サービス業,1717,1799,1717,1796,100,5.896226,11800,OK
2025-04-18,2477,手間いらず,スタンダード（内国株式）,情報･通信業,3170,3355,3165,3350,185,5.845182,33900,OK
2025-04-18,2479,ジェイテック,グロース（内国株式）,サービス業,237,237,232,234,-3,-1.265823,111200,OK
2025-04-18,247A,Ａｉロボティクス,グロース（内国株式）,化学,4350,4395,4250,4270,-80,-1.83908,341600,OK
2025-04-18,2480,システム・ロケーション,スタンダード（内国株式）,情報･通信業,1401,1410,1400,1400,6,0.430416,1100,OK
2025-04-18,2481,タウンニュース社,スタンダード（内国株式）,サービス業,724,724,724,724,1,0.138313,200,OK
2025-04-18,2483,翻訳センター,スタンダード（内国株式）,サービス業,1718,1727,1715,1719,3,0.174825,2200,OK
2025-04-18,2484,出前館,スタンダード（内国株式）,情報･通信業,207,215,207,213,5,2.403846,649200,OK
2025-04-18,2485,ティア,スタンダード（内国株式）,サービス業,447,451,447,451,3,0.669643,13000,OK
2025-04-18,2488,ＪＴＰ,スタンダード（内国株式）,サービス業,1130,1160,1129,1159,39,3.482143,19500,OK
2025-04-18,2489,アドウェイズ,プライム（内国株式）,サービス業,268,277,267,274,6,2.238806,56600,OK
2025-04-18,248A,キッズスター,グロース（内国株式）,情報･通信業,1300,1349,1300,1349,60,4.654771,1100,OK
2025-04-18,2491,バリューコマース,プライム（内国株式）,サービス業,777,784,772,782,9,1.164295,88300,OK
2025-04-18,2492,インフォマート,プライム（内国株式）,サービス業,352,359,347,359,8,2.279202,561000,OK
2025-04-18,2493,イーサポートリンク,スタンダード（内国株式）,サービス業,1016,1021,1014,1016,1,0.098522,13800,OK
2025-04-18,2497,ユナイテッド,グロース（内国株式）,サービス業,699,709,694,706,13,1.875902,58100,OK
2025-04-18,2498,オリエンタルコンサルタンツホールディングス,スタンダード（内国株式）,サービス業,4940,4990,4940,4945,-45,-0.901804,400,OK
2025-04-18,2499,日本和装ホールディングス,スタンダード（内国株式）,サービス業,307,308,305,308,3,0.983607,6300,OK
2025-04-18,249A,ヒューマンアジャスト,TOKYO PRO MARKET（内国株式）,サービス業,,,,,,,,NO_QUOTE
2025-04-18,2501,サッポロホールディングス,プライム（内国株式）,食料品,8161,8182,8080,8182,35,0.429606,182700,OK
2025-04-18,2502,アサヒグループホールディングス,プライム（内国株式）,食料品,2013,2026,1992.5,2022.5,9,0.446983,2769100,OK
2025-04-18,2503,キリンホールディングス,プライム（内国株式）,食料品,2160.5,2160.5,2137,2155.5,2.5,0.116117,1986300,OK
2025-04-18,250A,シマダヤ,スタンダード（内国株式）,食料品,1749,1785,1739,1785,52,3.000577,69200,OK
2025-04-18,251A,ニューロマジック,TOKYO PRO MARKET（内国株式）,サービス業,,,,,,,,NO_QUOTE
2025-04-18,252A,ウェッジ,TOKYO PRO MARKET（内国株式）,小売業,,,,,,,,NO_QUOTE
2025-04-18,2531,宝ホールディングス,プライム（内国株式）,食料品,1175,1175,1165,1170,3.5,0.300043,318800,OK
2025-04-18,2533,オエノンホールディングス,プライム（内国株式）,食料品,425,437,425,436,12,2.830189,39900,OK
2025-04-18,253A,ＥＴＳグループ,スタンダード（内国株式）,建設業,660,660,653,653,-2,-0.305344,2000,OK
2025-04-18,2540,養命酒製造,プライム（内国株式）,食料品,2921,3050,2921,3050,163,5.645999,52700,OK
2025-04-18,254A,ＡＩフュージョンキャピタルグループ,スタンダード（内国株式）,証券･商品先物取引業,1310,1350,1262,1275,-27,-2.073733,399700,OK
2025-04-18,255A,ジーエルテクノホールディングス,スタンダード（内国株式）,精密機器,2725,2795,2725,2795,62,2.268569,5100,OK
2025-04-18,256A,飛島ホールディングス,プライム（内国株式）,建設業,1637,1739,1637,1738,107,6.560392,288000,OK
2025-04-18,2573,北海道コカ・コーラボトリング,スタンダード（内国株式）,食料品,3095,3180,3095,3160,70,2.265372,14400,OK
2025-04-18,2579,コカ・コーラ　ボトラーズジャパンホールディングス,プライム（内国株式）,食料品,2504,2528,2495,2527.5,23.5,0.938498,342000,OK
2025-04-18,2585,ライフドリンク　カンパニー,プライム（内国株式）,食料品,1724,1755,1710,1753,22,1.270942,330200,OK
2025-04-18,2586,フルッタフルッタ,グロース（内国株式）,食料品,151,154,149,151,-1,-0.657895,1749200,OK
2025-04-18,2587,サントリー食品インターナショナル,プライム（内国株式）,食料品,4839,4847,4808,4821,-8,-0.165666,356700,OK
2025-04-18,2588,プレミアムウォーターホールディングス,スタンダード（内国株式）,食料品,2812,2847,2808,2847,31,1.100852,4400,OK
2025-04-18,2590,ダイドーグループホールディングス,プライム（内国株式）,食料品,2965,2974,2938,2947,10,0.340483,37300,OK
2025-04-18,2593,伊藤園,プライム（内国株式）,食料品,3284,3297,3264,3275,-3,-0.091519,313600,OK
2025-04-18,25935,伊藤園（優先株式）,プライム（内国株式）,食料品,1813,1819,1808,1818,8,0.441989,79400,OK
2025-04-18,2594,キーコーヒー,プライム（内国株式）,食料品,2104,2106,2088,2100,0,0,50500,OK
2025-04-18,2597,ユニカフェ,スタンダード（内国株式）,食料品,899,900,899,900,2,0.222717,2700,OK
2025-04-18,2602,日清オイリオグループ,プライム（内国株式）,食料品,4870,4910,4865,4900,30,0.616016,37500,OK
2025-04-18,2607,不二製油,プライム（内国株式）,食料品,3084,3137,3067,3137,54,1.751541,325600,OK
2025-04-18,260A,オルツ,グロース（内国株式）,情報･通信業,419,430,413,426,5,1.187648,732800,OK
2025-04-18,2612,かどや製油,スタンダード（内国株式）,食料品,3600,3600,3585,3595,-5,-0.138889,1500,OK
2025-04-18,2613,Ｊ−オイルミルズ,プライム（内国株式）,食料品,2049,2060,2041,2052,20,0.984252,44700,OK
2025-04-18,261A,日水コン,スタンダード（内国株式）,サービス業,2079,2097,2052,2052,-37,-1.771182,30600,OK
2025-04-18,262A,インターメスティック,プライム（内国株式）,小売業,1505,1569,1495,1567,71,4.745989,268300,OK
2025-04-18,263A,デジタルキューブ,TOKYO PRO MARKET（内国株式）,情報･通信業,,,,,,,,NO_QUOTE
2025-04-18,264A,Ｓｃｈｏｏ,グロース（内国株式）,サービス業,1488,1541,1483,1506,22,1.48248,277200,OK
2025-04-18,2652,まんだらけ,スタンダード（内国株式）,小売業,312,319,312,318,6,1.923077,79300,OK
2025-04-18,2653,イオン九州,スタンダード（内国株式）,小売業,2475,2498,2474,2492,8,0.322061,25200,OK
2025-04-18,2654,アスモ,スタンダード（内国株式）,小売業,341,342,340,342,1,0.293255,4600,OK
2025-04-18,2656,ベクターホールディングス,スタンダード（内国株式）,小売業,76,79,75,77,2,2.666667,179200,OK
2025-04-18,2659,サンエー,プライム（内国株式）,小売業,2792,2816,2780,2793,13,0.467626,108700,OK
2025-04-18,265A,Ｈｍｃｏｍｍ,グロース（内国株式）,情報･通信業,712,737,712,723,15,2.118644,21700,OK
2025-04-18,2664,カワチ薬品,プライム（内国株式）,小売業,2907,2958,2906,2953,56,1.933034,46600,OK
2025-04-18,2666,オートウェーブ,スタンダード（内国株式）,小売業,152,155,151,154,3,1.986755,74500,OK
2025-04-18,2667,イメージ　ワン,スタンダード（内国株式）,卸売業,236,241,232,232,-3,-1.276596,125400,OK
2025-04-18,2668,タビオ,スタンダード（内国株式）,卸売業,1161,1178,1145,1153,-10,-0.859845,2600,OK
2025-04-18,2669,カネ美食品,スタンダード（内国株式）,小売業,3200,3210,3195,3200,5,0.156495,2300,OK
2025-04-18,266A,グローカルマーケティング,TOKYO PRO MARKET（内国株式）,サービス業,,,,,,,,NO_QUOTE
2025-04-18,2670,エービーシー・マート,プライム（内国株式）,小売業,2632,2659.5,2620.5,2642.5,34,1.303431,488500,OK
2025-04-18,2673,夢みつけ隊,スタンダード（内国株式）,小売業,96,97,96,96,0,0,34900,OK
2025-04-18,2674,ハードオフコーポレーション,プライム（内国株式）,小売業,1838,1860,1828,1858,31,1.696771,19200,OK
2025-04-18,2676,高千穂交易,プライム（内国株式）,卸売業,3745,3835,3745,3835,110,2.95302,17300,OK
2025-04-18,2678,アスクル,プライム（内国株式）,小売業,1437,1453,1432,1452,18,1.25523,237900,OK
2025-04-18,267A,トワライズ,TOKYO PRO MARKET（内国株式）,その他金融業,,,,,,,,NO_QUOTE
2025-04-18,2681,ゲオホールディングス,プライム（内国株式）,小売業,1876,1893,1865,1879,-5,-0.265393,157000,OK
2025-04-18,2683,魚喜,スタンダード（内国株式）,小売業,1036,1036,1029,1029,-1,-0.097087,1300,OK
2025-04-18,2685,アダストリア,プライム（内国株式）,小売業,2740,2818,2732,2813,60,2.179441,227700,OK
2025-04-18,2686,ジーフット,スタンダード（内国株式）,小売業,270,271,267,269,4,1.509434,25100,OK
2025-04-18,2687,シー・ヴイ・エス・ベイエリア,スタンダード（内国株式）,小売業,532,536,532,535,1,0.187266,3800,OK
2025-04-18,2689,オルバヘルスケアホールディングス,スタンダード（内国株式）,卸売業,2138,2152,2126,2144,-10,-0.464253,2200,OK
2025-04-18,268A,リガク・ホールディングス,プライム（内国株式）,精密機器,827,833,801,801,17,2.168367,1395400,OK
2025-04-18,2692,伊藤忠食品,プライム（内国株式）,卸売業,8960,9150,8810,9120,110,1.220866,49000,OK
2025-04-18,2693,ＹＫＴ,スタンダード（内国株式）,卸売業,218,219,216,219,1,0.458716,12800,OK
2025-04-18,2694,焼肉坂井ホールディングス,スタンダード（内国株式）,小売業,71,71,70,71,0,0,434700,OK
2025-04-18,2695,くら寿司,プライム（内国株式）,小売業,3330,3375,3325,3375,50,1.503759,395000,OK
2025-04-18,2698,キャンドゥ,スタンダード（内国株式）,小売業,3570,3645,3525,3615,85,2.407932,18700,OK
2025-04-18,269A,Ｓａｐｅｅｔ,グロース（内国株式）,情報･通信業,2411,2519,2361,2500,120,5.042017,23900,OK
2025-04-18,2700,木徳神糧,スタンダード（内国株式）,卸売業,7320,7480,7300,7410,130,1.785714,4100,OK
2025-04-18,2702,日本マクドナルドホールディングス,スタンダード（内国株式）,小売業,5920,5970,5910,5970,70,1.186441,270200,OK
2025-04-18,2705,大戸屋ホールディングス,スタンダード（内国株式）,小売業,5170,5200,5160,5160,0,0,4500,OK
2025-04-18,2708,久世,スタンダード（内国株式）,卸売業,1726,1743,1720,1737,27,1.578947,7100,OK
2025-04-18,271A,アクセリア,TOKYO PRO MARKET（内国株式）,情報･通信業,,,,,,,,NO_QUOTE
2025-04-18,2721,ジェイホールディングス,スタンダード（内国株式）,卸売業,199,199,185,185,-14,-7.035176,457900,OK
2025-04-18,2722,ＩＫホールディングス,スタンダード（内国株式）,小売業,398,398,394,394,-1,-0.253165,6400,OK
2025-04-18,2726,パルグループホールディングス,プライム（内国株式）,小売業,3995,4155,3985,4100,145,3.666245,520900,OK
2025-04-18,2730,エディオン,プライム（内国株式）,小売業,1844,1848,1835,1848,19,1.038819,158500,OK
2025-04-18,2733,あらた,プライム（内国株式）,卸売業,3150,3190,3135,3190,65,2.08,29800,OK
2025-04-18,2734,サーラコーポレーション,プライム（内国株式）,小売業,902,921,902,916,17,1.89099,127400,OK
2025-04-18,2735,ワッツ,スタンダード（内国株式）,小売業,671,686,668,683,12,1.788376,34000,OK
2025-04-18,2736,フェスタリアホールディングス,スタンダード（内国株式）,小売業,560,579,560,573,16,2.872531,2700,OK
2025-04-18,2737,トーメンデバイス,プライム（内国株式）,卸売業,5300,5330,5240,5300,30,0.56926,23500,OK
2025-04-18,2742,ハローズ,プライム（内国株式）,小売業,4260,4360,4220,4360,95,2.227433,28400,OK
2025-04-18,2743,ピクセルカンパニーズ,スタンダード（内国株式）,卸売業,66,71,62,63,-2,-3.076923,3237300,OK
2025-04-18,2747,北雄ラッキー,スタンダード（内国株式）,小売業,2976,2978,2976,2978,2,0.067204,700,OK
2025-04-18,2749,ＪＰホールディングス,プライム（内国株式）,サービス業,644,662,643,660,22,3.448276,208300,OK
2025-04-18,274A,ガーデン,スタンダード（内国株式）,小売業,2474,2474,2405,2437,-17,-0.692747,23400,OK
2025-04-18,2750,石光商事,スタンダード（内国株式）,卸売業,830,848,821,824,2,0.243309,1900,OK
2025-04-18,2751,テンポスホールディングス,スタンダード（内国株式）,卸売業,3560,3585,3555,3580,20,0.561798,19200,OK
2025-04-18,2752,フジオフードグループ本社,プライム（内国株式）,小売業,1182,1189,1179,1187,6,0.508044,91000,OK
2025-04-18,2753,あみやき亭,プライム（内国株式）,小売業,1421,1449,1420,1448,42,2.987198,39900,OK
2025-04-18,275A,ハンワホームズ,TOKYO PRO MARKET（内国株式）,建設業,,,,,,,,NO_QUOTE
2025-04-18,2760,東京エレクトロン　デバイス,プライム（内国株式）,卸売業,2855,2875,2841,2856,3,0.105152,67200,OK
2025-04-18,2762,ＳＡＮＫＯ　ＭＡＲＫＥＴＩＮＧ　ＦＯＯＤＳ,スタンダード（内国株式）,小売業,93,95,93,95,2,2.150538,94800,OK
2025-04-18,2763,エフティグループ,スタンダード（内国株式）,卸売業,1059,1077,1053,1072,12,1.132075,7000,OK
2025-04-18,2764,ひらまつ,スタンダード（内国株式）,小売業,144,148,144,146,3,2.097902,122200,OK
2025-04-18,2767,円谷フィールズホールディングス,プライム（内国株式）,卸売業,1810,1864,1803,1830,40,2.234637,494100,OK
2025-04-18,2768,双日,プライム（内国株式）,卸売業,3200,3234,3191,3234,58,1.826196,536800,OK
2025-04-18,2769,ヴィレッジヴァンガードコーポレーション,スタンダード（内国株式）,小売業,1021,1025,1020,1023,3,0.294118,3200,OK
2025-04-18,276A,ククレブ・アドバイザーズ,グロース（内国株式）,不動産業,3855,3955,3705,3750,-75,-1.960784,115000,OK
2025-04-18,2776,新都ホールディングス,スタンダード（内国株式）,卸売業,116,117,115,116,1,0.869565,86100,OK
2025-04-18,2778,パレモ・ホールディングス,スタンダード（内国株式）,小売業,136,143,136,143,6,4.379562,272200,OK
2025-04-18,277A,グロービング,グロース（内国株式）,サービス業,1943,1988,1780,1800,-138,-7.120743,665800,OK
2025-04-18,2780,コメ兵ホールディングス,スタンダード（内国株式）,小売業,2784,2840,2765,2820,64,2.322206,61500,OK
2025-04-18,2782,セリア,スタンダード（内国株式）,小売業,2875,2918,2832,2916,56,1.958042,512600,OK
2025-04-18,2784,アルフレッサ　ホールディングス,プライム（内国株式）,卸売業,2139.5,2139.5,2118.5,2136.5,32,1.520551,215700,OK
2025-04-18,2788,アップルインターナショナル,スタンダード（内国株式）,卸売業,381,390,381,387,7,1.842105,40200,OK
2025-04-18,2789,カルラ,スタンダード（内国株式）,小売業,448,448,444,446,0,0,1700,OK
2025-04-18,278A,Ｔｅｒｒａ　Ｄｒｏｎｅ,グロース（内国株式）,精密機器,7600,7910,7580,7840,260,3.430079,346200,OK
2025-04-18,2790,ナフコ,スタンダード（内国株式）,小売業,1738,1779,1737,1778,48,2.774566,18800,OK
2025-04-18,2791,大黒天物産,プライム（内国株式）,小売業,7250,7600,7250,7510,290,4.01662,76500,OK
2025-04-18,2792,ハニーズホールディングス,プライム（内国株式）,小売業,1603,1628,1596,1626,33,2.071563,85700,OK
2025-04-18,2795,日本プリメックス,スタンダード（内国株式）,卸売業,888,899,878,893,5,0.563063,1300,OK
2025-04-18,2796,ファーマライズホールディングス,スタンダード（内国株式）,小売業,480,484,480,481,1,0.208333,3400,OK
2025-04-18,2798,ワイズテーブルコーポレーション,スタンダード（内国株式）,小売業,2859,2865,2853,2862,2,0.06993,2400,OK
2025-04-18,279A,インターグ,TOKYO PRO MARKET（内国株式）,サービス業,,,,,,,,NO_QUOTE
2025-04-18,2801,キッコーマン,プライム（内国株式）,食料品,1545,1566,1532,1558,27.5,1.796798,2196700,OK
2025-04-18,2802,味の素,プライム（内国株式）,食料品,2961,2989.5,2944,2984,23,0.776765,1520200,OK
2025-04-18,2804,ブルドックソース,プライム（内国株式）,食料品,1715,1745,1715,1745,30,1.749271,14100,OK
2025-04-18,2805,ヱスビー食品,スタンダード（内国株式）,食料品,2720,2795,2720,2795,95,3.518519,48800,OK
2025-04-18,2806,ユタカフーズ,スタンダード（内国株式）,食料品,2039,2058,2038,2058,21,1.030928,700,OK
2025-04-18,2809,キユーピー,プライム（内国株式）,食料品,3163,3290,3153,3268,123,3.91097,1230900,OK
2025-04-18,280A,ＴＭＨ,グロース（内国株式）,卸売業,1282,1376,1269,1357,64,4.949729,36100,OK
2025-04-18,2810,ハウス食品グループ本社,プライム（内国株式）,食料品,2811,2832,2807,2830,24,0.85531,113200,OK
2025-04-18,2811,カゴメ,プライム（内国株式）,食料品,2990,3014,2985,3010,16,0.534402,163200,OK
2025-04-18,2813,和弘食品,スタンダード（内国株式）,食料品,4275,4335,4275,4290,30,0.704225,1200,OK
2025-04-18,2814,佐藤食品工業,スタンダード（内国株式）,食料品,2300,2300,2300,2300,0,0,300,OK
2025-04-18,2815,アリアケジャパン,プライム（内国株式）,食料品,5970,6060,5970,6060,90,1.507538,42200,OK
2025-04-18,2816,ダイショー,スタンダード（内国株式）,食料品,1409,1411,1409,1410,-1,-0.070872,600,OK
2025-04-18,2818,ピエトロ,スタンダード（内国株式）,食料品,1745,1745,1735,1742,2,0.114943,1800,OK
2025-04-18,2819,エバラ食品工業,スタンダード（内国株式）,食料品,2685,2736,2685,2733,59,2.206432,6300,OK
2025-04-18,281A,インフォメティス,グロース（内国株式）,情報･通信業,689,730,688,702,12,1.73913,109000,OK
2025-04-18,2820,やまみ,スタンダード（内国株式）,食料品,4600,4615,4470,4555,-25,-0.545852,27600,OK
2025-04-18,2830,アヲハタ,スタンダード（内国株式）,食料品,2548,2584,2548,2569,19,0.745098,1700,OK
2025-04-18,2831,はごろもフーズ,スタンダード（内国株式）,食料品,3205,3205,3195,3195,0,0,1800,OK
2025-04-18,284A,フクヤ建設,TOKYO PRO MARKET（内国株式）,建設業,,,,,,,,NO_QUOTE
2025-04-18,285A,キオクシアホールディングス,プライム（内国株式）,電気機器,1805,1817,1778,1782,-52,-2.835333,3741900,OK
2025-04-18,286A,ユカリア,グロース（内国株式）,サービス業,1023,1026,994,1013,-17,-1.650485,248300,OK
2025-04-18,2871,ニチレイ,プライム（内国株式）,食料品,1891.5,1916,1884,1911,25.5,1.352426,942600,OK
2025-04-18,2872,セイヒョー,スタンダード（内国株式）,食料品,2437,2500,2437,2500,82,3.391232,4900,OK
2025-04-18,2874,横浜冷凍,プライム（内国株式）,卸売業,856,862,854,861,11,1.294118,100000,OK
2025-04-18,2875,東洋水産,プライム（内国株式）,食料品,8965,9131,8899,9101,201,2.258427,318700,OK
2025-04-18,2876,デルソーレ,スタンダード（内国株式）,食料品,420,420,416,419,2,0.479616,600,OK
2025-04-18,2877,日東ベスト,スタンダード（内国株式）,食料品,733,736,731,735,2,0.272851,6600,OK
2025-04-18,287A,黒田グループ,スタンダード（内国株式）,卸売業,870,886,863,886,27,3.14319,328100,OK
2025-04-18,2882,イートアンドホールディングス,プライム（内国株式）,食料品,2069,2087,2069,2087,21,1.016457,24000,OK
2025-04-18,2883,大冷,スタンダード（内国株式）,食料品,1915,1915,1911,1915,3,0.156904,1600,OK
2025-04-18,2884,ヨシムラ・フード・ホールディングス,プライム（内国株式）,食料品,884,900,868,874,-2,-0.228311,218300,OK
2025-04-18,288A,ラクサス・テクノロジーズ,グロース（内国株式）,サービス業,173,178,171,171,-2,-1.156069,315600,OK
2025-04-18,2892,日本食品化工,スタンダード（内国株式）,食料品,2521,2580,2520,2532,12,0.47619,2000,OK
2025-04-18,2894,石井食品,スタンダード（内国株式）,食料品,308,320,308,312,5,1.628664,25600,OK
2025-04-18,2897,日清食品ホールディングス,プライム（内国株式）,食料品,3140,3167,3122,3161,31,0.990415,558300,OK
2025-04-18,2901,ウェルディッシュ,スタンダード（内国株式）,食料品,674,676,670,676,6,0.895522,21500,OK
2025-04-18,2903,シノブフーズ,スタンダード（内国株式）,食料品,879,890,878,890,14,1.598174,5000,OK
2025-04-18,2904,一正蒲鉾,スタンダード（内国株式）,食料品,770,770,766,768,0,0,5800,OK
2025-04-18,2907,あじかん,スタンダード（内国株式）,食料品,1146,1152,1139,1140,2,0.175747,1700,OK
2025-04-18,2908,フジッコ,プライム（内国株式）,食料品,1623,1635,1620,1632,15,0.927644,49400,OK
2025-04-18,290A,Ｓｙｎｓｐｅｃｔｉｖｅ,グロース（内国株式）,情報･通信業,1352,1404,1285,1381,11,0.80292,5649500,OK
2025-04-18,2910,ロック・フィールド,プライム（内国株式）,食料品,1585,1599,1580,1590,8,0.505689,64200,OK
2025-04-18,2911,旭松食品,スタンダード（内国株式）,食料品,2317,2320,2317,2320,3,0.129478,500,OK
2025-04-18,2914,日本たばこ産業,プライム（内国株式）,食料品,4251,4258,4240,4250,0,0,3010000,OK
2025-04-18,2915,ケンコーマヨネーズ,プライム（内国株式）,食料品,1841,1854,1832,1839,19,1.043956,14300,OK
2025-04-18,2916,仙波糖化工業,スタンダード（内国株式）,食料品,704,704,700,700,-14,-1.960784,300,OK
2025-04-18,2917,大森屋,スタンダード（内国株式）,食料品,932,932,932,932,0,0,800,OK
2025-04-18,2918,わらべや日洋ホールディングス,プライム（内国株式）,食料品,2348,2377,2339,2375,27,1.149915,56900,OK
2025-04-18,291A,リスキル,グロース（内国株式）,サービス業,3090,3250,3090,3210,110,3.548387,9900,OK
2025-04-18,2922,なとり,プライム（内国株式）,食料品,2049,2060,2034,2060,31,1.527846,13000,OK
2025-04-18,2923,サトウ食品,スタンダード（内国株式）,食料品,7630,7780,7630,7780,150,1.965924,200,OK
2025-04-18,2924,イフジ産業,スタンダード（内国株式）,食料品,2098,2150,2094,2150,58,2.772467,13700,OK
2025-04-18,2926,篠崎屋,スタンダード（内国株式）,食料品,83,86,82,85,1,1.190476,226200,OK
2025-04-18,2927,ＡＦＣ−ＨＤアムスライフサイエンス,スタンダード（内国株式）,食料品,837,846,837,845,7,0.835322,5300,OK
2025-04-18,2929,ファーマフーズ,プライム（内国株式）,食料品,860,877,859,877,24,2.813599,67000,OK
2025-04-18,292A,エスアイイー,TOKYO PRO MARKET（内国株式）,サービス業,,,,,,,,NO_QUOTE
2025-04-18,2930,北の達人コーポレーション,プライム（内国株式）,化学,135,140,134,140,6,4.477612,899000,OK
2025-04-18,2931,ユーグレナ,プライム（内国株式）,食料品,444,451,443,451,11,2.5,337400,OK
2025-04-18,2932,ＳＴＩフードホールディングス,スタンダード（内国株式）,食料品,1248,1274,1248,1274,30,2.411576,16400,OK
2025-04-18,2933,紀文食品,プライム（内国株式）,食料品,1078,1099,1078,1099,22,2.042711,21900,OK
2025-04-18,2934,ジェイフロンティア,グロース（内国株式）,食料品,1929,1967,1885,1901,-28,-1.451529,30500,OK
2025-04-18,2935,ピックルスホールディングス,プライム（内国株式）,食料品,895,908,892,904,13,1.459035,31400,OK
2025-04-18,2936,ベースフード,グロース（内国株式）,食料品,467,485,462,473,7,1.502146,197100,OK
2025-04-18,2937,サンクゼール,グロース（内国株式）,食料品,1440,1475,1440,1459,24,1.672474,4500,OK
2025-04-18,2938,オカムラ食品工業,スタンダード（内国株式）,食料品,2500,2620,2490,2618,126,5.05618,35200,OK
2025-04-18,293A,ＢＡＢＹ　ＪＯＢ,TOKYO PRO MARKET（内国株式）,小売業,,,,,,,,NO_QUOTE
2025-04-18,2961,日本調理機,スタンダード（内国株式）,金属製品,3715,3840,3715,3770,-225,-5.63204,4800,OK
2025-04-18,2962,テクニスコ,スタンダード（内国株式）,金属製品,291,313,280,288,-4,-1.369863,135000,OK
2025-04-18,296A,令和アカウンティング・ホールディングス,グロース（内国株式）,サービス業,711,744,685,709,-2,-0.281294,560600,OK
2025-04-18,2970,グッドライフカンパニー,スタンダード（内国株式）,不動産業,2848,2872,2842,2842,-7,-0.2457,1200,OK
2025-04-18,2975,スター・マイカ・ホールディングス,プライム（内国株式）,不動産業,950,982,949,982,33,3.477345,140400,OK
2025-04-18,2977,Ｌｉｖｅｎｕｐ　Ｇｒｏｕｐ,TOKYO PRO MARKET（内国株式）,不動産業,,,,,,,,NO_QUOTE
2025-04-18,2978,ツクルバ,グロース（内国株式）,不動産業,708,720,708,716,2,0.280112,3100,OK
2025-04-18,297A,アルピコホールディングス,スタンダード（内国株式）,小売業,233,238,232,234,1,0.429185,112100,OK
2025-04-18,2980,ＳＲＥホールディングス,プライム（内国株式）,不動産業,3370,3410,3300,3340,40,1.212121,227000,OK
2025-04-18,2981,ランディックス,グロース（内国株式）,不動産業,2771,2803,2761,2803,34,1.22788,1500,OK
2025-04-18,2982,ＡＤワークスグループ,プライム（内国株式）,不動産業,248,254,248,254,9,3.673469,475300,OK
2025-04-18,2983,アールプランナー,グロース（内国株式）,不動産業,1322,1355,1320,1353,61,4.721362,5400,OK
2025-04-18,2984,ヤマイチ・ユニハイムエステート,スタンダード（内国株式）,不動産業,699,707,699,699,1,0.143266,6000,OK
2025-04-18,2985,ファーストステージ,TOKYO PRO MARKET（内国株式）,不動産業,,,,,,,,NO_QUOTE
2025-04-18,2986,ＬＡホールディングス,グロース（内国株式）,不動産業,7010,7270,7010,7260,200,2.832861,63600,OK
2025-04-18,298A,ＧＶＡ　ＴＥＣＨ,グロース（内国株式）,情報･通信業,521,543,520,526,5,0.959693,14400,OK
2025-04-18,2990,アイダ設計,TOKYO PRO MARKET（内国株式）,不動産業,,,,,,,,NO_QUOTE
2025-04-18,2991,ランドネット,スタンダード（内国株式）,不動産業,1110,1134,1110,1115,5,0.45045,15900,OK
2025-04-18,2992,アーバンライク,TOKYO PRO MARKET（内国株式）,不動産業,,,,,,,,NO_QUOTE
2025-04-18,2993,長栄,スタンダード（内国株式）,不動産業,2038,2038,2022,2031,-9,-0.441176,1300,OK
2025-04-18,2994,アンサーホールディングス,TOKYO PRO MARKET（内国株式）,不動産業,,,,,,,,NO_QUOTE
2025-04-18,2995,ジェイレックス・コーポレーション,TOKYO PRO MARKET（内国株式）,不動産業,,,,,,,,NO_QUOTE
2025-04-18,2997,ストレージ王,グロース（内国株式）,不動産業,845,866,845,856,13,1.542112,2900,OK
2025-04-18,2998,クリアル,グロース（内国株式）,不動産業,4405,4665,4400,4515,200,4.634994,69600,OK
2025-04-18,2999,ホームポジション,スタンダード（内国株式）,不動産業,456,459,455,458,2,0.438596,26100,OK
2025-04-18,299A,ｄｅｌｙ,グロース（内国株式）,サービス業,1200,1231,1185,1212,2,0.165289,221000,OK
2025-04-18,3001,片倉工業,スタンダード（内国株式）,繊維製品,2126,2163,2126,2157,23,1.077788,16400,OK
2025-04-18,3002,グンゼ,プライム（内国株式）,繊維製品,2480,2516,2467,2516,64,2.610114,38500,OK
2025-04-18,3003,ヒューリック,プライム（内国株式）,不動産業,1480,1486,1474.5,1485,14.5,0.986059,1944400,OK
2025-04-18,3004,神栄,スタンダード（内国株式）,卸売業,1584,1588,1572,1588,16,1.017812,4000,OK
2025-04-18,300A,ＭＩＣ,スタンダード（内国株式）,サービス業,1756,1810,1721,1796,40,2.277904,37000,OK
2025-04-18,3010,ポラリス・ホールディングス,スタンダード（内国株式）,サービス業,178,184,177,182,5,2.824859,185100,OK
2025-04-18,3011,バナーズ,スタンダード（内国株式）,小売業,130,131,129,130,0,0,8000,OK
2025-04-18,301A,インデックス,TOKYO PRO MARKET（内国株式）,不動産業,,,,,,,,NO_QUOTE
2025-04-18,3020,アプライド,スタンダード（内国株式）,小売業,2708,2720,2708,2720,12,0.443131,300,OK
2025-04-18,3021,パシフィックネット,スタンダード（内国株式）,サービス業,1230,1250,1230,1248,18,1.463415,3900,OK
2025-04-18,3023,ラサ商事,スタンダード（内国株式）,卸売業,1357,1391,1357,1387,38,2.816901,18300,OK
2025-04-18,3024,クリエイト,スタンダード（内国株式）,卸売業,973,973,968,968,-5,-0.513875,1500,OK
2025-04-18,3028,アルペン,プライム（内国株式）,小売業,2327,2372,2320,2366,56,2.424242,72600,OK
2025-04-18,302A,ビースタイルホールディングス,グロース（内国株式）,サービス業,1288,1445,1239,1282,2,0.15625,103200,OK
2025-04-18,3030,ハブ,スタンダード（内国株式）,小売業,729,742,729,739,4,0.544218,13400,OK
2025-04-18,3031,ラクーンホールディングス,プライム（内国株式）,情報･通信業,852,879,846,877,31,3.664303,233800,OK
2025-04-18,3034,クオールホールディングス,プライム（内国株式）,小売業,2280,2348,2261,2329,66,2.916483,713400,OK
2025-04-18,3035,ケイティケイ,スタンダード（内国株式）,卸売業,552,579,552,579,27,4.891304,3200,OK
2025-04-18,3036,アルコニックス,プライム（内国株式）,卸売業,1516,1541,1511,1541,34,2.256138,52200,OK
2025-04-18,3038,神戸物産,プライム（内国株式）,卸売業,4199,4320,4190,4320,131,3.127238,1844500,OK
2025-04-18,303A,ｖｉｓｕｍｏ,グロース（内国株式）,情報･通信業,1018,1068,1018,1038,20,1.964637,25000,OK
2025-04-18,3040,ソリトンシステムズ,プライム（内国株式）,情報･通信業,1188,1220,1188,1220,40,3.389831,26500,OK
2025-04-18,3041,ビューティカダンホールディングス,スタンダード（内国株式）,卸売業,365,365,361,362,-3,-0.821918,3600,OK
2025-04-18,3042,セキュアヴェイル,グロース（内国株式）,情報･通信業,260,264,259,260,-1,-0.383142,33200,OK
2025-04-18,3045,カワサキ,スタンダード（内国株式）,卸売業,1342,1365,1342,1365,15,1.111111,400,OK
2025-04-18,3046,ジンズホールディングス,プライム（内国株式）,小売業,8810,8930,8660,8850,250,2.906977,335600,OK
2025-04-18,3048,ビックカメラ,プライム（内国株式）,小売業,1468,1487.5,1465,1479.5,5,0.339098,486000,OK
2025-04-18,304A,フォルシア,グロース（内国株式）,情報･通信業,2111,2165,1988,2019,8,0.397812,10600,OK
2025-04-18,3050,ＤＣＭホールディングス,プライム（内国株式）,小売業,1284,1308,1278,1308,35,2.749411,232800,OK
2025-04-18,3053,ペッパーフードサービス,スタンダード（内国株式）,小売業,209,221,209,221,11,5.238095,1137500,OK
2025-04-18,3054,ハイパー,スタンダード（内国株式）,卸売業,280,323,280,294,11,3.886926,444000,OK
2025-04-18,3058,三洋堂ホールディングス,スタンダード（内国株式）,小売業,692,693,688,693,3,0.434783,1200,OK
2025-04-18,3059,ヒラキ,スタンダード（内国株式）,小売業,877,877,874,874,-1,-0.114286,1900,OK
2025-04-18,305A,ダブルツリー,TOKYO PRO MARKET（内国株式）,小売業,,,,,,,,NO_QUOTE
2025-04-18,3063,ジェイグループホールディングス,グロース（内国株式）,小売業,691,695,690,695,5,0.724638,7300,OK
2025-04-18,3064,ＭｏｎｏｔａＲＯ,プライム（内国株式）,小売業,2805,2860,2793,2860,64,2.288984,1411600,OK
2025-04-18,3065,ライフフーズ,スタンダード（内国株式）,小売業,,,,,,,,NO_QUOTE
2025-04-18,3067,東京一番フーズ,スタンダード（内国株式）,小売業,469,469,453,463,-2,-0.430108,9500,OK
2025-04-18,3068,ＷＤＩ,スタンダード（内国株式）,小売業,3010,3060,2995,3015,5,0.166113,6900,OK
2025-04-18,3069,ＪＦＬＡホールディングス,スタンダード（内国株式）,食料品,146,148,145,146,0,0,29100,OK
2025-04-18,3070,ジェリービーンズグループ,グロース（内国株式）,卸売業,101,102,100,100,-1,-0.990099,85000,OK
2025-04-18,3071,ストリーム,スタンダード（内国株式）,小売業,98,100,98,99,2,2.061856,170300,OK
2025-04-18,3073,ＤＤグループ,プライム（内国株式）,小売業,1219,1245,1214,1238,23,1.893004,68500,OK
2025-04-18,3075,銚子丸,スタンダード（内国株式）,小売業,1510,1517,1510,1511,1,0.066225,2000,OK
2025-04-18,3076,あい　ホールディングス,プライム（内国株式）,卸売業,2080,2115,2063,2115,51,2.47093,115100,OK
2025-04-18,3077,ホリイフードサービス,スタンダード（内国株式）,小売業,307,353,303,308,1,0.325733,538600,OK
2025-04-18,3079,ディーブイエックス,スタンダード（内国株式）,卸売業,891,894,882,894,4,0.449438,1800,OK
2025-04-18,307A,ハウジング・スタッフ,TOKYO PRO MARKET（内国株式）,建設業,,,,,,,,NO_QUOTE
2025-04-18,3080,ジェーソン,スタンダード（内国株式）,小売業,672,679,672,678,6,0.892857,4800,OK
2025-04-18,3082,きちりホールディングス,スタンダード（内国株式）,小売業,894,900,891,894,6,0.675676,8500,OK
2025-04-18,3083,スターシーズ,スタンダード（内国株式）,小売業,708,750,693,746,40,5.665722,236200,OK
2025-04-18,3086,Ｊ．フロント　リテイリング,プライム（内国株式）,小売業,1750,1754,1709.5,1745.5,-9.5,-0.541311,2463400,OK
2025-04-18,3087,ドトール・日レスホールディングス,プライム（内国株式）,小売業,2715,2742,2691,2696,-32,-1.173021,345100,OK
2025-04-18,3088,マツキヨココカラ＆カンパニー,プライム（内国株式）,小売業,2560,2594,2542.5,2591.5,49.5,1.947286,1073200,OK
2025-04-18,3089,テクノアルファ,スタンダード（内国株式）,卸売業,861,861,842,845,-13,-1.515152,1400,OK
2025-04-18,308A,ぽすとめいとホールディングス,TOKYO PRO MARKET（内国株式）,サービス業,,,,,,,,NO_QUOTE
2025-04-18,3091,ブロンコビリー,プライム（内国株式）,小売業,3790,3855,3790,3850,70,1.851852,43900,OK
2025-04-18,3092,ＺＯＺＯ,プライム（内国株式）,小売業,1445,1458.5,1416,1455,17,1.182197,1813600,OK
2025-04-18,3093,トレジャー・ファクトリー,プライム（内国株式）,小売業,1930,1983,1910,1957,7,0.358974,114900,OK
2025-04-18,3094,スーパーバリュー,スタンダード（内国株式）,小売業,768,768,765,768,0,0,3100,OK
2025-04-18,3096,オーシャンシステム,スタンダード（内国株式）,小売業,1178,1200,1176,1200,17,1.437025,4600,OK
2025-04-18,3097,物語コーポレーション,プライム（内国株式）,小売業,3640,3705,3615,3705,110,3.059805,237200,OK
2025-04-18,3099,三越伊勢丹ホールディングス,プライム（内国株式）,小売業,1710,1747,1710,1736.5,14.5,0.842044,2282600,OK
2025-04-18,309A,コスモス調剤,TOKYO PRO MARKET（内国株式）,小売業,,,,,,,,NO_QUOTE
2025-04-18,3101,東洋紡,プライム（内国株式）,繊維製品,857,861,850,860,13,1.534829,173200,OK
2025-04-18,3103,ユニチカ,プライム（内国株式）,繊維製品,151,163,151,161,11,7.333333,1439900,OK
2025-04-18,3104,富士紡ホールディングス,プライム（内国株式）,繊維製品,4495,4585,4495,4580,45,0.992282,17700,OK
2025-04-18,3105,日清紡ホールディングス,プライム（内国株式）,電気機器,818.6,822.9,816.3,822.9,13.2,1.630233,370700,OK
2025-04-18,3106,倉敷紡績,プライム（内国株式）,繊維製品,5780,5910,5770,5900,140,2.430556,32300,OK
2025-04-18,3107,ダイワボウホールディングス,プライム（内国株式）,卸売業,2355.5,2367.5,2343.5,2357.5,7.5,0.319149,141000,OK
2025-04-18,3109,シキボウ,プライム（内国株式）,繊維製品,936,951,936,951,16,1.71123,40800,OK
2025-04-18,310A,サーティーフォー,TOKYO PRO MARKET（内国株式）,不動産業,,,,,,,,NO_QUOTE
2025-04-18,3110,日東紡績,プライム（内国株式）,ガラス･土石製品,3555,3600,3515,3540,-60,-1.666667,153600,OK
2025-04-18,3111,オーミケンシ,スタンダード（内国株式）,繊維製品,300,304,293,293,-3,-1.013514,169200,OK
2025-04-18,3113,ＵＮＩＶＡ・Ｏａｋホールディングス,スタンダード（内国株式）,証券･商品先物取引業,79,85,75,79,0,0,1396200,OK
2025-04-18,3116,トヨタ紡織,プライム（内国株式）,輸送用機器,1870,1901,1865.5,1896.5,47.5,2.568956,409400,OK
2025-04-18,311A,ＮＰＴ,TOKYO PRO MARKET（内国株式）,医薬品,,,,,,,,NO_QUOTE
2025-04-18,3121,マーチャント・バンカーズ,スタンダード（内国株式）,サービス業,307,308,303,303,-1,-0.328947,74600,OK
2025-04-18,3123,サイボー,スタンダード（内国株式）,繊維製品,462,465,459,463,1,0.21645,3400,OK
2025-04-18,312A,シンコーホールディングス,TOKYO PRO MARKET（内国株式）,建設業,,,,,,,,NO_QUOTE
2025-04-18,3131,シンデン・ハイテックス,スタンダード（内国株式）,卸売業,1914,1947,1900,1933,33,1.736842,3300,OK
2025-04-18,3132,マクニカホールディングス,プライム（内国株式）,卸売業,1860,1875,1854,1865,25,1.358696,384100,OK
2025-04-18,3133,海帆,グロース（内国株式）,小売業,830,845,812,823,3,0.365854,406000,OK
2025-04-18,3134,Ｈａｍｅｅ,スタンダード（内国株式）,小売業,1184,1228,1175,1220,40,3.389831,128400,OK
2025-04-18,3135,マーケットエンタープライズ,プライム（内国株式）,小売業,1455,1529,1447,1507,60,4.14651,32600,OK
2025-04-18,3137,ファンデリー,グロース（内国株式）,小売業,579,699,555,699,100,16.694491,2395200,OK
2025-04-18,3138,富士山マガジンサービス,グロース（内国株式）,小売業,632,639,632,639,8,1.267829,300,OK
2025-04-18,3139,ラクト・ジャパン,プライム（内国株式）,卸売業,3510,3645,3510,3590,80,2.279202,117300,OK
2025-04-18,3140,ＢＲＵＮＯ,グロース（内国株式）,卸売業,1030,1033,1027,1033,4,0.388727,6700,OK
2025-04-18,3141,ウエルシアホールディングス,プライム（内国株式）,小売業,2432,2500,2431.5,2496.5,38,1.545658,960800,OK
2025-04-18,3143,オーウイル,スタンダード（内国株式）,卸売業,1790,1790,1751,1755,-15,-0.847458,1000,OK
2025-04-18,3148,クリエイトＳＤホールディングス,プライム（内国株式）,小売業,3060,3085,3040,3055,0,0,97000,OK
2025-04-18,3150,グリムス,プライム（内国株式）,電気･ガス業,2261,2318,2249,2316,86,3.856502,18700,OK
2025-04-18,3151,バイタルケーエスケー・ホールディングス,プライム（内国株式）,卸売業,1297,1322,1284,1317,16,1.229823,85500,OK
2025-04-18,3153,八洲電機,プライム（内国株式）,卸売業,1626,1672,1618,1672,73,4.565353,30300,OK
2025-04-18,3154,メディアスホールディングス,プライム（内国株式）,卸売業,934,956,934,956,29,3.128371,13800,OK
2025-04-18,3156,レスター,プライム（内国株式）,卸売業,2118,2154,2118,2154,53,2.522608,19000,OK
2025-04-18,3157,ジオリーブグループ,スタンダード（内国株式）,卸売業,1018,1022,1010,1016,-8,-0.78125,2200,OK
2025-04-18,3159,丸善ＣＨＩホールディングス,スタンダード（内国株式）,小売業,318,320,318,319,2,0.630915,18800,OK
2025-04-18,3160,大光,スタンダード（内国株式）,卸売業,565,569,564,567,3,0.531915,31500,OK
2025-04-18,3161,アゼアス,スタンダード（内国株式）,卸売業,666,673,663,672,7,1.052632,16700,OK
2025-04-18,3166,ＯＣＨＩホールディングス,スタンダード（内国株式）,卸売業,1330,1338,1326,1335,10,0.754717,5600,OK
2025-04-18,3167,ＴＯＫＡＩホールディングス,プライム（内国株式）,卸売業,984,992,983,989,11,1.124744,167200,OK
2025-04-18,3168,ＭＥＲＦ,スタンダード（内国株式）,卸売業,512,512,505,508,-10,-1.930502,7500,OK
2025-04-18,3169,ミサワ,スタンダード（内国株式）,小売業,639,640,618,634,-6,-0.9375,12000,OK
2025-04-18,3172,ティーライフ,スタンダード（内国株式）,小売業,1115,1129,1115,1119,6,0.539084,2700,OK
2025-04-18,3173,Ｃｏｍｉｎｉｘ,スタンダード（内国株式）,卸売業,804,815,804,806,2,0.248756,4500,OK
2025-04-18,3174,ハピネス・アンド・ディ,スタンダード（内国株式）,小売業,730,730,720,720,-3,-0.414938,2200,OK
2025-04-18,3175,エー・ピーホールディングス,スタンダード（内国株式）,小売業,888,898,887,897,11,1.241535,8800,OK
2025-04-18,3176,三洋貿易,プライム（内国株式）,卸売業,1324,1349,1324,1345,26,1.97119,39100,OK
2025-04-18,3177,ありがとうサービス,スタンダード（内国株式）,小売業,3170,3200,3125,3185,10,0.314961,3000,OK
2025-04-18,3178,チムニー,スタンダード（内国株式）,小売業,1223,1235,1218,1235,19,1.5625,10300,OK
2025-04-18,3179,シュッピン,プライム（内国株式）,小売業,1052,1078,1052,1075,25,2.380952,97400,OK
2025-04-18,317A,エス・エム・エス・データテック,TOKYO PRO MARKET（内国株式）,情報･通信業,,,,,,,,NO_QUOTE
2025-04-18,3180,ビューティガレージ,プライム（内国株式）,卸売業,1417,1432,1402,1428,19,1.348474,72400,OK
2025-04-18,3181,買取王国,スタンダード（内国株式）,小売業,758,797,758,796,38,5.013193,7900,OK
2025-04-18,3182,オイシックス・ラ・大地,プライム（内国株式）,小売業,1445,1513,1437,1510,75,5.226481,449100,OK
2025-04-18,3183,ウイン・パートナーズ,プライム（内国株式）,卸売業,1255,1295,1255,1292,47,3.7751,21000,OK
2025-04-18,3184,ＩＣＤＡホールディングス,スタンダード（内国株式）,小売業,3200,3200,3200,3200,0,0,200,OK
2025-04-18,3185,夢展望,グロース（内国株式）,小売業,142,154,140,147,15,11.363636,4306700,OK
2025-04-18,3186,ネクステージ,プライム（内国株式）,小売業,1581,1703,1578,1703,138,8.817891,704500,OK
2025-04-18,3187,ミラタップ,グロース（内国株式）,小売業,332,344,329,342,12,3.636364,17000,OK
2025-04-18,3189,ＡＮＡＰホールディングス,スタンダード（内国株式）,小売業,527,550,526,543,12,2.259887,183100,OK
2025-04-18,3190,ホットマン,スタンダード（内国株式）,小売業,575,579,575,579,5,0.87108,1500,OK
2025-04-18,3191,ジョイフル本田,プライム（内国株式）,小売業,2042,2058,2042,2053,22,1.08321,141000,OK
2025-04-18,3192,白鳩,スタンダード（内国株式）,小売業,247,255,247,251,4,1.619433,6300,OK
2025-04-18,3193,エターナルホスピタリティグループ,プライム（内国株式）,小売業,2722,2839,2716,2837,139,5.151964,135100,OK
2025-04-18,3195,ジェネレーションパス,グロース（内国株式）,小売業,371,380,371,379,5,1.336898,16400,OK
2025-04-18,3196,ホットランドホールディングス,プライム（内国株式）,小売業,2145,2174,2135,2170,55,2.600473,33600,OK
2025-04-18,3197,すかいらーくホールディングス,プライム（内国株式）,小売業,2954,2990.5,2942.5,2969,21.5,0.729432,582500,OK
2025-04-18,3198,ＳＦＰホールディングス,プライム（内国株式）,小売業,2199,2276,2191,2276,76,3.454545,63900,OK
2025-04-18,3199,綿半ホールディングス,プライム（内国株式）,小売業,1598,1625,1585,1625,45,2.848101,13000,OK
2025-04-18,319A,技術承継機構,グロース（内国株式）,金属製品,4960,4995,4880,4930,-50,-1.004016,124100,OK
2025-04-18,3201,日本毛織,プライム（内国株式）,繊維製品,1417,1444,1417,1438,33,2.348754,65300,OK
2025-04-18,3202,ダイトウボウ,スタンダード（内国株式）,繊維製品,101,101,100,101,0,0,54200,OK
2025-04-18,3204,トーア紡コーポレーション,スタンダード（内国株式）,繊維製品,384,390,384,389,5,1.302083,11800,OK
2025-04-18,3205,ダイドーリミテッド,スタンダード（内国株式）,繊維製品,789,800,787,797,15,1.918159,161300,OK
2025-04-18,320A,Ｄ＆Ｉ,TOKYO PRO MARKET（内国株式）,サービス業,,,,,,,,NO_QUOTE
2025-04-18,321A,ヒューマンステージホールディングス,TOKYO PRO MARKET（内国株式）,サービス業,,,,,,,,NO_QUOTE
2025-04-18,3221,ヨシックスホールディングス,プライム（内国株式）,小売業,2748,2803,2748,2802,77,2.825688,23500,OK
2025-04-18,3222,ユナイテッド・スーパーマーケット・ホールディングス,スタンダード（内国株式）,小売業,922,936,922,930,11,1.196953,267000,OK
2025-04-18,3223,エスエルディー,スタンダード（内国株式）,小売業,842,867,842,860,17,2.016607,2200,OK
2025-04-18,3224,ゼネラル・オイスター,グロース（内国株式）,小売業,687,731,687,697,6,0.868307,3400,OK
2025-04-18,322A,ヒメジ理化,TOKYO PRO MARKET（内国株式）,ガラス･土石製品,,,,,,,,NO_QUOTE
2025-04-18,3231,野村不動産ホールディングス,プライム（内国株式）,不動産業,888.7,893.5,884.8,893.5,3.6,0.40454,1814800,OK
2025-04-18,3232,三重交通グループホールディングス,プライム（内国株式）,不動産業,498,502,496,501,5,1.008065,70800,OK
2025-04-18,3236,プロパスト,スタンダード（内国株式）,不動産業,190,198,190,196,5,2.617801,277600,OK
2025-04-18,3237,イントランス,グロース（内国株式）,不動産業,88,88,85,87,0,0,318100,OK
2025-04-18,3238,セントラル総合開発,スタンダード（内国株式）,不動産業,445,447,441,446,1,0.224719,18800,OK
2025-04-18,323A,フライヤー,グロース（内国株式）,情報･通信業,751,905,737,905,150,19.86755,622200,OK
2025-04-18,3241,ウィル,スタンダード（内国株式）,不動産業,442,445,434,434,-9,-2.031603,5400,OK
2025-04-18,3242,アーバネットコーポレーション,スタンダード（内国株式）,不動産業,459,463,458,462,4,0.873362,124800,OK
2025-04-18,3245,ディア・ライフ,プライム（内国株式）,不動産業,1073,1108,1073,1105,37,3.464419,131500,OK
2025-04-18,3246,コーセーアールイー,スタンダード（内国株式）,不動産業,635,639,635,638,1,0.156986,4200,OK
2025-04-18,3248,アールエイジ,スタンダード（内国株式）,不動産業,781,786,780,786,5,0.640205,2400,OK
2025-04-18,324A,ブッキングリゾート,グロース（内国株式）,サービス業,1310,1355,1266,1317,37,2.890625,110100,OK
2025-04-18,3252,地主,プライム（内国株式）,不動産業,2010,2035,2010,2023,19,0.948104,43000,OK
2025-04-18,325A,ＴＥＮＴＩＡＬ,グロース（内国株式）,繊維製品,2478,2700,2445,2682,232,9.469388,428300,OK
2025-04-18,3261,グランディーズ,グロース（内国株式）,不動産業,1082,1100,1082,1087,5,0.462107,5200,OK
2025-04-18,3264,アスコット,スタンダード（内国株式）,不動産業,259,259,259,259,-1,-0.384615,6300,OK
2025-04-18,3266,ファンドクリエーショングループ,スタンダード（内国株式）,不動産業,76,77,76,76,-1,-1.298701,26000,OK
2025-04-18,3267,フィル・カンパニー,スタンダード（内国株式）,建設業,731,770,731,770,54,7.541899,51600,OK
2025-04-18,326A,ａｅｒｏ　ｌａｂ　ｉｎｔｅｒｎａｔｉｏｎａｌ,TOKYO PRO MARKET（内国株式）,卸売業,,,,,,,,NO_QUOTE
2025-04-18,3271,ＴＨＥグローバル社,スタンダード（内国株式）,不動産業,1016,1045,1007,1040,46,4.627767,224600,OK
2025-04-18,3276,ＪＰＭＣ,プライム（内国株式）,不動産業,1175,1197,1175,1188,17,1.451751,24900,OK
2025-04-18,3277,サンセイランディック,スタンダード（内国株式）,不動産業,1030,1045,1030,1034,6,0.583658,14300,OK
2025-04-18,3280,エストラスト,スタンダード（内国株式）,不動産業,898,949,898,934,40,4.474273,14500,OK
2025-04-18,3284,フージャースホールディングス,プライム（内国株式）,不動産業,1148,1168,1144,1168,27,2.366345,102700,OK
2025-04-18,3286,トラストホールディングス,グロース（内国株式）,不動産業,1013,1013,1001,1010,12,1.202405,6500,OK
2025-04-18,3288,オープンハウスグループ,プライム（内国株式）,不動産業,6093,6176,6078,6176,83,1.362219,267200,OK
2025-04-18,3289,東急不動産ホールディングス,プライム（内国株式）,不動産業,1000,1003.5,994.8,1001,2.8,0.280505,1436000,OK
2025-04-18,3291,飯田グループホールディングス,プライム（内国株式）,不動産業,2249.5,2265.5,2237,2260,37.5,1.687289,246100,OK
2025-04-18,3293,アズマハウス,スタンダード（内国株式）,不動産業,730,730,722,723,2,0.277393,1200,OK
2025-04-18,3294,イーグランド,スタンダード（内国株式）,不動産業,1380,1389,1371,1381,10,0.729395,2800,OK
2025-04-18,3297,東武住販,スタンダード（内国株式）,不動産業,1233,1235,1230,1231,1,0.081301,2800,OK
2025-04-18,3299,ムゲンエステート,スタンダード（内国株式）,不動産業,2112,2150,2112,2150,47,2.234903,36400,OK
2025-04-18,329A,ジールアソシエイツ,TOKYO PRO MARKET（内国株式）,サービス業,,,,,,,,NO_QUOTE
2025-04-18,3300,アンビション　ＤＸ　ホールディングス,グロース（内国株式）,不動産業,2050,2110,2050,2098,59,2.893575,30900,OK
2025-04-18,3302,帝国繊維,プライム（内国株式）,繊維製品,2420,2523,2417,2523,115,4.775748,24000,OK
2025-04-18,3306,日本製麻,スタンダード（内国株式）,卸売業,531,536,530,535,3,0.56391,2700,OK
2025-04-18,330A,ＴａｌｅｎｔＸ,グロース（内国株式）,情報･通信業,1221,1269,1165,1229,-9,-0.726979,822200,OK
2025-04-18,3315,日本コークス工業,プライム（内国株式）,石油･石炭製品,81,85,81,84,3,3.703704,1647900,OK
2025-04-18,3317,フライングガーデン,スタンダード（内国株式）,小売業,2551,2583,2495,2512,-39,-1.528812,600,OK
2025-04-18,3319,ゴルフダイジェスト・オンライン,プライム（内国株式）,小売業,330,334,329,333,0,0,17200,OK
2025-04-18,331A,メディックス,スタンダード（内国株式）,サービス業,534,558,532,538,5,0.938086,25000,OK
2025-04-18,3320,クロスプラス,スタンダード（内国株式）,卸売業,1010,1020,1010,1011,8,0.797607,8000,OK
2025-04-18,3321,ミタチ産業,スタンダード（内国株式）,卸売業,1096,1123,1095,1123,32,2.933089,32600,OK
2025-04-18,3323,レカム,スタンダード（内国株式）,卸売業,65,67,65,66,0,0,308600,OK
2025-04-18,3326,ランシステム,スタンダード（内国株式）,サービス業,527,537,527,533,7,1.330798,1700,OK
2025-04-18,3328,ＢＥＥＮＯＳ,プライム（内国株式）,小売業,3995,4000,3990,4000,5,0.125156,20200,OK
2025-04-18,3329,東和フードサービス,スタンダード（内国株式）,小売業,2097,2103,2097,2099,3,0.14313,7500,OK
2025-04-18,332A,ミーク,グロース（内国株式）,情報･通信業,674,701,668,699,26,3.863299,101400,OK
2025-04-18,3333,あさひ,プライム（内国株式）,小売業,1353,1392,1352,1391,39,2.884615,44100,OK
2025-04-18,333A,テクノスマイル,TOKYO PRO MARKET（内国株式）,サービス業,,,,,,,,NO_QUOTE
2025-04-18,3341,日本調剤,プライム（内国株式）,小売業,2483,2629,2464,2603,89,3.540175,849000,OK
2025-04-18,3347,トラスト,スタンダード（内国株式）,小売業,284,284,282,284,3,1.067616,19200,OK
2025-04-18,3349,コスモス薬品,プライム（内国株式）,小売業,8448,8797,8402,8725,326,3.881414,433100,OK
2025-04-18,334A,ビジュアル・プロセッシング・ジャパン,グロース（内国株式）,情報･通信業,1406,1450,1401,1428,22,1.564723,11000,OK
2025-04-18,3350,メタプラネット,スタンダード（内国株式）,卸売業,369,369,352,353,-13,-3.551913,16026500,OK
2025-04-18,3352,バッファロー,スタンダード（内国株式）,小売業,1259,1296,1228,1286,37,2.96237,7400,OK
2025-04-18,3353,メディカル一光グループ,スタンダード（内国株式）,小売業,2235,2264,2235,2260,25,1.118568,6800,OK
2025-04-18,3355,クリヤマホールディングス,スタンダード（内国株式）,卸売業,1262,1279,1261,1279,20,1.588562,12300,OK
2025-04-18,3358,ワイエスフード,スタンダード（内国株式）,小売業,83,83,81,83,1,1.219512,107500,OK
2025-04-18,3359,ｃｏｔｔａ,グロース（内国株式）,卸売業,374,380,371,376,5,1.347709,20400,OK
2025-04-18,335A,ミライロ,グロース（内国株式）,情報･通信業,505,571,503,556,51,10.09901,745000,OK
2025-04-18,3360,シップヘルスケアホールディングス,プライム（内国株式）,卸売業,2050,2059,2031,2047.5,29,1.43671,145400,OK
2025-04-18,3361,トーエル,スタンダード（内国株式）,小売業,801,819,801,812,11,1.373283,17700,OK
2025-04-18,336A,ダイナミックマッププラットフォーム,グロース（内国株式）,情報･通信業,1130,1199,1103,1193,55,4.83304,511900,OK
2025-04-18,3370,フジタコーポレーション,スタンダード（内国株式）,小売業,291,311,288,294,9,3.157895,540300,OK
2025-04-18,3371,ソフトクリエイトホールディングス,プライム（内国株式）,情報･通信業,1936,1979,1934,1979,70,3.666841,9300,OK
2025-04-18,3372,関門海,スタンダード（内国株式）,小売業,232,235,221,223,-4,-1.762115,178200,OK
2025-04-18,3374,内外テック,スタンダード（内国株式）,卸売業,1993,2024,1993,2009,10,0.50025,2000,OK
2025-04-18,3375,ＺＯＡ,スタンダード（内国株式）,小売業,1401,1419,1401,1419,30,2.159827,1100,OK
2025-04-18,3377,バイク王＆カンパニー,スタンダード（内国株式）,卸売業,377,388,377,388,8,2.105263,5200,OK
2025-04-18,3382,セブン＆アイ・ホールディングス,プライム（内国株式）,小売業,1980,2061.5,1977.5,2043,76,3.863752,7827500,OK
2025-04-18,3386,コスモ・バイオ,スタンダード（内国株式）,卸売業,1127,1146,1126,1144,15,1.328609,3700,OK
2025-04-18,3387,クリエイト・レストランツ・ホールディングス,プライム（内国株式）,小売業,1450,1474,1445,1470,25,1.730104,516100,OK
2025-04-18,3388,明治電機工業,プライム（内国株式）,卸売業,1473,1520,1468,1520,66,4.539202,25400,OK
2025-04-18,338A,ＺｅｎｍｕＴｅｃｈ,グロース（内国株式）,情報･通信業,8540,9970,8350,9970,1500,17.709563,2053700,OK
2025-04-18,3391,ツルハホールディングス,プライム（内国株式）,小売業,11295,11400,11170,11365,95,0.842946,257500,OK
2025-04-18,3392,デリカフーズホールディングス,スタンダード（内国株式）,卸売業,502,505,502,505,3,0.59761,8600,OK
2025-04-18,3393,スターティアホールディングス,プライム（内国株式）,卸売業,2037,2080,2032,2080,56,2.766798,17200,OK
2025-04-18,3395,サンマルクホールディングス,プライム（内国株式）,小売業,2455,2495,2449,2495,46,1.878318,112400,OK
2025-04-18,3396,フェリシモ,スタンダード（内国株式）,小売業,771,772,765,765,18,2.409639,21000,OK
2025-04-18,3397,トリドールホールディングス,プライム（内国株式）,小売業,4314,4349,4302,4330,44,1.026598,308300,OK
2025-04-18,3399,丸千代山岡家,スタンダード（内国株式）,小売業,4275,4330,4215,4295,-5,-0.116279,132400,OK
2025-04-18,339A,プログレス・テクノロジーズ　グループ,グロース（内国株式）,サービス業,1479,1497,1450,1450,-44,-2.945114,15800,OK
2025-04-18,3401,帝人,プライム（内国株式）,繊維製品,1150,1168,1148.5,1164.5,15,1.304915,368500,OK
2025-04-18,3402,東レ,プライム（内国株式）,繊維製品,911.1,925,910.1,925,13.9,1.525628,2532600,OK
2025-04-18,3405,クラレ,プライム（内国株式）,化学,1635.5,1649,1624.5,1643.5,26.5,1.638837,726900,OK
2025-04-18,3407,旭化成,プライム（内国株式）,化学,966,966.8,958.9,964.9,6.4,0.66771,2122800,OK
2025-04-18,3409,北日本紡績,スタンダード（内国株式）,繊維製品,176,179,173,173,-4,-2.259887,282400,OK
2025-04-18,340A,ジグザグ,グロース（内国株式）,情報･通信業,1830,1860,1754,1778,-52,-2.84153,65200,OK
2025-04-18,3415,ＴＯＫＹＯ　ＢＡＳＥ,プライム（内国株式）,小売業,248,255,248,255,6,2.409639,138100,OK
2025-04-18,3416,ピクスタ,グロース（内国株式）,小売業,952,1000,930,1000,78,8.45987,109100,OK
2025-04-18,3417,大木ヘルスケアホールディングス,スタンダード（内国株式）,卸売業,765,787,761,786,23,3.014417,23300,OK
2025-04-18,3418,バルニバービ,グロース（内国株式）,小売業,1107,1121,1103,1120,13,1.174345,49000,OK
2025-04-18,341A,トヨコー,グロース（内国株式）,建設業,1250,1310,1193,1280,50,4.065041,1151400,OK
2025-04-18,3420,ケー・エフ・シー,スタンダード（内国株式）,金属製品,1333,1333,1331,1331,-3,-0.224888,200,OK
2025-04-18,3421,稲葉製作所,スタンダード（内国株式）,金属製品,1623,1659,1616,1659,43,2.660891,15400,OK
2025-04-18,3422,Ｊ−ＭＡＸ,スタンダード（内国株式）,金属製品,313,316,309,315,3,0.961538,4300,OK
2025-04-18,3423,エスイー,スタンダード（内国株式）,金属製品,265,269,262,263,-1,-0.378788,22000,OK
2025-04-18,3426,アトムリビンテック,スタンダード（内国株式）,金属製品,,,,,,,,NO_QUOTE
2025-04-18,3431,宮地エンジニアリンググループ,プライム（内国株式）,金属製品,1779,1800,1773,1797,22,1.239437,79100,OK
2025-04-18,3433,トーカロ,プライム（内国株式）,金属製品,1584,1601,1577,1599,24,1.52381,58200,OK
2025-04-18,3434,アルファ,スタンダード（内国株式）,金属製品,1042,1066,1042,1066,24,2.303263,14900,OK
2025-04-18,3435,サンコーテクノ,スタンダード（内国株式）,金属製品,1120,1120,1100,1118,-3,-0.267618,4000,OK
2025-04-18,3436,ＳＵＭＣＯ,プライム（内国株式）,金属製品,901.3,908.7,886.8,892.9,-8.2,-0.909999,3806400,OK
2025-04-18,3437,特殊電極,スタンダード（内国株式）,金属製品,2357,2357,2357,2357,0,0,100,OK
2025-04-18,3439,三ツ知,スタンダード（内国株式）,金属製品,630,630,621,621,0,0,400,OK
2025-04-18,343A,ＩＡＣＥトラベル,スタンダード（内国株式）,サービス業,845,865,841,853,9,1.066351,33300,OK
2025-04-18,3440,日創プロニティ,スタンダード（内国株式）,金属製品,875,875,860,868,-3,-0.344432,6200,OK
2025-04-18,3441,山王,スタンダード（内国株式）,金属製品,895,905,880,892,7,0.79096,12500,OK
2025-04-18,3443,川田テクノロジーズ,プライム（内国株式）,金属製品,2870,2950,2864,2943,98,3.44464,56200,OK
2025-04-18,3444,菊池製作所,スタンダード（内国株式）,金属製品,274,290,272,283,10,3.663004,75100,OK
2025-04-18,3445,ＲＳ　Ｔｅｃｈｎｏｌｏｇｉｅｓ,プライム（内国株式）,金属製品,2410,2426,2380,2418,34,1.426174,97800,OK
2025-04-18,3446,ジェイテックコーポレーション,プライム（内国株式）,金属製品,1025,1092,1025,1072,60,5.928854,27800,OK
2025-04-18,3447,信和,スタンダード（内国株式）,金属製品,713,720,713,719,7,0.983146,19800,OK
2025-04-18,3448,清鋼材,TOKYO PRO MARKET（内国株式）,金属製品,,,,,,,,NO_QUOTE
2025-04-18,3449,テクノフレックス,スタンダード（内国株式）,金属製品,1120,1120,1108,1115,-4,-0.357462,4500,OK
2025-04-18,3450,サトウ産業,TOKYO PRO MARKET（内国株式）,金属製品,,,,,,,,NO_QUOTE
2025-04-18,3452,ビーロット,スタンダード（内国株式）,不動産業,1298,1328,1288,1328,32,2.469136,119100,OK
2025-04-18,3454,ファーストブラザーズ,スタンダード（内国株式）,不動産業,998,1000,991,992,-5,-0.501505,3200,OK
2025-04-18,3457,Ａｎｄ　Ｄｏホールディングス,プライム（内国株式）,不動産業,1280,1330,1280,1330,55,4.313725,106800,OK
2025-04-18,3458,シーアールイー,プライム（内国株式）,不動産業,1696,1699,1694,1694,0,0,38300,OK
2025-04-18,3461,パルマ,スタンダード（内国株式）,不動産業,515,520,514,520,8,1.5625,4000,OK
2025-04-18,3465,ケイアイスター不動産,プライム（内国株式）,不動産業,4755,4875,4725,4850,95,1.997897,79100,OK
2025-04-18,3467,アグレ都市デザイン,スタンダード（内国株式）,不動産業,1651,1669,1651,1666,15,0.90854,4700,OK
2025-04-18,3469,デュアルタップ,スタンダード（内国株式）,不動産業,1184,1184,1178,1180,2,0.169779,2700,OK
2025-04-18,3474,Ｇ−ＦＡＣＴＯＲＹ,グロース（内国株式）,不動産業,570,575,568,570,0,0,1300,OK
2025-04-18,3475,グッドコムアセット,プライム（内国株式）,不動産業,1260,1292,1250,1250,-9,-0.714853,406900,OK
2025-04-18,3477,フォーライフ,グロース（内国株式）,不動産業,605,619,603,616,11,1.818182,3500,OK
2025-04-18,3479,ティーケーピー,グロース（内国株式）,不動産業,1630,1725,1623,1717,67,4.060606,394200,OK
2025-04-18,347A,ＧＲＯＷＴＨ　ＰＯＷＥＲ,TOKYO PRO MARKET（内国株式）,卸売業,,,,,,,,NO_QUOTE
2025-04-18,3480,ジェイ・エス・ビー,プライム（内国株式）,不動産業,3270,3360,3270,3345,25,0.753012,20200,OK
2025-04-18,3482,ロードスターキャピタル,プライム（内国株式）,不動産業,2429,2529,2422,2529,109,4.504132,114200,OK
2025-04-18,3483,翔栄,TOKYO PRO MARKET（内国株式）,不動産業,,,,,,,,NO_QUOTE
2025-04-18,3484,イノベーションホールディングス,プライム（内国株式）,不動産業,926,944,924,944,16,1.724138,5200,OK
2025-04-18,3486,グローバル・リンク・マネジメント,プライム（内国株式）,不動産業,1810,1883,1798,1861,51,2.81768,85300,OK
2025-04-18,3489,フェイスネットワーク,スタンダード（内国株式）,不動産業,1894,1995,1893,1952,58,3.062302,97100,OK
2025-04-18,3490,アズ企画設計,スタンダード（内国株式）,不動産業,2432,2437,2430,2434,2,0.082237,600,OK
2025-04-18,3491,ＧＡ　ｔｅｃｈｎｏｌｏｇｉｅｓ,グロース（内国株式）,不動産業,1362,1423,1351,1405,63,4.694486,466900,OK
2025-04-18,3494,マリオン,スタンダード（内国株式）,不動産業,330,330,325,326,0,0,4600,OK
2025-04-18,3495,香陵住販,スタンダード（内国株式）,不動産業,1699,1699,1699,1699,0,0,300,OK
2025-04-18,3496,アズーム,グロース（内国株式）,不動産業,7750,7920,7700,7920,210,2.723735,25600,OK
2025-04-18,3497,ＬｅＴｅｃｈ,グロース（内国株式）,不動産業,1493,1493,1492,1492,-1,-0.066979,5700,OK
2025-04-18,3498,霞ヶ関キャピタル,プライム（内国株式）,不動産業,12590,12750,12470,12520,-30,-0.239044,280600,OK
2025-04-18,3501,ＳＵＭＩＮＯＥ,プライム（内国株式）,繊維製品,1181,1208,1181,1208,27,2.286198,26000,OK
2025-04-18,3512,日本フエルト,スタンダード（内国株式）,繊維製品,451,457,451,457,6,1.330377,11300,OK
2025-04-18,3513,イチカワ,スタンダード（内国株式）,繊維製品,1698,1715,1692,1701,-2,-0.11744,3600,OK
2025-04-18,351A,アクシスＩＴパートナーズ,TOKYO PRO MARKET（内国株式）,情報･通信業,8800,8800,8800,8800,,,100,OK
2025-04-18,3521,エコナックホールディングス,スタンダード（内国株式）,サービス業,142,146,141,146,4,2.816901,106300,OK
2025-04-18,3524,日東製網,スタンダード（内国株式）,繊維製品,1474,1491,1474,1490,12,0.811908,16800,OK
2025-04-18,3526,芦森工業,スタンダード（内国株式）,輸送用機器,2623,2672,2623,2672,40,1.519757,4500,OK
2025-04-18,3529,アツギ,スタンダード（内国株式）,繊維製品,972,998,972,998,28,2.886598,38200,OK
2025-04-18,3536,アクサスホールディングス,スタンダード（内国株式）,小売業,120,122,120,121,1,0.833333,38600,OK
2025-04-18,3537,昭栄薬品,スタンダード（内国株式）,卸売業,1551,1557,1534,1557,8,0.516462,1200,OK
2025-04-18,3538,ウイルプラスホールディングス,スタンダード（内国株式）,小売業,969,973,962,973,1,0.102881,13000,OK
2025-04-18,3539,ＪＭホールディングス,プライム（内国株式）,小売業,2462,2519,2462,2514,77,3.159622,55900,OK
2025-04-18,3540,歯愛メディカル,スタンダード（内国株式）,卸売業,795,828,795,820,22,2.756892,71200,OK
2025-04-18,3541,農業総合研究所,グロース（内国株式）,卸売業,333,364,332,359,26,7.807808,767100,OK
2025-04-18,3542,ベガコーポレーション,グロース（内国株式）,小売業,1040,1059,1035,1050,1,0.095329,53000,OK
2025-04-18,3543,コメダホールディングス,プライム（内国株式）,卸売業,2897,2907,2878,2888,-7,-0.241796,203000,OK
2025-04-18,3544,サツドラホールディングス,スタンダード（内国株式）,小売業,867,874,865,871,5,0.577367,11900,OK
2025-04-18,3546,アレンザホールディングス,プライム（内国株式）,小売業,1007,1028,1007,1028,31,3.109328,19900,OK
2025-04-18,3547,串カツ田中ホールディングス,スタンダード（内国株式）,小売業,1416,1426,1412,1413,-2,-0.141343,21000,OK
2025-04-18,3548,バロックジャパンリミテッド,プライム（内国株式）,小売業,726,745,726,745,23,3.185596,190000,OK
2025-04-18,3549,クスリのアオキホールディングス,プライム（内国株式）,小売業,3200,3262,3188,3249,57,1.785714,283600,OK
2025-04-18,3550,スタジオアタオ,グロース（内国株式）,小売業,189,227,189,193,3,1.578947,1059900,OK
2025-04-18,3551,ダイニック,スタンダード（内国株式）,繊維製品,723,730,723,729,9,1.25,12600,OK
2025-04-18,3553,共和レザー,スタンダード（内国株式）,化学,644,663,644,661,17,2.639752,33300,OK
2025-04-18,3556,リネットジャパングループ,グロース（内国株式）,小売業,271,273,268,272,2,0.740741,18500,OK
2025-04-18,3557,ユナイテッド＆コレクティブ,グロース（内国株式）,小売業,912,915,907,911,1,0.10989,6100,OK
2025-04-18,3558,ジェイドグループ,グロース（内国株式）,小売業,1170,1191,1165,1189,23,1.972556,111100,OK
2025-04-18,3559,ピーバンドットコム,スタンダード（内国株式）,卸売業,448,461,447,453,2,0.443459,20100,OK
2025-04-18,355A,ナウビレッジ,TOKYO PRO MARKET（内国株式）,サービス業,350,350,350,350,,,100,OK
2025-04-18,3560,ほぼ日,スタンダード（内国株式）,小売業,3085,3085,3065,3070,-15,-0.486224,1100,OK
2025-04-18,3561,力の源ホールディングス,プライム（内国株式）,小売業,1299,1311,1293,1303,17,1.321928,74100,OK
2025-04-18,3562,Ｎｏ．１,スタンダード（内国株式）,卸売業,1841,1860,1825,1858,26,1.419214,21500,OK
2025-04-18,3563,ＦＯＯＤ　＆　ＬＩＦＥ　ＣＯＭＰＡＮＩＥＳ,プライム（内国株式）,小売業,4898,4961,4841,4932,77,1.585994,597000,OK
2025-04-18,3565,アセンテック,スタンダード（内国株式）,卸売業,1156,1204,1145,1197,43,3.72617,179300,OK
2025-04-18,3566,ユニフォームネクスト,グロース（内国株式）,小売業,515,515,505,505,-4,-0.785855,4100,OK
2025-04-18,3569,セーレン,プライム（内国株式）,繊維製品,2192,2208,2186,2207,25,1.145738,63300,OK
2025-04-18,3571,ソトー,スタンダード（内国株式）,繊維製品,654,665,650,665,14,2.150538,5200,OK
2025-04-18,3577,東海染工,スタンダード（内国株式）,繊維製品,898,915,898,915,21,2.348993,1100,OK
2025-04-18,3580,小松マテーレ,プライム（内国株式）,繊維製品,759,777,758,775,20,2.649007,28100,OK
2025-04-18,3583,オーベクス,スタンダード（内国株式）,繊維製品,1397,1545,1356,1372,-42,-2.970297,62600,OK
2025-04-18,3591,ワコールホールディングス,プライム（内国株式）,繊維製品,4986,5011,4962,5000,71,1.440454,44600,OK
2025-04-18,3593,ホギメディカル,プライム（内国株式）,繊維製品,4115,4125,4085,4105,55,1.358025,40900,OK
2025-04-18,3597,自重堂,スタンダード（内国株式）,繊維製品,9570,9630,9570,9610,70,0.733753,1200,OK
2025-04-18,3598,山喜,スタンダード（内国株式）,繊維製品,154,163,154,162,10,6.578947,69700,OK
2025-04-18,3600,フジックス,スタンダード（内国株式）,繊維製品,1531,1533,1531,1533,2,0.130634,700,OK
2025-04-18,3604,川本産業,スタンダード（内国株式）,繊維製品,1197,1199,1197,1197,0,0,8200,OK
2025-04-18,3607,クラウディアホールディングス,スタンダード（内国株式）,繊維製品,310,321,298,298,-13,-4.180064,100300,OK
2025-04-18,3608,ＴＳＩホールディングス,プライム（内国株式）,繊維製品,1011,1058,1011,1053,45,4.464286,334800,OK
2025-04-18,3611,マツオカコーポレーション,スタンダード（内国株式）,繊維製品,1675,1724,1675,1708,52,3.140097,54900,OK
2025-04-18,3612,ワールド,プライム（内国株式）,繊維製品,2586,2627,2580,2627,58,2.257688,42700,OK
2025-04-18,3622,ネットイヤーグループ,グロース（内国株式）,情報･通信業,437,456,437,456,21,4.827586,5400,OK
2025-04-18,3623,ビリングシステム,グロース（内国株式）,情報･通信業,1123,1157,1101,1138,30,2.707581,21100,OK
2025-04-18,3624,アクセルマーク,グロース（内国株式）,情報･通信業,91,93,90,93,2,2.197802,683200,OK
2025-04-18,3625,テックファームホールディングス,グロース（内国株式）,情報･通信業,636,659,632,650,21,3.338633,44800,OK
2025-04-18,3626,ＴＩＳ,プライム（内国株式）,情報･通信業,4073,4122,4025,4106,53,1.307673,254800,OK
2025-04-18,3627,テクミラホールディングス,スタンダード（内国株式）,情報･通信業,282,295,280,290,9,3.202847,110800,OK
2025-04-18,3628,データホライゾン,グロース（内国株式）,情報･通信業,416,428,414,422,7,1.686747,15600,OK
2025-04-18,3632,グリーホールディングス,プライム（内国株式）,情報･通信業,523,532,521,531,16,3.106796,199100,OK
2025-04-18,3633,ＧＭＯペパボ,スタンダード（内国株式）,情報･通信業,1415,1445,1414,1445,32,2.264685,3500,OK
2025-04-18,3634,ソケッツ,スタンダード（内国株式）,情報･通信業,521,521,521,521,5,0.968992,300,OK
2025-04-18,3635,コーエーテクモホールディングス,プライム（内国株式）,情報･通信業,2339,2385,2330,2385,61,2.624785,696600,OK
2025-04-18,3636,三菱総合研究所,プライム（内国株式）,情報･通信業,4795,4885,4780,4885,100,2.089864,15400,OK
2025-04-18,3639,ボルテージ,スタンダード（内国株式）,情報･通信業,227,232,227,227,0,0,6400,OK
2025-04-18,3640,電算,スタンダード（内国株式）,情報･通信業,1542,1542,1523,1527,6,0.394477,800,OK
2025-04-18,3641,パピレス,スタンダード（内国株式）,情報･通信業,866,871,864,871,5,0.577367,4900,OK
2025-04-18,3645,メディカルネット,グロース（内国株式）,情報･通信業,303,304,302,303,0,0,5800,OK
2025-04-18,3646,駅探,グロース（内国株式）,情報･通信業,328,346,326,329,1,0.304878,106700,OK
2025-04-18,3647,ジー・スリーホールディングス,スタンダード（内国株式）,情報･通信業,116,116,113,113,0,0,77500,OK
2025-04-18,3648,ＡＧＳ,スタンダード（内国株式）,情報･通信業,803,814,803,811,3,0.371287,9300,OK
2025-04-18,3649,ファインデックス,プライム（内国株式）,情報･通信業,697,705,694,702,10,1.445087,108200,OK
2025-04-18,3652,ディジタルメディアプロフェッショナル,グロース（内国株式）,情報･通信業,1855,1873,1798,1831,1,0.054645,62900,OK
2025-04-18,3653,モルフォ,グロース（内国株式）,情報･通信業,1045,1095,1045,1094,52,4.990403,52500,OK
2025-04-18,3655,ブレインパッド,プライム（内国株式）,情報･通信業,1018,1048,1011,1046,25,2.44858,153900,OK
2025-04-18,3656,ＫＬａｂ,プライム（内国株式）,情報･通信業,121,124,121,122,1,0.826446,597200,OK
2025-04-18,3657,ポールトゥウィンホールディングス,プライム（内国株式）,情報･通信業,345,358,344,358,13,3.768116,84900,OK
2025-04-18,3659,ネクソン,プライム（内国株式）,情報･通信業,2148,2174,2141,2169.5,15,0.696217,1322700,OK
2025-04-18,3660,アイスタイル,プライム（内国株式）,情報･通信業,441,447,438,445,5,1.136364,487400,OK
2025-04-18,3661,エムアップホールディングス,プライム（内国株式）,情報･通信業,1880,1897,1864,1896,17,0.904737,200100,OK
2025-04-18,3662,エイチームホールディングス,プライム（内国株式）,情報･通信業,1008,1032,1003,1020,15,1.492537,176000,OK
2025-04-18,3663,セルシス,プライム（内国株式）,情報･通信業,1309,1332,1304,1329,24,1.83908,129400,OK
2025-04-18,3664,モブキャストホールディングス,グロース（内国株式）,情報･通信業,32,34,32,33,0,0,695300,OK
2025-04-18,3665,エニグモ,プライム（内国株式）,情報･通信業,281,288,281,285,8,2.888087,107000,OK
2025-04-18,3666,テクノスジャパン,スタンダード（内国株式）,情報･通信業,1152,1157,1152,1154,3,0.260643,15200,OK
2025-04-18,3667,ｅｎｉｓｈ,スタンダード（内国株式）,情報･通信業,90,92,90,91,0,0,174100,OK
2025-04-18,3668,コロプラ,プライム（内国株式）,情報･通信業,449,460,449,460,15,3.370787,144600,OK
2025-04-18,3670,協立情報通信,スタンダード（内国株式）,情報･通信業,1558,1596,1558,1596,-2,-0.125156,600,OK
2025-04-18,3671,ソフトマックス,グロース（内国株式）,情報･通信業,825,838,825,835,17,2.07824,5200,OK
2025-04-18,3672,オルトプラス,スタンダード（内国株式）,情報･通信業,50,52,50,50,1,2.040816,228500,OK
2025-04-18,3673,ブロードリーフ,プライム（内国株式）,情報･通信業,661,674,653,665,11,1.681957,140800,OK
2025-04-18,3674,オークファン,グロース（内国株式）,情報･通信業,364,368,360,368,2,0.546448,20200,OK
2025-04-18,3675,クロス・マーケティンググループ,プライム（内国株式）,情報･通信業,649,664,649,664,18,2.786378,22400,OK
2025-04-18,3676,デジタルハーツホールディングス,プライム（内国株式）,情報･通信業,932,977,932,968,36,3.862661,39000,OK
2025-04-18,3678,メディアドゥ,プライム（内国株式）,情報･通信業,1749,1771,1720,1743,-4,-0.228964,83500,OK
2025-04-18,3679,じげん,プライム（内国株式）,情報･通信業,432,441,430,440,12,2.803738,207700,OK
2025-04-18,3680,ホットリンク,グロース（内国株式）,情報･通信業,234,241,232,241,9,3.87931,61700,OK
2025-04-18,3681,ブイキューブ,プライム（内国株式）,情報･通信業,167,171,164,171,6,3.636364,117800,OK
2025-04-18,3682,エンカレッジ・テクノロジ,スタンダード（内国株式）,情報･通信業,611,612,593,595,-16,-2.618658,1800,OK
2025-04-18,3683,サイバーリンクス,スタンダード（内国株式）,情報･通信業,1029,1061,1029,1061,29,2.810078,30500,OK
2025-04-18,3686,ディー・エル・イー,スタンダード（内国株式）,情報･通信業,102,108,102,108,3,2.857143,338400,OK
2025-04-18,3687,フィックスターズ,プライム（内国株式）,情報･通信業,1648,1668,1640,1668,33,2.018349,138000,OK
2025-04-18,3688,ＣＡＲＴＡ　ＨＯＬＤＩＮＧＳ,プライム（内国株式）,情報･通信業,1475,1510,1475,1510,39,2.651258,22000,OK
2025-04-18,3690,イルグルム,グロース（内国株式）,情報･通信業,532,540,532,540,8,1.503759,5900,OK
2025-04-18,3691,デジタルプラス,グロース（内国株式）,情報･通信業,785,810,780,791,6,0.764331,51300,OK
2025-04-18,3692,ＦＦＲＩセキュリティ,グロース（内国株式）,情報･通信業,3450,3460,3360,3400,-15,-0.439239,271100,OK
2025-04-18,3694,オプティム,プライム（内国株式）,情報･通信業,608,633,604,633,26,4.283361,98000,OK
2025-04-18,3695,ＧＭＯリサーチ＆ＡＩ,グロース（内国株式）,情報･通信業,2723,2880,2700,2880,110,3.971119,6400,OK
2025-04-18,3696,セレス,プライム（内国株式）,情報･通信業,2120,2151,2101,2112,-9,-0.424328,132600,OK
2025-04-18,3697,ＳＨＩＦＴ,プライム（内国株式）,情報･通信業,1208.5,1224,1190,1222.5,13,1.074824,1903700,OK
2025-04-18,3698,ＣＲＩ・ミドルウェア,グロース（内国株式）,情報･通信業,935,963,934,934,0,0,24600,OK
2025-04-18,3708,特種東海製紙,プライム（内国株式）,パルプ・紙,3600,3670,3595,3665,80,2.23152,25600,OK
2025-04-18,3710,ジョルダン,スタンダード（内国株式）,情報･通信業,595,618,585,585,-4,-0.679117,25400,OK
2025-04-18,3712,情報企画,スタンダード（内国株式）,情報･通信業,4630,4630,4605,4630,25,0.542888,600,OK
2025-04-18,3719,ＡＩストーム,スタンダード（内国株式）,情報･通信業,223,228,222,223,2,0.904977,132600,OK
2025-04-18,3723,日本ファルコム,グロース（内国株式）,情報･通信業,1189,1190,1175,1181,-9,-0.756303,900,OK
2025-04-18,3726,フォーシーズＨＤ,スタンダード（内国株式）,小売業,610,627,603,618,18,3,17800,OK
2025-04-18,3727,アプリックス,グロース（内国株式）,情報･通信業,162,163,160,160,-4,-2.439024,81300,OK
2025-04-18,3733,ソフトウェア・サービス,スタンダード（内国株式）,情報･通信業,11660,11800,11550,11740,310,2.712161,2100,OK
2025-04-18,3741,セック,プライム（内国株式）,情報･通信業,4345,4435,4315,4375,60,1.390498,18700,OK
2025-04-18,3744,サイオス,スタンダード（内国株式）,情報･通信業,325,334,325,330,8,2.484472,10100,OK
2025-04-18,3747,インタートレード,スタンダード（内国株式）,情報･通信業,441,445,423,436,26,6.341463,1249900,OK
2025-04-18,3750,サイトリ細胞研究所,スタンダード（内国株式）,情報･通信業,680,689,680,688,9,1.325479,8500,OK
2025-04-18,3753,フライトソリューションズ,スタンダード（内国株式）,情報･通信業,209,218,208,218,9,4.30622,90300,OK
2025-04-18,3758,アエリア,スタンダード（内国株式）,情報･通信業,251,254,246,254,3,1.195219,102100,OK
2025-04-18,3760,ケイブ,スタンダード（内国株式）,情報･通信業,891,940,891,916,24,2.690583,61900,OK
2025-04-18,3762,テクマトリックス,プライム（内国株式）,情報･通信業,1969,2057,1969,2051,117,6.049638,287700,OK
2025-04-18,3763,プロシップ,プライム（内国株式）,情報･通信業,2004,2099,2004,2085,101,5.090726,62500,OK
2025-04-18,3765,ガンホー・オンライン・エンターテイメント,プライム（内国株式）,情報･通信業,2900,2986.5,2881,2974,115,4.022385,375100,OK
2025-04-18,3766,システムズ・デザイン,スタンダード（内国株式）,情報･通信業,934,971,934,971,37,3.961456,500,OK
2025-04-18,3768,リスクモンスター,スタンダード（内国株式）,情報･通信業,498,499,484,499,-1,-0.2,20500,OK
2025-04-18,3769,ＧＭＯペイメントゲートウェイ,プライム（内国株式）,情報･通信業,8930,8939,8719,8918,62,0.70009,305500,OK
2025-04-18,3770,ザッパラス,スタンダード（内国株式）,情報･通信業,342,353,342,353,11,3.216374,2400,OK
2025-04-18,3771,システムリサーチ,プライム（内国株式）,情報･通信業,1667,1709,1665,1709,55,3.325272,31300,OK
2025-04-18,3772,ウェルス・マネジメント,スタンダード（内国株式）,不動産業,963,981,960,981,21,2.1875,37400,OK
2025-04-18,3773,アドバンスト・メディア,グロース（内国株式）,情報･通信業,821,836,815,836,20,2.45098,46400,OK
2025-04-18,3774,インターネットイニシアティブ,プライム（内国株式）,情報･通信業,2475,2533,2470,2492.5,42.5,1.734694,775500,OK
2025-04-18,3776,ブロードバンドタワー,スタンダード（内国株式）,情報･通信業,133,138,133,136,2,1.492537,235400,OK
2025-04-18,3777,環境フレンドリーホールディングス,グロース（内国株式）,情報･通信業,35,36,34,35,1,2.941176,544000,OK
2025-04-18,3778,さくらインターネット,プライム（内国株式）,情報･通信業,3450,3475,3430,3475,20,0.578871,421800,OK
2025-04-18,3779,ジェイ・エスコムホールディングス,スタンダード（内国株式）,情報･通信業,163,165,154,154,-8,-4.938272,440400,OK
2025-04-18,3787,テクノマセマティカル,スタンダード（内国株式）,情報･通信業,530,536,529,533,-1,-0.187266,1300,OK
2025-04-18,3788,ＧＭＯグローバルサイン・ホールディングス,プライム（内国株式）,情報･通信業,2060,2163,2060,2162,113,5.514885,15800,OK
2025-04-18,3791,ＩＧポート,スタンダード（内国株式）,情報･通信業,2147,2183,2115,2145,30,1.41844,203400,OK
2025-04-18,3793,ドリコム,グロース（内国株式）,情報･通信業,513,529,510,526,23,4.572565,302400,OK
2025-04-18,3796,いい生活,スタンダード（内国株式）,情報･通信業,472,478,468,475,2,0.422833,1500,OK
2025-04-18,3798,ＵＬＳグループ,スタンダード（内国株式）,情報･通信業,4735,4845,4730,4840,105,2.217529,3200,OK
2025-04-18,3799,キーウェアソリューションズ,スタンダード（内国株式）,情報･通信業,703,710,703,710,7,0.995733,1400,OK
2025-04-18,3800,ユニリタ,スタンダード（内国株式）,情報･通信業,1890,1890,1882,1890,-4,-0.211193,500,OK
2025-04-18,3802,エコミック,スタンダード（内国株式）,情報･通信業,471,473,468,468,0,0,4300,OK
2025-04-18,3803,イメージ情報開発,グロース（内国株式）,情報･通信業,434,440,433,439,2,0.457666,14600,OK
2025-04-18,3804,システム　ディ,スタンダード（内国株式）,情報･通信業,1635,1690,1623,1633,-2,-0.122324,5200,OK
2025-04-18,3807,フィスコ,グロース（内国株式）,情報･通信業,130,133,130,133,2,1.526718,171900,OK
2025-04-18,3810,サイバーステップ,スタンダード（内国株式）,情報･通信業,282,282,277,277,1,0.362319,80200,OK
2025-04-18,3814,アルファクス・フード・システム,グロース（内国株式）,情報･通信業,338,338,328,328,-4,-1.204819,7900,OK
2025-04-18,3815,メディア工房,グロース（内国株式）,情報･通信業,512,516,510,516,6,1.176471,5500,OK
2025-04-18,3816,大和コンピューター,スタンダード（内国株式）,情報･通信業,1060,1085,1060,1085,25,2.358491,1400,OK
2025-04-18,3817,ＳＲＡホールディングス,プライム（内国株式）,情報･通信業,4265,4350,4265,4345,85,1.995305,7100,OK
2025-04-18,3823,ＴＨＥ　ＷＨＹ　ＨＯＷ　ＤＯ　ＣＯＭＰＡＮＹ,スタンダード（内国株式）,情報･通信業,122,127,117,119,-3,-2.459016,14745000,OK
2025-04-18,3825,リミックスポイント,スタンダード（内国株式）,小売業,348,354,343,346,-5,-1.424501,1004500,OK
2025-04-18,3826,システムインテグレータ,スタンダード（内国株式）,情報･通信業,360,364,360,360,-3,-0.826446,17400,OK
2025-04-18,3834,朝日ネット,プライム（内国株式）,情報･通信業,684,702,684,701,19,2.785924,44800,OK
2025-04-18,3835,ｅＢＡＳＥ,プライム（内国株式）,情報･通信業,508,523,508,523,20,3.976143,43800,OK
2025-04-18,3836,アバントグループ,プライム（内国株式）,情報･通信業,1770,1822,1768,1809,56,3.194524,47900,OK
2025-04-18,3837,アドソル日進,プライム（内国株式）,情報･通信業,986,1015,981,1014,35,3.575077,26500,OK
2025-04-18,3839,ＯＤＫソリューションズ,スタンダード（内国株式）,情報･通信業,554,556,552,553,-1,-0.180505,2500,OK
2025-04-18,3840,パス,スタンダード（内国株式）,情報･通信業,97,104,91,97,-1,-1.020408,1326600,OK
2025-04-18,3841,ジーダット,スタンダード（内国株式）,情報･通信業,1246,1293,1213,1246,0,0,2100,OK
2025-04-18,3842,ネクストジェン,スタンダード（内国株式）,情報･通信業,940,950,936,945,7,0.746269,8600,OK
2025-04-18,3843,フリービット,プライム（内国株式）,情報･通信業,1458,1520,1443,1508,50,3.429355,70400,OK
2025-04-18,3844,コムチュア,プライム（内国株式）,情報･通信業,1560,1621,1559,1611,61,3.935484,402400,OK
2025-04-18,3845,アイフリークモバイル,スタンダード（内国株式）,情報･通信業,86,86,85,86,0,0,61200,OK
2025-04-18,3847,パシフィックシステム,スタンダード（内国株式）,情報･通信業,,,,,,,,NO_QUOTE
2025-04-18,3848,データ・アプリケーション,スタンダード（内国株式）,情報･通信業,798,804,790,804,6,0.75188,2300,OK
2025-04-18,3850,エヌ・ティ・ティ・データ・イントラマート,スタンダード（内国株式）,情報･通信業,2467,2544,2467,2540,74,3.000811,1200,OK
2025-04-18,3851,日本一ソフトウェア,スタンダード（内国株式）,情報･通信業,755,780,755,780,27,3.585657,2300,OK
2025-04-18,3853,アステリア,プライム（内国株式）,情報･通信業,481,497,481,497,17,3.541667,61100,OK
2025-04-18,3854,アイル,プライム（内国株式）,情報･通信業,2214,2249,2202,2234,43,1.962574,32800,OK
2025-04-18,3856,Ａｂａｌａｎｃｅ,スタンダード（内国株式）,電気機器,520,531,518,521,3,0.579151,75400,OK
2025-04-18,3858,ユビキタスＡＩ,スタンダード（内国株式）,情報･通信業,358,368,353,367,13,3.672316,62500,OK
2025-04-18,3861,王子ホールディングス,プライム（内国株式）,パルプ・紙,615,619,612.4,618.3,5.5,0.89752,1891500,OK
2025-04-18,3863,日本製紙,プライム（内国株式）,パルプ・紙,1079,1087,1075,1079,24,2.274882,636400,OK
2025-04-18,3864,三菱製紙,プライム（内国株式）,パルプ・紙,676,705,675,699,26,3.863299,340400,OK
2025-04-18,3865,北越コーポレーション,プライム（内国株式）,パルプ・紙,1145,1172,1143,1148,-6,-0.519931,225300,OK
2025-04-18,3877,中越パルプ工業,プライム（内国株式）,パルプ・紙,1432,1445,1426,1440,13,0.911002,34000,OK
2025-04-18,3878,巴川コーポレーション,スタンダード（内国株式）,化学,640,653,640,642,5,0.784929,13300,OK
2025-04-18,3880,大王製紙,プライム（内国株式）,パルプ・紙,825,834,825,834,18,2.205882,136500,OK
2025-04-18,3891,ニッポン高度紙工業,スタンダード（内国株式）,パルプ・紙,1546,1578,1546,1574,24,1.548387,14500,OK
2025-04-18,3892,岡山製紙,スタンダード（内国株式）,パルプ・紙,1327,1360,1327,1360,33,2.486812,1500,OK
2025-04-18,3895,ハビックス,スタンダード（内国株式）,パルプ・紙,476,476,473,474,-3,-0.628931,3100,OK
2025-04-18,3896,阿波製紙,スタンダード（内国株式）,パルプ・紙,391,393,390,393,4,1.028278,5700,OK
2025-04-18,3900,クラウドワークス,グロース（内国株式）,情報･通信業,1076,1098,1068,1080,12,1.123596,69100,OK
2025-04-18,3901,マークラインズ,プライム（内国株式）,情報･通信業,2207,2287,2180,2286,86,3.909091,23400,OK
2025-04-18,3902,メディカル・データ・ビジョン,プライム（内国株式）,情報･通信業,408,425,405,425,21,5.19802,111500,OK
2025-04-18,3903,ｇｕｍｉ,プライム（内国株式）,情報･通信業,451,467,450,466,12,2.643172,386900,OK
2025-04-18,3904,カヤック,グロース（内国株式）,情報･通信業,411,420,410,414,6,1.470588,18500,OK
2025-04-18,3905,データセクション,グロース（内国株式）,情報･通信業,838,850,829,846,19,2.297461,170100,OK
2025-04-18,3907,シリコンスタジオ,グロース（内国株式）,情報･通信業,664,684,663,665,1,0.150602,6000,OK
2025-04-18,3908,コラボス,グロース（内国株式）,情報･通信業,292,315,285,289,2,0.696864,501500,OK
2025-04-18,3909,ショーケース,スタンダード（内国株式）,情報･通信業,308,324,306,311,4,1.302932,20000,OK
2025-04-18,3910,エムケイシステム,スタンダード（内国株式）,情報･通信業,314,337,300,305,5,1.666667,487200,OK
2025-04-18,3911,Ａｉｍｉｎｇ,グロース（内国株式）,情報･通信業,253,261,251,260,8,3.174603,479200,OK
2025-04-18,3912,モバイルファクトリー,スタンダード（内国株式）,情報･通信業,917,936,917,928,11,1.199564,8700,OK
2025-04-18,3913,ＧｒｅｅｎＢｅｅ,グロース（内国株式）,情報･通信業,574,587,570,587,4,0.686106,4100,OK
2025-04-18,3914,ＪＩＧ−ＳＡＷ,グロース（内国株式）,情報･通信業,2860,2911,2860,2883,27,0.945378,8400,OK
2025-04-18,3915,テラスカイ,プライム（内国株式）,情報･通信業,2300,2510,2297,2510,215,9.368192,468000,OK
2025-04-18,3916,デジタル・インフォメーション・テクノロジー,プライム（内国株式）,情報･通信業,2380,2490,2380,2490,115,4.842105,22400,OK
2025-04-18,3917,アイリッジ,グロース（内国株式）,情報･通信業,518,522,506,522,5,0.967118,9300,OK
2025-04-18,3918,ＰＣＩホールディングス,スタンダード（内国株式）,情報･通信業,846,846,835,835,-2,-0.238949,2900,OK
2025-04-18,3920,アイビーシー,スタンダード（内国株式）,情報･通信業,690,707,690,707,10,1.43472,3200,OK
2025-04-18,3921,ネオジャパン,プライム（内国株式）,情報･通信業,1461,1482,1456,1481,26,1.786942,10400,OK
2025-04-18,3922,ＰＲ　ＴＩＭＥＳ,プライム（内国株式）,情報･通信業,2025,2077,2025,2074,45,2.217841,33300,OK
2025-04-18,3923,ラクス,プライム（内国株式）,情報･通信業,2136,2189,2105.5,2189,71,3.352219,761700,OK
2025-04-18,3924,ランドコンピュータ,プライム（内国株式）,情報･通信業,645,658,645,658,13,2.015504,8500,OK
2025-04-18,3925,ダブルスタンダード,プライム（内国株式）,情報･通信業,1380,1398,1376,1393,25,1.827485,19700,OK
2025-04-18,3926,オープンドア,プライム（内国株式）,情報･通信業,547,603,547,602,57,10.458716,179800,OK
2025-04-18,3927,フーバーブレイン,グロース（内国株式）,情報･通信業,614,659,614,655,43,7.026144,89000,OK
2025-04-18,3928,マイネット,スタンダード（内国株式）,情報･通信業,217,224,216,224,7,3.225806,32500,OK
2025-04-18,3929,ソーシャルワイヤー,グロース（内国株式）,情報･通信業,225,228,221,228,3,1.333333,54600,OK
2025-04-18,3930,はてな,グロース（内国株式）,情報･通信業,1284,1328,1270,1325,39,3.032659,15400,OK
2025-04-18,3931,バリューゴルフ,グロース（内国株式）,情報･通信業,1533,1574,1533,1565,-2,-0.127632,12800,OK
2025-04-18,3932,アカツキ,プライム（内国株式）,情報･通信業,3265,3485,3265,3465,220,6.779661,88700,OK
2025-04-18,3933,チエル,スタンダード（内国株式）,情報･通信業,673,673,665,665,-7,-1.041667,1900,OK
2025-04-18,3934,ベネフィットジャパン,スタンダード（内国株式）,情報･通信業,1090,1110,1080,1087,-3,-0.275229,600,OK
2025-04-18,3935,エディア,スタンダード（内国株式）,情報･通信業,554,569,548,559,3,0.539568,135700,OK
2025-04-18,3936,グローバルウェイ,グロース（内国株式）,情報･通信業,106,107,105,106,-2,-1.851852,108000,OK
2025-04-18,3937,Ｕｂｉｃｏｍホールディングス,プライム（内国株式）,情報･通信業,1148,1182,1136,1180,37,3.237095,65400,OK
2025-04-18,3939,カナミックネットワーク,プライム（内国株式）,情報･通信業,389,397,388,395,7,1.804124,90700,OK
2025-04-18,3940,ノムラシステムコーポレーション,スタンダード（内国株式）,情報･通信業,111,112,110,112,1,0.900901,79000,OK
2025-04-18,3941,レンゴー,プライム（内国株式）,パルプ・紙,751,757.8,747.6,756.2,11.5,1.544246,871400,OK
2025-04-18,3943,大石産業,スタンダード（内国株式）,パルプ・紙,1390,1405,1390,1392,-16,-1.136364,2400,OK
2025-04-18,3944,古林紙工,スタンダード（内国株式）,パルプ・紙,,,,,,,,NO_QUOTE
2025-04-18,3945,スーパーバッグ,スタンダード（内国株式）,パルプ・紙,2179,2182,2179,2182,3,0.137678,200,OK
2025-04-18,3946,トーモク,プライム（内国株式）,パルプ・紙,2328,2393,2328,2393,65,2.792096,16000,OK
2025-04-18,3947,ダイナパック,スタンダード（内国株式）,パルプ・紙,1793,1833,1792,1833,40,2.230898,600,OK
2025-04-18,3948,光ビジネスフォーム,スタンダード（内国株式）,パルプ・紙,940,1008,925,1008,66,7.006369,52600,OK
2025-04-18,3950,ザ・パック,プライム（内国株式）,パルプ・紙,3205,3235,3190,3225,50,1.574803,23500,OK
2025-04-18,3951,朝日印刷,スタンダード（内国株式）,パルプ・紙,870,872,865,870,6,0.694444,1900,OK
2025-04-18,3953,大村紙業,スタンダード（内国株式）,パルプ・紙,792,792,764,767,5,0.656168,12300,OK
2025-04-18,3954,昭和パックス,スタンダード（内国株式）,パルプ・紙,1743,1762,1721,1736,-12,-0.686499,6800,OK
2025-04-18,3955,イムラ,スタンダード（内国株式）,パルプ・紙,912,912,909,910,-2,-0.219298,900,OK
2025-04-18,3958,笹徳印刷,スタンダード（内国株式）,パルプ・紙,527,539,527,539,11,2.083333,3500,OK
2025-04-18,3961,シルバーエッグ・テクノロジー,グロース（内国株式）,情報･通信業,609,611,601,601,2,0.33389,3900,OK
2025-04-18,3962,チェンジホールディングス,プライム（内国株式）,情報･通信業,1273,1289,1249,1283,15,1.182965,263600,OK
2025-04-18,3963,シンクロ・フード,プライム（内国株式）,情報･通信業,553,560,540,548,-15,-2.664298,387800,OK
2025-04-18,3964,オークネット,プライム（内国株式）,情報･通信業,1197,1213,1180,1213,34,2.8838,22300,OK
2025-04-18,3965,キャピタル・アセット・プランニング,スタンダード（内国株式）,情報･通信業,767,771,762,769,1,0.130208,6300,OK
2025-04-18,3967,エルテス,グロース（内国株式）,情報･通信業,613,624,604,623,20,3.31675,13900,OK
2025-04-18,3968,セグエグループ,プライム（内国株式）,情報･通信業,468,478,466,475,8,1.713062,69400,OK
2025-04-18,3969,エイトレッド,スタンダード（内国株式）,情報･通信業,1381,1396,1378,1396,15,1.086169,3300,OK
2025-04-18,3970,イノベーション,グロース（内国株式）,情報･通信業,1123,1158,1098,1118,21,1.914312,4200,OK
2025-04-18,3974,ＳＣＡＴ,スタンダード（内国株式）,情報･通信業,403,406,402,403,-2,-0.493827,4400,OK
2025-04-18,3976,シャノン,グロース（内国株式）,情報･通信業,359,378,355,378,24,6.779661,2800,OK
2025-04-18,3978,マクロミル,プライム（内国株式）,情報･通信業,1327,1348,1296,1304,-8,-0.609756,58200,OK
2025-04-18,3979,うるる,グロース（内国株式）,情報･通信業,1687,1699,1680,1693,6,0.355661,900,OK
2025-04-18,3981,ビーグリー,スタンダード（内国株式）,情報･通信業,1395,1395,1331,1373,-24,-1.717967,10400,OK
2025-04-18,3983,オロ,プライム（内国株式）,情報･通信業,2384,2406,2355,2380,26,1.104503,13000,OK
2025-04-18,3984,ユーザーローカル,プライム（内国株式）,情報･通信業,1565,1590,1564,1583,41,2.658885,19000,OK
2025-04-18,3985,テモナ,スタンダード（内国株式）,情報･通信業,190,190,185,186,-2,-1.06383,168400,OK
2025-04-18,3986,ビーブレイクシステムズ,グロース（内国株式）,情報･通信業,1420,1489,1420,1435,15,1.056338,4000,OK
2025-04-18,3987,エコモット,グロース（内国株式）,情報･通信業,458,481,428,430,28,6.965174,1906100,OK
2025-04-18,3988,ＳＹＳホールディングス,スタンダード（内国株式）,情報･通信業,497,517,495,497,-2,-0.400802,3900,OK
2025-04-18,3989,シェアリングテクノロジー,グロース（内国株式）,情報･通信業,1050,1094,1048,1085,39,3.728489,395500,OK
2025-04-18,3991,ウォンテッドリー,グロース（内国株式）,情報･通信業,1234,1245,1213,1245,33,2.722772,3200,OK
2025-04-18,3992,ニーズウェル,プライム（内国株式）,情報･通信業,444,472,440,466,22,4.954955,1102100,OK
2025-04-18,3993,ＰＫＳＨＡ　Ｔｅｃｈｎｏｌｏｇｙ,プライム（内国株式）,情報･通信業,2750,2830,2740,2816,26,0.9319,352300,OK
2025-04-18,3994,マネーフォワード,プライム（内国株式）,情報･通信業,4069,4146,3987,4137,-2,-0.048321,809900,OK
2025-04-18,3996,サインポスト,スタンダード（内国株式）,情報･通信業,337,354,336,345,4,1.173021,80300,OK
2025-04-18,3997,トレードワークス,スタンダード（内国株式）,情報･通信業,1333,1376,1316,1346,26,1.969697,36900,OK
2025-04-18,3998,すららネット,グロース（内国株式）,情報･通信業,340,346,340,342,1,0.293255,6600,OK
2025-04-18,4004,レゾナック・ホールディングス,プライム（内国株式）,化学,2536,2543,2510,2536,-7,-0.275265,921900,OK
2025-04-18,4005,住友化学,プライム（内国株式）,化学,327.3,334.9,322.5,331.1,7,2.159827,22611700,OK
2025-04-18,4008,住友精化,プライム（内国株式）,化学,4645,4720,4625,4720,95,2.054054,18900,OK
2025-04-18,4011,ヘッドウォータース,グロース（内国株式）,情報･通信業,3700,3830,3625,3810,140,3.814714,18300,OK
2025-04-18,4012,アクシス,スタンダード（内国株式）,情報･通信業,1407,1433,1407,1420,29,2.084831,6800,OK
2025-04-18,4013,勤次郎,グロース（内国株式）,情報･通信業,635,667,632,661,30,4.754358,123100,OK
2025-04-18,4014,カラダノート,グロース（内国株式）,情報･通信業,408,440,406,439,18,4.275534,23900,OK
2025-04-18,4015,ペイクラウドホールディングス,グロース（内国株式）,情報･通信業,630,665,625,665,40,6.4,247500,OK
2025-04-18,4016,ＭＩＴホールディングス,スタンダード（内国株式）,情報･通信業,806,896,790,813,0,0,250700,OK
2025-04-18,4017,クリーマ,グロース（内国株式）,情報･通信業,260,270,251,256,0,0,321500,OK
2025-04-18,4019,スタメン,グロース（内国株式）,情報･通信業,1011,1035,1002,1006,-13,-1.275761,25200,OK
2025-04-18,4020,ビートレンド,グロース（内国株式）,情報･通信業,561,578,561,568,7,1.247772,400,OK
2025-04-18,4021,日産化学,プライム（内国株式）,化学,4083,4152,4061,4137,70,1.72117,346500,OK
2025-04-18,4022,ラサ工業,プライム（内国株式）,化学,2608,2665,2590,2665,83,3.214562,17700,OK
2025-04-18,4023,クレハ,プライム（内国株式）,化学,2479,2486,2461,2469,-14,-0.563834,149100,OK
2025-04-18,4025,多木化学,プライム（内国株式）,化学,3040,3130,3040,3130,125,4.159734,9400,OK
2025-04-18,4026,神島化学工業,スタンダード（内国株式）,ガラス･土石製品,1275,1302,1269,1300,29,2.281668,38300,OK
2025-04-18,4027,テイカ,プライム（内国株式）,化学,1241,1271,1241,1258,13,1.044177,24400,OK
2025-04-18,4028,石原産業,プライム（内国株式）,化学,1655,1683,1655,1672,35,2.138057,159900,OK
2025-04-18,4031,片倉コープアグリ,スタンダード（内国株式）,化学,867,888,857,882,41,4.875149,98000,OK
2025-04-18,4040,南海化学,スタンダード（内国株式）,化学,2290,2350,2262,2281,19,0.839965,4400,OK
2025-04-18,4041,日本曹達,プライム（内国株式）,化学,2627,2635,2617,2625,12,0.459242,82900,OK
2025-04-18,4042,東ソー,プライム（内国株式）,化学,1950,1962.5,1944,1962.5,19.5,1.003603,612800,OK
2025-04-18,4043,トクヤマ,プライム（内国株式）,化学,2545,2590.5,2540.5,2576.5,37.5,1.476959,243200,OK
2025-04-18,4044,セントラル硝子,プライム（内国株式）,化学,2850,2888,2840,2880,30,1.052632,75600,OK
2025-04-18,4045,東亞合成,プライム（内国株式）,化学,1338,1341.5,1326.5,1340,20,1.515152,120600,OK
2025-04-18,4046,大阪ソーダ,プライム（内国株式）,化学,1600,1624,1562,1565,35,2.287582,1174700,OK
2025-04-18,4047,関東電化工業,プライム（内国株式）,化学,826,826,817,822,5,0.611995,57000,OK
2025-04-18,4051,ＧＭＯフィナンシャルゲート,グロース（内国株式）,情報･通信業,4920,4960,4850,4935,15,0.304878,20900,OK
2025-04-18,4052,フィーチャ,グロース（内国株式）,情報･通信業,346,359,341,346,0,0,7700,OK
2025-04-18,4053,Ｓｕｎ　Ａｓｔｅｒｉｓｋ,プライム（内国株式）,情報･通信業,529,560,526,560,40,7.692308,219000,OK
2025-04-18,4054,日本情報クリエイト,グロース（内国株式）,情報･通信業,905,935,902,925,35,3.932584,11900,OK
2025-04-18,4055,ティアンドエスグループ,グロース（内国株式）,情報･通信業,1076,1130,1072,1123,47,4.36803,14400,OK
2025-04-18,4056,ニューラルグループ,グロース（内国株式）,情報･通信業,687,692,686,688,8,1.176471,3000,OK
2025-04-18,4057,インターファクトリー,グロース（内国株式）,情報･通信業,533,548,533,541,4,0.744879,4400,OK
2025-04-18,4058,トヨクモ,グロース（内国株式）,情報･通信業,2328,2479,2271,2419,111,4.809359,58100,OK
2025-04-18,4059,まぐまぐ,スタンダード（内国株式）,情報･通信業,499,505,491,505,7,1.405622,4100,OK
2025-04-18,4060,ｒａｋｕｍｏ,グロース（内国株式）,情報･通信業,795,828,795,811,16,2.012579,15600,OK
2025-04-18,4061,デンカ,プライム（内国株式）,化学,1913,1921.5,1910,1916.5,7.5,0.392876,185100,OK
2025-04-18,4062,イビデン,プライム（内国株式）,電気機器,3631,3635,3495,3551,-76,-2.095396,1368400,OK
2025-04-18,4063,信越化学工業,プライム（内国株式）,化学,3856,3876,3798,3800,-61,-1.579902,4617300,OK
2025-04-18,4064,日本カーバイド工業,プライム（内国株式）,化学,1640,1678,1633,1669,41,2.518428,38500,OK
2025-04-18,4068,ベイシス,グロース（内国株式）,情報･通信業,1908,1951,1897,1897,-11,-0.57652,5100,OK
2025-04-18,4069,ＢｌｕｅＭｅｍｅ,グロース（内国株式）,情報･通信業,1175,1203,1175,1200,-5,-0.414938,1300,OK
2025-04-18,4071,プラスアルファ・コンサルティング,プライム（内国株式）,情報･通信業,1524,1555,1511,1552,30,1.971091,277700,OK
2025-04-18,4072,電算システムホールディングス,プライム（内国株式）,情報･通信業,2486,2552,2486,2552,97,3.95112,6400,OK
2025-04-18,4073,ジィ・シィ企画,グロース（内国株式）,情報･通信業,542,543,531,531,1,0.188679,3700,OK
2025-04-18,4074,ラキール,グロース（内国株式）,情報･通信業,853,885,853,885,35,4.117647,10700,OK
2025-04-18,4075,ブレインズテクノロジー,グロース（内国株式）,情報･通信業,610,633,610,633,26,4.283361,900,OK
2025-04-18,4076,シイエヌエス,グロース（内国株式）,情報･通信業,1530,1548,1491,1509,-5,-0.330251,36700,OK
2025-04-18,4078,堺化学工業,プライム（内国株式）,化学,2428,2444,2410,2421,1,0.041322,229000,OK
2025-04-18,4080,田中化学研究所,スタンダード（内国株式）,化学,377,388,375,383,13,3.513514,153400,OK
2025-04-18,4082,第一稀元素化学工業,プライム（内国株式）,化学,633,659,633,657,26,4.120444,21000,OK
2025-04-18,4088,エア・ウォーター,プライム（内国株式）,化学,1851,1863.5,1844.5,1862,23.5,1.278216,193800,OK
2025-04-18,4091,日本酸素ホールディングス,プライム（内国株式）,化学,4600,4620,4561,4603,32,0.700066,352400,OK
2025-04-18,4092,日本化学工業,プライム（内国株式）,化学,2000,2050,2000,2048,54,2.708124,32900,OK
2025-04-18,4093,東邦アセチレン,プライム（内国株式）,化学,353,359,352,359,7,1.988636,64400,OK
2025-04-18,4094,日本化学産業,スタンダード（内国株式）,化学,1425,1470,1425,1470,50,3.521127,3500,OK
2025-04-18,4095,日本パーカライジング,プライム（内国株式）,化学,1124,1140,1122,1137,18,1.608579,202600,OK
2025-04-18,4097,高圧ガス工業,プライム（内国株式）,化学,893,916,889,912,34,3.872437,37100,OK
2025-04-18,4098,チタン工業,スタンダード（内国株式）,化学,725,725,722,725,9,1.256983,500,OK
2025-04-18,4099,四国化成ホールディングス,プライム（内国株式）,化学,1734,1745,1717,1745,22,1.276843,65400,OK
2025-04-18,4100,戸田工業,スタンダード（内国株式）,化学,1000,1030,980,1018,21,2.106319,16900,OK
2025-04-18,4102,丸尾カルシウム,スタンダード（内国株式）,化学,1384,1413,1342,1342,-12,-0.886263,2500,OK
2025-04-18,4107,伊勢化学工業,スタンダード（内国株式）,化学,18780,19350,18720,19330,610,3.258547,33200,OK
2025-04-18,4109,ステラ　ケミファ,プライム（内国株式）,化学,3565,3640,3565,3625,60,1.683029,16700,OK
2025-04-18,4112,保土谷化学工業,プライム（内国株式）,化学,1446,1460,1435,1457,25,1.74581,40000,OK
2025-04-18,4113,田岡化学工業,スタンダード（内国株式）,化学,956,1000,956,1000,45,4.712042,60700,OK
2025-04-18,4114,日本触媒,プライム（内国株式）,化学,1662,1685.5,1658.5,1685.5,22.5,1.352977,554600,OK
2025-04-18,4116,大日精化工業,プライム（内国株式）,化学,2820,2868,2820,2868,52,1.846591,27400,OK
2025-04-18,4118,カネカ,プライム（内国株式）,化学,3401,3430,3394,3428,34,1.001768,88600,OK
2025-04-18,4119,日本ピグメントホールディングス,スタンダード（内国株式）,化学,2959,2959,2953,2959,9,0.305085,600,OK
2025-04-18,4120,スガイ化学工業,スタンダード（内国株式）,化学,,,,,,,,NO_QUOTE
2025-04-18,4124,大阪油化工業,スタンダード（内国株式）,化学,1999,2121,1999,2100,101,5.052526,12700,OK
2025-04-18,4125,三和油化工業,スタンダード（内国株式）,化学,1200,1243,1200,1216,16,1.333333,13400,OK
2025-04-18,4151,協和キリン,プライム（内国株式）,医薬品,2193.5,2218.5,2179,2204,10,0.455789,944000,OK
2025-04-18,4165,プレイド,グロース（内国株式）,情報･通信業,1112,1152,1095,1138,36,3.266788,975900,OK
2025-04-18,4166,かっこ,グロース（内国株式）,情報･通信業,565,567,560,567,2,0.353982,4300,OK
2025-04-18,4167,ココペリ,グロース（内国株式）,情報･通信業,339,344,335,335,-5,-1.470588,11300,OK
2025-04-18,4168,ヤプリ,グロース（内国株式）,情報･通信業,689,708,686,700,11,1.596517,35900,OK
2025-04-18,4169,ＥＮＥＣＨＡＮＧＥ,グロース（内国株式）,情報･通信業,302,306,298,300,-2,-0.662252,123600,OK
2025-04-18,4170,Ｋａｉｚｅｎ　Ｐｌａｔｆｏｒｍ,グロース（内国株式）,情報･通信業,154,160,151,156,5,3.311258,100800,OK
2025-04-18,4171,グローバルインフォメーション,スタンダード（内国株式）,情報･通信業,1288,1295,1280,1282,-6,-0.465839,1500,OK
2025-04-18,4172,東和ハイシステム,スタンダード（内国株式）,情報･通信業,2060,2112,2060,2104,44,2.135922,600,OK
2025-04-18,4173,ＷＡＣＵＬ,グロース（内国株式）,情報･通信業,500,500,499,499,0,0,202600,OK
2025-04-18,4174,アピリッツ,スタンダード（内国株式）,情報･通信業,784,795,784,793,8,1.019108,3200,OK
2025-04-18,4175,ｃｏｌｙ,グロース（内国株式）,情報･通信業,1481,1510,1481,1498,33,2.25256,6000,OK
2025-04-18,4176,ココナラ,グロース（内国株式）,情報･通信業,241,247,241,246,2,0.819672,99700,OK
2025-04-18,4177,ｉ‐ｐｌｕｇ,グロース（内国株式）,情報･通信業,1210,1224,1180,1224,-1,-0.081633,4100,OK
2025-04-18,4178,Ｓｈａｒｉｎｇ　Ｉｎｎｏｖａｔｉｏｎｓ,グロース（内国株式）,情報･通信業,750,787,723,787,99,14.389535,42700,OK
2025-04-18,4179,ジーネクスト,グロース（内国株式）,情報･通信業,300,310,290,290,-6,-2.027027,156600,OK
2025-04-18,4180,Ａｐｐｉｅｒ　Ｇｒｏｕｐ,プライム（内国株式）,情報･通信業,1230,1254,1223,1244,19,1.55102,335800,OK
2025-04-18,4182,三菱瓦斯化学,プライム（内国株式）,化学,2155,2155,2138,2151,6.5,0.303101,626500,OK
2025-04-18,4183,三井化学,プライム（内国株式）,化学,3039,3046,3007,3033,1,0.032982,663900,OK
2025-04-18,4186,東京応化工業,プライム（内国株式）,化学,2884.5,2900.5,2856,2873,-29.5,-1.016365,335500,OK
2025-04-18,4187,大阪有機化学工業,プライム（内国株式）,化学,2268,2268,2225,2236,-1,-0.044703,36800,OK
2025-04-18,4188,三菱ケミカルグループ,プライム（内国株式）,化学,664.1,666.1,661,663,1.1,0.166188,3995200,OK
2025-04-18,4189,ＫＨネオケム,プライム（内国株式）,化学,2384,2407,2384,2405,32,1.348504,90500,OK
2025-04-18,4192,スパイダープラス,グロース（内国株式）,情報･通信業,470,484,464,480,18,3.896104,114300,OK
2025-04-18,4193,ファブリカホールディングス,スタンダード（内国株式）,情報･通信業,2184,2208,2171,2175,10,0.461894,10600,OK
2025-04-18,4194,ビジョナル,プライム（内国株式）,情報･通信業,8071,8220,8017,8130,-20,-0.245399,186200,OK
2025-04-18,4196,ネオマーケティング,スタンダード（内国株式）,情報･通信業,1038,1104,955,997,-42,-4.042348,248900,OK
2025-04-18,4197,アスマーク,スタンダード（内国株式）,情報･通信業,2419,2429,2415,2416,6,0.248963,2100,OK
2025-04-18,4198,テンダ,スタンダード（内国株式）,情報･通信業,779,794,767,773,2,0.259403,25700,OK
2025-04-18,4199,ワンダープラネット,グロース（内国株式）,情報･通信業,905,1042,880,906,-2,-0.220264,181100,OK
2025-04-18,4202,ダイセル,プライム（内国株式）,化学,1182.5,1188,1176.5,1183,5.5,0.467091,528800,OK
2025-04-18,4203,住友ベークライト,プライム（内国株式）,化学,3190,3204,3163,3178,29,0.920927,168700,OK
2025-04-18,4204,積水化学工業,プライム（内国株式）,化学,2433,2459.5,2425,2457,24.5,1.007194,632500,OK
2025-04-18,4205,日本ゼオン,プライム（内国株式）,化学,1354.5,1366,1350,1362,9.5,0.702403,363700,OK
2025-04-18,4206,アイカ工業,プライム（内国株式）,化学,3287,3301,3271,3292,15,0.457736,112200,OK
2025-04-18,4208,ＵＢＥ,プライム（内国株式）,化学,2006.5,2024.5,2001,2016,30,1.510574,361800,OK
2025-04-18,4212,積水樹脂,プライム（内国株式）,化学,1754,1832,1754,1825,73,4.166667,63900,OK
2025-04-18,4216,旭有機材,プライム（内国株式）,化学,3595,3600,3535,3580,0,0,29500,OK
2025-04-18,4218,ニチバン,プライム（内国株式）,化学,1944,2033,1944,2029,94,4.857881,11000,OK
2025-04-18,4220,リケンテクノス,プライム（内国株式）,化学,970,991,966,991,28,2.90758,50700,OK
2025-04-18,4221,大倉工業,プライム（内国株式）,化学,3785,3850,3775,3850,85,2.257636,27800,OK
2025-04-18,4222,児玉化学工業,スタンダード（内国株式）,化学,366,378,363,375,9,2.459016,59900,OK
2025-04-18,4224,ロンシール工業,スタンダード（内国株式）,化学,1447,1477,1447,1466,1,0.068259,2900,OK
2025-04-18,4228,積水化成品工業,プライム（内国株式）,化学,319,329,319,329,11,3.459119,67300,OK
2025-04-18,4229,群栄化学工業,プライム（内国株式）,化学,2984,3085,2971,3075,114,3.850051,14500,OK
2025-04-18,4231,タイガースポリマー,スタンダード（内国株式）,化学,694,708,694,702,8,1.152738,37200,OK
2025-04-18,4234,サンエー化研,スタンダード（内国株式）,化学,558,567,535,564,6,1.075269,9800,OK
2025-04-18,4235,ウルトラファブリックス・ホールディングス,スタンダード（内国株式）,化学,649,659,649,657,11,1.702786,13700,OK
2025-04-18,4237,フジプレアム,スタンダード（内国株式）,化学,317,324,313,322,4,1.257862,33700,OK
2025-04-18,4238,ミライアル,スタンダード（内国株式）,化学,1167,1209,1167,1201,33,2.825342,17000,OK
2025-04-18,4240,クラスターテクノロジー,グロース（内国株式）,化学,228,236,218,221,1,0.454545,74600,OK
2025-04-18,4241,アテクト,スタンダード（内国株式）,化学,387,430,380,382,-13,-3.291139,203000,OK
2025-04-18,4242,タカギセイコー,スタンダード（内国株式）,化学,1298,1320,1298,1320,23,1.773323,300,OK
2025-04-18,4243,ニックス,スタンダード（内国株式）,化学,710,741,710,715,5,0.704225,5600,OK
2025-04-18,4245,ダイキアクシス,スタンダード（内国株式）,化学,647,651,646,650,7,1.088647,26800,OK
2025-04-18,4246,ダイキョーニシカワ,プライム（内国株式）,化学,550,561,548,561,13,2.372263,121400,OK
2025-04-18,4247,ポバール興業,スタンダード（内国株式）,化学,1113,1140,1113,1115,3,0.269784,500,OK
2025-04-18,4248,竹本容器,スタンダード（内国株式）,化学,809,812,807,811,5,0.620347,11800,OK
2025-04-18,4249,森六,プライム（内国株式）,化学,2047,2119,2046,2119,98,4.849085,17200,OK
2025-04-18,4251,恵和,プライム（内国株式）,化学,893,904,889,892,-4,-0.446429,80900,OK
2025-04-18,4255,ＴＨＥＣＯＯ,グロース（内国株式）,情報･通信業,806,938,806,830,9,1.096224,303500,OK
2025-04-18,4256,サインド,グロース（内国株式）,情報･通信業,956,956,950,950,9,0.956429,200,OK
2025-04-18,4257,エヴィクサー,TOKYO PRO MARKET（内国株式）,情報･通信業,,,,,,,,NO_QUOTE
2025-04-18,4258,網屋,グロース（内国株式）,情報･通信業,3880,4145,3880,4125,250,6.451613,56700,OK
2025-04-18,4259,エクサウィザーズ,グロース（内国株式）,情報･通信業,288,299,287,297,8,2.768166,428200,OK
2025-04-18,4260,ハイブリッドテクノロジーズ,グロース（内国株式）,情報･通信業,460,469,450,469,2,0.428266,29800,OK
2025-04-18,4261,アジアクエスト,グロース（内国株式）,情報･通信業,2338,2360,2337,2360,20,0.854701,2400,OK
2025-04-18,4262,ニフティライフスタイル,グロース（内国株式）,情報･通信業,1170,1196,1166,1196,45,3.909644,4500,OK
2025-04-18,4263,サスメド,グロース（内国株式）,情報･通信業,520,550,518,544,27,5.222437,82300,OK
2025-04-18,4264,セキュア,グロース（内国株式）,情報･通信業,1611,1656,1611,1616,21,1.316614,16400,OK
2025-04-18,4265,Ｉｎｓｔｉｔｕｔｉｏｎ　ｆｏｒ　ａ　Ｇｌｏｂａｌ　Ｓｏｃｉｅｔｙ,グロース（内国株式）,情報･通信業,295,307,284,294,1,0.341297,179200,OK
2025-04-18,4267,ライトワークス,グロース（内国株式）,情報･通信業,2179,2179,2176,2176,0,0,10500,OK
2025-04-18,4270,ＢｅｅＸ,グロース（内国株式）,情報･通信業,2312,2372,2312,2349,37,1.600346,9900,OK
2025-04-18,4272,日本化薬,プライム（内国株式）,化学,1301,1323.5,1301,1321,25,1.929012,301200,OK
2025-04-18,4274,細谷火工,スタンダード（内国株式）,化学,1046,1066,1046,1060,16,1.532567,30600,OK
2025-04-18,4275,カーリット,プライム（内国株式）,化学,1034,1042,1019,1041,28,2.764067,60600,OK
2025-04-18,4284,ソルクシーズ,スタンダード（内国株式）,情報･通信業,347,352,346,350,3,0.864553,31600,OK
2025-04-18,4286,ＣＬホールディングス,スタンダード（内国株式）,サービス業,808,827,806,823,19,2.363184,10600,OK
2025-04-18,4287,ジャストプランニング,スタンダード（内国株式）,情報･通信業,357,380,352,362,8,2.259887,160800,OK
2025-04-18,4288,アズジェント,スタンダード（内国株式）,情報･通信業,438,440,430,440,2,0.456621,2600,OK
2025-04-18,4290,プレステージ・インターナショナル,プライム（内国株式）,サービス業,648,653,645,653,10,1.55521,61700,OK
2025-04-18,4293,セプテーニ・ホールディングス,スタンダード（内国株式）,サービス業,347,368,345,364,19,5.507246,490800,OK
2025-04-18,4298,プロトコーポレーション,プライム（内国株式）,サービス業,2091,2093,2090,2090,-1,-0.047824,74400,OK
2025-04-18,4299,ハイマックス,スタンダード（内国株式）,情報･通信業,1197,1204,1188,1204,12,1.006711,6300,OK
2025-04-18,4301,アミューズ,プライム（内国株式）,サービス業,1610,1632,1607,1630,34,2.130326,15100,OK
2025-04-18,4304,Ｅストアー,スタンダード（内国株式）,情報･通信業,1945,1945,1945,1945,0,0,1000,OK
2025-04-18,4307,野村総合研究所,プライム（内国株式）,情報･通信業,5329,5446,5290,5444,46,0.852167,730600,OK
2025-04-18,4308,Ｊストリーム,グロース（内国株式）,情報･通信業,395,409,395,408,10,2.512563,54200,OK
2025-04-18,4310,ドリームインキュベータ,プライム（内国株式）,サービス業,2649,2748,2644,2720,71,2.680257,79200,OK
2025-04-18,4316,ビーマップ,グロース（内国株式）,情報･通信業,358,359,328,330,-13,-3.790087,193700,OK
2025-04-18,4317,レイ,スタンダード（内国株式）,サービス業,412,415,411,415,3,0.728155,13600,OK
2025-04-18,4318,クイック,プライム（内国株式）,サービス業,1871,1899,1869,1899,37,1.987111,35500,OK
2025-04-18,4319,ＴＡＣ,スタンダード（内国株式）,サービス業,207,211,207,210,2,0.961538,6500,OK
2025-04-18,4320,ＣＥホールディングス,スタンダード（内国株式）,情報･通信業,632,652,628,647,20,3.189793,94100,OK
2025-04-18,4323,日本システム技術,プライム（内国株式）,情報･通信業,1836,1910,1831,1905,94,5.190502,19900,OK
2025-04-18,4324,電通グループ,プライム（内国株式）,サービス業,2950,3028,2930,3004,80.5,2.753549,1017300,OK
2025-04-18,4326,インテージホールディングス,プライム（内国株式）,情報･通信業,1679,1739,1679,1732,68,4.086538,41400,OK
2025-04-18,4331,テイクアンドギヴ・ニーズ,プライム（内国株式）,サービス業,847,861,847,861,21,2.5,20100,OK
2025-04-18,4333,東邦システムサイエンス,プライム（内国株式）,情報･通信業,1172,1211,1167,1211,45,3.859348,6500,OK
2025-04-18,4334,ユークス,スタンダード（内国株式）,情報･通信業,352,363,352,360,8,2.272727,7600,OK
2025-04-18,4335,アイ・ピー・エス,スタンダード（内国株式）,情報･通信業,1155,1174,1151,1172,27,2.358079,5000,OK
2025-04-18,4337,ぴあ,プライム（内国株式）,サービス業,2580,2655,2579,2651,70,2.712127,8900,OK
2025-04-18,4341,西菱電機,スタンダード（内国株式）,サービス業,792,792,792,792,30,3.937008,300,OK
2025-04-18,4343,イオンファンタジー,プライム（内国株式）,サービス業,2355,2369,2341,2368,32,1.369863,76200,OK
2025-04-18,4344,ソースネクスト,プライム（内国株式）,情報･通信業,184,191,184,191,5,2.688172,699000,OK
2025-04-18,4345,シーティーエス,プライム（内国株式）,サービス業,799,809,799,809,15,1.889169,60400,OK
2025-04-18,4346,ＮＥＸＹＺ．Ｇｒｏｕｐ,スタンダード（内国株式）,その他金融業,849,858,817,817,-2,-0.2442,139100,OK
2025-04-18,4347,ブロードメディア,スタンダード（内国株式）,サービス業,1680,1692,1673,1692,8,0.475059,6700,OK
2025-04-18,4350,メディカルシステムネットワーク,スタンダード（内国株式）,小売業,460,474,457,468,13,2.857143,56500,OK
2025-04-18,4351,山田再生系債権回収総合事務所,スタンダード（内国株式）,その他金融業,860,874,860,874,14,1.627907,500,OK
2025-04-18,4356,応用技術,スタンダード（内国株式）,情報･通信業,1450,1483,1446,1480,34,2.351314,500,OK
2025-04-18,4360,マナック・ケミカル・パートナーズ,スタンダード（内国株式）,化学,502,514,502,506,4,0.796813,11700,OK
2025-04-18,4361,川口化学工業,スタンダード（内国株式）,化学,,,,,,,,NO_QUOTE
2025-04-18,4362,日本精化,プライム（内国株式）,化学,2015,2034,2001,2034,45,2.262443,17800,OK
2025-04-18,4365,松本油脂製薬,スタンダード（内国株式）,化学,17050,17300,17050,17300,250,1.466276,600,OK
2025-04-18,4366,ダイトーケミックス,スタンダード（内国株式）,化学,592,598,592,598,23,4,600,OK
2025-04-18,4367,広栄化学,スタンダード（内国株式）,化学,2306,2306,2277,2278,2,0.087873,1100,OK
2025-04-18,4368,扶桑化学工業,プライム（内国株式）,化学,3230,3320,3230,3320,90,2.786378,79800,OK
2025-04-18,4369,トリケミカル研究所,プライム（内国株式）,化学,2374,2382,2342,2369,-11,-0.462185,214900,OK
2025-04-18,4370,モビルス,グロース（内国株式）,情報･通信業,314,368,306,344,29,9.206349,299900,OK
2025-04-18,4371,コアコンセプト・テクノロジー,グロース（内国株式）,情報･通信業,963,1002,955,1002,44,4.592902,92200,OK
2025-04-18,4372,ユミルリンク,グロース（内国株式）,情報･通信業,1440,1440,1407,1407,-3,-0.212766,1500,OK
2025-04-18,4373,シンプレクス・ホールディングス,プライム（内国株式）,情報･通信業,2919,3035,2919,3010,91,3.117506,87500,OK
2025-04-18,4374,ＲＯＢＯＴ　ＰＡＹＭＥＮＴ,グロース（内国株式）,情報･通信業,1970,2021,1970,2021,51,2.588832,5100,OK
2025-04-18,4375,セーフィー,グロース（内国株式）,情報･通信業,763,782,759,774,15,1.976285,170900,OK
2025-04-18,4376,くふうカンパニーホールディングス,グロース（内国株式）,情報･通信業,199,199,187,189,-6,-3.076923,208900,OK
2025-04-18,4377,ワンキャリア,グロース（内国株式）,情報･通信業,1725,1810,1725,1810,85,4.927536,32000,OK
2025-04-18,4378,ＣＩＮＣ,グロース（内国株式）,情報･通信業,548,558,548,558,6,1.086957,2000,OK
2025-04-18,4379,Ｐｈｏｔｏｓｙｎｔｈ,グロース（内国株式）,情報･通信業,307,314,306,310,1,0.323625,22900,OK
2025-04-18,4380,Ｍマート,グロース（内国株式）,情報･通信業,1205,1228,1205,1223,24,2.001668,700,OK
2025-04-18,4381,ビープラッツ,グロース（内国株式）,情報･通信業,431,467,418,460,53,13.022113,43000,OK
2025-04-18,4382,ＨＥＲＯＺ,スタンダード（内国株式）,情報･通信業,904,934,902,932,39,4.367301,48600,OK
2025-04-18,4384,ラクスル,プライム（内国株式）,情報･通信業,1065,1070,1052,1065,0,0,240200,OK
2025-04-18,4385,メルカリ,プライム（内国株式）,情報･通信業,2272.5,2341.5,2248,2320,65,2.882483,3526700,OK
2025-04-18,4386,ＳＩＧグループ,スタンダード（内国株式）,情報･通信業,603,615,603,609,4,0.661157,10100,OK
2025-04-18,4387,ＺＵＵ,グロース（内国株式）,情報･通信業,705,717,705,709,4,0.567376,2900,OK
2025-04-18,4388,エーアイ,グロース（内国株式）,情報･通信業,456,473,449,473,22,4.878049,20100,OK
2025-04-18,4389,プロパティデータバンク,グロース（内国株式）,情報･通信業,1570,1570,1506,1546,14,0.913838,400,OK
2025-04-18,4390,アイ・ピー・エス,プライム（内国株式）,情報･通信業,2097,2140,2080,2140,62,2.983638,30400,OK
2025-04-18,4391,ロジザード,グロース（内国株式）,情報･通信業,1226,1277,1225,1261,26,2.105263,6000,OK
2025-04-18,4392,ＦＩＧ,プライム（内国株式）,情報･通信業,249,254,249,252,6,2.439024,54100,OK
2025-04-18,4393,バンク・オブ・イノベーション,グロース（内国株式）,情報･通信業,8910,9030,8840,9030,180,2.033898,44400,OK
2025-04-18,4394,エクスモーション,グロース（内国株式）,情報･通信業,798,820,798,815,20,2.515723,1200,OK
2025-04-18,4395,アクリート,グロース（内国株式）,情報･通信業,750,766,750,754,7,0.937082,9400,OK
2025-04-18,4396,システムサポートホールディングス,プライム（内国株式）,情報･通信業,1895,1919,1887,1917,36,1.913876,32800,OK
2025-04-18,4397,チームスピリット,グロース（内国株式）,情報･通信業,445,450,436,440,-5,-1.123596,113100,OK
2025-04-18,4398,ブロードバンドセキュリティ,スタンダード（内国株式）,情報･通信業,1267,1293,1267,1292,27,2.134387,1700,OK
2025-04-18,4401,ＡＤＥＫＡ,プライム（内国株式）,化学,2397,2407.5,2387,2403.5,24.5,1.029844,118500,OK
2025-04-18,4403,日油,プライム（内国株式）,化学,2044.5,2056,2026.5,2045,23,1.137488,357100,OK
2025-04-18,4404,ミヨシ油脂,スタンダード（内国株式）,食料品,1649,1684,1647,1684,38,2.308627,39500,OK
2025-04-18,4406,新日本理化,スタンダード（内国株式）,化学,181,188,181,188,8,4.444444,371400,OK
2025-04-18,4409,東邦化学工業,スタンダード（内国株式）,化学,621,628,621,624,0,0,1200,OK
2025-04-18,4410,ハリマ化成グループ,プライム（内国株式）,化学,810,815,782,812,13,1.627034,30400,OK
2025-04-18,4412,サイエンスアーツ,グロース（内国株式）,情報･通信業,848,859,825,853,11,1.306413,59200,OK
2025-04-18,4413,ボードルア,プライム（内国株式）,情報･通信業,5270,5590,5260,5490,220,4.174573,205400,OK
2025-04-18,4414,フレクト,グロース（内国株式）,情報･通信業,1845,1894,1815,1888,63,3.452055,23900,OK
2025-04-18,4415,ブロードエンタープライズ,グロース（内国株式）,情報･通信業,640,644,635,639,0,0,13300,OK
2025-04-18,4416,Ｔｒｕｅ　Ｄａｔａ,グロース（内国株式）,情報･通信業,700,714,691,698,9,1.306241,20800,OK
2025-04-18,4417,グローバルセキュリティエキスパート,グロース（内国株式）,情報･通信業,5090,5270,5090,5250,160,3.143418,26000,OK
2025-04-18,4418,ＪＤＳＣ,グロース（内国株式）,情報･通信業,790,842,790,842,52,6.582278,215500,OK
2025-04-18,4419,Ｆｉｎａｔｅｘｔホールディングス,グロース（内国株式）,情報･通信業,850,886,844,886,42,4.976303,194600,OK
2025-04-18,4420,イーソル,スタンダード（内国株式）,情報･通信業,540,567,540,567,36,6.779661,19600,OK
2025-04-18,4421,ディ・アイ・システム,スタンダード（内国株式）,情報･通信業,880,881,880,881,0,0,300,OK
2025-04-18,4422,ＶＡＬＵＥＮＥＸ,グロース（内国株式）,情報･通信業,501,512,500,503,2,0.399202,3800,OK
2025-04-18,4424,Ａｍａｚｉａ,グロース（内国株式）,情報･通信業,290,294,287,290,-2,-0.684932,3300,OK
2025-04-18,4425,Ｋｕｄａｎ,グロース（内国株式）,情報･通信業,1135,1180,1135,1180,40,3.508772,32800,OK
2025-04-18,4426,パスロジ,TOKYO PRO MARKET（内国株式）,情報･通信業,,,,,,,,NO_QUOTE
2025-04-18,4427,ＥｄｕＬａｂ,グロース（内国株式）,情報･通信業,225,243,225,242,17,7.555556,29600,OK
2025-04-18,4428,シノプス,グロース（内国株式）,情報･通信業,777,799,777,796,16,2.051282,3700,OK
2025-04-18,4429,リックソフト,グロース（内国株式）,情報･通信業,817,826,803,824,5,0.610501,6200,OK
2025-04-18,4430,東海ソフト,スタンダード（内国株式）,情報･通信業,1497,1530,1495,1529,34,2.274247,32400,OK
2025-04-18,4431,スマレジ,グロース（内国株式）,情報･通信業,2825,2910,2813,2906,65,2.287927,62100,OK
2025-04-18,4432,ウイングアーク１ｓｔ,プライム（内国株式）,情報･通信業,3770,3915,3770,3895,120,3.178808,77300,OK
2025-04-18,4433,ヒト・コミュニケーションズ・ホールディングス,プライム（内国株式）,情報･通信業,884,910,884,907,23,2.60181,40800,OK
2025-04-18,4434,サーバーワークス,スタンダード（内国株式）,情報･通信業,2134,2219,2125,2211,78,3.656821,27800,OK
2025-04-18,4435,カオナビ,グロース（内国株式）,情報･通信業,4500,4565,4495,4495,-75,-1.641138,2400,OK
2025-04-18,4436,ミンカブ・ジ・インフォノイド,グロース（内国株式）,情報･通信業,455,478,454,478,26,5.752212,47500,OK
2025-04-18,4437,ｇｏｏｄｄａｙｓホールディングス,グロース（内国株式）,情報･通信業,,,,,,,,NO_QUOTE
2025-04-18,4438,Ｗｅｌｂｙ,グロース（内国株式）,情報･通信業,318,368,312,330,10,3.125,233200,OK
2025-04-18,4439,東名,スタンダード（内国株式）,情報･通信業,1991,2104,1990,2053,63,3.165829,46800,OK
2025-04-18,4440,ヴィッツ,スタンダード（内国株式）,情報･通信業,967,985,957,985,20,2.072539,12600,OK
2025-04-18,4441,トビラシステムズ,スタンダード（内国株式）,情報･通信業,933,951,933,945,9,0.961538,13300,OK
2025-04-18,4442,バルテス・ホールディングス,グロース（内国株式）,情報･通信業,410,417,407,411,3,0.735294,88200,OK
2025-04-18,4443,Ｓａｎｓａｎ,プライム（内国株式）,情報･通信業,1941,1952,1914,1928,2,0.103842,637200,OK
2025-04-18,4444,インフォネット,グロース（内国株式）,情報･通信業,738,785,736,785,35,4.666667,2000,OK
2025-04-18,4445,リビン・テクノロジーズ,グロース（内国株式）,情報･通信業,2806,2852,2801,2808,2,0.071276,2600,OK
2025-04-18,4446,Ｌｉｎｋ−Ｕグループ,プライム（内国株式）,情報･通信業,383,399,381,399,12,3.100775,24100,OK
2025-04-18,4447,ピー・ビーシステムズ,グロース（内国株式）,情報･通信業,468,470,467,469,5,1.077586,4300,OK
2025-04-18,4448,ｋｕｂｅｌｌ,グロース（内国株式）,情報･通信業,425,444,425,444,19,4.470588,106700,OK
2025-04-18,4449,ギフティ,プライム（内国株式）,情報･通信業,1468,1542,1466,1542,76,5.184175,237500,OK
2025-04-18,4450,パワーソリューションズ,グロース（内国株式）,情報･通信業,1280,1282,1280,1281,11,0.866142,5300,OK
2025-04-18,4452,花王,プライム（内国株式）,化学,6000,6034,5940,6024,64,1.073826,1698600,OK
2025-04-18,4461,第一工業製薬,プライム（内国株式）,化学,2524,2555,2510,2549,67,2.699436,37700,OK
2025-04-18,4462,石原ケミカル,プライム（内国株式）,化学,1972,2034,1972,2034,79,4.040921,9500,OK
2025-04-18,4463,日華化学,スタンダード（内国株式）,化学,1288,1307,1288,1298,6,0.464396,8100,OK
2025-04-18,4464,ソフト９９コーポレーション,スタンダード（内国株式）,化学,1594,1600,1584,1600,0,0,1700,OK
2025-04-18,4465,ニイタカ,スタンダード（内国株式）,化学,2113,2143,2113,2137,25,1.183712,15000,OK
2025-04-18,4471,三洋化成工業,プライム（内国株式）,化学,3580,3615,3580,3615,65,1.830986,13800,OK
2025-04-18,4475,ＨＥＮＮＧＥ,グロース（内国株式）,情報･通信業,1608,1681,1598,1660,61,3.814884,595900,OK
2025-04-18,4476,ＡＩ　ＣＲＯＳＳ,グロース（内国株式）,情報･通信業,1678,1711,1678,1711,27,1.603325,21200,OK
2025-04-18,4477,ＢＡＳＥ,グロース（内国株式）,情報･通信業,414,429,410,429,16,3.874092,1820100,OK
2025-04-18,4478,フリー,グロース（内国株式）,情報･通信業,3700,3860,3680,3830,140,3.794038,242900,OK
2025-04-18,4479,マクアケ,グロース（内国株式）,情報･通信業,551,585,551,585,31,5.595668,33000,OK
2025-04-18,4480,メドレー,プライム（内国株式）,情報･通信業,3280,3340,3230,3330,110,3.416149,329400,OK
2025-04-18,4481,ベース,プライム（内国株式）,情報･通信業,2824,2881,2824,2881,74,2.636266,35600,OK
2025-04-18,4482,ウィルズ,グロース（内国株式）,情報･通信業,640,641,631,632,-4,-0.628931,6600,OK
2025-04-18,4483,ＪＭＤＣ,プライム（内国株式）,情報･通信業,3088,3145,3071,3112,32,1.038961,216100,OK
2025-04-18,4484,ランサーズ,グロース（内国株式）,情報･通信業,181,181,178,180,-1,-0.552486,17100,OK
2025-04-18,4486,ユナイトアンドグロウ,グロース（内国株式）,情報･通信業,1160,1170,1144,1166,4,0.344234,5500,OK
2025-04-18,4487,スペースマーケット,グロース（内国株式）,情報･通信業,274,280,273,277,3,1.094891,14300,OK
2025-04-18,4488,ＡＩ　ｉｎｓｉｄｅ,グロース（内国株式）,情報･通信業,2780,2880,2730,2876,103,3.714389,6500,OK
2025-04-18,4490,ビザスク,グロース（内国株式）,情報･通信業,816,829,812,821,-1,-0.121655,26600,OK
2025-04-18,4491,コンピューターマネージメント,スタンダード（内国株式）,情報･通信業,1752,1752,1752,1752,3,0.171527,200,OK
2025-04-18,4492,ゼネテック,スタンダード（内国株式）,情報･通信業,536,536,522,531,-6,-1.117318,29200,OK
2025-04-18,4493,サイバーセキュリティクラウド,グロース（内国株式）,情報･通信業,1580,1645,1565,1642,75,4.786216,167100,OK
2025-04-18,4494,バリオセキュア,スタンダード（内国株式）,情報･通信業,666,674,656,674,18,2.743902,6200,OK
2025-04-18,4495,アイキューブドシステムズ,グロース（内国株式）,情報･通信業,1634,1634,1580,1608,-12,-0.740741,12700,OK
2025-04-18,4496,コマースＯｎｅホールディングス,グロース（内国株式）,情報･通信業,782,782,770,776,-7,-0.893997,1100,OK
2025-04-18,4498,サイバートラスト,グロース（内国株式）,情報･通信業,2350,2400,2322,2400,98,4.257168,17100,OK
2025-04-18,4499,Ｓｐｅｅｅ,スタンダード（内国株式）,情報･通信業,1980,2170,1957,2168,51,2.409069,198200,OK
2025-04-18,4502,武田薬品工業,プライム（内国株式）,医薬品,4238,4288,4161,4288,120,2.879079,6087500,OK
2025-04-18,4503,アステラス製薬,プライム（内国株式）,医薬品,1348,1353,1328.5,1352.5,25.5,1.921628,3358000,OK
2025-04-18,4506,住友ファーマ,プライム（内国株式）,医薬品,708,708,708,708,100,16.447368,1135800,OK
2025-04-18,4507,塩野義製薬,プライム（内国株式）,医薬品,2379,2414,2367,2408.5,41.5,1.753274,1970900,OK
2025-04-18,4512,わかもと製薬,スタンダード（内国株式）,医薬品,320,339,320,338,16,4.968944,471200,OK
2025-04-18,4516,日本新薬,プライム（内国株式）,医薬品,3587,3622,3547,3622,55,1.541912,97700,OK
2025-04-18,4519,中外製薬,プライム（内国株式）,医薬品,8065,8427,7897,8328,1243,17.544107,10232300,OK
2025-04-18,4521,科研製薬,プライム（内国株式）,医薬品,4052,4100,4042,4091,71,1.766169,80900,OK
2025-04-18,4523,エーザイ,プライム（内国株式）,医薬品,3996,3997,3926,3983,95,2.443416,1334700,OK
2025-04-18,4524,森下仁丹,スタンダード（内国株式）,医薬品,2097,2097,2065,2085,0,0,2000,OK
2025-04-18,4526,理研ビタミン,プライム（内国株式）,食料品,2461,2500,2453,2500,60,2.459016,45000,OK
2025-04-18,4527,ロート製薬,プライム（内国株式）,医薬品,2340,2341,2308.5,2326.5,7.5,0.323415,803700,OK
2025-04-18,4528,小野薬品工業,プライム（内国株式）,医薬品,1729.5,1754,1716,1754,42,2.453271,1656800,OK
2025-04-18,4530,久光製薬,プライム（内国株式）,医薬品,4450,4524,4406,4486,36,0.808989,174200,OK
2025-04-18,4531,有機合成薬品工業,スタンダード（内国株式）,化学,242,244,242,242,1,0.414938,33100,OK
2025-04-18,4534,持田製薬,プライム（内国株式）,医薬品,2979,3065,2949,3065,123,4.180829,17200,OK
2025-04-18,4536,参天製薬,プライム（内国株式）,医薬品,1398,1414,1382.5,1408,23.5,1.697364,453400,OK
2025-04-18,4538,扶桑薬品工業,プライム（内国株式）,医薬品,2255,2330,2255,2314,72,3.211418,6000,OK
2025-04-18,4539,日本ケミファ,スタンダード（内国株式）,医薬品,1451,1451,1439,1441,-21,-1.436389,5600,OK
2025-04-18,4540,ツムラ,プライム（内国株式）,医薬品,4343,4410,4315,4400,119,2.779724,224400,OK
2025-04-18,4543,テルモ,プライム（内国株式）,精密機器,2673.5,2733.5,2659,2733.5,25.5,0.941654,1870800,OK
2025-04-18,4544,Ｈ．Ｕ．グループホールディングス,プライム（内国株式）,サービス業,2650,2654.5,2623,2654.5,26.5,1.008371,77200,OK
2025-04-18,4547,キッセイ薬品工業,プライム（内国株式）,医薬品,3650,3740,3615,3710,115,3.198887,73000,OK
2025-04-18,4548,生化学工業,プライム（内国株式）,医薬品,674,685,670,685,17,2.54491,91700,OK
2025-04-18,4549,栄研化学,プライム（内国株式）,医薬品,2228,2256,2222,2253,50,2.269632,74500,OK
2025-04-18,4551,鳥居薬品,プライム（内国株式）,医薬品,4415,4500,4380,4500,120,2.739726,113300,OK
2025-04-18,4552,ＪＣＲファーマ,プライム（内国株式）,医薬品,437,451,432,447,18,4.195804,478400,OK
2025-04-18,4553,東和薬品,プライム（内国株式）,医薬品,2514,2548,2509,2548,63,2.535211,64100,OK
2025-04-18,4554,富士製薬工業,プライム（内国株式）,医薬品,1322,1340,1308,1338,35,2.686109,36500,OK
2025-04-18,4556,カイノス,スタンダード（内国株式）,医薬品,1143,1157,1142,1157,14,1.224847,1300,OK
2025-04-18,4558,中京医薬品,スタンダード（内国株式）,医薬品,200,201,199,200,1,0.502513,19400,OK
2025-04-18,4559,ゼリア新薬工業,プライム（内国株式）,医薬品,2279,2309,2271,2304,52,2.309059,47800,OK
2025-04-18,4563,アンジェス,グロース（内国株式）,医薬品,64,69,63,69,6,9.52381,9266100,OK
2025-04-18,4564,オンコセラピー・サイエンス,グロース（内国株式）,医薬品,23,26,23,25,2,8.695652,3316700,OK
2025-04-18,4565,ネクセラファーマ,プライム（内国株式）,医薬品,852,877,846,850,28,3.406326,1133800,OK
2025-04-18,4568,第一三共,プライム（内国株式）,医薬品,3142,3228,3110,3214,114,3.677419,4283100,OK
2025-04-18,4569,杏林製薬,プライム（内国株式）,医薬品,1465,1479,1453,1476,28,1.933702,48500,OK
2025-04-18,4570,免疫生物研究所,グロース（内国株式）,医薬品,447,453,443,453,9,2.027027,18600,OK
2025-04-18,4571,ＮＡＮＯ　ＭＲＮＡ,グロース（内国株式）,医薬品,130,136,130,135,5,3.846154,210400,OK
2025-04-18,4572,カルナバイオサイエンス,グロース（内国株式）,医薬品,254,268,251,268,16,6.349206,190100,OK
2025-04-18,4574,大幸薬品,プライム（内国株式）,医薬品,262,274,262,273,12,4.597701,288300,OK
2025-04-18,4575,キャンバス,グロース（内国株式）,医薬品,947,1005,943,991,54,5.763074,338300,OK
2025-04-18,4576,デ・ウエスタン・セラピテクス研究所,グロース（内国株式）,医薬品,110,112,109,112,2,1.818182,524300,OK
2025-04-18,4577,ダイト,プライム（内国株式）,医薬品,2005,2061,2005,2061,51,2.537313,34400,OK
2025-04-18,4578,大塚ホールディングス,プライム（内国株式）,医薬品,6783,6839,6721,6830,30,0.441176,687200,OK
2025-04-18,4579,ラクオリア創薬,グロース（内国株式）,医薬品,342,358,339,357,17,5,105300,OK
2025-04-18,4582,シンバイオ製薬,グロース（内国株式）,医薬品,151,157,150,157,6,3.97351,315800,OK
2025-04-18,4583,カイオム・バイオサイエンス,グロース（内国株式）,医薬品,127,135,127,135,6,4.651163,1165600,OK
2025-04-18,4584,キッズウェル・バイオ,グロース（内国株式）,医薬品,136,147,133,145,8,5.839416,5270400,OK
2025-04-18,4586,メドレックス,グロース（内国株式）,医薬品,62,63,60,61,0,0,991500,OK
2025-04-18,4587,ペプチドリーム,プライム（内国株式）,医薬品,1850,1878,1833,1870,55,3.030303,600700,OK
2025-04-18,4588,オンコリスバイオファーマ,グロース（内国株式）,医薬品,570,590,556,579,33,6.043956,997700,OK
2025-04-18,4591,リボミック,グロース（内国株式）,医薬品,88,97,88,97,8,8.988764,1395900,OK
2025-04-18,4592,サンバイオ,グロース（内国株式）,医薬品,2272,2478,2234,2399,144,6.385809,10592100,OK
2025-04-18,4593,ヘリオス,グロース（内国株式）,医薬品,283,316,283,306,28,10.071942,8231700,OK
2025-04-18,4594,ブライトパス・バイオ,グロース（内国株式）,医薬品,40,42,39,42,2,5,1327400,OK
2025-04-18,4595,ミズホメディー,スタンダード（内国株式）,医薬品,1477,1482,1465,1480,17,1.161996,36000,OK
2025-04-18,4596,窪田製薬ホールディングス,グロース（内国株式）,医薬品,44,51,43,45,2,4.651163,4339600,OK
2025-04-18,4597,ソレイジア・ファーマ,グロース（内国株式）,医薬品,32,34,32,34,1,3.030303,2851100,OK
2025-04-18,4598,Ｄｅｌｔａ−Ｆｌｙ　Ｐｈａｒｍａ,グロース（内国株式）,医薬品,436,466,436,456,21,4.827586,402300,OK
2025-04-18,4599,ステムリム,グロース（内国株式）,医薬品,290,306,290,304,14,4.827586,150000,OK
2025-04-18,4611,大日本塗料,プライム（内国株式）,化学,1163,1212,1157,1206,54,4.6875,113000,OK
2025-04-18,4612,日本ペイントホールディングス,プライム（内国株式）,化学,1055,1058.5,1044.5,1055,0.5,0.047416,1022800,OK
2025-04-18,4613,関西ペイント,プライム（内国株式）,化学,2168,2203.5,2146.5,2192,42,1.953488,447000,OK
2025-04-18,4615,神東塗料,スタンダード（内国株式）,化学,131,135,131,132,1,0.763359,166800,OK
2025-04-18,4616,川上塗料,スタンダード（内国株式）,化学,1638,1638,1626,1626,-4,-0.245399,200,OK
2025-04-18,4617,中国塗料,プライム（内国株式）,化学,1915,1953,1913,1945,45,2.368421,144700,OK
2025-04-18,4619,日本特殊塗料,スタンダード（内国株式）,化学,1447,1474,1436,1474,43,3.004892,27000,OK
2025-04-18,4620,藤倉化成,スタンダード（内国株式）,化学,470,476,469,474,7,1.498929,34600,OK
2025-04-18,4623,アサヒペン,スタンダード（内国株式）,化学,1717,1725,1710,1725,6,0.34904,600,OK
2025-04-18,4624,イサム塗料,スタンダード（内国株式）,化学,3090,3095,3070,3080,-20,-0.645161,1200,OK
2025-04-18,4625,アトミクス,スタンダード（内国株式）,化学,666,702,606,616,-52,-7.784431,274400,OK
2025-04-18,4626,太陽ホールディングス,プライム（内国株式）,化学,4645,4675,4620,4675,75,1.630435,47600,OK
2025-04-18,4627,ナトコ,スタンダード（内国株式）,化学,1411,1430,1411,1427,17,1.205674,2200,OK
2025-04-18,4628,エスケー化研,スタンダード（内国株式）,化学,8760,8780,8700,8780,90,1.035673,600,OK
2025-04-18,4629,大伸化学,スタンダード（内国株式）,化学,1372,1372,1372,1372,30,2.235469,100,OK
2025-04-18,4631,ＤＩＣ,プライム（内国株式）,化学,2612,2635,2601.5,2609.5,11,0.423321,168600,OK
2025-04-18,4633,サカタインクス,プライム（内国株式）,化学,1730,1743,1717,1739,27,1.577103,242000,OK
2025-04-18,4634,ａｒｔｉｅｎｃｅ,プライム（内国株式）,化学,2848,2874,2840,2858,40,1.419446,119700,OK
2025-04-18,4635,東京インキ,スタンダード（内国株式）,化学,3750,3870,3750,3820,80,2.139037,8500,OK
2025-04-18,4641,アルプス技研,プライム（内国株式）,サービス業,2483,2562,2472,2562,85,3.43157,18400,OK
2025-04-18,4642,オリジナル設計,スタンダード（内国株式）,サービス業,1384,1400,1384,1399,17,1.230101,1200,OK
2025-04-18,4644,イマジニア,スタンダード（内国株式）,情報･通信業,985,1010,985,999,16,1.62767,15200,OK
2025-04-18,4645,市進ホールディングス,スタンダード（内国株式）,サービス業,404,460,399,399,-9,-2.205882,51300,OK
2025-04-18,4650,ＳＤエンターテイメント,スタンダード（内国株式）,サービス業,268,269,265,265,-1,-0.37594,14500,OK
2025-04-18,4651,サニックスホールディングス,スタンダード（内国株式）,サービス業,224,233,224,232,8,3.571429,79900,OK
2025-04-18,4657,環境管理センター,スタンダード（内国株式）,サービス業,399,404,397,404,7,1.763224,11900,OK
2025-04-18,4658,日本空調サービス,プライム（内国株式）,サービス業,974,991,974,989,19,1.958763,23600,OK
2025-04-18,4659,エイジス,スタンダード（内国株式）,サービス業,2458,2489,2458,2489,23,0.932685,700,OK
2025-04-18,4661,オリエンタルランド,プライム（内国株式）,サービス業,3078,3089,3025,3073,5,0.162973,2713900,OK
2025-04-18,4662,フォーカスシステムズ,プライム（内国株式）,情報･通信業,1025,1048,1025,1048,29,2.845927,20400,OK
2025-04-18,4664,アール・エス・シー,スタンダード（内国株式）,サービス業,542,557,542,548,6,1.107011,2600,OK
2025-04-18,4665,ダスキン,プライム（内国株式）,サービス業,3713,3728,3699,3713,10,0.270051,68400,OK
2025-04-18,4666,パーク２４,プライム（内国株式）,不動産業,1961,1996,1957,1983.5,44.5,2.294997,393600,OK
2025-04-18,4667,アイサンテクノロジー,スタンダード（内国株式）,情報･通信業,1325,1355,1316,1316,-4,-0.30303,6700,OK
2025-04-18,4668,明光ネットワークジャパン,プライム（内国株式）,サービス業,735,741,727,734,3,0.410397,30500,OK
2025-04-18,4671,ファルコホールディングス,スタンダード（内国株式）,サービス業,2273,2290,2273,2288,33,1.463415,10800,OK
2025-04-18,4673,川崎地質,スタンダード（内国株式）,サービス業,2536,2536,2479,2479,-8,-0.321673,1500,OK
2025-04-18,4674,クレスコ,プライム（内国株式）,情報･通信業,1166,1170,1160,1167,20,1.743679,28700,OK
2025-04-18,4676,フジ・メディア・ホールディングス,プライム（内国株式）,情報･通信業,3171,3347,3131,3140,109,3.596173,16628000,OK
2025-04-18,4678,秀英予備校,スタンダード（内国株式）,サービス業,272,274,268,274,5,1.858736,6200,OK
2025-04-18,4679,田谷,スタンダード（内国株式）,サービス業,266,267,254,254,-5,-1.930502,193300,OK
2025-04-18,4680,ラウンドワン,プライム（内国株式）,サービス業,857,888,850,883,34,4.004711,1943300,OK
2025-04-18,4681,リゾートトラスト,プライム（内国株式）,サービス業,1450,1462.5,1440.5,1454,10.5,0.727399,282300,OK
2025-04-18,4684,オービック,プライム（内国株式）,情報･通信業,4770,4840,4741,4840,118,2.498941,614400,OK
2025-04-18,4685,菱友システムズ,スタンダード（内国株式）,情報･通信業,6700,6730,6570,6670,70,1.060606,23000,OK
2025-04-18,4686,ジャストシステム,プライム（内国株式）,情報･通信業,3325,3400,3300,3385,90,2.731411,120100,OK
2025-04-18,4687,ＴＤＣソフト,プライム（内国株式）,情報･通信業,1181,1226,1180,1226,41,3.459916,52600,OK
2025-04-18,4689,ＬＩＮＥヤフー,プライム（内国株式）,情報･通信業,542.8,555.9,538,554,16,2.973978,12051000,OK
2025-04-18,4690,日本パレットプール,スタンダード（内国株式）,サービス業,1588,1588,1550,1550,0,0,600,OK
2025-04-18,4691,ワシントンホテル,スタンダード（内国株式）,サービス業,1263,1291,1257,1281,33,2.644231,38000,OK
2025-04-18,4694,ビー・エム・エル,プライム（内国株式）,サービス業,2914,2970,2914,2970,100,3.484321,56400,OK
2025-04-18,4704,トレンドマイクロ,プライム（内国株式）,情報･通信業,9685,9791,9634,9733,-101,-1.027049,845000,OK
2025-04-18,4705,クリップコーポレーション,スタンダード（内国株式）,サービス業,785,788,785,788,-2,-0.253165,1000,OK
2025-04-18,4707,キタック,スタンダード（内国株式）,サービス業,332,332,328,329,1,0.304878,3200,OK
2025-04-18,4709,ＩＤホールディングス,プライム（内国株式）,情報･通信業,1949,2027,1928,2027,89,4.592363,50700,OK
2025-04-18,4712,ＫｅｙＨｏｌｄｅｒ,スタンダード（内国株式）,サービス業,732,737,732,737,4,0.545703,12100,OK
2025-04-18,4714,リソー教育,プライム（内国株式）,サービス業,230,236,230,236,5,2.164502,159900,OK
2025-04-18,4716,日本オラクル,スタンダード（内国株式）,情報･通信業,16665,16665,16365,16540,65,0.394537,56800,OK
2025-04-18,4718,早稲田アカデミー,プライム（内国株式）,サービス業,2134,2172,2105,2172,38,1.780694,15000,OK
2025-04-18,4719,アルファシステムズ,プライム（内国株式）,情報･通信業,3165,3315,3160,3310,170,5.414013,5900,OK
2025-04-18,4720,城南進学研究社,スタンダード（内国株式）,サービス業,206,214,205,210,6,2.941176,12600,OK
2025-04-18,4722,フューチャー,プライム（内国株式）,情報･通信業,1758,1786,1758,1780,37,2.122777,104100,OK
2025-04-18,4725,ＣＡＣ　Ｈｏｌｄｉｎｇｓ,プライム（内国株式）,情報･通信業,2008,2050,2008,2050,53,2.653981,27100,OK
2025-04-18,4728,トーセ,スタンダード（内国株式）,情報･通信業,624,625,615,616,0,0,7800,OK
2025-04-18,4732,ユー・エス・エス,プライム（内国株式）,サービス業,1392.5,1396.5,1379,1396.5,17,1.232331,610500,OK
2025-04-18,4733,オービックビジネスコンサルタント,プライム（内国株式）,情報･通信業,7545,7627,7458,7627,157,2.10174,115900,OK
2025-04-18,4735,京進,スタンダード（内国株式）,サービス業,316,396,316,342,26,8.227848,858400,OK
2025-04-18,4736,日本ラッド,スタンダード（内国株式）,情報･通信業,655,705,655,698,47,7.219662,30900,OK
2025-04-18,4743,アイティフォー,プライム（内国株式）,情報･通信業,1445,1492,1445,1489,48,3.33102,33900,OK
2025-04-18,4745,東京個別指導学院,スタンダード（内国株式）,サービス業,301,307,300,302,3,1.003344,119500,OK
2025-04-18,4746,東計電算,スタンダード（内国株式）,情報･通信業,4030,4230,4030,4220,175,4.326329,7600,OK
2025-04-18,4750,ダイサン,スタンダード（内国株式）,サービス業,552,557,547,557,8,1.457195,19700,OK
2025-04-18,4751,サイバーエージェント,プライム（内国株式）,サービス業,1170,1201.5,1153,1184,10.5,0.894759,4521300,OK
2025-04-18,4752,昭和システムエンジニアリング,スタンダード（内国株式）,情報･通信業,,,,,,,,NO_QUOTE
2025-04-18,4754,トスネット,スタンダード（内国株式）,サービス業,1317,1332,1282,1332,27,2.068966,1500,OK
2025-04-18,4755,楽天グループ,プライム（内国株式）,サービス業,786,789.8,778.2,784,1.9,0.242936,11913300,OK
2025-04-18,4760,アルファ,スタンダード（内国株式）,サービス業,1381,1544,1381,1400,39,2.86554,14700,OK
2025-04-18,4761,さくらケーシーエス,スタンダード（内国株式）,情報･通信業,1098,1124,1095,1103,5,0.455373,4000,OK
2025-04-18,4762,エックスネット,スタンダード（内国株式）,情報･通信業,1325,1369,1325,1359,8,0.592154,4000,OK
2025-04-18,4763,クリーク・アンド・リバー社,プライム（内国株式）,サービス業,1422,1482,1417,1482,71,5.031892,48000,OK
2025-04-18,4765,ＳＢＩグローバルアセットマネジメント,プライム（内国株式）,サービス業,634,643,634,643,19,3.044872,82100,OK
2025-04-18,4766,ピーエイ,スタンダード（内国株式）,サービス業,243,263,239,245,-1,-0.406504,187300,OK
2025-04-18,4767,テー・オー・ダブリュー,スタンダード（内国株式）,サービス業,312,314,310,314,4,1.290323,128800,OK
2025-04-18,4768,大塚商会,プライム（内国株式）,情報･通信業,3061,3077,3033,3067,17,0.557377,381900,OK
2025-04-18,4769,ＩＣ,スタンダード（内国株式）,情報･通信業,920,964,920,959,34,3.675676,1900,OK
2025-04-18,4771,エフアンドエム,スタンダード（内国株式）,サービス業,2115,2147,2115,2134,19,0.898345,6100,OK
2025-04-18,4772,ストリームメディアコーポレーション,グロース（内国株式）,情報･通信業,107,111,107,109,1,0.925926,157300,OK
2025-04-18,4776,サイボウズ,プライム（内国株式）,情報･通信業,2890,2934,2885,2934,29,0.998279,145800,OK
2025-04-18,4777,ガーラ,スタンダード（内国株式）,情報･通信業,213,217,212,215,3,1.415094,83900,OK
2025-04-18,4783,ＮＣＤ,スタンダード（内国株式）,情報･通信業,2477,2610,2466,2610,103,4.108496,20200,OK
2025-04-18,4784,ＧＭＯインターネット,プライム（内国株式）,サービス業,2490,2668,2392,2549,64,2.575453,2740600,OK
2025-04-18,4792,山田コンサルティンググループ,プライム（内国株式）,サービス業,1630,1670,1627,1667,38,2.332719,7600,OK
2025-04-18,4800,オリコン,スタンダード（内国株式）,情報･通信業,784,785,781,785,1,0.127551,12700,OK
2025-04-18,4801,セントラルスポーツ,プライム（内国株式）,サービス業,2409,2423,2406,2423,32,1.338352,7900,OK
2025-04-18,4809,パラカ,プライム（内国株式）,不動産業,1737,1791,1731,1791,68,3.946605,29100,OK
2025-04-18,4811,ドリーム・アーツ,グロース（内国株式）,情報･通信業,2291,2377,2291,2377,77,3.347826,9100,OK
2025-04-18,4812,電通総研,プライム（内国株式）,情報･通信業,6160,6190,6110,6150,-10,-0.162338,91800,OK
2025-04-18,4813,ＡＣＣＥＳＳ,プライム（内国株式）,情報･通信業,732,745,723,739,7,0.956284,82700,OK
2025-04-18,4814,ネクストウェア,スタンダード（内国株式）,情報･通信業,146,147,138,141,-3,-2.083333,314400,OK
2025-04-18,4816,東映アニメーション,スタンダード（内国株式）,情報･通信業,3350,3445,3325,3410,30,0.887574,274500,OK
2025-04-18,4819,デジタルガレージ,プライム（内国株式）,情報･通信業,4490,4620,4480,4600,125,2.793296,95100,OK
2025-04-18,4820,イーエムシステムズ,プライム（内国株式）,情報･通信業,728,740,718,740,25,3.496503,46100,OK
2025-04-18,4825,ウェザーニューズ,プライム（内国株式）,情報･通信業,3650,3700,3645,3670,50,1.381215,74600,OK
2025-04-18,4826,ＣＩＪ,プライム（内国株式）,情報･通信業,423,432,421,429,11,2.631579,57100,OK
2025-04-18,4828,ビジネスエンジニアリング,プライム（内国株式）,情報･通信業,3780,3880,3780,3880,115,3.054449,15000,OK
2025-04-18,4829,日本エンタープライズ,スタンダード（内国株式）,情報･通信業,109,109,107,107,0,0,211800,OK
2025-04-18,4832,ＪＦＥシステムズ,スタンダード（内国株式）,情報･通信業,1490,1516,1490,1507,7,0.466667,16600,OK
2025-04-18,4833,Ｄｅｆ　ｃｏｎｓｕｌｔｉｎｇ,グロース（内国株式）,サービス業,75,78,75,76,2,2.702703,445600,OK
2025-04-18,4838,スペースシャワーＳＫＩＹＡＫＩホールディングス,スタンダード（内国株式）,情報･通信業,487,487,480,480,-7,-1.437372,5300,OK
2025-04-18,4839,ＷＯＷＯＷ,プライム（内国株式）,情報･通信業,1019,1080,1018,1066,56,5.544554,113800,OK
2025-04-18,4840,トライアイズ,グロース（内国株式）,サービス業,305,337,302,315,6,1.941748,224500,OK
2025-04-18,4845,スカラ,プライム（内国株式）,情報･通信業,386,399,386,398,16,4.188482,58300,OK
2025-04-18,4847,インテリジェント　ウェイブ,プライム（内国株式）,情報･通信業,1001,1013,997,1005,3,0.299401,49300,OK
2025-04-18,4848,フルキャストホールディングス,プライム（内国株式）,サービス業,1542,1583,1541,1583,47,3.059896,37000,OK
2025-04-18,4849,エン・ジャパン,プライム（内国株式）,サービス業,1631,1646,1624,1630,4,0.246002,84300,OK
2025-04-18,4880,セルソース,プライム（内国株式）,医薬品,618,653,616,651,37,6.026059,56300,OK
2025-04-18,4881,ファンペップ,グロース（内国株式）,医薬品,108,115,103,104,4,4,6451000,OK
2025-04-18,4882,ペルセウスプロテオミクス,グロース（内国株式）,医薬品,388,413,388,398,18,4.736842,1349900,OK
2025-04-18,4883,モダリス,グロース（内国株式）,医薬品,79,83,78,81,3,3.846154,1276700,OK
2025-04-18,4884,クリングルファーマ,グロース（内国株式）,医薬品,852,890,851,879,42,5.017921,83300,OK
2025-04-18,4885,室町ケミカル,スタンダード（内国株式）,医薬品,854,890,854,878,20,2.331002,15700,OK
2025-04-18,4886,あすか製薬ホールディングス,プライム（内国株式）,医薬品,2304,2376,2302,2376,78,3.394256,29700,OK
2025-04-18,4887,サワイグループホールディングス,プライム（内国株式）,医薬品,1953,1978,1934,1960,46.5,2.430102,209100,OK
2025-04-18,4888,ステラファーマ,グロース（内国株式）,医薬品,325,335,323,333,7,2.147239,205200,OK
2025-04-18,4889,レナサイエンス,グロース（内国株式）,医薬品,1030,1080,1030,1045,9,0.868726,319700,OK
2025-04-18,4890,坪田ラボ,グロース（内国株式）,医薬品,357,379,354,379,30,8.595989,127900,OK
2025-04-18,4891,ティムス,グロース（内国株式）,医薬品,140,143,139,140,1,0.719424,638400,OK
2025-04-18,4892,サイフューズ,グロース（内国株式）,医薬品,988,1040,980,1039,54,5.482234,249500,OK
2025-04-18,4893,ノイルイミューン・バイオテック,グロース（内国株式）,医薬品,140,145,139,145,6,4.316547,229300,OK
2025-04-18,4894,クオリプス,グロース（内国株式）,医薬品,7250,8630,7200,8050,890,12.430168,2302700,OK
2025-04-18,4896,ケイファーマ,グロース（内国株式）,医薬品,893,963,872,957,79,8.997722,890100,OK
2025-04-18,4901,富士フイルムホールディングス,プライム（内国株式）,化学,2702.5,2715,2675,2715,29.5,1.098492,1447500,OK
2025-04-18,4902,コニカミノルタ,プライム（内国株式）,電気機器,411,414.6,407.5,414.6,3.5,0.851374,1408100,OK
2025-04-18,4911,資生堂,プライム（内国株式）,化学,2280,2294.5,2251,2274.5,-20.5,-0.893246,2177200,OK
2025-04-18,4912,ライオン,プライム（内国株式）,化学,1799,1812,1791,1812,23,1.285634,832500,OK
2025-04-18,4914,高砂香料工業,プライム（内国株式）,化学,6150,6310,6130,6290,140,2.276423,29000,OK
2025-04-18,4917,マンダム,プライム（内国株式）,化学,1323,1358,1321,1358,45,3.427266,165300,OK
2025-04-18,4918,アイビー化粧品,スタンダード（内国株式）,化学,283,287,272,283,5,1.798561,155600,OK
2025-04-18,4919,ミルボン,プライム（内国株式）,化学,2742,2742,2718,2730,0,0,78600,OK
2025-04-18,4920,日本色材工業研究所,スタンダード（内国株式）,化学,972,983,972,982,9,0.924974,900,OK
2025-04-18,4922,コーセー,プライム（内国株式）,化学,5850,5948,5821,5939,109,1.86964,160100,OK
2025-04-18,4923,コタ,プライム（内国株式）,化学,1385,1405,1380,1405,40,2.930403,18100,OK
2025-04-18,4925,ハーバー研究所,スタンダード（内国株式）,化学,1675,1678,1670,1678,10,0.59952,1000,OK
2025-04-18,4926,シーボン,スタンダード（内国株式）,化学,1103,1105,1102,1102,-3,-0.271493,1000,OK
2025-04-18,4927,ポーラ・オルビスホールディングス,プライム（内国株式）,化学,1281,1282.5,1274,1281,9,0.707547,245400,OK
2025-04-18,4928,ノエビアホールディングス,プライム（内国株式）,化学,4120,4160,4115,4150,35,0.850547,46000,OK
2025-04-18,4929,アジュバンホールディングス,スタンダード（内国株式）,化学,798,831,796,826,28,3.508772,90400,OK
2025-04-18,4931,新日本製薬,プライム（内国株式）,化学,2336,2395,2335,2395,99,4.311847,31000,OK
2025-04-18,4932,アルマード,スタンダード（内国株式）,化学,1039,1076,1039,1076,37,3.561116,20700,OK
2025-04-18,4933,Ｉ−ｎｅ,プライム（内国株式）,化学,1558,1615,1558,1613,70,4.536617,46600,OK
2025-04-18,4934,プレミアアンチエイジング,グロース（内国株式）,化学,796,810,779,786,-9,-1.132075,26800,OK
2025-04-18,4935,リベルタ,スタンダード（内国株式）,化学,1232,1362,1232,1332,100,8.116883,228200,OK
2025-04-18,4936,アクシージア,プライム（内国株式）,化学,415,429,413,429,17,4.126214,47900,OK
2025-04-18,4937,Ｗａｑｏｏ,グロース（内国株式）,化学,1014,1014,997,1007,7,0.7,3300,OK
2025-04-18,4951,エステー,プライム（内国株式）,化学,1482,1484,1476,1484,17,1.158828,20500,OK
2025-04-18,4956,コニシ,プライム（内国株式）,化学,1115,1149,1113,1146,44,3.99274,62400,OK
2025-04-18,4957,ヤスハラケミカル,スタンダード（内国株式）,化学,875,900,860,900,25,2.857143,6500,OK
2025-04-18,4958,長谷川香料,プライム（内国株式）,化学,2796,2797,2780,2795,35,1.268116,32700,OK
2025-04-18,4960,ケミプロ化成,スタンダード（内国株式）,化学,267,275,267,271,5,1.879699,10800,OK
2025-04-18,4966,上村工業,スタンダード（内国株式）,化学,9040,9040,8940,9000,-40,-0.442478,21500,OK
2025-04-18,4967,小林製薬,プライム（内国株式）,化学,5472,5491,5438,5472,25,0.458968,113600,OK
2025-04-18,4968,荒川化学工業,プライム（内国株式）,化学,1001,1039,1001,1036,40,4.016064,23000,OK
2025-04-18,4970,東洋合成工業,スタンダード（内国株式）,化学,4350,4470,4350,4385,-15,-0.340909,37700,OK
2025-04-18,4971,メック,プライム（内国株式）,化学,2050,2052,2025,2034,-10,-0.489237,90900,OK
2025-04-18,4972,綜研化学,スタンダード（内国株式）,化学,1445,1458,1442,1448,6,0.416089,20200,OK
2025-04-18,4973,日本高純度化学,プライム（内国株式）,化学,2867,2895,2859,2895,78,2.768903,7400,OK
2025-04-18,4974,タカラバイオ,プライム（内国株式）,化学,792,818,789,818,27,3.413401,201800,OK
2025-04-18,4975,ＪＣＵ,プライム（内国株式）,化学,3175,3175,3115,3135,10,0.32,26900,OK
2025-04-18,4976,東洋ドライルーブ,スタンダード（内国株式）,化学,,,,,,,,NO_QUOTE
2025-04-18,4977,新田ゼラチン,スタンダード（内国株式）,化学,762,771,759,769,4,0.522876,34600,OK
2025-04-18,4978,リプロセル,グロース（内国株式）,化学,144,154,143,153,8,5.517241,1662200,OK
2025-04-18,4979,ＯＡＴアグリオ,スタンダード（内国株式）,化学,1925,2000,1925,2000,80,4.166667,14200,OK
2025-04-18,4980,デクセリアルズ,プライム（内国株式）,化学,1500,1500,1474.5,1487,-13,-0.866667,643100,OK
2025-04-18,4985,アース製薬,プライム（内国株式）,化学,5130,5210,5130,5200,70,1.364522,14700,OK
2025-04-18,4990,昭和化学工業,スタンダード（内国株式）,化学,463,463,438,441,2,0.455581,3400,OK
2025-04-18,4992,北興化学工業,スタンダード（内国株式）,化学,1168,1180,1154,1175,13,1.118761,41500,OK
2025-04-18,4994,大成ラミックグループ,スタンダード（内国株式）,化学,2382,2427,2380,2424,64,2.711864,7700,OK
2025-04-18,4996,クミアイ化学工業,プライム（内国株式）,化学,781,787,779,784,6,0.771208,209600,OK
2025-04-18,4997,日本農薬,プライム（内国株式）,化学,782,805,777,790,0,0,353700,OK
2025-04-18,4998,フマキラー,スタンダード（内国株式）,化学,1079,1079,1067,1077,2,0.186047,5900,OK
2025-04-18,5009,富士興産,スタンダード（内国株式）,卸売業,1312,1333,1309,1322,22,1.692308,10900,OK
2025-04-18,5010,日本精蝋,スタンダード（内国株式）,石油･石炭製品,172,176,172,174,1,0.578035,106300,OK
2025-04-18,5011,ニチレキグループ,プライム（内国株式）,石油･石炭製品,2353,2435,2352,2423,88,3.768737,27500,OK
2025-04-18,5013,ユシロ,スタンダード（内国株式）,石油･石炭製品,1797,1850,1792,1850,58,3.236607,26400,OK
2025-04-18,5015,ビーピー・カストロール,スタンダード（内国株式）,石油･石炭製品,819,826,816,824,5,0.610501,30600,OK
2025-04-18,5016,ＪＸ金属,プライム（内国株式）,非鉄金属,840,847,822,840,10,1.204819,7359200,OK
2025-04-18,5017,富士石油,プライム（内国株式）,石油･石炭製品,261,266,261,266,5,1.915709,302300,OK
2025-04-18,5018,ＭＯＲＥＳＣＯ,スタンダード（内国株式）,石油･石炭製品,1152,1160,1152,1159,8,0.695048,5700,OK
2025-04-18,5019,出光興産,プライム（内国株式）,石油･石炭製品,875,890.1,867.5,883.5,10.5,1.202749,2734000,OK
2025-04-18,5020,ＥＮＥＯＳホールディングス,プライム（内国株式）,石油･石炭製品,690,701.2,687.1,696.6,17,2.501471,10489800,OK
2025-04-18,5021,コスモエネルギーホールディングス,プライム（内国株式）,石油･石炭製品,5683,5754,5682,5750,74,1.303735,315500,OK
2025-04-18,5022,レボインターナショナル,TOKYO PRO MARKET（内国株式）,石油･石炭製品,,,,,,,,NO_QUOTE
2025-04-18,5025,マーキュリー,グロース（内国株式）,情報･通信業,633,647,633,635,2,0.315956,3200,OK
2025-04-18,5026,トリプルアイズ,グロース（内国株式）,情報･通信業,967,986,953,984,31,3.252886,19600,OK
2025-04-18,5027,ＡｎｙＭｉｎｄ　Ｇｒｏｕｐ,グロース（内国株式）,情報･通信業,794,829,793,829,53,6.829897,835000,OK
2025-04-18,5028,セカンドサイトアナリティカ,グロース（内国株式）,情報･通信業,318,325,317,320,4,1.265823,13500,OK
2025-04-18,5029,サークレイス,グロース（内国株式）,情報･通信業,1157,1184,1121,1140,-21,-1.808786,32700,OK
2025-04-18,5031,モイ,グロース（内国株式）,情報･通信業,217,233,217,225,8,3.686636,121400,OK
2025-04-18,5032,ＡＮＹＣＯＬＯＲ,プライム（内国株式）,情報･通信業,3530,3595,3505,3595,65,1.84136,476500,OK
2025-04-18,5033,ヌーラボ,グロース（内国株式）,情報･通信業,989,1003,985,994,-1,-0.100503,29700,OK
2025-04-18,5034,ｕｎｅｒｒｙ,グロース（内国株式）,情報･通信業,1792,1810,1792,1792,15,0.844119,7000,OK
2025-04-18,5035,ＨＯＵＳＥＩ,グロース（内国株式）,情報･通信業,496,508,487,504,9,1.818182,9500,OK
2025-04-18,5036,日本ビジネスシステムズ,スタンダード（内国株式）,情報･通信業,1000,1005,993,1003,15,1.518219,21900,OK
2025-04-18,5037,フィットワークス,TOKYO PRO MARKET（内国株式）,情報･通信業,,,,,,,,NO_QUOTE
2025-04-18,5038,ｅＷｅＬＬ,グロース（内国株式）,情報･通信業,2124,2175,2124,2166,56,2.654028,51200,OK
2025-04-18,5070,ドラフト,グロース（内国株式）,建設業,538,540,535,535,0,0,6000,OK
2025-04-18,5071,ヴィス,スタンダード（内国株式）,建設業,1170,1191,1152,1154,-14,-1.19863,15500,OK
2025-04-18,5072,アートフォースジャパン,TOKYO PRO MARKET（内国株式）,建設業,,,,,,,,NO_QUOTE
2025-04-18,5074,テスホールディングス,プライム（内国株式）,建設業,310,324,310,323,13,4.193548,735400,OK
2025-04-18,5076,インフロニア・ホールディングス,プライム（内国株式）,建設業,1182,1198.5,1180.5,1197,21,1.785714,454500,OK
2025-04-18,50765,インフロニア・ホールディングス（優先株式）,プライム（内国株式）,建設業,4590,4590,4585,4585,5,0.10917,1100,OK
2025-04-18,5077,ハンズ,TOKYO PRO MARKET（内国株式）,建設業,,,,,,,,NO_QUOTE
2025-04-18,5078,セレコーポレーション,スタンダード（内国株式）,建設業,4680,4755,4615,4685,-60,-1.264489,1100,OK
2025-04-18,5079,ノバック,スタンダード（内国株式）,建設業,2656,2711,2655,2672,-8,-0.298507,9800,OK
2025-04-18,5101,横浜ゴム,プライム（内国株式）,ゴム製品,2904,2950.5,2889,2950.5,65,2.252643,334100,OK
2025-04-18,5103,昭和ホールディングス,スタンダード（内国株式）,ゴム製品,48,59,44,46,-5,-9.803922,4609000,OK
2025-04-18,5105,ＴＯＹＯ　ＴＩＲＥ,プライム（内国株式）,ゴム製品,2475,2549.5,2467,2540,76,3.084416,1209100,OK
2025-04-18,5108,ブリヂストン,プライム（内国株式）,ゴム製品,5839,5899,5818,5891,72,1.237326,898600,OK
2025-04-18,5110,住友ゴム工業,プライム（内国株式）,ゴム製品,1684,1701.5,1664,1700,35,2.102102,1320600,OK
2025-04-18,5121,藤倉コンポジット,プライム（内国株式）,ゴム製品,1285,1313,1280,1313,38,2.980392,44500,OK
2025-04-18,5122,オカモト,プライム（内国株式）,ゴム製品,5050,5100,5030,5090,50,0.992063,6200,OK
2025-04-18,5125,ファインズ,グロース（内国株式）,情報･通信業,492,499,488,492,0,0,1800,OK
2025-04-18,5126,ポーターズ,グロース（内国株式）,情報･通信業,,,,,,,,NO_QUOTE
2025-04-18,5129,ＦＩＸＥＲ,グロース（内国株式）,情報･通信業,593,607,588,596,-2,-0.334448,21600,OK
2025-04-18,5130,ヒロホールディングス,TOKYO PRO MARKET（内国株式）,情報･通信業,,,,,,,,NO_QUOTE
2025-04-18,5131,リンカーズ,グロース（内国株式）,情報･通信業,147,151,147,150,4,2.739726,50400,OK
2025-04-18,5132,ｐｌｕｓｚｅｒｏ,グロース（内国株式）,情報･通信業,2391,2478,2375,2408,95,4.10722,119100,OK
2025-04-18,5133,テリロジーホールディングス,スタンダード（内国株式）,情報･通信業,247,250,246,250,4,1.626016,27800,OK
2025-04-18,5134,ＰＯＰＥＲ,グロース（内国株式）,情報･通信業,1003,1004,974,982,-16,-1.603206,15200,OK
2025-04-18,5135,ＡＩＲ−Ｕ,TOKYO PRO MARKET（内国株式）,情報･通信業,,,,,,,,NO_QUOTE
2025-04-18,5136,ｔｒｉｐｌａ,グロース（内国株式）,情報･通信業,2371,2480,2331,2430,77,3.272418,84000,OK
2025-04-18,5137,スマートドライブ,グロース（内国株式）,情報･通信業,1834,1880,1802,1875,50,2.739726,8800,OK
2025-04-18,5138,Ｒｅｂａｓｅ,グロース（内国株式）,情報･通信業,1306,1361,1306,1346,32,2.435312,18600,OK
2025-04-18,5139,オープンワーク,グロース（内国株式）,情報･通信業,833,841,812,829,-3,-0.360577,79700,OK
2025-04-18,5142,アキレス,プライム（内国株式）,化学,1247,1305,1231,1297,73,5.964052,10900,OK
2025-04-18,5161,西川ゴム工業,スタンダード（内国株式）,ゴム製品,2399,2488,2391,2479,89,3.723849,153700,OK
2025-04-18,5162,朝日ラバー,スタンダード（内国株式）,ゴム製品,580,581,572,580,10,1.754386,1400,OK
2025-04-18,5184,ニチリン,スタンダード（内国株式）,ゴム製品,3365,3440,3350,3440,90,2.686567,10800,OK
2025-04-18,5185,フコク,プライム（内国株式）,ゴム製品,1505,1541,1499,1538,37,2.465023,17800,OK
2025-04-18,5186,ニッタ,プライム（内国株式）,ゴム製品,3555,3575,3505,3555,50,1.426534,18400,OK
2025-04-18,5187,クリエートメディック,スタンダード（内国株式）,精密機器,933,939,933,935,1,0.107066,10700,OK
2025-04-18,5189,櫻護謨,スタンダード（内国株式）,ゴム製品,1819,1820,1819,1820,15,0.831025,800,OK
2025-04-18,5191,住友理工,プライム（内国株式）,ゴム製品,1430,1459,1429,1458,34,2.38764,139500,OK
2025-04-18,5192,三ツ星ベルト,プライム（内国株式）,ゴム製品,3465,3500,3460,3485,45,1.30814,61200,OK
2025-04-18,5194,相模ゴム工業,スタンダード（内国株式）,ゴム製品,897,900,896,900,14,1.580135,3300,OK
2025-04-18,5195,バンドー化学,プライム（内国株式）,ゴム製品,1466,1489,1466,1489,36,2.477632,33600,OK
2025-04-18,5199,不二ラテックス,スタンダード（内国株式）,ゴム製品,1728,1778,1728,1777,16,0.908575,500,OK
2025-04-18,5201,ＡＧＣ,プライム（内国株式）,ガラス･土石製品,4261,4300,4258,4294,42,0.98777,373900,OK
2025-04-18,5202,日本板硝子,プライム（内国株式）,ガラス･土石製品,368,378,367,378,17,4.709141,733500,OK
2025-04-18,5204,石塚硝子,スタンダード（内国株式）,ガラス･土石製品,2393,2420,2387,2420,52,2.195946,4300,OK
2025-04-18,5208,有沢製作所,プライム（内国株式）,化学,1261,1273,1258,1270,15,1.195219,211000,OK
2025-04-18,5210,日本山村硝子,スタンダード（内国株式）,ガラス･土石製品,2220,2260,2220,2251,31,1.396396,33400,OK
2025-04-18,5214,日本電気硝子,プライム（内国株式）,ガラス･土石製品,3133,3166,3133,3153,20,0.638366,152900,OK
2025-04-18,5216,倉元製作所,スタンダード（内国株式）,ガラス･土石製品,212,222,208,219,8,3.791469,646400,OK
2025-04-18,5218,オハラ,スタンダード（内国株式）,ガラス･土石製品,986,1015,983,1015,37,3.783231,32300,OK
2025-04-18,5232,住友大阪セメント,プライム（内国株式）,ガラス･土石製品,3757,3780,3723,3780,60,1.612903,129400,OK
2025-04-18,5233,太平洋セメント,プライム（内国株式）,ガラス･土石製品,3889,3904,3855,3878,31,0.805823,202300,OK
2025-04-18,5237,ノザワ,スタンダード（内国株式）,ガラス･土石製品,810,810,806,810,4,0.496278,4200,OK
2025-04-18,5240,ｍｏｎｏＡＩ　ｔｅｃｈｎｏｌｏｇｙ,グロース（内国株式）,情報･通信業,257,275,254,274,21,8.300395,225200,OK
2025-04-18,5242,アイズ,グロース（内国株式）,情報･通信業,1265,1280,1260,1260,25,2.024291,1000,OK
2025-04-18,5243,ｎｏｔｅ,グロース（内国株式）,情報･通信業,1722,1729,1680,1689,-27,-1.573427,842600,OK
2025-04-18,5244,ｊｉｇ．ｊｐ,グロース（内国株式）,情報･通信業,240,245,238,243,6,2.531646,63700,OK
2025-04-18,5246,ＥＬＥＭＥＮＴＳ,グロース（内国株式）,情報･通信業,850,870,834,841,-7,-0.825472,993100,OK
2025-04-18,5247,ＢＴＭ,グロース（内国株式）,情報･通信業,777,804,775,780,3,0.3861,57300,OK
2025-04-18,5248,テクノロジーズ,グロース（内国株式）,情報･通信業,697,700,690,700,1,0.143062,11300,OK
2025-04-18,5249,あさかわシステムズ,TOKYO PRO MARKET（内国株式）,情報･通信業,,,,,,,,NO_QUOTE
2025-04-18,5250,プライム・ストラテジー,スタンダード（内国株式）,情報･通信業,975,980,951,965,18,1.900739,4300,OK
2025-04-18,5251,ウイズ・ワン,TOKYO PRO MARKET（内国株式）,情報･通信業,,,,,,,,NO_QUOTE
2025-04-18,5252,日本ナレッジ,グロース（内国株式）,情報･通信業,1277,1480,1200,1290,30,2.380952,93700,OK
2025-04-18,5253,カバー,グロース（内国株式）,情報･通信業,2139,2150,2103,2137,8,0.375763,3446100,OK
2025-04-18,5254,Ａｒｅｎｔ,グロース（内国株式）,情報･通信業,5080,5090,4950,5000,-80,-1.574803,30300,OK
2025-04-18,5255,モンスターラボ,グロース（内国株式）,情報･通信業,74,78,74,75,1,1.351351,344500,OK
2025-04-18,5256,Ｆｕｓｉｃ,グロース（内国株式）,情報･通信業,2354,2400,2354,2389,35,1.486831,1100,OK
2025-04-18,5257,ノバシステム,スタンダード（内国株式）,情報･通信業,2740,2799,2724,2766,59,2.179535,3100,OK
2025-04-18,5258,トランザクション・メディア・ネットワークス,グロース（内国株式）,情報･通信業,236,258,236,252,18,7.692308,574500,OK
2025-04-18,5259,ＢＢＤイニシアティブ,グロース（内国株式）,情報･通信業,1120,1151,1120,1148,36,3.23741,9000,OK
2025-04-18,5261,リソルホールディングス,プライム（内国株式）,サービス業,4950,4985,4925,4985,25,0.504032,3300,OK
2025-04-18,5262,日本ヒューム,プライム（内国株式）,ガラス･土石製品,1775,1830,1768,1819,49,2.768362,207700,OK
2025-04-18,5268,旭コンクリート工業,スタンダード（内国株式）,ガラス･土石製品,592,604,587,587,-3,-0.508475,6400,OK
2025-04-18,5269,日本コンクリート工業,プライム（内国株式）,ガラス･土石製品,322,330,321,330,10,3.125,53400,OK
2025-04-18,5271,トーヨーアサノ,スタンダード（内国株式）,ガラス･土石製品,2076,2110,2076,2110,-1,-0.047371,400,OK
2025-04-18,5273,三谷セキサン,スタンダード（内国株式）,ガラス･土石製品,6640,6970,6640,6930,390,5.963303,11100,OK
2025-04-18,5277,スパンクリートコーポレーション,スタンダード（内国株式）,ガラス･土石製品,451,452,451,451,0,0,4100,OK
2025-04-18,5279,日本興業,スタンダード（内国株式）,ガラス･土石製品,797,850,797,820,38,4.859335,6600,OK
2025-04-18,5280,ヨシコン,スタンダード（内国株式）,不動産業,1600,1633,1588,1631,35,2.192982,5300,OK
2025-04-18,5282,ジオスター,スタンダード（内国株式）,ガラス･土石製品,283,287,281,286,4,1.41844,26100,OK
2025-04-18,5283,高見澤,スタンダード（内国株式）,卸売業,3075,3105,3075,3105,-30,-0.956938,500,OK
2025-04-18,5284,ヤマウホールディングス,スタンダード（内国株式）,ガラス･土石製品,1673,1703,1671,1691,23,1.378897,9400,OK
2025-04-18,5285,ヤマックス,スタンダード（内国株式）,ガラス･土石製品,1316,1336,1313,1334,13,0.984103,29100,OK
2025-04-18,5287,イトーヨーギョー,スタンダード（内国株式）,ガラス･土石製品,606,609,600,600,-5,-0.826446,7900,OK
2025-04-18,5288,アジアパイルホールディングス,プライム（内国株式）,ガラス･土石製品,894,914,894,914,24,2.696629,49800,OK
2025-04-18,5290,ベルテクスコーポレーション,スタンダード（内国株式）,ガラス･土石製品,1848,1868,1845,1864,16,0.865801,16300,OK
2025-04-18,5301,東海カーボン,プライム（内国株式）,ガラス･土石製品,860,867.1,857.4,857.4,-5.7,-0.66041,726100,OK
2025-04-18,5302,日本カーボン,プライム（内国株式）,ガラス･土石製品,4010,4040,4010,4030,45,1.129235,29100,OK
2025-04-18,5304,ＳＥＣカーボン,スタンダード（内国株式）,ガラス･土石製品,1896,1919,1896,1919,24,1.266491,4800,OK
2025-04-18,5310,東洋炭素,プライム（内国株式）,ガラス･土石製品,3825,3880,3800,3850,20,0.522193,73900,OK
2025-04-18,5331,ノリタケ,プライム（内国株式）,ガラス･土石製品,3505,3570,3505,3560,65,1.8598,35200,OK
2025-04-18,5332,ＴＯＴＯ,プライム（内国株式）,ガラス･土石製品,3492,3498,3459,3486,-6,-0.171821,325700,OK
2025-04-18,5333,日本碍子,プライム（内国株式）,ガラス･土石製品,1671.5,1685,1670.5,1677,-6,-0.356506,504700,OK
2025-04-18,5334,日本特殊陶業,プライム（内国株式）,ガラス･土石製品,4127,4145,4074,4090,-37,-0.896535,752300,OK
2025-04-18,5337,ダントーホールディングス,スタンダード（内国株式）,ガラス･土石製品,449,461,444,445,2,0.451467,19900,OK
2025-04-18,5341,ＡＳＡＨＩ　ＥＩＴＯホールディングス,スタンダード（内国株式）,ガラス･土石製品,361,373,361,370,3,0.817439,4000,OK
2025-04-18,5344,ＭＡＲＵＷＡ,プライム（内国株式）,ガラス･土石製品,25480,25660,25220,25440,-470,-1.813971,77400,OK
2025-04-18,5351,品川リフラクトリーズ,プライム（内国株式）,ガラス･土石製品,1540,1565,1537,1562,27,1.758958,21700,OK
2025-04-18,5352,黒崎播磨,プライム（内国株式）,ガラス･土石製品,2407,2445,2400,2422,28,1.169591,31700,OK
2025-04-18,5355,日本坩堝,スタンダード（内国株式）,ガラス･土石製品,589,602,589,599,0,0,13000,OK
2025-04-18,5356,美濃窯業,スタンダード（内国株式）,ガラス･土石製品,785,795,784,795,12,1.532567,2500,OK
2025-04-18,5357,ヨータイ,プライム（内国株式）,ガラス･土石製品,1780,1783,1771,1778,5,0.282008,87700,OK
2025-04-18,5363,東京窯業,スタンダード（内国株式）,ガラス･土石製品,478,483,476,479,3,0.630252,46700,OK
2025-04-18,5367,ニッカトー,スタンダード（内国株式）,ガラス･土石製品,494,499,494,499,6,1.217039,10400,OK
2025-04-18,5368,日本インシュレーション,スタンダード（内国株式）,ガラス･土石製品,862,870,857,864,1,0.115875,7200,OK
2025-04-18,5380,新東,スタンダード（内国株式）,ガラス･土石製品,1485,1518,1485,1496,11,0.740741,3200,OK
2025-04-18,5381,Ｍｉｐｏｘ,スタンダード（内国株式）,ガラス･土石製品,475,480,470,478,4,0.843882,153500,OK
2025-04-18,5384,フジミインコーポレーテッド,プライム（内国株式）,ガラス･土石製品,1778,1786,1763,1766,-7,-0.394811,139300,OK
2025-04-18,5386,鶴弥,スタンダード（内国株式）,ガラス･土石製品,359,378,355,366,7,1.949861,235600,OK
2025-04-18,5388,クニミネ工業,スタンダード（内国株式）,ガラス･土石製品,1022,1022,1018,1021,4,0.393314,900,OK
2025-04-18,5391,エーアンドエーマテリアル,スタンダード（内国株式）,ガラス･土石製品,1095,1114,1095,1114,30,2.767528,9900,OK
2025-04-18,5393,ニチアス,プライム（内国株式）,ガラス･土石製品,4640,4726,4631,4698,86,1.864701,155000,OK
2025-04-18,5401,日本製鉄,プライム（内国株式）,鉄鋼,2978,2990,2974.5,2982.5,9.5,0.319543,1678500,OK
2025-04-18,5406,神戸製鋼所,プライム（内国株式）,鉄鋼,1610,1621,1607,1619.5,19.5,1.21875,1120500,OK
2025-04-18,5408,中山製鋼所,プライム（内国株式）,鉄鋼,727,735,724,731,11,1.527778,142300,OK
2025-04-18,5410,合同製鐵,プライム（内国株式）,鉄鋼,3605,3660,3605,3660,60,1.666667,62500,OK
2025-04-18,5411,ＪＦＥホールディングス,プライム（内国株式）,鉄鋼,1632.5,1643.5,1631.5,1642,16,0.98401,1612400,OK
2025-04-18,5423,東京製鐵,プライム（内国株式）,鉄鋼,1592,1620,1590,1620,38,2.402023,256300,OK
2025-04-18,5440,共英製鋼,プライム（内国株式）,鉄鋼,1847,1880,1847,1875,38,2.06859,58200,OK
2025-04-18,5444,大和工業,プライム（内国株式）,鉄鋼,8400,8418,8247,8310,-19,-0.228119,258500,OK
2025-04-18,5445,東京鐵鋼,プライム（内国株式）,鉄鋼,5610,5760,5610,5750,190,3.417266,48100,OK
2025-04-18,5446,北越メタル,スタンダード（内国株式）,鉄鋼,1354,1429,1345,1429,99,7.443609,10100,OK
2025-04-18,5449,大阪製鐵,スタンダード（内国株式）,鉄鋼,2522,2650,2422,2637,165,6.674757,68600,OK
2025-04-18,5451,淀川製鋼所,プライム（内国株式）,鉄鋼,5900,5940,5890,5940,130,2.237522,49100,OK
2025-04-18,5458,高砂鐵工,スタンダード（内国株式）,鉄鋼,893,916,893,912,19,2.12766,1800,OK
2025-04-18,5461,中部鋼鈑,プライム（内国株式）,鉄鋼,2078,2105,2065,2098,45,2.191914,49200,OK
2025-04-18,5463,丸一鋼管,プライム（内国株式）,鉄鋼,3295,3334,3281,3334,64,1.957187,146800,OK
2025-04-18,5464,モリ工業,スタンダード（内国株式）,鉄鋼,992,1031,986,1030,53,5.42477,21800,OK
2025-04-18,5471,大同特殊鋼,プライム（内国株式）,鉄鋼,1030.5,1039,1025,1035.5,15,1.469868,264400,OK
2025-04-18,5476,日本高周波鋼業,スタンダード（内国株式）,鉄鋼,337,351,334,348,11,3.264095,19400,OK
2025-04-18,5480,日本冶金工業,プライム（内国株式）,鉄鋼,3940,3975,3905,3975,85,2.18509,52600,OK
2025-04-18,5481,山陽特殊製鋼,プライム（内国株式）,鉄鋼,2747,2755,2745,2755,2,0.072648,23900,OK
2025-04-18,5482,愛知製鋼,プライム（内国株式）,鉄鋼,7600,7760,7550,7730,170,2.248677,64800,OK
2025-04-18,5484,東北特殊鋼,スタンダード（内国株式）,鉄鋼,1909,1917,1877,1917,-32,-1.641868,300,OK
2025-04-18,5491,日本金属,スタンダード（内国株式）,鉄鋼,580,580,570,575,5,0.877193,2200,OK
2025-04-18,5525,フロンティアホールディングス,TOKYO PRO MARKET（内国株式）,不動産業,,,,,,,,NO_QUOTE
2025-04-18,5527,ｐｒｏｐｅｒｔｙ　ｔｅｃｈｎｏｌｏｇｉｅｓ,グロース（内国株式）,不動産業,1036,1060,1033,1055,20,1.932367,18000,OK
2025-04-18,5528,フロンティアハウス,TOKYO PRO MARKET（内国株式）,不動産業,,,,,,,,NO_QUOTE
2025-04-18,5531,中山不動産,TOKYO PRO MARKET（内国株式）,不動産業,,,,,,,,NO_QUOTE
2025-04-18,5532,リアルゲイト,グロース（内国株式）,不動産業,1322,1358,1303,1356,61,4.710425,13900,OK
2025-04-18,5533,エリッツホールディングス,スタンダード（内国株式）,不動産業,1690,1690,1679,1679,-51,-2.947977,200,OK
2025-04-18,5534,エンゼルグループ,TOKYO PRO MARKET（内国株式）,不動産業,,,,,,,,NO_QUOTE
2025-04-18,5535,ミガロホールディングス,プライム（内国株式）,不動産業,2152,2171,2115,2141,21,0.990566,159400,OK
2025-04-18,5536,京橋アートレジデンス,TOKYO PRO MARKET（内国株式）,不動産業,,,,,,,,NO_QUOTE
2025-04-18,5537,ＡｌｂａＬｉｎｋ,TOKYO PRO MARKET（内国株式）,不動産業,,,,,,,,NO_QUOTE
2025-04-18,5541,大平洋金属,プライム（内国株式）,鉄鋼,1756,1764,1720,1764,38,2.201622,177100,OK
2025-04-18,5542,新報国マテリアル,スタンダード（内国株式）,鉄鋼,675,690,675,688,14,2.077151,5000,OK
2025-04-18,5563,新日本電工,プライム（内国株式）,鉄鋼,262,265,261,265,5,1.923077,340600,OK
2025-04-18,5570,ジェノバ,グロース（内国株式）,情報･通信業,671,681,663,681,14,2.098951,10300,OK
2025-04-18,5571,エキサイトホールディングス,スタンダード（内国株式）,情報･通信業,1225,1225,1205,1225,24,1.998335,2400,OK
2025-04-18,5572,Ｒｉｄｇｅ−ｉ,グロース（内国株式）,情報･通信業,2398,2444,2375,2435,60,2.526316,13000,OK
2025-04-18,5573,働楽ホールディングス,TOKYO PRO MARKET（内国株式）,情報･通信業,,,,,,,,NO_QUOTE
2025-04-18,5574,ＡＢＥＪＡ,グロース（内国株式）,情報･通信業,2645,2693,2503,2570,225,9.594883,1910700,OK
2025-04-18,5575,Ｇｌｏｂｅｅ,グロース（内国株式）,情報･通信業,833,835,823,826,-4,-0.481928,24600,OK
2025-04-18,5576,オービーシステム,スタンダード（内国株式）,情報･通信業,2328,2375,2328,2375,62,2.680502,3000,OK
2025-04-18,5577,アイデミー,グロース（内国株式）,情報･通信業,567,575,557,558,-7,-1.238938,8200,OK
2025-04-18,5578,ＡＲアドバンストテクノロジ,グロース（内国株式）,情報･通信業,1656,1744,1645,1744,48,2.830189,14100,OK
2025-04-18,5580,プロディライト,グロース（内国株式）,情報･通信業,1317,1330,1295,1315,-2,-0.15186,32100,OK
2025-04-18,5581,カイテクノロジー,TOKYO PRO MARKET（内国株式）,情報･通信業,,,,,,,,NO_QUOTE
2025-04-18,5582,グリッド,グロース（内国株式）,情報･通信業,2195,2231,2190,2219,3,0.135379,10000,OK
2025-04-18,5584,Ｓｔｒａｗｂｅｒｒｙ　ｊａｍｓ,TOKYO PRO MARKET（内国株式）,情報･通信業,,,,,,,,NO_QUOTE
2025-04-18,5585,エコナビスタ,グロース（内国株式）,情報･通信業,2187,2187,2186,2187,1,0.045746,87100,OK
2025-04-18,5586,Ｌａｂｏｒｏ．ＡＩ,グロース（内国株式）,情報･通信業,959,995,952,995,45,4.736842,95900,OK
2025-04-18,5587,インバウンドプラットフォーム,グロース（内国株式）,情報･通信業,684,706,684,691,6,0.875912,3200,OK
2025-04-18,5588,ファーストアカウンティング,グロース（内国株式）,情報･通信業,1517,1549,1509,1531,2,0.130804,21500,OK
2025-04-18,5589,オートサーバー,スタンダード（内国株式）,情報･通信業,2202,2218,2202,2218,17,0.772376,10200,OK
2025-04-18,5590,ネットスターズ,グロース（内国株式）,情報･通信業,764,795,761,777,24,3.187251,51000,OK
2025-04-18,5591,ＡＶＩＬＥＮ,グロース（内国株式）,情報･通信業,1086,1125,1086,1120,45,4.186047,15000,OK
2025-04-18,5592,くすりの窓口,グロース（内国株式）,情報･通信業,2257,2312,2194,2308,59,2.623388,88400,OK
2025-04-18,5594,エム・デー・ビー,TOKYO PRO MARKET（内国株式）,情報･通信業,,,,,,,,NO_QUOTE
2025-04-18,5595,ＱＰＳ研究所,グロース（内国株式）,情報･通信業,1234,1312,1218,1282,67,5.514403,6926100,OK
2025-04-18,5596,アウトルックコンサルティング,グロース（内国株式）,情報･通信業,1094,1095,1065,1093,-1,-0.091408,5100,OK
2025-04-18,5597,ブルーイノベーション,グロース（内国株式）,情報･通信業,930,948,909,944,16,1.724138,64400,OK
2025-04-18,5598,Ｙｏｔｔａｖｉａｓ,TOKYO PRO MARKET（内国株式）,情報･通信業,,,,,,,,NO_QUOTE
2025-04-18,5599,Ｓ＆Ｊ,グロース（内国株式）,情報･通信業,1151,1176,1151,1173,29,2.534965,13300,OK
2025-04-18,5602,栗本鐵工所,プライム（内国株式）,鉄鋼,4480,4570,4465,4570,90,2.008929,27300,OK
2025-04-18,5603,虹技,スタンダード（内国株式）,鉄鋼,1207,1214,1201,1201,4,0.334169,7300,OK
2025-04-18,5609,日本鋳造,スタンダード（内国株式）,鉄鋼,767,784,767,784,27,3.566711,2400,OK
2025-04-18,5612,日本鋳鉄管,スタンダード（内国株式）,鉄鋼,1273,1302,1273,1295,23,1.808176,8200,OK
2025-04-18,5616,雨風太陽,グロース（内国株式）,情報･通信業,1026,1158,1018,1046,16,1.553398,315600,OK
2025-04-18,5617,ウィル・ドゥ,TOKYO PRO MARKET（内国株式）,情報･通信業,,,,,,,,NO_QUOTE
2025-04-18,5618,ナイル,グロース（内国株式）,情報･通信業,295,303,268,270,-23,-7.849829,81100,OK
2025-04-18,5619,マーソ,グロース（内国株式）,情報･通信業,904,920,902,920,8,0.877193,2400,OK
2025-04-18,5620,エスピーオー,TOKYO PRO MARKET（内国株式）,情報･通信業,,,,,,,,NO_QUOTE
2025-04-18,5621,ヒューマンテクノロジーズ,グロース（内国株式）,情報･通信業,1481,1493,1441,1450,-25,-1.694915,100100,OK
2025-04-18,5622,ワンビ,TOKYO PRO MARKET（内国株式）,情報･通信業,,,,,,,,NO_QUOTE
2025-04-18,5631,日本製鋼所,プライム（内国株式）,機械,5770,5985,5760,5969,119,2.034188,1097300,OK
2025-04-18,5632,三菱製鋼,プライム（内国株式）,鉄鋼,1445,1458,1437,1449,15,1.046025,51600,OK
2025-04-18,5644,メタルアート,スタンダード（内国株式）,鉄鋼,2960,3005,2900,2967,10,0.338181,2900,OK
2025-04-18,5658,日亜鋼業,スタンダード（内国株式）,鉄鋼,306,308,305,307,2,0.655738,24100,OK
2025-04-18,5659,日本精線,プライム（内国株式）,鉄鋼,1152,1174,1145,1174,38,3.34507,22700,OK
2025-04-18,5660,神鋼鋼線工業,スタンダード（内国株式）,鉄鋼,1325,1349,1325,1337,15,1.134644,2500,OK
2025-04-18,5695,パウダーテック,スタンダード（内国株式）,鉄鋼,1995,2035,1995,2035,0,0,300,OK
2025-04-18,5697,サンユウ,スタンダード（内国株式）,鉄鋼,465,470,463,464,2,0.4329,6300,OK
2025-04-18,5698,エンビプロ・ホールディングス,プライム（内国株式）,鉄鋼,477,488,475,485,11,2.320675,75900,OK
2025-04-18,5699,イボキン,スタンダード（内国株式）,鉄鋼,1221,1271,1221,1250,30,2.459016,2000,OK
2025-04-18,5702,大紀アルミニウム工業所,プライム（内国株式）,非鉄金属,906,910,901,910,8,0.886918,98100,OK
2025-04-18,5703,日本軽金属ホールディングス,プライム（内国株式）,非鉄金属,1409,1424,1405,1424,24,1.714286,129000,OK
2025-04-18,5704,ＪＭＣ,グロース（内国株式）,非鉄金属,422,427,421,427,6,1.425178,2800,OK
2025-04-18,5706,三井金属鉱業,プライム（内国株式）,非鉄金属,3650,3710,3637,3702,73,2.011573,199900,OK
2025-04-18,5707,東邦亜鉛,プライム（内国株式）,非鉄金属,530,544,526,543,8,1.495327,91100,OK
2025-04-18,5711,三菱マテリアル,プライム（内国株式）,非鉄金属,2200,2219,2187.5,2213.5,24,1.096141,407700,OK
2025-04-18,5713,住友金属鉱山,プライム（内国株式）,非鉄金属,2973.5,3066,2947,3041,97,3.294837,2447400,OK
2025-04-18,5714,ＤＯＷＡホールディングス,プライム（内国株式）,非鉄金属,4374,4435,4351,4435,50,1.140251,103500,OK
2025-04-18,5715,古河機械金属,プライム（内国株式）,非鉄金属,2028,2095,2024,2095,67,3.303748,90200,OK
2025-04-18,5721,エス・サイエンス,スタンダード（内国株式）,非鉄金属,96,101,94,95,-6,-5.940594,16879800,OK
2025-04-18,5724,アサカ理研,スタンダード（内国株式）,非鉄金属,1020,1066,992,1005,-35,-3.365385,104600,OK
2025-04-18,5726,大阪チタニウムテクノロジーズ,プライム（内国株式）,非鉄金属,1557,1572,1511,1520,-17,-1.106051,541800,OK
2025-04-18,5727,東邦チタニウム,プライム（内国株式）,非鉄金属,940,945,929,931,-3,-0.321199,240700,OK
2025-04-18,5729,日本精鉱,スタンダード（内国株式）,非鉄金属,4990,5240,4990,5060,80,1.606426,9600,OK
2025-04-18,5741,ＵＡＣＪ,プライム（内国株式）,非鉄金属,4530,4600,4530,4570,40,0.883002,89700,OK
2025-04-18,5742,エヌアイシ・オートテック,スタンダード（内国株式）,非鉄金属,741,784,741,780,24,3.174603,2000,OK
2025-04-18,5753,日本伸銅,スタンダード（内国株式）,非鉄金属,2082,2082,1959,2044,-45,-2.154141,2600,OK
2025-04-18,5757,ＣＫサンエツ,プライム（内国株式）,非鉄金属,3620,3655,3595,3655,105,2.957746,6000,OK
2025-04-18,5801,古河電気工業,プライム（内国株式）,非鉄金属,4110,4199,4084,4153,11,0.265572,1205400,OK
2025-04-18,5802,住友電気工業,プライム（内国株式）,非鉄金属,2059,2072.5,2047,2056,-19,-0.915663,2513800,OK
2025-04-18,5803,フジクラ,プライム（内国株式）,非鉄金属,4546,4705,4534,4685,80,1.737242,17012300,OK
2025-04-18,5805,ＳＷＣＣ,プライム（内国株式）,非鉄金属,5980,6190,5980,6190,120,1.976936,254500,OK
2025-04-18,5816,オーナンバ,スタンダード（内国株式）,非鉄金属,872,888,872,885,13,1.490826,8800,OK
2025-04-18,5817,ＪＭＡＣＳ,スタンダード（内国株式）,非鉄金属,418,420,414,420,1,0.238663,2400,OK
2025-04-18,5819,カナレ電気,スタンダード（内国株式）,非鉄金属,1466,1486,1456,1463,11,0.757576,4300,OK
2025-04-18,5820,三ッ星,スタンダード（内国株式）,非鉄金属,726,744,726,744,4,0.540541,2000,OK
2025-04-18,5821,平河ヒューテック,プライム（内国株式）,非鉄金属,1133,1160,1127,1156,23,2.030009,16200,OK
2025-04-18,5830,いよぎんホールディングス,プライム（内国株式）,銀行業,1539.5,1563,1528,1560,41,2.699144,599100,OK
2025-04-18,5831,しずおかフィナンシャルグループ,プライム（内国株式）,銀行業,1485,1495,1476,1490.5,9,0.607492,1052700,OK
2025-04-18,5832,ちゅうぎんフィナンシャルグループ,プライム（内国株式）,銀行業,1471,1493,1466,1489.5,39.5,2.724138,193200,OK
2025-04-18,5834,ＳＢＩリーシングサービス,グロース（内国株式）,証券･商品先物取引業,2915,3060,2915,3060,147,5.046344,30300,OK
2025-04-18,5838,楽天銀行,プライム（内国株式）,銀行業,5660,5754,5638,5686,43,0.762006,896200,OK
2025-04-18,5840,日本総険,TOKYO PRO MARKET（内国株式）,保険業,,,,,,,,NO_QUOTE
2025-04-18,5842,インテグラル,グロース（内国株式）,証券･商品先物取引業,2772,2964,2754,2943,221,8.11903,176200,OK
2025-04-18,5843,ニッポンインシュア,スタンダード（内国株式）,その他金融業,1888,1888,1817,1867,10,0.538503,5600,OK
2025-04-18,5844,京都フィナンシャルグループ,プライム（内国株式）,銀行業,2182.5,2231.5,2182.5,2218,60.5,2.804171,1049200,OK
2025-04-18,5845,全保連,スタンダード（内国株式）,その他金融業,774,785,774,785,11,1.421189,52900,OK
2025-04-18,5851,リョービ,プライム（内国株式）,非鉄金属,1942,1994,1940,1994,51,2.624807,58600,OK
2025-04-18,5852,アーレスティ,プライム（内国株式）,非鉄金属,577,600,573,600,25,4.347826,115800,OK
2025-04-18,5856,エルアイイーエイチ,スタンダード（内国株式）,小売業,49,50,47,50,2,4.166667,430000,OK
2025-04-18,5857,ＡＲＥホールディングス,プライム（内国株式）,非鉄金属,1830,1869,1829,1869,42,2.298851,181700,OK
2025-04-18,5858,ＳＴＧ,グロース（内国株式）,非鉄金属,1270,1321,1270,1282,22,1.746032,17800,OK
2025-04-18,5866,ＷｉｚＢｉｚ,TOKYO PRO MARKET（内国株式）,サービス業,,,,,,,,NO_QUOTE
2025-04-18,5867,エスネットワークス,グロース（内国株式）,サービス業,885,900,885,889,8,0.908059,800,OK
2025-04-18,5868,ロココ,スタンダード（内国株式）,サービス業,778,787,778,786,9,1.158301,5200,OK
2025-04-18,5869,早稲田学習研究会,スタンダード（内国株式）,サービス業,1019,1023,1018,1020,2,0.196464,7800,OK
2025-04-18,5870,ナルネットコミュニケーションズ,グロース（内国株式）,サービス業,489,499,489,489,-1,-0.204082,6700,OK
2025-04-18,5871,ＳＯＬＩＺＥ,スタンダード（内国株式）,サービス業,1591,1681,1515,1641,-9,-0.545455,18700,OK
2025-04-18,5881,サンフェステ,TOKYO PRO MARKET（内国株式）,小売業,,,,,,,,NO_QUOTE
2025-04-18,5883,ＧＴホールディングス,TOKYO PRO MARKET（内国株式）,卸売業,,,,,,,,NO_QUOTE
2025-04-18,5884,クラダシ,グロース（内国株式）,小売業,331,332,326,327,-4,-1.208459,20800,OK
2025-04-18,5885,ジーデップ・アドバンス,スタンダード（内国株式）,卸売業,1694,1772,1685,1765,77,4.561611,16100,OK
2025-04-18,5886,ＯＯＫＡＢＥ　ＧＬＡＳＳ,TOKYO PRO MARKET（内国株式）,卸売業,,,,,,,,NO_QUOTE
2025-04-18,5887,光響,TOKYO PRO MARKET（内国株式）,卸売業,,,,,,,,NO_QUOTE
2025-04-18,5888,ＤＡＩＷＡ　ＣＹＣＬＥ,グロース（内国株式）,小売業,3850,4100,3815,4090,240,6.233766,21100,OK
2025-04-18,5889,Ｊａｐａｎ　Ｅｙｅｗｅａｒ　Ｈｏｌｄｉｎｇｓ,スタンダード（内国株式）,小売業,2024,2171,2014,2118,126,6.325301,162000,OK
2025-04-18,5890,オフィスバスターズ,TOKYO PRO MARKET（内国株式）,小売業,,,,,,,,NO_QUOTE
2025-04-18,5891,魁力屋,スタンダード（内国株式）,小売業,1720,1725,1709,1715,-5,-0.290698,5300,OK
2025-04-18,5892,ｙｕｔｏｒｉ,グロース（内国株式）,小売業,2078,2170,2078,2145,86,4.176785,34200,OK
2025-04-18,5893,ＲＡＶＩＰＡ,TOKYO PRO MARKET（内国株式）,小売業,,,,,,,,NO_QUOTE
2025-04-18,5900,ダイケン,スタンダード（内国株式）,金属製品,733,748,733,748,14,1.907357,400,OK
2025-04-18,5901,東洋製罐グループホールディングス,プライム（内国株式）,金属製品,2425,2438,2416.5,2438,5.5,0.226105,148100,OK
2025-04-18,5902,ホッカンホールディングス,プライム（内国株式）,金属製品,1617,1648,1616,1648,47,2.935665,14900,OK
2025-04-18,5903,シンポ,スタンダード（内国株式）,金属製品,1185,1199,1185,1192,7,0.590717,1000,OK
2025-04-18,5905,日本製罐,スタンダード（内国株式）,金属製品,1440,1468,1331,1347,-93,-6.458333,6400,OK
2025-04-18,5906,エムケー精工,スタンダード（内国株式）,金属製品,471,479,471,475,4,0.849257,4900,OK
2025-04-18,5909,コロナ,スタンダード（内国株式）,金属製品,921,933,920,933,20,2.190581,12300,OK
2025-04-18,5911,横河ブリッジホールディングス,プライム（内国株式）,金属製品,2495,2536,2490,2536,47,1.888309,88600,OK
2025-04-18,5915,駒井ハルテック,プライム（内国株式）,金属製品,1497,1522,1494,1522,34,2.284946,8300,OK
2025-04-18,5918,瀧上工業,スタンダード（内国株式）,金属製品,,,,,,,,NO_QUOTE
2025-04-18,5921,川岸工業,スタンダード（内国株式）,金属製品,3500,3550,3465,3535,25,0.712251,3100,OK
2025-04-18,5922,那須電機鉄工,スタンダード（内国株式）,金属製品,,,,,,,,NO_QUOTE
2025-04-18,5923,高田機工,スタンダード（内国株式）,金属製品,973,998,973,990,17,1.747174,2400,OK
2025-04-18,5928,アルメタックス,スタンダード（内国株式）,金属製品,239,253,236,242,4,1.680672,22000,OK
2025-04-18,5929,三和ホールディングス,プライム（内国株式）,金属製品,4500,4648,4493,4630,136,3.026257,265700,OK
2025-04-18,5930,文化シヤッター,プライム（内国株式）,金属製品,1981,2036,1979,2034,65,3.301168,75600,OK
2025-04-18,5932,三協立山,プライム（内国株式）,金属製品,600,614,599,614,16,2.675585,54200,OK
2025-04-18,5933,アルインコ,プライム（内国株式）,金属製品,969,985,969,985,27,2.818372,30000,OK
2025-04-18,5936,東洋シヤッター,スタンダード（内国株式）,金属製品,760,777,760,770,9,1.182654,3800,OK
2025-04-18,5938,ＬＩＸＩＬ,プライム（内国株式）,金属製品,1608.5,1622,1603.5,1620,20,1.25,935800,OK
2025-04-18,5939,大谷工業,スタンダード（内国株式）,金属製品,5660,5760,5650,5650,-210,-3.583618,900,OK
2025-04-18,5940,不二サッシ,スタンダード（内国株式）,金属製品,638,655,636,655,17,2.664577,25700,OK
2025-04-18,5941,中西製作所,スタンダード（内国株式）,金属製品,2444,2483,2413,2413,11,0.457952,1100,OK
2025-04-18,5942,日本フイルコン,スタンダード（内国株式）,金属製品,493,497,493,497,5,1.01626,15900,OK
2025-04-18,5943,ノーリツ,プライム（内国株式）,金属製品,1722,1740,1719,1737,35,2.056404,48200,OK
2025-04-18,5945,天龍製鋸,スタンダード（内国株式）,金属製品,1790,1797,1779,1797,0,0,1100,OK
2025-04-18,5946,長府製作所,プライム（内国株式）,金属製品,1771,1801,1768,1799,43,2.448747,26400,OK
2025-04-18,5947,リンナイ,プライム（内国株式）,金属製品,3141,3153,3125,3150,40,1.286174,235200,OK
2025-04-18,5949,ユニプレス,プライム（内国株式）,輸送用機器,945,959,943,959,20,2.129925,92200,OK
2025-04-18,5950,日本パワーファスニング,スタンダード（内国株式）,金属製品,213,220,213,214,1,0.469484,22800,OK
2025-04-18,5951,ダイニチ工業,スタンダード（内国株式）,金属製品,650,659,650,656,10,1.547988,29200,OK
2025-04-18,5952,アマテイ,スタンダード（内国株式）,金属製品,161,162,159,160,1,0.628931,138900,OK
2025-04-18,5955,ワイズホールディングス,スタンダード（内国株式）,金属製品,68,69,68,69,1,1.470588,637600,OK
2025-04-18,5956,トーソー,スタンダード（内国株式）,金属製品,508,514,508,510,2,0.393701,600,OK
2025-04-18,5957,日東精工,プライム（内国株式）,金属製品,564,576,558,576,18,3.225806,37400,OK
2025-04-18,5958,三洋工業,スタンダード（内国株式）,金属製品,2844,2879,2808,2851,18,0.635369,3300,OK
2025-04-18,5959,岡部,プライム（内国株式）,金属製品,849,868,846,868,26,3.087886,64500,OK
2025-04-18,5962,浅香工業,スタンダード（内国株式）,その他製品,1538,1538,1538,1538,-27,-1.72524,100,OK
2025-04-18,5965,フジマック,スタンダード（内国株式）,金属製品,1001,1010,995,997,10,1.013171,12000,OK
2025-04-18,5966,京都機械工具,スタンダード（内国株式）,金属製品,,,,,,,,NO_QUOTE
2025-04-18,5967,ＴＯＮＥ,スタンダード（内国株式）,金属製品,507,507,490,500,6,1.214575,6600,OK
2025-04-18,5969,ロブテックス,スタンダード（内国株式）,金属製品,1179,1180,1179,1180,1,0.084818,300,OK
2025-04-18,5970,ジーテクト,プライム（内国株式）,金属製品,1528,1567,1528,1567,39,2.552356,82400,OK
2025-04-18,5971,共和工業所,スタンダード（内国株式）,金属製品,5550,5670,5550,5650,100,1.801802,1200,OK
2025-04-18,5973,トーアミ,スタンダード（内国株式）,金属製品,,,,,,,,NO_QUOTE
2025-04-18,5974,中国工業,スタンダード（内国株式）,金属製品,507,508,501,501,-5,-0.988142,2300,OK
2025-04-18,5975,東プレ,プライム（内国株式）,金属製品,1636,1666,1627,1666,52,3.221809,33100,OK
2025-04-18,5976,高周波熱錬,プライム（内国株式）,金属製品,899,913,898,913,20,2.239642,57600,OK
2025-04-18,5981,東京製綱,プライム（内国株式）,金属製品,1199,1229,1199,1229,19,1.570248,23300,OK
2025-04-18,5982,マルゼン,スタンダード（内国株式）,金属製品,3190,3200,3145,3145,-45,-1.410658,4700,OK
2025-04-18,5983,イワブチ,スタンダード（内国株式）,金属製品,6120,6120,6120,6120,90,1.492537,200,OK
2025-04-18,5984,兼房,スタンダード（内国株式）,金属製品,649,649,648,648,0,0,2900,OK
2025-04-18,5985,サンコール,スタンダード（内国株式）,金属製品,301,310,301,310,13,4.377104,62300,OK
2025-04-18,5986,モリテック　スチール,スタンダード（内国株式）,金属製品,174,177,173,174,1,0.578035,44800,OK
2025-04-18,5987,オーネックス,スタンダード（内国株式）,金属製品,2414,2619,2414,2600,100,4,7200,OK
2025-04-18,5988,パイオラックス,プライム（内国株式）,金属製品,2108,2133,2091,2122,42,2.019231,74500,OK
2025-04-18,5989,エイチワン,プライム（内国株式）,金属製品,1095,1113,1083,1113,31,2.865065,78500,OK
2025-04-18,5990,スーパーツール,スタンダード（内国株式）,金属製品,1950,1950,1949,1950,0,0,400,OK
2025-04-18,5991,日本発條,プライム（内国株式）,金属製品,1457.5,1475,1456,1472,32,2.222222,602700,OK
2025-04-18,5992,中央発條,スタンダード（内国株式）,金属製品,1563,1619,1563,1608,57,3.675048,29900,OK
2025-04-18,5994,ファインシンター,スタンダード（内国株式）,金属製品,774,798,774,794,27,3.520209,4400,OK
2025-04-18,5997,協立エアテック,スタンダード（内国株式）,金属製品,580,582,580,582,2,0.344828,500,OK
2025-04-18,5998,アドバネクス,スタンダード（内国株式）,金属製品,812,823,812,820,12,1.485149,1600,OK
2025-04-18,6005,三浦工業,プライム（内国株式）,機械,2907.5,2960,2879,2944.5,51,1.762571,359500,OK
2025-04-18,6013,タクマ,プライム（内国株式）,機械,1780,1809,1772,1809,36,2.030457,116700,OK
2025-04-18,6016,ジャパンエンジンコーポレーション,スタンダード（内国株式）,輸送用機器,2882,2986,2881,2966,63,2.170169,62300,OK
2025-04-18,6018,阪神内燃機工業,スタンダード（内国株式）,輸送用機器,2272,2281,2272,2281,24,1.063358,500,OK
2025-04-18,6022,赤阪鐵工所,スタンダード（内国株式）,機械,1700,1702,1680,1690,-10,-0.588235,3300,OK
2025-04-18,6023,ダイハツディーゼル,スタンダード（内国株式）,輸送用機器,1587,1696,1587,1676,105,6.683641,243100,OK
2025-04-18,6026,ＧＭＯ　ＴＥＣＨ,グロース（内国株式）,サービス業,9450,9590,9370,9410,-40,-0.42328,2600,OK
2025-04-18,6027,弁護士ドットコム,グロース（内国株式）,サービス業,2553,2671,2530,2602,49,1.919311,137100,OK
2025-04-18,6028,テクノプロ・ホールディングス,プライム（内国株式）,サービス業,3140,3195,3131,3188,70,2.245029,370700,OK
2025-04-18,6029,アトラグループ,スタンダード（内国株式）,サービス業,148,151,137,137,-10,-6.802721,847800,OK
2025-04-18,6030,アドベンチャー,グロース（内国株式）,サービス業,3550,3720,3545,3720,220,6.285714,30700,OK
2025-04-18,6031,ＺＥＴＡ,グロース（内国株式）,サービス業,313,319,313,317,6,1.92926,52500,OK
2025-04-18,6033,エクストリーム,グロース（内国株式）,サービス業,1157,1182,1156,1168,12,1.038062,4400,OK
2025-04-18,6034,ＭＲＴ,グロース（内国株式）,サービス業,690,697,690,697,14,2.04978,1800,OK
2025-04-18,6035,アイ・アールジャパンホールディングス,プライム（内国株式）,サービス業,637,655,635,655,20,3.149606,38900,OK
2025-04-18,6036,ＫｅｅＰｅｒ技研,プライム（内国株式）,サービス業,3970,4065,3970,4065,95,2.392947,57100,OK
2025-04-18,6037,楽待,スタンダード（内国株式）,サービス業,884,920,879,909,23,2.595937,107000,OK
2025-04-18,6038,イード,グロース（内国株式）,サービス業,859,860,849,857,-2,-0.232829,13300,OK
2025-04-18,6039,日本動物高度医療センター,グロース（内国株式）,サービス業,2592,2645,2576,2576,6,0.233463,3100,OK
2025-04-18,6040,日本スキー場開発,グロース（内国株式）,サービス業,413,421,409,421,8,1.937046,75200,OK
2025-04-18,6042,ニッキ,スタンダード（内国株式）,輸送用機器,,,,,,,,NO_QUOTE
2025-04-18,6044,三機サービス,スタンダード（内国株式）,サービス業,1062,1075,1062,1069,2,0.187441,5300,OK
2025-04-18,6045,レントラックス,グロース（内国株式）,サービス業,1010,1020,1007,1020,12,1.190476,16400,OK
2025-04-18,6046,リンクバル,グロース（内国株式）,サービス業,110,112,110,112,2,1.818182,27000,OK
2025-04-18,6047,Ｇｕｎｏｓｙ,プライム（内国株式）,サービス業,572,585,572,578,6,1.048951,97600,OK
2025-04-18,6048,デザインワン・ジャパン,スタンダード（内国株式）,サービス業,110,110,108,110,1,0.917431,62000,OK
2025-04-18,6049,イトクロ,グロース（内国株式）,サービス業,258,258,254,255,-1,-0.390625,6700,OK
2025-04-18,6050,イー・ガーディアン,プライム（内国株式）,サービス業,2038,2100,2020,2100,73,3.601381,26700,OK
2025-04-18,6054,リブセンス,スタンダード（内国株式）,サービス業,133,137,132,133,0,0,34400,OK
2025-04-18,6055,ジャパンマテリアル,プライム（内国株式）,サービス業,1025,1042,1020,1031,0,0,373900,OK
2025-04-18,6058,ベクトル,プライム（内国株式）,サービス業,880,904,876,889,12,1.368301,230000,OK
2025-04-18,6059,ウチヤマホールディングス,スタンダード（内国株式）,サービス業,296,300,295,298,-1,-0.334448,7200,OK
2025-04-18,6060,こころネット,スタンダード（内国株式）,サービス業,934,955,934,955,21,2.248394,200,OK
2025-04-18,6061,ユニバーサル園芸社,スタンダード（内国株式）,サービス業,4145,4205,4080,4205,5,0.119048,700,OK
2025-04-18,6062,チャーム・ケア・コーポレーション,プライム（内国株式）,サービス業,1226,1235,1216,1235,13,1.06383,43400,OK
2025-04-18,6063,日本エマージェンシーアシスタンス,スタンダード（内国株式）,サービス業,1191,1255,1191,1227,26,2.164863,6300,OK
2025-04-18,6069,トレンダーズ,グロース（内国株式）,サービス業,874,895,869,895,33,3.828306,47500,OK
2025-04-18,6070,キャリアリンク,プライム（内国株式）,サービス業,2107,2142,2092,2136,40,1.908397,17200,OK
2025-04-18,6071,ＩＢＪ,プライム（内国株式）,サービス業,606,619,606,617,13,2.152318,47800,OK
2025-04-18,6072,地盤ネットホールディングス,グロース（内国株式）,サービス業,160,167,160,167,6,3.726708,198600,OK
2025-04-18,6073,アサンテ,プライム（内国株式）,サービス業,1616,1628,1609,1628,25,1.559576,15400,OK
2025-04-18,6074,ジェイエスエス,スタンダード（内国株式）,サービス業,413,413,406,408,-7,-1.686747,3200,OK
2025-04-18,6078,バリューＨＲ,プライム（内国株式）,サービス業,1511,1550,1510,1550,47,3.127079,19000,OK
2025-04-18,6080,Ｍ＆Ａキャピタルパートナーズ,プライム（内国株式）,サービス業,2734,2802,2714,2802,68,2.487198,72200,OK
2025-04-18,6081,アライドアーキテクツ,グロース（内国株式）,サービス業,174,180,174,178,5,2.890173,21700,OK
2025-04-18,6082,ライドオンエクスプレスホールディングス,スタンダード（内国株式）,サービス業,1000,1008,999,1007,14,1.409869,19800,OK
2025-04-18,6083,ＥＲＩホールディングス,スタンダード（内国株式）,サービス業,2063,2155,2063,2155,92,4.459525,9100,OK
2025-04-18,6085,アーキテクツ・スタジオ・ジャパン,グロース（内国株式）,サービス業,151,164,150,156,10,6.849315,1255500,OK
2025-04-18,6086,シンメンテホールディングス,グロース（内国株式）,サービス業,747,764,742,756,9,1.204819,6200,OK
2025-04-18,6087,アビスト,スタンダード（内国株式）,サービス業,3100,3145,3100,3105,0,0,1400,OK
2025-04-18,6088,シグマクシス・ホールディングス,プライム（内国株式）,サービス業,1004,1033,995,1027,28,2.802803,284100,OK
2025-04-18,6089,ウィルグループ,プライム（内国株式）,サービス業,950,970,949,970,30,3.191489,28700,OK
2025-04-18,6090,ヒューマン・メタボローム・テクノロジーズ,グロース（内国株式）,サービス業,676,701,676,680,4,0.591716,11600,OK
2025-04-18,6091,ウエスコホールディングス,スタンダード（内国株式）,サービス業,658,659,653,654,-1,-0.152672,4900,OK
2025-04-18,6092,エンバイオ・ホールディングス,スタンダード（内国株式）,サービス業,573,574,573,574,11,1.953819,1800,OK
2025-04-18,6093,エスクロー・エージェント・ジャパン,スタンダード（内国株式）,サービス業,128,130,127,130,3,2.362205,169100,OK
2025-04-18,6094,フリークアウト・ホールディングス,グロース（内国株式）,サービス業,498,519,495,515,21,4.251012,61400,OK
2025-04-18,6095,メドピア,プライム（内国株式）,サービス業,434,442,431,442,11,2.552204,42800,OK
2025-04-18,6096,レアジョブ,スタンダード（内国株式）,サービス業,407,407,396,398,-11,-2.689487,2600,OK
2025-04-18,6098,リクルートホールディングス,プライム（内国株式）,サービス業,7566,7594,7407,7416,-275,-3.575608,3612400,OK
2025-04-18,6099,エラン,プライム（内国株式）,サービス業,708,719,707,719,14,1.985816,25600,OK
2025-04-18,6101,ツガミ,プライム（内国株式）,機械,1646,1666,1636,1656,29,1.782422,111100,OK
2025-04-18,6103,オークマ,プライム（内国株式）,機械,3135,3140,3090,3095,-25,-0.801282,171400,OK
2025-04-18,6104,芝浦機械,プライム（内国株式）,機械,3420,3490,3420,3480,75,2.202643,33800,OK
2025-04-18,6113,アマダ,プライム（内国株式）,機械,1349.5,1380.5,1341.5,1378,43.5,3.259648,1223100,OK
2025-04-18,6118,アイダエンジニアリング,プライム（内国株式）,機械,890,903,888,903,19,2.149321,256900,OK
2025-04-18,6125,岡本工作機械製作所,スタンダード（内国株式）,機械,3205,3285,3205,3270,50,1.552795,8200,OK
2025-04-18,6131,浜井産業,スタンダード（内国株式）,機械,1315,1316,1315,1315,0,0,2600,OK
2025-04-18,6134,ＦＵＪＩ,プライム（内国株式）,機械,1986,2001,1976,2000.5,29.5,1.496702,168900,OK
2025-04-18,6135,牧野フライス製作所,プライム（内国株式）,機械,11340,11810,11340,11620,300,2.650177,237800,OK
2025-04-18,6136,オーエスジー,プライム（内国株式）,機械,1600,1617.5,1599.5,1606.5,8.5,0.531915,255500,OK
2025-04-18,6137,小池酸素工業,スタンダード（内国株式）,機械,1101,1110,1098,1103,2,0.181653,12300,OK
2025-04-18,6138,ダイジェット工業,スタンダード（内国株式）,機械,675,688,675,688,18,2.686567,500,OK
2025-04-18,6140,旭ダイヤモンド工業,プライム（内国株式）,機械,731,740,731,740,11,1.508916,117000,OK
2025-04-18,6141,ＤＭＧ森精機,プライム（内国株式）,機械,2368,2376.5,2338.5,2365,-1,-0.042265,789000,OK
2025-04-18,6143,ソディック,プライム（内国株式）,機械,721,736,721,732,21,2.953586,225000,OK
2025-04-18,6144,西部電機,スタンダード（内国株式）,機械,1876,1890,1870,1870,-30,-1.578947,1200,OK
2025-04-18,6145,ＮＩＴＴＯＫＵ,スタンダード（内国株式）,機械,1950,1974,1950,1974,13,0.662927,51000,OK
2025-04-18,6146,ディスコ,プライム（内国株式）,機械,26595,27870,25565,26760,230,0.866943,13292700,OK
2025-04-18,6147,ヤマザキ,スタンダード（内国株式）,機械,308,308,278,292,-11,-3.630363,404300,OK
2025-04-18,6149,小田原エンジニアリング,スタンダード（内国株式）,機械,1722,1778,1722,1771,32,1.840138,8900,OK
2025-04-18,6150,タケダ機械,スタンダード（内国株式）,機械,3205,3645,3190,3475,295,9.27673,46200,OK
2025-04-18,6151,日東工器,プライム（内国株式）,機械,1671,1714,1670,1700,43,2.595051,11800,OK
2025-04-18,6155,高松機械工業,スタンダード（内国株式）,機械,453,455,444,444,-10,-2.202643,2400,OK
2025-04-18,6156,エーワン精密,スタンダード（内国株式）,機械,1798,1808,1789,1798,0,0,6800,OK
2025-04-18,6157,日進工具,プライム（内国株式）,機械,689,702,688,700,18,2.639296,16800,OK
2025-04-18,6158,和井田製作所,スタンダード（内国株式）,機械,922,922,900,900,-12,-1.315789,4600,OK
2025-04-18,6159,ミクロン精密,スタンダード（内国株式）,機械,1512,1601,1512,1590,108,7.287449,8000,OK
2025-04-18,6161,エスティック,スタンダード（内国株式）,機械,830,831,822,826,3,0.36452,5100,OK
2025-04-18,6165,パンチ工業,スタンダード（内国株式）,機械,365,369,365,369,4,1.09589,48300,OK
2025-04-18,6166,中村超硬,グロース（内国株式）,機械,297,305,297,304,2,0.662252,16500,OK
2025-04-18,6167,冨士ダイス,プライム（内国株式）,機械,686,703,683,700,21,3.092784,21400,OK
2025-04-18,6168,ＯＮＥ　ＧＲＯＵＰ,TOKYO PRO MARKET（内国株式）,機械,,,,,,,,NO_QUOTE
2025-04-18,6171,土木管理総合試験所,スタンダード（内国株式）,サービス業,348,358,344,358,11,3.170029,60800,OK
2025-04-18,6173,アクアライン,グロース（内国株式）,サービス業,310,315,301,313,14,4.682274,12000,OK
2025-04-18,6174,デンタス,TOKYO PRO MARKET（内国株式）,サービス業,,,,,,,,NO_QUOTE
2025-04-18,6176,ブランジスタ,グロース（内国株式）,サービス業,585,595,563,576,-19,-3.193277,134200,OK
2025-04-18,6177,ＡｐｐＢａｎｋ,グロース（内国株式）,サービス業,81,85,81,83,2,2.469136,230300,OK
2025-04-18,6178,日本郵政,プライム（内国株式）,サービス業,1332.5,1346,1332.5,1339.5,14.5,1.09434,3142400,OK
2025-04-18,6180,ＧＭＯメディア,グロース（内国株式）,サービス業,4380,4645,4380,4570,260,6.032483,8300,OK
2025-04-18,6181,タメニー,グロース（内国株式）,サービス業,130,132,127,132,3,2.325581,140400,OK
2025-04-18,6182,メタリアル,グロース（内国株式）,サービス業,490,508,490,498,8,1.632653,27200,OK
2025-04-18,6183,ベルシステム２４ホールディングス,プライム（内国株式）,サービス業,1143,1160,1142,1155,8,0.697472,162000,OK
2025-04-18,6184,鎌倉新書,プライム（内国株式）,サービス業,449,455,447,454,9,2.022472,76500,OK
2025-04-18,6185,ＳＭＮ,スタンダード（内国株式）,サービス業,385,404,385,399,14,3.636364,57500,OK
2025-04-18,6186,一蔵,スタンダード（内国株式）,サービス業,393,397,390,390,-3,-0.763359,4100,OK
2025-04-18,6189,グローバルキッズＣＯＭＰＡＮＹ,スタンダード（内国株式）,サービス業,675,678,666,678,7,1.043219,3700,OK
2025-04-18,6190,フェニックスバイオ,グロース（内国株式）,サービス業,321,343,321,327,6,1.869159,70000,OK
2025-04-18,6191,エアトリ,プライム（内国株式）,サービス業,897,920,895,916,22,2.46085,82800,OK
2025-04-18,6193,バーチャレクス・ホールディングス,グロース（内国株式）,サービス業,757,798,757,798,42,5.555556,4700,OK
2025-04-18,6194,アトラエ,プライム（内国株式）,サービス業,682,689,672,686,11,1.62963,65100,OK
2025-04-18,6195,ホープ,グロース（内国株式）,サービス業,202,213,202,205,3,1.485149,153900,OK
2025-04-18,6196,ストライク,プライム（内国株式）,サービス業,2860,2919,2860,2911,51,1.783217,105200,OK
2025-04-18,6197,ソラスト,プライム（内国株式）,サービス業,447,451,442,450,5,1.123596,149100,OK
2025-04-18,6198,キャリア,グロース（内国株式）,サービス業,328,328,322,323,0,0,2800,OK
2025-04-18,6199,セラク,スタンダード（内国株式）,サービス業,1455,1455,1414,1428,-21,-1.449275,73000,OK
2025-04-18,6200,インソース,プライム（内国株式）,サービス業,838,850,828,847,18,2.171291,535500,OK
2025-04-18,6201,豊田自動織機,プライム（内国株式）,輸送用機器,12650,12855,12610,12800,215,1.708383,546200,OK
2025-04-18,6203,豊和工業,スタンダード（内国株式）,機械,1090,1113,1085,1097,-5,-0.453721,221000,OK
2025-04-18,6208,石川製作所,スタンダード（内国株式）,機械,1340,1369,1318,1358,9,0.667161,68300,OK
2025-04-18,6209,リケンＮＰＲ,プライム（内国株式）,機械,2210,2263,2200,2260,84,3.860294,76900,OK
2025-04-18,6210,ＴＯＹＯイノベックス,スタンダード（内国株式）,機械,560,563,557,563,7,1.258993,30800,OK
2025-04-18,6217,津田駒工業,スタンダード（内国株式）,機械,390,390,381,381,-5,-1.295337,2100,OK
2025-04-18,6218,エンシュウ,スタンダード（内国株式）,機械,426,435,426,435,9,2.112676,2000,OK
2025-04-18,6222,島精機製作所,プライム（内国株式）,機械,776,794,774,794,27,3.520209,75300,OK
2025-04-18,6223,西部技研,スタンダード（内国株式）,機械,1485,1498,1483,1498,3,0.200669,23400,OK
2025-04-18,6224,ＪＲＣ,グロース（内国株式）,機械,954,970,947,950,0,0,32500,OK
2025-04-18,6226,守谷輸送機工業,スタンダード（内国株式）,機械,2778,2827,2767,2812,16,0.572246,70800,OK
2025-04-18,6227,ＡＩメカテック,スタンダード（内国株式）,機械,2277,2300,2186,2204,-106,-4.588745,173300,OK
2025-04-18,6228,ジェイ・イー・ティ,スタンダード（内国株式）,機械,774,818,774,818,45,5.821475,21100,OK
2025-04-18,6229,オーケーエム,スタンダード（内国株式）,機械,1202,1237,1198,1214,12,0.998336,7100,OK
2025-04-18,6230,ＳＡＮＥＩ,スタンダード（内国株式）,機械,1827,1851,1821,1821,11,0.607735,2100,OK
2025-04-18,6231,木村工機,スタンダード（内国株式）,機械,8810,8960,8600,8870,210,2.424942,4400,OK
2025-04-18,6232,ＡＣＳＬ,グロース（内国株式）,機械,1017,1021,993,1017,-14,-1.357905,327800,OK
2025-04-18,6233,ＫＬＡＳＳ,スタンダード（内国株式）,機械,383,423,381,395,-12,-2.948403,229600,OK
2025-04-18,6235,オプトラン,プライム（内国株式）,機械,1320,1329,1313,1325,7,0.531108,67800,OK
2025-04-18,6237,イワキ,プライム（内国株式）,機械,2158,2292,2141,2292,151,7.052779,16100,OK
2025-04-18,6238,フリュー,プライム（内国株式）,機械,907,936,903,936,34,3.769401,134800,OK
2025-04-18,6239,ナガオカ,スタンダード（内国株式）,機械,1162,1178,1151,1175,18,1.555748,8300,OK
2025-04-18,6240,ヤマシンフィルタ,プライム（内国株式）,機械,481,498,479,495,13,2.697095,371600,OK
2025-04-18,6245,ヒラノテクシード,スタンダード（内国株式）,機械,1524,1558,1512,1555,43,2.843915,52100,OK
2025-04-18,6246,テクノスマート,スタンダード（内国株式）,機械,1549,1561,1549,1555,6,0.387347,5500,OK
2025-04-18,6247,日阪製作所,プライム（内国株式）,機械,939,958,935,956,27,2.906351,39600,OK
2025-04-18,6248,横田製作所,スタンダード（内国株式）,機械,1499,1499,1474,1474,-25,-1.667779,200,OK
2025-04-18,6249,ゲームカード・ジョイコホールディングス,スタンダード（内国株式）,機械,2204,2259,2204,2250,46,2.087114,17200,OK
2025-04-18,6250,やまびこ,プライム（内国株式）,機械,2070,2104,2070,2087,18,0.869986,87100,OK
2025-04-18,6254,野村マイクロ・サイエンス,プライム（内国株式）,機械,2132,2188,2130,2177,22,1.020882,398000,OK
2025-04-18,6255,エヌ・ピー・シー,グロース（内国株式）,機械,614,629,609,628,13,2.113821,341300,OK
2025-04-18,6257,藤商事,スタンダード（内国株式）,機械,1065,1077,1063,1072,12,1.132075,16000,OK
2025-04-18,6258,平田機工,プライム（内国株式）,機械,1334,1340,1322,1340,19,1.438304,107500,OK
2025-04-18,6262,ＰＥＧＡＳＵＳ,プライム（内国株式）,機械,451,463,450,462,16,3.587444,39500,OK
2025-04-18,6264,マルマエ,プライム（内国株式）,機械,1067,1083,1047,1052,-21,-1.95713,110700,OK
2025-04-18,6265,コンバム,スタンダード（内国株式）,機械,2028,2038,1950,2035,47,2.364185,2300,OK
2025-04-18,6266,タツモ,プライム（内国株式）,機械,1605,1613,1588,1606,1,0.062305,76600,OK
2025-04-18,6267,ゼネラルパッカー,スタンダード（内国株式）,機械,2782,2860,2782,2854,74,2.661871,1800,OK
2025-04-18,6268,ナブテスコ,プライム（内国株式）,機械,2050,2063.5,2041,2061,-0.5,-0.024254,327300,OK
2025-04-18,6269,三井海洋開発,プライム（内国株式）,機械,3585,3695,3560,3680,115,3.225806,203900,OK
2025-04-18,6272,レオン自動機,プライム（内国株式）,機械,1100,1129,1100,1123,25,2.276867,64000,OK
2025-04-18,6273,ＳＭＣ,プライム（内国株式）,機械,44200,44340,43320,43400,-1200,-2.690583,308900,OK
2025-04-18,6276,シリウスビジョン,スタンダード（内国株式）,電気機器,271,282,268,270,-5,-1.818182,106300,OK
2025-04-18,6277,ホソカワミクロン,プライム（内国株式）,機械,3780,3895,3770,3885,150,4.016064,18700,OK
2025-04-18,6278,ユニオンツール,プライム（内国株式）,機械,3415,3485,3415,3480,80,2.352941,24800,OK
2025-04-18,6279,瑞光,プライム（内国株式）,機械,1061,1105,1048,1105,44,4.147031,50700,OK
2025-04-18,6282,オイレス工業,プライム（内国株式）,機械,2135,2148,2132,2144,36,1.70778,36400,OK
2025-04-18,6284,日精エー・エス・ビー機械,プライム（内国株式）,機械,4425,4445,4400,4440,40,0.909091,20500,OK
2025-04-18,6286,靜甲,スタンダード（内国株式）,機械,803,815,803,810,9,1.123596,1400,OK
2025-04-18,6287,サトー,プライム（内国株式）,機械,1985,1993,1959,1993,22,1.116185,36200,OK
2025-04-18,6289,技研製作所,プライム（内国株式）,機械,1429,1463,1427,1457,33,2.317416,42500,OK
2025-04-18,6291,日本エアーテック,スタンダード（内国株式）,機械,1034,1048,1033,1043,17,1.65692,19200,OK
2025-04-18,6292,カワタ,スタンダード（内国株式）,機械,738,751,738,742,0,0,13600,OK
2025-04-18,6293,日精樹脂工業,プライム（内国株式）,機械,798,809,795,808,20,2.538071,24000,OK
2025-04-18,6294,オカダアイヨン,プライム（内国株式）,機械,1785,1816,1785,1816,26,1.452514,15800,OK
2025-04-18,6297,鉱研工業,スタンダード（内国株式）,機械,421,426,421,423,3,0.714286,5900,OK
2025-04-18,6298,ワイエイシイホールディングス,プライム（内国株式）,機械,736,749,733,749,13,1.766304,72400,OK
2025-04-18,6301,小松製作所,プライム（内国株式）,機械,4056,4065,4022,4044,-26,-0.638821,2668000,OK
2025-04-18,6302,住友重機械工業,プライム（内国株式）,機械,2875,2898,2870,2898,22.5,0.782473,335500,OK
2025-04-18,6305,日立建機,プライム（内国株式）,機械,4095,4105,4033,4086,12,0.294551,952700,OK
2025-04-18,6306,日工,プライム（内国株式）,機械,660,667,658,666,11,1.679389,55600,OK
2025-04-18,6307,サンセイ,スタンダード（内国株式）,機械,374,374,371,373,2,0.539084,3500,OK
2025-04-18,6309,巴工業,プライム（内国株式）,機械,4185,4295,4155,4295,150,3.618818,43300,OK
2025-04-18,6310,井関農機,プライム（内国株式）,機械,1013,1045,1011,1034,23,2.274975,73900,OK
2025-04-18,6312,フロイント産業,スタンダード（内国株式）,機械,730,731,713,727,-3,-0.410959,5200,OK
2025-04-18,6315,ＴＯＷＡ,プライム（内国株式）,機械,1335,1380,1309,1330,-32,-2.349486,4257800,OK
2025-04-18,6316,丸山製作所,スタンダード（内国株式）,機械,1943,1997,1930,1940,21,1.09432,3500,OK
2025-04-18,6317,北川鉄工所,スタンダード（内国株式）,機械,1107,1145,1107,1132,32,2.909091,9600,OK
2025-04-18,6319,シンニッタン,スタンダード（内国株式）,鉄鋼,402,403,401,402,1,0.249377,21100,OK
2025-04-18,6322,タクミナ,スタンダード（内国株式）,機械,1556,1562,1552,1556,-6,-0.384123,1000,OK
2025-04-18,6323,ローツェ,プライム（内国株式）,機械,1399.5,1422,1380,1400.5,-13,-0.919703,1681500,OK
2025-04-18,6324,ハーモニック・ドライブ・システムズ,スタンダード（内国株式）,機械,2644,2652,2517,2566,-28,-1.079414,1358400,OK
2025-04-18,6325,タカキタ,スタンダード（内国株式）,機械,371,371,362,362,-5,-1.362398,9500,OK
2025-04-18,6326,クボタ,プライム（内国株式）,機械,1662.5,1672,1651.5,1666,-4,-0.239521,1877000,OK
2025-04-18,6327,北川精機,スタンダード（内国株式）,機械,610,618,610,618,14,2.317881,5100,OK
2025-04-18,6328,荏原実業,プライム（内国株式）,機械,3415,3480,3400,3480,85,2.503682,7900,OK
2025-04-18,6330,東洋エンジニアリング,プライム（内国株式）,建設業,625,649,623,644,26,4.20712,187800,OK
2025-04-18,6331,三菱化工機,プライム（内国株式）,機械,1213,1227,1209,1225,12,0.989283,57800,OK
2025-04-18,6332,月島ホールディングス,プライム（内国株式）,機械,1874,1928,1868,1928,74,3.99137,301400,OK
2025-04-18,6333,帝国電機製作所,プライム（内国株式）,機械,2740,2800,2689,2800,109,4.050539,18400,OK
2025-04-18,6334,明治機械,スタンダード（内国株式）,機械,268,270,264,269,2,0.749064,5000,OK
2025-04-18,6335,東京機械製作所,スタンダード（内国株式）,機械,384,397,381,386,2,0.520833,5200,OK
2025-04-18,6336,石井表記,スタンダード（内国株式）,機械,523,524,522,522,2,0.384615,2500,OK
2025-04-18,6337,テセック,スタンダード（内国株式）,機械,1318,1318,1288,1306,4,0.30722,5400,OK
2025-04-18,6338,タカトリ,スタンダード（内国株式）,機械,1153,1170,1151,1156,10,0.8726,12500,OK
2025-04-18,6339,新東工業,プライム（内国株式）,機械,785,809,784,809,28,3.585147,130100,OK
2025-04-18,6340,澁谷工業,プライム（内国株式）,機械,2959,3010,2958,3010,76,2.59032,15600,OK
2025-04-18,6342,太平製作所,スタンダード（内国株式）,機械,3000,3000,2990,2990,-10,-0.333333,200,OK
2025-04-18,6343,フリージア・マクロス,スタンダード（内国株式）,機械,91,96,87,91,1,1.111111,1117000,OK
2025-04-18,6345,アイチ　コーポレーション,プライム（内国株式）,機械,1225,1242,1220,1235,22,1.813685,150700,OK
2025-04-18,6346,キクカワエンタープライズ,スタンダード（内国株式）,機械,5690,5690,5590,5680,-20,-0.350877,1200,OK
2025-04-18,6347,プラコー,スタンダード（内国株式）,機械,211,223,200,203,-5,-2.403846,461900,OK
2025-04-18,6349,小森コーポレーション,プライム（内国株式）,機械,1103,1146,1103,1139,47,4.304029,56500,OK
2025-04-18,6351,鶴見製作所,プライム（内国株式）,機械,3245,3465,3245,3465,250,7.77605,22400,OK
2025-04-18,6356,日本ギア工業,スタンダード（内国株式）,機械,424,445,424,437,11,2.58216,83600,OK
2025-04-18,6357,三精テクノロジーズ,スタンダード（内国株式）,機械,1240,1255,1235,1249,8,0.644641,30200,OK
2025-04-18,6358,酒井重工業,プライム（内国株式）,機械,1913,1970,1913,1970,64,3.357817,13400,OK
2025-04-18,6360,東京自働機械製作所,スタンダード（内国株式）,機械,3460,3550,3460,3510,60,1.73913,2300,OK
2025-04-18,6361,荏原製作所,プライム（内国株式）,機械,1984.5,1988,1951,1952,-33,-1.662469,1338200,OK
2025-04-18,6363,酉島製作所,プライム（内国株式）,機械,1850,1881,1840,1875,40,2.179837,43800,OK
2025-04-18,6364,ＡＩＲＭＡＮ,プライム（内国株式）,機械,1864,1909,1860,1907,59,3.192641,25400,OK
2025-04-18,6365,電業社機械製作所,スタンダード（内国株式）,機械,4005,4040,4000,4040,40,1,500,OK
2025-04-18,6366,千代田化工建設,スタンダード（内国株式）,建設業,325,338,324,337,17,5.3125,1372600,OK
2025-04-18,6367,ダイキン工業,プライム（内国株式）,機械,16165,16290,16090,16265,-60,-0.367534,473200,OK
2025-04-18,6368,オルガノ,プライム（内国株式）,機械,6240,6320,6130,6320,20,0.31746,204000,OK
2025-04-18,6369,トーヨーカネツ,プライム（内国株式）,機械,3410,3475,3405,3470,100,2.967359,37200,OK
2025-04-18,6370,栗田工業,プライム（内国株式）,機械,4590,4610,4513,4572,-26,-0.565463,498400,OK
2025-04-18,6371,椿本チエイン,プライム（内国株式）,機械,1677,1690,1662,1688,32,1.932367,112100,OK
2025-04-18,6373,大同工業,スタンダード（内国株式）,機械,785,785,775,776,-2,-0.257069,6600,OK
2025-04-18,6376,日機装,プライム（内国株式）,精密機器,1149,1171,1143,1166,28,2.460457,145300,OK
2025-04-18,6378,木村化工機,スタンダード（内国株式）,機械,657,679,655,675,22,3.369066,132300,OK
2025-04-18,6379,レイズネクスト,プライム（内国株式）,建設業,1453,1476,1448,1474,37,2.574809,17200,OK
2025-04-18,6380,オリエンタルチエン工業,スタンダード（内国株式）,機械,1899,1899,1878,1878,-19,-1.001581,200,OK
2025-04-18,6381,アネスト岩田,プライム（内国株式）,機械,1076,1098,1076,1098,26,2.425373,29600,OK
2025-04-18,6382,トリニティ工業,スタンダード（内国株式）,機械,1019,1037,1017,1037,17,1.666667,4600,OK
2025-04-18,6383,ダイフク,プライム（内国株式）,機械,3550,3550,3501,3533,28,0.798859,482800,OK
2025-04-18,6384,昭和真空,スタンダード（内国株式）,機械,1400,1444,1336,1396,130,10.268562,89700,OK
2025-04-18,6387,サムコ,プライム（内国株式）,機械,2208,2256,2200,2232,24,1.086957,13400,OK
2025-04-18,6390,加藤製作所,プライム（内国株式）,機械,1135,1145,1132,1140,7,0.617829,37900,OK
2025-04-18,6391,加地テック,スタンダード（内国株式）,機械,3090,3185,3090,3165,90,2.926829,2300,OK
2025-04-18,6392,ヤマダコーポレーション,スタンダード（内国株式）,機械,4970,4970,4970,4970,0,0,300,OK
2025-04-18,6393,油研工業,スタンダード（内国株式）,機械,2299,2327,2295,2321,42,1.842914,4700,OK
2025-04-18,6395,タダノ,プライム（内国株式）,機械,936.1,950.7,930.8,945.2,7.4,0.789081,172300,OK
2025-04-18,6396,宇野澤組鐵工所,スタンダード（内国株式）,機械,2773,2796,2700,2792,30,1.086169,3000,OK
2025-04-18,6400,不二精機,スタンダード（内国株式）,機械,221,224,214,223,7,3.240741,17700,OK
2025-04-18,6402,兼松エンジニアリング,スタンダード（内国株式）,機械,1107,1110,1107,1108,-1,-0.090171,2100,OK
2025-04-18,6403,水道機工,スタンダード（内国株式）,機械,1656,1695,1656,1695,42,2.540835,300,OK
2025-04-18,6405,鈴茂器工,スタンダード（内国株式）,機械,1995,2032,1995,2025,11,0.546177,37200,OK
2025-04-18,6406,フジテック,プライム（内国株式）,機械,5693,5755,5673,5711,96,1.709706,123200,OK
2025-04-18,6407,ＣＫＤ,プライム（内国株式）,機械,1950,1958,1935,1946,17,0.881286,189500,OK
2025-04-18,6408,小倉クラッチ,スタンダード（内国株式）,機械,3450,3450,3450,3450,0,0,200,OK
2025-04-18,6411,中野冷機,スタンダード（内国株式）,機械,,,,,,,,NO_QUOTE
2025-04-18,6412,平和,プライム（内国株式）,機械,2209,2234,2207,2226,29,1.319982,115200,OK
2025-04-18,6413,理想科学工業,プライム（内国株式）,機械,1153,1172,1150,1172,30,2.62697,25500,OK
2025-04-18,6416,桂川電機,スタンダード（内国株式）,機械,668,678,668,678,10,1.497006,1600,OK
2025-04-18,6417,ＳＡＮＫＹＯ,プライム（内国株式）,機械,2056.5,2102,2056,2100,60,2.941176,564500,OK
2025-04-18,6418,日本金銭機械,プライム（内国株式）,機械,971,990,967,988,22,2.277433,131200,OK
2025-04-18,6419,マースグループホールディングス,プライム（内国株式）,機械,2923,2970,2922,2970,58,1.991758,65200,OK
2025-04-18,6420,ガリレイ,プライム（内国株式）,機械,2730,2789,2722,2777,87,3.234201,22500,OK
2025-04-18,6424,高見沢サイバネティックス,スタンダード（内国株式）,機械,981,981,970,970,4,0.414079,2000,OK
2025-04-18,6425,ユニバーサルエンターテインメント,スタンダード（内国株式）,機械,1036,1086,1022,1075,43,4.166667,471000,OK
2025-04-18,6428,オーイズミ,スタンダード（内国株式）,機械,332,333,330,331,2,0.607903,7800,OK
2025-04-18,6430,ダイコク電機,プライム（内国株式）,機械,2449,2504,2449,2491,49,2.006552,63600,OK
2025-04-18,6432,竹内製作所,プライム（内国株式）,機械,4385,4415,4345,4375,-5,-0.114155,274500,OK
2025-04-18,6433,ヒーハイスト,スタンダード（内国株式）,機械,345,360,340,347,2,0.57971,101800,OK
2025-04-18,6436,アマノ,プライム（内国株式）,機械,3800,3846,3780,3821,64,1.703487,83300,OK
2025-04-18,6440,ＪＵＫＩ,プライム（内国株式）,機械,360,372,360,372,10,2.762431,69900,OK
2025-04-18,6444,サンデン,スタンダード（内国株式）,機械,123,125,121,123,2,1.652893,90800,OK
2025-04-18,6445,ジャノメ,プライム（内国株式）,機械,1054,1082,1052,1082,38,3.639847,37000,OK
2025-04-18,6448,ブラザー工業,プライム（内国株式）,電気機器,2358,2358,2332,2350.5,-0.5,-0.021268,343200,OK
2025-04-18,6454,マックス,プライム（内国株式）,機械,4135,4135,4080,4120,55,1.353014,47300,OK
2025-04-18,6455,モリタホールディングス,プライム（内国株式）,輸送用機器,1986,2062,1986,2052,103,5.284761,84600,OK
2025-04-18,6457,グローリー,プライム（内国株式）,機械,2450.5,2465.5,2448.5,2463.5,46,1.902792,100800,OK
2025-04-18,6458,新晃工業,プライム（内国株式）,機械,1161,1182,1157,1180,19,1.63652,232000,OK
2025-04-18,6459,大和冷機工業,プライム（内国株式）,機械,1534,1565,1531,1550,36,2.377807,21800,OK
2025-04-18,6460,セガサミーホールディングス,プライム（内国株式）,機械,2831.5,2876,2823,2872.5,37.5,1.322751,330700,OK
2025-04-18,6463,ＴＰＲ,プライム（内国株式）,機械,2042,2080,2042,2070,43,2.121362,26400,OK
2025-04-18,6464,ツバキ・ナカシマ,プライム（内国株式）,機械,386,392,384,392,12,3.157895,152400,OK
2025-04-18,6465,ホシザキ,プライム（内国株式）,機械,6136,6361,6107,6345,253,4.152988,242000,OK
2025-04-18,6466,ＴＶＥ,スタンダード（内国株式）,機械,2119,2148,2119,2148,31,1.464336,1800,OK
2025-04-18,6467,ニチダイ,スタンダード（内国株式）,機械,336,367,336,366,26,7.647059,301500,OK
2025-04-18,6469,放電精密加工研究所,スタンダード（内国株式）,機械,1264,1293,1252,1257,7,0.56,48500,OK
2025-04-18,6470,大豊工業,スタンダード（内国株式）,機械,534,567,534,567,37,6.981132,41500,OK
2025-04-18,6471,日本精工,プライム（内国株式）,機械,593.4,594,589.1,591.9,0.9,0.152284,1110700,OK
2025-04-18,6472,ＮＴＮ,プライム（内国株式）,機械,209.8,212.8,209.7,211.7,1.8,0.857551,1410300,OK
2025-04-18,6473,ジェイテクト,プライム（内国株式）,機械,964.1,973.1,963,972,6.5,0.673226,1400800,OK
2025-04-18,6474,不二越,プライム（内国株式）,機械,2893,2923,2880,2910,17,0.587625,32700,OK
2025-04-18,6479,ミネベアミツミ,プライム（内国株式）,電気機器,2029,2043,1996.5,2003.5,-19.5,-0.963915,836400,OK
2025-04-18,6480,日本トムソン,プライム（内国株式）,機械,467,479,465,479,20,4.357298,68500,OK
2025-04-18,6481,ＴＨＫ,プライム（内国株式）,機械,3408,3432,3367,3394,11,0.325155,699500,OK
2025-04-18,6482,ＹＵＳＨＩＮ,スタンダード（内国株式）,機械,603,623,597,619,21,3.511706,47700,OK
2025-04-18,6484,ＫＶＫ,スタンダード（内国株式）,機械,1839,1872,1817,1817,-13,-0.710383,1800,OK
2025-04-18,6485,前澤給装工業,スタンダード（内国株式）,機械,1194,1231,1185,1227,52,4.425532,11200,OK
2025-04-18,6486,イーグル工業,プライム（内国株式）,機械,1777,1799,1777,1799,41,2.332196,41900,OK
2025-04-18,6488,ヨシタケ,スタンダード（内国株式）,機械,665,666,665,666,1,0.150376,400,OK
2025-04-18,6489,前澤工業,スタンダード（内国株式）,機械,1371,1386,1368,1379,9,0.656934,32600,OK
2025-04-18,6490,ＰＩＬＬＡＲ,プライム（内国株式）,機械,3295,3325,3285,3305,20,0.608828,34600,OK
2025-04-18,6492,岡野バルブ製造,スタンダード（内国株式）,機械,4480,4640,4425,4590,130,2.914798,6500,OK
2025-04-18,6493,ＮＩＴＴＡＮ,スタンダード（内国株式）,輸送用機器,259,261,258,261,4,1.55642,14400,OK
2025-04-18,6494,ＮＦＫホールディングス,スタンダード（内国株式）,機械,81,83,80,83,3,3.75,143400,OK
2025-04-18,6495,宮入バルブ製作所,スタンダード（内国株式）,機械,100,103,100,100,2,2.040816,138100,OK
2025-04-18,6496,中北製作所,スタンダード（内国株式）,機械,3350,3390,3185,3215,-65,-1.981707,9400,OK
2025-04-18,6497,ハマイ,スタンダード（内国株式）,機械,1106,1127,1106,1117,8,0.721371,4700,OK
2025-04-18,6498,キッツ,プライム（内国株式）,機械,1054,1062,1045,1056,7,0.667302,91000,OK
2025-04-18,6501,日立製作所,プライム（内国株式）,電気機器,3400,3418,3353,3400,38,1.13028,7315600,OK
2025-04-18,6503,三菱電機,プライム（内国株式）,電気機器,2563.5,2590,2557,2581.5,18,0.702165,2432200,OK
2025-04-18,6504,富士電機,プライム（内国株式）,電気機器,6000,6048,5935,5942,-32,-0.535655,391300,OK
2025-04-18,6505,東洋電機製造,スタンダード（内国株式）,電気機器,1287,1302,1277,1286,9,0.704777,89500,OK
2025-04-18,6506,安川電機,プライム（内国株式）,電気機器,2747,2749,2668.5,2672,-60,-2.196193,2378300,OK
2025-04-18,6507,シンフォニアテクノロジー,プライム（内国株式）,電気機器,5670,5820,5600,5740,-20,-0.347222,204700,OK
2025-04-18,6508,明電舎,プライム（内国株式）,電気機器,3580,3610,3545,3550,-30,-0.837989,114400,OK
2025-04-18,6513,オリジン,スタンダード（内国株式）,電気機器,1043,1043,1033,1035,3,0.290698,4300,OK
2025-04-18,6516,山洋電気,プライム（内国株式）,電気機器,8620,8830,8620,8770,160,1.858304,14800,OK
2025-04-18,6517,デンヨー,プライム（内国株式）,電気機器,2326,2395,2326,2379,87,3.795812,24100,OK
2025-04-18,6518,三相電機,スタンダード（内国株式）,電気機器,779,779,765,765,3,0.393701,300,OK
2025-04-18,6521,オキサイド,グロース（内国株式）,電気機器,1174,1212,1171,1198,39,3.36497,70000,OK
2025-04-18,6522,アスタリスク,グロース（内国株式）,電気機器,404,422,404,415,12,2.977667,31500,OK
2025-04-18,6523,ＰＨＣホールディングス,プライム（内国株式）,電気機器,947,956,943,953,15,1.599147,95100,OK
2025-04-18,6524,湖北工業,スタンダード（内国株式）,電気機器,1615,1681,1615,1664,60,3.740648,133600,OK
2025-04-18,6525,ＫＯＫＵＳＡＩ　ＥＬＥＣＴＲＩＣ,プライム（内国株式）,電気機器,2266.5,2331.5,2210,2281.5,-16.5,-0.718016,3221800,OK
2025-04-18,6526,ソシオネクスト,プライム（内国株式）,電気機器,1450,1464,1429,1443,-6.5,-0.44843,2647300,OK
2025-04-18,6527,ワカ製作所,TOKYO PRO MARKET（内国株式）,電気機器,,,,,,,,NO_QUOTE
2025-04-18,6532,ベイカレント,プライム（内国株式）,サービス業,7507,7744,7439,7671,88,1.160491,833000,OK
2025-04-18,6533,Ｏｒｃｈｅｓｔｒａ　Ｈｏｌｄｉｎｇｓ,プライム（内国株式）,サービス業,709,755,704,751,47,6.676136,15300,OK
2025-04-18,6535,アイモバイル,プライム（内国株式）,サービス業,528,541,528,537,7,1.320755,99700,OK
2025-04-18,6537,ＷＡＳＨハウス,グロース（内国株式）,サービス業,345,358,345,347,3,0.872093,38400,OK
2025-04-18,6538,ディスラプターズ,スタンダード（内国株式）,サービス業,148,153,147,151,4,2.721088,39500,OK
2025-04-18,6539,ＭＳ−Ｊａｐａｎ,プライム（内国株式）,サービス業,911,924,911,919,16,1.771872,56800,OK
2025-04-18,6540,船場,スタンダード（内国株式）,サービス業,1324,1344,1322,1336,17,1.288855,9100,OK
2025-04-18,6542,ＦＣホールディングス,スタンダード（内国株式）,サービス業,1006,1035,1006,1031,-5,-0.482625,1700,OK
2025-04-18,6543,日宣,スタンダード（内国株式）,サービス業,702,702,690,691,-5,-0.718391,1800,OK
2025-04-18,6544,ジャパンエレベーターサービスホールディングス,プライム（内国株式）,サービス業,3085,3115,3050,3115,45,1.465798,152200,OK
2025-04-18,6545,インターネットインフィニティー,グロース（内国株式）,サービス業,585,595,585,593,-2,-0.336134,7300,OK
2025-04-18,6546,フルテック,スタンダード（内国株式）,サービス業,1084,1085,1075,1078,-6,-0.553506,2500,OK
2025-04-18,6547,グリーンズ,スタンダード（内国株式）,サービス業,2383,2438,2379,2422,66,2.801358,77900,OK
2025-04-18,6548,旅工房,グロース（内国株式）,サービス業,168,175,168,173,5,2.97619,62400,OK
2025-04-18,6549,ディーエムソリューションズ,スタンダード（内国株式）,サービス業,1320,1323,1320,1323,12,0.915332,500,OK
2025-04-18,6550,Ｕｎｉｐｏｓ,グロース（内国株式）,サービス業,135,138,133,135,0,0,219600,OK
2025-04-18,6551,ツナググループ・ホールディングス,スタンダード（内国株式）,サービス業,534,549,533,547,17,3.207547,32400,OK
2025-04-18,6552,ＧａｍｅＷｉｔｈ,スタンダード（内国株式）,サービス業,179,184,178,182,3,1.675978,50500,OK
2025-04-18,6554,エスユーエス,グロース（内国株式）,サービス業,911,926,911,920,17,1.882614,19700,OK
2025-04-18,6555,ＭＳ＆Ｃｏｎｓｕｌｔｉｎｇ,スタンダード（内国株式）,サービス業,378,389,369,373,2,0.539084,49700,OK
2025-04-18,6557,ＡＩＡＩグループ,グロース（内国株式）,サービス業,1289,1312,1283,1301,12,0.930954,12900,OK
2025-04-18,6558,クックビズ,グロース（内国株式）,サービス業,701,748,700,703,-1,-0.142045,15200,OK
2025-04-18,6560,エル・ティー・エス,プライム（内国株式）,サービス業,2056,2099,2056,2091,46,2.249389,11100,OK
2025-04-18,6561,ＨＡＮＡＴＯＵＲ　ＪＡＰＡＮ,グロース（内国株式）,サービス業,1195,1220,1193,1213,44,3.763901,14800,OK
2025-04-18,6562,ジーニー,グロース（内国株式）,サービス業,1480,1520,1480,1520,41,2.772143,64300,OK
2025-04-18,6563,みらいワークス,グロース（内国株式）,サービス業,780,792,778,791,11,1.410256,3000,OK
2025-04-18,6564,ミダックホールディングス,プライム（内国株式）,サービス業,2316,2401,2310,2394,88,3.816132,85600,OK
2025-04-18,6565,ＡＢホテル,スタンダード（内国株式）,サービス業,1460,1514,1460,1505,44,3.011636,7900,OK
2025-04-18,6566,要興業,スタンダード（内国株式）,サービス業,1000,1008,999,999,-4,-0.398804,4500,OK
2025-04-18,6568,神戸天然物化学,グロース（内国株式）,サービス業,986,1017,986,1015,35,3.571429,11100,OK
2025-04-18,6570,共和コーポレーション,スタンダード（内国株式）,サービス業,897,928,897,928,27,2.99667,1100,OK
2025-04-18,6571,キュービーネットホールディングス,プライム（内国株式）,サービス業,1055,1066,1047,1066,7,0.661001,107600,OK
2025-04-18,6572,オープングループ,プライム（内国株式）,サービス業,302,328,301,327,25,8.278146,449800,OK
2025-04-18,6573,アジャイルメディア・ネットワーク,グロース（内国株式）,サービス業,71,72,70,71,0,0,93000,OK
2025-04-18,6574,コンヴァノ,グロース（内国株式）,サービス業,,,,,,,,NO_QUOTE
2025-04-18,6576,揚工舎,TOKYO PRO MARKET（内国株式）,サービス業,,,,,,,,NO_QUOTE
2025-04-18,6577,ベストワンドットコム,グロース（内国株式）,サービス業,2839,2889,2800,2861,27,0.952717,2800,OK
2025-04-18,6578,コレックホールディングス,スタンダード（内国株式）,サービス業,341,347,340,341,2,0.589971,20300,OK
2025-04-18,6579,ログリー,グロース（内国株式）,サービス業,330,333,317,318,-9,-2.752294,15500,OK
2025-04-18,6580,ライトアップ,グロース（内国株式）,サービス業,1320,1367,1301,1367,75,5.804954,24400,OK
2025-04-18,6584,三櫻工業,プライム（内国株式）,輸送用機器,569,584,566,584,20,3.546099,157700,OK
2025-04-18,6586,マキタ,プライム（内国株式）,機械,4143,4170,4123,4169,26,0.627565,444600,OK
2025-04-18,6588,東芝テック,プライム（内国株式）,電気機器,2615,2615,2569,2569,-30,-1.15429,78800,OK
2025-04-18,6590,芝浦メカトロニクス,プライム（内国株式）,電気機器,6120,6240,6070,6110,-170,-2.707006,365400,OK
2025-04-18,6592,マブチモーター,プライム（内国株式）,電気機器,2111,2132,2099,2126.5,26.5,1.261905,186600,OK
2025-04-18,6594,ニデック,プライム（内国株式）,電気機器,2100,2129,2083,2129,34,1.622912,2011600,OK
2025-04-18,6596,筑波精工,TOKYO PRO MARKET（内国株式）,電気機器,,,,,,,,NO_QUOTE
2025-04-18,6597,ＨＰＣシステムズ,グロース（内国株式）,電気機器,1112,1144,1105,1133,25,2.256318,21500,OK
2025-04-18,6599,エブレン,スタンダード（内国株式）,電気機器,,,,,,,,NO_QUOTE
2025-04-18,6612,バルミューダ,グロース（内国株式）,電気機器,860,873,860,862,10,1.173709,900,OK
2025-04-18,6613,ＱＤレーザ,グロース（内国株式）,電気機器,277,282,273,282,10,3.676471,133200,OK
2025-04-18,6614,シキノハイテック,スタンダード（内国株式）,電気機器,919,925,915,915,6,0.660066,1000,OK
2025-04-18,6615,ユー・エム・シー・エレクトロニクス,プライム（内国株式）,電気機器,268,269,265,267,0,0,24500,OK
2025-04-18,6616,トレックス・セミコンダクター,プライム（内国株式）,電気機器,1075,1110,1075,1098,23,2.139535,27900,OK
2025-04-18,6617,東光高岳,プライム（内国株式）,電気機器,1961,2055,1961,2055,98,5.007665,32100,OK
2025-04-18,6619,ダブル・スコープ,プライム（内国株式）,電気機器,216,226,215,221,8,3.755869,782500,OK
2025-04-18,6620,宮越ホールディングス,プライム（内国株式）,不動産業,1150,1189,1150,1189,56,4.94263,38400,OK
2025-04-18,6622,ダイヘン,プライム（内国株式）,電気機器,5810,5910,5810,5890,120,2.079723,76200,OK
2025-04-18,6625,ＪＡＬＣＯホールディングス,スタンダード（内国株式）,不動産業,292,295,288,293,2,0.687285,263700,OK
2025-04-18,6626,ＳＥＭＩＴＥＣ,スタンダード（内国株式）,電気機器,1481,1530,1481,1530,46,3.09973,9300,OK
2025-04-18,6627,テラプローブ,スタンダード（内国株式）,電気機器,2280,2307,2271,2273,-29,-1.259774,25700,OK
2025-04-18,6629,テクノホライゾン,スタンダード（内国株式）,電気機器,368,368,364,364,2,0.552486,12000,OK
2025-04-18,6630,ヤーマン,プライム（内国株式）,電気機器,909,918,903,918,19,2.113459,101200,OK
2025-04-18,6632,ＪＶＣケンウッド,プライム（内国株式）,電気機器,1001.5,1020,995.1,1019,18,1.798202,563100,OK
2025-04-18,6633,ＣＧＳホールディングス,スタンダード（内国株式）,電気機器,304,310,304,310,7,2.310231,6200,OK
2025-04-18,6634,ネクスグループ,スタンダード（内国株式）,電気機器,131,134,131,132,1,0.763359,213500,OK
2025-04-18,6635,大日光・エンジニアリング,スタンダード（内国株式）,電気機器,453,460,453,457,4,0.883002,6100,OK
2025-04-18,6637,寺崎電気産業,スタンダード（内国株式）,電気機器,2017,2060,2017,2058,50,2.49004,16900,OK
2025-04-18,6638,ミマキエンジニアリング,プライム（内国株式）,電気機器,1384,1414,1375,1402,26,1.889535,66200,OK
2025-04-18,6643,戸上電機製作所,スタンダード（内国株式）,電気機器,3275,3350,3275,3325,75,2.307692,2100,OK
2025-04-18,6644,大崎電気工業,プライム（内国株式）,電気機器,788,808,787,798,19,2.439024,82000,OK
2025-04-18,6645,オムロン,プライム（内国株式）,電気機器,4217,4246,4189,4230,48,1.147776,552600,OK
2025-04-18,6647,森尾電機,スタンダード（内国株式）,電気機器,,,,,,,,NO_QUOTE
2025-04-18,6648,かわでん,スタンダード（内国株式）,電気機器,4165,4220,4160,4200,25,0.598802,2800,OK
2025-04-18,6651,日東工業,プライム（内国株式）,電気機器,2930,2947,2922,2945,25,0.856164,42900,OK
2025-04-18,6652,ＩＤＥＣ,プライム（内国株式）,電気機器,2223,2224,2201,2223,26,1.183432,65500,OK
2025-04-18,6653,正興電機製作所,プライム（内国株式）,電気機器,1101,1115,1100,1113,12,1.089918,24200,OK
2025-04-18,6654,不二電機工業,スタンダード（内国株式）,電気機器,1013,1075,1013,1058,48,4.752475,41300,OK
2025-04-18,6656,インスペック,スタンダード（内国株式）,電気機器,590,592,575,579,10,1.757469,45600,OK
2025-04-18,6658,シライ電子工業,スタンダード（内国株式）,電気機器,530,534,528,529,1,0.189394,57200,OK
2025-04-18,6659,メディアリンクス,スタンダード（内国株式）,電気機器,49,50,47,48,-1,-2.040816,1075100,OK
2025-04-18,6662,ユビテック,スタンダード（内国株式）,電気機器,229,244,222,222,-6,-2.631579,532700,OK
2025-04-18,6663,太洋テクノレックス,スタンダード（内国株式）,電気機器,240,249,236,242,-6,-2.419355,422200,OK
2025-04-18,6664,オプトエレクトロニクス,スタンダード（内国株式）,電気機器,219,223,219,223,-1,-0.446429,21200,OK
2025-04-18,6666,リバーエレテック,スタンダード（内国株式）,電気機器,383,385,372,380,13,3.542234,11300,OK
2025-04-18,6668,アドテック　プラズマ　テクノロジー,スタンダード（内国株式）,電気機器,1080,1109,1071,1094,14,1.296296,74100,OK
2025-04-18,6670,ＭＣＪ,スタンダード（内国株式）,電気機器,1258,1275,1256,1274,22,1.757188,133200,OK
2025-04-18,6674,ジーエス・ユアサ　コーポレーション,プライム（内国株式）,電気機器,2360,2375.5,2303.5,2369,97.5,4.292318,522800,OK
2025-04-18,6675,サクサ,スタンダード（内国株式）,電気機器,2938,2990,2880,2990,67,2.292166,15400,OK
2025-04-18,6676,バッファロー,スタンダード（内国株式）,電気機器,1956,1976,1946,1976,50,2.596054,13600,OK
2025-04-18,6677,エスケーエレクトロニクス,スタンダード（内国株式）,電気機器,2145,2175,2139,2150,3,0.13973,22900,OK
2025-04-18,6678,テクノメディカ,スタンダード（内国株式）,電気機器,1750,1771,1750,1771,21,1.2,2000,OK
2025-04-18,6694,ズーム,スタンダード（内国株式）,電気機器,650,654,640,646,-14,-2.121212,5600,OK
2025-04-18,6695,キャストリコ,TOKYO PRO MARKET（内国株式）,電気機器,,,,,,,,NO_QUOTE
2025-04-18,6696,トラース・オン・プロダクト,グロース（内国株式）,電気機器,465,476,457,474,4,0.851064,114100,OK
2025-04-18,6699,ダイヤモンドエレクトリックホールディングス,プライム（内国株式）,電気機器,546,555,543,553,14,2.597403,8700,OK
2025-04-18,6701,日本電気,プライム（内国株式）,電気機器,3194,3247,3163,3235,67,2.114899,3234000,OK
2025-04-18,6702,富士通,プライム（内国株式）,電気機器,2885,2924.5,2851,2924.5,56,1.95224,2710100,OK
2025-04-18,6703,沖電気工業,プライム（内国株式）,電気機器,883,899,883,897,19,2.164009,144000,OK
2025-04-18,6706,電気興業,プライム（内国株式）,電気機器,1835,1900,1830,1900,72,3.938731,19900,OK
2025-04-18,6707,サンケン電気,プライム（内国株式）,電気機器,6303,6347,6156,6232,-106,-1.672452,162200,OK
2025-04-18,6715,ナカヨ,スタンダード（内国株式）,電気機器,2549,2549,2543,2549,0,0,1300,OK
2025-04-18,6718,アイホン,プライム（内国株式）,電気機器,2422,2474,2420,2466,44,1.81668,14700,OK
2025-04-18,6721,ウインテスト,スタンダード（内国株式）,電気機器,108,111,108,110,1,0.917431,445200,OK
2025-04-18,6723,ルネサスエレクトロニクス,プライム（内国株式）,電気機器,1615,1622.5,1590.5,1603,-23.5,-1.44482,8470100,OK
2025-04-18,6724,セイコーエプソン,プライム（内国株式）,電気機器,1917,1924.5,1872,1883,-34.5,-1.799218,1432900,OK
2025-04-18,6727,ワコム,プライム（内国株式）,電気機器,484,491,483,485,0,0,508000,OK
2025-04-18,6728,アルバック,プライム（内国株式）,電気機器,4430,4455,4388,4410,-3,-0.067981,194200,OK
2025-04-18,6730,アクセル,スタンダード（内国株式）,電気機器,999,1025,999,1025,29,2.911647,23700,OK
2025-04-18,6731,ピクセラ,スタンダード（内国株式）,電気機器,33,34,32,34,0,0,1017500,OK
2025-04-18,6734,ニューテック,スタンダード（内国株式）,電気機器,1517,1599,1517,1599,69,4.509804,4700,OK
2025-04-18,6736,サン電子,スタンダード（内国株式）,電気機器,7410,7830,7410,7720,230,3.070761,40900,OK
2025-04-18,6737,ＥＩＺＯ,プライム（内国株式）,電気機器,1931,1960,1930,1959,28,1.450026,34100,OK
2025-04-18,6740,ジャパンディスプレイ,プライム（内国株式）,電気機器,16,17,16,16,0,0,78956000,OK
2025-04-18,6741,日本信号,プライム（内国株式）,電気機器,861,877,853,877,25,2.934272,87000,OK
2025-04-18,6742,京三製作所,プライム（内国株式）,電気機器,443,459,443,456,13,2.934537,99200,OK
2025-04-18,6743,大同信号,スタンダード（内国株式）,電気機器,487,494,480,480,-4,-0.826446,5300,OK
2025-04-18,6744,能美防災,プライム（内国株式）,電気機器,3225,3280,3195,3280,95,2.982732,40300,OK
2025-04-18,6745,ホーチキ,プライム（内国株式）,電気機器,2347,2393,2331,2390,70,3.017241,34700,OK
2025-04-18,6748,星和電機,スタンダード（内国株式）,電気機器,508,509,503,506,1,0.19802,10900,OK
2025-04-18,6750,エレコム,プライム（内国株式）,電気機器,1619,1653,1619,1649,37,2.295285,99900,OK
2025-04-18,6752,パナソニック　ホールディングス,プライム（内国株式）,電気機器,1515,1557.5,1494,1550.5,51,3.401134,6836900,OK
2025-04-18,6753,シャープ,プライム（内国株式）,電気機器,828.8,844.8,823,840.8,21.9,2.674319,1343200,OK
2025-04-18,6754,アンリツ,プライム（内国株式）,電気機器,1255,1258.5,1240.5,1257.5,15.5,1.247987,388400,OK
2025-04-18,6755,富士通ゼネラル,プライム（内国株式）,電気機器,2772,2774,2770,2772,2,0.072202,263300,OK
2025-04-18,6757,ＯＳＧコーポレーション,スタンダード（内国株式）,電気機器,755,755,735,753,11,1.48248,5500,OK
2025-04-18,6758,ソニーグループ,プライム（内国株式）,電気機器,3461,3483,3407,3466,28,0.814427,6973300,OK
2025-04-18,6762,ＴＤＫ,プライム（内国株式）,電気機器,1370.5,1388,1368,1375,-24.5,-1.750625,3964700,OK
2025-04-18,6763,帝国通信工業,プライム（内国株式）,電気機器,2123,2299,2083,2299,199,9.47619,10700,OK
2025-04-18,6768,タムラ製作所,プライム（内国株式）,電気機器,437,447,436,444,8,1.834862,199900,OK
2025-04-18,6769,ザインエレクトロニクス,スタンダード（内国株式）,電気機器,862,880,862,877,14,1.622248,17100,OK
2025-04-18,6770,アルプスアルパイン,プライム（内国株式）,電気機器,1397.5,1420,1397,1417.5,14.5,1.0335,426800,OK
2025-04-18,6771,池上通信機,スタンダード（内国株式）,電気機器,556,560,552,560,4,0.719424,11200,OK
2025-04-18,6772,東京コスモス電機,スタンダード（内国株式）,電気機器,,,,,,,,NO_QUOTE
2025-04-18,6775,ＴＢグループ,スタンダード（内国株式）,電気機器,121,121,117,117,-2,-1.680672,116600,OK
2025-04-18,6776,天昇電気工業,スタンダード（内国株式）,化学,248,251,246,251,4,1.619433,6800,OK
2025-04-18,6777,ｓａｎｔｅｃ　Ｈｏｌｄｉｎｇｓ,スタンダード（内国株式）,電気機器,3885,4000,3885,3955,45,1.150895,51700,OK
2025-04-18,6778,アルチザネットワークス,スタンダード（内国株式）,電気機器,583,585,580,582,3,0.518135,4100,OK
2025-04-18,6779,日本電波工業,プライム（内国株式）,電気機器,708,718,705,718,20,2.86533,84800,OK
2025-04-18,6785,鈴木,プライム（内国株式）,電気機器,1516,1538,1515,1532,32,2.133333,40500,OK
2025-04-18,6786,ＲＶＨ,スタンダード（内国株式）,サービス業,59,68,59,64,4,6.666667,1950100,OK
2025-04-18,6787,メイコー,プライム（内国株式）,電気機器,5700,5750,5610,5630,-70,-1.22807,99800,OK
2025-04-18,6788,日本トリム,プライム（内国株式）,電気機器,3980,4050,3970,4050,110,2.791878,35300,OK
2025-04-18,6794,フォスター電機,プライム（内国株式）,電気機器,1130,1169,1130,1165,31,2.733686,100300,OK
2025-04-18,6797,名古屋電機工業,スタンダード（内国株式）,電気機器,1072,1086,1069,1080,5,0.465116,5600,OK
2025-04-18,6798,ＳＭＫ,プライム（内国株式）,電気機器,2195,2262,2189,2257,80,3.674782,12300,OK
2025-04-18,6800,ヨコオ,プライム（内国株式）,電気機器,1134,1178,1134,1175,49,4.351687,178200,OK
2025-04-18,6803,ティアック,スタンダード（内国株式）,電気機器,69,71,68,71,2,2.898551,333700,OK
2025-04-18,6804,ホシデン,プライム（内国株式）,電気機器,1738,1757,1729,1748,5,0.286862,227300,OK
2025-04-18,6806,ヒロセ電機,プライム（内国株式）,電気機器,15310,15310,15160,15215,-95,-0.620509,72200,OK
2025-04-18,6807,日本航空電子工業,プライム（内国株式）,電気機器,2344,2358,2327,2358,36,1.550388,87600,OK
2025-04-18,6809,ＴＯＡ,プライム（内国株式）,電気機器,864,898,864,896,35,4.065041,18800,OK
2025-04-18,6810,マクセル,プライム（内国株式）,電気機器,1681,1714,1674,1710,27,1.604278,78800,OK
2025-04-18,6814,古野電気,プライム（内国株式）,電気機器,2360,2433,2355,2414,56,2.374894,246100,OK
2025-04-18,6817,スミダコーポレーション,プライム（内国株式）,電気機器,863,869,857,869,5,0.578704,180100,OK
2025-04-18,6819,伊豆シャボテンリゾート,スタンダード（内国株式）,サービス業,482,485,477,480,-1,-0.2079,5600,OK
2025-04-18,6820,アイコム,プライム（内国株式）,電気機器,2667,2698,2646,2692,75,2.865877,11000,OK
2025-04-18,6822,大井電気,スタンダード（内国株式）,電気機器,2700,2732,2642,2731,-1,-0.036603,7000,OK
2025-04-18,6823,リオン,プライム（内国株式）,電気機器,2285,2360,2275,2360,86,3.781882,18200,OK
2025-04-18,6824,新コスモス電機,スタンダード（内国株式）,電気機器,2375,2375,2375,2375,2,0.084282,100,OK
2025-04-18,6832,アオイ電子,スタンダード（内国株式）,電気機器,1648,1660,1638,1644,18,1.107011,4800,OK
2025-04-18,6834,精工技研,スタンダード（内国株式）,電気機器,3110,3180,3080,3170,80,2.588997,17300,OK
2025-04-18,6835,アライドテレシスホールディングス,スタンダード（内国株式）,電気機器,147,153,147,151,3,2.027027,514300,OK
2025-04-18,6836,ぷらっとホーム,スタンダード（内国株式）,電気機器,1650,1713,1550,1620,-70,-4.142012,623500,OK
2025-04-18,6837,京写,スタンダード（内国株式）,電気機器,343,343,338,342,3,0.884956,3000,OK
2025-04-18,6838,多摩川ホールディングス,スタンダード（内国株式）,電気機器,648,665,648,657,9,1.388889,14800,OK
2025-04-18,6840,ＡＫＩＢＡホールディングス,スタンダード（内国株式）,電気機器,227,235,220,222,2,0.909091,193800,OK
2025-04-18,6841,横河電機,プライム（内国株式）,電気機器,2958,3028,2949,3017,44.5,1.497056,601700,OK
2025-04-18,6844,新電元工業,プライム（内国株式）,電気機器,1840,1883,1840,1869,26,1.410743,29500,OK
2025-04-18,6845,アズビル,プライム（内国株式）,電気機器,1167,1175,1163.5,1173.5,9,0.772864,450300,OK
2025-04-18,6848,東亜ディーケーケー,スタンダード（内国株式）,電気機器,760,768,760,760,-2,-0.262467,1400,OK
2025-04-18,6849,日本光電工業,プライム（内国株式）,電気機器,1770.5,1789,1758,1775,-1.5,-0.084436,318700,OK
2025-04-18,6850,チノー,プライム（内国株式）,電気機器,1857,1899,1847,1897,80,4.402862,16900,OK
2025-04-18,6853,共和電業,スタンダード（内国株式）,電気機器,465,482,465,482,18,3.87931,176000,OK
2025-04-18,6855,日本電子材料,スタンダード（内国株式）,電気機器,1631,1641,1598,1629,0,0,226000,OK
2025-04-18,6856,堀場製作所,プライム（内国株式）,電気機器,9310,9333,9180,9262,84,0.915232,106500,OK
2025-04-18,6857,アドバンテスト,プライム（内国株式）,電気機器,5513,5594,5442,5485,-127,-2.263008,12459700,OK
2025-04-18,6858,小野測器,スタンダード（内国株式）,電気機器,513,528,512,520,7,1.364522,23600,OK
2025-04-18,6859,エスペック,プライム（内国株式）,電気機器,2137,2173,2137,2171,26,1.212121,38900,OK
2025-04-18,6861,キーエンス,プライム（内国株式）,電気機器,58200,58260,57430,58150,490,0.849809,251100,OK
2025-04-18,6862,ミナトホールディングス,スタンダード（内国株式）,電気機器,880,885,866,866,1,0.115607,21200,OK
2025-04-18,6863,ニレコ,スタンダード（内国株式）,電気機器,1584,1585,1565,1582,18,1.150895,7100,OK
2025-04-18,6864,エヌエフホールディングス,スタンダード（内国株式）,電気機器,1129,1153,1129,1153,32,2.854594,15200,OK
2025-04-18,6866,日置電機,プライム（内国株式）,電気機器,5860,5860,5730,5750,-70,-1.202749,49800,OK
2025-04-18,6867,リーダー電子,スタンダード（内国株式）,電気機器,392,393,389,389,0,0,5300,OK
2025-04-18,6869,シスメックス,プライム（内国株式）,電気機器,2720,2734,2685,2723.5,40,1.490591,619600,OK
2025-04-18,6870,日本フェンオール,スタンダード（内国株式）,電気機器,1719,1719,1694,1695,-1,-0.058962,600,OK
2025-04-18,6871,日本マイクロニクス,プライム（内国株式）,電気機器,2918,2981,2901,2933,-13,-0.441276,669600,OK
2025-04-18,6874,協立電機,スタンダード（内国株式）,電気機器,4125,4160,4125,4150,25,0.606061,1400,OK
2025-04-18,6875,メガチップス,プライム（内国株式）,電気機器,4040,4105,4040,4095,65,1.612903,43700,OK
2025-04-18,6877,ＯＢＡＲＡ　ＧＲＯＵＰ,スタンダード（内国株式）,電気機器,3250,3250,3210,3240,35,1.092044,23400,OK
2025-04-18,6879,ＩＭＡＧＩＣＡ　ＧＲＯＵＰ,プライム（内国株式）,情報･通信業,513,522,510,522,9,1.754386,109100,OK
2025-04-18,6882,三社電機製作所,スタンダード（内国株式）,電気機器,763,777,762,774,11,1.441678,50200,OK
2025-04-18,6888,アクモス,スタンダード（内国株式）,情報･通信業,535,540,534,538,-1,-0.185529,9500,OK
2025-04-18,6890,フェローテックホールディングス,スタンダード（内国株式）,電気機器,2275,2310,2263,2301,34,1.499779,379200,OK
2025-04-18,6894,パルステック工業,スタンダード（内国株式）,電気機器,1601,1612,1590,1612,10,0.62422,1100,OK
2025-04-18,6897,ツインバード,スタンダード（内国株式）,電気機器,431,433,426,428,-2,-0.465116,5400,OK
2025-04-18,6898,トミタ電機,スタンダード（内国株式）,電気機器,2830,2851,2800,2851,20,0.706464,1800,OK
2025-04-18,6899,ＡＳＴＩ,スタンダード（内国株式）,電気機器,1833,1889,1833,1888,55,3.000546,10300,OK
2025-04-18,6901,澤藤電機,スタンダード（内国株式）,電気機器,817,835,817,832,15,1.835985,1700,OK
2025-04-18,6902,デンソー,プライム（内国株式）,輸送用機器,1750,1759,1735,1759,34.5,2.00058,4475300,OK
2025-04-18,6904,原田工業,スタンダード（内国株式）,電気機器,442,446,442,445,3,0.678733,9400,OK
2025-04-18,6905,コーセル,プライム（内国株式）,電気機器,1029,1047,1026,1044,15,1.457726,55900,OK
2025-04-18,6907,ジオマテック,スタンダード（内国株式）,電気機器,726,732,717,726,0,0,5000,OK
2025-04-18,6908,イリソ電子工業,プライム（内国株式）,電気機器,2469,2484,2457,2484,15,0.607533,65300,OK
2025-04-18,6912,菊水ホールディングス,スタンダード（内国株式）,電気機器,1200,1213,1200,1210,-4,-0.329489,1300,OK
2025-04-18,6914,オプテックスグループ,プライム（内国株式）,電気機器,1441,1473,1439,1465,30,2.090592,130800,OK
2025-04-18,6915,千代田インテグレ,スタンダード（内国株式）,電気機器,2563,2638,2563,2636,95,3.738686,14900,OK
2025-04-18,6918,アバールデータ,スタンダード（内国株式）,電気機器,1947,1965,1942,1965,16,0.820934,6900,OK
2025-04-18,6919,ケル,スタンダード（内国株式）,電気機器,1227,1244,1220,1233,6,0.488998,8800,OK
2025-04-18,6920,レーザーテック,プライム（内国株式）,電気機器,12110,12405,12080,12280,-115,-0.927793,3446600,OK
2025-04-18,6923,スタンレー電気,プライム（内国株式）,電気機器,2643,2662.5,2627.5,2639,3,0.113809,506600,OK
2025-04-18,6925,ウシオ電機,プライム（内国株式）,電気機器,1642,1654,1626.5,1629,-6.5,-0.397432,116700,OK
2025-04-18,6926,岡谷電機産業,スタンダード（内国株式）,電気機器,195,198,194,198,4,2.061856,23700,OK
2025-04-18,6927,ヘリオス　テクノ　ホールディング,スタンダード（内国株式）,電気機器,832,845,829,844,20,2.427184,42000,OK
2025-04-18,6928,エノモト,プライム（内国株式）,電気機器,1240,1263,1240,1263,27,2.184466,8800,OK
2025-04-18,6929,日本セラミック,プライム（内国株式）,電気機器,2517,2569,2514,2559,42,1.668653,73600,OK
2025-04-18,6930,日本アンテナ,スタンダード（内国株式）,電気機器,600,600,596,600,3,0.502513,600,OK
2025-04-18,6932,遠藤照明,スタンダード（内国株式）,電気機器,1357,1415,1357,1405,40,2.930403,30100,OK
2025-04-18,6937,古河電池,プライム（内国株式）,電気機器,1383,1384,1380,1380,-3,-0.21692,44400,OK
2025-04-18,6941,山一電機,プライム（内国株式）,電気機器,1879,1893,1870,1887,10,0.532765,181800,OK
2025-04-18,6942,ソフィアホールディングス,スタンダード（内国株式）,情報･通信業,1057,1057,1045,1045,-8,-0.759734,6700,OK
2025-04-18,6943,ＮＫＫスイッチズ,スタンダード（内国株式）,電気機器,,,,,,,,NO_QUOTE
2025-04-18,6946,日本アビオニクス,スタンダード（内国株式）,電気機器,2934,3100,2926,3075,119,4.02571,380200,OK
2025-04-18,6947,図研,プライム（内国株式）,電気機器,4850,4885,4810,4885,80,1.664932,31200,OK
2025-04-18,6951,日本電子,プライム（内国株式）,電気機器,4455,4463,4424,4446,8,0.180261,109300,OK
2025-04-18,6952,カシオ計算機,プライム（内国株式）,電気機器,1117,1131.5,1113.5,1127,16.5,1.485817,463400,OK
2025-04-18,6954,ファナック,プライム（内国株式）,電気機器,3431,3463,3411,3445,-19,-0.548499,2005900,OK
2025-04-18,6955,ＦＤＫ,スタンダード（内国株式）,電気機器,359,361,352,360,3,0.840336,182800,OK
2025-04-18,6957,芝浦電子,スタンダード（内国株式）,電気機器,5470,5470,5470,5470,700,14.675052,32700,OK
2025-04-18,6958,日本シイエムケイ,プライム（内国株式）,電気機器,368,372,367,371,3,0.815217,258600,OK
2025-04-18,6960,フクダ電子,スタンダード（内国株式）,電気機器,6010,6070,6000,6070,60,0.998336,8800,OK
2025-04-18,6961,エンプラス,プライム（内国株式）,電気機器,3805,3905,3805,3810,-10,-0.26178,62200,OK
2025-04-18,6962,大真空,プライム（内国株式）,電気機器,494,503,492,500,10,2.040816,109900,OK
2025-04-18,6963,ローム,プライム（内国株式）,電気機器,1260,1277,1244,1248.5,-1.5,-0.12,1538100,OK
2025-04-18,6964,サンコー,スタンダード（内国株式）,電気機器,575,576,575,576,-1,-0.17331,500,OK
2025-04-18,6965,浜松ホトニクス,プライム（内国株式）,電気機器,1192,1197.5,1172,1179,-12.5,-1.049098,1864800,OK
2025-04-18,6966,三井ハイテック,プライム（内国株式）,電気機器,631,634,624,631,-3,-0.473186,504900,OK
2025-04-18,6967,新光電気工業,プライム（内国株式）,電気機器,5920,5931,5915,5919,-1,-0.016892,143500,OK
2025-04-18,6969,松尾電機,スタンダード（内国株式）,電気機器,446,480,446,480,31,6.904232,30000,OK
2025-04-18,6971,京セラ,プライム（内国株式）,電気機器,1643,1658,1632,1654,14.5,0.884416,1918600,OK
2025-04-18,6973,協栄産業,スタンダード（内国株式）,卸売業,2170,2223,2170,2212,5,0.226552,1100,OK
2025-04-18,6976,太陽誘電,プライム（内国株式）,電気機器,2097.5,2122,2073.5,2086,-11.5,-0.548272,992600,OK
2025-04-18,6977,日本抵抗器製作所,スタンダード（内国株式）,電気機器,754,778,754,763,13,1.733333,1600,OK
2025-04-18,6981,村田製作所,プライム（内国株式）,電気機器,2100,2112,2075.5,2103.5,19.5,0.935701,4945600,OK
2025-04-18,6982,リード,スタンダード（内国株式）,輸送用機器,528,533,527,530,-3,-0.562852,3900,OK
2025-04-18,6986,双葉電子工業,プライム（内国株式）,電気機器,479,496,479,494,17,3.563941,58900,OK
2025-04-18,6988,日東電工,プライム（内国株式）,化学,2490,2515,2470,2514,-11,-0.435644,1746100,OK
2025-04-18,6989,北陸電気工業,スタンダード（内国株式）,電気機器,1417,1430,1417,1430,9,0.633357,43700,OK
2025-04-18,6993,大黒屋ホールディングス,スタンダード（内国株式）,小売業,21,23,21,23,1,4.545455,44124900,OK
2025-04-18,6994,指月電機製作所,スタンダード（内国株式）,電気機器,368,373,367,370,5,1.369863,8100,OK
2025-04-18,6995,東海理化電機製作所,プライム（内国株式）,輸送用機器,2048,2078,2037,2078,45,2.213478,108900,OK
2025-04-18,6996,ニチコン,プライム（内国株式）,電気機器,1112,1119,1104,1117,11,0.994575,151300,OK
2025-04-18,6997,日本ケミコン,プライム（内国株式）,電気機器,834,861,832,861,30,3.610108,121500,OK
2025-04-18,6998,日本タングステン,スタンダード（内国株式）,電気機器,1120,1139,1118,1125,7,0.626118,2200,OK
2025-04-18,6999,ＫＯＡ,プライム（内国株式）,電気機器,814,834,813,834,26,3.217822,110400,OK
2025-04-18,7003,三井Ｅ＆Ｓ,プライム（内国株式）,機械,1511,1614,1502,1598,88,5.827815,7604600,OK
2025-04-18,7004,カナデビア,プライム（内国株式）,機械,840,852,840,850,10,1.190476,294100,OK
2025-04-18,7011,三菱重工業,プライム（内国株式）,機械,2619,2656.5,2602,2635,5,0.190114,62491500,OK
2025-04-18,7012,川崎重工業,プライム（内国株式）,輸送用機器,8000,8096,7925,7987,-117,-1.443731,21889800,OK
2025-04-18,7013,ＩＨＩ,プライム（内国株式）,機械,10395,10760,10345,10465,-230,-2.150538,5570800,OK
2025-04-18,7014,名村造船所,スタンダード（内国株式）,輸送用機器,1779,1935,1774,1930,169,9.59682,4539900,OK
2025-04-18,7018,内海造船,スタンダード（内国株式）,輸送用機器,4915,5100,4915,5090,245,5.05676,14700,OK
2025-04-18,7021,ニッチツ,スタンダード（内国株式）,機械,1580,1609,1565,1609,28,1.771031,800,OK
2025-04-18,7022,サノヤスホールディングス,スタンダード（内国株式）,機械,208,217,207,215,5,2.380952,205800,OK
2025-04-18,7030,スプリックス,スタンダード（内国株式）,サービス業,937,956,937,949,13,1.388889,5100,OK
2025-04-18,7031,インバウンドテック,グロース（内国株式）,サービス業,818,849,818,849,31,3.789731,6300,OK
2025-04-18,7033,マネジメントソリューションズ,プライム（内国株式）,サービス業,1825,1878,1815,1875,50,2.739726,63900,OK
2025-04-18,7034,プロレド・パートナーズ,プライム（内国株式）,サービス業,371,380,368,380,17,4.683196,15100,OK
2025-04-18,7035,ａｎｄ　ｆａｃｔｏｒｙ,スタンダード（内国株式）,サービス業,207,214,204,208,5,2.463054,54200,OK
2025-04-18,7036,イーエムネットジャパン,グロース（内国株式）,サービス業,738,774,738,772,19,2.52324,3200,OK
2025-04-18,7037,テノ．ホールディングス,スタンダード（内国株式）,サービス業,423,437,421,432,7,1.647059,10500,OK
2025-04-18,7038,フロンティア・マネジメント,プライム（内国株式）,サービス業,668,677,661,670,6,0.903614,48000,OK
2025-04-18,7039,ブリッジインターナショナル,グロース（内国株式）,サービス業,1811,1859,1811,1820,5,0.275482,5500,OK
2025-04-18,7040,サン・ライフホールディング,スタンダード（内国株式）,サービス業,926,926,916,918,-7,-0.756757,500,OK
2025-04-18,7041,ＣＲＧホールディングス,グロース（内国株式）,サービス業,284,322,284,290,8,2.836879,440500,OK
2025-04-18,7042,アクセスグループ・ホールディングス,スタンダード（内国株式）,サービス業,499,517,499,509,11,2.208835,17000,OK
2025-04-18,7043,アルー,グロース（内国株式）,サービス業,684,691,681,690,1,0.145138,1500,OK
2025-04-18,7044,ピアラ,スタンダード（内国株式）,サービス業,248,257,242,255,9,3.658537,105700,OK
2025-04-18,7046,ＴＤＳＥ,グロース（内国株式）,サービス業,1253,1275,1215,1228,23,1.908714,1900,OK
2025-04-18,7047,ポート,グロース（内国株式）,サービス業,1721,1785,1717,1785,66,3.839442,111500,OK
2025-04-18,7048,ベルトラ,グロース（内国株式）,サービス業,329,342,322,335,14,4.361371,482700,OK
2025-04-18,7049,識学,グロース（内国株式）,サービス業,749,750,740,741,-4,-0.536913,33400,OK
2025-04-18,7050,フロンティアインターナショナル,グロース（内国株式）,サービス業,2091,2141,2091,2101,-33,-1.546392,29600,OK
2025-04-18,7056,マルク,TOKYO PRO MARKET（内国株式）,サービス業,,,,,,,,NO_QUOTE
2025-04-18,7057,エヌ・シー・エヌ,スタンダード（内国株式）,サービス業,1085,1085,1054,1068,12,1.136364,1000,OK
2025-04-18,7058,共栄セキュリティーサービス,スタンダード（内国株式）,サービス業,2500,2502,2500,2501,11,0.441767,700,OK
2025-04-18,7059,コプロ・ホールディングス,プライム（内国株式）,サービス業,1534,1561,1526,1555,39,2.572559,61400,OK
2025-04-18,7060,ギークス,スタンダード（内国株式）,サービス業,409,417,406,410,-1,-0.243309,24100,OK
2025-04-18,7061,日本ホスピスホールディングス,グロース（内国株式）,サービス業,1565,1596,1551,1585,37,2.390181,54600,OK
2025-04-18,7062,フレアス,グロース（内国株式）,サービス業,675,680,675,680,0,0,1100,OK
2025-04-18,7063,Ｂｉｒｄｍａｎ,グロース（内国株式）,サービス業,166,193,165,190,21,12.426036,648000,OK
2025-04-18,7064,ハウテレビジョン,グロース（内国株式）,サービス業,1795,1848,1795,1846,66,3.707865,900,OK
2025-04-18,7065,ユーピーアール,スタンダード（内国株式）,サービス業,648,656,642,656,5,0.768049,13900,OK
2025-04-18,7066,ピアズ,グロース（内国株式）,サービス業,561,575,541,567,7,1.25,56600,OK
2025-04-18,7067,ブランディングテクノロジー,グロース（内国株式）,サービス業,851,887,851,857,6,0.705053,3400,OK
2025-04-18,7068,フィードフォースグループ,グロース（内国株式）,サービス業,472,490,472,487,15,3.177966,18200,OK
2025-04-18,7069,サイバー・バズ,グロース（内国株式）,サービス業,690,705,681,695,5,0.724638,3500,OK
2025-04-18,7071,アンビスホールディングス,プライム（内国株式）,サービス業,463,478,456,473,11,2.380952,782300,OK
2025-04-18,7072,インティメート・マージャー,グロース（内国株式）,サービス業,789,815,785,815,30,3.821656,2700,OK
2025-04-18,7073,ジェイック,グロース（内国株式）,サービス業,2038,2038,2030,2030,0,0,300,OK
2025-04-18,7074,トゥエンティーフォーセブン,グロース（内国株式）,サービス業,259,267,251,262,6,2.34375,73000,OK
2025-04-18,7075,ＱＬＳホールディングス,グロース（内国株式）,サービス業,711,713,697,705,2,0.284495,6100,OK
2025-04-18,7077,ＡＬｉＮＫインターネット,グロース（内国株式）,サービス業,979,990,979,987,8,0.81716,1800,OK
2025-04-18,7078,ＩＮＣＬＵＳＩＶＥ,グロース（内国株式）,サービス業,442,518,441,514,73,16.553288,377600,OK
2025-04-18,7079,ＷＤＢココ,グロース（内国株式）,サービス業,3285,3305,3270,3305,45,1.380368,500,OK
2025-04-18,7080,スポーツフィールド,グロース（内国株式）,サービス業,558,575,558,575,19,3.417266,7400,OK
2025-04-18,7081,コーユーレンティア,スタンダード（内国株式）,サービス業,1020,1045,1020,1045,3,0.287908,1900,OK
2025-04-18,7082,ジモティー,グロース（内国株式）,サービス業,1561,1645,1561,1613,64,4.131698,59500,OK
2025-04-18,7083,ＡＨＣグループ,グロース（内国株式）,サービス業,1022,1168,975,991,-24,-2.364532,129000,OK
2025-04-18,7084,Ｓｍｉｌｅ　Ｈｏｌｄｉｎｇｓ,グロース（内国株式）,サービス業,1308,1352,1305,1336,28,2.140673,6800,OK
2025-04-18,7085,カーブスホールディングス,プライム（内国株式）,サービス業,659,675,659,672,21,3.225806,205500,OK
2025-04-18,7087,ウイルテック,スタンダード（内国株式）,サービス業,884,888,881,888,7,0.794552,800,OK
2025-04-18,7088,フォーラムエンジニアリング,プライム（内国株式）,サービス業,968,997,968,997,38,3.962461,59200,OK
2025-04-18,7089,フォースタートアップス,グロース（内国株式）,サービス業,970,985,967,985,15,1.546392,4600,OK
2025-04-18,7090,リグア,グロース（内国株式）,サービス業,1000,1000,1000,1000,150,17.647059,6600,OK
2025-04-18,7091,リビングプラットフォーム,グロース（内国株式）,サービス業,1077,1080,1075,1078,3,0.27907,3600,OK
2025-04-18,7092,Ｆａｓｔ　Ｆｉｔｎｅｓｓ　Ｊａｐａｎ,プライム（内国株式）,サービス業,1430,1460,1423,1442,3,0.208478,18200,OK
2025-04-18,7093,アディッシュ,グロース（内国株式）,サービス業,499,505,499,504,3,0.598802,4500,OK
2025-04-18,7094,ＮｅｘＴｏｎｅ,グロース（内国株式）,サービス業,1140,1202,1139,1200,58,5.078809,78300,OK
2025-04-18,7095,Ｍａｃｂｅｅ　Ｐｌａｎｅｔ,プライム（内国株式）,サービス業,2849,2887,2828,2850,22,0.777935,68500,OK
2025-04-18,7096,ステムセル研究所,グロース（内国株式）,サービス業,1329,1349,1295,1345,16,1.203913,8800,OK
2025-04-18,7097,さくらさくプラス,グロース（内国株式）,サービス業,2060,2094,2060,2093,28,1.355932,9100,OK
2025-04-18,7098,エージェント,TOKYO PRO MARKET（内国株式）,サービス業,,,,,,,,NO_QUOTE
2025-04-18,7102,日本車輌製造,プライム（内国株式）,輸送用機器,1932,1993,1932,1990,74,3.862213,8900,OK
2025-04-18,7105,三菱ロジスネクスト,スタンダード（内国株式）,輸送用機器,1859,1916,1850,1916,71,3.848238,210500,OK
2025-04-18,7110,クラシコム,グロース（内国株式）,小売業,1299,1331,1299,1323,40,3.117693,4200,OK
2025-04-18,7111,ＩＮＥＳＴ,スタンダード（内国株式）,卸売業,46,47,45,47,1,2.173913,240800,OK
2025-04-18,7112,キューブ,グロース（内国株式）,小売業,437,452,429,440,0,0,6100,OK
2025-04-18,7114,フーディソン,グロース（内国株式）,卸売業,736,753,735,752,16,2.173913,7800,OK
2025-04-18,7115,アルファパーチェス,スタンダード（内国株式）,卸売業,2279,2300,2251,2253,-4,-0.177226,21200,OK
2025-04-18,7116,ダイワ通信,スタンダード（内国株式）,卸売業,907,931,907,922,3,0.326442,1500,OK
2025-04-18,7117,ミモナ,TOKYO PRO MARKET（内国株式）,小売業,,,,,,,,NO_QUOTE
2025-04-18,7119,ハルメクホールディングス,グロース（内国株式）,小売業,1054,1058,1046,1046,-4,-0.380952,5600,OK
2025-04-18,7120,ＳＨＩＮＫＯ,スタンダード（内国株式）,卸売業,1996,1997,1960,1962,-28,-1.407035,9300,OK
2025-04-18,7122,近畿車輛,スタンダード（内国株式）,輸送用機器,1458,1460,1446,1460,-2,-0.136799,2300,OK
2025-04-18,7126,グローバルスタイル,スタンダード（内国株式）,小売業,1509,1509,1496,1500,0,0,3900,OK
2025-04-18,7127,一家ホールディングス,スタンダード（内国株式）,小売業,645,649,645,646,1,0.155039,2600,OK
2025-04-18,7128,フルサト・マルカホールディングス,プライム（内国株式）,卸売業,2263,2328,2257,2322,68,3.016859,22700,OK
2025-04-18,7129,ミアヘルサホールディングス,スタンダード（内国株式）,小売業,1069,1077,1067,1075,9,0.844278,1600,OK
2025-04-18,7130,ヤマエグループホールディングス,プライム（内国株式）,卸売業,2496,2550,2483,2543,60,2.416432,88200,OK
2025-04-18,7131,のむら産業,スタンダード（内国株式）,卸売業,1953,1965,1953,1963,0,0,2500,OK
2025-04-18,7132,フローバル,TOKYO PRO MARKET（内国株式）,卸売業,,,,,,,,NO_QUOTE
2025-04-18,7133,ＨＹＵＧＡ　ＰＲＩＭＡＲＹ　ＣＡＲＥ,グロース（内国株式）,小売業,1282,1284,1255,1261,9,0.71885,3300,OK
2025-04-18,7134,アップガレージグループ,スタンダード（内国株式）,小売業,936,939,929,938,2,0.213675,4200,OK
2025-04-18,7135,ジャパンクラフトホールディングス,スタンダード（内国株式）,小売業,155,160,150,156,2,1.298701,73000,OK
2025-04-18,7136,ウェルビングループ,TOKYO PRO MARKET（内国株式）,小売業,,,,,,,,NO_QUOTE
2025-04-18,7137,グラントマト,TOKYO PRO MARKET（内国株式）,小売業,,,,,,,,NO_QUOTE
2025-04-18,7138,ＴＯＲＩＣＯ,グロース（内国株式）,小売業,693,693,641,650,-58,-8.19209,40200,OK
2025-04-18,7139,東京高圧山崎,TOKYO PRO MARKET（内国株式）,卸売業,,,,,,,,NO_QUOTE
2025-04-18,7140,ペットゴー,グロース（内国株式）,小売業,876,911,876,910,19,2.132435,4800,OK
2025-04-18,7148,ＦＰＧ,プライム（内国株式）,証券･商品先物取引業,2174,2236,2170,2231,62,2.85846,291500,OK
2025-04-18,7150,島根銀行,スタンダード（内国株式）,銀行業,459,464,454,463,6,1.31291,13700,OK
2025-04-18,7157,ライフネット生命保険,グロース（内国株式）,保険業,1738,1807,1738,1797,59,3.394707,148200,OK
2025-04-18,7161,じもとホールディングス,スタンダード（内国株式）,銀行業,328,330,325,329,4,1.230769,26700,OK
2025-04-18,7162,アストマックス,スタンダード（内国株式）,証券･商品先物取引業,232,235,231,234,0,0,7000,OK
2025-04-18,7163,住信ＳＢＩネット銀行,スタンダード（内国株式）,銀行業,3760,3880,3740,3855,105,2.8,671100,OK
2025-04-18,7164,全国保証,プライム（内国株式）,その他金融業,3027,3056,3024,3056,57.5,1.917625,224000,OK
2025-04-18,7167,めぶきフィナンシャルグループ,プライム（内国株式）,銀行業,665.4,669.7,658,664.6,6.4,0.972349,2228900,OK
2025-04-18,7170,中央インターナショナルグループ,TOKYO PRO MARKET（内国株式）,保険業,,,,,,,,NO_QUOTE
2025-04-18,7172,ジャパンインベストメントアドバイザー,プライム（内国株式）,証券･商品先物取引業,1612,1656,1603,1655,45,2.795031,182000,OK
2025-04-18,7173,東京きらぼしフィナンシャルグループ,プライム（内国株式）,銀行業,5160,5270,5130,5240,150,2.946955,146100,OK
2025-04-18,7175,今村証券,スタンダード（内国株式）,証券･商品先物取引業,1025,1109,1025,1063,38,3.707317,12400,OK
2025-04-18,7176,シンプレクス・ファイナンシャル・ホールディングス,TOKYO PRO MARKET（内国株式）,証券･商品先物取引業,,,,,,,,NO_QUOTE
2025-04-18,7177,ＧＭＯフィナンシャルホールディングス,スタンダード（内国株式）,証券･商品先物取引業,736,743,735,743,13,1.780822,81800,OK
2025-04-18,7180,九州フィナンシャルグループ,プライム（内国株式）,銀行業,643.5,648.5,638.8,647.2,8.4,1.314966,751300,OK
2025-04-18,7181,かんぽ生命保険,プライム（内国株式）,保険業,2665,2697,2662.5,2678.5,37,1.400719,444000,OK
2025-04-18,7182,ゆうちょ銀行,プライム（内国株式）,銀行業,1416,1421.5,1402,1412.5,3.5,0.248403,5978600,OK
2025-04-18,7183,あんしん保証,スタンダード（内国株式）,その他金融業,153,159,149,152,1,0.662252,285300,OK
2025-04-18,7184,富山第一銀行,プライム（内国株式）,銀行業,1060,1075,1056,1071,30,2.881844,147600,OK
2025-04-18,7185,ヒロセ通商,スタンダード（内国株式）,証券･商品先物取引業,4075,4150,4075,4145,80,1.96802,2700,OK
2025-04-18,7186,コンコルディア・フィナンシャルグループ,プライム（内国株式）,銀行業,855.5,862.9,839.7,856.7,12.7,1.504739,2937900,OK
2025-04-18,7187,ジェイリース,プライム（内国株式）,その他金融業,1342,1382,1342,1382,51,3.831705,60000,OK
2025-04-18,7189,西日本フィナンシャルホールディングス,プライム（内国株式）,銀行業,1933,1952,1925,1942,26,1.356994,233300,OK
2025-04-18,7191,イントラスト,スタンダード（内国株式）,その他金融業,799,804,791,801,4,0.501882,16300,OK
2025-04-18,7192,日本モーゲージサービス,スタンダード（内国株式）,その他金融業,426,429,425,426,0,0,10000,OK
2025-04-18,7196,Ｃａｓａ,スタンダード（内国株式）,その他金融業,805,805,799,803,1,0.124688,29400,OK
2025-04-18,7198,ＳＢＩアルヒ,プライム（内国株式）,その他金融業,766,780,764,780,21,2.766798,65700,OK
2025-04-18,7199,プレミアグループ,プライム（内国株式）,その他金融業,1994,2019,1984,2019,45,2.279635,96900,OK
2025-04-18,7201,日産自動車,プライム（内国株式）,輸送用機器,318.6,322.2,317.4,321,5.4,1.711027,20046800,OK
2025-04-18,7202,いすゞ自動車,プライム（内国株式）,輸送用機器,1851,1866,1843.5,1857,9.5,0.514208,975900,OK
2025-04-18,7203,トヨタ自動車,プライム（内国株式）,輸送用機器,2506,2544,2496.5,2544,45.5,1.821093,16944800,OK
2025-04-18,7205,日野自動車,プライム（内国株式）,輸送用機器,426.7,429.7,422.1,428.2,5.3,1.253251,1248300,OK
2025-04-18,7208,カネミツ,スタンダード（内国株式）,輸送用機器,789,793,784,786,2,0.255102,1400,OK
2025-04-18,7211,三菱自動車工業,プライム（内国株式）,輸送用機器,377,380.1,375.4,378,4.5,1.204819,4331000,OK
2025-04-18,7212,エフテック,スタンダード（内国株式）,輸送用機器,468,472,465,471,4,0.856531,24600,OK
2025-04-18,7213,レシップホールディングス,スタンダード（内国株式）,輸送用機器,464,466,455,460,4,0.877193,17900,OK
2025-04-18,7214,ＧＭＢ,スタンダード（内国株式）,輸送用機器,808,856,808,851,31,3.780488,49800,OK
2025-04-18,7215,ファルテック,スタンダード（内国株式）,輸送用機器,369,377,367,367,5,1.381215,11000,OK
2025-04-18,7217,テイン,スタンダード（内国株式）,輸送用機器,710,737,709,720,5,0.699301,3300,OK
2025-04-18,7218,田中精密工業,スタンダード（内国株式）,輸送用機器,996,996,996,996,0,0,200,OK
2025-04-18,7219,エッチ・ケー・エス,スタンダード（内国株式）,輸送用機器,1950,2020,1930,1951,22,1.140487,2400,OK
2025-04-18,7220,武蔵精密工業,プライム（内国株式）,輸送用機器,2173,2199,2151,2165,-1,-0.046168,422800,OK
2025-04-18,7222,日産車体,スタンダード（内国株式）,輸送用機器,964,985,964,979,23,2.405858,53200,OK
2025-04-18,7224,新明和工業,プライム（内国株式）,輸送用機器,1290,1320,1286,1320,30,2.325581,135500,OK
2025-04-18,7226,極東開発工業,プライム（内国株式）,輸送用機器,2236,2282,2227,2282,58,2.607914,114900,OK
2025-04-18,7228,デイトナ,スタンダード（内国株式）,輸送用機器,3575,3605,3570,3605,20,0.55788,2100,OK
2025-04-18,7229,ユタカ技研,スタンダード（内国株式）,輸送用機器,1962,2007,1951,1993,31,1.58002,11700,OK
2025-04-18,7231,トピー工業,プライム（内国株式）,輸送用機器,1992,2019,1992,2016,49,2.491103,34300,OK
2025-04-18,7235,東京ラヂエーター製造,スタンダード（内国株式）,輸送用機器,803,823,797,813,14,1.75219,25100,OK
2025-04-18,7236,ティラド,プライム（内国株式）,輸送用機器,3255,3365,3250,3360,135,4.186047,13900,OK
2025-04-18,7238,曙ブレーキ工業,プライム（内国株式）,輸送用機器,92,99,92,98,8,8.888889,2141500,OK
2025-04-18,7239,タチエス,プライム（内国株式）,輸送用機器,1513,1530,1512,1528,23,1.528239,97500,OK
2025-04-18,7240,ＮＯＫ,プライム（内国株式）,輸送用機器,1893,1906,1888.5,1895.5,13,0.690571,172300,OK
2025-04-18,7241,フタバ産業,プライム（内国株式）,輸送用機器,748,768,745,768,28,3.783784,250900,OK
2025-04-18,7242,カヤバ,プライム（内国株式）,輸送用機器,2750,2816,2750,2812,77,2.815356,62800,OK
2025-04-18,7244,市光工業,プライム（内国株式）,電気機器,373,379,371,379,7,1.88172,34300,OK
2025-04-18,7245,大同メタル工業,プライム（内国株式）,輸送用機器,464,471,461,471,14,3.063457,72300,OK
2025-04-18,7246,プレス工業,プライム（内国株式）,輸送用機器,520,531,518,531,13,2.509653,192200,OK
2025-04-18,7247,ミクニ,スタンダード（内国株式）,輸送用機器,265,270,264,270,8,3.053435,79000,OK
2025-04-18,7250,太平洋工業,プライム（内国株式）,輸送用機器,1212,1230,1211,1226,27,2.251877,68300,OK
2025-04-18,7254,ユニバンス,スタンダード（内国株式）,輸送用機器,345,348,340,347,2,0.57971,7200,OK
2025-04-18,7255,桜井製作所,スタンダード（内国株式）,輸送用機器,592,592,575,582,0,0,6700,OK
2025-04-18,7256,河西工業,スタンダード（内国株式）,輸送用機器,88,93,88,90,1,1.123596,298800,OK
2025-04-18,7259,アイシン,プライム（内国株式）,輸送用機器,1487,1514.5,1480.5,1506.5,25,1.687479,2684500,OK
2025-04-18,7261,マツダ,プライム（内国株式）,輸送用機器,850.2,865.5,847.1,863.5,21.5,2.553444,8796300,OK
2025-04-18,7264,ムロコーポレーション,スタンダード（内国株式）,輸送用機器,1087,1110,1087,1109,23,2.117864,7100,OK
2025-04-18,7265,エイケン工業,スタンダード（内国株式）,輸送用機器,3130,3200,3100,3155,50,1.610306,3700,OK
2025-04-18,7266,今仙電機製作所,スタンダード（内国株式）,輸送用機器,594,612,591,610,19,3.21489,26600,OK
2025-04-18,7267,本田技研工業,プライム（内国株式）,輸送用機器,1382,1400.5,1381.5,1394.5,12.5,0.904486,16325000,OK
2025-04-18,7269,スズキ,プライム（内国株式）,輸送用機器,1660.5,1675.5,1648,1672.5,0,0,10156700,OK
2025-04-18,7270,ＳＵＢＡＲＵ,プライム（内国株式）,輸送用機器,2506,2529,2486,2520,54,2.189781,2284000,OK
2025-04-18,7271,安永,スタンダード（内国株式）,輸送用機器,454,464,446,455,9,2.017937,6600,OK
2025-04-18,7272,ヤマハ発動機,プライム（内国株式）,輸送用機器,1090,1106,1089,1100,-13,-1.168014,3945200,OK
2025-04-18,7273,イクヨ,スタンダード（内国株式）,輸送用機器,4380,4380,4230,4310,0,0,15100,OK
2025-04-18,7276,小糸製作所,プライム（内国株式）,電気機器,1725,1740,1712.5,1738,25,1.459428,555800,OK
2025-04-18,7277,ＴＢＫ,スタンダード（内国株式）,輸送用機器,277,279,276,278,2,0.724638,35300,OK
2025-04-18,7278,エクセディ,プライム（内国株式）,輸送用機器,4175,4225,4155,4190,80,1.946472,112200,OK
2025-04-18,7279,ハイレックスコーポレーション,スタンダード（内国株式）,輸送用機器,1381,1436,1381,1436,56,4.057971,22800,OK
2025-04-18,7280,ミツバ,プライム（内国株式）,電気機器,781,796,775,795,25,3.246753,150400,OK
2025-04-18,7282,豊田合成,プライム（内国株式）,輸送用機器,2500.5,2552.5,2500.5,2548.5,75.5,3.052972,216900,OK
2025-04-18,7283,愛三工業,プライム（内国株式）,輸送用機器,1930,1982,1927,1982,75,3.932879,151400,OK
2025-04-18,7284,盟和産業,スタンダード（内国株式）,輸送用機器,1090,1100,1075,1075,-15,-1.376147,3600,OK
2025-04-18,7287,日本精機,スタンダード（内国株式）,輸送用機器,1045,1072,1037,1064,26,2.504817,92500,OK
2025-04-18,7291,日本プラスト,スタンダード（内国株式）,輸送用機器,309,312,308,310,1,0.323625,41100,OK
2025-04-18,7292,村上開明堂,スタンダード（内国株式）,輸送用機器,5230,5380,5230,5380,130,2.47619,5900,OK
2025-04-18,7294,ヨロズ,プライム（内国株式）,輸送用機器,943,985,942,979,44,4.705882,39600,OK
2025-04-18,7296,エフ・シー・シー,プライム（内国株式）,輸送用機器,2795,2835,2779,2830,82,2.983988,202300,OK
2025-04-18,7297,カーメイト,スタンダード（内国株式）,輸送用機器,852,886,838,850,11,1.311085,5200,OK
2025-04-18,7299,フジオーゼックス,スタンダード（内国株式）,輸送用機器,1279,1287,1273,1274,18,1.433121,5900,OK
2025-04-18,7305,新家工業,スタンダード（内国株式）,鉄鋼,4375,4435,4370,4420,30,0.683371,38800,OK
2025-04-18,7309,シマノ,プライム（内国株式）,輸送用機器,19995,20190,19850,20110,140,0.701052,180600,OK
2025-04-18,7313,テイ・エス　テック,プライム（内国株式）,輸送用機器,1555,1570.5,1552,1569.5,27,1.750405,125900,OK
2025-04-18,7314,小田原機器,スタンダード（内国株式）,輸送用機器,981,995,979,995,14,1.427115,1900,OK
2025-04-18,7317,松屋アールアンドディ,グロース（内国株式）,輸送用機器,621,621,610,620,5,0.813008,8500,OK
2025-04-18,7318,セレンディップ・ホールディングス,グロース（内国株式）,輸送用機器,1525,1620,1492,1606,93,6.146728,29900,OK
2025-04-18,7320,Ｓｏｌｖｖｙ,グロース（内国株式）,その他金融業,2780,2793,2749,2792,45,1.638151,7800,OK
2025-04-18,7322,三十三フィナンシャルグループ,プライム（内国株式）,銀行業,2138,2212,2138,2200,70,3.286385,82300,OK
2025-04-18,7325,アイリックコーポレーション,グロース（内国株式）,保険業,672,674,666,672,-5,-0.738552,5000,OK
2025-04-18,7326,ＳＢＩインシュアランスグループ,グロース（内国株式）,保険業,1016,1042,1015,1039,32,3.177756,17300,OK
2025-04-18,7327,第四北越フィナンシャルグループ,プライム（内国株式）,銀行業,2839,2890,2835,2890,79,2.810388,168900,OK
2025-04-18,7337,ひろぎんホールディングス,プライム（内国株式）,銀行業,1118,1126,1106,1122,21.5,1.953657,625700,OK
2025-04-18,7343,ブロードマインド,グロース（内国株式）,保険業,932,939,926,939,7,0.751073,7800,OK
2025-04-18,7345,アイ・パートナーズフィナンシャル,グロース（内国株式）,その他金融業,564,580,564,580,0,0,4700,OK
2025-04-18,7347,マーキュリアホールディングス,プライム（内国株式）,証券･商品先物取引業,797,802,793,802,6,0.753769,66300,OK
2025-04-18,7350,おきなわフィナンシャルグループ,プライム（内国株式）,銀行業,2273,2306,2273,2300,56,2.495544,38500,OK
2025-04-18,7351,グッドパッチ,グロース（内国株式）,サービス業,670,713,655,705,37,5.538922,85100,OK
2025-04-18,7352,ＴＷＯＳＴＯＮＥ＆Ｓｏｎｓ,グロース（内国株式）,サービス業,954,1042,948,1038,99,10.543131,1152000,OK
2025-04-18,7353,ＫＩＹＯラーニング,グロース（内国株式）,サービス業,704,715,691,705,3,0.42735,10300,OK
2025-04-18,7354,ダイレクトマーケティングミックス,プライム（内国株式）,サービス業,225,233,224,233,10,4.484305,113600,OK
2025-04-18,7355,一寸房,TOKYO PRO MARKET（内国株式）,サービス業,,,,,,,,NO_QUOTE
2025-04-18,7356,Ｒｅｔｔｙ,グロース（内国株式）,サービス業,142,143,142,142,-1,-0.699301,31800,OK
2025-04-18,7357,ジオコード,スタンダード（内国株式）,サービス業,600,603,593,603,11,1.858108,2400,OK
2025-04-18,7358,ポピンズ,スタンダード（内国株式）,サービス業,1102,1145,1091,1145,46,4.185623,10100,OK
2025-04-18,7359,東京通信グループ,グロース（内国株式）,サービス業,248,248,240,246,4,1.652893,31400,OK
2025-04-18,7360,オンデック,グロース（内国株式）,サービス業,1207,1207,1015,1045,18,1.752678,44700,OK
2025-04-18,7361,ヒューマンクリエイションホールディングス,グロース（内国株式）,サービス業,1224,1242,1205,1239,14,1.142857,10000,OK
2025-04-18,7362,Ｔ．Ｓ．Ｉ,グロース（内国株式）,サービス業,760,802,752,786,36,4.8,3200,OK
2025-04-18,7363,ベビーカレンダー,グロース（内国株式）,サービス業,1143,1190,1143,1190,77,6.918239,500,OK
2025-04-18,7364,琉球アスティーダスポーツクラブ,TOKYO PRO MARKET（内国株式）,サービス業,,,,,,,,NO_QUOTE
2025-04-18,7366,ＬＩＴＡＬＩＣＯ,プライム（内国株式）,サービス業,1180,1211,1172,1211,45,3.859348,139600,OK
2025-04-18,7367,セルム,スタンダード（内国株式）,サービス業,330,339,330,339,10,3.039514,2900,OK
2025-04-18,7368,表示灯,スタンダード（内国株式）,サービス業,1592,1600,1592,1600,30,1.910828,1700,OK
2025-04-18,7369,メイホーホールディングス,グロース（内国株式）,サービス業,678,678,658,667,-11,-1.622419,4900,OK
2025-04-18,7370,Ｅｎｊｉｎ,グロース（内国株式）,サービス業,764,764,761,761,0,0,1800,OK
2025-04-18,7371,Ｚｅｎｋｅｎ,グロース（内国株式）,サービス業,546,548,543,543,0,0,3500,OK
2025-04-18,7372,デコルテ・ホールディングス,グロース（内国株式）,サービス業,303,304,299,303,6,2.020202,6200,OK
2025-04-18,7373,アイドマ・ホールディングス,グロース（内国株式）,サービス業,1659,1660,1626,1638,-22,-1.325301,20400,OK
2025-04-18,7374,コンフィデンス・インターワークス,グロース（内国株式）,サービス業,1409,1426,1365,1418,16,1.141227,8400,OK
2025-04-18,7375,リファインバースグループ,グロース（内国株式）,サービス業,749,772,724,742,-3,-0.402685,5600,OK
2025-04-18,7376,ＢＣＣ,グロース（内国株式）,サービス業,1678,1678,1678,1678,-40,-2.328289,100,OK
2025-04-18,7377,ＤＮホールディングス,スタンダード（内国株式）,サービス業,1923,1923,1850,1880,-28,-1.467505,4200,OK
2025-04-18,7378,アシロ,グロース（内国株式）,サービス業,1612,1684,1612,1658,64,4.015056,85100,OK
2025-04-18,7379,サーキュレーション,グロース（内国株式）,サービス業,607,611,600,606,-1,-0.164745,11700,OK
2025-04-18,7380,十六フィナンシャルグループ,プライム（内国株式）,銀行業,4250,4345,4215,4345,165,3.947368,75900,OK
2025-04-18,7381,北國フィナンシャルホールディングス,プライム（内国株式）,銀行業,4995,5120,4985,5120,185,3.748734,32700,OK
2025-04-18,7383,ネットプロテクションズホールディングス,プライム（内国株式）,その他金融業,447,467,442,466,23,5.191874,979900,OK
2025-04-18,7384,プロクレアホールディングス,プライム（内国株式）,銀行業,1515,1569,1511,1563,62,4.13058,86900,OK
2025-04-18,7386,ジャパンワランティサポート,グロース（内国株式）,その他金融業,3340,3350,3340,3340,5,0.149925,2000,OK
2025-04-18,7388,ＦＰパートナー,プライム（内国株式）,保険業,2317,2396,2312,2390,73,3.150626,207900,OK
2025-04-18,7389,あいちフィナンシャルグループ,プライム（内国株式）,銀行業,2546,2578,2529,2573,72,2.878848,92700,OK
2025-04-18,7399,ナンシン,スタンダード（内国株式）,輸送用機器,518,518,514,515,-2,-0.386847,4700,OK
2025-04-18,7408,ジャムコ,プライム（内国株式）,輸送用機器,1792,1797,1789,1794,2,0.111607,235600,OK
2025-04-18,7409,ＡｅｒｏＥｄｇｅ,グロース（内国株式）,輸送用機器,1856,1919,1848,1884,28,1.508621,6200,OK
2025-04-18,7412,アトム,スタンダード（内国株式）,小売業,656,666,656,663,7,1.067073,134600,OK
2025-04-18,7413,創健社,スタンダード（内国株式）,卸売業,,,,,,,,NO_QUOTE
2025-04-18,7414,小野建,プライム（内国株式）,卸売業,1399,1423,1387,1423,43,3.115942,69400,OK
2025-04-18,7416,はるやまホールディングス,スタンダード（内国株式）,小売業,654,654,645,652,-2,-0.30581,2900,OK
2025-04-18,7417,南陽,スタンダード（内国株式）,卸売業,1140,1157,1140,1154,14,1.22807,8200,OK
2025-04-18,7419,ノジマ,プライム（内国株式）,小売業,2499,2518,2489,2517,41,1.655897,69200,OK
2025-04-18,7420,佐鳥電機,プライム（内国株式）,卸売業,1555,1599,1554,1597,61,3.971354,43100,OK
2025-04-18,7421,カッパ・クリエイト,プライム（内国株式）,小売業,1445,1468,1445,1468,26,1.803051,63500,OK
2025-04-18,7422,東邦レマック,スタンダード（内国株式）,卸売業,370,441,370,415,49,13.387978,49400,OK
2025-04-18,7425,初穂商事,スタンダード（内国株式）,卸売業,1745,1790,1745,1790,42,2.402746,1300,OK
2025-04-18,7426,山大,スタンダード（内国株式）,卸売業,1041,1076,1034,1042,17,1.658537,7500,OK
2025-04-18,7427,エコートレーディング,スタンダード（内国株式）,卸売業,821,836,821,823,4,0.4884,8100,OK
2025-04-18,7433,伯東,プライム（内国株式）,卸売業,3850,3890,3845,3870,40,1.044386,37000,OK
2025-04-18,7434,オータケ,スタンダード（内国株式）,卸売業,1800,1805,1790,1790,-15,-0.831025,1000,OK
2025-04-18,7435,ナ・デックス,スタンダード（内国株式）,卸売業,899,902,899,901,2,0.222469,3200,OK
2025-04-18,7438,コンドーテック,プライム（内国株式）,卸売業,1401,1415,1400,1411,10,0.713776,18800,OK
2025-04-18,7442,中山福,スタンダード（内国株式）,卸売業,390,390,387,388,-2,-0.512821,15000,OK
2025-04-18,7443,横浜魚類,スタンダード（内国株式）,卸売業,586,586,586,586,0,0,500,OK
2025-04-18,7444,ハリマ共和物産,スタンダード（内国株式）,卸売業,1940,1960,1940,1952,27,1.402597,700,OK
2025-04-18,7445,ライトオン,スタンダード（内国株式）,小売業,237,243,237,241,6,2.553191,57200,OK
2025-04-18,7446,東北化学薬品,スタンダード（内国株式）,卸売業,3760,3880,3745,3745,55,1.490515,1200,OK
2025-04-18,7447,ナガイレーベン,プライム（内国株式）,卸売業,1959,2010,1959,2010,59,3.02409,20600,OK
2025-04-18,7450,サンデー,スタンダード（内国株式）,小売業,1070,1090,1070,1080,-6,-0.552486,3400,OK
2025-04-18,7451,三菱食品,スタンダード（内国株式）,卸売業,5130,5220,5130,5210,100,1.956947,46600,OK
2025-04-18,7453,良品計画,プライム（内国株式）,小売業,4705,4945,4694,4910,230,4.91453,7855400,OK
2025-04-18,7455,パリミキホールディングス,スタンダード（内国株式）,小売業,263,274,263,270,8,3.053435,31400,OK
2025-04-18,7456,松田産業,プライム（内国株式）,卸売業,3500,3670,3500,3670,160,4.558405,99100,OK
2025-04-18,7458,第一興商,プライム（内国株式）,卸売業,1707,1712,1695.5,1712,0,0,250400,OK
2025-04-18,7459,メディパルホールディングス,プライム（内国株式）,卸売業,2364.5,2374,2351.5,2373.5,42,1.801415,181800,OK
2025-04-18,7460,ヤギ,スタンダード（内国株式）,卸売業,1979,2027,1965,2021,67,3.428864,6500,OK
2025-04-18,7461,キムラ,スタンダード（内国株式）,卸売業,433,436,433,436,2,0.460829,1100,OK
2025-04-18,7462,ＣＡＰＩＴＡ,スタンダード（内国株式）,小売業,324,330,322,322,-5,-1.529052,13800,OK
2025-04-18,7463,アドヴァングループ,スタンダード（内国株式）,小売業,757,773,757,773,22,2.929427,36700,OK
2025-04-18,7464,セフテック,スタンダード（内国株式）,卸売業,1758,1806,1738,1787,50,2.878526,4600,OK
2025-04-18,7466,ＳＰＫ,プライム（内国株式）,卸売業,2043,2088,2028,2088,67,3.31519,10500,OK
2025-04-18,7467,萩原電気ホールディングス,プライム（内国株式）,卸売業,2937,3005,2930,3005,88,3.016798,17700,OK
2025-04-18,7472,鳥羽洋行,スタンダード（内国株式）,卸売業,3335,3340,3335,3335,0,0,300,OK
2025-04-18,7475,アルビス,プライム（内国株式）,小売業,2842,2917,2842,2914,104,3.701068,24000,OK
2025-04-18,7476,アズワン,プライム（内国株式）,卸売業,2322,2322,2303,2318.5,15.5,0.673035,95200,OK
2025-04-18,7477,ムラキ,スタンダード（内国株式）,卸売業,1240,1399,1240,1398,158,12.741935,76500,OK
2025-04-18,7480,スズデン,スタンダード（内国株式）,卸売業,1907,1950,1907,1950,60,3.174603,34300,OK
2025-04-18,7481,尾家産業,スタンダード（内国株式）,卸売業,1933,1957,1933,1933,0,0,2300,OK
2025-04-18,7482,シモジマ,プライム（内国株式）,卸売業,1202,1228,1202,1228,33,2.761506,14900,OK
2025-04-18,7483,ドウシシャ,プライム（内国株式）,卸売業,2170,2223,2156,2214,58,2.690167,62200,OK
2025-04-18,7486,サンリン,スタンダード（内国株式）,卸売業,667,669,665,669,2,0.29985,1400,OK
2025-04-18,7487,小津産業,スタンダード（内国株式）,卸売業,1780,1785,1778,1779,3,0.168919,6800,OK
2025-04-18,7490,日新商事,スタンダード（内国株式）,卸売業,840,842,840,841,1,0.119048,1800,OK
2025-04-18,7494,コナカ,スタンダード（内国株式）,小売業,217,221,216,221,5,2.314815,39900,OK
2025-04-18,7500,西川計測,スタンダード（内国株式）,卸売業,7920,7920,7920,7920,140,1.799486,100,OK
2025-04-18,7501,ティムコ,スタンダード（内国株式）,卸売業,817,833,811,816,0,0,3600,OK
2025-04-18,7502,プラザホールディングス,スタンダード（内国株式）,サービス業,1755,1792,1755,1792,33,1.876066,900,OK
2025-04-18,7504,高速,プライム（内国株式）,卸売業,2081,2114,2074,2110,60,2.926829,21100,OK
2025-04-18,7505,扶桑電通,スタンダード（内国株式）,卸売業,1708,1708,1707,1707,1,0.058617,200,OK
2025-04-18,7506,ハウス　オブ　ローゼ,スタンダード（内国株式）,小売業,1388,1390,1388,1389,1,0.072046,2300,OK
2025-04-18,7508,Ｇ‐７ホールディングス,プライム（内国株式）,小売業,1428,1452,1421,1452,39,2.760085,27300,OK
2025-04-18,7509,アイエーグループ,スタンダード（内国株式）,小売業,,,,,,,,NO_QUOTE
2025-04-18,7510,たけびし,プライム（内国株式）,卸売業,1712,1748,1709,1744,50,2.951594,15000,OK
2025-04-18,7512,イオン北海道,スタンダード（内国株式）,小売業,851,866,850,862,11,1.292597,118800,OK
2025-04-18,7513,コジマ,プライム（内国株式）,小売業,950,963,944,963,24,2.555911,141500,OK
2025-04-18,7514,ヒマラヤ,スタンダード（内国株式）,小売業,819,824,819,824,5,0.610501,2800,OK
2025-04-18,7515,マルヨシセンター,スタンダード（内国株式）,小売業,3970,3980,3970,3975,25,0.632911,400,OK
2025-04-18,7516,コーナン商事,プライム（内国株式）,小売業,3645,3705,3645,3695,70,1.931034,62900,OK
2025-04-18,7520,エコス,プライム（内国株式）,小売業,2480,2521,2447,2521,76,3.108384,39600,OK
2025-04-18,7521,ムサシ,スタンダード（内国株式）,卸売業,1602,1629,1602,1621,21,1.3125,6700,OK
2025-04-18,7522,ワタミ,プライム（内国株式）,小売業,1130,1162,1130,1162,39,3.472841,171900,OK
2025-04-18,7523,アールビバン,スタンダード（内国株式）,小売業,1063,1066,1052,1057,4,0.379867,12600,OK
2025-04-18,7524,マルシェ,スタンダード（内国株式）,小売業,175,186,175,180,5,2.857143,508300,OK
2025-04-18,7525,リックス,プライム（内国株式）,卸売業,2745,2819,2727,2809,93,3.424153,10200,OK
2025-04-18,7527,システムソフト,スタンダード（内国株式）,情報･通信業,66,70,66,69,2,2.985075,1159100,OK
2025-04-18,7531,清和中央ホールディングス,スタンダード（内国株式）,卸売業,1330,1330,1330,1330,-30,-2.205882,100,OK
2025-04-18,7532,パン・パシフィック・インターナショナルホールディングス,プライム（内国株式）,小売業,4350,4367,4325,4366,18,0.413983,917900,OK
2025-04-18,7537,丸文,プライム（内国株式）,卸売業,862,878,860,878,24,2.810304,41700,OK
2025-04-18,7538,大水,スタンダード（内国株式）,卸売業,310,315,310,313,3,0.967742,1000,OK
2025-04-18,7539,アイナボホールディングス,スタンダード（内国株式）,卸売業,655,660,654,655,5,0.769231,7900,OK
2025-04-18,7544,スリーエフ,スタンダード（内国株式）,小売業,431,432,428,431,0,0,6200,OK
2025-04-18,7545,西松屋チェーン,プライム（内国株式）,小売業,2112,2178,2102,2171,62,2.939782,246100,OK
2025-04-18,7550,ゼンショーホールディングス,プライム（内国株式）,小売業,8760,8838,8691,8808,55,0.628356,338600,OK
2025-04-18,7551,ウェッズ,スタンダード（内国株式）,輸送用機器,591,599,591,592,1,0.169205,3300,OK
2025-04-18,7552,ハピネット,プライム（内国株式）,卸売業,5090,5230,5030,5210,210,4.2,114200,OK
2025-04-18,7554,幸楽苑,プライム（内国株式）,小売業,1036,1053,1036,1050,25,2.439024,42000,OK
2025-04-18,7555,大田花き,スタンダード（内国株式）,卸売業,743,743,742,742,1,0.134953,200,OK
2025-04-18,7559,ジーエフシー,スタンダード（内国株式）,卸売業,2010,2010,2010,2010,-2,-0.099404,900,OK
2025-04-18,7561,ハークスレイ,スタンダード（内国株式）,小売業,656,684,654,680,22,3.343465,53300,OK
2025-04-18,7562,安楽亭,スタンダード（内国株式）,小売業,7000,7000,6980,7000,10,0.143062,1100,OK
2025-04-18,7564,ワークマン,スタンダード（内国株式）,小売業,4545,4650,4535,4550,10,0.220264,197200,OK
2025-04-18,7565,萬世電機,スタンダード（内国株式）,卸売業,3990,4000,3980,3980,10,0.251889,700,OK
2025-04-18,7567,栄電子,スタンダード（内国株式）,卸売業,421,426,421,425,2,0.472813,2300,OK
2025-04-18,7570,橋本総業ホールディングス,スタンダード（内国株式）,卸売業,1161,1199,1161,1194,35,3.019845,7900,OK
2025-04-18,7571,ヤマノホールディングス,スタンダード（内国株式）,小売業,58,61,56,58,-1,-1.694915,2920400,OK
2025-04-18,7575,日本ライフライン,プライム（内国株式）,卸売業,1475,1517,1472,1513,53,3.630137,114400,OK
2025-04-18,7578,ニチリョク,スタンダード（内国株式）,小売業,120,131,119,120,0,0,582400,OK
2025-04-18,7581,サイゼリヤ,プライム（内国株式）,小売業,4025,4075,3995,4075,90,2.258469,188000,OK
2025-04-18,7585,かんなん丸,スタンダード（内国株式）,小売業,409,413,405,410,5,1.234568,5500,OK
2025-04-18,7590,タカショー,スタンダード（内国株式）,卸売業,410,417,410,413,6,1.474201,50900,OK
2025-04-18,7593,ＶＴホールディングス,プライム（内国株式）,小売業,488,494,488,494,7,1.437372,147200,OK
2025-04-18,7595,アルゴグラフィックス,プライム（内国株式）,情報･通信業,4980,5180,4965,5100,160,3.238866,12400,OK
2025-04-18,7596,魚力,プライム（内国株式）,小売業,2418,2445,2418,2445,44,1.83257,11200,OK
2025-04-18,7599,ＩＤＯＭ,プライム（内国株式）,卸売業,995,1044,995,1032,35,3.510532,1147500,OK
2025-04-18,7600,日本エム・ディ・エム,プライム（内国株式）,精密機器,542,554,538,553,16,2.979516,94000,OK
2025-04-18,7601,ポプラ,スタンダード（内国株式）,小売業,174,185,171,172,0,0,555500,OK
2025-04-18,7602,レダックス,スタンダード（内国株式）,卸売業,133,135,131,135,1,0.746269,39900,OK
2025-04-18,7603,マックハウス,スタンダード（内国株式）,小売業,173,173,170,171,0,0,26600,OK
2025-04-18,7604,梅の花,スタンダード（内国株式）,小売業,874,874,873,874,1,0.114548,4500,OK
2025-04-18,7605,フジ・コーポレーション,プライム（内国株式）,小売業,1873,1929,1866,1916,69,3.735788,13100,OK
2025-04-18,7606,ユナイテッドアローズ,プライム（内国株式）,小売業,2190,2216,2180,2216,47,2.166897,77900,OK
2025-04-18,7607,進和,プライム（内国株式）,卸売業,2871,2973,2867,2970,121,4.247104,8100,OK
2025-04-18,7608,エスケイジャパン,スタンダード（内国株式）,卸売業,770,784,765,772,2,0.25974,23000,OK
2025-04-18,7609,ダイトロン,プライム（内国株式）,卸売業,3100,3160,3100,3150,50,1.612903,12700,OK
2025-04-18,7610,テイツー,スタンダード（内国株式）,小売業,145,151,145,146,1,0.689655,2996900,OK
2025-04-18,7611,ハイデイ日高,プライム（内国株式）,小売業,3095,3145,3075,3125,50,1.626016,119400,OK
2025-04-18,7613,シークス,プライム（内国株式）,卸売業,987,1003,983,1003,18,1.827411,100400,OK
2025-04-18,7614,オーエムツーネットワーク,スタンダード（内国株式）,小売業,1422,1430,1409,1409,-1,-0.070922,2700,OK
2025-04-18,7615,京都きもの友禅ホールディングス,スタンダード（内国株式）,小売業,75,80,75,80,6,8.108108,1329700,OK
2025-04-18,7616,コロワイド,プライム（内国株式）,小売業,1823.5,1838.5,1817.5,1834.5,21.5,1.18588,252000,OK
2025-04-18,7619,田中商事,スタンダード（内国株式）,卸売業,619,630,619,628,7,1.127214,11400,OK
2025-04-18,7621,うかい,スタンダード（内国株式）,小売業,3520,3520,3520,3520,-30,-0.84507,800,OK
2025-04-18,7623,サンオータス,スタンダード（内国株式）,小売業,833,834,833,833,0,0,70000,OK
2025-04-18,7624,ＮａＩＴＯ,スタンダード（内国株式）,卸売業,119,121,119,120,1,0.840336,72100,OK
2025-04-18,7625,グローバルダイニング,スタンダード（内国株式）,小売業,356,364,335,342,2,0.588235,82700,OK
2025-04-18,7628,オーハシテクニカ,プライム（内国株式）,卸売業,1822,1888,1801,1886,90,5.011136,21500,OK
2025-04-18,7630,壱番屋,プライム（内国株式）,小売業,976,987,975,985,12,1.233299,233900,OK
2025-04-18,7634,星医療酸器,スタンダード（内国株式）,卸売業,4450,4520,4450,4450,0,0,3900,OK
2025-04-18,7635,杉田エース,スタンダード（内国株式）,卸売業,1165,1231,1161,1178,8,0.683761,4800,OK
2025-04-18,7636,ハンズマン,スタンダード（内国株式）,小売業,798,798,787,798,4,0.503778,4500,OK
2025-04-18,7637,白銅,プライム（内国株式）,卸売業,2017,2126,2017,2123,126,6.309464,17200,OK
2025-04-18,7638,ＮＥＷ　ＡＲＴ　ＨＯＬＤＩＮＧＳ,スタンダード（内国株式）,小売業,1416,1430,1401,1408,-12,-0.84507,15900,OK
2025-04-18,7640,トップカルチャー,スタンダード（内国株式）,小売業,145,145,141,142,-2,-1.388889,26800,OK
2025-04-18,7643,ダイイチ,スタンダード（内国株式）,小売業,1373,1373,1347,1364,3,0.220426,2200,OK
2025-04-18,7646,ＰＬＡＮＴ,スタンダード（内国株式）,小売業,1400,1430,1400,1407,6,0.428266,2500,OK
2025-04-18,7649,スギホールディングス,プライム（内国株式）,小売業,2931.5,2949.5,2897,2913,-4.5,-0.154242,1126800,OK
2025-04-18,7670,オーウエル,スタンダード（内国株式）,卸売業,904,909,890,893,-4,-0.445931,9000,OK
2025-04-18,7673,ダイコー通産,スタンダード（内国株式）,卸売業,1377,1390,1376,1376,9,0.658376,5300,OK
2025-04-18,7674,ＮＡＴＴＹ　ＳＷＡＮＫＹホールディングス,グロース（内国株式）,小売業,3185,3195,3185,3190,20,0.630915,1800,OK
2025-04-18,7677,ヤシマキザイ,スタンダード（内国株式）,卸売業,2485,2485,2485,2485,0,0,700,OK
2025-04-18,7678,あさくま,スタンダード（内国株式）,小売業,3990,3990,3970,3985,15,0.377834,1200,OK
2025-04-18,7679,薬王堂ホールディングス,プライム（内国株式）,小売業,1787,1835,1776,1835,48,2.686066,43100,OK
2025-04-18,7680,軽自動車館,TOKYO PRO MARKET（内国株式）,小売業,,,,,,,,NO_QUOTE
2025-04-18,7681,レオクラン,スタンダード（内国株式）,卸売業,,,,,,,,NO_QUOTE
2025-04-18,7682,浜木綿,スタンダード（内国株式）,小売業,4250,4250,4245,4245,40,0.951249,200,OK
2025-04-18,7683,ダブルエー,プライム（内国株式）,小売業,1285,1300,1275,1300,21,1.641908,44500,OK
2025-04-18,7685,ＢｕｙＳｅｌｌ　Ｔｅｃｈｎｏｌｏｇｉｅｓ,グロース（内国株式）,卸売業,2669,2819,2669,2816,162,6.103994,122400,OK
2025-04-18,7686,カクヤスグループ,スタンダード（内国株式）,小売業,487,490,485,485,-7,-1.422764,10600,OK
2025-04-18,7687,ミクリード,グロース（内国株式）,卸売業,493,493,485,486,-7,-1.419878,5800,OK
2025-04-18,7689,コパ・コーポレーション,グロース（内国株式）,卸売業,475,492,475,479,5,1.054852,4500,OK
2025-04-18,7690,カレント自動車,TOKYO PRO MARKET（内国株式）,卸売業,,,,,,,,NO_QUOTE
2025-04-18,7691,Ｃ　Ｃｈａｎｎｅｌ,TOKYO PRO MARKET（内国株式）,小売業,,,,,,,,NO_QUOTE
2025-04-18,7692,アースインフィニティ,スタンダード（内国株式）,電気･ガス業,93,94,92,92,0,0,278300,OK
2025-04-18,7693,北海道歯科産業,TOKYO PRO MARKET（内国株式）,卸売業,,,,,,,,NO_QUOTE
2025-04-18,7694,いつも,グロース（内国株式）,小売業,373,378,373,376,-4,-1.052632,8700,OK
2025-04-18,7695,交換できるくん,グロース（内国株式）,小売業,2551,2725,2518,2652,97,3.796477,7400,OK
2025-04-18,7698,アイスコ,スタンダード（内国株式）,卸売業,1799,1809,1790,1808,17,0.94919,5400,OK
2025-04-18,7701,島津製作所,プライム（内国株式）,精密機器,3695,3702,3628,3678,44,1.210787,461800,OK
2025-04-18,7702,ＪＭＳ,スタンダード（内国株式）,精密機器,440,455,440,455,16,3.644647,37600,OK
2025-04-18,7707,プレシジョン・システム・サイエンス,グロース（内国株式）,精密機器,186,193,186,191,7,3.804348,141700,OK
2025-04-18,7709,クボテック,スタンダード（内国株式）,精密機器,187,191,182,182,-5,-2.673797,46900,OK
2025-04-18,7711,助川電気工業,スタンダード（内国株式）,精密機器,1619,1665,1601,1659,56,3.49345,31700,OK
2025-04-18,7713,シグマ光機,スタンダード（内国株式）,精密機器,1283,1314,1269,1314,35,2.736513,8900,OK
2025-04-18,7715,長野計器,プライム（内国株式）,精密機器,1766,1797,1761,1790,40,2.285714,61300,OK
2025-04-18,7716,ナカニシ,スタンダード（内国株式）,精密機器,1786,1813,1784,1812,34,1.912261,329000,OK
2025-04-18,7717,ブイ・テクノロジー,プライム（内国株式）,精密機器,1896,1906,1883,1904,27,1.438466,25500,OK
2025-04-18,7718,スター精密,プライム（内国株式）,機械,1571,1590,1571,1583,22,1.409353,109100,OK
2025-04-18,7719,東京衡機,スタンダード（内国株式）,精密機器,208,220,208,215,6,2.870813,372500,OK
2025-04-18,7721,東京計器,プライム（内国株式）,精密機器,3290,3440,3290,3430,125,3.782148,343200,OK
2025-04-18,7722,国際計測器,スタンダード（内国株式）,精密機器,552,569,552,569,22,4.021938,8000,OK
2025-04-18,7723,愛知時計電機,プライム（内国株式）,精密機器,1902,1964,1902,1954,46,2.410901,23200,OK
2025-04-18,7725,インターアクション,プライム（内国株式）,精密機器,1135,1147,1128,1146,11,0.969163,60100,OK
2025-04-18,7726,黒田精工,スタンダード（内国株式）,機械,838,865,831,861,24,2.867384,5500,OK
2025-04-18,7727,オーバル,スタンダード（内国株式）,精密機器,374,385,373,382,10,2.688172,63200,OK
2025-04-18,7729,東京精密,プライム（内国株式）,精密機器,7572,7637,7470,7514,-59,-0.779084,163700,OK
2025-04-18,7730,マニー,プライム（内国株式）,精密機器,1076,1126,1069.5,1117,52,4.882629,813000,OK
2025-04-18,7731,ニコン,プライム（内国株式）,精密機器,1485,1493.5,1471.5,1477,-7,-0.471698,515900,OK
2025-04-18,7732,トプコン,プライム（内国株式）,精密機器,3212,3230,3201,3223,20,0.624415,1398400,OK
2025-04-18,7733,オリンパス,プライム（内国株式）,精密機器,1777.5,1807.5,1777,1804.5,17.5,0.979295,1385200,OK
2025-04-18,7734,理研計器,プライム（内国株式）,精密機器,2487,2515,2453,2505,47,1.912124,24300,OK
2025-04-18,7735,ＳＣＲＥＥＮホールディングス,プライム（内国株式）,電気機器,9449,9485,9165,9196,-380,-3.968254,1462800,OK
2025-04-18,7739,キヤノン電子,プライム（内国株式）,電気機器,2237,2250,2222,2247,19,0.852783,36400,OK
2025-04-18,7740,タムロン,プライム（内国株式）,精密機器,3080,3115,3065,3105,55,1.803279,112500,OK
2025-04-18,7741,ＨＯＹＡ,プライム（内国株式）,精密機器,15660,15660,15415,15600,160,1.036269,720900,OK
2025-04-18,7743,シード,プライム（内国株式）,精密機器,462,468,459,464,5,1.089325,65300,OK
2025-04-18,7744,ノーリツ鋼機,プライム（内国株式）,精密機器,4315,4425,4310,4425,125,2.906977,85500,OK
2025-04-18,7745,Ａ＆Ｄホロンホールディングス,プライム（内国株式）,精密機器,1622,1634,1611,1633,13,0.802469,55600,OK
2025-04-18,7746,岡本硝子,スタンダード（内国株式）,精密機器,146,152,145,152,8,5.555556,445000,OK
2025-04-18,7747,朝日インテック,プライム（内国株式）,精密機器,2163.5,2192.5,2151,2184,26.5,1.228273,316000,OK
2025-04-18,7749,メディキット,スタンダード（内国株式）,精密機器,2518,2518,2462,2462,-18,-0.725806,300,OK
2025-04-18,7751,キヤノン,プライム（内国株式）,電気機器,4268,4293,4241,4280,11,0.257672,1184800,OK
2025-04-18,7752,リコー,プライム（内国株式）,電気機器,1470,1492.5,1464,1485,11,0.746269,847900,OK
2025-04-18,7760,ＩＭＶ,スタンダード（内国株式）,精密機器,1430,1466,1419,1463,28,1.95122,80400,OK
2025-04-18,7762,シチズン時計,プライム（内国株式）,精密機器,805,813,801,809,9,1.125,675400,OK
2025-04-18,7769,リズム,プライム（内国株式）,精密機器,3455,3650,3455,3650,215,6.259098,2200,OK
2025-04-18,7771,日本精密,スタンダード（内国株式）,精密機器,66,71,65,67,1,1.515152,1964900,OK
2025-04-18,7774,ジャパン・ティッシュエンジニアリング,グロース（内国株式）,精密機器,471,519,458,519,56,12.095032,188300,OK
2025-04-18,7775,大研医器,スタンダード（内国株式）,精密機器,473,476,473,476,6,1.276596,16200,OK
2025-04-18,7776,セルシード,グロース（内国株式）,精密機器,565,662,551,658,95,16.87389,8694900,OK
2025-04-18,7777,スリー・ディー・マトリックス,グロース（内国株式）,精密機器,122,128,122,128,7,5.785124,790500,OK
2025-04-18,7779,ＣＹＢＥＲＤＹＮＥ,グロース（内国株式）,精密機器,165,170,164,170,5,3.030303,665300,OK
2025-04-18,7780,メニコン,プライム（内国株式）,精密機器,1187,1211,1173,1207,32,2.723404,321900,OK
2025-04-18,7781,平山ホールディングス,スタンダード（内国株式）,精密機器,982,995,982,985,5,0.510204,4500,OK
2025-04-18,7782,シンシア,スタンダード（内国株式）,精密機器,667,668,650,652,-18,-2.686567,18300,OK
2025-04-18,7791,ドリームベッド,スタンダード（内国株式）,その他製品,798,800,783,783,3,0.384615,2200,OK
2025-04-18,7792,コラントッテ,グロース（内国株式）,その他製品,1091,1128,1091,1114,25,2.295684,9100,OK
2025-04-18,7793,イメージ・マジック,グロース（内国株式）,その他製品,1193,1233,1191,1210,17,1.424979,1300,OK
2025-04-18,7794,イーディーピー,グロース（内国株式）,その他製品,573,585,569,577,5,0.874126,28700,OK
2025-04-18,7795,ＫＹＯＲＩＴＳＵ,スタンダード（内国株式）,その他製品,159,165,159,163,3,1.875,277200,OK
2025-04-18,7800,アミファ,スタンダード（内国株式）,その他製品,631,639,631,636,6,0.952381,8800,OK
2025-04-18,7803,ブシロード,グロース（内国株式）,その他製品,546,564,545,564,19,3.486239,512100,OK
2025-04-18,7804,ビーアンドピー,スタンダード（内国株式）,その他製品,2125,2170,2125,2145,21,0.988701,4600,OK
2025-04-18,7805,プリントネット,スタンダード（内国株式）,その他製品,627,628,623,626,-1,-0.15949,5700,OK
2025-04-18,7806,ＭＴＧ,グロース（内国株式）,その他製品,2677,2734,2660,2710,40,1.498127,105000,OK
2025-04-18,7807,幸和製作所,スタンダード（内国株式）,その他製品,784,799,784,799,29,3.766234,1000,OK
2025-04-18,7808,シー・エス・ランバー,スタンダード（内国株式）,その他製品,2698,2765,2698,2715,30,1.117318,3500,OK
2025-04-18,7809,壽屋,スタンダード（内国株式）,その他製品,1459,1464,1438,1464,9,0.618557,7600,OK
2025-04-18,7810,クロスフォー,スタンダード（内国株式）,その他製品,172,172,171,172,2,1.176471,8300,OK
2025-04-18,7811,中本パックス,スタンダード（内国株式）,その他製品,1639,1665,1639,1662,22,1.341463,6700,OK
2025-04-18,7812,クレステック,スタンダード（内国株式）,その他製品,1700,1712,1632,1701,12,0.71048,2900,OK
2025-04-18,7813,プラッツ,スタンダード（内国株式）,その他製品,663,696,660,661,-8,-1.195815,11200,OK
2025-04-18,7814,日本創発グループ,スタンダード（内国株式）,その他製品,480,480,479,480,0,0,6200,OK
2025-04-18,7815,東京ボード工業,スタンダード（内国株式）,その他製品,561,581,561,578,7,1.225919,400,OK
2025-04-18,7817,パラマウントベッドホールディングス,プライム（内国株式）,その他製品,2334,2339,2319,2331,17,0.734659,50400,OK
2025-04-18,7818,トランザクション,プライム（内国株式）,その他製品,2604,2665,2550,2653,56,2.156334,41700,OK
2025-04-18,7819,粧美堂,スタンダード（内国株式）,その他製品,548,552,543,552,10,1.845018,4200,OK
2025-04-18,7820,ニホンフラッシュ,プライム（内国株式）,その他製品,801,816,800,815,14,1.747815,17900,OK
2025-04-18,7821,前田工繊,プライム（内国株式）,その他製品,2015,2047,2003,2038,24,1.191658,153500,OK
2025-04-18,7822,永大産業,スタンダード（内国株式）,その他製品,205,209,205,207,3,1.470588,41500,OK
2025-04-18,7823,アートネイチャー,スタンダード（内国株式）,その他製品,763,798,761,796,39,5.151915,18800,OK
2025-04-18,7826,フルヤ金属,プライム（内国株式）,その他製品,2383,2424,2377,2420,45,1.894737,81000,OK
2025-04-18,7827,オービス,スタンダード（内国株式）,その他製品,1321,1444,1280,1355,34,2.573808,176400,OK
2025-04-18,7831,ウイルコホールディングス,スタンダード（内国株式）,その他製品,119,125,114,118,0,0,275200,OK
2025-04-18,7832,バンダイナムコホールディングス,プライム（内国株式）,その他製品,4895,5056,4870,5056,136,2.764228,1645300,OK
2025-04-18,7833,アイフィスジャパン,スタンダード（内国株式）,その他製品,544,546,543,543,0,0,5400,OK
2025-04-18,7836,アビックス,スタンダード（内国株式）,その他製品,103,104,101,104,2,1.960784,565300,OK
2025-04-18,7837,アールシーコア,スタンダード（内国株式）,その他製品,328,344,324,333,4,1.215805,7000,OK
2025-04-18,7839,ＳＨＯＥＩ,プライム（内国株式）,その他製品,1626,1678,1623,1666,51,3.157895,242900,OK
2025-04-18,7840,フランスベッドホールディングス,プライム（内国株式）,その他製品,1253,1276,1253,1276,35,2.820306,24900,OK
2025-04-18,7841,遠藤製作所,スタンダード（内国株式）,その他製品,1269,1277,1250,1262,19,1.52856,3500,OK
2025-04-18,7844,マーベラス,プライム（内国株式）,情報･通信業,442,458,442,458,20,4.56621,127100,OK
2025-04-18,7846,パイロットコーポレーション,プライム（内国株式）,その他製品,3875,3910,3870,3898,24,0.619515,48300,OK
2025-04-18,7847,グラファイトデザイン,スタンダード（内国株式）,その他製品,620,641,620,641,16,2.56,8200,OK
2025-04-18,7849,スターツ出版,スタンダード（内国株式）,情報･通信業,3875,3935,3865,3910,40,1.033592,3000,OK
2025-04-18,7850,総合商研,スタンダード（内国株式）,その他製品,914,949,900,901,1,0.111111,9700,OK
2025-04-18,7851,カワセコンピュータサプライ,スタンダード（内国株式）,その他製品,246,246,230,234,-9,-3.703704,219100,OK
2025-04-18,7856,萩原工業,プライム（内国株式）,その他製品,1443,1465,1440,1465,27,1.877608,68300,OK
2025-04-18,7857,セキ,スタンダード（内国株式）,その他製品,1335,1335,1335,1335,-1,-0.07485,100,OK
2025-04-18,7859,アルメディオ,スタンダード（内国株式）,その他製品,251,256,250,252,1,0.398406,69400,OK
2025-04-18,7860,エイベックス,プライム（内国株式）,情報･通信業,1272,1298,1270,1292,13,1.016419,102300,OK
2025-04-18,7863,平賀,スタンダード（内国株式）,その他製品,1088,1090,1050,1050,-8,-0.756144,12600,OK
2025-04-18,7864,フジシールインターナショナル,プライム（内国株式）,その他製品,2501,2520,2480,2505,40,1.622718,75900,OK
2025-04-18,7865,ピープル,スタンダード（内国株式）,その他製品,508,516,505,516,2,0.389105,6200,OK
2025-04-18,7867,タカラトミー,プライム（内国株式）,その他製品,3000,3134,2996,3118,129.5,4.333278,938400,OK
2025-04-18,7868,広済堂ホールディングス,プライム（内国株式）,その他製品,486,494,485,492,3,0.613497,308100,OK
2025-04-18,7871,フクビ化学工業,スタンダード（内国株式）,化学,774,776,774,776,2,0.258398,300,OK
2025-04-18,7872,エステールホールディングス,スタンダード（内国株式）,その他製品,574,576,571,575,2,0.34904,2000,OK
2025-04-18,7874,レック,プライム（内国株式）,化学,1252,1295,1251,1293,52,4.190169,36100,OK
2025-04-18,7875,竹田ｉＰホールディングス,スタンダード（内国株式）,その他製品,941,960,941,960,15,1.587302,4000,OK
2025-04-18,7877,永大化工,スタンダード（内国株式）,化学,1509,1509,1485,1485,6,0.40568,200,OK
2025-04-18,7878,光・彩,スタンダード（内国株式）,その他製品,871,899,871,899,19,2.159091,1600,OK
2025-04-18,7879,ノダ,スタンダード（内国株式）,その他製品,652,656,647,650,0,0,28100,OK
2025-04-18,7883,サンメッセ,スタンダード（内国株式）,その他製品,366,371,366,370,4,1.092896,2000,OK
2025-04-18,7885,タカノ,スタンダード（内国株式）,その他製品,710,710,704,704,-1,-0.141844,4500,OK
2025-04-18,7886,ヤマト　モビリティ　＆　Ｍｆｇ．,スタンダード（内国株式）,化学,873,873,873,873,0,0,100,OK
2025-04-18,7887,南海プライウッド,スタンダード（内国株式）,その他製品,5340,5340,5340,5340,0,0,100,OK
2025-04-18,7888,三光合成,プライム（内国株式）,化学,555,572,555,572,19,3.435805,128000,OK
2025-04-18,7893,プロネクサス,プライム（内国株式）,その他製品,1205,1235,1205,1233,41,3.439597,18900,OK
2025-04-18,7896,セブン工業,スタンダード（内国株式）,その他製品,498,511,498,511,12,2.40481,1300,OK
2025-04-18,7897,ホクシン,スタンダード（内国株式）,その他製品,107,110,106,108,2,1.886792,103400,OK
2025-04-18,7898,ウッドワン,スタンダード（内国株式）,その他製品,862,887,862,882,17,1.965318,27500,OK
2025-04-18,7901,マツモト,スタンダード（内国株式）,その他製品,818,863,807,848,30,3.667482,5900,OK
2025-04-18,7902,ソノコム,スタンダード（内国株式）,その他製品,819,833,807,818,7,0.863132,800,OK
2025-04-18,7906,ヨネックス,スタンダード（内国株式）,その他製品,2358,2450,2348,2432,87,3.710021,280400,OK
2025-04-18,7908,きもと,スタンダード（内国株式）,化学,252,257,250,255,4,1.593625,158300,OK
2025-04-18,7911,ＴＯＰＰＡＮホールディングス,プライム（内国株式）,その他製品,3901,3925,3885,3910,1,0.025582,405800,OK
2025-04-18,7912,大日本印刷,プライム（内国株式）,その他製品,1927,1936.5,1918,1924.5,-9,-0.465477,546800,OK
2025-04-18,7914,共同印刷,プライム（内国株式）,その他製品,990,1015,990,1010,26,2.642276,32300,OK
2025-04-18,7915,ＮＩＳＳＨＡ,プライム（内国株式）,その他製品,1150,1159,1145,1156,12,1.048951,116600,OK
2025-04-18,7916,光村印刷,スタンダード（内国株式）,その他製品,1278,1278,1251,1252,-29,-2.263856,2200,OK
2025-04-18,7917,ＺＡＣＲＯＳ,プライム（内国株式）,化学,3810,3915,3810,3890,80,2.099738,14700,OK
2025-04-18,7918,ヴィア・ホールディングス,スタンダード（内国株式）,小売業,108,110,107,108,1,0.934579,117400,OK
2025-04-18,7919,野崎印刷紙業,スタンダード（内国株式）,その他製品,174,179,173,177,5,2.906977,91900,OK
2025-04-18,7921,ＴＡＫＡＲＡ　＆　ＣＯＭＰＡＮＹ,プライム（内国株式）,その他製品,3300,3400,3300,3400,100,3.030303,19600,OK
2025-04-18,7922,三光産業,スタンダード（内国株式）,その他製品,394,395,389,395,2,0.508906,2200,OK
2025-04-18,7923,トーイン,スタンダード（内国株式）,その他製品,685,688,685,688,3,0.437956,300,OK
2025-04-18,7925,前澤化成工業,プライム（内国株式）,化学,1723,1749,1721,1749,37,2.161215,58100,OK
2025-04-18,7927,ムトー精工,スタンダード（内国株式）,化学,1369,1390,1369,1387,18,1.314828,19500,OK
2025-04-18,7928,旭化学工業,スタンダード（内国株式）,化学,587,587,581,586,5,0.860585,2700,OK
2025-04-18,7931,未来工業,プライム（内国株式）,化学,3770,3800,3765,3800,70,1.876676,12800,OK
2025-04-18,7932,ニッピ,スタンダード（内国株式）,その他製品,5430,5480,5430,5480,50,0.92081,800,OK
2025-04-18,7936,アシックス,プライム（内国株式）,その他製品,2832,2842.5,2778.5,2842.5,-6,-0.210637,3165300,OK
2025-04-18,7937,ツツミ,スタンダード（内国株式）,その他製品,2231,2250,2201,2250,53,2.412381,6400,OK
2025-04-18,7938,リーガルコーポレーション,スタンダード（内国株式）,その他製品,2318,2318,2300,2301,24,1.054018,3200,OK
2025-04-18,7939,研創,スタンダード（内国株式）,その他製品,533,533,480,511,-22,-4.12758,235400,OK
2025-04-18,7940,ウェーブロックホールディングス,スタンダード（内国株式）,化学,545,550,545,547,3,0.551471,16600,OK
2025-04-18,7942,ＪＳＰ,プライム（内国株式）,化学,1861,1896,1853,1894,61,3.327878,30000,OK
2025-04-18,7943,ニチハ,プライム（内国株式）,ガラス･土石製品,2860,2940,2858,2937,104,3.67102,30300,OK
2025-04-18,7944,ローランド,プライム（内国株式）,その他製品,3090,3115,3085,3105,35,1.140065,32800,OK
2025-04-18,7946,光陽社,スタンダード（内国株式）,その他製品,1360,1360,1336,1360,0,0,300,OK
2025-04-18,7947,エフピコ,プライム（内国株式）,化学,3150,3170,3130,3160,45,1.444623,100300,OK
2025-04-18,7949,小松ウオール工業,プライム（内国株式）,その他製品,1408,1443,1408,1443,37,2.631579,13700,OK
2025-04-18,7951,ヤマハ,プライム（内国株式）,その他製品,1020.5,1031.5,1013,1025,-4,-0.388727,1115100,OK
2025-04-18,7952,河合楽器製作所,プライム（内国株式）,その他製品,2602,2692,2602,2691,100,3.859514,11900,OK
2025-04-18,7953,菊水化学工業,スタンダード（内国株式）,その他製品,364,368,364,368,2,0.546448,7600,OK
2025-04-18,7955,クリナップ,プライム（内国株式）,その他製品,635,645,635,645,12,1.895735,19500,OK
2025-04-18,7956,ピジョン,プライム（内国株式）,その他製品,1737.5,1743.5,1729,1733,-8,-0.459506,456000,OK
2025-04-18,7957,フジコピアン,スタンダード（内国株式）,その他製品,,,,,,,,NO_QUOTE
2025-04-18,7958,天馬,プライム（内国株式）,化学,3580,3580,3575,3575,-5,-0.139665,12800,OK
2025-04-18,7962,キングジム,プライム（内国株式）,その他製品,853,864,853,864,14,1.647059,22200,OK
2025-04-18,7963,興研,スタンダード（内国株式）,その他製品,1616,1616,1601,1601,-9,-0.559006,900,OK
2025-04-18,7965,象印マホービン,プライム（内国株式）,電気機器,1354,1384,1351,1382,33,2.446256,74200,OK
2025-04-18,7966,リンテック,プライム（内国株式）,その他製品,2620,2630,2609,2618,24,0.925212,90100,OK
2025-04-18,7970,信越ポリマー,プライム（内国株式）,化学,1370,1387,1364,1382,18,1.319648,95200,OK
2025-04-18,7971,東リ,スタンダード（内国株式）,化学,455,461,452,457,4,0.883002,201500,OK
2025-04-18,7972,イトーキ,プライム（内国株式）,その他製品,1616,1645,1605,1645,45,2.8125,98100,OK
2025-04-18,7974,任天堂,プライム（内国株式）,その他製品,10315,10380,10265,10370,25,0.241663,2673600,OK
2025-04-18,7975,リヒトラブ,スタンダード（内国株式）,その他製品,1092,1111,1088,1111,21,1.926606,600,OK
2025-04-18,7976,三菱鉛筆,プライム（内国株式）,その他製品,2448,2512,2448,2501,73,3.00659,57600,OK
2025-04-18,7979,松風,プライム（内国株式）,精密機器,2111,2172,2103,2168,83,3.980815,73900,OK
2025-04-18,7980,重松製作所,スタンダード（内国株式）,その他製品,773,780,773,775,2,0.258732,3900,OK
2025-04-18,7981,タカラスタンダード,プライム（内国株式）,その他製品,1750,1785,1750,1785,43,2.468427,43300,OK
2025-04-18,7983,ミロク,スタンダード（内国株式）,その他製品,1068,1075,1047,1054,11,1.05465,7300,OK
2025-04-18,7984,コクヨ,プライム（内国株式）,その他製品,2800,2846.5,2783,2841,62,2.231018,136800,OK
2025-04-18,7985,ネポン,スタンダード（内国株式）,金属製品,,,,,,,,NO_QUOTE
2025-04-18,7986,日本アイ・エス・ケイ,スタンダード（内国株式）,その他製品,1502,1510,1502,1508,7,0.466356,1500,OK
2025-04-18,7987,ナカバヤシ,スタンダード（内国株式）,その他製品,499,502,495,502,7,1.414141,47400,OK
2025-04-18,7988,ニフコ,プライム（内国株式）,化学,3447,3491,3435,3482,74,2.171362,126700,OK
2025-04-18,7989,立川ブラインド工業,プライム（内国株式）,金属製品,1425,1476,1418,1459,42,2.964008,11000,OK
2025-04-18,7990,グローブライド,プライム（内国株式）,その他製品,1827,1861,1827,1861,45,2.477974,36500,OK
2025-04-18,7991,マミヤ・オーピー,スタンダード（内国株式）,機械,1319,1344,1319,1342,27,2.053232,36500,OK
2025-04-18,7992,セーラー万年筆,スタンダード（内国株式）,その他製品,140,143,136,137,-4,-2.836879,261300,OK
2025-04-18,7994,オカムラ,プライム（内国株式）,その他製品,1927,1958,1915,1950,42,2.201258,101400,OK
2025-04-18,7995,バルカー,プライム（内国株式）,化学,2861,2888,2842,2888,50,1.761804,43500,OK
2025-04-18,7997,くろがね工作所,スタンダード（内国株式）,その他製品,770,785,770,781,11,1.428571,1100,OK
2025-04-18,7999,ＭＵＴＯＨホールディングス,スタンダード（内国株式）,電気機器,2703,2764,2703,2764,65,2.408299,3600,OK
2025-04-18,8001,伊藤忠商事,プライム（内国株式）,卸売業,6692,6769,6620,6761,161,2.439394,1732400,OK
2025-04-18,8002,丸紅,プライム（内国株式）,卸売業,2274,2285,2258.5,2281,27.5,1.220324,2940300,OK
2025-04-18,8005,スクロール,プライム（内国株式）,小売業,995,1008,989,1008,19,1.921132,77000,OK
2025-04-18,8006,ユアサ・フナショク,スタンダード（内国株式）,卸売業,3900,3900,3900,3900,0,0,200,OK
2025-04-18,8007,高島,プライム（内国株式）,卸売業,1297,1328,1297,1320,19,1.460415,127700,OK
2025-04-18,8008,ヨンドシーホールディングス,プライム（内国株式）,小売業,1715,1742,1715,1736,30,1.758499,55500,OK
2025-04-18,8011,三陽商会,プライム（内国株式）,繊維製品,2724,2801,2718,2798,91,3.361655,69300,OK
2025-04-18,8012,長瀬産業,プライム（内国株式）,卸売業,2405,2429.5,2400.5,2427,29.5,1.230448,97600,OK
2025-04-18,8013,ナイガイ,スタンダード（内国株式）,繊維製品,256,266,255,255,0,0,64000,OK
2025-04-18,8014,蝶理,プライム（内国株式）,卸売業,2954,3030,2920,3030,97,3.307194,16600,OK
2025-04-18,8015,豊田通商,プライム（内国株式）,卸売業,2379.5,2426,2375.5,2421,30.5,1.275884,979100,OK
2025-04-18,8016,オンワードホールディングス,プライム（内国株式）,繊維製品,547,556,546,556,13,2.394107,424700,OK
2025-04-18,8018,三共生興,スタンダード（内国株式）,卸売業,613,624,613,617,13,2.152318,39800,OK
2025-04-18,8020,兼松,プライム（内国株式）,卸売業,2280,2347.5,2275,2338.5,70.5,3.108466,461500,OK
2025-04-18,8022,美津濃,プライム（内国株式）,その他製品,2400,2448,2392,2441,46,1.920668,97700,OK
2025-04-18,8023,ＤＡＩＫＯ　ＸＴＥＣＨ,スタンダード（内国株式）,情報･通信業,845,864,845,850,1,0.117786,21800,OK
2025-04-18,8025,ツカモトコーポレーション,スタンダード（内国株式）,卸売業,1200,1201,1168,1198,-2,-0.166667,1800,OK
2025-04-18,8029,ルックホールディングス,スタンダード（内国株式）,繊維製品,2387,2417,2386,2400,37,1.565806,12700,OK
2025-04-18,8030,中央魚類,スタンダード（内国株式）,卸売業,3110,3190,3110,3180,80,2.580645,4300,OK
2025-04-18,8031,三井物産,プライム（内国株式）,卸売業,2613,2666,2604,2657.5,44.5,1.703023,3313000,OK
2025-04-18,8032,日本紙パルプ商事,プライム（内国株式）,卸売業,578,591,577,589,15,2.61324,95900,OK
2025-04-18,8035,東京エレクトロン,プライム（内国株式）,電気機器,19600,19745,19310,19515,-295,-1.489147,2346100,OK
2025-04-18,8037,カメイ,プライム（内国株式）,卸売業,1814,1870,1811,1870,70,3.888889,46200,OK
2025-04-18,8038,東都水産,スタンダード（内国株式）,卸売業,,,,,,,,NO_QUOTE
2025-04-18,8039,築地魚市場,スタンダード（内国株式）,卸売業,3900,3990,3885,3950,35,0.893997,4200,OK
2025-04-18,8040,東京ソワール,スタンダード（内国株式）,繊維製品,823,833,820,827,10,1.22399,3400,OK
2025-04-18,8041,ＯＵＧホールディングス,スタンダード（内国株式）,卸売業,3065,3130,3065,3075,10,0.326264,2300,OK
2025-04-18,8043,スターゼン,プライム（内国株式）,卸売業,1227,1269,1223,1269,47,3.846154,348000,OK
2025-04-18,8045,横浜丸魚,スタンダード（内国株式）,卸売業,964,967,952,966,5,0.520291,900,OK
2025-04-18,8046,丸藤シートパイル,スタンダード（内国株式）,卸売業,2720,2727,2701,2724,24,0.888889,1100,OK
2025-04-18,8050,セイコーグループ,プライム（内国株式）,精密機器,3540,3580,3525,3575,65,1.851852,52900,OK
2025-04-18,8051,山善,プライム（内国株式）,卸売業,1351,1359,1346,1354,20,1.49925,124900,OK
2025-04-18,8052,椿本興業,プライム（内国株式）,卸売業,2100,2145,2095,2145,56,2.680708,13300,OK
2025-04-18,8053,住友商事,プライム（内国株式）,卸売業,3248,3264,3228,3255,15,0.462963,1602500,OK
2025-04-18,8056,ＢＩＰＲＯＧＹ,プライム（内国株式）,情報･通信業,4499,4571,4477,4571,72,1.600356,85900,OK
2025-04-18,8057,内田洋行,プライム（内国株式）,卸売業,7450,7600,7440,7570,190,2.574526,16100,OK
2025-04-18,8058,三菱商事,プライム（内国株式）,卸売業,2491.5,2504.5,2474.5,2486,7.5,0.302602,5921600,OK
2025-04-18,8059,第一実業,プライム（内国株式）,卸売業,2195,2271,2194,2266,98,4.520295,21500,OK
2025-04-18,8060,キヤノンマーケティングジャパン,プライム（内国株式）,卸売業,4843,4849,4810,4846,22,0.456053,57700,OK
2025-04-18,8061,西華産業,プライム（内国株式）,卸売業,4155,4245,4150,4245,105,2.536232,31000,OK
2025-04-18,8065,佐藤商事,プライム（内国株式）,卸売業,1366,1399,1366,1399,45,3.323486,15200,OK
2025-04-18,8066,三谷商事,スタンダード（内国株式）,卸売業,1800,1920,1793,1900,100,5.555556,4700,OK
2025-04-18,8070,東京産業,プライム（内国株式）,卸売業,668,680,668,680,17,2.564103,34000,OK
2025-04-18,8074,ユアサ商事,プライム（内国株式）,卸売業,4145,4280,4145,4260,150,3.649635,30400,OK
2025-04-18,8075,神鋼商事,プライム（内国株式）,卸売業,1761,1794,1756,1793,41,2.340183,29300,OK
2025-04-18,8076,カノークス,スタンダード（内国株式）,卸売業,1620,1650,1620,1639,19,1.17284,15600,OK
2025-04-18,8077,トルク,スタンダード（内国株式）,卸売業,250,252,245,245,-3,-1.209677,13300,OK
2025-04-18,8078,阪和興業,プライム（内国株式）,卸売業,4495,4580,4495,4560,110,2.47191,41500,OK
2025-04-18,8079,正栄食品工業,プライム（内国株式）,卸売業,4205,4240,4205,4240,45,1.072706,45400,OK
2025-04-18,8081,カナデン,プライム（内国株式）,卸売業,1411,1443,1411,1443,44,3.145104,22000,OK
2025-04-18,8084,ＲＹＯＤＥＮ,プライム（内国株式）,卸売業,2330,2391,2330,2383,65,2.804142,24700,OK
2025-04-18,8085,ナラサキ産業,スタンダード（内国株式）,卸売業,2680,2700,2651,2677,-2,-0.074655,1900,OK
2025-04-18,8086,ニプロ,プライム（内国株式）,精密機器,1279,1291,1270.5,1290,20.5,1.614809,319700,OK
2025-04-18,8088,岩谷産業,プライム（内国株式）,卸売業,1303,1320,1303,1316.5,20.5,1.58179,465100,OK
2025-04-18,8089,ナイス,スタンダード（内国株式）,卸売業,1524,1540,1500,1536,3,0.195695,8600,OK
2025-04-18,8091,ニチモウ,プライム（内国株式）,卸売業,1901,1934,1901,1933,27,1.416579,7700,OK
2025-04-18,8093,極東貿易,プライム（内国株式）,卸売業,1517,1553,1517,1553,51,3.395473,30600,OK
2025-04-18,8095,アステナホールディングス,プライム（内国株式）,卸売業,459,468,456,467,13,2.863436,103200,OK
2025-04-18,8097,三愛オブリ,プライム（内国株式）,卸売業,1667,1695,1656,1685,44,2.681292,74900,OK
2025-04-18,8098,稲畑産業,プライム（内国株式）,卸売業,3005,3045,3005,3040,59,1.979202,57200,OK
2025-04-18,8101,ＧＳＩクレオス,プライム（内国株式）,卸売業,1875,1914,1864,1914,57,3.069467,27400,OK
2025-04-18,8103,明和産業,プライム（内国株式）,卸売業,660,672,657,669,18,2.764977,73500,OK
2025-04-18,8104,クワザワホールディングス,スタンダード（内国株式）,卸売業,513,528,511,520,6,1.167315,22800,OK
2025-04-18,8105,堀田丸正,スタンダード（内国株式）,卸売業,38,39,38,39,2,5.405405,475800,OK
2025-04-18,8107,キムラタン,スタンダード（内国株式）,繊維製品,51,51,50,50,-1,-1.960784,684100,OK
2025-04-18,8111,ゴールドウイン,プライム（内国株式）,繊維製品,8081,8155,8030,8134,144,1.802253,81900,OK
2025-04-18,8113,ユニ・チャーム,プライム（内国株式）,化学,1282,1308,1279.5,1308,33.5,2.628482,3725700,OK
2025-04-18,8115,ムーンバット,スタンダード（内国株式）,卸売業,983,999,983,990,10,1.020408,700,OK
2025-04-18,8117,中央自動車工業,スタンダード（内国株式）,卸売業,1683,1711,1683,1707,17,1.005917,13800,OK
2025-04-18,8118,キング,スタンダード（内国株式）,繊維製品,748,750,748,750,7,0.942127,1600,OK
2025-04-18,8119,三栄コーポレーション,スタンダード（内国株式）,卸売業,888,930,888,930,42,4.72973,9400,OK
2025-04-18,8123,川辺,スタンダード（内国株式）,卸売業,1356,1375,1356,1375,49,3.695324,200,OK
2025-04-18,8125,ワキタ,プライム（内国株式）,卸売業,1769,1784,1759,1780,26,1.482326,53200,OK
2025-04-18,8127,ヤマトインターナショナル,スタンダード（内国株式）,繊維製品,336,342,335,340,2,0.591716,24000,OK
2025-04-18,8129,東邦ホールディングス,プライム（内国株式）,卸売業,4742,4809,4724,4791,81,1.719745,89500,OK
2025-04-18,8130,サンゲツ,プライム（内国株式）,卸売業,2875,2894,2858,2890,27,0.943067,78900,OK
2025-04-18,8131,ミツウロコグループホールディングス,スタンダード（内国株式）,卸売業,1735,1815,1728,1806,87,5.061082,42100,OK
2025-04-18,8132,シナネンホールディングス,プライム（内国株式）,卸売業,6840,7150,6840,7150,310,4.532164,9400,OK
2025-04-18,8133,伊藤忠エネクス,プライム（内国株式）,卸売業,1520,1557,1513,1553,49,3.257979,91600,OK
2025-04-18,8135,ゼット,スタンダード（内国株式）,卸売業,400,410,400,402,2,0.5,22000,OK
2025-04-18,8136,サンリオ,プライム（内国株式）,卸売業,5865,5884,5766,5874,-31,-0.524979,4377500,OK
2025-04-18,8137,サンワテクノス,プライム（内国株式）,卸売業,2038,2058,2027,2053,42,2.088513,18300,OK
2025-04-18,8138,三京化成,スタンダード（内国株式）,卸売業,3150,3150,3150,3150,0,0,200,OK
2025-04-18,8139,ナガホリ,スタンダード（内国株式）,卸売業,1341,1365,1341,1355,-1,-0.073746,800,OK
2025-04-18,8141,新光商事,プライム（内国株式）,卸売業,805,874,805,874,73,9.113608,96300,OK
2025-04-18,8142,トーホー,プライム（内国株式）,卸売業,3330,3445,3330,3445,135,4.07855,18200,OK
2025-04-18,8143,ラピーヌ,スタンダード（内国株式）,繊維製品,244,267,230,233,-10,-4.115226,409600,OK
2025-04-18,8144,デンキョーグループホールディングス,スタンダード（内国株式）,卸売業,1125,1131,1125,1131,15,1.344086,1200,OK
2025-04-18,8147,トミタ,スタンダード（内国株式）,卸売業,1292,1298,1270,1294,16,1.251956,2800,OK
2025-04-18,8150,三信電気,プライム（内国株式）,卸売業,1872,1913,1872,1913,58,3.126685,47600,OK
2025-04-18,8151,東陽テクニカ,プライム（内国株式）,卸売業,1346,1378,1343,1378,46,3.453453,23700,OK
2025-04-18,8152,ソマール,スタンダード（内国株式）,卸売業,5780,5900,5770,5890,210,3.697183,4300,OK
2025-04-18,8153,モスフードサービス,プライム（内国株式）,卸売業,3800,3820,3795,3805,5,0.131579,54900,OK
2025-04-18,8154,加賀電子,プライム（内国株式）,卸売業,2478,2526,2478,2518,71,2.901512,76000,OK
2025-04-18,8157,都築電気,プライム（内国株式）,情報･通信業,2267,2332,2267,2332,83,3.690529,20400,OK
2025-04-18,8158,ソーダニッカ,プライム（内国株式）,卸売業,992,1024,992,1024,39,3.959391,36100,OK
2025-04-18,8159,立花エレテック,プライム（内国株式）,卸売業,2228,2290,2228,2289,81,3.668478,27700,OK
2025-04-18,8160,木曽路,プライム（内国株式）,小売業,2230,2265,2230,2261,38,1.709402,89500,OK
2025-04-18,8163,ＳＲＳホールディングス,プライム（内国株式）,小売業,1190,1205,1189,1203,25,2.122241,75200,OK
2025-04-18,8165,千趣会,スタンダード（内国株式）,小売業,263,266,261,266,4,1.526718,42000,OK
2025-04-18,8166,タカキュー,スタンダード（内国株式）,小売業,102,104,102,103,2,1.980198,84400,OK
2025-04-18,8167,リテールパートナーズ,プライム（内国株式）,小売業,1372,1413,1372,1407,53,3.914328,43700,OK
2025-04-18,8173,上新電機,プライム（内国株式）,小売業,2131,2162,2126,2161,44,2.078413,57100,OK
2025-04-18,8174,日本瓦斯,プライム（内国株式）,小売業,2491.5,2517.5,2475.5,2517.5,43,1.737725,150500,OK
2025-04-18,8179,ロイヤルホールディングス,プライム（内国株式）,小売業,2647,2659,2636,2649,22,0.837457,75300,OK
2025-04-18,8181,東天紅,スタンダード（内国株式）,小売業,850,857,840,854,-9,-1.042874,8600,OK
2025-04-18,8185,チヨダ,プライム（内国株式）,小売業,1105,1264,1095,1261,164,14.949863,1496800,OK
2025-04-18,8194,ライフコーポレーション,プライム（内国株式）,小売業,2005,2053,1997,2040,60,3.030303,287000,OK
2025-04-18,8198,マックスバリュ東海,スタンダード（内国株式）,小売業,3015,3030,3015,3030,10,0.331126,3900,OK
2025-04-18,8200,リンガーハット,プライム（内国株式）,小売業,2289,2302,2284,2300,24,1.054482,53400,OK
2025-04-18,8202,ラオックスホールディングス,スタンダード（内国株式）,小売業,158,161,158,161,3,1.898734,83400,OK
2025-04-18,8203,ＭｒＭａｘＨＤ,プライム（内国株式）,小売業,658,686,658,686,35,5.376344,59400,OK
2025-04-18,8207,テンアライド,スタンダード（内国株式）,小売業,265,268,265,266,2,0.757576,61900,OK
2025-04-18,8208,エンチョー,スタンダード（内国株式）,小売業,819,887,819,840,36,4.477612,4800,OK
2025-04-18,8209,フレンドリー,スタンダード（内国株式）,小売業,355,375,331,333,-15,-4.310345,42600,OK
2025-04-18,8214,ＡＯＫＩホールディングス,プライム（内国株式）,小売業,1234,1251,1230,1248,25,2.044154,63200,OK
2025-04-18,8217,オークワ,プライム（内国株式）,小売業,877,898,876,893,23,2.643678,65600,OK
2025-04-18,8218,コメリ,プライム（内国株式）,小売業,2919,2958,2903,2958,83,2.886957,48300,OK
2025-04-18,8219,青山商事,プライム（内国株式）,小売業,2020,2066,2010,2066,73,3.66282,351600,OK
2025-04-18,8225,タカチホ,スタンダード（内国株式）,卸売業,2904,2986,2888,2986,66,2.260274,3400,OK
2025-04-18,8226,理経,スタンダード（内国株式）,卸売業,354,371,351,370,21,6.017192,664300,OK
2025-04-18,8227,しまむら,プライム（内国株式）,小売業,9750,9866,9703,9854,201,2.082254,281900,OK
2025-04-18,8230,はせがわ,スタンダード（内国株式）,小売業,309,310,307,308,1,0.325733,2600,OK
2025-04-18,8233,高島屋,プライム（内国株式）,小売業,1084.5,1094,1084,1093,5,0.459559,956000,OK
2025-04-18,8237,松屋,プライム（内国株式）,小売業,934,972,934,972,43,4.628633,288000,OK
2025-04-18,8242,エイチ・ツー・オー　リテイリング,プライム（内国株式）,小売業,1950,1960,1938,1955,1.5,0.076785,285300,OK
2025-04-18,8244,近鉄百貨店,スタンダード（内国株式）,小売業,2025,2039,2014,2032,31,1.549225,26000,OK
2025-04-18,8247,大和,スタンダード（内国株式）,小売業,403,405,397,402,-1,-0.248139,10100,OK
2025-04-18,8252,丸井グループ,プライム（内国株式）,小売業,2860,2892,2856.5,2884,19.5,0.680747,430600,OK
2025-04-18,8253,クレディセゾン,プライム（内国株式）,その他金融業,3165,3193,3150,3177,11,0.347442,246600,OK
2025-04-18,8254,さいか屋,スタンダード（内国株式）,小売業,403,407,403,407,3,0.742574,1600,OK
2025-04-18,8255,アクシアル　リテイリング,プライム（内国株式）,小売業,1087,1102,1083,1102,27,2.511628,133900,OK
2025-04-18,8260,井筒屋,スタンダード（内国株式）,小売業,419,419,414,414,0,0,4300,OK
2025-04-18,8267,イオン,プライム（内国株式）,小売業,4039,4096,4006,4096,92,2.297702,2680600,OK
2025-04-18,8273,イズミ,プライム（内国株式）,小売業,3178,3191,3143,3179,64,2.054575,144200,OK
2025-04-18,8275,フォーバル,スタンダード（内国株式）,卸売業,1331,1384,1297,1372,67,5.1341,4700,OK
2025-04-18,8276,平和堂,プライム（内国株式）,小売業,2666,2696,2656,2683,27,1.016566,103300,OK
2025-04-18,8278,フジ,プライム（内国株式）,小売業,2051,2077,2050,2067,30,1.472754,119800,OK
2025-04-18,8279,ヤオコー,プライム（内国株式）,小売業,9720,9858,9720,9824,104,1.069959,27500,OK
2025-04-18,8281,ゼビオホールディングス,プライム（内国株式）,小売業,1279,1295,1271,1295,28,2.209945,108000,OK
2025-04-18,8282,ケーズホールディングス,プライム（内国株式）,小売業,1281,1303,1277.5,1300,28.5,2.241447,438300,OK
2025-04-18,8283,ＰＡＬＴＡＣ,プライム（内国株式）,卸売業,3840,3848,3826,3829,-11,-0.286458,44100,OK
2025-04-18,8285,三谷産業,スタンダード（内国株式）,卸売業,328,337,328,334,9,2.769231,75100,OK
2025-04-18,8289,Ｏｌｙｍｐｉｃグループ,スタンダード（内国株式）,小売業,413,413,409,413,4,0.977995,5400,OK
2025-04-18,8291,日産東京販売ホールディングス,スタンダード（内国株式）,小売業,476,489,474,488,15,3.171247,281600,OK
2025-04-18,8304,あおぞら銀行,プライム（内国株式）,銀行業,1854,1866.5,1845,1861,16.5,0.894551,610500,OK
2025-04-18,8306,三菱ＵＦＪフィナンシャル・グループ,プライム（内国株式）,銀行業,1689.5,1698,1672,1685.5,5.5,0.327381,50013500,OK
2025-04-18,8308,りそなホールディングス,プライム（内国株式）,銀行業,1058,1059.5,1038.5,1048.5,0,0,11583100,OK
2025-04-18,8309,三井住友トラストグループ,プライム（内国株式）,銀行業,3334,3353,3312,3343,35,1.058041,1772000,OK
2025-04-18,8316,三井住友フィナンシャルグループ,プライム（内国株式）,銀行業,3238,3248,3201,3230,19,0.591716,9127300,OK
2025-04-18,8331,千葉銀行,プライム（内国株式）,銀行業,1203,1213,1197,1205,13,1.090604,1093400,OK
2025-04-18,8334,群馬銀行,プライム（内国株式）,銀行業,1148,1156,1134.5,1154,21.5,1.898455,440600,OK
2025-04-18,8336,武蔵野銀行,プライム（内国株式）,銀行業,2947,2971,2927,2960,57,1.963486,58400,OK
2025-04-18,8337,千葉興業銀行,プライム（内国株式）,銀行業,1142,1158,1131,1144,15,1.328609,143500,OK
2025-04-18,8338,筑波銀行,プライム（内国株式）,銀行業,217,224,216,222,6,2.777778,761500,OK
2025-04-18,8341,七十七銀行,プライム（内国株式）,銀行業,4121,4160,4074,4150,76,1.865488,118800,OK
2025-04-18,8343,秋田銀行,プライム（内国株式）,銀行業,2278,2298,2276,2291,33,1.46147,56600,OK
2025-04-18,8344,山形銀行,プライム（内国株式）,銀行業,1231,1248,1230,1241,24,1.972062,48000,OK
2025-04-18,8345,岩手銀行,プライム（内国株式）,銀行業,2766,2809,2766,2793,55,2.008766,25200,OK
2025-04-18,8346,東邦銀行,プライム（内国株式）,銀行業,334,340,332,340,11,3.343465,613400,OK
2025-04-18,8349,東北銀行,スタンダード（内国株式）,銀行業,1036,1045,1034,1045,13,1.25969,8000,OK
2025-04-18,8354,ふくおかフィナンシャルグループ,プライム（内国株式）,銀行業,3460,3494,3438,3480,64,1.873536,464800,OK
2025-04-18,8358,スルガ銀行,プライム（内国株式）,銀行業,1205,1224,1203,1219,23,1.923077,374400,OK
2025-04-18,8359,八十二銀行,プライム（内国株式）,銀行業,970,984.7,966.3,984.7,25.2,2.626368,1000900,OK
2025-04-18,8360,山梨中央銀行,プライム（内国株式）,銀行業,1846,1858,1831,1848,28,1.538462,59000,OK
2025-04-18,8361,大垣共立銀行,プライム（内国株式）,銀行業,2105,2173,2082,2163,85,4.090472,165000,OK
2025-04-18,8362,福井銀行,プライム（内国株式）,銀行業,1629,1652,1621,1652,36,2.227723,34500,OK
2025-04-18,8364,清水銀行,プライム（内国株式）,銀行業,1328,1346,1328,1333,9,0.679758,18800,OK
2025-04-18,8365,富山銀行,スタンダード（内国株式）,銀行業,1494,1500,1483,1500,19,1.282917,2300,OK
2025-04-18,8366,滋賀銀行,プライム（内国株式）,銀行業,5480,5680,5440,5680,260,4.797048,245900,OK
2025-04-18,8367,南都銀行,プライム（内国株式）,銀行業,3630,3710,3630,3710,115,3.198887,66200,OK
2025-04-18,8368,百五銀行,プライム（内国株式）,銀行業,655,661,650,660,15,2.325581,320800,OK
2025-04-18,8370,紀陽銀行,プライム（内国株式）,銀行業,2203,2315,2203,2311,151,6.990741,202700,OK
2025-04-18,8377,ほくほくフィナンシャルグループ,プライム（内国株式）,銀行業,2304,2330,2287.5,2330,49.5,2.170577,298900,OK
2025-04-18,8381,山陰合同銀行,プライム（内国株式）,銀行業,1174,1185,1165,1184,32,2.777778,262000,OK
2025-04-18,8383,鳥取銀行,スタンダード（内国株式）,銀行業,1272,1289,1272,1288,24,1.898734,23000,OK
2025-04-18,8386,百十四銀行,プライム（内国株式）,銀行業,3095,3155,3075,3130,80,2.622951,71700,OK
2025-04-18,8387,四国銀行,プライム（内国株式）,銀行業,1135,1145,1129,1143,20,1.780944,65900,OK
2025-04-18,8388,阿波銀行,プライム（内国株式）,銀行業,2573,2625,2573,2625,88,3.468664,52500,OK
2025-04-18,8392,大分銀行,プライム（内国株式）,銀行業,3210,3325,3195,3315,150,4.739336,38300,OK
2025-04-18,8393,宮崎銀行,プライム（内国株式）,銀行業,2952,3020,2950,3020,96,3.283174,52400,OK
2025-04-18,8395,佐賀銀行,プライム（内国株式）,銀行業,1986,2040,1986,2038,71,3.609558,69100,OK
2025-04-18,8399,琉球銀行,プライム（内国株式）,銀行業,1005,1019,1005,1011,20,2.018163,84200,OK
2025-04-18,8410,セブン銀行,プライム（内国株式）,銀行業,252,254,252,252.6,1,0.397456,3370500,OK
2025-04-18,8411,みずほフィナンシャルグループ,プライム（内国株式）,銀行業,3451,3491,3430,3467,61,1.790957,8735900,OK
2025-04-18,8416,高知銀行,スタンダード（内国株式）,銀行業,732,743,731,740,6,0.817439,10500,OK
2025-04-18,8418,山口フィナンシャルグループ,プライム（内国株式）,銀行業,1546,1555,1526,1539,21.5,1.416804,268900,OK
2025-04-18,8424,芙蓉総合リース,プライム（内国株式）,その他金融業,3884,3921,3873,3921,65,1.685685,77100,OK
2025-04-18,8425,みずほリース,プライム（内国株式）,その他金融業,1006,1023,1004,1021,19,1.896208,266000,OK
2025-04-18,8439,東京センチュリー,プライム（内国株式）,その他金融業,1458.5,1475.5,1451,1473.5,20,1.375989,238900,OK
2025-04-18,8473,ＳＢＩホールディングス,プライム（内国株式）,証券･商品先物取引業,3578,3589,3558,3582,7,0.195804,1735400,OK
2025-04-18,8508,Ｊトラスト,スタンダード（内国株式）,その他金融業,379,387,378,384,9,2.4,178000,OK
2025-04-18,8511,日本証券金融,プライム（内国株式）,その他金融業,1654,1660,1641,1654,18,1.100244,76200,OK
2025-04-18,8515,アイフル,プライム（内国株式）,その他金融業,336,343,336,342,9,2.702703,1806600,OK
2025-04-18,8518,日本アジア投資,スタンダード（内国株式）,証券･商品先物取引業,241,243,238,238,-3,-1.244813,189400,OK
2025-04-18,8522,名古屋銀行,プライム（内国株式）,銀行業,6530,6680,6530,6640,170,2.627512,47200,OK
2025-04-18,8524,北洋銀行,プライム（内国株式）,銀行業,441,455,440,453,15,3.424658,3007800,OK
2025-04-18,8537,大光銀行,スタンダード（内国株式）,銀行業,1329,1363,1325,1363,37,2.790347,20800,OK
2025-04-18,8541,愛媛銀行,プライム（内国株式）,銀行業,1011,1017,1003,1009,11,1.102204,61900,OK
2025-04-18,8542,トマト銀行,スタンダード（内国株式）,銀行業,1142,1157,1142,1151,9,0.788091,18300,OK
2025-04-18,8544,京葉銀行,プライム（内国株式）,銀行業,773,784,770,778,12,1.56658,211000,OK
2025-04-18,8550,栃木銀行,プライム（内国株式）,銀行業,280,284,277,284,11,4.029304,623000,OK
2025-04-18,8551,北日本銀行,プライム（内国株式）,銀行業,2869,2939,2869,2926,86,3.028169,12900,OK
2025-04-18,8558,東和銀行,プライム（内国株式）,銀行業,576,583,576,583,12,2.101576,112800,OK
2025-04-18,8562,福島銀行,スタンダード（内国株式）,銀行業,204,207,202,206,3,1.477833,175700,OK
2025-04-18,8563,大東銀行,スタンダード（内国株式）,銀行業,637,648,637,647,10,1.569859,67700,OK
2025-04-18,8566,リコーリース,プライム（内国株式）,その他金融業,5380,5440,5360,5440,80,1.492537,16500,OK
2025-04-18,8570,イオンフィナンシャルサービス,プライム（内国株式）,その他金融業,1147,1149.5,1138.5,1144,-1.5,-0.130947,781800,OK
2025-04-18,8572,アコム,スタンダード（内国株式）,その他金融業,376.9,386,374.1,386,14.7,3.959063,1780000,OK
2025-04-18,8584,ジャックス,プライム（内国株式）,その他金融業,3575,3630,3565,3610,70,1.977401,62200,OK
2025-04-18,8585,オリエントコーポレーション,プライム（内国株式）,その他金融業,737,748,737,747,13,1.771117,409900,OK
2025-04-18,8591,オリックス,プライム（内国株式）,その他金融業,2813,2823,2781,2820.5,33,1.183857,1933400,OK
2025-04-18,8593,三菱ＨＣキャピタル,プライム（内国株式）,その他金融業,968.5,979.3,966.3,978.9,12,1.24108,2884000,OK
2025-04-18,8595,ジャフコ　グループ,プライム（内国株式）,証券･商品先物取引業,2046,2072,2041.5,2072,39,1.918347,191500,OK
2025-04-18,8596,九州リースサービス,スタンダード（内国株式）,その他金融業,983,992,980,986,3,0.305188,22000,OK
2025-04-18,8600,トモニホールディングス,プライム（内国株式）,銀行業,519,527,517,527,12,2.330097,373800,OK
2025-04-18,8601,大和証券グループ本社,プライム（内国株式）,証券･商品先物取引業,915.7,924.8,912,921.8,14.7,1.620549,4847300,OK
2025-04-18,8604,野村ホールディングス,プライム（内国株式）,証券･商品先物取引業,785,795.6,779.4,790.9,8.6,1.099323,6302500,OK
2025-04-18,8609,岡三証券グループ,プライム（内国株式）,証券･商品先物取引業,621,630,618,630,17,2.773246,254800,OK
2025-04-18,8613,丸三証券,プライム（内国株式）,証券･商品先物取引業,843,857,841,857,20,2.389486,177000,OK
2025-04-18,8614,東洋証券,プライム（内国株式）,証券･商品先物取引業,457,459,448,449,-9,-1.965066,639000,OK
2025-04-18,8616,東海東京フィナンシャル・ホールディングス,プライム（内国株式）,証券･商品先物取引業,457,460,456,460,8,1.769912,422900,OK
2025-04-18,8617,光世証券,スタンダード（内国株式）,証券･商品先物取引業,390,409,375,378,-4,-1.04712,104000,OK
2025-04-18,8622,水戸証券,プライム（内国株式）,証券･商品先物取引業,488,498,488,494,7,1.437372,133300,OK
2025-04-18,8624,いちよし証券,プライム（内国株式）,証券･商品先物取引業,695,710,692,707,17,2.463768,70800,OK
2025-04-18,8628,松井証券,プライム（内国株式）,証券･商品先物取引業,732,738,732,738,6,0.819672,364200,OK
2025-04-18,8630,ＳＯＭＰＯホールディングス,プライム（内国株式）,保険業,4452,4547,4442,4525,77,1.731115,1095000,OK
2025-04-18,8697,日本取引所グループ,プライム（内国株式）,その他金融業,1559,1561,1541,1542,-15.5,-0.995185,1002500,OK
2025-04-18,8698,マネックスグループ,プライム（内国株式）,証券･商品先物取引業,672,676,669,672,2,0.298507,1355700,OK
2025-04-18,8699,ＨＳホールディングス,スタンダード（内国株式）,証券･商品先物取引業,938,941,934,939,2,0.213447,6700,OK
2025-04-18,8700,丸八証券,スタンダード（内国株式）,証券･商品先物取引業,1533,1535,1512,1535,14,0.920447,700,OK
2025-04-18,8704,トレイダーズホールディングス,スタンダード（内国株式）,証券･商品先物取引業,838,850,833,850,10,1.190476,126500,OK
2025-04-18,8705,日産証券グループ,スタンダード（内国株式）,証券･商品先物取引業,174,177,174,175,2,1.156069,107800,OK
2025-04-18,8706,極東証券,プライム（内国株式）,証券･商品先物取引業,1297,1319,1295,1312,26,2.021773,108200,OK
2025-04-18,8707,岩井コスモホールディングス,プライム（内国株式）,証券･商品先物取引業,2159,2192,2153,2192,46,2.143523,49000,OK
2025-04-18,8708,アイザワ証券グループ,プライム（内国株式）,証券･商品先物取引業,1247,1265,1246,1257,18,1.452785,51000,OK
2025-04-18,8713,フィデアホールディングス,プライム（内国株式）,銀行業,1426,1449,1426,1440,21,1.479915,43100,OK
2025-04-18,8714,池田泉州ホールディングス,プライム（内国株式）,銀行業,426,435,422,435,15,3.571429,1535000,OK
2025-04-18,8715,アニコム　ホールディングス,プライム（内国株式）,保険業,528,529,521,523,-5,-0.94697,418000,OK
2025-04-18,8725,ＭＳ＆ＡＤインシュアランスグループホールディングス,プライム（内国株式）,保険業,2965,3007,2955,3007,30.5,1.024693,1700800,OK
2025-04-18,8737,あかつき本社,スタンダード（内国株式）,証券･商品先物取引業,476,478,473,476,4,0.847458,44700,OK
2025-04-18,8739,スパークス・グループ,プライム（内国株式）,証券･商品先物取引業,1344,1382,1343,1361,22,1.643017,45400,OK
2025-04-18,8742,小林洋行,スタンダード（内国株式）,証券･商品先物取引業,290,292,290,290,2,0.694444,2600,OK
2025-04-18,8746,ＵＮＢＡＮＫＥＤ,スタンダード（内国株式）,証券･商品先物取引業,275,293,271,280,7,2.564103,494500,OK
2025-04-18,8747,豊トラスティ証券,スタンダード（内国株式）,証券･商品先物取引業,1548,1550,1545,1548,0,0,4200,OK
2025-04-18,8750,第一生命ホールディングス,プライム（内国株式）,保険業,921,930,911.4,924.4,7.7,0.839969,9468200,OK
2025-04-18,8766,東京海上ホールディングス,プライム（内国株式）,保険業,5229,5307,5205,5291,49,0.934758,2775900,OK
2025-04-18,8769,アドバンテッジリスクマネジメント,スタンダード（内国株式）,サービス業,679,701,676,699,15,2.192982,30300,OK
2025-04-18,8771,イー・ギャランティ,プライム（内国株式）,その他金融業,1720,1747,1703,1746,11,0.634006,182900,OK
2025-04-18,8772,アサックス,スタンダード（内国株式）,その他金融業,658,685,651,656,0,0,35600,OK
2025-04-18,8783,ＧＦＡ,スタンダード（内国株式）,その他金融業,370,378,362,368,-5,-1.340483,542000,OK
2025-04-18,8789,フィンテック　グローバル,スタンダード（内国株式）,その他金融業,100,110,99,110,10,10,4244200,OK
2025-04-18,8793,ＮＥＣキャピタルソリューション,プライム（内国株式）,その他金融業,3720,3785,3705,3770,90,2.445652,11900,OK
2025-04-18,8795,Ｔ＆Ｄホールディングス,プライム（内国株式）,保険業,2758.5,2776,2733.5,2769.5,11,0.398767,1125500,OK
2025-04-18,8798,アドバンスクリエイト,プライム（内国株式）,保険業,278,293,278,293,16,5.776173,57100,OK
2025-04-18,8801,三井不動産,プライム（内国株式）,不動産業,1426,1426,1406,1413.5,-7,-0.492784,3327700,OK
2025-04-18,8802,三菱地所,プライム（内国株式）,不動産業,2500,2508.5,2479,2505.5,5.5,0.22,2920700,OK
2025-04-18,8803,平和不動産,プライム（内国株式）,不動産業,4760,4815,4760,4780,10,0.209644,38400,OK
2025-04-18,8804,東京建物,プライム（内国株式）,不動産業,2529.5,2545,2513,2534.5,5,0.197668,499800,OK
2025-04-18,8818,京阪神ビルディング,プライム（内国株式）,不動産業,1499,1538,1493,1525,43,2.901484,120500,OK
2025-04-18,8830,住友不動産,プライム（内国株式）,不動産業,5420,5450,5397,5423,14,0.258828,782000,OK
2025-04-18,8835,太平洋興発,スタンダード（内国株式）,卸売業,657,666,656,666,10,1.52439,6600,OK
2025-04-18,8836,ＲＩＳＥ,スタンダード（内国株式）,不動産業,31,35,30,31,0,0,4118500,OK
2025-04-18,8841,テーオーシー,スタンダード（内国株式）,不動産業,627,636,627,636,12,1.923077,63800,OK
2025-04-18,8844,コスモスイニシア,スタンダード（内国株式）,不動産業,1171,1231,1159,1230,69,5.943152,195200,OK
2025-04-18,8848,レオパレス２１,プライム（内国株式）,不動産業,571,591,569,590,25,4.424779,1687100,OK
2025-04-18,8850,スターツコーポレーション,プライム（内国株式）,不動産業,3875,3910,3855,3910,50,1.295337,35800,OK
2025-04-18,8860,フジ住宅,プライム（内国株式）,不動産業,665,676,663,674,14,2.121212,29800,OK
2025-04-18,8864,空港施設,プライム（内国株式）,不動産業,631,640,630,640,11,1.748808,120800,OK
2025-04-18,8869,明和地所,スタンダード（内国株式）,不動産業,899,910,896,900,10,1.123596,58500,OK
2025-04-18,8871,ゴールドクレスト,スタンダード（内国株式）,不動産業,3355,3470,3355,3440,90,2.686567,32900,OK
2025-04-18,8876,リログループ,プライム（内国株式）,サービス業,1848,1885,1818.5,1885,60,3.287671,425800,OK
2025-04-18,8877,エスリード,プライム（内国株式）,不動産業,4160,4270,4160,4265,155,3.77129,31100,OK
2025-04-18,8881,日神グループホールディングス,プライム（内国株式）,不動産業,494,498,493,497,6,1.221996,47200,OK
2025-04-18,8886,ウッドフレンズ,スタンダード（内国株式）,不動産業,1717,1717,1716,1716,0,0,11000,OK
2025-04-18,8887,クミカ,スタンダード（内国株式）,不動産業,336,336,330,334,0,0,8900,OK
2025-04-18,8891,ＡＭＧホールディングス,スタンダード（内国株式）,不動産業,1894,1917,1888,1898,10,0.529661,11800,OK
2025-04-18,8892,日本エスコン,プライム（内国株式）,不動産業,1050,1068,1050,1067,19,1.812977,225900,OK
2025-04-18,8894,ＲＥＶＯＬＵＴＩＯＮ,スタンダード（内国株式）,不動産業,65,68,64,67,2,3.076923,1664700,OK
2025-04-18,8897,ＭＩＲＡＲＴＨホールディングス,プライム（内国株式）,不動産業,489,493,488,492,7,1.443299,369600,OK
2025-04-18,8898,センチュリー２１・ジャパン,スタンダード（内国株式）,不動産業,1094,1110,1094,1101,7,0.639854,1800,OK
2025-04-18,8904,ＡＶＡＮＴＩＡ,スタンダード（内国株式）,不動産業,764,770,763,766,4,0.524934,11100,OK
2025-04-18,8905,イオンモール,プライム（内国株式）,不動産業,2590,2640,2582.5,2640,67.5,2.623907,1364000,OK
2025-04-18,8908,毎日コムネット,スタンダード（内国株式）,不動産業,768,775,767,775,11,1.439791,13100,OK
2025-04-18,8912,エリアクエスト,スタンダード（内国株式）,不動産業,168,179,164,164,-3,-1.796407,195200,OK
2025-04-18,8914,エリアリンク,スタンダード（内国株式）,不動産業,2043,2070,2027,2063,57,2.841476,47200,OK
2025-04-18,8917,ファースト住建,スタンダード（内国株式）,不動産業,1044,1048,1040,1048,7,0.67243,46300,OK
2025-04-18,8918,ランド,スタンダード（内国株式）,不動産業,7,8,7,7,0,0,54384000,OK
2025-04-18,8919,カチタス,プライム（内国株式）,不動産業,2064,2105,2063,2098,41,1.993194,111100,OK
2025-04-18,8920,東祥,スタンダード（内国株式）,サービス業,525,531,519,530,5,0.952381,67300,OK
2025-04-18,8921,シーズクリエイト,TOKYO PRO MARKET（内国株式）,不動産業,,,,,,,,NO_QUOTE
2025-04-18,8923,トーセイ,プライム（内国株式）,不動産業,2400,2426,2387,2405,9,0.375626,50900,OK
2025-04-18,8927,明豊エンタープライズ,スタンダード（内国株式）,不動産業,333,336,330,334,-1,-0.298507,130500,OK
2025-04-18,8928,穴吹興産,スタンダード（内国株式）,不動産業,2152,2183,2152,2175,28,1.304145,7200,OK
2025-04-18,8929,青山財産ネットワークス,スタンダード（内国株式）,不動産業,1870,1928,1866,1908,37,1.977552,44600,OK
2025-04-18,8931,和田興産,スタンダード（内国株式）,不動産業,1391,1416,1380,1416,37,2.683104,15800,OK
2025-04-18,8934,サンフロンティア不動産,プライム（内国株式）,不動産業,1914,1944,1909,1944,42,2.208202,54400,OK
2025-04-18,8935,ＦＪネクストホールディングス,プライム（内国株式）,不動産業,1128,1160,1128,1155,34,3.033006,35500,OK
2025-04-18,8938,グローム・ホールディングス,グロース（内国株式）,不動産業,656,658,635,658,3,0.458015,7600,OK
2025-04-18,8940,インテリックス,スタンダード（内国株式）,不動産業,815,838,811,838,25,3.075031,46200,OK
2025-04-18,8944,ランドビジネス,スタンダード（内国株式）,不動産業,176,190,176,187,11,6.25,72100,OK
2025-04-18,8945,サンネクスタグループ,スタンダード（内国株式）,不動産業,1011,1017,1009,1017,2,0.197044,7500,OK
2025-04-18,8946,ＡＳＩＡＮ　ＳＴＡＲ,スタンダード（内国株式）,不動産業,82,84,81,83,1,1.219512,145900,OK
2025-04-18,8995,誠建設工業,スタンダード（内国株式）,不動産業,608,610,605,610,1,0.164204,1600,OK
2025-04-18,8996,ハウスフリーダム,スタンダード（内国株式）,不動産業,803,807,803,807,6,0.749064,200,OK
2025-04-18,8999,グランディハウス,プライム（内国株式）,不動産業,545,549,539,549,8,1.478743,36500,OK
2025-04-18,9001,東武鉄道,プライム（内国株式）,陸運業,2592,2611,2579.5,2610.5,29,1.123378,261500,OK
2025-04-18,9003,相鉄ホールディングス,プライム（内国株式）,陸運業,2238,2239.5,2226,2236,5,0.224115,228000,OK
2025-04-18,9005,東急,プライム（内国株式）,陸運業,1779.5,1783,1768.5,1777.5,7.5,0.423729,1013500,OK
2025-04-18,9006,京浜急行電鉄,プライム（内国株式）,陸運業,1520,1521,1510.5,1512,-6,-0.395257,354700,OK
2025-04-18,9007,小田急電鉄,プライム（内国株式）,陸運業,1610,1620,1606,1618.5,9.5,0.590429,548900,OK
2025-04-18,9008,京王電鉄,プライム（内国株式）,陸運業,3904,3924,3890,3906,6,0.153846,171800,OK
2025-04-18,9009,京成電鉄,プライム（内国株式）,陸運業,1420,1427.5,1402,1417.5,7.5,0.531915,656000,OK
2025-04-18,9010,富士急行,プライム（内国株式）,陸運業,2141,2159,2128,2152,26,1.222954,63400,OK
2025-04-18,9012,秩父鉄道,スタンダード（内国株式）,陸運業,2029,2029,2029,2029,30,1.50075,100,OK
2025-04-18,9017,新潟交通,スタンダード（内国株式）,陸運業,,,,,,,,NO_QUOTE
2025-04-18,9020,東日本旅客鉄道,プライム（内国株式）,陸運業,3150,3186,3144,3186,45,1.432665,2249300,OK
2025-04-18,9021,西日本旅客鉄道,プライム（内国株式）,陸運業,3050,3056,3033,3056,17,0.559395,912000,OK
2025-04-18,9022,東海旅客鉄道,プライム（内国株式）,陸運業,2953,3004,2944,2998,61.5,2.09433,1483300,OK
2025-04-18,9023,東京地下鉄,プライム（内国株式）,陸運業,2009.5,2024.5,1996,2024.5,15.5,0.771528,2548500,OK
2025-04-18,9024,西武ホールディングス,プライム（内国株式）,陸運業,3398,3510,3382,3495,97,2.85462,691100,OK
2025-04-18,9025,鴻池運輸,プライム（内国株式）,陸運業,2513,2570,2506,2559,72,2.895054,63600,OK
2025-04-18,9028,ゼロ,スタンダード（内国株式）,陸運業,2790,2855,2769,2855,76,2.734797,20500,OK
2025-04-18,9029,ヒガシホールディングス,スタンダード（内国株式）,陸運業,1191,1199,1187,1190,5,0.421941,2900,OK
2025-04-18,9031,西日本鉄道,プライム（内国株式）,陸運業,2160.5,2167.5,2149.5,2166.5,19,0.88475,93400,OK
2025-04-18,9033,広島電鉄,スタンダード（内国株式）,陸運業,600,606,600,606,4,0.664452,7000,OK
2025-04-18,9034,南総通運,スタンダード（内国株式）,陸運業,1082,1088,1082,1086,11,1.023256,1100,OK
2025-04-18,9036,東部ネットワーク,スタンダード（内国株式）,陸運業,800,813,795,813,6,0.743494,3500,OK
2025-04-18,9037,ハマキョウレックス,プライム（内国株式）,陸運業,1304,1327,1304,1317,24,1.856148,93200,OK
2025-04-18,9039,サカイ引越センター,プライム（内国株式）,陸運業,2500,2535,2491,2534,45,1.807955,55600,OK
2025-04-18,9041,近鉄グループホールディングス,プライム（内国株式）,陸運業,3170,3170,3143,3154,2,0.063452,322900,OK
2025-04-18,9042,阪急阪神ホールディングス,プライム（内国株式）,陸運業,4132,4155,4114,4149,34,0.826245,248200,OK
2025-04-18,9044,南海電気鉄道,プライム（内国株式）,陸運業,2385,2387,2364.5,2387,10,0.420698,125900,OK
2025-04-18,9045,京阪ホールディングス,プライム（内国株式）,陸運業,3409,3458,3398,3453,60,1.768347,159900,OK
2025-04-18,9046,神戸電鉄,プライム（内国株式）,陸運業,2415,2444,2386,2434,50,2.097315,5500,OK
2025-04-18,9048,名古屋鉄道,プライム（内国株式）,陸運業,1760,1771,1755.5,1769,16,0.912721,343400,OK
2025-04-18,9049,京福電気鉄道,スタンダード（内国株式）,陸運業,6350,6370,6350,6370,60,0.950872,200,OK
2025-04-18,9051,センコン物流,スタンダード（内国株式）,陸運業,1000,1047,983,1006,-1,-0.099305,5300,OK
2025-04-18,9052,山陽電気鉄道,プライム（内国株式）,陸運業,2005,2029,2005,2029,24,1.197007,19400,OK
2025-04-18,9057,遠州トラック,スタンダード（内国株式）,陸運業,2703,2789,2703,2703,-29,-1.061493,1700,OK
2025-04-18,9059,カンダホールディングス,スタンダード（内国株式）,陸運業,745,750,742,745,-1,-0.134048,4400,OK
2025-04-18,9060,日本ロジテム,スタンダード（内国株式）,陸運業,3780,3780,3780,3780,0,0,200,OK
2025-04-18,9063,岡山県貨物運送,スタンダード（内国株式）,陸運業,3140,3140,3140,3140,0,0,100,OK
2025-04-18,9064,ヤマトホールディングス,プライム（内国株式）,陸運業,1971,2014.5,1957.5,2012,41,2.080162,1058800,OK
2025-04-18,9065,山九,プライム（内国株式）,陸運業,6002,6115,5990,6099,91,1.514647,76600,OK
2025-04-18,9066,日新,プライム（内国株式）,倉庫･運輸関連業,4560,4680,4555,4665,120,2.640264,29400,OK
2025-04-18,9067,丸運,スタンダード（内国株式）,陸運業,394,410,394,409,15,3.807107,49500,OK
2025-04-18,9068,丸全昭和運輸,プライム（内国株式）,陸運業,5720,5940,5720,5890,240,4.247788,20200,OK
2025-04-18,9069,センコーグループホールディングス,プライム（内国株式）,陸運業,1595,1635,1592,1626,42,2.651515,449800,OK
2025-04-18,9070,トナミホールディングス,プライム（内国株式）,陸運業,10170,10170,10140,10150,-10,-0.098425,52800,OK
2025-04-18,9072,ニッコンホールディングス,プライム（内国株式）,陸運業,2933,2958.5,2924.5,2955.5,47,1.615953,261200,OK
2025-04-18,9073,京極運輸商事,スタンダード（内国株式）,陸運業,1141,1178,1132,1170,27,2.362205,2000,OK
2025-04-18,9074,日本石油輸送,スタンダード（内国株式）,陸運業,2866,2890,2838,2859,16,0.562786,3400,OK
2025-04-18,9075,福山通運,プライム（内国株式）,陸運業,3540,3585,3520,3570,75,2.145923,21900,OK
2025-04-18,9076,セイノーホールディングス,プライム（内国株式）,陸運業,2265,2274,2253.5,2271,18,0.798935,306700,OK
2025-04-18,9081,神奈川中央交通,プライム（内国株式）,陸運業,3575,3700,3575,3665,140,3.971631,7400,OK
2025-04-18,9082,大和自動車交通,スタンダード（内国株式）,陸運業,821,843,821,825,4,0.487211,1500,OK
2025-04-18,9083,神姫バス,スタンダード（内国株式）,陸運業,3435,3475,3420,3475,55,1.608187,4100,OK
2025-04-18,9087,タカセ,スタンダード（内国株式）,陸運業,1129,1220,1109,1160,61,5.5505,26300,OK
2025-04-18,9090,ＡＺ−ＣＯＭ丸和ホールディングス,プライム（内国株式）,陸運業,1244,1274,1241,1268,31,2.506063,121900,OK
2025-04-18,9101,日本郵船,プライム（内国株式）,海運業,4488,4578,4480,4558,116,2.611436,3820700,OK
2025-04-18,9104,商船三井,プライム（内国株式）,海運業,4907,5025,4890,4988,136,2.802968,5481400,OK
2025-04-18,9107,川崎汽船,プライム（内国株式）,海運業,1778,1853,1775.5,1826,65.5,3.720534,9821800,OK
2025-04-18,9110,ＮＳユナイテッド海運,プライム（内国株式）,海運業,3710,3770,3685,3755,110,3.017833,81600,OK
2025-04-18,9115,明海グループ,スタンダード（内国株式）,海運業,604,615,604,612,8,1.324503,21600,OK
2025-04-18,9119,飯野海運,プライム（内国株式）,海運業,966,997,960,995,44,4.626709,435100,OK
2025-04-18,9127,玉井商船,スタンダード（内国株式）,海運業,1659,1671,1644,1671,34,2.07697,3700,OK
2025-04-18,9130,共栄タンカー,スタンダード（内国株式）,海運業,900,927,900,923,29,3.243848,13000,OK
2025-04-18,9142,九州旅客鉄道,プライム（内国株式）,陸運業,3688,3705,3663,3703,50,1.368738,228300,OK
2025-04-18,9143,ＳＧホールディングス,プライム（内国株式）,陸運業,1495,1509,1479,1503.5,30,2.035969,1041100,OK
2025-04-18,9145,ビーイングホールディングス,スタンダード（内国株式）,陸運業,2625,2629,2579,2617,42,1.631068,4200,OK
2025-04-18,9146,五健堂ホールディングス,TOKYO PRO MARKET（内国株式）,陸運業,,,,,,,,NO_QUOTE
2025-04-18,9147,ＮＩＰＰＯＮ　ＥＸＰＲＥＳＳホールディングス,プライム（内国株式）,陸運業,2550,2572,2531,2572,30.5,1.200079,724700,OK
2025-04-18,9149,大友ロジスティクスサービス,TOKYO PRO MARKET（内国株式）,陸運業,,,,,,,,NO_QUOTE
2025-04-18,9156,はなホールディングス,TOKYO PRO MARKET（内国株式）,サービス業,,,,,,,,NO_QUOTE
2025-04-18,9158,シーユーシー,グロース（内国株式）,サービス業,1323,1351,1291,1329,25,1.917178,80400,OK
2025-04-18,9159,Ｗ　ＴＯＫＹＯ,グロース（内国株式）,サービス業,1738,1800,1737,1788,58,3.352601,12200,OK
2025-04-18,9160,ノバレーゼ,スタンダード（内国株式）,サービス業,301,301,297,299,2,0.673401,9800,OK
2025-04-18,9161,ＩＤ＆Ｅホールディングス,プライム（内国株式）,サービス業,6470,6480,6470,6480,10,0.15456,5600,OK
2025-04-18,9162,ブリーチ,グロース（内国株式）,サービス業,363,375,361,372,7,1.917808,64000,OK
2025-04-18,9163,ナレルグループ,グロース（内国株式）,サービス業,2245,2279,2245,2279,34,1.514477,32500,OK
2025-04-18,9164,トライト,グロース（内国株式）,サービス業,501,532,478,518,64,14.096916,9182100,OK
2025-04-18,9165,クオルテック,グロース（内国株式）,サービス業,1192,1235,1190,1190,0,0,1800,OK
2025-04-18,9166,ＧＥＮＤＡ,グロース（内国株式）,サービス業,1016,1083,1011,1065,65,6.5,3249400,OK
2025-04-18,9167,フトン巻きのジロー,TOKYO PRO MARKET（内国株式）,サービス業,,,,,,,,NO_QUOTE
2025-04-18,9168,ライズ・コンサルティング・グループ,グロース（内国株式）,サービス業,885,900,869,899,-1,-0.111111,219100,OK
2025-04-18,9169,大伸社,TOKYO PRO MARKET（内国株式）,サービス業,,,,,,,,NO_QUOTE
2025-04-18,9171,栗林商船,スタンダード（内国株式）,海運業,1120,1196,1120,1194,73,6.512043,33500,OK
2025-04-18,9173,東海汽船,スタンダード（内国株式）,海運業,2875,2892,2865,2880,8,0.278552,1600,OK
2025-04-18,9193,東京汽船,スタンダード（内国株式）,倉庫･運輸関連業,778,784,773,782,4,0.514139,9800,OK
2025-04-18,9201,日本航空,プライム（内国株式）,空運業,2500,2518,2489,2518,32,1.287208,1015200,OK
2025-04-18,9202,ＡＮＡホールディングス,プライム（内国株式）,空運業,2695,2713,2687.5,2713,33,1.231343,859100,OK
2025-04-18,9204,スカイマーク,グロース（内国株式）,空運業,465,472,465,472,8,1.724138,148800,OK
2025-04-18,9206,スターフライヤー,スタンダード（内国株式）,空運業,2565,2586,2560,2570,4,0.155885,900,OK
2025-04-18,9211,エフ・コード,グロース（内国株式）,サービス業,1777,1947,1767,1902,129,7.275804,370400,OK
2025-04-18,9212,Ｇｒｅｅｎ　Ｅａｒｔｈ　Ｉｎｓｔｉｔｕｔｅ,グロース（内国株式）,サービス業,350,372,350,372,17,4.788732,17300,OK
2025-04-18,9213,セイファート,スタンダード（内国株式）,サービス業,799,843,799,843,63,8.076923,5200,OK
2025-04-18,9214,Ｒｅｃｏｖｅｒｙ　Ｉｎｔｅｒｎａｔｉｏｎａｌ,グロース（内国株式）,サービス業,1361,1496,1320,1368,-32,-2.285714,99500,OK
2025-04-18,9215,ＣａＳｙ,グロース（内国株式）,サービス業,818,820,817,820,-10,-1.204819,1400,OK
2025-04-18,9216,ビーウィズ,プライム（内国株式）,サービス業,1615,1649,1615,1648,47,2.935665,110400,OK
2025-04-18,9218,メンタルヘルステクノロジーズ,グロース（内国株式）,サービス業,769,789,760,787,21,2.741514,23500,OK
2025-04-18,9219,ギックス,グロース（内国株式）,サービス業,934,948,928,948,17,1.825994,2300,OK
2025-04-18,9220,エフビー介護サービス,スタンダード（内国株式）,サービス業,,,,,,,,NO_QUOTE
2025-04-18,9221,フルハシＥＰＯ,スタンダード（内国株式）,サービス業,916,916,909,916,2,0.218818,11600,OK
2025-04-18,9222,ｍａｎａｂｙ,TOKYO PRO MARKET（内国株式）,サービス業,,,,,,,,NO_QUOTE
2025-04-18,9223,ＡＳＮＯＶＡ,グロース（内国株式）,サービス業,593,595,590,592,-1,-0.168634,3200,OK
2025-04-18,9224,環境のミカタ,TOKYO PRO MARKET（内国株式）,サービス業,,,,,,,,NO_QUOTE
2025-04-18,9225,ブリッジコンサルティンググループ,グロース（内国株式）,サービス業,1020,1098,1020,1087,113,11.601643,3200,OK
2025-04-18,9226,アイガー,TOKYO PRO MARKET（内国株式）,サービス業,,,,,,,,NO_QUOTE
2025-04-18,9227,マイクロ波化学,グロース（内国株式）,サービス業,437,458,435,454,19,4.367816,108800,OK
2025-04-18,9229,サンウェルズ,プライム（内国株式）,サービス業,541,549,539,545,10,1.869159,208900,OK
2025-04-18,9233,アジア航測,スタンダード（内国株式）,空運業,1077,1086,1077,1084,7,0.649954,9400,OK
2025-04-18,9235,売れるネット広告社グループ,グロース（内国株式）,サービス業,693,703,643,703,100,16.583748,1054800,OK
2025-04-18,9236,ジャパンＭ＆Ａソリューション,グロース（内国株式）,サービス業,1170,1462,1169,1199,-1,-0.083333,55500,OK
2025-04-18,9237,笑美面,グロース（内国株式）,サービス業,1811,1811,1772,1779,-37,-2.037445,4600,OK
2025-04-18,9238,バリュークリエーション,グロース（内国株式）,サービス業,1267,1314,1265,1284,10,0.784929,39200,OK
2025-04-18,9239,ケーイーティ,TOKYO PRO MARKET（内国株式）,サービス業,,,,,,,,NO_QUOTE
2025-04-18,9240,デリバリーコンサルティング,グロース（内国株式）,サービス業,349,349,332,335,-10,-2.898551,39400,OK
2025-04-18,9241,フューチャーリンクネットワーク,グロース（内国株式）,サービス業,1212,1230,1212,1217,15,1.24792,2200,OK
2025-04-18,9242,メディア総研,グロース（内国株式）,サービス業,1329,1527,1316,1338,9,0.677201,33000,OK
2025-04-18,9243,富士テクノホールディングス,TOKYO PRO MARKET（内国株式）,サービス業,,,,,,,,NO_QUOTE
2025-04-18,9244,デジタリフト,グロース（内国株式）,サービス業,,,,,,,,NO_QUOTE
2025-04-18,9245,リベロ,グロース（内国株式）,サービス業,1765,1782,1725,1782,22,1.25,1900,OK
2025-04-18,9246,プロジェクトホールディングス,グロース（内国株式）,サービス業,1210,1220,1190,1220,11,0.909843,800,OK
2025-04-18,9247,ＴＲＥホールディングス,プライム（内国株式）,サービス業,1510,1543,1507,1539,40,2.668446,191100,OK
2025-04-18,9248,人・夢・技術グループ,プライム（内国株式）,サービス業,1677,1747,1677,1744,77,4.619076,19000,OK
2025-04-18,9249,日本エコシステム,スタンダード（内国株式）,サービス業,1453,1465,1442,1462,9,0.619408,6000,OK
2025-04-18,9250,ＧＲＣＳ,グロース（内国株式）,サービス業,1212,1256,1212,1225,17,1.407285,3500,OK
2025-04-18,9251,ＡＢ＆Ｃｏｍｐａｎｙ,グロース（内国株式）,サービス業,900,900,892,897,6,0.673401,22400,OK
2025-04-18,9252,ラストワンマイル,グロース（内国株式）,サービス業,3450,3620,3420,3515,45,1.29683,44200,OK
2025-04-18,9253,スローガン,グロース（内国株式）,サービス業,615,615,615,615,3,0.490196,200,OK
2025-04-18,9254,ラバブルマーケティンググループ,グロース（内国株式）,サービス業,1269,1269,1269,1269,-21,-1.627907,100,OK
2025-04-18,9256,サクシード,グロース（内国株式）,サービス業,789,790,782,782,3,0.385109,1500,OK
2025-04-18,9258,ＣＳ−Ｃ,グロース（内国株式）,サービス業,390,390,390,390,0,0,100,OK
2025-04-18,9259,タカヨシホールディングス,グロース（内国株式）,サービス業,560,570,560,562,3,0.536673,1800,OK
2025-04-18,9260,西本Ｗｉｓｍｅｔｔａｃホールディングス,プライム（内国株式）,卸売業,1923,1924,1922,1923,1,0.052029,12700,OK
2025-04-18,9262,シルバーライフ,スタンダード（内国株式）,小売業,677,707,673,697,20,2.95421,30000,OK
2025-04-18,9264,ポエック,スタンダード（内国株式）,卸売業,1329,1368,1326,1368,42,3.167421,24000,OK
2025-04-18,9265,ヤマシタヘルスケアホールディングス,スタンダード（内国株式）,卸売業,2812,2932,2811,2841,31,1.103203,4700,OK
2025-04-18,9267,Ｇｅｎｋｙ　ＤｒｕｇＳｔｏｒｅｓ,プライム（内国株式）,小売業,2953,3030,2928,3020,116,3.99449,51500,OK
2025-04-18,9268,オプティマスグループ,スタンダード（内国株式）,卸売業,312,324,310,324,15,4.854369,170800,OK
2025-04-18,9270,バリュエンスホールディングス,グロース（内国株式）,卸売業,918,928,901,911,4,0.441014,44400,OK
2025-04-18,9271,和心,グロース（内国株式）,小売業,446,447,424,434,-13,-2.908277,13100,OK
2025-04-18,9272,ブティックス,グロース（内国株式）,サービス業,1315,1370,1315,1346,49,3.777949,8500,OK
2025-04-18,9273,コーア商事ホールディングス,プライム（内国株式）,卸売業,653,662,648,662,15,2.318393,70300,OK
2025-04-18,9274,ＫＰＰグループホールディングス,プライム（内国株式）,卸売業,615,628,615,628,17,2.782324,147100,OK
2025-04-18,9275,ナルミヤ・インターナショナル,スタンダード（内国株式）,小売業,1219,1239,1216,1226,19,1.574151,14800,OK
2025-04-18,9278,ブックオフグループホールディングス,プライム（内国株式）,小売業,1500,1522,1497,1522,32,2.147651,47000,OK
2025-04-18,9279,ギフトホールディングス,プライム（内国株式）,小売業,3380,3540,3355,3540,185,5.514158,194700,OK
2025-04-18,9301,三菱倉庫,プライム（内国株式）,倉庫･運輸関連業,938.3,946.7,928.2,946,17.4,1.873788,1178500,OK
2025-04-18,9302,三井倉庫ホールディングス,プライム（内国株式）,倉庫･運輸関連業,8850,9290,8840,9220,430,4.891923,120600,OK
2025-04-18,9303,住友倉庫,プライム（内国株式）,倉庫･運輸関連業,2698,2778,2694,2762,72,2.67658,97000,OK
2025-04-18,9304,澁澤倉庫,プライム（内国株式）,倉庫･運輸関連業,3060,3195,3045,3195,155,5.098684,15000,OK
2025-04-18,9305,ヤマタネ,プライム（内国株式）,卸売業,4205,4440,4205,4410,225,5.376344,62700,OK
2025-04-18,9306,東陽倉庫,スタンダード（内国株式）,倉庫･運輸関連業,1448,1459,1448,1448,0,0,3400,OK
2025-04-18,9307,杉村倉庫,スタンダード（内国株式）,倉庫･運輸関連業,694,706,694,696,-6,-0.854701,8200,OK
2025-04-18,9308,乾汽船,スタンダード（内国株式）,海運業,1343,1387,1342,1371,47,3.549849,153400,OK
2025-04-18,9310,日本トランスシティ,プライム（内国株式）,倉庫･運輸関連業,850,861,847,860,16,1.895735,37200,OK
2025-04-18,9311,アサガミ,スタンダード（内国株式）,倉庫･運輸関連業,5900,5900,5900,5900,400,7.272727,100,OK
2025-04-18,9312,ケイヒン,スタンダード（内国株式）,倉庫･運輸関連業,2104,2224,2104,2221,117,5.560837,5200,OK
2025-04-18,9313,丸八倉庫,スタンダード（内国株式）,倉庫･運輸関連業,830,830,820,820,5,0.613497,500,OK
2025-04-18,9319,中央倉庫,プライム（内国株式）,倉庫･運輸関連業,1419,1453,1418,1441,34,2.416489,14400,OK
2025-04-18,9322,川西倉庫,スタンダード（内国株式）,倉庫･運輸関連業,1020,1027,1020,1026,4,0.391389,1500,OK
2025-04-18,9324,安田倉庫,プライム（内国株式）,倉庫･運輸関連業,1670,1719,1664,1719,54,3.243243,31600,OK
2025-04-18,9325,ファイズホールディングス,スタンダード（内国株式）,倉庫･運輸関連業,895,914,893,913,16,1.783724,6900,OK
2025-04-18,9326,関通,グロース（内国株式）,倉庫･運輸関連業,310,318,310,315,7,2.272727,9900,OK
2025-04-18,9327,イー・ロジット,スタンダード（内国株式）,倉庫･運輸関連業,231,248,231,235,4,1.731602,12700,OK
2025-04-18,9330,揚羽,グロース（内国株式）,サービス業,761,761,752,759,-2,-0.262812,1700,OK
2025-04-18,9331,キャスター,グロース（内国株式）,サービス業,845,850,840,850,5,0.591716,800,OK
2025-04-18,9332,ＮＩＳＳＯホールディングス,プライム（内国株式）,サービス業,676,677,667,677,6,0.894188,54000,OK
2025-04-18,9334,アイビスホールディングス,TOKYO PRO MARKET（内国株式）,サービス業,,,,,,,,NO_QUOTE
2025-04-18,9335,テクノクリエイティブ,TOKYO PRO MARKET（内国株式）,サービス業,,,,,,,,NO_QUOTE
2025-04-18,9336,大栄環境,プライム（内国株式）,サービス業,2950,2991,2928,2983,62,2.122561,109700,OK
2025-04-18,9337,トリドリ,グロース（内国株式）,サービス業,2081,2139,2080,2133,89,4.354207,15400,OK
2025-04-18,9338,ＩＮＦＯＲＩＣＨ,グロース（内国株式）,サービス業,3565,3720,3565,3675,95,2.653631,98200,OK
2025-04-18,9339,コーチ・エィ,スタンダード（内国株式）,サービス業,964,968,962,964,0,0,4800,OK
2025-04-18,9340,アソインターナショナル,スタンダード（内国株式）,サービス業,570,580,565,572,6,1.060071,6200,OK
2025-04-18,9341,ＧＥＮＯＶＡ,プライム（内国株式）,サービス業,961,972,956,971,16,1.675393,45000,OK
2025-04-18,9342,スマサポ,グロース（内国株式）,サービス業,1010,1247,1003,1063,31,3.003876,135800,OK
2025-04-18,9343,アイビス,グロース（内国株式）,サービス業,2979,3095,2979,3095,115,3.85906,25100,OK
2025-04-18,9344,アクシスコンサルティング,グロース（内国株式）,サービス業,774,796,774,784,9,1.16129,5200,OK
2025-04-18,9345,ビズメイツ,グロース（内国株式）,サービス業,1968,1968,1940,1959,29,1.502591,900,OK
2025-04-18,9346,ココルポート,グロース（内国株式）,サービス業,1397,1397,1375,1397,0,0,1200,OK
2025-04-18,9347,日本管財ホールディングス,プライム（内国株式）,サービス業,2671,2690,2661,2690,40,1.509434,32700,OK
2025-04-18,9348,ｉｓｐａｃｅ,グロース（内国株式）,サービス業,811,883,808,862,36,4.358354,4314300,OK
2025-04-18,9351,東洋埠頭,スタンダード（内国株式）,倉庫･運輸関連業,1246,1271,1240,1262,17,1.365462,7700,OK
2025-04-18,9353,櫻島埠頭,スタンダード（内国株式）,倉庫･運輸関連業,1662,1670,1662,1670,28,1.705238,200,OK
2025-04-18,9355,リンコーコーポレーション,スタンダード（内国株式）,倉庫･運輸関連業,1724,1724,1724,1724,0,0,100,OK
2025-04-18,9360,鈴与シンワート,スタンダード（内国株式）,情報･通信業,2470,2515,2470,2510,40,1.619433,1800,OK
2025-04-18,9361,伏木海陸運送,スタンダード（内国株式）,倉庫･運輸関連業,1525,1553,1525,1553,44,2.915838,600,OK
2025-04-18,9362,兵機海運,スタンダード（内国株式）,倉庫･運輸関連業,3500,3640,3375,3380,-155,-4.384724,1600,OK
2025-04-18,9363,大運,スタンダード（内国株式）,倉庫･運輸関連業,387,390,385,385,-1,-0.259067,4400,OK
2025-04-18,9364,上組,プライム（内国株式）,倉庫･運輸関連業,3378,3433,3369,3417,39,1.154529,168700,OK
2025-04-18,9365,トレーディア,スタンダード（内国株式）,倉庫･運輸関連業,,,,,,,,NO_QUOTE
2025-04-18,9366,サンリツ,スタンダード（内国株式）,倉庫･運輸関連業,777,788,777,786,8,1.028278,3700,OK
2025-04-18,9367,大東港運,スタンダード（内国株式）,倉庫･運輸関連業,731,750,731,750,30,4.166667,900,OK
2025-04-18,9368,キムラユニティー,スタンダード（内国株式）,倉庫･運輸関連業,759,779,759,779,21,2.770449,24700,OK
2025-04-18,9369,キユーソー流通システム,スタンダード（内国株式）,倉庫･運輸関連業,1691,1762,1691,1751,72,4.288267,60400,OK
2025-04-18,9376,ユーラシア旅行社,スタンダード（内国株式）,サービス業,492,495,492,495,-2,-0.402414,1500,OK
2025-04-18,9377,エージーピー,スタンダード（内国株式）,倉庫･運輸関連業,1087,1130,1087,1130,40,3.669725,8100,OK
2025-04-18,9380,東海運,スタンダード（内国株式）,倉庫･運輸関連業,319,325,319,324,5,1.567398,25900,OK
2025-04-18,9381,エーアイテイー,プライム（内国株式）,倉庫･運輸関連業,1753,1809,1753,1809,58,3.312393,44800,OK
2025-04-18,9384,内外トランスライン,プライム（内国株式）,倉庫･運輸関連業,4055,4055,4045,4055,0,0,26500,OK
2025-04-18,9385,ショーエイコーポレーション,スタンダード（内国株式）,化学,530,536,528,535,5,0.943396,6600,OK
2025-04-18,9386,日本コンセプト,プライム（内国株式）,倉庫･運輸関連業,1686,1717,1686,1717,32,1.89911,12100,OK
2025-04-18,9401,ＴＢＳホールディングス,プライム（内国株式）,情報･通信業,4488,4810,4450,4690,317,7.249028,957200,OK
2025-04-18,9404,日本テレビホールディングス,プライム（内国株式）,情報･通信業,3208,3451,3177,3362,211,6.696287,1507000,OK
2025-04-18,9405,朝日放送グループホールディングス,プライム（内国株式）,情報･通信業,684,702,681,700,22,3.244838,165500,OK
2025-04-18,9408,ＢＳＮメディアホールディングス,スタンダード（内国株式）,情報･通信業,1810,1810,1810,1810,20,1.117318,300,OK
2025-04-18,9409,テレビ朝日ホールディングス,プライム（内国株式）,情報･通信業,2425,2718,2418,2645,251,10.484545,2804900,OK
2025-04-18,9412,スカパーＪＳＡＴホールディングス,プライム（内国株式）,情報･通信業,1113,1146,1104,1121,33,3.033088,1050400,OK
2025-04-18,9413,テレビ東京ホールディングス,プライム（内国株式）,情報･通信業,3750,4015,3750,3900,160,4.278075,198900,OK
2025-04-18,9414,日本ＢＳ放送,スタンダード（内国株式）,情報･通信業,891,903,890,902,17,1.920904,100900,OK
2025-04-18,9416,ビジョン,プライム（内国株式）,情報･通信業,1212,1249,1203,1249,43,3.565506,361600,OK
2025-04-18,9417,スマートバリュー,スタンダード（内国株式）,情報･通信業,383,390,380,380,1,0.263852,10600,OK
2025-04-18,9418,Ｕ−ＮＥＸＴ　ＨＯＬＤＩＮＧＳ,プライム（内国株式）,情報･通信業,1948,2018,1948,2010,76,3.929679,671400,OK
2025-04-18,9419,ワイヤレスゲート,スタンダード（内国株式）,情報･通信業,221,225,221,225,3,1.351351,13600,OK
2025-04-18,9421,エヌジェイホールディングス,スタンダード（内国株式）,情報･通信業,527,563,522,536,11,2.095238,6200,OK
2025-04-18,9423,フォーバル・リアルストレート,スタンダード（内国株式）,情報･通信業,99,101,99,101,3,3.061224,58800,OK
2025-04-18,9424,日本通信,プライム（内国株式）,情報･通信業,145,155,145,152,8,5.555556,3659900,OK
2025-04-18,9425,ＲｅＹｕｕ　Ｊａｐａｎ,スタンダード（内国株式）,情報･通信業,585,592,571,576,-9,-1.538462,60000,OK
2025-04-18,9428,クロップス,スタンダード（内国株式）,情報･通信業,974,982,961,982,6,0.614754,5600,OK
2025-04-18,9432,日本電信電話,プライム（内国株式）,情報･通信業,149,150.3,148.7,150.3,2.3,1.554054,152519100,OK
2025-04-18,9433,ＫＤＤＩ,プライム（内国株式）,情報･通信業,2550,2567,2540,2555,26.5,1.048052,5894300,OK
2025-04-18,9434,ソフトバンク,プライム（内国株式）,情報･通信業,217,218.6,216.2,218.6,1.9,0.876788,43153900,OK
2025-04-18,94345,ソフトバンク（優先株式）,プライム（内国株式）,情報･通信業,3801,3807,3800,3801,0,0,2400,OK
2025-04-18,94346,ソフトバンク（優先株式）,プライム（内国株式）,情報･通信業,7750,7760,7530,7750,-10,-0.128866,20300,OK
2025-04-18,9435,光通信,プライム（内国株式）,情報･通信業,39690,40700,39650,40700,1400,3.562341,70800,OK
2025-04-18,9436,沖縄セルラー電話,スタンダード（内国株式）,情報･通信業,4170,4225,4170,4205,35,0.839329,35500,OK
2025-04-18,9438,エムティーアイ,プライム（内国株式）,情報･通信業,794,820,794,816,23,2.900378,19900,OK
2025-04-18,9439,エム・エイチ・グループ,スタンダード（内国株式）,サービス業,204,205,203,203,0,0,4200,OK
2025-04-18,9441,ベルパーク,スタンダード（内国株式）,情報･通信業,1550,1558,1545,1558,11,0.711054,1500,OK
2025-04-18,9444,トーシンホールディングス,スタンダード（内国株式）,情報･通信業,620,625,620,625,5,0.806452,8600,OK
2025-04-18,9445,フォーバルテレコム,スタンダード（内国株式）,情報･通信業,453,455,450,455,2,0.441501,2000,OK
2025-04-18,9446,サカイホールディングス,スタンダード（内国株式）,情報･通信業,427,434,426,434,6,1.401869,3300,OK
2025-04-18,9449,ＧＭＯインターネットグループ,プライム（内国株式）,情報･通信業,3485,3487,3298,3409,-6,-0.175695,789600,OK
2025-04-18,9450,ファイバーゲート,プライム（内国株式）,情報･通信業,1015,1032,1010,1029,24,2.38806,48900,OK
2025-04-18,9466,アイドママーケティングコミュニケーション,スタンダード（内国株式）,情報･通信業,247,252,245,251,4,1.619433,16400,OK
2025-04-18,9467,アルファポリス,グロース（内国株式）,情報･通信業,1348,1352,1320,1337,8,0.601956,104900,OK
2025-04-18,9468,ＫＡＤＯＫＡＷＡ,プライム（内国株式）,情報･通信業,3814,3871,3795,3866,53,1.389982,546600,OK
2025-04-18,9470,学研ホールディングス,プライム（内国株式）,情報･通信業,965,980,959,975,19,1.987448,40900,OK
2025-04-18,9474,ゼンリン,プライム（内国株式）,情報･通信業,1125,1157,1125,1152,34,3.041145,148700,OK
2025-04-18,9475,昭文社ホールディングス,スタンダード（内国株式）,情報･通信業,402,403,400,401,0,0,3100,OK
2025-04-18,9476,中央経済社ホールディングス,スタンダード（内国株式）,情報･通信業,509,510,509,510,6,1.190476,1700,OK
2025-04-18,9478,ＳＥホールディングス・アンド・インキュベーションズ,スタンダード（内国株式）,情報･通信業,251,251,248,248,-2,-0.8,55000,OK
2025-04-18,9479,インプレスホールディングス,スタンダード（内国株式）,情報･通信業,172,172,169,170,-1,-0.584795,50300,OK
2025-04-18,9501,東京電力ホールディングス,プライム（内国株式）,電気･ガス業,405.3,442.8,404.6,431.1,25.9,6.391905,78553100,OK
2025-04-18,9502,中部電力,プライム（内国株式）,電気･ガス業,1656.5,1689.5,1653.5,1685,41,2.493917,2213500,OK
2025-04-18,9503,関西電力,プライム（内国株式）,電気･ガス業,1627,1639,1618,1635,18,1.113173,3184000,OK
2025-04-18,9504,中国電力,プライム（内国株式）,電気･ガス業,802,806.7,794.2,801.3,5.3,0.665829,1919700,OK
2025-04-18,9505,北陸電力,プライム（内国株式）,電気･ガス業,746,757.3,741.8,744.9,2.7,0.363783,711200,OK
2025-04-18,9506,東北電力,プライム（内国株式）,電気･ガス業,968,977.1,954.6,961.9,-1.3,-0.134967,2941000,OK
2025-04-18,9507,四国電力,プライム（内国株式）,電気･ガス業,1084,1093,1074.5,1087.5,15,1.398601,362400,OK
2025-04-18,9508,九州電力,プライム（内国株式）,電気･ガス業,1228.5,1236,1217.5,1225.5,4.5,0.36855,1376500,OK
2025-04-18,9509,北海道電力,プライム（内国株式）,電気･ガス業,623.8,642,610,631.8,-13.4,-2.076875,9617600,OK
2025-04-18,9511,沖縄電力,プライム（内国株式）,電気･ガス業,907,926,904,922,20,2.217295,110100,OK
2025-04-18,9513,電源開発,プライム（内国株式）,電気･ガス業,2427,2445,2419.5,2440,33,1.371001,454100,OK
2025-04-18,9514,エフオン,スタンダード（内国株式）,電気･ガス業,316,329,316,329,15,4.77707,43100,OK
2025-04-18,9517,イーレックス,プライム（内国株式）,電気･ガス業,790,806,790,806,24,3.069054,182800,OK
2025-04-18,9519,レノバ,プライム（内国株式）,電気･ガス業,576,587,572,585,13,2.272727,189300,OK
2025-04-18,9531,東京瓦斯,プライム（内国株式）,電気･ガス業,4692,4718,4657,4680,-12,-0.255754,958400,OK
2025-04-18,9532,大阪瓦斯,プライム（内国株式）,電気･ガス業,3408,3459,3397,3447,64,1.891812,550800,OK
2025-04-18,9533,東邦瓦斯,プライム（内国株式）,電気･ガス業,4096,4140,4068,4140,85,2.096178,139300,OK
2025-04-18,9534,北海道瓦斯,プライム（内国株式）,電気･ガス業,513,523,513,523,12,2.348337,95200,OK
2025-04-18,9535,広島ガス,プライム（内国株式）,電気･ガス業,347,349,345,349,7,2.046784,73500,OK
2025-04-18,9536,西部ガスホールディングス,プライム（内国株式）,電気･ガス業,1698,1720,1690,1718,32,1.897983,61500,OK
2025-04-18,9537,北陸瓦斯,スタンダード（内国株式）,電気･ガス業,3540,3555,3540,3555,20,0.565771,500,OK
2025-04-18,9539,京葉瓦斯,スタンダード（内国株式）,電気･ガス業,1198,1199,1133,1190,-5,-0.41841,6700,OK
2025-04-18,9543,静岡ガス,プライム（内国株式）,電気･ガス業,1147,1168,1147,1164,17,1.482127,76200,OK
2025-04-18,9551,メタウォーター,プライム（内国株式）,電気･ガス業,1867,1886,1867,1886,26,1.397849,71100,OK
2025-04-18,9552,Ｍ＆Ａ総研ホールディングス,プライム（内国株式）,サービス業,1122,1256,1115,1256,144,12.94964,1399300,OK
2025-04-18,9553,マイクロアド,グロース（内国株式）,サービス業,308,325,308,325,18,5.863192,268900,OK
2025-04-18,9554,ＡＶｉＣ,グロース（内国株式）,サービス業,1775,1892,1767,1850,80,4.519774,48500,OK
2025-04-18,9556,ＩＮＴＬＯＯＰ,グロース（内国株式）,サービス業,4355,4780,4355,4780,405,9.257143,62200,OK
2025-04-18,9557,エアークローゼット,グロース（内国株式）,サービス業,423,471,411,432,9,2.12766,172100,OK
2025-04-18,9558,ジャパニアス,グロース（内国株式）,サービス業,2034,2035,2015,2030,27,1.347978,2200,OK
2025-04-18,9560,プログリット,グロース（内国株式）,サービス業,995,1053,981,1050,100,10.526316,846500,OK
2025-04-18,9561,グラッドキューブ,グロース（内国株式）,サービス業,772,803,771,799,28,3.631647,42100,OK
2025-04-18,9562,ビジネスコーチ,グロース（内国株式）,サービス業,1475,1536,1475,1512,34,2.300406,6600,OK
2025-04-18,9563,Ａｔｌａｓ　Ｔｅｃｈｎｏｌｏｇｉｅｓ,グロース（内国株式）,サービス業,268,272,268,269,1,0.373134,17500,OK
2025-04-18,9564,ＦＣＥ,スタンダード（内国株式）,サービス業,524,540,524,536,8,1.515152,36100,OK
2025-04-18,9565,ＧＬＯＥ,グロース（内国株式）,サービス業,1229,1229,1145,1172,27,2.358079,85400,OK
2025-04-18,9600,アイネット,プライム（内国株式）,情報･通信業,1804,1898,1804,1883,93,5.195531,22800,OK
2025-04-18,9601,松竹,プライム（内国株式）,情報･通信業,13760,13850,13640,13650,30,0.220264,23200,OK
2025-04-18,9602,東宝,プライム（内国株式）,情報･通信業,8020,8245,7917,8235,321,4.056103,769200,OK
2025-04-18,9603,エイチ・アイ・エス,プライム（内国株式）,サービス業,1669,1688,1653,1674,17,1.025951,366600,OK
2025-04-18,9605,東映,プライム（内国株式）,情報･通信業,4930,4945,4880,4945,75,1.540041,68600,OK
2025-04-18,9610,ウィルソン・ラーニング　ワールドワイド,スタンダード（内国株式）,サービス業,86,87,83,84,-1,-1.176471,442200,OK
2025-04-18,9612,ラックランド,プライム（内国株式）,サービス業,1645,1684,1645,1671,27,1.642336,15200,OK
2025-04-18,9613,ＮＴＴデータグループ,プライム（内国株式）,情報･通信業,2575,2630,2556.5,2620.5,42,1.628854,1538200,OK
2025-04-18,9616,共立メンテナンス,プライム（内国株式）,サービス業,2980,2980,2950.5,2976,26,0.881356,229200,OK
2025-04-18,9619,イチネンホールディングス,プライム（内国株式）,サービス業,1556,1630,1556,1626,71,4.565916,47200,OK
2025-04-18,9621,建設技術研究所,プライム（内国株式）,サービス業,2388,2440,2352,2440,60,2.521008,59100,OK
2025-04-18,9622,スペース,プライム（内国株式）,サービス業,1083,1100,1083,1100,21,1.946247,32000,OK
2025-04-18,9625,セレスポ,スタンダード（内国株式）,サービス業,1021,1021,1005,1014,2,0.197628,8700,OK
2025-04-18,9627,アインホールディングス,プライム（内国株式）,小売業,5203,5297,5203,5297,103,1.983057,113700,OK
2025-04-18,9628,燦ホールディングス,プライム（内国株式）,サービス業,1160,1188,1150,1188,35,3.035559,33100,OK
2025-04-18,9629,ピー・シー・エー,プライム（内国株式）,情報･通信業,1759,1787,1755,1787,43,2.465596,15500,OK
2025-04-18,9632,スバル興業,スタンダード（内国株式）,サービス業,2937,3050,2937,3050,105,3.565365,18100,OK
2025-04-18,9633,東京テアトル,スタンダード（内国株式）,サービス業,1083,1091,1083,1091,8,0.738689,6900,OK
2025-04-18,9635,武蔵野興業,スタンダード（内国株式）,サービス業,2110,2133,2110,2133,-4,-0.187178,200,OK
2025-04-18,9636,きんえい,スタンダード（内国株式）,サービス業,4050,4050,4050,4050,10,0.247525,200,OK
2025-04-18,9639,三協フロンテア,スタンダード（内国株式）,サービス業,1901,1940,1901,1937,35,1.840168,2700,OK
2025-04-18,9640,セゾンテクノロジー,スタンダード（内国株式）,情報･通信業,1740,1741,1740,1740,0,0,300,OK
2025-04-18,9644,タナベコンサルティンググループ,プライム（内国株式）,サービス業,580,612,580,610,30,5.172414,12400,OK
2025-04-18,9647,協和コンサルタンツ,スタンダード（内国株式）,サービス業,6030,6030,6030,6030,110,1.858108,100,OK
2025-04-18,9651,日本プロセス,スタンダード（内国株式）,情報･通信業,1424,1438,1424,1431,6,0.421053,800,OK
2025-04-18,9656,グリーンランドリゾート,スタンダード（内国株式）,サービス業,616,618,615,617,2,0.325203,4600,OK
2025-04-18,9658,ビジネスブレイン太田昭和,プライム（内国株式）,情報･通信業,2568,2675,2566,2675,131,5.149371,24700,OK
2025-04-18,9661,歌舞伎座,スタンダード（内国株式）,サービス業,4500,4500,4455,4475,10,0.223964,2800,OK
2025-04-18,9663,ナガワ,プライム（内国株式）,サービス業,6100,6250,6100,6240,170,2.800659,11700,OK
2025-04-18,9672,東京都競馬,プライム（内国株式）,サービス業,4150,4230,4130,4215,100,2.430134,88300,OK
2025-04-18,9678,カナモト,プライム（内国株式）,サービス業,3145,3205,3130,3200,95,3.059581,52800,OK
2025-04-18,9679,ホウライ,スタンダード（内国株式）,サービス業,1645,1645,1640,1645,5,0.304878,400,OK
2025-04-18,9682,ＤＴＳ,プライム（内国株式）,情報･通信業,3865,3930,3855,3905,50,1.297017,43200,OK
2025-04-18,9684,スクウェア・エニックス・ホールディングス,プライム（内国株式）,情報･通信業,7349,7742,7282,7742,432,5.909713,1271800,OK
2025-04-18,9685,ＫＹＣＯＭホールディングス,スタンダード（内国株式）,情報･通信業,617,617,614,614,0,0,700,OK
2025-04-18,9686,東洋テック,スタンダード（内国株式）,サービス業,1273,1301,1273,1296,-4,-0.307692,2400,OK
2025-04-18,9687,ＫＳＫ,スタンダード（内国株式）,情報･通信業,3005,3035,3005,3035,35,1.166667,1200,OK
2025-04-18,9691,両毛システムズ,スタンダード（内国株式）,情報･通信業,2535,2559,2506,2559,31,1.226266,1200,OK
2025-04-18,9692,シーイーシー,プライム（内国株式）,情報･通信業,2126,2169,2121,2151,49,2.331113,40800,OK
2025-04-18,9696,ウィザス,スタンダード（内国株式）,サービス業,2210,2329,2210,2329,118,5.336952,25600,OK
2025-04-18,9697,カプコン,プライム（内国株式）,情報･通信業,3922,3980,3871,3980,58,1.478837,1387300,OK
2025-04-18,9698,クレオ,スタンダード（内国株式）,情報･通信業,1044,1051,1023,1051,6,0.574163,3600,OK
2025-04-18,9699,ニシオホールディングス,プライム（内国株式）,サービス業,3930,4010,3925,4000,80,2.040816,13000,OK
2025-04-18,9701,東京會舘,スタンダード（内国株式）,サービス業,3850,3850,3850,3850,40,1.049869,100,OK
2025-04-18,9702,アイ・エス・ビー,プライム（内国株式）,情報･通信業,1262,1278,1262,1278,31,2.485966,30500,OK
2025-04-18,9704,アゴーラ　ホスピタリティー　グループ,スタンダード（内国株式）,サービス業,72,74,71,72,-2,-2.702703,6172800,OK
2025-04-18,9706,日本空港ビルデング,プライム（内国株式）,不動産業,3755,3765,3709,3765,48,1.291364,198000,OK
2025-04-18,9708,帝国ホテル,スタンダード（内国株式）,サービス業,891,898,890,897,3,0.33557,38500,OK
2025-04-18,9709,ＮＣＳ＆Ａ,スタンダード（内国株式）,情報･通信業,974,979,940,954,-12,-1.242236,88700,OK
2025-04-18,9713,ロイヤルホテル,スタンダード（内国株式）,サービス業,950,958,942,946,-4,-0.421053,19400,OK
2025-04-18,9715,トランス・コスモス,プライム（内国株式）,サービス業,3080,3130,3075,3115,55,1.797386,30900,OK
2025-04-18,9716,乃村工藝社,プライム（内国株式）,サービス業,845,859,837,851,14,1.67264,288900,OK
2025-04-18,9719,ＳＣＳＫ,プライム（内国株式）,情報･通信業,3700,3795,3684,3772,81,2.194527,522200,OK
2025-04-18,9720,ホテル、ニューグランド,スタンダード（内国株式）,サービス業,5840,5880,5840,5880,100,1.730104,200,OK
2025-04-18,9722,藤田観光,プライム（内国株式）,サービス業,8950,9060,8920,9040,170,1.916573,37900,OK
2025-04-18,9723,京都ホテル,スタンダード（内国株式）,サービス業,719,723,702,717,-5,-0.692521,4800,OK
2025-04-18,9726,ＫＮＴ−ＣＴホールディングス,スタンダード（内国株式）,サービス業,1139,1180,1136,1177,39,3.427065,17600,OK
2025-04-18,9729,トーカイ,プライム（内国株式）,サービス業,2033,2122,2033,2122,118,5.888224,20500,OK
2025-04-18,9731,白洋舎,スタンダード（内国株式）,サービス業,2839,2899,2833,2880,53,1.874779,6400,OK
2025-04-18,9733,ナガセ,スタンダード（内国株式）,サービス業,1789,1839,1789,1824,39,2.184874,25000,OK
2025-04-18,9735,セコム,プライム（内国株式）,サービス業,5201,5279,5179,5264,62,1.191849,437300,OK
2025-04-18,9739,ＮＳＷ,プライム（内国株式）,情報･通信業,3000,3080,3000,3080,88,2.941176,12700,OK
2025-04-18,9740,セントラル警備保障,プライム（内国株式）,サービス業,2544,2560,2530,2553,41,1.632166,7100,OK
2025-04-18,9742,アイネス,プライム（内国株式）,情報･通信業,1550,1588,1550,1588,61,3.994761,12800,OK
2025-04-18,9743,丹青社,プライム（内国株式）,サービス業,1022,1045,1018,1038,23,2.26601,252100,OK
2025-04-18,9744,メイテックグループホールディングス,プライム（内国株式）,サービス業,2885,2907.5,2879.5,2907,36,1.253918,193100,OK
2025-04-18,9746,ＴＫＣ,プライム（内国株式）,情報･通信業,3870,3965,3870,3960,110,2.857143,80400,OK
2025-04-18,9749,富士ソフト,プライム（内国株式）,情報･通信業,9807,9820,9802,9803,1,0.010202,33200,OK
2025-04-18,9753,アイエックス・ナレッジ,スタンダード（内国株式）,情報･通信業,998,1013,976,1013,9,0.896414,7000,OK
2025-04-18,9755,応用地質,プライム（内国株式）,サービス業,2577,2644,2577,2623,46,1.785021,31900,OK
2025-04-18,9757,船井総研ホールディングス,プライム（内国株式）,サービス業,2270,2278,2255,2271,30,1.338688,40500,OK
2025-04-18,9759,ＮＳＤ,プライム（内国株式）,情報･通信業,3400,3462,3397,3458,87,2.580837,112300,OK
2025-04-18,9760,進学会ホールディングス,スタンダード（内国株式）,サービス業,169,176,165,170,2,1.190476,150000,OK
2025-04-18,9761,東海リース,スタンダード（内国株式）,サービス業,1997,1997,1971,1986,20,1.017294,2700,OK
2025-04-18,9763,丸紅建材リース,スタンダード（内国株式）,卸売業,2906,2940,2906,2940,49,1.694915,6800,OK
2025-04-18,9765,オオバ,プライム（内国株式）,サービス業,1043,1066,1042,1062,19,1.821668,57300,OK
2025-04-18,9766,コナミグループ,プライム（内国株式）,情報･通信業,19145,19950,19050,19935,780,4.072044,490100,OK
2025-04-18,9767,日建工学,スタンダード（内国株式）,サービス業,1336,1366,1336,1364,-2,-0.146413,500,OK
2025-04-18,9768,いであ,スタンダード（内国株式）,サービス業,2705,2734,2689,2728,39,1.450353,15400,OK
2025-04-18,9769,学究社,プライム（内国株式）,サービス業,2143,2193,2143,2190,67,3.155911,11300,OK
2025-04-18,9776,札幌臨床検査センター,スタンダード（内国株式）,サービス業,994,998,983,983,-22,-2.189055,2100,OK
2025-04-18,9778,昴,スタンダード（内国株式）,サービス業,7330,7330,7330,7330,-30,-0.407609,200,OK
2025-04-18,9780,ハリマビステム,スタンダード（内国株式）,サービス業,696,703,696,698,-2,-0.285714,1900,OK
2025-04-18,9782,ディーエムエス,スタンダード（内国株式）,サービス業,2801,2861,2801,2857,56,1.999286,7700,OK
2025-04-18,9787,イオンディライト,プライム（内国株式）,サービス業,5400,5400,5390,5390,0,0,38300,OK
2025-04-18,9788,ナック,プライム（内国株式）,サービス業,586,598,586,596,11,1.880342,25600,OK
2025-04-18,9790,福井コンピュータホールディングス,プライム（内国株式）,情報･通信業,3385,3545,3385,3540,170,5.04451,29800,OK
2025-04-18,9791,ビケンテクノ,スタンダード（内国株式）,サービス業,991,992,980,987,11,1.127049,1300,OK
2025-04-18,9793,ダイセキ,プライム（内国株式）,サービス業,3600,3675,3570,3650,65,1.81311,86600,OK
2025-04-18,9795,ステップ,プライム（内国株式）,サービス業,2304,2370,2300,2370,100,4.405286,16200,OK
2025-04-18,9799,旭情報サービス,スタンダード（内国株式）,情報･通信業,954,970,954,954,-3,-0.31348,3900,OK
2025-04-18,9812,テーオーホールディングス,スタンダード（内国株式）,卸売業,371,386,368,377,12,3.287671,88400,OK
2025-04-18,9816,ストライダーズ,スタンダード（内国株式）,不動産業,249,250,245,246,2,0.819672,3200,OK
2025-04-18,9818,大丸エナウィン,スタンダード（内国株式）,卸売業,,,,,,,,NO_QUOTE
2025-04-18,9820,エムティジェネックス,スタンダード（内国株式）,不動産業,2489,2489,2454,2454,-4,-0.162734,300,OK
2025-04-18,9823,マミーマート,スタンダード（内国株式）,小売業,5130,5280,5130,5230,80,1.553398,4300,OK
2025-04-18,9824,泉州電業,プライム（内国株式）,卸売業,4090,4145,4075,4145,70,1.717791,41100,OK
2025-04-18,9827,リリカラ,スタンダード（内国株式）,卸売業,550,562,544,560,9,1.633394,71200,OK
2025-04-18,9828,Ｇｅｎｋｉ　Ｇｌｏｂａｌ　Ｄｉｎｉｎｇ　Ｃｏｎｃｅｐｔｓ,スタンダード（内国株式）,小売業,3350,3410,3340,3390,65,1.954887,30600,OK
2025-04-18,9830,トラスコ中山,プライム（内国株式）,卸売業,1839,1871,1837,1863,34,1.858939,77300,OK
2025-04-18,9831,ヤマダホールディングス,プライム（内国株式）,小売業,434.6,438.3,433,438.3,8,1.859168,3406800,OK
2025-04-18,9832,オートバックスセブン,プライム（内国株式）,卸売業,1446,1454,1445,1450,6,0.415512,143300,OK
2025-04-18,9835,ジュンテンドー,スタンダード（内国株式）,小売業,500,501,493,496,-3,-0.601202,4600,OK
2025-04-18,9837,モリト,プライム（内国株式）,卸売業,1394,1418,1386,1418,32,2.308802,49500,OK
2025-04-18,9842,アークランズ,プライム（内国株式）,小売業,1755,1777,1754,1777,29,1.659039,199500,OK
2025-04-18,9843,ニトリホールディングス,プライム（内国株式）,小売業,16990,17310,16845,17300,425,2.518519,907600,OK
2025-04-18,9845,パーカーコーポレーション,スタンダード（内国株式）,化学,753,772,753,772,18,2.387268,2400,OK
2025-04-18,9846,天満屋ストア,スタンダード（内国株式）,小売業,956,957,955,956,-3,-0.312826,2300,OK
2025-04-18,9849,共同紙販ホールディングス,スタンダード（内国株式）,卸売業,4565,4635,4565,4635,70,1.533406,200,OK
2025-04-18,9850,グルメ杵屋,プライム（内国株式）,小売業,1004,1011,1002,1011,15,1.506024,23400,OK
2025-04-18,9852,ＣＢグループマネジメント,スタンダード（内国株式）,卸売業,,,,,,,,NO_QUOTE
2025-04-18,9853,銀座ルノアール,スタンダード（内国株式）,小売業,912,927,904,912,0,0,3400,OK
2025-04-18,9854,愛眼,スタンダード（内国株式）,小売業,147,149,145,148,-1,-0.671141,55900,OK
2025-04-18,9856,ケーユーホールディングス,スタンダード（内国株式）,小売業,1040,1064,1040,1063,24,2.309913,35600,OK
2025-04-18,9857,英和,スタンダード（内国株式）,卸売業,2053,2053,2013,2042,-11,-0.535801,400,OK
2025-04-18,9861,吉野家ホールディングス,プライム（内国株式）,小売業,3300,3331,3264,3320,43,1.312176,396400,OK
2025-04-18,9867,ソレキア,スタンダード（内国株式）,卸売業,5330,5350,5330,5340,-10,-0.186916,700,OK
2025-04-18,9869,加藤産業,プライム（内国株式）,卸売業,5070,5160,5070,5150,100,1.980198,28300,OK
2025-04-18,9872,北恵,スタンダード（内国株式）,卸売業,815,816,811,812,2,0.246914,7500,OK
2025-04-18,9876,コックス,スタンダード（内国株式）,小売業,196,200,196,199,3,1.530612,37100,OK
2025-04-18,9878,セキド,スタンダード（内国株式）,小売業,714,717,710,711,0,0,2000,OK
2025-04-18,9880,イノテック,プライム（内国株式）,電気機器,1145,1175,1145,1173,28,2.445415,37300,OK
2025-04-18,9882,イエローハット,プライム（内国株式）,卸売業,1355,1378,1345,1378,28,2.074074,126600,OK
2025-04-18,9885,シャルレ,スタンダード（内国株式）,卸売業,351,402,351,402,52,14.857143,668400,OK
2025-04-18,9887,松屋フーズホールディングス,プライム（内国株式）,小売業,6070,6100,6040,6090,60,0.995025,12800,OK
2025-04-18,9888,ＵＥＸ,スタンダード（内国株式）,卸売業,702,717,702,716,15,2.1398,14400,OK
2025-04-18,9889,ＪＢＣＣホールディングス,プライム（内国株式）,情報･通信業,1141,1200,1134,1200,77,6.856634,265800,OK
2025-04-18,9890,マキヤ,スタンダード（内国株式）,小売業,1014,1018,1000,1006,-8,-0.788955,4000,OK
2025-04-18,9895,コンセック,スタンダード（内国株式）,卸売業,1170,1187,1170,1175,-8,-0.676247,800,OK
2025-04-18,9896,ＪＫホールディングス,スタンダード（内国株式）,卸売業,1003,1023,1002,1023,32,3.229062,17900,OK
2025-04-18,9900,サガミホールディングス,プライム（内国株式）,小売業,1703,1711,1699,1711,20,1.182732,63600,OK
2025-04-18,9902,日伝,プライム（内国株式）,卸売業,2852,2967,2846,2959,135,4.780453,17300,OK
2025-04-18,9903,カンセキ,スタンダード（内国株式）,小売業,870,902,830,865,-5,-0.574713,18700,OK
2025-04-18,9904,ベリテ,スタンダード（内国株式）,小売業,355,355,351,355,1,0.282486,5900,OK
2025-04-18,9906,藤井産業,スタンダード（内国株式）,卸売業,2438,2441,2438,2440,52,2.177554,1000,OK
2025-04-18,9908,日本電計,スタンダード（内国株式）,卸売業,1822,1866,1822,1853,35,1.925193,11100,OK
2025-04-18,9913,日邦産業,スタンダード（内国株式）,卸売業,2260,2260,2256,2256,-4,-0.176991,200,OK
2025-04-18,9914,植松商会,スタンダード（内国株式）,卸売業,,,,,,,,NO_QUOTE
2025-04-18,9927,ワットマン,スタンダード（内国株式）,小売業,777,800,777,800,30,3.896104,1100,OK
2025-04-18,9928,ミロク情報サービス,プライム（内国株式）,情報･通信業,1785,1801,1764,1800,30,1.694915,15700,OK
2025-04-18,9929,平和紙業,スタンダード（内国株式）,卸売業,423,434,418,425,4,0.950119,18800,OK
2025-04-18,9930,北沢産業,スタンダード（内国株式）,卸売業,372,372,366,366,-6,-1.612903,12500,OK
2025-04-18,9932,杉本商事,プライム（内国株式）,卸売業,1170,1205,1170,1200,44,3.806228,16300,OK
2025-04-18,9934,因幡電機産業,プライム（内国株式）,卸売業,3670,3739,3656,3730,93,2.557053,59000,OK
2025-04-18,9936,王将フードサービス,プライム（内国株式）,小売業,3260,3275,3245,3265,10,0.30722,50600,OK
2025-04-18,9941,太洋物産,スタンダード（内国株式）,卸売業,1000,1000,955,999,17,1.731161,41400,OK
2025-04-18,9946,ミニストップ,プライム（内国株式）,小売業,1800,1842,1800,1835,35,1.944444,51000,OK
2025-04-18,9948,アークス,プライム（内国株式）,小売業,2838,2881,2830,2877,65,2.311522,75100,OK
2025-04-18,9950,ハチバン,スタンダード（内国株式）,小売業,3395,3410,3395,3410,10,0.294118,1300,OK
2025-04-18,9955,ヨンキュウ,スタンダード（内国株式）,卸売業,2118,2118,2100,2102,-4,-0.189934,3000,OK
2025-04-18,9956,バローホールディングス,プライム（内国株式）,小売業,2450,2468,2431,2461,50,2.073828,55600,OK
2025-04-18,9959,アシードホールディングス,スタンダード（内国株式）,小売業,690,690,685,690,4,0.58309,900,OK
2025-04-18,9960,東テク,プライム（内国株式）,卸売業,2449,2530,2445,2522,71,2.896777,48900,OK
2025-04-18,9962,ミスミグループ本社,プライム（内国株式）,卸売業,2101.5,2142.5,2031.5,2100,-75,-3.448276,3544300,OK
2025-04-18,9969,ショクブン,スタンダード（内国株式）,小売業,235,235,231,234,0,0,7600,OK
2025-04-18,9972,アルテック,スタンダード（内国株式）,卸売業,232,245,224,231,-1,-0.431034,105700,OK
2025-04-18,9973,ＫＯＺＯホールディングス,スタンダード（内国株式）,小売業,18,18,17,17,0,0,539500,OK
2025-04-18,9974,ベルク,プライム（内国株式）,小売業,7000,7130,6940,7100,190,2.749638,23300,OK
2025-04-18,9976,セキチュー,スタンダード（内国株式）,小売業,956,979,956,979,29,3.052632,1000,OK
2025-04-18,9978,文教堂グループホールディングス,スタンダード（内国株式）,小売業,48,49,48,49,2,4.255319,313000,OK
2025-04-18,9979,大庄,スタンダード（内国株式）,小売業,1117,1135,1117,1133,17,1.523297,31500,OK
2025-04-18,9980,ＭＲＫホールディングス,スタンダード（内国株式）,小売業,83,90,79,89,6,7.228916,1819300,OK
2025-04-18,9982,タキヒヨー,スタンダード（内国株式）,卸売業,1397,1408,1394,1394,-3,-0.214746,3600,OK
2025-04-18,9983,ファーストリテイリング,プライム（内国株式）,小売業,45660,47220,45560,47070,1270,2.772926,896400,OK
2025-04-18,9984,ソフトバンクグループ,プライム（内国株式）,情報･通信業,6870,6909,6749,6810,-3,-0.044033,4383300,OK
2025-04-18,9986,蔵王産業,スタンダード（内国株式）,卸売業,2381,2400,2380,2400,26,1.095198,3000,OK
2025-04-18,9987,スズケン,プライム（内国株式）,卸売業,4858,4922,4848,4900,57,1.176956,85300,OK
2025-04-18,9989,サンドラッグ,プライム（内国株式）,小売業,4647,4700,4603,4700,110,2.396514,273600,OK
2025-04-18,9990,サックスバー　ホールディングス,プライム（内国株式）,小売業,808,827,807,827,29,3.634085,25900,OK
2025-04-18,9991,ジェコス,プライム（内国株式）,卸売業,1009,1029,1005,1029,25,2.49004,42000,OK
2025-04-18,9993,ヤマザワ,スタンダード（内国株式）,小売業,1146,1150,1140,1146,1,0.087336,6300,OK
2025-04-18,9994,やまや,スタンダード（内国株式）,小売業,2817,2830,2817,2823,12,0.426894,2300,OK
2025-04-18,9996,サトー商会,スタンダード（内国株式）,卸売業,1850,1887,1850,1851,-10,-0.537346,2700,OK
2025-04-18,9997,ベルーナ,プライム（内国株式）,小売業,919,942,919,942,28,3.063457,129700,OK
