日付,銘柄コード,銘柄名,市場・商品区分,33業種区分,始値,高値,安値,終値,前日比,前日比％,売買高(株),取得状態
2025-06-17,1301,極洋,プライム（内国株式）,水産・農林業,4510,4515,4435,4445,-70,-1.550388,36500,OK
2025-06-17,130A,Ｖｅｒｉｔａｓ　Ｉｎ　Ｓｉｌｉｃｏ,グロース（内国株式）,医薬品,736,736,665,676,-33,-4.654443,331200,OK
2025-06-17,131A,ＣＣＮグループ,TOKYO PRO MARKET（内国株式）,情報･通信業,,,,,,,,NO_QUOTE
2025-06-17,132A,アイエヌホールディングス,TOKYO PRO MARKET（内国株式）,陸運業,,,,,,,,NO_QUOTE
2025-06-17,1332,ニッスイ,プライム（内国株式）,水産・農林業,864.2,874.9,858,858.7,16.7,1.983373,1670100,OK
2025-06-17,1333,マルハニチロ,プライム（内国株式）,水産・農林業,3052,3056,3025,3028,-8,-0.263505,161000,OK
2025-06-17,134A,アプライズ,TOKYO PRO MARKET（内国株式）,サービス業,,,,,,,,NO_QUOTE
2025-06-17,135A,ＶＲＡＩＮ　Ｓｏｌｕｔｉｏｎ,グロース（内国株式）,情報･通信業,2948,2980,2841,2892,-22,-0.754976,193400,OK
2025-06-17,136A,三興商事,TOKYO PRO MARKET（内国株式）,建設業,,,,,,,,NO_QUOTE
2025-06-17,1375,ユキグニファクトリー,プライム（内国株式）,水産・農林業,1106,1114,1099,1110,12,1.092896,42700,OK
2025-06-17,1376,カネコ種苗,スタンダード（内国株式）,水産・農林業,1365,1371,1365,1371,6,0.43956,2900,OK
2025-06-17,1377,サカタのタネ,プライム（内国株式）,水産・農林業,3380,3385,3350,3385,10,0.296296,45100,OK
2025-06-17,1379,ホクト,プライム（内国株式）,水産・農林業,1813,1828,1806,1817,4,0.220629,39400,OK
2025-06-17,137A,Ｃｏｃｏｌｉｖｅ,グロース（内国株式）,情報･通信業,1313,1356,1297,1356,35,2.649508,9500,OK
2025-06-17,1380,秋川牧園,スタンダード（内国株式）,水産・農林業,979,983,979,983,-5,-0.506073,600,OK
2025-06-17,1381,アクシーズ,スタンダード（内国株式）,水産・農林業,3080,3080,3050,3050,0,0,1500,OK
2025-06-17,1382,ホーブ,スタンダード（内国株式）,水産・農林業,1981,2048,1981,1984,-16,-0.8,7900,OK
2025-06-17,1383,ベルグアース,スタンダード（内国株式）,水産・農林業,2944,2945,2920,2921,-24,-0.814941,2600,OK
2025-06-17,1384,ホクリヨウ,スタンダード（内国株式）,水産・農林業,1419,1432,1419,1425,6,0.422833,13700,OK
2025-06-17,138A,光フードサービス,グロース（内国株式）,小売業,1915,1915,1863,1863,3,0.16129,2000,OK
2025-06-17,139A,東日本地所,TOKYO PRO MARKET（内国株式）,不動産業,,,,,,,,NO_QUOTE
2025-06-17,1401,エムビーエス,グロース（内国株式）,建設業,1130,1400,1128,1400,300,27.272727,947100,OK
2025-06-17,1407,ウエストホールディングス,スタンダード（内国株式）,建設業,1524,1563,1524,1563,42,2.761341,138700,OK
2025-06-17,1414,ショーボンドホールディングス,プライム（内国株式）,建設業,4791,4818,4742,4757,-70,-1.450176,276900,OK
2025-06-17,1417,ミライト・ワン,プライム（内国株式）,建設業,2465,2497,2465,2484,21,0.852619,231300,OK
2025-06-17,1418,インターライフホールディングス,スタンダード（内国株式）,建設業,402,407,397,407,7,1.75,32600,OK
2025-06-17,1419,タマホーム,プライム（内国株式）,建設業,3315,3330,3295,3320,5,0.15083,146300,OK
2025-06-17,141A,トライアルホールディングス,グロース（内国株式）,小売業,2118,2128,2069,2091,-17,-0.806452,661400,OK
2025-06-17,1420,サンヨーホームズ,スタンダード（内国株式）,建設業,686,688,684,685,-1,-0.145773,4600,OK
2025-06-17,1429,日本アクア,プライム（内国株式）,建設業,788,792,786,788,0,0,25800,OK
2025-06-17,142A,ジンジブ,グロース（内国株式）,サービス業,561,563,546,553,-12,-2.123894,18400,OK
2025-06-17,1430,ファーストコーポレーション,スタンダード（内国株式）,建設業,847,849,844,849,3,0.35461,16400,OK
2025-06-17,1431,Ｌｉｂ　Ｗｏｒｋ,グロース（内国株式）,建設業,698,700,697,698,-1,-0.143062,16100,OK
2025-06-17,1432,動力,TOKYO PRO MARKET（内国株式）,建設業,,,,,,,,NO_QUOTE
2025-06-17,1433,ベステラ,プライム（内国株式）,建設業,1118,1122,1095,1111,-11,-0.980392,131300,OK
2025-06-17,1434,ＪＥＳＣＯホールディングス,スタンダード（内国株式）,建設業,912,912,903,905,-12,-1.308615,11300,OK
2025-06-17,1435,ｒｏｂｏｔ　ｈｏｍｅ,スタンダード（内国株式）,不動産業,149,152,148,150,2,1.351351,300100,OK
2025-06-17,1436,グリーンエナジー＆カンパニー,グロース（内国株式）,建設業,2187,2191,2162,2173,-3,-0.137868,7200,OK
2025-06-17,1438,岐阜造園,スタンダード（内国株式）,建設業,1917,1917,1917,1917,28,1.482266,1700,OK
2025-06-17,143A,イシン,グロース（内国株式）,サービス業,1281,1329,1227,1241,-100,-7.457122,181800,OK
2025-06-17,1443,技研ホールディングス,スタンダード（内国株式）,建設業,197,199,195,198,1,0.507614,135200,OK
2025-06-17,1444,ニッソウ,グロース（内国株式）,建設業,2819,2843,2803,2830,10,0.35461,2300,OK
2025-06-17,1445,ひかりホールディングス,TOKYO PRO MARKET（内国株式）,建設業,,,,,,,,NO_QUOTE
2025-06-17,1446,キャンディル,スタンダード（内国株式）,建設業,563,565,560,562,-1,-0.17762,6200,OK
2025-06-17,1447,ＳＡＡＦホールディングス,グロース（内国株式）,建設業,263,263,260,261,-1,-0.381679,35800,OK
2025-06-17,144A,エネルギーパワー,TOKYO PRO MARKET（内国株式）,建設業,,,,,,,,NO_QUOTE
2025-06-17,1450,ＴＡＮＡＫＥＮ,スタンダード（内国株式）,建設業,1400,1413,1385,1404,29,2.109091,21300,OK
2025-06-17,1452,横浜ライト工業,TOKYO PRO MARKET（内国株式）,建設業,,,,,,,,NO_QUOTE
2025-06-17,145A,Ｌ　ｉｓ　Ｂ,グロース（内国株式）,情報･通信業,876,890,865,881,12,1.380898,38600,OK
2025-06-17,146A,コロンビア・ワークス,スタンダード（内国株式）,不動産業,4985,4990,4845,4985,70,1.424212,15700,OK
2025-06-17,147A,ソラコム,グロース（内国株式）,情報･通信業,834,839,830,836,7,0.844391,38800,OK
2025-06-17,148A,ハッチ・ワーク,グロース（内国株式）,情報･通信業,2295,2477,2295,2455,210,9.35412,39700,OK
2025-06-17,1491,中外鉱業,スタンダード（内国株式）,非鉄金属,50,52,50,51,1,2,1203400,OK
2025-06-17,149A,シンカ,グロース（内国株式）,情報･通信業,1151,1151,1126,1127,-24,-2.085143,3600,OK
2025-06-17,150A,ＪＳＨ,グロース（内国株式）,サービス業,490,493,483,487,-6,-1.217039,8100,OK
2025-06-17,1514,住石ホールディングス,スタンダード（内国株式）,鉱業,679,681,658,663,-10,-1.485884,357000,OK
2025-06-17,1515,日鉄鉱業,プライム（内国株式）,鉱業,7550,7620,7510,7610,90,1.196809,21000,OK
2025-06-17,1518,三井松島ホールディングス,プライム（内国株式）,その他製品,4600,4645,4565,4620,15,0.325733,51100,OK
2025-06-17,151A,ダイブ,グロース（内国株式）,サービス業,917,934,914,921,4,0.436205,22200,OK
2025-06-17,152A,オプティ,TOKYO PRO MARKET（内国株式）,卸売業,,,,,,,,NO_QUOTE
2025-06-17,153A,カウリス,グロース（内国株式）,情報･通信業,1950,2060,1904,1935,-77,-3.827038,433400,OK
2025-06-17,154A,ＧＡＩＡ,TOKYO PRO MARKET（内国株式）,その他金融業,,,,,,,,NO_QUOTE
2025-06-17,155A,情報戦略テクノロジー,グロース（内国株式）,情報･通信業,494,504,494,494,0,0,14700,OK
2025-06-17,156A,マテリアルグループ,グロース（内国株式）,サービス業,770,786,762,777,7,0.909091,85200,OK
2025-06-17,157A,グリーンモンスター,グロース（内国株式）,サービス業,514,529,514,529,12,2.321083,2600,OK
2025-06-17,158A,エクセリ,TOKYO PRO MARKET（内国株式）,小売業,,,,,,,,NO_QUOTE
2025-06-17,1605,ＩＮＰＥＸ,プライム（内国株式）,鉱業,2096.5,2133,2087.5,2114.5,0.5,0.023652,8651800,OK
2025-06-17,160A,アズパートナーズ,スタンダード（内国株式）,サービス業,2540,2540,2477,2478,-41,-1.62763,10700,OK
2025-06-17,161A,三葉,TOKYO PRO MARKET（内国株式）,サービス業,,,,,,,,NO_QUOTE
2025-06-17,164A,アップルパーク,TOKYO PRO MARKET（内国株式）,不動産業,,,,,,,,NO_QUOTE
2025-06-17,165A,ＳＢＩレオスひふみ,グロース（内国株式）,証券･商品先物取引業,194,194,190,191,-2,-1.036269,154600,OK
2025-06-17,1662,石油資源開発,プライム（内国株式）,鉱業,1044,1069,1041,1057,6,0.570885,1748200,OK
2025-06-17,1663,Ｋ＆Ｏエナジーグループ,プライム（内国株式）,鉱業,2966,3040,2952,3025,59,1.989211,185500,OK
2025-06-17,166A,タスキホールディングス,グロース（内国株式）,不動産業,666,668,657,662,-3,-0.451128,276800,OK
2025-06-17,167A,リョーサン菱洋ホールディングス,プライム（内国株式）,卸売業,2530,2553,2518,2546,16,0.632411,93300,OK
2025-06-17,168A,イタミアート,グロース（内国株式）,その他製品,1103,1105,1070,1070,-27,-2.461258,13100,OK
2025-06-17,1711,ＳＤＳホールディングス,スタンダード（内国株式）,建設業,239,250,239,249,9,3.75,50100,OK
2025-06-17,1712,ダイセキ環境ソリューション,スタンダード（内国株式）,建設業,1092,1099,1080,1096,-1,-0.091158,40100,OK
2025-06-17,1716,第一カッター興業,スタンダード（内国株式）,建設業,1335,1346,1331,1337,-28,-2.051282,28200,OK
2025-06-17,1717,明豊ファシリティワークス,スタンダード（内国株式）,サービス業,954,954,948,950,-1,-0.105152,7300,OK
2025-06-17,1718,美樹工業,スタンダード（内国株式）,建設業,6220,6530,6210,6530,310,4.983923,4600,OK
2025-06-17,1719,安藤・間,プライム（内国株式）,建設業,1444,1452,1441,1450,2,0.138122,329700,OK
2025-06-17,171A,ゼロジャパン,TOKYO PRO MARKET（内国株式）,卸売業,,,,,,,,NO_QUOTE
2025-06-17,1720,東急建設,プライム（内国株式）,建設業,1018,1028,1010,1025,5,0.490196,513000,OK
2025-06-17,1721,コムシスホールディングス,プライム（内国株式）,建設業,3265,3293,3265,3276,-1,-0.030516,377400,OK
2025-06-17,1723,日本電技,スタンダード（内国株式）,建設業,4450,4575,4365,4570,130,2.927928,58900,OK
2025-06-17,1724,シンクレイヤ,スタンダード（内国株式）,建設業,649,657,645,645,-4,-0.616333,14000,OK
2025-06-17,1726,ビーアールホールディングス,プライム（内国株式）,建設業,328,329,327,327,-1,-0.304878,20200,OK
2025-06-17,172A,ネオホーム,TOKYO PRO MARKET（内国株式）,不動産業,,,,,,,,NO_QUOTE
2025-06-17,1736,オーテック,スタンダード（内国株式）,建設業,1300,1305,1295,1301,8,0.618716,6100,OK
2025-06-17,173A,ハンモック,グロース（内国株式）,情報･通信業,1661,1665,1661,1661,0,0,600,OK
2025-06-17,1743,コーアツ工業,スタンダード（内国株式）,建設業,1521,1540,1508,1535,0,0,4300,OK
2025-06-17,1757,創建エース,スタンダード（内国株式）,建設業,20,22,20,22,2,10,1612500,OK
2025-06-17,1758,太洋基礎工業,スタンダード（内国株式）,建設業,1884,1884,1872,1872,-11,-0.584174,1400,OK
2025-06-17,175A,Ｗｉｌｌ　Ｓｍａｒｔ,グロース（内国株式）,情報･通信業,801,814,801,813,8,0.993789,1300,OK
2025-06-17,1762,高松コンストラクショングループ,プライム（内国株式）,建設業,2851,2885,2826,2830,-11,-0.387188,24400,OK
2025-06-17,1764,工藤建設,スタンダード（内国株式）,建設業,2880,2924,2874,2924,26,0.89717,400,OK
2025-06-17,1766,東建コーポレーション,プライム（内国株式）,建設業,13760,14020,13520,13700,120,0.883652,44300,OK
2025-06-17,1768,ソネック,スタンダード（内国株式）,建設業,908,908,905,905,0,0,1500,OK
2025-06-17,176A,レジル,グロース（内国株式）,電気･ガス業,2220,2250,2169,2248,53,2.414579,64300,OK
2025-06-17,1770,藤田エンジニアリング,スタンダード（内国株式）,建設業,1450,1459,1450,1459,-12,-0.815772,1400,OK
2025-06-17,1776,三井住建道路,スタンダード（内国株式）,建設業,1480,1492,1457,1482,32,2.206897,13500,OK
2025-06-17,177A,コージンバイオ,グロース（内国株式）,化学,1746,1769,1746,1746,-21,-1.188455,4100,OK
2025-06-17,1780,ヤマウラ,プライム（内国株式）,建設業,1212,1219,1206,1219,7,0.577558,9800,OK
2025-06-17,1783,ｆａｎｔａｓｉｓｔａ,スタンダード（内国株式）,不動産業,42,45,41,44,2,4.761905,1673800,OK
2025-06-17,1786,オリエンタル白石,プライム（内国株式）,建設業,366,367,362,363,-3,-0.819672,371800,OK
2025-06-17,1787,ナカボーテック,スタンダード（内国株式）,建設業,5400,5450,5350,5400,50,0.934579,1200,OK
2025-06-17,1788,三東工業社,スタンダード（内国株式）,建設業,4020,4045,4010,4010,0,0,600,OK
2025-06-17,1793,大本組,スタンダード（内国株式）,建設業,1175,1177,1160,1176,-1,-0.084962,1600,OK
2025-06-17,1795,マサル,スタンダード（内国株式）,建設業,4000,4000,4000,4000,0,0,300,OK
2025-06-17,1798,守谷商会,スタンダード（内国株式）,建設業,,,,,,,,NO_QUOTE
2025-06-17,1799,第一建設工業,スタンダード（内国株式）,建設業,2765,2844,2757,2836,62,2.23504,6900,OK
2025-06-17,1801,大成建設,プライム（内国株式）,建設業,8009,8047,7959,8010,-12,-0.149589,319900,OK
2025-06-17,1802,大林組,プライム（内国株式）,建設業,2196,2203.5,2179.5,2197,-10,-0.453104,1017500,OK
2025-06-17,1803,清水建設,プライム（内国株式）,建設業,1595,1601,1581,1594,-7,-0.437227,1482000,OK
2025-06-17,1807,佐藤渡辺,スタンダード（内国株式）,建設業,1675,1675,1675,1675,-4,-0.238237,100,OK
2025-06-17,1808,長谷工コーポレーション,プライム（内国株式）,建設業,2136.5,2144.5,2128,2143,1.5,0.070044,289000,OK
2025-06-17,1810,松井建設,スタンダード（内国株式）,建設業,1109,1113,1070,1079,-31,-2.792793,30800,OK
2025-06-17,1811,錢高組,スタンダード（内国株式）,建設業,4205,4210,4155,4200,15,0.358423,900,OK
2025-06-17,1812,鹿島建設,プライム（内国株式）,建設業,3650,3665,3624,3654,0,0,926600,OK
2025-06-17,1813,不動テトラ,プライム（内国株式）,建設業,2181,2202,2171,2201,19,0.870761,45900,OK
2025-06-17,1814,大末建設,プライム（内国株式）,建設業,2204,2209,2165,2169,-35,-1.588022,52700,OK
2025-06-17,1815,鉄建建設,プライム（内国株式）,建設業,2799,2799,2774,2779,3,0.108069,15900,OK
2025-06-17,1820,西松建設,プライム（内国株式）,建設業,4871,4906,4856,4891,-6,-0.122524,81700,OK
2025-06-17,1821,三井住友建設,プライム（内国株式）,建設業,595,596,595,595,0,0,643600,OK
2025-06-17,1822,大豊建設,スタンダード（内国株式）,建設業,798,800,786,789,-8,-1.003764,71200,OK
2025-06-17,1826,佐田建設,スタンダード（内国株式）,建設業,1104,1104,1094,1096,-5,-0.454133,25000,OK
2025-06-17,1827,ナカノフドー建設,スタンダード（内国株式）,建設業,729,734,716,726,-5,-0.683995,53900,OK
2025-06-17,1828,田辺工業,スタンダード（内国株式）,建設業,2230,2252,2191,2207,-17,-0.764388,23800,OK
2025-06-17,1833,奥村組,プライム（内国株式）,建設業,4250,4275,4235,4255,-20,-0.467836,74700,OK
2025-06-17,1835,東鉄工業,プライム（内国株式）,建設業,3655,3680,3630,3665,-25,-0.677507,61600,OK
2025-06-17,1840,土屋ホールディングス,スタンダード（内国株式）,建設業,229,231,225,228,0,0,85400,OK
2025-06-17,1841,サンユー建設,スタンダード（内国株式）,建設業,1115,1115,1112,1112,-25,-2.198769,600,OK
2025-06-17,1844,大盛工業,スタンダード（内国株式）,建設業,413,434,411,426,10,2.403846,682900,OK
2025-06-17,1847,イチケン,スタンダード（内国株式）,建設業,3055,3115,3030,3110,55,1.800327,26800,OK
2025-06-17,1848,富士ピー・エス,スタンダード（内国株式）,建設業,470,473,468,472,4,0.854701,16200,OK
2025-06-17,184A,学びエイド,グロース（内国株式）,情報･通信業,664,718,618,656,-36,-5.202312,226400,OK
2025-06-17,1850,南海辰村建設,スタンダード（内国株式）,建設業,312,313,311,311,-1,-0.320513,8000,OK
2025-06-17,1852,淺沼組,プライム（内国株式）,建設業,740,741,735,738,-2,-0.27027,115700,OK
2025-06-17,1853,森組,スタンダード（内国株式）,建設業,299,299,298,298,-1,-0.334448,15700,OK
2025-06-17,185A,リサイクルテック・ジャパン,TOKYO PRO MARKET（内国株式）,サービス業,,,,,,,,NO_QUOTE
2025-06-17,1860,戸田建設,プライム（内国株式）,建設業,900,905,897.4,899,0.1,0.011125,548600,OK
2025-06-17,1861,熊谷組,プライム（内国株式）,建設業,4225,4275,4215,4245,15,0.35461,91200,OK
2025-06-17,1866,北野建設,スタンダード（内国株式）,建設業,,,,,,,,NO_QUOTE
2025-06-17,1867,植木組,スタンダード（内国株式）,建設業,2006,2031,2006,2031,42,2.111614,6400,OK
2025-06-17,186A,アストロスケールホールディングス,グロース（内国株式）,サービス業,770,773,727,751,7,0.94086,6619100,OK
2025-06-17,1870,矢作建設工業,プライム（内国株式）,建設業,1682,1690,1670,1689,2,0.118554,109800,OK
2025-06-17,1871,ピーエス・コンストラクション,プライム（内国株式）,建設業,1775,1814,1758,1814,44,2.485876,170300,OK
2025-06-17,1873,日本ハウスホールディングス,プライム（内国株式）,建設業,294,296,289,289,-4,-1.365188,426400,OK
2025-06-17,1878,大東建託,プライム（内国株式）,不動産業,15850,15895,15795,15870,20,0.126183,180000,OK
2025-06-17,1879,新日本建設,プライム（内国株式）,建設業,1597,1613,1593,1607,11,0.689223,61600,OK
2025-06-17,1882,東亜道路工業,プライム（内国株式）,建設業,1490,1490,1480,1481,-5,-0.336474,66400,OK
2025-06-17,1884,日本道路,プライム（内国株式）,建設業,2518,2520,2517,2520,3,0.11919,116700,OK
2025-06-17,1885,東亜建設工業,プライム（内国株式）,建設業,1486,1498,1472,1496,3,0.200938,347500,OK
2025-06-17,1887,日本国土開発,プライム（内国株式）,建設業,465,466,462,464,0,0,81200,OK
2025-06-17,1888,若築建設,プライム（内国株式）,建設業,3930,4000,3900,3955,-15,-0.377834,8100,OK
2025-06-17,1890,東洋建設,プライム（内国株式）,建設業,1471,1475,1461,1467,-4,-0.271924,239300,OK
2025-06-17,1893,五洋建設,プライム（内国株式）,建設業,882,889.7,877.3,880.5,-4,-0.452233,1672500,OK
2025-06-17,1897,金下建設,スタンダード（内国株式）,建設業,2729,2733,2729,2733,31,1.147298,300,OK
2025-06-17,1898,世紀東急工業,プライム（内国株式）,建設業,1453,1453,1441,1445,-2,-0.138217,65400,OK
2025-06-17,1899,福田組,プライム（内国株式）,建設業,4875,4935,4795,4825,-55,-1.127049,12200,OK
2025-06-17,189A,Ｄ＆Ｍカンパニー,グロース（内国株式）,サービス業,954,978,940,973,27,2.854123,6400,OK
2025-06-17,1904,大成温調,スタンダード（内国株式）,建設業,3870,3870,3850,3855,-5,-0.129534,3000,OK
2025-06-17,1905,テノックス,スタンダード（内国株式）,建設業,1185,1192,1175,1192,5,0.42123,800,OK
2025-06-17,1909,日本ドライケミカル,スタンダード（内国株式）,機械,4860,5100,4860,5100,240,4.938272,28100,OK
2025-06-17,190A,Ｃｈｏｒｄｉａ　Ｔｈｅｒａｐｅｕｔｉｃｓ,グロース（内国株式）,医薬品,234,235,225,226,-8,-3.418803,1837000,OK
2025-06-17,1911,住友林業,プライム（内国株式）,建設業,4318,4343,4292,4343,29,0.67223,942200,OK
2025-06-17,1914,日本基礎技術,スタンダード（内国株式）,建設業,655,662,642,647,-8,-1.221374,95700,OK
2025-06-17,191A,ミモザ,TOKYO PRO MARKET（内国株式）,サービス業,,,,,,,,NO_QUOTE
2025-06-17,1921,巴コーポレーション,スタンダード（内国株式）,建設業,1349,1358,1327,1336,-20,-1.474926,31700,OK
2025-06-17,1925,大和ハウス工業,プライム（内国株式）,建設業,4817,4859,4815,4850,-6,-0.123558,723400,OK
2025-06-17,1926,ライト工業,プライム（内国株式）,建設業,2816,2848,2816,2842,11,0.388555,104900,OK
2025-06-17,1928,積水ハウス,プライム（内国株式）,建設業,3015,3024,3007,3019,-5,-0.165344,2120400,OK
2025-06-17,1929,日特建設,プライム（内国株式）,建設業,1070,1073,1064,1070,2,0.187266,45700,OK
2025-06-17,192A,インテグループ,グロース（内国株式）,サービス業,2630,2785,2624,2785,161,6.135671,12400,OK
2025-06-17,1930,北陸電気工事,プライム（内国株式）,建設業,1187,1205,1187,1204,25,2.120441,39800,OK
2025-06-17,1934,ユアテック,プライム（内国株式）,建設業,1951,1985,1938,1972,13,0.663604,119900,OK
2025-06-17,1938,日本リーテック,プライム（内国株式）,建設業,1725,1750,1701,1713,-7,-0.406977,38400,OK
2025-06-17,1939,四電工,プライム（内国株式）,建設業,1285,1285,1277,1283,-2,-0.155642,54900,OK
2025-06-17,193A,グローベルス,TOKYO PRO MARKET（内国株式）,不動産業,,,,,,,,NO_QUOTE
2025-06-17,1941,中電工,プライム（内国株式）,建設業,3350,3385,3350,3370,20,0.597015,50700,OK
2025-06-17,1942,関電工,プライム（内国株式）,建設業,3156,3206,3155,3198,13,0.408163,447100,OK
2025-06-17,1944,きんでん,プライム（内国株式）,建設業,4040,4080,4029,4059,12,0.296516,295300,OK
2025-06-17,1945,東京エネシス,プライム（内国株式）,建設業,1230,1233,1214,1221,-9,-0.731707,34000,OK
2025-06-17,1946,トーエネック,プライム（内国株式）,建設業,1170,1198,1170,1195,26,2.224123,95800,OK
2025-06-17,1948,弘電社,スタンダード（内国株式）,建設業,2460,2490,2422,2478,25,1.01916,13500,OK
2025-06-17,1949,住友電設,プライム（内国株式）,建設業,6330,6500,6260,6260,-30,-0.476948,102000,OK
2025-06-17,194A,ＷＯＬＶＥＳ　ＨＡＮＤ,グロース（内国株式）,サービス業,786,787,701,714,-72,-9.160305,75500,OK
2025-06-17,1950,日本電設工業,プライム（内国株式）,建設業,2460,2510,2443,2499,17,0.684932,61600,OK
2025-06-17,1951,エクシオグループ,プライム（内国株式）,建設業,1823.5,1836,1819,1832,6.5,0.356067,493600,OK
2025-06-17,1952,新日本空調,プライム（内国株式）,建設業,2326,2331,2274,2293,-34,-1.461109,122600,OK
2025-06-17,1959,九電工,プライム（内国株式）,建設業,5762,5810,5741,5757,-5,-0.086775,304400,OK
2025-06-17,195A,ライスカレー,グロース（内国株式）,サービス業,1040,1072,1030,1045,4,0.384246,7400,OK
2025-06-17,1960,サンテック,スタンダード（内国株式）,建設業,859,859,854,854,2,0.234742,112400,OK
2025-06-17,1961,三機工業,プライム（内国株式）,建設業,3960,4070,3960,4050,95,2.402023,284100,OK
2025-06-17,1963,日揮ホールディングス,プライム（内国株式）,建設業,1258,1263.5,1250,1261.5,2,0.158793,608400,OK
2025-06-17,1964,中外炉工業,プライム（内国株式）,建設業,3335,3375,3320,3370,35,1.049475,27200,OK
2025-06-17,1965,テクノ菱和,スタンダード（内国株式）,建設業,3605,3745,3585,3695,90,2.496533,125600,OK
2025-06-17,1966,高田工業所,スタンダード（内国株式）,建設業,1541,1548,1535,1535,-1,-0.065104,6400,OK
2025-06-17,1967,ヤマト,スタンダード（内国株式）,建設業,1676,1776,1676,1751,77,4.599761,69900,OK
2025-06-17,1968,太平電業,プライム（内国株式）,建設業,5300,5350,5300,5350,90,1.711027,39700,OK
2025-06-17,1969,高砂熱学工業,プライム（内国株式）,建設業,6854,6885,6780,6788,-93,-1.351548,257200,OK
2025-06-17,196A,ＭＦＳ,グロース（内国株式）,その他金融業,533,545,515,526,-7,-1.313321,128000,OK
2025-06-17,1972,三晃金属工業,スタンダード（内国株式）,建設業,5990,6040,5990,6010,30,0.501672,8700,OK
2025-06-17,1975,朝日工業社,プライム（内国株式）,建設業,2420,2444,2397,2425,23,0.957535,90300,OK
2025-06-17,1976,明星工業,プライム（内国株式）,建設業,1433,1465,1430,1459,26,1.814375,68100,OK
2025-06-17,1979,大氣社,プライム（内国株式）,建設業,2476,2496,2473,2480,4,0.161551,110000,OK
2025-06-17,197A,タウンズ,スタンダード（内国株式）,医薬品,573,581,572,576,8,1.408451,341200,OK
2025-06-17,1980,ダイダン,プライム（内国株式）,建設業,4160,4280,4155,4280,105,2.51497,149600,OK
2025-06-17,1981,協和日成,スタンダード（内国株式）,建設業,1356,1356,1356,1356,-8,-0.58651,100,OK
2025-06-17,1982,日比谷総合設備,プライム（内国株式）,建設業,3560,3645,3560,3590,60,1.699717,45500,OK
2025-06-17,198A,ＰｏｓｔＰｒｉｍｅ,グロース（内国株式）,情報･通信業,788,788,761,779,6,0.776197,56500,OK
2025-06-17,1992,神田通信機,スタンダード（内国株式）,建設業,2752,2752,2752,2752,-27,-0.971573,100,OK
2025-06-17,1994,高橋カーテンウォール工業,スタンダード（内国株式）,建設業,484,486,484,484,0,0,3600,OK
2025-06-17,1997,暁飯島工業,スタンダード（内国株式）,建設業,,,,,,,,NO_QUOTE
2025-06-17,199A,メディエア,TOKYO PRO MARKET（内国株式）,情報･通信業,,,,,,,,NO_QUOTE
2025-06-17,2001,ニップン,プライム（内国株式）,食料品,2135,2139,2118,2118,-19,-0.889097,131000,OK
2025-06-17,2002,日清製粉グループ本社,プライム（内国株式）,食料品,1731.5,1735,1723,1723,-9,-0.51963,426200,OK
2025-06-17,2003,日東富士製粉,スタンダード（内国株式）,食料品,7050,7150,7050,7070,-30,-0.422535,3900,OK
2025-06-17,2004,昭和産業,プライム（内国株式）,食料品,2938,2940,2911,2921,-6,-0.204988,37500,OK
2025-06-17,2009,鳥越製粉,スタンダード（内国株式）,食料品,929,932,926,932,3,0.322928,27300,OK
2025-06-17,202A,豆蔵デジタルホールディングス,グロース（内国株式）,情報･通信業,1669,1679,1640,1673,44,2.701044,76400,OK
2025-06-17,203A,シュンビン,TOKYO PRO MARKET（内国株式）,サービス業,,,,,,,,NO_QUOTE
2025-06-17,204A,タイヨーパッケージ,TOKYO PRO MARKET（内国株式）,パルプ・紙,,,,,,,,NO_QUOTE
2025-06-17,2053,中部飼料,プライム（内国株式）,食料品,1564,1577,1561,1565,3,0.192061,40500,OK
2025-06-17,2055,日和産業,スタンダード（内国株式）,食料品,310,314,310,314,4,1.290323,1600,OK
2025-06-17,205A,ロゴスホールディングス,グロース（内国株式）,建設業,1198,1198,1148,1163,-13,-1.105442,20500,OK
2025-06-17,2060,フィード・ワン,プライム（内国株式）,食料品,987,991,975,980,5,0.512821,56000,OK
2025-06-17,206A,ＰＲＩＳＭ　ＢｉｏＬａｂ,グロース（内国株式）,医薬品,254,255,249,249,-2,-0.796813,72200,OK
2025-06-17,207A,ライジングコーポレーション,TOKYO PRO MARKET（内国株式）,建設業,,,,,,,,NO_QUOTE
2025-06-17,208A,構造計画研究所ホールディングス,スタンダード（内国株式）,情報･通信業,2576,2576,2521,2535,-15,-0.588235,6400,OK
2025-06-17,209A,小野谷機工,TOKYO PRO MARKET（内国株式）,機械,,,,,,,,NO_QUOTE
2025-06-17,2108,日本甜菜製糖,プライム（内国株式）,食料品,2322,2350,2322,2340,0,0,10500,OK
2025-06-17,2109,ＤＭ三井製糖,プライム（内国株式）,食料品,3070,3085,3060,3075,-10,-0.324149,28400,OK
2025-06-17,2112,塩水港精糖,スタンダード（内国株式）,食料品,333,337,333,336,2,0.598802,64900,OK
2025-06-17,2114,フジ日本,スタンダード（内国株式）,食料品,1068,1068,1065,1068,4,0.37594,2600,OK
2025-06-17,2117,ウェルネオシュガー,プライム（内国株式）,食料品,2255,2258,2248,2251,-3,-0.133097,17800,OK
2025-06-17,211A,カドス・コーポレーション,スタンダード（内国株式）,建設業,4215,4240,4190,4225,45,1.076555,6400,OK
2025-06-17,2120,ＬＩＦＵＬＬ,プライム（内国株式）,サービス業,193,197,188,191,0,0,1076400,OK
2025-06-17,2121,ＭＩＸＩ,プライム（内国株式）,サービス業,3350,3385,3330,3355,50,1.512859,271300,OK
2025-06-17,2122,インタースペース,スタンダード（内国株式）,サービス業,933,934,925,925,-6,-0.644468,1000,OK
2025-06-17,2124,ジェイエイシーリクルートメント,プライム（内国株式）,サービス業,979,987,974,976,-9,-0.913706,243700,OK
2025-06-17,2127,日本Ｍ＆Ａセンターホールディングス,プライム（内国株式）,サービス業,715,721.3,711.4,713.7,1.9,0.266929,1708600,OK
2025-06-17,212A,フィットイージー,スタンダード（内国株式）,サービス業,2250,2423,2219,2364,145,6.534475,901700,OK
2025-06-17,2130,メンバーズ,プライム（内国株式）,サービス業,1251,1288,1251,1271,10,0.793021,72700,OK
2025-06-17,2134,北浜キャピタルパートナーズ,スタンダード（内国株式）,サービス業,36,40,33,40,7,21.212121,84127600,OK
2025-06-17,2136,ヒップ,スタンダード（内国株式）,サービス業,1175,1183,1173,1177,3,0.255537,1600,OK
2025-06-17,2138,クルーズ,スタンダード（内国株式）,情報･通信業,617,627,614,624,4,0.645161,19700,OK
2025-06-17,2139,中広,スタンダード（内国株式）,サービス業,432,433,428,430,-1,-0.232019,2300,OK
2025-06-17,2146,ＵＴグループ,プライム（内国株式）,サービス業,2360,2391,2360,2391,36,1.528662,255700,OK
2025-06-17,2148,アイティメディア,プライム（内国株式）,サービス業,1600,1633,1600,1628,13,0.804954,38000,OK
2025-06-17,2150,ケアネット,プライム（内国株式）,サービス業,670,678,668,673,3,0.447761,109000,OK
2025-06-17,2152,幼児活動研究会,スタンダード（内国株式）,サービス業,,,,,,,,NO_QUOTE
2025-06-17,2153,Ｅ・Ｊホールディングス,プライム（内国株式）,サービス業,1480,1483,1460,1481,2,0.135227,574900,OK
2025-06-17,2154,オープンアップグループ,プライム（内国株式）,サービス業,1715,1715,1678,1681,-34,-1.982507,207500,OK
2025-06-17,2156,セーラー広告,スタンダード（内国株式）,サービス業,381,384,369,369,-4,-1.072386,38700,OK
2025-06-17,2157,コシダカホールディングス,プライム（内国株式）,サービス業,1096,1103,1085,1086,1,0.092166,158100,OK
2025-06-17,2158,ＦＲＯＮＴＥＯ,グロース（内国株式）,サービス業,628,643,627,633,6,0.956938,148200,OK
2025-06-17,215A,タイミー,グロース（内国株式）,サービス業,1770,1792,1730,1768,-13,-0.729927,3064700,OK
2025-06-17,2160,ジーエヌアイグループ,グロース（内国株式）,医薬品,3820,3825,3720,3780,-40,-1.04712,1115700,OK
2025-06-17,2162,ｎｍｓ　ホールディングス,スタンダード（内国株式）,サービス業,580,607,580,598,16,2.749141,149000,OK
2025-06-17,2163,アルトナー,プライム（内国株式）,サービス業,1882,1896,1877,1890,5,0.265252,13700,OK
2025-06-17,2164,地域新聞社,グロース（内国株式）,サービス業,398,399,392,399,11,2.835052,23800,OK
2025-06-17,2168,パソナグループ,プライム（内国株式）,サービス業,2162,2207,2162,2181,19,0.878816,137800,OK
2025-06-17,2169,ＣＤＳ,スタンダード（内国株式）,サービス業,1801,1802,1799,1800,-3,-0.166389,2300,OK
2025-06-17,216A,ライフクリエイト,TOKYO PRO MARKET（内国株式）,小売業,,,,,,,,NO_QUOTE
2025-06-17,2170,リンクアンドモチベーション,プライム（内国株式）,サービス業,493,498,492,493,-2,-0.40404,156500,OK
2025-06-17,2173,博展,グロース（内国株式）,サービス業,515,519,511,514,-2,-0.387597,15600,OK
2025-06-17,2175,エス・エム・エス,プライム（内国株式）,サービス業,1397.5,1407,1384.5,1388.5,-12.5,-0.89222,486900,OK
2025-06-17,2179,成学社,スタンダード（内国株式）,サービス業,750,752,750,752,12,1.621622,400,OK
2025-06-17,217A,サポート,TOKYO PRO MARKET（内国株式）,サービス業,,,,,,,,NO_QUOTE
2025-06-17,2180,サニーサイドアップグループ,スタンダード（内国株式）,サービス業,542,550,539,543,0,0,46000,OK
2025-06-17,2181,パーソルホールディングス,プライム（内国株式）,サービス業,277.5,279.2,276.7,278.5,1.4,0.505233,5799700,OK
2025-06-17,2183,リニカル,スタンダード（内国株式）,サービス業,324,325,320,323,-1,-0.308642,9100,OK
2025-06-17,2185,シイエム・シイ,スタンダード（内国株式）,サービス業,1499,1515,1499,1515,16,1.067378,2300,OK
2025-06-17,2186,ソーバル,スタンダード（内国株式）,サービス業,916,919,916,917,1,0.10917,500,OK
2025-06-17,218A,Ｌｉｂｅｒａｗａｒｅ,グロース（内国株式）,精密機器,1561,1694,1515,1692,105,6.616257,3155000,OK
2025-06-17,2193,クックパッド,スタンダード（内国株式）,サービス業,189,192,186,192,4,2.12766,476700,OK
2025-06-17,2195,アミタホールディングス,グロース（内国株式）,サービス業,353,373,353,362,9,2.549575,78500,OK
2025-06-17,2196,エスクリ,スタンダード（内国株式）,サービス業,213,218,208,212,-1,-0.469484,410400,OK
2025-06-17,2198,アイ・ケイ・ケイホールディングス,プライム（内国株式）,サービス業,782,783,777,780,-1,-0.128041,31500,OK
2025-06-17,219A,Ｈｅａｒｔｓｅｅｄ,グロース（内国株式）,医薬品,4180,4295,3620,3665,-650,-15.063731,3123800,OK
2025-06-17,2201,森永製菓,プライム（内国株式）,食料品,2341,2348.5,2328,2335,-6.5,-0.2776,317200,OK
2025-06-17,2204,中村屋,スタンダード（内国株式）,食料品,3120,3120,3100,3110,-10,-0.320513,1800,OK
2025-06-17,2206,江崎グリコ,プライム（内国株式）,食料品,4610,4640,4528,4528,-106,-2.287441,176600,OK
2025-06-17,2207,名糖産業,プライム（内国株式）,食料品,2005,2013,2003,2004,-12,-0.595238,18200,OK
2025-06-17,2208,ブルボン,スタンダード（内国株式）,食料品,2637,2637,2608,2616,-5,-0.190767,5500,OK
2025-06-17,2209,井村屋グループ,プライム（内国株式）,食料品,2430,2433,2415,2432,9,0.37144,11600,OK
2025-06-17,220A,Ｆａｂｅｒ　Ｃｏｍｐａｎｙ,スタンダード（内国株式）,情報･通信業,1095,1110,1090,1093,-5,-0.455373,3700,OK
2025-06-17,2211,不二家,プライム（内国株式）,食料品,2352,2360,2343,2354,2,0.085034,14200,OK
2025-06-17,2212,山崎製パン,プライム（内国株式）,食料品,3193,3209,3172,3185,-50,-1.545595,490800,OK
2025-06-17,2215,第一屋製パン,スタンダード（内国株式）,食料品,551,556,543,548,-1,-0.182149,15600,OK
2025-06-17,2216,カンロ,スタンダード（内国株式）,食料品,4320,4380,4310,4325,-10,-0.230681,15900,OK
2025-06-17,2217,モロゾフ,プライム（内国株式）,食料品,1603,1610,1589,1589,-12,-0.749532,35600,OK
2025-06-17,2220,亀田製菓,プライム（内国株式）,食料品,3670,3685,3645,3675,-20,-0.541272,58400,OK
2025-06-17,2221,岩塚製菓,スタンダード（内国株式）,食料品,2988,3000,2978,2978,-17,-0.567613,8700,OK
2025-06-17,2222,寿スピリッツ,プライム（内国株式）,食料品,2110.5,2120,2090.5,2095,-29,-1.365348,536500,OK
2025-06-17,2224,コモ,スタンダード（内国株式）,食料品,3130,3135,3125,3125,10,0.321027,1500,OK
2025-06-17,2226,湖池屋,スタンダード（内国株式）,食料品,4700,4700,4660,4695,35,0.751073,800,OK
2025-06-17,2229,カルビー,プライム（内国株式）,食料品,2720,2747.5,2719,2730,-5,-0.182815,236700,OK
2025-06-17,222A,ＮＩＣＳ,TOKYO PRO MARKET（内国株式）,情報･通信業,,,,,,,,NO_QUOTE
2025-06-17,2264,森永乳業,プライム（内国株式）,食料品,3335,3335,3265,3265,-70,-2.098951,215100,OK
2025-06-17,2266,六甲バター,プライム（内国株式）,食料品,1220,1220,1203,1204,-28,-2.272727,19900,OK
2025-06-17,2267,ヤクルト本社,プライム（内国株式）,食料品,2855,2864,2830,2830,-38,-1.324965,757600,OK
2025-06-17,2268,Ｂ−Ｒ　サーティワン　アイスクリーム,スタンダード（内国株式）,食料品,4220,4290,4215,4285,70,1.660735,38500,OK
2025-06-17,2269,明治ホールディングス,プライム（内国株式）,食料品,3199,3205,3185,3190,-18,-0.561097,734600,OK
2025-06-17,226A,勝美ジャパン,TOKYO PRO MARKET（内国株式）,食料品,,,,,,,,NO_QUOTE
2025-06-17,2270,雪印メグミルク,プライム（内国株式）,食料品,2774,2787,2751,2760,-14,-0.504686,179800,OK
2025-06-17,227A,ＩＮＳＩＧＨＴ　ＬＡＢ,TOKYO PRO MARKET（内国株式）,情報･通信業,,,,,,,,NO_QUOTE
2025-06-17,2281,プリマハム,プライム（内国株式）,食料品,2291,2293,2276,2290,-7,-0.304745,50300,OK
2025-06-17,2282,日本ハム,プライム（内国株式）,食料品,5080,5113,5075,5095,-30,-0.585366,218600,OK
2025-06-17,2286,林兼産業,スタンダード（内国株式）,食料品,515,515,509,510,-2,-0.390625,2600,OK
2025-06-17,2288,丸大食品,プライム（内国株式）,食料品,1791,1792,1770,1770,-14,-0.784753,14200,OK
2025-06-17,228A,オプロ,グロース（内国株式）,情報･通信業,1339,1342,1324,1324,-45,-3.287071,900,OK
2025-06-17,2291,福留ハム,スタンダード（内国株式）,食料品,1060,1069,1043,1054,-2,-0.189394,1900,OK
2025-06-17,2292,Ｓ　Ｆｏｏｄｓ,プライム（内国株式）,食料品,2571,2586,2559,2580,5,0.194175,31100,OK
2025-06-17,2293,滝沢ハム,スタンダード（内国株式）,食料品,2512,2525,2512,2525,13,0.517516,400,OK
2025-06-17,2294,柿安本店,プライム（内国株式）,食料品,2613,2613,2587,2596,-27,-1.029356,26300,OK
2025-06-17,2296,伊藤ハム米久ホールディングス,プライム（内国株式）,食料品,4960,5010,4955,4965,-20,-0.401204,88900,OK
2025-06-17,229A,アスミホールディングス,TOKYO PRO MARKET（内国株式）,建設業,,,,,,,,NO_QUOTE
2025-06-17,2300,きょくとう,スタンダード（内国株式）,サービス業,488,488,486,486,-2,-0.409836,1600,OK
2025-06-17,2301,学情,プライム（内国株式）,サービス業,1773,1809,1773,1801,28,1.579244,54800,OK
2025-06-17,2303,ドーン,スタンダード（内国株式）,情報･通信業,2370,2370,2300,2305,-62,-2.619349,7600,OK
2025-06-17,2304,ＣＳＳホールディングス,スタンダード（内国株式）,サービス業,880,890,862,890,13,1.482326,12400,OK
2025-06-17,2305,スタジオアリス,スタンダード（内国株式）,サービス業,2136,2136,2117,2121,-15,-0.702247,17000,OK
2025-06-17,2307,クロスキャット,プライム（内国株式）,情報･通信業,1040,1055,1037,1045,5,0.480769,19000,OK
2025-06-17,2311,エプコ,スタンダード（内国株式）,サービス業,733,737,733,733,0,0,3700,OK
2025-06-17,2315,ＣＡＩＣＡ　ＤＩＧＩＴＡＬ,スタンダード（内国株式）,情報･通信業,68,70,66,68,0,0,2445700,OK
2025-06-17,2317,システナ,プライム（内国株式）,情報･通信業,407,409,404,404,-3,-0.737101,501400,OK
2025-06-17,2321,ソフトフロントホールディングス,グロース（内国株式）,情報･通信業,115,121,113,119,4,3.478261,878900,OK
2025-06-17,2323,ｆｏｎｆｕｎ,スタンダード（内国株式）,情報･通信業,438,438,432,432,2,0.465116,2000,OK
2025-06-17,2325,ＮＪＳ,プライム（内国株式）,サービス業,5920,6100,5870,6050,140,2.368866,64700,OK
2025-06-17,2326,デジタルアーツ,プライム（内国株式）,情報･通信業,7510,7660,7460,7570,30,0.397878,77000,OK
2025-06-17,2327,日鉄ソリューションズ,プライム（内国株式）,情報･通信業,4146,4190,4128,4141,-5,-0.120598,257300,OK
2025-06-17,2329,東北新社,スタンダード（内国株式）,情報･通信業,537,538,530,533,-2,-0.373832,36000,OK
2025-06-17,2330,フォーサイド,スタンダード（内国株式）,情報･通信業,164,169,161,164,2,1.234568,1046100,OK
2025-06-17,2331,綜合警備保障,プライム（内国株式）,サービス業,1014.5,1036.5,1014.5,1027.5,3,0.292826,1252200,OK
2025-06-17,2332,クエスト,スタンダード（内国株式）,情報･通信業,1398,1414,1391,1414,24,1.726619,9500,OK
2025-06-17,2334,イオレ,グロース（内国株式）,サービス業,1401,1578,1394,1501,128,9.322651,993200,OK
2025-06-17,2335,キューブシステム,プライム（内国株式）,情報･通信業,1093,1093,1083,1086,-7,-0.640439,7700,OK
2025-06-17,2337,いちご,プライム（内国株式）,不動産業,391,402,388,400,7,1.78117,822800,OK
2025-06-17,2338,クオンタムソリューションズ,スタンダード（内国株式）,情報･通信業,475,488,469,473,5,1.068376,122400,OK
2025-06-17,2340,極楽湯ホールディングス,スタンダード（内国株式）,サービス業,485,485,481,483,1,0.207469,35600,OK
2025-06-17,2341,アルバイトタイムス,スタンダード（内国株式）,サービス業,152,154,152,153,0,0,29000,OK
2025-06-17,2342,トランスジェニックグループ,グロース（内国株式）,サービス業,183,213,180,213,50,30.674847,1392700,OK
2025-06-17,2344,平安レイサービス,スタンダード（内国株式）,サービス業,860,864,858,860,-2,-0.232019,2800,OK
2025-06-17,2345,クシム,スタンダード（内国株式）,情報･通信業,236,237,226,232,-1,-0.429185,572300,OK
2025-06-17,2349,エヌアイデイ,スタンダード（内国株式）,情報･通信業,2261,2265,2261,2265,4,0.176913,300,OK
2025-06-17,2351,ＡＳＪ,グロース（内国株式）,情報･通信業,314,317,312,315,1,0.318471,6800,OK
2025-06-17,2353,日本駐車場開発,プライム（内国株式）,不動産業,252,255,251,253,-1,-0.393701,701200,OK
2025-06-17,2354,ＹＥ　ＤＩＧＩＴＡＬ,スタンダード（内国株式）,情報･通信業,668,675,652,665,-1,-0.15015,170700,OK
2025-06-17,2359,コア,プライム（内国株式）,情報･通信業,1909,1909,1871,1873,-34,-1.782905,8300,OK
2025-06-17,2370,メディネット,グロース（内国株式）,サービス業,30,31,30,31,1,3.333333,982300,OK
2025-06-17,2371,カカクコム,プライム（内国株式）,サービス業,2689.5,2699.5,2658.5,2666,-1,-0.037495,644300,OK
2025-06-17,2373,ケア２１,スタンダード（内国株式）,サービス業,401,403,400,400,0,0,7600,OK
2025-06-17,2374,セントケア・ホールディング,プライム（内国株式）,サービス業,789,800,786,793,2,0.252845,29900,OK
2025-06-17,2375,ギグワークス,スタンダード（内国株式）,サービス業,225,245,224,243,14,6.113537,266900,OK
2025-06-17,2376,サイネックス,スタンダード（内国株式）,サービス業,802,802,789,801,-1,-0.124688,800,OK
2025-06-17,2378,ルネサンス,プライム（内国株式）,サービス業,1006,1016,1002,1011,7,0.697211,58200,OK
2025-06-17,2379,ディップ,プライム（内国株式）,サービス業,2160,2180,2156,2169,19,0.883721,155800,OK
2025-06-17,2384,ＳＢＳホールディングス,プライム（内国株式）,陸運業,2800,2813,2769,2784,-26,-0.925267,29300,OK
2025-06-17,2385,総医研ホールディングス,グロース（内国株式）,サービス業,162,166,161,166,4,2.469136,62600,OK
2025-06-17,2388,ウェッジホールディングス,グロース（内国株式）,その他金融業,79,83,79,80,1,1.265823,371300,OK
2025-06-17,2389,デジタルホールディングス,プライム（内国株式）,サービス業,1251,1259,1239,1248,-3,-0.239808,58200,OK
2025-06-17,2391,プラネット,スタンダード（内国株式）,サービス業,1256,1259,1255,1256,-3,-0.238284,500,OK
2025-06-17,2393,日本ケアサプライ,スタンダード（内国株式）,サービス業,2001,2014,2001,2003,-1,-0.0499,2300,OK
2025-06-17,2395,新日本科学,プライム（内国株式）,サービス業,1345,1379,1343,1364,26,1.943199,309100,OK
2025-06-17,2397,ＤＮＡチップ研究所,スタンダード（内国株式）,サービス業,1090,1091,1090,1090,0,0,6800,OK
2025-06-17,239A,バレッグス,TOKYO PRO MARKET（内国株式）,不動産業,,,,,,,,NO_QUOTE
2025-06-17,2404,鉄人化ホールディングス,スタンダード（内国株式）,サービス業,482,485,480,483,1,0.207469,4400,OK
2025-06-17,2408,ＫＧ情報,スタンダード（内国株式）,サービス業,663,664,660,662,-1,-0.15083,6400,OK
2025-06-17,2410,キャリアデザインセンター,プライム（内国株式）,サービス業,1827,1834,1825,1829,2,0.109469,4200,OK
2025-06-17,2411,ゲンダイエージェンシー,スタンダード（内国株式）,情報･通信業,391,391,384,384,-5,-1.285347,14100,OK
2025-06-17,2413,エムスリー,プライム（内国株式）,サービス業,2018.5,2028,1990,2002,-11,-0.546448,1876000,OK
2025-06-17,2415,ヒューマンホールディングス,スタンダード（内国株式）,サービス業,1638,1671,1638,1649,10,0.610128,9300,OK
2025-06-17,2418,ツカダ・グローバルホールディング,スタンダード（内国株式）,サービス業,585,588,578,586,0,0,122800,OK
2025-06-17,241A,ＲＯＸＸ,グロース（内国株式）,情報･通信業,1092,1100,1058,1065,-57,-5.080214,148600,OK
2025-06-17,2424,ブラス,スタンダード（内国株式）,サービス業,674,674,665,667,-3,-0.447761,11000,OK
2025-06-17,2425,ケアサービス,スタンダード（内国株式）,サービス業,790,799,790,798,9,1.140684,1500,OK
2025-06-17,2428,ウェルネット,スタンダード（内国株式）,サービス業,741,747,736,745,7,0.948509,153200,OK
2025-06-17,2429,ワールドホールディングス,プライム（内国株式）,サービス業,2162,2202,2160,2185,23,1.06383,26900,OK
2025-06-17,2432,ディー・エヌ・エー,プライム（内国株式）,サービス業,2685,2775.5,2672,2766.5,94.5,3.536677,6177500,OK
2025-06-17,2433,博報堂ＤＹホールディングス,プライム（内国株式）,サービス業,1170.5,1179,1165,1171.5,1,0.085434,539700,OK
2025-06-17,2435,シダー,スタンダード（内国株式）,サービス業,212,223,212,216,5,2.369668,340900,OK
2025-06-17,2436,共同ピーアール,スタンダード（内国株式）,サービス業,840,853,840,853,13,1.547619,6800,OK
2025-06-17,2437,Ｓｈｉｎｗａ　Ｗｉｓｅ　Ｈｏｌｄｉｎｇｓ,スタンダード（内国株式）,サービス業,306,316,301,309,3,0.980392,118200,OK
2025-06-17,2438,アスカネット,グロース（内国株式）,サービス業,446,460,441,446,3,0.677201,187100,OK
2025-06-17,243A,トップス,TOKYO PRO MARKET（内国株式）,食料品,,,,,,,,NO_QUOTE
2025-06-17,2440,ぐるなび,プライム（内国株式）,サービス業,251,253,249,250,0,0,135100,OK
2025-06-17,2445,タカミヤ,プライム（内国株式）,サービス業,346,347,342,345,-1,-0.289017,24200,OK
2025-06-17,2449,プラップジャパン,スタンダード（内国株式）,サービス業,998,1005,998,1001,1,0.1,2400,OK
2025-06-17,244A,グロースエクスパートナーズ,グロース（内国株式）,情報･通信業,1765,1798,1744,1766,26,1.494253,21000,OK
2025-06-17,2452,コンピュータマインド,TOKYO PRO MARKET（内国株式）,情報･通信業,,,,,,,,NO_QUOTE
2025-06-17,2454,オールアバウト,スタンダード（内国株式）,サービス業,350,356,349,350,-3,-0.849858,5700,OK
2025-06-17,2459,アウンコンサルティング,スタンダード（内国株式）,サービス業,236,242,234,240,5,2.12766,76100,OK
2025-06-17,245A,ＩＮＧＳ,グロース（内国株式）,小売業,2582,2608,2580,2589,8,0.309957,2200,OK
2025-06-17,2461,ファンコミュニケーションズ,プライム（内国株式）,サービス業,421,425,419,421,-1,-0.236967,92800,OK
2025-06-17,2462,ライク,プライム（内国株式）,サービス業,1380,1383,1375,1381,1,0.072464,28500,OK
2025-06-17,2464,Ａｏｂａ‐ＢＢＴ,スタンダード（内国株式）,サービス業,344,344,342,344,3,0.879765,6400,OK
2025-06-17,2469,ヒビノ,スタンダード（内国株式）,サービス業,2390,2406,2349,2388,28,1.186441,22800,OK
2025-06-17,246A,アスア,グロース（内国株式）,サービス業,827,835,769,790,38,5.053191,246400,OK
2025-06-17,2471,エスプール,プライム（内国株式）,サービス業,336,340,334,335,1,0.299401,176200,OK
2025-06-17,2475,ＷＤＢホールディングス,プライム（内国株式）,サービス業,1889,1896,1880,1885,-17,-0.893796,9400,OK
2025-06-17,2477,手間いらず,スタンダード（内国株式）,情報･通信業,3100,3140,3090,3090,0,0,9900,OK
2025-06-17,2479,ジェイテック,スタンダード（内国株式）,サービス業,254,255,252,253,-1,-0.393701,46500,OK
2025-06-17,247A,Ａｉロボティクス,グロース（内国株式）,化学,5530,5840,5530,5710,280,5.156538,859900,OK
2025-06-17,2480,システム・ロケーション,スタンダード（内国株式）,情報･通信業,1421,1442,1421,1436,22,1.55587,3800,OK
2025-06-17,2481,タウンニュース社,スタンダード（内国株式）,サービス業,715,715,707,709,-2,-0.281294,2200,OK
2025-06-17,2483,翻訳センター,スタンダード（内国株式）,サービス業,1726,1744,1722,1722,4,0.232829,4600,OK
2025-06-17,2484,出前館,スタンダード（内国株式）,情報･通信業,226,231,226,230,5,2.222222,339900,OK
2025-06-17,2485,ティア,スタンダード（内国株式）,サービス業,499,499,494,498,5,1.014199,46700,OK
2025-06-17,2488,ＪＴＰ,スタンダード（内国株式）,サービス業,1230,1244,1230,1238,13,1.061224,32200,OK
2025-06-17,2489,アドウェイズ,プライム（内国株式）,サービス業,325,330,321,326,2,0.617284,203300,OK
2025-06-17,248A,キッズスター,グロース（内国株式）,情報･通信業,1411,1428,1389,1389,-25,-1.768034,4300,OK
2025-06-17,2491,バリューコマース,プライム（内国株式）,サービス業,795,801,792,798,4,0.503778,140900,OK
2025-06-17,2492,インフォマート,プライム（内国株式）,サービス業,405,421,405,409,3,0.738916,1031700,OK
2025-06-17,2493,イーサポートリンク,スタンダード（内国株式）,サービス業,934,938,932,938,8,0.860215,8400,OK
2025-06-17,2497,ユナイテッド,グロース（内国株式）,サービス業,569,574,569,571,-1,-0.174825,55600,OK
2025-06-17,2498,オリエンタルコンサルタンツホールディングス,スタンダード（内国株式）,サービス業,5130,5130,5030,5030,-50,-0.984252,3600,OK
2025-06-17,2499,日本和装ホールディングス,スタンダード（内国株式）,サービス業,335,335,334,334,-1,-0.298507,2800,OK
2025-06-17,249A,ヒューマンアジャスト,TOKYO PRO MARKET（内国株式）,サービス業,,,,,,,,NO_QUOTE
2025-06-17,2501,サッポロホールディングス,プライム（内国株式）,食料品,7298,7335,7200,7200,-135,-1.840491,183500,OK
2025-06-17,2502,アサヒグループホールディングス,プライム（内国株式）,食料品,1923.5,1932,1903,1905.5,-18,-0.935794,2661000,OK
2025-06-17,2503,キリンホールディングス,プライム（内国株式）,食料品,2045,2051,2042,2048,-9.5,-0.461725,1757900,OK
2025-06-17,250A,シマダヤ,スタンダード（内国株式）,食料品,1780,1790,1750,1767,-12,-0.674536,20100,OK
2025-06-17,251A,ニューロマジック,TOKYO PRO MARKET（内国株式）,サービス業,,,,,,,,NO_QUOTE
2025-06-17,252A,ウェッジ,TOKYO PRO MARKET（内国株式）,小売業,,,,,,,,NO_QUOTE
2025-06-17,2531,宝ホールディングス,プライム（内国株式）,食料品,1188.5,1197.5,1175.5,1175.5,-22,-1.837161,522400,OK
2025-06-17,2533,オエノンホールディングス,プライム（内国株式）,食料品,578,578,557,567,-11,-1.903114,93000,OK
2025-06-17,253A,ＥＴＳグループ,スタンダード（内国株式）,建設業,697,704,693,697,2,0.28777,4800,OK
2025-06-17,2540,養命酒製造,プライム（内国株式）,食料品,3080,3145,3080,3115,10,0.322061,18600,OK
2025-06-17,254A,ＡＩフュージョンキャピタルグループ,スタンダード（内国株式）,証券･商品先物取引業,1300,1575,1293,1575,300,23.529412,388900,OK
2025-06-17,255A,ジーエルテクノホールディングス,スタンダード（内国株式）,精密機器,2880,2950,2870,2921,50,1.741553,27000,OK
2025-06-17,256A,飛島ホールディングス,プライム（内国株式）,建設業,1842,1843,1828,1831,-9,-0.48913,51500,OK
2025-06-17,2573,北海道コカ・コーラボトリング,スタンダード（内国株式）,食料品,3465,3480,3455,3480,35,1.015965,10200,OK
2025-06-17,2579,コカ・コーラ　ボトラーズジャパンホールディングス,プライム（内国株式）,食料品,2359,2373,2318,2318,-40.5,-1.717193,965300,OK
2025-06-17,2585,ライフドリンク　カンパニー,プライム（内国株式）,食料品,2045,2080,1999,2078,69,3.434545,394500,OK
2025-06-17,2586,フルッタフルッタ,グロース（内国株式）,食料品,160,161,158,161,2,1.257862,1648900,OK
2025-06-17,2587,サントリー食品インターナショナル,プライム（内国株式）,食料品,4655,4675,4627,4639,3,0.064711,334800,OK
2025-06-17,2588,プレミアムウォーターホールディングス,スタンダード（内国株式）,食料品,2973,3040,2951,3030,80,2.711864,44400,OK
2025-06-17,2590,ダイドーグループホールディングス,プライム（内国株式）,食料品,2664,2668,2652,2656,-12,-0.449775,58000,OK
2025-06-17,2593,伊藤園,プライム（内国株式）,食料品,3220,3232,3208,3214,-14,-0.433705,193300,OK
2025-06-17,25935,伊藤園（優先株式）,プライム（内国株式）,食料品,1775,1776,1770,1772,-3,-0.169014,29700,OK
2025-06-17,2594,キーコーヒー,プライム（内国株式）,食料品,1972,1975,1968,1968,-6,-0.303951,71700,OK
2025-06-17,2597,ユニカフェ,スタンダード（内国株式）,食料品,920,920,917,917,-3,-0.326087,2500,OK
2025-06-17,2602,日清オイリオグループ,プライム（内国株式）,食料品,4720,4735,4685,4690,-35,-0.740741,60900,OK
2025-06-17,2607,不二製油,プライム（内国株式）,食料品,2823,2858,2816,2853.5,0.5,0.017525,258300,OK
2025-06-17,260A,オルツ,グロース（内国株式）,情報･通信業,96,96,92,93,-1,-1.06383,1677000,OK
2025-06-17,2612,かどや製油,スタンダード（内国株式）,食料品,3640,3655,3625,3625,-35,-0.956284,3900,OK
2025-06-17,2613,Ｊ−オイルミルズ,プライム（内国株式）,食料品,1935,1940,1924,1931,-9,-0.463918,41000,OK
2025-06-17,261A,日水コン,スタンダード（内国株式）,サービス業,2700,2778,2658,2752,64,2.380952,109000,OK
2025-06-17,262A,インターメスティック,プライム（内国株式）,小売業,1672,1695,1666,1674,12,0.722022,203600,OK
2025-06-17,263A,デジタルキューブ,TOKYO PRO MARKET（内国株式）,情報･通信業,,,,,,,,NO_QUOTE
2025-06-17,264A,Ｓｃｈｏｏ,グロース（内国株式）,サービス業,852,857,826,845,5,0.595238,489600,OK
2025-06-17,2652,まんだらけ,スタンダード（内国株式）,小売業,286,293,286,291,4,1.393728,85200,OK
2025-06-17,2653,イオン九州,スタンダード（内国株式）,小売業,2698,2717,2698,2709,14,0.519481,26100,OK
2025-06-17,2654,アスモ,スタンダード（内国株式）,小売業,347,349,346,349,2,0.576369,4300,OK
2025-06-17,2656,ベクターホールディングス,スタンダード（内国株式）,小売業,151,151,141,147,-4,-2.649007,1417800,OK
2025-06-17,2659,サンエー,プライム（内国株式）,小売業,2951,2961,2916,2925,-25,-0.847458,143100,OK
2025-06-17,265A,Ｈｍｃｏｍｍ,グロース（内国株式）,情報･通信業,788,788,767,774,-11,-1.401274,44200,OK
2025-06-17,2664,カワチ薬品,プライム（内国株式）,小売業,2767,2767,2745,2753,0,0,21500,OK
2025-06-17,2666,オートウェーブ,スタンダード（内国株式）,小売業,147,147,145,146,-1,-0.680272,23100,OK
2025-06-17,2667,イメージ　ワン,スタンダード（内国株式）,卸売業,242,260,241,258,20,8.403361,398100,OK
2025-06-17,2668,タビオ,スタンダード（内国株式）,卸売業,1209,1214,1209,1214,5,0.413565,2400,OK
2025-06-17,2669,カネ美食品,スタンダード（内国株式）,小売業,3275,3280,3270,3270,-5,-0.152672,1200,OK
2025-06-17,266A,グローカルマーケティング,TOKYO PRO MARKET（内国株式）,サービス業,,,,,,,,NO_QUOTE
2025-06-17,2670,エービーシー・マート,プライム（内国株式）,小売業,2860,2878,2843.5,2869,5.5,0.192073,312500,OK
2025-06-17,2673,夢みつけ隊,スタンダード（内国株式）,小売業,133,136,125,136,6,4.615385,773500,OK
2025-06-17,2674,ハードオフコーポレーション,プライム（内国株式）,小売業,1702,1703,1694,1698,-4,-0.235018,37700,OK
2025-06-17,2676,高千穂交易,プライム（内国株式）,卸売業,2190,2199,2171,2197,11,0.503202,33800,OK
2025-06-17,2678,アスクル,プライム（内国株式）,小売業,1504,1516,1486,1488,-15,-0.998004,154500,OK
2025-06-17,267A,トワライズ,TOKYO PRO MARKET（内国株式）,その他金融業,,,,,,,,NO_QUOTE
2025-06-17,2681,ゲオホールディングス,プライム（内国株式）,小売業,1558,1573,1551,1568,9,0.577293,171300,OK
2025-06-17,2683,魚喜,スタンダード（内国株式）,小売業,1062,1062,1062,1062,1,0.094251,500,OK
2025-06-17,2685,アダストリア,プライム（内国株式）,小売業,2841,2853,2826,2843,-3,-0.105411,148800,OK
2025-06-17,2686,ジーフット,スタンダード（内国株式）,小売業,282,285,281,283,1,0.35461,22600,OK
2025-06-17,2687,シー・ヴイ・エス・ベイエリア,スタンダード（内国株式）,小売業,560,560,557,559,2,0.359066,2800,OK
2025-06-17,2689,オルバヘルスケアホールディングス,スタンダード（内国株式）,卸売業,2112,2128,2105,2123,10,0.473261,8900,OK
2025-06-17,268A,リガク・ホールディングス,プライム（内国株式）,精密機器,700,719,700,719,10,1.410437,934100,OK
2025-06-17,2692,伊藤忠食品,プライム（内国株式）,卸売業,10030,10040,9870,9960,-30,-0.3003,8700,OK
2025-06-17,2693,ＹＫＴ,スタンダード（内国株式）,卸売業,235,238,234,234,-1,-0.425532,8100,OK
2025-06-17,2694,焼肉坂井ホールディングス,スタンダード（内国株式）,小売業,71,71,70,71,0,0,203700,OK
2025-06-17,2695,くら寿司,プライム（内国株式）,小売業,3265,3335,3160,3265,50,1.55521,488900,OK
2025-06-17,2698,キャンドゥ,スタンダード（内国株式）,小売業,3400,3415,3390,3390,-10,-0.294118,11300,OK
2025-06-17,269A,Ｓａｐｅｅｔ,グロース（内国株式）,情報･通信業,3155,3235,3045,3205,50,1.584786,34000,OK
2025-06-17,2700,木徳神糧,スタンダード（内国株式）,卸売業,11250,11620,10950,11520,-30,-0.25974,46700,OK
2025-06-17,2702,日本マクドナルドホールディングス,スタンダード（内国株式）,小売業,5970,6000,5950,5970,-10,-0.167224,565200,OK
2025-06-17,2705,大戸屋ホールディングス,スタンダード（内国株式）,小売業,5320,5320,5300,5310,-10,-0.18797,1200,OK
2025-06-17,2708,久世,スタンダード（内国株式）,卸売業,1596,1608,1593,1603,3,0.1875,3600,OK
2025-06-17,271A,アクセリア,TOKYO PRO MARKET（内国株式）,情報･通信業,,,,,,,,NO_QUOTE
2025-06-17,2721,ジェイホールディングス,スタンダード（内国株式）,卸売業,179,188,178,183,9,5.172414,328100,OK
2025-06-17,2722,ＩＫホールディングス,スタンダード（内国株式）,小売業,388,390,387,388,0,0,8100,OK
2025-06-17,2726,パルグループホールディングス,プライム（内国株式）,小売業,3605,3635,3520,3545,-30,-0.839161,428700,OK
2025-06-17,2730,エディオン,プライム（内国株式）,小売業,1993,2020,1987,2018,25,1.25439,268700,OK
2025-06-17,2733,あらた,プライム（内国株式）,卸売業,2984,3015,2971,3015,26,0.869856,72200,OK
2025-06-17,2734,サーラコーポレーション,プライム（内国株式）,小売業,931,936,924,924,-15,-1.597444,38100,OK
2025-06-17,2735,ワッツ,スタンダード（内国株式）,小売業,700,702,696,698,1,0.143472,18700,OK
2025-06-17,2736,フェスタリアホールディングス,スタンダード（内国株式）,小売業,650,650,580,607,-47,-7.186544,97700,OK
2025-06-17,2737,トーメンデバイス,プライム（内国株式）,卸売業,5740,5890,5740,5860,100,1.736111,17800,OK
2025-06-17,2742,ハローズ,プライム（内国株式）,小売業,4765,4785,4745,4770,0,0,13600,OK
2025-06-17,2743,ピクセルカンパニーズ,スタンダード（内国株式）,卸売業,78,96,78,92,24,35.294118,17407500,OK
2025-06-17,2747,北雄ラッキー,スタンダード（内国株式）,小売業,3030,3030,3030,3030,20,0.664452,100,OK
2025-06-17,2749,ＪＰホールディングス,プライム（内国株式）,サービス業,534,542,532,539,6,1.125704,273800,OK
2025-06-17,274A,ガーデン,スタンダード（内国株式）,小売業,2539,2539,2460,2465,-35,-1.4,38700,OK
2025-06-17,2750,石光商事,スタンダード（内国株式）,卸売業,1043,1043,1026,1037,-6,-0.575264,13500,OK
2025-06-17,2751,テンポスホールディングス,スタンダード（内国株式）,卸売業,3350,3365,3340,3350,-5,-0.149031,5400,OK
2025-06-17,2752,フジオフードグループ本社,プライム（内国株式）,小売業,1199,1203,1199,1200,2,0.166945,114600,OK
2025-06-17,2753,あみやき亭,プライム（内国株式）,小売業,1448,1472,1447,1472,24,1.657459,64400,OK
2025-06-17,275A,ハンワホームズ,TOKYO PRO MARKET（内国株式）,建設業,,,,,,,,NO_QUOTE
2025-06-17,2760,東京エレクトロン　デバイス,プライム（内国株式）,卸売業,2703,2805,2703,2799,98,3.628286,190100,OK
2025-06-17,2762,ＳＡＮＫＯ　ＭＡＲＫＥＴＩＮＧ　ＦＯＯＤＳ,スタンダード（内国株式）,小売業,99,102,98,99,1,1.020408,436700,OK
2025-06-17,2763,エフティグループ,スタンダード（内国株式）,卸売業,1134,1138,1128,1132,0,0,11100,OK
2025-06-17,2764,ひらまつ,スタンダード（内国株式）,小売業,140,141,137,137,-3,-2.142857,366100,OK
2025-06-17,2767,円谷フィールズホールディングス,プライム（内国株式）,卸売業,2172,2277,2169,2272,74,3.366697,636400,OK
2025-06-17,2768,双日,プライム（内国株式）,卸売業,3515,3522,3491,3492,-23,-0.654339,638500,OK
2025-06-17,2769,ヴィレッジヴァンガードコーポレーション,スタンダード（内国株式）,小売業,1053,1053,1047,1048,2,0.191205,6800,OK
2025-06-17,276A,ククレブ・アドバイザーズ,グロース（内国株式）,不動産業,5920,6010,5810,5970,110,1.877133,144500,OK
2025-06-17,2776,新都ホールディングス,スタンダード（内国株式）,卸売業,125,134,123,134,9,7.2,428500,OK
2025-06-17,2778,パレモ・ホールディングス,スタンダード（内国株式）,小売業,158,163,157,163,5,3.164557,86700,OK
2025-06-17,277A,グロービング,グロース（内国株式）,サービス業,2372,2383,2261,2278,-44,-1.894918,130600,OK
2025-06-17,2780,コメ兵ホールディングス,スタンダード（内国株式）,小売業,2774,2813,2773,2809,37,1.334776,50600,OK
2025-06-17,2782,セリア,スタンダード（内国株式）,小売業,2643,2643,2610,2612,-31,-1.17291,185600,OK
2025-06-17,2784,アルフレッサ　ホールディングス,プライム（内国株式）,卸売業,1937.5,1958,1932.5,1950,-7.5,-0.383142,236500,OK
2025-06-17,2788,アップルインターナショナル,スタンダード（内国株式）,卸売業,356,357,352,352,-4,-1.123596,26200,OK
2025-06-17,2789,カルラ,スタンダード（内国株式）,小売業,453,453,451,451,-1,-0.221239,900,OK
2025-06-17,278A,Ｔｅｒｒａ　Ｄｒｏｎｅ,グロース（内国株式）,精密機器,4990,5540,4985,5420,-370,-6.390328,1487500,OK
2025-06-17,2790,ナフコ,スタンダード（内国株式）,小売業,1718,1728,1712,1713,2,0.116891,6400,OK
2025-06-17,2791,大黒天物産,プライム（内国株式）,小売業,6940,6950,6820,6870,-100,-1.43472,45200,OK
2025-06-17,2792,ハニーズホールディングス,プライム（内国株式）,小売業,1513,1516,1506,1511,-2,-0.132188,37900,OK
2025-06-17,2795,日本プリメックス,スタンダード（内国株式）,卸売業,884,884,884,884,-15,-1.668521,100,OK
2025-06-17,2796,ファーマライズホールディングス,スタンダード（内国株式）,小売業,485,490,485,486,1,0.206186,6400,OK
2025-06-17,2798,ワイズテーブルコーポレーション,スタンダード（内国株式）,小売業,2957,2967,2957,2967,-11,-0.369375,1500,OK
2025-06-17,279A,インターグ,TOKYO PRO MARKET（内国株式）,サービス業,,,,,,,,NO_QUOTE
2025-06-17,2801,キッコーマン,プライム（内国株式）,食料品,1279,1285,1276,1278,-5.5,-0.428516,1696500,OK
2025-06-17,2802,味の素,プライム（内国株式）,食料品,3698,3714,3674,3703,5,0.135208,1233900,OK
2025-06-17,2804,ブルドックソース,プライム（内国株式）,食料品,1807,1810,1775,1787,-16,-0.88741,11200,OK
2025-06-17,2805,ヱスビー食品,スタンダード（内国株式）,食料品,3100,3140,3085,3125,30,0.969305,26200,OK
2025-06-17,2806,ユタカフーズ,スタンダード（内国株式）,食料品,,,,,,,,NO_QUOTE
2025-06-17,2809,キユーピー,プライム（内国株式）,食料品,3338,3353,3318,3321,-29,-0.865672,243300,OK
2025-06-17,280A,ＴＭＨ,グロース（内国株式）,卸売業,1491,1491,1431,1457,35,2.461322,15100,OK
2025-06-17,2810,ハウス食品グループ本社,プライム（内国株式）,食料品,2807.5,2810,2761,2768,-48,-1.704545,244100,OK
2025-06-17,2811,カゴメ,プライム（内国株式）,食料品,2916.5,2919,2890.5,2891,-33,-1.128591,328500,OK
2025-06-17,2813,和弘食品,スタンダード（内国株式）,食料品,3660,3760,3660,3725,45,1.222826,3300,OK
2025-06-17,2814,佐藤食品工業,スタンダード（内国株式）,食料品,,,,,,,,NO_QUOTE
2025-06-17,2815,アリアケジャパン,プライム（内国株式）,食料品,6490,6530,6350,6490,-10,-0.153846,58100,OK
2025-06-17,2816,ダイショー,スタンダード（内国株式）,食料品,1400,1404,1400,1400,-1,-0.071378,2900,OK
2025-06-17,2818,ピエトロ,スタンダード（内国株式）,食料品,1732,1733,1730,1730,-2,-0.115473,2300,OK
2025-06-17,2819,エバラ食品工業,スタンダード（内国株式）,食料品,2535,2542,2518,2518,-26,-1.022013,6000,OK
2025-06-17,281A,インフォメティス,グロース（内国株式）,情報･通信業,612,622,612,616,3,0.489396,19300,OK
2025-06-17,2820,やまみ,スタンダード（内国株式）,食料品,4955,5000,4795,4800,-110,-2.240326,24900,OK
2025-06-17,2830,アヲハタ,スタンダード（内国株式）,食料品,2597,2600,2593,2596,0,0,1100,OK
2025-06-17,2831,はごろもフーズ,スタンダード（内国株式）,食料品,3230,3270,3230,3235,25,0.778816,1400,OK
2025-06-17,284A,フクヤ建設,TOKYO PRO MARKET（内国株式）,建設業,,,,,,,,NO_QUOTE
2025-06-17,285A,キオクシアホールディングス,プライム（内国株式）,電気機器,2029,2129,2025,2084,75,3.733201,6972500,OK
2025-06-17,286A,ユカリア,グロース（内国株式）,サービス業,1007,1012,994,996,-6,-0.598802,180700,OK
2025-06-17,2871,ニチレイ,プライム（内国株式）,食料品,1874,1882,1870.5,1871.5,-12.5,-0.663482,541800,OK
2025-06-17,2872,セイヒョー,スタンダード（内国株式）,食料品,2499,2535,2431,2535,63,2.548544,10500,OK
2025-06-17,2874,横浜冷凍,プライム（内国株式）,卸売業,895,902,889,891,-6,-0.668896,55200,OK
2025-06-17,2875,東洋水産,プライム（内国株式）,食料品,9499,9530,9424,9455,79,0.842577,325500,OK
2025-06-17,2876,デルソーレ,スタンダード（内国株式）,食料品,402,402,395,398,1,0.251889,1500,OK
2025-06-17,2877,日東ベスト,スタンダード（内国株式）,食料品,727,742,725,742,14,1.923077,3300,OK
2025-06-17,287A,黒田グループ,スタンダード（内国株式）,卸売業,915,919,911,917,2,0.218579,142100,OK
2025-06-17,2882,イートアンドホールディングス,プライム（内国株式）,食料品,2043,2053,2036,2049,6,0.293686,14000,OK
2025-06-17,2883,大冷,スタンダード（内国株式）,食料品,1940,1970,1930,1938,-2,-0.103093,9100,OK
2025-06-17,2884,ヨシムラ・フード・ホールディングス,プライム（内国株式）,食料品,1015,1028,987,996,5,0.504541,133700,OK
2025-06-17,288A,ラクサス・テクノロジーズ,グロース（内国株式）,サービス業,209,230,208,217,6,2.843602,1592100,OK
2025-06-17,2892,日本食品化工,スタンダード（内国株式）,食料品,3210,3235,3170,3210,-15,-0.465116,16500,OK
2025-06-17,2894,石井食品,スタンダード（内国株式）,食料品,312,313,310,310,-2,-0.641026,8600,OK
2025-06-17,2897,日清食品ホールディングス,プライム（内国株式）,食料品,2957,2963,2945,2950,-18,-0.606469,808700,OK
2025-06-17,2901,ウェルディッシュ,スタンダード（内国株式）,食料品,627,627,613,618,-8,-1.277955,18100,OK
2025-06-17,2903,シノブフーズ,スタンダード（内国株式）,食料品,1307,1330,1299,1299,-36,-2.696629,25300,OK
2025-06-17,2904,一正蒲鉾,スタンダード（内国株式）,食料品,783,786,775,775,-9,-1.147959,25600,OK
2025-06-17,2907,あじかん,スタンダード（内国株式）,食料品,1244,1246,1229,1229,-17,-1.364366,2100,OK
2025-06-17,2908,フジッコ,プライム（内国株式）,食料品,1603,1603,1590,1594,-9,-0.561447,21800,OK
2025-06-17,290A,Ｓｙｎｓｐｅｃｔｉｖｅ,グロース（内国株式）,情報･通信業,1235,1243,1104,1104,-300,-21.367521,3572000,OK
2025-06-17,2910,ロック・フィールド,プライム（内国株式）,食料品,1483,1489,1475,1480,-3,-0.202293,30200,OK
2025-06-17,2911,旭松食品,スタンダード（内国株式）,食料品,2277,2290,2266,2266,-10,-0.439367,1400,OK
2025-06-17,2914,日本たばこ産業,プライム（内国株式）,食料品,4359,4360,4340,4355,-5,-0.114679,2367900,OK
2025-06-17,2915,ケンコーマヨネーズ,プライム（内国株式）,食料品,1791,1793,1766,1766,-32,-1.779755,35100,OK
2025-06-17,2916,仙波糖化工業,スタンダード（内国株式）,食料品,759,759,752,752,-5,-0.660502,1900,OK
2025-06-17,2917,大森屋,スタンダード（内国株式）,食料品,960,960,958,958,2,0.209205,1600,OK
2025-06-17,2918,わらべや日洋ホールディングス,プライム（内国株式）,食料品,2260,2269,2241,2251,-3,-0.133097,35200,OK
2025-06-17,291A,リスキル,グロース（内国株式）,サービス業,3255,3255,3200,3220,-10,-0.309598,4400,OK
2025-06-17,2922,なとり,プライム（内国株式）,食料品,2035,2035,2016,2016,-19,-0.933661,11500,OK
2025-06-17,2923,サトウ食品,スタンダード（内国株式）,食料品,7480,7480,7430,7480,20,0.268097,1900,OK
2025-06-17,2924,イフジ産業,スタンダード（内国株式）,食料品,1935,1945,1918,1931,-9,-0.463918,8000,OK
2025-06-17,2926,篠崎屋,スタンダード（内国株式）,食料品,91,94,91,94,3,3.296703,157700,OK
2025-06-17,2927,ＡＦＣ−ＨＤアムスライフサイエンス,スタンダード（内国株式）,食料品,863,863,858,862,4,0.4662,8100,OK
2025-06-17,2929,ファーマフーズ,プライム（内国株式）,食料品,902,904,879,879,-23,-2.549889,113400,OK
2025-06-17,292A,エスアイイー,TOKYO PRO MARKET（内国株式）,サービス業,,,,,,,,NO_QUOTE
2025-06-17,2930,北の達人コーポレーション,プライム（内国株式）,化学,138,140,138,138,0,0,347100,OK
2025-06-17,2931,ユーグレナ,プライム（内国株式）,食料品,431,432,428,429,-1,-0.232558,236500,OK
2025-06-17,2932,ＳＴＩフードホールディングス,スタンダード（内国株式）,食料品,1363,1383,1356,1368,18,1.333333,24100,OK
2025-06-17,2933,紀文食品,プライム（内国株式）,食料品,1067,1071,1066,1069,0,0,9100,OK
2025-06-17,2934,ジェイフロンティア,グロース（内国株式）,食料品,1826,1826,1760,1765,-36,-1.99889,15200,OK
2025-06-17,2935,ピックルスホールディングス,プライム（内国株式）,食料品,917,927,915,927,12,1.311475,19100,OK
2025-06-17,2936,ベースフード,グロース（内国株式）,食料品,465,467,450,457,-12,-2.558635,69400,OK
2025-06-17,2937,サンクゼール,グロース（内国株式）,食料品,1470,1493,1470,1477,7,0.47619,4600,OK
2025-06-17,2938,オカムラ食品工業,スタンダード（内国株式）,食料品,3300,3335,3250,3290,25,0.765697,54700,OK
2025-06-17,293A,ＢＡＢＹ　ＪＯＢ,TOKYO PRO MARKET（内国株式）,小売業,,,,,,,,NO_QUOTE
2025-06-17,2961,日本調理機,スタンダード（内国株式）,金属製品,3920,3920,3920,3920,-70,-1.754386,100,OK
2025-06-17,2962,テクニスコ,スタンダード（内国株式）,金属製品,304,310,303,306,0,0,13300,OK
2025-06-17,296A,令和アカウンティング・ホールディングス,グロース（内国株式）,サービス業,709,732,702,717,25,3.612717,181400,OK
2025-06-17,2970,グッドライフカンパニー,スタンダード（内国株式）,不動産業,3220,3220,3210,3210,0,0,300,OK
2025-06-17,2975,スター・マイカ・ホールディングス,プライム（内国株式）,不動産業,985,996,982,995,4,0.403633,142700,OK
2025-06-17,2978,ツクルバ,グロース（内国株式）,不動産業,650,655,638,640,-1,-0.156006,43600,OK
2025-06-17,297A,アルピコホールディングス,スタンダード（内国株式）,小売業,215,218,215,216,1,0.465116,76300,OK
2025-06-17,2980,ＳＲＥホールディングス,プライム（内国株式）,不動産業,3560,3580,3505,3545,5,0.141243,113900,OK
2025-06-17,2981,ランディックス,グロース（内国株式）,不動産業,3240,3320,3240,3320,75,2.311248,4200,OK
2025-06-17,2982,ＡＤワークスグループ,プライム（内国株式）,不動産業,301,303,300,301,0,0,372600,OK
2025-06-17,2983,アールプランナー,グロース（内国株式）,不動産業,1850,2017,1810,1821,-37,-1.991389,60300,OK
2025-06-17,2984,ヤマイチ・ユニハイムエステート,スタンダード（内国株式）,不動産業,668,670,666,669,1,0.149701,6400,OK
2025-06-17,2985,ファーストステージ,TOKYO PRO MARKET（内国株式）,不動産業,,,,,,,,NO_QUOTE
2025-06-17,2986,ＬＡホールディングス,グロース（内国株式）,不動産業,6310,6380,6310,6350,30,0.474684,54200,OK
2025-06-17,298A,ＧＶＡ　ＴＥＣＨ,グロース（内国株式）,情報･通信業,604,605,595,598,-6,-0.993377,6200,OK
2025-06-17,2990,アイダ設計,TOKYO PRO MARKET（内国株式）,不動産業,,,,,,,,NO_QUOTE
2025-06-17,2991,ランドネット,スタンダード（内国株式）,不動産業,1184,1184,1151,1180,-9,-0.756939,10400,OK
2025-06-17,2992,アーバンライク,TOKYO PRO MARKET（内国株式）,不動産業,,,,,,,,NO_QUOTE
2025-06-17,2993,長栄,スタンダード（内国株式）,不動産業,2005,2021,2005,2021,19,0.949051,200,OK
2025-06-17,2994,アンサーホールディングス,TOKYO PRO MARKET（内国株式）,不動産業,,,,,,,,NO_QUOTE
2025-06-17,2995,ジェイレックス・コーポレーション,TOKYO PRO MARKET（内国株式）,不動産業,,,,,,,,NO_QUOTE
2025-06-17,2997,ストレージ王,グロース（内国株式）,不動産業,862,864,860,864,6,0.699301,1000,OK
2025-06-17,2998,クリアル,グロース（内国株式）,不動産業,5690,6010,5590,5970,360,6.417112,99600,OK
2025-06-17,2999,ホームポジション,スタンダード（内国株式）,不動産業,509,509,502,508,3,0.594059,8000,OK
2025-06-17,299A,ｄｅｌｙ,グロース（内国株式）,サービス業,1600,1720,1592,1711,104,6.471686,373300,OK
2025-06-17,3001,片倉工業,スタンダード（内国株式）,繊維製品,2208,2277,2208,2259,51,2.309783,16900,OK
2025-06-17,3002,グンゼ,プライム（内国株式）,繊維製品,3520,3545,3485,3535,20,0.56899,135400,OK
2025-06-17,3003,ヒューリック,プライム（内国株式）,不動産業,1450,1463.5,1443,1463.5,14,0.96585,1770000,OK
2025-06-17,3004,神栄,スタンダード（内国株式）,卸売業,1746,1747,1735,1743,8,0.461095,4300,OK
2025-06-17,300A,ＭＩＣ,スタンダード（内国株式）,サービス業,2463,2525,2450,2523,24,0.960384,36200,OK
2025-06-17,3010,ポラリス・ホールディングス,スタンダード（内国株式）,サービス業,215,219,212,217,3,1.401869,429200,OK
2025-06-17,3011,バナーズ,スタンダード（内国株式）,小売業,143,145,141,145,2,1.398601,31500,OK
2025-06-17,301A,インデックス,TOKYO PRO MARKET（内国株式）,不動産業,,,,,,,,NO_QUOTE
2025-06-17,3020,アプライド,スタンダード（内国株式）,小売業,3380,3380,3360,3375,-5,-0.147929,700,OK
2025-06-17,3021,パシフィックネット,スタンダード（内国株式）,サービス業,1244,1244,1240,1240,-3,-0.241352,1100,OK
2025-06-17,3023,ラサ商事,スタンダード（内国株式）,卸売業,1455,1458,1452,1456,2,0.137552,9700,OK
2025-06-17,3024,クリエイト,スタンダード（内国株式）,卸売業,1008,1008,1000,1003,-5,-0.496032,1500,OK
2025-06-17,3028,アルペン,プライム（内国株式）,小売業,2370,2370,2350,2352,-22,-0.926706,98800,OK
2025-06-17,302A,ビースタイルホールディングス,グロース（内国株式）,サービス業,1227,1238,1227,1230,3,0.244499,3000,OK
2025-06-17,3030,ハブ,スタンダード（内国株式）,小売業,750,751,747,751,1,0.133333,11400,OK
2025-06-17,3031,ラクーンホールディングス,プライム（内国株式）,情報･通信業,726,739,724,728,2,0.275482,323100,OK
2025-06-17,3034,クオールホールディングス,プライム（内国株式）,小売業,1870,1878,1848,1873,0,0,134400,OK
2025-06-17,3035,ケイティケイ,スタンダード（内国株式）,卸売業,649,649,638,638,-8,-1.23839,1200,OK
2025-06-17,3036,アルコニックス,プライム（内国株式）,卸売業,1792,1799,1776,1792,2,0.111732,62200,OK
2025-06-17,3038,神戸物産,プライム（内国株式）,卸売業,4630,4640,4456,4474,-226,-4.808511,2141300,OK
2025-06-17,303A,ｖｉｓｕｍｏ,グロース（内国株式）,情報･通信業,1043,1057,1040,1046,3,0.287632,6700,OK
2025-06-17,3040,ソリトンシステムズ,プライム（内国株式）,情報･通信業,1344,1348,1324,1339,3,0.224551,15100,OK
2025-06-17,3041,ビューティカダンホールディングス,スタンダード（内国株式）,卸売業,592,597,589,592,4,0.680272,21900,OK
2025-06-17,3042,セキュアヴェイル,グロース（内国株式）,情報･通信業,322,332,319,332,10,3.10559,121700,OK
2025-06-17,3045,カワサキ,スタンダード（内国株式）,卸売業,1399,1399,1399,1399,0,0,100,OK
2025-06-17,3046,ジンズホールディングス,プライム（内国株式）,小売業,8470,8530,8340,8520,270,3.272727,206700,OK
2025-06-17,3048,ビックカメラ,プライム（内国株式）,小売業,1531,1539,1529,1536.5,7.5,0.490517,316300,OK
2025-06-17,304A,フォルシア,グロース（内国株式）,情報･通信業,2060,2159,2033,2110,50,2.427184,12600,OK
2025-06-17,3050,ＤＣＭホールディングス,プライム（内国株式）,小売業,1328,1340,1327,1331,2,0.150489,252000,OK
2025-06-17,3053,ペッパーフードサービス,スタンダード（内国株式）,小売業,218,220,217,219,2,0.921659,382300,OK
2025-06-17,3054,ハイパー,スタンダード（内国株式）,卸売業,301,304,301,302,1,0.332226,2200,OK
2025-06-17,3058,三洋堂ホールディングス,スタンダード（内国株式）,小売業,684,684,681,684,4,0.588235,1200,OK
2025-06-17,3059,ヒラキ,スタンダード（内国株式）,小売業,849,851,847,850,1,0.117786,3000,OK
2025-06-17,305A,ダブルツリー,TOKYO PRO MARKET（内国株式）,小売業,,,,,,,,NO_QUOTE
2025-06-17,3063,ジェイグループホールディングス,グロース（内国株式）,小売業,715,717,714,715,0,0,11200,OK
2025-06-17,3064,ＭｏｎｏｔａＲＯ,プライム（内国株式）,小売業,2856.5,2905.5,2856.5,2887,16.5,0.574813,868800,OK
2025-06-17,3065,ライフフーズ,スタンダード（内国株式）,小売業,1656,1656,1656,1656,0,0,200,OK
2025-06-17,3067,東京一番フーズ,スタンダード（内国株式）,小売業,465,466,464,465,0,0,5700,OK
2025-06-17,3068,ＷＤＩ,スタンダード（内国株式）,小売業,3010,3010,3000,3000,-5,-0.166389,2700,OK
2025-06-17,3069,ＪＦＬＡホールディングス,スタンダード（内国株式）,食料品,166,169,165,166,1,0.606061,192700,OK
2025-06-17,3070,ジェリービーンズグループ,グロース（内国株式）,卸売業,231,260,223,241,15,6.637168,4406200,OK
2025-06-17,3071,ストリーム,スタンダード（内国株式）,小売業,108,109,108,108,-1,-0.917431,10400,OK
2025-06-17,3073,ＤＤグループ,プライム（内国株式）,小売業,1424,1432,1412,1412,-16,-1.120448,19600,OK
2025-06-17,3075,銚子丸,スタンダード（内国株式）,小売業,1500,1502,1499,1501,0,0,1400,OK
2025-06-17,3076,あい　ホールディングス,プライム（内国株式）,卸売業,2403,2444,2403,2424,21,0.873908,193200,OK
2025-06-17,3077,ホリイフードサービス,スタンダード（内国株式）,小売業,324,324,320,322,2,0.625,6600,OK
2025-06-17,3079,ディーブイエックス,スタンダード（内国株式）,卸売業,916,926,914,923,8,0.874317,1300,OK
2025-06-17,307A,ハウジング・スタッフ,TOKYO PRO MARKET（内国株式）,建設業,,,,,,,,NO_QUOTE
2025-06-17,3080,ジェーソン,スタンダード（内国株式）,小売業,697,698,692,695,-1,-0.143678,4400,OK
2025-06-17,3082,きちりホールディングス,スタンダード（内国株式）,小売業,915,916,913,913,-2,-0.218579,22500,OK
2025-06-17,3083,スターシーズ,スタンダード（内国株式）,小売業,865,945,861,920,58,6.728538,468700,OK
2025-06-17,3086,Ｊ．フロント　リテイリング,プライム（内国株式）,小売業,2014,2043,1983,2034,19.5,0.967982,1157200,OK
2025-06-17,3087,ドトール・日レスホールディングス,プライム（内国株式）,小売業,2670,2675,2642,2644,-32,-1.195815,146600,OK
2025-06-17,3088,マツキヨココカラ＆カンパニー,プライム（内国株式）,小売業,2842,2855,2807,2826.5,-21,-0.737489,943400,OK
2025-06-17,3089,テクノアルファ,スタンダード（内国株式）,卸売業,879,895,879,895,15,1.704545,1500,OK
2025-06-17,308A,ぽすとめいとホールディングス,TOKYO PRO MARKET（内国株式）,サービス業,,,,,,,,NO_QUOTE
2025-06-17,3091,ブロンコビリー,プライム（内国株式）,小売業,3755,3790,3755,3775,30,0.801068,51900,OK
2025-06-17,3092,ＺＯＺＯ,プライム（内国株式）,小売業,1528.5,1534,1516.5,1519,-11,-0.718954,1592900,OK
2025-06-17,3093,トレジャー・ファクトリー,プライム（内国株式）,小売業,1845,1891,1844,1879,36,1.953337,164600,OK
2025-06-17,3094,スーパーバリュー,スタンダード（内国株式）,小売業,776,792,760,775,-2,-0.2574,4700,OK
2025-06-17,3096,オーシャンシステム,スタンダード（内国株式）,小売業,1262,1271,1260,1260,-2,-0.158479,3600,OK
2025-06-17,3097,物語コーポレーション,プライム（内国株式）,小売業,3845,3855,3790,3810,10,0.263158,228000,OK
2025-06-17,3099,三越伊勢丹ホールディングス,プライム（内国株式）,小売業,2295.5,2303.5,2251,2281,-19.5,-0.847642,2483600,OK
2025-06-17,309A,コスモス調剤,TOKYO PRO MARKET（内国株式）,小売業,,,,,,,,NO_QUOTE
2025-06-17,3101,東洋紡,プライム（内国株式）,繊維製品,895,897,890,895,6,0.674916,193100,OK
2025-06-17,3103,ユニチカ,プライム（内国株式）,繊維製品,163,164,158,159,-2,-1.242236,863100,OK
2025-06-17,3104,富士紡ホールディングス,プライム（内国株式）,繊維製品,5210,5340,5190,5310,100,1.919386,27700,OK
2025-06-17,3105,日清紡ホールディングス,プライム（内国株式）,電気機器,908.4,912.6,901.4,911.9,6.8,0.751298,617800,OK
2025-06-17,3106,倉敷紡績,プライム（内国株式）,繊維製品,7500,7690,7500,7650,170,2.272727,64800,OK
2025-06-17,3107,ダイワボウホールディングス,プライム（内国株式）,卸売業,2482,2508.5,2465.5,2485.5,8,0.322906,264200,OK
2025-06-17,3109,シキボウ,プライム（内国株式）,繊維製品,952,952,948,948,-3,-0.315457,18100,OK
2025-06-17,310A,サーティーフォー,TOKYO PRO MARKET（内国株式）,不動産業,,,,,,,,NO_QUOTE
2025-06-17,3110,日東紡績,プライム（内国株式）,ガラス･土石製品,5050,5140,5010,5020,-60,-1.181102,340200,OK
2025-06-17,3111,オーミケンシ,スタンダード（内国株式）,繊維製品,295,295,291,292,2,0.689655,7100,OK
2025-06-17,3113,ＵＮＩＶＡ・Ｏａｋホールディングス,スタンダード（内国株式）,証券･商品先物取引業,76,77,76,77,2,2.666667,115200,OK
2025-06-17,3116,トヨタ紡織,プライム（内国株式）,輸送用機器,1907,1921.5,1907,1916,6,0.314136,236300,OK
2025-06-17,311A,ＮＰＴ,TOKYO PRO MARKET（内国株式）,医薬品,,,,,,,,NO_QUOTE
2025-06-17,3121,マーチャント・バンカーズ,スタンダード（内国株式）,サービス業,340,360,340,356,16,4.705882,304400,OK
2025-06-17,3123,サイボー,スタンダード（内国株式）,繊維製品,480,481,479,479,-1,-0.208333,600,OK
2025-06-17,312A,シンコーホールディングス,TOKYO PRO MARKET（内国株式）,建設業,,,,,,,,NO_QUOTE
2025-06-17,3131,シンデン・ハイテックス,スタンダード（内国株式）,卸売業,2983,2995,2940,2968,10,0.338066,33300,OK
2025-06-17,3132,マクニカホールディングス,プライム（内国株式）,卸売業,1912,1928,1903,1910,7.5,0.394218,213400,OK
2025-06-17,3133,海帆,グロース（内国株式）,小売業,720,736,705,723,3,0.416667,857500,OK
2025-06-17,3134,Ｈａｍｅｅ,スタンダード（内国株式）,小売業,1276,1277,1232,1239,-43,-3.354134,246900,OK
2025-06-17,3135,マーケットエンタープライズ,プライム（内国株式）,小売業,1657,1657,1595,1600,-23,-1.417129,37200,OK
2025-06-17,3137,ファンデリー,グロース（内国株式）,小売業,433,443,429,440,5,1.149425,111800,OK
2025-06-17,3138,富士山マガジンサービス,グロース（内国株式）,小売業,935,938,933,936,1,0.106952,2100,OK
2025-06-17,3139,ラクト・ジャパン,プライム（内国株式）,卸売業,3700,3735,3620,3670,-60,-1.608579,36100,OK
2025-06-17,3140,ＢＲＵＮＯ,グロース（内国株式）,卸売業,1040,1040,1039,1039,-1,-0.096154,11000,OK
2025-06-17,3141,ウエルシアホールディングス,プライム（内国株式）,小売業,2526,2566,2524.5,2526.5,-15,-0.590203,351700,OK
2025-06-17,3143,オーウイル,スタンダード（内国株式）,卸売業,1757,1760,1751,1751,-16,-0.90549,900,OK
2025-06-17,3148,クリエイトＳＤホールディングス,プライム（内国株式）,小売業,3170,3170,3125,3150,-5,-0.158479,88200,OK
2025-06-17,3150,グリムス,プライム（内国株式）,電気･ガス業,2333,2368,2318,2345,5,0.213675,38500,OK
2025-06-17,3151,バイタルケーエスケー・ホールディングス,プライム（内国株式）,卸売業,1214,1215,1204,1205,-9,-0.741351,43800,OK
2025-06-17,3153,八洲電機,プライム（内国株式）,卸売業,1689,1689,1671,1677,-5,-0.297265,12200,OK
2025-06-17,3154,メディアスホールディングス,プライム（内国株式）,卸売業,950,950,944,949,-1,-0.105263,20700,OK
2025-06-17,3156,レスター,プライム（内国株式）,卸売業,2474,2489,2467,2474,4,0.161943,20100,OK
2025-06-17,3157,ジオリーブグループ,スタンダード（内国株式）,卸売業,1092,1096,1091,1096,4,0.3663,700,OK
2025-06-17,3159,丸善ＣＨＩホールディングス,スタンダード（内国株式）,小売業,334,334,330,333,0,0,69200,OK
2025-06-17,3160,大光,スタンダード（内国株式）,卸売業,561,562,559,560,-1,-0.178253,13300,OK
2025-06-17,3161,アゼアス,スタンダード（内国株式）,卸売業,630,637,629,636,6,0.952381,8800,OK
2025-06-17,3166,ＯＣＨＩホールディングス,スタンダード（内国株式）,卸売業,1397,1397,1393,1396,2,0.143472,2900,OK
2025-06-17,3167,ＴＯＫＡＩホールディングス,プライム（内国株式）,卸売業,1005,1008,999,1001,-4,-0.39801,101100,OK
2025-06-17,3168,ＭＥＲＦ,スタンダード（内国株式）,卸売業,551,551,543,544,-7,-1.270417,14000,OK
2025-06-17,3169,ミサワ,スタンダード（内国株式）,小売業,645,645,636,636,0,0,1800,OK
2025-06-17,3172,ティーライフ,スタンダード（内国株式）,小売業,1183,1185,1182,1183,0,0,1400,OK
2025-06-17,3173,Ｃｏｍｉｎｉｘ,スタンダード（内国株式）,卸売業,825,833,824,824,-1,-0.121212,1500,OK
2025-06-17,3174,ハピネス・アンド・ディ,スタンダード（内国株式）,小売業,711,711,706,709,0,0,700,OK
2025-06-17,3175,エー・ピーホールディングス,スタンダード（内国株式）,小売業,903,910,903,907,4,0.442968,8100,OK
2025-06-17,3176,三洋貿易,プライム（内国株式）,卸売業,1430,1440,1426,1428,-2,-0.13986,17800,OK
2025-06-17,3177,ありがとうサービス,スタンダード（内国株式）,小売業,3335,3350,3335,3340,-10,-0.298507,300,OK
2025-06-17,3178,チムニー,スタンダード（内国株式）,小売業,1230,1234,1228,1230,0,0,4300,OK
2025-06-17,3179,シュッピン,プライム（内国株式）,小売業,1105,1115,1095,1098,-1,-0.090992,175800,OK
2025-06-17,317A,エス・エム・エス・データテック,TOKYO PRO MARKET（内国株式）,情報･通信業,,,,,,,,NO_QUOTE
2025-06-17,3180,ビューティガレージ,プライム（内国株式）,卸売業,1657,1674,1627,1631,-27,-1.628468,30000,OK
2025-06-17,3181,買取王国,スタンダード（内国株式）,小売業,927,938,909,910,-28,-2.985075,7500,OK
2025-06-17,3182,オイシックス・ラ・大地,プライム（内国株式）,小売業,1660,1674,1631,1634,6,0.36855,88500,OK
2025-06-17,3183,ウイン・パートナーズ,プライム（内国株式）,卸売業,1325,1326,1315,1322,6,0.455927,12800,OK
2025-06-17,3184,ＩＣＤＡホールディングス,スタンダード（内国株式）,小売業,3410,3480,3385,3385,-25,-0.733138,1100,OK
2025-06-17,3185,夢展望,グロース（内国株式）,小売業,147,147,144,145,0,0,89300,OK
2025-06-17,3186,ネクステージ,プライム（内国株式）,小売業,1660,1693,1655,1686,45,2.74223,294800,OK
2025-06-17,3187,ミラタップ,グロース（内国株式）,小売業,382,387,381,384,1,0.261097,8700,OK
2025-06-17,3189,ＡＮＡＰホールディングス,スタンダード（内国株式）,小売業,1485,1770,1454,1671,171,11.4,2959900,OK
2025-06-17,3190,ホットマン,スタンダード（内国株式）,小売業,593,600,592,596,3,0.505902,2100,OK
2025-06-17,3191,ジョイフル本田,プライム（内国株式）,小売業,2017,2027,2016,2019,1,0.049554,518900,OK
2025-06-17,3192,白鳩,スタンダード（内国株式）,小売業,268,271,268,269,0,0,23400,OK
2025-06-17,3193,エターナルホスピタリティグループ,プライム（内国株式）,小売業,3065,3085,3015,3035,-15,-0.491803,44500,OK
2025-06-17,3195,ジェネレーションパス,グロース（内国株式）,小売業,390,396,385,385,2,0.522193,65300,OK
2025-06-17,3196,ホットランドホールディングス,プライム（内国株式）,小売業,2130,2134,2127,2129,-1,-0.046948,26000,OK
2025-06-17,3197,すかいらーくホールディングス,プライム（内国株式）,小売業,3080,3088,3057,3064,-14,-0.454841,1064300,OK
2025-06-17,3198,ＳＦＰホールディングス,プライム（内国株式）,小売業,2213,2223,2193,2221,8,0.3615,31400,OK
2025-06-17,3199,綿半ホールディングス,プライム（内国株式）,小売業,1550,1556,1548,1555,-2,-0.128452,8800,OK
2025-06-17,319A,技術承継機構,グロース（内国株式）,金属製品,4495,4630,4460,4525,65,1.457399,99500,OK
2025-06-17,3201,日本毛織,プライム（内国株式）,繊維製品,1395,1418,1394,1413,19,1.362984,81700,OK
2025-06-17,3202,ダイトウボウ,スタンダード（内国株式）,繊維製品,105,105,104,105,0,0,20700,OK
2025-06-17,3204,トーア紡コーポレーション,スタンダード（内国株式）,繊維製品,391,394,391,393,-1,-0.253807,6500,OK
2025-06-17,3205,ダイドーリミテッド,スタンダード（内国株式）,繊維製品,1016,1016,1004,1013,-2,-0.197044,124200,OK
2025-06-17,320A,Ｄ＆Ｉ,TOKYO PRO MARKET（内国株式）,サービス業,,,,,,,,NO_QUOTE
2025-06-17,321A,ヒューマンステージホールディングス,TOKYO PRO MARKET（内国株式）,サービス業,,,,,,,,NO_QUOTE
2025-06-17,3221,ヨシックスホールディングス,プライム（内国株式）,小売業,2528,2564,2528,2549,28,1.11067,34300,OK
2025-06-17,3222,ユナイテッド・スーパーマーケット・ホールディングス,スタンダード（内国株式）,小売業,920,922,907,908,-12,-1.304348,186600,OK
2025-06-17,3223,エスエルディー,スタンダード（内国株式）,小売業,930,931,919,919,-3,-0.32538,1200,OK
2025-06-17,3224,ゼネラル・オイスター,グロース（内国株式）,小売業,695,702,695,696,2,0.288184,2100,OK
2025-06-17,322A,ヒメジ理化,TOKYO PRO MARKET（内国株式）,ガラス･土石製品,,,,,,,,NO_QUOTE
2025-06-17,3231,野村不動産ホールディングス,プライム（内国株式）,不動産業,843,850.9,837.7,849.3,8.8,1.046996,2401900,OK
2025-06-17,3232,三重交通グループホールディングス,プライム（内国株式）,不動産業,481,484,480,482,1,0.2079,40800,OK
2025-06-17,3236,プロパスト,スタンダード（内国株式）,不動産業,203,204,201,202,-2,-0.980392,70800,OK
2025-06-17,3237,イントランス,グロース（内国株式）,不動産業,68,72,68,72,4,5.882353,1921700,OK
2025-06-17,3238,セントラル総合開発,スタンダード（内国株式）,不動産業,446,448,444,444,-10,-2.202643,6600,OK
2025-06-17,323A,フライヤー,グロース（内国株式）,情報･通信業,999,1010,970,994,-5,-0.500501,21600,OK
2025-06-17,3241,ウィル,スタンダード（内国株式）,不動産業,458,458,451,451,1,0.222222,3600,OK
2025-06-17,3242,アーバネットコーポレーション,スタンダード（内国株式）,不動産業,481,483,479,483,2,0.4158,149700,OK
2025-06-17,3245,ディア・ライフ,プライム（内国株式）,不動産業,1156,1163,1151,1157,0,0,79300,OK
2025-06-17,3246,コーセーアールイー,スタンダード（内国株式）,不動産業,644,649,638,639,-3,-0.46729,13200,OK
2025-06-17,3248,アールエイジ,スタンダード（内国株式）,不動産業,828,828,827,827,-1,-0.120773,1700,OK
2025-06-17,324A,ブッキングリゾート,グロース（内国株式）,サービス業,1196,1221,1164,1200,1,0.083403,250100,OK
2025-06-17,3252,地主,プライム（内国株式）,不動産業,2155,2171,2150,2157,6,0.27894,44400,OK
2025-06-17,325A,ＴＥＮＴＩＡＬ,グロース（内国株式）,繊維製品,6090,6090,6090,6090,1000,19.646365,35700,OK
2025-06-17,3261,グランディーズ,グロース（内国株式）,不動産業,1128,1134,1126,1129,0,0,11800,OK
2025-06-17,3266,ファンドクリエーショングループ,スタンダード（内国株式）,不動産業,82,84,82,83,1,1.219512,102300,OK
2025-06-17,3267,フィル・カンパニー,スタンダード（内国株式）,建設業,883,925,871,908,27,3.064699,49600,OK
2025-06-17,326A,ａｅｒｏ　ｌａｂ　ｉｎｔｅｒｎａｔｉｏｎａｌ,TOKYO PRO MARKET（内国株式）,卸売業,,,,,,,,NO_QUOTE
2025-06-17,3271,ＴＨＥグローバル社,スタンダード（内国株式）,不動産業,939,965,938,952,17,1.818182,225500,OK
2025-06-17,3276,ＪＰＭＣ,プライム（内国株式）,不動産業,1183,1197,1183,1197,11,0.927487,19700,OK
2025-06-17,3277,サンセイランディック,スタンダード（内国株式）,不動産業,1087,1096,1087,1090,3,0.275989,2600,OK
2025-06-17,3280,エストラスト,スタンダード（内国株式）,不動産業,1000,1004,996,996,-4,-0.4,900,OK
2025-06-17,3284,フージャースホールディングス,プライム（内国株式）,不動産業,1221,1226,1208,1212,-5,-0.410846,60100,OK
2025-06-17,3286,トラストホールディングス,スタンダード（内国株式）,不動産業,1156,1164,1156,1161,5,0.432526,6000,OK
2025-06-17,3288,オープンハウスグループ,プライム（内国株式）,不動産業,6223,6310,6221,6268,1,0.015957,243900,OK
2025-06-17,3289,東急不動産ホールディングス,プライム（内国株式）,不動産業,1034,1060.5,1034,1057.5,21,2.026049,1864700,OK
2025-06-17,3291,飯田グループホールディングス,プライム（内国株式）,不動産業,1974.5,1989.5,1974.5,1979.5,2,0.101138,405600,OK
2025-06-17,3293,アズマハウス,スタンダード（内国株式）,不動産業,731,732,730,732,1,0.136799,700,OK
2025-06-17,3294,イーグランド,スタンダード（内国株式）,不動産業,1527,1527,1516,1516,5,0.330907,3100,OK
2025-06-17,3297,東武住販,スタンダード（内国株式）,不動産業,1080,1098,1079,1087,8,0.741427,6200,OK
2025-06-17,3299,ムゲンエステート,スタンダード（内国株式）,不動産業,2033,2057,2030,2057,32,1.580247,70900,OK
2025-06-17,329A,ジールアソシエイツ,TOKYO PRO MARKET（内国株式）,サービス業,,,,,,,,NO_QUOTE
2025-06-17,3300,アンビション　ＤＸ　ホールディングス,グロース（内国株式）,不動産業,2187,2282,2187,2275,90,4.118993,44400,OK
2025-06-17,3302,帝国繊維,プライム（内国株式）,繊維製品,2649,2688,2642,2683,24,0.902595,20900,OK
2025-06-17,3306,日本製麻,スタンダード（内国株式）,卸売業,783,905,783,860,77,9.833972,116500,OK
2025-06-17,330A,ＴａｌｅｎｔＸ,グロース（内国株式）,情報･通信業,1267,1318,1263,1298,18,1.40625,240800,OK
2025-06-17,3315,日本コークス工業,プライム（内国株式）,石油･石炭製品,83,85,82,84,1,1.204819,879200,OK
2025-06-17,3317,フライングガーデン,スタンダード（内国株式）,小売業,2490,2490,2478,2478,-21,-0.840336,500,OK
2025-06-17,3319,ゴルフダイジェスト・オンライン,プライム（内国株式）,小売業,428,429,428,428,0,0,131400,OK
2025-06-17,331A,メディックス,スタンダード（内国株式）,サービス業,518,518,506,510,-5,-0.970874,12800,OK
2025-06-17,3320,クロスプラス,スタンダード（内国株式）,卸売業,1165,1178,1165,1178,4,0.340716,14900,OK
2025-06-17,3321,ミタチ産業,スタンダード（内国株式）,卸売業,1273,1279,1257,1279,19,1.507937,23800,OK
2025-06-17,3323,レカム,スタンダード（内国株式）,卸売業,76,76,74,75,-1,-1.315789,398500,OK
2025-06-17,3326,ランシステム,スタンダード（内国株式）,サービス業,581,588,580,585,5,0.862069,4700,OK
2025-06-17,3328,ＢＥＥＮＯＳ,プライム（内国株式）,小売業,3980,3980,3980,3980,0,0,7600,OK
2025-06-17,3329,東和フードサービス,スタンダード（内国株式）,小売業,2100,2102,2093,2098,-2,-0.095238,3100,OK
2025-06-17,332A,ミーク,グロース（内国株式）,情報･通信業,940,950,931,931,-19,-2,60300,OK
2025-06-17,3333,あさひ,プライム（内国株式）,小売業,1370,1370,1348,1351,-16,-1.170446,38600,OK
2025-06-17,333A,テクノスマイル,TOKYO PRO MARKET（内国株式）,サービス業,,,,,,,,NO_QUOTE
2025-06-17,3341,日本調剤,プライム（内国株式）,小売業,3265,3325,3250,3315,0,0,63600,OK
2025-06-17,3347,トラスト,スタンダード（内国株式）,小売業,408,409,408,408,0,0,89600,OK
2025-06-17,3349,コスモス薬品,プライム（内国株式）,小売業,9000,9024,8883,8894,-222,-2.435279,399100,OK
2025-06-17,334A,ビジュアル・プロセッシング・ジャパン,グロース（内国株式）,情報･通信業,1499,1544,1492,1519,18,1.199201,9700,OK
2025-06-17,3350,メタプラネット,スタンダード（内国株式）,卸売業,1892,1920,1782,1845,-50,-2.638522,52017500,OK
2025-06-17,3352,バッファロー,スタンダード（内国株式）,小売業,1334,1334,1305,1325,9,0.683891,1300,OK
2025-06-17,3353,メディカル一光グループ,スタンダード（内国株式）,小売業,2430,2450,2430,2450,24,0.989283,1100,OK
2025-06-17,3355,クリヤマホールディングス,スタンダード（内国株式）,卸売業,1533,1538,1496,1507,-18,-1.180328,37600,OK
2025-06-17,3358,ワイエスフード,スタンダード（内国株式）,小売業,101,103,100,100,-1,-0.990099,164500,OK
2025-06-17,3359,ｃｏｔｔａ,グロース（内国株式）,卸売業,446,453,442,448,6,1.357466,34400,OK
2025-06-17,335A,ミライロ,グロース（内国株式）,情報･通信業,641,645,632,644,-1,-0.155039,134500,OK
2025-06-17,3360,シップヘルスケアホールディングス,プライム（内国株式）,卸売業,1917,1923.5,1890,1918.5,-9.5,-0.492739,277500,OK
2025-06-17,3361,トーエル,スタンダード（内国株式）,小売業,775,784,774,779,6,0.776197,13800,OK
2025-06-17,336A,ダイナミックマッププラットフォーム,グロース（内国株式）,情報･通信業,1269,1290,1218,1226,-62,-4.813665,686200,OK
2025-06-17,3370,フジタコーポレーション,スタンダード（内国株式）,小売業,348,357,337,337,-13,-3.714286,75100,OK
2025-06-17,3371,ソフトクリエイトホールディングス,プライム（内国株式）,情報･通信業,2204,2223,2195,2217,3,0.135501,14800,OK
2025-06-17,3372,関門海,スタンダード（内国株式）,小売業,243,243,239,241,1,0.416667,9900,OK
2025-06-17,3374,内外テック,スタンダード（内国株式）,卸売業,2024,2041,2005,2014,-10,-0.494071,3800,OK
2025-06-17,3375,ＺＯＡ,スタンダード（内国株式）,小売業,1543,1543,1510,1535,-8,-0.518471,300,OK
2025-06-17,3377,バイク王＆カンパニー,スタンダード（内国株式）,卸売業,420,425,420,422,2,0.47619,5400,OK
2025-06-17,3382,セブン＆アイ・ホールディングス,プライム（内国株式）,小売業,2218,2233.5,2209,2221,0,0,3996700,OK
2025-06-17,3386,コスモ・バイオ,スタンダード（内国株式）,卸売業,1159,1159,1151,1159,2,0.172861,900,OK
2025-06-17,3387,クリエイト・レストランツ・ホールディングス,プライム（内国株式）,小売業,1400,1409,1394,1409,11,0.786838,214600,OK
2025-06-17,3388,明治電機工業,プライム（内国株式）,卸売業,1848,1884,1845,1869,52,2.86186,37500,OK
2025-06-17,338A,ＺｅｎｍｕＴｅｃｈ,グロース（内国株式）,情報･通信業,14750,14860,13770,14290,-410,-2.789116,410300,OK
2025-06-17,3391,ツルハホールディングス,プライム（内国株式）,小売業,11320,11360,11220,11225,-90,-0.795404,131800,OK
2025-06-17,3392,デリカフーズホールディングス,スタンダード（内国株式）,卸売業,596,596,593,596,0,0,12200,OK
2025-06-17,3393,スターティアホールディングス,プライム（内国株式）,卸売業,2749,2784,2732,2758,44,1.621223,46300,OK
2025-06-17,3395,サンマルクホールディングス,プライム（内国株式）,小売業,2334,2341,2311,2319,-14,-0.600086,54800,OK
2025-06-17,3396,フェリシモ,スタンダード（内国株式）,小売業,839,839,832,836,5,0.601685,2100,OK
2025-06-17,3397,トリドールホールディングス,プライム（内国株式）,小売業,4107,4120,4082,4082,-26,-0.632911,191500,OK
2025-06-17,3399,丸千代山岡家,スタンダード（内国株式）,小売業,5970,6100,5720,5930,-70,-1.166667,366500,OK
2025-06-17,339A,プログレス・テクノロジーズ　グループ,グロース（内国株式）,サービス業,1384,1413,1373,1409,25,1.806358,44900,OK
2025-06-17,3401,帝人,プライム（内国株式）,繊維製品,1115.5,1133.5,1115,1131,16.5,1.480485,878300,OK
2025-06-17,3402,東レ,プライム（内国株式）,繊維製品,979.9,983.4,974.5,979.1,-0.9,-0.091837,3588500,OK
2025-06-17,3405,クラレ,プライム（内国株式）,化学,1802.5,1819,1802.5,1816.5,17.5,0.972763,621800,OK
2025-06-17,3407,旭化成,プライム（内国株式）,化学,953.9,963.6,953.2,962.3,8,0.838311,3394300,OK
2025-06-17,3409,北日本紡績,スタンダード（内国株式）,繊維製品,260,275,237,264,36,15.789474,4120500,OK
2025-06-17,340A,ジグザグ,グロース（内国株式）,情報･通信業,2262,2399,2220,2358,129,5.787349,100900,OK
2025-06-17,3415,ＴＯＫＹＯ　ＢＡＳＥ,プライム（内国株式）,小売業,398,426,395,426,17,4.156479,2669500,OK
2025-06-17,3416,ピクスタ,グロース（内国株式）,小売業,952,957,938,952,0,0,3700,OK
2025-06-17,3417,大木ヘルスケアホールディングス,スタンダード（内国株式）,卸売業,1057,1066,1046,1054,17,1.639344,18500,OK
2025-06-17,3418,バルニバービ,グロース（内国株式）,小売業,1175,1200,1175,1195,23,1.962457,33500,OK
2025-06-17,341A,トヨコー,グロース（内国株式）,建設業,2555,2565,2300,2344,-231,-8.970874,1202200,OK
2025-06-17,3420,ケー・エフ・シー,スタンダード（内国株式）,金属製品,1459,1460,1441,1454,0,0,2200,OK
2025-06-17,3421,稲葉製作所,スタンダード（内国株式）,金属製品,1749,1810,1749,1800,59,3.388857,66300,OK
2025-06-17,3422,Ｊ−ＭＡＸ,スタンダード（内国株式）,金属製品,307,309,307,308,1,0.325733,2000,OK
2025-06-17,3423,エスイー,スタンダード（内国株式）,金属製品,263,263,260,261,-1,-0.381679,9900,OK
2025-06-17,3426,アトムリビンテック,スタンダード（内国株式）,金属製品,,,,,,,,NO_QUOTE
2025-06-17,3431,宮地エンジニアリンググループ,プライム（内国株式）,金属製品,1866,1870,1859,1867,4,0.214707,50500,OK
2025-06-17,3433,トーカロ,プライム（内国株式）,金属製品,1850,1871,1848,1858,15,0.81389,132200,OK
2025-06-17,3434,アルファ,スタンダード（内国株式）,金属製品,1020,1020,1018,1018,0,0,10400,OK
2025-06-17,3435,サンコーテクノ,スタンダード（内国株式）,金属製品,1179,1183,1152,1183,4,0.339271,4900,OK
2025-06-17,3436,ＳＵＭＣＯ,プライム（内国株式）,金属製品,1023.5,1028.5,1004,1017.5,3,0.295712,3449900,OK
2025-06-17,3437,特殊電極,スタンダード（内国株式）,金属製品,,,,,,,,NO_QUOTE
2025-06-17,3439,三ツ知,スタンダード（内国株式）,金属製品,612,612,612,612,0,0,1000,OK
2025-06-17,343A,ＩＡＣＥトラベル,スタンダード（内国株式）,サービス業,1075,1095,1064,1087,27,2.54717,92400,OK
2025-06-17,3440,日創グループ,スタンダード（内国株式）,金属製品,930,931,928,930,3,0.323625,10200,OK
2025-06-17,3441,山王,スタンダード（内国株式）,金属製品,1033,1047,1019,1038,5,0.484027,8900,OK
2025-06-17,3443,川田テクノロジーズ,プライム（内国株式）,金属製品,3710,3740,3675,3715,30,0.814111,77200,OK
2025-06-17,3444,菊池製作所,スタンダード（内国株式）,金属製品,325,329,322,323,-7,-2.121212,26500,OK
2025-06-17,3445,ＲＳ　Ｔｅｃｈｎｏｌｏｇｉｅｓ,プライム（内国株式）,金属製品,2947,3035,2932,3005,85,2.910959,100200,OK
2025-06-17,3446,ジェイテックコーポレーション,プライム（内国株式）,金属製品,1276,1296,1260,1275,33,2.657005,49900,OK
2025-06-17,3447,信和,スタンダード（内国株式）,金属製品,745,746,743,746,4,0.539084,8500,OK
2025-06-17,3448,清鋼材,TOKYO PRO MARKET（内国株式）,金属製品,,,,,,,,NO_QUOTE
2025-06-17,3449,テクノフレックス,スタンダード（内国株式）,金属製品,1309,1309,1296,1304,-5,-0.381971,11100,OK
2025-06-17,3450,サトウ産業,TOKYO PRO MARKET（内国株式）,金属製品,,,,,,,,NO_QUOTE
2025-06-17,3452,ビーロット,スタンダード（内国株式）,不動産業,1336,1357,1336,1354,18,1.347305,42900,OK
2025-06-17,3454,ファーストブラザーズ,スタンダード（内国株式）,不動産業,996,996,996,996,-5,-0.4995,200,OK
2025-06-17,3457,Ａｎｄ　Ｄｏホールディングス,プライム（内国株式）,不動産業,1187,1192,1179,1185,4,0.338696,66400,OK
2025-06-17,3461,パルマ,スタンダード（内国株式）,不動産業,509,560,506,513,9,1.785714,97400,OK
2025-06-17,3465,ケイアイスター不動産,プライム（内国株式）,不動産業,4755,4830,4725,4785,30,0.630915,77200,OK
2025-06-17,3467,アグレ都市デザイン,スタンダード（内国株式）,不動産業,1863,1865,1851,1862,12,0.648649,6300,OK
2025-06-17,3469,デュアルタップ,スタンダード（内国株式）,不動産業,1065,1071,1061,1071,6,0.56338,18200,OK
2025-06-17,3474,Ｇ−ＦＡＣＴＯＲＹ,グロース（内国株式）,不動産業,562,569,562,569,7,1.245552,1800,OK
2025-06-17,3475,グッドコムアセット,プライム（内国株式）,不動産業,1085,1124,1078,1096,-9,-0.81448,295600,OK
2025-06-17,3477,フォーライフ,グロース（内国株式）,不動産業,677,680,673,673,-1,-0.148368,900,OK
2025-06-17,3479,ティーケーピー,グロース（内国株式）,不動産業,1862,1878,1850,1873,4,0.214018,109100,OK
2025-06-17,347A,ＧＲＯＷＴＨ　ＰＯＷＥＲ,TOKYO PRO MARKET（内国株式）,卸売業,,,,,,,,NO_QUOTE
2025-06-17,3480,ジェイ・エス・ビー,プライム（内国株式）,不動産業,3875,3990,3805,3810,-50,-1.295337,33300,OK
2025-06-17,3482,ロードスターキャピタル,プライム（内国株式）,不動産業,2711,2747,2711,2747,27,0.992647,53500,OK
2025-06-17,3483,翔栄,TOKYO PRO MARKET（内国株式）,不動産業,,,,,,,,NO_QUOTE
2025-06-17,3484,イノベーションホールディングス,プライム（内国株式）,不動産業,974,974,959,959,-7,-0.724638,2200,OK
2025-06-17,3486,グローバル・リンク・マネジメント,プライム（内国株式）,不動産業,2049,2106,2046,2094,51,2.496329,82600,OK
2025-06-17,3489,フェイスネットワーク,スタンダード（内国株式）,不動産業,2063,2120,2023,2110,97,4.818679,46300,OK
2025-06-17,3490,アズ企画設計,スタンダード（内国株式）,不動産業,2381,2381,2367,2373,-8,-0.335993,1300,OK
2025-06-17,3491,ＧＡ　ｔｅｃｈｎｏｌｏｇｉｅｓ,グロース（内国株式）,不動産業,1600,1742,1568,1738,218,14.342105,1070200,OK
2025-06-17,3494,マリオン,スタンダード（内国株式）,不動産業,362,363,362,363,5,1.396648,1900,OK
2025-06-17,3495,香陵住販,スタンダード（内国株式）,不動産業,2012,2020,2012,2020,10,0.497512,200,OK
2025-06-17,3496,アズーム,プライム（内国株式）,不動産業,8770,8860,8490,8520,-300,-3.401361,74900,OK
2025-06-17,3497,ＬｅＴｅｃｈ,グロース（内国株式）,不動産業,1496,1497,1496,1497,1,0.066845,19800,OK
2025-06-17,3498,霞ヶ関キャピタル,プライム（内国株式）,不動産業,14070,14070,13740,13860,-160,-1.141227,307700,OK
2025-06-17,3501,ＳＵＭＩＮＯＥ,プライム（内国株式）,繊維製品,1114,1119,1111,1115,1,0.089767,10600,OK
2025-06-17,350A,デジタルグリッド,グロース（内国株式）,電気･ガス業,10600,11200,10350,10850,1030,10.488798,1029700,OK
2025-06-17,3512,日本フエルト,スタンダード（内国株式）,繊維製品,458,460,454,456,-1,-0.218818,17700,OK
2025-06-17,3513,イチカワ,スタンダード（内国株式）,繊維製品,1695,1695,1677,1677,-22,-1.294879,1600,OK
2025-06-17,351A,アクシスＩＴパートナーズ,TOKYO PRO MARKET（内国株式）,情報･通信業,,,,,,,,NO_QUOTE
2025-06-17,3521,エコナックホールディングス,スタンダード（内国株式）,サービス業,159,159,155,157,0,0,54000,OK
2025-06-17,3524,日東製網,スタンダード（内国株式）,繊維製品,1400,1420,1400,1414,19,1.362007,10900,OK
2025-06-17,3526,芦森工業,スタンダード（内国株式）,輸送用機器,2799,2899,2777,2889,113,4.070605,34100,OK
2025-06-17,3529,アツギ,スタンダード（内国株式）,繊維製品,1129,1197,1117,1191,69,6.149733,149300,OK
2025-06-17,352A,ＬＩＦＥ　ＣＲＥＡＴＥ,グロース（内国株式）,サービス業,1237,1253,1211,1242,-7,-0.560448,141200,OK
2025-06-17,3536,アクサスホールディングス,スタンダード（内国株式）,小売業,128,129,127,128,1,0.787402,9800,OK
2025-06-17,3537,昭栄薬品,スタンダード（内国株式）,卸売業,1723,1723,1693,1723,35,2.07346,1200,OK
2025-06-17,3538,ウイルプラスホールディングス,スタンダード（内国株式）,小売業,1021,1021,1015,1018,-3,-0.29383,11500,OK
2025-06-17,3539,ＪＭホールディングス,プライム（内国株式）,小売業,2645,2657,2603,2633,4,0.152149,32500,OK
2025-06-17,3540,歯愛メディカル,スタンダード（内国株式）,卸売業,1082,1095,1043,1050,-12,-1.129944,82700,OK
2025-06-17,3541,農業総合研究所,グロース（内国株式）,卸売業,363,406,353,367,3,0.824176,1980100,OK
2025-06-17,3542,ベガコーポレーション,グロース（内国株式）,小売業,1430,1448,1402,1437,2,0.139373,48200,OK
2025-06-17,3543,コメダホールディングス,プライム（内国株式）,卸売業,2963,2998,2957,2983,21,0.70898,171300,OK
2025-06-17,3544,サツドラホールディングス,スタンダード（内国株式）,小売業,903,913,901,912,9,0.996678,63100,OK
2025-06-17,3546,アレンザホールディングス,プライム（内国株式）,小売業,1014,1016,1008,1014,0,0,4800,OK
2025-06-17,3547,串カツ田中ホールディングス,スタンダード（内国株式）,小売業,1438,1439,1421,1424,-6,-0.41958,10200,OK
2025-06-17,3548,バロックジャパンリミテッド,プライム（内国株式）,小売業,792,795,790,792,2,0.253165,81000,OK
2025-06-17,3549,クスリのアオキホールディングス,プライム（内国株式）,小売業,3532,3544,3492,3500,-32,-0.906002,125200,OK
2025-06-17,3550,スタジオアタオ,グロース（内国株式）,小売業,208,212,207,211,3,1.442308,14900,OK
2025-06-17,3551,ダイニック,スタンダード（内国株式）,繊維製品,803,805,802,802,-1,-0.124533,5400,OK
2025-06-17,3553,共和レザー,スタンダード（内国株式）,化学,783,783,779,781,-1,-0.127877,15000,OK
2025-06-17,3556,リネットジャパングループ,グロース（内国株式）,小売業,604,635,595,626,27,4.507513,347300,OK
2025-06-17,3557,ユナイテッド＆コレクティブ,グロース（内国株式）,小売業,904,905,902,903,-1,-0.110619,6000,OK
2025-06-17,3558,ジェイドグループ,グロース（内国株式）,小売業,1295,1314,1271,1303,23,1.796875,103700,OK
2025-06-17,3559,ピーバンドットコム,スタンダード（内国株式）,卸売業,600,645,582,598,31,5.467372,1380000,OK
2025-06-17,355A,ナウビレッジ,TOKYO PRO MARKET（内国株式）,サービス業,,,,,,,,NO_QUOTE
2025-06-17,3560,ほぼ日,スタンダード（内国株式）,小売業,3040,3040,3020,3035,-10,-0.328407,3000,OK
2025-06-17,3561,力の源ホールディングス,プライム（内国株式）,小売業,1362,1366,1326,1346,-11,-0.810612,107700,OK
2025-06-17,3562,Ｎｏ．１,スタンダード（内国株式）,卸売業,2012,2015,2001,2002,-10,-0.497018,6400,OK
2025-06-17,3563,ＦＯＯＤ　＆　ＬＩＦＥ　ＣＯＭＰＡＮＩＥＳ,プライム（内国株式）,小売業,6582,6622,6516,6534,-45,-0.683995,671500,OK
2025-06-17,3565,アセンテック,スタンダード（内国株式）,卸売業,1709,1766,1704,1766,300,20.463847,1822100,OK
2025-06-17,3566,ユニフォームネクスト,グロース（内国株式）,小売業,582,596,580,593,11,1.890034,10500,OK
2025-06-17,3569,セーレン,プライム（内国株式）,繊維製品,2332,2348,2327,2341,4,0.17116,104400,OK
2025-06-17,3571,ソトー,スタンダード（内国株式）,繊維製品,684,690,680,684,0,0,4100,OK
2025-06-17,3577,東海染工,スタンダード（内国株式）,繊維製品,880,880,878,878,-1,-0.113766,600,OK
2025-06-17,357A,エフアンドエフ,TOKYO PRO MARKET（内国株式）,小売業,,,,,,,,NO_QUOTE
2025-06-17,3580,小松マテーレ,プライム（内国株式）,繊維製品,718,731,716,724,8,1.117318,49400,OK
2025-06-17,3583,オーベクス,スタンダード（内国株式）,繊維製品,1260,1260,1258,1258,3,0.239044,900,OK
2025-06-17,358A,ゼン・ランド,TOKYO PRO MARKET（内国株式）,不動産業,,,,,,,,NO_QUOTE
2025-06-17,3591,ワコールホールディングス,プライム（内国株式）,繊維製品,4700,4775,4700,4775,92,1.964553,134600,OK
2025-06-17,3593,ホギメディカル,プライム（内国株式）,繊維製品,3770,3780,3735,3735,-45,-1.190476,32800,OK
2025-06-17,3597,自重堂,スタンダード（内国株式）,繊維製品,10450,10570,10450,10570,20,0.189573,1400,OK
2025-06-17,3598,山喜,スタンダード（内国株式）,繊維製品,166,167,165,167,1,0.60241,17700,OK
2025-06-17,359A,ＮＥＸＴ　ＳＴＡＧＥ,TOKYO PRO MARKET（内国株式）,サービス業,,,,,,,,NO_QUOTE
2025-06-17,3600,フジックス,スタンダード（内国株式）,繊維製品,1557,1557,1557,1557,-20,-1.268231,100,OK
2025-06-17,3607,クラウディアホールディングス,スタンダード（内国株式）,繊維製品,339,341,338,340,3,0.890208,5400,OK
2025-06-17,3608,ＴＳＩホールディングス,プライム（内国株式）,繊維製品,1099,1105,1089,1105,11,1.005484,154300,OK
2025-06-17,3611,マツオカコーポレーション,スタンダード（内国株式）,繊維製品,1781,1810,1781,1801,20,1.122965,14200,OK
2025-06-17,3612,ワールド,プライム（内国株式）,繊維製品,2507,2516,2491,2509,-1,-0.039841,65600,OK
2025-06-17,361A,リビングハウス,TOKYO PRO MARKET（内国株式）,小売業,,,,,,,,NO_QUOTE
2025-06-17,3622,ネットイヤーグループ,グロース（内国株式）,情報･通信業,687,697,682,694,13,1.908957,33300,OK
2025-06-17,3623,ビリングシステム,グロース（内国株式）,情報･通信業,1026,1036,1022,1024,-4,-0.389105,22900,OK
2025-06-17,3624,アクセルマーク,グロース（内国株式）,情報･通信業,162,193,148,188,43,29.655172,35395100,OK
2025-06-17,3625,テックファームホールディングス,グロース（内国株式）,情報･通信業,940,958,925,950,12,1.279318,84300,OK
2025-06-17,3626,ＴＩＳ,プライム（内国株式）,情報･通信業,4800,4857,4781,4799,6,0.125183,524900,OK
2025-06-17,3627,テクミラホールディングス,スタンダード（内国株式）,情報･通信業,311,312,306,307,-3,-0.967742,20900,OK
2025-06-17,3628,データホライゾン,グロース（内国株式）,情報･通信業,507,532,504,526,19,3.747535,27000,OK
2025-06-17,362A,エクシオホールディングス,TOKYO PRO MARKET（内国株式）,サービス業,,,,,,,,NO_QUOTE
2025-06-17,3632,グリーホールディングス,プライム（内国株式）,情報･通信業,505,513,505,513,8,1.584158,285600,OK
2025-06-17,3633,ＧＭＯペパボ,スタンダード（内国株式）,情報･通信業,1566,1567,1555,1567,1,0.063857,1000,OK
2025-06-17,3634,ソケッツ,スタンダード（内国株式）,情報･通信業,570,574,567,567,-3,-0.526316,3700,OK
2025-06-17,3635,コーエーテクモホールディングス,プライム（内国株式）,情報･通信業,2336.5,2343,2316.5,2336.5,-1.5,-0.064157,303000,OK
2025-06-17,3636,三菱総合研究所,プライム（内国株式）,情報･通信業,4595,4735,4595,4695,55,1.185345,36800,OK
2025-06-17,3639,ボルテージ,スタンダード（内国株式）,情報･通信業,253,258,252,255,3,1.190476,95700,OK
2025-06-17,3640,電算,スタンダード（内国株式）,情報･通信業,2657,2857,2568,2614,-22,-0.834598,121600,OK
2025-06-17,3641,パピレス,スタンダード（内国株式）,情報･通信業,889,897,889,897,8,0.899888,2300,OK
2025-06-17,3645,メディカルネット,グロース（内国株式）,情報･通信業,303,303,301,302,-1,-0.330033,9000,OK
2025-06-17,3646,駅探,グロース（内国株式）,情報･通信業,335,338,335,336,1,0.298507,7300,OK
2025-06-17,3647,ジー・スリーホールディングス,スタンダード（内国株式）,情報･通信業,154,158,150,157,1,0.641026,524100,OK
2025-06-17,3648,ＡＧＳ,スタンダード（内国株式）,情報･通信業,925,929,922,929,2,0.21575,2700,OK
2025-06-17,3649,ファインデックス,プライム（内国株式）,情報･通信業,762,777,760,765,0,0,63700,OK
2025-06-17,3652,ディジタルメディアプロフェッショナル,グロース（内国株式）,情報･通信業,2181,2207,2124,2177,-1,-0.045914,35200,OK
2025-06-17,3653,モルフォ,グロース（内国株式）,情報･通信業,1122,1137,1114,1128,13,1.165919,18000,OK
2025-06-17,3655,ブレインパッド,プライム（内国株式）,情報･通信業,1482,1493,1432,1439,-13,-0.895317,543400,OK
2025-06-17,3656,ＫＬａｂ,プライム（内国株式）,情報･通信業,116,117,114,117,1,0.862069,1809700,OK
2025-06-17,3657,ポールトゥウィンホールディングス,プライム（内国株式）,情報･通信業,338,340,333,336,-2,-0.591716,170000,OK
2025-06-17,3659,ネクソン,プライム（内国株式）,情報･通信業,2695.5,2743,2680,2743,20.5,0.752984,2158700,OK
2025-06-17,3660,アイスタイル,プライム（内国株式）,情報･通信業,540,550,537,545,11,2.059925,1269800,OK
2025-06-17,3661,エムアップホールディングス,プライム（内国株式）,情報･通信業,2116,2129,2087,2092,-10,-0.475737,154600,OK
2025-06-17,3662,エイチームホールディングス,プライム（内国株式）,情報･通信業,1243,1250,1217,1222,-41,-3.246239,177800,OK
2025-06-17,3663,セルシス,プライム（内国株式）,情報･通信業,1530,1544,1522,1525,-3,-0.196335,107600,OK
2025-06-17,3664,モブキャストホールディングス,グロース（内国株式）,情報･通信業,40,42,37,39,0,0,4481800,OK
2025-06-17,3665,エニグモ,プライム（内国株式）,情報･通信業,282,289,282,287,6,2.135231,154000,OK
2025-06-17,3667,ｅｎｉｓｈ,スタンダード（内国株式）,情報･通信業,121,124,114,123,2,1.652893,3173300,OK
2025-06-17,3668,コロプラ,プライム（内国株式）,情報･通信業,520,523,518,522,2,0.384615,111400,OK
2025-06-17,3670,協立情報通信,スタンダード（内国株式）,情報･通信業,1571,1571,1571,1571,-15,-0.945776,200,OK
2025-06-17,3671,ソフトマックス,グロース（内国株式）,情報･通信業,989,1002,989,1002,16,1.622718,15100,OK
2025-06-17,3672,オルトプラス,スタンダード（内国株式）,情報･通信業,77,95,77,86,9,11.688312,12628700,OK
2025-06-17,3673,ブロードリーフ,プライム（内国株式）,情報･通信業,715,727,712,717,-3,-0.416667,166700,OK
2025-06-17,3674,オークファン,グロース（内国株式）,情報･通信業,370,373,369,371,2,0.542005,25700,OK
2025-06-17,3675,クロス・マーケティンググループ,プライム（内国株式）,情報･通信業,722,736,722,736,10,1.37741,23600,OK
2025-06-17,3676,デジタルハーツホールディングス,プライム（内国株式）,情報･通信業,916,936,914,920,6,0.656455,54800,OK
2025-06-17,3678,メディアドゥ,プライム（内国株式）,情報･通信業,1782,1790,1767,1780,5,0.28169,28800,OK
2025-06-17,3679,じげん,プライム（内国株式）,情報･通信業,465,472,464,470,6,1.293103,277500,OK
2025-06-17,3680,ホットリンク,グロース（内国株式）,情報･通信業,312,316,308,315,4,1.286174,146800,OK
2025-06-17,3681,ブイキューブ,プライム（内国株式）,情報･通信業,165,175,165,175,10,6.060606,237900,OK
2025-06-17,3682,エンカレッジ・テクノロジ,スタンダード（内国株式）,情報･通信業,614,618,608,613,-1,-0.162866,2800,OK
2025-06-17,3683,サイバーリンクス,スタンダード（内国株式）,情報･通信業,1303,1315,1291,1303,10,0.773395,24500,OK
2025-06-17,3686,ディー・エル・イー,スタンダード（内国株式）,情報･通信業,150,150,146,148,0,0,118200,OK
2025-06-17,3687,フィックスターズ,プライム（内国株式）,情報･通信業,2214,2228,2150,2205,13,0.593066,458000,OK
2025-06-17,3688,ＣＡＲＴＡ　ＨＯＬＤＩＮＧＳ,プライム（内国株式）,情報･通信業,1931,1931,1931,1931,400,26.126715,45100,OK
2025-06-17,3690,イルグルム,グロース（内国株式）,情報･通信業,531,541,529,529,-1,-0.188679,28700,OK
2025-06-17,3691,デジタルプラス,グロース（内国株式）,情報･通信業,998,998,965,982,-2,-0.203252,9100,OK
2025-06-17,3692,ＦＦＲＩセキュリティ,グロース（内国株式）,情報･通信業,5550,5950,5480,5950,460,8.378871,1119100,OK
2025-06-17,3694,オプティム,プライム（内国株式）,情報･通信業,570,589,570,579,12,2.116402,228500,OK
2025-06-17,3695,ＧＭＯリサーチ＆ＡＩ,グロース（内国株式）,情報･通信業,2471,2528,2471,2481,10,0.404694,1000,OK
2025-06-17,3696,セレス,プライム（内国株式）,情報･通信業,2400,2422,2337,2389,24,1.014799,816500,OK
2025-06-17,3697,ＳＨＩＦＴ,プライム（内国株式）,情報･通信業,1760.5,1782.5,1736,1740.5,-20.5,-1.164111,2644700,OK
2025-06-17,3698,ＣＲＩ・ミドルウェア,グロース（内国株式）,情報･通信業,1372,1457,1372,1457,72,5.198556,51700,OK
2025-06-17,3708,特種東海製紙,プライム（内国株式）,パルプ・紙,3660,3680,3640,3660,0,0,11500,OK
2025-06-17,3710,ジョルダン,スタンダード（内国株式）,情報･通信業,582,584,581,581,-1,-0.171821,1600,OK
2025-06-17,3712,情報企画,スタンダード（内国株式）,情報･通信業,5000,5010,4915,5010,110,2.244898,800,OK
2025-06-17,3719,ＡＩストーム,スタンダード（内国株式）,情報･通信業,254,262,252,257,7,2.8,492600,OK
2025-06-17,3723,日本ファルコム,グロース（内国株式）,情報･通信業,1143,1143,1120,1137,9,0.797872,10800,OK
2025-06-17,3726,フォーシーズＨＤ,スタンダード（内国株式）,小売業,1020,1020,1020,1020,150,17.241379,202400,OK
2025-06-17,3727,アプリックス,グロース（内国株式）,情報･通信業,151,151,149,151,0,0,46500,OK
2025-06-17,3733,ソフトウェア・サービス,スタンダード（内国株式）,情報･通信業,13480,13490,12950,13030,-150,-1.138088,3900,OK
2025-06-17,3741,セック,プライム（内国株式）,情報･通信業,5620,5660,5570,5610,-20,-0.35524,29900,OK
2025-06-17,3744,サイオス,スタンダード（内国株式）,情報･通信業,375,375,368,368,-2,-0.540541,60000,OK
2025-06-17,3747,インタートレード,スタンダード（内国株式）,情報･通信業,385,468,385,468,80,20.618557,3932600,OK
2025-06-17,3750,サイトリ細胞研究所,スタンダード（内国株式）,情報･通信業,725,726,720,726,1,0.137931,2600,OK
2025-06-17,3753,フライトソリューションズ,スタンダード（内国株式）,情報･通信業,217,232,211,232,15,6.912442,296800,OK
2025-06-17,3758,アエリア,スタンダード（内国株式）,情報･通信業,279,285,276,284,5,1.792115,87200,OK
2025-06-17,3760,ケイブ,スタンダード（内国株式）,情報･通信業,1055,1069,1041,1055,0,0,28500,OK
2025-06-17,3762,テクマトリックス,プライム（内国株式）,情報･通信業,2288,2329,2276,2292,-1,-0.043611,117300,OK
2025-06-17,3763,プロシップ,プライム（内国株式）,情報･通信業,2652,2743,2652,2719,67,2.526395,34800,OK
2025-06-17,3765,ガンホー・オンライン・エンターテイメント,プライム（内国株式）,情報･通信業,2720,2816,2701,2786.5,75.5,2.78495,298500,OK
2025-06-17,3766,システムズ・デザイン,スタンダード（内国株式）,情報･通信業,1168,1168,1142,1154,1,0.08673,1200,OK
2025-06-17,3768,リスクモンスター,スタンダード（内国株式）,情報･通信業,495,499,495,497,2,0.40404,3100,OK
2025-06-17,3769,ＧＭＯペイメントゲートウェイ,プライム（内国株式）,情報･通信業,8886,9042,8867,8952,66,0.742741,161900,OK
2025-06-17,3770,ザッパラス,スタンダード（内国株式）,情報･通信業,405,407,381,406,0,0,27800,OK
2025-06-17,3771,システムリサーチ,プライム（内国株式）,情報･通信業,1893,1893,1855,1855,-29,-1.539278,19500,OK
2025-06-17,3772,ウェルス・マネジメント,スタンダード（内国株式）,不動産業,1033,1044,1032,1042,9,0.871249,13000,OK
2025-06-17,3773,アドバンスト・メディア,グロース（内国株式）,情報･通信業,1206,1213,1185,1205,8,0.668338,96700,OK
2025-06-17,3774,インターネットイニシアティブ,プライム（内国株式）,情報･通信業,2810,2835.5,2805,2828,3,0.106195,291800,OK
2025-06-17,3776,ブロードバンドタワー,スタンダード（内国株式）,情報･通信業,150,155,150,154,4,2.666667,280000,OK
2025-06-17,3777,環境フレンドリーホールディングス,グロース（内国株式）,情報･通信業,31,32,31,31,0,0,82200,OK
2025-06-17,3778,さくらインターネット,プライム（内国株式）,情報･通信業,4090,4185,4045,4095,45,1.111111,2676000,OK
2025-06-17,3779,ジェイ・エスコムホールディングス,スタンダード（内国株式）,情報･通信業,179,228,170,174,-6,-3.333333,7574700,OK
2025-06-17,3787,テクノマセマティカル,スタンダード（内国株式）,情報･通信業,546,546,543,546,2,0.367647,1300,OK
2025-06-17,3788,ＧＭＯグローバルサイン・ホールディングス,プライム（内国株式）,情報･通信業,2004,2025,2001,2017,2,0.099256,8400,OK
2025-06-17,3791,ＩＧポート,スタンダード（内国株式）,情報･通信業,1891,1908,1864,1871,-16,-0.847907,104100,OK
2025-06-17,3793,ドリコム,グロース（内国株式）,情報･通信業,539,588,539,576,38,7.063197,1432100,OK
2025-06-17,3796,いい生活,スタンダード（内国株式）,情報･通信業,488,491,487,491,1,0.204082,400,OK
2025-06-17,3798,ＵＬＳグループ,スタンダード（内国株式）,情報･通信業,6590,6630,6410,6550,-100,-1.503759,24600,OK
2025-06-17,3799,キーウェアソリューションズ,スタンダード（内国株式）,情報･通信業,906,911,906,911,5,0.551876,6400,OK
2025-06-17,3800,ユニリタ,スタンダード（内国株式）,情報･通信業,1881,1908,1881,1906,15,0.793231,1700,OK
2025-06-17,3802,エコミック,スタンダード（内国株式）,情報･通信業,461,461,459,460,-1,-0.21692,1500,OK
2025-06-17,3803,イメージ情報開発,グロース（内国株式）,情報･通信業,492,505,492,497,6,1.221996,2500,OK
2025-06-17,3804,システム　ディ,スタンダード（内国株式）,情報･通信業,2100,2118,1995,2050,61,3.066868,26800,OK
2025-06-17,3807,フィスコ,グロース（内国株式）,情報･通信業,180,181,172,179,2,1.129944,1136300,OK
2025-06-17,3810,サイバーステップ,スタンダード（内国株式）,情報･通信業,344,354,327,347,3,0.872093,959700,OK
2025-06-17,3814,アルファクス・フード・システム,グロース（内国株式）,情報･通信業,319,321,318,321,3,0.943396,4600,OK
2025-06-17,3815,メディア工房,グロース（内国株式）,情報･通信業,555,558,554,558,3,0.540541,4900,OK
2025-06-17,3816,大和コンピューター,スタンダード（内国株式）,情報･通信業,1144,1144,1132,1136,-17,-1.474415,2100,OK
2025-06-17,3817,ＳＲＡホールディングス,プライム（内国株式）,情報･通信業,4485,4535,4455,4510,20,0.445434,15000,OK
2025-06-17,3823,ＴＨＥ　ＷＨＹ　ＨＯＷ　ＤＯ　ＣＯＭＰＡＮＹ,スタンダード（内国株式）,情報･通信業,123,123,116,117,-5,-4.098361,7357400,OK
2025-06-17,3825,リミックスポイント,スタンダード（内国株式）,小売業,671,676,634,642,-19,-2.874433,13197200,OK
2025-06-17,3826,システムインテグレータ,スタンダード（内国株式）,情報･通信業,396,398,395,398,3,0.759494,5300,OK
2025-06-17,3834,朝日ネット,プライム（内国株式）,情報･通信業,672,683,672,683,8,1.185185,54200,OK
2025-06-17,3835,ｅＢＡＳＥ,プライム（内国株式）,情報･通信業,519,521,515,517,-1,-0.19305,47400,OK
2025-06-17,3836,アバントグループ,プライム（内国株式）,情報･通信業,1536,1550,1530,1544,15,0.981033,45500,OK
2025-06-17,3837,アドソル日進,プライム（内国株式）,情報･通信業,1088,1105,1086,1094,6,0.551471,33900,OK
2025-06-17,3839,ＯＤＫソリューションズ,スタンダード（内国株式）,情報･通信業,577,578,573,575,-2,-0.34662,700,OK
2025-06-17,3840,パス,スタンダード（内国株式）,情報･通信業,103,103,101,102,0,0,173200,OK
2025-06-17,3841,ジーダット,スタンダード（内国株式）,情報･通信業,1470,1617,1386,1387,-53,-3.680556,152000,OK
2025-06-17,3842,ネクストジェン,スタンダード（内国株式）,情報･通信業,885,890,884,890,4,0.451467,1700,OK
2025-06-17,3843,フリービット,プライム（内国株式）,情報･通信業,1421,1438,1413,1426,15,1.063076,138400,OK
2025-06-17,3844,コムチュア,プライム（内国株式）,情報･通信業,1769,1789,1758,1771,2,0.113058,108800,OK
2025-06-17,3845,アイフリークモバイル,スタンダード（内国株式）,情報･通信業,100,101,99,100,0,0,46900,OK
2025-06-17,3847,パシフィックシステム,スタンダード（内国株式）,情報･通信業,,,,,,,,NO_QUOTE
2025-06-17,3848,データ・アプリケーション,スタンダード（内国株式）,情報･通信業,820,825,819,819,-1,-0.121951,500,OK
2025-06-17,3850,エヌ・ティ・ティ・データ・イントラマート,スタンダード（内国株式）,情報･通信業,3820,3900,3765,3780,-10,-0.263852,35600,OK
2025-06-17,3851,日本一ソフトウェア,スタンダード（内国株式）,情報･通信業,835,835,810,828,-4,-0.480769,11400,OK
2025-06-17,3853,アステリア,プライム（内国株式）,情報･通信業,597,621,597,615,8,1.317957,185900,OK
2025-06-17,3854,アイル,プライム（内国株式）,情報･通信業,2688,2746,2688,2700,13,0.483811,43100,OK
2025-06-17,3856,Ａｂａｌａｎｃｅ,スタンダード（内国株式）,電気機器,587,613,584,609,31,5.363322,325400,OK
2025-06-17,3858,ユビキタスＡＩ,スタンダード（内国株式）,情報･通信業,404,409,400,403,2,0.498753,54200,OK
2025-06-17,3861,王子ホールディングス,プライム（内国株式）,パルプ・紙,689.3,694,688.7,693.6,5.6,0.813953,2665100,OK
2025-06-17,3863,日本製紙,プライム（内国株式）,パルプ・紙,1030,1033,1019,1023,2,0.195886,358100,OK
2025-06-17,3864,三菱製紙,プライム（内国株式）,パルプ・紙,605,611,604,608,4,0.662252,192800,OK
2025-06-17,3865,北越コーポレーション,プライム（内国株式）,パルプ・紙,997,1013,996,1013,15,1.503006,180700,OK
2025-06-17,3877,中越パルプ工業,プライム（内国株式）,パルプ・紙,1584,1586,1565,1576,2,0.127065,19900,OK
2025-06-17,3878,巴川コーポレーション,スタンダード（内国株式）,化学,677,677,671,672,-2,-0.296736,7100,OK
2025-06-17,3880,大王製紙,プライム（内国株式）,パルプ・紙,800,802,794,795,-2,-0.250941,303700,OK
2025-06-17,3891,ニッポン高度紙工業,スタンダード（内国株式）,パルプ・紙,1738,1751,1727,1731,5,0.289687,6900,OK
2025-06-17,3892,岡山製紙,スタンダード（内国株式）,パルプ・紙,1452,1460,1451,1451,-1,-0.068871,500,OK
2025-06-17,3895,ハビックス,スタンダード（内国株式）,パルプ・紙,443,443,442,443,1,0.226244,5900,OK
2025-06-17,3896,阿波製紙,スタンダード（内国株式）,パルプ・紙,393,393,391,392,0,0,5200,OK
2025-06-17,3900,クラウドワークス,グロース（内国株式）,情報･通信業,1017,1024,1006,1021,6,0.591133,95600,OK
2025-06-17,3901,マークラインズ,プライム（内国株式）,情報･通信業,1913,1920,1895,1915,15,0.789474,40200,OK
2025-06-17,3902,メディカル・データ・ビジョン,プライム（内国株式）,情報･通信業,401,407,398,402,3,0.75188,65600,OK
2025-06-17,3903,ｇｕｍｉ,プライム（内国株式）,情報･通信業,819,865,763,825,19,2.35732,46640400,OK
2025-06-17,3904,カヤック,グロース（内国株式）,情報･通信業,451,454,446,452,1,0.221729,18700,OK
2025-06-17,3905,データセクション,グロース（内国株式）,情報･通信業,2150,2611,1960,2560,343,15.471358,6958400,OK
2025-06-17,3907,シリコンスタジオ,グロース（内国株式）,情報･通信業,890,910,861,905,17,1.914414,124100,OK
2025-06-17,3908,コラボス,グロース（内国株式）,情報･通信業,313,330,313,322,10,3.205128,101200,OK
2025-06-17,3909,ショーケース,スタンダード（内国株式）,情報･通信業,320,328,318,326,8,2.515723,18000,OK
2025-06-17,3910,エムケイシステム,スタンダード（内国株式）,情報･通信業,323,334,318,334,13,4.049844,7700,OK
2025-06-17,3911,Ａｉｍｉｎｇ,グロース（内国株式）,情報･通信業,271,280,269,277,5,1.838235,837500,OK
2025-06-17,3912,モバイルファクトリー,スタンダード（内国株式）,情報･通信業,932,935,927,935,0,0,9200,OK
2025-06-17,3913,ＧｒｅｅｎＢｅｅ,グロース（内国株式）,情報･通信業,1410,1414,1330,1390,9,0.651702,97600,OK
2025-06-17,3914,ＪＩＧ−ＳＡＷ,グロース（内国株式）,情報･通信業,2747,2790,2722,2754,15,0.547645,11300,OK
2025-06-17,3915,テラスカイ,プライム（内国株式）,情報･通信業,3050,3095,3005,3090,80,2.657807,179000,OK
2025-06-17,3916,デジタル・インフォメーション・テクノロジー,プライム（内国株式）,情報･通信業,2464,2500,2453,2468,14,0.570497,28300,OK
2025-06-17,3917,アイリッジ,グロース（内国株式）,情報･通信業,513,522,507,520,4,0.775194,26500,OK
2025-06-17,3918,ＰＣＩホールディングス,スタンダード（内国株式）,情報･通信業,1092,1099,1086,1099,22,2.042711,8800,OK
2025-06-17,3920,アイビーシー,スタンダード（内国株式）,情報･通信業,1036,1050,1009,1028,-8,-0.772201,96900,OK
2025-06-17,3921,ネオジャパン,プライム（内国株式）,情報･通信業,1916,1922,1856,1898,-9,-0.471945,142900,OK
2025-06-17,3922,ＰＲ　ＴＩＭＥＳ,プライム（内国株式）,情報･通信業,2250,2272,2244,2261,11,0.488889,4900,OK
2025-06-17,3923,ラクス,プライム（内国株式）,情報･通信業,2310,2329.5,2289,2292,-13.5,-0.585556,498200,OK
2025-06-17,3924,ランドコンピュータ,プライム（内国株式）,情報･通信業,720,720,714,720,3,0.41841,7700,OK
2025-06-17,3925,ダブルスタンダード,プライム（内国株式）,情報･通信業,1635,1653,1635,1643,2,0.121877,16700,OK
2025-06-17,3926,オープンドア,プライム（内国株式）,情報･通信業,485,492,480,482,2,0.416667,39100,OK
2025-06-17,3927,フーバーブレイン,グロース（内国株式）,情報･通信業,1007,1043,950,1016,6,0.594059,649200,OK
2025-06-17,3928,マイネット,スタンダード（内国株式）,情報･通信業,255,267,255,262,7,2.745098,59000,OK
2025-06-17,3929,ソーシャルワイヤー,グロース（内国株式）,情報･通信業,241,242,237,242,3,1.25523,8400,OK
2025-06-17,3930,はてな,グロース（内国株式）,情報･通信業,1507,1542,1472,1494,14,0.945946,60800,OK
2025-06-17,3931,バリューゴルフ,グロース（内国株式）,情報･通信業,1612,1624,1612,1615,3,0.186104,1200,OK
2025-06-17,3932,アカツキ,プライム（内国株式）,情報･通信業,3000,3010,2969,2983,-52,-1.713344,29000,OK
2025-06-17,3933,チエル,スタンダード（内国株式）,情報･通信業,764,787,764,785,15,1.948052,4500,OK
2025-06-17,3934,ベネフィットジャパン,スタンダード（内国株式）,情報･通信業,1680,1698,1675,1689,9,0.535714,3000,OK
2025-06-17,3935,エディア,スタンダード（内国株式）,情報･通信業,715,720,698,716,7,0.987306,142600,OK
2025-06-17,3936,グローバルウェイ,グロース（内国株式）,情報･通信業,334,364,292,321,3,0.943396,22106200,OK
2025-06-17,3937,Ｕｂｉｃｏｍホールディングス,プライム（内国株式）,情報･通信業,974,979,965,971,3,0.309917,72900,OK
2025-06-17,3939,カナミックネットワーク,プライム（内国株式）,情報･通信業,414,418,410,413,1,0.242718,104000,OK
2025-06-17,3940,ノムラシステムコーポレーション,スタンダード（内国株式）,情報･通信業,138,143,137,141,3,2.173913,568500,OK
2025-06-17,3941,レンゴー,プライム（内国株式）,パルプ・紙,728.6,730.5,724.7,730.5,1.4,0.192018,1986100,OK
2025-06-17,3943,大石産業,スタンダード（内国株式）,パルプ・紙,1209,1209,1200,1202,-7,-0.578991,3800,OK
2025-06-17,3944,古林紙工,スタンダード（内国株式）,パルプ・紙,,,,,,,,NO_QUOTE
2025-06-17,3945,スーパーバッグ,スタンダード（内国株式）,パルプ・紙,2423,2438,2400,2438,14,0.577558,3800,OK
2025-06-17,3946,トーモク,プライム（内国株式）,パルプ・紙,2790,2859,2790,2851,111,4.051095,66300,OK
2025-06-17,3947,ダイナパック,スタンダード（内国株式）,パルプ・紙,1998,2000,1984,2000,3,0.150225,3200,OK
2025-06-17,3948,光ビジネスフォーム,スタンダード（内国株式）,パルプ・紙,1110,1119,1090,1109,1,0.090253,32700,OK
2025-06-17,3950,ザ・パック,プライム（内国株式）,パルプ・紙,3200,3205,3175,3200,0,0,33200,OK
2025-06-17,3951,朝日印刷,スタンダード（内国株式）,パルプ・紙,865,865,860,861,-6,-0.692042,13300,OK
2025-06-17,3953,大村紙業,スタンダード（内国株式）,パルプ・紙,737,739,733,734,-1,-0.136054,5200,OK
2025-06-17,3954,昭和パックス,スタンダード（内国株式）,パルプ・紙,1961,2030,1961,1991,15,0.759109,1300,OK
2025-06-17,3955,イムラ,スタンダード（内国株式）,パルプ・紙,1055,1056,1037,1040,-10,-0.952381,14100,OK
2025-06-17,3958,笹徳印刷,スタンダード（内国株式）,パルプ・紙,540,540,540,540,0,0,1400,OK
2025-06-17,3961,シルバーエッグ・テクノロジー,グロース（内国株式）,情報･通信業,628,630,625,625,-4,-0.63593,4500,OK
2025-06-17,3962,チェンジホールディングス,プライム（内国株式）,情報･通信業,1188,1202,1182,1190,10,0.847458,303000,OK
2025-06-17,3963,シンクロ・フード,プライム（内国株式）,情報･通信業,594,597,581,591,-3,-0.505051,111600,OK
2025-06-17,3964,オークネット,プライム（内国株式）,情報･通信業,1588,1597,1559,1570,-18,-1.133501,36600,OK
2025-06-17,3965,キャピタル・アセット・プランニング,スタンダード（内国株式）,情報･通信業,765,765,761,763,0,0,3300,OK
2025-06-17,3967,エルテス,グロース（内国株式）,情報･通信業,692,705,692,700,7,1.010101,2100,OK
2025-06-17,3968,セグエグループ,プライム（内国株式）,情報･通信業,508,519,508,518,10,1.968504,46800,OK
2025-06-17,3969,エイトレッド,スタンダード（内国株式）,情報･通信業,1394,1403,1393,1403,5,0.357654,6200,OK
2025-06-17,3970,イノベーション,グロース（内国株式）,情報･通信業,1022,1022,1018,1018,-4,-0.391389,2400,OK
2025-06-17,3974,ＳＣＡＴ,スタンダード（内国株式）,情報･通信業,419,420,415,420,2,0.478469,1700,OK
2025-06-17,3976,シャノン,グロース（内国株式）,情報･通信業,373,374,365,370,0,0,10900,OK
2025-06-17,3979,うるる,グロース（内国株式）,情報･通信業,1530,1530,1497,1518,3,0.19802,900,OK
2025-06-17,3981,ビーグリー,スタンダード（内国株式）,情報･通信業,1261,1261,1251,1252,-9,-0.713719,6900,OK
2025-06-17,3983,オロ,プライム（内国株式）,情報･通信業,2741,2797,2691,2714,-3,-0.110416,52700,OK
2025-06-17,3984,ユーザーローカル,プライム（内国株式）,情報･通信業,1874,1908,1865,1871,-2,-0.106781,41000,OK
2025-06-17,3985,テモナ,スタンダード（内国株式）,情報･通信業,249,254,241,254,6,2.419355,163900,OK
2025-06-17,3986,ビーブレイクシステムズ,グロース（内国株式）,情報･通信業,1411,1446,1411,1446,5,0.346981,300,OK
2025-06-17,3987,エコモット,グロース（内国株式）,情報･通信業,533,579,527,555,29,5.513308,176400,OK
2025-06-17,3988,ＳＹＳホールディングス,スタンダード（内国株式）,情報･通信業,530,540,530,533,3,0.566038,4700,OK
2025-06-17,3989,シェアリングテクノロジー,グロース（内国株式）,情報･通信業,1095,1115,1082,1099,6,0.548948,187200,OK
2025-06-17,3991,ウォンテッドリー,グロース（内国株式）,情報･通信業,1317,1324,1296,1297,-24,-1.816805,3500,OK
2025-06-17,3992,ニーズウェル,プライム（内国株式）,情報･通信業,530,530,517,520,-11,-2.071563,489500,OK
2025-06-17,3993,ＰＫＳＨＡ　Ｔｅｃｈｎｏｌｏｇｙ,プライム（内国株式）,情報･通信業,3460,3510,3320,3370,-30,-0.882353,736300,OK
2025-06-17,3994,マネーフォワード,プライム（内国株式）,情報･通信業,4626,4721,4553,4580,-57,-1.229243,383200,OK
2025-06-17,3996,サインポスト,スタンダード（内国株式）,情報･通信業,336,337,331,335,-2,-0.593472,23000,OK
2025-06-17,3997,トレードワークス,スタンダード（内国株式）,情報･通信業,1293,1335,1287,1320,20,1.538462,4900,OK
2025-06-17,3998,すららネット,グロース（内国株式）,情報･通信業,356,356,353,354,-2,-0.561798,4500,OK
2025-06-17,4004,レゾナック・ホールディングス,プライム（内国株式）,化学,3095,3143,3088,3128,36,1.164295,783600,OK
2025-06-17,4005,住友化学,プライム（内国株式）,化学,341.8,352.1,340.5,352,12.9,3.804188,10447600,OK
2025-06-17,4008,住友精化,プライム（内国株式）,化学,4345,4370,4345,4365,15,0.344828,19300,OK
2025-06-17,4011,ヘッドウォータース,グロース（内国株式）,情報･通信業,3480,3480,3340,3425,10,0.292826,15800,OK
2025-06-17,4012,アクシス,スタンダード（内国株式）,情報･通信業,1560,1563,1550,1560,2,0.12837,5000,OK
2025-06-17,4013,勤次郎,グロース（内国株式）,情報･通信業,877,900,862,897,17,1.931818,214700,OK
2025-06-17,4014,カラダノート,グロース（内国株式）,情報･通信業,479,546,479,545,65,13.541667,86200,OK
2025-06-17,4015,ペイクラウドホールディングス,グロース（内国株式）,情報･通信業,810,834,805,830,29,3.620474,111400,OK
2025-06-17,4016,ＭＩＴホールディングス,スタンダード（内国株式）,情報･通信業,850,860,845,860,9,1.057579,5400,OK
2025-06-17,4017,クリーマ,グロース（内国株式）,情報･通信業,256,265,256,260,2,0.775194,19200,OK
2025-06-17,4019,スタメン,グロース（内国株式）,情報･通信業,1017,1030,1015,1030,7,0.684262,26100,OK
2025-06-17,4020,ビートレンド,グロース（内国株式）,情報･通信業,580,593,580,591,13,2.249135,1100,OK
2025-06-17,4021,日産化学,プライム（内国株式）,化学,4230,4275,4225,4254,28,0.662565,469600,OK
2025-06-17,4022,ラサ工業,プライム（内国株式）,化学,3615,3745,3610,3720,90,2.479339,57700,OK
2025-06-17,4023,クレハ,プライム（内国株式）,化学,3055,3085,3040,3065,-5,-0.162866,326800,OK
2025-06-17,4025,多木化学,プライム（内国株式）,化学,2872,2912,2851,2881,8,0.278455,8100,OK
2025-06-17,4026,神島化学工業,スタンダード（内国株式）,ガラス･土石製品,1232,1244,1229,1235,6,0.488202,70600,OK
2025-06-17,4027,テイカ,プライム（内国株式）,化学,1368,1384,1365,1375,18,1.326455,38300,OK
2025-06-17,4028,石原産業,プライム（内国株式）,化学,1847,1861,1838,1861,14,0.757986,109100,OK
2025-06-17,4031,片倉コープアグリ,スタンダード（内国株式）,化学,938,941,938,940,-2,-0.212314,1000,OK
2025-06-17,4040,南海化学,スタンダード（内国株式）,化学,3000,3070,2990,3040,75,2.529511,7800,OK
2025-06-17,4041,日本曹達,プライム（内国株式）,化学,2901,2924,2900,2910,-1,-0.034352,79600,OK
2025-06-17,4042,東ソー,プライム（内国株式）,化学,2067.5,2079.5,2064,2077.5,13.5,0.65407,623900,OK
2025-06-17,4043,トクヤマ,プライム（内国株式）,化学,2928,2931,2903,2916.5,23,0.794885,312700,OK
2025-06-17,4044,セントラル硝子,プライム（内国株式）,化学,2910,2916,2896,2916,9,0.309598,63200,OK
2025-06-17,4045,東亞合成,プライム（内国株式）,化学,1411,1418.5,1411,1414,2,0.141643,107800,OK
2025-06-17,4046,大阪ソーダ,プライム（内国株式）,化学,1735,1740,1705,1718,3,0.174927,368000,OK
2025-06-17,4047,関東電化工業,プライム（内国株式）,化学,833,843,832,833,1,0.120192,106200,OK
2025-06-17,4051,ＧＭＯフィナンシャルゲート,プライム（内国株式）,情報･通信業,5370,5580,5300,5300,-80,-1.486989,139700,OK
2025-06-17,4052,フィーチャ,グロース（内国株式）,情報･通信業,367,379,365,376,8,2.173913,4900,OK
2025-06-17,4053,Ｓｕｎ　Ａｓｔｅｒｉｓｋ,プライム（内国株式）,情報･通信業,511,518,509,516,5,0.978474,69500,OK
2025-06-17,4054,日本情報クリエイト,グロース（内国株式）,情報･通信業,701,740,688,720,15,2.12766,149600,OK
2025-06-17,4055,ティアンドエスグループ,グロース（内国株式）,情報･通信業,1221,1240,1205,1235,19,1.5625,29800,OK
2025-06-17,4056,ニューラルグループ,グロース（内国株式）,情報･通信業,786,791,778,791,5,0.636132,5600,OK
2025-06-17,4057,インターファクトリー,グロース（内国株式）,情報･通信業,551,556,545,549,-5,-0.902527,1200,OK
2025-06-17,4058,トヨクモ,グロース（内国株式）,情報･通信業,3135,3215,3135,3140,40,1.290323,30100,OK
2025-06-17,4059,まぐまぐ,スタンダード（内国株式）,情報･通信業,526,526,520,526,-1,-0.189753,1400,OK
2025-06-17,4060,ｒａｋｕｍｏ,グロース（内国株式）,情報･通信業,850,867,850,863,13,1.529412,1600,OK
2025-06-17,4061,デンカ,プライム（内国株式）,化学,1900,1915,1894,1915,12.5,0.65703,691500,OK
2025-06-17,4062,イビデン,プライム（内国株式）,電気機器,6213,6219,6049,6092,130,2.180476,2756200,OK
2025-06-17,4063,信越化学工業,プライム（内国株式）,化学,4500,4502,4446,4479,45,1.014885,3717000,OK
2025-06-17,4064,日本カーバイド工業,プライム（内国株式）,化学,1698,1698,1683,1692,-3,-0.176991,15600,OK
2025-06-17,4068,ベイシス,グロース（内国株式）,情報･通信業,2037,2037,2018,2018,-19,-0.932744,1700,OK
2025-06-17,4069,ＢｌｕｅＭｅｍｅ,グロース（内国株式）,情報･通信業,1241,1254,1238,1245,0,0,2400,OK
2025-06-17,4071,プラスアルファ・コンサルティング,プライム（内国株式）,情報･通信業,2169,2182,2136,2175,29,1.351351,299000,OK
2025-06-17,4072,電算システムホールディングス,プライム（内国株式）,情報･通信業,2694,2700,2653,2662,-11,-0.411523,10800,OK
2025-06-17,4073,ジィ・シィ企画,グロース（内国株式）,情報･通信業,580,618,574,581,-1,-0.171821,72800,OK
2025-06-17,4074,ラキール,グロース（内国株式）,情報･通信業,993,994,984,990,-7,-0.702106,29100,OK
2025-06-17,4075,ブレインズテクノロジー,グロース（内国株式）,情報･通信業,928,928,850,893,-35,-3.771552,190300,OK
2025-06-17,4076,シイエヌエス,グロース（内国株式）,情報･通信業,1517,1530,1511,1515,1,0.06605,4500,OK
2025-06-17,4078,堺化学工業,プライム（内国株式）,化学,2575,2627,2575,2615,40,1.553398,77500,OK
2025-06-17,4080,田中化学研究所,スタンダード（内国株式）,化学,414,418,411,413,-1,-0.241546,36200,OK
2025-06-17,4082,第一稀元素化学工業,プライム（内国株式）,化学,637,643,636,638,4,0.630915,56000,OK
2025-06-17,4088,エア・ウォーター,プライム（内国株式）,化学,2097,2116.5,2091,2108,17,0.813008,565800,OK
2025-06-17,4091,日本酸素ホールディングス,プライム（内国株式）,化学,5237,5444,5237,5434,184,3.504762,744300,OK
2025-06-17,4092,日本化学工業,プライム（内国株式）,化学,2000,2005,1987,2001,8,0.401405,53600,OK
2025-06-17,4093,東邦アセチレン,プライム（内国株式）,化学,355,358,355,358,2,0.561798,26000,OK
2025-06-17,4094,日本化学産業,スタンダード（内国株式）,化学,1996,2008,1965,1968,-14,-0.706357,21800,OK
2025-06-17,4095,日本パーカライジング,プライム（内国株式）,化学,1241,1253,1241,1251,10,0.805802,172700,OK
2025-06-17,4097,高圧ガス工業,プライム（内国株式）,化学,1062,1078,1053,1058,6,0.570342,38200,OK
2025-06-17,4098,チタン工業,スタンダード（内国株式）,化学,769,769,767,767,-1,-0.130208,12800,OK
2025-06-17,4099,四国化成ホールディングス,プライム（内国株式）,化学,1909,1919,1897,1900,-11,-0.575615,33600,OK
2025-06-17,4100,戸田工業,スタンダード（内国株式）,化学,967,970,957,957,-10,-1.034126,4500,OK
2025-06-17,4102,丸尾カルシウム,スタンダード（内国株式）,化学,1318,1339,1318,1339,1,0.074738,500,OK
2025-06-17,4107,伊勢化学工業,スタンダード（内国株式）,化学,25700,27280,25590,27180,1770,6.965762,163000,OK
2025-06-17,4109,ステラ　ケミファ,プライム（内国株式）,化学,3720,3830,3710,3820,100,2.688172,35900,OK
2025-06-17,4112,保土谷化学工業,プライム（内国株式）,化学,1446,1458,1445,1447,2,0.138408,21200,OK
2025-06-17,4113,田岡化学工業,スタンダード（内国株式）,化学,1228,1228,1205,1212,-11,-0.899428,22900,OK
2025-06-17,4114,日本触媒,プライム（内国株式）,化学,1639,1642.5,1629.5,1641,14,0.860479,625300,OK
2025-06-17,4116,大日精化工業,プライム（内国株式）,化学,3060,3090,3050,3075,10,0.326264,21900,OK
2025-06-17,4118,カネカ,プライム（内国株式）,化学,3856,3886,3854,3876,20,0.518672,170000,OK
2025-06-17,4119,日本ピグメントホールディングス,スタンダード（内国株式）,化学,3280,3280,3215,3215,-65,-1.981707,800,OK
2025-06-17,4120,スガイ化学工業,スタンダード（内国株式）,化学,2101,2101,2101,2101,0,0,400,OK
2025-06-17,4124,大阪油化工業,スタンダード（内国株式）,化学,2486,2486,2486,2486,39,1.593788,100,OK
2025-06-17,4125,三和油化工業,スタンダード（内国株式）,化学,1480,1480,1453,1461,-2,-0.136705,2800,OK
2025-06-17,4151,協和キリン,プライム（内国株式）,医薬品,2478.5,2499.5,2469,2480,-16,-0.641026,713200,OK
2025-06-17,4165,プレイド,グロース（内国株式）,情報･通信業,1257,1274,1208,1229,-26,-2.071713,973600,OK
2025-06-17,4166,かっこ,グロース（内国株式）,情報･通信業,720,780,718,767,50,6.973501,176300,OK
2025-06-17,4167,ココペリ,グロース（内国株式）,情報･通信業,551,562,544,559,-1,-0.178571,109000,OK
2025-06-17,4168,ヤプリ,グロース（内国株式）,情報･通信業,783,792,777,783,0,0,44400,OK
2025-06-17,4169,ＥＮＥＣＨＡＮＧＥ,グロース（内国株式）,情報･通信業,341,356,338,355,14,4.105572,185900,OK
2025-06-17,4170,Ｋａｉｚｅｎ　Ｐｌａｔｆｏｒｍ,グロース（内国株式）,情報･通信業,202,202,198,201,-1,-0.49505,130800,OK
2025-06-17,4171,グローバルインフォメーション,スタンダード（内国株式）,情報･通信業,1396,1396,1387,1387,-8,-0.573477,1500,OK
2025-06-17,4172,東和ハイシステム,スタンダード（内国株式）,情報･通信業,2196,2196,2146,2146,-2,-0.09311,300,OK
2025-06-17,4173,ＷＡＣＵＬ,グロース（内国株式）,情報･通信業,499,501,499,500,1,0.200401,54300,OK
2025-06-17,4174,アピリッツ,スタンダード（内国株式）,情報･通信業,762,762,730,747,-6,-0.796813,43500,OK
2025-06-17,4175,ｃｏｌｙ,グロース（内国株式）,情報･通信業,1747,1799,1735,1752,9,0.516351,16900,OK
2025-06-17,4176,ココナラ,グロース（内国株式）,情報･通信業,427,428,401,413,-11,-2.59434,1270800,OK
2025-06-17,4177,ｉ‐ｐｌｕｇ,グロース（内国株式）,情報･通信業,1180,1185,1170,1174,8,0.686106,3000,OK
2025-06-17,4178,Ｓｈａｒｉｎｇ　Ｉｎｎｏｖａｔｉｏｎｓ,グロース（内国株式）,情報･通信業,802,802,791,801,-3,-0.373134,1700,OK
2025-06-17,4179,ジーネクスト,グロース（内国株式）,情報･通信業,340,423,340,423,80,23.323615,2729400,OK
2025-06-17,4180,Ａｐｐｉｅｒ　Ｇｒｏｕｐ,プライム（内国株式）,情報･通信業,1498,1517,1479,1487,-11,-0.734312,457100,OK
2025-06-17,4182,三菱瓦斯化学,プライム（内国株式）,化学,2237,2245,2222.5,2230,11.5,0.518368,1034400,OK
2025-06-17,4183,三井化学,プライム（内国株式）,化学,3176,3210,3175,3203,2,0.06248,563300,OK
2025-06-17,4186,東京応化工業,プライム（内国株式）,化学,3836,3925,3832,3900,91,2.389078,833300,OK
2025-06-17,4187,大阪有機化学工業,プライム（内国株式）,化学,2453,2506,2453,2494,21,0.849171,52600,OK
2025-06-17,4188,三菱ケミカルグループ,プライム（内国株式）,化学,746.3,764.3,746.3,761.1,14,1.873912,6378500,OK
2025-06-17,4189,ＫＨネオケム,プライム（内国株式）,化学,2486,2507,2479,2502,16,0.643604,105200,OK
2025-06-17,4192,スパイダープラス,グロース（内国株式）,情報･通信業,496,501,493,499,3,0.604839,64900,OK
2025-06-17,4193,ファブリカホールディングス,スタンダード（内国株式）,情報･通信業,1982,2000,1975,1999,13,0.654582,13900,OK
2025-06-17,4194,ビジョナル,プライム（内国株式）,情報･通信業,10460,10545,10310,10405,-175,-1.654064,364700,OK
2025-06-17,4196,ネオマーケティング,スタンダード（内国株式）,情報･通信業,1118,1123,1103,1118,0,0,2700,OK
2025-06-17,4197,アスマーク,スタンダード（内国株式）,情報･通信業,2400,2406,2400,2400,3,0.125156,1100,OK
2025-06-17,4198,テンダ,スタンダード（内国株式）,情報･通信業,814,817,799,816,12,1.492537,29700,OK
2025-06-17,4199,ワンダープラネット,グロース（内国株式）,情報･通信業,996,1012,987,1012,22,2.222222,8800,OK
2025-06-17,4202,ダイセル,プライム（内国株式）,化学,1193,1199.5,1192,1199.5,7,0.587002,338400,OK
2025-06-17,4203,住友ベークライト,プライム（内国株式）,化学,3875,3939,3872,3922,17,0.435339,192000,OK
2025-06-17,4204,積水化学工業,プライム（内国株式）,化学,2480.5,2482,2449,2456.5,-1,-0.040692,867100,OK
2025-06-17,4205,日本ゼオン,プライム（内国株式）,化学,1417,1429.5,1417,1426,9,0.635145,290500,OK
2025-06-17,4206,アイカ工業,プライム（内国株式）,化学,3616,3651,3616,3627,-11,-0.302364,80000,OK
2025-06-17,4208,ＵＢＥ,プライム（内国株式）,化学,2237,2259.5,2236.5,2252.5,21,0.941071,418800,OK
2025-06-17,4212,積水樹脂,プライム（内国株式）,化学,1907,1925,1898,1906,-1,-0.052438,53900,OK
2025-06-17,4216,旭有機材,プライム（内国株式）,化学,3945,4000,3915,3980,65,1.660281,51100,OK
2025-06-17,4218,ニチバン,プライム（内国株式）,化学,1968,1970,1951,1952,-11,-0.560367,6200,OK
2025-06-17,4220,リケンテクノス,プライム（内国株式）,化学,1100,1122,1100,1116,13,1.178604,49200,OK
2025-06-17,4221,大倉工業,プライム（内国株式）,化学,4325,4365,4295,4295,-15,-0.348028,26300,OK
2025-06-17,4222,児玉化学工業,スタンダード（内国株式）,化学,534,555,511,546,5,0.924214,793700,OK
2025-06-17,4224,ロンシール工業,スタンダード（内国株式）,化学,1546,1549,1540,1548,6,0.389105,1300,OK
2025-06-17,4228,積水化成品工業,プライム（内国株式）,化学,325,328,324,328,0,0,49800,OK
2025-06-17,4229,群栄化学工業,プライム（内国株式）,化学,2841,2844,2821,2842,3,0.105671,5500,OK
2025-06-17,4231,タイガースポリマー,スタンダード（内国株式）,化学,805,805,778,779,-24,-2.988792,28000,OK
2025-06-17,4234,サンエー化研,スタンダード（内国株式）,化学,546,549,546,549,3,0.549451,2200,OK
2025-06-17,4235,ウルトラファブリックス・ホールディングス,スタンダード（内国株式）,化学,700,702,695,696,-4,-0.571429,16300,OK
2025-06-17,4237,フジプレアム,スタンダード（内国株式）,化学,333,345,333,345,17,5.182927,93300,OK
2025-06-17,4238,ミライアル,スタンダード（内国株式）,化学,1111,1118,1110,1111,0,0,7800,OK
2025-06-17,4240,クラスターテクノロジー,グロース（内国株式）,化学,310,316,307,307,-3,-0.967742,59500,OK
2025-06-17,4241,アテクト,スタンダード（内国株式）,化学,424,433,424,430,4,0.938967,26600,OK
2025-06-17,4242,タカギセイコー,スタンダード（内国株式）,化学,1315,1330,1315,1322,11,0.839054,1400,OK
2025-06-17,4243,ニックス,スタンダード（内国株式）,化学,746,746,746,746,0,0,200,OK
2025-06-17,4245,ダイキアクシス,スタンダード（内国株式）,化学,668,673,667,671,6,0.902256,14100,OK
2025-06-17,4246,ダイキョーニシカワ,プライム（内国株式）,化学,647,657,647,654,8,1.23839,108600,OK
2025-06-17,4247,ポバール興業,スタンダード（内国株式）,化学,1160,1161,1159,1161,1,0.086207,900,OK
2025-06-17,4248,竹本容器,スタンダード（内国株式）,化学,829,832,828,832,0,0,9300,OK
2025-06-17,4249,森六,プライム（内国株式）,化学,2359,2362,2331,2338,-43,-1.805964,17900,OK
2025-06-17,4251,恵和,プライム（内国株式）,化学,1093,1098,1064,1067,21,2.007648,153600,OK
2025-06-17,4255,ＴＨＥＣＯＯ,グロース（内国株式）,情報･通信業,684,686,666,673,-9,-1.319648,17300,OK
2025-06-17,4256,サインド,グロース（内国株式）,情報･通信業,977,982,960,982,3,0.306435,4900,OK
2025-06-17,4257,エヴィクサー,TOKYO PRO MARKET（内国株式）,情報･通信業,,,,,,,,NO_QUOTE
2025-06-17,4258,網屋,グロース（内国株式）,情報･通信業,6300,6570,6190,6240,10,0.160514,116100,OK
2025-06-17,4259,エクサウィザーズ,グロース（内国株式）,情報･通信業,458,476,458,465,2,0.431965,1356900,OK
2025-06-17,4260,ハイブリッドテクノロジーズ,グロース（内国株式）,情報･通信業,420,420,410,411,-10,-2.375297,5700,OK
2025-06-17,4261,アジアクエスト,グロース（内国株式）,情報･通信業,2257,2274,2256,2271,13,0.575731,1300,OK
2025-06-17,4262,ニフティライフスタイル,グロース（内国株式）,情報･通信業,1195,1195,1151,1172,-9,-0.762066,16100,OK
2025-06-17,4263,サスメド,グロース（内国株式）,情報･通信業,665,669,611,623,-46,-6.875934,258400,OK
2025-06-17,4264,セキュア,グロース（内国株式）,情報･通信業,1687,1702,1671,1674,-13,-0.770599,10800,OK
2025-06-17,4265,Ｉｎｓｔｉｔｕｔｉｏｎ　ｆｏｒ　ａ　Ｇｌｏｂａｌ　Ｓｏｃｉｅｔｙ,グロース（内国株式）,情報･通信業,328,335,318,328,-2,-0.606061,70000,OK
2025-06-17,4267,ライトワークス,グロース（内国株式）,情報･通信業,2170,2170,2170,2170,0,0,100,OK
2025-06-17,4270,ＢｅｅＸ,グロース（内国株式）,情報･通信業,2648,2678,2648,2660,10,0.377358,3700,OK
2025-06-17,4272,日本化薬,プライム（内国株式）,化学,1289.5,1293,1286,1286.5,-3,-0.232648,463900,OK
2025-06-17,4274,細谷火工,スタンダード（内国株式）,化学,1075,1075,1033,1055,-7,-0.659134,80200,OK
2025-06-17,4275,カーリット,プライム（内国株式）,化学,1271,1278,1231,1236,-35,-2.753737,268600,OK
2025-06-17,4284,ソルクシーズ,スタンダード（内国株式）,情報･通信業,395,406,390,401,1,0.25,200200,OK
2025-06-17,4286,ＣＬホールディングス,スタンダード（内国株式）,サービス業,861,874,853,865,17,2.004717,27600,OK
2025-06-17,4287,ジャストプランニング,スタンダード（内国株式）,情報･通信業,403,403,400,400,-3,-0.744417,7800,OK
2025-06-17,4288,アズジェント,スタンダード（内国株式）,情報･通信業,537,555,531,553,20,3.752345,132600,OK
2025-06-17,4290,プレステージ・インターナショナル,プライム（内国株式）,サービス業,606,611,605,606,0,0,130100,OK
2025-06-17,4293,セプテーニ・ホールディングス,スタンダード（内国株式）,サービス業,409,420,408,418,17,4.239401,1372400,OK
2025-06-17,4299,ハイマックス,スタンダード（内国株式）,情報･通信業,1202,1210,1198,1207,5,0.415973,6200,OK
2025-06-17,4301,アミューズ,プライム（内国株式）,サービス業,1622,1628,1614,1620,-2,-0.123305,22100,OK
2025-06-17,4304,Ｅストアー,スタンダード（内国株式）,情報･通信業,1946,1946,1946,1946,0,0,700,OK
2025-06-17,4307,野村総合研究所,プライム（内国株式）,情報･通信業,5889,5967,5880,5902,19,0.322964,1069700,OK
2025-06-17,4308,Ｊストリーム,グロース（内国株式）,情報･通信業,372,381,370,381,9,2.419355,54200,OK
2025-06-17,4310,ドリームインキュベータ,プライム（内国株式）,サービス業,2366,2410,2366,2381,17,0.71912,68000,OK
2025-06-17,4316,ビーマップ,グロース（内国株式）,情報･通信業,373,374,371,373,-1,-0.26738,5400,OK
2025-06-17,4317,レイ,スタンダード（内国株式）,サービス業,450,451,445,448,-2,-0.444444,7000,OK
2025-06-17,4318,クイック,プライム（内国株式）,サービス業,2225,2227,2210,2215,7,0.317029,24800,OK
2025-06-17,4319,ＴＡＣ,スタンダード（内国株式）,サービス業,228,231,228,230,4,1.769912,17800,OK
2025-06-17,4320,ＣＥホールディングス,スタンダード（内国株式）,情報･通信業,635,638,633,636,-1,-0.156986,17400,OK
2025-06-17,4323,日本システム技術,プライム（内国株式）,情報･通信業,1989,2002,1943,1946,-43,-2.16189,14900,OK
2025-06-17,4324,電通グループ,プライム（内国株式）,サービス業,3070,3116,3066,3102,31,1.009443,688200,OK
2025-06-17,4326,インテージホールディングス,プライム（内国株式）,情報･通信業,1730,1782,1730,1770,29,1.665709,58500,OK
2025-06-17,4331,テイクアンドギヴ・ニーズ,プライム（内国株式）,サービス業,839,846,836,844,5,0.595948,13900,OK
2025-06-17,4333,東邦システムサイエンス,プライム（内国株式）,情報･通信業,1220,1221,1217,1217,-3,-0.245902,2300,OK
2025-06-17,4334,ユークス,スタンダード（内国株式）,情報･通信業,398,406,394,405,8,2.015113,17100,OK
2025-06-17,4335,アイ・ピー・エス,スタンダード（内国株式）,情報･通信業,1290,1295,1289,1293,1,0.077399,3800,OK
2025-06-17,4337,ぴあ,プライム（内国株式）,サービス業,2890,2932,2890,2895,-9,-0.309917,14100,OK
2025-06-17,4341,西菱電機,スタンダード（内国株式）,サービス業,,,,,,,,NO_QUOTE
2025-06-17,4343,イオンファンタジー,プライム（内国株式）,サービス業,2647,2801,2646,2732,131,5.036524,177500,OK
2025-06-17,4344,ソースネクスト,プライム（内国株式）,情報･通信業,163,170,161,170,9,5.590062,1589100,OK
2025-06-17,4345,シーティーエス,プライム（内国株式）,サービス業,829,839,829,835,3,0.360577,68300,OK
2025-06-17,4346,ＮＥＸＹＺ．Ｇｒｏｕｐ,スタンダード（内国株式）,その他金融業,836,843,830,838,13,1.575758,12100,OK
2025-06-17,4347,ブロードメディア,スタンダード（内国株式）,サービス業,1929,1955,1900,1931,2,0.103681,56800,OK
2025-06-17,4350,メディカルシステムネットワーク,スタンダード（内国株式）,小売業,457,460,451,460,3,0.656455,29100,OK
2025-06-17,4351,山田再生系債権回収総合事務所,スタンダード（内国株式）,その他金融業,897,899,896,899,3,0.334821,1600,OK
2025-06-17,4356,応用技術,スタンダード（内国株式）,情報･通信業,1628,1635,1620,1620,-8,-0.4914,1200,OK
2025-06-17,4360,マナック・ケミカル・パートナーズ,スタンダード（内国株式）,化学,508,530,505,525,15,2.941176,13600,OK
2025-06-17,4361,川口化学工業,スタンダード（内国株式）,化学,1345,1345,1345,1345,-24,-1.753104,100,OK
2025-06-17,4362,日本精化,プライム（内国株式）,化学,2334,2340,2303,2328,-6,-0.257069,10800,OK
2025-06-17,4365,松本油脂製薬,スタンダード（内国株式）,化学,18690,21790,18690,20570,1480,7.75275,2200,OK
2025-06-17,4366,ダイトーケミックス,スタンダード（内国株式）,化学,704,706,700,705,9,1.293103,3900,OK
2025-06-17,4367,広栄化学,スタンダード（内国株式）,化学,2275,2275,2269,2275,6,0.264434,800,OK
2025-06-17,4368,扶桑化学工業,プライム（内国株式）,化学,3800,3835,3780,3830,35,0.922266,52600,OK
2025-06-17,4369,トリケミカル研究所,プライム（内国株式）,化学,2981,3050,2926,2967,5,0.168805,378400,OK
2025-06-17,4370,モビルス,グロース（内国株式）,情報･通信業,389,399,389,399,14,3.636364,5100,OK
2025-06-17,4371,コアコンセプト・テクノロジー,グロース（内国株式）,情報･通信業,1383,1420,1374,1403,33,2.408759,78800,OK
2025-06-17,4372,ユミルリンク,グロース（内国株式）,情報･通信業,1587,1587,1587,1587,29,1.861361,100,OK
2025-06-17,4373,シンプレクス・ホールディングス,プライム（内国株式）,情報･通信業,3750,3815,3720,3745,-40,-1.056803,199200,OK
2025-06-17,4374,ＲＯＢＯＴ　ＰＡＹＭＥＮＴ,グロース（内国株式）,情報･通信業,2442,2538,2442,2511,71,2.909836,19100,OK
2025-06-17,4375,セーフィー,グロース（内国株式）,情報･通信業,1003,1058,1001,1012,4,0.396825,416100,OK
2025-06-17,4376,くふうカンパニーホールディングス,グロース（内国株式）,情報･通信業,182,183,178,179,-2,-1.104972,28000,OK
2025-06-17,4377,ワンキャリア,グロース（内国株式）,情報･通信業,2213,2252,2213,2216,23,1.048792,57700,OK
2025-06-17,4378,ＣＩＮＣ,グロース（内国株式）,情報･通信業,647,653,614,616,-31,-4.791345,22000,OK
2025-06-17,4379,Ｐｈｏｔｏｓｙｎｔｈ,グロース（内国株式）,情報･通信業,387,391,386,388,-3,-0.767263,64800,OK
2025-06-17,4380,Ｍマート,グロース（内国株式）,情報･通信業,1430,1430,1302,1313,-97,-6.879433,23100,OK
2025-06-17,4381,ビープラッツ,グロース（内国株式）,情報･通信業,470,502,467,469,9,1.956522,12200,OK
2025-06-17,4382,ＨＥＲＯＺ,スタンダード（内国株式）,情報･通信業,1245,1333,1215,1320,48,3.773585,239900,OK
2025-06-17,4384,ラクスル,プライム（内国株式）,情報･通信業,1150,1164,1087,1102,-32,-2.821869,976600,OK
2025-06-17,4385,メルカリ,プライム（内国株式）,情報･通信業,2666.5,2717.5,2643.5,2683.5,3,0.111919,4210100,OK
2025-06-17,4386,ＳＩＧグループ,スタンダード（内国株式）,情報･通信業,772,841,772,829,69,9.078947,168500,OK
2025-06-17,4387,ＺＵＵ,グロース（内国株式）,情報･通信業,716,724,709,720,13,1.838755,4200,OK
2025-06-17,4388,エーアイ,グロース（内国株式）,情報･通信業,463,474,463,471,11,2.391304,21500,OK
2025-06-17,4389,プロパティデータバンク,グロース（内国株式）,情報･通信業,1887,1887,1853,1853,-46,-2.422328,1900,OK
2025-06-17,4390,アイ・ピー・エス,プライム（内国株式）,情報･通信業,2360,2428,2360,2406,46,1.949153,24300,OK
2025-06-17,4391,ロジザード,グロース（内国株式）,情報･通信業,1279,1281,1270,1281,-1,-0.078003,3600,OK
2025-06-17,4392,ＦＩＧ,プライム（内国株式）,情報･通信業,285,286,281,283,-1,-0.352113,80600,OK
2025-06-17,4393,バンク・オブ・イノベーション,グロース（内国株式）,情報･通信業,10940,11330,10600,10880,100,0.927644,144500,OK
2025-06-17,4394,エクスモーション,グロース（内国株式）,情報･通信業,857,867,857,867,8,0.931315,1400,OK
2025-06-17,4395,アクリート,グロース（内国株式）,情報･通信業,990,1039,976,1001,52,5.479452,328200,OK
2025-06-17,4396,システムサポートホールディングス,プライム（内国株式）,情報･通信業,2586,2604,2522,2543,-8,-0.313603,29300,OK
2025-06-17,4397,チームスピリット,グロース（内国株式）,情報･通信業,450,455,447,447,-1,-0.223214,24600,OK
2025-06-17,4398,ブロードバンドセキュリティ,スタンダード（内国株式）,情報･通信業,1339,1339,1323,1338,11,0.828937,1400,OK
2025-06-17,4401,ＡＤＥＫＡ,プライム（内国株式）,化学,2670,2695.5,2650,2692,29.5,1.107981,367700,OK
2025-06-17,4403,日油,プライム（内国株式）,化学,2740,2742.5,2696,2719.5,17.5,0.647668,447500,OK
2025-06-17,4404,ミヨシ油脂,スタンダード（内国株式）,食料品,1635,1642,1631,1636,3,0.183711,13000,OK
2025-06-17,4406,新日本理化,スタンダード（内国株式）,化学,186,188,185,186,0,0,112900,OK
2025-06-17,4409,東邦化学工業,スタンダード（内国株式）,化学,728,728,721,721,-7,-0.961538,1300,OK
2025-06-17,4410,ハリマ化成グループ,プライム（内国株式）,化学,790,793,786,790,0,0,38800,OK
2025-06-17,4412,サイエンスアーツ,グロース（内国株式）,情報･通信業,1123,1201,1123,1200,77,6.856634,89100,OK
2025-06-17,4413,ボードルア,プライム（内国株式）,情報･通信業,3345,3390,3290,3325,-10,-0.29985,110600,OK
2025-06-17,4414,フレクト,グロース（内国株式）,情報･通信業,2052,2104,2040,2103,21,1.008646,78600,OK
2025-06-17,4415,ブロードエンタープライズ,グロース（内国株式）,情報･通信業,682,686,676,680,-2,-0.293255,2100,OK
2025-06-17,4416,Ｔｒｕｅ　Ｄａｔａ,グロース（内国株式）,情報･通信業,1135,1150,1070,1115,-20,-1.762115,150800,OK
2025-06-17,4417,グローバルセキュリティエキスパート,グロース（内国株式）,情報･通信業,3170,3295,3110,3205,-20,-0.620155,61400,OK
2025-06-17,4418,ＪＤＳＣ,グロース（内国株式）,情報･通信業,1185,1204,1165,1196,6,0.504202,178800,OK
2025-06-17,4419,Ｆｉｎａｔｅｘｔホールディングス,グロース（内国株式）,情報･通信業,1219,1233,1173,1192,-15,-1.242751,455000,OK
2025-06-17,4420,イーソル,スタンダード（内国株式）,情報･通信業,507,508,499,500,-7,-1.380671,27800,OK
2025-06-17,4421,ディ・アイ・システム,スタンダード（内国株式）,情報･通信業,925,928,925,927,2,0.216216,1200,OK
2025-06-17,4422,ＶＡＬＵＥＮＥＸ,グロース（内国株式）,情報･通信業,574,574,566,574,8,1.413428,5400,OK
2025-06-17,4424,Ａｍａｚｉａ,グロース（内国株式）,情報･通信業,302,307,300,307,5,1.655629,4900,OK
2025-06-17,4425,Ｋｕｄａｎ,グロース（内国株式）,情報･通信業,1158,1190,1154,1166,15,1.303215,48300,OK
2025-06-17,4426,パスロジ,TOKYO PRO MARKET（内国株式）,情報･通信業,,,,,,,,NO_QUOTE
2025-06-17,4427,ＥｄｕＬａｂ,グロース（内国株式）,情報･通信業,400,408,390,407,7,1.75,128500,OK
2025-06-17,4428,シノプス,グロース（内国株式）,情報･通信業,889,903,885,895,-3,-0.334076,1700,OK
2025-06-17,4429,リックソフト,グロース（内国株式）,情報･通信業,819,819,818,818,-2,-0.243902,1200,OK
2025-06-17,4430,東海ソフト,スタンダード（内国株式）,情報･通信業,1551,1551,1538,1538,7,0.457218,4900,OK
2025-06-17,4431,スマレジ,グロース（内国株式）,情報･通信業,3145,3175,3060,3120,-50,-1.577287,131300,OK
2025-06-17,4432,ウイングアーク１ｓｔ,プライム（内国株式）,情報･通信業,3995,4045,3950,4010,5,0.124844,63800,OK
2025-06-17,4433,ヒト・コミュニケーションズ・ホールディングス,プライム（内国株式）,情報･通信業,941,956,941,952,10,1.061571,48500,OK
2025-06-17,4434,サーバーワークス,スタンダード（内国株式）,情報･通信業,2362,2384,2352,2355,-29,-1.216443,18400,OK
2025-06-17,4436,ミンカブ・ジ・インフォノイド,グロース（内国株式）,情報･通信業,515,515,507,513,1,0.195312,52200,OK
2025-06-17,4437,ｇｏｏｄｄａｙｓホールディングス,グロース（内国株式）,情報･通信業,659,678,657,678,4,0.593472,7200,OK
2025-06-17,4438,Ｗｅｌｂｙ,グロース（内国株式）,情報･通信業,363,400,362,365,3,0.828729,86500,OK
2025-06-17,4439,東名,スタンダード（内国株式）,情報･通信業,2080,2160,2080,2144,64,3.076923,21100,OK
2025-06-17,4440,ヴィッツ,スタンダード（内国株式）,情報･通信業,1244,1260,1224,1257,14,1.126307,30400,OK
2025-06-17,4441,トビラシステムズ,スタンダード（内国株式）,情報･通信業,999,999,977,986,2,0.203252,15300,OK
2025-06-17,4442,バルテス・ホールディングス,グロース（内国株式）,情報･通信業,415,417,412,417,5,1.213592,20700,OK
2025-06-17,4443,Ｓａｎｓａｎ,プライム（内国株式）,情報･通信業,2058,2077,2027,2045,11,0.540806,343400,OK
2025-06-17,4444,インフォネット,グロース（内国株式）,情報･通信業,1019,1022,1018,1019,2,0.196657,2600,OK
2025-06-17,4445,リビン・テクノロジーズ,グロース（内国株式）,情報･通信業,3070,3070,3060,3060,-20,-0.649351,900,OK
2025-06-17,4446,Ｌｉｎｋ−Ｕグループ,プライム（内国株式）,情報･通信業,356,356,350,356,0,0,27000,OK
2025-06-17,4447,ピー・ビーシステムズ,グロース（内国株式）,情報･通信業,512,539,512,536,31,6.138614,49700,OK
2025-06-17,4448,ｋｕｂｅｌｌ,グロース（内国株式）,情報･通信業,462,472,458,465,0,0,150500,OK
2025-06-17,4449,ギフティ,プライム（内国株式）,情報･通信業,1878,1954,1844,1857,19,1.033732,478700,OK
2025-06-17,4450,パワーソリューションズ,グロース（内国株式）,情報･通信業,1346,1365,1346,1365,24,1.789709,400,OK
2025-06-17,4452,花王,プライム（内国株式）,化学,6642,6664,6610,6632,-54,-0.807658,807900,OK
2025-06-17,4461,第一工業製薬,プライム（内国株式）,化学,3640,3640,3580,3625,-15,-0.412088,33100,OK
2025-06-17,4462,石原ケミカル,プライム（内国株式）,化学,1865,1939,1865,1916,51,2.734584,22700,OK
2025-06-17,4463,日華化学,スタンダード（内国株式）,化学,1284,1285,1278,1280,-4,-0.311526,14800,OK
2025-06-17,4464,ソフト９９コーポレーション,スタンダード（内国株式）,化学,1623,1639,1618,1634,11,0.677757,2300,OK
2025-06-17,4465,ニイタカ,スタンダード（内国株式）,化学,2128,2140,2127,2131,21,0.995261,6300,OK
2025-06-17,4471,三洋化成工業,プライム（内国株式）,化学,3665,3675,3655,3665,0,0,24100,OK
2025-06-17,4475,ＨＥＮＮＧＥ,グロース（内国株式）,情報･通信業,1535,1606,1523,1534,11,0.722259,1259500,OK
2025-06-17,4476,ＡＩ　ＣＲＯＳＳ,グロース（内国株式）,情報･通信業,1825,1825,1810,1817,-8,-0.438356,16800,OK
2025-06-17,4477,ＢＡＳＥ,グロース（内国株式）,情報･通信業,405,420,404,405,1,0.247525,1536700,OK
2025-06-17,4478,フリー,グロース（内国株式）,情報･通信業,3740,3880,3705,3820,150,4.087193,582000,OK
2025-06-17,4479,マクアケ,グロース（内国株式）,情報･通信業,909,937,898,905,-11,-1.200873,87800,OK
2025-06-17,4480,メドレー,プライム（内国株式）,情報･通信業,3080,3105,3050,3080,10,0.325733,158600,OK
2025-06-17,4481,ベース,プライム（内国株式）,情報･通信業,3400,3460,3400,3460,25,0.727802,19300,OK
2025-06-17,4482,ウィルズ,グロース（内国株式）,情報･通信業,680,690,676,682,2,0.294118,27100,OK
2025-06-17,4483,ＪＭＤＣ,プライム（内国株式）,情報･通信業,3887,3919,3864,3890,60,1.56658,318400,OK
2025-06-17,4484,ランサーズ,グロース（内国株式）,情報･通信業,209,210,208,208,-1,-0.478469,14600,OK
2025-06-17,4486,ユナイトアンドグロウ,グロース（内国株式）,情報･通信業,1346,1350,1301,1333,5,0.376506,9800,OK
2025-06-17,4487,スペースマーケット,グロース（内国株式）,情報･通信業,345,357,345,356,11,3.188406,43800,OK
2025-06-17,4488,ＡＩ　ｉｎｓｉｄｅ,グロース（内国株式）,情報･通信業,3075,3075,3030,3040,-5,-0.164204,2600,OK
2025-06-17,4490,ビザスク,グロース（内国株式）,情報･通信業,788,788,781,785,2,0.255428,14400,OK
2025-06-17,4491,コンピューターマネージメント,スタンダード（内国株式）,情報･通信業,2526,2548,2525,2545,18,0.712307,5200,OK
2025-06-17,4492,ゼネテック,スタンダード（内国株式）,情報･通信業,443,445,442,444,3,0.680272,18900,OK
2025-06-17,4493,サイバーセキュリティクラウド,グロース（内国株式）,情報･通信業,1938,1969,1899,1938,20,1.042753,216700,OK
2025-06-17,4494,バリオセキュア,スタンダード（内国株式）,情報･通信業,791,815,790,801,12,1.520913,20500,OK
2025-06-17,4495,アイキューブドシステムズ,グロース（内国株式）,情報･通信業,1947,1957,1908,1940,53,2.808691,16400,OK
2025-06-17,4496,コマースＯｎｅホールディングス,グロース（内国株式）,情報･通信業,792,792,776,783,-2,-0.254777,4600,OK
2025-06-17,4498,サイバートラスト,グロース（内国株式）,情報･通信業,2540,2600,2540,2565,23,0.904799,14600,OK
2025-06-17,4499,Ｓｐｅｅｅ,スタンダード（内国株式）,情報･通信業,2570,2750,2536,2607,71,2.799685,474000,OK
2025-06-17,4502,武田薬品工業,プライム（内国株式）,医薬品,4319,4358,4319,4345,9,0.207565,3387700,OK
2025-06-17,4503,アステラス製薬,プライム（内国株式）,医薬品,1382,1386.5,1375.5,1383,-2.5,-0.18044,4472000,OK
2025-06-17,4506,住友ファーマ,プライム（内国株式）,医薬品,1042,1047,1008,1022,-25,-2.387775,8541700,OK
2025-06-17,4507,塩野義製薬,プライム（内国株式）,医薬品,2503,2523.5,2471,2496.5,-12,-0.478374,1867200,OK
2025-06-17,4512,わかもと製薬,スタンダード（内国株式）,医薬品,304,304,298,303,-2,-0.655738,119600,OK
2025-06-17,4516,日本新薬,プライム（内国株式）,医薬品,3546,3572,3523,3523,-44,-1.23353,116100,OK
2025-06-17,4519,中外製薬,プライム（内国株式）,医薬品,7330,7403,7319,7384,-78,-1.045296,1440300,OK
2025-06-17,4521,科研製薬,プライム（内国株式）,医薬品,3838,3958,3831,3870,3,0.07758,209200,OK
2025-06-17,4523,エーザイ,プライム（内国株式）,医薬品,4000,4019,3983,4006,-24,-0.595533,767900,OK
2025-06-17,4524,森下仁丹,スタンダード（内国株式）,医薬品,2108,2111,2108,2111,-6,-0.28342,400,OK
2025-06-17,4526,理研ビタミン,プライム（内国株式）,食料品,2647,2649,2618,2637,-6,-0.227015,57200,OK
2025-06-17,4527,ロート製薬,プライム（内国株式）,医薬品,2079,2121,2078.5,2106.5,36.5,1.763285,1857900,OK
2025-06-17,4528,小野薬品工業,プライム（内国株式）,医薬品,1545,1571.5,1543.5,1565,3.5,0.224143,1649200,OK
2025-06-17,4530,久光製薬,プライム（内国株式）,医薬品,4279,4295,4246,4260,-38,-0.884132,85000,OK
2025-06-17,4531,有機合成薬品工業,スタンダード（内国株式）,化学,265,266,263,265,-1,-0.37594,17300,OK
2025-06-17,4534,持田製薬,プライム（内国株式）,医薬品,2958,2962,2934,2941,-16,-0.541089,21400,OK
2025-06-17,4536,参天製薬,プライム（内国株式）,医薬品,1654,1669.5,1652.5,1665,-7.5,-0.44843,1307400,OK
2025-06-17,4538,扶桑薬品工業,プライム（内国株式）,医薬品,2133,2136,2125,2135,0,0,6200,OK
2025-06-17,4539,日本ケミファ,スタンダード（内国株式）,医薬品,1480,1480,1475,1480,0,0,600,OK
2025-06-17,4540,ツムラ,プライム（内国株式）,医薬品,3346,3356,3321,3346,-30,-0.888626,544000,OK
2025-06-17,4543,テルモ,プライム（内国株式）,精密機器,2581.5,2597,2566,2588.5,-8,-0.308107,2230100,OK
2025-06-17,4544,Ｈ．Ｕ．グループホールディングス,プライム（内国株式）,サービス業,3140,3179,3138,3151,21,0.670927,202600,OK
2025-06-17,4547,キッセイ薬品工業,プライム（内国株式）,医薬品,4150,4190,4120,4145,-55,-1.309524,53000,OK
2025-06-17,4548,生化学工業,プライム（内国株式）,医薬品,627,630,625,625,-3,-0.477707,76800,OK
2025-06-17,4549,栄研化学,プライム（内国株式）,医薬品,2179,2187,2128,2129,-71,-3.227273,136800,OK
2025-06-17,4551,鳥居薬品,プライム（内国株式）,医薬品,6330,6340,6330,6330,-10,-0.157729,10800,OK
2025-06-17,4552,ＪＣＲファーマ,プライム（内国株式）,医薬品,554,560,548,548,-6,-1.083032,689500,OK
2025-06-17,4553,東和薬品,プライム（内国株式）,医薬品,2966,3005,2947,2989,-3,-0.100267,134000,OK
2025-06-17,4554,富士製薬工業,プライム（内国株式）,医薬品,1321,1330,1319,1325,6,0.45489,32600,OK
2025-06-17,4556,カイノス,スタンダード（内国株式）,医薬品,1240,1240,1240,1240,-1,-0.08058,100,OK
2025-06-17,4558,中京医薬品,スタンダード（内国株式）,医薬品,203,203,202,203,1,0.49505,15600,OK
2025-06-17,4559,ゼリア新薬工業,プライム（内国株式）,医薬品,2020,2041,2020,2031,10,0.494805,52900,OK
2025-06-17,4563,アンジェス,グロース（内国株式）,医薬品,66,68,66,66,0,0,3386600,OK
2025-06-17,4564,オンコセラピー・サイエンス,グロース（内国株式）,医薬品,22,24,21,23,2,9.52381,7363000,OK
2025-06-17,4565,ネクセラファーマ,プライム（内国株式）,医薬品,922,932,899,900,-20,-2.173913,672500,OK
2025-06-17,4568,第一三共,プライム（内国株式）,医薬品,3448,3474,3427,3452,-43,-1.230329,6052100,OK
2025-06-17,4569,杏林製薬,プライム（内国株式）,医薬品,1484,1491,1475,1481,-3,-0.202156,66300,OK
2025-06-17,4570,免疫生物研究所,グロース（内国株式）,医薬品,514,537,514,523,8,1.553398,86300,OK
2025-06-17,4571,ＮＡＮＯ　ＭＲＮＡ,グロース（内国株式）,医薬品,131,133,130,132,0,0,255300,OK
2025-06-17,4572,カルナバイオサイエンス,グロース（内国株式）,医薬品,352,358,341,348,4,1.162791,201100,OK
2025-06-17,4574,大幸薬品,プライム（内国株式）,医薬品,250,250,243,246,-2,-0.806452,86100,OK
2025-06-17,4575,キャンバス,グロース（内国株式）,医薬品,971,984,953,959,-10,-1.031992,206300,OK
2025-06-17,4576,デ・ウエスタン・セラピテクス研究所,グロース（内国株式）,医薬品,129,131,125,128,-2,-1.538462,701100,OK
2025-06-17,4577,ダイト,プライム（内国株式）,医薬品,1042,1045,1022,1027,-20,-1.91022,61200,OK
2025-06-17,4578,大塚ホールディングス,プライム（内国株式）,医薬品,7178,7251,7172,7191,-22,-0.305005,808600,OK
2025-06-17,4579,ラクオリア創薬,グロース（内国株式）,医薬品,622,625,612,620,3,0.486224,168600,OK
2025-06-17,4582,シンバイオ製薬,グロース（内国株式）,医薬品,173,179,172,174,0,0,323500,OK
2025-06-17,4583,カイオム・バイオサイエンス,グロース（内国株式）,医薬品,152,153,148,150,-2,-1.315789,1277700,OK
2025-06-17,4584,キッズウェル・バイオ,グロース（内国株式）,医薬品,321,351,320,351,29,9.006211,7193300,OK
2025-06-17,4586,メドレックス,グロース（内国株式）,医薬品,62,68,61,66,5,8.196721,1443900,OK
2025-06-17,4587,ペプチドリーム,プライム（内国株式）,医薬品,1700.5,1730,1677,1688,27.5,1.656128,823400,OK
2025-06-17,4588,オンコリスバイオファーマ,グロース（内国株式）,医薬品,616,634,600,631,17,2.76873,576200,OK
2025-06-17,4591,リボミック,グロース（内国株式）,医薬品,91,92,90,90,-1,-1.098901,228900,OK
2025-06-17,4592,サンバイオ,グロース（内国株式）,医薬品,3220,3300,2952,2955,-265,-8.229814,3775900,OK
2025-06-17,4593,ヘリオス,グロース（内国株式）,医薬品,541,546,511,518,-23,-4.251386,9553700,OK
2025-06-17,4594,ブライトパス・バイオ,グロース（内国株式）,医薬品,42,45,41,44,2,4.761905,1282600,OK
2025-06-17,4595,ミズホメディー,スタンダード（内国株式）,医薬品,1511,1521,1511,1514,-4,-0.263505,111900,OK
2025-06-17,4596,窪田製薬ホールディングス,グロース（内国株式）,医薬品,45,45,44,44,-1,-2.222222,115600,OK
2025-06-17,4597,ソレイジア・ファーマ,グロース（内国株式）,医薬品,31,31,30,30,0,0,2153600,OK
2025-06-17,4598,Ｄｅｌｔａ−Ｆｌｙ　Ｐｈａｒｍａ,グロース（内国株式）,医薬品,657,674,640,672,22,3.384615,241600,OK
2025-06-17,4599,ステムリム,グロース（内国株式）,医薬品,355,356,342,347,-8,-2.253521,153400,OK
2025-06-17,4611,大日本塗料,プライム（内国株式）,化学,1149,1152,1130,1142,-7,-0.609225,86000,OK
2025-06-17,4612,日本ペイントホールディングス,プライム（内国株式）,化学,1111,1119,1109.5,1113.5,4,0.360523,1373500,OK
2025-06-17,4613,関西ペイント,プライム（内国株式）,化学,1960,1965.5,1947.5,1958.5,7,0.358698,643300,OK
2025-06-17,4615,神東塗料,スタンダード（内国株式）,化学,132,133,132,132,-1,-0.75188,17400,OK
2025-06-17,4616,川上塗料,スタンダード（内国株式）,化学,1688,1688,1680,1680,-6,-0.355872,200,OK
2025-06-17,4617,中国塗料,プライム（内国株式）,化学,2276,2299,2267,2295,43,1.909414,227900,OK
2025-06-17,4619,日本特殊塗料,スタンダード（内国株式）,化学,1805,1805,1792,1805,0,0,22000,OK
2025-06-17,4620,藤倉化成,スタンダード（内国株式）,化学,491,495,490,492,1,0.203666,26700,OK
2025-06-17,4623,アサヒペン,スタンダード（内国株式）,化学,1709,1709,1706,1706,-2,-0.117096,400,OK
2025-06-17,4624,イサム塗料,スタンダード（内国株式）,化学,3300,3300,3300,3300,5,0.151745,300,OK
2025-06-17,4625,アトミクス,スタンダード（内国株式）,化学,622,622,617,622,-4,-0.638978,700,OK
2025-06-17,4626,太陽ホールディングス,プライム（内国株式）,化学,6050,6170,6000,6130,0,0,148900,OK
2025-06-17,4627,ナトコ,スタンダード（内国株式）,化学,1371,1371,1367,1371,1,0.072993,1500,OK
2025-06-17,4628,エスケー化研,スタンダード（内国株式）,化学,8660,8660,8600,8650,70,0.815851,5800,OK
2025-06-17,4629,大伸化学,スタンダード（内国株式）,化学,1515,1515,1505,1505,-10,-0.660066,600,OK
2025-06-17,4631,ＤＩＣ,プライム（内国株式）,化学,2872.5,2877,2846.5,2856.5,5,0.175346,191700,OK
2025-06-17,4633,サカタインクス,プライム（内国株式）,化学,1923,1949,1910,1943,23,1.197917,169100,OK
2025-06-17,4634,ａｒｔｉｅｎｃｅ,プライム（内国株式）,化学,3025,3045,3015,3035,30,0.998336,94200,OK
2025-06-17,4635,東京インキ,スタンダード（内国株式）,化学,4080,4105,4065,4105,25,0.612745,1900,OK
2025-06-17,4641,アルプス技研,プライム（内国株式）,サービス業,2695,2759,2695,2757,65,2.414562,33000,OK
2025-06-17,4642,オリジナル設計,スタンダード（内国株式）,サービス業,1476,1483,1453,1483,7,0.474255,1900,OK
2025-06-17,4644,イマジニア,スタンダード（内国株式）,情報･通信業,1005,1007,998,1002,-2,-0.199203,31600,OK
2025-06-17,4645,市進ホールディングス,スタンダード（内国株式）,サービス業,418,418,417,418,2,0.480769,2000,OK
2025-06-17,4650,ＳＤエンターテイメント,スタンダード（内国株式）,サービス業,285,288,285,288,3,1.052632,1200,OK
2025-06-17,4651,サニックスホールディングス,スタンダード（内国株式）,サービス業,244,255,244,254,9,3.673469,155300,OK
2025-06-17,4657,環境管理センター,スタンダード（内国株式）,サービス業,420,430,420,425,6,1.431981,12400,OK
2025-06-17,4658,日本空調サービス,プライム（内国株式）,サービス業,1085,1091,1080,1089,4,0.368664,37200,OK
2025-06-17,4659,エイジス,スタンダード（内国株式）,サービス業,2785,2845,2785,2831,46,1.651706,2800,OK
2025-06-17,4661,オリエンタルランド,プライム（内国株式）,サービス業,3220,3343,3209,3337,153,4.805276,6487100,OK
2025-06-17,4662,フォーカスシステムズ,プライム（内国株式）,情報･通信業,1449,1461,1438,1438,-12,-0.827586,34900,OK
2025-06-17,4664,アール・エス・シー,スタンダード（内国株式）,サービス業,542,542,539,539,1,0.185874,1700,OK
2025-06-17,4665,ダスキン,プライム（内国株式）,サービス業,3945,4030,3945,3990,47,1.191986,356300,OK
2025-06-17,4666,パーク２４,プライム（内国株式）,不動産業,1822,1835.5,1808.5,1820,8,0.441501,756300,OK
2025-06-17,4667,アイサンテクノロジー,スタンダード（内国株式）,情報･通信業,1346,1355,1341,1349,-4,-0.295639,6600,OK
2025-06-17,4668,明光ネットワークジャパン,プライム（内国株式）,サービス業,725,725,721,722,-5,-0.687758,15200,OK
2025-06-17,4671,ファルコホールディングス,スタンダード（内国株式）,サービス業,2285,2297,2282,2285,-11,-0.479094,9100,OK
2025-06-17,4673,川崎地質,スタンダード（内国株式）,サービス業,3170,3215,3170,3200,30,0.946372,3300,OK
2025-06-17,4674,クレスコ,プライム（内国株式）,情報･通信業,1734,1777,1734,1771,52,3.025015,130800,OK
2025-06-17,4676,フジ・メディア・ホールディングス,プライム（内国株式）,情報･通信業,3010,3019,2992,3017,-4,-0.132406,971500,OK
2025-06-17,4678,秀英予備校,スタンダード（内国株式）,サービス業,299,300,298,299,3,1.013514,8000,OK
2025-06-17,4679,田谷,スタンダード（内国株式）,サービス業,243,250,242,244,2,0.826446,42600,OK
2025-06-17,4680,ラウンドワン,プライム（内国株式）,サービス業,1265,1286,1263,1276,29,2.325581,1512000,OK
2025-06-17,4681,リゾートトラスト,プライム（内国株式）,サービス業,1623,1640,1620,1636,11.5,0.70791,388700,OK
2025-06-17,4684,オービック,プライム（内国株式）,情報･通信業,5446,5491,5392,5394,-70,-1.281113,678200,OK
2025-06-17,4685,菱友システムズ,スタンダード（内国株式）,情報･通信業,7130,7260,7010,7180,120,1.699717,55000,OK
2025-06-17,4686,ジャストシステム,プライム（内国株式）,情報･通信業,3500,3545,3490,3490,-25,-0.711238,133100,OK
2025-06-17,4687,ＴＤＣソフト,プライム（内国株式）,情報･通信業,1364,1374,1330,1347,-31,-2.249637,73600,OK
2025-06-17,4689,ＬＩＮＥヤフー,プライム（内国株式）,情報･通信業,517.5,525,516.6,525,3.6,0.690449,7960200,OK
2025-06-17,4690,日本パレットプール,スタンダード（内国株式）,サービス業,1758,1799,1750,1750,-26,-1.463964,6900,OK
2025-06-17,4691,ワシントンホテル,スタンダード（内国株式）,サービス業,1308,1314,1294,1301,5,0.385802,24600,OK
2025-06-17,4694,ビー・エム・エル,プライム（内国株式）,サービス業,3165,3225,3160,3210,20,0.626959,59300,OK
2025-06-17,4704,トレンドマイクロ,プライム（内国株式）,情報･通信業,10805,10935,10760,10780,25,0.23245,361300,OK
2025-06-17,4705,クリップコーポレーション,スタンダード（内国株式）,サービス業,815,815,807,807,-6,-0.738007,900,OK
2025-06-17,4707,キタック,スタンダード（内国株式）,サービス業,350,352,346,352,2,0.571429,21100,OK
2025-06-17,4709,ＩＤホールディングス,プライム（内国株式）,情報･通信業,2239,2308,2239,2299,58,2.58813,33100,OK
2025-06-17,4712,ＫｅｙＨｏｌｄｅｒ,スタンダード（内国株式）,サービス業,799,803,790,790,5,0.636943,78700,OK
2025-06-17,4714,リソー教育,プライム（内国株式）,サービス業,223,223,220,222,-2,-0.892857,172200,OK
2025-06-17,4716,日本オラクル,スタンダード（内国株式）,情報･通信業,17250,17425,17200,17290,60,0.34823,88800,OK
2025-06-17,4718,早稲田アカデミー,プライム（内国株式）,サービス業,2339,2380,2328,2335,6,0.257621,39100,OK
2025-06-17,4719,アルファシステムズ,プライム（内国株式）,情報･通信業,3520,3610,3510,3530,10,0.284091,11400,OK
2025-06-17,4720,城南進学研究社,スタンダード（内国株式）,サービス業,234,236,232,234,3,1.298701,12500,OK
2025-06-17,4722,フューチャー,プライム（内国株式）,情報･通信業,2290,2332,2275,2282,-6,-0.262238,178200,OK
2025-06-17,4725,ＣＡＣ　Ｈｏｌｄｉｎｇｓ,プライム（内国株式）,情報･通信業,2035,2055,2035,2047,4,0.195791,16800,OK
2025-06-17,4728,トーセ,スタンダード（内国株式）,情報･通信業,652,652,644,650,-1,-0.15361,2700,OK
2025-06-17,4732,ユー・エス・エス,プライム（内国株式）,サービス業,1545,1558,1545,1555.5,-1.5,-0.096339,795800,OK
2025-06-17,4733,オービックビジネスコンサルタント,プライム（内国株式）,情報･通信業,8436,8494,8400,8403,-29,-0.343928,51800,OK
2025-06-17,4735,京進,スタンダード（内国株式）,サービス業,343,345,340,341,-3,-0.872093,1700,OK
2025-06-17,4736,日本ラッド,スタンダード（内国株式）,情報･通信業,832,837,821,823,-8,-0.962696,11800,OK
2025-06-17,4743,アイティフォー,プライム（内国株式）,情報･通信業,1525,1541,1511,1515,-9,-0.590551,33700,OK
2025-06-17,4745,東京個別指導学院,スタンダード（内国株式）,サービス業,311,313,309,313,2,0.643087,36200,OK
2025-06-17,4746,東計電算,スタンダード（内国株式）,情報･通信業,4000,4000,3965,3965,-35,-0.875,10700,OK
2025-06-17,4750,ダイサン,スタンダード（内国株式）,サービス業,552,554,549,551,-1,-0.181159,7700,OK
2025-06-17,4751,サイバーエージェント,プライム（内国株式）,サービス業,1529,1529,1501,1509.5,1.5,0.099469,1864500,OK
2025-06-17,4752,昭和システムエンジニアリング,スタンダード（内国株式）,情報･通信業,1425,1454,1425,1452,-3,-0.206186,2000,OK
2025-06-17,4754,トスネット,スタンダード（内国株式）,サービス業,,,,,,,,NO_QUOTE
2025-06-17,4755,楽天グループ,プライム（内国株式）,サービス業,812.7,813.5,805,810.6,2.2,0.272143,7253400,OK
2025-06-17,4760,アルファ,スタンダード（内国株式）,サービス業,1580,1595,1580,1595,0,0,800,OK
2025-06-17,4761,さくらケーシーエス,スタンダード（内国株式）,情報･通信業,1349,1365,1322,1343,-4,-0.296956,7200,OK
2025-06-17,4762,エックスネット,スタンダード（内国株式）,情報･通信業,1341,1360,1339,1355,2,0.14782,4300,OK
2025-06-17,4763,クリーク・アンド・リバー社,プライム（内国株式）,サービス業,1455,1461,1445,1453,-10,-0.683527,50800,OK
2025-06-17,4765,ＳＢＩグローバルアセットマネジメント,プライム（内国株式）,サービス業,636,637,632,637,0,0,69600,OK
2025-06-17,4766,ピーエイ,スタンダード（内国株式）,サービス業,281,295,275,280,2,0.719424,65600,OK
2025-06-17,4767,テー・オー・ダブリュー,スタンダード（内国株式）,サービス業,317,320,317,318,0,0,80700,OK
2025-06-17,4768,大塚商会,プライム（内国株式）,情報･通信業,2937,2978.5,2935.5,2963,-9,-0.302826,805300,OK
2025-06-17,4769,ＩＣ,スタンダード（内国株式）,情報･通信業,1054,1084,1047,1083,34,3.241182,5900,OK
2025-06-17,4771,エフアンドエム,スタンダード（内国株式）,サービス業,2598,2598,2460,2497,-120,-4.585403,47300,OK
2025-06-17,4772,ＳＭ　ＥＮＴＥＲＴＡＩＮＭＥＮＴ　ＪＡＰＡＮ,グロース（内国株式）,情報･通信業,108,112,107,111,3,2.777778,584900,OK
2025-06-17,4776,サイボウズ,プライム（内国株式）,情報･通信業,3535,3575,3460,3480,-55,-1.55587,174000,OK
2025-06-17,4777,ガーラ,スタンダード（内国株式）,情報･通信業,230,252,230,248,19,8.296943,369700,OK
2025-06-17,4783,ＮＣＤ,スタンダード（内国株式）,情報･通信業,2832,2864,2832,2834,-13,-0.456621,8200,OK
2025-06-17,4784,ＧＭＯインターネット,プライム（内国株式）,サービス業,2560,2679,2503,2505,-37,-1.455547,513400,OK
2025-06-17,4792,山田コンサルティンググループ,プライム（内国株式）,サービス業,1589,1615,1585,1595,2,0.125549,33200,OK
2025-06-17,4800,オリコン,スタンダード（内国株式）,情報･通信業,776,776,774,775,1,0.129199,1900,OK
2025-06-17,4801,セントラルスポーツ,プライム（内国株式）,サービス業,2393,2408,2388,2396,3,0.125366,12100,OK
2025-06-17,4809,パラカ,プライム（内国株式）,不動産業,1822,1823,1816,1817,-1,-0.055006,7000,OK
2025-06-17,4811,ドリーム・アーツ,グロース（内国株式）,情報･通信業,3480,3550,3440,3445,-60,-1.71184,4800,OK
2025-06-17,4812,電通総研,プライム（内国株式）,情報･通信業,6690,6850,6680,6790,100,1.494768,80300,OK
2025-06-17,4813,ＡＣＣＥＳＳ,プライム（内国株式）,情報･通信業,839,846,823,836,3,0.360144,183000,OK
2025-06-17,4814,ネクストウェア,スタンダード（内国株式）,情報･通信業,173,173,168,172,-1,-0.578035,313800,OK
2025-06-17,4816,東映アニメーション,スタンダード（内国株式）,情報･通信業,3255,3255,3200,3210,-60,-1.834862,179800,OK
2025-06-17,4819,デジタルガレージ,プライム（内国株式）,情報･通信業,4830,4945,4830,4855,25,0.517598,93500,OK
2025-06-17,4820,イーエムシステムズ,プライム（内国株式）,情報･通信業,747,747,730,742,-3,-0.402685,148300,OK
2025-06-17,4825,ウェザーニューズ,プライム（内国株式）,情報･通信業,3850,3855,3785,3795,-55,-1.428571,39300,OK
2025-06-17,4826,ＣＩＪ,プライム（内国株式）,情報･通信業,500,501,495,498,-5,-0.994036,88900,OK
2025-06-17,4828,ビジネスエンジニアリング,プライム（内国株式）,情報･通信業,4585,4615,4535,4600,15,0.327154,8100,OK
2025-06-17,4829,日本エンタープライズ,スタンダード（内国株式）,情報･通信業,114,117,114,117,3,2.631579,150300,OK
2025-06-17,4832,ＪＦＥシステムズ,スタンダード（内国株式）,情報･通信業,1800,1826,1779,1800,25,1.408451,21900,OK
2025-06-17,4833,Ｄｅｆ　ｃｏｎｓｕｌｔｉｎｇ,グロース（内国株式）,サービス業,101,105,98,104,3,2.970297,875100,OK
2025-06-17,4838,スペースシャワーＳＫＩＹＡＫＩホールディングス,スタンダード（内国株式）,情報･通信業,547,551,543,551,4,0.731261,7700,OK
2025-06-17,4839,ＷＯＷＯＷ,プライム（内国株式）,情報･通信業,1003,1005,1000,1003,0,0,14400,OK
2025-06-17,4840,トライアイズ,グロース（内国株式）,サービス業,340,347,338,347,10,2.967359,12100,OK
2025-06-17,4845,スカラ,プライム（内国株式）,情報･通信業,405,409,403,406,1,0.246914,19100,OK
2025-06-17,4847,インテリジェント　ウェイブ,プライム（内国株式）,情報･通信業,1130,1141,1128,1130,0,0,38400,OK
2025-06-17,4848,フルキャストホールディングス,プライム（内国株式）,サービス業,1706,1712,1694,1695,-8,-0.469759,121100,OK
2025-06-17,4849,エン・ジャパン,プライム（内国株式）,サービス業,1608,1622,1599,1606,-6,-0.372208,132700,OK
2025-06-17,4880,セルソース,プライム（内国株式）,医薬品,709,713,691,702,-14,-1.955307,37300,OK
2025-06-17,4881,ファンペップ,グロース（内国株式）,医薬品,116,118,114,118,3,2.608696,378000,OK
2025-06-17,4882,ペルセウスプロテオミクス,グロース（内国株式）,医薬品,400,401,386,396,-17,-4.116223,884500,OK
2025-06-17,4883,モダリス,グロース（内国株式）,医薬品,93,94,90,91,-1,-1.086957,3181000,OK
2025-06-17,4884,クリングルファーマ,グロース（内国株式）,医薬品,1015,1023,976,989,-11,-1.1,181400,OK
2025-06-17,4885,室町ケミカル,スタンダード（内国株式）,医薬品,825,825,813,818,-7,-0.848485,6300,OK
2025-06-17,4886,あすか製薬ホールディングス,プライム（内国株式）,医薬品,2318,2333,2299,2329,-1,-0.042918,25500,OK
2025-06-17,4887,サワイグループホールディングス,プライム（内国株式）,医薬品,1797.5,1838,1795,1836,20,1.101322,380700,OK
2025-06-17,4888,ステラファーマ,グロース（内国株式）,医薬品,407,414,400,410,6,1.485149,239200,OK
2025-06-17,4889,レナサイエンス,グロース（内国株式）,医薬品,2024,2058,1914,1955,-37,-1.85743,850000,OK
2025-06-17,4890,坪田ラボ,グロース（内国株式）,医薬品,405,405,400,400,-5,-1.234568,30400,OK
2025-06-17,4891,ティムス,グロース（内国株式）,医薬品,171,172,166,167,-4,-2.339181,721600,OK
2025-06-17,4892,サイフューズ,グロース（内国株式）,医薬品,916,925,904,921,8,0.876232,112100,OK
2025-06-17,4893,ノイルイミューン・バイオテック,グロース（内国株式）,医薬品,172,176,170,174,2,1.162791,253300,OK
2025-06-17,4894,クオリプス,グロース（内国株式）,医薬品,6190,6480,6040,6410,320,5.254516,339000,OK
2025-06-17,4896,ケイファーマ,グロース（内国株式）,医薬品,806,828,803,810,9,1.123596,203000,OK
2025-06-17,4901,富士フイルムホールディングス,プライム（内国株式）,化学,3101,3116,3097,3111,5,0.160979,1710000,OK
2025-06-17,4902,コニカミノルタ,プライム（内国株式）,電気機器,448.8,455.8,445.2,454.2,7.9,1.77011,2057600,OK
2025-06-17,4911,資生堂,プライム（内国株式）,化学,2459,2535,2453,2461.5,41.5,1.714876,2921300,OK
2025-06-17,4912,ライオン,プライム（内国株式）,化学,1530,1536,1518,1518,-13,-0.849118,1058100,OK
2025-06-17,4914,高砂香料工業,プライム（内国株式）,化学,7180,7270,7140,7270,90,1.253482,53900,OK
2025-06-17,4917,マンダム,プライム（内国株式）,化学,1350,1354,1341,1353,4,0.296516,99700,OK
2025-06-17,4918,アイビー化粧品,スタンダード（内国株式）,化学,322,325,321,325,4,1.246106,14000,OK
2025-06-17,4919,ミルボン,プライム（内国株式）,化学,2473,2480,2441,2449,-20,-0.810045,102700,OK
2025-06-17,4920,日本色材工業研究所,スタンダード（内国株式）,化学,1013,1013,1005,1008,3,0.298507,500,OK
2025-06-17,4922,コーセー,プライム（内国株式）,化学,5780,5830,5741,5769,38,0.663061,226500,OK
2025-06-17,4923,コタ,プライム（内国株式）,化学,1477,1479,1462,1462,-14,-0.948509,23100,OK
2025-06-17,4925,ハーバー研究所,スタンダード（内国株式）,化学,1717,1719,1717,1717,-3,-0.174419,400,OK
2025-06-17,4926,シーボン,スタンダード（内国株式）,化学,1125,1138,1125,1138,10,0.886525,1500,OK
2025-06-17,4927,ポーラ・オルビスホールディングス,プライム（内国株式）,化学,1334,1337,1322.5,1326,-5.5,-0.413068,235700,OK
2025-06-17,4928,ノエビアホールディングス,プライム（内国株式）,化学,4255,4265,4230,4245,-15,-0.352113,35200,OK
2025-06-17,4929,アジュバンホールディングス,スタンダード（内国株式）,化学,753,754,752,752,-1,-0.132802,2700,OK
2025-06-17,4931,新日本製薬,プライム（内国株式）,化学,2268,2268,2242,2261,7,0.310559,22000,OK
2025-06-17,4932,アルマード,スタンダード（内国株式）,化学,1084,1086,1067,1086,7,0.648749,10500,OK
2025-06-17,4933,Ｉ−ｎｅ,プライム（内国株式）,化学,1647,1663,1630,1633,-17,-1.030303,46500,OK
2025-06-17,4934,プレミアアンチエイジング,グロース（内国株式）,化学,912,920,903,909,-7,-0.764192,19300,OK
2025-06-17,4935,リベルタ,スタンダード（内国株式）,化学,2210,2337,2150,2200,84,3.969754,1350100,OK
2025-06-17,4936,アクシージア,プライム（内国株式）,化学,491,506,462,493,3,0.612245,606900,OK
2025-06-17,4937,Ｗａｑｏｏ,グロース（内国株式）,化学,1042,1068,1038,1056,7,0.667302,1000,OK
2025-06-17,4951,エステー,プライム（内国株式）,化学,1500,1515,1493,1514,14,0.933333,12800,OK
2025-06-17,4956,コニシ,プライム（内国株式）,化学,1131,1137,1118,1131,5,0.44405,73100,OK
2025-06-17,4957,ヤスハラケミカル,スタンダード（内国株式）,化学,824,827,819,819,-1,-0.121951,3500,OK
2025-06-17,4958,長谷川香料,プライム（内国株式）,化学,2962,2980,2959,2973,11,0.371371,34300,OK
2025-06-17,4960,ケミプロ化成,スタンダード（内国株式）,化学,264,264,262,263,0,0,3600,OK
2025-06-17,4966,上村工業,スタンダード（内国株式）,化学,8930,9060,8850,9060,430,4.982619,46800,OK
2025-06-17,4967,小林製薬,プライム（内国株式）,化学,5562,5571,5500,5500,-4,-0.072674,239000,OK
2025-06-17,4968,荒川化学工業,プライム（内国株式）,化学,1029,1041,1026,1039,3,0.289575,20400,OK
2025-06-17,4970,東洋合成工業,スタンダード（内国株式）,化学,4635,4715,4595,4595,0,0,21800,OK
2025-06-17,4971,メック,プライム（内国株式）,化学,2575,2618,2571,2587,7,0.271318,115000,OK
2025-06-17,4972,綜研化学,スタンダード（内国株式）,化学,1460,1478,1458,1464,3,0.205339,14700,OK
2025-06-17,4973,日本高純度化学,プライム（内国株式）,化学,3200,3240,3200,3230,0,0,8300,OK
2025-06-17,4974,タカラバイオ,プライム（内国株式）,化学,786,788,779,779,-7,-0.890585,133300,OK
2025-06-17,4975,ＪＣＵ,プライム（内国株式）,化学,3110,3150,3110,3135,20,0.642055,32600,OK
2025-06-17,4976,東洋ドライルーブ,スタンダード（内国株式）,化学,4010,4015,3855,3935,-50,-1.254705,1800,OK
2025-06-17,4977,新田ゼラチン,スタンダード（内国株式）,化学,849,860,845,845,0,0,43600,OK
2025-06-17,4978,リプロセル,グロース（内国株式）,化学,196,197,185,186,-6,-3.125,2256700,OK
2025-06-17,4979,ＯＡＴアグリオ,スタンダード（内国株式）,化学,2015,2015,1981,1985,-42,-2.072028,19400,OK
2025-06-17,4980,デクセリアルズ,プライム（内国株式）,化学,2132,2146.5,2124,2140.5,29.5,1.397442,557300,OK
2025-06-17,4985,アース製薬,プライム（内国株式）,化学,4860,4870,4845,4850,-30,-0.614754,53500,OK
2025-06-17,4990,昭和化学工業,スタンダード（内国株式）,化学,468,469,464,464,-2,-0.429185,600,OK
2025-06-17,4992,北興化学工業,スタンダード（内国株式）,化学,1358,1390,1356,1384,45,3.360717,60700,OK
2025-06-17,4994,大成ラミックグループ,スタンダード（内国株式）,化学,2459,2479,2459,2466,7,0.284669,5900,OK
2025-06-17,4996,クミアイ化学工業,プライム（内国株式）,化学,778,783,776,783,5,0.642674,203600,OK
2025-06-17,4997,日本農薬,プライム（内国株式）,化学,880,880,864,868,-7,-0.8,72900,OK
2025-06-17,4998,フマキラー,スタンダード（内国株式）,化学,1088,1093,1087,1090,2,0.183824,4300,OK
2025-06-17,5009,富士興産,スタンダード（内国株式）,卸売業,1220,1230,1220,1224,1,0.081766,8300,OK
2025-06-17,5010,日本精蝋,スタンダード（内国株式）,石油･石炭製品,198,201,197,200,1,0.502513,39000,OK
2025-06-17,5011,ニチレキグループ,プライム（内国株式）,石油･石炭製品,2419,2424,2379,2379,-53,-2.179276,18200,OK
2025-06-17,5013,ユシロ,スタンダード（内国株式）,石油･石炭製品,2003,2008,1998,2003,1,0.04995,13900,OK
2025-06-17,5015,ビーピー・カストロール,スタンダード（内国株式）,石油･石炭製品,867,870,865,866,-5,-0.574053,11800,OK
2025-06-17,5016,ＪＸ金属,プライム（内国株式）,非鉄金属,765.2,789,764,789,22.7,2.962286,4258000,OK
2025-06-17,5017,富士石油,プライム（内国株式）,石油･石炭製品,298,301,293,297,-6,-1.980198,1283200,OK
2025-06-17,5018,ＭＯＲＥＳＣＯ,スタンダード（内国株式）,石油･石炭製品,1227,1227,1221,1221,-6,-0.488998,2000,OK
2025-06-17,5019,出光興産,プライム（内国株式）,石油･石炭製品,877.8,886.7,873,885.5,2.5,0.283126,4219000,OK
2025-06-17,5020,ＥＮＥＯＳホールディングス,プライム（内国株式）,石油･石炭製品,719.5,728.7,716.3,728.7,2.4,0.330442,13394700,OK
2025-06-17,5021,コスモエネルギーホールディングス,プライム（内国株式）,石油･石炭製品,6486,6586,6476,6560,53,0.814507,306300,OK
2025-06-17,5022,レボインターナショナル,TOKYO PRO MARKET（内国株式）,石油･石炭製品,,,,,,,,NO_QUOTE
2025-06-17,5025,マーキュリー,グロース（内国株式）,情報･通信業,681,692,679,686,3,0.439239,3400,OK
2025-06-17,5026,トリプルアイズ,グロース（内国株式）,情報･通信業,1070,1085,1060,1078,19,1.794145,34200,OK
2025-06-17,5027,ＡｎｙＭｉｎｄ　Ｇｒｏｕｐ,グロース（内国株式）,情報･通信業,533,541,526,541,11,2.075472,475400,OK
2025-06-17,5028,セカンドサイトアナリティカ,グロース（内国株式）,情報･通信業,363,365,361,362,0,0,7700,OK
2025-06-17,5029,サークレイス,グロース（内国株式）,情報･通信業,1516,1561,1515,1546,50,3.342246,37700,OK
2025-06-17,5031,モイ,グロース（内国株式）,情報･通信業,238,243,231,232,-5,-2.109705,24800,OK
2025-06-17,5032,ＡＮＹＣＯＬＯＲ,プライム（内国株式）,情報･通信業,5090,5110,4950,5040,-40,-0.787402,1296100,OK
2025-06-17,5033,ヌーラボ,グロース（内国株式）,情報･通信業,923,924,911,911,0,0,11100,OK
2025-06-17,5034,ｕｎｅｒｒｙ,グロース（内国株式）,情報･通信業,2613,2760,2613,2735,99,3.75569,23000,OK
2025-06-17,5035,ＨＯＵＳＥＩ,グロース（内国株式）,情報･通信業,501,508,494,499,1,0.200803,9700,OK
2025-06-17,5036,日本ビジネスシステムズ,スタンダード（内国株式）,情報･通信業,1492,1527,1455,1460,-2,-0.136799,155300,OK
2025-06-17,5037,フィットワークス,TOKYO PRO MARKET（内国株式）,情報･通信業,,,,,,,,NO_QUOTE
2025-06-17,5038,ｅＷｅＬＬ,グロース（内国株式）,情報･通信業,2550,2580,2502,2527,5,0.198255,24800,OK
2025-06-17,5070,ドラフト,グロース（内国株式）,建設業,519,527,519,527,8,1.541426,14500,OK
2025-06-17,5071,ヴィス,スタンダード（内国株式）,建設業,1240,1252,1240,1252,11,0.886382,5200,OK
2025-06-17,5072,アートフォースジャパン,TOKYO PRO MARKET（内国株式）,建設業,,,,,,,,NO_QUOTE
2025-06-17,5074,テスホールディングス,プライム（内国株式）,建設業,327,332,323,323,-3,-0.920245,381900,OK
2025-06-17,5076,インフロニア・ホールディングス,プライム（内国株式）,建設業,1193,1195,1186.5,1190.5,-4,-0.334868,524300,OK
2025-06-17,50765,インフロニア・ホールディングス（優先株式）,プライム（内国株式）,建設業,4606,4650,4606,4650,25,0.540541,8500,OK
2025-06-17,5077,ハンズ,TOKYO PRO MARKET（内国株式）,建設業,,,,,,,,NO_QUOTE
2025-06-17,5078,セレコーポレーション,スタンダード（内国株式）,建設業,4900,4970,4900,4900,-65,-1.309164,500,OK
2025-06-17,5079,ノバック,スタンダード（内国株式）,建設業,2501,2506,2486,2489,-11,-0.44,4000,OK
2025-06-17,5101,横浜ゴム,プライム（内国株式）,ゴム製品,3388,3446,3388,3446,26,0.760234,394900,OK
2025-06-17,5103,昭和ホールディングス,スタンダード（内国株式）,ゴム製品,48,53,47,52,4,8.333333,603600,OK
2025-06-17,5105,ＴＯＹＯ　ＴＩＲＥ,プライム（内国株式）,ゴム製品,2960,2980,2952,2979,28.5,0.965938,759700,OK
2025-06-17,5108,ブリヂストン,プライム（内国株式）,ゴム製品,5957,6020,5953,6020,61,1.023662,1948600,OK
2025-06-17,5110,住友ゴム工業,プライム（内国株式）,ゴム製品,1606,1620,1603,1615.5,4.5,0.27933,995000,OK
2025-06-17,5121,藤倉コンポジット,プライム（内国株式）,ゴム製品,1434,1474,1434,1471,37,2.580195,89700,OK
2025-06-17,5122,オカモト,プライム（内国株式）,ゴム製品,4930,4985,4920,4945,15,0.30426,24400,OK
2025-06-17,5125,ファインズ,グロース（内国株式）,情報･通信業,537,539,535,539,2,0.372439,6100,OK
2025-06-17,5126,ポーターズ,グロース（内国株式）,情報･通信業,,,,,,,,NO_QUOTE
2025-06-17,5129,ＦＩＸＥＲ,グロース（内国株式）,情報･通信業,524,524,515,516,-6,-1.149425,19100,OK
2025-06-17,5130,ヒロホールディングス,TOKYO PRO MARKET（内国株式）,情報･通信業,,,,,,,,NO_QUOTE
2025-06-17,5131,リンカーズ,グロース（内国株式）,情報･通信業,174,174,168,171,-1,-0.581395,218500,OK
2025-06-17,5132,ｐｌｕｓｚｅｒｏ,グロース（内国株式）,情報･通信業,3780,3800,3550,3635,-55,-1.490515,187700,OK
2025-06-17,5133,テリロジーホールディングス,スタンダード（内国株式）,情報･通信業,387,391,384,386,3,0.78329,105700,OK
2025-06-17,5134,ＰＯＰＥＲ,グロース（内国株式）,情報･通信業,1250,1273,1181,1260,0,0,34500,OK
2025-06-17,5135,ＡＩＲ−Ｕ,TOKYO PRO MARKET（内国株式）,情報･通信業,,,,,,,,NO_QUOTE
2025-06-17,5136,ｔｒｉｐｌａ,グロース（内国株式）,情報･通信業,2321,2482,2257,2287,-458,-16.684882,1149900,OK
2025-06-17,5137,スマートドライブ,グロース（内国株式）,情報･通信業,2647,2647,2565,2581,-16,-0.616095,12600,OK
2025-06-17,5138,Ｒｅｂａｓｅ,グロース（内国株式）,情報･通信業,1373,1382,1344,1369,6,0.440205,6200,OK
2025-06-17,5139,オープンワーク,グロース（内国株式）,情報･通信業,1125,1134,1082,1096,-12,-1.083032,54600,OK
2025-06-17,5142,アキレス,プライム（内国株式）,化学,1130,1132,1120,1123,-7,-0.619469,19200,OK
2025-06-17,5161,西川ゴム工業,スタンダード（内国株式）,ゴム製品,2388,2396,2366,2391,-4,-0.167015,142900,OK
2025-06-17,5162,朝日ラバー,スタンダード（内国株式）,ゴム製品,590,597,587,587,3,0.513699,7000,OK
2025-06-17,5184,ニチリン,スタンダード（内国株式）,ゴム製品,3465,3510,3465,3510,45,1.298701,9000,OK
2025-06-17,5185,フコク,プライム（内国株式）,ゴム製品,1615,1624,1608,1624,9,0.557276,19700,OK
2025-06-17,5186,ニッタ,プライム（内国株式）,ゴム製品,3715,3735,3690,3725,10,0.269179,18700,OK
2025-06-17,5187,クリエートメディック,スタンダード（内国株式）,精密機器,952,954,951,954,2,0.210084,4700,OK
2025-06-17,5189,櫻護謨,スタンダード（内国株式）,ゴム製品,1850,1859,1849,1859,9,0.486486,600,OK
2025-06-17,5191,住友理工,プライム（内国株式）,ゴム製品,1618,1641,1612,1641,17,1.046798,248200,OK
2025-06-17,5192,三ツ星ベルト,プライム（内国株式）,ゴム製品,3415,3445,3415,3415,-5,-0.146199,37300,OK
2025-06-17,5194,相模ゴム工業,スタンダード（内国株式）,ゴム製品,853,877,846,867,15,1.760563,19900,OK
2025-06-17,5195,バンドー化学,プライム（内国株式）,ゴム製品,1641,1652,1634,1652,10,0.609013,20300,OK
2025-06-17,5199,不二ラテックス,スタンダード（内国株式）,ゴム製品,1879,1900,1870,1900,21,1.117616,400,OK
2025-06-17,5201,ＡＧＣ,プライム（内国株式）,ガラス･土石製品,4230,4273,4223,4273,51,1.207958,797600,OK
2025-06-17,5202,日本板硝子,プライム（内国株式）,ガラス･土石製品,402,403,398,400,0,0,254900,OK
2025-06-17,5204,石塚硝子,スタンダード（内国株式）,ガラス･土石製品,2570,2607,2555,2607,42,1.637427,800,OK
2025-06-17,5208,有沢製作所,プライム（内国株式）,化学,1412,1442,1408,1436,27,1.916253,357000,OK
2025-06-17,5210,日本山村硝子,スタンダード（内国株式）,ガラス･土石製品,2442,2452,2433,2441,-1,-0.04095,6900,OK
2025-06-17,5214,日本電気硝子,プライム（内国株式）,ガラス･土石製品,3410,3509,3405,3490,76,2.226128,563200,OK
2025-06-17,5216,倉元製作所,スタンダード（内国株式）,ガラス･土石製品,210,212,207,210,2,0.961538,240800,OK
2025-06-17,5218,オハラ,スタンダード（内国株式）,ガラス･土石製品,1011,1017,1004,1010,0,0,36500,OK
2025-06-17,5232,住友大阪セメント,プライム（内国株式）,ガラス･土石製品,3822,3848,3815,3817,1,0.026205,100400,OK
2025-06-17,5233,太平洋セメント,プライム（内国株式）,ガラス･土石製品,3666,3678,3625,3625,-40,-1.091405,297000,OK
2025-06-17,5237,ノザワ,スタンダード（内国株式）,ガラス･土石製品,866,866,860,865,-3,-0.345622,5000,OK
2025-06-17,5240,ｍｏｎｏＡＩ　ｔｅｃｈｎｏｌｏｇｙ,グロース（内国株式）,情報･通信業,368,377,366,367,0,0,106700,OK
2025-06-17,5242,アイズ,グロース（内国株式）,情報･通信業,1910,1940,1806,1831,75,4.271071,49100,OK
2025-06-17,5243,ｎｏｔｅ,グロース（内国株式）,情報･通信業,1550,1608,1533,1555,4,0.257898,833500,OK
2025-06-17,5244,ｊｉｇ．ｊｐ,グロース（内国株式）,情報･通信業,247,253,245,251,2,0.803213,270600,OK
2025-06-17,5246,ＥＬＥＭＥＮＴＳ,グロース（内国株式）,情報･通信業,1439,1445,1371,1379,-30,-2.12917,3586300,OK
2025-06-17,5247,ＢＴＭ,グロース（内国株式）,情報･通信業,775,785,767,777,4,0.517464,11000,OK
2025-06-17,5248,テクノロジーズ,グロース（内国株式）,情報･通信業,797,804,792,801,1,0.125,69400,OK
2025-06-17,5249,あさかわシステムズ,TOKYO PRO MARKET（内国株式）,情報･通信業,,,,,,,,NO_QUOTE
2025-06-17,5250,プライム・ストラテジー,スタンダード（内国株式）,情報･通信業,1075,1094,1074,1094,17,1.578459,1400,OK
2025-06-17,5251,ウイズ・ワン,TOKYO PRO MARKET（内国株式）,情報･通信業,,,,,,,,NO_QUOTE
2025-06-17,5252,日本ナレッジ,グロース（内国株式）,情報･通信業,1300,1303,1293,1293,-6,-0.461894,900,OK
2025-06-17,5253,カバー,グロース（内国株式）,情報･通信業,2190,2248,2185,2245,35,1.58371,3076900,OK
2025-06-17,5254,Ａｒｅｎｔ,グロース（内国株式）,情報･通信業,5290,5460,5290,5380,100,1.893939,19000,OK
2025-06-17,5255,モンスターラボ,グロース（内国株式）,情報･通信業,245,245,245,245,50,25.641026,268500,OK
2025-06-17,5256,Ｆｕｓｉｃ,グロース（内国株式）,情報･通信業,2219,2242,2200,2228,38,1.73516,4700,OK
2025-06-17,5257,ノバシステム,スタンダード（内国株式）,情報･通信業,2773,2801,2773,2784,-8,-0.286533,3800,OK
2025-06-17,5258,トランザクション・メディア・ネットワークス,グロース（内国株式）,情報･通信業,438,449,427,431,-2,-0.461894,259700,OK
2025-06-17,5259,ＢＢＤイニシアティブ,グロース（内国株式）,情報･通信業,1199,1210,1199,1204,7,0.584795,10800,OK
2025-06-17,5261,リソルホールディングス,プライム（内国株式）,サービス業,5050,5090,5040,5060,10,0.19802,2200,OK
2025-06-17,5262,日本ヒューム,プライム（内国株式）,ガラス･土石製品,2164,2310,2155,2293,129,5.961183,870900,OK
2025-06-17,5268,旭コンクリート工業,スタンダード（内国株式）,ガラス･土石製品,616,629,616,626,1,0.16,4300,OK
2025-06-17,5269,日本コンクリート工業,プライム（内国株式）,ガラス･土石製品,292,293,289,291,0,0,105900,OK
2025-06-17,5271,トーヨーアサノ,スタンダード（内国株式）,ガラス･土石製品,2169,2248,2169,2245,26,1.171699,400,OK
2025-06-17,5273,三谷セキサン,スタンダード（内国株式）,ガラス･土石製品,7570,7700,7540,7640,0,0,9500,OK
2025-06-17,5279,日本興業,スタンダード（内国株式）,ガラス･土石製品,1240,1245,1174,1216,-10,-0.815661,13600,OK
2025-06-17,5280,ヨシコン,スタンダード（内国株式）,不動産業,2087,2087,2067,2087,11,0.529865,4100,OK
2025-06-17,5282,ジオスター,スタンダード（内国株式）,ガラス･土石製品,297,300,297,299,0,0,20000,OK
2025-06-17,5283,高見澤,スタンダード（内国株式）,卸売業,3160,3190,3160,3190,-20,-0.623053,400,OK
2025-06-17,5284,ヤマウホールディングス,スタンダード（内国株式）,ガラス･土石製品,2040,2137,2040,2114,82,4.035433,32000,OK
2025-06-17,5285,ヤマックス,スタンダード（内国株式）,ガラス･土石製品,1617,1716,1617,1687,121,7.726692,326100,OK
2025-06-17,5287,イトーヨーギョー,スタンダード（内国株式）,ガラス･土石製品,648,653,645,652,8,1.242236,7600,OK
2025-06-17,5288,アジアパイルホールディングス,プライム（内国株式）,ガラス･土石製品,948,966,939,940,16,1.731602,323200,OK
2025-06-17,5290,ベルテクスコーポレーション,スタンダード（内国株式）,ガラス･土石製品,2258,2314,2258,2289,31,1.372896,41000,OK
2025-06-17,5301,東海カーボン,プライム（内国株式）,ガラス･土石製品,1002,1009.5,995.5,1005.5,5,0.49975,638400,OK
2025-06-17,5302,日本カーボン,プライム（内国株式）,ガラス･土石製品,4210,4215,4195,4205,5,0.119048,34200,OK
2025-06-17,5304,ＳＥＣカーボン,スタンダード（内国株式）,ガラス･土石製品,1986,1996,1975,1985,-1,-0.050352,5000,OK
2025-06-17,5310,東洋炭素,プライム（内国株式）,ガラス･土石製品,4430,4600,4350,4600,280,6.481481,307900,OK
2025-06-17,5331,ノリタケ,プライム（内国株式）,ガラス･土石製品,3615,3655,3615,3645,10,0.275103,64900,OK
2025-06-17,5332,ＴＯＴＯ,プライム（内国株式）,ガラス･土石製品,3606,3621,3589,3621,-7,-0.192944,453800,OK
2025-06-17,5333,日本碍子,プライム（内国株式）,ガラス･土石製品,1760,1783,1759.5,1778,18.5,1.051435,885600,OK
2025-06-17,5334,日本特殊陶業,プライム（内国株式）,ガラス･土石製品,4647,4735,4635,4726,118,2.560764,587800,OK
2025-06-17,5337,ダントーホールディングス,スタンダード（内国株式）,ガラス･土石製品,902,906,899,902,1,0.110988,18100,OK
2025-06-17,5341,ＡＳＡＨＩ　ＥＩＴＯホールディングス,スタンダード（内国株式）,ガラス･土石製品,360,368,354,360,0,0,8900,OK
2025-06-17,5344,ＭＡＲＵＷＡ,プライム（内国株式）,ガラス･土石製品,38290,39500,38180,38960,1370,3.644586,223600,OK
2025-06-17,5351,品川リフラクトリーズ,プライム（内国株式）,ガラス･土石製品,1644,1657,1644,1657,13,0.790754,44000,OK
2025-06-17,5352,黒崎播磨,プライム（内国株式）,ガラス･土石製品,3160,3200,3130,3180,5,0.15748,128000,OK
2025-06-17,5355,日本坩堝,スタンダード（内国株式）,ガラス･土石製品,595,599,594,594,-1,-0.168067,7800,OK
2025-06-17,5356,美濃窯業,スタンダード（内国株式）,ガラス･土石製品,1005,1013,997,1002,-2,-0.199203,1500,OK
2025-06-17,5357,ヨータイ,プライム（内国株式）,ガラス･土石製品,1751,1751,1744,1745,-8,-0.456361,18400,OK
2025-06-17,5363,東京窯業,スタンダード（内国株式）,ガラス･土石製品,565,578,562,575,14,2.495544,52900,OK
2025-06-17,5367,ニッカトー,スタンダード（内国株式）,ガラス･土石製品,519,523,515,515,-5,-0.961538,2100,OK
2025-06-17,5368,日本インシュレーション,スタンダード（内国株式）,ガラス･土石製品,957,957,951,951,-6,-0.626959,2900,OK
2025-06-17,5380,新東,スタンダード（内国株式）,ガラス･土石製品,1603,1604,1600,1604,1,0.062383,1300,OK
2025-06-17,5381,Ｍｉｐｏｘ,スタンダード（内国株式）,ガラス･土石製品,478,489,478,488,13,2.736842,129800,OK
2025-06-17,5384,フジミインコーポレーテッド,プライム（内国株式）,ガラス･土石製品,1845,1876,1845,1855,9,0.487541,159200,OK
2025-06-17,5386,鶴弥,スタンダード（内国株式）,ガラス･土石製品,396,409,396,400,4,1.010101,33600,OK
2025-06-17,5388,クニミネ工業,スタンダード（内国株式）,ガラス･土石製品,1051,1051,1041,1044,-7,-0.666032,2900,OK
2025-06-17,5391,エーアンドエーマテリアル,スタンダード（内国株式）,ガラス･土石製品,1118,1123,1118,1123,6,0.537153,9200,OK
2025-06-17,5393,ニチアス,プライム（内国株式）,ガラス･土石製品,5050,5285,5040,5242,162,3.188976,285600,OK
2025-06-17,5401,日本製鉄,プライム（内国株式）,鉄鋼,2849.5,2850,2768.5,2772,-100.5,-3.498695,12848400,OK
2025-06-17,5406,神戸製鋼所,プライム（内国株式）,鉄鋼,1600,1602.5,1590.5,1593,-8,-0.499688,1491900,OK
2025-06-17,5408,中山製鋼所,プライム（内国株式）,鉄鋼,624,625,622,622,-3,-0.48,111500,OK
2025-06-17,5410,合同製鐵,プライム（内国株式）,鉄鋼,3760,3770,3735,3740,-20,-0.531915,38400,OK
2025-06-17,5411,ＪＦＥホールディングス,プライム（内国株式）,鉄鋼,1692,1694,1676.5,1684,-8,-0.472813,1842500,OK
2025-06-17,5423,東京製鐵,プライム（内国株式）,鉄鋼,1499,1516,1499,1506,11,0.735786,206900,OK
2025-06-17,5440,共英製鋼,プライム（内国株式）,鉄鋼,1957,1959,1931,1943,-7,-0.358974,44400,OK
2025-06-17,5444,大和工業,プライム（内国株式）,鉄鋼,8728,8794,8631,8648,-127,-1.447293,109100,OK
2025-06-17,5445,東京鐵鋼,プライム（内国株式）,鉄鋼,5460,5490,5430,5460,20,0.367647,27300,OK
2025-06-17,5446,北越メタル,スタンダード（内国株式）,鉄鋼,1358,1358,1348,1348,-10,-0.736377,700,OK
2025-06-17,5449,大阪製鐵,スタンダード（内国株式）,鉄鋼,2910,2918,2820,2833,-75,-2.579092,43800,OK
2025-06-17,5451,淀川製鋼所,プライム（内国株式）,鉄鋼,5570,5600,5550,5550,-20,-0.359066,47500,OK
2025-06-17,5458,高砂鐵工,スタンダード（内国株式）,鉄鋼,914,916,910,910,4,0.441501,700,OK
2025-06-17,5461,中部鋼鈑,プライム（内国株式）,鉄鋼,2042,2054,2034,2053,11,0.538688,23200,OK
2025-06-17,5463,丸一鋼管,プライム（内国株式）,鉄鋼,3426,3430,3408,3408,-19,-0.554421,75000,OK
2025-06-17,5464,モリ工業,スタンダード（内国株式）,鉄鋼,864,864,854,858,-1,-0.116414,23900,OK
2025-06-17,5471,大同特殊鋼,プライム（内国株式）,鉄鋼,1001.5,1009,997.5,1003.5,2,0.1997,718800,OK
2025-06-17,5476,日本高周波鋼業,スタンダード（内国株式）,鉄鋼,395,397,395,395,-5,-1.25,5400,OK
2025-06-17,5480,日本冶金工業,プライム（内国株式）,鉄鋼,3855,3860,3825,3825,0,0,72100,OK
2025-06-17,5482,愛知製鋼,プライム（内国株式）,鉄鋼,8160,8280,8120,8230,20,0.243605,78200,OK
2025-06-17,5484,東北特殊鋼,スタンダード（内国株式）,鉄鋼,1998,2000,1996,2000,-5,-0.249377,500,OK
2025-06-17,5491,日本金属,スタンダード（内国株式）,鉄鋼,730,730,719,719,-9,-1.236264,7400,OK
2025-06-17,5525,フロンティアホールディングス,TOKYO PRO MARKET（内国株式）,不動産業,,,,,,,,NO_QUOTE
2025-06-17,5527,ｐｒｏｐｅｒｔｙ　ｔｅｃｈｎｏｌｏｇｉｅｓ,グロース（内国株式）,不動産業,1164,1200,1162,1200,38,3.270224,13100,OK
2025-06-17,5528,フロンティアハウス,TOKYO PRO MARKET（内国株式）,不動産業,,,,,,,,NO_QUOTE
2025-06-17,5531,中山不動産,TOKYO PRO MARKET（内国株式）,不動産業,,,,,,,,NO_QUOTE
2025-06-17,5532,リアルゲイト,グロース（内国株式）,不動産業,2174,2273,2131,2203,58,2.703963,48000,OK
2025-06-17,5533,エリッツホールディングス,スタンダード（内国株式）,不動産業,1743,1743,1743,1743,0,0,100,OK
2025-06-17,5534,エンゼルグループ,TOKYO PRO MARKET（内国株式）,不動産業,,,,,,,,NO_QUOTE
2025-06-17,5535,ミガロホールディングス,プライム（内国株式）,不動産業,1034,1073,1010,1066,-52,-4.651163,2097900,OK
2025-06-17,5536,京橋アートレジデンス,TOKYO PRO MARKET（内国株式）,不動産業,,,,,,,,NO_QUOTE
2025-06-17,5537,ＡｌｂａＬｉｎｋ,TOKYO PRO MARKET（内国株式）,不動産業,,,,,,,,NO_QUOTE
2025-06-17,5541,大平洋金属,プライム（内国株式）,鉄鋼,1751,1756,1697,1703,-39,-2.238806,269300,OK
2025-06-17,5542,新報国マテリアル,スタンダード（内国株式）,鉄鋼,708,715,708,714,6,0.847458,3900,OK
2025-06-17,5563,新日本電工,プライム（内国株式）,鉄鋼,253,254,252,253,-1,-0.393701,291000,OK
2025-06-17,5570,ジェノバ,グロース（内国株式）,情報･通信業,718,722,716,718,2,0.27933,10100,OK
2025-06-17,5571,エキサイトホールディングス,スタンダード（内国株式）,情報･通信業,1144,1178,1143,1178,40,3.514938,11000,OK
2025-06-17,5572,Ｒｉｄｇｅ−ｉ,グロース（内国株式）,情報･通信業,3040,3070,2985,2995,-45,-1.480263,64700,OK
2025-06-17,5573,働楽ホールディングス,TOKYO PRO MARKET（内国株式）,情報･通信業,,,,,,,,NO_QUOTE
2025-06-17,5574,ＡＢＥＪＡ,グロース（内国株式）,情報･通信業,3565,3710,3530,3700,180,5.113636,440400,OK
2025-06-17,5575,Ｇｌｏｂｅｅ,グロース（内国株式）,情報･通信業,869,887,869,885,16,1.841197,1300,OK
2025-06-17,5576,オービーシステム,スタンダード（内国株式）,情報･通信業,2637,2752,2628,2750,90,3.383459,1700,OK
2025-06-17,5577,アイデミー,グロース（内国株式）,情報･通信業,790,932,782,932,150,19.181586,521100,OK
2025-06-17,5578,ＡＲアドバンストテクノロジ,グロース（内国株式）,情報･通信業,2009,2010,2000,2010,18,0.903614,1100,OK
2025-06-17,5580,プロディライト,グロース（内国株式）,情報･通信業,1450,1477,1450,1477,27,1.862069,4200,OK
2025-06-17,5581,カイテクノロジー,TOKYO PRO MARKET（内国株式）,情報･通信業,,,,,,,,NO_QUOTE
2025-06-17,5582,グリッド,グロース（内国株式）,情報･通信業,2799,2860,2762,2766,-14,-0.503597,31000,OK
2025-06-17,5584,Ｓｔｒａｗｂｅｒｒｙ　ｊａｍｓ,TOKYO PRO MARKET（内国株式）,情報･通信業,,,,,,,,NO_QUOTE
2025-06-17,5586,Ｌａｂｏｒｏ．ＡＩ,グロース（内国株式）,情報･通信業,1170,1193,1160,1182,17,1.459227,86200,OK
2025-06-17,5587,インバウンドプラットフォーム,グロース（内国株式）,情報･通信業,965,967,960,967,1,0.10352,3400,OK
2025-06-17,5588,ファーストアカウンティング,グロース（内国株式）,情報･通信業,1590,1660,1584,1588,-2,-0.125786,48300,OK
2025-06-17,5589,オートサーバー,スタンダード（内国株式）,情報･通信業,2601,2625,2598,2618,15,0.576258,17000,OK
2025-06-17,5590,ネットスターズ,グロース（内国株式）,情報･通信業,988,999,980,988,0,0,70200,OK
2025-06-17,5591,ＡＶＩＬＥＮ,グロース（内国株式）,情報･通信業,1786,1830,1770,1828,60,3.393665,80000,OK
2025-06-17,5592,くすりの窓口,グロース（内国株式）,情報･通信業,3090,3195,3070,3185,95,3.074434,74400,OK
2025-06-17,5594,エム・デー・ビー,TOKYO PRO MARKET（内国株式）,情報･通信業,,,,,,,,NO_QUOTE
2025-06-17,5595,ＱＰＳ研究所,グロース（内国株式）,情報･通信業,2346,2349,2191,2200,-144,-6.143345,9770600,OK
2025-06-17,5596,アウトルックコンサルティング,グロース（内国株式）,情報･通信業,1238,1248,1215,1248,11,0.889248,7500,OK
2025-06-17,5597,ブルーイノベーション,グロース（内国株式）,情報･通信業,2017,2095,1921,2059,-71,-3.333333,833200,OK
2025-06-17,5598,Ｙｏｔｔａｖｉａｓ,TOKYO PRO MARKET（内国株式）,情報･通信業,,,,,,,,NO_QUOTE
2025-06-17,5599,Ｓ＆Ｊ,グロース（内国株式）,情報･通信業,1271,1274,1243,1260,-6,-0.473934,39400,OK
2025-06-17,5602,栗本鐵工所,プライム（内国株式）,鉄鋼,5700,5750,5680,5750,50,0.877193,25700,OK
2025-06-17,5603,虹技,スタンダード（内国株式）,鉄鋼,1090,1107,1089,1104,7,0.638104,4200,OK
2025-06-17,5609,日本鋳造,スタンダード（内国株式）,鉄鋼,834,844,826,844,12,1.442308,2800,OK
2025-06-17,5612,日本鋳鉄管,スタンダード（内国株式）,鉄鋼,1451,1467,1435,1451,11,0.763889,22700,OK
2025-06-17,5616,雨風太陽,グロース（内国株式）,情報･通信業,1423,1484,1254,1308,-209,-13.777192,881400,OK
2025-06-17,5617,ウィル・ドゥ,TOKYO PRO MARKET（内国株式）,情報･通信業,,,,,,,,NO_QUOTE
2025-06-17,5618,ナイル,グロース（内国株式）,情報･通信業,366,366,360,364,0,0,2500,OK
2025-06-17,5619,マーソ,グロース（内国株式）,情報･通信業,977,992,967,967,-12,-1.225741,1300,OK
2025-06-17,5620,エスピーオー,TOKYO PRO MARKET（内国株式）,情報･通信業,,,,,,,,NO_QUOTE
2025-06-17,5621,ヒューマンテクノロジーズ,グロース（内国株式）,情報･通信業,2217,2277,2201,2204,37,1.70743,87300,OK
2025-06-17,5622,ワンビ,TOKYO PRO MARKET（内国株式）,情報･通信業,,,,,,,,NO_QUOTE
2025-06-17,5631,日本製鋼所,プライム（内国株式）,機械,7870,7916,7777,7870,0,0,684000,OK
2025-06-17,5632,三菱製鋼,プライム（内国株式）,鉄鋼,1568,1571,1545,1557,-16,-1.017165,109100,OK
2025-06-17,5644,メタルアート,スタンダード（内国株式）,鉄鋼,3375,3525,3375,3475,170,5.143722,14900,OK
2025-06-17,5658,日亜鋼業,スタンダード（内国株式）,鉄鋼,303,305,303,304,0,0,7900,OK
2025-06-17,5659,日本精線,プライム（内国株式）,鉄鋼,1113,1133,1109,1126,14,1.258993,40900,OK
2025-06-17,5660,神鋼鋼線工業,スタンダード（内国株式）,鉄鋼,1320,1322,1320,1322,7,0.532319,700,OK
2025-06-17,5695,パウダーテック,スタンダード（内国株式）,鉄鋼,2040,2074,2040,2042,-36,-1.732435,1000,OK
2025-06-17,5697,サンユウ,スタンダード（内国株式）,鉄鋼,504,508,502,502,0,0,1800,OK
2025-06-17,5698,エンビプロ・ホールディングス,プライム（内国株式）,鉄鋼,496,501,492,498,2,0.403226,88900,OK
2025-06-17,5699,イボキン,スタンダード（内国株式）,鉄鋼,1337,1341,1337,1341,0,0,300,OK
2025-06-17,5702,大紀アルミニウム工業所,プライム（内国株式）,非鉄金属,960,962,955,959,-1,-0.104167,47500,OK
2025-06-17,5703,日本軽金属ホールディングス,プライム（内国株式）,非鉄金属,1600,1607,1592,1596,13,0.821226,136000,OK
2025-06-17,5704,ＪＭＣ,グロース（内国株式）,非鉄金属,433,442,433,442,1,0.226757,4700,OK
2025-06-17,5706,三井金属鉱業,プライム（内国株式）,非鉄金属,4751,4820,4732,4796,45,0.947169,290700,OK
2025-06-17,5707,東邦亜鉛,プライム（内国株式）,非鉄金属,754,771,719,730,3,0.412655,274600,OK
2025-06-17,5711,三菱マテリアル,プライム（内国株式）,非鉄金属,2231,2248,2224,2242.5,11.5,0.515464,376200,OK
2025-06-17,5713,住友金属鉱山,プライム（内国株式）,非鉄金属,3401,3436,3398,3431,51,1.508876,1170700,OK
2025-06-17,5714,ＤＯＷＡホールディングス,プライム（内国株式）,非鉄金属,4606,4664,4606,4634,27,0.586065,126000,OK
2025-06-17,5715,古河機械金属,プライム（内国株式）,非鉄金属,2223,2257,2220,2248,25,1.124606,69200,OK
2025-06-17,5721,エス・サイエンス,スタンダード（内国株式）,非鉄金属,390,422,355,422,80,23.391813,52833300,OK
2025-06-17,5724,アサカ理研,スタンダード（内国株式）,非鉄金属,1259,1286,1216,1272,20,1.597444,238600,OK
2025-06-17,5726,大阪チタニウムテクノロジーズ,プライム（内国株式）,非鉄金属,1501,1532,1497,1531,36,2.408027,895500,OK
2025-06-17,5727,東邦チタニウム,プライム（内国株式）,非鉄金属,1290,1314,1282,1297,10,0.777001,838100,OK
2025-06-17,5729,日本精鉱,スタンダード（内国株式）,非鉄金属,4840,5040,4840,5040,200,4.132231,12700,OK
2025-06-17,5741,ＵＡＣＪ,プライム（内国株式）,非鉄金属,4850,4910,4835,4880,30,0.618557,150500,OK
2025-06-17,5742,エヌアイシ・オートテック,スタンダード（内国株式）,非鉄金属,754,758,749,749,-8,-1.056803,300,OK
2025-06-17,5753,日本伸銅,スタンダード（内国株式）,非鉄金属,2040,2040,2030,2030,-17,-0.830484,700,OK
2025-06-17,5757,ＣＫサンエツ,プライム（内国株式）,非鉄金属,3580,3620,3555,3600,20,0.558659,4200,OK
2025-06-17,5801,古河電気工業,プライム（内国株式）,非鉄金属,6924,7005,6831,6899,-28,-0.404215,2194200,OK
2025-06-17,5802,住友電気工業,プライム（内国株式）,非鉄金属,2869.5,2919.5,2866.5,2919.5,53.5,1.866713,2536100,OK
2025-06-17,5803,フジクラ,プライム（内国株式）,非鉄金属,6899,7008,6860,6885,30,0.437637,13092700,OK
2025-06-17,5805,ＳＷＣＣ,プライム（内国株式）,非鉄金属,6890,7400,6880,7390,610,8.99705,733800,OK
2025-06-17,5816,オーナンバ,スタンダード（内国株式）,非鉄金属,993,993,989,993,4,0.404449,3900,OK
2025-06-17,5817,ＪＭＡＣＳ,スタンダード（内国株式）,非鉄金属,444,449,440,447,7,1.590909,14200,OK
2025-06-17,5819,カナレ電気,スタンダード（内国株式）,非鉄金属,1566,1582,1564,1572,10,0.640205,5600,OK
2025-06-17,5820,三ッ星,スタンダード（内国株式）,非鉄金属,707,709,706,709,3,0.424929,3100,OK
2025-06-17,5821,平河ヒューテック,プライム（内国株式）,非鉄金属,1493,1505,1487,1488,-18,-1.195219,19500,OK
2025-06-17,5830,いよぎんホールディングス,プライム（内国株式）,銀行業,1540,1544.5,1522,1528.5,-9.5,-0.617685,836300,OK
2025-06-17,5831,しずおかフィナンシャルグループ,プライム（内国株式）,銀行業,1696,1704.5,1689.5,1698,-8,-0.468933,932600,OK
2025-06-17,5832,ちゅうぎんフィナンシャルグループ,プライム（内国株式）,銀行業,1750,1755.5,1740,1750.5,3,0.171674,214200,OK
2025-06-17,5834,ＳＢＩリーシングサービス,グロース（内国株式）,証券･商品先物取引業,3955,3980,3910,3945,0,0,17800,OK
2025-06-17,5838,楽天銀行,プライム（内国株式）,銀行業,7380,7399,7217,7220,-180,-2.432432,1217300,OK
2025-06-17,5840,日本総険,TOKYO PRO MARKET（内国株式）,保険業,,,,,,,,NO_QUOTE
2025-06-17,5842,インテグラル,グロース（内国株式）,証券･商品先物取引業,2854,2866,2790,2838,16,0.566974,78200,OK
2025-06-17,5843,ニッポンインシュア,スタンダード（内国株式）,その他金融業,1796,1810,1783,1792,24,1.357466,11700,OK
2025-06-17,5844,京都フィナンシャルグループ,プライム（内国株式）,銀行業,2490,2493,2462,2475,22,0.896861,672000,OK
2025-06-17,5845,全保連,スタンダード（内国株式）,その他金融業,817,820,804,810,-7,-0.856793,44000,OK
2025-06-17,5851,リョービ,プライム（内国株式）,非鉄金属,2080,2100,2073,2100,20,0.961538,125400,OK
2025-06-17,5852,アーレスティ,プライム（内国株式）,非鉄金属,724,729,722,728,13,1.818182,109100,OK
2025-06-17,5856,エルアイイーエイチ,スタンダード（内国株式）,小売業,72,77,57,64,-4,-5.882353,16253700,OK
2025-06-17,5857,ＡＲＥホールディングス,プライム（内国株式）,非鉄金属,1850,1869,1846,1849,1,0.054113,207800,OK
2025-06-17,5858,ＳＴＧ,グロース（内国株式）,非鉄金属,1479,1479,1440,1462,-7,-0.476515,7900,OK
2025-06-17,5866,ＷｉｚＢｉｚ,TOKYO PRO MARKET（内国株式）,サービス業,,,,,,,,NO_QUOTE
2025-06-17,5867,エスネットワークス,グロース（内国株式）,サービス業,1066,1080,1060,1080,14,1.313321,400,OK
2025-06-17,5868,ロココ,スタンダード（内国株式）,サービス業,920,941,919,941,28,3.066813,15500,OK
2025-06-17,5869,早稲田学習研究会,スタンダード（内国株式）,サービス業,1053,1056,1047,1050,3,0.286533,4000,OK
2025-06-17,5870,ナルネットコミュニケーションズ,グロース（内国株式）,サービス業,621,649,621,649,22,3.508772,13700,OK
2025-06-17,5871,ＳＯＬＩＺＥ,スタンダード（内国株式）,サービス業,1851,1856,1843,1843,5,0.272035,1600,OK
2025-06-17,5881,サンフェステ,TOKYO PRO MARKET（内国株式）,小売業,,,,,,,,NO_QUOTE
2025-06-17,5883,ＧＴホールディングス,TOKYO PRO MARKET（内国株式）,卸売業,,,,,,,,NO_QUOTE
2025-06-17,5884,クラダシ,グロース（内国株式）,小売業,462,462,452,454,-9,-1.943844,46100,OK
2025-06-17,5885,ジーデップ・アドバンス,スタンダード（内国株式）,卸売業,2650,2668,2605,2635,-37,-1.384731,52100,OK
2025-06-17,5886,ＯＯＫＡＢＥ　ＧＬＡＳＳ,TOKYO PRO MARKET（内国株式）,卸売業,,,,,,,,NO_QUOTE
2025-06-17,5887,光響,TOKYO PRO MARKET（内国株式）,卸売業,,,,,,,,NO_QUOTE
2025-06-17,5888,ＤＡＩＷＡ　ＣＹＣＬＥ,グロース（内国株式）,小売業,4070,4070,3960,4015,-100,-2.430134,30200,OK
2025-06-17,5889,Ｊａｐａｎ　Ｅｙｅｗｅａｒ　Ｈｏｌｄｉｎｇｓ,スタンダード（内国株式）,小売業,2135,2185,2108,2117,-20,-0.935891,149600,OK
2025-06-17,5890,オフィスバスターズ,TOKYO PRO MARKET（内国株式）,小売業,,,,,,,,NO_QUOTE
2025-06-17,5891,魁力屋,スタンダード（内国株式）,小売業,2038,2049,2003,2003,-36,-1.765571,31000,OK
2025-06-17,5892,ｙｕｔｏｒｉ,グロース（内国株式）,小売業,3670,4160,3670,4120,475,13.03155,341400,OK
2025-06-17,5893,ＲＡＶＩＰＡ,TOKYO PRO MARKET（内国株式）,小売業,,,,,,,,NO_QUOTE
2025-06-17,5900,ダイケン,スタンダード（内国株式）,金属製品,805,805,802,802,-3,-0.372671,500,OK
2025-06-17,5901,東洋製罐グループホールディングス,プライム（内国株式）,金属製品,2858,2884.5,2846.5,2853,-2.5,-0.08755,302000,OK
2025-06-17,5902,ホッカンホールディングス,プライム（内国株式）,金属製品,1903,1905,1890,1903,1,0.052576,9300,OK
2025-06-17,5903,シンポ,スタンダード（内国株式）,金属製品,,,,,,,,NO_QUOTE
2025-06-17,5905,日本製罐,スタンダード（内国株式）,金属製品,1396,1415,1396,1415,0,0,500,OK
2025-06-17,5906,エムケー精工,スタンダード（内国株式）,金属製品,534,543,511,521,17,3.373016,137100,OK
2025-06-17,5909,コロナ,スタンダード（内国株式）,金属製品,897,903,891,893,0,0,33800,OK
2025-06-17,5911,横河ブリッジホールディングス,プライム（内国株式）,金属製品,2556,2576,2556,2570,10,0.390625,58900,OK
2025-06-17,5915,駒井ハルテック,スタンダード（内国株式）,金属製品,1571,1574,1566,1568,-4,-0.254453,5400,OK
2025-06-17,5918,瀧上工業,スタンダード（内国株式）,金属製品,6980,6990,6980,6990,10,0.143266,300,OK
2025-06-17,5921,川岸工業,スタンダード（内国株式）,金属製品,3700,3715,3660,3660,-10,-0.27248,600,OK
2025-06-17,5922,那須電機鉄工,スタンダード（内国株式）,金属製品,13200,13200,13200,13200,0,0,200,OK
2025-06-17,5923,高田機工,スタンダード（内国株式）,金属製品,1064,1064,1052,1056,-9,-0.84507,2300,OK
2025-06-17,5928,アルメタックス,スタンダード（内国株式）,金属製品,285,287,282,284,1,0.353357,10600,OK
2025-06-17,5929,三和ホールディングス,プライム（内国株式）,金属製品,5000,5015,4953,5013,-22,-0.436941,357300,OK
2025-06-17,5930,文化シヤッター,プライム（内国株式）,金属製品,2278,2302,2262,2302,24,1.053556,131600,OK
2025-06-17,5932,三協立山,プライム（内国株式）,金属製品,614,614,608,610,-5,-0.813008,41800,OK
2025-06-17,5933,アルインコ,プライム（内国株式）,金属製品,1013,1020,1012,1018,3,0.295567,8500,OK
2025-06-17,5936,東洋シヤッター,スタンダード（内国株式）,金属製品,808,808,796,798,-1,-0.125156,4200,OK
2025-06-17,5938,ＬＩＸＩＬ,プライム（内国株式）,金属製品,1612,1615.5,1604,1607.5,-1.5,-0.093226,1425100,OK
2025-06-17,5939,大谷工業,スタンダード（内国株式）,金属製品,5700,5800,5480,5510,-90,-1.607143,9700,OK
2025-06-17,5940,不二サッシ,スタンダード（内国株式）,金属製品,671,671,667,669,2,0.29985,8500,OK
2025-06-17,5941,中西製作所,スタンダード（内国株式）,金属製品,2440,2445,2439,2439,-11,-0.44898,300,OK
2025-06-17,5942,日本フイルコン,スタンダード（内国株式）,金属製品,494,494,488,488,-3,-0.610998,62000,OK
2025-06-17,5943,ノーリツ,プライム（内国株式）,金属製品,1875,1883,1873,1874,-1,-0.053333,34700,OK
2025-06-17,5945,天龍製鋸,スタンダード（内国株式）,金属製品,1885,1900,1880,1898,-2,-0.105263,2500,OK
2025-06-17,5946,長府製作所,プライム（内国株式）,金属製品,1797,1828,1797,1827,31,1.726058,60900,OK
2025-06-17,5947,リンナイ,プライム（内国株式）,金属製品,3645,3660,3628,3634,-5,-0.1374,262100,OK
2025-06-17,5949,ユニプレス,プライム（内国株式）,輸送用機器,951,952,946,949,1,0.105485,87100,OK
2025-06-17,5950,日本パワーファスニング,スタンダード（内国株式）,金属製品,186,189,186,187,1,0.537634,50600,OK
2025-06-17,5951,ダイニチ工業,スタンダード（内国株式）,金属製品,653,654,648,648,-4,-0.613497,10000,OK
2025-06-17,5952,アマテイ,スタンダード（内国株式）,金属製品,171,172,169,170,-1,-0.584795,107800,OK
2025-06-17,5955,ワイズホールディングス,スタンダード（内国株式）,金属製品,77,77,76,76,0,0,253400,OK
2025-06-17,5956,トーソー,スタンダード（内国株式）,金属製品,526,527,526,527,1,0.190114,600,OK
2025-06-17,5957,日東精工,プライム（内国株式）,金属製品,570,580,570,572,2,0.350877,52600,OK
2025-06-17,5958,三洋工業,スタンダード（内国株式）,金属製品,3850,3860,3805,3850,0,0,8300,OK
2025-06-17,5959,岡部,プライム（内国株式）,金属製品,836,839,833,834,-4,-0.477327,56600,OK
2025-06-17,5962,浅香工業,スタンダード（内国株式）,その他製品,,,,,,,,NO_QUOTE
2025-06-17,5965,フジマック,スタンダード（内国株式）,金属製品,986,988,981,988,4,0.406504,8800,OK
2025-06-17,5966,京都機械工具,スタンダード（内国株式）,金属製品,,,,,,,,NO_QUOTE
2025-06-17,5967,ＴＯＮＥ,スタンダード（内国株式）,金属製品,485,485,481,482,-3,-0.618557,1900,OK
2025-06-17,5969,ロブテックス,スタンダード（内国株式）,金属製品,1185,1185,1179,1179,-8,-0.673968,500,OK
2025-06-17,5970,ジーテクト,プライム（内国株式）,金属製品,1700,1718,1695,1712,18,1.062574,65900,OK
2025-06-17,5971,共和工業所,スタンダード（内国株式）,金属製品,5500,5500,5450,5450,-40,-0.728597,800,OK
2025-06-17,5973,トーアミ,スタンダード（内国株式）,金属製品,540,540,540,540,0,0,1800,OK
2025-06-17,5974,中国工業,スタンダード（内国株式）,金属製品,547,547,535,539,-6,-1.100917,9700,OK
2025-06-17,5975,東プレ,プライム（内国株式）,金属製品,1823,1856,1823,1850,27,1.481075,104200,OK
2025-06-17,5976,高周波熱錬,プライム（内国株式）,金属製品,1098,1099,1092,1094,-3,-0.273473,56300,OK
2025-06-17,5981,東京製綱,プライム（内国株式）,金属製品,1228,1237,1228,1231,-2,-0.162206,8800,OK
2025-06-17,5982,マルゼン,スタンダード（内国株式）,金属製品,3400,3405,3370,3400,0,0,2800,OK
2025-06-17,5983,イワブチ,スタンダード（内国株式）,金属製品,6350,6450,6350,6450,50,0.78125,300,OK
2025-06-17,5984,兼房,スタンダード（内国株式）,金属製品,662,669,662,665,5,0.757576,1600,OK
2025-06-17,5985,サンコール,スタンダード（内国株式）,金属製品,290,292,290,291,-1,-0.342466,24200,OK
2025-06-17,5986,モリテック　スチール,スタンダード（内国株式）,金属製品,188,190,187,190,3,1.604278,19300,OK
2025-06-17,5987,オーネックス,スタンダード（内国株式）,金属製品,2331,2331,2281,2281,-17,-0.739774,400,OK
2025-06-17,5988,パイオラックス,プライム（内国株式）,金属製品,1795,1802,1787,1788,-13,-0.721821,100400,OK
2025-06-17,5989,エイチワン,プライム（内国株式）,金属製品,1232,1241,1231,1234,-3,-0.242522,137100,OK
2025-06-17,5990,スーパーツール,スタンダード（内国株式）,金属製品,,,,,,,,NO_QUOTE
2025-06-17,5991,日本発條,プライム（内国株式）,金属製品,1601,1612,1600,1612,12,0.75,215900,OK
2025-06-17,5992,中央発條,スタンダード（内国株式）,金属製品,1879,1912,1862,1880,14,0.750268,46500,OK
2025-06-17,5994,ファインシンター,スタンダード（内国株式）,金属製品,820,821,809,819,1,0.122249,2200,OK
2025-06-17,5997,協立エアテック,スタンダード（内国株式）,金属製品,588,590,588,588,-1,-0.169779,2100,OK
2025-06-17,5998,アドバネクス,スタンダード（内国株式）,金属製品,845,850,821,825,-21,-2.48227,5500,OK
2025-06-17,6005,三浦工業,プライム（内国株式）,機械,2856.5,2872.5,2841.5,2869,22.5,0.790444,266500,OK
2025-06-17,6013,タクマ,プライム（内国株式）,機械,1972,2012,1967,1994,-2,-0.1002,182000,OK
2025-06-17,6016,ジャパンエンジンコーポレーション,スタンダード（内国株式）,輸送用機器,6020,6330,5700,6310,390,6.587838,517100,OK
2025-06-17,6018,阪神内燃機工業,スタンダード（内国株式）,輸送用機器,3010,3045,2896,3000,-65,-2.120718,6400,OK
2025-06-17,6022,赤阪鐵工所,スタンダード（内国株式）,機械,1860,1888,1860,1876,16,0.860215,900,OK
2025-06-17,6023,ダイハツインフィニアース,スタンダード（内国株式）,輸送用機器,1933,1934,1901,1918,8,0.418848,72400,OK
2025-06-17,6026,ＧＭＯ　ＴＥＣＨ,グロース（内国株式）,サービス業,7270,7420,7260,7420,160,2.203857,4600,OK
2025-06-17,6027,弁護士ドットコム,グロース（内国株式）,サービス業,3060,3115,3035,3065,-30,-0.969305,74000,OK
2025-06-17,6028,テクノプロ・ホールディングス,プライム（内国株式）,サービス業,4141,4193,4122,4167,26,0.627868,408700,OK
2025-06-17,6029,アトラグループ,スタンダード（内国株式）,サービス業,158,176,156,163,5,3.164557,1835100,OK
2025-06-17,6030,アドベンチャー,グロース（内国株式）,サービス業,3365,3400,3355,3355,-5,-0.14881,3100,OK
2025-06-17,6031,ＺＥＴＡ,グロース（内国株式）,サービス業,382,385,368,376,-4,-1.052632,224700,OK
2025-06-17,6033,エクストリーム,グロース（内国株式）,サービス業,1268,1291,1267,1291,23,1.81388,1900,OK
2025-06-17,6034,ＭＲＴ,グロース（内国株式）,サービス業,739,739,732,732,-6,-0.813008,5500,OK
2025-06-17,6035,アイ・アールジャパンホールディングス,プライム（内国株式）,サービス業,634,644,630,644,16,2.547771,72200,OK
2025-06-17,6036,ＫｅｅＰｅｒ技研,プライム（内国株式）,サービス業,3830,3855,3780,3815,35,0.925926,67000,OK
2025-06-17,6037,楽待,スタンダード（内国株式）,サービス業,1090,1109,1028,1042,-9,-0.856327,723100,OK
2025-06-17,6038,イード,グロース（内国株式）,サービス業,1018,1018,1008,1010,-5,-0.492611,11700,OK
2025-06-17,6039,日本動物高度医療センター,グロース（内国株式）,サービス業,2440,2440,2413,2434,-5,-0.205002,3400,OK
2025-06-17,6040,日本スキー場開発,グロース（内国株式）,サービス業,488,490,481,482,-9,-1.832994,66000,OK
2025-06-17,6042,ニッキ,スタンダード（内国株式）,輸送用機器,,,,,,,,NO_QUOTE
2025-06-17,6044,三機サービス,スタンダード（内国株式）,サービス業,1125,1128,1119,1128,3,0.266667,2800,OK
2025-06-17,6045,レントラックス,グロース（内国株式）,サービス業,1089,1089,1042,1059,-19,-1.762523,22300,OK
2025-06-17,6046,リンクバル,グロース（内国株式）,サービス業,120,122,120,121,2,1.680672,24100,OK
2025-06-17,6047,Ｇｕｎｏｓｙ,プライム（内国株式）,サービス業,624,630,622,626,2,0.320513,55600,OK
2025-06-17,6048,デザインワン・ジャパン,スタンダード（内国株式）,サービス業,104,106,104,106,3,2.912621,116900,OK
2025-06-17,6049,イトクロ,グロース（内国株式）,サービス業,283,287,278,287,4,1.413428,33800,OK
2025-06-17,6050,イー・ガーディアン,プライム（内国株式）,サービス業,2011,2052,2011,2050,36,1.787488,20700,OK
2025-06-17,6054,リブセンス,スタンダード（内国株式）,サービス業,148,152,146,151,6,4.137931,58800,OK
2025-06-17,6055,ジャパンマテリアル,プライム（内国株式）,サービス業,1475,1483,1460,1466,14,0.964187,306000,OK
2025-06-17,6058,ベクトル,プライム（内国株式）,サービス業,938,943,935,938,-4,-0.424628,78200,OK
2025-06-17,6059,ウチヤマホールディングス,スタンダード（内国株式）,サービス業,308,308,306,306,-1,-0.325733,3000,OK
2025-06-17,6060,こころネット,スタンダード（内国株式）,サービス業,981,984,981,984,-3,-0.303951,600,OK
2025-06-17,6061,ユニバーサル園芸社,スタンダード（内国株式）,サービス業,4800,4800,4730,4750,-50,-1.041667,3100,OK
2025-06-17,6062,チャーム・ケア・コーポレーション,プライム（内国株式）,サービス業,1238,1250,1235,1239,-8,-0.64154,127500,OK
2025-06-17,6063,日本エマージェンシーアシスタンス,スタンダード（内国株式）,サービス業,1064,1079,1054,1071,27,2.586207,3700,OK
2025-06-17,6069,トレンダーズ,グロース（内国株式）,サービス業,949,956,932,941,7,0.749465,53500,OK
2025-06-17,6070,キャリアリンク,プライム（内国株式）,サービス業,2140,2149,2129,2135,-5,-0.233645,15200,OK
2025-06-17,6071,ＩＢＪ,プライム（内国株式）,サービス業,838,845,824,824,-11,-1.317365,202100,OK
2025-06-17,6072,地盤ネットホールディングス,グロース（内国株式）,サービス業,176,186,176,185,13,7.55814,1373600,OK
2025-06-17,6073,アサンテ,プライム（内国株式）,サービス業,1616,1627,1610,1615,-16,-0.980993,12800,OK
2025-06-17,6074,ジェイエスエス,スタンダード（内国株式）,サービス業,515,516,508,514,8,1.581028,5100,OK
2025-06-17,6078,バリューＨＲ,プライム（内国株式）,サービス業,1587,1604,1587,1604,14,0.880503,11900,OK
2025-06-17,6080,Ｍ＆Ａキャピタルパートナーズ,プライム（内国株式）,サービス業,3040,3080,3030,3040,30,0.996678,80400,OK
2025-06-17,6081,アライドアーキテクツ,グロース（内国株式）,サービス業,239,259,233,257,25,10.775862,1189900,OK
2025-06-17,6082,ライドオンエクスプレスホールディングス,スタンダード（内国株式）,サービス業,1005,1005,1003,1005,1,0.099602,5500,OK
2025-06-17,6083,ＥＲＩホールディングス,スタンダード（内国株式）,サービス業,2028,2069,2020,2037,5,0.246063,5600,OK
2025-06-17,6085,アーキテクツ・スタジオ・ジャパン,グロース（内国株式）,サービス業,274,278,260,277,8,2.973978,359800,OK
2025-06-17,6086,シンメンテホールディングス,グロース（内国株式）,サービス業,900,910,884,894,-4,-0.445434,9000,OK
2025-06-17,6087,アビスト,スタンダード（内国株式）,サービス業,3250,3250,3225,3225,-10,-0.309119,1400,OK
2025-06-17,6088,シグマクシス・ホールディングス,プライム（内国株式）,サービス業,1279,1294,1278,1282,0,0,364600,OK
2025-06-17,6089,ウィルグループ,プライム（内国株式）,サービス業,921,924,917,922,3,0.326442,13200,OK
2025-06-17,6090,ヒューマン・メタボローム・テクノロジーズ,グロース（内国株式）,サービス業,808,811,808,810,2,0.247525,2800,OK
2025-06-17,6091,ウエスコホールディングス,スタンダード（内国株式）,サービス業,720,720,713,719,1,0.139276,20100,OK
2025-06-17,6092,エンバイオ・ホールディングス,スタンダード（内国株式）,サービス業,627,635,622,628,10,1.618123,22500,OK
2025-06-17,6093,エスクロー・エージェント・ジャパン,スタンダード（内国株式）,サービス業,135,136,134,135,-1,-0.735294,137300,OK
2025-06-17,6094,フリークアウト・ホールディングス,グロース（内国株式）,サービス業,492,500,490,494,6,1.229508,42600,OK
2025-06-17,6095,メドピア,プライム（内国株式）,サービス業,737,773,737,745,12,1.637108,858900,OK
2025-06-17,6096,レアジョブ,スタンダード（内国株式）,サービス業,373,378,373,378,4,1.069519,12300,OK
2025-06-17,6098,リクルートホールディングス,プライム（内国株式）,サービス業,7916,7944,7857,7900,-39,-0.491246,4120500,OK
2025-06-17,6099,エラン,プライム（内国株式）,サービス業,822,823,810,810,-12,-1.459854,64800,OK
2025-06-17,6101,ツガミ,プライム（内国株式）,機械,1850,1865,1844,1857,16,0.869093,214800,OK
2025-06-17,6103,オークマ,プライム（内国株式）,機械,3810,3815,3760,3780,15,0.398406,231000,OK
2025-06-17,6104,芝浦機械,プライム（内国株式）,機械,3160,3180,3145,3175,25,0.793651,74300,OK
2025-06-17,6113,アマダ,プライム（内国株式）,機械,1531.5,1539.5,1524.5,1527,-10,-0.650618,1156800,OK
2025-06-17,6118,アイダエンジニアリング,プライム（内国株式）,機械,918,929,917,925,6,0.652884,300700,OK
2025-06-17,6125,岡本工作機械製作所,スタンダード（内国株式）,機械,4140,4150,4065,4105,-5,-0.121655,17300,OK
2025-06-17,6134,ＦＵＪＩ,プライム（内国株式）,機械,2524.5,2528.5,2483,2514,37.5,1.514234,477700,OK
2025-06-17,6135,牧野フライス製作所,プライム（内国株式）,機械,11680,11700,11660,11660,0,0,51900,OK
2025-06-17,6136,オーエスジー,プライム（内国株式）,機械,1670.5,1682.5,1670.5,1678,8,0.479042,214800,OK
2025-06-17,6137,小池酸素工業,スタンダード（内国株式）,機械,1193,1265,1187,1255,72,6.086221,54300,OK
2025-06-17,6138,ダイジェット工業,スタンダード（内国株式）,機械,775,777,775,776,2,0.258398,900,OK
2025-06-17,6140,旭ダイヤモンド工業,プライム（内国株式）,機械,703,711,703,710,7,0.995733,128200,OK
2025-06-17,6141,ＤＭＧ森精機,プライム（内国株式）,機械,3128,3160,3069,3109,-1,-0.032154,653900,OK
2025-06-17,6143,ソディック,プライム（内国株式）,機械,890,895,885,888,-2,-0.224719,159700,OK
2025-06-17,6144,西部電機,スタンダード（内国株式）,機械,1857,1870,1845,1858,-5,-0.268384,6800,OK
2025-06-17,6145,ＮＩＴＴＯＫＵ,スタンダード（内国株式）,機械,1740,1783,1732,1760,7,0.399315,107500,OK
2025-06-17,6146,ディスコ,プライム（内国株式）,機械,35500,37150,35340,36740,2190,6.33864,6983700,OK
2025-06-17,6147,ヤマザキ,スタンダード（内国株式）,機械,307,309,307,308,2,0.653595,2200,OK
2025-06-17,6149,小田原エンジニアリング,スタンダード（内国株式）,機械,1958,1976,1931,1975,17,0.868233,11000,OK
2025-06-17,6150,タケダ機械,スタンダード（内国株式）,機械,2845,2846,2845,2845,1,0.035162,1000,OK
2025-06-17,6151,日東工器,プライム（内国株式）,機械,1777,1792,1777,1782,5,0.281373,10500,OK
2025-06-17,6155,高松機械工業,スタンダード（内国株式）,機械,458,463,458,461,-3,-0.646552,2000,OK
2025-06-17,6156,エーワン精密,スタンダード（内国株式）,機械,1950,1954,1945,1952,2,0.102564,14400,OK
2025-06-17,6157,日進工具,プライム（内国株式）,機械,685,689,682,682,-2,-0.292398,24800,OK
2025-06-17,6158,和井田製作所,スタンダード（内国株式）,機械,888,888,876,876,-10,-1.128668,2100,OK
2025-06-17,6159,ミクロン精密,スタンダード（内国株式）,機械,1625,1636,1618,1618,-2,-0.123457,2100,OK
2025-06-17,6161,エスティック,スタンダード（内国株式）,機械,902,902,899,901,0,0,6100,OK
2025-06-17,6165,パンチ工業,スタンダード（内国株式）,機械,367,368,366,366,0,0,14700,OK
2025-06-17,6166,中村超硬,グロース（内国株式）,機械,294,299,294,296,1,0.338983,38100,OK
2025-06-17,6167,冨士ダイス,プライム（内国株式）,機械,704,708,701,705,2,0.284495,17800,OK
2025-06-17,6168,ＯＮＥ　ＧＲＯＵＰ,TOKYO PRO MARKET（内国株式）,機械,,,,,,,,NO_QUOTE
2025-06-17,6171,土木管理総合試験所,スタンダード（内国株式）,サービス業,358,358,354,357,2,0.56338,15400,OK
2025-06-17,6173,アクアライン,グロース（内国株式）,サービス業,312,313,311,311,0,0,1500,OK
2025-06-17,6174,デンタス,TOKYO PRO MARKET（内国株式）,サービス業,,,,,,,,NO_QUOTE
2025-06-17,6176,ブランジスタ,グロース（内国株式）,サービス業,655,655,632,635,-20,-3.053435,48400,OK
2025-06-17,6177,ＡｐｐＢａｎｋ,グロース（内国株式）,サービス業,113,145,107,138,26,23.214286,28579000,OK
2025-06-17,6178,日本郵政,プライム（内国株式）,サービス業,1335,1341,1328,1338.5,1.5,0.112191,3664600,OK
2025-06-17,6180,ＧＭＯメディア,グロース（内国株式）,サービス業,4930,4980,4900,4900,20,0.409836,2600,OK
2025-06-17,6181,タメニー,グロース（内国株式）,サービス業,125,132,123,131,6,4.8,857500,OK
2025-06-17,6182,メタリアル,グロース（内国株式）,サービス業,643,663,617,655,25,3.968254,372100,OK
2025-06-17,6183,ベルシステム２４ホールディングス,プライム（内国株式）,サービス業,1283,1283,1270,1280,-3,-0.233827,87000,OK
2025-06-17,6184,鎌倉新書,プライム（内国株式）,サービス業,540,550,531,549,11,2.04461,308700,OK
2025-06-17,6185,ＳＭＮ,スタンダード（内国株式）,サービス業,433,435,428,431,3,0.700935,32000,OK
2025-06-17,6186,一蔵,スタンダード（内国株式）,サービス業,385,389,380,387,2,0.519481,9600,OK
2025-06-17,6189,グローバルキッズＣＯＭＰＡＮＹ,スタンダード（内国株式）,サービス業,689,695,688,695,6,0.870827,2600,OK
2025-06-17,6190,フェニックスバイオ,グロース（内国株式）,サービス業,382,399,377,399,21,5.555556,23500,OK
2025-06-17,6191,エアトリ,プライム（内国株式）,サービス業,886,887,876,881,0,0,53700,OK
2025-06-17,6193,バーチャレクス・ホールディングス,グロース（内国株式）,サービス業,770,800,770,800,30,3.896104,2300,OK
2025-06-17,6194,アトラエ,プライム（内国株式）,サービス業,653,658,648,658,7,1.075269,91100,OK
2025-06-17,6195,ホープ,グロース（内国株式）,サービス業,225,225,216,216,-6,-2.702703,486000,OK
2025-06-17,6196,ストライク,プライム（内国株式）,サービス業,3510,3540,3470,3480,-30,-0.854701,76000,OK
2025-06-17,6197,ソラスト,プライム（内国株式）,サービス業,428,431,424,425,0,0,246600,OK
2025-06-17,6198,キャリア,グロース（内国株式）,サービス業,320,322,319,322,2,0.625,2000,OK
2025-06-17,6199,セラク,スタンダード（内国株式）,サービス業,1550,1568,1550,1552,-4,-0.257069,15900,OK
2025-06-17,6200,インソース,プライム（内国株式）,サービス業,1015,1030,1008,1010,-10,-0.980392,214500,OK
2025-06-17,6201,豊田自動織機,プライム（内国株式）,輸送用機器,16400,16500,16340,16500,100,0.609756,489100,OK
2025-06-17,6203,豊和工業,スタンダード（内国株式）,機械,1083,1085,1053,1059,-17,-1.579926,185600,OK
2025-06-17,6208,石川製作所,スタンダード（内国株式）,機械,1473,1495,1440,1464,-22,-1.480485,209200,OK
2025-06-17,6209,リケンＮＰＲ,プライム（内国株式）,機械,2370,2379,2358,2365,-5,-0.21097,56600,OK
2025-06-17,6210,ＴＯＹＯイノベックス,スタンダード（内国株式）,機械,620,620,615,615,-5,-0.806452,7500,OK
2025-06-17,6217,津田駒工業,スタンダード（内国株式）,機械,370,370,366,366,-3,-0.813008,6100,OK
2025-06-17,6218,エンシュウ,スタンダード（内国株式）,機械,446,448,445,448,1,0.223714,1700,OK
2025-06-17,6222,島精機製作所,プライム（内国株式）,機械,790,794,783,783,-3,-0.381679,171100,OK
2025-06-17,6223,西部技研,スタンダード（内国株式）,機械,1538,1538,1518,1536,6,0.392157,24400,OK
2025-06-17,6224,ＪＲＣ,グロース（内国株式）,機械,1113,1118,1088,1091,-11,-0.998185,42000,OK
2025-06-17,6226,守谷輸送機工業,スタンダード（内国株式）,機械,3730,3750,3645,3690,10,0.271739,73900,OK
2025-06-17,6227,ＡＩメカテック,スタンダード（内国株式）,機械,2850,3035,2850,2944,113,3.991522,128000,OK
2025-06-17,6228,ジェイ・イー・ティ,スタンダード（内国株式）,機械,780,785,767,773,-12,-1.528662,71700,OK
2025-06-17,6229,オーケーエム,スタンダード（内国株式）,機械,1200,1224,1200,1206,5,0.41632,1200,OK
2025-06-17,6230,ＳＡＮＥＩ,スタンダード（内国株式）,機械,1997,2013,1997,2013,16,0.801202,600,OK
2025-06-17,6231,木村工機,スタンダード（内国株式）,機械,9490,9530,9370,9410,40,0.426894,6200,OK
2025-06-17,6232,ＡＣＳＬ,グロース（内国株式）,機械,1394,1515,1332,1513,98,6.925795,1852700,OK
2025-06-17,6233,ＫＬＡＳＳ,スタンダード（内国株式）,機械,422,424,420,421,0,0,2100,OK
2025-06-17,6235,オプトラン,プライム（内国株式）,機械,1549,1585,1548,1582,34,2.196382,169600,OK
2025-06-17,6237,イワキ,プライム（内国株式）,機械,2453,2474,2418,2465,34,1.398601,22000,OK
2025-06-17,6238,フリュー,プライム（内国株式）,機械,970,1000,966,997,42,4.397906,172800,OK
2025-06-17,6239,ナガオカ,スタンダード（内国株式）,機械,1395,1406,1387,1393,11,0.795948,7600,OK
2025-06-17,6240,ヤマシンフィルタ,プライム（内国株式）,機械,557,560,551,560,3,0.5386,331700,OK
2025-06-17,6245,ヒラノテクシード,スタンダード（内国株式）,機械,1470,1473,1454,1464,0,0,41100,OK
2025-06-17,6246,テクノスマート,スタンダード（内国株式）,機械,1626,1636,1621,1629,3,0.184502,10900,OK
2025-06-17,6247,日阪製作所,プライム（内国株式）,機械,1400,1409,1387,1396,-4,-0.285714,74800,OK
2025-06-17,6248,横田製作所,スタンダード（内国株式）,機械,1513,1514,1500,1502,-10,-0.661376,6200,OK
2025-06-17,6249,ゲームカード・ジョイコホールディングス,スタンダード（内国株式）,機械,2417,2428,2380,2402,-14,-0.57947,26300,OK
2025-06-17,6250,やまびこ,プライム（内国株式）,機械,2056,2084,2056,2076,26,1.268293,58200,OK
2025-06-17,6254,野村マイクロ・サイエンス,プライム（内国株式）,機械,2366,2440,2351,2434,105,4.508373,1099100,OK
2025-06-17,6255,エヌ・ピー・シー,グロース（内国株式）,機械,703,723,700,719,16,2.27596,293700,OK
2025-06-17,6257,藤商事,スタンダード（内国株式）,機械,1055,1058,1050,1057,6,0.570885,12300,OK
2025-06-17,6258,平田機工,プライム（内国株式）,機械,1845,1878,1845,1868,27,1.466594,117400,OK
2025-06-17,6262,ＰＥＧＡＳＵＳ,スタンダード（内国株式）,機械,516,516,507,510,0,0,43100,OK
2025-06-17,6264,マルマエ,プライム（内国株式）,機械,1341,1375,1339,1366,38,2.861446,90000,OK
2025-06-17,6265,コンバム,スタンダード（内国株式）,機械,2095,2095,2095,2095,0,0,100,OK
2025-06-17,6266,タツモ,プライム（内国株式）,機械,1969,2077,1958,2055,103,5.276639,254800,OK
2025-06-17,6267,ゼネラルパッカー,スタンダード（内国株式）,機械,2805,2867,2805,2867,49,1.738822,600,OK
2025-06-17,6268,ナブテスコ,プライム（内国株式）,機械,2500,2534.5,2440,2484,150.5,6.449539,1526700,OK
2025-06-17,6269,三井海洋開発,プライム（内国株式）,機械,5780,5910,5760,5850,20,0.343053,319600,OK
2025-06-17,6272,レオン自動機,プライム（内国株式）,機械,1212,1222,1211,1222,12,0.991736,41800,OK
2025-06-17,6273,ＳＭＣ,プライム（内国株式）,機械,52410,52690,52010,52240,170,0.326484,192000,OK
2025-06-17,6276,シリウスビジョン,スタンダード（内国株式）,電気機器,281,289,281,288,6,2.12766,13700,OK
2025-06-17,6277,ホソカワミクロン,プライム（内国株式）,機械,4275,4375,4270,4375,130,3.062426,61300,OK
2025-06-17,6278,ユニオンツール,プライム（内国株式）,機械,4730,4925,4720,4910,190,4.025424,126300,OK
2025-06-17,6279,瑞光,プライム（内国株式）,機械,1024,1043,1022,1032,8,0.78125,26400,OK
2025-06-17,6282,オイレス工業,プライム（内国株式）,機械,2036,2048,2032,2046,9,0.441826,27600,OK
2025-06-17,6284,日精エー・エス・ビー機械,プライム（内国株式）,機械,5970,6040,5920,5970,0,0,34100,OK
2025-06-17,6286,靜甲,スタンダード（内国株式）,機械,840,848,840,848,-1,-0.117786,900,OK
2025-06-17,6287,サトー,プライム（内国株式）,機械,2020,2028,2010,2016,-2,-0.099108,33600,OK
2025-06-17,6289,技研製作所,プライム（内国株式）,機械,1467,1485,1452,1452,-15,-1.022495,37200,OK
2025-06-17,6291,日本エアーテック,スタンダード（内国株式）,機械,1044,1045,1030,1041,1,0.096154,13500,OK
2025-06-17,6292,カワタ,スタンダード（内国株式）,機械,732,732,728,729,1,0.137363,1600,OK
2025-06-17,6293,日精樹脂工業,プライム（内国株式）,機械,837,848,837,844,7,0.83632,22700,OK
2025-06-17,6294,オカダアイヨン,プライム（内国株式）,機械,1877,1884,1872,1873,2,0.106895,6100,OK
2025-06-17,6297,鉱研工業,スタンダード（内国株式）,機械,625,625,625,625,100,19.047619,57600,OK
2025-06-17,6298,ワイエイシイホールディングス,プライム（内国株式）,機械,805,827,804,817,13,1.616915,128200,OK
2025-06-17,6301,小松製作所,プライム（内国株式）,機械,4488,4494,4441,4464,-4,-0.089526,1811000,OK
2025-06-17,6302,住友重機械工業,プライム（内国株式）,機械,2888.5,2901,2881.5,2899.5,8,0.276673,447200,OK
2025-06-17,6305,日立建機,プライム（内国株式）,機械,4348,4379,4341,4354,-4,-0.091785,417500,OK
2025-06-17,6306,日工,プライム（内国株式）,機械,705,716,700,715,18,2.582496,233800,OK
2025-06-17,6307,サンセイ,スタンダード（内国株式）,機械,396,401,395,398,3,0.759494,8800,OK
2025-06-17,6309,巴工業,プライム（内国株式）,機械,1380,1390,1373,1384,-8,-0.574713,152500,OK
2025-06-17,6310,井関農機,プライム（内国株式）,機械,1278,1285,1261,1263,1,0.079239,106600,OK
2025-06-17,6312,フロイント産業,スタンダード（内国株式）,機械,732,732,727,730,-1,-0.136799,7200,OK
2025-06-17,6315,ＴＯＷＡ,プライム（内国株式）,機械,1650,1726,1646,1703,93,5.776398,5299100,OK
2025-06-17,6316,丸山製作所,スタンダード（内国株式）,機械,2059,2060,2001,2002,21,1.060071,9700,OK
2025-06-17,6317,北川鉄工所,スタンダード（内国株式）,機械,1445,1445,1431,1439,1,0.069541,3800,OK
2025-06-17,6322,タクミナ,スタンダード（内国株式）,機械,1555,1569,1555,1565,12,0.772698,4700,OK
2025-06-17,6323,ローツェ,プライム（内国株式）,機械,1868,1904,1852.5,1863,81,4.545455,2637200,OK
2025-06-17,6324,ハーモニック・ドライブ・システムズ,スタンダード（内国株式）,機械,3000,3045,2934,2952,-27,-0.906344,770800,OK
2025-06-17,6325,タカキタ,スタンダード（内国株式）,機械,392,392,382,383,-10,-2.544529,22600,OK
2025-06-17,6326,クボタ,プライム（内国株式）,機械,1590,1612.5,1587.5,1605,30.5,1.937123,4702000,OK
2025-06-17,6327,北川精機,スタンダード（内国株式）,機械,636,644,634,638,2,0.314465,14700,OK
2025-06-17,6328,荏原実業,プライム（内国株式）,機械,3550,3615,3525,3570,45,1.276596,19600,OK
2025-06-17,6330,東洋エンジニアリング,プライム（内国株式）,建設業,691,697,686,697,15,2.199413,156900,OK
2025-06-17,6331,三菱化工機,プライム（内国株式）,機械,1922,1926,1866,1905,22,1.168348,324900,OK
2025-06-17,6332,月島ホールディングス,プライム（内国株式）,機械,2119,2128,2101,2121,2,0.094384,101000,OK
2025-06-17,6333,帝国電機製作所,プライム（内国株式）,機械,3190,3250,3165,3220,10,0.311526,25700,OK
2025-06-17,6334,明治機械,スタンダード（内国株式）,機械,293,296,286,293,0,0,11900,OK
2025-06-17,6335,東京機械製作所,スタンダード（内国株式）,機械,384,385,379,380,4,1.06383,4800,OK
2025-06-17,6336,石井表記,スタンダード（内国株式）,機械,627,630,624,628,1,0.15949,9700,OK
2025-06-17,6337,テセック,スタンダード（内国株式）,機械,1635,1647,1632,1635,-5,-0.304878,9400,OK
2025-06-17,6338,タカトリ,スタンダード（内国株式）,機械,1539,1630,1539,1608,69,4.483431,52200,OK
2025-06-17,6339,新東工業,プライム（内国株式）,機械,835,838,833,836,0,0,46700,OK
2025-06-17,6340,澁谷工業,プライム（内国株式）,機械,3255,3290,3235,3250,-5,-0.15361,16600,OK
2025-06-17,6342,太平製作所,スタンダード（内国株式）,機械,2582,2607,2575,2575,-7,-0.271108,1700,OK
2025-06-17,6343,フリージア・マクロス,スタンダード（内国株式）,機械,103,103,101,101,-2,-1.941748,67100,OK
2025-06-17,6345,アイチ　コーポレーション,プライム（内国株式）,機械,1370,1374,1360,1369,-2,-0.145879,104600,OK
2025-06-17,6346,キクカワエンタープライズ,スタンダード（内国株式）,機械,,,,,,,,NO_QUOTE
2025-06-17,6347,プラコー,スタンダード（内国株式）,機械,196,197,194,195,0,0,7400,OK
2025-06-17,6349,小森コーポレーション,プライム（内国株式）,機械,1478,1498,1478,1491,25,1.705321,84900,OK
2025-06-17,6351,鶴見製作所,プライム（内国株式）,機械,3625,3655,3605,3625,0,0,20500,OK
2025-06-17,6356,日本ギア工業,スタンダード（内国株式）,機械,553,574,553,568,17,3.085299,99300,OK
2025-06-17,6357,三精テクノロジーズ,スタンダード（内国株式）,機械,1516,1540,1510,1529,30,2.001334,61600,OK
2025-06-17,6358,酒井重工業,プライム（内国株式）,機械,1968,1971,1960,1960,-8,-0.406504,9400,OK
2025-06-17,6360,東京自働機械製作所,スタンダード（内国株式）,機械,2830,2830,2790,2800,-7,-0.249377,3100,OK
2025-06-17,6361,荏原製作所,プライム（内国株式）,機械,2249.5,2304,2247,2298.5,69.5,3.11799,1404600,OK
2025-06-17,6363,酉島製作所,プライム（内国株式）,機械,1830,1860,1830,1858,34,1.864035,64400,OK
2025-06-17,6364,ＡＩＲＭＡＮ,プライム（内国株式）,機械,1833,1841,1804,1829,-4,-0.218221,10900,OK
2025-06-17,6365,電業社機械製作所,スタンダード（内国株式）,機械,4540,4540,4490,4490,-30,-0.663717,2100,OK
2025-06-17,6366,千代田化工建設,スタンダード（内国株式）,建設業,345,358,341,356,12,3.488372,1875200,OK
2025-06-17,6367,ダイキン工業,プライム（内国株式）,機械,16265,16310,15985,16100,-175,-1.075269,998200,OK
2025-06-17,6368,オルガノ,プライム（内国株式）,機械,8070,8180,8030,8140,160,2.005013,258400,OK
2025-06-17,6369,トーヨーカネツ,プライム（内国株式）,機械,3870,3900,3870,3895,25,0.645995,16000,OK
2025-06-17,6370,栗田工業,プライム（内国株式）,機械,5353,5447,5331,5413,90,1.690776,384300,OK
2025-06-17,6371,椿本チエイン,プライム（内国株式）,機械,1791,1800,1790,1798,2,0.111359,130700,OK
2025-06-17,6373,大同工業,スタンダード（内国株式）,機械,1110,1117,1107,1107,0,0,47900,OK
2025-06-17,6376,日機装,プライム（内国株式）,精密機器,1156,1174,1155,1169,11,0.949914,146400,OK
2025-06-17,6378,木村化工機,スタンダード（内国株式）,機械,892,905,886,900,18,2.040816,137500,OK
2025-06-17,6379,レイズネクスト,プライム（内国株式）,建設業,1734,1747,1719,1735,1,0.05767,90500,OK
2025-06-17,6380,オリエンタルチエン工業,スタンダード（内国株式）,機械,,,,,,,,NO_QUOTE
2025-06-17,6381,アネスト岩田,プライム（内国株式）,機械,1378,1394,1373,1389,18,1.31291,59100,OK
2025-06-17,6382,トリニティ工業,スタンダード（内国株式）,機械,1022,1024,1018,1021,-3,-0.292969,4000,OK
2025-06-17,6383,ダイフク,プライム（内国株式）,機械,3660,3734,3656,3705,48,1.312551,789700,OK
2025-06-17,6384,昭和真空,スタンダード（内国株式）,機械,1354,1357,1350,1352,-6,-0.441826,2400,OK
2025-06-17,6387,サムコ,プライム（内国株式）,機械,2668,2735,2650,2698,51,1.926709,44000,OK
2025-06-17,6390,加藤製作所,プライム（内国株式）,機械,1275,1275,1258,1261,-6,-0.47356,18400,OK
2025-06-17,6391,加地テック,スタンダード（内国株式）,機械,3380,3405,3350,3400,15,0.443131,1500,OK
2025-06-17,6392,ヤマダコーポレーション,スタンダード（内国株式）,機械,5020,5020,5020,5020,0,0,100,OK
2025-06-17,6393,油研工業,スタンダード（内国株式）,機械,2668,2674,2655,2674,18,0.677711,5300,OK
2025-06-17,6395,タダノ,プライム（内国株式）,機械,970,978.4,966,973.5,1,0.102828,257000,OK
2025-06-17,6396,宇野澤組鐵工所,スタンダード（内国株式）,機械,2850,2898,2840,2898,-2,-0.068966,2100,OK
2025-06-17,6400,不二精機,スタンダード（内国株式）,機械,272,279,272,278,4,1.459854,8200,OK
2025-06-17,6402,兼松エンジニアリング,スタンダード（内国株式）,機械,1190,1190,1184,1186,-4,-0.336134,1500,OK
2025-06-17,6403,水道機工,スタンダード（内国株式）,機械,1948,1948,1938,1948,0,0,1600,OK
2025-06-17,6405,鈴茂器工,スタンダード（内国株式）,機械,1862,1882,1839,1843,-19,-1.020408,70400,OK
2025-06-17,6406,フジテック,プライム（内国株式）,機械,5869,6157,5869,6144,306,5.241521,221900,OK
2025-06-17,6407,ＣＫＤ,プライム（内国株式）,機械,2357,2428,2357,2407,60,2.556455,291600,OK
2025-06-17,6408,小倉クラッチ,スタンダード（内国株式）,機械,3460,3495,3460,3495,35,1.011561,300,OK
2025-06-17,6411,中野冷機,スタンダード（内国株式）,機械,6850,6850,6850,6850,1000,17.094017,1800,OK
2025-06-17,6412,平和,プライム（内国株式）,機械,2045,2086,2045,2076,31,1.515892,264700,OK
2025-06-17,6413,理想科学工業,プライム（内国株式）,機械,1069,1079,1069,1073,8,0.751174,41200,OK
2025-06-17,6416,桂川電機,スタンダード（内国株式）,機械,660,670,652,653,3,0.461538,1500,OK
2025-06-17,6417,ＳＡＮＫＹＯ,プライム（内国株式）,機械,2555,2586,2551,2561.5,18,0.707686,742400,OK
2025-06-17,6418,日本金銭機械,プライム（内国株式）,機械,950,955,944,947,6,0.63762,97800,OK
2025-06-17,6419,マースグループホールディングス,プライム（内国株式）,機械,2812,2845,2802,2840,26,0.923952,101400,OK
2025-06-17,6420,ガリレイ,プライム（内国株式）,機械,3040,3145,3040,3075,70,2.329451,62300,OK
2025-06-17,6424,高見沢サイバネティックス,スタンダード（内国株式）,機械,988,999,988,999,11,1.11336,600,OK
2025-06-17,6425,ユニバーサルエンターテインメント,スタンダード（内国株式）,機械,981,993,974,987,16,1.647786,195900,OK
2025-06-17,6428,オーイズミ,スタンダード（内国株式）,機械,322,322,318,320,-2,-0.621118,4900,OK
2025-06-17,6430,ダイコク電機,プライム（内国株式）,機械,2134,2176,2125,2173,52,2.451674,74100,OK
2025-06-17,6432,竹内製作所,プライム（内国株式）,機械,4500,4535,4485,4535,25,0.554324,126100,OK
2025-06-17,6433,ヒーハイスト,スタンダード（内国株式）,機械,382,382,379,381,-1,-0.26178,5900,OK
2025-06-17,6436,アマノ,プライム（内国株式）,機械,4320,4380,4319,4380,33,0.759144,127600,OK
2025-06-17,6440,ＪＵＫＩ,プライム（内国株式）,機械,366,368,365,366,-2,-0.543478,35300,OK
2025-06-17,6444,サンデン,スタンダード（内国株式）,機械,118,119,117,117,-2,-1.680672,55400,OK
2025-06-17,6445,ジャノメ,プライム（内国株式）,機械,1141,1141,1132,1133,0,0,24500,OK
2025-06-17,6448,ブラザー工業,プライム（内国株式）,電気機器,2405.5,2436,2404.5,2423.5,18,0.748285,660500,OK
2025-06-17,6454,マックス,プライム（内国株式）,機械,4695,4785,4690,4690,-5,-0.106496,69100,OK
2025-06-17,6455,モリタホールディングス,プライム（内国株式）,輸送用機器,2070,2098,2070,2097,20,0.962927,45900,OK
2025-06-17,6457,グローリー,プライム（内国株式）,機械,3274,3313,3235,3295,21,0.641417,200400,OK
2025-06-17,6458,新晃工業,プライム（内国株式）,機械,1229,1231,1216,1229,0,0,163700,OK
2025-06-17,6459,大和冷機工業,プライム（内国株式）,機械,1580,1684,1580,1674,108,6.896552,58700,OK
2025-06-17,6460,セガサミーホールディングス,プライム（内国株式）,機械,3109,3141,3099,3128,18,0.578778,781300,OK
2025-06-17,6463,ＴＰＲ,プライム（内国株式）,機械,1895,1900,1888,1899,14,0.742706,44700,OK
2025-06-17,6464,ツバキ・ナカシマ,プライム（内国株式）,機械,343,347,343,345,1,0.290698,135900,OK
2025-06-17,6465,ホシザキ,プライム（内国株式）,機械,5150,5167,5107,5109,-61,-1.179884,534600,OK
2025-06-17,6466,ＴＶＥ,スタンダード（内国株式）,機械,,,,,,,,NO_QUOTE
2025-06-17,6467,ニチダイ,スタンダード（内国株式）,機械,356,358,352,356,1,0.28169,6000,OK
2025-06-17,6469,放電精密加工研究所,スタンダード（内国株式）,機械,1644,1650,1607,1633,-1,-0.0612,49200,OK
2025-06-17,6470,大豊工業,スタンダード（内国株式）,機械,583,589,578,583,1,0.171821,29000,OK
2025-06-17,6471,日本精工,プライム（内国株式）,機械,635.8,640.6,635.4,638.4,-2.2,-0.343428,1734700,OK
2025-06-17,6472,ＮＴＮ,プライム（内国株式）,機械,214.3,214.6,211.9,211.9,-2.1,-0.981308,2407700,OK
2025-06-17,6473,ジェイテクト,プライム（内国株式）,機械,1082,1094.5,1081.5,1092.5,9.5,0.877193,689000,OK
2025-06-17,6474,不二越,プライム（内国株式）,機械,3010,3045,3005,3015,10,0.332779,29900,OK
2025-06-17,6479,ミネベアミツミ,プライム（内国株式）,電気機器,2015.5,2061,2015,2056.5,46.5,2.313433,1732000,OK
2025-06-17,6480,日本トムソン,プライム（内国株式）,機械,529,535,524,532,4,0.757576,124600,OK
2025-06-17,6481,ＴＨＫ,プライム（内国株式）,機械,3907,3913,3867,3870,6,0.15528,718400,OK
2025-06-17,6482,ＹＵＳＨＩＮ,スタンダード（内国株式）,機械,600,602,595,595,-3,-0.501672,27100,OK
2025-06-17,6484,ＫＶＫ,スタンダード（内国株式）,機械,1934,1934,1930,1930,-10,-0.515464,600,OK
2025-06-17,6485,前澤給装工業,スタンダード（内国株式）,機械,1257,1257,1240,1241,-16,-1.272872,16500,OK
2025-06-17,6486,イーグル工業,プライム（内国株式）,機械,1874,1891,1872,1883,3,0.159574,40300,OK
2025-06-17,6488,ヨシタケ,スタンダード（内国株式）,機械,727,729,727,729,7,0.969529,600,OK
2025-06-17,6489,前澤工業,スタンダード（内国株式）,機械,1675,1693,1665,1681,16,0.960961,75200,OK
2025-06-17,6490,ＰＩＬＬＡＲ,プライム（内国株式）,機械,3620,3685,3610,3670,15,0.410397,43300,OK
2025-06-17,6492,岡野バルブ製造,スタンダード（内国株式）,機械,5130,5220,5130,5190,100,1.964637,2800,OK
2025-06-17,6493,ＮＩＴＴＡＮ,スタンダード（内国株式）,輸送用機器,332,345,328,343,11,3.313253,202700,OK
2025-06-17,6494,ＮＦＫホールディングス,スタンダード（内国株式）,機械,91,93,91,92,1,1.098901,143600,OK
2025-06-17,6495,宮入バルブ製作所,スタンダード（内国株式）,機械,106,109,105,108,2,1.886792,79000,OK
2025-06-17,6496,中北製作所,スタンダード（内国株式）,機械,3920,3920,3850,3895,5,0.128535,2800,OK
2025-06-17,6497,ハマイ,スタンダード（内国株式）,機械,1104,1117,1104,1117,13,1.177536,1400,OK
2025-06-17,6498,キッツ,プライム（内国株式）,機械,1168,1181,1168,1178,10,0.856164,113700,OK
2025-06-17,6501,日立製作所,プライム（内国株式）,電気機器,4014,4039,3994,4019,5,0.124564,7539000,OK
2025-06-17,6503,三菱電機,プライム（内国株式）,電気機器,2965,3018,2960,3005,49.5,1.674844,6036600,OK
2025-06-17,6504,富士電機,プライム（内国株式）,電気機器,6513,6522,6438,6481,20,0.30955,705400,OK
2025-06-17,6505,東洋電機製造,スタンダード（内国株式）,電気機器,1387,1412,1386,1411,24,1.730353,35700,OK
2025-06-17,6506,安川電機,プライム（内国株式）,電気機器,3265,3305,3252,3291,55,1.699629,1790800,OK
2025-06-17,6507,シンフォニアテクノロジー,プライム（内国株式）,電気機器,8840,9020,8750,8950,160,1.82025,323800,OK
2025-06-17,6508,明電舎,プライム（内国株式）,電気機器,4865,4965,4855,4885,15,0.308008,188600,OK
2025-06-17,6513,オリジン,スタンダード（内国株式）,電気機器,1053,1053,1045,1053,8,0.76555,300,OK
2025-06-17,6516,山洋電気,プライム（内国株式）,電気機器,10060,10230,10050,10090,-50,-0.493097,30200,OK
2025-06-17,6517,デンヨー,プライム（内国株式）,電気機器,2760,2760,2726,2732,-4,-0.146199,12300,OK
2025-06-17,6518,三相電機,スタンダード（内国株式）,電気機器,820,822,820,822,2,0.243902,23400,OK
2025-06-17,6521,オキサイド,グロース（内国株式）,電気機器,2500,2786,2492,2605,126,5.082695,983000,OK
2025-06-17,6522,アスタリスク,グロース（内国株式）,電気機器,420,430,416,426,7,1.670644,49600,OK
2025-06-17,6523,ＰＨＣホールディングス,プライム（内国株式）,電気機器,904,906,898,900,-4,-0.442478,110000,OK
2025-06-17,6524,湖北工業,スタンダード（内国株式）,電気機器,2350,2448,2330,2430,128,5.560382,436000,OK
2025-06-17,6525,ＫＯＫＵＳＡＩ　ＥＬＥＣＴＲＩＣ,プライム（内国株式）,電気機器,3295,3383,3284,3350,195,6.180666,3725300,OK
2025-06-17,6526,ソシオネクスト,プライム（内国株式）,電気機器,2519,2624.5,2502,2604.5,112,4.49348,21696800,OK
2025-06-17,6527,ワカ製作所,TOKYO PRO MARKET（内国株式）,電気機器,,,,,,,,NO_QUOTE
2025-06-17,6532,ベイカレント,プライム（内国株式）,サービス業,7545,7629,7441,7497,-48,-0.636183,970700,OK
2025-06-17,6533,Ｏｒｃｈｅｓｔｒａ　Ｈｏｌｄｉｎｇｓ,プライム（内国株式）,サービス業,771,784,771,776,1,0.129032,8600,OK
2025-06-17,6535,アイモバイル,プライム（内国株式）,サービス業,625,662,625,658,33,5.28,688200,OK
2025-06-17,6537,ＷＡＳＨハウス,グロース（内国株式）,サービス業,417,424,414,420,1,0.238663,31100,OK
2025-06-17,6538,ディスラプターズ,スタンダード（内国株式）,サービス業,183,189,183,188,5,2.73224,24300,OK
2025-06-17,6539,ＭＳ−Ｊａｐａｎ,プライム（内国株式）,サービス業,925,932,925,930,2,0.215517,26800,OK
2025-06-17,6540,船場,スタンダード（内国株式）,サービス業,1568,1609,1568,1601,33,2.104592,12400,OK
2025-06-17,6542,ＦＣホールディングス,スタンダード（内国株式）,サービス業,1146,1158,1146,1156,12,1.048951,4600,OK
2025-06-17,6543,日宣,スタンダード（内国株式）,サービス業,688,692,686,686,1,0.145985,800,OK
2025-06-17,6544,ジャパンエレベーターサービスホールディングス,プライム（内国株式）,サービス業,4020,4050,4000,4015,0,0,129000,OK
2025-06-17,6545,インターネットインフィニティー,グロース（内国株式）,サービス業,709,714,701,702,-4,-0.566572,3900,OK
2025-06-17,6546,フルテック,スタンダード（内国株式）,サービス業,1137,1137,1135,1137,0,0,500,OK
2025-06-17,6547,グリーンズ,スタンダード（内国株式）,サービス業,2172,2271,2144,2271,113,5.23633,159400,OK
2025-06-17,6548,旅工房,グロース（内国株式）,サービス業,160,163,156,160,0,0,28600,OK
2025-06-17,6549,ディーエムソリューションズ,スタンダード（内国株式）,サービス業,1550,1559,1550,1551,-8,-0.513149,1100,OK
2025-06-17,6550,Ｕｎｉｐｏｓ,グロース（内国株式）,サービス業,171,172,169,171,3,1.785714,73800,OK
2025-06-17,6551,ツナググループ・ホールディングス,スタンダード（内国株式）,サービス業,666,668,660,664,4,0.606061,11200,OK
2025-06-17,6552,ＧａｍｅＷｉｔｈ,スタンダード（内国株式）,サービス業,215,216,211,212,0,0,16500,OK
2025-06-17,6554,エスユーエス,グロース（内国株式）,サービス業,1138,1164,1131,1162,18,1.573427,28900,OK
2025-06-17,6555,ＭＳ＆Ｃｏｎｓｕｌｔｉｎｇ,スタンダード（内国株式）,サービス業,396,399,396,399,2,0.503778,2400,OK
2025-06-17,6557,ＡＩＡＩグループ,グロース（内国株式）,サービス業,1343,1343,1330,1333,-6,-0.448096,7600,OK
2025-06-17,6558,クックビズ,グロース（内国株式）,サービス業,641,641,638,638,-2,-0.3125,500,OK
2025-06-17,6560,エル・ティー・エス,プライム（内国株式）,サービス業,2146,2155,2133,2147,12,0.562061,9000,OK
2025-06-17,6561,ＨＡＮＡＴＯＵＲ　ＪＡＰＡＮ,グロース（内国株式）,サービス業,1087,1098,1086,1091,1,0.091743,9300,OK
2025-06-17,6562,ジーニー,グロース（内国株式）,サービス業,1609,1893,1602,1835,237,14.831039,1099700,OK
2025-06-17,6563,みらいワークス,グロース（内国株式）,サービス業,610,613,602,607,-3,-0.491803,27400,OK
2025-06-17,6564,ミダックホールディングス,プライム（内国株式）,サービス業,1987,2010,1962,1970,-5,-0.253165,63400,OK
2025-06-17,6565,ＡＢホテル,スタンダード（内国株式）,サービス業,1421,1447,1421,1439,18,1.266714,7100,OK
2025-06-17,6566,要興業,スタンダード（内国株式）,サービス業,1147,1164,1147,1153,6,0.523104,10100,OK
2025-06-17,6568,神戸天然物化学,グロース（内国株式）,サービス業,1055,1077,1055,1074,19,1.800948,7800,OK
2025-06-17,6570,共和コーポレーション,スタンダード（内国株式）,サービス業,994,1000,992,1000,9,0.908174,2900,OK
2025-06-17,6571,キュービーネットホールディングス,プライム（内国株式）,サービス業,1150,1160,1150,1159,9,0.782609,32900,OK
2025-06-17,6572,オープングループ,プライム（内国株式）,サービス業,335,340,323,325,-9,-2.694611,198000,OK
2025-06-17,6573,アジャイルメディア・ネットワーク,グロース（内国株式）,サービス業,147,154,133,135,1,0.746269,16605700,OK
2025-06-17,6574,コンヴァノ,グロース（内国株式）,サービス業,6730,6820,6540,6710,-20,-0.297177,3600,OK
2025-06-17,6576,揚工舎,TOKYO PRO MARKET（内国株式）,サービス業,,,,,,,,NO_QUOTE
2025-06-17,6577,ベストワンドットコム,グロース（内国株式）,サービス業,2539,2564,2492,2500,8,0.321027,15900,OK
2025-06-17,6578,コレックホールディングス,スタンダード（内国株式）,サービス業,311,317,311,316,5,1.607717,17900,OK
2025-06-17,6579,ログリー,グロース（内国株式）,サービス業,368,377,368,377,7,1.891892,3800,OK
2025-06-17,6580,ライトアップ,グロース（内国株式）,サービス業,2075,2347,2047,2347,309,15.161923,191500,OK
2025-06-17,6584,三櫻工業,プライム（内国株式）,輸送用機器,600,604,597,603,3,0.5,71600,OK
2025-06-17,6586,マキタ,プライム（内国株式）,機械,4276,4306,4253,4306,11,0.256112,583900,OK
2025-06-17,6588,東芝テック,プライム（内国株式）,電気機器,2777,2804,2759,2804,48,1.741655,115200,OK
2025-06-17,6590,芝浦メカトロニクス,プライム（内国株式）,電気機器,9180,9460,9080,9360,240,2.631579,801600,OK
2025-06-17,6592,マブチモーター,プライム（内国株式）,電気機器,2114.5,2122.5,2111.5,2122,7,0.330969,311100,OK
2025-06-17,6594,ニデック,プライム（内国株式）,電気機器,2925,2953.5,2911.5,2931.5,44,1.52381,4418700,OK
2025-06-17,6596,筑波精工,TOKYO PRO MARKET（内国株式）,電気機器,,,,,,,,NO_QUOTE
2025-06-17,6597,ＨＰＣシステムズ,グロース（内国株式）,電気機器,1890,1937,1840,1861,-19,-1.010638,126500,OK
2025-06-17,6599,エブレン,スタンダード（内国株式）,電気機器,2175,2175,2175,2175,21,0.97493,200,OK
2025-06-17,6612,バルミューダ,グロース（内国株式）,電気機器,886,892,885,886,0,0,2000,OK
2025-06-17,6613,ＱＤレーザ,グロース（内国株式）,電気機器,248,253,246,248,2,0.813008,395200,OK
2025-06-17,6614,シキノハイテック,スタンダード（内国株式）,電気機器,1000,1007,995,995,-5,-0.5,2800,OK
2025-06-17,6615,ユー・エム・シー・エレクトロニクス,プライム（内国株式）,電気機器,315,319,309,316,1,0.31746,102200,OK
2025-06-17,6616,トレックス・セミコンダクター,プライム（内国株式）,電気機器,1201,1250,1201,1242,42,3.5,35100,OK
2025-06-17,6617,東光高岳,プライム（内国株式）,電気機器,2173,2221,2156,2216,43,1.978831,29500,OK
2025-06-17,6619,ダブル・スコープ,プライム（内国株式）,電気機器,252,256,242,242,-6,-2.419355,1588000,OK
2025-06-17,6620,宮越ホールディングス,プライム（内国株式）,不動産業,1150,1169,1135,1160,16,1.398601,48200,OK
2025-06-17,6622,ダイヘン,プライム（内国株式）,電気機器,6260,6400,6230,6400,210,3.392569,115500,OK
2025-06-17,6625,ＪＡＬＣＯホールディングス,スタンダード（内国株式）,不動産業,307,313,306,313,6,1.954397,300200,OK
2025-06-17,6626,ＳＥＭＩＴＥＣ,スタンダード（内国株式）,電気機器,1991,2014,1985,2006,33,1.67258,30300,OK
2025-06-17,6627,テラプローブ,スタンダード（内国株式）,電気機器,2912,3035,2911,3000,86,2.95127,66300,OK
2025-06-17,6629,テクノホライゾン,スタンダード（内国株式）,電気機器,343,346,342,345,2,0.58309,19600,OK
2025-06-17,6630,ヤーマン,プライム（内国株式）,電気機器,830,854,816,847,18,2.171291,151000,OK
2025-06-17,6632,ＪＶＣケンウッド,プライム（内国株式）,電気機器,1092,1094.5,1081,1094.5,4.5,0.412844,656500,OK
2025-06-17,6633,ＣＧＳホールディングス,スタンダード（内国株式）,電気機器,323,325,323,325,2,0.619195,4000,OK
2025-06-17,6634,ネクスグループ,スタンダード（内国株式）,電気機器,153,155,148,154,2,1.315789,532100,OK
2025-06-17,6635,大日光・エンジニアリング,スタンダード（内国株式）,電気機器,479,479,476,478,-1,-0.208768,3800,OK
2025-06-17,6637,寺崎電気産業,スタンダード（内国株式）,電気機器,3215,3400,3210,3400,190,5.919003,49600,OK
2025-06-17,6638,ミマキエンジニアリング,プライム（内国株式）,電気機器,1794,1809,1780,1800,26,1.465614,47200,OK
2025-06-17,6643,戸上電機製作所,スタンダード（内国株式）,電気機器,3435,3435,3420,3435,-5,-0.145349,2000,OK
2025-06-17,6644,大崎電気工業,プライム（内国株式）,電気機器,955,962,941,950,-3,-0.314795,105500,OK
2025-06-17,6645,オムロン,プライム（内国株式）,電気機器,3835,3849,3776,3781,-37,-0.969094,881200,OK
2025-06-17,6647,森尾電機,スタンダード（内国株式）,電気機器,,,,,,,,NO_QUOTE
2025-06-17,6648,かわでん,スタンダード（内国株式）,電気機器,4350,4465,4345,4465,90,2.057143,800,OK
2025-06-17,6651,日東工業,プライム（内国株式）,電気機器,2949,3005,2943,3005,56,1.898949,76600,OK
2025-06-17,6652,ＩＤＥＣ,プライム（内国株式）,電気機器,2260,2260,2237,2243,-4,-0.178015,62400,OK
2025-06-17,6653,正興電機製作所,プライム（内国株式）,電気機器,1370,1374,1357,1374,10,0.733138,44300,OK
2025-06-17,6654,不二電機工業,スタンダード（内国株式）,電気機器,1065,1074,1062,1066,-8,-0.744879,8000,OK
2025-06-17,6656,インスペック,スタンダード（内国株式）,電気機器,770,794,757,757,-1,-0.131926,81300,OK
2025-06-17,6658,シライ電子工業,スタンダード（内国株式）,電気機器,556,560,553,559,3,0.539568,53000,OK
2025-06-17,6659,メディアリンクス,スタンダード（内国株式）,電気機器,55,62,54,59,5,9.259259,9662700,OK
2025-06-17,6662,ユビテック,スタンダード（内国株式）,電気機器,236,261,236,251,16,6.808511,213600,OK
2025-06-17,6663,太洋テクノレックス,スタンダード（内国株式）,電気機器,272,273,263,266,-6,-2.205882,130100,OK
2025-06-17,6664,オプトエレクトロニクス,スタンダード（内国株式）,電気機器,260,266,260,264,5,1.930502,37400,OK
2025-06-17,6666,リバーエレテック,スタンダード（内国株式）,電気機器,468,481,462,479,19,4.130435,54900,OK
2025-06-17,6668,アドテック　プラズマ　テクノロジー,スタンダード（内国株式）,電気機器,1313,1355,1313,1353,44,3.361345,79900,OK
2025-06-17,6670,ＭＣＪ,スタンダード（内国株式）,電気機器,1332,1348,1332,1344,12,0.900901,154900,OK
2025-06-17,6674,ジーエス・ユアサ　コーポレーション,プライム（内国株式）,電気機器,2507,2528,2494.5,2525,33.5,1.344572,255800,OK
2025-06-17,6675,サクサ,スタンダード（内国株式）,電気機器,4045,4075,4005,4070,60,1.496259,16400,OK
2025-06-17,6676,バッファロー,スタンダード（内国株式）,電気機器,2277,2333,2268,2303,29,1.275286,24900,OK
2025-06-17,6677,エスケーエレクトロニクス,スタンダード（内国株式）,電気機器,2499,2561,2499,2553,77,3.109855,35100,OK
2025-06-17,6678,テクノメディカ,スタンダード（内国株式）,電気機器,1850,1857,1831,1836,-23,-1.237224,1700,OK
2025-06-17,6694,ズーム,スタンダード（内国株式）,電気機器,657,657,653,653,-2,-0.305344,1200,OK
2025-06-17,6695,キャストリコ,TOKYO PRO MARKET（内国株式）,電気機器,,,,,,,,NO_QUOTE
2025-06-17,6696,トラース・オン・プロダクト,グロース（内国株式）,電気機器,532,577,529,563,36,6.83112,455900,OK
2025-06-17,6699,ダイヤモンドエレクトリックホールディングス,プライム（内国株式）,電気機器,578,583,578,583,-1,-0.171233,7100,OK
2025-06-17,6701,日本電気,プライム（内国株式）,電気機器,4038,4115,4022,4115,79,1.957384,4422600,OK
2025-06-17,6702,富士通,プライム（内国株式）,電気機器,3470,3513,3466,3507,43,1.241339,4143300,OK
2025-06-17,6703,沖電気工業,プライム（内国株式）,電気機器,1597,1597,1566,1595,15,0.949367,778500,OK
2025-06-17,6706,電気興業,プライム（内国株式）,電気機器,2041,2041,1995,1998,-28,-1.382034,12700,OK
2025-06-17,6707,サンケン電気,プライム（内国株式）,電気機器,8003,8175,8000,8155,451,5.854102,240400,OK
2025-06-17,6718,アイホン,プライム（内国株式）,電気機器,2675,2677,2658,2674,1,0.037411,11700,OK
2025-06-17,6721,ウインテスト,スタンダード（内国株式）,電気機器,109,110,108,109,0,0,653800,OK
2025-06-17,6723,ルネサスエレクトロニクス,プライム（内国株式）,電気機器,1897,1916,1876.5,1900,34.5,1.84937,12781800,OK
2025-06-17,6724,セイコーエプソン,プライム（内国株式）,電気機器,1833,1863,1828.5,1863,27,1.470588,1602200,OK
2025-06-17,6727,ワコム,プライム（内国株式）,電気機器,670,690,654,678,59,9.531502,2160500,OK
2025-06-17,6728,アルバック,プライム（内国株式）,電気機器,5050,5155,5004,5123,128,2.562563,358900,OK
2025-06-17,6730,アクセル,スタンダード（内国株式）,電気機器,982,1007,970,999,77,8.35141,198500,OK
2025-06-17,6731,ピクセラ,スタンダード（内国株式）,電気機器,35,36,33,35,0,0,3921900,OK
2025-06-17,6734,ニューテック,スタンダード（内国株式）,電気機器,1559,1564,1535,1550,-9,-0.577293,2200,OK
2025-06-17,6736,サン電子,スタンダード（内国株式）,電気機器,5800,5950,5750,5850,150,2.631579,60700,OK
2025-06-17,6737,ＥＩＺＯ,プライム（内国株式）,電気機器,2072,2098,2066,2090,17,0.820068,65700,OK
2025-06-17,6740,ジャパンディスプレイ,プライム（内国株式）,電気機器,16,17,16,17,1,6.25,103438600,OK
2025-06-17,6741,日本信号,プライム（内国株式）,電気機器,1079,1090,1065,1073,-3,-0.27881,146500,OK
2025-06-17,6742,京三製作所,プライム（内国株式）,電気機器,485,487,483,486,4,0.829876,60200,OK
2025-06-17,6743,大同信号,スタンダード（内国株式）,電気機器,508,527,503,504,2,0.398406,11600,OK
2025-06-17,6744,能美防災,プライム（内国株式）,電気機器,3785,3815,3765,3805,20,0.528402,50400,OK
2025-06-17,6745,ホーチキ,プライム（内国株式）,電気機器,2970,3085,2957,3065,70,2.337229,57600,OK
2025-06-17,6748,星和電機,スタンダード（内国株式）,電気機器,551,568,546,568,22,4.029304,24800,OK
2025-06-17,6750,エレコム,プライム（内国株式）,電気機器,1818,1839,1817,1823,10,0.551572,93100,OK
2025-06-17,6752,パナソニック　ホールディングス,プライム（内国株式）,電気機器,1500,1500,1485.5,1498,-5.5,-0.365813,8411500,OK
2025-06-17,6753,シャープ,プライム（内国株式）,電気機器,671.6,687.1,666,674.8,1.4,0.2079,2479500,OK
2025-06-17,6754,アンリツ,プライム（内国株式）,電気機器,1770.5,1818.5,1765.5,1792,53.5,3.077366,1827700,OK
2025-06-17,6755,富士通ゼネラル,プライム（内国株式）,電気機器,2795,2797,2794,2794,0,0,260800,OK
2025-06-17,6757,ＯＳＧコーポレーション,スタンダード（内国株式）,電気機器,823,823,813,815,-8,-0.972053,2200,OK
2025-06-17,6758,ソニーグループ,プライム（内国株式）,電気機器,3742,3761,3705,3751,15,0.401499,10161800,OK
2025-06-17,6762,ＴＤＫ,プライム（内国株式）,電気機器,1521.5,1534,1512.5,1528.5,17,1.124711,5898500,OK
2025-06-17,6763,帝国通信工業,プライム（内国株式）,電気機器,2217,2238,2191,2229,12,0.541272,6100,OK
2025-06-17,6768,タムラ製作所,プライム（内国株式）,電気機器,494,494,484,484,-6,-1.22449,598900,OK
2025-06-17,6769,ザインエレクトロニクス,スタンダード（内国株式）,電気機器,919,933,908,914,-3,-0.327154,24500,OK
2025-06-17,6770,アルプスアルパイン,プライム（内国株式）,電気機器,1381,1413.5,1378,1410,37.5,2.73224,870000,OK
2025-06-17,6771,池上通信機,スタンダード（内国株式）,電気機器,608,613,601,613,7,1.155116,4600,OK
2025-06-17,6772,東京コスモス電機,スタンダード（内国株式）,電気機器,9150,9330,9000,9300,0,0,20100,OK
2025-06-17,6775,ＴＢグループ,スタンダード（内国株式）,電気機器,126,126,121,125,0,0,145000,OK
2025-06-17,6776,天昇電気工業,スタンダード（内国株式）,化学,267,270,264,269,2,0.749064,58300,OK
2025-06-17,6777,ｓａｎｔｅｃ　Ｈｏｌｄｉｎｇｓ,スタンダード（内国株式）,電気機器,5150,5460,5100,5400,320,6.299213,130700,OK
2025-06-17,6778,アルチザネットワークス,スタンダード（内国株式）,電気機器,673,688,666,676,4,0.595238,42200,OK
2025-06-17,6779,日本電波工業,プライム（内国株式）,電気機器,709,720,709,720,11,1.551481,79200,OK
2025-06-17,6785,鈴木,プライム（内国株式）,電気機器,1753,1780,1745,1779,28,1.599086,77700,OK
2025-06-17,6786,ＲＶＨ,スタンダード（内国株式）,サービス業,71,73,69,72,2,2.857143,444700,OK
2025-06-17,6787,メイコー,プライム（内国株式）,電気機器,6410,6630,6370,6520,210,3.328051,293500,OK
2025-06-17,6788,日本トリム,プライム（内国株式）,電気機器,3990,4155,3990,4140,145,3.629537,23000,OK
2025-06-17,6794,フォスター電機,プライム（内国株式）,電気機器,1430,1452,1429,1445,16,1.119664,120700,OK
2025-06-17,6797,名古屋電機工業,スタンダード（内国株式）,電気機器,1090,1093,1080,1088,-2,-0.183486,3500,OK
2025-06-17,6798,ＳＭＫ,プライム（内国株式）,電気機器,2152,2152,2130,2139,3,0.140449,7800,OK
2025-06-17,6800,ヨコオ,プライム（内国株式）,電気機器,1209,1291,1209,1291,84,6.959403,178500,OK
2025-06-17,6803,ティアック,スタンダード（内国株式）,電気機器,90,91,89,91,1,1.111111,362400,OK
2025-06-17,6804,ホシデン,プライム（内国株式）,電気機器,2155,2161,2145,2151,0,0,134200,OK
2025-06-17,6806,ヒロセ電機,プライム（内国株式）,電気機器,16660,16735,16640,16700,-50,-0.298507,39000,OK
2025-06-17,6807,日本航空電子工業,プライム（内国株式）,電気機器,2416,2429,2410,2424,17,0.706273,94800,OK
2025-06-17,6809,ＴＯＡ,プライム（内国株式）,電気機器,1007,1018,996,1018,12,1.192843,35700,OK
2025-06-17,6810,マクセル,プライム（内国株式）,電気機器,1771,1803,1771,1797,32,1.813031,103900,OK
2025-06-17,6814,古野電気,プライム（内国株式）,電気機器,3150,3180,3110,3170,50,1.602564,181200,OK
2025-06-17,6817,スミダコーポレーション,プライム（内国株式）,電気機器,979,988,978,988,15,1.541624,95000,OK
2025-06-17,6819,伊豆シャボテンリゾート,スタンダード（内国株式）,サービス業,472,475,471,472,1,0.212314,6100,OK
2025-06-17,6820,アイコム,プライム（内国株式）,電気機器,2832,2858,2820,2831,-17,-0.59691,6300,OK
2025-06-17,6822,大井電気,スタンダード（内国株式）,電気機器,2690,2730,2690,2700,5,0.185529,3800,OK
2025-06-17,6823,リオン,プライム（内国株式）,電気機器,2454,2479,2440,2479,14,0.567951,25200,OK
2025-06-17,6824,新コスモス電機,スタンダード（内国株式）,電気機器,2491,2491,2442,2442,-51,-2.045728,2500,OK
2025-06-17,6832,アオイ電子,スタンダード（内国株式）,電気機器,1825,1826,1815,1815,-6,-0.329489,4700,OK
2025-06-17,6834,精工技研,スタンダード（内国株式）,電気機器,5340,5520,5280,5430,90,1.685393,70700,OK
2025-06-17,6835,アライドテレシスホールディングス,スタンダード（内国株式）,電気機器,166,169,163,166,0,0,847600,OK
2025-06-17,6836,ぷらっとホーム,スタンダード（内国株式）,電気機器,1338,1499,1330,1407,83,6.268882,1217500,OK
2025-06-17,6837,京写,スタンダード（内国株式）,電気機器,379,379,368,370,1,0.271003,27100,OK
2025-06-17,6838,多摩川ホールディングス,スタンダード（内国株式）,電気機器,769,769,751,751,-19,-2.467532,39200,OK
2025-06-17,6840,ＡＫＩＢＡホールディングス,スタンダード（内国株式）,電気機器,243,256,241,255,11,4.508197,53400,OK
2025-06-17,6841,横河電機,プライム（内国株式）,電気機器,3672,3736,3671,3736,27,0.727959,688100,OK
2025-06-17,6844,新電元工業,プライム（内国株式）,電気機器,2063,2073,2042,2059,6,0.292255,25100,OK
2025-06-17,6845,アズビル,プライム（内国株式）,電気機器,1278.5,1285.5,1265,1271,-9,-0.703125,1482400,OK
2025-06-17,6848,東亜ディーケーケー,スタンダード（内国株式）,電気機器,795,799,782,782,-14,-1.758794,14400,OK
2025-06-17,6849,日本光電工業,プライム（内国株式）,電気機器,1700,1724.5,1697,1704.5,6,0.353253,360500,OK
2025-06-17,6850,チノー,プライム（内国株式）,電気機器,2329,2370,2323,2349,31,1.33736,14300,OK
2025-06-17,6853,共和電業,スタンダード（内国株式）,電気機器,528,533,526,530,5,0.952381,28600,OK
2025-06-17,6855,日本電子材料,スタンダード（内国株式）,電気機器,2160,2228,2147,2194,51,2.379841,261100,OK
2025-06-17,6856,堀場製作所,プライム（内国株式）,電気機器,10160,10275,10160,10275,205,2.03575,83700,OK
2025-06-17,6857,アドバンテスト,プライム（内国株式）,電気機器,9290,9727,9276,9550,227,2.434839,42568500,OK
2025-06-17,6858,小野測器,スタンダード（内国株式）,電気機器,605,605,593,599,0,0,12700,OK
2025-06-17,6859,エスペック,プライム（内国株式）,電気機器,2894,2948,2893,2930,58,2.019499,93800,OK
2025-06-17,6861,キーエンス,プライム（内国株式）,電気機器,57170,57580,56920,56990,-890,-1.537664,639400,OK
2025-06-17,6862,ミナトホールディングス,スタンダード（内国株式）,電気機器,777,809,777,787,6,0.768246,171000,OK
2025-06-17,6863,ニレコ,スタンダード（内国株式）,電気機器,1954,1992,1950,1963,15,0.770021,13900,OK
2025-06-17,6864,エヌエフホールディングス,スタンダード（内国株式）,電気機器,1427,1460,1411,1430,4,0.280505,54900,OK
2025-06-17,6866,日置電機,プライム（内国株式）,電気機器,5530,5660,5510,5660,130,2.350814,47000,OK
2025-06-17,6867,リーダー電子,スタンダード（内国株式）,電気機器,511,511,511,511,80,18.561485,16000,OK
2025-06-17,6869,シスメックス,プライム（内国株式）,電気機器,2460.5,2473.5,2446.5,2462,-16.5,-0.665725,1274800,OK
2025-06-17,6870,日本フェンオール,スタンダード（内国株式）,電気機器,1699,1700,1688,1700,2,0.117786,2100,OK
2025-06-17,6871,日本マイクロニクス,プライム（内国株式）,電気機器,4785,4870,4705,4725,150,3.278689,1910300,OK
2025-06-17,6874,協立電機,スタンダード（内国株式）,電気機器,4715,4740,4670,4720,0,0,7500,OK
2025-06-17,6875,メガチップス,プライム（内国株式）,電気機器,4830,4900,4815,4865,55,1.143451,69800,OK
2025-06-17,6877,ＯＢＡＲＡ　ＧＲＯＵＰ,スタンダード（内国株式）,電気機器,3445,3465,3400,3440,-5,-0.145138,17500,OK
2025-06-17,6879,ＩＭＡＧＩＣＡ　ＧＲＯＵＰ,プライム（内国株式）,情報･通信業,793,793,791,792,-1,-0.126103,386800,OK
2025-06-17,6882,三社電機製作所,スタンダード（内国株式）,電気機器,874,877,863,867,-7,-0.800915,49000,OK
2025-06-17,6888,アクモス,スタンダード（内国株式）,情報･通信業,592,597,585,597,8,1.358234,34000,OK
2025-06-17,6890,フェローテックホールディングス,スタンダード（内国株式）,電気機器,2738,2777,2718,2768,80,2.97619,461700,OK
2025-06-17,6894,パルステック工業,スタンダード（内国株式）,電気機器,1719,1719,1715,1715,0,0,200,OK
2025-06-17,6897,ツインバード,スタンダード（内国株式）,電気機器,445,448,432,432,-8,-1.818182,29000,OK
2025-06-17,6898,トミタ電機,スタンダード（内国株式）,電気機器,2948,2948,2948,2948,-50,-1.667779,200,OK
2025-06-17,6899,ＡＳＴＩ,スタンダード（内国株式）,電気機器,1779,1793,1779,1781,-6,-0.335758,6200,OK
2025-06-17,6901,澤藤電機,スタンダード（内国株式）,電気機器,908,911,901,911,2,0.220022,2800,OK
2025-06-17,6902,デンソー,プライム（内国株式）,輸送用機器,1895,1922,1894.5,1922,24,1.264489,3771700,OK
2025-06-17,6904,原田工業,スタンダード（内国株式）,電気機器,440,441,438,439,0,0,5500,OK
2025-06-17,6905,コーセル,プライム（内国株式）,電気機器,1120,1139,1111,1136,15,1.338091,124700,OK
2025-06-17,6907,ジオマテック,スタンダード（内国株式）,電気機器,955,962,940,946,-9,-0.942408,12200,OK
2025-06-17,6908,イリソ電子工業,プライム（内国株式）,電気機器,2561,2582,2557,2571,14,0.547517,72900,OK
2025-06-17,6912,菊水ホールディングス,スタンダード（内国株式）,電気機器,1388,1388,1375,1377,-2,-0.145033,2700,OK
2025-06-17,6914,オプテックスグループ,プライム（内国株式）,電気機器,1559,1569,1557,1562,9,0.579524,69900,OK
2025-06-17,6915,千代田インテグレ,スタンダード（内国株式）,電気機器,2687,2734,2671,2714,6,0.221566,9600,OK
2025-06-17,6918,アバールデータ,スタンダード（内国株式）,電気機器,2026,2199,2026,2168,166,8.291708,52700,OK
2025-06-17,6919,ケル,スタンダード（内国株式）,電気機器,1318,1318,1309,1314,6,0.458716,9000,OK
2025-06-17,6920,レーザーテック,プライム（内国株式）,電気機器,15200,15490,15195,15415,595,4.014845,5364900,OK
2025-06-17,6923,スタンレー電気,プライム（内国株式）,電気機器,2826,2865.5,2815.5,2863.5,51,1.813333,621400,OK
2025-06-17,6925,ウシオ電機,プライム（内国株式）,電気機器,1728.5,1729.5,1715.5,1728,10.5,0.611354,162400,OK
2025-06-17,6926,岡谷電機産業,スタンダード（内国株式）,電気機器,204,206,204,205,1,0.490196,6900,OK
2025-06-17,6927,ヘリオス　テクノ　ホールディング,スタンダード（内国株式）,電気機器,914,936,903,919,20,2.224694,501300,OK
2025-06-17,6928,エノモト,プライム（内国株式）,電気機器,1385,1385,1349,1349,-6,-0.442804,18100,OK
2025-06-17,6929,日本セラミック,プライム（内国株式）,電気機器,2840,2856,2831,2843,13,0.459364,58200,OK
2025-06-17,6930,日本アンテナ,スタンダード（内国株式）,電気機器,766,766,757,766,3,0.393185,1300,OK
2025-06-17,6932,遠藤照明,スタンダード（内国株式）,電気機器,2124,2148,2117,2148,26,1.225259,22600,OK
2025-06-17,6937,古河電池,プライム（内国株式）,電気機器,1382,1384,1382,1383,1,0.072359,14300,OK
2025-06-17,6941,山一電機,プライム（内国株式）,電気機器,2499,2591,2491,2589,101,4.059486,174900,OK
2025-06-17,6942,ソフィアホールディングス,スタンダード（内国株式）,情報･通信業,1075,1079,1074,1079,4,0.372093,2100,OK
2025-06-17,6943,ＮＫＫスイッチズ,スタンダード（内国株式）,電気機器,,,,,,,,NO_QUOTE
2025-06-17,6946,日本アビオニクス,スタンダード（内国株式）,電気機器,4065,4220,3990,4220,140,3.431373,276300,OK
2025-06-17,6947,図研,プライム（内国株式）,電気機器,5520,5620,5500,5560,40,0.724638,49100,OK
2025-06-17,6951,日本電子,プライム（内国株式）,電気機器,4255,4324,4223,4303,95,2.257605,205700,OK
2025-06-17,6952,カシオ計算機,プライム（内国株式）,電気機器,1077,1084.5,1073,1081,5.5,0.51139,551200,OK
2025-06-17,6954,ファナック,プライム（内国株式）,電気機器,3861,3895,3840,3843,-7,-0.181818,2301100,OK
2025-06-17,6955,ＦＤＫ,スタンダード（内国株式）,電気機器,357,360,355,355,-3,-0.837989,15600,OK
2025-06-17,6957,芝浦電子,スタンダード（内国株式）,電気機器,5950,6030,5950,6020,100,1.689189,177100,OK
2025-06-17,6958,日本シイエムケイ,プライム（内国株式）,電気機器,323,325,321,323,4,1.253918,477400,OK
2025-06-17,6960,フクダ電子,スタンダード（内国株式）,電気機器,6850,6900,6760,6780,-70,-1.021898,12900,OK
2025-06-17,6961,エンプラス,プライム（内国株式）,電気機器,3705,4075,3705,4075,375,10.135135,176200,OK
2025-06-17,6962,大真空,プライム（内国株式）,電気機器,540,543,536,539,4,0.747664,153600,OK
2025-06-17,6963,ローム,プライム（内国株式）,電気機器,1680,1687.5,1641.5,1652,2,0.121212,3068200,OK
2025-06-17,6964,サンコー,スタンダード（内国株式）,電気機器,562,563,562,563,1,0.177936,1800,OK
2025-06-17,6965,浜松ホトニクス,プライム（内国株式）,電気機器,1624,1625.5,1585.5,1589,-15.5,-0.966033,1143200,OK
2025-06-17,6966,三井ハイテック,プライム（内国株式）,電気機器,674,682,666,669,-7,-1.035503,2092000,OK
2025-06-17,6969,松尾電機,スタンダード（内国株式）,電気機器,824,824,795,808,-11,-1.343101,29400,OK
2025-06-17,6971,京セラ,プライム（内国株式）,電気機器,1709.5,1711.5,1696,1706,-1,-0.058582,1819600,OK
2025-06-17,6973,協栄産業,スタンダード（内国株式）,卸売業,3945,3945,3940,3940,-5,-0.126743,50600,OK
2025-06-17,6976,太陽誘電,プライム（内国株式）,電気機器,2357.5,2367.5,2333.5,2356.5,23.5,1.007287,1127400,OK
2025-06-17,6977,日本抵抗器製作所,スタンダード（内国株式）,電気機器,852,861,852,852,-5,-0.583431,800,OK
2025-06-17,6981,村田製作所,プライム（内国株式）,電気機器,2104.5,2123.5,2091,2107.5,23.5,1.127639,5588300,OK
2025-06-17,6982,リード,スタンダード（内国株式）,輸送用機器,575,586,571,586,16,2.807018,24900,OK
2025-06-17,6986,双葉電子工業,プライム（内国株式）,電気機器,737,748,715,715,-21,-2.853261,507700,OK
2025-06-17,6988,日東電工,プライム（内国株式）,化学,2582.5,2623.5,2572,2623.5,26.5,1.020408,2048800,OK
2025-06-17,6989,北陸電気工業,スタンダード（内国株式）,電気機器,2279,2322,2279,2309,19,0.829694,14600,OK
2025-06-17,6993,大黒屋ホールディングス,スタンダード（内国株式）,小売業,23,26,23,25,2,8.695652,65182100,OK
2025-06-17,6994,指月電機製作所,スタンダード（内国株式）,電気機器,419,423,417,417,-3,-0.714286,19300,OK
2025-06-17,6995,東海理化電機製作所,プライム（内国株式）,輸送用機器,2158,2167,2151,2167,12,0.556845,94600,OK
2025-06-17,6996,ニチコン,プライム（内国株式）,電気機器,1147,1160,1139,1154,13,1.139351,103600,OK
2025-06-17,6997,日本ケミコン,プライム（内国株式）,電気機器,1130,1137,1105,1117,9,0.812274,121400,OK
2025-06-17,6998,日本タングステン,スタンダード（内国株式）,電気機器,1250,1250,1230,1237,1,0.080906,8800,OK
2025-06-17,6999,ＫＯＡ,プライム（内国株式）,電気機器,810,814,809,814,4,0.493827,97400,OK
2025-06-17,7003,三井Ｅ＆Ｓ,プライム（内国株式）,機械,2498,2508,2421,2428,-65,-2.6073,5946000,OK
2025-06-17,7004,カナデビア,プライム（内国株式）,機械,958,967,954,957,-1,-0.104384,466800,OK
2025-06-17,7011,三菱重工業,プライム（内国株式）,機械,3595,3608,3546,3569,-13,-0.362926,36088200,OK
2025-06-17,7012,川崎重工業,プライム（内国株式）,輸送用機器,10720,10810,10620,10790,120,1.124649,5469000,OK
2025-06-17,7013,ＩＨＩ,プライム（内国株式）,機械,15940,16125,15665,16050,195,1.229896,6128300,OK
2025-06-17,7014,名村造船所,スタンダード（内国株式）,輸送用機器,2770,2776,2653,2660,-79,-2.884264,6215100,OK
2025-06-17,7018,内海造船,スタンダード（内国株式）,輸送用機器,5560,5690,5390,5620,60,1.079137,54100,OK
2025-06-17,7021,ニッチツ,スタンダード（内国株式）,機械,1805,1835,1805,1815,8,0.442723,600,OK
2025-06-17,7022,サノヤスホールディングス,スタンダード（内国株式）,機械,279,285,277,285,6,2.150538,178300,OK
2025-06-17,7030,スプリックス,スタンダード（内国株式）,サービス業,1086,1089,1050,1089,-1,-0.091743,71100,OK
2025-06-17,7031,インバウンドテック,グロース（内国株式）,サービス業,856,856,849,853,-4,-0.466744,3300,OK
2025-06-17,7033,マネジメントソリューションズ,プライム（内国株式）,サービス業,1831,1881,1823,1827,3,0.164474,269800,OK
2025-06-17,7034,プロレド・パートナーズ,プライム（内国株式）,サービス業,639,656,600,646,77,13.532513,547300,OK
2025-06-17,7035,ａｎｄ　ｆａｃｔｏｒｙ,スタンダード（内国株式）,サービス業,248,250,248,249,0,0,1000,OK
2025-06-17,7036,イーエムネットジャパン,グロース（内国株式）,サービス業,925,944,925,944,23,2.497286,2100,OK
2025-06-17,7037,テノ．ホールディングス,スタンダード（内国株式）,サービス業,500,507,499,502,5,1.006036,2600,OK
2025-06-17,7038,フロンティア・マネジメント,プライム（内国株式）,サービス業,738,740,731,733,-3,-0.407609,20200,OK
2025-06-17,7039,ブリッジインターナショナル,グロース（内国株式）,サービス業,1869,1883,1858,1870,1,0.053505,1600,OK
2025-06-17,7040,サン・ライフホールディング,スタンダード（内国株式）,サービス業,914,914,902,906,-8,-0.875274,3900,OK
2025-06-17,7041,ＣＲＧホールディングス,グロース（内国株式）,サービス業,317,318,315,316,1,0.31746,6600,OK
2025-06-17,7042,アクセスグループ・ホールディングス,スタンダード（内国株式）,サービス業,518,519,515,516,4,0.78125,1300,OK
2025-06-17,7043,アルー,グロース（内国株式）,サービス業,777,777,767,776,2,0.258398,2900,OK
2025-06-17,7044,ピアラ,スタンダード（内国株式）,サービス業,620,650,620,649,25,4.00641,124800,OK
2025-06-17,7046,ＴＤＳＥ,グロース（内国株式）,サービス業,1550,1576,1500,1506,-45,-2.901354,7700,OK
2025-06-17,7047,ポート,グロース（内国株式）,サービス業,1845,1928,1833,1928,91,4.953729,319800,OK
2025-06-17,7048,ベルトラ,グロース（内国株式）,サービス業,286,292,286,290,5,1.754386,67600,OK
2025-06-17,7049,識学,グロース（内国株式）,サービス業,890,891,874,879,-3,-0.340136,12300,OK
2025-06-17,7050,フロンティアインターナショナル,グロース（内国株式）,サービス業,2148,2164,2113,2144,41,1.949596,54500,OK
2025-06-17,7056,マルク,TOKYO PRO MARKET（内国株式）,サービス業,,,,,,,,NO_QUOTE
2025-06-17,7057,エヌ・シー・エヌ,スタンダード（内国株式）,サービス業,956,980,956,977,21,2.196653,4800,OK
2025-06-17,7058,共栄セキュリティーサービス,スタンダード（内国株式）,サービス業,2459,2470,2448,2455,-3,-0.12205,1200,OK
2025-06-17,7059,コプロ・ホールディングス,プライム（内国株式）,サービス業,2101,2145,2093,2133,40,1.911132,84000,OK
2025-06-17,7060,ギークス,スタンダード（内国株式）,サービス業,476,480,473,473,-7,-1.458333,3100,OK
2025-06-17,7061,日本ホスピスホールディングス,グロース（内国株式）,サービス業,1230,1253,1229,1241,1,0.080645,31200,OK
2025-06-17,7062,フレアス,グロース（内国株式）,サービス業,749,755,749,755,8,1.07095,1900,OK
2025-06-17,7063,Ｂｉｒｄｍａｎ,グロース（内国株式）,サービス業,316,322,308,313,-11,-3.395062,240600,OK
2025-06-17,7064,ハウテレビジョン,グロース（内国株式）,サービス業,2300,2363,2300,2327,126,5.724671,3000,OK
2025-06-17,7065,ユーピーアール,スタンダード（内国株式）,サービス業,752,766,752,759,7,0.930851,7900,OK
2025-06-17,7066,ピアズ,グロース（内国株式）,サービス業,640,649,638,646,10,1.572327,30600,OK
2025-06-17,7067,ブランディングテクノロジー,グロース（内国株式）,サービス業,943,953,924,953,5,0.527426,2500,OK
2025-06-17,7068,フィードフォースグループ,グロース（内国株式）,サービス業,540,556,536,551,11,2.037037,34100,OK
2025-06-17,7069,サイバー・バズ,グロース（内国株式）,サービス業,730,733,718,718,-19,-2.578019,3000,OK
2025-06-17,7071,アンビスホールディングス,プライム（内国株式）,サービス業,480,481,473,479,-4,-0.828157,613800,OK
2025-06-17,7072,インティメート・マージャー,グロース（内国株式）,サービス業,835,844,835,835,1,0.119904,2000,OK
2025-06-17,7073,ジェイック,グロース（内国株式）,サービス業,2210,2226,2202,2209,8,0.363471,3400,OK
2025-06-17,7074,トゥエンティーフォーセブンホールディングス,グロース（内国株式）,サービス業,286,295,282,291,4,1.393728,50500,OK
2025-06-17,7075,ＱＬＳホールディングス,グロース（内国株式）,サービス業,697,700,693,696,0,0,6000,OK
2025-06-17,7077,ＡＬｉＮＫインターネット,グロース（内国株式）,サービス業,1070,1080,1070,1080,10,0.934579,500,OK
2025-06-17,7078,ＩＮＣＬＵＳＩＶＥ,グロース（内国株式）,サービス業,503,510,502,504,2,0.398406,18800,OK
2025-06-17,7079,ＷＤＢココ,グロース（内国株式）,サービス業,3030,3030,2994,2997,-23,-0.761589,1600,OK
2025-06-17,7080,スポーツフィールド,グロース（内国株式）,サービス業,709,709,703,709,0,0,4000,OK
2025-06-17,7081,コーユーレンティア,スタンダード（内国株式）,サービス業,1095,1100,1086,1092,-11,-0.99728,1300,OK
2025-06-17,7082,ジモティー,グロース（内国株式）,サービス業,2385,2418,2267,2267,-99,-4.184277,71600,OK
2025-06-17,7083,ＡＨＣグループ,グロース（内国株式）,サービス業,993,993,980,992,-1,-0.100705,700,OK
2025-06-17,7084,Ｓｍｉｌｅ　Ｈｏｌｄｉｎｇｓ,グロース（内国株式）,サービス業,1739,1740,1732,1732,-1,-0.057703,2700,OK
2025-06-17,7085,カーブスホールディングス,プライム（内国株式）,サービス業,679,682,675,680,3,0.443131,100700,OK
2025-06-17,7087,ウイルテック,スタンダード（内国株式）,サービス業,875,875,871,875,2,0.229095,1900,OK
2025-06-17,7088,フォーラムエンジニアリング,プライム（内国株式）,サービス業,1133,1151,1130,1151,4,0.348736,52400,OK
2025-06-17,7089,フォースタートアップス,グロース（内国株式）,サービス業,1370,1375,1344,1373,8,0.586081,11400,OK
2025-06-17,7090,リグア,グロース（内国株式）,サービス業,1001,1006,1001,1006,5,0.4995,600,OK
2025-06-17,7091,リビングプラットフォーム,グロース（内国株式）,サービス業,865,878,864,871,2,0.23015,20100,OK
2025-06-17,7092,Ｆａｓｔ　Ｆｉｔｎｅｓｓ　Ｊａｐａｎ,プライム（内国株式）,サービス業,1525,1531,1512,1522,-8,-0.522876,11800,OK
2025-06-17,7093,アディッシュ,グロース（内国株式）,サービス業,598,630,591,595,-3,-0.501672,65100,OK
2025-06-17,7094,ＮｅｘＴｏｎｅ,グロース（内国株式）,サービス業,2365,2423,2239,2258,43,1.941309,445400,OK
2025-06-17,7095,Ｍａｃｂｅｅ　Ｐｌａｎｅｔ,プライム（内国株式）,サービス業,2851,2851,2793,2805,-43,-1.509831,346200,OK
2025-06-17,7096,ステムセル研究所,グロース（内国株式）,サービス業,1096,1099,1067,1078,8,0.747664,23300,OK
2025-06-17,7097,さくらさくプラス,グロース（内国株式）,サービス業,2334,2361,2334,2351,18,0.771539,10700,OK
2025-06-17,7098,エージェント,TOKYO PRO MARKET（内国株式）,サービス業,,,,,,,,NO_QUOTE
2025-06-17,7102,日本車輌製造,プライム（内国株式）,輸送用機器,2037,2049,2025,2045,7,0.343474,6200,OK
2025-06-17,7105,三菱ロジスネクスト,スタンダード（内国株式）,輸送用機器,2040,2044,2011,2030,-14,-0.684932,210500,OK
2025-06-17,7110,クラシコム,グロース（内国株式）,小売業,1629,1629,1580,1584,-45,-2.762431,22400,OK
2025-06-17,7111,ＩＮＥＳＴ,スタンダード（内国株式）,卸売業,43,44,41,43,0,0,787200,OK
2025-06-17,7112,キューブ,グロース（内国株式）,小売業,422,450,422,432,5,1.17096,7900,OK
2025-06-17,7114,フーディソン,グロース（内国株式）,卸売業,889,892,881,881,-11,-1.233184,19600,OK
2025-06-17,7115,アルファパーチェス,スタンダード（内国株式）,卸売業,2699,2732,2640,2720,21,0.778066,24000,OK
2025-06-17,7116,ダイワ通信,スタンダード（内国株式）,卸売業,810,814,804,809,-6,-0.736196,700,OK
2025-06-17,7117,ミモナ,TOKYO PRO MARKET（内国株式）,小売業,,,,,,,,NO_QUOTE
2025-06-17,7119,ハルメクホールディングス,グロース（内国株式）,小売業,1082,1085,1072,1081,0,0,15800,OK
2025-06-17,7120,ＳＨＩＮＫＯ,スタンダード（内国株式）,卸売業,2202,2230,2202,2230,30,1.363636,3500,OK
2025-06-17,7122,近畿車輛,スタンダード（内国株式）,輸送用機器,2124,2124,1961,2036,-88,-4.143126,58100,OK
2025-06-17,7126,グローバルスタイル,スタンダード（内国株式）,小売業,1674,1674,1645,1646,-31,-1.848539,7500,OK
2025-06-17,7127,一家ホールディングス,スタンダード（内国株式）,小売業,660,662,658,658,0,0,2700,OK
2025-06-17,7128,フルサト・マルカホールディングス,プライム（内国株式）,卸売業,2259,2279,2259,2263,-6,-0.264434,11300,OK
2025-06-17,7129,ミアヘルサホールディングス,スタンダード（内国株式）,小売業,1090,1090,1088,1090,0,0,700,OK
2025-06-17,7130,ヤマエグループホールディングス,プライム（内国株式）,卸売業,2297,2300,2270,2281,1,0.04386,34400,OK
2025-06-17,7131,のむら産業,スタンダード（内国株式）,卸売業,2461,2550,2450,2486,55,2.262443,17200,OK
2025-06-17,7132,フローバル,TOKYO PRO MARKET（内国株式）,卸売業,,,,,,,,NO_QUOTE
2025-06-17,7133,ＨＹＵＧＡ　ＰＲＩＭＡＲＹ　ＣＡＲＥ,グロース（内国株式）,小売業,1450,1470,1441,1453,2,0.137836,25700,OK
2025-06-17,7134,アップガレージグループ,スタンダード（内国株式）,小売業,1137,1191,1137,1181,45,3.961268,23300,OK
2025-06-17,7135,ジャパンクラフトホールディングス,スタンダード（内国株式）,小売業,223,223,215,219,-3,-1.351351,71200,OK
2025-06-17,7136,ウェルビングループ,TOKYO PRO MARKET（内国株式）,小売業,,,,,,,,NO_QUOTE
2025-06-17,7137,グラントマト,TOKYO PRO MARKET（内国株式）,小売業,,,,,,,,NO_QUOTE
2025-06-17,7138,ＴＯＲＩＣＯ,グロース（内国株式）,小売業,631,694,618,621,-10,-1.584786,89600,OK
2025-06-17,7139,東京高圧山崎,TOKYO PRO MARKET（内国株式）,卸売業,,,,,,,,NO_QUOTE
2025-06-17,7140,ペットゴー,グロース（内国株式）,小売業,732,735,730,731,-1,-0.136612,3000,OK
2025-06-17,7148,ＦＰＧ,プライム（内国株式）,証券･商品先物取引業,2332,2359,2330,2353,22,0.943801,222700,OK
2025-06-17,7150,島根銀行,スタンダード（内国株式）,銀行業,454,455,452,452,-2,-0.440529,6500,OK
2025-06-17,7157,ライフネット生命保険,グロース（内国株式）,保険業,2263,2322,2247,2312,49,2.165267,238200,OK
2025-06-17,7161,じもとホールディングス,スタンダード（内国株式）,銀行業,324,325,318,320,-2,-0.621118,16800,OK
2025-06-17,7162,アストマックス,スタンダード（内国株式）,証券･商品先物取引業,241,249,240,248,7,2.904564,62500,OK
2025-06-17,7163,住信ＳＢＩネット銀行,スタンダード（内国株式）,銀行業,4880,4885,4880,4885,5,0.102459,367300,OK
2025-06-17,7164,全国保証,プライム（内国株式）,その他金融業,3183,3189,3159,3163,-16,-0.503303,224400,OK
2025-06-17,7167,めぶきフィナンシャルグループ,プライム（内国株式）,銀行業,740.4,746.5,735.4,741.5,2,0.270453,2071700,OK
2025-06-17,7170,中央インターナショナルグループ,TOKYO PRO MARKET（内国株式）,保険業,,,,,,,,NO_QUOTE
2025-06-17,7172,ジャパンインベストメントアドバイザー,プライム（内国株式）,証券･商品先物取引業,1737,1745,1721,1742,21,1.220221,132000,OK
2025-06-17,7173,東京きらぼしフィナンシャルグループ,プライム（内国株式）,銀行業,5830,5850,5800,5830,10,0.171821,45500,OK
2025-06-17,7175,今村証券,スタンダード（内国株式）,証券･商品先物取引業,1022,1022,1022,1022,2,0.196078,500,OK
2025-06-17,7176,シンプレクス・ファイナンシャル・ホールディングス,TOKYO PRO MARKET（内国株式）,証券･商品先物取引業,,,,,,,,NO_QUOTE
2025-06-17,7177,ＧＭＯフィナンシャルホールディングス,スタンダード（内国株式）,証券･商品先物取引業,791,792,785,785,-1,-0.127226,103000,OK
2025-06-17,7180,九州フィナンシャルグループ,プライム（内国株式）,銀行業,717,721.5,715.2,718.3,-6.4,-0.883124,889000,OK
2025-06-17,7181,かんぽ生命保険,プライム（内国株式）,保険業,3270,3294,3252,3285,22,0.674226,620100,OK
2025-06-17,7182,ゆうちょ銀行,プライム（内国株式）,銀行業,1522,1525.5,1515,1522,-2,-0.131234,3207700,OK
2025-06-17,7183,あんしん保証,スタンダード（内国株式）,その他金融業,166,167,165,167,1,0.60241,25800,OK
2025-06-17,7184,富山第一銀行,プライム（内国株式）,銀行業,999,1002,989,990,-9,-0.900901,106800,OK
2025-06-17,7185,ヒロセ通商,スタンダード（内国株式）,証券･商品先物取引業,4335,4360,4330,4360,25,0.576701,5100,OK
2025-06-17,7186,コンコルディア・フィナンシャルグループ,プライム（内国株式）,銀行業,929.8,947,929,939.8,2.1,0.223952,2169500,OK
2025-06-17,7187,ジェイリース,プライム（内国株式）,その他金融業,1317,1320,1300,1309,-7,-0.531915,33300,OK
2025-06-17,7189,西日本フィナンシャルホールディングス,プライム（内国株式）,銀行業,2143,2148,2115,2136,-7,-0.326645,260900,OK
2025-06-17,7191,イントラスト,スタンダード（内国株式）,その他金融業,880,896,873,896,18,2.050114,33700,OK
2025-06-17,7192,日本モーゲージサービス,スタンダード（内国株式）,その他金融業,421,421,420,421,0,0,5400,OK
2025-06-17,7196,Ｃａｓａ,スタンダード（内国株式）,その他金融業,849,850,844,849,1,0.117925,27400,OK
2025-06-17,7198,ＳＢＩアルヒ,プライム（内国株式）,その他金融業,799,800,794,794,-2,-0.251256,40100,OK
2025-06-17,7199,プレミアグループ,プライム（内国株式）,その他金融業,2065,2125,2061,2116,61,2.96837,194100,OK
2025-06-17,7201,日産自動車,プライム（内国株式）,輸送用機器,358.7,361.1,353.1,354.3,-4.2,-1.171548,14472000,OK
2025-06-17,7202,いすゞ自動車,プライム（内国株式）,輸送用機器,1800.5,1815,1798,1807,3.5,0.194067,9041200,OK
2025-06-17,7203,トヨタ自動車,プライム（内国株式）,輸送用機器,2535,2551,2530.5,2538,-16.5,-0.645919,18263000,OK
2025-06-17,7205,日野自動車,プライム（内国株式）,輸送用機器,376.4,384.4,368.2,370.2,-14.2,-3.694069,11076000,OK
2025-06-17,7208,カネミツ,スタンダード（内国株式）,輸送用機器,818,828,818,823,5,0.611247,1200,OK
2025-06-17,7211,三菱自動車工業,プライム（内国株式）,輸送用機器,407,407.7,402.4,407.2,-0.4,-0.098135,4992000,OK
2025-06-17,7212,エフテック,スタンダード（内国株式）,輸送用機器,661,678,661,672,14,2.12766,35000,OK
2025-06-17,7213,レシップホールディングス,スタンダード（内国株式）,輸送用機器,442,443,439,440,-1,-0.226757,16100,OK
2025-06-17,7214,ＧＭＢ,スタンダード（内国株式）,輸送用機器,808,818,808,813,6,0.743494,6600,OK
2025-06-17,7215,ファルテック,スタンダード（内国株式）,輸送用機器,356,358,353,353,-4,-1.120448,5100,OK
2025-06-17,7217,テイン,スタンダード（内国株式）,輸送用機器,778,778,772,773,-5,-0.642674,1000,OK
2025-06-17,7218,田中精密工業,スタンダード（内国株式）,輸送用機器,999,999,990,996,-3,-0.3003,1500,OK
2025-06-17,7219,エッチ・ケー・エス,スタンダード（内国株式）,輸送用機器,2000,2005,2000,2000,1,0.050025,1300,OK
2025-06-17,7220,武蔵精密工業,プライム（内国株式）,輸送用機器,2637,2707,2632,2690,20,0.749064,485800,OK
2025-06-17,7222,日産車体,スタンダード（内国株式）,輸送用機器,1092,1110,1089,1102,13,1.193756,71900,OK
2025-06-17,7224,新明和工業,プライム（内国株式）,輸送用機器,1485,1508,1470,1496,11,0.740741,287900,OK
2025-06-17,7226,極東開発工業,プライム（内国株式）,輸送用機器,2675,2690,2648,2687,18,0.67441,119000,OK
2025-06-17,7228,デイトナ,スタンダード（内国株式）,輸送用機器,3705,3710,3705,3710,5,0.134953,700,OK
2025-06-17,7229,ユタカ技研,スタンダード（内国株式）,輸送用機器,2635,2710,2630,2651,16,0.607211,27900,OK
2025-06-17,7231,トピー工業,プライム（内国株式）,輸送用機器,2200,2212,2195,2200,-8,-0.362319,28700,OK
2025-06-17,7235,東京ラヂエーター製造,スタンダード（内国株式）,輸送用機器,880,884,876,879,-1,-0.113636,7600,OK
2025-06-17,7236,ティラド,プライム（内国株式）,輸送用機器,4565,4635,4565,4590,-10,-0.217391,6300,OK
2025-06-17,7238,曙ブレーキ工業,プライム（内国株式）,輸送用機器,102,102,100,100,-2,-1.960784,441900,OK
2025-06-17,7239,タチエス,プライム（内国株式）,輸送用機器,1719,1728,1714,1718,-1,-0.058173,70400,OK
2025-06-17,7240,ＮＯＫ,プライム（内国株式）,輸送用機器,2018.5,2046,2014,2039.5,2,0.09816,415500,OK
2025-06-17,7241,フタバ産業,プライム（内国株式）,輸送用機器,705,715,703,713,8,1.134752,276700,OK
2025-06-17,7242,カヤバ,プライム（内国株式）,輸送用機器,2960,2970,2950,2957,-4,-0.135089,79700,OK
2025-06-17,7244,市光工業,プライム（内国株式）,電気機器,355,356,350,355,1,0.282486,127300,OK
2025-06-17,7245,大同メタル工業,プライム（内国株式）,輸送用機器,649,654,635,636,-9,-1.395349,190800,OK
2025-06-17,7246,プレス工業,プライム（内国株式）,輸送用機器,536,540,534,539,3,0.559701,222200,OK
2025-06-17,7247,ミクニ,スタンダード（内国株式）,輸送用機器,286,288,285,287,-1,-0.347222,57100,OK
2025-06-17,7250,太平洋工業,プライム（内国株式）,輸送用機器,1315,1318,1305,1312,4,0.30581,78400,OK
2025-06-17,7254,ユニバンス,スタンダード（内国株式）,輸送用機器,412,424,410,421,12,2.933985,335400,OK
2025-06-17,7255,桜井製作所,スタンダード（内国株式）,輸送用機器,571,581,571,581,11,1.929825,700,OK
2025-06-17,7256,河西工業,スタンダード（内国株式）,輸送用機器,91,93,91,93,2,2.197802,204600,OK
2025-06-17,7259,アイシン,プライム（内国株式）,輸送用機器,1779,1805,1773,1798.5,19.5,1.096121,1539500,OK
2025-06-17,7261,マツダ,プライム（内国株式）,輸送用機器,851,859.7,845.7,858.8,8.1,0.952157,5479500,OK
2025-06-17,7264,ムロコーポレーション,スタンダード（内国株式）,輸送用機器,1141,1150,1140,1150,10,0.877193,400,OK
2025-06-17,7265,エイケン工業,スタンダード（内国株式）,輸送用機器,3655,3675,3640,3640,15,0.413793,1500,OK
2025-06-17,7266,今仙電機製作所,スタンダード（内国株式）,輸送用機器,670,700,670,699,27,4.017857,32200,OK
2025-06-17,7267,本田技研工業,プライム（内国株式）,輸送用機器,1435.5,1442.5,1424.5,1434.5,0,0,14979600,OK
2025-06-17,7269,スズキ,プライム（内国株式）,輸送用機器,1699.5,1712.5,1690.5,1709.5,7.5,0.440658,4531000,OK
2025-06-17,7270,ＳＵＢＡＲＵ,プライム（内国株式）,輸送用機器,2509,2529.5,2505.5,2510,11,0.440176,2597500,OK
2025-06-17,7271,安永,スタンダード（内国株式）,輸送用機器,520,520,512,519,5,0.972763,2600,OK
2025-06-17,7272,ヤマハ発動機,プライム（内国株式）,輸送用機器,1087,1090.5,1083.5,1090,5.5,0.507146,2917800,OK
2025-06-17,7273,イクヨ,スタンダード（内国株式）,輸送用機器,500,504,488,498,-2,-0.4,171000,OK
2025-06-17,7276,小糸製作所,プライム（内国株式）,電気機器,1750.5,1761.5,1746,1750,-0.5,-0.028563,727000,OK
2025-06-17,7277,ＴＢＫ,スタンダード（内国株式）,輸送用機器,287,287,284,286,0,0,18500,OK
2025-06-17,7278,エクセディ,プライム（内国株式）,輸送用機器,4080,4105,4075,4105,20,0.489596,65200,OK
2025-06-17,7279,ハイレックスコーポレーション,スタンダード（内国株式）,輸送用機器,1896,1986,1892,1948,46,2.418507,57300,OK
2025-06-17,7280,ミツバ,プライム（内国株式）,電気機器,785,795,785,791,11,1.410256,68900,OK
2025-06-17,7282,豊田合成,プライム（内国株式）,輸送用機器,2661,2682.5,2657,2682.5,21.5,0.807967,153700,OK
2025-06-17,7283,愛三工業,プライム（内国株式）,輸送用機器,1683,1697,1682,1694,0,0,110300,OK
2025-06-17,7284,盟和産業,スタンダード（内国株式）,輸送用機器,1100,1108,1051,1052,-48,-4.363636,11100,OK
2025-06-17,7287,日本精機,スタンダード（内国株式）,輸送用機器,1353,1366,1345,1362,1,0.073475,62700,OK
2025-06-17,7291,日本プラスト,スタンダード（内国株式）,輸送用機器,355,355,351,353,0,0,23900,OK
2025-06-17,7292,村上開明堂,スタンダード（内国株式）,輸送用機器,5780,5920,5780,5890,140,2.434783,4300,OK
2025-06-17,7294,ヨロズ,プライム（内国株式）,輸送用機器,882,896,875,890,13,1.482326,58700,OK
2025-06-17,7296,エフ・シー・シー,プライム（内国株式）,輸送用機器,2706,2726,2697,2719,12,0.443295,98800,OK
2025-06-17,7297,カーメイト,スタンダード（内国株式）,輸送用機器,843,844,843,843,-1,-0.118483,1100,OK
2025-06-17,7299,フジオーゼックス,スタンダード（内国株式）,輸送用機器,1350,1372,1341,1346,-8,-0.590842,2200,OK
2025-06-17,7305,新家工業,スタンダード（内国株式）,鉄鋼,4555,4555,4510,4530,-10,-0.220264,19100,OK
2025-06-17,7309,シマノ,プライム（内国株式）,輸送用機器,20500,20555,20380,20380,-10,-0.049044,165800,OK
2025-06-17,7313,テイ・エス　テック,プライム（内国株式）,輸送用機器,1677.5,1693,1677.5,1690,12.5,0.745156,250100,OK
2025-06-17,7314,小田原機器,スタンダード（内国株式）,輸送用機器,1010,1015,1009,1009,-1,-0.09901,1600,OK
2025-06-17,7317,松屋アールアンドディ,グロース（内国株式）,輸送用機器,695,697,683,697,0,0,16000,OK
2025-06-17,7318,セレンディップ・ホールディングス,グロース（内国株式）,輸送用機器,2695,2862,2681,2845,132,4.865463,49000,OK
2025-06-17,7320,Ｓｏｌｖｖｙ,グロース（内国株式）,その他金融業,3520,3520,3420,3480,10,0.288184,12600,OK
2025-06-17,7322,三十三フィナンシャルグループ,プライム（内国株式）,銀行業,2851,2885,2832,2885,51,1.799577,44200,OK
2025-06-17,7325,アイリックコーポレーション,グロース（内国株式）,保険業,787,820,764,805,87,12.116992,126100,OK
2025-06-17,7326,ＳＢＩインシュアランスグループ,グロース（内国株式）,保険業,1263,1263,1231,1233,-22,-1.752988,29300,OK
2025-06-17,7327,第四北越フィナンシャルグループ,プライム（内国株式）,銀行業,3290,3325,3280,3310,5,0.151286,100200,OK
2025-06-17,7337,ひろぎんホールディングス,プライム（内国株式）,銀行業,1232,1232,1224,1230,-1.5,-0.121803,271100,OK
2025-06-17,7343,ブロードマインド,グロース（内国株式）,保険業,1134,1146,1122,1122,-12,-1.058201,7800,OK
2025-06-17,7345,アイ・パートナーズフィナンシャル,グロース（内国株式）,その他金融業,555,555,555,555,-8,-1.420959,200,OK
2025-06-17,7347,マーキュリアホールディングス,プライム（内国株式）,証券･商品先物取引業,756,760,748,758,3,0.397351,44100,OK
2025-06-17,7350,おきなわフィナンシャルグループ,プライム（内国株式）,銀行業,2928,2940,2906,2912,-16,-0.546448,37800,OK
2025-06-17,7351,グッドパッチ,グロース（内国株式）,サービス業,710,725,710,725,23,3.276353,37900,OK
2025-06-17,7352,ＴＷＯＳＴＯＮＥ＆Ｓｏｎｓ,グロース（内国株式）,サービス業,1000,1045,1000,1033,23,2.277228,189700,OK
2025-06-17,7353,ＫＩＹＯラーニング,グロース（内国株式）,サービス業,721,721,690,708,1,0.141443,20100,OK
2025-06-17,7354,ダイレクトマーケティングミックス,プライム（内国株式）,サービス業,247,248,242,242,-3,-1.22449,99300,OK
2025-06-17,7355,一寸房,TOKYO PRO MARKET（内国株式）,サービス業,,,,,,,,NO_QUOTE
2025-06-17,7356,Ｒｅｔｔｙ,グロース（内国株式）,サービス業,161,161,157,158,-1,-0.628931,51000,OK
2025-06-17,7357,ジオコード,スタンダード（内国株式）,サービス業,648,650,643,648,1,0.15456,1500,OK
2025-06-17,7358,ポピンズ,スタンダード（内国株式）,サービス業,1277,1295,1277,1278,-5,-0.389712,3600,OK
2025-06-17,7359,東京通信グループ,グロース（内国株式）,サービス業,388,410,388,403,18,4.675325,422200,OK
2025-06-17,7360,オンデック,グロース（内国株式）,サービス業,868,868,866,866,1,0.115607,1900,OK
2025-06-17,7361,ヒューマンクリエイションホールディングス,グロース（内国株式）,サービス業,1167,1170,1161,1170,7,0.601892,1900,OK
2025-06-17,7362,Ｔ．Ｓ．Ｉ,グロース（内国株式）,サービス業,769,770,769,770,3,0.391134,600,OK
2025-06-17,7363,ベビーカレンダー,グロース（内国株式）,サービス業,1450,1484,1450,1474,25,1.725328,1500,OK
2025-06-17,7364,琉球アスティーダスポーツクラブ,TOKYO PRO MARKET（内国株式）,サービス業,,,,,,,,NO_QUOTE
2025-06-17,7366,ＬＩＴＡＬＩＣＯ,プライム（内国株式）,サービス業,1250,1255,1238,1240,-10,-0.8,92000,OK
2025-06-17,7367,セルム,スタンダード（内国株式）,サービス業,350,360,350,350,-1,-0.2849,31400,OK
2025-06-17,7368,表示灯,スタンダード（内国株式）,サービス業,1613,1615,1600,1615,7,0.435323,5600,OK
2025-06-17,7369,メイホーホールディングス,グロース（内国株式）,サービス業,738,758,736,754,20,2.724796,25800,OK
2025-06-17,7370,Ｅｎｊｉｎ,グロース（内国株式）,サービス業,791,813,791,804,10,1.259446,12800,OK
2025-06-17,7371,Ｚｅｎｋｅｎ,グロース（内国株式）,サービス業,620,630,620,622,3,0.484653,4800,OK
2025-06-17,7372,デコルテ・ホールディングス,グロース（内国株式）,サービス業,318,319,318,318,2,0.632911,2800,OK
2025-06-17,7373,アイドマ・ホールディングス,グロース（内国株式）,サービス業,2044,2044,1990,2012,-45,-2.187652,32300,OK
2025-06-17,7374,コンフィデンス・インターワークス,グロース（内国株式）,サービス業,1567,1579,1562,1579,15,0.959079,3600,OK
2025-06-17,7375,リファインバースグループ,グロース（内国株式）,サービス業,800,805,797,797,-8,-0.993789,400,OK
2025-06-17,7376,ＢＣＣ,グロース（内国株式）,サービス業,1710,1710,1670,1670,-80,-4.571429,400,OK
2025-06-17,7377,ＤＮホールディングス,スタンダード（内国株式）,サービス業,2361,2361,2249,2302,-72,-3.032856,14900,OK
2025-06-17,7378,アシロ,グロース（内国株式）,サービス業,2216,2226,2025,2045,-171,-7.716606,532800,OK
2025-06-17,7379,サーキュレーション,グロース（内国株式）,サービス業,745,745,692,700,-46,-6.16622,28600,OK
2025-06-17,7380,十六フィナンシャルグループ,プライム（内国株式）,銀行業,4800,4815,4770,4805,-10,-0.207684,47200,OK
2025-06-17,7381,北國フィナンシャルホールディングス,プライム（内国株式）,銀行業,4845,4845,4775,4795,-5,-0.104167,38700,OK
2025-06-17,7383,ネットプロテクションズホールディングス,プライム（内国株式）,その他金融業,576,579,566,569,3,0.530035,716900,OK
2025-06-17,7384,プロクレアホールディングス,プライム（内国株式）,銀行業,1441,1446,1432,1441,1,0.069444,71700,OK
2025-06-17,7388,ＦＰパートナー,プライム（内国株式）,保険業,2205,2214,2186,2197,-1,-0.045496,111600,OK
2025-06-17,7389,あいちフィナンシャルグループ,プライム（内国株式）,銀行業,2496,2530,2495,2518,13,0.518962,107400,OK
2025-06-17,7399,ナンシン,スタンダード（内国株式）,輸送用機器,554,554,554,554,-1,-0.18018,500,OK
2025-06-17,7408,ジャムコ,プライム（内国株式）,輸送用機器,1792,1793,1792,1792,0,0,33400,OK
2025-06-17,7409,ＡｅｒｏＥｄｇｅ,グロース（内国株式）,輸送用機器,3000,3100,2964,2980,-45,-1.487603,18200,OK
2025-06-17,7412,アトム,スタンダード（内国株式）,小売業,649,653,649,651,-1,-0.153374,98000,OK
2025-06-17,7413,創健社,スタンダード（内国株式）,卸売業,,,,,,,,NO_QUOTE
2025-06-17,7414,小野建,プライム（内国株式）,卸売業,1410,1418,1407,1408,-2,-0.141844,25000,OK
2025-06-17,7416,はるやまホールディングス,スタンダード（内国株式）,小売業,697,699,697,699,2,0.286944,2600,OK
2025-06-17,7417,南陽,スタンダード（内国株式）,卸売業,1173,1175,1165,1168,-4,-0.341297,6500,OK
2025-06-17,7419,ノジマ,プライム（内国株式）,小売業,2996,3015,2963,2975,-45,-1.490066,207800,OK
2025-06-17,7420,佐鳥電機,プライム（内国株式）,卸売業,1566,1583,1566,1575,6,0.382409,37600,OK
2025-06-17,7421,カッパ・クリエイト,プライム（内国株式）,小売業,1495,1500,1487,1492,4,0.268817,37500,OK
2025-06-17,7422,東邦レマック,スタンダード（内国株式）,卸売業,427,435,427,435,4,0.928074,12200,OK
2025-06-17,7425,初穂商事,スタンダード（内国株式）,卸売業,1972,1999,1972,1999,33,1.678535,400,OK
2025-06-17,7426,山大,スタンダード（内国株式）,卸売業,1109,1109,1092,1098,-5,-0.453309,3700,OK
2025-06-17,7427,エコートレーディング,スタンダード（内国株式）,卸売業,905,905,893,893,-4,-0.445931,3400,OK
2025-06-17,7433,伯東,プライム（内国株式）,卸売業,3600,3645,3590,3640,40,1.111111,52100,OK
2025-06-17,7434,オータケ,スタンダード（内国株式）,卸売業,1704,1708,1704,1705,1,0.058685,400,OK
2025-06-17,7435,ナ・デックス,スタンダード（内国株式）,卸売業,951,970,951,960,9,0.946372,10500,OK
2025-06-17,7438,コンドーテック,プライム（内国株式）,卸売業,1466,1525,1461,1520,50,3.401361,49200,OK
2025-06-17,7442,中山福,スタンダード（内国株式）,卸売業,409,409,406,407,-2,-0.488998,12100,OK
2025-06-17,7443,横浜魚類,スタンダード（内国株式）,卸売業,586,588,586,587,-3,-0.508475,3100,OK
2025-06-17,7444,ハリマ共和物産,スタンダード（内国株式）,卸売業,1881,1882,1873,1876,-5,-0.265816,2100,OK
2025-06-17,7445,ライトオン,スタンダード（内国株式）,小売業,297,306,295,306,13,4.43686,77100,OK
2025-06-17,7446,東北化学薬品,スタンダード（内国株式）,卸売業,3880,3880,3880,3880,15,0.388098,100,OK
2025-06-17,7447,ナガイレーベン,プライム（内国株式）,卸売業,1880,1912,1875,1900,27,1.441538,32600,OK
2025-06-17,7450,サンデー,スタンダード（内国株式）,小売業,1060,1060,1058,1058,-2,-0.188679,400,OK
2025-06-17,7451,三菱食品,スタンダード（内国株式）,卸売業,6330,6340,6320,6320,-10,-0.157978,43000,OK
2025-06-17,7453,良品計画,プライム（内国株式）,小売業,6451,6490,6371,6407,-88,-1.354888,4779700,OK
2025-06-17,7455,パリミキホールディングス,スタンダード（内国株式）,小売業,282,288,281,287,6,2.135231,43100,OK
2025-06-17,7456,松田産業,プライム（内国株式）,卸売業,3370,3370,3325,3370,20,0.597015,44200,OK
2025-06-17,7458,第一興商,プライム（内国株式）,卸売業,1620,1660,1617,1650,37,2.293862,381600,OK
2025-06-17,7459,メディパルホールディングス,プライム（内国株式）,卸売業,2345.5,2377.5,2344.5,2357,-20.5,-0.86225,318000,OK
2025-06-17,7460,ヤギ,スタンダード（内国株式）,卸売業,2328,2384,2310,2384,85,3.69726,16300,OK
2025-06-17,7461,キムラ,スタンダード（内国株式）,卸売業,455,458,455,456,0,0,1000,OK
2025-06-17,7462,ＣＡＰＩＴＡ,スタンダード（内国株式）,小売業,421,425,415,422,1,0.23753,35700,OK
2025-06-17,7463,アドヴァングループ,スタンダード（内国株式）,小売業,807,808,800,801,-5,-0.620347,37600,OK
2025-06-17,7464,セフテック,スタンダード（内国株式）,卸売業,1600,1600,1600,1600,-5,-0.311526,1200,OK
2025-06-17,7466,ＳＰＫ,プライム（内国株式）,卸売業,2157,2178,2140,2162,0,0,10600,OK
2025-06-17,7467,萩原電気ホールディングス,プライム（内国株式）,卸売業,3270,3300,3265,3295,15,0.457317,15000,OK
2025-06-17,7472,鳥羽洋行,スタンダード（内国株式）,卸売業,3600,3600,3595,3595,-30,-0.827586,400,OK
2025-06-17,7475,アルビス,プライム（内国株式）,小売業,2988,2998,2955,2982,-6,-0.200803,5400,OK
2025-06-17,7476,アズワン,プライム（内国株式）,卸売業,2420,2439,2416,2431.5,5.5,0.226711,132900,OK
2025-06-17,7477,ムラキ,スタンダード（内国株式）,卸売業,1323,1348,1323,1348,16,1.201201,1300,OK
2025-06-17,7480,スズデン,スタンダード（内国株式）,卸売業,1733,1735,1726,1734,2,0.115473,9600,OK
2025-06-17,7481,尾家産業,スタンダード（内国株式）,卸売業,2070,2084,2064,2068,4,0.193798,3500,OK
2025-06-17,7482,シモジマ,プライム（内国株式）,卸売業,1208,1216,1208,1214,9,0.746888,25500,OK
2025-06-17,7483,ドウシシャ,プライム（内国株式）,卸売業,2395,2399,2376,2385,3,0.125945,46900,OK
2025-06-17,7486,サンリン,スタンダード（内国株式）,卸売業,691,691,689,689,-2,-0.289436,1100,OK
2025-06-17,7487,小津産業,スタンダード（内国株式）,卸売業,1635,1640,1630,1631,-2,-0.122474,8300,OK
2025-06-17,7490,日新商事,スタンダード（内国株式）,卸売業,1025,1035,1007,1014,-7,-0.685602,4500,OK
2025-06-17,7494,コナカ,スタンダード（内国株式）,小売業,241,245,240,245,4,1.659751,30800,OK
2025-06-17,7500,西川計測,スタンダード（内国株式）,卸売業,11750,11750,11750,11750,250,2.173913,200,OK
2025-06-17,7501,ティムコ,スタンダード（内国株式）,卸売業,902,910,897,897,-35,-3.755365,5700,OK
2025-06-17,7502,プラザホールディングス,スタンダード（内国株式）,サービス業,1775,1775,1775,1775,2,0.112803,200,OK
2025-06-17,7504,高速,プライム（内国株式）,卸売業,2699,2720,2692,2720,8,0.294985,38000,OK
2025-06-17,7505,扶桑電通,スタンダード（内国株式）,卸売業,2128,2128,2078,2105,-21,-0.98777,2300,OK
2025-06-17,7506,ハウス　オブ　ローゼ,スタンダード（内国株式）,小売業,1372,1372,1366,1366,1,0.07326,1500,OK
2025-06-17,7508,Ｇ‐７ホールディングス,プライム（内国株式）,小売業,1348,1374,1348,1362,26,1.946108,35200,OK
2025-06-17,7509,アイエーグループ,スタンダード（内国株式）,小売業,,,,,,,,NO_QUOTE
2025-06-17,7510,たけびし,プライム（内国株式）,卸売業,1815,1815,1798,1798,-11,-0.608071,5500,OK
2025-06-17,7512,イオン北海道,スタンダード（内国株式）,小売業,899,901,885,891,-13,-1.438053,95900,OK
2025-06-17,7513,コジマ,プライム（内国株式）,小売業,1095,1103,1086,1100,5,0.456621,89400,OK
2025-06-17,7514,ヒマラヤ,スタンダード（内国株式）,小売業,850,851,849,850,3,0.354191,2100,OK
2025-06-17,7515,マルヨシセンター,スタンダード（内国株式）,小売業,,,,,,,,NO_QUOTE
2025-06-17,7516,コーナン商事,プライム（内国株式）,小売業,3700,3720,3700,3705,5,0.135135,28700,OK
2025-06-17,7520,エコス,プライム（内国株式）,小売業,2452,2472,2432,2456,4,0.163132,8400,OK
2025-06-17,7521,ムサシ,スタンダード（内国株式）,卸売業,1711,1715,1689,1715,17,1.001178,46600,OK
2025-06-17,7522,ワタミ,プライム（内国株式）,小売業,1014,1043,1014,1038,21,2.064897,80000,OK
2025-06-17,7523,アールビバン,スタンダード（内国株式）,小売業,1038,1049,1037,1047,9,0.867052,9100,OK
2025-06-17,7524,マルシェ,スタンダード（内国株式）,小売業,201,201,198,198,-2,-1,34900,OK
2025-06-17,7525,リックス,プライム（内国株式）,卸売業,2997,3015,2991,3000,-10,-0.332226,7700,OK
2025-06-17,7527,システムソフト,スタンダード（内国株式）,情報･通信業,70,72,69,70,0,0,1322800,OK
2025-06-17,7531,清和中央ホールディングス,スタンダード（内国株式）,卸売業,1650,1791,1650,1733,82,4.966687,700,OK
2025-06-17,7532,パン・パシフィック・インターナショナルホールディングス,プライム（内国株式）,小売業,4664,4693,4635,4675,10,0.214362,848600,OK
2025-06-17,7537,丸文,プライム（内国株式）,卸売業,1000,1009,999,1005,8,0.802407,29500,OK
2025-06-17,7538,大水,スタンダード（内国株式）,卸売業,318,320,317,319,0,0,3900,OK
2025-06-17,7539,アイナボホールディングス,スタンダード（内国株式）,卸売業,704,704,698,698,0,0,3900,OK
2025-06-17,7544,スリーエフ,スタンダード（内国株式）,小売業,467,467,466,467,0,0,700,OK
2025-06-17,7545,西松屋チェーン,プライム（内国株式）,小売業,2064,2074,2060,2060,-8,-0.386847,100800,OK
2025-06-17,7550,ゼンショーホールディングス,プライム（内国株式）,小売業,7890,7963,7831,7892,12,0.152284,314500,OK
2025-06-17,7551,ウェッズ,スタンダード（内国株式）,輸送用機器,608,610,608,609,1,0.164474,3600,OK
2025-06-17,7552,ハピネット,プライム（内国株式）,卸売業,5150,5500,5140,5470,280,5.39499,173500,OK
2025-06-17,7554,幸楽苑,プライム（内国株式）,小売業,1041,1042,1035,1035,-7,-0.671785,24700,OK
2025-06-17,7555,大田花き,スタンダード（内国株式）,卸売業,739,743,737,743,8,1.088435,900,OK
2025-06-17,7561,ハークスレイ,スタンダード（内国株式）,小売業,620,644,620,629,9,1.451613,68700,OK
2025-06-17,7562,安楽亭,スタンダード（内国株式）,小売業,7230,7230,7200,7210,-10,-0.138504,1200,OK
2025-06-17,7564,ワークマン,スタンダード（内国株式）,小売業,6000,6030,5900,5950,-50,-0.833333,144300,OK
2025-06-17,7565,萬世電機,スタンダード（内国株式）,卸売業,,,,,,,,NO_QUOTE
2025-06-17,7567,栄電子,スタンダード（内国株式）,卸売業,452,453,452,453,1,0.221239,600,OK
2025-06-17,7570,橋本総業ホールディングス,スタンダード（内国株式）,卸売業,1296,1300,1259,1262,-46,-3.51682,14500,OK
2025-06-17,7571,ヤマノホールディングス,スタンダード（内国株式）,小売業,92,94,90,93,1,1.086957,701900,OK
2025-06-17,7575,日本ライフライン,プライム（内国株式）,卸売業,1476,1497,1476,1491,12,0.811359,165000,OK
2025-06-17,7578,ニチリョク,スタンダード（内国株式）,小売業,123,124,121,124,2,1.639344,44800,OK
2025-06-17,7581,サイゼリヤ,プライム（内国株式）,小売業,5090,5100,5020,5090,-30,-0.585938,260800,OK
2025-06-17,7585,かんなん丸,スタンダード（内国株式）,小売業,440,440,428,429,-18,-4.026846,44300,OK
2025-06-17,7590,タカショー,スタンダード（内国株式）,卸売業,412,414,408,414,2,0.485437,25700,OK
2025-06-17,7593,ＶＴホールディングス,プライム（内国株式）,小売業,469,472,468,470,1,0.21322,145000,OK
2025-06-17,7595,アルゴグラフィックス,プライム（内国株式）,情報･通信業,5190,5300,5140,5180,-10,-0.192678,49300,OK
2025-06-17,7596,魚力,プライム（内国株式）,小売業,2440,2440,2413,2415,-26,-1.065137,5000,OK
2025-06-17,7599,ＩＤＯＭ,プライム（内国株式）,卸売業,1056,1063,1052,1053,3,0.285714,183400,OK
2025-06-17,7600,日本エム・ディ・エム,プライム（内国株式）,精密機器,553,555,550,550,-3,-0.542495,16000,OK
2025-06-17,7601,ポプラ,スタンダード（内国株式）,小売業,188,191,188,189,0,0,15800,OK
2025-06-17,7602,レダックス,スタンダード（内国株式）,卸売業,131,133,131,132,1,0.763359,12700,OK
2025-06-17,7603,マックハウス,スタンダード（内国株式）,小売業,533,535,420,535,320,148.837209,5208300,OK
2025-06-17,7604,梅の花グループ,スタンダード（内国株式）,小売業,828,830,826,829,1,0.120773,9600,OK
2025-06-17,7605,フジ・コーポレーション,プライム（内国株式）,小売業,2821,2824,2821,2822,1,0.035448,300300,OK
2025-06-17,7606,ユナイテッドアローズ,プライム（内国株式）,小売業,2014,2041,2013,2033,19,0.943396,90400,OK
2025-06-17,7607,進和,プライム（内国株式）,卸売業,2975,2975,2945,2955,-24,-0.805639,9400,OK
2025-06-17,7608,エスケイジャパン,スタンダード（内国株式）,卸売業,981,1003,981,1002,14,1.417004,19300,OK
2025-06-17,7609,ダイトロン,プライム（内国株式）,卸売業,3760,3850,3735,3840,85,2.263648,32700,OK
2025-06-17,7610,テイツー,スタンダード（内国株式）,小売業,138,143,137,143,6,4.379562,844000,OK
2025-06-17,7611,ハイデイ日高,プライム（内国株式）,小売業,3165,3190,3155,3175,5,0.157729,62500,OK
2025-06-17,7613,シークス,プライム（内国株式）,卸売業,1126,1135,1124,1135,7,0.620567,107300,OK
2025-06-17,7614,オーエムツーネットワーク,スタンダード（内国株式）,小売業,1501,1501,1494,1494,-7,-0.466356,3600,OK
2025-06-17,7615,京都きもの友禅ホールディングス,スタンダード（内国株式）,小売業,92,94,90,92,1,1.098901,821300,OK
2025-06-17,7616,コロワイド,プライム（内国株式）,小売業,1856,1879.5,1856,1870.5,21.5,1.162791,277700,OK
2025-06-17,7619,田中商事,スタンダード（内国株式）,卸売業,667,680,667,680,10,1.492537,22000,OK
2025-06-17,7621,うかい,スタンダード（内国株式）,小売業,3520,3550,3520,3530,15,0.426743,700,OK
2025-06-17,7623,サンオータス,スタンダード（内国株式）,小売業,835,844,834,834,-1,-0.11976,5700,OK
2025-06-17,7624,ＮａＩＴＯ,スタンダード（内国株式）,卸売業,130,130,129,130,0,0,38700,OK
2025-06-17,7625,グローバルダイニング,スタンダード（内国株式）,小売業,356,356,352,353,-2,-0.56338,2400,OK
2025-06-17,7628,オーハシテクニカ,プライム（内国株式）,卸売業,2069,2069,2019,2033,-36,-1.739971,12000,OK
2025-06-17,7630,壱番屋,プライム（内国株式）,小売業,896,899,894,895,0,0,234800,OK
2025-06-17,7634,星医療酸器,スタンダード（内国株式）,卸売業,4550,4600,4550,4560,10,0.21978,1300,OK
2025-06-17,7635,杉田エース,スタンダード（内国株式）,卸売業,1180,1182,1180,1181,1,0.084746,400,OK
2025-06-17,7636,ハンズマン,スタンダード（内国株式）,小売業,832,835,832,833,4,0.482509,3100,OK
2025-06-17,7637,白銅,プライム（内国株式）,卸売業,2246,2249,2229,2232,-14,-0.62333,4400,OK
2025-06-17,7638,ＮＥＷ　ＡＲＴ　ＨＯＬＤＩＮＧＳ,スタンダード（内国株式）,小売業,1428,1444,1428,1439,11,0.770308,19400,OK
2025-06-17,7640,トップカルチャー,スタンダード（内国株式）,小売業,147,150,147,150,5,3.448276,21600,OK
2025-06-17,7643,ダイイチ,スタンダード（内国株式）,小売業,1460,1460,1450,1454,-6,-0.410959,800,OK
2025-06-17,7646,ＰＬＡＮＴ,スタンダード（内国株式）,小売業,1475,1500,1475,1498,7,0.469484,2300,OK
2025-06-17,7649,スギホールディングス,プライム（内国株式）,小売業,3143,3190,3141,3186,28,0.886637,326200,OK
2025-06-17,7670,オーウエル,スタンダード（内国株式）,卸売業,896,896,890,892,-2,-0.223714,1100,OK
2025-06-17,7673,ダイコー通産,スタンダード（内国株式）,卸売業,1464,1488,1456,1471,18,1.238816,13800,OK
2025-06-17,7674,ＮＡＴＴＹ　ＳＷＡＮＫＹホールディングス,グロース（内国株式）,小売業,3260,3260,3250,3250,-10,-0.306748,2500,OK
2025-06-17,7677,ヤシマキザイ,スタンダード（内国株式）,卸売業,2550,2550,2550,2550,-50,-1.923077,700,OK
2025-06-17,7678,あさくま,スタンダード（内国株式）,小売業,4360,4360,4330,4350,-10,-0.229358,3400,OK
2025-06-17,7679,薬王堂ホールディングス,プライム（内国株式）,小売業,2258,2278,2250,2275,25,1.111111,34200,OK
2025-06-17,7680,軽自動車館,TOKYO PRO MARKET（内国株式）,小売業,,,,,,,,NO_QUOTE
2025-06-17,7681,レオクラン,スタンダード（内国株式）,卸売業,,,,,,,,NO_QUOTE
2025-06-17,7682,浜木綿,スタンダード（内国株式）,小売業,4300,4305,4295,4305,10,0.232829,800,OK
2025-06-17,7683,ダブルエー,プライム（内国株式）,小売業,1380,1388,1361,1379,11,0.804094,35100,OK
2025-06-17,7685,ＢｕｙＳｅｌｌ　Ｔｅｃｈｎｏｌｏｇｉｅｓ,グロース（内国株式）,卸売業,2911,2932,2786,2792,-69,-2.411744,345500,OK
2025-06-17,7686,カクヤスグループ,スタンダード（内国株式）,小売業,509,510,506,508,0,0,8700,OK
2025-06-17,7687,ミクリード,グロース（内国株式）,卸売業,447,450,447,449,2,0.447427,8300,OK
2025-06-17,7689,コパ・コーポレーション,グロース（内国株式）,卸売業,500,510,500,507,5,0.996016,1100,OK
2025-06-17,7690,カレント自動車,TOKYO PRO MARKET（内国株式）,卸売業,,,,,,,,NO_QUOTE
2025-06-17,7691,Ｃ　Ｃｈａｎｎｅｌ,TOKYO PRO MARKET（内国株式）,小売業,,,,,,,,NO_QUOTE
2025-06-17,7692,アースインフィニティ,スタンダード（内国株式）,電気･ガス業,144,146,136,140,-4,-2.777778,4514900,OK
2025-06-17,7693,北海道歯科産業,TOKYO PRO MARKET（内国株式）,卸売業,,,,,,,,NO_QUOTE
2025-06-17,7694,いつも,グロース（内国株式）,小売業,526,552,525,547,21,3.992395,59900,OK
2025-06-17,7695,交換できるくん,グロース（内国株式）,小売業,2270,2295,2260,2281,11,0.484581,16900,OK
2025-06-17,7698,アイスコ,スタンダード（内国株式）,卸売業,1850,1850,1830,1845,6,0.326264,15800,OK
2025-06-17,7701,島津製作所,プライム（内国株式）,精密機器,3616,3662,3592,3634,49,1.366806,827300,OK
2025-06-17,7702,ＪＭＳ,スタンダード（内国株式）,精密機器,428,428,426,426,-4,-0.930233,9600,OK
2025-06-17,7707,プレシジョン・システム・サイエンス,グロース（内国株式）,精密機器,207,207,203,203,-2,-0.97561,44100,OK
2025-06-17,7709,クボテック,スタンダード（内国株式）,精密機器,322,335,319,323,-7,-2.121212,176300,OK
2025-06-17,7711,助川電気工業,スタンダード（内国株式）,精密機器,2185,2260,2140,2155,27,1.268797,156300,OK
2025-06-17,7713,シグマ光機,スタンダード（内国株式）,精密機器,1361,1365,1354,1355,3,0.221893,3800,OK
2025-06-17,7715,長野計器,プライム（内国株式）,精密機器,1952,1968,1943,1966,31,1.602067,58000,OK
2025-06-17,7716,ナカニシ,スタンダード（内国株式）,精密機器,1900,1912,1898,1900,-1,-0.052604,103500,OK
2025-06-17,7717,ブイ・テクノロジー,プライム（内国株式）,精密機器,3130,3155,3095,3125,25,0.806452,59900,OK
2025-06-17,7718,スター精密,プライム（内国株式）,機械,1669,1678,1666,1672,3,0.179748,84000,OK
2025-06-17,7719,東京衡機,スタンダード（内国株式）,精密機器,248,253,244,246,-5,-1.992032,122100,OK
2025-06-17,7721,東京計器,プライム（内国株式）,精密機器,4485,4500,4385,4460,-10,-0.223714,417700,OK
2025-06-17,7722,国際計測器,スタンダード（内国株式）,精密機器,579,579,573,573,-2,-0.347826,5300,OK
2025-06-17,7723,愛知時計電機,プライム（内国株式）,精密機器,2190,2190,2156,2156,-34,-1.552511,22600,OK
2025-06-17,7725,インターアクション,プライム（内国株式）,精密機器,1143,1154,1136,1147,4,0.349956,53300,OK
2025-06-17,7726,黒田精工,スタンダード（内国株式）,機械,911,913,908,913,6,0.661521,5200,OK
2025-06-17,7727,オーバル,スタンダード（内国株式）,精密機器,473,479,473,473,-2,-0.421053,36000,OK
2025-06-17,7729,東京精密,プライム（内国株式）,精密機器,8233,8850,8233,8831,608,7.393895,569100,OK
2025-06-17,7730,マニー,プライム（内国株式）,精密機器,1195,1201,1187.5,1192.5,11,0.93102,246400,OK
2025-06-17,7731,ニコン,プライム（内国株式）,精密機器,1434,1445.5,1430.5,1441.5,14.5,1.016118,799400,OK
2025-06-17,7732,トプコン,プライム（内国株式）,精密機器,3267,3269,3263,3264,-1,-0.030628,329000,OK
2025-06-17,7733,オリンパス,プライム（内国株式）,精密機器,1900,1914.5,1894,1902.5,-6.5,-0.340492,2120700,OK
2025-06-17,7734,理研計器,プライム（内国株式）,精密機器,3035,3090,3010,3055,25,0.825083,54800,OK
2025-06-17,7735,ＳＣＲＥＥＮホールディングス,プライム（内国株式）,電気機器,10565,10935,10555,10850,460,4.427334,1372600,OK
2025-06-17,7739,キヤノン電子,プライム（内国株式）,電気機器,2582,2598,2575,2598,23,0.893204,46600,OK
2025-06-17,7740,タムロン,プライム（内国株式）,精密機器,3410,3450,3385,3430,10,0.292398,182000,OK
2025-06-17,7741,ＨＯＹＡ,プライム（内国株式）,精密機器,16505,16680,16420,16570,90,0.546117,796900,OK
2025-06-17,7743,シード,プライム（内国株式）,精密機器,448,449,445,447,1,0.224215,44000,OK
2025-06-17,7744,ノーリツ鋼機,プライム（内国株式）,精密機器,4415,4475,4415,4450,30,0.678733,61000,OK
2025-06-17,7745,Ａ＆Ｄホロンホールディングス,プライム（内国株式）,精密機器,1925,1969,1913,1947,47,2.473684,115400,OK
2025-06-17,7746,岡本硝子,スタンダード（内国株式）,精密機器,158,160,154,156,0,0,394000,OK
2025-06-17,7747,朝日インテック,プライム（内国株式）,精密機器,2265,2278,2253.5,2259,-32.5,-1.418285,981100,OK
2025-06-17,7749,メディキット,スタンダード（内国株式）,精密機器,2493,2510,2490,2496,-4,-0.16,2200,OK
2025-06-17,7751,キヤノン,プライム（内国株式）,電気機器,4207,4249,4204,4249,23,0.54425,2123000,OK
2025-06-17,7752,リコー,プライム（内国株式）,電気機器,1288.5,1314.5,1285.5,1310.5,34.5,2.703762,1923700,OK
2025-06-17,7760,ＩＭＶ,スタンダード（内国株式）,精密機器,1783,1799,1730,1757,38,2.210588,123100,OK
2025-06-17,7762,シチズン時計,プライム（内国株式）,精密機器,854,861,848,860,11,1.295642,1384800,OK
2025-06-17,7769,リズム,プライム（内国株式）,精密機器,3480,3495,3470,3470,-5,-0.143885,1300,OK
2025-06-17,7771,日本精密,スタンダード（内国株式）,精密機器,86,90,85,90,5,5.882353,522200,OK
2025-06-17,7774,ジャパン・ティッシュエンジニアリング,グロース（内国株式）,精密機器,618,629,610,621,10,1.636661,83600,OK
2025-06-17,7775,大研医器,スタンダード（内国株式）,精密機器,444,444,442,442,0,0,9800,OK
2025-06-17,7776,セルシード,グロース（内国株式）,精密機器,515,518,508,513,-2,-0.38835,601800,OK
2025-06-17,7777,スリー・ディー・マトリックス,グロース（内国株式）,精密機器,256,277,241,261,5,1.953125,18357100,OK
2025-06-17,7779,ＣＹＢＥＲＤＹＮＥ,グロース（内国株式）,精密機器,176,177,172,173,-2,-1.142857,643900,OK
2025-06-17,7780,メニコン,プライム（内国株式）,精密機器,1011,1024,1011,1015,9,0.894632,420100,OK
2025-06-17,7781,平山ホールディングス,スタンダード（内国株式）,精密機器,1068,1078,1068,1078,18,1.698113,11400,OK
2025-06-17,7782,シンシア,スタンダード（内国株式）,精密機器,549,582,544,582,34,6.20438,32700,OK
2025-06-17,7791,ドリームベッド,スタンダード（内国株式）,その他製品,789,789,777,779,5,0.645995,2200,OK
2025-06-17,7792,コラントッテ,グロース（内国株式）,その他製品,1380,1387,1367,1385,34,2.516654,16400,OK
2025-06-17,7793,イメージ・マジック,グロース（内国株式）,その他製品,1280,1280,1276,1276,14,1.10935,1000,OK
2025-06-17,7794,イーディーピー,グロース（内国株式）,その他製品,600,611,595,604,7,1.172529,58100,OK
2025-06-17,7795,ＫＹＯＲＩＴＳＵ,スタンダード（内国株式）,その他製品,173,175,172,173,1,0.581395,165300,OK
2025-06-17,7800,アミファ,スタンダード（内国株式）,その他製品,627,633,627,629,6,0.963082,1600,OK
2025-06-17,7803,ブシロード,グロース（内国株式）,その他製品,756,778,751,768,22,2.949062,754600,OK
2025-06-17,7804,ビーアンドピー,スタンダード（内国株式）,その他製品,2306,2320,2280,2311,11,0.478261,5900,OK
2025-06-17,7805,プリントネット,スタンダード（内国株式）,その他製品,688,688,685,688,0,0,1300,OK
2025-06-17,7806,ＭＴＧ,グロース（内国株式）,その他製品,3795,3815,3760,3810,50,1.329787,58800,OK
2025-06-17,7807,幸和製作所,スタンダード（内国株式）,その他製品,772,779,772,776,4,0.518135,1700,OK
2025-06-17,7808,シー・エス・ランバー,スタンダード（内国株式）,その他製品,2730,2744,2730,2744,14,0.512821,400,OK
2025-06-17,7809,壽屋,スタンダード（内国株式）,その他製品,1591,1592,1570,1591,38,2.446877,16200,OK
2025-06-17,7810,クロスフォー,スタンダード（内国株式）,その他製品,177,177,176,176,0,0,10900,OK
2025-06-17,7811,中本パックス,スタンダード（内国株式）,その他製品,1740,1747,1735,1740,2,0.115075,4200,OK
2025-06-17,7812,クレステック,スタンダード（内国株式）,その他製品,1660,1668,1658,1658,-2,-0.120482,1300,OK
2025-06-17,7813,プラッツ,スタンダード（内国株式）,その他製品,728,732,727,730,2,0.274725,1300,OK
2025-06-17,7814,日本創発グループ,スタンダード（内国株式）,その他製品,519,525,517,517,-2,-0.385356,5200,OK
2025-06-17,7815,東京ボード工業,スタンダード（内国株式）,その他製品,590,590,583,583,-12,-2.016807,500,OK
2025-06-17,7817,パラマウントベッドホールディングス,プライム（内国株式）,その他製品,2553,2566,2545,2556,-6,-0.234192,110600,OK
2025-06-17,7818,トランザクション,プライム（内国株式）,その他製品,2518,2518,2411,2428,-102,-4.031621,71500,OK
2025-06-17,7819,粧美堂,スタンダード（内国株式）,その他製品,660,670,658,670,10,1.515152,10000,OK
2025-06-17,7820,ニホンフラッシュ,プライム（内国株式）,その他製品,840,840,829,833,-9,-1.068884,10800,OK
2025-06-17,7821,前田工繊,プライム（内国株式）,その他製品,1946,1957,1920,1931,-24,-1.227621,236300,OK
2025-06-17,7822,永大産業,スタンダード（内国株式）,その他製品,224,224,219,221,2,0.913242,30000,OK
2025-06-17,7823,アートネイチャー,スタンダード（内国株式）,その他製品,731,748,731,746,17,2.331962,56700,OK
2025-06-17,7826,フルヤ金属,プライム（内国株式）,その他製品,2499,2509,2490,2495,11,0.442834,139300,OK
2025-06-17,7827,オービス,スタンダード（内国株式）,その他製品,1425,1426,1416,1416,-8,-0.561798,3900,OK
2025-06-17,7831,ウイルコホールディングス,スタンダード（内国株式）,その他製品,121,123,121,122,1,0.826446,6500,OK
2025-06-17,7832,バンダイナムコホールディングス,プライム（内国株式）,その他製品,4772,4859,4761,4814,-3,-0.062279,1613200,OK
2025-06-17,7833,アイフィスジャパン,スタンダード（内国株式）,その他製品,586,590,586,588,1,0.170358,7700,OK
2025-06-17,7836,アビックス,スタンダード（内国株式）,その他製品,105,107,104,106,1,0.952381,346500,OK
2025-06-17,7837,アールシーコア,スタンダード（内国株式）,その他製品,350,354,347,354,4,1.142857,2100,OK
2025-06-17,7839,ＳＨＯＥＩ,プライム（内国株式）,その他製品,1621,1637,1614,1627,14,0.867948,119900,OK
2025-06-17,7840,フランスベッドホールディングス,プライム（内国株式）,その他製品,1265,1270,1258,1266,2,0.158228,19300,OK
2025-06-17,7841,遠藤製作所,スタンダード（内国株式）,その他製品,1105,1105,1090,1102,0,0,2700,OK
2025-06-17,7844,マーベラス,プライム（内国株式）,情報･通信業,505,515,505,512,8,1.587302,131300,OK
2025-06-17,7846,パイロットコーポレーション,プライム（内国株式）,その他製品,4022,4039,4015,4039,18,0.44765,56600,OK
2025-06-17,7847,グラファイトデザイン,スタンダード（内国株式）,その他製品,632,633,627,629,-3,-0.474684,2400,OK
2025-06-17,7849,スターツ出版,スタンダード（内国株式）,情報･通信業,3940,3980,3915,3975,40,1.016518,4000,OK
2025-06-17,7850,総合商研,スタンダード（内国株式）,その他製品,885,887,880,887,10,1.140251,1700,OK
2025-06-17,7851,カワセコンピュータサプライ,スタンダード（内国株式）,その他製品,256,259,254,259,5,1.968504,20800,OK
2025-06-17,7856,萩原工業,プライム（内国株式）,その他製品,1497,1498,1485,1493,3,0.201342,25200,OK
2025-06-17,7857,セキ,スタンダード（内国株式）,その他製品,1360,1360,1360,1360,0,0,100,OK
2025-06-17,7859,アルメディオ,スタンダード（内国株式）,その他製品,219,223,218,220,1,0.456621,94000,OK
2025-06-17,7860,エイベックス,プライム（内国株式）,情報･通信業,1257,1279,1257,1275,21,1.674641,111500,OK
2025-06-17,7863,平賀,スタンダード（内国株式）,その他製品,1010,1010,1010,1010,0,0,300,OK
2025-06-17,7864,フジシールインターナショナル,プライム（内国株式）,その他製品,2558,2587,2556,2575,8,0.311648,76300,OK
2025-06-17,7865,ピープル,スタンダード（内国株式）,その他製品,538,540,534,540,-1,-0.184843,2900,OK
2025-06-17,7867,タカラトミー,プライム（内国株式）,その他製品,3167,3259,3146,3226,71,2.250396,903500,OK
2025-06-17,7868,広済堂ホールディングス,プライム（内国株式）,その他製品,447,450,438,440,-4,-0.900901,759900,OK
2025-06-17,7871,フクビ化学工業,スタンダード（内国株式）,化学,780,788,780,785,2,0.255428,1100,OK
2025-06-17,7872,エステールホールディングス,スタンダード（内国株式）,その他製品,571,572,570,571,0,0,2500,OK
2025-06-17,7874,レック,プライム（内国株式）,化学,1166,1184,1159,1171,1,0.08547,37400,OK
2025-06-17,7875,竹田ｉＰホールディングス,スタンダード（内国株式）,その他製品,957,965,955,964,-3,-0.310238,1400,OK
2025-06-17,7877,永大化工,スタンダード（内国株式）,化学,1573,1573,1551,1551,-16,-1.021059,1100,OK
2025-06-17,7878,光・彩,スタンダード（内国株式）,その他製品,951,957,951,957,6,0.630915,3100,OK
2025-06-17,7879,ノダ,スタンダード（内国株式）,その他製品,647,650,646,649,3,0.464396,4300,OK
2025-06-17,7883,サンメッセ,スタンダード（内国株式）,その他製品,352,354,351,353,-1,-0.282486,7100,OK
2025-06-17,7885,タカノ,スタンダード（内国株式）,その他製品,724,724,715,716,-7,-0.968188,8800,OK
2025-06-17,7886,ヤマト　モビリティ　＆　Ｍｆｇ．,スタンダード（内国株式）,化学,912,920,911,911,-1,-0.109649,800,OK
2025-06-17,7887,南海プライウッド,スタンダード（内国株式）,その他製品,6030,6030,6030,6030,0,0,200,OK
2025-06-17,7888,三光合成,プライム（内国株式）,化学,608,610,605,609,3,0.49505,33900,OK
2025-06-17,7893,プロネクサス,プライム（内国株式）,その他製品,1081,1085,1072,1075,-9,-0.830258,23100,OK
2025-06-17,7896,セブン工業,スタンダード（内国株式）,その他製品,520,520,516,516,1,0.194175,200,OK
2025-06-17,7897,ホクシン,スタンダード（内国株式）,その他製品,121,123,119,123,3,2.5,142900,OK
2025-06-17,7898,ウッドワン,スタンダード（内国株式）,その他製品,817,817,809,809,0,0,7700,OK
2025-06-17,7901,マツモト,スタンダード（内国株式）,その他製品,794,794,776,786,2,0.255102,2600,OK
2025-06-17,7902,ソノコム,スタンダード（内国株式）,その他製品,831,831,829,829,-2,-0.240674,400,OK
2025-06-17,7906,ヨネックス,スタンダード（内国株式）,その他製品,2861,2894,2837,2856,-23,-0.798889,181200,OK
2025-06-17,7908,きもと,スタンダード（内国株式）,化学,231,231,228,228,-1,-0.436681,417400,OK
2025-06-17,7911,ＴＯＰＰＡＮホールディングス,プライム（内国株式）,その他製品,3621,3655,3610,3622,9,0.2491,879400,OK
2025-06-17,7912,大日本印刷,プライム（内国株式）,その他製品,2105,2129,2102,2122.5,3.5,0.165172,706100,OK
2025-06-17,7914,共同印刷,プライム（内国株式）,その他製品,1311,1315,1295,1297,-16,-1.218583,40300,OK
2025-06-17,7915,ＮＩＳＳＨＡ,プライム（内国株式）,その他製品,1270,1305,1266,1298,35,2.77118,235700,OK
2025-06-17,7916,光村印刷,スタンダード（内国株式）,その他製品,1315,1315,1304,1311,7,0.53681,2100,OK
2025-06-17,7917,ＺＡＣＲＯＳ,プライム（内国株式）,化学,3690,3705,3660,3685,-5,-0.135501,15300,OK
2025-06-17,7918,ヴィア・ホールディングス,スタンダード（内国株式）,小売業,113,115,112,113,0,0,125900,OK
2025-06-17,7919,野崎印刷紙業,スタンダード（内国株式）,その他製品,189,189,184,187,0,0,38900,OK
2025-06-17,7921,ＴＡＫＡＲＡ　＆　ＣＯＭＰＡＮＹ,プライム（内国株式）,その他製品,3310,3325,3265,3315,5,0.151057,15200,OK
2025-06-17,7922,三光産業,スタンダード（内国株式）,その他製品,395,398,387,398,11,2.842377,3900,OK
2025-06-17,7923,トーイン,スタンダード（内国株式）,その他製品,675,675,674,674,-1,-0.148148,2200,OK
2025-06-17,7925,前澤化成工業,プライム（内国株式）,化学,1855,1856,1842,1846,2,0.10846,29000,OK
2025-06-17,7927,ムトー精工,スタンダード（内国株式）,化学,1493,1505,1475,1476,-17,-1.138647,51500,OK
2025-06-17,7928,旭化学工業,スタンダード（内国株式）,化学,582,582,580,582,2,0.344828,2900,OK
2025-06-17,7931,未来工業,プライム（内国株式）,化学,3365,3390,3365,3365,0,0,14100,OK
2025-06-17,7932,ニッピ,スタンダード（内国株式）,その他製品,9970,10020,9950,9950,20,0.20141,5900,OK
2025-06-17,7936,アシックス,プライム（内国株式）,その他製品,3423,3445,3398,3428,28,0.823529,2353100,OK
2025-06-17,7937,ツツミ,スタンダード（内国株式）,その他製品,2200,2204,2189,2204,14,0.639269,7600,OK
2025-06-17,7938,リーガルコーポレーション,スタンダード（内国株式）,その他製品,2421,2439,2413,2413,-15,-0.617792,3300,OK
2025-06-17,7939,研創,スタンダード（内国株式）,その他製品,515,516,513,516,1,0.194175,1400,OK
2025-06-17,7940,ウェーブロックホールディングス,スタンダード（内国株式）,化学,581,587,580,587,7,1.206897,16800,OK
2025-06-17,7942,ＪＳＰ,プライム（内国株式）,化学,1813,1825,1813,1820,8,0.441501,22400,OK
2025-06-17,7943,ニチハ,プライム（内国株式）,ガラス･土石製品,2940,2955,2932,2949,-20,-0.673627,38700,OK
2025-06-17,7944,ローランド,プライム（内国株式）,その他製品,3185,3195,3160,3180,0,0,107300,OK
2025-06-17,7946,光陽社,スタンダード（内国株式）,その他製品,1314,1314,1314,1314,4,0.305344,100,OK
2025-06-17,7947,エフピコ,プライム（内国株式）,化学,2695,2741,2695,2706,22,0.819672,163100,OK
2025-06-17,7949,小松ウオール工業,プライム（内国株式）,その他製品,2238,2247,2226,2242,5,0.223514,22900,OK
2025-06-17,7951,ヤマハ,プライム（内国株式）,その他製品,977.9,990.2,975.1,989.9,1,0.101122,1432100,OK
2025-06-17,7952,河合楽器製作所,プライム（内国株式）,その他製品,2587,2592,2563,2584,2,0.077459,8300,OK
2025-06-17,7953,菊水化学工業,スタンダード（内国株式）,その他製品,374,375,374,375,2,0.536193,7500,OK
2025-06-17,7955,クリナップ,プライム（内国株式）,その他製品,669,669,661,665,-3,-0.449102,18400,OK
2025-06-17,7956,ピジョン,プライム（内国株式）,その他製品,1785,1796,1775.5,1791,9.5,0.533258,587000,OK
2025-06-17,7957,フジコピアン,スタンダード（内国株式）,その他製品,1411,1427,1411,1412,1,0.070872,1100,OK
2025-06-17,7958,天馬,プライム（内国株式）,化学,3560,3565,3560,3565,5,0.140449,3700,OK
2025-06-17,7962,キングジム,プライム（内国株式）,その他製品,878,879,875,877,-2,-0.227531,85300,OK
2025-06-17,7963,興研,スタンダード（内国株式）,その他製品,1715,1716,1691,1716,2,0.116686,3500,OK
2025-06-17,7965,象印マホービン,プライム（内国株式）,電気機器,1304,1313,1303,1310,1,0.076394,64700,OK
2025-06-17,7966,リンテック,プライム（内国株式）,その他製品,2832,2883,2830,2861,40,1.417937,240100,OK
2025-06-17,7970,信越ポリマー,プライム（内国株式）,化学,1715,1807,1715,1804,98,5.744431,410900,OK
2025-06-17,7971,東リ,スタンダード（内国株式）,化学,497,498,491,497,0,0,68800,OK
2025-06-17,7972,イトーキ,プライム（内国株式）,その他製品,2067,2095,2061,2084,40,1.956947,191500,OK
2025-06-17,7974,任天堂,プライム（内国株式）,その他製品,12000,12440,11925,12440,495,4.143993,6426100,OK
2025-06-17,7975,リヒトラブ,スタンダード（内国株式）,その他製品,1175,1180,1164,1180,12,1.027397,1500,OK
2025-06-17,7976,三菱鉛筆,プライム（内国株式）,その他製品,2017,2038,2016,2038,22,1.09127,165600,OK
2025-06-17,7979,松風,プライム（内国株式）,精密機器,2040,2061,2040,2050,6,0.293542,22000,OK
2025-06-17,7980,重松製作所,スタンダード（内国株式）,その他製品,807,819,800,810,-5,-0.613497,8900,OK
2025-06-17,7981,タカラスタンダード,プライム（内国株式）,その他製品,2426,2443,2390,2404,-4,-0.166113,106700,OK
2025-06-17,7983,ミロク,スタンダード（内国株式）,その他製品,1149,1152,1146,1146,-5,-0.434405,1800,OK
2025-06-17,7984,コクヨ,プライム（内国株式）,その他製品,3207,3235,3205,3235,10,0.310078,218900,OK
2025-06-17,7985,ネポン,スタンダード（内国株式）,金属製品,1522,1522,1483,1483,-39,-2.562418,600,OK
2025-06-17,7986,日本アイ・エス・ケイ,スタンダード（内国株式）,その他製品,1569,1598,1568,1598,20,1.267427,2200,OK
2025-06-17,7987,ナカバヤシ,スタンダード（内国株式）,その他製品,509,510,507,507,-2,-0.392927,25900,OK
2025-06-17,7988,ニフコ,プライム（内国株式）,化学,3245,3309,3223,3300,38,1.164929,213500,OK
2025-06-17,7989,立川ブラインド工業,プライム（内国株式）,金属製品,1567,1587,1555,1578,8,0.509554,17000,OK
2025-06-17,7990,グローブライド,プライム（内国株式）,その他製品,2030,2042,2026,2031,-8,-0.392349,25700,OK
2025-06-17,7991,マミヤ・オーピー,スタンダード（内国株式）,機械,1350,1377,1348,1368,18,1.333333,81300,OK
2025-06-17,7992,セーラー万年筆,スタンダード（内国株式）,その他製品,127,128,124,127,0,0,93700,OK
2025-06-17,7994,オカムラ,プライム（内国株式）,その他製品,2203,2211,2185,2195,0,0,105100,OK
2025-06-17,7995,バルカー,プライム（内国株式）,化学,2982,3005,2979,3005,16,0.535296,35900,OK
2025-06-17,7997,くろがね工作所,スタンダード（内国株式）,その他製品,712,715,712,715,2,0.280505,800,OK
2025-06-17,7999,ＭＵＴＯＨホールディングス,スタンダード（内国株式）,電気機器,2717,2743,2681,2736,40,1.48368,4200,OK
2025-06-17,8001,伊藤忠商事,プライム（内国株式）,卸売業,7441,7512,7438,7489,28,0.375285,2189300,OK
2025-06-17,8002,丸紅,プライム（内国株式）,卸売業,2922,2941,2907,2910.5,-12.5,-0.427643,4228500,OK
2025-06-17,8005,スクロール,プライム（内国株式）,小売業,1031,1044,1029,1042,12,1.165049,75800,OK
2025-06-17,8006,ユアサ・フナショク,スタンダード（内国株式）,卸売業,4220,4290,4215,4265,45,1.066351,600,OK
2025-06-17,8007,高島,プライム（内国株式）,卸売業,1394,1409,1386,1409,18,1.294033,108100,OK
2025-06-17,8008,ヨンドシーホールディングス,プライム（内国株式）,小売業,1715,1723,1712,1721,2,0.116347,52400,OK
2025-06-17,8011,三陽商会,プライム（内国株式）,繊維製品,2840,2860,2814,2856,8,0.280899,41200,OK
2025-06-17,8012,長瀬産業,プライム（内国株式）,卸売業,2713.5,2738,2713.5,2729,15.5,0.571218,262100,OK
2025-06-17,8013,ナイガイ,スタンダード（内国株式）,繊維製品,297,300,295,297,0,0,38100,OK
2025-06-17,8014,蝶理,プライム（内国株式）,卸売業,3810,3935,3780,3920,110,2.887139,32100,OK
2025-06-17,8015,豊田通商,プライム（内国株式）,卸売業,3003,3047,3000,3045,45.5,1.516919,1111700,OK
2025-06-17,8016,オンワードホールディングス,プライム（内国株式）,繊維製品,566,573,564,571,5,0.883392,430000,OK
2025-06-17,8018,三共生興,スタンダード（内国株式）,卸売業,642,642,637,641,0,0,14700,OK
2025-06-17,8020,兼松,プライム（内国株式）,卸売業,2660,2665.5,2638,2653,-14,-0.524934,218100,OK
2025-06-17,8022,美津濃,プライム（内国株式）,その他製品,2605,2617,2584,2598,-8,-0.306984,148800,OK
2025-06-17,8023,ＤＡＩＫＯ　ＸＴＥＣＨ,スタンダード（内国株式）,情報･通信業,1014,1017,1002,1004,-6,-0.594059,15900,OK
2025-06-17,8025,ツカモトコーポレーション,スタンダード（内国株式）,卸売業,1304,1310,1282,1307,25,1.950078,6100,OK
2025-06-17,8029,ルックホールディングス,スタンダード（内国株式）,繊維製品,2306,2350,2306,2350,71,3.115401,12700,OK
2025-06-17,8030,中央魚類,スタンダード（内国株式）,卸売業,3415,3450,3410,3430,35,1.030928,3400,OK
2025-06-17,8031,三井物産,プライム（内国株式）,卸売業,2970,2984,2958,2974,2.5,0.084133,3590600,OK
2025-06-17,8032,日本紙パルプ商事,プライム（内国株式）,卸売業,606,608,604,606,0,0,160100,OK
2025-06-17,8035,東京エレクトロン,プライム（内国株式）,電気機器,24465,24980,24305,24720,705,2.935665,4133800,OK
2025-06-17,8037,カメイ,プライム（内国株式）,卸売業,2299,2341,2299,2333,17,0.734024,116000,OK
2025-06-17,8039,築地魚市場,スタンダード（内国株式）,卸売業,3840,3860,3800,3805,-35,-0.911458,7300,OK
2025-06-17,8040,東京ソワール,スタンダード（内国株式）,繊維製品,910,913,906,911,1,0.10989,4100,OK
2025-06-17,8041,ＯＵＧホールディングス,スタンダード（内国株式）,卸売業,3500,3500,3425,3465,-20,-0.573888,4700,OK
2025-06-17,8043,スターゼン,プライム（内国株式）,卸売業,1080,1086,1073,1082,-6,-0.551471,84300,OK
2025-06-17,8045,横浜丸魚,スタンダード（内国株式）,卸売業,,,,,,,,NO_QUOTE
2025-06-17,8046,丸藤シートパイル,スタンダード（内国株式）,卸売業,3045,3045,3000,3035,37,1.234156,2100,OK
2025-06-17,8050,セイコーグループ,プライム（内国株式）,精密機器,4240,4275,4155,4205,0,0,88900,OK
2025-06-17,8051,山善,プライム（内国株式）,卸売業,1319,1326,1282,1283,-39,-2.950076,187300,OK
2025-06-17,8052,椿本興業,プライム（内国株式）,卸売業,2309,2345,2309,2321,12,0.519706,24300,OK
2025-06-17,8053,住友商事,プライム（内国株式）,卸売業,3605,3641,3600,3628,6,0.165654,1627100,OK
2025-06-17,8056,ＢＩＰＲＯＧＹ,プライム（内国株式）,情報･通信業,5996,6073,5982,6038,-8,-0.132319,223000,OK
2025-06-17,8057,内田洋行,プライム（内国株式）,卸売業,9160,9280,9120,9220,-30,-0.324324,25000,OK
2025-06-17,8058,三菱商事,プライム（内国株式）,卸売業,2872.5,2891.5,2838,2857,-32,-1.10765,8393100,OK
2025-06-17,8059,第一実業,プライム（内国株式）,卸売業,2326,2355,2319,2322,23,1.000435,17100,OK
2025-06-17,8060,キヤノンマーケティングジャパン,プライム（内国株式）,卸売業,5390,5585,5390,5556,141,2.603878,169200,OK
2025-06-17,8061,西華産業,プライム（内国株式）,卸売業,4605,4710,4555,4670,170,3.777778,119500,OK
2025-06-17,8065,佐藤商事,プライム（内国株式）,卸売業,1496,1496,1484,1494,8,0.538358,13400,OK
2025-06-17,8066,三谷商事,スタンダード（内国株式）,卸売業,2168,2194,2126,2182,-6,-0.274223,5500,OK
2025-06-17,8070,東京産業,プライム（内国株式）,卸売業,768,782,768,781,13,1.692708,40200,OK
2025-06-17,8074,ユアサ商事,プライム（内国株式）,卸売業,4470,4490,4455,4470,-5,-0.111732,24100,OK
2025-06-17,8075,神鋼商事,プライム（内国株式）,卸売業,1970,1976,1958,1968,-8,-0.404858,16900,OK
2025-06-17,8076,カノークス,スタンダード（内国株式）,卸売業,1742,1742,1727,1727,-5,-0.288684,3100,OK
2025-06-17,8077,トルク,スタンダード（内国株式）,卸売業,237,238,235,237,0,0,16100,OK
2025-06-17,8078,阪和興業,プライム（内国株式）,卸売業,5230,5260,5210,5230,0,0,54300,OK
2025-06-17,8079,正栄食品工業,プライム（内国株式）,卸売業,3970,4005,3940,3945,-25,-0.629723,33000,OK
2025-06-17,8081,カナデン,プライム（内国株式）,卸売業,1890,1919,1850,1865,-22,-1.165872,58500,OK
2025-06-17,8084,ＲＹＯＤＥＮ,プライム（内国株式）,卸売業,2772,2782,2752,2767,-8,-0.288288,17600,OK
2025-06-17,8085,ナラサキ産業,スタンダード（内国株式）,卸売業,3120,3270,3080,3200,80,2.564103,7900,OK
2025-06-17,8086,ニプロ,プライム（内国株式）,精密機器,1255.5,1263,1255,1258.5,0,0,442200,OK
2025-06-17,8088,岩谷産業,プライム（内国株式）,卸売業,1551,1563,1542,1554.5,4,0.257981,633500,OK
2025-06-17,8089,ナイス,スタンダード（内国株式）,卸売業,1627,1628,1615,1620,-4,-0.246305,3500,OK
2025-06-17,8091,ニチモウ,プライム（内国株式）,卸売業,2147,2147,2121,2133,3,0.140845,6700,OK
2025-06-17,8093,極東貿易,プライム（内国株式）,卸売業,1496,1504,1493,1494,-2,-0.13369,13700,OK
2025-06-17,8095,アステナホールディングス,プライム（内国株式）,卸売業,462,468,462,464,0,0,39000,OK
2025-06-17,8097,三愛オブリ,プライム（内国株式）,卸売業,1773,1796,1771,1790,16,0.901917,69900,OK
2025-06-17,8098,稲畑産業,プライム（内国株式）,卸売業,3220,3225,3200,3210,-20,-0.619195,88000,OK
2025-06-17,8101,ＧＳＩクレオス,プライム（内国株式）,卸売業,2030,2039,2020,2038,2,0.098232,18900,OK
2025-06-17,8103,明和産業,プライム（内国株式）,卸売業,687,691,685,687,0,0,38400,OK
2025-06-17,8104,クワザワホールディングス,スタンダード（内国株式）,卸売業,530,530,523,523,-7,-1.320755,10100,OK
2025-06-17,8105,堀田丸正,スタンダード（内国株式）,卸売業,53,56,52,55,2,3.773585,842600,OK
2025-06-17,8107,キムラタン,スタンダード（内国株式）,繊維製品,53,55,53,54,0,0,1743900,OK
2025-06-17,8111,ゴールドウイン,プライム（内国株式）,繊維製品,8155,8191,8115,8166,-22,-0.268686,132300,OK
2025-06-17,8113,ユニ・チャーム,プライム（内国株式）,化学,1141,1150.5,1131.5,1133,-0.5,-0.044111,4284200,OK
2025-06-17,8115,ムーンバット,スタンダード（内国株式）,卸売業,1129,1129,1077,1110,41,3.83536,8000,OK
2025-06-17,8117,中央自動車工業,スタンダード（内国株式）,卸売業,1772,1774,1748,1760,-12,-0.677201,66200,OK
2025-06-17,8118,キング,スタンダード（内国株式）,繊維製品,823,838,823,830,16,1.965602,21200,OK
2025-06-17,8119,三栄コーポレーション,スタンダード（内国株式）,卸売業,831,831,830,831,0,0,3900,OK
2025-06-17,8123,川辺,スタンダード（内国株式）,卸売業,1300,1300,1300,1300,15,1.167315,100,OK
2025-06-17,8125,ワキタ,プライム（内国株式）,卸売業,1628,1632,1617,1632,3,0.184162,77000,OK
2025-06-17,8127,ヤマトインターナショナル,スタンダード（内国株式）,繊維製品,385,392,385,389,4,1.038961,25600,OK
2025-06-17,8129,東邦ホールディングス,プライム（内国株式）,卸売業,4592,4657,4570,4644,20,0.432526,136700,OK
2025-06-17,8130,サンゲツ,プライム（内国株式）,卸売業,2922,2931,2915,2925,0,0,75700,OK
2025-06-17,8131,ミツウロコグループホールディングス,スタンダード（内国株式）,卸売業,1811,1829,1780,1780,-44,-2.412281,54700,OK
2025-06-17,8132,シナネンホールディングス,プライム（内国株式）,卸売業,6300,6510,6210,6380,140,2.24359,38700,OK
2025-06-17,8133,伊藤忠エネクス,プライム（内国株式）,卸売業,1736,1748,1735,1744,6,0.345224,56600,OK
2025-06-17,8135,ゼット,スタンダード（内国株式）,卸売業,423,423,420,422,1,0.23753,15000,OK
2025-06-17,8136,サンリオ,プライム（内国株式）,卸売業,6821,6955,6710,6800,35,0.517369,21031900,OK
2025-06-17,8137,サンワテクノス,プライム（内国株式）,卸売業,2310,2334,2307,2327,2,0.086022,14800,OK
2025-06-17,8138,三京化成,スタンダード（内国株式）,卸売業,3325,3325,3320,3320,-10,-0.3003,300,OK
2025-06-17,8139,ナガホリ,スタンダード（内国株式）,卸売業,1587,1587,1576,1576,-4,-0.253165,1100,OK
2025-06-17,8141,新光商事,プライム（内国株式）,卸売業,961,973,958,973,12,1.248699,101100,OK
2025-06-17,8142,トーホー,プライム（内国株式）,卸売業,2973,2973,2911,2938,-2,-0.068027,60600,OK
2025-06-17,8143,ラピーヌ,スタンダード（内国株式）,繊維製品,241,251,241,250,8,3.305785,33100,OK
2025-06-17,8144,デンキョーグループホールディングス,スタンダード（内国株式）,卸売業,1183,1185,1183,1185,-8,-0.670578,400,OK
2025-06-17,8147,トミタ,スタンダード（内国株式）,卸売業,1224,1224,1224,1224,1,0.081766,300,OK
2025-06-17,8150,三信電気,プライム（内国株式）,卸売業,2279,2301,2261,2297,32,1.412804,41400,OK
2025-06-17,8151,東陽テクニカ,プライム（内国株式）,卸売業,1453,1453,1445,1449,-5,-0.343879,14900,OK
2025-06-17,8152,ソマール,スタンダード（内国株式）,卸売業,5680,5680,5570,5580,0,0,4400,OK
2025-06-17,8153,モスフードサービス,プライム（内国株式）,卸売業,3715,3725,3695,3715,0,0,32100,OK
2025-06-17,8154,加賀電子,プライム（内国株式）,卸売業,2718,2720,2687,2695,-4,-0.148203,115900,OK
2025-06-17,8157,都築電気,プライム（内国株式）,情報･通信業,2691,2711,2670,2699,8,0.297287,25600,OK
2025-06-17,8158,ソーダニッカ,プライム（内国株式）,卸売業,1066,1066,1055,1060,-2,-0.188324,11600,OK
2025-06-17,8159,立花エレテック,プライム（内国株式）,卸売業,2533,2560,2524,2554,18,0.709779,16400,OK
2025-06-17,8160,木曽路,プライム（内国株式）,小売業,2364,2366,2351,2357,-7,-0.296108,23200,OK
2025-06-17,8163,ＳＲＳホールディングス,プライム（内国株式）,小売業,1214,1217,1207,1211,2,0.165426,42900,OK
2025-06-17,8165,千趣会,スタンダード（内国株式）,小売業,265,265,263,263,-1,-0.378788,38200,OK
2025-06-17,8166,タカキュー,スタンダード（内国株式）,小売業,108,109,107,109,2,1.869159,80300,OK
2025-06-17,8167,リテールパートナーズ,プライム（内国株式）,小売業,1310,1319,1309,1311,1,0.076336,31500,OK
2025-06-17,8173,上新電機,プライム（内国株式）,小売業,2330,2342,2317,2334,9,0.387097,43000,OK
2025-06-17,8174,日本瓦斯,プライム（内国株式）,小売業,2615.5,2658.5,2601.5,2646.5,23.5,0.895921,285400,OK
2025-06-17,8179,ロイヤルホールディングス,プライム（内国株式）,小売業,2514,2524,2507,2521,-9,-0.355731,151900,OK
2025-06-17,8181,東天紅,スタンダード（内国株式）,小売業,875,875,862,872,2,0.229885,1800,OK
2025-06-17,8185,チヨダ,プライム（内国株式）,小売業,1151,1157,1112,1117,-68,-5.738397,553300,OK
2025-06-17,8194,ライフコーポレーション,プライム（内国株式）,小売業,2128,2138,2114,2124,-24,-1.117318,127800,OK
2025-06-17,8198,マックスバリュ東海,スタンダード（内国株式）,小売業,3215,3240,3205,3215,-20,-0.618238,6800,OK
2025-06-17,8200,リンガーハット,プライム（内国株式）,小売業,2190,2198,2174,2187,-7,-0.319052,104700,OK
2025-06-17,8202,ラオックスホールディングス,スタンダード（内国株式）,小売業,164,165,164,164,0,0,69800,OK
2025-06-17,8203,ＭｒＭａｘＨＤ,プライム（内国株式）,小売業,656,658,650,657,1,0.152439,54800,OK
2025-06-17,8207,テンアライド,スタンダード（内国株式）,小売業,273,273,270,271,0,0,37700,OK
2025-06-17,8208,エンチョー,スタンダード（内国株式）,小売業,1094,1098,1094,1098,6,0.549451,2000,OK
2025-06-17,8209,フレンドリー,スタンダード（内国株式）,小売業,355,357,354,355,-1,-0.280899,9900,OK
2025-06-17,8214,ＡＯＫＩホールディングス,プライム（内国株式）,小売業,1600,1606,1567,1593,-13,-0.809465,164000,OK
2025-06-17,8217,オークワ,プライム（内国株式）,小売業,933,937,925,925,-7,-0.751073,42700,OK
2025-06-17,8218,コメリ,プライム（内国株式）,小売業,2818,2839,2808,2839,15,0.531161,74200,OK
2025-06-17,8219,青山商事,プライム（内国株式）,小売業,2135,2137,2112,2129,0,0,215700,OK
2025-06-17,8225,タカチホ,スタンダード（内国株式）,卸売業,4110,4110,3970,4040,0,0,600,OK
2025-06-17,8226,理経,スタンダード（内国株式）,卸売業,398,399,389,397,7,1.794872,366500,OK
2025-06-17,8227,しまむら,プライム（内国株式）,小売業,9755,9800,9703,9759,4,0.041005,136900,OK
2025-06-17,8230,はせがわ,スタンダード（内国株式）,小売業,306,306,304,304,-1,-0.327869,3300,OK
2025-06-17,8233,高島屋,プライム（内国株式）,小売業,1090,1099,1088,1098,4.5,0.411523,821300,OK
2025-06-17,8237,松屋,プライム（内国株式）,小売業,1023,1025,995,1008,-2,-0.19802,234800,OK
2025-06-17,8242,エイチ・ツー・オー　リテイリング,プライム（内国株式）,小売業,1948.5,1952.5,1925.5,1952.5,1.5,0.076884,351500,OK
2025-06-17,8244,近鉄百貨店,スタンダード（内国株式）,小売業,1756,1771,1745,1764,8,0.455581,56600,OK
2025-06-17,8247,大和,スタンダード（内国株式）,小売業,378,385,378,381,-3,-0.78125,4500,OK
2025-06-17,8252,丸井グループ,プライム（内国株式）,小売業,3040,3059,3023,3053,10,0.328623,497900,OK
2025-06-17,8253,クレディセゾン,プライム（内国株式）,その他金融業,4043,4113,4040,4088,65,1.61571,475900,OK
2025-06-17,8254,さいか屋,スタンダード（内国株式）,小売業,416,420,415,420,4,0.961538,3200,OK
2025-06-17,8255,アクシアル　リテイリング,プライム（内国株式）,小売業,1105,1112,1092,1110,-10,-0.892857,102100,OK
2025-06-17,8260,井筒屋,スタンダード（内国株式）,小売業,441,441,432,441,0,0,16200,OK
2025-06-17,8267,イオン,プライム（内国株式）,小売業,4495,4537,4462,4470,-13,-0.289984,2136200,OK
2025-06-17,8273,イズミ,プライム（内国株式）,小売業,3298,3306,3282,3285,-2,-0.060846,80100,OK
2025-06-17,8275,フォーバル,スタンダード（内国株式）,卸売業,1292,1298,1281,1282,-2,-0.155763,7100,OK
2025-06-17,8276,平和堂,プライム（内国株式）,小売業,2868,2880,2836,2853,-22,-0.765217,92700,OK
2025-06-17,8278,フジ,プライム（内国株式）,小売業,2006,2013,1990,1990,-16,-0.797607,94000,OK
2025-06-17,8279,ヤオコー,プライム（内国株式）,小売業,9250,9326,9194,9284,-35,-0.375577,49200,OK
2025-06-17,8281,ゼビオホールディングス,プライム（内国株式）,小売業,1117,1119,1108,1111,-6,-0.537153,97300,OK
2025-06-17,8282,ケーズホールディングス,プライム（内国株式）,小売業,1418,1426.5,1407,1419,4,0.282686,444800,OK
2025-06-17,8283,ＰＡＬＴＡＣ,プライム（内国株式）,卸売業,4030,4057,4016,4056,-11,-0.27047,45700,OK
2025-06-17,8285,三谷産業,スタンダード（内国株式）,卸売業,334,334,330,331,-3,-0.898204,18600,OK
2025-06-17,8289,Ｏｌｙｍｐｉｃグループ,スタンダード（内国株式）,小売業,415,422,413,422,7,1.686747,3300,OK
2025-06-17,8291,日産東京販売ホールディングス,スタンダード（内国株式）,小売業,475,476,469,473,2,0.424628,155000,OK
2025-06-17,8304,あおぞら銀行,プライム（内国株式）,銀行業,2121.5,2134.5,2115.5,2122.5,10,0.473373,676300,OK
2025-06-17,8306,三菱ＵＦＪフィナンシャル・グループ,プライム（内国株式）,銀行業,1951,1959,1938.5,1951.5,-1.5,-0.076805,30085800,OK
2025-06-17,8308,りそなホールディングス,プライム（内国株式）,銀行業,1309.5,1317,1301.5,1311.5,-9.5,-0.719152,6192200,OK
2025-06-17,8309,三井住友トラストグループ,プライム（内国株式）,銀行業,3794,3819,3791,3806,0,0,1287100,OK
2025-06-17,8316,三井住友フィナンシャルグループ,プライム（内国株式）,銀行業,3610,3640,3607,3628,23,0.638003,8416800,OK
2025-06-17,8331,千葉銀行,プライム（内国株式）,銀行業,1286,1307.5,1285,1300.5,5,0.385951,1527900,OK
2025-06-17,8334,群馬銀行,プライム（内国株式）,銀行業,1175.5,1204,1174,1202,25.5,2.167446,1164300,OK
2025-06-17,8336,武蔵野銀行,プライム（内国株式）,銀行業,3205,3240,3195,3240,15,0.465116,60600,OK
2025-06-17,8337,千葉興業銀行,プライム（内国株式）,銀行業,1170,1194,1170,1182,24,2.072539,182100,OK
2025-06-17,8338,筑波銀行,プライム（内国株式）,銀行業,232,234,230,232,0,0,356300,OK
2025-06-17,8341,七十七銀行,プライム（内国株式）,銀行業,4889,4910,4866,4892,3,0.061362,149600,OK
2025-06-17,8343,秋田銀行,プライム（内国株式）,銀行業,2915,2960,2913,2950,30,1.027397,90000,OK
2025-06-17,8344,山形銀行,プライム（内国株式）,銀行業,1485,1507,1481,1502,18,1.212938,174200,OK
2025-06-17,8345,岩手銀行,プライム（内国株式）,銀行業,3030,3055,3010,3050,20,0.660066,39900,OK
2025-06-17,8346,東邦銀行,プライム（内国株式）,銀行業,326,328,325,328,1,0.30581,500000,OK
2025-06-17,8349,東北銀行,スタンダード（内国株式）,銀行業,1074,1081,1074,1077,-2,-0.185357,7100,OK
2025-06-17,8354,ふくおかフィナンシャルグループ,プライム（内国株式）,銀行業,3948,3964,3930,3950,-46,-1.151151,591000,OK
2025-06-17,8358,スルガ銀行,プライム（内国株式）,銀行業,1290,1301,1283,1293,-5,-0.385208,400700,OK
2025-06-17,8359,八十二銀行,プライム（内国株式）,銀行業,1192,1199,1190,1193,1,0.083893,1165500,OK
2025-06-17,8360,山梨中央銀行,プライム（内国株式）,銀行業,2541,2564,2529,2533,-8,-0.314837,70800,OK
2025-06-17,8361,大垣共立銀行,プライム（内国株式）,銀行業,2422,2437,2406,2430,1,0.041169,53500,OK
2025-06-17,8362,福井銀行,プライム（内国株式）,銀行業,1799,1800,1783,1797,1,0.055679,26600,OK
2025-06-17,8364,清水銀行,プライム（内国株式）,銀行業,1370,1374,1367,1372,2,0.145985,12200,OK
2025-06-17,8365,富山銀行,スタンダード（内国株式）,銀行業,1528,1529,1525,1526,-2,-0.13089,900,OK
2025-06-17,8366,滋賀銀行,プライム（内国株式）,銀行業,5950,6070,5950,6030,100,1.686341,119100,OK
2025-06-17,8367,南都銀行,プライム（内国株式）,銀行業,3980,3995,3960,3990,15,0.377358,68600,OK
2025-06-17,8368,百五銀行,プライム（内国株式）,銀行業,691,703,690,702,3,0.429185,615300,OK
2025-06-17,8370,紀陽銀行,プライム（内国株式）,銀行業,2545,2559,2524,2540,2,0.078802,88300,OK
2025-06-17,8377,ほくほくフィナンシャルグループ,プライム（内国株式）,銀行業,2790,2797.5,2770,2782,-12.5,-0.447307,259600,OK
2025-06-17,8381,山陰合同銀行,プライム（内国株式）,銀行業,1217,1220,1206,1211,-10,-0.819001,422300,OK
2025-06-17,8383,鳥取銀行,スタンダード（内国株式）,銀行業,1261,1262,1251,1251,-10,-0.793021,10300,OK
2025-06-17,8386,百十四銀行,プライム（内国株式）,銀行業,4065,4110,4050,4070,15,0.369914,63800,OK
2025-06-17,8387,四国銀行,プライム（内国株式）,銀行業,1103,1110,1102,1110,4,0.361664,94900,OK
2025-06-17,8388,阿波銀行,プライム（内国株式）,銀行業,2812,2827,2801,2825,17,0.605413,121400,OK
2025-06-17,8392,大分銀行,プライム（内国株式）,銀行業,3805,3845,3800,3820,0,0,39800,OK
2025-06-17,8393,宮崎銀行,プライム（内国株式）,銀行業,3635,3645,3570,3610,-25,-0.687758,62800,OK
2025-06-17,8395,佐賀銀行,プライム（内国株式）,銀行業,2263,2277,2240,2269,14,0.620843,48900,OK
2025-06-17,8399,琉球銀行,プライム（内国株式）,銀行業,1146,1149,1136,1142,-5,-0.43592,55000,OK
2025-06-17,8410,セブン銀行,プライム（内国株式）,銀行業,264,264.6,263.3,264.2,0.2,0.075758,1851500,OK
2025-06-17,8411,みずほフィナンシャルグループ,プライム（内国株式）,銀行業,3939,3974,3924,3969,46,1.172572,6366900,OK
2025-06-17,8416,高知銀行,スタンダード（内国株式）,銀行業,742,746,740,743,0,0,8100,OK
2025-06-17,8418,山口フィナンシャルグループ,プライム（内国株式）,銀行業,1540.5,1553,1536.5,1548.5,-2.5,-0.161186,396400,OK
2025-06-17,8424,芙蓉総合リース,プライム（内国株式）,その他金融業,3831,3851,3820,3836,-20,-0.518672,93600,OK
2025-06-17,8425,みずほリース,プライム（内国株式）,その他金融業,1064,1067,1061,1065,2,0.188147,169800,OK
2025-06-17,8439,東京センチュリー,プライム（内国株式）,その他金融業,1587,1594,1578,1584.5,-2,-0.126064,380200,OK
2025-06-17,8473,ＳＢＩホールディングス,プライム（内国株式）,証券･商品先物取引業,4550,4595,4542,4581,46,1.014333,1431100,OK
2025-06-17,8508,Ｊトラスト,スタンダード（内国株式）,その他金融業,413,413,409,412,-1,-0.242131,133400,OK
2025-06-17,8511,日本証券金融,プライム（内国株式）,その他金融業,1702,1721,1701,1721,11,0.643275,121400,OK
2025-06-17,8515,アイフル,プライム（内国株式）,その他金融業,408,411,405,410,2,0.490196,1119200,OK
2025-06-17,8518,日本アジア投資,スタンダード（内国株式）,証券･商品先物取引業,246,253,246,252,6,2.439024,72000,OK
2025-06-17,8522,名古屋銀行,プライム（内国株式）,銀行業,7710,7720,7640,7640,-60,-0.779221,49700,OK
2025-06-17,8524,北洋銀行,プライム（内国株式）,銀行業,583,592,580,586,6,1.034483,2532700,OK
2025-06-17,8537,大光銀行,スタンダード（内国株式）,銀行業,1402,1430,1402,1420,19,1.356174,28300,OK
2025-06-17,8541,愛媛銀行,プライム（内国株式）,銀行業,1000,1006,999,1005,5,0.5,65300,OK
2025-06-17,8542,トマト銀行,スタンダード（内国株式）,銀行業,1190,1190,1186,1189,3,0.252951,8500,OK
2025-06-17,8544,京葉銀行,プライム（内国株式）,銀行業,979,993,979,991,10,1.019368,218700,OK
2025-06-17,8550,栃木銀行,プライム（内国株式）,銀行業,397,400,395,396,-2,-0.502513,437000,OK
2025-06-17,8551,北日本銀行,プライム（内国株式）,銀行業,2802,2843,2799,2829,36,1.288937,17300,OK
2025-06-17,8558,東和銀行,プライム（内国株式）,銀行業,713,719,707,719,4,0.559441,122200,OK
2025-06-17,8562,福島銀行,スタンダード（内国株式）,銀行業,216,217,215,216,0,0,63100,OK
2025-06-17,8563,大東銀行,スタンダード（内国株式）,銀行業,722,736,714,732,10,1.385042,66900,OK
2025-06-17,8566,リコーリース,プライム（内国株式）,その他金融業,5110,5110,5060,5080,-30,-0.587084,26800,OK
2025-06-17,8570,イオンフィナンシャルサービス,プライム（内国株式）,その他金融業,1280,1288,1276.5,1286.5,8.5,0.665102,402000,OK
2025-06-17,8572,アコム,スタンダード（内国株式）,その他金融業,420,420.3,417,419.3,-0.3,-0.071497,610600,OK
2025-06-17,8584,ジャックス,プライム（内国株式）,その他金融業,3870,3890,3855,3890,30,0.777202,31300,OK
2025-06-17,8585,オリエントコーポレーション,プライム（内国株式）,その他金融業,870,873,863,864,-2,-0.230947,290700,OK
2025-06-17,8591,オリックス,プライム（内国株式）,その他金融業,3109,3110,3075,3083,-12,-0.387722,3690200,OK
2025-06-17,8593,三菱ＨＣキャピタル,プライム（内国株式）,その他金融業,1053,1054.5,1045.5,1046.5,-6.5,-0.617284,2666600,OK
2025-06-17,8595,ジャフコ　グループ,プライム（内国株式）,証券･商品先物取引業,2450.5,2472.5,2449,2467,14,0.57073,211000,OK
2025-06-17,8596,九州リースサービス,スタンダード（内国株式）,その他金融業,1176,1179,1166,1169,-7,-0.595238,21700,OK
2025-06-17,8600,トモニホールディングス,プライム（内国株式）,銀行業,534,540,533,539,3,0.559701,470900,OK
2025-06-17,8601,大和証券グループ本社,プライム（内国株式）,証券･商品先物取引業,991,996.1,983.2,992.6,1.6,0.161453,4724900,OK
2025-06-17,8604,野村ホールディングス,プライム（内国株式）,証券･商品先物取引業,895,895.1,890,893.7,5.4,0.607903,7811600,OK
2025-06-17,8609,岡三証券グループ,プライム（内国株式）,証券･商品先物取引業,683,689,681,684,1,0.146413,295100,OK
2025-06-17,8613,丸三証券,プライム（内国株式）,証券･商品先物取引業,880,883,875,878,0,0,120900,OK
2025-06-17,8614,東洋証券,プライム（内国株式）,証券･商品先物取引業,489,492,485,489,4,0.824742,306500,OK
2025-06-17,8616,東海東京フィナンシャル・ホールディングス,プライム（内国株式）,証券･商品先物取引業,485,489,485,486,1,0.206186,369200,OK
2025-06-17,8617,光世証券,スタンダード（内国株式）,証券･商品先物取引業,425,425,415,418,-2,-0.47619,11700,OK
2025-06-17,8622,水戸証券,プライム（内国株式）,証券･商品先物取引業,554,563,554,560,4,0.719424,100500,OK
2025-06-17,8624,いちよし証券,プライム（内国株式）,証券･商品先物取引業,778,785,778,785,2,0.255428,52000,OK
2025-06-17,8628,松井証券,プライム（内国株式）,証券･商品先物取引業,681,683,679,682,2,0.294118,845300,OK
2025-06-17,8630,ＳＯＭＰＯホールディングス,プライム（内国株式）,保険業,4393,4412,4355,4401,-23,-0.519892,1972500,OK
2025-06-17,8697,日本取引所グループ,プライム（内国株式）,その他金融業,1562.5,1576,1562.5,1566,-8,-0.508259,1513500,OK
2025-06-17,8698,マネックスグループ,プライム（内国株式）,証券･商品先物取引業,714,728,712,728,19,2.679831,5233600,OK
2025-06-17,8699,ＨＳホールディングス,スタンダード（内国株式）,証券･商品先物取引業,1004,1058,1004,1055,50,4.975124,89000,OK
2025-06-17,8700,丸八証券,スタンダード（内国株式）,証券･商品先物取引業,1525,1530,1525,1525,0,0,800,OK
2025-06-17,8704,トレイダーズホールディングス,スタンダード（内国株式）,証券･商品先物取引業,1155,1170,1148,1165,20,1.746725,227500,OK
2025-06-17,8705,日産証券グループ,スタンダード（内国株式）,証券･商品先物取引業,163,164,163,163,1,0.617284,125300,OK
2025-06-17,8706,極東証券,プライム（内国株式）,証券･商品先物取引業,1456,1466,1453,1464,13,0.895934,73300,OK
2025-06-17,8707,岩井コスモホールディングス,プライム（内国株式）,証券･商品先物取引業,2124,2163,2122,2151,35,1.654064,87600,OK
2025-06-17,8708,アイザワ証券グループ,プライム（内国株式）,証券･商品先物取引業,1234,1239,1226,1231,5,0.40783,64800,OK
2025-06-17,8713,フィデアホールディングス,プライム（内国株式）,銀行業,1436,1438,1428,1434,-2,-0.139276,27700,OK
2025-06-17,8714,池田泉州ホールディングス,プライム（内国株式）,銀行業,578,588,569,584,26,4.659498,2388100,OK
2025-06-17,8715,アニコム　ホールディングス,プライム（内国株式）,保険業,702,704,696,699,-5,-0.710227,322500,OK
2025-06-17,8725,ＭＳ＆ＡＤインシュアランスグループホールディングス,プライム（内国株式）,保険業,3226,3245,3221,3232,-24,-0.737101,2286600,OK
2025-06-17,8737,あかつき本社,スタンダード（内国株式）,証券･商品先物取引業,492,493,490,492,0,0,14000,OK
2025-06-17,8739,スパークス・グループ,プライム（内国株式）,証券･商品先物取引業,1553,1553,1527,1535,-4,-0.259909,29500,OK
2025-06-17,8742,小林洋行,スタンダード（内国株式）,証券･商品先物取引業,292,293,291,292,1,0.343643,4100,OK
2025-06-17,8746,ＵＮＢＡＮＫＥＤ,スタンダード（内国株式）,証券･商品先物取引業,304,310,295,296,-9,-2.95082,546800,OK
2025-06-17,8747,豊トラスティ証券,スタンダード（内国株式）,証券･商品先物取引業,1483,1498,1480,1498,13,0.875421,1900,OK
2025-06-17,8750,第一生命ホールディングス,プライム（内国株式）,保険業,1080,1082,1069,1078,-4,-0.369686,8482100,OK
2025-06-17,8766,東京海上ホールディングス,プライム（内国株式）,保険業,5902,5930,5883,5903,-17,-0.287162,2584200,OK
2025-06-17,8769,アドバンテッジリスクマネジメント,スタンダード（内国株式）,サービス業,580,592,580,591,12,2.072539,11600,OK
2025-06-17,8771,イー・ギャランティ,プライム（内国株式）,その他金融業,1485,1495,1480,1483,15,1.021798,161900,OK
2025-06-17,8772,アサックス,スタンダード（内国株式）,その他金融業,702,702,693,693,-6,-0.858369,8300,OK
2025-06-17,8783,ＧＦＡ,スタンダード（内国株式）,その他金融業,360,371,354,369,17,4.829545,1063000,OK
2025-06-17,8789,フィンテック　グローバル,スタンダード（内国株式）,その他金融業,106,108,105,107,2,1.904762,983600,OK
2025-06-17,8793,ＮＥＣキャピタルソリューション,プライム（内国株式）,その他金融業,3730,3740,3720,3735,10,0.268456,22500,OK
2025-06-17,8795,Ｔ＆Ｄホールディングス,プライム（内国株式）,保険業,3252,3269,3235,3250,-5,-0.15361,1243300,OK
2025-06-17,8798,アドバンスクリエイト,プライム（内国株式）,保険業,340,345,338,340,0,0,39600,OK
2025-06-17,8801,三井不動産,プライム（内国株式）,不動産業,1327,1365,1326,1362.5,23,1.717059,8004100,OK
2025-06-17,8802,三菱地所,プライム（内国株式）,不動産業,2675.5,2721.5,2666.5,2721.5,46,1.719305,3311800,OK
2025-06-17,8803,平和不動産,プライム（内国株式）,不動産業,4380,4480,4370,4465,70,1.592719,123700,OK
2025-06-17,8804,東京建物,プライム（内国株式）,不動産業,2617,2662.5,2615,2656.5,45,1.723148,898300,OK
2025-06-17,8818,京阪神ビルディング,プライム（内国株式）,不動産業,1560,1575,1557,1575,18,1.156069,74200,OK
2025-06-17,8830,住友不動産,プライム（内国株式）,不動産業,5811,5850,5765,5824,-6,-0.102916,1106900,OK
2025-06-17,8835,太平洋興発,スタンダード（内国株式）,卸売業,686,686,683,683,-3,-0.437318,6000,OK
2025-06-17,8836,ＲＩＳＥ,スタンダード（内国株式）,不動産業,32,33,30,33,1,3.125,1539100,OK
2025-06-17,8841,テーオーシー,スタンダード（内国株式）,不動産業,666,671,662,668,3,0.451128,46100,OK
2025-06-17,8844,コスモスイニシア,スタンダード（内国株式）,不動産業,1331,1409,1330,1391,59,4.429429,260200,OK
2025-06-17,8848,レオパレス２１,プライム（内国株式）,不動産業,610,613,608,608,-3,-0.490998,658400,OK
2025-06-17,8850,スターツコーポレーション,プライム（内国株式）,不動産業,4195,4255,4195,4245,35,0.831354,32400,OK
2025-06-17,8860,フジ住宅,プライム（内国株式）,不動産業,671,674,668,673,3,0.447761,38200,OK
2025-06-17,8864,空港施設,プライム（内国株式）,不動産業,790,799,788,794,2,0.252525,58600,OK
2025-06-17,8869,明和地所,スタンダード（内国株式）,不動産業,928,932,925,932,4,0.431034,19300,OK
2025-06-17,8871,ゴールドクレスト,スタンダード（内国株式）,不動産業,3390,3415,3340,3415,0,0,35700,OK
2025-06-17,8876,リログループ,プライム（内国株式）,サービス業,1667,1689.5,1666,1686,11,0.656716,255500,OK
2025-06-17,8877,エスリード,プライム（内国株式）,不動産業,4405,4450,4405,4440,40,0.909091,11200,OK
2025-06-17,8881,日神グループホールディングス,プライム（内国株式）,不動産業,504,505,503,504,-1,-0.19802,27800,OK
2025-06-17,8886,ウッドフレンズ,スタンダード（内国株式）,不動産業,1714,1717,1714,1716,0,0,3800,OK
2025-06-17,8887,シーラホールディングス,スタンダード（内国株式）,不動産業,328,331,326,328,-3,-0.906344,22500,OK
2025-06-17,8891,ＡＭＧホールディングス,スタンダード（内国株式）,不動産業,2008,2022,1941,1941,-85,-4.195459,9100,OK
2025-06-17,8892,日本エスコン,プライム（内国株式）,不動産業,971,975,970,975,4,0.411946,81400,OK
2025-06-17,8894,ＲＥＶＯＬＵＴＩＯＮ,スタンダード（内国株式）,不動産業,58,62,57,61,4,7.017544,3489200,OK
2025-06-17,8897,ＭＩＲＡＲＴＨホールディングス,プライム（内国株式）,不動産業,386,386,382,386,5,1.312336,1196500,OK
2025-06-17,8898,センチュリー２１・ジャパン,スタンダード（内国株式）,不動産業,1107,1110,1107,1109,-4,-0.359389,700,OK
2025-06-17,8904,ＡＶＡＮＴＩＡ,スタンダード（内国株式）,不動産業,788,789,786,788,1,0.127065,5700,OK
2025-06-17,8905,イオンモール,プライム（内国株式）,不動産業,2906,2942,2894,2898.5,-10.5,-0.360949,542000,OK
2025-06-17,8908,毎日コムネット,スタンダード（内国株式）,不動産業,743,744,741,744,0,0,3600,OK
2025-06-17,8912,エリアクエスト,スタンダード（内国株式）,不動産業,182,182,181,181,-1,-0.549451,19400,OK
2025-06-17,8914,エリアリンク,スタンダード（内国株式）,不動産業,2294,2334,2285,2323,31,1.352531,34300,OK
2025-06-17,8917,ファースト住建,スタンダード（内国株式）,不動産業,1003,1006,1001,1003,3,0.3,15100,OK
2025-06-17,8918,ランド,スタンダード（内国株式）,不動産業,9,9,8,8,0,0,104518200,OK
2025-06-17,8919,カチタス,プライム（内国株式）,不動産業,2335,2367,2322,2352,52,2.26087,272700,OK
2025-06-17,8920,東祥,スタンダード（内国株式）,サービス業,607,613,598,598,-7,-1.157025,58000,OK
2025-06-17,8921,シーズクリエイト,TOKYO PRO MARKET（内国株式）,不動産業,,,,,,,,NO_QUOTE
2025-06-17,8923,トーセイ,プライム（内国株式）,不動産業,2553,2587,2553,2584,32,1.253918,71700,OK
2025-06-17,8927,明豊エンタープライズ,スタンダード（内国株式）,不動産業,425,439,422,423,3,0.714286,418400,OK
2025-06-17,8928,穴吹興産,スタンダード（内国株式）,不動産業,2106,2113,2101,2102,-9,-0.426338,11700,OK
2025-06-17,8929,青山財産ネットワークス,スタンダード（内国株式）,不動産業,1790,1799,1783,1797,17,0.955056,18100,OK
2025-06-17,8931,和田興産,スタンダード（内国株式）,不動産業,1435,1448,1435,1448,11,0.765484,5400,OK
2025-06-17,8934,サンフロンティア不動産,プライム（内国株式）,不動産業,2024,2060,2021,2060,27,1.328087,59200,OK
2025-06-17,8935,ＦＪネクストホールディングス,プライム（内国株式）,不動産業,1197,1197,1186,1196,6,0.504202,29000,OK
2025-06-17,8938,グローム・ホールディングス,グロース（内国株式）,不動産業,680,700,679,700,22,3.244838,177100,OK
2025-06-17,8940,インテリックス,スタンダード（内国株式）,不動産業,913,913,901,913,0,0,15100,OK
2025-06-17,8944,ランドビジネス,スタンダード（内国株式）,不動産業,199,200,199,200,1,0.502513,10900,OK
2025-06-17,8945,サンネクスタグループ,スタンダード（内国株式）,不動産業,1058,1058,1052,1052,-1,-0.094967,4900,OK
2025-06-17,8946,ＡＳＩＡＮ　ＳＴＡＲ,スタンダード（内国株式）,不動産業,101,104,99,101,1,1,834100,OK
2025-06-17,8995,誠建設工業,スタンダード（内国株式）,不動産業,633,633,633,633,2,0.316957,100,OK
2025-06-17,8996,ハウスフリーダム,スタンダード（内国株式）,不動産業,805,806,802,802,-4,-0.496278,1400,OK
2025-06-17,8999,グランディハウス,プライム（内国株式）,不動産業,536,536,531,532,-3,-0.560748,19200,OK
2025-06-17,9001,東武鉄道,プライム（内国株式）,陸運業,2465.5,2467.5,2455,2465.5,-0.5,-0.020276,446900,OK
2025-06-17,9003,相鉄ホールディングス,プライム（内国株式）,陸運業,2212,2215,2197,2207,2.5,0.113404,208800,OK
2025-06-17,9005,東急,プライム（内国株式）,陸運業,1707,1714,1704,1709.5,-0.5,-0.02924,852800,OK
2025-06-17,9006,京浜急行電鉄,プライム（内国株式）,陸運業,1509.5,1513.5,1496,1498,-8.5,-0.564222,423500,OK
2025-06-17,9007,小田急電鉄,プライム（内国株式）,陸運業,1630,1665,1630,1661,19,1.157125,787900,OK
2025-06-17,9008,京王電鉄,プライム（内国株式）,陸運業,3535,3543,3523,3536,7,0.198356,229800,OK
2025-06-17,9009,京成電鉄,プライム（内国株式）,陸運業,1352,1387,1351.5,1381,22.5,1.656238,1431500,OK
2025-06-17,9010,富士急行,プライム（内国株式）,陸運業,1973,2006,1970,1998,51,2.619414,164900,OK
2025-06-17,9012,秩父鉄道,スタンダード（内国株式）,陸運業,,,,,,,,NO_QUOTE
2025-06-17,9017,新潟交通,スタンダード（内国株式）,陸運業,2070,2070,2070,2070,0,0,800,OK
2025-06-17,9020,東日本旅客鉄道,プライム（内国株式）,陸運業,3042,3067,3041,3052,10,0.328731,1865000,OK
2025-06-17,9021,西日本旅客鉄道,プライム（内国株式）,陸運業,3220,3243,3220,3238,27,0.84086,1607500,OK
2025-06-17,9022,東海旅客鉄道,プライム（内国株式）,陸運業,3081,3109,3081,3104,12,0.388098,1199100,OK
2025-06-17,9023,東京地下鉄,プライム（内国株式）,陸運業,1711,1720,1705,1705,-3.5,-0.204858,2173500,OK
2025-06-17,9024,西武ホールディングス,プライム（内国株式）,陸運業,4325,4539,4324,4525,220,5.110337,1613400,OK
2025-06-17,9025,鴻池運輸,プライム（内国株式）,陸運業,2835,2853,2831,2848,10,0.352361,128300,OK
2025-06-17,9028,ゼロ,スタンダード（内国株式）,陸運業,3280,3285,3175,3225,-60,-1.826484,37700,OK
2025-06-17,9029,ヒガシホールディングス,スタンダード（内国株式）,陸運業,1600,1657,1584,1648,66,4.171934,25400,OK
2025-06-17,9031,西日本鉄道,プライム（内国株式）,陸運業,2033,2037,2024,2025,-13,-0.63788,138000,OK
2025-06-17,9033,広島電鉄,スタンダード（内国株式）,陸運業,607,610,607,610,2,0.328947,2800,OK
2025-06-17,9034,南総通運,スタンダード（内国株式）,陸運業,1286,1287,1286,1286,8,0.625978,400,OK
2025-06-17,9036,東部ネットワーク,スタンダード（内国株式）,陸運業,865,865,857,859,-6,-0.693642,14800,OK
2025-06-17,9037,ハマキョウレックス,プライム（内国株式）,陸運業,1342,1347,1323,1338,-9,-0.668151,116700,OK
2025-06-17,9039,サカイ引越センター,プライム（内国株式）,陸運業,2690,2709,2688,2697,7,0.260223,49300,OK
2025-06-17,9041,近鉄グループホールディングス,プライム（内国株式）,陸運業,2679,2682.5,2663,2670.5,-6.5,-0.242809,1021000,OK
2025-06-17,9042,阪急阪神ホールディングス,プライム（内国株式）,陸運業,3825,3840,3814,3828,-6,-0.156495,353300,OK
2025-06-17,9044,南海電気鉄道,プライム（内国株式）,陸運業,2159,2177,2157.5,2166.5,6.5,0.300926,360100,OK
2025-06-17,9045,京阪ホールディングス,プライム（内国株式）,陸運業,3025,3034,3012,3018,-15,-0.49456,130600,OK
2025-06-17,9046,神戸電鉄,プライム（内国株式）,陸運業,2314,2314,2284,2298,-10,-0.433276,6900,OK
2025-06-17,9048,名古屋鉄道,プライム（内国株式）,陸運業,1614,1616.5,1608.5,1608.5,-6.5,-0.402477,377400,OK
2025-06-17,9049,京福電気鉄道,スタンダード（内国株式）,陸運業,,,,,,,,NO_QUOTE
2025-06-17,9051,センコン物流,スタンダード（内国株式）,陸運業,1185,1207,1185,1205,31,2.640545,6300,OK
2025-06-17,9052,山陽電気鉄道,プライム（内国株式）,陸運業,1997,2000,1989,1999,0,0,11900,OK
2025-06-17,9057,遠州トラック,スタンダード（内国株式）,陸運業,2937,2939,2912,2927,15,0.51511,1400,OK
2025-06-17,9059,カンダホールディングス,スタンダード（内国株式）,陸運業,775,775,771,774,3,0.389105,1600,OK
2025-06-17,9060,日本ロジテム,スタンダード（内国株式）,陸運業,4210,4210,4100,4120,-160,-3.738318,800,OK
2025-06-17,9063,岡山県貨物運送,スタンダード（内国株式）,陸運業,3365,3385,3365,3385,65,1.957831,800,OK
2025-06-17,9064,ヤマトホールディングス,プライム（内国株式）,陸運業,2000.5,2007,1973,1979.5,-22.5,-1.123876,1063800,OK
2025-06-17,9065,山九,プライム（内国株式）,陸運業,7571,7596,7534,7595,29,0.383294,251100,OK
2025-06-17,9066,日新,プライム（内国株式）,倉庫･運輸関連業,8090,8090,8080,8080,0,0,52900,OK
2025-06-17,9067,丸運,スタンダード（内国株式）,陸運業,401,401,396,397,0,0,11500,OK
2025-06-17,9068,丸全昭和運輸,プライム（内国株式）,陸運業,6680,6780,6680,6740,30,0.447094,22300,OK
2025-06-17,9069,センコーグループホールディングス,プライム（内国株式）,陸運業,1850,1865,1822,1831,-19,-1.027027,793500,OK
2025-06-17,9070,トナミホールディングス,プライム（内国株式）,陸運業,10170,10180,10170,10170,10,0.098425,1600,OK
2025-06-17,9072,ニッコンホールディングス,プライム（内国株式）,陸運業,3204,3245,3157,3168,-67,-2.071097,258600,OK
2025-06-17,9073,京極運輸商事,スタンダード（内国株式）,陸運業,1209,1224,1140,1190,-15,-1.244813,6500,OK
2025-06-17,9074,日本石油輸送,スタンダード（内国株式）,陸運業,,,,,,,,NO_QUOTE
2025-06-17,9075,福山通運,プライム（内国株式）,陸運業,3255,3315,3255,3300,35,1.071975,121900,OK
2025-06-17,9076,セイノーホールディングス,プライム（内国株式）,陸運業,2205.5,2218.5,2191,2191,-16.5,-0.747452,414500,OK
2025-06-17,9081,神奈川中央交通,プライム（内国株式）,陸運業,3600,3620,3585,3605,5,0.138889,6000,OK
2025-06-17,9082,大和自動車交通,スタンダード（内国株式）,陸運業,814,832,810,820,-1,-0.121803,4300,OK
2025-06-17,9083,神姫バス,スタンダード（内国株式）,陸運業,3520,3520,3505,3505,-20,-0.567376,500,OK
2025-06-17,9087,タカセ,スタンダード（内国株式）,陸運業,1115,1115,1115,1115,-19,-1.675485,500,OK
2025-06-17,9090,ＡＺ−ＣＯＭ丸和ホールディングス,プライム（内国株式）,陸運業,1065,1076,1043,1048,-22,-2.056075,398900,OK
2025-06-17,9101,日本郵船,プライム（内国株式）,海運業,5144,5149,5066,5112,-34,-0.660707,3080600,OK
2025-06-17,9104,商船三井,プライム（内国株式）,海運業,4953,4957,4892,4923,-70,-1.401963,2311400,OK
2025-06-17,9107,川崎汽船,プライム（内国株式）,海運業,2082.5,2085,2046,2060,-35.5,-1.694106,4989400,OK
2025-06-17,9110,ＮＳユナイテッド海運,プライム（内国株式）,海運業,4000,4010,3915,3950,-70,-1.741294,63700,OK
2025-06-17,9115,明海グループ,スタンダード（内国株式）,海運業,701,701,695,699,-2,-0.285307,10700,OK
2025-06-17,9119,飯野海運,プライム（内国株式）,海運業,1043,1048,1023,1026,-22,-2.099237,252200,OK
2025-06-17,9127,玉井商船,スタンダード（内国株式）,海運業,2072,2106,2028,2046,-24,-1.15942,13500,OK
2025-06-17,9130,共栄タンカー,スタンダード（内国株式）,海運業,1045,1058,1032,1033,-14,-1.337154,30900,OK
2025-06-17,9142,九州旅客鉄道,プライム（内国株式）,陸運業,3733,3761,3733,3759,6,0.159872,265600,OK
2025-06-17,9143,ＳＧホールディングス,プライム（内国株式）,陸運業,1653,1656,1573.5,1579,-76,-4.592145,2588600,OK
2025-06-17,9145,ビーイングホールディングス,スタンダード（内国株式）,陸運業,3070,3090,3020,3090,55,1.812191,6000,OK
2025-06-17,9146,五健堂ホールディングス,TOKYO PRO MARKET（内国株式）,陸運業,,,,,,,,NO_QUOTE
2025-06-17,9147,ＮＩＰＰＯＮ　ＥＸＰＲＥＳＳホールディングス,プライム（内国株式）,陸運業,2765,2778,2755,2778,-8,-0.28715,716300,OK
2025-06-17,9149,大友ロジスティクスサービス,TOKYO PRO MARKET（内国株式）,陸運業,,,,,,,,NO_QUOTE
2025-06-17,9156,はなホールディングス,TOKYO PRO MARKET（内国株式）,サービス業,,,,,,,,NO_QUOTE
2025-06-17,9158,シーユーシー,グロース（内国株式）,サービス業,1124,1124,1090,1099,-10,-0.901713,111300,OK
2025-06-17,9159,Ｗ　ＴＯＫＹＯ,グロース（内国株式）,サービス業,1561,1640,1561,1627,66,4.228059,9300,OK
2025-06-17,9160,ノバレーゼ,スタンダード（内国株式）,サービス業,313,315,312,314,-1,-0.31746,15600,OK
2025-06-17,9162,ブリーチ,グロース（内国株式）,サービス業,349,352,336,341,-8,-2.292264,113700,OK
2025-06-17,9163,ナレルグループ,グロース（内国株式）,サービス業,2262,2286,2252,2268,8,0.353982,54700,OK
2025-06-17,9164,トライト,グロース（内国株式）,サービス業,876,877,876,877,1,0.114155,826700,OK
2025-06-17,9165,クオルテック,グロース（内国株式）,サービス業,1300,1315,1300,1305,5,0.384615,1500,OK
2025-06-17,9166,ＧＥＮＤＡ,グロース（内国株式）,サービス業,791,823,788,818,42,5.412371,3585500,OK
2025-06-17,9167,フトン巻きのジロー,TOKYO PRO MARKET（内国株式）,サービス業,,,,,,,,NO_QUOTE
2025-06-17,9168,ライズ・コンサルティング・グループ,グロース（内国株式）,サービス業,1139,1159,1127,1143,27,2.419355,127400,OK
2025-06-17,9169,大伸社,TOKYO PRO MARKET（内国株式）,サービス業,,,,,,,,NO_QUOTE
2025-06-17,9171,栗林商船,スタンダード（内国株式）,海運業,1022,1036,1022,1029,7,0.684932,4800,OK
2025-06-17,9173,東海汽船,スタンダード（内国株式）,海運業,2995,2995,2958,2978,-18,-0.600801,900,OK
2025-06-17,9193,東京汽船,スタンダード（内国株式）,倉庫･運輸関連業,939,943,936,937,-4,-0.42508,16100,OK
2025-06-17,9201,日本航空,プライム（内国株式）,空運業,2792,2818,2777,2801.5,18.5,0.66475,1585800,OK
2025-06-17,9202,ＡＮＡホールディングス,プライム（内国株式）,空運業,2756,2767.5,2741,2763,13,0.472727,1545500,OK
2025-06-17,9204,スカイマーク,グロース（内国株式）,空運業,503,508,501,506,6,1.2,79500,OK
2025-06-17,9206,スターフライヤー,スタンダード（内国株式）,空運業,2109,2157,2109,2130,15,0.70922,4700,OK
2025-06-17,9211,エフ・コード,グロース（内国株式）,サービス業,2328,2360,2259,2360,79,3.463393,189600,OK
2025-06-17,9212,Ｇｒｅｅｎ　Ｅａｒｔｈ　Ｉｎｓｔｉｔｕｔｅ,グロース（内国株式）,サービス業,416,421,412,414,1,0.242131,10400,OK
2025-06-17,9213,セイファート,スタンダード（内国株式）,サービス業,790,796,780,796,4,0.505051,1700,OK
2025-06-17,9214,Ｒｅｃｏｖｅｒｙ　Ｉｎｔｅｒｎａｔｉｏｎａｌ,グロース（内国株式）,サービス業,1367,1380,1367,1380,12,0.877193,1500,OK
2025-06-17,9215,ＣａＳｙ,グロース（内国株式）,サービス業,899,910,899,907,8,0.889878,1700,OK
2025-06-17,9216,ビーウィズ,プライム（内国株式）,サービス業,1455,1473,1450,1470,18,1.239669,46400,OK
2025-06-17,9218,メンタルヘルステクノロジーズ,グロース（内国株式）,サービス業,666,673,661,670,8,1.208459,29800,OK
2025-06-17,9219,ギックス,グロース（内国株式）,サービス業,911,915,911,915,0,0,4300,OK
2025-06-17,9220,エフビー介護サービス,スタンダード（内国株式）,サービス業,1003,1044,1003,1044,41,4.087737,11100,OK
2025-06-17,9221,フルハシＥＰＯ,スタンダード（内国株式）,サービス業,1075,1077,1075,1077,1,0.092937,600,OK
2025-06-17,9222,ｍａｎａｂｙ,TOKYO PRO MARKET（内国株式）,サービス業,50,50,50,50,-50,-50,40000,OK
2025-06-17,9223,ＡＳＮＯＶＡ,グロース（内国株式）,サービス業,602,611,602,604,-2,-0.330033,4900,OK
2025-06-17,9224,環境のミカタ,TOKYO PRO MARKET（内国株式）,サービス業,,,,,,,,NO_QUOTE
2025-06-17,9225,ブリッジコンサルティンググループ,グロース（内国株式）,サービス業,1328,1348,1309,1309,-19,-1.430723,800,OK
2025-06-17,9226,アイガー,TOKYO PRO MARKET（内国株式）,サービス業,,,,,,,,NO_QUOTE
2025-06-17,9227,マイクロ波化学,グロース（内国株式）,サービス業,597,601,580,586,-7,-1.180438,215700,OK
2025-06-17,9229,サンウェルズ,プライム（内国株式）,サービス業,630,631,611,621,-3,-0.480769,153000,OK
2025-06-17,9233,アジア航測,スタンダード（内国株式）,空運業,1168,1168,1149,1163,7,0.605536,16900,OK
2025-06-17,9235,売れるネット広告社グループ,グロース（内国株式）,サービス業,1890,2015,1775,1811,1,0.055249,2016700,OK
2025-06-17,9236,ジャパンＭ＆Ａソリューション,グロース（内国株式）,サービス業,1440,1479,1433,1460,49,3.472714,1700,OK
2025-06-17,9237,笑美面,グロース（内国株式）,サービス業,1999,2010,1935,1976,-41,-2.032722,27400,OK
2025-06-17,9238,バリュークリエーション,グロース（内国株式）,サービス業,1696,1704,1615,1695,39,2.355072,137100,OK
2025-06-17,9239,ケーイーティ,TOKYO PRO MARKET（内国株式）,サービス業,,,,,,,,NO_QUOTE
2025-06-17,9240,デリバリーコンサルティング,グロース（内国株式）,サービス業,360,367,360,367,8,2.228412,8400,OK
2025-06-17,9241,フューチャーリンクネットワーク,グロース（内国株式）,サービス業,1550,1562,1500,1513,-43,-2.763496,2300,OK
2025-06-17,9242,メディア総研,グロース（内国株式）,サービス業,1348,1349,1335,1338,-7,-0.520446,6800,OK
2025-06-17,9243,富士テクノホールディングス,TOKYO PRO MARKET（内国株式）,サービス業,,,,,,,,NO_QUOTE
2025-06-17,9244,デジタリフト,グロース（内国株式）,サービス業,750,762,745,751,1,0.133333,1700,OK
2025-06-17,9245,リベロ,グロース（内国株式）,サービス業,1730,1730,1718,1718,-1,-0.058173,200,OK
2025-06-17,9246,プロジェクトホールディングス,グロース（内国株式）,サービス業,1259,1260,1259,1260,1,0.079428,700,OK
2025-06-17,9247,ＴＲＥホールディングス,プライム（内国株式）,サービス業,1410,1425,1406,1425,14,0.992204,179600,OK
2025-06-17,9248,人・夢・技術グループ,プライム（内国株式）,サービス業,1617,1623,1602,1616,-4,-0.246914,6200,OK
2025-06-17,9249,日本エコシステム,スタンダード（内国株式）,サービス業,1523,1524,1520,1520,-8,-0.52356,3600,OK
2025-06-17,9250,ＧＲＣＳ,グロース（内国株式）,サービス業,1360,1360,1339,1339,9,0.676692,200,OK
2025-06-17,9251,ＡＢ＆Ｃｏｍｐａｎｙ,グロース（内国株式）,サービス業,941,949,940,941,2,0.212993,16900,OK
2025-06-17,9252,ラストワンマイル,グロース（内国株式）,サービス業,3360,3460,3345,3420,90,2.702703,15600,OK
2025-06-17,9253,スローガン,グロース（内国株式）,サービス業,644,644,644,644,0,0,200,OK
2025-06-17,9254,ラバブルマーケティンググループ,グロース（内国株式）,サービス業,1383,1420,1373,1418,18,1.285714,1600,OK
2025-06-17,9256,サクシード,グロース（内国株式）,サービス業,809,809,809,809,0,0,100,OK
2025-06-17,9258,ＣＳ−Ｃ,グロース（内国株式）,サービス業,398,398,398,398,-4,-0.995025,200,OK
2025-06-17,9259,タカヨシホールディングス,グロース（内国株式）,サービス業,683,688,683,688,5,0.732064,400,OK
2025-06-17,9262,シルバーライフ,スタンダード（内国株式）,小売業,731,732,720,729,0,0,15300,OK
2025-06-17,9264,ポエック,スタンダード（内国株式）,卸売業,1647,1660,1629,1660,43,2.659246,24600,OK
2025-06-17,9265,ヤマシタヘルスケアホールディングス,スタンダード（内国株式）,卸売業,2619,2656,2619,2656,-2,-0.075245,200,OK
2025-06-17,9267,Ｇｅｎｋｙ　ＤｒｕｇＳｔｏｒｅｓ,プライム（内国株式）,小売業,3620,3680,3620,3670,45,1.241379,34700,OK
2025-06-17,9268,オプティマスグループ,スタンダード（内国株式）,卸売業,333,333,328,330,-3,-0.900901,91600,OK
2025-06-17,9270,バリュエンスホールディングス,グロース（内国株式）,卸売業,889,889,881,886,-2,-0.225225,11400,OK
2025-06-17,9271,和心,グロース（内国株式）,小売業,445,445,438,441,-1,-0.226244,10300,OK
2025-06-17,9272,ブティックス,グロース（内国株式）,サービス業,1212,1230,1206,1230,20,1.652893,18100,OK
2025-06-17,9273,コーア商事ホールディングス,プライム（内国株式）,卸売業,703,703,699,702,-2,-0.284091,41700,OK
2025-06-17,9274,ＫＰＰグループホールディングス,プライム（内国株式）,卸売業,700,707,695,707,12,1.726619,232800,OK
2025-06-17,9275,ナルミヤ・インターナショナル,スタンダード（内国株式）,小売業,1310,1320,1308,1319,14,1.072797,10300,OK
2025-06-17,9278,ブックオフグループホールディングス,プライム（内国株式）,小売業,1375,1388,1374,1383,6,0.43573,55800,OK
2025-06-17,9279,ギフトホールディングス,プライム（内国株式）,小売業,3645,3670,3575,3615,-10,-0.275862,109300,OK
2025-06-17,9301,三菱倉庫,プライム（内国株式）,倉庫･運輸関連業,1183,1203.5,1177,1203,20,1.690617,2266400,OK
2025-06-17,9302,三井倉庫ホールディングス,プライム（内国株式）,倉庫･運輸関連業,3975,3985,3910,3915,-90,-2.247191,164500,OK
2025-06-17,9303,住友倉庫,プライム（内国株式）,倉庫･運輸関連業,2993,3005,2973,2992,-1,-0.033411,95000,OK
2025-06-17,9304,澁澤倉庫,プライム（内国株式）,倉庫･運輸関連業,3980,4030,3980,4020,45,1.132075,13800,OK
2025-06-17,9305,ヤマタネ,プライム（内国株式）,卸売業,2290,2314,2284,2314,24,1.048035,79700,OK
2025-06-17,9306,東陽倉庫,スタンダード（内国株式）,倉庫･運輸関連業,1610,1618,1610,1612,1,0.062073,3600,OK
2025-06-17,9307,杉村倉庫,スタンダード（内国株式）,倉庫･運輸関連業,768,777,762,770,2,0.260417,21500,OK
2025-06-17,9308,乾汽船,スタンダード（内国株式）,海運業,1213,1230,1210,1228,16,1.320132,76800,OK
2025-06-17,9310,日本トランスシティ,プライム（内国株式）,倉庫･運輸関連業,1033,1065,1033,1064,43,4.211557,142700,OK
2025-06-17,9311,アサガミ,スタンダード（内国株式）,倉庫･運輸関連業,,,,,,,,NO_QUOTE
2025-06-17,9312,ケイヒン,スタンダード（内国株式）,倉庫･運輸関連業,2523,2523,2429,2500,3,0.120144,3200,OK
2025-06-17,9313,丸八倉庫,スタンダード（内国株式）,倉庫･運輸関連業,850,850,848,848,12,1.435407,1300,OK
2025-06-17,9319,中央倉庫,プライム（内国株式）,倉庫･運輸関連業,1372,1377,1364,1367,-5,-0.364431,7100,OK
2025-06-17,9322,川西倉庫,スタンダード（内国株式）,倉庫･運輸関連業,1140,1146,1140,1146,5,0.438212,800,OK
2025-06-17,9324,安田倉庫,プライム（内国株式）,倉庫･運輸関連業,1842,1860,1840,1854,4,0.216216,19600,OK
2025-06-17,9325,ファイズホールディングス,スタンダード（内国株式）,倉庫･運輸関連業,1124,1150,1123,1145,35,3.153153,14300,OK
2025-06-17,9326,関通,グロース（内国株式）,倉庫･運輸関連業,362,366,361,365,0,0,9000,OK
2025-06-17,9327,イー・ロジット,スタンダード（内国株式）,倉庫･運輸関連業,371,401,361,381,10,2.695418,201900,OK
2025-06-17,9330,揚羽,グロース（内国株式）,サービス業,778,778,773,773,-5,-0.642674,1200,OK
2025-06-17,9331,キャスター,グロース（内国株式）,サービス業,892,914,890,914,13,1.442841,700,OK
2025-06-17,9332,ＮＩＳＳＯホールディングス,プライム（内国株式）,サービス業,623,625,617,617,-6,-0.963082,69500,OK
2025-06-17,9334,アイビスホールディングス,TOKYO PRO MARKET（内国株式）,サービス業,,,,,,,,NO_QUOTE
2025-06-17,9335,テクノクリエイティブ,TOKYO PRO MARKET（内国株式）,サービス業,,,,,,,,NO_QUOTE
2025-06-17,9336,大栄環境,プライム（内国株式）,サービス業,3225,3250,3190,3190,-5,-0.156495,90700,OK
2025-06-17,9337,トリドリ,グロース（内国株式）,サービス業,2095,2136,2060,2060,-8,-0.386847,15000,OK
2025-06-17,9338,ＩＮＦＯＲＩＣＨ,グロース（内国株式）,サービス業,2839,3015,2838,3010,158,5.539972,334000,OK
2025-06-17,9339,コーチ・エィ,スタンダード（内国株式）,サービス業,948,950,946,946,-2,-0.21097,1800,OK
2025-06-17,9340,アソインターナショナル,スタンダード（内国株式）,サービス業,588,588,574,576,-12,-2.040816,4600,OK
2025-06-17,9341,ＧＥＮＯＶＡ,プライム（内国株式）,サービス業,740,750,733,746,8,1.084011,148700,OK
2025-06-17,9342,スマサポ,グロース（内国株式）,サービス業,1045,1045,1010,1011,-19,-1.84466,3200,OK
2025-06-17,9343,アイビス,グロース（内国株式）,サービス業,3065,3160,3065,3150,75,2.439024,27400,OK
2025-06-17,9344,アクシスコンサルティング,グロース（内国株式）,サービス業,744,744,734,740,-3,-0.403769,5500,OK
2025-06-17,9345,ビズメイツ,グロース（内国株式）,サービス業,2255,2284,2255,2284,39,1.737194,1700,OK
2025-06-17,9346,ココルポート,グロース（内国株式）,サービス業,1516,1518,1500,1511,-8,-0.526662,4300,OK
2025-06-17,9347,日本管財ホールディングス,プライム（内国株式）,サービス業,2710,2717,2701,2714,-1,-0.036832,17900,OK
2025-06-17,9348,ｉｓｐａｃｅ,グロース（内国株式）,サービス業,615,621,596,596,-18,-2.931596,7854700,OK
2025-06-17,9351,東洋埠頭,スタンダード（内国株式）,倉庫･運輸関連業,1340,1342,1330,1337,-3,-0.223881,3900,OK
2025-06-17,9353,櫻島埠頭,スタンダード（内国株式）,倉庫･運輸関連業,1668,1668,1647,1659,5,0.302297,300,OK
2025-06-17,9355,リンコーコーポレーション,スタンダード（内国株式）,倉庫･運輸関連業,,,,,,,,NO_QUOTE
2025-06-17,9360,鈴与シンワート,スタンダード（内国株式）,情報･通信業,3030,3070,3015,3035,25,0.830565,6200,OK
2025-06-17,9361,伏木海陸運送,スタンダード（内国株式）,倉庫･運輸関連業,1642,1670,1642,1670,20,1.212121,500,OK
2025-06-17,9362,兵機海運,スタンダード（内国株式）,倉庫･運輸関連業,3405,3405,3405,3405,5,0.147059,100,OK
2025-06-17,9363,大運,スタンダード（内国株式）,倉庫･運輸関連業,400,400,398,399,1,0.251256,2200,OK
2025-06-17,9364,上組,プライム（内国株式）,倉庫･運輸関連業,4026,4061,4015,4040,-12,-0.29615,196300,OK
2025-06-17,9365,トレーディア,スタンダード（内国株式）,倉庫･運輸関連業,1250,1250,1249,1249,-2,-0.159872,500,OK
2025-06-17,9366,サンリツ,スタンダード（内国株式）,倉庫･運輸関連業,796,798,795,795,-2,-0.250941,1400,OK
2025-06-17,9367,大東港運,スタンダード（内国株式）,倉庫･運輸関連業,711,711,711,711,-9,-1.25,1000,OK
2025-06-17,9368,キムラユニティー,スタンダード（内国株式）,倉庫･運輸関連業,800,804,793,799,2,0.250941,40200,OK
2025-06-17,9369,キユーソー流通システム,スタンダード（内国株式）,倉庫･運輸関連業,2928,2991,2813,2838,-60,-2.070393,173800,OK
2025-06-17,9376,ユーラシア旅行社,スタンダード（内国株式）,サービス業,495,495,495,495,0,0,200,OK
2025-06-17,9377,エージーピー,スタンダード（内国株式）,倉庫･運輸関連業,1526,1530,1525,1529,4,0.262295,5300,OK
2025-06-17,9380,東海運,スタンダード（内国株式）,倉庫･運輸関連業,320,321,319,320,0,0,9400,OK
2025-06-17,9381,エーアイテイー,プライム（内国株式）,倉庫･運輸関連業,1741,1770,1741,1763,9,0.513113,16500,OK
2025-06-17,9384,内外トランスライン,プライム（内国株式）,倉庫･運輸関連業,4045,4050,4045,4045,-5,-0.123457,1100,OK
2025-06-17,9385,ショーエイコーポレーション,スタンダード（内国株式）,化学,534,537,534,535,1,0.187266,8100,OK
2025-06-17,9386,日本コンセプト,プライム（内国株式）,倉庫･運輸関連業,1980,2015,1970,2006,38,1.930894,55900,OK
2025-06-17,9401,ＴＢＳホールディングス,プライム（内国株式）,情報･通信業,4589,4705,4580,4649,42,0.911656,264100,OK
2025-06-17,9404,日本テレビホールディングス,プライム（内国株式）,情報･通信業,3242,3272,3180,3201,-73,-2.229688,550300,OK
2025-06-17,9405,朝日放送グループホールディングス,プライム（内国株式）,情報･通信業,675,683,674,683,8,1.185185,54000,OK
2025-06-17,9408,ＢＳＮメディアホールディングス,スタンダード（内国株式）,情報･通信業,,,,,,,,NO_QUOTE
2025-06-17,9409,テレビ朝日ホールディングス,プライム（内国株式）,情報･通信業,2608,2627,2566,2584,-44,-1.674277,464700,OK
2025-06-17,9412,スカパーＪＳＡＴホールディングス,プライム（内国株式）,情報･通信業,1350,1358,1331,1346,-6,-0.443787,582700,OK
2025-06-17,9413,テレビ東京ホールディングス,プライム（内国株式）,情報･通信業,3460,3490,3430,3430,-45,-1.294964,37300,OK
2025-06-17,9414,日本ＢＳ放送,スタンダード（内国株式）,情報･通信業,928,931,924,925,-3,-0.323276,3600,OK
2025-06-17,9416,ビジョン,プライム（内国株式）,情報･通信業,1220,1221,1203,1212,-4,-0.328947,350700,OK
2025-06-17,9417,スマートバリュー,スタンダード（内国株式）,情報･通信業,433,434,425,429,12,2.877698,19000,OK
2025-06-17,9418,Ｕ−ＮＥＸＴ　ＨＯＬＤＩＮＧＳ,プライム（内国株式）,情報･通信業,2168,2185,2165,2170,-7,-0.321543,182600,OK
2025-06-17,9419,ワイヤレスゲート,スタンダード（内国株式）,情報･通信業,276,276,272,272,-1,-0.3663,13500,OK
2025-06-17,9421,エヌジェイホールディングス,スタンダード（内国株式）,情報･通信業,726,726,673,706,-13,-1.808067,40500,OK
2025-06-17,9423,フォーバル・リアルストレート,スタンダード（内国株式）,情報･通信業,107,107,106,107,0,0,58800,OK
2025-06-17,9424,日本通信,プライム（内国株式）,情報･通信業,157,158,155,157,1,0.641026,1285400,OK
2025-06-17,9425,ＲｅＹｕｕ　Ｊａｐａｎ,スタンダード（内国株式）,情報･通信業,579,588,570,576,-13,-2.207131,32800,OK
2025-06-17,9428,クロップス,スタンダード（内国株式）,情報･通信業,1148,1148,1124,1130,-18,-1.567944,2100,OK
2025-06-17,9432,日本電信電話,プライム（内国株式）,情報･通信業,154.5,154.9,153.4,153.5,-1.5,-0.967742,131461200,OK
2025-06-17,9433,ＫＤＤＩ,プライム（内国株式）,情報･通信業,2430.5,2451.5,2416,2448,10,0.410172,5499900,OK
2025-06-17,9434,ソフトバンク,プライム（内国株式）,情報･通信業,220.1,222.4,219.5,222,1.2,0.543478,47577100,OK
2025-06-17,94345,ソフトバンク（優先株式）,プライム（内国株式）,情報･通信業,3762,3775,3759,3768,-12,-0.31746,6800,OK
2025-06-17,94346,ソフトバンク（優先株式）,プライム（内国株式）,情報･通信業,7604,7631,7604,7607,2,0.026298,3700,OK
2025-06-17,9435,光通信,プライム（内国株式）,情報･通信業,42000,42020,41460,41460,-50,-0.120453,69400,OK
2025-06-17,9436,沖縄セルラー電話,スタンダード（内国株式）,情報･通信業,4990,5000,4960,4975,15,0.302419,38000,OK
2025-06-17,9438,エムティーアイ,プライム（内国株式）,情報･通信業,829,841,819,839,10,1.206273,48800,OK
2025-06-17,9439,エム・エイチ・グループ,スタンダード（内国株式）,サービス業,230,230,226,228,0,0,18500,OK
2025-06-17,9441,ベルパーク,スタンダード（内国株式）,情報･通信業,1900,1903,1896,1900,0,0,21600,OK
2025-06-17,9444,トーシンホールディングス,スタンダード（内国株式）,情報･通信業,621,631,621,629,6,0.963082,9800,OK
2025-06-17,9445,フォーバルテレコム,スタンダード（内国株式）,情報･通信業,518,524,512,518,4,0.77821,2000,OK
2025-06-17,9446,サカイホールディングス,スタンダード（内国株式）,情報･通信業,435,437,435,436,1,0.229885,3600,OK
2025-06-17,9449,ＧＭＯインターネットグループ,プライム（内国株式）,情報･通信業,3460,3544,3456,3533,32,0.914025,160100,OK
2025-06-17,9450,ファイバーゲート,プライム（内国株式）,情報･通信業,750,753,742,743,-8,-1.065246,105600,OK
2025-06-17,9466,アイドママーケティングコミュニケーション,スタンダード（内国株式）,情報･通信業,252,252,249,249,-3,-1.190476,5800,OK
2025-06-17,9467,アルファポリス,グロース（内国株式）,情報･通信業,1458,1474,1429,1455,15,1.041667,116400,OK
2025-06-17,9468,ＫＡＤＯＫＡＷＡ,プライム（内国株式）,情報･通信業,3829,3908,3809,3864,35,0.914077,399500,OK
2025-06-17,9470,学研ホールディングス,プライム（内国株式）,情報･通信業,919,922,915,915,-3,-0.326797,45500,OK
2025-06-17,9474,ゼンリン,プライム（内国株式）,情報･通信業,1065,1078,1059,1074,1,0.093197,123700,OK
2025-06-17,9475,昭文社ホールディングス,スタンダード（内国株式）,情報･通信業,405,407,403,407,2,0.493827,2800,OK
2025-06-17,9476,中央経済社ホールディングス,スタンダード（内国株式）,情報･通信業,561,577,561,562,-9,-1.576182,3900,OK
2025-06-17,9478,ＳＥホールディングス・アンド・インキュベーションズ,スタンダード（内国株式）,情報･通信業,290,326,290,306,11,3.728814,298000,OK
2025-06-17,9479,インプレスホールディングス,スタンダード（内国株式）,情報･通信業,205,206,205,205,0,0,71800,OK
2025-06-17,9501,東京電力ホールディングス,プライム（内国株式）,電気･ガス業,429.7,455.9,428.5,442.2,17.5,4.120556,93111400,OK
2025-06-17,9502,中部電力,プライム（内国株式）,電気･ガス業,1703,1730.5,1701,1728.5,11.5,0.669773,2070400,OK
2025-06-17,9503,関西電力,プライム（内国株式）,電気･ガス業,1631.5,1648,1631,1644.5,2.5,0.152253,3749600,OK
2025-06-17,9504,中国電力,プライム（内国株式）,電気･ガス業,699.1,706.2,695.5,705.1,6,0.858246,2158000,OK
2025-06-17,9505,北陸電力,プライム（内国株式）,電気･ガス業,697,702.9,691.4,699.3,12.2,1.775579,1177000,OK
2025-06-17,9506,東北電力,プライム（内国株式）,電気･ガス業,991.2,1004,988.4,1003,7.7,0.773636,1809500,OK
2025-06-17,9507,四国電力,プライム（内国株式）,電気･ガス業,1181.5,1187.5,1174.5,1184,12.5,1.067008,796300,OK
2025-06-17,9508,九州電力,プライム（内国株式）,電気･ガス業,1210,1235,1205,1231.5,28,2.326548,3611000,OK
2025-06-17,9509,北海道電力,プライム（内国株式）,電気･ガス業,708,722.8,706,719.7,16.8,2.390098,4465400,OK
2025-06-17,9511,沖縄電力,プライム（内国株式）,電気･ガス業,878,885,873,881,3,0.341686,146300,OK
2025-06-17,9513,電源開発,プライム（内国株式）,電気･ガス業,2360,2377.5,2353.5,2377.5,6,0.253004,706900,OK
2025-06-17,9514,エフオン,スタンダード（内国株式）,電気･ガス業,334,336,333,333,-2,-0.597015,23700,OK
2025-06-17,9517,イーレックス,プライム（内国株式）,電気･ガス業,765,783,763,766,1,0.130719,260200,OK
2025-06-17,9519,レノバ,プライム（内国株式）,電気･ガス業,635,642,628,632,-3,-0.472441,500500,OK
2025-06-17,9531,東京瓦斯,プライム（内国株式）,電気･ガス業,4698,4752,4693,4744,46,0.97914,1053800,OK
2025-06-17,9532,大阪瓦斯,プライム（内国株式）,電気･ガス業,3636,3660,3632,3656,5,0.136949,480700,OK
2025-06-17,9533,東邦瓦斯,プライム（内国株式）,電気･ガス業,4030,4059,4025,4046,-15,-0.369367,163000,OK
2025-06-17,9534,北海道瓦斯,プライム（内国株式）,電気･ガス業,568,569,560,567,2,0.353982,80700,OK
2025-06-17,9535,広島ガス,プライム（内国株式）,電気･ガス業,352,354,351,352,-1,-0.283286,39300,OK
2025-06-17,9536,西部ガスホールディングス,プライム（内国株式）,電気･ガス業,1790,1803,1786,1803,8,0.445682,58900,OK
2025-06-17,9537,北陸瓦斯,スタンダード（内国株式）,電気･ガス業,3525,3525,3525,3525,-10,-0.282885,100,OK
2025-06-17,9539,京葉瓦斯,スタンダード（内国株式）,電気･ガス業,1147,1147,1100,1100,-50,-4.347826,16300,OK
2025-06-17,9543,静岡ガス,プライム（内国株式）,電気･ガス業,1064,1077,1062,1067,1,0.093809,130200,OK
2025-06-17,9551,メタウォーター,プライム（内国株式）,電気･ガス業,2207,2216,2201,2209,2,0.090621,83000,OK
2025-06-17,9552,Ｍ＆Ａ総研ホールディングス,プライム（内国株式）,サービス業,1324,1364,1320,1350,27,2.040816,575600,OK
2025-06-17,9553,マイクロアド,グロース（内国株式）,サービス業,460,464,436,453,25,5.841121,1112600,OK
2025-06-17,9554,ＡＶｉＣ,グロース（内国株式）,サービス業,2277,2371,2272,2329,63,2.780229,40300,OK
2025-06-17,9556,ＩＮＴＬＯＯＰ,グロース（内国株式）,サービス業,5890,6250,5890,6240,450,7.772021,116100,OK
2025-06-17,9557,エアークローゼット,グロース（内国株式）,サービス業,471,477,466,466,-4,-0.851064,5300,OK
2025-06-17,9558,ジャパニアス,グロース（内国株式）,サービス業,2190,2200,2171,2174,4,0.184332,4700,OK
2025-06-17,9560,プログリット,グロース（内国株式）,サービス業,1246,1247,1217,1236,10,0.815661,29900,OK
2025-06-17,9561,グラッドキューブ,グロース（内国株式）,サービス業,818,860,818,850,27,3.28068,37300,OK
2025-06-17,9562,ビジネスコーチ,グロース（内国株式）,サービス業,2092,2094,2063,2073,0,0,2600,OK
2025-06-17,9563,Ａｔｌａｓ　Ｔｅｃｈｎｏｌｏｇｉｅｓ,グロース（内国株式）,サービス業,309,309,307,308,0,0,1000,OK
2025-06-17,9564,ＦＣＥ,スタンダード（内国株式）,サービス業,749,757,739,750,-3,-0.398406,149200,OK
2025-06-17,9565,ＧＬＯＥ,グロース（内国株式）,サービス業,983,999,977,980,12,1.239669,7300,OK
2025-06-17,9600,アイネット,プライム（内国株式）,情報･通信業,1854,1898,1854,1876,13,0.697799,15200,OK
2025-06-17,9601,松竹,プライム（内国株式）,情報･通信業,13660,13870,13650,13800,190,1.396032,23100,OK
2025-06-17,9602,東宝,プライム（内国株式）,情報･通信業,7901,8056,7900,8041,76,0.954175,360100,OK
2025-06-17,9603,エイチ・アイ・エス,プライム（内国株式）,サービス業,1388,1424,1381,1407,7,0.5,1547700,OK
2025-06-17,9605,東映,プライム（内国株式）,情報･通信業,4980,5010,4905,4955,-10,-0.20141,99600,OK
2025-06-17,9610,ウィルソン・ラーニング　ワールドワイド,スタンダード（内国株式）,サービス業,134,163,134,151,27,21.774194,11120400,OK
2025-06-17,9612,ラックランド,プライム（内国株式）,サービス業,1010,1018,1003,1003,-15,-1.473477,43600,OK
2025-06-17,9613,ＮＴＴデータグループ,プライム（内国株式）,情報･通信業,3993,3994,3991,3994,0,0,1997800,OK
2025-06-17,9616,共立メンテナンス,プライム（内国株式）,サービス業,3337,3346,3286,3292,-25,-0.753693,496600,OK
2025-06-17,9619,イチネンホールディングス,プライム（内国株式）,サービス業,1616,1623,1612,1621,5,0.309406,16400,OK
2025-06-17,9621,建設技術研究所,プライム（内国株式）,サービス業,2778,2840,2755,2792,0,0,67200,OK
2025-06-17,9622,スペース,プライム（内国株式）,サービス業,1168,1178,1168,1170,-2,-0.170648,25200,OK
2025-06-17,9625,セレスポ,スタンダード（内国株式）,サービス業,1062,1064,1060,1063,1,0.094162,1200,OK
2025-06-17,9627,アインホールディングス,プライム（内国株式）,小売業,5502,5533,5439,5462,-40,-0.727008,103100,OK
2025-06-17,9628,燦ホールディングス,プライム（内国株式）,サービス業,1521,1570,1512,1523,32,2.146211,65800,OK
2025-06-17,9629,ピー・シー・エー,プライム（内国株式）,情報･通信業,1796,1807,1791,1797,-8,-0.443213,7900,OK
2025-06-17,9632,スバル興業,スタンダード（内国株式）,サービス業,2852,2880,2816,2866,-4,-0.139373,25300,OK
2025-06-17,9633,東京テアトル,スタンダード（内国株式）,サービス業,1077,1083,1074,1075,-1,-0.092937,7800,OK
2025-06-17,9635,武蔵野興業,スタンダード（内国株式）,サービス業,,,,,,,,NO_QUOTE
2025-06-17,9636,きんえい,スタンダード（内国株式）,サービス業,4155,4165,4155,4165,5,0.120192,600,OK
2025-06-17,9639,三協フロンテア,スタンダード（内国株式）,サービス業,1958,1958,1946,1947,-1,-0.051335,2400,OK
2025-06-17,9640,セゾンテクノロジー,スタンダード（内国株式）,情報･通信業,1809,1809,1800,1805,-5,-0.276243,1300,OK
2025-06-17,9644,タナベコンサルティンググループ,プライム（内国株式）,サービス業,759,768,754,758,3,0.397351,34000,OK
2025-06-17,9647,協和コンサルタンツ,スタンダード（内国株式）,サービス業,6100,6100,6100,6100,0,0,200,OK
2025-06-17,9651,日本プロセス,スタンダード（内国株式）,情報･通信業,1408,1410,1408,1410,-13,-0.913563,800,OK
2025-06-17,9656,グリーンランドリゾート,スタンダード（内国株式）,サービス業,650,650,644,649,0,0,3400,OK
2025-06-17,9658,ビジネスブレイン太田昭和,プライム（内国株式）,情報･通信業,2570,2650,2567,2623,46,1.785021,16700,OK
2025-06-17,9661,歌舞伎座,スタンダード（内国株式）,サービス業,4590,4590,4580,4585,-5,-0.108932,1700,OK
2025-06-17,9663,ナガワ,プライム（内国株式）,サービス業,6100,6100,5980,5990,-110,-1.803279,18300,OK
2025-06-17,9672,東京都競馬,プライム（内国株式）,サービス業,4510,4550,4505,4510,30,0.669643,65300,OK
2025-06-17,9678,カナモト,プライム（内国株式）,サービス業,3085,3100,3065,3085,-20,-0.644122,90900,OK
2025-06-17,9679,ホウライ,スタンダード（内国株式）,サービス業,1661,1661,1661,1661,-3,-0.180288,100,OK
2025-06-17,9682,ＤＴＳ,プライム（内国株式）,情報･通信業,5050,5130,5050,5100,50,0.990099,96300,OK
2025-06-17,9684,スクウェア・エニックス・ホールディングス,プライム（内国株式）,情報･通信業,9552,9720,9462,9704,115,1.199291,619100,OK
2025-06-17,9685,ＫＹＣＯＭホールディングス,スタンダード（内国株式）,情報･通信業,642,670,631,645,11,1.735016,7500,OK
2025-06-17,9686,東洋テック,スタンダード（内国株式）,サービス業,1322,1322,1320,1320,-1,-0.0757,1200,OK
2025-06-17,9687,ＫＳＫ,スタンダード（内国株式）,情報･通信業,3615,3695,3615,3655,40,1.106501,3000,OK
2025-06-17,9691,両毛システムズ,スタンダード（内国株式）,情報･通信業,2992,2998,2950,2987,-33,-1.092715,2100,OK
2025-06-17,9692,シーイーシー,プライム（内国株式）,情報･通信業,2130,2164,2113,2127,-22,-1.023732,198800,OK
2025-06-17,9696,ウィザス,スタンダード（内国株式）,サービス業,3225,3230,3225,3225,0,0,18000,OK
2025-06-17,9697,カプコン,プライム（内国株式）,情報･通信業,4611,4681,4576,4663,38,0.821622,1487200,OK
2025-06-17,9698,クレオ,スタンダード（内国株式）,情報･通信業,1092,1103,1091,1095,0,0,4200,OK
2025-06-17,9699,ニシオホールディングス,プライム（内国株式）,サービス業,3890,3935,3880,3920,20,0.512821,24500,OK
2025-06-17,9701,東京會舘,スタンダード（内国株式）,サービス業,3840,3850,3840,3850,5,0.130039,300,OK
2025-06-17,9702,アイ・エス・ビー,プライム（内国株式）,情報･通信業,1363,1364,1353,1360,-3,-0.220103,12900,OK
2025-06-17,9704,アゴーラ　ホスピタリティー　グループ,スタンダード（内国株式）,サービス業,61,62,59,62,2,3.333333,2346700,OK
2025-06-17,9706,日本空港ビルデング,プライム（内国株式）,不動産業,4291,4320,4275,4318,-7,-0.16185,202100,OK
2025-06-17,9708,帝国ホテル,スタンダード（内国株式）,サービス業,983,985,974,978,-5,-0.508647,39500,OK
2025-06-17,9709,ＮＣＳ＆Ａ,スタンダード（内国株式）,情報･通信業,1159,1178,1145,1178,21,1.815039,22300,OK
2025-06-17,9713,ロイヤルホテル,スタンダード（内国株式）,サービス業,880,881,870,873,-9,-1.020408,17900,OK
2025-06-17,9715,トランス・コスモス,プライム（内国株式）,サービス業,3490,3500,3435,3435,-35,-1.008646,95800,OK
2025-06-17,9716,乃村工藝社,プライム（内国株式）,サービス業,919,927,915,922,1,0.108578,259600,OK
2025-06-17,9719,ＳＣＳＫ,プライム（内国株式）,情報･通信業,4320,4358,4302,4342,-21,-0.48132,672400,OK
2025-06-17,9720,ホテル、ニューグランド,スタンダード（内国株式）,サービス業,,,,,,,,NO_QUOTE
2025-06-17,9722,藤田観光,プライム（内国株式）,サービス業,9800,10020,9750,9750,-50,-0.510204,103900,OK
2025-06-17,9723,京都ホテル,スタンダード（内国株式）,サービス業,632,634,631,633,1,0.158228,4900,OK
2025-06-17,9726,ＫＮＴ−ＣＴホールディングス,スタンダード（内国株式）,サービス業,1004,1007,998,1004,0,0,20900,OK
2025-06-17,9729,トーカイ,プライム（内国株式）,サービス業,2155,2158,2127,2145,-10,-0.464037,19000,OK
2025-06-17,9731,白洋舎,スタンダード（内国株式）,サービス業,3045,3045,2995,3005,0,0,4500,OK
2025-06-17,9733,ナガセ,スタンダード（内国株式）,サービス業,1858,1864,1851,1858,1,0.05385,12700,OK
2025-06-17,9735,セコム,プライム（内国株式）,サービス業,5413,5480,5411,5451,36,0.66482,746800,OK
2025-06-17,9739,ＮＳＷ,プライム（内国株式）,情報･通信業,2682,2722,2675,2679,-3,-0.111857,16200,OK
2025-06-17,9740,セントラル警備保障,プライム（内国株式）,サービス業,2315,2315,2285,2304,2,0.086881,15900,OK
2025-06-17,9742,アイネス,プライム（内国株式）,情報･通信業,1642,1659,1633,1644,5,0.305064,26700,OK
2025-06-17,9743,丹青社,プライム（内国株式）,サービス業,1290,1292,1257,1273,-7,-0.546875,1169400,OK
2025-06-17,9744,メイテックグループホールディングス,プライム（内国株式）,サービス業,3200,3222,3194,3215,7,0.218204,150200,OK
2025-06-17,9746,ＴＫＣ,プライム（内国株式）,情報･通信業,4270,4300,4225,4225,-45,-1.053864,38900,OK
2025-06-17,9753,アイエックス・ナレッジ,スタンダード（内国株式）,情報･通信業,1060,1085,1058,1085,27,2.551985,6400,OK
2025-06-17,9755,応用地質,プライム（内国株式）,サービス業,2889,2894,2857,2877,-2,-0.069469,26700,OK
2025-06-17,9757,船井総研ホールディングス,プライム（内国株式）,サービス業,2399,2429,2370,2370,-35,-1.455301,88800,OK
2025-06-17,9759,ＮＳＤ,プライム（内国株式）,情報･通信業,3497,3555,3493,3514,-3,-0.0853,107200,OK
2025-06-17,9760,進学会ホールディングス,スタンダード（内国株式）,サービス業,159,160,158,159,0,0,27000,OK
2025-06-17,9761,東海リース,スタンダード（内国株式）,サービス業,2104,2115,2081,2091,1,0.047847,5300,OK
2025-06-17,9763,丸紅建材リース,スタンダード（内国株式）,卸売業,3060,3060,3050,3055,0,0,2400,OK
2025-06-17,9765,オオバ,プライム（内国株式）,サービス業,1012,1024,1012,1024,11,1.085884,31900,OK
2025-06-17,9766,コナミグループ,プライム（内国株式）,情報･通信業,20820,21320,20820,21280,465,2.233966,427700,OK
2025-06-17,9767,日建工学,スタンダード（内国株式）,サービス業,1390,1397,1374,1389,-11,-0.785714,1800,OK
2025-06-17,9768,いであ,スタンダード（内国株式）,サービス業,2767,2767,2738,2752,10,0.364697,7400,OK
2025-06-17,9769,学究社,プライム（内国株式）,サービス業,2276,2276,2241,2244,-32,-1.405975,7900,OK
2025-06-17,9776,札幌臨床検査センター,スタンダード（内国株式）,サービス業,1003,1003,1003,1003,-7,-0.693069,700,OK
2025-06-17,9778,昴,スタンダード（内国株式）,サービス業,7160,7210,7160,7210,60,0.839161,300,OK
2025-06-17,9780,ハリマビステム,スタンダード（内国株式）,サービス業,747,750,742,743,-3,-0.402145,1800,OK
2025-06-17,9782,ディーエムエス,スタンダード（内国株式）,サービス業,2984,2985,2972,2973,-2,-0.067227,5600,OK
2025-06-17,9787,イオンディライト,プライム（内国株式）,サービス業,5400,5410,5390,5400,0,0,29000,OK
2025-06-17,9788,ナック,プライム（内国株式）,サービス業,550,552,549,550,0,0,22500,OK
2025-06-17,9790,福井コンピュータホールディングス,プライム（内国株式）,情報･通信業,3015,3090,3015,3040,20,0.662252,29400,OK
2025-06-17,9791,ビケンテクノ,スタンダード（内国株式）,サービス業,982,984,981,981,1,0.102041,1100,OK
2025-06-17,9793,ダイセキ,プライム（内国株式）,サービス業,3470,3525,3415,3425,-75,-2.142857,127800,OK
2025-06-17,9795,ステップ,プライム（内国株式）,サービス業,2226,2233,2209,2223,-3,-0.134771,7100,OK
2025-06-17,9799,旭情報サービス,スタンダード（内国株式）,情報･通信業,1103,1103,1086,1086,8,0.742115,9300,OK
2025-06-17,9812,テーオーホールディングス,スタンダード（内国株式）,卸売業,321,333,320,332,10,3.10559,53100,OK
2025-06-17,9816,ストライダーズ,スタンダード（内国株式）,不動産業,270,270,264,264,-1,-0.377358,11100,OK
2025-06-17,9818,大丸エナウィン,スタンダード（内国株式）,卸売業,1755,1755,1755,1755,9,0.515464,300,OK
2025-06-17,9820,エムティジェネックス,スタンダード（内国株式）,不動産業,2996,2996,2996,2996,-44,-1.447368,100,OK
2025-06-17,9823,マミーマート,スタンダード（内国株式）,小売業,5630,5630,5410,5610,-50,-0.883392,6900,OK
2025-06-17,9824,泉州電業,プライム（内国株式）,卸売業,4080,4110,4075,4100,30,0.737101,36800,OK
2025-06-17,9827,リリカラ,スタンダード（内国株式）,卸売業,615,620,613,620,6,0.977199,38400,OK
2025-06-17,9828,Ｇｅｎｋｉ　Ｇｌｏｂａｌ　Ｄｉｎｉｎｇ　Ｃｏｎｃｅｐｔｓ,スタンダード（内国株式）,小売業,4150,4185,4115,4185,55,1.331719,47600,OK
2025-06-17,9830,トラスコ中山,プライム（内国株式）,卸売業,2037,2059,2032,2055,-3,-0.145773,97000,OK
2025-06-17,9831,ヤマダホールディングス,プライム（内国株式）,小売業,440.5,440.8,437.5,440.3,2.2,0.502168,1706600,OK
2025-06-17,9832,オートバックスセブン,プライム（内国株式）,卸売業,1436,1442,1435,1442,4,0.278164,93800,OK
2025-06-17,9835,ジュンテンドー,スタンダード（内国株式）,小売業,491,493,490,490,0,0,3400,OK
2025-06-17,9837,モリト,プライム（内国株式）,卸売業,1356,1373,1354,1367,12,0.885609,50300,OK
2025-06-17,9842,アークランズ,プライム（内国株式）,小売業,1701,1709,1700,1705,7,0.41225,94400,OK
2025-06-17,9843,ニトリホールディングス,プライム（内国株式）,小売業,14175,14210,13950,13955,-350,-2.446697,942800,OK
2025-06-17,9845,パーカーコーポレーション,スタンダード（内国株式）,化学,841,841,822,840,3,0.358423,5200,OK
2025-06-17,9846,天満屋ストア,スタンダード（内国株式）,小売業,955,955,953,955,0,0,2300,OK
2025-06-17,9849,共同紙販ホールディングス,スタンダード（内国株式）,卸売業,4600,4600,4600,4600,-5,-0.108578,200,OK
2025-06-17,9850,グルメ杵屋,プライム（内国株式）,小売業,966,968,964,965,-2,-0.206825,54100,OK
2025-06-17,9853,銀座ルノアール,スタンダード（内国株式）,小売業,900,900,899,899,1,0.111359,1400,OK
2025-06-17,9854,愛眼,スタンダード（内国株式）,小売業,150,153,148,153,4,2.684564,34800,OK
2025-06-17,9856,ケーユーホールディングス,スタンダード（内国株式）,小売業,1131,1140,1123,1136,9,0.79858,19100,OK
2025-06-17,9857,英和,スタンダード（内国株式）,卸売業,2152,2250,2151,2185,15,0.691244,4500,OK
2025-06-17,9861,吉野家ホールディングス,プライム（内国株式）,小売業,3122,3127,3090,3091,-23,-0.7386,178800,OK
2025-06-17,9867,ソレキア,スタンダード（内国株式）,卸売業,6270,6270,6220,6220,10,0.161031,200,OK
2025-06-17,9869,加藤産業,プライム（内国株式）,卸売業,5440,5500,5440,5460,-20,-0.364964,34100,OK
2025-06-17,9872,北恵,スタンダード（内国株式）,卸売業,831,833,830,831,0,0,2900,OK
2025-06-17,9876,コックス,スタンダード（内国株式）,小売業,208,208,206,207,0,0,27100,OK
2025-06-17,9878,セキド,スタンダード（内国株式）,小売業,707,719,705,715,1,0.140056,11100,OK
2025-06-17,9880,イノテック,プライム（内国株式）,電気機器,1355,1357,1350,1356,6,0.444444,28600,OK
2025-06-17,9882,イエローハット,プライム（内国株式）,卸売業,1520,1529,1507,1528,8,0.526316,167400,OK
2025-06-17,9885,シャルレ,スタンダード（内国株式）,卸売業,387,390,386,390,2,0.515464,2500,OK
2025-06-17,9887,松屋フーズホールディングス,プライム（内国株式）,小売業,5650,5660,5630,5650,0,0,11100,OK
2025-06-17,9888,ＵＥＸ,スタンダード（内国株式）,卸売業,793,800,793,800,8,1.010101,5000,OK
2025-06-17,9889,ＪＢＣＣホールディングス,プライム（内国株式）,情報･通信業,1363,1374,1349,1368,1,0.073153,134300,OK
2025-06-17,9890,マキヤ,スタンダード（内国株式）,小売業,1075,1075,1064,1064,-11,-1.023256,1700,OK
2025-06-17,9895,コンセック,スタンダード（内国株式）,卸売業,1219,1228,1216,1217,-5,-0.409165,1700,OK
2025-06-17,9896,ＪＫホールディングス,スタンダード（内国株式）,卸売業,1211,1211,1184,1193,-18,-1.486375,21100,OK
2025-06-17,9900,サガミホールディングス,プライム（内国株式）,小売業,1777,1778,1761,1763,-11,-0.620068,27500,OK
2025-06-17,9902,日伝,プライム（内国株式）,卸売業,2712,2736,2711,2733,9,0.330396,25300,OK
2025-06-17,9903,カンセキ,スタンダード（内国株式）,小売業,880,880,878,880,-7,-0.789177,1100,OK
2025-06-17,9904,ベリテ,スタンダード（内国株式）,小売業,374,375,374,375,1,0.26738,6400,OK
2025-06-17,9906,藤井産業,スタンダード（内国株式）,卸売業,2828,2835,2828,2835,9,0.318471,1100,OK
2025-06-17,9908,日本電計,スタンダード（内国株式）,卸売業,2132,2170,2106,2130,17,0.804543,11400,OK
2025-06-17,9913,日邦産業,スタンダード（内国株式）,卸売業,2747,2900,2747,2900,178,6.539309,16800,OK
2025-06-17,9914,植松商会,スタンダード（内国株式）,卸売業,942,942,942,942,0,0,100,OK
2025-06-17,9927,ワットマン,スタンダード（内国株式）,小売業,770,774,767,767,-2,-0.260078,2200,OK
2025-06-17,9928,ミロク情報サービス,プライム（内国株式）,情報･通信業,1770,1786,1769,1775,5,0.282486,30500,OK
2025-06-17,9929,平和紙業,スタンダード（内国株式）,卸売業,427,433,427,430,2,0.46729,2700,OK
2025-06-17,9930,北沢産業,スタンダード（内国株式）,卸売業,387,387,379,382,-5,-1.29199,25100,OK
2025-06-17,9932,杉本商事,プライム（内国株式）,卸売業,1771,1775,1749,1758,-14,-0.790068,34500,OK
2025-06-17,9934,因幡電機産業,プライム（内国株式）,卸売業,3838,3864,3838,3846,0,0,45100,OK
2025-06-17,9936,王将フードサービス,プライム（内国株式）,小売業,3610,3635,3560,3625,15,0.415512,116700,OK
2025-06-17,9941,太洋物産,スタンダード（内国株式）,卸売業,980,982,978,980,0,0,900,OK
2025-06-17,9946,ミニストップ,プライム（内国株式）,小売業,1824,1826,1808,1817,-1,-0.055006,28400,OK
2025-06-17,9948,アークス,プライム（内国株式）,小売業,2920,2935,2911,2917,-29,-0.984386,30200,OK
2025-06-17,9950,ハチバン,スタンダード（内国株式）,小売業,3395,3395,3385,3385,-10,-0.294551,1100,OK
2025-06-17,9955,ヨンキュウ,スタンダード（内国株式）,卸売業,2300,2300,2253,2272,-20,-0.8726,4900,OK
2025-06-17,9956,バローホールディングス,プライム（内国株式）,小売業,2422,2426,2392,2392,-44,-1.80624,70800,OK
2025-06-17,9959,アシードホールディングス,スタンダード（内国株式）,小売業,650,652,648,650,2,0.308642,8900,OK
2025-06-17,9960,東テク,プライム（内国株式）,卸売業,2792,2864,2786,2836,26,0.925267,85500,OK
2025-06-17,9962,ミスミグループ本社,プライム（内国株式）,卸売業,1917.5,1934,1917,1929,19,0.994764,551000,OK
2025-06-17,9969,ショクブン,スタンダード（内国株式）,小売業,239,239,238,238,0,0,1100,OK
2025-06-17,9972,アルテック,スタンダード（内国株式）,卸売業,254,264,248,249,1,0.403226,74000,OK
2025-06-17,9973,ＫＯＺＯホールディングス,スタンダード（内国株式）,小売業,17,18,17,17,0,0,3377800,OK
2025-06-17,9974,ベルク,プライム（内国株式）,小売業,7330,7390,7300,7320,-40,-0.543478,19000,OK
2025-06-17,9976,セキチュー,スタンダード（内国株式）,小売業,985,990,985,987,2,0.203046,1500,OK
2025-06-17,9978,文教堂グループホールディングス,スタンダード（内国株式）,小売業,51,52,50,51,0,0,222300,OK
2025-06-17,9979,大庄,スタンダード（内国株式）,小売業,1140,1140,1136,1136,-4,-0.350877,8300,OK
2025-06-17,9980,ＭＲＫホールディングス,スタンダード（内国株式）,小売業,88,88,86,88,0,0,45600,OK
2025-06-17,9982,タキヒヨー,スタンダード（内国株式）,卸売業,1551,1564,1506,1519,-39,-2.503209,23300,OK
2025-06-17,9983,ファーストリテイリング,プライム（内国株式）,小売業,46860,46890,46200,46400,-500,-1.066098,768100,OK
2025-06-17,9984,ソフトバンクグループ,プライム（内国株式）,情報･通信業,8600,8736,8565,8675,176,2.070832,10523700,OK
2025-06-17,9986,蔵王産業,スタンダード（内国株式）,卸売業,2440,2442,2435,2435,-4,-0.164002,1200,OK
2025-06-17,9987,スズケン,プライム（内国株式）,卸売業,5400,5435,5381,5409,3,0.055494,140200,OK
2025-06-17,9989,サンドラッグ,プライム（内国株式）,小売業,4378,4425,4374,4400,2,0.045475,192700,OK
2025-06-17,9990,サックスバー　ホールディングス,プライム（内国株式）,小売業,808,808,803,807,-1,-0.123762,13200,OK
2025-06-17,9991,ジェコス,プライム（内国株式）,卸売業,1233,1236,1219,1229,-4,-0.324412,35800,OK
2025-06-17,9993,ヤマザワ,スタンダード（内国株式）,小売業,1145,1145,1139,1145,3,0.262697,2900,OK
2025-06-17,9994,やまや,スタンダード（内国株式）,小売業,2545,2610,2545,2587,27,1.054688,17400,OK
2025-06-17,9996,サトー商会,スタンダード（内国株式）,卸売業,1900,1920,1880,1920,17,0.893326,1200,OK
2025-06-17,9997,ベルーナ,プライム（内国株式）,小売業,870,872,863,864,-9,-1.030928,219900,OK
