日付,銘柄コード,銘柄名,市場・商品区分,33業種区分,始値,高値,安値,終値,前日比,前日比％,売買高(株),取得状態
2025-07-31,1301,極洋,プライム（内国株式）,水産・農林業,4710,4720,4660,4685,10,0.213904,32200,OK
2025-07-31,130A,Ｖｅｒｉｔａｓ　Ｉｎ　Ｓｉｌｉｃｏ,グロース（内国株式）,医薬品,914,940,796,830,-69,-7.675195,3774500,OK
2025-07-31,131A,ＣＣＮグループ,TOKYO PRO MARKET（内国株式）,情報･通信業,,,,,,,,NO_QUOTE
2025-07-31,132A,アイエヌホールディングス,TOKYO PRO MARKET（内国株式）,陸運業,,,,,,,,NO_QUOTE
2025-07-31,1332,ニッスイ,プライム（内国株式）,水産・農林業,880,889,880,885.3,4.6,0.522312,1458000,OK
2025-07-31,1333,マルハニチロ,プライム（内国株式）,水産・農林業,3133,3159,3130,3140,10,0.319489,167000,OK
2025-07-31,134A,アプライズ,TOKYO PRO MARKET（内国株式）,サービス業,,,,,,,,NO_QUOTE
2025-07-31,135A,ＶＲＡＩＮ　Ｓｏｌｕｔｉｏｎ,グロース（内国株式）,情報･通信業,2330,2334,2262,2266,-69,-2.955032,71200,OK
2025-07-31,136A,三興商事,TOKYO PRO MARKET（内国株式）,建設業,,,,,,,,NO_QUOTE
2025-07-31,1375,ユキグニファクトリー,プライム（内国株式）,水産・農林業,1131,1138,1126,1127,0,0,44500,OK
2025-07-31,1376,カネコ種苗,スタンダード（内国株式）,水産・農林業,1369,1378,1369,1378,11,0.804682,3500,OK
2025-07-31,1377,サカタのタネ,プライム（内国株式）,水産・農林業,3405,3410,3390,3400,10,0.294985,96600,OK
2025-07-31,1379,ホクト,プライム（内国株式）,水産・農林業,1849,1854,1838,1846,-3,-0.16225,33700,OK
2025-07-31,137A,Ｃｏｃｏｌｉｖｅ,グロース（内国株式）,情報･通信業,1337,1363,1335,1355,20,1.498127,12000,OK
2025-07-31,1380,秋川牧園,スタンダード（内国株式）,水産・農林業,1016,1032,1016,1032,16,1.574803,1000,OK
2025-07-31,1381,アクシーズ,スタンダード（内国株式）,水産・農林業,3005,3020,3005,3015,15,0.5,1000,OK
2025-07-31,1382,ホーブ,スタンダード（内国株式）,水産・農林業,1767,1774,1755,1755,-12,-0.679117,1500,OK
2025-07-31,1383,ベルグアース,スタンダード（内国株式）,水産・農林業,2969,2991,2969,2970,0,0,1200,OK
2025-07-31,1384,ホクリヨウ,スタンダード（内国株式）,水産・農林業,1632,1657,1622,1655,24,1.47149,21700,OK
2025-07-31,138A,光フードサービス,グロース（内国株式）,小売業,2158,2223,2158,2223,65,3.012048,3800,OK
2025-07-31,139A,東日本地所,TOKYO PRO MARKET（内国株式）,不動産業,,,,,,,,NO_QUOTE
2025-07-31,1401,エムビーエス,グロース（内国株式）,建設業,1208,1229,1204,1219,1,0.082102,44200,OK
2025-07-31,1407,ウエストホールディングス,スタンダード（内国株式）,建設業,1518,1530,1502,1513,-12,-0.786885,324600,OK
2025-07-31,1414,ショーボンドホールディングス,プライム（内国株式）,建設業,4834,4850,4804,4830,9,0.186683,178900,OK
2025-07-31,1417,ミライト・ワン,プライム（内国株式）,建設業,2680.5,2717,2679,2713,35,1.306945,312300,OK
2025-07-31,1418,インターライフホールディングス,スタンダード（内国株式）,建設業,413,420,413,419,4,0.963855,55400,OK
2025-07-31,1419,タマホーム,プライム（内国株式）,建設業,3590,3605,3565,3575,-15,-0.417827,106900,OK
2025-07-31,141A,トライアルホールディングス,グロース（内国株式）,小売業,2408,2417,2359,2383,-32,-1.325052,1225100,OK
2025-07-31,1420,サンヨーホームズ,スタンダード（内国株式）,建設業,690,693,689,691,3,0.436047,11300,OK
2025-07-31,1429,日本アクア,プライム（内国株式）,建設業,804,816,802,815,11,1.368159,124000,OK
2025-07-31,142A,ジンジブ,グロース（内国株式）,サービス業,668,668,650,661,-7,-1.047904,3200,OK
2025-07-31,1430,ファーストコーポレーション,スタンダード（内国株式）,建設業,900,900,894,898,1,0.111483,15600,OK
2025-07-31,1431,Ｌｉｂ　Ｗｏｒｋ,グロース（内国株式）,建設業,721,741,718,733,11,1.523546,60700,OK
2025-07-31,1432,動力,TOKYO PRO MARKET（内国株式）,建設業,,,,,,,,NO_QUOTE
2025-07-31,1433,ベステラ,プライム（内国株式）,建設業,1115,1123,1112,1119,0,0,67200,OK
2025-07-31,1434,ＪＥＳＣＯホールディングス,スタンダード（内国株式）,建設業,1016,1016,1004,1009,0,0,37800,OK
2025-07-31,1435,ｒｏｂｏｔ　ｈｏｍｅ,スタンダード（内国株式）,不動産業,161,162,158,162,2,1.25,357800,OK
2025-07-31,1436,グリーンエナジー＆カンパニー,グロース（内国株式）,建設業,2252,2257,2248,2251,-1,-0.044405,3000,OK
2025-07-31,1438,岐阜造園,スタンダード（内国株式）,建設業,1905,1917,1905,1905,0,0,600,OK
2025-07-31,143A,イシン,グロース（内国株式）,サービス業,1040,1068,1037,1059,-2,-0.188501,10200,OK
2025-07-31,1443,技研ホールディングス,スタンダード（内国株式）,建設業,203,207,200,207,3,1.470588,80800,OK
2025-07-31,1444,ニッソウ,グロース（内国株式）,建設業,2597,2620,2569,2598,0,0,11000,OK
2025-07-31,1445,ひかりホールディングス,TOKYO PRO MARKET（内国株式）,建設業,,,,,,,,NO_QUOTE
2025-07-31,1446,キャンディル,スタンダード（内国株式）,建設業,570,574,570,572,2,0.350877,4400,OK
2025-07-31,1447,ＳＡＡＦホールディングス,グロース（内国株式）,建設業,273,278,271,277,3,1.094891,54500,OK
2025-07-31,144A,エネルギーパワー,TOKYO PRO MARKET（内国株式）,建設業,,,,,,,,NO_QUOTE
2025-07-31,1450,ＴＡＮＡＫＥＮ,スタンダード（内国株式）,建設業,1460,1500,1460,1478,18,1.232877,9400,OK
2025-07-31,1452,横浜ライト工業,TOKYO PRO MARKET（内国株式）,建設業,,,,,,,,NO_QUOTE
2025-07-31,145A,Ｌ　ｉｓ　Ｂ,グロース（内国株式）,情報･通信業,1111,1111,1090,1090,9,0.832562,50300,OK
2025-07-31,146A,コロンビア・ワークス,スタンダード（内国株式）,不動産業,2553,2602,2550,2586,36,1.411765,25600,OK
2025-07-31,147A,ソラコム,グロース（内国株式）,情報･通信業,883,897,870,888,16,1.834862,112900,OK
2025-07-31,148A,ハッチ・ワーク,グロース（内国株式）,情報･通信業,2562,2615,2541,2592,38,1.487862,10000,OK
2025-07-31,1491,中外鉱業,スタンダード（内国株式）,非鉄金属,64,66,64,65,1,1.5625,2048800,OK
2025-07-31,149A,シンカ,グロース（内国株式）,情報･通信業,996,998,990,994,9,0.913706,3500,OK
2025-07-31,150A,ＪＳＨ,グロース（内国株式）,サービス業,430,432,420,431,2,0.4662,4800,OK
2025-07-31,1514,住石ホールディングス,スタンダード（内国株式）,鉱業,626,634,618,626,-9,-1.417323,334800,OK
2025-07-31,1515,日鉄鉱業,プライム（内国株式）,鉱業,7390,7500,7360,7460,-80,-1.061008,37600,OK
2025-07-31,1518,三井松島ホールディングス,プライム（内国株式）,その他製品,5810,5950,5750,5850,30,0.515464,61000,OK
2025-07-31,151A,ダイブ,グロース（内国株式）,サービス業,953,966,946,964,11,1.15425,5000,OK
2025-07-31,152A,オプティ,TOKYO PRO MARKET（内国株式）,卸売業,,,,,,,,NO_QUOTE
2025-07-31,153A,カウリス,グロース（内国株式）,情報･通信業,1797,1850,1754,1849,53,2.951002,79700,OK
2025-07-31,154A,ＧＡＩＡ,TOKYO PRO MARKET（内国株式）,その他金融業,,,,,,,,NO_QUOTE
2025-07-31,155A,情報戦略テクノロジー,グロース（内国株式）,情報･通信業,727,869,698,869,150,20.862309,23624200,OK
2025-07-31,156A,マテリアルグループ,グロース（内国株式）,サービス業,778,790,772,783,20,2.621232,80700,OK
2025-07-31,157A,グリーンモンスター,グロース（内国株式）,サービス業,515,522,513,520,6,1.167315,7700,OK
2025-07-31,158A,エクセリ,TOKYO PRO MARKET（内国株式）,小売業,,,,,,,,NO_QUOTE
2025-07-31,1605,ＩＮＰＥＸ,プライム（内国株式）,鉱業,2134,2149,2129.5,2147.5,22.5,1.058824,5064800,OK
2025-07-31,160A,アズパートナーズ,スタンダード（内国株式）,サービス業,2618,2720,2618,2720,111,4.254504,12300,OK
2025-07-31,161A,三葉,TOKYO PRO MARKET（内国株式）,サービス業,,,,,,,,NO_QUOTE
2025-07-31,164A,アップルパーク,TOKYO PRO MARKET（内国株式）,不動産業,,,,,,,,NO_QUOTE
2025-07-31,165A,ＳＢＩレオスひふみ,グロース（内国株式）,証券･商品先物取引業,197,197,193,194,1,0.518135,645900,OK
2025-07-31,1662,石油資源開発,プライム（内国株式）,鉱業,1084,1095,1083,1095,7,0.643382,735400,OK
2025-07-31,1663,Ｋ＆Ｏエナジーグループ,プライム（内国株式）,鉱業,2917,2931,2887,2914,-26,-0.884354,168000,OK
2025-07-31,166A,タスキホールディングス,グロース（内国株式）,不動産業,710,739,703,737,36,5.135521,1351100,OK
2025-07-31,167A,リョーサン菱洋ホールディングス,プライム（内国株式）,卸売業,2782,2803,2781,2785,18,0.650524,118600,OK
2025-07-31,168A,イタミアート,グロース（内国株式）,その他製品,1015,1015,1007,1007,-3,-0.29703,2200,OK
2025-07-31,1711,ＳＤＳホールディングス,スタンダード（内国株式）,建設業,235,238,233,236,-1,-0.421941,52300,OK
2025-07-31,1712,ダイセキ環境ソリューション,スタンダード（内国株式）,建設業,1241,1251,1225,1242,2,0.16129,59800,OK
2025-07-31,1716,第一カッター興業,スタンダード（内国株式）,建設業,1330,1344,1328,1343,20,1.511716,36600,OK
2025-07-31,1717,明豊ファシリティワークス,スタンダード（内国株式）,サービス業,1035,1040,1035,1035,0,0,7600,OK
2025-07-31,1718,美樹工業,スタンダード（内国株式）,建設業,6920,7120,6840,7050,210,3.070175,16400,OK
2025-07-31,1719,安藤・間,プライム（内国株式）,建設業,1585,1610,1584,1604,19,1.198738,1299900,OK
2025-07-31,171A,ゼロジャパン,TOKYO PRO MARKET（内国株式）,卸売業,,,,,,,,NO_QUOTE
2025-07-31,1720,東急建設,プライム（内国株式）,建設業,1025,1039,1022,1037,16,1.567091,441500,OK
2025-07-31,1721,コムシスホールディングス,プライム（内国株式）,建設業,3450,3475,3440,3471,30,0.87184,879200,OK
2025-07-31,1723,日本電技,スタンダード（内国株式）,建設業,5050,5100,4980,5010,15,0.3003,34800,OK
2025-07-31,1724,シンクレイヤ,スタンダード（内国株式）,建設業,665,665,660,663,-3,-0.45045,5900,OK
2025-07-31,1726,ビーアールホールディングス,プライム（内国株式）,建設業,340,347,340,347,9,2.662722,77000,OK
2025-07-31,172A,ネオホーム,TOKYO PRO MARKET（内国株式）,不動産業,,,,,,,,NO_QUOTE
2025-07-31,1736,オーテック,スタンダード（内国株式）,建設業,1487,1489,1461,1485,6,0.40568,3600,OK
2025-07-31,173A,ハンモック,グロース（内国株式）,情報･通信業,1623,1648,1623,1628,16,0.992556,4200,OK
2025-07-31,1743,コーアツ工業,スタンダード（内国株式）,建設業,1650,1656,1607,1643,-7,-0.424242,5900,OK
2025-07-31,1757,創建エース,スタンダード（内国株式）,建設業,13,14,13,13,-1,-7.142857,2090500,OK
2025-07-31,1758,太洋基礎工業,スタンダード（内国株式）,建設業,1930,1979,1930,1940,10,0.518135,1700,OK
2025-07-31,175A,Ｗｉｌｌ　Ｓｍａｒｔ,グロース（内国株式）,情報･通信業,1300,1300,1236,1249,-24,-1.88531,40300,OK
2025-07-31,1762,高松コンストラクショングループ,プライム（内国株式）,建設業,3045,3085,3045,3080,35,1.149425,14800,OK
2025-07-31,1764,工藤建設,スタンダード（内国株式）,建設業,2653,2661,2653,2661,-24,-0.893855,1200,OK
2025-07-31,1766,東建コーポレーション,プライム（内国株式）,建設業,14160,14210,14030,14040,-120,-0.847458,13100,OK
2025-07-31,1768,ソネック,スタンダード（内国株式）,建設業,944,955,941,955,13,1.380042,7400,OK
2025-07-31,176A,レジル,グロース（内国株式）,電気･ガス業,1933,1935,1910,1930,16,0.835946,37300,OK
2025-07-31,1770,藤田エンジニアリング,スタンダード（内国株式）,建設業,1578,1592,1578,1592,30,1.920615,600,OK
2025-07-31,1776,三井住建道路,スタンダード（内国株式）,建設業,1552,1570,1537,1553,1,0.064433,12200,OK
2025-07-31,177A,コージンバイオ,グロース（内国株式）,化学,1749,1749,1740,1749,14,0.806916,2100,OK
2025-07-31,1780,ヤマウラ,プライム（内国株式）,建設業,1325,1335,1325,1335,14,1.059803,16300,OK
2025-07-31,1783,ｆａｎｔａｓｉｓｔａ,スタンダード（内国株式）,不動産業,59,60,58,59,0,0,1259100,OK
2025-07-31,1786,オリエンタル白石,プライム（内国株式）,建設業,381,386,381,386,6,1.578947,315700,OK
2025-07-31,1787,ナカボーテック,スタンダード（内国株式）,建設業,,,,,,,,NO_QUOTE
2025-07-31,1788,三東工業社,スタンダード（内国株式）,建設業,4035,4035,4035,4035,0,0,200,OK
2025-07-31,1793,大本組,スタンダード（内国株式）,建設業,1280,1287,1280,1287,23,1.81962,1000,OK
2025-07-31,1795,マサル,スタンダード（内国株式）,建設業,4175,4200,4175,4200,30,0.719424,300,OK
2025-07-31,1798,守谷商会,スタンダード（内国株式）,建設業,3975,3975,3975,3975,-45,-1.119403,600,OK
2025-07-31,1799,第一建設工業,スタンダード（内国株式）,建設業,3085,3100,3080,3100,30,0.977199,5300,OK
2025-07-31,1801,大成建設,プライム（内国株式）,建設業,8834,9079,8834,9066,292,3.328015,1012200,OK
2025-07-31,1802,大林組,プライム（内国株式）,建設業,2200,2230,2196,2228.5,40,1.827736,2717600,OK
2025-07-31,1803,清水建設,プライム（内国株式）,建設業,1646,1692,1638,1680.5,44.5,2.720049,3980100,OK
2025-07-31,1807,佐藤渡辺,スタンダード（内国株式）,建設業,1683,1710,1683,1701,20,1.189768,1500,OK
2025-07-31,1808,長谷工コーポレーション,プライム（内国株式）,建設業,2233.5,2251.5,2229,2245,19.5,0.876208,1148200,OK
2025-07-31,1810,松井建設,スタンダード（内国株式）,建設業,1237,1290,1237,1276,39,3.152789,40700,OK
2025-07-31,1811,錢高組,スタンダード（内国株式）,建設業,4610,4630,4510,4595,15,0.327511,3800,OK
2025-07-31,1812,鹿島建設,プライム（内国株式）,建設業,3724,3793,3724,3793,74,1.989782,1603000,OK
2025-07-31,1813,不動テトラ,プライム（内国株式）,建設業,2331,2375,2323,2370,14,0.594228,207000,OK
2025-07-31,1814,大末建設,プライム（内国株式）,建設業,2339,2366,2308,2337,-7,-0.298635,61700,OK
2025-07-31,1815,鉄建建設,プライム（内国株式）,建設業,3090,3170,3085,3150,55,1.77706,42700,OK
2025-07-31,1820,西松建設,プライム（内国株式）,建設業,4990,5029,4986,5029,44,0.882648,184600,OK
2025-07-31,1821,三井住友建設,プライム（内国株式）,建設業,597,598,596,598,1,0.167504,516100,OK
2025-07-31,1822,大豊建設,スタンダード（内国株式）,建設業,831,839,830,835,5,0.60241,88100,OK
2025-07-31,1826,佐田建設,スタンダード（内国株式）,建設業,1151,1187,1151,1185,34,2.953953,27700,OK
2025-07-31,1827,ナカノフドー建設,スタンダード（内国株式）,建設業,762,777,762,771,8,1.048493,71700,OK
2025-07-31,1828,田辺工業,スタンダード（内国株式）,建設業,2548,2589,2548,2589,53,2.089905,12600,OK
2025-07-31,1833,奥村組,プライム（内国株式）,建設業,4450,4480,4445,4465,15,0.337079,52200,OK
2025-07-31,1835,東鉄工業,プライム（内国株式）,建設業,4125,4200,4120,4180,60,1.456311,95900,OK
2025-07-31,1840,土屋ホールディングス,スタンダード（内国株式）,建設業,237,240,236,238,1,0.421941,48600,OK
2025-07-31,1841,サンユー建設,スタンダード（内国株式）,建設業,1100,1100,1100,1100,-1,-0.090827,2000,OK
2025-07-31,1844,大盛工業,スタンダード（内国株式）,建設業,493,520,487,497,12,2.474227,1008700,OK
2025-07-31,1847,イチケン,スタンダード（内国株式）,建設業,3120,3145,3115,3130,30,0.967742,41200,OK
2025-07-31,1848,富士ピー・エス,スタンダード（内国株式）,建設業,520,529,517,525,5,0.961538,10700,OK
2025-07-31,184A,学びエイド,グロース（内国株式）,情報･通信業,569,571,556,568,2,0.353357,20100,OK
2025-07-31,1850,南海辰村建設,スタンダード（内国株式）,建設業,370,378,369,373,-3,-0.797872,135300,OK
2025-07-31,1852,淺沼組,プライム（内国株式）,建設業,795,804,795,804,9,1.132075,300400,OK
2025-07-31,1853,森組,スタンダード（内国株式）,建設業,310,314,310,312,2,0.645161,30600,OK
2025-07-31,185A,リサイクルテック・ジャパン,TOKYO PRO MARKET（内国株式）,サービス業,,,,,,,,NO_QUOTE
2025-07-31,1860,戸田建設,プライム（内国株式）,建設業,963.5,971.7,959.1,965.5,4.4,0.457809,763900,OK
2025-07-31,1861,熊谷組,プライム（内国株式）,建設業,4500,4540,4475,4520,60,1.345291,201200,OK
2025-07-31,1866,北野建設,スタンダード（内国株式）,建設業,4140,4140,4025,4130,-65,-1.549464,6800,OK
2025-07-31,1867,植木組,スタンダード（内国株式）,建設業,2165,2198,2165,2198,26,1.197053,4600,OK
2025-07-31,186A,アストロスケールホールディングス,グロース（内国株式）,サービス業,693,699,687,691,-2,-0.2886,1615100,OK
2025-07-31,1870,矢作建設工業,プライム（内国株式）,建設業,1960,1996,1959,1996,31,1.577608,129600,OK
2025-07-31,1871,ピーエス・コンストラクション,プライム（内国株式）,建設業,1820,1838,1806,1838,-5,-0.271297,100200,OK
2025-07-31,1873,日本ハウスホールディングス,プライム（内国株式）,建設業,306,309,305,308,3,0.983607,89700,OK
2025-07-31,1878,大東建託,プライム（内国株式）,不動産業,15490,15920,15410,15520,35,0.226025,372700,OK
2025-07-31,1879,新日本建設,プライム（内国株式）,建設業,1750,1767,1750,1762,20,1.148106,74800,OK
2025-07-31,1882,東亜道路工業,プライム（内国株式）,建設業,1598,1622,1593,1620,20,1.25,259800,OK
2025-07-31,1884,日本道路,プライム（内国株式）,建設業,2508,2509,2508,2509,2,0.079777,197800,OK
2025-07-31,1885,東亜建設工業,プライム（内国株式）,建設業,1863,1900,1854,1895,32,1.71766,344200,OK
2025-07-31,1887,日本国土開発,プライム（内国株式）,建設業,464,468,463,468,4,0.862069,231900,OK
2025-07-31,1888,若築建設,プライム（内国株式）,建設業,4855,5150,4835,5100,265,5.480869,38000,OK
2025-07-31,1890,東洋建設,プライム（内国株式）,建設業,1625,1656,1623,1653,30,1.848429,614000,OK
2025-07-31,1893,五洋建設,プライム（内国株式）,建設業,967,981.6,963.9,981,7.4,0.760066,1140100,OK
2025-07-31,1897,金下建設,スタンダード（内国株式）,建設業,2830,2937,2814,2815,-15,-0.530035,1600,OK
2025-07-31,1898,世紀東急工業,プライム（内国株式）,建設業,1457,1476,1457,1472,17,1.168385,209600,OK
2025-07-31,1899,福田組,プライム（内国株式）,建設業,5220,5330,5220,5330,10,0.18797,10500,OK
2025-07-31,189A,Ｄ＆Ｍカンパニー,グロース（内国株式）,サービス業,924,925,916,925,2,0.216685,2300,OK
2025-07-31,1904,大成温調,スタンダード（内国株式）,建設業,4025,4025,4010,4010,-15,-0.372671,2600,OK
2025-07-31,1905,テノックス,スタンダード（内国株式）,建設業,1241,1248,1235,1246,-1,-0.080192,1100,OK
2025-07-31,1909,日本ドライケミカル,スタンダード（内国株式）,機械,5130,5170,5070,5130,40,0.785855,8200,OK
2025-07-31,190A,Ｃｈｏｒｄｉａ　Ｔｈｅｒａｐｅｕｔｉｃｓ,グロース（内国株式）,医薬品,184,187,182,182,-3,-1.621622,484100,OK
2025-07-31,1911,住友林業,プライム（内国株式）,建設業,1540,1552.5,1532.5,1542.5,-8,-0.515963,3302100,OK
2025-07-31,1914,日本基礎技術,スタンダード（内国株式）,建設業,713,714,699,702,-11,-1.542777,65500,OK
2025-07-31,191A,ミモザ,TOKYO PRO MARKET（内国株式）,サービス業,,,,,,,,NO_QUOTE
2025-07-31,1921,巴コーポレーション,スタンダード（内国株式）,建設業,1505,1537,1500,1535,30,1.993355,41800,OK
2025-07-31,1925,大和ハウス工業,プライム（内国株式）,建設業,5001,5019,4960,5004,14,0.280561,1470200,OK
2025-07-31,1926,ライト工業,プライム（内国株式）,建設業,3105,3135,3100,3125,10,0.321027,135400,OK
2025-07-31,1928,積水ハウス,プライム（内国株式）,建設業,3193,3208,3175,3187,10,0.314762,3985300,OK
2025-07-31,1929,日特建設,プライム（内国株式）,建設業,1188,1189,1180,1189,3,0.252951,59800,OK
2025-07-31,192A,インテグループ,グロース（内国株式）,サービス業,2240,2261,2240,2261,9,0.399645,3300,OK
2025-07-31,1930,北陸電気工事,プライム（内国株式）,建設業,1368,1393,1342,1351,-16,-1.170446,119000,OK
2025-07-31,1934,ユアテック,プライム（内国株式）,建設業,2461,2517,2431,2476,-3,-0.121017,257800,OK
2025-07-31,1938,日本リーテック,プライム（内国株式）,建設業,1998,2014,1987,1995,10,0.503778,68700,OK
2025-07-31,1939,四電工,プライム（内国株式）,建設業,1335,1339,1323,1338,4,0.29985,142100,OK
2025-07-31,1941,中電工,プライム（内国株式）,建設業,3620,3690,3590,3670,50,1.381215,154200,OK
2025-07-31,1942,関電工,プライム（内国株式）,建設業,3562,3719,3431,3596,50,1.410039,3338800,OK
2025-07-31,1944,きんでん,プライム（内国株式）,建設業,4740,4809,4734,4768,40,0.846024,667700,OK
2025-07-31,1945,東京エネシス,プライム（内国株式）,建設業,1624,1669,1623,1665,35,2.147239,186000,OK
2025-07-31,1946,トーエネック,プライム（内国株式）,建設業,1321,1341,1316,1336,11,0.830189,368100,OK
2025-07-31,1948,弘電社,スタンダード（内国株式）,建設業,2507,2535,2242,2275,-225,-9,159900,OK
2025-07-31,1949,住友電設,プライム（内国株式）,建設業,6520,6660,6470,6580,70,1.075269,113400,OK
2025-07-31,194A,ＷＯＬＶＥＳ　ＨＡＮＤ,グロース（内国株式）,サービス業,753,769,753,758,4,0.530504,1700,OK
2025-07-31,1950,日本電設工業,プライム（内国株式）,建設業,2862,2897,2860,2886,27,0.944386,66800,OK
2025-07-31,1951,エクシオグループ,プライム（内国株式）,建設業,1975.5,1995,1967,1992,17.5,0.8863,1887700,OK
2025-07-31,1952,新日本空調,プライム（内国株式）,建設業,2650,2673,2633,2673,21,0.791855,71500,OK
2025-07-31,1959,九電工,プライム（内国株式）,建設業,6444,6482,6410,6457,-7,-0.108292,281600,OK
2025-07-31,195A,ＭＵＳＣＡＴ　ＧＲＯＵＰ,グロース（内国株式）,サービス業,966,991,966,990,9,0.917431,1200,OK
2025-07-31,1960,サンテック,スタンダード（内国株式）,建設業,950,959,941,958,9,0.948367,14500,OK
2025-07-31,1961,三機工業,プライム（内国株式）,建設業,4410,4485,4365,4465,55,1.247166,600700,OK
2025-07-31,1963,日揮ホールディングス,プライム（内国株式）,建設業,1350,1362.5,1347,1358,10.5,0.779221,809400,OK
2025-07-31,1964,中外炉工業,プライム（内国株式）,建設業,3585,3710,3560,3665,105,2.949438,58600,OK
2025-07-31,1965,テクノ菱和,スタンダード（内国株式）,建設業,4060,4155,4025,4150,125,3.10559,82400,OK
2025-07-31,1966,高田工業所,スタンダード（内国株式）,建設業,1599,1600,1590,1590,-9,-0.562852,6000,OK
2025-07-31,1967,ヤマト,スタンダード（内国株式）,建設業,1742,1850,1737,1819,47,2.65237,57000,OK
2025-07-31,1968,太平電業,プライム（内国株式）,建設業,6490,6580,6490,6540,110,1.710731,40800,OK
2025-07-31,1969,高砂熱学工業,プライム（内国株式）,建設業,7359,7439,7333,7376,49,0.668759,178000,OK
2025-07-31,196A,ＭＦＳ,グロース（内国株式）,その他金融業,446,450,441,450,7,1.580135,54700,OK
2025-07-31,1972,三晃金属工業,スタンダード（内国株式）,建設業,7130,7210,7080,7210,150,2.124646,19400,OK
2025-07-31,1975,朝日工業社,プライム（内国株式）,建設業,2540,2599,2540,2584,55,2.174773,61400,OK
2025-07-31,1976,明星工業,プライム（内国株式）,建設業,1555,1577,1547,1569,12,0.770713,84800,OK
2025-07-31,1979,大氣社,プライム（内国株式）,建設業,2695,2722,2685,2719,36,1.341782,178700,OK
2025-07-31,197A,タウンズ,スタンダード（内国株式）,医薬品,535,536,531,534,2,0.37594,188400,OK
2025-07-31,1980,ダイダン,プライム（内国株式）,建設業,4605,4655,4575,4635,20,0.433369,125600,OK
2025-07-31,1981,協和日成,スタンダード（内国株式）,建設業,1487,1550,1487,1550,63,4.236718,3000,OK
2025-07-31,1982,日比谷総合設備,プライム（内国株式）,建設業,4045,4175,4045,4120,55,1.353014,24200,OK
2025-07-31,198A,ＰｏｓｔＰｒｉｍｅ,グロース（内国株式）,情報･通信業,553,556,538,552,1,0.181488,43200,OK
2025-07-31,1992,神田通信機,スタンダード（内国株式）,建設業,,,,,,,,NO_QUOTE
2025-07-31,1994,高橋カーテンウォール工業,スタンダード（内国株式）,建設業,494,495,494,494,-5,-1.002004,1300,OK
2025-07-31,1997,暁飯島工業,スタンダード（内国株式）,建設業,2858,2858,2800,2838,-27,-0.942408,7500,OK
2025-07-31,199A,メディエア,TOKYO PRO MARKET（内国株式）,情報･通信業,,,,,,,,NO_QUOTE
2025-07-31,2001,ニップン,プライム（内国株式）,食料品,2190,2195,2177,2179,-5,-0.228938,200200,OK
2025-07-31,2002,日清製粉グループ本社,プライム（内国株式）,食料品,1764,1768,1753,1753,-7,-0.397727,735700,OK
2025-07-31,2003,日東富士製粉,スタンダード（内国株式）,食料品,7150,7380,7150,7350,200,2.797203,8300,OK
2025-07-31,2004,昭和産業,プライム（内国株式）,食料品,3015,3045,3015,3035,20,0.66335,25100,OK
2025-07-31,2009,鳥越製粉,スタンダード（内国株式）,食料品,918,920,915,916,-3,-0.326442,16400,OK
2025-07-31,202A,豆蔵デジタルホールディングス,グロース（内国株式）,情報･通信業,1895,1967,1893,1926,34,1.79704,135200,OK
2025-07-31,203A,シュンビン,TOKYO PRO MARKET（内国株式）,サービス業,,,,,,,,NO_QUOTE
2025-07-31,204A,タイヨーパッケージ,TOKYO PRO MARKET（内国株式）,パルプ・紙,,,,,,,,NO_QUOTE
2025-07-31,2053,中部飼料,プライム（内国株式）,食料品,1696,1725,1613,1684,3,0.178465,146500,OK
2025-07-31,2055,日和産業,スタンダード（内国株式）,食料品,310,317,308,317,5,1.602564,9600,OK
2025-07-31,205A,ロゴスホールディングス,グロース（内国株式）,建設業,1340,1350,1326,1350,4,0.297177,9500,OK
2025-07-31,2060,フィード・ワン,プライム（内国株式）,食料品,1100,1105,1067,1087,-9,-0.821168,164900,OK
2025-07-31,206A,ＰＲＩＳＭ　ＢｉｏＬａｂ,グロース（内国株式）,医薬品,186,187,180,180,-6,-3.225806,320000,OK
2025-07-31,207A,ライジングコーポレーション,TOKYO PRO MARKET（内国株式）,建設業,,,,,,,,NO_QUOTE
2025-07-31,208A,構造計画研究所ホールディングス,スタンダード（内国株式）,情報･通信業,2457,2485,2451,2476,19,0.773301,4700,OK
2025-07-31,209A,小野谷機工,TOKYO PRO MARKET（内国株式）,機械,,,,,,,,NO_QUOTE
2025-07-31,2108,日本甜菜製糖,プライム（内国株式）,食料品,2398,2421,2397,2419,11,0.456811,12300,OK
2025-07-31,2109,ＤＭ三井製糖,プライム（内国株式）,食料品,3135,3160,3100,3100,-35,-1.116427,70000,OK
2025-07-31,2112,塩水港精糖,スタンダード（内国株式）,食料品,399,400,395,396,-3,-0.75188,98800,OK
2025-07-31,2114,フジ日本,スタンダード（内国株式）,食料品,1102,1102,1100,1101,-3,-0.271739,7000,OK
2025-07-31,2117,ウェルネオシュガー,プライム（内国株式）,食料品,2302,2312,2299,2307,5,0.217202,29600,OK
2025-07-31,211A,カドス・コーポレーション,スタンダード（内国株式）,建設業,4920,4940,4810,4870,20,0.412371,5500,OK
2025-07-31,2120,ＬＩＦＵＬＬ,プライム（内国株式）,サービス業,200,201,199,200,2,1.010101,511200,OK
2025-07-31,2121,ＭＩＸＩ,プライム（内国株式）,サービス業,3460,3480,3435,3465,-15,-0.431034,239000,OK
2025-07-31,2122,インタースペース,スタンダード（内国株式）,サービス業,936,936,931,931,-16,-1.689546,2500,OK
2025-07-31,2124,ジェイエイシーリクルートメント,プライム（内国株式）,サービス業,1055,1066,1053,1061,14,1.337154,273400,OK
2025-07-31,2127,日本Ｍ＆Ａセンターホールディングス,プライム（内国株式）,サービス業,780.4,785,748.2,760,39.6,5.496946,8571300,OK
2025-07-31,212A,フィットイージー,スタンダード（内国株式）,サービス業,2540,2555,2476,2540,10,0.395257,116400,OK
2025-07-31,2130,メンバーズ,プライム（内国株式）,サービス業,1165,1170,1136,1141,-17,-1.468048,67000,OK
2025-07-31,2134,北浜キャピタルパートナーズ,スタンダード（内国株式）,サービス業,76,83,75,81,4,5.194805,35159700,OK
2025-07-31,2136,ヒップ,スタンダード（内国株式）,サービス業,1266,1278,1266,1270,19,1.518785,1900,OK
2025-07-31,2138,クルーズ,スタンダード（内国株式）,情報･通信業,686,722,686,700,14,2.040816,90000,OK
2025-07-31,2139,中広,スタンダード（内国株式）,サービス業,463,468,463,464,2,0.4329,1900,OK
2025-07-31,2146,ＵＴグループ,プライム（内国株式）,サービス業,2532,2572,2530,2572,40,1.579779,215800,OK
2025-07-31,2148,アイティメディア,プライム（内国株式）,サービス業,1644,1655,1641,1653,16,0.977398,35700,OK
2025-07-31,2150,ケアネット,プライム（内国株式）,サービス業,762,780,755,769,10,1.317523,244600,OK
2025-07-31,2152,幼児活動研究会,スタンダード（内国株式）,サービス業,1420,1437,1397,1416,-28,-1.939058,2300,OK
2025-07-31,2153,Ｅ・Ｊホールディングス,プライム（内国株式）,サービス業,1768,1804,1768,1798,35,1.985252,135600,OK
2025-07-31,2154,オープンアップグループ,プライム（内国株式）,サービス業,1814,1854,1814,1854,50,2.771619,1131700,OK
2025-07-31,2156,セーラー広告,スタンダード（内国株式）,サービス業,359,365,359,359,0,0,10900,OK
2025-07-31,2157,コシダカホールディングス,プライム（内国株式）,サービス業,1310,1373,1305,1368,57,4.347826,813600,OK
2025-07-31,2158,ＦＲＯＮＴＥＯ,グロース（内国株式）,サービス業,1100,1168,1000,1000,-60,-5.660377,18280400,OK
2025-07-31,215A,タイミー,グロース（内国株式）,サービス業,1977,2038,1971,2037,88,4.515136,3177500,OK
2025-07-31,2160,ジーエヌアイグループ,グロース（内国株式）,医薬品,2815,2841,2783,2802,-13,-0.461812,1318300,OK
2025-07-31,2162,ｎｍｓ　ホールディングス,スタンダード（内国株式）,サービス業,485,498,481,488,4,0.826446,77500,OK
2025-07-31,2163,アルトナー,プライム（内国株式）,サービス業,1895,1898,1888,1895,0,0,32900,OK
2025-07-31,2164,地域新聞社,グロース（内国株式）,サービス業,494,523,494,522,31,6.313646,124300,OK
2025-07-31,2168,パソナグループ,プライム（内国株式）,サービス業,2069,2076,2054,2073,-7,-0.336538,198100,OK
2025-07-31,2169,ＣＤＳ,スタンダード（内国株式）,サービス業,1746,1748,1744,1748,-2,-0.114286,6300,OK
2025-07-31,216A,ライフクリエイト,TOKYO PRO MARKET（内国株式）,小売業,,,,,,,,NO_QUOTE
2025-07-31,2170,リンクアンドモチベーション,プライム（内国株式）,サービス業,503,509,503,503,-1,-0.198413,137700,OK
2025-07-31,2173,博展,グロース（内国株式）,サービス業,540,542,534,537,-5,-0.922509,11500,OK
2025-07-31,2175,エス・エム・エス,プライム（内国株式）,サービス業,1475,1539.5,1462.5,1528,54,3.663501,587600,OK
2025-07-31,2179,成学社,スタンダード（内国株式）,サービス業,807,807,780,798,3,0.377358,4700,OK
2025-07-31,217A,サポート,TOKYO PRO MARKET（内国株式）,サービス業,,,,,,,,NO_QUOTE
2025-07-31,2180,サニーサイドアップグループ,スタンダード（内国株式）,サービス業,570,578,566,573,1,0.174825,17600,OK
2025-07-31,2181,パーソルホールディングス,プライム（内国株式）,サービス業,290.5,291.4,289,290,0.7,0.241963,6062400,OK
2025-07-31,2183,リニカル,スタンダード（内国株式）,サービス業,330,332,329,330,-1,-0.302115,6500,OK
2025-07-31,2185,シイエム・シイ,スタンダード（内国株式）,サービス業,1560,1611,1556,1594,34,2.179487,7900,OK
2025-07-31,2186,ソーバル,スタンダード（内国株式）,サービス業,942,945,941,945,3,0.318471,6600,OK
2025-07-31,218A,Ｌｉｂｅｒａｗａｒｅ,グロース（内国株式）,精密機器,1705,1707,1672,1677,-14,-0.827912,506400,OK
2025-07-31,2193,クックパッド,スタンダード（内国株式）,サービス業,202,213,202,211,9,4.455446,965000,OK
2025-07-31,2195,アミタホールディングス,グロース（内国株式）,サービス業,390,395,389,395,1,0.253807,5700,OK
2025-07-31,2196,エスクリ,スタンダード（内国株式）,サービス業,231,237,230,235,1,0.42735,59300,OK
2025-07-31,2198,アイ・ケイ・ケイホールディングス,プライム（内国株式）,サービス業,795,795,790,792,-2,-0.251889,14600,OK
2025-07-31,219A,Ｈｅａｒｔｓｅｅｄ,グロース（内国株式）,医薬品,3580,3700,3555,3680,75,2.080444,601600,OK
2025-07-31,2201,森永製菓,プライム（内国株式）,食料品,2430,2433.5,2411,2418,-12.5,-0.514297,263600,OK
2025-07-31,2204,中村屋,スタンダード（内国株式）,食料品,3090,3110,3090,3110,20,0.647249,2200,OK
2025-07-31,2206,江崎グリコ,プライム（内国株式）,食料品,4693,4693,4642,4676,-17,-0.362242,112000,OK
2025-07-31,2207,名糖産業,プライム（内国株式）,食料品,2124,2128,2113,2120,-3,-0.141309,12800,OK
2025-07-31,2208,ブルボン,スタンダード（内国株式）,食料品,2617,2629,2600,2625,15,0.574713,16800,OK
2025-07-31,2209,井村屋グループ,プライム（内国株式）,食料品,2454,2477,2451,2475,28,1.144258,14400,OK
2025-07-31,220A,Ｆａｂｅｒ　Ｃｏｍｐａｎｙ,スタンダード（内国株式）,情報･通信業,1089,1094,1087,1087,-6,-0.548948,1300,OK
2025-07-31,2211,不二家,プライム（内国株式）,食料品,2474,2480,2446,2474,-4,-0.161421,55400,OK
2025-07-31,2212,山崎製パン,プライム（内国株式）,食料品,3277,3280,3217,3249,-21,-0.642202,495800,OK
2025-07-31,2215,第一屋製パン,スタンダード（内国株式）,食料品,526,529,526,528,2,0.380228,12000,OK
2025-07-31,2216,カンロ,スタンダード（内国株式）,食料品,1836,1929,1821,1902,67,3.651226,350000,OK
2025-07-31,2217,モロゾフ,プライム（内国株式）,食料品,1562,1564,1529,1535,-38,-2.415766,140900,OK
2025-07-31,2220,亀田製菓,プライム（内国株式）,食料品,4085,4090,4045,4045,-25,-0.614251,43800,OK
2025-07-31,2221,岩塚製菓,スタンダード（内国株式）,食料品,2980,2980,2946,2952,-7,-0.236566,5000,OK
2025-07-31,2222,寿スピリッツ,プライム（内国株式）,食料品,2072,2079.5,2031,2032.5,-27,-1.310998,574500,OK
2025-07-31,2224,コモ,スタンダード（内国株式）,食料品,3185,3200,3170,3200,25,0.787402,1500,OK
2025-07-31,2226,湖池屋,スタンダード（内国株式）,食料品,4820,4825,4805,4825,10,0.207684,2500,OK
2025-07-31,2229,カルビー,プライム（内国株式）,食料品,2780,2788.5,2763.5,2780,-10,-0.358423,328800,OK
2025-07-31,222A,ＮＩＣＳ,TOKYO PRO MARKET（内国株式）,情報･通信業,,,,,,,,NO_QUOTE
2025-07-31,2264,森永乳業,プライム（内国株式）,食料品,3257,3286,3253,3286,29,0.89039,218800,OK
2025-07-31,2266,六甲バター,プライム（内国株式）,食料品,1230,1247,1227,1235,15,1.229508,29500,OK
2025-07-31,2267,ヤクルト本社,プライム（内国株式）,食料品,2430,2440.5,2409.5,2432,8,0.330033,2824300,OK
2025-07-31,2268,Ｂ−Ｒ　サーティワン　アイスクリーム,スタンダード（内国株式）,食料品,4155,4155,4135,4135,-15,-0.361446,19100,OK
2025-07-31,2269,明治ホールディングス,プライム（内国株式）,食料品,3064,3079,3054,3062,6,0.196335,1063700,OK
2025-07-31,226A,勝美ジャパン,TOKYO PRO MARKET（内国株式）,食料品,,,,,,,,NO_QUOTE
2025-07-31,2270,雪印メグミルク,プライム（内国株式）,食料品,2829,2860,2829,2858,37,1.311592,176500,OK
2025-07-31,227A,ＩＮＳＩＧＨＴ　ＬＡＢ,TOKYO PRO MARKET（内国株式）,情報･通信業,,,,,,,,NO_QUOTE
2025-07-31,2281,プリマハム,プライム（内国株式）,食料品,2360,2409,2354,2390,-17,-0.706273,314600,OK
2025-07-31,2282,日本ハム,プライム（内国株式）,食料品,5053,5110,5026,5098,75,1.493132,957900,OK
2025-07-31,2286,林兼産業,スタンダード（内国株式）,食料品,556,568,556,568,12,2.158273,19200,OK
2025-07-31,2288,丸大食品,プライム（内国株式）,食料品,1885,1909,1882,1909,30,1.596594,42400,OK
2025-07-31,228A,オプロ,グロース（内国株式）,情報･通信業,1485,1520,1485,1520,10,0.662252,1000,OK
2025-07-31,2291,福留ハム,スタンダード（内国株式）,食料品,1070,1073,1066,1068,-2,-0.186916,2100,OK
2025-07-31,2292,Ｓ　Ｆｏｏｄｓ,プライム（内国株式）,食料品,2685,2693,2665,2667,-18,-0.670391,87000,OK
2025-07-31,2293,滝沢ハム,スタンダード（内国株式）,食料品,2540,2550,2532,2550,19,0.750691,1100,OK
2025-07-31,2294,柿安本店,プライム（内国株式）,食料品,2742,2742,2721,2733,12,0.441014,11500,OK
2025-07-31,2296,伊藤ハム米久ホールディングス,プライム（内国株式）,食料品,5080,5130,5080,5100,30,0.591716,137900,OK
2025-07-31,229A,アスミホールディングス,TOKYO PRO MARKET（内国株式）,建設業,,,,,,,,NO_QUOTE
2025-07-31,2300,きょくとう,スタンダード（内国株式）,サービス業,494,497,494,495,1,0.202429,1100,OK
2025-07-31,2301,学情,プライム（内国株式）,サービス業,1850,1873,1840,1861,14,0.757986,45600,OK
2025-07-31,2303,ドーン,スタンダード（内国株式）,情報･通信業,2473,2473,2428,2449,-9,-0.366151,5300,OK
2025-07-31,2304,ＣＳＳホールディングス,スタンダード（内国株式）,サービス業,928,929,906,917,-3,-0.326087,7500,OK
2025-07-31,2305,スタジオアリス,スタンダード（内国株式）,サービス業,2125,2148,2125,2148,23,1.082353,40500,OK
2025-07-31,2307,クロスキャット,プライム（内国株式）,情報･通信業,1079,1094,1077,1094,26,2.434457,29000,OK
2025-07-31,2311,エプコ,スタンダード（内国株式）,サービス業,727,727,724,725,-1,-0.137741,3900,OK
2025-07-31,2315,ＣＡＩＣＡ　ＤＩＧＩＴＡＬ,スタンダード（内国株式）,情報･通信業,66,67,65,67,2,3.076923,2018500,OK
2025-07-31,2317,システナ,プライム（内国株式）,情報･通信業,400,404,399,403,4,1.002506,1106700,OK
2025-07-31,2321,ソフトフロントホールディングス,グロース（内国株式）,情報･通信業,110,115,110,115,4,3.603604,240600,OK
2025-07-31,2323,ｆｏｎｆｕｎ,スタンダード（内国株式）,情報･通信業,462,462,456,459,-1,-0.217391,2100,OK
2025-07-31,2325,ＮＪＳ,プライム（内国株式）,サービス業,5730,5820,5720,5780,30,0.521739,25900,OK
2025-07-31,2326,デジタルアーツ,プライム（内国株式）,情報･通信業,8200,8280,8000,8030,70,0.879397,126000,OK
2025-07-31,2327,日鉄ソリューションズ,プライム（内国株式）,情報･通信業,3610,3675,3540,3565,-250,-6.55308,997600,OK
2025-07-31,2329,東北新社,スタンダード（内国株式）,情報･通信業,689,699,684,686,0,0,92500,OK
2025-07-31,2330,フォーサイド,スタンダード（内国株式）,情報･通信業,167,171,167,171,4,2.39521,195000,OK
2025-07-31,2331,ＡＬＳＯＫ,プライム（内国株式）,サービス業,1055.5,1057.5,1051.5,1053.5,-0.5,-0.047438,1143900,OK
2025-07-31,2332,クエスト,スタンダード（内国株式）,情報･通信業,1473,1489,1460,1488,15,1.01833,2300,OK
2025-07-31,2334,イオレ,グロース（内国株式）,サービス業,3340,3720,3340,3700,300,8.823529,374000,OK
2025-07-31,2335,キューブシステム,プライム（内国株式）,情報･通信業,1158,1173,1152,1173,28,2.445415,10600,OK
2025-07-31,2337,いちご,プライム（内国株式）,不動産業,400,404,400,403,3,0.75,1058000,OK
2025-07-31,2338,クオンタムソリューションズ,スタンダード（内国株式）,情報･通信業,498,504,494,499,2,0.402414,153300,OK
2025-07-31,2340,極楽湯ホールディングス,スタンダード（内国株式）,サービス業,487,489,485,488,1,0.205339,27300,OK
2025-07-31,2341,アルバイトタイムス,スタンダード（内国株式）,サービス業,159,159,157,159,1,0.632911,93200,OK
2025-07-31,2342,トランスジェニックグループ,グロース（内国株式）,サービス業,218,218,210,212,-6,-2.752294,404200,OK
2025-07-31,2344,平安レイサービス,スタンダード（内国株式）,サービス業,1016,1047,1001,1005,-9,-0.887574,33100,OK
2025-07-31,2345,クシム,スタンダード（内国株式）,情報･通信業,206,210,206,209,2,0.966184,167200,OK
2025-07-31,2349,エヌアイデイ,スタンダード（内国株式）,情報･通信業,2403,2450,2403,2449,78,3.289751,2800,OK
2025-07-31,2351,ＡＳＪ,グロース（内国株式）,情報･通信業,352,352,342,345,-1,-0.289017,22200,OK
2025-07-31,2353,日本駐車場開発,プライム（内国株式）,不動産業,260,266,257,266,2,0.757576,2547500,OK
2025-07-31,2354,ＹＥ　ＤＩＧＩＴＡＬ,スタンダード（内国株式）,情報･通信業,662,663,652,656,-5,-0.75643,49900,OK
2025-07-31,2359,コア,プライム（内国株式）,情報･通信業,1948,1952,1917,1931,-4,-0.206718,9900,OK
2025-07-31,2370,メディネット,グロース（内国株式）,サービス業,39,40,38,39,0,0,485300,OK
2025-07-31,2371,カカクコム,プライム（内国株式）,サービス業,2576.5,2603.5,2560.5,2590,12.5,0.484966,558700,OK
2025-07-31,2373,ケア２１,スタンダード（内国株式）,サービス業,426,426,421,421,-2,-0.472813,2300,OK
2025-07-31,2374,セントケア・ホールディング,プライム（内国株式）,サービス業,770,777,770,777,5,0.647668,15200,OK
2025-07-31,2375,ギグワークス,スタンダード（内国株式）,サービス業,239,242,239,239,-2,-0.829876,29200,OK
2025-07-31,2376,サイネックス,スタンダード（内国株式）,サービス業,795,796,795,796,-2,-0.250627,200,OK
2025-07-31,2378,ルネサンス,プライム（内国株式）,サービス業,1127,1155,1121,1146,18,1.595745,62000,OK
2025-07-31,2379,ディップ,プライム（内国株式）,サービス業,2423,2448,2420,2448,25,1.031779,293100,OK
2025-07-31,2384,ＳＢＳホールディングス,プライム（内国株式）,陸運業,3195,3240,3190,3220,55,1.737757,61000,OK
2025-07-31,2385,総医研ホールディングス,グロース（内国株式）,サービス業,163,166,160,164,0,0,84600,OK
2025-07-31,2388,ウェッジホールディングス,グロース（内国株式）,その他金融業,89,89,87,89,0,0,154700,OK
2025-07-31,2389,デジタルホールディングス,プライム（内国株式）,サービス業,1230,1237,1222,1227,8,0.656276,25300,OK
2025-07-31,2391,プラネット,スタンダード（内国株式）,サービス業,1260,1264,1250,1264,4,0.31746,4100,OK
2025-07-31,2393,日本ケアサプライ,スタンダード（内国株式）,サービス業,2150,2150,2080,2095,-5,-0.238095,13200,OK
2025-07-31,2395,新日本科学,プライム（内国株式）,サービス業,1391,1409,1385,1397,16,1.158581,250600,OK
2025-07-31,239A,バレッグス,TOKYO PRO MARKET（内国株式）,不動産業,,,,,,,,NO_QUOTE
2025-07-31,2404,鉄人化ホールディングス,スタンダード（内国株式）,サービス業,559,567,559,561,4,0.718133,15600,OK
2025-07-31,2408,ＫＧ情報,スタンダード（内国株式）,サービス業,631,631,625,627,-5,-0.791139,6300,OK
2025-07-31,2410,キャリアデザインセンター,プライム（内国株式）,サービス業,1951,1965,1949,1957,9,0.462012,29400,OK
2025-07-31,2411,ゲンダイエージェンシー,スタンダード（内国株式）,情報･通信業,427,427,417,424,-5,-1.165501,86700,OK
2025-07-31,2413,エムスリー,プライム（内国株式）,サービス業,1895,1901.5,1880.5,1880.5,-19.5,-1.026316,1922200,OK
2025-07-31,2415,ヒューマンホールディングス,スタンダード（内国株式）,サービス業,1825,1825,1771,1778,-2,-0.11236,18200,OK
2025-07-31,2418,ツカダ・グローバルホールディング,スタンダード（内国株式）,サービス業,600,606,598,605,6,1.001669,59000,OK
2025-07-31,241A,ＲＯＸＸ,グロース（内国株式）,情報･通信業,1280,1296,1227,1276,21,1.673307,62300,OK
2025-07-31,2424,ブラス,スタンダード（内国株式）,サービス業,681,686,681,681,0,0,3700,OK
2025-07-31,2425,ケアサービス,スタンダード（内国株式）,サービス業,814,818,812,818,4,0.4914,1900,OK
2025-07-31,2428,ウェルネット,スタンダード（内国株式）,サービス業,730,735,730,732,-2,-0.27248,48500,OK
2025-07-31,2429,ワールドホールディングス,プライム（内国株式）,サービス業,2325,2397,2325,2397,89,3.856153,52300,OK
2025-07-31,2432,ディー・エヌ・エー,プライム（内国株式）,サービス業,2386.5,2400,2363,2387,-15,-0.62448,2747800,OK
2025-07-31,2433,博報堂ＤＹホールディングス,プライム（内国株式）,サービス業,1200,1200,1185,1195.5,-2,-0.167015,563700,OK
2025-07-31,2435,シダー,スタンダード（内国株式）,サービス業,215,216,213,215,0,0,49700,OK
2025-07-31,2436,共同ピーアール,スタンダード（内国株式）,サービス業,927,948,926,933,-3,-0.320513,13600,OK
2025-07-31,2437,Ｓｈｉｎｗａ　Ｗｉｓｅ　Ｈｏｌｄｉｎｇｓ,スタンダード（内国株式）,サービス業,283,285,283,283,0,0,7000,OK
2025-07-31,2438,アスカネット,グロース（内国株式）,サービス業,422,426,421,426,5,1.187648,18900,OK
2025-07-31,243A,トップス,TOKYO PRO MARKET（内国株式）,食料品,,,,,,,,NO_QUOTE
2025-07-31,2440,ぐるなび,プライム（内国株式）,サービス業,256,259,253,259,5,1.968504,243200,OK
2025-07-31,2445,タカミヤ,プライム（内国株式）,サービス業,338,339,333,335,-2,-0.593472,129100,OK
2025-07-31,2449,プラップジャパン,スタンダード（内国株式）,サービス業,1054,1075,1054,1059,3,0.284091,14500,OK
2025-07-31,244A,グロースエクスパートナーズ,グロース（内国株式）,情報･通信業,2120,2152,2086,2086,-34,-1.603774,13400,OK
2025-07-31,2452,コンピュータマインド,TOKYO PRO MARKET（内国株式）,情報･通信業,,,,,,,,NO_QUOTE
2025-07-31,2454,オールアバウト,スタンダード（内国株式）,サービス業,376,377,376,377,1,0.265957,2400,OK
2025-07-31,2459,アウンコンサルティング,スタンダード（内国株式）,サービス業,239,243,239,240,-1,-0.414938,23800,OK
2025-07-31,245A,ＩＮＧＳ,グロース（内国株式）,小売業,3180,3400,3180,3295,145,4.603175,7500,OK
2025-07-31,2461,ファンコミュニケーションズ,プライム（内国株式）,サービス業,491,492,482,488,5,1.035197,163000,OK
2025-07-31,2462,ライク,プライム（内国株式）,サービス業,1444,1444,1428,1432,-4,-0.278552,26400,OK
2025-07-31,2464,Ａｏｂａ‐ＢＢＴ,スタンダード（内国株式）,サービス業,353,354,350,350,-2,-0.568182,5700,OK
2025-07-31,2469,ヒビノ,スタンダード（内国株式）,サービス業,2379,2382,2353,2374,10,0.423012,20100,OK
2025-07-31,246A,アスア,グロース（内国株式）,サービス業,808,810,806,809,1,0.123762,5300,OK
2025-07-31,2471,エスプール,プライム（内国株式）,サービス業,323,331,320,322,2,0.625,509200,OK
2025-07-31,2475,ＷＤＢホールディングス,プライム（内国株式）,サービス業,1706,1729,1698,1716,30,1.779359,15700,OK
2025-07-31,2477,手間いらず,スタンダード（内国株式）,情報･通信業,3005,3005,2901,3005,0,0,63100,OK
2025-07-31,2479,ジェイテック,スタンダード（内国株式）,サービス業,260,264,259,264,5,1.930502,126800,OK
2025-07-31,247A,Ａｉロボティクス,グロース（内国株式）,化学,6070,6180,5980,6180,160,2.657807,298600,OK
2025-07-31,2480,システム・ロケーション,スタンダード（内国株式）,情報･通信業,1500,1515,1500,1502,3,0.200133,1400,OK
2025-07-31,2481,タウンニュース社,スタンダード（内国株式）,サービス業,719,727,719,727,6,0.832178,800,OK
2025-07-31,2483,翻訳センター,スタンダード（内国株式）,サービス業,1925,1927,1907,1924,-1,-0.051948,3500,OK
2025-07-31,2484,出前館,スタンダード（内国株式）,情報･通信業,173,180,173,178,4,2.298851,824100,OK
2025-07-31,2485,ティア,スタンダード（内国株式）,サービス業,605,608,596,599,-4,-0.66335,129600,OK
2025-07-31,2488,ＪＴＰ,スタンダード（内国株式）,サービス業,1469,1506,1456,1489,20,1.36147,54200,OK
2025-07-31,2489,アドウェイズ,プライム（内国株式）,サービス業,352,359,350,351,-1,-0.284091,158300,OK
2025-07-31,248A,キッズスター,グロース（内国株式）,情報･通信業,1765,1778,1749,1760,-19,-1.068016,3500,OK
2025-07-31,2491,バリューコマース,プライム（内国株式）,サービス業,809,818,807,807,-2,-0.247219,123000,OK
2025-07-31,2492,インフォマート,プライム（内国株式）,サービス業,418,425,412,419,0,0,1309200,OK
2025-07-31,2493,イーサポートリンク,スタンダード（内国株式）,サービス業,906,907,903,904,-3,-0.330761,6500,OK
2025-07-31,2497,ユナイテッド,グロース（内国株式）,サービス業,573,573,570,573,2,0.350263,50300,OK
2025-07-31,2498,オリエンタルコンサルタンツホールディングス,スタンダード（内国株式）,サービス業,5250,5250,5200,5200,0,0,500,OK
2025-07-31,2499,日本和装ホールディングス,スタンダード（内国株式）,サービス業,326,326,324,326,1,0.307692,2900,OK
2025-07-31,249A,ヒューマンアジャスト,TOKYO PRO MARKET（内国株式）,サービス業,,,,,,,,NO_QUOTE
2025-07-31,2501,サッポロホールディングス,プライム（内国株式）,食料品,7050,7077,6984,7009,11,0.157188,164300,OK
2025-07-31,2502,アサヒグループホールディングス,プライム（内国株式）,食料品,1933.5,1939.5,1916,1919,5.5,0.287431,3939600,OK
2025-07-31,2503,キリンホールディングス,プライム（内国株式）,食料品,1999,2004.5,1992.5,1999,11,0.55332,2930600,OK
2025-07-31,250A,シマダヤ,スタンダード（内国株式）,食料品,1928,1933,1904,1914,-14,-0.726141,29700,OK
2025-07-31,251A,ニューロマジック,TOKYO PRO MARKET（内国株式）,サービス業,,,,,,,,NO_QUOTE
2025-07-31,252A,ウェッジ,TOKYO PRO MARKET（内国株式）,小売業,,,,,,,,NO_QUOTE
2025-07-31,2531,宝ホールディングス,プライム（内国株式）,食料品,1284,1284,1270.5,1274.5,-2.5,-0.195771,283800,OK
2025-07-31,2533,オエノンホールディングス,プライム（内国株式）,食料品,598,605,576,589,-1,-0.169492,168500,OK
2025-07-31,253A,ＥＴＳグループ,スタンダード（内国株式）,建設業,1095,1180,1082,1155,81,7.541899,164300,OK
2025-07-31,2540,養命酒製造,プライム（内国株式）,食料品,3275,3310,3195,3215,-85,-2.575758,95100,OK
2025-07-31,254A,ＡＩフュージョンキャピタルグループ,スタンダード（内国株式）,証券･商品先物取引業,1316,1337,1313,1316,-7,-0.529101,45200,OK
2025-07-31,255A,ジーエルテクノホールディングス,スタンダード（内国株式）,精密機器,3035,3045,3005,3030,30,1,4000,OK
2025-07-31,256A,飛島ホールディングス,プライム（内国株式）,建設業,1940,1962,1940,1962,22,1.134021,94200,OK
2025-07-31,2573,北海道コカ・コーラボトリング,スタンダード（内国株式）,食料品,3420,3445,3415,3440,10,0.291545,5300,OK
2025-07-31,2579,コカ・コーラ　ボトラーズジャパンホールディングス,プライム（内国株式）,食料品,2302,2313,2300,2310,15,0.653595,758600,OK
2025-07-31,2585,ライフドリンク　カンパニー,プライム（内国株式）,食料品,2200,2264,2139,2249,218,10.733629,1450200,OK
2025-07-31,2586,フルッタフルッタ,グロース（内国株式）,食料品,367,370,354,359,16,4.664723,5838300,OK
2025-07-31,2587,サントリー食品インターナショナル,プライム（内国株式）,食料品,4568,4576,4555,4568,0,0,522300,OK
2025-07-31,2588,プレミアムウォーターホールディングス,スタンダード（内国株式）,食料品,3310,3310,3250,3270,-20,-0.607903,6800,OK
2025-07-31,2590,ダイドーグループホールディングス,プライム（内国株式）,食料品,2726,2729,2665,2673,-47,-1.727941,136000,OK
2025-07-31,2593,伊藤園,プライム（内国株式）,食料品,3275,3326,3271,3282,17,0.520674,271500,OK
2025-07-31,25935,伊藤園（優先株式）,プライム（内国株式）,食料品,1784,1785,1783,1783,-1,-0.056054,24600,OK
2025-07-31,2594,キーコーヒー,プライム（内国株式）,食料品,2002,2006,1990,1991,-15,-0.747757,90800,OK
2025-07-31,2597,ユニカフェ,スタンダード（内国株式）,食料品,937,937,935,937,0,0,3100,OK
2025-07-31,2602,日清オイリオグループ,プライム（内国株式）,食料品,5130,5160,5120,5150,30,0.585938,64700,OK
2025-07-31,2607,不二製油,プライム（内国株式）,食料品,2870,2873,2843,2852.5,2.5,0.087719,146500,OK
2025-07-31,260A,オルツ,グロース（内国株式）,情報･通信業,29,30,24,24,-30,-55.555556,28846700,OK
2025-07-31,2612,かどや製油,スタンダード（内国株式）,食料品,3840,3910,3830,3890,50,1.302083,6200,OK
2025-07-31,2613,Ｊ−オイルミルズ,プライム（内国株式）,食料品,2076,2089,2072,2078,2,0.096339,50900,OK
2025-07-31,261A,日水コン,スタンダード（内国株式）,サービス業,2886,2910,2856,2899,13,0.45045,59700,OK
2025-07-31,262A,インターメスティック,プライム（内国株式）,小売業,1955,1987,1943,1965,35,1.813472,240100,OK
2025-07-31,263A,デジタルキューブ,TOKYO PRO MARKET（内国株式）,情報･通信業,,,,,,,,NO_QUOTE
2025-07-31,264A,Ｓｃｈｏｏ,グロース（内国株式）,サービス業,743,750,736,750,5,0.671141,123000,OK
2025-07-31,2652,まんだらけ,スタンダード（内国株式）,小売業,313,317,313,315,2,0.638978,60100,OK
2025-07-31,2653,イオン九州,スタンダード（内国株式）,小売業,2990,3030,2990,3025,37,1.238286,17700,OK
2025-07-31,2654,アスモ,スタンダード（内国株式）,小売業,377,377,375,376,1,0.266667,8000,OK
2025-07-31,2656,ベクターホールディングス,スタンダード（内国株式）,小売業,120,120,115,119,0,0,580100,OK
2025-07-31,2659,サンエー,プライム（内国株式）,小売業,3000,3020,3000,3010,14,0.46729,80000,OK
2025-07-31,265A,Ｈｍｃｏｍｍ,グロース（内国株式）,情報･通信業,1384,1389,1255,1271,-86,-6.337509,748400,OK
2025-07-31,2664,カワチ薬品,プライム（内国株式）,小売業,2755,2764,2736,2757,9,0.327511,33100,OK
2025-07-31,2666,オートウェーブ,スタンダード（内国株式）,小売業,149,151,149,150,0,0,26000,OK
2025-07-31,2667,イメージ　ワン,スタンダード（内国株式）,卸売業,247,250,242,244,-3,-1.214575,146000,OK
2025-07-31,2668,タビオ,スタンダード（内国株式）,卸売業,1190,1190,1188,1188,-2,-0.168067,2800,OK
2025-07-31,2669,カネ美食品,スタンダード（内国株式）,小売業,3280,3290,3280,3280,0,0,5100,OK
2025-07-31,266A,グローカルマーケティング,TOKYO PRO MARKET（内国株式）,サービス業,,,,,,,,NO_QUOTE
2025-07-31,2670,エービーシー・マート,プライム（内国株式）,小売業,2835,2842.5,2822.5,2829,-6,-0.21164,835800,OK
2025-07-31,2673,夢みつけ隊,スタンダード（内国株式）,小売業,136,138,136,137,0,0,42600,OK
2025-07-31,2674,ハードオフコーポレーション,プライム（内国株式）,小売業,1744,1750,1735,1747,10,0.575705,29800,OK
2025-07-31,2676,高千穂交易,プライム（内国株式）,卸売業,1979,2010,1979,2007,30,1.517451,45800,OK
2025-07-31,2678,アスクル,プライム（内国株式）,小売業,1494,1522,1492,1517,21,1.403743,404700,OK
2025-07-31,267A,トワライズ,TOKYO PRO MARKET（内国株式）,その他金融業,,,,,,,,NO_QUOTE
2025-07-31,2681,ゲオホールディングス,プライム（内国株式）,小売業,1640,1659,1633,1653,19,1.162791,315800,OK
2025-07-31,2683,魚喜,スタンダード（内国株式）,小売業,1045,1050,1040,1050,5,0.478469,4700,OK
2025-07-31,2685,アダストリア,プライム（内国株式）,小売業,3005,3030,2975,3005,6,0.200067,192400,OK
2025-07-31,2686,ジーフット,スタンダード（内国株式）,小売業,292,292,289,289,-1,-0.344828,36800,OK
2025-07-31,2687,シー・ヴイ・エス・ベイエリア,スタンダード（内国株式）,小売業,597,598,593,595,-5,-0.833333,21400,OK
2025-07-31,2689,オルバヘルスケアホールディングス,スタンダード（内国株式）,卸売業,2049,2055,2040,2055,1,0.048685,2100,OK
2025-07-31,268A,リガク・ホールディングス,プライム（内国株式）,精密機器,777,782,768,778,2,0.257732,737100,OK
2025-07-31,2692,伊藤忠食品,プライム（内国株式）,卸売業,10180,10280,9690,10160,160,1.6,50800,OK
2025-07-31,2693,ＹＫＴ,スタンダード（内国株式）,卸売業,243,245,242,245,2,0.823045,14300,OK
2025-07-31,2694,焼肉坂井ホールディングス,スタンダード（内国株式）,小売業,72,73,71,72,0,0,465000,OK
2025-07-31,2695,くら寿司,プライム（内国株式）,小売業,4140,4165,4115,4165,50,1.215067,192200,OK
2025-07-31,2698,キャンドゥ,スタンダード（内国株式）,小売業,3690,3715,3675,3695,25,0.681199,25300,OK
2025-07-31,269A,Ｓａｐｅｅｔ,グロース（内国株式）,情報･通信業,2980,3030,2954,2975,6,0.202088,10600,OK
2025-07-31,2700,木徳神糧,スタンダード（内国株式）,卸売業,2372,2405,2303,2303,-33,-1.412671,67100,OK
2025-07-31,2702,日本マクドナルドホールディングス,スタンダード（内国株式）,小売業,6010,6040,5990,6040,50,0.834725,321700,OK
2025-07-31,2705,大戸屋ホールディングス,スタンダード（内国株式）,小売業,5300,5320,5300,5310,10,0.188679,1300,OK
2025-07-31,2708,久世,スタンダード（内国株式）,卸売業,1714,1732,1714,1725,11,0.641774,1600,OK
2025-07-31,271A,アクセリア,TOKYO PRO MARKET（内国株式）,情報･通信業,,,,,,,,NO_QUOTE
2025-07-31,2721,ジェイホールディングス,スタンダード（内国株式）,卸売業,197,201,196,199,3,1.530612,152300,OK
2025-07-31,2722,ＩＫホールディングス,スタンダード（内国株式）,小売業,390,402,384,391,6,1.558442,39000,OK
2025-07-31,2726,パルグループホールディングス,プライム（内国株式）,小売業,4985,5060,4925,5040,115,2.335025,484900,OK
2025-07-31,2730,エディオン,プライム（内国株式）,小売業,1976,2012,1976,2006,31,1.56962,267500,OK
2025-07-31,2733,あらた,プライム（内国株式）,卸売業,3210,3235,3205,3230,20,0.623053,37200,OK
2025-07-31,2734,サーラコーポレーション,プライム（内国株式）,小売業,950,969,950,964,17,1.795143,63100,OK
2025-07-31,2735,ワッツ,スタンダード（内国株式）,小売業,673,677,672,672,-5,-0.738552,21200,OK
2025-07-31,2736,フェスタリアホールディングス,スタンダード（内国株式）,小売業,714,716,710,716,2,0.280112,4500,OK
2025-07-31,2737,トーメンデバイス,プライム（内国株式）,卸売業,5850,5930,5850,5900,70,1.200686,21300,OK
2025-07-31,2742,ハローズ,プライム（内国株式）,小売業,4920,4985,4920,4955,35,0.711382,9600,OK
2025-07-31,2743,ピクセルカンパニーズ,スタンダード（内国株式）,卸売業,127,136,123,130,-7,-5.109489,4902700,OK
2025-07-31,2747,北雄ラッキー,スタンダード（内国株式）,小売業,3100,3100,3090,3100,15,0.486224,300,OK
2025-07-31,2749,ＪＰホールディングス,プライム（内国株式）,サービス業,541,545,538,545,6,1.113173,250700,OK
2025-07-31,274A,ガーデン,スタンダード（内国株式）,小売業,2559,2559,2500,2502,-70,-2.721617,45000,OK
2025-07-31,2750,石光商事,スタンダード（内国株式）,卸売業,1106,1119,1104,1119,13,1.175407,2000,OK
2025-07-31,2751,テンポスホールディングス,スタンダード（内国株式）,卸売業,3400,3400,3380,3395,15,0.443787,3200,OK
2025-07-31,2752,フジオフードグループ本社,プライム（内国株式）,小売業,1149,1150,1131,1134,-10,-0.874126,151100,OK
2025-07-31,2753,あみやき亭,プライム（内国株式）,小売業,1525,1534,1517,1529,9,0.592105,38400,OK
2025-07-31,275A,ハンワホームズ,TOKYO PRO MARKET（内国株式）,建設業,,,,,,,,NO_QUOTE
2025-07-31,2760,東京エレクトロン　デバイス,プライム（内国株式）,卸売業,2628,2661,2619,2646,46,1.769231,201100,OK
2025-07-31,2762,ＳＡＮＫＯ　ＭＡＲＫＥＴＩＮＧ　ＦＯＯＤＳ,スタンダード（内国株式）,小売業,95,96,94,95,0,0,122600,OK
2025-07-31,2763,エフティグループ,スタンダード（内国株式）,卸売業,1203,1215,1202,1210,7,0.581879,15000,OK
2025-07-31,2764,ひらまつ,スタンダード（内国株式）,小売業,130,135,128,130,0,0,314300,OK
2025-07-31,2767,円谷フィールズホールディングス,プライム（内国株式）,卸売業,2212,2387,2130,2329,17,0.735294,4382400,OK
2025-07-31,2768,双日,プライム（内国株式）,卸売業,3599,3626,3579,3606,36,1.008403,2774000,OK
2025-07-31,2769,ヴィレッジヴァンガードコーポレーション,スタンダード（内国株式）,小売業,1039,1040,1037,1040,1,0.096246,2700,OK
2025-07-31,276A,ククレブ・アドバイザーズ,グロース（内国株式）,不動産業,5990,6080,5840,5900,-90,-1.502504,75300,OK
2025-07-31,2776,新都ホールディングス,スタンダード（内国株式）,卸売業,147,150,145,146,-1,-0.680272,520600,OK
2025-07-31,2778,パレモ・ホールディングス,スタンダード（内国株式）,小売業,148,150,147,148,-1,-0.671141,44400,OK
2025-07-31,277A,グロービング,グロース（内国株式）,サービス業,2922,3040,2917,3025,146,5.071205,202300,OK
2025-07-31,2780,コメ兵ホールディングス,スタンダード（内国株式）,小売業,2992,2992,2936,2938,-82,-2.715232,83900,OK
2025-07-31,2782,セリア,スタンダード（内国株式）,小売業,2852,2897,2808,2808,-92,-3.172414,398000,OK
2025-07-31,2784,アルフレッサ　ホールディングス,プライム（内国株式）,卸売業,2178.5,2202,2170,2197,23.5,1.081205,446800,OK
2025-07-31,2788,アップルインターナショナル,スタンダード（内国株式）,卸売業,344,347,344,345,-2,-0.576369,13000,OK
2025-07-31,2789,カルラ,スタンダード（内国株式）,小売業,457,457,456,457,2,0.43956,3100,OK
2025-07-31,278A,Ｔｅｒｒａ　Ｄｒｏｎｅ,グロース（内国株式）,精密機器,4530,4555,4470,4475,-35,-0.776053,85500,OK
2025-07-31,2790,ナフコ,スタンダード（内国株式）,小売業,1831,1870,1826,1870,39,2.129984,16800,OK
2025-07-31,2791,大黒天物産,プライム（内国株式）,小売業,7220,7240,7140,7200,100,1.408451,56400,OK
2025-07-31,2792,ハニーズホールディングス,プライム（内国株式）,小売業,1479,1490,1479,1487,8,0.540906,80600,OK
2025-07-31,2795,日本プリメックス,スタンダード（内国株式）,卸売業,900,901,900,901,0,0,300,OK
2025-07-31,2796,ファーマライズホールディングス,スタンダード（内国株式）,小売業,499,499,497,499,0,0,6300,OK
2025-07-31,2798,ワイズテーブルコーポレーション,スタンダード（内国株式）,小売業,2949,2950,2946,2950,0,0,3000,OK
2025-07-31,279A,インターグ,TOKYO PRO MARKET（内国株式）,サービス業,,,,,,,,NO_QUOTE
2025-07-31,2801,キッコーマン,プライム（内国株式）,食料品,1327.5,1329,1316,1324,4.5,0.341038,2189400,OK
2025-07-31,2802,味の素,プライム（内国株式）,食料品,3980,4019,3971,4005,42,1.059803,2111300,OK
2025-07-31,2804,ブルドックソース,プライム（内国株式）,食料品,2022,2046,2000,2041,22,1.089648,26600,OK
2025-07-31,2805,ヱスビー食品,スタンダード（内国株式）,食料品,3195,3200,2981,3015,-170,-5.33752,158700,OK
2025-07-31,2806,ユタカフーズ,スタンダード（内国株式）,食料品,2040,2040,1995,2022,-6,-0.295858,4800,OK
2025-07-31,2809,キユーピー,プライム（内国株式）,食料品,4101,4138,4088,4130,16,0.388916,456400,OK
2025-07-31,280A,ＴＭＨ,グロース（内国株式）,卸売業,1313,1335,1309,1320,10,0.763359,18700,OK
2025-07-31,2810,ハウス食品グループ本社,プライム（内国株式）,食料品,2940,2957,2783.5,2795.5,-130.5,-4.460014,665100,OK
2025-07-31,2811,カゴメ,プライム（内国株式）,食料品,2915.5,2924,2883.5,2888.5,-34.5,-1.180294,464000,OK
2025-07-31,2813,和弘食品,スタンダード（内国株式）,食料品,3820,3820,3790,3790,-15,-0.394218,1600,OK
2025-07-31,2814,佐藤食品工業,スタンダード（内国株式）,食料品,2392,2430,2392,2397,-3,-0.125,400,OK
2025-07-31,2815,アリアケジャパン,プライム（内国株式）,食料品,6670,6740,6660,6710,50,0.750751,54400,OK
2025-07-31,2816,ダイショー,スタンダード（内国株式）,食料品,1408,1409,1406,1409,2,0.142146,2900,OK
2025-07-31,2818,ピエトロ,スタンダード（内国株式）,食料品,1740,1742,1737,1740,1,0.057504,2100,OK
2025-07-31,2819,エバラ食品工業,スタンダード（内国株式）,食料品,2525,2534,2524,2534,14,0.555556,3200,OK
2025-07-31,281A,インフォメティス,グロース（内国株式）,情報･通信業,1711,1869,1700,1849,119,6.878613,504300,OK
2025-07-31,2820,やまみ,スタンダード（内国株式）,食料品,4575,4690,4575,4635,55,1.200873,13700,OK
2025-07-31,2830,アヲハタ,スタンダード（内国株式）,食料品,3705,3720,3675,3720,10,0.269542,7900,OK
2025-07-31,2831,はごろもフーズ,スタンダード（内国株式）,食料品,3280,3290,3280,3290,5,0.152207,900,OK
2025-07-31,284A,フクヤ建設,TOKYO PRO MARKET（内国株式）,建設業,,,,,,,,NO_QUOTE
2025-07-31,285A,キオクシアホールディングス,プライム（内国株式）,電気機器,2441,2482,2426,2478,26,1.060359,3216500,OK
2025-07-31,286A,ユカリア,グロース（内国株式）,サービス業,959,970,956,967,8,0.834202,40500,OK
2025-07-31,2871,ニチレイ,プライム（内国株式）,食料品,1818,1828,1810,1827.5,8,0.439681,621500,OK
2025-07-31,2872,セイヒョー,スタンダード（内国株式）,食料品,2214,2219,2214,2214,0,0,3600,OK
2025-07-31,2874,横浜冷凍,プライム（内国株式）,卸売業,1049,1067,1046,1054,8,0.764818,128500,OK
2025-07-31,2875,東洋水産,プライム（内国株式）,食料品,9839,10170,9601,9665,-153,-1.558362,811200,OK
2025-07-31,2876,デルソーレ,スタンダード（内国株式）,食料品,428,428,423,423,3,0.714286,400,OK
2025-07-31,2877,日東ベスト,スタンダード（内国株式）,食料品,759,760,755,755,-5,-0.657895,700,OK
2025-07-31,287A,黒田グループ,スタンダード（内国株式）,卸売業,876,883,874,881,6,0.685714,1033100,OK
2025-07-31,2882,イートアンドホールディングス,プライム（内国株式）,食料品,2074,2094,2074,2092,21,1.014003,13600,OK
2025-07-31,2883,大冷,スタンダード（内国株式）,食料品,1975,1980,1967,1967,-8,-0.405063,7000,OK
2025-07-31,2884,ヨシムラ・フード・ホールディングス,プライム（内国株式）,食料品,862,865,854,860,0,0,126400,OK
2025-07-31,288A,ラクサス・テクノロジーズ,グロース（内国株式）,サービス業,202,224,189,194,2,1.041667,6911200,OK
2025-07-31,2892,日本食品化工,スタンダード（内国株式）,食料品,3540,3560,3360,3390,-110,-3.142857,49100,OK
2025-07-31,2894,石井食品,スタンダード（内国株式）,食料品,314,322,314,317,3,0.955414,69800,OK
2025-07-31,2897,日清食品ホールディングス,プライム（内国株式）,食料品,2888,2894,2866,2871,1.5,0.052274,1490700,OK
2025-07-31,2901,ウェルディッシュ,スタンダード（内国株式）,食料品,625,625,616,620,1,0.161551,17300,OK
2025-07-31,2903,シノブフーズ,スタンダード（内国株式）,食料品,1548,1586,1544,1567,19,1.22739,18600,OK
2025-07-31,2904,一正蒲鉾,スタンダード（内国株式）,食料品,740,743,740,743,3,0.405405,3800,OK
2025-07-31,2907,あじかん,スタンダード（内国株式）,食料品,1245,1249,1245,1247,-3,-0.24,800,OK
2025-07-31,2908,フジッコ,プライム（内国株式）,食料品,1605,1636,1593,1623,26,1.628053,92800,OK
2025-07-31,290A,Ｓｙｎｓｐｅｃｔｉｖｅ,グロース（内国株式）,情報･通信業,1063,1069,992,1000,-48,-4.580153,3067500,OK
2025-07-31,2910,ロック・フィールド,プライム（内国株式）,食料品,1527,1538,1524,1535,14,0.920447,46300,OK
2025-07-31,2911,旭松食品,スタンダード（内国株式）,食料品,2249,2260,2248,2260,9,0.399822,600,OK
2025-07-31,2914,日本たばこ産業,プライム（内国株式）,食料品,4300,4321,4290,4318,27,0.629224,3917900,OK
2025-07-31,2915,ケンコーマヨネーズ,プライム（内国株式）,食料品,1846,1888,1846,1879,32,1.732539,47400,OK
2025-07-31,2916,仙波糖化工業,スタンダード（内国株式）,食料品,,,,,,,,NO_QUOTE
2025-07-31,2917,大森屋,スタンダード（内国株式）,食料品,955,955,950,950,-9,-0.938478,3500,OK
2025-07-31,2918,わらべや日洋ホールディングス,プライム（内国株式）,食料品,2675,2714,2661,2707,47,1.766917,101000,OK
2025-07-31,291A,リスキル,グロース（内国株式）,サービス業,3475,3510,3460,3500,70,2.040816,4100,OK
2025-07-31,2922,なとり,プライム（内国株式）,食料品,2011,2016,2005,2013,5,0.249004,4900,OK
2025-07-31,2923,サトウ食品,スタンダード（内国株式）,食料品,7210,7210,7160,7210,0,0,1100,OK
2025-07-31,2924,イフジ産業,スタンダード（内国株式）,食料品,2283,2290,2251,2290,34,1.507092,11200,OK
2025-07-31,2926,篠崎屋,スタンダード（内国株式）,食料品,107,107,103,103,-2,-1.904762,329300,OK
2025-07-31,2927,ＡＦＣ−ＨＤアムスライフサイエンス,スタンダード（内国株式）,食料品,885,889,884,888,2,0.225734,23800,OK
2025-07-31,2929,ファーマフーズ,プライム（内国株式）,食料品,882,887,875,887,4,0.453001,107800,OK
2025-07-31,292A,エスアイイー,TOKYO PRO MARKET（内国株式）,サービス業,,,,,,,,NO_QUOTE
2025-07-31,2930,北の達人コーポレーション,プライム（内国株式）,化学,145,146,143,145,1,0.694444,339300,OK
2025-07-31,2931,ユーグレナ,プライム（内国株式）,食料品,509,511,472,477,-25,-4.98008,3344800,OK
2025-07-31,2932,ＳＴＩフードホールディングス,スタンダード（内国株式）,食料品,1334,1334,1319,1324,-2,-0.15083,15800,OK
2025-07-31,2933,紀文食品,プライム（内国株式）,食料品,1097,1110,1096,1107,12,1.09589,27200,OK
2025-07-31,2934,ジェイフロンティア,グロース（内国株式）,食料品,1673,1691,1670,1691,10,0.594884,24100,OK
2025-07-31,2935,ピックルスホールディングス,プライム（内国株式）,食料品,986,990,983,990,12,1.226994,9100,OK
2025-07-31,2936,ベースフード,グロース（内国株式）,食料品,522,525,501,501,-21,-4.022989,157700,OK
2025-07-31,2937,サンクゼール,グロース（内国株式）,食料品,1641,1641,1626,1628,-3,-0.183936,5000,OK
2025-07-31,2938,オカムラ食品工業,スタンダード（内国株式）,食料品,1115,1173,1115,1165,50,4.484305,90900,OK
2025-07-31,293A,ＢＡＢＹ　ＪＯＢ,TOKYO PRO MARKET（内国株式）,小売業,,,,,,,,NO_QUOTE
2025-07-31,2961,日本調理機,スタンダード（内国株式）,金属製品,3935,3990,3935,3980,-5,-0.125471,3300,OK
2025-07-31,2962,テクニスコ,スタンダード（内国株式）,金属製品,300,300,292,296,0,0,4200,OK
2025-07-31,296A,令和アカウンティング・ホールディングス,グロース（内国株式）,サービス業,652,655,646,653,1,0.153374,104100,OK
2025-07-31,2970,グッドライフカンパニー,スタンダード（内国株式）,不動産業,3200,3200,3180,3190,25,0.789889,1900,OK
2025-07-31,2975,スター・マイカ・ホールディングス,プライム（内国株式）,不動産業,999,1010,996,1000,1,0.1001,137200,OK
2025-07-31,2978,ツクルバ,グロース（内国株式）,不動産業,585,585,575,577,2,0.347826,2800,OK
2025-07-31,297A,アルピコホールディングス,スタンダード（内国株式）,小売業,217,222,217,219,0,0,142300,OK
2025-07-31,2980,ＳＲＥホールディングス,プライム（内国株式）,不動産業,3160,3225,3130,3195,70,2.24,170100,OK
2025-07-31,2981,ランディックス,グロース（内国株式）,不動産業,1889,1889,1851,1879,13,0.696677,2300,OK
2025-07-31,2982,ＡＤワークスグループ,プライム（内国株式）,不動産業,352,357,350,355,0,0,466500,OK
2025-07-31,2983,アールプランナー,グロース（内国株式）,不動産業,1750,1762,1747,1761,13,0.743707,6200,OK
2025-07-31,2984,ヤマイチエステート,スタンダード（内国株式）,不動産業,696,696,688,693,6,0.873362,7100,OK
2025-07-31,2985,ファーストステージ,TOKYO PRO MARKET（内国株式）,不動産業,,,,,,,,NO_QUOTE
2025-07-31,2986,ＬＡホールディングス,グロース（内国株式）,不動産業,6170,6180,6140,6170,20,0.325203,34100,OK
2025-07-31,298A,ＧＶＡ　ＴＥＣＨ,グロース（内国株式）,情報･通信業,543,554,539,554,13,2.402957,12100,OK
2025-07-31,2990,アイダ設計,TOKYO PRO MARKET（内国株式）,不動産業,,,,,,,,NO_QUOTE
2025-07-31,2991,ランドネット,スタンダード（内国株式）,不動産業,1192,1201,1192,1201,10,0.839631,4300,OK
2025-07-31,2992,アーバンライク,TOKYO PRO MARKET（内国株式）,不動産業,,,,,,,,NO_QUOTE
2025-07-31,2993,長栄,スタンダード（内国株式）,不動産業,2038,2039,2038,2039,2,0.098184,900,OK
2025-07-31,2994,アンサーホールディングス,TOKYO PRO MARKET（内国株式）,不動産業,,,,,,,,NO_QUOTE
2025-07-31,2995,ジェイレックス・コーポレーション,TOKYO PRO MARKET（内国株式）,不動産業,,,,,,,,NO_QUOTE
2025-07-31,2997,ストレージ王,グロース（内国株式）,不動産業,884,889,879,887,-1,-0.112613,2700,OK
2025-07-31,2998,クリアル,グロース（内国株式）,不動産業,4800,4930,4795,4870,55,1.142264,23900,OK
2025-07-31,2999,ホームポジション,スタンダード（内国株式）,不動産業,585,589,582,582,-4,-0.682594,38900,OK
2025-07-31,299A,ｄｅｌｙ,グロース（内国株式）,サービス業,1852,1918,1824,1918,87,4.751502,300200,OK
2025-07-31,3001,片倉工業,スタンダード（内国株式）,繊維製品,2593,2642,2580,2619,45,1.748252,46400,OK
2025-07-31,3002,グンゼ,プライム（内国株式）,繊維製品,3770,3850,3765,3830,45,1.188904,570900,OK
2025-07-31,3003,ヒューリック,プライム（内国株式）,不動産業,1438,1447,1426.5,1445.5,11.5,0.801953,2836400,OK
2025-07-31,3004,神栄,スタンダード（内国株式）,卸売業,1939,1958,1918,1945,0,0,47500,OK
2025-07-31,300A,ＭＩＣ,スタンダード（内国株式）,サービス業,2269,2269,2183,2217,15,0.681199,28400,OK
2025-07-31,3010,ポラリス・ホールディングス,スタンダード（内国株式）,サービス業,223,228,221,226,5,2.262443,258200,OK
2025-07-31,3011,バナーズ,スタンダード（内国株式）,小売業,144,144,142,142,0,0,16700,OK
2025-07-31,301A,インデックス,TOKYO PRO MARKET（内国株式）,不動産業,,,,,,,,NO_QUOTE
2025-07-31,3020,アプライド,スタンダード（内国株式）,小売業,3455,3455,3425,3425,-30,-0.868307,500,OK
2025-07-31,3021,パシフィックネット,スタンダード（内国株式）,サービス業,1280,1291,1279,1291,9,0.702028,6500,OK
2025-07-31,3023,ラサ商事,スタンダード（内国株式）,卸売業,1518,1539,1518,1539,24,1.584158,26300,OK
2025-07-31,3024,クリエイト,スタンダード（内国株式）,卸売業,1058,1063,1055,1060,8,0.760456,6800,OK
2025-07-31,3028,アルペン,プライム（内国株式）,小売業,2426,2463,2409,2419,19,0.791667,173600,OK
2025-07-31,302A,ビースタイルホールディングス,グロース（内国株式）,サービス業,1176,1229,1176,1226,28,2.337229,4000,OK
2025-07-31,3030,ハブ,スタンダード（内国株式）,小売業,787,787,782,787,0,0,5900,OK
2025-07-31,3031,ラクーンホールディングス,プライム（内国株式）,情報･通信業,663,677,661,674,11,1.659125,189900,OK
2025-07-31,3034,クオールホールディングス,プライム（内国株式）,小売業,2018,2037,2005,2025,18,0.896861,171200,OK
2025-07-31,3035,ケイティケイ,スタンダード（内国株式）,卸売業,677,682,677,682,-1,-0.146413,68700,OK
2025-07-31,3036,アルコニックス,プライム（内国株式）,卸売業,2101,2114,2087,2113,13,0.619048,138200,OK
2025-07-31,3038,神戸物産,プライム（内国株式）,卸売業,4060,4079,4010,4065,24,0.593912,1150000,OK
2025-07-31,303A,ｖｉｓｕｍｏ,グロース（内国株式）,情報･通信業,1056,1080,1030,1030,-23,-2.184236,55600,OK
2025-07-31,3040,ソリトンシステムズ,プライム（内国株式）,情報･通信業,1366,1375,1357,1375,9,0.658858,12100,OK
2025-07-31,3041,ビューティカダンホールディングス,スタンダード（内国株式）,卸売業,448,453,448,453,3,0.666667,6300,OK
2025-07-31,3042,セキュアヴェイル,グロース（内国株式）,情報･通信業,323,329,322,328,6,1.863354,88200,OK
2025-07-31,3045,カワサキ,スタンダード（内国株式）,卸売業,1456,1459,1445,1459,0,0,1800,OK
2025-07-31,3046,ジンズホールディングス,プライム（内国株式）,小売業,7840,8090,7810,8050,200,2.547771,328900,OK
2025-07-31,3048,ビックカメラ,プライム（内国株式）,小売業,1579,1588,1576,1584.5,9,0.571247,657200,OK
2025-07-31,304A,フォルシア,グロース（内国株式）,情報･通信業,2124,2139,2120,2139,14,0.658824,1900,OK
2025-07-31,3050,ＤＣＭホールディングス,プライム（内国株式）,小売業,1450,1452,1425,1436,-12,-0.828729,408300,OK
2025-07-31,3053,ペッパーフードサービス,スタンダード（内国株式）,小売業,209,212,208,209,2,0.966184,261300,OK
2025-07-31,3054,ハイパー,スタンダード（内国株式）,卸売業,307,307,304,307,3,0.986842,2500,OK
2025-07-31,3058,三洋堂ホールディングス,スタンダード（内国株式）,小売業,683,683,683,683,-4,-0.582242,300,OK
2025-07-31,3059,ヒラキ,スタンダード（内国株式）,小売業,836,837,835,835,-2,-0.238949,2700,OK
2025-07-31,305A,ダブルツリー,TOKYO PRO MARKET（内国株式）,小売業,,,,,,,,NO_QUOTE
2025-07-31,3063,ジェイグループホールディングス,グロース（内国株式）,小売業,792,796,791,794,-2,-0.251256,12900,OK
2025-07-31,3064,ＭｏｎｏｔａＲＯ,プライム（内国株式）,小売業,2686.5,2737,2662,2704,20,0.745156,1661200,OK
2025-07-31,3065,ライフフーズ,スタンダード（内国株式）,小売業,1663,1669,1663,1663,-5,-0.29976,400,OK
2025-07-31,3067,東京一番フーズ,スタンダード（内国株式）,小売業,455,460,454,458,3,0.659341,1800,OK
2025-07-31,3068,ＷＤＩ,スタンダード（内国株式）,小売業,3015,3020,3010,3010,-5,-0.165837,1600,OK
2025-07-31,3069,ＪＦＬＡホールディングス,スタンダード（内国株式）,食料品,175,176,174,175,0,0,82900,OK
2025-07-31,3070,ジェリービーンズグループ,グロース（内国株式）,卸売業,220,246,217,240,18,8.108108,760300,OK
2025-07-31,3071,ストリーム,スタンダード（内国株式）,小売業,112,114,112,112,0,0,32900,OK
2025-07-31,3073,ＤＤグループ,プライム（内国株式）,小売業,1696,1696,1695,1695,0,0,341600,OK
2025-07-31,3075,銚子丸,スタンダード（内国株式）,小売業,1554,1570,1550,1570,23,1.486749,10900,OK
2025-07-31,3076,あい　ホールディングス,プライム（内国株式）,卸売業,2405,2424,2399,2421,22,0.917049,107500,OK
2025-07-31,3077,ホリイフードサービス,スタンダード（内国株式）,小売業,321,324,320,324,2,0.621118,3900,OK
2025-07-31,3079,ディーブイエックス,スタンダード（内国株式）,卸売業,938,1079,930,1079,150,16.146394,121100,OK
2025-07-31,307A,ハウジング・スタッフ,TOKYO PRO MARKET（内国株式）,建設業,,,,,,,,NO_QUOTE
2025-07-31,3080,ジェーソン,スタンダード（内国株式）,小売業,679,681,678,681,2,0.294551,4600,OK
2025-07-31,3082,きちりホールディングス,スタンダード（内国株式）,小売業,900,901,898,901,3,0.334076,5000,OK
2025-07-31,3083,スターシーズ,スタンダード（内国株式）,小売業,751,766,748,764,28,3.804348,95200,OK
2025-07-31,3086,Ｊ．フロント　リテイリング,プライム（内国株式）,小売業,2049,2058,2027.5,2047.5,7,0.343053,982100,OK
2025-07-31,3087,ドトール・日レスホールディングス,プライム（内国株式）,小売業,2502,2512,2497,2510,10,0.4,119700,OK
2025-07-31,3088,マツキヨココカラ＆カンパニー,プライム（内国株式）,小売業,3123,3137,3077,3103,-10,-0.321234,1760600,OK
2025-07-31,3089,テクノアルファ,スタンダード（内国株式）,卸売業,907,912,901,905,0,0,2900,OK
2025-07-31,308A,ぽすとめいとホールディングス,TOKYO PRO MARKET（内国株式）,サービス業,,,,,,,,NO_QUOTE
2025-07-31,3091,ブロンコビリー,プライム（内国株式）,小売業,4000,4080,3965,4070,55,1.369863,122700,OK
2025-07-31,3092,ＺＯＺＯ,プライム（内国株式）,小売業,1505.5,1510,1475.5,1495,19.5,1.321586,3883800,OK
2025-07-31,3093,トレジャー・ファクトリー,プライム（内国株式）,小売業,1753,1753,1713,1743,-20,-1.13443,270800,OK
2025-07-31,3094,スーパーバリュー,スタンダード（内国株式）,小売業,635,638,631,635,1,0.157729,14300,OK
2025-07-31,3096,オーシャンシステム,スタンダード（内国株式）,小売業,1310,1310,1304,1308,-2,-0.152672,1700,OK
2025-07-31,3097,物語コーポレーション,プライム（内国株式）,小売業,3950,3970,3915,3945,0,0,159400,OK
2025-07-31,3099,三越伊勢丹ホールディングス,プライム（内国株式）,小売業,2151,2167,2137.5,2155.5,-3.5,-0.162112,1501700,OK
2025-07-31,309A,コスモス調剤,TOKYO PRO MARKET（内国株式）,小売業,,,,,,,,NO_QUOTE
2025-07-31,3101,東洋紡,プライム（内国株式）,繊維製品,976,985,975,980,2,0.204499,368000,OK
2025-07-31,3103,ユニチカ,プライム（内国株式）,繊維製品,184,186,179,180,-4,-2.173913,1320700,OK
2025-07-31,3104,富士紡ホールディングス,プライム（内国株式）,繊維製品,5930,6000,5850,5960,-10,-0.167504,105100,OK
2025-07-31,3105,日清紡ホールディングス,プライム（内国株式）,電気機器,955,964.9,950.8,962,6.8,0.711893,895200,OK
2025-07-31,3106,倉敷紡績,プライム（内国株式）,繊維製品,8020,8150,8020,8040,140,1.772152,60800,OK
2025-07-31,3107,ダイワボウホールディングス,プライム（内国株式）,卸売業,2768,2797.5,2763.5,2785,30.5,1.107279,270800,OK
2025-07-31,3109,シキボウ,プライム（内国株式）,繊維製品,996,999,995,997,2,0.201005,22300,OK
2025-07-31,310A,サーティーフォー,TOKYO PRO MARKET（内国株式）,不動産業,,,,,,,,NO_QUOTE
2025-07-31,3110,日東紡績,プライム（内国株式）,ガラス･土石製品,6340,6740,6340,6700,370,5.845182,600100,OK
2025-07-31,3111,オーミケンシ,スタンダード（内国株式）,繊維製品,291,291,289,290,0,0,8100,OK
2025-07-31,3113,ＵＮＩＶＡ・Ｏａｋホールディングス,スタンダード（内国株式）,証券･商品先物取引業,80,81,79,80,2,2.564103,162700,OK
2025-07-31,3116,トヨタ紡織,プライム（内国株式）,輸送用機器,2247,2297,2138.5,2152,-93,-4.142539,2667900,OK
2025-07-31,311A,ＮＰＴ,TOKYO PRO MARKET（内国株式）,医薬品,,,,,,,,NO_QUOTE
2025-07-31,3121,マーチャント・バンカーズ,スタンダード（内国株式）,サービス業,299,302,293,300,4,1.351351,96300,OK
2025-07-31,3123,サイボー,スタンダード（内国株式）,繊維製品,527,533,527,531,7,1.335878,6300,OK
2025-07-31,312A,シンコーホールディングス,TOKYO PRO MARKET（内国株式）,建設業,,,,,,,,NO_QUOTE
2025-07-31,3131,シンデン・ハイテックス,スタンダード（内国株式）,卸売業,3015,3040,3000,3020,22,0.733823,9200,OK
2025-07-31,3132,マクニカホールディングス,プライム（内国株式）,卸売業,1959,2003.5,1952.5,1985,32.5,1.664533,719500,OK
2025-07-31,3133,海帆,グロース（内国株式）,小売業,707,733,703,714,12,1.709402,630800,OK
2025-07-31,3134,Ｈａｍｅｅ,スタンダード（内国株式）,小売業,1265,1275,1265,1272,8,0.632911,25700,OK
2025-07-31,3135,マーケットエンタープライズ,プライム（内国株式）,小売業,1588,1610,1572,1608,30,1.901141,23400,OK
2025-07-31,3137,ファンデリー,グロース（内国株式）,小売業,439,440,430,433,-1,-0.230415,96400,OK
2025-07-31,3138,富士山マガジンサービス,グロース（内国株式）,小売業,913,920,913,920,5,0.546448,5600,OK
2025-07-31,3139,ラクト・ジャパン,プライム（内国株式）,卸売業,4020,4055,4000,4025,30,0.750939,31900,OK
2025-07-31,3140,ＢＲＵＮＯ,グロース（内国株式）,卸売業,990,992,990,990,0,0,8300,OK
2025-07-31,3141,ウエルシアホールディングス,プライム（内国株式）,小売業,2544,2549,2527,2534,-9.5,-0.373501,271900,OK
2025-07-31,3143,オーウイル,スタンダード（内国株式）,卸売業,1769,1772,1769,1772,2,0.112994,700,OK
2025-07-31,3148,クリエイトＳＤホールディングス,プライム（内国株式）,小売業,3405,3475,3385,3445,45,1.323529,92800,OK
2025-07-31,3150,グリムス,プライム（内国株式）,電気･ガス業,2513,2535,2500,2518,29,1.165127,33700,OK
2025-07-31,3151,バイタルケーエスケー・ホールディングス,プライム（内国株式）,卸売業,1250,1281,1250,1271,22,1.761409,135700,OK
2025-07-31,3153,八洲電機,プライム（内国株式）,卸売業,1770,1794,1766,1784,26,1.478953,42800,OK
2025-07-31,3154,メディアスホールディングス,プライム（内国株式）,卸売業,864,865,854,861,5,0.584112,20000,OK
2025-07-31,3156,レスター,プライム（内国株式）,卸売業,2710,2740,2710,2723,13,0.479705,38900,OK
2025-07-31,3157,ジオリーブグループ,スタンダード（内国株式）,卸売業,1190,1195,1185,1194,2,0.167785,2200,OK
2025-07-31,3159,丸善ＣＨＩホールディングス,スタンダード（内国株式）,小売業,316,323,315,322,4,1.257862,359200,OK
2025-07-31,3160,大光,スタンダード（内国株式）,卸売業,575,575,572,572,-1,-0.17452,14100,OK
2025-07-31,3161,アゼアス,スタンダード（内国株式）,卸売業,641,643,638,643,2,0.312012,4300,OK
2025-07-31,3166,ＯＣＨＩホールディングス,スタンダード（内国株式）,卸売業,1404,1405,1400,1402,-1,-0.071276,2500,OK
2025-07-31,3167,ＴＯＫＡＩホールディングス,プライム（内国株式）,卸売業,1060,1074,1059,1069,12,1.135289,175900,OK
2025-07-31,3168,ＭＥＲＦ,スタンダード（内国株式）,卸売業,571,574,568,569,-2,-0.350263,21800,OK
2025-07-31,3169,ミサワ,スタンダード（内国株式）,小売業,635,640,634,637,4,0.631912,4100,OK
2025-07-31,3172,ティーライフ,スタンダード（内国株式）,小売業,1121,1124,1114,1120,-5,-0.444444,46900,OK
2025-07-31,3173,Ｃｏｍｉｎｉｘ,スタンダード（内国株式）,卸売業,894,894,882,886,-12,-1.336303,3500,OK
2025-07-31,3174,ハピネス・アンド・ディ,スタンダード（内国株式）,小売業,716,718,715,715,-1,-0.139665,1500,OK
2025-07-31,3175,エー・ピーホールディングス,スタンダード（内国株式）,小売業,931,932,930,931,1,0.107527,3100,OK
2025-07-31,3176,三洋貿易,プライム（内国株式）,卸売業,1479,1510,1476,1509,28,1.890614,49700,OK
2025-07-31,3177,ありがとうサービス,スタンダード（内国株式）,小売業,3320,3340,3320,3320,-20,-0.598802,400,OK
2025-07-31,3178,チムニー,スタンダード（内国株式）,小売業,1264,1270,1264,1270,4,0.315956,5500,OK
2025-07-31,3179,シュッピン,プライム（内国株式）,小売業,1263,1275,1252,1272,7,0.55336,130900,OK
2025-07-31,317A,エス・エム・エス・データテック,TOKYO PRO MARKET（内国株式）,情報･通信業,,,,,,,,NO_QUOTE
2025-07-31,3180,ビューティガレージ,プライム（内国株式）,卸売業,1712,1724,1688,1709,6,0.352319,23500,OK
2025-07-31,3181,買取王国,スタンダード（内国株式）,小売業,924,927,901,916,-7,-0.758397,7200,OK
2025-07-31,3182,オイシックス・ラ・大地,プライム（内国株式）,小売業,1678,1734,1671,1733,55,3.277712,138800,OK
2025-07-31,3183,ウイン・パートナーズ,プライム（内国株式）,卸売業,1303,1303,1293,1301,4,0.308404,9100,OK
2025-07-31,3184,ＩＣＤＡホールディングス,スタンダード（内国株式）,小売業,4225,4225,4225,4225,-20,-0.471143,100,OK
2025-07-31,3185,夢展望,グロース（内国株式）,小売業,138,141,138,140,2,1.449275,58400,OK
2025-07-31,3186,ネクステージ,プライム（内国株式）,小売業,1902,1927,1893,1899,-14,-0.731835,469500,OK
2025-07-31,3187,ミラタップ,グロース（内国株式）,小売業,343,350,341,344,2,0.584795,12400,OK
2025-07-31,3189,ＡＮＡＰホールディングス,スタンダード（内国株式）,小売業,956,968,873,880,-91,-9.371782,310500,OK
2025-07-31,3190,ホットマン,スタンダード（内国株式）,小売業,595,605,588,598,2,0.33557,15900,OK
2025-07-31,3191,ジョイフル本田,プライム（内国株式）,小売業,2090,2096,2081,2088,13,0.626506,149800,OK
2025-07-31,3192,白鳩,スタンダード（内国株式）,小売業,266,268,266,268,1,0.374532,1000,OK
2025-07-31,3193,エターナルホスピタリティグループ,プライム（内国株式）,小売業,3005,3075,2996,3065,5,0.163399,97800,OK
2025-07-31,3195,ジェネレーションパス,グロース（内国株式）,小売業,375,455,375,455,80,21.333333,122400,OK
2025-07-31,3196,ホットランドホールディングス,プライム（内国株式）,小売業,1993,1997,1980,1995,5,0.251256,54800,OK
2025-07-31,3197,すかいらーくホールディングス,プライム（内国株式）,小売業,2901,2909,2843.5,2873.5,-31,-1.067309,1662000,OK
2025-07-31,3198,ＳＦＰホールディングス,プライム（内国株式）,小売業,2225,2226,2200,2216,-4,-0.18018,49700,OK
2025-07-31,3199,綿半ホールディングス,プライム（内国株式）,小売業,1575,1590,1569,1576,-3,-0.189994,16700,OK
2025-07-31,319A,技術承継機構,グロース（内国株式）,金属製品,5400,5600,5360,5600,230,4.283054,72700,OK
2025-07-31,3201,日本毛織,プライム（内国株式）,繊維製品,1398,1402,1396,1400,6,0.430416,58700,OK
2025-07-31,3202,ダイトウボウ,スタンダード（内国株式）,繊維製品,109,110,109,109,0,0,40400,OK
2025-07-31,3204,トーア紡コーポレーション,スタンダード（内国株式）,繊維製品,402,405,402,403,0,0,3600,OK
2025-07-31,3205,ダイドーリミテッド,スタンダード（内国株式）,繊維製品,988,997,984,991,9,0.916497,187400,OK
2025-07-31,320A,Ｄ＆Ｉ,TOKYO PRO MARKET（内国株式）,サービス業,,,,,,,,NO_QUOTE
2025-07-31,321A,ヒューマンステージホールディングス,TOKYO PRO MARKET（内国株式）,サービス業,,,,,,,,NO_QUOTE
2025-07-31,3221,ヨシックスホールディングス,プライム（内国株式）,小売業,2619,2630,2600,2614,2,0.07657,16500,OK
2025-07-31,3222,ユナイテッド・スーパーマーケット・ホールディングス,スタンダード（内国株式）,小売業,937,943,933,942,10,1.072961,469400,OK
2025-07-31,3223,エスエルディー,スタンダード（内国株式）,小売業,1009,1029,986,999,-9,-0.892857,10900,OK
2025-07-31,3224,ゼネラル・オイスター,グロース（内国株式）,小売業,676,679,671,671,-5,-0.739645,1600,OK
2025-07-31,322A,ヒメジ理化,TOKYO PRO MARKET（内国株式）,ガラス･土石製品,,,,,,,,NO_QUOTE
2025-07-31,3231,野村不動産ホールディングス,プライム（内国株式）,不動産業,849.3,852,837.7,840.8,-17.2,-2.004662,6675100,OK
2025-07-31,3232,三重交通グループホールディングス,プライム（内国株式）,不動産業,506,508,503,506,1,0.19802,241200,OK
2025-07-31,3236,プロパスト,スタンダード（内国株式）,不動産業,193,195,193,195,1,0.515464,135100,OK
2025-07-31,3237,イントランス,グロース（内国株式）,不動産業,77,77,75,76,1,1.333333,177200,OK
2025-07-31,3238,セントラル総合開発,スタンダード（内国株式）,不動産業,413,413,409,409,-2,-0.486618,4400,OK
2025-07-31,323A,フライヤー,グロース（内国株式）,情報･通信業,756,769,747,762,8,1.061008,26200,OK
2025-07-31,3241,ウィル,スタンダード（内国株式）,不動産業,481,490,478,488,11,2.30608,10400,OK
2025-07-31,3242,アーバネットコーポレーション,スタンダード（内国株式）,不動産業,503,504,498,504,2,0.398406,136000,OK
2025-07-31,3245,ディア・ライフ,プライム（内国株式）,不動産業,1273,1283,1273,1280,10,0.787402,114200,OK
2025-07-31,3246,コーセーアールイー,スタンダード（内国株式）,不動産業,635,637,634,635,0,0,5800,OK
2025-07-31,3248,アールエイジ,スタンダード（内国株式）,不動産業,844,844,840,843,-1,-0.118483,1300,OK
2025-07-31,324A,ブッキングリゾート,グロース（内国株式）,サービス業,1139,1150,1125,1148,16,1.413428,43300,OK
2025-07-31,3252,地主,プライム（内国株式）,不動産業,2339,2380,2319,2379,36,1.536492,145200,OK
2025-07-31,325A,ＴＥＮＴＩＡＬ,グロース（内国株式）,繊維製品,3795,3905,3750,3890,55,1.434159,99400,OK
2025-07-31,3261,グランディーズ,グロース（内国株式）,不動産業,1078,1095,1068,1079,9,0.841121,11500,OK
2025-07-31,3266,ファンドクリエーショングループ,スタンダード（内国株式）,不動産業,82,82,81,81,-1,-1.219512,70800,OK
2025-07-31,3267,フィル・カンパニー,スタンダード（内国株式）,建設業,837,843,832,835,-2,-0.238949,20700,OK
2025-07-31,326A,ａｅｒｏ　ｌａｂ　ｉｎｔｅｒｎａｔｉｏｎａｌ,TOKYO PRO MARKET（内国株式）,卸売業,,,,,,,,NO_QUOTE
2025-07-31,3271,ＴＨＥグローバル社,スタンダード（内国株式）,不動産業,1138,1150,1122,1147,27,2.410714,72200,OK
2025-07-31,3276,ＪＰＭＣ,プライム（内国株式）,不動産業,1174,1177,1169,1175,5,0.42735,15600,OK
2025-07-31,3277,サンセイランディック,スタンダード（内国株式）,不動産業,1200,1214,1199,1209,13,1.086957,9500,OK
2025-07-31,3280,エストラスト,スタンダード（内国株式）,不動産業,1218,1219,1206,1214,-4,-0.328407,3300,OK
2025-07-31,3284,フージャースホールディングス,プライム（内国株式）,不動産業,1350,1354,1341,1353,7,0.520059,126600,OK
2025-07-31,3286,トラストホールディングス,スタンダード（内国株式）,不動産業,901,913,895,904,3,0.332963,9900,OK
2025-07-31,3288,オープンハウスグループ,プライム（内国株式）,不動産業,6721,6770,6689,6729,8,0.11903,178800,OK
2025-07-31,3289,東急不動産ホールディングス,プライム（内国株式）,不動産業,1077,1080.5,1064,1071,-1.5,-0.13986,2606100,OK
2025-07-31,3291,飯田グループホールディングス,プライム（内国株式）,不動産業,2132,2141,2122.5,2128,3.5,0.164745,536300,OK
2025-07-31,3293,アズマハウス,スタンダード（内国株式）,不動産業,757,761,755,761,7,0.928382,6000,OK
2025-07-31,3294,イーグランド,スタンダード（内国株式）,不動産業,1542,1578,1542,1563,23,1.493506,24300,OK
2025-07-31,3297,東武住販,スタンダード（内国株式）,不動産業,1080,1088,1080,1087,7,0.648148,1700,OK
2025-07-31,3299,ムゲンエステート,スタンダード（内国株式）,不動産業,1955,1973,1955,1973,14,0.71465,48400,OK
2025-07-31,329A,ジールアソシエイツ,TOKYO PRO MARKET（内国株式）,サービス業,,,,,,,,NO_QUOTE
2025-07-31,3300,アンビション　ＤＸ　ホールディングス,グロース（内国株式）,不動産業,2357,2402,2329,2372,30,1.280956,38600,OK
2025-07-31,3302,帝国繊維,プライム（内国株式）,繊維製品,2966,3040,2952,2994,58,1.975477,60900,OK
2025-07-31,3306,日本製麻,スタンダード（内国株式）,卸売業,784,850,772,850,66,8.418367,18200,OK
2025-07-31,330A,ＴａｌｅｎｔＸ,グロース（内国株式）,情報･通信業,1180,1212,1175,1208,28,2.372881,53800,OK
2025-07-31,3315,日本コークス工業,プライム（内国株式）,石油･石炭製品,94,94,93,94,1,1.075269,1522400,OK
2025-07-31,3317,フライングガーデン,スタンダード（内国株式）,小売業,2579,2595,2576,2579,0,0,1300,OK
2025-07-31,3319,ゴルフダイジェスト・オンライン,プライム（内国株式）,小売業,426,427,426,426,0,0,24400,OK
2025-07-31,331A,メディックス,スタンダード（内国株式）,サービス業,534,535,533,535,0,0,3100,OK
2025-07-31,3320,クロスプラス,スタンダード（内国株式）,卸売業,1203,1204,1196,1201,1,0.083333,16700,OK
2025-07-31,3321,ミタチ産業,スタンダード（内国株式）,卸売業,1284,1286,1278,1286,6,0.46875,15800,OK
2025-07-31,3323,レカム,スタンダード（内国株式）,卸売業,81,82,81,81,0,0,128400,OK
2025-07-31,3326,ランシステム,スタンダード（内国株式）,サービス業,599,599,590,597,-2,-0.33389,2600,OK
2025-07-31,3328,ＢＥＥＮＯＳ,プライム（内国株式）,小売業,3985,3985,3980,3980,0,0,119600,OK
2025-07-31,3329,東和フードサービス,スタンダード（内国株式）,小売業,2107,2107,2100,2101,1,0.047619,2200,OK
2025-07-31,332A,ミーク,グロース（内国株式）,情報･通信業,804,824,798,803,3,0.375,103300,OK
2025-07-31,3333,あさひ,プライム（内国株式）,小売業,1338,1352,1335,1348,12,0.898204,59600,OK
2025-07-31,333A,テクノスマイル,TOKYO PRO MARKET（内国株式）,サービス業,,,,,,,,NO_QUOTE
2025-07-31,3341,日本調剤,プライム（内国株式）,小売業,3620,3655,3515,3515,-85,-2.361111,638500,OK
2025-07-31,3347,トラスト,スタンダード（内国株式）,小売業,408,408,408,408,0,0,6900,OK
2025-07-31,3349,コスモス薬品,プライム（内国株式）,小売業,9320,9494,9234,9430,184,1.99005,353300,OK
2025-07-31,334A,ビジュアル・プロセッシング・ジャパン,グロース（内国株式）,情報･通信業,1571,1572,1547,1568,22,1.423027,5900,OK
2025-07-31,3350,メタプラネット,スタンダード（内国株式）,卸売業,1191,1220,1151,1151,-44,-3.682008,15585500,OK
2025-07-31,3352,バッファロー,スタンダード（内国株式）,小売業,1382,1386,1379,1384,10,0.727802,2100,OK
2025-07-31,3353,メディカル一光グループ,スタンダード（内国株式）,小売業,3015,3240,2987,3100,80,2.649007,11900,OK
2025-07-31,3355,クリヤマホールディングス,スタンダード（内国株式）,卸売業,1519,1539,1515,1535,16,1.053325,18100,OK
2025-07-31,3358,ワイエスフード,スタンダード（内国株式）,小売業,98,98,96,98,2,2.083333,68700,OK
2025-07-31,3359,ｃｏｔｔａ,グロース（内国株式）,卸売業,438,440,437,438,1,0.228833,11100,OK
2025-07-31,335A,ミライロ,グロース（内国株式）,情報･通信業,618,631,616,630,12,1.941748,57000,OK
2025-07-31,3360,シップヘルスケアホールディングス,プライム（内国株式）,卸売業,2118,2133.5,2102,2119.5,8,0.378878,398800,OK
2025-07-31,3361,トーエル,スタンダード（内国株式）,小売業,804,804,794,796,-2,-0.250627,6500,OK
2025-07-31,336A,ダイナミックマッププラットフォーム,グロース（内国株式）,情報･通信業,1093,1119,1093,1118,26,2.380952,129200,OK
2025-07-31,3370,フジタコーポレーション,スタンダード（内国株式）,小売業,361,367,360,362,-1,-0.275482,60000,OK
2025-07-31,3371,ソフトクリエイトホールディングス,プライム（内国株式）,情報･通信業,2206,2240,2206,2240,34,1.541251,11800,OK
2025-07-31,3372,関門海,スタンダード（内国株式）,小売業,248,250,246,248,0,0,7400,OK
2025-07-31,3374,内外テック,スタンダード（内国株式）,卸売業,2053,2055,2045,2045,2,0.097895,3100,OK
2025-07-31,3375,ＺＯＡ,スタンダード（内国株式）,小売業,1650,1660,1650,1660,0,0,1100,OK
2025-07-31,3377,バイク王＆カンパニー,スタンダード（内国株式）,卸売業,415,416,413,414,-1,-0.240964,5900,OK
2025-07-31,3382,セブン＆アイ・ホールディングス,プライム（内国株式）,小売業,2002,2012.5,1990.5,1997,9.5,0.477987,8174800,OK
2025-07-31,3386,コスモ・バイオ,スタンダード（内国株式）,卸売業,1188,1189,1184,1185,-2,-0.168492,2600,OK
2025-07-31,3387,クリエイト・レストランツ・ホールディングス,プライム（内国株式）,小売業,1573,1574,1542,1543,0,0,847900,OK
2025-07-31,3388,明治電機工業,プライム（内国株式）,卸売業,1938,1960,1937,1953,29,1.507277,29700,OK
2025-07-31,338A,ＺｅｎｍｕＴｅｃｈ,グロース（内国株式）,情報･通信業,7150,8470,7100,8170,980,13.630042,615700,OK
2025-07-31,3391,ツルハホールディングス,プライム（内国株式）,小売業,11150,11200,11085,11115,5,0.045005,132300,OK
2025-07-31,3392,デリカフーズホールディングス,スタンダード（内国株式）,卸売業,600,600,597,600,1,0.166945,24900,OK
2025-07-31,3393,スターティアホールディングス,プライム（内国株式）,卸売業,2617,2648,2604,2643,42,1.614764,34500,OK
2025-07-31,3395,サンマルクホールディングス,プライム（内国株式）,小売業,2411,2413,2388,2406,6,0.25,69100,OK
2025-07-31,3396,フェリシモ,スタンダード（内国株式）,小売業,835,835,832,833,1,0.120192,2900,OK
2025-07-31,3397,トリドールホールディングス,プライム（内国株式）,小売業,4440,4458,4409,4458,35,0.791318,218800,OK
2025-07-31,3399,丸千代山岡家,スタンダード（内国株式）,小売業,6110,6250,6110,6230,120,1.963993,152000,OK
2025-07-31,339A,プログレス・テクノロジーズ　グループ,グロース（内国株式）,サービス業,1402,1402,1370,1383,-34,-2.399435,42500,OK
2025-07-31,3401,帝人,プライム（内国株式）,繊維製品,1280.5,1293,1279.5,1287.5,6.5,0.507416,600800,OK
2025-07-31,3402,東レ,プライム（内国株式）,繊維製品,1044,1049.5,1031.5,1038,-2.5,-0.240269,3887000,OK
2025-07-31,3405,クラレ,プライム（内国株式）,化学,1854.5,1880,1854,1878.5,16.5,0.886144,915100,OK
2025-07-31,3407,旭化成,プライム（内国株式）,化学,1038,1103.5,1033,1055.5,17.5,1.685934,9244700,OK
2025-07-31,3409,北紡,スタンダード（内国株式）,繊維製品,242,251,232,237,-2,-0.83682,1064500,OK
2025-07-31,340A,ジグザグ,グロース（内国株式）,情報･通信業,1828,1850,1788,1805,-12,-0.660429,65000,OK
2025-07-31,3415,ＴＯＫＹＯ　ＢＡＳＥ,プライム（内国株式）,小売業,481,487,476,487,8,1.670146,685000,OK
2025-07-31,3416,ピクスタ,グロース（内国株式）,小売業,1036,1067,1036,1062,3,0.283286,4300,OK
2025-07-31,3417,大木ヘルスケアホールディングス,スタンダード（内国株式）,卸売業,1213,1226,1202,1217,11,0.912106,10900,OK
2025-07-31,3418,バルニバービ,グロース（内国株式）,小売業,1140,1140,1117,1117,-23,-2.017544,83400,OK
2025-07-31,341A,トヨコー,グロース（内国株式）,建設業,2690,2749,2677,2745,64,2.387169,320500,OK
2025-07-31,3420,ケー・エフ・シー,スタンダード（内国株式）,金属製品,1628,1633,1591,1615,7,0.435323,4900,OK
2025-07-31,3421,稲葉製作所,スタンダード（内国株式）,金属製品,1780,1790,1773,1788,7,0.393038,53400,OK
2025-07-31,3422,Ｊ−ＭＡＸ,スタンダード（内国株式）,金属製品,342,345,342,344,1,0.291545,12400,OK
2025-07-31,3423,エスイー,スタンダード（内国株式）,金属製品,262,262,261,262,0,0,10200,OK
2025-07-31,3426,アトムリビンテック,スタンダード（内国株式）,金属製品,1490,1490,1473,1473,-20,-1.339585,200,OK
2025-07-31,3431,宮地エンジニアリンググループ,プライム（内国株式）,金属製品,1955,1969,1949,1969,17,0.870902,69300,OK
2025-07-31,3433,トーカロ,プライム（内国株式）,金属製品,2007,2047,2007,2040,33,1.644245,182300,OK
2025-07-31,3434,アルファ,スタンダード（内国株式）,金属製品,1222,1222,1199,1203,-16,-1.312551,17500,OK
2025-07-31,3435,サンコーテクノ,スタンダード（内国株式）,金属製品,1282,1292,1282,1286,0,0,1500,OK
2025-07-31,3436,ＳＵＭＣＯ,プライム（内国株式）,金属製品,1188,1213,1185.5,1197,24,2.046036,4018700,OK
2025-07-31,3437,特殊電極,スタンダード（内国株式）,金属製品,2701,2701,2700,2701,-19,-0.698529,400,OK
2025-07-31,3439,三ツ知,スタンダード（内国株式）,金属製品,616,620,616,619,3,0.487013,500,OK
2025-07-31,343A,ＩＡＣＥトラベル,スタンダード（内国株式）,サービス業,1031,1045,1028,1045,16,1.554908,19200,OK
2025-07-31,3440,日創グループ,スタンダード（内国株式）,金属製品,1074,1079,1073,1076,1,0.093023,41800,OK
2025-07-31,3441,山王,スタンダード（内国株式）,金属製品,996,1004,996,1003,7,0.702811,2300,OK
2025-07-31,3443,川田テクノロジーズ,プライム（内国株式）,金属製品,3890,3970,3885,3965,95,2.45478,73600,OK
2025-07-31,3444,菊池製作所,スタンダード（内国株式）,金属製品,330,336,324,335,9,2.760736,28900,OK
2025-07-31,3445,ＲＳ　Ｔｅｃｈｎｏｌｏｇｉｅｓ,プライム（内国株式）,金属製品,3125,3180,3125,3140,15,0.48,89100,OK
2025-07-31,3446,ジェイテックコーポレーション,プライム（内国株式）,金属製品,1203,1243,1203,1243,28,2.304527,27000,OK
2025-07-31,3447,信和,スタンダード（内国株式）,金属製品,782,782,776,778,1,0.1287,14100,OK
2025-07-31,3448,清鋼材,TOKYO PRO MARKET（内国株式）,金属製品,,,,,,,,NO_QUOTE
2025-07-31,3449,テクノフレックス,スタンダード（内国株式）,金属製品,1401,1420,1400,1407,6,0.428266,24500,OK
2025-07-31,3450,サトウ産業,TOKYO PRO MARKET（内国株式）,金属製品,,,,,,,,NO_QUOTE
2025-07-31,3452,ビーロット,スタンダード（内国株式）,不動産業,1454,1475,1450,1472,22,1.517241,75400,OK
2025-07-31,3454,ファーストブラザーズ,スタンダード（内国株式）,不動産業,1061,1067,1060,1060,-1,-0.094251,2800,OK
2025-07-31,3457,Ａｎｄ　Ｄｏホールディングス,プライム（内国株式）,不動産業,1091,1093,1083,1089,-2,-0.183318,32100,OK
2025-07-31,3461,パルマ,スタンダード（内国株式）,不動産業,536,536,531,534,-2,-0.373134,3800,OK
2025-07-31,3465,ケイアイスター不動産,プライム（内国株式）,不動産業,4830,4870,4800,4850,55,1.147028,57600,OK
2025-07-31,3467,アグレ都市デザイン,スタンダード（内国株式）,不動産業,1927,1927,1908,1913,-4,-0.208659,5600,OK
2025-07-31,3469,デュアルタップ,スタンダード（内国株式）,不動産業,785,791,783,789,3,0.381679,19200,OK
2025-07-31,3474,Ｇ−ＦＡＣＴＯＲＹ,グロース（内国株式）,不動産業,610,610,602,602,-4,-0.660066,4000,OK
2025-07-31,3475,グッドコムアセット,プライム（内国株式）,不動産業,1226,1237,1212,1236,26,2.14876,164600,OK
2025-07-31,3477,フォーライフ,グロース（内国株式）,不動産業,734,741,725,728,0,0,4100,OK
2025-07-31,3479,ティーケーピー,グロース（内国株式）,不動産業,1824,1830,1801,1830,8,0.439078,60500,OK
2025-07-31,347A,ＧＲＯＷＴＨ　ＰＯＷＥＲ,TOKYO PRO MARKET（内国株式）,卸売業,,,,,,,,NO_QUOTE
2025-07-31,3480,ジェイ・エス・ビー,プライム（内国株式）,不動産業,3950,3990,3905,3920,-50,-1.259446,24200,OK
2025-07-31,3482,ロードスターキャピタル,プライム（内国株式）,不動産業,2845,2907,2845,2907,60,2.107482,126600,OK
2025-07-31,3483,翔栄,TOKYO PRO MARKET（内国株式）,不動産業,,,,,,,,NO_QUOTE
2025-07-31,3484,イノベーションホールディングス,プライム（内国株式）,不動産業,998,1002,997,998,1,0.100301,2400,OK
2025-07-31,3486,グローバル・リンク・マネジメント,プライム（内国株式）,不動産業,2256,2271,2212,2221,-37,-1.638618,83900,OK
2025-07-31,3489,フェイスネットワーク,スタンダード（内国株式）,不動産業,2320,2340,2308,2329,9,0.387931,30400,OK
2025-07-31,3490,アズ企画設計,スタンダード（内国株式）,不動産業,2803,2838,2802,2832,38,1.360057,8500,OK
2025-07-31,3491,ＧＡ　ｔｅｃｈｎｏｌｏｇｉｅｓ,グロース（内国株式）,不動産業,1940,2034,1935,2021,108,5.645583,256700,OK
2025-07-31,3494,マリオン,スタンダード（内国株式）,不動産業,499,499,476,476,-23,-4.609218,34100,OK
2025-07-31,3495,香陵住販,スタンダード（内国株式）,不動産業,2463,2531,2463,2502,-11,-0.437724,1100,OK
2025-07-31,3496,アズーム,プライム（内国株式）,不動産業,8300,8780,8300,8480,50,0.59312,107300,OK
2025-07-31,3497,ＬｅＴｅｃｈ,グロース（内国株式）,不動産業,1494,1608,1494,1494,1,0.066979,9900,OK
2025-07-31,3498,霞ヶ関キャピタル,プライム（内国株式）,不動産業,18400,19540,18400,19360,1030,5.619203,1649800,OK
2025-07-31,3501,ＳＵＭＩＮＯＥ,プライム（内国株式）,繊維製品,1116,1124,1116,1123,7,0.62724,12800,OK
2025-07-31,350A,デジタルグリッド,グロース（内国株式）,電気･ガス業,10640,10900,10380,10420,-240,-2.251407,143500,OK
2025-07-31,3512,日本フエルト,スタンダード（内国株式）,繊維製品,524,526,500,515,-8,-1.529637,51700,OK
2025-07-31,3513,イチカワ,スタンダード（内国株式）,繊維製品,1793,1818,1791,1813,21,1.171875,1600,OK
2025-07-31,351A,アクシスＩＴパートナーズ,TOKYO PRO MARKET（内国株式）,情報･通信業,,,,,,,,NO_QUOTE
2025-07-31,3521,エコナックホールディングス,スタンダード（内国株式）,サービス業,161,162,161,162,1,0.621118,25800,OK
2025-07-31,3524,日東製網,スタンダード（内国株式）,繊維製品,1421,1421,1415,1419,3,0.211864,1900,OK
2025-07-31,3526,芦森工業,スタンダード（内国株式）,輸送用機器,2837,2866,2834,2845,-25,-0.87108,11100,OK
2025-07-31,3529,アツギ,スタンダード（内国株式）,繊維製品,1184,1194,1131,1162,-24,-2.023609,133300,OK
2025-07-31,352A,ＬＩＦＥ　ＣＲＥＡＴＥ,グロース（内国株式）,サービス業,1359,1363,1330,1345,-5,-0.37037,48500,OK
2025-07-31,3536,アクサスホールディングス,スタンダード（内国株式）,小売業,136,136,135,136,0,0,15900,OK
2025-07-31,3537,昭栄薬品,スタンダード（内国株式）,卸売業,1643,1647,1643,1646,1,0.06079,800,OK
2025-07-31,3538,ウイルプラスホールディングス,スタンダード（内国株式）,小売業,1008,1008,1000,1005,5,0.5,1400,OK
2025-07-31,3539,ＪＭホールディングス,プライム（内国株式）,小売業,2872,2900,2835,2886,4,0.138793,92900,OK
2025-07-31,3540,歯愛メディカル,スタンダード（内国株式）,卸売業,976,1008,976,1008,33,3.384615,45300,OK
2025-07-31,3541,農業総合研究所,グロース（内国株式）,卸売業,501,516,494,516,17,3.406814,373100,OK
2025-07-31,3542,ベガコーポレーション,グロース（内国株式）,小売業,2236,2304,2132,2229,-6,-0.268456,240000,OK
2025-07-31,3543,コメダホールディングス,プライム（内国株式）,卸売業,3015,3020,2996,3010,0,0,104300,OK
2025-07-31,3544,サツドラホールディングス,スタンダード（内国株式）,小売業,833,836,829,832,1,0.120337,9200,OK
2025-07-31,3546,アレンザホールディングス,プライム（内国株式）,小売業,1056,1060,1052,1056,0,0,9500,OK
2025-07-31,3547,串カツ田中ホールディングス,スタンダード（内国株式）,小売業,1916,1958,1916,1945,23,1.19667,64800,OK
2025-07-31,3548,バロックジャパンリミテッド,プライム（内国株式）,小売業,789,792,785,792,4,0.507614,50700,OK
2025-07-31,3549,クスリのアオキホールディングス,プライム（内国株式）,小売業,4009,4042,4003,4026,30,0.750751,204200,OK
2025-07-31,3550,スタジオアタオ,グロース（内国株式）,小売業,218,219,216,219,2,0.921659,5400,OK
2025-07-31,3551,ダイニック,スタンダード（内国株式）,繊維製品,935,947,935,940,1,0.106496,23100,OK
2025-07-31,3553,共和レザー,スタンダード（内国株式）,化学,807,816,803,811,-21,-2.524038,216300,OK
2025-07-31,3556,リネットジャパングループ,グロース（内国株式）,小売業,623,625,611,625,10,1.626016,41300,OK
2025-07-31,3557,ユナイテッド＆コレクティブ,グロース（内国株式）,小売業,980,984,977,984,8,0.819672,11500,OK
2025-07-31,3558,ジェイドグループ,グロース（内国株式）,小売業,1371,1392,1369,1392,22,1.605839,55700,OK
2025-07-31,3559,ピーバンドットコム,スタンダード（内国株式）,卸売業,524,535,524,535,12,2.294455,36900,OK
2025-07-31,355A,ナウビレッジ,TOKYO PRO MARKET（内国株式）,サービス業,,,,,,,,NO_QUOTE
2025-07-31,3560,ほぼ日,スタンダード（内国株式）,小売業,3200,3440,3200,3385,195,6.112853,14700,OK
2025-07-31,3561,力の源ホールディングス,プライム（内国株式）,小売業,1430,1442,1421,1442,15,1.051156,42000,OK
2025-07-31,3562,Ｎｏ．１,スタンダード（内国株式）,卸売業,2401,2433,2365,2427,24,0.998752,104200,OK
2025-07-31,3563,ＦＯＯＤ　＆　ＬＩＦＥ　ＣＯＭＰＡＮＩＥＳ,プライム（内国株式）,小売業,7520,7667,7451,7636,142,1.894849,1331100,OK
2025-07-31,3565,アセンテック,スタンダード（内国株式）,卸売業,1685,1688,1678,1678,-9,-0.533491,112700,OK
2025-07-31,3566,ユニフォームネクスト,グロース（内国株式）,小売業,601,609,599,609,10,1.669449,8700,OK
2025-07-31,3569,セーレン,プライム（内国株式）,繊維製品,2474,2492,2463,2472,12,0.487805,91300,OK
2025-07-31,3571,ソトー,スタンダード（内国株式）,繊維製品,832,838,785,785,13,1.683938,150400,OK
2025-07-31,3577,東海染工,スタンダード（内国株式）,繊維製品,872,872,860,869,5,0.578704,4100,OK
2025-07-31,357A,エフアンドエフ,TOKYO PRO MARKET（内国株式）,小売業,,,,,,,,NO_QUOTE
2025-07-31,3580,小松マテーレ,プライム（内国株式）,繊維製品,742,780,739,771,35,4.755435,103200,OK
2025-07-31,3583,オーベクス,スタンダード（内国株式）,繊維製品,1339,1339,1333,1333,-6,-0.448096,600,OK
2025-07-31,358A,ゼン・ランド,TOKYO PRO MARKET（内国株式）,不動産業,,,,,,,,NO_QUOTE
2025-07-31,3591,ワコールホールディングス,プライム（内国株式）,繊維製品,5426,5528,5422,5480,55,1.013825,143000,OK
2025-07-31,3593,ホギメディカル,プライム（内国株式）,繊維製品,4800,4800,4725,4765,-50,-1.038422,190500,OK
2025-07-31,3597,自重堂,スタンダード（内国株式）,繊維製品,9740,9740,9610,9630,-30,-0.310559,1800,OK
2025-07-31,3598,山喜,スタンダード（内国株式）,繊維製品,172,174,172,173,0,0,12600,OK
2025-07-31,359A,ＮＥＸＴ　ＳＴＡＧＥ,TOKYO PRO MARKET（内国株式）,サービス業,,,,,,,,NO_QUOTE
2025-07-31,3600,フジックス,スタンダード（内国株式）,繊維製品,,,,,,,,NO_QUOTE
2025-07-31,3607,クラウディアホールディングス,スタンダード（内国株式）,繊維製品,372,372,369,372,0,0,21200,OK
2025-07-31,3608,ＴＳＩホールディングス,プライム（内国株式）,繊維製品,1049,1059,1043,1059,9,0.857143,289300,OK
2025-07-31,3611,マツオカコーポレーション,スタンダード（内国株式）,繊維製品,1830,1839,1830,1836,6,0.327869,7700,OK
2025-07-31,3612,ワールド,プライム（内国株式）,繊維製品,2738,2783,2732,2783,47,1.717836,197100,OK
2025-07-31,361A,リビングハウス,TOKYO PRO MARKET（内国株式）,小売業,,,,,,,,NO_QUOTE
2025-07-31,3622,ネットイヤーグループ,グロース（内国株式）,情報･通信業,658,659,649,651,-6,-0.913242,8200,OK
2025-07-31,3623,ビリングシステム,グロース（内国株式）,情報･通信業,1083,1100,1083,1099,15,1.383764,12000,OK
2025-07-31,3624,アクセルマーク,グロース（内国株式）,情報･通信業,117,121,116,121,4,3.418803,446600,OK
2025-07-31,3625,テックファームホールディングス,グロース（内国株式）,情報･通信業,851,865,843,863,20,2.372479,33400,OK
2025-07-31,3626,ＴＩＳ,プライム（内国株式）,情報･通信業,4729,4905,4647,4836,160,3.421728,1463100,OK
2025-07-31,3627,テクミラホールディングス,スタンダード（内国株式）,情報･通信業,315,315,310,311,0,0,19600,OK
2025-07-31,3628,データホライゾン,グロース（内国株式）,情報･通信業,564,564,554,554,0,0,3800,OK
2025-07-31,362A,エクシオホールディングス,TOKYO PRO MARKET（内国株式）,サービス業,,,,,,,,NO_QUOTE
2025-07-31,3632,グリーホールディングス,プライム（内国株式）,情報･通信業,488,495,488,495,7,1.434426,277100,OK
2025-07-31,3633,ＧＭＯペパボ,スタンダード（内国株式）,情報･通信業,1569,1579,1555,1579,19,1.217949,2400,OK
2025-07-31,3634,ソケッツ,スタンダード（内国株式）,情報･通信業,612,612,612,612,-2,-0.325733,100,OK
2025-07-31,3635,コーエーテクモホールディングス,プライム（内国株式）,情報･通信業,2010,2012.5,1963,1987.5,-5.5,-0.275966,898800,OK
2025-07-31,3636,三菱総合研究所,プライム（内国株式）,情報･通信業,4820,4830,4705,4730,-95,-1.968912,62000,OK
2025-07-31,3639,ボルテージ,スタンダード（内国株式）,情報･通信業,285,290,283,287,5,1.77305,69400,OK
2025-07-31,3640,電算,スタンダード（内国株式）,情報･通信業,2965,3030,2965,2995,30,1.011804,69600,OK
2025-07-31,3641,パピレス,スタンダード（内国株式）,情報･通信業,872,877,872,875,3,0.344037,1800,OK
2025-07-31,3645,メディカルネット,グロース（内国株式）,情報･通信業,309,312,309,309,0,0,11100,OK
2025-07-31,3646,駅探,グロース（内国株式）,情報･通信業,369,372,368,370,0,0,1000,OK
2025-07-31,3647,ジー・スリーホールディングス,スタンダード（内国株式）,情報･通信業,151,152,149,149,-2,-1.324503,45300,OK
2025-07-31,3648,ＡＧＳ,スタンダード（内国株式）,情報･通信業,1172,1314,1160,1313,190,16.918967,730700,OK
2025-07-31,3649,ファインデックス,プライム（内国株式）,情報･通信業,757,767,756,766,9,1.188904,63300,OK
2025-07-31,3652,ディジタルメディアプロフェッショナル,グロース（内国株式）,情報･通信業,2058,2067,2028,2067,35,1.722441,10600,OK
2025-07-31,3653,モルフォ,グロース（内国株式）,情報･通信業,1283,1291,1253,1270,-4,-0.313972,13100,OK
2025-07-31,3655,ブレインパッド,プライム（内国株式）,情報･通信業,1317,1356,1306,1354,41,3.12262,339500,OK
2025-07-31,3656,ＫＬａｂ,プライム（内国株式）,情報･通信業,124,125,122,123,0,0,1155300,OK
2025-07-31,3657,ポールトゥウィンホールディングス,プライム（内国株式）,情報･通信業,366,366,359,362,-1,-0.275482,114400,OK
2025-07-31,3659,ネクソン,プライム（内国株式）,情報･通信業,2731,2785.5,2701.5,2774,70.5,2.607731,1751100,OK
2025-07-31,365A,伊澤タオル,スタンダード（内国株式）,繊維製品,687,714,665,680,-7,-1.018923,502100,OK
2025-07-31,3660,アイスタイル,プライム（内国株式）,情報･通信業,559,587,554,578,16,2.846975,1651000,OK
2025-07-31,3661,エムアップホールディングス,プライム（内国株式）,情報･通信業,2083,2126,2070,2126,22,1.045627,208500,OK
2025-07-31,3662,エイチームホールディングス,プライム（内国株式）,情報･通信業,1221,1239,1203,1216,-13,-1.057771,176400,OK
2025-07-31,3663,セルシス,プライム（内国株式）,情報･通信業,1658,1669,1642,1667,12,0.725076,129000,OK
2025-07-31,3664,モブキャストホールディングス,グロース（内国株式）,情報･通信業,61,65,61,64,2,3.225806,1398100,OK
2025-07-31,3665,エニグモ,プライム（内国株式）,情報･通信業,287,288,280,284,-6,-2.068966,307700,OK
2025-07-31,3667,ｅｎｉｓｈ,スタンダード（内国株式）,情報･通信業,114,118,113,117,4,3.539823,554900,OK
2025-07-31,3668,コロプラ,プライム（内国株式）,情報･通信業,520,524,516,524,4,0.769231,103700,OK
2025-07-31,366A,ウェルネス・コミュニケーションズ,グロース（内国株式）,サービス業,2964,2964,2919,2922,-30,-1.01626,44500,OK
2025-07-31,3670,協立情報通信,スタンダード（内国株式）,情報･通信業,2008,2008,1988,1988,38,1.948718,400,OK
2025-07-31,3671,ソフトマックス,グロース（内国株式）,情報･通信業,318,318,310,312,-6,-1.886792,94600,OK
2025-07-31,3672,オルトプラス,スタンダード（内国株式）,情報･通信業,81,81,79,80,-1,-1.234568,485000,OK
2025-07-31,3673,ブロードリーフ,プライム（内国株式）,情報･通信業,758,768,753,768,10,1.319261,239200,OK
2025-07-31,3674,オークファン,グロース（内国株式）,情報･通信業,382,383,376,380,-2,-0.52356,15200,OK
2025-07-31,3675,クロス・マーケティンググループ,プライム（内国株式）,情報･通信業,768,775,758,767,5,0.656168,39000,OK
2025-07-31,3676,デジタルハーツホールディングス,プライム（内国株式）,情報･通信業,943,970,940,964,21,2.226935,56000,OK
2025-07-31,3678,メディアドゥ,プライム（内国株式）,情報･通信業,1735,1757,1735,1757,37,2.151163,60300,OK
2025-07-31,3679,じげん,プライム（内国株式）,情報･通信業,510,513,504,510,3,0.591716,238000,OK
2025-07-31,367A,プリモグローバルホールディングス,スタンダード（内国株式）,小売業,1955,1999,1955,1975,25,1.282051,129100,OK
2025-07-31,3680,ホットリンク,グロース（内国株式）,情報･通信業,300,305,299,303,1,0.331126,123300,OK
2025-07-31,3681,ブイキューブ,プライム（内国株式）,情報･通信業,153,154,152,152,0,0,58700,OK
2025-07-31,3682,エンカレッジ・テクノロジ,スタンダード（内国株式）,情報･通信業,612,612,606,609,3,0.49505,2800,OK
2025-07-31,3683,サイバーリンクス,スタンダード（内国株式）,情報･通信業,1303,1303,1288,1295,-3,-0.231125,7600,OK
2025-07-31,3686,ディー・エル・イー,スタンダード（内国株式）,情報･通信業,160,163,158,162,3,1.886792,178400,OK
2025-07-31,3687,フィックスターズ,プライム（内国株式）,情報･通信業,2001,2106,2001,2065,104,5.303417,535400,OK
2025-07-31,3688,ＣＡＲＴＡ　ＨＯＬＤＩＮＧＳ,プライム（内国株式）,情報･通信業,2086,2088,2083,2084,0,0,86700,OK
2025-07-31,368A,北里コーポレーション,プライム（内国株式）,精密機器,1680,1726,1642,1688,0,0,702200,OK
2025-07-31,3690,イルグルム,グロース（内国株式）,情報･通信業,543,543,539,542,-1,-0.184162,2600,OK
2025-07-31,3691,デジタルプラス,グロース（内国株式）,情報･通信業,1132,1190,1119,1135,4,0.353669,50100,OK
2025-07-31,3692,ＦＦＲＩセキュリティ,グロース（内国株式）,情報･通信業,6020,6240,5950,6230,230,3.833333,599300,OK
2025-07-31,3694,オプティム,プライム（内国株式）,情報･通信業,532,532,526,530,3,0.56926,96500,OK
2025-07-31,3695,ＧＭＯリサーチ＆ＡＩ,グロース（内国株式）,情報･通信業,2717,2730,2688,2730,-4,-0.146306,1300,OK
2025-07-31,3696,セレス,プライム（内国株式）,情報･通信業,2440,2455,2405,2427,-39,-1.581509,454700,OK
2025-07-31,3697,ＳＨＩＦＴ,プライム（内国株式）,情報･通信業,1571.5,1618,1570,1602.5,31,1.972638,1836700,OK
2025-07-31,3698,ＣＲＩ・ミドルウェア,グロース（内国株式）,情報･通信業,1560,1583,1490,1518,-32,-2.064516,59400,OK
2025-07-31,369A,エータイ,グロース（内国株式）,サービス業,2960,2973,2909,2916,-2,-0.06854,68100,OK
2025-07-31,3708,特種東海製紙,プライム（内国株式）,パルプ・紙,3925,3945,3900,3930,15,0.383142,8800,OK
2025-07-31,370A,リバイブル,TOKYO PRO MARKET（内国株式）,不動産業,,,,,,,,NO_QUOTE
2025-07-31,3710,ジョルダン,スタンダード（内国株式）,情報･通信業,586,586,584,584,0,0,700,OK
2025-07-31,3712,情報企画,スタンダード（内国株式）,情報･通信業,5150,5190,5150,5180,30,0.582524,1200,OK
2025-07-31,3719,ＡＩストーム,スタンダード（内国株式）,情報･通信業,241,244,238,244,5,2.09205,116600,OK
2025-07-31,371A,デージーネット,TOKYO PRO MARKET（内国株式）,情報･通信業,,,,,,,,NO_QUOTE
2025-07-31,3723,日本ファルコム,グロース（内国株式）,情報･通信業,1168,1168,1154,1162,-5,-0.428449,1800,OK
2025-07-31,3726,フォーシーズＨＤ,スタンダード（内国株式）,小売業,615,630,614,616,-3,-0.484653,126100,OK
2025-07-31,3727,アプリックス,グロース（内国株式）,情報･通信業,149,149,148,148,0,0,18900,OK
2025-07-31,372A,レント,スタンダード（内国株式）,サービス業,5890,5970,5820,5940,150,2.590674,49800,OK
2025-07-31,3733,ソフトウェア・サービス,スタンダード（内国株式）,情報･通信業,13690,13710,13620,13710,-80,-0.580131,600,OK
2025-07-31,373A,リップス,グロース（内国株式）,化学,3640,3640,3460,3545,-125,-3.405995,185700,OK
2025-07-31,3741,セック,プライム（内国株式）,情報･通信業,5080,5290,5080,5240,180,3.557312,71000,OK
2025-07-31,3744,サイオス,スタンダード（内国株式）,情報･通信業,455,459,450,459,4,0.879121,18700,OK
2025-07-31,3747,インタートレード,スタンダード（内国株式）,情報･通信業,481,488,475,482,3,0.626305,240500,OK
2025-07-31,374A,樋口総合研究所,TOKYO PRO MARKET（内国株式）,情報･通信業,,,,,,,,NO_QUOTE
2025-07-31,3750,ＡＤＲ１２０Ｓ,スタンダード（内国株式）,情報･通信業,913,915,911,912,-2,-0.218818,2300,OK
2025-07-31,3753,フライトソリューションズ,スタンダード（内国株式）,情報･通信業,233,234,231,234,1,0.429185,22700,OK
2025-07-31,3758,アエリア,スタンダード（内国株式）,情報･通信業,316,320,313,320,4,1.265823,78000,OK
2025-07-31,375A,ＹＡＫホールディングス,TOKYO PRO MARKET（内国株式）,不動産業,,,,,,,,NO_QUOTE
2025-07-31,3760,ケイブ,スタンダード（内国株式）,情報･通信業,943,947,933,940,-7,-0.739176,25100,OK
2025-07-31,3762,テクマトリックス,プライム（内国株式）,情報･通信業,2164,2180,2132,2170,8,0.370028,271900,OK
2025-07-31,3763,プロシップ,プライム（内国株式）,情報･通信業,2886,2960,2856,2946,73,2.540898,37400,OK
2025-07-31,3765,ガンホー・オンライン・エンターテイメント,プライム（内国株式）,情報･通信業,2896.5,2914,2890.5,2910.5,14,0.483342,149900,OK
2025-07-31,3766,システムズ・デザイン,スタンダード（内国株式）,情報･通信業,1254,1254,1254,1254,0,0,500,OK
2025-07-31,3768,リスクモンスター,スタンダード（内国株式）,情報･通信業,497,498,496,496,-1,-0.201207,1200,OK
2025-07-31,3769,ＧＭＯペイメントゲートウェイ,プライム（内国株式）,情報･通信業,8465,8564,8412,8522,78,0.923733,139100,OK
2025-07-31,3770,ザッパラス,スタンダード（内国株式）,情報･通信業,412,417,412,415,3,0.728155,53200,OK
2025-07-31,3771,システムリサーチ,プライム（内国株式）,情報･通信業,2200,2212,2149,2187,-5,-0.228102,70600,OK
2025-07-31,3772,ウェルス・マネジメント,スタンダード（内国株式）,不動産業,1013,1015,1009,1014,8,0.795229,9600,OK
2025-07-31,3773,アドバンスト・メディア,グロース（内国株式）,情報･通信業,1174,1200,1173,1200,26,2.214651,72500,OK
2025-07-31,3774,インターネットイニシアティブ,プライム（内国株式）,情報･通信業,2777.5,2813,2774,2788,5,0.179662,467600,OK
2025-07-31,3776,ブロードバンドタワー,スタンダード（内国株式）,情報･通信業,150,152,150,150,0,0,179100,OK
2025-07-31,3777,環境フレンドリーホールディングス,グロース（内国株式）,情報･通信業,72,74,70,71,-2,-2.739726,21039500,OK
2025-07-31,3778,さくらインターネット,プライム（内国株式）,情報･通信業,2828,3100,2804,2971,227,8.272595,24194600,OK
2025-07-31,3779,ジェイ・エスコムホールディングス,スタンダード（内国株式）,情報･通信業,192,196,188,195,5,2.631579,87600,OK
2025-07-31,3787,テクノマセマティカル,スタンダード（内国株式）,情報･通信業,576,586,572,578,6,1.048951,4700,OK
2025-07-31,3788,ＧＭＯグローバルサイン・ホールディングス,プライム（内国株式）,情報･通信業,2262,2295,2231,2295,22,0.967884,22600,OK
2025-07-31,378A,ヒット,グロース（内国株式）,サービス業,2130,2165,2100,2112,2,0.094787,55100,OK
2025-07-31,3791,ＩＧポート,スタンダード（内国株式）,情報･通信業,1705,1736,1685,1685,-11,-0.648585,488900,OK
2025-07-31,3793,ドリコム,グロース（内国株式）,情報･通信業,471,473,461,464,-7,-1.4862,734100,OK
2025-07-31,3796,いい生活,スタンダード（内国株式）,情報･通信業,512,512,502,504,-8,-1.5625,3000,OK
2025-07-31,3798,ＵＬＳグループ,スタンダード（内国株式）,情報･通信業,7230,7410,7220,7310,150,2.094972,12200,OK
2025-07-31,3799,キーウェアソリューションズ,スタンダード（内国株式）,情報･通信業,941,944,939,944,3,0.31881,10800,OK
2025-07-31,3800,ユニリタ,スタンダード（内国株式）,情報･通信業,1904,1913,1904,1906,2,0.105042,1600,OK
2025-07-31,3802,エコミック,スタンダード（内国株式）,情報･通信業,481,487,478,482,2,0.416667,9400,OK
2025-07-31,3803,イメージ情報開発,グロース（内国株式）,情報･通信業,1671,1760,1371,1760,300,20.547945,1122300,OK
2025-07-31,3804,システム　ディ,スタンダード（内国株式）,情報･通信業,2254,2260,2254,2256,-44,-1.913043,700,OK
2025-07-31,3807,フィスコ,グロース（内国株式）,情報･通信業,143,147,142,146,2,1.388889,362300,OK
2025-07-31,3810,サイバーステップ,スタンダード（内国株式）,情報･通信業,316,348,316,348,33,10.47619,797200,OK
2025-07-31,3814,アルファクス・フード・システム,グロース（内国株式）,情報･通信業,263,263,252,254,-9,-3.422053,73100,OK
2025-07-31,3815,メディア工房,グロース（内国株式）,情報･通信業,596,597,594,595,0,0,10900,OK
2025-07-31,3816,大和コンピューター,スタンダード（内国株式）,情報･通信業,1142,1145,1142,1142,-1,-0.087489,900,OK
2025-07-31,3817,ＳＲＡホールディングス,プライム（内国株式）,情報･通信業,4590,4640,4545,4615,55,1.20614,18300,OK
2025-07-31,3823,ＴＨＥ　ＷＨＹ　ＨＯＷ　ＤＯ　ＣＯＭＰＡＮＹ,スタンダード（内国株式）,情報･通信業,78,81,77,80,1,1.265823,2590100,OK
2025-07-31,3825,リミックスポイント,スタンダード（内国株式）,小売業,490,495,485,489,3,0.617284,1212800,OK
2025-07-31,3826,システムインテグレータ,スタンダード（内国株式）,情報･通信業,433,434,431,431,0,0,9500,OK
2025-07-31,3834,朝日ネット,プライム（内国株式）,情報･通信業,680,690,678,685,8,1.181684,56800,OK
2025-07-31,3835,ｅＢＡＳＥ,プライム（内国株式）,情報･通信業,498,508,493,508,11,2.21328,197800,OK
2025-07-31,3836,アバントグループ,プライム（内国株式）,情報･通信業,1504,1521,1502,1519,17,1.131824,51900,OK
2025-07-31,3837,アドソル日進,プライム（内国株式）,情報･通信業,1304,1352,1304,1342,36,2.756508,93900,OK
2025-07-31,3839,ＯＤＫソリューションズ,スタンダード（内国株式）,情報･通信業,590,590,584,589,-11,-1.833333,14800,OK
2025-07-31,3840,パス,スタンダード（内国株式）,情報･通信業,106,107,105,106,0,0,301300,OK
2025-07-31,3841,ジーダット,スタンダード（内国株式）,情報･通信業,1328,1333,1323,1333,10,0.755858,900,OK
2025-07-31,3842,ネクストジェン,スタンダード（内国株式）,情報･通信業,901,905,901,905,2,0.221484,1300,OK
2025-07-31,3843,フリービット,プライム（内国株式）,情報･通信業,1475,1511,1475,1508,37,2.515296,70900,OK
2025-07-31,3844,コムチュア,プライム（内国株式）,情報･通信業,1747,1756,1733,1756,20,1.152074,67800,OK
2025-07-31,3845,アイフリークモバイル,スタンダード（内国株式）,情報･通信業,127,129,124,126,-2,-1.5625,145800,OK
2025-07-31,3847,パシフィックシステム,スタンダード（内国株式）,情報･通信業,5000,5000,5000,5000,60,1.214575,100,OK
2025-07-31,3848,データ・アプリケーション,スタンダード（内国株式）,情報･通信業,824,832,823,827,5,0.608273,1600,OK
2025-07-31,3850,エヌ・ティ・ティ・データ・イントラマート,スタンダード（内国株式）,情報･通信業,3805,4065,3805,4055,305,8.133333,116200,OK
2025-07-31,3851,日本一ソフトウェア,スタンダード（内国株式）,情報･通信業,831,831,825,825,-5,-0.60241,1900,OK
2025-07-31,3853,アステリア,プライム（内国株式）,情報･通信業,657,663,654,658,2,0.304878,109000,OK
2025-07-31,3854,アイル,プライム（内国株式）,情報･通信業,2793,2830,2772,2824,40,1.436782,35100,OK
2025-07-31,3856,Ａｂａｌａｎｃｅ,スタンダード（内国株式）,電気機器,828,847,796,799,-26,-3.151515,468800,OK
2025-07-31,3858,ユビキタスＡＩ,スタンダード（内国株式）,情報･通信業,379,388,379,385,10,2.666667,49500,OK
2025-07-31,385A,山本通産,TOKYO PRO MARKET（内国株式）,卸売業,,,,,,,,NO_QUOTE
2025-07-31,3861,王子ホールディングス,プライム（内国株式）,パルプ・紙,737.4,742.6,737.3,739.2,4.4,0.598802,4390100,OK
2025-07-31,3863,日本製紙,プライム（内国株式）,パルプ・紙,1120,1122,1113,1116,-6,-0.534759,354900,OK
2025-07-31,3864,三菱製紙,プライム（内国株式）,パルプ・紙,670,677,664,674,20,3.058104,408200,OK
2025-07-31,3865,北越コーポレーション,プライム（内国株式）,パルプ・紙,1011,1030,1007,1022,18,1.792829,278300,OK
2025-07-31,386A,みのや,スタンダード（内国株式）,小売業,2030,2116,2021,2111,41,1.980676,39000,OK
2025-07-31,3877,中越パルプ工業,プライム（内国株式）,パルプ・紙,1704,1706,1693,1705,7,0.41225,30200,OK
2025-07-31,3878,巴川コーポレーション,スタンダード（内国株式）,化学,706,706,698,699,-7,-0.991501,4500,OK
2025-07-31,387A,フラー,グロース（内国株式）,情報･通信業,3975,4180,3815,4145,100,2.472188,330100,OK
2025-07-31,3880,大王製紙,プライム（内国株式）,パルプ・紙,841,856,840,843,1,0.118765,323000,OK
2025-07-31,3891,ニッポン高度紙工業,スタンダード（内国株式）,パルプ・紙,1912,1923,1874,1903,-2,-0.104987,50800,OK
2025-07-31,3892,岡山製紙,スタンダード（内国株式）,パルプ・紙,1435,1444,1435,1444,6,0.417246,300,OK
2025-07-31,3895,ハビックス,スタンダード（内国株式）,パルプ・紙,445,447,443,443,0,0,3700,OK
2025-07-31,3896,阿波製紙,スタンダード（内国株式）,パルプ・紙,398,400,395,396,-3,-0.75188,4000,OK
2025-07-31,389A,八光オートメーション,TOKYO PRO MARKET（内国株式）,電気機器,,,,,,,,NO_QUOTE
2025-07-31,3900,クラウドワークス,グロース（内国株式）,情報･通信業,1086,1147,1084,1130,44,4.051565,181100,OK
2025-07-31,3901,マークラインズ,プライム（内国株式）,情報･通信業,1966,1998,1966,1988,22,1.119023,30500,OK
2025-07-31,3902,メディカル・データ・ビジョン,プライム（内国株式）,情報･通信業,514,516,497,497,-19,-3.682171,223200,OK
2025-07-31,3903,ｇｕｍｉ,プライム（内国株式）,情報･通信業,614,630,611,630,21,3.448276,1218200,OK
2025-07-31,3904,カヤック,グロース（内国株式）,情報･通信業,442,445,440,440,-2,-0.452489,5400,OK
2025-07-31,3905,データセクション,グロース（内国株式）,情報･通信業,3385,3495,3345,3440,-15,-0.434153,1079900,OK
2025-07-31,3907,シリコンスタジオ,グロース（内国株式）,情報･通信業,962,973,951,959,-1,-0.104167,20700,OK
2025-07-31,3908,コラボス,グロース（内国株式）,情報･通信業,320,323,316,323,5,1.572327,14700,OK
2025-07-31,3909,ショーケース,スタンダード（内国株式）,情報･通信業,338,338,335,337,2,0.597015,5900,OK
2025-07-31,3910,エムケイシステム,スタンダード（内国株式）,情報･通信業,320,320,319,320,-1,-0.311526,5200,OK
2025-07-31,3911,Ａｉｍｉｎｇ,グロース（内国株式）,情報･通信業,283,295,274,279,-12,-4.123711,3703700,OK
2025-07-31,3912,モバイルファクトリー,スタンダード（内国株式）,情報･通信業,960,964,958,960,0,0,11000,OK
2025-07-31,3913,ＧｒｅｅｎＢｅｅ,グロース（内国株式）,情報･通信業,1233,1306,1233,1257,35,2.864157,95500,OK
2025-07-31,3914,ＪＩＧ−ＳＡＷ,グロース（内国株式）,情報･通信業,2708,2729,2690,2729,49,1.828358,9500,OK
2025-07-31,3915,テラスカイ,プライム（内国株式）,情報･通信業,2309,2387,2302,2351,42,1.818969,190700,OK
2025-07-31,3916,デジタル・インフォメーション・テクノロジー,プライム（内国株式）,情報･通信業,2518,2578,2518,2573,55,2.184273,43600,OK
2025-07-31,3917,アイリッジ,グロース（内国株式）,情報･通信業,527,527,522,522,-1,-0.191205,8000,OK
2025-07-31,3918,ＰＣＩホールディングス,スタンダード（内国株式）,情報･通信業,1137,1147,1127,1147,10,0.879507,18600,OK
2025-07-31,3920,アイビーシー,スタンダード（内国株式）,情報･通信業,989,989,966,978,-5,-0.508647,12100,OK
2025-07-31,3921,ネオジャパン,プライム（内国株式）,情報･通信業,1730,1759,1730,1759,34,1.971014,19800,OK
2025-07-31,3922,ＰＲ　ＴＩＭＥＳ,プライム（内国株式）,情報･通信業,2857,2911,2852,2886,10,0.347705,33800,OK
2025-07-31,3923,ラクス,プライム（内国株式）,情報･通信業,2338,2349.5,2306.5,2340,24,1.036269,556000,OK
2025-07-31,3924,ランドコンピュータ,プライム（内国株式）,情報･通信業,780,784,779,784,4,0.512821,13400,OK
2025-07-31,3925,ダブルスタンダード,プライム（内国株式）,情報･通信業,1615,1620,1593,1598,-6,-0.374065,17400,OK
2025-07-31,3926,オープンドア,プライム（内国株式）,情報･通信業,511,518,508,515,4,0.782779,39100,OK
2025-07-31,3927,フーバーブレイン,グロース（内国株式）,情報･通信業,867,886,867,886,17,1.956272,34700,OK
2025-07-31,3928,マイネット,スタンダード（内国株式）,情報･通信業,250,257,250,253,0,0,12900,OK
2025-07-31,3929,ソーシャルワイヤー,グロース（内国株式）,情報･通信業,267,267,263,265,-4,-1.486989,12900,OK
2025-07-31,3930,はてな,グロース（内国株式）,情報･通信業,1405,1427,1402,1425,12,0.849257,4000,OK
2025-07-31,3931,バリューゴルフ,グロース（内国株式）,情報･通信業,1757,1772,1750,1763,-8,-0.451722,12600,OK
2025-07-31,3932,アカツキ,プライム（内国株式）,情報･通信業,3005,3005,2968,2998,-7,-0.232945,20900,OK
2025-07-31,3933,チエル,スタンダード（内国株式）,情報･通信業,719,724,705,724,11,1.542777,6000,OK
2025-07-31,3934,ベネフィットジャパン,スタンダード（内国株式）,情報･通信業,1710,1718,1708,1717,-1,-0.058207,1800,OK
2025-07-31,3935,エディア,スタンダード（内国株式）,情報･通信業,932,936,896,932,-1,-0.107181,198100,OK
2025-07-31,3936,グローバルウェイ,グロース（内国株式）,情報･通信業,214,222,213,216,2,0.934579,627400,OK
2025-07-31,3937,Ｕｂｉｃｏｍホールディングス,プライム（内国株式）,情報･通信業,1024,1034,1023,1029,-3,-0.290698,65100,OK
2025-07-31,3939,カナミックネットワーク,プライム（内国株式）,情報･通信業,443,444,439,442,3,0.683371,60800,OK
2025-07-31,393A,ＲｉｔａＸ,TOKYO PRO MARKET（内国株式）,サービス業,,,,,,,,NO_QUOTE
2025-07-31,3940,ノムラシステムコーポレーション,スタンダード（内国株式）,情報･通信業,138,140,137,138,2,1.470588,204000,OK
2025-07-31,3941,レンゴー,プライム（内国株式）,パルプ・紙,872,882.9,871.7,878.8,3.2,0.365464,968900,OK
2025-07-31,3943,大石産業,スタンダード（内国株式）,パルプ・紙,1218,1225,1216,1222,3,0.246103,4100,OK
2025-07-31,3944,古林紙工,スタンダード（内国株式）,パルプ・紙,2100,2100,2100,2100,20,0.961538,2700,OK
2025-07-31,3945,スーパーバッグ,スタンダード（内国株式）,パルプ・紙,2525,2525,2525,2525,15,0.59761,300,OK
2025-07-31,3946,トーモク,プライム（内国株式）,パルプ・紙,3105,3330,3080,3295,180,5.778491,124600,OK
2025-07-31,3947,ダイナパック,スタンダード（内国株式）,パルプ・紙,2205,2215,2205,2214,34,1.559633,2000,OK
2025-07-31,3948,光ビジネスフォーム,スタンダード（内国株式）,パルプ・紙,1183,1191,1178,1178,-5,-0.422654,6900,OK
2025-07-31,3950,ザ・パック,プライム（内国株式）,パルプ・紙,1132,1140,1125,1135,2,0.176523,113400,OK
2025-07-31,3951,朝日印刷,スタンダード（内国株式）,パルプ・紙,906,908,904,908,2,0.220751,4700,OK
2025-07-31,3953,大村紙業,スタンダード（内国株式）,パルプ・紙,813,814,811,813,4,0.494438,1200,OK
2025-07-31,3954,昭和パックス,スタンダード（内国株式）,パルプ・紙,2293,2303,2285,2288,-15,-0.651324,2200,OK
2025-07-31,3955,イムラ,スタンダード（内国株式）,パルプ・紙,973,973,955,962,-8,-0.824742,7000,OK
2025-07-31,3958,笹徳印刷,スタンダード（内国株式）,パルプ・紙,530,530,527,529,-1,-0.188679,1600,OK
2025-07-31,3961,シルバーエッグ・テクノロジー,グロース（内国株式）,情報･通信業,643,651,632,635,-13,-2.006173,4600,OK
2025-07-31,3962,チェンジホールディングス,プライム（内国株式）,情報･通信業,1160,1163,1149,1163,5,0.431779,194600,OK
2025-07-31,3963,シンクロ・フード,プライム（内国株式）,情報･通信業,601,614,601,603,0,0,75500,OK
2025-07-31,3964,オークネット,プライム（内国株式）,情報･通信業,1663,1699,1663,1693,25,1.498801,27600,OK
2025-07-31,3965,キャピタル・アセット・プランニング,スタンダード（内国株式）,情報･通信業,795,799,794,797,2,0.251572,4400,OK
2025-07-31,3967,エルテス,グロース（内国株式）,情報･通信業,730,740,730,731,1,0.136986,11100,OK
2025-07-31,3968,セグエグループ,プライム（内国株式）,情報･通信業,499,502,498,502,4,0.803213,41600,OK
2025-07-31,3969,エイトレッド,スタンダード（内国株式）,情報･通信業,1464,1468,1457,1466,2,0.136612,5300,OK
2025-07-31,3970,イノベーション,グロース（内国株式）,情報･通信業,1046,1054,1022,1051,5,0.478011,4600,OK
2025-07-31,3974,ＳＣＡＴ,スタンダード（内国株式）,情報･通信業,480,480,475,480,2,0.41841,2700,OK
2025-07-31,3976,シャノン,グロース（内国株式）,情報･通信業,374,378,371,375,-1,-0.265957,5400,OK
2025-07-31,3979,うるる,グロース（内国株式）,情報･通信業,1584,1584,1575,1577,6,0.381922,800,OK
2025-07-31,3981,ビーグリー,スタンダード（内国株式）,情報･通信業,1335,1350,1333,1344,8,0.598802,2700,OK
2025-07-31,3983,オロ,プライム（内国株式）,情報･通信業,3150,3195,3145,3175,55,1.762821,23000,OK
2025-07-31,3984,ユーザーローカル,プライム（内国株式）,情報･通信業,1884,1912,1884,1912,40,2.136752,64300,OK
2025-07-31,3985,テモナ,スタンダード（内国株式）,情報･通信業,265,270,265,270,5,1.886792,27900,OK
2025-07-31,3986,ビーブレイクシステムズ,グロース（内国株式）,情報･通信業,1380,1380,1380,1380,-12,-0.862069,100,OK
2025-07-31,3987,エコモット,グロース（内国株式）,情報･通信業,602,613,599,608,9,1.502504,70300,OK
2025-07-31,3988,ＳＹＳホールディングス,スタンダード（内国株式）,情報･通信業,565,572,562,564,0,0,6200,OK
2025-07-31,3989,シェアリングテクノロジー,グロース（内国株式）,情報･通信業,1183,1220,1170,1220,44,3.741497,369800,OK
2025-07-31,3991,ウォンテッドリー,グロース（内国株式）,情報･通信業,1313,1313,1299,1303,-19,-1.437216,2900,OK
2025-07-31,3992,ニーズウェル,プライム（内国株式）,情報･通信業,543,555,541,555,14,2.5878,444900,OK
2025-07-31,3993,ＰＫＳＨＡ　Ｔｅｃｈｎｏｌｏｇｙ,プライム（内国株式）,情報･通信業,3480,3580,3475,3560,70,2.005731,406800,OK
2025-07-31,3994,マネーフォワード,プライム（内国株式）,情報･通信業,5850,6057,5824,6053,211,3.611777,451500,OK
2025-07-31,3996,サインポスト,スタンダード（内国株式）,情報･通信業,312,314,311,313,-1,-0.318471,11400,OK
2025-07-31,3997,トレードワークス,スタンダード（内国株式）,情報･通信業,1306,1306,1289,1306,13,1.005414,9200,OK
2025-07-31,3998,すららネット,グロース（内国株式）,情報･通信業,343,350,342,349,7,2.046784,22300,OK
2025-07-31,4004,レゾナック・ホールディングス,プライム（内国株式）,化学,3643,3682,3641,3664,32,0.881057,701900,OK
2025-07-31,4005,住友化学,プライム（内国株式）,化学,377.3,383.9,376.6,379.7,-0.4,-0.105235,15323600,OK
2025-07-31,4008,住友精化,プライム（内国株式）,化学,4515,4545,4510,4530,20,0.443459,28000,OK
2025-07-31,4011,ヘッドウォータース,グロース（内国株式）,情報･通信業,3910,4020,3880,3990,80,2.046036,35300,OK
2025-07-31,4012,アクシス,スタンダード（内国株式）,情報･通信業,1671,1684,1671,1676,-3,-0.178678,6200,OK
2025-07-31,4013,勤次郎,グロース（内国株式）,情報･通信業,949,1002,947,997,51,5.391121,429200,OK
2025-07-31,4014,カラダノート,グロース（内国株式）,情報･通信業,489,492,486,487,-3,-0.612245,7100,OK
2025-07-31,4015,ペイクラウドホールディングス,グロース（内国株式）,情報･通信業,718,747,716,744,26,3.62117,112500,OK
2025-07-31,4016,ＭＩＴホールディングス,スタンダード（内国株式）,情報･通信業,815,825,813,818,6,0.738916,4600,OK
2025-07-31,4017,クリーマ,グロース（内国株式）,情報･通信業,254,256,253,253,-1,-0.393701,5900,OK
2025-07-31,4019,スタメン,グロース（内国株式）,情報･通信業,1090,1094,1077,1087,-3,-0.275229,5400,OK
2025-07-31,4020,ビートレンド,グロース（内国株式）,情報･通信業,649,674,642,651,-8,-1.213961,4800,OK
2025-07-31,4021,日産化学,プライム（内国株式）,化学,4939,4958,4905,4942,32,0.651731,913600,OK
2025-07-31,4022,ラサ工業,プライム（内国株式）,化学,4240,4275,4225,4260,35,0.828402,23700,OK
2025-07-31,4023,クレハ,プライム（内国株式）,化学,3465,3475,3450,3460,0,0,235000,OK
2025-07-31,4025,多木化学,プライム（内国株式）,化学,2918,2945,2906,2931,26,0.895009,23100,OK
2025-07-31,4026,神島化学工業,スタンダード（内国株式）,ガラス･土石製品,1312,1314,1296,1302,1,0.076864,30800,OK
2025-07-31,4027,テイカ,プライム（内国株式）,化学,1235,1248,1234,1244,7,0.565885,48300,OK
2025-07-31,4028,石原産業,プライム（内国株式）,化学,2206,2210,2187,2197,4,0.182399,115800,OK
2025-07-31,4031,片倉コープアグリ,スタンダード（内国株式）,化学,995,995,981,985,-11,-1.104418,4000,OK
2025-07-31,4040,南海化学,スタンダード（内国株式）,化学,3215,3215,3175,3175,-45,-1.397516,4100,OK
2025-07-31,4041,日本曹達,プライム（内国株式）,化学,3425,3440,3410,3430,5,0.145985,286100,OK
2025-07-31,4042,東ソー,プライム（内国株式）,化学,2273.5,2290,2261.5,2280.5,7,0.307895,995100,OK
2025-07-31,4043,トクヤマ,プライム（内国株式）,化学,3260,3278,3239,3264,-21,-0.639269,631200,OK
2025-07-31,4044,セントラル硝子,プライム（内国株式）,化学,3235,3270,3235,3270,55,1.710731,325100,OK
2025-07-31,4045,東亞合成,プライム（内国株式）,化学,1485.5,1497.5,1443,1484,-5,-0.335796,1407700,OK
2025-07-31,4046,大阪ソーダ,プライム（内国株式）,化学,1854,1868,1841,1857,11,0.595883,542000,OK
2025-07-31,4047,関東電化工業,プライム（内国株式）,化学,853,858,849,857,10,1.180638,103100,OK
2025-07-31,4051,ＧＭＯフィナンシャルゲート,プライム（内国株式）,情報･通信業,4795,4895,4760,4855,80,1.675393,83600,OK
2025-07-31,4052,フィーチャ,グロース（内国株式）,情報･通信業,374,375,369,369,-2,-0.539084,6600,OK
2025-07-31,4053,Ｓｕｎ　Ａｓｔｅｒｉｓｋ,プライム（内国株式）,情報･通信業,526,534,525,534,5,0.94518,74700,OK
2025-07-31,4054,日本情報クリエイト,グロース（内国株式）,情報･通信業,780,799,773,799,23,2.963918,61300,OK
2025-07-31,4055,ティアンドエスグループ,グロース（内国株式）,情報･通信業,1205,1213,1199,1209,11,0.918197,14500,OK
2025-07-31,4056,ニューラルグループ,グロース（内国株式）,情報･通信業,808,849,807,836,29,3.593556,21900,OK
2025-07-31,4057,インターファクトリー,グロース（内国株式）,情報･通信業,485,485,481,485,1,0.206612,2500,OK
2025-07-31,4058,トヨクモ,グロース（内国株式）,情報･通信業,3375,3445,3375,3445,70,2.074074,34600,OK
2025-07-31,4059,まぐまぐ,スタンダード（内国株式）,情報･通信業,547,548,533,548,1,0.182815,5000,OK
2025-07-31,4060,ｒａｋｕｍｏ,グロース（内国株式）,情報･通信業,1007,1016,1006,1016,12,1.195219,2300,OK
2025-07-31,4061,デンカ,プライム（内国株式）,化学,2120,2140,2116,2130.5,21,0.995497,350500,OK
2025-07-31,4062,イビデン,プライム（内国株式）,電気機器,6317,6496,6316,6460,123,1.940982,1243300,OK
2025-07-31,4063,信越化学工業,プライム（内国株式）,化学,4381,4403,4369,4395,3,0.068306,8361000,OK
2025-07-31,4064,日本カーバイド工業,プライム（内国株式）,化学,1890,1902,1888,1902,17,0.901857,20900,OK
2025-07-31,4068,ベイシス,グロース（内国株式）,情報･通信業,2000,2030,2000,2006,6,0.3,1100,OK
2025-07-31,4069,ＢｌｕｅＭｅｍｅ,グロース（内国株式）,情報･通信業,1387,1398,1386,1390,3,0.216294,3700,OK
2025-07-31,4071,プラスアルファ・コンサルティング,プライム（内国株式）,情報･通信業,2297,2323,2286,2305,29,1.274165,214900,OK
2025-07-31,4072,電算システムホールディングス,プライム（内国株式）,情報･通信業,2579,2615,2579,2612,34,1.318852,10500,OK
2025-07-31,4073,ジィ・シィ企画,グロース（内国株式）,情報･通信業,593,593,585,585,-7,-1.182432,2000,OK
2025-07-31,4074,ラキール,グロース（内国株式）,情報･通信業,1010,1010,999,1009,6,0.598205,2600,OK
2025-07-31,4075,ブレインズテクノロジー,グロース（内国株式）,情報･通信業,810,811,793,793,-17,-2.098765,4900,OK
2025-07-31,4076,シイエヌエス,グロース（内国株式）,情報･通信業,1505,1505,1485,1485,-10,-0.668896,3000,OK
2025-07-31,4078,堺化学工業,プライム（内国株式）,化学,2847,2881,2847,2869,39,1.378092,99200,OK
2025-07-31,4080,田中化学研究所,スタンダード（内国株式）,化学,405,409,404,404,-3,-0.737101,68200,OK
2025-07-31,4082,第一稀元素化学工業,プライム（内国株式）,化学,686,687,680,686,6,0.882353,25700,OK
2025-07-31,4088,エア・ウォーター,プライム（内国株式）,化学,2255,2264,2237.5,2243,-2,-0.089087,509800,OK
2025-07-31,4091,日本酸素ホールディングス,プライム（内国株式）,化学,5709,5839,5333,5374,-355,-6.196544,908000,OK
2025-07-31,4092,日本化学工業,プライム（内国株式）,化学,2117,2133,2115,2132,15,0.70855,24300,OK
2025-07-31,4093,東邦アセチレン,プライム（内国株式）,化学,350,353,350,351,2,0.573066,32400,OK
2025-07-31,4094,日本化学産業,スタンダード（内国株式）,化学,2230,2259,2230,2256,38,1.713255,25900,OK
2025-07-31,4095,日本パーカライジング,プライム（内国株式）,化学,1366,1382,1363,1382,18,1.319648,230800,OK
2025-07-31,4097,高圧ガス工業,プライム（内国株式）,化学,1079,1096,1079,1096,17,1.575533,66800,OK
2025-07-31,4098,チタン工業,スタンダード（内国株式）,化学,763,768,761,762,0,0,2000,OK
2025-07-31,4099,四国化成ホールディングス,プライム（内国株式）,化学,2120,2153,2049,2101,-12,-0.567913,317000,OK
2025-07-31,4100,戸田工業,スタンダード（内国株式）,化学,1292,1296,1267,1271,-25,-1.929012,12700,OK
2025-07-31,4102,丸尾カルシウム,スタンダード（内国株式）,化学,1372,1372,1372,1372,-17,-1.223902,1000,OK
2025-07-31,4107,伊勢化学工業,スタンダード（内国株式）,化学,28580,28700,27050,27550,-700,-2.477876,144200,OK
2025-07-31,4109,ステラ　ケミファ,プライム（内国株式）,化学,4280,4305,4265,4305,55,1.294118,17500,OK
2025-07-31,4112,保土谷化学工業,プライム（内国株式）,化学,1525,1537,1516,1521,-1,-0.065703,42500,OK
2025-07-31,4113,田岡化学工業,スタンダード（内国株式）,化学,1336,1397,1275,1395,63,4.72973,196400,OK
2025-07-31,4114,日本触媒,プライム（内国株式）,化学,1709.5,1718,1701,1718,25,1.476669,1023100,OK
2025-07-31,4116,大日精化工業,プライム（内国株式）,化学,3400,3425,3390,3405,25,0.739645,41100,OK
2025-07-31,4118,カネカ,プライム（内国株式）,化学,4292,4304,4276,4294,15,0.350549,205100,OK
2025-07-31,4119,日本ピグメントホールディングス,スタンダード（内国株式）,化学,3515,3515,3495,3495,35,1.011561,700,OK
2025-07-31,4120,スガイ化学工業,スタンダード（内国株式）,化学,2163,2163,2115,2161,46,2.174941,600,OK
2025-07-31,4124,大阪油化工業,スタンダード（内国株式）,化学,2448,2448,2400,2440,-19,-0.772672,29100,OK
2025-07-31,4125,三和油化工業,スタンダード（内国株式）,化学,1429,1431,1415,1415,-5,-0.352113,9800,OK
2025-07-31,4151,協和キリン,プライム（内国株式）,医薬品,2565.5,2597,2558,2597,31.5,1.227831,1290300,OK
2025-07-31,4165,プレイド,グロース（内国株式）,情報･通信業,1163,1172,1153,1163,13,1.130435,497000,OK
2025-07-31,4166,かっこ,グロース（内国株式）,情報･通信業,906,946,853,878,-43,-4.668838,397200,OK
2025-07-31,4167,ココペリ,グロース（内国株式）,情報･通信業,455,462,443,459,6,1.324503,36000,OK
2025-07-31,4168,ヤプリ,グロース（内国株式）,情報･通信業,888,904,880,904,8,0.892857,131800,OK
2025-07-31,4169,ＥＮＥＣＨＡＮＧＥ,グロース（内国株式）,情報･通信業,298,302,295,302,4,1.342282,109900,OK
2025-07-31,4170,Ｋａｉｚｅｎ　Ｐｌａｔｆｏｒｍ,グロース（内国株式）,情報･通信業,211,214,210,212,3,1.435407,111400,OK
2025-07-31,4171,グローバルインフォメーション,スタンダード（内国株式）,情報･通信業,1387,1394,1387,1394,8,0.577201,1000,OK
2025-07-31,4172,東和ハイシステム,スタンダード（内国株式）,情報･通信業,2278,2289,2259,2289,1,0.043706,1000,OK
2025-07-31,4174,アピリッツ,スタンダード（内国株式）,情報･通信業,737,740,736,740,5,0.680272,5900,OK
2025-07-31,4175,ｃｏｌｙ,グロース（内国株式）,情報･通信業,1804,1869,1804,1836,11,0.60274,44600,OK
2025-07-31,4176,ココナラ,グロース（内国株式）,情報･通信業,437,445,430,439,8,1.856148,678100,OK
2025-07-31,4177,ｉ‐ｐｌｕｇ,グロース（内国株式）,情報･通信業,1379,1398,1379,1397,18,1.305294,1000,OK
2025-07-31,4178,Ｓｈａｒｉｎｇ　Ｉｎｎｏｖａｔｉｏｎｓ,グロース（内国株式）,情報･通信業,827,837,819,829,-2,-0.240674,5600,OK
2025-07-31,4179,ジーネクスト,グロース（内国株式）,情報･通信業,354,363,347,358,12,3.468208,34800,OK
2025-07-31,4180,Ａｐｐｉｅｒ　Ｇｒｏｕｐ,プライム（内国株式）,情報･通信業,1545,1566,1543,1551,11,0.714286,421800,OK
2025-07-31,4182,三菱瓦斯化学,プライム（内国株式）,化学,2602,2623,2597,2618,9.5,0.364194,1453300,OK
2025-07-31,4183,三井化学,プライム（内国株式）,化学,3363,3417,3360,3393,14,0.414324,1701500,OK
2025-07-31,4186,東京応化工業,プライム（内国株式）,化学,4134,4200,4106,4162,64,1.561737,516500,OK
2025-07-31,4187,大阪有機化学工業,プライム（内国株式）,化学,2859,2977,2856,2948,89,3.112977,168100,OK
2025-07-31,4188,三菱ケミカルグループ,プライム（内国株式）,化学,823.1,832.7,821.6,827.2,3.8,0.461501,6857100,OK
2025-07-31,4189,ＫＨネオケム,プライム（内国株式）,化学,2888,2900,2852,2868,-8,-0.278164,192000,OK
2025-07-31,4192,スパイダープラス,グロース（内国株式）,情報･通信業,497,501,494,500,8,1.626016,143300,OK
2025-07-31,4193,ファブリカホールディングス,スタンダード（内国株式）,情報･通信業,2576,2977,2345,2368,-282,-10.641509,903800,OK
2025-07-31,4194,ビジョナル,プライム（内国株式）,情報･通信業,11590,11990,11545,11875,395,3.440767,265800,OK
2025-07-31,4196,ネオマーケティング,スタンダード（内国株式）,情報･通信業,1465,1491,1460,1488,-1,-0.067159,9200,OK
2025-07-31,4197,アスマーク,スタンダード（内国株式）,情報･通信業,2433,2456,2433,2435,2,0.082203,1500,OK
2025-07-31,4198,テンダ,スタンダード（内国株式）,情報･通信業,707,714,704,709,-2,-0.281294,11800,OK
2025-07-31,4199,ワンダープラネット,グロース（内国株式）,情報･通信業,1234,1256,1230,1242,2,0.16129,11700,OK
2025-07-31,4202,ダイセル,プライム（内国株式）,化学,1308,1316,1303,1303.5,-3,-0.229621,1492500,OK
2025-07-31,4203,住友ベークライト,プライム（内国株式）,化学,4390,4437,4380,4424,21,0.476948,229100,OK
2025-07-31,4204,積水化学工業,プライム（内国株式）,化学,2635,2642.5,2608,2632.5,-5,-0.189573,1602000,OK
2025-07-31,4205,日本ゼオン,プライム（内国株式）,化学,1672.5,1682,1608,1609,5,0.311721,2191900,OK
2025-07-31,4206,アイカ工業,プライム（内国株式）,化学,3701,3748,3687,3727,36,0.975345,201100,OK
2025-07-31,4208,ＵＢＥ,プライム（内国株式）,化学,2309.5,2326,2305.5,2318.5,9,0.389695,825700,OK
2025-07-31,4212,積水樹脂,プライム（内国株式）,化学,2140,2173,2140,2166,31,1.451991,62800,OK
2025-07-31,4216,旭有機材,プライム（内国株式）,化学,4285,4355,4285,4355,65,1.515152,45100,OK
2025-07-31,4218,ニチバン,プライム（内国株式）,化学,1991,2015,1991,2015,35,1.767677,9100,OK
2025-07-31,4220,リケンテクノス,プライム（内国株式）,化学,1110,1187,1100,1169,62,5.600723,200200,OK
2025-07-31,4221,大倉工業,プライム（内国株式）,化学,4340,4380,4320,4375,70,1.626016,21000,OK
2025-07-31,4222,児玉化学工業,スタンダード（内国株式）,化学,573,576,563,570,0,0,232400,OK
2025-07-31,4224,ロンシール工業,スタンダード（内国株式）,化学,1879,1900,1865,1885,13,0.694444,10500,OK
2025-07-31,4228,積水化成品工業,プライム（内国株式）,化学,344,349,344,349,4,1.15942,87400,OK
2025-07-31,4229,群栄化学工業,プライム（内国株式）,化学,2911,2971,2856,2884,-6,-0.207612,20000,OK
2025-07-31,4231,タイガースポリマー,スタンダード（内国株式）,化学,869,885,869,880,10,1.149425,31900,OK
2025-07-31,4234,サンエー化研,スタンダード（内国株式）,化学,561,564,561,561,-1,-0.177936,3600,OK
2025-07-31,4235,ウルトラファブリックス・ホールディングス,スタンダード（内国株式）,化学,703,705,699,702,-3,-0.425532,24000,OK
2025-07-31,4237,フジプレアム,スタンダード（内国株式）,化学,340,341,339,341,1,0.294118,23000,OK
2025-07-31,4238,ミライアル,スタンダード（内国株式）,化学,1103,1103,1081,1094,-4,-0.364299,23100,OK
2025-07-31,4240,クラスターテクノロジー,グロース（内国株式）,化学,292,294,290,290,-2,-0.684932,10700,OK
2025-07-31,4241,アテクト,スタンダード（内国株式）,化学,417,419,416,416,-3,-0.71599,4000,OK
2025-07-31,4242,タカギセイコー,スタンダード（内国株式）,化学,1365,1365,1356,1356,-9,-0.659341,700,OK
2025-07-31,4243,ニックス,スタンダード（内国株式）,化学,764,764,760,760,5,0.662252,300,OK
2025-07-31,4245,ダイキアクシス,スタンダード（内国株式）,化学,690,693,690,692,3,0.435414,4700,OK
2025-07-31,4246,ダイキョーニシカワ,プライム（内国株式）,化学,720,721,715,715,-3,-0.417827,133500,OK
2025-07-31,4247,ポバール興業,スタンダード（内国株式）,化学,1221,1254,1221,1236,15,1.228501,900,OK
2025-07-31,4248,竹本容器,スタンダード（内国株式）,化学,835,836,818,827,-8,-0.958084,24300,OK
2025-07-31,4249,森六,プライム（内国株式）,化学,2401,2438,2385,2429,78,3.317737,16000,OK
2025-07-31,4251,恵和,プライム（内国株式）,化学,1221,1263,1213,1250,25,2.040816,202400,OK
2025-07-31,4255,ＴＨＥＣＯＯ,グロース（内国株式）,情報･通信業,785,828,785,813,13,1.625,600,OK
2025-07-31,4256,サインド,グロース（内国株式）,情報･通信業,1059,1085,1059,1061,-1,-0.094162,1000,OK
2025-07-31,4257,エヴィクサー,TOKYO PRO MARKET（内国株式）,情報･通信業,,,,,,,,NO_QUOTE
2025-07-31,4258,網屋,グロース（内国株式）,情報･通信業,3170,3330,3150,3300,473,16.731518,541500,OK
2025-07-31,4259,エクサウィザーズ,グロース（内国株式）,情報･通信業,438,444,433,443,16,3.747073,628700,OK
2025-07-31,4260,ハイブリッドテクノロジーズ,グロース（内国株式）,情報･通信業,429,430,427,427,-3,-0.697674,8100,OK
2025-07-31,4261,アジアクエスト,グロース（内国株式）,情報･通信業,2671,2730,2670,2692,21,0.786222,10900,OK
2025-07-31,4262,ニフティライフスタイル,グロース（内国株式）,情報･通信業,1399,1400,1326,1370,54,4.103343,75900,OK
2025-07-31,4263,サスメド,グロース（内国株式）,情報･通信業,804,897,800,870,71,8.886108,2799800,OK
2025-07-31,4264,セキュア,グロース（内国株式）,情報･通信業,1680,1713,1680,1710,26,1.543943,17700,OK
2025-07-31,4265,Ｉｎｓｔｉｔｕｔｉｏｎ　ｆｏｒ　ａ　Ｇｌｏｂａｌ　Ｓｏｃｉｅｔｙ,グロース（内国株式）,情報･通信業,321,323,320,323,2,0.623053,5900,OK
2025-07-31,4270,ＢｅｅＸ,グロース（内国株式）,情報･通信業,2422,2427,2397,2403,-16,-0.66143,5900,OK
2025-07-31,4272,日本化薬,プライム（内国株式）,化学,1410,1428.5,1406.5,1415,12,0.85531,1933300,OK
2025-07-31,4274,細谷火工,スタンダード（内国株式）,化学,1004,1012,1003,1006,2,0.199203,21700,OK
2025-07-31,4275,カーリット,プライム（内国株式）,化学,1284,1314,1275,1313,23,1.782946,185400,OK
2025-07-31,4284,ソルクシーズ,スタンダード（内国株式）,情報･通信業,396,401,396,401,5,1.262626,57700,OK
2025-07-31,4286,ＣＬホールディングス,スタンダード（内国株式）,サービス業,784,794,784,794,10,1.27551,6000,OK
2025-07-31,4287,ジャストプランニング,スタンダード（内国株式）,情報･通信業,429,429,425,425,-6,-1.392111,1300,OK
2025-07-31,4288,アズジェント,スタンダード（内国株式）,情報･通信業,542,555,542,552,10,1.845018,17600,OK
2025-07-31,4290,プレステージ・インターナショナル,プライム（内国株式）,サービス業,652,662,650,660,11,1.694915,511700,OK
2025-07-31,4293,セプテーニ・ホールディングス,スタンダード（内国株式）,サービス業,435,445,434,445,11,2.534562,496900,OK
2025-07-31,4299,ハイマックス,スタンダード（内国株式）,情報･通信業,1208,1208,1192,1200,1,0.083403,17100,OK
2025-07-31,4301,アミューズ,プライム（内国株式）,サービス業,1615,1633,1615,1633,21,1.30273,25500,OK
2025-07-31,4307,野村総合研究所,プライム（内国株式）,情報･通信業,5950,6090,5925,6019,48,0.803885,1830200,OK
2025-07-31,4308,Ｊストリーム,グロース（内国株式）,情報･通信業,373,374,367,370,-10,-2.631579,65300,OK
2025-07-31,4310,ドリームインキュベータ,プライム（内国株式）,サービス業,2461,2475,2448,2465,-2,-0.08107,31400,OK
2025-07-31,4316,ビーマップ,グロース（内国株式）,情報･通信業,739,768,684,711,12,1.716738,1054400,OK
2025-07-31,4317,レイ,スタンダード（内国株式）,サービス業,519,519,516,517,-2,-0.385356,6300,OK
2025-07-31,4318,クイック,プライム（内国株式）,サービス業,2311,2348,2311,2342,52,2.270742,36700,OK
2025-07-31,4319,ＴＡＣ,スタンダード（内国株式）,サービス業,229,232,229,230,1,0.436681,6800,OK
2025-07-31,4320,ＣＥホールディングス,スタンダード（内国株式）,情報･通信業,728,731,724,728,0,0,28800,OK
2025-07-31,4323,日本システム技術,プライム（内国株式）,情報･通信業,1820,1880,1820,1876,60,3.303965,21600,OK
2025-07-31,4324,電通グループ,プライム（内国株式）,サービス業,3000,3000,2958,2988.5,-1.5,-0.050167,1435100,OK
2025-07-31,4326,インテージホールディングス,プライム（内国株式）,情報･通信業,1937,1978,1926,1953,14,0.722022,21300,OK
2025-07-31,4331,テイクアンドギヴ・ニーズ,プライム（内国株式）,サービス業,900,904,893,902,8,0.894855,30900,OK
2025-07-31,4333,東邦システムサイエンス,プライム（内国株式）,情報･通信業,1225,1244,1225,1244,9,0.728745,30600,OK
2025-07-31,4334,ユークス,スタンダード（内国株式）,情報･通信業,413,413,407,407,-4,-0.973236,9000,OK
2025-07-31,4335,ＩＰＳホールディングス,スタンダード（内国株式）,情報･通信業,1174,1174,1162,1165,-1,-0.085763,4400,OK
2025-07-31,4337,ぴあ,プライム（内国株式）,サービス業,2960,2990,2949,2980,37,1.257221,17900,OK
2025-07-31,4341,西菱電機,スタンダード（内国株式）,サービス業,835,835,835,835,-15,-1.764706,200,OK
2025-07-31,4343,イオンファンタジー,プライム（内国株式）,サービス業,3535,3650,3520,3600,50,1.408451,152400,OK
2025-07-31,4344,ソースネクスト,プライム（内国株式）,情報･通信業,180,182,179,180,1,0.558659,641000,OK
2025-07-31,4345,シーティーエス,プライム（内国株式）,サービス業,857,884,855,877,21,2.453271,116300,OK
2025-07-31,4346,ＮＥＸＹＺ．Ｇｒｏｕｐ,スタンダード（内国株式）,その他金融業,962,962,940,940,-23,-2.38837,10000,OK
2025-07-31,4347,ブロードメディア,スタンダード（内国株式）,サービス業,1814,1867,1785,1867,13,0.701187,44200,OK
2025-07-31,4350,メディカルシステムネットワーク,スタンダード（内国株式）,小売業,481,492,481,492,12,2.5,51500,OK
2025-07-31,4351,山田再生系債権回収総合事務所,スタンダード（内国株式）,その他金融業,852,852,849,849,-4,-0.468933,600,OK
2025-07-31,4356,応用技術,スタンダード（内国株式）,情報･通信業,1575,1587,1575,1587,12,0.761905,900,OK
2025-07-31,4360,マナック・ケミカル・パートナーズ,スタンダード（内国株式）,化学,515,522,514,521,5,0.968992,2600,OK
2025-07-31,4361,川口化学工業,スタンダード（内国株式）,化学,1433,1450,1430,1450,17,1.186322,2400,OK
2025-07-31,4362,日本精化,プライム（内国株式）,化学,2740,2814,2624,2744,9,0.329068,66800,OK
2025-07-31,4365,松本油脂製薬,スタンダード（内国株式）,化学,18700,18700,18700,18700,0,0,100,OK
2025-07-31,4366,ダイトーケミックス,スタンダード（内国株式）,化学,760,789,760,786,26,3.421053,7500,OK
2025-07-31,4367,広栄化学,スタンダード（内国株式）,化学,2307,2327,2253,2255,-52,-2.25401,11200,OK
2025-07-31,4368,扶桑化学工業,プライム（内国株式）,化学,4265,4335,4260,4315,20,0.465658,69300,OK
2025-07-31,4369,トリケミカル研究所,プライム（内国株式）,化学,3360,3480,3360,3455,125,3.753754,251300,OK
2025-07-31,4370,モビルス,グロース（内国株式）,情報･通信業,526,526,493,506,-24,-4.528302,48800,OK
2025-07-31,4371,コアコンセプト・テクノロジー,グロース（内国株式）,情報･通信業,1285,1301,1274,1298,4,0.309119,41800,OK
2025-07-31,4372,ユミルリンク,グロース（内国株式）,情報･通信業,1427,1450,1425,1449,19,1.328671,1000,OK
2025-07-31,4373,シンプレクス・ホールディングス,プライム（内国株式）,情報･通信業,4020,4185,4020,4125,105,2.61194,432100,OK
2025-07-31,4374,ＲＯＢＯＴ　ＰＡＹＭＥＮＴ,グロース（内国株式）,情報･通信業,2570,2630,2560,2620,44,1.708075,11300,OK
2025-07-31,4375,セーフィー,グロース（内国株式）,情報･通信業,1093,1110,1079,1108,15,1.37237,111500,OK
2025-07-31,4376,くふうカンパニーホールディングス,グロース（内国株式）,情報･通信業,182,184,181,184,3,1.657459,12500,OK
2025-07-31,4377,ワンキャリア,グロース（内国株式）,情報･通信業,2110,2215,2110,2195,75,3.537736,94500,OK
2025-07-31,4378,ＣＩＮＣ,グロース（内国株式）,情報･通信業,578,585,578,584,-1,-0.17094,1600,OK
2025-07-31,4379,Ｐｈｏｔｏｓｙｎｔｈ,グロース（内国株式）,情報･通信業,382,386,381,381,-1,-0.26178,18100,OK
2025-07-31,4380,Ｍマート,グロース（内国株式）,情報･通信業,,,,,,,,NO_QUOTE
2025-07-31,4381,ビープラッツ,グロース（内国株式）,情報･通信業,493,493,486,487,-2,-0.408998,3000,OK
2025-07-31,4382,ＨＥＲＯＺ,スタンダード（内国株式）,情報･通信業,1061,1088,1056,1087,23,2.161654,49500,OK
2025-07-31,4384,ラクスル,プライム（内国株式）,情報･通信業,1251,1274,1242,1255,10,0.803213,304100,OK
2025-07-31,4385,メルカリ,プライム（内国株式）,情報･通信業,2319.5,2344.5,2296.5,2330.5,5,0.215008,2697900,OK
2025-07-31,4386,ＳＩＧグループ,スタンダード（内国株式）,情報･通信業,744,750,740,749,9,1.216216,7400,OK
2025-07-31,4387,ＺＵＵ,グロース（内国株式）,情報･通信業,718,720,718,720,2,0.278552,5200,OK
2025-07-31,4388,エーアイ,グロース（内国株式）,情報･通信業,465,478,465,468,1,0.214133,20900,OK
2025-07-31,4389,プロパティデータバンク,グロース（内国株式）,情報･通信業,987,998,972,990,16,1.64271,21800,OK
2025-07-31,4390,アイ・ピー・エス,プライム（内国株式）,情報･通信業,2770,2770,2652,2770,500,22.026432,1063400,OK
2025-07-31,4391,ロジザード,グロース（内国株式）,情報･通信業,1267,1280,1258,1260,0,0,7700,OK
2025-07-31,4392,ＦＩＧ,プライム（内国株式）,情報･通信業,298,301,297,299,1,0.33557,84500,OK
2025-07-31,4393,バンク・オブ・イノベーション,グロース（内国株式）,情報･通信業,11500,11950,11400,11940,440,3.826087,103000,OK
2025-07-31,4394,エクスモーション,グロース（内国株式）,情報･通信業,836,844,830,834,-4,-0.477327,6400,OK
2025-07-31,4395,アクリート,グロース（内国株式）,情報･通信業,898,915,885,914,23,2.581369,57400,OK
2025-07-31,4396,システムサポートホールディングス,プライム（内国株式）,情報･通信業,2666,2698,2658,2694,28,1.050263,26400,OK
2025-07-31,4397,チームスピリット,グロース（内国株式）,情報･通信業,512,514,497,503,-14,-2.70793,116000,OK
2025-07-31,4398,ブロードバンドセキュリティ,スタンダード（内国株式）,情報･通信業,1252,1254,1242,1242,-6,-0.480769,2200,OK
2025-07-31,4401,ＡＤＥＫＡ,プライム（内国株式）,化学,2987.5,2998,2972.5,2989,19.5,0.656676,228300,OK
2025-07-31,4403,日油,プライム（内国株式）,化学,2983,3048,2955.5,3023,33,1.103679,653100,OK
2025-07-31,4404,ミヨシ油脂,スタンダード（内国株式）,食料品,1950,1954,1931,1945,-9,-0.460594,25300,OK
2025-07-31,4406,新日本理化,スタンダード（内国株式）,化学,211,214,211,212,2,0.952381,110800,OK
2025-07-31,4409,東邦化学工業,スタンダード（内国株式）,化学,813,815,810,811,-4,-0.490798,2400,OK
2025-07-31,4410,ハリマ化成グループ,プライム（内国株式）,化学,835,854,833,845,13,1.5625,99100,OK
2025-07-31,4412,サイエンスアーツ,グロース（内国株式）,情報･通信業,1283,1310,1277,1287,-2,-0.155159,51300,OK
2025-07-31,4413,ボードルア,プライム（内国株式）,情報･通信業,2860,2903,2832,2882,51,1.801484,133700,OK
2025-07-31,4414,フレクト,グロース（内国株式）,情報･通信業,2076,2093,2072,2079,14,0.677966,25100,OK
2025-07-31,4415,ブロードエンタープライズ,グロース（内国株式）,情報･通信業,716,751,716,747,32,4.475524,9700,OK
2025-07-31,4416,Ｔｒｕｅ　Ｄａｔａ,グロース（内国株式）,情報･通信業,884,886,869,882,8,0.915332,16900,OK
2025-07-31,4417,グローバルセキュリティエキスパート,グロース（内国株式）,情報･通信業,2980,3210,2954,3200,160,5.263158,254200,OK
2025-07-31,4418,ＪＤＳＣ,グロース（内国株式）,情報･通信業,1203,1215,1190,1203,3,0.25,93100,OK
2025-07-31,4419,Ｆｉｎａｔｅｘｔホールディングス,グロース（内国株式）,情報･通信業,1192,1233,1180,1217,17,1.416667,338000,OK
2025-07-31,4420,イーソル,スタンダード（内国株式）,情報･通信業,549,554,540,550,4,0.732601,10500,OK
2025-07-31,4421,ディ・アイ・システム,スタンダード（内国株式）,情報･通信業,931,939,927,937,2,0.213904,4400,OK
2025-07-31,4422,ＶＡＬＵＥＮＥＸ,グロース（内国株式）,情報･通信業,569,569,532,551,-14,-2.477876,2000,OK
2025-07-31,4424,Ａｍａｚｉａ,グロース（内国株式）,情報･通信業,300,306,300,301,2,0.668896,4400,OK
2025-07-31,4425,Ｋｕｄａｎ,グロース（内国株式）,情報･通信業,1115,1129,1102,1112,-4,-0.358423,33000,OK
2025-07-31,4426,パスロジ,TOKYO PRO MARKET（内国株式）,情報･通信業,,,,,,,,NO_QUOTE
2025-07-31,4427,ＥｄｕＬａｂ,グロース（内国株式）,情報･通信業,396,404,393,403,5,1.256281,17100,OK
2025-07-31,4428,シノプス,グロース（内国株式）,情報･通信業,913,918,911,918,4,0.437637,2800,OK
2025-07-31,4429,リックソフト,グロース（内国株式）,情報･通信業,849,855,849,852,-6,-0.699301,900,OK
2025-07-31,4430,東海ソフト,スタンダード（内国株式）,情報･通信業,1545,1549,1538,1547,8,0.519818,9900,OK
2025-07-31,4431,スマレジ,グロース（内国株式）,情報･通信業,3315,3370,3285,3355,40,1.206637,24600,OK
2025-07-31,4432,ウイングアーク１ｓｔ,プライム（内国株式）,情報･通信業,3615,3640,3585,3625,10,0.276625,88700,OK
2025-07-31,4433,ヒト・コミュニケーションズ・ホールディングス,プライム（内国株式）,情報･通信業,1123,1143,1122,1142,17,1.511111,68800,OK
2025-07-31,4434,サーバーワークス,スタンダード（内国株式）,情報･通信業,2167,2190,2154,2189,32,1.483542,19200,OK
2025-07-31,4436,ミンカブ・ジ・インフォノイド,グロース（内国株式）,情報･通信業,508,514,507,511,6,1.188119,47000,OK
2025-07-31,4437,ｇｏｏｄｄａｙｓホールディングス,グロース（内国株式）,情報･通信業,,,,,,,,NO_QUOTE
2025-07-31,4438,Ｗｅｌｂｙ,グロース（内国株式）,情報･通信業,360,361,358,360,2,0.558659,8100,OK
2025-07-31,4439,東名,スタンダード（内国株式）,情報･通信業,1802,1823,1802,1812,15,0.834725,31900,OK
2025-07-31,4440,ヴィッツ,スタンダード（内国株式）,情報･通信業,1395,1397,1366,1377,-18,-1.290323,17400,OK
2025-07-31,4441,トビラシステムズ,スタンダード（内国株式）,情報･通信業,1100,1121,1090,1103,6,0.546946,24600,OK
2025-07-31,4442,バルテス・ホールディングス,グロース（内国株式）,情報･通信業,429,433,426,427,-2,-0.4662,24400,OK
2025-07-31,4443,Ｓａｎｓａｎ,プライム（内国株式）,情報･通信業,1905,1927,1895,1927,22,1.154856,444600,OK
2025-07-31,4444,インフォネット,グロース（内国株式）,情報･通信業,1136,1148,1136,1141,3,0.26362,1400,OK
2025-07-31,4445,リビン・テクノロジーズ,グロース（内国株式）,情報･通信業,3030,3030,2995,2995,-15,-0.498339,3500,OK
2025-07-31,4446,Ｌｉｎｋ−Ｕグループ,プライム（内国株式）,情報･通信業,335,347,334,338,4,1.197605,20900,OK
2025-07-31,4447,ピー・ビーシステムズ,グロース（内国株式）,情報･通信業,617,618,609,611,-11,-1.768489,8400,OK
2025-07-31,4448,ｋｕｂｅｌｌ,グロース（内国株式）,情報･通信業,500,520,495,517,17,3.4,228800,OK
2025-07-31,4449,ギフティ,プライム（内国株式）,情報･通信業,1414,1423,1403,1413,0,0,187300,OK
2025-07-31,4450,パワーソリューションズ,グロース（内国株式）,情報･通信業,2067,2074,2060,2068,36,1.771654,4500,OK
2025-07-31,4452,花王,プライム（内国株式）,化学,6750,6818,6750,6810,75,1.113586,968300,OK
2025-07-31,4461,第一工業製薬,プライム（内国株式）,化学,5200,5230,5030,5190,80,1.565558,130400,OK
2025-07-31,4462,石原ケミカル,プライム（内国株式）,化学,1958,1984,1957,1982,36,1.849949,12600,OK
2025-07-31,4463,日華化学,スタンダード（内国株式）,化学,1305,1305,1264,1269,-36,-2.758621,29200,OK
2025-07-31,4464,ソフト９９コーポレーション,スタンダード（内国株式）,化学,1590,1616,1590,1606,16,1.006289,6600,OK
2025-07-31,4465,ニイタカ,スタンダード（内国株式）,化学,2069,2069,2051,2051,-17,-0.82205,6300,OK
2025-07-31,4471,三洋化成工業,プライム（内国株式）,化学,3930,3965,3930,3965,50,1.277139,53600,OK
2025-07-31,4475,ＨＥＮＮＧＥ,グロース（内国株式）,情報･通信業,1658,1705,1653,1681,13,0.779376,576800,OK
2025-07-31,4476,ＡＩ　ＣＲＯＳＳ,グロース（内国株式）,情報･通信業,1727,1744,1717,1743,21,1.219512,14100,OK
2025-07-31,4477,ＢＡＳＥ,グロース（内国株式）,情報･通信業,404,406,401,402,6,1.515152,1378700,OK
2025-07-31,4478,フリー,グロース（内国株式）,情報･通信業,4020,4120,4015,4115,45,1.105651,269000,OK
2025-07-31,4479,マクアケ,グロース（内国株式）,情報･通信業,1035,1047,1014,1046,16,1.553398,201900,OK
2025-07-31,4480,メドレー,プライム（内国株式）,情報･通信業,3085,3135,3060,3120,20,0.645161,201400,OK
2025-07-31,4481,ベース,プライム（内国株式）,情報･通信業,3505,3530,3495,3520,20,0.571429,37200,OK
2025-07-31,4482,ウィルズ,グロース（内国株式）,情報･通信業,668,668,655,667,2,0.300752,10500,OK
2025-07-31,4483,ＪＭＤＣ,プライム（内国株式）,情報･通信業,3900,3976,3899,3948,40,1.023541,192200,OK
2025-07-31,4484,ランサーズ,グロース（内国株式）,情報･通信業,230,231,226,228,-2,-0.869565,68100,OK
2025-07-31,4486,ユナイトアンドグロウ,グロース（内国株式）,情報･通信業,640,645,637,644,6,0.940439,4600,OK
2025-07-31,4487,スペースマーケット,グロース（内国株式）,情報･通信業,406,410,401,409,6,1.488834,21800,OK
2025-07-31,4488,ＡＩ　ｉｎｓｉｄｅ,グロース（内国株式）,情報･通信業,4150,4150,4030,4070,-75,-1.809409,37200,OK
2025-07-31,4490,ビザスク,グロース（内国株式）,情報･通信業,759,770,756,765,1,0.13089,7600,OK
2025-07-31,4491,コンピューターマネージメント,スタンダード（内国株式）,情報･通信業,2780,2800,2754,2800,49,1.78117,4400,OK
2025-07-31,4492,ゼネテック,スタンダード（内国株式）,情報･通信業,498,515,488,513,19,3.846154,94900,OK
2025-07-31,4493,サイバーセキュリティクラウド,グロース（内国株式）,情報･通信業,1691,1707,1683,1705,14,0.827912,104600,OK
2025-07-31,4494,バリオセキュア,スタンダード（内国株式）,情報･通信業,769,772,761,771,3,0.390625,6400,OK
2025-07-31,4495,アイキューブドシステムズ,グロース（内国株式）,情報･通信業,1856,1878,1856,1872,37,2.016349,1300,OK
2025-07-31,4496,コマースＯｎｅホールディングス,グロース（内国株式）,情報･通信業,790,790,786,786,-4,-0.506329,200,OK
2025-07-31,4498,サイバートラスト,グロース（内国株式）,情報･通信業,2892,3040,2892,2968,76,2.627939,184600,OK
2025-07-31,4499,Ｓｐｅｅｅ,スタンダード（内国株式）,情報･通信業,2512,2553,2430,2514,19,0.761523,192100,OK
2025-07-31,4502,武田薬品工業,プライム（内国株式）,医薬品,4159,4245,4148,4200,-96,-2.234637,12054500,OK
2025-07-31,4503,アステラス製薬,プライム（内国株式）,医薬品,1566.5,1602.5,1556,1578.5,90.5,6.081989,25176100,OK
2025-07-31,4506,住友ファーマ,プライム（内国株式）,医薬品,1317,1359,1306,1324,2,0.151286,14911800,OK
2025-07-31,4507,塩野義製薬,プライム（内国株式）,医薬品,2535,2551.5,2512,2546,17.5,0.69211,3306600,OK
2025-07-31,4512,わかもと製薬,スタンダード（内国株式）,医薬品,294,297,293,297,2,0.677966,22300,OK
2025-07-31,4516,日本新薬,プライム（内国株式）,医薬品,3249,3282,3245,3277,41,1.266996,341300,OK
2025-07-31,4519,中外製薬,プライム（内国株式）,医薬品,7477,7547,7360,7360,-46,-0.621118,2492300,OK
2025-07-31,4521,科研製薬,プライム（内国株式）,医薬品,3975,3975,3953,3956,1,0.025284,92800,OK
2025-07-31,4523,エーザイ,プライム（内国株式）,医薬品,4181,4273,4160,4273,73,1.738095,1601800,OK
2025-07-31,4524,森下仁丹,スタンダード（内国株式）,医薬品,2164,2184,2164,2177,16,0.740398,1500,OK
2025-07-31,4526,理研ビタミン,プライム（内国株式）,食料品,2872,2887,2866,2883,28,0.980736,55800,OK
2025-07-31,4527,ロート製薬,プライム（内国株式）,医薬品,2166,2189.5,2163,2174,24,1.116279,1568200,OK
2025-07-31,4528,小野薬品工業,プライム（内国株式）,医薬品,1680,1699,1677,1690.5,24,1.440144,3498500,OK
2025-07-31,4530,久光製薬,プライム（内国株式）,医薬品,4036,4092,4024,4063,38,0.944099,276500,OK
2025-07-31,4531,有機合成薬品工業,スタンダード（内国株式）,化学,269,269,263,265,-4,-1.486989,65500,OK
2025-07-31,4534,持田製薬,プライム（内国株式）,医薬品,3085,3115,3075,3095,30,0.978793,25700,OK
2025-07-31,4536,参天製薬,プライム（内国株式）,医薬品,1675,1684,1663.5,1669.5,6,0.360685,1406500,OK
2025-07-31,4538,扶桑薬品工業,プライム（内国株式）,医薬品,2211,2217,2197,2210,10,0.454545,8900,OK
2025-07-31,4539,日本ケミファ,スタンダード（内国株式）,医薬品,1512,1539,1512,1539,34,2.259136,2200,OK
2025-07-31,4540,ツムラ,プライム（内国株式）,医薬品,3700,3737,3695,3737,57,1.548913,1047300,OK
2025-07-31,4543,テルモ,プライム（内国株式）,精密機器,2534.5,2561,2524.5,2561,15.5,0.608918,3337400,OK
2025-07-31,4544,Ｈ．Ｕ．グループホールディングス,プライム（内国株式）,サービス業,3282,3309,3257,3257,-5,-0.15328,167300,OK
2025-07-31,4547,キッセイ薬品工業,プライム（内国株式）,医薬品,4315,4500,4315,4465,220,5.182568,272400,OK
2025-07-31,4548,生化学工業,プライム（内国株式）,医薬品,654,654,648,649,-2,-0.30722,91500,OK
2025-07-31,4549,栄研化学,プライム（内国株式）,医薬品,2380,2395,2344,2389,24,1.014799,154100,OK
2025-07-31,4551,鳥居薬品,プライム（内国株式）,医薬品,6320,6330,6320,6320,0,0,17300,OK
2025-07-31,4552,ＪＣＲファーマ,プライム（内国株式）,医薬品,656,660,577,578,-138,-19.273743,8073600,OK
2025-07-31,4553,東和薬品,プライム（内国株式）,医薬品,3270,3325,3270,3300,30,0.917431,124700,OK
2025-07-31,4554,富士製薬工業,プライム（内国株式）,医薬品,1384,1414,1384,1406,22,1.589595,49000,OK
2025-07-31,4556,カイノス,スタンダード（内国株式）,医薬品,1250,1256,1234,1238,-6,-0.482315,2300,OK
2025-07-31,4558,中京医薬品,スタンダード（内国株式）,医薬品,203,203,202,202,-1,-0.492611,7300,OK
2025-07-31,4559,ゼリア新薬工業,プライム（内国株式）,医薬品,2081,2105,2077,2092,8,0.383877,67600,OK
2025-07-31,4563,アンジェス,グロース（内国株式）,医薬品,67,71,67,71,2,2.898551,3622000,OK
2025-07-31,4564,オンコセラピー・サイエンス,グロース（内国株式）,医薬品,30,30,28,29,0,0,8095000,OK
2025-07-31,4565,ネクセラファーマ,プライム（内国株式）,医薬品,913,934,911,920,13,1.433297,993100,OK
2025-07-31,4568,第一三共,プライム（内国株式）,医薬品,3663,3805,3621,3720,67,1.834109,10509700,OK
2025-07-31,4569,杏林製薬,プライム（内国株式）,医薬品,1523,1533,1523,1523,0,0,69700,OK
2025-07-31,4570,免疫生物研究所,グロース（内国株式）,医薬品,514,514,507,509,1,0.19685,19600,OK
2025-07-31,4571,ＮＡＮＯ　ＭＲＮＡ,グロース（内国株式）,医薬品,140,141,139,141,1,0.714286,162300,OK
2025-07-31,4572,カルナバイオサイエンス,グロース（内国株式）,医薬品,306,310,302,306,0,0,47500,OK
2025-07-31,4574,大幸薬品,プライム（内国株式）,医薬品,282,285,279,282,3,1.075269,219400,OK
2025-07-31,4575,キャンバス,グロース（内国株式）,医薬品,1004,1017,998,1013,4,0.396432,151100,OK
2025-07-31,4576,デ・ウエスタン・セラピテクス研究所,グロース（内国株式）,医薬品,112,115,112,114,1,0.884956,262000,OK
2025-07-31,4577,ダイト,プライム（内国株式）,医薬品,1199,1222,1196,1209,13,1.086957,97500,OK
2025-07-31,4578,大塚ホールディングス,プライム（内国株式）,医薬品,7170,7428,7040,7303,67,0.925926,3075500,OK
2025-07-31,4579,ラクオリア創薬,グロース（内国株式）,医薬品,525,529,521,525,3,0.574713,88700,OK
2025-07-31,4582,シンバイオ製薬,グロース（内国株式）,医薬品,157,159,156,156,-2,-1.265823,279900,OK
2025-07-31,4583,カイオム・バイオサイエンス,グロース（内国株式）,医薬品,148,152,148,152,3,2.013423,865000,OK
2025-07-31,4584,キッズウェル・バイオ,グロース（内国株式）,医薬品,259,267,254,264,10,3.937008,1308800,OK
2025-07-31,4586,メドレックス,グロース（内国株式）,医薬品,69,75,69,74,5,7.246377,739200,OK
2025-07-31,4587,ペプチドリーム,プライム（内国株式）,医薬品,1715,1741,1694.5,1700.5,-17,-0.989811,551400,OK
2025-07-31,4588,オンコリスバイオファーマ,グロース（内国株式）,医薬品,581,592,579,584,2,0.343643,175900,OK
2025-07-31,4591,リボミック,グロース（内国株式）,医薬品,98,98,96,97,0,0,614500,OK
2025-07-31,4592,サンバイオ,グロース（内国株式）,医薬品,2267,2352,2242,2315,63,2.797513,2407300,OK
2025-07-31,4593,ヘリオス,グロース（内国株式）,医薬品,637,664,630,657,19,2.978056,5638900,OK
2025-07-31,4594,ブライトパス・バイオ,グロース（内国株式）,医薬品,69,87,66,82,14,20.588235,49370900,OK
2025-07-31,4595,ミズホメディー,スタンダード（内国株式）,医薬品,1423,1435,1423,1423,-2,-0.140351,44500,OK
2025-07-31,4596,窪田製薬ホールディングス,グロース（内国株式）,医薬品,51,52,51,51,0,0,207700,OK
2025-07-31,4597,ソレイジア・ファーマ,グロース（内国株式）,医薬品,43,45,42,45,3,7.142857,26795900,OK
2025-07-31,4598,Ｄｅｌｔａ−Ｆｌｙ　Ｐｈａｒｍａ,グロース（内国株式）,医薬品,690,690,670,677,-14,-2.026049,383900,OK
2025-07-31,4599,ステムリム,グロース（内国株式）,医薬品,310,319,307,318,11,3.583062,128800,OK
2025-07-31,4611,大日本塗料,プライム（内国株式）,化学,1248,1252,1242,1246,3,0.241352,37100,OK
2025-07-31,4612,日本ペイントホールディングス,プライム（内国株式）,化学,1270,1294.5,1259,1286,32.5,2.59274,4512500,OK
2025-07-31,4613,関西ペイント,プライム（内国株式）,化学,2160,2164.5,2135.5,2152.5,5,0.232829,1067300,OK
2025-07-31,4615,神東塗料,スタンダード（内国株式）,化学,133,133,132,133,0,0,25600,OK
2025-07-31,4616,川上塗料,スタンダード（内国株式）,化学,1834,1834,1809,1812,1,0.055218,1300,OK
2025-07-31,4617,中国塗料,プライム（内国株式）,化学,3080,3135,3050,3110,60,1.967213,635900,OK
2025-07-31,4619,日本特殊塗料,スタンダード（内国株式）,化学,2050,2062,2040,2056,12,0.587084,37500,OK
2025-07-31,4620,藤倉化成,スタンダード（内国株式）,化学,577,577,560,565,-12,-2.079723,98700,OK
2025-07-31,4623,アサヒペン,スタンダード（内国株式）,化学,1709,1721,1708,1715,6,0.351083,2000,OK
2025-07-31,4624,イサム塗料,スタンダード（内国株式）,化学,,,,,,,,NO_QUOTE
2025-07-31,4625,アトミクス,スタンダード（内国株式）,化学,639,640,638,640,2,0.31348,1400,OK
2025-07-31,4626,太陽ホールディングス,プライム（内国株式）,化学,6620,6680,6580,6630,10,0.151057,142200,OK
2025-07-31,4627,ナトコ,スタンダード（内国株式）,化学,1420,1429,1420,1429,14,0.989399,900,OK
2025-07-31,4628,エスケー化研,スタンダード（内国株式）,化学,9130,9130,9060,9080,-100,-1.089325,800,OK
2025-07-31,4629,大伸化学,スタンダード（内国株式）,化学,,,,,,,,NO_QUOTE
2025-07-31,4631,ＤＩＣ,プライム（内国株式）,化学,2978,3010,2967,2993,9,0.301609,261900,OK
2025-07-31,4633,サカタインクス,プライム（内国株式）,化学,2140,2167,2138,2158,18,0.841121,132100,OK
2025-07-31,4634,ａｒｔｉｅｎｃｅ,プライム（内国株式）,化学,3170,3260,3165,3230,75,2.377179,181900,OK
2025-07-31,4635,東京インキ,スタンダード（内国株式）,化学,4665,4690,4655,4690,10,0.213675,2100,OK
2025-07-31,4641,アルプス技研,プライム（内国株式）,サービス業,2705,2748,2705,2748,57,2.118172,14700,OK
2025-07-31,4642,オリジナル設計,スタンダード（内国株式）,サービス業,1536,1549,1507,1547,18,1.17724,3600,OK
2025-07-31,4644,イマジニア,スタンダード（内国株式）,情報･通信業,1007,1010,1005,1009,0,0,6400,OK
2025-07-31,4645,市進ホールディングス,スタンダード（内国株式）,サービス業,433,439,433,439,8,1.856148,1800,OK
2025-07-31,4650,ＳＤエンターテイメント,スタンダード（内国株式）,サービス業,282,282,280,282,0,0,4100,OK
2025-07-31,4651,サニックスホールディングス,スタンダード（内国株式）,サービス業,250,253,250,252,0,0,77200,OK
2025-07-31,4657,環境管理センター,スタンダード（内国株式）,サービス業,412,415,412,414,2,0.485437,1600,OK
2025-07-31,4658,日本空調サービス,プライム（内国株式）,サービス業,1170,1185,1170,1175,14,1.205857,115000,OK
2025-07-31,4659,エイジス,スタンダード（内国株式）,サービス業,2929,2988,2929,2988,25,0.843739,3400,OK
2025-07-31,4661,オリエンタルランド,プライム（内国株式）,サービス業,3206,3216,3070,3115,41,1.333767,10317600,OK
2025-07-31,4662,フォーカスシステムズ,プライム（内国株式）,情報･通信業,1428,1440,1416,1440,30,2.12766,18500,OK
2025-07-31,4664,アール・エス・シー,スタンダード（内国株式）,サービス業,599,600,594,595,4,0.676819,10200,OK
2025-07-31,4665,ダスキン,プライム（内国株式）,サービス業,3939,3988,3938,3988,67,1.708748,115300,OK
2025-07-31,4666,パーク２４,プライム（内国株式）,不動産業,1916.5,1922.5,1895.5,1915,2.5,0.130719,616400,OK
2025-07-31,4667,アイサンテクノロジー,スタンダード（内国株式）,情報･通信業,1385,1391,1372,1381,-4,-0.288809,4900,OK
2025-07-31,4668,明光ネットワークジャパン,プライム（内国株式）,サービス業,749,750,743,746,1,0.134228,96300,OK
2025-07-31,4671,ファルコホールディングス,スタンダード（内国株式）,サービス業,2408,2417,2400,2417,21,0.876461,12700,OK
2025-07-31,4673,川崎地質,スタンダード（内国株式）,サービス業,4315,4480,4280,4440,95,2.186421,27500,OK
2025-07-31,4674,クレスコ,プライム（内国株式）,情報･通信業,1673,1731,1670,1717,37,2.202381,101400,OK
2025-07-31,4676,フジ・メディア・ホールディングス,プライム（内国株式）,情報･通信業,3600,3607,3562,3563,-7,-0.196078,1022000,OK
2025-07-31,4678,秀英予備校,スタンダード（内国株式）,サービス業,300,301,298,301,1,0.333333,4700,OK
2025-07-31,4679,田谷,スタンダード（内国株式）,サービス業,247,249,246,248,2,0.813008,17500,OK
2025-07-31,4680,ラウンドワン,プライム（内国株式）,サービス業,1549,1564,1536,1558,14,0.906736,1377600,OK
2025-07-31,4681,リゾートトラスト,プライム（内国株式）,サービス業,1857.5,1887.5,1855.5,1879,24,1.293801,414400,OK
2025-07-31,4684,オービック,プライム（内国株式）,情報･通信業,5417,5467,5402,5420,-25,-0.459137,1218100,OK
2025-07-31,4685,菱友システムズ,スタンダード（内国株式）,情報･通信業,6740,6830,6630,6760,20,0.296736,42200,OK
2025-07-31,4686,ジャストシステム,プライム（内国株式）,情報･通信業,3800,3840,3800,3830,20,0.524934,62600,OK
2025-07-31,4687,ＴＤＣソフト,プライム（内国株式）,情報･通信業,1299,1315,1291,1315,26,2.017067,51400,OK
2025-07-31,4689,ＬＩＮＥヤフー,プライム（内国株式）,情報･通信業,549.4,556,547.6,555,6.8,1.240423,13861800,OK
2025-07-31,4690,日本パレットプール,スタンダード（内国株式）,サービス業,2070,2103,2070,2070,2,0.096712,4300,OK
2025-07-31,4691,ワシントンホテル,スタンダード（内国株式）,サービス業,1267,1273,1254,1255,-2,-0.159109,16000,OK
2025-07-31,4694,ビー・エム・エル,プライム（内国株式）,サービス業,3510,3560,3480,3530,20,0.569801,62000,OK
2025-07-31,4704,トレンドマイクロ,プライム（内国株式）,情報･通信業,9286,9353,9201,9228,78,0.852459,612300,OK
2025-07-31,4705,クリップコーポレーション,スタンダード（内国株式）,サービス業,819,820,818,818,1,0.122399,1400,OK
2025-07-31,4707,キタック,スタンダード（内国株式）,サービス業,372,372,353,365,-5,-1.351351,23100,OK
2025-07-31,4709,ＩＤホールディングス,プライム（内国株式）,情報･通信業,2425,2549,2367,2545,126,5.208764,112200,OK
2025-07-31,4712,ＫｅｙＨｏｌｄｅｒ,スタンダード（内国株式）,サービス業,733,734,730,730,-4,-0.544959,13600,OK
2025-07-31,4714,リソー教育,プライム（内国株式）,サービス業,217,217,216,216,0,0,222900,OK
2025-07-31,4716,日本オラクル,スタンダード（内国株式）,情報･通信業,16330,16495,16180,16405,175,1.07825,144300,OK
2025-07-31,4718,早稲田アカデミー,プライム（内国株式）,サービス業,2550,2579,2511,2579,51,2.017405,58100,OK
2025-07-31,4719,アルファシステムズ,プライム（内国株式）,情報･通信業,3495,3585,3485,3580,130,3.768116,6000,OK
2025-07-31,4720,城南進学研究社,スタンダード（内国株式）,サービス業,226,227,225,225,0,0,1800,OK
2025-07-31,4722,フューチャー,プライム（内国株式）,情報･通信業,2285,2375,2255,2368,96,4.225352,324800,OK
2025-07-31,4725,ＣＡＣ　Ｈｏｌｄｉｎｇｓ,プライム（内国株式）,情報･通信業,2012,2039,2012,2035,24,1.193436,20500,OK
2025-07-31,4728,トーセ,スタンダード（内国株式）,情報･通信業,670,676,659,670,0,0,37200,OK
2025-07-31,4732,ユー・エス・エス,プライム（内国株式）,サービス業,1655,1659,1638,1646.5,2.5,0.152068,1375400,OK
2025-07-31,4733,オービックビジネスコンサルタント,プライム（内国株式）,情報･通信業,8770,8822,8711,8762,-8,-0.09122,105800,OK
2025-07-31,4735,京進,スタンダード（内国株式）,サービス業,310,310,310,310,-1,-0.321543,300,OK
2025-07-31,4736,日本ラッド,スタンダード（内国株式）,情報･通信業,765,787,765,781,18,2.359109,7000,OK
2025-07-31,4743,アイティフォー,プライム（内国株式）,情報･通信業,1510,1530,1510,1530,16,1.056803,83000,OK
2025-07-31,4745,東京個別指導学院,スタンダード（内国株式）,サービス業,360,364,358,364,5,1.392758,41100,OK
2025-07-31,4746,東計電算,スタンダード（内国株式）,情報･通信業,3995,4045,3970,3990,20,0.503778,9500,OK
2025-07-31,4750,ダイサン,スタンダード（内国株式）,サービス業,568,570,566,569,0,0,3700,OK
2025-07-31,4751,サイバーエージェント,プライム（内国株式）,サービス業,1537,1541,1526,1532,2,0.130719,1999100,OK
2025-07-31,4752,昭和システムエンジニアリング,スタンダード（内国株式）,情報･通信業,1433,1451,1433,1450,24,1.683029,2800,OK
2025-07-31,4754,トスネット,スタンダード（内国株式）,サービス業,1487,1487,1487,1487,-7,-0.468541,100,OK
2025-07-31,4755,楽天グループ,プライム（内国株式）,サービス業,765,772.9,761.6,772,10.8,1.418812,12014500,OK
2025-07-31,4760,アルファ,スタンダード（内国株式）,サービス業,2451,2485,2400,2435,-16,-0.652795,7000,OK
2025-07-31,4761,さくらケーシーエス,スタンダード（内国株式）,情報･通信業,1510,1528,1493,1520,21,1.400934,27400,OK
2025-07-31,4762,エックスネット,スタンダード（内国株式）,情報･通信業,1386,1395,1385,1385,-5,-0.359712,5400,OK
2025-07-31,4763,クリーク・アンド・リバー社,プライム（内国株式）,サービス業,1499,1505,1496,1500,3,0.200401,31300,OK
2025-07-31,4765,ＳＢＩグローバルアセットマネジメント,プライム（内国株式）,サービス業,624,628,622,623,1,0.160772,92800,OK
2025-07-31,4766,ピーエイ,スタンダード（内国株式）,サービス業,292,294,290,292,2,0.689655,6100,OK
2025-07-31,4767,テー・オー・ダブリュー,スタンダード（内国株式）,サービス業,313,317,313,317,6,1.92926,169100,OK
2025-07-31,4768,大塚商会,プライム（内国株式）,情報･通信業,2852.5,2892,2852,2867.5,4,0.139689,806000,OK
2025-07-31,4769,ＩＣ,スタンダード（内国株式）,情報･通信業,1017,1017,1014,1014,-3,-0.294985,1000,OK
2025-07-31,4771,エフアンドエム,スタンダード（内国株式）,サービス業,2684,2782,2678,2742,70,2.61976,33100,OK
2025-07-31,4772,ＳＭ　ＥＮＴＥＲＴＡＩＮＭＥＮＴ　ＪＡＰＡＮ,グロース（内国株式）,情報･通信業,114,115,113,114,0,0,79100,OK
2025-07-31,4776,サイボウズ,プライム（内国株式）,情報･通信業,3970,4060,3925,4045,105,2.664975,278700,OK
2025-07-31,4777,ガーラ,スタンダード（内国株式）,情報･通信業,233,240,233,235,3,1.293103,50600,OK
2025-07-31,4783,ＮＣＤ,スタンダード（内国株式）,情報･通信業,2985,2988,2949,2973,-6,-0.20141,20100,OK
2025-07-31,4784,ＧＭＯインターネット,プライム（内国株式）,サービス業,1531,1565,1485,1520,0,0,2016800,OK
2025-07-31,4792,山田コンサルティンググループ,プライム（内国株式）,サービス業,1663,1689,1663,1673,10,0.601323,27100,OK
2025-07-31,4800,オリコン,スタンダード（内国株式）,情報･通信業,776,780,775,776,-4,-0.512821,4900,OK
2025-07-31,4801,セントラルスポーツ,プライム（内国株式）,サービス業,2525,2525,2503,2507,2,0.07984,13100,OK
2025-07-31,4809,パラカ,プライム（内国株式）,不動産業,1905,1915,1890,1899,-9,-0.471698,7200,OK
2025-07-31,4811,ドリーム・アーツ,グロース（内国株式）,情報･通信業,3810,3910,3805,3890,65,1.699346,8300,OK
2025-07-31,4812,電通総研,プライム（内国株式）,情報･通信業,6350,6840,6340,6630,260,4.081633,554600,OK
2025-07-31,4813,ＡＣＣＥＳＳ,プライム（内国株式）,情報･通信業,709,737,704,719,6,0.841515,252700,OK
2025-07-31,4814,ネクストウェア,スタンダード（内国株式）,情報･通信業,171,171,168,170,0,0,52700,OK
2025-07-31,4816,東映アニメーション,スタンダード（内国株式）,情報･通信業,3320,3400,3210,3300,40,1.226994,662800,OK
2025-07-31,4819,デジタルガレージ,プライム（内国株式）,情報･通信業,3970,4005,3925,4000,10,0.250627,113300,OK
2025-07-31,4820,イーエムシステムズ,プライム（内国株式）,情報･通信業,755,772,741,768,28,3.783784,271800,OK
2025-07-31,4825,ウェザーニューズ,プライム（内国株式）,情報･通信業,4430,4465,4355,4440,150,3.496503,133900,OK
2025-07-31,4826,ＣＩＪ,プライム（内国株式）,情報･通信業,488,495,483,495,8,1.64271,88100,OK
2025-07-31,4828,ビジネスエンジニアリング,プライム（内国株式）,情報･通信業,5020,5130,5020,5130,100,1.988072,7800,OK
2025-07-31,4829,日本エンタープライズ,スタンダード（内国株式）,情報･通信業,121,121,120,121,0,0,112400,OK
2025-07-31,4832,ＪＦＥシステムズ,スタンダード（内国株式）,情報･通信業,2006,2025,1976,2000,0,0,18500,OK
2025-07-31,4833,Ｄｅｆ　ｃｏｎｓｕｌｔｉｎｇ,グロース（内国株式）,サービス業,90,95,90,92,1,1.098901,485500,OK
2025-07-31,4838,スペースシャワーＳＫＩＹＡＫＩホールディングス,スタンダード（内国株式）,情報･通信業,540,543,527,539,-1,-0.185185,10300,OK
2025-07-31,4839,ＷＯＷＯＷ,プライム（内国株式）,情報･通信業,1414,1470,1321,1451,37,2.61669,748600,OK
2025-07-31,4840,トライアイズ,グロース（内国株式）,サービス業,363,368,363,366,1,0.273973,4300,OK
2025-07-31,4845,スカラ,プライム（内国株式）,情報･通信業,427,430,426,429,5,1.179245,49900,OK
2025-07-31,4847,インテリジェント　ウェイブ,プライム（内国株式）,情報･通信業,1080,1085,1068,1077,1,0.092937,21000,OK
2025-07-31,4848,フルキャストホールディングス,プライム（内国株式）,サービス業,1670,1683,1665,1679,11,0.659472,63200,OK
2025-07-31,4849,エン・ジャパン,プライム（内国株式）,サービス業,1767,1770,1750,1760,13,0.744133,190800,OK
2025-07-31,4880,セルソース,プライム（内国株式）,医薬品,687,699,682,690,1,0.145138,70500,OK
2025-07-31,4881,ファンペップ,グロース（内国株式）,医薬品,108,109,107,109,1,0.925926,199700,OK
2025-07-31,4882,ペルセウスプロテオミクス,グロース（内国株式）,医薬品,406,411,400,410,6,1.485149,234400,OK
2025-07-31,4883,モダリス,グロース（内国株式）,医薬品,92,92,90,91,-1,-1.086957,996000,OK
2025-07-31,4884,クリングルファーマ,グロース（内国株式）,医薬品,510,512,498,505,-7,-1.367188,153300,OK
2025-07-31,4885,室町ケミカル,スタンダード（内国株式）,医薬品,744,754,744,750,6,0.806452,9200,OK
2025-07-31,4886,あすか製薬ホールディングス,プライム（内国株式）,医薬品,2490,2490,2460,2478,26,1.060359,35000,OK
2025-07-31,4887,サワイグループホールディングス,プライム（内国株式）,医薬品,1955.5,1965,1942.5,1949.5,5,0.257136,234200,OK
2025-07-31,4888,ステラファーマ,グロース（内国株式）,医薬品,434,440,427,436,2,0.460829,196000,OK
2025-07-31,4889,レナサイエンス,グロース（内国株式）,医薬品,3155,3310,3050,3070,-70,-2.229299,1015300,OK
2025-07-31,4890,坪田ラボ,グロース（内国株式）,医薬品,370,373,368,368,0,0,23800,OK
2025-07-31,4891,ティムス,グロース（内国株式）,医薬品,165,167,164,166,1,0.606061,280700,OK
2025-07-31,4892,サイフューズ,グロース（内国株式）,医薬品,651,659,651,653,2,0.30722,26000,OK
2025-07-31,4893,ノイルイミューン・バイオテック,グロース（内国株式）,医薬品,172,175,172,175,0,0,26800,OK
2025-07-31,4894,クオリプス,グロース（内国株式）,医薬品,6130,6200,6100,6120,10,0.163666,57900,OK
2025-07-31,4896,ケイファーマ,グロース（内国株式）,医薬品,745,745,730,736,1,0.136054,21400,OK
2025-07-31,4901,富士フイルムホールディングス,プライム（内国株式）,化学,3148,3163,3131,3156,2,0.063412,3175500,OK
2025-07-31,4902,コニカミノルタ,プライム（内国株式）,電気機器,492,497,489,490.9,2.6,0.53246,2802000,OK
2025-07-31,4911,資生堂,プライム（内国株式）,化学,2403.5,2461.5,2400.5,2455.5,40.5,1.677019,2215800,OK
2025-07-31,4912,ライオン,プライム（内国株式）,化学,1480,1484.5,1473,1477.5,0.5,0.033852,933500,OK
2025-07-31,4914,高砂香料工業,プライム（内国株式）,化学,7210,7300,7190,7290,80,1.10957,31700,OK
2025-07-31,4917,マンダム,プライム（内国株式）,化学,1440,1448,1436,1442,3,0.208478,112600,OK
2025-07-31,4918,アイビー化粧品,スタンダード（内国株式）,化学,318,319,318,318,-2,-0.625,6700,OK
2025-07-31,4919,ミルボン,プライム（内国株式）,化学,2540,2565,2540,2555,16,0.630169,109000,OK
2025-07-31,4920,日本色材工業研究所,スタンダード（内国株式）,化学,1049,1050,1049,1050,1,0.095329,200,OK
2025-07-31,4922,コーセー,プライム（内国株式）,化学,5709,5865,5685,5826,142,2.498241,236700,OK
2025-07-31,4923,コタ,プライム（内国株式）,化学,1427,1430,1412,1421,-4,-0.280702,56400,OK
2025-07-31,4925,ハーバー研究所,スタンダード（内国株式）,化学,1658,1658,1652,1652,2,0.121212,700,OK
2025-07-31,4926,シーボン,スタンダード（内国株式）,化学,1164,1167,1164,1166,1,0.085837,1700,OK
2025-07-31,4927,ポーラ・オルビスホールディングス,プライム（内国株式）,化学,1273,1281,1268,1278.5,10,0.788333,291200,OK
2025-07-31,4928,ノエビアホールディングス,プライム（内国株式）,化学,4615,4630,4610,4610,5,0.108578,29700,OK
2025-07-31,4929,アジュバンホールディングス,スタンダード（内国株式）,化学,762,765,760,760,1,0.131752,7500,OK
2025-07-31,4931,新日本製薬,プライム（内国株式）,化学,2245,2267,2245,2262,24,1.072386,38700,OK
2025-07-31,4932,アルマード,スタンダード（内国株式）,化学,1118,1124,1108,1120,12,1.083032,28600,OK
2025-07-31,4933,Ｉ−ｎｅ,プライム（内国株式）,化学,1710,1720,1678,1697,-5,-0.293772,49600,OK
2025-07-31,4934,プレミアアンチエイジング,グロース（内国株式）,化学,861,863,845,863,-2,-0.231214,70800,OK
2025-07-31,4935,リベルタ,スタンダード（内国株式）,化学,2915,3380,2915,3250,335,11.492281,1506800,OK
2025-07-31,4936,アクシージア,スタンダード（内国株式）,化学,434,447,433,447,5,1.131222,231400,OK
2025-07-31,4937,Ｗａｑｏｏ,グロース（内国株式）,化学,1020,1030,1020,1030,10,0.980392,4000,OK
2025-07-31,4951,エステー,プライム（内国株式）,化学,1607,1625,1607,1624,20,1.246883,31600,OK
2025-07-31,4956,コニシ,プライム（内国株式）,化学,1230,1235,1222,1222,-5,-0.407498,147600,OK
2025-07-31,4957,ヤスハラケミカル,スタンダード（内国株式）,化学,845,855,838,838,-8,-0.945626,7800,OK
2025-07-31,4958,長谷川香料,プライム（内国株式）,化学,3140,3150,3120,3135,15,0.480769,43600,OK
2025-07-31,4960,ケミプロ化成,スタンダード（内国株式）,化学,281,285,280,284,3,1.067616,11400,OK
2025-07-31,4966,上村工業,スタンダード（内国株式）,化学,9500,9820,9500,9730,200,2.098636,16700,OK
2025-07-31,4967,小林製薬,プライム（内国株式）,化学,5327,5328,5293,5314,9,0.169651,131500,OK
2025-07-31,4968,荒川化学工業,プライム（内国株式）,化学,1120,1133,1117,1131,18,1.617251,28400,OK
2025-07-31,4970,東洋合成工業,スタンダード（内国株式）,化学,5110,5200,5110,5110,30,0.590551,29700,OK
2025-07-31,4971,メック,プライム（内国株式）,化学,2761,2845,2760,2820,59,2.136907,127600,OK
2025-07-31,4972,綜研化学,スタンダード（内国株式）,化学,1680,1693,1669,1670,-5,-0.298507,34500,OK
2025-07-31,4973,日本高純度化学,プライム（内国株式）,化学,3195,3195,3125,3135,-5,-0.159236,14300,OK
2025-07-31,4974,タカラバイオ,プライム（内国株式）,化学,892,896,883,886,-1,-0.11274,375700,OK
2025-07-31,4975,ＪＣＵ,プライム（内国株式）,化学,3555,3585,3520,3585,65,1.846591,41900,OK
2025-07-31,4976,東洋ドライルーブ,スタンダード（内国株式）,化学,3990,4065,3990,4035,35,0.875,600,OK
2025-07-31,4977,新田ゼラチン,スタンダード（内国株式）,化学,917,926,913,921,5,0.545852,50100,OK
2025-07-31,4978,リプロセル,グロース（内国株式）,化学,213,214,206,207,-7,-3.271028,1294700,OK
2025-07-31,4979,ＯＡＴアグリオ,スタンダード（内国株式）,化学,2387,2420,2380,2412,45,1.901141,27100,OK
2025-07-31,4980,デクセリアルズ,プライム（内国株式）,化学,2188,2219,2174,2197.5,30,1.384083,498500,OK
2025-07-31,4985,アース製薬,プライム（内国株式）,化学,4900,4910,4875,4880,-15,-0.306435,32500,OK
2025-07-31,4990,昭和化学工業,スタンダード（内国株式）,化学,473,473,470,470,0,0,2100,OK
2025-07-31,4992,北興化学工業,スタンダード（内国株式）,化学,1482,1521,1482,1496,23,1.561439,69600,OK
2025-07-31,4994,大成ラミックグループ,スタンダード（内国株式）,化学,2519,2530,2513,2530,11,0.436681,3400,OK
2025-07-31,4996,クミアイ化学工業,プライム（内国株式）,化学,808,818,808,815,11,1.368159,369700,OK
2025-07-31,4997,日本農薬,プライム（内国株式）,化学,905,907,883,888,-10,-1.113586,163400,OK
2025-07-31,4998,フマキラー,スタンダード（内国株式）,化学,1119,1119,1107,1109,-2,-0.180018,9400,OK
2025-07-31,5009,富士興産,スタンダード（内国株式）,卸売業,1227,1230,1224,1230,6,0.490196,12300,OK
2025-07-31,5010,日本精蝋,スタンダード（内国株式）,石油･石炭製品,192,194,191,193,1,0.520833,22800,OK
2025-07-31,5011,ニチレキグループ,プライム（内国株式）,石油･石炭製品,2931,2988,2929,2971,48,1.642148,54500,OK
2025-07-31,5013,ユシロ,スタンダード（内国株式）,石油･石炭製品,2183,2196,2167,2171,-2,-0.092039,12100,OK
2025-07-31,5015,ビーピー・カストロール,スタンダード（内国株式）,石油･石炭製品,838,843,838,842,2,0.238095,8900,OK
2025-07-31,5016,ＪＸ金属,プライム（内国株式）,非鉄金属,884.9,894,871.4,892.7,5.2,0.585915,9028000,OK
2025-07-31,5017,富士石油,プライム（内国株式）,石油･石炭製品,330,338,330,334,1,0.3003,460100,OK
2025-07-31,5018,ＭＯＲＥＳＣＯ,スタンダード（内国株式）,石油･石炭製品,1299,1300,1295,1300,7,0.541377,7600,OK
2025-07-31,5019,出光興産,プライム（内国株式）,石油･石炭製品,966.2,974.8,964,968.8,1.8,0.186143,2767500,OK
2025-07-31,5020,ＥＮＥＯＳホールディングス,プライム（内国株式）,石油･石炭製品,788.8,795.9,787,793.6,4.2,0.53205,10293000,OK
2025-07-31,5021,コスモエネルギーホールディングス,プライム（内国株式）,石油･石炭製品,6655,6725,6655,6717,44,0.659374,251400,OK
2025-07-31,5022,レボインターナショナル,TOKYO PRO MARKET（内国株式）,石油･石炭製品,,,,,,,,NO_QUOTE
2025-07-31,5025,マーキュリー,グロース（内国株式）,情報･通信業,699,699,687,698,-1,-0.143062,2200,OK
2025-07-31,5026,トリプルアイズ,グロース（内国株式）,情報･通信業,1137,1146,1124,1142,25,2.238138,49800,OK
2025-07-31,5027,ＡｎｙＭｉｎｄ　Ｇｒｏｕｐ,グロース（内国株式）,情報･通信業,565,574,564,574,5,0.878735,346000,OK
2025-07-31,5028,セカンドサイトアナリティカ,グロース（内国株式）,情報･通信業,482,554,477,524,50,10.548523,1140000,OK
2025-07-31,5029,サークレイス,グロース（内国株式）,情報･通信業,1359,1417,1359,1382,28,2.067947,38400,OK
2025-07-31,5031,モイ,グロース（内国株式）,情報･通信業,254,254,248,249,-1,-0.4,5200,OK
2025-07-31,5032,ＡＮＹＣＯＬＯＲ,プライム（内国株式）,情報･通信業,4750,4775,4700,4765,15,0.315789,330200,OK
2025-07-31,5033,ヌーラボ,グロース（内国株式）,情報･通信業,887,912,887,907,16,1.795735,52700,OK
2025-07-31,5034,ｕｎｅｒｒｙ,グロース（内国株式）,情報･通信業,2418,2609,2418,2609,200,8.3022,46900,OK
2025-07-31,5035,ＨＯＵＳＥＩ,グロース（内国株式）,情報･通信業,509,509,503,505,-2,-0.394477,7400,OK
2025-07-31,5036,日本ビジネスシステムズ,スタンダード（内国株式）,情報･通信業,1439,1453,1434,1449,8,0.55517,48300,OK
2025-07-31,5037,フィットワークス,TOKYO PRO MARKET（内国株式）,情報･通信業,,,,,,,,NO_QUOTE
2025-07-31,5038,ｅＷｅＬＬ,グロース（内国株式）,情報･通信業,2346,2384,2343,2378,32,1.364024,33500,OK
2025-07-31,5070,ドラフト,グロース（内国株式）,建設業,536,542,536,542,6,1.119403,15000,OK
2025-07-31,5071,ヴィス,スタンダード（内国株式）,建設業,1280,1303,1275,1295,4,0.309837,18900,OK
2025-07-31,5072,アートフォースジャパン,TOKYO PRO MARKET（内国株式）,建設業,,,,,,,,NO_QUOTE
2025-07-31,5074,テスホールディングス,プライム（内国株式）,建設業,439,442,435,441,0,0,262000,OK
2025-07-31,5076,インフロニア・ホールディングス,プライム（内国株式）,建設業,1281,1290,1276,1282.5,4.5,0.352113,721800,OK
2025-07-31,50765,インフロニア・ホールディングス（優先株式）,プライム（内国株式）,建設業,4606,4611,4606,4610,0,0,2500,OK
2025-07-31,5077,ハンズ,TOKYO PRO MARKET（内国株式）,建設業,,,,,,,,NO_QUOTE
2025-07-31,5078,セレコーポレーション,スタンダード（内国株式）,建設業,5700,5720,5700,5720,10,0.175131,1000,OK
2025-07-31,5079,ノバック,スタンダード（内国株式）,建設業,2594,2608,2575,2599,9,0.34749,8100,OK
2025-07-31,5101,横浜ゴム,プライム（内国株式）,ゴム製品,4377,4377,4305,4350,-44,-1.001365,668300,OK
2025-07-31,5103,昭和ホールディングス,スタンダード（内国株式）,ゴム製品,55,55,53,55,0,0,259600,OK
2025-07-31,5105,ＴＯＹＯ　ＴＩＲＥ,プライム（内国株式）,ゴム製品,3190,3204,3172,3204,1,0.031221,649600,OK
2025-07-31,5108,ブリヂストン,プライム（内国株式）,ゴム製品,6125,6147,6103,6131,-15,-0.244061,1714000,OK
2025-07-31,5110,住友ゴム工業,プライム（内国株式）,ゴム製品,1730,1740.5,1724,1734.5,-3,-0.172662,1244400,OK
2025-07-31,5121,藤倉コンポジット,プライム（内国株式）,ゴム製品,1600,1607,1594,1597,3,0.188206,33300,OK
2025-07-31,5122,オカモト,プライム（内国株式）,ゴム製品,5010,5160,5010,5130,90,1.785714,26400,OK
2025-07-31,5125,ファインズ,グロース（内国株式）,情報･通信業,587,587,570,576,-1,-0.17331,3200,OK
2025-07-31,5126,ポーターズ,グロース（内国株式）,情報･通信業,1987,1989,1966,1966,5,0.254972,700,OK
2025-07-31,5129,ＦＩＸＥＲ,グロース（内国株式）,情報･通信業,529,535,529,529,0,0,11400,OK
2025-07-31,5130,ヒロホールディングス,TOKYO PRO MARKET（内国株式）,情報･通信業,,,,,,,,NO_QUOTE
2025-07-31,5131,リンカーズ,グロース（内国株式）,情報･通信業,185,185,181,183,0,0,65400,OK
2025-07-31,5132,ｐｌｕｓｚｅｒｏ,グロース（内国株式）,情報･通信業,3195,3300,3195,3255,55,1.71875,78600,OK
2025-07-31,5133,テリロジーホールディングス,スタンダード（内国株式）,情報･通信業,370,373,369,372,2,0.540541,22600,OK
2025-07-31,5134,ＰＯＰＥＲ,グロース（内国株式）,情報･通信業,1116,1138,1109,1132,12,1.071429,10300,OK
2025-07-31,5135,ＡＩＲ−Ｕ,TOKYO PRO MARKET（内国株式）,情報･通信業,,,,,,,,NO_QUOTE
2025-07-31,5136,ｔｒｉｐｌａ,グロース（内国株式）,情報･通信業,2172,2214,2151,2210,38,1.74954,44800,OK
2025-07-31,5137,スマートドライブ,グロース（内国株式）,情報･通信業,427,433,418,431,4,0.936768,86000,OK
2025-07-31,5138,Ｒｅｂａｓｅ,グロース（内国株式）,情報･通信業,1363,1363,1323,1351,-17,-1.24269,6500,OK
2025-07-31,5139,オープンワーク,グロース（内国株式）,情報･通信業,1035,1061,1021,1040,0,0,31000,OK
2025-07-31,5142,アキレス,プライム（内国株式）,化学,1109,1113,1102,1110,8,0.725953,17400,OK
2025-07-31,5161,西川ゴム工業,スタンダード（内国株式）,ゴム製品,2866,2874,2850,2865,-1,-0.034892,74500,OK
2025-07-31,5162,朝日ラバー,スタンダード（内国株式）,ゴム製品,628,628,621,628,0,0,4100,OK
2025-07-31,5184,ニチリン,スタンダード（内国株式）,ゴム製品,3575,3580,3550,3550,-20,-0.560224,9400,OK
2025-07-31,5185,フコク,プライム（内国株式）,ゴム製品,1749,1763,1745,1758,6,0.342466,41700,OK
2025-07-31,5186,ニッタ,プライム（内国株式）,ゴム製品,4090,4125,4070,4125,50,1.226994,32200,OK
2025-07-31,5187,クリエートメディック,スタンダード（内国株式）,精密機器,972,972,965,972,0,0,2800,OK
2025-07-31,5189,櫻護謨,スタンダード（内国株式）,ゴム製品,1945,1984,1945,1984,54,2.797927,8800,OK
2025-07-31,5191,住友理工,プライム（内国株式）,ゴム製品,1900,1924,1875,1917,47,2.513369,271400,OK
2025-07-31,5192,三ツ星ベルト,プライム（内国株式）,ゴム製品,3575,3600,3570,3600,40,1.123596,67800,OK
2025-07-31,5194,相模ゴム工業,スタンダード（内国株式）,ゴム製品,924,924,912,924,0,0,9600,OK
2025-07-31,5195,バンドー化学,プライム（内国株式）,ゴム製品,1771,1808,1771,1802,42,2.386364,42600,OK
2025-07-31,5199,不二ラテックス,スタンダード（内国株式）,ゴム製品,1911,1911,1880,1885,-27,-1.412134,900,OK
2025-07-31,5201,ＡＧＣ,プライム（内国株式）,ガラス･土石製品,4525,4563,4523,4546,26,0.575221,1310900,OK
2025-07-31,5202,日本板硝子,プライム（内国株式）,ガラス･土石製品,494,503,487,503,9,1.821862,1034800,OK
2025-07-31,5204,石塚硝子,スタンダード（内国株式）,ガラス･土石製品,2680,2750,2651,2702,29,1.084923,34700,OK
2025-07-31,5208,有沢製作所,プライム（内国株式）,化学,1530,1553,1530,1550,20,1.30719,197100,OK
2025-07-31,5210,日本山村硝子,スタンダード（内国株式）,ガラス･土石製品,2669,2687,2665,2682,22,0.827068,14600,OK
2025-07-31,5214,日本電気硝子,プライム（内国株式）,ガラス･土石製品,3796,4094,3778,4055,281,7.445681,1971200,OK
2025-07-31,5216,倉元製作所,スタンダード（内国株式）,ガラス･土石製品,231,232,228,232,1,0.4329,322400,OK
2025-07-31,5218,オハラ,スタンダード（内国株式）,ガラス･土石製品,1174,1187,1171,1181,8,0.682012,36800,OK
2025-07-31,5232,住友大阪セメント,プライム（内国株式）,ガラス･土石製品,3900,3971,3894,3964,58,1.484895,265400,OK
2025-07-31,5233,太平洋セメント,プライム（内国株式）,ガラス･土石製品,3690,3730,3690,3714,34,0.923913,392700,OK
2025-07-31,5237,ノザワ,スタンダード（内国株式）,ガラス･土石製品,961,996,956,996,31,3.212435,23400,OK
2025-07-31,5240,ｍｏｎｏＡＩ　ｔｅｃｈｎｏｌｏｇｙ,グロース（内国株式）,情報･通信業,318,323,317,321,1,0.3125,26500,OK
2025-07-31,5242,アイズ,グロース（内国株式）,情報･通信業,1666,1670,1615,1647,-23,-1.377246,17100,OK
2025-07-31,5243,ｎｏｔｅ,グロース（内国株式）,情報･通信業,1300,1321,1295,1302,3,0.230947,155000,OK
2025-07-31,5244,ｊｉｇ．ｊｐ,グロース（内国株式）,情報･通信業,269,273,268,272,3,1.115242,252200,OK
2025-07-31,5246,ＥＬＥＭＥＮＴＳ,グロース（内国株式）,情報･通信業,1076,1080,1028,1029,-41,-3.831776,1339000,OK
2025-07-31,5247,ＢＴＭ,グロース（内国株式）,情報･通信業,735,737,731,731,-4,-0.544218,6700,OK
2025-07-31,5248,テクノロジーズ,グロース（内国株式）,情報･通信業,773,805,765,783,13,1.688312,274100,OK
2025-07-31,5249,あさかわシステムズ,TOKYO PRO MARKET（内国株式）,情報･通信業,,,,,,,,NO_QUOTE
2025-07-31,5250,プライム・ストラテジー,スタンダード（内国株式）,情報･通信業,999,1010,988,990,-6,-0.60241,9300,OK
2025-07-31,5251,ウイズ・ワン,TOKYO PRO MARKET（内国株式）,情報･通信業,,,,,,,,NO_QUOTE
2025-07-31,5252,日本ナレッジ,グロース（内国株式）,情報･通信業,,,,,,,,NO_QUOTE
2025-07-31,5253,カバー,グロース（内国株式）,情報･通信業,2128,2156,2125,2143,7,0.327715,774000,OK
2025-07-31,5254,Ａｒｅｎｔ,グロース（内国株式）,情報･通信業,4930,4940,4870,4930,0,0,19100,OK
2025-07-31,5255,モンスターラボ,グロース（内国株式）,情報･通信業,256,270,230,235,-19,-7.480315,16763200,OK
2025-07-31,5256,Ｆｕｓｉｃ,グロース（内国株式）,情報･通信業,2351,2433,2301,2420,70,2.978723,4100,OK
2025-07-31,5257,ノバシステム,スタンダード（内国株式）,情報･通信業,2970,2970,2471,2471,-500,-16.82935,45300,OK
2025-07-31,5258,トランザクション・メディア・ネットワークス,グロース（内国株式）,情報･通信業,490,498,485,493,2,0.407332,227200,OK
2025-07-31,5259,ＢＢＤイニシアティブ,グロース（内国株式）,情報･通信業,1361,1370,1361,1366,5,0.367377,9900,OK
2025-07-31,5261,リソルホールディングス,プライム（内国株式）,サービス業,5200,5210,5180,5190,-10,-0.192308,1800,OK
2025-07-31,5262,日本ヒューム,プライム（内国株式）,ガラス･土石製品,2555,2633,2526,2630,100,3.952569,481800,OK
2025-07-31,5268,旭コンクリート工業,スタンダード（内国株式）,ガラス･土石製品,648,648,639,643,-5,-0.771605,8900,OK
2025-07-31,5269,日本コンクリート工業,プライム（内国株式）,ガラス･土石製品,305,305,300,303,0,0,93000,OK
2025-07-31,5271,トーヨーアサノ,スタンダード（内国株式）,ガラス･土石製品,2279,2279,2275,2275,18,0.797519,300,OK
2025-07-31,5273,三谷セキサン,スタンダード（内国株式）,ガラス･土石製品,8680,8840,8600,8640,60,0.699301,11100,OK
2025-07-31,5279,日本興業,スタンダード（内国株式）,ガラス･土石製品,1287,1324,1264,1317,38,2.971071,4600,OK
2025-07-31,5280,ヨシコン,スタンダード（内国株式）,不動産業,2193,2209,2177,2208,15,0.683995,16300,OK
2025-07-31,5282,ジオスター,スタンダード（内国株式）,ガラス･土石製品,305,309,305,307,1,0.326797,31900,OK
2025-07-31,5283,高見澤,スタンダード（内国株式）,卸売業,3185,3185,3140,3140,-60,-1.875,300,OK
2025-07-31,5284,ヤマウホールディングス,スタンダード（内国株式）,ガラス･土石製品,2084,2169,2084,2151,63,3.017241,27700,OK
2025-07-31,5285,ヤマックス,スタンダード（内国株式）,ガラス･土石製品,1940,2111,1849,2033,107,5.555556,441100,OK
2025-07-31,5287,イトーヨーギョー,スタンダード（内国株式）,ガラス･土石製品,856,857,835,845,0,0,72300,OK
2025-07-31,5288,アジアパイルホールディングス,プライム（内国株式）,ガラス･土石製品,992,1006,992,1006,12,1.207243,149000,OK
2025-07-31,5290,ベルテクスコーポレーション,スタンダード（内国株式）,ガラス･土石製品,2753,2812,2732,2796,86,3.173432,32900,OK
2025-07-31,5301,東海カーボン,プライム（内国株式）,ガラス･土石製品,1030,1036.5,1024,1035.5,6,0.582807,990800,OK
2025-07-31,5302,日本カーボン,プライム（内国株式）,ガラス･土石製品,4090,4145,4090,4145,55,1.344743,49000,OK
2025-07-31,5304,ＳＥＣカーボン,スタンダード（内国株式）,ガラス･土石製品,2092,2108,2088,2104,6,0.285987,7000,OK
2025-07-31,5310,東洋炭素,プライム（内国株式）,ガラス･土石製品,4770,4880,4770,4870,100,2.096436,89600,OK
2025-07-31,5331,ノリタケ,プライム（内国株式）,ガラス･土石製品,4280,4330,4265,4315,50,1.172333,52400,OK
2025-07-31,5332,ＴＯＴＯ,プライム（内国株式）,ガラス･土石製品,3884,3924,3865,3891,19,0.490702,761900,OK
2025-07-31,5333,日本碍子,プライム（内国株式）,ガラス･土石製品,1920,1926,1895,1917,14.5,0.762155,1366500,OK
2025-07-31,5334,日本特殊陶業,プライム（内国株式）,ガラス･土石製品,5155,5231,5143,5224,76,1.476301,597800,OK
2025-07-31,5337,ダントーホールディングス,スタンダード（内国株式）,ガラス･土石製品,909,910,900,901,-8,-0.880088,13800,OK
2025-07-31,5341,ＡＳＡＨＩ　ＥＩＴＯホールディングス,スタンダード（内国株式）,ガラス･土石製品,349,350,342,342,-6,-1.724138,14100,OK
2025-07-31,5344,ＭＡＲＵＷＡ,プライム（内国株式）,ガラス･土石製品,45810,46340,45160,45940,1530,3.44517,206400,OK
2025-07-31,5351,品川リフラクトリーズ,プライム（内国株式）,ガラス･土石製品,1714,1727,1711,1726,18,1.053864,56900,OK
2025-07-31,5352,黒崎播磨,プライム（内国株式）,ガラス･土石製品,3470,3505,3450,3450,-20,-0.576369,104500,OK
2025-07-31,5355,日本坩堝,スタンダード（内国株式）,ガラス･土石製品,602,603,601,602,-1,-0.165837,2400,OK
2025-07-31,5356,美濃窯業,スタンダード（内国株式）,ガラス･土石製品,1145,1150,1140,1141,-4,-0.349345,13800,OK
2025-07-31,5357,ヨータイ,プライム（内国株式）,ガラス･土石製品,1700,1718,1690,1716,21,1.238938,60700,OK
2025-07-31,5363,東京窯業,スタンダード（内国株式）,ガラス･土石製品,588,597,582,595,7,1.190476,27500,OK
2025-07-31,5367,ニッカトー,スタンダード（内国株式）,ガラス･土石製品,518,520,516,520,3,0.580271,2900,OK
2025-07-31,5368,日本インシュレーション,スタンダード（内国株式）,ガラス･土石製品,1088,1099,1078,1093,19,1.769088,20000,OK
2025-07-31,5380,新東,スタンダード（内国株式）,ガラス･土石製品,1999,2226,1842,1873,-50,-2.600104,76600,OK
2025-07-31,5381,Ｍｉｐｏｘ,スタンダード（内国株式）,ガラス･土石製品,523,525,516,523,0,0,178900,OK
2025-07-31,5384,フジミインコーポレーテッド,プライム（内国株式）,ガラス･土石製品,2254,2289,2253,2278,28,1.244444,262800,OK
2025-07-31,5386,鶴弥,スタンダード（内国株式）,ガラス･土石製品,422,426,413,426,10,2.403846,10000,OK
2025-07-31,5388,クニミネ工業,スタンダード（内国株式）,ガラス･土石製品,1086,1093,1083,1093,2,0.183318,6700,OK
2025-07-31,5391,エーアンドエーマテリアル,スタンダード（内国株式）,ガラス･土石製品,1210,1222,1210,1222,8,0.658979,6400,OK
2025-07-31,5393,ニチアス,プライム（内国株式）,ガラス･土石製品,5785,5843,5765,5830,72,1.250434,150100,OK
2025-07-31,5401,日本製鉄,プライム（内国株式）,鉄鋼,2919,2957,2908.5,2919.5,12.5,0.429997,4837000,OK
2025-07-31,5406,神戸製鋼所,プライム（内国株式）,鉄鋼,1660,1671.5,1657,1663.5,1.5,0.090253,1825400,OK
2025-07-31,5408,中山製鋼所,プライム（内国株式）,鉄鋼,641,644,638,640,-3,-0.466563,203400,OK
2025-07-31,5410,合同製鐵,プライム（内国株式）,鉄鋼,3860,3885,3805,3820,-45,-1.164295,72000,OK
2025-07-31,5411,ＪＦＥホールディングス,プライム（内国株式）,鉄鋼,1750,1764,1742,1749.5,-2.5,-0.142694,3048600,OK
2025-07-31,5423,東京製鐵,プライム（内国株式）,鉄鋼,1567,1582,1557,1581,1,0.063291,481100,OK
2025-07-31,5440,共英製鋼,プライム（内国株式）,鉄鋼,2235,2244,2126,2172,-63,-2.818792,254400,OK
2025-07-31,5444,大和工業,プライム（内国株式）,鉄鋼,9480,9547,8351,8497,-989,-10.425891,1508700,OK
2025-07-31,5445,東京鐵鋼,プライム（内国株式）,鉄鋼,5630,5810,5470,5510,-150,-2.650177,230500,OK
2025-07-31,5446,北越メタル,スタンダード（内国株式）,鉄鋼,1246,1247,1242,1247,3,0.241158,800,OK
2025-07-31,5449,大阪製鐵,スタンダード（内国株式）,鉄鋼,2453,2603,2450,2558,106,4.323002,136700,OK
2025-07-31,5451,淀川製鋼所,プライム（内国株式）,鉄鋼,1168,1176,1167,1169,-1,-0.08547,172300,OK
2025-07-31,5458,高砂鐵工,スタンダード（内国株式）,鉄鋼,934,937,934,937,11,1.187905,800,OK
2025-07-31,5461,中部鋼鈑,プライム（内国株式）,鉄鋼,2075,2179,2065,2176,88,4.214559,54800,OK
2025-07-31,5463,丸一鋼管,プライム（内国株式）,鉄鋼,3696,3709,3673,3678,-31,-0.835805,136400,OK
2025-07-31,5464,モリ工業,スタンダード（内国株式）,鉄鋼,897,904,896,902,5,0.557414,27500,OK
2025-07-31,5471,大同特殊鋼,プライム（内国株式）,鉄鋼,1176,1178,1160.5,1164,-20,-1.689189,960300,OK
2025-07-31,5476,日本高周波鋼業,スタンダード（内国株式）,鉄鋼,409,411,406,410,-1,-0.243309,23300,OK
2025-07-31,5480,日本冶金工業,プライム（内国株式）,鉄鋼,4210,4230,4185,4200,-30,-0.70922,70000,OK
2025-07-31,5482,愛知製鋼,プライム（内国株式）,鉄鋼,2251,2359,2188,2309,55,2.440106,1697800,OK
2025-07-31,5484,東北特殊鋼,スタンダード（内国株式）,鉄鋼,1966,1982,1965,1966,0,0,2900,OK
2025-07-31,5491,日本金属,スタンダード（内国株式）,鉄鋼,731,731,725,725,-2,-0.275103,7400,OK
2025-07-31,5525,フロンティアホールディングス,TOKYO PRO MARKET（内国株式）,不動産業,,,,,,,,NO_QUOTE
2025-07-31,5527,ｐｒｏｐｅｒｔｙ　ｔｅｃｈｎｏｌｏｇｉｅｓ,グロース（内国株式）,不動産業,565,572,556,565,6,1.073345,86600,OK
2025-07-31,5528,フロンティアハウス,TOKYO PRO MARKET（内国株式）,不動産業,,,,,,,,NO_QUOTE
2025-07-31,5531,中山不動産,TOKYO PRO MARKET（内国株式）,不動産業,,,,,,,,NO_QUOTE
2025-07-31,5532,リアルゲイト,グロース（内国株式）,不動産業,2328,2419,2217,2410,81,3.477888,182500,OK
2025-07-31,5533,エリッツホールディングス,スタンダード（内国株式）,不動産業,1789,1789,1783,1783,-7,-0.391061,400,OK
2025-07-31,5534,エンゼルグループ,TOKYO PRO MARKET（内国株式）,不動産業,,,,,,,,NO_QUOTE
2025-07-31,5535,ミガロホールディングス,プライム（内国株式）,不動産業,964,982,956,971,20,2.103049,196700,OK
2025-07-31,5536,京橋アートレジデンス,TOKYO PRO MARKET（内国株式）,不動産業,,,,,,,,NO_QUOTE
2025-07-31,5537,ＡｌｂａＬｉｎｋ,TOKYO PRO MARKET（内国株式）,不動産業,,,,,,,,NO_QUOTE
2025-07-31,5541,大平洋金属,プライム（内国株式）,鉄鋼,1851,1864,1841,1854,-23,-1.22536,313600,OK
2025-07-31,5542,新報国マテリアル,スタンダード（内国株式）,鉄鋼,809,813,808,812,4,0.49505,4600,OK
2025-07-31,5563,新日本電工,プライム（内国株式）,鉄鋼,280,283,278,282,1,0.355872,689800,OK
2025-07-31,5570,ジェノバ,グロース（内国株式）,情報･通信業,681,681,674,677,-4,-0.587372,10400,OK
2025-07-31,5571,エキサイトホールディングス,スタンダード（内国株式）,情報･通信業,1305,1325,1298,1323,13,0.992366,5600,OK
2025-07-31,5572,Ｒｉｄｇｅ−ｉ,グロース（内国株式）,情報･通信業,2599,2600,2532,2550,-15,-0.584795,33700,OK
2025-07-31,5573,働楽ホールディングス,TOKYO PRO MARKET（内国株式）,情報･通信業,,,,,,,,NO_QUOTE
2025-07-31,5574,ＡＢＥＪＡ,グロース（内国株式）,情報･通信業,3490,3595,3480,3580,75,2.1398,200800,OK
2025-07-31,5575,Ｇｌｏｂｅｅ,グロース（内国株式）,情報･通信業,925,925,900,905,-17,-1.843818,11000,OK
2025-07-31,5576,オービーシステム,スタンダード（内国株式）,情報･通信業,2874,2894,2850,2893,35,1.224633,6600,OK
2025-07-31,5577,アイデミー,グロース（内国株式）,情報･通信業,714,725,709,715,3,0.421348,17400,OK
2025-07-31,5578,ＡＲアドバンストテクノロジ,グロース（内国株式）,情報･通信業,2869,2922,2819,2885,0,0,17700,OK
2025-07-31,5580,プロディライト,グロース（内国株式）,情報･通信業,1870,1870,1829,1829,6,0.329128,10000,OK
2025-07-31,5581,カイテクノロジー,TOKYO PRO MARKET（内国株式）,情報･通信業,,,,,,,,NO_QUOTE
2025-07-31,5582,グリッド,グロース（内国株式）,情報･通信業,2478,2533,2478,2495,22,0.889608,9000,OK
2025-07-31,5584,Ｓｔｒａｗｂｅｒｒｙ　ｊａｍｓ,TOKYO PRO MARKET（内国株式）,情報･通信業,,,,,,,,NO_QUOTE
2025-07-31,5586,Ｌａｂｏｒｏ．ＡＩ,グロース（内国株式）,情報･通信業,1150,1171,1143,1171,22,1.914708,109200,OK
2025-07-31,5587,インバウンドプラットフォーム,グロース（内国株式）,情報･通信業,929,932,919,928,1,0.107875,6700,OK
2025-07-31,5588,ファーストアカウンティング,グロース（内国株式）,情報･通信業,1560,1590,1558,1585,20,1.277955,26900,OK
2025-07-31,5589,オートサーバー,スタンダード（内国株式）,情報･通信業,2372,2398,2370,2398,26,1.096121,4400,OK
2025-07-31,5590,ネットスターズ,グロース（内国株式）,情報･通信業,922,938,919,938,16,1.735358,37600,OK
2025-07-31,5591,ＡＶＩＬＥＮ,グロース（内国株式）,情報･通信業,1600,1672,1596,1665,65,4.0625,76200,OK
2025-07-31,5592,くすりの窓口,グロース（内国株式）,情報･通信業,3180,3270,3180,3210,100,3.215434,59900,OK
2025-07-31,5594,エム・デー・ビー,TOKYO PRO MARKET（内国株式）,情報･通信業,,,,,,,,NO_QUOTE
2025-07-31,5595,ＱＰＳ研究所,グロース（内国株式）,情報･通信業,2078,2087,2003,2011,-52,-2.520601,3201500,OK
2025-07-31,5596,アウトルックコンサルティング,グロース（内国株式）,情報･通信業,1280,1280,1250,1280,-10,-0.775194,2900,OK
2025-07-31,5597,ブルーイノベーション,グロース（内国株式）,情報･通信業,2660,2674,2480,2530,105,4.329897,1607800,OK
2025-07-31,5598,Ｙｏｔｔａｖｉａｓ,TOKYO PRO MARKET（内国株式）,情報･通信業,,,,,,,,NO_QUOTE
2025-07-31,5599,Ｓ＆Ｊ,グロース（内国株式）,情報･通信業,1260,1275,1251,1265,8,0.636436,10900,OK
2025-07-31,5602,栗本鐵工所,プライム（内国株式）,鉄鋼,7540,7950,7450,7890,330,4.365079,493400,OK
2025-07-31,5603,虹技,スタンダード（内国株式）,鉄鋼,1160,1187,1154,1184,27,2.333621,13900,OK
2025-07-31,5609,日本鋳造,スタンダード（内国株式）,鉄鋼,887,887,867,869,-9,-1.025057,18500,OK
2025-07-31,5612,日本鋳鉄管,スタンダード（内国株式）,鉄鋼,1405,1417,1392,1416,20,1.432665,43300,OK
2025-07-31,5616,雨風太陽,グロース（内国株式）,情報･通信業,1205,1219,1191,1212,7,0.580913,15100,OK
2025-07-31,5617,ウィル・ドゥ,TOKYO PRO MARKET（内国株式）,情報･通信業,,,,,,,,NO_QUOTE
2025-07-31,5618,ナイル,グロース（内国株式）,情報･通信業,487,507,471,484,-2,-0.411523,52500,OK
2025-07-31,5619,マーソ,グロース（内国株式）,情報･通信業,1100,1111,1081,1086,-44,-3.893805,1200,OK
2025-07-31,5620,エスピーオー,TOKYO PRO MARKET（内国株式）,情報･通信業,,,,,,,,NO_QUOTE
2025-07-31,5621,ヒューマンテクノロジーズ,グロース（内国株式）,情報･通信業,2163,2176,2135,2166,3,0.138696,17000,OK
2025-07-31,5622,ワンビ,TOKYO PRO MARKET（内国株式）,情報･通信業,,,,,,,,NO_QUOTE
2025-07-31,5631,日本製鋼所,プライム（内国株式）,機械,9266,9433,9213,9421,187,2.025125,1024400,OK
2025-07-31,5632,三菱製鋼,プライム（内国株式）,鉄鋼,1680,1696,1657,1667,-17,-1.009501,94700,OK
2025-07-31,5644,メタルアート,スタンダード（内国株式）,鉄鋼,3680,3690,3680,3685,50,1.375516,1500,OK
2025-07-31,5658,日亜鋼業,スタンダード（内国株式）,鉄鋼,316,325,312,320,4,1.265823,169500,OK
2025-07-31,5659,日本精線,プライム（内国株式）,鉄鋼,1081,1093,1081,1092,13,1.204819,39600,OK
2025-07-31,5660,神鋼鋼線工業,スタンダード（内国株式）,鉄鋼,1375,1412,1375,1412,12,0.857143,4400,OK
2025-07-31,5695,パウダーテック,スタンダード（内国株式）,鉄鋼,,,,,,,,NO_QUOTE
2025-07-31,5697,サンユウ,スタンダード（内国株式）,鉄鋼,509,512,508,512,2,0.392157,2700,OK
2025-07-31,5698,エンビプロ・ホールディングス,プライム（内国株式）,鉄鋼,510,514,500,501,-2,-0.397614,29000,OK
2025-07-31,5699,イボキン,スタンダード（内国株式）,鉄鋼,1447,1452,1443,1448,-7,-0.4811,6100,OK
2025-07-31,5702,大紀アルミニウム工業所,プライム（内国株式）,非鉄金属,1045,1051,1041,1048,2,0.191205,74300,OK
2025-07-31,5703,日本軽金属ホールディングス,プライム（内国株式）,非鉄金属,1730,1800,1717,1764,38,2.201622,512100,OK
2025-07-31,5704,ＪＭＣ,グロース（内国株式）,非鉄金属,454,456,444,456,1,0.21978,4600,OK
2025-07-31,5706,三井金属鉱業,プライム（内国株式）,非鉄金属,6031,6479,6008,6450,320,5.220228,1498600,OK
2025-07-31,5707,東邦亜鉛,プライム（内国株式）,非鉄金属,727,729,708,712,-14,-1.928375,145300,OK
2025-07-31,5711,三菱マテリアル,プライム（内国株式）,非鉄金属,2300,2338,2228,2322.5,2.5,0.107759,1518500,OK
2025-07-31,5713,住友金属鉱山,プライム（内国株式）,非鉄金属,3338,3391,3309,3355,-111,-3.202539,4467700,OK
2025-07-31,5714,ＤＯＷＡホールディングス,プライム（内国株式）,非鉄金属,4965,4997,4938,4958,-48,-0.958849,240900,OK
2025-07-31,5715,古河機械金属,プライム（内国株式）,非鉄金属,2377,2409,2365,2409,29,1.218487,155700,OK
2025-07-31,5721,エス・サイエンス,スタンダード（内国株式）,非鉄金属,122,124,119,123,1,0.819672,3416100,OK
2025-07-31,5724,アサカ理研,スタンダード（内国株式）,非鉄金属,1177,1204,1169,1170,-17,-1.432182,64400,OK
2025-07-31,5726,大阪チタニウムテクノロジーズ,プライム（内国株式）,非鉄金属,1672,1685,1650,1660,-26,-1.542112,890300,OK
2025-07-31,5727,東邦チタニウム,プライム（内国株式）,非鉄金属,1356,1379,1348,1377,7,0.510949,579100,OK
2025-07-31,5729,日本精鉱,スタンダード（内国株式）,非鉄金属,6290,6500,6210,6440,290,4.715447,24600,OK
2025-07-31,5741,ＵＡＣＪ,プライム（内国株式）,非鉄金属,5880,6020,5850,5980,130,2.222222,143300,OK
2025-07-31,5742,エヌアイシ・オートテック,スタンダード（内国株式）,非鉄金属,752,756,751,755,2,0.265604,4500,OK
2025-07-31,5753,日本伸銅,スタンダード（内国株式）,非鉄金属,2081,2082,2068,2069,4,0.193705,3500,OK
2025-07-31,5757,ＣＫサンエツ,プライム（内国株式）,非鉄金属,3875,3950,3875,3945,70,1.806452,3900,OK
2025-07-31,5801,古河電気工業,プライム（内国株式）,非鉄金属,8800,9321,8796,9195,501,5.762595,8095100,OK
2025-07-31,5802,住友電気工業,プライム（内国株式）,非鉄金属,3611,3865,3610,3758,154,4.27303,10306000,OK
2025-07-31,5803,フジクラ,プライム（内国株式）,非鉄金属,9968,10400,9960,10375,639,6.56327,19391800,OK
2025-07-31,5805,ＳＷＣＣ,プライム（内国株式）,非鉄金属,8950,9200,8950,9190,280,3.142536,243100,OK
2025-07-31,5816,オーナンバ,スタンダード（内国株式）,非鉄金属,1003,1007,1001,1007,4,0.398804,8300,OK
2025-07-31,5817,ＪＭＡＣＳ,スタンダード（内国株式）,非鉄金属,474,480,473,480,7,1.479915,5400,OK
2025-07-31,5819,カナレ電気,スタンダード（内国株式）,非鉄金属,1712,1746,1693,1717,58,3.496082,67000,OK
2025-07-31,5820,三ッ星,スタンダード（内国株式）,非鉄金属,726,737,725,730,4,0.550964,6300,OK
2025-07-31,5821,平河ヒューテック,プライム（内国株式）,非鉄金属,1604,1639,1588,1639,50,3.146633,113200,OK
2025-07-31,5830,いよぎんホールディングス,プライム（内国株式）,銀行業,1752,1776,1746.5,1768,22.5,1.289029,618500,OK
2025-07-31,5831,しずおかフィナンシャルグループ,プライム（内国株式）,銀行業,1771,1796,1770.5,1792.5,34.5,1.962457,1721700,OK
2025-07-31,5832,ちゅうぎんフィナンシャルグループ,プライム（内国株式）,銀行業,1965,1982,1939,1969,42.5,2.206073,605700,OK
2025-07-31,5834,ＳＢＩリーシングサービス,グロース（内国株式）,証券･商品先物取引業,4990,5040,4875,4925,-65,-1.302605,140000,OK
2025-07-31,5838,楽天銀行,プライム（内国株式）,銀行業,7009,7138,6986,7080,82,1.171763,659000,OK
2025-07-31,5840,日本総険,TOKYO PRO MARKET（内国株式）,保険業,,,,,,,,NO_QUOTE
2025-07-31,5842,インテグラル,グロース（内国株式）,証券･商品先物取引業,3540,3565,3465,3495,-60,-1.687764,69900,OK
2025-07-31,5843,ニッポンインシュア,スタンダード（内国株式）,その他金融業,2678,2697,2604,2620,-28,-1.057402,22400,OK
2025-07-31,5844,京都フィナンシャルグループ,プライム（内国株式）,銀行業,2713,2752,2712,2743,33,1.217712,902700,OK
2025-07-31,5845,全保連,スタンダード（内国株式）,その他金融業,811,811,802,804,-6,-0.740741,66200,OK
2025-07-31,5851,リョービ,プライム（内国株式）,非鉄金属,2275,2298,2265,2291,22,0.96959,67200,OK
2025-07-31,5852,アーレスティ,プライム（内国株式）,非鉄金属,790,805,790,801,6,0.754717,113800,OK
2025-07-31,5856,エルアイイーエイチ,スタンダード（内国株式）,小売業,44,46,44,46,0,0,971900,OK
2025-07-31,5857,ＡＲＥホールディングス,プライム（内国株式）,非鉄金属,1851,1886,1786,1790,-181,-9.183156,2986700,OK
2025-07-31,5858,ＳＴＧ,グロース（内国株式）,非鉄金属,1456,1509,1456,1509,23,1.547779,3600,OK
2025-07-31,5866,ＷｉｚＢｉｚ,TOKYO PRO MARKET（内国株式）,サービス業,,,,,,,,NO_QUOTE
2025-07-31,5867,エスネットワークス,グロース（内国株式）,サービス業,1211,1213,1202,1202,9,0.754401,900,OK
2025-07-31,5868,ロココ,スタンダード（内国株式）,サービス業,938,940,928,936,-3,-0.319489,7200,OK
2025-07-31,5869,早稲田学習研究会,スタンダード（内国株式）,サービス業,1074,1074,1069,1073,1,0.093284,9600,OK
2025-07-31,5870,ナルネットコミュニケーションズ,グロース（内国株式）,サービス業,713,713,707,707,-6,-0.841515,4100,OK
2025-07-31,5871,ＳＯＬＩＺＥ　Ｈｏｌｄｉｎｇｓ,スタンダード（内国株式）,サービス業,1891,1891,1871,1880,10,0.534759,1400,OK
2025-07-31,5883,ＧＴホールディングス,TOKYO PRO MARKET（内国株式）,卸売業,,,,,,,,NO_QUOTE
2025-07-31,5884,クラダシ,グロース（内国株式）,小売業,446,453,433,440,-3,-0.677201,31400,OK
2025-07-31,5885,ジーデップ・アドバンス,スタンダード（内国株式）,卸売業,3320,3420,3285,3405,155,4.769231,196800,OK
2025-07-31,5886,ＯＯＫＡＢＥ　ＧＬＡＳＳ,TOKYO PRO MARKET（内国株式）,卸売業,,,,,,,,NO_QUOTE
2025-07-31,5887,光響,TOKYO PRO MARKET（内国株式）,卸売業,,,,,,,,NO_QUOTE
2025-07-31,5888,ＤＡＩＷＡ　ＣＹＣＬＥ,グロース（内国株式）,小売業,3770,3770,3710,3765,20,0.534045,6600,OK
2025-07-31,5889,Ｊａｐａｎ　Ｅｙｅｗｅａｒ　Ｈｏｌｄｉｎｇｓ,スタンダード（内国株式）,小売業,2137,2168,2103,2106,-30,-1.404494,101900,OK
2025-07-31,5890,オフィスバスターズ,TOKYO PRO MARKET（内国株式）,小売業,,,,,,,,NO_QUOTE
2025-07-31,5891,魁力屋,スタンダード（内国株式）,小売業,1977,2001,1977,2000,11,0.553042,5400,OK
2025-07-31,5892,ｙｕｔｏｒｉ,グロース（内国株式）,小売業,4360,4560,4320,4530,135,3.071672,117500,OK
2025-07-31,5893,ＲＡＶＩＰＡ,TOKYO PRO MARKET（内国株式）,小売業,,,,,,,,NO_QUOTE
2025-07-31,5900,ダイケン,スタンダード（内国株式）,金属製品,815,818,812,818,1,0.122399,4600,OK
2025-07-31,5901,東洋製罐グループホールディングス,プライム（内国株式）,金属製品,3126,3147,3102,3137,34,1.095714,1039000,OK
2025-07-31,5902,ホッカンホールディングス,プライム（内国株式）,金属製品,2001,2020,1996,2011,12,0.6003,13400,OK
2025-07-31,5903,シンポ,スタンダード（内国株式）,金属製品,1190,1198,1180,1182,-8,-0.672269,1900,OK
2025-07-31,5905,日本製罐,スタンダード（内国株式）,金属製品,1396,1396,1383,1388,-36,-2.52809,3000,OK
2025-07-31,5906,エムケー精工,スタンダード（内国株式）,金属製品,557,561,550,554,-7,-1.247772,85700,OK
2025-07-31,5909,コロナ,スタンダード（内国株式）,金属製品,918,947,911,946,4,0.424628,38700,OK
2025-07-31,5911,横河ブリッジホールディングス,プライム（内国株式）,金属製品,2684,2692,2662,2682,-3,-0.111732,280500,OK
2025-07-31,5915,駒井ハルテック,スタンダード（内国株式）,金属製品,1559,1560,1555,1560,2,0.12837,5800,OK
2025-07-31,5918,瀧上工業,スタンダード（内国株式）,金属製品,6500,6550,6500,6550,50,0.769231,300,OK
2025-07-31,5921,川岸工業,スタンダード（内国株式）,金属製品,4325,4365,4265,4360,35,0.809249,2600,OK
2025-07-31,5922,那須電機鉄工,スタンダード（内国株式）,金属製品,13500,13530,13420,13510,190,1.426426,8300,OK
2025-07-31,5923,高田機工,スタンダード（内国株式）,金属製品,1112,1114,1112,1113,1,0.089928,700,OK
2025-07-31,5928,アルメタックス,スタンダード（内国株式）,金属製品,277,279,276,278,3,1.090909,9600,OK
2025-07-31,5929,三和ホールディングス,プライム（内国株式）,金属製品,4764,4799,4077,4138,-571,-12.125717,2009600,OK
2025-07-31,5930,文化シヤッター,プライム（内国株式）,金属製品,2506,2582,2482,2567,85,3.424658,206400,OK
2025-07-31,5932,三協立山,プライム（内国株式）,金属製品,611,613,608,610,2,0.328947,31700,OK
2025-07-31,5933,アルインコ,プライム（内国株式）,金属製品,1042,1047,1039,1044,-2,-0.191205,13000,OK
2025-07-31,5936,東洋シヤッター,スタンダード（内国株式）,金属製品,838,845,831,837,-15,-1.760563,15900,OK
2025-07-31,5938,ＬＩＸＩＬ,プライム（内国株式）,金属製品,1762.5,1850,1742,1755,-21.5,-1.210245,4576100,OK
2025-07-31,5939,大谷工業,スタンダード（内国株式）,金属製品,5500,5500,5440,5480,40,0.735294,500,OK
2025-07-31,5940,不二サッシ,スタンダード（内国株式）,金属製品,721,724,717,719,-3,-0.415512,15000,OK
2025-07-31,5941,中西製作所,スタンダード（内国株式）,金属製品,2427,2429,2427,2429,2,0.082406,800,OK
2025-07-31,5942,日本フイルコン,スタンダード（内国株式）,金属製品,502,505,501,504,1,0.198807,20300,OK
2025-07-31,5943,ノーリツ,プライム（内国株式）,金属製品,1905,1933,1885,1921,26,1.372032,142000,OK
2025-07-31,5945,天龍製鋸,スタンダード（内国株式）,金属製品,2000,2019,1992,2013,13,0.65,7300,OK
2025-07-31,5946,長府製作所,プライム（内国株式）,金属製品,2008,2023,2000,2004,-4,-0.199203,33700,OK
2025-07-31,5947,リンナイ,プライム（内国株式）,金属製品,3758,3771,3740,3740,-3,-0.08015,231900,OK
2025-07-31,5949,ユニプレス,プライム（内国株式）,輸送用機器,1074,1077,1066,1070,-3,-0.27959,85900,OK
2025-07-31,5950,日本パワーファスニング,スタンダード（内国株式）,金属製品,194,196,193,196,2,1.030928,29100,OK
2025-07-31,5951,ダイニチ工業,スタンダード（内国株式）,金属製品,774,788,770,780,6,0.775194,23000,OK
2025-07-31,5952,アマテイ,スタンダード（内国株式）,金属製品,178,183,177,181,4,2.259887,114100,OK
2025-07-31,5955,ワイズホールディングス,スタンダード（内国株式）,金属製品,84,85,83,83,0,0,634600,OK
2025-07-31,5956,トーソー,スタンダード（内国株式）,金属製品,536,543,533,535,-1,-0.186567,4400,OK
2025-07-31,5957,日東精工,プライム（内国株式）,金属製品,622,630,621,628,4,0.641026,89700,OK
2025-07-31,5958,三洋工業,スタンダード（内国株式）,金属製品,4095,4105,4015,4030,-60,-1.466993,12500,OK
2025-07-31,5959,岡部,プライム（内国株式）,金属製品,885,887,868,871,-10,-1.135074,67800,OK
2025-07-31,5962,浅香工業,スタンダード（内国株式）,その他製品,1620,1621,1620,1620,10,0.621118,300,OK
2025-07-31,5965,フジマック,スタンダード（内国株式）,金属製品,995,998,994,995,1,0.100604,5000,OK
2025-07-31,5966,京都機械工具,スタンダード（内国株式）,金属製品,2560,2560,2554,2554,-47,-1.806997,500,OK
2025-07-31,5967,ＴＯＮＥ,スタンダード（内国株式）,金属製品,500,500,496,498,3,0.606061,8300,OK
2025-07-31,5969,ロブテックス,スタンダード（内国株式）,金属製品,1281,1281,1281,1281,0,0,1600,OK
2025-07-31,5970,ジーテクト,プライム（内国株式）,金属製品,1857,1865,1853,1865,3,0.161117,61700,OK
2025-07-31,5971,共和工業所,スタンダード（内国株式）,金属製品,5620,5700,5600,5600,-10,-0.178253,1900,OK
2025-07-31,5973,トーアミ,スタンダード（内国株式）,金属製品,534,534,534,534,0,0,400,OK
2025-07-31,5974,中国工業,スタンダード（内国株式）,金属製品,549,549,544,545,-4,-0.728597,2100,OK
2025-07-31,5975,東プレ,プライム（内国株式）,金属製品,2084,2091,2061,2077,-3,-0.144231,90300,OK
2025-07-31,5976,高周波熱錬,プライム（内国株式）,金属製品,1194,1202,1191,1199,8,0.671704,99400,OK
2025-07-31,5981,東京製綱,プライム（内国株式）,金属製品,1346,1355,1342,1353,12,0.894855,24200,OK
2025-07-31,5982,マルゼン,スタンダード（内国株式）,金属製品,3460,3490,3430,3460,25,0.727802,4600,OK
2025-07-31,5983,イワブチ,スタンダード（内国株式）,金属製品,6760,6770,6740,6740,-10,-0.148148,500,OK
2025-07-31,5984,兼房,スタンダード（内国株式）,金属製品,669,675,669,670,2,0.299401,2200,OK
2025-07-31,5985,サンコール,スタンダード（内国株式）,金属製品,364,403,357,386,54,16.26506,1892500,OK
2025-07-31,5986,モリテック　スチール,スタンダード（内国株式）,金属製品,217,217,212,213,-1,-0.46729,47100,OK
2025-07-31,5987,オーネックス,スタンダード（内国株式）,金属製品,1978,1978,1978,1978,0,0,100,OK
2025-07-31,5988,パイオラックス,プライム（内国株式）,金属製品,1756,1763,1741,1754,-6,-0.340909,88000,OK
2025-07-31,5989,エイチワン,プライム（内国株式）,金属製品,1431,1435,1414,1423,-3,-0.210379,87000,OK
2025-07-31,5990,スーパーツール,スタンダード（内国株式）,金属製品,1995,1995,1995,1995,0,0,400,OK
2025-07-31,5991,日本発條,プライム（内国株式）,金属製品,1711.5,1726,1710,1714,6,0.351288,707200,OK
2025-07-31,5992,中央発條,スタンダード（内国株式）,金属製品,3100,3215,2932,3030,34,1.134846,196000,OK
2025-07-31,5994,ファインシンター,スタンダード（内国株式）,金属製品,893,896,860,879,-24,-2.657807,28900,OK
2025-07-31,5997,協立エアテック,スタンダード（内国株式）,金属製品,649,660,648,660,10,1.538462,6300,OK
2025-07-31,5998,アドバネクス,スタンダード（内国株式）,金属製品,825,835,824,835,19,2.328431,3800,OK
2025-07-31,6005,三浦工業,プライム（内国株式）,機械,3017,3036,3006,3028,25,0.832501,255300,OK
2025-07-31,6013,タクマ,プライム（内国株式）,機械,2190,2200,2178,2195,28,1.292109,234000,OK
2025-07-31,6016,ジャパンエンジンコーポレーション,スタンダード（内国株式）,輸送用機器,7150,7820,7150,7600,530,7.496464,678200,OK
2025-07-31,6018,阪神内燃機工業,スタンダード（内国株式）,輸送用機器,3030,3185,3030,3165,145,4.801325,15800,OK
2025-07-31,6022,赤阪鐵工所,スタンダード（内国株式）,機械,2523,2678,2523,2549,26,1.030519,14900,OK
2025-07-31,6023,ダイハツインフィニアース,スタンダード（内国株式）,輸送用機器,2541,2741,2541,2639,398,17.759929,1449000,OK
2025-07-31,6026,ＧＭＯ　ＴＥＣＨ,グロース（内国株式）,サービス業,6680,6890,6610,6800,110,1.644245,4800,OK
2025-07-31,6027,弁護士ドットコム,グロース（内国株式）,サービス業,2990,3025,2976,3025,35,1.170569,63000,OK
2025-07-31,6028,テクノプロ・ホールディングス,プライム（内国株式）,サービス業,4775,4838,4744,4814,51,1.070754,679500,OK
2025-07-31,6029,アトラグループ,スタンダード（内国株式）,サービス業,192,192,188,190,1,0.529101,55800,OK
2025-07-31,6030,アドベンチャー,グロース（内国株式）,サービス業,3310,3350,3310,3350,40,1.208459,2300,OK
2025-07-31,6031,ＺＥＴＡ,グロース（内国株式）,サービス業,422,429,418,428,7,1.662708,135600,OK
2025-07-31,6033,エクストリーム,グロース（内国株式）,サービス業,1299,1299,1272,1290,10,0.78125,3700,OK
2025-07-31,6034,ＭＲＴ,グロース（内国株式）,サービス業,700,700,696,696,-4,-0.571429,200,OK
2025-07-31,6035,アイ・アールジャパンホールディングス,プライム（内国株式）,サービス業,741,755,739,752,11,1.48448,62100,OK
2025-07-31,6036,ＫｅｅＰｅｒ技研,プライム（内国株式）,サービス業,3270,3295,3245,3290,0,0,69200,OK
2025-07-31,6037,楽待,スタンダード（内国株式）,サービス業,1000,1004,993,1000,3,0.300903,60700,OK
2025-07-31,6038,イード,グロース（内国株式）,サービス業,890,893,887,890,5,0.564972,5500,OK
2025-07-31,6039,日本動物高度医療センター,グロース（内国株式）,サービス業,2700,2720,2696,2708,8,0.296296,1800,OK
2025-07-31,6040,日本スキー場開発,グロース（内国株式）,サービス業,504,510,500,510,10,2,119000,OK
2025-07-31,6042,ニッキ,スタンダード（内国株式）,輸送用機器,2840,2900,2801,2900,-40,-1.360544,4600,OK
2025-07-31,6044,三機サービス,スタンダード（内国株式）,サービス業,1515,1625,1498,1569,62,4.114134,46000,OK
2025-07-31,6045,レントラックス,グロース（内国株式）,サービス業,1287,1287,1269,1271,-5,-0.39185,19300,OK
2025-07-31,6046,リンクバル,グロース（内国株式）,サービス業,123,125,122,123,1,0.819672,59100,OK
2025-07-31,6047,Ｇｕｎｏｓｙ,プライム（内国株式）,サービス業,683,692,680,684,-3,-0.436681,153600,OK
2025-07-31,6048,デザインワン・ジャパン,スタンダード（内国株式）,サービス業,100,100,97,99,-1,-1,262700,OK
2025-07-31,6049,イトクロ,グロース（内国株式）,サービス業,297,299,296,298,3,1.016949,17600,OK
2025-07-31,6050,イー・ガーディアン,プライム（内国株式）,サービス業,2250,2250,2219,2231,6,0.269663,28800,OK
2025-07-31,6054,リブセンス,スタンダード（内国株式）,サービス業,147,147,145,146,-1,-0.680272,33500,OK
2025-07-31,6055,ジャパンマテリアル,プライム（内国株式）,サービス業,1383,1403,1383,1395,17,1.233672,287400,OK
2025-07-31,6058,ベクトル,プライム（内国株式）,サービス業,1101,1119,1094,1110,7,0.634633,175900,OK
2025-07-31,6059,ウチヤマホールディングス,スタンダード（内国株式）,サービス業,307,309,307,308,1,0.325733,17000,OK
2025-07-31,6060,こころネット,スタンダード（内国株式）,サービス業,1088,1088,1070,1075,-17,-1.556777,1000,OK
2025-07-31,6061,ユニバーサル園芸社,スタンダード（内国株式）,サービス業,5700,5700,5570,5610,-130,-2.264808,7700,OK
2025-07-31,6062,チャーム・ケア・コーポレーション,プライム（内国株式）,サービス業,1315,1330,1306,1330,18,1.371951,67300,OK
2025-07-31,6063,日本エマージェンシーアシスタンス,スタンダード（内国株式）,サービス業,952,960,942,942,-13,-1.361257,2600,OK
2025-07-31,6069,トレンダーズ,グロース（内国株式）,サービス業,908,908,896,900,-14,-1.531729,89000,OK
2025-07-31,6070,キャリアリンク,プライム（内国株式）,サービス業,2241,2260,2241,2254,13,0.580098,12900,OK
2025-07-31,6071,ＩＢＪ,プライム（内国株式）,サービス業,858,870,858,870,13,1.516919,154100,OK
2025-07-31,6072,地盤ネットホールディングス,グロース（内国株式）,サービス業,171,172,166,166,-8,-4.597701,1497200,OK
2025-07-31,6073,アサンテ,プライム（内国株式）,サービス業,1637,1643,1630,1643,19,1.169951,8200,OK
2025-07-31,6074,ジェイエスエス,スタンダード（内国株式）,サービス業,563,566,562,562,-1,-0.17762,1700,OK
2025-07-31,6078,バリューＨＲ,プライム（内国株式）,サービス業,1695,1708,1667,1679,-11,-0.650888,28200,OK
2025-07-31,6080,Ｍ＆Ａキャピタルパートナーズ,プライム（内国株式）,サービス業,2917,2992,2873,2974,-14,-0.468541,303400,OK
2025-07-31,6081,アライドアーキテクツ,グロース（内国株式）,サービス業,243,243,238,239,-4,-1.646091,211900,OK
2025-07-31,6082,ライドオンエクスプレスホールディングス,スタンダード（内国株式）,サービス業,996,998,996,997,1,0.100402,6100,OK
2025-07-31,6083,ＥＲＩホールディングス,スタンダード（内国株式）,サービス業,3100,3100,3040,3075,-20,-0.646204,10500,OK
2025-07-31,6085,アーキテクツ・スタジオ・ジャパン,グロース（内国株式）,サービス業,280,287,279,283,7,2.536232,54600,OK
2025-07-31,6086,シンメンテホールディングス,グロース（内国株式）,サービス業,1146,1162,1105,1129,-17,-1.483421,35000,OK
2025-07-31,6087,アビスト,スタンダード（内国株式）,サービス業,3345,3370,3345,3370,15,0.447094,1800,OK
2025-07-31,6088,シグマクシス・ホールディングス,プライム（内国株式）,サービス業,1195,1216,1188,1211,14,1.169591,441900,OK
2025-07-31,6089,ウィルグループ,プライム（内国株式）,サービス業,955,965,955,965,10,1.04712,11200,OK
2025-07-31,6090,ヒューマン・メタボローム・テクノロジーズ,スタンダード（内国株式）,サービス業,780,791,780,786,21,2.745098,19200,OK
2025-07-31,6091,ウエスコホールディングス,スタンダード（内国株式）,サービス業,680,687,677,685,-4,-0.580552,84600,OK
2025-07-31,6092,エンバイオ・ホールディングス,スタンダード（内国株式）,サービス業,649,650,646,650,2,0.308642,3300,OK
2025-07-31,6093,エスクロー・エージェント・ジャパン,スタンダード（内国株式）,サービス業,130,130,128,129,0,0,194100,OK
2025-07-31,6094,フリークアウト・ホールディングス,グロース（内国株式）,サービス業,511,532,511,530,20,3.921569,34300,OK
2025-07-31,6095,メドピア,プライム（内国株式）,サービス業,699,700,699,699,0,0,27800,OK
2025-07-31,6096,レアジョブ,スタンダード（内国株式）,サービス業,362,365,362,362,2,0.555556,3300,OK
2025-07-31,6098,リクルートホールディングス,プライム（内国株式）,サービス業,8950,9091,8905,9052,113,1.264124,3334800,OK
2025-07-31,6099,エラン,プライム（内国株式）,サービス業,857,873,855,858,3,0.350877,131300,OK
2025-07-31,6101,ツガミ,プライム（内国株式）,機械,2100,2136,2057,2087,-5,-0.239006,639200,OK
2025-07-31,6103,オークマ,プライム（内国株式）,機械,4100,4145,4085,4125,50,1.226994,235300,OK
2025-07-31,6104,芝浦機械,プライム（内国株式）,機械,3855,3910,3835,3895,85,2.230971,617700,OK
2025-07-31,6113,アマダ,プライム（内国株式）,機械,1697.5,1707.5,1690,1706.5,6.5,0.382353,1187700,OK
2025-07-31,6118,アイダエンジニアリング,プライム（内国株式）,機械,917,920,912,914,-1,-0.10929,123300,OK
2025-07-31,6125,岡本工作機械製作所,スタンダード（内国株式）,機械,4855,4975,4810,4910,85,1.761658,25500,OK
2025-07-31,6134,ＦＵＪＩ,プライム（内国株式）,機械,2836,2849,2823,2839.5,17.5,0.620128,315800,OK
2025-07-31,6135,牧野フライス製作所,プライム（内国株式）,機械,11490,11490,11460,11490,10,0.087108,52300,OK
2025-07-31,6136,オーエスジー,プライム（内国株式）,機械,1959.5,1969,1949,1956,8.5,0.436457,530300,OK
2025-07-31,6137,小池酸素工業,スタンダード（内国株式）,機械,1365,1410,1350,1390,26,1.906158,43600,OK
2025-07-31,6138,ダイジェット工業,スタンダード（内国株式）,機械,881,910,881,895,14,1.589103,3700,OK
2025-07-31,6140,旭ダイヤモンド工業,プライム（内国株式）,機械,737,749,737,748,11,1.492537,129700,OK
2025-07-31,6141,ＤＭＧ森精機,プライム（内国株式）,機械,3468,3532,3457,3489,26,0.750794,862500,OK
2025-07-31,6143,ソディック,プライム（内国株式）,機械,881,897,881,891,14,1.596351,271100,OK
2025-07-31,6144,西部電機,スタンダード（内国株式）,機械,1950,2050,1948,2040,90,4.615385,20200,OK
2025-07-31,6145,ＮＩＴＴＯＫＵ,スタンダード（内国株式）,機械,2032,2045,2023,2039,13,0.641658,16100,OK
2025-07-31,6146,ディスコ,プライム（内国株式）,機械,43020,45700,42900,45550,3030,7.126058,6113000,OK
2025-07-31,6147,ヤマザキ,スタンダード（内国株式）,機械,325,326,324,326,3,0.928793,2800,OK
2025-07-31,6149,小田原エンジニアリング,スタンダード（内国株式）,機械,1981,2002,1981,2002,13,0.653595,7300,OK
2025-07-31,6150,タケダ機械,スタンダード（内国株式）,機械,2895,2895,2895,2895,0,0,100,OK
2025-07-31,6151,日東工器,プライム（内国株式）,機械,1852,1925,1852,1925,99,5.421687,23900,OK
2025-07-31,6155,高松機械工業,スタンダード（内国株式）,機械,500,500,486,492,-8,-1.6,5400,OK
2025-07-31,6156,エーワン精密,スタンダード（内国株式）,機械,1708,1710,1704,1705,2,0.11744,9100,OK
2025-07-31,6157,日進工具,プライム（内国株式）,機械,775,777,772,777,3,0.387597,21100,OK
2025-07-31,6158,和井田製作所,スタンダード（内国株式）,機械,880,887,869,887,7,0.795455,5500,OK
2025-07-31,6159,ミクロン精密,スタンダード（内国株式）,機械,1499,1499,1499,1499,-11,-0.728477,100,OK
2025-07-31,6161,エスティック,スタンダード（内国株式）,機械,993,995,986,993,6,0.607903,4200,OK
2025-07-31,6165,パンチ工業,スタンダード（内国株式）,機械,401,403,400,402,1,0.249377,12900,OK
2025-07-31,6166,中村超硬,グロース（内国株式）,機械,348,354,343,345,0,0,30800,OK
2025-07-31,6167,冨士ダイス,プライム（内国株式）,機械,751,769,751,765,15,2,18200,OK
2025-07-31,6168,ＯＮＥ　ＧＲＯＵＰ,TOKYO PRO MARKET（内国株式）,機械,,,,,,,,NO_QUOTE
2025-07-31,6171,土木管理総合試験所,スタンダード（内国株式）,サービス業,439,439,430,436,2,0.460829,214400,OK
2025-07-31,6173,アクアライン,グロース（内国株式）,サービス業,306,306,297,300,0,0,7100,OK
2025-07-31,6174,デンタス,TOKYO PRO MARKET（内国株式）,サービス業,,,,,,,,NO_QUOTE
2025-07-31,6176,ブランジスタ,グロース（内国株式）,サービス業,783,791,772,776,-12,-1.522843,36100,OK
2025-07-31,6177,ＡｐｐＢａｎｋ,グロース（内国株式）,サービス業,107,108,105,108,1,0.934579,712700,OK
2025-07-31,6178,日本郵政,プライム（内国株式）,サービス業,1380,1406,1375.5,1402.5,25.5,1.851852,6355600,OK
2025-07-31,6180,ＧＭＯメディア,グロース（内国株式）,サービス業,4900,4925,4880,4925,5,0.101626,700,OK
2025-07-31,6181,タメニー,グロース（内国株式）,サービス業,133,135,133,135,2,1.503759,5000,OK
2025-07-31,6182,メタリアル,グロース（内国株式）,サービス業,614,625,612,623,11,1.797386,63700,OK
2025-07-31,6183,ベルシステム２４ホールディングス,プライム（内国株式）,サービス業,1341,1360,1332,1358,18,1.343284,242600,OK
2025-07-31,6184,鎌倉新書,プライム（内国株式）,サービス業,550,560,546,559,8,1.451906,106400,OK
2025-07-31,6185,ＳＭＮ,スタンダード（内国株式）,サービス業,430,441,430,440,9,2.088167,55500,OK
2025-07-31,6186,一蔵,スタンダード（内国株式）,サービス業,393,393,391,391,-3,-0.761421,800,OK
2025-07-31,6189,グローバルキッズＣＯＭＰＡＮＹ,スタンダード（内国株式）,サービス業,702,708,699,706,11,1.582734,31800,OK
2025-07-31,6190,フェニックスバイオ,グロース（内国株式）,サービス業,406,414,402,408,1,0.2457,9700,OK
2025-07-31,6191,エアトリ,プライム（内国株式）,サービス業,923,926,911,922,3,0.326442,123300,OK
2025-07-31,6193,バーチャレクス・ホールディングス,グロース（内国株式）,サービス業,,,,,,,,NO_QUOTE
2025-07-31,6194,アトラエ,プライム（内国株式）,サービス業,764,772,760,771,7,0.91623,53100,OK
2025-07-31,6195,ホープ,グロース（内国株式）,サービス業,220,220,217,218,-2,-0.909091,23900,OK
2025-07-31,6196,ストライク,プライム（内国株式）,サービス業,3715,3970,3715,3960,105,2.723735,277600,OK
2025-07-31,6197,ソラスト,プライム（内国株式）,サービス業,426,431,423,430,4,0.938967,334100,OK
2025-07-31,6198,キャリア,グロース（内国株式）,サービス業,301,310,294,309,8,2.657807,17300,OK
2025-07-31,6199,セラク,スタンダード（内国株式）,サービス業,1574,1659,1574,1652,65,4.095778,68100,OK
2025-07-31,6200,インソース,プライム（内国株式）,サービス業,914,925,914,923,3,0.326087,297800,OK
2025-07-31,6201,豊田自動織機,プライム（内国株式）,輸送用機器,16315,16320,16270,16275,-45,-0.275735,496000,OK
2025-07-31,6203,豊和工業,スタンダード（内国株式）,機械,1052,1070,1039,1047,1,0.095602,168300,OK
2025-07-31,6208,石川製作所,スタンダード（内国株式）,機械,1514,1555,1503,1530,16,1.056803,118100,OK
2025-07-31,6209,リケンＮＰＲ,プライム（内国株式）,機械,2517,2558,2517,2549,28,1.11067,80100,OK
2025-07-31,6210,ＴＯＹＯイノベックス,スタンダード（内国株式）,機械,644,649,643,644,-3,-0.463679,24900,OK
2025-07-31,6217,津田駒工業,スタンダード（内国株式）,機械,353,358,353,354,1,0.283286,3400,OK
2025-07-31,6218,エンシュウ,スタンダード（内国株式）,機械,436,438,431,432,-2,-0.460829,11800,OK
2025-07-31,6222,島精機製作所,プライム（内国株式）,機械,1054,1065,1046,1064,15,1.429933,172600,OK
2025-07-31,6223,西部技研,スタンダード（内国株式）,機械,1611,1617,1604,1616,14,0.873908,17300,OK
2025-07-31,6224,ＪＲＣ,グロース（内国株式）,機械,1445,1449,1365,1370,-75,-5.190311,228500,OK
2025-07-31,6226,守谷輸送機工業,スタンダード（内国株式）,機械,4100,4180,4070,4165,90,2.208589,53300,OK
2025-07-31,6227,ＡＩメカテック,スタンダード（内国株式）,機械,3395,3410,3345,3385,20,0.594354,44400,OK
2025-07-31,6228,ジェイ・イー・ティ,スタンダード（内国株式）,機械,723,723,712,715,2,0.280505,26500,OK
2025-07-31,6229,オーケーエム,スタンダード（内国株式）,機械,1268,1280,1265,1280,26,2.073365,2500,OK
2025-07-31,6230,ＳＡＮＥＩ,スタンダード（内国株式）,機械,2011,2017,2010,2010,-1,-0.049727,4600,OK
2025-07-31,6231,木村工機,スタンダード（内国株式）,機械,9500,9720,9500,9690,110,1.148225,1400,OK
2025-07-31,6232,ＡＣＳＬ,グロース（内国株式）,機械,1293,1293,1255,1267,-7,-0.549451,345700,OK
2025-07-31,6233,ＫＬＡＳＳ,スタンダード（内国株式）,機械,445,445,441,445,1,0.225225,4500,OK
2025-07-31,6235,オプトラン,プライム（内国株式）,機械,1621,1660,1617,1635,14,0.863664,255700,OK
2025-07-31,6237,イワキ,プライム（内国株式）,機械,2645,2669,2619,2648,9,0.341038,9700,OK
2025-07-31,6238,フリュー,プライム（内国株式）,機械,1057,1063,1052,1058,-1,-0.094429,57900,OK
2025-07-31,6239,ナガオカ,スタンダード（内国株式）,機械,1415,1421,1392,1395,-31,-2.173913,6600,OK
2025-07-31,6240,ヤマシンフィルタ,プライム（内国株式）,機械,636,646,633,643,3,0.46875,295400,OK
2025-07-31,6245,ヒラノテクシード,スタンダード（内国株式）,機械,1535,1557,1529,1557,28,1.831262,28800,OK
2025-07-31,6246,テクノスマート,スタンダード（内国株式）,機械,1683,1706,1683,1691,8,0.475342,2800,OK
2025-07-31,6247,日阪製作所,プライム（内国株式）,機械,1445,1462,1445,1459,16,1.108801,51900,OK
2025-07-31,6248,横田製作所,スタンダード（内国株式）,機械,1565,1565,1550,1550,0,0,200,OK
2025-07-31,6249,ゲームカード・ジョイコホールディングス,スタンダード（内国株式）,機械,2487,2527,2461,2526,39,1.568154,36700,OK
2025-07-31,6250,やまびこ,プライム（内国株式）,機械,2209,2234,2201,2216,7,0.316885,71500,OK
2025-07-31,6254,野村マイクロ・サイエンス,プライム（内国株式）,機械,2760,2823,2744,2774,22,0.799419,1191000,OK
2025-07-31,6255,エヌ・ピー・シー,グロース（内国株式）,機械,639,639,631,633,-12,-1.860465,331200,OK
2025-07-31,6257,藤商事,スタンダード（内国株式）,機械,1061,1063,1057,1061,0,0,15300,OK
2025-07-31,6258,平田機工,プライム（内国株式）,機械,2145,2173,2140,2147,24,1.130476,119100,OK
2025-07-31,6262,ＰＥＧＡＳＵＳ,スタンダード（内国株式）,機械,626,627,569,575,-51,-8.146965,203500,OK
2025-07-31,6264,マルマエ,プライム（内国株式）,機械,1590,1622,1567,1610,36,2.287166,221200,OK
2025-07-31,6265,コンバム,スタンダード（内国株式）,機械,2234,2398,2234,2398,164,7.341092,3300,OK
2025-07-31,6266,タツモ,プライム（内国株式）,機械,2192,2295,2192,2256,79,3.628847,249300,OK
2025-07-31,6267,ゼネラルパッカー,スタンダード（内国株式）,機械,2900,2920,2900,2909,-111,-3.675497,8300,OK
2025-07-31,6268,ナブテスコ,プライム（内国株式）,機械,2794,2834.5,2791.5,2800.5,-19,-0.673878,723900,OK
2025-07-31,6269,三井海洋開発,プライム（内国株式）,機械,6340,6490,6290,6450,250,4.032258,611900,OK
2025-07-31,6272,レオン自動機,プライム（内国株式）,機械,1375,1387,1373,1383,6,0.43573,73700,OK
2025-07-31,6273,ＳＭＣ,プライム（内国株式）,機械,52500,53050,52450,52700,-200,-0.378072,208200,OK
2025-07-31,6276,シリウスビジョン,スタンダード（内国株式）,電気機器,291,291,288,288,-2,-0.689655,7200,OK
2025-07-31,6277,ホソカワミクロン,プライム（内国株式）,機械,5280,5470,5280,5410,130,2.462121,38300,OK
2025-07-31,6278,ユニオンツール,プライム（内国株式）,機械,6120,6350,6110,6320,250,4.118616,192400,OK
2025-07-31,6279,瑞光,プライム（内国株式）,機械,999,1020,985,1007,7,0.7,102300,OK
2025-07-31,6282,オイレス工業,プライム（内国株式）,機械,2142,2166,2141,2153,11,0.513539,34400,OK
2025-07-31,6284,日精エー・エス・ビー機械,プライム（内国株式）,機械,6530,6590,6510,6540,30,0.460829,16300,OK
2025-07-31,6286,靜甲,スタンダード（内国株式）,機械,902,910,896,910,1,0.110011,2700,OK
2025-07-31,6287,サトー,プライム（内国株式）,機械,2142,2156,2116,2142,0,0,106700,OK
2025-07-31,6289,技研製作所,プライム（内国株式）,機械,1424,1448,1424,1442,16,1.12202,42000,OK
2025-07-31,6291,日本エアーテック,スタンダード（内国株式）,機械,1075,1092,1075,1090,15,1.395349,23500,OK
2025-07-31,6292,カワタ,スタンダード（内国株式）,機械,751,900,751,841,89,11.835106,730700,OK
2025-07-31,6293,日精樹脂工業,プライム（内国株式）,機械,897,900,886,891,-6,-0.668896,16900,OK
2025-07-31,6294,オカダアイヨン,プライム（内国株式）,機械,1930,1936,1924,1929,1,0.051867,7100,OK
2025-07-31,6297,鉱研工業,スタンダード（内国株式）,機械,759,761,759,759,0,0,28900,OK
2025-07-31,6298,ワイエイシイホールディングス,プライム（内国株式）,機械,814,822,809,814,0,0,89100,OK
2025-07-31,6301,小松製作所,プライム（内国株式）,機械,4818,4905,4803,4865,74,1.544563,5014500,OK
2025-07-31,6302,住友重機械工業,プライム（内国株式）,機械,3323,3383,3305,3366,45,1.355014,594300,OK
2025-07-31,6305,日立建機,プライム（内国株式）,機械,4335,4429,4310,4390,-27,-0.611275,1766900,OK
2025-07-31,6306,日工,プライム（内国株式）,機械,754,757,752,757,7,0.933333,30300,OK
2025-07-31,6307,サンセイ,スタンダード（内国株式）,機械,400,402,398,402,2,0.5,11900,OK
2025-07-31,6309,巴工業,プライム（内国株式）,機械,1568,1595,1568,1594,28,1.787995,47400,OK
2025-07-31,6310,井関農機,プライム（内国株式）,機械,1402,1419,1394,1405,3,0.21398,114000,OK
2025-07-31,6312,フロイント産業,スタンダード（内国株式）,機械,1121,1123,1102,1102,-18,-1.607143,122800,OK
2025-07-31,6315,ＴＯＷＡ,プライム（内国株式）,機械,1843,1927,1843,1904,69,3.760218,3838000,OK
2025-07-31,6316,丸山製作所,スタンダード（内国株式）,機械,2080,2080,2077,2077,-3,-0.144231,1000,OK
2025-07-31,6317,北川鉄工所,スタンダード（内国株式）,機械,1412,1428,1412,1425,16,1.135557,13500,OK
2025-07-31,6322,タクミナ,スタンダード（内国株式）,機械,1580,1589,1579,1580,0,0,1400,OK
2025-07-31,6323,ローツェ,プライム（内国株式）,機械,1967.5,2064,1961.5,2064,118.5,6.090979,2021600,OK
2025-07-31,6324,ハーモニック・ドライブ・システムズ,スタンダード（内国株式）,機械,2815,2906,2784,2906,54,1.893408,979000,OK
2025-07-31,6325,タカキタ,スタンダード（内国株式）,機械,385,386,383,383,0,0,16200,OK
2025-07-31,6326,クボタ,プライム（内国株式）,機械,1676,1694.5,1670.5,1689.5,17,1.016442,3372100,OK
2025-07-31,6327,北川精機,スタンダード（内国株式）,機械,646,646,642,642,-5,-0.772798,5100,OK
2025-07-31,6328,荏原実業,プライム（内国株式）,機械,3925,3930,3865,3905,-5,-0.127877,27300,OK
2025-07-31,6330,東洋エンジニアリング,プライム（内国株式）,建設業,1250,1383,1239,1368,126,10.144928,4197900,OK
2025-07-31,6331,三菱化工機,プライム（内国株式）,機械,2215,2253,2199,2238,39,1.773533,481800,OK
2025-07-31,6332,月島ホールディングス,プライム（内国株式）,機械,2259,2305,2257,2300,43,1.905184,117100,OK
2025-07-31,6333,帝国電機製作所,プライム（内国株式）,機械,3310,3390,3310,3380,100,3.04878,20700,OK
2025-07-31,6334,明治機械,スタンダード（内国株式）,機械,296,299,293,296,0,0,4900,OK
2025-07-31,6335,東京機械製作所,スタンダード（内国株式）,機械,382,385,382,382,-2,-0.520833,300,OK
2025-07-31,6336,石井表記,スタンダード（内国株式）,機械,665,670,665,670,6,0.903614,2800,OK
2025-07-31,6337,テセック,スタンダード（内国株式）,機械,1730,1731,1710,1714,-11,-0.637681,7000,OK
2025-07-31,6338,タカトリ,スタンダード（内国株式）,機械,1520,1550,1518,1539,20,1.316656,19700,OK
2025-07-31,6339,新東工業,プライム（内国株式）,機械,905,914,905,910,9,0.99889,104900,OK
2025-07-31,6340,澁谷工業,プライム（内国株式）,機械,3555,3640,3555,3640,95,2.679831,31000,OK
2025-07-31,6342,太平製作所,スタンダード（内国株式）,機械,2801,2801,2740,2753,-21,-0.75703,1300,OK
2025-07-31,6343,フリージア・マクロス,スタンダード（内国株式）,機械,105,105,103,104,-1,-0.952381,60700,OK
2025-07-31,6345,アイチ　コーポレーション,プライム（内国株式）,機械,1285,1330,1282,1293,-70,-5.13573,462700,OK
2025-07-31,6346,キクカワエンタープライズ,スタンダード（内国株式）,機械,5820,5920,5820,5920,100,1.718213,500,OK
2025-07-31,6347,プラコー,スタンダード（内国株式）,機械,205,207,202,203,1,0.49505,128600,OK
2025-07-31,6349,小森コーポレーション,プライム（内国株式）,機械,1423,1464,1416,1456,46,3.262411,303800,OK
2025-07-31,6351,鶴見製作所,プライム（内国株式）,機械,3825,3950,3825,3925,80,2.080624,18300,OK
2025-07-31,6356,日本ギア工業,スタンダード（内国株式）,機械,604,652,571,629,19,3.114754,400100,OK
2025-07-31,6357,三精テクノロジーズ,スタンダード（内国株式）,機械,1744,1784,1736,1770,28,1.607348,76100,OK
2025-07-31,6358,酒井重工業,プライム（内国株式）,機械,2099,2111,2071,2103,28,1.349398,12100,OK
2025-07-31,6360,東京自働機械製作所,スタンダード（内国株式）,機械,3035,3035,3035,3035,5,0.165017,300,OK
2025-07-31,6361,荏原製作所,プライム（内国株式）,機械,2796,2842.5,2793,2800,7,0.250627,2636900,OK
2025-07-31,6363,酉島製作所,プライム（内国株式）,機械,2172,2192,2161,2183,19,0.878004,75600,OK
2025-07-31,6364,ＡＩＲＭＡＮ,プライム（内国株式）,機械,2040,2091,2032,2064,24,1.176471,39400,OK
2025-07-31,6365,電業社機械製作所,スタンダード（内国株式）,機械,4660,4665,4660,4660,0,0,300,OK
2025-07-31,6366,千代田化工建設,スタンダード（内国株式）,建設業,359,364,359,361,2,0.557103,1013300,OK
2025-07-31,6367,ダイキン工業,プライム（内国株式）,機械,18835,18855,18515,18625,-225,-1.193634,1114600,OK
2025-07-31,6368,オルガノ,プライム（内国株式）,機械,9200,9510,9200,9440,210,2.27519,162400,OK
2025-07-31,6369,トーヨーカネツ,プライム（内国株式）,機械,4065,4085,4025,4085,40,0.988875,43200,OK
2025-07-31,6370,栗田工業,プライム（内国株式）,機械,5830,5872,5800,5860,58,0.999655,265600,OK
2025-07-31,6371,椿本チエイン,プライム（内国株式）,機械,2127,2141,2071,2128,15,0.709891,650400,OK
2025-07-31,6373,大同工業,スタンダード（内国株式）,機械,1295,1318,1295,1311,5,0.382848,39900,OK
2025-07-31,6376,日機装,プライム（内国株式）,精密機器,1340,1365,1340,1355,31,2.34139,260800,OK
2025-07-31,6378,木村化工機,スタンダード（内国株式）,機械,1028,1032,1014,1023,3,0.294118,87500,OK
2025-07-31,6379,レイズネクスト,プライム（内国株式）,建設業,1858,1877,1858,1869,15,0.809061,35400,OK
2025-07-31,6380,オリエンタルチエン工業,スタンダード（内国株式）,機械,1810,1875,1810,1810,-20,-1.092896,700,OK
2025-07-31,6381,アネスト岩田,プライム（内国株式）,機械,1564,1584,1555,1572,8,0.511509,51300,OK
2025-07-31,6382,トリニティ工業,スタンダード（内国株式）,機械,1084,1144,1078,1144,66,6.122449,37800,OK
2025-07-31,6383,ダイフク,プライム（内国株式）,機械,3820,3878,3818,3876,62,1.62559,921300,OK
2025-07-31,6384,昭和真空,スタンダード（内国株式）,機械,1357,1379,1357,1379,15,1.099707,1800,OK
2025-07-31,6387,サムコ,プライム（内国株式）,機械,2850,2876,2848,2863,13,0.45614,28100,OK
2025-07-31,6390,加藤製作所,プライム（内国株式）,機械,1360,1360,1352,1360,5,0.369004,42600,OK
2025-07-31,6391,加地テック,スタンダード（内国株式）,機械,3600,3660,3570,3630,30,0.833333,3000,OK
2025-07-31,6392,ヤマダコーポレーション,スタンダード（内国株式）,機械,,,,,,,,NO_QUOTE
2025-07-31,6393,油研工業,スタンダード（内国株式）,機械,2913,2925,2892,2918,18,0.62069,3800,OK
2025-07-31,6395,タダノ,プライム（内国株式）,機械,1093,1104,1085.5,1097,2,0.182648,353200,OK
2025-07-31,6396,宇野澤組鐵工所,スタンダード（内国株式）,機械,2978,2978,2978,2978,-8,-0.267917,300,OK
2025-07-31,6400,不二精機,スタンダード（内国株式）,機械,281,282,280,280,-1,-0.355872,15000,OK
2025-07-31,6402,兼松エンジニアリング,スタンダード（内国株式）,機械,1207,1207,1205,1207,-2,-0.165426,800,OK
2025-07-31,6403,水道機工,スタンダード（内国株式）,機械,2647,2698,2630,2631,-11,-0.416351,10100,OK
2025-07-31,6405,鈴茂器工,スタンダード（内国株式）,機械,1769,1794,1760,1790,21,1.187111,31300,OK
2025-07-31,6406,フジテック,プライム（内国株式）,機械,5614,5624,5609,5614,-1,-0.017809,887300,OK
2025-07-31,6407,ＣＫＤ,プライム（内国株式）,機械,2716,2744,2712,2735,24,0.885282,180800,OK
2025-07-31,6408,小倉クラッチ,スタンダード（内国株式）,機械,,,,,,,,NO_QUOTE
2025-07-31,6411,中野冷機,スタンダード（内国株式）,機械,7860,7870,7860,7860,0,0,600,OK
2025-07-31,6412,平和,プライム（内国株式）,機械,2088,2098,2082,2091,12,0.577201,233900,OK
2025-07-31,6413,理想科学工業,プライム（内国株式）,機械,1177,1180,1164,1169,-3,-0.255973,43100,OK
2025-07-31,6416,桂川電機,スタンダード（内国株式）,機械,716,733,700,720,13,1.838755,9800,OK
2025-07-31,6417,ＳＡＮＫＹＯ,プライム（内国株式）,機械,2790.5,2833.5,2779,2821,34,1.21995,829600,OK
2025-07-31,6418,日本金銭機械,プライム（内国株式）,機械,954,959,953,956,5,0.525762,85700,OK
2025-07-31,6419,マースグループホールディングス,プライム（内国株式）,機械,2908,3005,2908,2977,79,2.726018,225200,OK
2025-07-31,6420,ガリレイ,プライム（内国株式）,機械,3325,3375,3295,3320,65,1.996928,104500,OK
2025-07-31,6424,高見沢サイバネティックス,スタンダード（内国株式）,機械,991,998,991,991,0,0,600,OK
2025-07-31,6425,ユニバーサルエンターテインメント,スタンダード（内国株式）,機械,984,1013,979,1013,33,3.367347,341600,OK
2025-07-31,6428,オーイズミ,スタンダード（内国株式）,機械,319,322,319,321,-1,-0.310559,17600,OK
2025-07-31,6430,ダイコク電機,プライム（内国株式）,機械,2200,2238,2199,2228,32,1.457195,56800,OK
2025-07-31,6432,竹内製作所,プライム（内国株式）,機械,5370,5440,5360,5420,100,1.879699,567500,OK
2025-07-31,6433,ヒーハイスト,スタンダード（内国株式）,機械,448,448,443,445,2,0.451467,12200,OK
2025-07-31,6436,アマノ,プライム（内国株式）,機械,4188,4240,4182,4223,22,0.523685,195500,OK
2025-07-31,6440,ＪＵＫＩ,プライム（内国株式）,機械,398,401,394,400,2,0.502513,48300,OK
2025-07-31,6444,サンデン,スタンダード（内国株式）,機械,115,134,115,129,13,11.206897,1043300,OK
2025-07-31,6445,ジャノメ,プライム（内国株式）,機械,1128,1151,1128,1150,19,1.679929,29200,OK
2025-07-31,6448,ブラザー工業,プライム（内国株式）,電気機器,2543,2577.5,2537.5,2577.5,34.5,1.356665,1554000,OK
2025-07-31,6454,マックス,プライム（内国株式）,機械,5070,5070,4995,5060,20,0.396825,75900,OK
2025-07-31,6455,モリタホールディングス,プライム（内国株式）,輸送用機器,2323,2334,2304,2304,-19,-0.817908,97200,OK
2025-07-31,6457,グローリー,プライム（内国株式）,機械,3829,3890,3780,3887,55,1.435282,789000,OK
2025-07-31,6458,新晃工業,プライム（内国株式）,機械,1295,1298,1287,1292,9,0.701481,126400,OK
2025-07-31,6459,大和冷機工業,プライム（内国株式）,機械,1684,1700,1672,1675,-1,-0.059666,19300,OK
2025-07-31,6460,セガサミーホールディングス,プライム（内国株式）,機械,3067,3121,3046,3105,24,0.778968,781500,OK
2025-07-31,6463,ＴＰＲ,プライム（内国株式）,機械,2113,2128,2109,2121,8,0.378609,70900,OK
2025-07-31,6464,ツバキ・ナカシマ,プライム（内国株式）,機械,355,356,349,351,-4,-1.126761,156400,OK
2025-07-31,6465,ホシザキ,プライム（内国株式）,機械,5186,5200,5135,5193,35,0.678558,465600,OK
2025-07-31,6466,ＴＶＥ,スタンダード（内国株式）,機械,2368,2412,2368,2410,-8,-0.330852,1300,OK
2025-07-31,6467,ニチダイ,スタンダード（内国株式）,機械,362,365,361,364,4,1.111111,4900,OK
2025-07-31,6469,放電精密加工研究所,スタンダード（内国株式）,機械,1569,1662,1548,1651,97,6.241956,176100,OK
2025-07-31,6470,大豊工業,スタンダード（内国株式）,機械,632,641,630,635,3,0.474684,120000,OK
2025-07-31,6471,日本精工,プライム（内国株式）,機械,720,725.6,718,725.5,4.2,0.582282,2626600,OK
2025-07-31,6472,ＮＴＮ,プライム（内国株式）,機械,256.7,259.2,256,258,1.4,0.545596,3300300,OK
2025-07-31,6473,ジェイテクト,プライム（内国株式）,機械,1265.5,1380,1253,1310.5,33,2.58317,2426700,OK
2025-07-31,6474,不二越,プライム（内国株式）,機械,3280,3295,3220,3235,-20,-0.614439,62500,OK
2025-07-31,6479,ミネベアミツミ,プライム（内国株式）,電気機器,2376.5,2424,2360.5,2397,44.5,1.891605,1610800,OK
2025-07-31,6480,日本トムソン,プライム（内国株式）,機械,598,606,598,603,9,1.515152,117400,OK
2025-07-31,6481,ＴＨＫ,プライム（内国株式）,機械,4234,4289,4222,4268,83,1.983274,666700,OK
2025-07-31,6482,ＹＵＳＨＩＮ,スタンダード（内国株式）,機械,625,630,625,630,5,0.8,14100,OK
2025-07-31,6484,ＫＶＫ,スタンダード（内国株式）,機械,1949,1969,1949,1969,20,1.026167,600,OK
2025-07-31,6485,前澤給装工業,スタンダード（内国株式）,機械,1247,1264,1247,1264,26,2.100162,21700,OK
2025-07-31,6486,イーグル工業,プライム（内国株式）,機械,2445,2448,2411,2421,-38,-1.545344,193200,OK
2025-07-31,6488,ヨシタケ,スタンダード（内国株式）,機械,768,818,768,818,55,7.208388,25100,OK
2025-07-31,6489,前澤工業,スタンダード（内国株式）,機械,1737,1756,1723,1748,22,1.274623,66500,OK
2025-07-31,6490,ＰＩＬＬＡＲ,プライム（内国株式）,機械,3875,3935,3875,3910,20,0.514139,73600,OK
2025-07-31,6492,岡野バルブ製造,スタンダード（内国株式）,機械,7770,7790,7660,7720,60,0.78329,4000,OK
2025-07-31,6493,ＮＩＴＴＡＮ,スタンダード（内国株式）,輸送用機器,410,413,406,413,0,0,196900,OK
2025-07-31,6494,ＮＦＫホールディングス,スタンダード（内国株式）,機械,101,101,99,101,1,1,124600,OK
2025-07-31,6495,宮入バルブ製作所,スタンダード（内国株式）,機械,116,116,114,114,-1,-0.869565,26200,OK
2025-07-31,6496,中北製作所,スタンダード（内国株式）,機械,4980,5170,4980,5120,180,3.643725,13100,OK
2025-07-31,6497,ハマイ,スタンダード（内国株式）,機械,1131,1139,1125,1125,-8,-0.70609,2200,OK
2025-07-31,6498,キッツ,プライム（内国株式）,機械,1244,1272,1243,1272,37,2.995951,348800,OK
2025-07-31,6501,日立製作所,プライム（内国株式）,電気機器,4661,4697,4605,4697,106,2.308865,11446800,OK
2025-07-31,6503,三菱電機,プライム（内国株式）,電気機器,3266,3342,3265,3342,73,2.233099,5295300,OK
2025-07-31,6504,富士電機,プライム（内国株式）,電気機器,7638,7658,7361,7577,-51,-0.668589,1133600,OK
2025-07-31,6505,東洋電機製造,スタンダード（内国株式）,電気機器,1926,1951,1925,1945,19,0.986501,58600,OK
2025-07-31,6506,安川電機,プライム（内国株式）,電気機器,3168,3228,3165,3182,-2,-0.062814,2056500,OK
2025-07-31,6507,シンフォニアテクノロジー,プライム（内国株式）,電気機器,9590,9790,9470,9610,100,1.051525,321900,OK
2025-07-31,6508,明電舎,プライム（内国株式）,電気機器,5700,5850,5680,5740,140,2.5,261500,OK
2025-07-31,6513,オリジン,スタンダード（内国株式）,電気機器,1056,1083,1056,1083,23,2.169811,9800,OK
2025-07-31,6516,山洋電気,プライム（内国株式）,電気機器,9040,9410,9020,9400,260,2.844639,105700,OK
2025-07-31,6517,デンヨー,プライム（内国株式）,電気機器,2962,3035,2962,3015,53,1.789332,21900,OK
2025-07-31,6518,三相電機,スタンダード（内国株式）,電気機器,832,836,831,836,6,0.722892,400,OK
2025-07-31,6521,オキサイド,グロース（内国株式）,電気機器,1837,1913,1836,1866,65,3.609106,172600,OK
2025-07-31,6522,アスタリスク,グロース（内国株式）,電気機器,436,438,433,433,-3,-0.688073,15700,OK
2025-07-31,6523,ＰＨＣホールディングス,プライム（内国株式）,電気機器,933,946,924,930,6,0.649351,303800,OK
2025-07-31,6524,湖北工業,スタンダード（内国株式）,電気機器,2530,2673,2520,2647,67,2.596899,297900,OK
2025-07-31,6525,ＫＯＫＵＳＡＩ　ＥＬＥＣＴＲＩＣ,プライム（内国株式）,電気機器,3335,3409,3310,3409,100,3.022061,2084500,OK
2025-07-31,6526,ソシオネクスト,プライム（内国株式）,電気機器,2892,2946.5,2876,2905,55,1.929825,15520900,OK
2025-07-31,6527,ワカ製作所,TOKYO PRO MARKET（内国株式）,電気機器,,,,,,,,NO_QUOTE
2025-07-31,6532,ベイカレント,プライム（内国株式）,サービス業,8620,8771,8518,8676,110,1.284147,869700,OK
2025-07-31,6533,Ｏｒｃｈｅｓｔｒａ　Ｈｏｌｄｉｎｇｓ,プライム（内国株式）,サービス業,707,718,707,718,7,0.984529,5000,OK
2025-07-31,6535,アイモバイル,プライム（内国株式）,サービス業,617,620,611,618,5,0.815661,426300,OK
2025-07-31,6537,ＷＡＳＨハウス,グロース（内国株式）,サービス業,486,486,474,476,-6,-1.244813,60300,OK
2025-07-31,6538,ディスラプターズ,スタンダード（内国株式）,サービス業,209,209,206,207,-1,-0.480769,12500,OK
2025-07-31,6539,ＭＳ−Ｊａｐａｎ,プライム（内国株式）,サービス業,961,964,958,962,4,0.417537,31600,OK
2025-07-31,6540,船場,スタンダード（内国株式）,サービス業,1824,1835,1804,1815,4,0.220872,16500,OK
2025-07-31,6542,ＦＣホールディングス,スタンダード（内国株式）,サービス業,1155,1170,1155,1169,14,1.212121,1900,OK
2025-07-31,6543,日宣,スタンダード（内国株式）,サービス業,1281,1301,1268,1268,-11,-0.860047,14500,OK
2025-07-31,6544,ジャパンエレベーターサービスホールディングス,プライム（内国株式）,サービス業,4045,4125,4035,4065,35,0.868486,301900,OK
2025-07-31,6545,インターネットインフィニティー,グロース（内国株式）,サービス業,697,698,694,694,-4,-0.573066,3600,OK
2025-07-31,6546,フルテック,スタンダード（内国株式）,サービス業,1132,1144,1132,1134,2,0.176678,700,OK
2025-07-31,6547,グリーンズ,スタンダード（内国株式）,サービス業,2035,2070,2035,2064,34,1.674877,44300,OK
2025-07-31,6548,旅工房,グロース（内国株式）,サービス業,164,165,163,165,1,0.609756,7000,OK
2025-07-31,6549,ディーエムソリューションズ,スタンダード（内国株式）,サービス業,1569,1569,1569,1569,-6,-0.380952,100,OK
2025-07-31,6551,ツナググループ・ホールディングス,スタンダード（内国株式）,サービス業,683,686,674,677,-9,-1.311953,12900,OK
2025-07-31,6552,ＧａｍｅＷｉｔｈ,スタンダード（内国株式）,サービス業,210,210,208,210,1,0.478469,15700,OK
2025-07-31,6554,エスユーエス,グロース（内国株式）,サービス業,1184,1189,1170,1189,10,0.848176,18600,OK
2025-07-31,6555,ＭＳ＆Ｃｏｎｓｕｌｔｉｎｇ,スタンダード（内国株式）,サービス業,406,407,404,406,-5,-1.216545,800,OK
2025-07-31,6557,ＡＩＡＩグループ,グロース（内国株式）,サービス業,1368,1398,1355,1379,18,1.322557,24200,OK
2025-07-31,6558,クックビズ,グロース（内国株式）,サービス業,620,628,618,623,3,0.483871,7000,OK
2025-07-31,6560,エル・ティー・エス,プライム（内国株式）,サービス業,2267,2293,2259,2261,-10,-0.440335,9500,OK
2025-07-31,6561,ＨＡＮＡＴＯＵＲ　ＪＡＰＡＮ,グロース（内国株式）,サービス業,1130,1140,1101,1112,-2,-0.179533,9200,OK
2025-07-31,6562,ジーニー,グロース（内国株式）,サービス業,1506,1528,1504,1528,17,1.125083,39700,OK
2025-07-31,6563,みらいワークス,グロース（内国株式）,サービス業,640,642,632,632,-8,-1.25,12900,OK
2025-07-31,6564,ミダックホールディングス,プライム（内国株式）,サービス業,2211,2230,2176,2176,-16,-0.729927,61100,OK
2025-07-31,6565,ＡＢホテル,スタンダード（内国株式）,サービス業,1436,1476,1436,1476,41,2.857143,23200,OK
2025-07-31,6566,要興業,スタンダード（内国株式）,サービス業,1194,1194,1165,1170,-30,-2.5,21000,OK
2025-07-31,6568,神戸天然物化学,グロース（内国株式）,サービス業,1103,1107,1083,1091,-13,-1.177536,2900,OK
2025-07-31,6570,共和コーポレーション,スタンダード（内国株式）,サービス業,1001,1014,1000,1010,8,0.798403,1500,OK
2025-07-31,6571,キュービーネットホールディングス,プライム（内国株式）,サービス業,1203,1212,1200,1202,-1,-0.083126,22000,OK
2025-07-31,6572,オープングループ,プライム（内国株式）,サービス業,386,390,382,390,5,1.298701,94900,OK
2025-07-31,6573,アジャイルメディア・ネットワーク,グロース（内国株式）,サービス業,118,123,116,119,4,3.478261,1305900,OK
2025-07-31,6574,コンヴァノ,グロース（内国株式）,サービス業,903,1044,896,1044,-7896,-88.322148,165700,OK
2025-07-31,6576,揚工舎,TOKYO PRO MARKET（内国株式）,サービス業,,,,,,,,NO_QUOTE
2025-07-31,6577,ベストワンドットコム,グロース（内国株式）,サービス業,2425,2425,2401,2405,-5,-0.207469,17000,OK
2025-07-31,6578,コレックホールディングス,スタンダード（内国株式）,サービス業,317,320,317,318,1,0.315457,3800,OK
2025-07-31,6579,ログリー,グロース（内国株式）,サービス業,411,413,405,406,-13,-3.102625,2800,OK
2025-07-31,6580,ライトアップ,グロース（内国株式）,サービス業,2699,2787,2680,2772,58,2.137067,24800,OK
2025-07-31,6584,三櫻工業,プライム（内国株式）,輸送用機器,702,703,694,700,2,0.286533,161500,OK
2025-07-31,6586,マキタ,プライム（内国株式）,機械,5000,5025,4702,4702,89,1.92933,2370700,OK
2025-07-31,6588,東芝テック,プライム（内国株式）,電気機器,3045,3065,3020,3025,-5,-0.165017,182800,OK
2025-07-31,6590,芝浦メカトロニクス,プライム（内国株式）,電気機器,10490,10830,10410,10790,390,3.75,511100,OK
2025-07-31,6592,マブチモーター,プライム（内国株式）,電気機器,2170,2196,2156,2187.5,36.5,1.696885,457500,OK
2025-07-31,6594,ニデック,プライム（内国株式）,電気機器,2858,2919,2848,2913,38.5,1.339363,3462400,OK
2025-07-31,6596,筑波精工,TOKYO PRO MARKET（内国株式）,電気機器,1000,1000,1000,1000,0,0,100,OK
2025-07-31,6597,ＨＰＣシステムズ,グロース（内国株式）,電気機器,1869,1909,1859,1896,38,2.04521,34000,OK
2025-07-31,6599,エブレン,スタンダード（内国株式）,電気機器,2194,2198,2194,2198,-35,-1.567398,200,OK
2025-07-31,6612,バルミューダ,グロース（内国株式）,電気機器,855,858,847,853,-2,-0.233918,4400,OK
2025-07-31,6613,ＱＤレーザ,グロース（内国株式）,電気機器,275,276,259,263,-9,-3.308824,797200,OK
2025-07-31,6614,シキノハイテック,スタンダード（内国株式）,電気機器,835,835,821,835,0,0,19000,OK
2025-07-31,6615,ユー・エム・シー・エレクトロニクス,プライム（内国株式）,電気機器,290,291,288,290,3,1.045296,21900,OK
2025-07-31,6616,トレックス・セミコンダクター,プライム（内国株式）,電気機器,1530,1553,1520,1551,27,1.771654,26600,OK
2025-07-31,6617,東光高岳,プライム（内国株式）,電気機器,2924,2974,2885,2895,38,1.330067,127900,OK
2025-07-31,6619,ダブル・スコープ,プライム（内国株式）,電気機器,242,243,238,240,-1,-0.414938,378700,OK
2025-07-31,6620,宮越ホールディングス,プライム（内国株式）,不動産業,1261,1292,1252,1287,17,1.338583,69800,OK
2025-07-31,6622,ダイヘン,プライム（内国株式）,電気機器,7140,7290,7140,7230,180,2.553191,109300,OK
2025-07-31,6625,ＪＡＬＣＯホールディングス,スタンダード（内国株式）,不動産業,322,324,321,323,2,0.623053,112900,OK
2025-07-31,6626,ＳＥＭＩＴＥＣ,スタンダード（内国株式）,電気機器,2360,2376,2342,2361,-1,-0.042337,20600,OK
2025-07-31,6627,テラプローブ,スタンダード（内国株式）,電気機器,3355,3465,3355,3405,30,0.888889,87200,OK
2025-07-31,6629,テクノホライゾン,スタンダード（内国株式）,電気機器,384,393,384,388,5,1.305483,75800,OK
2025-07-31,6630,ヤーマン,プライム（内国株式）,電気機器,832,836,824,831,4,0.483676,78200,OK
2025-07-31,6632,ＪＶＣケンウッド,プライム（内国株式）,電気機器,1203.5,1207.5,1189.5,1191.5,-7.5,-0.625521,778000,OK
2025-07-31,6633,ＣＧＳホールディングス,スタンダード（内国株式）,電気機器,322,325,321,323,1,0.310559,5600,OK
2025-07-31,6634,ネクスグループ,スタンダード（内国株式）,電気機器,137,141,137,140,3,2.189781,125100,OK
2025-07-31,6635,大日光・エンジニアリング,スタンダード（内国株式）,電気機器,490,498,482,497,9,1.844262,52700,OK
2025-07-31,6637,寺崎電気産業,スタンダード（内国株式）,電気機器,3820,3965,3795,3860,70,1.846966,87400,OK
2025-07-31,6638,ミマキエンジニアリング,プライム（内国株式）,電気機器,2176,2191,2162,2185,27,1.251158,72000,OK
2025-07-31,6643,戸上電機製作所,スタンダード（内国株式）,電気機器,3890,3950,3875,3950,80,2.067183,9800,OK
2025-07-31,6644,大崎電気工業,プライム（内国株式）,電気機器,1034,1049,1026,1048,3,0.287081,206200,OK
2025-07-31,6645,オムロン,プライム（内国株式）,電気機器,3850,3933,3847,3919,73,1.898076,1299300,OK
2025-07-31,6647,森尾電機,スタンダード（内国株式）,電気機器,,,,,,,,NO_QUOTE
2025-07-31,6648,かわでん,スタンダード（内国株式）,電気機器,4430,4500,4430,4490,75,1.698754,5600,OK
2025-07-31,6651,日東工業,プライム（内国株式）,電気機器,3310,3360,3300,3340,45,1.365706,116100,OK
2025-07-31,6652,ＩＤＥＣ,プライム（内国株式）,電気機器,2289,2309,2280,2289,14,0.615385,803900,OK
2025-07-31,6653,正興電機製作所,プライム（内国株式）,電気機器,1560,1575,1543,1563,6,0.385356,142800,OK
2025-07-31,6654,不二電機工業,スタンダード（内国株式）,電気機器,1040,1054,1040,1047,2,0.191388,33400,OK
2025-07-31,6656,インスペック,スタンダード（内国株式）,電気機器,699,718,688,693,1,0.144509,24500,OK
2025-07-31,6658,シライ電子工業,スタンダード（内国株式）,電気機器,590,595,589,595,6,1.018676,45000,OK
2025-07-31,6659,メディアリンクス,スタンダード（内国株式）,電気機器,60,62,60,62,2,3.333333,1402000,OK
2025-07-31,6662,ユビテック,スタンダード（内国株式）,電気機器,261,261,259,260,1,0.3861,29600,OK
2025-07-31,6663,太洋テクノレックス,スタンダード（内国株式）,電気機器,292,293,281,288,6,2.12766,52000,OK
2025-07-31,6664,オプトエレクトロニクス,スタンダード（内国株式）,電気機器,288,289,287,289,0,0,4100,OK
2025-07-31,6666,リバーエレテック,スタンダード（内国株式）,電気機器,515,522,515,520,4,0.775194,28000,OK
2025-07-31,6668,アドテック　プラズマ　テクノロジー,スタンダード（内国株式）,電気機器,1315,1320,1299,1319,-1,-0.075758,43300,OK
2025-07-31,6670,ＭＣＪ,スタンダード（内国株式）,電気機器,1387,1423,1387,1414,31,2.241504,381200,OK
2025-07-31,6674,ジーエス・ユアサ　コーポレーション,プライム（内国株式）,電気機器,2745,2746,2720,2730,3,0.110011,453200,OK
2025-07-31,6675,サクサ,スタンダード（内国株式）,電気機器,4560,4645,4525,4630,120,2.660754,25900,OK
2025-07-31,6676,バッファロー,スタンダード（内国株式）,電気機器,2327,2397,2327,2395,68,2.922217,21800,OK
2025-07-31,6677,エスケーエレクトロニクス,スタンダード（内国株式）,電気機器,2792,2853,2792,2847,49,1.751251,63600,OK
2025-07-31,6678,テクノメディカ,スタンダード（内国株式）,電気機器,1860,1888,1860,1874,14,0.752688,4300,OK
2025-07-31,6694,ズーム,スタンダード（内国株式）,電気機器,678,681,677,677,-1,-0.147493,2600,OK
2025-07-31,6695,キャストリコ,TOKYO PRO MARKET（内国株式）,電気機器,,,,,,,,NO_QUOTE
2025-07-31,6696,トラース・オン・プロダクト,グロース（内国株式）,電気機器,547,556,541,545,-1,-0.18315,116100,OK
2025-07-31,6699,ダイヤモンドエレクトリックホールディングス,プライム（内国株式）,電気機器,597,607,597,604,2,0.332226,6300,OK
2025-07-31,6701,日本電気,プライム（内国株式）,電気機器,4360,4425,4285,4399,59,1.359447,5650400,OK
2025-07-31,6702,富士通,プライム（内国株式）,電気機器,3190,3369,3187,3305,-25,-0.750751,13691600,OK
2025-07-31,6703,沖電気工業,プライム（内国株式）,電気機器,1550,1580,1541,1580,14,0.893997,600200,OK
2025-07-31,6706,電気興業,プライム（内国株式）,電気機器,2130,2186,2130,2185,63,2.968897,59900,OK
2025-07-31,6707,サンケン電気,プライム（内国株式）,電気機器,8611,8685,8599,8650,40,0.464576,111500,OK
2025-07-31,6718,アイホン,プライム（内国株式）,電気機器,2820,2845,2820,2845,39,1.389879,19400,OK
2025-07-31,6721,ウインテスト,スタンダード（内国株式）,電気機器,125,141,124,133,9,7.258065,7632100,OK
2025-07-31,6723,ルネサスエレクトロニクス,プライム（内国株式）,電気機器,1876,1887,1847,1866,-5,-0.267237,9473700,OK
2025-07-31,6724,セイコーエプソン,プライム（内国株式）,電気機器,1914,1933,1905,1925.5,4.5,0.234253,2083300,OK
2025-07-31,6727,ワコム,プライム（内国株式）,電気機器,675,715,651,657,-71,-9.752747,3213000,OK
2025-07-31,6728,アルバック,プライム（内国株式）,電気機器,5504,5618,5485,5607,99,1.797386,326700,OK
2025-07-31,6730,アクセル,スタンダード（内国株式）,電気機器,968,979,959,977,17,1.770833,14400,OK
2025-07-31,6731,ピクセラ,スタンダード（内国株式）,電気機器,78,83,78,82,2,2.5,5765700,OK
2025-07-31,6734,ニューテック,スタンダード（内国株式）,電気機器,1742,1804,1742,1803,61,3.501722,15600,OK
2025-07-31,6736,サン電子,スタンダード（内国株式）,電気機器,5700,5880,5700,5820,140,2.464789,47600,OK
2025-07-31,6737,ＥＩＺＯ,プライム（内国株式）,電気機器,2220,2247,2071,2152,-77,-3.454464,234000,OK
2025-07-31,6740,ジャパンディスプレイ,プライム（内国株式）,電気機器,18,18,17,18,1,5.882353,170132800,OK
2025-07-31,6741,日本信号,プライム（内国株式）,電気機器,1129,1141,1120,1124,14,1.261261,157400,OK
2025-07-31,6742,京三製作所,プライム（内国株式）,電気機器,503,508,503,506,3,0.596421,103500,OK
2025-07-31,6743,大同信号,スタンダード（内国株式）,電気機器,512,516,511,516,3,0.584795,1800,OK
2025-07-31,6744,能美防災,プライム（内国株式）,電気機器,3870,3960,3870,3940,70,1.808786,70900,OK
2025-07-31,6745,ホーチキ,プライム（内国株式）,電気機器,3170,3210,3150,3180,50,1.597444,36100,OK
2025-07-31,6748,星和電機,スタンダード（内国株式）,電気機器,600,603,600,603,3,0.5,5400,OK
2025-07-31,6750,エレコム,プライム（内国株式）,電気機器,1956,1977,1942,1963,-1,-0.050916,172100,OK
2025-07-31,6752,パナソニック　ホールディングス,プライム（内国株式）,電気機器,1414,1455,1410.5,1440.5,-44,-2.963961,14379900,OK
2025-07-31,6753,シャープ,プライム（内国株式）,電気機器,716.5,724.7,710.5,717.8,-0.2,-0.027855,2103100,OK
2025-07-31,6754,アンリツ,プライム（内国株式）,電気機器,1632,1699.5,1590,1643.5,-188.5,-10.289301,7134100,OK
2025-07-31,6755,富士通ゼネラル,プライム（内国株式）,電気機器,2796,2799,2796,2797,1,0.035765,214700,OK
2025-07-31,6757,ＯＳＧコーポレーション,スタンダード（内国株式）,電気機器,824,824,815,815,-7,-0.851582,5800,OK
2025-07-31,6758,ソニーグループ,プライム（内国株式）,電気機器,3630,3703,3628,3682,40,1.098298,12172600,OK
2025-07-31,6762,ＴＤＫ,プライム（内国株式）,電気機器,1816,1860,1811,1857,49.5,2.738589,7158400,OK
2025-07-31,6763,帝国通信工業,プライム（内国株式）,電気機器,2332,2422,2331,2422,93,3.99313,6900,OK
2025-07-31,6768,タムラ製作所,プライム（内国株式）,電気機器,478,486,476,486,8,1.67364,380400,OK
2025-07-31,6769,ザインエレクトロニクス,スタンダード（内国株式）,電気機器,883,887,879,879,0,0,19700,OK
2025-07-31,6770,アルプスアルパイン,プライム（内国株式）,電気機器,1582,1610,1577,1600,18,1.1378,1338400,OK
2025-07-31,6771,池上通信機,スタンダード（内国株式）,電気機器,600,603,600,602,1,0.166389,4600,OK
2025-07-31,6772,東京コスモス電機,スタンダード（内国株式）,電気機器,9310,9320,9280,9280,-30,-0.322234,2800,OK
2025-07-31,6775,ＴＢグループ,スタンダード（内国株式）,電気機器,130,130,124,129,1,0.78125,104400,OK
2025-07-31,6776,天昇電気工業,スタンダード（内国株式）,化学,268,269,265,267,-1,-0.373134,4200,OK
2025-07-31,6777,ｓａｎｔｅｃ　Ｈｏｌｄｉｎｇｓ,スタンダード（内国株式）,電気機器,6080,6120,5890,5980,200,3.460208,193500,OK
2025-07-31,6778,アルチザネットワークス,スタンダード（内国株式）,電気機器,638,640,632,637,-2,-0.312989,27800,OK
2025-07-31,6779,日本電波工業,プライム（内国株式）,電気機器,848,858,840,845,3,0.356295,116900,OK
2025-07-31,6785,鈴木,プライム（内国株式）,電気機器,1825,1855,1825,1855,30,1.643836,56200,OK
2025-07-31,6786,ＲＶＨ,スタンダード（内国株式）,サービス業,92,97,91,94,2,2.173913,384300,OK
2025-07-31,6787,メイコー,プライム（内国株式）,電気機器,7390,7540,7350,7510,190,2.595628,174100,OK
2025-07-31,6788,日本トリム,プライム（内国株式）,電気機器,4475,4550,4475,4550,75,1.675978,11000,OK
2025-07-31,6794,フォスター電機,プライム（内国株式）,電気機器,1865,1894,1847,1890,20,1.069519,286900,OK
2025-07-31,6797,名古屋電機工業,スタンダード（内国株式）,電気機器,1170,1180,1170,1178,8,0.683761,3200,OK
2025-07-31,6798,ＳＭＫ,プライム（内国株式）,電気機器,2196,2215,2184,2197,1,0.045537,12900,OK
2025-07-31,6800,ヨコオ,プライム（内国株式）,電気機器,1548,1592,1545,1579,36,2.333117,94000,OK
2025-07-31,6803,ティアック,スタンダード（内国株式）,電気機器,92,93,92,92,0,0,427800,OK
2025-07-31,6804,ホシデン,プライム（内国株式）,電気機器,2328,2375,2328,2360,50,2.164502,279200,OK
2025-07-31,6806,ヒロセ電機,プライム（内国株式）,電気機器,18910,19285,18860,19130,195,1.029839,92300,OK
2025-07-31,6807,日本航空電子工業,プライム（内国株式）,電気機器,2367,2431,2363,2430,76,3.228547,355600,OK
2025-07-31,6809,ＴＯＡ,プライム（内国株式）,電気機器,1035,1051,1035,1049,14,1.352657,57200,OK
2025-07-31,6810,マクセル,プライム（内国株式）,電気機器,1990,2027,1976,2015,20,1.002506,156300,OK
2025-07-31,6814,古野電気,プライム（内国株式）,電気機器,4260,4405,4230,4380,120,2.816901,346400,OK
2025-07-31,6817,スミダコーポレーション,プライム（内国株式）,電気機器,1002,1033,1002,1033,37,3.714859,384100,OK
2025-07-31,6819,伊豆シャボテンリゾート,スタンダード（内国株式）,サービス業,501,508,501,508,6,1.195219,36400,OK
2025-07-31,6820,アイコム,プライム（内国株式）,電気機器,2890,2903,2872,2903,35,1.220363,9600,OK
2025-07-31,6822,大井電気,スタンダード（内国株式）,電気機器,3540,3560,3475,3475,-55,-1.558074,5900,OK
2025-07-31,6823,リオン,プライム（内国株式）,電気機器,2641,2666,2552,2603,-88,-3.27016,142700,OK
2025-07-31,6824,新コスモス電機,スタンダード（内国株式）,電気機器,2734,2734,2689,2689,-21,-0.774908,12700,OK
2025-07-31,6832,アオイ電子,スタンダード（内国株式）,電気機器,2009,2010,1980,1992,-8,-0.4,24000,OK
2025-07-31,6834,精工技研,スタンダード（内国株式）,電気機器,5910,6200,5890,6200,370,6.346484,165100,OK
2025-07-31,6835,アライドテレシスホールディングス,スタンダード（内国株式）,電気機器,174,194,174,187,15,8.72093,6986400,OK
2025-07-31,6836,ぷらっとホーム,スタンダード（内国株式）,電気機器,1785,1860,1688,1706,-119,-6.520548,680600,OK
2025-07-31,6837,京写,スタンダード（内国株式）,電気機器,392,395,392,394,0,0,6300,OK
2025-07-31,6838,多摩川ホールディングス,スタンダード（内国株式）,電気機器,798,800,781,800,9,1.1378,42300,OK
2025-07-31,6840,ＡＫＩＢＡホールディングス,スタンダード（内国株式）,電気機器,329,336,315,315,-8,-2.47678,174400,OK
2025-07-31,6841,横河電機,プライム（内国株式）,電気機器,4003,4029,3971,4029,75,1.896813,601500,OK
2025-07-31,6844,新電元工業,プライム（内国株式）,電気機器,2570,2612,2554,2609,24,0.928433,64100,OK
2025-07-31,6845,アズビル,プライム（内国株式）,電気機器,1430,1430,1416.5,1421.5,8,0.565971,876200,OK
2025-07-31,6848,東亜ディーケーケー,スタンダード（内国株式）,電気機器,810,810,807,810,1,0.123609,1400,OK
2025-07-31,6849,日本光電工業,プライム（内国株式）,電気機器,1658.5,1672.5,1649.5,1668,1.5,0.090009,758800,OK
2025-07-31,6850,チノー,プライム（内国株式）,電気機器,2396,2413,2395,2407,19,0.795645,8800,OK
2025-07-31,6853,共和電業,スタンダード（内国株式）,電気機器,537,543,537,543,9,1.685393,27500,OK
2025-07-31,6855,日本電子材料,スタンダード（内国株式）,電気機器,2385,2475,2373,2454,80,3.36984,251100,OK
2025-07-31,6856,堀場製作所,プライム（内国株式）,電気機器,11195,11315,11170,11240,90,0.807175,102400,OK
2025-07-31,6857,アドバンテスト,プライム（内国株式）,電気機器,10100,10430,9938,10350,105,1.02489,19355400,OK
2025-07-31,6858,小野測器,スタンダード（内国株式）,電気機器,571,571,562,562,-3,-0.530973,12900,OK
2025-07-31,6859,エスペック,プライム（内国株式）,電気機器,3190,3220,3185,3210,45,1.421801,62100,OK
2025-07-31,6861,キーエンス,プライム（内国株式）,電気機器,55300,55850,54950,55200,600,1.098901,867600,OK
2025-07-31,6862,ミナトホールディングス,スタンダード（内国株式）,電気機器,859,867,835,837,-7,-0.829384,50900,OK
2025-07-31,6863,ニレコ,スタンダード（内国株式）,電気機器,2078,2106,2061,2097,11,0.527325,21600,OK
2025-07-31,6864,エヌエフホールディングス,スタンダード（内国株式）,電気機器,1298,1372,1283,1367,79,6.13354,225600,OK
2025-07-31,6866,日置電機,プライム（内国株式）,電気機器,5550,5620,5540,5590,40,0.720721,27600,OK
2025-07-31,6867,リーダー電子,スタンダード（内国株式）,電気機器,525,529,519,523,-6,-1.134216,5400,OK
2025-07-31,6869,シスメックス,プライム（内国株式）,電気機器,2457,2480,2456,2477,0,0,1383600,OK
2025-07-31,6870,日本フェンオール,スタンダード（内国株式）,電気機器,1709,1730,1692,1706,-3,-0.175541,7800,OK
2025-07-31,6871,日本マイクロニクス,プライム（内国株式）,電気機器,5390,5680,5360,5600,260,4.868914,1381600,OK
2025-07-31,6874,協立電機,スタンダード（内国株式）,電気機器,2284,2288,2266,2282,9,0.395952,7800,OK
2025-07-31,6875,メガチップス,プライム（内国株式）,電気機器,5460,5530,5460,5510,60,1.100917,42400,OK
2025-07-31,6877,ＯＢＡＲＡ　ＧＲＯＵＰ,スタンダード（内国株式）,電気機器,3865,3925,3865,3870,35,0.912647,23000,OK
2025-07-31,6879,ＩＭＡＧＩＣＡ　ＧＲＯＵＰ,プライム（内国株式）,情報･通信業,792,793,791,792,1,0.126422,58800,OK
2025-07-31,6882,三社電機製作所,スタンダード（内国株式）,電気機器,854,886,852,858,-26,-2.941176,229200,OK
2025-07-31,6888,アクモス,スタンダード（内国株式）,情報･通信業,559,565,559,564,3,0.534759,22500,OK
2025-07-31,6890,フェローテック,スタンダード（内国株式）,電気機器,3620,3695,3600,3650,35,0.968188,419000,OK
2025-07-31,6894,パルステック工業,スタンダード（内国株式）,電気機器,1885,1885,1866,1875,-9,-0.477707,1200,OK
2025-07-31,6897,ツインバード,スタンダード（内国株式）,電気機器,417,417,414,414,-1,-0.240964,3900,OK
2025-07-31,6898,トミタ電機,スタンダード（内国株式）,電気機器,2972,2979,2920,2978,-2,-0.067114,1100,OK
2025-07-31,6899,ＡＳＴＩ,スタンダード（内国株式）,電気機器,1910,1932,1910,1931,25,1.311647,5300,OK
2025-07-31,6901,澤藤電機,スタンダード（内国株式）,電気機器,948,960,948,960,13,1.372756,1900,OK
2025-07-31,6902,デンソー,プライム（内国株式）,輸送用機器,2079,2133,2021,2056,-11,-0.532172,15479900,OK
2025-07-31,6904,原田工業,スタンダード（内国株式）,電気機器,436,437,435,435,0,0,18200,OK
2025-07-31,6905,コーセル,プライム（内国株式）,電気機器,1162,1183,1160,1172,10,0.860585,78300,OK
2025-07-31,6907,ジオマテック,スタンダード（内国株式）,電気機器,820,820,810,818,0,0,4700,OK
2025-07-31,6908,イリソ電子工業,プライム（内国株式）,電気機器,2900,2929,2883,2914,40,1.391788,101100,OK
2025-07-31,6912,菊水ホールディングス,スタンダード（内国株式）,電気機器,1551,1611,1551,1594,-56,-3.393939,60500,OK
2025-07-31,6914,オプテックスグループ,プライム（内国株式）,電気機器,1690,1716,1690,1705,21,1.247031,142300,OK
2025-07-31,6915,千代田インテグレ,スタンダード（内国株式）,電気機器,3095,3135,3075,3085,15,0.488599,15000,OK
2025-07-31,6918,アバールデータ,スタンダード（内国株式）,電気機器,2293,2332,2282,2305,12,0.523332,7700,OK
2025-07-31,6919,ケル,スタンダード（内国株式）,電気機器,1369,1390,1369,1390,17,1.238165,9600,OK
2025-07-31,6920,レーザーテック,プライム（内国株式）,電気機器,15010,15540,14980,15520,570,3.812709,7312500,OK
2025-07-31,6923,スタンレー電気,プライム（内国株式）,電気機器,2862.5,2875,2836.5,2859.5,-10,-0.348493,747700,OK
2025-07-31,6925,ウシオ電機,プライム（内国株式）,電気機器,1845,1860,1839.5,1857,27.5,1.503143,188000,OK
2025-07-31,6926,岡谷電機産業,スタンダード（内国株式）,電気機器,211,211,209,211,1,0.47619,5600,OK
2025-07-31,6927,ヘリオス　テクノ　ホールディング,スタンダード（内国株式）,電気機器,840,847,838,839,0,0,54800,OK
2025-07-31,6928,エノモト,プライム（内国株式）,電気機器,1453,1457,1437,1451,8,0.554401,28100,OK
2025-07-31,6929,日本セラミック,プライム（内国株式）,電気機器,2965,3005,2957,2983,15,0.505391,64300,OK
2025-07-31,6930,日本アンテナ,スタンダード（内国株式）,電気機器,788,796,785,796,4,0.505051,4100,OK
2025-07-31,6932,遠藤照明,スタンダード（内国株式）,電気機器,2400,2430,2385,2393,-27,-1.115702,84800,OK
2025-07-31,6937,古河電池,プライム（内国株式）,電気機器,1385,1387,1385,1385,0,0,82100,OK
2025-07-31,6941,山一電機,プライム（内国株式）,電気機器,2800,2905,2800,2905,112,4.010025,239100,OK
2025-07-31,6942,ソフィアホールディングス,スタンダード（内国株式）,情報･通信業,1200,1200,1191,1193,-6,-0.500417,10200,OK
2025-07-31,6943,ＮＫＫスイッチズ,スタンダード（内国株式）,電気機器,,,,,,,,NO_QUOTE
2025-07-31,6946,日本アビオニクス,スタンダード（内国株式）,電気機器,4245,4455,4230,4455,140,3.244496,206900,OK
2025-07-31,6947,図研,プライム（内国株式）,電気機器,5750,5870,5730,5820,70,1.217391,69700,OK
2025-07-31,6951,日本電子,プライム（内国株式）,電気機器,4350,4385,4343,4380,50,1.154734,155400,OK
2025-07-31,6952,カシオ計算機,プライム（内国株式）,電気機器,1203.5,1204.5,1194.5,1198.5,-4,-0.33264,2511000,OK
2025-07-31,6954,ファナック,プライム（内国株式）,電気機器,4289,4302,4246,4271,-14,-0.326721,3636100,OK
2025-07-31,6955,ＦＤＫ,スタンダード（内国株式）,電気機器,410,416,405,406,-1,-0.2457,219300,OK
2025-07-31,6957,芝浦電子,スタンダード（内国株式）,電気機器,6040,6090,6030,6070,30,0.496689,113100,OK
2025-07-31,6958,日本シイエムケイ,プライム（内国株式）,電気機器,364,371,363,370,7,1.928375,609600,OK
2025-07-31,6960,フクダ電子,スタンダード（内国株式）,電気機器,6980,7100,6980,7040,100,1.440922,18900,OK
2025-07-31,6961,エンプラス,プライム（内国株式）,電気機器,5530,5610,5280,5350,-130,-2.372263,268500,OK
2025-07-31,6962,大真空,プライム（内国株式）,電気機器,584,590,584,590,8,1.37457,101900,OK
2025-07-31,6963,ローム,プライム（内国株式）,電気機器,1900,1948,1888,1908,28,1.489362,4921000,OK
2025-07-31,6964,サンコー,スタンダード（内国株式）,電気機器,580,580,575,576,-4,-0.689655,1400,OK
2025-07-31,6965,浜松ホトニクス,プライム（内国株式）,電気機器,1846,1867,1835.5,1851.5,19,1.036835,1297500,OK
2025-07-31,6966,三井ハイテック,プライム（内国株式）,電気機器,775,783,767,771,-3,-0.387597,821300,OK
2025-07-31,6969,松尾電機,スタンダード（内国株式）,電気機器,797,817,794,804,10,1.259446,10300,OK
2025-07-31,6971,京セラ,プライム（内国株式）,電気機器,1790,1804.5,1763.5,1802,157,9.544073,14161900,OK
2025-07-31,6973,協栄産業,スタンダード（内国株式）,卸売業,3910,3915,3910,3915,0,0,1500,OK
2025-07-31,6976,太陽誘電,プライム（内国株式）,電気機器,2843,2895.5,2830,2857,91.5,3.308624,2362400,OK
2025-07-31,6977,日本抵抗器製作所,スタンダード（内国株式）,電気機器,861,877,857,857,2,0.233918,1600,OK
2025-07-31,6981,村田製作所,プライム（内国株式）,電気機器,2275,2298,2238.5,2267.5,111,5.147229,14690800,OK
2025-07-31,6982,リード,スタンダード（内国株式）,輸送用機器,594,594,586,586,-7,-1.180438,700,OK
2025-07-31,6986,双葉電子工業,プライム（内国株式）,電気機器,623,627,618,623,4,0.646204,162500,OK
2025-07-31,6988,日東電工,プライム（内国株式）,化学,3165,3191,3121,3141,34,1.094303,3134500,OK
2025-07-31,6989,北陸電気工業,スタンダード（内国株式）,電気機器,2069,2099,2067,2092,21,1.014003,10100,OK
2025-07-31,6993,大黒屋ホールディングス,スタンダード（内国株式）,小売業,59,61,58,61,1,1.666667,7128000,OK
2025-07-31,6994,指月電機製作所,スタンダード（内国株式）,電気機器,427,435,427,429,5,1.179245,60400,OK
2025-07-31,6995,東海理化電機製作所,プライム（内国株式）,輸送用機器,2472,2472,2406,2423,-99,-3.925456,307400,OK
2025-07-31,6996,ニチコン,プライム（内国株式）,電気機器,1282,1305,1282,1303,21,1.638066,150300,OK
2025-07-31,6997,日本ケミコン,プライム（内国株式）,電気機器,1248,1275,1248,1261,21,1.693548,226200,OK
2025-07-31,6998,日本タングステン,スタンダード（内国株式）,電気機器,1262,1278,1262,1278,13,1.027668,2600,OK
2025-07-31,6999,ＫＯＡ,プライム（内国株式）,電気機器,1040,1072,1038,1062,22,2.115385,437000,OK
2025-07-31,7003,三井Ｅ＆Ｓ,プライム（内国株式）,機械,3110,3275,3105,3175,65,2.090032,5006000,OK
2025-07-31,7004,カナデビア,プライム（内国株式）,機械,1017,1028,1015,1023,6,0.589971,545800,OK
2025-07-31,7011,三菱重工業,プライム（内国株式）,機械,3607,3635,3577,3630,20,0.554017,24090100,OK
2025-07-31,7012,川崎重工業,プライム（内国株式）,輸送用機器,10855,11160,10805,11120,215,1.971573,3769300,OK
2025-07-31,7013,ＩＨＩ,プライム（内国株式）,機械,16600,17035,16425,16985,385,2.319277,3682300,OK
2025-07-31,7014,名村造船所,スタンダード（内国株式）,輸送用機器,3055,3185,3030,3120,65,2.12766,3051400,OK
2025-07-31,7018,内海造船,スタンダード（内国株式）,輸送用機器,6060,6290,6060,6240,180,2.970297,25500,OK
2025-07-31,7021,ニッチツ,スタンダード（内国株式）,機械,1964,1980,1964,1980,30,1.538462,400,OK
2025-07-31,7022,サノヤスホールディングス,スタンダード（内国株式）,機械,285,289,282,286,0,0,99900,OK
2025-07-31,7030,スプリックス,スタンダード（内国株式）,サービス業,1109,1110,1092,1103,-6,-0.541028,3400,OK
2025-07-31,7031,インバウンドテック,グロース（内国株式）,サービス業,810,810,810,810,-4,-0.4914,300,OK
2025-07-31,7033,マネジメントソリューションズ,プライム（内国株式）,サービス業,1700,1700,1669,1700,10,0.591716,169000,OK
2025-07-31,7034,プロレド・パートナーズ,プライム（内国株式）,サービス業,653,672,652,660,4,0.609756,26100,OK
2025-07-31,7035,ａｎｄ　ｆａｃｔｏｒｙ,スタンダード（内国株式）,サービス業,295,300,294,296,3,1.023891,37100,OK
2025-07-31,7036,イーエムネットジャパン,グロース（内国株式）,サービス業,1037,1039,1015,1033,-2,-0.193237,3000,OK
2025-07-31,7037,テノ．ホールディングス,スタンダード（内国株式）,サービス業,485,488,483,483,-2,-0.412371,5700,OK
2025-07-31,7038,フロンティア・マネジメント,プライム（内国株式）,サービス業,678,680,669,672,4,0.598802,46100,OK
2025-07-31,7039,ブリッジインターナショナル,グロース（内国株式）,サービス業,1885,1897,1885,1891,6,0.318302,3200,OK
2025-07-31,7040,サン・ライフホールディング,スタンダード（内国株式）,サービス業,910,927,909,927,9,0.980392,600,OK
2025-07-31,7041,ＣＲＧホールディングス,グロース（内国株式）,サービス業,338,345,336,345,8,2.373887,10100,OK
2025-07-31,7042,アクセスグループ・ホールディングス,スタンダード（内国株式）,サービス業,587,596,572,596,9,1.53322,12400,OK
2025-07-31,7043,アルー,グロース（内国株式）,サービス業,813,824,809,818,3,0.368098,1700,OK
2025-07-31,7044,ピアラ,スタンダード（内国株式）,サービス業,619,644,616,635,16,2.584814,138300,OK
2025-07-31,7046,ＴＤＳＥ,グロース（内国株式）,サービス業,1697,1745,1677,1745,46,2.707475,9200,OK
2025-07-31,7047,ポート,グロース（内国株式）,サービス業,1882,1918,1877,1908,22,1.16649,56700,OK
2025-07-31,7048,ベルトラ,グロース（内国株式）,サービス業,294,296,292,295,3,1.027397,81200,OK
2025-07-31,7049,識学,グロース（内国株式）,サービス業,883,888,881,881,2,0.227531,35100,OK
2025-07-31,7050,フロンティアインターナショナル,グロース（内国株式）,サービス業,2262,2263,2243,2261,7,0.310559,2800,OK
2025-07-31,7056,マルク,TOKYO PRO MARKET（内国株式）,サービス業,,,,,,,,NO_QUOTE
2025-07-31,7057,エヌ・シー・エヌ,スタンダード（内国株式）,サービス業,976,1005,976,985,8,0.818833,2100,OK
2025-07-31,7058,共栄セキュリティーサービス,スタンダード（内国株式）,サービス業,2618,2689,2618,2630,30,1.153846,10600,OK
2025-07-31,7059,コプロ・ホールディングス,プライム（内国株式）,サービス業,2157,2189,2150,2167,17,0.790698,64800,OK
2025-07-31,7060,ギークス,スタンダード（内国株式）,サービス業,520,528,514,514,1,0.194932,30400,OK
2025-07-31,7061,日本ホスピスホールディングス,グロース（内国株式）,サービス業,1030,1045,1025,1037,9,0.875486,56000,OK
2025-07-31,7062,フレアス,グロース（内国株式）,サービス業,915,915,883,883,-32,-3.497268,3500,OK
2025-07-31,7063,Ｂｉｒｄｍａｎ,グロース（内国株式）,サービス業,300,313,300,307,2,0.655738,310800,OK
2025-07-31,7064,ハウテレビジョン,グロース（内国株式）,サービス業,1257,1258,1172,1209,-48,-3.818616,5300,OK
2025-07-31,7065,ユーピーアール,スタンダード（内国株式）,サービス業,801,801,799,801,-5,-0.620347,5300,OK
2025-07-31,7066,ピアズ,グロース（内国株式）,サービス業,630,637,626,627,-7,-1.104101,8300,OK
2025-07-31,7067,ブランディングテクノロジー,グロース（内国株式）,サービス業,1199,1199,1142,1160,-10,-0.854701,49500,OK
2025-07-31,7068,フィードフォースグループ,グロース（内国株式）,サービス業,565,569,561,568,4,0.70922,36200,OK
2025-07-31,7069,サイバー・バズ,グロース（内国株式）,サービス業,753,760,751,758,2,0.26455,3900,OK
2025-07-31,7071,アンビスホールディングス,プライム（内国株式）,サービス業,520,527,519,523,3,0.576923,280400,OK
2025-07-31,7072,インティメート・マージャー,グロース（内国株式）,サービス業,965,965,951,960,-5,-0.518135,1200,OK
2025-07-31,7073,ジェイック,グロース（内国株式）,サービス業,2325,2329,2300,2314,4,0.17316,2600,OK
2025-07-31,7074,トゥエンティーフォーセブンホールディングス,グロース（内国株式）,サービス業,255,256,251,251,-3,-1.181102,17400,OK
2025-07-31,7075,ＱＬＳホールディングス,グロース（内国株式）,サービス業,704,704,698,704,0,0,3900,OK
2025-07-31,7077,ＡＬｉＮＫインターネット,グロース（内国株式）,サービス業,1082,1090,1080,1081,1,0.092593,1000,OK
2025-07-31,7078,ＩＮＣＬＵＳＩＶＥ,グロース（内国株式）,サービス業,535,538,527,531,0,0,15800,OK
2025-07-31,7079,ＷＤＢココ,グロース（内国株式）,サービス業,2983,3025,2983,3000,43,1.454177,1700,OK
2025-07-31,7080,スポーツフィールド,グロース（内国株式）,サービス業,715,719,710,710,-2,-0.280899,3300,OK
2025-07-31,7081,コーユーレンティア,スタンダード（内国株式）,サービス業,1090,1098,1082,1092,2,0.183486,3300,OK
2025-07-31,7082,ジモティー,グロース（内国株式）,サービス業,1036,1055,1024,1047,6,0.576369,42300,OK
2025-07-31,7083,ＡＨＣグループ,グロース（内国株式）,サービス業,979,979,953,975,7,0.72314,900,OK
2025-07-31,7084,Ｓｍｉｌｅ　Ｈｏｌｄｉｎｇｓ,グロース（内国株式）,サービス業,1906,1948,1906,1915,20,1.055409,9200,OK
2025-07-31,7085,カーブスホールディングス,プライム（内国株式）,サービス業,750,754,743,748,8,1.081081,300600,OK
2025-07-31,7087,ウイルテック,スタンダード（内国株式）,サービス業,874,876,870,876,1,0.114286,2500,OK
2025-07-31,7088,フォーラムエンジニアリング,プライム（内国株式）,サービス業,1217,1225,1212,1222,16,1.3267,47800,OK
2025-07-31,7089,フォースタートアップス,グロース（内国株式）,サービス業,1522,1532,1494,1532,10,0.65703,7300,OK
2025-07-31,7090,リグア,グロース（内国株式）,サービス業,1060,1082,1057,1060,0,0,1500,OK
2025-07-31,7091,リビングプラットフォーム,グロース（内国株式）,サービス業,927,928,922,922,-5,-0.539374,5400,OK
2025-07-31,7092,Ｆａｓｔ　Ｆｉｔｎｅｓｓ　Ｊａｐａｎ,プライム（内国株式）,サービス業,1506,1550,1506,1524,14,0.927152,35700,OK
2025-07-31,7093,アディッシュ,グロース（内国株式）,サービス業,597,600,595,595,6,1.018676,6700,OK
2025-07-31,7094,ＮｅｘＴｏｎｅ,グロース（内国株式）,サービス業,1848,1864,1839,1852,3,0.16225,61900,OK
2025-07-31,7095,Ｍａｃｂｅｅ　Ｐｌａｎｅｔ,プライム（内国株式）,サービス業,2625,2654,2595,2642,26,0.993884,115200,OK
2025-07-31,7096,ステムセル研究所,グロース（内国株式）,サービス業,1012,1030,1011,1019,8,0.791296,43400,OK
2025-07-31,7097,さくらさくプラス,グロース（内国株式）,サービス業,2532,2549,2523,2528,-7,-0.276134,33000,OK
2025-07-31,7098,エージェント,TOKYO PRO MARKET（内国株式）,サービス業,,,,,,,,NO_QUOTE
2025-07-31,7102,日本車輌製造,プライム（内国株式）,輸送用機器,2400,2411,2372,2406,-6,-0.248756,29700,OK
2025-07-31,7105,三菱ロジスネクスト,スタンダード（内国株式）,輸送用機器,1960,2000,1946,1964,26,1.341589,212100,OK
2025-07-31,7110,クラシコム,グロース（内国株式）,小売業,1660,1680,1580,1677,17,1.024096,16000,OK
2025-07-31,7111,ＩＮＥＳＴ,スタンダード（内国株式）,卸売業,63,63,62,62,0,0,517500,OK
2025-07-31,7112,キューブ,グロース（内国株式）,小売業,502,503,483,484,3,0.623701,8300,OK
2025-07-31,7114,フーディソン,グロース（内国株式）,卸売業,895,899,890,892,-7,-0.778643,3500,OK
2025-07-31,7115,アルファパーチェス,スタンダード（内国株式）,卸売業,3065,3160,3065,3160,135,4.46281,20700,OK
2025-07-31,7116,ダイワ通信,スタンダード（内国株式）,卸売業,809,812,805,809,-2,-0.246609,4300,OK
2025-07-31,7117,ミモナ,TOKYO PRO MARKET（内国株式）,小売業,,,,,,,,NO_QUOTE
2025-07-31,7119,ハルメクホールディングス,グロース（内国株式）,小売業,1080,1089,1078,1081,1,0.092593,11400,OK
2025-07-31,7120,ＳＨＩＮＫＯ,スタンダード（内国株式）,卸売業,2370,2370,2367,2370,3,0.126743,400,OK
2025-07-31,7122,近畿車輛,スタンダード（内国株式）,輸送用機器,2125,2140,2103,2103,-22,-1.035294,3900,OK
2025-07-31,7126,グローバルスタイル,スタンダード（内国株式）,小売業,1513,1513,1433,1500,-10,-0.662252,19400,OK
2025-07-31,7127,一家ホールディングス,スタンダード（内国株式）,小売業,672,676,671,672,-1,-0.148588,6500,OK
2025-07-31,7128,フルサト・マルカホールディングス,プライム（内国株式）,卸売業,2389,2397,2363,2383,25,1.060221,51500,OK
2025-07-31,7129,ミアヘルサホールディングス,スタンダード（内国株式）,小売業,1125,1137,1125,1130,-8,-0.702988,300,OK
2025-07-31,7130,ヤマエグループホールディングス,プライム（内国株式）,卸売業,2599,2620,2578,2604,25,0.969368,44200,OK
2025-07-31,7131,のむら産業,スタンダード（内国株式）,卸売業,2174,2206,2174,2177,13,0.600739,1600,OK
2025-07-31,7132,フローバル,TOKYO PRO MARKET（内国株式）,卸売業,,,,,,,,NO_QUOTE
2025-07-31,7133,ＨＹＵＧＡ　ＰＲＩＭＡＲＹ　ＣＡＲＥ,グロース（内国株式）,小売業,1505,1529,1505,1512,7,0.465116,6400,OK
2025-07-31,7134,アップガレージグループ,スタンダード（内国株式）,小売業,1180,1186,1155,1160,-10,-0.854701,20100,OK
2025-07-31,7135,ジャパンクラフトホールディングス,スタンダード（内国株式）,小売業,235,242,234,235,0,0,83200,OK
2025-07-31,7136,ウェルビングループ,TOKYO PRO MARKET（内国株式）,小売業,,,,,,,,NO_QUOTE
2025-07-31,7137,グラントマト,TOKYO PRO MARKET（内国株式）,小売業,,,,,,,,NO_QUOTE
2025-07-31,7138,ＴＯＲＩＣＯ,グロース（内国株式）,小売業,1091,1230,1088,1130,42,3.860294,104500,OK
2025-07-31,7139,東京高圧山崎,TOKYO PRO MARKET（内国株式）,卸売業,,,,,,,,NO_QUOTE
2025-07-31,7140,ペットゴー,グロース（内国株式）,小売業,812,832,812,818,-5,-0.607533,1100,OK
2025-07-31,7148,ＦＰＧ,プライム（内国株式）,証券･商品先物取引業,2404,2430,2401,2422,31,1.296529,397600,OK
2025-07-31,7150,島根銀行,スタンダード（内国株式）,銀行業,473,485,470,484,12,2.542373,23900,OK
2025-07-31,7157,ライフネット生命保険,プライム（内国株式）,保険業,2300,2305,2253,2298,15,0.65703,321200,OK
2025-07-31,7161,じもとホールディングス,スタンダード（内国株式）,銀行業,346,347,344,347,1,0.289017,44200,OK
2025-07-31,7162,アストマックス,スタンダード（内国株式）,証券･商品先物取引業,262,262,256,261,-2,-0.760456,30100,OK
2025-07-31,7163,住信ＳＢＩネット銀行,スタンダード（内国株式）,銀行業,4875,4880,4875,4875,0,0,29100,OK
2025-07-31,7164,全国保証,プライム（内国株式）,その他金融業,3192,3239,3190,3223,40,1.256676,351600,OK
2025-07-31,7167,めぶきフィナンシャルグループ,プライム（内国株式）,銀行業,815.1,827.6,811.9,823.7,8.6,1.055085,1875400,OK
2025-07-31,7170,中央インターナショナルグループ,TOKYO PRO MARKET（内国株式）,保険業,,,,,,,,NO_QUOTE
2025-07-31,7172,ジャパンインベストメントアドバイザー,プライム（内国株式）,証券･商品先物取引業,1819,1854,1818,1842,34,1.880531,291300,OK
2025-07-31,7173,東京きらぼしフィナンシャルグループ,プライム（内国株式）,銀行業,6320,6600,6310,6570,-130,-1.940299,240100,OK
2025-07-31,7175,今村証券,スタンダード（内国株式）,証券･商品先物取引業,1083,1083,1075,1077,-6,-0.554017,1300,OK
2025-07-31,7176,シンプレクス・ファイナンシャル・ホールディングス,TOKYO PRO MARKET（内国株式）,証券･商品先物取引業,,,,,,,,NO_QUOTE
2025-07-31,7177,ＧＭＯフィナンシャルホールディングス,スタンダード（内国株式）,証券･商品先物取引業,835,843,828,838,0,0,276600,OK
2025-07-31,7180,九州フィナンシャルグループ,プライム（内国株式）,銀行業,765,782.9,764.3,779.7,14.7,1.921569,1358500,OK
2025-07-31,7181,かんぽ生命保険,プライム（内国株式）,保険業,3769,3898,3767,3876,111,2.948207,1481700,OK
2025-07-31,7182,ゆうちょ銀行,プライム（内国株式）,銀行業,1680,1699.5,1676,1695,17,1.013111,6647600,OK
2025-07-31,7183,あんしん保証,スタンダード（内国株式）,その他金融業,169,169,166,168,0,0,26500,OK
2025-07-31,7184,富山第一銀行,プライム（内国株式）,銀行業,1069,1094,1068,1091,28,2.634055,128700,OK
2025-07-31,7185,ヒロセ通商,スタンダード（内国株式）,証券･商品先物取引業,4160,4165,4130,4165,0,0,10400,OK
2025-07-31,7186,コンコルディア・フィナンシャルグループ,プライム（内国株式）,銀行業,991.2,1017.5,991,1011,9,0.898204,3418400,OK
2025-07-31,7187,ジェイリース,プライム（内国株式）,その他金融業,1432,1445,1426,1445,23,1.61744,45700,OK
2025-07-31,7189,西日本フィナンシャルホールディングス,プライム（内国株式）,銀行業,2389,2418,2369,2401,36,1.522199,540000,OK
2025-07-31,7191,イントラスト,スタンダード（内国株式）,その他金融業,943,952,932,943,-4,-0.422386,127700,OK
2025-07-31,7192,日本モーゲージサービス,スタンダード（内国株式）,その他金融業,429,431,427,431,2,0.4662,9700,OK
2025-07-31,7196,Ｃａｓａ,スタンダード（内国株式）,その他金融業,825,826,822,824,2,0.243309,57200,OK
2025-07-31,7198,ＳＢＩアルヒ,プライム（内国株式）,その他金融業,808,833,800,833,-5,-0.596659,255300,OK
2025-07-31,7199,プレミアグループ,プライム（内国株式）,その他金融業,2276,2308,2266,2284,23,1.017249,188800,OK
2025-07-31,7201,日産自動車,プライム（内国株式）,輸送用機器,328,331.6,318.8,321.6,5.5,1.739956,60018800,OK
2025-07-31,7202,いすゞ自動車,プライム（内国株式）,輸送用機器,1948,1957,1937.5,1947.5,-0.5,-0.025667,3074500,OK
2025-07-31,7203,トヨタ自動車,プライム（内国株式）,輸送用機器,2750,2756.5,2694,2696.5,-47,-1.71314,31733900,OK
2025-07-31,7205,日野自動車,プライム（内国株式）,輸送用機器,374.7,377.2,367.3,369.4,2.7,0.736297,9377800,OK
2025-07-31,7208,カネミツ,スタンダード（内国株式）,輸送用機器,889,893,888,893,4,0.449944,1900,OK
2025-07-31,7211,三菱自動車工業,プライム（内国株式）,輸送用機器,405.2,405.9,399.1,399.8,-6.4,-1.575579,10895200,OK
2025-07-31,7212,エフテック,スタンダード（内国株式）,輸送用機器,724,728,716,728,4,0.552486,36400,OK
2025-07-31,7213,レシップホールディングス,スタンダード（内国株式）,輸送用機器,450,454,450,452,3,0.668151,22700,OK
2025-07-31,7214,ＧＭＢ,スタンダード（内国株式）,輸送用機器,844,856,841,852,8,0.947867,16400,OK
2025-07-31,7215,ファルテック,スタンダード（内国株式）,輸送用機器,374,378,372,374,0,0,3900,OK
2025-07-31,7217,テイン,スタンダード（内国株式）,輸送用機器,781,781,774,774,1,0.129366,500,OK
2025-07-31,7218,田中精密工業,スタンダード（内国株式）,輸送用機器,1018,1035,1018,1035,22,2.171767,1600,OK
2025-07-31,7219,エッチ・ケー・エス,スタンダード（内国株式）,輸送用機器,2201,2269,2190,2190,-20,-0.904977,7000,OK
2025-07-31,7220,武蔵精密工業,プライム（内国株式）,輸送用機器,3245,3310,3240,3280,45,1.391036,398600,OK
2025-07-31,7222,日産車体,スタンダード（内国株式）,輸送用機器,1060,1064,1023,1047,-32,-2.965709,191300,OK
2025-07-31,7224,新明和工業,プライム（内国株式）,輸送用機器,1791,1831,1787,1826,34,1.897321,380500,OK
2025-07-31,7226,極東開発工業,プライム（内国株式）,輸送用機器,2608,2634,2604,2634,21,0.803674,75600,OK
2025-07-31,7228,デイトナ,スタンダード（内国株式）,輸送用機器,3730,3745,3725,3730,25,0.674764,1200,OK
2025-07-31,7229,ユタカ技研,スタンダード（内国株式）,輸送用機器,2671,2722,2669,2720,49,1.834519,63400,OK
2025-07-31,7231,トピー工業,プライム（内国株式）,輸送用機器,2610,2625,2600,2618,8,0.306513,72700,OK
2025-07-31,7235,東京ラヂエーター製造,スタンダード（内国株式）,輸送用機器,957,957,949,952,-5,-0.522466,14500,OK
2025-07-31,7236,ティラド,プライム（内国株式）,輸送用機器,4960,4985,4935,4935,-40,-0.80402,8300,OK
2025-07-31,7238,曙ブレーキ工業,プライム（内国株式）,輸送用機器,107,107,104,106,-1,-0.934579,1439300,OK
2025-07-31,7239,タチエス,プライム（内国株式）,輸送用機器,1798,1807,1786,1792,9,0.504767,132400,OK
2025-07-31,7240,ＮＯＫ,プライム（内国株式）,輸送用機器,2280,2300.5,2270.5,2295,18,0.790514,534900,OK
2025-07-31,7241,フタバ産業,プライム（内国株式）,輸送用機器,818,827,807,817,-18,-2.155689,782100,OK
2025-07-31,7242,カヤバ,プライム（内国株式）,輸送用機器,3255,3290,3250,3265,10,0.30722,124400,OK
2025-07-31,7244,市光工業,プライム（内国株式）,電気機器,385,392,381,382,1,0.262467,161500,OK
2025-07-31,7245,大同メタル工業,プライム（内国株式）,輸送用機器,687,700,685,693,9,1.315789,122200,OK
2025-07-31,7246,プレス工業,プライム（内国株式）,輸送用機器,600,600,595,599,1,0.167224,258700,OK
2025-07-31,7247,ミクニ,スタンダード（内国株式）,輸送用機器,300,302,300,302,2,0.666667,25600,OK
2025-07-31,7250,太平洋工業,プライム（内国株式）,輸送用機器,2080,2084,2077,2077,-8,-0.383693,577100,OK
2025-07-31,7254,ユニバンス,スタンダード（内国株式）,輸送用機器,511,513,508,510,-1,-0.195695,7100,OK
2025-07-31,7255,桜井製作所,スタンダード（内国株式）,輸送用機器,600,600,600,600,0,0,1100,OK
2025-07-31,7256,河西工業,スタンダード（内国株式）,輸送用機器,108,109,106,107,-2,-1.834862,343500,OK
2025-07-31,7259,アイシン,プライム（内国株式）,輸送用機器,1988,2170,1972.5,2099,86,4.272231,8955200,OK
2025-07-31,7261,マツダ,プライム（内国株式）,輸送用機器,922.3,929.5,907,911.2,-9.9,-1.074802,7990000,OK
2025-07-31,7264,ムロコーポレーション,スタンダード（内国株式）,輸送用機器,1206,1210,1201,1210,0,0,700,OK
2025-07-31,7265,エイケン工業,スタンダード（内国株式）,輸送用機器,3870,3870,3870,3870,70,1.842105,500,OK
2025-07-31,7266,今仙電機製作所,スタンダード（内国株式）,輸送用機器,702,718,702,717,13,1.846591,38900,OK
2025-07-31,7267,本田技研工業,プライム（内国株式）,輸送用機器,1590,1591,1565.5,1569,-20.5,-1.289714,26164300,OK
2025-07-31,7269,スズキ,プライム（内国株式）,輸送用機器,1687.5,1696.5,1657,1666.5,-12,-0.714924,6014100,OK
2025-07-31,7270,ＳＵＢＡＲＵ,プライム（内国株式）,輸送用機器,2825.5,2838.5,2776,2779.5,-27,-0.962052,3465300,OK
2025-07-31,7271,安永,スタンダード（内国株式）,輸送用機器,524,524,519,519,-1,-0.192308,4200,OK
2025-07-31,7272,ヤマハ発動機,プライム（内国株式）,輸送用機器,1101.5,1102.5,1090,1093.5,-9.5,-0.861287,5837600,OK
2025-07-31,7273,イクヨ,スタンダード（内国株式）,輸送用機器,828,856,809,826,70,9.259259,1503700,OK
2025-07-31,7276,小糸製作所,プライム（内国株式）,電気機器,1930,1953,1925,1937,-14,-0.717581,2435100,OK
2025-07-31,7277,ＴＢＫ,スタンダード（内国株式）,輸送用機器,317,317,315,316,0,0,35800,OK
2025-07-31,7278,エクセディ,プライム（内国株式）,輸送用機器,4795,4845,4760,4770,-40,-0.831601,362500,OK
2025-07-31,7279,ハイレックスコーポレーション,スタンダード（内国株式）,輸送用機器,2527,2527,2490,2490,-50,-1.968504,49400,OK
2025-07-31,7280,ミツバ,プライム（内国株式）,電気機器,854,862,845,858,12,1.41844,84800,OK
2025-07-31,7282,豊田合成,プライム（内国株式）,輸送用機器,3217,3300,3151,3206,-56,-1.716738,1060900,OK
2025-07-31,7283,愛三工業,プライム（内国株式）,輸送用機器,1699,1712,1657,1677,-33,-1.929825,420700,OK
2025-07-31,7284,盟和産業,スタンダード（内国株式）,輸送用機器,1215,1220,1210,1220,0,0,1400,OK
2025-07-31,7287,日本精機,スタンダード（内国株式）,輸送用機器,1548,1566,1541,1560,15,0.970874,70000,OK
2025-07-31,7291,日本プラスト,スタンダード（内国株式）,輸送用機器,376,385,375,383,7,1.861702,64400,OK
2025-07-31,7292,村上開明堂,スタンダード（内国株式）,輸送用機器,6500,6620,6480,6620,20,0.30303,2500,OK
2025-07-31,7294,ヨロズ,プライム（内国株式）,輸送用機器,940,951,940,946,8,0.852878,26000,OK
2025-07-31,7296,エフ・シー・シー,プライム（内国株式）,輸送用機器,3050,3080,3035,3035,-30,-0.978793,135200,OK
2025-07-31,7297,カーメイト,スタンダード（内国株式）,輸送用機器,850,855,840,840,-10,-1.176471,22800,OK
2025-07-31,7299,フジオーゼックス,スタンダード（内国株式）,輸送用機器,1470,1473,1430,1439,-17,-1.167582,16200,OK
2025-07-31,7305,新家工業,スタンダード（内国株式）,鉄鋼,5040,5040,5000,5010,0,0,8500,OK
2025-07-31,7309,シマノ,プライム（内国株式）,輸送用機器,16210,16670,16125,16575,150,0.913242,1927900,OK
2025-07-31,7313,テイ・エス　テック,プライム（内国株式）,輸送用機器,1807,1820.5,1802,1816.5,6,0.3314,949000,OK
2025-07-31,7314,小田原機器,スタンダード（内国株式）,輸送用機器,1103,1118,1103,1107,4,0.362647,2200,OK
2025-07-31,7317,松屋アールアンドディ,グロース（内国株式）,輸送用機器,705,706,701,706,1,0.141844,10500,OK
2025-07-31,7318,セレンディップ・ホールディングス,グロース（内国株式）,輸送用機器,3670,3720,3630,3690,-25,-0.672948,34900,OK
2025-07-31,7320,Ｓｏｌｖｖｙ,グロース（内国株式）,その他金融業,1812,1840,1810,1810,-2,-0.110375,9200,OK
2025-07-31,7322,三十三フィナンシャルグループ,プライム（内国株式）,銀行業,3355,3415,3355,3410,65,1.943199,54700,OK
2025-07-31,7325,アイリックコーポレーション,グロース（内国株式）,保険業,752,753,750,752,-1,-0.132802,6100,OK
2025-07-31,7326,ＳＢＩインシュアランスグループ,グロース（内国株式）,保険業,1474,1481,1430,1465,0,0,61500,OK
2025-07-31,7327,第四北越フィナンシャルグループ,プライム（内国株式）,銀行業,3695,3735,3680,3720,95,2.62069,310200,OK
2025-07-31,7337,ひろぎんホールディングス,プライム（内国株式）,銀行業,1300.5,1330,1300.5,1325.5,26.5,2.040031,1051600,OK
2025-07-31,7343,ブロードマインド,グロース（内国株式）,保険業,1117,1119,1113,1113,-4,-0.358102,2400,OK
2025-07-31,7345,アイ・パートナーズフィナンシャル,グロース（内国株式）,その他金融業,603,603,603,603,1,0.166113,500,OK
2025-07-31,7347,マーキュリアホールディングス,プライム（内国株式）,証券･商品先物取引業,807,807,801,805,3,0.374065,11600,OK
2025-07-31,7350,おきなわフィナンシャルグループ,プライム（内国株式）,銀行業,3365,3440,3365,3435,60,1.777778,81000,OK
2025-07-31,7351,グッドパッチ,グロース（内国株式）,サービス業,825,832,818,831,4,0.483676,36500,OK
2025-07-31,7352,ＴＷＯＳＴＯＮＥ＆Ｓｏｎｓ,グロース（内国株式）,サービス業,864,892,864,888,23,2.65896,83700,OK
2025-07-31,7353,ＫＩＹＯラーニング,グロース（内国株式）,サービス業,712,715,709,715,-4,-0.556328,9300,OK
2025-07-31,7354,ダイレクトマーケティングミックス,プライム（内国株式）,サービス業,256,259,253,258,4,1.574803,91500,OK
2025-07-31,7355,一寸房,TOKYO PRO MARKET（内国株式）,サービス業,,,,,,,,NO_QUOTE
2025-07-31,7356,Ｒｅｔｔｙ,グロース（内国株式）,サービス業,223,242,216,220,-17,-7.172996,955000,OK
2025-07-31,7357,ジオコード,スタンダード（内国株式）,サービス業,1327,1400,1310,1315,26,2.017067,60900,OK
2025-07-31,7358,ポピンズ,スタンダード（内国株式）,サービス業,1336,1360,1336,1360,25,1.872659,22300,OK
2025-07-31,7359,東京通信グループ,グロース（内国株式）,サービス業,473,490,468,490,21,4.477612,244200,OK
2025-07-31,7360,オンデック,グロース（内国株式）,サービス業,953,954,921,953,16,1.707577,2800,OK
2025-07-31,7361,ヒューマンクリエイションホールディングス,グロース（内国株式）,サービス業,1156,1156,1148,1150,-1,-0.086881,2900,OK
2025-07-31,7362,Ｔ．Ｓ．Ｉ,グロース（内国株式）,サービス業,825,831,825,830,10,1.219512,1600,OK
2025-07-31,7363,ベビーカレンダー,グロース（内国株式）,サービス業,1566,1566,1540,1540,14,0.917431,2200,OK
2025-07-31,7364,琉球アスティーダスポーツクラブ,TOKYO PRO MARKET（内国株式）,サービス業,,,,,,,,NO_QUOTE
2025-07-31,7366,ＬＩＴＡＬＩＣＯ,プライム（内国株式）,サービス業,1433,1433,1385,1426,-7,-0.488486,291800,OK
2025-07-31,7367,セルム,スタンダード（内国株式）,サービス業,350,350,347,350,1,0.286533,5500,OK
2025-07-31,7368,表示灯,スタンダード（内国株式）,サービス業,1676,1700,1676,1700,24,1.431981,3100,OK
2025-07-31,7369,メイホーホールディングス,グロース（内国株式）,サービス業,808,810,800,801,-8,-0.988875,4500,OK
2025-07-31,7370,Ｅｎｊｉｎ,グロース（内国株式）,サービス業,827,834,827,827,-1,-0.120773,5200,OK
2025-07-31,7371,Ｚｅｎｋｅｎ,グロース（内国株式）,サービス業,690,690,682,685,-5,-0.724638,8500,OK
2025-07-31,7372,デコルテ・ホールディングス,グロース（内国株式）,サービス業,349,351,344,345,-5,-1.428571,3600,OK
2025-07-31,7373,アイドマ・ホールディングス,グロース（内国株式）,サービス業,2472,2493,2418,2450,-12,-0.487409,79400,OK
2025-07-31,7374,コンフィデンス・インターワークス,グロース（内国株式）,サービス業,1619,1619,1600,1612,12,0.75,5700,OK
2025-07-31,7375,リファインバースグループ,グロース（内国株式）,サービス業,748,750,740,750,2,0.26738,1800,OK
2025-07-31,7376,ＢＣＣ,グロース（内国株式）,サービス業,,,,,,,,NO_QUOTE
2025-07-31,7377,ＤＮホールディングス,スタンダード（内国株式）,サービス業,2133,2150,2133,2145,13,0.609756,1700,OK
2025-07-31,7378,アシロ,グロース（内国株式）,サービス業,1924,2013,1924,2000,90,4.712042,153400,OK
2025-07-31,7379,サーキュレーション,グロース（内国株式）,サービス業,900,900,899,899,-1,-0.111111,19600,OK
2025-07-31,7380,十六フィナンシャルグループ,プライム（内国株式）,銀行業,5150,5260,5130,5240,60,1.158301,87100,OK
2025-07-31,7381,北國フィナンシャルホールディングス,プライム（内国株式）,銀行業,5580,5630,5520,5600,50,0.900901,109200,OK
2025-07-31,7383,ネットプロテクションズホールディングス,プライム（内国株式）,その他金融業,753,757,746,750,1,0.133511,593100,OK
2025-07-31,7384,プロクレアホールディングス,プライム（内国株式）,銀行業,1519,1535,1519,1535,16,1.053325,65900,OK
2025-07-31,7388,ＦＰパートナー,プライム（内国株式）,保険業,2060,2075,2051,2075,32,1.566324,78400,OK
2025-07-31,7389,あいちフィナンシャルグループ,プライム（内国株式）,銀行業,2691,2725,2683,2719,28,1.040505,121700,OK
2025-07-31,7399,ナンシン,スタンダード（内国株式）,輸送用機器,537,541,537,540,0,0,28700,OK
2025-07-31,7409,ＡｅｒｏＥｄｇｅ,グロース（内国株式）,輸送用機器,3335,3395,3310,3380,105,3.206107,57600,OK
2025-07-31,7412,アトム,スタンダード（内国株式）,小売業,671,675,669,675,7,1.047904,146300,OK
2025-07-31,7413,創健社,スタンダード（内国株式）,卸売業,2559,2559,2559,2559,-1,-0.039062,100,OK
2025-07-31,7414,小野建,プライム（内国株式）,卸売業,1436,1450,1436,1446,15,1.048218,38700,OK
2025-07-31,7416,はるやまホールディングス,スタンダード（内国株式）,小売業,801,845,800,845,43,5.361596,22600,OK
2025-07-31,7417,南陽,スタンダード（内国株式）,卸売業,1336,1346,1332,1333,-3,-0.224551,10400,OK
2025-07-31,7419,ノジマ,プライム（内国株式）,小売業,3365,3620,3345,3465,320,10.174881,779400,OK
2025-07-31,7420,佐鳥電機,プライム（内国株式）,卸売業,1722,1739,1722,1737,22,1.282799,62600,OK
2025-07-31,7421,カッパ・クリエイト,プライム（内国株式）,小売業,1519,1522,1511,1520,1,0.065833,66400,OK
2025-07-31,7422,東邦レマック,スタンダード（内国株式）,卸売業,567,603,567,599,26,4.537522,56400,OK
2025-07-31,7425,初穂商事,スタンダード（内国株式）,卸売業,,,,,,,,NO_QUOTE
2025-07-31,7426,山大,スタンダード（内国株式）,卸売業,1112,1379,1112,1314,201,18.059299,197100,OK
2025-07-31,7427,エコートレーディング,スタンダード（内国株式）,卸売業,875,878,868,878,7,0.803674,9300,OK
2025-07-31,7433,伯東,プライム（内国株式）,卸売業,3795,3830,3785,3815,20,0.527009,68100,OK
2025-07-31,7434,オータケ,スタンダード（内国株式）,卸売業,1789,1789,1764,1764,1,0.056721,300,OK
2025-07-31,7435,ナ・デックス,スタンダード（内国株式）,卸売業,944,944,938,940,0,0,4100,OK
2025-07-31,7438,コンドーテック,プライム（内国株式）,卸売業,1597,1605,1587,1594,-3,-0.187852,11200,OK
2025-07-31,7442,中山福,スタンダード（内国株式）,卸売業,405,406,403,405,2,0.496278,14200,OK
2025-07-31,7443,横浜魚類,スタンダード（内国株式）,卸売業,600,600,597,599,-1,-0.166667,1400,OK
2025-07-31,7444,ハリマ共和物産,スタンダード（内国株式）,卸売業,1909,1909,1909,1909,9,0.473684,100,OK
2025-07-31,7445,ライトオン,スタンダード（内国株式）,小売業,325,328,323,324,1,0.309598,38800,OK
2025-07-31,7446,東北化学薬品,スタンダード（内国株式）,卸売業,4030,4055,4005,4015,55,1.388889,1800,OK
2025-07-31,7447,ナガイレーベン,プライム（内国株式）,卸売業,2189,2205,2182,2200,16,0.732601,68200,OK
2025-07-31,7450,サンデー,スタンダード（内国株式）,小売業,1054,1056,1052,1054,-3,-0.283822,10100,OK
2025-07-31,7451,三菱食品,スタンダード（内国株式）,卸売業,6320,6320,6310,6320,10,0.158479,49400,OK
2025-07-31,7453,良品計画,プライム（内国株式）,小売業,7075,7240,6923,7170,40,0.56101,14484700,OK
2025-07-31,7455,パリミキホールディングス,スタンダード（内国株式）,小売業,295,297,294,295,1,0.340136,22500,OK
2025-07-31,7456,松田産業,プライム（内国株式）,卸売業,3565,3630,3565,3615,0,0,32400,OK
2025-07-31,7458,第一興商,プライム（内国株式）,卸売業,1621,1628.5,1614,1626,11.5,0.712295,275100,OK
2025-07-31,7459,メディパルホールディングス,プライム（内国株式）,卸売業,2513,2523.5,2503,2510,8.5,0.339796,363900,OK
2025-07-31,7460,ヤギ,スタンダード（内国株式）,卸売業,3005,3015,2980,2999,3,0.100134,5600,OK
2025-07-31,7461,キムラ,スタンダード（内国株式）,卸売業,504,508,504,508,4,0.793651,700,OK
2025-07-31,7462,ＣＡＰＩＴＡ,スタンダード（内国株式）,小売業,447,447,446,446,2,0.45045,4000,OK
2025-07-31,7463,アドヴァングループ,スタンダード（内国株式）,小売業,870,876,862,867,-4,-0.459242,43800,OK
2025-07-31,7464,セフテック,スタンダード（内国株式）,卸売業,1650,1677,1650,1670,7,0.420926,3000,OK
2025-07-31,7466,ＳＰＫ,プライム（内国株式）,卸売業,2265,2389,2265,2389,128,5.661212,26600,OK
2025-07-31,7467,萩原電気ホールディングス,プライム（内国株式）,卸売業,3425,3460,3425,3455,35,1.023392,27500,OK
2025-07-31,7472,鳥羽洋行,スタンダード（内国株式）,卸売業,3680,3680,3645,3655,20,0.550206,600,OK
2025-07-31,7475,アルビス,プライム（内国株式）,小売業,3040,3325,3015,3325,325,10.833333,242400,OK
2025-07-31,7476,アズワン,プライム（内国株式）,卸売業,2379,2419,2369,2390.5,2.5,0.10469,161900,OK
2025-07-31,7477,ムラキ,スタンダード（内国株式）,卸売業,1301,1315,1301,1315,20,1.544402,500,OK
2025-07-31,7480,スズデン,スタンダード（内国株式）,卸売業,1710,1714,1695,1709,11,0.647821,8800,OK
2025-07-31,7481,尾家産業,スタンダード（内国株式）,卸売業,2155,2175,2155,2155,0,0,2700,OK
2025-07-31,7482,シモジマ,プライム（内国株式）,卸売業,1254,1258,1246,1258,5,0.399042,26300,OK
2025-07-31,7483,ドウシシャ,プライム（内国株式）,卸売業,2500,2530,2488,2519,7,0.278662,109100,OK
2025-07-31,7486,サンリン,スタンダード（内国株式）,卸売業,686,700,686,700,10,1.449275,6200,OK
2025-07-31,7487,小津産業,スタンダード（内国株式）,卸売業,1651,1653,1648,1648,-3,-0.181708,5100,OK
2025-07-31,7490,日新商事,スタンダード（内国株式）,卸売業,1140,1149,1138,1148,13,1.145374,2200,OK
2025-07-31,7494,コナカ,スタンダード（内国株式）,小売業,246,246,244,246,1,0.408163,24100,OK
2025-07-31,7500,西川計測,スタンダード（内国株式）,卸売業,9990,10000,9710,9710,-360,-3.574975,600,OK
2025-07-31,7501,ティムコ,スタンダード（内国株式）,卸売業,952,952,952,952,3,0.316122,200,OK
2025-07-31,7502,プラザホールディングス,スタンダード（内国株式）,サービス業,1790,1790,1782,1782,0,0,300,OK
2025-07-31,7504,高速,プライム（内国株式）,卸売業,2876,2919,2876,2912,36,1.251739,27200,OK
2025-07-31,7505,扶桑電通,スタンダード（内国株式）,卸売業,2879,2921,2850,2880,13,0.453436,5400,OK
2025-07-31,7506,ハウス　オブ　ローゼ,スタンダード（内国株式）,小売業,1369,1369,1367,1369,0,0,1600,OK
2025-07-31,7508,Ｇ‐７ホールディングス,プライム（内国株式）,小売業,1318,1318,1291,1311,1,0.076336,60800,OK
2025-07-31,7509,アイエーグループ,スタンダード（内国株式）,小売業,3630,3770,3630,3700,70,1.928375,2200,OK
2025-07-31,7510,たけびし,プライム（内国株式）,卸売業,1881,1899,1880,1899,41,2.206674,8800,OK
2025-07-31,7512,イオン北海道,スタンダード（内国株式）,小売業,899,899,894,898,1,0.111483,56900,OK
2025-07-31,7513,コジマ,プライム（内国株式）,小売業,1187,1216,1184,1205,13,1.090604,253900,OK
2025-07-31,7514,ヒマラヤ,スタンダード（内国株式）,小売業,873,874,872,874,2,0.229358,5500,OK
2025-07-31,7515,マルヨシセンター,スタンダード（内国株式）,小売業,,,,,,,,NO_QUOTE
2025-07-31,7516,コーナン商事,プライム（内国株式）,小売業,3875,3900,3860,3900,35,0.905563,56900,OK
2025-07-31,7520,エコス,プライム（内国株式）,小売業,2454,2464,2429,2464,35,1.440922,41000,OK
2025-07-31,7521,ムサシ,スタンダード（内国株式）,卸売業,1941,1958,1931,1948,-2,-0.102564,10000,OK
2025-07-31,7522,ワタミ,プライム（内国株式）,小売業,1017,1021,1008,1018,1,0.098328,43700,OK
2025-07-31,7523,アールビバン,スタンダード（内国株式）,小売業,1058,1060,1052,1052,-4,-0.378788,5400,OK
2025-07-31,7524,マルシェ,スタンダード（内国株式）,小売業,199,199,198,199,0,0,13900,OK
2025-07-31,7525,リックス,プライム（内国株式）,卸売業,3275,3315,3275,3305,30,0.916031,5900,OK
2025-07-31,7527,システムソフト,スタンダード（内国株式）,情報･通信業,68,70,68,68,0,0,882700,OK
2025-07-31,7531,清和中央ホールディングス,スタンダード（内国株式）,卸売業,1660,1660,1660,1660,0,0,1000,OK
2025-07-31,7532,パン・パシフィック・インターナショナルホールディングス,プライム（内国株式）,小売業,4997,5088,4963,5069,81,1.623897,1932600,OK
2025-07-31,7537,丸文,プライム（内国株式）,卸売業,1089,1106,1088,1106,17,1.561065,72500,OK
2025-07-31,7538,大水,スタンダード（内国株式）,卸売業,335,335,334,334,-1,-0.298507,4000,OK
2025-07-31,7539,アイナボホールディングス,スタンダード（内国株式）,卸売業,707,740,702,717,16,2.282454,44600,OK
2025-07-31,7544,スリーエフ,スタンダード（内国株式）,小売業,497,499,497,499,0,0,3500,OK
2025-07-31,7545,西松屋チェーン,プライム（内国株式）,小売業,2223,2239,2215,2237,19,0.856628,357300,OK
2025-07-31,7550,ゼンショーホールディングス,プライム（内国株式）,小売業,7997,8017,7895,7996,40,0.502765,445300,OK
2025-07-31,7551,ウェッズ,スタンダード（内国株式）,輸送用機器,624,624,620,621,-3,-0.480769,2200,OK
2025-07-31,7552,ハピネット,プライム（内国株式）,卸売業,5790,5870,5700,5730,-50,-0.865052,99900,OK
2025-07-31,7554,幸楽苑,プライム（内国株式）,小売業,1018,1025,1018,1025,7,0.687623,38000,OK
2025-07-31,7555,大田花き,スタンダード（内国株式）,卸売業,746,746,745,745,1,0.134409,200,OK
2025-07-31,7561,ハークスレイ,スタンダード（内国株式）,小売業,627,634,626,631,5,0.798722,15900,OK
2025-07-31,7562,安楽亭,スタンダード（内国株式）,小売業,7340,7350,7330,7350,20,0.272851,1600,OK
2025-07-31,7564,ワークマン,スタンダード（内国株式）,小売業,6340,6620,6300,6520,280,4.487179,362300,OK
2025-07-31,7565,萬世電機,スタンダード（内国株式）,卸売業,4640,4640,4640,4640,30,0.650759,100,OK
2025-07-31,7567,栄電子,スタンダード（内国株式）,卸売業,475,476,472,474,-1,-0.210526,2700,OK
2025-07-31,7570,橋本総業ホールディングス,スタンダード（内国株式）,卸売業,1311,1325,1260,1285,-16,-1.229823,31100,OK
2025-07-31,7571,ヤマノホールディングス,スタンダード（内国株式）,小売業,102,102,100,100,-2,-1.960784,230800,OK
2025-07-31,7575,日本ライフライン,プライム（内国株式）,卸売業,1463,1466,1450,1453,-5,-0.342936,149400,OK
2025-07-31,7578,ニチリョク,スタンダード（内国株式）,小売業,125,125,123,124,0,0,63300,OK
2025-07-31,7581,サイゼリヤ,プライム（内国株式）,小売業,5200,5340,5180,5340,140,2.692308,354400,OK
2025-07-31,7585,かんなん丸,スタンダード（内国株式）,小売業,420,420,419,420,0,0,800,OK
2025-07-31,7590,タカショー,スタンダード（内国株式）,卸売業,421,430,421,429,7,1.658768,21200,OK
2025-07-31,7593,ＶＴホールディングス,プライム（内国株式）,小売業,465,468,464,468,5,1.079914,232700,OK
2025-07-31,7595,アルゴグラフィックス,プライム（内国株式）,情報･通信業,5180,5300,5160,5290,50,0.954198,31300,OK
2025-07-31,7596,魚力,プライム（内国株式）,小売業,2444,2450,2421,2448,28,1.157025,8700,OK
2025-07-31,7599,ＩＤＯＭ,プライム（内国株式）,卸売業,966,985,963,984,16,1.652893,788200,OK
2025-07-31,7600,日本エム・ディ・エム,プライム（内国株式）,精密機器,533,537,527,528,-5,-0.938086,99400,OK
2025-07-31,7601,ポプラ,スタンダード（内国株式）,小売業,183,184,182,183,-1,-0.543478,3400,OK
2025-07-31,7602,レダックス,スタンダード（内国株式）,卸売業,135,136,134,135,0,0,14200,OK
2025-07-31,7603,マックハウス,スタンダード（内国株式）,小売業,460,464,450,450,-16,-3.433476,641300,OK
2025-07-31,7604,梅の花グループ,スタンダード（内国株式）,小売業,822,824,820,823,1,0.121655,10500,OK
2025-07-31,7605,フジ・コーポレーション,プライム（内国株式）,小売業,2818,2820,2816,2819,2,0.070998,48000,OK
2025-07-31,7606,ユナイテッドアローズ,プライム（内国株式）,小売業,2185,2198,2175,2197,23,1.057958,84800,OK
2025-07-31,7607,進和,プライム（内国株式）,卸売業,3350,3460,3340,3400,90,2.719033,65800,OK
2025-07-31,7608,エスケイジャパン,スタンダード（内国株式）,卸売業,1069,1078,1042,1073,4,0.374181,57200,OK
2025-07-31,7609,ダイトロン,プライム（内国株式）,卸売業,3700,3705,3680,3700,45,1.23119,21400,OK
2025-07-31,7610,テイツー,スタンダード（内国株式）,小売業,141,147,141,145,4,2.836879,1542700,OK
2025-07-31,7611,ハイデイ日高,プライム（内国株式）,小売業,3390,3415,3360,3400,50,1.492537,174200,OK
2025-07-31,7613,シークス,プライム（内国株式）,卸売業,1220,1245,1217,1237,27,2.231405,145700,OK
2025-07-31,7614,オーエムツーネットワーク,スタンダード（内国株式）,小売業,1481,1504,1479,1504,14,0.939597,16600,OK
2025-07-31,7615,京都きもの友禅ホールディングス,スタンダード（内国株式）,小売業,91,91,90,91,1,1.111111,68100,OK
2025-07-31,7616,コロワイド,プライム（内国株式）,小売業,1975,1975,1949,1959,4,0.204604,370000,OK
2025-07-31,7619,田中商事,スタンダード（内国株式）,卸売業,743,752,743,750,9,1.214575,3000,OK
2025-07-31,7621,うかい,スタンダード（内国株式）,小売業,3575,3580,3570,3570,-5,-0.13986,600,OK
2025-07-31,7623,サンオータス,スタンダード（内国株式）,小売業,831,832,831,831,0,0,800,OK
2025-07-31,7624,ＮａＩＴＯ,スタンダード（内国株式）,卸売業,133,133,132,132,-1,-0.75188,9900,OK
2025-07-31,7625,グローバルダイニング,スタンダード（内国株式）,小売業,341,348,339,348,7,2.052786,19400,OK
2025-07-31,7628,オーハシテクニカ,プライム（内国株式）,卸売業,2087,2167,2087,2154,65,3.111537,8400,OK
2025-07-31,7630,壱番屋,プライム（内国株式）,小売業,976,979,969,977,4,0.4111,230600,OK
2025-07-31,7634,星医療酸器,スタンダード（内国株式）,卸売業,4550,4570,4550,4570,20,0.43956,1500,OK
2025-07-31,7635,杉田エース,スタンダード（内国株式）,卸売業,,,,,,,,NO_QUOTE
2025-07-31,7636,ハンズマン,スタンダード（内国株式）,小売業,801,802,795,802,1,0.124844,5500,OK
2025-07-31,7637,白銅,プライム（内国株式）,卸売業,2419,2432,2410,2432,19,0.787402,12200,OK
2025-07-31,7638,ＮＥＷ　ＡＲＴ　ＨＯＬＤＩＮＧＳ,スタンダード（内国株式）,小売業,1398,1403,1396,1396,-2,-0.143062,5300,OK
2025-07-31,7640,トップカルチャー,スタンダード（内国株式）,小売業,153,154,152,154,2,1.315789,4500,OK
2025-07-31,7643,ダイイチ,スタンダード（内国株式）,小売業,1834,1875,1834,1861,27,1.472192,5300,OK
2025-07-31,7646,ＰＬＡＮＴ,スタンダード（内国株式）,小売業,1538,1540,1528,1533,2,0.130634,3600,OK
2025-07-31,7649,スギホールディングス,プライム（内国株式）,小売業,3611,3664,3603,3655,81,2.266368,525600,OK
2025-07-31,7670,オーウエル,スタンダード（内国株式）,卸売業,968,968,965,966,1,0.103627,700,OK
2025-07-31,7673,ダイコー通産,スタンダード（内国株式）,卸売業,1500,1550,1500,1538,45,3.014066,20800,OK
2025-07-31,7674,ＮＡＴＴＹ　ＳＷＡＮＫＹホールディングス,グロース（内国株式）,小売業,3155,3155,3145,3145,-10,-0.316957,5500,OK
2025-07-31,7677,ヤシマキザイ,スタンダード（内国株式）,卸売業,,,,,,,,NO_QUOTE
2025-07-31,7678,あさくま,スタンダード（内国株式）,小売業,4200,4295,4185,4295,105,2.505967,33300,OK
2025-07-31,7679,薬王堂ホールディングス,プライム（内国株式）,小売業,2297,2323,2284,2314,6,0.259965,20400,OK
2025-07-31,7680,軽自動車館,TOKYO PRO MARKET（内国株式）,小売業,,,,,,,,NO_QUOTE
2025-07-31,7681,レオクラン,スタンダード（内国株式）,卸売業,1033,1033,1029,1029,-4,-0.387222,1000,OK
2025-07-31,7682,浜木綿,スタンダード（内国株式）,小売業,3955,3955,3910,3920,-15,-0.381194,5500,OK
2025-07-31,7683,ダブルエー,プライム（内国株式）,小売業,1312,1324,1310,1321,9,0.685976,29300,OK
2025-07-31,7685,ＢｕｙＳｅｌｌ　Ｔｅｃｈｎｏｌｏｇｉｅｓ,グロース（内国株式）,卸売業,2850,2945,2850,2915,83,2.930791,115400,OK
2025-07-31,7686,ひとまいる,スタンダード（内国株式）,小売業,479,480,478,479,0,0,3300,OK
2025-07-31,7687,ミクリード,グロース（内国株式）,卸売業,467,475,451,474,1,0.211416,30100,OK
2025-07-31,7689,コパ・コーポレーション,グロース（内国株式）,卸売業,500,507,497,497,-3,-0.6,6500,OK
2025-07-31,7690,カレント自動車,TOKYO PRO MARKET（内国株式）,卸売業,,,,,,,,NO_QUOTE
2025-07-31,7691,Ｃ　Ｃｈａｎｎｅｌ,TOKYO PRO MARKET（内国株式）,小売業,,,,,,,,NO_QUOTE
2025-07-31,7692,アースインフィニティ,スタンダード（内国株式）,電気･ガス業,114,118,114,115,0,0,582000,OK
2025-07-31,7693,北海道歯科産業,TOKYO PRO MARKET（内国株式）,卸売業,,,,,,,,NO_QUOTE
2025-07-31,7694,いつも,グロース（内国株式）,小売業,979,1035,954,975,26,2.739726,453200,OK
2025-07-31,7695,交換できるくん,グロース（内国株式）,小売業,2377,2377,2349,2369,-8,-0.336559,1100,OK
2025-07-31,7698,アイスコ,スタンダード（内国株式）,卸売業,1809,1814,1804,1808,4,0.221729,6100,OK
2025-07-31,7701,島津製作所,プライム（内国株式）,精密機器,3395,3395,3352,3360,-30,-0.884956,786600,OK
2025-07-31,7702,ＪＭＳ,スタンダード（内国株式）,精密機器,448,448,443,443,-2,-0.449438,20900,OK
2025-07-31,7707,プレシジョン・システム・サイエンス,グロース（内国株式）,精密機器,197,197,194,194,-1,-0.512821,65800,OK
2025-07-31,7709,クボテック,スタンダード（内国株式）,精密機器,190,196,188,195,6,3.174603,94300,OK
2025-07-31,7711,助川電気工業,スタンダード（内国株式）,精密機器,2692,2692,2623,2626,-22,-0.830816,153100,OK
2025-07-31,7713,シグマ光機,スタンダード（内国株式）,精密機器,1326,1334,1325,1333,7,0.527903,4800,OK
2025-07-31,7715,長野計器,プライム（内国株式）,精密機器,2080,2116,2075,2099,18,0.864969,97400,OK
2025-07-31,7716,ナカニシ,スタンダード（内国株式）,精密機器,1920,1961,1911,1957,37,1.927083,152900,OK
2025-07-31,7717,ブイ・テクノロジー,プライム（内国株式）,精密機器,2953,3020,2949,2994,52,1.767505,132800,OK
2025-07-31,7718,スター精密,プライム（内国株式）,機械,1751,1770,1745,1749,7,0.401837,148900,OK
2025-07-31,7719,東京衡機,スタンダード（内国株式）,精密機器,238,244,237,243,4,1.67364,43100,OK
2025-07-31,7721,東京計器,プライム（内国株式）,精密機器,4030,4190,4030,4135,65,1.597052,270600,OK
2025-07-31,7722,国際計測器,スタンダード（内国株式）,精密機器,568,577,556,573,7,1.236749,42000,OK
2025-07-31,7723,愛知時計電機,プライム（内国株式）,精密機器,2376,2400,2366,2398,44,1.869159,20200,OK
2025-07-31,7725,インターアクション,プライム（内国株式）,精密機器,1345,1371,1344,1350,5,0.371747,103300,OK
2025-07-31,7726,黒田精工,スタンダード（内国株式）,機械,921,927,914,927,6,0.651466,3600,OK
2025-07-31,7727,オーバル,スタンダード（内国株式）,精密機器,475,478,471,476,1,0.210526,62700,OK
2025-07-31,7729,東京精密,プライム（内国株式）,精密機器,9390,9613,9340,9550,185,1.97544,263000,OK
2025-07-31,7730,マニー,プライム（内国株式）,精密機器,1270,1277.5,1267,1276.5,2.5,0.196232,343500,OK
2025-07-31,7731,ニコン,プライム（内国株式）,精密機器,1464.5,1478.5,1464,1473.5,2.5,0.169952,1184300,OK
2025-07-31,7732,トプコン,プライム（内国株式）,精密機器,3295,3295,3293,3295,0,0,698700,OK
2025-07-31,7733,オリンパス,プライム（内国株式）,精密機器,1808.5,1821,1804,1811.5,3,0.165883,3416900,OK
2025-07-31,7734,理研計器,プライム（内国株式）,精密機器,3180,3245,3165,3205,55,1.746032,66500,OK
2025-07-31,7735,ＳＣＲＥＥＮホールディングス,プライム（内国株式）,電気機器,11640,12160,11475,11980,415,3.588413,2521900,OK
2025-07-31,7739,キヤノン電子,プライム（内国株式）,電気機器,2525,2569,2513,2560,40,1.587302,79000,OK
2025-07-31,7740,タムロン,プライム（内国株式）,精密機器,906,921,904,915,16,1.779755,659800,OK
2025-07-31,7741,ＨＯＹＡ,プライム（内国株式）,精密機器,18930,19220,18900,19180,250,1.320655,1008900,OK
2025-07-31,7743,シード,プライム（内国株式）,精密機器,486,486,481,482,-4,-0.823045,31400,OK
2025-07-31,7744,ノーリツ鋼機,プライム（内国株式）,精密機器,1576,1605,1574,1592,16,1.015228,1417900,OK
2025-07-31,7745,Ａ＆Ｄホロンホールディングス,プライム（内国株式）,精密機器,2011,2034,2002,2026,2,0.098814,128300,OK
2025-07-31,7746,岡本硝子,スタンダード（内国株式）,精密機器,174,175,170,171,-4,-2.285714,212400,OK
2025-07-31,7747,朝日インテック,プライム（内国株式）,精密機器,2348.5,2365,2339,2364.5,4,0.169456,839300,OK
2025-07-31,7749,メディキット,スタンダード（内国株式）,精密機器,2560,2562,2555,2562,-6,-0.233645,1200,OK
2025-07-31,7751,キヤノン,プライム（内国株式）,電気機器,4279,4307,4243,4300,11,0.25647,5816600,OK
2025-07-31,7752,リコー,プライム（内国株式）,電気機器,1317.5,1331,1310,1330.5,10.5,0.795455,2210000,OK
2025-07-31,7760,ＩＭＶ,スタンダード（内国株式）,精密機器,1760,1806,1760,1797,52,2.979943,136300,OK
2025-07-31,7762,シチズン時計,プライム（内国株式）,精密機器,905,909,903,909,7,0.776053,747900,OK
2025-07-31,7769,リズム,プライム（内国株式）,精密機器,3035,3035,3020,3025,0,0,36100,OK
2025-07-31,7771,日本精密,スタンダード（内国株式）,精密機器,90,90,86,88,-1,-1.123596,133100,OK
2025-07-31,7774,ジャパン・ティッシュエンジニアリング,グロース（内国株式）,精密機器,578,587,567,582,-56,-8.777429,329800,OK
2025-07-31,7775,大研医器,スタンダード（内国株式）,精密機器,442,443,441,441,-1,-0.226244,20400,OK
2025-07-31,7776,セルシード,グロース（内国株式）,精密機器,469,480,469,478,8,1.702128,247100,OK
2025-07-31,7777,スリー・ディー・マトリックス,グロース（内国株式）,精密機器,223,230,219,230,6,2.678571,3204300,OK
2025-07-31,7779,ＣＹＢＥＲＤＹＮＥ,グロース（内国株式）,精密機器,185,187,183,185,2,1.092896,453700,OK
2025-07-31,7780,メニコン,プライム（内国株式）,精密機器,1179,1184,1169,1176,-3,-0.254453,262200,OK
2025-07-31,7781,平山ホールディングス,スタンダード（内国株式）,精密機器,1037,1037,1032,1032,-1,-0.096805,6200,OK
2025-07-31,7782,シンシア,スタンダード（内国株式）,精密機器,595,601,591,600,-2,-0.332226,19300,OK
2025-07-31,7791,ドリームベッド,スタンダード（内国株式）,その他製品,820,820,820,820,-7,-0.846433,300,OK
2025-07-31,7792,コラントッテ,グロース（内国株式）,その他製品,1439,1454,1439,1454,23,1.607268,2100,OK
2025-07-31,7793,イメージ・マジック,グロース（内国株式）,その他製品,1378,1380,1378,1380,32,2.373887,800,OK
2025-07-31,7794,イーディーピー,グロース（内国株式）,その他製品,580,587,580,586,9,1.559792,17900,OK
2025-07-31,7795,ＫＹＯＲＩＴＳＵ,スタンダード（内国株式）,その他製品,185,185,183,185,0,0,87700,OK
2025-07-31,7800,アミファ,スタンダード（内国株式）,その他製品,639,640,639,640,1,0.156495,2000,OK
2025-07-31,7803,ブシロード,グロース（内国株式）,その他製品,676,678,670,675,0,0,137000,OK
2025-07-31,7804,ビーアンドピー,スタンダード（内国株式）,その他製品,2329,2340,2329,2335,7,0.300687,1300,OK
2025-07-31,7805,プリントネット,スタンダード（内国株式）,その他製品,750,751,746,747,-2,-0.267023,10600,OK
2025-07-31,7806,ＭＴＧ,グロース（内国株式）,その他製品,4790,4965,4765,4920,100,2.074689,302900,OK
2025-07-31,7807,幸和製作所,スタンダード（内国株式）,その他製品,780,784,780,784,6,0.771208,2100,OK
2025-07-31,7808,シー・エス・ランバー,スタンダード（内国株式）,その他製品,3115,3120,3030,3030,-115,-3.656598,4500,OK
2025-07-31,7809,壽屋,スタンダード（内国株式）,その他製品,1698,1709,1687,1704,19,1.127596,21900,OK
2025-07-31,7810,クロスフォー,スタンダード（内国株式）,その他製品,154,155,154,154,-1,-0.645161,103000,OK
2025-07-31,7811,中本パックス,スタンダード（内国株式）,その他製品,1978,1998,1952,1998,17,0.858152,19000,OK
2025-07-31,7812,クレステック,スタンダード（内国株式）,その他製品,1659,1659,1655,1655,-3,-0.180941,1600,OK
2025-07-31,7813,プラッツ,スタンダード（内国株式）,その他製品,713,713,688,710,1,0.141044,8600,OK
2025-07-31,7814,日本創発グループ,スタンダード（内国株式）,その他製品,555,556,552,555,-1,-0.179856,5800,OK
2025-07-31,7815,東京ボード工業,スタンダード（内国株式）,その他製品,639,639,632,632,-7,-1.095462,700,OK
2025-07-31,7817,パラマウントベッドホールディングス,プライム（内国株式）,その他製品,2500,2500,2447,2479,-132,-5.055534,867200,OK
2025-07-31,7818,トランザクション,プライム（内国株式）,その他製品,2601,2649,2594,2632,49,1.897019,305300,OK
2025-07-31,7819,粧美堂,スタンダード（内国株式）,その他製品,685,699,682,696,13,1.903367,13900,OK
2025-07-31,7820,ニホンフラッシュ,プライム（内国株式）,その他製品,804,806,802,803,4,0.500626,11400,OK
2025-07-31,7821,前田工繊,プライム（内国株式）,その他製品,1925,1934,1901,1911,-4,-0.208877,187700,OK
2025-07-31,7822,永大産業,スタンダード（内国株式）,その他製品,233,237,233,235,-1,-0.423729,52300,OK
2025-07-31,7823,アートネイチャー,スタンダード（内国株式）,その他製品,800,815,797,802,-9,-1.109741,116000,OK
2025-07-31,7826,フルヤ金属,プライム（内国株式）,その他製品,2547,2605,2544,2591,44,1.727523,198000,OK
2025-07-31,7827,オービス,スタンダード（内国株式）,その他製品,1495,1495,1493,1495,0,0,2100,OK
2025-07-31,7831,ウイルコホールディングス,スタンダード（内国株式）,その他製品,122,122,121,121,1,0.833333,7800,OK
2025-07-31,7832,バンダイナムコホールディングス,プライム（内国株式）,その他製品,4909,4929,4866,4908,0,0,2006200,OK
2025-07-31,7833,アイフィスジャパン,スタンダード（内国株式）,その他製品,628,629,625,629,3,0.479233,6200,OK
2025-07-31,7836,アビックス,スタンダード（内国株式）,その他製品,99,99,98,99,1,1.020408,63200,OK
2025-07-31,7837,アールシーコア,スタンダード（内国株式）,その他製品,401,401,396,396,-5,-1.246883,1100,OK
2025-07-31,7839,ＳＨＯＥＩ,プライム（内国株式）,その他製品,1879,1886,1794,1812,-37,-2.001082,444400,OK
2025-07-31,7840,フランスベッドホールディングス,プライム（内国株式）,その他製品,1290,1297,1288,1297,13,1.012461,38900,OK
2025-07-31,7841,遠藤製作所,スタンダード（内国株式）,その他製品,1178,1178,1151,1160,-12,-1.023891,26900,OK
2025-07-31,7844,マーベラス,プライム（内国株式）,情報･通信業,540,545,530,543,4,0.742115,234500,OK
2025-07-31,7846,パイロットコーポレーション,プライム（内国株式）,その他製品,4361,4399,4353,4394,33,0.756707,96700,OK
2025-07-31,7847,グラファイトデザイン,スタンダード（内国株式）,その他製品,638,652,638,652,5,0.772798,8400,OK
2025-07-31,7849,スターツ出版,スタンダード（内国株式）,情報･通信業,4350,4400,4275,4310,30,0.700935,8300,OK
2025-07-31,7850,総合商研,スタンダード（内国株式）,その他製品,876,882,875,877,2,0.228571,9500,OK
2025-07-31,7851,カワセコンピュータサプライ,スタンダード（内国株式）,その他製品,253,253,250,253,1,0.396825,10400,OK
2025-07-31,7856,萩原工業,プライム（内国株式）,その他製品,1575,1581,1573,1580,2,0.126743,28700,OK
2025-07-31,7857,セキ,スタンダード（内国株式）,その他製品,1335,1335,1335,1335,-5,-0.373134,200,OK
2025-07-31,7859,アルメディオ,スタンダード（内国株式）,その他製品,242,250,236,237,-5,-2.066116,864300,OK
2025-07-31,7860,エイベックス,プライム（内国株式）,情報･通信業,1261,1277,1261,1277,11,0.868878,88400,OK
2025-07-31,7863,平賀,スタンダード（内国株式）,その他製品,1055,1055,1055,1055,1,0.094877,400,OK
2025-07-31,7864,フジシールインターナショナル,プライム（内国株式）,その他製品,2770,2799,2758,2784,14,0.505415,81100,OK
2025-07-31,7865,ピープル,スタンダード（内国株式）,その他製品,560,567,560,561,1,0.178571,1300,OK
2025-07-31,7867,タカラトミー,プライム（内国株式）,その他製品,3225,3263,3207,3207,-18,-0.55814,442000,OK
2025-07-31,7868,広済堂ホールディングス,プライム（内国株式）,その他製品,457,461,456,459,5,1.101322,295000,OK
2025-07-31,7871,フクビ化学工業,スタンダード（内国株式）,化学,810,836,808,836,26,3.209877,18600,OK
2025-07-31,7872,エステールホールディングス,スタンダード（内国株式）,その他製品,579,579,578,578,0,0,4900,OK
2025-07-31,7874,レック,プライム（内国株式）,化学,1108,1135,1102,1130,23,2.077687,51900,OK
2025-07-31,7875,竹田ｉＰホールディングス,スタンダード（内国株式）,その他製品,1005,1008,1001,1008,-1,-0.099108,2000,OK
2025-07-31,7877,永大化工,スタンダード（内国株式）,化学,1570,1570,1570,1570,-5,-0.31746,100,OK
2025-07-31,7878,光・彩,スタンダード（内国株式）,その他製品,1310,1356,1275,1335,55,4.296875,14900,OK
2025-07-31,7879,ノダ,スタンダード（内国株式）,その他製品,670,672,667,670,0,0,4500,OK
2025-07-31,7883,サンメッセ,スタンダード（内国株式）,その他製品,347,348,346,346,-1,-0.288184,2700,OK
2025-07-31,7885,タカノ,スタンダード（内国株式）,その他製品,738,743,737,737,-1,-0.135501,5700,OK
2025-07-31,7886,ヤマト　モビリティ　＆　Ｍｆｇ．,スタンダード（内国株式）,化学,1260,1285,1160,1239,-15,-1.196172,50200,OK
2025-07-31,7887,南海プライウッド,スタンダード（内国株式）,その他製品,6070,6070,6000,6000,-40,-0.662252,400,OK
2025-07-31,7888,三光合成,プライム（内国株式）,化学,810,823,810,811,8,0.996264,170900,OK
2025-07-31,7893,プロネクサス,プライム（内国株式）,その他製品,1130,1133,1124,1133,9,0.800712,27100,OK
2025-07-31,7896,セブン工業,スタンダード（内国株式）,その他製品,518,520,516,520,2,0.3861,5700,OK
2025-07-31,7897,ホクシン,スタンダード（内国株式）,その他製品,123,124,121,121,-3,-2.419355,391100,OK
2025-07-31,7898,ウッドワン,スタンダード（内国株式）,その他製品,848,853,829,835,-10,-1.183432,17000,OK
2025-07-31,7901,マツモト,スタンダード（内国株式）,その他製品,1684,1684,1175,1684,300,21.676301,497300,OK
2025-07-31,7902,ソノコム,スタンダード（内国株式）,その他製品,900,900,900,900,0,0,100,OK
2025-07-31,7906,ヨネックス,スタンダード（内国株式）,その他製品,2969,3005,2964,2982,-9,-0.300903,106700,OK
2025-07-31,7908,きもと,スタンダード（内国株式）,化学,233,241,232,235,-11,-4.471545,961300,OK
2025-07-31,7911,ＴＯＰＰＡＮホールディングス,プライム（内国株式）,その他製品,4068,4100,4057,4093,42,1.036781,859000,OK
2025-07-31,7912,大日本印刷,プライム（内国株式）,その他製品,2294.5,2334,2288,2330.5,47,2.058244,1356800,OK
2025-07-31,7914,共同印刷,プライム（内国株式）,その他製品,1380,1393,1380,1393,16,1.161946,59500,OK
2025-07-31,7915,ＮＩＳＳＨＡ,プライム（内国株式）,その他製品,1331,1357,1331,1346,39,2.983933,219600,OK
2025-07-31,7916,光村印刷,スタンダード（内国株式）,その他製品,1420,1421,1420,1421,3,0.211566,300,OK
2025-07-31,7917,ＺＡＣＲＯＳ,プライム（内国株式）,化学,3920,3970,3920,3950,30,0.765306,21600,OK
2025-07-31,7918,ヴィア・ホールディングス,スタンダード（内国株式）,小売業,117,118,116,116,-1,-0.854701,67400,OK
2025-07-31,7919,野崎印刷紙業,スタンダード（内国株式）,その他製品,189,190,181,184,-5,-2.645503,85300,OK
2025-07-31,7921,ＴＡＫＡＲＡ　＆　ＣＯＭＰＡＮＹ,プライム（内国株式）,その他製品,3540,3600,3525,3560,25,0.707214,27900,OK
2025-07-31,7922,三光産業,スタンダード（内国株式）,その他製品,406,408,404,405,2,0.496278,1900,OK
2025-07-31,7923,トーイン,スタンダード（内国株式）,その他製品,682,683,680,682,0,0,4400,OK
2025-07-31,7925,前澤化成工業,プライム（内国株式）,化学,1959,1983,1938,1979,22,1.12417,78700,OK
2025-07-31,7927,ムトー精工,スタンダード（内国株式）,化学,1602,1621,1601,1621,21,1.3125,12400,OK
2025-07-31,7928,旭化学工業,スタンダード（内国株式）,化学,617,619,616,616,-1,-0.162075,4100,OK
2025-07-31,7931,未来工業,プライム（内国株式）,化学,3800,3825,3785,3795,0,0,25000,OK
2025-07-31,7932,ニッピ,スタンダード（内国株式）,その他製品,10780,10920,10780,10850,70,0.649351,5300,OK
2025-07-31,7936,アシックス,プライム（内国株式）,その他製品,3661,3676,3555,3568,-113,-3.069818,4633300,OK
2025-07-31,7937,ツツミ,スタンダード（内国株式）,その他製品,2239,2243,2231,2238,13,0.58427,9200,OK
2025-07-31,7938,リーガルコーポレーション,スタンダード（内国株式）,その他製品,2426,2431,2416,2430,8,0.330306,3800,OK
2025-07-31,7939,研創,スタンダード（内国株式）,その他製品,562,575,551,567,4,0.71048,4100,OK
2025-07-31,7940,ウェーブロックホールディングス,スタンダード（内国株式）,化学,614,615,610,615,2,0.326264,51300,OK
2025-07-31,7942,ＪＳＰ,プライム（内国株式）,化学,1900,1915,1892,1902,9,0.475436,50800,OK
2025-07-31,7943,ニチハ,プライム（内国株式）,ガラス･土石製品,3170,3225,3160,3165,5,0.158228,77000,OK
2025-07-31,7944,ローランド,プライム（内国株式）,その他製品,3175,3200,3155,3160,5,0.158479,121900,OK
2025-07-31,7946,光陽社,スタンダード（内国株式）,その他製品,2540,2600,2490,2490,-500,-16.722408,112800,OK
2025-07-31,7947,エフピコ,プライム（内国株式）,化学,2676,2780,2632,2711,56,2.109228,576700,OK
2025-07-31,7949,小松ウオール工業,プライム（内国株式）,その他製品,2485,2497,2477,2485,0,0,45200,OK
2025-07-31,7951,ヤマハ,プライム（内国株式）,その他製品,1089.5,1090,1077,1087.5,9,0.834492,1325200,OK
2025-07-31,7952,河合楽器製作所,プライム（内国株式）,その他製品,2620,2636,2608,2618,-2,-0.076336,14300,OK
2025-07-31,7953,菊水化学工業,スタンダード（内国株式）,その他製品,382,384,382,384,1,0.261097,2600,OK
2025-07-31,7955,クリナップ,プライム（内国株式）,その他製品,719,725,719,725,5,0.694444,17100,OK
2025-07-31,7956,ピジョン,プライム（内国株式）,その他製品,1677,1685,1670,1670,-3,-0.179319,588800,OK
2025-07-31,7957,フジコピアン,スタンダード（内国株式）,その他製品,1490,1490,1490,1490,0,0,2200,OK
2025-07-31,7958,天馬,プライム（内国株式）,化学,3570,3570,3565,3565,-5,-0.140056,14100,OK
2025-07-31,7962,キングジム,プライム（内国株式）,その他製品,841,844,838,842,1,0.118906,45800,OK
2025-07-31,7963,興研,スタンダード（内国株式）,その他製品,1710,1710,1704,1704,-3,-0.175747,300,OK
2025-07-31,7965,象印マホービン,プライム（内国株式）,電気機器,1816,1830,1807,1816,6,0.331492,153300,OK
2025-07-31,7966,リンテック,プライム（内国株式）,その他製品,3020,3050,3005,3040,15,0.495868,156700,OK
2025-07-31,7970,信越ポリマー,プライム（内国株式）,化学,1801,1809,1790,1797,12,0.672269,213000,OK
2025-07-31,7971,東リ,スタンダード（内国株式）,化学,550,565,544,563,23,4.259259,778800,OK
2025-07-31,7972,イトーキ,プライム（内国株式）,その他製品,2317,2340,2295,2331,59,2.596831,154900,OK
2025-07-31,7974,任天堂,プライム（内国株式）,その他製品,12680,12735,12480,12690,-25,-0.196618,4314200,OK
2025-07-31,7975,リヒトラブ,スタンダード（内国株式）,その他製品,1157,1157,1146,1148,-12,-1.034483,600,OK
2025-07-31,7976,三菱鉛筆,プライム（内国株式）,その他製品,2100,2100,2069,2081,-14,-0.668258,69600,OK
2025-07-31,7979,松風,プライム（内国株式）,精密機器,2000,2075,1992,2046,47,2.351176,103300,OK
2025-07-31,7980,重松製作所,スタンダード（内国株式）,その他製品,822,830,822,829,7,0.851582,9000,OK
2025-07-31,7981,タカラスタンダード,プライム（内国株式）,その他製品,2574,2599,2567,2581,20,0.780945,105600,OK
2025-07-31,7983,ミロク,スタンダード（内国株式）,その他製品,1149,1149,1149,1149,-6,-0.519481,1800,OK
2025-07-31,7984,コクヨ,プライム（内国株式）,その他製品,918.7,922.2,878.1,889,-14.7,-1.626646,2870600,OK
2025-07-31,7985,ネポン,スタンダード（内国株式）,金属製品,1557,1698,1533,1533,-11,-0.712435,18800,OK
2025-07-31,7986,日本アイ・エス・ケイ,スタンダード（内国株式）,その他製品,1630,1630,1630,1630,-3,-0.183711,200,OK
2025-07-31,7987,ナカバヤシ,スタンダード（内国株式）,その他製品,519,519,515,518,-2,-0.384615,82500,OK
2025-07-31,7988,ニフコ,プライム（内国株式）,化学,3718,3840,3688,3700,-25,-0.671141,527900,OK
2025-07-31,7989,立川ブラインド工業,プライム（内国株式）,金属製品,1662,1691,1661,1688,30,1.809409,20600,OK
2025-07-31,7990,グローブライド,プライム（内国株式）,その他製品,2265,2295,2259,2264,15,0.666963,52900,OK
2025-07-31,7991,マミヤ・オーピー,スタンダード（内国株式）,機械,1507,1525,1507,1523,16,1.061712,65500,OK
2025-07-31,7992,セーラー万年筆,スタンダード（内国株式）,その他製品,122,124,122,123,1,0.819672,23700,OK
2025-07-31,7994,オカムラ,プライム（内国株式）,その他製品,2387,2393,2373,2382,17,0.718816,232800,OK
2025-07-31,7995,バルカー,プライム（内国株式）,化学,3590,3640,3445,3535,155,4.585799,198600,OK
2025-07-31,7997,くろがね工作所,スタンダード（内国株式）,その他製品,796,796,795,795,-5,-0.625,200,OK
2025-07-31,7999,ＭＵＴＯＨホールディングス,スタンダード（内国株式）,電気機器,2671,2700,2650,2668,9,0.338473,4200,OK
2025-07-31,8001,伊藤忠商事,プライム（内国株式）,卸売業,7891,7945,7847,7933,91,1.160418,2865400,OK
2025-07-31,8002,丸紅,プライム（内国株式）,卸売業,3094,3123,3092,3113,53,1.732026,4922600,OK
2025-07-31,8005,スクロール,プライム（内国株式）,小売業,1082,1091,1080,1091,9,0.831793,111000,OK
2025-07-31,8006,ユアサ・フナショク,スタンダード（内国株式）,卸売業,4805,4840,4805,4820,15,0.312175,1000,OK
2025-07-31,8007,高島,プライム（内国株式）,卸売業,1574,1612,1570,1612,42,2.675159,155800,OK
2025-07-31,8008,ヨンドシーホールディングス,プライム（内国株式）,小売業,1736,1740,1734,1735,-1,-0.057604,68000,OK
2025-07-31,8011,三陽商会,プライム（内国株式）,繊維製品,2940,2996,2940,2985,25,0.844595,66100,OK
2025-07-31,8012,長瀬産業,プライム（内国株式）,卸売業,2977.5,2990,2965,2980.5,19,0.641567,182400,OK
2025-07-31,8013,ナイガイ,スタンダード（内国株式）,繊維製品,288,288,284,285,0,0,14600,OK
2025-07-31,8014,蝶理,プライム（内国株式）,卸売業,3720,3845,3715,3835,95,2.540107,47400,OK
2025-07-31,8015,豊田通商,プライム（内国株式）,卸売業,3467,3482,3388,3471,26,0.754717,3366000,OK
2025-07-31,8016,オンワードホールディングス,プライム（内国株式）,繊維製品,614,617,612,615,1,0.162866,488300,OK
2025-07-31,8018,三共生興,スタンダード（内国株式）,卸売業,617,620,616,620,3,0.486224,21000,OK
2025-07-31,8020,兼松,プライム（内国株式）,卸売業,2849,2872.5,2839.5,2850.5,14,0.493566,250400,OK
2025-07-31,8022,美津濃,プライム（内国株式）,その他製品,2779,2782,2750,2766,-13,-0.467794,208500,OK
2025-07-31,8023,ＤＡＩＫＯ　ＸＴＥＣＨ,スタンダード（内国株式）,情報･通信業,1095,1099,1092,1098,6,0.549451,25300,OK
2025-07-31,8025,ツカモトコーポレーション,スタンダード（内国株式）,卸売業,1330,1350,1330,1350,26,1.963746,1000,OK
2025-07-31,8029,ルックホールディングス,スタンダード（内国株式）,繊維製品,2415,2433,2415,2430,16,0.6628,5100,OK
2025-07-31,8030,中央魚類,スタンダード（内国株式）,卸売業,3900,3900,3810,3860,-10,-0.258398,10800,OK
2025-07-31,8031,三井物産,プライム（内国株式）,卸売業,3083,3113,3071,3100,40,1.30719,7409900,OK
2025-07-31,8032,日本紙パルプ商事,プライム（内国株式）,卸売業,659,661,656,658,3,0.458015,100400,OK
2025-07-31,8035,東京エレクトロン,プライム（内国株式）,電気機器,27200,27700,26980,27330,65,0.238401,3884900,OK
2025-07-31,8037,カメイ,プライム（内国株式）,卸売業,2573,2605,2561,2579,24,0.939335,40300,OK
2025-07-31,8039,築地魚市場,スタンダード（内国株式）,卸売業,3450,3450,3390,3430,-5,-0.14556,3300,OK
2025-07-31,8040,東京ソワール,スタンダード（内国株式）,繊維製品,888,895,888,892,3,0.337458,3900,OK
2025-07-31,8041,ＯＵＧホールディングス,スタンダード（内国株式）,卸売業,4065,4065,3955,3990,-65,-1.602959,12100,OK
2025-07-31,8043,スターゼン,プライム（内国株式）,卸売業,1172,1179,1163,1176,7,0.598802,79000,OK
2025-07-31,8045,横浜丸魚,スタンダード（内国株式）,卸売業,1071,1071,1070,1070,8,0.753296,600,OK
2025-07-31,8046,丸藤シートパイル,スタンダード（内国株式）,卸売業,3210,3370,3110,3370,175,5.477308,36500,OK
2025-07-31,8050,セイコーグループ,プライム（内国株式）,精密機器,4220,4270,4205,4235,15,0.35545,58400,OK
2025-07-31,8051,山善,プライム（内国株式）,卸売業,1325,1347,1324,1341,16,1.207547,222200,OK
2025-07-31,8052,椿本興業,プライム（内国株式）,卸売業,2664,2686,2618,2675,16,0.60173,49600,OK
2025-07-31,8053,住友商事,プライム（内国株式）,卸売業,3870,4045,3825,3860,28,0.730689,7805100,OK
2025-07-31,8056,ＢＩＰＲＯＧＹ,プライム（内国株式）,情報･通信業,6005,6150,5989,6093,53,0.877483,448100,OK
2025-07-31,8057,内田洋行,プライム（内国株式）,卸売業,10210,10400,10160,10380,100,0.972763,31800,OK
2025-07-31,8058,三菱商事,プライム（内国株式）,卸売業,2973,2992.5,2962.5,2988,22,0.74174,9619900,OK
2025-07-31,8059,第一実業,プライム（内国株式）,卸売業,2556,2585,2555,2566,0,0,30300,OK
2025-07-31,8060,キヤノンマーケティングジャパン,プライム（内国株式）,卸売業,5485,5485,5406,5482,97,1.8013,258900,OK
2025-07-31,8061,西華産業,プライム（内国株式）,卸売業,5210,5260,5190,5200,20,0.3861,40100,OK
2025-07-31,8065,佐藤商事,プライム（内国株式）,卸売業,1620,1695,1608,1681,71,4.409938,47400,OK
2025-07-31,8066,三谷商事,スタンダード（内国株式）,卸売業,2269,2269,2218,2218,-52,-2.290749,5000,OK
2025-07-31,8070,東京産業,プライム（内国株式）,卸売業,813,814,807,813,4,0.494438,39500,OK
2025-07-31,8074,ユアサ商事,プライム（内国株式）,卸売業,4685,4715,4670,4705,35,0.749465,26600,OK
2025-07-31,8075,神鋼商事,プライム（内国株式）,卸売業,2108,2120,2104,2117,10,0.474608,39300,OK
2025-07-31,8076,カノークス,スタンダード（内国株式）,卸売業,1810,1823,1803,1811,1,0.055249,10900,OK
2025-07-31,8077,トルク,スタンダード（内国株式）,卸売業,257,258,254,256,2,0.787402,14700,OK
2025-07-31,8078,阪和興業,プライム（内国株式）,卸売業,6110,6130,6090,6100,10,0.164204,74100,OK
2025-07-31,8079,正栄食品工業,プライム（内国株式）,卸売業,4135,4145,4105,4120,-15,-0.362757,13600,OK
2025-07-31,8081,カナデン,プライム（内国株式）,卸売業,1853,1894,1831,1890,37,1.996762,76000,OK
2025-07-31,8084,ＲＹＯＤＥＮ,プライム（内国株式）,卸売業,2891,2909,2887,2900,0,0,32600,OK
2025-07-31,8085,ナラサキ産業,スタンダード（内国株式）,卸売業,3605,3625,3565,3610,-15,-0.413793,1800,OK
2025-07-31,8086,ニプロ,プライム（内国株式）,精密機器,1383.5,1392.5,1381,1390.5,9,0.651466,351500,OK
2025-07-31,8088,岩谷産業,プライム（内国株式）,卸売業,1584,1594.5,1581,1590.5,10.5,0.664557,516400,OK
2025-07-31,8089,ナイス,スタンダード（内国株式）,卸売業,1859,1873,1846,1847,-12,-0.645508,8200,OK
2025-07-31,8091,ニチモウ,プライム（内国株式）,卸売業,2339,2354,2339,2354,5,0.212857,15700,OK
2025-07-31,8093,極東貿易,プライム（内国株式）,卸売業,1537,1548,1534,1536,-1,-0.065062,15600,OK
2025-07-31,8095,アステナホールディングス,プライム（内国株式）,卸売業,494,497,488,494,5,1.022495,100200,OK
2025-07-31,8097,三愛オブリ,プライム（内国株式）,卸売業,2015,2044,2015,2037,22,1.091811,86200,OK
2025-07-31,8098,稲畑産業,プライム（内国株式）,卸売業,3275,3300,3265,3285,10,0.305344,135300,OK
2025-07-31,8101,ＧＳＩクレオス,プライム（内国株式）,卸売業,2115,2127,2107,2127,18,0.853485,31500,OK
2025-07-31,8103,明和産業,プライム（内国株式）,卸売業,719,766,715,760,42,5.849582,603100,OK
2025-07-31,8104,クワザワホールディングス,スタンダード（内国株式）,卸売業,579,595,577,586,17,2.987698,52500,OK
2025-07-31,8105,堀田丸正,スタンダード（内国株式）,卸売業,53,53,52,53,0,0,232500,OK
2025-07-31,8107,キムラタン,スタンダード（内国株式）,繊維製品,57,57,56,57,0,0,398200,OK
2025-07-31,8111,ゴールドウイン,プライム（内国株式）,繊維製品,7846,7850,7795,7838,18,0.230179,76600,OK
2025-07-31,8113,ユニ・チャーム,プライム（内国株式）,化学,1052,1057.5,1040.5,1046,-5.5,-0.523062,4692500,OK
2025-07-31,8115,ムーンバット,スタンダード（内国株式）,卸売業,1350,1484,1350,1446,96,7.111111,24500,OK
2025-07-31,8117,中央自動車工業,スタンダード（内国株式）,卸売業,1927,1950,1925,1930,3,0.155682,28600,OK
2025-07-31,8118,キング,スタンダード（内国株式）,繊維製品,830,837,825,827,0,0,3000,OK
2025-07-31,8119,三栄コーポレーション,スタンダード（内国株式）,卸売業,825,825,791,803,-22,-2.666667,18400,OK
2025-07-31,8123,川辺,スタンダード（内国株式）,卸売業,1289,1295,1280,1295,6,0.465477,9700,OK
2025-07-31,8125,ワキタ,プライム（内国株式）,卸売業,1755,1763,1749,1759,-1,-0.056818,105400,OK
2025-07-31,8127,ヤマトインターナショナル,スタンダード（内国株式）,繊維製品,391,395,391,394,0,0,36000,OK
2025-07-31,8129,東邦ホールディングス,プライム（内国株式）,卸売業,5070,5119,5040,5091,88,1.758945,216200,OK
2025-07-31,8130,サンゲツ,プライム（内国株式）,卸売業,3010,3035,3010,3010,0,0,119200,OK
2025-07-31,8131,ミツウロコグループホールディングス,スタンダード（内国株式）,卸売業,2119,2186,2119,2137,13,0.612053,29800,OK
2025-07-31,8132,シナネンホールディングス,プライム（内国株式）,卸売業,6530,6660,6530,6600,70,1.071975,10000,OK
2025-07-31,8133,伊藤忠エネクス,プライム（内国株式）,卸売業,1988,2055,1941,2033,63,3.19797,313400,OK
2025-07-31,8135,ゼット,スタンダード（内国株式）,卸売業,444,446,444,446,0,0,10400,OK
2025-07-31,8136,サンリオ,プライム（内国株式）,卸売業,6014,6235,5991,6223,237,3.959238,18704300,OK
2025-07-31,8137,サンワテクノス,プライム（内国株式）,卸売業,2428,2428,2410,2423,7,0.289735,38600,OK
2025-07-31,8138,三京化成,スタンダード（内国株式）,卸売業,3410,3500,3410,3500,110,3.244838,1100,OK
2025-07-31,8139,ナガホリ,スタンダード（内国株式）,卸売業,1649,1649,1615,1622,-1,-0.061614,7700,OK
2025-07-31,8141,新光商事,プライム（内国株式）,卸売業,966,994,966,994,24,2.474227,167300,OK
2025-07-31,8142,トーホー,プライム（内国株式）,卸売業,3235,3295,3220,3285,35,1.076923,77100,OK
2025-07-31,8143,ラピーヌ,スタンダード（内国株式）,繊維製品,258,260,257,258,1,0.389105,5200,OK
2025-07-31,8144,デンキョーグループホールディングス,スタンダード（内国株式）,卸売業,1236,1243,1236,1243,-1,-0.080386,300,OK
2025-07-31,8147,トミタ,スタンダード（内国株式）,卸売業,1207,1217,1206,1208,3,0.248963,1000,OK
2025-07-31,8150,三信電気,プライム（内国株式）,卸売業,2470,2486,2448,2486,24,0.974817,42700,OK
2025-07-31,8151,東陽テクニカ,プライム（内国株式）,卸売業,1520,1536,1507,1531,13,0.85639,27300,OK
2025-07-31,8152,ソマール,スタンダード（内国株式）,卸売業,5620,5620,5550,5550,30,0.543478,900,OK
2025-07-31,8153,モスフードサービス,プライム（内国株式）,卸売業,3840,3840,3800,3835,20,0.524246,31800,OK
2025-07-31,8154,加賀電子,プライム（内国株式）,卸売業,2897,2920,2884,2908,19,0.657667,101100,OK
2025-07-31,8157,都築電気,プライム（内国株式）,情報･通信業,3100,3140,2958,3055,-25,-0.811688,79200,OK
2025-07-31,8158,ソーダニッカ,プライム（内国株式）,卸売業,1102,1111,1101,1111,16,1.461187,13600,OK
2025-07-31,8159,立花エレテック,プライム（内国株式）,卸売業,2849,2867,2837,2862,26,0.916784,23000,OK
2025-07-31,8160,木曽路,プライム（内国株式）,小売業,2440,2442,2417,2430,6,0.247525,111600,OK
2025-07-31,8163,ＳＲＳホールディングス,プライム（内国株式）,小売業,1277,1287,1276,1284,8,0.626959,47900,OK
2025-07-31,8165,千趣会,スタンダード（内国株式）,小売業,241,242,241,242,2,0.833333,62200,OK
2025-07-31,8166,タカキュー,スタンダード（内国株式）,小売業,105,106,105,106,0,0,36700,OK
2025-07-31,8167,リテールパートナーズ,プライム（内国株式）,小売業,1436,1448,1436,1443,8,0.557491,69500,OK
2025-07-31,8173,上新電機,プライム（内国株式）,小売業,2451,2469,2438,2462,20,0.819001,51600,OK
2025-07-31,8174,日本瓦斯,プライム（内国株式）,小売業,2764.5,2777.5,2719.5,2748.5,-12,-0.434704,428500,OK
2025-07-31,8179,ロイヤルホールディングス,プライム（内国株式）,小売業,2680,2680,2646,2667,9,0.3386,106900,OK
2025-07-31,8181,東天紅,スタンダード（内国株式）,小売業,940,940,938,940,7,0.750268,1000,OK
2025-07-31,8185,チヨダ,プライム（内国株式）,小売業,1207,1215,1202,1212,10,0.831947,85100,OK
2025-07-31,8194,ライフコーポレーション,プライム（内国株式）,小売業,2388,2416,2372,2416,42,1.769166,219700,OK
2025-07-31,8198,マックスバリュ東海,スタンダード（内国株式）,小売業,3185,3195,3180,3180,-5,-0.156986,4000,OK
2025-07-31,8200,リンガーハット,プライム（内国株式）,小売業,2270,2274,2256,2264,1,0.044189,62000,OK
2025-07-31,8202,ラオックスホールディングス,スタンダード（内国株式）,小売業,160,162,159,161,1,0.625,119900,OK
2025-07-31,8203,ＭｒＭａｘＨＤ,プライム（内国株式）,小売業,872,899,851,854,-3,-0.350058,200800,OK
2025-07-31,8207,テンアライド,スタンダード（内国株式）,小売業,284,284,283,283,-1,-0.352113,14800,OK
2025-07-31,8208,エンチョー,スタンダード（内国株式）,小売業,1206,1206,1189,1196,-7,-0.581879,2900,OK
2025-07-31,8209,フレンドリー,スタンダード（内国株式）,小売業,420,424,418,419,4,0.963855,2100,OK
2025-07-31,8214,ＡＯＫＩホールディングス,プライム（内国株式）,小売業,1715,1734,1710,1730,20,1.169591,135800,OK
2025-07-31,8217,オークワ,プライム（内国株式）,小売業,921,930,921,930,9,0.977199,39900,OK
2025-07-31,8218,コメリ,プライム（内国株式）,小売業,3120,3140,3105,3125,-10,-0.318979,55200,OK
2025-07-31,8219,青山商事,プライム（内国株式）,小売業,2285,2310,2278,2306,17,0.742682,296500,OK
2025-07-31,8225,タカチホ,スタンダード（内国株式）,卸売業,3820,3890,3820,3890,70,1.832461,400,OK
2025-07-31,8226,理経,スタンダード（内国株式）,卸売業,354,356,352,355,2,0.566572,117300,OK
2025-07-31,8227,しまむら,プライム（内国株式）,小売業,11085,11110,10960,10990,-30,-0.272232,176700,OK
2025-07-31,8230,はせがわ,スタンダード（内国株式）,小売業,312,312,310,310,-1,-0.321543,16500,OK
2025-07-31,8233,高島屋,プライム（内国株式）,小売業,1170,1170.5,1161,1166.5,-4,-0.341734,1458000,OK
2025-07-31,8237,松屋,プライム（内国株式）,小売業,1145,1146,1123,1127,-26,-2.254987,283100,OK
2025-07-31,8242,エイチ・ツー・オー　リテイリング,プライム（内国株式）,小売業,1986,2008.5,1979,1996.5,-0.5,-0.025038,451800,OK
2025-07-31,8244,近鉄百貨店,スタンダード（内国株式）,小売業,1830,1839,1817,1839,16,0.877674,36200,OK
2025-07-31,8247,大和,スタンダード（内国株式）,小売業,397,406,395,406,4,0.995025,5900,OK
2025-07-31,8252,丸井グループ,プライム（内国株式）,小売業,3056,3081,3039,3081,42,1.382034,1604100,OK
2025-07-31,8253,クレディセゾン,プライム（内国株式）,その他金融業,3976,4034,3962,4016,64,1.619433,553000,OK
2025-07-31,8254,さいか屋,スタンダード（内国株式）,小売業,473,476,468,471,2,0.426439,6700,OK
2025-07-31,8255,アクシアル　リテイリング,プライム（内国株式）,小売業,1133,1145,1130,1145,12,1.059135,153600,OK
2025-07-31,8260,井筒屋,スタンダード（内国株式）,小売業,428,432,428,431,4,0.936768,11400,OK
2025-07-31,8267,イオン,プライム（内国株式）,小売業,4859,4892,4833,4833,6,0.124301,2773800,OK
2025-07-31,8273,イズミ,プライム（内国株式）,小売業,3162,3192,3150,3192,30,0.948767,191600,OK
2025-07-31,8275,フォーバル,スタンダード（内国株式）,卸売業,1442,1500,1442,1497,83,5.869873,36400,OK
2025-07-31,8276,平和堂,プライム（内国株式）,小売業,2900,2917,2875,2914,35,1.2157,435100,OK
2025-07-31,8278,フジ,プライム（内国株式）,小売業,2017,2033,2012,2030,22,1.095618,127000,OK
2025-07-31,8279,ヤオコー,プライム（内国株式）,小売業,9755,9770,9702,9757,7,0.071795,43900,OK
2025-07-31,8281,ゼビオホールディングス,プライム（内国株式）,小売業,1115,1123,1114,1119,6,0.539084,81300,OK
2025-07-31,8282,ケーズホールディングス,プライム（内国株式）,小売業,1500,1521,1497.5,1513,12,0.799467,719700,OK
2025-07-31,8283,ＰＡＬＴＡＣ,プライム（内国株式）,卸売業,4340,4349,4312,4327,-8,-0.184544,71500,OK
2025-07-31,8285,三谷産業,スタンダード（内国株式）,卸売業,380,409,375,395,20,5.333333,296200,OK
2025-07-31,8289,Ｏｌｙｍｐｉｃグループ,スタンダード（内国株式）,小売業,412,415,412,412,-4,-0.961538,16900,OK
2025-07-31,8291,日産東京販売ホールディングス,スタンダード（内国株式）,小売業,498,503,496,498,-2,-0.4,92800,OK
2025-07-31,8304,あおぞら銀行,プライム（内国株式）,銀行業,2215,2223,2204.5,2217.5,9,0.407516,665400,OK
2025-07-31,8306,三菱ＵＦＪフィナンシャル・グループ,プライム（内国株式）,銀行業,2084,2113,2077,2110.5,21.5,1.029201,32029400,OK
2025-07-31,8308,りそなホールディングス,プライム（内国株式）,銀行業,1384,1403.5,1370.5,1389,19,1.386861,9781200,OK
2025-07-31,8309,三井住友トラストグループ,プライム（内国株式）,銀行業,3947,3977,3922,3977,-40,-0.995768,4146900,OK
2025-07-31,8316,三井住友フィナンシャルグループ,プライム（内国株式）,銀行業,3832,3869,3822,3855,13,0.338365,12775400,OK
2025-07-31,8331,千葉銀行,プライム（内国株式）,銀行業,1396.5,1422.5,1390.5,1421,23.5,1.681574,1942800,OK
2025-07-31,8334,群馬銀行,プライム（内国株式）,銀行業,1388,1425,1381.5,1420,44.5,3.235187,1538700,OK
2025-07-31,8336,武蔵野銀行,プライム（内国株式）,銀行業,3635,3820,3635,3745,115,3.168044,180600,OK
2025-07-31,8337,千葉興業銀行,プライム（内国株式）,銀行業,1473,1507,1471,1500,27,1.832994,198700,OK
2025-07-31,8338,筑波銀行,プライム（内国株式）,銀行業,255,260,254,259,5,1.968504,544800,OK
2025-07-31,8341,七十七銀行,プライム（内国株式）,銀行業,5190,5258,5180,5250,115,2.239533,194300,OK
2025-07-31,8343,秋田銀行,プライム（内国株式）,銀行業,3235,3300,3200,3290,70,2.173913,106700,OK
2025-07-31,8344,山形銀行,プライム（内国株式）,銀行業,1530,1538,1523,1531,8,0.525279,79600,OK
2025-07-31,8345,岩手銀行,プライム（内国株式）,銀行業,3505,3555,3470,3535,80,2.315485,44500,OK
2025-07-31,8346,東邦銀行,プライム（内国株式）,銀行業,360,373,358,370,11,3.064067,1152500,OK
2025-07-31,8349,東北銀行,スタンダード（内国株式）,銀行業,1168,1173,1165,1172,14,1.208981,7900,OK
2025-07-31,8354,ふくおかフィナンシャルグループ,プライム（内国株式）,銀行業,4095,4170,4086,4153,59,1.441133,779500,OK
2025-07-31,8358,スルガ銀行,プライム（内国株式）,銀行業,1382,1404,1382,1400,26,1.892285,403900,OK
2025-07-31,8359,八十二銀行,プライム（内国株式）,銀行業,1348.5,1374,1342,1368,30.5,2.280374,1354400,OK
2025-07-31,8360,山梨中央銀行,プライム（内国株式）,銀行業,2775,2822,2760,2816,44,1.587302,80100,OK
2025-07-31,8361,大垣共立銀行,プライム（内国株式）,銀行業,2847,2875,2819,2858,28,0.989399,144500,OK
2025-07-31,8362,福井銀行,プライム（内国株式）,銀行業,1853,1913,1852,1905,53,2.861771,52500,OK
2025-07-31,8364,清水銀行,プライム（内国株式）,銀行業,1630,1664,1610,1658,35,2.1565,99600,OK
2025-07-31,8365,富山銀行,スタンダード（内国株式）,銀行業,1584,1642,1570,1620,51,3.250478,25400,OK
2025-07-31,8366,滋賀銀行,プライム（内国株式）,銀行業,6060,6220,6020,6110,70,1.15894,129400,OK
2025-07-31,8367,南都銀行,プライム（内国株式）,銀行業,4565,4695,4550,4570,-100,-2.141328,523000,OK
2025-07-31,8368,百五銀行,プライム（内国株式）,銀行業,769,785,736,752,-17,-2.210663,1200300,OK
2025-07-31,8370,紀陽銀行,プライム（内国株式）,銀行業,2718,2768,2711,2766,69,2.558398,685000,OK
2025-07-31,8377,ほくほくフィナンシャルグループ,プライム（内国株式）,銀行業,3176,3229,3144,3220,44,1.38539,565800,OK
2025-07-31,8381,山陰合同銀行,プライム（内国株式）,銀行業,1320,1335,1256,1279,-22,-1.691007,782600,OK
2025-07-31,8383,鳥取銀行,スタンダード（内国株式）,銀行業,1317,1317,1295,1317,0,0,22200,OK
2025-07-31,8386,百十四銀行,プライム（内国株式）,銀行業,4915,5020,4905,5000,80,1.626016,111400,OK
2025-07-31,8387,四国銀行,プライム（内国株式）,銀行業,1234,1259,1232,1256,31,2.530612,144300,OK
2025-07-31,8388,阿波銀行,プライム（内国株式）,銀行業,3160,3240,3160,3220,60,1.898734,67300,OK
2025-07-31,8392,大分銀行,プライム（内国株式）,銀行業,4670,4780,4670,4750,70,1.495726,28300,OK
2025-07-31,8393,宮崎銀行,プライム（内国株式）,銀行業,3925,4025,3925,4020,85,2.160102,33700,OK
2025-07-31,8395,佐賀銀行,プライム（内国株式）,銀行業,2695,2746,2690,2746,41,1.515712,52400,OK
2025-07-31,8399,琉球銀行,プライム（内国株式）,銀行業,1220,1243,1220,1237,22,1.8107,150500,OK
2025-07-31,8410,セブン銀行,プライム（内国株式）,銀行業,269,272,268.4,271.2,2.2,0.817844,2962000,OK
2025-07-31,8411,みずほフィナンシャルグループ,プライム（内国株式）,銀行業,4390,4482,4388,4482,97,2.212087,8402300,OK
2025-07-31,8416,高知銀行,スタンダード（内国株式）,銀行業,824,827,820,823,-2,-0.242424,6400,OK
2025-07-31,8418,山口フィナンシャルグループ,プライム（内国株式）,銀行業,1681.5,1723,1680,1719,34.5,2.048085,1516500,OK
2025-07-31,8424,芙蓉総合リース,プライム（内国株式）,その他金融業,4092,4180,4069,4088,20,0.491642,237900,OK
2025-07-31,8425,みずほリース,プライム（内国株式）,その他金融業,1189,1202,1158,1160,31,2.745793,1599300,OK
2025-07-31,8439,東京センチュリー,プライム（内国株式）,その他金融業,1742.5,1747.5,1730.5,1736.5,8.5,0.491898,586400,OK
2025-07-31,8473,ＳＢＩホールディングス,プライム（内国株式）,証券･商品先物取引業,5613,5800,5510,5662,112,2.018018,7114900,OK
2025-07-31,8508,Ｊトラスト,スタンダード（内国株式）,その他金融業,444,448,442,446,0,0,170700,OK
2025-07-31,8511,日本証券金融,プライム（内国株式）,その他金融業,1815,1842,1813,1838,31,1.715551,168000,OK
2025-07-31,8515,アイフル,プライム（内国株式）,その他金融業,445,448,443,448,4,0.900901,1284800,OK
2025-07-31,8518,日本アジア投資,スタンダード（内国株式）,証券･商品先物取引業,236,239,235,238,3,1.276596,56500,OK
2025-07-31,8522,名古屋銀行,プライム（内国株式）,銀行業,8770,8900,8760,8880,90,1.023891,48300,OK
2025-07-31,8524,北洋銀行,プライム（内国株式）,銀行業,647,659,645,656,14,2.180685,2485100,OK
2025-07-31,8537,大光銀行,スタンダード（内国株式）,銀行業,1633,1651,1624,1651,29,1.787916,24300,OK
2025-07-31,8541,愛媛銀行,プライム（内国株式）,銀行業,1080,1094,1078,1086,9,0.835655,61500,OK
2025-07-31,8542,トマト銀行,スタンダード（内国株式）,銀行業,1316,1324,1316,1324,8,0.607903,7500,OK
2025-07-31,8544,京葉銀行,プライム（内国株式）,銀行業,1151,1170,1086,1141,-9,-0.782609,799800,OK
2025-07-31,8550,栃木銀行,プライム（内国株式）,銀行業,432,447,426,447,10,2.28833,697800,OK
2025-07-31,8551,北日本銀行,プライム（内国株式）,銀行業,3340,3395,3340,3395,55,1.646707,20100,OK
2025-07-31,8558,東和銀行,プライム（内国株式）,銀行業,766,772,762,771,11,1.447368,132100,OK
2025-07-31,8562,福島銀行,スタンダード（内国株式）,銀行業,231,237,231,237,6,2.597403,54500,OK
2025-07-31,8563,大東銀行,スタンダード（内国株式）,銀行業,738,740,734,735,1,0.13624,6200,OK
2025-07-31,8566,リコーリース,プライム（内国株式）,その他金融業,5450,5500,5450,5500,50,0.917431,21300,OK
2025-07-31,8570,イオンフィナンシャルサービス,プライム（内国株式）,その他金融業,1348,1370,1348,1360,13.5,1.002599,905800,OK
2025-07-31,8572,アコム,スタンダード（内国株式）,その他金融業,435,437.9,431.1,437.9,4.3,0.991697,1729700,OK
2025-07-31,8584,ジャックス,プライム（内国株式）,その他金融業,4065,4145,4060,4110,25,0.611995,401000,OK
2025-07-31,8585,オリエントコーポレーション,プライム（内国株式）,その他金融業,997,1003,994,1000,-3,-0.299103,447000,OK
2025-07-31,8591,オリックス,プライム（内国株式）,その他金融業,3358,3406,3355,3400,28,0.830368,2754700,OK
2025-07-31,8593,三菱ＨＣキャピタル,プライム（内国株式）,その他金融業,1109.5,1118,1107,1117,12.5,1.131734,2404300,OK
2025-07-31,8595,ジャフコ　グループ,プライム（内国株式）,証券･商品先物取引業,2494,2511,2481,2487.5,12,0.484751,312000,OK
2025-07-31,8596,九州リースサービス,スタンダード（内国株式）,その他金融業,1243,1257,1243,1253,7,0.561798,31600,OK
2025-07-31,8600,トモニホールディングス,プライム（内国株式）,銀行業,609,617,607,614,6,0.986842,340900,OK
2025-07-31,8601,大和証券グループ本社,プライム（内国株式）,証券･商品先物取引業,1058,1065,1043,1057,3.5,0.332226,8451500,OK
2025-07-31,8604,野村ホールディングス,プライム（内国株式）,証券･商品先物取引業,998.2,1006,990.5,1005,-0.5,-0.049727,13605800,OK
2025-07-31,8609,岡三証券グループ,プライム（内国株式）,証券･商品先物取引業,659,665,653,657,8,1.232666,828200,OK
2025-07-31,8613,丸三証券,プライム（内国株式）,証券･商品先物取引業,908,923,901,922,21,2.330744,200200,OK
2025-07-31,8614,東洋証券,プライム（内国株式）,証券･商品先物取引業,509,511,501,511,2,0.392927,381100,OK
2025-07-31,8616,東海東京フィナンシャル・ホールディングス,プライム（内国株式）,証券･商品先物取引業,525,580,515,548,21,3.98482,5245000,OK
2025-07-31,8617,光世証券,スタンダード（内国株式）,証券･商品先物取引業,452,459,446,449,-1,-0.222222,11700,OK
2025-07-31,8622,水戸証券,プライム（内国株式）,証券･商品先物取引業,516,528,516,525,9,1.744186,144900,OK
2025-07-31,8624,いちよし証券,プライム（内国株式）,証券･商品先物取引業,741,758,740,757,21,2.853261,129400,OK
2025-07-31,8628,松井証券,プライム（内国株式）,証券･商品先物取引業,727,740,727,740,10,1.369863,1016500,OK
2025-07-31,8630,ＳＯＭＰＯホールディングス,プライム（内国株式）,保険業,4419,4472,4405,4472,53,1.199366,1932700,OK
2025-07-31,8697,日本取引所グループ,プライム（内国株式）,その他金融業,1486,1490,1459.5,1480,-1.5,-0.101249,3678400,OK
2025-07-31,8698,マネックスグループ,プライム（内国株式）,証券･商品先物取引業,774,797,773,797,25,3.238342,4431100,OK
2025-07-31,8699,ＨＳホールディングス,スタンダード（内国株式）,証券･商品先物取引業,1093,1110,1055,1070,-28,-2.550091,221900,OK
2025-07-31,8700,丸八証券,スタンダード（内国株式）,証券･商品先物取引業,1649,1649,1602,1610,-39,-2.36507,5100,OK
2025-07-31,8704,トレイダーズホールディングス,スタンダード（内国株式）,証券･商品先物取引業,1198,1209,1180,1200,5,0.41841,228200,OK
2025-07-31,8705,日産証券グループ,スタンダード（内国株式）,証券･商品先物取引業,170,172,169,171,1,0.588235,177500,OK
2025-07-31,8706,極東証券,プライム（内国株式）,証券･商品先物取引業,1452,1482,1452,1476,28,1.933702,149500,OK
2025-07-31,8707,岩井コスモホールディングス,プライム（内国株式）,証券･商品先物取引業,2449,2467,2440,2453,27,1.112943,117000,OK
2025-07-31,8708,アイザワ証券グループ,プライム（内国株式）,証券･商品先物取引業,1288,1314,1277,1305,31,2.433281,157200,OK
2025-07-31,8713,フィデアホールディングス,プライム（内国株式）,銀行業,1520,1528,1516,1527,10,0.659196,23700,OK
2025-07-31,8714,池田泉州ホールディングス,プライム（内国株式）,銀行業,630,651,628,646,19,3.030303,1458300,OK
2025-07-31,8715,アニコム　ホールディングス,プライム（内国株式）,保険業,774,791,773,783,13,1.688312,452700,OK
2025-07-31,8725,ＭＳ＆ＡＤインシュアランスグループホールディングス,プライム（内国株式）,保険業,3193,3250,3192,3244,55,1.724679,3685300,OK
2025-07-31,8737,あかつき本社,スタンダード（内国株式）,証券･商品先物取引業,529,532,522,531,2,0.378072,74500,OK
2025-07-31,8739,スパークス・グループ,プライム（内国株式）,証券･商品先物取引業,1495,1509,1495,1501,21,1.418919,27900,OK
2025-07-31,8742,小林洋行,スタンダード（内国株式）,証券･商品先物取引業,293,293,292,292,0,0,2100,OK
2025-07-31,8746,ｕｎｂａｎｋｅｄ,スタンダード（内国株式）,証券･商品先物取引業,470,505,448,458,-18,-3.781513,3326500,OK
2025-07-31,8747,豊トラスティ証券,スタンダード（内国株式）,証券･商品先物取引業,1581,1594,1581,1583,-8,-0.502828,1100,OK
2025-07-31,8750,第一生命ホールディングス,プライム（内国株式）,保険業,1185.5,1206.5,1184.5,1203.5,20,1.689903,8852600,OK
2025-07-31,8766,東京海上ホールディングス,プライム（内国株式）,保険業,6029,6134,6022,6124,102,1.693789,3146700,OK
2025-07-31,8769,アドバンテッジリスクマネジメント,スタンダード（内国株式）,サービス業,584,588,577,584,1,0.171527,26400,OK
2025-07-31,8771,イー・ギャランティ,プライム（内国株式）,その他金融業,1493,1503,1491,1500,11,0.738751,160200,OK
2025-07-31,8772,アサックス,スタンダード（内国株式）,その他金融業,721,723,715,720,0,0,10500,OK
2025-07-31,8783,ＧＦＡ,スタンダード（内国株式）,その他金融業,249,251,244,249,8,3.319502,621500,OK
2025-07-31,8789,フィンテック　グローバル,スタンダード（内国株式）,その他金融業,111,112,111,111,-1,-0.892857,520300,OK
2025-07-31,8793,ＮＥＣキャピタルソリューション,プライム（内国株式）,その他金融業,3800,3875,3790,3860,-140,-3.5,118200,OK
2025-07-31,8795,Ｔ＆Ｄホールディングス,プライム（内国株式）,保険業,3650,3730,3648,3717,84,2.312139,1383100,OK
2025-07-31,8798,アドバンスクリエイト,プライム（内国株式）,保険業,270,280,270,278,7,2.583026,44300,OK
2025-07-31,8801,三井不動産,プライム（内国株式）,不動産業,1351,1361.5,1342,1358.5,7.5,0.555144,7803800,OK
2025-07-31,8802,三菱地所,プライム（内国株式）,不動産業,2818.5,2840.5,2813,2836,17.5,0.620898,3239500,OK
2025-07-31,8803,平和不動産,プライム（内国株式）,不動産業,2252,2258,2202,2214,-46,-2.035398,389500,OK
2025-07-31,8804,東京建物,プライム（内国株式）,不動産業,2549,2565.5,2528,2544,-4.5,-0.176574,1278000,OK
2025-07-31,8818,京阪神ビルディング,プライム（内国株式）,不動産業,1569,1578,1554,1565,-2,-0.127632,54500,OK
2025-07-31,8830,住友不動産,プライム（内国株式）,不動産業,5500,5542,5468,5542,45,0.818628,780700,OK
2025-07-31,8835,太平洋興発,スタンダード（内国株式）,卸売業,728,728,721,722,0,0,18300,OK
2025-07-31,8836,ＲＩＳＥ,スタンダード（内国株式）,不動産業,43,43,41,42,-1,-2.325581,740100,OK
2025-07-31,8841,テーオーシー,スタンダード（内国株式）,不動産業,723,734,722,734,12,1.66205,95200,OK
2025-07-31,8844,コスモスイニシア,スタンダード（内国株式）,不動産業,1431,1435,1418,1425,7,0.493653,63400,OK
2025-07-31,8848,レオパレス２１,プライム（内国株式）,不動産業,708,719,706,717,9,1.271186,1292400,OK
2025-07-31,8850,スターツコーポレーション,プライム（内国株式）,不動産業,4550,4580,4525,4575,60,1.328904,59700,OK
2025-07-31,8860,フジ住宅,プライム（内国株式）,不動産業,691,694,691,694,5,0.725689,38900,OK
2025-07-31,8864,空港施設,プライム（内国株式）,不動産業,932,946,924,946,13,1.393355,133900,OK
2025-07-31,8869,明和地所,スタンダード（内国株式）,不動産業,1040,1058,1029,1042,9,0.871249,64100,OK
2025-07-31,8871,ゴールドクレスト,スタンダード（内国株式）,不動産業,3330,3345,3300,3305,-35,-1.047904,44400,OK
2025-07-31,8876,リログループ,プライム（内国株式）,サービス業,1756,1763,1741,1743,-10.5,-0.598802,407600,OK
2025-07-31,8877,エスリード,プライム（内国株式）,不動産業,4730,4745,4600,4670,-30,-0.638298,64000,OK
2025-07-31,8881,日神グループホールディングス,プライム（内国株式）,不動産業,530,530,525,527,-4,-0.753296,66600,OK
2025-07-31,8887,シーラホールディングス,スタンダード（内国株式）,不動産業,384,391,382,387,7,1.842105,298100,OK
2025-07-31,8891,ＡＭＧホールディングス,スタンダード（内国株式）,不動産業,2146,2161,2122,2159,13,0.605778,7500,OK
2025-07-31,8892,エスコン,プライム（内国株式）,不動産業,982,984,976,976,-1,-0.102354,169400,OK
2025-07-31,8894,ＲＥＶＯＬＵＴＩＯＮ,スタンダード（内国株式）,不動産業,73,74,71,73,-1,-1.351351,1361800,OK
2025-07-31,8897,ＭＩＲＡＲＴＨホールディングス,プライム（内国株式）,不動産業,388,389,385,388,0,0,640500,OK
2025-07-31,8898,センチュリー２１・ジャパン,スタンダード（内国株式）,不動産業,1111,1114,1109,1114,9,0.81448,3500,OK
2025-07-31,8904,ＡＶＡＮＴＩＡ,スタンダード（内国株式）,不動産業,833,840,833,836,1,0.11976,46100,OK
2025-07-31,8908,毎日コムネット,スタンダード（内国株式）,不動産業,776,776,771,771,0,0,3900,OK
2025-07-31,8912,エリアクエスト,スタンダード（内国株式）,不動産業,161,162,160,161,1,0.625,3400,OK
2025-07-31,8914,エリアリンク,スタンダード（内国株式）,不動産業,2477,2546,2447,2545,99,4.047424,82200,OK
2025-07-31,8917,ファースト住建,スタンダード（内国株式）,不動産業,1045,1049,1041,1046,4,0.383877,32000,OK
2025-07-31,8918,ランド,スタンダード（内国株式）,不動産業,9,10,9,10,0,0,94448000,OK
2025-07-31,8919,カチタス,プライム（内国株式）,不動産業,2540,2555,2533,2547,6,0.236128,156900,OK
2025-07-31,8920,東祥,スタンダード（内国株式）,サービス業,676,683,672,683,10,1.485884,104600,OK
2025-07-31,8921,シーズクリエイト,TOKYO PRO MARKET（内国株式）,不動産業,,,,,,,,NO_QUOTE
2025-07-31,8923,トーセイ,プライム（内国株式）,不動産業,2888,2927,2871,2920,46,1.600557,110000,OK
2025-07-31,8927,明豊エンタープライズ,スタンダード（内国株式）,不動産業,401,419,400,418,19,4.761905,334500,OK
2025-07-31,8928,穴吹興産,スタンダード（内国株式）,不動産業,2011,2012,2005,2005,-6,-0.298359,4300,OK
2025-07-31,8929,青山財産ネットワークス,スタンダード（内国株式）,不動産業,1807,1815,1791,1812,8,0.443459,44200,OK
2025-07-31,8931,和田興産,スタンダード（内国株式）,不動産業,1542,1550,1541,1550,9,0.584036,11300,OK
2025-07-31,8934,サンフロンティア不動産,プライム（内国株式）,不動産業,2112,2134,2109,2128,16,0.757576,93100,OK
2025-07-31,8935,ＦＪネクストホールディングス,プライム（内国株式）,不動産業,1222,1228,1213,1219,9,0.743802,30200,OK
2025-07-31,8938,グローム・ホールディングス,グロース（内国株式）,不動産業,666,699,650,690,25,3.759398,40900,OK
2025-07-31,8940,インテリックス,スタンダード（内国株式）,不動産業,875,876,871,876,2,0.228833,18000,OK
2025-07-31,8944,ランドビジネス,スタンダード（内国株式）,不動産業,204,205,202,205,0,0,29300,OK
2025-07-31,8945,サンネクスタグループ,スタンダード（内国株式）,不動産業,1010,1020,1009,1012,3,0.297324,6000,OK
2025-07-31,8946,ＡＳＩＡＮ　ＳＴＡＲ,スタンダード（内国株式）,不動産業,109,113,108,110,1,0.917431,305100,OK
2025-07-31,8995,誠建設工業,スタンダード（内国株式）,不動産業,653,653,652,652,1,0.15361,400,OK
2025-07-31,8996,ハウスフリーダム,スタンダード（内国株式）,不動産業,822,822,820,822,2,0.243902,5000,OK
2025-07-31,8999,グランディハウス,プライム（内国株式）,不動産業,550,554,549,551,4,0.731261,28900,OK
2025-07-31,9001,東武鉄道,プライム（内国株式）,陸運業,2555,2572,2549,2572,21.5,0.842972,525500,OK
2025-07-31,9003,相鉄ホールディングス,プライム（内国株式）,陸運業,2395,2414.5,2321,2390,-1,-0.041824,674100,OK
2025-07-31,9005,東急,プライム（内国株式）,陸運業,1701,1708,1697.5,1706,12.5,0.738116,1266800,OK
2025-07-31,9006,京浜急行電鉄,プライム（内国株式）,陸運業,1570,1574.5,1550,1554.5,-4.5,-0.288647,413000,OK
2025-07-31,9007,小田急電鉄,プライム（内国株式）,陸運業,1638,1640,1620,1633.5,-3,-0.183318,736000,OK
2025-07-31,9008,京王電鉄,プライム（内国株式）,陸運業,3519,3538,3514,3537,24,0.683177,356600,OK
2025-07-31,9009,京成電鉄,プライム（内国株式）,陸運業,1265.5,1275.5,1256.5,1275.5,17,1.350814,2539300,OK
2025-07-31,9010,富士急行,プライム（内国株式）,陸運業,2124,2139,2110,2133,24,1.13798,82100,OK
2025-07-31,9012,秩父鉄道,スタンダード（内国株式）,陸運業,2006,2010,2006,2010,-17,-0.838678,200,OK
2025-07-31,9017,新潟交通,スタンダード（内国株式）,陸運業,,,,,,,,NO_QUOTE
2025-07-31,9020,東日本旅客鉄道,プライム（内国株式）,陸運業,3210,3221,3184,3218,12,0.374298,2864300,OK
2025-07-31,9021,西日本旅客鉄道,プライム（内国株式）,陸運業,3314,3334,3298,3321,20,0.605877,1346300,OK
2025-07-31,9022,東海旅客鉄道,プライム（内国株式）,陸運業,3480,3511,3459,3511,23,0.659404,2948500,OK
2025-07-31,9023,東京地下鉄,プライム（内国株式）,陸運業,1629,1638,1624,1631,9.5,0.585877,5506700,OK
2025-07-31,9024,西武ホールディングス,プライム（内国株式）,陸運業,4156,4268,4156,4232,47,1.123059,1344200,OK
2025-07-31,9025,鴻池運輸,プライム（内国株式）,陸運業,3400,3400,3195,3230,110,3.525641,265400,OK
2025-07-31,9028,ゼロ,スタンダード（内国株式）,陸運業,3345,3445,3345,3435,90,2.690583,29200,OK
2025-07-31,9029,ヒガシホールディングス,スタンダード（内国株式）,陸運業,1850,1863,1817,1829,-28,-1.507808,33100,OK
2025-07-31,9031,西日本鉄道,プライム（内国株式）,陸運業,2169.5,2185,2146.5,2148,-4,-0.185874,260500,OK
2025-07-31,9033,広島電鉄,スタンダード（内国株式）,陸運業,645,672,644,666,25,3.900156,65900,OK
2025-07-31,9034,南総通運,スタンダード（内国株式）,陸運業,1460,1476,1457,1471,20,1.37836,10500,OK
2025-07-31,9036,東部ネットワーク,スタンダード（内国株式）,陸運業,892,915,892,905,16,1.799775,19500,OK
2025-07-31,9037,ハマキョウレックス,プライム（内国株式）,陸運業,1469,1495,1437,1465,8,0.549073,231300,OK
2025-07-31,9039,サカイ引越センター,プライム（内国株式）,陸運業,2699,2709,2681,2682,-7,-0.26032,41000,OK
2025-07-31,9041,近鉄グループホールディングス,プライム（内国株式）,陸運業,2870,2899,2869,2896.5,31.5,1.099476,619600,OK
2025-07-31,9042,阪急阪神ホールディングス,プライム（内国株式）,陸運業,3916,3947,3911,3936,31,0.793854,580500,OK
2025-07-31,9044,南海電気鉄道,プライム（内国株式）,陸運業,2395,2442.5,2364,2437,202,9.038031,1594500,OK
2025-07-31,9045,京阪ホールディングス,プライム（内国株式）,陸運業,3105,3125,3085,3099,24,0.780488,409200,OK
2025-07-31,9046,神戸電鉄,プライム（内国株式）,陸運業,2380,2427,2380,2427,56,2.361873,10800,OK
2025-07-31,9048,名古屋鉄道,プライム（内国株式）,陸運業,1637.5,1644.5,1633.5,1644.5,9.5,0.58104,439500,OK
2025-07-31,9049,京福電気鉄道,スタンダード（内国株式）,陸運業,,,,,,,,NO_QUOTE
2025-07-31,9051,センコン物流,スタンダード（内国株式）,陸運業,1249,1249,1232,1243,-7,-0.56,1000,OK
2025-07-31,9052,山陽電気鉄道,プライム（内国株式）,陸運業,1995,1998,1987,1994,7,0.35229,31700,OK
2025-07-31,9057,遠州トラック,スタンダード（内国株式）,陸運業,3200,3275,3170,3275,80,2.503912,5200,OK
2025-07-31,9059,カンダホールディングス,スタンダード（内国株式）,陸運業,825,825,820,825,3,0.364964,4000,OK
2025-07-31,9060,日本ロジテム,スタンダード（内国株式）,陸運業,,,,,,,,NO_QUOTE
2025-07-31,9063,岡山県貨物運送,スタンダード（内国株式）,陸運業,3495,3505,3450,3505,10,0.286123,1200,OK
2025-07-31,9064,ヤマトホールディングス,プライム（内国株式）,陸運業,2126.5,2195,2062.5,2195,248.5,12.766504,7174500,OK
2025-07-31,9065,山九,プライム（内国株式）,陸運業,8832,8913,8503,8879,-31,-0.347924,388500,OK
2025-07-31,9066,日新,プライム（内国株式）,倉庫･運輸関連業,8060,8070,8050,8060,10,0.124224,133800,OK
2025-07-31,9067,丸運,スタンダード（内国株式）,陸運業,462,462,458,460,0,0,87200,OK
2025-07-31,9068,丸全昭和運輸,プライム（内国株式）,陸運業,7170,7260,7120,7210,110,1.549296,18900,OK
2025-07-31,9069,センコーグループホールディングス,プライム（内国株式）,陸運業,2008,2048,2004,2036,15,0.742207,1636500,OK
2025-07-31,9072,ニッコンホールディングス,プライム（内国株式）,陸運業,3415,3435,3390,3412,15,0.441566,300000,OK
2025-07-31,9073,京極運輸商事,スタンダード（内国株式）,陸運業,1254,1284,1254,1278,23,1.832669,400,OK
2025-07-31,9074,日本石油輸送,スタンダード（内国株式）,陸運業,3130,3145,3100,3145,15,0.479233,1900,OK
2025-07-31,9075,福山通運,プライム（内国株式）,陸運業,3555,3620,3545,3595,80,2.27596,125600,OK
2025-07-31,9076,セイノーホールディングス,プライム（内国株式）,陸運業,2285,2308.5,2277.5,2302,22,0.964912,684100,OK
2025-07-31,9081,神奈川中央交通,プライム（内国株式）,陸運業,3670,3695,3650,3660,-10,-0.27248,4100,OK
2025-07-31,9082,大和自動車交通,スタンダード（内国株式）,陸運業,916,931,916,924,12,1.315789,2500,OK
2025-07-31,9083,神姫バス,スタンダード（内国株式）,陸運業,3700,3700,3700,3700,5,0.135318,1700,OK
2025-07-31,9087,タカセ,スタンダード（内国株式）,陸運業,,,,,,,,NO_QUOTE
2025-07-31,9090,ＡＺ−ＣＯＭ丸和ホールディングス,プライム（内国株式）,陸運業,1153,1180,1147,1169,31,2.724077,475800,OK
2025-07-31,9101,日本郵船,プライム（内国株式）,海運業,5270,5303,5252,5301,51,0.971429,2165100,OK
2025-07-31,9104,商船三井,プライム（内国株式）,海運業,5120,5130,5068,5085,-20,-0.391773,3116000,OK
2025-07-31,9107,川崎汽船,プライム（内国株式）,海運業,2157.5,2161,2126.5,2142.5,2,0.093436,4021800,OK
2025-07-31,9110,ＮＳユナイテッド海運,プライム（内国株式）,海運業,4010,4215,3940,4200,200,5,330600,OK
2025-07-31,9115,明海グループ,スタンダード（内国株式）,海運業,688,714,685,705,20,2.919708,47500,OK
2025-07-31,9119,飯野海運,プライム（内国株式）,海運業,1076,1087,1001,1040,-39,-3.614458,530500,OK
2025-07-31,9127,玉井商船,スタンダード（内国株式）,海運業,2597,2598,2563,2563,-28,-1.080664,8100,OK
2025-07-31,9130,共栄タンカー,スタンダード（内国株式）,海運業,1024,1052,1023,1047,20,1.94742,53800,OK
2025-07-31,9142,九州旅客鉄道,プライム（内国株式）,陸運業,3643,3660,3633,3660,31,0.85423,639500,OK
2025-07-31,9143,ＳＧホールディングス,プライム（内国株式）,陸運業,1650,1689.5,1639,1681.5,59.5,3.668311,2612400,OK
2025-07-31,9145,ビーイングホールディングス,スタンダード（内国株式）,陸運業,3675,3780,3675,3775,30,0.801068,8500,OK
2025-07-31,9146,五健堂ホールディングス,TOKYO PRO MARKET（内国株式）,陸運業,,,,,,,,NO_QUOTE
2025-07-31,9147,ＮＩＰＰＯＮ　ＥＸＰＲＥＳＳホールディングス,プライム（内国株式）,陸運業,3315,3337,3300,3316,6,0.181269,828300,OK
2025-07-31,9149,大友ロジスティクスサービス,TOKYO PRO MARKET（内国株式）,陸運業,,,,,,,,NO_QUOTE
2025-07-31,9156,はなホールディングス,TOKYO PRO MARKET（内国株式）,サービス業,,,,,,,,NO_QUOTE
2025-07-31,9158,シーユーシー,グロース（内国株式）,サービス業,1165,1183,1165,1172,21,1.8245,97000,OK
2025-07-31,9159,Ｗ　ＴＯＫＹＯ,グロース（内国株式）,サービス業,1722,1755,1718,1750,28,1.626016,2000,OK
2025-07-31,9160,ノバレーゼ,スタンダード（内国株式）,サービス業,321,322,318,319,-2,-0.623053,18400,OK
2025-07-31,9162,ブリーチ,グロース（内国株式）,サービス業,349,350,345,348,1,0.288184,29500,OK
2025-07-31,9163,ナレルグループ,グロース（内国株式）,サービス業,2342,2350,2330,2336,-9,-0.383795,29000,OK
2025-07-31,9164,トライト,グロース（内国株式）,サービス業,883,883,876,878,-28,-3.090508,142300,OK
2025-07-31,9165,クオルテック,グロース（内国株式）,サービス業,1603,1630,1594,1620,26,1.631117,9600,OK
2025-07-31,9166,ＧＥＮＤＡ,グロース（内国株式）,サービス業,933,938,915,937,-1,-0.10661,2055200,OK
2025-07-31,9167,フトン巻きのジロー,TOKYO PRO MARKET（内国株式）,サービス業,,,,,,,,NO_QUOTE
2025-07-31,9168,ライズ・コンサルティング・グループ,グロース（内国株式）,サービス業,1267,1286,1254,1270,-2,-0.157233,189600,OK
2025-07-31,9169,大伸社,TOKYO PRO MARKET（内国株式）,サービス業,,,,,,,,NO_QUOTE
2025-07-31,9171,栗林商船,スタンダード（内国株式）,海運業,1145,1166,1111,1116,12,1.086957,20700,OK
2025-07-31,9173,東海汽船,スタンダード（内国株式）,海運業,2994,2995,2994,2995,1,0.0334,600,OK
2025-07-31,9193,東京汽船,スタンダード（内国株式）,倉庫･運輸関連業,927,936,918,933,10,1.083424,13800,OK
2025-07-31,9201,日本航空,プライム（内国株式）,空運業,2993,3033,2955,3009,81,2.766393,6501900,OK
2025-07-31,9202,ＡＮＡホールディングス,プライム（内国株式）,空運業,2820,2821,2791,2808,12.5,0.447147,3634200,OK
2025-07-31,9204,スカイマーク,グロース（内国株式）,空運業,491,496,491,493,4,0.817996,116300,OK
2025-07-31,9206,スターフライヤー,スタンダード（内国株式）,空運業,2236,2281,2236,2256,22,0.984781,17400,OK
2025-07-31,9211,エフ・コード,グロース（内国株式）,サービス業,2235,2307,2230,2297,42,1.862528,72800,OK
2025-07-31,9212,Ｇｒｅｅｎ　Ｅａｒｔｈ　Ｉｎｓｔｉｔｕｔｅ,グロース（内国株式）,サービス業,403,440,403,416,16,4,47200,OK
2025-07-31,9213,セイファート,スタンダード（内国株式）,サービス業,822,852,805,811,-4,-0.490798,14500,OK
2025-07-31,9214,Ｒｅｃｏｖｅｒｙ　Ｉｎｔｅｒｎａｔｉｏｎａｌ,グロース（内国株式）,サービス業,1400,1408,1376,1376,-9,-0.649819,1300,OK
2025-07-31,9215,ＣａＳｙ,グロース（内国株式）,サービス業,993,1000,986,986,-7,-0.704935,2200,OK
2025-07-31,9216,ビーウィズ,プライム（内国株式）,サービス業,1507,1511,1497,1505,-2,-0.132714,26300,OK
2025-07-31,9218,メンタルヘルステクノロジーズ,グロース（内国株式）,サービス業,676,680,671,674,-5,-0.736377,22100,OK
2025-07-31,9219,ギックス,グロース（内国株式）,サービス業,914,918,914,915,5,0.549451,2200,OK
2025-07-31,9220,エフビー介護サービス,スタンダード（内国株式）,サービス業,1076,1076,1061,1062,-14,-1.301115,1900,OK
2025-07-31,9221,フルハシＥＰＯ,スタンダード（内国株式）,サービス業,1128,1131,1118,1130,2,0.177305,4900,OK
2025-07-31,9222,ｍａｎａｂｙ,TOKYO PRO MARKET（内国株式）,サービス業,,,,,,,,NO_QUOTE
2025-07-31,9223,ＡＳＮＯＶＡ,グロース（内国株式）,サービス業,609,613,609,609,0,0,2800,OK
2025-07-31,9224,環境のミカタ,TOKYO PRO MARKET（内国株式）,サービス業,,,,,,,,NO_QUOTE
2025-07-31,9225,ブリッジコンサルティンググループ,グロース（内国株式）,サービス業,1319,1319,1319,1319,11,0.840979,300,OK
2025-07-31,9226,アイガー,TOKYO PRO MARKET（内国株式）,サービス業,,,,,,,,NO_QUOTE
2025-07-31,9227,マイクロ波化学,グロース（内国株式）,サービス業,543,550,540,543,0,0,60000,OK
2025-07-31,9229,サンウェルズ,プライム（内国株式）,サービス業,795,821,774,779,-16,-2.012579,247700,OK
2025-07-31,9233,アジア航測,スタンダード（内国株式）,空運業,1189,1189,1175,1177,-7,-0.591216,12500,OK
2025-07-31,9235,売れるネット広告社グループ,グロース（内国株式）,サービス業,1440,1455,1402,1410,-3,-0.212314,208500,OK
2025-07-31,9236,ジャパンＭ＆Ａソリューション,グロース（内国株式）,サービス業,1260,1260,1211,1213,-17,-1.382114,2400,OK
2025-07-31,9237,笑美面,グロース（内国株式）,サービス業,2450,2491,2432,2471,27,1.104746,8600,OK
2025-07-31,9238,バリュークリエーション,グロース（内国株式）,サービス業,1616,1667,1612,1656,40,2.475248,26100,OK
2025-07-31,9239,ケーイーティ,TOKYO PRO MARKET（内国株式）,サービス業,,,,,,,,NO_QUOTE
2025-07-31,9240,デリバリーコンサルティング,グロース（内国株式）,サービス業,531,531,520,529,6,1.147228,7500,OK
2025-07-31,9241,フューチャーリンクネットワーク,グロース（内国株式）,サービス業,3275,3275,3275,3275,500,18.018018,4500,OK
2025-07-31,9242,メディア総研,グロース（内国株式）,サービス業,1327,1334,1326,1334,11,0.831444,1300,OK
2025-07-31,9243,富士テクノホールディングス,TOKYO PRO MARKET（内国株式）,サービス業,,,,,,,,NO_QUOTE
2025-07-31,9244,デジタリフト,グロース（内国株式）,サービス業,1146,1178,1124,1157,41,3.673835,17500,OK
2025-07-31,9245,リベロ,グロース（内国株式）,サービス業,1780,1799,1762,1762,-5,-0.282965,2400,OK
2025-07-31,9246,プロジェクトホールディングス,グロース（内国株式）,サービス業,1309,1309,1280,1282,-5,-0.3885,2500,OK
2025-07-31,9247,ＴＲＥホールディングス,プライム（内国株式）,サービス業,1377,1389,1362,1368,-7,-0.509091,332700,OK
2025-07-31,9248,人・夢・技術グループ,プライム（内国株式）,サービス業,1765,1795,1755,1795,39,2.220957,19000,OK
2025-07-31,9249,日本エコシステム,スタンダード（内国株式）,サービス業,1536,1538,1532,1535,4,0.261267,3500,OK
2025-07-31,9250,ＧＲＣＳ,グロース（内国株式）,サービス業,1321,1321,1320,1320,4,0.303951,300,OK
2025-07-31,9251,ＡＢ＆Ｃｏｍｐａｎｙ,グロース（内国株式）,サービス業,965,965,958,960,0,0,14300,OK
2025-07-31,9252,ラストワンマイル,グロース（内国株式）,サービス業,3095,3130,3080,3120,0,0,10000,OK
2025-07-31,9253,スローガン,グロース（内国株式）,サービス業,751,800,750,800,49,6.524634,3500,OK
2025-07-31,9254,ラバブルマーケティンググループ,グロース（内国株式）,サービス業,1397,1423,1397,1421,22,1.572552,900,OK
2025-07-31,9256,サクシード,グロース（内国株式）,サービス業,799,803,796,803,4,0.500626,600,OK
2025-07-31,9258,ＣＳ−Ｃ,グロース（内国株式）,サービス業,415,422,410,415,-6,-1.425178,4900,OK
2025-07-31,9259,タカヨシホールディングス,グロース（内国株式）,サービス業,701,702,691,702,2,0.285714,3800,OK
2025-07-31,9262,シルバーライフ,スタンダード（内国株式）,小売業,738,738,726,729,-7,-0.951087,15100,OK
2025-07-31,9264,ポエック,スタンダード（内国株式）,卸売業,1863,1950,1841,1843,20,1.097093,88300,OK
2025-07-31,9265,ヤマシタヘルスケアホールディングス,スタンダード（内国株式）,卸売業,3075,3075,2966,3065,-10,-0.325203,1900,OK
2025-07-31,9267,Ｇｅｎｋｙ　ＤｒｕｇＳｔｏｒｅｓ,プライム（内国株式）,小売業,4475,4540,4435,4495,65,1.467269,174600,OK
2025-07-31,9268,オプティマスグループ,スタンダード（内国株式）,卸売業,369,372,367,368,-1,-0.271003,69900,OK
2025-07-31,9270,バリュエンスホールディングス,グロース（内国株式）,卸売業,845,845,833,836,-6,-0.712589,19600,OK
2025-07-31,9271,和心,グロース（内国株式）,小売業,473,489,470,489,32,7.002188,36900,OK
2025-07-31,9272,ブティックス,グロース（内国株式）,サービス業,1394,1394,1367,1367,-18,-1.299639,11600,OK
2025-07-31,9273,コーア商事ホールディングス,プライム（内国株式）,卸売業,725,728,717,723,-2,-0.275862,32900,OK
2025-07-31,9274,ＫＰＰグループホールディングス,プライム（内国株式）,卸売業,777,782,773,781,4,0.514801,120300,OK
2025-07-31,9275,ナルミヤ・インターナショナル,スタンダード（内国株式）,小売業,1541,1573,1541,1562,22,1.428571,27900,OK
2025-07-31,9278,ブックオフグループホールディングス,プライム（内国株式）,小売業,1433,1449,1433,1440,0,0,66200,OK
2025-07-31,9279,ギフトホールディングス,プライム（内国株式）,小売業,3470,3535,3435,3510,80,2.332362,110400,OK
2025-07-31,9301,三菱倉庫,プライム（内国株式）,倉庫･運輸関連業,1280.5,1298,1277,1290.5,25,1.975504,1471500,OK
2025-07-31,9302,三井倉庫ホールディングス,プライム（内国株式）,倉庫･運輸関連業,3930,3955,3890,3935,75,1.943005,255600,OK
2025-07-31,9303,住友倉庫,プライム（内国株式）,倉庫･運輸関連業,3110,3145,3105,3130,35,1.130856,101000,OK
2025-07-31,9304,澁澤倉庫,プライム（内国株式）,倉庫･運輸関連業,4330,4375,4325,4370,65,1.509872,14500,OK
2025-07-31,9305,ヤマタネ,プライム（内国株式）,卸売業,2599,2632,2571,2587,8,0.310198,71200,OK
2025-07-31,9306,東陽倉庫,スタンダード（内国株式）,倉庫･運輸関連業,1642,1654,1622,1648,4,0.243309,5500,OK
2025-07-31,9307,杉村倉庫,スタンダード（内国株式）,倉庫･運輸関連業,809,824,809,818,9,1.112485,33300,OK
2025-07-31,9308,乾汽船,スタンダード（内国株式）,海運業,1249,1267,1246,1265,18,1.443464,103500,OK
2025-07-31,9310,日本トランスシティ,プライム（内国株式）,倉庫･運輸関連業,1149,1170,1140,1164,12,1.041667,91800,OK
2025-07-31,9311,アサガミ,スタンダード（内国株式）,倉庫･運輸関連業,6090,6090,6090,6090,0,0,100,OK
2025-07-31,9312,ケイヒン,スタンダード（内国株式）,倉庫･運輸関連業,2725,2726,2725,2726,-5,-0.183083,500,OK
2025-07-31,9313,丸八倉庫,スタンダード（内国株式）,倉庫･運輸関連業,838,852,838,852,12,1.428571,500,OK
2025-07-31,9319,中央倉庫,プライム（内国株式）,倉庫･運輸関連業,1426,1446,1426,1443,33,2.340426,8000,OK
2025-07-31,9322,川西倉庫,スタンダード（内国株式）,倉庫･運輸関連業,1164,1178,1164,1166,3,0.257954,1900,OK
2025-07-31,9324,安田倉庫,プライム（内国株式）,倉庫･運輸関連業,1958,1987,1953,1987,36,1.845208,38700,OK
2025-07-31,9325,ファイズホールディングス,スタンダード（内国株式）,倉庫･運輸関連業,1195,1230,1182,1218,38,3.220339,59000,OK
2025-07-31,9326,関通,グロース（内国株式）,倉庫･運輸関連業,364,370,359,360,1,0.278552,9200,OK
2025-07-31,9327,イー・ロジット,スタンダード（内国株式）,倉庫･運輸関連業,398,400,391,397,0,0,45800,OK
2025-07-31,9330,揚羽,グロース（内国株式）,サービス業,809,809,806,806,-3,-0.370828,400,OK
2025-07-31,9331,キャスター,グロース（内国株式）,サービス業,885,885,885,885,0,0,100,OK
2025-07-31,9332,ＮＩＳＳＯホールディングス,プライム（内国株式）,サービス業,667,667,661,664,-3,-0.449775,94000,OK
2025-07-31,9334,アイビスホールディングス,TOKYO PRO MARKET（内国株式）,サービス業,,,,,,,,NO_QUOTE
2025-07-31,9335,テクノクリエイティブ,TOKYO PRO MARKET（内国株式）,サービス業,,,,,,,,NO_QUOTE
2025-07-31,9336,大栄環境,プライム（内国株式）,サービス業,3100,3130,3095,3110,35,1.138211,121700,OK
2025-07-31,9337,トリドリ,グロース（内国株式）,サービス業,2216,2243,2216,2243,45,2.047316,2300,OK
2025-07-31,9338,ＩＮＦＯＲＩＣＨ,グロース（内国株式）,サービス業,2545,2592,2541,2576,36,1.417323,143900,OK
2025-07-31,9339,コーチ・エィ,スタンダード（内国株式）,サービス業,1010,1010,1002,1010,2,0.198413,3100,OK
2025-07-31,9340,アソインターナショナル,スタンダード（内国株式）,サービス業,609,610,601,609,3,0.49505,10900,OK
2025-07-31,9341,ＧＥＮＯＶＡ,プライム（内国株式）,サービス業,713,714,705,711,1,0.140845,65800,OK
2025-07-31,9342,スマサポ,グロース（内国株式）,サービス業,1197,1220,1172,1193,-3,-0.250836,9100,OK
2025-07-31,9343,アイビス,グロース（内国株式）,サービス業,3325,3385,3320,3370,45,1.353383,8000,OK
2025-07-31,9344,アクシスコンサルティング,グロース（内国株式）,サービス業,762,762,752,759,-4,-0.524246,5400,OK
2025-07-31,9345,ビズメイツ,グロース（内国株式）,サービス業,2481,2484,2470,2484,14,0.566802,600,OK
2025-07-31,9346,ココルポート,グロース（内国株式）,サービス業,1546,1546,1536,1545,9,0.585938,2000,OK
2025-07-31,9347,日本管財ホールディングス,プライム（内国株式）,サービス業,2775,2790,2755,2782,-6,-0.215208,39800,OK
2025-07-31,9348,ｉｓｐａｃｅ,グロース（内国株式）,サービス業,555,558,550,551,-7,-1.25448,1649900,OK
2025-07-31,9351,東洋埠頭,スタンダード（内国株式）,倉庫･運輸関連業,1434,1467,1422,1460,40,2.816901,8800,OK
2025-07-31,9353,櫻島埠頭,スタンダード（内国株式）,倉庫･運輸関連業,1660,1695,1659,1669,-2,-0.119689,6800,OK
2025-07-31,9355,リンコーコーポレーション,スタンダード（内国株式）,倉庫･運輸関連業,1785,1800,1785,1800,16,0.896861,200,OK
2025-07-31,9360,鈴与シンワート,スタンダード（内国株式）,情報･通信業,3100,3130,3085,3125,25,0.806452,2000,OK
2025-07-31,9361,伏木海陸運送,スタンダード（内国株式）,倉庫･運輸関連業,1661,1661,1661,1661,-14,-0.835821,200,OK
2025-07-31,9362,兵機海運,スタンダード（内国株式）,倉庫･運輸関連業,3600,3600,3560,3590,-10,-0.277778,400,OK
2025-07-31,9363,大運,スタンダード（内国株式）,倉庫･運輸関連業,429,429,426,428,0,0,4200,OK
2025-07-31,9364,上組,プライム（内国株式）,倉庫･運輸関連業,4230,4257,4196,4234,46,1.098376,385300,OK
2025-07-31,9365,トレーディア,スタンダード（内国株式）,倉庫･運輸関連業,1263,1277,1263,1277,14,1.108472,200,OK
2025-07-31,9366,サンリツ,スタンダード（内国株式）,倉庫･運輸関連業,833,833,811,825,4,0.487211,21600,OK
2025-07-31,9367,大東港運,スタンダード（内国株式）,倉庫･運輸関連業,781,781,780,780,-1,-0.128041,500,OK
2025-07-31,9368,キムラユニティー,スタンダード（内国株式）,倉庫･運輸関連業,842,851,815,830,-14,-1.658768,74600,OK
2025-07-31,9369,キユーソー流通システム,スタンダード（内国株式）,倉庫･運輸関連業,3425,3490,3395,3410,-25,-0.727802,64800,OK
2025-07-31,9376,ユーラシア旅行社,スタンダード（内国株式）,サービス業,511,523,511,514,0,0,10800,OK
2025-07-31,9377,エージーピー,スタンダード（内国株式）,倉庫･運輸関連業,1532,1535,1532,1532,-2,-0.130378,10200,OK
2025-07-31,9380,東海運,スタンダード（内国株式）,倉庫･運輸関連業,339,340,335,336,-4,-1.176471,23700,OK
2025-07-31,9381,エーアイテイー,プライム（内国株式）,倉庫･運輸関連業,1864,1886,1863,1875,16,0.860678,37500,OK
2025-07-31,9385,ショーエイコーポレーション,スタンダード（内国株式）,化学,555,555,555,555,0,0,2200,OK
2025-07-31,9386,日本コンセプト,プライム（内国株式）,倉庫･運輸関連業,3055,3060,3055,3055,0,0,23000,OK
2025-07-31,9401,ＴＢＳホールディングス,プライム（内国株式）,情報･通信業,4997,5030,4968,4990,16,0.321673,152000,OK
2025-07-31,9404,日本テレビホールディングス,プライム（内国株式）,情報･通信業,3325,3332,3275,3291,2,0.060809,349500,OK
2025-07-31,9405,朝日放送グループホールディングス,プライム（内国株式）,情報･通信業,702,704,694,704,2,0.2849,44300,OK
2025-07-31,9408,ＢＳＮメディアホールディングス,スタンダード（内国株式）,情報･通信業,2072,2072,2072,2072,-50,-2.356268,100,OK
2025-07-31,9409,テレビ朝日ホールディングス,プライム（内国株式）,情報･通信業,2815,2862,2801,2847,42,1.497326,240400,OK
2025-07-31,9412,スカパーＪＳＡＴホールディングス,プライム（内国株式）,情報･通信業,1430,1449,1428,1437,11,0.771388,507000,OK
2025-07-31,9413,テレビ東京ホールディングス,プライム（内国株式）,情報･通信業,3670,3725,3670,3685,15,0.408719,43200,OK
2025-07-31,9414,日本ＢＳ放送,スタンダード（内国株式）,情報･通信業,925,929,922,929,4,0.432432,18000,OK
2025-07-31,9416,ビジョン,プライム（内国株式）,情報･通信業,1093,1117,1093,1112,20,1.831502,468600,OK
2025-07-31,9417,スマートバリュー,スタンダード（内国株式）,情報･通信業,395,399,391,399,5,1.269036,24200,OK
2025-07-31,9418,Ｕ−ＮＥＸＴ　ＨＯＬＤＩＮＧＳ,プライム（内国株式）,情報･通信業,2027,2057,2019,2051,30,1.484414,600100,OK
2025-07-31,9419,ワイヤレスゲート,スタンダード（内国株式）,情報･通信業,262,274,262,273,10,3.802281,50600,OK
2025-07-31,9421,エヌジェイホールディングス,スタンダード（内国株式）,情報･通信業,585,589,582,582,-3,-0.512821,1000,OK
2025-07-31,9423,フォーバル・リアルストレート,スタンダード（内国株式）,情報･通信業,112,112,110,112,-1,-0.884956,251400,OK
2025-07-31,9424,日本通信,プライム（内国株式）,情報･通信業,161,163,160,162,1,0.621118,1135600,OK
2025-07-31,9425,ＲｅＹｕｕ　Ｊａｐａｎ,スタンダード（内国株式）,情報･通信業,581,608,576,604,18,3.071672,65700,OK
2025-07-31,9428,クロップス,スタンダード（内国株式）,情報･通信業,1510,1588,1494,1550,-7,-0.449583,48600,OK
2025-07-31,9432,ＮＴＴ,プライム（内国株式）,情報･通信業,152,152.8,151.6,152.7,1.3,0.858653,99949600,OK
2025-07-31,9433,ＫＤＤＩ,プライム（内国株式）,情報･通信業,2479.5,2490.5,2466,2485.5,22.5,0.91352,6366200,OK
2025-07-31,9434,ソフトバンク,プライム（内国株式）,情報･通信業,216.5,218.6,216.1,218.6,2.7,1.250579,64855000,OK
2025-07-31,94345,ソフトバンク（優先株式）,プライム（内国株式）,情報･通信業,3772,3775,3770,3770,-2,-0.053022,3900,OK
2025-07-31,94346,ソフトバンク（優先株式）,プライム（内国株式）,情報･通信業,7641,7641,7641,7641,-4,-0.052322,2000,OK
2025-07-31,9435,光通信,プライム（内国株式）,情報･通信業,40570,40880,40510,40720,250,0.617742,66500,OK
2025-07-31,9436,沖縄セルラー電話,スタンダード（内国株式）,情報･通信業,5080,5150,5060,5130,100,1.988072,69800,OK
2025-07-31,9438,エムティーアイ,プライム（内国株式）,情報･通信業,913,928,912,928,22,2.428256,23500,OK
2025-07-31,9439,エム・エイチ・グループ,スタンダード（内国株式）,サービス業,208,210,208,210,3,1.449275,7600,OK
2025-07-31,9441,ベルパーク,スタンダード（内国株式）,情報･通信業,2434,2434,2377,2377,-57,-2.341824,14900,OK
2025-07-31,9444,トーシンホールディングス,スタンダード（内国株式）,情報･通信業,617,618,614,615,-3,-0.485437,8900,OK
2025-07-31,9445,フォーバルテレコム,スタンダード（内国株式）,情報･通信業,,,,,,,,NO_QUOTE
2025-07-31,9446,サカイホールディングス,スタンダード（内国株式）,情報･通信業,457,462,456,462,6,1.315789,7100,OK
2025-07-31,9449,ＧＭＯインターネットグループ,プライム（内国株式）,情報･通信業,3694,3894,3670,3894,210,5.700326,340000,OK
2025-07-31,9450,ファイバーゲート,スタンダード（内国株式）,情報･通信業,698,713,694,707,13,1.873199,135600,OK
2025-07-31,9466,アイドママーケティングコミュニケーション,スタンダード（内国株式）,情報･通信業,250,251,249,251,1,0.4,5400,OK
2025-07-31,9467,アルファポリス,グロース（内国株式）,情報･通信業,1410,1426,1393,1420,30,2.158273,113700,OK
2025-07-31,9468,ＫＡＤＯＫＡＷＡ,プライム（内国株式）,情報･通信業,3701,3715,3672,3694,3,0.081279,545700,OK
2025-07-31,9470,学研ホールディングス,プライム（内国株式）,情報･通信業,954,960,953,960,11,1.159115,47100,OK
2025-07-31,9474,ゼンリン,プライム（内国株式）,情報･通信業,1090,1120,1085,1108,18,1.651376,285600,OK
2025-07-31,9475,昭文社ホールディングス,スタンダード（内国株式）,情報･通信業,418,418,416,416,-1,-0.239808,3600,OK
2025-07-31,9476,中央経済社ホールディングス,スタンダード（内国株式）,情報･通信業,613,617,608,610,10,1.666667,1500,OK
2025-07-31,9478,ＳＥホールディングス・アンド・インキュベーションズ,スタンダード（内国株式）,情報･通信業,374,378,370,377,3,0.802139,36500,OK
2025-07-31,9501,東京電力ホールディングス,プライム（内国株式）,電気･ガス業,564.9,602.3,561.5,575,-15.1,-2.558888,109916200,OK
2025-07-31,9502,中部電力,プライム（内国株式）,電気･ガス業,1847,1859.5,1829.5,1845.5,10,0.544811,2670800,OK
2025-07-31,9503,関西電力,プライム（内国株式）,電気･ガス業,1814,1883.5,1803,1821.5,-6,-0.328317,7769900,OK
2025-07-31,9504,中国電力,プライム（内国株式）,電気･ガス業,833,846,816,821.4,-11.7,-1.404393,3154100,OK
2025-07-31,9505,北陸電力,プライム（内国株式）,電気･ガス業,791.5,798.5,764.5,783,6.5,0.83709,2691900,OK
2025-07-31,9506,東北電力,プライム（内国株式）,電気･ガス業,1111,1140,1060,1060.5,-43.5,-3.940217,4600200,OK
2025-07-31,9507,四国電力,プライム（内国株式）,電気･ガス業,1280,1322,1240,1260,-21,-1.639344,1137800,OK
2025-07-31,9508,九州電力,プライム（内国株式）,電気･ガス業,1361,1395,1338.5,1341,-18,-1.324503,3454600,OK
2025-07-31,9509,北海道電力,プライム（内国株式）,電気･ガス業,901.5,924.4,893.8,906.9,-0.6,-0.066116,11674500,OK
2025-07-31,9511,沖縄電力,プライム（内国株式）,電気･ガス業,990,996,959,965,-28,-2.819738,531500,OK
2025-07-31,9513,電源開発,プライム（内国株式）,電気･ガス業,2596,2647,2588,2608.5,29,1.124249,1205400,OK
2025-07-31,9514,エフオン,スタンダード（内国株式）,電気･ガス業,347,349,346,348,1,0.288184,36700,OK
2025-07-31,9517,イーレックス,プライム（内国株式）,電気･ガス業,758,761,747,747,-10,-1.321004,161300,OK
2025-07-31,9519,レノバ,プライム（内国株式）,電気･ガス業,720,721,709,711,-13,-1.79558,391000,OK
2025-07-31,9531,東京瓦斯,プライム（内国株式）,電気･ガス業,5050,5096,4950,5049,41,0.81869,2022200,OK
2025-07-31,9532,大阪瓦斯,プライム（内国株式）,電気･ガス業,3775,3888,3755,3810,63,1.681345,1640500,OK
2025-07-31,9533,東邦瓦斯,プライム（内国株式）,電気･ガス業,4177,4251,4173,4206,98,2.385589,316800,OK
2025-07-31,9534,北海道瓦斯,プライム（内国株式）,電気･ガス業,594,614,593,609,18,3.045685,173600,OK
2025-07-31,9535,広島ガス,プライム（内国株式）,電気･ガス業,360,364,360,364,4,1.111111,68500,OK
2025-07-31,9536,西部ガスホールディングス,プライム（内国株式）,電気･ガス業,1857,1866,1852,1852,-1,-0.053967,48300,OK
2025-07-31,9537,北陸瓦斯,スタンダード（内国株式）,電気･ガス業,3560,3560,3560,3560,5,0.140647,200,OK
2025-07-31,9539,京葉瓦斯,スタンダード（内国株式）,電気･ガス業,1159,1188,1150,1152,-10,-0.860585,6300,OK
2025-07-31,9543,静岡ガス,プライム（内国株式）,電気･ガス業,1120,1138,1119,1133,15,1.341682,148500,OK
2025-07-31,9551,メタウォーター,プライム（内国株式）,電気･ガス業,2700,2755,2680,2742,38,1.405325,286800,OK
2025-07-31,9552,Ｍ＆Ａ総研ホールディングス,プライム（内国株式）,サービス業,1337,1428,1321,1373,8,0.586081,1569200,OK
2025-07-31,9553,マイクロアド,グロース（内国株式）,サービス業,541,541,525,537,-3,-0.555556,273300,OK
2025-07-31,9554,ＡＶｉＣ,グロース（内国株式）,サービス業,2114,2134,2101,2130,16,0.756859,11100,OK
2025-07-31,9556,ＩＮＴＬＯＯＰ,グロース（内国株式）,サービス業,7150,7280,7070,7260,120,1.680672,24400,OK
2025-07-31,9557,エアークローゼット,グロース（内国株式）,サービス業,489,490,485,490,2,0.409836,3100,OK
2025-07-31,9558,ジャパニアス,グロース（内国株式）,サービス業,2138,2153,2137,2140,-6,-0.27959,1900,OK
2025-07-31,9560,プログリット,グロース（内国株式）,サービス業,1106,1113,1098,1105,-1,-0.090416,62200,OK
2025-07-31,9561,グラッドキューブ,グロース（内国株式）,サービス業,758,765,754,765,7,0.923483,11600,OK
2025-07-31,9562,ビジネスコーチ,グロース（内国株式）,サービス業,1938,1950,1938,1950,1,0.051308,1300,OK
2025-07-31,9563,Ａｔｌａｓ　Ｔｅｃｈｎｏｌｏｇｉｅｓ,グロース（内国株式）,サービス業,330,331,324,328,-6,-1.796407,8600,OK
2025-07-31,9564,ＦＣＥ,スタンダード（内国株式）,サービス業,846,863,832,863,22,2.615933,108400,OK
2025-07-31,9565,ＧＬＯＥ,グロース（内国株式）,サービス業,953,963,953,959,2,0.208986,2200,OK
2025-07-31,9600,アイネット,プライム（内国株式）,情報･通信業,1941,1993,1928,1982,38,1.954733,28700,OK
2025-07-31,9601,松竹,プライム（内国株式）,情報･通信業,12710,12860,12690,12810,120,0.945626,50800,OK
2025-07-31,9602,東宝,プライム（内国株式）,情報･通信業,9496,9572,9402,9537,144,1.533057,751700,OK
2025-07-31,9603,エイチ・アイ・エス,プライム（内国株式）,サービス業,1440,1441,1425,1432,-9,-0.624566,407500,OK
2025-07-31,9605,東映,プライム（内国株式）,情報･通信業,5190,5310,5190,5230,80,1.553398,134500,OK
2025-07-31,9610,ウィルソン・ラーニング　ワールドワイド,スタンダード（内国株式）,サービス業,127,127,123,126,-1,-0.787402,145400,OK
2025-07-31,9612,ラックランド,プライム（内国株式）,サービス業,1077,1079,1062,1067,3,0.281955,34400,OK
2025-07-31,9613,ＮＴＴデータグループ,プライム（内国株式）,情報･通信業,3961,3964,3961,3964,3,0.075738,1348700,OK
2025-07-31,9616,共立メンテナンス,プライム（内国株式）,サービス業,3633,3672,3604,3664,50,1.383509,378000,OK
2025-07-31,9619,イチネンホールディングス,プライム（内国株式）,サービス業,1713,1727,1709,1726,7,0.407213,25000,OK
2025-07-31,9621,建設技術研究所,プライム（内国株式）,サービス業,3010,3040,3000,3040,43,1.434768,26800,OK
2025-07-31,9622,スペース,プライム（内国株式）,サービス業,1189,1199,1189,1199,11,0.925926,17000,OK
2025-07-31,9625,セレスポ,スタンダード（内国株式）,サービス業,1109,1109,1080,1099,0,0,5800,OK
2025-07-31,9627,アインホールディングス,プライム（内国株式）,小売業,5865,5888,5843,5860,21,0.359651,64200,OK
2025-07-31,9628,燦ホールディングス,プライム（内国株式）,サービス業,1591,1610,1588,1604,21,1.326595,27500,OK
2025-07-31,9629,ピー・シー・エー,プライム（内国株式）,情報･通信業,1858,1870,1849,1870,20,1.081081,22200,OK
2025-07-31,9632,スバル興業,スタンダード（内国株式）,サービス業,3095,3130,3055,3095,10,0.324149,22500,OK
2025-07-31,9633,東京テアトル,スタンダード（内国株式）,サービス業,1210,1215,1194,1200,-11,-0.90834,17900,OK
2025-07-31,9635,武蔵野興業,スタンダード（内国株式）,サービス業,2175,2175,2175,2175,15,0.694444,200,OK
2025-07-31,9636,きんえい,スタンダード（内国株式）,サービス業,4010,4040,4010,4040,30,0.74813,600,OK
2025-07-31,9639,三協フロンテア,スタンダード（内国株式）,サービス業,2016,2029,2006,2028,-1,-0.049285,14200,OK
2025-07-31,9640,セゾンテクノロジー,スタンダード（内国株式）,情報･通信業,1918,1918,1905,1913,3,0.157068,5200,OK
2025-07-31,9644,タナベコンサルティンググループ,プライム（内国株式）,サービス業,785,794,785,794,9,1.146497,28800,OK
2025-07-31,9647,協和コンサルタンツ,スタンダード（内国株式）,サービス業,6240,6240,6240,6240,-90,-1.421801,100,OK
2025-07-31,9651,日本プロセス,スタンダード（内国株式）,情報･通信業,1407,1414,1399,1414,11,0.784034,6300,OK
2025-07-31,9656,グリーンランドリゾート,スタンダード（内国株式）,サービス業,615,618,615,617,2,0.325203,2100,OK
2025-07-31,9658,ビジネスブレイン太田昭和,プライム（内国株式）,情報･通信業,2709,2747,2695,2739,63,2.35426,12800,OK
2025-07-31,9661,歌舞伎座,スタンダード（内国株式）,サービス業,4655,4670,4640,4660,-5,-0.107181,3600,OK
2025-07-31,9663,ナガワ,プライム（内国株式）,サービス業,6560,6670,6430,6500,-60,-0.914634,17700,OK
2025-07-31,9672,東京都競馬,プライム（内国株式）,サービス業,5000,5460,4995,5220,190,3.777336,158400,OK
2025-07-31,9678,カナモト,プライム（内国株式）,サービス業,3385,3455,3385,3410,10,0.294118,81000,OK
2025-07-31,9679,ホウライ,スタンダード（内国株式）,サービス業,1731,1748,1727,1743,-3,-0.171821,1100,OK
2025-07-31,9682,ＤＴＳ,プライム（内国株式）,情報･通信業,4975,5030,4960,5020,45,0.904523,76100,OK
2025-07-31,9684,スクウェア・エニックス・ホールディングス,プライム（内国株式）,情報･通信業,10280,10330,10180,10270,50,0.489237,298300,OK
2025-07-31,9685,ＫＹＣＯＭホールディングス,スタンダード（内国株式）,情報･通信業,644,647,644,647,5,0.778816,900,OK
2025-07-31,9686,東洋テック,スタンダード（内国株式）,サービス業,1746,1756,1658,1690,104,6.557377,148000,OK
2025-07-31,9687,ＫＳＫ,スタンダード（内国株式）,情報･通信業,4020,4465,4020,4450,405,10.012361,43500,OK
2025-07-31,9691,両毛システムズ,スタンダード（内国株式）,情報･通信業,3380,3535,3380,3505,135,4.005935,5800,OK
2025-07-31,9692,シーイーシー,プライム（内国株式）,情報･通信業,2247,2256,2225,2239,2,0.089405,71500,OK
2025-07-31,9696,ウィザス,スタンダード（内国株式）,サービス業,3230,3230,3230,3230,5,0.155039,100,OK
2025-07-31,9697,カプコン,プライム（内国株式）,情報･通信業,3962,4097,3874,3876,-407,-9.502685,9087800,OK
2025-07-31,9698,クレオ,スタンダード（内国株式）,情報･通信業,1114,1118,1105,1118,4,0.359066,4800,OK
2025-07-31,9699,ニシオホールディングス,プライム（内国株式）,サービス業,4170,4265,4170,4240,70,1.678657,41400,OK
2025-07-31,9701,東京會舘,スタンダード（内国株式）,サービス業,3875,3880,3875,3880,0,0,400,OK
2025-07-31,9702,アイ・エス・ビー,プライム（内国株式）,情報･通信業,1413,1515,1411,1507,100,7.107321,64800,OK
2025-07-31,9704,アゴーラ　ホスピタリティー　グループ,スタンダード（内国株式）,サービス業,62,63,61,63,1,1.612903,709100,OK
2025-07-31,9706,日本空港ビルデング,プライム（内国株式）,不動産業,4593,4605,4575,4596,-5,-0.108672,162600,OK
2025-07-31,9708,帝国ホテル,スタンダード（内国株式）,サービス業,995,995,987,987,-3,-0.30303,35300,OK
2025-07-31,9709,ＮＣＳ＆Ａ,スタンダード（内国株式）,情報･通信業,1147,1155,1142,1155,8,0.697472,11300,OK
2025-07-31,9713,ロイヤルホテル,スタンダード（内国株式）,サービス業,896,904,894,900,4,0.446429,9000,OK
2025-07-31,9715,トランス・コスモス,プライム（内国株式）,サービス業,3565,3615,3555,3605,20,0.55788,114600,OK
2025-07-31,9716,乃村工藝社,プライム（内国株式）,サービス業,910,924,905,922,15,1.653804,318000,OK
2025-07-31,9719,ＳＣＳＫ,プライム（内国株式）,情報･通信業,4731,4767,4651,4714,-36,-0.757895,1412400,OK
2025-07-31,9720,ホテル、ニューグランド,スタンダード（内国株式）,サービス業,6570,6580,6570,6580,10,0.152207,200,OK
2025-07-31,9722,藤田観光,プライム（内国株式）,サービス業,10650,10710,10430,10580,100,0.954198,62500,OK
2025-07-31,9723,京都ホテル,スタンダード（内国株式）,サービス業,626,633,626,632,6,0.958466,1900,OK
2025-07-31,9726,ＫＮＴ−ＣＴホールディングス,スタンダード（内国株式）,サービス業,1023,1039,1022,1039,15,1.464844,34600,OK
2025-07-31,9729,トーカイ,プライム（内国株式）,サービス業,2091,2124,2091,2112,17,0.811456,23400,OK
2025-07-31,9731,白洋舎,スタンダード（内国株式）,サービス業,3625,3650,3610,3620,-15,-0.412655,5100,OK
2025-07-31,9733,ナガセ,スタンダード（内国株式）,サービス業,1930,1930,1919,1923,-7,-0.362694,4100,OK
2025-07-31,9735,セコム,プライム（内国株式）,サービス業,5441,5448,5411,5416,9,0.166451,830600,OK
2025-07-31,9739,ＮＳＷ,プライム（内国株式）,情報･通信業,2564,2597,2553,2595,39,1.525822,11300,OK
2025-07-31,9740,セントラル警備保障,プライム（内国株式）,サービス業,2357,2380,2357,2377,30,1.278228,18800,OK
2025-07-31,9742,アイネス,プライム（内国株式）,情報･通信業,1738,1775,1733,1769,41,2.372685,69100,OK
2025-07-31,9743,丹青社,プライム（内国株式）,サービス業,1310,1328,1308,1327,9,0.682853,813100,OK
2025-07-31,9744,メイテックグループホールディングス,プライム（内国株式）,サービス業,3194,3215,3113,3163,-46,-1.433468,749700,OK
2025-07-31,9746,ＴＫＣ,プライム（内国株式）,情報･通信業,4525,4560,4495,4540,45,1.001112,48100,OK
2025-07-31,9753,アイエックス・ナレッジ,スタンダード（内国株式）,情報･通信業,1159,1179,1153,1165,8,0.691443,14100,OK
2025-07-31,9755,応用地質,プライム（内国株式）,サービス業,3140,3150,3120,3145,25,0.801282,21600,OK
2025-07-31,9757,船井総研ホールディングス,プライム（内国株式）,サービス業,2377,2385,2361,2379,20,0.847817,45300,OK
2025-07-31,9759,ＮＳＤ,プライム（内国株式）,情報･通信業,3652,3669,3582,3612,52,1.460674,192000,OK
2025-07-31,9760,進学会ホールディングス,スタンダード（内国株式）,サービス業,162,163,161,161,0,0,20300,OK
2025-07-31,9761,東海リース,スタンダード（内国株式）,サービス業,2158,2158,2134,2150,12,0.561272,4000,OK
2025-07-31,9763,丸紅建材リース,スタンダード（内国株式）,卸売業,3175,3215,3165,3215,50,1.579779,11100,OK
2025-07-31,9765,オオバ,プライム（内国株式）,サービス業,1044,1044,1038,1043,0,0,17200,OK
2025-07-31,9766,コナミグループ,プライム（内国株式）,情報･通信業,20550,20650,19920,20520,165,0.810612,604100,OK
2025-07-31,9767,日建工学,スタンダード（内国株式）,サービス業,1405,1408,1400,1401,-4,-0.284698,800,OK
2025-07-31,9768,いであ,スタンダード（内国株式）,サービス業,3240,3270,3210,3255,15,0.462963,13800,OK
2025-07-31,9769,学究社,プライム（内国株式）,サービス業,2307,2347,2307,2343,35,1.516464,6900,OK
2025-07-31,9776,札幌臨床検査センター,スタンダード（内国株式）,サービス業,1048,1050,1043,1043,-4,-0.382044,3000,OK
2025-07-31,9778,昴,スタンダード（内国株式）,サービス業,7310,7310,7050,7060,-260,-3.551913,3300,OK
2025-07-31,9780,ハリマビステム,スタンダード（内国株式）,サービス業,915,934,915,927,23,2.544248,4900,OK
2025-07-31,9782,ディーエムエス,スタンダード（内国株式）,サービス業,2986,3010,2983,3000,18,0.603622,26000,OK
2025-07-31,9788,ナック,プライム（内国株式）,サービス業,554,562,554,562,9,1.627486,36700,OK
2025-07-31,9790,福井コンピュータホールディングス,プライム（内国株式）,情報･通信業,3000,3055,2991,3055,55,1.833333,34300,OK
2025-07-31,9791,ビケンテクノ,スタンダード（内国株式）,サービス業,965,970,962,969,7,0.727651,6200,OK
2025-07-31,9793,ダイセキ,プライム（内国株式）,サービス業,3530,3545,3520,3535,20,0.56899,85700,OK
2025-07-31,9795,ステップ,プライム（内国株式）,サービス業,2292,2324,2290,2324,44,1.929825,7300,OK
2025-07-31,9799,旭情報サービス,スタンダード（内国株式）,情報･通信業,1049,1051,1042,1050,7,0.671141,5100,OK
2025-07-31,9812,テーオーホールディングス,スタンダード（内国株式）,卸売業,310,317,310,313,3,0.967742,35200,OK
2025-07-31,9816,ストライダーズ,スタンダード（内国株式）,不動産業,265,268,265,267,2,0.754717,3900,OK
2025-07-31,9818,大丸エナウィン,スタンダード（内国株式）,卸売業,,,,,,,,NO_QUOTE
2025-07-31,9820,エムティジェネックス,スタンダード（内国株式）,不動産業,3100,3225,3100,3160,95,3.099511,1200,OK
2025-07-31,9823,マミーマート,スタンダード（内国株式）,小売業,5540,5630,5520,5550,0,0,2200,OK
2025-07-31,9824,泉州電業,プライム（内国株式）,卸売業,4270,4300,4260,4295,45,1.058824,48200,OK
2025-07-31,9827,リリカラ,スタンダード（内国株式）,卸売業,630,633,626,633,2,0.316957,25500,OK
2025-07-31,9828,Ｇｅｎｋｉ　Ｇｌｏｂａｌ　Ｄｉｎｉｎｇ　Ｃｏｎｃｅｐｔｓ,スタンダード（内国株式）,小売業,3620,3620,3435,3500,-260,-6.914894,391200,OK
2025-07-31,9830,トラスコ中山,プライム（内国株式）,卸売業,2191,2217,2191,2203,26,1.194304,108200,OK
2025-07-31,9831,ヤマダホールディングス,プライム（内国株式）,小売業,456.4,462.6,456.2,461.5,5.1,1.117441,2642400,OK
2025-07-31,9832,オートバックスセブン,プライム（内国株式）,卸売業,1468,1481,1465,1477,3,0.203528,372400,OK
2025-07-31,9835,ジュンテンドー,スタンダード（内国株式）,小売業,491,492,491,491,-1,-0.203252,4200,OK
2025-07-31,9837,モリト,プライム（内国株式）,卸売業,1520,1544,1520,1539,19,1.25,94300,OK
2025-07-31,9842,アークランズ,プライム（内国株式）,小売業,1744,1754,1734,1744,19,1.101449,271700,OK
2025-07-31,9843,ニトリホールディングス,プライム（内国株式）,小売業,12900,13040,12850,12945,55,0.426687,582700,OK
2025-07-31,9845,パーカーコーポレーション,スタンダード（内国株式）,化学,987,987,969,980,-1,-0.101937,15800,OK
2025-07-31,9846,天満屋ストア,スタンダード（内国株式）,小売業,964,965,958,959,-1,-0.104167,2700,OK
2025-07-31,9849,共同紙販ホールディングス,スタンダード（内国株式）,卸売業,,,,,,,,NO_QUOTE
2025-07-31,9850,グルメ杵屋,プライム（内国株式）,小売業,973,979,971,978,13,1.34715,41300,OK
2025-07-31,9853,銀座ルノアール,スタンダード（内国株式）,小売業,900,904,899,900,0,0,1200,OK
2025-07-31,9854,愛眼,スタンダード（内国株式）,小売業,192,202,192,200,8,4.166667,273800,OK
2025-07-31,9856,ケーユーホールディングス,スタンダード（内国株式）,小売業,1160,1171,1154,1170,19,1.650738,19000,OK
2025-07-31,9857,英和,スタンダード（内国株式）,卸売業,2495,2495,2407,2461,61,2.541667,6300,OK
2025-07-31,9861,吉野家ホールディングス,プライム（内国株式）,小売業,3304,3308,3265,3286,-16,-0.484555,530700,OK
2025-07-31,9867,ソレキア,スタンダード（内国株式）,卸売業,6710,6940,6710,6940,250,3.736921,1900,OK
2025-07-31,9869,加藤産業,プライム（内国株式）,卸売業,5700,5780,5690,5730,40,0.702988,41900,OK
2025-07-31,9872,北恵,スタンダード（内国株式）,卸売業,908,909,905,907,11,1.227679,4700,OK
2025-07-31,9876,コックス,スタンダード（内国株式）,小売業,210,210,208,210,0,0,27000,OK
2025-07-31,9878,セキド,スタンダード（内国株式）,小売業,951,970,921,921,-31,-3.256303,139600,OK
2025-07-31,9880,イノテック,プライム（内国株式）,電気機器,1475,1488,1475,1482,11,0.747791,37600,OK
2025-07-31,9882,イエローハット,プライム（内国株式）,卸売業,1595,1600,1577,1595,9,0.567465,168800,OK
2025-07-31,9885,シャルレ,スタンダード（内国株式）,卸売業,372,373,371,371,-1,-0.268817,8500,OK
2025-07-31,9887,松屋フーズホールディングス,プライム（内国株式）,小売業,6230,6300,6190,6290,90,1.451613,24700,OK
2025-07-31,9888,ＵＥＸ,スタンダード（内国株式）,卸売業,844,846,840,846,2,0.236967,11100,OK
2025-07-31,9889,ＪＢＣＣホールディングス,プライム（内国株式）,情報･通信業,1256,1319,1252,1310,47,3.721298,376400,OK
2025-07-31,9890,マキヤ,スタンダード（内国株式）,小売業,1130,1131,1117,1118,-12,-1.061947,3500,OK
2025-07-31,9895,コンセック,スタンダード（内国株式）,卸売業,1319,1319,1310,1316,0,0,1400,OK
2025-07-31,9896,ＪＫホールディングス,スタンダード（内国株式）,卸売業,1196,1216,1196,1215,17,1.419032,13500,OK
2025-07-31,9900,サガミホールディングス,プライム（内国株式）,小売業,1758,1763,1748,1761,13,0.743707,45000,OK
2025-07-31,9902,日伝,プライム（内国株式）,卸売業,2867,2875,2839,2856,24,0.847458,11400,OK
2025-07-31,9903,カンセキ,スタンダード（内国株式）,小売業,880,884,880,884,-1,-0.112994,200,OK
2025-07-31,9904,ベリテ,スタンダード（内国株式）,小売業,373,374,370,373,3,0.810811,24100,OK
2025-07-31,9906,藤井産業,スタンダード（内国株式）,卸売業,3035,3175,3030,3130,95,3.130148,12200,OK
2025-07-31,9908,日本電計,スタンダード（内国株式）,卸売業,2139,2141,2125,2139,0,0,1400,OK
2025-07-31,9913,日邦産業,スタンダード（内国株式）,卸売業,2625,2667,2625,2667,45,1.716247,600,OK
2025-07-31,9914,植松商会,スタンダード（内国株式）,卸売業,956,959,956,956,3,0.314795,1400,OK
2025-07-31,9927,ワットマン,スタンダード（内国株式）,小売業,773,779,770,779,8,1.037613,2800,OK
2025-07-31,9928,ミロク情報サービス,プライム（内国株式）,情報･通信業,1837,1882,1837,1881,34,1.840823,27600,OK
2025-07-31,9929,平和紙業,スタンダード（内国株式）,卸売業,433,433,433,433,0,0,700,OK
2025-07-31,9930,北沢産業,スタンダード（内国株式）,卸売業,383,384,380,380,-1,-0.262467,5300,OK
2025-07-31,9932,杉本商事,プライム（内国株式）,卸売業,1725,1809,1717,1795,80,4.664723,94100,OK
2025-07-31,9934,因幡電機産業,プライム（内国株式）,卸売業,4136,4181,3910,3967,-194,-4.662341,312900,OK
2025-07-31,9936,王将フードサービス,プライム（内国株式）,小売業,3730,3760,3675,3745,55,1.490515,118100,OK
2025-07-31,9941,太洋物産,スタンダード（内国株式）,卸売業,1006,1013,1000,1006,0,0,4000,OK
2025-07-31,9946,ミニストップ,プライム（内国株式）,小売業,2035,2038,2010,2010,-15,-0.740741,58000,OK
2025-07-31,9948,アークス,プライム（内国株式）,小売業,3035,3040,3020,3035,20,0.66335,61500,OK
2025-07-31,9950,ハチバン,スタンダード（内国株式）,小売業,3445,3445,3435,3440,0,0,600,OK
2025-07-31,9955,ヨンキュウ,スタンダード（内国株式）,卸売業,2410,2420,2405,2418,13,0.540541,3600,OK
2025-07-31,9956,バローホールディングス,プライム（内国株式）,小売業,2645,2673,2641,2670,25,0.94518,93000,OK
2025-07-31,9959,アシードホールディングス,スタンダード（内国株式）,小売業,679,681,677,680,1,0.147275,3300,OK
2025-07-31,9960,東テク,プライム（内国株式）,卸売業,2850,2880,2850,2868,26,0.914849,49500,OK
2025-07-31,9962,ミスミグループ本社,プライム（内国株式）,卸売業,2175,2225.5,2173,2192,-17.5,-0.792034,2362300,OK
2025-07-31,9969,ショクブン,スタンダード（内国株式）,小売業,242,247,242,247,4,1.646091,4600,OK
2025-07-31,9972,アルテック,スタンダード（内国株式）,卸売業,237,238,234,236,-1,-0.421941,20100,OK
2025-07-31,9973,ＫＯＺＯホールディングス,スタンダード（内国株式）,小売業,31,32,30,31,0,0,4514300,OK
2025-07-31,9974,ベルク,プライム（内国株式）,小売業,7240,7290,7160,7250,70,0.97493,28700,OK
2025-07-31,9976,セキチュー,スタンダード（内国株式）,小売業,1005,1005,1005,1005,5,0.5,100,OK
2025-07-31,9978,文教堂グループホールディングス,スタンダード（内国株式）,小売業,53,54,53,53,-1,-1.851852,33300,OK
2025-07-31,9979,大庄,スタンダード（内国株式）,小売業,1186,1190,1181,1188,4,0.337838,19400,OK
2025-07-31,9980,ＭＲＫホールディングス,スタンダード（内国株式）,小売業,91,92,90,91,1,1.111111,95800,OK
2025-07-31,9982,タキヒヨー,スタンダード（内国株式）,卸売業,1741,1746,1733,1733,-8,-0.459506,900,OK
2025-07-31,9983,ファーストリテイリング,プライム（内国株式）,小売業,46250,46520,45940,46380,130,0.281081,822700,OK
2025-07-31,9984,ソフトバンクグループ,プライム（内国株式）,情報･通信業,11370,11985,11330,11810,310,2.695652,9433200,OK
2025-07-31,9986,蔵王産業,スタンダード（内国株式）,卸売業,2407,2409,2401,2401,0,0,2400,OK
2025-07-31,9987,スズケン,プライム（内国株式）,卸売業,5690,5755,5680,5720,47,0.828486,202300,OK
2025-07-31,9989,サンドラッグ,プライム（内国株式）,小売業,4489,4515,4439,4482,24,0.538358,353300,OK
2025-07-31,9990,サックスバー　ホールディングス,プライム（内国株式）,小売業,807,815,807,814,7,0.86741,16800,OK
2025-07-31,9991,ジェコス,プライム（内国株式）,卸売業,1300,1310,1292,1308,13,1.003861,57200,OK
2025-07-31,9993,ヤマザワ,スタンダード（内国株式）,小売業,1151,1159,1151,1155,2,0.173461,1700,OK
2025-07-31,9994,やまや,スタンダード（内国株式）,小売業,2690,2692,2643,2643,-44,-1.637514,26500,OK
2025-07-31,9996,サトー商会,スタンダード（内国株式）,卸売業,2084,2084,2084,2084,45,2.206964,100,OK
2025-07-31,9997,ベルーナ,プライム（内国株式）,小売業,976,979,951,960,-19,-1.940756,482900,OK
