日付,銘柄コード,銘柄名,市場・商品区分,33業種区分,始値,高値,安値,終値,前日比,前日比％,売買高(株),取得状態
2025-11-17,1301,極洋,プライム（内国株式）,水産・農林業,4735,4745,4665,4675,-70,-1.475237,33300,OK
2025-11-17,130A,Ｖｅｒｉｔａｓ　Ｉｎ　Ｓｉｌｉｃｏ,グロース（内国株式）,医薬品,538,538,511,521,-17,-3.159851,50000,OK
2025-11-17,131A,ＣＣＮグループ,TOKYO PRO MARKET（内国株式）,情報･通信業,,,,,,,,NO_QUOTE
2025-11-17,132A,アイエヌホールディングス,TOKYO PRO MARKET（内国株式）,陸運業,,,,,,,,NO_QUOTE
2025-11-17,1332,ニッスイ,プライム（内国株式）,水産・農林業,1181.5,1211,1181,1204,26.5,2.250531,1908700,OK
2025-11-17,1333,マルハニチロ,プライム（内国株式）,水産・農林業,3680,3704,3660,3679,7,0.190632,196900,OK
2025-11-17,134A,アプライズ,TOKYO PRO MARKET（内国株式）,サービス業,,,,,,,,NO_QUOTE
2025-11-17,135A,ＶＲＡＩＮ　Ｓｏｌｕｔｉｏｎ,グロース（内国株式）,情報･通信業,3440,3615,3400,3600,130,3.746398,116700,OK
2025-11-17,136A,三興商事,TOKYO PRO MARKET（内国株式）,建設業,,,,,,,,NO_QUOTE
2025-11-17,1375,ユキグニファクトリー,プライム（内国株式）,水産・農林業,1021,1024,1017,1019,-3,-0.293542,47000,OK
2025-11-17,1376,カネコ種苗,スタンダード（内国株式）,水産・農林業,1701,1701,1582,1592,-98,-5.798817,27200,OK
2025-11-17,1377,サカタのタネ,プライム（内国株式）,水産・農林業,4000,4005,3955,3990,5,0.125471,97700,OK
2025-11-17,1379,ホクト,プライム（内国株式）,水産・農林業,1932,1960,1912,1951,41,2.146597,94500,OK
2025-11-17,137A,Ｃｏｃｏｌｉｖｅ,グロース（内国株式）,情報･通信業,1123,1128,1080,1102,-37,-3.248464,9200,OK
2025-11-17,1380,秋川牧園,スタンダード（内国株式）,水産・農林業,1004,1004,986,1002,-7,-0.693756,6900,OK
2025-11-17,1381,アクシーズ,スタンダード（内国株式）,水産・農林業,4085,4090,3965,4020,-65,-1.591187,5800,OK
2025-11-17,1382,ホーブ,スタンダード（内国株式）,水産・農林業,1954,1994,1950,1965,-5,-0.253807,700,OK
2025-11-17,1383,ベルグアース,スタンダード（内国株式）,水産・農林業,2987,2987,2977,2977,-10,-0.334784,1600,OK
2025-11-17,1384,ホクリヨウ,スタンダード（内国株式）,水産・農林業,2892,2947,2862,2863,-63,-2.15311,73300,OK
2025-11-17,138A,光フードサービス,グロース（内国株式）,小売業,2840,2858,2822,2838,-1,-0.035224,6500,OK
2025-11-17,139A,東日本地所,TOKYO PRO MARKET（内国株式）,不動産業,,,,,,,,NO_QUOTE
2025-11-17,1401,エムビーエス,グロース（内国株式）,建設業,1388,1388,1350,1360,-30,-2.158273,12900,OK
2025-11-17,1407,ウエストホールディングス,スタンダード（内国株式）,建設業,1477,1490,1471,1485,-5,-0.33557,228500,OK
2025-11-17,1414,ショーボンドホールディングス,プライム（内国株式）,建設業,4955,4978,4941,4976,45,0.912594,212700,OK
2025-11-17,1417,ミライト・ワン,プライム（内国株式）,建設業,3172,3194,3143,3173,3,0.094637,322600,OK
2025-11-17,1418,インターライフホールディングス,スタンダード（内国株式）,建設業,539,543,529,537,-4,-0.739372,133800,OK
2025-11-17,1419,タマホーム,プライム（内国株式）,建設業,3675,3685,3655,3670,10,0.273224,92400,OK
2025-11-17,141A,トライアルホールディングス,グロース（内国株式）,小売業,2415,2441,2305,2310,-105,-4.347826,1295400,OK
2025-11-17,1420,サンヨーホームズ,スタンダード（内国株式）,建設業,692,693,691,691,-1,-0.144509,11600,OK
2025-11-17,1429,日本アクア,プライム（内国株式）,建設業,860,863,857,863,6,0.700117,171400,OK
2025-11-17,142A,ジンジブ,グロース（内国株式）,サービス業,720,736,708,728,-3,-0.410397,30800,OK
2025-11-17,1430,ファーストコーポレーション,スタンダード（内国株式）,建設業,945,946,940,941,-3,-0.317797,22100,OK
2025-11-17,1431,Ｌｉｂ　Ｗｏｒｋ,グロース（内国株式）,建設業,702,702,692,695,-7,-0.997151,48100,OK
2025-11-17,1432,動力,TOKYO PRO MARKET（内国株式）,建設業,,,,,,,,NO_QUOTE
2025-11-17,1433,ベステラ,プライム（内国株式）,建設業,1092,1094,1077,1077,-14,-1.283226,53500,OK
2025-11-17,1434,ＪＥＳＣＯホールディングス,スタンダード（内国株式）,建設業,1475,1480,1430,1445,-9,-0.618982,69800,OK
2025-11-17,1435,ｒｏｂｏｔ　ｈｏｍｅ,スタンダード（内国株式）,不動産業,186,186,181,184,-1,-0.540541,420000,OK
2025-11-17,1436,グリーンエナジー＆カンパニー,グロース（内国株式）,建設業,2177,2177,2169,2171,-22,-1.003192,3100,OK
2025-11-17,1438,岐阜造園,スタンダード（内国株式）,建設業,1964,1964,1853,1881,-83,-4.226069,5400,OK
2025-11-17,143A,イシン,グロース（内国株式）,サービス業,972,972,942,949,7,0.7431,7400,OK
2025-11-17,1443,技研ホールディングス,スタンダード（内国株式）,建設業,242,242,229,230,-10,-4.166667,291000,OK
2025-11-17,1444,ニッソウ,グロース（内国株式）,建設業,2890,2890,2846,2855,-26,-0.902464,800,OK
2025-11-17,1445,ひかりホールディングス,TOKYO PRO MARKET（内国株式）,建設業,,,,,,,,NO_QUOTE
2025-11-17,1446,キャンディル,スタンダード（内国株式）,建設業,550,550,546,549,0,0,5800,OK
2025-11-17,1447,ＳＡＡＦホールディングス,グロース（内国株式）,建設業,271,271,248,249,-15,-5.681818,117200,OK
2025-11-17,144A,エネルギーパワー,TOKYO PRO MARKET（内国株式）,建設業,,,,,,,,NO_QUOTE
2025-11-17,1450,ＴＡＮＡＫＥＮ,スタンダード（内国株式）,建設業,1410,1412,1401,1407,-12,-0.845666,6400,OK
2025-11-17,1452,横浜ライト工業,TOKYO PRO MARKET（内国株式）,建設業,,,,,,,,NO_QUOTE
2025-11-17,145A,Ｌ　ｉｓ　Ｂ,グロース（内国株式）,情報･通信業,1062,1080,981,1048,-44,-4.029304,68000,OK
2025-11-17,146A,コロンビア・ワークス,スタンダード（内国株式）,不動産業,3415,3415,3245,3395,-20,-0.585652,117500,OK
2025-11-17,147A,ソラコム,グロース（内国株式）,情報･通信業,1051,1074,1033,1063,12,1.14177,219000,OK
2025-11-17,148A,ハッチ・ワーク,グロース（内国株式）,情報･通信業,2210,2210,2099,2203,-10,-0.451875,39600,OK
2025-11-17,1491,中外鉱業,スタンダード（内国株式）,非鉄金属,812,812,742,760,-60,-7.317073,288200,OK
2025-11-17,149A,シンカ,グロース（内国株式）,情報･通信業,880,880,777,793,-90,-10.192525,31700,OK
2025-11-17,150A,ＪＳＨ,グロース（内国株式）,サービス業,413,415,401,415,2,0.484262,7000,OK
2025-11-17,1514,住石ホールディングス,スタンダード（内国株式）,鉱業,577,583,572,583,6,1.039861,181700,OK
2025-11-17,1515,日鉄鉱業,プライム（内国株式）,鉱業,1609,1703,1602,1696,99,6.199123,369900,OK
2025-11-17,1518,三井松島ホールディングス,プライム（内国株式）,その他製品,1303,1306,1289,1299,-3,-0.230415,250800,OK
2025-11-17,151A,ダイブ,グロース（内国株式）,サービス業,700,700,673,678,-25,-3.556188,67900,OK
2025-11-17,152A,オプティ,TOKYO PRO MARKET（内国株式）,卸売業,,,,,,,,NO_QUOTE
2025-11-17,153A,カウリス,グロース（内国株式）,情報･通信業,1576,1638,1575,1599,-376,-19.037975,230800,OK
2025-11-17,154A,ＧＡＩＡ,TOKYO PRO MARKET（内国株式）,その他金融業,,,,,,,,NO_QUOTE
2025-11-17,155A,情報戦略テクノロジー,グロース（内国株式）,情報･通信業,1179,1210,1125,1209,48,4.134367,169700,OK
2025-11-17,156A,マテリアルグループ,グロース（内国株式）,サービス業,678,678,663,668,-13,-1.908957,90500,OK
2025-11-17,157A,グリーンモンスター,グロース（内国株式）,サービス業,732,762,731,762,100,15.10574,197200,OK
2025-11-17,158A,エクセリ,TOKYO PRO MARKET（内国株式）,小売業,,,,,,,,NO_QUOTE
2025-11-17,1605,ＩＮＰＥＸ,プライム（内国株式）,鉱業,3175,3212,3150,3177,2,0.062992,5584600,OK
2025-11-17,160A,アズパートナーズ,スタンダード（内国株式）,サービス業,2617,2684,2603,2650,37,1.415997,66600,OK
2025-11-17,161A,三葉,TOKYO PRO MARKET（内国株式）,サービス業,,,,,,,,NO_QUOTE
2025-11-17,164A,アップルパーク,TOKYO PRO MARKET（内国株式）,不動産業,,,,,,,,NO_QUOTE
2025-11-17,165A,ＳＢＩレオスひふみ,グロース（内国株式）,証券･商品先物取引業,210,214,209,212,1,0.473934,485600,OK
2025-11-17,1662,石油資源開発,プライム（内国株式）,鉱業,1365,1391,1351,1391,43,3.189911,1495400,OK
2025-11-17,1663,Ｋ＆Ｏエナジーグループ,プライム（内国株式）,鉱業,3395,3545,3395,3520,180,5.389222,351700,OK
2025-11-17,166A,タスキホールディングス,グロース（内国株式）,不動産業,810,818,791,806,-2,-0.247525,1048500,OK
2025-11-17,167A,リョーサン菱洋ホールディングス,プライム（内国株式）,卸売業,2898,2928,2882,2928,30,1.035197,149000,OK
2025-11-17,168A,イタミアート,グロース（内国株式）,その他製品,1286,1296,1275,1275,-11,-0.855365,6300,OK
2025-11-17,1711,ＳＤＳホールディングス,スタンダード（内国株式）,建設業,289,289,268,275,-2,-0.722022,89600,OK
2025-11-17,1712,ダイセキ環境ソリューション,スタンダード（内国株式）,建設業,1832,1837,1832,1833,2,0.10923,25900,OK
2025-11-17,1716,第一カッター興業,スタンダード（内国株式）,建設業,1384,1400,1362,1380,26,1.920236,41500,OK
2025-11-17,1717,明豊ファシリティワークス,スタンダード（内国株式）,サービス業,1064,1066,1055,1055,-14,-1.309635,24700,OK
2025-11-17,1718,美樹工業,スタンダード（内国株式）,建設業,8220,8220,8060,8100,-50,-0.613497,2500,OK
2025-11-17,1719,安藤・間,プライム（内国株式）,建設業,1777.5,1789.5,1762,1779,0,0,684900,OK
2025-11-17,171A,ゼロジャパン,TOKYO PRO MARKET（内国株式）,卸売業,,,,,,,,NO_QUOTE
2025-11-17,1720,東急建設,プライム（内国株式）,建設業,1095,1104,1080,1099,2,0.182315,212600,OK
2025-11-17,1721,コムシスホールディングス,プライム（内国株式）,建設業,4098,4125,4090,4096,14,0.342969,367200,OK
2025-11-17,1723,日本電技,スタンダード（内国株式）,建設業,6290,6390,6270,6350,60,0.953895,16700,OK
2025-11-17,1724,シンクレイヤ,スタンダード（内国株式）,建設業,713,713,702,705,-8,-1.12202,7200,OK
2025-11-17,1726,ビーアールホールディングス,プライム（内国株式）,建設業,331,331,329,330,0,0,57900,OK
2025-11-17,172A,ネオホーム,TOKYO PRO MARKET（内国株式）,不動産業,,,,,,,,NO_QUOTE
2025-11-17,1736,オーテック,スタンダード（内国株式）,建設業,2263,2263,2125,2181,-92,-4.047514,10200,OK
2025-11-17,173A,ハンモック,グロース（内国株式）,情報･通信業,1522,1550,1520,1521,-16,-1.040989,6300,OK
2025-11-17,1743,コーアツ工業,スタンダード（内国株式）,建設業,1827,1827,1827,1827,0,0,1000,OK
2025-11-17,1758,太洋基礎工業,スタンダード（内国株式）,建設業,2243,2243,2221,2221,-22,-0.980829,1400,OK
2025-11-17,175A,Ｗｉｌｌ　Ｓｍａｒｔ,グロース（内国株式）,情報･通信業,1002,1020,998,998,-4,-0.399202,4800,OK
2025-11-17,1762,高松コンストラクショングループ,プライム（内国株式）,建設業,3500,3580,3480,3550,60,1.719198,29800,OK
2025-11-17,1764,工藤建設,スタンダード（内国株式）,建設業,2878,2878,2751,2807,97,3.579336,5500,OK
2025-11-17,1766,東建コーポレーション,プライム（内国株式）,建設業,14270,14480,14230,14430,10,0.069348,8400,OK
2025-11-17,1768,ソネック,スタンダード（内国株式）,建設業,1355,1435,1351,1433,81,5.991124,28100,OK
2025-11-17,176A,レジル,グロース（内国株式）,電気･ガス業,2728,2729,2728,2728,0,0,7800,OK
2025-11-17,1770,藤田エンジニアリング,スタンダード（内国株式）,建設業,1665,1678,1650,1668,3,0.18018,5000,OK
2025-11-17,1776,三井住建道路,スタンダード（内国株式）,建設業,1474,1474,1453,1462,-6,-0.408719,10900,OK
2025-11-17,177A,コージンバイオ,グロース（内国株式）,化学,1541,1573,1541,1573,7,0.446999,5600,OK
2025-11-17,1780,ヤマウラ,プライム（内国株式）,建設業,1469,1474,1450,1453,-16,-1.089176,26300,OK
2025-11-17,1783,ｆａｎｔａｓｉｓｔａ,スタンダード（内国株式）,不動産業,70,74,70,71,2,2.898551,5524600,OK
2025-11-17,1786,オリエンタル白石,プライム（内国株式）,建設業,419,423,415,419,-3,-0.7109,273700,OK
2025-11-17,1787,ナカボーテック,スタンダード（内国株式）,建設業,5240,5300,5240,5260,30,0.573614,800,OK
2025-11-17,1788,三東工業社,スタンダード（内国株式）,建設業,4800,4800,4605,4675,-150,-3.108808,2600,OK
2025-11-17,1793,大本組,スタンダード（内国株式）,建設業,1460,1460,1427,1427,-22,-1.518288,2200,OK
2025-11-17,1795,マサル,スタンダード（内国株式）,建設業,4430,4430,4305,4310,-190,-4.222222,2200,OK
2025-11-17,1798,守谷商会,スタンダード（内国株式）,建設業,6780,6830,6680,6730,-150,-2.180233,3600,OK
2025-11-17,1799,第一建設工業,スタンダード（内国株式）,建設業,3505,3510,3335,3490,15,0.431655,69600,OK
2025-11-17,1801,大成建設,プライム（内国株式）,建設業,12650,12680,12355,12570,50,0.399361,647300,OK
2025-11-17,1802,大林組,プライム（内国株式）,建設業,2861.5,2881.5,2846,2858,7.5,0.263112,2305900,OK
2025-11-17,1803,清水建設,プライム（内国株式）,建設業,2519,2520,2456,2502.5,-4.5,-0.179497,2688000,OK
2025-11-17,1807,佐藤渡辺,スタンダード（内国株式）,建設業,1730,1746,1730,1737,5,0.288684,1800,OK
2025-11-17,1808,長谷工コーポレーション,プライム（内国株式）,建設業,2913.5,2932,2839,2855.5,-54,-1.855989,1153200,OK
2025-11-17,1810,松井建設,スタンダード（内国株式）,建設業,1450,1475,1440,1458,-9,-0.613497,62700,OK
2025-11-17,1811,錢高組,スタンダード（内国株式）,建設業,8280,8510,8230,8310,80,0.972053,21100,OK
2025-11-17,1812,鹿島建設,プライム（内国株式）,建設業,5590,5659,5485,5573,-32,-0.570919,1589200,OK
2025-11-17,1813,不動テトラ,プライム（内国株式）,建設業,2433,2453,2395,2435,8,0.329625,96800,OK
2025-11-17,1814,大末建設,プライム（内国株式）,建設業,3490,3515,3370,3505,0,0,279900,OK
2025-11-17,1815,鉄建建設,プライム（内国株式）,建設業,3980,3985,3840,3880,-90,-2.267003,105900,OK
2025-11-17,1820,西松建設,プライム（内国株式）,建設業,5429,5448,5350,5376,-4,-0.074349,65200,OK
2025-11-17,1821,三井住友建設,プライム（内国株式）,建設業,597,597,596,596,0,0,158700,OK
2025-11-17,1822,大豊建設,スタンダード（内国株式）,建設業,768,775,755,774,-6,-0.769231,292700,OK
2025-11-17,1826,佐田建設,スタンダード（内国株式）,建設業,1150,1150,1138,1139,-13,-1.128472,10300,OK
2025-11-17,1827,ナカノフドー建設,スタンダード（内国株式）,建設業,984,1013,974,999,30,3.095975,126500,OK
2025-11-17,1828,田辺工業,スタンダード（内国株式）,建設業,2473,2473,2423,2442,-11,-0.44843,9000,OK
2025-11-17,1833,奥村組,プライム（内国株式）,建設業,5320,5510,5300,5500,140,2.61194,317300,OK
2025-11-17,1835,東鉄工業,プライム（内国株式）,建設業,4140,4185,4085,4180,55,1.333333,76800,OK
2025-11-17,1840,土屋ホールディングス,スタンダード（内国株式）,建設業,224,224,220,220,-4,-1.785714,62700,OK
2025-11-17,1841,サンユー建設,スタンダード（内国株式）,建設業,1662,1665,1630,1653,-11,-0.661058,39600,OK
2025-11-17,1844,大盛工業,スタンダード（内国株式）,建設業,655,668,621,629,-31,-4.69697,414800,OK
2025-11-17,1847,イチケン,スタンダード（内国株式）,建設業,4300,4370,4250,4370,75,1.746217,17300,OK
2025-11-17,1848,富士ピー・エス,スタンダード（内国株式）,建設業,559,559,510,536,-15,-2.722323,44900,OK
2025-11-17,184A,学びエイド,グロース（内国株式）,情報･通信業,522,522,510,511,-11,-2.10728,6000,OK
2025-11-17,1850,南海辰村建設,スタンダード（内国株式）,建設業,618,623,598,608,-11,-1.77706,89500,OK
2025-11-17,1852,淺沼組,プライム（内国株式）,建設業,946,965,942,957,18,1.916933,339100,OK
2025-11-17,1853,森組,スタンダード（内国株式）,建設業,318,327,317,325,7,2.201258,111200,OK
2025-11-17,185A,リサイクルテック・ジャパン,TOKYO PRO MARKET（内国株式）,サービス業,,,,,,,,NO_QUOTE
2025-11-17,1860,戸田建設,プライム（内国株式）,建設業,1114,1124.5,1091,1119,5,0.448833,808400,OK
2025-11-17,1861,熊谷組,プライム（内国株式）,建設業,1471,1474,1428,1461,7,0.481431,1283800,OK
2025-11-17,1866,北野建設,スタンダード（内国株式）,建設業,1295,1300,1276,1299,-5,-0.383436,12800,OK
2025-11-17,1867,植木組,スタンダード（内国株式）,建設業,2639,2650,2577,2621,-6,-0.228397,9300,OK
2025-11-17,186A,アストロスケールホールディングス,グロース（内国株式）,サービス業,730,730,702,706,-26,-3.551913,2735800,OK
2025-11-17,1870,矢作建設工業,プライム（内国株式）,建設業,2099,2124,2078,2114,30,1.439539,181000,OK
2025-11-17,1871,ピーエス・コンストラクション,プライム（内国株式）,建設業,2138,2180,2134,2176,45,2.111685,144400,OK
2025-11-17,1873,日本ハウスホールディングス,プライム（内国株式）,建設業,312,312,309,310,-1,-0.321543,44600,OK
2025-11-17,1878,大東建託,プライム（内国株式）,不動産業,2940,2964.5,2921.5,2964.5,11.5,0.389434,1186500,OK
2025-11-17,1879,新日本建設,プライム（内国株式）,建設業,1859,1861,1825,1843,24,1.319406,94600,OK
2025-11-17,1882,東亜道路工業,プライム（内国株式）,建設業,1571,1576,1563,1574,5,0.318674,271900,OK
2025-11-17,1885,東亜建設工業,プライム（内国株式）,建設業,2456,2643,2450,2616,182,7.477403,878600,OK
2025-11-17,1887,日本国土開発,プライム（内国株式）,建設業,545,545,538,541,-3,-0.551471,199400,OK
2025-11-17,1888,若築建設,プライム（内国株式）,建設業,4530,4580,4465,4500,15,0.334448,20500,OK
2025-11-17,1890,東洋建設,プライム（内国株式）,建設業,1740,1741,1740,1740,1,0.057504,214400,OK
2025-11-17,1893,五洋建設,プライム（内国株式）,建設業,1545,1586.5,1522.5,1575.5,32.5,2.106286,3139400,OK
2025-11-17,1897,金下建設,スタンダード（内国株式）,建設業,2925,2957,2925,2957,32,1.094017,700,OK
2025-11-17,1898,世紀東急工業,プライム（内国株式）,建設業,1563,1575,1553,1575,12,0.767754,112400,OK
2025-11-17,1899,福田組,プライム（内国株式）,建設業,7310,7340,7260,7270,10,0.137741,7800,OK
2025-11-17,189A,Ｄ＆Ｍカンパニー,グロース（内国株式）,サービス業,1042,1070,1040,1054,-16,-1.495327,9800,OK
2025-11-17,1904,大成温調,スタンダード（内国株式）,建設業,4270,4270,4240,4255,-20,-0.467836,6300,OK
2025-11-17,1905,テノックス,スタンダード（内国株式）,建設業,1292,1321,1240,1254,-38,-2.941176,20600,OK
2025-11-17,1909,日本ドライケミカル,スタンダード（内国株式）,機械,8290,8300,7810,8130,20,0.246609,44600,OK
2025-11-17,190A,Ｃｈｏｒｄｉａ　Ｔｈｅｒａｐｅｕｔｉｃｓ,グロース（内国株式）,医薬品,106,108,104,107,1,0.943396,670300,OK
2025-11-17,1911,住友林業,プライム（内国株式）,建設業,1598,1610,1587,1607,-12,-0.741198,1540000,OK
2025-11-17,1914,日本基礎技術,スタンダード（内国株式）,建設業,674,675,662,668,10,1.519757,59400,OK
2025-11-17,191A,ミモザ,TOKYO PRO MARKET（内国株式）,サービス業,,,,,,,,NO_QUOTE
2025-11-17,1921,巴コーポレーション,スタンダード（内国株式）,建設業,2034,2107,2025,2099,68,3.348104,51700,OK
2025-11-17,1925,大和ハウス工業,プライム（内国株式）,建設業,5281,5326,5240,5307,68,1.297958,2064600,OK
2025-11-17,1926,ライト工業,プライム（内国株式）,建設業,3220,3260,3205,3260,30,0.928793,104900,OK
2025-11-17,1928,積水ハウス,プライム（内国株式）,建設業,3360,3368,3337,3340,-47,-1.387659,1660700,OK
2025-11-17,1929,日特建設,プライム（内国株式）,建設業,1211,1220,1203,1210,-1,-0.082576,66000,OK
2025-11-17,192A,インテグループ,グロース（内国株式）,サービス業,2039,2057,2030,2048,30,1.48662,4900,OK
2025-11-17,1930,北陸電気工事,プライム（内国株式）,建設業,1386,1386,1357,1360,-26,-1.875902,58900,OK
2025-11-17,1934,ユアテック,プライム（内国株式）,建設業,2442,2498,2427,2494,50,2.045827,164800,OK
2025-11-17,1938,日本リーテック,プライム（内国株式）,建設業,2041,2054,2022,2044,14,0.689655,22700,OK
2025-11-17,1939,四電工,プライム（内国株式）,建設業,1448,1459,1440,1456,15,1.040944,100500,OK
2025-11-17,1941,中電工,プライム（内国株式）,建設業,4240,4315,4230,4290,45,1.060071,92400,OK
2025-11-17,1942,関電工,プライム（内国株式）,建設業,4860,4909,4780,4909,63,1.300041,863600,OK
2025-11-17,1944,きんでん,プライム（内国株式）,建設業,6185,6323,6159,6311,104,1.675528,438100,OK
2025-11-17,1945,東京エネシス,プライム（内国株式）,建設業,1750,1843,1745,1818,68,3.885714,230400,OK
2025-11-17,1946,トーエネック,プライム（内国株式）,建設業,1820,1835,1797,1834,14,0.769231,162800,OK
2025-11-17,1948,弘電社,スタンダード（内国株式）,建設業,2763,2797,2750,2780,14,0.506146,13000,OK
2025-11-17,1949,住友電設,プライム（内国株式）,建設業,9730,9730,9720,9720,0,0,124500,OK
2025-11-17,194A,ＷＯＬＶＥＳ　ＨＡＮＤ,グロース（内国株式）,サービス業,2060,2470,2052,2407,359,17.529297,207100,OK
2025-11-17,1950,日本電設工業,プライム（内国株式）,建設業,3030,3060,3010,3015,19,0.634179,86000,OK
2025-11-17,1951,エクシオグループ,プライム（内国株式）,建設業,2350,2361,2327,2349,21,0.902062,442900,OK
2025-11-17,1952,新日本空調,プライム（内国株式）,建設業,2989,3030,2947,3000,5,0.166945,161500,OK
2025-11-17,1959,クラフティア,プライム（内国株式）,建設業,7603,7669,7517,7669,160,2.130776,228500,OK
2025-11-17,195A,ＭＵＳＣＡＴ　ＧＲＯＵＰ,グロース（内国株式）,サービス業,946,946,896,905,-36,-3.825717,5800,OK
2025-11-17,1960,サンテック,スタンダード（内国株式）,建設業,1428,1444,1423,1439,25,1.768034,23000,OK
2025-11-17,1961,三機工業,プライム（内国株式）,建設業,5340,5500,5270,5500,180,3.383459,265100,OK
2025-11-17,1963,日揮ホールディングス,プライム（内国株式）,建設業,1791,1814.5,1782,1799,-7,-0.387597,1599200,OK
2025-11-17,1964,中外炉工業,プライム（内国株式）,建設業,4475,4535,4400,4460,-10,-0.223714,25300,OK
2025-11-17,1965,テクノ菱和,スタンダード（内国株式）,建設業,5640,5760,5590,5750,160,2.862254,45200,OK
2025-11-17,1966,高田工業所,スタンダード（内国株式）,建設業,1733,1765,1733,1763,42,2.440442,11000,OK
2025-11-17,1967,ヤマト,スタンダード（内国株式）,建設業,1880,1887,1853,1869,-28,-1.476015,23700,OK
2025-11-17,1968,太平電業,プライム（内国株式）,建設業,2180,2215,2115,2208,108,5.142857,193600,OK
2025-11-17,1969,高砂熱学工業,プライム（内国株式）,建設業,4490,4575,4371,4550,-10,-0.219298,755500,OK
2025-11-17,196A,ＭＦＳ,グロース（内国株式）,その他金融業,271,271,260,268,-3,-1.107011,74800,OK
2025-11-17,1972,三晃金属工業,スタンダード（内国株式）,建設業,1398,1426,1386,1414,15,1.072194,141800,OK
2025-11-17,1975,朝日工業社,プライム（内国株式）,建設業,2981,3030,2946,2981,7,0.235373,192200,OK
2025-11-17,1976,明星工業,プライム（内国株式）,建設業,1594,1595,1574,1595,-4,-0.250156,47500,OK
2025-11-17,1979,大氣社,プライム（内国株式）,建設業,3160,3170,3140,3140,-10,-0.31746,96900,OK
2025-11-17,197A,タウンズ,スタンダード（内国株式）,医薬品,490,504,485,497,-72,-12.653779,2797500,OK
2025-11-17,1980,ダイダン,プライム（内国株式）,建設業,6840,6910,6720,6850,40,0.587372,180900,OK
2025-11-17,1981,協和日成,スタンダード（内国株式）,建設業,1584,1584,1540,1557,-35,-2.198492,2300,OK
2025-11-17,1982,日比谷総合設備,プライム（内国株式）,建設業,4375,4490,4355,4490,150,3.456221,32700,OK
2025-11-17,198A,ＰｏｓｔＰｒｉｍｅ,グロース（内国株式）,情報･通信業,226,228,215,218,-7,-3.111111,195000,OK
2025-11-17,1992,神田通信機,スタンダード（内国株式）,建設業,,,,,,,,NO_QUOTE
2025-11-17,1994,高橋カーテンウォール工業,スタンダード（内国株式）,建設業,515,515,512,515,-2,-0.386847,4200,OK
2025-11-17,1997,暁飯島工業,スタンダード（内国株式）,建設業,3600,3620,3525,3535,-30,-0.841515,4100,OK
2025-11-17,199A,メディエア,TOKYO PRO MARKET（内国株式）,情報･通信業,,,,,,,,NO_QUOTE
2025-11-17,2001,ニップン,プライム（内国株式）,食料品,2250,2276,2250,2263,23,1.026786,355000,OK
2025-11-17,2002,日清製粉グループ本社,プライム（内国株式）,食料品,1825,1853,1823.5,1841,19.5,1.070546,900000,OK
2025-11-17,2003,日東富士製粉,スタンダード（内国株式）,食料品,6850,6950,6850,6930,110,1.612903,3700,OK
2025-11-17,2004,昭和産業,プライム（内国株式）,食料品,3015,3040,3005,3015,10,0.332779,25800,OK
2025-11-17,2009,鳥越製粉,スタンダード（内国株式）,食料品,1128,1128,1115,1115,-3,-0.268336,45600,OK
2025-11-17,202A,豆蔵,グロース（内国株式）,情報･通信業,3065,3095,2900,2944,-141,-4.570502,226200,OK
2025-11-17,203A,シュンビン,TOKYO PRO MARKET（内国株式）,サービス業,,,,,,,,NO_QUOTE
2025-11-17,204A,タイヨーパッケージ,TOKYO PRO MARKET（内国株式）,パルプ・紙,,,,,,,,NO_QUOTE
2025-11-17,2053,中部飼料,プライム（内国株式）,食料品,1717,1736,1708,1729,19,1.111111,55700,OK
2025-11-17,2055,日和産業,スタンダード（内国株式）,食料品,344,344,340,343,0,0,9200,OK
2025-11-17,205A,ロゴスホールディングス,グロース（内国株式）,建設業,1520,1520,1498,1519,20,1.334223,8100,OK
2025-11-17,2060,フィード・ワン,プライム（内国株式）,食料品,1010,1013,1002,1006,-1,-0.099305,59400,OK
2025-11-17,206A,ＰＲＩＳＭ　ＢｉｏＬａｂ,グロース（内国株式）,医薬品,171,201,157,201,50,33.112583,9657300,OK
2025-11-17,207A,ライジングコーポレーション,TOKYO PRO MARKET（内国株式）,建設業,,,,,,,,NO_QUOTE
2025-11-17,208A,構造計画研究所ホールディングス,スタンダード（内国株式）,情報･通信業,3130,3135,3090,3090,-65,-2.060222,12000,OK
2025-11-17,209A,小野谷機工,TOKYO PRO MARKET（内国株式）,機械,,,,,,,,NO_QUOTE
2025-11-17,2108,日本甜菜製糖,プライム（内国株式）,食料品,3320,3360,3260,3275,-40,-1.206637,29800,OK
2025-11-17,2109,ＤＭ三井製糖,プライム（内国株式）,食料品,3235,3245,3215,3220,0,0,39700,OK
2025-11-17,2112,塩水港精糖,スタンダード（内国株式）,食料品,515,519,498,519,9,1.764706,167400,OK
2025-11-17,2114,フジ日本,スタンダード（内国株式）,食料品,1057,1061,1056,1057,0,0,5600,OK
2025-11-17,2117,ウェルネオシュガー,プライム（内国株式）,食料品,2700,2726,2700,2720,20,0.740741,50800,OK
2025-11-17,211A,カドス・コーポレーション,スタンダード（内国株式）,建設業,4275,4295,4260,4260,-5,-0.117233,3100,OK
2025-11-17,2120,ＬＩＦＵＬＬ,プライム（内国株式）,サービス業,172,174,169,169,-4,-2.312139,1694200,OK
2025-11-17,2121,ＭＩＸＩ,プライム（内国株式）,情報･通信業,3005,3005,2901,2914,-101,-3.349917,665900,OK
2025-11-17,2122,インタースペース,スタンダード（内国株式）,サービス業,1237,1237,1211,1225,-9,-0.729335,10100,OK
2025-11-17,2124,ジェイエイシーリクルートメント,プライム（内国株式）,サービス業,1071,1077,1063,1072,1,0.093371,272600,OK
2025-11-17,2127,日本Ｍ＆Ａセンターホールディングス,プライム（内国株式）,サービス業,737.2,746.4,732.8,745.9,3.8,0.51206,1379600,OK
2025-11-17,212A,フィットイージー,プライム（内国株式）,サービス業,2609,2662,2595,2657,48,1.839785,121300,OK
2025-11-17,2130,メンバーズ,プライム（内国株式）,サービス業,1158,1158,1129,1148,-13,-1.119724,70100,OK
2025-11-17,2134,北浜キャピタルパートナーズ,スタンダード（内国株式）,サービス業,23,27,23,25,-18,-41.860465,44430400,OK
2025-11-17,2136,ヒップ,スタンダード（内国株式）,サービス業,1480,1496,1472,1486,-3,-0.201478,3700,OK
2025-11-17,2138,クルーズ,スタンダード（内国株式）,情報･通信業,577,584,573,573,-4,-0.693241,21500,OK
2025-11-17,2139,中広,スタンダード（内国株式）,サービス業,425,425,420,423,-4,-0.936768,4400,OK
2025-11-17,2146,ＵＴグループ,プライム（内国株式）,サービス業,2677,2704,2648,2683,13,0.486891,484700,OK
2025-11-17,2148,アイティメディア,プライム（内国株式）,サービス業,1576,1576,1561,1573,5,0.318878,41800,OK
2025-11-17,2150,ケアネット,プライム（内国株式）,サービス業,1124,1124,1123,1123,1,0.089127,58100,OK
2025-11-17,2152,幼児活動研究会,スタンダード（内国株式）,サービス業,1417,1417,1399,1400,13,0.937275,2000,OK
2025-11-17,2153,Ｅ・Ｊホールディングス,プライム（内国株式）,サービス業,1671,1671,1646,1646,-17,-1.022249,59500,OK
2025-11-17,2154,オープンアップグループ,プライム（内国株式）,サービス業,1765,1774,1756,1769,-3,-0.1693,207300,OK
2025-11-17,2156,セーラー広告,スタンダード（内国株式）,サービス業,312,313,310,313,1,0.320513,9400,OK
2025-11-17,2157,コシダカホールディングス,プライム（内国株式）,サービス業,1177,1179,1141,1168,-13,-1.100762,368900,OK
2025-11-17,2158,ＦＲＯＮＴＥＯ,グロース（内国株式）,サービス業,954,1004,924,940,31,3.410341,2265200,OK
2025-11-17,215A,タイミー,グロース（内国株式）,サービス業,1436,1436,1387,1425,-29,-1.994498,1381700,OK
2025-11-17,2160,ジーエヌアイグループ,グロース（内国株式）,医薬品,2515,2667,2500,2653,146,5.823694,1744000,OK
2025-11-17,2162,ｎｍｓ　ホールディングス,スタンダード（内国株式）,サービス業,440,444,436,440,-4,-0.900901,18500,OK
2025-11-17,2163,アルトナー,プライム（内国株式）,サービス業,1982,1984,1965,1972,-11,-0.554715,8100,OK
2025-11-17,2164,地域新聞社,グロース（内国株式）,サービス業,271,287,271,279,8,2.95203,25600,OK
2025-11-17,2168,パソナグループ,プライム（内国株式）,サービス業,1916,1920,1874,1874,-50,-2.598753,160600,OK
2025-11-17,2169,ＣＤＳ,スタンダード（内国株式）,サービス業,1803,1806,1795,1797,-2,-0.111173,3600,OK
2025-11-17,216A,ライフクリエイト,TOKYO PRO MARKET（内国株式）,小売業,,,,,,,,NO_QUOTE
2025-11-17,2170,リンクアンドモチベーション,プライム（内国株式）,サービス業,490,494,480,481,-8,-1.635992,526600,OK
2025-11-17,2173,博展,グロース（内国株式）,サービス業,742,742,742,742,100,15.576324,27100,OK
2025-11-17,2175,エス・エム・エス,プライム（内国株式）,サービス業,1330,1345,1323,1328,-12,-0.895522,158900,OK
2025-11-17,2179,成学社,スタンダード（内国株式）,サービス業,780,781,780,781,2,0.256739,300,OK
2025-11-17,217A,サポート,TOKYO PRO MARKET（内国株式）,サービス業,,,,,,,,NO_QUOTE
2025-11-17,2180,サニーサイドアップグループ,スタンダード（内国株式）,サービス業,870,884,860,875,24,2.820212,108100,OK
2025-11-17,2181,パーソルホールディングス,プライム（内国株式）,サービス業,273.8,277,270.9,274.3,-3.5,-1.259899,7101200,OK
2025-11-17,2183,リニカル,スタンダード（内国株式）,サービス業,325,325,300,303,-45,-12.931034,160600,OK
2025-11-17,2185,シイエム・シイ,スタンダード（内国株式）,サービス業,1643,1655,1639,1650,0,0,7600,OK
2025-11-17,2186,ソーバル,スタンダード（内国株式）,サービス業,900,901,898,898,-5,-0.55371,3500,OK
2025-11-17,218A,Ｌｉｂｅｒａｗａｒｅ,グロース（内国株式）,精密機器,1585,1614,1532,1550,-35,-2.208202,630600,OK
2025-11-17,2193,クックパッド,スタンダード（内国株式）,サービス業,159,159,155,156,-3,-1.886792,433200,OK
2025-11-17,2195,アミタホールディングス,グロース（内国株式）,サービス業,317,317,311,316,1,0.31746,5300,OK
2025-11-17,2196,エスクリ,スタンダード（内国株式）,サービス業,185,188,175,180,-63,-25.925926,974600,OK
2025-11-17,2198,アイ・ケイ・ケイホールディングス,プライム（内国株式）,サービス業,760,760,750,751,-7,-0.923483,55000,OK
2025-11-17,219A,Ｈｅａｒｔｓｅｅｄ,グロース（内国株式）,医薬品,1781,1782,1710,1720,-60,-3.370787,351800,OK
2025-11-17,2201,森永製菓,プライム（内国株式）,食料品,2590,2631,2585.5,2629.5,43.5,1.682135,579000,OK
2025-11-17,2204,中村屋,スタンダード（内国株式）,食料品,3030,3035,3020,3020,-10,-0.330033,10800,OK
2025-11-17,2206,江崎グリコ,プライム（内国株式）,食料品,5300,5370,5284,5330,41,0.775194,175800,OK
2025-11-17,2207,ｍｅｉｔｏ,プライム（内国株式）,食料品,2202,2218,2193,2209,10,0.454752,91500,OK
2025-11-17,2208,ブルボン,スタンダード（内国株式）,食料品,2408,2409,2398,2403,-5,-0.207641,13900,OK
2025-11-17,2209,井村屋グループ,プライム（内国株式）,食料品,2532,2566,2532,2561,34,1.345469,27200,OK
2025-11-17,220A,Ｆａｂｅｒ　Ｃｏｍｐａｎｙ,スタンダード（内国株式）,情報･通信業,963,976,960,964,-11,-1.128205,2500,OK
2025-11-17,2211,不二家,プライム（内国株式）,食料品,2625,2641,2620,2630,-1,-0.038008,41900,OK
2025-11-17,2212,山崎製パン,プライム（内国株式）,食料品,3188,3249,3188,3240,55,1.726845,434600,OK
2025-11-17,2215,第一屋製パン,スタンダード（内国株式）,食料品,628,628,600,607,-13,-2.096774,87600,OK
2025-11-17,2216,カンロ,スタンダード（内国株式）,食料品,1602,1608,1526,1565,-68,-4.164115,319100,OK
2025-11-17,2217,モロゾフ,プライム（内国株式）,食料品,1520,1532,1516,1525,5,0.328947,30700,OK
2025-11-17,2220,亀田製菓,プライム（内国株式）,食料品,3890,3940,3885,3920,20,0.512821,37600,OK
2025-11-17,2221,岩塚製菓,スタンダード（内国株式）,食料品,3025,3025,3000,3015,5,0.166113,2000,OK
2025-11-17,2222,寿スピリッツ,プライム（内国株式）,食料品,1879,1879,1766,1792.5,-146,-7.531597,2130000,OK
2025-11-17,2224,コモ,スタンダード（内国株式）,食料品,3310,3310,3285,3285,-25,-0.755287,3500,OK
2025-11-17,2226,湖池屋,スタンダード（内国株式）,食料品,4595,4605,4590,4590,-5,-0.108814,2100,OK
2025-11-17,2229,カルビー,プライム（内国株式）,食料品,2957.5,2989,2957.5,2972,12,0.405405,324300,OK
2025-11-17,222A,ＮＩＣＳ,TOKYO PRO MARKET（内国株式）,情報･通信業,,,,,,,,NO_QUOTE
2025-11-17,2264,森永乳業,プライム（内国株式）,食料品,3669,3812,3669,3723,96,2.646816,541600,OK
2025-11-17,2266,六甲バター,プライム（内国株式）,食料品,1210,1230,1210,1222,12,0.991736,32600,OK
2025-11-17,2267,ヤクルト本社,プライム（内国株式）,食料品,2625,2648.5,2558.5,2582,-93,-3.476636,2847300,OK
2025-11-17,2268,Ｂ−Ｒ　サーティワン　アイスクリーム,スタンダード（内国株式）,食料品,4060,4060,4030,4040,-20,-0.492611,23200,OK
2025-11-17,2269,明治ホールディングス,プライム（内国株式）,食料品,3195,3207,3143,3186,2,0.062814,2881500,OK
2025-11-17,226A,勝美ジャパン,TOKYO PRO MARKET（内国株式）,食料品,,,,,,,,NO_QUOTE
2025-11-17,2270,雪印メグミルク,プライム（内国株式）,食料品,2930,3020,2916,2993,41,1.388889,274500,OK
2025-11-17,227A,ＩＮＳＩＧＨＴ　ＬＡＢ,TOKYO PRO MARKET（内国株式）,情報･通信業,,,,,,,,NO_QUOTE
2025-11-17,2281,プリマハム,プライム（内国株式）,食料品,2540,2577,2516,2569,23,0.903378,198500,OK
2025-11-17,2282,日本ハム,プライム（内国株式）,食料品,6739,6799,6727,6727,-52,-0.767075,459200,OK
2025-11-17,2286,林兼産業,スタンダード（内国株式）,食料品,719,746,706,713,9,1.278409,140100,OK
2025-11-17,2288,丸大食品,プライム（内国株式）,食料品,2102,2148,2102,2137,35,1.665081,84100,OK
2025-11-17,228A,オプロ,グロース（内国株式）,情報･通信業,2394,2394,2319,2323,-71,-2.965748,3800,OK
2025-11-17,2291,福留ハム,スタンダード（内国株式）,食料品,623,623,607,613,-12,-1.92,27100,OK
2025-11-17,2292,Ｓ　Ｆｏｏｄｓ,プライム（内国株式）,食料品,2567,2584,2558,2575,8,0.311648,56100,OK
2025-11-17,2293,滝沢ハム,スタンダード（内国株式）,食料品,2618,2622,2618,2620,2,0.076394,1200,OK
2025-11-17,2294,柿安本店,プライム（内国株式）,食料品,2644,2652,2634,2642,0,0,14100,OK
2025-11-17,2296,伊藤ハム米久ホールディングス,プライム（内国株式）,食料品,5600,5620,5570,5600,0,0,108500,OK
2025-11-17,229A,アスミホールディングス,TOKYO PRO MARKET（内国株式）,建設業,,,,,,,,NO_QUOTE
2025-11-17,2300,きょくとう,スタンダード（内国株式）,サービス業,521,521,516,516,-5,-0.959693,2200,OK
2025-11-17,2301,学情,プライム（内国株式）,サービス業,1592,1592,1575,1586,2,0.126263,89600,OK
2025-11-17,2303,ドーン,スタンダード（内国株式）,情報･通信業,2439,2439,2388,2401,-38,-1.558016,6200,OK
2025-11-17,2304,ＣＳＳホールディングス,スタンダード（内国株式）,サービス業,973,973,955,955,-18,-1.849949,9400,OK
2025-11-17,2305,スタジオアリス,スタンダード（内国株式）,サービス業,2022,2022,2012,2016,-6,-0.296736,20600,OK
2025-11-17,2307,クロスキャット,プライム（内国株式）,情報･通信業,1043,1056,1037,1047,-3,-0.285714,26300,OK
2025-11-17,2311,エプコ,スタンダード（内国株式）,サービス業,795,802,792,796,11,1.401274,13000,OK
2025-11-17,2315,ＣＡＩＣＡ　ＤＩＧＩＴＡＬ,スタンダード（内国株式）,情報･通信業,88,88,85,87,-2,-2.247191,4153200,OK
2025-11-17,2317,システナ,プライム（内国株式）,情報･通信業,510,512,503,505,-7,-1.367188,657300,OK
2025-11-17,2321,ソフトフロントホールディングス,グロース（内国株式）,情報･通信業,199,211,198,208,11,5.583756,949600,OK
2025-11-17,2323,ｆｏｎｆｕｎ,スタンダード（内国株式）,情報･通信業,780,794,760,783,9,1.162791,28700,OK
2025-11-17,2325,ＮＪＳ,プライム（内国株式）,サービス業,5100,5110,5000,5040,-60,-1.176471,31800,OK
2025-11-17,2326,デジタルアーツ,プライム（内国株式）,情報･通信業,7220,7310,7120,7170,20,0.27972,88300,OK
2025-11-17,2327,日鉄ソリューションズ,プライム（内国株式）,情報･通信業,3725,3781,3720,3772,29,0.77478,188300,OK
2025-11-17,2329,東北新社,スタンダード（内国株式）,情報･通信業,631,651,625,641,26,4.227642,137900,OK
2025-11-17,2330,フォーサイド,スタンダード（内国株式）,情報･通信業,209,210,201,202,-10,-4.716981,814700,OK
2025-11-17,2331,ＡＬＳＯＫ,プライム（内国株式）,サービス業,1176,1186,1171.5,1185.5,10,0.850702,921300,OK
2025-11-17,2332,クエスト,スタンダード（内国株式）,情報･通信業,1545,1587,1531,1542,-83,-5.107692,21400,OK
2025-11-17,2334,イオレ,グロース（内国株式）,サービス業,520,523,440,455,9,2.017937,4626200,OK
2025-11-17,2335,キューブシステム,プライム（内国株式）,情報･通信業,1071,1075,1060,1065,-6,-0.560224,25600,OK
2025-11-17,2337,いちご,プライム（内国株式）,不動産業,395,395,389,392,-4,-1.010101,1261500,OK
2025-11-17,2338,クオンタムソリューションズ,スタンダード（内国株式）,情報･通信業,505,510,448,470,-27,-5.432596,332700,OK
2025-11-17,2340,極楽湯ホールディングス,スタンダード（内国株式）,サービス業,476,479,471,472,-12,-2.479339,108300,OK
2025-11-17,2341,アルバイトタイムス,スタンダード（内国株式）,サービス業,176,176,173,174,-3,-1.694915,46800,OK
2025-11-17,2342,トランスジェニックグループ,グロース（内国株式）,サービス業,203,203,197,197,-8,-3.902439,79800,OK
2025-11-17,2344,平安レイサービス,スタンダード（内国株式）,サービス業,919,919,902,912,-7,-0.761697,12400,OK
2025-11-17,2345,クシム,スタンダード（内国株式）,情報･通信業,228,232,223,232,2,0.869565,155200,OK
2025-11-17,2349,エヌアイデイ,スタンダード（内国株式）,情報･通信業,2289,2289,2252,2252,-37,-1.616426,500,OK
2025-11-17,2351,ＡＳＪ,グロース（内国株式）,情報･通信業,328,330,322,322,-10,-3.012048,13800,OK
2025-11-17,2353,日本駐車場開発,プライム（内国株式）,不動産業,280,280,271,274,-8,-2.836879,957900,OK
2025-11-17,2354,ＹＥ　ＤＩＧＩＴＡＬ,スタンダード（内国株式）,情報･通信業,658,658,645,646,-6,-0.920245,30600,OK
2025-11-17,2359,コア,プライム（内国株式）,情報･通信業,2025,2040,2016,2016,-13,-0.64071,5000,OK
2025-11-17,2370,メディネット,グロース（内国株式）,サービス業,32,33,31,31,-1,-3.125,1042200,OK
2025-11-17,2371,カカクコム,プライム（内国株式）,サービス業,2464.5,2520.5,2462,2485.5,5.5,0.221774,637200,OK
2025-11-17,2373,ケア２１,スタンダード（内国株式）,サービス業,460,470,451,455,-4,-0.87146,39600,OK
2025-11-17,2374,セントケア・ホールディング,プライム（内国株式）,サービス業,1215,1216,1215,1215,0,0,551500,OK
2025-11-17,2375,ギグワークス,スタンダード（内国株式）,サービス業,221,221,214,217,-3,-1.363636,64600,OK
2025-11-17,2376,サイネックス,スタンダード（内国株式）,サービス業,762,769,762,765,4,0.525624,600,OK
2025-11-17,2378,ルネサンス,プライム（内国株式）,サービス業,1038,1038,1030,1034,-4,-0.385356,37100,OK
2025-11-17,2379,ディップ,プライム（内国株式）,サービス業,2137,2142,2105,2127,-13,-0.607477,174900,OK
2025-11-17,2384,ＳＢＳホールディングス,プライム（内国株式）,陸運業,3685,3725,3640,3660,-25,-0.678426,72400,OK
2025-11-17,2385,総医研ホールディングス,グロース（内国株式）,サービス業,226,232,219,231,7,3.125,640700,OK
2025-11-17,2388,ウェッジホールディングス,グロース（内国株式）,その他金融業,68,68,66,67,-2,-2.898551,75700,OK
2025-11-17,2389,デジタルホールディングス,プライム（内国株式）,サービス業,2170,2199,2125,2165,40,1.882353,41500,OK
2025-11-17,2391,プラネット,スタンダード（内国株式）,サービス業,1233,1233,1221,1227,-4,-0.324939,4900,OK
2025-11-17,2393,日本ケアサプライ,スタンダード（内国株式）,サービス業,2271,2300,2271,2281,-17,-0.739774,4500,OK
2025-11-17,2395,新日本科学,プライム（内国株式）,サービス業,1576,1596,1574,1576,1,0.063492,206400,OK
2025-11-17,239A,バレッグス,TOKYO PRO MARKET（内国株式）,不動産業,,,,,,,,NO_QUOTE
2025-11-17,2404,鉄人化ホールディングス,スタンダード（内国株式）,サービス業,477,479,475,475,1,0.21097,6600,OK
2025-11-17,2408,ＫＧ情報,スタンダード（内国株式）,サービス業,702,702,694,697,-5,-0.712251,5100,OK
2025-11-17,2410,キャリアデザインセンター,プライム（内国株式）,サービス業,2354,2355,2325,2350,19,0.815101,35100,OK
2025-11-17,2411,ゲンダイエージェンシー,スタンダード（内国株式）,情報･通信業,455,459,455,455,0,0,11300,OK
2025-11-17,2413,エムスリー,プライム（内国株式）,サービス業,2733,2746,2630.5,2674,-63.5,-2.319635,5148500,OK
2025-11-17,2415,ヒューマンホールディングス,スタンダード（内国株式）,サービス業,1913,1923,1833,1848,-173,-8.560119,24600,OK
2025-11-17,2418,ツカダ・グローバルホールディング,スタンダード（内国株式）,サービス業,572,577,544,552,-20,-3.496503,566100,OK
2025-11-17,241A,ＲＯＸＸ,グロース（内国株式）,情報･通信業,565,579,545,545,-30,-5.217391,157100,OK
2025-11-17,2424,ブラス,スタンダード（内国株式）,サービス業,648,648,640,640,-8,-1.234568,6000,OK
2025-11-17,2425,ケアサービス,スタンダード（内国株式）,サービス業,784,796,784,790,-8,-1.002506,3400,OK
2025-11-17,2428,ウェルネット,スタンダード（内国株式）,サービス業,671,671,657,661,-10,-1.490313,119000,OK
2025-11-17,2429,ワールドホールディングス,プライム（内国株式）,サービス業,2638,2648,2613,2622,-7,-0.266261,58700,OK
2025-11-17,2432,ディー・エヌ・エー,プライム（内国株式）,情報･通信業,2580,2601.5,2492.5,2505,-67.5,-2.623907,2564000,OK
2025-11-17,2433,博報堂ＤＹホールディングス,プライム（内国株式）,サービス業,1140.5,1156.5,1139,1142.5,-12.5,-1.082251,1207300,OK
2025-11-17,2435,シダー,スタンダード（内国株式）,サービス業,221,221,217,219,-2,-0.904977,51100,OK
2025-11-17,2436,共同ピーアール,スタンダード（内国株式）,サービス業,863,868,858,858,0,0,3700,OK
2025-11-17,2437,Ｓｈｉｎｗａ　Ｗｉｓｅ　Ｈｏｌｄｉｎｇｓ,スタンダード（内国株式）,サービス業,279,279,270,270,-9,-3.225806,39700,OK
2025-11-17,2438,アスカネット,グロース（内国株式）,サービス業,339,340,333,334,-7,-2.052786,72300,OK
2025-11-17,243A,トップス,TOKYO PRO MARKET（内国株式）,食料品,,,,,,,,NO_QUOTE
2025-11-17,2440,ぐるなび,スタンダード（内国株式）,サービス業,181,181,175,177,-4,-2.209945,357100,OK
2025-11-17,2445,タカミヤ,プライム（内国株式）,サービス業,442,442,432,432,-10,-2.262443,132100,OK
2025-11-17,2449,プラップジャパン,スタンダード（内国株式）,サービス業,1106,1106,1091,1101,-5,-0.45208,2600,OK
2025-11-17,244A,グロースエクスパートナーズ,グロース（内国株式）,情報･通信業,1800,1860,1793,1852,36,1.982379,13600,OK
2025-11-17,2452,コンピュータマインド,TOKYO PRO MARKET（内国株式）,情報･通信業,,,,,,,,NO_QUOTE
2025-11-17,2454,オールアバウト,スタンダード（内国株式）,サービス業,383,383,381,382,-1,-0.261097,3600,OK
2025-11-17,2459,アウンコンサルティング,スタンダード（内国株式）,サービス業,284,285,277,278,-8,-2.797203,195000,OK
2025-11-17,245A,ＩＮＧＳ,グロース（内国株式）,小売業,3100,3115,2990,3115,15,0.483871,7800,OK
2025-11-17,2461,ファンコミュニケーションズ,プライム（内国株式）,サービス業,529,531,525,529,4,0.761905,125900,OK
2025-11-17,2462,ライク,プライム（内国株式）,サービス業,1500,1504,1496,1500,0,0,18000,OK
2025-11-17,2464,Ａｏｂａ‐ＢＢＴ,スタンダード（内国株式）,サービス業,342,347,336,346,-2,-0.574713,32200,OK
2025-11-17,2469,ヒビノ,スタンダード（内国株式）,サービス業,2570,2596,2505,2590,22,0.856698,38700,OK
2025-11-17,246A,アスア,グロース（内国株式）,サービス業,660,661,642,650,-19,-2.84006,37700,OK
2025-11-17,2471,エスプール,プライム（内国株式）,サービス業,295,297,288,291,-2,-0.682594,519100,OK
2025-11-17,2475,ＷＤＢホールディングス,プライム（内国株式）,サービス業,1577,1579,1566,1570,-10,-0.632911,10300,OK
2025-11-17,2477,手間いらず,スタンダード（内国株式）,情報･通信業,3020,3200,3020,3190,120,3.908795,25100,OK
2025-11-17,2479,ジェイテック,スタンダード（内国株式）,サービス業,235,235,233,235,1,0.42735,15200,OK
2025-11-17,247A,Ａｉロボティクス,グロース（内国株式）,化学,1650,1651,1489,1489,-400,-21.175225,6451300,OK
2025-11-17,2480,システム・ロケーション,スタンダード（内国株式）,情報･通信業,1615,1651,1609,1639,38,2.373517,2100,OK
2025-11-17,2481,タウンニュース社,スタンダード（内国株式）,サービス業,681,681,675,675,0,0,200,OK
2025-11-17,2483,翻訳センター,スタンダード（内国株式）,サービス業,1866,1885,1851,1871,-9,-0.478723,4600,OK
2025-11-17,2484,出前館,スタンダード（内国株式）,情報･通信業,147,147,143,144,-2,-1.369863,420300,OK
2025-11-17,2485,ティア,スタンダード（内国株式）,サービス業,500,500,492,492,-4,-0.806452,100100,OK
2025-11-17,2488,ＪＴＰ,スタンダード（内国株式）,サービス業,1525,1529,1472,1486,21,1.433447,48900,OK
2025-11-17,2489,アドウェイズ,プライム（内国株式）,サービス業,307,307,298,300,1,0.334448,99200,OK
2025-11-17,248A,キッズスター,グロース（内国株式）,情報･通信業,2056,2056,1800,1860,-175,-8.599509,13600,OK
2025-11-17,2491,バリューコマース,プライム（内国株式）,サービス業,690,692,680,689,1,0.145349,318800,OK
2025-11-17,2492,インフォマート,プライム（内国株式）,サービス業,347,349,341,345,1,0.290698,1995400,OK
2025-11-17,2493,イーサポートリンク,スタンダード（内国株式）,サービス業,933,935,930,930,1,0.107643,3500,OK
2025-11-17,2497,ユナイテッド,グロース（内国株式）,サービス業,510,513,505,505,-6,-1.174168,72200,OK
2025-11-17,2498,オリエンタルコンサルタンツホールディングス,スタンダード（内国株式）,サービス業,3045,3100,2975,3005,-250,-7.680492,28300,OK
2025-11-17,2499,日本和装ホールディングス,スタンダード（内国株式）,サービス業,364,365,363,365,1,0.274725,4700,OK
2025-11-17,249A,ヒューマンアジャスト,TOKYO PRO MARKET（内国株式）,サービス業,,,,,,,,NO_QUOTE
2025-11-17,2501,サッポロホールディングス,プライム（内国株式）,食料品,8050,8141,7968,8114,54,0.669975,275600,OK
2025-11-17,2502,アサヒグループホールディングス,プライム（内国株式）,食料品,1784,1817,1782,1795,10.5,0.5884,6900200,OK
2025-11-17,2503,キリンホールディングス,プライム（内国株式）,食料品,2391.5,2429,2385.5,2418,26,1.086957,2938800,OK
2025-11-17,250A,シマダヤ,スタンダード（内国株式）,食料品,1730,1772,1721,1768,47,2.73097,85000,OK
2025-11-17,251A,ニューロマジック,TOKYO PRO MARKET（内国株式）,サービス業,,,,,,,,NO_QUOTE
2025-11-17,252A,ウェッジ,TOKYO PRO MARKET（内国株式）,小売業,,,,,,,,NO_QUOTE
2025-11-17,2531,宝ホールディングス,プライム（内国株式）,食料品,1487,1498,1456,1461,-24,-1.616162,393400,OK
2025-11-17,2533,オエノンホールディングス,プライム（内国株式）,食料品,518,522,514,517,-1,-0.19305,60700,OK
2025-11-17,253A,ＥＴＳグループ,スタンダード（内国株式）,建設業,1112,1127,1057,1090,-12,-1.088929,156000,OK
2025-11-17,2540,養命酒製造,プライム（内国株式）,食料品,4560,4600,4520,4575,60,1.328904,29900,OK
2025-11-17,254A,ＡＩフュージョンキャピタルグループ,スタンダード（内国株式）,証券･商品先物取引業,981,981,954,973,-11,-1.117886,47400,OK
2025-11-17,255A,ジーエルテクノホールディングス,スタンダード（内国株式）,精密機器,3020,3030,2976,2988,-12,-0.4,5400,OK
2025-11-17,256A,飛島ホールディングス,プライム（内国株式）,建設業,2155,2168,2106,2111,-45,-2.087199,162200,OK
2025-11-17,2573,北海道コカ・コーラボトリング,スタンダード（内国株式）,食料品,4040,4045,4015,4030,-5,-0.123916,6300,OK
2025-11-17,2579,コカ・コーラ　ボトラーズジャパンホールディングス,プライム（内国株式）,食料品,2688.5,2766,2687,2760,73,2.716785,1207700,OK
2025-11-17,2585,ライフドリンク　カンパニー,プライム（内国株式）,食料品,2000,2011,1933,1987,-14,-0.69965,455900,OK
2025-11-17,2586,フルッタフルッタ,グロース（内国株式）,食料品,137,137,137,137,-50,-26.737968,1374900,OK
2025-11-17,2587,サントリー食品インターナショナル,プライム（内国株式）,食料品,5015,5049,4991,5026,15,0.299341,519100,OK
2025-11-17,2588,プレミアムウォーターホールディングス,スタンダード（内国株式）,食料品,3305,3320,3305,3320,5,0.15083,3400,OK
2025-11-17,2590,ダイドーグループホールディングス,プライム（内国株式）,食料品,2446,2461,2442,2448,8,0.327869,74500,OK
2025-11-17,2593,伊藤園,プライム（内国株式）,食料品,3212,3226,3182,3202,-3,-0.093604,252400,OK
2025-11-17,25935,伊藤園（優先株式）,プライム（内国株式）,食料品,1804,1805,1802,1804,1,0.055463,12200,OK
2025-11-17,2594,キーコーヒー,プライム（内国株式）,食料品,1980,2002,1979,1997,10,0.503271,113700,OK
2025-11-17,2597,ユニカフェ,スタンダード（内国株式）,食料品,1033,1043,1020,1029,-8,-0.771456,28000,OK
2025-11-17,2602,日清オイリオグループ,プライム（内国株式）,食料品,5130,5220,5130,5200,70,1.364522,57000,OK
2025-11-17,2607,不二製油,プライム（内国株式）,食料品,3470,3537,3452,3512,67,1.944848,409100,OK
2025-11-17,2612,かどや製油,スタンダード（内国株式）,食料品,3855,3855,3805,3820,-35,-0.907912,7800,OK
2025-11-17,2613,Ｊ−オイルミルズ,プライム（内国株式）,食料品,2000,2009,1992,1998,3,0.150376,52500,OK
2025-11-17,261A,日水コン,スタンダード（内国株式）,サービス業,2505,2530,2426,2473,-30,-1.198562,114500,OK
2025-11-17,262A,インターメスティック,プライム（内国株式）,小売業,2051,2057,1967,2003,-14,-0.6941,229900,OK
2025-11-17,263A,デジタルキューブ,TOKYO PRO MARKET（内国株式）,情報･通信業,,,,,,,,NO_QUOTE
2025-11-17,264A,Ｓｃｈｏｏ,グロース（内国株式）,サービス業,580,580,580,580,-100,-14.705882,87600,OK
2025-11-17,2652,まんだらけ,スタンダード（内国株式）,小売業,350,361,333,334,-15,-4.297994,190500,OK
2025-11-17,2653,イオン九州,スタンダード（内国株式）,小売業,2837,2840,2809,2809,-57,-1.988835,119000,OK
2025-11-17,2654,アスモ,スタンダード（内国株式）,小売業,392,400,387,388,4,1.041667,21100,OK
2025-11-17,2656,ベクターホールディングス,スタンダード（内国株式）,小売業,124,126,119,122,-2,-1.612903,153500,OK
2025-11-17,2659,サンエー,プライム（内国株式）,小売業,2801,2807,2774,2798,-14,-0.497866,169000,OK
2025-11-17,265A,Ｈｍｃｏｍｍ,グロース（内国株式）,情報･通信業,1033,1052,998,1010,7,0.697906,94200,OK
2025-11-17,2664,カワチ薬品,プライム（内国株式）,小売業,2999,3015,2970,3000,16,0.536193,27300,OK
2025-11-17,2666,オートウェーブ,スタンダード（内国株式）,小売業,160,160,157,157,-4,-2.484472,70500,OK
2025-11-17,2667,イメージ　ワン,スタンダード（内国株式）,卸売業,200,214,196,196,-2,-1.010101,518500,OK
2025-11-17,2668,タビオ,スタンダード（内国株式）,卸売業,1250,1263,1249,1263,14,1.120897,2500,OK
2025-11-17,2669,カネ美食品,スタンダード（内国株式）,小売業,3365,3365,3340,3355,0,0,6600,OK
2025-11-17,266A,グローカルマーケティング,TOKYO PRO MARKET（内国株式）,サービス業,,,,,,,,NO_QUOTE
2025-11-17,2670,エービーシー・マート,プライム（内国株式）,小売業,2632.5,2640.5,2549.5,2599.5,-73.5,-2.749719,1125400,OK
2025-11-17,2673,夢みつけ隊,スタンダード（内国株式）,小売業,265,267,251,256,7,2.811245,732800,OK
2025-11-17,2674,ハードオフコーポレーション,プライム（内国株式）,小売業,1892,1892,1869,1880,-25,-1.312336,22000,OK
2025-11-17,2676,高千穂交易,プライム（内国株式）,卸売業,2017,2028,2010,2028,13,0.645161,30200,OK
2025-11-17,2678,アスクル,プライム（内国株式）,小売業,1456,1477,1448,1473,0,0,953900,OK
2025-11-17,267A,トワライズ,TOKYO PRO MARKET（内国株式）,その他金融業,,,,,,,,NO_QUOTE
2025-11-17,2681,ゲオホールディングス,プライム（内国株式）,小売業,1747,1765,1699,1729,-41,-2.316384,220800,OK
2025-11-17,2683,魚喜,スタンダード（内国株式）,小売業,992,995,992,993,-1,-0.100604,3000,OK
2025-11-17,2685,アンドエスティＨＤ,プライム（内国株式）,小売業,2780,2822,2747,2820,12,0.42735,266500,OK
2025-11-17,2686,ジーフット,スタンダード（内国株式）,小売業,284,286,284,284,0,0,15300,OK
2025-11-17,2687,シー・ヴイ・エス・ベイエリア,スタンダード（内国株式）,サービス業,547,547,546,546,-1,-0.182815,1100,OK
2025-11-17,2689,オルバヘルスケアホールディングス,スタンダード（内国株式）,卸売業,2013,2024,2004,2020,7,0.34774,3600,OK
2025-11-17,268A,リガク・ホールディングス,プライム（内国株式）,精密機器,982,993,964,970,-16,-1.622718,898900,OK
2025-11-17,2692,伊藤忠食品,プライム（内国株式）,卸売業,10900,11180,10150,10240,-560,-5.185185,231700,OK
2025-11-17,2693,ＹＫＴ,スタンダード（内国株式）,卸売業,253,256,253,255,0,0,8100,OK
2025-11-17,2694,焼肉坂井ホールディングス,スタンダード（内国株式）,小売業,71,71,69,70,0,0,833200,OK
2025-11-17,2695,くら寿司,プライム（内国株式）,小売業,3330,3340,3285,3305,-55,-1.636905,177600,OK
2025-11-17,2698,キャンドゥ,スタンダード（内国株式）,小売業,3485,3515,3450,3515,15,0.428571,8100,OK
2025-11-17,269A,Ｓａｐｅｅｔ,グロース（内国株式）,情報･通信業,2538,2538,2335,2339,-196,-7.731755,12900,OK
2025-11-17,2700,木徳神糧,スタンダード（内国株式）,卸売業,3325,3390,3230,3275,40,1.236476,80100,OK
2025-11-17,2702,日本マクドナルドホールディングス,スタンダード（内国株式）,小売業,6170,6210,6150,6190,10,0.161812,267600,OK
2025-11-17,2705,大戸屋ホールディングス,スタンダード（内国株式）,小売業,5720,5760,5710,5760,40,0.699301,5600,OK
2025-11-17,2708,久世,スタンダード（内国株式）,卸売業,1978,2000,1966,1966,-10,-0.506073,2000,OK
2025-11-17,271A,アクセリア,TOKYO PRO MARKET（内国株式）,情報･通信業,,,,,,,,NO_QUOTE
2025-11-17,2721,ジェイホールディングス,スタンダード（内国株式）,卸売業,212,216,205,214,7,3.381643,245800,OK
2025-11-17,2722,ＩＫホールディングス,スタンダード（内国株式）,小売業,393,393,381,386,-7,-1.78117,47400,OK
2025-11-17,2726,パルグループホールディングス,プライム（内国株式）,小売業,2072,2080,1970,2043,-71,-3.358562,1235700,OK
2025-11-17,2730,エディオン,プライム（内国株式）,小売業,1996,1997,1964,1985,-12,-0.600901,294100,OK
2025-11-17,2733,あらた,プライム（内国株式）,卸売業,2983,2998,2967,2986,3,0.10057,39000,OK
2025-11-17,2734,サーラコーポレーション,プライム（内国株式）,小売業,1105,1108,1083,1090,-12,-1.088929,254400,OK
2025-11-17,2735,ワッツ,スタンダード（内国株式）,小売業,641,641,637,639,-2,-0.312012,13100,OK
2025-11-17,2736,フェスタリアホールディングス,スタンダード（内国株式）,小売業,588,588,579,583,-1,-0.171233,2600,OK
2025-11-17,2737,トーメンデバイス,プライム（内国株式）,卸売業,10850,11190,10620,11190,340,3.133641,47500,OK
2025-11-17,2742,ハローズ,プライム（内国株式）,小売業,4585,4625,4565,4575,10,0.219058,32900,OK
2025-11-17,2743,ピクセルカンパニーズ,スタンダード（内国株式）,卸売業,68,71,62,64,-15,-18.987342,5334900,OK
2025-11-17,2747,北雄ラッキー,スタンダード（内国株式）,小売業,3225,3230,3225,3230,10,0.310559,200,OK
2025-11-17,2749,ＪＰホールディングス,プライム（内国株式）,サービス業,611,615,608,610,-2,-0.326797,205300,OK
2025-11-17,274A,ガーデン,スタンダード（内国株式）,小売業,2106,2106,2062,2072,-33,-1.567696,71800,OK
2025-11-17,2750,石光商事,スタンダード（内国株式）,卸売業,1254,1260,1226,1254,8,0.642055,49500,OK
2025-11-17,2751,テンポスホールディングス,スタンダード（内国株式）,卸売業,3480,3485,3470,3470,-10,-0.287356,3200,OK
2025-11-17,2752,フジオフードグループ本社,プライム（内国株式）,小売業,1152,1160,1139,1155,8,0.697472,332100,OK
2025-11-17,2753,あみやき亭,プライム（内国株式）,小売業,1352,1352,1335,1344,-1,-0.074349,37300,OK
2025-11-17,2760,東京エレクトロン　デバイス,プライム（内国株式）,卸売業,2964,3010,2962,2989,18,0.605857,102800,OK
2025-11-17,2762,ＳＡＮＫＯ　ＭＡＲＫＥＴＩＮＧ　ＦＯＯＤＳ,スタンダード（内国株式）,小売業,102,109,100,100,-6,-5.660377,413700,OK
2025-11-17,2763,エフティグループ,スタンダード（内国株式）,卸売業,1213,1226,1189,1208,-5,-0.412201,23400,OK
2025-11-17,2764,ひらまつ,スタンダード（内国株式）,小売業,119,119,114,115,-4,-3.361345,247500,OK
2025-11-17,2767,円谷フィールズホールディングス,プライム（内国株式）,卸売業,1992,2000,1875,1889,-118,-5.879422,697000,OK
2025-11-17,2768,双日,プライム（内国株式）,卸売業,4450,4475,4403,4428,-53,-1.182772,1170000,OK
2025-11-17,2769,ヴィレッジヴァンガードコーポレーション,スタンダード（内国株式）,小売業,1030,1030,1027,1028,-2,-0.194175,17300,OK
2025-11-17,276A,ククレブ・アドバイザーズ,グロース（内国株式）,不動産業,3615,3775,3615,3745,-10,-0.266312,61400,OK
2025-11-17,2776,新都ホールディングス,スタンダード（内国株式）,卸売業,119,119,115,116,-3,-2.521008,323600,OK
2025-11-17,2778,パレモ・ホールディングス,スタンダード（内国株式）,小売業,138,138,135,136,-3,-2.158273,55900,OK
2025-11-17,277A,グロービング,グロース（内国株式）,サービス業,2614,2615,2425,2444,-140,-5.417957,162100,OK
2025-11-17,2780,コメ兵ホールディングス,スタンダード（内国株式）,小売業,2808,2837,2662,2701,-137,-4.827343,283200,OK
2025-11-17,2782,セリア,スタンダード（内国株式）,小売業,3085,3125,3065,3105,-35,-1.11465,93900,OK
2025-11-17,2784,アルフレッサ　ホールディングス,プライム（内国株式）,卸売業,2315,2330,2301,2312,-8.5,-0.3663,332400,OK
2025-11-17,2788,アップルインターナショナル,スタンダード（内国株式）,卸売業,341,342,337,338,-4,-1.169591,39900,OK
2025-11-17,2789,カルラ,スタンダード（内国株式）,小売業,483,485,482,485,2,0.414079,5700,OK
2025-11-17,278A,Ｔｅｒｒａ　Ｄｒｏｎｅ,グロース（内国株式）,精密機器,3105,3130,3055,3090,-30,-0.961538,57900,OK
2025-11-17,2790,ナフコ,スタンダード（内国株式）,小売業,1991,1992,1964,1980,7,0.35479,7500,OK
2025-11-17,2791,大黒天物産,プライム（内国株式）,小売業,6330,6330,6140,6140,-230,-3.610675,80500,OK
2025-11-17,2792,ハニーズホールディングス,プライム（内国株式）,小売業,1513,1513,1498,1506,-7,-0.462657,72100,OK
2025-11-17,2795,日本プリメックス,スタンダード（内国株式）,卸売業,879,879,879,879,-8,-0.901917,100,OK
2025-11-17,2796,ファーマライズホールディングス,スタンダード（内国株式）,小売業,543,543,539,540,4,0.746269,7300,OK
2025-11-17,2798,ワイズテーブルコーポレーション,スタンダード（内国株式）,小売業,2902,2908,2899,2899,-7,-0.240881,2300,OK
2025-11-17,279A,インターグ,TOKYO PRO MARKET（内国株式）,サービス業,,,,,,,,NO_QUOTE
2025-11-17,2801,キッコーマン,プライム（内国株式）,食料品,1371,1401.5,1370,1392.5,17.5,1.272727,3958700,OK
2025-11-17,2802,味の素,プライム（内国株式）,食料品,3825,3853,3747,3802,-23,-0.601307,3860500,OK
2025-11-17,2804,ブルドックソース,プライム（内国株式）,食料品,1948,1960,1940,1947,0,0,21400,OK
2025-11-17,2805,ヱスビー食品,スタンダード（内国株式）,食料品,3420,3440,3380,3425,10,0.292826,16900,OK
2025-11-17,2806,ユタカフーズ,スタンダード（内国株式）,食料品,2113,2113,2109,2113,0,0,900,OK
2025-11-17,2809,キユーピー,プライム（内国株式）,食料品,4325,4413,4320,4395,77,1.783233,373100,OK
2025-11-17,280A,ＴＭＨ,グロース（内国株式）,卸売業,1003,1009,991,997,-4,-0.3996,9200,OK
2025-11-17,2810,ハウス食品グループ本社,プライム（内国株式）,食料品,2907,2948,2900,2936,29,0.997592,259900,OK
2025-11-17,2811,カゴメ,プライム（内国株式）,食料品,2706,2719,2691.5,2700,-1.5,-0.055525,397300,OK
2025-11-17,2813,和弘食品,スタンダード（内国株式）,食料品,3045,3050,2987,3000,-100,-3.225806,11100,OK
2025-11-17,2814,佐藤食品工業,スタンダード（内国株式）,食料品,3170,3170,3170,3170,0,0,800,OK
2025-11-17,2815,アリアケジャパン,プライム（内国株式）,食料品,5410,5430,5310,5320,-50,-0.931099,67700,OK
2025-11-17,2816,ダイショー,スタンダード（内国株式）,食料品,1404,1404,1400,1402,-2,-0.14245,3000,OK
2025-11-17,2818,ピエトロ,スタンダード（内国株式）,食料品,1738,1740,1734,1735,-3,-0.172612,3800,OK
2025-11-17,2819,エバラ食品工業,スタンダード（内国株式）,食料品,2485,2490,2478,2483,6,0.242229,6500,OK
2025-11-17,281A,インフォメティス,グロース（内国株式）,情報･通信業,483,508,483,488,-95,-16.295026,449200,OK
2025-11-17,2820,やまみ,スタンダード（内国株式）,食料品,4500,4795,4500,4605,120,2.675585,38900,OK
2025-11-17,2831,はごろもフーズ,スタンダード（内国株式）,食料品,3275,3280,3255,3265,-10,-0.305344,2200,OK
2025-11-17,284A,フクヤ建設,TOKYO PRO MARKET（内国株式）,建設業,,,,,,,,NO_QUOTE
2025-11-17,285A,キオクシアホールディングス,プライム（内国株式）,電気機器,10000,11650,9895,11165,1140,11.371571,50243900,OK
2025-11-17,286A,ユカリア,グロース（内国株式）,サービス業,752,798,752,782,-120,-13.303769,664200,OK
2025-11-17,2871,ニチレイ,プライム（内国株式）,食料品,1887,1954,1886.5,1933.5,63.5,3.395722,2466900,OK
2025-11-17,2872,セイヒョー,スタンダード（内国株式）,食料品,1948,1950,1940,1942,-6,-0.308008,3700,OK
2025-11-17,2874,横浜冷凍,プライム（内国株式）,卸売業,1210,1250,1210,1240,29,2.394715,159200,OK
2025-11-17,2875,東洋水産,プライム（内国株式）,食料品,10320,10415,10285,10340,-5,-0.048333,257600,OK
2025-11-17,2876,デルソーレ,スタンダード（内国株式）,食料品,426,435,426,427,2,0.470588,7500,OK
2025-11-17,2877,日東ベスト,スタンダード（内国株式）,食料品,740,740,736,736,-4,-0.540541,2900,OK
2025-11-17,287A,黒田グループ,スタンダード（内国株式）,卸売業,877,881,868,879,-1,-0.113636,580300,OK
2025-11-17,2882,イートアンドホールディングス,プライム（内国株式）,食料品,1977,1980,1968,1968,-10,-0.505561,38500,OK
2025-11-17,2883,大冷,スタンダード（内国株式）,食料品,1965,1967,1961,1961,-3,-0.152749,3300,OK
2025-11-17,2884,ヨシムラ・フード・ホールディングス,プライム（内国株式）,食料品,710,713,686,698,-14,-1.966292,179400,OK
2025-11-17,288A,ラクサス・テクノロジーズ,グロース（内国株式）,サービス業,146,147,142,143,-3,-2.054795,182900,OK
2025-11-17,2892,日本食品化工,スタンダード（内国株式）,食料品,3520,3580,3510,3570,35,0.990099,6200,OK
2025-11-17,2894,石井食品,スタンダード（内国株式）,食料品,321,321,317,321,2,0.626959,18300,OK
2025-11-17,2897,日清食品ホールディングス,プライム（内国株式）,食料品,2871,2880,2845.5,2873,-11,-0.381415,1714300,OK
2025-11-17,2901,ウェルディッシュ,スタンダード（内国株式）,食料品,594,600,580,588,-6,-1.010101,35600,OK
2025-11-17,2903,シノブフーズ,スタンダード（内国株式）,食料品,1748,1778,1629,1693,-85,-4.780652,41500,OK
2025-11-17,2904,一正蒲鉾,スタンダード（内国株式）,食料品,750,750,744,749,-3,-0.398936,7800,OK
2025-11-17,2907,あじかん,スタンダード（内国株式）,食料品,1241,1241,1237,1239,3,0.242718,1700,OK
2025-11-17,2908,フジッコ,プライム（内国株式）,食料品,1590,1603,1590,1603,15,0.944584,38600,OK
2025-11-17,290A,Ｓｙｎｓｐｅｃｔｉｖｅ,グロース（内国株式）,情報･通信業,1028,1037,1027,1037,150,16.910936,2160300,OK
2025-11-17,2910,ロック・フィールド,プライム（内国株式）,食料品,1434,1443,1432,1438,4,0.27894,44200,OK
2025-11-17,2911,旭松食品,スタンダード（内国株式）,食料品,2271,2279,2267,2279,8,0.352268,500,OK
2025-11-17,2914,日本たばこ産業,プライム（内国株式）,食料品,5705,5730,5677,5701,16,0.281442,4337600,OK
2025-11-17,2915,ケンコーマヨネーズ,プライム（内国株式）,食料品,1847,1928,1847,1919,14,0.734908,106900,OK
2025-11-17,2916,仙波糖化工業,スタンダード（内国株式）,食料品,732,736,724,725,3,0.415512,7100,OK
2025-11-17,2917,大森屋,スタンダード（内国株式）,食料品,893,894,893,894,-7,-0.776915,2300,OK
2025-11-17,2918,わらべや日洋ホールディングス,プライム（内国株式）,食料品,3240,3300,3215,3290,50,1.54321,69100,OK
2025-11-17,291A,リスキル,グロース（内国株式）,サービス業,3400,3400,3300,3370,-60,-1.749271,6400,OK
2025-11-17,2922,なとり,プライム（内国株式）,食料品,1934,1946,1934,1941,8,0.413864,22000,OK
2025-11-17,2923,サトウ食品,スタンダード（内国株式）,食料品,8460,8640,8460,8570,130,1.540284,7200,OK
2025-11-17,2924,イフジ産業,スタンダード（内国株式）,食料品,2042,2049,2002,2045,16,0.788566,22500,OK
2025-11-17,2926,篠崎屋,スタンダード（内国株式）,食料品,101,102,99,101,0,0,295000,OK
2025-11-17,2927,ＡＦＣ−ＨＤアムスライフサイエンス,スタンダード（内国株式）,食料品,866,866,855,857,-5,-0.580046,18200,OK
2025-11-17,2929,ファーマフーズ,プライム（内国株式）,食料品,802,807,798,800,-1,-0.124844,80900,OK
2025-11-17,292A,エスアイイー,TOKYO PRO MARKET（内国株式）,サービス業,,,,,,,,NO_QUOTE
2025-11-17,2930,北の達人コーポレーション,プライム（内国株式）,化学,135,136,132,133,-2,-1.481481,669600,OK
2025-11-17,2931,ユーグレナ,プライム（内国株式）,食料品,430,438,426,436,4,0.925926,1566500,OK
2025-11-17,2932,ＳＴＩフードホールディングス,スタンダード（内国株式）,食料品,1270,1270,1250,1262,-10,-0.786164,48800,OK
2025-11-17,2933,紀文食品,プライム（内国株式）,食料品,1084,1090,1077,1090,7,0.646353,39100,OK
2025-11-17,2934,ジェイフロンティア,グロース（内国株式）,食料品,1820,1822,1778,1779,-42,-2.306425,21300,OK
2025-11-17,2935,ピックルスホールディングス,プライム（内国株式）,食料品,1167,1176,1159,1173,24,2.088773,41800,OK
2025-11-17,2936,ベースフード,グロース（内国株式）,食料品,350,351,342,342,-8,-2.285714,94300,OK
2025-11-17,2937,サンクゼール,グロース（内国株式）,食料品,1715,1715,1688,1694,-22,-1.282051,9600,OK
2025-11-17,2938,オカムラ食品工業,スタンダード（内国株式）,食料品,1179,1179,1141,1145,-30,-2.553191,166700,OK
2025-11-17,293A,ＢＡＢＹ　ＪＯＢ,TOKYO PRO MARKET（内国株式）,小売業,,,,,,,,NO_QUOTE
2025-11-17,2961,日本調理機,スタンダード（内国株式）,金属製品,,,,,,,,NO_QUOTE
2025-11-17,2962,テクニスコ,スタンダード（内国株式）,金属製品,415,429,393,404,-51,-11.208791,205000,OK
2025-11-17,296A,令和アカウンティング・ホールディングス,グロース（内国株式）,サービス業,700,707,686,701,8,1.154401,76100,OK
2025-11-17,2970,グッドライフカンパニー,スタンダード（内国株式）,不動産業,986,986,912,936,-41,-4.19652,36700,OK
2025-11-17,2975,スター・マイカ・ホールディングス,プライム（内国株式）,不動産業,1190,1197,1145,1145,-43,-3.619529,208400,OK
2025-11-17,2978,ツクルバ,グロース（内国株式）,不動産業,490,495,479,495,4,0.814664,10200,OK
2025-11-17,297A,アルピコホールディングス,スタンダード（内国株式）,小売業,230,230,224,224,-5,-2.183406,321700,OK
2025-11-17,2980,ＳＲＥホールディングス,プライム（内国株式）,不動産業,3030,3035,2962,2989,-41,-1.353135,206300,OK
2025-11-17,2981,ランディックス,グロース（内国株式）,不動産業,2918,2961,2751,2796,-122,-4.180946,30400,OK
2025-11-17,2982,ＡＤワークスグループ,プライム（内国株式）,不動産業,487,488,453,458,-30,-6.147541,1720000,OK
2025-11-17,2983,アールプランナー,グロース（内国株式）,不動産業,2546,2594,2542,2550,-13,-0.507218,27000,OK
2025-11-17,2984,ヤマイチエステート,スタンダード（内国株式）,不動産業,727,727,711,713,-17,-2.328767,23600,OK
2025-11-17,2985,ファーストステージ,TOKYO PRO MARKET（内国株式）,不動産業,,,,,,,,NO_QUOTE
2025-11-17,2986,ＬＡホールディングス,グロース（内国株式）,不動産業,8040,8040,7640,7850,-160,-1.997503,170200,OK
2025-11-17,298A,ＧＶＡ　ＴＥＣＨ,グロース（内国株式）,情報･通信業,604,604,604,604,-150,-19.893899,22800,OK
2025-11-17,2990,アイダ設計,TOKYO PRO MARKET（内国株式）,不動産業,,,,,,,,NO_QUOTE
2025-11-17,2991,ランドネット,スタンダード（内国株式）,不動産業,706,706,675,684,-12,-1.724138,18700,OK
2025-11-17,2992,アーバンライク,TOKYO PRO MARKET（内国株式）,不動産業,,,,,,,,NO_QUOTE
2025-11-17,2993,長栄,スタンダード（内国株式）,不動産業,2215,2220,2215,2220,5,0.225734,600,OK
2025-11-17,2994,アンサーホールディングス,TOKYO PRO MARKET（内国株式）,不動産業,,,,,,,,NO_QUOTE
2025-11-17,2995,ジェイレックス・コーポレーション,TOKYO PRO MARKET（内国株式）,不動産業,,,,,,,,NO_QUOTE
2025-11-17,2997,ストレージ王,グロース（内国株式）,不動産業,1022,1022,1016,1016,-6,-0.587084,1300,OK
2025-11-17,2998,クリアル,グロース（内国株式）,不動産業,937,940,858,881,-89,-9.175258,435700,OK
2025-11-17,2999,ホームポジション,スタンダード（内国株式）,不動産業,428,430,423,428,-4,-0.925926,8900,OK
2025-11-17,299A,クラシル,グロース（内国株式）,サービス業,1388,1391,1335,1380,-48,-3.361345,223500,OK
2025-11-17,3001,片倉工業,スタンダード（内国株式）,繊維製品,2804,3065,2795,3060,306,11.111111,94500,OK
2025-11-17,3002,グンゼ,プライム（内国株式）,繊維製品,3965,3975,3940,3960,-25,-0.627353,85000,OK
2025-11-17,3003,ヒューリック,プライム（内国株式）,不動産業,1679.5,1682,1656.5,1666.5,-6,-0.358744,1579500,OK
2025-11-17,3004,神栄,スタンダード（内国株式）,卸売業,2296,2296,2268,2289,-9,-0.391645,4600,OK
2025-11-17,300A,ＭＩＣ,スタンダード（内国株式）,サービス業,3070,3110,2984,3035,-25,-0.816993,56100,OK
2025-11-17,3010,ポラリス・ホールディングス,スタンダード（内国株式）,サービス業,194,194,184,185,-11,-5.612245,1268600,OK
2025-11-17,3011,バナーズ,スタンダード（内国株式）,小売業,147,147,145,146,0,0,10900,OK
2025-11-17,301A,インデックス,TOKYO PRO MARKET（内国株式）,不動産業,,,,,,,,NO_QUOTE
2025-11-17,3020,アプライド,スタンダード（内国株式）,小売業,4200,4200,4020,4020,-110,-2.663438,10500,OK
2025-11-17,3021,パシフィックネット,スタンダード（内国株式）,サービス業,1404,1404,1352,1387,-4,-0.287563,11100,OK
2025-11-17,3023,ラサ商事,スタンダード（内国株式）,卸売業,1668,1678,1647,1651,-15,-0.90036,21100,OK
2025-11-17,3024,クリエイト,スタンダード（内国株式）,卸売業,1143,1148,1135,1146,3,0.262467,5000,OK
2025-11-17,3028,アルペン,プライム（内国株式）,小売業,2310,2316,2295,2301,-20,-0.861698,87100,OK
2025-11-17,302A,ビースタイルホールディングス,グロース（内国株式）,サービス業,1189,1189,1133,1133,-86,-7.054963,8100,OK
2025-11-17,3030,ハブ,スタンダード（内国株式）,小売業,775,779,773,779,4,0.516129,13300,OK
2025-11-17,3031,ラクーンホールディングス,プライム（内国株式）,情報･通信業,643,644,628,631,-12,-1.866252,123400,OK
2025-11-17,3034,クオールホールディングス,プライム（内国株式）,小売業,2100,2189,2078,2184,68,3.213611,163700,OK
2025-11-17,3035,ケイティケイ,スタンダード（内国株式）,卸売業,619,619,612,615,-4,-0.646204,2700,OK
2025-11-17,3036,アルコニックス,プライム（内国株式）,卸売業,2152,2173,2148,2155,-5,-0.231481,62700,OK
2025-11-17,3038,神戸物産,プライム（内国株式）,卸売業,3805,3904,3801,3904,64,1.666667,1430200,OK
2025-11-17,303A,ｖｉｓｕｍｏ,グロース（内国株式）,情報･通信業,964,1099,938,1078,122,12.761506,84700,OK
2025-11-17,3040,ソリトンシステムズ,プライム（内国株式）,情報･通信業,1840,1859,1804,1807,-40,-2.165674,123400,OK
2025-11-17,3041,ビューティカダンホールディングス,スタンダード（内国株式）,卸売業,456,457,451,453,-2,-0.43956,9600,OK
2025-11-17,3042,セキュアヴェイル,グロース（内国株式）,情報･通信業,329,343,327,332,-29,-8.033241,274600,OK
2025-11-17,3045,カワサキ,スタンダード（内国株式）,卸売業,1404,1404,1397,1397,-7,-0.498575,2200,OK
2025-11-17,3046,ジンズホールディングス,プライム（内国株式）,小売業,6270,6270,6030,6220,-240,-3.71517,386500,OK
2025-11-17,3048,ビックカメラ,プライム（内国株式）,小売業,1551,1556.5,1512,1543,-26.5,-1.688436,945900,OK
2025-11-17,304A,フォルシア,グロース（内国株式）,情報･通信業,2015,2093,1980,1986,-63,-3.074671,5900,OK
2025-11-17,3050,ＤＣＭホールディングス,プライム（内国株式）,小売業,1480,1489,1473,1488,1,0.067249,191800,OK
2025-11-17,3053,ペッパーフードサービス,スタンダード（内国株式）,小売業,181,182,179,180,-1,-0.552486,305900,OK
2025-11-17,3054,ハイパー,スタンダード（内国株式）,卸売業,313,316,273,298,-22,-6.875,84500,OK
2025-11-17,3058,三洋堂ホールディングス,スタンダード（内国株式）,小売業,678,682,678,679,1,0.147493,1200,OK
2025-11-17,3059,ヒラキ,スタンダード（内国株式）,小売業,834,834,833,833,0,0,1100,OK
2025-11-17,305A,ダブルツリー,TOKYO PRO MARKET（内国株式）,小売業,,,,,,,,NO_QUOTE
2025-11-17,3063,ジェイグループホールディングス,グロース（内国株式）,小売業,772,773,768,768,-2,-0.25974,6400,OK
2025-11-17,3064,ＭｏｎｏｔａＲＯ,プライム（内国株式）,小売業,2212,2229,2120,2132,-111,-4.948729,3046900,OK
2025-11-17,3065,ライフフーズ,スタンダード（内国株式）,小売業,1632,1632,1628,1628,-4,-0.245098,500,OK
2025-11-17,3067,東京一番フーズ,スタンダード（内国株式）,小売業,450,453,448,453,-1,-0.220264,30100,OK
2025-11-17,3068,ＷＤＩ,スタンダード（内国株式）,小売業,2999,2999,2995,2999,3,0.100134,4800,OK
2025-11-17,3069,ＪＦＬＡホールディングス,スタンダード（内国株式）,食料品,148,149,146,146,-2,-1.351351,102800,OK
2025-11-17,3070,ジェリービーンズグループ,グロース（内国株式）,卸売業,90,90,85,86,-5,-5.494505,905600,OK
2025-11-17,3071,ストリーム,スタンダード（内国株式）,小売業,106,106,104,105,-1,-0.943396,67200,OK
2025-11-17,3073,ＤＤグループ,プライム（内国株式）,小売業,1689,1689,1688,1688,-1,-0.059207,11000,OK
2025-11-17,3075,銚子丸,スタンダード（内国株式）,小売業,1520,1524,1510,1511,-9,-0.592105,7500,OK
2025-11-17,3076,あい　ホールディングス,プライム（内国株式）,卸売業,2601,2638,2554,2628,-30,-1.128668,228700,OK
2025-11-17,3077,ホリイフードサービス,スタンダード（内国株式）,小売業,588,588,529,565,-39,-6.456954,364100,OK
2025-11-17,3079,ディーブイエックス,スタンダード（内国株式）,卸売業,1215,1224,1151,1169,-65,-5.267423,33900,OK
2025-11-17,307A,ハウジング・スタッフ,TOKYO PRO MARKET（内国株式）,建設業,,,,,,,,NO_QUOTE
2025-11-17,3080,ジェーソン,スタンダード（内国株式）,小売業,747,750,744,745,0,0,5000,OK
2025-11-17,3082,きちりホールディングス,スタンダード（内国株式）,小売業,932,933,924,931,-3,-0.321199,15200,OK
2025-11-17,3083,スターシーズ,スタンダード（内国株式）,小売業,663,663,633,635,-28,-4.223228,102800,OK
2025-11-17,3086,Ｊ．フロント　リテイリング,プライム（内国株式）,小売業,2220.5,2235,2161,2190,-124,-5.358686,4473400,OK
2025-11-17,3087,ドトール・日レスホールディングス,プライム（内国株式）,小売業,2460,2462,2440,2450,-20,-0.809717,129800,OK
2025-11-17,3088,マツキヨココカラ＆カンパニー,プライム（内国株式）,小売業,2790,2830,2672.5,2822.5,-83.5,-2.873365,3088200,OK
2025-11-17,3089,テクノアルファ,スタンダード（内国株式）,卸売業,1295,1298,1266,1269,-26,-2.007722,26800,OK
2025-11-17,308A,ぽすとめいとホールディングス,TOKYO PRO MARKET（内国株式）,サービス業,,,,,,,,NO_QUOTE
2025-11-17,3091,ブロンコビリー,プライム（内国株式）,小売業,3860,3860,3815,3845,-25,-0.645995,36300,OK
2025-11-17,3092,ＺＯＺＯ,プライム（内国株式）,小売業,1286.5,1292.5,1265.5,1282,-11,-0.850735,2434300,OK
2025-11-17,3093,トレジャー・ファクトリー,プライム（内国株式）,小売業,1670,1676,1625,1644,-26,-1.556886,132700,OK
2025-11-17,3094,スーパーバリュー,スタンダード（内国株式）,小売業,793,794,793,793,-1,-0.125945,21900,OK
2025-11-17,3096,オーシャンシステム,スタンダード（内国株式）,小売業,1434,1434,1408,1408,-21,-1.469559,4800,OK
2025-11-17,3097,物語コーポレーション,プライム（内国株式）,小売業,4195,4200,4085,4115,-125,-2.948113,168400,OK
2025-11-17,3099,三越伊勢丹ホールディングス,プライム（内国株式）,小売業,2368.5,2407,2302.5,2333.5,-297.5,-11.307488,10122800,OK
2025-11-17,309A,コスモス調剤,TOKYO PRO MARKET（内国株式）,小売業,,,,,,,,NO_QUOTE
2025-11-17,3101,東洋紡,プライム（内国株式）,化学,1232,1234,1207,1207,-30,-2.425222,386900,OK
2025-11-17,3103,ユニチカ,プライム（内国株式）,繊維製品,275,280,260,270,-3,-1.098901,2899000,OK
2025-11-17,3104,富士紡ホールディングス,プライム（内国株式）,繊維製品,6900,7000,6860,6920,80,1.169591,34200,OK
2025-11-17,3105,日清紡ホールディングス,プライム（内国株式）,電気機器,1235,1241.5,1218.5,1231,0,0,703300,OK
2025-11-17,3106,倉敷紡績,プライム（内国株式）,繊維製品,7010,7040,6930,7000,-10,-0.142653,41700,OK
2025-11-17,3107,ダイワボウホールディングス,プライム（内国株式）,卸売業,2883.5,2927.5,2859,2919,36.5,1.266262,305800,OK
2025-11-17,3109,シキボウ,プライム（内国株式）,繊維製品,1031,1033,1025,1028,-3,-0.29098,30900,OK
2025-11-17,310A,サーティーフォー,TOKYO PRO MARKET（内国株式）,不動産業,,,,,,,,NO_QUOTE
2025-11-17,3110,日東紡績,プライム（内国株式）,ガラス･土石製品,13460,14570,13440,14250,870,6.502242,1479500,OK
2025-11-17,3111,オーミケンシ,スタンダード（内国株式）,繊維製品,269,269,260,261,-8,-2.973978,24300,OK
2025-11-17,3113,ＵＮＩＶＡ・Ｏａｋホールディングス,スタンダード（内国株式）,証券･商品先物取引業,71,71,67,69,-2,-2.816901,904700,OK
2025-11-17,3116,トヨタ紡織,プライム（内国株式）,輸送用機器,2337,2359.5,2321.5,2336,-25,-1.058873,299800,OK
2025-11-17,311A,ＮＰＴ,TOKYO PRO MARKET（内国株式）,医薬品,700,700,700,700,-500,-41.666667,100,OK
2025-11-17,3121,マーチャント・バンカーズ,スタンダード（内国株式）,サービス業,264,264,255,257,-6,-2.281369,172500,OK
2025-11-17,3123,サイボー,スタンダード（内国株式）,繊維製品,621,623,613,618,7,1.145663,4500,OK
2025-11-17,312A,シンコーホールディングス,TOKYO PRO MARKET（内国株式）,建設業,,,,,,,,NO_QUOTE
2025-11-17,3131,シンデン・ハイテックス,スタンダード（内国株式）,卸売業,2755,2775,2694,2708,-44,-1.598837,29900,OK
2025-11-17,3132,マクニカホールディングス,プライム（内国株式）,卸売業,2330,2361.5,2323.5,2340.5,9.5,0.40755,578500,OK
2025-11-17,3133,海帆,グロース（内国株式）,小売業,546,608,546,578,-68,-10.526316,1982100,OK
2025-11-17,3134,Ｈａｍｅｅ,スタンダード（内国株式）,小売業,554,554,537,537,-17,-3.068592,49300,OK
2025-11-17,3135,マーケットエンタープライズ,プライム（内国株式）,小売業,1653,1654,1593,1607,-43,-2.606061,50400,OK
2025-11-17,3137,ファンデリー,グロース（内国株式）,小売業,214,245,188,190,-18,-8.653846,692000,OK
2025-11-17,3138,富士山マガジンサービス,グロース（内国株式）,小売業,1108,1134,1100,1134,-4,-0.351494,6500,OK
2025-11-17,3139,ラクト・ジャパン,プライム（内国株式）,卸売業,3665,3665,3615,3625,-35,-0.956284,96400,OK
2025-11-17,3140,ＢＲＵＮＯ,グロース（内国株式）,卸売業,997,999,997,997,-1,-0.1002,5900,OK
2025-11-17,3141,ウエルシアホールディングス,プライム（内国株式）,小売業,3101,3171,3089,3142,36,1.159047,1034500,OK
2025-11-17,3143,オーウイル,スタンダード（内国株式）,卸売業,723,730,700,730,7,0.968188,15800,OK
2025-11-17,3148,クリエイトＳＤホールディングス,プライム（内国株式）,小売業,3210,3220,3190,3210,-10,-0.310559,92500,OK
2025-11-17,3150,グリムス,プライム（内国株式）,電気･ガス業,2375,2387,2358,2370,0,0,60600,OK
2025-11-17,3151,バイタルケーエスケー・ホールディングス,プライム（内国株式）,卸売業,1275,1286,1255,1273,14,1.111994,199900,OK
2025-11-17,3153,八洲電機,プライム（内国株式）,卸売業,2797,2812,2745,2760,-21,-0.755124,38800,OK
2025-11-17,3154,メディアスホールディングス,プライム（内国株式）,卸売業,820,820,807,812,-3,-0.368098,10400,OK
2025-11-17,3156,レスター,プライム（内国株式）,卸売業,2518,2566,2494,2562,-6,-0.233645,179600,OK
2025-11-17,3157,ジオリーブグループ,スタンダード（内国株式）,卸売業,1399,1400,1394,1394,-5,-0.357398,1900,OK
2025-11-17,3159,丸善ＣＨＩホールディングス,スタンダード（内国株式）,小売業,333,336,333,333,-1,-0.299401,45300,OK
2025-11-17,3160,大光,スタンダード（内国株式）,卸売業,603,608,603,605,1,0.165563,24100,OK
2025-11-17,3161,アゼアス,スタンダード（内国株式）,卸売業,642,642,639,640,-2,-0.311526,4300,OK
2025-11-17,3166,ＯＣＨＩホールディングス,スタンダード（内国株式）,卸売業,1408,1408,1400,1403,1,0.071327,3500,OK
2025-11-17,3167,ＴＯＫＡＩホールディングス,プライム（内国株式）,卸売業,1040,1051,1040,1051,9,0.863724,271600,OK
2025-11-17,3168,ＭＥＲＦ,スタンダード（内国株式）,卸売業,559,562,549,555,-6,-1.069519,18600,OK
2025-11-17,3169,ミサワ,スタンダード（内国株式）,小売業,699,699,696,697,1,0.143678,3600,OK
2025-11-17,3172,ティーライフ,スタンダード（内国株式）,小売業,1152,1155,1151,1154,4,0.347826,2400,OK
2025-11-17,3173,Ｃｏｍｉｎｉｘ,スタンダード（内国株式）,卸売業,878,880,872,874,-15,-1.687289,10800,OK
2025-11-17,3174,ハピネス・アンド・ディ,スタンダード（内国株式）,小売業,607,607,596,596,-13,-2.134647,9500,OK
2025-11-17,3175,エー・ピーホールディングス,スタンダード（内国株式）,小売業,970,973,951,953,-11,-1.141079,15500,OK
2025-11-17,3176,三洋貿易,プライム（内国株式）,卸売業,1527,1531,1511,1516,-11,-0.720367,27900,OK
2025-11-17,3177,ありがとうサービス,スタンダード（内国株式）,小売業,3405,3425,3405,3405,5,0.147059,600,OK
2025-11-17,3178,チムニー,スタンダード（内国株式）,小売業,1220,1229,1213,1229,15,1.235585,24300,OK
2025-11-17,3179,シュッピン,プライム（内国株式）,小売業,1209,1215,1200,1209,6,0.498753,96100,OK
2025-11-17,317A,エス・エム・エス・データテック,TOKYO PRO MARKET（内国株式）,情報･通信業,,,,,,,,NO_QUOTE
2025-11-17,3180,ビューティガレージ,プライム（内国株式）,卸売業,1390,1390,1353,1363,-27,-1.942446,36000,OK
2025-11-17,3181,買取王国,スタンダード（内国株式）,小売業,847,849,833,844,4,0.47619,14300,OK
2025-11-17,3182,オイシックス・ラ・大地,プライム（内国株式）,小売業,1627,1653,1563,1590,-37,-2.274124,271200,OK
2025-11-17,3183,ウイン・パートナーズ,プライム（内国株式）,卸売業,1295,1300,1279,1279,-11,-0.852713,9700,OK
2025-11-17,3184,ＩＣＤＡホールディングス,スタンダード（内国株式）,小売業,4450,4460,4190,4370,-150,-3.318584,1900,OK
2025-11-17,3185,夢展望,グロース（内国株式）,小売業,230,231,226,227,-3,-1.304348,74300,OK
2025-11-17,3186,ネクステージ,プライム（内国株式）,小売業,2632,2680,2618,2680,8,0.299401,522600,OK
2025-11-17,3187,ミラタップ,グロース（内国株式）,小売業,303,303,291,292,-35,-10.703364,76600,OK
2025-11-17,3189,ＡＮＡＰホールディングス,スタンダード（内国株式）,小売業,452,453,425,438,-14,-3.097345,88100,OK
2025-11-17,3190,ホットマン,スタンダード（内国株式）,小売業,571,573,571,572,1,0.175131,600,OK
2025-11-17,3191,ジョイフル本田,プライム（内国株式）,小売業,2067,2078,2056,2073,1,0.048263,92300,OK
2025-11-17,3192,白鳩,スタンダード（内国株式）,小売業,285,306,277,299,19,6.785714,127100,OK
2025-11-17,3193,エターナルホスピタリティグループ,プライム（内国株式）,小売業,3185,3230,3150,3195,-45,-1.388889,80800,OK
2025-11-17,3195,ジェネレーションパス,グロース（内国株式）,小売業,553,570,536,568,19,3.460838,227400,OK
2025-11-17,3196,ホットランドホールディングス,プライム（内国株式）,小売業,2100,2127,2085,2127,54,2.60492,90800,OK
2025-11-17,3197,すかいらーくホールディングス,プライム（内国株式）,小売業,3230,3231,3141,3213,-12,-0.372093,2180000,OK
2025-11-17,3198,ＳＦＰホールディングス,プライム（内国株式）,小売業,2023,2034,1988,2001,-42,-2.0558,86000,OK
2025-11-17,3199,綿半ホールディングス,プライム（内国株式）,小売業,1440,1446,1431,1431,-4,-0.278746,30400,OK
2025-11-17,319A,技術承継機構,グロース（内国株式）,金属製品,9070,9700,8960,9700,630,6.945976,73400,OK
2025-11-17,3201,日本毛織,プライム（内国株式）,繊維製品,1661,1668,1650,1657,-4,-0.240819,66500,OK
2025-11-17,3202,ダイトウボウ,スタンダード（内国株式）,繊維製品,111,111,110,110,-1,-0.900901,32400,OK
2025-11-17,3204,トーア紡コーポレーション,スタンダード（内国株式）,繊維製品,498,498,489,490,-9,-1.803607,27900,OK
2025-11-17,3205,ダイドーリミテッド,スタンダード（内国株式）,繊維製品,1072,1090,1065,1090,20,1.869159,410800,OK
2025-11-17,320A,Ｄ＆Ｉ,TOKYO PRO MARKET（内国株式）,サービス業,,,,,,,,NO_QUOTE
2025-11-17,321A,ヒューマンステージホールディングス,TOKYO PRO MARKET（内国株式）,サービス業,,,,,,,,NO_QUOTE
2025-11-17,3221,ヨシックスホールディングス,プライム（内国株式）,小売業,2900,2932,2883,2932,32,1.103448,43800,OK
2025-11-17,3222,ユナイテッド・スーパーマーケット・ホールディングス,スタンダード（内国株式）,小売業,855,861,849,858,3,0.350877,232600,OK
2025-11-17,3223,エスエルディー,スタンダード（内国株式）,小売業,1045,1045,998,1010,-27,-2.603664,24100,OK
2025-11-17,3224,ゼネラル・オイスター,グロース（内国株式）,小売業,647,647,603,617,-27,-4.192547,3700,OK
2025-11-17,322A,ヒメジ理化,TOKYO PRO MARKET（内国株式）,ガラス･土石製品,,,,,,,,NO_QUOTE
2025-11-17,3231,野村不動産ホールディングス,プライム（内国株式）,不動産業,919.5,924.7,907.5,914.1,-12.5,-1.349018,2085500,OK
2025-11-17,3232,三重交通グループホールディングス,プライム（内国株式）,不動産業,531,532,522,522,-9,-1.694915,98300,OK
2025-11-17,3236,プロパスト,スタンダード（内国株式）,不動産業,277,278,264,265,-13,-4.676259,275900,OK
2025-11-17,3237,イントランス,グロース（内国株式）,不動産業,77,78,72,73,-12,-14.117647,881300,OK
2025-11-17,3238,セントラル総合開発,スタンダード（内国株式）,不動産業,417,417,410,413,-4,-0.959233,15100,OK
2025-11-17,323A,フライヤー,グロース（内国株式）,情報･通信業,565,565,536,536,-9,-1.651376,15000,OK
2025-11-17,3241,ウィル,スタンダード（内国株式）,不動産業,570,575,555,575,6,1.054482,18000,OK
2025-11-17,3242,アーバネットコーポレーション,スタンダード（内国株式）,不動産業,604,607,597,604,0,0,137000,OK
2025-11-17,3245,ディア・ライフ,プライム（内国株式）,不動産業,1200,1212,1143,1166,21,1.834061,550100,OK
2025-11-17,3246,コーセーアールイー,スタンダード（内国株式）,不動産業,710,710,706,709,2,0.282885,3100,OK
2025-11-17,3248,アールエイジ,スタンダード（内国株式）,不動産業,833,833,831,833,-4,-0.477897,2500,OK
2025-11-17,324A,ブッキングリゾート,グロース（内国株式）,サービス業,1152,1160,1093,1098,-54,-4.6875,77000,OK
2025-11-17,3252,地主,プライム（内国株式）,不動産業,2918,2918,2860,2896,-28,-0.957592,130700,OK
2025-11-17,325A,ＴＥＮＴＩＡＬ,グロース（内国株式）,繊維製品,4275,4315,4200,4250,-70,-1.62037,126500,OK
2025-11-17,3261,グランディーズ,グロース（内国株式）,不動産業,1170,1170,1162,1164,-1,-0.085837,5800,OK
2025-11-17,3266,ファンドクリエーショングループ,スタンダード（内国株式）,不動産業,93,93,89,89,-3,-3.26087,106700,OK
2025-11-17,3267,フィル・カンパニー,スタンダード（内国株式）,建設業,953,953,919,923,-30,-3.147954,25300,OK
2025-11-17,326A,ａｅｒｏ　ｌａｂ　ｉｎｔｅｒｎａｔｉｏｎａｌ,TOKYO PRO MARKET（内国株式）,卸売業,,,,,,,,NO_QUOTE
2025-11-17,3271,ＴＨＥグローバル社,スタンダード（内国株式）,不動産業,926,927,907,907,-29,-3.098291,55500,OK
2025-11-17,3276,ＪＰＭＣ,プライム（内国株式）,不動産業,1277,1277,1260,1260,-7,-0.552486,18700,OK
2025-11-17,3277,サンセイランディック,スタンダード（内国株式）,不動産業,1412,1426,1366,1390,-21,-1.488306,15600,OK
2025-11-17,3280,エストラスト,スタンダード（内国株式）,不動産業,1068,1068,1034,1057,-11,-1.029963,9500,OK
2025-11-17,3284,フージャースホールディングス,プライム（内国株式）,不動産業,1284,1297,1259,1292,-10,-0.768049,309800,OK
2025-11-17,3286,トラストホールディングス,スタンダード（内国株式）,不動産業,893,903,892,892,-1,-0.111982,3900,OK
2025-11-17,3288,オープンハウスグループ,プライム（内国株式）,不動産業,8436,9117,8353,8969,982,12.294979,1010000,OK
2025-11-17,3289,東急不動産ホールディングス,プライム（内国株式）,不動産業,1366.5,1378.5,1358,1376,0.5,0.03635,2246400,OK
2025-11-17,3291,飯田グループホールディングス,プライム（内国株式）,不動産業,2367,2379.5,2352.5,2378,10,0.422297,358000,OK
2025-11-17,3293,アズマハウス,スタンダード（内国株式）,不動産業,768,774,750,764,-4,-0.520833,15300,OK
2025-11-17,3294,イーグランド,スタンダード（内国株式）,不動産業,1929,1929,1901,1908,-21,-1.088647,7400,OK
2025-11-17,3297,東武住販,スタンダード（内国株式）,不動産業,1133,1139,1130,1130,-5,-0.440529,1500,OK
2025-11-17,3299,ムゲンエステート,スタンダード（内国株式）,不動産業,1936,1940,1877,1890,-46,-2.376033,409100,OK
2025-11-17,329A,ジールアソシエイツ,TOKYO PRO MARKET（内国株式）,サービス業,,,,,,,,NO_QUOTE
2025-11-17,3300,アンビション　ＤＸ　ホールディングス,グロース（内国株式）,不動産業,2300,2442,2200,2440,-1,-0.040967,213800,OK
2025-11-17,3302,帝国繊維,プライム（内国株式）,繊維製品,3590,3590,3535,3565,0,0,19500,OK
2025-11-17,3306,日本製麻,スタンダード（内国株式）,卸売業,702,709,697,706,2,0.284091,2900,OK
2025-11-17,330A,ＴａｌｅｎｔＸ,グロース（内国株式）,情報･通信業,1050,1050,1010,1040,3,0.289296,113700,OK
2025-11-17,3315,日本コークス工業,プライム（内国株式）,石油･石炭製品,104,106,103,106,2,1.923077,7302400,OK
2025-11-17,3317,フライングガーデン,スタンダード（内国株式）,小売業,1428,1431,1417,1431,-11,-0.762829,1300,OK
2025-11-17,331A,メディックス,スタンダード（内国株式）,サービス業,515,515,504,506,-7,-1.364522,24800,OK
2025-11-17,3320,クロスプラス,スタンダード（内国株式）,卸売業,1320,1320,1305,1309,-11,-0.833333,4500,OK
2025-11-17,3321,ミタチ産業,スタンダード（内国株式）,卸売業,1688,1717,1688,1717,29,1.718009,34800,OK
2025-11-17,3323,レカム,スタンダード（内国株式）,卸売業,90,91,86,88,-2,-2.222222,2250900,OK
2025-11-17,3326,ランシステム,スタンダード（内国株式）,サービス業,627,627,621,622,-4,-0.638978,8300,OK
2025-11-17,3329,東和フードサービス,スタンダード（内国株式）,小売業,2039,2043,2029,2029,-10,-0.490436,4000,OK
2025-11-17,332A,ミーク,グロース（内国株式）,情報･通信業,850,850,819,840,-10,-1.176471,175600,OK
2025-11-17,3333,あさひ,プライム（内国株式）,小売業,1331,1331,1318,1319,-12,-0.901578,45100,OK
2025-11-17,333A,テクノスマイル,TOKYO PRO MARKET（内国株式）,サービス業,,,,,,,,NO_QUOTE
2025-11-17,3341,日本調剤,プライム（内国株式）,小売業,3905,3910,3905,3905,0,0,38400,OK
2025-11-17,3349,コスモス薬品,プライム（内国株式）,小売業,7358,7493,7311,7450,59,0.798268,425000,OK
2025-11-17,334A,ビジュアル・プロセッシング・ジャパン,グロース（内国株式）,情報･通信業,1546,1558,1513,1558,25,1.630789,13100,OK
2025-11-17,3350,メタプラネット,スタンダード（内国株式）,卸売業,378,389,361,383,-17,-4.25,30235400,OK
2025-11-17,3352,バッファロー,スタンダード（内国株式）,小売業,1520,1520,1515,1516,-4,-0.263158,900,OK
2025-11-17,3353,メディカル一光グループ,スタンダード（内国株式）,小売業,2725,2726,2670,2670,-54,-1.982379,6300,OK
2025-11-17,3355,クリヤマホールディングス,スタンダード（内国株式）,卸売業,1620,1620,1602,1607,-11,-0.679852,27500,OK
2025-11-17,3358,ワイエスフード,スタンダード（内国株式）,小売業,91,91,90,90,-2,-2.173913,21000,OK
2025-11-17,3359,ｃｏｔｔａ,グロース（内国株式）,卸売業,500,502,470,475,-75,-13.636364,319100,OK
2025-11-17,335A,ミライロ,グロース（内国株式）,情報･通信業,451,473,444,445,-8,-1.766004,52900,OK
2025-11-17,3360,シップヘルスケアホールディングス,プライム（内国株式）,卸売業,2567,2639.5,2540,2612.5,50,1.95122,452200,OK
2025-11-17,3361,トーエル,スタンダード（内国株式）,小売業,814,817,804,816,7,0.865266,3200,OK
2025-11-17,336A,ダイナミックマッププラットフォーム,グロース（内国株式）,情報･通信業,844,870,833,870,31,3.694875,290900,OK
2025-11-17,3370,フジタコーポレーション,スタンダード（内国株式）,小売業,395,395,372,372,-24,-6.060606,52600,OK
2025-11-17,3371,ソフトクリエイトホールディングス,プライム（内国株式）,情報･通信業,2102,2102,2064,2080,-1,-0.048054,12700,OK
2025-11-17,3372,関門海,スタンダード（内国株式）,小売業,235,236,235,235,-2,-0.843882,17600,OK
2025-11-17,3374,内外テック,スタンダード（内国株式）,卸売業,2095,2100,2071,2087,-23,-1.090047,5700,OK
2025-11-17,3375,ＺＯＡ,スタンダード（内国株式）,小売業,1668,1669,1651,1651,19,1.164216,600,OK
2025-11-17,3377,バイク王＆カンパニー,スタンダード（内国株式）,卸売業,414,415,410,414,3,0.729927,16100,OK
2025-11-17,3382,セブン＆アイ・ホールディングス,プライム（内国株式）,小売業,2013,2039.5,1994.5,2036,-3,-0.147131,8324200,OK
2025-11-17,3386,コスモ・バイオ,スタンダード（内国株式）,卸売業,1310,1439,1268,1439,88,6.513694,365500,OK
2025-11-17,3387,クリエイト・レストランツ・ホールディングス,プライム（内国株式）,小売業,765,766,752,752,-13,-1.699346,892300,OK
2025-11-17,3388,明治電機工業,プライム（内国株式）,卸売業,2314,2314,2255,2270,-38,-1.646447,22900,OK
2025-11-17,338A,ＺｅｎｍｕＴｅｃｈ,グロース（内国株式）,情報･通信業,6190,6630,6050,6580,420,6.818182,83200,OK
2025-11-17,3391,ツルハホールディングス,プライム（内国株式）,小売業,2742.5,2768.5,2698.5,2753,38,1.399632,2297900,OK
2025-11-17,3392,デリカフーズホールディングス,スタンダード（内国株式）,卸売業,850,854,825,825,-22,-2.597403,84900,OK
2025-11-17,3393,スターティアホールディングス,プライム（内国株式）,卸売業,2656,2659,2612,2616,-32,-1.208459,35500,OK
2025-11-17,3395,サンマルクホールディングス,プライム（内国株式）,小売業,2666,2666,2568,2580,-101,-3.767251,194000,OK
2025-11-17,3396,フェリシモ,スタンダード（内国株式）,小売業,870,870,861,861,-2,-0.23175,6200,OK
2025-11-17,3397,トリドールホールディングス,プライム（内国株式）,小売業,4398,4415,4265,4307,-92,-2.091384,681500,OK
2025-11-17,3399,丸千代山岡家,スタンダード（内国株式）,小売業,2967,2967,2791,2865,-102,-3.437816,273100,OK
2025-11-17,339A,プログレス・テクノロジーズ　グループ,グロース（内国株式）,サービス業,1174,1174,1127,1128,-31,-2.67472,21400,OK
2025-11-17,3401,帝人,プライム（内国株式）,繊維製品,1286,1300,1268.5,1268.5,-24.5,-1.894818,661900,OK
2025-11-17,3402,東レ,プライム（内国株式）,繊維製品,1026,1028,1001,1011.5,-27.5,-2.646776,8956900,OK
2025-11-17,3405,クラレ,プライム（内国株式）,化学,1580,1584.5,1555,1561.5,-30.5,-1.915829,2539900,OK
2025-11-17,3407,旭化成,プライム（内国株式）,化学,1284,1290,1278,1282.5,1.5,0.117096,3368800,OK
2025-11-17,3409,北紡,スタンダード（内国株式）,繊維製品,147,147,136,136,-14,-9.333333,98100,OK
2025-11-17,340A,ジグザグ,グロース（内国株式）,情報･通信業,412,420,400,415,3,0.728155,166800,OK
2025-11-17,3415,ＴＯＫＹＯ　ＢＡＳＥ,プライム（内国株式）,小売業,436,438,401,402,-48,-10.666667,1261800,OK
2025-11-17,3416,ピクスタ,グロース（内国株式）,小売業,1023,1023,990,1001,-12,-1.1846,10400,OK
2025-11-17,3417,大木ヘルスケアホールディングス,スタンダード（内国株式）,卸売業,1420,1428,1420,1427,7,0.492958,4400,OK
2025-11-17,3418,バルニバービ,グロース（内国株式）,小売業,1065,1067,1063,1064,-4,-0.374532,28900,OK
2025-11-17,341A,トヨコー,グロース（内国株式）,建設業,2501,2537,2295,2304,-196,-7.84,258100,OK
2025-11-17,3420,ケー・エフ・シー,スタンダード（内国株式）,金属製品,1586,1586,1564,1564,-22,-1.387137,1900,OK
2025-11-17,3421,稲葉製作所,スタンダード（内国株式）,金属製品,1581,1604,1581,1602,18,1.136364,14200,OK
2025-11-17,3422,Ｊ−ＭＡＸ,スタンダード（内国株式）,金属製品,431,431,404,413,-13,-3.051643,29000,OK
2025-11-17,3423,エスイー,スタンダード（内国株式）,金属製品,262,263,260,261,-1,-0.381679,31800,OK
2025-11-17,3426,アトムリビンテック,スタンダード（内国株式）,金属製品,,,,,,,,NO_QUOTE
2025-11-17,3431,宮地エンジニアリンググループ,プライム（内国株式）,金属製品,1962,1964,1927,1931,-28,-1.429301,91900,OK
2025-11-17,3433,トーカロ,プライム（内国株式）,金属製品,2120,2125,2098,2103,-15,-0.708215,228200,OK
2025-11-17,3434,アルファ,スタンダード（内国株式）,金属製品,1162,1163,1154,1156,2,0.17331,3400,OK
2025-11-17,3435,サンコーテクノ,スタンダード（内国株式）,金属製品,1258,1258,1234,1252,-2,-0.15949,4300,OK
2025-11-17,3436,ＳＵＭＣＯ,プライム（内国株式）,金属製品,1304,1310,1248,1310,5.5,0.421617,10412600,OK
2025-11-17,3437,特殊電極,スタンダード（内国株式）,金属製品,2765,2766,2765,2766,-20,-0.717875,300,OK
2025-11-17,3439,三ツ知,スタンダード（内国株式）,金属製品,617,617,617,617,0,0,1500,OK
2025-11-17,343A,ＩＡＣＥトラベル,スタンダード（内国株式）,サービス業,1696,1720,1609,1644,28,1.732673,154600,OK
2025-11-17,3440,日創グループ,スタンダード（内国株式）,金属製品,966,970,938,944,-15,-1.564129,7400,OK
2025-11-17,3441,山王,スタンダード（内国株式）,金属製品,965,975,965,975,5,0.515464,6000,OK
2025-11-17,3443,川田テクノロジーズ,プライム（内国株式）,金属製品,3855,3880,3805,3855,-15,-0.387597,71800,OK
2025-11-17,3444,菊池製作所,スタンダード（内国株式）,金属製品,349,349,340,343,-5,-1.436782,19100,OK
2025-11-17,3445,ＲＳ　Ｔｅｃｈｎｏｌｏｇｉｅｓ,プライム（内国株式）,金属製品,3855,3890,3705,3885,0,0,220300,OK
2025-11-17,3446,ジェイテックコーポレーション,スタンダード（内国株式）,金属製品,1342,1411,1325,1369,27,2.011923,34700,OK
2025-11-17,3447,信和,スタンダード（内国株式）,金属製品,892,892,874,880,-13,-1.455767,33000,OK
2025-11-17,3448,清鋼材,TOKYO PRO MARKET（内国株式）,金属製品,,,,,,,,NO_QUOTE
2025-11-17,3449,テクノフレックス,スタンダード（内国株式）,金属製品,1856,1860,1829,1846,-8,-0.431499,45900,OK
2025-11-17,3450,サトウ産業,TOKYO PRO MARKET（内国株式）,金属製品,,,,,,,,NO_QUOTE
2025-11-17,3452,ビーロット,スタンダード（内国株式）,不動産業,1618,1618,1533,1544,-194,-11.162255,532100,OK
2025-11-17,3454,ファーストブラザーズ,スタンダード（内国株式）,不動産業,1234,1237,1213,1231,-7,-0.565428,35800,OK
2025-11-17,3457,Ａｎｄ　Ｄｏホールディングス,プライム（内国株式）,不動産業,1037,1043,1027,1042,5,0.48216,56500,OK
2025-11-17,3461,パルマ,スタンダード（内国株式）,不動産業,522,526,510,513,-9,-1.724138,11400,OK
2025-11-17,3465,ケイアイスター不動産,プライム（内国株式）,不動産業,5630,5680,5480,5590,-70,-1.236749,69400,OK
2025-11-17,3467,アグレ都市デザイン,スタンダード（内国株式）,不動産業,2365,2380,2280,2290,-22,-0.951557,12800,OK
2025-11-17,3469,デュアルタップ,スタンダード（内国株式）,不動産業,901,905,899,902,-8,-0.879121,12300,OK
2025-11-17,3474,Ｇ−ＦＡＣＴＯＲＹ,グロース（内国株式）,不動産業,635,643,635,643,8,1.259843,8500,OK
2025-11-17,3475,グッドコムアセット,プライム（内国株式）,不動産業,1320,1325,1278,1292,-34,-2.564103,199900,OK
2025-11-17,3477,フォーライフ,グロース（内国株式）,不動産業,854,856,853,856,1,0.116959,2800,OK
2025-11-17,3479,ティーケーピー,グロース（内国株式）,不動産業,1725,1725,1671,1684,-41,-2.376812,152600,OK
2025-11-17,347A,ＧＲＯＷＴＨ　ＰＯＷＥＲ,TOKYO PRO MARKET（内国株式）,卸売業,,,,,,,,NO_QUOTE
2025-11-17,3480,ジェイ・エス・ビー,プライム（内国株式）,不動産業,3680,3715,3630,3700,20,0.543478,15200,OK
2025-11-17,3482,ロードスターキャピタル,プライム（内国株式）,不動産業,3025,3030,2954,2970,-60,-1.980198,117800,OK
2025-11-17,3483,翔栄,TOKYO PRO MARKET（内国株式）,不動産業,,,,,,,,NO_QUOTE
2025-11-17,3484,イノベーションホールディングス,プライム（内国株式）,不動産業,1114,1117,1095,1097,-7,-0.634058,6100,OK
2025-11-17,3486,グローバル・リンク・マネジメント,プライム（内国株式）,不動産業,2556,2590,2388,2423,-167,-6.447876,311200,OK
2025-11-17,3489,フェイスネットワーク,スタンダード（内国株式）,不動産業,835,843,808,817,-32,-3.76914,123800,OK
2025-11-17,3490,アズ企画設計,スタンダード（内国株式）,不動産業,2866,2866,2811,2860,28,0.988701,1700,OK
2025-11-17,3491,ＧＡ　ｔｅｃｈｎｏｌｏｇｉｅｓ,グロース（内国株式）,不動産業,2096,2101,1964,2006,-90,-4.293893,192300,OK
2025-11-17,3494,マリオン,スタンダード（内国株式）,不動産業,383,383,369,370,-5,-1.333333,18500,OK
2025-11-17,3495,香陵住販,スタンダード（内国株式）,不動産業,2422,2430,2422,2428,0,0,1200,OK
2025-11-17,3496,アズーム,プライム（内国株式）,不動産業,5410,5440,5080,5320,-100,-1.845018,169100,OK
2025-11-17,3498,霞ヶ関キャピタル,プライム（内国株式）,不動産業,8480,8510,8250,8400,-160,-1.869159,625400,OK
2025-11-17,3501,ＳＵＭＩＮＯＥ,プライム（内国株式）,繊維製品,1239,1239,1230,1232,-7,-0.564972,7800,OK
2025-11-17,350A,デジタルグリッド,グロース（内国株式）,電気･ガス業,802,839,797,838,37,4.619226,493800,OK
2025-11-17,3512,日本フエルト,スタンダード（内国株式）,繊維製品,611,611,605,606,-11,-1.78282,8500,OK
2025-11-17,3513,イチカワ,スタンダード（内国株式）,繊維製品,2229,2245,2178,2215,86,4.039455,9700,OK
2025-11-17,351A,アクシスＩＴパートナーズ,TOKYO PRO MARKET（内国株式）,情報･通信業,,,,,,,,NO_QUOTE
2025-11-17,3521,テルマー湯ホールディングス,スタンダード（内国株式）,サービス業,156,158,154,154,0,0,76900,OK
2025-11-17,3524,日東製網,スタンダード（内国株式）,繊維製品,1570,1574,1561,1571,2,0.12747,4500,OK
2025-11-17,3526,芦森工業,スタンダード（内国株式）,輸送用機器,4110,4120,4100,4100,-10,-0.243309,25800,OK
2025-11-17,3529,アツギ,スタンダード（内国株式）,繊維製品,1136,1150,1118,1136,8,0.70922,169000,OK
2025-11-17,352A,ＬＯＩＶＥ,グロース（内国株式）,サービス業,1020,1045,903,928,-42,-4.329897,445400,OK
2025-11-17,3536,アクサスホールディングス,スタンダード（内国株式）,小売業,128,130,127,129,1,0.78125,37300,OK
2025-11-17,3537,昭栄薬品,スタンダード（内国株式）,卸売業,1525,1534,1517,1520,-5,-0.327869,3100,OK
2025-11-17,3538,ウイルプラスホールディングス,スタンダード（内国株式）,小売業,1026,1026,1010,1011,-13,-1.269531,25800,OK
2025-11-17,3539,ＪＭホールディングス,プライム（内国株式）,小売業,1550,1560,1532,1551,-6,-0.385356,50100,OK
2025-11-17,3540,歯愛メディカル,スタンダード（内国株式）,卸売業,1492,1492,1492,1492,0,0,1800,OK
2025-11-17,3541,農業総合研究所,グロース（内国株式）,卸売業,470,474,465,474,5,1.066098,99300,OK
2025-11-17,3542,ベガコーポレーション,グロース（内国株式）,小売業,1677,1692,1579,1616,-61,-3.637448,56000,OK
2025-11-17,3543,コメダホールディングス,プライム（内国株式）,卸売業,2976,2985,2961,2983,1,0.033535,149900,OK
2025-11-17,3544,サツドラホールディングス,スタンダード（内国株式）,小売業,815,815,806,811,-1,-0.123153,8600,OK
2025-11-17,3546,アレンザホールディングス,プライム（内国株式）,小売業,1057,1057,1041,1043,-16,-1.510859,47800,OK
2025-11-17,3547,串カツ田中ホールディングス,スタンダード（内国株式）,小売業,2210,2212,2175,2175,-15,-0.684932,83600,OK
2025-11-17,3548,バロックジャパンリミテッド,プライム（内国株式）,小売業,756,757,750,751,-7,-0.923483,59400,OK
2025-11-17,3549,クスリのアオキホールディングス,プライム（内国株式）,小売業,3914,3928,3861,3893,-50,-1.26807,153400,OK
2025-11-17,3550,スタジオアタオ,グロース（内国株式）,小売業,202,202,200,200,-2,-0.990099,11500,OK
2025-11-17,3551,ダイニック,スタンダード（内国株式）,繊維製品,982,982,968,971,-11,-1.120163,12000,OK
2025-11-17,3553,共和レザー,スタンダード（内国株式）,化学,871,877,869,877,6,0.688863,40600,OK
2025-11-17,3556,リネットジャパングループ,グロース（内国株式）,小売業,985,1015,972,1015,33,3.360489,110500,OK
2025-11-17,3557,ユナイテッド＆コレクティブ,グロース（内国株式）,小売業,950,950,945,945,-2,-0.211193,5300,OK
2025-11-17,3558,ジェイドグループ,グロース（内国株式）,小売業,1499,1515,1460,1515,45,3.061224,169600,OK
2025-11-17,3559,ピーバンドットコム,スタンダード（内国株式）,卸売業,505,520,496,503,1,0.199203,31300,OK
2025-11-17,355A,ナウビレッジ,TOKYO PRO MARKET（内国株式）,サービス業,,,,,,,,NO_QUOTE
2025-11-17,3560,ほぼ日,スタンダード（内国株式）,小売業,3190,3190,3100,3100,-120,-3.726708,4100,OK
2025-11-17,3561,力の源ホールディングス,プライム（内国株式）,小売業,1380,1380,1353,1361,-15,-1.090116,126700,OK
2025-11-17,3562,Ｎｏ．１,スタンダード（内国株式）,卸売業,2252,2259,2201,2201,-19,-0.855856,35700,OK
2025-11-17,3563,ＦＯＯＤ　＆　ＬＩＦＥ　ＣＯＭＰＡＮＩＥＳ,プライム（内国株式）,小売業,7002,7090,6644,6763,-1075,-13.715233,6645200,OK
2025-11-17,3565,アセンテック,スタンダード（内国株式）,卸売業,1376,1392,1355,1384,1,0.072307,114400,OK
2025-11-17,3566,ユニフォームネクスト,グロース（内国株式）,小売業,656,662,654,656,-3,-0.455235,8300,OK
2025-11-17,3569,セーレン,プライム（内国株式）,繊維製品,3115,3115,3015,3050,-85,-2.711324,118300,OK
2025-11-17,3571,ソトー,スタンダード（内国株式）,繊維製品,772,778,770,772,-2,-0.258398,7600,OK
2025-11-17,3577,東海染工,スタンダード（内国株式）,繊維製品,894,894,883,883,1,0.113379,2700,OK
2025-11-17,357A,エフアンドエフ,TOKYO PRO MARKET（内国株式）,小売業,,,,,,,,NO_QUOTE
2025-11-17,3580,小松マテーレ,プライム（内国株式）,繊維製品,821,837,818,830,9,1.096224,87600,OK
2025-11-17,3583,オーベクス,スタンダード（内国株式）,繊維製品,1301,1310,1301,1310,19,1.471727,500,OK
2025-11-17,358A,ゼン・ランド,TOKYO PRO MARKET（内国株式）,不動産業,,,,,,,,NO_QUOTE
2025-11-17,3591,ワコールホールディングス,プライム（内国株式）,繊維製品,5081,5108,5008,5077,-18,-0.353288,144900,OK
2025-11-17,3593,ホギメディカル,プライム（内国株式）,繊維製品,5520,5700,5520,5670,140,2.531646,172900,OK
2025-11-17,3597,自重堂,スタンダード（内国株式）,繊維製品,9340,9440,9340,9350,10,0.107066,1300,OK
2025-11-17,3598,山喜,スタンダード（内国株式）,繊維製品,173,173,168,169,-9,-5.05618,32800,OK
2025-11-17,359A,ＮＥＸＴ　ＳＴＡＧＥ,TOKYO PRO MARKET（内国株式）,サービス業,,,,,,,,NO_QUOTE
2025-11-17,3600,フジックス,スタンダード（内国株式）,繊維製品,,,,,,,,NO_QUOTE
2025-11-17,3607,クラウディアホールディングス,スタンダード（内国株式）,繊維製品,323,323,320,320,-3,-0.928793,8100,OK
2025-11-17,3608,ＴＳＩホールディングス,プライム（内国株式）,繊維製品,963,987,958,984,20,2.074689,342600,OK
2025-11-17,3611,マツオカコーポレーション,スタンダード（内国株式）,繊維製品,2367,2370,2311,2353,-9,-0.381033,46000,OK
2025-11-17,3612,ワールド,プライム（内国株式）,繊維製品,2900,2900,2845,2890,39,1.367941,180500,OK
2025-11-17,361A,リビングハウス,TOKYO PRO MARKET（内国株式）,小売業,,,,,,,,NO_QUOTE
2025-11-17,3622,ネットイヤーグループ,グロース（内国株式）,情報･通信業,587,603,587,597,7,1.186441,4100,OK
2025-11-17,3623,ビリングシステム,グロース（内国株式）,情報･通信業,1067,1080,1023,1035,-62,-5.651778,63900,OK
2025-11-17,3624,アクセルマーク,グロース（内国株式）,情報･通信業,103,103,93,95,-9,-8.653846,1405900,OK
2025-11-17,3625,テックファームホールディングス,グロース（内国株式）,情報･通信業,695,695,644,656,-69,-9.517241,214500,OK
2025-11-17,3626,ＴＩＳ,プライム（内国株式）,情報･通信業,5120,5204,5066,5204,34,0.65764,448200,OK
2025-11-17,3627,テクミラホールディングス,スタンダード（内国株式）,情報･通信業,290,293,288,289,-1,-0.344828,15800,OK
2025-11-17,3628,データホライゾン,グロース（内国株式）,情報･通信業,540,548,527,548,-2,-0.363636,10100,OK
2025-11-17,362A,エクシオホールディングス,TOKYO PRO MARKET（内国株式）,サービス業,,,,,,,,NO_QUOTE
2025-11-17,3632,グリーホールディングス,プライム（内国株式）,情報･通信業,397,399,393,396,-3,-0.75188,765700,OK
2025-11-17,3633,ＧＭＯペパボ,スタンダード（内国株式）,情報･通信業,2212,2248,2190,2219,9,0.40724,26500,OK
2025-11-17,3634,ソケッツ,スタンダード（内国株式）,情報･通信業,724,724,704,704,-20,-2.762431,4000,OK
2025-11-17,3635,コーエーテクモホールディングス,プライム（内国株式）,情報･通信業,2124.5,2150,2106.5,2137.5,4,0.187485,978500,OK
2025-11-17,3636,三菱総合研究所,プライム（内国株式）,情報･通信業,5050,5090,5000,5020,-10,-0.198807,27000,OK
2025-11-17,3639,ボルテージ,スタンダード（内国株式）,情報･通信業,257,258,250,253,-3,-1.171875,32900,OK
2025-11-17,3640,電算,スタンダード（内国株式）,情報･通信業,3315,3360,3300,3360,15,0.44843,12200,OK
2025-11-17,3641,パピレス,スタンダード（内国株式）,情報･通信業,942,945,941,941,-1,-0.106157,6300,OK
2025-11-17,3645,メディカルネット,グロース（内国株式）,情報･通信業,303,303,300,301,-2,-0.660066,7500,OK
2025-11-17,3646,駅探,グロース（内国株式）,情報･通信業,327,327,324,327,0,0,1200,OK
2025-11-17,3647,ジー・スリーホールディングス,スタンダード（内国株式）,情報･通信業,134,137,132,136,1,0.740741,83900,OK
2025-11-17,3648,ＡＧＳ,スタンダード（内国株式）,情報･通信業,1362,1383,1358,1371,6,0.43956,22400,OK
2025-11-17,3649,ファインデックス,プライム（内国株式）,情報･通信業,900,906,894,896,-5,-0.554939,63200,OK
2025-11-17,3652,ディジタルメディアプロフェッショナル,グロース（内国株式）,情報･通信業,2315,2315,2241,2293,-16,-0.692941,32000,OK
2025-11-17,3653,モルフォ,グロース（内国株式）,情報･通信業,906,910,893,894,-16,-1.758242,12600,OK
2025-11-17,3655,ブレインパッド,プライム（内国株式）,情報･通信業,2695,2697,2694,2696,1,0.037106,702600,OK
2025-11-17,3656,ＫＬａｂ,プライム（内国株式）,情報･通信業,221,234,218,233,18,8.372093,3587500,OK
2025-11-17,3657,ポールトゥウィンホールディングス,プライム（内国株式）,情報･通信業,332,333,327,329,1,0.304878,229500,OK
2025-11-17,3659,ネクソン,プライム（内国株式）,情報･通信業,3681,3755,3642,3653,-76,-2.03808,1574500,OK
2025-11-17,365A,伊澤タオル,スタンダード（内国株式）,繊維製品,585,585,576,577,-4,-0.688468,67600,OK
2025-11-17,3660,アイスタイル,プライム（内国株式）,情報･通信業,476,478,452,455,-16,-3.397028,2262600,OK
2025-11-17,3661,エムアップホールディングス,プライム（内国株式）,情報･通信業,1900,1900,1723,1738,-109,-5.901462,1105000,OK
2025-11-17,3662,エイチームホールディングス,プライム（内国株式）,情報･通信業,1099,1100,1087,1096,-1,-0.091158,48700,OK
2025-11-17,3663,セルシス,プライム（内国株式）,情報･通信業,1737,1737,1678,1687,70,4.329004,450900,OK
2025-11-17,3664,モブキャストホールディングス,グロース（内国株式）,情報･通信業,40,42,38,40,-3,-6.976744,8187700,OK
2025-11-17,3665,エニグモ,プライム（内国株式）,情報･通信業,410,411,397,398,-11,-2.689487,503700,OK
2025-11-17,3667,ｅｎｉｓｈ,スタンダード（内国株式）,情報･通信業,83,84,80,82,-3,-3.529412,828200,OK
2025-11-17,3668,コロプラ,プライム（内国株式）,情報･通信業,452,454,441,441,-11,-2.433628,177200,OK
2025-11-17,366A,ウェルネス・コミュニケーションズ,グロース（内国株式）,サービス業,2752,2827,2505,2565,-387,-13.109756,205100,OK
2025-11-17,3670,協立情報通信,スタンダード（内国株式）,情報･通信業,2035,2035,1985,1992,-38,-1.871921,4200,OK
2025-11-17,3671,ソフトマックス,グロース（内国株式）,情報･通信業,370,370,334,353,-21,-5.614973,301300,OK
2025-11-17,3672,オルトプラス,スタンダード（内国株式）,情報･通信業,68,69,64,64,-5,-7.246377,928500,OK
2025-11-17,3673,ブロードリーフ,プライム（内国株式）,情報･通信業,717,720,705,714,-3,-0.41841,325800,OK
2025-11-17,3674,オークファン,グロース（内国株式）,情報･通信業,342,343,340,340,-8,-2.298851,21900,OK
2025-11-17,3675,クロス・マーケティンググループ,プライム（内国株式）,情報･通信業,647,654,617,630,-37,-5.547226,143400,OK
2025-11-17,3676,デジタルハーツホールディングス,プライム（内国株式）,情報･通信業,969,975,954,963,-3,-0.310559,76400,OK
2025-11-17,3678,メディアドゥ,プライム（内国株式）,情報･通信業,1773,1782,1738,1755,-18,-1.015228,26200,OK
2025-11-17,3679,じげん,プライム（内国株式）,情報･通信業,496,500,492,494,-3,-0.603622,364700,OK
2025-11-17,367A,プリモグローバルホールディングス,スタンダード（内国株式）,小売業,1952,1961,1893,1924,-43,-2.18607,155800,OK
2025-11-17,3680,ホットリンク,グロース（内国株式）,情報･通信業,268,268,255,267,1,0.37594,179000,OK
2025-11-17,3681,ブイキューブ,プライム（内国株式）,情報･通信業,137,138,133,134,-5,-3.597122,125900,OK
2025-11-17,3682,エンカレッジ・テクノロジ,スタンダード（内国株式）,情報･通信業,627,641,627,638,12,1.916933,18800,OK
2025-11-17,3683,サイバーリンクス,スタンダード（内国株式）,情報･通信業,1323,1340,1303,1340,5,0.374532,45200,OK
2025-11-17,3686,ディー・エル・イー,スタンダード（内国株式）,情報･通信業,119,120,116,119,0,0,92700,OK
2025-11-17,3687,フィックスターズ,プライム（内国株式）,情報･通信業,1759,1775,1668,1681,-118,-6.5592,1423200,OK
2025-11-17,3688,ＣＡＲＴＡ　ＨＯＬＤＩＮＧＳ,プライム（内国株式）,情報･通信業,2090,2092,2090,2091,1,0.047847,58000,OK
2025-11-17,368A,北里コーポレーション,プライム（内国株式）,精密機器,1525,1528,1488,1505,-15,-0.986842,251600,OK
2025-11-17,3690,イルグルム,スタンダード（内国株式）,情報･通信業,588,598,588,597,10,1.703578,6500,OK
2025-11-17,3691,デジタルプラス,グロース（内国株式）,情報･通信業,1194,1494,1190,1435,240,20.083682,401200,OK
2025-11-17,3692,ＦＦＲＩセキュリティ,グロース（内国株式）,情報･通信業,9530,9730,9300,9350,-330,-3.409091,220300,OK
2025-11-17,3694,オプティム,プライム（内国株式）,情報･通信業,575,581,557,558,3,0.540541,258600,OK
2025-11-17,3695,ＧＭＯプロダクトプラットフォーム,グロース（内国株式）,情報･通信業,2025,2025,2025,2025,11,0.546177,200,OK
2025-11-17,3696,セレス,プライム（内国株式）,情報･通信業,2181,2203,2102,2121,-75,-3.415301,169700,OK
2025-11-17,3697,ＳＨＩＦＴ,プライム（内国株式）,情報･通信業,1034.5,1052,1021,1026,-7,-0.677638,4047400,OK
2025-11-17,3698,ＣＲＩ・ミドルウェア,グロース（内国株式）,情報･通信業,1079,1093,1050,1054,-26,-2.407407,62900,OK
2025-11-17,369A,エータイ,グロース（内国株式）,サービス業,3220,3270,3085,3110,-100,-3.115265,102400,OK
2025-11-17,3708,特種東海製紙,プライム（内国株式）,パルプ・紙,1482,1493,1474,1474,-35,-2.319417,53000,OK
2025-11-17,370A,リバイブル,TOKYO PRO MARKET（内国株式）,不動産業,,,,,,,,NO_QUOTE
2025-11-17,3710,ジョルダン,スタンダード（内国株式）,情報･通信業,590,590,576,583,-7,-1.186441,9900,OK
2025-11-17,3712,情報企画,スタンダード（内国株式）,情報･通信業,5610,5730,5610,5730,150,2.688172,2700,OK
2025-11-17,3719,ＡＩストーム,スタンダード（内国株式）,情報･通信業,425,480,423,452,39,9.443099,3237100,OK
2025-11-17,371A,デージーネット,TOKYO PRO MARKET（内国株式）,情報･通信業,,,,,,,,NO_QUOTE
2025-11-17,3723,日本ファルコム,グロース（内国株式）,情報･通信業,1355,1364,1325,1325,-30,-2.214022,23900,OK
2025-11-17,3726,フォーシーズＨＤ,スタンダード（内国株式）,小売業,515,528,504,523,32,6.517312,199200,OK
2025-11-17,3727,アプリックス,グロース（内国株式）,情報･通信業,175,175,166,170,-8,-4.494382,249300,OK
2025-11-17,372A,レント,スタンダード（内国株式）,サービス業,5760,5760,5620,5760,0,0,23300,OK
2025-11-17,3733,ソフトウェア・サービス,スタンダード（内国株式）,情報･通信業,14520,14520,14360,14370,-150,-1.033058,3000,OK
2025-11-17,373A,リップス,グロース（内国株式）,化学,1756,1763,1719,1725,-40,-2.266289,49300,OK
2025-11-17,3741,セック,プライム（内国株式）,情報･通信業,2576,2675,2555,2667,92,3.572816,105500,OK
2025-11-17,3744,サイオス,スタンダード（内国株式）,情報･通信業,527,530,519,527,-6,-1.125704,56100,OK
2025-11-17,3747,インタートレード,スタンダード（内国株式）,情報･通信業,781,783,660,674,-103,-13.256113,766500,OK
2025-11-17,374A,樋口総合研究所,TOKYO PRO MARKET（内国株式）,情報･通信業,,,,,,,,NO_QUOTE
2025-11-17,3750,ＡＤＲ１２０Ｓ,スタンダード（内国株式）,情報･通信業,843,843,832,832,-26,-3.030303,2100,OK
2025-11-17,3753,フライトソリューションズ,スタンダード（内国株式）,情報･通信業,181,181,174,174,-5,-2.793296,53900,OK
2025-11-17,3758,アエリア,スタンダード（内国株式）,情報･通信業,299,300,296,297,6,2.061856,69400,OK
2025-11-17,375A,ＹＡＫホールディングス,TOKYO PRO MARKET（内国株式）,不動産業,,,,,,,,NO_QUOTE
2025-11-17,3760,ケイブ,スタンダード（内国株式）,情報･通信業,803,803,785,802,-1,-0.124533,11600,OK
2025-11-17,3762,テクマトリックス,プライム（内国株式）,情報･通信業,2061,2076,2041,2076,15,0.727802,198600,OK
2025-11-17,3763,プロシップ,プライム（内国株式）,情報･通信業,1619,1680,1590,1643,153,10.268456,212200,OK
2025-11-17,3765,ガンホー・オンライン・エンターテイメント,プライム（内国株式）,情報･通信業,2442,2458,2417,2419,-33,-1.34584,198500,OK
2025-11-17,3766,システムズ・デザイン,スタンダード（内国株式）,情報･通信業,1244,1264,1240,1243,-5,-0.400641,700,OK
2025-11-17,3768,リスクモンスター,スタンダード（内国株式）,情報･通信業,514,515,508,513,-3,-0.581395,9700,OK
2025-11-17,3769,ＧＭＯペイメントゲートウェイ,プライム（内国株式）,情報･通信業,9983,10075,9651,10050,106,1.065969,477500,OK
2025-11-17,3771,システムリサーチ,プライム（内国株式）,情報･通信業,1970,1970,1946,1964,1,0.050942,24500,OK
2025-11-17,3772,ウェルス・マネジメント,スタンダード（内国株式）,不動産業,1089,1089,1063,1067,-19,-1.74954,75200,OK
2025-11-17,3773,アドバンスト・メディア,グロース（内国株式）,情報･通信業,1020,1026,1006,1017,8,0.792864,55900,OK
2025-11-17,3774,インターネットイニシアティブ,プライム（内国株式）,情報･通信業,2780,2870,2776,2864,70.5,2.523716,579100,OK
2025-11-17,3776,ブロードバンドタワー,スタンダード（内国株式）,情報･通信業,170,182,167,169,-4,-2.312139,2271900,OK
2025-11-17,3777,環境フレンドリーホールディングス,グロース（内国株式）,情報･通信業,48,49,44,48,-3,-5.882353,5174300,OK
2025-11-17,3778,さくらインターネット,プライム（内国株式）,情報･通信業,3085,3085,3005,3025,-80,-2.57649,492000,OK
2025-11-17,3779,ジェイ・エスコムホールディングス,スタンダード（内国株式）,情報･通信業,195,195,188,192,-2,-1.030928,53200,OK
2025-11-17,3787,テクノマセマティカル,スタンダード（内国株式）,情報･通信業,620,733,586,733,100,15.797788,213800,OK
2025-11-17,3788,ＧＭＯグローバルサイン・ホールディングス,プライム（内国株式）,情報･通信業,2419,2430,2377,2378,-18,-0.751252,36000,OK
2025-11-17,378A,ヒット,グロース（内国株式）,サービス業,2196,2235,2150,2190,-9,-0.409277,32200,OK
2025-11-17,3791,ＩＧポート,スタンダード（内国株式）,情報･通信業,1412,1429,1392,1429,17,1.203966,144400,OK
2025-11-17,3793,ドリコム,グロース（内国株式）,情報･通信業,456,456,446,450,-5,-1.098901,91600,OK
2025-11-17,3796,いい生活,スタンダード（内国株式）,情報･通信業,504,509,504,509,-1,-0.196078,1300,OK
2025-11-17,3798,ＵＬＳグループ,スタンダード（内国株式）,情報･通信業,649,653,600,619,-39,-5.927052,386900,OK
2025-11-17,3799,キーウェアソリューションズ,スタンダード（内国株式）,情報･通信業,1098,1110,1098,1110,12,1.092896,9800,OK
2025-11-17,3800,ユニリタ,スタンダード（内国株式）,情報･通信業,1946,1946,1940,1946,0,0,700,OK
2025-11-17,3802,エコミック,スタンダード（内国株式）,情報･通信業,484,489,480,482,-2,-0.413223,4500,OK
2025-11-17,3803,イメージ情報開発,グロース（内国株式）,情報･通信業,593,639,591,611,-22,-3.475513,180700,OK
2025-11-17,3804,システム　ディ,スタンダード（内国株式）,情報･通信業,1936,1959,1936,1950,7,0.360268,1400,OK
2025-11-17,3807,フィスコ,グロース（内国株式）,情報･通信業,139,144,139,144,5,3.597122,262900,OK
2025-11-17,3810,サイバーステップ,スタンダード（内国株式）,情報･通信業,368,376,364,370,4,1.092896,219900,OK
2025-11-17,3815,メディア工房,グロース（内国株式）,情報･通信業,522,522,520,520,3,0.580271,6100,OK
2025-11-17,3816,大和コンピューター,スタンダード（内国株式）,情報･通信業,1168,1168,1168,1168,12,1.038062,100,OK
2025-11-17,3817,ＳＲＡホールディングス,プライム（内国株式）,情報･通信業,5120,5120,5000,5030,-60,-1.178782,19700,OK
2025-11-17,3823,ＴＨＥ　ＷＨＹ　ＨＯＷ　ＤＯ　ＣＯＭＰＡＮＹ,スタンダード（内国株式）,情報･通信業,58,58,52,52,-6,-10.344828,2737800,OK
2025-11-17,3825,リミックスポイント,スタンダード（内国株式）,小売業,291,292,266,272,-26,-8.724832,4398700,OK
2025-11-17,3826,システムインテグレータ,スタンダード（内国株式）,情報･通信業,460,460,453,453,-9,-1.948052,11600,OK
2025-11-17,3834,朝日ネット,プライム（内国株式）,情報･通信業,695,698,693,694,-2,-0.287356,35500,OK
2025-11-17,3835,ｅＢＡＳＥ,プライム（内国株式）,情報･通信業,460,462,451,452,-8,-1.73913,96500,OK
2025-11-17,3836,アバントグループ,プライム（内国株式）,情報･通信業,1708,1721,1681,1685,-40,-2.318841,78400,OK
2025-11-17,3837,アドソル日進,プライム（内国株式）,情報･通信業,1499,1516,1493,1502,5,0.334001,60200,OK
2025-11-17,3839,ＯＤＫソリューションズ,スタンダード（内国株式）,情報･通信業,610,614,603,604,-6,-0.983607,2900,OK
2025-11-17,3840,パス,スタンダード（内国株式）,情報･通信業,79,79,68,68,-12,-15,1474100,OK
2025-11-17,3841,ジーダット,スタンダード（内国株式）,情報･通信業,1296,1300,1293,1293,-4,-0.308404,2400,OK
2025-11-17,3842,ネクストジェン,スタンダード（内国株式）,情報･通信業,1020,1033,1016,1033,21,2.075099,18700,OK
2025-11-17,3843,フリービット,プライム（内国株式）,情報･通信業,1570,1581,1558,1577,15,0.960307,18800,OK
2025-11-17,3844,コムチュア,プライム（内国株式）,情報･通信業,1603,1609,1568,1579,-23,-1.435705,218500,OK
2025-11-17,3845,アイフリークモバイル,スタンダード（内国株式）,情報･通信業,228,229,212,227,-1,-0.438596,226100,OK
2025-11-17,3847,パシフィックシステム,スタンダード（内国株式）,情報･通信業,,,,,,,,NO_QUOTE
2025-11-17,3848,データ・アプリケーション,スタンダード（内国株式）,情報･通信業,868,890,865,890,31,3.608847,11400,OK
2025-11-17,3850,エヌ・ティ・ティ・データ・イントラマート,スタンダード（内国株式）,情報･通信業,4070,4075,3965,4075,75,1.875,10800,OK
2025-11-17,3851,日本一ソフトウェア,スタンダード（内国株式）,情報･通信業,805,805,777,799,-21,-2.560976,11300,OK
2025-11-17,3853,アステリア,プライム（内国株式）,情報･通信業,1230,1248,1167,1186,-52,-4.200323,923300,OK
2025-11-17,3854,アイル,プライム（内国株式）,情報･通信業,2350,2359,2281,2318,-25,-1.067008,68500,OK
2025-11-17,3856,Ａｂａｌａｎｃｅ,スタンダード（内国株式）,電気機器,780,786,732,746,-44,-5.56962,334400,OK
2025-11-17,3858,ユビキタスＡＩ,スタンダード（内国株式）,情報･通信業,385,409,380,385,-21,-5.172414,356200,OK
2025-11-17,385A,山本通産,TOKYO PRO MARKET（内国株式）,卸売業,,,,,,,,NO_QUOTE
2025-11-17,3861,王子ホールディングス,プライム（内国株式）,パルプ・紙,795,799.4,775,776.2,-23.7,-2.96287,4677300,OK
2025-11-17,3863,日本製紙,プライム（内国株式）,パルプ・紙,1100,1103,1068,1068,-35,-3.173164,479700,OK
2025-11-17,3864,三菱製紙,プライム（内国株式）,パルプ・紙,633,636,624,628,-7,-1.102362,105100,OK
2025-11-17,3865,北越コーポレーション,プライム（内国株式）,パルプ・紙,843,869,834,859,13,1.536643,369000,OK
2025-11-17,386A,みのや,スタンダード（内国株式）,小売業,1917,1917,1875,1905,-20,-1.038961,32900,OK
2025-11-17,3877,中越パルプ工業,プライム（内国株式）,パルプ・紙,1731,1799,1730,1784,53,3.061814,125400,OK
2025-11-17,3878,巴川コーポレーション,スタンダード（内国株式）,化学,749,769,737,769,16,2.124834,17500,OK
2025-11-17,387A,フラー,グロース（内国株式）,情報･通信業,1753,1779,1681,1681,-72,-4.107245,13600,OK
2025-11-17,3880,大王製紙,プライム（内国株式）,パルプ・紙,927,928,890,895,-36,-3.86681,632700,OK
2025-11-17,3891,ニッポン高度紙工業,スタンダード（内国株式）,パルプ・紙,2770,2810,2769,2799,39,1.413043,37900,OK
2025-11-17,3892,岡山製紙,スタンダード（内国株式）,パルプ・紙,1559,1568,1559,1560,6,0.3861,1400,OK
2025-11-17,3895,ハビックス,スタンダード（内国株式）,パルプ・紙,404,404,401,404,1,0.248139,14300,OK
2025-11-17,3896,阿波製紙,スタンダード（内国株式）,パルプ・紙,347,348,339,340,-6,-1.734104,31100,OK
2025-11-17,389A,八光オートメーション,TOKYO PRO MARKET（内国株式）,電気機器,,,,,,,,NO_QUOTE
2025-11-17,3900,クラウドワークス,グロース（内国株式）,情報･通信業,724,838,724,799,-75,-8.581236,2121700,OK
2025-11-17,3901,マークラインズ,プライム（内国株式）,情報･通信業,1807,1822,1740,1747,-60,-3.320421,106700,OK
2025-11-17,3902,メディカル・データ・ビジョン,プライム（内国株式）,情報･通信業,459,477,457,471,42,9.79021,414300,OK
2025-11-17,3903,ｇｕｍｉ,プライム（内国株式）,情報･通信業,408,411,394,396,-14,-3.414634,1171400,OK
2025-11-17,3904,カヤック,グロース（内国株式）,情報･通信業,483,488,466,487,4,0.828157,84500,OK
2025-11-17,3905,データセクション,グロース（内国株式）,情報･通信業,2200,2444,2020,2340,-161,-6.437425,5434800,OK
2025-11-17,3907,シリコンスタジオ,グロース（内国株式）,情報･通信業,851,851,812,821,-37,-4.312354,11600,OK
2025-11-17,3908,コラボス,グロース（内国株式）,情報･通信業,312,312,300,300,-16,-5.063291,58200,OK
2025-11-17,3909,ショーケース,スタンダード（内国株式）,情報･通信業,309,317,305,317,10,3.257329,12200,OK
2025-11-17,3910,エムケイシステム,スタンダード（内国株式）,情報･通信業,294,294,292,292,-4,-1.351351,1300,OK
2025-11-17,3911,Ａｉｍｉｎｇ,グロース（内国株式）,情報･通信業,226,228,223,227,0,0,218600,OK
2025-11-17,3912,モバイルファクトリー,スタンダード（内国株式）,情報･通信業,1001,1012,999,999,3,0.301205,10300,OK
2025-11-17,3913,ＧｒｅｅｎＢｅｅ,グロース（内国株式）,情報･通信業,1152,1249,1150,1242,96,8.376963,259000,OK
2025-11-17,3914,ＪＩＧ−ＳＡＷ,グロース（内国株式）,情報･通信業,3000,3085,2977,3040,35,1.164725,35300,OK
2025-11-17,3915,テラスカイ,プライム（内国株式）,情報･通信業,2094,2098,2048,2098,4,0.191022,60400,OK
2025-11-17,3916,デジタル・インフォメーション・テクノロジー,プライム（内国株式）,情報･通信業,2702,2741,2579,2594,-1,-0.038536,100300,OK
2025-11-17,3917,アイリッジ,グロース（内国株式）,情報･通信業,468,468,459,459,-4,-0.863931,21700,OK
2025-11-17,3918,ＰＣＩホールディングス,スタンダード（内国株式）,情報･通信業,1227,1227,1201,1209,-1,-0.082645,4200,OK
2025-11-17,3920,アイビーシー,スタンダード（内国株式）,情報･通信業,985,994,979,982,-3,-0.304569,10500,OK
2025-11-17,3921,ネオジャパン,プライム（内国株式）,情報･通信業,1797,1800,1742,1746,-29,-1.633803,26300,OK
2025-11-17,3922,ＰＲ　ＴＩＭＥＳ,プライム（内国株式）,情報･通信業,2931,2931,2832,2870,-65,-2.214651,46200,OK
2025-11-17,3923,ラクス,プライム（内国株式）,情報･通信業,1221.5,1292.5,1213,1260,26.5,2.148358,2602800,OK
2025-11-17,3924,ランドコンピュータ,プライム（内国株式）,情報･通信業,905,905,887,890,-15,-1.657459,95800,OK
2025-11-17,3925,ダブルスタンダード,プライム（内国株式）,情報･通信業,1705,1705,1675,1701,-5,-0.293083,24300,OK
2025-11-17,3926,オープンドア,プライム（内国株式）,情報･通信業,331,335,319,329,-4,-1.201201,175600,OK
2025-11-17,3927,フーバーブレイン,グロース（内国株式）,情報･通信業,836,843,785,828,-36,-4.166667,208100,OK
2025-11-17,3928,マイネット,スタンダード（内国株式）,情報･通信業,260,266,248,261,2,0.772201,235200,OK
2025-11-17,3929,ソーシャルワイヤー,グロース（内国株式）,情報･通信業,282,283,271,278,15,5.703422,87700,OK
2025-11-17,3930,はてな,グロース（内国株式）,情報･通信業,978,978,950,958,-29,-2.938197,14900,OK
2025-11-17,3931,バリューゴルフ,グロース（内国株式）,情報･通信業,1489,1503,1489,1503,-13,-0.85752,400,OK
2025-11-17,3932,アカツキ,プライム（内国株式）,情報･通信業,2641,2661,2593,2596,-56,-2.111614,61800,OK
2025-11-17,3933,チエル,スタンダード（内国株式）,情報･通信業,686,699,669,699,53,8.204334,45400,OK
2025-11-17,3934,ベネフィットジャパン,スタンダード（内国株式）,情報･通信業,1817,1817,1805,1805,3,0.166482,2700,OK
2025-11-17,3935,エディア,スタンダード（内国株式）,情報･通信業,881,912,874,910,25,2.824859,84600,OK
2025-11-17,3936,グローバルウェイ,グロース（内国株式）,情報･通信業,155,157,147,155,3,1.973684,240600,OK
2025-11-17,3937,Ｕｂｉｃｏｍホールディングス,プライム（内国株式）,情報･通信業,1093,1102,1080,1086,13,1.211556,62400,OK
2025-11-17,3939,カナミックネットワーク,プライム（内国株式）,情報･通信業,530,532,519,530,-3,-0.562852,218100,OK
2025-11-17,393A,ＲｉｔａＸ,TOKYO PRO MARKET（内国株式）,サービス業,,,,,,,,NO_QUOTE
2025-11-17,3940,ノムラシステムコーポレーション,スタンダード（内国株式）,情報･通信業,135,135,132,133,-2,-1.481481,145800,OK
2025-11-17,3941,レンゴー,プライム（内国株式）,パルプ・紙,997.7,1004,990.9,994.8,-7.7,-0.76808,603300,OK
2025-11-17,3943,大石産業,スタンダード（内国株式）,パルプ・紙,1302,1308,1300,1302,0,0,4600,OK
2025-11-17,3944,古林紙工,スタンダード（内国株式）,パルプ・紙,,,,,,,,NO_QUOTE
2025-11-17,3945,スーパーバッグ,スタンダード（内国株式）,パルプ・紙,2766,2766,2766,2766,-50,-1.775568,100,OK
2025-11-17,3946,トーモク,プライム（内国株式）,パルプ・紙,3355,3355,3290,3325,-30,-0.894188,30300,OK
2025-11-17,3947,ダイナパック,スタンダード（内国株式）,パルプ・紙,2386,2390,2365,2389,-39,-1.60626,4600,OK
2025-11-17,3948,光ビジネスフォーム,スタンダード（内国株式）,パルプ・紙,1253,1271,1253,1256,-15,-1.180173,4100,OK
2025-11-17,3950,ザ・パック,プライム（内国株式）,パルプ・紙,1270,1270,1252,1255,-4,-0.317712,98500,OK
2025-11-17,3951,朝日印刷,スタンダード（内国株式）,パルプ・紙,873,873,867,868,-7,-0.8,33200,OK
2025-11-17,3953,大村紙業,スタンダード（内国株式）,パルプ・紙,804,804,796,798,-5,-0.622665,2500,OK
2025-11-17,3954,昭和パックス,スタンダード（内国株式）,パルプ・紙,2866,2866,2821,2821,-48,-1.673057,3500,OK
2025-11-17,3955,イムラ,スタンダード（内国株式）,パルプ・紙,996,996,985,990,-5,-0.502513,2600,OK
2025-11-17,3958,笹徳印刷,スタンダード（内国株式）,パルプ・紙,555,555,554,555,0,0,1000,OK
2025-11-17,3961,シルバーエッグ・テクノロジー,グロース（内国株式）,情報･通信業,706,706,706,706,100,16.50165,5400,OK
2025-11-17,3962,チェンジホールディングス,プライム（内国株式）,情報･通信業,1056,1062,1037,1060,5,0.473934,548300,OK
2025-11-17,3963,シンクロ・フード,プライム（内国株式）,情報･通信業,651,668,644,645,-16,-2.420575,100100,OK
2025-11-17,3964,オークネット,プライム（内国株式）,情報･通信業,1874,1900,1862,1892,1,0.052882,52700,OK
2025-11-17,3965,キャピタル・アセット・プランニング,スタンダード（内国株式）,情報･通信業,803,803,792,794,-13,-1.610905,3500,OK
2025-11-17,3967,エルテス,グロース（内国株式）,情報･通信業,651,651,639,639,-9,-1.388889,18000,OK
2025-11-17,3968,セグエグループ,プライム（内国株式）,情報･通信業,743,750,716,722,2,0.277778,516800,OK
2025-11-17,3969,エイトレッド,スタンダード（内国株式）,情報･通信業,1407,1414,1396,1408,2,0.142248,9100,OK
2025-11-17,3970,イノベーション,グロース（内国株式）,情報･通信業,960,960,956,957,-4,-0.416233,1300,OK
2025-11-17,3974,ＳＣＡＴ,スタンダード（内国株式）,情報･通信業,530,530,520,520,-7,-1.328273,9400,OK
2025-11-17,3976,シャノン,グロース（内国株式）,情報･通信業,391,396,391,393,1,0.255102,1600,OK
2025-11-17,3979,うるる,グロース（内国株式）,情報･通信業,446,446,424,426,-15,-3.401361,52900,OK
2025-11-17,3981,ビーグリー,スタンダード（内国株式）,情報･通信業,1280,1280,1250,1261,-16,-1.252937,8500,OK
2025-11-17,3983,オロ,プライム（内国株式）,情報･通信業,2164,2219,2011,2058,-256,-11.063094,187300,OK
2025-11-17,3984,ユーザーローカル,プライム（内国株式）,情報･通信業,1928,1970,1927,1942,14,0.726141,96200,OK
2025-11-17,3985,テモナ,スタンダード（内国株式）,情報･通信業,240,240,225,226,-15,-6.224066,43800,OK
2025-11-17,3986,ビーブレイクシステムズ,グロース（内国株式）,情報･通信業,1419,1439,1410,1430,11,0.775194,1600,OK
2025-11-17,3987,エコモット,グロース（内国株式）,情報･通信業,455,455,444,444,-3,-0.671141,13700,OK
2025-11-17,3988,ＳＹＳホールディングス,スタンダード（内国株式）,情報･通信業,565,577,561,573,1,0.174825,4100,OK
2025-11-17,3989,シェアリングテクノロジー,グロース（内国株式）,情報･通信業,1077,1080,1032,1040,110,11.827957,1135100,OK
2025-11-17,398A,リアルクオリティ,TOKYO PRO MARKET（内国株式）,サービス業,,,,,,,,NO_QUOTE
2025-11-17,3991,ウォンテッドリー,グロース（内国株式）,情報･通信業,1170,1170,1143,1155,-15,-1.282051,600,OK
2025-11-17,3992,ニーズウェル,プライム（内国株式）,情報･通信業,530,532,520,525,-3,-0.568182,113600,OK
2025-11-17,3993,ＰＫＳＨＡ　Ｔｅｃｈｎｏｌｏｇｙ,プライム（内国株式）,情報･通信業,3660,3765,3615,3640,30,0.831025,792700,OK
2025-11-17,3994,マネーフォワード,プライム（内国株式）,情報･通信業,3988,4078,3848,4072,29,0.717289,861600,OK
2025-11-17,3996,サインポスト,スタンダード（内国株式）,情報･通信業,290,290,284,286,-5,-1.718213,32400,OK
2025-11-17,3997,トレードワークス,スタンダード（内国株式）,情報･通信業,380,405,359,399,21,5.555556,2148400,OK
2025-11-17,3998,すららネット,グロース（内国株式）,情報･通信業,354,355,350,351,-6,-1.680672,15700,OK
2025-11-17,4004,レゾナック・ホールディングス,プライム（内国株式）,化学,6020,6242,5943,6131,91,1.506623,2393000,OK
2025-11-17,4005,住友化学,プライム（内国株式）,化学,460.2,463.8,455.5,463.8,-1.2,-0.258065,7000300,OK
2025-11-17,4008,住友精化,プライム（内国株式）,化学,5340,5380,5310,5330,20,0.376648,40800,OK
2025-11-17,4011,ヘッドウォータース,グロース（内国株式）,情報･通信業,3170,3275,3115,3260,90,2.839117,33900,OK
2025-11-17,4012,アクシス,スタンダード（内国株式）,情報･通信業,1520,1520,1506,1507,-14,-0.920447,5300,OK
2025-11-17,4013,勤次郎,グロース（内国株式）,情報･通信業,1238,1333,1176,1316,77,6.214689,312800,OK
2025-11-17,4014,カラダノート,グロース（内国株式）,情報･通信業,468,474,449,449,-17,-3.648069,20600,OK
2025-11-17,4015,ペイクラウドホールディングス,グロース（内国株式）,情報･通信業,506,507,496,503,-3,-0.592885,74200,OK
2025-11-17,4016,ＭＩＴホールディングス,スタンダード（内国株式）,情報･通信業,1241,1258,1227,1243,25,2.052545,60300,OK
2025-11-17,4017,クリーマ,グロース（内国株式）,情報･通信業,259,259,252,252,-8,-3.076923,7000,OK
2025-11-17,4019,スタメン,グロース（内国株式）,情報･通信業,1060,1082,920,964,-204,-17.465753,169600,OK
2025-11-17,4020,ビートレンド,グロース（内国株式）,情報･通信業,872,899,872,884,7,0.798176,3400,OK
2025-11-17,4021,日産化学,プライム（内国株式）,化学,5130,5156,5104,5130,-20,-0.38835,433200,OK
2025-11-17,4022,ラサ工業,プライム（内国株式）,化学,4925,5160,4890,5130,195,3.951368,69400,OK
2025-11-17,4023,クレハ,プライム（内国株式）,化学,3790,3795,3745,3785,0,0,213500,OK
2025-11-17,4025,多木化学,プライム（内国株式）,化学,3595,3605,3565,3570,-25,-0.69541,11800,OK
2025-11-17,4026,神島化学工業,スタンダード（内国株式）,ガラス･土石製品,1471,1471,1444,1451,-10,-0.684463,42100,OK
2025-11-17,4027,テイカ,プライム（内国株式）,化学,1315,1319,1305,1319,2,0.15186,31000,OK
2025-11-17,4028,石原産業,プライム（内国株式）,化学,2650,2678,2630,2648,-4,-0.15083,188300,OK
2025-11-17,402A,アクセルスペースホールディングス,グロース（内国株式）,輸送用機器,556,565,533,560,-6,-1.060071,1955200,OK
2025-11-17,4031,片倉コープアグリ,スタンダード（内国株式）,化学,945,950,925,931,-14,-1.481481,21200,OK
2025-11-17,403A,北條組,TOKYO PRO MARKET（内国株式）,建設業,,,,,,,,NO_QUOTE
2025-11-17,4040,南海化学,スタンダード（内国株式）,化学,3110,3110,3050,3050,-25,-0.813008,17800,OK
2025-11-17,4041,日本曹達,プライム（内国株式）,化学,3450,3465,3400,3450,-30,-0.862069,126600,OK
2025-11-17,4042,東ソー,プライム（内国株式）,化学,2282.5,2289,2258.5,2272,-10.5,-0.460022,947000,OK
2025-11-17,4043,トクヤマ,プライム（内国株式）,化学,3870,3879,3826,3854,3,0.077902,281300,OK
2025-11-17,4044,セントラル硝子,プライム（内国株式）,化学,3235,3255,3225,3240,-5,-0.154083,25100,OK
2025-11-17,4045,東亞合成,プライム（内国株式）,化学,1561,1565,1554.5,1557.5,-6.5,-0.415601,135800,OK
2025-11-17,4046,大阪ソーダ,プライム（内国株式）,化学,1989,1998,1960,1984,-21,-1.047382,543000,OK
2025-11-17,4047,関東電化工業,プライム（内国株式）,化学,998,1015,998,1010,7,0.697906,151900,OK
2025-11-17,4051,ＧＭＯフィナンシャルゲート,プライム（内国株式）,情報･通信業,5470,5500,5240,5260,-240,-4.363636,88200,OK
2025-11-17,4052,フィーチャ,グロース（内国株式）,情報･通信業,325,325,315,316,-14,-4.242424,33100,OK
2025-11-17,4053,Ｓｕｎ　Ａｓｔｅｒｉｓｋ,プライム（内国株式）,情報･通信業,474,505,467,503,61,13.800905,1248300,OK
2025-11-17,4054,日本情報クリエイト,グロース（内国株式）,情報･通信業,748,761,726,726,-17,-2.288022,75100,OK
2025-11-17,4055,ティアンドエスグループ,グロース（内国株式）,情報･通信業,1421,1471,1413,1466,60,4.267425,75100,OK
2025-11-17,4056,ニューラルグループ,グロース（内国株式）,情報･通信業,465,465,443,448,-23,-4.883227,213900,OK
2025-11-17,4057,インターファクトリー,グロース（内国株式）,情報･通信業,447,449,442,449,5,1.126126,1600,OK
2025-11-17,4058,トヨクモ,グロース（内国株式）,情報･通信業,2761,2780,2662,2754,43,1.586131,68200,OK
2025-11-17,4059,まぐまぐ,スタンダード（内国株式）,情報･通信業,533,589,533,575,42,7.879925,13300,OK
2025-11-17,405A,コヤマ・ミライエ,TOKYO PRO MARKET（内国株式）,卸売業,,,,,,,,NO_QUOTE
2025-11-17,4060,ｒａｋｕｍｏ,グロース（内国株式）,情報･通信業,1091,1134,1050,1098,8,0.733945,30600,OK
2025-11-17,4061,デンカ,プライム（内国株式）,化学,2465,2490,2438,2458,10,0.408497,507600,OK
2025-11-17,4062,イビデン,プライム（内国株式）,電気機器,12755,13410,12615,13265,800,6.41797,2410900,OK
2025-11-17,4063,信越化学工業,プライム（内国株式）,化学,4618,4653,4608,4630,-11,-0.237018,3738800,OK
2025-11-17,4064,日本カーバイド工業,プライム（内国株式）,化学,2373,2418,2362,2408,79,3.392014,173200,OK
2025-11-17,4068,ベイシス,グロース（内国株式）,情報･通信業,1794,1794,1786,1786,-13,-0.722624,800,OK
2025-11-17,4069,ＢｌｕｅＭｅｍｅ,グロース（内国株式）,情報･通信業,1450,1450,1322,1425,-13,-0.904033,41300,OK
2025-11-17,406A,環境のミカタホールディングス,TOKYO PRO MARKET（内国株式）,サービス業,,,,,,,,NO_QUOTE
2025-11-17,4071,プラスアルファ・コンサルティング,プライム（内国株式）,情報･通信業,2235,2286,2163,2264,-129,-5.390723,564900,OK
2025-11-17,4072,電算システムホールディングス,プライム（内国株式）,情報･通信業,3750,3800,3690,3795,55,1.470588,88500,OK
2025-11-17,4073,ジィ・シィ企画,グロース（内国株式）,情報･通信業,606,606,562,580,-66,-10.216718,36700,OK
2025-11-17,4074,ラキール,グロース（内国株式）,情報･通信業,882,928,882,913,16,1.783724,215500,OK
2025-11-17,4075,ブレインズテクノロジー,グロース（内国株式）,情報･通信業,888,888,869,874,-2,-0.228311,2100,OK
2025-11-17,4076,シイエヌエス,グロース（内国株式）,情報･通信業,1602,1615,1602,1610,10,0.625,2300,OK
2025-11-17,4078,堺化学工業,プライム（内国株式）,化学,3005,3020,2972,2972,-23,-0.767947,58100,OK
2025-11-17,407A,ＵＮＩＣＯＮホールディングス,スタンダード（内国株式）,建設業,1190,1205,1171,1200,11,0.925147,39700,OK
2025-11-17,4080,田中化学研究所,スタンダード（内国株式）,化学,415,417,414,414,-3,-0.719424,125500,OK
2025-11-17,4082,第一稀元素化学工業,プライム（内国株式）,化学,1229,1302,1223,1290,63,5.134474,1751800,OK
2025-11-17,4088,エア・ウォーター,プライム（内国株式）,化学,2200,2213.5,2165,2194.5,-54.5,-2.423299,1653200,OK
2025-11-17,4091,日本酸素ホールディングス,プライム（内国株式）,化学,4970,5021,4899,4899,-141,-2.797619,430900,OK
2025-11-17,4092,日本化学工業,プライム（内国株式）,化学,2573,2584,2526,2530,-38,-1.479751,75200,OK
2025-11-17,4093,東邦アセチレン,プライム（内国株式）,化学,351,352,349,349,-2,-0.569801,39200,OK
2025-11-17,4094,日本化学産業,スタンダード（内国株式）,化学,2250,2268,2236,2243,-2,-0.089087,9700,OK
2025-11-17,4095,日本パーカライジング,プライム（内国株式）,化学,1353,1361,1349,1349,-8,-0.589536,92800,OK
2025-11-17,4097,高圧ガス工業,プライム（内国株式）,化学,1045,1045,1013,1025,-28,-2.659069,44900,OK
2025-11-17,4098,チタン工業,スタンダード（内国株式）,化学,825,825,800,806,-34,-4.047619,14400,OK
2025-11-17,4099,四国化成ホールディングス,プライム（内国株式）,化学,2851,2862,2805,2856,40,1.420455,92300,OK
2025-11-17,409A,オリオンビール,プライム（内国株式）,食料品,1567,1574,1530,1550,-17,-1.084876,460900,OK
2025-11-17,4100,戸田工業,スタンダード（内国株式）,化学,1154,1164,1119,1119,-35,-3.032929,62000,OK
2025-11-17,4102,丸尾カルシウム,スタンダード（内国株式）,化学,1439,1443,1410,1415,14,0.999286,1800,OK
2025-11-17,4107,伊勢化学工業,スタンダード（内国株式）,化学,37200,37850,36450,37700,950,2.585034,90600,OK
2025-11-17,4109,ステラ　ケミファ,プライム（内国株式）,化学,4135,4155,4090,4115,25,0.611247,22900,OK
2025-11-17,410A,ＧＭＯコマース,グロース（内国株式）,サービス業,1499,1509,1480,1495,-21,-1.385224,30100,OK
2025-11-17,4112,保土谷化学工業,プライム（内国株式）,化学,1728,1755,1715,1745,19,1.100811,73500,OK
2025-11-17,4113,田岡化学工業,スタンダード（内国株式）,化学,1168,1181,1165,1174,9,0.772532,43000,OK
2025-11-17,4114,日本触媒,プライム（内国株式）,化学,1815,1824.5,1811.5,1824.5,4.5,0.247253,435000,OK
2025-11-17,4116,大日精化工業,プライム（内国株式）,化学,3870,3900,3845,3880,55,1.437908,74700,OK
2025-11-17,4118,カネカ,プライム（内国株式）,化学,4200,4219,4135,4168,-58,-1.372456,232700,OK
2025-11-17,4119,日本ピグメントホールディングス,スタンダード（内国株式）,化学,3450,3475,3350,3360,-20,-0.591716,3400,OK
2025-11-17,411A,日本マリタイムバンク,TOKYO PRO MARKET（内国株式）,その他金融業,,,,,,,,NO_QUOTE
2025-11-17,4120,スガイ化学工業,スタンダード（内国株式）,化学,2201,2201,2201,2201,-88,-3.844474,600,OK
2025-11-17,4124,大阪油化工業,スタンダード（内国株式）,化学,2590,2590,2531,2532,-108,-4.090909,4700,OK
2025-11-17,4125,三和油化工業,スタンダード（内国株式）,化学,1849,1855,1811,1817,-11,-0.601751,15500,OK
2025-11-17,414A,オーバーラップホールディングス,グロース（内国株式）,情報･通信業,1200,1200,1117,1132,-75,-6.213753,273500,OK
2025-11-17,4151,協和キリン,プライム（内国株式）,医薬品,2497,2523.5,2490.5,2499,7,0.280899,764100,OK
2025-11-17,415A,ＧＭＯ　ＴＥＣＨホールディングス,グロース（内国株式）,サービス業,5000,5030,4920,5030,30,0.6,1300,OK
2025-11-17,4165,プレイド,グロース（内国株式）,情報･通信業,846,853,812,833,-15,-1.768868,1216400,OK
2025-11-17,4166,かっこ,グロース（内国株式）,情報･通信業,703,703,687,692,-11,-1.564723,7400,OK
2025-11-17,4167,ココペリ,グロース（内国株式）,情報･通信業,312,318,310,314,-14,-4.268293,32000,OK
2025-11-17,4168,ヤプリ,グロース（内国株式）,情報･通信業,1017,1024,980,996,-37,-3.581801,285100,OK
2025-11-17,4169,ＥＮＥＣＨＡＮＧＥ,グロース（内国株式）,情報･通信業,296,297,288,291,-4,-1.355932,165600,OK
2025-11-17,416A,富士ユナイトホールディングス,スタンダード（内国株式）,卸売業,1178,1209,1151,1186,1,0.084388,50700,OK
2025-11-17,4170,Ｋａｉｚｅｎ　Ｐｌａｔｆｏｒｍ,グロース（内国株式）,情報･通信業,194,195,184,185,-13,-6.565657,268100,OK
2025-11-17,4171,グローバルインフォメーション,スタンダード（内国株式）,情報･通信業,1441,1449,1441,1449,12,0.835073,2600,OK
2025-11-17,4172,東和ハイシステム,スタンダード（内国株式）,情報･通信業,2314,2381,2312,2331,-21,-0.892857,2500,OK
2025-11-17,4174,アピリッツ,スタンダード（内国株式）,情報･通信業,690,690,682,689,1,0.145349,7900,OK
2025-11-17,4175,ｃｏｌｙ,グロース（内国株式）,情報･通信業,2010,2010,1926,1964,-46,-2.288557,9800,OK
2025-11-17,4176,ココナラ,グロース（内国株式）,情報･通信業,371,374,363,368,-1,-0.271003,230400,OK
2025-11-17,4177,ｉ‐ｐｌｕｇ,グロース（内国株式）,情報･通信業,1400,1400,1363,1396,35,2.571639,46300,OK
2025-11-17,4178,Ｓｈａｒｉｎｇ　Ｉｎｎｏｖａｔｉｏｎｓ,グロース（内国株式）,情報･通信業,616,635,616,634,-52,-7.580175,22300,OK
2025-11-17,4179,ジーネクスト,グロース（内国株式）,情報･通信業,285,289,282,284,1,0.353357,16300,OK
2025-11-17,417A,ブルーゾーンホールディングス,プライム（内国株式）,小売業,8614,8646,8448,8546,-124,-1.430219,43000,OK
2025-11-17,4180,Ａｐｐｉｅｒ　Ｇｒｏｕｐ,プライム（内国株式）,情報･通信業,1068,1068,1003,1017,-169,-14.249578,5414000,OK
2025-11-17,4182,三菱瓦斯化学,プライム（内国株式）,化学,2666,2678.5,2620,2641.5,-20.5,-0.770098,1472400,OK
2025-11-17,4183,三井化学,プライム（内国株式）,化学,3560,3567,3533,3563,-3,-0.084128,672400,OK
2025-11-17,4186,東京応化工業,プライム（内国株式）,化学,6290,6482,6222,6400,108,1.716465,992400,OK
2025-11-17,4187,大阪有機化学工業,プライム（内国株式）,化学,3865,3890,3850,3875,70,1.839685,63500,OK
2025-11-17,4188,三菱ケミカルグループ,プライム（内国株式）,化学,853.7,862.4,852.4,856.7,-8,-0.925176,3578300,OK
2025-11-17,4189,ＫＨネオケム,プライム（内国株式）,化学,2405,2411,2370,2390,-20,-0.829876,325200,OK
2025-11-17,4192,スパイダープラス,グロース（内国株式）,情報･通信業,343,343,312,313,-38,-10.826211,770200,OK
2025-11-17,4193,ファブリカホールディングス,スタンダード（内国株式）,情報･通信業,2001,2059,2001,2016,-53,-2.561624,13700,OK
2025-11-17,4194,ビジョナル,プライム（内国株式）,情報･通信業,10190,10425,10105,10380,240,2.366864,149600,OK
2025-11-17,4196,ネオマーケティング,スタンダード（内国株式）,情報･通信業,1132,1143,1120,1139,7,0.618375,3200,OK
2025-11-17,4197,アスマーク,スタンダード（内国株式）,情報･通信業,2530,2530,2515,2530,13,0.516488,5100,OK
2025-11-17,4198,テンダ,スタンダード（内国株式）,情報･通信業,595,604,594,595,0,0,9700,OK
2025-11-17,4199,ワンダープラネット,グロース（内国株式）,情報･通信業,718,727,718,721,3,0.417827,2600,OK
2025-11-17,419A,ラングローブ,TOKYO PRO MARKET（内国株式）,小売業,,,,,,,,NO_QUOTE
2025-11-17,4202,ダイセル,プライム（内国株式）,化学,1263.5,1275,1263,1264.5,1,0.079145,1241400,OK
2025-11-17,4203,住友ベークライト,プライム（内国株式）,化学,5033,5044,4964,4983,-59,-1.170171,336900,OK
2025-11-17,4204,積水化学工業,プライム（内国株式）,化学,2625,2626,2582,2602.5,-4,-0.153462,1603400,OK
2025-11-17,4205,日本ゼオン,プライム（内国株式）,化学,1680,1690,1672,1690,-2,-0.118203,611500,OK
2025-11-17,4206,アイカ工業,プライム（内国株式）,化学,3450,3454,3408,3432,-21,-0.608167,300200,OK
2025-11-17,4208,ＵＢＥ,プライム（内国株式）,化学,2468,2476.5,2431,2449,-17,-0.689376,724100,OK
2025-11-17,4212,積水樹脂,プライム（内国株式）,化学,2129,2139,2095,2108,-21,-0.986379,25500,OK
2025-11-17,4216,旭有機材,プライム（内国株式）,化学,4540,4565,4430,4455,-55,-1.219512,23800,OK
2025-11-17,4218,ニチバン,プライム（内国株式）,化学,1965,1979,1951,1960,-5,-0.254453,12700,OK
2025-11-17,421A,ムービン・ストラテジック・キャリア,グロース（内国株式）,サービス業,3450,3560,3225,3365,-85,-2.463768,110800,OK
2025-11-17,4220,リケンテクノス,プライム（内国株式）,化学,1375,1393,1375,1389,14,1.018182,42300,OK
2025-11-17,4221,大倉工業,プライム（内国株式）,化学,5220,5240,5170,5220,0,0,40300,OK
2025-11-17,4222,児玉化学工業,スタンダード（内国株式）,化学,870,874,796,827,-55,-6.235828,1405900,OK
2025-11-17,4224,ロンシール工業,スタンダード（内国株式）,化学,1835,1841,1824,1839,12,0.656814,17300,OK
2025-11-17,4228,積水化成品工業,プライム（内国株式）,化学,353,355,349,353,-4,-1.120448,141100,OK
2025-11-17,4229,群栄化学工業,プライム（内国株式）,化学,3465,3480,3455,3465,0,0,7000,OK
2025-11-17,422A,ｔａｎｅ　ＣＲＥＡＴＩＶＥ,TOKYO PRO MARKET（内国株式）,情報･通信業,,,,,,,,NO_QUOTE
2025-11-17,4231,タイガースポリマー,スタンダード（内国株式）,化学,923,925,896,902,-23,-2.486486,31400,OK
2025-11-17,4234,サンエー化研,スタンダード（内国株式）,化学,677,678,632,649,-31,-4.558824,119700,OK
2025-11-17,4235,ウルトラファブリックス・ホールディングス,スタンダード（内国株式）,化学,808,828,789,809,28,3.585147,147700,OK
2025-11-17,4237,フジプレアム,スタンダード（内国株式）,化学,308,309,305,307,-1,-0.324675,24100,OK
2025-11-17,4238,ミライアル,スタンダード（内国株式）,化学,1190,1190,1174,1179,0,0,19900,OK
2025-11-17,423A,ライオン事務器,スタンダード（内国株式）,卸売業,313,319,300,317,20,6.734007,841600,OK
2025-11-17,4240,クラスターテクノロジー,グロース（内国株式）,化学,357,357,326,328,-5,-1.501502,151800,OK
2025-11-17,4241,アテクト,スタンダード（内国株式）,化学,447,465,430,449,-6,-1.318681,39300,OK
2025-11-17,4242,タカギセイコー,スタンダード（内国株式）,化学,1607,1632,1607,1610,-25,-1.529052,4700,OK
2025-11-17,4243,ニックス,スタンダード（内国株式）,化学,806,809,804,809,2,0.247831,2400,OK
2025-11-17,4245,ダイキアクシス,スタンダード（内国株式）,化学,693,693,687,690,1,0.145138,30700,OK
2025-11-17,4246,ダイキョーニシカワ,プライム（内国株式）,化学,737,742,732,732,-8,-1.081081,111800,OK
2025-11-17,4247,ポバール興業,スタンダード（内国株式）,化学,1329,1329,1288,1288,-11,-0.846805,700,OK
2025-11-17,4248,竹本容器,スタンダード（内国株式）,化学,841,844,841,842,-1,-0.118624,4400,OK
2025-11-17,4249,森六,プライム（内国株式）,化学,2285,2314,2280,2284,5,0.219394,14100,OK
2025-11-17,4251,恵和,プライム（内国株式）,化学,1218,1235,1212,1225,37,3.114478,173000,OK
2025-11-17,4255,ＴＨＥＣＯＯ,グロース（内国株式）,情報･通信業,1473,1750,1466,1750,289,19.780972,73800,OK
2025-11-17,4256,サインド,グロース（内国株式）,情報･通信業,1445,1445,1362,1362,217,18.951965,141500,OK
2025-11-17,4258,網屋,グロース（内国株式）,情報･通信業,3830,3860,3640,3725,-55,-1.455026,125600,OK
2025-11-17,4259,エクサウィザーズ,グロース（内国株式）,情報･通信業,685,724,675,718,37,5.433186,1859600,OK
2025-11-17,4260,ハイブリッドテクノロジーズ,グロース（内国株式）,情報･通信業,327,329,305,322,-37,-10.306407,67000,OK
2025-11-17,4261,アジアクエスト,グロース（内国株式）,情報･通信業,3500,3500,3500,3500,501,16.705569,5200,OK
2025-11-17,4262,ニフティライフスタイル,グロース（内国株式）,情報･通信業,1353,1353,1330,1332,-21,-1.552106,7200,OK
2025-11-17,4263,サスメド,グロース（内国株式）,情報･通信業,917,921,895,910,-11,-1.194354,97300,OK
2025-11-17,4264,セキュア,グロース（内国株式）,情報･通信業,1489,1489,1440,1454,-32,-2.153432,17300,OK
2025-11-17,4265,Ｉｎｓｔｉｔｕｔｉｏｎ　ｆｏｒ　ａ　Ｇｌｏｂａｌ　Ｓｏｃｉｅｔｙ,グロース（内国株式）,情報･通信業,350,364,350,355,0,0,67800,OK
2025-11-17,4270,ＢｅｅＸ,グロース（内国株式）,情報･通信業,2361,2361,2336,2341,-22,-0.93102,4300,OK
2025-11-17,4272,日本化薬,プライム（内国株式）,化学,1500.5,1504.5,1493.5,1504,-8,-0.529101,500500,OK
2025-11-17,4274,細谷火工,スタンダード（内国株式）,化学,1007,1013,1000,1012,10,0.998004,45500,OK
2025-11-17,4275,カーリット,プライム（内国株式）,化学,1622,1647,1590,1639,-9,-0.546117,190000,OK
2025-11-17,4284,ソルクシーズ,スタンダード（内国株式）,情報･通信業,478,478,470,473,-5,-1.046025,32100,OK
2025-11-17,4286,ＣＬホールディングス,スタンダード（内国株式）,サービス業,1122,1145,1101,1143,14,1.240035,17400,OK
2025-11-17,4287,ジャストプランニング,スタンダード（内国株式）,情報･通信業,432,434,429,429,-3,-0.694444,16400,OK
2025-11-17,4288,アズジェント,スタンダード（内国株式）,情報･通信業,625,625,600,611,-24,-3.779528,106800,OK
2025-11-17,428A,サイプレス・ホールディングス,スタンダード（内国株式）,小売業,690,690,682,685,-5,-0.724638,15500,OK
2025-11-17,4290,プレステージ・インターナショナル,プライム（内国株式）,サービス業,651,663,650,663,13,2,283800,OK
2025-11-17,4293,セプテーニ・ホールディングス,スタンダード（内国株式）,サービス業,430,432,421,424,0,0,206900,OK
2025-11-17,4299,ハイマックス,スタンダード（内国株式）,情報･通信業,1205,1209,1202,1203,-5,-0.413907,6400,OK
2025-11-17,429A,テクセンドフォトマスク,プライム（内国株式）,その他製品,3320,3480,3320,3435,115,3.463855,813700,OK
2025-11-17,4301,アミューズ,プライム（内国株式）,サービス業,1840,1843,1743,1826,-18,-0.976139,160400,OK
2025-11-17,4307,野村総合研究所,プライム（内国株式）,情報･通信業,6303,6369,6278,6327,-3,-0.047393,1008100,OK
2025-11-17,4308,Ｊストリーム,グロース（内国株式）,情報･通信業,345,345,336,339,-4,-1.166181,84800,OK
2025-11-17,430A,ネクストハンズ,TOKYO PRO MARKET（内国株式）,情報･通信業,,,,,,,,NO_QUOTE
2025-11-17,4310,ドリームインキュベータ,プライム（内国株式）,サービス業,2435,2435,2379,2397,-41,-1.681706,18400,OK
2025-11-17,4316,ビーマップ,グロース（内国株式）,情報･通信業,821,828,786,805,-22,-2.660218,126900,OK
2025-11-17,4317,レイ,スタンダード（内国株式）,サービス業,650,650,615,617,-41,-6.231003,62400,OK
2025-11-17,4318,クイック,プライム（内国株式）,サービス業,2465,2465,2436,2448,-12,-0.487805,33800,OK
2025-11-17,4319,ＴＡＣ,スタンダード（内国株式）,サービス業,347,347,347,347,0,0,5000,OK
2025-11-17,431A,ユーソナー,グロース（内国株式）,情報･通信業,3245,3700,3160,3400,15,0.443131,420900,OK
2025-11-17,4320,ＣＥホールディングス,スタンダード（内国株式）,情報･通信業,1005,1019,996,1009,1,0.099206,87900,OK
2025-11-17,4323,日本システム技術,プライム（内国株式）,情報･通信業,2346,2364,2296,2321,25,1.08885,36300,OK
2025-11-17,4324,電通グループ,プライム（内国株式）,サービス業,3285,3430,3285,3383,122,3.741184,3095800,OK
2025-11-17,4326,インテージホールディングス,プライム（内国株式）,情報･通信業,1714,1714,1702,1710,0,0,22800,OK
2025-11-17,432A,クリニファー,TOKYO PRO MARKET（内国株式）,卸売業,,,,,,,,NO_QUOTE
2025-11-17,4331,テイクアンドギヴ・ニーズ,プライム（内国株式）,サービス業,787,788,776,777,-10,-1.270648,58200,OK
2025-11-17,4333,東邦システムサイエンス,プライム（内国株式）,情報･通信業,1126,1127,1110,1110,-16,-1.420959,41800,OK
2025-11-17,4334,ユークス,スタンダード（内国株式）,情報･通信業,435,442,430,442,6,1.376147,8000,OK
2025-11-17,4335,ＩＰＳホールディングス,スタンダード（内国株式）,情報･通信業,1145,1163,1145,1163,18,1.572052,2300,OK
2025-11-17,4337,ぴあ,プライム（内国株式）,サービス業,2920,2920,2807,2819,-105,-3.590971,136200,OK
2025-11-17,433A,ＭＪＥ,TOKYO PRO MARKET（内国株式）,卸売業,,,,,,,,NO_QUOTE
2025-11-17,4341,西菱電機,スタンダード（内国株式）,サービス業,763,781,763,781,1,0.128205,3100,OK
2025-11-17,4343,イオンファンタジー,プライム（内国株式）,サービス業,2867,2884,2831,2884,9,0.313043,59900,OK
2025-11-17,4344,ソースネクスト,プライム（内国株式）,情報･通信業,161,161,155,155,-6,-3.726708,2334000,OK
2025-11-17,4345,シーティーエス,プライム（内国株式）,サービス業,875,878,868,873,8,0.924855,44300,OK
2025-11-17,4346,ＮＥＸＹＺ．Ｇｒｏｕｐ,スタンダード（内国株式）,その他金融業,986,999,890,946,-99,-9.473684,65000,OK
2025-11-17,4347,ブロードメディア,スタンダード（内国株式）,サービス業,1660,1690,1641,1690,30,1.807229,21000,OK
2025-11-17,434A,ＬＯＯＰＬＡＣＥ,TOKYO PRO MARKET（内国株式）,不動産業,,,,,,,,NO_QUOTE
2025-11-17,4350,メディカルシステムネットワーク,スタンダード（内国株式）,小売業,496,501,491,496,0,0,36500,OK
2025-11-17,4351,山田再生系債権回収総合事務所,スタンダード（内国株式）,その他金融業,882,882,880,881,-1,-0.113379,1300,OK
2025-11-17,4356,応用技術,スタンダード（内国株式）,情報･通信業,1863,1863,1817,1817,-6,-0.329128,1600,OK
2025-11-17,4360,マナック・ケミカル・パートナーズ,スタンダード（内国株式）,化学,642,650,620,648,46,7.641196,58100,OK
2025-11-17,4361,川口化学工業,スタンダード（内国株式）,化学,1563,1579,1563,1578,15,0.959693,5600,OK
2025-11-17,4362,日本精化,プライム（内国株式）,化学,2682,2756,2668,2714,19,0.705009,60800,OK
2025-11-17,4365,松本油脂製薬,スタンダード（内国株式）,化学,19900,19970,19800,19970,-420,-2.059833,500,OK
2025-11-17,4366,ダイトーケミックス,スタンダード（内国株式）,化学,268,268,262,265,-1,-0.37594,80700,OK
2025-11-17,4367,広栄化学,スタンダード（内国株式）,化学,2131,2131,2112,2113,-13,-0.611477,2700,OK
2025-11-17,4368,扶桑化学工業,プライム（内国株式）,化学,5820,5940,5790,5880,50,0.857633,85800,OK
2025-11-17,4369,トリケミカル研究所,プライム（内国株式）,化学,2857,2893,2834,2845,-8,-0.280407,404800,OK
2025-11-17,436A,サイバーソリューションズ,グロース（内国株式）,情報･通信業,1450,1451,1395,1408,-46,-3.163686,124500,OK
2025-11-17,4370,モビルス,グロース（内国株式）,情報･通信業,361,367,361,367,2,0.547945,8900,OK
2025-11-17,4371,コアコンセプト・テクノロジー,グロース（内国株式）,情報･通信業,1044,1084,1027,1051,-12,-1.128881,488500,OK
2025-11-17,4372,ユミルリンク,グロース（内国株式）,情報･通信業,1422,1426,1394,1408,6,0.42796,5200,OK
2025-11-17,4373,シンプレクス・ホールディングス,プライム（内国株式）,情報･通信業,4420,4545,4400,4535,130,2.951192,200400,OK
2025-11-17,4374,ＲＯＢＯＴ　ＰＡＹＭＥＮＴ,グロース（内国株式）,情報･通信業,2851,2880,2786,2880,29,1.017187,23200,OK
2025-11-17,4375,セーフィー,グロース（内国株式）,情報･通信業,886,890,847,855,-17,-1.949541,319400,OK
2025-11-17,4376,くふうカンパニーホールディングス,グロース（内国株式）,情報･通信業,180,181,177,178,-5,-2.73224,108700,OK
2025-11-17,4377,ワンキャリア,グロース（内国株式）,情報･通信業,2653,2721,2615,2671,86,3.326886,277300,OK
2025-11-17,4378,ＣＩＮＣ,グロース（内国株式）,情報･通信業,514,523,514,523,9,1.750973,900,OK
2025-11-17,4379,Ｐｈｏｔｏｓｙｎｔｈ,グロース（内国株式）,情報･通信業,355,359,340,358,4,1.129944,112700,OK
2025-11-17,437A,ジェイウェイブ,TOKYO PRO MARKET（内国株式）,サービス業,,,,,,,,NO_QUOTE
2025-11-17,4380,Ｍマート,グロース（内国株式）,情報･通信業,1250,1250,1213,1245,-10,-0.796813,5000,OK
2025-11-17,4381,ビープラッツ,グロース（内国株式）,情報･通信業,602,608,557,574,22,3.985507,111800,OK
2025-11-17,4382,ＨＥＲＯＺ,スタンダード（内国株式）,情報･通信業,927,935,909,913,-14,-1.510248,77000,OK
2025-11-17,4384,ラクスル,プライム（内国株式）,情報･通信業,1041,1061,1030,1054,3,0.285442,433300,OK
2025-11-17,4385,メルカリ,プライム（内国株式）,情報･通信業,2590,2633.5,2580,2630,-2.5,-0.094967,1977000,OK
2025-11-17,4386,ＳＩＧグループ,スタンダード（内国株式）,情報･通信業,909,912,872,880,1,0.113766,54600,OK
2025-11-17,4387,ＺＵＵ,グロース（内国株式）,情報･通信業,635,635,604,619,-18,-2.825746,6300,OK
2025-11-17,4388,エーアイ,グロース（内国株式）,情報･通信業,495,497,479,481,-19,-3.8,32500,OK
2025-11-17,4389,プロパティデータバンク,グロース（内国株式）,情報･通信業,810,817,780,813,3,0.37037,6600,OK
2025-11-17,438A,インフキュリオン,グロース（内国株式）,情報･通信業,1337,1345,1301,1345,17,1.28012,181400,OK
2025-11-17,4390,アイ・ピー・エス,プライム（内国株式）,情報･通信業,3460,3660,3405,3650,250,7.352941,197200,OK
2025-11-17,4391,ロジザード,グロース（内国株式）,情報･通信業,1182,1182,1085,1121,-71,-5.956376,70300,OK
2025-11-17,4392,ＦＩＧ,プライム（内国株式）,情報･通信業,307,310,301,304,-11,-3.492063,393900,OK
2025-11-17,4393,バンク・オブ・イノベーション,グロース（内国株式）,情報･通信業,6940,7350,6710,7320,-220,-2.917772,81500,OK
2025-11-17,4394,エクスモーション,グロース（内国株式）,情報･通信業,805,805,780,789,-11,-1.375,18700,OK
2025-11-17,4395,アクリート,グロース（内国株式）,情報･通信業,926,962,900,960,-11,-1.132853,94900,OK
2025-11-17,4396,システムサポートホールディングス,プライム（内国株式）,情報･通信業,2841,2873,2811,2840,39,1.39236,67300,OK
2025-11-17,4397,チームスピリット,グロース（内国株式）,情報･通信業,525,528,507,510,-15,-2.857143,84200,OK
2025-11-17,4398,ブロードバンドセキュリティ,スタンダード（内国株式）,情報･通信業,1552,1552,1507,1520,-43,-2.75112,20700,OK
2025-11-17,439A,アクトビ,TOKYO PRO MARKET（内国株式）,情報･通信業,,,,,,,,NO_QUOTE
2025-11-17,4401,ＡＤＥＫＡ,プライム（内国株式）,化学,3598,3634,3583,3598,-24,-0.662617,231100,OK
2025-11-17,4403,日油,プライム（内国株式）,化学,2755.5,2782.5,2730.5,2761,-4,-0.144665,547400,OK
2025-11-17,4404,ミヨシ油脂,スタンダード（内国株式）,食料品,2339,2344,2310,2335,12,0.516573,33600,OK
2025-11-17,4406,新日本理化,スタンダード（内国株式）,化学,212,213,211,212,-3,-1.395349,146500,OK
2025-11-17,4409,東邦化学工業,スタンダード（内国株式）,化学,730,735,720,721,-8,-1.097394,12400,OK
2025-11-17,4410,ハリマ化成グループ,プライム（内国株式）,化学,861,861,850,852,-13,-1.50289,63400,OK
2025-11-17,4412,サイエンスアーツ,グロース（内国株式）,情報･通信業,1599,1605,1542,1575,-12,-0.756144,76900,OK
2025-11-17,4413,ボードルア,プライム（内国株式）,情報･通信業,2628,2630,2569,2623,8,0.305927,101300,OK
2025-11-17,4414,フレクト,グロース（内国株式）,情報･通信業,1800,1837,1747,1765,-27,-1.506696,49000,OK
2025-11-17,4415,ブロードエンタープライズ,グロース（内国株式）,情報･通信業,1173,1173,1148,1151,-13,-1.116838,7900,OK
2025-11-17,4416,Ｔｒｕｅ　Ｄａｔａ,グロース（内国株式）,情報･通信業,764,819,750,806,41,5.359477,23200,OK
2025-11-17,4417,グローバルセキュリティエキスパート,グロース（内国株式）,情報･通信業,3550,3585,3505,3585,45,1.271186,41100,OK
2025-11-17,4418,ＪＤＳＣ,グロース（内国株式）,情報･通信業,1550,1679,1489,1516,126,9.064748,1589400,OK
2025-11-17,4419,Ｆｉｎａｔｅｘｔホールディングス,グロース（内国株式）,情報･通信業,925,956,913,935,-4,-0.425985,501800,OK
2025-11-17,441A,ＮＥ,グロース（内国株式）,情報･通信業,670,670,631,638,-41,-6.038292,287500,OK
2025-11-17,4420,イーソル,スタンダード（内国株式）,情報･通信業,550,550,480,499,-57,-10.251799,396800,OK
2025-11-17,4421,ディ・アイ・システム,スタンダード（内国株式）,情報･通信業,887,916,883,916,-67,-6.81587,32400,OK
2025-11-17,4422,ＶＡＬＵＥＮＥＸ,グロース（内国株式）,情報･通信業,488,497,485,490,1,0.204499,2100,OK
2025-11-17,4424,Ａｍａｚｉａ,グロース（内国株式）,情報･通信業,260,260,250,250,-9,-3.474903,9600,OK
2025-11-17,4425,Ｋｕｄａｎ,グロース（内国株式）,情報･通信業,1145,1145,1111,1141,-22,-1.89166,108400,OK
2025-11-17,4426,パスロジ,TOKYO PRO MARKET（内国株式）,情報･通信業,,,,,,,,NO_QUOTE
2025-11-17,4427,ＥｄｕＬａｂ,グロース（内国株式）,情報･通信業,327,327,301,313,-17,-5.151515,22400,OK
2025-11-17,4428,シノプス,グロース（内国株式）,情報･通信業,813,813,773,790,-25,-3.067485,19100,OK
2025-11-17,4429,リックソフト,グロース（内国株式）,情報･通信業,939,954,924,940,0,0,5100,OK
2025-11-17,442A,クラシコ,グロース（内国株式）,繊維製品,2172,2172,2101,2144,-55,-2.501137,9900,OK
2025-11-17,4430,東海ソフト,スタンダード（内国株式）,情報･通信業,1701,1713,1675,1685,-17,-0.998825,18300,OK
2025-11-17,4431,スマレジ,グロース（内国株式）,情報･通信業,2858,2859,2762,2819,-34,-1.191728,47400,OK
2025-11-17,4432,ウイングアーク１ｓｔ,プライム（内国株式）,情報･通信業,3590,3605,3550,3570,0,0,72900,OK
2025-11-17,4433,ヒト・コミュニケーションズ・ホールディングス,プライム（内国株式）,情報･通信業,1018,1032,1018,1026,8,0.785855,36700,OK
2025-11-17,4434,サーバーワークス,スタンダード（内国株式）,情報･通信業,1768,1810,1755,1809,47,2.667423,41500,OK
2025-11-17,4436,ミンカブ・ジ・インフォノイド,グロース（内国株式）,情報･通信業,492,492,461,463,-29,-5.894309,126400,OK
2025-11-17,4437,ｇｏｏｄｄａｙｓホールディングス,グロース（内国株式）,情報･通信業,608,608,601,601,-8,-1.313629,2700,OK
2025-11-17,4438,Ｗｅｌｂｙ,グロース（内国株式）,情報･通信業,365,365,316,331,-26,-7.282913,266100,OK
2025-11-17,4439,東名,スタンダード（内国株式）,情報･通信業,1037,1048,1018,1042,9,0.871249,61400,OK
2025-11-17,4440,ヴィッツ,スタンダード（内国株式）,情報･通信業,1056,1056,1034,1053,-1,-0.094877,15900,OK
2025-11-17,4441,トビラシステムズ,スタンダード（内国株式）,情報･通信業,977,987,967,984,5,0.510725,10300,OK
2025-11-17,4442,バルテス・ホールディングス,グロース（内国株式）,情報･通信業,442,444,429,430,-23,-5.077263,70800,OK
2025-11-17,4443,Ｓａｎｓａｎ,プライム（内国株式）,情報･通信業,1731,1750,1704,1732,-19,-1.085094,352300,OK
2025-11-17,4444,インフォネット,グロース（内国株式）,情報･通信業,897,902,885,897,-3,-0.333333,5600,OK
2025-11-17,4445,リビン・テクノロジーズ,グロース（内国株式）,情報･通信業,3700,3800,3680,3680,50,1.37741,3000,OK
2025-11-17,4446,Ｌｉｎｋ−Ｕグループ,プライム（内国株式）,情報･通信業,992,1104,985,1044,8,0.772201,1269100,OK
2025-11-17,4447,ピー・ビーシステムズ,グロース（内国株式）,情報･通信業,503,503,478,479,-19,-3.815261,16900,OK
2025-11-17,4448,ｋｕｂｅｌｌ,グロース（内国株式）,情報･通信業,382,386,353,354,-36,-9.230769,668200,OK
2025-11-17,4449,ギフティ,プライム（内国株式）,情報･通信業,1086,1089,977,978,-106,-9.778598,2060000,OK
2025-11-17,4450,パワーソリューションズ,グロース（内国株式）,情報･通信業,2112,2112,2050,2078,-84,-3.885291,16300,OK
2025-11-17,4452,花王,プライム（内国株式）,化学,6615,6638,6500,6500,-161,-2.417054,1266100,OK
2025-11-17,445A,東洋コーポレーション,TOKYO PRO MARKET（内国株式）,不動産業,,,,,,,,NO_QUOTE
2025-11-17,4461,第一工業製薬,プライム（内国株式）,化学,7470,7970,7450,7950,330,4.330709,206000,OK
2025-11-17,4462,石原ケミカル,プライム（内国株式）,化学,2170,2181,2150,2155,0,0,12700,OK
2025-11-17,4463,日華化学,スタンダード（内国株式）,化学,1492,1504,1490,1491,-1,-0.067024,7900,OK
2025-11-17,4464,ソフト９９コーポレーション,スタンダード（内国株式）,化学,4010,4015,3995,4005,-15,-0.373134,93000,OK
2025-11-17,4465,ニイタカ,スタンダード（内国株式）,化学,2556,2560,2530,2554,-1,-0.039139,12400,OK
2025-11-17,4471,三洋化成工業,プライム（内国株式）,化学,4580,4580,4525,4570,20,0.43956,53200,OK
2025-11-17,4475,ＨＥＮＮＧＥ,グロース（内国株式）,情報･通信業,1305,1345,1295,1345,40,3.065134,524300,OK
2025-11-17,4476,ＡＩ　ＣＲＯＳＳ,グロース（内国株式）,情報･通信業,1800,1834,1792,1834,15,0.824629,21600,OK
2025-11-17,4477,ＢＡＳＥ,グロース（内国株式）,情報･通信業,344,345,333,336,-9,-2.608696,982900,OK
2025-11-17,4478,フリー,グロース（内国株式）,情報･通信業,3485,3535,3375,3475,-55,-1.558074,514800,OK
2025-11-17,4479,マクアケ,グロース（内国株式）,情報･通信業,781,784,771,784,11,1.423027,38400,OK
2025-11-17,4480,メドレー,プライム（内国株式）,情報･通信業,2477,2580,2446,2555,278,12.209047,1576600,OK
2025-11-17,4481,ベース,プライム（内国株式）,情報･通信業,3360,3380,3125,3170,-235,-6.901615,163400,OK
2025-11-17,4482,ウィルズ,グロース（内国株式）,情報･通信業,758,759,748,748,3,0.402685,33300,OK
2025-11-17,4483,ＪＭＤＣ,プライム（内国株式）,情報･通信業,4380,4435,4250,4275,-105,-2.39726,307000,OK
2025-11-17,4484,ランサーズ,グロース（内国株式）,情報･通信業,290,290,285,285,-5,-1.724138,63200,OK
2025-11-17,4486,ユナイトアンドグロウ,グロース（内国株式）,情報･通信業,760,760,734,748,-12,-1.578947,52000,OK
2025-11-17,4487,スペースマーケット,グロース（内国株式）,情報･通信業,324,325,315,321,-4,-1.230769,31100,OK
2025-11-17,4488,ＡＩ　ｉｎｓｉｄｅ,グロース（内国株式）,情報･通信業,3060,3090,2974,3085,-5,-0.161812,62300,OK
2025-11-17,4490,ビザスク,グロース（内国株式）,情報･通信業,544,548,514,516,-38,-6.859206,67100,OK
2025-11-17,4491,コンピューターマネージメント,スタンダード（内国株式）,情報･通信業,2619,2638,2615,2615,-9,-0.342988,2100,OK
2025-11-17,4492,ゼネテック,スタンダード（内国株式）,情報･通信業,445,450,443,447,1,0.224215,14500,OK
2025-11-17,4493,サイバーセキュリティクラウド,グロース（内国株式）,情報･通信業,2020,2081,1964,1993,173,9.505495,842100,OK
2025-11-17,4494,バリオセキュア,スタンダード（内国株式）,情報･通信業,799,799,763,783,-16,-2.002503,14800,OK
2025-11-17,4495,アイキューブドシステムズ,グロース（内国株式）,情報･通信業,2598,2598,2477,2564,40,1.584786,28800,OK
2025-11-17,4496,コマースＯｎｅホールディングス,グロース（内国株式）,情報･通信業,809,819,806,807,-2,-0.247219,7100,OK
2025-11-17,4498,サイバートラスト,グロース（内国株式）,情報･通信業,1300,1306,1277,1286,-7,-0.541377,72700,OK
2025-11-17,4499,Ｓｐｅｅｅ,スタンダード（内国株式）,情報･通信業,2579,2648,2362,2380,-149,-5.891657,408700,OK
2025-11-17,4502,武田薬品工業,プライム（内国株式）,医薬品,4373,4416,4361,4372,-71,-1.598019,3245900,OK
2025-11-17,4503,アステラス製薬,プライム（内国株式）,医薬品,1890,1911.5,1882.5,1896,3,0.158479,7921300,OK
2025-11-17,4506,住友ファーマ,プライム（内国株式）,医薬品,2425,2466,2393,2458.5,58.5,2.4375,8885600,OK
2025-11-17,4507,塩野義製薬,プライム（内国株式）,医薬品,2720,2735.5,2681,2685,-48,-1.756312,2806100,OK
2025-11-17,4512,わかもと製薬,スタンダード（内国株式）,医薬品,289,289,281,282,-4,-1.398601,44800,OK
2025-11-17,4516,日本新薬,プライム（内国株式）,医薬品,3558,3572,3477,3546,-8,-0.225098,372200,OK
2025-11-17,4519,中外製薬,プライム（内国株式）,医薬品,8263,8574,8230,8503,390,4.8071,3647400,OK
2025-11-17,4521,科研製薬,プライム（内国株式）,医薬品,3665,3695,3655,3680,20,0.546448,183700,OK
2025-11-17,4523,エーザイ,プライム（内国株式）,医薬品,4629,4733,4617,4675,74,1.608346,1469700,OK
2025-11-17,4524,森下仁丹,スタンダード（内国株式）,医薬品,2178,2178,2136,2137,9,0.422932,2800,OK
2025-11-17,4526,理研ビタミン,プライム（内国株式）,食料品,2846,2866,2836,2860,15,0.527241,67100,OK
2025-11-17,4527,ロート製薬,プライム（内国株式）,医薬品,2410,2458.5,2394.5,2446,6,0.245902,978800,OK
2025-11-17,4528,小野薬品工業,プライム（内国株式）,医薬品,2033.5,2037.5,2000.5,2013.5,-26,-1.274822,1275000,OK
2025-11-17,4530,久光製薬,プライム（内国株式）,医薬品,4180,4185,4132,4145,-38,-0.908439,140300,OK
2025-11-17,4531,有機合成薬品工業,スタンダード（内国株式）,化学,282,283,280,282,-2,-0.704225,19000,OK
2025-11-17,4534,持田製薬,プライム（内国株式）,医薬品,3240,3325,3240,3310,55,1.689708,59200,OK
2025-11-17,4536,参天製薬,プライム（内国株式）,医薬品,1585,1598,1575.5,1592.5,0,0,797900,OK
2025-11-17,4538,扶桑薬品工業,プライム（内国株式）,医薬品,2188,2200,2157,2169,-15,-0.686813,13800,OK
2025-11-17,4539,日本ケミファ,スタンダード（内国株式）,医薬品,1526,1526,1514,1525,-1,-0.065531,4300,OK
2025-11-17,4540,ツムラ,プライム（内国株式）,医薬品,3855,3870,3728,3815,-93,-2.379734,659000,OK
2025-11-17,4543,テルモ,プライム（内国株式）,精密機器,2366,2409,2362,2402.5,28.5,1.200505,4365900,OK
2025-11-17,4544,Ｈ．Ｕ．グループホールディングス,プライム（内国株式）,サービス業,3667,3692,3611,3664,14,0.383562,214000,OK
2025-11-17,4547,キッセイ薬品工業,プライム（内国株式）,医薬品,4140,4200,4140,4180,40,0.966184,78900,OK
2025-11-17,4548,生化学工業,プライム（内国株式）,医薬品,680,685,678,680,-4,-0.584795,76100,OK
2025-11-17,4549,栄研化学,プライム（内国株式）,医薬品,2350,2378,2349,2373,23,0.978723,77700,OK
2025-11-17,4552,ＪＣＲファーマ,プライム（内国株式）,医薬品,640,640,627,633,-7,-1.09375,534700,OK
2025-11-17,4553,東和薬品,プライム（内国株式）,医薬品,2955,2978,2938,2951,-21,-0.706595,160000,OK
2025-11-17,4554,富士製薬工業,プライム（内国株式）,医薬品,1681,1685,1659,1671,-7,-0.417163,89300,OK
2025-11-17,4556,カイノス,スタンダード（内国株式）,医薬品,1250,1256,1248,1251,0,0,1200,OK
2025-11-17,4558,中京医薬品,スタンダード（内国株式）,医薬品,205,205,204,204,-1,-0.487805,18300,OK
2025-11-17,4559,ゼリア新薬工業,プライム（内国株式）,医薬品,1961,1968,1947,1953,-7,-0.357143,40700,OK
2025-11-17,4563,アンジェス,グロース（内国株式）,医薬品,76,77,74,75,-1,-1.315789,2400200,OK
2025-11-17,4564,オンコセラピー・サイエンス,グロース（内国株式）,医薬品,23,24,22,23,-1,-4.166667,61120300,OK
2025-11-17,4565,ネクセラファーマ,プライム（内国株式）,医薬品,870,871,850,859,-3,-0.348028,520100,OK
2025-11-17,4568,第一三共,プライム（内国株式）,医薬品,3470,3494,3425,3481,-24,-0.684736,4804500,OK
2025-11-17,4569,杏林製薬,プライム（内国株式）,医薬品,1411,1432,1411,1428,17,1.204819,131400,OK
2025-11-17,4570,免疫生物研究所,グロース（内国株式）,医薬品,821,851,771,851,150,21.398003,2434800,OK
2025-11-17,4571,ＮＡＮＯ　ＭＲＮＡ,グロース（内国株式）,医薬品,157,157,148,150,-8,-5.063291,739200,OK
2025-11-17,4572,カルナバイオサイエンス,グロース（内国株式）,医薬品,209,213,208,211,3,1.442308,77200,OK
2025-11-17,4574,大幸薬品,プライム（内国株式）,医薬品,294,298,290,290,-5,-1.694915,72300,OK
2025-11-17,4575,キャンバス,グロース（内国株式）,医薬品,815,817,777,789,-29,-3.545232,398500,OK
2025-11-17,4576,デ・ウエスタン・セラピテクス研究所,グロース（内国株式）,医薬品,102,102,98,98,-5,-4.854369,1451900,OK
2025-11-17,4577,ダイト,プライム（内国株式）,医薬品,1263,1273,1253,1259,-3,-0.237718,40600,OK
2025-11-17,4578,大塚ホールディングス,プライム（内国株式）,医薬品,8350,8427,8271,8406,40,0.478126,847600,OK
2025-11-17,4579,ラクオリア創薬,グロース（内国株式）,医薬品,527,541,521,541,24,4.642166,278700,OK
2025-11-17,4582,シンバイオ製薬,グロース（内国株式）,医薬品,110,110,105,106,-2,-1.851852,339100,OK
2025-11-17,4583,カイオム・バイオサイエンス,グロース（内国株式）,医薬品,124,125,122,123,-2,-1.6,397600,OK
2025-11-17,4584,キッズウェル・バイオ,グロース（内国株式）,医薬品,260,261,242,244,-19,-7.224335,1605200,OK
2025-11-17,4586,メドレックス,グロース（内国株式）,医薬品,125,130,119,128,2,1.587302,1510000,OK
2025-11-17,4587,ペプチドリーム,プライム（内国株式）,医薬品,1630,1631,1551,1583.5,-47.5,-2.912324,647900,OK
2025-11-17,4588,オンコリスバイオファーマ,グロース（内国株式）,医薬品,1038,1070,1025,1068,25,2.396932,1465900,OK
2025-11-17,4591,リボミック,グロース（内国株式）,医薬品,86,87,82,84,-4,-4.545455,955600,OK
2025-11-17,4592,サンバイオ,グロース（内国株式）,医薬品,2554,2559,2424,2444,-110,-4.306969,1140700,OK
2025-11-17,4593,ヘリオス,グロース（内国株式）,医薬品,467,469,444,451,-12,-2.591793,1868700,OK
2025-11-17,4594,ブライトパス・バイオ,グロース（内国株式）,医薬品,60,60,57,58,-2,-3.333333,1924800,OK
2025-11-17,4595,ミズホメディー,スタンダード（内国株式）,医薬品,1630,1639,1609,1618,-12,-0.736196,85400,OK
2025-11-17,4596,窪田製薬ホールディングス,グロース（内国株式）,医薬品,63,64,47,51,-8,-13.559322,7707300,OK
2025-11-17,4597,ソレイジア・ファーマ,グロース（内国株式）,医薬品,32,33,31,33,1,3.125,59834600,OK
2025-11-17,4598,Ｄｅｌｔａ−Ｆｌｙ　Ｐｈａｒｍａ,グロース（内国株式）,医薬品,530,563,526,548,36,7.03125,638700,OK
2025-11-17,4599,ステムリム,グロース（内国株式）,医薬品,287,287,278,278,-9,-3.135889,71900,OK
2025-11-17,4611,大日本塗料,プライム（内国株式）,化学,1280,1281,1271,1278,0,0,48600,OK
2025-11-17,4612,日本ペイントホールディングス,プライム（内国株式）,化学,1058,1061,999.5,1003.5,6.3,0.631769,11493900,OK
2025-11-17,4613,関西ペイント,プライム（内国株式）,化学,2350,2369,2345,2363,13,0.553191,499000,OK
2025-11-17,4615,神東塗料,スタンダード（内国株式）,化学,126,127,126,126,-1,-0.787402,35600,OK
2025-11-17,4616,川上塗料,スタンダード（内国株式）,化学,2354,2415,2354,2382,28,1.189465,3800,OK
2025-11-17,4617,中国塗料,プライム（内国株式）,化学,4395,4515,4370,4430,65,1.489118,348900,OK
2025-11-17,4619,日本特殊塗料,スタンダード（内国株式）,化学,2170,2177,2152,2172,11,0.509024,47000,OK
2025-11-17,4620,藤倉化成,スタンダード（内国株式）,化学,602,605,594,604,-7,-1.145663,44300,OK
2025-11-17,4623,アサヒペン,スタンダード（内国株式）,化学,1722,1722,1710,1713,-3,-0.174825,1300,OK
2025-11-17,4624,イサム塗料,スタンダード（内国株式）,化学,3545,3585,3545,3585,40,1.12835,1000,OK
2025-11-17,4625,アトミクス,スタンダード（内国株式）,化学,689,689,680,682,-6,-0.872093,3100,OK
2025-11-17,4626,太陽ホールディングス,プライム（内国株式）,化学,8742,8876,8601,8817,75,0.857927,139600,OK
2025-11-17,4627,ナトコ,スタンダード（内国株式）,化学,1539,1566,1539,1566,2,0.127877,2300,OK
2025-11-17,4628,エスケー化研,スタンダード（内国株式）,化学,9350,9580,9330,9450,100,1.069519,4300,OK
2025-11-17,4629,大伸化学,スタンダード（内国株式）,化学,1620,1620,1610,1610,-10,-0.617284,2500,OK
2025-11-17,4631,ＤＩＣ,プライム（内国株式）,化学,3833,3862,3811,3855,-9,-0.232919,414000,OK
2025-11-17,4633,サカタインクス,プライム（内国株式）,化学,2324,2345,2304,2339,15,0.645439,91000,OK
2025-11-17,4634,ａｒｔｉｅｎｃｅ,プライム（内国株式）,化学,3165,3360,3165,3345,40,1.210287,202900,OK
2025-11-17,4635,東京インキ,スタンダード（内国株式）,化学,6710,6800,6710,6800,90,1.341282,10400,OK
2025-11-17,4641,アルプス技研,プライム（内国株式）,サービス業,2644,2659,2622,2638,12,0.456969,37600,OK
2025-11-17,4642,オリジナル設計,スタンダード（内国株式）,サービス業,1527,1527,1480,1497,-33,-2.156863,9600,OK
2025-11-17,4644,イマジニア,スタンダード（内国株式）,情報･通信業,1055,1058,1046,1055,2,0.189934,8100,OK
2025-11-17,4645,市進ホールディングス,スタンダード（内国株式）,サービス業,450,450,448,448,-2,-0.444444,1300,OK
2025-11-17,4650,ＳＤエンターテイメント,スタンダード（内国株式）,サービス業,287,287,286,286,0,0,9200,OK
2025-11-17,4651,サニックスホールディングス,スタンダード（内国株式）,サービス業,208,211,206,210,10,5,155000,OK
2025-11-17,4657,環境管理センター,スタンダード（内国株式）,サービス業,425,425,409,411,-12,-2.836879,14000,OK
2025-11-17,4658,日本空調サービス,プライム（内国株式）,サービス業,1247,1247,1215,1222,-21,-1.689461,74900,OK
2025-11-17,4659,エイジス,スタンダード（内国株式）,サービス業,2973,2973,2875,2925,-40,-1.349073,3000,OK
2025-11-17,4661,オリエンタルランド,プライム（内国株式）,サービス業,3099,3108,2967,2982.5,-179.5,-5.676787,11614800,OK
2025-11-17,4662,フォーカスシステムズ,プライム（内国株式）,情報･通信業,1702,1753,1701,1746,124,7.644883,135700,OK
2025-11-17,4664,アール・エス・シー,スタンダード（内国株式）,サービス業,755,755,755,755,100,15.267176,41000,OK
2025-11-17,4665,ダスキン,プライム（内国株式）,サービス業,3939,3971,3919,3952,-3,-0.075853,110900,OK
2025-11-17,4666,パーク２４,プライム（内国株式）,不動産業,1735,1741,1694,1713,-37,-2.114286,1237400,OK
2025-11-17,4667,アイサンテクノロジー,スタンダード（内国株式）,情報･通信業,1810,1811,1742,1768,-28,-1.55902,31200,OK
2025-11-17,4668,明光ネットワークジャパン,プライム（内国株式）,サービス業,717,720,712,713,-7,-0.972222,34100,OK
2025-11-17,4671,ファルコホールディングス,スタンダード（内国株式）,サービス業,2581,2581,2552,2557,-1,-0.039093,6700,OK
2025-11-17,4673,川崎地質,スタンダード（内国株式）,サービス業,4960,4960,4815,4960,55,1.121305,8700,OK
2025-11-17,4674,クレスコ,プライム（内国株式）,情報･通信業,1520,1520,1492,1504,-11,-0.726073,80800,OK
2025-11-17,4676,フジ・メディア・ホールディングス,プライム（内国株式）,情報･通信業,3385,3450,3364,3445,40,1.174743,389300,OK
2025-11-17,4678,秀英予備校,スタンダード（内国株式）,サービス業,290,293,289,292,2,0.689655,9400,OK
2025-11-17,4679,田谷,スタンダード（内国株式）,サービス業,234,235,232,232,-4,-1.694915,23600,OK
2025-11-17,4680,ラウンドワン,プライム（内国株式）,サービス業,990,1004.5,971.6,986.3,-33.7,-3.303922,3538000,OK
2025-11-17,4681,リゾートトラスト,プライム（内国株式）,サービス業,1888,1900,1868,1878.5,-28.5,-1.494494,567000,OK
2025-11-17,4684,オービック,プライム（内国株式）,情報･通信業,4997,5061,4979,5059,61,1.220488,850000,OK
2025-11-17,4685,菱友システムズ,スタンダード（内国株式）,情報･通信業,3505,3510,3405,3470,-35,-0.998573,70600,OK
2025-11-17,4686,ジャストシステム,プライム（内国株式）,情報･通信業,5150,5290,5050,5200,90,1.761252,123800,OK
2025-11-17,4687,ＴＤＣソフト,プライム（内国株式）,情報･通信業,1299,1309,1276,1277,-28,-2.145594,62400,OK
2025-11-17,4689,ＬＩＮＥヤフー,プライム（内国株式）,情報･通信業,430,431.8,422.5,428.8,-1.4,-0.32543,15362100,OK
2025-11-17,4690,日本パレットプール,スタンダード（内国株式）,サービス業,1677,1677,1665,1677,0,0,2300,OK
2025-11-17,4691,ワシントンホテル,スタンダード（内国株式）,サービス業,1523,1523,1434,1472,-125,-7.827176,195500,OK
2025-11-17,4694,ビー・エム・エル,プライム（内国株式）,サービス業,3670,3680,3650,3655,-15,-0.408719,48900,OK
2025-11-17,4704,トレンドマイクロ,プライム（内国株式）,情報･通信業,7800,7895,7710,7830,100,1.293661,1102000,OK
2025-11-17,4705,クリップコーポレーション,スタンダード（内国株式）,サービス業,822,829,822,829,7,0.851582,1700,OK
2025-11-17,4707,キタック,スタンダード（内国株式）,サービス業,353,354,349,349,-3,-0.852273,11700,OK
2025-11-17,4709,ＩＤホールディングス,プライム（内国株式）,情報･通信業,2033,2067,2027,2050,10,0.490196,27000,OK
2025-11-17,4712,ＫｅｙＨｏｌｄｅｒ,スタンダード（内国株式）,サービス業,709,710,703,707,-2,-0.282087,10600,OK
2025-11-17,4714,リソー教育グループ,プライム（内国株式）,サービス業,203,203,201,201,-3,-1.470588,345000,OK
2025-11-17,4716,日本オラクル,スタンダード（内国株式）,情報･通信業,13865,13965,13785,13935,-30,-0.214823,105300,OK
2025-11-17,4718,早稲田アカデミー,プライム（内国株式）,サービス業,2401,2410,2342,2343,-49,-2.048495,22600,OK
2025-11-17,4719,アルファシステムズ,プライム（内国株式）,情報･通信業,4075,4140,4065,4100,115,2.885822,19200,OK
2025-11-17,4720,城南進学研究社,スタンダード（内国株式）,サービス業,270,270,253,258,-1,-0.3861,45000,OK
2025-11-17,4722,フューチャー,プライム（内国株式）,情報･通信業,2109,2116,2076,2090,-23,-1.0885,140800,OK
2025-11-17,4725,ＣＡＣ　Ｈｏｌｄｉｎｇｓ,プライム（内国株式）,情報･通信業,2078,2080,2063,2065,-5,-0.241546,29100,OK
2025-11-17,4728,トーセ,スタンダード（内国株式）,情報･通信業,638,638,631,631,-7,-1.097179,5300,OK
2025-11-17,4732,ユー・エス・エス,プライム（内国株式）,サービス業,1700.5,1731.5,1700.5,1723,6.5,0.378678,965600,OK
2025-11-17,4733,オービックビジネスコンサルタント,プライム（内国株式）,情報･通信業,8821,8878,8720,8825,45,0.512528,75800,OK
2025-11-17,4735,京進,スタンダード（内国株式）,サービス業,287,288,285,288,1,0.348432,2600,OK
2025-11-17,4736,日本ラッド,スタンダード（内国株式）,情報･通信業,685,693,685,691,4,0.582242,13200,OK
2025-11-17,4743,アイティフォー,プライム（内国株式）,情報･通信業,1659,1666,1617,1648,-12,-0.722892,93200,OK
2025-11-17,4745,東京個別指導学院,スタンダード（内国株式）,サービス業,444,445,444,444,0,0,237200,OK
2025-11-17,4746,東計電算,スタンダード（内国株式）,情報･通信業,4150,4230,4100,4125,-50,-1.197605,10100,OK
2025-11-17,4750,ダイサン,スタンダード（内国株式）,サービス業,585,587,585,586,1,0.17094,5400,OK
2025-11-17,4751,サイバーエージェント,プライム（内国株式）,サービス業,1477.5,1486.5,1366,1394.5,-161,-10.35037,15469400,OK
2025-11-17,4752,昭和システムエンジニアリング,スタンダード（内国株式）,情報･通信業,1648,1667,1630,1665,17,1.031553,2300,OK
2025-11-17,4754,トスネット,スタンダード（内国株式）,サービス業,1513,1534,1504,1521,4,0.263678,1700,OK
2025-11-17,4755,楽天グループ,プライム（内国株式）,サービス業,952,964.7,932.2,954.1,2.2,0.231117,19520300,OK
2025-11-17,4760,アルファ,スタンダード（内国株式）,サービス業,1633,1674,1631,1674,52,3.205919,1000,OK
2025-11-17,4761,さくらケーシーエス,スタンダード（内国株式）,情報･通信業,1249,1249,1235,1244,-14,-1.112878,5100,OK
2025-11-17,4762,エックスネット,スタンダード（内国株式）,情報･通信業,1421,1421,1406,1406,-14,-0.985915,1500,OK
2025-11-17,4763,クリーク・アンド・リバー社,プライム（内国株式）,サービス業,1427,1433,1421,1430,-1,-0.069881,27400,OK
2025-11-17,4765,ＳＢＩグローバルアセットマネジメント,プライム（内国株式）,サービス業,597,604,591,604,7,1.172529,328100,OK
2025-11-17,4766,ピーエイ,スタンダード（内国株式）,サービス業,290,290,283,283,1,0.35461,30000,OK
2025-11-17,4767,テー・オー・ダブリュー,スタンダード（内国株式）,サービス業,374,378,371,372,-4,-1.06383,129400,OK
2025-11-17,4768,大塚商会,プライム（内国株式）,情報･通信業,2988,3017,2942.5,3017,17,0.566667,895300,OK
2025-11-17,4769,ＩＣ,スタンダード（内国株式）,情報･通信業,1082,1082,1082,1082,8,0.744879,100,OK
2025-11-17,4771,エフアンドエム,スタンダード（内国株式）,サービス業,2489,2489,2418,2471,-19,-0.763052,61000,OK
2025-11-17,4772,ＳＭ　ＥＮＴＥＲＴＡＩＮＭＥＮＴ　ＪＡＰＡＮ,グロース（内国株式）,情報･通信業,108,108,105,108,1,0.934579,110600,OK
2025-11-17,4776,サイボウズ,プライム（内国株式）,情報･通信業,3185,3215,3090,3200,125,4.065041,466100,OK
2025-11-17,4777,ガーラ,スタンダード（内国株式）,情報･通信業,223,225,219,223,4,1.826484,45300,OK
2025-11-17,4783,ＮＣＤ,スタンダード（内国株式）,情報･通信業,2535,2564,2510,2541,26,1.033797,40800,OK
2025-11-17,4784,ＧＭＯインターネット,プライム（内国株式）,サービス業,833,863,800,819,-12,-1.444043,873800,OK
2025-11-17,4792,山田コンサルティンググループ,プライム（内国株式）,サービス業,1753,1753,1727,1733,-21,-1.197263,10000,OK
2025-11-17,4800,オリコン,スタンダード（内国株式）,情報･通信業,835,840,834,834,-1,-0.11976,9800,OK
2025-11-17,4801,セントラルスポーツ,プライム（内国株式）,サービス業,2413,2425,2402,2402,-14,-0.57947,8100,OK
2025-11-17,4809,パラカ,プライム（内国株式）,不動産業,1999,1999,1975,1992,-2,-0.100301,14000,OK
2025-11-17,4811,ドリーム・アーツ,グロース（内国株式）,情報･通信業,3975,3975,3700,3840,-85,-2.165605,38500,OK
2025-11-17,4812,電通総研,プライム（内国株式）,情報･通信業,7870,8020,7810,8010,220,2.824134,185100,OK
2025-11-17,4813,ＡＣＣＥＳＳ,プライム（内国株式）,情報･通信業,568,574,549,551,-23,-4.006969,267800,OK
2025-11-17,4814,ネクストウェア,スタンダード（内国株式）,情報･通信業,179,184,177,181,-2,-1.092896,218200,OK
2025-11-17,4816,東映アニメーション,スタンダード（内国株式）,情報･通信業,2892,2945,2864,2942,32,1.099656,381100,OK
2025-11-17,4819,デジタルガレージ,プライム（内国株式）,情報･通信業,3150,3175,3090,3095,-120,-3.732504,210200,OK
2025-11-17,4820,イーエムシステムズ,プライム（内国株式）,情報･通信業,815,820,808,810,-2,-0.246305,183800,OK
2025-11-17,4825,ウェザーニューズ,プライム（内国株式）,情報･通信業,4015,4020,3940,3940,-75,-1.867995,68500,OK
2025-11-17,4826,ＣＩＪ,プライム（内国株式）,情報･通信業,512,515,505,507,-9,-1.744186,185800,OK
2025-11-17,4828,ビジネスエンジニアリング,プライム（内国株式）,情報･通信業,7060,7370,6970,7350,350,5,56400,OK
2025-11-17,4829,日本エンタープライズ,スタンダード（内国株式）,情報･通信業,111,111,109,109,-2,-1.801802,235600,OK
2025-11-17,4832,ＪＦＥシステムズ,スタンダード（内国株式）,情報･通信業,1921,1930,1905,1928,7,0.364394,9100,OK
2025-11-17,4833,Ｄｅｆ　ｃｏｎｓｕｌｔｉｎｇ,グロース（内国株式）,サービス業,73,77,71,71,-6,-7.792208,2141800,OK
2025-11-17,4838,スペースシャワーＳＫＩＹＡＫＩホールディングス,スタンダード（内国株式）,情報･通信業,786,789,758,778,-23,-2.871411,243500,OK
2025-11-17,4839,ＷＯＷＯＷ,プライム（内国株式）,情報･通信業,1455,1487,1454,1486,11,0.745763,83400,OK
2025-11-17,4840,トライアイズ,グロース（内国株式）,サービス業,487,490,484,490,0,0,7200,OK
2025-11-17,4845,スカラ,プライム（内国株式）,情報･通信業,392,396,388,389,-7,-1.767677,68000,OK
2025-11-17,4847,インテリジェント　ウェイブ,プライム（内国株式）,情報･通信業,972,972,954,961,-10,-1.029866,66800,OK
2025-11-17,4848,フルキャストホールディングス,プライム（内国株式）,サービス業,1704,1710,1687,1709,5,0.293427,95500,OK
2025-11-17,4849,エン,プライム（内国株式）,サービス業,1370,1374,1316,1342,-26,-1.900585,427300,OK
2025-11-17,4880,セルソース,プライム（内国株式）,医薬品,509,509,491,497,-8,-1.584158,112400,OK
2025-11-17,4881,ファンペップ,グロース（内国株式）,医薬品,91,91,89,89,-2,-2.197802,265400,OK
2025-11-17,4882,ペルセウスプロテオミクス,グロース（内国株式）,医薬品,301,303,294,299,-4,-1.320132,182300,OK
2025-11-17,4883,モダリス,グロース（内国株式）,医薬品,70,70,67,67,-3,-4.285714,1147500,OK
2025-11-17,4884,クリングルファーマ,グロース（内国株式）,医薬品,434,444,429,429,1,0.233645,81400,OK
2025-11-17,4885,室町ケミカル,スタンダード（内国株式）,医薬品,730,734,729,730,-5,-0.680272,3000,OK
2025-11-17,4886,あすか製薬ホールディングス,プライム（内国株式）,医薬品,2044,2046,2025,2033,-11,-0.53816,29800,OK
2025-11-17,4887,サワイグループホールディングス,プライム（内国株式）,医薬品,1835,1882.5,1800.5,1882.5,37,2.004877,525200,OK
2025-11-17,4888,ステラファーマ,グロース（内国株式）,医薬品,265,266,240,244,-23,-8.614232,813500,OK
2025-11-17,4889,レナサイエンス,グロース（内国株式）,医薬品,1918,1920,1880,1890,-31,-1.613743,166200,OK
2025-11-17,4890,坪田ラボ,グロース（内国株式）,医薬品,327,344,323,344,17,5.198777,58400,OK
2025-11-17,4891,ティムス,グロース（内国株式）,医薬品,144,144,141,141,-4,-2.758621,162200,OK
2025-11-17,4892,サイフューズ,グロース（内国株式）,医薬品,580,588,574,581,0,0,45000,OK
2025-11-17,4893,ノイルイミューン・バイオテック,グロース（内国株式）,医薬品,162,162,154,155,-5,-3.125,106100,OK
2025-11-17,4894,クオリプス,グロース（内国株式）,医薬品,6520,6520,6370,6410,-60,-0.927357,64200,OK
2025-11-17,4896,ケイファーマ,グロース（内国株式）,医薬品,652,659,638,650,-10,-1.515152,43000,OK
2025-11-17,4901,富士フイルムホールディングス,プライム（内国株式）,化学,3320,3326,3301,3305,-2,-0.060478,3161300,OK
2025-11-17,4902,コニカミノルタ,プライム（内国株式）,電気機器,640,645.2,629.5,636.3,-8.8,-1.36413,2855300,OK
2025-11-17,4911,資生堂,プライム（内国株式）,化学,2465.5,2490.5,2361,2423.5,-242,-9.078972,8770100,OK
2025-11-17,4912,ライオン,プライム（内国株式）,化学,1558,1579.5,1557.5,1569.5,-10,-0.633112,1122600,OK
2025-11-17,4914,高砂香料工業,プライム（内国株式）,化学,1579,1584,1490,1493,-97,-6.100629,403400,OK
2025-11-17,4917,マンダム,プライム（内国株式）,化学,2394,2407,2357,2388,-14,-0.582848,223800,OK
2025-11-17,4918,アイビー化粧品,スタンダード（内国株式）,化学,342,342,325,328,-11,-3.244838,41800,OK
2025-11-17,4919,ミルボン,プライム（内国株式）,化学,2455,2468,2421,2421,16,0.665281,213400,OK
2025-11-17,4920,日本色材工業研究所,スタンダード（内国株式）,化学,1071,1082,1071,1078,7,0.653595,1100,OK
2025-11-17,4922,コーセー,プライム（内国株式）,化学,5092,5120,4962,5082,-37,-0.722797,923900,OK
2025-11-17,4923,コタ,プライム（内国株式）,化学,1198,1203,1180,1182,-16,-1.335559,37800,OK
2025-11-17,4925,ハーバー研究所,スタンダード（内国株式）,化学,1665,1669,1661,1663,-2,-0.12012,2400,OK
2025-11-17,4926,シーボン,スタンダード（内国株式）,化学,1203,1204,1200,1200,0,0,1200,OK
2025-11-17,4927,ポーラ・オルビスホールディングス,プライム（内国株式）,化学,1329.5,1329.5,1309,1317.5,-13.5,-1.014275,620500,OK
2025-11-17,4928,ノエビアホールディングス,プライム（内国株式）,化学,4500,4540,4475,4520,0,0,57500,OK
2025-11-17,4929,アジュバンホールディングス,スタンダード（内国株式）,化学,758,758,756,756,-2,-0.263852,2400,OK
2025-11-17,4931,新日本製薬,プライム（内国株式）,化学,2090,2115,2067,2111,11,0.52381,56700,OK
2025-11-17,4932,アルマード,スタンダード（内国株式）,化学,1076,1092,1062,1075,-51,-4.529307,106600,OK
2025-11-17,4933,Ｉ−ｎｅ,プライム（内国株式）,化学,1500,1504,1458,1462,-30,-2.010724,142300,OK
2025-11-17,4934,プレミアアンチエイジング,グロース（内国株式）,化学,709,710,695,698,-10,-1.412429,7600,OK
2025-11-17,4935,リベルタ,スタンダード（内国株式）,化学,2100,2145,1845,1853,-247,-11.761905,304000,OK
2025-11-17,4936,アクシージア,スタンダード（内国株式）,化学,438,438,423,428,-8,-1.834862,67400,OK
2025-11-17,4937,Ｗａｑｏｏ,グロース（内国株式）,化学,1755,1766,1659,1745,-21,-1.189128,131600,OK
2025-11-17,4951,エステー,プライム（内国株式）,化学,1554,1559,1550,1551,-7,-0.449294,14100,OK
2025-11-17,4956,コニシ,プライム（内国株式）,化学,1278,1288,1270,1275,-5,-0.390625,59400,OK
2025-11-17,4957,ヤスハラケミカル,スタンダード（内国株式）,化学,1375,1377,1375,1375,0,0,51100,OK
2025-11-17,4958,長谷川香料,プライム（内国株式）,化学,2754,2756,2722,2733,-23,-0.834543,58200,OK
2025-11-17,4960,ケミプロ化成,スタンダード（内国株式）,化学,332,333,320,326,-3,-0.911854,74600,OK
2025-11-17,4966,上村工業,スタンダード（内国株式）,化学,14570,14600,14250,14390,30,0.208914,41200,OK
2025-11-17,4967,小林製薬,プライム（内国株式）,化学,5410,5434,5282,5293,-156,-2.862911,298300,OK
2025-11-17,4968,荒川化学工業,プライム（内国株式）,化学,1107,1107,1093,1098,-6,-0.543478,22700,OK
2025-11-17,4970,東洋合成工業,スタンダード（内国株式）,化学,6640,6760,6640,6690,130,1.981707,22300,OK
2025-11-17,4971,メック,プライム（内国株式）,化学,5010,5080,4945,4990,-90,-1.771654,363100,OK
2025-11-17,4972,綜研化学,スタンダード（内国株式）,化学,2415,2475,2408,2441,2,0.082001,70600,OK
2025-11-17,4973,日本高純度化学,プライム（内国株式）,化学,3125,3135,3085,3090,-35,-1.12,6000,OK
2025-11-17,4974,タカラバイオ,プライム（内国株式）,化学,823,825,810,820,-2,-0.243309,290400,OK
2025-11-17,4975,ＪＣＵ,プライム（内国株式）,化学,4275,4490,4265,4485,155,3.579677,77500,OK
2025-11-17,4976,東洋ドライルーブ,スタンダード（内国株式）,化学,4165,4200,4065,4140,45,1.098901,2400,OK
2025-11-17,4977,新田ゼラチン,スタンダード（内国株式）,化学,1131,1157,1122,1139,-1,-0.087719,98000,OK
2025-11-17,4978,リプロセル,グロース（内国株式）,化学,159,161,155,157,-4,-2.484472,790800,OK
2025-11-17,4979,ＯＡＴアグリオ,スタンダード（内国株式）,化学,2232,2232,2193,2196,-26,-1.170117,19500,OK
2025-11-17,4980,デクセリアルズ,プライム（内国株式）,化学,3040,3333,3021,3317,374.5,12.727273,3391200,OK
2025-11-17,4985,アース製薬,プライム（内国株式）,化学,4970,4970,4920,4955,-20,-0.40201,53200,OK
2025-11-17,4990,昭和化学工業,スタンダード（内国株式）,化学,497,497,468,470,-13,-2.691511,18900,OK
2025-11-17,4992,北興化学工業,スタンダード（内国株式）,化学,1635,1645,1621,1626,-9,-0.550459,37400,OK
2025-11-17,4994,大成ラミックグループ,スタンダード（内国株式）,化学,2675,2685,2665,2681,20,0.751597,4400,OK
2025-11-17,4996,クミアイ化学工業,プライム（内国株式）,化学,695,699,689,691,-4,-0.57554,698900,OK
2025-11-17,4997,日本農薬,プライム（内国株式）,化学,890,898,879,888,3,0.338983,153400,OK
2025-11-17,4998,フマキラー,スタンダード（内国株式）,化学,1142,1142,1135,1135,-6,-0.525855,20400,OK
2025-11-17,5010,日本精蝋,スタンダード（内国株式）,石油･石炭製品,192,193,189,192,3,1.587302,76600,OK
2025-11-17,5011,ニチレキグループ,プライム（内国株式）,石油･石炭製品,2413,2431,2400,2403,-40,-1.637331,30900,OK
2025-11-17,5013,ユシロ,スタンダード（内国株式）,石油･石炭製品,2264,2291,2232,2271,7,0.309187,19900,OK
2025-11-17,5015,ビーピー・カストロール,スタンダード（内国株式）,石油･石炭製品,950,956,948,956,6,0.631579,26100,OK
2025-11-17,5016,ＪＸ金属,プライム（内国株式）,非鉄金属,1738,1827.5,1735,1804.5,83,4.821377,30230400,OK
2025-11-17,5017,富士石油,プライム（内国株式）,石油･石炭製品,476,477,476,476,0,0,262900,OK
2025-11-17,5018,ＭＯＲＥＳＣＯ,スタンダード（内国株式）,石油･石炭製品,1369,1389,1369,1378,10,0.730994,10000,OK
2025-11-17,5019,出光興産,プライム（内国株式）,石油･石炭製品,1130,1150,1126.5,1139,12,1.064774,4539400,OK
2025-11-17,5020,ＥＮＥＯＳホールディングス,プライム（内国株式）,石油･石炭製品,1045.5,1056,1035,1054,9.5,0.909526,8172800,OK
2025-11-17,5021,コスモエネルギーホールディングス,プライム（内国株式）,石油･石炭製品,3900,3947,3841,3947,65,1.674395,909200,OK
2025-11-17,5022,レボインターナショナル,TOKYO PRO MARKET（内国株式）,石油･石炭製品,,,,,,,,NO_QUOTE
2025-11-17,5025,マーキュリー,グロース（内国株式）,情報･通信業,715,718,678,711,-5,-0.698324,5300,OK
2025-11-17,5026,トリプルアイズ,グロース（内国株式）,情報･通信業,740,745,721,721,-24,-3.221477,22700,OK
2025-11-17,5027,ＡｎｙＭｉｎｄ　Ｇｒｏｕｐ,グロース（内国株式）,情報･通信業,732,738,629,673,-59,-8.060109,727300,OK
2025-11-17,5028,セカンドサイトアナリティカ,グロース（内国株式）,情報･通信業,419,419,393,406,0,0,93600,OK
2025-11-17,5029,サークレイス,グロース（内国株式）,情報･通信業,1102,1115,1023,1094,-16,-1.441441,15100,OK
2025-11-17,5031,モイ,グロース（内国株式）,情報･通信業,256,261,256,258,-1,-0.3861,6800,OK
2025-11-17,5032,ＡＮＹＣＯＬＯＲ,プライム（内国株式）,情報･通信業,6500,6510,6320,6440,-80,-1.226994,359700,OK
2025-11-17,5033,ヌーラボ,グロース（内国株式）,情報･通信業,821,850,762,765,-52,-6.364749,94600,OK
2025-11-17,5034,ｕｎｅｒｒｙ,グロース（内国株式）,情報･通信業,2660,2930,2660,2920,-250,-7.886435,153500,OK
2025-11-17,5035,ＨＯＵＳＥＩ,グロース（内国株式）,情報･通信業,428,433,414,421,-6,-1.405152,9100,OK
2025-11-17,5036,日本ビジネスシステムズ,プライム（内国株式）,情報･通信業,1426,1435,1408,1410,-11,-0.774103,113600,OK
2025-11-17,5037,フィットワークス,TOKYO PRO MARKET（内国株式）,情報･通信業,,,,,,,,NO_QUOTE
2025-11-17,5038,ｅＷｅＬＬ,グロース（内国株式）,情報･通信業,2751,2796,2565,2621,-269,-9.307958,201100,OK
2025-11-17,5070,ドラフト,グロース（内国株式）,建設業,744,744,744,744,-1,-0.134228,3000,OK
2025-11-17,5071,ヴィス,スタンダード（内国株式）,サービス業,1379,1380,1365,1370,-8,-0.580552,3200,OK
2025-11-17,5072,アートフォースジャパン,TOKYO PRO MARKET（内国株式）,建設業,,,,,,,,NO_QUOTE
2025-11-17,5074,テスホールディングス,プライム（内国株式）,建設業,360,365,341,348,11,3.264095,670600,OK
2025-11-17,5076,インフロニア・ホールディングス,プライム（内国株式）,建設業,1919,1942.5,1865,1869.5,-50,-2.604845,4236700,OK
2025-11-17,50765,インフロニア・ホールディングス（優先株式）,プライム（内国株式）,建設業,4660,4665,4653,4653,-2,-0.042965,10300,OK
2025-11-17,5077,ハンズ,TOKYO PRO MARKET（内国株式）,建設業,,,,,,,,NO_QUOTE
2025-11-17,5078,セレコーポレーション,スタンダード（内国株式）,建設業,6120,6160,6110,6150,-10,-0.162338,500,OK
2025-11-17,5079,ノバック,スタンダード（内国株式）,建設業,2612,2615,2596,2599,-15,-0.573833,6900,OK
2025-11-17,5101,横浜ゴム,プライム（内国株式）,ゴム製品,5845,5979,5687,5850,-193,-3.193778,964100,OK
2025-11-17,5103,昭和ホールディングス,スタンダード（内国株式）,ゴム製品,47,48,47,48,1,2.12766,56300,OK
2025-11-17,5105,ＴＯＹＯ　ＴＩＲＥ,プライム（内国株式）,ゴム製品,4322,4337,4270,4322,-38,-0.87156,641100,OK
2025-11-17,5108,ブリヂストン,プライム（内国株式）,ゴム製品,7198,7290,7195,7258,-56,-0.765655,1906800,OK
2025-11-17,5110,住友ゴム工業,プライム（内国株式）,ゴム製品,2087.5,2137.5,2082.5,2137.5,7,0.328561,2487300,OK
2025-11-17,5121,藤倉コンポジット,プライム（内国株式）,ゴム製品,1836,1862,1830,1857,4,0.215866,131200,OK
2025-11-17,5122,オカモト,プライム（内国株式）,ゴム製品,5300,5370,5300,5340,0,0,13400,OK
2025-11-17,5125,ファインズ,グロース（内国株式）,情報･通信業,634,654,634,645,7,1.097179,7200,OK
2025-11-17,5126,ポーターズ,グロース（内国株式）,情報･通信業,1844,1844,1782,1822,-102,-5.301455,1200,OK
2025-11-17,5129,ＦＩＸＥＲ,グロース（内国株式）,情報･通信業,447,456,446,456,6,1.333333,14500,OK
2025-11-17,5130,ヒロホールディングス,TOKYO PRO MARKET（内国株式）,情報･通信業,,,,,,,,NO_QUOTE
2025-11-17,5131,リンカーズ,グロース（内国株式）,情報･通信業,167,167,164,166,-1,-0.598802,188100,OK
2025-11-17,5132,ｐｌｕｓｚｅｒｏ,グロース（内国株式）,情報･通信業,4000,4055,3915,3975,-80,-1.972873,107600,OK
2025-11-17,5133,テリロジーホールディングス,スタンダード（内国株式）,情報･通信業,352,352,335,337,6,1.812689,130300,OK
2025-11-17,5134,ＰＯＰＥＲ,グロース（内国株式）,情報･通信業,905,925,864,909,5,0.553097,20400,OK
2025-11-17,5135,ＡＩＲ−Ｕ,TOKYO PRO MARKET（内国株式）,情報･通信業,,,,,,,,NO_QUOTE
2025-11-17,5136,ｔｒｉｐｌａ,グロース（内国株式）,情報･通信業,1733,1748,1691,1721,-36,-2.048947,54700,OK
2025-11-17,5137,スマートドライブ,グロース（内国株式）,情報･通信業,540,551,513,524,-16,-2.962963,739800,OK
2025-11-17,5138,Ｒｅｂａｓｅ,グロース（内国株式）,情報･通信業,820,831,710,735,-125,-14.534884,281500,OK
2025-11-17,5139,オープンワーク,グロース（内国株式）,情報･通信業,1000,1007,970,975,-16,-1.614531,60700,OK
2025-11-17,5142,アキレス,プライム（内国株式）,化学,1304,1313,1254,1262,-36,-2.773498,81500,OK
2025-11-17,5161,西川ゴム工業,スタンダード（内国株式）,ゴム製品,3005,3005,2970,3005,-5,-0.166113,148500,OK
2025-11-17,5162,朝日ラバー,スタンダード（内国株式）,ゴム製品,671,678,670,675,3,0.446429,1400,OK
2025-11-17,5184,ニチリン,スタンダード（内国株式）,ゴム製品,3660,3660,3630,3640,0,0,14100,OK
2025-11-17,5185,フコク,プライム（内国株式）,ゴム製品,1840,1845,1805,1806,-29,-1.580381,33700,OK
2025-11-17,5186,ニッタ,プライム（内国株式）,ゴム製品,4045,4070,4030,4055,-15,-0.36855,21500,OK
2025-11-17,5187,クリエートメディック,スタンダード（内国株式）,精密機器,1017,1022,1011,1011,-10,-0.979432,5100,OK
2025-11-17,5189,櫻護謨,スタンダード（内国株式）,ゴム製品,2343,2346,2343,2344,-2,-0.085251,700,OK
2025-11-17,5191,住友理工,プライム（内国株式）,ゴム製品,2592,2595,2591,2595,4,0.154381,379300,OK
2025-11-17,5192,三ツ星ベルト,プライム（内国株式）,ゴム製品,3745,3765,3720,3725,-20,-0.534045,64300,OK
2025-11-17,5194,相模ゴム工業,スタンダード（内国株式）,ゴム製品,850,850,802,812,-68,-7.727273,74300,OK
2025-11-17,5195,バンドー化学,プライム（内国株式）,ゴム製品,1960,1970,1951,1965,10,0.511509,61600,OK
2025-11-17,5199,不二ラテックス,スタンダード（内国株式）,ゴム製品,1966,1966,1943,1943,-3,-0.154162,700,OK
2025-11-17,5201,ＡＧＣ,プライム（内国株式）,ガラス･土石製品,5349,5350,5274,5298,-53,-0.990469,775700,OK
2025-11-17,5202,日本板硝子,プライム（内国株式）,ガラス･土石製品,446,450,439,445,-5,-1.111111,1569000,OK
2025-11-17,5204,石塚硝子,スタンダード（内国株式）,ガラス･土石製品,2955,2955,2937,2939,-16,-0.541455,2600,OK
2025-11-17,5208,有沢製作所,プライム（内国株式）,化学,1616,1625,1608,1618,-5,-0.308071,113900,OK
2025-11-17,5210,日本山村硝子,スタンダード（内国株式）,ガラス･土石製品,2762,2800,2750,2800,54,1.966497,77800,OK
2025-11-17,5214,日本電気硝子,プライム（内国株式）,ガラス･土石製品,5621,5651,5543,5633,34,0.607251,338200,OK
2025-11-17,5216,倉元製作所,スタンダード（内国株式）,ガラス･土石製品,130,132,116,123,-23,-15.753425,1340500,OK
2025-11-17,5218,オハラ,スタンダード（内国株式）,ガラス･土石製品,1152,1164,1152,1163,12,1.042572,22800,OK
2025-11-17,5232,住友大阪セメント,プライム（内国株式）,ガラス･土石製品,3808,3835,3784,3801,-7,-0.183824,91500,OK
2025-11-17,5233,太平洋セメント,プライム（内国株式）,ガラス･土石製品,3753,3785,3730,3760,-8,-0.212314,413300,OK
2025-11-17,5237,ノザワ,スタンダード（内国株式）,ガラス･土石製品,1034,1034,1017,1023,-19,-1.823417,11400,OK
2025-11-17,5240,ｍｏｎｏＡＩ　ｔｅｃｈｎｏｌｏｇｙ,グロース（内国株式）,情報･通信業,202,202,190,194,-13,-6.280193,119600,OK
2025-11-17,5242,アイズ,グロース（内国株式）,情報･通信業,1253,1283,1253,1254,-11,-0.869565,1500,OK
2025-11-17,5243,ｎｏｔｅ,グロース（内国株式）,情報･通信業,1435,1435,1359,1372,-50,-3.516174,190400,OK
2025-11-17,5244,ｊｉｇ．ｊｐ,グロース（内国株式）,情報･通信業,260,266,257,258,-1,-0.3861,219500,OK
2025-11-17,5246,ＥＬＥＭＥＮＴＳ,グロース（内国株式）,情報･通信業,656,659,622,622,-39,-5.900151,608300,OK
2025-11-17,5247,ＢＴＭ,グロース（内国株式）,情報･通信業,820,835,804,815,-20,-2.39521,20800,OK
2025-11-17,5248,テクノロジーズ,グロース（内国株式）,情報･通信業,602,602,573,574,-27,-4.492512,194700,OK
2025-11-17,5249,あさかわシステムズ,TOKYO PRO MARKET（内国株式）,情報･通信業,,,,,,,,NO_QUOTE
2025-11-17,5250,プライム・ストラテジー,スタンダード（内国株式）,情報･通信業,944,944,937,937,-7,-0.741525,800,OK
2025-11-17,5251,ウイズ・ワン,TOKYO PRO MARKET（内国株式）,情報･通信業,,,,,,,,NO_QUOTE
2025-11-17,5252,日本ナレッジ,グロース（内国株式）,情報･通信業,511,511,498,505,-1,-0.197628,3600,OK
2025-11-17,5253,カバー,グロース（内国株式）,情報･通信業,1661,1668,1625,1659,-16,-0.955224,1642800,OK
2025-11-17,5254,Ａｒｅｎｔ,グロース（内国株式）,情報･通信業,3565,3590,3340,3360,-315,-8.571429,126700,OK
2025-11-17,5255,モンスターラボ,グロース（内国株式）,情報･通信業,181,219,165,199,28,16.374269,11098800,OK
2025-11-17,5256,Ｆｕｓｉｃ,グロース（内国株式）,情報･通信業,2580,2604,2447,2478,-152,-5.779468,18600,OK
2025-11-17,5257,ノバシステム,スタンダード（内国株式）,情報･通信業,2860,2899,2852,2899,-11,-0.378007,1400,OK
2025-11-17,5258,トランザクション・メディア・ネットワークス,グロース（内国株式）,情報･通信業,528,531,496,515,28,5.749487,1067400,OK
2025-11-17,5259,ＢＢＤイニシアティブ,グロース（内国株式）,情報･通信業,1589,1589,1459,1469,-200,-11.983223,57200,OK
2025-11-17,5261,リソルホールディングス,プライム（内国株式）,サービス業,6100,6100,5960,6010,-90,-1.47541,13800,OK
2025-11-17,5262,日本ヒューム,プライム（内国株式）,ガラス･土石製品,3095,3160,3040,3085,-10,-0.323102,133000,OK
2025-11-17,5268,旭コンクリート工業,スタンダード（内国株式）,ガラス･土石製品,1047,1047,969,973,-83,-7.859848,126900,OK
2025-11-17,5269,日本コンクリート工業,プライム（内国株式）,ガラス･土石製品,321,328,321,325,1,0.308642,160700,OK
2025-11-17,5271,トーヨーアサノ,スタンダード（内国株式）,ガラス･土石製品,2316,2328,2316,2328,12,0.518135,400,OK
2025-11-17,5273,三谷セキサン,スタンダード（内国株式）,ガラス･土石製品,7250,7420,7250,7380,130,1.793103,7800,OK
2025-11-17,5279,日本興業,スタンダード（内国株式）,ガラス･土石製品,1290,1291,1276,1276,-14,-1.085271,5200,OK
2025-11-17,5280,ヨシコン,スタンダード（内国株式）,不動産業,2597,2611,2565,2594,-7,-0.269127,18300,OK
2025-11-17,5282,ジオスター,スタンダード（内国株式）,ガラス･土石製品,340,340,335,340,-2,-0.584795,47400,OK
2025-11-17,5283,高見澤,スタンダード（内国株式）,卸売業,3420,3470,3420,3425,-25,-0.724638,400,OK
2025-11-17,5284,ヤマウホールディングス,スタンダード（内国株式）,ガラス･土石製品,2341,2345,2322,2324,-17,-0.726185,8300,OK
2025-11-17,5285,ヤマックス,スタンダード（内国株式）,ガラス･土石製品,1860,1860,1814,1835,-58,-3.06392,111900,OK
2025-11-17,5287,イトーヨーギョー,スタンダード（内国株式）,ガラス･土石製品,1250,1266,1210,1227,-21,-1.682692,45100,OK
2025-11-17,5288,アジアパイルホールディングス,プライム（内国株式）,ガラス･土石製品,1349,1386,1349,1375,28,2.078693,228800,OK
2025-11-17,5290,ベルテクスコーポレーション,スタンダード（内国株式）,ガラス･土石製品,1311,1331,1276,1287,-42,-3.160271,57600,OK
2025-11-17,5301,東海カーボン,プライム（内国株式）,ガラス･土石製品,1030,1039,1021,1031.5,-3,-0.289995,895500,OK
2025-11-17,5302,日本カーボン,プライム（内国株式）,ガラス･土石製品,4470,4495,4430,4460,-5,-0.111982,41900,OK
2025-11-17,5304,ＳＥＣカーボン,スタンダード（内国株式）,ガラス･土石製品,2199,2222,2173,2215,16,0.727603,17900,OK
2025-11-17,5310,東洋炭素,プライム（内国株式）,ガラス･土石製品,4805,4830,4695,4760,-35,-0.729927,228400,OK
2025-11-17,5331,ノリタケ,プライム（内国株式）,ガラス･土石製品,5060,5110,5060,5070,20,0.39604,39000,OK
2025-11-17,5332,ＴＯＴＯ,プライム（内国株式）,ガラス･土石製品,3891,3928,3840,3840,-46,-1.183736,859500,OK
2025-11-17,5333,日本碍子,プライム（内国株式）,ガラス･土石製品,3055,3081,3003,3003,-48,-1.573255,1842000,OK
2025-11-17,5334,日本特殊陶業,プライム（内国株式）,ガラス･土石製品,6603,6644,6506,6610,7,0.106012,563400,OK
2025-11-17,5337,ダントーホールディングス,スタンダード（内国株式）,ガラス･土石製品,513,515,497,506,3,0.596421,11800,OK
2025-11-17,5341,ＡＳＡＨＩ　ＥＩＴＯホールディングス,スタンダード（内国株式）,ガラス･土石製品,328,331,323,327,1,0.306748,9900,OK
2025-11-17,5344,ＭＡＲＵＷＡ,プライム（内国株式）,ガラス･土石製品,43700,46530,43180,46290,2640,6.04811,169300,OK
2025-11-17,5351,品川リフラ,プライム（内国株式）,ガラス･土石製品,1881,1899,1881,1885,-5,-0.26455,30400,OK
2025-11-17,5352,黒崎播磨,プライム（内国株式）,ガラス･土石製品,4140,4140,4135,4135,0,0,71000,OK
2025-11-17,5355,日本坩堝,スタンダード（内国株式）,ガラス･土石製品,605,605,603,604,-1,-0.165289,1700,OK
2025-11-17,5356,美濃窯業,スタンダード（内国株式）,ガラス･土石製品,1272,1309,1250,1250,-22,-1.72956,30000,OK
2025-11-17,5357,ヨータイ,プライム（内国株式）,ガラス･土石製品,1728,1728,1707,1707,-22,-1.272412,28100,OK
2025-11-17,5363,東京窯業,スタンダード（内国株式）,ガラス･土石製品,555,555,540,553,-11,-1.950355,145100,OK
2025-11-17,5367,ニッカトー,スタンダード（内国株式）,ガラス･土石製品,603,603,590,590,-9,-1.502504,32800,OK
2025-11-17,5368,日本インシュレーション,スタンダード（内国株式）,ガラス･土石製品,1004,1004,987,1000,6,0.603622,35300,OK
2025-11-17,5380,新東,スタンダード（内国株式）,ガラス･土石製品,1619,1620,1608,1608,-3,-0.18622,500,OK
2025-11-17,5381,マイポックス,スタンダード（内国株式）,ガラス･土石製品,446,449,433,436,-46,-9.543568,313600,OK
2025-11-17,5384,フジミインコーポレーテッド,プライム（内国株式）,ガラス･土石製品,2327,2340,2306,2334,7,0.300817,177900,OK
2025-11-17,5386,鶴弥,スタンダード（内国株式）,ガラス･土石製品,416,417,414,415,-1,-0.240385,7200,OK
2025-11-17,5388,クニミネ工業,スタンダード（内国株式）,ガラス･土石製品,1151,1160,1133,1135,-6,-0.525855,5100,OK
2025-11-17,5391,エーアンドエーマテリアル,スタンダード（内国株式）,ガラス･土石製品,1223,1224,1221,1221,-2,-0.163532,3000,OK
2025-11-17,5393,ニチアス,プライム（内国株式）,ガラス･土石製品,6043,6059,5945,5972,-59,-0.978279,145800,OK
2025-11-17,5401,日本製鉄,プライム（内国株式）,鉄鋼,623.2,627.9,618.6,619.9,-3.3,-0.529525,13364200,OK
2025-11-17,5406,神戸製鋼所,プライム（内国株式）,鉄鋼,1886,1907,1884.5,1900,-2,-0.105152,1880500,OK
2025-11-17,5408,中山製鋼所,プライム（内国株式）,鉄鋼,575,576,567,567,-8,-1.391304,221100,OK
2025-11-17,5410,合同製鐵,プライム（内国株式）,鉄鋼,3700,3700,3660,3660,-45,-1.214575,40000,OK
2025-11-17,5411,ＪＦＥホールディングス,プライム（内国株式）,鉄鋼,1817,1833.5,1811,1816,-17.5,-0.954459,2808600,OK
2025-11-17,5423,東京製鐵,プライム（内国株式）,鉄鋼,1404,1447,1400,1415,11,0.783476,460000,OK
2025-11-17,5440,共英製鋼,プライム（内国株式）,鉄鋼,2292,2306,2264,2272,-19,-0.829332,74600,OK
2025-11-17,5444,大和工業,プライム（内国株式）,鉄鋼,9776,9850,9746,9757,-3,-0.030738,90300,OK
2025-11-17,5445,東京鐵鋼,プライム（内国株式）,鉄鋼,5560,5600,5510,5540,-30,-0.5386,60000,OK
2025-11-17,5446,北越メタル,スタンダード（内国株式）,鉄鋼,1236,1241,1236,1241,6,0.48583,600,OK
2025-11-17,5449,大阪製鐵,スタンダード（内国株式）,鉄鋼,2628,2694,2618,2628,-7,-0.265655,42100,OK
2025-11-17,5451,ヨドコウ,プライム（内国株式）,鉄鋼,1259,1273,1257,1261,5,0.398089,336500,OK
2025-11-17,5458,高砂鐵工,スタンダード（内国株式）,鉄鋼,964,964,942,956,-15,-1.544799,16700,OK
2025-11-17,5461,中部鋼鈑,プライム（内国株式）,鉄鋼,2066,2086,2057,2074,11,0.533204,21500,OK
2025-11-17,5463,丸一鋼管,プライム（内国株式）,鉄鋼,1354,1362,1338,1356,-4,-0.294118,625900,OK
2025-11-17,5464,モリ工業,スタンダード（内国株式）,鉄鋼,1004,1004,988,990,-9,-0.900901,29100,OK
2025-11-17,5471,大同特殊鋼,プライム（内国株式）,鉄鋼,1494,1511.5,1475,1508.5,11.5,0.768203,710700,OK
2025-11-17,5476,日本高周波鋼業,スタンダード（内国株式）,鉄鋼,483,487,479,486,3,0.621118,6600,OK
2025-11-17,5480,日本冶金工業,プライム（内国株式）,鉄鋼,4195,4215,4160,4160,-55,-1.304864,76800,OK
2025-11-17,5482,愛知製鋼,プライム（内国株式）,鉄鋼,2800,2825,2772,2806,16,0.573477,196200,OK
2025-11-17,5484,東北特殊鋼,スタンダード（内国株式）,鉄鋼,2006,2019,2002,2015,19,0.951904,2500,OK
2025-11-17,5491,日本金属,スタンダード（内国株式）,鉄鋼,794,805,786,802,1,0.124844,23900,OK
2025-11-17,5525,フロンティアホールディングス,TOKYO PRO MARKET（内国株式）,不動産業,,,,,,,,NO_QUOTE
2025-11-17,5527,ｐｒｏｐｅｒｔｙ　ｔｅｃｈｎｏｌｏｇｉｅｓ,グロース（内国株式）,不動産業,805,808,782,782,-8,-1.012658,156700,OK
2025-11-17,5528,フロンティアハウス,TOKYO PRO MARKET（内国株式）,不動産業,,,,,,,,NO_QUOTE
2025-11-17,5531,中山不動産,TOKYO PRO MARKET（内国株式）,不動産業,,,,,,,,NO_QUOTE
2025-11-17,5532,リアルゲイト,グロース（内国株式）,不動産業,2804,2827,2674,2745,-59,-2.104137,66400,OK
2025-11-17,5533,エリッツホールディングス,スタンダード（内国株式）,不動産業,1926,1926,1899,1900,-52,-2.663934,1400,OK
2025-11-17,5534,エンゼルグループ,TOKYO PRO MARKET（内国株式）,不動産業,,,,,,,,NO_QUOTE
2025-11-17,5535,ミガロホールディングス,プライム（内国株式）,不動産業,442,442,395,408,-58,-12.446352,1668900,OK
2025-11-17,5536,京橋アートレジデンス,TOKYO PRO MARKET（内国株式）,不動産業,,,,,,,,NO_QUOTE
2025-11-17,5537,ＡｌｂａＬｉｎｋ,TOKYO PRO MARKET（内国株式）,不動産業,,,,,,,,NO_QUOTE
2025-11-17,5541,大平洋金属,プライム（内国株式）,鉄鋼,2261,2291,2238,2263,18,0.801782,309500,OK
2025-11-17,5542,新報国マテリアル,スタンダード（内国株式）,鉄鋼,741,742,733,736,-10,-1.340483,14100,OK
2025-11-17,5563,新日本電工,プライム（内国株式）,鉄鋼,327,331,325,328,0,0,239900,OK
2025-11-17,5570,ジェノバ,グロース（内国株式）,情報･通信業,700,705,682,682,-27,-3.808181,58900,OK
2025-11-17,5571,エキサイトホールディングス,スタンダード（内国株式）,情報･通信業,1226,1238,1193,1200,-81,-6.323185,58800,OK
2025-11-17,5572,Ｒｉｄｇｅ−ｉ,グロース（内国株式）,情報･通信業,2400,2447,2331,2357,-45,-1.873439,25800,OK
2025-11-17,5573,働楽ホールディングス,TOKYO PRO MARKET（内国株式）,情報･通信業,,,,,,,,NO_QUOTE
2025-11-17,5574,ＡＢＥＪＡ,グロース（内国株式）,情報･通信業,2750,2769,2645,2658,-80,-2.921841,92200,OK
2025-11-17,5575,Ｇｌｏｂｅｅ,グロース（内国株式）,情報･通信業,765,765,754,758,-5,-0.655308,3000,OK
2025-11-17,5576,オービーシステム,スタンダード（内国株式）,情報･通信業,2745,2757,2723,2742,-20,-0.724113,3000,OK
2025-11-17,5578,ＡＲアドバンストテクノロジ,グロース（内国株式）,情報･通信業,3300,3455,3300,3315,-50,-1.485884,4700,OK
2025-11-17,5580,プロディライト,グロース（内国株式）,情報･通信業,1480,1480,1450,1450,-24,-1.628223,4400,OK
2025-11-17,5581,カイテクノロジー,TOKYO PRO MARKET（内国株式）,情報･通信業,,,,,,,,NO_QUOTE
2025-11-17,5582,グリッド,グロース（内国株式）,情報･通信業,2745,2813,2654,2720,-275,-9.18197,129800,OK
2025-11-17,5584,Ｓｔｒａｗｂｅｒｒｙ　ｊａｍｓ,TOKYO PRO MARKET（内国株式）,情報･通信業,,,,,,,,NO_QUOTE
2025-11-17,5586,Ｌａｂｏｒｏ．ＡＩ,グロース（内国株式）,情報･通信業,982,990,940,949,-43,-4.334677,139800,OK
2025-11-17,5587,インバウンドプラットフォーム,グロース（内国株式）,情報･通信業,853,868,838,838,-300,-26.362039,283800,OK
2025-11-17,5588,ファーストアカウンティング,グロース（内国株式）,情報･通信業,1378,1391,1308,1326,-64,-4.604317,38700,OK
2025-11-17,5589,オートサーバー,スタンダード（内国株式）,情報･通信業,2540,2554,2540,2547,7,0.275591,3000,OK
2025-11-17,5590,ネットスターズ,グロース（内国株式）,情報･通信業,1150,1156,1026,1033,-138,-11.784799,325300,OK
2025-11-17,5591,ＡＶＩＬＥＮ,グロース（内国株式）,情報･通信業,1280,1299,1228,1261,-118,-8.556925,118800,OK
2025-11-17,5592,くすりの窓口,グロース（内国株式）,情報･通信業,2910,2919,2611,2721,-188,-6.462702,355300,OK
2025-11-17,5594,エム・デー・ビー,TOKYO PRO MARKET（内国株式）,情報･通信業,,,,,,,,NO_QUOTE
2025-11-17,5595,ＱＰＳ研究所,グロース（内国株式）,情報･通信業,1783,1844,1750,1786,-14,-0.777778,685600,OK
2025-11-17,5596,アウトルックコンサルティング,グロース（内国株式）,情報･通信業,1790,1791,1789,1790,-1,-0.055835,90500,OK
2025-11-17,5597,ブルーイノベーション,グロース（内国株式）,情報･通信業,1681,1715,1627,1635,-117,-6.678082,136200,OK
2025-11-17,5598,Ｙｏｔｔａｖｉａｓ,TOKYO PRO MARKET（内国株式）,情報･通信業,,,,,,,,NO_QUOTE
2025-11-17,5599,Ｓ＆Ｊ,グロース（内国株式）,情報･通信業,1566,1631,1556,1630,69,4.420243,71100,OK
2025-11-17,5602,栗本鐵工所,プライム（内国株式）,鉄鋼,1666,1684,1632,1675,11,0.661058,456000,OK
2025-11-17,5603,虹技,スタンダード（内国株式）,鉄鋼,1267,1267,1250,1253,-14,-1.104972,10500,OK
2025-11-17,5609,日本鋳造,スタンダード（内国株式）,鉄鋼,822,825,818,825,3,0.364964,6700,OK
2025-11-17,5612,日本鋳鉄管,スタンダード（内国株式）,鉄鋼,1733,1745,1674,1689,-44,-2.53895,13800,OK
2025-11-17,5616,雨風太陽,グロース（内国株式）,情報･通信業,994,998,975,975,-18,-1.812689,15600,OK
2025-11-17,5617,ウィル・ドゥ,TOKYO PRO MARKET（内国株式）,情報･通信業,,,,,,,,NO_QUOTE
2025-11-17,5618,ナイル,グロース（内国株式）,情報･通信業,383,383,353,365,-21,-5.440415,5800,OK
2025-11-17,5619,マーソ,グロース（内国株式）,情報･通信業,989,989,971,974,-6,-0.612245,3700,OK
2025-11-17,5620,エスピーオー,TOKYO PRO MARKET（内国株式）,情報･通信業,,,,,,,,NO_QUOTE
2025-11-17,5621,ヒューマンテクノロジーズ,グロース（内国株式）,情報･通信業,1908,2030,1880,1952,-386,-16.509837,306700,OK
2025-11-17,5622,ワンビ,TOKYO PRO MARKET（内国株式）,情報･通信業,,,,,,,,NO_QUOTE
2025-11-17,5631,日本製鋼所,プライム（内国株式）,機械,9700,10225,9565,10215,681,7.142857,1249500,OK
2025-11-17,5632,三菱製鋼,プライム（内国株式）,鉄鋼,1756,1765,1735,1761,2,0.113701,87900,OK
2025-11-17,5644,メタルアート,スタンダード（内国株式）,鉄鋼,4340,4505,4250,4450,40,0.907029,12100,OK
2025-11-17,5658,日亜鋼業,スタンダード（内国株式）,鉄鋼,358,363,358,358,-1,-0.278552,21900,OK
2025-11-17,5659,日本精線,プライム（内国株式）,鉄鋼,1112,1114,1096,1096,5,0.458295,21600,OK
2025-11-17,5660,神鋼鋼線工業,スタンダード（内国株式）,鉄鋼,1318,1318,1307,1307,-3,-0.229008,3400,OK
2025-11-17,5695,パウダーテック,スタンダード（内国株式）,鉄鋼,2285,2285,2270,2279,12,0.529334,1100,OK
2025-11-17,5697,サンユウ,スタンダード（内国株式）,鉄鋼,653,656,647,653,0,0,3400,OK
2025-11-17,5698,エンビプロ・ホールディングス,スタンダード（内国株式）,鉄鋼,531,535,517,519,-14,-2.626642,48200,OK
2025-11-17,5699,イボキン,スタンダード（内国株式）,鉄鋼,1351,1386,1351,1386,27,1.986755,8400,OK
2025-11-17,5702,大紀アルミニウム工業所,プライム（内国株式）,非鉄金属,1082,1096,1081,1085,3,0.277264,66900,OK
2025-11-17,5703,日本軽金属ホールディングス,プライム（内国株式）,非鉄金属,2300,2349,2291,2321,23,1.00087,363600,OK
2025-11-17,5704,ＪＭＣ,グロース（内国株式）,非鉄金属,410,410,403,405,1,0.247525,8800,OK
2025-11-17,5706,三井金属,プライム（内国株式）,非鉄金属,20200,21230,20200,21230,1730,8.871795,3516700,OK
2025-11-17,5707,東邦亜鉛,プライム（内国株式）,非鉄金属,673,679,662,662,-4,-0.600601,261200,OK
2025-11-17,5711,三菱マテリアル,プライム（内国株式）,非鉄金属,3080,3165,3075,3123,8,0.256822,1115400,OK
2025-11-17,5713,住友金属鉱山,プライム（内国株式）,非鉄金属,5115,5186,5072,5091,-106,-2.039638,1555900,OK
2025-11-17,5714,ＤＯＷＡホールディングス,プライム（内国株式）,非鉄金属,6000,6121,5969,6015,-26,-0.430392,293400,OK
2025-11-17,5715,古河機械金属,プライム（内国株式）,非鉄金属,3675,3770,3510,3630,35,0.973574,1185600,OK
2025-11-17,5721,エス・サイエンス,スタンダード（内国株式）,非鉄金属,132,135,123,130,0,0,7355000,OK
2025-11-17,5724,アサカ理研,スタンダード（内国株式）,非鉄金属,1830,2035,1762,2000,172,9.40919,575700,OK
2025-11-17,5726,大阪チタニウムテクノロジーズ,プライム（内国株式）,非鉄金属,2246,2330,2220,2324,54,2.378855,758800,OK
2025-11-17,5727,東邦チタニウム,プライム（内国株式）,非鉄金属,1353,1375,1336,1373,-6,-0.435098,418700,OK
2025-11-17,5729,日本精鉱,スタンダード（内国株式）,非鉄金属,9990,10930,9600,10690,980,10.092688,77500,OK
2025-11-17,5741,ＵＡＣＪ,プライム（内国株式）,非鉄金属,2033,2049,2010,2010,-4,-0.19861,368900,OK
2025-11-17,5742,エヌアイシ・オートテック,スタンダード（内国株式）,非鉄金属,789,789,763,769,-21,-2.658228,13900,OK
2025-11-17,5753,日本伸銅,スタンダード（内国株式）,非鉄金属,2237,2237,2183,2208,-24,-1.075269,3700,OK
2025-11-17,5757,ＣＫサンエツ,プライム（内国株式）,非鉄金属,3830,3865,3815,3835,5,0.130548,6900,OK
2025-11-17,5801,古河電気工業,プライム（内国株式）,非鉄金属,9725,10375,9680,10330,507,5.161356,6531200,OK
2025-11-17,5802,住友電気工業,プライム（内国株式）,非鉄金属,6300,6544,6248,6533,236,3.747816,6559200,OK
2025-11-17,5803,フジクラ,プライム（内国株式）,非鉄金属,19380,20045,19215,19840,460,2.373581,10389400,OK
2025-11-17,5805,ＳＷＣＣ,プライム（内国株式）,非鉄金属,10760,11060,10580,11000,200,1.851852,524300,OK
2025-11-17,5816,オーナンバ,スタンダード（内国株式）,非鉄金属,1481,1498,1460,1460,-40,-2.666667,27000,OK
2025-11-17,5817,ＪＭＡＣＳ,スタンダード（内国株式）,非鉄金属,512,521,509,516,0,0,45100,OK
2025-11-17,5819,カナレ電気,スタンダード（内国株式）,非鉄金属,1875,1900,1850,1853,-34,-1.801802,17400,OK
2025-11-17,5820,三ッ星,スタンダード（内国株式）,非鉄金属,660,663,627,643,-19,-2.870091,40300,OK
2025-11-17,5821,平河ヒューテック,プライム（内国株式）,非鉄金属,3045,3135,2993,3120,100,3.311258,83200,OK
2025-11-17,5830,いよぎんホールディングス,プライム（内国株式）,銀行業,2378.5,2417.5,2365.5,2417.5,39,1.639689,836800,OK
2025-11-17,5831,しずおかフィナンシャルグループ,プライム（内国株式）,銀行業,2144.5,2163,2123,2151.5,16,0.749239,1960000,OK
2025-11-17,5832,ちゅうぎんフィナンシャルグループ,プライム（内国株式）,銀行業,2205.5,2228.5,2192,2211.5,-10,-0.450146,413500,OK
2025-11-17,5834,ＳＢＩリーシングサービス,グロース（内国株式）,証券･商品先物取引業,5150,5190,5050,5100,-80,-1.544402,31400,OK
2025-11-17,5838,楽天銀行,プライム（内国株式）,銀行業,7600,7621,7414,7452,-153,-2.011834,1332400,OK
2025-11-17,5840,日本総険,TOKYO PRO MARKET（内国株式）,保険業,,,,,,,,NO_QUOTE
2025-11-17,5842,インテグラル,グロース（内国株式）,証券･商品先物取引業,3390,3415,3230,3280,-160,-4.651163,65200,OK
2025-11-17,5843,ニッポンインシュア,スタンダード（内国株式）,その他金融業,2863,3105,2816,3090,277,9.847138,93500,OK
2025-11-17,5844,京都フィナンシャルグループ,プライム（内国株式）,銀行業,3322,3375,3276,3365,113,3.474785,1120100,OK
2025-11-17,5845,全保連,スタンダード（内国株式）,その他金融業,937,955,922,955,39,4.257642,215900,OK
2025-11-17,5851,リョービ,プライム（内国株式）,非鉄金属,2692,2696,2632,2655,-54,-1.993355,185200,OK
2025-11-17,5852,アーレスティ,プライム（内国株式）,非鉄金属,753,756,738,744,-7,-0.932091,128800,OK
2025-11-17,5856,エルアイイーエイチ,スタンダード（内国株式）,小売業,33,33,31,31,-3,-8.823529,1121100,OK
2025-11-17,5857,ＡＲＥホールディングス,プライム（内国株式）,非鉄金属,2912,2935,2844,2870,23,0.807868,434900,OK
2025-11-17,5858,ＳＴＧ,グロース（内国株式）,非鉄金属,1570,1625,1535,1552,-218,-12.316384,149800,OK
2025-11-17,5866,ＷｉｚＢｉｚ,TOKYO PRO MARKET（内国株式）,サービス業,,,,,,,,NO_QUOTE
2025-11-17,5867,エスネットワークス,グロース（内国株式）,サービス業,1263,1266,1254,1254,-24,-1.877934,2200,OK
2025-11-17,5868,ロココ,スタンダード（内国株式）,サービス業,950,950,870,876,-174,-16.571429,172700,OK
2025-11-17,5869,早稲田学習研究会,スタンダード（内国株式）,サービス業,1219,1225,1218,1220,-4,-0.326797,11000,OK
2025-11-17,5870,ナルネットコミュニケーションズ,グロース（内国株式）,サービス業,985,1028,950,1020,80,8.510638,197300,OK
2025-11-17,5871,ＳＯＬＩＺＥ　Ｈｏｌｄｉｎｇｓ,スタンダード（内国株式）,サービス業,1503,1517,1430,1485,-25,-1.655629,25800,OK
2025-11-17,5883,ＧＴホールディングス,TOKYO PRO MARKET（内国株式）,卸売業,,,,,,,,NO_QUOTE
2025-11-17,5884,クラダシ,グロース（内国株式）,小売業,440,445,437,437,-10,-2.237136,11500,OK
2025-11-17,5885,ジーデップ・アドバンス,スタンダード（内国株式）,卸売業,2806,2814,2735,2735,-80,-2.841918,26400,OK
2025-11-17,5886,ＯＯＫＡＢＥ　ＧＬＡＳＳ,TOKYO PRO MARKET（内国株式）,卸売業,,,,,,,,NO_QUOTE
2025-11-17,5887,光響,TOKYO PRO MARKET（内国株式）,卸売業,,,,,,,,NO_QUOTE
2025-11-17,5888,ＤＡＩＷＡ　ＣＹＣＬＥ,グロース（内国株式）,小売業,3655,3655,3600,3610,-30,-0.824176,13500,OK
2025-11-17,5889,Ｊａｐａｎ　Ｅｙｅｗｅａｒ　Ｈｏｌｄｉｎｇｓ,プライム（内国株式）,小売業,1980,2000,1822,1877,-146,-7.217004,885400,OK
2025-11-17,5890,オフィスバスターズ,TOKYO PRO MARKET（内国株式）,小売業,,,,,,,,NO_QUOTE
2025-11-17,5891,魁力屋,スタンダード（内国株式）,小売業,1745,1745,1692,1713,-13,-0.753187,36300,OK
2025-11-17,5892,ｙｕｔｏｒｉ,グロース（内国株式）,小売業,2848,2970,2740,2823,-23,-0.808152,125600,OK
2025-11-17,5893,ＲＡＶＩＰＡ,TOKYO PRO MARKET（内国株式）,小売業,,,,,,,,NO_QUOTE
2025-11-17,5900,ダイケン,スタンダード（内国株式）,金属製品,849,849,827,830,-19,-2.237927,9300,OK
2025-11-17,5901,東洋製罐グループホールディングス,プライム（内国株式）,金属製品,3640,3709,3598,3598,-17,-0.470263,331400,OK
2025-11-17,5902,ホッカンホールディングス,プライム（内国株式）,金属製品,2251,2260,2222,2222,-41,-1.811754,15700,OK
2025-11-17,5903,シンポ,スタンダード（内国株式）,金属製品,1200,1200,1200,1200,-10,-0.826446,100,OK
2025-11-17,5905,日本製罐,スタンダード（内国株式）,金属製品,,,,,,,,NO_QUOTE
2025-11-17,5906,エムケー精工,スタンダード（内国株式）,金属製品,550,556,543,548,-2,-0.363636,23900,OK
2025-11-17,5909,コロナ,スタンダード（内国株式）,金属製品,954,978,954,978,24,2.515723,30700,OK
2025-11-17,5911,横河ブリッジホールディングス,プライム（内国株式）,金属製品,2840,2856,2837,2843,3,0.105634,69400,OK
2025-11-17,5915,駒井ハルテック,スタンダード（内国株式）,金属製品,1902,1902,1872,1883,0,0,12600,OK
2025-11-17,5918,瀧上工業,スタンダード（内国株式）,金属製品,7710,7740,7460,7550,-320,-4.066074,1500,OK
2025-11-17,5921,川岸工業,スタンダード（内国株式）,金属製品,4365,4365,4200,4235,-130,-2.978236,9000,OK
2025-11-17,5922,那須電機鉄工,スタンダード（内国株式）,金属製品,15780,15860,15650,15860,100,0.634518,2200,OK
2025-11-17,5923,高田機工,スタンダード（内国株式）,金属製品,1080,1090,1079,1086,7,0.648749,4600,OK
2025-11-17,5928,アルメタックス,スタンダード（内国株式）,金属製品,267,271,265,270,3,1.123596,12000,OK
2025-11-17,5929,三和ホールディングス,プライム（内国株式）,金属製品,4001,4010,3953,3965,-64,-1.588483,589700,OK
2025-11-17,5930,文化シヤッター,プライム（内国株式）,金属製品,2081,2088,2066,2074,-15,-0.718047,87900,OK
2025-11-17,5932,三協立山,プライム（内国株式）,金属製品,601,605,596,597,-2,-0.33389,108000,OK
2025-11-17,5933,アルインコ,プライム（内国株式）,金属製品,1050,1052,1039,1044,-1,-0.095694,35600,OK
2025-11-17,5936,東洋シヤッター,スタンダード（内国株式）,金属製品,892,892,885,887,-6,-0.671892,4300,OK
2025-11-17,5938,ＬＩＸＩＬ,プライム（内国株式）,金属製品,1771,1772,1756,1763,-9.5,-0.535966,890800,OK
2025-11-17,5939,大谷工業,スタンダード（内国株式）,金属製品,5040,5040,4925,4925,-115,-2.281746,1400,OK
2025-11-17,5940,不二サッシ,スタンダード（内国株式）,金属製品,868,869,853,866,-3,-0.345224,33500,OK
2025-11-17,5941,中西製作所,スタンダード（内国株式）,金属製品,2363,2370,2360,2360,-2,-0.084674,2500,OK
2025-11-17,5942,日本フイルコン,スタンダード（内国株式）,金属製品,551,554,548,550,-1,-0.181488,33500,OK
2025-11-17,5943,ノーリツ,プライム（内国株式）,金属製品,1873,1878,1851,1851,-22,-1.174586,140700,OK
2025-11-17,5945,天龍製鋸,スタンダード（内国株式）,金属製品,2113,2113,2113,2113,-16,-0.751527,1200,OK
2025-11-17,5946,長府製作所,プライム（内国株式）,金属製品,1980,1993,1947,1953,-37,-1.859296,63400,OK
2025-11-17,5947,リンナイ,プライム（内国株式）,金属製品,3791,3796,3734,3744,-52,-1.369863,347300,OK
2025-11-17,5949,ユニプレス,プライム（内国株式）,輸送用機器,1181,1186,1170,1184,2,0.169205,145600,OK
2025-11-17,5950,日本パワーファスニング,スタンダード（内国株式）,金属製品,197,198,192,192,-9,-4.477612,62400,OK
2025-11-17,5951,ダイニチ工業,スタンダード（内国株式）,金属製品,902,903,900,900,-2,-0.221729,3200,OK
2025-11-17,5952,アマテイ,スタンダード（内国株式）,金属製品,198,198,190,190,-8,-4.040404,167700,OK
2025-11-17,5955,ワイズホールディングス,スタンダード（内国株式）,金属製品,78,79,77,77,-1,-1.282051,931500,OK
2025-11-17,5956,トーソー,スタンダード（内国株式）,金属製品,541,542,536,537,-10,-1.828154,7300,OK
2025-11-17,5957,日東精工,プライム（内国株式）,金属製品,667,671,661,669,6,0.904977,252500,OK
2025-11-17,5958,三洋工業,スタンダード（内国株式）,金属製品,4385,4385,4260,4310,-5,-0.115875,2200,OK
2025-11-17,5959,岡部,プライム（内国株式）,金属製品,935,935,922,924,-14,-1.492537,72700,OK
2025-11-17,5962,浅香工業,スタンダード（内国株式）,その他製品,1830,1830,1830,1830,0,0,200,OK
2025-11-17,5965,フジマック,スタンダード（内国株式）,金属製品,1065,1088,1056,1079,15,1.409774,12600,OK
2025-11-17,5966,京都機械工具,スタンダード（内国株式）,金属製品,2435,2450,2435,2450,20,0.823045,900,OK
2025-11-17,5967,ＴＯＮＥ,スタンダード（内国株式）,金属製品,620,620,610,616,-1,-0.162075,20300,OK
2025-11-17,5969,ロブテックス,スタンダード（内国株式）,金属製品,1193,1198,1193,1198,5,0.419111,500,OK
2025-11-17,5970,ジーテクト,プライム（内国株式）,金属製品,1919,1922,1870,1886,-32,-1.668405,178500,OK
2025-11-17,5971,共和工業所,スタンダード（内国株式）,金属製品,7030,7030,6860,6900,-80,-1.146132,800,OK
2025-11-17,5973,トーアミ,スタンダード（内国株式）,金属製品,556,556,540,540,-8,-1.459854,6500,OK
2025-11-17,5974,中国工業,スタンダード（内国株式）,金属製品,619,625,619,625,6,0.969305,10100,OK
2025-11-17,5975,東プレ,プライム（内国株式）,金属製品,2274,2336,2267,2327,20,0.866927,143000,OK
2025-11-17,5976,高周波熱錬,プライム（内国株式）,金属製品,1187,1187,1171,1175,-10,-0.843882,77800,OK
2025-11-17,5981,東京製綱,プライム（内国株式）,金属製品,1468,1473,1445,1466,-5,-0.339905,74000,OK
2025-11-17,5982,マルゼン,スタンダード（内国株式）,金属製品,3515,3555,3465,3495,-15,-0.42735,5400,OK
2025-11-17,5983,イワブチ,スタンダード（内国株式）,金属製品,9990,10000,9520,9780,-300,-2.97619,6600,OK
2025-11-17,5984,兼房,スタンダード（内国株式）,金属製品,678,685,678,681,4,0.590842,2200,OK
2025-11-17,5985,サンコール,スタンダード（内国株式）,金属製品,1170,1363,1140,1355,292,27.469426,7784700,OK
2025-11-17,5986,モリテック　スチール,スタンダード（内国株式）,金属製品,197,199,195,197,0,0,15700,OK
2025-11-17,5987,オーネックス,スタンダード（内国株式）,金属製品,1842,1857,1842,1857,55,3.052164,500,OK
2025-11-17,5988,パイオラックス,プライム（内国株式）,金属製品,1714,1715,1673,1674,-43,-2.504368,156300,OK
2025-11-17,5989,エイチワン,プライム（内国株式）,金属製品,1255,1258,1219,1223,-36,-2.859412,237200,OK
2025-11-17,5990,スーパーツール,スタンダード（内国株式）,金属製品,1945,1946,1945,1946,2,0.102881,200,OK
2025-11-17,5991,日本発條,プライム（内国株式）,金属製品,2236.5,2363.5,2222,2363.5,115.5,5.1379,1962100,OK
2025-11-17,5992,中央発條,スタンダード（内国株式）,金属製品,3365,3385,3310,3340,-10,-0.298507,32100,OK
2025-11-17,5994,ファインシンター,スタンダード（内国株式）,金属製品,1970,1970,1849,1870,-100,-5.076142,62300,OK
2025-11-17,5997,協立エアテック,スタンダード（内国株式）,金属製品,712,712,707,708,-12,-1.666667,8400,OK
2025-11-17,5998,アドバネクス,スタンダード（内国株式）,金属製品,1427,1457,1425,1425,-400,-21.917808,149300,OK
2025-11-17,6005,三浦工業,プライム（内国株式）,機械,3140,3148,3063,3095,-61,-1.932826,402500,OK
2025-11-17,6013,タクマ,プライム（内国株式）,機械,2451,2474,2430,2469,29,1.188525,267100,OK
2025-11-17,6016,ジャパンエンジンコーポレーション,スタンダード（内国株式）,輸送用機器,12250,13250,12220,13000,650,5.263158,455200,OK
2025-11-17,6018,阪神内燃機工業,スタンダード（内国株式）,輸送用機器,3785,3875,3755,3810,20,0.527704,10100,OK
2025-11-17,6022,赤阪鐵工所,スタンダード（内国株式）,機械,4740,5000,4580,4855,255,5.543478,24400,OK
2025-11-17,6023,ダイハツインフィニアース,スタンダード（内国株式）,輸送用機器,2842,2917,2803,2868,26,0.914849,250100,OK
2025-11-17,6027,弁護士ドットコム,グロース（内国株式）,サービス業,2871,2889,2818,2849,-42,-1.452785,167300,OK
2025-11-17,6028,テクノプロ・ホールディングス,プライム（内国株式）,サービス業,4850,4857,4846,4846,0,0,58600,OK
2025-11-17,6029,アトラグループ,スタンダード（内国株式）,サービス業,162,168,155,160,8,5.263158,266500,OK
2025-11-17,6030,アドベンチャー,グロース（内国株式）,サービス業,2046,2061,2002,2019,-56,-2.698795,27400,OK
2025-11-17,6031,ＺＥＴＡ,グロース（内国株式）,サービス業,307,312,297,309,2,0.651466,266900,OK
2025-11-17,6033,エクストリーム,グロース（内国株式）,サービス業,1273,1300,1263,1296,23,1.806756,8400,OK
2025-11-17,6034,ＭＲＴ,グロース（内国株式）,サービス業,670,670,646,662,-18,-2.647059,9400,OK
2025-11-17,6035,アイ・アールジャパンホールディングス,プライム（内国株式）,サービス業,830,835,809,823,-18,-2.140309,68200,OK
2025-11-17,6036,ＫｅｅＰｅｒ技研,プライム（内国株式）,サービス業,3490,3515,3305,3480,-220,-5.945946,372900,OK
2025-11-17,6037,楽待,スタンダード（内国株式）,サービス業,1152,1164,1131,1133,-34,-2.913453,71300,OK
2025-11-17,6038,イード,グロース（内国株式）,サービス業,947,947,926,930,-19,-2.002107,5400,OK
2025-11-17,6039,日本動物高度医療センター,グロース（内国株式）,サービス業,5570,5820,5210,5780,260,4.710145,107400,OK
2025-11-17,6040,日本スキー場開発,グロース（内国株式）,サービス業,533,534,507,517,-18,-3.364486,180700,OK
2025-11-17,6042,ニッキ,スタンダード（内国株式）,輸送用機器,3080,3140,3080,3105,15,0.485437,1600,OK
2025-11-17,6044,三機サービス,スタンダード（内国株式）,サービス業,2266,2266,2185,2222,-91,-3.934284,6200,OK
2025-11-17,6045,レントラックス,グロース（内国株式）,サービス業,1501,1514,1476,1489,-118,-7.342875,53000,OK
2025-11-17,6046,リンクバル,グロース（内国株式）,サービス業,130,132,128,129,-2,-1.526718,126800,OK
2025-11-17,6047,Ｇｕｎｏｓｙ,プライム（内国株式）,サービス業,577,580,567,572,-8,-1.37931,202500,OK
2025-11-17,6049,イトクロ,グロース（内国株式）,サービス業,284,287,274,276,-4,-1.428571,16200,OK
2025-11-17,6050,イー・ガーディアン,プライム（内国株式）,サービス業,1687,1688,1660,1676,-10,-0.59312,71900,OK
2025-11-17,6054,リブセンス,スタンダード（内国株式）,サービス業,120,122,117,117,0,0,299500,OK
2025-11-17,6055,ジャパンマテリアル,プライム（内国株式）,サービス業,1730,1752,1710,1736,29,1.698887,469900,OK
2025-11-17,6058,ベクトル,プライム（内国株式）,サービス業,1146,1153,1132,1141,-10,-0.86881,109600,OK
2025-11-17,6059,ウチヤマホールディングス,スタンダード（内国株式）,サービス業,372,372,364,369,0,0,28500,OK
2025-11-17,6060,こころネット,スタンダード（内国株式）,サービス業,1270,1270,1181,1196,-98,-7.573416,14500,OK
2025-11-17,6061,ユニバーサル園芸社,スタンダード（内国株式）,サービス業,6010,6010,5850,5900,-20,-0.337838,3800,OK
2025-11-17,6062,チャーム・ケア・コーポレーション,プライム（内国株式）,サービス業,1271,1297,1257,1264,9,0.717131,291700,OK
2025-11-17,6063,日本エマージェンシーアシスタンス,スタンダード（内国株式）,サービス業,966,970,966,966,4,0.4158,3100,OK
2025-11-17,6069,トレンダーズ,グロース（内国株式）,サービス業,810,843,800,842,8,0.959233,330400,OK
2025-11-17,6070,キャリアリンク,プライム（内国株式）,サービス業,2431,2459,2414,2459,29,1.193416,39700,OK
2025-11-17,6071,ＩＢＪ,プライム（内国株式）,サービス業,794,803,754,775,-18,-2.269861,525300,OK
2025-11-17,6072,地盤ネットホールディングス,グロース（内国株式）,サービス業,164,176,164,175,8,4.790419,944000,OK
2025-11-17,6073,アサンテ,プライム（内国株式）,サービス業,1626,1626,1613,1613,-10,-0.616143,12200,OK
2025-11-17,6074,ジェイエスエス,スタンダード（内国株式）,サービス業,548,548,538,542,-6,-1.094891,7300,OK
2025-11-17,6078,バリューＨＲ,プライム（内国株式）,サービス業,1820,1841,1710,1725,-133,-7.158235,161100,OK
2025-11-17,6080,Ｍ＆Ａキャピタルパートナーズ,プライム（内国株式）,サービス業,3195,3200,3110,3160,-10,-0.315457,56400,OK
2025-11-17,6081,アライドアーキテクツ,グロース（内国株式）,サービス業,215,219,199,205,-12,-5.529954,313600,OK
2025-11-17,6082,ライドオンエクスプレスホールディングス,スタンダード（内国株式）,サービス業,1006,1006,1003,1004,0,0,7300,OK
2025-11-17,6083,ＥＲＩホールディングス,スタンダード（内国株式）,サービス業,3710,3725,3670,3705,-5,-0.134771,22500,OK
2025-11-17,6085,アーキテクツ・スタジオ・ジャパン,グロース（内国株式）,サービス業,285,301,284,293,14,5.017921,32200,OK
2025-11-17,6086,シンメンテホールディングス,グロース（内国株式）,サービス業,1053,1085,1044,1052,6,0.573614,18700,OK
2025-11-17,6087,アビスト,スタンダード（内国株式）,サービス業,3175,3180,3160,3170,-5,-0.15748,2400,OK
2025-11-17,6088,シグマクシス・ホールディングス,プライム（内国株式）,サービス業,764,766,750,761,-2,-0.262123,467100,OK
2025-11-17,6089,ウィルグループ,プライム（内国株式）,サービス業,1081,1088,1077,1081,1,0.092593,33500,OK
2025-11-17,6090,ヒューマン・メタボローム・テクノロジーズ,スタンダード（内国株式）,サービス業,659,668,645,647,-11,-1.671733,13300,OK
2025-11-17,6091,ウエスコホールディングス,スタンダード（内国株式）,サービス業,891,891,855,855,-25,-2.840909,34800,OK
2025-11-17,6092,エンバイオ・ホールディングス,スタンダード（内国株式）,サービス業,585,606,585,600,16,2.739726,28300,OK
2025-11-17,6093,エスクロー・エージェント・ジャパン,スタンダード（内国株式）,サービス業,147,147,145,146,0,0,231800,OK
2025-11-17,6094,フリークアウト・ホールディングス,グロース（内国株式）,サービス業,554,560,542,558,53,10.49505,85800,OK
2025-11-17,6096,レアジョブ,スタンダード（内国株式）,サービス業,374,374,365,365,-9,-2.406417,7900,OK
2025-11-17,6098,リクルートホールディングス,プライム（内国株式）,サービス業,7942,8138,7942,7982,-121,-1.493274,3730200,OK
2025-11-17,6099,エラン,プライム（内国株式）,サービス業,765,765,726,727,-41,-5.338542,293900,OK
2025-11-17,6101,ツガミ,プライム（内国株式）,機械,2757,2776,2681,2732,-75,-2.671892,441000,OK
2025-11-17,6103,オークマ,プライム（内国株式）,機械,3530,3560,3485,3520,-10,-0.283286,395900,OK
2025-11-17,6104,芝浦機械,プライム（内国株式）,機械,4155,4240,4155,4205,50,1.203369,68100,OK
2025-11-17,6113,アマダ,プライム（内国株式）,機械,1834,1843.5,1800.5,1812.5,-21,-1.14535,1526600,OK
2025-11-17,6118,アイダエンジニアリング,プライム（内国株式）,機械,1036,1039,1014,1023,7,0.688976,233500,OK
2025-11-17,6125,岡本工作機械製作所,スタンダード（内国株式）,機械,4370,4395,4320,4390,65,1.50289,15700,OK
2025-11-17,6134,ＦＵＪＩ,プライム（内国株式）,機械,3195,3529,3195,3529,371,11.747942,1079500,OK
2025-11-17,6135,牧野フライス製作所,プライム（内国株式）,機械,11390,11390,11340,11340,-50,-0.438982,38900,OK
2025-11-17,6136,オーエスジー,プライム（内国株式）,機械,2235.5,2235.5,2216.5,2219.5,-17.5,-0.782298,211000,OK
2025-11-17,6137,小池酸素工業,スタンダード（内国株式）,機械,1455,1487,1446,1479,8,0.543848,29700,OK
2025-11-17,6138,ダイジェット工業,スタンダード（内国株式）,機械,900,900,887,891,-9,-1,7600,OK
2025-11-17,6140,旭ダイヤモンド工業,プライム（内国株式）,機械,811,816,805,811,-4,-0.490798,107200,OK
2025-11-17,6141,ＤＭＧ森精機,プライム（内国株式）,機械,2749,2752.5,2682,2728,-40,-1.445087,1556200,OK
2025-11-17,6143,ソディック,プライム（内国株式）,機械,952,958,937,955,0,0,216400,OK
2025-11-17,6144,西部電機,スタンダード（内国株式）,機械,2300,2320,2246,2264,-36,-1.565217,15600,OK
2025-11-17,6145,ＮＩＴＴＯＫＵ,スタンダード（内国株式）,機械,2540,2608,2464,2513,139,5.855097,472500,OK
2025-11-17,6146,ディスコ,プライム（内国株式）,機械,47010,48280,46990,48010,720,1.522521,1585400,OK
2025-11-17,6147,ヤマザキ,スタンダード（内国株式）,機械,314,317,314,314,0,0,2400,OK
2025-11-17,6149,小田原エンジニアリング,スタンダード（内国株式）,機械,2401,2404,2335,2355,-50,-2.079002,55600,OK
2025-11-17,6150,タケダ機械,スタンダード（内国株式）,機械,2965,2965,2950,2953,27,0.922761,400,OK
2025-11-17,6151,日東工器,プライム（内国株式）,機械,1696,1696,1679,1684,-29,-1.692936,38500,OK
2025-11-17,6155,高松機械工業,スタンダード（内国株式）,機械,493,493,475,479,-10,-2.04499,5100,OK
2025-11-17,6156,エーワン精密,スタンダード（内国株式）,機械,1770,1774,1768,1769,3,0.169875,9900,OK
2025-11-17,6157,日進工具,スタンダード（内国株式）,機械,851,855,845,850,5,0.591716,52500,OK
2025-11-17,6158,和井田製作所,スタンダード（内国株式）,機械,875,879,870,871,1,0.114943,9700,OK
2025-11-17,6159,ミクロン精密,スタンダード（内国株式）,機械,1888,1950,1888,1950,42,2.201258,1100,OK
2025-11-17,6161,エスティック,スタンダード（内国株式）,機械,1001,1005,991,991,-6,-0.601805,5700,OK
2025-11-17,6165,パンチ工業,スタンダード（内国株式）,機械,424,424,417,418,-4,-0.947867,61700,OK
2025-11-17,6166,中村超硬,グロース（内国株式）,機械,279,281,273,273,-26,-8.695652,112100,OK
2025-11-17,6167,冨士ダイス,プライム（内国株式）,機械,844,844,822,824,-41,-4.739884,71900,OK
2025-11-17,6168,ＯＮＥ　ＧＲＯＵＰ,TOKYO PRO MARKET（内国株式）,機械,,,,,,,,NO_QUOTE
2025-11-17,6171,土木管理総合試験所,スタンダード（内国株式）,サービス業,462,468,447,447,-29,-6.092437,115600,OK
2025-11-17,6173,アクアライン,グロース（内国株式）,サービス業,275,275,274,274,-4,-1.438849,300,OK
2025-11-17,6174,デンタス,TOKYO PRO MARKET（内国株式）,サービス業,,,,,,,,NO_QUOTE
2025-11-17,6176,ブランジスタ,スタンダード（内国株式）,サービス業,780,816,760,809,14,1.761006,164200,OK
2025-11-17,6177,ＡｐｐＢａｎｋ,グロース（内国株式）,サービス業,167,170,154,157,-14,-8.187135,1490800,OK
2025-11-17,6178,日本郵政,プライム（内国株式）,サービス業,1450.5,1468,1438,1462.5,1,0.068423,6849600,OK
2025-11-17,6180,ＧＭＯメディア,グロース（内国株式）,サービス業,5890,6100,5700,5800,-90,-1.528014,14300,OK
2025-11-17,6181,タメニー,グロース（内国株式）,サービス業,120,120,113,116,-3,-2.521008,243100,OK
2025-11-17,6182,メタリアル,グロース（内国株式）,サービス業,469,470,461,461,-5,-1.072961,38900,OK
2025-11-17,6183,ベルシステム２４ホールディングス,プライム（内国株式）,サービス業,1336,1343,1327,1342,-2,-0.14881,158900,OK
2025-11-17,6184,鎌倉新書,プライム（内国株式）,サービス業,555,555,548,554,-1,-0.18018,89800,OK
2025-11-17,6185,ＳＭＮ,スタンダード（内国株式）,サービス業,489,494,477,493,2,0.407332,44200,OK
2025-11-17,6186,一蔵,スタンダード（内国株式）,サービス業,377,381,377,378,-2,-0.526316,2600,OK
2025-11-17,6189,グローバルキッズＣＯＭＰＡＮＹ,スタンダード（内国株式）,サービス業,729,729,718,722,-5,-0.687758,25300,OK
2025-11-17,6190,フェニックスバイオ,グロース（内国株式）,サービス業,459,471,439,443,-88,-16.572505,184800,OK
2025-11-17,6191,エアトリ,プライム（内国株式）,サービス業,767,782,752,775,-67,-7.957245,474200,OK
2025-11-17,6193,バーチャレクス・ホールディングス,グロース（内国株式）,サービス業,1063,1064,1039,1043,-14,-1.324503,18800,OK
2025-11-17,6194,アトラエ,プライム（内国株式）,サービス業,681,681,665,666,-17,-2.489019,171300,OK
2025-11-17,6195,ホープ,グロース（内国株式）,サービス業,200,203,199,200,0,0,51700,OK
2025-11-17,6196,ストライク,プライム（内国株式）,サービス業,3955,3970,3890,3920,-30,-0.759494,85700,OK
2025-11-17,6197,ソラスト,プライム（内国株式）,サービス業,511,516,508,514,1,0.194932,141700,OK
2025-11-17,6198,キャリア,グロース（内国株式）,サービス業,251,254,244,251,-16,-5.992509,33900,OK
2025-11-17,6199,セラク,スタンダード（内国株式）,サービス業,1513,1519,1491,1504,-15,-0.987492,38800,OK
2025-11-17,6200,インソース,プライム（内国株式）,サービス業,825,838,822,835,1,0.119904,525900,OK
2025-11-17,6201,豊田自動織機,プライム（内国株式）,輸送用機器,17300,17350,17220,17220,-140,-0.806452,260200,OK
2025-11-17,6203,豊和工業,スタンダード（内国株式）,機械,1119,1206,1110,1191,88,7.978241,1391700,OK
2025-11-17,6208,石川製作所,スタンダード（内国株式）,機械,1542,1580,1527,1580,49,3.200523,105100,OK
2025-11-17,6209,リケンＮＰＲ,プライム（内国株式）,機械,3295,3400,3260,3400,130,3.975535,141700,OK
2025-11-17,6210,ＴＯＹＯイノベックス,スタンダード（内国株式）,機械,671,672,655,655,-21,-3.106509,62300,OK
2025-11-17,6217,津田駒工業,スタンダード（内国株式）,機械,334,336,333,335,0,0,2800,OK
2025-11-17,6218,エンシュウ,スタンダード（内国株式）,機械,508,514,508,514,2,0.390625,3500,OK
2025-11-17,6222,島精機製作所,プライム（内国株式）,機械,990,990,967,980,-16,-1.606426,133200,OK
2025-11-17,6223,西部技研,スタンダード（内国株式）,機械,1733,1750,1711,1750,31,1.803374,51700,OK
2025-11-17,6224,ＪＲＣ,グロース（内国株式）,機械,1376,1376,1317,1342,-34,-2.47093,78400,OK
2025-11-17,6226,守谷輸送機工業,スタンダード（内国株式）,機械,5130,5200,5020,5200,100,1.960784,55700,OK
2025-11-17,6227,ＡＩメカテック,スタンダード（内国株式）,機械,5050,5280,4875,4930,305,6.594595,439500,OK
2025-11-17,6228,ジェイ・イー・ティ,スタンダード（内国株式）,機械,741,743,717,718,-30,-4.010695,48600,OK
2025-11-17,6229,オーケーエム,スタンダード（内国株式）,機械,1810,1880,1783,1829,7,0.384193,41400,OK
2025-11-17,6230,ＳＡＮＥＩ,スタンダード（内国株式）,機械,2070,2070,2059,2070,15,0.729927,500,OK
2025-11-17,6231,木村工機,スタンダード（内国株式）,機械,13300,13300,12320,12450,-550,-4.230769,9300,OK
2025-11-17,6232,ＡＣＳＬ,グロース（内国株式）,機械,1021,1028,984,1008,-3,-0.296736,451200,OK
2025-11-17,6233,ＫＬＡＳＳ,スタンダード（内国株式）,機械,413,413,406,406,-7,-1.694915,11700,OK
2025-11-17,6235,オプトラン,プライム（内国株式）,機械,1754,1758,1714,1749,3,0.171821,227100,OK
2025-11-17,6237,イワキ,プライム（内国株式）,機械,2530,2530,2376,2394,-154,-6.043956,37800,OK
2025-11-17,6238,フリュー,プライム（内国株式）,機械,1091,1097,1050,1075,-11,-1.012891,257400,OK
2025-11-17,6239,ナガオカ,スタンダード（内国株式）,機械,1381,1387,1364,1385,-7,-0.502874,21800,OK
2025-11-17,6240,ヤマシンフィルタ,プライム（内国株式）,機械,640,647,631,647,0,0,251700,OK
2025-11-17,6245,ヒラノテクシード,スタンダード（内国株式）,機械,1579,1579,1551,1551,-28,-1.773274,43500,OK
2025-11-17,6246,テクノスマート,スタンダード（内国株式）,機械,1884,1917,1884,1895,2,0.105652,17100,OK
2025-11-17,6247,日阪製作所,プライム（内国株式）,機械,1452,1462,1424,1428,-21,-1.449275,59000,OK
2025-11-17,6248,横田製作所,スタンダード（内国株式）,機械,1625,1625,1600,1600,-65,-3.903904,2000,OK
2025-11-17,6249,ゲームカードホールディングス,スタンダード（内国株式）,機械,2873,2873,2765,2801,-44,-1.546573,27400,OK
2025-11-17,6250,やまびこ,プライム（内国株式）,機械,2590,2635,2555,2619,20,0.769527,127200,OK
2025-11-17,6254,野村マイクロ・サイエンス,プライム（内国株式）,機械,3625,3665,3400,3440,-115,-3.23488,1048000,OK
2025-11-17,6255,エヌ・ピー・シー,グロース（内国株式）,機械,735,751,732,739,4,0.544218,124500,OK
2025-11-17,6257,藤商事,スタンダード（内国株式）,機械,1039,1046,1033,1046,8,0.770713,44300,OK
2025-11-17,6258,平田機工,プライム（内国株式）,機械,2101,2119,2078,2098,-21,-0.991034,196400,OK
2025-11-17,6262,ＰＥＧＡＳＵＳ,スタンダード（内国株式）,機械,883,891,865,885,4,0.45403,96900,OK
2025-11-17,6264,マルマエ,プライム（内国株式）,機械,1925,2026,1920,2016,73,3.757077,193500,OK
2025-11-17,6265,コンバム,スタンダード（内国株式）,機械,2374,2375,2349,2354,-25,-1.050862,1000,OK
2025-11-17,6266,タツモ,プライム（内国株式）,機械,2411,2418,2295,2371,60,2.596279,368500,OK
2025-11-17,6267,ゼネラルパッカー,スタンダード（内国株式）,機械,3760,3760,3760,3760,0,0,500,OK
2025-11-17,6268,ナブテスコ,プライム（内国株式）,機械,3525,3535,3440,3468,-60,-1.70068,820400,OK
2025-11-17,6269,三井海洋開発,プライム（内国株式）,機械,14700,15150,14210,15075,640,4.433668,4447900,OK
2025-11-17,6272,レオン自動機,プライム（内国株式）,機械,1480,1486,1437,1448,-35,-2.360081,66000,OK
2025-11-17,6273,ＳＭＣ,プライム（内国株式）,機械,56600,57150,54720,55030,-1970,-3.45614,273800,OK
2025-11-17,6276,シリウスビジョン,スタンダード（内国株式）,電気機器,473,473,435,473,80,20.356234,686000,OK
2025-11-17,6277,ホソカワミクロン,プライム（内国株式）,機械,5310,5340,5250,5310,20,0.378072,16800,OK
2025-11-17,6278,ユニオンツール,プライム（内国株式）,機械,7440,7880,7410,7610,210,2.837838,246300,OK
2025-11-17,6279,瑞光,プライム（内国株式）,機械,987,990,980,980,-6,-0.608519,16900,OK
2025-11-17,6282,オイレス工業,プライム（内国株式）,機械,2131,2131,2057,2072,-59,-2.768653,154700,OK
2025-11-17,6284,日精エー・エス・ビー機械,プライム（内国株式）,機械,6510,6650,6500,6550,30,0.460123,39800,OK
2025-11-17,6286,靜甲,スタンダード（内国株式）,機械,1131,1147,1121,1147,-3,-0.26087,8300,OK
2025-11-17,6287,サトー,プライム（内国株式）,機械,2221,2243,2207,2231,10,0.450248,101900,OK
2025-11-17,6289,技研製作所,プライム（内国株式）,機械,1684,1690,1671,1680,-3,-0.178253,57000,OK
2025-11-17,6291,日本エアーテック,スタンダード（内国株式）,機械,1280,1292,1265,1266,-45,-3.432494,118700,OK
2025-11-17,6292,カワタ,スタンダード（内国株式）,機械,772,772,767,769,-7,-0.902062,16500,OK
2025-11-17,6293,日精樹脂工業,プライム（内国株式）,機械,850,860,832,839,-5,-0.592417,68300,OK
2025-11-17,6294,オカダアイヨン,プライム（内国株式）,機械,2125,2141,2104,2119,-1,-0.04717,25600,OK
2025-11-17,6298,ワイエイシイホールディングス,プライム（内国株式）,機械,1037,1044,995,1033,0,0,545600,OK
2025-11-17,6301,小松製作所,プライム（内国株式）,機械,5204,5233,5174,5232,-8,-0.152672,1999700,OK
2025-11-17,6302,住友重機械工業,プライム（内国株式）,機械,4060,4137,4026,4126,44,1.077903,751400,OK
2025-11-17,6305,日立建機,プライム（内国株式）,機械,4590,4613,4537,4596,-17,-0.368524,1072500,OK
2025-11-17,6306,日工,プライム（内国株式）,機械,760,761,750,751,-13,-1.701571,56800,OK
2025-11-17,6307,サンセイ,スタンダード（内国株式）,機械,559,566,535,562,3,0.536673,43800,OK
2025-11-17,6309,巴工業,プライム（内国株式）,機械,1659,1668,1629,1632,-19,-1.150818,98600,OK
2025-11-17,6310,井関農機,プライム（内国株式）,機械,1904,1990,1826,1972,52,2.708333,871300,OK
2025-11-17,6312,フロイント産業,スタンダード（内国株式）,機械,1075,1075,1075,1075,0,0,500,OK
2025-11-17,6315,ＴＯＷＡ,プライム（内国株式）,機械,2384,2548,2384,2527,144,6.042803,6844600,OK
2025-11-17,6316,丸山製作所,スタンダード（内国株式）,機械,2137,2148,2104,2130,23,1.091599,9800,OK
2025-11-17,6317,北川鉄工所,スタンダード（内国株式）,機械,1731,1736,1707,1721,3,0.174622,28800,OK
2025-11-17,6322,タクミナ,スタンダード（内国株式）,機械,1582,1582,1557,1558,-22,-1.392405,2600,OK
2025-11-17,6323,ローツェ,プライム（内国株式）,機械,2003.5,2040,1995,2031.5,27,1.346969,1261800,OK
2025-11-17,6324,ハーモニック・ドライブ・システムズ,スタンダード（内国株式）,機械,2779,2780,2683,2747,4,0.145826,904000,OK
2025-11-17,6325,タカキタ,スタンダード（内国株式）,機械,388,391,387,389,2,0.516796,11500,OK
2025-11-17,6326,クボタ,プライム（内国株式）,機械,2071.5,2092.5,2051.5,2054.5,-62,-2.929365,3508200,OK
2025-11-17,6327,北川精機,スタンダード（内国株式）,機械,835,857,827,850,17,2.040816,70400,OK
2025-11-17,6328,荏原実業,プライム（内国株式）,機械,4355,4385,4300,4300,-55,-1.262916,17400,OK
2025-11-17,6330,東洋エンジニアリング,プライム（内国株式）,建設業,2883,3120,2670,2690,-104,-3.722262,12732000,OK
2025-11-17,6331,三菱化工機,プライム（内国株式）,機械,3240,3315,3145,3305,135,4.258675,350800,OK
2025-11-17,6332,月島ホールディングス,プライム（内国株式）,機械,2627,2671,2592,2655,8,0.302229,256100,OK
2025-11-17,6333,帝国電機製作所,プライム（内国株式）,機械,3035,3035,2981,2988,-42,-1.386139,23200,OK
2025-11-17,6334,明治機械,スタンダード（内国株式）,機械,338,355,335,355,16,4.719764,10400,OK
2025-11-17,6335,東京機械製作所,スタンダード（内国株式）,機械,500,515,496,497,0,0,23200,OK
2025-11-17,6336,石井表記,スタンダード（内国株式）,機械,653,660,643,660,8,1.226994,5100,OK
2025-11-17,6337,テセック,スタンダード（内国株式）,機械,2042,2056,2021,2026,-36,-1.745878,12800,OK
2025-11-17,6338,タカトリ,スタンダード（内国株式）,機械,1386,1403,1355,1386,1,0.072202,56500,OK
2025-11-17,6339,新東工業,プライム（内国株式）,機械,987,990,979,986,-1,-0.101317,81400,OK
2025-11-17,6340,澁谷工業,プライム（内国株式）,機械,3250,3270,3180,3205,-45,-1.384615,58700,OK
2025-11-17,6342,太平製作所,スタンダード（内国株式）,機械,2915,2915,2865,2885,-30,-1.02916,600,OK
2025-11-17,6343,フリージア・マクロス,スタンダード（内国株式）,機械,150,150,140,143,-5,-3.378378,585700,OK
2025-11-17,6345,アイチ　コーポレーション,プライム（内国株式）,機械,1316,1319,1298,1301,-15,-1.139818,117600,OK
2025-11-17,6346,キクカワエンタープライズ,スタンダード（内国株式）,機械,6410,6410,6410,6410,0,0,100,OK
2025-11-17,6347,プラコー,スタンダード（内国株式）,機械,374,409,373,404,30,8.02139,166300,OK
2025-11-17,6349,小森コーポレーション,プライム（内国株式）,機械,1470,1475,1451,1467,-15,-1.012146,79500,OK
2025-11-17,6351,鶴見製作所,プライム（内国株式）,機械,2105,2166,2100,2132,14,0.661001,43200,OK
2025-11-17,6356,日本ギア工業,スタンダード（内国株式）,機械,800,819,781,819,25,3.148615,119400,OK
2025-11-17,6357,三精テクノロジーズ,スタンダード（内国株式）,機械,2350,2368,2332,2345,12,0.514359,40600,OK
2025-11-17,6358,酒井重工業,プライム（内国株式）,機械,2032,2042,2019,2030,0,0,14900,OK
2025-11-17,6360,東京自働機械製作所,スタンダード（内国株式）,機械,3510,3515,3500,3515,20,0.572246,1500,OK
2025-11-17,6361,荏原製作所,プライム（内国株式）,機械,3953,4192,3795,4041,115,2.92919,6956900,OK
2025-11-17,6363,酉島製作所,プライム（内国株式）,機械,1904,1907,1875,1880,-29,-1.51912,136300,OK
2025-11-17,6364,ＡＩＲＭＡＮ,プライム（内国株式）,機械,1849,1849,1826,1826,-30,-1.616379,32500,OK
2025-11-17,6365,電業社機械製作所,スタンダード（内国株式）,機械,5170,5230,5070,5090,-60,-1.165049,1100,OK
2025-11-17,6366,千代田化工建設,スタンダード（内国株式）,建設業,577,604,563,599,30,5.272408,7116400,OK
2025-11-17,6367,ダイキン工業,プライム（内国株式）,機械,20230,20420,19725,19935,-660,-3.204661,1022500,OK
2025-11-17,6368,オルガノ,プライム（内国株式）,機械,14000,14795,14000,14380,410,2.93486,411600,OK
2025-11-17,6369,トーヨーカネツ,プライム（内国株式）,機械,4510,4520,4465,4500,20,0.446429,23900,OK
2025-11-17,6370,栗田工業,プライム（内国株式）,機械,6505,6546,6428,6493,37,0.57311,390500,OK
2025-11-17,6371,椿本チエイン,プライム（内国株式）,機械,2124,2138,2121,2130,5,0.235294,97500,OK
2025-11-17,6373,大同工業,スタンダード（内国株式）,機械,1330,1346,1330,1339,10,0.752445,11200,OK
2025-11-17,6376,日機装,プライム（内国株式）,精密機器,1520,1603,1491,1600,160,11.111111,903500,OK
2025-11-17,6378,木村化工機,スタンダード（内国株式）,機械,1134,1165,1134,1151,14,1.23131,130400,OK
2025-11-17,6379,レイズネクスト,プライム（内国株式）,建設業,2251,2279,2205,2223,-11,-0.49239,176700,OK
2025-11-17,6380,オリエンタルチエン工業,スタンダード（内国株式）,機械,2080,2337,2080,2333,203,9.530516,8900,OK
2025-11-17,6381,アネスト岩田,プライム（内国株式）,機械,1502,1505,1495,1501,1,0.066667,58000,OK
2025-11-17,6382,トリニティ工業,スタンダード（内国株式）,機械,1157,1157,1152,1152,-5,-0.432152,23500,OK
2025-11-17,6383,ダイフク,プライム（内国株式）,機械,5057,5087,5006,5068,-23,-0.451778,1333100,OK
2025-11-17,6384,昭和真空,スタンダード（内国株式）,機械,1455,1456,1432,1450,-5,-0.343643,5500,OK
2025-11-17,6387,サムコ,プライム（内国株式）,機械,3860,4015,3835,4000,195,5.124836,44100,OK
2025-11-17,6390,加藤製作所,プライム（内国株式）,機械,1293,1299,1270,1271,-22,-1.701469,218500,OK
2025-11-17,6391,加地テック,スタンダード（内国株式）,機械,3340,3350,3315,3335,-5,-0.149701,1800,OK
2025-11-17,6392,ヤマダコーポレーション,スタンダード（内国株式）,機械,5650,5650,5500,5500,-150,-2.654867,1900,OK
2025-11-17,6393,油研工業,スタンダード（内国株式）,機械,2964,2972,2940,2955,-14,-0.471539,5600,OK
2025-11-17,6395,タダノ,プライム（内国株式）,機械,1046,1053,1031,1038,-8,-0.764818,211400,OK
2025-11-17,6396,宇野澤組鐵工所,スタンダード（内国株式）,機械,3505,3505,3505,3505,70,2.037846,100,OK
2025-11-17,6400,不二精機,スタンダード（内国株式）,機械,298,298,291,292,-7,-2.341137,36300,OK
2025-11-17,6402,兼松エンジニアリング,スタンダード（内国株式）,機械,1513,1520,1506,1514,1,0.066094,9600,OK
2025-11-17,6403,水道機工,スタンダード（内国株式）,機械,3115,3115,2960,3055,-115,-3.62776,6500,OK
2025-11-17,6405,鈴茂器工,スタンダード（内国株式）,機械,1278,1284,1240,1248,-36,-2.803738,49100,OK
2025-11-17,6406,フジテック,プライム（内国株式）,機械,5686,5698,5686,5688,3,0.05277,160800,OK
2025-11-17,6407,ＣＫＤ,プライム（内国株式）,機械,2595,2716,2568,2652,-413,-13.474715,2053700,OK
2025-11-17,6408,小倉クラッチ,スタンダード（内国株式）,機械,3630,3630,3630,3630,-20,-0.547945,300,OK
2025-11-17,6412,平和,プライム（内国株式）,機械,1990,1993,1960,1964,-29,-1.455093,463100,OK
2025-11-17,6413,理想科学工業,プライム（内国株式）,機械,1199,1200,1175,1183,-16,-1.334445,57800,OK
2025-11-17,6417,ＳＡＮＫＹＯ,プライム（内国株式）,機械,2611,2660,2570.5,2648,36,1.378254,806900,OK
2025-11-17,6418,日本金銭機械,プライム（内国株式）,機械,1000,1003,979,981,-16,-1.604814,94000,OK
2025-11-17,6419,マースグループホールディングス,プライム（内国株式）,機械,3030,3030,3005,3015,-10,-0.330579,44100,OK
2025-11-17,6420,ガリレイ,プライム（内国株式）,機械,3600,3645,3575,3635,-15,-0.410959,35300,OK
2025-11-17,6424,高見沢サイバネティックス,スタンダード（内国株式）,機械,944,948,935,945,-14,-1.459854,6700,OK
2025-11-17,6425,ユニバーサルエンターテインメント,スタンダード（内国株式）,機械,815,821,773,777,-49,-5.932203,883500,OK
2025-11-17,6428,オーイズミ,スタンダード（内国株式）,機械,327,333,325,326,0,0,41000,OK
2025-11-17,6430,ダイコク電機,プライム（内国株式）,機械,2855,3025,2855,2980,167,5.936722,386100,OK
2025-11-17,6432,竹内製作所,プライム（内国株式）,機械,6500,6600,6470,6530,-20,-0.305344,183600,OK
2025-11-17,6433,ヒーハイスト,スタンダード（内国株式）,機械,372,372,350,361,-26,-6.718346,254100,OK
2025-11-17,6436,アマノ,プライム（内国株式）,機械,4070,4089,4040,4071,3,0.073746,107500,OK
2025-11-17,6440,ＪＵＫＩ,プライム（内国株式）,機械,493,493,476,482,-12,-2.42915,171500,OK
2025-11-17,6444,サンデン,スタンダード（内国株式）,機械,144,144,135,139,-5,-3.472222,217400,OK
2025-11-17,6445,ジャノメ,プライム（内国株式）,機械,1155,1184,1141,1167,32,2.819383,149800,OK
2025-11-17,6448,ブラザー工業,プライム（内国株式）,電気機器,3024,3036,2988.5,3008,-19,-0.627684,1038900,OK
2025-11-17,6454,マックス,プライム（内国株式）,機械,6450,6450,6320,6370,-80,-1.24031,64900,OK
2025-11-17,6455,モリタホールディングス,プライム（内国株式）,輸送用機器,2476,2504,2474,2491,-6,-0.240288,63300,OK
2025-11-17,6457,グローリー,プライム（内国株式）,機械,3800,3813,3739,3795,-20,-0.524246,115100,OK
2025-11-17,6458,新晃工業,プライム（内国株式）,機械,1320,1328,1292,1303,-26,-1.956358,152500,OK
2025-11-17,6459,大和冷機工業,プライム（内国株式）,機械,1535,1535,1510,1520,-20,-1.298701,31000,OK
2025-11-17,6460,セガサミーホールディングス,プライム（内国株式）,機械,2502,2543,2484,2543,18.5,0.732818,1755800,OK
2025-11-17,6463,ＴＰＲ,プライム（内国株式）,機械,1239,1248,1231,1233,-7,-0.564516,124200,OK
2025-11-17,6464,ツバキ・ナカシマ,プライム（内国株式）,機械,369,372,362,366,-4,-1.081081,313300,OK
2025-11-17,6465,ホシザキ,プライム（内国株式）,機械,5208,5217,5124,5197,-43,-0.820611,437200,OK
2025-11-17,6466,ＴＶＥ,スタンダード（内国株式）,機械,2886,2886,2770,2770,-86,-3.011204,3200,OK
2025-11-17,6467,ニチダイ,スタンダード（内国株式）,機械,343,343,341,341,-2,-0.58309,6200,OK
2025-11-17,6469,放電精密加工研究所,スタンダード（内国株式）,機械,2170,2212,2155,2184,-13,-0.591716,68100,OK
2025-11-17,6470,大豊工業,スタンダード（内国株式）,機械,677,680,664,665,-12,-1.772526,69000,OK
2025-11-17,6471,日本精工,プライム（内国株式）,機械,913,920.2,905.6,906.1,-12.3,-1.339286,2249500,OK
2025-11-17,6472,ＮＴＮ,プライム（内国株式）,機械,364.3,368.5,360,364.4,-1.7,-0.464354,2784800,OK
2025-11-17,6473,ジェイテクト,プライム（内国株式）,機械,1605.5,1622,1591,1607.5,-6,-0.371862,1015200,OK
2025-11-17,6474,不二越,プライム（内国株式）,機械,3960,3980,3925,3935,-20,-0.505689,59600,OK
2025-11-17,6479,ミネベアミツミ,プライム（内国株式）,電気機器,2935,2940.5,2882.5,2910.5,-39,-1.322258,1230200,OK
2025-11-17,6480,日本トムソン,プライム（内国株式）,機械,712,717,702,710,6,0.852273,191300,OK
2025-11-17,6481,ＴＨＫ,プライム（内国株式）,機械,3859,3880,3822,3880,-23,-0.58929,1829700,OK
2025-11-17,6482,ＹＵＳＨＩＮ,スタンダード（内国株式）,機械,665,686,652,682,7,1.037037,156100,OK
2025-11-17,6484,ＫＶＫ,スタンダード（内国株式）,機械,2300,2300,2288,2288,-8,-0.348432,900,OK
2025-11-17,6485,前澤給装工業,スタンダード（内国株式）,機械,1470,1473,1460,1460,-5,-0.341297,11100,OK
2025-11-17,6486,イーグル工業,プライム（内国株式）,機械,2630,2680,2628,2670,31,1.174687,85300,OK
2025-11-17,6488,ヨシタケ,スタンダード（内国株式）,機械,956,956,928,934,-19,-1.993704,6800,OK
2025-11-17,6489,前澤工業,スタンダード（内国株式）,機械,1971,1971,1919,1949,-4,-0.204813,49000,OK
2025-11-17,6490,ＰＩＬＬＡＲ,プライム（内国株式）,機械,4615,4665,4540,4595,45,0.989011,114000,OK
2025-11-17,6492,岡野バルブ製造,スタンダード（内国株式）,機械,8400,8400,8090,8100,-320,-3.800475,14100,OK
2025-11-17,6493,ＮＩＴＴＡＮ,スタンダード（内国株式）,輸送用機器,667,678,648,665,3,0.453172,219700,OK
2025-11-17,6494,ＮＦＫホールディングス,スタンダード（内国株式）,機械,110,113,110,110,-1,-0.900901,433500,OK
2025-11-17,6495,宮入バルブ製作所,スタンダード（内国株式）,機械,116,116,112,112,-2,-1.754386,43400,OK
2025-11-17,6496,中北製作所,スタンダード（内国株式）,機械,6030,6240,5960,6120,90,1.492537,13700,OK
2025-11-17,6497,ハマイ,スタンダード（内国株式）,機械,1191,1194,1181,1186,-1,-0.084246,4600,OK
2025-11-17,6498,キッツ,プライム（内国株式）,機械,1682,1682,1649,1681,-3,-0.178147,267300,OK
2025-11-17,6501,日立製作所,プライム（内国株式）,電気機器,5099,5122,5071,5122,39,0.767263,8742000,OK
2025-11-17,6503,三菱電機,プライム（内国株式）,電気機器,4237,4300,4198,4273,36,0.849658,4361300,OK
2025-11-17,6504,富士電機,プライム（内国株式）,電気機器,10675,10730,10555,10570,30,0.28463,554900,OK
2025-11-17,6505,東洋電機製造,スタンダード（内国株式）,電気機器,1984,2008,1970,2007,27,1.363636,27600,OK
2025-11-17,6506,安川電機,プライム（内国株式）,電気機器,4013,4054,3975,4014,-23,-0.56973,2330700,OK
2025-11-17,6507,シンフォニアテクノロジー,プライム（内国株式）,電気機器,9310,9600,9150,9470,140,1.500536,130700,OK
2025-11-17,6508,明電舎,プライム（内国株式）,電気機器,6000,6050,5870,6050,20,0.331675,199100,OK
2025-11-17,6513,オリジン,スタンダード（内国株式）,電気機器,1041,1042,1040,1040,-6,-0.573614,1500,OK
2025-11-17,6516,山洋電気,プライム（内国株式）,電気機器,3820,3835,3780,3810,-25,-0.65189,24600,OK
2025-11-17,6517,デンヨー,プライム（内国株式）,電気機器,3130,3195,3120,3170,75,2.423263,33100,OK
2025-11-17,6518,三相電機,スタンダード（内国株式）,電気機器,1006,1006,1005,1005,-5,-0.49505,200,OK
2025-11-17,6521,オキサイド,グロース（内国株式）,電気機器,1668,1717,1641,1695,53,3.227771,109100,OK
2025-11-17,6522,アスタリスク,グロース（内国株式）,電気機器,361,361,352,358,-1,-0.278552,17000,OK
2025-11-17,6523,ＰＨＣホールディングス,プライム（内国株式）,電気機器,960,962,942,949,-18,-1.861427,348600,OK
2025-11-17,6524,湖北工業,スタンダード（内国株式）,電気機器,3240,3345,3240,3345,105,3.240741,185600,OK
2025-11-17,6525,ＫＯＫＵＳＡＩ　ＥＬＥＣＴＲＩＣ,プライム（内国株式）,電気機器,4236,4458,4105,4455,343,8.34144,7333700,OK
2025-11-17,6526,ソシオネクスト,プライム（内国株式）,電気機器,2253,2275.5,2183,2205.5,-69.5,-3.054945,8423600,OK
2025-11-17,6527,ワカ製作所,TOKYO PRO MARKET（内国株式）,電気機器,,,,,,,,NO_QUOTE
2025-11-17,6532,ベイカレント,プライム（内国株式）,サービス業,6820,6999,6810,6963,53,0.767004,1035000,OK
2025-11-17,6533,Ｏｒｃｈｅｓｔｒａ　Ｈｏｌｄｉｎｇｓ,プライム（内国株式）,サービス業,934,934,934,934,150,19.132653,27200,OK
2025-11-17,6535,アイモバイル,プライム（内国株式）,サービス業,565,566,554,555,-9,-1.595745,118300,OK
2025-11-17,6537,ＷＡＳＨハウス,グロース（内国株式）,サービス業,365,365,354,354,-12,-3.278689,54300,OK
2025-11-17,6538,ディスラプターズ,スタンダード（内国株式）,サービス業,323,323,314,321,-3,-0.925926,104000,OK
2025-11-17,6539,ＭＳ−Ｊａｐａｎ,プライム（内国株式）,サービス業,1010,1014,992,993,-13,-1.292247,83200,OK
2025-11-17,6540,船場,スタンダード（内国株式）,サービス業,1789,1789,1710,1723,-64,-3.581421,99600,OK
2025-11-17,6542,ＦＣホールディングス,スタンダード（内国株式）,サービス業,1409,1410,1409,1409,0,0,1100,OK
2025-11-17,6543,日宣,スタンダード（内国株式）,サービス業,1165,1165,1151,1160,-5,-0.429185,1000,OK
2025-11-17,6544,ジャパンエレベーターサービスホールディングス,プライム（内国株式）,サービス業,1885,1906.5,1834.5,1846,-38.5,-2.042982,408100,OK
2025-11-17,6545,インターネットインフィニティー,グロース（内国株式）,サービス業,640,640,627,637,6,0.950872,8800,OK
2025-11-17,6546,フルテック,スタンダード（内国株式）,サービス業,1189,1189,1180,1181,-3,-0.253378,2000,OK
2025-11-17,6547,グリーンズ,スタンダード（内国株式）,サービス業,2339,2349,2258,2300,-183,-7.370117,288600,OK
2025-11-17,6548,旅工房,グロース（内国株式）,サービス業,169,170,161,161,-16,-9.039548,300300,OK
2025-11-17,6549,ディーエムソリューションズ,スタンダード（内国株式）,サービス業,1597,1600,1581,1595,38,2.440591,8500,OK
2025-11-17,6551,ツナググループ・ホールディングス,スタンダード（内国株式）,サービス業,779,780,755,759,-18,-2.316602,54500,OK
2025-11-17,6552,ＧａｍｅＷｉｔｈ,スタンダード（内国株式）,サービス業,193,193,186,187,-3,-1.578947,18700,OK
2025-11-17,6554,エスユーエス,グロース（内国株式）,サービス業,1161,1205,1161,1182,51,4.509284,100300,OK
2025-11-17,6555,ＭＳ＆Ｃｏｎｓｕｌｔｉｎｇ,スタンダード（内国株式）,サービス業,397,397,381,397,4,1.017812,8500,OK
2025-11-17,6557,ＡＩＡＩグループ,グロース（内国株式）,サービス業,1429,1432,1411,1411,-18,-1.259622,7200,OK
2025-11-17,6558,クックビズ,グロース（内国株式）,サービス業,557,568,552,557,-8,-1.415929,10200,OK
2025-11-17,6560,エル・ティー・エス,プライム（内国株式）,サービス業,2454,2484,2350,2378,-106,-4.267311,11800,OK
2025-11-17,6561,ＨＡＮＡＴＯＵＲ　ＪＡＰＡＮ,グロース（内国株式）,サービス業,980,980,948,950,-49,-4.904905,59000,OK
2025-11-17,6562,ジーニー,グロース（内国株式）,サービス業,1001,1041,959,1028,-93,-8.296164,392200,OK
2025-11-17,6563,みらいワークス,グロース（内国株式）,サービス業,657,657,622,633,-4,-0.627943,17700,OK
2025-11-17,6564,ミダックホールディングス,プライム（内国株式）,サービス業,1859,1944,1850,1941,42,2.21169,168800,OK
2025-11-17,6565,ＡＢホテル,スタンダード（内国株式）,サービス業,1709,1709,1641,1662,-57,-3.315881,65900,OK
2025-11-17,6566,要興業,スタンダード（内国株式）,サービス業,1486,1500,1445,1490,-12,-0.798935,21700,OK
2025-11-17,6568,神戸天然物化学,グロース（内国株式）,サービス業,1107,1116,1060,1116,-5,-0.44603,8800,OK
2025-11-17,6570,共和コーポレーション,スタンダード（内国株式）,サービス業,1165,1165,1083,1095,-70,-6.008584,17400,OK
2025-11-17,6571,キュービーネットホールディングス,プライム（内国株式）,サービス業,1363,1365,1340,1343,-19,-1.395007,37700,OK
2025-11-17,6572,オープングループ,プライム（内国株式）,サービス業,314,321,313,319,5,1.592357,114300,OK
2025-11-17,6573,アジャイルメディア・ネットワーク,グロース（内国株式）,サービス業,87,88,83,87,1,1.162791,706100,OK
2025-11-17,6574,コンヴァノ,グロース（内国株式）,サービス業,107,110,102,107,-5,-4.464286,4382800,OK
2025-11-17,6576,揚工舎,TOKYO PRO MARKET（内国株式）,サービス業,,,,,,,,NO_QUOTE
2025-11-17,6577,ベストワンドットコム,グロース（内国株式）,サービス業,1967,1975,1967,1975,8,0.406711,1700,OK
2025-11-17,6578,コレックホールディングス,スタンダード（内国株式）,サービス業,357,358,320,320,-37,-10.364146,376400,OK
2025-11-17,6579,ログリー,グロース（内国株式）,サービス業,346,346,329,329,-21,-6,14700,OK
2025-11-17,6580,ライトアップ,グロース（内国株式）,サービス業,2968,3055,2874,3040,372,13.943028,84100,OK
2025-11-17,6584,三櫻工業,プライム（内国株式）,輸送用機器,836,836,792,820,-66,-7.44921,618500,OK
2025-11-17,6586,マキタ,プライム（内国株式）,機械,4406,4426,4333,4367,-94,-2.107151,905200,OK
2025-11-17,6588,東芝テック,プライム（内国株式）,電気機器,2838,2848,2811,2814,-14,-0.49505,129600,OK
2025-11-17,6590,芝浦メカトロニクス,プライム（内国株式）,電気機器,16640,17300,16540,16960,470,2.850212,444400,OK
2025-11-17,6592,マブチモーター,プライム（内国株式）,電気機器,2700.5,2712.5,2667.5,2685.5,-15,-0.555453,312400,OK
2025-11-17,6594,ニデック,プライム（内国株式）,電気機器,2151,2188,2032,2064,-182,-8.103295,24653500,OK
2025-11-17,6596,筑波精工,TOKYO PRO MARKET（内国株式）,電気機器,,,,,,,,NO_QUOTE
2025-11-17,6597,ＨＰＣシステムズ,グロース（内国株式）,電気機器,1794,1836,1767,1831,10,0.549149,85500,OK
2025-11-17,6599,エブレン,スタンダード（内国株式）,電気機器,2752,2778,2752,2763,35,1.282991,2200,OK
2025-11-17,6612,バルミューダ,グロース（内国株式）,電気機器,760,760,753,753,-6,-0.790514,5400,OK
2025-11-17,6613,ＱＤレーザ,グロース（内国株式）,電気機器,348,367,348,359,10,2.86533,744000,OK
2025-11-17,6614,シキノハイテック,スタンダード（内国株式）,電気機器,725,738,712,712,-13,-1.793103,37100,OK
2025-11-17,6615,ユー・エム・シー・エレクトロニクス,プライム（内国株式）,電気機器,285,285,275,277,-1,-0.359712,57700,OK
2025-11-17,6616,トレックス・セミコンダクター,プライム（内国株式）,電気機器,1648,1648,1561,1561,26,1.693811,35900,OK
2025-11-17,6617,東光高岳,プライム（内国株式）,電気機器,3470,3675,3460,3675,220,6.367583,115200,OK
2025-11-17,6619,ダブル・スコープ,プライム（内国株式）,電気機器,227,227,219,219,-8,-3.524229,471700,OK
2025-11-17,6620,宮越ホールディングス,プライム（内国株式）,不動産業,923,936,915,915,-31,-3.276956,47700,OK
2025-11-17,6622,ダイヘン,プライム（内国株式）,電気機器,9080,9250,9020,9220,210,2.330744,148700,OK
2025-11-17,6625,ＪＡＬＣＯホールディングス,スタンダード（内国株式）,不動産業,399,401,380,382,4,1.058201,826400,OK
2025-11-17,6626,ＳＥＭＩＴＥＣ,スタンダード（内国株式）,電気機器,2266,2268,2200,2208,-58,-2.559576,33700,OK
2025-11-17,6627,テラプローブ,スタンダード（内国株式）,電気機器,5960,5990,5650,5840,250,4.472272,142800,OK
2025-11-17,6629,テクノホライゾン,スタンダード（内国株式）,電気機器,568,568,553,559,-3,-0.533808,266300,OK
2025-11-17,6630,ヤーマン,プライム（内国株式）,電気機器,808,809,801,809,1,0.123762,58800,OK
2025-11-17,6632,ＪＶＣケンウッド,プライム（内国株式）,電気機器,1245.5,1257,1202.5,1215.5,-29.5,-2.369478,2077900,OK
2025-11-17,6633,ＣＧＳホールディングス,スタンダード（内国株式）,電気機器,371,373,367,367,-3,-0.810811,11300,OK
2025-11-17,6634,ネクスグループ,スタンダード（内国株式）,電気機器,126,126,120,122,-4,-3.174603,196900,OK
2025-11-17,6635,大日光・エンジニアリング,スタンダード（内国株式）,電気機器,500,500,495,495,-5,-1,2700,OK
2025-11-17,6637,寺崎電気産業,スタンダード（内国株式）,電気機器,4555,4980,4535,4880,325,7.135016,167000,OK
2025-11-17,6638,ミマキエンジニアリング,プライム（内国株式）,電気機器,1559,1567,1517,1529,-21,-1.354839,142300,OK
2025-11-17,6643,戸上電機製作所,スタンダード（内国株式）,電気機器,3875,3910,3855,3855,-15,-0.387597,3400,OK
2025-11-17,6644,大崎電気工業,プライム（内国株式）,電気機器,1162,1168,1151,1161,-7,-0.599315,156600,OK
2025-11-17,6645,オムロン,プライム（内国株式）,電気機器,3962,3965,3877,3920,-42,-1.060071,1418200,OK
2025-11-17,6647,森尾電機,スタンダード（内国株式）,電気機器,2159,2220,2159,2220,64,2.96846,700,OK
2025-11-17,6648,かわでん,スタンダード（内国株式）,電気機器,9250,9590,9210,9590,370,4.013015,16800,OK
2025-11-17,6651,日東工業,プライム（内国株式）,電気機器,3780,3810,3750,3750,-30,-0.793651,65400,OK
2025-11-17,6652,ＩＤＥＣ,プライム（内国株式）,電気機器,2550,2573,2545,2563,17,0.667714,193800,OK
2025-11-17,6653,正興電機製作所,プライム（内国株式）,電気機器,2255,2318,2203,2303,12,0.523789,237600,OK
2025-11-17,6654,不二電機工業,スタンダード（内国株式）,電気機器,1099,1111,1097,1098,2,0.182482,36000,OK
2025-11-17,6656,インスペック,スタンダード（内国株式）,電気機器,602,670,598,635,53,9.106529,85700,OK
2025-11-17,6658,シライ電子工業,スタンダード（内国株式）,電気機器,676,678,672,676,2,0.296736,28300,OK
2025-11-17,6659,メディアリンクス,スタンダード（内国株式）,電気機器,54,54,50,51,-3,-5.555556,2188900,OK
2025-11-17,6662,ユビテック,スタンダード（内国株式）,電気機器,268,268,263,266,-3,-1.115242,18000,OK
2025-11-17,6663,太洋テクノレックス,スタンダード（内国株式）,電気機器,259,261,259,260,1,0.3861,25200,OK
2025-11-17,6664,オプトエレクトロニクス,スタンダード（内国株式）,電気機器,273,273,266,267,-6,-2.197802,10100,OK
2025-11-17,6666,リバーエレテック,スタンダード（内国株式）,電気機器,375,376,362,365,-12,-3.183024,79800,OK
2025-11-17,6668,アドテック　プラズマ　テクノロジー,スタンダード（内国株式）,電気機器,1262,1262,1238,1253,-9,-0.713154,27000,OK
2025-11-17,6670,ＭＣＪ,スタンダード（内国株式）,電気機器,1520,1534,1507,1514,-6,-0.394737,134500,OK
2025-11-17,6674,ジーエス・ユアサ　コーポレーション,プライム（内国株式）,電気機器,3831,3875,3801,3841,5,0.130344,458000,OK
2025-11-17,6675,サクサ,スタンダード（内国株式）,電気機器,5070,5070,5000,5010,-60,-1.183432,15600,OK
2025-11-17,6676,バッファロー,スタンダード（内国株式）,電気機器,4775,5140,4660,5120,215,4.383282,116300,OK
2025-11-17,6677,エスケーエレクトロニクス,スタンダード（内国株式）,電気機器,3065,3090,3050,3085,20,0.652529,64800,OK
2025-11-17,6678,テクノメディカ,スタンダード（内国株式）,電気機器,1931,1955,1920,1936,2,0.103413,11200,OK
2025-11-17,6694,ズーム,スタンダード（内国株式）,電気機器,629,629,625,625,-4,-0.63593,6900,OK
2025-11-17,6695,キャストリコ,TOKYO PRO MARKET（内国株式）,電気機器,,,,,,,,NO_QUOTE
2025-11-17,6696,トラース・オン・プロダクト,グロース（内国株式）,電気機器,367,367,353,358,-7,-1.917808,16300,OK
2025-11-17,6699,ダイヤモンドエレクトリックホールディングス,プライム（内国株式）,電気機器,630,634,611,617,-28,-4.341085,100800,OK
2025-11-17,6701,日本電気,プライム（内国株式）,電気機器,5900,5950,5855,5879,-101,-1.688963,3774400,OK
2025-11-17,6702,富士通,プライム（内国株式）,電気機器,4155,4200,4137,4190,17,0.407381,3008200,OK
2025-11-17,6703,沖電気工業,プライム（内国株式）,電気機器,1930,1948,1901,1930,21,1.100052,490600,OK
2025-11-17,6706,電気興業,プライム（内国株式）,電気機器,2085,2395,2056,2395,400,20.050125,278000,OK
2025-11-17,6707,サンケン電気,プライム（内国株式）,電気機器,5360,5423,5176,5289,-152,-2.793604,213300,OK
2025-11-17,6718,アイホン,プライム（内国株式）,電気機器,2807,2807,2763,2763,-23,-0.825556,25900,OK
2025-11-17,6721,ウインテスト,スタンダード（内国株式）,電気機器,104,107,101,105,-2,-1.869159,770700,OK
2025-11-17,6723,ルネサスエレクトロニクス,プライム（内国株式）,電気機器,1939,1945,1882,1904.5,-30.5,-1.576227,10012800,OK
2025-11-17,6724,セイコーエプソン,プライム（内国株式）,電気機器,1925,1937,1912.5,1926.5,-6.5,-0.336265,1075400,OK
2025-11-17,6727,ワコム,プライム（内国株式）,電気機器,801,812,796,809,8,0.998752,283700,OK
2025-11-17,6728,アルバック,プライム（内国株式）,電気機器,6795,6883,6757,6838,41,0.603207,237100,OK
2025-11-17,6730,アクセル,スタンダード（内国株式）,電気機器,1286,1291,1273,1281,-5,-0.388802,22500,OK
2025-11-17,6731,ピクセラ,スタンダード（内国株式）,電気機器,42,43,39,39,-3,-7.142857,2564500,OK
2025-11-17,6734,ニューテック,スタンダード（内国株式）,電気機器,1771,1780,1763,1770,-1,-0.056465,2600,OK
2025-11-17,6736,サン電子,スタンダード（内国株式）,電気機器,9240,9970,8940,9840,-150,-1.501502,90200,OK
2025-11-17,6737,ＥＩＺＯ,プライム（内国株式）,電気機器,2160,2168,2148,2166,4,0.185014,74200,OK
2025-11-17,6740,ジャパンディスプレイ,プライム（内国株式）,電気機器,22,22,20,21,-1,-4.545455,284693300,OK
2025-11-17,6741,日本信号,プライム（内国株式）,電気機器,1223,1229,1203,1228,-3,-0.243704,173500,OK
2025-11-17,6742,京三製作所,プライム（内国株式）,電気機器,555,561,538,542,-15,-2.692998,226800,OK
2025-11-17,6743,大同信号,スタンダード（内国株式）,電気機器,730,775,708,719,-6,-0.827586,59200,OK
2025-11-17,6744,能美防災,プライム（内国株式）,電気機器,3520,3535,3455,3520,-5,-0.141844,86400,OK
2025-11-17,6745,ホーチキ,プライム（内国株式）,電気機器,4015,4070,3990,4070,80,2.005013,40200,OK
2025-11-17,6748,星和電機,スタンダード（内国株式）,電気機器,800,802,790,791,-10,-1.248439,31400,OK
2025-11-17,6750,エレコム,プライム（内国株式）,電気機器,1786,1791,1772,1780,-6,-0.335946,162500,OK
2025-11-17,6752,パナソニック　ホールディングス,プライム（内国株式）,電気機器,1789,1801,1739.5,1786,-13.5,-0.750208,11067700,OK
2025-11-17,6753,シャープ,プライム（内国株式）,電気機器,864.3,865,803,805.4,-58.2,-6.739231,5893800,OK
2025-11-17,6754,アンリツ,プライム（内国株式）,電気機器,2298,2306,2259,2268,-6.5,-0.285777,725400,OK
2025-11-17,6757,ＯＳＧコーポレーション,スタンダード（内国株式）,電気機器,946,955,945,955,9,0.951374,4100,OK
2025-11-17,6758,ソニーグループ,プライム（内国株式）,電気機器,4560,4619,4504,4548,-152,-3.234043,15228300,OK
2025-11-17,6762,ＴＤＫ,プライム（内国株式）,電気機器,2535.5,2558.5,2498.5,2504.5,-31,-1.222639,6779900,OK
2025-11-17,6763,帝国通信工業,プライム（内国株式）,電気機器,2494,2495,2469,2474,4,0.161943,9800,OK
2025-11-17,6768,タムラ製作所,プライム（内国株式）,電気機器,655,660,638,643,-14,-2.130898,571800,OK
2025-11-17,6769,ザインエレクトロニクス,スタンダード（内国株式）,電気機器,823,823,815,818,-5,-0.607533,7200,OK
2025-11-17,6770,アルプスアルパイン,プライム（内国株式）,電気機器,1975,1981.5,1935.5,1951.5,-23.5,-1.189873,1502800,OK
2025-11-17,6771,池上通信機,スタンダード（内国株式）,電気機器,599,599,589,592,-6,-1.003344,15000,OK
2025-11-17,6772,東京コスモス電機,スタンダード（内国株式）,電気機器,8400,8550,8400,8550,140,1.664685,400,OK
2025-11-17,6775,ＴＢグループ,スタンダード（内国株式）,電気機器,120,121,117,118,-2,-1.666667,43900,OK
2025-11-17,6776,天昇電気工業,スタンダード（内国株式）,化学,258,259,257,258,-1,-0.3861,6200,OK
2025-11-17,6777,ｓａｎｔｅｃ　Ｈｏｌｄｉｎｇｓ,スタンダード（内国株式）,電気機器,8350,8560,8300,8450,60,0.715137,61000,OK
2025-11-17,6778,アルチザネットワークス,スタンダード（内国株式）,電気機器,613,613,585,600,-10,-1.639344,13700,OK
2025-11-17,6779,日本電波工業,プライム（内国株式）,電気機器,975,985,958,962,-11,-1.130524,241400,OK
2025-11-17,6785,鈴木,プライム（内国株式）,電気機器,2245,2275,2224,2258,21,0.938757,115700,OK
2025-11-17,6786,ＲＶＨ,スタンダード（内国株式）,サービス業,62,63,59,59,-4,-6.349206,263600,OK
2025-11-17,6787,メイコー,プライム（内国株式）,電気機器,9990,10760,9830,10380,500,5.060729,301800,OK
2025-11-17,6788,日本トリム,プライム（内国株式）,電気機器,4985,4985,4930,4970,-15,-0.300903,12600,OK
2025-11-17,6794,フォスター電機,プライム（内国株式）,電気機器,2542,2570,2511,2534,-3,-0.11825,107900,OK
2025-11-17,6797,名古屋電機工業,スタンダード（内国株式）,電気機器,1202,1202,1190,1190,-9,-0.750626,1600,OK
2025-11-17,6798,ＳＭＫ,プライム（内国株式）,電気機器,2446,2451,2420,2428,-18,-0.735895,9600,OK
2025-11-17,6800,ヨコオ,プライム（内国株式）,電気機器,2112,2138,2039,2094,-5,-0.238209,150800,OK
2025-11-17,6803,ティアック,スタンダード（内国株式）,電気機器,104,106,102,104,0,0,588800,OK
2025-11-17,6804,ホシデン,プライム（内国株式）,電気機器,2519,2555,2514,2516,-3,-0.119095,244500,OK
2025-11-17,6806,ヒロセ電機,プライム（内国株式）,電気機器,18185,18295,17685,17725,-425,-2.341598,123800,OK
2025-11-17,6807,日本航空電子工業,プライム（内国株式）,電気機器,2360,2400,2350,2391,35,1.485569,324400,OK
2025-11-17,6809,ＴＯＡ,プライム（内国株式）,電気機器,1693,1695,1675,1695,22,1.315003,53300,OK
2025-11-17,6810,マクセル,プライム（内国株式）,電気機器,2140,2168,2140,2157,12,0.559441,170100,OK
2025-11-17,6814,古野電気,プライム（内国株式）,電気機器,7950,8420,7860,8340,490,6.242038,634500,OK
2025-11-17,6817,スミダコーポレーション,プライム（内国株式）,電気機器,1176,1184,1161,1164,-12,-1.020408,170000,OK
2025-11-17,6819,伊豆シャボテンリゾート,スタンダード（内国株式）,サービス業,481,481,468,468,-5,-1.057082,22000,OK
2025-11-17,6820,アイコム,プライム（内国株式）,電気機器,2828,2849,2766,2766,-43,-1.530794,34300,OK
2025-11-17,6822,大井電気,スタンダード（内国株式）,電気機器,3540,3550,3530,3550,10,0.282486,6800,OK
2025-11-17,6823,リオン,プライム（内国株式）,電気機器,2564,2566,2540,2540,-24,-0.936037,14300,OK
2025-11-17,6824,新コスモス電機,スタンダード（内国株式）,電気機器,4560,4735,4560,4650,440,10.451306,39800,OK
2025-11-17,6832,アオイ電子,スタンダード（内国株式）,電気機器,2118,2155,2118,2145,27,1.274788,13000,OK
2025-11-17,6834,精工技研,スタンダード（内国株式）,電気機器,13620,14000,13020,13680,60,0.440529,350500,OK
2025-11-17,6835,アライドテレシスホールディングス,スタンダード（内国株式）,電気機器,223,230,217,224,9,4.186047,1243100,OK
2025-11-17,6836,ぷらっとホーム,スタンダード（内国株式）,電気機器,1120,1162,1120,1149,-1,-0.086957,79100,OK
2025-11-17,6837,京写,スタンダード（内国株式）,電気機器,312,316,305,310,-56,-15.300546,191400,OK
2025-11-17,6838,多摩川ホールディングス,スタンダード（内国株式）,電気機器,802,839,796,839,37,4.613466,102000,OK
2025-11-17,6840,ＡＫＩＢＡホールディングス,スタンダード（内国株式）,電気機器,326,339,323,336,13,4.024768,237400,OK
2025-11-17,6841,横河電機,プライム（内国株式）,電気機器,4729,4786,4717,4777,48,1.015014,721200,OK
2025-11-17,6844,新電元工業,プライム（内国株式）,電気機器,3070,3085,2985,3040,-10,-0.327869,138800,OK
2025-11-17,6845,アズビル,プライム（内国株式）,電気機器,1489,1490.5,1468.5,1482,4,0.270636,729000,OK
2025-11-17,6848,東亜ディーケーケー,スタンダード（内国株式）,電気機器,821,829,821,829,8,0.974421,2600,OK
2025-11-17,6849,日本光電工業,プライム（内国株式）,電気機器,1602,1607.5,1565,1578,-29.5,-1.835148,834400,OK
2025-11-17,6850,チノー,プライム（内国株式）,電気機器,1380,1380,1360,1364,-18,-1.30246,31000,OK
2025-11-17,6853,共和電業,スタンダード（内国株式）,電気機器,661,662,657,657,-6,-0.904977,56600,OK
2025-11-17,6855,日本電子材料,スタンダード（内国株式）,電気機器,3745,3840,3730,3780,100,2.717391,339900,OK
2025-11-17,6856,堀場製作所,プライム（内国株式）,電気機器,13940,14850,13830,14630,1590,12.193252,647000,OK
2025-11-17,6857,アドバンテスト,プライム（内国株式）,電気機器,19560,20000,19270,20000,470,2.406554,8746800,OK
2025-11-17,6858,小野測器,スタンダード（内国株式）,電気機器,598,602,596,597,-3,-0.5,15600,OK
2025-11-17,6859,エスペック,プライム（内国株式）,電気機器,3360,3390,3320,3350,10,0.299401,99400,OK
2025-11-17,6861,キーエンス,プライム（内国株式）,電気機器,54980,55510,54900,54910,-740,-1.329739,639500,OK
2025-11-17,6862,ミナトホールディングス,スタンダード（内国株式）,電気機器,1051,1086,1031,1077,15,1.412429,123800,OK
2025-11-17,6863,ニレコ,スタンダード（内国株式）,電気機器,1889,1889,1861,1870,4,0.214362,11300,OK
2025-11-17,6864,エヌエフホールディングス,スタンダード（内国株式）,電気機器,1201,1205,1173,1180,-22,-1.830283,74400,OK
2025-11-17,6866,日置電機,プライム（内国株式）,電気機器,5780,5790,5730,5740,-20,-0.347222,25400,OK
2025-11-17,6867,リーダー電子,スタンダード（内国株式）,電気機器,499,501,496,496,-5,-0.998004,5400,OK
2025-11-17,6869,シスメックス,プライム（内国株式）,電気機器,1555,1567,1524.5,1530,-35,-2.236422,3041600,OK
2025-11-17,6870,日本フェンオール,スタンダード（内国株式）,電気機器,1777,1780,1761,1761,-16,-0.900394,500,OK
2025-11-17,6871,日本マイクロニクス,プライム（内国株式）,電気機器,6440,6860,6440,6730,310,4.82866,1230400,OK
2025-11-17,6874,協立電機,スタンダード（内国株式）,電気機器,2467,2468,2426,2433,-33,-1.3382,5000,OK
2025-11-17,6875,メガチップス,プライム（内国株式）,電気機器,8400,8420,7930,8020,-370,-4.410012,200700,OK
2025-11-17,6877,ＯＢＡＲＡ　ＧＲＯＵＰ,スタンダード（内国株式）,電気機器,3995,3995,3850,3895,-70,-1.765448,39100,OK
2025-11-17,6882,三社電機製作所,スタンダード（内国株式）,電気機器,881,885,876,876,-2,-0.22779,40400,OK
2025-11-17,6888,アクモス,スタンダード（内国株式）,情報･通信業,525,526,523,523,-2,-0.380952,23100,OK
2025-11-17,6890,フェローテック,スタンダード（内国株式）,電気機器,4705,4835,4650,4725,230,5.116796,989500,OK
2025-11-17,6894,パルステック工業,スタンダード（内国株式）,電気機器,2088,2090,2043,2068,-17,-0.815348,2400,OK
2025-11-17,6897,ツインバード,スタンダード（内国株式）,電気機器,409,412,408,409,-1,-0.243902,19600,OK
2025-11-17,6898,トミタ電機,スタンダード（内国株式）,電気機器,3385,3385,3380,3380,0,0,700,OK
2025-11-17,6899,ＡＳＴＩ,スタンダード（内国株式）,電気機器,2223,2231,2183,2183,-23,-1.042611,21800,OK
2025-11-17,6901,澤藤電機,スタンダード（内国株式）,電気機器,1008,1012,1000,1007,7,0.7,1800,OK
2025-11-17,6902,デンソー,プライム（内国株式）,輸送用機器,2097.5,2100,2075,2084,-46.5,-2.182586,4779500,OK
2025-11-17,6904,原田工業,スタンダード（内国株式）,電気機器,469,470,465,466,-2,-0.42735,9000,OK
2025-11-17,6905,コーセル,プライム（内国株式）,電気機器,1194,1202,1181,1185,-9,-0.753769,142300,OK
2025-11-17,6907,ジオマテック,スタンダード（内国株式）,電気機器,1350,1378,1290,1345,-5,-0.37037,109300,OK
2025-11-17,6908,イリソ電子工業,プライム（内国株式）,電気機器,3190,3240,3165,3240,60,1.886792,148500,OK
2025-11-17,6912,菊水ホールディングス,スタンダード（内国株式）,電気機器,1779,1779,1730,1730,-49,-2.754356,7700,OK
2025-11-17,6914,オプテックスグループ,プライム（内国株式）,電気機器,2399,2555,2390,2541,128,5.3046,520900,OK
2025-11-17,6915,千代田インテグレ,スタンダード（内国株式）,電気機器,3170,3180,3090,3090,-65,-2.060222,21800,OK
2025-11-17,6918,アバールデータ,スタンダード（内国株式）,電気機器,2700,2815,2643,2700,111,4.28737,142000,OK
2025-11-17,6919,ケル,スタンダード（内国株式）,電気機器,1374,1374,1367,1368,-4,-0.291545,3800,OK
2025-11-17,6920,レーザーテック,プライム（内国株式）,電気機器,28090,28735,27830,28680,585,2.082221,3565200,OK
2025-11-17,6923,スタンレー電気,プライム（内国株式）,電気機器,3073,3077,2988,3023,-54,-1.754956,615500,OK
2025-11-17,6925,ウシオ電機,プライム（内国株式）,電気機器,2367,2385.5,2355,2378.5,11.5,0.485847,161600,OK
2025-11-17,6926,岡谷電機産業,スタンダード（内国株式）,電気機器,201,201,200,200,0,0,8400,OK
2025-11-17,6927,ヘリオス　テクノ　ホールディング,スタンダード（内国株式）,電気機器,1073,1090,1055,1075,-5,-0.462963,117700,OK
2025-11-17,6928,エノモト,スタンダード（内国株式）,電気機器,2033,2040,1999,2013,-20,-0.983768,44700,OK
2025-11-17,6929,日本セラミック,プライム（内国株式）,電気機器,3805,3820,3745,3770,-35,-0.919842,89600,OK
2025-11-17,6930,日本アンテナ,スタンダード（内国株式）,電気機器,821,845,821,833,8,0.969697,16200,OK
2025-11-17,6932,遠藤照明,スタンダード（内国株式）,電気機器,2169,2175,2115,2145,-11,-0.510204,29800,OK
2025-11-17,6937,古河電池,プライム（内国株式）,電気機器,1393,1394,1392,1393,0,0,32800,OK
2025-11-17,6941,山一電機,プライム（内国株式）,電気機器,5700,5980,5680,5940,270,4.761905,337200,OK
2025-11-17,6942,ソフィアホールディングス,スタンダード（内国株式）,情報･通信業,1200,1202,1199,1199,-1,-0.083333,2200,OK
2025-11-17,6943,ＮＫＫスイッチズ,スタンダード（内国株式）,電気機器,,,,,,,,NO_QUOTE
2025-11-17,6946,日本アビオニクス,スタンダード（内国株式）,電気機器,4980,5200,4880,5150,160,3.206413,230300,OK
2025-11-17,6947,図研,プライム（内国株式）,電気機器,4665,4690,4625,4630,-45,-0.962567,33100,OK
2025-11-17,6951,日本電子,プライム（内国株式）,電気機器,4627,4670,4435,4663,-477,-9.280156,779600,OK
2025-11-17,6952,カシオ計算機,プライム（内国株式）,電気機器,1233.5,1237.5,1219,1233,-4.5,-0.363636,703600,OK
2025-11-17,6954,ファナック,プライム（内国株式）,電気機器,5130,5139,5038,5083,-70,-1.358432,2790700,OK
2025-11-17,6955,ＦＤＫ,スタンダード（内国株式）,電気機器,353,353,347,349,-3,-0.852273,52900,OK
2025-11-17,6957,芝浦電子,スタンダード（内国株式）,電気機器,7090,7100,7090,7090,0,0,2700,OK
2025-11-17,6958,日本シイエムケイ,プライム（内国株式）,電気機器,497,503,489,490,-5,-1.010101,695400,OK
2025-11-17,6960,フクダ電子,スタンダード（内国株式）,電気機器,6950,7050,6920,6990,-10,-0.142857,8700,OK
2025-11-17,6961,エンプラス,プライム（内国株式）,電気機器,9020,9290,8980,9270,360,4.040404,99000,OK
2025-11-17,6962,大真空,プライム（内国株式）,電気機器,564,564,548,548,-15,-2.664298,280800,OK
2025-11-17,6963,ローム,プライム（内国株式）,電気機器,2139.5,2149,2056,2068.5,-67,-3.137439,4345500,OK
2025-11-17,6964,サンコー,スタンダード（内国株式）,電気機器,579,580,579,580,-1,-0.172117,2500,OK
2025-11-17,6965,浜松ホトニクス,プライム（内国株式）,電気機器,1628.5,1635,1602,1602,-18.5,-1.141623,2154700,OK
2025-11-17,6966,三井ハイテック,プライム（内国株式）,電気機器,766,769,748,748,-17,-2.222222,1450600,OK
2025-11-17,6969,松尾電機,スタンダード（内国株式）,電気機器,813,826,812,812,-4,-0.490196,9400,OK
2025-11-17,6971,京セラ,プライム（内国株式）,電気機器,2105.5,2106,2062,2067,-46.5,-2.200142,4482500,OK
2025-11-17,6976,太陽誘電,プライム（内国株式）,電気機器,3365,3393,3286,3287,-81,-2.404988,1978600,OK
2025-11-17,6977,日本抵抗器製作所,スタンダード（内国株式）,電気機器,902,942,902,915,3,0.328947,1000,OK
2025-11-17,6981,村田製作所,プライム（内国株式）,電気機器,3109,3142,3092,3114,5,0.160823,3763200,OK
2025-11-17,6982,リード,スタンダード（内国株式）,輸送用機器,591,591,542,561,-10,-1.751313,3200,OK
2025-11-17,6986,双葉電子工業,プライム（内国株式）,電気機器,643,645,612,612,-36,-5.555556,216700,OK
2025-11-17,6988,日東電工,プライム（内国株式）,化学,3961,3971,3862,3862,-106,-2.671371,2253900,OK
2025-11-17,6989,北陸電気工業,スタンダード（内国株式）,電気機器,2555,2560,2459,2520,-17,-0.670083,23000,OK
2025-11-17,6993,大黒屋ホールディングス,スタンダード（内国株式）,小売業,42,51,41,48,8,20,31933200,OK
2025-11-17,6994,指月電機製作所,スタンダード（内国株式）,電気機器,815,815,791,800,-12,-1.477833,140300,OK
2025-11-17,6995,東海理化電機製作所,プライム（内国株式）,輸送用機器,2880,2895,2845,2871,-39,-1.340206,104100,OK
2025-11-17,6996,ニチコン,プライム（内国株式）,電気機器,1313,1323,1304,1309,12,0.925212,365100,OK
2025-11-17,6997,日本ケミコン,プライム（内国株式）,電気機器,1290,1290,1257,1283,5,0.391236,208500,OK
2025-11-17,6998,日本タングステン,スタンダード（内国株式）,電気機器,1360,1371,1349,1360,9,0.666173,28300,OK
2025-11-17,6999,ＫＯＡ,プライム（内国株式）,電気機器,1330,1338,1311,1315,-11,-0.829563,249900,OK
2025-11-17,7003,三井Ｅ＆Ｓ,プライム（内国株式）,機械,6221,6712,6180,6492,282,4.541063,13087400,OK
2025-11-17,7004,カナデビア,プライム（内国株式）,機械,940,956,939,956,12,1.271186,601100,OK
2025-11-17,7011,三菱重工業,プライム（内国株式）,機械,4174,4232,4144,4220,46,1.10206,22812800,OK
2025-11-17,7012,川崎重工業,プライム（内国株式）,輸送用機器,10425,10725,10265,10725,190,1.803512,2629500,OK
2025-11-17,7013,ＩＨＩ,プライム（内国株式）,機械,2905,3004,2870,2975.5,65.5,2.250859,19591600,OK
2025-11-17,7014,名村造船所,スタンダード（内国株式）,輸送用機器,4545,4960,4450,4810,220,4.793028,3882900,OK
2025-11-17,7018,内海造船,スタンダード（内国株式）,輸送用機器,15910,17190,15620,16580,680,4.27673,152900,OK
2025-11-17,7021,ニッチツ,スタンダード（内国株式）,機械,2250,2250,2195,2198,-71,-3.129132,5900,OK
2025-11-17,7022,サノヤスホールディングス,スタンダード（内国株式）,機械,279,279,270,271,-4,-1.454545,17000,OK
2025-11-17,7030,スプリックス,スタンダード（内国株式）,サービス業,1420,1420,1393,1398,-22,-1.549296,5500,OK
2025-11-17,7031,インバウンドテック,グロース（内国株式）,サービス業,760,760,678,730,-40,-5.194805,5800,OK
2025-11-17,7033,マネジメントソリューションズ,プライム（内国株式）,サービス業,1420,1430,1348,1377,47,3.533835,214500,OK
2025-11-17,7034,プロレド・パートナーズ,プライム（内国株式）,サービス業,548,552,541,549,-4,-0.723327,31400,OK
2025-11-17,7035,ａｎｄ　ｆａｃｔｏｒｙ,スタンダード（内国株式）,サービス業,208,209,205,207,0,0,23300,OK
2025-11-17,7036,イーエムネットジャパン,グロース（内国株式）,サービス業,919,920,900,900,-34,-3.640257,7300,OK
2025-11-17,7037,テノ．ホールディングス,スタンダード（内国株式）,サービス業,909,919,901,906,-9,-0.983607,19000,OK
2025-11-17,7038,フロンティア・マネジメント,プライム（内国株式）,サービス業,680,684,637,638,-52,-7.536232,150200,OK
2025-11-17,7039,ブリッジインターナショナルグループ,グロース（内国株式）,サービス業,1953,1976,1911,1954,-8,-0.407747,19700,OK
2025-11-17,7040,サン・ライフホールディング,スタンダード（内国株式）,サービス業,958,960,958,960,2,0.208768,2600,OK
2025-11-17,7041,ＣＲＧホールディングス,グロース（内国株式）,サービス業,336,336,325,325,-11,-3.27381,13200,OK
2025-11-17,7042,アクセスグループ・ホールディングス,スタンダード（内国株式）,サービス業,595,601,588,601,-8,-1.313629,4800,OK
2025-11-17,7043,アルー,グロース（内国株式）,サービス業,965,992,952,983,13,1.340206,12700,OK
2025-11-17,7044,ピアラ,スタンダード（内国株式）,サービス業,625,625,604,607,-9,-1.461039,50300,OK
2025-11-17,7046,ＴＤＳＥ,グロース（内国株式）,サービス業,1622,1642,1622,1632,0,0,1300,OK
2025-11-17,7047,ポート,グロース（内国株式）,サービス業,2116,2142,2039,2136,40,1.908397,290400,OK
2025-11-17,7048,ベルトラ,グロース（内国株式）,サービス業,207,207,186,196,-19,-8.837209,725200,OK
2025-11-17,7049,識学,グロース（内国株式）,サービス業,842,849,835,837,-5,-0.593824,21800,OK
2025-11-17,7050,フロンティアインターナショナル,グロース（内国株式）,サービス業,2251,2292,2246,2276,30,1.335708,7100,OK
2025-11-17,7056,マルク,TOKYO PRO MARKET（内国株式）,サービス業,,,,,,,,NO_QUOTE
2025-11-17,7057,エヌ・シー・エヌ,スタンダード（内国株式）,サービス業,972,982,953,957,-53,-5.247525,19500,OK
2025-11-17,7058,共栄セキュリティーサービス,スタンダード（内国株式）,サービス業,2840,2900,2838,2900,61,2.148644,3000,OK
2025-11-17,7059,コプロ・ホールディングス,プライム（内国株式）,サービス業,941,955,874,902,-53,-5.549738,1184500,OK
2025-11-17,7060,ギークス,スタンダード（内国株式）,サービス業,609,609,598,600,-15,-2.439024,12200,OK
2025-11-17,7061,日本ホスピスホールディングス,グロース（内国株式）,サービス業,1418,1420,1335,1353,-35,-2.521614,60700,OK
2025-11-17,7062,フレアス,グロース（内国株式）,サービス業,788,810,788,796,-5,-0.62422,3200,OK
2025-11-17,7063,Ｂｉｒｄｍａｎ,グロース（内国株式）,サービス業,142,152,142,146,-1,-0.680272,557000,OK
2025-11-17,7064,ハウテレビジョン,グロース（内国株式）,サービス業,1094,1094,1080,1094,24,2.242991,700,OK
2025-11-17,7065,ユーピーアール,スタンダード（内国株式）,サービス業,713,713,708,712,0,0,1800,OK
2025-11-17,7066,ピアズ,グロース（内国株式）,サービス業,501,512,484,490,-21,-4.109589,79100,OK
2025-11-17,7067,ブランディングテクノロジー,グロース（内国株式）,サービス業,966,985,953,985,17,1.756198,2400,OK
2025-11-17,7068,フィードフォースグループ,グロース（内国株式）,サービス業,643,651,628,636,3,0.473934,87500,OK
2025-11-17,7069,サイバー・バズ,グロース（内国株式）,サービス業,761,763,721,726,-31,-4.095112,12500,OK
2025-11-17,7071,アンビスホールディングス,プライム（内国株式）,サービス業,482,489,447,459,-29,-5.942623,1411000,OK
2025-11-17,7072,インティメート・マージャー,グロース（内国株式）,サービス業,1362,1364,1293,1301,-81,-5.861071,48100,OK
2025-11-17,7073,ジェイック,グロース（内国株式）,サービス業,2389,2421,2389,2390,-32,-1.321222,1000,OK
2025-11-17,7074,トゥエンティーフォーセブンホールディングス,グロース（内国株式）,サービス業,247,247,240,244,-2,-0.813008,8300,OK
2025-11-17,7075,ＱＬＳホールディングス,グロース（内国株式）,サービス業,753,765,750,757,-11,-1.432292,26400,OK
2025-11-17,7077,ＡＬｉＮＫインターネット,グロース（内国株式）,サービス業,1077,1080,1055,1055,-22,-2.042711,2900,OK
2025-11-17,7078,ＩＮＣＬＵＳＩＶＥ　Ｈｏｌｄｉｎｇｓ,グロース（内国株式）,サービス業,402,402,386,389,-12,-2.992519,20400,OK
2025-11-17,7079,ＷＤＢココ,グロース（内国株式）,サービス業,2634,2634,2590,2594,4,0.15444,2200,OK
2025-11-17,7080,スポーツフィールド,グロース（内国株式）,サービス業,820,828,807,820,-7,-0.846433,33900,OK
2025-11-17,7081,コーユーレンティア,スタンダード（内国株式）,サービス業,1275,1280,1220,1237,-8,-0.64257,20200,OK
2025-11-17,7082,ジモティー,グロース（内国株式）,サービス業,1168,1197,1051,1156,-102,-8.108108,442300,OK
2025-11-17,7083,ＡＨＣグループ,グロース（内国株式）,サービス業,882,882,867,867,-4,-0.459242,1900,OK
2025-11-17,7084,Ｓｍｉｌｅ　Ｈｏｌｄｉｎｇｓ,グロース（内国株式）,サービス業,2500,2680,2500,2680,256,10.561056,16000,OK
2025-11-17,7085,カーブスホールディングス,プライム（内国株式）,サービス業,749,749,734,743,-7,-0.933333,148300,OK
2025-11-17,7087,ウイルテック,スタンダード（内国株式）,サービス業,1282,1286,1278,1278,-9,-0.699301,9800,OK
2025-11-17,7088,フォーラムエンジニアリング,プライム（内国株式）,サービス業,1704,1706,1704,1704,0,0,850700,OK
2025-11-17,7089,フォースタートアップス,グロース（内国株式）,サービス業,1965,1983,1884,1914,-37,-1.896463,17300,OK
2025-11-17,7090,リグア,グロース（内国株式）,サービス業,1051,1054,1051,1051,-18,-1.683817,2900,OK
2025-11-17,7091,リビングプラットフォーム,グロース（内国株式）,サービス業,1097,1097,1024,1024,32,3.225806,46700,OK
2025-11-17,7092,Ｆａｓｔ　Ｆｉｔｎｅｓｓ　Ｊａｐａｎ,プライム（内国株式）,サービス業,2219,2219,2027,2118,-102,-4.594595,187400,OK
2025-11-17,7093,アディッシュ,グロース（内国株式）,サービス業,602,603,594,599,-8,-1.317957,19200,OK
2025-11-17,7094,ＮｅｘＴｏｎｅ,グロース（内国株式）,サービス業,1692,1706,1619,1666,-54,-3.139535,725300,OK
2025-11-17,7095,Ｍａｃｂｅｅ　Ｐｌａｎｅｔ,プライム（内国株式）,サービス業,1802,1820,1755,1809,-4,-0.220629,264100,OK
2025-11-17,7096,ステムセル研究所,グロース（内国株式）,サービス業,800,800,787,795,-5,-0.625,38700,OK
2025-11-17,7097,さくらさくプラス,グロース（内国株式）,サービス業,2628,2650,2610,2623,-5,-0.190259,3300,OK
2025-11-17,7098,エージェント,TOKYO PRO MARKET（内国株式）,サービス業,,,,,,,,NO_QUOTE
2025-11-17,7102,日本車輌製造,プライム（内国株式）,輸送用機器,3405,3450,3385,3415,30,0.886263,37600,OK
2025-11-17,7105,三菱ロジスネクスト,スタンダード（内国株式）,輸送用機器,1525,1535,1525,1534,1,0.065232,182400,OK
2025-11-17,7110,クラシコム,グロース（内国株式）,小売業,2102,2102,2064,2067,-4,-0.193143,10200,OK
2025-11-17,7111,ＩＮＥＳＴ,スタンダード（内国株式）,卸売業,655,655,615,616,-37,-5.666156,49300,OK
2025-11-17,7112,キューブ,グロース（内国株式）,小売業,610,617,605,612,-7,-1.130856,6900,OK
2025-11-17,7114,フーディソン,グロース（内国株式）,卸売業,866,880,860,860,-6,-0.692841,1700,OK
2025-11-17,7115,アルファパーチェス,スタンダード（内国株式）,卸売業,2377,2496,2315,2476,99,4.164914,49200,OK
2025-11-17,7116,ダイワ通信,スタンダード（内国株式）,卸売業,893,893,839,842,-51,-5.711086,16900,OK
2025-11-17,7119,ハルメクホールディングス,グロース（内国株式）,小売業,1358,1358,1322,1323,-35,-2.57732,18500,OK
2025-11-17,7120,ＳＨＩＮＫＯ,スタンダード（内国株式）,卸売業,858,865,851,865,7,0.815851,6600,OK
2025-11-17,7122,近畿車輛,スタンダード（内国株式）,輸送用機器,2450,2550,2430,2479,21,0.854353,16000,OK
2025-11-17,7126,グローバルスタイル,スタンダード（内国株式）,小売業,1370,1377,1360,1370,0,0,6300,OK
2025-11-17,7127,一家ホールディングス,スタンダード（内国株式）,小売業,689,689,683,688,-1,-0.145138,4700,OK
2025-11-17,7128,フルサト・マルカホールディングス,プライム（内国株式）,卸売業,2210,2216,2190,2191,-18,-0.814848,109100,OK
2025-11-17,7129,ミアヘルサホールディングス,スタンダード（内国株式）,小売業,1123,1125,1122,1123,0,0,1800,OK
2025-11-17,7130,ヤマエグループホールディングス,プライム（内国株式）,卸売業,2433,2441,2415,2426,-26,-1.060359,46200,OK
2025-11-17,7131,のむら産業,スタンダード（内国株式）,卸売業,2943,2943,2867,2897,4,0.138265,2800,OK
2025-11-17,7132,フローバル,TOKYO PRO MARKET（内国株式）,卸売業,,,,,,,,NO_QUOTE
2025-11-17,7133,ＨＹＵＧＡ　ＰＲＩＭＡＲＹ　ＣＡＲＥ,グロース（内国株式）,小売業,1137,1154,1064,1065,-185,-14.8,103500,OK
2025-11-17,7134,アップガレージグループ,スタンダード（内国株式）,小売業,1175,1182,1135,1170,-5,-0.425532,15500,OK
2025-11-17,7135,ジャパンクラフトホールディングス,スタンダード（内国株式）,小売業,228,228,224,227,2,0.888889,14100,OK
2025-11-17,7136,ウェルビングループ,TOKYO PRO MARKET（内国株式）,小売業,,,,,,,,NO_QUOTE
2025-11-17,7137,グラントマト,TOKYO PRO MARKET（内国株式）,小売業,,,,,,,,NO_QUOTE
2025-11-17,7138,ＴＯＲＩＣＯ,グロース（内国株式）,小売業,167,168,162,163,-3,-1.807229,100000,OK
2025-11-17,7139,東京高圧山崎,TOKYO PRO MARKET（内国株式）,卸売業,,,,,,,,NO_QUOTE
2025-11-17,7140,ペットゴー,グロース（内国株式）,小売業,799,808,789,795,-4,-0.500626,7400,OK
2025-11-17,7148,ＦＰＧ,プライム（内国株式）,証券･商品先物取引業,2301,2322,2292,2311,-7,-0.301984,241500,OK
2025-11-17,7150,島根銀行,スタンダード（内国株式）,銀行業,500,500,488,490,-10,-2,18500,OK
2025-11-17,7157,ライフネット生命保険,プライム（内国株式）,保険業,1966,1984,1871,1924,-59,-2.97529,240700,OK
2025-11-17,7161,じもとホールディングス,スタンダード（内国株式）,銀行業,390,391,379,381,-11,-2.806122,157100,OK
2025-11-17,7162,アストマックス,スタンダード（内国株式）,電気･ガス業,240,242,239,240,0,0,21100,OK
2025-11-17,7164,全国保証,プライム（内国株式）,その他金融業,3112,3124,3095,3111,4,0.128742,263200,OK
2025-11-17,7167,めぶきフィナンシャルグループ,プライム（内国株式）,銀行業,974.2,984.2,955.5,966,-13.2,-1.348039,2083900,OK
2025-11-17,7170,中央インターナショナルグループ,TOKYO PRO MARKET（内国株式）,保険業,,,,,,,,NO_QUOTE
2025-11-17,7172,ジャパンインベストメントアドバイザー,プライム（内国株式）,証券･商品先物取引業,2218,2225,2140,2168,-50,-2.254283,565000,OK
2025-11-17,7173,東京きらぼしフィナンシャルグループ,プライム（内国株式）,銀行業,8000,8060,7860,7870,-80,-1.006289,119100,OK
2025-11-17,7175,今村証券,スタンダード（内国株式）,証券･商品先物取引業,1150,1150,1132,1135,-12,-1.046207,2300,OK
2025-11-17,7176,シンプレクス・ファイナンシャル・ホールディングス,TOKYO PRO MARKET（内国株式）,証券･商品先物取引業,,,,,,,,NO_QUOTE
2025-11-17,7177,ＧＭＯフィナンシャルホールディングス,スタンダード（内国株式）,証券･商品先物取引業,929,931,919,926,-2,-0.215517,134600,OK
2025-11-17,7180,九州フィナンシャルグループ,プライム（内国株式）,銀行業,900,901.5,883,891.5,-5.4,-0.602074,1158400,OK
2025-11-17,7181,かんぽ生命保険,プライム（内国株式）,保険業,4172,4329,4147,4200,52,1.253616,2491600,OK
2025-11-17,7182,ゆうちょ銀行,プライム（内国株式）,銀行業,1711.5,1738,1706,1738,-19.5,-1.109531,7850100,OK
2025-11-17,7183,あんしん保証,スタンダード（内国株式）,その他金融業,152,153,151,152,0,0,53800,OK
2025-11-17,7184,富山第一銀行,プライム（内国株式）,銀行業,1575,1599,1573,1580,8,0.508906,111700,OK
2025-11-17,7185,ヒロセ通商,スタンダード（内国株式）,証券･商品先物取引業,3605,3605,3570,3570,-35,-0.970874,9300,OK
2025-11-17,7186,横浜フィナンシャルグループ,プライム（内国株式）,銀行業,1229,1246.5,1205,1218.5,-10,-0.814001,4865300,OK
2025-11-17,7187,ジェイリース,プライム（内国株式）,その他金融業,1460,1460,1416,1430,-23,-1.582932,134000,OK
2025-11-17,7189,西日本フィナンシャルホールディングス,プライム（内国株式）,銀行業,2857.5,2895,2829.5,2840,-54.5,-1.882881,416000,OK
2025-11-17,7191,イントラスト,スタンダード（内国株式）,その他金融業,1062,1065,1027,1030,-39,-3.648269,73700,OK
2025-11-17,7192,日本モーゲージサービス,スタンダード（内国株式）,その他金融業,469,471,468,468,-1,-0.21322,33000,OK
2025-11-17,7196,Ｃａｓａ,スタンダード（内国株式）,その他金融業,720,721,716,716,-4,-0.555556,23300,OK
2025-11-17,7198,ＳＢＩアルヒ,プライム（内国株式）,その他金融業,846,850,842,846,0,0,117800,OK
2025-11-17,7199,プレミアグループ,プライム（内国株式）,その他金融業,1794,1814,1691,1736,-218,-11.156602,1313300,OK
2025-11-17,7201,日産自動車,プライム（内国株式）,輸送用機器,375,377.9,360.6,365.1,-18.7,-4.872329,40447200,OK
2025-11-17,7202,いすゞ自動車,プライム（内国株式）,輸送用機器,2319.5,2399,2303.5,2303.5,-15,-0.64697,5441200,OK
2025-11-17,7203,トヨタ自動車,プライム（内国株式）,輸送用機器,3150,3164,3114,3119,-61,-1.918239,15668000,OK
2025-11-17,7205,日野自動車,プライム（内国株式）,輸送用機器,400,403,386,395,-7,-1.741294,4092300,OK
2025-11-17,7208,カネミツ,スタンダード（内国株式）,輸送用機器,997,999,984,999,8,0.807265,4900,OK
2025-11-17,7211,三菱自動車工業,プライム（内国株式）,輸送用機器,374,377.4,368.1,370,-6,-1.595745,7383900,OK
2025-11-17,7212,エフテック,スタンダード（内国株式）,輸送用機器,706,706,693,696,-14,-1.971831,94600,OK
2025-11-17,7213,レシップホールディングス,スタンダード（内国株式）,輸送用機器,446,446,441,442,-4,-0.896861,16200,OK
2025-11-17,7214,ＧＭＢ,スタンダード（内国株式）,輸送用機器,865,876,861,869,5,0.578704,7500,OK
2025-11-17,7215,ファルテック,スタンダード（内国株式）,輸送用機器,351,353,346,351,1,0.285714,19400,OK
2025-11-17,7217,テイン,スタンダード（内国株式）,輸送用機器,391,391,387,390,7,1.827676,9100,OK
2025-11-17,7218,田中精密工業,スタンダード（内国株式）,輸送用機器,1103,1115,1102,1113,8,0.723982,1800,OK
2025-11-17,7219,エッチ・ケー・エス,スタンダード（内国株式）,輸送用機器,,,,,,,,NO_QUOTE
2025-11-17,7220,武蔵精密工業,プライム（内国株式）,輸送用機器,2873,2953,2866,2916,-7,-0.23948,580100,OK
2025-11-17,7222,日産車体,スタンダード（内国株式）,輸送用機器,1062,1076,1054,1062,0,0,54500,OK
2025-11-17,7224,新明和工業,プライム（内国株式）,輸送用機器,1837,1855,1822,1850,13,0.707676,137200,OK
2025-11-17,7226,極東開発工業,プライム（内国株式）,輸送用機器,2715,2731,2692,2717,7,0.258303,124800,OK
2025-11-17,7228,デイトナ,スタンダード（内国株式）,輸送用機器,3880,3900,3870,3900,-10,-0.255754,1700,OK
2025-11-17,7229,ユタカ技研,スタンダード（内国株式）,輸送用機器,3035,3045,3030,3045,5,0.164474,32000,OK
2025-11-17,7231,トピー工業,プライム（内国株式）,輸送用機器,2890,2900,2850,2858,-33,-1.141474,31200,OK
2025-11-17,7235,東京ラヂエーター製造,スタンダード（内国株式）,輸送用機器,1482,1494,1426,1440,-36,-2.439024,60400,OK
2025-11-17,7236,ティラド,プライム（内国株式）,輸送用機器,9250,9370,9120,9300,110,1.196953,32800,OK
2025-11-17,7238,曙ブレーキ工業,プライム（内国株式）,輸送用機器,115,117,112,113,-1,-0.877193,2155800,OK
2025-11-17,7239,タチエス,プライム（内国株式）,輸送用機器,2045,2048,1969,1985,-40,-1.975309,207800,OK
2025-11-17,7240,ＮＯＫ,プライム（内国株式）,輸送用機器,2602,2637.5,2600.5,2627.5,11,0.420409,437600,OK
2025-11-17,7241,フタバ産業,プライム（内国株式）,輸送用機器,972,979,961,974,-3,-0.307062,170300,OK
2025-11-17,7242,カヤバ,プライム（内国株式）,輸送用機器,4625,4660,4435,4455,-205,-4.399142,272900,OK
2025-11-17,7244,市光工業,プライム（内国株式）,電気機器,482,493,468,471,1,0.212766,166000,OK
2025-11-17,7245,大同メタル工業,プライム（内国株式）,輸送用機器,971,1000,961,986,0,0,463200,OK
2025-11-17,7246,プレス工業,プライム（内国株式）,輸送用機器,728,732,713,717,-14,-1.915185,453000,OK
2025-11-17,7247,ミクニ,スタンダード（内国株式）,輸送用機器,352,352,345,346,-8,-2.259887,74500,OK
2025-11-17,7250,太平洋工業,プライム（内国株式）,輸送用機器,3100,3125,3070,3110,-45,-1.426307,52100,OK
2025-11-17,7254,ユニバンス,スタンダード（内国株式）,輸送用機器,766,790,749,778,-18,-2.261307,117000,OK
2025-11-17,7255,桜井製作所,スタンダード（内国株式）,輸送用機器,569,571,560,571,2,0.351494,9200,OK
2025-11-17,7256,河西工業,スタンダード（内国株式）,輸送用機器,105,107,98,102,-4,-3.773585,870700,OK
2025-11-17,7259,アイシン,プライム（内国株式）,輸送用機器,2809,2820,2734,2748.5,-87.5,-3.085331,2360600,OK
2025-11-17,7261,マツダ,プライム（内国株式）,輸送用機器,1100.5,1115,1089,1089.5,-35,-3.112494,4224200,OK
2025-11-17,7264,ムロコーポレーション,スタンダード（内国株式）,輸送用機器,1276,1276,1269,1270,-7,-0.54816,2100,OK
2025-11-17,7265,エイケン工業,スタンダード（内国株式）,輸送用機器,3605,3640,3595,3640,35,0.970874,1900,OK
2025-11-17,7266,今仙電機製作所,スタンダード（内国株式）,輸送用機器,789,798,783,788,-1,-0.126743,48000,OK
2025-11-17,7267,本田技研工業,プライム（内国株式）,輸送用機器,1539,1544,1515,1517,-39.5,-2.537745,11882000,OK
2025-11-17,7269,スズキ,プライム（内国株式）,輸送用機器,2312,2330,2281,2285.5,-58,-2.474931,5157400,OK
2025-11-17,7270,ＳＵＢＡＲＵ,プライム（内国株式）,輸送用機器,3476,3513,3450,3464,-88,-2.477477,2691300,OK
2025-11-17,7271,安永,スタンダード（内国株式）,輸送用機器,1013,1013,991,1013,150,17.381228,389800,OK
2025-11-17,7272,ヤマハ発動機,プライム（内国株式）,輸送用機器,1111,1116.5,1098,1111.5,-4,-0.358584,6125400,OK
2025-11-17,7273,イクヨ,スタンダード（内国株式）,輸送用機器,1000,1000,869,874,-125,-12.512513,718100,OK
2025-11-17,7276,小糸製作所,プライム（内国株式）,電気機器,2281.5,2291,2228,2241.5,-60,-2.606995,623000,OK
2025-11-17,7277,ＴＢＫ,スタンダード（内国株式）,輸送用機器,345,345,337,345,0,0,45400,OK
2025-11-17,7278,エクセディ,プライム（内国株式）,輸送用機器,5290,5310,5260,5290,-40,-0.750469,70300,OK
2025-11-17,7279,ハイレックスコーポレーション,スタンダード（内国株式）,輸送用機器,3010,3040,2968,2988,-12,-0.4,30900,OK
2025-11-17,7280,ミツバ,プライム（内国株式）,電気機器,920,923,897,903,-19,-2.060738,99000,OK
2025-11-17,7282,豊田合成,プライム（内国株式）,輸送用機器,3828,3841,3770,3817,-17,-0.443401,170100,OK
2025-11-17,7283,愛三工業,プライム（内国株式）,輸送用機器,2050,2070,2041,2070,14,0.680934,98400,OK
2025-11-17,7284,盟和産業,スタンダード（内国株式）,輸送用機器,1214,1254,1214,1230,18,1.485149,12600,OK
2025-11-17,7287,日本精機,スタンダード（内国株式）,輸送用機器,1922,1955,1906,1952,48,2.521008,194600,OK
2025-11-17,7291,日本プラスト,スタンダード（内国株式）,輸送用機器,407,410,407,409,2,0.4914,16400,OK
2025-11-17,7292,村上開明堂,スタンダード（内国株式）,輸送用機器,6640,6690,6590,6630,10,0.151057,2500,OK
2025-11-17,7294,ヨロズ,プライム（内国株式）,輸送用機器,988,994,976,976,-12,-1.214575,27800,OK
2025-11-17,7296,エフ・シー・シー,プライム（内国株式）,輸送用機器,3285,3300,3265,3300,15,0.456621,72300,OK
2025-11-17,7297,カーメイト,スタンダード（内国株式）,輸送用機器,837,841,837,841,-3,-0.35545,1600,OK
2025-11-17,7299,フジオーゼックス,スタンダード（内国株式）,輸送用機器,1687,1687,1669,1669,-18,-1.066983,6500,OK
2025-11-17,7305,新家工業,スタンダード（内国株式）,鉄鋼,4690,4690,4650,4655,-35,-0.746269,39200,OK
2025-11-17,7309,シマノ,プライム（内国株式）,輸送用機器,15970,16030,15435,15585,-535,-3.318859,360900,OK
2025-11-17,7313,テイ・エス　テック,プライム（内国株式）,輸送用機器,1800,1808.5,1717,1730,-145,-7.733333,885400,OK
2025-11-17,7314,小田原機器,スタンダード（内国株式）,輸送用機器,1315,1324,1315,1321,6,0.456274,4800,OK
2025-11-17,7317,松屋アールアンドディ,グロース（内国株式）,輸送用機器,805,812,803,805,0,0,55400,OK
2025-11-17,7318,セレンディップ・ホールディングス,グロース（内国株式）,輸送用機器,4620,5190,4405,4975,365,7.91757,247200,OK
2025-11-17,7320,Ｓｏｌｖｖｙ,グロース（内国株式）,その他金融業,1558,1601,1518,1578,38,2.467532,141200,OK
2025-11-17,7322,三十三フィナンシャルグループ,プライム（内国株式）,銀行業,3840,3855,3775,3790,-30,-0.78534,49200,OK
2025-11-17,7325,アイリックコーポレーション,グロース（内国株式）,保険業,865,894,864,869,-56,-6.054054,31200,OK
2025-11-17,7326,ＳＢＩインシュアランスグループ,グロース（内国株式）,保険業,1765,1809,1725,1808,59,3.373356,95400,OK
2025-11-17,7327,第四北越フィナンシャルグループ,プライム（内国株式）,銀行業,1507,1517,1490,1503,4,0.266845,473700,OK
2025-11-17,7337,ひろぎんホールディングス,プライム（内国株式）,銀行業,1478.5,1494.5,1467.5,1478,0,0,628700,OK
2025-11-17,7343,ブロードマインド,グロース（内国株式）,保険業,1245,1249,1233,1240,2,0.161551,9700,OK
2025-11-17,7345,アイ・パートナーズフィナンシャル,グロース（内国株式）,その他金融業,615,625,606,625,0,0,800,OK
2025-11-17,7347,マーキュリアホールディングス,プライム（内国株式）,証券･商品先物取引業,857,859,843,852,1,0.117509,40400,OK
2025-11-17,7350,おきなわフィナンシャルグループ,プライム（内国株式）,銀行業,4310,4375,4255,4290,-35,-0.809249,74100,OK
2025-11-17,7351,グッドパッチ,グロース（内国株式）,サービス業,609,611,599,601,-9,-1.47541,29800,OK
2025-11-17,7352,ＴＷＯＳＴＯＮＥ＆Ｓｏｎｓ,グロース（内国株式）,サービス業,710,718,675,703,-33,-4.483696,386200,OK
2025-11-17,7353,ＫＩＹＯラーニング,グロース（内国株式）,サービス業,745,765,728,752,7,0.939597,14800,OK
2025-11-17,7354,ダイレクトマーケティングミックス,プライム（内国株式）,サービス業,293,319,287,306,29,10.469314,1685400,OK
2025-11-17,7355,一寸房,TOKYO PRO MARKET（内国株式）,サービス業,,,,,,,,NO_QUOTE
2025-11-17,7356,Ｒｅｔｔｙ,グロース（内国株式）,サービス業,165,165,154,155,-10,-6.060606,102900,OK
2025-11-17,7357,ジオコード,スタンダード（内国株式）,サービス業,1303,1306,1290,1290,-13,-0.997698,3600,OK
2025-11-17,7358,ポピンズ,スタンダード（内国株式）,サービス業,1382,1440,1357,1364,-16,-1.15942,24200,OK
2025-11-17,7359,東京通信グループ,グロース（内国株式）,サービス業,368,368,340,341,-24,-6.575342,233300,OK
2025-11-17,7360,オンデック,グロース（内国株式）,サービス業,,,,,,,,NO_QUOTE
2025-11-17,7361,ヒューマンクリエイションホールディングス,グロース（内国株式）,サービス業,1288,1288,1225,1275,77,6.427379,44800,OK
2025-11-17,7362,Ｔ．Ｓ．Ｉ,グロース（内国株式）,サービス業,824,825,797,797,-48,-5.680473,3100,OK
2025-11-17,7363,ベビーカレンダー,グロース（内国株式）,サービス業,1799,1811,1703,1703,-108,-5.963556,11100,OK
2025-11-17,7364,琉球アスティーダスポーツクラブ,TOKYO PRO MARKET（内国株式）,サービス業,,,,,,,,NO_QUOTE
2025-11-17,7366,ＬＩＴＡＬＩＣＯ,プライム（内国株式）,サービス業,1233,1233,1192,1209,-32,-2.578566,167200,OK
2025-11-17,7367,セルム,スタンダード（内国株式）,サービス業,355,355,345,352,0,0,8700,OK
2025-11-17,7368,表示灯,スタンダード（内国株式）,サービス業,1675,1675,1644,1672,-3,-0.179104,1000,OK
2025-11-17,7369,メイホーホールディングス,グロース（内国株式）,サービス業,573,610,573,608,35,6.108202,20800,OK
2025-11-17,7370,Ｅｎｊｉｎ,グロース（内国株式）,サービス業,845,847,839,844,-1,-0.118343,22300,OK
2025-11-17,7371,Ｚｅｎｋｅｎ,グロース（内国株式）,サービス業,684,684,660,660,-24,-3.508772,51000,OK
2025-11-17,7372,デコルテ・ホールディングス,グロース（内国株式）,サービス業,455,457,444,448,-15,-3.239741,305600,OK
2025-11-17,7373,アイドマ・ホールディングス,グロース（内国株式）,サービス業,2833,2868,2792,2868,45,1.594049,49200,OK
2025-11-17,7374,コンフィデンス・インターワークス,グロース（内国株式）,サービス業,1614,1616,1588,1593,-34,-2.089736,17700,OK
2025-11-17,7375,リファインバースグループ,グロース（内国株式）,サービス業,835,864,835,835,-150,-15.228426,75200,OK
2025-11-17,7376,ＢＣＣ,グロース（内国株式）,サービス業,1925,1925,1925,1925,0,0,200,OK
2025-11-17,7377,ＤＮホールディングス,スタンダード（内国株式）,サービス業,2052,2055,2008,2046,-44,-2.105263,6700,OK
2025-11-17,7378,アシロ,グロース（内国株式）,サービス業,1270,1284,1259,1279,26,2.07502,157400,OK
2025-11-17,7380,十六フィナンシャルグループ,プライム（内国株式）,銀行業,6010,6050,5960,6010,80,1.349073,113200,OK
2025-11-17,7381,ＣＣＩグループ,プライム（内国株式）,銀行業,653,654,626,631,-18,-2.773498,518900,OK
2025-11-17,7383,ネットプロテクションズホールディングス,プライム（内国株式）,その他金融業,632,638,631,631,-150,-19.206146,1713600,OK
2025-11-17,7384,プロクレアホールディングス,プライム（内国株式）,銀行業,1751,1752,1665,1665,-98,-5.558707,137500,OK
2025-11-17,7388,ＦＰパートナー,プライム（内国株式）,保険業,2353,2362,2349,2351,4,0.17043,74700,OK
2025-11-17,7389,あいちフィナンシャルグループ,プライム（内国株式）,銀行業,4240,4375,4230,4345,140,3.32937,198200,OK
2025-11-17,7399,ナンシン,スタンダード（内国株式）,輸送用機器,564,570,564,567,-5,-0.874126,1900,OK
2025-11-17,7409,ＡｅｒｏＥｄｇｅ,グロース（内国株式）,輸送用機器,6730,7790,6730,7530,610,8.815029,182800,OK
2025-11-17,7412,アトム,スタンダード（内国株式）,小売業,546,548,538,547,-1,-0.182482,406300,OK
2025-11-17,7413,創健社,スタンダード（内国株式）,卸売業,2517,2518,2516,2516,26,1.044177,300,OK
2025-11-17,7414,小野建,プライム（内国株式）,卸売業,1378,1384,1370,1371,-9,-0.652174,56100,OK
2025-11-17,7416,はるやまホールディングス,スタンダード（内国株式）,小売業,696,696,690,693,-5,-0.716332,6700,OK
2025-11-17,7417,南陽,スタンダード（内国株式）,卸売業,1405,1416,1405,1406,2,0.14245,6600,OK
2025-11-17,7419,ノジマ,プライム（内国株式）,小売業,1140,1162,1127,1156,12,1.048951,725900,OK
2025-11-17,7420,佐鳥電機,プライム（内国株式）,卸売業,1873,1873,1857,1859,-9,-0.481799,65300,OK
2025-11-17,7421,カッパ・クリエイト,プライム（内国株式）,小売業,1527,1528,1507,1509,-24,-1.565558,93500,OK
2025-11-17,7422,東邦レマック,スタンダード（内国株式）,卸売業,549,549,534,537,-11,-2.007299,2700,OK
2025-11-17,7425,初穂商事,スタンダード（内国株式）,卸売業,2013,2013,1994,2009,-21,-1.034483,600,OK
2025-11-17,7426,山大,スタンダード（内国株式）,卸売業,1094,1124,1092,1122,25,2.278943,1300,OK
2025-11-17,7427,エコートレーディング,スタンダード（内国株式）,卸売業,930,930,919,920,1,0.108814,4700,OK
2025-11-17,7433,伯東,プライム（内国株式）,卸売業,3840,3850,3800,3805,-35,-0.911458,40800,OK
2025-11-17,7434,オータケ,スタンダード（内国株式）,卸売業,1796,1809,1781,1789,-7,-0.389755,3000,OK
2025-11-17,7435,ナ・デックス,スタンダード（内国株式）,卸売業,974,974,967,972,-4,-0.409836,1400,OK
2025-11-17,7438,コンドーテック,プライム（内国株式）,卸売業,1570,1570,1547,1548,-16,-1.023018,18800,OK
2025-11-17,7442,中山福,スタンダード（内国株式）,卸売業,406,406,405,405,0,0,5000,OK
2025-11-17,7443,横浜魚類,スタンダード（内国株式）,卸売業,614,616,614,616,4,0.653595,6200,OK
2025-11-17,7444,ハリマ共和物産,スタンダード（内国株式）,卸売業,1923,1930,1906,1918,4,0.208986,5100,OK
2025-11-17,7445,ライトオン,スタンダード（内国株式）,小売業,299,329,285,286,26,10,1499200,OK
2025-11-17,7446,東北化学薬品,スタンダード（内国株式）,卸売業,3765,3835,3765,3795,35,0.930851,600,OK
2025-11-17,7447,ナガイレーベン,プライム（内国株式）,卸売業,1891,1909,1869,1891,-7,-0.368809,96500,OK
2025-11-17,7450,サンデー,スタンダード（内国株式）,小売業,995,996,994,994,-3,-0.300903,2000,OK
2025-11-17,7453,良品計画,プライム（内国株式）,小売業,2967,3027,2870,2943,-305,-9.390394,15921100,OK
2025-11-17,7455,パリミキホールディングス,スタンダード（内国株式）,小売業,580,581,578,579,28,5.08167,2381200,OK
2025-11-17,7456,松田産業,プライム（内国株式）,卸売業,4395,4425,4300,4390,5,0.114025,98000,OK
2025-11-17,7458,第一興商,プライム（内国株式）,卸売業,1585,1593.5,1577,1589,-6,-0.376176,221600,OK
2025-11-17,7459,メディパルホールディングス,プライム（内国株式）,卸売業,2641,2648,2616,2618,-28.5,-1.076894,300100,OK
2025-11-17,7460,ヤギ,スタンダード（内国株式）,卸売業,3435,3435,3295,3295,-140,-4.075691,5400,OK
2025-11-17,7461,キムラ,スタンダード（内国株式）,卸売業,500,500,496,496,-5,-0.998004,1000,OK
2025-11-17,7462,ＣＡＰＩＴＡ,スタンダード（内国株式）,小売業,480,490,475,481,1,0.208333,21600,OK
2025-11-17,7463,アドヴァングループ,スタンダード（内国株式）,小売業,879,879,873,873,-5,-0.569476,22600,OK
2025-11-17,7464,セフテック,スタンダード（内国株式）,卸売業,1629,1629,1628,1628,1,0.061463,600,OK
2025-11-17,7466,ＳＰＫ,プライム（内国株式）,卸売業,2297,2297,2264,2269,-5,-0.219877,9100,OK
2025-11-17,7467,萩原電気ホールディングス,プライム（内国株式）,卸売業,3490,3505,3455,3475,-15,-0.429799,35000,OK
2025-11-17,7472,鳥羽洋行,スタンダード（内国株式）,卸売業,4040,4055,4000,4040,0,0,1300,OK
2025-11-17,7475,アルビス,プライム（内国株式）,小売業,2709,2740,2692,2729,21,0.77548,12600,OK
2025-11-17,7476,アズワン,プライム（内国株式）,卸売業,2558.5,2561,2443,2447.5,-137,-5.300832,298800,OK
2025-11-17,7477,ムラキ,スタンダード（内国株式）,卸売業,1237,1260,1230,1230,-37,-2.920284,3700,OK
2025-11-17,7480,スズデン,スタンダード（内国株式）,卸売業,1668,1673,1664,1664,-5,-0.299581,10900,OK
2025-11-17,7481,尾家産業,スタンダード（内国株式）,卸売業,2214,2219,2210,2216,-1,-0.045106,3100,OK
2025-11-17,7482,シモジマ,プライム（内国株式）,卸売業,1312,1322,1301,1301,-9,-0.687023,18700,OK
2025-11-17,7483,ドウシシャ,プライム（内国株式）,卸売業,2970,2970,2931,2958,-9,-0.303337,99500,OK
2025-11-17,7486,サンリン,スタンダード（内国株式）,卸売業,709,709,699,700,-9,-1.269394,1700,OK
2025-11-17,7487,小津産業,スタンダード（内国株式）,卸売業,1725,1726,1722,1725,0,0,3100,OK
2025-11-17,7490,日新商事,スタンダード（内国株式）,卸売業,1246,1257,1246,1257,-16,-1.256874,2300,OK
2025-11-17,7494,コナカ,スタンダード（内国株式）,小売業,242,243,239,241,-4,-1.632653,109500,OK
2025-11-17,7500,西川計測,スタンダード（内国株式）,卸売業,12400,12400,12400,12400,-270,-2.131018,200,OK
2025-11-17,7501,ティムコ,スタンダード（内国株式）,卸売業,1291,1291,1263,1265,-40,-3.065134,8200,OK
2025-11-17,7502,プラザホールディングス,スタンダード（内国株式）,サービス業,1882,1885,1882,1884,4,0.212766,1100,OK
2025-11-17,7504,高速,プライム（内国株式）,卸売業,2950,2962,2930,2943,-7,-0.237288,20400,OK
2025-11-17,7505,扶桑電通,スタンダード（内国株式）,卸売業,1589,1589,1537,1558,-16,-1.016518,21100,OK
2025-11-17,7506,ハウス　オブ　ローゼ,スタンダード（内国株式）,小売業,1376,1378,1372,1375,-1,-0.072674,1600,OK
2025-11-17,7508,Ｇ‐７ホールディングス,プライム（内国株式）,小売業,1308,1310,1292,1303,-1,-0.076687,71700,OK
2025-11-17,7509,アイエーグループ,スタンダード（内国株式）,小売業,4035,4035,3965,4035,-70,-1.705238,400,OK
2025-11-17,7510,たけびし,プライム（内国株式）,卸売業,2015,2055,2007,2046,32,1.588878,18200,OK
2025-11-17,7512,イオン北海道,スタンダード（内国株式）,小売業,883,889,881,888,3,0.338983,109100,OK
2025-11-17,7513,コジマ,プライム（内国株式）,小売業,1114,1114,1093,1107,-12,-1.072386,84400,OK
2025-11-17,7514,ヒマラヤ,スタンダード（内国株式）,小売業,848,849,844,846,0,0,2200,OK
2025-11-17,7515,マルヨシセンター,スタンダード（内国株式）,小売業,4250,4250,4250,4250,0,0,400,OK
2025-11-17,7516,コーナン商事,プライム（内国株式）,小売業,3780,3780,3740,3750,-30,-0.793651,55400,OK
2025-11-17,7520,エコス,プライム（内国株式）,小売業,2926,2927,2856,2919,3,0.102881,12200,OK
2025-11-17,7521,ムサシ,スタンダード（内国株式）,卸売業,2281,2333,2213,2218,-63,-2.761947,13700,OK
2025-11-17,7522,ワタミ,プライム（内国株式）,小売業,940,942,929,937,-5,-0.530786,71000,OK
2025-11-17,7523,アールビバン,スタンダード（内国株式）,小売業,2100,2107,2078,2078,-44,-2.073516,5000,OK
2025-11-17,7524,マルシェ,スタンダード（内国株式）,小売業,197,197,193,193,0,0,9100,OK
2025-11-17,7525,リックス,プライム（内国株式）,卸売業,3750,3775,3710,3735,0,0,13500,OK
2025-11-17,7527,システムソフト,スタンダード（内国株式）,情報･通信業,71,71,68,70,2,2.941176,1492400,OK
2025-11-17,7531,清和中央ホールディングス,スタンダード（内国株式）,卸売業,1584,1585,1584,1585,1,0.063131,800,OK
2025-11-17,7532,パン・パシフィック・インターナショナルホールディングス,プライム（内国株式）,小売業,878.5,910,860.8,903,-50.2,-5.266471,24040200,OK
2025-11-17,7537,丸文,プライム（内国株式）,卸売業,1179,1185,1171,1175,-1,-0.085034,64800,OK
2025-11-17,7538,大水,スタンダード（内国株式）,卸売業,355,357,353,356,3,0.849858,8800,OK
2025-11-17,7539,アイナボホールディングス,スタンダード（内国株式）,卸売業,700,702,696,696,-6,-0.854701,10700,OK
2025-11-17,7544,スリーエフ,スタンダード（内国株式）,小売業,563,563,555,555,-6,-1.069519,8500,OK
2025-11-17,7545,西松屋チェーン,プライム（内国株式）,小売業,2114,2128,2099,2119,-3,-0.141376,127900,OK
2025-11-17,7550,ゼンショーホールディングス,プライム（内国株式）,小売業,8880,8928,8729,8817,-153,-1.705686,622700,OK
2025-11-17,75505,ゼンショーホールディングス（優先株式）,プライム（内国株式）,小売業,5071,5071,5071,5071,0,0,100,OK
2025-11-17,7551,ウェッズ,スタンダード（内国株式）,輸送用機器,632,632,627,631,-1,-0.158228,5200,OK
2025-11-17,7552,ハピネット,プライム（内国株式）,卸売業,6320,6410,6180,6410,150,2.396166,108300,OK
2025-11-17,7554,幸楽苑,プライム（内国株式）,小売業,1150,1150,1112,1116,-34,-2.956522,112200,OK
2025-11-17,7555,大田花き,スタンダード（内国株式）,卸売業,756,756,745,745,-13,-1.71504,1100,OK
2025-11-17,7561,ハークスレイ,スタンダード（内国株式）,小売業,663,663,657,660,1,0.151745,23900,OK
2025-11-17,7562,安楽亭,スタンダード（内国株式）,小売業,3660,3660,3645,3645,-5,-0.136986,2600,OK
2025-11-17,7564,ワークマン,スタンダード（内国株式）,小売業,6630,6730,6470,6520,-30,-0.458015,269500,OK
2025-11-17,7565,萬世電機,スタンダード（内国株式）,卸売業,5210,5210,5210,5210,0,0,100,OK
2025-11-17,7567,栄電子,スタンダード（内国株式）,卸売業,474,474,471,472,2,0.425532,2800,OK
2025-11-17,7570,橋本総業ホールディングス,スタンダード（内国株式）,卸売業,1221,1225,1215,1220,0,0,7500,OK
2025-11-17,7571,ヤマノホールディングス,スタンダード（内国株式）,小売業,114,116,109,113,1,0.892857,378000,OK
2025-11-17,7575,日本ライフライン,プライム（内国株式）,卸売業,1459,1478,1452,1471,8,0.546822,109800,OK
2025-11-17,7578,ニチリョク,スタンダード（内国株式）,小売業,131,131,124,125,-1,-0.793651,204800,OK
2025-11-17,7581,サイゼリヤ,プライム（内国株式）,小売業,5400,5430,5090,5120,-380,-6.909091,875900,OK
2025-11-17,7585,かんなん丸,スタンダード（内国株式）,小売業,419,420,416,417,-2,-0.477327,5100,OK
2025-11-17,7590,タカショー,スタンダード（内国株式）,卸売業,440,442,437,440,3,0.686499,57900,OK
2025-11-17,7593,ＶＴホールディングス,プライム（内国株式）,小売業,500,503,498,503,8,1.616162,489000,OK
2025-11-17,7595,アルゴグラフィックス,プライム（内国株式）,情報･通信業,1413,1424,1401,1414,8,0.56899,117400,OK
2025-11-17,7596,魚力,プライム（内国株式）,小売業,2356,2356,2328,2346,-28,-1.179444,15400,OK
2025-11-17,7599,ＩＤＯＭ,プライム（内国株式）,卸売業,1205,1216,1198,1207,-4,-0.330306,308500,OK
2025-11-17,7600,日本エム・ディ・エム,プライム（内国株式）,精密機器,504,506,496,497,-6,-1.192843,72700,OK
2025-11-17,7601,ポプラ,スタンダード（内国株式）,小売業,177,177,169,173,-4,-2.259887,92800,OK
2025-11-17,7602,レダックス,スタンダード（内国株式）,卸売業,133,135,133,134,-1,-0.740741,71100,OK
2025-11-17,7603,ジーイエット,スタンダード（内国株式）,小売業,160,160,149,156,-4,-2.5,509000,OK
2025-11-17,7604,梅の花グループ,スタンダード（内国株式）,小売業,809,811,809,809,0,0,5500,OK
2025-11-17,7606,ユナイテッドアローズ,プライム（内国株式）,小売業,2100,2132,2055,2118,-9,-0.423131,314200,OK
2025-11-17,7607,進和,プライム（内国株式）,卸売業,3140,3145,3110,3125,-10,-0.318979,14600,OK
2025-11-17,7608,エスケイジャパン,スタンダード（内国株式）,卸売業,1436,1465,1418,1447,40,2.842928,187400,OK
2025-11-17,7609,ダイトロン,プライム（内国株式）,卸売業,4555,4660,4555,4645,105,2.312775,30300,OK
2025-11-17,7610,テイツー,スタンダード（内国株式）,小売業,135,136,133,133,-3,-2.205882,694500,OK
2025-11-17,7611,ハイデイ日高,プライム（内国株式）,小売業,3375,3375,3325,3375,-5,-0.147929,78200,OK
2025-11-17,7613,シークス,プライム（内国株式）,卸売業,1259,1270,1252,1252,-5,-0.397772,131900,OK
2025-11-17,7614,オーエムツーネットワーク,スタンダード（内国株式）,小売業,1710,2049,1710,2048,219,11.973756,55000,OK
2025-11-17,7615,京都きもの友禅ホールディングス,スタンダード（内国株式）,小売業,176,179,165,167,-1,-0.595238,1006700,OK
2025-11-17,7616,コロワイド,プライム（内国株式）,小売業,1735,1735,1712,1719,-19,-1.093211,336300,OK
2025-11-17,7619,田中商事,スタンダード（内国株式）,卸売業,821,821,805,805,-15,-1.829268,16900,OK
2025-11-17,7621,うかい,スタンダード（内国株式）,小売業,3465,3475,3420,3420,-45,-1.298701,7400,OK
2025-11-17,7624,ＮａＩＴＯ,スタンダード（内国株式）,卸売業,140,140,137,138,-2,-1.428571,41100,OK
2025-11-17,7625,グローバルダイニング,スタンダード（内国株式）,小売業,390,398,388,388,0,0,13000,OK
2025-11-17,7628,オーハシテクニカ,プライム（内国株式）,卸売業,2235,2254,2229,2233,-21,-0.931677,6400,OK
2025-11-17,7630,壱番屋,プライム（内国株式）,小売業,913,914,905,908,-7,-0.765027,243700,OK
2025-11-17,7634,星医療酸器,スタンダード（内国株式）,卸売業,4710,4760,4655,4760,-10,-0.209644,2700,OK
2025-11-17,7635,杉田エース,スタンダード（内国株式）,卸売業,1713,1715,1707,1710,-38,-2.173913,63900,OK
2025-11-17,7636,ハンズマン,スタンダード（内国株式）,小売業,812,814,812,812,0,0,800,OK
2025-11-17,7637,白銅,プライム（内国株式）,卸売業,2210,2215,2200,2207,-5,-0.22604,5600,OK
2025-11-17,7638,ＮＥＷ　ＡＲＴ　ＨＯＬＤＩＮＧＳ,スタンダード（内国株式）,小売業,1509,1510,1490,1499,20,1.352265,38000,OK
2025-11-17,7640,トップカルチャー,スタンダード（内国株式）,小売業,169,169,164,167,-2,-1.183432,80900,OK
2025-11-17,7643,ダイイチ,スタンダード（内国株式）,小売業,1635,1643,1624,1624,-11,-0.672783,1700,OK
2025-11-17,7646,ＰＬＡＮＴ,スタンダード（内国株式）,小売業,1870,1874,1863,1864,-5,-0.267523,7200,OK
2025-11-17,7649,スギホールディングス,プライム（内国株式）,小売業,3499,3515,3421,3457,-55,-1.566059,548700,OK
2025-11-17,7670,オーウエル,スタンダード（内国株式）,卸売業,981,988,979,986,9,0.921187,2800,OK
2025-11-17,7673,ダイコー通産,スタンダード（内国株式）,卸売業,1565,1596,1550,1576,3,0.190718,2500,OK
2025-11-17,7674,ＮＡＴＴＹ　ＳＷＡＮＫＹホールディングス,グロース（内国株式）,小売業,3050,3050,3040,3040,-5,-0.164204,1900,OK
2025-11-17,7677,ヤシマキザイ,スタンダード（内国株式）,卸売業,2865,2865,2865,2865,115,4.181818,100,OK
2025-11-17,7678,あさくま,スタンダード（内国株式）,小売業,4445,4460,4435,4460,15,0.337458,3300,OK
2025-11-17,7679,薬王堂ホールディングス,プライム（内国株式）,小売業,2139,2148,2116,2121,-40,-1.850995,36500,OK
2025-11-17,7680,軽自動車館,TOKYO PRO MARKET（内国株式）,小売業,,,,,,,,NO_QUOTE
2025-11-17,7681,レオクラン,スタンダード（内国株式）,卸売業,910,984,880,983,-167,-14.521739,44800,OK
2025-11-17,7682,浜木綿,スタンダード（内国株式）,小売業,3905,3905,3850,3870,0,0,1000,OK
2025-11-17,7683,ダブルエー,プライム（内国株式）,小売業,1347,1347,1331,1333,-5,-0.373692,31000,OK
2025-11-17,7685,ＢｕｙＳｅｌｌ　Ｔｅｃｈｎｏｌｏｇｉｅｓ,グロース（内国株式）,卸売業,3930,3950,3650,3760,390,11.5727,759500,OK
2025-11-17,7686,ひとまいる,スタンダード（内国株式）,小売業,440,440,434,435,-3,-0.684932,35700,OK
2025-11-17,7687,ミクリード,グロース（内国株式）,卸売業,511,520,511,517,3,0.583658,5800,OK
2025-11-17,7689,コパ・コーポレーション,グロース（内国株式）,卸売業,480,480,469,469,-2,-0.424628,4800,OK
2025-11-17,7690,カレント自動車,TOKYO PRO MARKET（内国株式）,卸売業,,,,,,,,NO_QUOTE
2025-11-17,7691,Ｃ　Ｃｈａｎｎｅｌ,TOKYO PRO MARKET（内国株式）,小売業,,,,,,,,NO_QUOTE
2025-11-17,7692,アースインフィニティ,スタンダード（内国株式）,電気･ガス業,103,103,101,102,-1,-0.970874,493500,OK
2025-11-17,7693,北海道歯科産業,TOKYO PRO MARKET（内国株式）,卸売業,,,,,,,,NO_QUOTE
2025-11-17,7694,いつも,グロース（内国株式）,小売業,820,827,695,700,-135,-16.167665,66500,OK
2025-11-17,7695,交換できるくん,グロース（内国株式）,小売業,845,845,831,831,-34,-3.930636,6800,OK
2025-11-17,7698,アイスコ,スタンダード（内国株式）,卸売業,2100,2142,2098,2135,19,0.897921,5500,OK
2025-11-17,7701,島津製作所,プライム（内国株式）,精密機器,4392,4421,4325,4348,-52,-1.181818,722200,OK
2025-11-17,7702,ＪＭＳ,スタンダード（内国株式）,精密機器,435,437,432,432,-4,-0.917431,14900,OK
2025-11-17,7707,プレシジョン・システム・サイエンス,グロース（内国株式）,精密機器,194,205,191,204,14,7.368421,540100,OK
2025-11-17,7709,クボテック,スタンダード（内国株式）,精密機器,191,194,190,191,1,0.526316,8000,OK
2025-11-17,7711,助川電気工業,スタンダード（内国株式）,精密機器,6570,6830,6270,6370,-210,-3.191489,398500,OK
2025-11-17,7713,シグマ光機,スタンダード（内国株式）,精密機器,1509,1513,1500,1500,-17,-1.120633,7800,OK
2025-11-17,7715,長野計器,プライム（内国株式）,精密機器,2385,2405,2333,2353,-23,-0.968013,138300,OK
2025-11-17,7716,ナカニシ,スタンダード（内国株式）,精密機器,2110,2123,2091,2110,20,0.956938,99900,OK
2025-11-17,7717,ブイ・テクノロジー,プライム（内国株式）,精密機器,2899,2968,2873,2959,12,0.407194,223100,OK
2025-11-17,7718,スター精密,プライム（内国株式）,機械,2255,2259,2248,2255,0,0,1005200,OK
2025-11-17,7719,東京衡機,スタンダード（内国株式）,精密機器,251,252,247,247,-4,-1.593625,26700,OK
2025-11-17,7721,東京計器,プライム（内国株式）,精密機器,5780,6150,5720,6070,290,5.017301,327800,OK
2025-11-17,7722,国際計測器,スタンダード（内国株式）,精密機器,814,814,701,763,-47,-5.802469,319600,OK
2025-11-17,7723,愛知時計電機,プライム（内国株式）,精密機器,2615,2629,2582,2595,-14,-0.536604,22500,OK
2025-11-17,7725,インターアクション,プライム（内国株式）,精密機器,1383,1399,1369,1373,-10,-0.723066,27400,OK
2025-11-17,7726,黒田精工,スタンダード（内国株式）,機械,945,952,945,952,7,0.740741,6500,OK
2025-11-17,7727,オーバル,スタンダード（内国株式）,精密機器,578,584,564,571,-64,-10.07874,580500,OK
2025-11-17,7729,東京精密,プライム（内国株式）,精密機器,10345,10450,10225,10415,140,1.36253,247600,OK
2025-11-17,7730,マニー,プライム（内国株式）,精密機器,1460,1465,1434,1442,-28,-1.904762,321400,OK
2025-11-17,7731,ニコン,プライム（内国株式）,精密機器,1810,1814,1786,1800,0,0,1540100,OK
2025-11-17,7732,トプコン,プライム（内国株式）,精密機器,3285,3285,3280,3285,2,0.06092,116600,OK
2025-11-17,7733,オリンパス,プライム（内国株式）,精密機器,2091,2100,2043,2065,-41,-1.946819,3171500,OK
2025-11-17,7734,理研計器,プライム（内国株式）,精密機器,3270,3300,3240,3260,-10,-0.30581,67400,OK
2025-11-17,7735,ＳＣＲＥＥＮホールディングス,プライム（内国株式）,電気機器,12700,12880,12510,12845,30,0.234101,1161400,OK
2025-11-17,7739,キヤノン電子,プライム（内国株式）,電気機器,2690,2693,2666,2688,5,0.186359,62800,OK
2025-11-17,7740,タムロン,プライム（内国株式）,精密機器,1042,1045,1027,1040,-4,-0.383142,350100,OK
2025-11-17,7741,ＨＯＹＡ,プライム（内国株式）,精密機器,23920,24140,23910,23920,-265,-1.09572,1026000,OK
2025-11-17,7743,シード,プライム（内国株式）,精密機器,569,574,567,568,-1,-0.175747,58300,OK
2025-11-17,7744,ノーリツ鋼機,プライム（内国株式）,精密機器,1835,1900,1748,1757,82,4.895522,928700,OK
2025-11-17,7745,Ａ＆Ｄホロンホールディングス,プライム（内国株式）,精密機器,1785,1798,1766,1784,-2,-0.111982,195400,OK
2025-11-17,7746,岡本硝子,スタンダード（内国株式）,精密機器,404,429,345,348,-40,-10.309278,6086400,OK
2025-11-17,7747,朝日インテック,プライム（内国株式）,精密機器,2708,2787.5,2645.5,2680,285,11.899791,3841000,OK
2025-11-17,7749,メディキット,スタンダード（内国株式）,精密機器,2764,2764,2727,2759,7,0.25436,3700,OK
2025-11-17,7751,キヤノン,プライム（内国株式）,電気機器,4500,4528,4471,4520,-9,-0.198719,2478900,OK
2025-11-17,7752,リコー,プライム（内国株式）,電気機器,1379.5,1380,1360,1365.5,-14.5,-1.050725,1372500,OK
2025-11-17,7760,ＩＭＶ,スタンダード（内国株式）,精密機器,1985,2138,1970,2133,148,7.455919,229000,OK
2025-11-17,7762,シチズン時計,プライム（内国株式）,精密機器,1206,1230,1198,1226,7,0.574241,2144100,OK
2025-11-17,7769,リズム,プライム（内国株式）,精密機器,3430,3430,3375,3425,-5,-0.145773,31700,OK
2025-11-17,7771,日本精密,スタンダード（内国株式）,精密機器,95,99,87,89,-2,-2.197802,804700,OK
2025-11-17,7774,ジャパン・ティッシュエンジニアリング,グロース（内国株式）,精密機器,490,490,476,478,-12,-2.44898,45100,OK
2025-11-17,7775,大研医器,スタンダード（内国株式）,精密機器,442,443,440,442,-1,-0.225734,20800,OK
2025-11-17,7776,セルシード,グロース（内国株式）,精密機器,406,409,398,401,-9,-2.195122,471100,OK
2025-11-17,7777,スリー・ディー・マトリックス,グロース（内国株式）,精密機器,332,338,306,309,-24,-7.207207,3988300,OK
2025-11-17,7779,ＣＹＢＥＲＤＹＮＥ,グロース（内国株式）,精密機器,172,173,164,166,-6,-3.488372,2220600,OK
2025-11-17,7780,メニコン,プライム（内国株式）,精密機器,1375,1414,1349,1370,21,1.556709,1066600,OK
2025-11-17,7781,平山ホールディングス,スタンダード（内国株式）,精密機器,1211,1220,1200,1210,89,7.93934,38600,OK
2025-11-17,7782,シンシア,スタンダード（内国株式）,精密機器,530,542,526,526,-7,-1.313321,20200,OK
2025-11-17,7791,ドリームベッド,スタンダード（内国株式）,その他製品,832,832,811,823,-1,-0.121359,7800,OK
2025-11-17,7792,コラントッテ,グロース（内国株式）,その他製品,1510,1517,1489,1490,-20,-1.324503,8100,OK
2025-11-17,7793,イメージ・マジック,グロース（内国株式）,その他製品,1560,1560,1487,1516,-111,-6.822372,27100,OK
2025-11-17,7794,イーディーピー,グロース（内国株式）,その他製品,472,475,460,462,-6,-1.282051,108100,OK
2025-11-17,7795,ＫＹＯＲＩＴＳＵ,スタンダード（内国株式）,その他製品,197,197,194,195,0,0,63800,OK
2025-11-17,7800,アミファ,スタンダード（内国株式）,その他製品,625,635,625,631,19,3.104575,40300,OK
2025-11-17,7803,ブシロード,グロース（内国株式）,その他製品,355,368,349,368,80,27.777778,2839800,OK
2025-11-17,7804,ビーアンドピー,スタンダード（内国株式）,その他製品,2442,2450,2400,2433,20,0.828844,8100,OK
2025-11-17,7805,プリントネット,スタンダード（内国株式）,その他製品,651,658,651,658,8,1.230769,2200,OK
2025-11-17,7806,ＭＴＧ,グロース（内国株式）,その他製品,4715,4825,4575,4695,-225,-4.573171,470900,OK
2025-11-17,7807,幸和製作所,スタンダード（内国株式）,その他製品,823,841,820,841,9,1.081731,5200,OK
2025-11-17,7808,シー・エス・ランバー,スタンダード（内国株式）,その他製品,3075,3100,3075,3100,-45,-1.430843,700,OK
2025-11-17,7809,壽屋,スタンダード（内国株式）,その他製品,1645,1653,1531,1587,-58,-3.525836,42000,OK
2025-11-17,7810,クロスフォー,スタンダード（内国株式）,その他製品,152,152,151,151,-1,-0.657895,21900,OK
2025-11-17,7811,中本パックス,スタンダード（内国株式）,その他製品,1807,1810,1798,1806,-1,-0.05534,11100,OK
2025-11-17,7812,クレステック,スタンダード（内国株式）,その他製品,1965,2011,1906,1958,149,8.236595,22800,OK
2025-11-17,7813,プラッツ,スタンダード（内国株式）,その他製品,778,814,778,804,-9,-1.107011,8700,OK
2025-11-17,7814,日本創発グループ,スタンダード（内国株式）,その他製品,802,808,790,803,2,0.249688,53000,OK
2025-11-17,7815,東京ボード工業,スタンダード（内国株式）,その他製品,556,558,548,550,2,0.364964,1100,OK
2025-11-17,7817,パラマウントベッドホールディングス,プライム（内国株式）,その他製品,3525,3530,3495,3495,-40,-1.131542,110900,OK
2025-11-17,7818,トランザクション,プライム（内国株式）,その他製品,1077,1083,1061,1074,-3,-0.278552,187100,OK
2025-11-17,7819,粧美堂,スタンダード（内国株式）,その他製品,867,868,837,841,-27,-3.110599,23900,OK
2025-11-17,7820,ニホンフラッシュ,プライム（内国株式）,その他製品,840,858,837,855,16,1.907032,53500,OK
2025-11-17,7821,前田工繊,プライム（内国株式）,その他製品,2028,2059,1987,2002,-4,-0.199402,337300,OK
2025-11-17,7822,永大産業,スタンダード（内国株式）,その他製品,234,234,227,228,-5,-2.145923,104500,OK
2025-11-17,7823,アートネイチャー,スタンダード（内国株式）,その他製品,819,819,807,810,0,0,16900,OK
2025-11-17,7826,フルヤ金属,プライム（内国株式）,その他製品,3165,3320,3135,3280,155,4.96,349500,OK
2025-11-17,7827,オービス,スタンダード（内国株式）,その他製品,1518,1550,1518,1546,9,0.585556,16300,OK
2025-11-17,7831,ウイルコホールディングス,スタンダード（内国株式）,その他製品,79,80,78,80,0,0,58800,OK
2025-11-17,7832,バンダイナムコホールディングス,プライム（内国株式）,その他製品,4604,4620,4507,4528,-79,-1.714782,1926800,OK
2025-11-17,7833,アイフィスジャパン,スタンダード（内国株式）,その他製品,717,717,702,702,-15,-2.09205,23800,OK
2025-11-17,7836,アビックス,スタンダード（内国株式）,その他製品,95,95,91,92,-3,-3.157895,203500,OK
2025-11-17,7837,アールシーコア,スタンダード（内国株式）,その他製品,400,413,400,405,-8,-1.937046,53000,OK
2025-11-17,7839,ＳＨＯＥＩ,プライム（内国株式）,その他製品,1831,1889,1818,1830,85,4.87106,669000,OK
2025-11-17,7840,フランスベッドホールディングス,プライム（内国株式）,その他製品,1319,1325,1316,1320,1,0.075815,18800,OK
2025-11-17,7841,遠藤製作所,スタンダード（内国株式）,その他製品,1175,1177,1151,1158,-11,-0.940975,19700,OK
2025-11-17,7844,マーベラス,プライム（内国株式）,情報･通信業,534,543,530,536,-4,-0.740741,162000,OK
2025-11-17,7846,パイロットコーポレーション,プライム（内国株式）,その他製品,4767,4767,4669,4698,-69,-1.447451,117200,OK
2025-11-17,7847,グラファイトデザイン,スタンダード（内国株式）,その他製品,613,618,613,614,1,0.163132,3800,OK
2025-11-17,7849,スターツ出版,スタンダード（内国株式）,情報･通信業,3600,3600,3475,3515,-85,-2.361111,21600,OK
2025-11-17,7850,総合商研,スタンダード（内国株式）,その他製品,853,853,840,841,-12,-1.4068,400,OK
2025-11-17,7851,カワセコンピュータサプライ,スタンダード（内国株式）,その他製品,255,255,251,252,-3,-1.176471,3600,OK
2025-11-17,7856,萩原工業,プライム（内国株式）,その他製品,1581,1581,1564,1564,-21,-1.324921,60500,OK
2025-11-17,7857,セキ,スタンダード（内国株式）,その他製品,1332,1334,1332,1334,18,1.367781,700,OK
2025-11-17,7859,アルメディオ,スタンダード（内国株式）,その他製品,166,168,166,168,3,1.818182,89900,OK
2025-11-17,7860,エイベックス,プライム（内国株式）,情報･通信業,1206,1211,1193,1200,-10,-0.826446,255500,OK
2025-11-17,7863,平賀,スタンダード（内国株式）,その他製品,1014,1014,1000,1000,-10,-0.990099,800,OK
2025-11-17,7864,フジシールインターナショナル,プライム（内国株式）,その他製品,2934,2964,2887,2892,-56,-1.899593,121400,OK
2025-11-17,7865,ピープル,スタンダード（内国株式）,その他製品,435,436,431,432,-5,-1.144165,9100,OK
2025-11-17,7867,タカラトミー,プライム（内国株式）,その他製品,2990,2996,2925,2940,-52,-1.737968,661400,OK
2025-11-17,7868,広済堂ホールディングス,プライム（内国株式）,その他製品,449,456,446,450,1,0.222717,738000,OK
2025-11-17,7871,フクビ化学工業,スタンダード（内国株式）,化学,931,938,931,937,-4,-0.42508,5600,OK
2025-11-17,7872,エステールホールディングス,スタンダード（内国株式）,その他製品,580,583,580,581,-1,-0.171821,7800,OK
2025-11-17,7874,レック,プライム（内国株式）,化学,1083,1085,1054,1054,-6,-0.566038,60800,OK
2025-11-17,7875,竹田ｉＰホールディングス,スタンダード（内国株式）,その他製品,1073,1073,1059,1062,-8,-0.747664,2900,OK
2025-11-17,7877,永大化工,スタンダード（内国株式）,化学,1731,1731,1726,1726,0,0,600,OK
2025-11-17,7878,光・彩,スタンダード（内国株式）,その他製品,1089,1089,1057,1060,-28,-2.573529,1000,OK
2025-11-17,7879,ノダ,スタンダード（内国株式）,その他製品,703,708,702,702,0,0,9100,OK
2025-11-17,7883,サンメッセ,スタンダード（内国株式）,その他製品,356,356,353,354,0,0,11100,OK
2025-11-17,7885,タカノ,スタンダード（内国株式）,その他製品,761,764,755,755,0,0,5700,OK
2025-11-17,7886,ヤマト　モビリティ　＆　Ｍｆｇ．,スタンダード（内国株式）,化学,825,825,815,819,-21,-2.5,4900,OK
2025-11-17,7887,南海プライウッド,スタンダード（内国株式）,その他製品,7740,7840,7400,7470,-270,-3.488372,13200,OK
2025-11-17,7888,三光合成,プライム（内国株式）,化学,838,842,831,831,-5,-0.598086,126000,OK
2025-11-17,7893,プロネクサス,プライム（内国株式）,その他製品,1187,1187,1166,1175,-21,-1.755853,26400,OK
2025-11-17,7896,セブン工業,スタンダード（内国株式）,その他製品,501,505,501,504,2,0.398406,800,OK
2025-11-17,7897,ホクシン,スタンダード（内国株式）,その他製品,113,113,111,111,-1,-0.892857,181200,OK
2025-11-17,7898,ウッドワン,スタンダード（内国株式）,その他製品,893,893,882,889,-4,-0.447928,18100,OK
2025-11-17,7901,マツモト,スタンダード（内国株式）,その他製品,840,840,840,840,0,0,300,OK
2025-11-17,7902,ソノコム,スタンダード（内国株式）,その他製品,909,909,900,900,-12,-1.315789,900,OK
2025-11-17,7906,ヨネックス,スタンダード（内国株式）,その他製品,3725,3725,3530,3560,-135,-3.653586,383600,OK
2025-11-17,7908,きもと,スタンダード（内国株式）,化学,256,258,254,257,0,0,326000,OK
2025-11-17,7911,ＴＯＰＰＡＮホールディングス,プライム（内国株式）,その他製品,4244,4248,4152,4215,-29,-0.683318,2157900,OK
2025-11-17,7912,大日本印刷,プライム（内国株式）,その他製品,2561,2594.5,2435.5,2441.5,-220.5,-8.283246,2643200,OK
2025-11-17,7914,共同印刷,プライム（内国株式）,その他製品,1462,1462,1441,1446,-17,-1.161996,67500,OK
2025-11-17,7915,ＮＩＳＳＨＡ,プライム（内国株式）,その他製品,1191,1194,1168,1172,-8,-0.677966,435500,OK
2025-11-17,7916,光村印刷,スタンダード（内国株式）,その他製品,1685,1700,1647,1652,-18,-1.077844,2300,OK
2025-11-17,7917,ＺＡＣＲＯＳ,プライム（内国株式）,化学,1091,1096,1082,1082,-4,-0.368324,89100,OK
2025-11-17,7918,ヴィア・ホールディングス,スタンダード（内国株式）,小売業,111,111,109,109,-2,-1.801802,64800,OK
2025-11-17,7919,野崎印刷紙業,スタンダード（内国株式）,その他製品,192,192,190,191,-1,-0.520833,5800,OK
2025-11-17,7921,ＴＡＫＡＲＡ　＆　ＣＯＭＰＡＮＹ,プライム（内国株式）,その他製品,4450,4450,4360,4400,-40,-0.900901,13600,OK
2025-11-17,7922,三光産業,スタンダード（内国株式）,その他製品,438,438,414,417,-14,-3.24826,16900,OK
2025-11-17,7923,トーイン,スタンダード（内国株式）,その他製品,873,873,823,833,-10,-1.18624,10500,OK
2025-11-17,7925,前澤化成工業,プライム（内国株式）,化学,2121,2125,2103,2118,12,0.569801,93300,OK
2025-11-17,7927,ムトー精工,スタンダード（内国株式）,化学,1879,1895,1875,1879,12,0.642742,62800,OK
2025-11-17,7928,旭化学工業,スタンダード（内国株式）,化学,583,583,579,583,1,0.171821,2400,OK
2025-11-17,7931,未来工業,プライム（内国株式）,化学,3375,3375,3340,3345,-25,-0.74184,13400,OK
2025-11-17,7932,ニッピ,スタンダード（内国株式）,その他製品,13000,13100,12840,12960,-30,-0.230947,8200,OK
2025-11-17,7936,アシックス,プライム（内国株式）,その他製品,3584,3695,3542,3642,-152,-4.006326,6852500,OK
2025-11-17,7937,ツツミ,スタンダード（内国株式）,その他製品,2396,2399,2382,2399,29,1.223629,5800,OK
2025-11-17,7938,リーガルコーポレーション,スタンダード（内国株式）,その他製品,2405,2406,2401,2406,1,0.04158,900,OK
2025-11-17,7939,研創,スタンダード（内国株式）,その他製品,559,561,553,557,-5,-0.88968,3800,OK
2025-11-17,7940,ウェーブロックホールディングス,スタンダード（内国株式）,化学,1150,1174,1120,1134,-39,-3.324808,317200,OK
2025-11-17,7942,ＪＳＰ,プライム（内国株式）,化学,2109,2140,2099,2116,-17,-0.797,77500,OK
2025-11-17,7943,ニチハ,プライム（内国株式）,ガラス･土石製品,2939,2951,2911,2931,-1,-0.034106,73900,OK
2025-11-17,7944,ローランド,プライム（内国株式）,その他製品,3610,3615,3500,3530,-65,-1.808067,126200,OK
2025-11-17,7946,光陽社,スタンダード（内国株式）,その他製品,2116,2175,2006,2069,-44,-2.082347,6500,OK
2025-11-17,7947,エフピコ,プライム（内国株式）,化学,2627,2639,2607,2615,-24,-0.909435,161400,OK
2025-11-17,7949,小松ウオール工業,プライム（内国株式）,その他製品,2592,2620,2577,2614,68,2.670856,103700,OK
2025-11-17,7951,ヤマハ,プライム（内国株式）,その他製品,1058.5,1072,1054,1067,2,0.187793,1866100,OK
2025-11-17,7952,河合楽器製作所,プライム（内国株式）,その他製品,2562,2570,2485,2491,-74,-2.88499,28700,OK
2025-11-17,7953,菊水化学工業,スタンダード（内国株式）,その他製品,385,387,385,385,0,0,5200,OK
2025-11-17,7955,クリナップ,プライム（内国株式）,その他製品,785,806,785,806,20,2.544529,80500,OK
2025-11-17,7956,ピジョン,プライム（内国株式）,その他製品,1649,1664.5,1595,1610.5,-56,-3.360336,3061500,OK
2025-11-17,7957,フジコピアン,スタンダード（内国株式）,その他製品,1493,1502,1470,1473,-12,-0.808081,6000,OK
2025-11-17,7962,キングジム,プライム（内国株式）,その他製品,834,835,831,831,-3,-0.359712,17500,OK
2025-11-17,7963,興研,スタンダード（内国株式）,その他製品,1830,1863,1810,1828,-3,-0.163845,5900,OK
2025-11-17,7965,象印マホービン,プライム（内国株式）,電気機器,1690,1717,1686,1709,19,1.12426,956100,OK
2025-11-17,7966,リンテック,プライム（内国株式）,その他製品,3880,3895,3855,3895,0,0,95400,OK
2025-11-17,7970,信越ポリマー,プライム（内国株式）,化学,1885,1896,1874,1892,-3,-0.158311,81700,OK
2025-11-17,7971,東リ,スタンダード（内国株式）,化学,717,717,699,707,-2,-0.282087,205600,OK
2025-11-17,7972,イトーキ,プライム（内国株式）,その他製品,2371,2375,2338,2356,-23,-0.966793,95400,OK
2025-11-17,7974,任天堂,プライム（内国株式）,その他製品,13500,13520,13310,13430,-15,-0.111566,1849400,OK
2025-11-17,7975,リヒトラブ,スタンダード（内国株式）,その他製品,1230,1234,1216,1234,24,1.983471,1900,OK
2025-11-17,7976,三菱鉛筆,プライム（内国株式）,その他製品,2132,2138,2087,2087,-51,-2.385407,58000,OK
2025-11-17,7979,松風,プライム（内国株式）,精密機器,1853,1860,1845,1854,-1,-0.053908,50100,OK
2025-11-17,7980,重松製作所,スタンダード（内国株式）,その他製品,780,786,779,786,6,0.769231,6500,OK
2025-11-17,7981,タカラスタンダード,プライム（内国株式）,その他製品,2582,2592,2556,2563,-19,-0.735864,83900,OK
2025-11-17,7983,ミロク,スタンダード（内国株式）,その他製品,1526,1529,1489,1504,8,0.534759,10500,OK
2025-11-17,7984,コクヨ,プライム（内国株式）,その他製品,900,904.9,895.2,903.2,3.9,0.433671,653400,OK
2025-11-17,7985,ネポン,スタンダード（内国株式）,金属製品,1520,1546,1512,1512,-7,-0.460829,2700,OK
2025-11-17,7986,日本アイ・エス・ケイ,スタンダード（内国株式）,その他製品,1785,1797,1768,1795,15,0.842697,3600,OK
2025-11-17,7987,ナカバヤシ,スタンダード（内国株式）,その他製品,540,541,537,540,0,0,41500,OK
2025-11-17,7988,ニフコ,プライム（内国株式）,化学,4630,4656,4539,4570,-67,-1.4449,293000,OK
2025-11-17,7989,立川ブラインド工業,プライム（内国株式）,金属製品,1985,1990,1968,1973,2,0.101471,20300,OK
2025-11-17,7990,グローブライド,プライム（内国株式）,その他製品,2177,2183,2136,2143,-29,-1.335175,55100,OK
2025-11-17,7991,マミヤ・オーピー,スタンダード（内国株式）,機械,1686,1686,1663,1677,-7,-0.415677,31800,OK
2025-11-17,7992,セーラー万年筆,スタンダード（内国株式）,その他製品,105,106,104,105,-2,-1.869159,43700,OK
2025-11-17,7994,オカムラ,プライム（内国株式）,その他製品,2221,2224,2189,2192,-29,-1.305718,177500,OK
2025-11-17,7995,バルカー,プライム（内国株式）,化学,3870,3890,3855,3860,-10,-0.258398,28200,OK
2025-11-17,7997,くろがね工作所,スタンダード（内国株式）,その他製品,1141,1150,1132,1142,2,0.175439,24000,OK
2025-11-17,7999,ＭＵＴＯＨホールディングス,スタンダード（内国株式）,電気機器,2821,2860,2736,2742,-115,-4.025201,12900,OK
2025-11-17,8001,伊藤忠商事,プライム（内国株式）,卸売業,9429,9472,9301,9350,-160,-1.68244,2161000,OK
2025-11-17,8002,丸紅,プライム（内国株式）,卸売業,4019,4032,3950,3950,-87,-2.155066,2815800,OK
2025-11-17,8005,スクロール,プライム（内国株式）,小売業,1209,1213,1203,1213,4,0.330852,88600,OK
2025-11-17,8006,ユアサ・フナショク,スタンダード（内国株式）,卸売業,1722,1743,1619,1694,-28,-1.626016,14100,OK
2025-11-17,8007,高島,プライム（内国株式）,卸売業,839,841,829,832,-8,-0.952381,103900,OK
2025-11-17,8008,ヨンドシーホールディングス,プライム（内国株式）,小売業,1748,1752,1741,1747,-1,-0.057208,61400,OK
2025-11-17,8011,三陽商会,プライム（内国株式）,繊維製品,3345,3360,3290,3330,-15,-0.44843,24900,OK
2025-11-17,8012,長瀬産業,プライム（内国株式）,卸売業,3591,3608,3559,3576,-19,-0.528512,164100,OK
2025-11-17,8013,ナイガイ,スタンダード（内国株式）,繊維製品,285,285,281,282,-6,-2.083333,13700,OK
2025-11-17,8014,蝶理,プライム（内国株式）,卸売業,3935,3935,3860,3875,-95,-2.392947,14000,OK
2025-11-17,8015,豊田通商,プライム（内国株式）,卸売業,5031,5068,4887,4929,-119,-2.357369,2300300,OK
2025-11-17,8016,オンワードホールディングス,プライム（内国株式）,繊維製品,666,668,658,660,-11,-1.639344,694900,OK
2025-11-17,8018,三共生興,スタンダード（内国株式）,卸売業,722,723,698,700,-23,-3.181189,104700,OK
2025-11-17,8020,兼松,プライム（内国株式）,卸売業,3273,3274,3236,3272,-2,-0.061087,214500,OK
2025-11-17,8022,美津濃,プライム（内国株式）,その他製品,2864,2883,2808,2846,-15,-0.524292,173800,OK
2025-11-17,8023,ＤＡＩＫＯ　ＸＴＥＣＨ,スタンダード（内国株式）,情報･通信業,1097,1113,1089,1111,14,1.276208,11600,OK
2025-11-17,8025,ツカモトコーポレーション,スタンダード（内国株式）,卸売業,1312,1326,1305,1326,14,1.067073,4500,OK
2025-11-17,8029,ルックホールディングス,スタンダード（内国株式）,繊維製品,2785,2791,2733,2738,-47,-1.687612,24000,OK
2025-11-17,8030,中央魚類,スタンダード（内国株式）,卸売業,3505,3505,3420,3460,-45,-1.28388,7000,OK
2025-11-17,8031,三井物産,プライム（内国株式）,卸売業,4093,4100,4043,4058,-45,-1.096758,4262600,OK
2025-11-17,8032,日本紙パルプ商事,プライム（内国株式）,卸売業,723,726,718,720,0,0,93000,OK
2025-11-17,8035,東京エレクトロン,プライム（内国株式）,電気機器,32330,33300,32150,33300,1450,4.55259,2711200,OK
2025-11-17,8037,カメイ,プライム（内国株式）,卸売業,2846,2869,2810,2869,27,0.950035,58900,OK
2025-11-17,8039,築地魚市場,スタンダード（内国株式）,卸売業,3550,3550,3495,3520,-5,-0.141844,2900,OK
2025-11-17,8040,東京ソワール,スタンダード（内国株式）,繊維製品,1080,1099,1062,1071,-9,-0.833333,17700,OK
2025-11-17,8041,ＯＵＧホールディングス,スタンダード（内国株式）,卸売業,3935,3950,3860,3885,-20,-0.512164,3300,OK
2025-11-17,8043,スターゼン,プライム（内国株式）,卸売業,1182,1189,1165,1175,-14,-1.17746,106700,OK
2025-11-17,8045,横浜丸魚,スタンダード（内国株式）,卸売業,1162,1175,1162,1170,0,0,1200,OK
2025-11-17,8046,丸藤シートパイル,スタンダード（内国株式）,卸売業,3695,3705,3670,3705,30,0.816327,4400,OK
2025-11-17,8050,セイコーグループ,プライム（内国株式）,精密機器,6860,7070,6780,7070,-150,-2.077562,289200,OK
2025-11-17,8051,山善,プライム（内国株式）,卸売業,1460,1471,1458,1463,7,0.480769,119500,OK
2025-11-17,8052,椿本興業,プライム（内国株式）,卸売業,2623,2623,2585,2600,-1,-0.038447,30500,OK
2025-11-17,8053,住友商事,プライム（内国株式）,卸売業,4860,4884,4828,4845,-51,-1.041667,2590500,OK
2025-11-17,8056,ＢＩＰＲＯＧＹ,プライム（内国株式）,情報･通信業,5795,5910,5700,5910,60,1.025641,333900,OK
2025-11-17,8057,内田洋行,プライム（内国株式）,卸売業,10590,10610,10460,10510,-10,-0.095057,28100,OK
2025-11-17,8058,三菱商事,プライム（内国株式）,卸売業,3724,3730,3667,3673,-77,-2.053333,6731800,OK
2025-11-17,8059,第一実業,プライム（内国株式）,卸売業,2753,2798,2753,2767,-28,-1.001789,13700,OK
2025-11-17,8060,キヤノンマーケティングジャパン,プライム（内国株式）,卸売業,6584,6615,6560,6594,1,0.015168,149700,OK
2025-11-17,8061,西華産業,プライム（内国株式）,卸売業,2180,2185,2144,2180,-6,-0.274474,204600,OK
2025-11-17,8065,佐藤商事,プライム（内国株式）,卸売業,2104,2129,2096,2096,-23,-1.085418,8400,OK
2025-11-17,8066,三谷商事,スタンダード（内国株式）,卸売業,2354,2384,2333,2379,0,0,2400,OK
2025-11-17,8070,東京産業,プライム（内国株式）,卸売業,993,1018,969,969,6,0.623053,201800,OK
2025-11-17,8074,ユアサ商事,プライム（内国株式）,卸売業,5220,5250,5130,5200,40,0.775194,26200,OK
2025-11-17,8075,神鋼商事,プライム（内国株式）,卸売業,2319,2333,2311,2323,12,0.519256,29000,OK
2025-11-17,8076,カノークス,スタンダード（内国株式）,卸売業,1929,1930,1925,1925,-3,-0.155602,6500,OK
2025-11-17,8077,トルク,スタンダード（内国株式）,卸売業,250,250,248,248,-2,-0.8,18400,OK
2025-11-17,8078,阪和興業,プライム（内国株式）,卸売業,6700,6730,6630,6650,-50,-0.746269,81000,OK
2025-11-17,8079,正栄食品工業,プライム（内国株式）,卸売業,4030,4040,4000,4025,-10,-0.247831,19100,OK
2025-11-17,8081,カナデン,プライム（内国株式）,卸売業,2052,2062,2041,2050,-19,-0.918318,18300,OK
2025-11-17,8084,ＲＹＯＤＥＮ,プライム（内国株式）,卸売業,3185,3185,3155,3170,15,0.475436,18800,OK
2025-11-17,8085,ナラサキ産業,スタンダード（内国株式）,卸売業,3625,3655,3610,3610,-45,-1.23119,1900,OK
2025-11-17,8086,ニプロ,プライム（内国株式）,精密機器,1482.5,1505,1471.5,1472,-8,-0.540541,556400,OK
2025-11-17,8088,岩谷産業,プライム（内国株式）,卸売業,1669,1686,1661.5,1686,23.5,1.413534,876200,OK
2025-11-17,8089,ナイス,スタンダード（内国株式）,卸売業,1837,1837,1801,1801,-10,-0.552181,5500,OK
2025-11-17,8091,ニチモウ,プライム（内国株式）,卸売業,2422,2422,2378,2383,-42,-1.731959,30900,OK
2025-11-17,8093,極東貿易,プライム（内国株式）,卸売業,1770,1786,1761,1786,24,1.362089,83200,OK
2025-11-17,8095,アステナホールディングス,プライム（内国株式）,卸売業,481,481,473,473,-7,-1.458333,315500,OK
2025-11-17,8097,三愛オブリ,プライム（内国株式）,卸売業,2049,2057,2038,2050,-2,-0.097466,47100,OK
2025-11-17,8098,稲畑産業,プライム（内国株式）,卸売業,3530,3565,3505,3525,-35,-0.983146,85400,OK
2025-11-17,8101,ＧＳＩクレオス,プライム（内国株式）,卸売業,2310,2310,2291,2309,0,0,31200,OK
2025-11-17,8103,明和産業,プライム（内国株式）,卸売業,800,805,798,805,6,0.750939,101400,OK
2025-11-17,8104,クワザワホールディングス,スタンダード（内国株式）,卸売業,578,578,570,570,-11,-1.893287,12600,OK
2025-11-17,8105,Ｂｉｔｃｏｉｎ　Ｊａｐａｎ,スタンダード（内国株式）,卸売業,524,533,524,524,-100,-16.025641,1139800,OK
2025-11-17,8107,キムラタン,スタンダード（内国株式）,繊維製品,34,34,32,33,-2,-5.714286,2153900,OK
2025-11-17,8111,ゴールドウイン,プライム（内国株式）,繊維製品,3057,3120,2976,2980.5,-174.5,-5.530903,1092700,OK
2025-11-17,8113,ユニ・チャーム,プライム（内国株式）,化学,944,944.8,913.6,914.5,-39.1,-4.100252,9952900,OK
2025-11-17,8115,ムーンバット,スタンダード（内国株式）,卸売業,1375,1411,1248,1250,-285,-18.566775,68300,OK
2025-11-17,8117,中央自動車工業,スタンダード（内国株式）,卸売業,1773,1773,1738,1751,-18,-1.017524,128600,OK
2025-11-17,8118,キング,スタンダード（内国株式）,繊維製品,887,887,882,882,-1,-0.11325,1700,OK
2025-11-17,8119,三栄コーポレーション,スタンダード（内国株式）,卸売業,799,800,793,793,-1,-0.125945,7600,OK
2025-11-17,8123,川辺,スタンダード（内国株式）,卸売業,1383,1383,1360,1374,1,0.072833,800,OK
2025-11-17,8125,ワキタ,プライム（内国株式）,卸売業,1825,1825,1810,1810,-19,-1.038819,63400,OK
2025-11-17,8127,ヤマトインターナショナル,スタンダード（内国株式）,繊維製品,595,603,595,600,-1,-0.166389,20400,OK
2025-11-17,8129,東邦ホールディングス,プライム（内国株式）,卸売業,4860,4862,4742,4817,27,0.563674,144000,OK
2025-11-17,8130,サンゲツ,プライム（内国株式）,卸売業,3060,3065,3035,3060,0,0,85500,OK
2025-11-17,8131,ミツウロコグループホールディングス,スタンダード（内国株式）,卸売業,2232,2243,2201,2201,-39,-1.741071,32400,OK
2025-11-17,8132,シナネンホールディングス,プライム（内国株式）,卸売業,6430,6620,6430,6610,80,1.225115,5000,OK
2025-11-17,8133,伊藤忠エネクス,プライム（内国株式）,卸売業,1850,1852,1829,1836,-12,-0.649351,54700,OK
2025-11-17,8135,ゼット,スタンダード（内国株式）,卸売業,462,462,451,451,-11,-2.380952,26000,OK
2025-11-17,8136,サンリオ,プライム（内国株式）,卸売業,5523,5580,5266,5459,-354,-6.089799,26408700,OK
2025-11-17,8137,サンワテクノス,プライム（内国株式）,卸売業,2802,2840,2799,2831,29,1.034975,27200,OK
2025-11-17,8138,三京化成,スタンダード（内国株式）,卸売業,4235,4265,4185,4265,0,0,600,OK
2025-11-17,8139,ナガホリ,スタンダード（内国株式）,卸売業,1721,1730,1721,1730,8,0.464576,10100,OK
2025-11-17,8141,新光商事,プライム（内国株式）,卸売業,1056,1067,1047,1062,6,0.568182,71500,OK
2025-11-17,8142,トーホー,プライム（内国株式）,卸売業,3375,3395,3340,3395,25,0.74184,15700,OK
2025-11-17,8143,ラピーヌ,スタンダード（内国株式）,繊維製品,251,261,245,247,-5,-1.984127,24000,OK
2025-11-17,8144,デンキョーグループホールディングス,スタンダード（内国株式）,卸売業,1234,1234,1232,1233,-3,-0.242718,5600,OK
2025-11-17,8147,トミタ,スタンダード（内国株式）,卸売業,1247,1257,1212,1253,34,2.789171,27700,OK
2025-11-17,8150,三信電気,プライム（内国株式）,卸売業,3040,3070,3005,3055,30,0.991736,40900,OK
2025-11-17,8151,東陽テクニカ,プライム（内国株式）,卸売業,1698,1701,1678,1683,-15,-0.883392,45700,OK
2025-11-17,8152,ソマール,スタンダード（内国株式）,卸売業,5400,5410,5320,5410,10,0.185185,2200,OK
2025-11-17,8153,モスフードサービス,プライム（内国株式）,卸売業,4030,4060,4020,4060,0,0,62000,OK
2025-11-17,8154,加賀電子,プライム（内国株式）,卸売業,3490,3495,3450,3480,-10,-0.286533,86400,OK
2025-11-17,8157,都築電気,プライム（内国株式）,情報･通信業,3230,3275,3185,3255,50,1.560062,27900,OK
2025-11-17,8158,ソーダニッカ,プライム（内国株式）,卸売業,1020,1022,1013,1015,-5,-0.490196,54000,OK
2025-11-17,8159,立花エレテック,プライム（内国株式）,卸売業,2865,2888,2816,2861,-11,-0.383008,19900,OK
2025-11-17,8160,木曽路,プライム（内国株式）,小売業,2440,2461,2431,2461,3,0.12205,50400,OK
2025-11-17,8163,ＳＲＳホールディングス,プライム（内国株式）,小売業,1193,1193,1180,1189,-4,-0.335289,58800,OK
2025-11-17,8165,千趣会,スタンダード（内国株式）,小売業,224,224,220,222,-2,-0.892857,141300,OK
2025-11-17,8166,タカキュー,スタンダード（内国株式）,小売業,91,92,91,92,1,1.098901,78300,OK
2025-11-17,8167,リテールパートナーズ,プライム（内国株式）,小売業,1328,1337,1317,1326,-2,-0.150602,67600,OK
2025-11-17,8173,上新電機,プライム（内国株式）,小売業,2587,2600,2562,2590,-1,-0.038595,59800,OK
2025-11-17,8174,日本瓦斯,プライム（内国株式）,小売業,3005,3039,2990,3025,20,0.665557,265000,OK
2025-11-17,8179,ロイヤルホールディングス,プライム（内国株式）,小売業,2656,2674,2619,2632,-48,-1.791045,390200,OK
2025-11-17,8181,東天紅,スタンダード（内国株式）,小売業,1133,1133,1125,1131,-3,-0.26455,2000,OK
2025-11-17,8185,チヨダ,プライム（内国株式）,小売業,994,995,981,985,-8,-0.805639,132500,OK
2025-11-17,8194,ライフコーポレーション,プライム（内国株式）,小売業,2499,2529,2470,2511,12,0.480192,115000,OK
2025-11-17,8198,マックスバリュ東海,スタンダード（内国株式）,小売業,3510,3520,3495,3515,25,0.716332,4400,OK
2025-11-17,8200,リンガーハット,プライム（内国株式）,小売業,2250,2261,2233,2259,1,0.044287,113400,OK
2025-11-17,8202,ラオックスホールディングス,スタンダード（内国株式）,小売業,160,163,155,156,-8,-4.878049,542500,OK
2025-11-17,8203,ＭｒＭａｘＨＤ,プライム（内国株式）,小売業,784,794,781,792,4,0.507614,52200,OK
2025-11-17,8207,テンアライド,スタンダード（内国株式）,小売業,278,278,277,277,-1,-0.359712,24400,OK
2025-11-17,8209,フレンドリー,スタンダード（内国株式）,小売業,301,302,301,302,0,0,1200,OK
2025-11-17,8214,ＡＯＫＩホールディングス,プライム（内国株式）,小売業,1642,1648,1627,1643,-4,-0.242866,117100,OK
2025-11-17,8217,オークワ,プライム（内国株式）,小売業,847,852,840,841,-6,-0.708383,44300,OK
2025-11-17,8218,コメリ,プライム（内国株式）,小売業,3240,3295,3235,3280,20,0.613497,58600,OK
2025-11-17,8219,青山商事,プライム（内国株式）,小売業,2350,2351,2315,2325,-37,-1.566469,368000,OK
2025-11-17,8225,タカチホ,スタンダード（内国株式）,卸売業,3800,3855,3555,3855,5,0.12987,2600,OK
2025-11-17,8226,理経,スタンダード（内国株式）,卸売業,465,478,463,470,3,0.642398,280500,OK
2025-11-17,8227,しまむら,プライム（内国株式）,小売業,10555,10640,10385,10640,-50,-0.467727,229100,OK
2025-11-17,8230,はせがわ,スタンダード（内国株式）,小売業,319,319,318,319,-1,-0.3125,3400,OK
2025-11-17,8233,高島屋,プライム（内国株式）,小売業,1632,1662,1611.5,1625,-107,-6.177829,4451500,OK
2025-11-17,8237,松屋,プライム（内国株式）,小売業,1836,1846,1684,1836,-40,-2.132196,806600,OK
2025-11-17,8242,エイチ・ツー・オー　リテイリング,プライム（内国株式）,小売業,2069,2083.5,1973,2015,-150.5,-6.949896,970200,OK
2025-11-17,8244,近鉄百貨店,スタンダード（内国株式）,小売業,1925,1925,1881,1898,-57,-2.915601,64000,OK
2025-11-17,8247,大和,スタンダード（内国株式）,小売業,384,385,380,383,3,0.789474,4400,OK
2025-11-17,8252,丸井グループ,プライム（内国株式）,小売業,3062,3080,3021,3074,4,0.130293,884500,OK
2025-11-17,8253,クレディセゾン,プライム（内国株式）,その他金融業,3669,3718,3562,3637,-304,-7.713778,1953400,OK
2025-11-17,8254,さいか屋,スタンダード（内国株式）,小売業,389,392,380,380,-9,-2.313625,26500,OK
2025-11-17,8255,アクシアル　リテイリング,プライム（内国株式）,小売業,1075,1085,1074,1078,-4,-0.369686,100200,OK
2025-11-17,8260,井筒屋,スタンダード（内国株式）,小売業,420,420,418,420,0,0,7900,OK
2025-11-17,8267,イオン,プライム（内国株式）,小売業,2500,2560,2462.5,2545.5,59.5,2.393403,11149300,OK
2025-11-17,8273,イズミ,プライム（内国株式）,小売業,2899,2915,2885,2898,-35,-1.193317,190700,OK
2025-11-17,8275,フォーバル,スタンダード（内国株式）,卸売業,1214,1216,1200,1206,-2,-0.165563,8400,OK
2025-11-17,8276,平和堂,プライム（内国株式）,小売業,2925,2961,2911,2958,-7,-0.236088,82900,OK
2025-11-17,8278,フジ,プライム（内国株式）,小売業,2008,2018,2003,2013,3,0.149254,84500,OK
2025-11-17,8281,ゼビオホールディングス,プライム（内国株式）,小売業,1061,1069,1029,1044,-28,-2.61194,233300,OK
2025-11-17,8282,ケーズホールディングス,プライム（内国株式）,小売業,1520,1543,1512.5,1536.5,-9,-0.582336,548700,OK
2025-11-17,8283,ＰＡＬＴＡＣ,プライム（内国株式）,卸売業,4525,4575,4525,4546,-5,-0.109866,77700,OK
2025-11-17,8285,三谷産業,スタンダード（内国株式）,卸売業,530,531,515,517,-11,-2.083333,51400,OK
2025-11-17,8289,Ｏｌｙｍｐｉｃグループ,スタンダード（内国株式）,小売業,398,399,394,399,3,0.757576,12900,OK
2025-11-17,8291,日産東京販売ホールディングス,スタンダード（内国株式）,小売業,494,494,487,490,-6,-1.209677,107900,OK
2025-11-17,8304,あおぞら銀行,プライム（内国株式）,銀行業,2425,2428,2371,2390.5,-50.5,-2.068824,1800200,OK
2025-11-17,8306,三菱ＵＦＪフィナンシャル・グループ,プライム（内国株式）,銀行業,2423.5,2453,2405.5,2426.5,-24.5,-0.999592,47421600,OK
2025-11-17,8308,りそなホールディングス,プライム（内国株式）,銀行業,1591,1602,1551,1566.5,-25,-1.570845,9198500,OK
2025-11-17,8309,三井住友トラストグループ,プライム（内国株式）,銀行業,4350,4380,4300,4350,-15,-0.343643,2273800,OK
2025-11-17,8316,三井住友フィナンシャルグループ,プライム（内国株式）,銀行業,4540,4586,4465,4528,198,4.572748,23620300,OK
2025-11-17,8331,千葉銀行,プライム（内国株式）,銀行業,1577,1592.5,1552.5,1569,8,0.512492,2674300,OK
2025-11-17,8334,群馬銀行,プライム（内国株式）,銀行業,1636,1654,1629,1654,18,1.100244,1324200,OK
2025-11-17,8336,武蔵野銀行,プライム（内国株式）,銀行業,4425,4465,4405,4410,0,0,64700,OK
2025-11-17,8337,千葉興業銀行,プライム（内国株式）,銀行業,1524,1535,1508,1514,-10,-0.656168,63700,OK
2025-11-17,8338,筑波銀行,プライム（内国株式）,銀行業,353,357,346,351,1,0.285714,1025500,OK
2025-11-17,8341,七十七銀行,プライム（内国株式）,銀行業,6885,6998,6803,6952,67,0.97313,303900,OK
2025-11-17,8343,秋田銀行,プライム（内国株式）,銀行業,3745,3760,3675,3700,-45,-1.201602,57700,OK
2025-11-17,8344,山形銀行,プライム（内国株式）,銀行業,1791,1791,1721,1724,-27,-1.541976,78500,OK
2025-11-17,8345,岩手銀行,プライム（内国株式）,銀行業,4730,4835,4600,4620,-130,-2.736842,133500,OK
2025-11-17,8346,東邦銀行,プライム（内国株式）,銀行業,478,482,470,476,1,0.210526,546600,OK
2025-11-17,8349,東北銀行,スタンダード（内国株式）,銀行業,1345,1345,1323,1329,-10,-0.746826,23100,OK
2025-11-17,8354,ふくおかフィナンシャルグループ,プライム（内国株式）,銀行業,4558,4591,4484,4537,-10,-0.219925,708300,OK
2025-11-17,8358,スルガ銀行,プライム（内国株式）,銀行業,1561,1573,1532,1540,-21,-1.345291,657000,OK
2025-11-17,8359,八十二銀行,プライム（内国株式）,銀行業,1570,1579.5,1553,1570,2.5,0.15949,790900,OK
2025-11-17,8360,山梨中央銀行,プライム（内国株式）,銀行業,3465,3485,3375,3400,-65,-1.875902,189000,OK
2025-11-17,8361,大垣共立銀行,プライム（内国株式）,銀行業,3750,3785,3725,3765,30,0.803213,161700,OK
2025-11-17,8362,福井銀行,プライム（内国株式）,銀行業,2205,2228,2186,2206,9,0.40965,58900,OK
2025-11-17,8364,清水銀行,プライム（内国株式）,銀行業,2036,2081,2028,2062,30,1.476378,44000,OK
2025-11-17,8365,富山銀行,スタンダード（内国株式）,銀行業,1792,1795,1710,1738,-53,-2.959241,26900,OK
2025-11-17,8366,滋賀銀行,プライム（内国株式）,銀行業,6100,6140,5980,6130,-70,-1.129032,223200,OK
2025-11-17,8367,南都銀行,プライム（内国株式）,銀行業,5310,5350,5250,5250,-40,-0.756144,70000,OK
2025-11-17,8368,百五銀行,プライム（内国株式）,銀行業,976,979,962,967,-2,-0.206398,628300,OK
2025-11-17,8370,紀陽銀行,プライム（内国株式）,銀行業,2975,3000,2945,2962,-17,-0.570661,143100,OK
2025-11-17,8377,ほくほくフィナンシャルグループ,プライム（内国株式）,銀行業,4181,4278,4164,4213,2,0.047495,311500,OK
2025-11-17,8381,山陰合同銀行,プライム（内国株式）,銀行業,1404,1414,1384,1396,-6,-0.42796,403600,OK
2025-11-17,8383,鳥取銀行,スタンダード（内国株式）,銀行業,1367,1369,1356,1357,-3,-0.220588,14500,OK
2025-11-17,8386,百十四銀行,プライム（内国株式）,銀行業,5900,5920,5810,5820,-50,-0.851789,54900,OK
2025-11-17,8387,四国銀行,プライム（内国株式）,銀行業,1527,1529,1500,1515,-1,-0.065963,109300,OK
2025-11-17,8388,阿波銀行,プライム（内国株式）,銀行業,3870,3915,3800,3880,55,1.437908,99200,OK
2025-11-17,8392,大分銀行,プライム（内国株式）,銀行業,5380,5410,5260,5260,-110,-2.048417,32200,OK
2025-11-17,8393,宮崎銀行,プライム（内国株式）,銀行業,5200,5260,5150,5180,-20,-0.384615,51900,OK
2025-11-17,8395,佐賀銀行,プライム（内国株式）,銀行業,3355,3390,3290,3290,-55,-1.644245,37700,OK
2025-11-17,8399,琉球銀行,プライム（内国株式）,銀行業,1590,1614,1582,1583,3,0.189873,111500,OK
2025-11-17,8410,セブン銀行,プライム（内国株式）,銀行業,290.2,291.8,286.7,288.8,-0.8,-0.276243,4281300,OK
2025-11-17,8411,みずほフィナンシャルグループ,プライム（内国株式）,銀行業,5400,5484,5270,5286,-14,-0.264151,13002400,OK
2025-11-17,8416,高知銀行,スタンダード（内国株式）,銀行業,856,856,846,846,-10,-1.168224,11100,OK
2025-11-17,8418,山口フィナンシャルグループ,プライム（内国株式）,銀行業,1777,1803,1769.5,1775,-29,-1.607539,893900,OK
2025-11-17,8424,芙蓉総合リース,プライム（内国株式）,その他金融業,4036,4052,4003,4010,-31,-0.767137,122000,OK
2025-11-17,8425,みずほリース,プライム（内国株式）,その他金融業,1274,1278,1258,1270,-5,-0.392157,359100,OK
2025-11-17,8439,東京センチュリー,プライム（内国株式）,その他金融業,1919.5,1932.5,1899.5,1916,-6.5,-0.338101,479100,OK
2025-11-17,8473,ＳＢＩホールディングス,プライム（内国株式）,証券･商品先物取引業,7025,7055,6674,6715,-437,-6.110179,4607100,OK
2025-11-17,8508,Ｊトラスト,スタンダード（内国株式）,その他金融業,430,439,425,432,2,0.465116,444400,OK
2025-11-17,8511,日本証券金融,プライム（内国株式）,その他金融業,1811,1843,1798,1832,31,1.721266,314600,OK
2025-11-17,8515,アイフル,プライム（内国株式）,その他金融業,492,494,479,485,-5,-1.020408,1897700,OK
2025-11-17,8518,日本アジア投資,スタンダード（内国株式）,証券･商品先物取引業,231,240,230,233,2,0.865801,195500,OK
2025-11-17,8522,名古屋銀行,プライム（内国株式）,銀行業,3880,4005,3850,3985,-30,-0.747198,192500,OK
2025-11-17,8524,北洋銀行,プライム（内国株式）,銀行業,744,753,742,752,11,1.48448,1567100,OK
2025-11-17,8537,大光銀行,スタンダード（内国株式）,銀行業,1736,1739,1707,1719,-4,-0.232153,24600,OK
2025-11-17,8541,愛媛銀行,プライム（内国株式）,銀行業,1260,1272,1243,1247,-10,-0.795545,69600,OK
2025-11-17,8542,トマト銀行,スタンダード（内国株式）,銀行業,1420,1420,1391,1398,-11,-0.780696,8200,OK
2025-11-17,8544,京葉銀行,プライム（内国株式）,銀行業,1422,1438,1401,1403,-27,-1.888112,344400,OK
2025-11-17,8550,栃木銀行,プライム（内国株式）,銀行業,621,628,606,614,-5,-0.807754,1309900,OK
2025-11-17,8551,北日本銀行,プライム（内国株式）,銀行業,4155,4205,4110,4140,30,0.729927,15600,OK
2025-11-17,8558,東和銀行,プライム（内国株式）,銀行業,936,942,912,923,-8,-0.859291,129300,OK
2025-11-17,8562,福島銀行,スタンダード（内国株式）,銀行業,238,238,232,233,-4,-1.687764,163400,OK
2025-11-17,8563,大東銀行,スタンダード（内国株式）,銀行業,783,786,776,781,-2,-0.255428,49100,OK
2025-11-17,8566,リコーリース,プライム（内国株式）,その他金融業,5680,5680,5620,5660,0,0,27200,OK
2025-11-17,8570,イオンフィナンシャルサービス,プライム（内国株式）,その他金融業,1529,1534,1502.5,1502.5,-27.5,-1.797386,524100,OK
2025-11-17,8572,アコム,スタンダード（内国株式）,その他金融業,458,461.8,450,456.7,-6.1,-1.318064,1772700,OK
2025-11-17,8584,ジャックス,プライム（内国株式）,その他金融業,4085,4085,4000,4005,-85,-2.07824,111500,OK
2025-11-17,8585,オリエントコーポレーション,プライム（内国株式）,その他金融業,1010,1013,997,1003,-14,-1.376598,344200,OK
2025-11-17,8591,オリックス,プライム（内国株式）,その他金融業,3994,4016,3950,3995,-44,-1.089379,3227100,OK
2025-11-17,8593,三菱ＨＣキャピタル,プライム（内国株式）,その他金融業,1223,1232.5,1208,1208,-57,-4.505929,6204100,OK
2025-11-17,8595,ジャフコ　グループ,プライム（内国株式）,証券･商品先物取引業,2435,2444.5,2401.5,2420,-35.5,-1.445734,334700,OK
2025-11-17,8596,九州リースサービス,スタンダード（内国株式）,その他金融業,1304,1309,1291,1294,-12,-0.918836,32800,OK
2025-11-17,8600,トモニホールディングス,プライム（内国株式）,銀行業,702,706,691,694,-2,-0.287356,492300,OK
2025-11-17,8601,大和証券グループ本社,プライム（内国株式）,証券･商品先物取引業,1295,1303,1281,1284,-19,-1.458173,3587300,OK
2025-11-17,8604,野村ホールディングス,プライム（内国株式）,証券･商品先物取引業,1138,1139,1090,1096.5,-51.5,-4.486063,12501200,OK
2025-11-17,8609,岡三証券グループ,プライム（内国株式）,証券･商品先物取引業,714,718,708,711,-3,-0.420168,192100,OK
2025-11-17,8613,丸三証券,プライム（内国株式）,証券･商品先物取引業,950,953,947,950,0,0,136400,OK
2025-11-17,8614,東洋証券,プライム（内国株式）,証券･商品先物取引業,581,582,572,576,0,0,296400,OK
2025-11-17,8616,東海東京フィナンシャル・ホールディングス,プライム（内国株式）,証券･商品先物取引業,613,614,607,611,-1,-0.163399,829900,OK
2025-11-17,8617,光世証券,スタンダード（内国株式）,証券･商品先物取引業,462,463,458,458,-3,-0.650759,3300,OK
2025-11-17,8622,水戸証券,プライム（内国株式）,証券･商品先物取引業,532,532,526,526,-3,-0.567108,64300,OK
2025-11-17,8624,いちよし証券,プライム（内国株式）,証券･商品先物取引業,913,917,904,904,-10,-1.094092,40300,OK
2025-11-17,8628,松井証券,プライム（内国株式）,証券･商品先物取引業,804,805,800,805,1,0.124378,733900,OK
2025-11-17,8630,ＳＯＭＰＯホールディングス,プライム（内国株式）,保険業,4697,4709,4627,4646,-39,-0.832444,2479300,OK
2025-11-17,8697,日本取引所グループ,プライム（内国株式）,その他金融業,1785,1811.5,1756,1763.5,-25.5,-1.425377,3605100,OK
2025-11-17,8698,マネックスグループ,プライム（内国株式）,証券･商品先物取引業,750,755,724,733,-23,-3.042328,1938700,OK
2025-11-17,8699,ＨＳホールディングス,スタンダード（内国株式）,証券･商品先物取引業,1076,1078,1056,1061,-14,-1.302326,28200,OK
2025-11-17,8700,丸八証券,スタンダード（内国株式）,証券･商品先物取引業,1615,1615,1601,1610,12,0.750939,4500,OK
2025-11-17,8704,トレイダーズホールディングス,スタンダード（内国株式）,証券･商品先物取引業,945,945,927,934,-12,-1.268499,124500,OK
2025-11-17,8705,日産証券グループ,スタンダード（内国株式）,証券･商品先物取引業,177,178,175,177,-3,-1.666667,184900,OK
2025-11-17,8706,極東証券,プライム（内国株式）,証券･商品先物取引業,1590,1591,1578,1590,0,0,118300,OK
2025-11-17,8707,岩井コスモホールディングス,プライム（内国株式）,証券･商品先物取引業,2950,2994,2930,2971,33,1.123213,99500,OK
2025-11-17,8708,アイザワ証券グループ,プライム（内国株式）,証券･商品先物取引業,1342,1350,1310,1319,-20,-1.493652,175200,OK
2025-11-17,8713,フィデアホールディングス,プライム（内国株式）,銀行業,1675,1702,1674,1676,8,0.479616,85200,OK
2025-11-17,8714,池田泉州ホールディングス,プライム（内国株式）,銀行業,702,711,686,711,10,1.426534,1685300,OK
2025-11-17,8715,アニコム　ホールディングス,プライム（内国株式）,保険業,844,859,841,854,7,0.826446,444800,OK
2025-11-17,8725,ＭＳ＆ＡＤインシュアランスグループホールディングス,プライム（内国株式）,保険業,3358,3398,3345,3398,52,1.554094,5566000,OK
2025-11-17,8729,ソニーフィナンシャルグループ,プライム（内国株式）,保険業,154.8,154.9,151.4,151.4,-3,-1.943005,95136400,OK
2025-11-17,8737,あかつき本社,スタンダード（内国株式）,証券･商品先物取引業,552,555,543,547,10,1.862197,166800,OK
2025-11-17,8739,スパークス・グループ,プライム（内国株式）,証券･商品先物取引業,1498,1498,1468,1476,-22,-1.468625,34200,OK
2025-11-17,8742,小林洋行,スタンダード（内国株式）,証券･商品先物取引業,346,351,342,351,5,1.445087,22900,OK
2025-11-17,8746,ｕｎｂａｎｋｅｄ,スタンダード（内国株式）,証券･商品先物取引業,462,462,401,437,-39,-8.193277,665000,OK
2025-11-17,8747,豊トラスティ証券,スタンダード（内国株式）,証券･商品先物取引業,1785,1823,1764,1820,7,0.3861,6600,OK
2025-11-17,8750,第一生命ホールディングス,プライム（内国株式）,保険業,1235,1258.5,1221.5,1242,23,1.886792,19751300,OK
2025-11-17,8766,東京海上ホールディングス,プライム（内国株式）,保険業,5929,6027,5924,6000,78,1.317123,4514100,OK
2025-11-17,8769,アドバンテッジリスクマネジメント,スタンダード（内国株式）,サービス業,655,666,637,647,-14,-2.118003,72800,OK
2025-11-17,8771,イー・ギャランティ,プライム（内国株式）,その他金融業,1714,1743,1712,1742,31,1.811806,257400,OK
2025-11-17,8772,アサックス,スタンダード（内国株式）,その他金融業,863,863,843,850,-12,-1.392111,5900,OK
2025-11-17,8783,ａｂｃ,スタンダード（内国株式）,その他金融業,295,296,277,277,-22,-7.35786,685500,OK
2025-11-17,8789,フィンテック　グローバル,スタンダード（内国株式）,その他金融業,128,129,124,127,-1,-0.78125,2214300,OK
2025-11-17,8793,ＮＥＣキャピタルソリューション,プライム（内国株式）,その他金融業,3895,3895,3845,3845,-25,-0.645995,13500,OK
2025-11-17,8795,Ｔ＆Ｄホールディングス,プライム（内国株式）,保険業,3242,3281,3187,3264,-66,-1.981982,3442200,OK
2025-11-17,8798,アドバンスクリエイト,プライム（内国株式）,保険業,280,280,223,232,-46,-16.546763,265800,OK
2025-11-17,8801,三井不動産,プライム（内国株式）,不動産業,1731,1750.5,1729,1739,-20.5,-1.165104,7127200,OK
2025-11-17,8802,三菱地所,プライム（内国株式）,不動産業,3310,3340,3242,3287,-54,-1.616283,3219500,OK
2025-11-17,8803,平和不動産,プライム（内国株式）,不動産業,2248,2268,2203,2212,-86,-3.742385,639600,OK
2025-11-17,8804,東京建物,プライム（内国株式）,不動産業,3330,3346,3292,3330,25,0.75643,1346700,OK
2025-11-17,8818,京阪神ビルディング,プライム（内国株式）,不動産業,1800,1809,1781,1792,-8,-0.444444,90000,OK
2025-11-17,8830,住友不動産,プライム（内国株式）,不動産業,7207,7222,7068,7165,-120,-1.64722,982100,OK
2025-11-17,8835,太平洋興発,スタンダード（内国株式）,卸売業,802,809,796,800,-1,-0.124844,29900,OK
2025-11-17,8836,ＲＩＳＥ,スタンダード（内国株式）,不動産業,34,34,32,32,-1,-3.030303,406400,OK
2025-11-17,8841,テーオーシー,スタンダード（内国株式）,不動産業,831,853,826,849,15,1.798561,134800,OK
2025-11-17,8844,コスモスイニシア,スタンダード（内国株式）,不動産業,1215,1215,1176,1182,-36,-2.955665,102700,OK
2025-11-17,8848,レオパレス２１,プライム（内国株式）,不動産業,658,665,632,643,-21,-3.162651,2752500,OK
2025-11-17,8850,スターツコーポレーション,プライム（内国株式）,不動産業,4820,4820,4675,4690,-100,-2.087683,81200,OK
2025-11-17,8860,フジ住宅,プライム（内国株式）,不動産業,796,796,784,784,-13,-1.631117,32000,OK
2025-11-17,8864,空港施設,プライム（内国株式）,不動産業,1045,1045,1023,1037,-8,-0.76555,83300,OK
2025-11-17,8869,明和地所,スタンダード（内国株式）,不動産業,1118,1137,1114,1132,-10,-0.875657,120300,OK
2025-11-17,8871,ゴールドクレスト,スタンダード（内国株式）,不動産業,3315,3350,3310,3325,10,0.301659,38800,OK
2025-11-17,8876,リログループ,プライム（内国株式）,サービス業,1757,1769.5,1718,1754,-23.5,-1.322082,925400,OK
2025-11-17,8877,エスリード,プライム（内国株式）,不動産業,6280,6280,6170,6200,-40,-0.641026,17200,OK
2025-11-17,8881,日神グループホールディングス,プライム（内国株式）,不動産業,712,717,707,707,-5,-0.702247,97700,OK
2025-11-17,8887,シーラホールディングス,スタンダード（内国株式）,不動産業,411,411,397,400,-9,-2.200489,359100,OK
2025-11-17,8891,ＡＭＧホールディングス,スタンダード（内国株式）,不動産業,2185,2217,2185,2205,6,0.272851,4200,OK
2025-11-17,8892,エスコン,プライム（内国株式）,不動産業,1028,1032,1018,1021,-6,-0.584226,98400,OK
2025-11-17,8894,ＲＥＶＯＬＵＴＩＯＮ,スタンダード（内国株式）,不動産業,57,57,51,52,-5,-8.77193,2378400,OK
2025-11-17,8897,ＭＩＲＡＲＴＨホールディングス,プライム（内国株式）,不動産業,383,386,380,381,-5,-1.295337,747900,OK
2025-11-17,8898,センチュリー２１・ジャパン,スタンダード（内国株式）,不動産業,1102,1105,1101,1105,1,0.09058,2000,OK
2025-11-17,8904,ＡＶＡＮＴＩＡ,スタンダード（内国株式）,不動産業,828,828,820,821,-1,-0.121655,13500,OK
2025-11-17,8908,毎日コムネット,スタンダード（内国株式）,不動産業,830,830,821,825,-2,-0.241838,5000,OK
2025-11-17,8912,エリアクエスト,スタンダード（内国株式）,不動産業,160,162,159,160,0,0,70400,OK
2025-11-17,8914,エリアリンク,スタンダード（内国株式）,不動産業,1076,1079,1039,1048,-29,-2.692665,146400,OK
2025-11-17,8917,ファースト住建,スタンダード（内国株式）,不動産業,1164,1172,1162,1162,-4,-0.343053,49300,OK
2025-11-17,8918,ランド,スタンダード（内国株式）,不動産業,9,10,9,9,-1,-10,191963000,OK
2025-11-17,8919,カチタス,プライム（内国株式）,不動産業,2954,2954,2880,2938,12,0.410116,309600,OK
2025-11-17,8920,東祥,スタンダード（内国株式）,サービス業,800,803,778,792,-7,-0.876095,80000,OK
2025-11-17,8921,シーズクリエイト,TOKYO PRO MARKET（内国株式）,不動産業,,,,,,,,NO_QUOTE
2025-11-17,8923,トーセイ,プライム（内国株式）,不動産業,3320,3345,3295,3315,5,0.151057,173400,OK
2025-11-17,8927,明豊エンタープライズ,スタンダード（内国株式）,不動産業,482,483,469,476,-10,-2.057613,209400,OK
2025-11-17,8928,穴吹興産,スタンダード（内国株式）,不動産業,2187,2195,2186,2193,-12,-0.544218,4100,OK
2025-11-17,8929,青山財産ネットワークス,スタンダード（内国株式）,不動産業,2035,2068,2019,2034,1,0.049188,81100,OK
2025-11-17,8931,和田興産,スタンダード（内国株式）,不動産業,1625,1625,1615,1618,-2,-0.123457,6800,OK
2025-11-17,8934,サンフロンティア不動産,プライム（内国株式）,不動産業,2367,2375,2338,2341,-24,-1.014799,94000,OK
2025-11-17,8935,ＦＪネクストホールディングス,プライム（内国株式）,不動産業,1465,1474,1445,1456,4,0.275482,48100,OK
2025-11-17,8938,グローム・ホールディングス,グロース（内国株式）,不動産業,571,579,545,578,-3,-0.516351,11800,OK
2025-11-17,8940,インテリックス,スタンダード（内国株式）,不動産業,999,999,988,988,-7,-0.703518,15200,OK
2025-11-17,8944,ランドビジネス,スタンダード（内国株式）,不動産業,249,249,240,240,-3,-1.234568,36500,OK
2025-11-17,8945,サンネクスタグループ,スタンダード（内国株式）,不動産業,1086,1086,1085,1086,1,0.092166,3700,OK
2025-11-17,8946,ＡＳＩＡＮ　ＳＴＡＲ,スタンダード（内国株式）,不動産業,100,100,93,96,-5,-4.950495,385700,OK
2025-11-17,8995,誠建設工業,スタンダード（内国株式）,不動産業,898,909,864,875,-23,-2.561247,13600,OK
2025-11-17,8996,ハウスフリーダム,スタンダード（内国株式）,不動産業,957,965,957,961,4,0.417973,3300,OK
2025-11-17,8999,グランディハウス,プライム（内国株式）,不動産業,592,594,586,588,-4,-0.675676,57200,OK
2025-11-17,9001,東武鉄道,プライム（内国株式）,陸運業,2532,2540,2502.5,2512.5,-34.5,-1.354535,520300,OK
2025-11-17,9003,相鉄ホールディングス,プライム（内国株式）,陸運業,2615,2628,2596.5,2610.5,-17.5,-0.665906,143700,OK
2025-11-17,9005,東急,プライム（内国株式）,陸運業,1743.5,1748,1724.5,1731,-25.5,-1.451751,1820000,OK
2025-11-17,9006,京浜急行電鉄,プライム（内国株式）,陸運業,1507,1516,1501.5,1508,-11,-0.724161,410000,OK
2025-11-17,9007,小田急電鉄,プライム（内国株式）,陸運業,1635,1654.5,1630.5,1642,-9,-0.545124,1026400,OK
2025-11-17,9008,京王電鉄,プライム（内国株式）,陸運業,3834,3843,3782,3803,-41,-1.066597,430000,OK
2025-11-17,9009,京成電鉄,プライム（内国株式）,陸運業,1233,1242,1223,1237.5,2.5,0.202429,2203100,OK
2025-11-17,9010,富士急行,プライム（内国株式）,陸運業,2168,2180,2121,2136,-59,-2.687927,142200,OK
2025-11-17,9012,秩父鉄道,スタンダード（内国株式）,陸運業,2070,2070,2067,2067,-3,-0.144928,800,OK
2025-11-17,9017,新潟交通,スタンダード（内国株式）,陸運業,2093,2093,2091,2091,-2,-0.095557,600,OK
2025-11-17,9020,東日本旅客鉄道,プライム（内国株式）,陸運業,3783,3795,3745,3768,-36,-0.946372,1762800,OK
2025-11-17,9021,西日本旅客鉄道,プライム（内国株式）,陸運業,3062,3070,3013,3040,-37,-1.20247,1720100,OK
2025-11-17,9022,東海旅客鉄道,プライム（内国株式）,陸運業,4066,4087,3998,4012,-124,-2.998066,3058800,OK
2025-11-17,9023,東京地下鉄,プライム（内国株式）,陸運業,1602.5,1605,1577,1580,-25,-1.557632,5376900,OK
2025-11-17,9024,西武ホールディングス,プライム（内国株式）,陸運業,4938,4945,4740,4815,-251,-4.954599,2193700,OK
2025-11-17,9025,鴻池運輸,プライム（内国株式）,陸運業,3055,3060,2952,2973,-302,-9.221374,324900,OK
2025-11-17,9028,ゼロ,スタンダード（内国株式）,陸運業,2994,3045,2970,3030,30,1,21100,OK
2025-11-17,9029,ヒガシホールディングス,スタンダード（内国株式）,陸運業,1862,1908,1840,1897,36,1.934444,38000,OK
2025-11-17,9031,西日本鉄道,プライム（内国株式）,陸運業,2481.5,2513.5,2431.5,2502,-7.5,-0.298864,422300,OK
2025-11-17,9033,広島電鉄,スタンダード（内国株式）,陸運業,606,606,600,602,-3,-0.495868,68500,OK
2025-11-17,9034,南総通運,スタンダード（内国株式）,陸運業,1526,1527,1516,1520,14,0.929615,4300,OK
2025-11-17,9036,東部ネットワーク,スタンダード（内国株式）,陸運業,1057,1112,1057,1112,69,6.615532,53400,OK
2025-11-17,9037,ハマキョウレックス,プライム（内国株式）,陸運業,1622,1632,1613,1622,1,0.06169,81300,OK
2025-11-17,9039,サカイ引越センター,プライム（内国株式）,陸運業,2774,2785,2763,2778,4,0.144196,40300,OK
2025-11-17,9041,近鉄グループホールディングス,プライム（内国株式）,陸運業,2867.5,2888,2844,2844,-61.5,-2.116675,1011300,OK
2025-11-17,9042,阪急阪神ホールディングス,プライム（内国株式）,陸運業,3930,3944,3861,3894,-79,-1.988422,1050200,OK
2025-11-17,9044,南海電気鉄道,プライム（内国株式）,陸運業,2807,2826,2787.5,2802.5,-19,-0.673401,270000,OK
2025-11-17,9045,京阪ホールディングス,プライム（内国株式）,陸運業,3247,3268,3213,3256,-12,-0.367197,170400,OK
2025-11-17,9046,神戸電鉄,プライム（内国株式）,陸運業,2374,2389,2360,2380,-1,-0.041999,14600,OK
2025-11-17,9048,名古屋鉄道,プライム（内国株式）,陸運業,1595,1600.5,1580,1588.5,-7,-0.438734,1102400,OK
2025-11-17,9049,京福電気鉄道,スタンダード（内国株式）,陸運業,7790,7790,7790,7790,540,7.448276,200,OK
2025-11-17,9051,センコン物流,スタンダード（内国株式）,陸運業,1365,1400,1365,1400,34,2.489019,1400,OK
2025-11-17,9052,山陽電気鉄道,プライム（内国株式）,陸運業,2029,2029,2010,2019,0,0,21900,OK
2025-11-17,9057,遠州トラック,スタンダード（内国株式）,陸運業,3185,3200,3160,3160,5,0.158479,10600,OK
2025-11-17,9059,カンダホールディングス,スタンダード（内国株式）,陸運業,852,856,852,854,-6,-0.697674,4300,OK
2025-11-17,9060,日本ロジテム,スタンダード（内国株式）,陸運業,4620,4700,4620,4680,60,1.298701,1700,OK
2025-11-17,9063,岡山県貨物運送,スタンダード（内国株式）,陸運業,4020,4020,4020,4020,-10,-0.248139,100,OK
2025-11-17,9064,ヤマトホールディングス,プライム（内国株式）,陸運業,2237,2240,2206.5,2234,-3,-0.134108,639100,OK
2025-11-17,9065,山九,プライム（内国株式）,陸運業,8538,8541,8420,8502,26,0.306748,98300,OK
2025-11-17,9067,丸運,スタンダード（内国株式）,陸運業,958,967,950,962,107,12.51462,934400,OK
2025-11-17,9068,丸全昭和運輸,プライム（内国株式）,陸運業,6780,6840,6770,6820,0,0,9100,OK
2025-11-17,9069,センコーグループホールディングス,プライム（内国株式）,陸運業,1780,1843.5,1780,1822.5,62,3.521727,1053600,OK
2025-11-17,9072,ニッコンホールディングス,プライム（内国株式）,陸運業,3496,3533,3486,3517,16,0.457012,212800,OK
2025-11-17,9073,京極運輸商事,スタンダード（内国株式）,陸運業,1285,1293,1285,1285,-9,-0.695518,700,OK
2025-11-17,9074,日本石油輸送,スタンダード（内国株式）,陸運業,4005,4050,3960,4020,40,1.005025,6200,OK
2025-11-17,9075,福山通運,プライム（内国株式）,陸運業,3795,3995,3795,3950,165,4.359313,234900,OK
2025-11-17,9076,セイノーホールディングス,プライム（内国株式）,陸運業,2225,2244.5,2204,2241.5,24,1.0823,709000,OK
2025-11-17,9081,神奈川中央交通,プライム（内国株式）,陸運業,3560,3560,3505,3515,-15,-0.424929,4800,OK
2025-11-17,9082,大和自動車交通,スタンダード（内国株式）,陸運業,1258,1262,1201,1204,-54,-4.292528,6900,OK
2025-11-17,9083,神姫バス,スタンダード（内国株式）,陸運業,1900,1900,1872,1892,-8,-0.421053,2200,OK
2025-11-17,9087,タカセ,スタンダード（内国株式）,陸運業,1270,1285,1270,1285,15,1.181102,500,OK
2025-11-17,9090,ＡＺ−ＣＯＭ丸和ホールディングス,プライム（内国株式）,陸運業,1032,1034,1020,1027,-11,-1.05973,190100,OK
2025-11-17,9101,日本郵船,プライム（内国株式）,海運業,4915,4962,4893,4945,-29,-0.583032,2276300,OK
2025-11-17,9104,商船三井,プライム（内国株式）,海運業,4477,4477,4410,4410,-80,-1.781737,2120200,OK
2025-11-17,9107,川崎汽船,プライム（内国株式）,海運業,2109,2114,2090,2090,-19,-0.900901,3082700,OK
2025-11-17,9110,ＮＳユナイテッド海運,プライム（内国株式）,海運業,5530,5720,5530,5720,180,3.249097,65400,OK
2025-11-17,9115,明海グループ,スタンダード（内国株式）,海運業,696,697,682,693,-6,-0.858369,37400,OK
2025-11-17,9119,飯野海運,プライム（内国株式）,海運業,1320,1337,1319,1336,16,1.212121,181100,OK
2025-11-17,9127,玉井商船,スタンダード（内国株式）,海運業,2940,3010,2893,2999,59,2.006803,28500,OK
2025-11-17,9130,共栄タンカー,スタンダード（内国株式）,海運業,1044,1046,1040,1041,-3,-0.287356,8400,OK
2025-11-17,9142,九州旅客鉄道,プライム（内国株式）,陸運業,3935,3942,3886,3901,-68,-1.713278,534800,OK
2025-11-17,9143,ＳＧホールディングス,プライム（内国株式）,陸運業,1525,1543,1520.5,1542,10,0.652742,1864500,OK
2025-11-17,9145,ビーイングホールディングス,スタンダード（内国株式）,陸運業,847,847,798,807,-41,-4.834906,63200,OK
2025-11-17,9146,五健堂ホールディングス,TOKYO PRO MARKET（内国株式）,陸運業,,,,,,,,NO_QUOTE
2025-11-17,9147,ＮＩＰＰＯＮ　ＥＸＰＲＥＳＳホールディングス,プライム（内国株式）,陸運業,3298,3317,3252,3291,-45,-1.348921,750900,OK
2025-11-17,9149,大友ロジスティクスサービス,TOKYO PRO MARKET（内国株式）,陸運業,,,,,,,,NO_QUOTE
2025-11-17,9156,はなホールディングス,TOKYO PRO MARKET（内国株式）,サービス業,,,,,,,,NO_QUOTE
2025-11-17,9158,シーユーシー,グロース（内国株式）,サービス業,995,1010,954,959,-45,-4.482072,197800,OK
2025-11-17,9159,Ｗ　ＴＯＫＹＯ,グロース（内国株式）,サービス業,1862,1870,1713,1760,-272,-13.385827,31900,OK
2025-11-17,9160,ノバレーゼ,スタンダード（内国株式）,サービス業,351,351,331,331,-33,-9.065934,133500,OK
2025-11-17,9162,ブリーチ,グロース（内国株式）,サービス業,346,346,308,312,-33,-9.565217,256100,OK
2025-11-17,9163,ナレルグループ,グロース（内国株式）,サービス業,2267,2271,2229,2245,-22,-0.970446,69200,OK
2025-11-17,9165,クオルテック,グロース（内国株式）,サービス業,1459,1505,1459,1504,59,4.083045,8100,OK
2025-11-17,9166,ＧＥＮＤＡ,グロース（内国株式）,サービス業,636,637,604,608,-35,-5.443235,2125500,OK
2025-11-17,9167,フトン巻きのジロー,TOKYO PRO MARKET（内国株式）,サービス業,,,,,,,,NO_QUOTE
2025-11-17,9168,ライズ・コンサルティング・グループ,グロース（内国株式）,サービス業,858,858,835,849,-4,-0.468933,104900,OK
2025-11-17,9169,大伸社,TOKYO PRO MARKET（内国株式）,サービス業,,,,,,,,NO_QUOTE
2025-11-17,9171,栗林商船,スタンダード（内国株式）,海運業,1936,1936,1858,1862,-57,-2.970297,5000,OK
2025-11-17,9173,東海汽船,スタンダード（内国株式）,海運業,3280,3280,3270,3275,0,0,600,OK
2025-11-17,9193,東京汽船,スタンダード（内国株式）,倉庫･運輸関連業,963,966,955,963,4,0.417101,9600,OK
2025-11-17,9201,日本航空,プライム（内国株式）,空運業,2896,2907,2841.5,2904,-113,-3.745442,4484600,OK
2025-11-17,9202,ＡＮＡホールディングス,プライム（内国株式）,空運業,2985,2998,2927,2942,-102,-3.350854,2300500,OK
2025-11-17,9204,スカイマーク,グロース（内国株式）,空運業,396,401,381,383,-14,-3.526448,895200,OK
2025-11-17,9206,スターフライヤー,スタンダード（内国株式）,空運業,2110,2114,2059,2060,-48,-2.27704,7000,OK
2025-11-17,9211,エフ・コード,グロース（内国株式）,サービス業,1783,1783,1632,1649,-332,-16.759213,829800,OK
2025-11-17,9212,Ｇｒｅｅｎ　Ｅａｒｔｈ　Ｉｎｓｔｉｔｕｔｅ,グロース（内国株式）,サービス業,455,472,437,439,-53,-10.772358,64300,OK
2025-11-17,9213,セイファート,スタンダード（内国株式）,サービス業,878,900,854,854,-38,-4.26009,3100,OK
2025-11-17,9214,Ｒｅｃｏｖｅｒｙ　Ｉｎｔｅｒｎａｔｉｏｎａｌ,グロース（内国株式）,サービス業,1391,1474,1391,1438,39,2.787706,8600,OK
2025-11-17,9215,ＣａＳｙ,グロース（内国株式）,サービス業,1114,1115,1109,1112,1,0.090009,3100,OK
2025-11-17,9216,ビーウィズ,プライム（内国株式）,サービス業,1518,1529,1516,1524,0,0,15800,OK
2025-11-17,9218,メンタルヘルステクノロジーズ,グロース（内国株式）,サービス業,821,833,813,828,3,0.363636,132100,OK
2025-11-17,9219,ギックス,グロース（内国株式）,サービス業,1001,1012,995,995,-7,-0.698603,3800,OK
2025-11-17,9220,エフビー介護サービス,スタンダード（内国株式）,サービス業,1258,1275,1238,1238,-20,-1.589825,6000,OK
2025-11-17,9221,フルハシＥＰＯ,スタンダード（内国株式）,サービス業,1296,1302,1260,1281,0,0,52500,OK
2025-11-17,9222,ｍａｎａｂｙ,TOKYO PRO MARKET（内国株式）,サービス業,,,,,,,,NO_QUOTE
2025-11-17,9223,ＡＳＮＯＶＡ,グロース（内国株式）,サービス業,596,602,595,597,-5,-0.830565,7100,OK
2025-11-17,9225,ブリッジコンサルティンググループ,グロース（内国株式）,サービス業,1200,1200,1199,1199,-61,-4.84127,2100,OK
2025-11-17,9226,アイガー,TOKYO PRO MARKET（内国株式）,サービス業,,,,,,,,NO_QUOTE
2025-11-17,9227,マイクロ波化学,グロース（内国株式）,サービス業,743,812,743,770,41,5.624143,706700,OK
2025-11-17,9229,サンウェルズ,プライム（内国株式）,サービス業,502,502,443,450,-62,-12.109375,369700,OK
2025-11-17,9233,アジア航測,スタンダード（内国株式）,空運業,1143,1152,1137,1151,-2,-0.173461,42000,OK
2025-11-17,9235,売れるネット広告社グループ,グロース（内国株式）,サービス業,975,986,950,967,-20,-2.026342,55300,OK
2025-11-17,9236,ジャパンＭ＆Ａソリューション,グロース（内国株式）,サービス業,1027,1027,1026,1026,-1,-0.097371,700,OK
2025-11-17,9237,笑美面,グロース（内国株式）,サービス業,1005,1057,1000,1054,-41,-3.744292,72900,OK
2025-11-17,9238,バリュークリエーション,グロース（内国株式）,サービス業,1343,1343,1252,1252,-121,-8.812819,57200,OK
2025-11-17,9239,ケーイーティ,TOKYO PRO MARKET（内国株式）,サービス業,,,,,,,,NO_QUOTE
2025-11-17,9240,デリバリーコンサルティング,グロース（内国株式）,サービス業,608,608,585,587,-21,-3.453947,38400,OK
2025-11-17,9241,フューチャーリンクネットワーク,グロース（内国株式）,サービス業,2242,2380,2171,2171,-86,-3.810368,8000,OK
2025-11-17,9242,メディア総研,グロース（内国株式）,サービス業,1777,1791,1750,1791,-21,-1.15894,6500,OK
2025-11-17,9243,富士テクノホールディングス,TOKYO PRO MARKET（内国株式）,サービス業,330,330,330,330,-170,-34,100,OK
2025-11-17,9244,デジタリフト,グロース（内国株式）,サービス業,975,975,911,919,-55,-5.646817,13100,OK
2025-11-17,9245,リベロ,グロース（内国株式）,サービス業,2758,2899,2756,2774,44,1.611722,18600,OK
2025-11-17,9246,プロジェクトホールディングス,グロース（内国株式）,サービス業,1229,1229,1200,1202,-23,-1.877551,2000,OK
2025-11-17,9247,ＴＲＥホールディングス,プライム（内国株式）,サービス業,1509,1537,1478,1484,-145,-8.901166,1068700,OK
2025-11-17,9248,人・夢・技術グループ,スタンダード（内国株式）,サービス業,1628,1628,1562,1569,-48,-2.96846,16000,OK
2025-11-17,9249,日本エコシステム,スタンダード（内国株式）,サービス業,1510,1515,1510,1514,2,0.132275,2900,OK
2025-11-17,9250,ＧＲＣＳ,グロース（内国株式）,サービス業,1019,1046,1019,1046,18,1.750973,1800,OK
2025-11-17,9251,ＡＢ＆Ｃｏｍｐａｎｙ,グロース（内国株式）,サービス業,1089,1090,1076,1081,-11,-1.007326,44800,OK
2025-11-17,9252,ラストワンマイル,グロース（内国株式）,サービス業,3355,3355,3250,3340,-30,-0.890208,12500,OK
2025-11-17,9253,スローガン,グロース（内国株式）,サービス業,795,820,793,813,22,2.78129,3300,OK
2025-11-17,9254,ラバブルマーケティンググループ,グロース（内国株式）,サービス業,1304,1304,1271,1271,-15,-1.166407,4200,OK
2025-11-17,9256,サクシード,グロース（内国株式）,サービス業,827,827,820,820,2,0.244499,800,OK
2025-11-17,9258,ＣＳ−Ｃ,グロース（内国株式）,サービス業,357,360,349,349,-12,-3.3241,4900,OK
2025-11-17,9259,タカヨシホールディングス,グロース（内国株式）,サービス業,737,737,723,730,-5,-0.680272,6100,OK
2025-11-17,9262,シルバーライフ,スタンダード（内国株式）,小売業,870,871,850,854,-8,-0.928074,32300,OK
2025-11-17,9264,ポエック,スタンダード（内国株式）,卸売業,1650,1650,1629,1635,-16,-0.96911,23800,OK
2025-11-17,9265,ヤマシタヘルスケアホールディングス,スタンダード（内国株式）,卸売業,,,,,,,,NO_QUOTE
2025-11-17,9267,Ｇｅｎｋｙ　ＤｒｕｇＳｔｏｒｅｓ,プライム（内国株式）,小売業,5130,5220,4930,5210,110,2.156863,120300,OK
2025-11-17,9268,オプティマスグループ,スタンダード（内国株式）,卸売業,328,337,326,329,0,0,164200,OK
2025-11-17,9270,バリュエンスホールディングス,グロース（内国株式）,卸売業,970,970,919,931,-39,-4.020619,34200,OK
2025-11-17,9271,和心,グロース（内国株式）,小売業,816,821,754,786,-50,-5.980861,184500,OK
2025-11-17,9272,ブティックス,グロース（内国株式）,サービス業,1351,1351,1296,1316,-44,-3.235294,25700,OK
2025-11-17,9273,コーア商事ホールディングス,プライム（内国株式）,卸売業,799,804,792,792,-8,-1,57400,OK
2025-11-17,9274,ＫＰＰグループホールディングス,プライム（内国株式）,卸売業,749,753,710,711,-69,-8.846154,666700,OK
2025-11-17,9278,ブックオフグループホールディングス,プライム（内国株式）,小売業,1390,1391,1362,1369,-19,-1.368876,64900,OK
2025-11-17,9279,ギフトホールディングス,プライム（内国株式）,小売業,3295,3295,3140,3180,-160,-4.790419,85200,OK
2025-11-17,9301,三菱倉庫,プライム（内国株式）,倉庫･運輸関連業,1100,1114,1094,1113,12,1.089918,1062300,OK
2025-11-17,9302,三井倉庫ホールディングス,プライム（内国株式）,倉庫･運輸関連業,3785,3855,3745,3835,51,1.34778,171300,OK
2025-11-17,9303,住友倉庫,プライム（内国株式）,倉庫･運輸関連業,3310,3325,3290,3310,20,0.607903,54800,OK
2025-11-17,9304,澁澤倉庫,プライム（内国株式）,倉庫･運輸関連業,1116,1139,1112,1128,5,0.445236,64900,OK
2025-11-17,9305,ヤマタネ,プライム（内国株式）,卸売業,2457,2474,2425,2468,10,0.406835,50700,OK
2025-11-17,9306,東陽倉庫,スタンダード（内国株式）,倉庫･運輸関連業,1949,1949,1900,1924,-6,-0.310881,13000,OK
2025-11-17,9307,杉村倉庫,スタンダード（内国株式）,倉庫･運輸関連業,939,947,919,919,-16,-1.71123,19300,OK
2025-11-17,9308,乾汽船,スタンダード（内国株式）,海運業,1422,1424,1404,1417,-5,-0.351617,75600,OK
2025-11-17,9310,日本トランスシティ,プライム（内国株式）,倉庫･運輸関連業,1061,1081,1055,1075,14,1.31951,76200,OK
2025-11-17,9311,アサガミ,スタンダード（内国株式）,倉庫･運輸関連業,6570,6580,6560,6560,0,0,1100,OK
2025-11-17,9312,ケイヒン,スタンダード（内国株式）,倉庫･運輸関連業,2725,2725,2700,2700,-25,-0.917431,2200,OK
2025-11-17,9313,丸八倉庫,スタンダード（内国株式）,倉庫･運輸関連業,967,970,950,970,3,0.310238,1500,OK
2025-11-17,9319,中央倉庫,プライム（内国株式）,倉庫･運輸関連業,1325,1333,1321,1321,0,0,25200,OK
2025-11-17,9322,川西倉庫,スタンダード（内国株式）,倉庫･運輸関連業,2208,2215,2188,2202,-3,-0.136054,22200,OK
2025-11-17,9324,安田倉庫,プライム（内国株式）,倉庫･運輸関連業,2202,2214,2171,2197,-9,-0.407978,12400,OK
2025-11-17,9325,ファイズホールディングス,スタンダード（内国株式）,倉庫･運輸関連業,1021,1031,1015,1017,-6,-0.58651,15900,OK
2025-11-17,9326,関通,グロース（内国株式）,倉庫･運輸関連業,477,489,473,473,-2,-0.421053,25300,OK
2025-11-17,9327,イー・ロジット,スタンダード（内国株式）,倉庫･運輸関連業,295,295,266,276,-22,-7.38255,92000,OK
2025-11-17,9330,揚羽,グロース（内国株式）,サービス業,771,783,766,783,5,0.642674,6800,OK
2025-11-17,9331,キャスター,グロース（内国株式）,サービス業,831,835,816,826,2,0.242718,1900,OK
2025-11-17,9332,ＮＩＳＳＯホールディングス,プライム（内国株式）,サービス業,684,685,670,679,5,0.74184,194300,OK
2025-11-17,9334,アイビスホールディングス,TOKYO PRO MARKET（内国株式）,サービス業,,,,,,,,NO_QUOTE
2025-11-17,9335,テクノクリエイティブ,TOKYO PRO MARKET（内国株式）,サービス業,,,,,,,,NO_QUOTE
2025-11-17,9336,大栄環境,プライム（内国株式）,サービス業,3595,3650,3500,3505,-75,-2.094972,131800,OK
2025-11-17,9337,トリドリ,グロース（内国株式）,サービス業,2909,3030,2882,3020,89,3.036506,40900,OK
2025-11-17,9338,ＩＮＦＯＲＩＣＨ,グロース（内国株式）,サービス業,2300,2310,2186,2227,-83,-3.593074,428000,OK
2025-11-17,9339,コーチ・エィ,スタンダード（内国株式）,サービス業,1476,1484,1475,1475,-1,-0.067751,2300,OK
2025-11-17,9340,アソインターナショナル,スタンダード（内国株式）,サービス業,687,687,676,684,2,0.293255,10300,OK
2025-11-17,9341,ＧＥＮＯＶＡ,プライム（内国株式）,サービス業,583,599,578,592,26,4.59364,235700,OK
2025-11-17,9342,スマサポ,グロース（内国株式）,サービス業,1035,1036,990,997,-38,-3.671498,14400,OK
2025-11-17,9343,アイビス,グロース（内国株式）,サービス業,676,686,665,673,5,0.748503,66000,OK
2025-11-17,9344,アクシスコンサルティング,グロース（内国株式）,サービス業,860,860,835,857,-4,-0.464576,4400,OK
2025-11-17,9345,ビズメイツ,グロース（内国株式）,サービス業,767,775,713,722,-127,-14.958775,32800,OK
2025-11-17,9346,ココルポート,グロース（内国株式）,サービス業,1760,1760,1646,1664,-104,-5.882353,11400,OK
2025-11-17,9347,日本管財ホールディングス,プライム（内国株式）,サービス業,2650,2655,2637,2646,2,0.075643,40800,OK
2025-11-17,9348,ｉｓｐａｃｅ,グロース（内国株式）,サービス業,475,478,456,457,-10,-2.141328,1948800,OK
2025-11-17,9351,東洋埠頭,スタンダード（内国株式）,倉庫･運輸関連業,1634,1662,1618,1660,34,2.091021,13500,OK
2025-11-17,9353,櫻島埠頭,スタンダード（内国株式）,倉庫･運輸関連業,2499,2728,2424,2670,349,15.036622,252100,OK
2025-11-17,9355,リンコーコーポレーション,スタンダード（内国株式）,倉庫･運輸関連業,1939,1948,1888,1888,-34,-1.768991,800,OK
2025-11-17,9360,鈴与シンワート,スタンダード（内国株式）,情報･通信業,2985,3025,2985,3000,15,0.502513,1400,OK
2025-11-17,9361,伏木海陸運送,スタンダード（内国株式）,倉庫･運輸関連業,1781,1781,1765,1765,-16,-0.898372,200,OK
2025-11-17,9362,兵機海運,スタンダード（内国株式）,倉庫･運輸関連業,3310,3310,3310,3310,0,0,100,OK
2025-11-17,9363,大運,スタンダード（内国株式）,倉庫･運輸関連業,454,455,449,454,-2,-0.438596,41000,OK
2025-11-17,9364,上組,プライム（内国株式）,倉庫･運輸関連業,4959,5018,4948,4982,13,0.261622,402900,OK
2025-11-17,9365,トレーディア,スタンダード（内国株式）,倉庫･運輸関連業,1466,1466,1457,1463,-1,-0.068306,900,OK
2025-11-17,9366,サンリツ,スタンダード（内国株式）,倉庫･運輸関連業,859,859,859,859,-2,-0.232288,300,OK
2025-11-17,9367,大東港運,スタンダード（内国株式）,倉庫･運輸関連業,1670,1686,1670,1680,-2,-0.118906,10500,OK
2025-11-17,9368,キムラユニティー,スタンダード（内国株式）,倉庫･運輸関連業,847,852,845,852,7,0.828402,36100,OK
2025-11-17,9369,キユーソー流通システム,スタンダード（内国株式）,倉庫･運輸関連業,2699,2721,2642,2663,-38,-1.406886,66100,OK
2025-11-17,9376,ユーラシア旅行社,スタンダード（内国株式）,サービス業,814,824,790,799,-30,-3.618818,20300,OK
2025-11-17,9380,東海運,スタンダード（内国株式）,倉庫･運輸関連業,352,359,352,354,-1,-0.28169,13800,OK
2025-11-17,9381,エーアイテイー,プライム（内国株式）,倉庫･運輸関連業,2069,2092,2067,2085,3,0.144092,12100,OK
2025-11-17,9385,ショーエイコーポレーション,スタンダード（内国株式）,化学,595,596,594,596,-1,-0.167504,4800,OK
2025-11-17,9401,ＴＢＳホールディングス,プライム（内国株式）,情報･通信業,5435,5573,5376,5572,89,1.623199,178000,OK
2025-11-17,9404,日本テレビホールディングス,プライム（内国株式）,情報･通信業,3800,3899,3769,3880,67,1.757147,206400,OK
2025-11-17,9405,朝日放送グループホールディングス,プライム（内国株式）,情報･通信業,780,791,774,790,6,0.765306,53800,OK
2025-11-17,9408,ＢＳＮメディアホールディングス,スタンダード（内国株式）,情報･通信業,2230,2230,2180,2180,0,0,400,OK
2025-11-17,9409,テレビ朝日ホールディングス,プライム（内国株式）,情報･通信業,3255,3310,3245,3300,35,1.071975,138600,OK
2025-11-17,9412,スカパーＪＳＡＴホールディングス,プライム（内国株式）,情報･通信業,1727,1805,1713,1794,75,4.363002,1491400,OK
2025-11-17,9413,テレビ東京ホールディングス,プライム（内国株式）,情報･通信業,4920,4955,4865,4950,30,0.609756,49300,OK
2025-11-17,9414,日本ＢＳ放送,スタンダード（内国株式）,情報･通信業,954,963,950,960,7,0.734523,25000,OK
2025-11-17,9416,ビジョン,プライム（内国株式）,情報･通信業,1273,1275,1239,1274,6,0.473186,471100,OK
2025-11-17,9417,スマートバリュー,スタンダード（内国株式）,情報･通信業,436,461,436,459,-1,-0.217391,23900,OK
2025-11-17,9418,Ｕ−ＮＥＸＴ　ＨＯＬＤＩＮＧＳ,プライム（内国株式）,情報･通信業,2020,2031,1986,2031,6,0.296296,624900,OK
2025-11-17,9419,ワイヤレスゲート,スタンダード（内国株式）,情報･通信業,266,266,254,259,-7,-2.631579,30300,OK
2025-11-17,9421,エヌジェイホールディングス,スタンダード（内国株式）,情報･通信業,591,591,583,583,-8,-1.353638,1200,OK
2025-11-17,9423,フォーバル・リアルストレート,スタンダード（内国株式）,情報･通信業,106,107,105,106,-1,-0.934579,242200,OK
2025-11-17,9424,日本通信,プライム（内国株式）,情報･通信業,150,152,148,151,1,0.666667,2301600,OK
2025-11-17,9425,ＲｅＹｕｕ　Ｊａｐａｎ,スタンダード（内国株式）,情報･通信業,578,578,548,563,-14,-2.426343,169300,OK
2025-11-17,9428,クロップス,スタンダード（内国株式）,情報･通信業,1432,1440,1421,1430,-12,-0.832178,1400,OK
2025-11-17,9432,ＮＴＴ,プライム（内国株式）,情報･通信業,151.2,153.1,150.7,153.1,1.9,1.256614,174819200,OK
2025-11-17,9433,ＫＤＤＩ,プライム（内国株式）,情報･通信業,2618,2689,2617,2660.5,11,0.415173,8182800,OK
2025-11-17,9434,ソフトバンク,プライム（内国株式）,情報･通信業,221.5,224.9,221,224.9,2.5,1.124101,52127100,OK
2025-11-17,94345,ソフトバンク（優先株式）,プライム（内国株式）,情報･通信業,3808,3810,3801,3802,1,0.026309,8000,OK
2025-11-17,94346,ソフトバンク（優先株式）,プライム（内国株式）,情報･通信業,7647,7655,7643,7655,8,0.104616,2500,OK
2025-11-17,9435,光通信,プライム（内国株式）,情報･通信業,43970,44210,43540,44210,240,0.545827,61400,OK
2025-11-17,9436,沖縄セルラー電話,スタンダード（内国株式）,情報･通信業,2751,2802,2751,2802,62,2.262774,120500,OK
2025-11-17,9438,エムティーアイ,プライム（内国株式）,情報･通信業,797,797,775,778,-19,-2.38394,34500,OK
2025-11-17,9439,エム・エイチ・グループ,スタンダード（内国株式）,サービス業,219,226,219,222,3,1.369863,12400,OK
2025-11-17,9441,ベルパーク,スタンダード（内国株式）,情報･通信業,2658,2724,2613,2680,22,0.82769,7400,OK
2025-11-17,9444,トーシンホールディングス,スタンダード（内国株式）,情報･通信業,490,490,476,482,2,0.416667,12800,OK
2025-11-17,9445,フォーバルテレコム,スタンダード（内国株式）,情報･通信業,570,570,564,566,-5,-0.875657,4900,OK
2025-11-17,9446,サカイホールディングス,スタンダード（内国株式）,情報･通信業,629,666,609,665,46,7.431341,244800,OK
2025-11-17,9449,ＧＭＯインターネットグループ,プライム（内国株式）,情報･通信業,3544,3582,3438,3540,-62,-1.721266,291400,OK
2025-11-17,9450,ファイバーゲート,スタンダード（内国株式）,情報･通信業,682,687,672,677,-6,-0.878477,126700,OK
2025-11-17,9466,アイドママーケティングコミュニケーション,スタンダード（内国株式）,情報･通信業,235,236,234,235,-3,-1.260504,24300,OK
2025-11-17,9467,アルファポリス,グロース（内国株式）,情報･通信業,1451,1475,1422,1450,20,1.398601,186200,OK
2025-11-17,9468,ＫＡＤＯＫＡＷＡ,プライム（内国株式）,情報･通信業,3244,3261,3188,3251,7,0.215783,445000,OK
2025-11-17,9470,学研ホールディングス,プライム（内国株式）,情報･通信業,1052,1067,1052,1060,3,0.283822,77500,OK
2025-11-17,9474,ゼンリン,プライム（内国株式）,情報･通信業,1020,1022,1009,1014,-10,-0.976562,47400,OK
2025-11-17,9475,昭文社ホールディングス,スタンダード（内国株式）,情報･通信業,428,429,427,428,0,0,5000,OK
2025-11-17,9476,中央経済社ホールディングス,スタンダード（内国株式）,情報･通信業,805,805,775,800,-3,-0.373599,5100,OK
2025-11-17,9478,ＳＥホールディングス・アンド・インキュベーションズ,スタンダード（内国株式）,情報･通信業,403,403,396,398,-2,-0.5,20400,OK
2025-11-17,9501,東京電力ホールディングス,プライム（内国株式）,電気･ガス業,893,904.8,873.7,900,22,2.505695,59235300,OK
2025-11-17,9502,中部電力,プライム（内国株式）,電気･ガス業,2301,2341.5,2301,2329.5,27.5,1.194613,1682200,OK
2025-11-17,9503,関西電力,プライム（内国株式）,電気･ガス業,2497,2560,2492,2560,39,1.547005,2673200,OK
2025-11-17,9504,中国電力,プライム（内国株式）,電気･ガス業,963,982.8,961.9,980.8,17.1,1.774411,2083400,OK
2025-11-17,9505,北陸電力,プライム（内国株式）,電気･ガス業,910.4,933.6,909.1,930.9,20.5,2.251757,1015700,OK
2025-11-17,9506,東北電力,プライム（内国株式）,電気･ガス業,1079,1095.5,1077,1090.5,11.5,1.065802,1785200,OK
2025-11-17,9507,四国電力,プライム（内国株式）,電気･ガス業,1440,1459.5,1435,1452.5,11.5,0.798057,454600,OK
2025-11-17,9508,九州電力,プライム（内国株式）,電気･ガス業,1594,1627,1585,1622.5,37,2.333649,2229700,OK
2025-11-17,9509,北海道電力,プライム（内国株式）,電気･ガス業,1069.5,1110,1067,1108,43,4.037559,4428000,OK
2025-11-17,9511,沖縄電力,プライム（内国株式）,電気･ガス業,1057,1068,1048,1055,-13,-1.217228,462400,OK
2025-11-17,9513,電源開発,プライム（内国株式）,電気･ガス業,2944,2970.5,2924.5,2960.5,20.5,0.697279,780700,OK
2025-11-17,9514,エフオン,スタンダード（内国株式）,電気･ガス業,345,347,341,342,-3,-0.869565,72100,OK
2025-11-17,9517,イーレックス,プライム（内国株式）,電気･ガス業,650,653,639,645,3,0.46729,238900,OK
2025-11-17,9519,レノバ,プライム（内国株式）,電気･ガス業,799,809,772,788,-9,-1.129235,501300,OK
2025-11-17,9531,東京瓦斯,プライム（内国株式）,電気･ガス業,6057,6149,6040,6147,70,1.151884,1081100,OK
2025-11-17,9532,大阪瓦斯,プライム（内国株式）,電気･ガス業,5163,5214,5139,5207,18,0.346888,786400,OK
2025-11-17,9533,東邦瓦斯,プライム（内国株式）,電気･ガス業,4846,4872,4815,4872,60,1.246883,167300,OK
2025-11-17,9534,北海道瓦斯,プライム（内国株式）,電気･ガス業,720,731,720,725,3,0.415512,69300,OK
2025-11-17,9535,広島ガス,プライム（内国株式）,電気･ガス業,369,370,367,368,0,0,48100,OK
2025-11-17,9536,西部ガスホールディングス,プライム（内国株式）,電気･ガス業,1906,1909,1897,1900,-7,-0.367069,25700,OK
2025-11-17,9537,北陸瓦斯,スタンダード（内国株式）,電気･ガス業,3640,3675,3630,3650,20,0.550964,2800,OK
2025-11-17,9539,京葉瓦斯,スタンダード（内国株式）,電気･ガス業,1152,1152,1137,1138,-14,-1.215278,5000,OK
2025-11-17,9543,静岡ガス,プライム（内国株式）,電気･ガス業,1161,1172,1158,1165,1,0.085911,189600,OK
2025-11-17,9551,メタウォーター,プライム（内国株式）,電気･ガス業,3370,3400,3340,3345,-25,-0.74184,106000,OK
2025-11-17,9552,Ｍ＆Ａ総研ホールディングス,プライム（内国株式）,サービス業,1224,1240,1208,1217,1,0.082237,284800,OK
2025-11-17,9553,マイクロアド,グロース（内国株式）,サービス業,554,576,540,576,80,16.129032,1699300,OK
2025-11-17,9554,ＡＶｉＣ,グロース（内国株式）,サービス業,2097,2130,2036,2097,151,7.759507,178100,OK
2025-11-17,9556,ＩＮＴＬＯＯＰ,グロース（内国株式）,サービス業,4255,4280,4085,4145,-180,-4.16185,78300,OK
2025-11-17,9557,エアークローゼット,グロース（内国株式）,サービス業,294,294,272,275,-21,-7.094595,69800,OK
2025-11-17,9558,ジャパニアス,グロース（内国株式）,サービス業,2414,2414,2380,2388,-11,-0.458524,6100,OK
2025-11-17,9560,プログリット,グロース（内国株式）,サービス業,973,973,947,949,-19,-1.96281,63700,OK
2025-11-17,9561,グラッドキューブ,グロース（内国株式）,サービス業,520,520,482,487,-43,-8.113208,33300,OK
2025-11-17,9562,ビジネスコーチ,グロース（内国株式）,サービス業,2452,2452,2349,2368,-84,-3.425775,12100,OK
2025-11-17,9563,Ａｔｌａｓ　Ｔｅｃｈｎｏｌｏｇｉｅｓ,グロース（内国株式）,サービス業,300,300,286,289,-8,-2.693603,11300,OK
2025-11-17,9564,ＦＣＥ,スタンダード（内国株式）,サービス業,751,762,730,731,-21,-2.792553,103400,OK
2025-11-17,9565,ＧＬＯＥ,グロース（内国株式）,サービス業,899,904,863,873,-31,-3.429204,6800,OK
2025-11-17,9600,アイネット,プライム（内国株式）,情報･通信業,2507,2511,2501,2506,-14,-0.555556,81400,OK
2025-11-17,9601,松竹,プライム（内国株式）,情報･通信業,12690,12950,12520,12860,170,1.339638,35700,OK
2025-11-17,9602,東宝,プライム（内国株式）,情報･通信業,9256,9344,9185,9236,-76,-0.816151,346100,OK
2025-11-17,9603,エイチ・アイ・エス,プライム（内国株式）,サービス業,1314,1321,1285,1291,-37,-2.786145,655700,OK
2025-11-17,9605,東映,プライム（内国株式）,情報･通信業,5840,5920,5760,5920,80,1.369863,165100,OK
2025-11-17,9610,ウィルソン・ラーニング　ワールドワイド,スタンダード（内国株式）,サービス業,165,176,150,155,3,1.973684,1598800,OK
2025-11-17,9612,ラックランド,プライム（内国株式）,サービス業,1495,1495,1495,1495,300,25.104603,68300,OK
2025-11-17,9616,共立メンテナンス,プライム（内国株式）,サービス業,2880,2912,2796.5,2820,-250,-8.143322,2219900,OK
2025-11-17,9619,イチネンホールディングス,プライム（内国株式）,サービス業,2036,2036,2008,2021,-20,-0.979912,14600,OK
2025-11-17,9621,建設技術研究所,プライム（内国株式）,サービス業,2935,3020,2935,3015,82,2.795772,63900,OK
2025-11-17,9622,スペース,プライム（内国株式）,サービス業,1382,1394,1371,1375,1,0.07278,27200,OK
2025-11-17,9625,セレスポ,スタンダード（内国株式）,サービス業,1045,1045,1020,1036,-8,-0.766284,22800,OK
2025-11-17,9627,アインホールディングス,プライム（内国株式）,小売業,6709,6799,6699,6788,79,1.177523,76600,OK
2025-11-17,9628,燦ホールディングス,プライム（内国株式）,サービス業,1375,1380,1318,1332,-73,-5.19573,203500,OK
2025-11-17,9629,ピー・シー・エー,プライム（内国株式）,情報･通信業,1798,1800,1785,1785,-7,-0.390625,28100,OK
2025-11-17,9632,スバル興業,スタンダード（内国株式）,サービス業,3350,3360,3325,3340,0,0,8500,OK
2025-11-17,9633,東京テアトル,スタンダード（内国株式）,不動産業,1412,1422,1408,1414,-7,-0.492611,7900,OK
2025-11-17,9635,武蔵野興業,スタンダード（内国株式）,サービス業,2212,2213,2190,2213,13,0.590909,600,OK
2025-11-17,9636,きんえい,スタンダード（内国株式）,サービス業,4100,4125,4085,4100,5,0.1221,800,OK
2025-11-17,9639,三協フロンテア,スタンダード（内国株式）,サービス業,2000,2000,1995,1998,-1,-0.050025,2000,OK
2025-11-17,9640,セゾンテクノロジー,スタンダード（内国株式）,情報･通信業,2050,2061,2024,2043,24,1.188707,16900,OK
2025-11-17,9644,タナベコンサルティンググループ,プライム（内国株式）,サービス業,697,700,694,699,1,0.143266,23400,OK
2025-11-17,9647,協和コンサルタンツ,スタンダード（内国株式）,サービス業,6690,6690,6690,6690,-90,-1.327434,400,OK
2025-11-17,9651,日本プロセス,スタンダード（内国株式）,情報･通信業,1775,1775,1750,1754,-21,-1.183099,2900,OK
2025-11-17,9656,グリーンランドリゾート,スタンダード（内国株式）,サービス業,622,625,620,622,0,0,13000,OK
2025-11-17,9658,ビジネスブレイン太田昭和,プライム（内国株式）,情報･通信業,3475,3480,3410,3465,30,0.873362,25700,OK
2025-11-17,9661,歌舞伎座,スタンダード（内国株式）,サービス業,4575,4575,4520,4550,-15,-0.328587,9500,OK
2025-11-17,9663,ナガワ,プライム（内国株式）,サービス業,6160,6180,6090,6090,-60,-0.97561,12000,OK
2025-11-17,9672,東京都競馬,プライム（内国株式）,サービス業,5280,5300,5230,5300,-10,-0.188324,56600,OK
2025-11-17,9678,カナモト,プライム（内国株式）,サービス業,3550,3550,3505,3510,-30,-0.847458,59500,OK
2025-11-17,9679,ホウライ,スタンダード（内国株式）,サービス業,1850,1851,1850,1850,11,0.598151,500,OK
2025-11-17,9682,ＤＴＳ,プライム（内国株式）,情報･通信業,1166,1178,1158,1178,2,0.170068,250500,OK
2025-11-17,9684,スクウェア・エニックス・ホールディングス,プライム（内国株式）,情報･通信業,3053,3118,3050,3118,51,1.662863,736500,OK
2025-11-17,9685,ＫＹＣＯＭホールディングス,スタンダード（内国株式）,情報･通信業,662,665,659,659,-2,-0.302572,3300,OK
2025-11-17,9686,東洋テック,スタンダード（内国株式）,サービス業,1568,1583,1561,1571,-15,-0.945776,18000,OK
2025-11-17,9687,ＫＳＫ,スタンダード（内国株式）,情報･通信業,5430,5480,5360,5370,-60,-1.104972,3200,OK
2025-11-17,9691,両毛システムズ,スタンダード（内国株式）,情報･通信業,4330,4365,4315,4365,-25,-0.569476,800,OK
2025-11-17,9692,シーイーシー,プライム（内国株式）,情報･通信業,2188,2205,2146,2169,-26,-1.18451,45400,OK
2025-11-17,9697,カプコン,プライム（内国株式）,情報･通信業,3828,3866,3811,3856,-2,-0.05184,1347200,OK
2025-11-17,9698,クレオ,スタンダード（内国株式）,情報･通信業,1176,1180,1174,1174,-6,-0.508475,2600,OK
2025-11-17,9699,ニシオホールディングス,プライム（内国株式）,サービス業,4285,4330,4245,4270,-35,-0.813008,43200,OK
2025-11-17,9701,東京會舘,スタンダード（内国株式）,サービス業,4005,4035,3990,4025,0,0,900,OK
2025-11-17,9702,アイ・エス・ビー,プライム（内国株式）,情報･通信業,1695,1704,1668,1678,-7,-0.41543,28100,OK
2025-11-17,9704,アゴーラ　ホスピタリティー　グループ,スタンダード（内国株式）,サービス業,58,58,55,56,-4,-6.666667,3855000,OK
2025-11-17,9706,日本空港ビルデング,プライム（内国株式）,不動産業,4800,4884,4660,4725,-453,-8.748552,922000,OK
2025-11-17,9708,帝国ホテル,スタンダード（内国株式）,サービス業,1102,1106,1090,1099,-2,-0.181653,61500,OK
2025-11-17,9709,ＮＣＳ＆Ａ,スタンダード（内国株式）,情報･通信業,1618,1627,1596,1612,-6,-0.370828,10000,OK
2025-11-17,9713,ロイヤルホテル,スタンダード（内国株式）,サービス業,944,944,897,923,-86,-8.52329,126800,OK
2025-11-17,9715,トランス・コスモス,プライム（内国株式）,サービス業,3655,3665,3630,3660,5,0.136799,35500,OK
2025-11-17,9716,乃村工藝社,プライム（内国株式）,サービス業,1115,1121,1104,1117,3,0.2693,218600,OK
2025-11-17,9719,ＳＣＳＫ,プライム（内国株式）,情報･通信業,5676,5679,5676,5677,2,0.035242,1727000,OK
2025-11-17,9720,ホテル、ニューグランド,スタンダード（内国株式）,サービス業,6600,6700,6600,6690,90,1.363636,1300,OK
2025-11-17,9722,藤田観光,プライム（内国株式）,サービス業,11100,11210,10330,10610,-700,-6.189213,125600,OK
2025-11-17,9723,京都ホテル,スタンダード（内国株式）,サービス業,633,636,623,623,-11,-1.735016,11700,OK
2025-11-17,9726,ＫＮＴ−ＣＴホールディングス,スタンダード（内国株式）,サービス業,1470,1488,1394,1453,-50,-3.32668,114200,OK
2025-11-17,9729,トーカイ,プライム（内国株式）,サービス業,2300,2312,2287,2287,1,0.043745,55200,OK
2025-11-17,9731,白洋舎,スタンダード（内国株式）,サービス業,3325,3325,3090,3135,-205,-6.137725,28400,OK
2025-11-17,9733,ナガセ,スタンダード（内国株式）,サービス業,2325,2325,2279,2289,-21,-0.909091,33800,OK
2025-11-17,9735,セコム,プライム（内国株式）,サービス業,5259,5313,5239,5313,37,0.701289,844400,OK
2025-11-17,9739,ＮＳＷ,プライム（内国株式）,情報･通信業,2470,2492,2455,2455,-19,-0.767987,9000,OK
2025-11-17,9740,セントラル警備保障,プライム（内国株式）,サービス業,2636,2664,2629,2644,3,0.113593,16000,OK
2025-11-17,9742,アイネス,プライム（内国株式）,情報･通信業,1735,1758,1721,1721,-32,-1.825442,45600,OK
2025-11-17,9743,丹青社,プライム（内国株式）,サービス業,1322,1329,1313,1326,3,0.226757,278700,OK
2025-11-17,9744,メイテックグループホールディングス,プライム（内国株式）,サービス業,3343,3370,3329,3365,8,0.238308,370600,OK
2025-11-17,9746,ＴＫＣ,プライム（内国株式）,情報･通信業,4045,4110,4045,4105,20,0.489596,52300,OK
2025-11-17,9753,アイエックス・ナレッジ,スタンダード（内国株式）,情報･通信業,1326,1326,1295,1303,-26,-1.956358,36900,OK
2025-11-17,9755,応用地質,プライム（内国株式）,サービス業,2767,2770,2742,2752,-11,-0.398118,47400,OK
2025-11-17,9757,船井総研ホールディングス,プライム（内国株式）,サービス業,2423,2431,2390,2397,-34,-1.398601,126400,OK
2025-11-17,9759,ＮＳＤ,プライム（内国株式）,情報･通信業,3520,3562,3510,3546,-11,-0.309249,135700,OK
2025-11-17,9760,進学会ホールディングス,スタンダード（内国株式）,サービス業,167,170,160,165,-10,-5.714286,100200,OK
2025-11-17,9761,東海リース,スタンダード（内国株式）,サービス業,2385,2390,2374,2386,1,0.041929,6300,OK
2025-11-17,9763,丸建リース,スタンダード（内国株式）,卸売業,3670,3700,3585,3590,-60,-1.643836,12600,OK
2025-11-17,9765,オオバ,プライム（内国株式）,サービス業,1118,1119,1104,1110,-7,-0.626679,38200,OK
2025-11-17,9766,コナミグループ,プライム（内国株式）,情報･通信業,23875,24135,23575,23750,-65,-0.272937,325100,OK
2025-11-17,9767,日建工学,スタンダード（内国株式）,サービス業,1432,1449,1432,1436,1,0.069686,1200,OK
2025-11-17,9768,いであ,スタンダード（内国株式）,サービス業,3560,3740,3535,3740,250,7.163324,83700,OK
2025-11-17,9769,学究社,プライム（内国株式）,サービス業,2301,2328,2301,2309,8,0.347675,8500,OK
2025-11-17,9776,札幌臨床検査センター,スタンダード（内国株式）,サービス業,1950,1958,1950,1958,-1,-0.051046,13600,OK
2025-11-17,9778,昴,スタンダード（内国株式）,サービス業,6700,6700,6610,6660,-40,-0.597015,400,OK
2025-11-17,9780,ハリマビステム,スタンダード（内国株式）,サービス業,856,856,836,850,-6,-0.700935,5400,OK
2025-11-17,9782,ディーエムエス,スタンダード（内国株式）,サービス業,3175,3175,3140,3170,-5,-0.15748,24100,OK
2025-11-17,9788,ナック,プライム（内国株式）,サービス業,531,532,527,527,-3,-0.566038,27300,OK
2025-11-17,9790,福井コンピュータホールディングス,プライム（内国株式）,情報･通信業,2992,3030,2986,3000,14,0.468855,56200,OK
2025-11-17,9791,ビケンテクノ,スタンダード（内国株式）,サービス業,1287,1292,1277,1292,5,0.3885,5300,OK
2025-11-17,9793,ダイセキ,プライム（内国株式）,サービス業,3400,3445,3380,3395,30,0.89153,152300,OK
2025-11-17,9795,ステップ,プライム（内国株式）,サービス業,2439,2439,2396,2400,-26,-1.071723,6300,OK
2025-11-17,9799,旭情報サービス,スタンダード（内国株式）,情報･通信業,1099,1099,1089,1094,-2,-0.182482,12000,OK
2025-11-17,9812,テーオーホールディングス,スタンダード（内国株式）,卸売業,287,287,282,284,-2,-0.699301,14500,OK
2025-11-17,9816,ストライダーズ,スタンダード（内国株式）,不動産業,275,276,272,272,-7,-2.508961,8300,OK
2025-11-17,9818,大丸エナウィン,スタンダード（内国株式）,卸売業,1470,1470,1450,1450,-15,-1.023891,1500,OK
2025-11-17,9820,エムティジェネックス,スタンダード（内国株式）,不動産業,3400,3485,3400,3470,40,1.166181,1100,OK
2025-11-17,9823,マミーマートホールディングス,スタンダード（内国株式）,小売業,1379,1448,1378,1440,121,9.173616,239900,OK
2025-11-17,9824,泉州電業,プライム（内国株式）,卸売業,4665,4690,4640,4640,-15,-0.322234,46000,OK
2025-11-17,9827,リリカラ,スタンダード（内国株式）,卸売業,678,689,668,686,28,4.255319,186900,OK
2025-11-17,9828,Ｇｅｎｋｉ　Ｇｌｏｂａｌ　Ｄｉｎｉｎｇ　Ｃｏｎｃｅｐｔｓ,スタンダード（内国株式）,小売業,3060,3060,2971,3010,-50,-1.633987,109400,OK
2025-11-17,9830,トラスコ中山,プライム（内国株式）,卸売業,2427,2435,2371,2380,-55,-2.258727,138600,OK
2025-11-17,9831,ヤマダホールディングス,プライム（内国株式）,小売業,460,465,456.6,462.9,-2.6,-0.558539,3061100,OK
2025-11-17,9832,オートバックスセブン,プライム（内国株式）,卸売業,1555,1564,1545,1564,0,0,170600,OK
2025-11-17,9835,ジュンテンドー,スタンダード（内国株式）,小売業,486,487,484,485,-1,-0.205761,7300,OK
2025-11-17,9837,モリト,プライム（内国株式）,卸売業,1674,1678,1654,1654,-9,-0.541191,105000,OK
2025-11-17,9842,アークランズ,プライム（内国株式）,小売業,1847,1849,1824,1845,-2,-0.108284,159800,OK
2025-11-17,9843,ニトリホールディングス,プライム（内国株式）,小売業,2615,2665,2568.5,2622,7,0.267686,3971200,OK
2025-11-17,9845,パーカーコーポレーション,スタンダード（内国株式）,化学,1413,1437,1386,1397,-15,-1.062323,67900,OK
2025-11-17,9846,天満屋ストア,スタンダード（内国株式）,小売業,960,960,957,958,0,0,3700,OK
2025-11-17,9849,共同紙販ホールディングス,スタンダード（内国株式）,卸売業,4545,4545,4500,4545,0,0,1500,OK
2025-11-17,9850,グルメ杵屋,プライム（内国株式）,小売業,962,962,953,962,-1,-0.103842,38100,OK
2025-11-17,9853,銀座ルノアール,スタンダード（内国株式）,小売業,932,932,925,925,-8,-0.857449,2500,OK
2025-11-17,9854,愛眼,スタンダード（内国株式）,小売業,190,192,188,189,-1,-0.526316,73200,OK
2025-11-17,9856,ケーユーホールディングス,スタンダード（内国株式）,小売業,1204,1217,1198,1211,7,0.581395,86600,OK
2025-11-17,9857,英和,スタンダード（内国株式）,卸売業,2329,2347,2315,2318,-11,-0.472306,2700,OK
2025-11-17,9861,吉野家ホールディングス,プライム（内国株式）,小売業,3015,3027,2997.5,3027,-7,-0.230719,396600,OK
2025-11-17,9867,ソレキア,スタンダード（内国株式）,卸売業,8410,8440,8080,8140,-190,-2.280912,2100,OK
2025-11-17,9869,加藤産業,プライム（内国株式）,卸売業,5960,5960,5890,5940,-30,-0.502513,34500,OK
2025-11-17,9872,北恵,スタンダード（内国株式）,卸売業,967,970,948,948,-19,-1.96484,136300,OK
2025-11-17,9876,コックス,スタンダード（内国株式）,小売業,231,231,226,229,-1,-0.434783,10200,OK
2025-11-17,9878,セキド,スタンダード（内国株式）,小売業,604,606,585,592,-11,-1.824212,23400,OK
2025-11-17,9880,イノテック,プライム（内国株式）,電気機器,1945,1961,1921,1953,11,0.566426,152000,OK
2025-11-17,9882,イエローハット,プライム（内国株式）,卸売業,1571,1597,1559,1589,14,0.888889,170300,OK
2025-11-17,9885,シャルレ,スタンダード（内国株式）,卸売業,363,369,363,363,-1,-0.274725,10400,OK
2025-11-17,9887,松屋フーズホールディングス,プライム（内国株式）,小売業,6040,6070,5960,6040,0,0,34600,OK
2025-11-17,9888,ＵＥＸ,スタンダード（内国株式）,卸売業,749,755,744,744,-6,-0.8,12000,OK
2025-11-17,9889,ＪＢＣＣホールディングス,プライム（内国株式）,情報･通信業,1332,1355,1330,1345,3,0.223547,222000,OK
2025-11-17,9890,マキヤ,スタンダード（内国株式）,小売業,1228,1228,1216,1216,-12,-0.977199,2100,OK
2025-11-17,9895,コンセック,スタンダード（内国株式）,卸売業,1224,1250,1219,1250,10,0.806452,2700,OK
2025-11-17,9896,ＪＫホールディングス,スタンダード（内国株式）,卸売業,1214,1214,1203,1206,-6,-0.49505,18500,OK
2025-11-17,9900,サガミホールディングス,プライム（内国株式）,小売業,1720,1726,1702,1714,-14,-0.810185,76700,OK
2025-11-17,9902,日伝,プライム（内国株式）,卸売業,2396,2405,2368,2396,-15,-0.622148,84000,OK
2025-11-17,9903,カンセキ,スタンダード（内国株式）,小売業,863,869,858,869,9,1.046512,1300,OK
2025-11-17,9904,ベリテ,スタンダード（内国株式）,小売業,376,376,374,375,-1,-0.265957,10800,OK
2025-11-17,9906,藤井産業,スタンダード（内国株式）,卸売業,3765,3810,3755,3810,45,1.195219,4300,OK
2025-11-17,9908,日本電計,スタンダード（内国株式）,卸売業,2050,2053,2026,2053,4,0.195217,13200,OK
2025-11-17,9913,日邦産業,スタンダード（内国株式）,卸売業,2662,2676,2662,2662,5,0.188182,900,OK
2025-11-17,9914,植松商会,スタンダード（内国株式）,卸売業,969,979,969,979,11,1.136364,1100,OK
2025-11-17,9927,ワットマン,スタンダード（内国株式）,小売業,,,,,,,,NO_QUOTE
2025-11-17,9928,ミロク情報サービス,プライム（内国株式）,情報･通信業,1869,1879,1854,1871,2,0.107009,24700,OK
2025-11-17,9929,平和紙業,スタンダード（内国株式）,卸売業,449,449,449,449,0,0,300,OK
2025-11-17,9930,北沢産業,スタンダード（内国株式）,卸売業,362,370,362,364,-2,-0.546448,28800,OK
2025-11-17,9932,杉本商事,プライム（内国株式）,卸売業,1577,1578,1542,1553,-13,-0.83014,29500,OK
2025-11-17,9934,因幡電機産業,プライム（内国株式）,卸売業,4659,4731,4659,4705,33,0.706336,129700,OK
2025-11-17,9936,王将フードサービス,プライム（内国株式）,小売業,3150,3150,3120,3145,-20,-0.631912,142800,OK
2025-11-17,9941,太洋物産,スタンダード（内国株式）,卸売業,733,733,693,696,-35,-4.787962,13500,OK
2025-11-17,9946,ミニストップ,プライム（内国株式）,小売業,2030,2061,2013,2060,21,1.029917,81900,OK
2025-11-17,9948,アークス,プライム（内国株式）,小売業,3310,3320,3275,3310,0,0,82700,OK
2025-11-17,9950,ハチバン,スタンダード（内国株式）,小売業,3420,3425,3415,3425,10,0.292826,1500,OK
2025-11-17,9955,ヨンキュウ,スタンダード（内国株式）,卸売業,2560,2560,2534,2534,-30,-1.170047,2000,OK
2025-11-17,9956,バローホールディングス,プライム（内国株式）,小売業,3080,3100,3015,3090,0,0,143500,OK
2025-11-17,9959,アシードホールディングス,スタンダード（内国株式）,小売業,700,703,698,703,-1,-0.142045,1900,OK
2025-11-17,9960,東テク,プライム（内国株式）,卸売業,3370,3375,3300,3350,-10,-0.297619,61800,OK
2025-11-17,9962,ミスミグループ本社,プライム（内国株式）,卸売業,2307.5,2331.5,2286,2286,-21.5,-0.931744,712300,OK
2025-11-17,9969,ショクブン,スタンダード（内国株式）,小売業,249,250,249,250,1,0.401606,6100,OK
2025-11-17,9972,アルテック,スタンダード（内国株式）,卸売業,281,283,277,282,1,0.355872,17800,OK
2025-11-17,9973,ＫＯＺＯホールディングス,スタンダード（内国株式）,小売業,26,27,25,25,-1,-3.846154,2095200,OK
2025-11-17,9974,ベルク,プライム（内国株式）,小売業,7350,7500,7340,7450,30,0.404313,23000,OK
2025-11-17,9976,セキチュー,スタンダード（内国株式）,小売業,1030,1042,1022,1042,12,1.165049,2100,OK
2025-11-17,9978,文教堂グループホールディングス,スタンダード（内国株式）,小売業,49,49,47,47,-2,-4.081633,141200,OK
2025-11-17,9979,大庄,スタンダード（内国株式）,小売業,1129,1129,1111,1121,-9,-0.79646,39000,OK
2025-11-17,9980,ＭＲＫホールディングス,スタンダード（内国株式）,小売業,94,95,93,94,0,0,249700,OK
2025-11-17,9982,タキヒヨー,スタンダード（内国株式）,卸売業,2065,2065,2029,2050,-15,-0.726392,3700,OK
2025-11-17,9983,ファーストリテイリング,プライム（内国株式）,小売業,54000,54710,52620,53510,-2990,-5.292035,1631700,OK
2025-11-17,9984,ソフトバンクグループ,プライム（内国株式）,情報･通信業,19790,20680,19640,20340,560,2.831143,16409100,OK
2025-11-17,9986,蔵王産業,スタンダード（内国株式）,卸売業,2475,2475,2465,2474,2,0.080906,2500,OK
2025-11-17,9987,スズケン,プライム（内国株式）,卸売業,5921,5987,5865,5963,20,0.33653,161100,OK
2025-11-17,9989,サンドラッグ,プライム（内国株式）,小売業,4138,4282,4128,4259,-19,-0.444133,400100,OK
2025-11-17,9990,サックスバー　ホールディングス,プライム（内国株式）,小売業,764,764,755,761,-3,-0.39267,41300,OK
2025-11-17,9991,ジェコス,プライム（内国株式）,卸売業,1400,1407,1387,1394,-6,-0.428571,44400,OK
2025-11-17,9993,ヤマザワ,スタンダード（内国株式）,小売業,1146,1148,1143,1143,-3,-0.26178,4700,OK
2025-11-17,9994,やまや,スタンダード（内国株式）,小売業,2333,2333,2232,2263,-157,-6.487603,108300,OK
2025-11-17,9996,サトー商会,スタンダード（内国株式）,卸売業,2041,2059,2017,2055,30,1.481481,700,OK
2025-11-17,9997,ベルーナ,プライム（内国株式）,小売業,1032,1038,931,934,-121,-11.469194,3393100,OK
