日付,銘柄コード,銘柄名,市場・商品区分,33業種区分,始値,高値,安値,終値,前日比,前日比％,売買高(株),取得状態
2025-11-20,1301,極洋,プライム（内国株式）,水産・農林業,4640,4690,4580,4670,100,2.188184,54900,OK
2025-11-20,130A,Ｖｅｒｉｔａｓ　Ｉｎ　Ｓｉｌｉｃｏ,グロース（内国株式）,医薬品,513,522,500,505,0,0,39100,OK
2025-11-20,131A,ＣＣＮグループ,TOKYO PRO MARKET（内国株式）,情報･通信業,,,,,,,,NO_QUOTE
2025-11-20,132A,アイエヌホールディングス,TOKYO PRO MARKET（内国株式）,陸運業,,,,,,,,NO_QUOTE
2025-11-20,1332,ニッスイ,プライム（内国株式）,水産・農林業,1196,1235.5,1189,1213,31,2.622673,2071300,OK
2025-11-20,1333,マルハニチロ,プライム（内国株式）,水産・農林業,3676,3742,3647,3672,42,1.157025,233500,OK
2025-11-20,134A,アプライズ,TOKYO PRO MARKET（内国株式）,サービス業,,,,,,,,NO_QUOTE
2025-11-20,135A,ＶＲＡＩＮ　Ｓｏｌｕｔｉｏｎ,グロース（内国株式）,情報･通信業,3425,3540,3360,3430,145,4.414003,95500,OK
2025-11-20,136A,三興商事,TOKYO PRO MARKET（内国株式）,建設業,,,,,,,,NO_QUOTE
2025-11-20,1375,ユキグニファクトリー,プライム（内国株式）,水産・農林業,1020,1024,1018,1018,-1,-0.098135,42500,OK
2025-11-20,1376,カネコ種苗,スタンダード（内国株式）,水産・農林業,1577,1577,1558,1561,-7,-0.446429,13500,OK
2025-11-20,1377,サカタのタネ,プライム（内国株式）,水産・農林業,3910,3940,3900,3925,15,0.383632,104700,OK
2025-11-20,1379,ホクト,プライム（内国株式）,水産・農林業,1965,1980,1955,1975,10,0.508906,75800,OK
2025-11-20,137A,Ｃｏｃｏｌｉｖｅ,グロース（内国株式）,情報･通信業,1061,1076,1059,1064,4,0.377358,7200,OK
2025-11-20,1380,秋川牧園,スタンダード（内国株式）,水産・農林業,990,995,990,994,4,0.40404,1000,OK
2025-11-20,1381,アクシーズ,スタンダード（内国株式）,水産・農林業,3990,4180,3990,4130,110,2.736318,6600,OK
2025-11-20,1382,ホーブ,スタンダード（内国株式）,水産・農林業,1952,1952,1952,1952,7,0.359897,200,OK
2025-11-20,1383,ベルグアース,スタンダード（内国株式）,水産・農林業,2977,2978,2967,2969,-8,-0.268727,2200,OK
2025-11-20,1384,ホクリヨウ,スタンダード（内国株式）,水産・農林業,2973,2995,2922,2964,41,1.402668,34900,OK
2025-11-20,138A,光フードサービス,グロース（内国株式）,小売業,2844,2845,2809,2811,-17,-0.601132,4500,OK
2025-11-20,139A,東日本地所,TOKYO PRO MARKET（内国株式）,不動産業,,,,,,,,NO_QUOTE
2025-11-20,1401,エムビーエス,グロース（内国株式）,建設業,1268,1296,1266,1273,0,0,8700,OK
2025-11-20,1407,ウエストホールディングス,スタンダード（内国株式）,建設業,1389,1404,1315,1334,-58,-4.166667,657800,OK
2025-11-20,1414,ショーボンドホールディングス,プライム（内国株式）,建設業,4926,4953,4902,4908,-13,-0.264174,265900,OK
2025-11-20,1417,ミライト・ワン,プライム（内国株式）,建設業,3166,3204,3156,3164,45,1.44277,219600,OK
2025-11-20,1418,インターライフホールディングス,スタンダード（内国株式）,建設業,533,536,523,530,7,1.338432,103600,OK
2025-11-20,1419,タマホーム,プライム（内国株式）,建設業,3680,3690,3675,3690,20,0.544959,146000,OK
2025-11-20,141A,トライアルホールディングス,グロース（内国株式）,小売業,2285,2300,2258,2263,-4,-0.176445,570300,OK
2025-11-20,1420,サンヨーホームズ,スタンダード（内国株式）,建設業,689,691,688,691,2,0.290276,10300,OK
2025-11-20,1429,日本アクア,プライム（内国株式）,建設業,852,856,847,852,8,0.947867,90000,OK
2025-11-20,142A,ジンジブ,グロース（内国株式）,サービス業,752,752,703,714,-40,-5.30504,43000,OK
2025-11-20,1430,ファーストコーポレーション,スタンダード（内国株式）,建設業,929,932,923,923,-6,-0.645856,29700,OK
2025-11-20,1431,Ｌｉｂ　Ｗｏｒｋ,グロース（内国株式）,建設業,683,689,682,684,2,0.293255,16600,OK
2025-11-20,1432,動力,TOKYO PRO MARKET（内国株式）,建設業,,,,,,,,NO_QUOTE
2025-11-20,1433,ベステラ,プライム（内国株式）,建設業,1067,1076,1064,1067,7,0.660377,31400,OK
2025-11-20,1434,ＪＥＳＣＯホールディングス,スタンダード（内国株式）,建設業,1375,1420,1375,1407,46,3.379868,46200,OK
2025-11-20,1435,ｒｏｂｏｔ　ｈｏｍｅ,スタンダード（内国株式）,不動産業,197,200,196,199,2,1.015228,303300,OK
2025-11-20,1436,グリーンエナジー＆カンパニー,グロース（内国株式）,建設業,2147,2147,2145,2146,-1,-0.046577,2000,OK
2025-11-20,1438,岐阜造園,スタンダード（内国株式）,建設業,1883,1883,1872,1872,2,0.106952,400,OK
2025-11-20,143A,イシン,グロース（内国株式）,サービス業,918,941,918,925,9,0.982533,2500,OK
2025-11-20,1443,技研ホールディングス,スタンダード（内国株式）,建設業,225,229,222,225,0,0,87300,OK
2025-11-20,1444,ニッソウ,グロース（内国株式）,建設業,2850,2850,2850,2850,22,0.777935,300,OK
2025-11-20,1445,ひかりホールディングス,TOKYO PRO MARKET（内国株式）,建設業,,,,,,,,NO_QUOTE
2025-11-20,1446,キャンディル,スタンダード（内国株式）,建設業,554,554,550,552,1,0.181488,3800,OK
2025-11-20,1447,ＳＡＡＦホールディングス,グロース（内国株式）,建設業,253,254,248,249,-4,-1.581028,26800,OK
2025-11-20,144A,エネルギーパワー,TOKYO PRO MARKET（内国株式）,建設業,,,,,,,,NO_QUOTE
2025-11-20,1450,ＴＡＮＡＫＥＮ,スタンダード（内国株式）,建設業,1412,1412,1400,1412,9,0.641483,1800,OK
2025-11-20,1452,横浜ライト工業,TOKYO PRO MARKET（内国株式）,建設業,,,,,,,,NO_QUOTE
2025-11-20,145A,Ｌ　ｉｓ　Ｂ,グロース（内国株式）,情報･通信業,950,958,896,908,-33,-3.506908,82700,OK
2025-11-20,146A,コロンビア・ワークス,スタンダード（内国株式）,不動産業,3305,3315,3205,3205,-55,-1.687117,33100,OK
2025-11-20,147A,ソラコム,グロース（内国株式）,情報･通信業,1047,1052,1021,1038,8,0.776699,94700,OK
2025-11-20,148A,ハッチ・ワーク,グロース（内国株式）,情報･通信業,2090,2101,2014,2030,-10,-0.490196,20900,OK
2025-11-20,1491,中外鉱業,スタンダード（内国株式）,非鉄金属,748,754,729,737,-1,-0.135501,80900,OK
2025-11-20,149A,シンカ,グロース（内国株式）,情報･通信業,816,817,778,789,-26,-3.190184,13100,OK
2025-11-20,150A,ＪＳＨ,グロース（内国株式）,サービス業,408,412,405,409,3,0.738916,7100,OK
2025-11-20,1514,住石ホールディングス,スタンダード（内国株式）,鉱業,556,577,556,572,19,3.435805,233300,OK
2025-11-20,1515,日鉄鉱業,プライム（内国株式）,鉱業,1690,1736,1682,1708,58,3.515152,255800,OK
2025-11-20,1518,三井松島ホールディングス,プライム（内国株式）,その他製品,1292,1326,1290,1313,36,2.819107,275000,OK
2025-11-20,151A,ダイブ,グロース（内国株式）,サービス業,669,673,662,662,0,0,19700,OK
2025-11-20,152A,オプティ,TOKYO PRO MARKET（内国株式）,卸売業,,,,,,,,NO_QUOTE
2025-11-20,153A,カウリス,グロース（内国株式）,情報･通信業,1487,1500,1455,1491,34,2.333562,70800,OK
2025-11-20,154A,ＧＡＩＡ,TOKYO PRO MARKET（内国株式）,その他金融業,,,,,,,,NO_QUOTE
2025-11-20,155A,情報戦略テクノロジー,グロース（内国株式）,情報･通信業,1244,1380,1241,1336,103,8.353609,604300,OK
2025-11-20,156A,マテリアルグループ,グロース（内国株式）,サービス業,706,733,697,700,34,5.105105,350100,OK
2025-11-20,157A,グリーンモンスター,グロース（内国株式）,サービス業,1032,1199,788,846,-216,-20.338983,1768700,OK
2025-11-20,158A,エクセリ,TOKYO PRO MARKET（内国株式）,小売業,,,,,,,,NO_QUOTE
2025-11-20,1605,ＩＮＰＥＸ,プライム（内国株式）,鉱業,3110,3164,3105,3135,60,1.95122,4119500,OK
2025-11-20,160A,アズパートナーズ,スタンダード（内国株式）,サービス業,2605,2605,2520,2524,-31,-1.213307,23300,OK
2025-11-20,161A,三葉,TOKYO PRO MARKET（内国株式）,サービス業,,,,,,,,NO_QUOTE
2025-11-20,164A,アップルパーク,TOKYO PRO MARKET（内国株式）,不動産業,,,,,,,,NO_QUOTE
2025-11-20,165A,ＳＢＩレオスひふみ,グロース（内国株式）,証券･商品先物取引業,210,213,210,212,2,0.952381,263400,OK
2025-11-20,1662,石油資源開発,プライム（内国株式）,鉱業,1373,1390,1364,1376,21,1.549815,916900,OK
2025-11-20,1663,Ｋ＆Ｏエナジーグループ,プライム（内国株式）,鉱業,3455,3520,3435,3490,90,2.647059,139400,OK
2025-11-20,166A,タスキホールディングス,グロース（内国株式）,不動産業,777,782,772,775,11,1.439791,491800,OK
2025-11-20,167A,リョーサン菱洋ホールディングス,プライム（内国株式）,卸売業,2909,2916,2885,2899,47,1.647966,187900,OK
2025-11-20,168A,イタミアート,グロース（内国株式）,その他製品,1248,1261,1230,1248,0,0,13100,OK
2025-11-20,1711,ＳＤＳホールディングス,スタンダード（内国株式）,建設業,305,309,290,296,-9,-2.95082,265100,OK
2025-11-20,1712,ダイセキ環境ソリューション,スタンダード（内国株式）,建設業,1838,1842,1838,1838,1,0.054437,9200,OK
2025-11-20,1716,第一カッター興業,スタンダード（内国株式）,建設業,1359,1386,1359,1376,22,1.624815,11800,OK
2025-11-20,1717,明豊ファシリティワークス,スタンダード（内国株式）,サービス業,1037,1050,1031,1039,4,0.386473,17600,OK
2025-11-20,1718,美樹工業,スタンダード（内国株式）,建設業,7990,8030,7870,8030,70,0.879397,3600,OK
2025-11-20,1719,安藤・間,プライム（内国株式）,建設業,1791,1807,1782,1804.5,30.5,1.719278,732700,OK
2025-11-20,171A,ゼロジャパン,TOKYO PRO MARKET（内国株式）,卸売業,,,,,,,,NO_QUOTE
2025-11-20,1720,東急建設,プライム（内国株式）,建設業,1128,1138,1118,1131,14,1.253357,293300,OK
2025-11-20,1721,コムシスホールディングス,プライム（内国株式）,建設業,4097,4180,4093,4114,40,0.981836,470900,OK
2025-11-20,1723,日本電技,スタンダード（内国株式）,建設業,6360,6400,6280,6310,70,1.121795,26100,OK
2025-11-20,1724,シンクレイヤ,スタンダード（内国株式）,建設業,693,706,693,697,4,0.577201,3300,OK
2025-11-20,1726,ビーアールホールディングス,プライム（内国株式）,建設業,329,329,327,328,1,0.30581,102900,OK
2025-11-20,172A,ネオホーム,TOKYO PRO MARKET（内国株式）,不動産業,,,,,,,,NO_QUOTE
2025-11-20,1736,オーテック,スタンダード（内国株式）,建設業,2164,2192,2105,2191,77,3.642384,5400,OK
2025-11-20,173A,ハンモック,グロース（内国株式）,情報･通信業,1512,1512,1480,1485,3,0.202429,3300,OK
2025-11-20,1743,コーアツ工業,スタンダード（内国株式）,建設業,1824,1828,1823,1823,0,0,2100,OK
2025-11-20,1758,太洋基礎工業,スタンダード（内国株式）,建設業,2178,2201,2178,2201,5,0.227687,400,OK
2025-11-20,175A,Ｗｉｌｌ　Ｓｍａｒｔ,グロース（内国株式）,情報･通信業,1000,1013,985,985,-4,-0.404449,3200,OK
2025-11-20,1762,高松コンストラクショングループ,プライム（内国株式）,建設業,3740,3845,3720,3785,85,2.297297,68400,OK
2025-11-20,1764,工藤建設,スタンダード（内国株式）,建設業,2736,2737,2712,2712,-8,-0.294118,800,OK
2025-11-20,1766,東建コーポレーション,プライム（内国株式）,建設業,14220,14380,14220,14270,100,0.705716,9600,OK
2025-11-20,1768,ソネック,スタンダード（内国株式）,建設業,1390,1391,1339,1341,-40,-2.896452,18400,OK
2025-11-20,176A,レジル,グロース（内国株式）,電気･ガス業,2728,2733,2728,2733,5,0.183284,3100,OK
2025-11-20,1770,藤田エンジニアリング,スタンダード（内国株式）,建設業,1659,1659,1641,1649,-9,-0.542823,1600,OK
2025-11-20,1776,三井住建道路,スタンダード（内国株式）,建設業,1449,1449,1438,1449,3,0.207469,5400,OK
2025-11-20,177A,コージンバイオ,グロース（内国株式）,化学,1550,1550,1533,1538,-9,-0.581771,5300,OK
2025-11-20,1780,ヤマウラ,プライム（内国株式）,建設業,1463,1477,1455,1468,16,1.101928,14900,OK
2025-11-20,1783,ｆａｎｔａｓｉｓｔａ,スタンダード（内国株式）,不動産業,66,67,61,63,-3,-4.545455,2290100,OK
2025-11-20,1786,オリエンタル白石,プライム（内国株式）,建設業,407,410,405,410,4,0.985222,266800,OK
2025-11-20,1787,ナカボーテック,スタンダード（内国株式）,建設業,5220,5220,5220,5220,0,0,200,OK
2025-11-20,1788,三東工業社,スタンダード（内国株式）,建設業,4625,4680,4625,4680,80,1.73913,300,OK
2025-11-20,1793,大本組,スタンダード（内国株式）,建設業,1410,1410,1388,1388,-12,-0.857143,700,OK
2025-11-20,1795,マサル,スタンダード（内国株式）,建設業,,,,,,,,NO_QUOTE
2025-11-20,1798,守谷商会,スタンダード（内国株式）,建設業,6650,6700,6470,6470,-140,-2.118003,7400,OK
2025-11-20,1799,第一建設工業,スタンダード（内国株式）,建設業,3385,3420,3375,3395,55,1.646707,13700,OK
2025-11-20,1801,大成建設,プライム（内国株式）,建設業,12985,13290,12735,13060,430,3.404592,915300,OK
2025-11-20,1802,大林組,プライム（内国株式）,建設業,2944,2985,2912.5,2976.5,73,2.514207,4435000,OK
2025-11-20,1803,清水建設,プライム（内国株式）,建設業,2529,2559,2484.5,2539.5,54.5,2.193159,2605900,OK
2025-11-20,1807,佐藤渡辺,スタンダード（内国株式）,建設業,1701,1715,1694,1700,-4,-0.234742,3100,OK
2025-11-20,1808,長谷工コーポレーション,プライム（内国株式）,建設業,2849,2883.5,2832,2844.5,-5,-0.175469,744000,OK
2025-11-20,1810,松井建設,スタンダード（内国株式）,建設業,1451,1468,1435,1456,34,2.390999,30900,OK
2025-11-20,1811,錢高組,スタンダード（内国株式）,建設業,7740,7870,7420,7490,-250,-3.229974,16200,OK
2025-11-20,1812,鹿島建設,プライム（内国株式）,建設業,5600,5658,5491,5611,111,2.018182,1558100,OK
2025-11-20,1813,不動テトラ,プライム（内国株式）,建設業,2443,2463,2433,2440,18,0.743187,84100,OK
2025-11-20,1814,大末建設,プライム（内国株式）,建設業,3570,3570,3470,3475,-40,-1.13798,75800,OK
2025-11-20,1815,鉄建建設,プライム（内国株式）,建設業,3850,3890,3825,3825,20,0.525624,41200,OK
2025-11-20,1820,西松建設,プライム（内国株式）,建設業,5480,5565,5453,5540,138,2.554609,132400,OK
2025-11-20,1821,三井住友建設,プライム（内国株式）,建設業,597,598,596,596,0,0,792500,OK
2025-11-20,1822,大豊建設,スタンダード（内国株式）,建設業,773,774,759,762,-4,-0.522193,247900,OK
2025-11-20,1826,佐田建設,スタンダード（内国株式）,建設業,1127,1137,1127,1136,14,1.247772,14400,OK
2025-11-20,1827,ナカノフドー建設,スタンダード（内国株式）,建設業,1041,1069,1034,1034,-5,-0.481232,64500,OK
2025-11-20,1828,田辺工業,スタンダード（内国株式）,建設業,2403,2423,2400,2415,27,1.130653,5900,OK
2025-11-20,1833,奥村組,プライム（内国株式）,建設業,5640,5680,5600,5650,40,0.713012,331600,OK
2025-11-20,1835,東鉄工業,プライム（内国株式）,建設業,4145,4180,4120,4150,20,0.484262,52800,OK
2025-11-20,1840,土屋ホールディングス,スタンダード（内国株式）,建設業,217,218,214,215,-2,-0.921659,107900,OK
2025-11-20,1841,サンユー建設,スタンダード（内国株式）,建設業,1613,1620,1611,1620,6,0.371747,4800,OK
2025-11-20,1844,大盛工業,スタンダード（内国株式）,建設業,622,622,604,610,2,0.328947,310800,OK
2025-11-20,1847,イチケン,スタンダード（内国株式）,建設業,4285,4325,4225,4240,35,0.832342,15800,OK
2025-11-20,1848,富士ピー・エス,スタンダード（内国株式）,建設業,520,526,519,521,-5,-0.95057,12000,OK
2025-11-20,184A,学びエイド,グロース（内国株式）,情報･通信業,500,550,500,531,25,4.940711,18700,OK
2025-11-20,1850,南海辰村建設,スタンダード（内国株式）,建設業,601,614,599,604,12,2.027027,127400,OK
2025-11-20,1852,淺沼組,プライム（内国株式）,建設業,950,971,947,963,17,1.79704,362300,OK
2025-11-20,1853,森組,スタンダード（内国株式）,建設業,322,322,317,318,-2,-0.625,65500,OK
2025-11-20,185A,リサイクルテック・ジャパン,TOKYO PRO MARKET（内国株式）,サービス業,,,,,,,,NO_QUOTE
2025-11-20,1860,戸田建設,プライム（内国株式）,建設業,1117.5,1134.5,1116,1127,9,0.805009,685400,OK
2025-11-20,1861,熊谷組,プライム（内国株式）,建設業,1488,1509,1474,1500,30,2.040816,569700,OK
2025-11-20,1866,北野建設,スタンダード（内国株式）,建設業,1274,1283,1262,1278,21,1.670644,6700,OK
2025-11-20,1867,植木組,スタンダード（内国株式）,建設業,2593,2635,2590,2629,63,2.455183,4900,OK
2025-11-20,186A,アストロスケールホールディングス,グロース（内国株式）,サービス業,678,700,672,694,29,4.360902,2476300,OK
2025-11-20,1870,矢作建設工業,プライム（内国株式）,建設業,2140,2165,2112,2119,-5,-0.235405,184100,OK
2025-11-20,1871,ピーエス・コンストラクション,プライム（内国株式）,建設業,2178,2214,2156,2200,46,2.135562,107700,OK
2025-11-20,1873,日本ハウスホールディングス,プライム（内国株式）,建設業,309,311,307,309,3,0.980392,73600,OK
2025-11-20,1878,大東建託,プライム（内国株式）,不動産業,2925,2944,2904,2904,-21,-0.717949,1393000,OK
2025-11-20,1879,新日本建設,プライム（内国株式）,建設業,1849,1854,1832,1848,14,0.763359,42300,OK
2025-11-20,1882,東亜道路工業,プライム（内国株式）,建設業,1571,1598,1569,1592,21,1.336728,260500,OK
2025-11-20,1885,東亜建設工業,プライム（内国株式）,建設業,2659,2731,2621,2671,112,4.37671,804800,OK
2025-11-20,1887,日本国土開発,プライム（内国株式）,建設業,541,543,539,539,0,0,273100,OK
2025-11-20,1888,若築建設,プライム（内国株式）,建設業,4445,4520,4400,4400,-25,-0.564972,15700,OK
2025-11-20,1890,東洋建設,プライム（内国株式）,建設業,1741,1744,1740,1740,-1,-0.057438,473300,OK
2025-11-20,1893,五洋建設,プライム（内国株式）,建設業,1563,1603,1543.5,1572,49,3.217334,3489500,OK
2025-11-20,1897,金下建設,スタンダード（内国株式）,建設業,2940,2940,2921,2921,-19,-0.646259,200,OK
2025-11-20,1898,世紀東急工業,プライム（内国株式）,建設業,1569,1582,1565,1570,7,0.447857,130400,OK
2025-11-20,1899,福田組,プライム（内国株式）,建設業,7530,7560,7400,7450,30,0.404313,13600,OK
2025-11-20,189A,Ｄ＆Ｍカンパニー,グロース（内国株式）,サービス業,1066,1066,1019,1044,3,0.288184,5600,OK
2025-11-20,1904,大成温調,スタンダード（内国株式）,建設業,4170,4225,4170,4190,35,0.842359,6500,OK
2025-11-20,1905,テノックス,スタンダード（内国株式）,建設業,1254,1293,1233,1283,38,3.052209,4800,OK
2025-11-20,1909,日本ドライケミカル,スタンダード（内国株式）,機械,7990,7990,7810,7870,-20,-0.253485,33700,OK
2025-11-20,190A,Ｃｈｏｒｄｉａ　Ｔｈｅｒａｐｅｕｔｉｃｓ,グロース（内国株式）,医薬品,101,103,98,101,0,0,1314000,OK
2025-11-20,1911,住友林業,プライム（内国株式）,建設業,1550.5,1551,1516,1519.5,-20,-1.299123,3834900,OK
2025-11-20,1914,日本基礎技術,スタンダード（内国株式）,建設業,658,659,650,658,5,0.765697,27400,OK
2025-11-20,191A,ミモザ,TOKYO PRO MARKET（内国株式）,サービス業,,,,,,,,NO_QUOTE
2025-11-20,1921,巴コーポレーション,スタンダード（内国株式）,建設業,2018,2082,1999,2065,64,3.198401,46300,OK
2025-11-20,1925,大和ハウス工業,プライム（内国株式）,建設業,5201,5264,5185,5198,-16,-0.306866,1471400,OK
2025-11-20,1926,ライト工業,プライム（内国株式）,建設業,3265,3280,3205,3220,-30,-0.923077,125600,OK
2025-11-20,1928,積水ハウス,プライム（内国株式）,建設業,3318,3341,3300,3300,-12,-0.362319,1675300,OK
2025-11-20,1929,日特建設,プライム（内国株式）,建設業,1207,1218,1201,1213,18,1.506276,68600,OK
2025-11-20,192A,インテグループ,グロース（内国株式）,サービス業,2009,2017,2007,2011,4,0.199302,2400,OK
2025-11-20,1930,北陸電気工事,プライム（内国株式）,建設業,1339,1355,1328,1353,31,2.344932,54200,OK
2025-11-20,1934,ユアテック,プライム（内国株式）,建設業,2581,2603,2567,2580,49,1.935994,176400,OK
2025-11-20,1938,日本リーテック,プライム（内国株式）,建設業,2033,2074,2033,2065,49,2.430556,22300,OK
2025-11-20,1939,四電工,プライム（内国株式）,建設業,1428,1440,1425,1431,16,1.130742,66100,OK
2025-11-20,1941,中電工,プライム（内国株式）,建設業,4300,4360,4250,4330,90,2.122642,95800,OK
2025-11-20,1942,関電工,プライム（内国株式）,建設業,4800,4885,4777,4851,121,2.55814,1159300,OK
2025-11-20,1944,きんでん,プライム（内国株式）,建設業,6300,6376,6239,6317,128,2.068185,343500,OK
2025-11-20,1945,東京エネシス,プライム（内国株式）,建設業,1878,1912,1837,1861,63,3.503893,288400,OK
2025-11-20,1946,トーエネック,プライム（内国株式）,建設業,1788,1823,1778,1811,63,3.604119,186600,OK
2025-11-20,1948,弘電社,スタンダード（内国株式）,建設業,2728,2820,2728,2781,63,2.317881,26100,OK
2025-11-20,1949,住友電設,プライム（内国株式）,建設業,9740,9740,9730,9730,0,0,146700,OK
2025-11-20,194A,ＷＯＬＶＥＳ　ＨＡＮＤ,グロース（内国株式）,サービス業,2060,2391,2060,2257,216,10.583048,333800,OK
2025-11-20,1950,日本電設工業,プライム（内国株式）,建設業,3075,3075,3025,3040,54,1.808439,79400,OK
2025-11-20,1951,エクシオグループ,プライム（内国株式）,建設業,2362,2392.5,2355,2367,23.5,1.002774,516400,OK
2025-11-20,1952,新日本空調,プライム（内国株式）,建設業,2910,2977,2905,2943,42,1.447777,175200,OK
2025-11-20,1959,クラフティア,プライム（内国株式）,建設業,7761,7761,7618,7686,225,3.015682,230700,OK
2025-11-20,195A,ＭＵＳＣＡＴ　ＧＲＯＵＰ,グロース（内国株式）,サービス業,869,930,859,930,61,7.019563,9400,OK
2025-11-20,1960,サンテック,スタンダード（内国株式）,建設業,1397,1397,1369,1381,20,1.469508,19700,OK
2025-11-20,1961,三機工業,プライム（内国株式）,建設業,5380,5470,5360,5440,160,3.030303,204400,OK
2025-11-20,1963,日揮ホールディングス,プライム（内国株式）,建設業,1864.5,1903.5,1831,1872,35.5,1.933025,2685900,OK
2025-11-20,1964,中外炉工業,プライム（内国株式）,建設業,4380,4455,4340,4400,90,2.088167,89600,OK
2025-11-20,1965,テクノ菱和,スタンダード（内国株式）,建設業,5730,5760,5610,5680,70,1.247772,71100,OK
2025-11-20,1966,高田工業所,スタンダード（内国株式）,建設業,1737,1739,1722,1727,13,0.75846,10600,OK
2025-11-20,1967,ヤマト,スタンダード（内国株式）,建設業,1859,1929,1859,1909,50,2.689618,73500,OK
2025-11-20,1968,太平電業,プライム（内国株式）,建設業,2160,2176,2137,2154,25,1.17426,104400,OK
2025-11-20,1969,高砂熱学工業,プライム（内国株式）,建設業,4440,4462,4376,4392,72,1.666667,453000,OK
2025-11-20,196A,ＭＦＳ,グロース（内国株式）,その他金融業,264,270,262,269,7,2.671756,58500,OK
2025-11-20,1972,三晃金属工業,スタンダード（内国株式）,建設業,1374,1382,1365,1379,16,1.173881,42200,OK
2025-11-20,1975,朝日工業社,プライム（内国株式）,建設業,2916,2980,2905,2931,65,2.267969,112700,OK
2025-11-20,1976,明星工業,プライム（内国株式）,建設業,1610,1624,1607,1614,20,1.254705,53100,OK
2025-11-20,1979,大氣社,プライム（内国株式）,建設業,3145,3145,3095,3120,25,0.807754,122100,OK
2025-11-20,197A,タウンズ,スタンダード（内国株式）,医薬品,492,496,489,490,-1,-0.203666,659800,OK
2025-11-20,1980,ダイダン,プライム（内国株式）,建設業,6900,6930,6740,6840,130,1.937407,196800,OK
2025-11-20,1981,協和日成,スタンダード（内国株式）,建設業,1539,1539,1539,1539,14,0.918033,100,OK
2025-11-20,1982,日比谷総合設備,プライム（内国株式）,建設業,4580,4615,4535,4575,65,1.441242,33400,OK
2025-11-20,198A,ＰｏｓｔＰｒｉｍｅ,グロース（内国株式）,情報･通信業,214,217,205,207,-9,-4.166667,182800,OK
2025-11-20,1992,神田通信機,スタンダード（内国株式）,建設業,2690,2700,2660,2700,15,0.558659,700,OK
2025-11-20,1994,高橋カーテンウォール工業,スタンダード（内国株式）,建設業,509,509,507,509,3,0.592885,2000,OK
2025-11-20,1997,暁飯島工業,スタンダード（内国株式）,建設業,3540,3565,3530,3565,40,1.134752,700,OK
2025-11-20,199A,メディエア,TOKYO PRO MARKET（内国株式）,情報･通信業,,,,,,,,NO_QUOTE
2025-11-20,2001,ニップン,プライム（内国株式）,食料品,2260,2278,2254,2254,-16,-0.704846,321600,OK
2025-11-20,2002,日清製粉グループ本社,プライム（内国株式）,食料品,1825.5,1856,1820,1820.5,-24.5,-1.327913,788600,OK
2025-11-20,2003,日東富士製粉,スタンダード（内国株式）,食料品,6840,6880,6820,6850,20,0.292826,3800,OK
2025-11-20,2004,昭和産業,プライム（内国株式）,食料品,3005,3015,2982,2998,0,0,22700,OK
2025-11-20,2009,鳥越製粉,スタンダード（内国株式）,食料品,1114,1120,1105,1120,22,2.003643,43300,OK
2025-11-20,202A,豆蔵,グロース（内国株式）,情報･通信業,2794,2919,2756,2805,184,7.020221,317000,OK
2025-11-20,203A,シュンビン,TOKYO PRO MARKET（内国株式）,サービス業,,,,,,,,NO_QUOTE
2025-11-20,204A,タイヨーパッケージ,TOKYO PRO MARKET（内国株式）,パルプ・紙,,,,,,,,NO_QUOTE
2025-11-20,2053,中部飼料,プライム（内国株式）,食料品,1735,1750,1724,1742,18,1.044084,40700,OK
2025-11-20,2055,日和産業,スタンダード（内国株式）,食料品,341,344,341,343,3,0.882353,3500,OK
2025-11-20,205A,ロゴスホールディングス,グロース（内国株式）,建設業,1551,1649,1551,1601,68,4.435747,30900,OK
2025-11-20,2060,フィード・ワン,プライム（内国株式）,食料品,1012,1031,1008,1029,17,1.679842,91300,OK
2025-11-20,206A,ＰＲＩＳＭ　ＢｉｏＬａｂ,グロース（内国株式）,医薬品,170,173,165,168,-2,-1.176471,656900,OK
2025-11-20,207A,ライジングコーポレーション,TOKYO PRO MARKET（内国株式）,建設業,,,,,,,,NO_QUOTE
2025-11-20,208A,構造計画研究所ホールディングス,スタンダード（内国株式）,情報･通信業,3060,3080,3045,3045,-20,-0.652529,4000,OK
2025-11-20,209A,小野谷機工,TOKYO PRO MARKET（内国株式）,機械,,,,,,,,NO_QUOTE
2025-11-20,2108,日本甜菜製糖,プライム（内国株式）,食料品,3400,3575,3400,3540,165,4.888889,62600,OK
2025-11-20,2109,ＤＭ三井製糖,プライム（内国株式）,食料品,3225,3240,3215,3220,-10,-0.309598,33700,OK
2025-11-20,2112,塩水港精糖,スタンダード（内国株式）,食料品,530,545,530,535,22,4.288499,292400,OK
2025-11-20,2114,フジ日本,スタンダード（内国株式）,食料品,1064,1064,1055,1058,6,0.570342,5400,OK
2025-11-20,2117,ウェルネオシュガー,プライム（内国株式）,食料品,2753,2788,2752,2765,15,0.545455,41500,OK
2025-11-20,211A,カドス・コーポレーション,スタンダード（内国株式）,建設業,4175,4210,4130,4130,-50,-1.196172,8200,OK
2025-11-20,2120,ＬＩＦＵＬＬ,プライム（内国株式）,サービス業,167,168,165,165,0,0,682600,OK
2025-11-20,2121,ＭＩＸＩ,プライム（内国株式）,情報･通信業,2900,2905,2851,2851,-20,-0.696621,286200,OK
2025-11-20,2122,インタースペース,スタンダード（内国株式）,サービス業,1210,1216,1202,1202,-6,-0.496689,9400,OK
2025-11-20,2124,ジェイエイシーリクルートメント,プライム（内国株式）,サービス業,1085,1092,1076,1078,3,0.27907,204700,OK
2025-11-20,2127,日本Ｍ＆Ａセンターホールディングス,プライム（内国株式）,サービス業,720,721.4,710,719,9,1.267606,1189500,OK
2025-11-20,212A,フィットイージー,プライム（内国株式）,サービス業,2602,2617,2532,2542,-29,-1.127966,112300,OK
2025-11-20,2130,メンバーズ,プライム（内国株式）,サービス業,1130,1130,1097,1102,-22,-1.957295,80300,OK
2025-11-20,2134,北浜キャピタルパートナーズ,スタンダード（内国株式）,サービス業,28,35,26,32,6,23.076923,46312100,OK
2025-11-20,2136,ヒップ,スタンダード（内国株式）,サービス業,1457,1479,1454,1464,-5,-0.340368,1700,OK
2025-11-20,2138,クルーズ,スタンダード（内国株式）,情報･通信業,563,568,556,567,-1,-0.176056,18800,OK
2025-11-20,2139,中広,スタンダード（内国株式）,サービス業,423,423,417,417,-6,-1.41844,2900,OK
2025-11-20,2146,ＵＴグループ,プライム（内国株式）,サービス業,2665,2698,2643,2682,51,1.938426,580600,OK
2025-11-20,2148,アイティメディア,プライム（内国株式）,サービス業,1526,1533,1511,1511,-10,-0.657462,68000,OK
2025-11-20,2150,ケアネット,プライム（内国株式）,サービス業,1123,1124,1123,1123,0,0,51000,OK
2025-11-20,2152,幼児活動研究会,スタンダード（内国株式）,サービス業,1399,1400,1391,1391,3,0.216138,700,OK
2025-11-20,2153,Ｅ・Ｊホールディングス,プライム（内国株式）,サービス業,1650,1658,1647,1649,10,0.610128,32900,OK
2025-11-20,2154,オープンアップグループ,プライム（内国株式）,サービス業,1768,1774,1760,1768,17,0.970874,137500,OK
2025-11-20,2156,セーラー広告,スタンダード（内国株式）,サービス業,306,313,306,311,3,0.974026,8200,OK
2025-11-20,2157,コシダカホールディングス,プライム（内国株式）,サービス業,1167,1172,1157,1157,-4,-0.344531,108100,OK
2025-11-20,2158,ＦＲＯＮＴＥＯ,グロース（内国株式）,サービス業,927,949,905,923,26,2.898551,693200,OK
2025-11-20,215A,タイミー,グロース（内国株式）,サービス業,1410,1417,1358,1361,-33,-2.367288,1124800,OK
2025-11-20,2160,ジーエヌアイグループ,グロース（内国株式）,医薬品,2460,2482,2383,2460,46,1.905551,1159800,OK
2025-11-20,2162,ｎｍｓ　ホールディングス,スタンダード（内国株式）,サービス業,430,437,428,436,6,1.395349,17800,OK
2025-11-20,2163,アルトナー,プライム（内国株式）,サービス業,1958,1967,1947,1955,8,0.410889,15900,OK
2025-11-20,2164,地域新聞社,グロース（内国株式）,サービス業,265,280,265,268,3,1.132075,33600,OK
2025-11-20,2168,パソナグループ,プライム（内国株式）,サービス業,1844,1859,1837,1837,-2,-0.108755,140200,OK
2025-11-20,2169,ＣＤＳ,スタンダード（内国株式）,サービス業,1799,1800,1796,1799,5,0.278707,2000,OK
2025-11-20,216A,ライフクリエイト,TOKYO PRO MARKET（内国株式）,小売業,,,,,,,,NO_QUOTE
2025-11-20,2170,リンクアンドモチベーション,プライム（内国株式）,サービス業,487,489,479,479,0,0,428800,OK
2025-11-20,2173,博展,グロース（内国株式）,サービス業,789,828,788,808,6,0.74813,139800,OK
2025-11-20,2175,エス・エム・エス,プライム（内国株式）,サービス業,1320,1328,1294,1300,10,0.775194,367800,OK
2025-11-20,2179,成学社,スタンダード（内国株式）,サービス業,782,782,778,778,1,0.1287,700,OK
2025-11-20,217A,サポート,TOKYO PRO MARKET（内国株式）,サービス業,,,,,,,,NO_QUOTE
2025-11-20,2180,サニーサイドアップグループ,スタンダード（内国株式）,サービス業,865,896,864,895,33,3.828306,71200,OK
2025-11-20,2181,パーソルホールディングス,プライム（内国株式）,サービス業,282,287.5,280.6,285.5,3.5,1.241135,8890100,OK
2025-11-20,2183,リニカル,スタンダード（内国株式）,サービス業,303,303,299,301,0,0,14500,OK
2025-11-20,2185,シイエム・シイ,スタンダード（内国株式）,サービス業,1670,1683,1670,1671,11,0.662651,6900,OK
2025-11-20,2186,ソーバル,スタンダード（内国株式）,サービス業,898,899,896,897,-1,-0.111359,1700,OK
2025-11-20,218A,Ｌｉｂｅｒａｗａｒｅ,グロース（内国株式）,精密機器,1345,1374,1298,1332,5,0.37679,979800,OK
2025-11-20,2193,クックパッド,スタンダード（内国株式）,サービス業,156,157,153,153,-2,-1.290323,500100,OK
2025-11-20,2195,アミタホールディングス,グロース（内国株式）,サービス業,314,314,310,310,0,0,5100,OK
2025-11-20,2196,エスクリ,スタンダード（内国株式）,サービス業,171,173,169,170,-2,-1.162791,107000,OK
2025-11-20,2198,アイ・ケイ・ケイホールディングス,プライム（内国株式）,サービス業,755,755,751,753,1,0.132979,20600,OK
2025-11-20,219A,Ｈｅａｒｔｓｅｅｄ,グロース（内国株式）,医薬品,1725,1749,1692,1718,3,0.174927,359600,OK
2025-11-20,2201,森永製菓,プライム（内国株式）,食料品,2676,2687.5,2641.5,2641.5,-36,-1.344538,304700,OK
2025-11-20,2204,中村屋,スタンダード（内国株式）,食料品,3040,3040,3030,3030,-5,-0.164745,4200,OK
2025-11-20,2206,江崎グリコ,プライム（内国株式）,食料品,5285,5326,5280,5280,-33,-0.621118,220300,OK
2025-11-20,2207,ｍｅｉｔｏ,プライム（内国株式）,食料品,2195,2230,2195,2204,14,0.639269,117400,OK
2025-11-20,2208,ブルボン,スタンダード（内国株式）,食料品,2410,2415,2408,2415,6,0.249066,7000,OK
2025-11-20,2209,井村屋グループ,プライム（内国株式）,食料品,2510,2529,2504,2521,0,0,14600,OK
2025-11-20,220A,Ｆａｂｅｒ　Ｃｏｍｐａｎｙ,スタンダード（内国株式）,情報･通信業,993,1018,980,985,-4,-0.404449,5000,OK
2025-11-20,2211,不二家,プライム（内国株式）,食料品,2627,2634,2605,2606,-20,-0.761615,31300,OK
2025-11-20,2212,山崎製パン,プライム（内国株式）,食料品,3220,3220,3171,3175,-60,-1.854714,399600,OK
2025-11-20,2215,第一屋製パン,スタンダード（内国株式）,食料品,610,610,606,606,0,0,13900,OK
2025-11-20,2216,カンロ,スタンダード（内国株式）,食料品,1536,1557,1520,1535,-28,-1.791427,138700,OK
2025-11-20,2217,モロゾフ,プライム（内国株式）,食料品,1523,1532,1518,1518,-5,-0.328299,20000,OK
2025-11-20,2220,亀田製菓,プライム（内国株式）,食料品,3915,3940,3905,3925,10,0.255428,35500,OK
2025-11-20,2221,岩塚製菓,スタンダード（内国株式）,食料品,2938,2977,2933,2960,22,0.748809,6800,OK
2025-11-20,2222,寿スピリッツ,プライム（内国株式）,食料品,1730.5,1745,1718.5,1719.5,-8,-0.463097,757300,OK
2025-11-20,2224,コモ,スタンダード（内国株式）,食料品,3260,3275,3260,3270,20,0.615385,1800,OK
2025-11-20,2226,湖池屋,スタンダード（内国株式）,食料品,4600,4600,4585,4585,0,0,1800,OK
2025-11-20,2229,カルビー,プライム（内国株式）,食料品,2938,2948.5,2879,2896.5,-49.5,-1.680244,453600,OK
2025-11-20,222A,ＮＩＣＳ,TOKYO PRO MARKET（内国株式）,情報･通信業,,,,,,,,NO_QUOTE
2025-11-20,2264,森永乳業,プライム（内国株式）,食料品,3776,3787,3685,3699,-77,-2.039195,320300,OK
2025-11-20,2266,六甲バター,プライム（内国株式）,食料品,1216,1225,1210,1216,2,0.164745,23400,OK
2025-11-20,2267,ヤクルト本社,プライム（内国株式）,食料品,2579,2619,2537.5,2584.5,-4,-0.15453,1814400,OK
2025-11-20,2268,Ｂ−Ｒ　サーティワン　アイスクリーム,スタンダード（内国株式）,食料品,4045,4050,4040,4045,10,0.247831,14500,OK
2025-11-20,2269,明治ホールディングス,プライム（内国株式）,食料品,3152,3194,3128,3159,-38,-1.188614,2798400,OK
2025-11-20,226A,勝美ジャパン,TOKYO PRO MARKET（内国株式）,食料品,,,,,,,,NO_QUOTE
2025-11-20,2270,雪印メグミルク,プライム（内国株式）,食料品,2977,2985,2952,2954,-23,-0.77259,194800,OK
2025-11-20,227A,ＩＮＳＩＧＨＴ　ＬＡＢ,TOKYO PRO MARKET（内国株式）,情報･通信業,,,,,,,,NO_QUOTE
2025-11-20,2281,プリマハム,プライム（内国株式）,食料品,2560,2563,2523,2527,-29,-1.134585,103200,OK
2025-11-20,2282,日本ハム,プライム（内国株式）,食料品,6912,6978,6873,6879,-79,-1.135384,462100,OK
2025-11-20,2286,林兼産業,スタンダード（内国株式）,食料品,706,714,706,706,-1,-0.141443,21200,OK
2025-11-20,2288,丸大食品,プライム（内国株式）,食料品,2123,2130,2107,2120,5,0.236407,50800,OK
2025-11-20,228A,オプロ,グロース（内国株式）,情報･通信業,2320,2370,2305,2349,58,2.531646,4000,OK
2025-11-20,2291,福留ハム,スタンダード（内国株式）,食料品,592,609,582,596,5,0.846024,28600,OK
2025-11-20,2292,Ｓ　Ｆｏｏｄｓ,プライム（内国株式）,食料品,2554,2574,2549,2553,-1,-0.039154,76600,OK
2025-11-20,2293,滝沢ハム,スタンダード（内国株式）,食料品,2648,2648,2630,2630,-18,-0.679758,1000,OK
2025-11-20,2294,柿安本店,プライム（内国株式）,食料品,2617,2622,2606,2607,-4,-0.153198,17100,OK
2025-11-20,2296,伊藤ハム米久ホールディングス,プライム（内国株式）,食料品,5610,5620,5560,5570,-40,-0.713012,109700,OK
2025-11-20,229A,アスミホールディングス,TOKYO PRO MARKET（内国株式）,建設業,,,,,,,,NO_QUOTE
2025-11-20,2300,きょくとう,スタンダード（内国株式）,サービス業,512,514,510,510,0,0,2500,OK
2025-11-20,2301,学情,プライム（内国株式）,サービス業,1564,1574,1556,1556,0,0,62100,OK
2025-11-20,2303,ドーン,スタンダード（内国株式）,情報･通信業,2428,2460,2404,2404,-7,-0.290336,5300,OK
2025-11-20,2304,ＣＳＳホールディングス,スタンダード（内国株式）,サービス業,938,943,927,942,5,0.533618,21900,OK
2025-11-20,2305,スタジオアリス,スタンダード（内国株式）,サービス業,2017,2021,2012,2014,-3,-0.148736,10400,OK
2025-11-20,2307,クロスキャット,プライム（内国株式）,情報･通信業,1035,1041,1031,1035,5,0.485437,17900,OK
2025-11-20,2311,エプコ,スタンダード（内国株式）,サービス業,792,797,790,796,6,0.759494,7000,OK
2025-11-20,2315,ＣＡＩＣＡ　ＤＩＧＩＴＡＬ,スタンダード（内国株式）,情報･通信業,86,87,82,86,2,2.380952,2793600,OK
2025-11-20,2317,システナ,プライム（内国株式）,情報･通信業,502,504,494,494,0,0,790800,OK
2025-11-20,2321,ソフトフロントホールディングス,グロース（内国株式）,情報･通信業,212,220,210,214,5,2.392344,1171200,OK
2025-11-20,2323,ｆｏｎｆｕｎ,スタンダード（内国株式）,情報･通信業,773,784,742,747,-11,-1.451187,32200,OK
2025-11-20,2325,ＮＪＳ,プライム（内国株式）,サービス業,5000,5040,4910,4925,-5,-0.10142,28300,OK
2025-11-20,2326,デジタルアーツ,プライム（内国株式）,情報･通信業,6960,7080,6850,6940,-20,-0.287356,106800,OK
2025-11-20,2327,日鉄ソリューションズ,プライム（内国株式）,情報･通信業,3612,3633,3564,3583,-47,-1.294766,264700,OK
2025-11-20,2329,東北新社,スタンダード（内国株式）,情報･通信業,645,659,645,655,11,1.708075,61000,OK
2025-11-20,2330,フォーサイド,スタンダード（内国株式）,情報･通信業,187,190,184,189,7,3.846154,642400,OK
2025-11-20,2331,ＡＬＳＯＫ,プライム（内国株式）,サービス業,1180,1199.5,1178,1196.5,22.5,1.916525,830300,OK
2025-11-20,2332,クエスト,スタンダード（内国株式）,情報･通信業,1547,1555,1535,1543,-3,-0.194049,4400,OK
2025-11-20,2334,イオレ,グロース（内国株式）,サービス業,445,449,405,430,-13,-2.934537,2715600,OK
2025-11-20,2335,キューブシステム,プライム（内国株式）,情報･通信業,1059,1062,1052,1061,11,1.047619,18100,OK
2025-11-20,2337,いちご,プライム（内国株式）,不動産業,394,402,393,399,8,2.046036,1321600,OK
2025-11-20,2338,クオンタムソリューションズ,スタンダード（内国株式）,情報･通信業,474,474,460,470,2,0.42735,137800,OK
2025-11-20,2340,極楽湯ホールディングス,スタンダード（内国株式）,サービス業,471,473,468,472,1,0.212314,53800,OK
2025-11-20,2341,アルバイトタイムス,スタンダード（内国株式）,サービス業,175,176,174,175,0,0,14000,OK
2025-11-20,2342,トランスジェニックグループ,グロース（内国株式）,サービス業,234,269,206,211,-15,-6.637168,7622300,OK
2025-11-20,2344,平安レイサービス,スタンダード（内国株式）,サービス業,896,898,892,897,4,0.447928,10900,OK
2025-11-20,2345,クシム,スタンダード（内国株式）,情報･通信業,218,224,214,216,-4,-1.818182,157300,OK
2025-11-20,2349,エヌアイデイ,スタンダード（内国株式）,情報･通信業,2320,2320,2287,2287,17,0.748899,500,OK
2025-11-20,2351,ＡＳＪ,グロース（内国株式）,情報･通信業,322,327,321,321,0,0,8300,OK
2025-11-20,2353,日本駐車場開発,プライム（内国株式）,不動産業,270,275,269,271,0,0,1289900,OK
2025-11-20,2354,ＹＥ　ＤＩＧＩＴＡＬ,スタンダード（内国株式）,情報･通信業,612,615,607,607,3,0.496689,22200,OK
2025-11-20,2359,コア,プライム（内国株式）,情報･通信業,1999,2032,1998,2021,31,1.557789,7900,OK
2025-11-20,2370,メディネット,グロース（内国株式）,サービス業,32,32,31,31,0,0,663400,OK
2025-11-20,2371,カカクコム,プライム（内国株式）,サービス業,2415,2424,2395.5,2412.5,11,0.458047,470300,OK
2025-11-20,2373,ケア２１,スタンダード（内国株式）,サービス業,443,446,442,446,3,0.677201,14700,OK
2025-11-20,2374,セントケア・ホールディング,プライム（内国株式）,サービス業,1215,1217,1215,1216,1,0.082305,522200,OK
2025-11-20,2375,ギグワークス,スタンダード（内国株式）,サービス業,219,219,215,216,-1,-0.460829,22500,OK
2025-11-20,2376,サイネックス,スタンダード（内国株式）,サービス業,758,758,758,758,-1,-0.131752,100,OK
2025-11-20,2378,ルネサンス,プライム（内国株式）,サービス業,1034,1038,1030,1034,4,0.38835,33500,OK
2025-11-20,2379,ディップ,プライム（内国株式）,サービス業,2126,2138,2090,2090,-28,-1.322002,228500,OK
2025-11-20,2384,ＳＢＳホールディングス,プライム（内国株式）,陸運業,3535,3575,3520,3540,5,0.141443,45700,OK
2025-11-20,2385,総医研ホールディングス,グロース（内国株式）,サービス業,228,236,225,234,9,4,288800,OK
2025-11-20,2388,ウェッジホールディングス,グロース（内国株式）,その他金融業,64,65,64,64,-1,-1.538462,145100,OK
2025-11-20,2389,デジタルホールディングス,プライム（内国株式）,サービス業,2080,2140,2058,2080,0,0,150700,OK
2025-11-20,2391,プラネット,スタンダード（内国株式）,サービス業,1221,1225,1216,1224,3,0.2457,6000,OK
2025-11-20,2393,日本ケアサプライ,スタンダード（内国株式）,サービス業,2250,2271,2250,2271,21,0.933333,2400,OK
2025-11-20,2395,新日本科学,プライム（内国株式）,サービス業,1646,1669,1625,1631,-1,-0.061275,271700,OK
2025-11-20,239A,バレッグス,TOKYO PRO MARKET（内国株式）,不動産業,,,,,,,,NO_QUOTE
2025-11-20,2404,鉄人化ホールディングス,スタンダード（内国株式）,サービス業,467,467,462,462,-5,-1.070664,12100,OK
2025-11-20,2408,ＫＧ情報,スタンダード（内国株式）,サービス業,703,703,696,697,0,0,3900,OK
2025-11-20,2410,キャリアデザインセンター,プライム（内国株式）,サービス業,2297,2325,2278,2325,46,2.018429,79000,OK
2025-11-20,2411,ゲンダイエージェンシー,スタンダード（内国株式）,情報･通信業,459,459,457,458,-1,-0.217865,7400,OK
2025-11-20,2413,エムスリー,プライム（内国株式）,サービス業,2520,2553,2465,2465,-50.5,-2.007553,3205500,OK
2025-11-20,2415,ヒューマンホールディングス,スタンダード（内国株式）,サービス業,1850,1874,1805,1846,2,0.10846,10100,OK
2025-11-20,2418,ツカダ・グローバルホールディング,スタンダード（内国株式）,サービス業,552,555,542,545,0,0,108600,OK
2025-11-20,241A,ＲＯＸＸ,グロース（内国株式）,情報･通信業,533,539,508,514,-16,-3.018868,138900,OK
2025-11-20,2424,ブラス,スタンダード（内国株式）,サービス業,636,637,636,637,4,0.631912,300,OK
2025-11-20,2425,ケアサービス,スタンダード（内国株式）,サービス業,785,786,784,784,4,0.512821,800,OK
2025-11-20,2428,ウェルネット,スタンダード（内国株式）,サービス業,648,652,648,650,3,0.463679,70400,OK
2025-11-20,2429,ワールドホールディングス,プライム（内国株式）,サービス業,2540,2612,2540,2587,65,2.57732,48400,OK
2025-11-20,2432,ディー・エヌ・エー,プライム（内国株式）,情報･通信業,2415,2449,2367,2369,-31,-1.291667,3024800,OK
2025-11-20,2433,博報堂ＤＹホールディングス,プライム（内国株式）,サービス業,1162.5,1163.5,1138,1140.5,-12,-1.041215,755500,OK
2025-11-20,2435,シダー,スタンダード（内国株式）,サービス業,214,216,212,214,0,0,31900,OK
2025-11-20,2436,共同ピーアール,スタンダード（内国株式）,サービス業,865,865,860,863,3,0.348837,4000,OK
2025-11-20,2437,Ｓｈｉｎｗａ　Ｗｉｓｅ　Ｈｏｌｄｉｎｇｓ,スタンダード（内国株式）,サービス業,258,264,258,261,2,0.772201,17500,OK
2025-11-20,2438,アスカネット,グロース（内国株式）,サービス業,333,339,332,333,0,0,40600,OK
2025-11-20,243A,トップス,TOKYO PRO MARKET（内国株式）,食料品,,,,,,,,NO_QUOTE
2025-11-20,2440,ぐるなび,スタンダード（内国株式）,サービス業,175,176,170,171,-3,-1.724138,406500,OK
2025-11-20,2445,タカミヤ,プライム（内国株式）,サービス業,427,433,422,429,10,2.386635,130600,OK
2025-11-20,2449,プラップジャパン,スタンダード（内国株式）,サービス業,1093,1094,1093,1094,7,0.643974,2600,OK
2025-11-20,244A,グロースエクスパートナーズ,グロース（内国株式）,情報･通信業,1763,1778,1741,1741,-2,-0.114745,11000,OK
2025-11-20,2452,コンピュータマインド,TOKYO PRO MARKET（内国株式）,情報･通信業,,,,,,,,NO_QUOTE
2025-11-20,2454,オールアバウト,スタンダード（内国株式）,サービス業,383,383,380,381,0,0,6200,OK
2025-11-20,2459,アウンコンサルティング,スタンダード（内国株式）,サービス業,282,284,278,282,3,1.075269,55200,OK
2025-11-20,245A,ＩＮＧＳ,グロース（内国株式）,小売業,3030,3100,2972,3040,64,2.150538,4000,OK
2025-11-20,2461,ファンコミュニケーションズ,プライム（内国株式）,サービス業,526,529,523,525,3,0.574713,68500,OK
2025-11-20,2462,ライク,プライム（内国株式）,サービス業,1497,1502,1493,1493,3,0.201342,31900,OK
2025-11-20,2464,Ａｏｂａ‐ＢＢＴ,スタンダード（内国株式）,サービス業,345,345,343,344,1,0.291545,3700,OK
2025-11-20,2469,ヒビノ,スタンダード（内国株式）,サービス業,2489,2523,2488,2507,34,1.374848,22400,OK
2025-11-20,246A,アスア,グロース（内国株式）,サービス業,645,645,621,626,-13,-2.034429,43800,OK
2025-11-20,2471,エスプール,プライム（内国株式）,サービス業,288,289,285,286,1,0.350877,545800,OK
2025-11-20,2475,ＷＤＢホールディングス,プライム（内国株式）,サービス業,1561,1570,1558,1566,13,0.83709,10300,OK
2025-11-20,2477,手間いらず,スタンダード（内国株式）,情報･通信業,3110,3145,3085,3090,-20,-0.643087,6500,OK
2025-11-20,2479,ジェイテック,スタンダード（内国株式）,サービス業,232,234,232,233,1,0.431034,29000,OK
2025-11-20,247A,Ａｉロボティクス,グロース（内国株式）,化学,1400,1420,1295,1314,-50,-3.665689,3125300,OK
2025-11-20,2480,システム・ロケーション,スタンダード（内国株式）,情報･通信業,1607,1652,1607,1638,32,1.992528,800,OK
2025-11-20,2481,タウンニュース社,スタンダード（内国株式）,サービス業,662,664,662,664,3,0.453858,400,OK
2025-11-20,2483,翻訳センター,スタンダード（内国株式）,サービス業,1873,1884,1861,1861,-12,-0.640683,1800,OK
2025-11-20,2484,出前館,スタンダード（内国株式）,情報･通信業,142,144,140,141,0,0,340200,OK
2025-11-20,2485,ティア,スタンダード（内国株式）,サービス業,483,488,482,485,3,0.622407,37100,OK
2025-11-20,2488,ＪＴＰ,スタンダード（内国株式）,サービス業,1448,1468,1418,1461,34,2.382621,62000,OK
2025-11-20,2489,アドウェイズ,プライム（内国株式）,サービス業,291,292,282,283,-8,-2.749141,192900,OK
2025-11-20,248A,キッズスター,グロース（内国株式）,情報･通信業,1767,1798,1751,1790,30,1.704545,21600,OK
2025-11-20,2491,バリューコマース,プライム（内国株式）,サービス業,686,687,674,674,-10,-1.461988,467000,OK
2025-11-20,2492,インフォマート,プライム（内国株式）,サービス業,343,348,341,342,3,0.884956,2029000,OK
2025-11-20,2493,イーサポートリンク,スタンダード（内国株式）,サービス業,932,933,931,931,-1,-0.107296,1700,OK
2025-11-20,2497,ユナイテッド,グロース（内国株式）,サービス業,499,505,499,500,1,0.200401,73600,OK
2025-11-20,2498,オリエンタルコンサルタンツホールディングス,スタンダード（内国株式）,サービス業,3060,3085,3025,3045,-20,-0.652529,5100,OK
2025-11-20,2499,日本和装ホールディングス,スタンダード（内国株式）,サービス業,362,362,360,362,1,0.277008,3700,OK
2025-11-20,249A,ヒューマンアジャスト,TOKYO PRO MARKET（内国株式）,サービス業,,,,,,,,NO_QUOTE
2025-11-20,2501,サッポロホールディングス,プライム（内国株式）,食料品,7914,8088,7881,8025,60,0.753296,161800,OK
2025-11-20,2502,アサヒグループホールディングス,プライム（内国株式）,食料品,1748,1771,1733,1745,-15,-0.852273,6512700,OK
2025-11-20,2503,キリンホールディングス,プライム（内国株式）,食料品,2395,2422.5,2382,2398.5,-9.5,-0.394518,2199500,OK
2025-11-20,250A,シマダヤ,スタンダード（内国株式）,食料品,1745,1764,1738,1738,-7,-0.401146,33500,OK
2025-11-20,251A,ニューロマジック,TOKYO PRO MARKET（内国株式）,サービス業,,,,,,,,NO_QUOTE
2025-11-20,252A,ウェッジ,TOKYO PRO MARKET（内国株式）,小売業,,,,,,,,NO_QUOTE
2025-11-20,2531,宝ホールディングス,プライム（内国株式）,食料品,1451,1456.5,1405.5,1405.5,-53,-3.63387,511500,OK
2025-11-20,2533,オエノンホールディングス,プライム（内国株式）,食料品,514,520,511,517,2,0.38835,48600,OK
2025-11-20,253A,ＥＴＳグループ,スタンダード（内国株式）,建設業,1029,1035,991,995,-9,-0.896414,79600,OK
2025-11-20,2540,養命酒製造,プライム（内国株式）,食料品,4655,4675,4615,4660,5,0.107411,20600,OK
2025-11-20,254A,ＡＩフュージョンキャピタルグループ,スタンダード（内国株式）,証券･商品先物取引業,934,967,934,949,16,1.714898,47000,OK
2025-11-20,255A,ジーエルテクノホールディングス,スタンダード（内国株式）,精密機器,2967,2994,2950,2965,25,0.85034,9300,OK
2025-11-20,256A,飛島ホールディングス,プライム（内国株式）,建設業,2098,2135,2093,2114,39,1.879518,139900,OK
2025-11-20,2573,北海道コカ・コーラボトリング,スタンダード（内国株式）,食料品,3990,4035,3990,4025,35,0.877193,7700,OK
2025-11-20,2579,コカ・コーラ　ボトラーズジャパンホールディングス,プライム（内国株式）,食料品,2807,2816.5,2777.5,2791.5,-14,-0.49902,736200,OK
2025-11-20,2585,ライフドリンク　カンパニー,プライム（内国株式）,食料品,2047,2056,1957,1970,-64,-3.146509,504700,OK
2025-11-20,2586,フルッタフルッタ,グロース（内国株式）,食料品,131,153,129,153,27,21.428571,31549300,OK
2025-11-20,2587,サントリー食品インターナショナル,プライム（内国株式）,食料品,4850,4897,4814,4814,-89,-1.815215,733200,OK
2025-11-20,2588,プレミアムウォーターホールディングス,スタンダード（内国株式）,食料品,3370,3370,3310,3345,30,0.904977,3300,OK
2025-11-20,2590,ダイドーグループホールディングス,プライム（内国株式）,食料品,2432,2448,2419,2420,-12,-0.493421,78900,OK
2025-11-20,2593,伊藤園,プライム（内国株式）,食料品,3190,3199,3160,3161,-42,-1.311271,280900,OK
2025-11-20,25935,伊藤園（優先株式）,プライム（内国株式）,食料品,1805,1806,1803,1804,-1,-0.055402,16300,OK
2025-11-20,2594,キーコーヒー,プライム（内国株式）,食料品,1976,1981,1962,1962,-14,-0.708502,90600,OK
2025-11-20,2597,ユニカフェ,スタンダード（内国株式）,食料品,1031,1039,1031,1037,6,0.581959,8500,OK
2025-11-20,2602,日清オイリオグループ,プライム（内国株式）,食料品,5160,5200,5120,5120,-40,-0.775194,82500,OK
2025-11-20,2607,不二製油,プライム（内国株式）,食料品,3381,3416,3358,3383,-19,-0.558495,296000,OK
2025-11-20,2612,かどや製油,スタンダード（内国株式）,食料品,3825,3850,3825,3850,25,0.653595,2800,OK
2025-11-20,2613,Ｊ−オイルミルズ,プライム（内国株式）,食料品,1972,1981,1968,1968,-7,-0.35443,66300,OK
2025-11-20,261A,日水コン,スタンダード（内国株式）,サービス業,2400,2440,2400,2417,35,1.469353,36300,OK
2025-11-20,262A,インターメスティック,プライム（内国株式）,小売業,1951,2002,1948,1963,13,0.666667,148100,OK
2025-11-20,263A,デジタルキューブ,TOKYO PRO MARKET（内国株式）,情報･通信業,,,,,,,,NO_QUOTE
2025-11-20,264A,Ｓｃｈｏｏ,グロース（内国株式）,サービス業,674,698,658,671,-11,-1.612903,931700,OK
2025-11-20,2652,まんだらけ,スタンダード（内国株式）,小売業,339,343,336,338,5,1.501502,52000,OK
2025-11-20,2653,イオン九州,スタンダード（内国株式）,小売業,2820,2830,2803,2824,10,0.355366,48500,OK
2025-11-20,2654,アスモ,スタンダード（内国株式）,小売業,385,388,384,388,3,0.779221,6400,OK
2025-11-20,2656,ベクターホールディングス,スタンダード（内国株式）,小売業,118,119,115,115,-1,-0.862069,251000,OK
2025-11-20,2659,サンエー,プライム（内国株式）,小売業,2787,2804,2777,2784,-7,-0.250806,120800,OK
2025-11-20,265A,Ｈｍｃｏｍｍ,グロース（内国株式）,情報･通信業,1042,1061,1033,1037,-11,-1.049618,21600,OK
2025-11-20,2664,カワチ薬品,プライム（内国株式）,小売業,2959,2999,2948,2991,36,1.218274,33700,OK
2025-11-20,2666,オートウェーブ,スタンダード（内国株式）,小売業,155,157,155,156,1,0.645161,24000,OK
2025-11-20,2667,イメージ　ワン,スタンダード（内国株式）,卸売業,181,185,175,175,-6,-3.314917,170000,OK
2025-11-20,2668,タビオ,スタンダード（内国株式）,卸売業,1255,1255,1245,1245,-5,-0.4,600,OK
2025-11-20,2669,カネ美食品,スタンダード（内国株式）,小売業,3345,3350,3335,3340,5,0.149925,1700,OK
2025-11-20,266A,グローカルマーケティング,TOKYO PRO MARKET（内国株式）,サービス業,,,,,,,,NO_QUOTE
2025-11-20,2670,エービーシー・マート,プライム（内国株式）,小売業,2620.5,2652,2619.5,2626,-13.5,-0.511461,465800,OK
2025-11-20,2673,夢みつけ隊,スタンダード（内国株式）,小売業,239,240,232,238,2,0.847458,278500,OK
2025-11-20,2674,ハードオフコーポレーション,プライム（内国株式）,小売業,1853,1870,1853,1863,11,0.593952,15800,OK
2025-11-20,2676,高千穂交易,プライム（内国株式）,卸売業,2008,2037,2005,2032,32,1.6,31300,OK
2025-11-20,2678,アスクル,プライム（内国株式）,小売業,1435,1435,1417,1424,4,0.28169,530300,OK
2025-11-20,267A,トワライズ,TOKYO PRO MARKET（内国株式）,その他金融業,,,,,,,,NO_QUOTE
2025-11-20,2681,ゲオホールディングス,プライム（内国株式）,小売業,1701,1707,1673,1673,-22,-1.297935,102600,OK
2025-11-20,2683,魚喜,スタンダード（内国株式）,小売業,993,994,990,992,0,0,3500,OK
2025-11-20,2685,アンドエスティＨＤ,プライム（内国株式）,小売業,2797,2848,2797,2812,9,0.321085,154000,OK
2025-11-20,2686,ジーフット,スタンダード（内国株式）,小売業,286,286,283,283,-3,-1.048951,13500,OK
2025-11-20,2687,シー・ヴイ・エス・ベイエリア,スタンダード（内国株式）,サービス業,534,534,529,529,-5,-0.93633,3100,OK
2025-11-20,2689,オルバヘルスケアホールディングス,スタンダード（内国株式）,卸売業,2008,2008,2005,2008,-1,-0.049776,1100,OK
2025-11-20,268A,リガク・ホールディングス,プライム（内国株式）,精密機器,927,943,890,901,-8,-0.880088,797700,OK
2025-11-20,2692,伊藤忠食品,プライム（内国株式）,卸売業,10090,10180,10010,10040,-140,-1.375246,12300,OK
2025-11-20,2693,ＹＫＴ,スタンダード（内国株式）,卸売業,251,252,250,251,0,0,15900,OK
2025-11-20,2694,焼肉坂井ホールディングス,スタンダード（内国株式）,小売業,70,70,69,70,0,0,734600,OK
2025-11-20,2695,くら寿司,プライム（内国株式）,小売業,3285,3300,3270,3270,-25,-0.758725,125000,OK
2025-11-20,2698,キャンドゥ,スタンダード（内国株式）,小売業,3480,3500,3460,3480,-10,-0.286533,7100,OK
2025-11-20,269A,Ｓａｐｅｅｔ,グロース（内国株式）,情報･通信業,2323,2392,2235,2320,-23,-0.981647,11900,OK
2025-11-20,2700,木徳神糧,スタンダード（内国株式）,卸売業,3155,3175,3060,3095,-15,-0.482315,52500,OK
2025-11-20,2702,日本マクドナルドホールディングス,スタンダード（内国株式）,小売業,6260,6300,6250,6270,-30,-0.47619,314600,OK
2025-11-20,2705,大戸屋ホールディングス,スタンダード（内国株式）,小売業,5730,5760,5700,5730,10,0.174825,6900,OK
2025-11-20,2708,久世,スタンダード（内国株式）,卸売業,1898,1936,1898,1936,38,2.002107,2700,OK
2025-11-20,271A,アクセリア,TOKYO PRO MARKET（内国株式）,情報･通信業,,,,,,,,NO_QUOTE
2025-11-20,2721,ジェイホールディングス,スタンダード（内国株式）,卸売業,205,207,191,194,-11,-5.365854,353200,OK
2025-11-20,2722,ＩＫホールディングス,スタンダード（内国株式）,小売業,389,391,385,386,-3,-0.771208,13500,OK
2025-11-20,2726,パルグループホールディングス,プライム（内国株式）,小売業,2071,2094,2031,2066,-35,-1.665873,760100,OK
2025-11-20,2730,エディオン,プライム（内国株式）,小売業,1996,2005,1987,1994,-2,-0.1002,165400,OK
2025-11-20,2733,あらた,プライム（内国株式）,卸売業,3015,3025,3000,3000,4,0.133511,27800,OK
2025-11-20,2734,サーラコーポレーション,プライム（内国株式）,小売業,1094,1111,1087,1105,19,1.74954,671700,OK
2025-11-20,2735,ワッツ,スタンダード（内国株式）,小売業,630,637,630,636,4,0.632911,18100,OK
2025-11-20,2736,フェスタリアホールディングス,スタンダード（内国株式）,小売業,583,588,579,588,5,0.857633,5100,OK
2025-11-20,2737,トーメンデバイス,プライム（内国株式）,卸売業,11610,12610,11540,12040,1020,9.255898,118600,OK
2025-11-20,2742,ハローズ,プライム（内国株式）,小売業,4600,4650,4595,4605,15,0.326797,22600,OK
2025-11-20,2743,ピクセルカンパニーズ,スタンダード（内国株式）,卸売業,69,71,66,70,2,2.941176,1288800,OK
2025-11-20,2747,北雄ラッキー,スタンダード（内国株式）,小売業,3230,3235,3225,3225,-5,-0.154799,500,OK
2025-11-20,2749,ＪＰホールディングス,プライム（内国株式）,サービス業,625,631,623,630,10,1.612903,180200,OK
2025-11-20,274A,ガーデン,スタンダード（内国株式）,小売業,2050,2069,2036,2045,5,0.245098,38200,OK
2025-11-20,2750,石光商事,スタンダード（内国株式）,卸売業,1192,1207,1182,1205,24,2.032176,12200,OK
2025-11-20,2751,テンポスホールディングス,スタンダード（内国株式）,卸売業,3470,3470,3455,3460,-5,-0.1443,5900,OK
2025-11-20,2752,フジオフードグループ本社,プライム（内国株式）,小売業,1163,1164,1148,1148,-14,-1.204819,144900,OK
2025-11-20,2753,あみやき亭,プライム（内国株式）,小売業,1344,1345,1330,1330,-14,-1.041667,44700,OK
2025-11-20,2760,東京エレクトロン　デバイス,プライム（内国株式）,卸売業,3035,3115,2990,3100,192,6.602476,257300,OK
2025-11-20,2762,ＳＡＮＫＯ　ＭＡＲＫＥＴＩＮＧ　ＦＯＯＤＳ,スタンダード（内国株式）,小売業,100,101,99,101,2,2.020202,111100,OK
2025-11-20,2763,エフティグループ,スタンダード（内国株式）,卸売業,1196,1215,1196,1200,4,0.334448,12400,OK
2025-11-20,2764,ひらまつ,スタンダード（内国株式）,小売業,115,117,114,115,2,1.769912,125100,OK
2025-11-20,2767,円谷フィールズホールディングス,プライム（内国株式）,卸売業,1850,1887,1841,1873,23,1.243243,381300,OK
2025-11-20,2768,双日,プライム（内国株式）,卸売業,4359,4422,4345,4387,77,1.786543,1004700,OK
2025-11-20,2769,ヴィレッジヴァンガードコーポレーション,スタンダード（内国株式）,小売業,1027,1027,1025,1026,-1,-0.097371,13600,OK
2025-11-20,276A,ククレブ・アドバイザーズ,グロース（内国株式）,不動産業,3600,3675,3530,3620,15,0.416089,39000,OK
2025-11-20,2776,新都ホールディングス,スタンダード（内国株式）,卸売業,116,132,114,121,6,5.217391,1068100,OK
2025-11-20,2778,パレモ・ホールディングス,スタンダード（内国株式）,小売業,134,134,129,131,-3,-2.238806,124200,OK
2025-11-20,277A,グロービング,グロース（内国株式）,サービス業,2435,2521,2430,2470,24,0.981194,128600,OK
2025-11-20,2780,コメ兵ホールディングス,スタンダード（内国株式）,小売業,2731,2795,2716,2739,58,2.163372,109600,OK
2025-11-20,2782,セリア,スタンダード（内国株式）,小売業,3070,3110,3055,3065,-45,-1.446945,168100,OK
2025-11-20,2784,アルフレッサ　ホールディングス,プライム（内国株式）,卸売業,2279,2296.5,2262,2275,3.5,0.154083,259400,OK
2025-11-20,2788,アップルインターナショナル,スタンダード（内国株式）,卸売業,338,342,338,340,2,0.591716,39400,OK
2025-11-20,2789,カルラ,スタンダード（内国株式）,小売業,483,489,483,486,0,0,3100,OK
2025-11-20,278A,Ｔｅｒｒａ　Ｄｒｏｎｅ,グロース（内国株式）,精密機器,2980,3075,2957,3050,137,4.703055,88700,OK
2025-11-20,2790,ナフコ,スタンダード（内国株式）,小売業,1955,1960,1943,1944,-11,-0.56266,12600,OK
2025-11-20,2791,大黒天物産,プライム（内国株式）,小売業,5990,6070,5980,6000,10,0.166945,54900,OK
2025-11-20,2792,ハニーズホールディングス,プライム（内国株式）,小売業,1514,1527,1511,1520,11,0.72896,90400,OK
2025-11-20,2795,日本プリメックス,スタンダード（内国株式）,卸売業,886,886,877,877,-3,-0.340909,200,OK
2025-11-20,2796,ファーマライズホールディングス,スタンダード（内国株式）,小売業,528,537,528,532,-1,-0.187617,12800,OK
2025-11-20,2798,ワイズテーブルコーポレーション,スタンダード（内国株式）,小売業,2889,2889,2881,2884,1,0.034686,2200,OK
2025-11-20,279A,インターグ,TOKYO PRO MARKET（内国株式）,サービス業,,,,,,,,NO_QUOTE
2025-11-20,2801,キッコーマン,プライム（内国株式）,食料品,1385,1417.5,1384,1390,2,0.144092,4799500,OK
2025-11-20,2802,味の素,プライム（内国株式）,食料品,3605,3643,3576,3589,24,0.673212,3665600,OK
2025-11-20,2804,ブルドックソース,プライム（内国株式）,食料品,1922,1929,1905,1905,-18,-0.936037,32000,OK
2025-11-20,2805,ヱスビー食品,スタンダード（内国株式）,食料品,3435,3495,3415,3480,75,2.202643,26500,OK
2025-11-20,2806,ユタカフーズ,スタンダード（内国株式）,食料品,2073,2098,2073,2098,-2,-0.095238,200,OK
2025-11-20,2809,キユーピー,プライム（内国株式）,食料品,4282,4354,4270,4290,8,0.186829,421500,OK
2025-11-20,280A,ＴＭＨ,グロース（内国株式）,卸売業,985,1008,944,952,-14,-1.449275,37100,OK
2025-11-20,2810,ハウス食品グループ本社,プライム（内国株式）,食料品,2895,2903,2864.5,2868,-48.5,-1.662952,326400,OK
2025-11-20,2811,カゴメ,プライム（内国株式）,食料品,2665,2671,2631,2631.5,-40,-1.497286,626000,OK
2025-11-20,2813,和弘食品,スタンダード（内国株式）,食料品,2978,3010,2965,3010,39,1.312689,9000,OK
2025-11-20,2814,佐藤食品工業,スタンダード（内国株式）,食料品,3050,3105,3035,3035,-15,-0.491803,500,OK
2025-11-20,2815,アリアケジャパン,プライム（内国株式）,食料品,5170,5180,5110,5130,-30,-0.581395,50200,OK
2025-11-20,2816,ダイショー,スタンダード（内国株式）,食料品,1402,1402,1400,1402,-1,-0.071276,1800,OK
2025-11-20,2818,ピエトロ,スタンダード（内国株式）,食料品,1740,1740,1736,1737,1,0.057604,2800,OK
2025-11-20,2819,エバラ食品工業,スタンダード（内国株式）,食料品,2498,2505,2490,2492,-6,-0.240192,8500,OK
2025-11-20,281A,インフォメティス,グロース（内国株式）,情報･通信業,511,519,484,485,0,0,358400,OK
2025-11-20,2820,やまみ,スタンダード（内国株式）,食料品,4350,4380,4015,4130,-195,-4.508671,40000,OK
2025-11-20,2831,はごろもフーズ,スタンダード（内国株式）,食料品,3250,3265,3240,3240,-55,-1.669196,8800,OK
2025-11-20,284A,フクヤ建設,TOKYO PRO MARKET（内国株式）,建設業,,,,,,,,NO_QUOTE
2025-11-20,285A,キオクシアホールディングス,プライム（内国株式）,電気機器,12500,12590,10775,11335,500,4.614675,61415600,OK
2025-11-20,286A,ユカリア,グロース（内国株式）,サービス業,805,805,774,779,-21,-2.625,134300,OK
2025-11-20,2871,ニチレイ,プライム（内国株式）,食料品,1887.5,1927.5,1878,1896,7.5,0.397141,2072300,OK
2025-11-20,2872,セイヒョー,スタンダード（内国株式）,食料品,1927,1949,1927,1945,22,1.144046,700,OK
2025-11-20,2874,横浜冷凍,プライム（内国株式）,卸売業,1243,1243,1219,1227,7,0.57377,145800,OK
2025-11-20,2875,東洋水産,プライム（内国株式）,食料品,10740,10895,10675,10735,70,0.656353,350000,OK
2025-11-20,2876,デルソーレ,スタンダード（内国株式）,食料品,446,446,437,445,14,3.24826,6000,OK
2025-11-20,2877,日東ベスト,スタンダード（内国株式）,食料品,737,740,736,740,3,0.407056,6000,OK
2025-11-20,287A,黒田グループ,スタンダード（内国株式）,卸売業,867,875,865,873,13,1.511628,708100,OK
2025-11-20,2882,イートアンドホールディングス,プライム（内国株式）,食料品,1932,1943,1929,1929,-4,-0.206932,55700,OK
2025-11-20,2883,大冷,スタンダード（内国株式）,食料品,1962,1964,1961,1964,3,0.152983,1600,OK
2025-11-20,2884,ヨシムラ・フード・ホールディングス,プライム（内国株式）,食料品,658,665,648,649,11,1.724138,333700,OK
2025-11-20,288A,ラクサス・テクノロジーズ,グロース（内国株式）,サービス業,141,141,138,139,1,0.724638,49500,OK
2025-11-20,2892,日本食品化工,スタンダード（内国株式）,食料品,3500,3545,3490,3510,10,0.285714,7900,OK
2025-11-20,2894,石井食品,スタンダード（内国株式）,食料品,317,320,316,316,-1,-0.315457,4900,OK
2025-11-20,2897,日清食品ホールディングス,プライム（内国株式）,食料品,2838,2870,2821,2870,0.5,0.017425,1510100,OK
2025-11-20,2901,ウェルディッシュ,スタンダード（内国株式）,食料品,590,604,585,603,16,2.725724,42900,OK
2025-11-20,2903,シノブフーズ,スタンダード（内国株式）,食料品,1628,1642,1592,1631,3,0.184275,19800,OK
2025-11-20,2904,一正蒲鉾,スタンダード（内国株式）,食料品,745,747,745,747,1,0.134048,3200,OK
2025-11-20,2907,あじかん,スタンダード（内国株式）,食料品,1233,1239,1233,1237,4,0.324412,1300,OK
2025-11-20,2908,フジッコ,プライム（内国株式）,食料品,1591,1595,1580,1580,-8,-0.503778,30200,OK
2025-11-20,290A,Ｓｙｎｓｐｅｃｔｉｖｅ,グロース（内国株式）,情報･通信業,1075,1133,1062,1100,60,5.769231,2801400,OK
2025-11-20,2910,ロック・フィールド,プライム（内国株式）,食料品,1439,1442,1433,1433,-5,-0.347705,36700,OK
2025-11-20,2911,旭松食品,スタンダード（内国株式）,食料品,2255,2261,2252,2259,4,0.177384,1200,OK
2025-11-20,2914,日本たばこ産業,プライム（内国株式）,食料品,5693,5794,5681,5774,87,1.529805,4180400,OK
2025-11-20,2915,ケンコーマヨネーズ,プライム（内国株式）,食料品,1912,1923,1901,1914,5,0.261917,32400,OK
2025-11-20,2916,仙波糖化工業,スタンダード（内国株式）,食料品,710,720,710,716,6,0.84507,1500,OK
2025-11-20,2917,大森屋,スタンダード（内国株式）,食料品,890,890,885,888,-2,-0.224719,3200,OK
2025-11-20,2918,わらべや日洋ホールディングス,プライム（内国株式）,食料品,3250,3315,3245,3270,45,1.395349,43200,OK
2025-11-20,291A,リスキル,グロース（内国株式）,サービス業,3235,3410,3235,3350,130,4.037267,5600,OK
2025-11-20,2922,なとり,プライム（内国株式）,食料品,1928,1928,1918,1918,-9,-0.467047,32800,OK
2025-11-20,2923,サトウ食品,スタンダード（内国株式）,食料品,8370,8500,8370,8440,70,0.83632,1500,OK
2025-11-20,2924,イフジ産業,スタンダード（内国株式）,食料品,2027,2031,2016,2023,3,0.148515,5600,OK
2025-11-20,2926,篠崎屋,スタンダード（内国株式）,食料品,99,99,95,97,-2,-2.020202,386100,OK
2025-11-20,2927,ＡＦＣ−ＨＤアムスライフサイエンス,スタンダード（内国株式）,食料品,854,858,850,855,3,0.352113,17200,OK
2025-11-20,2929,ファーマフーズ,プライム（内国株式）,食料品,796,813,792,795,6,0.760456,252300,OK
2025-11-20,292A,エスアイイー,TOKYO PRO MARKET（内国株式）,サービス業,,,,,,,,NO_QUOTE
2025-11-20,2930,北の達人コーポレーション,プライム（内国株式）,化学,131,132,130,131,1,0.769231,394500,OK
2025-11-20,2931,ユーグレナ,プライム（内国株式）,食料品,420,429,420,421,0,0,805200,OK
2025-11-20,2932,ＳＴＩフードホールディングス,スタンダード（内国株式）,食料品,1250,1265,1250,1265,24,1.933924,25700,OK
2025-11-20,2933,紀文食品,プライム（内国株式）,食料品,1079,1085,1078,1078,1,0.092851,24000,OK
2025-11-20,2934,ジェイフロンティア,グロース（内国株式）,食料品,1776,1790,1730,1735,-41,-2.308559,25400,OK
2025-11-20,2935,ピックルスホールディングス,プライム（内国株式）,食料品,1170,1183,1156,1170,0,0,60800,OK
2025-11-20,2936,ベースフード,グロース（内国株式）,食料品,335,338,331,333,-1,-0.299401,69400,OK
2025-11-20,2937,サンクゼール,グロース（内国株式）,食料品,1690,1699,1680,1683,-5,-0.296209,7100,OK
2025-11-20,2938,オカムラ食品工業,スタンダード（内国株式）,食料品,1153,1153,1117,1123,-39,-3.356282,190500,OK
2025-11-20,293A,ＢＡＢＹ　ＪＯＢ,TOKYO PRO MARKET（内国株式）,小売業,,,,,,,,NO_QUOTE
2025-11-20,2961,日本調理機,スタンダード（内国株式）,金属製品,4475,4475,4475,4475,-70,-1.540154,300,OK
2025-11-20,2962,テクニスコ,スタンダード（内国株式）,金属製品,384,400,375,379,6,1.608579,83700,OK
2025-11-20,296A,令和アカウンティング・ホールディングス,グロース（内国株式）,サービス業,715,725,702,702,-8,-1.126761,64800,OK
2025-11-20,2970,グッドライフカンパニー,スタンダード（内国株式）,不動産業,935,972,935,964,32,3.433476,14600,OK
2025-11-20,2975,スター・マイカ・ホールディングス,プライム（内国株式）,不動産業,1136,1149,1132,1142,15,1.330967,123800,OK
2025-11-20,2978,ツクルバ,グロース（内国株式）,不動産業,484,487,483,484,-5,-1.022495,5700,OK
2025-11-20,297A,アルピコホールディングス,スタンダード（内国株式）,小売業,219,219,215,216,-1,-0.460829,186000,OK
2025-11-20,2980,ＳＲＥホールディングス,プライム（内国株式）,不動産業,3025,3025,2977,2993,5,0.167336,122100,OK
2025-11-20,2981,ランディックス,グロース（内国株式）,不動産業,2733,2789,2709,2721,38,1.416325,10800,OK
2025-11-20,2982,ＡＤワークスグループ,プライム（内国株式）,不動産業,440,445,416,420,-24,-5.405405,1730400,OK
2025-11-20,2983,アールプランナー,グロース（内国株式）,不動産業,2500,2520,2473,2479,-3,-0.12087,19300,OK
2025-11-20,2984,ヤマイチエステート,スタンダード（内国株式）,不動産業,700,721,700,704,5,0.715308,12200,OK
2025-11-20,2985,ファーストステージ,TOKYO PRO MARKET（内国株式）,不動産業,,,,,,,,NO_QUOTE
2025-11-20,2986,ＬＡホールディングス,グロース（内国株式）,不動産業,7370,7410,7200,7240,20,0.277008,107400,OK
2025-11-20,298A,ＧＶＡ　ＴＥＣＨ,グロース（内国株式）,情報･通信業,509,510,450,458,-51,-10.019646,138200,OK
2025-11-20,2990,アイダ設計,TOKYO PRO MARKET（内国株式）,不動産業,,,,,,,,NO_QUOTE
2025-11-20,2991,ランドネット,スタンダード（内国株式）,不動産業,679,687,661,678,-1,-0.147275,15200,OK
2025-11-20,2992,アーバンライク,TOKYO PRO MARKET（内国株式）,不動産業,,,,,,,,NO_QUOTE
2025-11-20,2993,長栄,スタンダード（内国株式）,不動産業,2257,2257,2200,2200,-22,-0.990099,1000,OK
2025-11-20,2994,アンサーホールディングス,TOKYO PRO MARKET（内国株式）,不動産業,,,,,,,,NO_QUOTE
2025-11-20,2995,ジェイレックス・コーポレーション,TOKYO PRO MARKET（内国株式）,不動産業,,,,,,,,NO_QUOTE
2025-11-20,2997,ストレージ王,グロース（内国株式）,不動産業,1021,1022,1010,1014,-7,-0.685602,2700,OK
2025-11-20,2998,クリアル,グロース（内国株式）,不動産業,840,848,794,799,-15,-1.842752,188800,OK
2025-11-20,2999,ホームポジション,スタンダード（内国株式）,不動産業,431,431,424,428,1,0.234192,13700,OK
2025-11-20,299A,クラシル,グロース（内国株式）,サービス業,1316,1355,1307,1322,-24,-1.783061,109400,OK
2025-11-20,3001,片倉工業,スタンダード（内国株式）,繊維製品,2840,2842,2781,2796,0,0,26400,OK
2025-11-20,3002,グンゼ,プライム（内国株式）,繊維製品,3960,3980,3955,3965,35,0.890585,96900,OK
2025-11-20,3003,ヒューリック,プライム（内国株式）,不動産業,1650,1663.5,1646,1646,-6.5,-0.393343,1340800,OK
2025-11-20,3004,神栄,スタンダード（内国株式）,卸売業,2238,2250,2229,2230,-3,-0.134348,8100,OK
2025-11-20,300A,ＭＩＣ,スタンダード（内国株式）,サービス業,3040,3145,3040,3085,95,3.177258,31700,OK
2025-11-20,3010,ポラリス・ホールディングス,スタンダード（内国株式）,サービス業,182,183,175,177,-5,-2.747253,450600,OK
2025-11-20,3011,バナーズ,スタンダード（内国株式）,小売業,145,148,145,147,2,1.37931,6800,OK
2025-11-20,301A,インデックス,TOKYO PRO MARKET（内国株式）,不動産業,,,,,,,,NO_QUOTE
2025-11-20,3020,アプライド,スタンダード（内国株式）,小売業,4005,4020,3955,4010,50,1.262626,29500,OK
2025-11-20,3021,パシフィックネット,スタンダード（内国株式）,サービス業,1406,1426,1396,1420,20,1.428571,12100,OK
2025-11-20,3023,ラサ商事,スタンダード（内国株式）,卸売業,1637,1658,1637,1657,30,1.843884,22100,OK
2025-11-20,3024,クリエイト,スタンダード（内国株式）,卸売業,1135,1140,1131,1135,0,0,2300,OK
2025-11-20,3028,アルペン,プライム（内国株式）,小売業,2302,2317,2301,2309,7,0.304083,91400,OK
2025-11-20,302A,ビースタイルホールディングス,グロース（内国株式）,サービス業,1108,1109,1095,1098,-6,-0.543478,4000,OK
2025-11-20,3030,ハブ,スタンダード（内国株式）,小売業,779,779,775,776,2,0.258398,7000,OK
2025-11-20,3031,ラクーンホールディングス,プライム（内国株式）,情報･通信業,624,629,622,623,4,0.646204,108400,OK
2025-11-20,3034,クオールホールディングス,プライム（内国株式）,小売業,2230,2252,2206,2235,20,0.902935,103500,OK
2025-11-20,3035,ケイティケイ,スタンダード（内国株式）,卸売業,615,621,614,619,5,0.814332,2400,OK
2025-11-20,3036,アルコニックス,プライム（内国株式）,卸売業,2166,2205,2151,2198,61,2.854469,91100,OK
2025-11-20,3038,神戸物産,プライム（内国株式）,卸売業,3880,3880,3761,3761,-189,-4.78481,1843600,OK
2025-11-20,303A,ｖｉｓｕｍｏ,グロース（内国株式）,情報･通信業,980,1140,948,972,-18,-1.818182,230900,OK
2025-11-20,3040,ソリトンシステムズ,プライム（内国株式）,情報･通信業,1775,1775,1736,1741,2,0.115009,102900,OK
2025-11-20,3041,ビューティカダンホールディングス,スタンダード（内国株式）,卸売業,454,456,454,454,0,0,2600,OK
2025-11-20,3042,セキュアヴェイル,グロース（内国株式）,情報･通信業,342,344,330,330,-7,-2.077151,148400,OK
2025-11-20,3045,カワサキ,スタンダード（内国株式）,卸売業,1388,1401,1388,1396,-3,-0.214439,1500,OK
2025-11-20,3046,ジンズホールディングス,プライム（内国株式）,小売業,6050,6100,6010,6090,-10,-0.163934,176900,OK
2025-11-20,3048,ビックカメラ,プライム（内国株式）,小売業,1548.5,1559,1545.5,1554.5,6.5,0.419897,334000,OK
2025-11-20,304A,フォルシア,グロース（内国株式）,情報･通信業,1996,2010,1970,1970,-26,-1.302605,1900,OK
2025-11-20,3050,ＤＣＭホールディングス,プライム（内国株式）,小売業,1488,1504,1484,1497,8,0.537273,204300,OK
2025-11-20,3053,ペッパーフードサービス,スタンダード（内国株式）,小売業,180,181,178,179,0,0,328700,OK
2025-11-20,3054,ハイパー,スタンダード（内国株式）,卸売業,290,295,290,294,4,1.37931,7900,OK
2025-11-20,3058,三洋堂ホールディングス,スタンダード（内国株式）,小売業,685,685,682,682,-2,-0.292398,1400,OK
2025-11-20,3059,ヒラキ,スタンダード（内国株式）,小売業,836,837,833,837,3,0.359712,1900,OK
2025-11-20,305A,ダブルツリー,TOKYO PRO MARKET（内国株式）,小売業,,,,,,,,NO_QUOTE
2025-11-20,3063,ジェイグループホールディングス,グロース（内国株式）,小売業,772,777,770,776,5,0.648508,7900,OK
2025-11-20,3064,ＭｏｎｏｔａＲＯ,プライム（内国株式）,小売業,2189,2224.5,2176,2200.5,47.5,2.206224,1797900,OK
2025-11-20,3065,ライフフーズ,スタンダード（内国株式）,小売業,1629,1629,1629,1629,2,0.122926,100,OK
2025-11-20,3067,東京一番フーズ,スタンダード（内国株式）,小売業,451,452,449,450,-2,-0.442478,17600,OK
2025-11-20,3068,ＷＤＩ,スタンダード（内国株式）,小売業,2996,3005,2995,2995,-1,-0.033378,3700,OK
2025-11-20,3069,ＪＦＬＡホールディングス,スタンダード（内国株式）,食料品,146,147,143,144,-2,-1.369863,195300,OK
2025-11-20,3070,ジェリービーンズグループ,グロース（内国株式）,卸売業,85,86,83,83,-2,-2.352941,769500,OK
2025-11-20,3071,ストリーム,スタンダード（内国株式）,小売業,104,105,103,104,0,0,13400,OK
2025-11-20,3073,ＤＤグループ,プライム（内国株式）,小売業,1689,1691,1689,1690,1,0.059207,25100,OK
2025-11-20,3075,銚子丸,スタンダード（内国株式）,小売業,1510,1516,1506,1515,5,0.331126,4900,OK
2025-11-20,3076,あい　ホールディングス,プライム（内国株式）,卸売業,2601,2613,2582,2602,9,0.347088,149000,OK
2025-11-20,3077,ホリイフードサービス,スタンダード（内国株式）,小売業,548,562,531,551,5,0.915751,206300,OK
2025-11-20,3079,ディーブイエックス,スタンダード（内国株式）,卸売業,1141,1162,1141,1155,13,1.138354,11400,OK
2025-11-20,307A,ハウジング・スタッフ,TOKYO PRO MARKET（内国株式）,建設業,,,,,,,,NO_QUOTE
2025-11-20,3080,ジェーソン,スタンダード（内国株式）,小売業,743,746,741,744,7,0.949796,5300,OK
2025-11-20,3082,きちりホールディングス,スタンダード（内国株式）,小売業,929,935,926,934,11,1.191766,6700,OK
2025-11-20,3083,スターシーズ,スタンダード（内国株式）,小売業,662,675,661,667,6,0.907716,16500,OK
2025-11-20,3086,Ｊ．フロント　リテイリング,プライム（内国株式）,小売業,2162.5,2184,2131.5,2131.5,-12,-0.559832,1753500,OK
2025-11-20,3087,ドトール・日レスホールディングス,プライム（内国株式）,小売業,2464,2472,2452,2455,-9,-0.36526,70800,OK
2025-11-20,3088,マツキヨココカラ＆カンパニー,プライム（内国株式）,小売業,2849,2880,2815,2815,0.5,0.017765,1270900,OK
2025-11-20,3089,テクノアルファ,スタンダード（内国株式）,卸売業,1241,1290,1234,1285,45,3.629032,23500,OK
2025-11-20,308A,ぽすとめいとホールディングス,TOKYO PRO MARKET（内国株式）,サービス業,,,,,,,,NO_QUOTE
2025-11-20,3091,ブロンコビリー,プライム（内国株式）,小売業,3850,3885,3850,3875,30,0.780234,23200,OK
2025-11-20,3092,ＺＯＺＯ,プライム（内国株式）,小売業,1289.5,1313.5,1277.5,1279,-3,-0.234009,2837700,OK
2025-11-20,3093,トレジャー・ファクトリー,プライム（内国株式）,小売業,1629,1644,1621,1631,14,0.865801,68500,OK
2025-11-20,3094,スーパーバリュー,スタンダード（内国株式）,小売業,794,795,793,793,-1,-0.125945,5400,OK
2025-11-20,3096,オーシャンシステム,スタンダード（内国株式）,小売業,1406,1408,1400,1408,8,0.571429,1200,OK
2025-11-20,3097,物語コーポレーション,プライム（内国株式）,小売業,4175,4205,4150,4160,-25,-0.597372,102800,OK
2025-11-20,3099,三越伊勢丹ホールディングス,プライム（内国株式）,小売業,2358,2365,2303,2304.5,-53,-2.248144,3449700,OK
2025-11-20,309A,コスモス調剤,TOKYO PRO MARKET（内国株式）,小売業,,,,,,,,NO_QUOTE
2025-11-20,3101,東洋紡,プライム（内国株式）,化学,1165,1180,1161,1165,16,1.392515,329400,OK
2025-11-20,3103,ユニチカ,プライム（内国株式）,繊維製品,287,291,273,277,-6,-2.120141,3113100,OK
2025-11-20,3104,富士紡ホールディングス,プライム（内国株式）,繊維製品,6740,7170,6690,7050,390,5.855856,50800,OK
2025-11-20,3105,日清紡ホールディングス,プライム（内国株式）,電気機器,1239,1239,1212,1220,16,1.328904,583900,OK
2025-11-20,3106,倉敷紡績,プライム（内国株式）,繊維製品,6940,7070,6930,7030,150,2.180233,39000,OK
2025-11-20,3107,ダイワボウホールディングス,プライム（内国株式）,卸売業,2943,2948,2914,2921.5,28.5,0.985137,252700,OK
2025-11-20,3109,シキボウ,プライム（内国株式）,繊維製品,1016,1022,1015,1018,3,0.295567,26000,OK
2025-11-20,310A,サーティーフォー,TOKYO PRO MARKET（内国株式）,不動産業,,,,,,,,NO_QUOTE
2025-11-20,3110,日東紡績,プライム（内国株式）,ガラス･土石製品,15080,16150,14760,15160,1640,12.130178,2547200,OK
2025-11-20,3111,オーミケンシ,スタンダード（内国株式）,繊維製品,256,258,256,257,0,0,3100,OK
2025-11-20,3113,ＵＮＩＶＡ・Ｏａｋホールディングス,スタンダード（内国株式）,証券･商品先物取引業,70,70,67,67,-3,-4.285714,250500,OK
2025-11-20,3116,トヨタ紡織,プライム（内国株式）,輸送用機器,2364,2365,2316.5,2319,-21,-0.897436,327200,OK
2025-11-20,311A,ＮＰＴ,TOKYO PRO MARKET（内国株式）,医薬品,,,,,,,,NO_QUOTE
2025-11-20,3121,マーチャント・バンカーズ,スタンダード（内国株式）,サービス業,247,247,241,247,-2,-0.803213,154100,OK
2025-11-20,3123,サイボー,スタンダード（内国株式）,繊維製品,606,606,590,593,-7,-1.166667,24300,OK
2025-11-20,312A,シンコーホールディングス,TOKYO PRO MARKET（内国株式）,建設業,,,,,,,,NO_QUOTE
2025-11-20,3131,シンデン・ハイテックス,スタンダード（内国株式）,卸売業,2683,2695,2644,2652,51,1.960784,23500,OK
2025-11-20,3132,マクニカホールディングス,プライム（内国株式）,卸売業,2285,2291,2232,2246,20.5,0.921141,517600,OK
2025-11-20,3133,海帆,グロース（内国株式）,小売業,517,520,491,515,8,1.577909,1015500,OK
2025-11-20,3134,Ｈａｍｅｅ,スタンダード（内国株式）,小売業,530,533,521,522,6,1.162791,34800,OK
2025-11-20,3135,マーケットエンタープライズ,プライム（内国株式）,小売業,1572,1572,1528,1533,-16,-1.032924,27100,OK
2025-11-20,3137,ファンデリー,グロース（内国株式）,小売業,202,204,197,197,1,0.510204,77200,OK
2025-11-20,3138,富士山マガジンサービス,グロース（内国株式）,小売業,1090,1093,1050,1053,-29,-2.680222,10500,OK
2025-11-20,3139,ラクト・ジャパン,プライム（内国株式）,卸売業,3625,3645,3600,3610,30,0.837989,78600,OK
2025-11-20,3140,ＢＲＵＮＯ,グロース（内国株式）,卸売業,1033,1033,1030,1030,-3,-0.290416,12700,OK
2025-11-20,3141,ウエルシアホールディングス,プライム（内国株式）,小売業,3183,3312,3181,3239,57,1.791326,707800,OK
2025-11-20,3143,オーウイル,スタンダード（内国株式）,卸売業,710,719,701,711,10,1.426534,5500,OK
2025-11-20,3148,クリエイトＳＤホールディングス,プライム（内国株式）,小売業,3230,3280,3210,3265,50,1.55521,96300,OK
2025-11-20,3150,グリムス,プライム（内国株式）,電気･ガス業,2340,2373,2339,2370,56,2.420052,64200,OK
2025-11-20,3151,バイタルケーエスケー・ホールディングス,プライム（内国株式）,卸売業,1266,1266,1243,1254,1,0.079808,123600,OK
2025-11-20,3153,八洲電機,プライム（内国株式）,卸売業,2735,2765,2702,2706,21,0.782123,57800,OK
2025-11-20,3154,メディアスホールディングス,プライム（内国株式）,卸売業,790,799,786,789,-1,-0.126582,12600,OK
2025-11-20,3156,レスター,プライム（内国株式）,卸売業,2533,2540,2511,2532,36,1.442308,88000,OK
2025-11-20,3157,ジオリーブグループ,スタンダード（内国株式）,卸売業,1363,1388,1360,1368,4,0.293255,3100,OK
2025-11-20,3159,丸善ＣＨＩホールディングス,スタンダード（内国株式）,小売業,330,332,329,331,2,0.607903,23100,OK
2025-11-20,3160,大光,スタンダード（内国株式）,卸売業,602,606,602,604,0,0,43700,OK
2025-11-20,3161,アゼアス,スタンダード（内国株式）,卸売業,640,640,639,639,0,0,2900,OK
2025-11-20,3166,ＯＣＨＩホールディングス,スタンダード（内国株式）,卸売業,1413,1418,1408,1412,-1,-0.070771,2100,OK
2025-11-20,3167,ＴＯＫＡＩホールディングス,プライム（内国株式）,卸売業,1050,1055,1045,1047,-2,-0.190658,286800,OK
2025-11-20,3168,ＭＥＲＦ,スタンダード（内国株式）,卸売業,559,560,556,557,2,0.36036,5600,OK
2025-11-20,3169,ミサワ,スタンダード（内国株式）,小売業,699,700,696,696,-3,-0.429185,5500,OK
2025-11-20,3172,ティーライフ,スタンダード（内国株式）,小売業,1154,1157,1154,1156,3,0.260191,1500,OK
2025-11-20,3173,Ｃｏｍｉｎｉｘ,スタンダード（内国株式）,卸売業,875,875,871,873,-2,-0.228571,2900,OK
2025-11-20,3174,ハピネス・アンド・ディ,スタンダード（内国株式）,小売業,625,636,625,633,9,1.442308,41400,OK
2025-11-20,3175,エー・ピーホールディングス,スタンダード（内国株式）,小売業,948,953,948,948,0,0,3600,OK
2025-11-20,3176,三洋貿易,プライム（内国株式）,卸売業,1497,1520,1488,1514,36,2.435724,53200,OK
2025-11-20,3177,ありがとうサービス,スタンダード（内国株式）,小売業,3425,3455,3420,3425,20,0.587372,1400,OK
2025-11-20,3178,チムニー,スタンダード（内国株式）,小売業,1218,1225,1218,1218,-10,-0.814332,7800,OK
2025-11-20,3179,シュッピン,プライム（内国株式）,小売業,1212,1235,1202,1217,4,0.329761,232800,OK
2025-11-20,317A,エス・エム・エス・データテック,TOKYO PRO MARKET（内国株式）,情報･通信業,,,,,,,,NO_QUOTE
2025-11-20,3180,ビューティガレージ,プライム（内国株式）,卸売業,1380,1391,1376,1378,12,0.878477,22400,OK
2025-11-20,3181,買取王国,スタンダード（内国株式）,小売業,911,969,884,917,21,2.34375,64600,OK
2025-11-20,3182,オイシックス・ラ・大地,プライム（内国株式）,小売業,1540,1541,1498,1499,-30,-1.962067,155000,OK
2025-11-20,3183,ウイン・パートナーズ,プライム（内国株式）,卸売業,1285,1285,1271,1271,-4,-0.313725,9500,OK
2025-11-20,3184,ＩＣＤＡホールディングス,スタンダード（内国株式）,小売業,4310,4380,4310,4380,30,0.689655,500,OK
2025-11-20,3185,夢展望,グロース（内国株式）,小売業,225,228,218,220,-4,-1.785714,216100,OK
2025-11-20,3186,ネクステージ,プライム（内国株式）,小売業,2588,2610,2575,2603,15,0.579598,459600,OK
2025-11-20,3187,ミラタップ,グロース（内国株式）,小売業,292,294,289,291,1,0.344828,14100,OK
2025-11-20,3189,ＡＮＡＰホールディングス,スタンダード（内国株式）,小売業,448,451,428,432,-9,-2.040816,62300,OK
2025-11-20,3190,ホットマン,スタンダード（内国株式）,小売業,570,570,568,569,-1,-0.175439,2300,OK
2025-11-20,3191,ジョイフル本田,プライム（内国株式）,小売業,2069,2069,2057,2061,-7,-0.338491,95400,OK
2025-11-20,3192,白鳩,スタンダード（内国株式）,小売業,310,314,293,297,-12,-3.883495,71000,OK
2025-11-20,3193,エターナルホスピタリティグループ,プライム（内国株式）,小売業,3095,3185,3075,3175,110,3.588907,56700,OK
2025-11-20,3195,ジェネレーションパス,グロース（内国株式）,小売業,552,554,526,539,-13,-2.355072,201900,OK
2025-11-20,3196,ホットランドホールディングス,プライム（内国株式）,小売業,2088,2105,2085,2090,4,0.191755,28000,OK
2025-11-20,3197,すかいらーくホールディングス,プライム（内国株式）,小売業,3383,3535,3362,3523,149,4.416123,4402700,OK
2025-11-20,3198,ＳＦＰホールディングス,プライム（内国株式）,小売業,2002,2019,2002,2012,10,0.4995,25200,OK
2025-11-20,3199,綿半ホールディングス,プライム（内国株式）,小売業,1446,1456,1439,1454,17,1.18302,24100,OK
2025-11-20,319A,技術承継機構,グロース（内国株式）,金属製品,9400,10030,9400,9620,330,3.552207,96500,OK
2025-11-20,3201,日本毛織,プライム（内国株式）,繊維製品,1659,1660,1645,1645,8,0.488699,115000,OK
2025-11-20,3202,ダイトウボウ,スタンダード（内国株式）,繊維製品,110,110,109,110,1,0.917431,16500,OK
2025-11-20,3204,トーア紡コーポレーション,スタンダード（内国株式）,繊維製品,475,478,473,473,-2,-0.421053,22100,OK
2025-11-20,3205,ダイドーリミテッド,スタンダード（内国株式）,繊維製品,1085,1094,1075,1078,-7,-0.645161,165100,OK
2025-11-20,320A,Ｄ＆Ｉ,TOKYO PRO MARKET（内国株式）,サービス業,,,,,,,,NO_QUOTE
2025-11-20,321A,ヒューマンステージホールディングス,TOKYO PRO MARKET（内国株式）,サービス業,,,,,,,,NO_QUOTE
2025-11-20,3221,ヨシックスホールディングス,プライム（内国株式）,小売業,2852,2887,2833,2876,49,1.733286,33600,OK
2025-11-20,3222,ユナイテッド・スーパーマーケット・ホールディングス,スタンダード（内国株式）,小売業,861,870,857,862,5,0.583431,261600,OK
2025-11-20,3223,エスエルディー,スタンダード（内国株式）,小売業,1037,1062,1037,1062,28,2.70793,3300,OK
2025-11-20,3224,ゼネラル・オイスター,グロース（内国株式）,小売業,618,628,616,617,-11,-1.751592,1900,OK
2025-11-20,322A,ヒメジ理化,TOKYO PRO MARKET（内国株式）,ガラス･土石製品,,,,,,,,NO_QUOTE
2025-11-20,3231,野村不動産ホールディングス,プライム（内国株式）,不動産業,913.9,925.2,908.6,917.2,6.9,0.757992,2484000,OK
2025-11-20,3232,三重交通グループホールディングス,プライム（内国株式）,不動産業,524,525,520,521,1,0.192308,46600,OK
2025-11-20,3236,プロパスト,スタンダード（内国株式）,不動産業,266,270,257,262,0,0,557300,OK
2025-11-20,3237,イントランス,グロース（内国株式）,不動産業,70,71,68,68,-3,-4.225352,549300,OK
2025-11-20,3238,セントラル総合開発,スタンダード（内国株式）,不動産業,416,418,415,415,-1,-0.240385,3100,OK
2025-11-20,323A,フライヤー,グロース（内国株式）,情報･通信業,514,516,504,504,-9,-1.754386,7700,OK
2025-11-20,3241,ウィル,スタンダード（内国株式）,不動産業,580,580,572,572,-5,-0.866551,4300,OK
2025-11-20,3242,アーバネットコーポレーション,スタンダード（内国株式）,不動産業,598,604,597,603,9,1.515152,126100,OK
2025-11-20,3245,ディア・ライフ,プライム（内国株式）,不動産業,1157,1162,1135,1136,-15,-1.303215,182300,OK
2025-11-20,3246,コーセーアールイー,スタンダード（内国株式）,不動産業,710,710,704,704,-3,-0.424328,5200,OK
2025-11-20,3248,アールエイジ,スタンダード（内国株式）,不動産業,831,831,812,816,-6,-0.729927,3300,OK
2025-11-20,324A,ブッキングリゾート,グロース（内国株式）,サービス業,1070,1095,1050,1050,-20,-1.869159,37900,OK
2025-11-20,3252,地主,プライム（内国株式）,不動産業,2905,2989,2896,2937,65,2.263231,197200,OK
2025-11-20,325A,ＴＥＮＴＩＡＬ,グロース（内国株式）,繊維製品,4115,4190,4050,4115,25,0.611247,60800,OK
2025-11-20,3261,グランディーズ,グロース（内国株式）,不動産業,1178,1182,1173,1182,6,0.510204,6800,OK
2025-11-20,3266,ファンドクリエーショングループ,スタンダード（内国株式）,不動産業,89,89,87,88,-1,-1.123596,80100,OK
2025-11-20,3267,フィル・カンパニー,スタンダード（内国株式）,建設業,1016,1026,956,964,-44,-4.365079,97500,OK
2025-11-20,326A,ａｅｒｏ　ｌａｂ　ｉｎｔｅｒｎａｔｉｏｎａｌ,TOKYO PRO MARKET（内国株式）,卸売業,,,,,,,,NO_QUOTE
2025-11-20,3271,ＴＨＥグローバル社,スタンダード（内国株式）,不動産業,895,914,889,892,-4,-0.446429,59300,OK
2025-11-20,3276,ＪＰＭＣ,プライム（内国株式）,不動産業,1256,1263,1253,1259,6,0.478851,17800,OK
2025-11-20,3277,サンセイランディック,スタンダード（内国株式）,不動産業,1394,1394,1371,1371,-9,-0.652174,6600,OK
2025-11-20,3280,エストラスト,スタンダード（内国株式）,不動産業,1026,1052,1026,1043,17,1.65692,14500,OK
2025-11-20,3284,フージャースホールディングス,プライム（内国株式）,不動産業,1300,1304,1290,1294,3,0.232378,154900,OK
2025-11-20,3286,トラストホールディングス,スタンダード（内国株式）,不動産業,900,904,900,900,3,0.334448,5600,OK
2025-11-20,3288,オープンハウスグループ,プライム（内国株式）,不動産業,8655,8751,8624,8624,-45,-0.519091,240400,OK
2025-11-20,3289,東急不動産ホールディングス,プライム（内国株式）,不動産業,1378,1393,1362,1366.5,7.5,0.551876,2250300,OK
2025-11-20,3291,飯田グループホールディングス,プライム（内国株式）,不動産業,2348.5,2353,2328.5,2331.5,-7,-0.299337,478800,OK
2025-11-20,3293,アズマハウス,スタンダード（内国株式）,不動産業,768,771,761,765,-3,-0.390625,4800,OK
2025-11-20,3294,イーグランド,スタンダード（内国株式）,不動産業,1865,1909,1865,1873,8,0.428954,11200,OK
2025-11-20,3297,東武住販,スタンダード（内国株式）,不動産業,1131,1131,1130,1130,-1,-0.088417,900,OK
2025-11-20,3299,ムゲンエステート,スタンダード（内国株式）,不動産業,1874,1879,1847,1848,-7,-0.377358,251200,OK
2025-11-20,329A,ジールアソシエイツ,TOKYO PRO MARKET（内国株式）,サービス業,,,,,,,,NO_QUOTE
2025-11-20,3300,アンビション　ＤＸ　ホールディングス,グロース（内国株式）,不動産業,2374,2391,2218,2286,-88,-3.706824,97500,OK
2025-11-20,3302,帝国繊維,プライム（内国株式）,繊維製品,3575,3775,3575,3695,155,4.378531,63300,OK
2025-11-20,3306,日本製麻,スタンダード（内国株式）,卸売業,701,711,695,711,3,0.423729,7600,OK
2025-11-20,330A,ＴａｌｅｎｔＸ,グロース（内国株式）,情報･通信業,1012,1036,954,968,-31,-3.103103,85400,OK
2025-11-20,3315,日本コークス工業,プライム（内国株式）,石油･石炭製品,107,113,106,113,7,6.603774,9465600,OK
2025-11-20,3317,フライングガーデン,スタンダード（内国株式）,小売業,1408,1421,1408,1421,13,0.923295,900,OK
2025-11-20,331A,メディックス,スタンダード（内国株式）,サービス業,513,514,503,510,1,0.196464,12400,OK
2025-11-20,3320,クロスプラス,スタンダード（内国株式）,卸売業,1297,1301,1290,1295,9,0.699844,2600,OK
2025-11-20,3321,ミタチ産業,スタンダード（内国株式）,卸売業,1678,1684,1661,1680,37,2.251978,40400,OK
2025-11-20,3323,レカム,スタンダード（内国株式）,卸売業,87,88,85,86,0,0,837200,OK
2025-11-20,3326,ランシステム,スタンダード（内国株式）,サービス業,625,625,620,620,-4,-0.641026,3000,OK
2025-11-20,3329,東和フードサービス,スタンダード（内国株式）,小売業,2062,2062,2025,2027,6,0.296883,3100,OK
2025-11-20,332A,ミーク,グロース（内国株式）,情報･通信業,856,910,845,900,79,9.622412,345200,OK
2025-11-20,3333,あさひ,プライム（内国株式）,小売業,1328,1328,1317,1320,1,0.075815,34400,OK
2025-11-20,333A,テクノスマイル,TOKYO PRO MARKET（内国株式）,サービス業,,,,,,,,NO_QUOTE
2025-11-20,3341,日本調剤,プライム（内国株式）,小売業,3905,3910,3905,3905,0,0,46700,OK
2025-11-20,3349,コスモス薬品,プライム（内国株式）,小売業,7535,7643,7424,7424,-126,-1.668874,349900,OK
2025-11-20,334A,ビジュアル・プロセッシング・ジャパン,グロース（内国株式）,情報･通信業,1580,1602,1558,1558,-18,-1.142132,13100,OK
2025-11-20,3350,メタプラネット,スタンダード（内国株式）,卸売業,379,396,368,387,12,3.2,22375100,OK
2025-11-20,3352,バッファロー,スタンダード（内国株式）,小売業,1508,1510,1495,1510,19,1.274313,1500,OK
2025-11-20,3353,メディカル一光グループ,スタンダード（内国株式）,小売業,2649,2649,2620,2621,14,0.537016,700,OK
2025-11-20,3355,クリヤマホールディングス,スタンダード（内国株式）,卸売業,1590,1601,1590,1601,23,1.457541,12600,OK
2025-11-20,3358,ワイエスフード,スタンダード（内国株式）,小売業,88,90,88,89,2,2.298851,15800,OK
2025-11-20,3359,ｃｏｔｔａ,グロース（内国株式）,卸売業,475,478,468,471,4,0.856531,54400,OK
2025-11-20,335A,ミライロ,グロース（内国株式）,情報･通信業,427,431,421,427,0,0,50200,OK
2025-11-20,3360,シップヘルスケアホールディングス,プライム（内国株式）,卸売業,2523.5,2523.5,2486.5,2499.5,-18,-0.714995,276000,OK
2025-11-20,3361,トーエル,スタンダード（内国株式）,小売業,812,815,804,815,7,0.866337,900,OK
2025-11-20,336A,ダイナミックマッププラットフォーム,グロース（内国株式）,情報･通信業,859,861,783,783,-48,-5.776173,511300,OK
2025-11-20,3370,フジタコーポレーション,スタンダード（内国株式）,小売業,359,399,359,369,12,3.361345,170800,OK
2025-11-20,3371,ソフトクリエイトホールディングス,プライム（内国株式）,情報･通信業,2134,2162,2111,2122,31,1.482544,30600,OK
2025-11-20,3372,関門海,スタンダード（内国株式）,小売業,233,235,232,232,-1,-0.429185,9400,OK
2025-11-20,3374,内外テック,スタンダード（内国株式）,卸売業,2036,2064,2026,2064,58,2.891326,12000,OK
2025-11-20,3375,ＺＯＡ,スタンダード（内国株式）,小売業,1660,1660,1660,1660,6,0.362757,200,OK
2025-11-20,3377,バイク王＆カンパニー,スタンダード（内国株式）,卸売業,412,412,409,409,0,0,7500,OK
2025-11-20,3382,セブン＆アイ・ホールディングス,プライム（内国株式）,小売業,2096,2145.5,2090.5,2123.5,48.5,2.337349,11177200,OK
2025-11-20,3386,コスモ・バイオ,スタンダード（内国株式）,卸売業,1366,1379,1295,1355,-50,-3.558719,113700,OK
2025-11-20,3387,クリエイト・レストランツ・ホールディングス,プライム（内国株式）,小売業,755,760,752,755,2,0.265604,438800,OK
2025-11-20,3388,明治電機工業,プライム（内国株式）,卸売業,2309,2332,2289,2323,49,2.154793,44800,OK
2025-11-20,338A,ＺｅｎｍｕＴｅｃｈ,グロース（内国株式）,情報･通信業,6400,6580,6140,6140,-20,-0.324675,77700,OK
2025-11-20,3391,ツルハホールディングス,プライム（内国株式）,小売業,2780.5,2892.5,2770.5,2821.5,41,1.474555,2259700,OK
2025-11-20,3392,デリカフーズホールディングス,スタンダード（内国株式）,卸売業,805,806,796,796,2,0.251889,18800,OK
2025-11-20,3393,スターティアホールディングス,プライム（内国株式）,卸売業,2598,2600,2575,2575,4,0.155581,18800,OK
2025-11-20,3395,サンマルクホールディングス,プライム（内国株式）,小売業,2545,2569,2531,2551,14,0.551833,76400,OK
2025-11-20,3396,フェリシモ,スタンダード（内国株式）,小売業,847,850,844,844,-2,-0.236407,10000,OK
2025-11-20,3397,トリドールホールディングス,プライム（内国株式）,小売業,4402,4453,4376,4428,-6,-0.135318,244700,OK
2025-11-20,3399,丸千代山岡家,スタンダード（内国株式）,小売業,2812,2812,2732,2740,-32,-1.154401,143600,OK
2025-11-20,339A,プログレス・テクノロジーズ　グループ,グロース（内国株式）,サービス業,1114,1120,1100,1102,-2,-0.181159,28600,OK
2025-11-20,3401,帝人,プライム（内国株式）,繊維製品,1277,1280.5,1254.5,1255,-9,-0.712025,954800,OK
2025-11-20,3402,東レ,プライム（内国株式）,繊維製品,997,1003,990,1000.5,14.5,1.470588,4545600,OK
2025-11-20,3405,クラレ,プライム（内国株式）,化学,1503,1548,1490.5,1516.5,-12,-0.785083,3183400,OK
2025-11-20,3407,旭化成,プライム（内国株式）,化学,1290,1302,1283,1299.5,35,2.767892,6677400,OK
2025-11-20,3409,北紡,スタンダード（内国株式）,繊維製品,133,133,122,125,-8,-6.015038,172500,OK
2025-11-20,340A,ジグザグ,グロース（内国株式）,情報･通信業,420,420,407,408,-5,-1.210654,46200,OK
2025-11-20,3415,ＴＯＫＹＯ　ＢＡＳＥ,プライム（内国株式）,小売業,385,391,383,383,2,0.524934,345100,OK
2025-11-20,3416,ピクスタ,グロース（内国株式）,小売業,998,1005,996,1005,7,0.701403,2400,OK
2025-11-20,3417,大木ヘルスケアホールディングス,スタンダード（内国株式）,卸売業,1409,1424,1409,1424,16,1.136364,4300,OK
2025-11-20,3418,バルニバービ,グロース（内国株式）,小売業,1060,1060,1051,1051,1,0.095238,18600,OK
2025-11-20,341A,トヨコー,グロース（内国株式）,建設業,2181,2198,2100,2136,-19,-0.881671,154000,OK
2025-11-20,3420,ケー・エフ・シー,スタンダード（内国株式）,金属製品,1523,1545,1515,1527,7,0.460526,2600,OK
2025-11-20,3421,稲葉製作所,スタンダード（内国株式）,金属製品,1587,1592,1581,1584,-1,-0.063091,14400,OK
2025-11-20,3422,Ｊ−ＭＡＸ,スタンダード（内国株式）,金属製品,449,449,409,431,-18,-4.008909,148300,OK
2025-11-20,3423,エスイー,スタンダード（内国株式）,金属製品,263,263,262,262,0,0,7700,OK
2025-11-20,3426,アトムリビンテック,スタンダード（内国株式）,金属製品,1380,1380,1376,1376,-7,-0.506146,1000,OK
2025-11-20,3431,宮地エンジニアリンググループ,プライム（内国株式）,金属製品,1937,1942,1924,1925,5,0.260417,76200,OK
2025-11-20,3433,トーカロ,プライム（内国株式）,金属製品,2137,2156,2114,2144,78,3.775411,327500,OK
2025-11-20,3434,アルファ,スタンダード（内国株式）,金属製品,1150,1151,1143,1148,-2,-0.173913,3800,OK
2025-11-20,3435,サンコーテクノ,スタンダード（内国株式）,金属製品,1242,1243,1240,1241,-1,-0.080515,2500,OK
2025-11-20,3436,ＳＵＭＣＯ,プライム（内国株式）,金属製品,1220,1250,1171,1184,24,2.068966,11025500,OK
2025-11-20,3437,特殊電極,スタンダード（内国株式）,金属製品,2800,2805,2777,2805,24,0.862999,1900,OK
2025-11-20,3439,三ツ知,スタンダード（内国株式）,金属製品,612,613,612,612,-2,-0.325733,900,OK
2025-11-20,343A,ＩＡＣＥトラベル,スタンダード（内国株式）,サービス業,1680,1680,1610,1630,-59,-3.493191,55900,OK
2025-11-20,3440,日創グループ,スタンダード（内国株式）,金属製品,920,926,920,920,0,0,5100,OK
2025-11-20,3441,山王,スタンダード（内国株式）,金属製品,1024,1060,1024,1043,18,1.756098,26500,OK
2025-11-20,3443,川田テクノロジーズ,プライム（内国株式）,金属製品,3890,3920,3860,3915,100,2.621232,84200,OK
2025-11-20,3444,菊池製作所,スタンダード（内国株式）,金属製品,336,347,335,343,-1,-0.290698,40500,OK
2025-11-20,3445,ＲＳ　Ｔｅｃｈｎｏｌｏｇｉｅｓ,プライム（内国株式）,金属製品,3715,3775,3635,3700,125,3.496503,132400,OK
2025-11-20,3446,ジェイテックコーポレーション,スタンダード（内国株式）,金属製品,1292,1327,1232,1243,-19,-1.505547,61900,OK
2025-11-20,3447,信和,スタンダード（内国株式）,金属製品,875,879,870,872,2,0.229885,35200,OK
2025-11-20,3448,清鋼材,TOKYO PRO MARKET（内国株式）,金属製品,,,,,,,,NO_QUOTE
2025-11-20,3449,テクノフレックス,スタンダード（内国株式）,金属製品,1824,1881,1808,1875,91,5.100897,47900,OK
2025-11-20,3450,サトウ産業,TOKYO PRO MARKET（内国株式）,金属製品,,,,,,,,NO_QUOTE
2025-11-20,3452,ビーロット,スタンダード（内国株式）,不動産業,1535,1543,1512,1522,6,0.395778,163600,OK
2025-11-20,3454,ファーストブラザーズ,スタンダード（内国株式）,不動産業,1213,1223,1190,1208,-4,-0.330033,63600,OK
2025-11-20,3457,Ａｎｄ　Ｄｏホールディングス,プライム（内国株式）,不動産業,1027,1033,1020,1020,-4,-0.390625,41600,OK
2025-11-20,3461,パルマ,スタンダード（内国株式）,不動産業,511,512,509,510,2,0.393701,6600,OK
2025-11-20,3465,ケイアイスター不動産,プライム（内国株式）,不動産業,5540,5540,5440,5500,10,0.182149,44400,OK
2025-11-20,3467,アグレ都市デザイン,スタンダード（内国株式）,不動産業,2283,2298,2227,2241,-25,-1.103266,9900,OK
2025-11-20,3469,デュアルタップ,スタンダード（内国株式）,不動産業,902,908,901,904,2,0.221729,4400,OK
2025-11-20,3474,Ｇ−ＦＡＣＴＯＲＹ,グロース（内国株式）,不動産業,638,638,636,636,-2,-0.31348,2900,OK
2025-11-20,3475,グッドコムアセット,プライム（内国株式）,不動産業,1269,1270,1231,1241,-20,-1.586043,226900,OK
2025-11-20,3477,フォーライフ,グロース（内国株式）,不動産業,830,842,830,833,6,0.725514,4500,OK
2025-11-20,3479,ティーケーピー,グロース（内国株式）,不動産業,1692,1701,1670,1698,46,2.784504,86700,OK
2025-11-20,347A,ＧＲＯＷＴＨ　ＰＯＷＥＲ,TOKYO PRO MARKET（内国株式）,卸売業,,,,,,,,NO_QUOTE
2025-11-20,3480,ジェイ・エス・ビー,プライム（内国株式）,不動産業,3615,3660,3610,3640,15,0.413793,9300,OK
2025-11-20,3482,ロードスターキャピタル,プライム（内国株式）,不動産業,2878,2884,2797,2803,-44,-1.545486,139700,OK
2025-11-20,3483,翔栄,TOKYO PRO MARKET（内国株式）,不動産業,,,,,,,,NO_QUOTE
2025-11-20,3484,イノベーションホールディングス,プライム（内国株式）,不動産業,1089,1091,1084,1087,3,0.276753,3400,OK
2025-11-20,3486,グローバル・リンク・マネジメント,プライム（内国株式）,不動産業,2120,2144,2083,2126,22,1.045627,236800,OK
2025-11-20,3489,フェイスネットワーク,スタンダード（内国株式）,不動産業,812,823,810,815,3,0.369458,72400,OK
2025-11-20,3490,アズ企画設計,スタンダード（内国株式）,不動産業,2848,2850,2832,2849,15,0.529287,1800,OK
2025-11-20,3491,ＧＡ　ｔｅｃｈｎｏｌｏｇｉｅｓ,グロース（内国株式）,不動産業,2007,2040,1953,1983,14,0.711021,101500,OK
2025-11-20,3494,マリオン,スタンダード（内国株式）,不動産業,376,378,373,377,4,1.072386,3400,OK
2025-11-20,3495,香陵住販,スタンダード（内国株式）,不動産業,,,,,,,,NO_QUOTE
2025-11-20,3496,アズーム,プライム（内国株式）,不動産業,5150,5200,4775,4920,-150,-2.95858,189400,OK
2025-11-20,3498,霞ヶ関キャピタル,プライム（内国株式）,不動産業,8080,8200,7980,7980,50,0.630517,514000,OK
2025-11-20,3501,ＳＵＭＩＮＯＥ,プライム（内国株式）,繊維製品,1231,1231,1224,1224,-1,-0.081633,9100,OK
2025-11-20,350A,デジタルグリッド,グロース（内国株式）,電気･ガス業,816,824,780,789,-18,-2.230483,488200,OK
2025-11-20,3512,日本フエルト,スタンダード（内国株式）,繊維製品,645,650,630,636,-1,-0.156986,56600,OK
2025-11-20,3513,イチカワ,スタンダード（内国株式）,繊維製品,2221,2246,2215,2215,-5,-0.225225,8700,OK
2025-11-20,351A,アクシスＩＴパートナーズ,TOKYO PRO MARKET（内国株式）,情報･通信業,,,,,,,,NO_QUOTE
2025-11-20,3521,テルマー湯ホールディングス,スタンダード（内国株式）,サービス業,156,156,154,156,2,1.298701,22500,OK
2025-11-20,3524,日東製網,スタンダード（内国株式）,繊維製品,1555,1565,1552,1565,2,0.127959,900,OK
2025-11-20,3526,芦森工業,スタンダード（内国株式）,輸送用機器,4135,4145,4115,4115,-5,-0.121359,41100,OK
2025-11-20,3529,アツギ,スタンダード（内国株式）,繊維製品,1145,1211,1140,1196,71,6.311111,279400,OK
2025-11-20,352A,ＬＯＩＶＥ,グロース（内国株式）,サービス業,910,914,855,855,-50,-5.524862,137100,OK
2025-11-20,3536,アクサスホールディングス,スタンダード（内国株式）,小売業,128,129,127,127,-1,-0.78125,9000,OK
2025-11-20,3537,昭栄薬品,スタンダード（内国株式）,卸売業,1528,1544,1528,1536,11,0.721311,3100,OK
2025-11-20,3538,ウイルプラスホールディングス,スタンダード（内国株式）,小売業,1012,1019,1012,1017,5,0.494071,4400,OK
2025-11-20,3539,ＪＭホールディングス,プライム（内国株式）,小売業,1552,1566,1542,1553,15,0.975293,43400,OK
2025-11-20,3540,歯愛メディカル,スタンダード（内国株式）,卸売業,1492,1492,1492,1492,0,0,700,OK
2025-11-20,3541,農業総合研究所,グロース（内国株式）,卸売業,451,459,449,456,5,1.108647,87300,OK
2025-11-20,3542,ベガコーポレーション,グロース（内国株式）,小売業,1653,1653,1577,1584,-37,-2.282542,47900,OK
2025-11-20,3543,コメダホールディングス,プライム（内国株式）,卸売業,2986,3005,2978,3005,19,0.636303,163700,OK
2025-11-20,3544,サツドラホールディングス,スタンダード（内国株式）,小売業,802,808,801,806,5,0.62422,8800,OK
2025-11-20,3546,アレンザホールディングス,プライム（内国株式）,小売業,1052,1072,1043,1063,16,1.528176,38900,OK
2025-11-20,3547,串カツ田中ホールディングス,スタンダード（内国株式）,小売業,2165,2174,2139,2139,1,0.046773,99000,OK
2025-11-20,3548,バロックジャパンリミテッド,プライム（内国株式）,小売業,749,754,746,752,4,0.534759,56600,OK
2025-11-20,3549,クスリのアオキホールディングス,プライム（内国株式）,小売業,3931,3960,3890,3916,-15,-0.381582,183800,OK
2025-11-20,3550,スタジオアタオ,グロース（内国株式）,小売業,198,200,198,199,1,0.505051,4500,OK
2025-11-20,3551,ダイニック,スタンダード（内国株式）,繊維製品,947,955,940,953,12,1.275239,19000,OK
2025-11-20,3553,共和レザー,スタンダード（内国株式）,化学,864,869,861,866,11,1.28655,34200,OK
2025-11-20,3556,リネットジャパングループ,グロース（内国株式）,小売業,979,979,951,963,29,3.104925,60300,OK
2025-11-20,3557,ユナイテッド＆コレクティブ,グロース（内国株式）,小売業,946,947,944,946,3,0.318134,5500,OK
2025-11-20,3558,ジェイドグループ,グロース（内国株式）,小売業,1450,1466,1435,1444,9,0.627178,44400,OK
2025-11-20,3559,ピーバンドットコム,スタンダード（内国株式）,卸売業,492,511,482,504,20,4.132231,38900,OK
2025-11-20,355A,ナウビレッジ,TOKYO PRO MARKET（内国株式）,サービス業,,,,,,,,NO_QUOTE
2025-11-20,3560,ほぼ日,スタンダード（内国株式）,小売業,3140,3200,3125,3180,75,2.415459,1300,OK
2025-11-20,3561,力の源ホールディングス,プライム（内国株式）,小売業,1353,1354,1330,1333,-18,-1.332346,110400,OK
2025-11-20,3562,Ｎｏ．１,スタンダード（内国株式）,卸売業,2205,2224,2193,2213,26,1.188843,17900,OK
2025-11-20,3563,ＦＯＯＤ　＆　ＬＩＦＥ　ＣＯＭＰＡＮＩＥＳ,プライム（内国株式）,小売業,6321,6788,6244,6628,303,4.790514,3494500,OK
2025-11-20,3565,アセンテック,スタンダード（内国株式）,卸売業,1350,1375,1330,1344,7,0.52356,134900,OK
2025-11-20,3566,ユニフォームネクスト,グロース（内国株式）,小売業,644,659,644,659,15,2.329193,3800,OK
2025-11-20,3569,セーレン,プライム（内国株式）,繊維製品,3040,3055,3015,3020,15,0.499168,96200,OK
2025-11-20,3571,ソトー,スタンダード（内国株式）,繊維製品,770,772,765,772,5,0.65189,2500,OK
2025-11-20,3577,東海染工,スタンダード（内国株式）,繊維製品,882,885,881,881,-1,-0.113379,1100,OK
2025-11-20,357A,エフアンドエフ,TOKYO PRO MARKET（内国株式）,小売業,,,,,,,,NO_QUOTE
2025-11-20,3580,小松マテーレ,プライム（内国株式）,繊維製品,819,824,815,818,7,0.863132,49500,OK
2025-11-20,3583,オーベクス,スタンダード（内国株式）,繊維製品,1290,1296,1280,1280,-10,-0.775194,1900,OK
2025-11-20,358A,ゼン・ランド,TOKYO PRO MARKET（内国株式）,不動産業,,,,,,,,NO_QUOTE
2025-11-20,3591,ワコールホールディングス,プライム（内国株式）,繊維製品,5005,5011,4931,4939,-35,-0.703659,102600,OK
2025-11-20,3593,ホギメディカル,プライム（内国株式）,繊維製品,5710,5780,5650,5760,80,1.408451,225000,OK
2025-11-20,3597,自重堂,スタンダード（内国株式）,繊維製品,9380,9390,9350,9350,-30,-0.319829,400,OK
2025-11-20,3598,山喜,スタンダード（内国株式）,繊維製品,168,170,168,169,0,0,4700,OK
2025-11-20,359A,ＮＥＸＴ　ＳＴＡＧＥ,TOKYO PRO MARKET（内国株式）,サービス業,,,,,,,,NO_QUOTE
2025-11-20,3600,フジックス,スタンダード（内国株式）,繊維製品,1607,1607,1607,1607,2,0.124611,100,OK
2025-11-20,3607,クラウディアホールディングス,スタンダード（内国株式）,繊維製品,313,314,310,312,-2,-0.636943,9800,OK
2025-11-20,3608,ＴＳＩホールディングス,プライム（内国株式）,繊維製品,963,972,959,965,8,0.835946,172200,OK
2025-11-20,3611,マツオカコーポレーション,スタンダード（内国株式）,繊維製品,2327,2337,2291,2337,60,2.635046,27800,OK
2025-11-20,3612,ワールド,プライム（内国株式）,繊維製品,2860,2905,2860,2889,30,1.049318,92400,OK
2025-11-20,361A,リビングハウス,TOKYO PRO MARKET（内国株式）,小売業,,,,,,,,NO_QUOTE
2025-11-20,3622,ネットイヤーグループ,グロース（内国株式）,情報･通信業,575,578,570,571,-1,-0.174825,8200,OK
2025-11-20,3623,ビリングシステム,グロース（内国株式）,情報･通信業,1000,1011,992,1008,17,1.715439,22400,OK
2025-11-20,3624,アクセルマーク,グロース（内国株式）,情報･通信業,93,94,91,92,-1,-1.075269,234500,OK
2025-11-20,3625,テックファームホールディングス,グロース（内国株式）,情報･通信業,631,644,630,635,0,0,58400,OK
2025-11-20,3626,ＴＩＳ,プライム（内国株式）,情報･通信業,5100,5159,5100,5152,56,1.098901,416800,OK
2025-11-20,3627,テクミラホールディングス,スタンダード（内国株式）,情報･通信業,279,279,276,277,2,0.727273,15400,OK
2025-11-20,3628,データホライゾン,グロース（内国株式）,情報･通信業,524,534,523,534,12,2.298851,2500,OK
2025-11-20,362A,エクシオホールディングス,TOKYO PRO MARKET（内国株式）,サービス業,,,,,,,,NO_QUOTE
2025-11-20,3632,グリーホールディングス,プライム（内国株式）,情報･通信業,399,399,395,395,-1,-0.252525,365700,OK
2025-11-20,3633,ＧＭＯペパボ,スタンダード（内国株式）,情報･通信業,2184,2206,2172,2195,45,2.093023,20200,OK
2025-11-20,3634,ソケッツ,スタンダード（内国株式）,情報･通信業,686,697,686,689,7,1.026393,1200,OK
2025-11-20,3635,コーエーテクモホールディングス,プライム（内国株式）,情報･通信業,2083,2095.5,2055.5,2084,7,0.337025,1171900,OK
2025-11-20,3636,三菱総合研究所,プライム（内国株式）,情報･通信業,4930,4960,4890,4910,20,0.408998,27600,OK
2025-11-20,3639,ボルテージ,スタンダード（内国株式）,情報･通信業,255,261,255,261,5,1.953125,17700,OK
2025-11-20,3640,電算,スタンダード（内国株式）,情報･通信業,3250,3280,3220,3220,-20,-0.617284,8300,OK
2025-11-20,3641,パピレス,スタンダード（内国株式）,情報･通信業,945,946,941,946,2,0.211864,10000,OK
2025-11-20,3645,メディカルネット,グロース（内国株式）,情報･通信業,298,300,298,298,1,0.3367,6600,OK
2025-11-20,3646,駅探,グロース（内国株式）,情報･通信業,324,325,321,323,-1,-0.308642,3700,OK
2025-11-20,3647,ジー・スリーホールディングス,スタンダード（内国株式）,情報･通信業,128,132,121,130,5,4,223200,OK
2025-11-20,3648,ＡＧＳ,スタンダード（内国株式）,情報･通信業,1320,1350,1289,1298,-18,-1.367781,41700,OK
2025-11-20,3649,ファインデックス,プライム（内国株式）,情報･通信業,844,849,835,845,-1,-0.118203,24600,OK
2025-11-20,3652,ディジタルメディアプロフェッショナル,グロース（内国株式）,情報･通信業,2233,2255,2170,2170,-40,-1.809955,28900,OK
2025-11-20,3653,モルフォ,グロース（内国株式）,情報･通信業,886,886,868,868,-19,-2.142052,18300,OK
2025-11-20,3655,ブレインパッド,プライム（内国株式）,情報･通信業,2697,2699,2697,2699,0,0,595300,OK
2025-11-20,3656,ＫＬａｂ,プライム（内国株式）,情報･通信業,228,233,220,226,2,0.892857,4853700,OK
2025-11-20,3657,ポールトゥウィンホールディングス,プライム（内国株式）,情報･通信業,325,325,322,323,0,0,81200,OK
2025-11-20,3659,ネクソン,プライム（内国株式）,情報･通信業,3651,3726,3621,3670,78,2.171492,1669900,OK
2025-11-20,365A,伊澤タオル,スタンダード（内国株式）,繊維製品,567,568,561,564,-1,-0.176991,103700,OK
2025-11-20,3660,アイスタイル,プライム（内国株式）,情報･通信業,446,455,444,446,8,1.826484,1083600,OK
2025-11-20,3661,エムアップホールディングス,プライム（内国株式）,情報･通信業,1755,1774,1732,1761,1,0.056818,409600,OK
2025-11-20,3662,エイチームホールディングス,プライム（内国株式）,情報･通信業,1099,1099,1087,1097,17,1.574074,43200,OK
2025-11-20,3663,セルシス,プライム（内国株式）,情報･通信業,1656,1680,1616,1618,-35,-2.117362,199300,OK
2025-11-20,3664,モブキャストホールディングス,グロース（内国株式）,情報･通信業,40,41,38,40,2,5.263158,6272800,OK
2025-11-20,3665,エニグモ,プライム（内国株式）,情報･通信業,395,397,391,391,-1,-0.255102,248100,OK
2025-11-20,3667,ｅｎｉｓｈ,スタンダード（内国株式）,情報･通信業,82,83,78,79,-1,-1.25,1025800,OK
2025-11-20,3668,コロプラ,プライム（内国株式）,情報･通信業,440,442,433,435,-1,-0.229358,167400,OK
2025-11-20,366A,ウェルネス・コミュニケーションズ,グロース（内国株式）,サービス業,2546,2557,2508,2530,28,1.119105,27300,OK
2025-11-20,3670,協立情報通信,スタンダード（内国株式）,情報･通信業,1965,1965,1964,1964,-1,-0.050891,1200,OK
2025-11-20,3671,ソフトマックス,グロース（内国株式）,情報･通信業,349,349,338,345,2,0.58309,83400,OK
2025-11-20,3672,オルトプラス,スタンダード（内国株式）,情報･通信業,60,62,60,61,2,3.389831,438300,OK
2025-11-20,3673,ブロードリーフ,プライム（内国株式）,情報･通信業,728,734,715,715,-3,-0.417827,324200,OK
2025-11-20,3674,オークファン,グロース（内国株式）,情報･通信業,337,344,337,340,0,0,17100,OK
2025-11-20,3675,クロス・マーケティンググループ,プライム（内国株式）,情報･通信業,623,625,619,619,2,0.324149,25800,OK
2025-11-20,3676,デジタルハーツホールディングス,プライム（内国株式）,情報･通信業,953,954,945,949,2,0.211193,135600,OK
2025-11-20,3678,メディアドゥ,プライム（内国株式）,情報･通信業,1789,1794,1766,1773,-1,-0.05637,24100,OK
2025-11-20,3679,じげん,プライム（内国株式）,情報･通信業,494,494,488,489,-2,-0.407332,225000,OK
2025-11-20,367A,プリモグローバルホールディングス,スタンダード（内国株式）,小売業,1870,1877,1838,1847,-3,-0.162162,102500,OK
2025-11-20,3680,ホットリンク,グロース（内国株式）,情報･通信業,268,268,263,265,-2,-0.749064,94400,OK
2025-11-20,3681,ブイキューブ,プライム（内国株式）,情報･通信業,133,134,132,132,-1,-0.75188,36400,OK
2025-11-20,3682,エンカレッジ・テクノロジ,スタンダード（内国株式）,情報･通信業,638,639,634,635,-1,-0.157233,6500,OK
2025-11-20,3683,サイバーリンクス,スタンダード（内国株式）,情報･通信業,1330,1355,1318,1319,6,0.456969,60000,OK
2025-11-20,3686,ディー・エル・イー,スタンダード（内国株式）,情報･通信業,110,113,110,110,-1,-0.900901,201900,OK
2025-11-20,3687,フィックスターズ,プライム（内国株式）,情報･通信業,1651,1664,1630,1630,30,1.875,406900,OK
2025-11-20,3688,ＣＡＲＴＡ　ＨＯＬＤＩＮＧＳ,プライム（内国株式）,情報･通信業,2091,2093,2090,2091,1,0.047847,45600,OK
2025-11-20,368A,北里コーポレーション,プライム（内国株式）,精密機器,1461,1472,1406,1418,-29,-2.004147,189400,OK
2025-11-20,3690,イルグルム,スタンダード（内国株式）,情報･通信業,592,592,589,590,-1,-0.169205,4900,OK
2025-11-20,3691,デジタルプラス,グロース（内国株式）,情報･通信業,1510,1524,1317,1359,-121,-8.175676,192400,OK
2025-11-20,3692,ＦＦＲＩセキュリティ,グロース（内国株式）,情報･通信業,8940,9100,8410,8410,-230,-2.662037,342400,OK
2025-11-20,3694,オプティム,プライム（内国株式）,情報･通信業,541,547,535,538,1,0.18622,174200,OK
2025-11-20,3695,ＧＭＯプロダクトプラットフォーム,グロース（内国株式）,情報･通信業,2021,2021,2000,2000,-9,-0.447984,2600,OK
2025-11-20,3696,セレス,プライム（内国株式）,情報･通信業,2110,2123,2080,2083,1,0.048031,110500,OK
2025-11-20,3697,ＳＨＩＦＴ,プライム（内国株式）,情報･通信業,980,1011,978.1,1010.5,27.3,2.776648,3741800,OK
2025-11-20,3698,ＣＲＩ・ミドルウェア,グロース（内国株式）,情報･通信業,1080,1080,1039,1046,26,2.54902,58200,OK
2025-11-20,369A,エータイ,グロース（内国株式）,サービス業,3170,3170,3110,3120,5,0.160514,26400,OK
2025-11-20,3708,特種東海製紙,プライム（内国株式）,パルプ・紙,1450,1459,1445,1445,-3,-0.207182,37800,OK
2025-11-20,370A,リバイブル,TOKYO PRO MARKET（内国株式）,不動産業,,,,,,,,NO_QUOTE
2025-11-20,3710,ジョルダン,スタンダード（内国株式）,情報･通信業,582,585,581,581,-5,-0.853242,2600,OK
2025-11-20,3712,情報企画,スタンダード（内国株式）,情報･通信業,5740,5780,5680,5760,80,1.408451,2300,OK
2025-11-20,3719,ＡＩストーム,スタンダード（内国株式）,情報･通信業,446,465,430,462,28,6.451613,1259500,OK
2025-11-20,371A,デージーネット,TOKYO PRO MARKET（内国株式）,情報･通信業,,,,,,,,NO_QUOTE
2025-11-20,3723,日本ファルコム,グロース（内国株式）,情報･通信業,1368,1408,1360,1373,9,0.659824,23000,OK
2025-11-20,3726,フォーシーズＨＤ,スタンダード（内国株式）,小売業,505,507,495,496,-5,-0.998004,71600,OK
2025-11-20,3727,アプリックス,グロース（内国株式）,情報･通信業,169,172,167,169,2,1.197605,59300,OK
2025-11-20,372A,レント,スタンダード（内国株式）,サービス業,5570,5590,5470,5500,0,0,14500,OK
2025-11-20,3733,ソフトウェア・サービス,スタンダード（内国株式）,情報･通信業,14410,14610,14190,14240,40,0.28169,2600,OK
2025-11-20,373A,リップス,グロース（内国株式）,化学,1709,1726,1703,1714,13,0.764256,11800,OK
2025-11-20,3741,セック,プライム（内国株式）,情報･通信業,2600,2649,2584,2649,118,4.662189,119000,OK
2025-11-20,3744,サイオス,スタンダード（内国株式）,情報･通信業,531,544,525,540,24,4.651163,124300,OK
2025-11-20,3747,インタートレード,スタンダード（内国株式）,情報･通信業,681,702,670,677,6,0.894188,128700,OK
2025-11-20,374A,樋口総合研究所,TOKYO PRO MARKET（内国株式）,情報･通信業,,,,,,,,NO_QUOTE
2025-11-20,3750,ＡＤＲ１２０Ｓ,スタンダード（内国株式）,情報･通信業,815,815,812,815,0,0,2800,OK
2025-11-20,3753,フライトソリューションズ,スタンダード（内国株式）,情報･通信業,168,172,168,168,-1,-0.591716,43000,OK
2025-11-20,3758,アエリア,スタンダード（内国株式）,情報･通信業,299,299,295,295,0,0,30400,OK
2025-11-20,375A,ＹＡＫホールディングス,TOKYO PRO MARKET（内国株式）,不動産業,,,,,,,,NO_QUOTE
2025-11-20,3760,ケイブ,スタンダード（内国株式）,情報･通信業,773,785,773,785,10,1.290323,12500,OK
2025-11-20,3762,テクマトリックス,プライム（内国株式）,情報･通信業,2062,2062,2038,2043,-4,-0.195408,233900,OK
2025-11-20,3763,プロシップ,プライム（内国株式）,情報･通信業,1675,1715,1659,1698,28,1.676647,46800,OK
2025-11-20,3765,ガンホー・オンライン・エンターテイメント,プライム（内国株式）,情報･通信業,2381,2405,2374,2383,3,0.12605,175100,OK
2025-11-20,3766,システムズ・デザイン,スタンダード（内国株式）,情報･通信業,1255,1270,1210,1245,-4,-0.320256,3200,OK
2025-11-20,3768,リスクモンスター,スタンダード（内国株式）,情報･通信業,514,518,501,511,1,0.196078,22900,OK
2025-11-20,3769,ＧＭＯペイメントゲートウェイ,プライム（内国株式）,情報･通信業,9420,9652,9420,9566,56,0.588854,194900,OK
2025-11-20,3771,システムリサーチ,プライム（内国株式）,情報･通信業,1939,1950,1930,1934,15,0.781657,28400,OK
2025-11-20,3772,ウェルス・マネジメント,スタンダード（内国株式）,不動産業,1050,1063,1048,1049,4,0.382775,24100,OK
2025-11-20,3773,アドバンスト・メディア,グロース（内国株式）,情報･通信業,1020,1032,1020,1030,25,2.487562,44200,OK
2025-11-20,3774,インターネットイニシアティブ,プライム（内国株式）,情報･通信業,2857,2868,2816.5,2816.5,-40.5,-1.417571,356800,OK
2025-11-20,3776,ブロードバンドタワー,スタンダード（内国株式）,情報･通信業,171,177,171,175,6,3.550296,571100,OK
2025-11-20,3777,環境フレンドリーホールディングス,グロース（内国株式）,情報･通信業,47,48,47,47,0,0,586000,OK
2025-11-20,3778,さくらインターネット,プライム（内国株式）,情報･通信業,3070,3075,3000,3025,35,1.170569,369500,OK
2025-11-20,3779,ジェイ・エスコムホールディングス,スタンダード（内国株式）,情報･通信業,186,190,185,187,1,0.537634,74600,OK
2025-11-20,3787,テクノマセマティカル,スタンダード（内国株式）,情報･通信業,616,740,590,625,-41,-6.156156,482700,OK
2025-11-20,3788,ＧＭＯグローバルサイン・ホールディングス,プライム（内国株式）,情報･通信業,2380,2414,2361,2404,46,1.950806,20100,OK
2025-11-20,378A,ヒット,グロース（内国株式）,サービス業,2121,2164,2079,2080,-30,-1.421801,24200,OK
2025-11-20,3791,ＩＧポート,スタンダード（内国株式）,情報･通信業,1402,1408,1380,1380,-3,-0.21692,131100,OK
2025-11-20,3793,ドリコム,グロース（内国株式）,情報･通信業,435,440,431,431,-5,-1.146789,57300,OK
2025-11-20,3796,いい生活,スタンダード（内国株式）,情報･通信業,517,525,513,524,10,1.945525,6300,OK
2025-11-20,3798,ＵＬＳグループ,スタンダード（内国株式）,情報･通信業,590,591,577,581,-4,-0.683761,275600,OK
2025-11-20,3799,キーウェアソリューションズ,スタンダード（内国株式）,情報･通信業,1111,1117,1106,1115,9,0.813743,9400,OK
2025-11-20,3800,ユニリタ,スタンダード（内国株式）,情報･通信業,1939,1941,1938,1939,1,0.0516,1000,OK
2025-11-20,3802,エコミック,スタンダード（内国株式）,情報･通信業,483,483,477,477,-2,-0.417537,3200,OK
2025-11-20,3803,イメージ情報開発,グロース（内国株式）,情報･通信業,583,583,536,545,-18,-3.197158,65800,OK
2025-11-20,3804,システム　ディ,スタンダード（内国株式）,情報･通信業,1950,1970,1950,1970,0,0,1500,OK
2025-11-20,3807,フィスコ,グロース（内国株式）,情報･通信業,141,141,138,138,-2,-1.428571,194100,OK
2025-11-20,3810,サイバーステップ,スタンダード（内国株式）,情報･通信業,359,360,344,349,-4,-1.133144,177200,OK
2025-11-20,3815,メディア工房,グロース（内国株式）,情報･通信業,522,522,518,520,1,0.192678,4400,OK
2025-11-20,3816,大和コンピューター,スタンダード（内国株式）,情報･通信業,1163,1163,1163,1163,0,0,100,OK
2025-11-20,3817,ＳＲＡホールディングス,プライム（内国株式）,情報･通信業,5070,5170,5070,5090,20,0.394477,18900,OK
2025-11-20,3823,ＴＨＥ　ＷＨＹ　ＨＯＷ　ＤＯ　ＣＯＭＰＡＮＹ,スタンダード（内国株式）,情報･通信業,51,51,48,48,-3,-5.882353,1546300,OK
2025-11-20,3825,リミックスポイント,スタンダード（内国株式）,小売業,264,274,261,272,10,3.816794,1637700,OK
2025-11-20,3826,システムインテグレータ,スタンダード（内国株式）,情報･通信業,448,451,444,446,-1,-0.223714,6400,OK
2025-11-20,3834,朝日ネット,プライム（内国株式）,情報･通信業,690,690,684,684,-3,-0.436681,30200,OK
2025-11-20,3835,ｅＢＡＳＥ,プライム（内国株式）,情報･通信業,450,452,444,448,4,0.900901,78100,OK
2025-11-20,3836,アバントグループ,プライム（内国株式）,情報･通信業,1743,1816,1732,1779,90,5.328597,223700,OK
2025-11-20,3837,アドソル日進,プライム（内国株式）,情報･通信業,1432,1443,1421,1421,19,1.355207,59200,OK
2025-11-20,3839,ＯＤＫソリューションズ,スタンダード（内国株式）,情報･通信業,602,605,602,604,1,0.165837,900,OK
2025-11-20,3840,パス,スタンダード（内国株式）,情報･通信業,75,75,71,71,-2,-2.739726,358200,OK
2025-11-20,3841,ジーダット,スタンダード（内国株式）,情報･通信業,1306,1310,1296,1298,10,0.776398,4500,OK
2025-11-20,3842,ネクストジェン,スタンダード（内国株式）,情報･通信業,1039,1039,1027,1028,-2,-0.194175,2100,OK
2025-11-20,3843,フリービット,プライム（内国株式）,情報･通信業,1584,1592,1561,1570,-1,-0.063654,20500,OK
2025-11-20,3844,コムチュア,プライム（内国株式）,情報･通信業,1579,1580,1556,1570,12,0.770218,183700,OK
2025-11-20,3845,アイフリークモバイル,スタンダード（内国株式）,情報･通信業,217,223,216,220,1,0.456621,59800,OK
2025-11-20,3847,パシフィックシステム,スタンダード（内国株式）,情報･通信業,,,,,,,,NO_QUOTE
2025-11-20,3848,データ・アプリケーション,スタンダード（内国株式）,情報･通信業,866,878,854,862,-8,-0.91954,5400,OK
2025-11-20,3850,エヌ・ティ・ティ・データ・イントラマート,スタンダード（内国株式）,情報･通信業,3975,4055,3970,4010,40,1.007557,19000,OK
2025-11-20,3851,日本一ソフトウェア,スタンダード（内国株式）,情報･通信業,798,800,798,800,2,0.250627,900,OK
2025-11-20,3853,アステリア,プライム（内国株式）,情報･通信業,1167,1181,1140,1153,-3,-0.259516,505400,OK
2025-11-20,3854,アイル,プライム（内国株式）,情報･通信業,2310,2311,2290,2301,18,0.788436,36000,OK
2025-11-20,3856,Ａｂａｌａｎｃｅ,スタンダード（内国株式）,電気機器,717,734,713,726,10,1.396648,110300,OK
2025-11-20,3858,ユビキタスＡＩ,スタンダード（内国株式）,情報･通信業,383,387,375,383,3,0.789474,123500,OK
2025-11-20,385A,山本通産,TOKYO PRO MARKET（内国株式）,卸売業,,,,,,,,NO_QUOTE
2025-11-20,3861,王子ホールディングス,プライム（内国株式）,パルプ・紙,788,797,784.2,789.7,1.7,0.215736,3349500,OK
2025-11-20,3863,日本製紙,プライム（内国株式）,パルプ・紙,1048,1061,1047,1053,5,0.477099,555700,OK
2025-11-20,3864,三菱製紙,プライム（内国株式）,パルプ・紙,617,627,614,620,13,2.14168,191800,OK
2025-11-20,3865,北越コーポレーション,プライム（内国株式）,パルプ・紙,828,835,823,826,2,0.242718,165600,OK
2025-11-20,386A,みのや,スタンダード（内国株式）,小売業,1810,1810,1762,1793,-17,-0.939227,30200,OK
2025-11-20,3877,中越パルプ工業,プライム（内国株式）,パルプ・紙,1730,1762,1721,1755,29,1.680185,23200,OK
2025-11-20,3878,巴川コーポレーション,スタンダード（内国株式）,化学,770,771,757,769,9,1.184211,12400,OK
2025-11-20,387A,フラー,グロース（内国株式）,情報･通信業,1627,1627,1588,1593,-44,-2.687844,16800,OK
2025-11-20,3880,大王製紙,プライム（内国株式）,パルプ・紙,880,887,875,883,13,1.494253,248200,OK
2025-11-20,3891,ニッポン高度紙工業,スタンダード（内国株式）,パルプ・紙,2747,2800,2747,2770,73,2.706711,72800,OK
2025-11-20,3892,岡山製紙,スタンダード（内国株式）,パルプ・紙,1550,1562,1550,1560,11,0.710136,1000,OK
2025-11-20,3895,ハビックス,スタンダード（内国株式）,パルプ・紙,405,405,398,400,0,0,10500,OK
2025-11-20,3896,阿波製紙,スタンダード（内国株式）,パルプ・紙,334,335,325,327,-7,-2.095808,32200,OK
2025-11-20,389A,八光オートメーション,TOKYO PRO MARKET（内国株式）,電気機器,,,,,,,,NO_QUOTE
2025-11-20,3900,クラウドワークス,グロース（内国株式）,情報･通信業,865,884,835,841,-28,-3.222094,362100,OK
2025-11-20,3901,マークラインズ,プライム（内国株式）,情報･通信業,1704,1716,1690,1693,8,0.474777,50500,OK
2025-11-20,3902,メディカル・データ・ビジョン,プライム（内国株式）,情報･通信業,468,475,466,468,5,1.079914,136400,OK
2025-11-20,3903,ｇｕｍｉ,プライム（内国株式）,情報･通信業,388,395,376,384,0,0,1095900,OK
2025-11-20,3904,カヤック,グロース（内国株式）,情報･通信業,489,496,478,495,6,1.226994,82800,OK
2025-11-20,3905,データセクション,グロース（内国株式）,情報･通信業,2440,2450,2220,2260,-30,-1.310044,1684100,OK
2025-11-20,3907,シリコンスタジオ,グロース（内国株式）,情報･通信業,798,834,771,775,-8,-1.021711,49700,OK
2025-11-20,3908,コラボス,グロース（内国株式）,情報･通信業,297,305,296,296,0,0,22200,OK
2025-11-20,3909,ショーケース,スタンダード（内国株式）,情報･通信業,312,312,305,306,1,0.327869,8600,OK
2025-11-20,3910,エムケイシステム,スタンダード（内国株式）,情報･通信業,286,287,284,284,-5,-1.730104,6100,OK
2025-11-20,3911,Ａｉｍｉｎｇ,グロース（内国株式）,情報･通信業,226,226,224,224,0,0,96600,OK
2025-11-20,3912,モバイルファクトリー,スタンダード（内国株式）,情報･通信業,1010,1025,1004,1007,-3,-0.29703,9200,OK
2025-11-20,3913,ＧｒｅｅｎＢｅｅ,グロース（内国株式）,情報･通信業,1200,1236,1180,1226,31,2.594142,51600,OK
2025-11-20,3914,ＪＩＧ−ＳＡＷ,グロース（内国株式）,情報･通信業,2831,2880,2810,2839,34,1.212121,18300,OK
2025-11-20,3915,テラスカイ,プライム（内国株式）,情報･通信業,2027,2066,2024,2033,24,1.194624,50600,OK
2025-11-20,3916,デジタル・インフォメーション・テクノロジー,プライム（内国株式）,情報･通信業,2566,2592,2537,2569,19,0.745098,64500,OK
2025-11-20,3917,アイリッジ,グロース（内国株式）,情報･通信業,451,461,451,459,6,1.324503,9400,OK
2025-11-20,3918,ＰＣＩホールディングス,スタンダード（内国株式）,情報･通信業,1185,1215,1185,1197,10,0.84246,9300,OK
2025-11-20,3920,アイビーシー,スタンダード（内国株式）,情報･通信業,963,974,955,961,-2,-0.207684,9400,OK
2025-11-20,3921,ネオジャパン,プライム（内国株式）,情報･通信業,1751,1773,1735,1750,13,0.748417,22100,OK
2025-11-20,3922,ＰＲ　ＴＩＭＥＳ,プライム（内国株式）,情報･通信業,2802,2857,2802,2810,26,0.933908,42600,OK
2025-11-20,3923,ラクス,プライム（内国株式）,情報･通信業,1238.5,1251,1221,1222.5,-2.5,-0.204082,1565300,OK
2025-11-20,3924,ランドコンピュータ,プライム（内国株式）,情報･通信業,893,897,888,889,0,0,29200,OK
2025-11-20,3925,ダブルスタンダード,プライム（内国株式）,情報･通信業,1678,1693,1673,1673,-5,-0.297974,17500,OK
2025-11-20,3926,オープンドア,プライム（内国株式）,情報･通信業,315,320,306,319,18,5.980066,169700,OK
2025-11-20,3927,フーバーブレイン,グロース（内国株式）,情報･通信業,804,815,788,809,20,2.534854,96100,OK
2025-11-20,3928,マイネット,スタンダード（内国株式）,情報･通信業,250,257,248,252,0,0,132500,OK
2025-11-20,3929,ソーシャルワイヤー,グロース（内国株式）,情報･通信業,276,278,268,270,-6,-2.173913,16400,OK
2025-11-20,3930,はてな,グロース（内国株式）,情報･通信業,946,946,938,943,-3,-0.317125,4200,OK
2025-11-20,3931,バリューゴルフ,グロース（内国株式）,情報･通信業,1502,1502,1444,1448,-54,-3.595206,5400,OK
2025-11-20,3932,アカツキ,プライム（内国株式）,情報･通信業,2535,2575,2535,2551,19,0.750395,32800,OK
2025-11-20,3933,チエル,スタンダード（内国株式）,情報･通信業,685,686,677,680,-9,-1.306241,5300,OK
2025-11-20,3934,ベネフィットジャパン,スタンダード（内国株式）,情報･通信業,1781,1786,1781,1784,-12,-0.668151,2300,OK
2025-11-20,3935,エディア,スタンダード（内国株式）,情報･通信業,893,913,884,888,0,0,128900,OK
2025-11-20,3936,グローバルウェイ,グロース（内国株式）,情報･通信業,141,147,141,143,3,2.142857,165900,OK
2025-11-20,3937,Ｕｂｉｃｏｍホールディングス,プライム（内国株式）,情報･通信業,1043,1066,1033,1060,33,3.213242,83600,OK
2025-11-20,3939,カナミックネットワーク,プライム（内国株式）,情報･通信業,520,521,512,512,-1,-0.194932,57700,OK
2025-11-20,393A,ＲｉｔａＸ,TOKYO PRO MARKET（内国株式）,サービス業,,,,,,,,NO_QUOTE
2025-11-20,3940,ノムラシステムコーポレーション,スタンダード（内国株式）,情報･通信業,132,132,131,131,-1,-0.757576,93900,OK
2025-11-20,3941,レンゴー,プライム（内国株式）,パルプ・紙,988.4,1000,984,992.9,8.9,0.904472,682500,OK
2025-11-20,3943,大石産業,スタンダード（内国株式）,パルプ・紙,1296,1300,1296,1298,0,0,2600,OK
2025-11-20,3944,古林紙工,スタンダード（内国株式）,パルプ・紙,2285,2286,2285,2286,6,0.263158,200,OK
2025-11-20,3945,スーパーバッグ,スタンダード（内国株式）,パルプ・紙,2630,2632,2581,2582,-45,-1.712981,7000,OK
2025-11-20,3946,トーモク,プライム（内国株式）,パルプ・紙,3285,3320,3280,3300,30,0.917431,17600,OK
2025-11-20,3947,ダイナパック,スタンダード（内国株式）,パルプ・紙,2349,2359,2345,2350,18,0.77187,4600,OK
2025-11-20,3948,光ビジネスフォーム,スタンダード（内国株式）,パルプ・紙,1260,1267,1260,1263,10,0.798085,2700,OK
2025-11-20,3950,ザ・パック,プライム（内国株式）,パルプ・紙,1234,1238,1229,1229,12,0.986031,96600,OK
2025-11-20,3951,朝日印刷,スタンダード（内国株式）,パルプ・紙,865,865,854,855,-6,-0.696864,34200,OK
2025-11-20,3953,大村紙業,スタンダード（内国株式）,パルプ・紙,783,785,783,783,3,0.384615,1300,OK
2025-11-20,3954,昭和パックス,スタンダード（内国株式）,パルプ・紙,,,,,,,,NO_QUOTE
2025-11-20,3955,イムラ,スタンダード（内国株式）,パルプ・紙,976,980,972,976,-9,-0.913706,22300,OK
2025-11-20,3958,笹徳印刷,スタンダード（内国株式）,パルプ・紙,554,554,554,554,-4,-0.716846,400,OK
2025-11-20,3961,シルバーエッグ・テクノロジー,グロース（内国株式）,情報･通信業,765,766,765,765,0,0,30400,OK
2025-11-20,3962,チェンジホールディングス,プライム（内国株式）,情報･通信業,1070,1077,1062,1076,23,2.184236,323000,OK
2025-11-20,3963,シンクロ・フード,プライム（内国株式）,情報･通信業,604,604,575,579,-15,-2.525253,124200,OK
2025-11-20,3964,オークネット,プライム（内国株式）,情報･通信業,1865,1894,1840,1891,57,3.107961,58700,OK
2025-11-20,3965,キャピタル・アセット・プランニング,スタンダード（内国株式）,情報･通信業,777,784,774,784,15,1.950585,5900,OK
2025-11-20,3967,エルテス,グロース（内国株式）,情報･通信業,624,625,616,620,1,0.161551,22900,OK
2025-11-20,3968,セグエグループ,プライム（内国株式）,情報･通信業,768,784,754,762,-8,-1.038961,280500,OK
2025-11-20,3969,エイトレッド,スタンダード（内国株式）,情報･通信業,1416,1416,1406,1408,1,0.071073,4400,OK
2025-11-20,3970,イノベーション,グロース（内国株式）,情報･通信業,966,970,961,970,9,0.936524,3000,OK
2025-11-20,3974,ＳＣＡＴ,スタンダード（内国株式）,情報･通信業,520,522,518,519,-2,-0.383877,6400,OK
2025-11-20,3976,シャノン,グロース（内国株式）,情報･通信業,382,386,379,381,-5,-1.295337,4000,OK
2025-11-20,3979,うるる,グロース（内国株式）,情報･通信業,420,431,417,425,6,1.431981,18700,OK
2025-11-20,3981,ビーグリー,スタンダード（内国株式）,情報･通信業,1267,1282,1267,1276,13,1.029295,1600,OK
2025-11-20,3983,オロ,プライム（内国株式）,情報･通信業,2075,2087,2029,2029,-12,-0.587947,69100,OK
2025-11-20,3984,ユーザーローカル,プライム（内国株式）,情報･通信業,1945,1988,1945,1954,21,1.086394,57300,OK
2025-11-20,3985,テモナ,スタンダード（内国株式）,情報･通信業,220,229,218,222,0,0,44700,OK
2025-11-20,3986,ビーブレイクシステムズ,グロース（内国株式）,情報･通信業,1439,1439,1439,1439,16,1.124385,200,OK
2025-11-20,3987,エコモット,グロース（内国株式）,情報･通信業,442,444,438,441,4,0.915332,9000,OK
2025-11-20,3988,ＳＹＳホールディングス,スタンダード（内国株式）,情報･通信業,580,580,571,580,9,1.576182,3600,OK
2025-11-20,3989,シェアリングテクノロジー,グロース（内国株式）,情報･通信業,1050,1061,1020,1029,-12,-1.152738,339700,OK
2025-11-20,398A,リアルクオリティ,TOKYO PRO MARKET（内国株式）,サービス業,,,,,,,,NO_QUOTE
2025-11-20,3991,ウォンテッドリー,グロース（内国株式）,情報･通信業,1150,1161,1142,1144,-16,-1.37931,1800,OK
2025-11-20,3992,ニーズウェル,プライム（内国株式）,情報･通信業,526,530,522,524,6,1.158301,114600,OK
2025-11-20,3993,ＰＫＳＨＡ　Ｔｅｃｈｎｏｌｏｇｙ,プライム（内国株式）,情報･通信業,3490,3530,3380,3385,20,0.594354,377000,OK
2025-11-20,3994,マネーフォワード,プライム（内国株式）,情報･通信業,4050,4170,4002,4051,57,1.427141,825200,OK
2025-11-20,3996,サインポスト,スタンダード（内国株式）,情報･通信業,282,285,280,285,1,0.352113,22000,OK
2025-11-20,3997,トレードワークス,スタンダード（内国株式）,情報･通信業,336,345,326,333,4,1.215805,1000200,OK
2025-11-20,3998,すららネット,グロース（内国株式）,情報･通信業,356,360,353,360,7,1.983003,10800,OK
2025-11-20,4004,レゾナック・ホールディングス,プライム（内国株式）,化学,6218,6249,6014,6129,383,6.665506,2457400,OK
2025-11-20,4005,住友化学,プライム（内国株式）,化学,458.3,470.7,456.8,469.2,11.8,2.579799,11552900,OK
2025-11-20,4008,住友精化,プライム（内国株式）,化学,5260,5340,5260,5320,70,1.333333,20100,OK
2025-11-20,4011,ヘッドウォータース,グロース（内国株式）,情報･通信業,3125,3165,3025,3035,-25,-0.816993,19700,OK
2025-11-20,4012,アクシス,スタンダード（内国株式）,情報･通信業,1494,1504,1485,1491,1,0.067114,20700,OK
2025-11-20,4013,勤次郎,グロース（内国株式）,情報･通信業,1251,1281,1227,1249,24,1.959184,130400,OK
2025-11-20,4014,カラダノート,グロース（内国株式）,情報･通信業,436,444,431,443,9,2.073733,7800,OK
2025-11-20,4015,ペイクラウドホールディングス,グロース（内国株式）,情報･通信業,499,502,497,497,3,0.607287,22900,OK
2025-11-20,4016,ＭＩＴホールディングス,スタンダード（内国株式）,情報･通信業,1263,1268,1260,1268,15,1.197127,18800,OK
2025-11-20,4017,クリーマ,グロース（内国株式）,情報･通信業,251,253,251,252,2,0.8,6100,OK
2025-11-20,4019,スタメン,グロース（内国株式）,情報･通信業,935,941,873,888,-32,-3.478261,185100,OK
2025-11-20,4020,ビートレンド,グロース（内国株式）,情報･通信業,865,865,855,855,-3,-0.34965,3200,OK
2025-11-20,4021,日産化学,プライム（内国株式）,化学,5114,5175,5083,5106,17,0.334054,566000,OK
2025-11-20,4022,ラサ工業,プライム（内国株式）,化学,5280,5300,5090,5110,-20,-0.389864,61800,OK
2025-11-20,4023,クレハ,プライム（内国株式）,化学,3795,3825,3785,3790,20,0.530504,229700,OK
2025-11-20,4025,多木化学,プライム（内国株式）,化学,3500,3535,3495,3525,30,0.858369,13200,OK
2025-11-20,4026,神島化学工業,スタンダード（内国株式）,ガラス･土石製品,1419,1441,1418,1428,18,1.276596,40100,OK
2025-11-20,4027,テイカ,プライム（内国株式）,化学,1283,1298,1281,1294,26,2.050473,33900,OK
2025-11-20,4028,石原産業,プライム（内国株式）,化学,2620,2639,2583,2604,26,1.008534,268100,OK
2025-11-20,402A,アクセルスペースホールディングス,グロース（内国株式）,輸送用機器,518,525,501,525,17,3.346457,1804800,OK
2025-11-20,4031,片倉コープアグリ,スタンダード（内国株式）,化学,919,919,895,896,-15,-1.646542,13200,OK
2025-11-20,403A,北條組,TOKYO PRO MARKET（内国株式）,建設業,,,,,,,,NO_QUOTE
2025-11-20,4040,南海化学,スタンダード（内国株式）,化学,3015,3050,2999,3000,15,0.502513,10600,OK
2025-11-20,4041,日本曹達,プライム（内国株式）,化学,3445,3460,3390,3390,5,0.14771,250400,OK
2025-11-20,4042,東ソー,プライム（内国株式）,化学,2229,2247,2221,2230.5,26.5,1.202359,1240600,OK
2025-11-20,4043,トクヤマ,プライム（内国株式）,化学,3841,3890,3818,3835,64,1.697163,336800,OK
2025-11-20,4044,セントラル硝子,プライム（内国株式）,化学,3200,3220,3180,3190,20,0.630915,35800,OK
2025-11-20,4045,東亞合成,プライム（内国株式）,化学,1538,1554,1536.5,1543.5,17.5,1.146789,171600,OK
2025-11-20,4046,大阪ソーダ,プライム（内国株式）,化学,1936,1961,1910,1943,47,2.478903,319500,OK
2025-11-20,4047,関東電化工業,プライム（内国株式）,化学,1033,1037,1006,1009,-2,-0.197824,275300,OK
2025-11-20,4051,ＧＭＯフィナンシャルゲート,プライム（内国株式）,情報･通信業,5160,5230,4870,4905,-245,-4.757282,119400,OK
2025-11-20,4052,フィーチャ,グロース（内国株式）,情報･通信業,322,324,318,318,-4,-1.242236,7400,OK
2025-11-20,4053,Ｓｕｎ　Ａｓｔｅｒｉｓｋ,プライム（内国株式）,情報･通信業,504,506,482,484,-4,-0.819672,146200,OK
2025-11-20,4054,日本情報クリエイト,グロース（内国株式）,情報･通信業,731,758,716,725,19,2.691218,37800,OK
2025-11-20,4055,ティアンドエスグループ,グロース（内国株式）,情報･通信業,1464,1494,1425,1442,38,2.706553,71600,OK
2025-11-20,4056,ニューラルグループ,グロース（内国株式）,情報･通信業,439,444,434,437,-1,-0.228311,32400,OK
2025-11-20,4057,インターファクトリー,グロース（内国株式）,情報･通信業,442,443,441,443,1,0.226244,900,OK
2025-11-20,4058,トヨクモ,グロース（内国株式）,情報･通信業,2832,2832,2743,2768,-14,-0.503235,26900,OK
2025-11-20,4059,まぐまぐ,スタンダード（内国株式）,情報･通信業,580,583,562,572,-8,-1.37931,4700,OK
2025-11-20,405A,コヤマ・ミライエ,TOKYO PRO MARKET（内国株式）,卸売業,,,,,,,,NO_QUOTE
2025-11-20,4060,ｒａｋｕｍｏ,グロース（内国株式）,情報･通信業,1040,1067,1035,1041,9,0.872093,17100,OK
2025-11-20,4061,デンカ,プライム（内国株式）,化学,2450,2485,2430,2453,75,3.153911,818500,OK
2025-11-20,4062,イビデン,プライム（内国株式）,電気機器,12840,13055,12440,12535,895,7.689003,3687100,OK
2025-11-20,4063,信越化学工業,プライム（内国株式）,化学,4455,4491,4421,4434,3,0.067705,5805400,OK
2025-11-20,4064,日本カーバイド工業,プライム（内国株式）,化学,2380,2412,2377,2404,44,1.864407,42200,OK
2025-11-20,4068,ベイシス,グロース（内国株式）,情報･通信業,1793,1793,1755,1755,-11,-0.622877,2000,OK
2025-11-20,4069,ＢｌｕｅＭｅｍｅ,グロース（内国株式）,情報･通信業,1376,1411,1376,1385,23,1.688693,11600,OK
2025-11-20,406A,環境のミカタホールディングス,TOKYO PRO MARKET（内国株式）,サービス業,,,,,,,,NO_QUOTE
2025-11-20,4071,プラスアルファ・コンサルティング,プライム（内国株式）,情報･通信業,2251,2265,2219,2223,-3,-0.134771,204900,OK
2025-11-20,4072,電算システムホールディングス,プライム（内国株式）,情報･通信業,3765,3790,3715,3725,30,0.811908,59200,OK
2025-11-20,4073,ジィ・シィ企画,グロース（内国株式）,情報･通信業,582,638,573,588,0,0,20800,OK
2025-11-20,4074,ラキール,グロース（内国株式）,情報･通信業,905,942,905,938,25,2.738226,27900,OK
2025-11-20,4075,ブレインズテクノロジー,グロース（内国株式）,情報･通信業,880,882,858,860,-11,-1.262916,5100,OK
2025-11-20,4076,シイエヌエス,グロース（内国株式）,情報･通信業,1650,1650,1650,1650,0,0,300,OK
2025-11-20,4078,堺化学工業,プライム（内国株式）,化学,2955,2967,2939,2949,41,1.409904,49700,OK
2025-11-20,407A,ＵＮＩＣＯＮホールディングス,スタンダード（内国株式）,建設業,1182,1200,1169,1169,-16,-1.350211,24300,OK
2025-11-20,4080,田中化学研究所,スタンダード（内国株式）,化学,414,415,414,414,1,0.242131,162800,OK
2025-11-20,4082,第一稀元素化学工業,プライム（内国株式）,化学,1345,1445,1340,1380,57,4.30839,2193000,OK
2025-11-20,4088,エア・ウォーター,プライム（内国株式）,化学,2177,2182,2146,2156,18.5,0.865497,1042700,OK
2025-11-20,4091,日本酸素ホールディングス,プライム（内国株式）,化学,4890,4935,4772,4779,29,0.610526,433700,OK
2025-11-20,4092,日本化学工業,プライム（内国株式）,化学,2495,2518,2481,2498,41,1.668702,49300,OK
2025-11-20,4093,東邦アセチレン,プライム（内国株式）,化学,350,353,349,352,2,0.571429,27800,OK
2025-11-20,4094,日本化学産業,スタンダード（内国株式）,化学,2195,2200,2167,2167,-8,-0.367816,22000,OK
2025-11-20,4095,日本パーカライジング,プライム（内国株式）,化学,1340,1349,1330,1341,17,1.283988,142000,OK
2025-11-20,4097,高圧ガス工業,プライム（内国株式）,化学,1027,1030,1021,1025,5,0.490196,43400,OK
2025-11-20,4098,チタン工業,スタンダード（内国株式）,化学,801,801,787,787,-12,-1.501877,7200,OK
2025-11-20,4099,四国化成ホールディングス,プライム（内国株式）,化学,2772,2803,2727,2766,65,2.406516,97100,OK
2025-11-20,409A,オリオンビール,プライム（内国株式）,食料品,1500,1507,1483,1499,7,0.469169,448900,OK
2025-11-20,4100,戸田工業,スタンダード（内国株式）,化学,1110,1145,1110,1131,25,2.260398,36400,OK
2025-11-20,4102,丸尾カルシウム,スタンダード（内国株式）,化学,1414,1414,1402,1402,-13,-0.918728,300,OK
2025-11-20,4107,伊勢化学工業,スタンダード（内国株式）,化学,34500,36150,33950,35800,2250,6.706408,132700,OK
2025-11-20,4109,ステラ　ケミファ,プライム（内国株式）,化学,3995,4060,3980,4055,140,3.57599,30800,OK
2025-11-20,410A,ＧＭＯコマース,グロース（内国株式）,サービス業,1415,1454,1409,1453,43,3.049645,24900,OK
2025-11-20,4112,保土谷化学工業,プライム（内国株式）,化学,1788,1920,1785,1864,133,7.68342,245300,OK
2025-11-20,4113,田岡化学工業,スタンダード（内国株式）,化学,1162,1183,1147,1183,33,2.869565,47900,OK
2025-11-20,4114,日本触媒,プライム（内国株式）,化学,1805,1818,1801.5,1805.5,15,0.837755,482900,OK
2025-11-20,4116,大日精化工業,プライム（内国株式）,化学,3805,3845,3800,3825,35,0.923483,44600,OK
2025-11-20,4118,カネカ,プライム（内国株式）,化学,4167,4185,4145,4159,34,0.824242,194400,OK
2025-11-20,4119,日本ピグメントホールディングス,スタンダード（内国株式）,化学,3380,3400,3360,3360,-20,-0.591716,1300,OK
2025-11-20,411A,日本マリタイムバンク,TOKYO PRO MARKET（内国株式）,その他金融業,,,,,,,,NO_QUOTE
2025-11-20,4120,スガイ化学工業,スタンダード（内国株式）,化学,2207,2207,2175,2175,8,0.369174,300,OK
2025-11-20,4124,大阪油化工業,スタンダード（内国株式）,化学,2501,2506,2501,2505,4,0.159936,800,OK
2025-11-20,4125,三和油化工業,スタンダード（内国株式）,化学,1808,1830,1806,1822,28,1.560758,12100,OK
2025-11-20,414A,オーバーラップホールディングス,グロース（内国株式）,情報･通信業,1120,1123,1102,1106,-1,-0.090334,74800,OK
2025-11-20,4151,協和キリン,プライム（内国株式）,医薬品,2479,2510,2465,2475,-14,-0.562475,1086700,OK
2025-11-20,415A,ＧＭＯ　ＴＥＣＨホールディングス,グロース（内国株式）,サービス業,4865,4935,4860,4860,-60,-1.219512,3700,OK
2025-11-20,4165,プレイド,グロース（内国株式）,情報･通信業,847,859,811,812,-25,-2.986858,612000,OK
2025-11-20,4166,かっこ,グロース（内国株式）,情報･通信業,669,684,659,664,5,0.758725,11000,OK
2025-11-20,4167,ココペリ,グロース（内国株式）,情報･通信業,311,312,308,308,0,0,9300,OK
2025-11-20,4168,ヤプリ,グロース（内国株式）,情報･通信業,967,973,935,943,-4,-0.422386,160300,OK
2025-11-20,4169,ＥＮＥＣＨＡＮＧＥ,グロース（内国株式）,情報･通信業,286,287,277,280,-2,-0.70922,86600,OK
2025-11-20,416A,富士ユナイトホールディングス,スタンダード（内国株式）,卸売業,1147,1173,1140,1155,10,0.873362,223500,OK
2025-11-20,4170,Ｋａｉｚｅｎ　Ｐｌａｔｆｏｒｍ,グロース（内国株式）,情報･通信業,183,193,183,192,9,4.918033,92300,OK
2025-11-20,4171,グローバルインフォメーション,スタンダード（内国株式）,情報･通信業,1449,1455,1449,1451,6,0.415225,2400,OK
2025-11-20,4172,東和ハイシステム,スタンダード（内国株式）,情報･通信業,2330,2345,2307,2339,22,0.949504,800,OK
2025-11-20,4174,アピリッツ,スタンダード（内国株式）,情報･通信業,680,685,678,685,-1,-0.145773,3400,OK
2025-11-20,4175,ｃｏｌｙ,グロース（内国株式）,情報･通信業,1869,1869,1821,1844,-29,-1.548318,5400,OK
2025-11-20,4176,ココナラ,グロース（内国株式）,情報･通信業,363,368,350,354,-6,-1.666667,159300,OK
2025-11-20,4177,ｉ‐ｐｌｕｇ,グロース（内国株式）,情報･通信業,1382,1397,1382,1388,6,0.434153,3400,OK
2025-11-20,4178,Ｓｈａｒｉｎｇ　Ｉｎｎｏｖａｔｉｏｎｓ,グロース（内国株式）,情報･通信業,606,611,602,605,-3,-0.493421,9800,OK
2025-11-20,4179,ジーネクスト,グロース（内国株式）,情報･通信業,287,287,281,285,3,1.06383,7600,OK
2025-11-20,417A,ブルーゾーンホールディングス,プライム（内国株式）,小売業,8579,8637,8522,8525,-22,-0.2574,45100,OK
2025-11-20,4180,Ａｐｐｉｅｒ　Ｇｒｏｕｐ,プライム（内国株式）,情報･通信業,1030,1084,1026,1072,70,6.986028,2049500,OK
2025-11-20,4182,三菱瓦斯化学,プライム（内国株式）,化学,2592,2602,2537.5,2537.5,11,0.435385,1734800,OK
2025-11-20,4183,三井化学,プライム（内国株式）,化学,3578,3615,3564,3587,65,1.845542,795100,OK
2025-11-20,4186,東京応化工業,プライム（内国株式）,化学,5980,6071,5883,6010,187,3.211403,1171300,OK
2025-11-20,4187,大阪有機化学工業,プライム（内国株式）,化学,3865,3880,3790,3800,115,3.12076,170800,OK
2025-11-20,4188,三菱ケミカルグループ,プライム（内国株式）,化学,842.5,846.5,833.7,837.7,10.2,1.232628,4957500,OK
2025-11-20,4189,ＫＨネオケム,プライム（内国株式）,化学,2345,2356,2334,2339,18,0.775528,231100,OK
2025-11-20,4192,スパイダープラス,グロース（内国株式）,情報･通信業,316,328,316,318,5,1.597444,135300,OK
2025-11-20,4193,ファブリカホールディングス,スタンダード（内国株式）,情報･通信業,1949,1957,1916,1916,-37,-1.894521,44700,OK
2025-11-20,4194,ビジョナル,プライム（内国株式）,情報･通信業,10010,10125,9987,9987,5,0.05009,100000,OK
2025-11-20,4196,ネオマーケティング,スタンダード（内国株式）,情報･通信業,1136,1146,1136,1143,12,1.061008,1300,OK
2025-11-20,4197,アスマーク,スタンダード（内国株式）,情報･通信業,2510,2518,2501,2503,-7,-0.278884,4800,OK
2025-11-20,4198,テンダ,スタンダード（内国株式）,情報･通信業,592,598,592,594,-1,-0.168067,5300,OK
2025-11-20,4199,ワンダープラネット,グロース（内国株式）,情報･通信業,726,741,720,724,4,0.555556,4700,OK
2025-11-20,419A,ラングローブ,TOKYO PRO MARKET（内国株式）,小売業,,,,,,,,NO_QUOTE
2025-11-20,4202,ダイセル,プライム（内国株式）,化学,1262,1262,1249,1249,4.5,0.361591,940400,OK
2025-11-20,4203,住友ベークライト,プライム（内国株式）,化学,5048,5127,5014,5083,220,4.523956,356200,OK
2025-11-20,4204,積水化学工業,プライム（内国株式）,化学,2549,2564,2537,2546.5,18,0.711885,1446000,OK
2025-11-20,4205,日本ゼオン,プライム（内国株式）,化学,1695.5,1699,1679.5,1694,25,1.497903,685200,OK
2025-11-20,4206,アイカ工業,プライム（内国株式）,化学,3450,3477,3444,3460,22,0.639907,139500,OK
2025-11-20,4208,ＵＢＥ,プライム（内国株式）,化学,2397,2400,2368,2375,21,0.892099,503300,OK
2025-11-20,4212,積水樹脂,プライム（内国株式）,化学,2051,2056,2038,2049,2,0.097704,63800,OK
2025-11-20,4216,旭有機材,プライム（内国株式）,化学,4380,4470,4380,4400,20,0.456621,33700,OK
2025-11-20,4218,ニチバン,プライム（内国株式）,化学,1953,1960,1945,1945,1,0.05144,14200,OK
2025-11-20,421A,ムービン・ストラテジック・キャリア,グロース（内国株式）,サービス業,3420,3430,2975,3125,-275,-8.088235,119700,OK
2025-11-20,4220,リケンテクノス,プライム（内国株式）,化学,1359,1378,1345,1359,26,1.950488,59100,OK
2025-11-20,4221,大倉工業,プライム（内国株式）,化学,5000,5010,4745,4760,-195,-3.935419,172000,OK
2025-11-20,4222,児玉化学工業,スタンダード（内国株式）,化学,807,824,741,758,-34,-4.292929,893800,OK
2025-11-20,4224,ロンシール工業,スタンダード（内国株式）,化学,1810,1810,1770,1785,-18,-0.998336,18800,OK
2025-11-20,4228,積水化成品工業,プライム（内国株式）,化学,353,354,350,352,4,1.149425,53100,OK
2025-11-20,4229,群栄化学工業,プライム（内国株式）,化学,3495,3530,3475,3500,40,1.156069,5400,OK
2025-11-20,422A,ｔａｎｅ　ＣＲＥＡＴＩＶＥ,TOKYO PRO MARKET（内国株式）,情報･通信業,,,,,,,,NO_QUOTE
2025-11-20,4231,タイガースポリマー,スタンダード（内国株式）,化学,881,884,871,875,9,1.039261,21000,OK
2025-11-20,4234,サンエー化研,スタンダード（内国株式）,化学,657,667,632,637,-12,-1.848998,23500,OK
2025-11-20,4235,ウルトラファブリックス・ホールディングス,スタンダード（内国株式）,化学,782,785,774,783,13,1.688312,20800,OK
2025-11-20,4237,フジプレアム,スタンダード（内国株式）,化学,303,304,301,303,2,0.664452,27600,OK
2025-11-20,4238,ミライアル,スタンダード（内国株式）,化学,1147,1158,1143,1158,33,2.933333,15000,OK
2025-11-20,423A,ライオン事務器,スタンダード（内国株式）,卸売業,312,313,305,306,0,0,117700,OK
2025-11-20,4240,クラスターテクノロジー,グロース（内国株式）,化学,307,308,301,301,-5,-1.633987,17700,OK
2025-11-20,4241,アテクト,スタンダード（内国株式）,化学,436,450,436,443,8,1.83908,7000,OK
2025-11-20,4242,タカギセイコー,スタンダード（内国株式）,化学,1636,1693,1636,1671,43,2.641278,4900,OK
2025-11-20,4243,ニックス,スタンダード（内国株式）,化学,794,794,789,794,0,0,3300,OK
2025-11-20,4245,ダイキアクシス,スタンダード（内国株式）,化学,700,708,699,705,10,1.438849,45800,OK
2025-11-20,4246,ダイキョーニシカワ,プライム（内国株式）,化学,737,743,729,742,16,2.203857,114800,OK
2025-11-20,4247,ポバール興業,スタンダード（内国株式）,化学,1298,1298,1274,1298,23,1.803922,700,OK
2025-11-20,4248,竹本容器,スタンダード（内国株式）,化学,841,843,841,842,0,0,3500,OK
2025-11-20,4249,森六,プライム（内国株式）,化学,2298,2304,2286,2286,0,0,8000,OK
2025-11-20,4251,恵和,プライム（内国株式）,化学,1172,1180,1157,1168,11,0.950735,113400,OK
2025-11-20,4255,ＴＨＥＣＯＯ,グロース（内国株式）,情報･通信業,1560,1639,1519,1639,39,2.4375,8900,OK
2025-11-20,4256,サインド,グロース（内国株式）,情報･通信業,1345,1369,1330,1335,-5,-0.373134,25800,OK
2025-11-20,4258,網屋,グロース（内国株式）,情報･通信業,3585,3635,3495,3565,85,2.442529,65400,OK
2025-11-20,4259,エクサウィザーズ,グロース（内国株式）,情報･通信業,704,712,662,670,-14,-2.046784,1483300,OK
2025-11-20,4260,ハイブリッドテクノロジーズ,グロース（内国株式）,情報･通信業,305,305,298,301,4,1.346801,27500,OK
2025-11-20,4261,アジアクエスト,グロース（内国株式）,情報･通信業,3985,4085,3975,4085,40,0.988875,22700,OK
2025-11-20,4262,ニフティライフスタイル,グロース（内国株式）,情報･通信業,1326,1326,1306,1310,0,0,9000,OK
2025-11-20,4263,サスメド,グロース（内国株式）,情報･通信業,900,918,885,901,5,0.558036,84300,OK
2025-11-20,4264,セキュア,グロース（内国株式）,情報･通信業,1413,1413,1360,1365,-20,-1.444043,35000,OK
2025-11-20,4265,Ｉｎｓｔｉｔｕｔｉｏｎ　ｆｏｒ　ａ　Ｇｌｏｂａｌ　Ｓｏｃｉｅｔｙ,グロース（内国株式）,情報･通信業,347,356,345,345,-2,-0.576369,27200,OK
2025-11-20,4270,ＢｅｅＸ,グロース（内国株式）,情報･通信業,2363,2365,2351,2365,10,0.424628,2600,OK
2025-11-20,4272,日本化薬,プライム（内国株式）,化学,1533,1545.5,1522.5,1525,-4,-0.261609,651900,OK
2025-11-20,4274,細谷火工,スタンダード（内国株式）,化学,1005,1008,999,1006,11,1.105528,28800,OK
2025-11-20,4275,カーリット,プライム（内国株式）,化学,1592,1627,1581,1608,56,3.608247,167100,OK
2025-11-20,4284,ソルクシーズ,スタンダード（内国株式）,情報･通信業,468,473,462,470,5,1.075269,49900,OK
2025-11-20,4286,ＣＬホールディングス,スタンダード（内国株式）,サービス業,1153,1178,1153,1175,17,1.468048,11300,OK
2025-11-20,4287,ジャストプランニング,スタンダード（内国株式）,情報･通信業,424,425,419,425,8,1.918465,7400,OK
2025-11-20,4288,アズジェント,スタンダード（内国株式）,情報･通信業,635,635,616,619,-16,-2.519685,44100,OK
2025-11-20,428A,サイプレス・ホールディングス,スタンダード（内国株式）,小売業,690,690,680,685,4,0.587372,37100,OK
2025-11-20,4290,プレステージ・インターナショナル,プライム（内国株式）,サービス業,657,659,654,656,4,0.613497,179100,OK
2025-11-20,4293,セプテーニ・ホールディングス,スタンダード（内国株式）,サービス業,417,418,412,412,1,0.243309,133300,OK
2025-11-20,4299,ハイマックス,スタンダード（内国株式）,情報･通信業,1188,1193,1185,1185,3,0.253807,5600,OK
2025-11-20,429A,テクセンドフォトマスク,プライム（内国株式）,その他製品,3335,3345,3095,3130,5,0.16,1052000,OK
2025-11-20,4301,アミューズ,プライム（内国株式）,サービス業,1840,1874,1840,1845,10,0.544959,54900,OK
2025-11-20,4307,野村総合研究所,プライム（内国株式）,情報･通信業,6108,6220,6070,6152,97,1.601982,1284200,OK
2025-11-20,4308,Ｊストリーム,グロース（内国株式）,情報･通信業,339,340,337,339,0,0,23700,OK
2025-11-20,430A,ネクストハンズ,TOKYO PRO MARKET（内国株式）,情報･通信業,,,,,,,,NO_QUOTE
2025-11-20,4310,ドリームインキュベータ,プライム（内国株式）,サービス業,2352,2413,2352,2390,32,1.357082,76700,OK
2025-11-20,4316,ビーマップ,グロース（内国株式）,情報･通信業,970,983,881,905,-53,-5.532359,338800,OK
2025-11-20,4317,レイ,スタンダード（内国株式）,サービス業,633,637,625,637,14,2.247191,16800,OK
2025-11-20,4318,クイック,プライム（内国株式）,サービス業,2471,2484,2439,2451,-24,-0.969697,44300,OK
2025-11-20,4319,ＴＡＣ,スタンダード（内国株式）,サービス業,347,347,347,347,0,0,14900,OK
2025-11-20,431A,ユーソナー,グロース（内国株式）,情報･通信業,3305,3325,2971,3005,-240,-7.395994,323100,OK
2025-11-20,4320,ＣＥホールディングス,スタンダード（内国株式）,情報･通信業,1029,1041,1025,1033,13,1.27451,49900,OK
2025-11-20,4323,日本システム技術,プライム（内国株式）,情報･通信業,2329,2344,2278,2305,26,1.140851,27900,OK
2025-11-20,4324,電通グループ,プライム（内国株式）,サービス業,3478,3548,3465,3465,-5,-0.144092,1775800,OK
2025-11-20,4326,インテージホールディングス,プライム（内国株式）,情報･通信業,1707,1717,1702,1706,6,0.352941,20500,OK
2025-11-20,432A,クリニファー,TOKYO PRO MARKET（内国株式）,卸売業,,,,,,,,NO_QUOTE
2025-11-20,4331,テイクアンドギヴ・ニーズ,プライム（内国株式）,サービス業,770,775,767,768,-2,-0.25974,58800,OK
2025-11-20,4333,東邦システムサイエンス,プライム（内国株式）,情報･通信業,1100,1105,1097,1100,3,0.273473,29000,OK
2025-11-20,4334,ユークス,スタンダード（内国株式）,情報･通信業,430,440,428,428,-5,-1.154734,3600,OK
2025-11-20,4335,ＩＰＳホールディングス,スタンダード（内国株式）,情報･通信業,1142,1154,1142,1145,-4,-0.348129,800,OK
2025-11-20,4337,ぴあ,プライム（内国株式）,サービス業,2753,2770,2725,2747,6,0.218898,43700,OK
2025-11-20,433A,ＭＪＥ,TOKYO PRO MARKET（内国株式）,卸売業,,,,,,,,NO_QUOTE
2025-11-20,4341,西菱電機,スタンダード（内国株式）,サービス業,780,784,778,780,4,0.515464,900,OK
2025-11-20,4343,イオンファンタジー,プライム（内国株式）,サービス業,2875,2883,2809,2822,-44,-1.535241,81000,OK
2025-11-20,4344,ソースネクスト,プライム（内国株式）,情報･通信業,160,167,160,167,9,5.696203,1525300,OK
2025-11-20,4345,シーティーエス,プライム（内国株式）,サービス業,891,900,886,896,8,0.900901,39500,OK
2025-11-20,4346,ＮＥＸＹＺ．Ｇｒｏｕｐ,スタンダード（内国株式）,その他金融業,884,896,842,871,-10,-1.135074,97500,OK
2025-11-20,4347,ブロードメディア,スタンダード（内国株式）,サービス業,1663,1677,1644,1653,-5,-0.301568,7700,OK
2025-11-20,434A,ＬＯＯＰＬＡＣＥ,TOKYO PRO MARKET（内国株式）,不動産業,,,,,,,,NO_QUOTE
2025-11-20,4350,メディカルシステムネットワーク,スタンダード（内国株式）,小売業,504,506,495,501,5,1.008065,17000,OK
2025-11-20,4351,山田再生系債権回収総合事務所,スタンダード（内国株式）,その他金融業,881,885,881,885,5,0.568182,1000,OK
2025-11-20,4356,応用技術,スタンダード（内国株式）,情報･通信業,1805,1805,1781,1803,22,1.235261,2100,OK
2025-11-20,4360,マナック・ケミカル・パートナーズ,スタンダード（内国株式）,化学,617,629,609,619,4,0.650407,13600,OK
2025-11-20,4361,川口化学工業,スタンダード（内国株式）,化学,1581,1593,1581,1592,-3,-0.188088,4900,OK
2025-11-20,4362,日本精化,プライム（内国株式）,化学,2633,2652,2630,2633,14,0.534555,33500,OK
2025-11-20,4365,松本油脂製薬,スタンダード（内国株式）,化学,,,,,,,,NO_QUOTE
2025-11-20,4366,ダイトーケミックス,スタンダード（内国株式）,化学,260,263,259,262,6,2.34375,47500,OK
2025-11-20,4367,広栄化学,スタンダード（内国株式）,化学,2114,2116,2104,2110,0,0,2300,OK
2025-11-20,4368,扶桑化学工業,プライム（内国株式）,化学,5810,5860,5630,5680,90,1.610018,167400,OK
2025-11-20,4369,トリケミカル研究所,プライム（内国株式）,化学,2749,2752,2688,2690,72,2.750191,471000,OK
2025-11-20,436A,サイバーソリューションズ,グロース（内国株式）,情報･通信業,1283,1289,1245,1260,-20,-1.5625,106900,OK
2025-11-20,4370,モビルス,グロース（内国株式）,情報･通信業,361,369,359,361,0,0,6600,OK
2025-11-20,4371,コアコンセプト・テクノロジー,グロース（内国株式）,情報･通信業,1012,1020,965,967,-49,-4.822835,185800,OK
2025-11-20,4372,ユミルリンク,グロース（内国株式）,情報･通信業,1415,1415,1408,1409,-14,-0.983837,1200,OK
2025-11-20,4373,シンプレクス・ホールディングス,プライム（内国株式）,情報･通信業,4310,4345,4280,4335,90,2.120141,160000,OK
2025-11-20,4374,ＲＯＢＯＴ　ＰＡＹＭＥＮＴ,グロース（内国株式）,情報･通信業,3020,3020,2823,2840,-140,-4.697987,19800,OK
2025-11-20,4375,セーフィー,グロース（内国株式）,情報･通信業,822,843,816,823,5,0.611247,161500,OK
2025-11-20,4376,くふうカンパニーホールディングス,グロース（内国株式）,情報･通信業,179,179,176,176,-1,-0.564972,10900,OK
2025-11-20,4377,ワンキャリア,グロース（内国株式）,情報･通信業,2663,2677,2586,2593,-20,-0.765404,44900,OK
2025-11-20,4378,ＣＩＮＣ,グロース（内国株式）,情報･通信業,516,525,516,517,4,0.779727,1900,OK
2025-11-20,4379,Ｐｈｏｔｏｓｙｎｔｈ,グロース（内国株式）,情報･通信業,362,373,357,363,3,0.833333,84100,OK
2025-11-20,437A,ジェイウェイブ,TOKYO PRO MARKET（内国株式）,サービス業,,,,,,,,NO_QUOTE
2025-11-20,4380,Ｍマート,グロース（内国株式）,情報･通信業,1246,1246,1231,1240,-5,-0.401606,1000,OK
2025-11-20,4381,ビープラッツ,グロース（内国株式）,情報･通信業,569,569,557,559,-3,-0.533808,6400,OK
2025-11-20,4382,ＨＥＲＯＺ,スタンダード（内国株式）,情報･通信業,911,911,889,889,-6,-0.670391,32600,OK
2025-11-20,4384,ラクスル,プライム（内国株式）,情報･通信業,1087,1109,1077,1102,8,0.731261,668300,OK
2025-11-20,4385,メルカリ,プライム（内国株式）,情報･通信業,2552,2557.5,2446,2490.5,-71.5,-2.790788,3790300,OK
2025-11-20,4386,ＳＩＧグループ,スタンダード（内国株式）,情報･通信業,877,891,872,891,20,2.296211,21000,OK
2025-11-20,4387,ＺＵＵ,グロース（内国株式）,情報･通信業,612,629,610,617,-5,-0.803859,4300,OK
2025-11-20,4388,エーアイ,グロース（内国株式）,情報･通信業,463,494,463,476,14,3.030303,37500,OK
2025-11-20,4389,プロパティデータバンク,グロース（内国株式）,情報･通信業,762,786,748,748,-29,-3.732304,17800,OK
2025-11-20,438A,インフキュリオン,グロース（内国株式）,情報･通信業,1330,1340,1264,1264,-57,-4.314913,167800,OK
2025-11-20,4390,アイ・ピー・エス,プライム（内国株式）,情報･通信業,3440,3460,3355,3380,10,0.296736,61800,OK
2025-11-20,4391,ロジザード,グロース（内国株式）,情報･通信業,1109,1109,1095,1105,-4,-0.360685,9200,OK
2025-11-20,4392,ＦＩＧ,プライム（内国株式）,情報･通信業,303,303,298,299,2,0.673401,115100,OK
2025-11-20,4393,バンク・オブ・イノベーション,グロース（内国株式）,情報･通信業,7320,7670,7320,7390,210,2.924791,54800,OK
2025-11-20,4394,エクスモーション,グロース（内国株式）,情報･通信業,791,792,789,789,-4,-0.504414,1000,OK
2025-11-20,4395,アクリート,グロース（内国株式）,情報･通信業,921,933,890,902,-9,-0.987925,77900,OK
2025-11-20,4396,システムサポートホールディングス,プライム（内国株式）,情報･通信業,2843,2854,2812,2828,2,0.070771,24400,OK
2025-11-20,4397,チームスピリット,グロース（内国株式）,情報･通信業,506,520,501,507,8,1.603206,86300,OK
2025-11-20,4398,ブロードバンドセキュリティ,スタンダード（内国株式）,情報･通信業,1500,1507,1470,1491,12,0.811359,18600,OK
2025-11-20,439A,アクトビ,TOKYO PRO MARKET（内国株式）,情報･通信業,,,,,,,,NO_QUOTE
2025-11-20,4401,ＡＤＥＫＡ,プライム（内国株式）,化学,3601,3601,3532,3537,47,1.346705,260400,OK
2025-11-20,4403,日油,プライム（内国株式）,化学,2935.5,2976,2899.5,2914.5,29,1.005025,1030600,OK
2025-11-20,4404,ミヨシ油脂,スタンダード（内国株式）,食料品,2333,2359,2330,2340,17,0.731812,30500,OK
2025-11-20,4406,新日本理化,スタンダード（内国株式）,化学,208,210,207,209,2,0.966184,132100,OK
2025-11-20,4409,東邦化学工業,スタンダード（内国株式）,化学,723,725,720,720,5,0.699301,2600,OK
2025-11-20,4410,ハリマ化成グループ,プライム（内国株式）,化学,843,852,843,845,5,0.595238,37600,OK
2025-11-20,4412,サイエンスアーツ,グロース（内国株式）,情報･通信業,1555,1555,1455,1457,-66,-4.333552,102600,OK
2025-11-20,4413,ボードルア,プライム（内国株式）,情報･通信業,2635,2678,2635,2663,71,2.739198,128000,OK
2025-11-20,4414,フレクト,グロース（内国株式）,情報･通信業,1760,1766,1728,1746,5,0.287191,23600,OK
2025-11-20,4415,ブロードエンタープライズ,グロース（内国株式）,情報･通信業,1084,1088,1050,1065,-9,-0.837989,26400,OK
2025-11-20,4416,Ｔｒｕｅ　Ｄａｔａ,グロース（内国株式）,情報･通信業,789,798,769,795,6,0.760456,7300,OK
2025-11-20,4417,グローバルセキュリティエキスパート,グロース（内国株式）,情報･通信業,3430,3440,3315,3325,-55,-1.627219,48100,OK
2025-11-20,4418,ＪＤＳＣ,グロース（内国株式）,情報･通信業,1554,1605,1414,1422,-62,-4.177898,774400,OK
2025-11-20,4419,Ｆｉｎａｔｅｘｔホールディングス,グロース（内国株式）,情報･通信業,1085,1125,1081,1089,49,4.711538,583200,OK
2025-11-20,441A,ＮＥ,グロース（内国株式）,情報･通信業,627,627,615,623,14,2.298851,60700,OK
2025-11-20,4420,イーソル,スタンダード（内国株式）,情報･通信業,479,479,471,477,6,1.273885,35600,OK
2025-11-20,4421,ディ・アイ・システム,スタンダード（内国株式）,情報･通信業,903,924,903,914,12,1.330377,1600,OK
2025-11-20,4422,ＶＡＬＵＥＮＥＸ,グロース（内国株式）,情報･通信業,482,482,466,477,-3,-0.625,10900,OK
2025-11-20,4424,Ａｍａｚｉａ,グロース（内国株式）,情報･通信業,425,425,425,425,80,23.188406,37900,OK
2025-11-20,4425,Ｋｕｄａｎ,グロース（内国株式）,情報･通信業,1076,1083,1024,1028,-27,-2.559242,73000,OK
2025-11-20,4426,パスロジ,TOKYO PRO MARKET（内国株式）,情報･通信業,,,,,,,,NO_QUOTE
2025-11-20,4427,ＥｄｕＬａｂ,グロース（内国株式）,情報･通信業,337,337,295,305,-11,-3.481013,82000,OK
2025-11-20,4428,シノプス,グロース（内国株式）,情報･通信業,792,798,780,782,-10,-1.262626,7400,OK
2025-11-20,4429,リックソフト,グロース（内国株式）,情報･通信業,953,953,953,953,9,0.95339,800,OK
2025-11-20,442A,クラシコ,グロース（内国株式）,繊維製品,2025,2097,2017,2060,56,2.794411,8000,OK
2025-11-20,4430,東海ソフト,スタンダード（内国株式）,情報･通信業,1662,1678,1658,1661,14,0.85003,12500,OK
2025-11-20,4431,スマレジ,グロース（内国株式）,情報･通信業,2754,2799,2754,2785,70,2.578269,43800,OK
2025-11-20,4432,ウイングアーク１ｓｔ,プライム（内国株式）,情報･通信業,3515,3515,3430,3435,-65,-1.857143,72300,OK
2025-11-20,4433,ヒト・コミュニケーションズ・ホールディングス,プライム（内国株式）,情報･通信業,1058,1062,1049,1054,5,0.476644,42700,OK
2025-11-20,4434,サーバーワークス,スタンダード（内国株式）,情報･通信業,1797,1831,1797,1826,50,2.815315,29700,OK
2025-11-20,4436,ミンカブ・ジ・インフォノイド,グロース（内国株式）,情報･通信業,461,465,441,446,-7,-1.545254,59300,OK
2025-11-20,4437,ｇｏｏｄｄａｙｓホールディングス,グロース（内国株式）,情報･通信業,598,600,587,597,-1,-0.167224,11000,OK
2025-11-20,4438,Ｗｅｌｂｙ,グロース（内国株式）,情報･通信業,302,304,294,296,-4,-1.333333,37400,OK
2025-11-20,4439,東名,スタンダード（内国株式）,情報･通信業,1018,1027,1000,1009,-11,-1.078431,38100,OK
2025-11-20,4440,ヴィッツ,スタンダード（内国株式）,情報･通信業,1012,1020,1007,1012,12,1.2,26100,OK
2025-11-20,4441,トビラシステムズ,スタンダード（内国株式）,情報･通信業,1003,1022,1003,1022,15,1.489573,7700,OK
2025-11-20,4442,バルテス・ホールディングス,グロース（内国株式）,情報･通信業,425,428,417,417,-4,-0.950119,40200,OK
2025-11-20,4443,Ｓａｎｓａｎ,プライム（内国株式）,情報･通信業,1656,1682,1650,1660,20,1.219512,417000,OK
2025-11-20,4444,インフォネット,グロース（内国株式）,情報･通信業,902,902,890,896,0,0,1900,OK
2025-11-20,4445,リビン・テクノロジーズ,グロース（内国株式）,情報･通信業,3725,3725,3640,3640,-85,-2.281879,1100,OK
2025-11-20,4446,Ｌｉｎｋ−Ｕグループ,プライム（内国株式）,情報･通信業,899,901,831,861,-38,-4.226919,526000,OK
2025-11-20,4447,ピー・ビーシステムズ,グロース（内国株式）,情報･通信業,476,477,470,476,5,1.061571,5300,OK
2025-11-20,4448,ｋｕｂｅｌｌ,グロース（内国株式）,情報･通信業,378,382,373,378,-2,-0.526316,140800,OK
2025-11-20,4449,ギフティ,プライム（内国株式）,情報･通信業,1068,1085,1056,1078,23,2.180095,496500,OK
2025-11-20,444A,アイテル,TOKYO PRO MARKET（内国株式）,卸売業,,,,,,,,NO_QUOTE
2025-11-20,4450,パワーソリューションズ,グロース（内国株式）,情報･通信業,2076,2090,2058,2058,17,0.832925,2700,OK
2025-11-20,4452,花王,プライム（内国株式）,化学,6500,6562,6461,6474,0,0,1079000,OK
2025-11-20,445A,東洋コーポレーション,TOKYO PRO MARKET（内国株式）,不動産業,,,,,,,,NO_QUOTE
2025-11-20,4461,第一工業製薬,プライム（内国株式）,化学,7830,8090,7790,7930,400,5.312085,157700,OK
2025-11-20,4462,石原ケミカル,プライム（内国株式）,化学,2124,2182,2124,2174,73,3.474536,19900,OK
2025-11-20,4463,日華化学,スタンダード（内国株式）,化学,1478,1499,1476,1479,9,0.612245,4500,OK
2025-11-20,4464,ソフト９９コーポレーション,スタンダード（内国株式）,化学,4025,4025,4000,4005,0,0,98700,OK
2025-11-20,4465,ニイタカ,スタンダード（内国株式）,化学,2522,2531,2515,2520,-5,-0.19802,17200,OK
2025-11-20,4471,三洋化成工業,プライム（内国株式）,化学,4405,4465,4375,4445,85,1.949541,44200,OK
2025-11-20,4475,ＨＥＮＮＧＥ,グロース（内国株式）,情報･通信業,1278,1302,1269,1274,12,0.950872,349500,OK
2025-11-20,4476,ＡＩ　ＣＲＯＳＳ,グロース（内国株式）,情報･通信業,1829,1843,1824,1824,-13,-0.707676,12800,OK
2025-11-20,4477,ＢＡＳＥ,グロース（内国株式）,情報･通信業,323,326,319,319,1,0.314465,761700,OK
2025-11-20,4478,フリー,グロース（内国株式）,情報･通信業,3225,3225,3105,3110,-65,-2.047244,388100,OK
2025-11-20,4479,マクアケ,グロース（内国株式）,情報･通信業,752,769,729,731,-21,-2.792553,50900,OK
2025-11-20,4480,メドレー,プライム（内国株式）,情報･通信業,2681,2704,2663,2680,53,2.01751,402600,OK
2025-11-20,4481,ベース,プライム（内国株式）,情報･通信業,3245,3280,3235,3280,65,2.021773,60700,OK
2025-11-20,4482,ウィルズ,グロース（内国株式）,情報･通信業,735,745,731,738,4,0.544959,8800,OK
2025-11-20,4483,ＪＭＤＣ,プライム（内国株式）,情報･通信業,4140,4140,4075,4080,-25,-0.609013,164100,OK
2025-11-20,4484,ランサーズ,グロース（内国株式）,情報･通信業,271,277,271,274,4,1.481481,37100,OK
2025-11-20,4486,ユナイトアンドグロウ,グロース（内国株式）,情報･通信業,743,750,732,739,9,1.232877,7600,OK
2025-11-20,4487,スペースマーケット,グロース（内国株式）,情報･通信業,311,312,284,293,-14,-4.560261,45000,OK
2025-11-20,4488,ＡＩ　ｉｎｓｉｄｅ,グロース（内国株式）,情報･通信業,2880,2917,2811,2840,-28,-0.97629,59800,OK
2025-11-20,4490,ビザスク,グロース（内国株式）,情報･通信業,495,500,490,496,1,0.20202,49900,OK
2025-11-20,4491,コンピューターマネージメント,スタンダード（内国株式）,情報･通信業,2604,2618,2602,2602,1,0.038447,1700,OK
2025-11-20,4492,ゼネテック,スタンダード（内国株式）,情報･通信業,435,449,435,444,9,2.068966,10800,OK
2025-11-20,4493,サイバーセキュリティクラウド,グロース（内国株式）,情報･通信業,1948,1981,1868,1873,-7,-0.37234,156000,OK
2025-11-20,4494,バリオセキュア,スタンダード（内国株式）,情報･通信業,764,767,759,764,0,0,2900,OK
2025-11-20,4495,アイキューブドシステムズ,グロース（内国株式）,情報･通信業,2450,2512,2416,2462,-21,-0.845751,10600,OK
2025-11-20,4496,コマースＯｎｅホールディングス,グロース（内国株式）,情報･通信業,787,798,779,779,-8,-1.016518,4600,OK
2025-11-20,4498,サイバートラスト,グロース（内国株式）,情報･通信業,1267,1269,1238,1240,-11,-0.879297,85000,OK
2025-11-20,4499,Ｓｐｅｅｅ,スタンダード（内国株式）,情報･通信業,2411,2515,2373,2491,60,2.46812,282600,OK
2025-11-20,4502,武田薬品工業,プライム（内国株式）,医薬品,4392,4473,4384,4451,41,0.929705,4822800,OK
2025-11-20,4503,アステラス製薬,プライム（内国株式）,医薬品,1924,1982,1923,1979.5,65.5,3.422153,13066800,OK
2025-11-20,4506,住友ファーマ,プライム（内国株式）,医薬品,2566,2765,2493,2702,264,10.828548,22442800,OK
2025-11-20,4507,塩野義製薬,プライム（内国株式）,医薬品,2700,2768,2700,2718.5,30,1.115864,1979600,OK
2025-11-20,4512,わかもと製薬,スタンダード（内国株式）,医薬品,275,278,273,274,1,0.3663,22900,OK
2025-11-20,4516,日本新薬,プライム（内国株式）,医薬品,3600,3644,3600,3624,4,0.110497,301600,OK
2025-11-20,4519,中外製薬,プライム（内国株式）,医薬品,8050,8392,8023,8278,117,1.433648,2470900,OK
2025-11-20,4521,科研製薬,プライム（内国株式）,医薬品,3645,3700,3635,3695,20,0.544218,154600,OK
2025-11-20,4523,エーザイ,プライム（内国株式）,医薬品,4694,4763,4657,4687,-7,-0.149127,1484600,OK
2025-11-20,4524,森下仁丹,スタンダード（内国株式）,医薬品,2150,2150,2137,2140,-10,-0.465116,400,OK
2025-11-20,4526,理研ビタミン,プライム（内国株式）,食料品,2852,2871,2844,2869,14,0.490368,68200,OK
2025-11-20,4527,ロート製薬,プライム（内国株式）,医薬品,2507.5,2526,2482,2482,-35.5,-1.410129,877900,OK
2025-11-20,4528,小野薬品工業,プライム（内国株式）,医薬品,2014.5,2070,2014,2058,48,2.38806,2206100,OK
2025-11-20,4530,久光製薬,プライム（内国株式）,医薬品,4195,4216,4112,4113,-104,-2.466208,142100,OK
2025-11-20,4531,有機合成薬品工業,スタンダード（内国株式）,化学,281,284,280,282,3,1.075269,15800,OK
2025-11-20,4534,持田製薬,プライム（内国株式）,医薬品,3225,3305,3215,3300,90,2.803738,37000,OK
2025-11-20,4536,参天製薬,プライム（内国株式）,医薬品,1565,1590,1555.5,1580.5,9.5,0.60471,780200,OK
2025-11-20,4538,扶桑薬品工業,プライム（内国株式）,医薬品,2153,2181,2153,2172,22,1.023256,13700,OK
2025-11-20,4539,日本ケミファ,スタンダード（内国株式）,医薬品,1553,1553,1515,1518,-24,-1.55642,1100,OK
2025-11-20,4540,ツムラ,プライム（内国株式）,医薬品,3768,3825,3763,3785,30,0.798935,294200,OK
2025-11-20,4543,テルモ,プライム（内国株式）,精密機器,2396.5,2411,2380.5,2389,52.5,2.246951,5315500,OK
2025-11-20,4544,Ｈ．Ｕ．グループホールディングス,プライム（内国株式）,サービス業,3604,3660,3604,3639,38,1.055262,188300,OK
2025-11-20,4547,キッセイ薬品工業,プライム（内国株式）,医薬品,4325,4365,4290,4345,85,1.995305,90000,OK
2025-11-20,4548,生化学工業,プライム（内国株式）,医薬品,665,669,662,663,3,0.454545,102700,OK
2025-11-20,4549,栄研化学,プライム（内国株式）,医薬品,2261,2302,2260,2278,27,1.199467,87500,OK
2025-11-20,4552,ＪＣＲファーマ,プライム（内国株式）,医薬品,628,639,625,635,10,1.6,676400,OK
2025-11-20,4553,東和薬品,プライム（内国株式）,医薬品,3000,3025,2997,3000,11,0.368016,89500,OK
2025-11-20,4554,富士製薬工業,プライム（内国株式）,医薬品,1671,1680,1664,1680,13,0.779844,60500,OK
2025-11-20,4556,カイノス,スタンダード（内国株式）,医薬品,1240,1240,1231,1238,3,0.242915,2000,OK
2025-11-20,4558,中京医薬品,スタンダード（内国株式）,医薬品,203,205,203,203,0,0,24400,OK
2025-11-20,4559,ゼリア新薬工業,プライム（内国株式）,医薬品,1950,1964,1950,1953,-2,-0.102302,42900,OK
2025-11-20,4563,アンジェス,グロース（内国株式）,医薬品,73,75,73,75,2,2.739726,1034900,OK
2025-11-20,4564,オンコセラピー・サイエンス,グロース（内国株式）,医薬品,22,23,21,21,-1,-4.545455,61555900,OK
2025-11-20,4565,ネクセラファーマ,プライム（内国株式）,医薬品,820,860,816,856,41,5.030675,790100,OK
2025-11-20,4568,第一三共,プライム（内国株式）,医薬品,3513,3639,3503,3627,101,2.864436,5455000,OK
2025-11-20,4569,杏林製薬,プライム（内国株式）,医薬品,1425,1435,1425,1430,12,0.846262,122500,OK
2025-11-20,4570,免疫生物研究所,グロース（内国株式）,医薬品,1551,1601,1305,1436,135,10.376633,4229700,OK
2025-11-20,4571,ＮＡＮＯ　ＭＲＮＡ,グロース（内国株式）,医薬品,150,152,148,150,3,2.040816,419800,OK
2025-11-20,4572,カルナバイオサイエンス,グロース（内国株式）,医薬品,209,210,207,209,0,0,34600,OK
2025-11-20,4574,大幸薬品,プライム（内国株式）,医薬品,291,294,291,291,-3,-1.020408,88500,OK
2025-11-20,4575,キャンバス,グロース（内国株式）,医薬品,796,802,786,789,1,0.126904,161100,OK
2025-11-20,4576,デ・ウエスタン・セラピテクス研究所,グロース（内国株式）,医薬品,100,102,97,97,-2,-2.020202,838300,OK
2025-11-20,4577,ダイト,プライム（内国株式）,医薬品,1255,1264,1252,1254,3,0.239808,80700,OK
2025-11-20,4578,大塚ホールディングス,プライム（内国株式）,医薬品,8303,8474,8270,8332,62,0.749698,1098300,OK
2025-11-20,4579,ラクオリア創薬,グロース（内国株式）,医薬品,615,720,611,720,100,16.129032,2090200,OK
2025-11-20,4582,シンバイオ製薬,グロース（内国株式）,医薬品,104,104,102,104,1,0.970874,348900,OK
2025-11-20,4583,カイオム・バイオサイエンス,グロース（内国株式）,医薬品,125,126,123,125,0,0,428200,OK
2025-11-20,4584,キッズウェル・バイオ,グロース（内国株式）,医薬品,238,238,231,234,-2,-0.847458,515800,OK
2025-11-20,4586,メドレックス,グロース（内国株式）,医薬品,122,126,120,122,1,0.826446,947500,OK
2025-11-20,4587,ペプチドリーム,プライム（内国株式）,医薬品,1671.5,1712,1618.5,1640.5,-21.5,-1.293622,957900,OK
2025-11-20,4588,オンコリスバイオファーマ,グロース（内国株式）,医薬品,1022,1064,927,1017,37,3.77551,3853300,OK
2025-11-20,4591,リボミック,グロース（内国株式）,医薬品,83,83,80,81,-2,-2.409639,570100,OK
2025-11-20,4592,サンバイオ,グロース（内国株式）,医薬品,2333,2379,2322,2341,3,0.128315,755300,OK
2025-11-20,4593,ヘリオス,グロース（内国株式）,医薬品,457,487,457,486,34,7.522124,1852200,OK
2025-11-20,4594,ブライトパス・バイオ,グロース（内国株式）,医薬品,61,61,59,59,-2,-3.278689,672000,OK
2025-11-20,4595,ミズホメディー,スタンダード（内国株式）,医薬品,1610,1615,1605,1606,9,0.563557,45100,OK
2025-11-20,4596,窪田製薬ホールディングス,グロース（内国株式）,医薬品,51,52,49,51,-1,-1.923077,525600,OK
2025-11-20,4597,ソレイジア・ファーマ,グロース（内国株式）,医薬品,32,32,31,31,0,0,52429200,OK
2025-11-20,4598,Ｄｅｌｔａ−Ｆｌｙ　Ｐｈａｒｍａ,グロース（内国株式）,医薬品,545,577,542,555,15,2.777778,431200,OK
2025-11-20,4599,ステムリム,グロース（内国株式）,医薬品,277,281,277,277,0,0,46300,OK
2025-11-20,4611,大日本塗料,プライム（内国株式）,化学,1256,1270,1253,1265,14,1.119105,65600,OK
2025-11-20,4612,日本ペイントホールディングス,プライム（内国株式）,化学,973.4,985.9,966.6,976.2,17.8,1.857262,6689100,OK
2025-11-20,4613,関西ペイント,プライム（内国株式）,化学,2350,2369,2328,2349.5,25.5,1.097246,583600,OK
2025-11-20,4615,神東塗料,スタンダード（内国株式）,化学,125,125,124,124,-1,-0.8,13300,OK
2025-11-20,4616,川上塗料,スタンダード（内国株式）,化学,2390,2460,2390,2420,30,1.25523,2600,OK
2025-11-20,4617,中国塗料,プライム（内国株式）,化学,4355,4405,4300,4350,135,3.202847,284900,OK
2025-11-20,4619,日本特殊塗料,スタンダード（内国株式）,化学,2162,2191,2162,2184,33,1.53417,54300,OK
2025-11-20,4620,藤倉化成,スタンダード（内国株式）,化学,589,596,587,594,15,2.590674,57400,OK
2025-11-20,4623,アサヒペン,スタンダード（内国株式）,化学,1713,1725,1713,1713,1,0.058411,2500,OK
2025-11-20,4624,イサム塗料,スタンダード（内国株式）,化学,3530,3550,3530,3535,5,0.141643,800,OK
2025-11-20,4625,アトミクス,スタンダード（内国株式）,化学,680,688,680,683,3,0.441176,2600,OK
2025-11-20,4626,太陽ホールディングス,プライム（内国株式）,化学,8659,8787,8580,8736,227,2.667764,136700,OK
2025-11-20,4627,ナトコ,スタンダード（内国株式）,化学,1560,1560,1556,1557,-2,-0.128287,700,OK
2025-11-20,4628,エスケー化研,スタンダード（内国株式）,化学,9300,9370,9230,9300,20,0.215517,4000,OK
2025-11-20,4629,大伸化学,スタンダード（内国株式）,化学,1591,1595,1585,1588,-2,-0.125786,2200,OK
2025-11-20,4631,ＤＩＣ,プライム（内国株式）,化学,3760,3770,3722,3726,11,0.296097,348700,OK
2025-11-20,4633,サカタインクス,プライム（内国株式）,化学,2245,2247,2205,2214,6,0.271739,208400,OK
2025-11-20,4634,ａｒｔｉｅｎｃｅ,プライム（内国株式）,化学,3320,3335,3295,3295,25,0.764526,81900,OK
2025-11-20,4635,東京インキ,スタンダード（内国株式）,化学,6630,6700,6500,6680,140,2.140673,9500,OK
2025-11-20,4641,アルプス技研,プライム（内国株式）,サービス業,2647,2647,2614,2625,28,1.078167,24800,OK
2025-11-20,4642,オリジナル設計,スタンダード（内国株式）,サービス業,1419,1436,1412,1426,14,0.991501,3300,OK
2025-11-20,4644,イマジニア,スタンダード（内国株式）,情報･通信業,1051,1051,1044,1047,-2,-0.190658,4900,OK
2025-11-20,4645,市進ホールディングス,スタンダード（内国株式）,サービス業,449,449,448,448,-1,-0.222717,800,OK
2025-11-20,4650,ＳＤエンターテイメント,スタンダード（内国株式）,サービス業,283,284,279,279,-4,-1.413428,9100,OK
2025-11-20,4651,サニックスホールディングス,スタンダード（内国株式）,サービス業,209,211,206,206,0,0,107700,OK
2025-11-20,4657,環境管理センター,スタンダード（内国株式）,サービス業,411,422,410,416,6,1.463415,13500,OK
2025-11-20,4658,日本空調サービス,プライム（内国株式）,サービス業,1215,1242,1213,1233,31,2.579035,87900,OK
2025-11-20,4659,エイジス,スタンダード（内国株式）,サービス業,2941,2941,2911,2911,-30,-1.020061,800,OK
2025-11-20,4661,オリエンタルランド,プライム（内国株式）,サービス業,3011,3053,2985,2985,-51,-1.679842,4127100,OK
2025-11-20,4662,フォーカスシステムズ,プライム（内国株式）,情報･通信業,1733,1757,1702,1707,-10,-0.582411,57900,OK
2025-11-20,4664,アール・エス・シー,スタンダード（内国株式）,サービス業,938,939,747,755,-138,-15.453527,990400,OK
2025-11-20,4665,ダスキン,プライム（内国株式）,サービス業,3935,3970,3904,3924,11,0.281114,129300,OK
2025-11-20,4666,パーク２４,プライム（内国株式）,不動産業,1757,1776,1751.5,1767,27,1.551724,703700,OK
2025-11-20,4667,アイサンテクノロジー,スタンダード（内国株式）,情報･通信業,1807,1839,1800,1810,2,0.110619,31800,OK
2025-11-20,4668,明光ネットワークジャパン,プライム（内国株式）,サービス業,711,717,709,715,6,0.846262,38500,OK
2025-11-20,4671,ファルコホールディングス,スタンダード（内国株式）,サービス業,2545,2554,2538,2549,20,0.790826,12400,OK
2025-11-20,4673,川崎地質,スタンダード（内国株式）,サービス業,4630,4860,4565,4565,5,0.109649,9900,OK
2025-11-20,4674,クレスコ,プライム（内国株式）,情報･通信業,1510,1510,1484,1491,7,0.471698,55200,OK
2025-11-20,4676,フジ・メディア・ホールディングス,プライム（内国株式）,情報･通信業,3477,3520,3403,3469,30,0.872347,729800,OK
2025-11-20,4678,秀英予備校,スタンダード（内国株式）,サービス業,292,292,289,291,2,0.692042,6200,OK
2025-11-20,4679,田谷,スタンダード（内国株式）,サービス業,231,233,230,232,2,0.869565,8200,OK
2025-11-20,4680,ラウンドワン,プライム（内国株式）,サービス業,965.3,982.6,961.8,976,10.7,1.108464,2558200,OK
2025-11-20,4681,リゾートトラスト,プライム（内国株式）,サービス業,1870.5,1908,1870.5,1888.5,10.5,0.559105,641000,OK
2025-11-20,4684,オービック,プライム（内国株式）,情報･通信業,4977,5024,4968,4968,-19,-0.380991,885400,OK
2025-11-20,4685,菱友システムズ,スタンダード（内国株式）,情報･通信業,3195,3300,3185,3290,90,2.8125,62000,OK
2025-11-20,4686,ジャストシステム,プライム（内国株式）,情報･通信業,5100,5120,4985,4985,-65,-1.287129,106600,OK
2025-11-20,4687,ＴＤＣソフト,プライム（内国株式）,情報･通信業,1302,1303,1284,1289,10,0.781861,53200,OK
2025-11-20,4689,ＬＩＮＥヤフー,プライム（内国株式）,情報･通信業,422,425.1,416.6,418.7,-4.2,-0.993143,17836200,OK
2025-11-20,4690,日本パレットプール,スタンダード（内国株式）,サービス業,1631,1638,1623,1638,2,0.122249,3700,OK
2025-11-20,4691,ワシントンホテル,スタンダード（内国株式）,サービス業,1354,1374,1344,1358,24,1.7991,55200,OK
2025-11-20,4694,ビー・エム・エル,プライム（内国株式）,サービス業,3685,3685,3610,3645,5,0.137363,59800,OK
2025-11-20,4704,トレンドマイクロ,プライム（内国株式）,情報･通信業,7800,7881,7793,7850,32,0.409312,664300,OK
2025-11-20,4705,クリップコーポレーション,スタンダード（内国株式）,サービス業,824,824,824,824,0,0,100,OK
2025-11-20,4707,キタック,スタンダード（内国株式）,サービス業,349,350,348,349,2,0.576369,1000,OK
2025-11-20,4709,ＩＤホールディングス,プライム（内国株式）,情報･通信業,1966,1995,1965,1980,29,1.486417,40900,OK
2025-11-20,4712,ＫｅｙＨｏｌｄｅｒ,スタンダード（内国株式）,サービス業,700,707,700,703,-7,-0.985915,10500,OK
2025-11-20,4714,リソー教育グループ,プライム（内国株式）,サービス業,200,202,200,200,0,0,656600,OK
2025-11-20,4716,日本オラクル,スタンダード（内国株式）,情報･通信業,13730,13775,13595,13645,-20,-0.146359,109100,OK
2025-11-20,4718,早稲田アカデミー,プライム（内国株式）,サービス業,2340,2350,2327,2350,14,0.599315,12300,OK
2025-11-20,4719,アルファシステムズ,プライム（内国株式）,情報･通信業,4090,4140,4060,4110,70,1.732673,10200,OK
2025-11-20,4720,城南進学研究社,スタンダード（内国株式）,サービス業,253,330,253,285,33,13.095238,1374200,OK
2025-11-20,4722,フューチャー,プライム（内国株式）,情報･通信業,2028,2029,2007,2023,9,0.446872,191100,OK
2025-11-20,4725,ＣＡＣ　Ｈｏｌｄｉｎｇｓ,プライム（内国株式）,情報･通信業,2051,2069,2049,2054,7,0.341964,30100,OK
2025-11-20,4728,トーセ,スタンダード（内国株式）,情報･通信業,629,633,628,631,3,0.477707,3400,OK
2025-11-20,4732,ユー・エス・エス,プライム（内国株式）,サービス業,1691,1707,1690,1695,-1.5,-0.088417,888000,OK
2025-11-20,4733,オービックビジネスコンサルタント,プライム（内国株式）,情報･通信業,8768,8769,8587,8607,-11,-0.12764,57500,OK
2025-11-20,4735,京進,スタンダード（内国株式）,サービス業,289,290,285,290,1,0.346021,700,OK
2025-11-20,4736,日本ラッド,スタンダード（内国株式）,情報･通信業,694,715,687,704,11,1.587302,46900,OK
2025-11-20,4743,アイティフォー,プライム（内国株式）,情報･通信業,1639,1648,1633,1633,-2,-0.122324,50700,OK
2025-11-20,4745,東京個別指導学院,スタンダード（内国株式）,サービス業,442,443,442,443,1,0.226244,213700,OK
2025-11-20,4746,東計電算,スタンダード（内国株式）,情報･通信業,4065,4135,4045,4105,40,0.98401,11600,OK
2025-11-20,4750,ダイサン,スタンダード（内国株式）,サービス業,589,589,582,587,1,0.170648,8200,OK
2025-11-20,4751,サイバーエージェント,プライム（内国株式）,サービス業,1340,1354,1305.5,1352.5,9,0.669892,6727800,OK
2025-11-20,4752,昭和システムエンジニアリング,スタンダード（内国株式）,情報･通信業,1636,1639,1632,1632,11,0.678593,400,OK
2025-11-20,4754,トスネット,スタンダード（内国株式）,サービス業,1535,1535,1535,1535,0,0,100,OK
2025-11-20,4755,楽天グループ,プライム（内国株式）,サービス業,918.9,934,913.2,929.5,18.8,2.064346,12789200,OK
2025-11-20,4760,アルファ,スタンダード（内国株式）,サービス業,1622,1622,1616,1616,-6,-0.369914,2800,OK
2025-11-20,4761,さくらケーシーエス,スタンダード（内国株式）,情報･通信業,1190,1235,1190,1221,33,2.777778,8200,OK
2025-11-20,4762,エックスネット,スタンダード（内国株式）,情報･通信業,1388,1402,1370,1399,10,0.719942,1600,OK
2025-11-20,4763,クリーク・アンド・リバー社,プライム（内国株式）,サービス業,1402,1420,1402,1413,20,1.43575,33500,OK
2025-11-20,4765,ＳＢＩグローバルアセットマネジメント,プライム（内国株式）,サービス業,598,603,593,603,11,1.858108,255800,OK
2025-11-20,4766,ピーエイ,スタンダード（内国株式）,サービス業,284,285,282,285,4,1.423488,12600,OK
2025-11-20,4767,テー・オー・ダブリュー,スタンダード（内国株式）,サービス業,376,378,375,377,4,1.072386,72400,OK
2025-11-20,4768,大塚商会,プライム（内国株式）,情報･通信業,3030,3039,3013,3015,-5,-0.165563,785200,OK
2025-11-20,4769,ＩＣ,スタンダード（内国株式）,情報･通信業,1079,1079,1068,1068,2,0.187617,300,OK
2025-11-20,4771,エフアンドエム,スタンダード（内国株式）,サービス業,2436,2488,2436,2481,52,2.140799,40200,OK
2025-11-20,4772,ＳＭ　ＥＮＴＥＲＴＡＩＮＭＥＮＴ　ＪＡＰＡＮ,グロース（内国株式）,情報･通信業,107,108,105,106,-1,-0.934579,76200,OK
2025-11-20,4776,サイボウズ,プライム（内国株式）,情報･通信業,3080,3100,3030,3075,15,0.490196,385500,OK
2025-11-20,4777,ガーラ,スタンダード（内国株式）,情報･通信業,221,223,221,221,0,0,30000,OK
2025-11-20,4783,ＮＣＤ,スタンダード（内国株式）,情報･通信業,2628,2664,2618,2618,8,0.306513,38100,OK
2025-11-20,4784,ＧＭＯインターネット,プライム（内国株式）,サービス業,769,779,750,755,-10,-1.30719,864000,OK
2025-11-20,4792,山田コンサルティンググループ,プライム（内国株式）,サービス業,1716,1719,1700,1710,11,0.64744,12100,OK
2025-11-20,4800,オリコン,スタンダード（内国株式）,情報･通信業,825,833,825,828,1,0.120919,4700,OK
2025-11-20,4801,セントラルスポーツ,プライム（内国株式）,サービス業,2407,2430,2407,2427,20,0.83091,9400,OK
2025-11-20,4809,パラカ,プライム（内国株式）,不動産業,2007,2078,2004,2069,62,3.089188,102200,OK
2025-11-20,4811,ドリーム・アーツ,グロース（内国株式）,情報･通信業,3805,3895,3770,3825,65,1.728723,7300,OK
2025-11-20,4812,電通総研,プライム（内国株式）,情報･通信業,7870,7900,7810,7830,-20,-0.254777,146600,OK
2025-11-20,4813,ＡＣＣＥＳＳ,プライム（内国株式）,情報･通信業,556,562,548,548,-1,-0.182149,181400,OK
2025-11-20,4814,ネクストウェア,スタンダード（内国株式）,情報･通信業,179,180,175,176,-2,-1.123596,115100,OK
2025-11-20,4816,東映アニメーション,スタンダード（内国株式）,情報･通信業,2719,2746,2660,2679,-81,-2.934783,876000,OK
2025-11-20,4819,デジタルガレージ,プライム（内国株式）,情報･通信業,3090,3115,3060,3090,40,1.311475,101100,OK
2025-11-20,4820,イーエムシステムズ,プライム（内国株式）,情報･通信業,795,796,787,787,1,0.127226,68000,OK
2025-11-20,4825,ウェザーニューズ,プライム（内国株式）,情報･通信業,3950,3980,3935,3945,20,0.509554,64700,OK
2025-11-20,4826,ＣＩＪ,プライム（内国株式）,情報･通信業,499,507,497,498,5,1.014199,224000,OK
2025-11-20,4828,ビジネスエンジニアリング,プライム（内国株式）,情報･通信業,6980,7030,6840,6860,-20,-0.290698,31100,OK
2025-11-20,4829,日本エンタープライズ,スタンダード（内国株式）,情報･通信業,107,108,106,107,0,0,210300,OK
2025-11-20,4832,ＪＦＥシステムズ,スタンダード（内国株式）,情報･通信業,2000,2022,1990,1990,18,0.912779,16700,OK
2025-11-20,4833,Ｄｅｆ　ｃｏｎｓｕｌｔｉｎｇ,グロース（内国株式）,サービス業,70,72,67,71,1,1.428571,2300000,OK
2025-11-20,4838,スペースシャワーＳＫＩＹＡＫＩホールディングス,スタンダード（内国株式）,情報･通信業,722,730,695,704,-13,-1.81311,147000,OK
2025-11-20,4839,ＷＯＷＯＷ,プライム（内国株式）,情報･通信業,1472,1475,1456,1458,2,0.137363,23200,OK
2025-11-20,4840,トライアイズ,グロース（内国株式）,サービス業,494,495,486,486,-4,-0.816327,1500,OK
2025-11-20,4845,スカラ,プライム（内国株式）,情報･通信業,388,388,385,385,-2,-0.516796,33200,OK
2025-11-20,4847,インテリジェント　ウェイブ,プライム（内国株式）,情報･通信業,943,952,937,941,6,0.641711,108200,OK
2025-11-20,4848,フルキャストホールディングス,プライム（内国株式）,サービス業,1670,1670,1646,1652,1,0.060569,67900,OK
2025-11-20,4849,エン,プライム（内国株式）,サービス業,1399,1430,1397,1419,40,2.900653,306100,OK
2025-11-20,4880,セルソース,プライム（内国株式）,医薬品,498,511,497,507,10,2.012072,57300,OK
2025-11-20,4881,ファンペップ,グロース（内国株式）,医薬品,86,88,86,87,1,1.162791,125300,OK
2025-11-20,4882,ペルセウスプロテオミクス,グロース（内国株式）,医薬品,298,309,298,307,10,3.367003,216700,OK
2025-11-20,4883,モダリス,グロース（内国株式）,医薬品,67,68,66,67,1,1.515152,308400,OK
2025-11-20,4884,クリングルファーマ,グロース（内国株式）,医薬品,416,418,413,413,-1,-0.241546,22100,OK
2025-11-20,4885,室町ケミカル,スタンダード（内国株式）,医薬品,739,749,735,749,10,1.35318,3600,OK
2025-11-20,4886,あすか製薬ホールディングス,プライム（内国株式）,医薬品,2049,2050,2028,2032,9,0.444884,42000,OK
2025-11-20,4887,サワイグループホールディングス,プライム（内国株式）,医薬品,1890,1918,1882,1900,18,0.956429,380500,OK
2025-11-20,4888,ステラファーマ,グロース（内国株式）,医薬品,255,262,254,254,2,0.793651,115400,OK
2025-11-20,4889,レナサイエンス,グロース（内国株式）,医薬品,1930,1960,1903,1940,90,4.864865,291900,OK
2025-11-20,4890,坪田ラボ,グロース（内国株式）,医薬品,360,373,349,370,13,3.641457,103800,OK
2025-11-20,4891,ティムス,グロース（内国株式）,医薬品,140,140,137,139,-1,-0.714286,135000,OK
2025-11-20,4892,サイフューズ,グロース（内国株式）,医薬品,573,584,573,584,11,1.919721,25400,OK
2025-11-20,4893,ノイルイミューン・バイオテック,グロース（内国株式）,医薬品,159,160,155,157,3,1.948052,109100,OK
2025-11-20,4894,クオリプス,グロース（内国株式）,医薬品,6170,6250,6130,6190,60,0.978793,66100,OK
2025-11-20,4896,ケイファーマ,グロース（内国株式）,医薬品,623,650,619,627,10,1.620746,81500,OK
2025-11-20,4901,富士フイルムホールディングス,プライム（内国株式）,化学,3251,3275,3228,3228,18,0.560748,4051000,OK
2025-11-20,4902,コニカミノルタ,プライム（内国株式）,電気機器,604.9,613,599.4,606.5,9.2,1.540265,2155600,OK
2025-11-20,4911,資生堂,プライム（内国株式）,化学,2290,2313,2176,2185.5,-120,-5.204945,8299900,OK
2025-11-20,4912,ライオン,プライム（内国株式）,化学,1618.5,1626,1607.5,1611.5,-15,-0.922226,1167400,OK
2025-11-20,4914,高砂香料工業,プライム（内国株式）,化学,1461,1464,1441,1447,16,1.118099,110500,OK
2025-11-20,4917,マンダム,プライム（内国株式）,化学,2360,2364,2314,2336,-18,-0.764656,131500,OK
2025-11-20,4918,アイビー化粧品,スタンダード（内国株式）,化学,332,341,331,331,0,0,8500,OK
2025-11-20,4919,ミルボン,プライム（内国株式）,化学,2480,2512,2471,2472,-17,-0.683005,170600,OK
2025-11-20,4920,日本色材工業研究所,スタンダード（内国株式）,化学,1082,1082,1074,1074,2,0.186567,300,OK
2025-11-20,4922,コーセー,プライム（内国株式）,化学,5046,5064,4976,4983,-74,-1.463318,885500,OK
2025-11-20,4923,コタ,プライム（内国株式）,化学,1194,1209,1194,1196,2,0.167504,44600,OK
2025-11-20,4925,ハーバー研究所,スタンダード（内国株式）,化学,1669,1678,1665,1671,6,0.36036,1600,OK
2025-11-20,4926,シーボン,スタンダード（内国株式）,化学,1197,1200,1192,1193,-2,-0.167364,1100,OK
2025-11-20,4927,ポーラ・オルビスホールディングス,プライム（内国株式）,化学,1310,1316.5,1305,1305,-0.5,-0.0383,580000,OK
2025-11-20,4928,ノエビアホールディングス,プライム（内国株式）,化学,4540,4565,4520,4540,0,0,69400,OK
2025-11-20,4929,アジュバンホールディングス,スタンダード（内国株式）,化学,755,758,755,758,1,0.1321,3000,OK
2025-11-20,4931,新日本製薬,プライム（内国株式）,化学,2080,2087,2066,2069,-1,-0.048309,31800,OK
2025-11-20,4932,アルマード,スタンダード（内国株式）,化学,1075,1075,1066,1071,0,0,32100,OK
2025-11-20,4933,Ｉ−ｎｅ,プライム（内国株式）,化学,1414,1431,1404,1409,9,0.642857,108100,OK
2025-11-20,4934,プレミアアンチエイジング,グロース（内国株式）,化学,688,695,688,691,0,0,2800,OK
2025-11-20,4935,リベルタ,スタンダード（内国株式）,化学,1755,1755,1627,1640,-87,-5.037638,122700,OK
2025-11-20,4936,アクシージア,スタンダード（内国株式）,化学,414,418,407,410,-5,-1.204819,46200,OK
2025-11-20,4937,Ｗａｑｏｏ,グロース（内国株式）,化学,1780,1790,1775,1787,17,0.960452,24100,OK
2025-11-20,4951,エステー,プライム（内国株式）,化学,1558,1558,1550,1554,2,0.128866,14100,OK
2025-11-20,4956,コニシ,プライム（内国株式）,化学,1283,1284,1273,1276,17,1.350278,65100,OK
2025-11-20,4957,ヤスハラケミカル,スタンダード（内国株式）,化学,1375,1377,1375,1376,1,0.072727,37500,OK
2025-11-20,4958,長谷川香料,プライム（内国株式）,化学,2692,2707,2678,2703,30,1.122334,71700,OK
2025-11-20,4960,ケミプロ化成,スタンダード（内国株式）,化学,320,325,316,320,-1,-0.311526,72900,OK
2025-11-20,4966,上村工業,スタンダード（内国株式）,化学,14000,14420,13860,14420,630,4.568528,59500,OK
2025-11-20,4967,小林製薬,プライム（内国株式）,化学,5280,5338,5265,5276,-29,-0.546654,169000,OK
2025-11-20,4968,荒川化学工業,プライム（内国株式）,化学,1099,1110,1087,1104,29,2.697674,37800,OK
2025-11-20,4970,東洋合成工業,スタンダード（内国株式）,化学,6570,6680,6530,6670,410,6.549521,40900,OK
2025-11-20,4971,メック,プライム（内国株式）,化学,5010,5240,4990,5170,445,9.417989,477800,OK
2025-11-20,4972,綜研化学,スタンダード（内国株式）,化学,2454,2461,2403,2440,20,0.826446,71000,OK
2025-11-20,4973,日本高純度化学,プライム（内国株式）,化学,3050,3105,3050,3065,40,1.322314,9000,OK
2025-11-20,4974,タカラバイオ,プライム（内国株式）,化学,811,819,809,813,8,0.993789,230100,OK
2025-11-20,4975,ＪＣＵ,プライム（内国株式）,化学,4350,4390,4315,4325,105,2.488152,66700,OK
2025-11-20,4976,東洋ドライルーブ,スタンダード（内国株式）,化学,4125,4130,4070,4070,-5,-0.122699,400,OK
2025-11-20,4977,新田ゼラチン,スタンダード（内国株式）,化学,1110,1135,1100,1126,38,3.492647,57000,OK
2025-11-20,4978,リプロセル,グロース（内国株式）,化学,159,162,158,160,2,1.265823,239200,OK
2025-11-20,4979,ＯＡＴアグリオ,スタンダード（内国株式）,化学,2148,2157,2129,2133,4,0.187882,14800,OK
2025-11-20,4980,デクセリアルズ,プライム（内国株式）,化学,3097,3129,2932.5,2955.5,-21.5,-0.722204,1710800,OK
2025-11-20,4985,アース製薬,プライム（内国株式）,化学,4955,4985,4940,4955,5,0.10101,44300,OK
2025-11-20,4990,昭和化学工業,スタンダード（内国株式）,化学,465,469,462,468,1,0.214133,2600,OK
2025-11-20,4992,北興化学工業,スタンダード（内国株式）,化学,1608,1627,1599,1613,25,1.574307,49100,OK
2025-11-20,4994,大成ラミックグループ,スタンダード（内国株式）,化学,2642,2649,2610,2611,-28,-1.061008,4800,OK
2025-11-20,4996,クミアイ化学工業,プライム（内国株式）,化学,683,686,680,684,5,0.736377,349500,OK
2025-11-20,4997,日本農薬,プライム（内国株式）,化学,866,876,863,863,-7,-0.804598,134400,OK
2025-11-20,4998,フマキラー,スタンダード（内国株式）,化学,1127,1134,1125,1132,3,0.265722,7100,OK
2025-11-20,5010,日本精蝋,スタンダード（内国株式）,石油･石炭製品,189,192,189,190,1,0.529101,13300,OK
2025-11-20,5011,ニチレキグループ,プライム（内国株式）,石油･石炭製品,2451,2482,2427,2427,10,0.413736,62600,OK
2025-11-20,5013,ユシロ,スタンダード（内国株式）,石油･石炭製品,2224,2233,2208,2208,24,1.098901,13700,OK
2025-11-20,5015,ビーピー・カストロール,スタンダード（内国株式）,石油･石炭製品,952,954,946,952,2,0.210526,8800,OK
2025-11-20,5016,ＪＸ金属,プライム（内国株式）,非鉄金属,1730,1733,1642,1707,89.5,5.53323,32918900,OK
2025-11-20,5017,富士石油,プライム（内国株式）,石油･石炭製品,476,477,476,476,0,0,146400,OK
2025-11-20,5018,ＭＯＲＥＳＣＯ,スタンダード（内国株式）,石油･石炭製品,1331,1347,1331,1341,9,0.675676,8500,OK
2025-11-20,5019,出光興産,プライム（内国株式）,石油･石炭製品,1136,1148.5,1129.5,1138,7.5,0.663423,4652000,OK
2025-11-20,5020,ＥＮＥＯＳホールディングス,プライム（内国株式）,石油･石炭製品,1025,1040.5,1020,1033,19.5,1.924026,7285600,OK
2025-11-20,5021,コスモエネルギーホールディングス,プライム（内国株式）,石油･石炭製品,3983,4018,3947,3990,63,1.604278,733500,OK
2025-11-20,5022,レボインターナショナル,TOKYO PRO MARKET（内国株式）,石油･石炭製品,,,,,,,,NO_QUOTE
2025-11-20,5025,マーキュリー,グロース（内国株式）,情報･通信業,682,699,681,693,1,0.144509,2100,OK
2025-11-20,5026,トリプルアイズ,グロース（内国株式）,情報･通信業,699,711,699,704,-1,-0.141844,14100,OK
2025-11-20,5027,ＡｎｙＭｉｎｄ　Ｇｒｏｕｐ,グロース（内国株式）,情報･通信業,653,660,597,599,-44,-6.842924,607600,OK
2025-11-20,5028,セカンドサイトアナリティカ,グロース（内国株式）,情報･通信業,406,416,401,406,1,0.246914,32400,OK
2025-11-20,5029,サークレイス,グロース（内国株式）,情報･通信業,987,1004,945,964,-36,-3.6,33500,OK
2025-11-20,5031,モイ,グロース（内国株式）,情報･通信業,253,254,252,252,-1,-0.395257,4400,OK
2025-11-20,5032,ＡＮＹＣＯＬＯＲ,プライム（内国株式）,情報･通信業,6050,6240,5890,6190,200,3.338898,613600,OK
2025-11-20,5033,ヌーラボ,グロース（内国株式）,情報･通信業,765,800,763,800,32,4.166667,14500,OK
2025-11-20,5034,ｕｎｅｒｒｙ,グロース（内国株式）,情報･通信業,3045,3080,2917,2977,-14,-0.468071,30200,OK
2025-11-20,5035,ＨＯＵＳＥＩ,グロース（内国株式）,情報･通信業,412,418,409,413,2,0.486618,16000,OK
2025-11-20,5036,日本ビジネスシステムズ,プライム（内国株式）,情報･通信業,1375,1389,1365,1371,0,0,99900,OK
2025-11-20,5037,フィットワークス,TOKYO PRO MARKET（内国株式）,情報･通信業,,,,,,,,NO_QUOTE
2025-11-20,5038,ｅＷｅＬＬ,グロース（内国株式）,情報･通信業,2656,2672,2590,2626,20,0.76746,46000,OK
2025-11-20,5070,ドラフト,グロース（内国株式）,建設業,744,745,744,744,0,0,7900,OK
2025-11-20,5071,ヴィス,スタンダード（内国株式）,サービス業,1364,1375,1364,1375,3,0.218659,400,OK
2025-11-20,5072,アートフォースジャパン,TOKYO PRO MARKET（内国株式）,建設業,,,,,,,,NO_QUOTE
2025-11-20,5074,テスホールディングス,プライム（内国株式）,建設業,346,347,337,337,-3,-0.882353,275300,OK
2025-11-20,5076,インフロニア・ホールディングス,プライム（内国株式）,建設業,1900,1931.5,1882.5,1882.5,-12.5,-0.659631,2444200,OK
2025-11-20,50765,インフロニア・ホールディングス（優先株式）,プライム（内国株式）,建設業,4650,4659,4650,4659,5,0.107434,12600,OK
2025-11-20,5077,ハンズ,TOKYO PRO MARKET（内国株式）,建設業,,,,,,,,NO_QUOTE
2025-11-20,5078,セレコーポレーション,スタンダード（内国株式）,建設業,6050,6050,6050,6050,50,0.833333,200,OK
2025-11-20,5079,ノバック,スタンダード（内国株式）,建設業,2580,2596,2575,2575,1,0.03885,9700,OK
2025-11-20,5101,横浜ゴム,プライム（内国株式）,ゴム製品,5770,5881,5731,5814,131,2.305121,502100,OK
2025-11-20,5103,昭和ホールディングス,スタンダード（内国株式）,ゴム製品,48,48,47,48,0,0,7600,OK
2025-11-20,5105,ＴＯＹＯ　ＴＩＲＥ,プライム（内国株式）,ゴム製品,4226,4252,4176,4213,57,1.371511,593200,OK
2025-11-20,5108,ブリヂストン,プライム（内国株式）,ゴム製品,7215,7267,7103,7104,-33,-0.462379,1652400,OK
2025-11-20,5110,住友ゴム工業,プライム（内国株式）,ゴム製品,2127.5,2141.5,2109,2136,10,0.470367,2199000,OK
2025-11-20,5121,藤倉コンポジット,プライム（内国株式）,ゴム製品,1812,1812,1781,1781,5,0.281532,97000,OK
2025-11-20,5122,オカモト,プライム（内国株式）,ゴム製品,5240,5250,5190,5210,30,0.579151,9600,OK
2025-11-20,5125,ファインズ,グロース（内国株式）,情報･通信業,624,644,624,633,12,1.932367,3600,OK
2025-11-20,5126,ポーターズ,グロース（内国株式）,情報･通信業,1839,1840,1800,1828,-51,-2.71421,1500,OK
2025-11-20,5129,ＦＩＸＥＲ,グロース（内国株式）,情報･通信業,449,449,444,444,-5,-1.113586,4800,OK
2025-11-20,5130,ヒロホールディングス,TOKYO PRO MARKET（内国株式）,情報･通信業,,,,,,,,NO_QUOTE
2025-11-20,5131,リンカーズ,グロース（内国株式）,情報･通信業,163,166,161,164,1,0.613497,66600,OK
2025-11-20,5132,ｐｌｕｓｚｅｒｏ,グロース（内国株式）,情報･通信業,3790,3825,3715,3740,85,2.325581,92300,OK
2025-11-20,5133,テリロジーホールディングス,スタンダード（内国株式）,情報･通信業,350,361,345,360,16,4.651163,112700,OK
2025-11-20,5134,ＰＯＰＥＲ,グロース（内国株式）,情報･通信業,889,911,855,911,29,3.287982,11900,OK
2025-11-20,5135,ＡＩＲ−Ｕ,TOKYO PRO MARKET（内国株式）,情報･通信業,,,,,,,,NO_QUOTE
2025-11-20,5136,ｔｒｉｐｌａ,グロース（内国株式）,情報･通信業,1646,1660,1566,1566,-77,-4.686549,125900,OK
2025-11-20,5137,スマートドライブ,グロース（内国株式）,情報･通信業,495,496,468,473,-16,-3.271984,433200,OK
2025-11-20,5138,Ｒｅｂａｓｅ,グロース（内国株式）,情報･通信業,681,690,673,679,8,1.19225,28100,OK
2025-11-20,5139,オープンワーク,グロース（内国株式）,情報･通信業,960,973,943,943,-28,-2.883625,94300,OK
2025-11-20,5142,アキレス,プライム（内国株式）,化学,1235,1260,1227,1242,29,2.390767,32100,OK
2025-11-20,5161,西川ゴム工業,スタンダード（内国株式）,ゴム製品,2950,3000,2950,2972,16,0.541272,128900,OK
2025-11-20,5162,朝日ラバー,スタンダード（内国株式）,ゴム製品,668,678,668,676,4,0.595238,1500,OK
2025-11-20,5184,ニチリン,スタンダード（内国株式）,ゴム製品,3600,3630,3600,3615,20,0.556328,11200,OK
2025-11-20,5185,フコク,プライム（内国株式）,ゴム製品,1796,1812,1792,1803,21,1.178451,24800,OK
2025-11-20,5186,ニッタ,プライム（内国株式）,ゴム製品,3970,3990,3955,3960,25,0.635324,28100,OK
2025-11-20,5187,クリエートメディック,スタンダード（内国株式）,精密機器,1003,1008,1002,1002,3,0.3003,2000,OK
2025-11-20,5189,櫻護謨,スタンダード（内国株式）,ゴム製品,2338,2338,2313,2313,3,0.12987,500,OK
2025-11-20,5191,住友理工,プライム（内国株式）,ゴム製品,2594,2595,2592,2593,0,0,473200,OK
2025-11-20,5192,三ツ星ベルト,プライム（内国株式）,ゴム製品,3730,3760,3715,3730,35,0.947226,74700,OK
2025-11-20,5194,相模ゴム工業,スタンダード（内国株式）,ゴム製品,778,790,774,784,6,0.771208,14500,OK
2025-11-20,5195,バンドー化学,プライム（内国株式）,ゴム製品,1924,1955,1919,1951,36,1.879896,88600,OK
2025-11-20,5199,不二ラテックス,スタンダード（内国株式）,ゴム製品,1918,1919,1918,1919,1,0.052138,400,OK
2025-11-20,5201,ＡＧＣ,プライム（内国株式）,ガラス･土石製品,5206,5228,5170,5186,37,0.718586,754000,OK
2025-11-20,5202,日本板硝子,プライム（内国株式）,ガラス･土石製品,445,459,444,454,17,3.89016,2362200,OK
2025-11-20,5204,石塚硝子,スタンダード（内国株式）,ガラス･土石製品,2968,2968,2923,2931,12,0.4111,2600,OK
2025-11-20,5208,有沢製作所,プライム（内国株式）,化学,1600,1618,1593,1615,34,2.150538,126500,OK
2025-11-20,5210,日本山村硝子,スタンダード（内国株式）,ガラス･土石製品,2728,2756,2705,2714,9,0.332717,52400,OK
2025-11-20,5214,日本電気硝子,プライム（内国株式）,ガラス･土石製品,5600,5614,5539,5550,87,1.592532,393100,OK
2025-11-20,5216,倉元製作所,スタンダード（内国株式）,ガラス･土石製品,127,129,126,128,0,0,265400,OK
2025-11-20,5218,オハラ,スタンダード（内国株式）,ガラス･土石製品,1131,1138,1125,1130,17,1.527403,33000,OK
2025-11-20,5232,住友大阪セメント,プライム（内国株式）,ガラス･土石製品,3770,3788,3750,3772,41,1.098901,88700,OK
2025-11-20,5233,太平洋セメント,プライム（内国株式）,ガラス･土石製品,3708,3756,3680,3680,27,0.739119,522400,OK
2025-11-20,5237,ノザワ,スタンダード（内国株式）,ガラス･土石製品,1009,1016,1008,1016,7,0.693756,4400,OK
2025-11-20,5240,ｍｏｎｏＡＩ　ｔｅｃｈｎｏｌｏｇｙ,グロース（内国株式）,情報･通信業,194,195,192,192,0,0,18500,OK
2025-11-20,5242,アイズ,グロース（内国株式）,情報･通信業,1245,1245,1200,1210,-35,-2.811245,3600,OK
2025-11-20,5243,ｎｏｔｅ,グロース（内国株式）,情報･通信業,1389,1457,1378,1440,70,5.109489,295200,OK
2025-11-20,5244,ｊｉｇ．ｊｐ,グロース（内国株式）,情報･通信業,258,259,254,257,5,1.984127,161400,OK
2025-11-20,5246,ＥＬＥＭＥＮＴＳ,グロース（内国株式）,情報･通信業,590,593,560,572,-17,-2.886248,749700,OK
2025-11-20,5247,ＢＴＭ,グロース（内国株式）,情報･通信業,801,801,780,801,26,3.354839,14500,OK
2025-11-20,5248,テクノロジーズ,グロース（内国株式）,情報･通信業,586,591,581,584,6,1.038062,57100,OK
2025-11-20,5249,あさかわシステムズ,TOKYO PRO MARKET（内国株式）,情報･通信業,,,,,,,,NO_QUOTE
2025-11-20,5250,プライム・ストラテジー,スタンダード（内国株式）,情報･通信業,920,920,912,914,-6,-0.652174,600,OK
2025-11-20,5251,ウイズ・ワン,TOKYO PRO MARKET（内国株式）,情報･通信業,,,,,,,,NO_QUOTE
2025-11-20,5252,日本ナレッジ,グロース（内国株式）,情報･通信業,496,517,495,497,1,0.201613,4200,OK
2025-11-20,5253,カバー,グロース（内国株式）,情報･通信業,1575,1639,1556,1618,68,4.387097,1780100,OK
2025-11-20,5254,Ａｒｅｎｔ,グロース（内国株式）,情報･通信業,3370,3415,3250,3290,-70,-2.083333,87600,OK
2025-11-20,5255,モンスターラボ,グロース（内国株式）,情報･通信業,193,208,185,205,16,8.465608,4206000,OK
2025-11-20,5256,Ｆｕｓｉｃ,グロース（内国株式）,情報･通信業,2396,2407,2286,2286,-123,-5.105853,28400,OK
2025-11-20,5257,ノバシステム,スタンダード（内国株式）,情報･通信業,2835,2900,2835,2884,50,1.764291,1200,OK
2025-11-20,5258,トランザクション・メディア・ネットワークス,グロース（内国株式）,情報･通信業,514,514,470,495,-20,-3.883495,959200,OK
2025-11-20,5259,ＢＢＤイニシアティブ,グロース（内国株式）,情報･通信業,1521,1526,1466,1492,31,2.121834,8500,OK
2025-11-20,5261,リソルホールディングス,プライム（内国株式）,サービス業,6070,6100,6030,6070,10,0.165017,5900,OK
2025-11-20,5262,日本ヒューム,プライム（内国株式）,ガラス･土石製品,2999,3020,2967,3005,40,1.349073,144300,OK
2025-11-20,5268,旭コンクリート工業,スタンダード（内国株式）,ガラス･土石製品,962,977,959,959,-8,-0.827301,12800,OK
2025-11-20,5269,日本コンクリート工業,プライム（内国株式）,ガラス･土石製品,324,326,321,323,5,1.572327,106000,OK
2025-11-20,5271,トーヨーアサノ,スタンダード（内国株式）,ガラス･土石製品,2300,2301,2290,2301,1,0.043478,500,OK
2025-11-20,5273,三谷セキサン,スタンダード（内国株式）,ガラス･土石製品,7360,7530,7360,7530,190,2.588556,6800,OK
2025-11-20,5279,日本興業,スタンダード（内国株式）,ガラス･土石製品,1215,1241,1208,1219,15,1.245847,7400,OK
2025-11-20,5280,ヨシコン,スタンダード（内国株式）,不動産業,2551,2579,2551,2558,9,0.35308,9000,OK
2025-11-20,5282,ジオスター,スタンダード（内国株式）,ガラス･土石製品,337,340,337,337,1,0.297619,15500,OK
2025-11-20,5283,高見澤,スタンダード（内国株式）,卸売業,3470,3470,3470,3470,70,2.058824,200,OK
2025-11-20,5284,ヤマウホールディングス,スタンダード（内国株式）,ガラス･土石製品,2322,2323,2301,2305,7,0.304613,3400,OK
2025-11-20,5285,ヤマックス,スタンダード（内国株式）,ガラス･土石製品,1855,1860,1821,1824,9,0.495868,52800,OK
2025-11-20,5287,イトーヨーギョー,スタンダード（内国株式）,ガラス･土石製品,1189,1204,1175,1185,3,0.253807,40700,OK
2025-11-20,5288,アジアパイルホールディングス,プライム（内国株式）,ガラス･土石製品,1390,1446,1389,1435,70,5.128205,407300,OK
2025-11-20,5290,ベルテクスコーポレーション,スタンダード（内国株式）,ガラス･土石製品,1280,1294,1261,1274,-6,-0.46875,46300,OK
2025-11-20,5301,東海カーボン,プライム（内国株式）,ガラス･土石製品,997,1007,984,988.7,3.4,0.345073,1149000,OK
2025-11-20,5302,日本カーボン,プライム（内国株式）,ガラス･土石製品,4450,4460,4405,4410,25,0.570125,50400,OK
2025-11-20,5304,ＳＥＣカーボン,スタンダード（内国株式）,ガラス･土石製品,2178,2216,2178,2212,58,2.692665,17400,OK
2025-11-20,5310,東洋炭素,プライム（内国株式）,ガラス･土石製品,4750,4960,4740,4760,235,5.19337,222500,OK
2025-11-20,5331,ノリタケ,プライム（内国株式）,ガラス･土石製品,5030,5090,5030,5050,95,1.917255,43700,OK
2025-11-20,5332,ＴＯＴＯ,プライム（内国株式）,ガラス･土石製品,3784,3856,3780,3834,39,1.027668,774800,OK
2025-11-20,5333,日本碍子,プライム（内国株式）,ガラス･土石製品,3013,3039,2984,2996,33,1.113736,936300,OK
2025-11-20,5334,日本特殊陶業,プライム（内国株式）,ガラス･土石製品,6595,6596,6491,6515,89,1.384998,544600,OK
2025-11-20,5337,ダントーホールディングス,スタンダード（内国株式）,ガラス･土石製品,519,530,519,521,2,0.385356,16100,OK
2025-11-20,5341,ＡＳＡＨＩ　ＥＩＴＯホールディングス,スタンダード（内国株式）,ガラス･土石製品,304,304,291,300,-4,-1.315789,11200,OK
2025-11-20,5344,ＭＡＲＵＷＡ,プライム（内国株式）,ガラス･土石製品,46230,46990,44790,45460,2030,4.674188,162200,OK
2025-11-20,5351,品川リフラ,プライム（内国株式）,ガラス･土石製品,1883,1908,1881,1894,20,1.067236,44500,OK
2025-11-20,5352,黒崎播磨,プライム（内国株式）,ガラス･土石製品,4150,4150,4140,4145,0,0,98800,OK
2025-11-20,5355,日本坩堝,スタンダード（内国株式）,ガラス･土石製品,604,604,603,603,-1,-0.165563,2000,OK
2025-11-20,5356,美濃窯業,スタンダード（内国株式）,ガラス･土石製品,1206,1225,1202,1216,12,0.996678,8600,OK
2025-11-20,5357,ヨータイ,プライム（内国株式）,ガラス･土石製品,1706,1734,1706,1725,25,1.470588,28300,OK
2025-11-20,5363,東京窯業,スタンダード（内国株式）,ガラス･土石製品,553,560,552,552,2,0.363636,28200,OK
2025-11-20,5367,ニッカトー,スタンダード（内国株式）,ガラス･土石製品,587,592,587,587,1,0.170648,6800,OK
2025-11-20,5368,日本インシュレーション,スタンダード（内国株式）,ガラス･土石製品,998,1002,981,1000,2,0.200401,36800,OK
2025-11-20,5380,新東,スタンダード（内国株式）,ガラス･土石製品,1618,1620,1604,1620,5,0.309598,1200,OK
2025-11-20,5381,マイポックス,スタンダード（内国株式）,ガラス･土石製品,449,457,442,451,31,7.380952,389600,OK
2025-11-20,5384,フジミインコーポレーテッド,プライム（内国株式）,ガラス･土石製品,2290,2335,2287,2296,66,2.959641,260700,OK
2025-11-20,5386,鶴弥,スタンダード（内国株式）,ガラス･土石製品,417,417,415,416,-1,-0.239808,2200,OK
2025-11-20,5388,クニミネ工業,スタンダード（内国株式）,ガラス･土石製品,1120,1137,1120,1129,9,0.803571,5900,OK
2025-11-20,5391,エーアンドエーマテリアル,スタンダード（内国株式）,ガラス･土石製品,1227,1230,1221,1230,11,0.902379,3200,OK
2025-11-20,5393,ニチアス,プライム（内国株式）,ガラス･土石製品,5978,5998,5933,5934,56,0.952705,115000,OK
2025-11-20,5401,日本製鉄,プライム（内国株式）,鉄鋼,611.9,624.8,609.6,619.4,9.6,1.574287,16469900,OK
2025-11-20,5406,神戸製鋼所,プライム（内国株式）,鉄鋼,1886,1921,1879,1914.5,48.5,2.599143,3780800,OK
2025-11-20,5408,中山製鋼所,プライム（内国株式）,鉄鋼,575,590,575,589,16,2.792321,329900,OK
2025-11-20,5410,合同製鐵,プライム（内国株式）,鉄鋼,3590,3640,3580,3635,75,2.106742,45900,OK
2025-11-20,5411,ＪＦＥホールディングス,プライム（内国株式）,鉄鋼,1800,1841,1796,1827.5,27.5,1.527778,3168900,OK
2025-11-20,5423,東京製鐵,プライム（内国株式）,鉄鋼,1394,1421,1392,1409,11,0.786838,381800,OK
2025-11-20,5440,共英製鋼,プライム（内国株式）,鉄鋼,2261,2299,2255,2291,60,2.689377,60700,OK
2025-11-20,5444,大和工業,プライム（内国株式）,鉄鋼,9827,9956,9815,9914,204,2.100927,134000,OK
2025-11-20,5445,東京鐵鋼,プライム（内国株式）,鉄鋼,5500,5570,5490,5560,80,1.459854,56800,OK
2025-11-20,5446,北越メタル,スタンダード（内国株式）,鉄鋼,1229,1236,1224,1235,6,0.488202,1300,OK
2025-11-20,5449,大阪製鐵,スタンダード（内国株式）,鉄鋼,2608,2634,2567,2601,38,1.482638,19900,OK
2025-11-20,5451,ヨドコウ,プライム（内国株式）,鉄鋼,1273,1280,1269,1270,5,0.395257,291100,OK
2025-11-20,5458,高砂鐵工,スタンダード（内国株式）,鉄鋼,950,955,947,948,-7,-0.732984,3300,OK
2025-11-20,5461,中部鋼鈑,プライム（内国株式）,鉄鋼,2056,2080,2043,2065,31,1.52409,27600,OK
2025-11-20,5463,丸一鋼管,プライム（内国株式）,鉄鋼,1338.5,1355.5,1323,1342.5,12.5,0.93985,403900,OK
2025-11-20,5464,モリ工業,スタンダード（内国株式）,鉄鋼,986,1001,976,991,17,1.74538,42800,OK
2025-11-20,5471,大同特殊鋼,プライム（内国株式）,鉄鋼,1490,1509.5,1482.5,1496,32,2.185792,651300,OK
2025-11-20,5476,日本高周波鋼業,スタンダード（内国株式）,鉄鋼,480,491,480,489,15,3.164557,24400,OK
2025-11-20,5480,日本冶金工業,プライム（内国株式）,鉄鋼,4170,4220,4150,4220,90,2.179177,74500,OK
2025-11-20,5482,愛知製鋼,プライム（内国株式）,鉄鋼,2850,2878,2792,2864,85,3.058654,344200,OK
2025-11-20,5484,東北特殊鋼,スタンダード（内国株式）,鉄鋼,2020,2030,2007,2016,7,0.348432,1600,OK
2025-11-20,5491,日本金属,スタンダード（内国株式）,鉄鋼,772,783,771,780,7,0.905563,17500,OK
2025-11-20,5525,フロンティアホールディングス,TOKYO PRO MARKET（内国株式）,不動産業,,,,,,,,NO_QUOTE
2025-11-20,5527,ｐｒｏｐｅｒｔｙ　ｔｅｃｈｎｏｌｏｇｉｅｓ,グロース（内国株式）,不動産業,774,776,762,768,0,0,101400,OK
2025-11-20,5528,フロンティアハウス,TOKYO PRO MARKET（内国株式）,不動産業,,,,,,,,NO_QUOTE
2025-11-20,5531,中山不動産,TOKYO PRO MARKET（内国株式）,不動産業,,,,,,,,NO_QUOTE
2025-11-20,5532,リアルゲイト,グロース（内国株式）,不動産業,2673,2704,2662,2667,10,0.376364,31000,OK
2025-11-20,5533,エリッツホールディングス,スタンダード（内国株式）,不動産業,1859,1859,1859,1859,8,0.432199,200,OK
2025-11-20,5534,エンゼルグループ,TOKYO PRO MARKET（内国株式）,不動産業,,,,,,,,NO_QUOTE
2025-11-20,5535,ミガロホールディングス,プライム（内国株式）,不動産業,392,397,380,387,-2,-0.514139,713300,OK
2025-11-20,5536,京橋アートレジデンス,TOKYO PRO MARKET（内国株式）,不動産業,,,,,,,,NO_QUOTE
2025-11-20,5537,ＡｌｂａＬｉｎｋ,TOKYO PRO MARKET（内国株式）,不動産業,,,,,,,,NO_QUOTE
2025-11-20,5541,大平洋金属,プライム（内国株式）,鉄鋼,2245,2365,2220,2340,132,5.978261,571100,OK
2025-11-20,5542,新報国マテリアル,スタンダード（内国株式）,鉄鋼,724,729,722,729,6,0.829876,5800,OK
2025-11-20,5563,新日本電工,プライム（内国株式）,鉄鋼,328,332,326,328,3,0.923077,343000,OK
2025-11-20,5570,ジェノバ,グロース（内国株式）,情報･通信業,663,672,660,663,4,0.60698,16600,OK
2025-11-20,5571,エキサイトホールディングス,スタンダード（内国株式）,情報･通信業,1226,1233,1206,1210,-14,-1.143791,14700,OK
2025-11-20,5572,Ｒｉｄｇｅ−ｉ,グロース（内国株式）,情報･通信業,2226,2250,2166,2180,2,0.091827,20000,OK
2025-11-20,5573,働楽ホールディングス,TOKYO PRO MARKET（内国株式）,情報･通信業,,,,,,,,NO_QUOTE
2025-11-20,5574,ＡＢＥＪＡ,グロース（内国株式）,情報･通信業,2565,2615,2539,2579,64,2.544732,60800,OK
2025-11-20,5575,Ｇｌｏｂｅｅ,グロース（内国株式）,情報･通信業,748,750,740,746,-2,-0.26738,5300,OK
2025-11-20,5576,オービーシステム,スタンダード（内国株式）,情報･通信業,2698,2705,2687,2687,-8,-0.296846,2700,OK
2025-11-20,5578,ＡＲアドバンストテクノロジ,グロース（内国株式）,情報･通信業,3395,3395,3160,3245,-10,-0.30722,12100,OK
2025-11-20,5580,プロディライト,グロース（内国株式）,情報･通信業,1450,1473,1450,1466,46,3.239437,3400,OK
2025-11-20,5581,カイテクノロジー,TOKYO PRO MARKET（内国株式）,情報･通信業,,,,,,,,NO_QUOTE
2025-11-20,5582,グリッド,グロース（内国株式）,情報･通信業,2741,2744,2670,2701,13,0.483631,38800,OK
2025-11-20,5584,Ｓｔｒａｗｂｅｒｒｙ　ｊａｍｓ,TOKYO PRO MARKET（内国株式）,情報･通信業,,,,,,,,NO_QUOTE
2025-11-20,5586,Ｌａｂｏｒｏ．ＡＩ,グロース（内国株式）,情報･通信業,924,937,905,919,10,1.10011,75600,OK
2025-11-20,5587,インバウンドプラットフォーム,グロース（内国株式）,情報･通信業,753,755,727,742,3,0.405954,42500,OK
2025-11-20,5588,ファーストアカウンティング,グロース（内国株式）,情報･通信業,1118,1143,1103,1110,-30,-2.631579,36500,OK
2025-11-20,5589,オートサーバー,スタンダード（内国株式）,情報･通信業,2548,2548,2534,2534,-14,-0.549451,1600,OK
2025-11-20,5590,ネットスターズ,グロース（内国株式）,情報･通信業,953,976,919,966,22,2.330508,269400,OK
2025-11-20,5591,ＡＶＩＬＥＮ,グロース（内国株式）,情報･通信業,1234,1247,1218,1225,15,1.239669,15900,OK
2025-11-20,5592,くすりの窓口,グロース（内国株式）,情報･通信業,2733,2770,2611,2730,43,1.600298,131900,OK
2025-11-20,5594,エム・デー・ビー,TOKYO PRO MARKET（内国株式）,情報･通信業,,,,,,,,NO_QUOTE
2025-11-20,5595,ＱＰＳ研究所,グロース（内国株式）,情報･通信業,1700,1725,1650,1718,60,3.618818,840000,OK
2025-11-20,5596,アウトルックコンサルティング,グロース（内国株式）,情報･通信業,1790,1792,1790,1791,1,0.055866,57000,OK
2025-11-20,5597,ブルーイノベーション,グロース（内国株式）,情報･通信業,1550,1585,1487,1509,-40,-2.582311,69100,OK
2025-11-20,5598,Ｙｏｔｔａｖｉａｓ,TOKYO PRO MARKET（内国株式）,情報･通信業,,,,,,,,NO_QUOTE
2025-11-20,5599,Ｓ＆Ｊ,グロース（内国株式）,情報･通信業,1629,1727,1617,1722,108,6.69145,103400,OK
2025-11-20,5602,栗本鐵工所,プライム（内国株式）,鉄鋼,1686,1724,1675,1721,53,3.177458,614600,OK
2025-11-20,5603,虹技,スタンダード（内国株式）,鉄鋼,1256,1258,1231,1246,-13,-1.032566,4100,OK
2025-11-20,5609,日本鋳造,スタンダード（内国株式）,鉄鋼,815,820,815,816,1,0.122699,3900,OK
2025-11-20,5612,日本鋳鉄管,スタンダード（内国株式）,鉄鋼,1650,1670,1640,1662,21,1.279707,16300,OK
2025-11-20,5616,雨風太陽,グロース（内国株式）,情報･通信業,970,987,966,987,18,1.857585,15100,OK
2025-11-20,5617,ウィル・ドゥ,TOKYO PRO MARKET（内国株式）,情報･通信業,,,,,,,,NO_QUOTE
2025-11-20,5618,ナイル,グロース（内国株式）,情報･通信業,354,361,345,359,3,0.842697,10200,OK
2025-11-20,5619,マーソ,グロース（内国株式）,情報･通信業,978,978,961,961,-4,-0.414508,900,OK
2025-11-20,5620,エスピーオー,TOKYO PRO MARKET（内国株式）,情報･通信業,,,,,,,,NO_QUOTE
2025-11-20,5621,ヒューマンテクノロジーズ,グロース（内国株式）,情報･通信業,1925,1971,1905,1930,6,0.31185,57800,OK
2025-11-20,5622,ワンビ,TOKYO PRO MARKET（内国株式）,情報･通信業,,,,,,,,NO_QUOTE
2025-11-20,5631,日本製鋼所,プライム（内国株式）,機械,9788,9936,9674,9779,306,3.230233,816000,OK
2025-11-20,5632,三菱製鋼,プライム（内国株式）,鉄鋼,1725,1750,1724,1739,23,1.340326,103000,OK
2025-11-20,5644,メタルアート,スタンダード（内国株式）,鉄鋼,4480,5100,4480,4925,445,9.933036,28900,OK
2025-11-20,5658,日亜鋼業,スタンダード（内国株式）,鉄鋼,364,364,352,352,1,0.2849,44100,OK
2025-11-20,5659,日本精線,プライム（内国株式）,鉄鋼,1089,1098,1082,1095,15,1.388889,29600,OK
2025-11-20,5660,神鋼鋼線工業,スタンダード（内国株式）,鉄鋼,1311,1311,1297,1298,-6,-0.460123,600,OK
2025-11-20,5695,パウダーテック,スタンダード（内国株式）,鉄鋼,2260,2263,2251,2263,3,0.132743,500,OK
2025-11-20,5697,サンユウ,スタンダード（内国株式）,鉄鋼,632,636,630,630,-2,-0.316456,6800,OK
2025-11-20,5698,エンビプロ・ホールディングス,スタンダード（内国株式）,鉄鋼,511,529,511,528,18,3.529412,70100,OK
2025-11-20,5699,イボキン,スタンダード（内国株式）,鉄鋼,1354,1362,1353,1360,8,0.591716,2000,OK
2025-11-20,5702,大紀アルミニウム工業所,プライム（内国株式）,非鉄金属,1080,1092,1078,1082,8,0.744879,63400,OK
2025-11-20,5703,日本軽金属ホールディングス,プライム（内国株式）,非鉄金属,2294,2360,2283,2349,78,3.43461,359400,OK
2025-11-20,5704,ＪＭＣ,グロース（内国株式）,非鉄金属,401,401,399,399,-2,-0.498753,2500,OK
2025-11-20,5706,三井金属,プライム（内国株式）,非鉄金属,21200,21220,20125,20850,1450,7.474227,2744300,OK
2025-11-20,5707,東邦亜鉛,プライム（内国株式）,非鉄金属,697,720,692,720,42,6.19469,370000,OK
2025-11-20,5711,三菱マテリアル,プライム（内国株式）,非鉄金属,3047,3117,3025,3063,66,2.202202,1454400,OK
2025-11-20,5713,住友金属鉱山,プライム（内国株式）,非鉄金属,4982,5049,4899,4945,103,2.12722,1804000,OK
2025-11-20,5714,ＤＯＷＡホールディングス,プライム（内国株式）,非鉄金属,5939,6084,5871,5990,166,2.850275,556000,OK
2025-11-20,5715,古河機械金属,プライム（内国株式）,非鉄金属,3645,3815,3590,3770,245,6.950355,841000,OK
2025-11-20,5721,エス・サイエンス,スタンダード（内国株式）,非鉄金属,124,126,119,123,0,0,5939000,OK
2025-11-20,5724,アサカ理研,スタンダード（内国株式）,非鉄金属,2616,2639,2311,2394,-194,-7.496136,1286000,OK
2025-11-20,5726,大阪チタニウムテクノロジーズ,プライム（内国株式）,非鉄金属,2099,2122,2054,2095,26,1.256646,957200,OK
2025-11-20,5727,東邦チタニウム,プライム（内国株式）,非鉄金属,1250,1282,1237,1277,34,2.735318,632100,OK
2025-11-20,5729,日本精鉱,スタンダード（内国株式）,非鉄金属,10170,10480,10020,10120,230,2.325581,28800,OK
2025-11-20,5741,ＵＡＣＪ,プライム（内国株式）,非鉄金属,2001,2037,1989,2011,50,2.54972,282900,OK
2025-11-20,5742,エヌアイシ・オートテック,スタンダード（内国株式）,非鉄金属,773,773,760,761,-10,-1.297017,7200,OK
2025-11-20,5753,日本伸銅,スタンダード（内国株式）,非鉄金属,2174,2178,2174,2174,0,0,1600,OK
2025-11-20,5757,ＣＫサンエツ,プライム（内国株式）,非鉄金属,3780,3865,3780,3835,85,2.266667,9100,OK
2025-11-20,5801,古河電気工業,プライム（内国株式）,非鉄金属,10055,10440,9700,9895,241,2.496375,8969700,OK
2025-11-20,5802,住友電気工業,プライム（内国株式）,非鉄金属,6320,6460,6286,6388,446,7.50589,8774000,OK
2025-11-20,5803,フジクラ,プライム（内国株式）,非鉄金属,19840,19850,18205,18890,1050,5.88565,16705100,OK
2025-11-20,5805,ＳＷＣＣ,プライム（内国株式）,非鉄金属,11000,11060,10530,10700,370,3.581801,618900,OK
2025-11-20,5816,オーナンバ,スタンダード（内国株式）,非鉄金属,1435,1489,1433,1463,36,2.522775,23500,OK
2025-11-20,5817,ＪＭＡＣＳ,スタンダード（内国株式）,非鉄金属,498,506,497,497,4,0.811359,36700,OK
2025-11-20,5819,カナレ電気,スタンダード（内国株式）,非鉄金属,1830,1866,1830,1860,50,2.762431,8400,OK
2025-11-20,5820,三ッ星,スタンダード（内国株式）,非鉄金属,629,632,628,628,-1,-0.158983,4400,OK
2025-11-20,5821,平河ヒューテック,プライム（内国株式）,非鉄金属,3255,3310,3205,3265,170,5.49273,113200,OK
2025-11-20,5830,いよぎんホールディングス,プライム（内国株式）,銀行業,2377.5,2385.5,2347.5,2349,27.5,1.184579,783300,OK
2025-11-20,5831,しずおかフィナンシャルグループ,プライム（内国株式）,銀行業,2180,2194,2165,2179.5,40.5,1.893408,2116500,OK
2025-11-20,5832,ちゅうぎんフィナンシャルグループ,プライム（内国株式）,銀行業,2198,2199.5,2171.5,2187,37.5,1.744592,454200,OK
2025-11-20,5834,ＳＢＩリーシングサービス,グロース（内国株式）,証券･商品先物取引業,4995,5100,4970,5090,165,3.350254,43800,OK
2025-11-20,5838,楽天銀行,プライム（内国株式）,銀行業,6800,6814,6490,6733,173,2.637195,2369000,OK
2025-11-20,5840,日本総険,TOKYO PRO MARKET（内国株式）,保険業,,,,,,,,NO_QUOTE
2025-11-20,5842,インテグラル,グロース（内国株式）,証券･商品先物取引業,3245,3295,3210,3235,60,1.889764,73900,OK
2025-11-20,5843,ニッポンインシュア,スタンダード（内国株式）,その他金融業,2925,2977,2803,2948,23,0.786325,32600,OK
2025-11-20,5844,京都フィナンシャルグループ,プライム（内国株式）,銀行業,3270,3274,3201,3232,32,1,690400,OK
2025-11-20,5845,全保連,スタンダード（内国株式）,その他金融業,935,939,920,932,8,0.865801,73800,OK
2025-11-20,5851,リョービ,プライム（内国株式）,非鉄金属,2610,2630,2595,2615,45,1.750973,130900,OK
2025-11-20,5852,アーレスティ,プライム（内国株式）,非鉄金属,730,735,725,730,1,0.137174,93800,OK
2025-11-20,5856,エルアイイーエイチ,スタンダード（内国株式）,小売業,30,30,28,29,-1,-3.333333,1033400,OK
2025-11-20,5857,ＡＲＥホールディングス,プライム（内国株式）,非鉄金属,2802,2820,2752,2782,20,0.724113,350100,OK
2025-11-20,5858,ＳＴＧ,グロース（内国株式）,非鉄金属,1570,1572,1475,1495,-58,-3.734707,78000,OK
2025-11-20,5866,ＷｉｚＢｉｚ,TOKYO PRO MARKET（内国株式）,サービス業,,,,,,,,NO_QUOTE
2025-11-20,5867,エスネットワークス,グロース（内国株式）,サービス業,1270,1270,1220,1236,26,2.14876,2500,OK
2025-11-20,5868,ロココ,スタンダード（内国株式）,サービス業,895,896,860,864,-16,-1.818182,41200,OK
2025-11-20,5869,早稲田学習研究会,スタンダード（内国株式）,サービス業,1206,1219,1206,1216,15,1.248959,12600,OK
2025-11-20,5870,ナルネットコミュニケーションズ,グロース（内国株式）,サービス業,1061,1070,1036,1036,-21,-1.986755,59400,OK
2025-11-20,5871,ＳＯＬＩＺＥ　Ｈｏｌｄｉｎｇｓ,スタンダード（内国株式）,サービス業,1587,1600,1540,1545,-8,-0.515132,9800,OK
2025-11-20,5883,ＧＴホールディングス,TOKYO PRO MARKET（内国株式）,卸売業,,,,,,,,NO_QUOTE
2025-11-20,5884,クラダシ,グロース（内国株式）,小売業,429,429,406,412,-9,-2.137767,30400,OK
2025-11-20,5885,ジーデップ・アドバンス,スタンダード（内国株式）,卸売業,2800,2828,2678,2706,58,2.190332,39000,OK
2025-11-20,5886,ＯＯＫＡＢＥ　ＧＬＡＳＳ,TOKYO PRO MARKET（内国株式）,卸売業,,,,,,,,NO_QUOTE
2025-11-20,5887,光響,TOKYO PRO MARKET（内国株式）,卸売業,,,,,,,,NO_QUOTE
2025-11-20,5888,ＤＡＩＷＡ　ＣＹＣＬＥ,グロース（内国株式）,小売業,3150,3175,3090,3105,-40,-1.27186,20300,OK
2025-11-20,5889,Ｊａｐａｎ　Ｅｙｅｗｅａｒ　Ｈｏｌｄｉｎｇｓ,プライム（内国株式）,小売業,1893,1906,1867,1877,12,0.643432,192400,OK
2025-11-20,5890,オフィスバスターズ,TOKYO PRO MARKET（内国株式）,小売業,,,,,,,,NO_QUOTE
2025-11-20,5891,魁力屋,スタンダード（内国株式）,小売業,1710,1710,1675,1684,-12,-0.707547,28200,OK
2025-11-20,5892,ｙｕｔｏｒｉ,グロース（内国株式）,小売業,2599,2606,2483,2516,-41,-1.603442,86700,OK
2025-11-20,5893,ＲＡＶＩＰＡ,TOKYO PRO MARKET（内国株式）,小売業,,,,,,,,NO_QUOTE
2025-11-20,5900,ダイケン,スタンダード（内国株式）,金属製品,830,844,819,844,18,2.179177,600,OK
2025-11-20,5901,東洋製罐グループホールディングス,プライム（内国株式）,金属製品,3484,3501,3452,3458,11,0.319118,337400,OK
2025-11-20,5902,ホッカンホールディングス,プライム（内国株式）,金属製品,2213,2231,2212,2215,5,0.226244,10200,OK
2025-11-20,5903,シンポ,スタンダード（内国株式）,金属製品,1193,1193,1193,1193,3,0.252101,100,OK
2025-11-20,5905,日本製罐,スタンダード（内国株式）,金属製品,1276,1276,1261,1261,-19,-1.484375,300,OK
2025-11-20,5906,エムケー精工,スタンダード（内国株式）,金属製品,537,537,528,531,-2,-0.375235,11900,OK
2025-11-20,5909,コロナ,スタンダード（内国株式）,金属製品,943,947,937,946,6,0.638298,6300,OK
2025-11-20,5911,横河ブリッジホールディングス,プライム（内国株式）,金属製品,2862,2875,2847,2870,36,1.270289,105800,OK
2025-11-20,5915,駒井ハルテック,スタンダード（内国株式）,金属製品,1843,1875,1843,1870,28,1.520087,12400,OK
2025-11-20,5918,瀧上工業,スタンダード（内国株式）,金属製品,7550,7550,7400,7400,-150,-1.986755,300,OK
2025-11-20,5921,川岸工業,スタンダード（内国株式）,金属製品,4225,4255,4200,4230,20,0.475059,2700,OK
2025-11-20,5922,那須電機鉄工,スタンダード（内国株式）,金属製品,15820,15830,15810,15830,-20,-0.126183,300,OK
2025-11-20,5923,高田機工,スタンダード（内国株式）,金属製品,1111,1111,1080,1080,-7,-0.643974,2700,OK
2025-11-20,5928,アルメタックス,スタンダード（内国株式）,金属製品,265,267,262,267,2,0.754717,4600,OK
2025-11-20,5929,三和ホールディングス,プライム（内国株式）,金属製品,3860,3902,3855,3892,44,1.143451,670300,OK
2025-11-20,5930,文化シヤッター,プライム（内国株式）,金属製品,2057,2057,2026,2032,-9,-0.44096,102200,OK
2025-11-20,5932,三協立山,プライム（内国株式）,金属製品,600,600,595,595,-1,-0.167785,109700,OK
2025-11-20,5933,アルインコ,プライム（内国株式）,金属製品,1037,1054,1037,1052,19,1.839303,20900,OK
2025-11-20,5936,東洋シヤッター,スタンダード（内国株式）,金属製品,887,888,883,883,4,0.455063,2900,OK
2025-11-20,5938,ＬＩＸＩＬ,プライム（内国株式）,金属製品,1751,1762,1745.5,1745.5,-3,-0.171576,1092900,OK
2025-11-20,5939,大谷工業,スタンダード（内国株式）,金属製品,4850,4870,4850,4870,20,0.412371,300,OK
2025-11-20,5940,不二サッシ,スタンダード（内国株式）,金属製品,848,861,838,850,3,0.354191,20600,OK
2025-11-20,5941,中西製作所,スタンダード（内国株式）,金属製品,2357,2362,2351,2362,11,0.467886,1200,OK
2025-11-20,5942,日本フイルコン,スタンダード（内国株式）,金属製品,545,550,545,547,-1,-0.182482,21400,OK
2025-11-20,5943,ノーリツ,プライム（内国株式）,金属製品,1840,1855,1836,1847,11,0.599129,106400,OK
2025-11-20,5945,天龍製鋸,スタンダード（内国株式）,金属製品,2108,2108,2108,2108,8,0.380952,100,OK
2025-11-20,5946,長府製作所,プライム（内国株式）,金属製品,1952,1981,1951,1970,20,1.025641,57200,OK
2025-11-20,5947,リンナイ,プライム（内国株式）,金属製品,3798,3894,3793,3856,93,2.471432,430000,OK
2025-11-20,5949,ユニプレス,プライム（内国株式）,輸送用機器,1186,1186,1165,1173,2,0.170794,124700,OK
2025-11-20,5950,日本パワーファスニング,スタンダード（内国株式）,金属製品,195,197,193,193,0,0,17800,OK
2025-11-20,5951,ダイニチ工業,スタンダード（内国株式）,金属製品,898,898,877,881,-14,-1.564246,13300,OK
2025-11-20,5952,アマテイ,スタンダード（内国株式）,金属製品,189,192,187,188,-1,-0.529101,57800,OK
2025-11-20,5955,ワイズホールディングス,スタンダード（内国株式）,金属製品,76,78,75,77,1,1.315789,1074600,OK
2025-11-20,5956,トーソー,スタンダード（内国株式）,金属製品,542,542,535,542,0,0,2300,OK
2025-11-20,5957,日東精工,プライム（内国株式）,金属製品,672,690,669,684,20,3.012048,260700,OK
2025-11-20,5958,三洋工業,スタンダード（内国株式）,金属製品,4300,4365,4250,4250,-40,-0.932401,2700,OK
2025-11-20,5959,岡部,プライム（内国株式）,金属製品,918,918,913,914,4,0.43956,50200,OK
2025-11-20,5962,浅香工業,スタンダード（内国株式）,その他製品,1827,1890,1827,1889,26,1.395598,1900,OK
2025-11-20,5965,フジマック,スタンダード（内国株式）,金属製品,1061,1083,1061,1080,19,1.790763,4100,OK
2025-11-20,5966,京都機械工具,スタンダード（内国株式）,金属製品,2438,2450,2421,2439,-1,-0.040984,1400,OK
2025-11-20,5967,ＴＯＮＥ,スタンダード（内国株式）,金属製品,611,612,601,606,-4,-0.655738,25600,OK
2025-11-20,5969,ロブテックス,スタンダード（内国株式）,金属製品,1169,1169,1169,1169,1,0.085616,100,OK
2025-11-20,5970,ジーテクト,プライム（内国株式）,金属製品,1872,1872,1846,1848,-5,-0.269833,62600,OK
2025-11-20,5971,共和工業所,スタンダード（内国株式）,金属製品,6980,6980,6980,6980,40,0.576369,400,OK
2025-11-20,5973,トーアミ,スタンダード（内国株式）,金属製品,547,547,539,539,2,0.372439,2600,OK
2025-11-20,5974,中国工業,スタンダード（内国株式）,金属製品,608,616,607,616,10,1.650165,2100,OK
2025-11-20,5975,東プレ,プライム（内国株式）,金属製品,2248,2249,2209,2231,8,0.359874,84000,OK
2025-11-20,5976,高周波熱錬,プライム（内国株式）,金属製品,1176,1181,1170,1172,3,0.25663,95400,OK
2025-11-20,5981,東京製綱,プライム（内国株式）,金属製品,1471,1479,1460,1465,9,0.618132,44500,OK
2025-11-20,5982,マルゼン,スタンダード（内国株式）,金属製品,3620,3620,3500,3520,-100,-2.762431,4600,OK
2025-11-20,5983,イワブチ,スタンダード（内国株式）,金属製品,9560,9650,9400,9490,-40,-0.419727,4800,OK
2025-11-20,5984,兼房,スタンダード（内国株式）,金属製品,684,684,680,681,0,0,2100,OK
2025-11-20,5985,サンコール,スタンダード（内国株式）,金属製品,1319,1319,1220,1242,-24,-1.895735,2823700,OK
2025-11-20,5986,モリテック　スチール,スタンダード（内国株式）,金属製品,194,197,191,194,0,0,33900,OK
2025-11-20,5987,オーネックス,スタンダード（内国株式）,金属製品,,,,,,,,NO_QUOTE
2025-11-20,5988,パイオラックス,プライム（内国株式）,金属製品,1662,1665,1633,1633,-29,-1.744886,150000,OK
2025-11-20,5989,エイチワン,プライム（内国株式）,金属製品,1240,1257,1232,1241,11,0.894309,169000,OK
2025-11-20,5990,スーパーツール,スタンダード（内国株式）,金属製品,,,,,,,,NO_QUOTE
2025-11-20,5991,日本発條,プライム（内国株式）,金属製品,2425.5,2426.5,2341.5,2364,38.5,1.655558,918500,OK
2025-11-20,5992,中央発條,スタンダード（内国株式）,金属製品,3400,3445,3400,3420,50,1.48368,22700,OK
2025-11-20,5994,ファインシンター,スタンダード（内国株式）,金属製品,1885,1900,1767,1811,-34,-1.842818,70900,OK
2025-11-20,5997,協立エアテック,スタンダード（内国株式）,金属製品,706,706,701,701,-5,-0.708215,700,OK
2025-11-20,5998,アドバネクス,スタンダード（内国株式）,金属製品,1195,1195,1111,1182,17,1.459227,181800,OK
2025-11-20,6005,三浦工業,プライム（内国株式）,機械,3053,3053,3011,3027,37,1.237458,299400,OK
2025-11-20,6013,タクマ,プライム（内国株式）,機械,2429,2429,2389,2393,-12,-0.49896,297700,OK
2025-11-20,6016,ジャパンエンジンコーポレーション,スタンダード（内国株式）,輸送用機器,12990,13840,12850,13570,1030,8.213716,486900,OK
2025-11-20,6018,阪神内燃機工業,スタンダード（内国株式）,輸送用機器,3625,3745,3590,3735,180,5.063291,19600,OK
2025-11-20,6022,赤阪鐵工所,スタンダード（内国株式）,機械,4715,4890,4535,4890,385,8.54606,16300,OK
2025-11-20,6023,ダイハツインフィニアース,スタンダード（内国株式）,輸送用機器,2794,2919,2772,2907,147,5.326087,318100,OK
2025-11-20,6027,弁護士ドットコム,グロース（内国株式）,サービス業,2815,2864,2804,2811,15,0.536481,64100,OK
2025-11-20,6028,テクノプロ・ホールディングス,プライム（内国株式）,サービス業,4850,4854,4847,4848,2,0.041271,66000,OK
2025-11-20,6029,アトラグループ,スタンダード（内国株式）,サービス業,179,179,159,161,-4,-2.424242,501400,OK
2025-11-20,6030,アドベンチャー,グロース（内国株式）,サービス業,1885,1891,1808,1812,-66,-3.514377,40000,OK
2025-11-20,6031,ＺＥＴＡ,グロース（内国株式）,サービス業,302,307,298,299,-3,-0.993377,95100,OK
2025-11-20,6033,エクストリーム,グロース（内国株式）,サービス業,1268,1279,1268,1279,11,0.867508,1500,OK
2025-11-20,6034,ＭＲＴ,グロース（内国株式）,サービス業,685,686,656,673,-22,-3.165468,39000,OK
2025-11-20,6035,アイ・アールジャパンホールディングス,プライム（内国株式）,サービス業,810,810,800,802,3,0.375469,22000,OK
2025-11-20,6036,ＫｅｅＰｅｒ技研,プライム（内国株式）,サービス業,3245,3280,3185,3205,-20,-0.620155,167300,OK
2025-11-20,6037,楽待,スタンダード（内国株式）,サービス業,1125,1144,1118,1123,3,0.267857,34100,OK
2025-11-20,6038,イード,グロース（内国株式）,サービス業,923,933,923,933,10,1.083424,2400,OK
2025-11-20,6039,日本動物高度医療センター,グロース（内国株式）,サービス業,5400,5980,5400,5940,450,8.196721,48300,OK
2025-11-20,6040,日本スキー場開発,グロース（内国株式）,サービス業,520,520,506,506,-8,-1.55642,46900,OK
2025-11-20,6042,ニッキ,スタンダード（内国株式）,輸送用機器,3100,3120,3075,3080,-20,-0.645161,1100,OK
2025-11-20,6044,三機サービス,スタンダード（内国株式）,サービス業,2288,2449,2169,2174,-114,-4.982517,14900,OK
2025-11-20,6045,レントラックス,グロース（内国株式）,サービス業,1480,1483,1464,1464,9,0.618557,7600,OK
2025-11-20,6046,リンクバル,グロース（内国株式）,サービス業,124,127,124,125,2,1.626016,81800,OK
2025-11-20,6047,Ｇｕｎｏｓｙ,プライム（内国株式）,サービス業,576,585,572,575,6,1.054482,213600,OK
2025-11-20,6049,イトクロ,グロース（内国株式）,サービス業,274,278,274,275,2,0.732601,5400,OK
2025-11-20,6050,イー・ガーディアン,プライム（内国株式）,サービス業,1652,1666,1645,1650,18,1.102941,42400,OK
2025-11-20,6054,リブセンス,スタンダード（内国株式）,サービス業,117,118,116,116,-1,-0.854701,106200,OK
2025-11-20,6055,ジャパンマテリアル,プライム（内国株式）,サービス業,1637,1653,1614,1646,89,5.716121,714200,OK
2025-11-20,6058,ベクトル,プライム（内国株式）,サービス業,1131,1149,1126,1149,28,2.49777,87000,OK
2025-11-20,6059,ウチヤマホールディングス,スタンダード（内国株式）,サービス業,370,373,368,373,4,1.084011,31600,OK
2025-11-20,6060,こころネット,スタンダード（内国株式）,サービス業,1158,1179,1156,1173,15,1.295337,17900,OK
2025-11-20,6061,ユニバーサル園芸社,スタンダード（内国株式）,サービス業,5930,5950,5880,5930,100,1.715266,3000,OK
2025-11-20,6062,チャーム・ケア・コーポレーション,プライム（内国株式）,サービス業,1236,1275,1229,1263,52,4.293972,227200,OK
2025-11-20,6063,日本エマージェンシーアシスタンス,スタンダード（内国株式）,サービス業,967,967,965,965,-1,-0.10352,2600,OK
2025-11-20,6069,トレンダーズ,グロース（内国株式）,サービス業,833,836,827,831,4,0.483676,20000,OK
2025-11-20,6070,キャリアリンク,プライム（内国株式）,サービス業,2449,2481,2447,2465,24,0.983204,35100,OK
2025-11-20,6071,ＩＢＪ,プライム（内国株式）,サービス業,764,766,740,743,-10,-1.328021,323500,OK
2025-11-20,6072,地盤ネットホールディングス,グロース（内国株式）,サービス業,176,176,170,173,-2,-1.142857,312300,OK
2025-11-20,6073,アサンテ,プライム（内国株式）,サービス業,1607,1607,1601,1601,-1,-0.062422,14000,OK
2025-11-20,6074,ジェイエスエス,スタンダード（内国株式）,サービス業,534,534,526,531,4,0.759013,1100,OK
2025-11-20,6078,バリューＨＲ,プライム（内国株式）,サービス業,1672,1694,1664,1693,32,1.92655,36900,OK
2025-11-20,6080,Ｍ＆Ａキャピタルパートナーズ,プライム（内国株式）,サービス業,3300,3320,3190,3230,125,4.025765,188900,OK
2025-11-20,6081,アライドアーキテクツ,グロース（内国株式）,サービス業,201,209,200,203,-2,-0.97561,110700,OK
2025-11-20,6082,ライドオンエクスプレスホールディングス,スタンダード（内国株式）,サービス業,1005,1005,1002,1003,2,0.1998,4500,OK
2025-11-20,6083,ＥＲＩホールディングス,スタンダード（内国株式）,サービス業,3660,3660,3625,3635,-25,-0.68306,12200,OK
2025-11-20,6085,アーキテクツ・スタジオ・ジャパン,グロース（内国株式）,サービス業,444,444,364,373,-39,-9.466019,444200,OK
2025-11-20,6086,シンメンテホールディングス,グロース（内国株式）,サービス業,1055,1071,1050,1064,19,1.818182,19400,OK
2025-11-20,6087,アビスト,スタンダード（内国株式）,サービス業,3180,3180,3150,3155,10,0.317965,1100,OK
2025-11-20,6088,シグマクシス・ホールディングス,プライム（内国株式）,サービス業,768,775,767,767,3,0.39267,425700,OK
2025-11-20,6089,ウィルグループ,プライム（内国株式）,サービス業,1085,1119,1085,1117,30,2.75989,50800,OK
2025-11-20,6090,ヒューマン・メタボローム・テクノロジーズ,スタンダード（内国株式）,サービス業,683,688,664,678,1,0.14771,11100,OK
2025-11-20,6091,ウエスコホールディングス,スタンダード（内国株式）,サービス業,830,849,830,837,7,0.843373,16300,OK
2025-11-20,6092,エンバイオ・ホールディングス,スタンダード（内国株式）,サービス業,596,597,587,597,7,1.186441,10700,OK
2025-11-20,6093,エスクロー・エージェント・ジャパン,スタンダード（内国株式）,サービス業,142,143,142,143,0,0,212600,OK
2025-11-20,6094,フリークアウト・ホールディングス,グロース（内国株式）,サービス業,538,552,527,539,5,0.93633,21200,OK
2025-11-20,6096,レアジョブ,スタンダード（内国株式）,サービス業,344,345,336,342,-3,-0.869565,31100,OK
2025-11-20,6098,リクルートホールディングス,プライム（内国株式）,サービス業,7650,7759,7633,7639,39,0.513158,5059900,OK
2025-11-20,6099,エラン,プライム（内国株式）,サービス業,717,720,710,712,0,0,95200,OK
2025-11-20,6101,ツガミ,プライム（内国株式）,機械,2706,2706,2646,2674,17,0.639819,330900,OK
2025-11-20,6103,オークマ,プライム（内国株式）,機械,3405,3410,3365,3375,25,0.746269,317100,OK
2025-11-20,6104,芝浦機械,プライム（内国株式）,機械,4360,4375,4145,4235,15,0.35545,168900,OK
2025-11-20,6113,アマダ,プライム（内国株式）,機械,1774.5,1805.5,1768,1789,37,2.111872,1368200,OK
2025-11-20,6118,アイダエンジニアリング,プライム（内国株式）,機械,1093,1175,1089,1156,74,6.839187,443500,OK
2025-11-20,6125,岡本工作機械製作所,スタンダード（内国株式）,機械,4255,4280,4200,4235,100,2.41838,23400,OK
2025-11-20,6134,ＦＵＪＩ,プライム（内国株式）,機械,3265,3332,3250,3284,87,2.721301,484800,OK
2025-11-20,6135,牧野フライス製作所,プライム（内国株式）,機械,11310,11340,11310,11310,-10,-0.088339,51900,OK
2025-11-20,6136,オーエスジー,プライム（内国株式）,機械,2220,2248.5,2216,2226.5,31,1.411979,245300,OK
2025-11-20,6137,小池酸素工業,スタンダード（内国株式）,機械,1451,1451,1421,1429,8,0.562984,31600,OK
2025-11-20,6138,ダイジェット工業,スタンダード（内国株式）,機械,885,888,883,888,4,0.452489,7300,OK
2025-11-20,6140,旭ダイヤモンド工業,プライム（内国株式）,機械,800,807,796,803,15,1.903553,199500,OK
2025-11-20,6141,ＤＭＧ森精機,プライム（内国株式）,機械,2645,2672,2621.5,2637.5,29,1.11175,1457600,OK
2025-11-20,6143,ソディック,プライム（内国株式）,機械,923,923,906,915,7,0.770925,188100,OK
2025-11-20,6144,西部電機,スタンダード（内国株式）,機械,2240,2270,2213,2234,34,1.545455,5300,OK
2025-11-20,6145,ＮＩＴＴＯＫＵ,スタンダード（内国株式）,機械,2423,2448,2380,2387,28,1.186944,73300,OK
2025-11-20,6146,ディスコ,プライム（内国株式）,機械,47730,48530,46310,47270,3040,6.873163,3290000,OK
2025-11-20,6147,ヤマザキ,スタンダード（内国株式）,機械,314,316,314,314,0,0,800,OK
2025-11-20,6149,小田原エンジニアリング,スタンダード（内国株式）,機械,2286,2322,2264,2288,33,1.463415,28200,OK
2025-11-20,6150,タケダ機械,スタンダード（内国株式）,機械,2950,2950,2925,2925,-25,-0.847458,300,OK
2025-11-20,6151,日東工器,プライム（内国株式）,機械,1609,1613,1555,1570,-39,-2.423866,234800,OK
2025-11-20,6155,高松機械工業,スタンダード（内国株式）,機械,486,502,479,502,24,5.020921,8800,OK
2025-11-20,6156,エーワン精密,スタンダード（内国株式）,機械,1756,1756,1751,1755,3,0.171233,5200,OK
2025-11-20,6157,日進工具,スタンダード（内国株式）,機械,849,855,848,850,8,0.950119,54500,OK
2025-11-20,6158,和井田製作所,スタンダード（内国株式）,機械,867,880,866,875,8,0.922722,4400,OK
2025-11-20,6159,ミクロン精密,スタンダード（内国株式）,機械,2017,2025,2004,2004,-34,-1.668302,1200,OK
2025-11-20,6161,エスティック,スタンダード（内国株式）,機械,987,991,985,991,5,0.507099,3800,OK
2025-11-20,6165,パンチ工業,スタンダード（内国株式）,機械,409,413,408,412,5,1.228501,69600,OK
2025-11-20,6166,中村超硬,グロース（内国株式）,機械,266,269,260,263,0,0,39800,OK
2025-11-20,6167,冨士ダイス,プライム（内国株式）,機械,842,866,842,861,25,2.990431,47300,OK
2025-11-20,6168,ＯＮＥ　ＧＲＯＵＰ,TOKYO PRO MARKET（内国株式）,機械,,,,,,,,NO_QUOTE
2025-11-20,6171,土木管理総合試験所,スタンダード（内国株式）,サービス業,420,453,417,426,3,0.70922,200600,OK
2025-11-20,6173,アクアライン,グロース（内国株式）,サービス業,236,236,205,208,-23,-9.95671,131900,OK
2025-11-20,6174,デンタス,TOKYO PRO MARKET（内国株式）,サービス業,,,,,,,,NO_QUOTE
2025-11-20,6176,ブランジスタ,スタンダード（内国株式）,サービス業,838,856,821,824,-1,-0.121212,95800,OK
2025-11-20,6177,ＡｐｐＢａｎｋ,グロース（内国株式）,サービス業,162,162,148,153,-5,-3.164557,1168100,OK
2025-11-20,6178,日本郵政,プライム（内国株式）,サービス業,1501,1503,1450,1454.5,7,0.483592,11286200,OK
2025-11-20,6180,ＧＭＯメディア,グロース（内国株式）,サービス業,5710,5790,5710,5760,80,1.408451,1400,OK
2025-11-20,6181,タメニー,グロース（内国株式）,サービス業,116,116,111,111,-2,-1.769912,44000,OK
2025-11-20,6182,メタリアル,グロース（内国株式）,サービス業,457,457,446,447,-4,-0.886918,34400,OK
2025-11-20,6183,ベルシステム２４ホールディングス,プライム（内国株式）,サービス業,1348,1348,1336,1336,0,0,86900,OK
2025-11-20,6184,鎌倉新書,プライム（内国株式）,サービス業,552,558,550,553,6,1.096892,71200,OK
2025-11-20,6185,ＳＭＮ,スタンダード（内国株式）,サービス業,472,473,459,464,-1,-0.215054,60900,OK
2025-11-20,6186,一蔵,スタンダード（内国株式）,サービス業,379,383,378,381,0,0,4700,OK
2025-11-20,6189,グローバルキッズＣＯＭＰＡＮＹ,スタンダード（内国株式）,サービス業,724,724,713,720,4,0.558659,8100,OK
2025-11-20,6190,フェニックスバイオ,グロース（内国株式）,サービス業,414,418,403,414,8,1.970443,47700,OK
2025-11-20,6191,エアトリ,プライム（内国株式）,サービス業,758,764,742,743,-7,-0.933333,172800,OK
2025-11-20,6193,バーチャレクス・ホールディングス,グロース（内国株式）,サービス業,987,1001,987,1000,12,1.214575,25300,OK
2025-11-20,6194,アトラエ,プライム（内国株式）,サービス業,672,677,665,666,-1,-0.149925,103400,OK
2025-11-20,6195,ホープ,グロース（内国株式）,サービス業,194,198,193,195,1,0.515464,38400,OK
2025-11-20,6196,ストライク,プライム（内国株式）,サービス業,3815,4030,3810,3985,100,2.574003,199500,OK
2025-11-20,6197,ソラスト,プライム（内国株式）,サービス業,534,540,528,529,1,0.189394,254000,OK
2025-11-20,6198,キャリア,グロース（内国株式）,サービス業,259,260,251,251,-1,-0.396825,3100,OK
2025-11-20,6199,セラク,スタンダード（内国株式）,サービス業,1458,1483,1458,1467,24,1.663202,32100,OK
2025-11-20,6200,インソース,プライム（内国株式）,サービス業,818,825,813,823,11,1.35468,387200,OK
2025-11-20,6201,豊田自動織機,プライム（内国株式）,輸送用機器,17250,17295,17110,17160,50,0.292227,293500,OK
2025-11-20,6203,豊和工業,スタンダード（内国株式）,機械,1084,1110,1065,1083,-17,-1.545455,568100,OK
2025-11-20,6208,石川製作所,スタンダード（内国株式）,機械,1505,1528,1495,1526,38,2.553763,58000,OK
2025-11-20,6209,リケンＮＰＲ,プライム（内国株式）,機械,3275,3275,3210,3210,-25,-0.772798,59200,OK
2025-11-20,6210,ＴＯＹＯイノベックス,スタンダード（内国株式）,機械,648,655,648,649,0,0,25300,OK
2025-11-20,6217,津田駒工業,スタンダード（内国株式）,機械,333,337,333,334,-1,-0.298507,4200,OK
2025-11-20,6218,エンシュウ,スタンダード（内国株式）,機械,512,514,507,512,0,0,2900,OK
2025-11-20,6222,島精機製作所,プライム（内国株式）,機械,968,976,961,968,15,1.573977,117900,OK
2025-11-20,6223,西部技研,スタンダード（内国株式）,機械,1707,1717,1701,1703,18,1.068249,20300,OK
2025-11-20,6224,ＪＲＣ,グロース（内国株式）,機械,1309,1334,1302,1304,1,0.076746,37800,OK
2025-11-20,6226,守谷輸送機工業,スタンダード（内国株式）,機械,5120,5150,5000,5080,60,1.195219,36900,OK
2025-11-20,6227,ＡＩメカテック,スタンダード（内国株式）,機械,5000,5230,4990,5200,480,10.169492,302700,OK
2025-11-20,6228,ジェイ・イー・ティ,スタンダード（内国株式）,機械,715,725,706,710,17,2.453102,26100,OK
2025-11-20,6229,オーケーエム,スタンダード（内国株式）,機械,1792,1807,1730,1754,-12,-0.679502,28800,OK
2025-11-20,6230,ＳＡＮＥＩ,スタンダード（内国株式）,機械,2062,2066,2062,2063,11,0.536062,3000,OK
2025-11-20,6231,木村工機,スタンダード（内国株式）,機械,12260,12890,12260,12680,500,4.10509,5700,OK
2025-11-20,6232,ＡＣＳＬ,グロース（内国株式）,機械,1018,1033,993,996,-17,-1.678184,523900,OK
2025-11-20,6233,ＫＬＡＳＳ,スタンダード（内国株式）,機械,413,415,410,414,3,0.729927,2200,OK
2025-11-20,6235,オプトラン,プライム（内国株式）,機械,1716,1779,1676,1753,77,4.594272,287800,OK
2025-11-20,6237,イワキ,プライム（内国株式）,機械,2399,2402,2334,2394,9,0.377358,26900,OK
2025-11-20,6238,フリュー,プライム（内国株式）,機械,1049,1058,1046,1051,4,0.382044,76600,OK
2025-11-20,6239,ナガオカ,スタンダード（内国株式）,機械,1392,1392,1349,1368,-24,-1.724138,22000,OK
2025-11-20,6240,ヤマシンフィルタ,プライム（内国株式）,機械,621,630,614,628,17,2.782324,493800,OK
2025-11-20,6245,ヒラノテクシード,スタンダード（内国株式）,機械,1546,1556,1546,1546,5,0.324465,14400,OK
2025-11-20,6246,テクノスマート,スタンダード（内国株式）,機械,1887,1902,1881,1900,26,1.387407,13500,OK
2025-11-20,6247,日阪製作所,プライム（内国株式）,機械,1436,1441,1421,1422,2,0.140845,33500,OK
2025-11-20,6248,横田製作所,スタンダード（内国株式）,機械,1644,1644,1610,1610,-16,-0.98401,1100,OK
2025-11-20,6249,ゲームカードホールディングス,スタンダード（内国株式）,機械,2706,2750,2704,2718,37,1.380082,30300,OK
2025-11-20,6250,やまびこ,プライム（内国株式）,機械,2561,2597,2536,2580,66,2.625298,101900,OK
2025-11-20,6254,野村マイクロ・サイエンス,プライム（内国株式）,機械,3250,3270,3140,3170,165,5.490849,902700,OK
2025-11-20,6255,エヌ・ピー・シー,グロース（内国株式）,機械,732,767,725,764,47,6.555091,405900,OK
2025-11-20,6257,藤商事,スタンダード（内国株式）,機械,1038,1040,1034,1037,3,0.290135,23800,OK
2025-11-20,6258,平田機工,プライム（内国株式）,機械,2131,2149,2112,2133,89,4.354207,304500,OK
2025-11-20,6262,ＰＥＧＡＳＵＳ,スタンダード（内国株式）,機械,801,822,797,813,16,2.007528,78000,OK
2025-11-20,6264,マルマエ,プライム（内国株式）,機械,1988,2015,1940,1958,89,4.761905,185900,OK
2025-11-20,6265,コンバム,スタンダード（内国株式）,機械,2372,2386,2350,2386,103,4.511608,9900,OK
2025-11-20,6266,タツモ,プライム（内国株式）,機械,2187,2217,2167,2209,129,6.201923,290800,OK
2025-11-20,6267,ゼネラルパッカー,スタンダード（内国株式）,機械,3780,3780,3440,3600,-130,-3.485255,3300,OK
2025-11-20,6268,ナブテスコ,プライム（内国株式）,機械,3337,3337,3240,3272,46,1.425914,599000,OK
2025-11-20,6269,三井海洋開発,プライム（内国株式）,機械,15345,15715,14800,15455,1110,7.737888,4736600,OK
2025-11-20,6272,レオン自動機,プライム（内国株式）,機械,1453,1456,1429,1434,-9,-0.623701,50500,OK
2025-11-20,6273,ＳＭＣ,プライム（内国株式）,機械,52840,53540,51820,51900,60,0.115741,229700,OK
2025-11-20,6276,シリウスビジョン,スタンダード（内国株式）,電気機器,399,420,367,372,-28,-7,356600,OK
2025-11-20,6277,ホソカワミクロン,プライム（内国株式）,機械,5200,5280,5140,5230,130,2.54902,29600,OK
2025-11-20,6278,ユニオンツール,プライム（内国株式）,機械,7710,8380,7710,8300,1010,13.854595,544300,OK
2025-11-20,6279,瑞光,プライム（内国株式）,機械,981,992,968,991,24,2.481903,23200,OK
2025-11-20,6282,オイレス工業,プライム（内国株式）,機械,2077,2093,2066,2070,17,0.828057,121200,OK
2025-11-20,6284,日精エー・エス・ビー機械,プライム（内国株式）,機械,6220,6290,6180,6260,60,0.967742,48900,OK
2025-11-20,6286,靜甲,スタンダード（内国株式）,機械,1136,1155,1136,1154,17,1.495163,4300,OK
2025-11-20,6287,サトー,プライム（内国株式）,機械,2200,2204,2180,2192,12,0.550459,84000,OK
2025-11-20,6289,技研製作所,プライム（内国株式）,機械,1650,1676,1648,1660,21,1.281269,93500,OK
2025-11-20,6291,日本エアーテック,スタンダード（内国株式）,機械,1250,1266,1241,1253,16,1.293452,49300,OK
2025-11-20,6292,カワタ,スタンダード（内国株式）,機械,750,756,750,752,2,0.266667,5900,OK
2025-11-20,6293,日精樹脂工業,プライム（内国株式）,機械,822,827,815,823,13,1.604938,52800,OK
2025-11-20,6294,オカダアイヨン,プライム（内国株式）,機械,2076,2079,2051,2051,3,0.146484,11500,OK
2025-11-20,6298,ワイエイシイホールディングス,プライム（内国株式）,機械,1021,1076,1019,1072,71,7.092907,446900,OK
2025-11-20,6301,小松製作所,プライム（内国株式）,機械,5071,5074,4966,5014,51,1.027604,3559500,OK
2025-11-20,6302,住友重機械工業,プライム（内国株式）,機械,4054,4102,4013,4052,81,2.039788,525200,OK
2025-11-20,6305,日立建機,プライム（内国株式）,機械,4411,4475,4382,4467,126,2.902557,1250500,OK
2025-11-20,6306,日工,プライム（内国株式）,機械,748,750,739,746,7,0.947226,44900,OK
2025-11-20,6307,サンセイ,スタンダード（内国株式）,機械,547,561,521,527,-18,-3.302752,41000,OK
2025-11-20,6309,巴工業,プライム（内国株式）,機械,1618,1644,1615,1639,37,2.309613,115500,OK
2025-11-20,6310,井関農機,プライム（内国株式）,機械,1957,1980,1913,1937,10,0.518941,260800,OK
2025-11-20,6312,フロイント産業,スタンダード（内国株式）,機械,1075,1075,1075,1075,0,0,800,OK
2025-11-20,6315,ＴＯＷＡ,プライム（内国株式）,機械,2460,2520,2415,2519,231,10.096154,6968300,OK
2025-11-20,6316,丸山製作所,スタンダード（内国株式）,機械,2140,2140,2123,2127,4,0.188413,1800,OK
2025-11-20,6317,北川鉄工所,スタンダード（内国株式）,機械,1727,1760,1715,1760,67,3.957472,23700,OK
2025-11-20,6322,タクミナ,スタンダード（内国株式）,機械,1571,1571,1564,1567,5,0.320102,1200,OK
2025-11-20,6323,ローツェ,プライム（内国株式）,機械,2084.5,2099.5,2031.5,2086.5,172,8.984069,1870700,OK
2025-11-20,6324,ハーモニック・ドライブ・システムズ,スタンダード（内国株式）,機械,2850,2950,2805,2855,147,5.42836,1875800,OK
2025-11-20,6325,タカキタ,スタンダード（内国株式）,機械,380,387,380,385,5,1.315789,8400,OK
2025-11-20,6326,クボタ,プライム（内国株式）,機械,2047,2088,2038,2066,58,2.888446,3850800,OK
2025-11-20,6327,北川精機,スタンダード（内国株式）,機械,860,883,854,883,32,3.760282,83300,OK
2025-11-20,6328,荏原実業,プライム（内国株式）,機械,4180,4240,4180,4210,30,0.717703,15000,OK
2025-11-20,6330,東洋エンジニアリング,プライム（内国株式）,建設業,2786,2850,2611,2635,-70,-2.5878,7709400,OK
2025-11-20,6331,三菱化工機,プライム（内国株式）,機械,3185,3245,3180,3190,75,2.407705,262000,OK
2025-11-20,6332,月島ホールディングス,プライム（内国株式）,機械,2581,2611,2566,2596,36,1.40625,365900,OK
2025-11-20,6333,帝国電機製作所,プライム（内国株式）,機械,2954,2954,2909,2943,39,1.342975,19900,OK
2025-11-20,6334,明治機械,スタンダード（内国株式）,機械,361,368,361,368,1,0.27248,6500,OK
2025-11-20,6335,東京機械製作所,スタンダード（内国株式）,機械,504,510,488,488,-3,-0.610998,39900,OK
2025-11-20,6336,石井表記,スタンダード（内国株式）,機械,654,660,650,650,-1,-0.15361,3700,OK
2025-11-20,6337,テセック,スタンダード（内国株式）,機械,1986,2024,1967,2010,64,3.288798,20500,OK
2025-11-20,6338,タカトリ,スタンダード（内国株式）,機械,1339,1343,1325,1325,23,1.766513,21400,OK
2025-11-20,6339,新東工業,プライム（内国株式）,機械,990,994,987,988,5,0.508647,90200,OK
2025-11-20,6340,澁谷工業,プライム（内国株式）,機械,3165,3245,3165,3220,65,2.060222,39900,OK
2025-11-20,6342,太平製作所,スタンダード（内国株式）,機械,2825,2825,2825,2825,-47,-1.63649,100,OK
2025-11-20,6343,フリージア・マクロス,スタンダード（内国株式）,機械,138,141,137,138,3,2.222222,362500,OK
2025-11-20,6345,アイチ　コーポレーション,プライム（内国株式）,機械,1297,1297,1276,1281,1,0.078125,106300,OK
2025-11-20,6346,キクカワエンタープライズ,スタンダード（内国株式）,機械,,,,,,,,NO_QUOTE
2025-11-20,6347,プラコー,スタンダード（内国株式）,機械,325,325,299,309,-18,-5.504587,70300,OK
2025-11-20,6349,小森コーポレーション,プライム（内国株式）,機械,1459,1475,1454,1467,25,1.733703,68300,OK
2025-11-20,6351,鶴見製作所,プライム（内国株式）,機械,2087,2123,2076,2113,61,2.97271,35900,OK
2025-11-20,6356,日本ギア工業,スタンダード（内国株式）,機械,823,833,809,827,34,4.287516,157800,OK
2025-11-20,6357,三精テクノロジーズ,スタンダード（内国株式）,機械,2420,2480,2414,2454,63,2.634881,31100,OK
2025-11-20,6358,酒井重工業,プライム（内国株式）,機械,2029,2041,2015,2033,31,1.548452,15100,OK
2025-11-20,6360,東京自働機械製作所,スタンダード（内国株式）,機械,,,,,,,,NO_QUOTE
2025-11-20,6361,荏原製作所,プライム（内国株式）,機械,4059,4066,3820,3862,68,1.792304,6466600,OK
2025-11-20,6363,酉島製作所,プライム（内国株式）,機械,1836,1856,1835,1842,24,1.320132,122500,OK
2025-11-20,6364,ＡＩＲＭＡＮ,プライム（内国株式）,機械,1711,1771,1711,1750,-1,-0.05711,119200,OK
2025-11-20,6365,電業社機械製作所,スタンダード（内国株式）,機械,5010,5050,5010,5010,0,0,800,OK
2025-11-20,6366,千代田化工建設,スタンダード（内国株式）,建設業,631,684,628,658,40,6.472492,8111100,OK
2025-11-20,6367,ダイキン工業,プライム（内国株式）,機械,19540,19760,19425,19610,465,2.428833,831600,OK
2025-11-20,6368,オルガノ,プライム（内国株式）,機械,13610,13610,13215,13215,505,3.973249,275600,OK
2025-11-20,6369,トーヨーカネツ,プライム（内国株式）,機械,4425,4470,4380,4425,55,1.258581,23400,OK
2025-11-20,6370,栗田工業,プライム（内国株式）,機械,6204,6226,6134,6134,37,0.606856,442900,OK
2025-11-20,6371,椿本チエイン,プライム（内国株式）,機械,2132,2132,2104,2104,15,0.718047,146100,OK
2025-11-20,6373,大同工業,スタンダード（内国株式）,機械,1324,1340,1321,1321,8,0.609292,17400,OK
2025-11-20,6376,日機装,プライム（内国株式）,精密機器,1503,1519,1491,1512,44,2.997275,349900,OK
2025-11-20,6378,木村化工機,スタンダード（内国株式）,機械,1148,1158,1116,1122,31,2.84143,235100,OK
2025-11-20,6379,レイズネクスト,プライム（内国株式）,建設業,2241,2250,2216,2220,-2,-0.090009,80100,OK
2025-11-20,6380,オリエンタルチエン工業,スタンダード（内国株式）,機械,2535,2597,2424,2530,-20,-0.784314,32700,OK
2025-11-20,6381,アネスト岩田,プライム（内国株式）,機械,1498,1517,1496,1508,20,1.344086,69400,OK
2025-11-20,6382,トリニティ工業,スタンダード（内国株式）,機械,1155,1159,1148,1158,4,0.34662,10100,OK
2025-11-20,6383,ダイフク,プライム（内国株式）,機械,4948,5027,4901,4946,138,2.870216,1870000,OK
2025-11-20,6384,昭和真空,スタンダード（内国株式）,機械,1421,1441,1420,1441,20,1.40746,4500,OK
2025-11-20,6387,サムコ,プライム（内国株式）,機械,3920,3985,3870,3920,180,4.812834,54800,OK
2025-11-20,6390,加藤製作所,プライム（内国株式）,機械,1228,1232,1213,1213,-1,-0.082372,127900,OK
2025-11-20,6391,加地テック,スタンダード（内国株式）,機械,3390,3390,3325,3330,-30,-0.892857,600,OK
2025-11-20,6392,ヤマダコーポレーション,スタンダード（内国株式）,機械,5500,5520,5400,5520,40,0.729927,1000,OK
2025-11-20,6393,油研工業,スタンダード（内国株式）,機械,2971,2984,2953,2962,-5,-0.16852,1400,OK
2025-11-20,6395,タダノ,プライム（内国株式）,機械,1024,1024,1006,1007,0,0,348600,OK
2025-11-20,6396,宇野澤組鐵工所,スタンダード（内国株式）,機械,,,,,,,,NO_QUOTE
2025-11-20,6400,不二精機,スタンダード（内国株式）,機械,293,299,288,292,5,1.74216,30900,OK
2025-11-20,6402,兼松エンジニアリング,スタンダード（内国株式）,機械,1490,1502,1490,1491,10,0.675219,6400,OK
2025-11-20,6403,水道機工,スタンダード（内国株式）,機械,3030,3030,2952,2963,-97,-3.169935,4600,OK
2025-11-20,6405,鈴茂器工,スタンダード（内国株式）,機械,1247,1253,1223,1230,-8,-0.646204,42100,OK
2025-11-20,6406,フジテック,プライム（内国株式）,機械,5697,5708,5692,5701,4,0.070212,567000,OK
2025-11-20,6407,ＣＫＤ,プライム（内国株式）,機械,2570,2609,2553,2578,58,2.301587,490800,OK
2025-11-20,6408,小倉クラッチ,スタンダード（内国株式）,機械,,,,,,,,NO_QUOTE
2025-11-20,6412,平和,プライム（内国株式）,機械,1970,1991,1969,1970,9,0.45895,362600,OK
2025-11-20,6413,理想科学工業,プライム（内国株式）,機械,1185,1198,1182,1190,15,1.276596,91200,OK
2025-11-20,6417,ＳＡＮＫＹＯ,プライム（内国株式）,機械,2578,2589.5,2563,2567,22,0.86444,640400,OK
2025-11-20,6418,日本金銭機械,プライム（内国株式）,機械,980,981,969,970,5,0.518135,77000,OK
2025-11-20,6419,マースグループホールディングス,プライム（内国株式）,機械,3015,3045,3005,3035,30,0.998336,41500,OK
2025-11-20,6420,ガリレイ,プライム（内国株式）,機械,3520,3620,3505,3590,115,3.309353,41200,OK
2025-11-20,6424,高見沢サイバネティックス,スタンダード（内国株式）,機械,937,945,937,945,8,0.853789,1500,OK
2025-11-20,6425,ユニバーサルエンターテインメント,スタンダード（内国株式）,機械,722,734,713,730,18,2.52809,439400,OK
2025-11-20,6428,オーイズミ,スタンダード（内国株式）,機械,337,337,331,334,-1,-0.298507,6500,OK
2025-11-20,6430,ダイコク電機,プライム（内国株式）,機械,2944,2955,2929,2943,9,0.306748,82400,OK
2025-11-20,6432,竹内製作所,プライム（内国株式）,機械,6390,6450,6340,6370,130,2.083333,198300,OK
2025-11-20,6433,ヒーハイスト,スタンダード（内国株式）,機械,349,350,337,340,-6,-1.734104,75300,OK
2025-11-20,6436,アマノ,プライム（内国株式）,機械,4026,4026,3965,3972,-29,-0.724819,164800,OK
2025-11-20,6440,ＪＵＫＩ,プライム（内国株式）,機械,451,456,446,448,5,1.128668,278100,OK
2025-11-20,6444,サンデン,スタンダード（内国株式）,機械,136,138,136,138,2,1.470588,33100,OK
2025-11-20,6445,ジャノメ,プライム（内国株式）,機械,1118,1123,1108,1112,10,0.907441,30500,OK
2025-11-20,6448,ブラザー工業,プライム（内国株式）,電気機器,2982.5,2982.5,2924.5,2948.5,38,1.305618,773800,OK
2025-11-20,6454,マックス,プライム（内国株式）,機械,6330,6330,6230,6260,10,0.16,64800,OK
2025-11-20,6455,モリタホールディングス,プライム（内国株式）,輸送用機器,2483,2483,2446,2473,40,1.644061,32300,OK
2025-11-20,6457,グローリー,プライム（内国株式）,機械,3824,3852,3784,3808,38,1.007958,173200,OK
2025-11-20,6458,新晃工業,プライム（内国株式）,機械,1269,1287,1265,1274,19,1.513944,110900,OK
2025-11-20,6459,大和冷機工業,プライム（内国株式）,機械,1519,1519,1495,1505,3,0.199734,54000,OK
2025-11-20,6460,セガサミーホールディングス,プライム（内国株式）,機械,2589,2633,2560.5,2602,58.5,2.29998,1331900,OK
2025-11-20,6463,ＴＰＲ,プライム（内国株式）,機械,1234,1234,1211,1217,10,0.8285,131000,OK
2025-11-20,6464,ツバキ・ナカシマ,プライム（内国株式）,機械,361,374,361,374,20,5.649718,258700,OK
2025-11-20,6465,ホシザキ,プライム（内国株式）,機械,5044,5067,4949,4961,-77,-1.528384,642300,OK
2025-11-20,6466,ＴＶＥ,スタンダード（内国株式）,機械,2764,2780,2764,2778,54,1.982379,4000,OK
2025-11-20,6467,ニチダイ,スタンダード（内国株式）,機械,344,344,340,340,-2,-0.584795,12800,OK
2025-11-20,6469,放電精密加工研究所,スタンダード（内国株式）,機械,1986,2099,1982,2069,112,5.723045,166700,OK
2025-11-20,6470,大豊工業,スタンダード（内国株式）,機械,666,668,661,666,10,1.52439,53500,OK
2025-11-20,6471,日本精工,プライム（内国株式）,機械,880,890.9,877,885,14,1.607348,1805800,OK
2025-11-20,6472,ＮＴＮ,プライム（内国株式）,機械,355,361.1,352.7,355,0.2,0.05637,3788500,OK
2025-11-20,6473,ジェイテクト,プライム（内国株式）,機械,1597.5,1606.5,1577,1579,16.5,1.056,1332000,OK
2025-11-20,6474,不二越,プライム（内国株式）,機械,3920,3935,3870,3900,45,1.167315,62500,OK
2025-11-20,6479,ミネベアミツミ,プライム（内国株式）,電気機器,2923,2954.5,2876.5,2876.5,36,1.267383,1386600,OK
2025-11-20,6480,日本トムソン,プライム（内国株式）,機械,700,706,694,706,24,3.519062,236600,OK
2025-11-20,6481,ＴＨＫ,プライム（内国株式）,機械,3838,3882,3829,3873,96,2.5417,1317700,OK
2025-11-20,6482,ＹＵＳＨＩＮ,スタンダード（内国株式）,機械,676,682,669,672,-2,-0.296736,77400,OK
2025-11-20,6484,ＫＶＫ,スタンダード（内国株式）,機械,2285,2285,2271,2271,-14,-0.612691,1400,OK
2025-11-20,6485,前澤給装工業,スタンダード（内国株式）,機械,1428,1455,1428,1451,23,1.610644,21500,OK
2025-11-20,6486,イーグル工業,プライム（内国株式）,機械,2608,2617,2583,2601,27,1.048951,69000,OK
2025-11-20,6488,ヨシタケ,スタンダード（内国株式）,機械,926,952,924,952,22,2.365591,3800,OK
2025-11-20,6489,前澤工業,スタンダード（内国株式）,機械,1913,1953,1906,1931,40,2.115283,97100,OK
2025-11-20,6490,ＰＩＬＬＡＲ,プライム（内国株式）,機械,4550,4595,4490,4505,90,2.038505,115000,OK
2025-11-20,6492,岡野バルブ製造,スタンダード（内国株式）,機械,8410,8830,8400,8430,470,5.904523,30500,OK
2025-11-20,6493,ＮＩＴＴＡＮ,スタンダード（内国株式）,輸送用機器,666,667,651,657,10,1.545595,124600,OK
2025-11-20,6494,ＮＦＫホールディングス,スタンダード（内国株式）,機械,113,123,113,121,9,8.035714,2558400,OK
2025-11-20,6495,宮入バルブ製作所,スタンダード（内国株式）,機械,114,115,113,115,1,0.877193,29200,OK
2025-11-20,6496,中北製作所,スタンダード（内国株式）,機械,5860,5930,5780,5780,-20,-0.344828,12300,OK
2025-11-20,6497,ハマイ,スタンダード（内国株式）,機械,1185,1198,1184,1185,1,0.084459,5300,OK
2025-11-20,6498,キッツ,プライム（内国株式）,機械,1650,1654,1613,1617,7,0.434783,361600,OK
2025-11-20,6501,日立製作所,プライム（内国株式）,電気機器,5050,5050,4835,4875,175,3.723404,17831400,OK
2025-11-20,6503,三菱電機,プライム（内国株式）,電気機器,4305,4306,4226,4256,232,5.765408,5947900,OK
2025-11-20,6504,富士電機,プライム（内国株式）,電気機器,11300,11300,10815,10870,260,2.450518,641800,OK
2025-11-20,6505,東洋電機製造,スタンダード（内国株式）,電気機器,1947,1957,1935,1939,23,1.200418,24200,OK
2025-11-20,6506,安川電機,プライム（内国株式）,電気機器,3939,3960,3833,3873,105,2.786624,2626100,OK
2025-11-20,6507,シンフォニアテクノロジー,プライム（内国株式）,電気機器,9140,9360,8850,9200,510,5.868815,279100,OK
2025-11-20,6508,明電舎,プライム（内国株式）,電気機器,5870,5890,5780,5820,180,3.191489,155000,OK
2025-11-20,6513,オリジン,スタンダード（内国株式）,電気機器,1067,1067,1042,1049,2,0.191022,3700,OK
2025-11-20,6516,山洋電気,プライム（内国株式）,電気機器,3780,3820,3760,3775,55,1.478495,64300,OK
2025-11-20,6517,デンヨー,プライム（内国株式）,電気機器,3100,3135,3060,3105,45,1.470588,15900,OK
2025-11-20,6518,三相電機,スタンダード（内国株式）,電気機器,1000,1020,994,999,5,0.503018,600,OK
2025-11-20,6521,オキサイド,グロース（内国株式）,電気機器,1697,1816,1683,1796,163,9.981629,222400,OK
2025-11-20,6522,アスタリスク,グロース（内国株式）,電気機器,359,359,348,348,-5,-1.416431,20900,OK
2025-11-20,6523,ＰＨＣホールディングス,プライム（内国株式）,電気機器,965,975,963,969,12,1.253918,375600,OK
2025-11-20,6524,湖北工業,スタンダード（内国株式）,電気機器,3400,3460,3355,3410,220,6.896552,324300,OK
2025-11-20,6525,ＫＯＫＵＳＡＩ　ＥＬＥＣＴＲＩＣ,プライム（内国株式）,電気機器,4367,4466,4200,4221,208,5.183155,6929300,OK
2025-11-20,6526,ソシオネクスト,プライム（内国株式）,電気機器,2200,2218,2152,2184.5,58,2.727486,8394100,OK
2025-11-20,6527,ワカ製作所,TOKYO PRO MARKET（内国株式）,電気機器,,,,,,,,NO_QUOTE
2025-11-20,6532,ベイカレント,プライム（内国株式）,サービス業,6575,6832,6575,6756,183,2.784117,993500,OK
2025-11-20,6533,Ｏｒｃｈｅｓｔｒａ　Ｈｏｌｄｉｎｇｓ,プライム（内国株式）,サービス業,1139,1180,1130,1175,55,4.910714,113800,OK
2025-11-20,6535,アイモバイル,プライム（内国株式）,サービス業,556,556,550,552,4,0.729927,82400,OK
2025-11-20,6537,ＷＡＳＨハウス,グロース（内国株式）,サービス業,347,350,343,345,6,1.769912,30100,OK
2025-11-20,6538,ディスラプターズ,スタンダード（内国株式）,サービス業,324,334,324,333,10,3.095975,90100,OK
2025-11-20,6539,ＭＳ−Ｊａｐａｎ,プライム（内国株式）,サービス業,993,996,990,994,2,0.201613,30700,OK
2025-11-20,6540,船場,スタンダード（内国株式）,サービス業,1698,1708,1684,1691,10,0.594884,17200,OK
2025-11-20,6542,ＦＣホールディングス,スタンダード（内国株式）,サービス業,1410,1410,1408,1408,-2,-0.141844,300,OK
2025-11-20,6543,日宣,スタンダード（内国株式）,サービス業,1177,1178,1171,1175,-2,-0.169924,1200,OK
2025-11-20,6544,ジャパンエレベーターサービスホールディングス,プライム（内国株式）,サービス業,1895,1952.5,1878,1922,24,1.264489,869600,OK
2025-11-20,6545,インターネットインフィニティー,グロース（内国株式）,サービス業,623,626,618,618,-5,-0.802568,15500,OK
2025-11-20,6546,フルテック,スタンダード（内国株式）,サービス業,1180,1184,1177,1177,-3,-0.254237,800,OK
2025-11-20,6547,グリーンズ,スタンダード（内国株式）,サービス業,2220,2248,2190,2235,33,1.498638,66800,OK
2025-11-20,6548,旅工房,グロース（内国株式）,サービス業,158,161,157,159,1,0.632911,57800,OK
2025-11-20,6549,ディーエムソリューションズ,スタンダード（内国株式）,サービス業,1577,1580,1577,1580,4,0.253807,900,OK
2025-11-20,6551,ツナググループ・ホールディングス,スタンダード（内国株式）,サービス業,765,792,765,785,22,2.883355,42200,OK
2025-11-20,6552,ＧａｍｅＷｉｔｈ,スタンダード（内国株式）,サービス業,182,183,181,181,-3,-1.630435,11700,OK
2025-11-20,6554,エスユーエス,グロース（内国株式）,サービス業,1157,1157,1119,1130,-3,-0.264784,24700,OK
2025-11-20,6555,ＭＳ＆Ｃｏｎｓｕｌｔｉｎｇ,スタンダード（内国株式）,サービス業,390,398,385,390,0,0,9200,OK
2025-11-20,6557,ＡＩＡＩグループ,グロース（内国株式）,サービス業,1433,1433,1420,1422,-3,-0.210526,4000,OK
2025-11-20,6558,クックビズ,グロース（内国株式）,サービス業,569,590,562,568,9,1.610018,9200,OK
2025-11-20,6560,エル・ティー・エス,プライム（内国株式）,サービス業,2310,2360,2286,2312,12,0.521739,9800,OK
2025-11-20,6561,ＨＡＮＡＴＯＵＲ　ＪＡＰＡＮ,グロース（内国株式）,サービス業,901,901,875,885,-16,-1.775805,46500,OK
2025-11-20,6562,ジーニー,グロース（内国株式）,サービス業,1026,1047,1026,1040,33,3.277061,76400,OK
2025-11-20,6563,みらいワークス,グロース（内国株式）,サービス業,605,607,597,607,7,1.166667,1300,OK
2025-11-20,6564,ミダックホールディングス,プライム（内国株式）,サービス業,1855,1884,1836,1859,26,1.41844,80700,OK
2025-11-20,6565,ＡＢホテル,スタンダード（内国株式）,サービス業,1611,1624,1593,1616,17,1.063164,10400,OK
2025-11-20,6566,要興業,スタンダード（内国株式）,サービス業,1471,1489,1469,1486,16,1.088435,8700,OK
2025-11-20,6568,神戸天然物化学,グロース（内国株式）,サービス業,1088,1096,1075,1083,-5,-0.459559,2800,OK
2025-11-20,6570,共和コーポレーション,スタンダード（内国株式）,サービス業,1091,1105,1073,1079,-3,-0.277264,8800,OK
2025-11-20,6571,キュービーネットホールディングス,プライム（内国株式）,サービス業,1350,1357,1340,1348,8,0.597015,43100,OK
2025-11-20,6572,オープングループ,プライム（内国株式）,サービス業,321,326,318,318,5,1.597444,125000,OK
2025-11-20,6573,アジャイルメディア・ネットワーク,グロース（内国株式）,サービス業,83,85,79,82,-1,-1.204819,865000,OK
2025-11-20,6574,コンヴァノ,グロース（内国株式）,サービス業,113,118,111,115,4,3.603604,1837100,OK
2025-11-20,6576,揚工舎,TOKYO PRO MARKET（内国株式）,サービス業,,,,,,,,NO_QUOTE
2025-11-20,6577,ベストワンドットコム,グロース（内国株式）,サービス業,1974,1976,1967,1967,-7,-0.35461,2400,OK
2025-11-20,6578,コレックホールディングス,スタンダード（内国株式）,サービス業,335,342,331,339,6,1.801802,39200,OK
2025-11-20,6579,ログリー,グロース（内国株式）,サービス業,334,346,333,337,5,1.506024,4300,OK
2025-11-20,6580,ライトアップ,グロース（内国株式）,サービス業,2871,2948,2845,2870,49,1.736973,13300,OK
2025-11-20,6584,三櫻工業,プライム（内国株式）,輸送用機器,804,811,794,796,7,0.887199,152600,OK
2025-11-20,6586,マキタ,プライム（内国株式）,機械,4320,4330,4265,4289,86,2.046158,1034500,OK
2025-11-20,6588,東芝テック,プライム（内国株式）,電気機器,2750,2750,2670,2670,-30,-1.111111,108800,OK
2025-11-20,6590,芝浦メカトロニクス,プライム（内国株式）,電気機器,16650,16650,15560,15900,810,5.367793,480000,OK
2025-11-20,6592,マブチモーター,プライム（内国株式）,電気機器,2706,2713,2676.5,2687,31,1.167169,338100,OK
2025-11-20,6594,ニデック,プライム（内国株式）,電気機器,2081,2082,1968,1975,-56,-2.757262,9584500,OK
2025-11-20,6596,筑波精工,TOKYO PRO MARKET（内国株式）,電気機器,,,,,,,,NO_QUOTE
2025-11-20,6597,ＨＰＣシステムズ,グロース（内国株式）,電気機器,1826,1830,1773,1774,24,1.371429,50900,OK
2025-11-20,6599,エブレン,スタンダード（内国株式）,電気機器,2682,2690,2670,2671,-28,-1.037421,3500,OK
2025-11-20,6612,バルミューダ,グロース（内国株式）,電気機器,740,741,739,739,-1,-0.135135,4200,OK
2025-11-20,6613,ＱＤレーザ,グロース（内国株式）,電気機器,351,365,349,365,19,5.491329,525700,OK
2025-11-20,6614,シキノハイテック,スタンダード（内国株式）,電気機器,680,693,680,687,9,1.327434,12900,OK
2025-11-20,6615,ユー・エム・シー・エレクトロニクス,プライム（内国株式）,電気機器,280,280,274,275,2,0.732601,48800,OK
2025-11-20,6616,トレックス・セミコンダクター,プライム（内国株式）,電気機器,1523,1576,1521,1565,70,4.682274,18800,OK
2025-11-20,6617,東光高岳,プライム（内国株式）,電気機器,3470,3580,3405,3565,200,5.943536,196800,OK
2025-11-20,6619,ダブル・スコープ,プライム（内国株式）,電気機器,218,222,217,219,5,2.336449,399000,OK
2025-11-20,6620,宮越ホールディングス,プライム（内国株式）,不動産業,923,934,912,920,-6,-0.647948,49200,OK
2025-11-20,6622,ダイヘン,プライム（内国株式）,電気機器,8820,8950,8670,8720,130,1.513388,219400,OK
2025-11-20,6625,ＪＡＬＣＯホールディングス,スタンダード（内国株式）,不動産業,393,408,389,407,18,4.627249,702600,OK
2025-11-20,6626,ＳＥＭＩＴＥＣ,スタンダード（内国株式）,電気機器,2163,2182,2151,2174,28,1.304753,11500,OK
2025-11-20,6627,テラプローブ,スタンダード（内国株式）,電気機器,5750,5970,5690,5970,590,10.966543,146100,OK
2025-11-20,6629,テクノホライゾン,スタンダード（内国株式）,電気機器,546,552,539,541,5,0.932836,183700,OK
2025-11-20,6630,ヤーマン,プライム（内国株式）,電気機器,803,803,785,787,-13,-1.625,67300,OK
2025-11-20,6632,ＪＶＣケンウッド,プライム（内国株式）,電気機器,1170.5,1170.5,1111,1129.5,-11,-0.964489,1596700,OK
2025-11-20,6633,ＣＧＳホールディングス,スタンダード（内国株式）,電気機器,366,367,360,360,-5,-1.369863,10300,OK
2025-11-20,6634,ネクスグループ,スタンダード（内国株式）,電気機器,116,118,110,115,2,1.769912,485900,OK
2025-11-20,6635,大日光・エンジニアリング,スタンダード（内国株式）,電気機器,499,499,489,491,5,1.028807,6200,OK
2025-11-20,6637,寺崎電気産業,スタンダード（内国株式）,電気機器,4630,4705,4565,4670,180,4.008909,82200,OK
2025-11-20,6638,ミマキエンジニアリング,プライム（内国株式）,電気機器,1519,1545,1513,1527,53,3.595658,102700,OK
2025-11-20,6643,戸上電機製作所,スタンダード（内国株式）,電気機器,3765,3800,3760,3780,60,1.612903,4200,OK
2025-11-20,6644,大崎電気工業,プライム（内国株式）,電気機器,1150,1150,1130,1135,4,0.353669,129000,OK
2025-11-20,6645,オムロン,プライム（内国株式）,電気機器,3773,3834,3739,3740,28,0.75431,1418000,OK
2025-11-20,6647,森尾電機,スタンダード（内国株式）,電気機器,2141,2141,2140,2140,0,0,600,OK
2025-11-20,6648,かわでん,スタンダード（内国株式）,電気機器,9370,9590,9280,9540,620,6.950673,26900,OK
2025-11-20,6651,日東工業,プライム（内国株式）,電気機器,3725,3780,3710,3755,95,2.595628,85000,OK
2025-11-20,6652,ＩＤＥＣ,プライム（内国株式）,電気機器,2551,2571,2532,2551,39,1.552548,175400,OK
2025-11-20,6653,正興電機製作所,プライム（内国株式）,電気機器,2266,2267,2224,2233,57,2.619485,113400,OK
2025-11-20,6654,不二電機工業,スタンダード（内国株式）,電気機器,1089,1089,1087,1088,-1,-0.091827,3000,OK
2025-11-20,6656,インスペック,スタンダード（内国株式）,電気機器,586,591,571,587,-9,-1.510067,22200,OK
2025-11-20,6658,シライ電子工業,スタンダード（内国株式）,電気機器,662,668,661,664,9,1.374046,22000,OK
2025-11-20,6659,メディアリンクス,スタンダード（内国株式）,電気機器,50,51,48,50,1,2.040816,1302400,OK
2025-11-20,6662,ユビテック,スタンダード（内国株式）,電気機器,261,263,261,263,4,1.544402,5600,OK
2025-11-20,6663,太洋テクノレックス,スタンダード（内国株式）,電気機器,251,260,248,250,0,0,155700,OK
2025-11-20,6664,オプトエレクトロニクス,スタンダード（内国株式）,電気機器,264,266,262,266,2,0.757576,15800,OK
2025-11-20,6666,リバーエレテック,スタンダード（内国株式）,電気機器,369,372,365,367,3,0.824176,16900,OK
2025-11-20,6668,アドテック　プラズマ　テクノロジー,スタンダード（内国株式）,電気機器,1235,1268,1229,1265,60,4.979253,80900,OK
2025-11-20,6670,ＭＣＪ,スタンダード（内国株式）,電気機器,1487,1487,1465,1479,18,1.232033,249400,OK
2025-11-20,6674,ジーエス・ユアサ　コーポレーション,プライム（内国株式）,電気機器,3961,3999,3900,3932,108,2.824268,496800,OK
2025-11-20,6675,サクサ,スタンダード（内国株式）,電気機器,4980,4995,4935,4935,-30,-0.60423,9300,OK
2025-11-20,6676,バッファロー,スタンダード（内国株式）,電気機器,4870,4985,4870,4955,110,2.270382,37600,OK
2025-11-20,6677,エスケーエレクトロニクス,スタンダード（内国株式）,電気機器,2982,3070,2982,3070,119,4.032531,49800,OK
2025-11-20,6678,テクノメディカ,スタンダード（内国株式）,電気機器,1942,1942,1917,1917,-11,-0.570539,2600,OK
2025-11-20,6694,ズーム,スタンダード（内国株式）,電気機器,626,626,601,617,-6,-0.963082,18300,OK
2025-11-20,6695,キャストリコ,TOKYO PRO MARKET（内国株式）,電気機器,,,,,,,,NO_QUOTE
2025-11-20,6696,トラース・オン・プロダクト,グロース（内国株式）,電気機器,361,361,354,355,2,0.566572,14600,OK
2025-11-20,6699,ダイヤモンドエレクトリックホールディングス,プライム（内国株式）,電気機器,620,628,609,619,3,0.487013,78800,OK
2025-11-20,6701,日本電気,プライム（内国株式）,電気機器,6000,6023,5892,5980,221,3.837472,4858300,OK
2025-11-20,6702,富士通,プライム（内国株式）,電気機器,4060,4088,4007,4057,67,1.679198,4506600,OK
2025-11-20,6703,沖電気工業,プライム（内国株式）,電気機器,1888,1897,1861,1893,54,2.936378,602600,OK
2025-11-20,6706,電気興業,プライム（内国株式）,電気機器,2500,2666,2500,2597,101,4.046474,84300,OK
2025-11-20,6707,サンケン電気,プライム（内国株式）,電気機器,5142,5159,4922,5020,48,0.965406,170800,OK
2025-11-20,6718,アイホン,プライム（内国株式）,電気機器,2758,2802,2758,2787,40,1.456134,20800,OK
2025-11-20,6721,ウインテスト,スタンダード（内国株式）,電気機器,103,106,100,101,-1,-0.980392,486400,OK
2025-11-20,6723,ルネサスエレクトロニクス,プライム（内国株式）,電気機器,1904.5,1918.5,1830,1847,31.5,1.735059,8827700,OK
2025-11-20,6724,セイコーエプソン,プライム（内国株式）,電気機器,1871,1886.5,1857.5,1871.5,27.5,1.491323,1231100,OK
2025-11-20,6727,ワコム,プライム（内国株式）,電気機器,800,802,786,794,18,2.319588,268400,OK
2025-11-20,6728,アルバック,プライム（内国株式）,電気機器,6742,6858,6624,6679,237,3.678982,307200,OK
2025-11-20,6730,アクセル,スタンダード（内国株式）,電気機器,1265,1267,1243,1248,13,1.052632,29500,OK
2025-11-20,6731,ピクセラ,スタンダード（内国株式）,電気機器,39,39,38,38,0,0,552800,OK
2025-11-20,6734,ニューテック,スタンダード（内国株式）,電気機器,1813,1813,1780,1780,0,0,1800,OK
2025-11-20,6736,サン電子,スタンダード（内国株式）,電気機器,9080,9250,9000,9240,240,2.666667,41500,OK
2025-11-20,6737,ＥＩＺＯ,プライム（内国株式）,電気機器,2162,2169,2150,2158,20,0.935454,132100,OK
2025-11-20,6740,ジャパンディスプレイ,プライム（内国株式）,電気機器,20,22,20,20,-1,-4.761905,301429300,OK
2025-11-20,6741,日本信号,プライム（内国株式）,電気機器,1215,1224,1204,1220,18,1.497504,104300,OK
2025-11-20,6742,京三製作所,プライム（内国株式）,電気機器,540,541,528,537,9,1.704545,281500,OK
2025-11-20,6743,大同信号,スタンダード（内国株式）,電気機器,724,724,709,721,12,1.692525,11100,OK
2025-11-20,6744,能美防災,プライム（内国株式）,電気機器,3450,3485,3425,3460,40,1.169591,53300,OK
2025-11-20,6745,ホーチキ,プライム（内国株式）,電気機器,3975,4020,3945,3985,75,1.918159,52500,OK
2025-11-20,6748,星和電機,スタンダード（内国株式）,電気機器,780,783,771,771,0,0,12600,OK
2025-11-20,6750,エレコム,プライム（内国株式）,電気機器,1795,1795,1774,1780,2,0.112486,120600,OK
2025-11-20,6752,パナソニック　ホールディングス,プライム（内国株式）,電気機器,1753.5,1777.5,1741,1755,55,3.235294,7573100,OK
2025-11-20,6753,シャープ,プライム（内国株式）,電気機器,780.6,795.6,779.9,785.2,12.2,1.578266,2906800,OK
2025-11-20,6754,アンリツ,プライム（内国株式）,電気機器,2297.5,2302,2248.5,2264.5,53.5,2.41972,780900,OK
2025-11-20,6757,ＯＳＧコーポレーション,スタンダード（内国株式）,電気機器,950,956,950,950,1,0.105374,1400,OK
2025-11-20,6758,ソニーグループ,プライム（内国株式）,電気機器,4572,4583,4443,4461,129,2.977839,13478300,OK
2025-11-20,6762,ＴＤＫ,プライム（内国株式）,電気機器,2523.5,2570,2490.5,2490.5,97.5,4.074384,8503800,OK
2025-11-20,6763,帝国通信工業,プライム（内国株式）,電気機器,2486,2530,2471,2515,62,2.527517,13000,OK
2025-11-20,6768,タムラ製作所,プライム（内国株式）,電気機器,639,639,618,630,27,4.477612,486200,OK
2025-11-20,6769,ザインエレクトロニクス,スタンダード（内国株式）,電気機器,809,823,806,818,14,1.741294,25200,OK
2025-11-20,6770,アルプスアルパイン,プライム（内国株式）,電気機器,1968,1993.5,1950.5,1984.5,62.5,3.251821,1101400,OK
2025-11-20,6771,池上通信機,スタンダード（内国株式）,電気機器,594,596,586,588,-3,-0.507614,8400,OK
2025-11-20,6772,東京コスモス電機,スタンダード（内国株式）,電気機器,8790,8790,8790,8790,60,0.687285,200,OK
2025-11-20,6775,ＴＢグループ,スタンダード（内国株式）,電気機器,116,118,115,117,1,0.862069,41500,OK
2025-11-20,6776,天昇電気工業,スタンダード（内国株式）,化学,260,260,257,260,1,0.3861,34800,OK
2025-11-20,6777,ｓａｎｔｅｃ　Ｈｏｌｄｉｎｇｓ,スタンダード（内国株式）,電気機器,8290,8300,8040,8170,410,5.283505,79800,OK
2025-11-20,6778,アルチザネットワークス,スタンダード（内国株式）,電気機器,595,600,595,595,5,0.847458,8100,OK
2025-11-20,6779,日本電波工業,プライム（内国株式）,電気機器,948,953,940,942,17,1.837838,157000,OK
2025-11-20,6785,鈴木,プライム（内国株式）,電気機器,2237,2277,2228,2255,42,1.897876,67500,OK
2025-11-20,6786,ＲＶＨ,スタンダード（内国株式）,サービス業,56,57,55,56,0,0,201200,OK
2025-11-20,6787,メイコー,プライム（内国株式）,電気機器,10200,10470,10070,10120,330,3.370787,160000,OK
2025-11-20,6788,日本トリム,プライム（内国株式）,電気機器,4900,4930,4840,4875,20,0.411946,18400,OK
2025-11-20,6794,フォスター電機,プライム（内国株式）,電気機器,2560,2565,2515,2525,51,2.061439,144800,OK
2025-11-20,6797,名古屋電機工業,スタンダード（内国株式）,電気機器,1204,1204,1187,1200,9,0.755668,5700,OK
2025-11-20,6798,ＳＭＫ,プライム（内国株式）,電気機器,2478,2572,2471,2539,90,3.674969,37900,OK
2025-11-20,6800,ヨコオ,プライム（内国株式）,電気機器,2050,2068,2013,2021,21,1.05,110200,OK
2025-11-20,6803,ティアック,スタンダード（内国株式）,電気機器,99,99,96,97,-2,-2.020202,581000,OK
2025-11-20,6804,ホシデン,プライム（内国株式）,電気機器,2490,2535,2483,2518,51,2.067288,219900,OK
2025-11-20,6806,ヒロセ電機,プライム（内国株式）,電気機器,17820,17825,17545,17675,230,1.318429,121200,OK
2025-11-20,6807,日本航空電子工業,プライム（内国株式）,電気機器,2390,2424,2369,2405,59,2.514919,344900,OK
2025-11-20,6809,ＴＯＡ,プライム（内国株式）,電気機器,1677,1683,1660,1669,4,0.24024,74000,OK
2025-11-20,6810,マクセル,プライム（内国株式）,電気機器,2119,2154,2109,2132,43,2.058401,160600,OK
2025-11-20,6814,古野電気,プライム（内国株式）,電気機器,8100,8190,7990,8150,290,3.689567,485400,OK
2025-11-20,6817,スミダコーポレーション,プライム（内国株式）,電気機器,1158,1196,1156,1182,55,4.880213,399100,OK
2025-11-20,6819,伊豆シャボテンリゾート,スタンダード（内国株式）,サービス業,460,463,451,454,-4,-0.873362,44000,OK
2025-11-20,6820,アイコム,プライム（内国株式）,電気機器,2704,2720,2681,2692,4,0.14881,27500,OK
2025-11-20,6822,大井電気,スタンダード（内国株式）,電気機器,3550,3550,3490,3500,20,0.574713,4300,OK
2025-11-20,6823,リオン,プライム（内国株式）,電気機器,2513,2527,2505,2519,29,1.164659,23700,OK
2025-11-20,6824,新コスモス電機,スタンダード（内国株式）,電気機器,4510,4665,4490,4555,70,1.560758,18400,OK
2025-11-20,6832,アオイ電子,スタンダード（内国株式）,電気機器,2115,2178,2111,2177,98,4.713805,29800,OK
2025-11-20,6834,精工技研,スタンダード（内国株式）,電気機器,13100,13410,12810,13050,940,7.76218,201600,OK
2025-11-20,6835,アライドテレシスホールディングス,スタンダード（内国株式）,電気機器,225,229,224,227,5,2.252252,354100,OK
2025-11-20,6836,ぷらっとホーム,スタンダード（内国株式）,電気機器,1079,1112,1057,1069,-10,-0.926784,34900,OK
2025-11-20,6837,京写,スタンダード（内国株式）,電気機器,300,303,299,302,4,1.342282,17200,OK
2025-11-20,6838,多摩川ホールディングス,スタンダード（内国株式）,電気機器,810,825,802,808,2,0.248139,41000,OK
2025-11-20,6840,ＡＫＩＢＡホールディングス,スタンダード（内国株式）,電気機器,324,325,307,315,7,2.272727,225100,OK
2025-11-20,6841,横河電機,プライム（内国株式）,電気機器,4754,4819,4711,4735,76,1.631251,900400,OK
2025-11-20,6844,新電元工業,プライム（内国株式）,電気機器,3045,3045,3005,3015,39,1.310484,56700,OK
2025-11-20,6845,アズビル,プライム（内国株式）,電気機器,1452,1457.5,1435.5,1444,22,1.547117,751600,OK
2025-11-20,6848,東亜ディーケーケー,スタンダード（内国株式）,電気機器,827,827,821,825,4,0.487211,1900,OK
2025-11-20,6849,日本光電工業,プライム（内国株式）,電気機器,1535.5,1549.5,1494,1511.5,-50,-3.202049,1247000,OK
2025-11-20,6850,チノー,プライム（内国株式）,電気機器,1353,1392,1349,1375,47,3.539157,56100,OK
2025-11-20,6853,共和電業,スタンダード（内国株式）,電気機器,661,661,654,658,1,0.152207,39600,OK
2025-11-20,6855,日本電子材料,スタンダード（内国株式）,電気機器,3600,3745,3590,3710,265,7.692308,426900,OK
2025-11-20,6856,堀場製作所,プライム（内国株式）,電気機器,14300,14375,14065,14130,355,2.577132,148100,OK
2025-11-20,6857,アドバンテスト,プライム（内国株式）,電気機器,21350,21450,20435,20835,1685,8.798956,15175700,OK
2025-11-20,6858,小野測器,スタンダード（内国株式）,電気機器,601,607,597,603,4,0.66778,17400,OK
2025-11-20,6859,エスペック,プライム（内国株式）,電気機器,3290,3330,3250,3305,85,2.639752,99900,OK
2025-11-20,6861,キーエンス,プライム（内国株式）,電気機器,54280,54660,53610,53780,430,0.805998,602700,OK
2025-11-20,6862,ミナトホールディングス,スタンダード（内国株式）,電気機器,1050,1094,1040,1069,49,4.803922,124900,OK
2025-11-20,6863,ニレコ,スタンダード（内国株式）,電気機器,1857,1870,1855,1864,24,1.304348,11400,OK
2025-11-20,6864,エヌエフホールディングス,スタンダード（内国株式）,電気機器,1157,1162,1142,1149,16,1.41218,24100,OK
2025-11-20,6866,日置電機,プライム（内国株式）,電気機器,5720,5740,5680,5710,90,1.601423,21600,OK
2025-11-20,6867,リーダー電子,スタンダード（内国株式）,電気機器,493,500,493,494,3,0.610998,9700,OK
2025-11-20,6869,シスメックス,プライム（内国株式）,電気機器,1502,1530,1497,1497,-5,-0.332889,2872500,OK
2025-11-20,6870,日本フェンオール,スタンダード（内国株式）,電気機器,1773,1779,1753,1778,12,0.679502,800,OK
2025-11-20,6871,日本マイクロニクス,プライム（内国株式）,電気機器,6600,6730,6250,6410,310,5.081967,1304900,OK
2025-11-20,6874,協立電機,スタンダード（内国株式）,電気機器,2471,2518,2421,2438,17,0.702189,3400,OK
2025-11-20,6875,メガチップス,プライム（内国株式）,電気機器,7600,7680,7380,7620,130,1.735648,210600,OK
2025-11-20,6877,ＯＢＡＲＡ　ＧＲＯＵＰ,スタンダード（内国株式）,電気機器,3870,3890,3830,3865,55,1.44357,24900,OK
2025-11-20,6882,三社電機製作所,スタンダード（内国株式）,電気機器,866,876,865,869,14,1.637427,34500,OK
2025-11-20,6888,アクモス,スタンダード（内国株式）,情報･通信業,518,522,518,520,2,0.3861,12900,OK
2025-11-20,6890,フェローテック,スタンダード（内国株式）,電気機器,5000,5000,4795,4890,225,4.823151,1272800,OK
2025-11-20,6894,パルステック工業,スタンダード（内国株式）,電気機器,2020,2078,2020,2077,57,2.821782,1200,OK
2025-11-20,6897,ツインバード,スタンダード（内国株式）,電気機器,410,410,407,409,0,0,6500,OK
2025-11-20,6898,トミタ電機,スタンダード（内国株式）,電気機器,3435,3435,3435,3435,0,0,100,OK
2025-11-20,6899,ＡＳＴＩ,スタンダード（内国株式）,電気機器,2210,2263,2210,2228,32,1.457195,13400,OK
2025-11-20,6901,澤藤電機,スタンダード（内国株式）,電気機器,1006,1011,1000,1005,-1,-0.099404,2800,OK
2025-11-20,6902,デンソー,プライム（内国株式）,輸送用機器,2037,2044,2016.5,2019,15,0.748503,4310800,OK
2025-11-20,6904,原田工業,スタンダード（内国株式）,電気機器,464,467,464,467,0,0,7300,OK
2025-11-20,6905,コーセル,プライム（内国株式）,電気機器,1165,1172,1150,1169,33,2.90493,130700,OK
2025-11-20,6907,ジオマテック,スタンダード（内国株式）,電気機器,1191,1227,1153,1186,30,2.595156,56000,OK
2025-11-20,6908,イリソ電子工業,プライム（内国株式）,電気機器,3170,3215,3170,3205,90,2.889246,97400,OK
2025-11-20,6912,菊水ホールディングス,スタンダード（内国株式）,電気機器,1753,1783,1742,1762,27,1.556196,6600,OK
2025-11-20,6914,オプテックスグループ,プライム（内国株式）,電気機器,2470,2476,2419,2440,20,0.826446,152100,OK
2025-11-20,6915,千代田インテグレ,スタンダード（内国株式）,電気機器,3100,3100,3065,3070,20,0.655738,9800,OK
2025-11-20,6918,アバールデータ,スタンダード（内国株式）,電気機器,2718,2740,2685,2718,31,1.153703,36200,OK
2025-11-20,6919,ケル,スタンダード（内国株式）,電気機器,1356,1360,1353,1355,-1,-0.073746,4800,OK
2025-11-20,6920,レーザーテック,プライム（内国株式）,電気機器,28330,28340,27520,27955,1625,6.171667,4841500,OK
2025-11-20,6923,スタンレー電気,プライム（内国株式）,電気機器,2970.5,2982.5,2917,2935,-30,-1.011804,965600,OK
2025-11-20,6925,ウシオ電機,プライム（内国株式）,電気機器,2342.5,2362,2317,2323.5,31,1.352236,218800,OK
2025-11-20,6926,岡谷電機産業,スタンダード（内国株式）,電気機器,200,200,199,199,0,0,21000,OK
2025-11-20,6927,ヘリオス　テクノ　ホールディング,スタンダード（内国株式）,電気機器,1049,1060,1043,1057,20,1.92864,79500,OK
2025-11-20,6928,エノモト,スタンダード（内国株式）,電気機器,2043,2089,2038,2086,62,3.063241,35500,OK
2025-11-20,6929,日本セラミック,プライム（内国株式）,電気機器,3710,3715,3675,3695,85,2.354571,112700,OK
2025-11-20,6932,遠藤照明,スタンダード（内国株式）,電気機器,2163,2180,2142,2149,6,0.279981,31300,OK
2025-11-20,6937,古河電池,プライム（内国株式）,電気機器,1394,1397,1393,1393,0,0,35600,OK
2025-11-20,6941,山一電機,プライム（内国株式）,電気機器,6120,6310,6030,6100,450,7.964602,386700,OK
2025-11-20,6942,ソフィアホールディングス,スタンダード（内国株式）,情報･通信業,1200,1203,1197,1202,5,0.417711,1400,OK
2025-11-20,6943,ＮＫＫスイッチズ,スタンダード（内国株式）,電気機器,,,,,,,,NO_QUOTE
2025-11-20,6946,日本アビオニクス,スタンダード（内国株式）,電気機器,4700,4870,4620,4835,275,6.030702,257500,OK
2025-11-20,6947,図研,プライム（内国株式）,電気機器,4575,4580,4545,4555,10,0.220022,41300,OK
2025-11-20,6951,日本電子,プライム（内国株式）,電気機器,4647,4679,4615,4643,147,3.269573,188100,OK
2025-11-20,6952,カシオ計算機,プライム（内国株式）,電気機器,1209,1224.5,1205,1212,8.5,0.706273,616600,OK
2025-11-20,6954,ファナック,プライム（内国株式）,電気機器,4867,4954,4839,4894,97,2.022097,3350900,OK
2025-11-20,6955,ＦＤＫ,スタンダード（内国株式）,電気機器,348,349,345,345,-3,-0.862069,26800,OK
2025-11-20,6957,芝浦電子,スタンダード（内国株式）,電気機器,7090,7100,7090,7090,-10,-0.140845,3900,OK
2025-11-20,6958,日本シイエムケイ,プライム（内国株式）,電気機器,476,499,473,490,30,6.521739,1818500,OK
2025-11-20,6960,フクダ電子,スタンダード（内国株式）,電気機器,6940,6960,6850,6900,30,0.436681,9300,OK
2025-11-20,6961,エンプラス,プライム（内国株式）,電気機器,8920,9220,8670,8880,670,8.16078,215400,OK
2025-11-20,6962,大真空,プライム（内国株式）,電気機器,542,547,540,542,10,1.879699,149500,OK
2025-11-20,6963,ローム,プライム（内国株式）,電気機器,2090.5,2102.5,2036,2068.5,61,3.038605,3927900,OK
2025-11-20,6964,サンコー,スタンダード（内国株式）,電気機器,577,577,571,573,-2,-0.347826,5600,OK
2025-11-20,6965,浜松ホトニクス,プライム（内国株式）,電気機器,1541,1542,1506.5,1524,14,0.927152,3361300,OK
2025-11-20,6966,三井ハイテック,プライム（内国株式）,電気機器,765,769,753,759,14,1.879195,992300,OK
2025-11-20,6969,松尾電機,スタンダード（内国株式）,電気機器,730,784,730,771,49,6.786704,55500,OK
2025-11-20,6971,京セラ,プライム（内国株式）,電気機器,2049,2052.5,2028.5,2037,11.5,0.567761,4012400,OK
2025-11-20,6976,太陽誘電,プライム（内国株式）,電気機器,3329,3430,3264,3264,118,3.750795,2711200,OK
2025-11-20,6977,日本抵抗器製作所,スタンダード（内国株式）,電気機器,933,933,928,928,-18,-1.902748,1000,OK
2025-11-20,6981,村田製作所,プライム（内国株式）,電気機器,3138,3165,3074,3078,54,1.785714,5536800,OK
2025-11-20,6982,リード,スタンダード（内国株式）,輸送用機器,544,571,542,571,7,1.241135,5600,OK
2025-11-20,6986,双葉電子工業,プライム（内国株式）,電気機器,603,609,597,597,4,0.674536,118500,OK
2025-11-20,6988,日東電工,プライム（内国株式）,化学,3761,3829,3732,3732,87,2.386831,2481400,OK
2025-11-20,6989,北陸電気工業,スタンダード（内国株式）,電気機器,2537,2561,2496,2522,26,1.041667,34300,OK
2025-11-20,6993,大黒屋ホールディングス,スタンダード（内国株式）,小売業,58,62,54,62,4,6.896552,29179600,OK
2025-11-20,6994,指月電機製作所,スタンダード（内国株式）,電気機器,776,796,770,793,43,5.733333,143500,OK
2025-11-20,6995,東海理化電機製作所,プライム（内国株式）,輸送用機器,2882,2887,2847,2859,10,0.351,113600,OK
2025-11-20,6996,ニチコン,プライム（内国株式）,電気機器,1516,1546,1502,1539,79,5.410959,1199800,OK
2025-11-20,6997,日本ケミコン,プライム（内国株式）,電気機器,1343,1388,1340,1357,44,3.351104,375800,OK
2025-11-20,6998,日本タングステン,スタンダード（内国株式）,電気機器,1346,1360,1342,1350,20,1.503759,7900,OK
2025-11-20,6999,ＫＯＡ,プライム（内国株式）,電気機器,1300,1315,1293,1305,43,3.40729,227100,OK
2025-11-20,7003,三井Ｅ＆Ｓ,プライム（内国株式）,機械,6473,6720,6314,6562,389,6.301636,11544400,OK
2025-11-20,7004,カナデビア,プライム（内国株式）,機械,941,945,933,939,10,1.076426,582700,OK
2025-11-20,7011,三菱重工業,プライム（内国株式）,機械,4050,4140,3986,4120,190,4.834606,26811400,OK
2025-11-20,7012,川崎重工業,プライム（内国株式）,輸送用機器,10465,10465,10100,10235,40,0.392349,4234700,OK
2025-11-20,7013,ＩＨＩ,プライム（内国株式）,機械,2757,2863.5,2733.5,2811,104,3.841891,21139400,OK
2025-11-20,7014,名村造船所,スタンダード（内国株式）,輸送用機器,4555,4765,4525,4715,370,8.515535,2808600,OK
2025-11-20,7018,内海造船,スタンダード（内国株式）,輸送用機器,15690,16550,15240,16310,1300,8.660893,143700,OK
2025-11-20,7021,ニッチツ,スタンダード（内国株式）,機械,2200,2200,2122,2136,-14,-0.651163,6900,OK
2025-11-20,7022,サノヤスホールディングス,スタンダード（内国株式）,機械,273,276,272,276,4,1.470588,32200,OK
2025-11-20,7030,スプリックス,スタンダード（内国株式）,サービス業,1412,1417,1404,1416,21,1.505376,6500,OK
2025-11-20,7031,インバウンドテック,グロース（内国株式）,サービス業,708,753,692,753,45,6.355932,4300,OK
2025-11-20,7033,マネジメントソリューションズ,プライム（内国株式）,サービス業,1370,1387,1351,1360,3,0.221076,71600,OK
2025-11-20,7034,プロレド・パートナーズ,プライム（内国株式）,サービス業,538,546,535,540,2,0.371747,23600,OK
2025-11-20,7035,ａｎｄ　ｆａｃｔｏｒｙ,スタンダード（内国株式）,サービス業,206,206,203,205,-1,-0.485437,38500,OK
2025-11-20,7036,イーエムネットジャパン,グロース（内国株式）,サービス業,925,925,903,903,-7,-0.769231,300,OK
2025-11-20,7037,テノ．ホールディングス,スタンダード（内国株式）,サービス業,909,909,899,908,8,0.888889,8500,OK
2025-11-20,7038,フロンティア・マネジメント,プライム（内国株式）,サービス業,643,655,643,653,15,2.351097,26100,OK
2025-11-20,7039,ブリッジインターナショナルグループ,グロース（内国株式）,サービス業,1967,1970,1960,1968,1,0.050839,1500,OK
2025-11-20,7040,サン・ライフホールディング,スタンダード（内国株式）,サービス業,958,958,940,950,-1,-0.105152,2300,OK
2025-11-20,7041,ＣＲＧホールディングス,グロース（内国株式）,サービス業,326,327,317,320,-3,-0.928793,4300,OK
2025-11-20,7042,アクセスグループ・ホールディングス,スタンダード（内国株式）,サービス業,568,569,563,566,-4,-0.701754,5200,OK
2025-11-20,7043,アルー,グロース（内国株式）,サービス業,987,1018,987,1007,19,1.923077,10500,OK
2025-11-20,7044,ピアラ,スタンダード（内国株式）,サービス業,610,612,608,610,-4,-0.651466,33100,OK
2025-11-20,7046,ＴＤＳＥ,グロース（内国株式）,サービス業,1615,1645,1615,1621,7,0.433705,1000,OK
2025-11-20,7047,ポート,グロース（内国株式）,サービス業,2048,2093,2029,2043,12,0.590842,122300,OK
2025-11-20,7048,ベルトラ,グロース（内国株式）,サービス業,181,185,176,181,0,0,314600,OK
2025-11-20,7049,識学,グロース（内国株式）,サービス業,840,849,838,849,13,1.555024,11800,OK
2025-11-20,7050,フロンティアインターナショナル,グロース（内国株式）,サービス業,2389,2389,2332,2352,-16,-0.675676,3100,OK
2025-11-20,7056,マルク,TOKYO PRO MARKET（内国株式）,サービス業,,,,,,,,NO_QUOTE
2025-11-20,7057,エヌ・シー・エヌ,スタンダード（内国株式）,サービス業,928,945,928,934,2,0.214592,4500,OK
2025-11-20,7058,共栄セキュリティーサービス,スタンダード（内国株式）,サービス業,3010,3065,2992,3045,35,1.162791,2800,OK
2025-11-20,7059,コプロ・ホールディングス,プライム（内国株式）,サービス業,929,929,905,908,-9,-0.981461,99200,OK
2025-11-20,7060,ギークス,スタンダード（内国株式）,サービス業,582,582,568,569,-10,-1.727116,13100,OK
2025-11-20,7061,日本ホスピスホールディングス,グロース（内国株式）,サービス業,1330,1330,1300,1303,0,0,20400,OK
2025-11-20,7062,フレアス,グロース（内国株式）,サービス業,785,786,784,785,-1,-0.127226,1100,OK
2025-11-20,7063,Ｂｉｒｄｍａｎ,グロース（内国株式）,サービス業,139,153,137,151,13,9.42029,508700,OK
2025-11-20,7064,ハウテレビジョン,グロース（内国株式）,サービス業,1136,1136,1136,1136,0,0,400,OK
2025-11-20,7065,ユーピーアール,スタンダード（内国株式）,サービス業,707,712,705,707,2,0.283688,5200,OK
2025-11-20,7066,ピアズ,グロース（内国株式）,サービス業,482,482,470,470,-11,-2.286902,25800,OK
2025-11-20,7067,ブランディングテクノロジー,グロース（内国株式）,サービス業,970,986,970,983,6,0.614125,1300,OK
2025-11-20,7068,フィードフォースグループ,グロース（内国株式）,サービス業,673,692,664,667,-6,-0.89153,65100,OK
2025-11-20,7069,サイバー・バズ,グロース（内国株式）,サービス業,726,800,726,770,50,6.944444,30800,OK
2025-11-20,7071,アンビスホールディングス,プライム（内国株式）,サービス業,442,449,436,436,-7,-1.580135,697400,OK
2025-11-20,7072,インティメート・マージャー,グロース（内国株式）,サービス業,1285,1320,1285,1308,30,2.347418,7000,OK
2025-11-20,7073,ジェイック,グロース（内国株式）,サービス業,2390,2390,2370,2370,1,0.042212,700,OK
2025-11-20,7074,トゥエンティーフォーセブンホールディングス,グロース（内国株式）,サービス業,250,253,241,247,3,1.229508,15600,OK
2025-11-20,7075,ＱＬＳホールディングス,グロース（内国株式）,サービス業,746,747,727,728,-15,-2.018843,14100,OK
2025-11-20,7077,ＡＬｉＮＫインターネット,グロース（内国株式）,サービス業,1051,1064,1050,1064,13,1.236917,1000,OK
2025-11-20,7078,ＩＮＣＬＵＳＩＶＥ　Ｈｏｌｄｉｎｇｓ,グロース（内国株式）,サービス業,374,393,374,385,3,0.78534,25500,OK
2025-11-20,7079,ＷＤＢココ,グロース（内国株式）,サービス業,2595,2595,2579,2582,-13,-0.500963,2100,OK
2025-11-20,7080,スポーツフィールド,グロース（内国株式）,サービス業,796,807,796,798,10,1.269036,13500,OK
2025-11-20,7081,コーユーレンティア,スタンダード（内国株式）,サービス業,1224,1240,1220,1229,11,0.90312,6300,OK
2025-11-20,7082,ジモティー,グロース（内国株式）,サービス業,1031,1037,991,1005,4,0.3996,126900,OK
2025-11-20,7083,ＡＨＣグループ,グロース（内国株式）,サービス業,851,863,839,853,2,0.235018,5200,OK
2025-11-20,7084,Ｓｍｉｌｅ　Ｈｏｌｄｉｎｇｓ,グロース（内国株式）,サービス業,2921,3020,2828,2948,51,1.760442,20100,OK
2025-11-20,7085,カーブスホールディングス,プライム（内国株式）,サービス業,747,750,743,744,3,0.404858,140300,OK
2025-11-20,7087,ウイルテック,スタンダード（内国株式）,サービス業,1268,1268,1253,1253,-4,-0.318218,3600,OK
2025-11-20,7088,フォーラムエンジニアリング,プライム（内国株式）,サービス業,1706,1709,1705,1708,1,0.058582,432300,OK
2025-11-20,7089,フォースタートアップス,グロース（内国株式）,サービス業,1764,1784,1714,1735,-32,-1.810979,49500,OK
2025-11-20,7090,リグア,グロース（内国株式）,サービス業,990,990,917,951,-43,-4.325956,15700,OK
2025-11-20,7091,リビングプラットフォーム,グロース（内国株式）,サービス業,1018,1018,1007,1010,-7,-0.688299,2800,OK
2025-11-20,7092,Ｆａｓｔ　Ｆｉｔｎｅｓｓ　Ｊａｐａｎ,プライム（内国株式）,サービス業,2040,2108,2040,2061,22,1.07896,38000,OK
2025-11-20,7093,アディッシュ,グロース（内国株式）,サービス業,578,582,567,567,-11,-1.903114,10200,OK
2025-11-20,7094,ＮｅｘＴｏｎｅ,グロース（内国株式）,サービス業,1700,1720,1634,1652,-58,-3.391813,235700,OK
2025-11-20,7095,Ｍａｃｂｅｅ　Ｐｌａｎｅｔ,プライム（内国株式）,サービス業,1780,1805,1752,1758,-8,-0.453001,93900,OK
2025-11-20,7096,ステムセル研究所,グロース（内国株式）,サービス業,757,772,754,756,-5,-0.65703,45100,OK
2025-11-20,7097,さくらさくプラス,グロース（内国株式）,サービス業,2600,2608,2580,2604,8,0.308166,4200,OK
2025-11-20,7098,エージェント,TOKYO PRO MARKET（内国株式）,サービス業,,,,,,,,NO_QUOTE
2025-11-20,7102,日本車輌製造,プライム（内国株式）,輸送用機器,3375,3460,3345,3450,135,4.072398,42200,OK
2025-11-20,7105,三菱ロジスネクスト,スタンダード（内国株式）,輸送用機器,1530,1531,1526,1529,-1,-0.065359,313800,OK
2025-11-20,7110,クラシコム,グロース（内国株式）,小売業,2046,2057,2036,2045,1,0.048924,3800,OK
2025-11-20,7111,ＩＮＥＳＴ,スタンダード（内国株式）,卸売業,614,622,612,619,6,0.978793,10400,OK
2025-11-20,7112,キューブ,グロース（内国株式）,小売業,602,612,590,595,-6,-0.998336,6500,OK
2025-11-20,7114,フーディソン,グロース（内国株式）,卸売業,882,891,882,891,15,1.712329,1200,OK
2025-11-20,7115,アルファパーチェス,スタンダード（内国株式）,卸売業,2350,2380,2218,2232,-82,-3.543647,37100,OK
2025-11-20,7116,ダイワ通信,スタンダード（内国株式）,卸売業,816,816,787,791,-24,-2.944785,17900,OK
2025-11-20,7119,ハルメクホールディングス,グロース（内国株式）,小売業,1297,1298,1253,1253,-37,-2.868217,14400,OK
2025-11-20,7120,ＳＨＩＮＫＯ,スタンダード（内国株式）,卸売業,891,891,846,867,6,0.696864,20100,OK
2025-11-20,7122,近畿車輛,スタンダード（内国株式）,輸送用機器,2412,2453,2412,2443,39,1.622296,5400,OK
2025-11-20,7126,グローバルスタイル,スタンダード（内国株式）,小売業,1335,1337,1333,1337,4,0.300075,4800,OK
2025-11-20,7127,一家ホールディングス,スタンダード（内国株式）,小売業,685,690,685,686,-3,-0.435414,3500,OK
2025-11-20,7128,フルサト・マルカホールディングス,プライム（内国株式）,卸売業,2169,2186,2164,2180,34,1.584343,96300,OK
2025-11-20,7129,ミアヘルサホールディングス,スタンダード（内国株式）,小売業,1134,1135,1122,1122,-9,-0.795756,1600,OK
2025-11-20,7130,ヤマエグループホールディングス,プライム（内国株式）,卸売業,2418,2466,2403,2446,42,1.747088,58100,OK
2025-11-20,7131,のむら産業,スタンダード（内国株式）,卸売業,2808,2899,2808,2874,82,2.936963,6100,OK
2025-11-20,7132,フローバル,TOKYO PRO MARKET（内国株式）,卸売業,,,,,,,,NO_QUOTE
2025-11-20,7133,ＨＹＵＧＡ　ＰＲＩＭＡＲＹ　ＣＡＲＥ,グロース（内国株式）,小売業,1076,1076,1057,1060,3,0.283822,6600,OK
2025-11-20,7134,アップガレージグループ,スタンダード（内国株式）,小売業,1146,1160,1143,1145,-1,-0.08726,3800,OK
2025-11-20,7135,ジャパンクラフトホールディングス,スタンダード（内国株式）,小売業,226,228,220,224,-2,-0.884956,36300,OK
2025-11-20,7136,ウェルビングループ,TOKYO PRO MARKET（内国株式）,小売業,,,,,,,,NO_QUOTE
2025-11-20,7137,グラントマト,TOKYO PRO MARKET（内国株式）,小売業,,,,,,,,NO_QUOTE
2025-11-20,7138,ＴＯＲＩＣＯ,グロース（内国株式）,小売業,166,170,163,164,-4,-2.380952,122600,OK
2025-11-20,7139,東京高圧山崎,TOKYO PRO MARKET（内国株式）,卸売業,,,,,,,,NO_QUOTE
2025-11-20,7140,ペットゴー,グロース（内国株式）,小売業,799,799,784,785,1,0.127551,2700,OK
2025-11-20,7148,ＦＰＧ,プライム（内国株式）,証券･商品先物取引業,2281,2305,2275,2301,42,1.85923,366600,OK
2025-11-20,7150,島根銀行,スタンダード（内国株式）,銀行業,490,491,481,481,-7,-1.434426,11400,OK
2025-11-20,7157,ライフネット生命保険,プライム（内国株式）,保険業,1913,1957,1903,1932,49,2.60223,198200,OK
2025-11-20,7161,じもとホールディングス,スタンダード（内国株式）,銀行業,374,375,366,368,-3,-0.808625,58200,OK
2025-11-20,7162,アストマックス,スタンダード（内国株式）,電気･ガス業,237,241,236,236,-1,-0.421941,17100,OK
2025-11-20,7164,全国保証,プライム（内国株式）,その他金融業,3088,3092,3072,3082,13,0.423591,171800,OK
2025-11-20,7167,めぶきフィナンシャルグループ,プライム（内国株式）,銀行業,954,955.8,941.6,950,11.8,1.257728,1679300,OK
2025-11-20,7170,中央インターナショナルグループ,TOKYO PRO MARKET（内国株式）,保険業,,,,,,,,NO_QUOTE
2025-11-20,7172,ジャパンインベストメントアドバイザー,プライム（内国株式）,証券･商品先物取引業,2119,2170,2101,2150,70,3.365385,392800,OK
2025-11-20,7173,東京きらぼしフィナンシャルグループ,プライム（内国株式）,銀行業,7860,7890,7720,7840,180,2.349869,73300,OK
2025-11-20,7175,今村証券,スタンダード（内国株式）,証券･商品先物取引業,1122,1123,1114,1118,-5,-0.445236,1500,OK
2025-11-20,7176,シンプレクス・ファイナンシャル・ホールディングス,TOKYO PRO MARKET（内国株式）,証券･商品先物取引業,,,,,,,,NO_QUOTE
2025-11-20,7177,ＧＭＯフィナンシャルホールディングス,スタンダード（内国株式）,証券･商品先物取引業,930,932,923,928,10,1.089325,203100,OK
2025-11-20,7180,九州フィナンシャルグループ,プライム（内国株式）,銀行業,900.6,911.3,891.8,906.2,24.4,2.767067,1814200,OK
2025-11-20,7181,かんぽ生命保険,プライム（内国株式）,保険業,4193,4266,4190,4208,54,1.299952,755900,OK
2025-11-20,7182,ゆうちょ銀行,プライム（内国株式）,銀行業,1743,1754,1738.5,1750.5,28.5,1.655052,6197600,OK
2025-11-20,7183,あんしん保証,スタンダード（内国株式）,その他金融業,148,148,146,146,-2,-1.351351,45300,OK
2025-11-20,7184,富山第一銀行,プライム（内国株式）,銀行業,1559,1582,1532,1574,55,3.620803,95000,OK
2025-11-20,7185,ヒロセ通商,スタンダード（内国株式）,証券･商品先物取引業,3555,3580,3545,3555,15,0.423729,3800,OK
2025-11-20,7186,横浜フィナンシャルグループ,プライム（内国株式）,銀行業,1219.5,1221,1198.5,1210,13.5,1.128291,3720200,OK
2025-11-20,7187,ジェイリース,プライム（内国株式）,その他金融業,1422,1435,1417,1421,9,0.637394,46500,OK
2025-11-20,7189,西日本フィナンシャルホールディングス,プライム（内国株式）,銀行業,2826,2840,2777,2822.5,75,2.729754,411100,OK
2025-11-20,7191,イントラスト,スタンダード（内国株式）,その他金融業,1030,1031,1021,1025,7,0.687623,19400,OK
2025-11-20,7192,日本モーゲージサービス,スタンダード（内国株式）,その他金融業,464,467,460,466,5,1.084599,32000,OK
2025-11-20,7196,Ｃａｓａ,スタンダード（内国株式）,その他金融業,714,716,711,711,-3,-0.420168,24100,OK
2025-11-20,7198,ＳＢＩアルヒ,プライム（内国株式）,その他金融業,833,838,828,831,3,0.362319,84200,OK
2025-11-20,7199,プレミアグループ,プライム（内国株式）,その他金融業,1770,1804,1754,1761,9,0.513699,497200,OK
2025-11-20,7201,日産自動車,プライム（内国株式）,輸送用機器,357.3,358.6,351.3,356.6,5.9,1.68235,18145500,OK
2025-11-20,7202,いすゞ自動車,プライム（内国株式）,輸送用機器,2326,2329.5,2270,2273.5,-13.5,-0.590293,2894200,OK
2025-11-20,7203,トヨタ自動車,プライム（内国株式）,輸送用機器,3095,3103,3044,3044,7,0.230491,17872000,OK
2025-11-20,7205,日野自動車,プライム（内国株式）,輸送用機器,383,386,371,374,-8,-2.094241,3545500,OK
2025-11-20,7208,カネミツ,スタンダード（内国株式）,輸送用機器,972,977,971,972,0,0,3900,OK
2025-11-20,7211,三菱自動車工業,プライム（内国株式）,輸送用機器,361.3,361.8,354.3,356.9,-0.3,-0.083987,8006900,OK
2025-11-20,7212,エフテック,スタンダード（内国株式）,輸送用機器,705,705,688,691,-4,-0.57554,102700,OK
2025-11-20,7213,レシップホールディングス,スタンダード（内国株式）,輸送用機器,441,443,441,442,1,0.226757,9800,OK
2025-11-20,7214,ＧＭＢ,スタンダード（内国株式）,輸送用機器,855,868,854,854,2,0.234742,3000,OK
2025-11-20,7215,ファルテック,スタンダード（内国株式）,輸送用機器,342,342,338,339,-4,-1.166181,6200,OK
2025-11-20,7217,テイン,スタンダード（内国株式）,輸送用機器,388,388,384,384,-2,-0.518135,2400,OK
2025-11-20,7218,田中精密工業,スタンダード（内国株式）,輸送用機器,1092,1115,1081,1088,-2,-0.183486,2800,OK
2025-11-20,7219,エッチ・ケー・エス,スタンダード（内国株式）,輸送用機器,2210,2210,2210,2210,0,0,100,OK
2025-11-20,7220,武蔵精密工業,プライム（内国株式）,輸送用機器,2833,2840,2693,2731,-2,-0.07318,563400,OK
2025-11-20,7222,日産車体,スタンダード（内国株式）,輸送用機器,1066,1068,1042,1042,-19,-1.790763,46000,OK
2025-11-20,7224,新明和工業,プライム（内国株式）,輸送用機器,1829,1836,1800,1829,40,2.235886,189600,OK
2025-11-20,7226,極東開発工業,プライム（内国株式）,輸送用機器,2681,2752,2662,2752,105,3.966755,490000,OK
2025-11-20,7228,デイトナ,スタンダード（内国株式）,輸送用機器,3980,3980,3880,3880,-55,-1.397713,3800,OK
2025-11-20,7229,ユタカ技研,スタンダード（内国株式）,輸送用機器,3045,3050,3035,3035,-10,-0.328407,28700,OK
2025-11-20,7231,トピー工業,プライム（内国株式）,輸送用機器,2826,2886,2826,2872,67,2.388592,53000,OK
2025-11-20,7235,東京ラヂエーター製造,スタンダード（内国株式）,輸送用機器,1422,1422,1394,1400,8,0.574713,28800,OK
2025-11-20,7236,ティラド,プライム（内国株式）,輸送用機器,9140,9310,9070,9070,-70,-0.765864,20000,OK
2025-11-20,7238,曙ブレーキ工業,プライム（内国株式）,輸送用機器,109,111,107,109,2,1.869159,1535300,OK
2025-11-20,7239,タチエス,プライム（内国株式）,輸送用機器,1980,1980,1962,1965,14,0.717581,69300,OK
2025-11-20,7240,ＮＯＫ,プライム（内国株式）,輸送用機器,2619.5,2619.5,2571,2582,4.5,0.174588,338900,OK
2025-11-20,7241,フタバ産業,プライム（内国株式）,輸送用機器,967,969,959,960,8,0.840336,128000,OK
2025-11-20,7242,カヤバ,プライム（内国株式）,輸送用機器,4410,4410,4330,4330,-10,-0.230415,118900,OK
2025-11-20,7244,市光工業,プライム（内国株式）,電気機器,465,465,459,462,10,2.212389,61900,OK
2025-11-20,7245,大同メタル工業,プライム（内国株式）,輸送用機器,960,965,942,956,24,2.575107,303300,OK
2025-11-20,7246,プレス工業,プライム（内国株式）,輸送用機器,741,753,740,746,12,1.634877,569000,OK
2025-11-20,7247,ミクニ,スタンダード（内国株式）,輸送用機器,346,348,343,345,4,1.173021,41200,OK
2025-11-20,7250,太平洋工業,プライム（内国株式）,輸送用機器,3050,3090,2986,3070,60,1.993355,101400,OK
2025-11-20,7254,ユニバンス,スタンダード（内国株式）,輸送用機器,800,811,774,786,-8,-1.007557,36300,OK
2025-11-20,7255,桜井製作所,スタンダード（内国株式）,輸送用機器,569,576,568,576,4,0.699301,4800,OK
2025-11-20,7256,河西工業,スタンダード（内国株式）,輸送用機器,107,110,106,106,2,1.923077,256100,OK
2025-11-20,7259,アイシン,プライム（内国株式）,輸送用機器,2720,2726,2676.5,2683,9,0.336574,1672100,OK
2025-11-20,7261,マツダ,プライム（内国株式）,輸送用機器,1115,1117.5,1078.5,1109.5,60.5,5.767398,7491600,OK
2025-11-20,7264,ムロコーポレーション,スタンダード（内国株式）,輸送用機器,1270,1281,1255,1258,-7,-0.55336,7100,OK
2025-11-20,7265,エイケン工業,スタンダード（内国株式）,輸送用機器,3615,3655,3605,3610,-45,-1.23119,3200,OK
2025-11-20,7266,今仙電機製作所,スタンダード（内国株式）,輸送用機器,791,796,786,792,3,0.380228,29500,OK
2025-11-20,7267,本田技研工業,プライム（内国株式）,輸送用機器,1519.5,1526,1503.5,1514,1,0.066094,14241000,OK
2025-11-20,7269,スズキ,プライム（内国株式）,輸送用機器,2322,2337.5,2283,2283,11,0.484155,4801900,OK
2025-11-20,7270,ＳＵＢＡＲＵ,プライム（内国株式）,輸送用機器,3372,3375,3303,3319,-5,-0.150421,2303200,OK
2025-11-20,7271,安永,スタンダード（内国株式）,輸送用機器,1047,1066,991,1051,15,1.447876,269400,OK
2025-11-20,7272,ヤマハ発動機,プライム（内国株式）,輸送用機器,1103,1111.5,1091.5,1092.5,2.5,0.229358,5214900,OK
2025-11-20,7273,イクヨ,スタンダード（内国株式）,輸送用機器,892,902,846,846,-47,-5.263158,200000,OK
2025-11-20,7276,小糸製作所,プライム（内国株式）,電気機器,2229,2234,2198.5,2201,0.5,0.022722,730200,OK
2025-11-20,7277,ＴＢＫ,スタンダード（内国株式）,輸送用機器,347,348,344,348,1,0.288184,24300,OK
2025-11-20,7278,エクセディ,プライム（内国株式）,輸送用機器,5260,5280,5220,5240,10,0.191205,84700,OK
2025-11-20,7279,ハイレックスコーポレーション,スタンダード（内国株式）,輸送用機器,2816,2860,2784,2810,43,1.55403,31100,OK
2025-11-20,7280,ミツバ,プライム（内国株式）,電気機器,894,900,881,889,6,0.679502,131800,OK
2025-11-20,7282,豊田合成,プライム（内国株式）,輸送用機器,3794,3795,3727,3754,1,0.026645,257200,OK
2025-11-20,7283,愛三工業,プライム（内国株式）,輸送用機器,2060,2060,2019,2036,10,0.493583,150100,OK
2025-11-20,7284,盟和産業,スタンダード（内国株式）,輸送用機器,1220,1228,1200,1217,-9,-0.734095,3100,OK
2025-11-20,7287,日本精機,スタンダード（内国株式）,輸送用機器,2003,2004,1972,1980,11,0.558659,194500,OK
2025-11-20,7291,日本プラスト,スタンダード（内国株式）,輸送用機器,401,403,399,400,0,0,17300,OK
2025-11-20,7292,村上開明堂,スタンダード（内国株式）,輸送用機器,6500,6630,6500,6520,20,0.307692,3500,OK
2025-11-20,7294,ヨロズ,プライム（内国株式）,輸送用機器,961,961,935,935,-11,-1.162791,29700,OK
2025-11-20,7296,エフ・シー・シー,プライム（内国株式）,輸送用機器,3245,3245,3175,3190,-10,-0.3125,84700,OK
2025-11-20,7297,カーメイト,スタンダード（内国株式）,輸送用機器,835,840,828,832,1,0.120337,3900,OK
2025-11-20,7299,フジオーゼックス,スタンダード（内国株式）,輸送用機器,1669,1680,1666,1680,25,1.510574,6800,OK
2025-11-20,7305,新家工業,スタンダード（内国株式）,鉄鋼,4655,4665,4640,4645,25,0.541126,17400,OK
2025-11-20,7309,シマノ,プライム（内国株式）,輸送用機器,14950,15105,14895,14975,45,0.301407,281000,OK
2025-11-20,7313,テイ・エス　テック,プライム（内国株式）,輸送用機器,1748,1754,1724,1726,-0.5,-0.02896,407000,OK
2025-11-20,7314,小田原機器,スタンダード（内国株式）,輸送用機器,1322,1322,1310,1310,-12,-0.907716,3400,OK
2025-11-20,7317,松屋アールアンドディ,グロース（内国株式）,輸送用機器,804,810,801,807,3,0.373134,49200,OK
2025-11-20,7318,セレンディップ・ホールディングス,グロース（内国株式）,輸送用機器,4195,4195,3820,3920,-205,-4.969697,224300,OK
2025-11-20,7320,Ｓｏｌｖｖｙ,グロース（内国株式）,その他金融業,1551,1551,1366,1397,-139,-9.049479,256300,OK
2025-11-20,7322,三十三フィナンシャルグループ,プライム（内国株式）,銀行業,3805,3840,3775,3840,100,2.673797,79200,OK
2025-11-20,7325,アイリックコーポレーション,グロース（内国株式）,保険業,876,885,876,885,15,1.724138,1800,OK
2025-11-20,7326,ＳＢＩインシュアランスグループ,グロース（内国株式）,保険業,1941,1963,1904,1941,40,2.104156,82400,OK
2025-11-20,7327,第四北越フィナンシャルグループ,プライム（内国株式）,銀行業,1496,1499,1471,1495,27,1.839237,522600,OK
2025-11-20,7337,ひろぎんホールディングス,プライム（内国株式）,銀行業,1480,1483,1463.5,1475,20.5,1.409419,769600,OK
2025-11-20,7343,ブロードマインド,グロース（内国株式）,保険業,1233,1238,1225,1227,-5,-0.405844,6900,OK
2025-11-20,7345,アイ・パートナーズフィナンシャル,グロース（内国株式）,その他金融業,610,610,600,600,0,0,600,OK
2025-11-20,7347,マーキュリアホールディングス,プライム（内国株式）,証券･商品先物取引業,841,842,831,831,-3,-0.359712,26900,OK
2025-11-20,7350,おきなわフィナンシャルグループ,プライム（内国株式）,銀行業,4265,4375,4265,4320,120,2.857143,65800,OK
2025-11-20,7351,グッドパッチ,グロース（内国株式）,サービス業,592,600,592,597,9,1.530612,30000,OK
2025-11-20,7352,ＴＷＯＳＴＯＮＥ＆Ｓｏｎｓ,グロース（内国株式）,サービス業,677,678,637,662,2,0.30303,214600,OK
2025-11-20,7353,ＫＩＹＯラーニング,グロース（内国株式）,サービス業,714,719,691,691,-25,-3.49162,22800,OK
2025-11-20,7354,ダイレクトマーケティングミックス,プライム（内国株式）,サービス業,293,294,278,279,-10,-3.460208,541200,OK
2025-11-20,7355,一寸房,TOKYO PRO MARKET（内国株式）,サービス業,,,,,,,,NO_QUOTE
2025-11-20,7356,Ｒｅｔｔｙ,グロース（内国株式）,サービス業,141,147,140,145,0,0,102600,OK
2025-11-20,7357,ジオコード,スタンダード（内国株式）,サービス業,1306,1306,1300,1300,-6,-0.459418,1800,OK
2025-11-20,7358,ポピンズ,スタンダード（内国株式）,サービス業,1360,1361,1349,1354,5,0.370645,8200,OK
2025-11-20,7359,東京通信グループ,グロース（内国株式）,サービス業,322,330,308,308,-13,-4.049844,120100,OK
2025-11-20,7360,オンデック,グロース（内国株式）,サービス業,840,840,810,810,-20,-2.409639,2100,OK
2025-11-20,7361,ヒューマンクリエイションホールディングス,グロース（内国株式）,サービス業,1260,1268,1258,1260,6,0.478469,4400,OK
2025-11-20,7362,Ｔ．Ｓ．Ｉ,グロース（内国株式）,サービス業,811,826,810,826,16,1.975309,2400,OK
2025-11-20,7363,ベビーカレンダー,グロース（内国株式）,サービス業,1613,1613,1525,1568,-12,-0.759494,3500,OK
2025-11-20,7364,琉球アスティーダスポーツクラブ,TOKYO PRO MARKET（内国株式）,サービス業,,,,,,,,NO_QUOTE
2025-11-20,7366,ＬＩＴＡＬＩＣＯ,プライム（内国株式）,サービス業,1241,1265,1241,1243,22,1.801802,128900,OK
2025-11-20,7367,セルム,スタンダード（内国株式）,サービス業,351,352,345,349,-1,-0.285714,9400,OK
2025-11-20,7368,表示灯,スタンダード（内国株式）,サービス業,1665,1666,1644,1649,-7,-0.422705,3200,OK
2025-11-20,7369,メイホーホールディングス,グロース（内国株式）,サービス業,590,600,590,599,8,1.353638,11300,OK
2025-11-20,7370,Ｅｎｊｉｎ,グロース（内国株式）,サービス業,834,837,828,829,2,0.241838,22600,OK
2025-11-20,7371,Ｚｅｎｋｅｎ,グロース（内国株式）,サービス業,663,669,660,666,6,0.909091,7800,OK
2025-11-20,7372,デコルテ・ホールディングス,グロース（内国株式）,サービス業,449,454,447,452,6,1.345291,141500,OK
2025-11-20,7373,アイドマ・ホールディングス,グロース（内国株式）,サービス業,2890,2935,2854,2854,-9,-0.314356,32900,OK
2025-11-20,7374,コンフィデンス・インターワークス,グロース（内国株式）,サービス業,1599,1599,1584,1596,-3,-0.187617,2600,OK
2025-11-20,7375,リファインバースグループ,グロース（内国株式）,サービス業,795,843,788,812,20,2.525253,34900,OK
2025-11-20,7376,ＢＣＣ,グロース（内国株式）,サービス業,,,,,,,,NO_QUOTE
2025-11-20,7377,ＤＮホールディングス,スタンダード（内国株式）,サービス業,2191,2191,2080,2086,-26,-1.231061,30900,OK
2025-11-20,7378,アシロ,グロース（内国株式）,サービス業,1241,1255,1235,1246,27,2.21493,147500,OK
2025-11-20,7380,十六フィナンシャルグループ,プライム（内国株式）,銀行業,5960,6020,5910,5990,100,1.697793,69800,OK
2025-11-20,7381,ＣＣＩグループ,プライム（内国株式）,銀行業,631,635,622,629,4,0.64,441300,OK
2025-11-20,7383,ネットプロテクションズホールディングス,プライム（内国株式）,その他金融業,593,615,572,605,15,2.542373,2568300,OK
2025-11-20,7384,プロクレアホールディングス,プライム（内国株式）,銀行業,1663,1670,1653,1660,10,0.606061,32500,OK
2025-11-20,7388,ＦＰパートナー,プライム（内国株式）,保険業,2356,2364,2350,2356,8,0.340716,67100,OK
2025-11-20,7389,あいちフィナンシャルグループ,プライム（内国株式）,銀行業,4200,4225,4130,4205,70,1.692866,164800,OK
2025-11-20,7399,ナンシン,スタンダード（内国株式）,輸送用機器,569,569,566,566,-7,-1.22164,1400,OK
2025-11-20,7409,ＡｅｒｏＥｄｇｅ,グロース（内国株式）,輸送用機器,7100,7160,6810,6870,-40,-0.578871,39800,OK
2025-11-20,7412,アトム,スタンダード（内国株式）,小売業,538,540,535,536,-3,-0.556586,349800,OK
2025-11-20,7413,創健社,スタンダード（内国株式）,卸売業,,,,,,,,NO_QUOTE
2025-11-20,7414,小野建,プライム（内国株式）,卸売業,1360,1383,1360,1375,20,1.476015,63800,OK
2025-11-20,7416,はるやまホールディングス,スタンダード（内国株式）,小売業,688,693,688,688,0,0,2000,OK
2025-11-20,7417,南陽,スタンダード（内国株式）,卸売業,1396,1420,1396,1420,31,2.231821,6000,OK
2025-11-20,7419,ノジマ,プライム（内国株式）,小売業,1160,1160,1133,1136,-17,-1.474415,712900,OK
2025-11-20,7420,佐鳥電機,プライム（内国株式）,卸売業,1846,1848,1835,1835,4,0.21846,64900,OK
2025-11-20,7421,カッパ・クリエイト,プライム（内国株式）,小売業,1518,1518,1506,1514,11,0.73187,62600,OK
2025-11-20,7422,東邦レマック,スタンダード（内国株式）,卸売業,536,539,528,531,-4,-0.747664,5300,OK
2025-11-20,7425,初穂商事,スタンダード（内国株式）,卸売業,2024,2024,2024,2024,32,1.606426,100,OK
2025-11-20,7426,山大,スタンダード（内国株式）,卸売業,1083,1113,1080,1096,14,1.2939,2000,OK
2025-11-20,7427,エコートレーディング,スタンダード（内国株式）,卸売業,911,922,908,915,7,0.770925,4400,OK
2025-11-20,7433,伯東,プライム（内国株式）,卸売業,3785,3820,3770,3810,60,1.6,45200,OK
2025-11-20,7434,オータケ,スタンダード（内国株式）,卸売業,1801,1810,1801,1810,9,0.499722,200,OK
2025-11-20,7435,ナ・デックス,スタンダード（内国株式）,卸売業,989,989,976,979,-3,-0.305499,1400,OK
2025-11-20,7438,コンドーテック,プライム（内国株式）,卸売業,1506,1513,1491,1491,-13,-0.864362,23700,OK
2025-11-20,7442,中山福,スタンダード（内国株式）,卸売業,405,406,405,405,0,0,19000,OK
2025-11-20,7443,横浜魚類,スタンダード（内国株式）,卸売業,610,611,610,610,0,0,3300,OK
2025-11-20,7444,ハリマ共和物産,スタンダード（内国株式）,卸売業,1904,1919,1904,1917,14,0.735681,1400,OK
2025-11-20,7445,ライトオン,スタンダード（内国株式）,小売業,278,283,278,281,1,0.357143,170900,OK
2025-11-20,7446,東北化学薬品,スタンダード（内国株式）,卸売業,3800,3800,3785,3785,-15,-0.394737,300,OK
2025-11-20,7447,ナガイレーベン,プライム（内国株式）,卸売業,1858,1867,1835,1841,-17,-0.914962,102300,OK
2025-11-20,7450,サンデー,スタンダード（内国株式）,小売業,997,999,993,995,-2,-0.200602,3400,OK
2025-11-20,7453,良品計画,プライム（内国株式）,小売業,2975,3071,2970,3002,30.5,1.026418,7695400,OK
2025-11-20,7455,パリミキホールディングス,スタンダード（内国株式）,小売業,580,581,579,580,0,0,234100,OK
2025-11-20,7456,松田産業,プライム（内国株式）,卸売業,4370,4530,4370,4490,190,4.418605,128900,OK
2025-11-20,7458,第一興商,プライム（内国株式）,卸売業,1604.5,1615,1602.5,1608,10,0.625782,238600,OK
2025-11-20,7459,メディパルホールディングス,プライム（内国株式）,卸売業,2597.5,2614,2584,2596.5,6.5,0.250965,384100,OK
2025-11-20,7460,ヤギ,スタンダード（内国株式）,卸売業,3175,3210,3170,3170,5,0.157978,4800,OK
2025-11-20,7461,キムラ,スタンダード（内国株式）,卸売業,,,,,,,,NO_QUOTE
2025-11-20,7462,ＣＡＰＩＴＡ,スタンダード（内国株式）,小売業,483,491,474,481,-1,-0.207469,13600,OK
2025-11-20,7463,アドヴァングループ,スタンダード（内国株式）,小売業,871,876,865,872,9,1.042874,23200,OK
2025-11-20,7464,セフテック,スタンダード（内国株式）,卸売業,1649,1649,1642,1642,3,0.183038,300,OK
2025-11-20,7466,ＳＰＫ,プライム（内国株式）,卸売業,2265,2285,2265,2280,28,1.243339,10600,OK
2025-11-20,7467,萩原電気ホールディングス,プライム（内国株式）,卸売業,3425,3445,3385,3420,50,1.48368,37000,OK
2025-11-20,7472,鳥羽洋行,スタンダード（内国株式）,卸売業,4015,4060,4005,4020,5,0.124533,2100,OK
2025-11-20,7475,アルビス,プライム（内国株式）,小売業,2703,2705,2689,2689,1,0.037202,6000,OK
2025-11-20,7476,アズワン,プライム（内国株式）,卸売業,2416.5,2448.5,2416.5,2418,4.5,0.186451,408100,OK
2025-11-20,7477,ムラキ,スタンダード（内国株式）,卸売業,1273,1300,1201,1243,-57,-4.384615,14200,OK
2025-11-20,7480,スズデン,スタンダード（内国株式）,卸売業,1654,1658,1646,1652,2,0.121212,9700,OK
2025-11-20,7481,尾家産業,スタンダード（内国株式）,卸売業,2204,2215,2201,2202,0,0,2600,OK
2025-11-20,7482,シモジマ,プライム（内国株式）,卸売業,1297,1305,1296,1300,3,0.231303,19300,OK
2025-11-20,7483,ドウシシャ,プライム（内国株式）,卸売業,2916,2975,2913,2950,42,1.444292,91100,OK
2025-11-20,7486,サンリン,スタンダード（内国株式）,卸売業,709,715,707,715,6,0.846262,1300,OK
2025-11-20,7487,小津産業,スタンダード（内国株式）,卸売業,1720,1724,1719,1721,1,0.05814,8100,OK
2025-11-20,7490,日新商事,スタンダード（内国株式）,卸売業,1220,1237,1217,1229,10,0.820345,2500,OK
2025-11-20,7494,コナカ,スタンダード（内国株式）,小売業,240,241,238,238,-2,-0.833333,39100,OK
2025-11-20,7500,西川計測,スタンダード（内国株式）,卸売業,12420,12690,12420,12690,-30,-0.235849,400,OK
2025-11-20,7501,ティムコ,スタンダード（内国株式）,卸売業,1326,1457,1255,1278,96,8.121827,74600,OK
2025-11-20,7502,プラザホールディングス,スタンダード（内国株式）,サービス業,1870,1870,1869,1869,1,0.053533,400,OK
2025-11-20,7504,高速,プライム（内国株式）,卸売業,2871,2884,2857,2868,7,0.24467,26900,OK
2025-11-20,7505,扶桑電通,スタンダード（内国株式）,卸売業,1600,1685,1597,1685,76,4.723431,40500,OK
2025-11-20,7506,ハウス　オブ　ローゼ,スタンダード（内国株式）,小売業,1367,1375,1367,1375,8,0.585223,2400,OK
2025-11-20,7508,Ｇ‐７ホールディングス,プライム（内国株式）,小売業,1297,1317,1297,1313,18,1.389961,61000,OK
2025-11-20,7509,アイエーグループ,スタンダード（内国株式）,小売業,,,,,,,,NO_QUOTE
2025-11-20,7510,たけびし,プライム（内国株式）,卸売業,2029,2070,2023,2059,46,2.285147,17900,OK
2025-11-20,7512,イオン北海道,スタンダード（内国株式）,小売業,885,885,879,879,-4,-0.453001,103100,OK
2025-11-20,7513,コジマ,プライム（内国株式）,小売業,1110,1110,1097,1097,-6,-0.543971,62700,OK
2025-11-20,7514,ヒマラヤ,スタンダード（内国株式）,小売業,843,845,843,843,0,0,4300,OK
2025-11-20,7515,マルヨシセンター,スタンダード（内国株式）,小売業,4255,4255,4255,4255,5,0.117647,200,OK
2025-11-20,7516,コーナン商事,プライム（内国株式）,小売業,3780,3820,3770,3795,30,0.796813,42000,OK
2025-11-20,7520,エコス,プライム（内国株式）,小売業,2909,2950,2909,2918,8,0.274914,8200,OK
2025-11-20,7521,ムサシ,スタンダード（内国株式）,卸売業,2194,2217,2180,2206,27,1.239101,6800,OK
2025-11-20,7522,ワタミ,プライム（内国株式）,小売業,943,952,942,946,5,0.53135,108500,OK
2025-11-20,7523,アールビバン,スタンダード（内国株式）,小売業,1950,1950,1818,1818,-135,-6.912442,19500,OK
2025-11-20,7524,マルシェ,スタンダード（内国株式）,小売業,195,198,192,193,-2,-1.025641,23100,OK
2025-11-20,7525,リックス,プライム（内国株式）,卸売業,3645,3720,3645,3700,40,1.092896,14900,OK
2025-11-20,7527,システムソフト,スタンダード（内国株式）,情報･通信業,63,63,60,61,-1,-1.612903,2658000,OK
2025-11-20,7531,清和中央ホールディングス,スタンダード（内国株式）,卸売業,1563,1563,1563,1563,23,1.493506,200,OK
2025-11-20,7532,パン・パシフィック・インターナショナルホールディングス,プライム（内国株式）,小売業,910,932.7,908.8,908.8,0.2,0.022012,7195100,OK
2025-11-20,7537,丸文,プライム（内国株式）,卸売業,1151,1172,1151,1171,21,1.826087,74500,OK
2025-11-20,7538,大水,スタンダード（内国株式）,卸売業,352,352,348,350,1,0.286533,6900,OK
2025-11-20,7539,アイナボホールディングス,スタンダード（内国株式）,卸売業,695,696,688,691,1,0.144928,6800,OK
2025-11-20,7544,スリーエフ,スタンダード（内国株式）,小売業,558,562,542,554,-4,-0.716846,11400,OK
2025-11-20,7545,西松屋チェーン,プライム（内国株式）,小売業,2155,2185,2145,2164,17,0.791803,163200,OK
2025-11-20,7550,ゼンショーホールディングス,プライム（内国株式）,小売業,8639,8639,8531,8537,-47,-0.54753,382100,OK
2025-11-20,75505,ゼンショーホールディングス（優先株式）,プライム（内国株式）,小売業,5090,5090,5060,5070,-19,-0.373354,2600,OK
2025-11-20,7551,ウェッズ,スタンダード（内国株式）,輸送用機器,627,634,626,631,4,0.637959,66600,OK
2025-11-20,7552,ハピネット,プライム（内国株式）,卸売業,6150,6240,6060,6220,100,1.633987,97300,OK
2025-11-20,7554,幸楽苑,プライム（内国株式）,小売業,1111,1122,1107,1121,11,0.990991,37100,OK
2025-11-20,7555,大田花き,スタンダード（内国株式）,卸売業,744,744,739,743,1,0.134771,1300,OK
2025-11-20,7561,ハークスレイ,スタンダード（内国株式）,小売業,650,659,648,656,8,1.234568,18000,OK
2025-11-20,7562,安楽亭,スタンダード（内国株式）,小売業,3650,3660,3650,3650,0,0,2200,OK
2025-11-20,7564,ワークマン,スタンダード（内国株式）,小売業,6730,6900,6620,6760,10,0.148148,326500,OK
2025-11-20,7565,萬世電機,スタンダード（内国株式）,卸売業,5100,5100,5100,5100,-20,-0.390625,100,OK
2025-11-20,7567,栄電子,スタンダード（内国株式）,卸売業,469,473,466,467,-3,-0.638298,10300,OK
2025-11-20,7570,橋本総業ホールディングス,スタンダード（内国株式）,卸売業,1207,1215,1205,1214,8,0.66335,4900,OK
2025-11-20,7571,ヤマノホールディングス,スタンダード（内国株式）,小売業,113,113,109,111,-1,-0.892857,325000,OK
2025-11-20,7575,日本ライフライン,プライム（内国株式）,卸売業,1470,1477,1466,1466,2,0.136612,81900,OK
2025-11-20,7578,ニチリョク,スタンダード（内国株式）,小売業,122,123,121,122,1,0.826446,48100,OK
2025-11-20,7581,サイゼリヤ,プライム（内国株式）,小売業,5160,5230,5110,5210,50,0.968992,282300,OK
2025-11-20,7585,かんなん丸,スタンダード（内国株式）,小売業,446,495,415,415,-13,-3.037383,216900,OK
2025-11-20,7590,タカショー,スタンダード（内国株式）,卸売業,439,439,434,438,3,0.689655,44200,OK
2025-11-20,7593,ＶＴホールディングス,プライム（内国株式）,小売業,501,504,500,503,4,0.801603,179600,OK
2025-11-20,7595,アルゴグラフィックス,プライム（内国株式）,情報･通信業,1450,1476,1445,1468,16,1.101928,228800,OK
2025-11-20,7596,魚力,プライム（内国株式）,小売業,2335,2352,2334,2339,5,0.214225,9200,OK
2025-11-20,7599,ＩＤＯＭ,プライム（内国株式）,卸売業,1207,1218,1196,1211,34,2.8887,446400,OK
2025-11-20,7600,日本エム・ディ・エム,プライム（内国株式）,精密機器,483,488,468,469,-17,-3.497942,393700,OK
2025-11-20,7601,ポプラ,スタンダード（内国株式）,小売業,170,171,164,166,-4,-2.352941,73100,OK
2025-11-20,7602,レダックス,スタンダード（内国株式）,卸売業,131,133,131,133,2,1.526718,14500,OK
2025-11-20,7603,ジーイエット,スタンダード（内国株式）,小売業,152,153,149,152,0,0,235100,OK
2025-11-20,7604,梅の花グループ,スタンダード（内国株式）,小売業,808,809,807,809,2,0.247831,5300,OK
2025-11-20,7606,ユナイテッドアローズ,プライム（内国株式）,小売業,2113,2140,2087,2130,36,1.719198,249100,OK
2025-11-20,7607,進和,プライム（内国株式）,卸売業,3090,3120,3090,3105,25,0.811688,10600,OK
2025-11-20,7608,エスケイジャパン,スタンダード（内国株式）,卸売業,1392,1392,1292,1297,-87,-6.286127,258400,OK
2025-11-20,7609,ダイトロン,プライム（内国株式）,卸売業,4620,4680,4585,4650,100,2.197802,44600,OK
2025-11-20,7610,テイツー,スタンダード（内国株式）,小売業,134,135,133,133,0,0,319600,OK
2025-11-20,7611,ハイデイ日高,プライム（内国株式）,小売業,3360,3400,3340,3370,5,0.148588,62500,OK
2025-11-20,7613,シークス,プライム（内国株式）,卸売業,1259,1264,1247,1249,12,0.970089,116900,OK
2025-11-20,7614,オーエムツーネットワーク,スタンダード（内国株式）,小売業,1983,2041,1630,1900,-99,-4.952476,205100,OK
2025-11-20,7615,京都きもの友禅ホールディングス,スタンダード（内国株式）,小売業,166,169,157,159,-7,-4.216867,992800,OK
2025-11-20,7616,コロワイド,プライム（内国株式）,小売業,1719.5,1720.5,1702,1702,-11.5,-0.671141,319600,OK
2025-11-20,7619,田中商事,スタンダード（内国株式）,卸売業,798,814,798,810,15,1.886792,9700,OK
2025-11-20,7621,うかい,スタンダード（内国株式）,小売業,3430,3430,3375,3375,-35,-1.026393,4000,OK
2025-11-20,7624,ＮａＩＴＯ,スタンダード（内国株式）,卸売業,139,139,136,138,0,0,36700,OK
2025-11-20,7625,グローバルダイニング,スタンダード（内国株式）,小売業,389,393,389,392,4,1.030928,2400,OK
2025-11-20,7628,オーハシテクニカ,プライム（内国株式）,卸売業,2231,2259,2217,2237,17,0.765766,7300,OK
2025-11-20,7630,壱番屋,プライム（内国株式）,小売業,909,916,906,906,-4,-0.43956,261900,OK
2025-11-20,7634,星医療酸器,スタンダード（内国株式）,卸売業,4710,4765,4680,4750,80,1.713062,1300,OK
2025-11-20,7635,杉田エース,スタンダード（内国株式）,卸売業,1704,1706,1703,1706,1,0.058651,54300,OK
2025-11-20,7636,ハンズマン,スタンダード（内国株式）,小売業,812,820,812,813,2,0.246609,9000,OK
2025-11-20,7637,白銅,プライム（内国株式）,卸売業,2202,2216,2188,2203,16,0.731596,11800,OK
2025-11-20,7638,ＮＥＷ　ＡＲＴ　ＨＯＬＤＩＮＧＳ,スタンダード（内国株式）,小売業,1488,1497,1480,1480,-7,-0.470746,12300,OK
2025-11-20,7640,トップカルチャー,スタンダード（内国株式）,小売業,167,168,165,167,-1,-0.595238,62200,OK
2025-11-20,7643,ダイイチ,スタンダード（内国株式）,小売業,1610,1625,1578,1600,-9,-0.559354,2500,OK
2025-11-20,7646,ＰＬＡＮＴ,スタンダード（内国株式）,小売業,1843,1850,1842,1842,0,0,2700,OK
2025-11-20,7649,スギホールディングス,プライム（内国株式）,小売業,3570,3690,3570,3646,37,1.025215,714000,OK
2025-11-20,7670,オーウエル,スタンダード（内国株式）,卸売業,985,989,977,977,-2,-0.20429,12600,OK
2025-11-20,7673,ダイコー通産,スタンダード（内国株式）,卸売業,1544,1585,1532,1547,4,0.259235,2100,OK
2025-11-20,7674,ＮＡＴＴＹ　ＳＷＡＮＫＹホールディングス,グロース（内国株式）,小売業,3040,3045,3035,3035,-5,-0.164474,1700,OK
2025-11-20,7677,ヤシマキザイ,スタンダード（内国株式）,卸売業,2850,2896,2850,2892,42,1.473684,700,OK
2025-11-20,7678,あさくま,スタンダード（内国株式）,小売業,4490,4490,4465,4485,15,0.33557,1700,OK
2025-11-20,7679,薬王堂ホールディングス,プライム（内国株式）,小売業,2107,2130,2103,2116,12,0.570342,21800,OK
2025-11-20,7680,軽自動車館,TOKYO PRO MARKET（内国株式）,小売業,,,,,,,,NO_QUOTE
2025-11-20,7681,レオクラン,スタンダード（内国株式）,卸売業,915,937,902,915,-7,-0.759219,5300,OK
2025-11-20,7682,浜木綿,スタンダード（内国株式）,小売業,3905,3905,3875,3875,-20,-0.513479,800,OK
2025-11-20,7683,ダブルエー,プライム（内国株式）,小売業,1336,1337,1327,1327,-5,-0.375375,24000,OK
2025-11-20,7685,ＢｕｙＳｅｌｌ　Ｔｅｃｈｎｏｌｏｇｉｅｓ,グロース（内国株式）,卸売業,4055,4155,3965,3985,70,1.787995,325600,OK
2025-11-20,7686,ひとまいる,スタンダード（内国株式）,小売業,420,421,412,412,-10,-2.369668,92400,OK
2025-11-20,7687,ミクリード,グロース（内国株式）,卸売業,511,519,510,514,0,0,9100,OK
2025-11-20,7689,コパ・コーポレーション,グロース（内国株式）,卸売業,470,470,466,466,0,0,1000,OK
2025-11-20,7690,カレント自動車,TOKYO PRO MARKET（内国株式）,卸売業,,,,,,,,NO_QUOTE
2025-11-20,7691,Ｃ　Ｃｈａｎｎｅｌ,TOKYO PRO MARKET（内国株式）,小売業,,,,,,,,NO_QUOTE
2025-11-20,7692,アースインフィニティ,スタンダード（内国株式）,電気･ガス業,100,100,97,99,0,0,675700,OK
2025-11-20,7693,北海道歯科産業,TOKYO PRO MARKET（内国株式）,卸売業,,,,,,,,NO_QUOTE
2025-11-20,7694,いつも,グロース（内国株式）,小売業,620,627,592,596,-28,-4.487179,18100,OK
2025-11-20,7695,交換できるくん,グロース（内国株式）,小売業,811,814,790,799,-12,-1.479655,16100,OK
2025-11-20,7698,アイスコ,スタンダード（内国株式）,卸売業,2187,2206,2187,2206,23,1.053596,3300,OK
2025-11-20,7701,島津製作所,プライム（内国株式）,精密機器,4392,4397,4305,4305,-17,-0.393336,708100,OK
2025-11-20,7702,ＪＭＳ,スタンダード（内国株式）,精密機器,428,429,425,428,3,0.705882,41500,OK
2025-11-20,7707,プレシジョン・システム・サイエンス,グロース（内国株式）,精密機器,204,204,199,200,-3,-1.477833,203700,OK
2025-11-20,7709,クボテック,スタンダード（内国株式）,精密機器,187,188,186,186,-1,-0.534759,13600,OK
2025-11-20,7711,助川電気工業,スタンダード（内国株式）,精密機器,6610,6690,6340,6450,290,4.707792,380100,OK
2025-11-20,7713,シグマ光機,スタンダード（内国株式）,精密機器,1500,1505,1489,1492,-5,-0.334001,6100,OK
2025-11-20,7715,長野計器,プライム（内国株式）,精密機器,2317,2330,2304,2327,35,1.527051,108800,OK
2025-11-20,7716,ナカニシ,スタンダード（内国株式）,精密機器,2113,2113,2017,2017,-60,-2.888782,166400,OK
2025-11-20,7717,ブイ・テクノロジー,プライム（内国株式）,精密機器,2870,2910,2864,2886,86,3.071429,89600,OK
2025-11-20,7718,スター精密,プライム（内国株式）,機械,2255,2258,2251,2256,3,0.133156,753300,OK
2025-11-20,7719,東京衡機,スタンダード（内国株式）,精密機器,244,249,242,245,1,0.409836,17400,OK
2025-11-20,7721,東京計器,プライム（内国株式）,精密機器,5710,5870,5610,5750,170,3.046595,339000,OK
2025-11-20,7722,国際計測器,スタンダード（内国株式）,精密機器,779,779,743,748,-16,-2.094241,100800,OK
2025-11-20,7723,愛知時計電機,プライム（内国株式）,精密機器,2579,2599,2560,2585,42,1.651593,16200,OK
2025-11-20,7725,インターアクション,プライム（内国株式）,精密機器,1355,1375,1350,1366,41,3.09434,44900,OK
2025-11-20,7726,黒田精工,スタンダード（内国株式）,機械,943,956,943,944,-6,-0.631579,3300,OK
2025-11-20,7727,オーバル,スタンダード（内国株式）,精密機器,562,567,552,553,-1,-0.180505,130700,OK
2025-11-20,7729,東京精密,プライム（内国株式）,精密機器,10920,10940,10650,10835,750,7.436787,469300,OK
2025-11-20,7730,マニー,プライム（内国株式）,精密機器,1398,1398,1345,1351,-42,-3.015075,413100,OK
2025-11-20,7731,ニコン,プライム（内国株式）,精密機器,1805,1817.5,1715,1736,-49.5,-2.772333,2164700,OK
2025-11-20,7732,トプコン,プライム（内国株式）,精密機器,3285,3285,3280,3285,0,0,149800,OK
2025-11-20,7733,オリンパス,プライム（内国株式）,精密機器,2029.5,2048.5,1993,1993,2,0.100452,2974600,OK
2025-11-20,7734,理研計器,プライム（内国株式）,精密機器,3130,3210,3095,3160,95,3.099511,82200,OK
2025-11-20,7735,ＳＣＲＥＥＮホールディングス,プライム（内国株式）,電気機器,13195,13360,12820,12960,765,6.273063,1753000,OK
2025-11-20,7739,キヤノン電子,プライム（内国株式）,電気機器,2648,2660,2631,2644,26,0.993125,71200,OK
2025-11-20,7740,タムロン,プライム（内国株式）,精密機器,1050,1050,1029,1030,1,0.097182,471600,OK
2025-11-20,7741,ＨＯＹＡ,プライム（内国株式）,精密機器,23800,23875,23050,23075,275,1.20614,771200,OK
2025-11-20,7743,シード,プライム（内国株式）,精密機器,571,574,568,568,2,0.353357,41700,OK
2025-11-20,7744,ノーリツ鋼機,プライム（内国株式）,精密機器,1732,1732,1699,1699,-8,-0.468658,429600,OK
2025-11-20,7745,Ａ＆Ｄホロンホールディングス,プライム（内国株式）,精密機器,1779,1782,1759,1768,27,1.550833,145000,OK
2025-11-20,7746,岡本硝子,スタンダード（内国株式）,精密機器,340,359,328,331,7,2.160494,3679600,OK
2025-11-20,7747,朝日インテック,プライム（内国株式）,精密機器,2727.5,2732,2651.5,2686,-28.5,-1.049917,1350900,OK
2025-11-20,7749,メディキット,スタンダード（内国株式）,精密機器,2774,2775,2730,2742,-12,-0.43573,4700,OK
2025-11-20,7751,キヤノン,プライム（内国株式）,電気機器,4480,4523,4445,4450,68,1.551803,3012200,OK
2025-11-20,7752,リコー,プライム（内国株式）,電気機器,1352.5,1352.5,1335.5,1347,24.5,1.852552,1882000,OK
2025-11-20,7760,ＩＭＶ,スタンダード（内国株式）,精密機器,2055,2065,2004,2054,63,3.164239,117500,OK
2025-11-20,7762,シチズン時計,プライム（内国株式）,精密機器,1223,1244,1214,1223,17,1.409619,1878900,OK
2025-11-20,7769,リズム,プライム（内国株式）,精密機器,3420,3440,3415,3420,0,0,20900,OK
2025-11-20,7771,日本精密,スタンダード（内国株式）,精密機器,85,86,84,84,0,0,84300,OK
2025-11-20,7774,ジャパン・ティッシュエンジニアリング,グロース（内国株式）,精密機器,482,486,479,479,1,0.209205,24000,OK
2025-11-20,7775,大研医器,スタンダード（内国株式）,精密機器,439,441,439,440,0,0,32600,OK
2025-11-20,7776,セルシード,グロース（内国株式）,精密機器,385,388,370,379,-1,-0.263158,688600,OK
2025-11-20,7777,スリー・ディー・マトリックス,グロース（内国株式）,精密機器,308,319,308,319,17,5.629139,1606500,OK
2025-11-20,7779,ＣＹＢＥＲＤＹＮＥ,グロース（内国株式）,精密機器,169,170,166,168,1,0.598802,478700,OK
2025-11-20,7780,メニコン,プライム（内国株式）,精密機器,1381,1459,1381,1415,42,3.058995,743800,OK
2025-11-20,7781,平山ホールディングス,スタンダード（内国株式）,精密機器,1220,1225,1206,1219,17,1.414309,5500,OK
2025-11-20,7782,シンシア,スタンダード（内国株式）,精密機器,527,527,514,515,1,0.194553,11500,OK
2025-11-20,7791,ドリームベッド,スタンダード（内国株式）,その他製品,812,822,800,800,-13,-1.599016,4700,OK
2025-11-20,7792,コラントッテ,グロース（内国株式）,その他製品,1484,1484,1451,1451,-3,-0.206327,3400,OK
2025-11-20,7793,イメージ・マジック,グロース（内国株式）,その他製品,1470,1529,1470,1528,64,4.371585,4000,OK
2025-11-20,7794,イーディーピー,グロース（内国株式）,その他製品,442,453,435,440,-1,-0.226757,95900,OK
2025-11-20,7795,ＫＹＯＲＩＴＳＵ,スタンダード（内国株式）,その他製品,192,194,191,191,0,0,101100,OK
2025-11-20,7800,アミファ,スタンダード（内国株式）,その他製品,632,636,632,636,5,0.792393,4700,OK
2025-11-20,7803,ブシロード,グロース（内国株式）,その他製品,338,341,317,321,-10,-3.021148,1458800,OK
2025-11-20,7804,ビーアンドピー,スタンダード（内国株式）,その他製品,2367,2397,2345,2355,-12,-0.506971,4000,OK
2025-11-20,7805,プリントネット,スタンダード（内国株式）,その他製品,672,673,662,664,-7,-1.043219,2400,OK
2025-11-20,7806,ＭＴＧ,グロース（内国株式）,その他製品,4785,4785,4335,4335,-435,-9.119497,335100,OK
2025-11-20,7807,幸和製作所,スタンダード（内国株式）,その他製品,823,824,812,812,-25,-2.986858,11100,OK
2025-11-20,7808,シー・エス・ランバー,スタンダード（内国株式）,その他製品,3100,3145,3065,3065,-40,-1.288245,2900,OK
2025-11-20,7809,壽屋,スタンダード（内国株式）,その他製品,1609,1609,1555,1555,-21,-1.332487,10100,OK
2025-11-20,7810,クロスフォー,スタンダード（内国株式）,その他製品,150,151,149,149,-1,-0.666667,29100,OK
2025-11-20,7811,中本パックス,スタンダード（内国株式）,その他製品,1785,1787,1758,1771,13,0.739477,20500,OK
2025-11-20,7812,クレステック,スタンダード（内国株式）,その他製品,1967,1975,1958,1963,-3,-0.152594,2400,OK
2025-11-20,7813,プラッツ,スタンダード（内国株式）,その他製品,800,807,792,803,3,0.375,6200,OK
2025-11-20,7814,日本創発グループ,スタンダード（内国株式）,その他製品,800,810,797,805,10,1.257862,67100,OK
2025-11-20,7815,東京ボード工業,スタンダード（内国株式）,その他製品,559,559,539,542,-13,-2.342342,1400,OK
2025-11-20,7817,パラマウントベッドホールディングス,プライム（内国株式）,その他製品,3510,3515,3505,3510,5,0.142653,158300,OK
2025-11-20,7818,トランザクション,プライム（内国株式）,その他製品,1073,1080,1053,1057,-4,-0.377003,83800,OK
2025-11-20,7819,粧美堂,スタンダード（内国株式）,その他製品,829,840,824,837,3,0.359712,15000,OK
2025-11-20,7820,ニホンフラッシュ,プライム（内国株式）,その他製品,840,840,829,829,-4,-0.480192,17600,OK
2025-11-20,7821,前田工繊,プライム（内国株式）,その他製品,1972,1977,1950,1950,-16,-0.813835,136700,OK
2025-11-20,7822,永大産業,スタンダード（内国株式）,その他製品,226,229,226,228,1,0.440529,23700,OK
2025-11-20,7823,アートネイチャー,スタンダード（内国株式）,その他製品,816,821,813,818,8,0.987654,22400,OK
2025-11-20,7826,フルヤ金属,プライム（内国株式）,その他製品,3200,3210,3125,3165,145,4.801325,280100,OK
2025-11-20,7827,オービス,スタンダード（内国株式）,その他製品,1517,1538,1517,1537,29,1.923077,7000,OK
2025-11-20,7831,ウイルコホールディングス,スタンダード（内国株式）,その他製品,79,79,77,78,0,0,47100,OK
2025-11-20,7832,バンダイナムコホールディングス,プライム（内国株式）,その他製品,4431,4486,4412,4437,6,0.13541,1695300,OK
2025-11-20,7833,アイフィスジャパン,スタンダード（内国株式）,その他製品,704,705,700,700,-1,-0.142653,5800,OK
2025-11-20,7836,アビックス,スタンダード（内国株式）,その他製品,90,91,89,90,0,0,117700,OK
2025-11-20,7837,アールシーコア,スタンダード（内国株式）,その他製品,393,394,388,393,5,1.28866,7000,OK
2025-11-20,7839,ＳＨＯＥＩ,プライム（内国株式）,その他製品,1783,1821,1782,1807,30,1.688239,230100,OK
2025-11-20,7840,フランスベッドホールディングス,プライム（内国株式）,その他製品,1320,1322,1311,1319,10,0.763942,18500,OK
2025-11-20,7841,遠藤製作所,スタンダード（内国株式）,その他製品,1150,1167,1144,1150,0,0,34900,OK
2025-11-20,7844,マーベラス,プライム（内国株式）,情報･通信業,533,536,529,536,7,1.323251,96700,OK
2025-11-20,7846,パイロットコーポレーション,プライム（内国株式）,その他製品,4700,4732,4673,4678,10,0.214225,92300,OK
2025-11-20,7847,グラファイトデザイン,スタンダード（内国株式）,その他製品,614,617,614,615,3,0.490196,2300,OK
2025-11-20,7849,スターツ出版,スタンダード（内国株式）,情報･通信業,3520,3590,3520,3585,80,2.282454,1600,OK
2025-11-20,7850,総合商研,スタンダード（内国株式）,その他製品,853,855,844,844,-9,-1.0551,1500,OK
2025-11-20,7851,カワセコンピュータサプライ,スタンダード（内国株式）,その他製品,249,252,249,250,3,1.214575,3000,OK
2025-11-20,7856,萩原工業,プライム（内国株式）,その他製品,1555,1565,1550,1558,12,0.776197,48000,OK
2025-11-20,7857,セキ,スタンダード（内国株式）,その他製品,1336,1336,1336,1336,2,0.149925,100,OK
2025-11-20,7859,アルメディオ,スタンダード（内国株式）,その他製品,163,166,162,164,2,1.234568,73900,OK
2025-11-20,7860,エイベックス,プライム（内国株式）,情報･通信業,1201,1210,1200,1200,0,0,101000,OK
2025-11-20,7863,平賀,スタンダード（内国株式）,その他製品,,,,,,,,NO_QUOTE
2025-11-20,7864,フジシールインターナショナル,プライム（内国株式）,その他製品,2922,2943,2914,2920,20,0.689655,92700,OK
2025-11-20,7865,ピープル,スタンダード（内国株式）,その他製品,435,435,427,427,-8,-1.83908,4000,OK
2025-11-20,7867,タカラトミー,プライム（内国株式）,その他製品,2864,2902.5,2846,2892,51,1.795143,578000,OK
2025-11-20,7868,広済堂ホールディングス,プライム（内国株式）,その他製品,439,441,433,437,10,2.34192,541300,OK
2025-11-20,7871,フクビ化学工業,スタンダード（内国株式）,化学,921,940,921,933,15,1.633987,7500,OK
2025-11-20,7872,エステールホールディングス,スタンダード（内国株式）,その他製品,582,582,578,580,1,0.172712,5700,OK
2025-11-20,7874,レック,プライム（内国株式）,化学,1069,1084,1060,1083,17,1.594747,29700,OK
2025-11-20,7875,竹田ｉＰホールディングス,スタンダード（内国株式）,その他製品,1054,1058,1052,1052,-3,-0.28436,2100,OK
2025-11-20,7877,永大化工,スタンダード（内国株式）,化学,1723,1742,1706,1727,4,0.232153,3100,OK
2025-11-20,7878,光・彩,スタンダード（内国株式）,その他製品,1002,1010,984,984,-8,-0.806452,2700,OK
2025-11-20,7879,ノダ,スタンダード（内国株式）,その他製品,702,706,698,698,-2,-0.285714,12000,OK
2025-11-20,7883,サンメッセ,スタンダード（内国株式）,その他製品,351,352,349,349,0,0,8900,OK
2025-11-20,7885,タカノ,スタンダード（内国株式）,その他製品,753,758,750,753,3,0.4,3800,OK
2025-11-20,7886,ヤマト　モビリティ　＆　Ｍｆｇ．,スタンダード（内国株式）,化学,783,930,780,814,34,4.358974,137400,OK
2025-11-20,7887,南海プライウッド,スタンダード（内国株式）,その他製品,7470,7570,7380,7390,-30,-0.404313,800,OK
2025-11-20,7888,三光合成,プライム（内国株式）,化学,825,829,820,824,9,1.104294,61200,OK
2025-11-20,7893,プロネクサス,プライム（内国株式）,その他製品,1168,1186,1167,1183,16,1.371037,49700,OK
2025-11-20,7896,セブン工業,スタンダード（内国株式）,その他製品,502,502,498,498,2,0.403226,1700,OK
2025-11-20,7897,ホクシン,スタンダード（内国株式）,その他製品,108,109,106,108,0,0,367400,OK
2025-11-20,7898,ウッドワン,スタンダード（内国株式）,その他製品,883,888,883,888,6,0.680272,5100,OK
2025-11-20,7901,マツモト,スタンダード（内国株式）,その他製品,819,824,819,820,-6,-0.726392,700,OK
2025-11-20,7902,ソノコム,スタンダード（内国株式）,その他製品,886,895,886,886,-5,-0.561167,1600,OK
2025-11-20,7906,ヨネックス,スタンダード（内国株式）,その他製品,3390,3485,3360,3435,45,1.327434,265900,OK
2025-11-20,7908,きもと,スタンダード（内国株式）,化学,256,260,254,260,6,2.362205,209700,OK
2025-11-20,7911,ＴＯＰＰＡＮホールディングス,プライム（内国株式）,その他製品,3975,4107,3950,3994,142,3.686397,1681000,OK
2025-11-20,7912,大日本印刷,プライム（内国株式）,その他製品,2498.5,2543,2482,2508,59,2.409147,1339700,OK
2025-11-20,7914,共同印刷,プライム（内国株式）,その他製品,1447,1450,1439,1440,9,0.628931,60200,OK
2025-11-20,7915,ＮＩＳＳＨＡ,プライム（内国株式）,その他製品,1142,1150,1133,1141,9,0.795053,279400,OK
2025-11-20,7916,光村印刷,スタンダード（内国株式）,その他製品,1685,1685,1649,1669,-1,-0.05988,2000,OK
2025-11-20,7917,ＺＡＣＲＯＳ,プライム（内国株式）,化学,1078,1088,1073,1083,25,2.362949,105100,OK
2025-11-20,7918,ヴィア・ホールディングス,スタンダード（内国株式）,小売業,110,111,109,109,0,0,56600,OK
2025-11-20,7919,野崎印刷紙業,スタンダード（内国株式）,その他製品,191,191,189,190,0,0,11900,OK
2025-11-20,7921,ＴＡＫＡＲＡ　＆　ＣＯＭＰＡＮＹ,プライム（内国株式）,その他製品,4370,4430,4340,4385,15,0.343249,18400,OK
2025-11-20,7922,三光産業,スタンダード（内国株式）,その他製品,411,424,411,423,12,2.919708,12100,OK
2025-11-20,7923,トーイン,スタンダード（内国株式）,その他製品,849,849,845,848,10,1.193317,400,OK
2025-11-20,7925,前澤化成工業,プライム（内国株式）,化学,2094,2100,2080,2090,7,0.336054,50900,OK
2025-11-20,7927,ムトー精工,スタンダード（内国株式）,化学,1878,1895,1869,1895,33,1.772288,22100,OK
2025-11-20,7928,旭化学工業,スタンダード（内国株式）,化学,585,585,580,585,0,0,1600,OK
2025-11-20,7931,未来工業,プライム（内国株式）,化学,3300,3340,3295,3325,45,1.371951,17400,OK
2025-11-20,7932,ニッピ,スタンダード（内国株式）,その他製品,12980,13110,12980,13020,110,0.852053,5500,OK
2025-11-20,7936,アシックス,プライム（内国株式）,その他製品,3653,3769,3648,3661,63,1.750973,4514400,OK
2025-11-20,7937,ツツミ,スタンダード（内国株式）,その他製品,2429,2429,2406,2411,-16,-0.65925,3100,OK
2025-11-20,7938,リーガルコーポレーション,スタンダード（内国株式）,その他製品,2405,2415,2400,2400,-5,-0.2079,1700,OK
2025-11-20,7939,研創,スタンダード（内国株式）,その他製品,555,555,550,550,-3,-0.542495,2400,OK
2025-11-20,7940,ウェーブロックホールディングス,スタンダード（内国株式）,化学,1190,1215,1180,1195,29,2.487136,106900,OK
2025-11-20,7942,ＪＳＰ,プライム（内国株式）,化学,2170,2317,2158,2306,152,7.056639,181900,OK
2025-11-20,7943,ニチハ,プライム（内国株式）,ガラス･土石製品,2909,2909,2854,2855,-6,-0.209717,76800,OK
2025-11-20,7944,ローランド,プライム（内国株式）,その他製品,3480,3490,3450,3450,-10,-0.289017,54600,OK
2025-11-20,7946,光陽社,スタンダード（内国株式）,その他製品,2235,2235,2071,2147,-93,-4.151786,6000,OK
2025-11-20,7947,エフピコ,プライム（内国株式）,化学,2578,2599,2557,2557,-16,-0.621842,144100,OK
2025-11-20,7949,小松ウオール工業,プライム（内国株式）,その他製品,2582,2603,2577,2585,15,0.583658,57000,OK
2025-11-20,7951,ヤマハ,プライム（内国株式）,その他製品,1044,1055.5,1042.5,1050,18,1.744186,1730800,OK
2025-11-20,7952,河合楽器製作所,プライム（内国株式）,その他製品,2410,2442,2410,2420,16,0.665557,40500,OK
2025-11-20,7953,菊水化学工業,スタンダード（内国株式）,その他製品,384,386,384,386,3,0.78329,4700,OK
2025-11-20,7955,クリナップ,プライム（内国株式）,その他製品,783,792,782,784,2,0.255754,17200,OK
2025-11-20,7956,ピジョン,プライム（内国株式）,その他製品,1627,1635,1614.5,1618,-7.5,-0.461396,974000,OK
2025-11-20,7957,フジコピアン,スタンダード（内国株式）,その他製品,1465,1477,1459,1477,12,0.819113,900,OK
2025-11-20,7962,キングジム,プライム（内国株式）,その他製品,835,837,830,834,4,0.481928,20700,OK
2025-11-20,7963,興研,スタンダード（内国株式）,その他製品,1836,1876,1829,1837,1,0.054466,1200,OK
2025-11-20,7965,象印マホービン,プライム（内国株式）,電気機器,1626,1634,1601,1608,-16,-0.985222,499500,OK
2025-11-20,7966,リンテック,プライム（内国株式）,その他製品,3865,3910,3850,3880,70,1.83727,127900,OK
2025-11-20,7970,信越ポリマー,プライム（内国株式）,化学,1875,1911,1868,1887,41,2.221018,142300,OK
2025-11-20,7971,東リ,スタンダード（内国株式）,化学,694,704,689,700,20,2.941176,165300,OK
2025-11-20,7972,イトーキ,プライム（内国株式）,その他製品,2300,2319,2276,2286,14,0.616197,130500,OK
2025-11-20,7974,任天堂,プライム（内国株式）,その他製品,13280,13380,13125,13275,245,1.880276,2756500,OK
2025-11-20,7975,リヒトラブ,スタンダード（内国株式）,その他製品,1233,1233,1215,1220,6,0.494234,1300,OK
2025-11-20,7976,三菱鉛筆,プライム（内国株式）,その他製品,2029,2031,2006,2029,18,0.895077,102700,OK
2025-11-20,7979,松風,プライム（内国株式）,精密機器,1851,1860,1827,1845,3,0.162866,100800,OK
2025-11-20,7980,重松製作所,スタンダード（内国株式）,その他製品,773,774,769,771,-1,-0.129534,3600,OK
2025-11-20,7981,タカラスタンダード,プライム（内国株式）,その他製品,2575,2632,2569,2611,51,1.992187,81700,OK
2025-11-20,7983,ミロク,スタンダード（内国株式）,その他製品,1386,1395,1337,1375,-17,-1.221264,19500,OK
2025-11-20,7984,コクヨ,プライム（内国株式）,その他製品,891.1,897.3,888.1,893.9,9.8,1.108472,622100,OK
2025-11-20,7985,ネポン,スタンダード（内国株式）,金属製品,1505,1520,1504,1504,3,0.199867,1000,OK
2025-11-20,7986,日本アイ・エス・ケイ,スタンダード（内国株式）,その他製品,1794,1809,1779,1809,15,0.83612,2700,OK
2025-11-20,7987,ナカバヤシ,スタンダード（内国株式）,その他製品,540,546,537,545,8,1.489758,55600,OK
2025-11-20,7988,ニフコ,プライム（内国株式）,化学,4502,4540,4484,4485,8,0.178691,347800,OK
2025-11-20,7989,立川ブラインド工業,プライム（内国株式）,金属製品,1924,1929,1909,1918,5,0.26137,29900,OK
2025-11-20,7990,グローブライド,プライム（内国株式）,その他製品,2125,2138,2115,2117,3,0.141911,41100,OK
2025-11-20,7991,マミヤ・オーピー,スタンダード（内国株式）,機械,1618,1641,1618,1626,17,1.056557,30800,OK
2025-11-20,7992,セーラー万年筆,スタンダード（内国株式）,その他製品,103,103,99,101,-2,-1.941748,161000,OK
2025-11-20,7994,オカムラ,プライム（内国株式）,その他製品,2179,2198,2165,2186,13,0.598251,169200,OK
2025-11-20,7995,バルカー,プライム（内国株式）,化学,3790,3845,3765,3820,100,2.688172,57700,OK
2025-11-20,7997,くろがね工作所,スタンダード（内国株式）,その他製品,1135,1137,1124,1128,1,0.088731,17400,OK
2025-11-20,7999,ＭＵＴＯＨホールディングス,スタンダード（内国株式）,電気機器,2730,2750,2730,2732,11,0.404263,6500,OK
2025-11-20,8001,伊藤忠商事,プライム（内国株式）,卸売業,9065,9169,9030,9030,56,0.624025,2203100,OK
2025-11-20,8002,丸紅,プライム（内国株式）,卸売業,3815,3858,3790,3790,29,0.771072,3012600,OK
2025-11-20,8005,スクロール,プライム（内国株式）,小売業,1215,1230,1215,1229,15,1.235585,157200,OK
2025-11-20,8006,ユアサ・フナショク,スタンダード（内国株式）,卸売業,1656,1656,1626,1626,-19,-1.155015,1300,OK
2025-11-20,8007,高島,プライム（内国株式）,卸売業,828,829,824,824,3,0.365408,127300,OK
2025-11-20,8008,ヨンドシーホールディングス,プライム（内国株式）,小売業,1730,1741,1730,1735,9,0.521437,39400,OK
2025-11-20,8011,三陽商会,プライム（内国株式）,繊維製品,3445,3500,3405,3480,105,3.111111,71400,OK
2025-11-20,8012,長瀬産業,プライム（内国株式）,卸売業,3554,3557,3517,3517,47,1.354467,109700,OK
2025-11-20,8013,ナイガイ,スタンダード（内国株式）,繊維製品,280,284,280,284,4,1.428571,11600,OK
2025-11-20,8014,蝶理,プライム（内国株式）,卸売業,3845,3885,3835,3870,30,0.78125,15500,OK
2025-11-20,8015,豊田通商,プライム（内国株式）,卸売業,4824,4848,4750,4760,68,1.449275,1931200,OK
2025-11-20,8016,オンワードホールディングス,プライム（内国株式）,繊維製品,670,675,667,671,7,1.054217,370800,OK
2025-11-20,8018,三共生興,スタンダード（内国株式）,卸売業,691,700,686,690,3,0.436681,43900,OK
2025-11-20,8020,兼松,プライム（内国株式）,卸売業,3247,3254,3211,3217,26,0.814792,221200,OK
2025-11-20,8022,美津濃,プライム（内国株式）,その他製品,2774,2827,2760,2791,37,1.3435,173700,OK
2025-11-20,8023,ＤＡＩＫＯ　ＸＴＥＣＨ,スタンダード（内国株式）,情報･通信業,1085,1090,1067,1067,-12,-1.112141,3300,OK
2025-11-20,8025,ツカモトコーポレーション,スタンダード（内国株式）,卸売業,1355,1355,1337,1350,-5,-0.369004,600,OK
2025-11-20,8029,ルックホールディングス,スタンダード（内国株式）,繊維製品,2710,2710,2680,2685,4,0.149198,13500,OK
2025-11-20,8030,中央魚類,スタンダード（内国株式）,卸売業,3415,3450,3365,3420,25,0.736377,9600,OK
2025-11-20,8031,三井物産,プライム（内国株式）,卸売業,4019,4081,4006,4026,43,1.079588,4624900,OK
2025-11-20,8032,日本紙パルプ商事,プライム（内国株式）,卸売業,719,721,711,716,10,1.416431,164100,OK
2025-11-20,8035,東京エレクトロン,プライム（内国株式）,電気機器,32900,33040,32170,32500,1640,5.314323,3883500,OK
2025-11-20,8037,カメイ,プライム（内国株式）,卸売業,2798,2798,2756,2767,2,0.072333,22000,OK
2025-11-20,8039,築地魚市場,スタンダード（内国株式）,卸売業,3490,3500,3480,3485,-5,-0.143266,1000,OK
2025-11-20,8040,東京ソワール,スタンダード（内国株式）,繊維製品,1053,1064,1048,1048,-11,-1.038716,2800,OK
2025-11-20,8041,ＯＵＧホールディングス,スタンダード（内国株式）,卸売業,3830,3905,3830,3900,110,2.902375,7800,OK
2025-11-20,8043,スターゼン,プライム（内国株式）,卸売業,1171,1183,1162,1175,11,0.945017,76000,OK
2025-11-20,8045,横浜丸魚,スタンダード（内国株式）,卸売業,1150,1190,1150,1157,16,1.402279,1400,OK
2025-11-20,8046,丸藤シートパイル,スタンダード（内国株式）,卸売業,3740,3860,3715,3830,90,2.406417,10000,OK
2025-11-20,8050,セイコーグループ,プライム（内国株式）,精密機器,6940,6940,6850,6880,60,0.879765,96500,OK
2025-11-20,8051,山善,プライム（内国株式）,卸売業,1448,1461,1446,1450,15,1.045296,116200,OK
2025-11-20,8052,椿本興業,プライム（内国株式）,卸売業,2597,2616,2589,2616,34,1.316809,30000,OK
2025-11-20,8053,住友商事,プライム（内国株式）,卸売業,4750,4794,4727,4736,56,1.196581,2202300,OK
2025-11-20,8056,ＢＩＰＲＯＧＹ,プライム（内国株式）,情報･通信業,5950,6048,5950,6031,137,2.324398,375000,OK
2025-11-20,8057,内田洋行,プライム（内国株式）,卸売業,10480,10480,10310,10400,30,0.289296,26500,OK
2025-11-20,8058,三菱商事,プライム（内国株式）,卸売業,3645,3684,3618,3618,27,0.75188,7466800,OK
2025-11-20,8059,第一実業,プライム（内国株式）,卸売業,2712,2755,2704,2736,24,0.884956,14300,OK
2025-11-20,8060,キヤノンマーケティングジャパン,プライム（内国株式）,卸売業,6600,6677,6597,6600,62,0.948302,134500,OK
2025-11-20,8061,西華産業,プライム（内国株式）,卸売業,2244,2336,2229,2316,162,7.520891,357600,OK
2025-11-20,8065,佐藤商事,プライム（内国株式）,卸売業,2131,2195,2130,2174,88,4.2186,41200,OK
2025-11-20,8066,三谷商事,スタンダード（内国株式）,卸売業,2380,2380,2356,2378,11,0.464723,7400,OK
2025-11-20,8070,東京産業,プライム（内国株式）,卸売業,1000,1006,987,990,18,1.851852,155100,OK
2025-11-20,8074,ユアサ商事,プライム（内国株式）,卸売業,5090,5140,5090,5100,20,0.393701,12600,OK
2025-11-20,8075,神鋼商事,プライム（内国株式）,卸売業,2286,2336,2285,2323,55,2.425044,41300,OK
2025-11-20,8076,カノークス,スタンダード（内国株式）,卸売業,1917,1924,1915,1915,4,0.209314,5400,OK
2025-11-20,8077,トルク,スタンダード（内国株式）,卸売業,246,247,246,246,-1,-0.404858,4900,OK
2025-11-20,8078,阪和興業,プライム（内国株式）,卸売業,6570,6700,6570,6680,210,3.24575,101900,OK
2025-11-20,8079,正栄食品工業,プライム（内国株式）,卸売業,4010,4025,4000,4000,-10,-0.249377,16400,OK
2025-11-20,8081,カナデン,プライム（内国株式）,卸売業,2059,2064,2040,2056,23,1.131333,30700,OK
2025-11-20,8084,ＲＹＯＤＥＮ,プライム（内国株式）,卸売業,3175,3175,3135,3175,55,1.762821,24200,OK
2025-11-20,8085,ナラサキ産業,スタンダード（内国株式）,卸売業,3605,3675,3600,3600,0,0,3800,OK
2025-11-20,8086,ニプロ,プライム（内国株式）,精密機器,1489,1492,1461,1473,-7.5,-0.506586,464200,OK
2025-11-20,8088,岩谷産業,プライム（内国株式）,卸売業,1663,1680,1658.5,1669.5,28,1.705757,594900,OK
2025-11-20,8089,ナイス,スタンダード（内国株式）,卸売業,1800,1820,1787,1818,31,1.734751,9900,OK
2025-11-20,8091,ニチモウ,プライム（内国株式）,卸売業,2358,2368,2338,2360,12,0.511073,16000,OK
2025-11-20,8093,極東貿易,プライム（内国株式）,卸売業,1725,1730,1711,1715,11,0.64554,51100,OK
2025-11-20,8095,アステナホールディングス,プライム（内国株式）,卸売業,469,470,465,467,2,0.430108,345100,OK
2025-11-20,8097,三愛オブリ,プライム（内国株式）,卸売業,2050,2066,2039,2045,7,0.343474,64400,OK
2025-11-20,8098,稲畑産業,プライム（内国株式）,卸売業,3500,3530,3490,3520,25,0.715308,72600,OK
2025-11-20,8101,ＧＳＩクレオス,プライム（内国株式）,卸売業,2298,2323,2292,2312,34,1.492537,39900,OK
2025-11-20,8103,明和産業,プライム（内国株式）,卸売業,792,801,792,796,7,0.887199,81600,OK
2025-11-20,8104,クワザワホールディングス,スタンダード（内国株式）,卸売業,552,559,549,557,7,1.272727,10800,OK
2025-11-20,8105,Ｂｉｔｃｏｉｎ　Ｊａｐａｎ,スタンダード（内国株式）,卸売業,408,470,385,470,80,20.512821,12176300,OK
2025-11-20,8107,キムラタン,スタンダード（内国株式）,繊維製品,32,33,31,31,-1,-3.125,1466400,OK
2025-11-20,8111,ゴールドウイン,プライム（内国株式）,繊維製品,2807,2853.5,2781,2781,-11,-0.393983,633700,OK
2025-11-20,8113,ユニ・チャーム,プライム（内国株式）,化学,923,933.7,920.2,920.2,-2.7,-0.292556,5764700,OK
2025-11-20,8115,ムーンバット,スタンダード（内国株式）,卸売業,1199,1210,1175,1196,7,0.58873,8700,OK
2025-11-20,8117,中央自動車工業,スタンダード（内国株式）,卸売業,1730,1752,1718,1744,34,1.988304,152600,OK
2025-11-20,8118,キング,スタンダード（内国株式）,繊維製品,870,880,870,873,2,0.229621,900,OK
2025-11-20,8119,三栄コーポレーション,スタンダード（内国株式）,卸売業,794,797,793,793,-1,-0.125945,2300,OK
2025-11-20,8123,川辺,スタンダード（内国株式）,卸売業,1332,1333,1330,1330,-1,-0.075131,1500,OK
2025-11-20,8125,ワキタ,プライム（内国株式）,卸売業,1818,1818,1800,1805,6,0.333519,78600,OK
2025-11-20,8127,ヤマトインターナショナル,スタンダード（内国株式）,繊維製品,597,604,597,600,3,0.502513,19500,OK
2025-11-20,8129,東邦ホールディングス,プライム（内国株式）,卸売業,4694,4710,4528,4551,-158,-3.355277,209700,OK
2025-11-20,8130,サンゲツ,プライム（内国株式）,卸売業,3065,3080,3050,3065,15,0.491803,132200,OK
2025-11-20,8131,ミツウロコグループホールディングス,スタンダード（内国株式）,卸売業,2195,2216,2170,2183,38,1.771562,30500,OK
2025-11-20,8132,シナネンホールディングス,プライム（内国株式）,卸売業,6520,6610,6510,6520,-50,-0.761035,5100,OK
2025-11-20,8133,伊藤忠エネクス,プライム（内国株式）,卸売業,1809,1826,1800,1815,15,0.833333,74800,OK
2025-11-20,8135,ゼット,スタンダード（内国株式）,卸売業,444,445,436,444,-2,-0.44843,30400,OK
2025-11-20,8136,サンリオ,プライム（内国株式）,卸売業,5472,5493,5230,5242,-211,-3.86943,13096000,OK
2025-11-20,8137,サンワテクノス,プライム（内国株式）,卸売業,2860,2876,2836,2853,20,0.705965,33300,OK
2025-11-20,8138,三京化成,スタンダード（内国株式）,卸売業,4235,4270,4165,4270,105,2.521008,900,OK
2025-11-20,8139,ナガホリ,スタンダード（内国株式）,卸売業,1819,1850,1778,1850,51,2.834908,2800,OK
2025-11-20,8141,新光商事,プライム（内国株式）,卸売業,1043,1049,1038,1042,8,0.773694,40100,OK
2025-11-20,8142,トーホー,プライム（内国株式）,卸売業,3430,3445,3400,3420,15,0.440529,12200,OK
2025-11-20,8143,ラピーヌ,スタンダード（内国株式）,繊維製品,244,247,242,242,-2,-0.819672,1800,OK
2025-11-20,8144,デンキョーグループホールディングス,スタンダード（内国株式）,卸売業,1233,1235,1229,1233,7,0.570962,1000,OK
2025-11-20,8147,トミタ,スタンダード（内国株式）,卸売業,1281,1320,1275,1320,27,2.088167,3700,OK
2025-11-20,8150,三信電気,プライム（内国株式）,卸売業,3005,3045,2991,3010,58,1.96477,45500,OK
2025-11-20,8151,東陽テクニカ,プライム（内国株式）,卸売業,1644,1655,1632,1648,19,1.16636,34600,OK
2025-11-20,8152,ソマール,スタンダード（内国株式）,卸売業,5300,5320,5280,5320,40,0.757576,600,OK
2025-11-20,8153,モスフードサービス,プライム（内国株式）,卸売業,4060,4060,4030,4030,-35,-0.861009,60700,OK
2025-11-20,8154,加賀電子,プライム（内国株式）,卸売業,3530,3555,3505,3520,55,1.587302,103400,OK
2025-11-20,8157,都築電気,プライム（内国株式）,情報･通信業,3175,3175,3095,3150,0,0,46200,OK
2025-11-20,8158,ソーダニッカ,プライム（内国株式）,卸売業,1006,1016,1006,1014,18,1.807229,68200,OK
2025-11-20,8159,立花エレテック,プライム（内国株式）,卸売業,2904,2939,2904,2924,36,1.246537,31300,OK
2025-11-20,8160,木曽路,プライム（内国株式）,小売業,2443,2462,2431,2444,1,0.040933,44800,OK
2025-11-20,8163,ＳＲＳホールディングス,プライム（内国株式）,小売業,1190,1198,1187,1198,8,0.672269,55000,OK
2025-11-20,8165,千趣会,スタンダード（内国株式）,小売業,222,222,220,221,0,0,107700,OK
2025-11-20,8166,タカキュー,スタンダード（内国株式）,小売業,87,87,86,87,1,1.162791,78900,OK
2025-11-20,8167,リテールパートナーズ,プライム（内国株式）,小売業,1314,1320,1307,1319,15,1.150307,61600,OK
2025-11-20,8173,上新電機,プライム（内国株式）,小売業,2600,2608,2574,2593,-3,-0.115562,42000,OK
2025-11-20,8174,日本瓦斯,プライム（内国株式）,小売業,3005,3024,2984,2986,8,0.268637,193800,OK
2025-11-20,8179,ロイヤルホールディングス,プライム（内国株式）,小売業,2605,2635,2595,2619,25,0.963763,491300,OK
2025-11-20,8181,東天紅,スタンダード（内国株式）,小売業,1112,1138,1112,1132,20,1.798561,2400,OK
2025-11-20,8185,チヨダ,プライム（内国株式）,小売業,991,992,983,987,-1,-0.101215,123600,OK
2025-11-20,8194,ライフコーポレーション,プライム（内国株式）,小売業,2479,2499,2460,2489,21,0.850891,84600,OK
2025-11-20,8198,マックスバリュ東海,スタンダード（内国株式）,小売業,3600,3650,3565,3635,85,2.394366,13800,OK
2025-11-20,8200,リンガーハット,プライム（内国株式）,小売業,2246,2259,2244,2248,-5,-0.221926,52200,OK
2025-11-20,8202,ラオックスホールディングス,スタンダード（内国株式）,小売業,157,167,156,158,3,1.935484,586300,OK
2025-11-20,8203,ＭｒＭａｘＨＤ,プライム（内国株式）,小売業,782,789,776,780,3,0.3861,54900,OK
2025-11-20,8207,テンアライド,スタンダード（内国株式）,小売業,277,278,277,278,2,0.724638,10800,OK
2025-11-20,8209,フレンドリー,スタンダード（内国株式）,小売業,300,300,296,299,4,1.355932,3500,OK
2025-11-20,8214,ＡＯＫＩホールディングス,プライム（内国株式）,小売業,1654,1670,1650,1655,2,0.120992,137300,OK
2025-11-20,8217,オークワ,プライム（内国株式）,小売業,847,849,840,845,2,0.237248,57400,OK
2025-11-20,8218,コメリ,プライム（内国株式）,小売業,3315,3325,3295,3315,20,0.60698,54400,OK
2025-11-20,8219,青山商事,プライム（内国株式）,小売業,2361,2383,2343,2361,21,0.897436,306200,OK
2025-11-20,8225,タカチホ,スタンダード（内国株式）,卸売業,3840,3840,3645,3660,-180,-4.6875,1200,OK
2025-11-20,8226,理経,スタンダード（内国株式）,卸売業,450,453,428,428,-16,-3.603604,423000,OK
2025-11-20,8227,しまむら,プライム（内国株式）,小売業,10720,11020,10655,10830,70,0.650558,289400,OK
2025-11-20,8230,はせがわ,スタンダード（内国株式）,小売業,319,320,316,320,4,1.265823,9100,OK
2025-11-20,8233,高島屋,プライム（内国株式）,小売業,1624,1632,1608,1610.5,-6.5,-0.401979,1696700,OK
2025-11-20,8237,松屋,プライム（内国株式）,小売業,1830,1861,1795,1795,4,0.223339,347600,OK
2025-11-20,8242,エイチ・ツー・オー　リテイリング,プライム（内国株式）,小売業,2058,2096.5,2043.5,2081.5,38,1.859555,451700,OK
2025-11-20,8244,近鉄百貨店,スタンダード（内国株式）,小売業,1883,1883,1849,1849,-33,-1.753454,62900,OK
2025-11-20,8247,大和,スタンダード（内国株式）,小売業,384,384,381,384,1,0.261097,1100,OK
2025-11-20,8252,丸井グループ,プライム（内国株式）,小売業,3136,3159,3112,3122,-11,-0.351101,819000,OK
2025-11-20,8253,クレディセゾン,プライム（内国株式）,その他金融業,3653,3750,3649,3716,93,2.566933,833400,OK
2025-11-20,8254,さいか屋,スタンダード（内国株式）,小売業,385,386,377,378,-3,-0.787402,15200,OK
2025-11-20,8255,アクシアル　リテイリング,プライム（内国株式）,小売業,1083,1091,1079,1081,-3,-0.276753,72400,OK
2025-11-20,8260,井筒屋,スタンダード（内国株式）,小売業,418,420,417,419,1,0.239234,1800,OK
2025-11-20,8267,イオン,プライム（内国株式）,小売業,2649,2857.5,2643,2820,175,6.616257,20073800,OK
2025-11-20,8273,イズミ,プライム（内国株式）,小売業,2884,2920,2876,2900,5,0.172712,139400,OK
2025-11-20,8275,フォーバル,スタンダード（内国株式）,卸売業,1208,1210,1202,1204,2,0.166389,5200,OK
2025-11-20,8276,平和堂,プライム（内国株式）,小売業,2920,2940,2900,2928,10,0.3427,61100,OK
2025-11-20,8278,フジ,プライム（内国株式）,小売業,2014,2025,2009,2016,2,0.099305,57000,OK
2025-11-20,8281,ゼビオホールディングス,プライム（内国株式）,小売業,1045,1055,1045,1050,8,0.767754,73700,OK
2025-11-20,8282,ケーズホールディングス,プライム（内国株式）,小売業,1533,1544,1520.5,1529,-2.5,-0.163239,482300,OK
2025-11-20,8283,ＰＡＬＴＡＣ,プライム（内国株式）,卸売業,4616,4660,4598,4598,31,0.678783,89400,OK
2025-11-20,8285,三谷産業,スタンダード（内国株式）,卸売業,518,532,514,532,18,3.501946,110900,OK
2025-11-20,8289,Ｏｌｙｍｐｉｃグループ,スタンダード（内国株式）,小売業,399,400,395,399,1,0.251256,3400,OK
2025-11-20,8291,日産東京販売ホールディングス,スタンダード（内国株式）,小売業,492,492,487,488,1,0.205339,42100,OK
2025-11-20,8304,あおぞら銀行,プライム（内国株式）,銀行業,2300,2339,2292,2322.5,42.5,1.864035,1064200,OK
2025-11-20,8306,三菱ＵＦＪフィナンシャル・グループ,プライム（内国株式）,銀行業,2398.5,2411.5,2380.5,2386.5,46.5,1.987179,40564800,OK
2025-11-20,8308,りそなホールディングス,プライム（内国株式）,銀行業,1550,1556,1534,1541.5,22.5,1.481238,7128600,OK
2025-11-20,8309,三井住友トラストグループ,プライム（内国株式）,銀行業,4326,4356,4308,4333,74,1.737497,1925500,OK
2025-11-20,8316,三井住友フィナンシャルグループ,プライム（内国株式）,銀行業,4461,4482,4413,4416,42,0.960219,13065200,OK
2025-11-20,8331,千葉銀行,プライム（内国株式）,銀行業,1568,1573.5,1543.5,1555,17,1.105332,2038800,OK
2025-11-20,8334,群馬銀行,プライム（内国株式）,銀行業,1617,1617,1590,1608.5,22,1.3867,828700,OK
2025-11-20,8336,武蔵野銀行,プライム（内国株式）,銀行業,4380,4390,4330,4365,55,1.276102,46200,OK
2025-11-20,8337,千葉興業銀行,プライム（内国株式）,銀行業,1502,1513,1489,1499,14,0.942761,70000,OK
2025-11-20,8338,筑波銀行,プライム（内国株式）,銀行業,348,349,340,345,9,2.678571,872100,OK
2025-11-20,8341,七十七銀行,プライム（内国株式）,銀行業,6901,6938,6806,6888,187,2.790628,234400,OK
2025-11-20,8343,秋田銀行,プライム（内国株式）,銀行業,3680,3725,3670,3695,75,2.071823,46300,OK
2025-11-20,8344,山形銀行,プライム（内国株式）,銀行業,1702,1715,1689,1707,36,2.154399,57200,OK
2025-11-20,8345,岩手銀行,プライム（内国株式）,銀行業,4525,4660,4490,4615,175,3.941441,82300,OK
2025-11-20,8346,東邦銀行,プライム（内国株式）,銀行業,470,472,464,467,7,1.521739,510000,OK
2025-11-20,8349,東北銀行,スタンダード（内国株式）,銀行業,1302,1316,1298,1315,18,1.387818,13000,OK
2025-11-20,8354,ふくおかフィナンシャルグループ,プライム（内国株式）,銀行業,4562,4604,4544,4585,93,2.070347,958100,OK
2025-11-20,8358,スルガ銀行,プライム（内国株式）,銀行業,1548,1565,1543,1562,41,2.695595,439600,OK
2025-11-20,8359,八十二銀行,プライム（内国株式）,銀行業,1555,1563,1537.5,1559.5,30.5,1.994768,924100,OK
2025-11-20,8360,山梨中央銀行,プライム（内国株式）,銀行業,3435,3450,3380,3410,45,1.337296,96900,OK
2025-11-20,8361,大垣共立銀行,プライム（内国株式）,銀行業,3715,3755,3640,3755,140,3.872752,158000,OK
2025-11-20,8362,福井銀行,プライム（内国株式）,銀行業,2164,2169,2141,2154,25,1.17426,32400,OK
2025-11-20,8364,清水銀行,プライム（内国株式）,銀行業,2048,2074,2046,2065,17,0.830078,16500,OK
2025-11-20,8365,富山銀行,スタンダード（内国株式）,銀行業,1724,1739,1724,1736,25,1.461134,3600,OK
2025-11-20,8366,滋賀銀行,プライム（内国株式）,銀行業,6170,6200,6070,6170,100,1.647446,81600,OK
2025-11-20,8367,南都銀行,プライム（内国株式）,銀行業,5200,5240,5170,5200,80,1.5625,48000,OK
2025-11-20,8368,百五銀行,プライム（内国株式）,銀行業,971,987,961,982,26,2.719665,688300,OK
2025-11-20,8370,紀陽銀行,プライム（内国株式）,銀行業,2895,2909,2863,2900,42,1.469559,128100,OK
2025-11-20,8377,ほくほくフィナンシャルグループ,プライム（内国株式）,銀行業,4240,4404,4225,4341,201,4.855072,459000,OK
2025-11-20,8381,山陰合同銀行,プライム（内国株式）,銀行業,1387,1387,1371,1380,10,0.729927,249000,OK
2025-11-20,8383,鳥取銀行,スタンダード（内国株式）,銀行業,1362,1368,1357,1368,5,0.366838,11700,OK
2025-11-20,8386,百十四銀行,プライム（内国株式）,銀行業,5790,5800,5710,5750,60,1.054482,63800,OK
2025-11-20,8387,四国銀行,プライム（内国株式）,銀行業,1495,1511,1487,1502,30,2.038043,93400,OK
2025-11-20,8388,阿波銀行,プライム（内国株式）,銀行業,3840,3860,3790,3830,55,1.456954,41500,OK
2025-11-20,8392,大分銀行,プライム（内国株式）,銀行業,5280,5290,5210,5240,40,0.769231,25300,OK
2025-11-20,8393,宮崎銀行,プライム（内国株式）,銀行業,5110,5170,5100,5110,50,0.988142,34700,OK
2025-11-20,8395,佐賀銀行,プライム（内国株式）,銀行業,3320,3375,3320,3340,70,2.140673,33000,OK
2025-11-20,8399,琉球銀行,プライム（内国株式）,銀行業,1589,1603,1580,1586,31,1.993569,149700,OK
2025-11-20,8410,セブン銀行,プライム（内国株式）,銀行業,288,289.6,284.7,284.7,-2.6,-0.904977,3994100,OK
2025-11-20,8411,みずほフィナンシャルグループ,プライム（内国株式）,銀行業,5123,5198,5120,5159,126,2.503477,7442500,OK
2025-11-20,8416,高知銀行,スタンダード（内国株式）,銀行業,851,853,839,845,0,0,12400,OK
2025-11-20,8418,山口フィナンシャルグループ,プライム（内国株式）,銀行業,1775,1783.5,1763,1771.5,18.5,1.055334,555200,OK
2025-11-20,8424,芙蓉総合リース,プライム（内国株式）,その他金融業,4000,4020,3994,4007,8,0.20005,163500,OK
2025-11-20,8425,みずほリース,プライム（内国株式）,その他金融業,1277,1282,1268,1277,13,1.028481,273700,OK
2025-11-20,8439,東京センチュリー,プライム（内国株式）,その他金融業,1903,1930,1890,1929,44.5,2.361369,489300,OK
2025-11-20,8473,ＳＢＩホールディングス,プライム（内国株式）,証券･商品先物取引業,6403,6409,6282,6340,111,1.781987,2923900,OK
2025-11-20,8508,Ｊトラスト,スタンダード（内国株式）,その他金融業,427,430,423,424,-1,-0.235294,269600,OK
2025-11-20,8511,日本証券金融,プライム（内国株式）,その他金融業,1844,1849,1827,1827,0,0,189300,OK
2025-11-20,8515,アイフル,プライム（内国株式）,その他金融業,489,490,484,486,3,0.621118,1391600,OK
2025-11-20,8518,日本アジア投資,スタンダード（内国株式）,証券･商品先物取引業,219,226,219,224,5,2.283105,155300,OK
2025-11-20,8522,名古屋銀行,プライム（内国株式）,銀行業,4045,4090,3995,4090,140,3.544304,186800,OK
2025-11-20,8524,北洋銀行,プライム（内国株式）,銀行業,749,752,738,751,15,2.038043,1594700,OK
2025-11-20,8537,大光銀行,スタンダード（内国株式）,銀行業,1693,1711,1686,1707,36,2.154399,37500,OK
2025-11-20,8541,愛媛銀行,プライム（内国株式）,銀行業,1245,1248,1229,1240,17,1.390025,67000,OK
2025-11-20,8542,トマト銀行,スタンダード（内国株式）,銀行業,1367,1377,1367,1377,21,1.548673,8900,OK
2025-11-20,8544,京葉銀行,プライム（内国株式）,銀行業,1405,1419,1395,1415,39,2.834302,288400,OK
2025-11-20,8550,栃木銀行,プライム（内国株式）,銀行業,603,615,594,610,20,3.389831,925800,OK
2025-11-20,8551,北日本銀行,プライム（内国株式）,銀行業,4040,4145,4040,4125,80,1.97775,13700,OK
2025-11-20,8558,東和銀行,プライム（内国株式）,銀行業,915,919,906,914,9,0.994475,77900,OK
2025-11-20,8562,福島銀行,スタンダード（内国株式）,銀行業,230,232,229,230,1,0.436681,114900,OK
2025-11-20,8563,大東銀行,スタンダード（内国株式）,銀行業,770,772,767,769,8,1.051248,21300,OK
2025-11-20,8566,リコーリース,プライム（内国株式）,その他金融業,5670,5680,5610,5650,20,0.35524,27400,OK
2025-11-20,8570,イオンフィナンシャルサービス,プライム（内国株式）,その他金融業,1520,1531.5,1515,1531.5,27,1.794616,407000,OK
2025-11-20,8572,アコム,スタンダード（内国株式）,その他金融業,450.5,452.7,449.2,452,3.9,0.870341,1273800,OK
2025-11-20,8584,ジャックス,プライム（内国株式）,その他金融業,4000,4030,3990,4000,10,0.250627,84700,OK
2025-11-20,8585,オリエントコーポレーション,プライム（内国株式）,その他金融業,1010,1012,1005,1010,6,0.59761,295200,OK
2025-11-20,8591,オリックス,プライム（内国株式）,その他金融業,4020,4028,3972,4027,70,1.769017,3341900,OK
2025-11-20,8593,三菱ＨＣキャピタル,プライム（内国株式）,その他金融業,1207,1213,1199.5,1210,15.5,1.297614,2960900,OK
2025-11-20,8595,ジャフコ　グループ,プライム（内国株式）,証券･商品先物取引業,2394,2404,2365.5,2392.5,10.5,0.440806,338100,OK
2025-11-20,8596,九州リースサービス,スタンダード（内国株式）,その他金融業,1290,1295,1282,1291,12,0.938233,25700,OK
2025-11-20,8600,トモニホールディングス,プライム（内国株式）,銀行業,685,699,681,696,22,3.264095,647800,OK
2025-11-20,8601,大和証券グループ本社,プライム（内国株式）,証券･商品先物取引業,1249,1265,1240,1256,32,2.614379,4834800,OK
2025-11-20,8604,野村ホールディングス,プライム（内国株式）,証券･商品先物取引業,1105,1127.5,1099.5,1124,53.5,4.997665,13203400,OK
2025-11-20,8609,岡三証券グループ,プライム（内国株式）,証券･商品先物取引業,706,707,694,702,16,2.332362,225700,OK
2025-11-20,8613,丸三証券,プライム（内国株式）,証券･商品先物取引業,941,952,939,946,12,1.284797,155800,OK
2025-11-20,8614,東洋証券,プライム（内国株式）,証券･商品先物取引業,584,592,580,591,13,2.249135,952700,OK
2025-11-20,8616,東海東京フィナンシャル・ホールディングス,プライム（内国株式）,証券･商品先物取引業,606,618,605,613,11,1.827243,1126200,OK
2025-11-20,8617,光世証券,スタンダード（内国株式）,証券･商品先物取引業,462,467,461,467,8,1.742919,2600,OK
2025-11-20,8622,水戸証券,プライム（内国株式）,証券･商品先物取引業,520,526,518,523,7,1.356589,124100,OK
2025-11-20,8624,いちよし証券,プライム（内国株式）,証券･商品先物取引業,896,913,894,901,13,1.463964,97200,OK
2025-11-20,8628,松井証券,プライム（内国株式）,証券･商品先物取引業,796,801,795,799,6,0.75662,553000,OK
2025-11-20,8630,ＳＯＭＰＯホールディングス,プライム（内国株式）,保険業,4880,4998,4814,4955,472,10.528664,6931500,OK
2025-11-20,8697,日本取引所グループ,プライム（内国株式）,その他金融業,1725,1769.5,1717.5,1740.5,49.5,2.927262,3233500,OK
2025-11-20,8698,マネックスグループ,プライム（内国株式）,証券･商品先物取引業,730,731,722,725,9,1.256983,1151300,OK
2025-11-20,8699,ＨＳホールディングス,スタンダード（内国株式）,証券･商品先物取引業,1035,1048,1031,1040,5,0.483092,20400,OK
2025-11-20,8700,丸八証券,スタンダード（内国株式）,証券･商品先物取引業,1620,1620,1610,1610,5,0.311526,500,OK
2025-11-20,8704,トレイダーズホールディングス,スタンダード（内国株式）,証券･商品先物取引業,911,922,906,917,24,2.68757,170800,OK
2025-11-20,8705,日産証券グループ,スタンダード（内国株式）,証券･商品先物取引業,175,177,175,176,2,1.149425,134200,OK
2025-11-20,8706,極東証券,プライム（内国株式）,証券･商品先物取引業,1583,1600,1576,1594,29,1.853035,200200,OK
2025-11-20,8707,岩井コスモホールディングス,プライム（内国株式）,証券･商品先物取引業,2951,3020,2932,3000,102,3.519669,119900,OK
2025-11-20,8708,アイザワ証券グループ,プライム（内国株式）,証券･商品先物取引業,1292,1310,1289,1308,29,2.267396,65600,OK
2025-11-20,8713,フィデアホールディングス,プライム（内国株式）,銀行業,1655,1668,1641,1658,23,1.406728,38600,OK
2025-11-20,8714,池田泉州ホールディングス,プライム（内国株式）,銀行業,716,728,710,725,23,3.276353,1534500,OK
2025-11-20,8715,アニコム　ホールディングス,プライム（内国株式）,保険業,871,884,839,845,-14,-1.629802,857600,OK
2025-11-20,8725,ＭＳ＆ＡＤインシュアランスグループホールディングス,プライム（内国株式）,保険業,3328,3429,3328,3403,110,3.340419,8289300,OK
2025-11-20,8729,ソニーフィナンシャルグループ,プライム（内国株式）,保険業,147.3,149.3,145,145,-1,-0.684932,99396900,OK
2025-11-20,8737,あかつき本社,スタンダード（内国株式）,証券･商品先物取引業,544,548,544,545,3,0.553506,38500,OK
2025-11-20,8739,スパークス・グループ,プライム（内国株式）,証券･商品先物取引業,1458,1462,1443,1451,10,0.693963,45100,OK
2025-11-20,8742,小林洋行,スタンダード（内国株式）,証券･商品先物取引業,349,349,343,347,-2,-0.573066,10300,OK
2025-11-20,8746,ｕｎｂａｎｋｅｄ,スタンダード（内国株式）,証券･商品先物取引業,337,337,337,337,-80,-19.184652,17500,OK
2025-11-20,8747,豊トラスティ証券,スタンダード（内国株式）,証券･商品先物取引業,1788,1806,1780,1806,18,1.006711,3700,OK
2025-11-20,8750,第一生命ホールディングス,プライム（内国株式）,保険業,1225,1258,1221,1237,22.5,1.852614,13218600,OK
2025-11-20,8766,東京海上ホールディングス,プライム（内国株式）,保険業,5409,5493,5332,5350,-461,-7.93323,18655800,OK
2025-11-20,8769,アドバンテッジリスクマネジメント,スタンダード（内国株式）,サービス業,652,652,621,622,-22,-3.416149,93200,OK
2025-11-20,8771,イー・ギャランティ,プライム（内国株式）,その他金融業,1681,1690,1666,1674,3,0.179533,243500,OK
2025-11-20,8772,アサックス,スタンダード（内国株式）,その他金融業,831,832,815,815,-13,-1.570048,10200,OK
2025-11-20,8783,ａｂｃ,スタンダード（内国株式）,その他金融業,279,288,277,281,-1,-0.35461,354700,OK
2025-11-20,8789,フィンテック　グローバル,スタンダード（内国株式）,その他金融業,127,136,127,135,9,7.142857,4313800,OK
2025-11-20,8793,ＮＥＣキャピタルソリューション,プライム（内国株式）,その他金融業,3830,3860,3825,3860,55,1.445466,19400,OK
2025-11-20,8795,Ｔ＆Ｄホールディングス,プライム（内国株式）,保険業,3323,3380,3306,3351,38,1.146997,2922400,OK
2025-11-20,8798,アドバンスクリエイト,プライム（内国株式）,保険業,215,215,204,206,-8,-3.738318,112000,OK
2025-11-20,8801,三井不動産,プライム（内国株式）,不動産業,1718.5,1749.5,1712.5,1729,23,1.348183,8523900,OK
2025-11-20,8802,三菱地所,プライム（内国株式）,不動産業,3328,3405,3311,3355,45,1.359517,4670300,OK
2025-11-20,8803,平和不動産,プライム（内国株式）,不動産業,2227,2258,2218,2249,31,1.397656,267600,OK
2025-11-20,8804,東京建物,プライム（内国株式）,不動産業,3286,3338,3269,3276,29,0.893132,870200,OK
2025-11-20,8818,京阪神ビルディング,プライム（内国株式）,不動産業,1785,1799,1774,1792,30,1.702611,91100,OK
2025-11-20,8830,住友不動産,プライム（内国株式）,不動産業,7114,7217,7043,7116,70,0.993471,1176900,OK
2025-11-20,8835,太平洋興発,スタンダード（内国株式）,卸売業,804,804,797,800,3,0.376412,9000,OK
2025-11-20,8836,ＲＩＳＥ,スタンダード（内国株式）,不動産業,32,32,31,31,-1,-3.125,113200,OK
2025-11-20,8841,テーオーシー,スタンダード（内国株式）,不動産業,828,843,828,834,10,1.213592,45400,OK
2025-11-20,8844,コスモスイニシア,スタンダード（内国株式）,不動産業,1156,1160,1130,1141,-13,-1.126516,112600,OK
2025-11-20,8848,レオパレス２１,プライム（内国株式）,不動産業,659,659,647,655,15,2.34375,1917400,OK
2025-11-20,8850,スターツコーポレーション,プライム（内国株式）,不動産業,4685,4695,4630,4655,25,0.539957,52800,OK
2025-11-20,8860,フジ住宅,プライム（内国株式）,不動産業,776,785,776,785,11,1.421189,59700,OK
2025-11-20,8864,空港施設,プライム（内国株式）,不動産業,1021,1025,1009,1014,4,0.39604,100300,OK
2025-11-20,8869,明和地所,スタンダード（内国株式）,不動産業,1098,1107,1091,1095,13,1.201479,49200,OK
2025-11-20,8871,ゴールドクレスト,スタンダード（内国株式）,不動産業,3300,3325,3280,3280,-20,-0.606061,31400,OK
2025-11-20,8876,リログループ,プライム（内国株式）,サービス業,1710,1714.5,1683,1690,-13,-0.763359,415100,OK
2025-11-20,8877,エスリード,プライム（内国株式）,不動産業,6050,6230,6050,6210,180,2.985075,20100,OK
2025-11-20,8881,日神グループホールディングス,プライム（内国株式）,不動産業,710,715,701,709,13,1.867816,97000,OK
2025-11-20,8887,シーラホールディングス,スタンダード（内国株式）,不動産業,400,404,394,403,5,1.256281,312400,OK
2025-11-20,8891,ＡＭＧホールディングス,スタンダード（内国株式）,不動産業,2165,2200,2156,2200,50,2.325581,4700,OK
2025-11-20,8892,エスコン,プライム（内国株式）,不動産業,1013,1015,1009,1010,-3,-0.29615,94600,OK
2025-11-20,8894,ＲＥＶＯＬＵＴＩＯＮ,スタンダード（内国株式）,不動産業,47,57,44,57,6,11.764706,4147900,OK
2025-11-20,8897,ＭＩＲＡＲＴＨホールディングス,プライム（内国株式）,不動産業,379,379,376,376,-2,-0.529101,655200,OK
2025-11-20,8898,センチュリー２１・ジャパン,スタンダード（内国株式）,不動産業,1101,1105,1101,1103,3,0.272727,1300,OK
2025-11-20,8904,ＡＶＡＮＴＩＡ,スタンダード（内国株式）,不動産業,823,825,817,818,-2,-0.243902,14000,OK
2025-11-20,8908,毎日コムネット,スタンダード（内国株式）,不動産業,820,824,819,824,4,0.487805,3700,OK
2025-11-20,8912,エリアクエスト,スタンダード（内国株式）,不動産業,154,157,154,156,1,0.645161,18900,OK
2025-11-20,8914,エリアリンク,スタンダード（内国株式）,不動産業,1036,1045,1018,1019,-17,-1.640927,78000,OK
2025-11-20,8917,ファースト住建,スタンダード（内国株式）,不動産業,1159,1161,1146,1146,-10,-0.865052,33200,OK
2025-11-20,8918,ランド,スタンダード（内国株式）,不動産業,9,10,9,9,0,0,196635100,OK
2025-11-20,8919,カチタス,プライム（内国株式）,不動産業,2935,2940,2882,2890,-12,-0.413508,456300,OK
2025-11-20,8920,東祥,スタンダード（内国株式）,サービス業,784,799,777,798,17,2.176697,74800,OK
2025-11-20,8921,シーズクリエイト,TOKYO PRO MARKET（内国株式）,不動産業,,,,,,,,NO_QUOTE
2025-11-20,8923,トーセイ,プライム（内国株式）,不動産業,3275,3275,3235,3245,15,0.464396,232100,OK
2025-11-20,8927,明豊エンタープライズ,スタンダード（内国株式）,不動産業,472,472,461,463,-3,-0.643777,98800,OK
2025-11-20,8928,穴吹興産,スタンダード（内国株式）,不動産業,2198,2198,2185,2185,3,0.137489,2800,OK
2025-11-20,8929,青山財産ネットワークス,スタンダード（内国株式）,不動産業,1973,1977,1905,1924,-48,-2.434077,115200,OK
2025-11-20,8931,和田興産,スタンダード（内国株式）,不動産業,1591,1591,1581,1585,-9,-0.564617,7800,OK
2025-11-20,8934,サンフロンティア不動産,プライム（内国株式）,不動産業,2309,2332,2307,2320,23,1.001306,88900,OK
2025-11-20,8935,ＦＪネクストホールディングス,プライム（内国株式）,不動産業,1443,1462,1437,1448,5,0.3465,50600,OK
2025-11-20,8938,グローム・ホールディングス,グロース（内国株式）,不動産業,578,578,550,556,-20,-3.472222,10400,OK
2025-11-20,8940,インテリックス,スタンダード（内国株式）,不動産業,968,977,968,971,2,0.206398,10400,OK
2025-11-20,8944,ランドビジネス,スタンダード（内国株式）,不動産業,239,239,231,235,-1,-0.423729,26800,OK
2025-11-20,8945,サンネクスタグループ,スタンダード（内国株式）,不動産業,1083,1085,1080,1080,-3,-0.277008,3900,OK
2025-11-20,8946,ＡＳＩＡＮ　ＳＴＡＲ,スタンダード（内国株式）,不動産業,90,90,88,88,-1,-1.123596,62400,OK
2025-11-20,8995,誠建設工業,スタンダード（内国株式）,不動産業,850,850,833,833,-10,-1.18624,6000,OK
2025-11-20,8996,ハウスフリーダム,スタンダード（内国株式）,不動産業,965,966,959,960,1,0.104275,1500,OK
2025-11-20,8999,グランディハウス,プライム（内国株式）,不動産業,578,585,576,581,5,0.868056,46200,OK
2025-11-20,9001,東武鉄道,プライム（内国株式）,陸運業,2516,2549,2516,2540.5,29.5,1.174831,620300,OK
2025-11-20,9003,相鉄ホールディングス,プライム（内国株式）,陸運業,2650,2715,2644.5,2671.5,29,1.097446,530000,OK
2025-11-20,9005,東急,プライム（内国株式）,陸運業,1750.5,1772,1743,1758,-8,-0.453001,1742500,OK
2025-11-20,9006,京浜急行電鉄,プライム（内国株式）,陸運業,1495,1521,1495,1506.5,7.5,0.500334,512800,OK
2025-11-20,9007,小田急電鉄,プライム（内国株式）,陸運業,1686,1738,1683.5,1718,31,1.837582,1357300,OK
2025-11-20,9008,京王電鉄,プライム（内国株式）,陸運業,3801,3894,3798,3860,37,0.967826,407700,OK
2025-11-20,9009,京成電鉄,プライム（内国株式）,陸運業,1222,1242,1222,1233,17.5,1.439737,1604300,OK
2025-11-20,9010,富士急行,プライム（内国株式）,陸運業,2052,2070,2022,2024,-59,-2.832453,277600,OK
2025-11-20,9012,秩父鉄道,スタンダード（内国株式）,陸運業,2060,2080,2058,2080,31,1.512933,800,OK
2025-11-20,9017,新潟交通,スタンダード（内国株式）,陸運業,2091,2095,2090,2095,5,0.239234,300,OK
2025-11-20,9020,東日本旅客鉄道,プライム（内国株式）,陸運業,3800,3861,3800,3818,6,0.157398,2179000,OK
2025-11-20,9021,西日本旅客鉄道,プライム（内国株式）,陸運業,3040,3085,3035,3076,14,0.457218,1642900,OK
2025-11-20,9022,東海旅客鉄道,プライム（内国株式）,陸運業,4072,4115,4056,4065,-25,-0.611247,2044800,OK
2025-11-20,9023,東京地下鉄,プライム（内国株式）,陸運業,1565,1585.5,1562.5,1564.5,-2,-0.127673,3197000,OK
2025-11-20,9024,西武ホールディングス,プライム（内国株式）,陸運業,4961,4961,4761,4770,-33,-0.687071,1747600,OK
2025-11-20,9025,鴻池運輸,プライム（内国株式）,陸運業,3040,3065,3000,3050,60,2.006689,130300,OK
2025-11-20,9028,ゼロ,スタンダード（内国株式）,陸運業,3065,3100,3065,3080,40,1.315789,20700,OK
2025-11-20,9029,ヒガシホールディングス,スタンダード（内国株式）,陸運業,1922,1925,1885,1910,-12,-0.62435,19100,OK
2025-11-20,9031,西日本鉄道,プライム（内国株式）,陸運業,2583.5,2599.5,2558,2573.5,-45,-1.718541,297500,OK
2025-11-20,9033,広島電鉄,スタンダード（内国株式）,陸運業,600,600,597,598,-1,-0.166945,27800,OK
2025-11-20,9034,南総通運,スタンダード（内国株式）,陸運業,1486,1501,1482,1501,23,1.556157,2200,OK
2025-11-20,9036,東部ネットワーク,スタンダード（内国株式）,陸運業,1198,1198,1130,1130,-50,-4.237288,35500,OK
2025-11-20,9037,ハマキョウレックス,プライム（内国株式）,陸運業,1608,1630,1602,1618,18,1.125,113600,OK
2025-11-20,9039,サカイ引越センター,プライム（内国株式）,陸運業,2764,2799,2764,2786,22,0.795948,45700,OK
2025-11-20,9041,近鉄グループホールディングス,プライム（内国株式）,陸運業,2820,2834.5,2800,2800,-35,-1.234568,615200,OK
2025-11-20,9042,阪急阪神ホールディングス,プライム（内国株式）,陸運業,3861,3898,3840,3854,-54,-1.381781,1050800,OK
2025-11-20,9044,南海電気鉄道,プライム（内国株式）,陸運業,2806,2831,2792.5,2802.5,9.5,0.340136,284400,OK
2025-11-20,9045,京阪ホールディングス,プライム（内国株式）,陸運業,3227,3267,3225,3245,27,0.83903,169600,OK
2025-11-20,9046,神戸電鉄,プライム（内国株式）,陸運業,2395,2410,2392,2408,14,0.584795,26700,OK
2025-11-20,9048,名古屋鉄道,プライム（内国株式）,陸運業,1595,1597,1582.5,1582.5,-14.5,-0.907952,743500,OK
2025-11-20,9049,京福電気鉄道,スタンダード（内国株式）,陸運業,7640,7640,7300,7300,-490,-6.290116,500,OK
2025-11-20,9051,センコン物流,スタンダード（内国株式）,陸運業,1414,1416,1414,1416,2,0.141443,400,OK
2025-11-20,9052,山陽電気鉄道,プライム（内国株式）,陸運業,2016,2030,2016,2016,-9,-0.444444,19100,OK
2025-11-20,9057,遠州トラック,スタンダード（内国株式）,陸運業,3210,3210,3105,3155,-40,-1.251956,4000,OK
2025-11-20,9059,カンダホールディングス,スタンダード（内国株式）,陸運業,840,858,832,832,-7,-0.834327,4500,OK
2025-11-20,9060,日本ロジテム,スタンダード（内国株式）,陸運業,4650,4650,4650,4650,-30,-0.641026,100,OK
2025-11-20,9063,岡山県貨物運送,スタンダード（内国株式）,陸運業,4020,4025,4015,4015,5,0.124688,1400,OK
2025-11-20,9064,ヤマトホールディングス,プライム（内国株式）,陸運業,2207,2244.5,2207,2215.5,15,0.681663,961700,OK
2025-11-20,9065,山九,プライム（内国株式）,陸運業,8437,8520,8413,8478,86,1.024786,113700,OK
2025-11-20,9067,丸運,スタンダード（内国株式）,陸運業,959,960,958,960,0,0,731400,OK
2025-11-20,9068,丸全昭和運輸,プライム（内国株式）,陸運業,6700,6770,6680,6710,40,0.5997,22200,OK
2025-11-20,9069,センコーグループホールディングス,プライム（内国株式）,陸運業,1819.5,1864,1813,1839,30.5,1.686481,506400,OK
2025-11-20,9072,ニッコンホールディングス,プライム（内国株式）,陸運業,3542,3554,3507,3513,3,0.08547,201400,OK
2025-11-20,9073,京極運輸商事,スタンダード（内国株式）,陸運業,1279,1318,1279,1318,34,2.647975,900,OK
2025-11-20,9074,日本石油輸送,スタンダード（内国株式）,陸運業,3900,4005,3900,3980,50,1.272265,7800,OK
2025-11-20,9075,福山通運,プライム（内国株式）,陸運業,3935,4025,3935,3950,15,0.381194,91300,OK
2025-11-20,9076,セイノーホールディングス,プライム（内国株式）,陸運業,2200,2211.5,2193.5,2196.5,-17,-0.768014,581700,OK
2025-11-20,9081,神奈川中央交通,プライム（内国株式）,陸運業,3560,3560,3510,3550,30,0.852273,10700,OK
2025-11-20,9082,大和自動車交通,スタンダード（内国株式）,陸運業,1192,1192,1167,1167,-6,-0.511509,3600,OK
2025-11-20,9083,神姫バス,スタンダード（内国株式）,陸運業,1902,1902,1896,1900,3,0.158144,5900,OK
2025-11-20,9087,タカセ,スタンダード（内国株式）,陸運業,1261,1270,1261,1270,9,0.713719,500,OK
2025-11-20,9090,ＡＺ−ＣＯＭ丸和ホールディングス,プライム（内国株式）,陸運業,1021,1023,1005,1009,-11,-1.078431,266300,OK
2025-11-20,9101,日本郵船,プライム（内国株式）,海運業,4896,4951,4892,4947,61,1.248465,2381800,OK
2025-11-20,9104,商船三井,プライム（内国株式）,海運業,4377,4414,4366,4410,37,0.846101,1896200,OK
2025-11-20,9107,川崎汽船,プライム（内国株式）,海運業,2068,2084,2054,2084,21.5,1.042424,4584300,OK
2025-11-20,9110,ＮＳユナイテッド海運,プライム（内国株式）,海運業,5580,5670,5580,5610,50,0.899281,55200,OK
2025-11-20,9115,明海グループ,スタンダード（内国株式）,海運業,661,682,660,682,28,4.281346,49600,OK
2025-11-20,9119,飯野海運,プライム（内国株式）,海運業,1333,1336,1318,1324,13,0.991609,110300,OK
2025-11-20,9127,玉井商船,スタンダード（内国株式）,海運業,2997,3270,2887,3230,265,8.937605,67500,OK
2025-11-20,9130,共栄タンカー,スタンダード（内国株式）,海運業,1032,1043,1026,1026,-2,-0.194553,16400,OK
2025-11-20,9142,九州旅客鉄道,プライム（内国株式）,陸運業,3922,3972,3920,3931,-16,-0.405371,431900,OK
2025-11-20,9143,ＳＧホールディングス,プライム（内国株式）,陸運業,1531.5,1548.5,1527,1537.5,-11,-0.710365,1774400,OK
2025-11-20,9145,ビーイングホールディングス,スタンダード（内国株式）,陸運業,836,836,815,827,-9,-1.076555,31100,OK
2025-11-20,9146,五健堂ホールディングス,TOKYO PRO MARKET（内国株式）,陸運業,,,,,,,,NO_QUOTE
2025-11-20,9147,ＮＩＰＰＯＮ　ＥＸＰＲＥＳＳホールディングス,プライム（内国株式）,陸運業,3244,3254,3180,3198,-20,-0.621504,924800,OK
2025-11-20,9149,大友ロジスティクスサービス,TOKYO PRO MARKET（内国株式）,陸運業,,,,,,,,NO_QUOTE
2025-11-20,9156,はなホールディングス,TOKYO PRO MARKET（内国株式）,サービス業,,,,,,,,NO_QUOTE
2025-11-20,9158,シーユーシー,グロース（内国株式）,サービス業,984,997,974,977,-4,-0.407747,66500,OK
2025-11-20,9159,Ｗ　ＴＯＫＹＯ,グロース（内国株式）,サービス業,1800,1819,1751,1768,-27,-1.504178,16400,OK
2025-11-20,9160,ノバレーゼ,スタンダード（内国株式）,サービス業,330,333,330,330,0,0,59200,OK
2025-11-20,9162,ブリーチ,グロース（内国株式）,サービス業,305,308,298,307,5,1.655629,29200,OK
2025-11-20,9163,ナレルグループ,グロース（内国株式）,サービス業,2225,2244,2221,2221,6,0.27088,60900,OK
2025-11-20,9165,クオルテック,グロース（内国株式）,サービス業,1481,1511,1480,1511,36,2.440678,1200,OK
2025-11-20,9166,ＧＥＮＤＡ,グロース（内国株式）,サービス業,635,673,635,663,25,3.918495,2193600,OK
2025-11-20,9167,フトン巻きのジロー,TOKYO PRO MARKET（内国株式）,サービス業,,,,,,,,NO_QUOTE
2025-11-20,9168,ライズ・コンサルティング・グループ,グロース（内国株式）,サービス業,853,857,843,853,6,0.708383,95500,OK
2025-11-20,9169,大伸社,TOKYO PRO MARKET（内国株式）,サービス業,,,,,,,,NO_QUOTE
2025-11-20,9171,栗林商船,スタンダード（内国株式）,海運業,1850,1881,1850,1851,9,0.488599,1700,OK
2025-11-20,9173,東海汽船,スタンダード（内国株式）,海運業,3270,3275,3260,3260,-10,-0.30581,800,OK
2025-11-20,9193,東京汽船,スタンダード（内国株式）,倉庫･運輸関連業,949,953,949,950,-3,-0.314795,10100,OK
2025-11-20,9201,日本航空,プライム（内国株式）,空運業,2880,2929,2876.5,2917,33.5,1.161783,1820000,OK
2025-11-20,9202,ＡＮＡホールディングス,プライム（内国株式）,空運業,2886,2927.5,2883,2917,0.5,0.017144,1455500,OK
2025-11-20,9204,スカイマーク,グロース（内国株式）,空運業,380,381,371,375,-5,-1.315789,271800,OK
2025-11-20,9206,スターフライヤー,スタンダード（内国株式）,空運業,2030,2035,2021,2027,-3,-0.147783,3800,OK
2025-11-20,9211,エフ・コード,グロース（内国株式）,サービス業,1592,1612,1528,1544,-14,-0.898588,270900,OK
2025-11-20,9212,Ｇｒｅｅｎ　Ｅａｒｔｈ　Ｉｎｓｔｉｔｕｔｅ,グロース（内国株式）,サービス業,402,413,394,409,6,1.488834,32300,OK
2025-11-20,9213,セイファート,スタンダード（内国株式）,サービス業,826,857,822,822,-10,-1.201923,7000,OK
2025-11-20,9214,Ｒｅｃｏｖｅｒｙ　Ｉｎｔｅｒｎａｔｉｏｎａｌ,グロース（内国株式）,サービス業,1408,1422,1408,1420,12,0.852273,1000,OK
2025-11-20,9215,ＣａＳｙ,グロース（内国株式）,サービス業,1108,1112,1100,1100,3,0.273473,1500,OK
2025-11-20,9216,ビーウィズ,プライム（内国株式）,サービス業,1520,1529,1520,1524,3,0.197239,22400,OK
2025-11-20,9218,メンタルヘルステクノロジーズ,グロース（内国株式）,サービス業,821,838,819,826,13,1.599016,53000,OK
2025-11-20,9219,ギックス,グロース（内国株式）,サービス業,981,981,960,960,-6,-0.621118,4300,OK
2025-11-20,9220,エフビー介護サービス,スタンダード（内国株式）,サービス業,1242,1242,1213,1228,16,1.320132,2000,OK
2025-11-20,9221,フルハシＥＰＯ,スタンダード（内国株式）,サービス業,1268,1270,1233,1233,-42,-3.294118,48600,OK
2025-11-20,9222,ｍａｎａｂｙ,TOKYO PRO MARKET（内国株式）,サービス業,,,,,,,,NO_QUOTE
2025-11-20,9223,ＡＳＮＯＶＡ,グロース（内国株式）,サービス業,590,595,590,593,3,0.508475,1800,OK
2025-11-20,9225,ブリッジコンサルティンググループ,グロース（内国株式）,サービス業,1183,1183,1175,1178,-5,-0.422654,800,OK
2025-11-20,9226,アイガー,TOKYO PRO MARKET（内国株式）,サービス業,,,,,,,,NO_QUOTE
2025-11-20,9227,マイクロ波化学,グロース（内国株式）,サービス業,757,775,722,722,-20,-2.695418,230000,OK
2025-11-20,9229,サンウェルズ,プライム（内国株式）,サービス業,457,462,450,450,-7,-1.531729,94100,OK
2025-11-20,9233,アジア航測,スタンダード（内国株式）,空運業,1145,1147,1140,1141,1,0.087719,22700,OK
2025-11-20,9235,売れるネット広告社グループ,グロース（内国株式）,サービス業,945,950,910,923,-3,-0.323974,46300,OK
2025-11-20,9236,ジャパンＭ＆Ａソリューション,グロース（内国株式）,サービス業,1009,1022,1005,1005,-4,-0.396432,1500,OK
2025-11-20,9237,笑美面,グロース（内国株式）,サービス業,1054,1065,1030,1031,-23,-2.182163,36500,OK
2025-11-20,9238,バリュークリエーション,グロース（内国株式）,サービス業,1169,1182,1154,1159,-16,-1.361702,16900,OK
2025-11-20,9239,ケーイーティ,TOKYO PRO MARKET（内国株式）,サービス業,,,,,,,,NO_QUOTE
2025-11-20,9240,デリバリーコンサルティング,グロース（内国株式）,サービス業,574,584,568,580,10,1.754386,15600,OK
2025-11-20,9241,フューチャーリンクネットワーク,グロース（内国株式）,サービス業,2022,2071,2002,2016,-2,-0.099108,5300,OK
2025-11-20,9242,メディア総研,グロース（内国株式）,サービス業,1669,1718,1669,1718,51,3.059388,5500,OK
2025-11-20,9243,富士テクノホールディングス,TOKYO PRO MARKET（内国株式）,サービス業,,,,,,,,NO_QUOTE
2025-11-20,9244,デジタリフト,グロース（内国株式）,サービス業,879,888,874,880,16,1.851852,4400,OK
2025-11-20,9245,リベロ,グロース（内国株式）,サービス業,2704,2754,2704,2735,81,3.051997,2000,OK
2025-11-20,9246,プロジェクトホールディングス,グロース（内国株式）,サービス業,1190,1197,1162,1162,-19,-1.608806,1600,OK
2025-11-20,9247,ＴＲＥホールディングス,プライム（内国株式）,サービス業,1501,1520,1499,1501,10,0.670691,256100,OK
2025-11-20,9248,人・夢・技術グループ,スタンダード（内国株式）,サービス業,1580,1620,1570,1619,46,2.924348,14500,OK
2025-11-20,9249,日本エコシステム,スタンダード（内国株式）,サービス業,1503,1510,1493,1504,1,0.066534,8400,OK
2025-11-20,9250,ＧＲＣＳ,グロース（内国株式）,サービス業,1031,1032,992,1008,-13,-1.273262,3900,OK
2025-11-20,9251,ＡＢ＆Ｃｏｍｐａｎｙ,グロース（内国株式）,サービス業,1083,1083,1072,1080,8,0.746269,104400,OK
2025-11-20,9252,ラストワンマイル,グロース（内国株式）,サービス業,3455,3485,3355,3365,-105,-3.025937,10200,OK
2025-11-20,9253,スローガン,グロース（内国株式）,サービス業,813,824,803,812,14,1.754386,2500,OK
2025-11-20,9254,ラバブルマーケティンググループ,グロース（内国株式）,サービス業,1233,1248,1233,1243,13,1.056911,2300,OK
2025-11-20,9256,サクシード,グロース（内国株式）,サービス業,819,819,792,800,-15,-1.840491,2100,OK
2025-11-20,9258,ＣＳ−Ｃ,グロース（内国株式）,サービス業,350,350,347,347,2,0.57971,200,OK
2025-11-20,9259,タカヨシホールディングス,グロース（内国株式）,サービス業,734,735,727,732,-2,-0.27248,12100,OK
2025-11-20,9262,シルバーライフ,スタンダード（内国株式）,小売業,870,870,858,867,12,1.403509,27000,OK
2025-11-20,9264,ポエック,スタンダード（内国株式）,卸売業,1648,1650,1637,1639,14,0.861538,18300,OK
2025-11-20,9265,ヤマシタヘルスケアホールディングス,スタンダード（内国株式）,卸売業,3230,3230,3230,3230,10,0.310559,100,OK
2025-11-20,9267,Ｇｅｎｋｙ　ＤｒｕｇＳｔｏｒｅｓ,プライム（内国株式）,小売業,4980,4980,4900,4910,0,0,77500,OK
2025-11-20,9268,オプティマスグループ,スタンダード（内国株式）,卸売業,320,327,320,321,1,0.3125,130500,OK
2025-11-20,9270,バリュエンスホールディングス,グロース（内国株式）,卸売業,924,925,918,919,8,0.878156,13000,OK
2025-11-20,9271,和心,グロース（内国株式）,小売業,741,767,712,763,29,3.950954,114200,OK
2025-11-20,9272,ブティックス,グロース（内国株式）,サービス業,1293,1327,1255,1291,3,0.232919,35800,OK
2025-11-20,9273,コーア商事ホールディングス,プライム（内国株式）,卸売業,782,792,781,786,11,1.419355,31000,OK
2025-11-20,9274,ＫＰＰグループホールディングス,プライム（内国株式）,卸売業,716,717,711,712,5,0.707214,204400,OK
2025-11-20,9278,ブックオフグループホールディングス,プライム（内国株式）,小売業,1377,1383,1364,1369,1,0.073099,53200,OK
2025-11-20,9279,ギフトホールディングス,プライム（内国株式）,小売業,3135,3215,3125,3155,20,0.637959,110000,OK
2025-11-20,9301,三菱倉庫,プライム（内国株式）,倉庫･運輸関連業,1104,1106,1093.5,1097.5,7.5,0.688073,909500,OK
2025-11-20,9302,三井倉庫ホールディングス,プライム（内国株式）,倉庫･運輸関連業,3886,3918,3859,3900,40,1.036269,184100,OK
2025-11-20,9303,住友倉庫,プライム（内国株式）,倉庫･運輸関連業,3310,3315,3280,3285,0,0,62600,OK
2025-11-20,9304,澁澤倉庫,プライム（内国株式）,倉庫･運輸関連業,1137,1137,1122,1126,6,0.535714,59900,OK
2025-11-20,9305,ヤマタネ,プライム（内国株式）,卸売業,2492,2524,2485,2513,38,1.535354,59300,OK
2025-11-20,9306,東陽倉庫,スタンダード（内国株式）,倉庫･運輸関連業,1910,1923,1894,1894,-6,-0.315789,5400,OK
2025-11-20,9307,杉村倉庫,スタンダード（内国株式）,倉庫･運輸関連業,865,881,864,871,21,2.470588,21200,OK
2025-11-20,9308,乾汽船,スタンダード（内国株式）,海運業,1395,1401,1375,1395,9,0.649351,88700,OK
2025-11-20,9310,日本トランスシティ,プライム（内国株式）,倉庫･運輸関連業,1064,1073,1062,1065,8,0.756859,38000,OK
2025-11-20,9311,アサガミ,スタンダード（内国株式）,倉庫･運輸関連業,6570,6580,6540,6540,30,0.460829,400,OK
2025-11-20,9312,ケイヒン,スタンダード（内国株式）,倉庫･運輸関連業,2660,2740,2655,2731,69,2.592036,8800,OK
2025-11-20,9313,丸八倉庫,スタンダード（内国株式）,倉庫･運輸関連業,960,968,960,968,8,0.833333,800,OK
2025-11-20,9319,中央倉庫,プライム（内国株式）,倉庫･運輸関連業,1307,1320,1307,1309,4,0.306513,19300,OK
2025-11-20,9322,川西倉庫,スタンダード（内国株式）,倉庫･運輸関連業,2198,2199,2185,2199,14,0.640732,8600,OK
2025-11-20,9324,安田倉庫,プライム（内国株式）,倉庫･運輸関連業,2158,2168,2143,2156,-2,-0.092678,22900,OK
2025-11-20,9325,ファイズホールディングス,スタンダード（内国株式）,倉庫･運輸関連業,1047,1047,1033,1040,13,1.265823,16200,OK
2025-11-20,9326,関通,グロース（内国株式）,倉庫･運輸関連業,485,488,482,486,-2,-0.409836,9600,OK
2025-11-20,9327,イー・ロジット,スタンダード（内国株式）,倉庫･運輸関連業,269,271,258,260,-12,-4.411765,90500,OK
2025-11-20,9330,揚羽,グロース（内国株式）,サービス業,777,780,773,773,-2,-0.258065,1100,OK
2025-11-20,9331,キャスター,グロース（内国株式）,サービス業,773,800,773,800,27,3.492885,3300,OK
2025-11-20,9332,ＮＩＳＳＯホールディングス,プライム（内国株式）,サービス業,667,672,650,652,-5,-0.761035,136100,OK
2025-11-20,9334,アイビスホールディングス,TOKYO PRO MARKET（内国株式）,サービス業,,,,,,,,NO_QUOTE
2025-11-20,9335,テクノクリエイティブ,TOKYO PRO MARKET（内国株式）,サービス業,,,,,,,,NO_QUOTE
2025-11-20,9336,大栄環境,プライム（内国株式）,サービス業,3505,3535,3480,3505,35,1.008646,112100,OK
2025-11-20,9337,トリドリ,グロース（内国株式）,サービス業,3225,3240,3075,3125,-30,-0.950872,39600,OK
2025-11-20,9338,ＩＮＦＯＲＩＣＨ,グロース（内国株式）,サービス業,2152,2196,2117,2153,28,1.317647,294300,OK
2025-11-20,9339,コーチ・エィ,スタンダード（内国株式）,サービス業,1482,1483,1469,1469,3,0.204638,1700,OK
2025-11-20,9340,アソインターナショナル,スタンダード（内国株式）,サービス業,675,684,674,683,8,1.185185,6000,OK
2025-11-20,9341,ＧＥＮＯＶＡ,プライム（内国株式）,サービス業,588,592,580,580,2,0.346021,70000,OK
2025-11-20,9342,スマサポ,グロース（内国株式）,サービス業,962,972,939,940,-22,-2.286902,13600,OK
2025-11-20,9343,アイビス,グロース（内国株式）,サービス業,671,683,671,677,11,1.651652,29800,OK
2025-11-20,9344,アクシスコンサルティング,グロース（内国株式）,サービス業,837,845,831,845,12,1.440576,1000,OK
2025-11-20,9345,ビズメイツ,グロース（内国株式）,サービス業,759,784,738,784,48,6.521739,7500,OK
2025-11-20,9346,ココルポート,グロース（内国株式）,サービス業,1667,1699,1662,1662,-4,-0.240096,4000,OK
2025-11-20,9347,日本管財ホールディングス,プライム（内国株式）,サービス業,2687,2695,2672,2690,20,0.749064,49100,OK
2025-11-20,9348,ｉｓｐａｃｅ,グロース（内国株式）,サービス業,456,456,445,449,-2,-0.443459,1009100,OK
2025-11-20,9351,東洋埠頭,スタンダード（内国株式）,倉庫･運輸関連業,1701,1739,1701,1717,21,1.238208,13700,OK
2025-11-20,9353,櫻島埠頭,スタンダード（内国株式）,倉庫･運輸関連業,2545,2580,2510,2578,83,3.326653,32800,OK
2025-11-20,9355,リンコーコーポレーション,スタンダード（内国株式）,倉庫･運輸関連業,1926,1926,1885,1886,0,0,600,OK
2025-11-20,9360,鈴与シンワート,スタンダード（内国株式）,情報･通信業,2980,2980,2935,2947,-33,-1.107383,3100,OK
2025-11-20,9361,伏木海陸運送,スタンダード（内国株式）,倉庫･運輸関連業,1768,1768,1750,1750,-16,-0.906002,2300,OK
2025-11-20,9362,兵機海運,スタンダード（内国株式）,倉庫･運輸関連業,3490,3550,3390,3515,-45,-1.264045,1400,OK
2025-11-20,9363,大運,スタンダード（内国株式）,倉庫･運輸関連業,446,449,445,446,1,0.224719,27300,OK
2025-11-20,9364,上組,プライム（内国株式）,倉庫･運輸関連業,4857,4906,4851,4882,33,0.680553,228800,OK
2025-11-20,9365,トレーディア,スタンダード（内国株式）,倉庫･運輸関連業,1454,1477,1454,1460,6,0.412655,1500,OK
2025-11-20,9366,サンリツ,スタンダード（内国株式）,倉庫･運輸関連業,848,848,846,847,-1,-0.117925,1200,OK
2025-11-20,9367,大東港運,スタンダード（内国株式）,倉庫･運輸関連業,1536,1576,1536,1556,20,1.302083,20600,OK
2025-11-20,9368,キムラユニティー,スタンダード（内国株式）,倉庫･運輸関連業,835,835,832,833,1,0.120192,14800,OK
2025-11-20,9369,キユーソー流通システム,スタンダード（内国株式）,倉庫･運輸関連業,2724,2770,2662,2662,59,2.266615,261700,OK
2025-11-20,9376,ユーラシア旅行社,スタンダード（内国株式）,サービス業,805,809,800,804,-2,-0.248139,8600,OK
2025-11-20,9380,東海運,スタンダード（内国株式）,倉庫･運輸関連業,357,357,353,356,-1,-0.280112,15700,OK
2025-11-20,9381,エーアイテイー,プライム（内国株式）,倉庫･運輸関連業,2085,2085,2061,2078,12,0.580833,13900,OK
2025-11-20,9385,ショーエイコーポレーション,スタンダード（内国株式）,化学,596,596,592,593,-4,-0.670017,3400,OK
2025-11-20,9401,ＴＢＳホールディングス,プライム（内国株式）,情報･通信業,5585,5615,5492,5535,14,0.253577,189300,OK
2025-11-20,9404,日本テレビホールディングス,プライム（内国株式）,情報･通信業,3855,3895,3805,3805,-10,-0.262123,309300,OK
2025-11-20,9405,朝日放送グループホールディングス,プライム（内国株式）,情報･通信業,783,787,776,785,8,1.029601,47300,OK
2025-11-20,9408,ＢＳＮメディアホールディングス,スタンダード（内国株式）,情報･通信業,2181,2230,2180,2180,3,0.137804,1100,OK
2025-11-20,9409,テレビ朝日ホールディングス,プライム（内国株式）,情報･通信業,3300,3305,3250,3280,25,0.768049,242000,OK
2025-11-20,9412,スカパーＪＳＡＴホールディングス,プライム（内国株式）,情報･通信業,1751,1775,1729,1767,56,3.27294,718800,OK
2025-11-20,9413,テレビ東京ホールディングス,プライム（内国株式）,情報･通信業,4790,4930,4790,4885,105,2.196653,56000,OK
2025-11-20,9414,日本ＢＳ放送,スタンダード（内国株式）,情報･通信業,970,978,966,970,2,0.206612,30900,OK
2025-11-20,9416,ビジョン,プライム（内国株式）,情報･通信業,1237,1242,1218,1220,-2,-0.163666,271500,OK
2025-11-20,9417,スマートバリュー,スタンダード（内国株式）,情報･通信業,452,462,452,459,7,1.548673,13600,OK
2025-11-20,9418,Ｕ−ＮＥＸＴ　ＨＯＬＤＩＮＧＳ,プライム（内国株式）,情報･通信業,2021,2022,1982,1994,-18,-0.894632,799500,OK
2025-11-20,9419,ワイヤレスゲート,スタンダード（内国株式）,情報･通信業,256,256,251,253,-2,-0.784314,12600,OK
2025-11-20,9421,エヌジェイホールディングス,スタンダード（内国株式）,情報･通信業,593,593,568,587,-4,-0.676819,3600,OK
2025-11-20,9423,フォーバル・リアルストレート,スタンダード（内国株式）,情報･通信業,105,105,103,103,-1,-0.961538,182300,OK
2025-11-20,9424,日本通信,プライム（内国株式）,情報･通信業,138,142,138,138,2,1.470588,2241800,OK
2025-11-20,9425,ＲｅＹｕｕ　Ｊａｐａｎ,スタンダード（内国株式）,情報･通信業,553,570,517,531,-22,-3.9783,136600,OK
2025-11-20,9428,クロップス,スタンダード（内国株式）,情報･通信業,1409,1420,1402,1402,-11,-0.778485,3100,OK
2025-11-20,9432,ＮＴＴ,プライム（内国株式）,情報･通信業,152.9,153.3,152.4,152.6,0.1,0.065574,143566300,OK
2025-11-20,9433,ＫＤＤＩ,プライム（内国株式）,情報･通信業,2660,2688.5,2653,2675,16.5,0.620651,7116100,OK
2025-11-20,9434,ソフトバンク,プライム（内国株式）,情報･通信業,228,228.8,226.6,227.3,1.7,0.753546,66283000,OK
2025-11-20,94345,ソフトバンク（優先株式）,プライム（内国株式）,情報･通信業,3803,3810,3803,3804,3,0.078927,3600,OK
2025-11-20,94346,ソフトバンク（優先株式）,プライム（内国株式）,情報･通信業,7645,7645,7640,7641,-29,-0.378096,3100,OK
2025-11-20,9435,光通信,プライム（内国株式）,情報･通信業,42570,42730,41500,41580,-480,-1.141227,55500,OK
2025-11-20,9436,沖縄セルラー電話,スタンダード（内国株式）,情報･通信業,2805,2809,2742,2752,-17,-0.61394,79400,OK
2025-11-20,9438,エムティーアイ,プライム（内国株式）,情報･通信業,767,775,753,760,7,0.929615,25700,OK
2025-11-20,9439,エム・エイチ・グループ,スタンダード（内国株式）,サービス業,219,227,216,225,0,0,51300,OK
2025-11-20,9441,ベルパーク,スタンダード（内国株式）,情報･通信業,2634,2688,2613,2651,32,1.22184,9500,OK
2025-11-20,9444,トーシンホールディングス,スタンダード（内国株式）,情報･通信業,478,478,457,457,2,0.43956,9600,OK
2025-11-20,9445,フォーバルテレコム,スタンダード（内国株式）,情報･通信業,565,572,565,568,6,1.067616,1000,OK
2025-11-20,9446,サカイホールディングス,スタンダード（内国株式）,情報･通信業,664,672,654,669,7,1.057402,34700,OK
2025-11-20,9449,ＧＭＯインターネットグループ,プライム（内国株式）,情報･通信業,3491,3516,3453,3472,39,1.136033,159300,OK
2025-11-20,9450,ファイバーゲート,スタンダード（内国株式）,情報･通信業,681,683,673,675,4,0.596125,45900,OK
2025-11-20,9466,アイドママーケティングコミュニケーション,スタンダード（内国株式）,情報･通信業,233,234,230,233,2,0.865801,18100,OK
2025-11-20,9467,アルファポリス,グロース（内国株式）,情報･通信業,1480,1483,1441,1459,-6,-0.409556,136200,OK
2025-11-20,9468,ＫＡＤＯＫＡＷＡ,プライム（内国株式）,情報･通信業,3175,3216,3169,3169,-6,-0.188976,358900,OK
2025-11-20,9470,学研ホールディングス,プライム（内国株式）,情報･通信業,1065,1074,1054,1071,13,1.228733,77600,OK
2025-11-20,9474,ゼンリン,プライム（内国株式）,情報･通信業,1012,1023,1012,1022,11,1.088032,77000,OK
2025-11-20,9475,昭文社ホールディングス,スタンダード（内国株式）,情報･通信業,430,436,429,432,2,0.465116,8200,OK
2025-11-20,9476,中央経済社ホールディングス,スタンダード（内国株式）,情報･通信業,820,820,820,820,0,0,100,OK
2025-11-20,9478,ＳＥホールディングス・アンド・インキュベーションズ,スタンダード（内国株式）,情報･通信業,388,394,385,388,0,0,17100,OK
2025-11-20,9501,東京電力ホールディングス,プライム（内国株式）,電気･ガス業,882.7,896.4,779.2,834,-34,-3.917051,187369000,OK
2025-11-20,9502,中部電力,プライム（内国株式）,電気･ガス業,2318,2329,2298,2307,-2.5,-0.108249,2767600,OK
2025-11-20,9503,関西電力,プライム（内国株式）,電気･ガス業,2595,2595,2532,2570,27,1.061738,3913100,OK
2025-11-20,9504,中国電力,プライム（内国株式）,電気･ガス業,990,997.9,980.4,989.9,20.6,2.125245,2492500,OK
2025-11-20,9505,北陸電力,プライム（内国株式）,電気･ガス業,940,948.7,935.4,939.2,14.2,1.535135,1559800,OK
2025-11-20,9506,東北電力,プライム（内国株式）,電気･ガス業,1099,1102,1071,1093,6,0.551978,5575200,OK
2025-11-20,9507,四国電力,プライム（内国株式）,電気･ガス業,1458.5,1465,1443,1462,27,1.881533,688300,OK
2025-11-20,9508,九州電力,プライム（内国株式）,電気･ガス業,1617.5,1627.5,1594.5,1620,25.5,1.599247,2133600,OK
2025-11-20,9509,北海道電力,プライム（内国株式）,電気･ガス業,1123,1126,1066,1122,26.5,2.418987,5065400,OK
2025-11-20,9511,沖縄電力,プライム（内国株式）,電気･ガス業,1055,1055,1043,1044,-1,-0.095694,91800,OK
2025-11-20,9513,電源開発,プライム（内国株式）,電気･ガス業,2960,3008,2950.5,2977,57,1.952055,938000,OK
2025-11-20,9514,エフオン,スタンダード（内国株式）,電気･ガス業,331,338,331,337,9,2.743902,237800,OK
2025-11-20,9517,イーレックス,プライム（内国株式）,電気･ガス業,640,644,632,636,-1,-0.156986,156000,OK
2025-11-20,9519,レノバ,プライム（内国株式）,電気･ガス業,782,786,765,767,-5,-0.647668,436500,OK
2025-11-20,9531,東京瓦斯,プライム（内国株式）,電気･ガス業,6013,6109,5969,6060,118,1.985863,1141000,OK
2025-11-20,9532,大阪瓦斯,プライム（内国株式）,電気･ガス業,5219,5224,5131,5212,93,1.816761,1010000,OK
2025-11-20,9533,東邦瓦斯,プライム（内国株式）,電気･ガス業,4765,4779,4720,4724,-10,-0.211238,153200,OK
2025-11-20,9534,北海道瓦斯,プライム（内国株式）,電気･ガス業,735,741,725,739,8,1.094391,156300,OK
2025-11-20,9535,広島ガス,プライム（内国株式）,電気･ガス業,367,367,364,366,1,0.273973,32400,OK
2025-11-20,9536,西部ガスホールディングス,プライム（内国株式）,電気･ガス業,1897,1914,1893,1910,20,1.058201,57400,OK
2025-11-20,9537,北陸瓦斯,スタンダード（内国株式）,電気･ガス業,3630,3655,3620,3620,-5,-0.137931,300,OK
2025-11-20,9539,京葉瓦斯,スタンダード（内国株式）,電気･ガス業,1138,1141,1132,1132,-5,-0.439754,3300,OK
2025-11-20,9543,静岡ガス,プライム（内国株式）,電気･ガス業,1163,1173,1159,1165,8,0.691443,159100,OK
2025-11-20,9551,メタウォーター,プライム（内国株式）,電気･ガス業,3295,3325,3270,3280,55,1.705426,76200,OK
2025-11-20,9552,Ｍ＆Ａ総研ホールディングス,プライム（内国株式）,サービス業,1190,1195,1162,1188,27,2.325581,244800,OK
2025-11-20,9553,マイクロアド,グロース（内国株式）,サービス業,557,558,520,527,-24,-4.355717,488000,OK
2025-11-20,9554,ＡＶｉＣ,グロース（内国株式）,サービス業,2100,2117,2043,2055,-35,-1.674641,27900,OK
2025-11-20,9556,ＩＮＴＬＯＯＰ,グロース（内国株式）,サービス業,4100,4185,4050,4075,45,1.116625,46900,OK
2025-11-20,9557,エアークローゼット,グロース（内国株式）,サービス業,280,282,276,280,-2,-0.70922,24200,OK
2025-11-20,9558,ジャパニアス,グロース（内国株式）,サービス業,2380,2380,2361,2380,26,1.104503,2800,OK
2025-11-20,9560,プログリット,グロース（内国株式）,サービス業,951,963,949,949,8,0.850159,50100,OK
2025-11-20,9561,グラッドキューブ,グロース（内国株式）,サービス業,451,460,437,437,2,0.45977,28700,OK
2025-11-20,9562,ビジネスコーチ,グロース（内国株式）,サービス業,2289,2289,2239,2256,-33,-1.441678,5400,OK
2025-11-20,9563,Ａｔｌａｓ　Ｔｅｃｈｎｏｌｏｇｉｅｓ,グロース（内国株式）,サービス業,281,283,280,281,-2,-0.706714,1300,OK
2025-11-20,9564,ＦＣＥ,スタンダード（内国株式）,サービス業,686,693,666,675,-10,-1.459854,70300,OK
2025-11-20,9565,ＧＬＯＥ,グロース（内国株式）,サービス業,874,874,841,862,2,0.232558,3400,OK
2025-11-20,9600,アイネット,プライム（内国株式）,情報･通信業,2516,2520,2514,2515,2,0.079586,51400,OK
2025-11-20,9601,松竹,プライム（内国株式）,情報･通信業,12500,12520,12390,12420,-40,-0.321027,19700,OK
2025-11-20,9602,東宝,プライム（内国株式）,情報･通信業,8906,8972,8841,8841,-101,-1.129501,402400,OK
2025-11-20,9603,エイチ・アイ・エス,プライム（内国株式）,サービス業,1258,1263,1228,1228,-39,-3.078137,859800,OK
2025-11-20,9605,東映,プライム（内国株式）,情報･通信業,5580,5600,5500,5500,-10,-0.181488,67100,OK
2025-11-20,9610,ウィルソン・ラーニング　ワールドワイド,スタンダード（内国株式）,サービス業,180,184,166,177,5,2.906977,1138800,OK
2025-11-20,9612,ラックランド,プライム（内国株式）,サービス業,1770,1771,1641,1683,-77,-4.375,208600,OK
2025-11-20,9616,共立メンテナンス,プライム（内国株式）,サービス業,2718,2727.5,2663,2683.5,-46.5,-1.703297,1927300,OK
2025-11-20,9619,イチネンホールディングス,プライム（内国株式）,サービス業,1996,2042,1992,2039,56,2.824004,54400,OK
2025-11-20,9621,建設技術研究所,プライム（内国株式）,サービス業,3030,3040,2991,3015,30,1.005025,47900,OK
2025-11-20,9622,スペース,プライム（内国株式）,サービス業,1363,1402,1360,1398,50,3.709199,60300,OK
2025-11-20,9625,セレスポ,スタンダード（内国株式）,サービス業,1006,1008,990,997,-4,-0.3996,29600,OK
2025-11-20,9627,アインホールディングス,プライム（内国株式）,小売業,6730,6730,6608,6633,-34,-0.509975,69800,OK
2025-11-20,9628,燦ホールディングス,プライム（内国株式）,サービス業,1309,1316,1297,1305,2,0.153492,51600,OK
2025-11-20,9629,ピー・シー・エー,プライム（内国株式）,情報･通信業,1786,1794,1777,1779,5,0.281849,29900,OK
2025-11-20,9632,スバル興業,スタンダード（内国株式）,サービス業,3290,3315,3290,3300,15,0.456621,6800,OK
2025-11-20,9633,東京テアトル,スタンダード（内国株式）,不動産業,1482,1513,1469,1486,4,0.269906,25600,OK
2025-11-20,9635,武蔵野興業,スタンダード（内国株式）,サービス業,2187,2187,2187,2187,0,0,100,OK
2025-11-20,9636,きんえい,スタンダード（内国株式）,サービス業,4125,4125,4105,4105,5,0.121951,400,OK
2025-11-20,9639,三協フロンテア,スタンダード（内国株式）,サービス業,1996,2005,1991,1991,0,0,6900,OK
2025-11-20,9640,セゾンテクノロジー,スタンダード（内国株式）,情報･通信業,2018,2018,1991,2005,1,0.0499,2000,OK
2025-11-20,9644,タナベコンサルティンググループ,プライム（内国株式）,サービス業,697,699,692,698,11,1.601164,26200,OK
2025-11-20,9647,協和コンサルタンツ,スタンダード（内国株式）,サービス業,6620,6620,6480,6500,80,1.246106,1000,OK
2025-11-20,9651,日本プロセス,スタンダード（内国株式）,情報･通信業,1748,1770,1748,1763,15,0.858124,1800,OK
2025-11-20,9656,グリーンランドリゾート,スタンダード（内国株式）,サービス業,623,623,619,622,0,0,4800,OK
2025-11-20,9658,ビジネスブレイン太田昭和,プライム（内国株式）,情報･通信業,3520,3545,3465,3465,-40,-1.141227,21600,OK
2025-11-20,9661,歌舞伎座,スタンダード（内国株式）,サービス業,4555,4565,4540,4565,10,0.219539,4500,OK
2025-11-20,9663,ナガワ,プライム（内国株式）,サービス業,6000,6080,6000,6010,30,0.501672,10900,OK
2025-11-20,9672,東京都競馬,プライム（内国株式）,サービス業,5150,5180,5130,5180,50,0.974659,51100,OK
2025-11-20,9678,カナモト,プライム（内国株式）,サービス業,3500,3540,3480,3515,60,1.736614,56200,OK
2025-11-20,9679,ホウライ,スタンダード（内国株式）,サービス業,1855,1858,1855,1858,8,0.432432,700,OK
2025-11-20,9682,ＤＴＳ,プライム（内国株式）,情報･通信業,1181,1184,1157,1166,-3,-0.25663,397400,OK
2025-11-20,9684,スクウェア・エニックス・ホールディングス,プライム（内国株式）,情報･通信業,3094,3106,3043,3062,-12,-0.390371,538300,OK
2025-11-20,9685,ＫＹＣＯＭホールディングス,スタンダード（内国株式）,情報･通信業,665,669,659,669,7,1.057402,29200,OK
2025-11-20,9686,東洋テック,スタンダード（内国株式）,サービス業,1544,1545,1533,1543,4,0.259909,4500,OK
2025-11-20,9687,ＫＳＫ,スタンダード（内国株式）,情報･通信業,5360,5400,5320,5350,0,0,4700,OK
2025-11-20,9691,両毛システムズ,スタンダード（内国株式）,情報･通信業,4450,4450,4400,4445,65,1.484018,500,OK
2025-11-20,9692,シーイーシー,プライム（内国株式）,情報･通信業,2160,2198,2148,2188,57,2.674801,52900,OK
2025-11-20,9697,カプコン,プライム（内国株式）,情報･通信業,3798,3854,3789,3807,34,0.90114,1748000,OK
2025-11-20,9698,クレオ,スタンダード（内国株式）,情報･通信業,1170,1172,1164,1168,5,0.429923,2400,OK
2025-11-20,9699,ニシオホールディングス,プライム（内国株式）,サービス業,4250,4275,4240,4250,60,1.431981,20100,OK
2025-11-20,9701,東京會舘,スタンダード（内国株式）,サービス業,4010,4010,4005,4005,-5,-0.124688,400,OK
2025-11-20,9702,アイ・エス・ビー,プライム（内国株式）,情報･通信業,1713,1713,1699,1700,3,0.176783,12500,OK
2025-11-20,9704,アゴーラ　ホスピタリティー　グループ,スタンダード（内国株式）,サービス業,55,56,54,54,0,0,1472400,OK
2025-11-20,9706,日本空港ビルデング,プライム（内国株式）,不動産業,4578,4600,4547,4547,-31,-0.677152,455800,OK
2025-11-20,9708,帝国ホテル,スタンダード（内国株式）,サービス業,1102,1107,1091,1096,-1,-0.091158,89700,OK
2025-11-20,9709,ＮＣＳ＆Ａ,スタンダード（内国株式）,情報･通信業,1595,1615,1590,1604,14,0.880503,8200,OK
2025-11-20,9713,ロイヤルホテル,スタンダード（内国株式）,サービス業,901,902,889,890,-3,-0.335946,19000,OK
2025-11-20,9715,トランス・コスモス,プライム（内国株式）,サービス業,3595,3635,3580,3590,10,0.27933,45600,OK
2025-11-20,9716,乃村工藝社,プライム（内国株式）,サービス業,1124,1145,1120,1133,20,1.796945,265200,OK
2025-11-20,9719,ＳＣＳＫ,プライム（内国株式）,情報･通信業,5682,5684,5682,5682,2,0.035211,2065600,OK
2025-11-20,9720,ホテル、ニューグランド,スタンダード（内国株式）,サービス業,6650,6650,6600,6600,-50,-0.75188,800,OK
2025-11-20,9722,藤田観光,プライム（内国株式）,サービス業,10220,10390,10180,10300,100,0.980392,56300,OK
2025-11-20,9723,京都ホテル,スタンダード（内国株式）,サービス業,631,632,625,628,-3,-0.475436,2600,OK
2025-11-20,9726,ＫＮＴ−ＣＴホールディングス,スタンダード（内国株式）,サービス業,1500,1536,1480,1523,31,2.077748,36600,OK
2025-11-20,9729,トーカイ,プライム（内国株式）,サービス業,2286,2320,2248,2309,53,2.349291,78600,OK
2025-11-20,9731,白洋舎,スタンダード（内国株式）,サービス業,3075,3080,3060,3065,10,0.327332,1400,OK
2025-11-20,9733,ナガセ,スタンダード（内国株式）,サービス業,2265,2298,2260,2292,27,1.192053,36500,OK
2025-11-20,9735,セコム,プライム（内国株式）,サービス業,5285,5382,5266,5358,118,2.251908,1177500,OK
2025-11-20,9739,ＮＳＷ,プライム（内国株式）,情報･通信業,2433,2440,2418,2428,13,0.538302,11900,OK
2025-11-20,9740,セントラル警備保障,プライム（内国株式）,サービス業,2585,2586,2560,2575,-10,-0.386847,12300,OK
2025-11-20,9742,アイネス,プライム（内国株式）,情報･通信業,1699,1739,1699,1720,38,2.259215,63500,OK
2025-11-20,9743,丹青社,プライム（内国株式）,サービス業,1316,1331,1312,1326,16,1.221374,207100,OK
2025-11-20,9744,メイテックグループホールディングス,プライム（内国株式）,サービス業,3375,3401,3360,3398,71,2.134055,605200,OK
2025-11-20,9746,ＴＫＣ,プライム（内国株式）,情報･通信業,4065,4090,4040,4040,-25,-0.615006,43600,OK
2025-11-20,9753,アイエックス・ナレッジ,スタンダード（内国株式）,情報･通信業,1285,1299,1282,1291,9,0.702028,5500,OK
2025-11-20,9755,応用地質,プライム（内国株式）,サービス業,2699,2700,2671,2684,24,0.902256,32600,OK
2025-11-20,9757,船井総研ホールディングス,プライム（内国株式）,サービス業,2366,2375,2340,2340,-25,-1.057082,88200,OK
2025-11-20,9759,ＮＳＤ,プライム（内国株式）,情報･通信業,3540,3549,3509,3509,-11,-0.3125,151300,OK
2025-11-20,9760,進学会ホールディングス,スタンダード（内国株式）,サービス業,165,167,163,163,-3,-1.807229,31400,OK
2025-11-20,9761,東海リース,スタンダード（内国株式）,サービス業,2345,2350,2338,2343,0,0,3700,OK
2025-11-20,9763,丸建リース,スタンダード（内国株式）,卸売業,3620,3650,3550,3640,45,1.251739,4700,OK
2025-11-20,9765,オオバ,プライム（内国株式）,サービス業,1110,1116,1108,1115,12,1.087942,25400,OK
2025-11-20,9766,コナミグループ,プライム（内国株式）,情報･通信業,23400,23640,23215,23450,290,1.252159,392500,OK
2025-11-20,9767,日建工学,スタンダード（内国株式）,サービス業,1440,1440,1440,1440,-1,-0.069396,200,OK
2025-11-20,9768,いであ,スタンダード（内国株式）,サービス業,3900,3985,3865,3970,140,3.655352,41300,OK
2025-11-20,9769,学究社,プライム（内国株式）,サービス業,2296,2308,2280,2294,0,0,4900,OK
2025-11-20,9776,札幌臨床検査センター,スタンダード（内国株式）,サービス業,1956,2074,1950,1960,5,0.255754,37100,OK
2025-11-20,9778,昴,スタンダード（内国株式）,サービス業,6570,6580,6570,6580,30,0.458015,200,OK
2025-11-20,9780,ハリマビステム,スタンダード（内国株式）,サービス業,839,843,835,839,0,0,3300,OK
2025-11-20,9782,ディーエムエス,スタンダード（内国株式）,サービス業,3155,3165,3145,3150,20,0.638978,19100,OK
2025-11-20,9788,ナック,プライム（内国株式）,サービス業,523,525,521,521,0,0,30300,OK
2025-11-20,9790,福井コンピュータホールディングス,プライム（内国株式）,情報･通信業,2933,2976,2933,2963,31,1.057299,18700,OK
2025-11-20,9791,ビケンテクノ,スタンダード（内国株式）,サービス業,1294,1294,1273,1273,-13,-1.010886,1300,OK
2025-11-20,9793,ダイセキ,プライム（内国株式）,サービス業,3400,3410,3345,3370,15,0.447094,145100,OK
2025-11-20,9795,ステップ,プライム（内国株式）,サービス業,2390,2416,2390,2413,27,1.131601,9000,OK
2025-11-20,9799,旭情報サービス,スタンダード（内国株式）,情報･通信業,1086,1095,1086,1095,5,0.458716,7800,OK
2025-11-20,9812,テーオーホールディングス,スタンダード（内国株式）,卸売業,265,273,262,262,-5,-1.872659,16100,OK
2025-11-20,9816,ストライダーズ,スタンダード（内国株式）,不動産業,304,340,276,276,9,3.370787,760200,OK
2025-11-20,9818,大丸エナウィン,スタンダード（内国株式）,卸売業,1455,1469,1439,1465,18,1.243953,3600,OK
2025-11-20,9820,エムティジェネックス,スタンダード（内国株式）,不動産業,3400,3470,3400,3420,-45,-1.298701,1000,OK
2025-11-20,9823,マミーマートホールディングス,スタンダード（内国株式）,小売業,1402,1408,1386,1390,-11,-0.785153,38000,OK
2025-11-20,9824,泉州電業,プライム（内国株式）,卸売業,4545,4560,4470,4490,15,0.335196,60600,OK
2025-11-20,9827,リリカラ,スタンダード（内国株式）,卸売業,684,696,681,695,17,2.507375,99100,OK
2025-11-20,9828,Ｇｅｎｋｉ　Ｇｌｏｂａｌ　Ｄｉｎｉｎｇ　Ｃｏｎｃｅｐｔｓ,スタンダード（内国株式）,小売業,2993,3025,2975,3015,40,1.344538,40000,OK
2025-11-20,9830,トラスコ中山,プライム（内国株式）,卸売業,2310,2312,2278,2291,-6,-0.26121,195600,OK
2025-11-20,9831,ヤマダホールディングス,プライム（内国株式）,小売業,460.6,464.2,459.5,462.5,1.9,0.412505,1875900,OK
2025-11-20,9832,オートバックスセブン,プライム（内国株式）,卸売業,1564,1575,1558,1568,8,0.512821,100800,OK
2025-11-20,9835,ジュンテンドー,スタンダード（内国株式）,小売業,486,486,484,486,1,0.206186,6900,OK
2025-11-20,9837,モリト,プライム（内国株式）,卸売業,1641,1678,1633,1668,40,2.457002,178700,OK
2025-11-20,9842,アークランズ,プライム（内国株式）,小売業,1848,1852,1836,1840,-2,-0.108578,97700,OK
2025-11-20,9843,ニトリホールディングス,プライム（内国株式）,小売業,2606.5,2622.5,2548,2585,-71.5,-2.691511,3795900,OK
2025-11-20,9845,パーカーコーポレーション,スタンダード（内国株式）,化学,1407,1427,1385,1394,-8,-0.570613,61000,OK
2025-11-20,9846,天満屋ストア,スタンダード（内国株式）,小売業,951,958,951,954,3,0.315457,4700,OK
2025-11-20,9849,共同紙販ホールディングス,スタンダード（内国株式）,卸売業,4510,4545,4500,4545,40,0.887902,700,OK
2025-11-20,9850,グルメ杵屋,プライム（内国株式）,小売業,964,964,959,962,3,0.312826,12900,OK
2025-11-20,9853,銀座ルノアール,スタンダード（内国株式）,小売業,927,928,918,928,0,0,5600,OK
2025-11-20,9854,愛眼,スタンダード（内国株式）,小売業,185,188,184,184,-2,-1.075269,57100,OK
2025-11-20,9856,ケーユーホールディングス,スタンダード（内国株式）,小売業,1214,1219,1202,1208,3,0.248963,48500,OK
2025-11-20,9857,英和,スタンダード（内国株式）,卸売業,2339,2339,2319,2336,15,0.646273,2100,OK
2025-11-20,9861,吉野家ホールディングス,プライム（内国株式）,小売業,3040,3070,3035,3048,-17,-0.554649,307900,OK
2025-11-20,9867,ソレキア,スタンダード（内国株式）,卸売業,8400,8440,8400,8440,140,1.686747,200,OK
2025-11-20,9869,加藤産業,プライム（内国株式）,卸売業,5970,5980,5930,5960,40,0.675676,25600,OK
2025-11-20,9872,北恵,スタンダード（内国株式）,卸売業,860,869,854,857,-13,-1.494253,179500,OK
2025-11-20,9876,コックス,スタンダード（内国株式）,小売業,227,229,224,229,5,2.232143,10000,OK
2025-11-20,9878,セキド,スタンダード（内国株式）,小売業,574,584,567,569,-9,-1.557093,15500,OK
2025-11-20,9880,イノテック,プライム（内国株式）,電気機器,1915,1992,1911,1980,96,5.095541,267600,OK
2025-11-20,9882,イエローハット,プライム（内国株式）,卸売業,1587,1608,1579,1606,25,1.581278,151900,OK
2025-11-20,9885,シャルレ,スタンダード（内国株式）,卸売業,359,362,355,361,-2,-0.550964,16900,OK
2025-11-20,9887,松屋フーズホールディングス,プライム（内国株式）,小売業,6100,6170,6090,6100,-60,-0.974026,24100,OK
2025-11-20,9888,ＵＥＸ,スタンダード（内国株式）,卸売業,748,753,744,748,0,0,11400,OK
2025-11-20,9889,ＪＢＣＣホールディングス,プライム（内国株式）,情報･通信業,1366,1427,1361,1411,59,4.363905,290500,OK
2025-11-20,9890,マキヤ,スタンダード（内国株式）,小売業,1213,1213,1184,1184,-29,-2.390767,3700,OK
2025-11-20,9895,コンセック,スタンダード（内国株式）,卸売業,1260,1260,1237,1239,-21,-1.666667,600,OK
2025-11-20,9896,ＪＫホールディングス,スタンダード（内国株式）,卸売業,1197,1200,1187,1189,6,0.507185,24400,OK
2025-11-20,9900,サガミホールディングス,プライム（内国株式）,小売業,1767,1785,1757,1777,7,0.39548,63000,OK
2025-11-20,9902,日伝,プライム（内国株式）,卸売業,2382,2425,2380,2400,27,1.1378,72100,OK
2025-11-20,9903,カンセキ,スタンダード（内国株式）,小売業,855,858,853,854,-1,-0.116959,1000,OK
2025-11-20,9904,ベリテ,スタンダード（内国株式）,小売業,373,375,373,374,1,0.268097,9500,OK
2025-11-20,9906,藤井産業,スタンダード（内国株式）,卸売業,3715,3750,3700,3700,0,0,3300,OK
2025-11-20,9908,日本電計,スタンダード（内国株式）,卸売業,2069,2069,2047,2047,-10,-0.486145,3700,OK
2025-11-20,9913,日邦産業,スタンダード（内国株式）,卸売業,2698,2698,2668,2676,7,0.262271,3100,OK
2025-11-20,9914,植松商会,スタンダード（内国株式）,卸売業,976,976,966,966,1,0.103627,200,OK
2025-11-20,9927,ワットマン,スタンダード（内国株式）,小売業,755,757,750,750,0,0,1100,OK
2025-11-20,9928,ミロク情報サービス,プライム（内国株式）,情報･通信業,1838,1838,1826,1826,7,0.384827,10600,OK
2025-11-20,9929,平和紙業,スタンダード（内国株式）,卸売業,447,450,447,449,2,0.447427,1600,OK
2025-11-20,9930,北沢産業,スタンダード（内国株式）,卸売業,363,364,360,363,-2,-0.547945,8000,OK
2025-11-20,9932,杉本商事,プライム（内国株式）,卸売業,1487,1488,1462,1465,-9,-0.610583,46800,OK
2025-11-20,9934,因幡電機産業,プライム（内国株式）,卸売業,4650,4694,4640,4661,51,1.106291,126600,OK
2025-11-20,9936,王将フードサービス,プライム（内国株式）,小売業,3115,3120,3100,3110,-25,-0.797448,102400,OK
2025-11-20,9941,太洋物産,スタンダード（内国株式）,卸売業,659,667,650,664,5,0.758725,3500,OK
2025-11-20,9946,ミニストップ,プライム（内国株式）,小売業,2060,2069,2049,2055,-3,-0.145773,43200,OK
2025-11-20,9948,アークス,プライム（内国株式）,小売業,3270,3330,3260,3310,40,1.223242,79300,OK
2025-11-20,9950,ハチバン,スタンダード（内国株式）,小売業,3420,3420,3415,3415,-5,-0.146199,1100,OK
2025-11-20,9955,ヨンキュウ,スタンダード（内国株式）,卸売業,2544,2544,2503,2529,11,0.436855,2800,OK
2025-11-20,9956,バローホールディングス,プライム（内国株式）,小売業,3030,3055,3005,3020,-5,-0.165289,61200,OK
2025-11-20,9959,アシードホールディングス,スタンダード（内国株式）,小売業,696,697,694,695,0,0,1700,OK
2025-11-20,9960,東テク,プライム（内国株式）,卸売業,3315,3415,3305,3375,105,3.211009,76600,OK
2025-11-20,9962,ミスミグループ本社,プライム（内国株式）,卸売業,2182.5,2185.5,2144,2155,0.5,0.023207,1641200,OK
2025-11-20,9969,ショクブン,スタンダード（内国株式）,小売業,251,252,249,249,-2,-0.796813,3500,OK
2025-11-20,9972,アルテック,スタンダード（内国株式）,卸売業,285,286,284,285,0,0,3600,OK
2025-11-20,9973,ＫＯＺＯホールディングス,スタンダード（内国株式）,小売業,26,26,25,26,1,4,841800,OK
2025-11-20,9974,ベルク,プライム（内国株式）,小売業,7470,7530,7460,7460,10,0.134228,10700,OK
2025-11-20,9976,セキチュー,スタンダード（内国株式）,小売業,1033,1034,1021,1022,-18,-1.730769,3900,OK
2025-11-20,9978,文教堂グループホールディングス,スタンダード（内国株式）,小売業,46,47,46,46,0,0,32500,OK
2025-11-20,9979,大庄,スタンダード（内国株式）,小売業,1129,1138,1125,1137,10,0.887311,25300,OK
2025-11-20,9980,ＭＲＫホールディングス,スタンダード（内国株式）,小売業,94,94,92,94,1,1.075269,224600,OK
2025-11-20,9982,タキヒヨー,スタンダード（内国株式）,卸売業,2070,2078,2061,2070,-14,-0.671785,7900,OK
2025-11-20,9983,ファーストリテイリング,プライム（内国株式）,小売業,54190,55370,53800,54620,750,1.392241,1066700,OK
2025-11-20,9984,ソフトバンクグループ,プライム（内国株式）,情報･通信業,20525,20540,19120,19180,355,1.88579,22450800,OK
2025-11-20,9986,蔵王産業,スタンダード（内国株式）,卸売業,2465,2465,2453,2461,-4,-0.162272,2300,OK
2025-11-20,9987,スズケン,プライム（内国株式）,卸売業,5777,5797,5731,5753,-24,-0.415441,150100,OK
2025-11-20,9989,サンドラッグ,プライム（内国株式）,小売業,4293,4348,4285,4308,-16,-0.370028,264000,OK
2025-11-20,9990,サックスバー　ホールディングス,プライム（内国株式）,小売業,758,765,756,761,7,0.928382,48600,OK
2025-11-20,9991,ジェコス,プライム（内国株式）,卸売業,1382,1406,1374,1395,23,1.676385,40900,OK
2025-11-20,9993,ヤマザワ,スタンダード（内国株式）,小売業,1143,1149,1143,1146,1,0.087336,3500,OK
2025-11-20,9994,やまや,スタンダード（内国株式）,小売業,2262,2272,2250,2257,-5,-0.221043,13000,OK
2025-11-20,9996,サトー商会,スタンダード（内国株式）,卸売業,2023,2023,2023,2023,4,0.198118,100,OK
2025-11-20,9997,ベルーナ,プライム（内国株式）,小売業,924,955,905,941,22,2.393906,1471400,OK
