日付,銘柄コード,銘柄名,市場・商品区分,33業種区分,始値,高値,安値,終値,前日比,前日比％,売買高(株),取得状態
2026-03-19,1301,極洋,プライム（内国株式）,水産・農林業,5160,5180,5070,5070,-130,-2.5,57100,OK
2026-03-19,130A,Ｖｅｒｉｔａｓ　Ｉｎ　Ｓｉｌｉｃｏ,グロース（内国株式）,医薬品,481,500,475,475,-15,-3.061224,28000,OK
2026-03-19,131A,ＣＣＮグループ,TOKYO PRO MARKET（内国株式）,情報･通信業,,,,,,,,NO_QUOTE
2026-03-19,132A,アイエヌホールディングス,TOKYO PRO MARKET（内国株式）,陸運業,,,,,,,,NO_QUOTE
2026-03-19,1332,ニッスイ,プライム（内国株式）,水産・農林業,1387,1394.5,1368.5,1372,-37.5,-2.660518,1387600,OK
2026-03-19,1333,Ｕｍｉｏｓ,プライム（内国株式）,水産・農林業,1500,1510,1486.5,1489,-31,-2.039474,724400,OK
2026-03-19,134A,アプライズ,TOKYO PRO MARKET（内国株式）,サービス業,,,,,,,,NO_QUOTE
2026-03-19,135A,ＶＲＡＩＮ　Ｓｏｌｕｔｉｏｎ,グロース（内国株式）,情報･通信業,2600,2600,2508,2518,-130,-4.909366,67500,OK
2026-03-19,136A,三興商事,TOKYO PRO MARKET（内国株式）,建設業,,,,,,,,NO_QUOTE
2026-03-19,1375,ユキグニファクトリー,プライム（内国株式）,水産・農林業,1077,1079,1069,1069,-15,-1.383764,53500,OK
2026-03-19,1376,カネコ種苗,スタンダード（内国株式）,水産・農林業,1470,1470,1444,1448,-34,-2.294197,13500,OK
2026-03-19,1377,サカタのタネ,プライム（内国株式）,水産・農林業,4370,4445,4330,4420,-20,-0.45045,212000,OK
2026-03-19,1379,ホクト,プライム（内国株式）,水産・農林業,1940,1940,1917,1917,-29,-1.490236,107800,OK
2026-03-19,137A,Ｃｏｃｏｌｉｖｅ,グロース（内国株式）,情報･通信業,690,696,690,694,3,0.434153,1600,OK
2026-03-19,1380,秋川牧園,スタンダード（内国株式）,水産・農林業,1065,1094,1064,1068,4,0.37594,6300,OK
2026-03-19,1381,アクシーズ,スタンダード（内国株式）,水産・農林業,3605,3685,3585,3605,-30,-0.825309,8400,OK
2026-03-19,1382,ホーブ,スタンダード（内国株式）,水産・農林業,1800,1820,1797,1797,-7,-0.388027,2400,OK
2026-03-19,1383,ベルグアース,スタンダード（内国株式）,水産・農林業,3210,3215,3190,3215,5,0.155763,4400,OK
2026-03-19,1384,ホクリヨウ,スタンダード（内国株式）,水産・農林業,3110,3110,3030,3030,-120,-3.809524,33900,OK
2026-03-19,138A,光フードサービス,グロース（内国株式）,小売業,2872,2897,2872,2897,-3,-0.103448,1500,OK
2026-03-19,139A,東日本地所,TOKYO PRO MARKET（内国株式）,不動産業,,,,,,,,NO_QUOTE
2026-03-19,1401,エムビーエス,グロース（内国株式）,建設業,1420,1424,1401,1401,-25,-1.753156,4300,OK
2026-03-19,1407,ウエストホールディングス,スタンダード（内国株式）,建設業,1758,1799,1730,1750,-101,-5.45651,910600,OK
2026-03-19,1414,ショーボンドホールディングス,プライム（内国株式）,建設業,1411,1423,1408.5,1412.5,-27.5,-1.909722,1065100,OK
2026-03-19,1417,ミライト・ワン,プライム（内国株式）,建設業,3698,3715,3652,3658,-110,-2.919321,276700,OK
2026-03-19,1418,インターライフホールディングス,スタンダード（内国株式）,建設業,519,519,502,502,-18,-3.461538,103700,OK
2026-03-19,1419,タマホーム,プライム（内国株式）,建設業,3980,3995,3950,3960,-30,-0.75188,90100,OK
2026-03-19,141A,トライアルホールディングス,グロース（内国株式）,小売業,4300,4360,4215,4240,-270,-5.986696,1451900,OK
2026-03-19,1420,サンヨーホームズ,スタンダード（内国株式）,建設業,706,712,706,708,-1,-0.141044,37900,OK
2026-03-19,1429,日本アクア,プライム（内国株式）,建設業,735,738,725,726,-31,-4.095112,357700,OK
2026-03-19,142A,ジンジブ,グロース（内国株式）,サービス業,700,715,687,695,-20,-2.797203,19800,OK
2026-03-19,1430,ファーストコーポレーション,スタンダード（内国株式）,建設業,1044,1047,1025,1029,-26,-2.464455,32400,OK
2026-03-19,1431,Ｌｉｂ　Ｗｏｒｋ,グロース（内国株式）,建設業,660,664,659,664,2,0.302115,17000,OK
2026-03-19,1432,動力,TOKYO PRO MARKET（内国株式）,建設業,,,,,,,,NO_QUOTE
2026-03-19,1433,ベステラ,プライム（内国株式）,建設業,1183,1198,1175,1178,-32,-2.644628,85700,OK
2026-03-19,1434,ＪＥＳＣＯホールディングス,スタンダード（内国株式）,建設業,1955,2002,1932,1951,-44,-2.205514,26400,OK
2026-03-19,1435,ｒｏｂｏｔ　ｈｏｍｅ,スタンダード（内国株式）,不動産業,198,198,188,190,-12,-5.940594,942900,OK
2026-03-19,1436,グリーンエナジー＆カンパニー,グロース（内国株式）,建設業,3985,4150,3800,3830,-155,-3.889586,39900,OK
2026-03-19,1438,岐阜造園,スタンダード（内国株式）,建設業,1855,1855,1839,1839,-13,-0.701944,600,OK
2026-03-19,143A,イシン,グロース（内国株式）,サービス業,742,760,742,752,11,1.48448,3400,OK
2026-03-19,1443,技研ホールディングス,スタンダード（内国株式）,建設業,315,315,305,306,-14,-4.375,115600,OK
2026-03-19,1444,ニッソウ,グロース（内国株式）,建設業,2632,2682,2622,2622,-60,-2.237136,1100,OK
2026-03-19,1445,ひかりホールディングス,TOKYO PRO MARKET（内国株式）,建設業,,,,,,,,NO_QUOTE
2026-03-19,1446,キャンディル,スタンダード（内国株式）,建設業,584,587,582,584,-1,-0.17094,50800,OK
2026-03-19,1447,ＳＡＡＦホールディングス,グロース（内国株式）,建設業,403,414,397,403,-1,-0.247525,319700,OK
2026-03-19,144A,エネルギーパワー,TOKYO PRO MARKET（内国株式）,建設業,,,,,,,,NO_QUOTE
2026-03-19,1450,ＴＡＮＡＫＥＮ,スタンダード（内国株式）,建設業,1589,1600,1568,1581,-36,-2.226345,6300,OK
2026-03-19,1452,横浜ライト工業,TOKYO PRO MARKET（内国株式）,建設業,,,,,,,,NO_QUOTE
2026-03-19,145A,Ｌ　ｉｓ　Ｂ,グロース（内国株式）,情報･通信業,820,827,811,811,-29,-3.452381,7300,OK
2026-03-19,146A,コロンビア・ワークス,スタンダード（内国株式）,不動産業,4440,4460,4210,4220,-325,-7.150715,69900,OK
2026-03-19,147A,ソラコム,グロース（内国株式）,情報･通信業,987,987,947,948,-40,-4.048583,68700,OK
2026-03-19,148A,ハッチ・ワーク,グロース（内国株式）,情報･通信業,1859,1859,1802,1839,3,0.163399,3400,OK
2026-03-19,1491,中外鉱業,スタンダード（内国株式）,非鉄金属,1100,1108,1048,1058,-71,-6.288751,83600,OK
2026-03-19,149A,シンカ,グロース（内国株式）,情報･通信業,920,920,920,920,150,19.480519,7000,OK
2026-03-19,150A,ＪＳＨ,グロース（内国株式）,サービス業,376,376,367,368,-14,-3.664921,5100,OK
2026-03-19,1514,住石ホールディングス,スタンダード（内国株式）,鉱業,1063,1068,939,939,-71,-7.029703,2458400,OK
2026-03-19,1515,日鉄鉱業,プライム（内国株式）,鉱業,2802,2805,2675,2697,-276,-9.283552,1481600,OK
2026-03-19,1518,三井松島ホールディングス,プライム（内国株式）,その他製品,1425,1435,1395,1395,-55,-3.793103,262100,OK
2026-03-19,151A,ダイブ,グロース（内国株式）,サービス業,638,638,625,634,-7,-1.092044,24800,OK
2026-03-19,152A,オプティ,TOKYO PRO MARKET（内国株式）,卸売業,,,,,,,,NO_QUOTE
2026-03-19,153A,カウリス,グロース（内国株式）,情報･通信業,1072,1119,1067,1094,44,4.190476,140300,OK
2026-03-19,154A,ＧＡＩＡ,TOKYO PRO MARKET（内国株式）,その他金融業,,,,,,,,NO_QUOTE
2026-03-19,155A,情報戦略テクノロジー,グロース（内国株式）,情報･通信業,901,911,887,890,-45,-4.812834,60300,OK
2026-03-19,156A,マテリアルグループ,グロース（内国株式）,サービス業,870,874,860,862,-17,-1.934016,25200,OK
2026-03-19,157A,グリーンモンスター,グロース（内国株式）,サービス業,1267,1268,1115,1118,-96,-7.907743,344500,OK
2026-03-19,158A,エクセリ,TOKYO PRO MARKET（内国株式）,小売業,,,,,,,,NO_QUOTE
2026-03-19,1605,ＩＮＰＥＸ,プライム（内国株式）,鉱業,4745,4801,4700,4700,25,0.534759,15309600,OK
2026-03-19,160A,アズパートナーズ,スタンダード（内国株式）,サービス業,2285,2285,2200,2200,-106,-4.596704,20900,OK
2026-03-19,161A,三葉,TOKYO PRO MARKET（内国株式）,サービス業,,,,,,,,NO_QUOTE
2026-03-19,164A,アップルパーク,TOKYO PRO MARKET（内国株式）,不動産業,,,,,,,,NO_QUOTE
2026-03-19,1662,石油資源開発,プライム（内国株式）,鉱業,2754,2785,2591,2591,-124,-4.567219,6554300,OK
2026-03-19,1663,Ｋ＆Ｏエナジーグループ,プライム（内国株式）,鉱業,5250,5300,5140,5280,-50,-0.938086,216900,OK
2026-03-19,166A,タスキホールディングス,グロース（内国株式）,不動産業,831,831,809,812,-31,-3.677343,544300,OK
2026-03-19,167A,リョーサン菱洋ホールディングス,プライム（内国株式）,卸売業,3180,3200,3145,3150,-75,-2.325581,197000,OK
2026-03-19,168A,イタミアート,グロース（内国株式）,その他製品,1260,1269,1231,1233,-19,-1.517572,11000,OK
2026-03-19,1711,ＳＤＳホールディングス,スタンダード（内国株式）,建設業,304,312,290,292,-14,-4.575163,366400,OK
2026-03-19,1716,第一カッター興業,スタンダード（内国株式）,建設業,1551,1566,1524,1524,-55,-3.483217,18200,OK
2026-03-19,1717,明豊ファシリティワークス,スタンダード（内国株式）,サービス業,1050,1066,1050,1054,2,0.190114,25700,OK
2026-03-19,1718,美樹工業,スタンダード（内国株式）,建設業,7790,7790,7660,7660,-180,-2.295918,2900,OK
2026-03-19,1719,安藤・間,プライム（内国株式）,建設業,1939,1939,1905,1905.5,-54.5,-2.780612,905200,OK
2026-03-19,171A,ゼロジャパン,TOKYO PRO MARKET（内国株式）,卸売業,,,,,,,,NO_QUOTE
2026-03-19,1720,東急建設,プライム（内国株式）,建設業,1487,1487,1453,1461,-56,-3.691496,466900,OK
2026-03-19,1721,コムシスホールディングス,プライム（内国株式）,建設業,5278,5290,5142,5147,-252,-4.667531,870400,OK
2026-03-19,1723,日本電技,スタンダード（内国株式）,建設業,10360,10450,10120,10390,-250,-2.349624,97900,OK
2026-03-19,1724,シンクレイヤ,スタンダード（内国株式）,建設業,727,727,715,717,-12,-1.646091,7900,OK
2026-03-19,1726,ビーアールホールディングス,プライム（内国株式）,建設業,526,527,524,524,-5,-0.94518,285000,OK
2026-03-19,172A,ネオホーム,TOKYO PRO MARKET（内国株式）,不動産業,,,,,,,,NO_QUOTE
2026-03-19,1736,オーテック,スタンダード（内国株式）,建設業,2464,2464,2376,2408,-37,-1.513292,7900,OK
2026-03-19,173A,ハンモック,グロース（内国株式）,情報･通信業,1445,1475,1445,1454,-19,-1.289885,1400,OK
2026-03-19,1758,太洋基礎工業,スタンダード（内国株式）,建設業,2501,2519,2410,2411,-107,-4.249404,6200,OK
2026-03-19,175A,Ｗｉｌｌ　Ｓｍａｒｔ,グロース（内国株式）,情報･通信業,733,740,716,716,-23,-3.112314,10300,OK
2026-03-19,1762,高松コンストラクショングループ,プライム（内国株式）,建設業,3665,3665,3605,3605,-120,-3.221477,55700,OK
2026-03-19,1764,工藤建設,スタンダード（内国株式）,建設業,3110,3160,3015,3160,25,0.797448,3300,OK
2026-03-19,1766,東建コーポレーション,プライム（内国株式）,建設業,13520,13670,13510,13570,-90,-0.658858,27900,OK
2026-03-19,1768,ソネック,スタンダード（内国株式）,建設業,1514,1514,1440,1443,-72,-4.752475,6200,OK
2026-03-19,1770,藤田エンジニアリング,スタンダード（内国株式）,建設業,1652,1669,1652,1669,-18,-1.066983,1500,OK
2026-03-19,1776,三井住建道路,スタンダード（内国株式）,建設業,1996,1996,1995,1995,-1,-0.0501,46500,OK
2026-03-19,177A,コージンバイオ,グロース（内国株式）,化学,1199,1210,1190,1197,4,0.335289,1500,OK
2026-03-19,1780,ヤマウラ,プライム（内国株式）,建設業,1641,1655,1638,1641,-9,-0.545455,33800,OK
2026-03-19,1783,ｆａｎｔａｓｉｓｔａ,スタンダード（内国株式）,不動産業,65,65,63,63,-2,-3.076923,1105300,OK
2026-03-19,1786,オリエンタル白石,プライム（内国株式）,建設業,390,390,381,388,-6,-1.522843,795700,OK
2026-03-19,1787,ナカボーテック,スタンダード（内国株式）,建設業,6320,6510,6320,6440,-80,-1.226994,400,OK
2026-03-19,1788,三東工業社,スタンダード（内国株式）,建設業,5330,5330,5330,5330,-60,-1.113173,200,OK
2026-03-19,1793,大本組,スタンダード（内国株式）,建設業,1814,1814,1780,1808,-9,-0.495322,3500,OK
2026-03-19,1795,マサル,スタンダード（内国株式）,建設業,4620,4620,4565,4565,15,0.32967,400,OK
2026-03-19,1798,守谷商会,スタンダード（内国株式）,建設業,6380,6470,6370,6460,-110,-1.674277,1500,OK
2026-03-19,1799,第一建設工業,スタンダード（内国株式）,建設業,4065,4080,3980,3980,-175,-4.211793,21600,OK
2026-03-19,1801,大成建設,プライム（内国株式）,建設業,16855,16980,16555,16780,-640,-3.673938,1221400,OK
2026-03-19,1802,大林組,プライム（内国株式）,建設業,3864,3900,3816,3837,-118,-2.983565,4118300,OK
2026-03-19,1803,清水建設,プライム（内国株式）,建設業,2966,2977.5,2900,2900,-192,-6.209573,9918600,OK
2026-03-19,1807,佐藤渡辺,スタンダード（内国株式）,建設業,2031,2031,2001,2009,-23,-1.13189,2400,OK
2026-03-19,1808,長谷工コーポレーション,プライム（内国株式）,建設業,2982.5,3015,2938,2940,-134,-4.359141,1337700,OK
2026-03-19,1810,松井建設,スタンダード（内国株式）,建設業,1671,1703,1664,1677,-34,-1.987142,133000,OK
2026-03-19,1811,錢高組,スタンダード（内国株式）,建設業,8580,8580,8380,8470,-120,-1.396973,5000,OK
2026-03-19,1812,鹿島建設,プライム（内国株式）,建設業,6329,6330,6099,6099,-206,-3.267248,3358200,OK
2026-03-19,1813,不動テトラ,プライム（内国株式）,建設業,3310,3320,3220,3235,-160,-4.712813,84200,OK
2026-03-19,1814,大末建設,プライム（内国株式）,建設業,3930,3935,3820,3825,-205,-5.086849,139900,OK
2026-03-19,1815,鉄建建設,プライム（内国株式）,建設業,4750,4765,4640,4640,-245,-5.015353,141800,OK
2026-03-19,1820,西松建設,プライム（内国株式）,建設業,6083,6097,5981,5983,-200,-3.234676,356000,OK
2026-03-19,1822,大豊建設,スタンダード（内国株式）,建設業,830,830,815,815,-22,-2.628435,228400,OK
2026-03-19,1826,佐田建設,スタンダード（内国株式）,建設業,1240,1240,1214,1217,-31,-2.483974,32800,OK
2026-03-19,1827,ナカノフドー建設,スタンダード（内国株式）,建設業,1500,1500,1427,1439,-61,-4.066667,45300,OK
2026-03-19,1828,田辺工業,スタンダード（内国株式）,建設業,2726,2737,2679,2679,-47,-1.724138,5600,OK
2026-03-19,1833,奥村組,プライム（内国株式）,建設業,6660,6660,6560,6560,-170,-2.526003,90700,OK
2026-03-19,1835,東鉄工業,プライム（内国株式）,建設業,5590,5600,5400,5400,-200,-3.571429,88000,OK
2026-03-19,1840,土屋ホールディングス,スタンダード（内国株式）,建設業,236,236,231,231,-5,-2.118644,18000,OK
2026-03-19,1841,サンユー建設,スタンダード（内国株式）,建設業,1585,1586,1585,1585,0,0,500,OK
2026-03-19,1844,大盛工業,スタンダード（内国株式）,建設業,605,610,601,601,-24,-3.84,197400,OK
2026-03-19,1847,イチケン,スタンダード（内国株式）,建設業,5910,5910,5750,5750,-250,-4.166667,24100,OK
2026-03-19,1848,富士ピー・エス,スタンダード（内国株式）,建設業,586,587,572,574,-21,-3.529412,17200,OK
2026-03-19,184A,学びエイド,グロース（内国株式）,情報･通信業,370,378,368,368,-7,-1.866667,29000,OK
2026-03-19,1850,南海辰村建設,スタンダード（内国株式）,建設業,515,520,503,505,-18,-3.441683,68500,OK
2026-03-19,1852,淺沼組,プライム（内国株式）,建設業,1020,1023,1007,1015,-18,-1.742498,483800,OK
2026-03-19,1853,森組,スタンダード（内国株式）,建設業,339,339,336,337,-3,-0.882353,28600,OK
2026-03-19,185A,リサイクルテック・ジャパン,TOKYO PRO MARKET（内国株式）,サービス業,,,,,,,,NO_QUOTE
2026-03-19,1860,戸田建設,プライム（内国株式）,建設業,1534,1543.5,1512.5,1512.5,-50.5,-3.230966,703300,OK
2026-03-19,1861,熊谷組,プライム（内国株式）,建設業,1667,1676,1650,1660,-40,-2.352941,1198400,OK
2026-03-19,1866,北野建設,スタンダード（内国株式）,建設業,1331,1344,1310,1312,-49,-3.600294,13100,OK
2026-03-19,1867,植木組,スタンダード（内国株式）,建設業,3030,3030,2934,2962,-78,-2.565789,28400,OK
2026-03-19,186A,アストロスケールホールディングス,グロース（内国株式）,サービス業,1192,1199,1096,1104,-128,-10.38961,8161400,OK
2026-03-19,1870,矢作建設工業,プライム（内国株式）,建設業,2162,2165,2124,2134,-69,-3.132093,191700,OK
2026-03-19,1871,ピーエス・コンストラクション,プライム（内国株式）,建設業,2908,2944,2824,2824,-155,-5.203088,529500,OK
2026-03-19,1873,日本ハウスホールディングス,プライム（内国株式）,建設業,318,319,312,313,-7,-2.1875,155000,OK
2026-03-19,1878,大東建託,プライム（内国株式）,不動産業,3644,3672,3601,3601,-56,-1.53131,1729200,OK
2026-03-19,1879,新日本建設,プライム（内国株式）,建設業,2002,2013,1974,1974,-66,-3.235294,90700,OK
2026-03-19,1882,東亜道路工業,プライム（内国株式）,建設業,1805,1813,1783,1793,-43,-2.342048,285400,OK
2026-03-19,1885,東亜建設工業,プライム（内国株式）,建設業,3270,3285,3200,3220,-165,-4.874446,602700,OK
2026-03-19,1887,日本国土開発,プライム（内国株式）,建設業,603,606,595,600,-21,-3.381643,991800,OK
2026-03-19,1888,若築建設,プライム（内国株式）,建設業,4550,4550,4400,4400,-150,-3.296703,23100,OK
2026-03-19,1893,五洋建設,プライム（内国株式）,建設業,1849.5,1851,1781,1790,-82.5,-4.405874,2340100,OK
2026-03-19,1897,金下建設,スタンダード（内国株式）,建設業,3345,3380,3250,3250,-130,-3.846154,2300,OK
2026-03-19,1898,世紀東急工業,プライム（内国株式）,建設業,1590,1592,1570,1573,-28,-1.748907,193300,OK
2026-03-19,1899,福田組,プライム（内国株式）,建設業,7900,8000,7870,7930,-110,-1.368159,36200,OK
2026-03-19,189A,Ｄ＆Ｍカンパニー,グロース（内国株式）,サービス業,925,942,925,942,2,0.212766,1200,OK
2026-03-19,1904,大成温調,スタンダード（内国株式）,建設業,5470,5530,5360,5360,-110,-2.010969,24300,OK
2026-03-19,1905,テノックス,スタンダード（内国株式）,建設業,1500,1623,1491,1623,117,7.768924,15400,OK
2026-03-19,1909,日本ドライケミカル,スタンダード（内国株式）,機械,12110,12220,11490,11510,-960,-7.698476,58400,OK
2026-03-19,190A,Ｃｈｏｒｄｉａ　Ｔｈｅｒａｐｅｕｔｉｃｓ,グロース（内国株式）,医薬品,133,135,125,126,-2,-1.5625,2239900,OK
2026-03-19,1911,住友林業,プライム（内国株式）,建設業,1461,1474,1442.5,1446.5,-44.5,-2.984574,5681600,OK
2026-03-19,1914,日本基礎技術,スタンダード（内国株式）,建設業,723,734,716,717,-8,-1.103448,42400,OK
2026-03-19,191A,ミモザ,TOKYO PRO MARKET（内国株式）,サービス業,,,,,,,,NO_QUOTE
2026-03-19,1921,巴コーポレーション,スタンダード（内国株式）,建設業,2070,2095,2031,2031,-53,-2.543186,54100,OK
2026-03-19,1925,大和ハウス工業,プライム（内国株式）,建設業,5200,5245,5159,5159,-115,-2.180508,2075800,OK
2026-03-19,1926,ライト工業,プライム（内国株式）,建設業,4075,4105,4065,4070,-65,-1.571947,180000,OK
2026-03-19,1928,積水ハウス,プライム（内国株式）,建設業,3555,3573,3490,3490,-118,-3.27051,4034300,OK
2026-03-19,1929,日特建設,プライム（内国株式）,建設業,1270,1275,1257,1257,-38,-2.934363,82100,OK
2026-03-19,192A,インテグループ,グロース（内国株式）,サービス業,1853,1853,1799,1836,-26,-1.396348,18300,OK
2026-03-19,1930,北陸電気工事,プライム（内国株式）,建設業,1588,1596,1540,1541,-80,-4.935225,89200,OK
2026-03-19,1934,ユアテック,プライム（内国株式）,建設業,2707,2707,2633,2633,-124,-4.497642,124100,OK
2026-03-19,1938,日本リーテック,プライム（内国株式）,建設業,2720,2728,2673,2694,-69,-2.497286,134300,OK
2026-03-19,1939,四電工,プライム（内国株式）,建設業,1974,1988,1962,1968,-43,-2.13824,167900,OK
2026-03-19,1941,中電工,プライム（内国株式）,建設業,4725,4725,4660,4670,-125,-2.606882,79200,OK
2026-03-19,1942,関電工,プライム（内国株式）,建設業,6206,6227,6011,6195,-157,-2.471662,1381600,OK
2026-03-19,1944,きんでん,プライム（内国株式）,建設業,7485,7503,7300,7310,-325,-4.256713,683300,OK
2026-03-19,1945,東京エネシス,プライム（内国株式）,建設業,1882,1899,1810,1818,-127,-6.529563,479500,OK
2026-03-19,1946,トーエネック,プライム（内国株式）,建設業,2051,2057,2008,2012,-93,-4.418052,141800,OK
2026-03-19,1948,弘電社,スタンダード（内国株式）,建設業,6440,6480,6380,6420,-120,-1.834862,20500,OK
2026-03-19,194A,ＷＯＬＶＥＳ　ＨＡＮＤ,グロース（内国株式）,サービス業,1713,1713,1665,1678,-75,-4.27838,27500,OK
2026-03-19,1950,日本電設工業,プライム（内国株式）,建設業,5140,5140,5030,5050,-190,-3.625954,190600,OK
2026-03-19,1951,エクシオグループ,プライム（内国株式）,建設業,2710,2717.5,2660.5,2677,-103,-3.705036,904800,OK
2026-03-19,1952,新日本空調,プライム（内国株式）,建設業,3755,3770,3650,3650,-215,-5.562743,144600,OK
2026-03-19,1959,クラフティア,プライム（内国株式）,建設業,9729,9775,9530,9624,-338,-3.392893,265300,OK
2026-03-19,195A,ＭＵＳＣＡＴ　ＧＲＯＵＰ,グロース（内国株式）,サービス業,1015,1175,993,1081,40,3.842459,810700,OK
2026-03-19,1960,サンテック,スタンダード（内国株式）,建設業,1465,1465,1430,1443,-48,-3.219316,45400,OK
2026-03-19,1961,三機工業,プライム（内国株式）,建設業,6790,6880,6760,6830,-170,-2.428571,279800,OK
2026-03-19,1963,日揮ホールディングス,プライム（内国株式）,建設業,2181.5,2220,2125,2133.5,-130.5,-5.764134,3688200,OK
2026-03-19,1964,中外炉工業,プライム（内国株式）,建設業,4590,4645,4480,4480,-250,-5.285412,30500,OK
2026-03-19,1965,テクノ菱和,スタンダード（内国株式）,建設業,6660,6710,6520,6520,-340,-4.956268,52900,OK
2026-03-19,1966,高田工業所,スタンダード（内国株式）,建設業,1860,1860,1811,1841,-31,-1.655983,17900,OK
2026-03-19,1967,ヤマト,スタンダード（内国株式）,建設業,2283,2286,2215,2244,-61,-2.646421,45500,OK
2026-03-19,1968,太平電業,プライム（内国株式）,建設業,3105,3200,3090,3095,-50,-1.589825,417900,OK
2026-03-19,1969,高砂熱学工業,プライム（内国株式）,建設業,4680,4680,4571,4585,-259,-5.346821,960100,OK
2026-03-19,196A,ＭＦＳ,グロース（内国株式）,その他金融業,248,250,236,241,-15,-5.859375,71700,OK
2026-03-19,1972,三晃金属工業,スタンダード（内国株式）,建設業,1379,1382,1362,1365,-40,-2.846975,66500,OK
2026-03-19,1975,朝日工業社,プライム（内国株式）,建設業,3755,3775,3705,3715,-210,-5.350318,96400,OK
2026-03-19,1976,明星工業,プライム（内国株式）,建設業,1885,1890,1844,1849,-87,-4.493802,106800,OK
2026-03-19,1979,大氣社,プライム（内国株式）,建設業,3500,3510,3455,3465,-105,-2.941176,155400,OK
2026-03-19,197A,タウンズ,スタンダード（内国株式）,医薬品,537,538,526,526,-7,-1.313321,210100,OK
2026-03-19,1980,ダイダン,プライム（内国株式）,建設業,3040,3060,2948,2965,-200,-6.319115,1271600,OK
2026-03-19,1981,協和日成,スタンダード（内国株式）,建設業,1550,1550,1539,1539,-17,-1.092545,5000,OK
2026-03-19,1982,日比谷総合設備,プライム（内国株式）,建設業,5940,6020,5850,5880,-230,-3.764321,57000,OK
2026-03-19,198A,ＰｏｓｔＰｒｉｍｅ,グロース（内国株式）,情報･通信業,212,216,200,204,-15,-6.849315,470600,OK
2026-03-19,1992,神田通信機,スタンダード（内国株式）,建設業,,,,,,,,NO_QUOTE
2026-03-19,1994,高橋カーテンウォール工業,スタンダード（内国株式）,建設業,555,555,548,548,-7,-1.261261,11100,OK
2026-03-19,1997,暁飯島工業,スタンダード（内国株式）,建設業,4435,4440,4310,4370,-60,-1.354402,2900,OK
2026-03-19,199A,メディエア,TOKYO PRO MARKET（内国株式）,情報･通信業,,,,,,,,NO_QUOTE
2026-03-19,2001,ニップン,プライム（内国株式）,食料品,2770,2777,2724,2724,-65,-2.330584,292000,OK
2026-03-19,2002,日清製粉グループ本社,プライム（内国株式）,食料品,2062,2085,2038,2045.5,-53,-2.525614,1105400,OK
2026-03-19,2003,日東富士製粉,スタンダード（内国株式）,食料品,7200,7230,7160,7160,-80,-1.104972,4500,OK
2026-03-19,2004,昭和産業,プライム（内国株式）,食料品,3300,3310,3250,3260,-50,-1.510574,80600,OK
2026-03-19,2009,鳥越製粉,スタンダード（内国株式）,食料品,1100,1100,1089,1095,-5,-0.454545,14900,OK
2026-03-19,202A,豆蔵,グロース（内国株式）,情報･通信業,3535,3540,3530,3535,0,0,81100,OK
2026-03-19,203A,シュンビン,TOKYO PRO MARKET（内国株式）,サービス業,,,,,,,,NO_QUOTE
2026-03-19,204A,タイヨーパッケージ,TOKYO PRO MARKET（内国株式）,パルプ・紙,,,,,,,,NO_QUOTE
2026-03-19,2053,中部飼料,プライム（内国株式）,食料品,1801,1817,1766,1766,-59,-3.232877,66900,OK
2026-03-19,2055,日和産業,スタンダード（内国株式）,食料品,393,398,385,385,-12,-3.02267,15300,OK
2026-03-19,205A,ロゴスホールディングス,グロース（内国株式）,建設業,1609,1609,1569,1570,-43,-2.66584,8400,OK
2026-03-19,2060,フィード・ワン,プライム（内国株式）,食料品,1222,1222,1191,1191,-46,-3.718674,106600,OK
2026-03-19,206A,ＰＲＩＳＭ　ＢｉｏＬａｂ,グロース（内国株式）,医薬品,194,194,180,181,-17,-8.585859,783400,OK
2026-03-19,207A,ライジングコーポレーション,TOKYO PRO MARKET（内国株式）,建設業,,,,,,,,NO_QUOTE
2026-03-19,208A,構造計画研究所ホールディングス,スタンダード（内国株式）,情報･通信業,2972,2997,2962,2984,-31,-1.028192,7500,OK
2026-03-19,209A,小野谷機工,TOKYO PRO MARKET（内国株式）,機械,,,,,,,,NO_QUOTE
2026-03-19,2108,日本甜菜製糖,プライム（内国株式）,食料品,4230,4250,4180,4200,-85,-1.983664,26000,OK
2026-03-19,2109,ＤＭ三井製糖,プライム（内国株式）,食料品,3405,3420,3365,3365,-80,-2.322206,60100,OK
2026-03-19,2112,塩水港精糖,スタンダード（内国株式）,食料品,555,558,547,550,-11,-1.960784,105300,OK
2026-03-19,2114,フジ日本,スタンダード（内国株式）,食料品,657,657,652,657,-1,-0.151976,9700,OK
2026-03-19,2117,ウェルネオシュガー,プライム（内国株式）,食料品,2895,2919,2854,2854,-75,-2.560601,59500,OK
2026-03-19,211A,カドス・コーポレーション,スタンダード（内国株式）,建設業,4145,4145,4065,4115,-30,-0.723764,13800,OK
2026-03-19,2120,ＬＩＦＵＬＬ,プライム（内国株式）,サービス業,209,212,204,204,-9,-4.225352,1112700,OK
2026-03-19,2121,ＭＩＸＩ,プライム（内国株式）,情報･通信業,2638,2655,2616,2616,-38,-1.431801,283200,OK
2026-03-19,2122,インタースペース,スタンダード（内国株式）,サービス業,1335,1338,1321,1321,-15,-1.122754,12100,OK
2026-03-19,2124,ジェイエイシーリクルートメント,プライム（内国株式）,サービス業,869,869,852,853,-17,-1.954023,323200,OK
2026-03-19,2127,日本Ｍ＆Ａセンターホールディングス,プライム（内国株式）,サービス業,639.5,643.9,629,633.6,-15.9,-2.448037,5813200,OK
2026-03-19,212A,フィットイージー,プライム（内国株式）,サービス業,2324,2343,2267,2277,-84,-3.557814,216400,OK
2026-03-19,2130,メンバーズ,プライム（内国株式）,サービス業,1115,1118,1082,1082,-62,-5.41958,67700,OK
2026-03-19,2134,北浜キャピタルパートナーズ,スタンダード（内国株式）,サービス業,31,31,29,30,-1,-3.225806,5342300,OK
2026-03-19,2136,ヒップ,スタンダード（内国株式）,サービス業,1563,1584,1563,1563,-15,-0.95057,2900,OK
2026-03-19,2138,クルーズ,スタンダード（内国株式）,情報･通信業,554,555,535,536,-19,-3.423423,44900,OK
2026-03-19,2139,中広,スタンダード（内国株式）,サービス業,514,514,504,507,-7,-1.361868,7600,OK
2026-03-19,2146,ＵＴグループ,プライム（内国株式）,サービス業,197,200,196,196,-4,-2,3340500,OK
2026-03-19,2148,アイティメディア,プライム（内国株式）,サービス業,1915,1920,1903,1915,-4,-0.208442,60000,OK
2026-03-19,2152,幼児活動研究会,スタンダード（内国株式）,サービス業,1550,1550,1520,1545,-9,-0.579151,800,OK
2026-03-19,2153,Ｅ・Ｊホールディングス,プライム（内国株式）,サービス業,1801,1805,1769,1769,-59,-3.227571,58200,OK
2026-03-19,2154,オープンアップグループ,プライム（内国株式）,サービス業,1761,1787,1759,1759,-22,-1.235261,307000,OK
2026-03-19,2156,セーラー広告,スタンダード（内国株式）,サービス業,311,313,311,311,-4,-1.269841,5400,OK
2026-03-19,2157,コシダカホールディングス,プライム（内国株式）,サービス業,1074,1085,1058,1058,-27,-2.488479,347400,OK
2026-03-19,2158,ＦＲＯＮＴＥＯ,グロース（内国株式）,サービス業,825,833,804,806,-46,-5.399061,370700,OK
2026-03-19,215A,タイミー,グロース（内国株式）,サービス業,1206,1225,1187,1190,-45,-3.643725,1423400,OK
2026-03-19,2160,ジーエヌアイグループ,グロース（内国株式）,医薬品,2942,2966,2821,2842,-283,-9.056,2356200,OK
2026-03-19,2162,ｎｍｓ　ホールディングス,スタンダード（内国株式）,サービス業,444,449,444,445,-1,-0.224215,10900,OK
2026-03-19,2163,アルトナー,プライム（内国株式）,サービス業,1970,1982,1940,1940,-26,-1.322482,44400,OK
2026-03-19,2164,地域新聞社,スタンダード（内国株式）,サービス業,320,324,300,316,-2,-0.628931,27300,OK
2026-03-19,2168,パソナグループ,プライム（内国株式）,サービス業,1957,1966,1918,1922,-65,-3.271263,134200,OK
2026-03-19,2169,ＣＤＳ,スタンダード（内国株式）,サービス業,1821,1828,1821,1821,-6,-0.328407,1500,OK
2026-03-19,216A,ライフクリエイト,TOKYO PRO MARKET（内国株式）,小売業,,,,,,,,NO_QUOTE
2026-03-19,2170,リンクアンドモチベーション,プライム（内国株式）,サービス業,546,555,535,537,-16,-2.893309,646700,OK
2026-03-19,2173,博展,グロース（内国株式）,サービス業,976,981,955,970,-18,-1.821862,28900,OK
2026-03-19,2175,エス・エム・エス,プライム（内国株式）,サービス業,1693,1751,1687,1728,-3,-0.17331,485700,OK
2026-03-19,2179,成学社,スタンダード（内国株式）,サービス業,816,816,814,815,0,0,700,OK
2026-03-19,217A,サポート,TOKYO PRO MARKET（内国株式）,サービス業,,,,,,,,NO_QUOTE
2026-03-19,2180,サニーサイドアップグループ,スタンダード（内国株式）,サービス業,986,986,952,952,-40,-4.032258,34100,OK
2026-03-19,2181,パーソルホールディングス,プライム（内国株式）,サービス業,231,232.6,227.1,227.1,-7.1,-3.031597,29676200,OK
2026-03-19,2183,リニカル,スタンダード（内国株式）,サービス業,300,306,280,280,-37,-11.671924,382000,OK
2026-03-19,2185,シイエム・シイ,スタンダード（内国株式）,サービス業,1870,1880,1857,1870,-8,-0.425985,6900,OK
2026-03-19,2186,ソーバル,スタンダード（内国株式）,サービス業,899,901,898,901,2,0.222469,1200,OK
2026-03-19,218A,Ｌｉｂｅｒａｗａｒｅ,グロース（内国株式）,精密機器,1534,1565,1478,1492,-78,-4.968153,296200,OK
2026-03-19,2193,クックパッド,スタンダード（内国株式）,サービス業,151,153,150,152,0,0,530100,OK
2026-03-19,2195,アミタホールディングス,グロース（内国株式）,サービス業,343,386,320,328,-8,-2.380952,516300,OK
2026-03-19,2196,エスクリ,スタンダード（内国株式）,サービス業,158,160,158,158,-1,-0.628931,29400,OK
2026-03-19,2198,アイ・ケイ・ケイホールディングス,プライム（内国株式）,サービス業,804,805,798,798,-2,-0.25,29800,OK
2026-03-19,219A,Ｈｅａｒｔｓｅｅｄ,グロース（内国株式）,医薬品,1827,1851,1780,1792,-68,-3.655914,458300,OK
2026-03-19,2201,森永製菓,プライム（内国株式）,食料品,2683.5,2699.5,2654,2669,-29.5,-1.0932,880800,OK
2026-03-19,2204,中村屋,スタンダード（内国株式）,食料品,3360,3370,3310,3310,-60,-1.780415,19000,OK
2026-03-19,2206,江崎グリコ,プライム（内国株式）,食料品,6233,6261,6176,6176,-114,-1.812401,192100,OK
2026-03-19,2207,ｍｅｉｔｏ,プライム（内国株式）,食料品,2935,2946,2868,2906,-28,-0.954329,119000,OK
2026-03-19,2208,ブルボン,スタンダード（内国株式）,食料品,3245,3245,3220,3220,-25,-0.770416,5700,OK
2026-03-19,2209,井村屋グループ,プライム（内国株式）,食料品,2453,2456,2432,2432,-35,-1.418727,31400,OK
2026-03-19,220A,Ｆａｂｅｒ　Ｃｏｍｐａｎｙ,スタンダード（内国株式）,情報･通信業,1018,1066,1012,1032,7,0.682927,29300,OK
2026-03-19,2211,不二家,プライム（内国株式）,食料品,2460,2471,2446,2454,-6,-0.243902,38000,OK
2026-03-19,2212,山崎製パン,プライム（内国株式）,食料品,3182,3262,3182,3210,-36,-1.109057,684400,OK
2026-03-19,2215,第一屋製パン,スタンダード（内国株式）,食料品,610,613,606,606,-3,-0.492611,8400,OK
2026-03-19,2216,カンロ,スタンダード（内国株式）,食料品,1226,1227,1192,1196,-60,-4.77707,177600,OK
2026-03-19,2217,モロゾフ,プライム（内国株式）,食料品,1488,1506,1483,1494,1,0.066979,74100,OK
2026-03-19,2220,亀田製菓,プライム（内国株式）,食料品,4340,4350,4295,4295,-50,-1.150748,64000,OK
2026-03-19,2221,岩塚製菓,スタンダード（内国株式）,食料品,3330,3335,3305,3305,-30,-0.89955,1700,OK
2026-03-19,2222,寿スピリッツ,プライム（内国株式）,食料品,1952,1993,1951,1959,-51.5,-2.561552,679500,OK
2026-03-19,2224,コモ,スタンダード（内国株式）,食料品,3805,3805,3740,3745,-60,-1.576873,3900,OK
2026-03-19,2226,湖池屋,スタンダード（内国株式）,食料品,4670,4670,4650,4650,-20,-0.428266,500,OK
2026-03-19,2229,カルビー,プライム（内国株式）,食料品,3099,3117,3068,3068,-47,-1.508828,859100,OK
2026-03-19,222A,ＮＩＣＳ,TOKYO PRO MARKET（内国株式）,情報･通信業,,,,,,,,NO_QUOTE
2026-03-19,2264,森永乳業,プライム（内国株式）,食料品,4708,4739,4661,4675,-103,-2.155714,455600,OK
2026-03-19,2266,六甲バター,プライム（内国株式）,食料品,1149,1152,1135,1135,-23,-1.986183,32300,OK
2026-03-19,2267,ヤクルト本社,プライム（内国株式）,食料品,2600,2632,2581.5,2581.5,-47,-1.788092,1680300,OK
2026-03-19,2268,Ｂ−Ｒ　サーティワン　アイスクリーム,スタンダード（内国株式）,食料品,4015,4020,4010,4010,-5,-0.124533,2900,OK
2026-03-19,2269,明治ホールディングス,プライム（内国株式）,食料品,4000,4021,3915,3929,-131,-3.226601,1664400,OK
2026-03-19,226A,勝美ジャパン,TOKYO PRO MARKET（内国株式）,食料品,,,,,,,,NO_QUOTE
2026-03-19,2270,雪印メグミルク,プライム（内国株式）,食料品,3265,3275,3215,3215,-80,-2.427921,251900,OK
2026-03-19,227A,ＩＮＳＩＧＨＴ　ＬＡＢ,TOKYO PRO MARKET（内国株式）,情報･通信業,,,,,,,,NO_QUOTE
2026-03-19,2281,プリマハム,プライム（内国株式）,食料品,2748,2764,2693,2693,-75,-2.709538,117700,OK
2026-03-19,2282,日本ハム,プライム（内国株式）,食料品,6810,6910,6779,6803,-96,-1.391506,746000,OK
2026-03-19,2286,林兼産業,スタンダード（内国株式）,食料品,1004,1020,995,997,-25,-2.446184,74500,OK
2026-03-19,2288,丸大食品,プライム（内国株式）,食料品,2335,2335,2278,2278,-62,-2.649573,125000,OK
2026-03-19,228A,オプロ,グロース（内国株式）,情報･通信業,1560,1560,1507,1515,-50,-3.194888,11200,OK
2026-03-19,2291,福留ハム,スタンダード（内国株式）,食料品,616,620,616,619,3,0.487013,1800,OK
2026-03-19,2292,Ｓ　Ｆｏｏｄｓ,プライム（内国株式）,食料品,2942,2947,2917,2920,-85,-2.828619,90500,OK
2026-03-19,2293,滝沢ハム,スタンダード（内国株式）,食料品,3000,3035,3000,3005,-25,-0.825083,1100,OK
2026-03-19,2294,柿安本店,プライム（内国株式）,食料品,2884,2884,2835,2835,-56,-1.937046,33900,OK
2026-03-19,2296,伊藤ハム米久ホールディングス,プライム（内国株式）,食料品,6040,6050,5990,5990,-100,-1.642036,296600,OK
2026-03-19,229A,アスミホールディングス,TOKYO PRO MARKET（内国株式）,建設業,,,,,,,,NO_QUOTE
2026-03-19,2300,きょくとう,スタンダード（内国株式）,サービス業,495,500,494,494,1,0.20284,3100,OK
2026-03-19,2301,学情,プライム（内国株式）,サービス業,1630,1645,1605,1607,-52,-3.134418,119500,OK
2026-03-19,2303,ドーン,スタンダード（内国株式）,情報･通信業,2718,2737,2681,2681,-24,-0.887246,6300,OK
2026-03-19,2304,ＣＳＳホールディングス,スタンダード（内国株式）,サービス業,972,978,968,969,-3,-0.308642,2100,OK
2026-03-19,2305,スタジオアリス,スタンダード（内国株式）,サービス業,1994,1998,1929,1929,-68,-3.405108,64800,OK
2026-03-19,2307,クロスキャット,プライム（内国株式）,情報･通信業,982,994,976,976,-25,-2.497502,39500,OK
2026-03-19,2311,エプコ,スタンダード（内国株式）,サービス業,820,824,797,803,-25,-3.019324,36400,OK
2026-03-19,2315,ＣＡＩＣＡ　ＤＩＧＩＴＡＬ,スタンダード（内国株式）,情報･通信業,80,81,78,79,-3,-3.658537,3214800,OK
2026-03-19,2317,システナ,プライム（内国株式）,情報･通信業,420,422,416,418,-4,-0.947867,1073500,OK
2026-03-19,2321,ソフトフロントホールディングス,グロース（内国株式）,情報･通信業,343,355,313,317,-23,-6.764706,1460400,OK
2026-03-19,2323,ｆｏｎｆｕｎ,スタンダード（内国株式）,情報･通信業,350,350,333,336,-17,-4.815864,32600,OK
2026-03-19,2325,ＮＪＳ,プライム（内国株式）,サービス業,4695,4705,4650,4650,-140,-2.922756,25500,OK
2026-03-19,2326,デジタルアーツ,プライム（内国株式）,情報･通信業,5110,5210,5020,5040,-170,-3.262956,69400,OK
2026-03-19,2327,日鉄ソリューションズ,プライム（内国株式）,情報･通信業,3720,3773,3683,3683,-79,-2.099947,418200,OK
2026-03-19,2329,東北新社,スタンダード（内国株式）,情報･通信業,641,643,634,636,-9,-1.395349,64000,OK
2026-03-19,2330,フォーサイド,スタンダード（内国株式）,情報･通信業,124,131,114,114,-11,-8.8,1578600,OK
2026-03-19,2331,ＡＬＳＯＫ,プライム（内国株式）,サービス業,1247,1256,1226,1228,-21,-1.681345,1251200,OK
2026-03-19,2332,クエスト,スタンダード（内国株式）,情報･通信業,1586,1592,1565,1565,-48,-2.975821,6800,OK
2026-03-19,2334,イオレ,グロース（内国株式）,サービス業,370,372,360,369,-9,-2.380952,599400,OK
2026-03-19,2335,キューブシステム,プライム（内国株式）,情報･通信業,1050,1051,1036,1036,-17,-1.614435,32200,OK
2026-03-19,2337,いちご,プライム（内国株式）,不動産業,486,491,483,483,-10,-2.028398,991100,OK
2026-03-19,2338,クオンタムソリューションズ,スタンダード（内国株式）,情報･通信業,161,178,152,153,-18,-10.526316,2029100,OK
2026-03-19,2340,極楽湯ホールディングス,スタンダード（内国株式）,サービス業,486,489,486,486,-3,-0.613497,14900,OK
2026-03-19,2341,アルバイトタイムス,スタンダード（内国株式）,サービス業,195,195,192,193,-2,-1.025641,28200,OK
2026-03-19,2342,トランスジェニックグループ,スタンダード（内国株式）,サービス業,278,278,269,272,-9,-3.202847,114100,OK
2026-03-19,2344,平安レイサービス,スタンダード（内国株式）,サービス業,1479,1480,1478,1478,-1,-0.067613,18400,OK
2026-03-19,2345,ＨＯＤＬ１,スタンダード（内国株式）,情報･通信業,229,234,220,234,0,0,203800,OK
2026-03-19,2349,エヌアイデイ,スタンダード（内国株式）,情報･通信業,2507,2507,2500,2507,0,0,1300,OK
2026-03-19,2351,ＡＳＪ,スタンダード（内国株式）,情報･通信業,370,375,362,362,-9,-2.425876,10700,OK
2026-03-19,2353,日本駐車場開発,プライム（内国株式）,不動産業,271,272,266,267,-6,-2.197802,1090600,OK
2026-03-19,2354,ＹＥ　ＤＩＧＩＴＡＬ,スタンダード（内国株式）,情報･通信業,777,781,770,771,-20,-2.528445,57600,OK
2026-03-19,2359,コア,プライム（内国株式）,情報･通信業,2208,2213,2185,2185,-48,-2.149575,37000,OK
2026-03-19,2370,メディネット,グロース（内国株式）,サービス業,30,31,29,30,0,0,2340400,OK
2026-03-19,2371,カカクコム,プライム（内国株式）,サービス業,1900.5,1945,1891.5,1924.5,8.5,0.443633,1532300,OK
2026-03-19,2373,ケア２１,スタンダード（内国株式）,サービス業,431,433,424,427,-8,-1.83908,12700,OK
2026-03-19,2375,ギグワークス,スタンダード（内国株式）,サービス業,215,215,209,209,-6,-2.790698,143100,OK
2026-03-19,2376,サイネックス,スタンダード（内国株式）,サービス業,720,724,717,717,-5,-0.692521,1600,OK
2026-03-19,2378,ルネサンス,プライム（内国株式）,サービス業,1111,1113,1100,1100,-15,-1.345291,31200,OK
2026-03-19,2379,ディップ,プライム（内国株式）,サービス業,2048,2064,2047,2049,-9,-0.437318,362400,OK
2026-03-19,2384,ＳＢＳホールディングス,プライム（内国株式）,陸運業,4055,4065,4010,4045,-80,-1.939394,100100,OK
2026-03-19,2385,総医研ホールディングス,グロース（内国株式）,サービス業,245,245,238,238,-10,-4.032258,78400,OK
2026-03-19,2388,ウェッジホールディングス,グロース（内国株式）,その他金融業,63,65,62,62,-2,-3.125,72700,OK
2026-03-19,2391,プラネット,スタンダード（内国株式）,サービス業,1255,1255,1247,1255,0,0,2300,OK
2026-03-19,2393,日本ケアサプライ,スタンダード（内国株式）,サービス業,2436,2436,2425,2425,-15,-0.614754,1100,OK
2026-03-19,2395,新日本科学,プライム（内国株式）,サービス業,1540,1558,1504,1504,-63,-4.020421,166900,OK
2026-03-19,239A,バレッグス,TOKYO PRO MARKET（内国株式）,不動産業,,,,,,,,NO_QUOTE
2026-03-19,2404,鉄人化ホールディングス,スタンダード（内国株式）,サービス業,511,511,508,508,-2,-0.392157,2000,OK
2026-03-19,2408,ＫＧ情報,スタンダード（内国株式）,サービス業,716,731,711,713,-13,-1.790634,18900,OK
2026-03-19,2410,キャリアデザインセンター,プライム（内国株式）,サービス業,2454,2455,2408,2408,-55,-2.233049,42000,OK
2026-03-19,2411,ゲンダイエージェンシー,スタンダード（内国株式）,情報･通信業,474,480,474,475,1,0.21097,33800,OK
2026-03-19,2413,エムスリー,プライム（内国株式）,サービス業,1634.5,1658.5,1608,1608,-42.5,-2.574977,3360000,OK
2026-03-19,2415,ヒューマンホールディングス,スタンダード（内国株式）,サービス業,1804,1834,1804,1825,-5,-0.273224,3800,OK
2026-03-19,2418,ツカダ・グローバルホールディング,スタンダード（内国株式）,サービス業,659,662,639,641,-31,-4.613095,298200,OK
2026-03-19,241A,ＲＯＸＸ,グロース（内国株式）,情報･通信業,501,516,501,505,-11,-2.131783,19600,OK
2026-03-19,2424,ブラス,スタンダード（内国株式）,サービス業,604,605,602,602,0,0,2500,OK
2026-03-19,2425,ケアサービス,スタンダード（内国株式）,サービス業,786,786,782,785,0,0,2500,OK
2026-03-19,2428,ウェルネット,スタンダード（内国株式）,サービス業,655,659,651,652,-5,-0.761035,60200,OK
2026-03-19,2429,ワールドホールディングス,プライム（内国株式）,サービス業,2700,2710,2659,2659,-82,-2.991609,57300,OK
2026-03-19,2432,ディー・エヌ・エー,プライム（内国株式）,情報･通信業,2565,2595,2555,2558.5,-36.5,-1.406551,1633000,OK
2026-03-19,2433,博報堂ＤＹホールディングス,プライム（内国株式）,サービス業,1029,1035,1017.5,1019.5,-23,-2.206235,1006000,OK
2026-03-19,2435,シダー,スタンダード（内国株式）,サービス業,226,227,223,223,-6,-2.620087,58600,OK
2026-03-19,2436,共同ピーアール,スタンダード（内国株式）,サービス業,1013,1028,1000,1000,-28,-2.723735,36300,OK
2026-03-19,2437,Ｓｈｉｎｗａ　Ｗｉｓｅ　Ｈｏｌｄｉｎｇｓ,スタンダード（内国株式）,サービス業,684,732,684,701,14,2.037846,105300,OK
2026-03-19,2438,アスカネット,グロース（内国株式）,サービス業,367,368,358,358,-13,-3.504043,46900,OK
2026-03-19,243A,トップス,TOKYO PRO MARKET（内国株式）,食料品,,,,,,,,NO_QUOTE
2026-03-19,2440,ぐるなび,スタンダード（内国株式）,サービス業,150,151,147,147,-4,-2.649007,269000,OK
2026-03-19,2445,タカミヤ,スタンダード（内国株式）,サービス業,416,418,408,409,-14,-3.309693,119700,OK
2026-03-19,2449,プラップジャパン,スタンダード（内国株式）,サービス業,1070,1070,1060,1062,-17,-1.575533,1300,OK
2026-03-19,244A,グロースエクスパートナーズ,グロース（内国株式）,情報･通信業,1265,1277,1246,1261,-18,-1.407349,13900,OK
2026-03-19,2452,コンピュータマインド,TOKYO PRO MARKET（内国株式）,情報･通信業,,,,,,,,NO_QUOTE
2026-03-19,2454,オールアバウト,スタンダード（内国株式）,サービス業,394,396,394,394,0,0,2500,OK
2026-03-19,2459,アウンコンサルティング,スタンダード（内国株式）,サービス業,216,217,211,211,-3,-1.401869,37900,OK
2026-03-19,245A,ＩＮＧＳ,グロース（内国株式）,小売業,2466,2466,2260,2275,-191,-7.745337,10600,OK
2026-03-19,2461,ファンコミュニケーションズ,プライム（内国株式）,サービス業,459,460,455,455,-8,-1.727862,69700,OK
2026-03-19,2462,ライク,プライム（内国株式）,サービス業,1566,1572,1558,1558,-16,-1.016518,44200,OK
2026-03-19,2464,Ａｏｂａ‐ＢＢＴ,スタンダード（内国株式）,サービス業,350,350,344,345,-5,-1.428571,5900,OK
2026-03-19,2469,ヒビノ,スタンダード（内国株式）,サービス業,4035,4145,3970,3985,-190,-4.550898,32300,OK
2026-03-19,246A,アスア,グロース（内国株式）,サービス業,919,932,919,923,3,0.326087,10700,OK
2026-03-19,2471,エスプール,プライム（内国株式）,サービス業,251,252,244,246,-8,-3.149606,2827900,OK
2026-03-19,2475,ＷＤＢホールディングス,プライム（内国株式）,サービス業,1563,1568,1552,1557,-9,-0.574713,62800,OK
2026-03-19,2477,手間いらず,スタンダード（内国株式）,情報･通信業,2826,2852,2764,2764,-112,-3.894298,6800,OK
2026-03-19,2479,ジェイテック,スタンダード（内国株式）,サービス業,247,253,246,249,-1,-0.4,50200,OK
2026-03-19,247A,Ａｉロボティクス,グロース（内国株式）,化学,1291,1297,1261,1261,-59,-4.469697,551500,OK
2026-03-19,2480,システム・ロケーション,スタンダード（内国株式）,情報･通信業,1705,1707,1705,1706,-1,-0.058582,1100,OK
2026-03-19,2481,タウンニュース社,スタンダード（内国株式）,サービス業,675,680,675,680,5,0.740741,1000,OK
2026-03-19,2483,翻訳センター,スタンダード（内国株式）,サービス業,1873,1887,1868,1869,-21,-1.111111,3500,OK
2026-03-19,2484,出前館,スタンダード（内国株式）,情報･通信業,138,140,133,133,-8,-5.673759,1808500,OK
2026-03-19,2485,ティア,スタンダード（内国株式）,サービス業,528,530,521,522,-9,-1.694915,26200,OK
2026-03-19,2488,ＪＴＰ,スタンダード（内国株式）,サービス業,1199,1203,1175,1175,-29,-2.408638,43000,OK
2026-03-19,2489,アドウェイズ,スタンダード（内国株式）,サービス業,274,277,267,269,-9,-3.23741,169900,OK
2026-03-19,248A,キッズスター,グロース（内国株式）,情報･通信業,1053,1063,1035,1035,-35,-3.271028,4900,OK
2026-03-19,2491,バリューコマース,プライム（内国株式）,サービス業,433,439,430,431,-7,-1.598174,271100,OK
2026-03-19,2492,インフォマート,プライム（内国株式）,サービス業,396,402,394,400,-4,-0.990099,1867500,OK
2026-03-19,2493,イーサポートリンク,スタンダード（内国株式）,サービス業,1005,1005,1000,1003,-2,-0.199005,3800,OK
2026-03-19,2497,ユナイテッド,グロース（内国株式）,サービス業,540,546,539,539,-1,-0.185185,25700,OK
2026-03-19,2498,オリエンタルコンサルタンツホールディングス,スタンダード（内国株式）,サービス業,3035,3085,3035,3085,15,0.488599,4900,OK
2026-03-19,2499,日本和装ホールディングス,スタンダード（内国株式）,サービス業,344,345,340,340,-4,-1.162791,9700,OK
2026-03-19,249A,ヒューマンアジャスト,TOKYO PRO MARKET（内国株式）,サービス業,,,,,,,,NO_QUOTE
2026-03-19,2501,サッポロホールディングス,プライム（内国株式）,食料品,1620.5,1633.5,1595,1595,-55,-3.333333,1246600,OK
2026-03-19,2502,アサヒグループホールディングス,プライム（内国株式）,食料品,1582,1598.5,1571,1576,-22.5,-1.40757,9209300,OK
2026-03-19,2503,キリンホールディングス,プライム（内国株式）,食料品,2528,2554.5,2461,2475,-120.5,-4.642651,5624300,OK
2026-03-19,250A,シマダヤ,スタンダード（内国株式）,食料品,1892,1926,1870,1926,19,0.996329,34300,OK
2026-03-19,251A,ニューロマジック,TOKYO PRO MARKET（内国株式）,サービス業,,,,,,,,NO_QUOTE
2026-03-19,252A,ウェッジ,TOKYO PRO MARKET（内国株式）,小売業,,,,,,,,NO_QUOTE
2026-03-19,2531,宝ホールディングス,プライム（内国株式）,食料品,1495,1534,1490.5,1528.5,3.5,0.229508,972100,OK
2026-03-19,2533,オエノンホールディングス,プライム（内国株式）,食料品,433,435,427,427,-11,-2.511416,123600,OK
2026-03-19,253A,ＥＴＳグループ,スタンダード（内国株式）,建設業,1258,1280,1206,1216,-70,-5.443235,47600,OK
2026-03-19,2540,養命酒製造,プライム（内国株式）,食料品,4040,4045,4040,4040,0,0,214900,OK
2026-03-19,254A,ＡＩフュージョンキャピタルグループ,スタンダード（内国株式）,証券･商品先物取引業,1114,1161,1100,1154,40,3.590664,49300,OK
2026-03-19,255A,ジーエルテクノホールディングス,スタンダード（内国株式）,精密機器,3440,3440,3290,3320,-220,-6.214689,161600,OK
2026-03-19,256A,飛島ホールディングス,プライム（内国株式）,建設業,2235,2243,2205,2210,-70,-3.070175,233500,OK
2026-03-19,2573,北海道コカ・コーラボトリング,スタンダード（内国株式）,食料品,4065,4095,4065,4095,-10,-0.243605,5200,OK
2026-03-19,2579,コカ・コーラ　ボトラーズジャパンホールディングス,プライム（内国株式）,食料品,3920,3931,3723,3751,-166,-4.237937,2551200,OK
2026-03-19,2585,ライフドリンク　カンパニー,プライム（内国株式）,食料品,999,1006,977,1003,-17,-1.666667,1472400,OK
2026-03-19,2586,フルッタフルッタ,グロース（内国株式）,食料品,116,118,114,115,-3,-2.542373,946300,OK
2026-03-19,2587,サントリー食品インターナショナル,プライム（内国株式）,食料品,4540,4577,4454,4454,-156,-3.383948,1074300,OK
2026-03-19,2588,プレミアムウォーターホールディングス,スタンダード（内国株式）,食料品,4010,4140,4010,4090,45,1.112485,8500,OK
2026-03-19,2590,ダイドーグループホールディングス,プライム（内国株式）,食料品,2690,2711,2660,2660,-78,-2.848795,137800,OK
2026-03-19,2593,伊藤園,プライム（内国株式）,食料品,2851,2885,2806,2806,-83,-2.872966,475700,OK
2026-03-19,25935,伊藤園（優先株式）,プライム（内国株式）,食料品,1811,1812,1807,1810,-1,-0.055218,25600,OK
2026-03-19,2594,キーコーヒー,プライム（内国株式）,食料品,2009,2011,1999,1999,-11,-0.547264,62600,OK
2026-03-19,2597,ユニカフェ,スタンダード（内国株式）,食料品,1074,1074,1070,1073,-1,-0.09311,3500,OK
2026-03-19,2602,日清オイリオグループ,プライム（内国株式）,食料品,5800,5840,5760,5760,-110,-1.873935,138500,OK
2026-03-19,2607,不二製油,プライム（内国株式）,食料品,3580,3586,3491,3507,-52,-1.461085,565800,OK
2026-03-19,2612,かどや製油,スタンダード（内国株式）,食料品,5110,5150,5090,5120,40,0.787402,3000,OK
2026-03-19,2613,Ｊ−オイルミルズ,プライム（内国株式）,食料品,2023,2026,1994,1994,-37,-1.821763,142000,OK
2026-03-19,261A,日水コン,スタンダード（内国株式）,サービス業,2415,2461,2411,2411,-51,-2.071487,18900,OK
2026-03-19,262A,インターメスティック,プライム（内国株式）,小売業,2030,2060,1990,1996,-72,-3.481625,106400,OK
2026-03-19,263A,デジタルキューブ,TOKYO PRO MARKET（内国株式）,情報･通信業,,,,,,,,NO_QUOTE
2026-03-19,264A,Ｓｃｈｏｏ,グロース（内国株式）,サービス業,525,525,474,476,-48,-9.160305,538700,OK
2026-03-19,2652,まんだらけ,スタンダード（内国株式）,小売業,337,338,332,332,-10,-2.923977,112300,OK
2026-03-19,2653,イオン九州,スタンダード（内国株式）,小売業,2806,2806,2794,2800,-9,-0.320399,16500,OK
2026-03-19,2654,アスモ,スタンダード（内国株式）,小売業,408,412,406,410,-2,-0.485437,4400,OK
2026-03-19,2656,ベクターホールディングス,スタンダード（内国株式）,小売業,168,176,157,167,-3,-1.764706,2176000,OK
2026-03-19,2659,サンエー,プライム（内国株式）,小売業,3060,3080,3025,3025,-65,-2.10356,133900,OK
2026-03-19,265A,Ｈｍｃｏｍｍ,グロース（内国株式）,情報･通信業,910,924,898,903,-22,-2.378378,32300,OK
2026-03-19,2664,カワチ薬品,プライム（内国株式）,小売業,3000,3020,2981,2991,-19,-0.631229,115300,OK
2026-03-19,2666,オートウェーブ,スタンダード（内国株式）,小売業,163,163,160,161,-3,-1.829268,49700,OK
2026-03-19,2667,イメージ　ワン,スタンダード（内国株式）,卸売業,233,235,223,224,-17,-7.053942,276600,OK
2026-03-19,2668,タビオ,スタンダード（内国株式）,卸売業,1238,1238,1220,1225,-19,-1.527331,2200,OK
2026-03-19,2669,カネ美食品,スタンダード（内国株式）,小売業,3455,3485,3440,3455,-15,-0.432277,12000,OK
2026-03-19,266A,グローカルマーケティング,TOKYO PRO MARKET（内国株式）,サービス業,,,,,,,,NO_QUOTE
2026-03-19,2670,エービーシー・マート,プライム（内国株式）,小売業,2537,2538.5,2485.5,2488,-63.5,-2.488732,564000,OK
2026-03-19,2673,夢みつけ隊,スタンダード（内国株式）,小売業,189,191,185,185,-9,-4.639175,310900,OK
2026-03-19,2674,ハードオフコーポレーション,プライム（内国株式）,小売業,2015,2015,1986,1988,-41,-2.0207,43400,OK
2026-03-19,2676,高千穂交易,プライム（内国株式）,卸売業,2060,2092,2060,2063,-32,-1.527446,19600,OK
2026-03-19,2678,アスクル,プライム（内国株式）,小売業,1218,1221,1192,1192,-39,-3.168156,563100,OK
2026-03-19,267A,トワライズ,TOKYO PRO MARKET（内国株式）,その他金融業,,,,,,,,NO_QUOTE
2026-03-19,2681,ゲオホールディングス,プライム（内国株式）,小売業,1709,1727,1670,1670,-65,-3.746398,256500,OK
2026-03-19,2683,魚喜,スタンダード（内国株式）,小売業,1000,1000,998,999,-2,-0.1998,1300,OK
2026-03-19,2685,アンドエスティＨＤ,プライム（内国株式）,小売業,2871,2887,2831,2840,-77,-2.639698,111000,OK
2026-03-19,2686,ジーフット,スタンダード（内国株式）,小売業,281,283,281,283,2,0.711744,11300,OK
2026-03-19,2687,シー・ヴイ・エス・ベイエリア,スタンダード（内国株式）,サービス業,488,490,487,490,0,0,4000,OK
2026-03-19,2689,オルバヘルスケアホールディングス,スタンダード（内国株式）,卸売業,2131,2132,2103,2119,-12,-0.563116,3900,OK
2026-03-19,268A,リガク・ホールディングス,プライム（内国株式）,精密機器,1857,2062,1855,2036,130,6.820567,4801300,OK
2026-03-19,2692,伊藤忠食品,プライム（内国株式）,卸売業,13000,13010,13000,13000,-30,-0.230238,33500,OK
2026-03-19,2693,ＹＫＴ,スタンダード（内国株式）,卸売業,251,255,251,253,-3,-1.171875,14400,OK
2026-03-19,2694,焼肉坂井ホールディングス,スタンダード（内国株式）,小売業,73,73,72,73,0,0,167000,OK
2026-03-19,2695,くら寿司,プライム（内国株式）,小売業,3535,3580,3520,3520,-50,-1.40056,135600,OK
2026-03-19,2698,キャンドゥ,スタンダード（内国株式）,小売業,3240,3265,3230,3230,-50,-1.52439,7200,OK
2026-03-19,269A,Ｓａｐｅｅｔ,グロース（内国株式）,情報･通信業,2283,2283,2139,2182,-133,-5.74514,17700,OK
2026-03-19,2700,木徳神糧,スタンダード（内国株式）,卸売業,2081,2089,2037,2040,-85,-4,27400,OK
2026-03-19,2702,日本マクドナルドホールディングス,スタンダード（内国株式）,小売業,8000,8020,7920,7980,-50,-0.622665,357400,OK
2026-03-19,2705,大戸屋ホールディングス,スタンダード（内国株式）,小売業,7000,7080,6880,6940,-130,-1.838755,26500,OK
2026-03-19,2708,久世,スタンダード（内国株式）,卸売業,2193,2204,2175,2175,-40,-1.805869,3500,OK
2026-03-19,271A,アクセリア,TOKYO PRO MARKET（内国株式）,情報･通信業,,,,,,,,NO_QUOTE
2026-03-19,2721,ジェイホールディングス,スタンダード（内国株式）,卸売業,157,157,153,153,-6,-3.773585,105900,OK
2026-03-19,2722,ＩＫホールディングス,スタンダード（内国株式）,小売業,387,388,386,388,0,0,3100,OK
2026-03-19,2726,パルグループホールディングス,プライム（内国株式）,小売業,1475,1476,1439,1439,-53,-3.552279,643900,OK
2026-03-19,2730,エディオン,プライム（内国株式）,小売業,2167,2168,2150,2150,-39,-1.781635,671900,OK
2026-03-19,2733,あらた,プライム（内国株式）,卸売業,2998,3010,2968,2968,-42,-1.395349,125800,OK
2026-03-19,2734,サーラコーポレーション,プライム（内国株式）,小売業,1065,1074,1055,1057,-18,-1.674419,459200,OK
2026-03-19,2735,ワッツ,スタンダード（内国株式）,小売業,644,644,626,627,-17,-2.639752,16400,OK
2026-03-19,2736,フェスタリアホールディングス,スタンダード（内国株式）,小売業,636,645,636,645,-1,-0.154799,1600,OK
2026-03-19,2737,トーメンデバイス,プライム（内国株式）,卸売業,12520,12610,12300,12340,-600,-4.636785,80100,OK
2026-03-19,2742,ハローズ,プライム（内国株式）,小売業,4315,4385,4295,4300,-100,-2.272727,16700,OK
2026-03-19,2747,北雄ラッキー,スタンダード（内国株式）,小売業,3025,3040,3025,3030,5,0.165289,1400,OK
2026-03-19,2749,ＪＰホールディングス,プライム（内国株式）,サービス業,718,719,710,713,-7,-0.972222,398000,OK
2026-03-19,274A,ガーデン,スタンダード（内国株式）,小売業,2266,2285,2252,2252,-27,-1.18473,6300,OK
2026-03-19,2750,石光商事,スタンダード（内国株式）,卸売業,1402,1408,1370,1372,-43,-3.038869,23100,OK
2026-03-19,2751,テンポスホールディングス,スタンダード（内国株式）,卸売業,4010,4010,3950,3950,-55,-1.373283,9900,OK
2026-03-19,2752,フジオフードグループ本社,プライム（内国株式）,小売業,1085,1086,1076,1085,-3,-0.275735,124300,OK
2026-03-19,2753,あみやき亭,プライム（内国株式）,小売業,1446,1452,1421,1421,-34,-2.33677,65500,OK
2026-03-19,2760,東京エレクトロン　デバイス,プライム（内国株式）,卸売業,3190,3195,3110,3115,-145,-4.447853,107900,OK
2026-03-19,2762,ＳＡＮＫＯ　ＭＡＲＫＥＴＩＮＧ　ＦＯＯＤＳ,スタンダード（内国株式）,小売業,98,100,97,98,0,0,209200,OK
2026-03-19,2763,エフティグループ,スタンダード（内国株式）,卸売業,1266,1296,1258,1276,5,0.393391,37800,OK
2026-03-19,2764,ひらまつ,スタンダード（内国株式）,小売業,154,156,150,150,-6,-3.846154,302300,OK
2026-03-19,2767,円谷フィールズホールディングス,プライム（内国株式）,卸売業,1480,1494,1453,1453,-57,-3.774834,484400,OK
2026-03-19,2768,双日,プライム（内国株式）,卸売業,6378,6390,6215,6232,-318,-4.854962,2492700,OK
2026-03-19,2769,ヴィレッジヴァンガードコーポレーション,スタンダード（内国株式）,小売業,960,961,960,960,-2,-0.2079,3900,OK
2026-03-19,276A,ククレブ・アドバイザーズ,グロース（内国株式）,不動産業,3405,3500,3370,3400,-60,-1.734104,52100,OK
2026-03-19,2776,新都ホールディングス,スタンダード（内国株式）,卸売業,133,136,131,132,-3,-2.222222,617300,OK
2026-03-19,2778,パレモ・ホールディングス,スタンダード（内国株式）,小売業,127,128,119,120,-7,-5.511811,827100,OK
2026-03-19,277A,グロービング,グロース（内国株式）,サービス業,2425,2510,2367,2368,-107,-4.323232,105500,OK
2026-03-19,2780,コメ兵ホールディングス,スタンダード（内国株式）,小売業,4820,4820,4600,4625,-245,-5.030801,119700,OK
2026-03-19,2782,セリア,スタンダード（内国株式）,小売業,4220,4220,4015,4055,-230,-5.367561,562700,OK
2026-03-19,2784,アルフレッサ　ホールディングス,プライム（内国株式）,卸売業,2408,2448,2407.5,2420,-36,-1.465798,563400,OK
2026-03-19,2788,アップルインターナショナル,スタンダード（内国株式）,卸売業,350,350,347,347,-2,-0.573066,23200,OK
2026-03-19,2789,カルラ,スタンダード（内国株式）,小売業,461,461,459,459,-1,-0.217391,1900,OK
2026-03-19,278A,Ｔｅｒｒａ　Ｄｒｏｎｅ,グロース（内国株式）,精密機器,3150,3335,2910,2940,-45,-1.507538,891400,OK
2026-03-19,2790,ナフコ,スタンダード（内国株式）,小売業,2201,2230,2201,2211,-11,-0.49505,5300,OK
2026-03-19,2791,大黒天物産,プライム（内国株式）,小売業,4915,4950,4755,4755,-215,-4.325956,102800,OK
2026-03-19,2792,ハニーズホールディングス,プライム（内国株式）,小売業,1479,1490,1470,1490,2,0.134409,112600,OK
2026-03-19,2795,日本プリメックス,スタンダード（内国株式）,卸売業,891,906,891,896,-18,-1.969365,4200,OK
2026-03-19,2796,ファーマライズホールディングス,スタンダード（内国株式）,小売業,515,522,510,522,5,0.967118,57600,OK
2026-03-19,2798,ワイズテーブルコーポレーション,スタンダード（内国株式）,小売業,2921,2921,2910,2915,-11,-0.37594,4600,OK
2026-03-19,279A,インターグ,TOKYO PRO MARKET（内国株式）,サービス業,,,,,,,,NO_QUOTE
2026-03-19,2801,キッコーマン,プライム（内国株式）,食料品,1352.5,1376,1332.5,1336.5,-43.5,-3.152174,4514700,OK
2026-03-19,2802,味の素,プライム（内国株式）,食料品,4437,4445,4375,4405,-172,-3.75792,7011600,OK
2026-03-19,2804,ブルドックソース,プライム（内国株式）,食料品,1892,1928,1892,1928,19,0.995285,63200,OK
2026-03-19,2805,ヱスビー食品,スタンダード（内国株式）,食料品,4550,4605,4525,4555,-65,-1.406926,45600,OK
2026-03-19,2806,ユタカフーズ,スタンダード（内国株式）,食料品,2142,2142,2131,2131,-12,-0.559963,400,OK
2026-03-19,2809,キユーピー,プライム（内国株式）,食料品,4334,4378,4251,4251,-127,-2.900868,673600,OK
2026-03-19,280A,ＴＭＨ,グロース（内国株式）,卸売業,1552,1552,1487,1528,-26,-1.673102,26900,OK
2026-03-19,2810,ハウス食品グループ本社,プライム（内国株式）,食料品,3040,3045,3010,3012,-38,-1.245902,448200,OK
2026-03-19,2811,カゴメ,プライム（内国株式）,食料品,2830,2844.5,2795.5,2795.5,-60.5,-2.118347,719700,OK
2026-03-19,2813,和弘食品,スタンダード（内国株式）,食料品,3940,3945,3900,3900,-55,-1.390645,5400,OK
2026-03-19,2814,佐藤食品工業,スタンダード（内国株式）,食料品,3295,3295,3225,3230,-30,-0.920245,2700,OK
2026-03-19,2815,アリアケジャパン,プライム（内国株式）,食料品,5690,5770,5620,5620,-130,-2.26087,47500,OK
2026-03-19,2816,ダイショー,スタンダード（内国株式）,食料品,1421,1426,1421,1423,-2,-0.140351,1800,OK
2026-03-19,2818,ピエトロ,スタンダード（内国株式）,食料品,1792,1796,1790,1793,1,0.055804,6400,OK
2026-03-19,2819,エバラ食品工業,スタンダード（内国株式）,食料品,2581,2592,2565,2565,-30,-1.156069,16000,OK
2026-03-19,281A,インフォメティス,グロース（内国株式）,情報･通信業,587,656,505,596,19,3.292894,5301900,OK
2026-03-19,2820,やまみ,スタンダード（内国株式）,食料品,4705,4715,4580,4580,-125,-2.656748,8100,OK
2026-03-19,2831,はごろもフーズ,スタンダード（内国株式）,食料品,3560,3610,3555,3570,10,0.280899,2200,OK
2026-03-19,284A,フクヤ建設,TOKYO PRO MARKET（内国株式）,建設業,,,,,,,,NO_QUOTE
2026-03-19,285A,キオクシアホールディングス,プライム（内国株式）,電気機器,22900,23240,22080,22360,-1030,-4.403591,37245300,OK
2026-03-19,286A,ユカリア,グロース（内国株式）,サービス業,869,876,848,852,-32,-3.61991,71500,OK
2026-03-19,2871,ニチレイ,プライム（内国株式）,食料品,1991.5,2015,1974.5,1974.5,-40,-1.985604,2526500,OK
2026-03-19,2872,セイヒョー,スタンダード（内国株式）,食料品,2029,2041,2029,2031,2,0.098571,1500,OK
2026-03-19,2874,横浜冷凍,プライム（内国株式）,卸売業,1518,1525,1500,1514,-10,-0.656168,143100,OK
2026-03-19,2875,東洋水産,プライム（内国株式）,食料品,10900,10995,10815,10820,-275,-2.478594,507100,OK
2026-03-19,2876,デルソーレ,スタンダード（内国株式）,食料品,491,491,491,491,-4,-0.808081,100,OK
2026-03-19,2877,日東ベスト,スタンダード（内国株式）,食料品,758,762,758,759,1,0.131926,3200,OK
2026-03-19,287A,黒田グループ,スタンダード（内国株式）,卸売業,1035,1038,1018,1018,-32,-3.047619,557100,OK
2026-03-19,2882,イートアンドホールディングス,プライム（内国株式）,食料品,1963,1969,1959,1960,-7,-0.355872,24200,OK
2026-03-19,2883,大冷,スタンダード（内国株式）,食料品,2001,2003,1999,2003,2,0.09995,1300,OK
2026-03-19,2884,ヨシムラ・フード・ホールディングス,プライム（内国株式）,食料品,932,935,904,920,-30,-3.157895,183100,OK
2026-03-19,288A,ラクサス・テクノロジーズ,グロース（内国株式）,サービス業,121,122,120,120,-3,-2.439024,31600,OK
2026-03-19,2892,日本食品化工,スタンダード（内国株式）,食料品,3815,3860,3730,3735,-125,-3.238342,8200,OK
2026-03-19,2894,石井食品,スタンダード（内国株式）,食料品,377,377,361,372,-5,-1.32626,19700,OK
2026-03-19,2897,日清食品ホールディングス,プライム（内国株式）,食料品,2964,2993,2926,2930,-96,-3.172505,1490400,OK
2026-03-19,2901,ウェルディッシュ,スタンダード（内国株式）,食料品,370,370,356,360,-16,-4.255319,73200,OK
2026-03-19,2903,シノブフーズ,スタンダード（内国株式）,食料品,1852,1852,1760,1761,-91,-4.913607,14200,OK
2026-03-19,2904,一正蒲鉾,スタンダード（内国株式）,食料品,760,760,757,760,2,0.263852,5400,OK
2026-03-19,2907,あじかん,スタンダード（内国株式）,食料品,1472,1473,1468,1468,-4,-0.271739,1700,OK
2026-03-19,2908,フジッコ,プライム（内国株式）,食料品,1595,1597,1581,1581,-22,-1.372427,59200,OK
2026-03-19,290A,Ｓｙｎｓｐｅｃｔｉｖｅ,グロース（内国株式）,情報･通信業,1427,1437,1360,1367,-104,-7.07002,2313700,OK
2026-03-19,2910,ロック・フィールド,プライム（内国株式）,食料品,1385,1402,1383,1402,9,0.646088,94400,OK
2026-03-19,2911,旭松食品,スタンダード（内国株式）,食料品,2359,2365,2359,2360,-2,-0.084674,700,OK
2026-03-19,2914,日本たばこ産業,プライム（内国株式）,食料品,5865,5884,5844,5847,-118,-1.978206,5494300,OK
2026-03-19,2915,ケンコーマヨネーズ,プライム（内国株式）,食料品,2160,2164,2131,2147,-53,-2.409091,92900,OK
2026-03-19,2916,仙波糖化工業,スタンダード（内国株式）,食料品,724,730,724,730,7,0.968188,1400,OK
2026-03-19,2917,大森屋,スタンダード（内国株式）,食料品,903,910,902,902,-6,-0.660793,4000,OK
2026-03-19,2918,わらべや日洋ホールディングス,プライム（内国株式）,食料品,3115,3120,3010,3010,-155,-4.897314,102800,OK
2026-03-19,291A,リスキル,グロース（内国株式）,サービス業,2823,2884,2803,2884,61,2.160822,7500,OK
2026-03-19,2922,なとり,プライム（内国株式）,食料品,1968,1968,1942,1942,-23,-1.170483,34300,OK
2026-03-19,2923,サトウ食品,スタンダード（内国株式）,食料品,7700,7760,7680,7710,-60,-0.772201,500,OK
2026-03-19,2924,イフジ産業,スタンダード（内国株式）,食料品,1952,1952,1927,1930,-49,-2.475998,10300,OK
2026-03-19,2926,篠崎屋,スタンダード（内国株式）,食料品,98,98,96,96,-2,-2.040816,242200,OK
2026-03-19,2927,ＡＦＣ−ＨＤアムスライフサイエンス,スタンダード（内国株式）,食料品,892,894,881,883,-12,-1.340782,22100,OK
2026-03-19,2929,ファーマフーズ,プライム（内国株式）,食料品,703,703,665,668,-35,-4.978663,1257100,OK
2026-03-19,292A,エスアイイー,TOKYO PRO MARKET（内国株式）,サービス業,,,,,,,,NO_QUOTE
2026-03-19,2930,北の達人コーポレーション,プライム（内国株式）,化学,124,126,123,123,-1,-0.806452,2641700,OK
2026-03-19,2931,ユーグレナ,プライム（内国株式）,食料品,380,387,374,374,-13,-3.359173,1581300,OK
2026-03-19,2932,ＳＴＩフードホールディングス,スタンダード（内国株式）,食料品,1257,1263,1249,1251,-15,-1.184834,11900,OK
2026-03-19,2933,紀文食品,プライム（内国株式）,食料品,1045,1047,1039,1039,-14,-1.329535,23600,OK
2026-03-19,2934,ジェイフロンティア,グロース（内国株式）,食料品,1250,1267,1241,1255,-12,-0.947119,1000,OK
2026-03-19,2935,ピックルスホールディングス,プライム（内国株式）,食料品,1204,1205,1175,1175,-38,-3.132729,28400,OK
2026-03-19,2936,ベースフード,グロース（内国株式）,食料品,331,338,330,332,2,0.606061,16500,OK
2026-03-19,2937,サンクゼール,グロース（内国株式）,食料品,1737,1741,1730,1730,-7,-0.402994,5900,OK
2026-03-19,2938,オカムラ食品工業,スタンダード（内国株式）,食料品,1171,1175,1152,1152,-38,-3.193277,65800,OK
2026-03-19,293A,ＢＡＢＹ　ＪＯＢ,TOKYO PRO MARKET（内国株式）,小売業,,,,,,,,NO_QUOTE
2026-03-19,2961,日本調理機,スタンダード（内国株式）,金属製品,5140,5140,5140,5140,0,0,200,OK
2026-03-19,2962,テクニスコ,スタンダード（内国株式）,金属製品,1009,1010,961,975,-43,-4.223969,128400,OK
2026-03-19,296A,令和アカウンティング・ホールディングス,グロース（内国株式）,サービス業,724,758,722,750,-4,-0.530504,240600,OK
2026-03-19,2970,ＧＬＣ　ＧＲＯＵＰ,スタンダード（内国株式）,不動産業,1036,1064,1035,1042,-17,-1.605288,36600,OK
2026-03-19,2975,スター・マイカ・ホールディングス,プライム（内国株式）,不動産業,1649,1649,1622,1623,-60,-3.565062,123400,OK
2026-03-19,2978,ツクルバ,グロース（内国株式）,不動産業,447,462,434,441,-7,-1.5625,16000,OK
2026-03-19,297A,アルピコホールディングス,スタンダード（内国株式）,小売業,236,241,236,238,-5,-2.057613,73100,OK
2026-03-19,2980,ＳＲＥホールディングス,プライム（内国株式）,不動産業,2649,2705,2635,2663,-53,-1.951399,202100,OK
2026-03-19,2981,ランディックス,グロース（内国株式）,不動産業,2266,2266,2173,2181,-116,-5.050065,12600,OK
2026-03-19,2982,ＡＤワークスグループ,プライム（内国株式）,不動産業,426,428,416,419,-13,-3.009259,484200,OK
2026-03-19,2983,アールプランナー,グロース（内国株式）,不動産業,1691,1691,1647,1649,-80,-4.626952,150800,OK
2026-03-19,2984,ヤマイチエステート,スタンダード（内国株式）,不動産業,765,770,762,770,5,0.653595,11600,OK
2026-03-19,2985,ファーストステージ,TOKYO PRO MARKET（内国株式）,不動産業,,,,,,,,NO_QUOTE
2026-03-19,2986,ＬＡホールディングス,グロース（内国株式）,不動産業,9360,9470,9150,9240,-270,-2.839117,86600,OK
2026-03-19,298A,ＧＶＡ　ＴＥＣＨ,グロース（内国株式）,情報･通信業,369,432,364,371,1,0.27027,55300,OK
2026-03-19,2990,アイダ設計,TOKYO PRO MARKET（内国株式）,不動産業,,,,,,,,NO_QUOTE
2026-03-19,2991,ランドネット,スタンダード（内国株式）,不動産業,589,599,585,586,-13,-2.170284,14800,OK
2026-03-19,2992,アーバンライク,TOKYO PRO MARKET（内国株式）,不動産業,,,,,,,,NO_QUOTE
2026-03-19,2993,長栄,スタンダード（内国株式）,不動産業,2610,2610,2588,2588,-10,-0.384911,1000,OK
2026-03-19,2994,アンサーホールディングス,TOKYO PRO MARKET（内国株式）,不動産業,,,,,,,,NO_QUOTE
2026-03-19,2995,ジェイレックス・コーポレーション,TOKYO PRO MARKET（内国株式）,不動産業,,,,,,,,NO_QUOTE
2026-03-19,2997,ストレージ王,グロース（内国株式）,不動産業,919,928,919,925,6,0.652884,2000,OK
2026-03-19,2998,クリアル,グロース（内国株式）,不動産業,814,814,784,784,-45,-5.428227,101200,OK
2026-03-19,2999,ホームポジション,スタンダード（内国株式）,不動産業,469,491,466,473,4,0.852878,13600,OK
2026-03-19,299A,クラシル,グロース（内国株式）,サービス業,970,979,954,957,-28,-2.84264,169200,OK
2026-03-19,3001,片倉工業,スタンダード（内国株式）,繊維製品,2910,2910,2863,2877,-71,-2.408412,24400,OK
2026-03-19,3002,グンゼ,プライム（内国株式）,繊維製品,4320,4320,4250,4255,-125,-2.853881,457800,OK
2026-03-19,3003,ヒューリック,プライム（内国株式）,不動産業,1881,1912.5,1861.5,1861.5,-42.5,-2.232143,3000300,OK
2026-03-19,3004,神栄,スタンダード（内国株式）,卸売業,2589,2593,2560,2570,-23,-0.887003,5900,OK
2026-03-19,300A,ＭＩＣ,スタンダード（内国株式）,サービス業,2834,2847,2740,2774,-60,-2.117149,13300,OK
2026-03-19,3010,ポラリス・ホールディングス,スタンダード（内国株式）,サービス業,181,181,177,177,-6,-3.278689,240900,OK
2026-03-19,3011,バナーズ,スタンダード（内国株式）,小売業,150,152,150,151,-1,-0.657895,8200,OK
2026-03-19,301A,インデックス,TOKYO PRO MARKET（内国株式）,不動産業,,,,,,,,NO_QUOTE
2026-03-19,3020,アプライド,スタンダード（内国株式）,小売業,3950,4035,3850,3900,-80,-2.01005,10000,OK
2026-03-19,3021,パシフィックネット,スタンダード（内国株式）,サービス業,2339,2339,2199,2216,-173,-7.241524,50600,OK
2026-03-19,3023,ラサ商事,スタンダード（内国株式）,卸売業,2032,2033,1981,1981,-110,-5.260641,83200,OK
2026-03-19,3024,クリエイト,スタンダード（内国株式）,卸売業,1201,1209,1201,1201,-3,-0.249169,2400,OK
2026-03-19,3028,アルペン,プライム（内国株式）,小売業,2082,2083,2040,2040,-53,-2.53225,225100,OK
2026-03-19,302A,ビースタイルホールディングス,グロース（内国株式）,サービス業,1183,1200,1182,1199,-7,-0.580431,500,OK
2026-03-19,3030,ハブ,スタンダード（内国株式）,小売業,882,889,870,870,-10,-1.136364,22700,OK
2026-03-19,3031,ラクーンホールディングス,プライム（内国株式）,情報･通信業,650,656,646,647,-10,-1.52207,95900,OK
2026-03-19,3034,クオールホールディングス,プライム（内国株式）,小売業,1788,1803,1769,1769,-49,-2.69527,193000,OK
2026-03-19,3035,ケイティケイ,スタンダード（内国株式）,卸売業,649,659,649,651,-1,-0.153374,1600,OK
2026-03-19,3036,アルコニックス,プライム（内国株式）,卸売業,2850,2858,2801,2812,-128,-4.353741,242600,OK
2026-03-19,3038,神戸物産,プライム（内国株式）,卸売業,3630,3678,3615,3632,-37,-1.008449,1407300,OK
2026-03-19,303A,ｖｉｓｕｍｏ,グロース（内国株式）,情報･通信業,770,770,743,743,-27,-3.506494,9000,OK
2026-03-19,3040,ソリトンシステムズ,プライム（内国株式）,情報･通信業,1863,1876,1804,1804,-88,-4.651163,66400,OK
2026-03-19,3041,ビューティカダンホールディングス,スタンダード（内国株式）,卸売業,522,533,522,523,1,0.191571,9200,OK
2026-03-19,3042,セキュアヴェイル,スタンダード（内国株式）,情報･通信業,295,295,287,290,-7,-2.356902,66000,OK
2026-03-19,3045,カワサキ,スタンダード（内国株式）,卸売業,1422,1425,1422,1424,-1,-0.070175,700,OK
2026-03-19,3046,ジンズホールディングス,プライム（内国株式）,小売業,5300,5340,5230,5260,-80,-1.498127,147700,OK
2026-03-19,3048,ビックカメラ,プライム（内国株式）,小売業,1724.5,1737,1718.5,1720.5,-19.5,-1.12069,442800,OK
2026-03-19,304A,フォルシア,グロース（内国株式）,情報･通信業,1763,1763,1754,1755,-44,-2.445803,600,OK
2026-03-19,3050,ＤＣＭホールディングス,プライム（内国株式）,小売業,1615,1615,1593,1593,-36,-2.209945,339700,OK
2026-03-19,3053,ペッパーフードサービス,スタンダード（内国株式）,小売業,176,177,174,175,-3,-1.685393,278800,OK
2026-03-19,3054,ハイパー,スタンダード（内国株式）,卸売業,257,258,254,254,-2,-0.78125,5500,OK
2026-03-19,3058,三洋堂ホールディングス,スタンダード（内国株式）,小売業,709,709,706,709,5,0.710227,1600,OK
2026-03-19,3059,ヒラキ,スタンダード（内国株式）,小売業,835,836,834,836,1,0.11976,3800,OK
2026-03-19,305A,ダブルツリー,TOKYO PRO MARKET（内国株式）,小売業,,,,,,,,NO_QUOTE
2026-03-19,3063,ジェイグループホールディングス,グロース（内国株式）,小売業,788,788,780,780,-8,-1.015228,10200,OK
2026-03-19,3064,ＭｏｎｏｔａＲＯ,プライム（内国株式）,小売業,1842,1864,1783,1783,-122,-6.404199,4228300,OK
2026-03-19,3065,ライフフーズ,スタンダード（内国株式）,小売業,1609,1612,1607,1612,1,0.062073,1300,OK
2026-03-19,3067,東京一番フーズ,スタンダード（内国株式）,小売業,467,468,466,466,-3,-0.639659,9000,OK
2026-03-19,3068,ＷＤＩ,スタンダード（内国株式）,小売業,3150,3150,3135,3140,-5,-0.158983,5000,OK
2026-03-19,3069,ＪＦＬＡホールディングス,スタンダード（内国株式）,食料品,171,171,167,167,-6,-3.468208,72600,OK
2026-03-19,3070,ジェリービーンズグループ,グロース（内国株式）,卸売業,101,102,92,93,-10,-9.708738,7444800,OK
2026-03-19,3071,ストリーム,スタンダード（内国株式）,小売業,108,109,106,106,-2,-1.851852,24200,OK
2026-03-19,3075,銚子丸,スタンダード（内国株式）,小売業,1600,1604,1597,1597,-9,-0.560399,5700,OK
2026-03-19,3076,あい　ホールディングス,プライム（内国株式）,卸売業,2881,2895,2839,2849,-74,-2.531646,124500,OK
2026-03-19,3077,ホリイフードサービス,スタンダード（内国株式）,小売業,545,545,533,533,-13,-2.380952,13700,OK
2026-03-19,3079,ディーブイエックス,スタンダード（内国株式）,卸売業,1190,1210,1180,1210,18,1.510067,1700,OK
2026-03-19,307A,ハウジング・スタッフ,TOKYO PRO MARKET（内国株式）,建設業,,,,,,,,NO_QUOTE
2026-03-19,3080,ジェーソン,スタンダード（内国株式）,小売業,744,746,743,743,-6,-0.801068,3200,OK
2026-03-19,3082,きちりホールディングス,スタンダード（内国株式）,小売業,942,944,935,944,-1,-0.10582,7100,OK
2026-03-19,3083,スターシーズ,スタンダード（内国株式）,小売業,1060,1106,995,1047,2,0.191388,806700,OK
2026-03-19,3086,Ｊ．フロント　リテイリング,プライム（内国株式）,小売業,2499,2502.5,2427,2429.5,-90.5,-3.59127,1220200,OK
2026-03-19,3087,ドトール・日レスホールディングス,プライム（内国株式）,小売業,2917,2928,2902,2920,-30,-1.016949,97700,OK
2026-03-19,3088,マツキヨココカラ＆カンパニー,プライム（内国株式）,小売業,2443.5,2473,2433.5,2433.5,-60,-2.406256,2532700,OK
2026-03-19,3089,テクノアルファ,スタンダード（内国株式）,卸売業,1162,1162,1102,1117,-60,-5.097706,26400,OK
2026-03-19,308A,ぽすとめいとホールディングス,TOKYO PRO MARKET（内国株式）,サービス業,,,,,,,,NO_QUOTE
2026-03-19,3091,ブロンコビリー,プライム（内国株式）,小売業,4300,4300,4240,4240,-60,-1.395349,23800,OK
2026-03-19,3092,ＺＯＺＯ,プライム（内国株式）,小売業,1099.5,1120,1081,1081,-29,-2.612613,5083000,OK
2026-03-19,3093,トレジャー・ファクトリー,プライム（内国株式）,小売業,1723,1726,1684,1684,-78,-4.426788,137200,OK
2026-03-19,3096,オーシャンシステム,スタンダード（内国株式）,小売業,1740,1754,1740,1743,3,0.172414,4600,OK
2026-03-19,3097,物語コーポレーション,プライム（内国株式）,小売業,4855,4890,4790,4795,-180,-3.61809,113500,OK
2026-03-19,3099,三越伊勢丹ホールディングス,プライム（内国株式）,小売業,2877,2913,2821,2832.5,-135.5,-4.565364,2660300,OK
2026-03-19,309A,コスモス調剤,TOKYO PRO MARKET（内国株式）,小売業,,,,,,,,NO_QUOTE
2026-03-19,3101,東洋紡,プライム（内国株式）,化学,1408,1417,1377,1384,-78,-5.335157,750500,OK
2026-03-19,3103,ユニチカ,プライム（内国株式）,繊維製品,1469,1524,1400,1490,-59,-3.808909,7204000,OK
2026-03-19,3104,富士紡ホールディングス,プライム（内国株式）,繊維製品,10640,10870,10360,10550,-290,-2.675277,281100,OK
2026-03-19,3105,日清紡ホールディングス,プライム（内国株式）,電気機器,1541,1546,1504,1513.5,-60.5,-3.84371,875400,OK
2026-03-19,3106,倉敷紡績,プライム（内国株式）,繊維製品,8890,8890,8740,8760,-280,-3.097345,49800,OK
2026-03-19,3107,ダイワボウホールディングス,プライム（内国株式）,卸売業,2973,3008,2962.5,2968.5,-56.5,-1.867769,389200,OK
2026-03-19,3109,シキボウ,プライム（内国株式）,繊維製品,1096,1103,1086,1090,-21,-1.890189,52300,OK
2026-03-19,310A,サーティーフォー,TOKYO PRO MARKET（内国株式）,不動産業,,,,,,,,NO_QUOTE
2026-03-19,3110,日東紡績,プライム（内国株式）,ガラス･土石製品,21940,22200,20900,21580,-720,-3.2287,1641100,OK
2026-03-19,3111,オーミケンシ,スタンダード（内国株式）,繊維製品,235,237,234,237,-1,-0.420168,15800,OK
2026-03-19,3113,ＵＮＩＶＡ・Ｏａｋホールディングス,スタンダード（内国株式）,証券･商品先物取引業,80,83,78,80,-1,-1.234568,1037900,OK
2026-03-19,3116,トヨタ紡織,プライム（内国株式）,輸送用機器,2649,2652,2616,2621,-84.5,-3.123267,682800,OK
2026-03-19,311A,ＮＰＴ,TOKYO PRO MARKET（内国株式）,医薬品,,,,,,,,NO_QUOTE
2026-03-19,3121,マーチャント・バンカーズ,スタンダード（内国株式）,サービス業,217,222,217,219,-5,-2.232143,41700,OK
2026-03-19,3123,サイボー,スタンダード（内国株式）,繊維製品,674,680,663,663,-18,-2.643172,4000,OK
2026-03-19,312A,シンコーホールディングス,TOKYO PRO MARKET（内国株式）,建設業,,,,,,,,NO_QUOTE
2026-03-19,3131,シンデン・ハイテックス,スタンダード（内国株式）,卸売業,2855,2855,2800,2828,-32,-1.118881,6900,OK
2026-03-19,3132,マクニカホールディングス,プライム（内国株式）,卸売業,2395.5,2427.5,2355.5,2372.5,-61,-2.506678,826200,OK
2026-03-19,3133,海帆,グロース（内国株式）,小売業,361,366,349,357,-12,-3.252033,438000,OK
2026-03-19,3134,Ｈａｍｅｅ,スタンダード（内国株式）,小売業,491,496,483,483,-3,-0.617284,126400,OK
2026-03-19,3135,マーケットエンタープライズ,スタンダード（内国株式）,小売業,1027,1041,988,997,-42,-4.042348,42500,OK
2026-03-19,3137,ファンデリー,グロース（内国株式）,小売業,242,246,232,232,-13,-5.306122,94900,OK
2026-03-19,3138,富士山マガジンサービス,スタンダード（内国株式）,小売業,1049,1050,1039,1050,10,0.961538,3200,OK
2026-03-19,3139,ラクト・ジャパン,プライム（内国株式）,卸売業,3700,3705,3620,3625,-80,-2.159244,33000,OK
2026-03-19,3140,ＢＲＵＮＯ,グロース（内国株式）,卸売業,1032,1034,1031,1031,-4,-0.386473,7300,OK
2026-03-19,3143,オーウイル,スタンダード（内国株式）,卸売業,751,752,734,734,-18,-2.393617,49800,OK
2026-03-19,3148,クリエイトＳＤホールディングス,プライム（内国株式）,小売業,3275,3285,3220,3220,-65,-1.978691,68400,OK
2026-03-19,3150,グリムス,プライム（内国株式）,電気･ガス業,2830,2844,2764,2794,-114,-3.92022,108800,OK
2026-03-19,3151,バイタルケーエスケー・ホールディングス,プライム（内国株式）,卸売業,1432,1448,1430,1443,-3,-0.207469,198100,OK
2026-03-19,3153,八洲電機,プライム（内国株式）,卸売業,3030,3050,2958,2961,-149,-4.790997,59900,OK
2026-03-19,3154,メディアスホールディングス,プライム（内国株式）,卸売業,803,804,791,792,-9,-1.123596,51000,OK
2026-03-19,3156,レスター,プライム（内国株式）,卸売業,2900,2900,2818,2818,-116,-3.953647,74500,OK
2026-03-19,3157,ジオリーブグループ,スタンダード（内国株式）,卸売業,1641,1649,1625,1625,-20,-1.215805,8000,OK
2026-03-19,3159,丸善ＣＨＩホールディングス,スタンダード（内国株式）,小売業,347,347,340,341,-6,-1.729107,57700,OK
2026-03-19,3160,大光,スタンダード（内国株式）,卸売業,585,585,579,581,-2,-0.343053,15600,OK
2026-03-19,3161,アゼアス,スタンダード（内国株式）,卸売業,667,667,659,659,-9,-1.347305,12100,OK
2026-03-19,3166,ＯＣＨＩホールディングス,スタンダード（内国株式）,卸売業,1573,1584,1573,1582,10,0.636132,5000,OK
2026-03-19,3167,ＴＯＫＡＩホールディングス,プライム（内国株式）,卸売業,1169,1177,1157,1157,-22,-1.865988,511700,OK
2026-03-19,3168,ＭＥＲＦ,スタンダード（内国株式）,卸売業,1424,1508,1390,1423,-19,-1.317614,255100,OK
2026-03-19,3169,ミサワ,スタンダード（内国株式）,小売業,630,630,628,630,1,0.158983,3100,OK
2026-03-19,3172,ティーライフ,スタンダード（内国株式）,小売業,1140,1140,1133,1133,-10,-0.874891,3100,OK
2026-03-19,3173,Ｃｏｍｉｎｉｘ,スタンダード（内国株式）,卸売業,994,1008,990,990,-4,-0.402414,4000,OK
2026-03-19,3174,ハピネス・アンド・ディ,スタンダード（内国株式）,小売業,533,534,531,532,-1,-0.187617,5100,OK
2026-03-19,3175,エー・ピーホールディングス,スタンダード（内国株式）,小売業,953,956,950,953,3,0.315789,17100,OK
2026-03-19,3176,三洋貿易,プライム（内国株式）,卸売業,1690,1711,1653,1660,-22,-1.307967,219500,OK
2026-03-19,3177,ありがとうサービス,スタンダード（内国株式）,小売業,3435,3440,3415,3415,-75,-2.148997,3200,OK
2026-03-19,3178,チムニー,スタンダード（内国株式）,小売業,1323,1380,1319,1319,-23,-1.71386,188900,OK
2026-03-19,3179,シュッピン,プライム（内国株式）,小売業,1253,1253,1214,1214,-54,-4.258675,149300,OK
2026-03-19,317A,エス・エム・エス・データテック,TOKYO PRO MARKET（内国株式）,情報･通信業,,,,,,,,NO_QUOTE
2026-03-19,3180,ビューティガレージ,プライム（内国株式）,卸売業,1419,1439,1418,1420,-27,-1.86593,44700,OK
2026-03-19,3181,買取王国,スタンダード（内国株式）,小売業,884,889,872,883,1,0.113379,10000,OK
2026-03-19,3182,オイシックス・ラ・大地,プライム（内国株式）,小売業,1359,1373,1328,1330,-43,-3.131828,135300,OK
2026-03-19,3183,ウイン・パートナーズ,プライム（内国株式）,卸売業,1455,1474,1429,1429,-48,-3.249831,87900,OK
2026-03-19,3184,ＩＣＤＡホールディングス,スタンダード（内国株式）,小売業,,,,,,,,NO_QUOTE
2026-03-19,3185,夢展望,グロース（内国株式）,小売業,250,250,229,235,6,2.620087,703900,OK
2026-03-19,3186,ネクステージ,プライム（内国株式）,小売業,3110,3140,2931,2939,-311,-9.569231,654100,OK
2026-03-19,3187,ミラタップ,グロース（内国株式）,小売業,259,259,256,256,-3,-1.158301,8400,OK
2026-03-19,3189,ＡＮＡＰホールディングス,スタンダード（内国株式）,小売業,224,224,210,210,-17,-7.488987,362800,OK
2026-03-19,3190,ホットマン,スタンダード（内国株式）,小売業,575,576,575,576,0,0,300,OK
2026-03-19,3191,ジョイフル本田,プライム（内国株式）,小売業,2090,2091,2074,2074,-35,-1.659554,163600,OK
2026-03-19,3192,白鳩,スタンダード（内国株式）,小売業,283,287,283,285,-3,-1.041667,12200,OK
2026-03-19,3193,エターナルホスピタリティグループ,プライム（内国株式）,小売業,3300,3360,3275,3320,5,0.15083,77200,OK
2026-03-19,3195,ジェネレーションパス,グロース（内国株式）,小売業,445,445,421,421,-28,-6.23608,81700,OK
2026-03-19,3196,ホットランドホールディングス,プライム（内国株式）,小売業,1987,1989,1978,1978,-14,-0.702811,30700,OK
2026-03-19,3197,すかいらーくホールディングス,プライム（内国株式）,小売業,3374,3388,3328,3342,-64,-1.879037,851800,OK
2026-03-19,3198,ＳＦＰホールディングス,プライム（内国株式）,小売業,2208,2223,2197,2201,-27,-1.211849,22100,OK
2026-03-19,3199,綿半ホールディングス,プライム（内国株式）,小売業,1439,1442,1427,1427,-25,-1.721763,28000,OK
2026-03-19,319A,技術承継機構,グロース（内国株式）,金属製品,13310,13400,12340,12450,-1010,-7.503715,54300,OK
2026-03-19,3201,日本毛織,プライム（内国株式）,繊維製品,1881,1886,1856,1856,-60,-3.131524,185700,OK
2026-03-19,3202,ダイトウボウ,スタンダード（内国株式）,繊維製品,138,139,136,136,-2,-1.449275,61200,OK
2026-03-19,3204,トーア紡コーポレーション,スタンダード（内国株式）,繊維製品,491,492,482,484,-15,-3.006012,16400,OK
2026-03-19,3205,ダイドーリミテッド,スタンダード（内国株式）,繊維製品,844,844,839,839,-5,-0.592417,355200,OK
2026-03-19,320A,Ｄ＆Ｉ,TOKYO PRO MARKET（内国株式）,サービス業,,,,,,,,NO_QUOTE
2026-03-19,321A,ヒューマンステージホールディングス,TOKYO PRO MARKET（内国株式）,サービス業,,,,,,,,NO_QUOTE
2026-03-19,3221,ヨシックスホールディングス,プライム（内国株式）,小売業,3425,3455,3375,3375,-85,-2.456647,31400,OK
2026-03-19,3222,ユナイテッド・スーパーマーケット・ホールディングス,スタンダード（内国株式）,小売業,865,873,858,859,-12,-1.377727,383200,OK
2026-03-19,3223,エスエルディー,スタンダード（内国株式）,小売業,927,927,925,925,-2,-0.21575,1400,OK
2026-03-19,3224,ゼネラル・オイスター,グロース（内国株式）,小売業,806,810,801,810,4,0.496278,5500,OK
2026-03-19,322A,ヒメジ理化,TOKYO PRO MARKET（内国株式）,ガラス･土石製品,,,,,,,,NO_QUOTE
2026-03-19,3231,野村不動産ホールディングス,プライム（内国株式）,不動産業,1060,1079.5,1052.5,1052.5,-26,-2.410756,2735400,OK
2026-03-19,3232,三重交通グループホールディングス,プライム（内国株式）,不動産業,570,570,563,563,-10,-1.745201,122200,OK
2026-03-19,3236,プロパスト,スタンダード（内国株式）,不動産業,367,369,356,358,-17,-4.533333,335000,OK
2026-03-19,3237,イントランス,グロース（内国株式）,不動産業,58,58,57,57,-1,-1.724138,215200,OK
2026-03-19,3238,セントラル総合開発,スタンダード（内国株式）,不動産業,370,378,348,370,-56,-13.14554,250300,OK
2026-03-19,323A,フライヤー,グロース（内国株式）,情報･通信業,433,449,433,440,1,0.22779,2200,OK
2026-03-19,3241,ウィル,スタンダード（内国株式）,不動産業,573,591,571,574,-9,-1.543739,7300,OK
2026-03-19,3242,アーバネットコーポレーション,スタンダード（内国株式）,不動産業,542,544,536,538,-6,-1.102941,72200,OK
2026-03-19,3245,ディア・ライフ,プライム（内国株式）,不動産業,1078,1078,1060,1066,-15,-1.387604,314100,OK
2026-03-19,3246,コーセーアールイー,スタンダード（内国株式）,不動産業,655,655,650,650,-6,-0.914634,5900,OK
2026-03-19,3248,アールエイジ,スタンダード（内国株式）,不動産業,893,895,887,895,2,0.223964,7100,OK
2026-03-19,324A,ブッキングリゾート,グロース（内国株式）,サービス業,996,1014,984,991,-14,-1.393035,47300,OK
2026-03-19,3252,地主,プライム（内国株式）,不動産業,3320,3350,3285,3310,-50,-1.488095,130900,OK
2026-03-19,325A,ＴＥＮＴＩＡＬ,グロース（内国株式）,繊維製品,3680,3680,3470,3475,-295,-7.824934,198900,OK
2026-03-19,3261,グランディーズ,グロース（内国株式）,不動産業,488,488,477,484,-4,-0.819672,10800,OK
2026-03-19,3266,ファンドクリエーショングループ,スタンダード（内国株式）,不動産業,90,92,90,91,-2,-2.150538,250400,OK
2026-03-19,3267,フィル・カンパニー,スタンダード（内国株式）,建設業,1148,1150,1103,1103,-73,-6.207483,50600,OK
2026-03-19,326A,ａｅｒｏ　ｌａｂ　ｉｎｔｅｒｎａｔｉｏｎａｌ,TOKYO PRO MARKET（内国株式）,卸売業,,,,,,,,NO_QUOTE
2026-03-19,3271,ＴＨＥグローバル社,スタンダード（内国株式）,不動産業,893,893,874,879,-11,-1.235955,81700,OK
2026-03-19,3276,ＪＰＭＣ,プライム（内国株式）,不動産業,1325,1338,1321,1321,-23,-1.71131,33200,OK
2026-03-19,3277,サンセイランディック,スタンダード（内国株式）,不動産業,1437,1470,1430,1430,-30,-2.054795,5200,OK
2026-03-19,3280,エストラスト,スタンダード（内国株式）,不動産業,1077,1110,1060,1080,-18,-1.639344,9500,OK
2026-03-19,3284,フージャースホールディングス,プライム（内国株式）,不動産業,1270,1272,1252,1252,-23,-1.803922,203000,OK
2026-03-19,3286,トラストホールディングス,スタンダード（内国株式）,不動産業,1010,1010,1005,1006,-4,-0.39604,4100,OK
2026-03-19,3288,オープンハウスグループ,プライム（内国株式）,不動産業,10165,10205,10030,10030,-360,-3.46487,362700,OK
2026-03-19,3289,東急不動産ホールディングス,プライム（内国株式）,不動産業,1389,1396,1376.5,1382,-37,-2.60747,1914000,OK
2026-03-19,3291,飯田グループホールディングス,プライム（内国株式）,不動産業,2468,2488,2443.5,2443.5,-74,-2.939424,760600,OK
2026-03-19,3293,アズマハウス,スタンダード（内国株式）,不動産業,800,806,784,785,-15,-1.875,7300,OK
2026-03-19,3294,イーグランド,スタンダード（内国株式）,不動産業,2106,2106,2059,2064,-46,-2.180095,11200,OK
2026-03-19,3297,東武住販,スタンダード（内国株式）,不動産業,1277,1297,1277,1287,6,0.468384,4200,OK
2026-03-19,3299,ムゲンエステート,スタンダード（内国株式）,不動産業,2388,2398,2341,2341,-75,-3.104305,82500,OK
2026-03-19,329A,ジールアソシエイツ,TOKYO PRO MARKET（内国株式）,サービス業,,,,,,,,NO_QUOTE
2026-03-19,3300,アンビション　ＤＸ　ホールディングス,グロース（内国株式）,不動産業,2570,2570,2545,2547,-34,-1.317319,19100,OK
2026-03-19,3302,帝国繊維,プライム（内国株式）,繊維製品,3115,3130,3080,3080,-35,-1.123596,41600,OK
2026-03-19,3306,日本製麻,スタンダード（内国株式）,卸売業,730,738,727,733,8,1.103448,13900,OK
2026-03-19,330A,ＴａｌｅｎｔＸ,グロース（内国株式）,情報･通信業,571,577,565,568,-22,-3.728814,45600,OK
2026-03-19,3315,日本コークス工業,プライム（内国株式）,石油･石炭製品,125,125,113,114,-12,-9.52381,9887300,OK
2026-03-19,3317,フライングガーデン,スタンダード（内国株式）,小売業,1631,1668,1610,1610,-23,-1.408451,2800,OK
2026-03-19,331A,メディックス,スタンダード（内国株式）,サービス業,489,491,486,491,2,0.408998,3200,OK
2026-03-19,3320,クロスプラス,スタンダード（内国株式）,卸売業,1390,1390,1367,1371,-25,-1.790831,13500,OK
2026-03-19,3321,ミタチ産業,スタンダード（内国株式）,卸売業,2060,2060,2005,2006,-98,-4.657795,41100,OK
2026-03-19,3323,レカム,スタンダード（内国株式）,卸売業,90,91,88,88,-4,-4.347826,1231100,OK
2026-03-19,3326,ランシステム,スタンダード（内国株式）,サービス業,801,805,798,805,4,0.499376,10400,OK
2026-03-19,3329,東和フードサービス,スタンダード（内国株式）,小売業,2132,2132,2125,2125,-11,-0.514981,3300,OK
2026-03-19,332A,ミーク,グロース（内国株式）,情報･通信業,1051,1079,1050,1067,-39,-3.526221,115300,OK
2026-03-19,3333,あさひ,プライム（内国株式）,小売業,1292,1300,1286,1289,-13,-0.998464,108800,OK
2026-03-19,333A,テクノスマイル,TOKYO PRO MARKET（内国株式）,サービス業,,,,,,,,NO_QUOTE
2026-03-19,3349,コスモス薬品,プライム（内国株式）,小売業,6774,6822,6631,6631,-228,-3.3241,356900,OK
2026-03-19,334A,ビジュアル・プロセッシング・ジャパン,グロース（内国株式）,情報･通信業,1458,1487,1440,1443,-33,-2.235772,10800,OK
2026-03-19,3350,メタプラネット,スタンダード（内国株式）,卸売業,332,341,318,320,-35,-9.859155,37336400,OK
2026-03-19,3352,バッファロー,スタンダード（内国株式）,小売業,1775,1775,1723,1723,-74,-4.117974,1300,OK
2026-03-19,3353,メディカル一光グループ,スタンダード（内国株式）,小売業,2927,2927,2861,2861,-67,-2.288251,3800,OK
2026-03-19,3355,クリヤマホールディングス,スタンダード（内国株式）,卸売業,1800,1829,1791,1800,52,2.974828,117400,OK
2026-03-19,3358,Ｔｒａｉｌｈｅａｄ　Ｇｌｏｂａｌ　Ｈｏｌｄｉｎｇｓ,スタンダード（内国株式）,小売業,112,115,112,115,0,0,799100,OK
2026-03-19,3359,ｃｏｔｔａ,グロース（内国株式）,卸売業,545,545,523,527,-18,-3.302752,26400,OK
2026-03-19,335A,ミライロ,グロース（内国株式）,情報･通信業,387,390,380,383,-2,-0.519481,10000,OK
2026-03-19,3360,シップヘルスケアホールディングス,プライム（内国株式）,卸売業,2421,2453.5,2385.5,2386,-85,-3.439903,388300,OK
2026-03-19,3361,トーエル,スタンダード（内国株式）,小売業,952,952,936,950,-2,-0.210084,6100,OK
2026-03-19,336A,ダイナミックマッププラットフォーム,グロース（内国株式）,情報･通信業,709,713,683,683,-39,-5.401662,279400,OK
2026-03-19,3370,フジタコーポレーション,スタンダード（内国株式）,小売業,531,545,521,526,-22,-4.014599,72600,OK
2026-03-19,3371,ソフトクリエイトホールディングス,プライム（内国株式）,情報･通信業,1985,1997,1946,1969,-27,-1.352705,37800,OK
2026-03-19,3372,関門海,スタンダード（内国株式）,小売業,231,232,231,231,-1,-0.431034,8100,OK
2026-03-19,3374,内外テック,スタンダード（内国株式）,卸売業,2568,2575,2520,2524,-46,-1.789883,7500,OK
2026-03-19,3375,ＺＯＡ,スタンダード（内国株式）,小売業,1919,1919,1890,1890,-29,-1.511204,500,OK
2026-03-19,3377,バイク王＆カンパニー,スタンダード（内国株式）,卸売業,413,413,407,409,-3,-0.728155,9300,OK
2026-03-19,3382,セブン＆アイ・ホールディングス,プライム（内国株式）,小売業,2079,2110,2061,2064.5,-44.5,-2.110005,10435700,OK
2026-03-19,3386,コスモ・バイオ,スタンダード（内国株式）,卸売業,1321,1322,1301,1311,-27,-2.017937,3900,OK
2026-03-19,3387,クリエイト・レストランツ・ホールディングス,プライム（内国株式）,小売業,738,744,734,735,-8,-1.076716,725400,OK
2026-03-19,3388,明治電機工業,プライム（内国株式）,卸売業,2343,2353,2319,2325,-68,-2.841621,20800,OK
2026-03-19,338A,ＺｅｎｍｕＴｅｃｈ,グロース（内国株式）,情報･通信業,5860,5930,5550,5560,-440,-7.333333,62300,OK
2026-03-19,3391,ツルハホールディングス,プライム（内国株式）,小売業,2349,2375.5,2327,2339.5,-89,-3.664814,4335900,OK
2026-03-19,3392,デリカフーズホールディングス,スタンダード（内国株式）,卸売業,1000,1026,980,980,-29,-2.874133,54100,OK
2026-03-19,3393,スターティアホールディングス,プライム（内国株式）,卸売業,2778,2778,2721,2722,-88,-3.131673,69100,OK
2026-03-19,3395,サンマルクホールディングス,プライム（内国株式）,小売業,3100,3110,3065,3065,-65,-2.076677,78300,OK
2026-03-19,3396,フェリシモ,スタンダード（内国株式）,小売業,880,880,873,875,-4,-0.455063,5600,OK
2026-03-19,3397,トリドールホールディングス,プライム（内国株式）,小売業,4342,4347,4306,4326,-19,-0.437284,248800,OK
2026-03-19,3399,丸千代山岡家,スタンダード（内国株式）,小売業,3725,3820,3585,3590,-185,-4.900662,244000,OK
2026-03-19,339A,プログレス・テクノロジーズ　グループ,グロース（内国株式）,サービス業,1500,1519,1484,1495,-29,-1.902887,20600,OK
2026-03-19,3401,帝人,プライム（内国株式）,繊維製品,1577,1579,1547,1568,-42,-2.608696,1735800,OK
2026-03-19,3402,東レ,プライム（内国株式）,繊維製品,1105,1111.5,1093,1097.5,-40.5,-3.558875,7436700,OK
2026-03-19,3405,クラレ,プライム（内国株式）,化学,1673,1684.5,1618.5,1631.5,-81.5,-4.757735,2288400,OK
2026-03-19,3407,旭化成,プライム（内国株式）,化学,1566.5,1581.5,1545,1553.5,-82.5,-5.042787,10100300,OK
2026-03-19,3409,北紡,スタンダード（内国株式）,繊維製品,122,123,117,117,-5,-4.098361,47900,OK
2026-03-19,340A,ジグザグ,グロース（内国株式）,情報･通信業,382,385,375,375,-15,-3.846154,11200,OK
2026-03-19,3415,ＴＯＫＹＯ　ＢＡＳＥ,プライム（内国株式）,小売業,391,405,385,388,-11,-2.756892,1019900,OK
2026-03-19,3416,ピクスタ,スタンダード（内国株式）,小売業,922,922,900,900,-17,-1.853871,4400,OK
2026-03-19,3417,大木ヘルスケアホールディングス,スタンダード（内国株式）,卸売業,1324,1355,1324,1348,-5,-0.369549,9400,OK
2026-03-19,3418,バルニバービ,グロース（内国株式）,小売業,1095,1100,1086,1091,-6,-0.546946,17400,OK
2026-03-19,341A,トヨコー,グロース（内国株式）,建設業,2035,2179,2034,2081,-4,-0.191847,45000,OK
2026-03-19,3420,ケー・エフ・シー,スタンダード（内国株式）,金属製品,1612,1612,1591,1591,-52,-3.164942,2400,OK
2026-03-19,3421,稲葉製作所,スタンダード（内国株式）,金属製品,1710,1726,1710,1717,-26,-1.491681,14900,OK
2026-03-19,3422,Ｊ−ＭＡＸ,スタンダード（内国株式）,金属製品,418,418,408,408,-13,-3.087886,10400,OK
2026-03-19,3423,エスイー,スタンダード（内国株式）,金属製品,290,291,289,289,-4,-1.365188,20900,OK
2026-03-19,3426,アトムリビンテック,スタンダード（内国株式）,金属製品,1320,1321,1320,1321,-4,-0.301887,500,OK
2026-03-19,3431,宮地エンジニアリンググループ,プライム（内国株式）,金属製品,1771,1771,1751,1758,-26,-1.457399,329000,OK
2026-03-19,3433,トーカロ,プライム（内国株式）,金属製品,2675,2689,2616,2621,-160,-5.753326,269700,OK
2026-03-19,3434,アルファ,スタンダード（内国株式）,金属製品,1371,1374,1361,1362,-7,-0.511322,6500,OK
2026-03-19,3435,サンコーテクノ,スタンダード（内国株式）,金属製品,1400,1405,1394,1399,-1,-0.071429,2000,OK
2026-03-19,3436,ＳＵＭＣＯ,プライム（内国株式）,金属製品,1688.5,1724,1659,1682.5,-86,-4.862878,8137200,OK
2026-03-19,3437,特殊電極,スタンダード（内国株式）,金属製品,2937,2948,2937,2948,-21,-0.707309,500,OK
2026-03-19,3439,三ツ知,スタンダード（内国株式）,金属製品,643,646,641,646,7,1.095462,2300,OK
2026-03-19,343A,ＩＡＣＥトラベル,スタンダード（内国株式）,サービス業,1300,1322,1274,1289,-49,-3.662182,14000,OK
2026-03-19,3440,日創グループ,スタンダード（内国株式）,金属製品,976,976,965,965,-12,-1.22825,1300,OK
2026-03-19,3441,山王,スタンダード（内国株式）,金属製品,2581,2595,2359,2435,-206,-7.800076,529900,OK
2026-03-19,3443,川田テクノロジーズ,プライム（内国株式）,金属製品,4760,4780,4685,4685,-215,-4.387755,71900,OK
2026-03-19,3444,菊池製作所,スタンダード（内国株式）,金属製品,768,776,750,750,-38,-4.822335,85000,OK
2026-03-19,3445,ＲＳ　Ｔｅｃｈｎｏｌｏｇｉｅｓ,プライム（内国株式）,金属製品,4090,4115,3910,3915,-285,-6.785714,97000,OK
2026-03-19,3446,ジェイテックコーポレーション,スタンダード（内国株式）,金属製品,2096,2139,1984,1998,-148,-6.896552,75900,OK
2026-03-19,3447,信和,スタンダード（内国株式）,金属製品,1070,1078,1030,1033,-44,-4.085422,63200,OK
2026-03-19,3448,清鋼材,TOKYO PRO MARKET（内国株式）,金属製品,,,,,,,,NO_QUOTE
2026-03-19,3449,テクノフレックス,スタンダード（内国株式）,金属製品,2766,2804,2722,2732,-87,-3.086201,104500,OK
2026-03-19,3450,サトウ産業,TOKYO PRO MARKET（内国株式）,金属製品,,,,,,,,NO_QUOTE
2026-03-19,3452,ビーロット,スタンダード（内国株式）,不動産業,1475,1484,1450,1451,-52,-3.459747,119700,OK
2026-03-19,3454,ファーストブラザーズ,スタンダード（内国株式）,不動産業,1194,1194,1164,1170,-16,-1.349073,15800,OK
2026-03-19,3457,Ａｎｄ　Ｄｏホールディングス,プライム（内国株式）,不動産業,1086,1095,1073,1073,-21,-1.919561,111000,OK
2026-03-19,3461,パルマ,スタンダード（内国株式）,不動産業,541,542,540,541,-2,-0.368324,1700,OK
2026-03-19,3465,ケイアイスター不動産,プライム（内国株式）,不動産業,6580,6650,6410,6480,-330,-4.845815,137600,OK
2026-03-19,3467,アグレ都市デザイン,スタンダード（内国株式）,不動産業,2786,2886,2786,2807,-79,-2.737353,12500,OK
2026-03-19,3469,デュアルタップ,スタンダード（内国株式）,不動産業,976,980,972,973,-3,-0.307377,4400,OK
2026-03-19,3474,Ｇ−ＦＡＣＴＯＲＹ,グロース（内国株式）,不動産業,550,554,550,554,3,0.544465,1500,OK
2026-03-19,3475,グッドコムアセット,プライム（内国株式）,不動産業,1488,1549,1487,1528,16,1.058201,359400,OK
2026-03-19,3477,フォーライフ,グロース（内国株式）,不動産業,888,888,872,873,-2,-0.228571,3600,OK
2026-03-19,3479,ティーケーピー,グロース（内国株式）,不動産業,1909,1912,1880,1885,-48,-2.483187,99300,OK
2026-03-19,347A,ＧＲＯＷＴＨ　ＰＯＷＥＲ,TOKYO PRO MARKET（内国株式）,卸売業,,,,,,,,NO_QUOTE
2026-03-19,3480,ジェイ・エス・ビー,プライム（内国株式）,不動産業,3370,3430,3360,3370,-60,-1.749271,42200,OK
2026-03-19,3482,ロードスターキャピタル,プライム（内国株式）,不動産業,3195,3195,3080,3080,-230,-6.94864,141900,OK
2026-03-19,3483,翔栄,TOKYO PRO MARKET（内国株式）,不動産業,,,,,,,,NO_QUOTE
2026-03-19,3484,イノベーションホールディングス,スタンダード（内国株式）,不動産業,1262,1286,1253,1253,-19,-1.493711,17100,OK
2026-03-19,3486,グローバル・リンク・マネジメント,プライム（内国株式）,不動産業,2250,2262,2183,2194,-96,-4.19214,56200,OK
2026-03-19,3489,フェイスネットワーク,スタンダード（内国株式）,不動産業,880,884,867,870,-17,-1.916573,54200,OK
2026-03-19,3490,アズ企画設計,スタンダード（内国株式）,不動産業,2800,2805,2800,2800,-31,-1.095019,400,OK
2026-03-19,3491,ＧＡ　ｔｅｃｈｎｏｌｏｇｉｅｓ,グロース（内国株式）,不動産業,1352,1388,1329,1336,-11,-0.81663,615000,OK
2026-03-19,3494,マリオン,スタンダード（内国株式）,不動産業,360,369,360,361,0,0,5900,OK
2026-03-19,3495,香陵住販,スタンダード（内国株式）,不動産業,2391,2425,2350,2380,-20,-0.833333,2100,OK
2026-03-19,3496,アズーム,プライム（内国株式）,不動産業,4520,4555,4425,4435,-145,-3.165939,43000,OK
2026-03-19,3498,霞ヶ関キャピタル,プライム（内国株式）,不動産業,6450,6540,6410,6430,-190,-2.870091,483600,OK
2026-03-19,3501,ＳＵＭＩＮＯＥ,プライム（内国株式）,繊維製品,1374,1374,1340,1341,-32,-2.330663,14400,OK
2026-03-19,350A,デジタルグリッド,グロース（内国株式）,電気･ガス業,791,797,751,760,-55,-6.748466,932800,OK
2026-03-19,3512,日本フエルト,スタンダード（内国株式）,繊維製品,974,979,949,959,-30,-3.033367,19700,OK
2026-03-19,3513,イチカワ,スタンダード（内国株式）,繊維製品,3800,3825,3680,3685,-165,-4.285714,7700,OK
2026-03-19,351A,アクシスＩＴパートナーズ,TOKYO PRO MARKET（内国株式）,情報･通信業,,,,,,,,NO_QUOTE
2026-03-19,3521,テルマー湯ホールディングス,スタンダード（内国株式）,サービス業,174,176,174,175,1,0.574713,29600,OK
2026-03-19,3524,日東製網,スタンダード（内国株式）,繊維製品,1579,1579,1557,1557,-24,-1.518027,4700,OK
2026-03-19,3529,アツギ,スタンダード（内国株式）,繊維製品,1023,1025,994,1003,-37,-3.557692,58500,OK
2026-03-19,352A,ＬＯＩＶＥ,グロース（内国株式）,サービス業,623,637,610,615,-8,-1.284109,26700,OK
2026-03-19,3536,アクサスホールディングス,スタンダード（内国株式）,小売業,133,134,131,134,1,0.75188,45900,OK
2026-03-19,3537,昭栄薬品,スタンダード（内国株式）,卸売業,1570,1577,1570,1577,7,0.44586,1000,OK
2026-03-19,3538,ウイルプラスホールディングス,スタンダード（内国株式）,小売業,1057,1057,1045,1047,-16,-1.505174,13100,OK
2026-03-19,3539,ＪＭホールディングス,プライム（内国株式）,小売業,1569,1582,1544,1550,-27,-1.712112,76800,OK
2026-03-19,3541,農業総合研究所,グロース（内国株式）,卸売業,761,762,761,761,0,0,9400,OK
2026-03-19,3542,ベガコーポレーション,グロース（内国株式）,小売業,2008,2010,1850,1855,-153,-7.619522,38700,OK
2026-03-19,3543,コメダホールディングス,プライム（内国株式）,卸売業,2959,2977,2950,2954,-22,-0.739247,191300,OK
2026-03-19,3544,サツドラホールディングス,スタンダード（内国株式）,小売業,835,845,822,822,-14,-1.674641,32800,OK
2026-03-19,3546,アレンザホールディングス,プライム（内国株式）,小売業,1462,1463,1462,1462,-1,-0.068353,44100,OK
2026-03-19,3547,ユニシアホールディングス,スタンダード（内国株式）,小売業,1910,1910,1868,1868,-51,-2.657634,43600,OK
2026-03-19,3548,バロックジャパンリミテッド,プライム（内国株式）,小売業,756,756,746,748,-10,-1.319261,82000,OK
2026-03-19,3549,クスリのアオキホールディングス,プライム（内国株式）,小売業,3751,3768,3672,3672,-142,-3.723125,345800,OK
2026-03-19,3550,スタジオアタオ,グロース（内国株式）,小売業,222,224,221,223,-4,-1.762115,3700,OK
2026-03-19,3551,ダイニック,スタンダード（内国株式）,繊維製品,1206,1206,1178,1182,-29,-2.394715,18000,OK
2026-03-19,3553,共和レザー,スタンダード（内国株式）,化学,999,999,975,975,-34,-3.369673,156800,OK
2026-03-19,3556,リネットジャパングループ,グロース（内国株式）,小売業,1019,1021,990,996,-34,-3.300971,63600,OK
2026-03-19,3557,ユナイテッド＆コレクティブ,グロース（内国株式）,小売業,956,956,952,952,-1,-0.104932,3100,OK
2026-03-19,3558,ジェイドグループ,グロース（内国株式）,小売業,1584,1620,1557,1557,-52,-3.231821,114600,OK
2026-03-19,3559,ピーバンドットコム,スタンダード（内国株式）,卸売業,497,498,490,493,-5,-1.004016,14200,OK
2026-03-19,355A,ナウビレッジ,TOKYO PRO MARKET（内国株式）,サービス業,,,,,,,,NO_QUOTE
2026-03-19,3560,ほぼ日,スタンダード（内国株式）,小売業,3465,3470,3465,3470,5,0.1443,700,OK
2026-03-19,3561,力の源ホールディングス,プライム（内国株式）,小売業,1550,1554,1538,1538,-22,-1.410256,41700,OK
2026-03-19,3562,Ｎｏ．１,スタンダード（内国株式）,卸売業,1588,1594,1566,1566,-37,-2.308172,28000,OK
2026-03-19,3563,ＦＯＯＤ　＆　ＬＩＦＥ　ＣＯＭＰＡＮＩＥＳ,プライム（内国株式）,小売業,9604,9734,9510,9510,-207,-2.130287,774500,OK
2026-03-19,3565,アセンテック,スタンダード（内国株式）,卸売業,1090,1090,1047,1049,-65,-5.834829,405800,OK
2026-03-19,3566,ユニフォームネクスト,グロース（内国株式）,小売業,688,688,678,685,-10,-1.438849,8000,OK
2026-03-19,3569,セーレン,プライム（内国株式）,繊維製品,3250,3255,3150,3150,-105,-3.225806,168400,OK
2026-03-19,3571,ソトー,スタンダード（内国株式）,繊維製品,795,798,795,795,-1,-0.125628,2500,OK
2026-03-19,3577,東海染工,スタンダード（内国株式）,繊維製品,1009,1011,1009,1011,2,0.198216,1800,OK
2026-03-19,357A,エフアンドエフ,TOKYO PRO MARKET（内国株式）,小売業,,,,,,,,NO_QUOTE
2026-03-19,3580,小松マテーレ,プライム（内国株式）,繊維製品,839,839,821,823,-31,-3.629977,56800,OK
2026-03-19,3583,オーベクス,スタンダード（内国株式）,繊維製品,1306,1306,1300,1300,-5,-0.383142,6700,OK
2026-03-19,358A,ゼン・ランド,TOKYO PRO MARKET（内国株式）,不動産業,,,,,,,,NO_QUOTE
2026-03-19,3591,ワコールホールディングス,プライム（内国株式）,繊維製品,4151,4170,4070,4070,-100,-2.398082,120500,OK
2026-03-19,3593,ホギメディカル,プライム（内国株式）,繊維製品,6650,6660,6650,6650,-10,-0.15015,19100,OK
2026-03-19,3597,自重堂,スタンダード（内国株式）,繊維製品,9750,9770,9710,9770,20,0.205128,1400,OK
2026-03-19,3598,山喜,スタンダード（内国株式）,繊維製品,171,172,170,171,0,0,4800,OK
2026-03-19,359A,ＮＥＸＴ　ＳＴＡＧＥ,TOKYO PRO MARKET（内国株式）,サービス業,,,,,,,,NO_QUOTE
2026-03-19,3600,フジックス,スタンダード（内国株式）,繊維製品,,,,,,,,NO_QUOTE
2026-03-19,3607,クラウディアホールディングス,スタンダード（内国株式）,繊維製品,347,347,338,345,2,0.58309,6800,OK
2026-03-19,3608,ＴＳＩホールディングス,プライム（内国株式）,繊維製品,1070,1074,1046,1046,-36,-3.327172,292200,OK
2026-03-19,3611,マツオカコーポレーション,スタンダード（内国株式）,繊維製品,2315,2317,2268,2273,-72,-3.070362,53100,OK
2026-03-19,3612,ワールド,プライム（内国株式）,繊維製品,1480,1484,1453,1453,-41,-2.744311,605200,OK
2026-03-19,361A,リビングハウス,TOKYO PRO MARKET（内国株式）,小売業,,,,,,,,NO_QUOTE
2026-03-19,3622,ネットイヤーグループ,グロース（内国株式）,情報･通信業,543,556,543,548,1,0.182815,4800,OK
2026-03-19,3623,ビリングシステム,グロース（内国株式）,情報･通信業,1076,1076,1044,1054,-25,-2.31696,35500,OK
2026-03-19,3624,アクセルマーク,グロース（内国株式）,情報･通信業,86,87,82,83,-7,-7.777778,698400,OK
2026-03-19,3625,テックファームホールディングス,グロース（内国株式）,情報･通信業,628,638,627,627,-8,-1.259843,5900,OK
2026-03-19,3626,ＴＩＳ,プライム（内国株式）,情報･通信業,3369,3424,3363,3366,-47,-1.377088,2055400,OK
2026-03-19,3627,テクミラホールディングス,スタンダード（内国株式）,情報･通信業,250,254,249,251,-2,-0.790514,55900,OK
2026-03-19,3628,データホライゾン,グロース（内国株式）,情報･通信業,548,549,510,510,-38,-6.934307,9300,OK
2026-03-19,362A,エクシオホールディングス,TOKYO PRO MARKET（内国株式）,サービス業,,,,,,,,NO_QUOTE
2026-03-19,3632,グリーホールディングス,プライム（内国株式）,情報･通信業,384,388,378,378,-12,-3.076923,874400,OK
2026-03-19,3633,ＧＭＯペパボ,スタンダード（内国株式）,情報･通信業,1946,1946,1902,1902,-63,-3.206107,10500,OK
2026-03-19,3634,ソケッツ,スタンダード（内国株式）,情報･通信業,766,767,750,756,-16,-2.072539,7500,OK
2026-03-19,3635,コーエーテクモホールディングス,プライム（内国株式）,情報･通信業,1796,1819.5,1784,1796,-37,-2.018549,2257700,OK
2026-03-19,3636,三菱総合研究所,プライム（内国株式）,情報･通信業,4655,4675,4600,4600,-115,-2.439024,65600,OK
2026-03-19,3639,ボルテージ,スタンダード（内国株式）,情報･通信業,244,245,243,244,-1,-0.408163,5600,OK
2026-03-19,3640,電算,スタンダード（内国株式）,情報･通信業,3570,3610,3485,3485,-135,-3.729282,16800,OK
2026-03-19,3641,パピレス,スタンダード（内国株式）,情報･通信業,1110,1120,1097,1097,-1,-0.091075,6800,OK
2026-03-19,3645,メディカルネット,グロース（内国株式）,情報･通信業,296,298,296,297,-2,-0.668896,7500,OK
2026-03-19,3646,駅探,グロース（内国株式）,情報･通信業,411,411,403,407,2,0.493827,14300,OK
2026-03-19,3647,アスリナ,スタンダード（内国株式）,情報･通信業,157,159,145,146,-16,-9.876543,1380000,OK
2026-03-19,3648,ＡＧＳ,スタンダード（内国株式）,情報･通信業,1191,1191,1172,1172,-27,-2.251877,17500,OK
2026-03-19,3649,ファインデックス,プライム（内国株式）,情報･通信業,867,887,852,854,-23,-2.622577,67400,OK
2026-03-19,3652,ディジタルメディアプロフェッショナル,グロース（内国株式）,情報･通信業,2215,2220,2164,2193,-67,-2.964602,29100,OK
2026-03-19,3653,モルフォ,グロース（内国株式）,情報･通信業,670,671,652,654,-20,-2.967359,48100,OK
2026-03-19,3656,ＫＬａｂ,プライム（内国株式）,情報･通信業,375,385,364,383,-6,-1.542416,5803000,OK
2026-03-19,3657,ポールトゥウィンホールディングス,プライム（内国株式）,情報･通信業,289,292,286,289,-1,-0.344828,595800,OK
2026-03-19,3659,ネクソン,プライム（内国株式）,情報･通信業,2886,2910.5,2834.5,2873.5,-77.5,-2.626228,7582200,OK
2026-03-19,365A,伊澤タオル,スタンダード（内国株式）,繊維製品,671,671,654,655,-20,-2.962963,96000,OK
2026-03-19,3660,アイスタイル,プライム（内国株式）,情報･通信業,431,434,419,419,-20,-4.555809,1965300,OK
2026-03-19,3661,エムアップホールディングス,プライム（内国株式）,情報･通信業,650,662,646,653,-12,-1.804511,819100,OK
2026-03-19,3662,エイチームホールディングス,プライム（内国株式）,情報･通信業,935,940,923,925,-11,-1.175214,99300,OK
2026-03-19,3663,セルシス,プライム（内国株式）,情報･通信業,1346,1350,1328,1329,-38,-2.77981,117700,OK
2026-03-19,3664,モブキャストホールディングス,グロース（内国株式）,情報･通信業,33,34,33,33,-1,-2.941176,3398400,OK
2026-03-19,3665,エニグモ,プライム（内国株式）,情報･通信業,390,393,380,380,-16,-4.040404,240000,OK
2026-03-19,3667,ｅｎｉｓｈ,スタンダード（内国株式）,情報･通信業,57,57,55,55,-2,-3.508772,479000,OK
2026-03-19,3668,コロプラ,プライム（内国株式）,情報･通信業,445,449,434,434,-17,-3.769401,462900,OK
2026-03-19,366A,ウェルネス・コミュニケーションズ,グロース（内国株式）,サービス業,985,990,962,963,-33,-3.313253,37600,OK
2026-03-19,3670,協立情報通信,スタンダード（内国株式）,情報･通信業,2068,2075,2061,2061,-26,-1.245807,2600,OK
2026-03-19,3671,ソフトマックス,スタンダード（内国株式）,情報･通信業,325,328,317,317,-16,-4.804805,47500,OK
2026-03-19,3672,オルトプラス,スタンダード（内国株式）,情報･通信業,42,43,42,42,-1,-2.325581,112400,OK
2026-03-19,3673,ブロードリーフ,プライム（内国株式）,情報･通信業,983,1000,972,993,-1,-0.100604,901700,OK
2026-03-19,3674,オークファン,グロース（内国株式）,情報･通信業,332,335,332,335,2,0.600601,1500,OK
2026-03-19,3675,クロス・マーケティンググループ,スタンダード（内国株式）,情報･通信業,598,603,592,592,-11,-1.824212,52500,OK
2026-03-19,3676,デジタルハーツホールディングス,プライム（内国株式）,情報･通信業,940,940,912,912,-29,-3.081828,100000,OK
2026-03-19,3678,メディアドゥ,プライム（内国株式）,情報･通信業,1669,1669,1634,1640,-30,-1.796407,55800,OK
2026-03-19,3679,じげん,プライム（内国株式）,情報･通信業,421,424,415,415,-11,-2.58216,494400,OK
2026-03-19,367A,プリモグローバルホールディングス,スタンダード（内国株式）,小売業,2399,2445,2383,2391,-47,-1.92781,80100,OK
2026-03-19,3680,ホットリンク,グロース（内国株式）,情報･通信業,216,217,212,212,-4,-1.851852,34300,OK
2026-03-19,3681,ブイキューブ,プライム（内国株式）,情報･通信業,125,125,121,121,-5,-3.968254,85100,OK
2026-03-19,3682,エンカレッジ・テクノロジ,スタンダード（内国株式）,情報･通信業,684,687,672,672,-12,-1.754386,3600,OK
2026-03-19,3683,サイバーリンクス,スタンダード（内国株式）,情報･通信業,1026,1054,1000,1004,-36,-3.461538,88500,OK
2026-03-19,3686,ディー・エル・イー,スタンダード（内国株式）,情報･通信業,115,116,111,112,-5,-4.273504,287700,OK
2026-03-19,3687,フィックスターズ,プライム（内国株式）,情報･通信業,1417,1456,1388,1388,-78,-5.3206,502700,OK
2026-03-19,368A,北里コーポレーション,プライム（内国株式）,精密機器,1391,1401,1375,1378,-57,-3.972125,122800,OK
2026-03-19,3690,イルグルム,スタンダード（内国株式）,情報･通信業,580,582,578,578,-2,-0.344828,5000,OK
2026-03-19,3691,デジタルプラス,グロース（内国株式）,情報･通信業,1481,1481,1403,1417,-79,-5.280749,23400,OK
2026-03-19,3692,ＦＦＲＩセキュリティ,グロース（内国株式）,情報･通信業,7490,7500,6960,6960,-680,-8.900524,273400,OK
2026-03-19,3694,オプティム,プライム（内国株式）,情報･通信業,422,427,417,418,-7,-1.647059,100700,OK
2026-03-19,3695,ＧＭＯプロダクトプラットフォーム,グロース（内国株式）,情報･通信業,1723,1734,1718,1720,-5,-0.289855,3100,OK
2026-03-19,3696,セレス,プライム（内国株式）,情報･通信業,1520,1529,1499,1499,-85,-5.366162,187000,OK
2026-03-19,3697,ＳＨＩＦＴ,プライム（内国株式）,情報･通信業,645,657.8,636.4,638.5,-9,-1.389961,5863600,OK
2026-03-19,3698,ＣＲＩ・ミドルウェア,スタンダード（内国株式）,情報･通信業,962,965,946,952,-34,-3.448276,28900,OK
2026-03-19,369A,エータイ,グロース（内国株式）,サービス業,2500,2517,2393,2401,-107,-4.266348,47500,OK
2026-03-19,3708,特種東海製紙,プライム（内国株式）,パルプ・紙,1633,1633,1603,1608,-42,-2.545455,86400,OK
2026-03-19,370A,リバイブル,TOKYO PRO MARKET（内国株式）,不動産業,,,,,,,,NO_QUOTE
2026-03-19,3710,ジョルダン,スタンダード（内国株式）,情報･通信業,601,603,597,600,-1,-0.166389,5400,OK
2026-03-19,3712,情報企画,スタンダード（内国株式）,情報･通信業,5650,5700,5620,5680,40,0.70922,3000,OK
2026-03-19,3719,ＡＩストーム,スタンダード（内国株式）,情報･通信業,250,260,242,245,-7,-2.777778,1000200,OK
2026-03-19,371A,デージーネット,TOKYO PRO MARKET（内国株式）,情報･通信業,,,,,,,,NO_QUOTE
2026-03-19,3723,日本ファルコム,グロース（内国株式）,情報･通信業,2094,2097,2020,2020,-124,-5.783582,20600,OK
2026-03-19,3726,フォーシーズＨＤ,スタンダード（内国株式）,小売業,427,432,414,432,0,0,77900,OK
2026-03-19,3727,アプリックス,グロース（内国株式）,情報･通信業,190,191,185,186,-7,-3.626943,170800,OK
2026-03-19,372A,レント,スタンダード（内国株式）,サービス業,5730,5760,5670,5670,-120,-2.072539,10200,OK
2026-03-19,3733,ソフトウェア・サービス,スタンダード（内国株式）,情報･通信業,11620,11790,11500,11770,-30,-0.254237,4000,OK
2026-03-19,373A,リップス,グロース（内国株式）,化学,1587,1588,1570,1570,-16,-1.008827,2100,OK
2026-03-19,3741,セック,プライム（内国株式）,情報･通信業,3435,3450,3315,3435,-125,-3.511236,112000,OK
2026-03-19,3744,サイオス,スタンダード（内国株式）,情報･通信業,438,438,423,430,-8,-1.826484,53900,OK
2026-03-19,3747,インタートレード,スタンダード（内国株式）,情報･通信業,604,605,581,581,-33,-5.374593,129000,OK
2026-03-19,374A,樋口総合研究所,TOKYO PRO MARKET（内国株式）,情報･通信業,,,,,,,,NO_QUOTE
2026-03-19,3750,ＡＤＲ１２０Ｓ,スタンダード（内国株式）,情報･通信業,890,890,888,890,0,0,2500,OK
2026-03-19,3753,フライトソリューションズ,スタンダード（内国株式）,情報･通信業,154,154,147,147,-7,-4.545455,75300,OK
2026-03-19,3758,アエリア,スタンダード（内国株式）,情報･通信業,254,256,252,253,-6,-2.316602,18400,OK
2026-03-19,375A,ＹＡＫホールディングス,TOKYO PRO MARKET（内国株式）,不動産業,,,,,,,,NO_QUOTE
2026-03-19,3760,ケイブ,スタンダード（内国株式）,情報･通信業,644,644,635,635,-14,-2.157165,7800,OK
2026-03-19,3762,テクマトリックス,プライム（内国株式）,情報･通信業,1686,1705,1658,1658,-62,-3.604651,408600,OK
2026-03-19,3763,プロシップ,プライム（内国株式）,情報･通信業,1557,1560,1492,1530,-63,-3.954802,116600,OK
2026-03-19,3765,ガンホー・オンライン・エンターテイメント,プライム（内国株式）,情報･通信業,2597,2603,2535,2535,-81,-3.09633,377000,OK
2026-03-19,3766,システムズ・デザイン,スタンダード（内国株式）,情報･通信業,1244,1267,1237,1267,-6,-0.471328,500,OK
2026-03-19,3768,リスクモンスター,スタンダード（内国株式）,情報･通信業,554,570,547,565,12,2.169982,6500,OK
2026-03-19,3769,ＧＭＯペイメントゲートウェイ,プライム（内国株式）,情報･通信業,7593,7756,7592,7746,-94,-1.19898,317700,OK
2026-03-19,3771,システムリサーチ,プライム（内国株式）,情報･通信業,1756,1760,1724,1724,-49,-2.763677,53600,OK
2026-03-19,3772,ウェルス・マネジメント,スタンダード（内国株式）,不動産業,1055,1055,1043,1044,-11,-1.042654,52800,OK
2026-03-19,3773,アドバンスト・メディア,グロース（内国株式）,情報･通信業,995,1008,984,986,-24,-2.376238,50200,OK
2026-03-19,3774,インターネットイニシアティブ,プライム（内国株式）,情報･通信業,2436,2454.5,2418,2438,20,0.82713,1325900,OK
2026-03-19,3776,ブロードバンドタワー,スタンダード（内国株式）,情報･通信業,231,231,219,220,-15,-6.382979,1198800,OK
2026-03-19,3777,環境フレンドリーホールディングス,グロース（内国株式）,情報･通信業,61,61,59,59,-2,-3.278689,3728000,OK
2026-03-19,3778,さくらインターネット,プライム（内国株式）,情報･通信業,2750,2795,2745,2780,-22,-0.785153,429300,OK
2026-03-19,3779,ジェイ・エスコムホールディングス,スタンダード（内国株式）,情報･通信業,151,154,149,154,1,0.653595,61200,OK
2026-03-19,3787,テクノマセマティカル,スタンダード（内国株式）,情報･通信業,625,625,619,619,-24,-3.732504,7500,OK
2026-03-19,3788,ＧＭＯグローバルサイン・ホールディングス,プライム（内国株式）,情報･通信業,1902,1916,1870,1892,-57,-2.924577,53400,OK
2026-03-19,378A,ヒット,グロース（内国株式）,サービス業,2760,2835,2701,2721,-89,-3.16726,30300,OK
2026-03-19,3791,ＩＧポート,スタンダード（内国株式）,情報･通信業,1304,1320,1276,1294,-25,-1.895375,103300,OK
2026-03-19,3793,ドリコム,グロース（内国株式）,情報･通信業,406,408,400,400,-11,-2.676399,38600,OK
2026-03-19,3796,いい生活,スタンダード（内国株式）,情報･通信業,513,516,510,513,0,0,1500,OK
2026-03-19,3798,ＵＬＳグループ,スタンダード（内国株式）,情報･通信業,505,512,499,499,-23,-4.40613,212300,OK
2026-03-19,3799,キーウェアソリューションズ,スタンダード（内国株式）,情報･通信業,1158,1161,1155,1155,-11,-0.943396,8600,OK
2026-03-19,3800,ユニリタ,スタンダード（内国株式）,情報･通信業,1960,1961,1958,1961,1,0.05102,900,OK
2026-03-19,3802,エコミック,スタンダード（内国株式）,情報･通信業,486,489,483,489,2,0.410678,5000,OK
2026-03-19,3803,イメージ情報開発,グロース（内国株式）,情報･通信業,695,807,688,736,11,1.517241,355700,OK
2026-03-19,3804,システム　ディ,スタンダード（内国株式）,情報･通信業,1531,1577,1531,1574,27,1.745314,500,OK
2026-03-19,3807,フィスコ,グロース（内国株式）,情報･通信業,111,112,109,109,-2,-1.801802,154900,OK
2026-03-19,3810,サイバーステップホールディングス,スタンダード（内国株式）,情報･通信業,265,268,257,257,-10,-3.745318,119000,OK
2026-03-19,3815,メディア工房,グロース（内国株式）,情報･通信業,468,469,463,463,-6,-1.279318,7900,OK
2026-03-19,3816,大和コンピューター,スタンダード（内国株式）,情報･通信業,1125,1136,1106,1136,-3,-0.263389,1300,OK
2026-03-19,3817,ＳＲＡホールディングス,プライム（内国株式）,情報･通信業,4800,4850,4755,4755,-95,-1.958763,19100,OK
2026-03-19,3823,ＴＨＥ　ＷＨＹ　ＨＯＷ　ＤＯ　ＣＯＭＰＡＮＹ,スタンダード（内国株式）,情報･通信業,52,53,51,51,-2,-3.773585,770900,OK
2026-03-19,3825,リミックスポイント,スタンダード（内国株式）,小売業,240,244,232,232,-18,-7.2,953800,OK
2026-03-19,3826,システムインテグレータ,スタンダード（内国株式）,情報･通信業,454,455,451,452,-6,-1.310044,5900,OK
2026-03-19,3834,朝日ネット,プライム（内国株式）,情報･通信業,669,669,663,663,-9,-1.339286,78200,OK
2026-03-19,3835,ｅＢＡＳＥ,プライム（内国株式）,情報･通信業,417,417,404,404,-14,-3.349282,991800,OK
2026-03-19,3836,アバントグループ,プライム（内国株式）,情報･通信業,1349,1353,1320,1320,-59,-4.278463,131400,OK
2026-03-19,3837,アドソル日進,プライム（内国株式）,情報･通信業,1520,1535,1501,1502,-54,-3.470437,117400,OK
2026-03-19,3839,ＯＤＫソリューションズ,スタンダード（内国株式）,情報･通信業,646,646,642,642,-1,-0.155521,4300,OK
2026-03-19,3840,パス,スタンダード（内国株式）,情報･通信業,74,75,68,68,-6,-8.108108,1293400,OK
2026-03-19,3841,ジーダット,スタンダード（内国株式）,情報･通信業,1149,1179,1144,1178,-1,-0.084818,2200,OK
2026-03-19,3842,ネクストジェン,スタンダード（内国株式）,情報･通信業,1018,1019,1001,1001,-22,-2.150538,9000,OK
2026-03-19,3843,フリービット,プライム（内国株式）,情報･通信業,1503,1506,1480,1480,-52,-3.394256,48000,OK
2026-03-19,3844,コムチュア,プライム（内国株式）,情報･通信業,1480,1496,1462,1465,-30,-2.006689,286200,OK
2026-03-19,3845,アイフリークモバイル,スタンダード（内国株式）,情報･通信業,239,240,237,239,0,0,23300,OK
2026-03-19,3848,データ・アプリケーション,スタンダード（内国株式）,情報･通信業,1014,1014,994,1005,-9,-0.887574,6500,OK
2026-03-19,3850,エヌ・ティ・ティ・データ・イントラマート,スタンダード（内国株式）,情報･通信業,3000,3010,2981,2981,-24,-0.798669,8900,OK
2026-03-19,3851,日本一ソフトウェア,スタンダード（内国株式）,情報･通信業,845,849,839,849,0,0,4900,OK
2026-03-19,3853,アステリア,プライム（内国株式）,情報･通信業,1265,1300,1248,1257,-33,-2.55814,353500,OK
2026-03-19,3854,アイル,プライム（内国株式）,情報･通信業,2385,2400,2357,2363,-47,-1.950207,47300,OK
2026-03-19,3856,Ａｂａｌａｎｃｅ,スタンダード（内国株式）,電気機器,631,657,617,621,-20,-3.120125,127100,OK
2026-03-19,3858,ユビキタスＡＩ,スタンダード（内国株式）,情報･通信業,354,365,346,350,-3,-0.849858,85600,OK
2026-03-19,385A,山本通産,TOKYO PRO MARKET（内国株式）,卸売業,,,,,,,,NO_QUOTE
2026-03-19,3861,王子ホールディングス,プライム（内国株式）,パルプ・紙,903.4,908,875.3,875.3,-38.8,-4.244612,8403300,OK
2026-03-19,3863,日本製紙,プライム（内国株式）,パルプ・紙,1260,1261,1205,1206,-80,-6.22084,2112200,OK
2026-03-19,3864,三菱製紙,プライム（内国株式）,パルプ・紙,840,841,812,813,-34,-4.014168,321300,OK
2026-03-19,3865,北越コーポレーション,プライム（内国株式）,パルプ・紙,1020,1020,957,957,-71,-6.906615,666600,OK
2026-03-19,386A,みのや,スタンダード（内国株式）,小売業,1480,1489,1430,1445,-44,-2.955003,68700,OK
2026-03-19,3877,中越パルプ工業,プライム（内国株式）,パルプ・紙,1935,1935,1887,1887,-59,-3.03186,49800,OK
2026-03-19,3878,巴川コーポレーション,スタンダード（内国株式）,化学,863,863,831,843,-31,-3.546911,31500,OK
2026-03-19,387A,フラー,グロース（内国株式）,情報･通信業,1107,1113,1105,1105,-12,-1.074306,2300,OK
2026-03-19,3880,大王製紙,プライム（内国株式）,パルプ・紙,1123,1124,1068,1068,-53,-4.727921,575000,OK
2026-03-19,3891,ニッポン高度紙工業,スタンダード（内国株式）,パルプ・紙,3965,3970,3720,3735,-370,-9.013398,108600,OK
2026-03-19,3892,岡山製紙,スタンダード（内国株式）,パルプ・紙,1674,1691,1673,1675,-39,-2.275379,6600,OK
2026-03-19,3895,ハビックス,スタンダード（内国株式）,パルプ・紙,441,444,441,444,-1,-0.224719,4800,OK
2026-03-19,3896,阿波製紙,スタンダード（内国株式）,パルプ・紙,410,414,391,392,-17,-4.156479,74200,OK
2026-03-19,389A,八光オートメーション,TOKYO PRO MARKET（内国株式）,電気機器,,,,,,,,NO_QUOTE
2026-03-19,3900,クラウドワークス,グロース（内国株式）,情報･通信業,694,704,667,675,-30,-4.255319,141700,OK
2026-03-19,3901,マークラインズ,プライム（内国株式）,情報･通信業,1575,1599,1561,1561,-43,-2.680798,91900,OK
2026-03-19,3902,メディカル・データ・ビジョン,プライム（内国株式）,情報･通信業,1682,1683,1682,1682,-1,-0.059418,7800,OK
2026-03-19,3903,ｇｕｍｉ,プライム（内国株式）,情報･通信業,342,346,321,321,-29,-8.285714,805300,OK
2026-03-19,3904,カヤック,グロース（内国株式）,情報･通信業,442,442,425,426,-14,-3.181818,43500,OK
2026-03-19,3905,データセクション,グロース（内国株式）,情報･通信業,1517,1517,1480,1485,-58,-3.758911,370200,OK
2026-03-19,3907,シリコンスタジオ,スタンダード（内国株式）,情報･通信業,690,694,680,680,-8,-1.162791,15600,OK
2026-03-19,3908,コラボス,グロース（内国株式）,情報･通信業,415,452,406,415,6,1.466993,471800,OK
2026-03-19,3909,ショーケース,スタンダード（内国株式）,情報･通信業,233,236,229,229,-5,-2.136752,8200,OK
2026-03-19,3910,エムケイシステム,スタンダード（内国株式）,情報･通信業,301,305,295,298,-3,-0.996678,22000,OK
2026-03-19,3911,Ａｉｍｉｎｇ,グロース（内国株式）,情報･通信業,210,211,204,205,-6,-2.843602,364800,OK
2026-03-19,3912,モバイルファクトリー,スタンダード（内国株式）,情報･通信業,1201,1209,1182,1182,-33,-2.716049,15900,OK
2026-03-19,3913,ＧｒｅｅｎＢｅｅ,スタンダード（内国株式）,情報･通信業,1071,1073,1026,1027,-54,-4.995375,50300,OK
2026-03-19,3914,ＪＩＧ−ＳＡＷ,グロース（内国株式）,情報･通信業,2357,2406,2313,2340,-78,-3.225806,16000,OK
2026-03-19,3915,テラスカイ,プライム（内国株式）,情報･通信業,1605,1621,1583,1584,-61,-3.708207,73100,OK
2026-03-19,3916,デジタル・インフォメーション・テクノロジー,プライム（内国株式）,情報･通信業,977,982,958,958,-30,-3.036437,88600,OK
2026-03-19,3917,アイリッジ,グロース（内国株式）,情報･通信業,605,609,601,603,-4,-0.658979,38900,OK
2026-03-19,3918,ＰＣＩホールディングス,スタンダード（内国株式）,情報･通信業,1093,1098,1080,1080,-27,-2.439024,58300,OK
2026-03-19,3920,アイビーシー,スタンダード（内国株式）,情報･通信業,971,982,950,963,-21,-2.134146,14900,OK
2026-03-19,3921,ネオジャパン,プライム（内国株式）,情報･通信業,1656,1687,1656,1671,19,1.150121,50400,OK
2026-03-19,3922,ＰＲ　ＴＩＭＥＳ,プライム（内国株式）,情報･通信業,2127,2155,2100,2100,-77,-3.536977,46100,OK
2026-03-19,3923,ラクス,プライム（内国株式）,情報･通信業,748,756.6,732.5,736.1,-23,-3.029904,3111600,OK
2026-03-19,3924,ランドコンピュータ,プライム（内国株式）,情報･通信業,920,921,916,917,-6,-0.650054,24400,OK
2026-03-19,3925,ダブルスタンダード,プライム（内国株式）,情報･通信業,1475,1477,1453,1453,-33,-2.220727,40200,OK
2026-03-19,3926,オープンドア,スタンダード（内国株式）,情報･通信業,338,354,332,332,-12,-3.488372,116300,OK
2026-03-19,3927,フーバーブレイン,スタンダード（内国株式）,情報･通信業,1099,1155,1090,1128,-27,-2.337662,147600,OK
2026-03-19,3928,マイネット,スタンダード（内国株式）,情報･通信業,295,295,286,286,-9,-3.050847,24400,OK
2026-03-19,3929,ソーシャルワイヤー,グロース（内国株式）,情報･通信業,317,318,310,317,0,0,3400,OK
2026-03-19,3930,はてな,グロース（内国株式）,情報･通信業,1020,1066,977,1018,6,0.592885,79500,OK
2026-03-19,3931,バリューゴルフ,グロース（内国株式）,情報･通信業,1704,1712,1695,1712,5,0.292912,1400,OK
2026-03-19,3932,アカツキ,プライム（内国株式）,情報･通信業,3045,3080,3015,3025,-75,-2.419355,59100,OK
2026-03-19,3933,チエル,スタンダード（内国株式）,情報･通信業,653,664,650,662,9,1.378254,11500,OK
2026-03-19,3934,ベネフィットジャパン,スタンダード（内国株式）,情報･通信業,1966,1972,1966,1970,-39,-1.941264,1000,OK
2026-03-19,3935,エディア,スタンダード（内国株式）,情報･通信業,705,712,696,696,-23,-3.198887,46300,OK
2026-03-19,3936,グローバルウェイ,グロース（内国株式）,情報･通信業,136,136,128,128,-10,-7.246377,319300,OK
2026-03-19,3937,Ｕｂｉｃｏｍホールディングス,スタンダード（内国株式）,情報･通信業,960,960,947,947,-23,-2.371134,51900,OK
2026-03-19,3939,カナミックネットワーク,プライム（内国株式）,情報･通信業,512,515,490,490,-29,-5.587669,246100,OK
2026-03-19,393A,ＲｉｔａＸ,TOKYO PRO MARKET（内国株式）,サービス業,,,,,,,,NO_QUOTE
2026-03-19,3940,ノムラシステムコーポレーション,スタンダード（内国株式）,情報･通信業,139,139,136,137,-3,-2.142857,132100,OK
2026-03-19,3941,レンゴー,プライム（内国株式）,パルプ・紙,1337,1342.5,1254,1261,-128.5,-9.247931,2236800,OK
2026-03-19,3943,大石産業,スタンダード（内国株式）,パルプ・紙,1438,1444,1437,1438,-6,-0.415512,4100,OK
2026-03-19,3944,古林紙工,スタンダード（内国株式）,パルプ・紙,2591,2591,2591,2591,-15,-0.575595,100,OK
2026-03-19,3945,スーパーバッグ,スタンダード（内国株式）,パルプ・紙,2351,2358,2323,2339,-21,-0.889831,5100,OK
2026-03-19,3946,トーモク,プライム（内国株式）,パルプ・紙,3600,3605,3365,3375,-70,-2.03193,153700,OK
2026-03-19,3947,ダイナパック,スタンダード（内国株式）,パルプ・紙,2638,2638,2462,2490,-186,-6.950673,5900,OK
2026-03-19,3948,光ビジネスフォーム,スタンダード（内国株式）,パルプ・紙,1169,1199,1169,1180,-10,-0.840336,500,OK
2026-03-19,3950,ザ・パック,プライム（内国株式）,パルプ・紙,1350,1350,1322,1329,-26,-1.918819,167100,OK
2026-03-19,3951,朝日印刷,スタンダード（内国株式）,パルプ・紙,888,891,884,884,-8,-0.896861,10300,OK
2026-03-19,3953,大村紙業,スタンダード（内国株式）,パルプ・紙,814,824,809,817,1,0.122549,6900,OK
2026-03-19,3954,昭和パックス,スタンダード（内国株式）,パルプ・紙,3015,3075,3015,3075,-10,-0.324149,600,OK
2026-03-19,3955,イムラ,スタンダード（内国株式）,パルプ・紙,904,904,900,901,-4,-0.441989,3400,OK
2026-03-19,3958,笹徳印刷,スタンダード（内国株式）,パルプ・紙,580,580,567,567,-12,-2.072539,3400,OK
2026-03-19,3961,シルバーエッグ・テクノロジー,グロース（内国株式）,情報･通信業,763,765,763,763,0,0,12300,OK
2026-03-19,3962,チェンジホールディングス,プライム（内国株式）,情報･通信業,970,978,940,940,-44,-4.471545,493400,OK
2026-03-19,3963,シンクロ・フード,プライム（内国株式）,情報･通信業,491,496,481,483,-14,-2.816901,29800,OK
2026-03-19,3964,オークネット,プライム（内国株式）,情報･通信業,2478,2498,2362,2404,-174,-6.749418,776200,OK
2026-03-19,3965,キャピタル・アセット・プランニング,スタンダード（内国株式）,情報･通信業,849,849,840,840,-9,-1.060071,800,OK
2026-03-19,3967,エルテス,グロース（内国株式）,情報･通信業,577,580,574,576,-4,-0.689655,10300,OK
2026-03-19,3968,セグエグループ,プライム（内国株式）,情報･通信業,504,514,499,503,-8,-1.565558,262800,OK
2026-03-19,3969,エイトレッド,スタンダード（内国株式）,情報･通信業,1404,1411,1404,1406,-7,-0.4954,3400,OK
2026-03-19,3970,イノベーション,グロース（内国株式）,情報･通信業,938,945,938,945,-7,-0.735294,600,OK
2026-03-19,3974,ＳＣＡＴ,スタンダード（内国株式）,情報･通信業,582,586,580,586,2,0.342466,1800,OK
2026-03-19,3976,シャノン,グロース（内国株式）,情報･通信業,387,387,382,382,-6,-1.546392,5700,OK
2026-03-19,3979,うるる,グロース（内国株式）,情報･通信業,377,379,377,379,-6,-1.558442,4800,OK
2026-03-19,3981,ビーグリー,スタンダード（内国株式）,情報･通信業,1270,1272,1255,1260,-10,-0.787402,5200,OK
2026-03-19,3983,オロ,プライム（内国株式）,情報･通信業,1904,1935,1892,1898,-46,-2.366255,81600,OK
2026-03-19,3984,ユーザーローカル,プライム（内国株式）,情報･通信業,1516,1521,1473,1473,-70,-4.536617,131700,OK
2026-03-19,3985,テモナ,スタンダード（内国株式）,情報･通信業,205,206,199,202,-2,-0.980392,30400,OK
2026-03-19,3986,ビーブレイクシステムズ,スタンダード（内国株式）,情報･通信業,497,497,490,491,-8,-1.603206,6500,OK
2026-03-19,3987,エコモット,グロース（内国株式）,情報･通信業,507,510,502,502,-6,-1.181102,9900,OK
2026-03-19,3988,ＳＹＳホールディングス,スタンダード（内国株式）,情報･通信業,526,529,523,525,-5,-0.943396,2800,OK
2026-03-19,3989,シェアリングテクノロジー,グロース（内国株式）,情報･通信業,1193,1208,1179,1181,-37,-3.037767,164900,OK
2026-03-19,398A,リアルクオリティ,TOKYO PRO MARKET（内国株式）,サービス業,,,,,,,,NO_QUOTE
2026-03-19,3991,ウォンテッドリー,グロース（内国株式）,情報･通信業,1107,1107,1092,1092,-36,-3.191489,2100,OK
2026-03-19,3992,ニーズウェル,プライム（内国株式）,情報･通信業,536,539,530,530,-8,-1.486989,141500,OK
2026-03-19,3993,ＰＫＳＨＡ　Ｔｅｃｈｎｏｌｏｇｙ,プライム（内国株式）,情報･通信業,2968,3000,2856,2856,-169,-5.586777,296300,OK
2026-03-19,3994,マネーフォワード,プライム（内国株式）,情報･通信業,3090,3167,3070,3091,-53,-1.685751,591900,OK
2026-03-19,3996,サインポスト,スタンダード（内国株式）,情報･通信業,234,236,225,227,-9,-3.813559,62700,OK
2026-03-19,3997,トレードワークス,スタンダード（内国株式）,情報･通信業,420,429,414,414,-16,-3.72093,278900,OK
2026-03-19,3998,すららネット,グロース（内国株式）,情報･通信業,313,316,312,314,-2,-0.632911,8400,OK
2026-03-19,4004,レゾナック・ホールディングス,プライム（内国株式）,化学,11100,11270,10710,11205,-295,-2.565217,2994600,OK
2026-03-19,4005,住友化学,プライム（内国株式）,化学,487.4,493.6,479.4,483,-22.4,-4.432133,19247400,OK
2026-03-19,4008,住友精化,プライム（内国株式）,化学,6600,6600,6340,6350,-330,-4.94012,54900,OK
2026-03-19,4011,ヘッドウォータース,グロース（内国株式）,情報･通信業,2381,2392,2301,2301,-124,-5.113402,21500,OK
2026-03-19,4012,アクシス,スタンダード（内国株式）,情報･通信業,1535,1539,1516,1516,-27,-1.749838,11200,OK
2026-03-19,4013,勤次郎,グロース（内国株式）,情報･通信業,692,692,654,654,-43,-6.169297,203300,OK
2026-03-19,4014,カラダノート,グロース（内国株式）,情報･通信業,423,428,409,422,-13,-2.988506,28200,OK
2026-03-19,4015,ペイクラウドホールディングス,グロース（内国株式）,情報･通信業,460,465,452,452,-13,-2.795699,28000,OK
2026-03-19,4016,ＭＩＴホールディングス,スタンダード（内国株式）,情報･通信業,919,920,916,919,0,0,2100,OK
2026-03-19,4017,クリーマ,グロース（内国株式）,情報･通信業,229,229,226,226,-4,-1.73913,8700,OK
2026-03-19,4019,スタメン,グロース（内国株式）,情報･通信業,629,634,616,616,-12,-1.910828,40900,OK
2026-03-19,4020,ビートレンド,グロース（内国株式）,情報･通信業,,,,,,,,NO_QUOTE
2026-03-19,4021,日産化学,プライム（内国株式）,化学,6233,6305,6100,6143,-290,-4.508006,798200,OK
2026-03-19,4022,ラサ工業,プライム（内国株式）,化学,8360,8360,7830,7900,-910,-10.329171,338900,OK
2026-03-19,4023,クレハ,プライム（内国株式）,化学,4430,4435,4340,4345,-195,-4.295154,846600,OK
2026-03-19,4025,多木化学,プライム（内国株式）,化学,4500,4565,4365,4420,-95,-2.104097,68900,OK
2026-03-19,4026,神島化学工業,スタンダード（内国株式）,ガラス･土石製品,1982,2003,1901,1901,-125,-6.169793,126900,OK
2026-03-19,4027,テイカ,プライム（内国株式）,化学,1677,1681,1569,1569,-174,-9.982788,285800,OK
2026-03-19,4028,石原産業,プライム（内国株式）,化学,3030,3080,3015,3030,-110,-3.503185,430000,OK
2026-03-19,402A,アクセルスペースホールディングス,グロース（内国株式）,輸送用機器,677,690,636,640,-62,-8.831909,4688700,OK
2026-03-19,4031,片倉コープアグリ,スタンダード（内国株式）,化学,1211,1236,1119,1125,-56,-4.741744,212500,OK
2026-03-19,403A,北條組,TOKYO PRO MARKET（内国株式）,建設業,,,,,,,,NO_QUOTE
2026-03-19,4040,南海化学,スタンダード（内国株式）,化学,3300,3355,3240,3250,-110,-3.27381,19300,OK
2026-03-19,4041,日本曹達,プライム（内国株式）,化学,3720,3740,3660,3660,-115,-3.046358,253400,OK
2026-03-19,4042,東ソー,プライム（内国株式）,化学,2380,2385.5,2327,2333,-97,-3.99177,1918300,OK
2026-03-19,4043,トクヤマ,プライム（内国株式）,化学,3752,3769,3710,3724,-168,-4.316547,877700,OK
2026-03-19,4044,セントラル硝子,プライム（内国株式）,化学,3950,4020,3935,3950,-110,-2.70936,108400,OK
2026-03-19,4045,東亞合成,プライム（内国株式）,化学,1745,1746.5,1701.5,1701.5,-76,-4.275668,405500,OK
2026-03-19,4046,大阪ソーダ,プライム（内国株式）,化学,1911,1911,1805,1815,-135,-6.923077,592100,OK
2026-03-19,4047,関東電化工業,プライム（内国株式）,化学,1508,1508,1442,1457,-105,-6.722151,587800,OK
2026-03-19,4051,ＧＭＯフィナンシャルゲート,プライム（内国株式）,情報･通信業,5380,5410,5280,5310,-50,-0.932836,20200,OK
2026-03-19,4052,フィーチャ,グロース（内国株式）,情報･通信業,312,312,300,303,-11,-3.503185,22300,OK
2026-03-19,4053,Ｓｕｎ　Ａｓｔｅｒｉｓｋ,プライム（内国株式）,情報･通信業,396,401,388,390,-9,-2.255639,92300,OK
2026-03-19,4054,日本情報クリエイト,グロース（内国株式）,情報･通信業,584,584,573,573,-11,-1.883562,14300,OK
2026-03-19,4055,ティアンドエスグループ,グロース（内国株式）,情報･通信業,1562,1564,1507,1519,-82,-5.121799,43300,OK
2026-03-19,4056,ニューラルグループ,グロース（内国株式）,情報･通信業,367,370,355,355,-20,-5.333333,50000,OK
2026-03-19,4057,インターファクトリー,グロース（内国株式）,情報･通信業,396,399,396,399,3,0.757576,2500,OK
2026-03-19,4058,トヨクモ,グロース（内国株式）,情報･通信業,1829,1829,1758,1758,-91,-4.921579,56500,OK
2026-03-19,4059,まぐまぐ,スタンダード（内国株式）,情報･通信業,490,493,486,486,-8,-1.619433,11600,OK
2026-03-19,405A,コヤマ・ミライエ,TOKYO PRO MARKET（内国株式）,卸売業,,,,,,,,NO_QUOTE
2026-03-19,4060,ｒａｋｕｍｏ,グロース（内国株式）,情報･通信業,1049,1052,1028,1032,-34,-3.189493,20000,OK
2026-03-19,4061,デンカ,プライム（内国株式）,化学,3350,3369,3280,3280,-157,-4.567937,871000,OK
2026-03-19,4062,イビデン,プライム（内国株式）,電気機器,8212,8352,8065,8268,-213,-2.511496,5390900,OK
2026-03-19,4063,信越化学工業,プライム（内国株式）,化学,6563,6641,6373,6373,-347,-5.16369,10998400,OK
2026-03-19,4064,日本カーバイド工業,プライム（内国株式）,化学,2855,2855,2711,2711,-172,-5.966008,83600,OK
2026-03-19,4068,ベイシス,グロース（内国株式）,情報･通信業,1763,1765,1761,1765,0,0,700,OK
2026-03-19,4069,ＢｌｕｅＭｅｍｅ,グロース（内国株式）,情報･通信業,1092,1092,1051,1051,-21,-1.958955,4300,OK
2026-03-19,406A,環境のミカタホールディングス,TOKYO PRO MARKET（内国株式）,サービス業,,,,,,,,NO_QUOTE
2026-03-19,4071,プラスアルファ・コンサルティング,プライム（内国株式）,情報･通信業,2179,2216,2164,2167,-53,-2.387387,268100,OK
2026-03-19,4072,電算システムホールディングス,プライム（内国株式）,情報･通信業,2880,2898,2820,2832,-98,-3.34471,80400,OK
2026-03-19,4073,ジィ・シィ企画,グロース（内国株式）,情報･通信業,511,511,496,506,-12,-2.316602,6800,OK
2026-03-19,4074,ラキール,グロース（内国株式）,情報･通信業,673,673,663,665,-12,-1.772526,41700,OK
2026-03-19,4075,ブレインズテクノロジー,グロース（内国株式）,情報･通信業,1750,1828,1621,1667,-194,-10.424503,569400,OK
2026-03-19,4076,シイエヌエス,グロース（内国株式）,情報･通信業,1699,1699,1699,1699,0,0,100,OK
2026-03-19,4078,堺化学工業,プライム（内国株式）,化学,3710,3715,3605,3625,-205,-5.35248,137900,OK
2026-03-19,407A,ＵＮＩＣＯＮホールディングス,スタンダード（内国株式）,建設業,1062,1067,1049,1049,-26,-2.418605,17400,OK
2026-03-19,4082,第一稀元素化学工業,プライム（内国株式）,化学,2520,2552,2510,2515,-105,-4.007634,222300,OK
2026-03-19,4088,エア・ウォーター,プライム（内国株式）,化学,2132,2143.5,2085.5,2085.5,-96.5,-4.422548,1173100,OK
2026-03-19,4091,日本酸素ホールディングス,プライム（内国株式）,化学,6228,6278,5989,5989,-305,-4.845885,896400,OK
2026-03-19,4092,日本化学工業,プライム（内国株式）,化学,3115,3115,2986,2989,-196,-6.153846,110200,OK
2026-03-19,4093,東邦アセチレン,スタンダード（内国株式）,化学,484,484,455,457,-31,-6.352459,136700,OK
2026-03-19,4094,日本化学産業,スタンダード（内国株式）,化学,2600,2600,2576,2584,-18,-0.691776,21600,OK
2026-03-19,4095,日本パーカライジング,プライム（内国株式）,化学,1471,1480,1460,1462,-41,-2.727878,189600,OK
2026-03-19,4097,高圧ガス工業,プライム（内国株式）,化学,1140,1143,1122,1122,-36,-3.108808,103500,OK
2026-03-19,4098,チタン工業,スタンダード（内国株式）,化学,1059,1062,1015,1015,-66,-6.105458,9300,OK
2026-03-19,4099,四国化成ホールディングス,プライム（内国株式）,化学,5020,5050,4880,4905,-305,-5.854127,149800,OK
2026-03-19,409A,オリオンビール,プライム（内国株式）,食料品,1322,1328,1314,1322,-3,-0.226415,174000,OK
2026-03-19,4100,戸田工業,スタンダード（内国株式）,化学,1397,1397,1325,1329,-96,-6.736842,105000,OK
2026-03-19,4102,丸尾カルシウム,スタンダード（内国株式）,化学,1459,1459,1459,1459,-1,-0.068493,100,OK
2026-03-19,4107,伊勢化学工業,スタンダード（内国株式）,化学,6020,6040,5780,5820,-370,-5.977383,439100,OK
2026-03-19,4109,ステラ　ケミファ,プライム（内国株式）,化学,4935,4935,4835,4875,-110,-2.20662,57000,OK
2026-03-19,410A,ＧＭＯコマース,グロース（内国株式）,サービス業,1046,1048,1020,1025,-21,-2.007648,22400,OK
2026-03-19,4112,保土谷化学工業,プライム（内国株式）,化学,2318,2323,2271,2295,-73,-3.08277,73600,OK
2026-03-19,4113,田岡化学工業,スタンダード（内国株式）,化学,983,983,951,957,-41,-4.108216,149200,OK
2026-03-19,4114,日本触媒,プライム（内国株式）,化学,2350,2362,2315.5,2325,-101,-4.163232,914500,OK
2026-03-19,4116,大日精化工業,プライム（内国株式）,化学,4550,4565,4425,4425,-225,-4.83871,82000,OK
2026-03-19,4118,カネカ,プライム（内国株式）,化学,4911,4925,4764,4764,-237,-4.739052,272500,OK
2026-03-19,4119,日本ピグメントホールディングス,スタンダード（内国株式）,化学,5140,5330,5070,5270,110,2.131783,15000,OK
2026-03-19,411A,日本マリタイムバンク,TOKYO PRO MARKET（内国株式）,その他金融業,,,,,,,,NO_QUOTE
2026-03-19,4120,スガイ化学工業,スタンダード（内国株式）,化学,2285,2330,2285,2314,-7,-0.301594,900,OK
2026-03-19,4124,大阪油化工業,スタンダード（内国株式）,化学,2601,2619,2560,2563,-33,-1.271186,15100,OK
2026-03-19,4125,三和油化工業,スタンダード（内国株式）,化学,3160,3200,3010,3055,-165,-5.124224,34300,OK
2026-03-19,414A,オーバーラップホールディングス,グロース（内国株式）,情報･通信業,1000,1004,974,978,-38,-3.740157,209200,OK
2026-03-19,4151,協和キリン,プライム（内国株式）,医薬品,2365,2382,2344.5,2348,-67,-2.774327,1646100,OK
2026-03-19,415A,ＧＭＯ　ＴＥＣＨホールディングス,グロース（内国株式）,サービス業,5340,5340,5110,5110,-180,-3.402647,2100,OK
2026-03-19,4165,プレイド,グロース（内国株式）,情報･通信業,601,637,594,602,-8,-1.311475,314000,OK
2026-03-19,4166,かっこ,グロース（内国株式）,情報･通信業,698,724,698,715,2,0.280505,4800,OK
2026-03-19,4167,ココペリ,グロース（内国株式）,情報･通信業,276,285,275,278,-1,-0.358423,22900,OK
2026-03-19,4168,ヤプリ,グロース（内国株式）,情報･通信業,704,709,683,686,-33,-4.589708,144600,OK
2026-03-19,4169,ＥＮＥＣＨＡＮＧＥ,グロース（内国株式）,情報･通信業,257,299,253,257,2,0.784314,7163700,OK
2026-03-19,416A,富士ユナイトホールディングス,スタンダード（内国株式）,卸売業,1229,1239,1223,1224,-16,-1.290323,13000,OK
2026-03-19,4170,Ｋａｉｚｅｎ　Ｐｌａｔｆｏｒｍ,グロース（内国株式）,情報･通信業,166,170,161,162,-6,-3.571429,146900,OK
2026-03-19,4171,グローバルインフォメーション,スタンダード（内国株式）,情報･通信業,1356,1374,1353,1374,-2,-0.145349,900,OK
2026-03-19,4172,Ｈｉクラテス,スタンダード（内国株式）,情報･通信業,2399,2399,2370,2388,-12,-0.5,1100,OK
2026-03-19,4174,アピリッツ,スタンダード（内国株式）,情報･通信業,624,629,623,623,-6,-0.953895,4000,OK
2026-03-19,4175,ｃｏｌｙ,グロース（内国株式）,情報･通信業,1966,1983,1931,1983,13,0.659898,22800,OK
2026-03-19,4176,ココナラ,グロース（内国株式）,情報･通信業,281,283,274,275,-12,-4.181185,283700,OK
2026-03-19,4177,ｉ‐ｐｌｕｇ,グロース（内国株式）,情報･通信業,1657,1690,1657,1663,-4,-0.239952,10100,OK
2026-03-19,4178,Ｓｈａｒｉｎｇ　Ｉｎｎｏｖａｔｉｏｎｓ,グロース（内国株式）,情報･通信業,556,563,555,563,7,1.258993,500,OK
2026-03-19,4179,ジーネクスト,グロース（内国株式）,情報･通信業,297,302,294,294,-2,-0.675676,12700,OK
2026-03-19,417A,ブルーゾーンホールディングス,プライム（内国株式）,小売業,9200,9232,9045,9045,-223,-2.406129,77300,OK
2026-03-19,4180,Ａｐｐｉｅｒ　Ｇｒｏｕｐ,プライム（内国株式）,情報･通信業,722,731,712,717,-33,-4.4,1776600,OK
2026-03-19,4182,三菱瓦斯化学,プライム（内国株式）,化学,4050,4073,3971,3973,-274,-6.451613,1370000,OK
2026-03-19,4183,三井化学,プライム（内国株式）,化学,1971,1977.5,1917.5,1931,-54.5,-2.744901,5130100,OK
2026-03-19,4186,東京応化工業,プライム（内国株式）,化学,8348,8361,8155,8269,-377,-4.360398,1272200,OK
2026-03-19,4187,大阪有機化学工業,プライム（内国株式）,化学,3920,3920,3800,3800,-270,-6.633907,107500,OK
2026-03-19,4188,三菱ケミカルグループ,プライム（内国株式）,化学,913.6,918.1,903.2,907.2,-47.9,-5.015182,11686900,OK
2026-03-19,4189,ＫＨネオケム,プライム（内国株式）,化学,2831,2851,2772,2777,-137,-4.701441,174800,OK
2026-03-19,4192,スパイダープラス,グロース（内国株式）,情報･通信業,255,255,248,251,-9,-3.461538,175400,OK
2026-03-19,4193,ファブリカホールディングス,スタンダード（内国株式）,情報･通信業,2187,2208,2187,2205,22,1.007787,13400,OK
2026-03-19,4194,ビジョナル,プライム（内国株式）,情報･通信業,6860,7125,6859,6925,91,1.331577,501000,OK
2026-03-19,4196,ネオマーケティング,スタンダード（内国株式）,情報･通信業,1408,1428,1408,1428,0,0,1400,OK
2026-03-19,4197,アスマーク,スタンダード（内国株式）,情報･通信業,2350,2364,2350,2364,4,0.169492,300,OK
2026-03-19,4198,テンダ,スタンダード（内国株式）,情報･通信業,541,546,536,536,-8,-1.470588,5500,OK
2026-03-19,4199,ワンダープラネット,グロース（内国株式）,情報･通信業,999,1047,974,998,-11,-1.090188,49100,OK
2026-03-19,419A,ラングローブ,TOKYO PRO MARKET（内国株式）,小売業,,,,,,,,NO_QUOTE
2026-03-19,4202,ダイセル,プライム（内国株式）,化学,1389.5,1389.5,1351.5,1352.5,-59,-4.17995,1634800,OK
2026-03-19,4203,住友ベークライト,プライム（内国株式）,化学,5255,5261,5093,5093,-346,-6.361464,407700,OK
2026-03-19,4204,積水化学工業,プライム（内国株式）,化学,2716,2733,2670,2670,-105,-3.783784,2956200,OK
2026-03-19,4205,日本ゼオン,プライム（内国株式）,化学,1830,1847.5,1815,1815.5,-81.5,-4.296257,1048500,OK
2026-03-19,4206,アイカ工業,プライム（内国株式）,化学,3672,3691,3637,3642,-100,-2.672368,821100,OK
2026-03-19,4208,ＵＢＥ,プライム（内国株式）,化学,2551,2560,2485.5,2485.5,-114.5,-4.403846,964400,OK
2026-03-19,4212,積水樹脂,プライム（内国株式）,化学,2300,2305,2243,2243,-100,-4.268032,106500,OK
2026-03-19,4216,旭有機材,プライム（内国株式）,化学,5840,5900,5800,5800,-140,-2.356902,67000,OK
2026-03-19,4218,ニチバン,プライム（内国株式）,化学,1905,1907,1896,1896,-16,-0.83682,23500,OK
2026-03-19,421A,ムービン・ストラテジック・キャリア,グロース（内国株式）,サービス業,2136,2181,2072,2087,-114,-5.179464,61000,OK
2026-03-19,4220,リケンテクノス,プライム（内国株式）,化学,1740,1740,1702,1702,-77,-4.328274,152800,OK
2026-03-19,4221,大倉工業,プライム（内国株式）,化学,4735,4745,4685,4685,-120,-2.497399,46500,OK
2026-03-19,4222,児玉化学工業,スタンダード（内国株式）,化学,1066,1110,1028,1036,-60,-5.474453,518300,OK
2026-03-19,4224,ロンシール工業,スタンダード（内国株式）,化学,2025,2030,1993,1999,-51,-2.487805,36800,OK
2026-03-19,4228,積水化成品工業,プライム（内国株式）,化学,464,464,444,447,-33,-6.875,298000,OK
2026-03-19,4229,群栄化学工業,プライム（内国株式）,化学,5150,5170,4980,4985,-305,-5.765595,34900,OK
2026-03-19,422A,ｔａｎｅ　ＣＲＥＡＴＩＶＥ,TOKYO PRO MARKET（内国株式）,情報･通信業,,,,,,,,NO_QUOTE
2026-03-19,4231,タイガースポリマー,スタンダード（内国株式）,化学,1114,1114,1073,1073,-46,-4.110813,35700,OK
2026-03-19,4234,サンエー化研,スタンダード（内国株式）,化学,778,778,765,766,-19,-2.420382,13000,OK
2026-03-19,4235,ウルトラファブリックス・ホールディングス,スタンダード（内国株式）,化学,673,673,663,665,-17,-2.492669,37200,OK
2026-03-19,4237,フジプレアム,スタンダード（内国株式）,化学,420,424,413,415,-13,-3.037383,121600,OK
2026-03-19,4238,ミライアル,スタンダード（内国株式）,化学,1188,1188,1160,1176,-23,-1.918265,28500,OK
2026-03-19,423A,ライオン事務器,スタンダード（内国株式）,卸売業,332,334,325,328,-7,-2.089552,62500,OK
2026-03-19,4240,クラスターテクノロジー,スタンダード（内国株式）,化学,409,409,391,398,-24,-5.687204,37300,OK
2026-03-19,4241,アテクト,スタンダード（内国株式）,化学,740,740,708,714,-32,-4.289544,35700,OK
2026-03-19,4242,タカギセイコー,スタンダード（内国株式）,化学,1933,1933,1910,1930,-43,-2.179422,7900,OK
2026-03-19,4243,ニックス,スタンダード（内国株式）,化学,870,875,860,860,-10,-1.149425,3000,OK
2026-03-19,4245,ダイキアクシス,スタンダード（内国株式）,化学,720,722,705,709,-16,-2.206897,38000,OK
2026-03-19,4246,ダイキョーニシカワ,プライム（内国株式）,化学,880,880,865,868,-27,-3.01676,500400,OK
2026-03-19,4247,ポバール興業,スタンダード（内国株式）,化学,1432,1432,1429,1429,-1,-0.06993,700,OK
2026-03-19,4248,竹本容器,スタンダード（内国株式）,化学,874,877,870,877,3,0.343249,7600,OK
2026-03-19,4249,森六,プライム（内国株式）,化学,2432,2459,2405,2459,-9,-0.364668,30400,OK
2026-03-19,4251,恵和,プライム（内国株式）,化学,1300,1308,1270,1270,-59,-4.439428,67900,OK
2026-03-19,4255,ＴＨＥＣＯＯ,グロース（内国株式）,情報･通信業,1961,1961,1957,1957,-4,-0.203978,400,OK
2026-03-19,4256,サインド,グロース（内国株式）,情報･通信業,1320,1320,1294,1309,-11,-0.833333,23400,OK
2026-03-19,4258,網屋,グロース（内国株式）,情報･通信業,3010,3045,2930,2946,-154,-4.967742,65900,OK
2026-03-19,4259,エクサウィザーズ,グロース（内国株式）,情報･通信業,643,645,623,626,-36,-5.438066,1588900,OK
2026-03-19,4260,ハイブリッドテクノロジーズ,グロース（内国株式）,情報･通信業,277,278,271,275,-2,-0.722022,7900,OK
2026-03-19,4261,アジアクエスト,グロース（内国株式）,情報･通信業,3580,3630,3555,3575,-75,-2.054795,9000,OK
2026-03-19,4262,ニフティライフスタイル,グロース（内国株式）,情報･通信業,1424,1430,1411,1425,5,0.352113,15300,OK
2026-03-19,4263,サスメド,グロース（内国株式）,情報･通信業,984,996,953,960,-54,-5.325444,171200,OK
2026-03-19,4264,セキュア,グロース（内国株式）,情報･通信業,1800,1802,1753,1753,-66,-3.628367,10700,OK
2026-03-19,4265,Ｉｎｓｔｉｔｕｔｉｏｎ　ｆｏｒ　ａ　Ｇｌｏｂａｌ　Ｓｏｃｉｅｔｙ,グロース（内国株式）,情報･通信業,428,475,413,435,-25,-5.434783,1929300,OK
2026-03-19,4270,ＢｅｅＸ,グロース（内国株式）,情報･通信業,2014,2018,1930,1945,-84,-4.13997,18900,OK
2026-03-19,4272,日本化薬,プライム（内国株式）,化学,1805,1810,1790,1790.5,-53.5,-2.901302,728700,OK
2026-03-19,4274,細谷火工,スタンダード（内国株式）,化学,1443,1443,1383,1400,-65,-4.43686,85200,OK
2026-03-19,4275,カーリット,プライム（内国株式）,化学,2684,2699,2548,2574,-210,-7.543103,409100,OK
2026-03-19,4284,ソルクシーズ,スタンダード（内国株式）,情報･通信業,463,463,452,452,-14,-3.004292,72800,OK
2026-03-19,4286,ＣＬホールディングス,スタンダード（内国株式）,サービス業,1062,1062,1016,1016,-61,-5.663881,13000,OK
2026-03-19,4287,ジャストプランニング,スタンダード（内国株式）,情報･通信業,471,495,471,475,1,0.21097,45500,OK
2026-03-19,4288,アズジェント,スタンダード（内国株式）,情報･通信業,568,577,560,564,-14,-2.422145,13600,OK
2026-03-19,428A,サイプレス・ホールディングス,スタンダード（内国株式）,小売業,823,830,810,810,-21,-2.527076,13200,OK
2026-03-19,4290,プレステージ・インターナショナル,プライム（内国株式）,サービス業,680,691,677,677,-11,-1.598837,204400,OK
2026-03-19,4293,セプテーニ・ホールディングス,スタンダード（内国株式）,サービス業,415,421,409,411,-10,-2.375297,1308500,OK
2026-03-19,4299,ハイマックス,スタンダード（内国株式）,情報･通信業,1333,1333,1319,1320,-19,-1.418969,9600,OK
2026-03-19,429A,テクセンドフォトマスク,プライム（内国株式）,その他製品,3090,3150,3035,3035,-65,-2.096774,574800,OK
2026-03-19,4301,アミューズ,プライム（内国株式）,サービス業,2017,2022,2003,2003,-25,-1.232742,38000,OK
2026-03-19,4307,野村総合研究所,プライム（内国株式）,情報･通信業,4366,4389,4274,4290,-11,-0.255754,3911600,OK
2026-03-19,4308,Ｊストリーム,グロース（内国株式）,情報･通信業,382,382,376,377,-5,-1.308901,37400,OK
2026-03-19,430A,ネクストハンズ,TOKYO PRO MARKET（内国株式）,情報･通信業,,,,,,,,NO_QUOTE
2026-03-19,4310,ドリームインキュベータ,プライム（内国株式）,サービス業,2960,2975,2921,2921,-63,-2.11126,31900,OK
2026-03-19,4316,ビーマップ,グロース（内国株式）,情報･通信業,1090,1098,1063,1065,-55,-4.910714,97000,OK
2026-03-19,4317,レイ,スタンダード（内国株式）,サービス業,655,661,641,642,-21,-3.167421,14000,OK
2026-03-19,4318,クイック,プライム（内国株式）,サービス業,877,878,867,869,-14,-1.585504,185400,OK
2026-03-19,431A,ユーソナー,グロース（内国株式）,情報･通信業,1783,1818,1713,1713,-110,-6.03401,56900,OK
2026-03-19,4320,ＣＥホールディングス,スタンダード（内国株式）,情報･通信業,1191,1207,1174,1196,-17,-1.401484,34400,OK
2026-03-19,4323,日本システム技術,プライム（内国株式）,情報･通信業,2059,2076,2033,2046,-9,-0.437956,57700,OK
2026-03-19,4324,電通グループ,プライム（内国株式）,サービス業,2785,2847.5,2770,2770,-83.5,-2.926231,2738500,OK
2026-03-19,4326,インテージホールディングス,プライム（内国株式）,情報･通信業,1696,1704,1681,1681,-32,-1.868068,89500,OK
2026-03-19,432A,クリニファー,TOKYO PRO MARKET（内国株式）,卸売業,,,,,,,,NO_QUOTE
2026-03-19,4331,テイクアンドギヴ・ニーズ,プライム（内国株式）,サービス業,708,708,700,700,-10,-1.408451,38200,OK
2026-03-19,4333,東邦システムサイエンス,プライム（内国株式）,情報･通信業,1186,1196,1178,1184,-13,-1.086048,21000,OK
2026-03-19,4334,ユークス,スタンダード（内国株式）,情報･通信業,400,400,392,392,-5,-1.259446,13600,OK
2026-03-19,4335,ＩＰＳホールディングス,スタンダード（内国株式）,情報･通信業,1226,1237,1226,1227,1,0.081566,1100,OK
2026-03-19,4337,ぴあ,プライム（内国株式）,サービス業,3095,3140,3030,3030,-75,-2.415459,35900,OK
2026-03-19,433A,ＭＪＥ,TOKYO PRO MARKET（内国株式）,卸売業,,,,,,,,NO_QUOTE
2026-03-19,4341,西菱電機,スタンダード（内国株式）,サービス業,1001,1011,833,858,-170,-16.536965,315900,OK
2026-03-19,4343,イオンファンタジー,プライム（内国株式）,サービス業,2450,2457,2402,2402,-77,-3.106091,76400,OK
2026-03-19,4344,ソースネクスト,プライム（内国株式）,情報･通信業,125,127,123,123,-3,-2.380952,3752200,OK
2026-03-19,4345,シーティーエス,プライム（内国株式）,サービス業,925,931,912,916,-21,-2.241195,45200,OK
2026-03-19,4346,ＮＥＸＹＺ．Ｇｒｏｕｐ,スタンダード（内国株式）,その他金融業,760,769,745,760,-2,-0.262467,63500,OK
2026-03-19,4347,ブロードメディア,スタンダード（内国株式）,サービス業,2154,2186,2151,2170,-4,-0.183993,44900,OK
2026-03-19,434A,ＬＯＯＰＬＡＣＥ,TOKYO PRO MARKET（内国株式）,不動産業,,,,,,,,NO_QUOTE
2026-03-19,4350,メディカルシステムネットワーク,スタンダード（内国株式）,小売業,517,522,513,514,-5,-0.963391,48700,OK
2026-03-19,4351,山田再生系債権回収総合事務所,スタンダード（内国株式）,その他金融業,859,859,847,856,5,0.587544,2100,OK
2026-03-19,4356,応用技術,スタンダード（内国株式）,情報･通信業,1751,1764,1750,1761,3,0.170648,800,OK
2026-03-19,4360,マナック・ケミカル・パートナーズ,スタンダード（内国株式）,化学,1034,1034,980,994,-68,-6.403013,62200,OK
2026-03-19,4361,川口化学工業,スタンダード（内国株式）,化学,1511,1511,1499,1499,-30,-1.962067,4000,OK
2026-03-19,4362,日本精化,プライム（内国株式）,化学,2551,2564,2503,2505,-106,-4.059747,53800,OK
2026-03-19,4365,松本油脂製薬,スタンダード（内国株式）,化学,,,,,,,,NO_QUOTE
2026-03-19,4366,ダイトーケミックス,スタンダード（内国株式）,化学,432,440,411,414,-41,-9.010989,265800,OK
2026-03-19,4367,広栄化学,スタンダード（内国株式）,化学,2274,2274,2252,2252,-23,-1.010989,1800,OK
2026-03-19,4368,扶桑化学工業,プライム（内国株式）,化学,8890,8930,8650,8730,-560,-6.027987,194600,OK
2026-03-19,4369,トリケミカル研究所,プライム（内国株式）,化学,2695,2710,2641,2642,-115,-4.171201,794000,OK
2026-03-19,436A,サイバーソリューションズ,グロース（内国株式）,情報･通信業,1043,1053,1010,1012,-45,-4.257332,56800,OK
2026-03-19,4370,モビルス,グロース（内国株式）,情報･通信業,388,388,377,378,-10,-2.57732,2200,OK
2026-03-19,4371,コアコンセプト・テクノロジー,グロース（内国株式）,情報･通信業,1003,1013,984,985,-33,-3.24165,55800,OK
2026-03-19,4372,ユミルリンク,グロース（内国株式）,情報･通信業,1248,1248,1201,1201,-52,-4.15004,10900,OK
2026-03-19,4373,シンプレクス・ホールディングス,プライム（内国株式）,情報･通信業,831,839,823,823,-23,-2.718676,896400,OK
2026-03-19,4374,ＲＯＢＯＴ　ＰＡＹＭＥＮＴ,グロース（内国株式）,情報･通信業,2610,2645,2562,2641,31,1.187739,16400,OK
2026-03-19,4375,セーフィー,グロース（内国株式）,情報･通信業,794,804,768,771,-39,-4.814815,302000,OK
2026-03-19,4376,くふうカンパニーホールディングス,グロース（内国株式）,情報･通信業,157,158,156,157,-3,-1.875,11800,OK
2026-03-19,4377,ワンキャリア,グロース（内国株式）,情報･通信業,1887,1910,1827,1832,-79,-4.133961,68400,OK
2026-03-19,4378,ＣＩＮＣ,グロース（内国株式）,情報･通信業,476,476,476,476,3,0.634249,200,OK
2026-03-19,4379,Ｐｈｏｔｏｓｙｎｔｈ,グロース（内国株式）,情報･通信業,476,479,443,444,-43,-8.829569,248600,OK
2026-03-19,437A,ジェイウェイブ,TOKYO PRO MARKET（内国株式）,サービス業,,,,,,,,NO_QUOTE
2026-03-19,4380,Ｍマート,グロース（内国株式）,情報･通信業,1260,1260,1215,1215,-34,-2.722178,26700,OK
2026-03-19,4381,ビープラッツ,グロース（内国株式）,情報･通信業,575,580,569,578,-5,-0.857633,15300,OK
2026-03-19,4382,ＨＥＲＯＺ,スタンダード（内国株式）,情報･通信業,861,861,813,822,-39,-4.529617,95200,OK
2026-03-19,4384,ラクスル,プライム（内国株式）,情報･通信業,1888,1889,1887,1887,0,0,105500,OK
2026-03-19,4385,メルカリ,プライム（内国株式）,情報･通信業,3503,3536,3475,3496,-64,-1.797753,1230000,OK
2026-03-19,4386,ＳＩＧグループ,スタンダード（内国株式）,情報･通信業,978,981,970,975,-3,-0.306748,8800,OK
2026-03-19,4387,ＺＵＵ,グロース（内国株式）,情報･通信業,671,671,670,670,0,0,700,OK
2026-03-19,4388,エーアイ,スタンダード（内国株式）,情報･通信業,402,408,399,400,-3,-0.744417,18100,OK
2026-03-19,4389,プロパティデータバンク,グロース（内国株式）,情報･通信業,852,853,809,809,-34,-4.033215,6800,OK
2026-03-19,438A,インフキュリオン,グロース（内国株式）,情報･通信業,780,780,761,764,-41,-5.093168,258200,OK
2026-03-19,4390,アイ・ピー・エス,プライム（内国株式）,情報･通信業,3195,3230,3075,3075,-190,-5.819296,78700,OK
2026-03-19,4391,ロジザード,グロース（内国株式）,情報･通信業,1070,1086,1067,1081,0,0,2100,OK
2026-03-19,4392,ＦＩＧ,プライム（内国株式）,情報･通信業,320,320,308,308,-18,-5.521472,194700,OK
2026-03-19,4393,バンク・オブ・イノベーション,グロース（内国株式）,情報･通信業,5210,5210,5040,5040,-270,-5.084746,30100,OK
2026-03-19,4394,エクスモーション,グロース（内国株式）,情報･通信業,772,776,772,776,-2,-0.257069,200,OK
2026-03-19,4395,アクリート,グロース（内国株式）,情報･通信業,1176,1181,1130,1136,-70,-5.804312,84000,OK
2026-03-19,4396,システムサポートホールディングス,プライム（内国株式）,情報･通信業,1136,1136,1092,1098,-60,-5.181347,115300,OK
2026-03-19,4397,チームスピリット,グロース（内国株式）,情報･通信業,424,424,410,411,-15,-3.521127,28700,OK
2026-03-19,4398,ブロードバンドセキュリティ,スタンダード（内国株式）,情報･通信業,1280,1280,1267,1278,-7,-0.544747,3300,OK
2026-03-19,439A,アクトビ,TOKYO PRO MARKET（内国株式）,情報･通信業,,,,,,,,NO_QUOTE
2026-03-19,4401,ＡＤＥＫＡ,プライム（内国株式）,化学,4010,4016,3889,3900,-217,-5.270828,634300,OK
2026-03-19,4403,日油,プライム（内国株式）,化学,2988.5,2994.5,2919,2919,-131,-4.295082,671600,OK
2026-03-19,4404,ミヨシ油脂,スタンダード（内国株式）,食料品,2267,2267,2216,2216,-65,-2.849627,39100,OK
2026-03-19,4406,新日本理化,スタンダード（内国株式）,化学,213,213,208,210,-5,-2.325581,181800,OK
2026-03-19,4409,東邦化学工業,スタンダード（内国株式）,化学,787,788,780,780,-5,-0.636943,6600,OK
2026-03-19,4410,ハリマ化成グループ,プライム（内国株式）,化学,968,968,940,940,-40,-4.081633,89600,OK
2026-03-19,4412,サイエンスアーツ,グロース（内国株式）,情報･通信業,2060,2060,1971,1994,-101,-4.821002,62300,OK
2026-03-19,4413,ボードルア,プライム（内国株式）,情報･通信業,1963,1996,1947,1947,-53,-2.65,185900,OK
2026-03-19,4414,フレクト,グロース（内国株式）,情報･通信業,1056,1076,1032,1034,-52,-4.788214,82400,OK
2026-03-19,4415,ブロードエンタープライズ,グロース（内国株式）,情報･通信業,1294,1296,1254,1265,-57,-4.311649,10200,OK
2026-03-19,4416,Ｔｒｕｅ　Ｄａｔａ,グロース（内国株式）,情報･通信業,517,521,504,517,-9,-1.711027,12200,OK
2026-03-19,4417,グローバルセキュリティエキスパート,グロース（内国株式）,情報･通信業,2450,2500,2381,2459,-46,-1.836327,80800,OK
2026-03-19,4418,ＪＤＳＣ,グロース（内国株式）,情報･通信業,859,861,813,815,-59,-6.750572,124400,OK
2026-03-19,4419,Ｆｉｎａｔｅｘｔホールディングス,グロース（内国株式）,情報･通信業,925,965,921,951,17,1.820128,477100,OK
2026-03-19,441A,ＮＥ,グロース（内国株式）,情報･通信業,640,653,627,653,3,0.461538,47200,OK
2026-03-19,4420,イーソル,スタンダード（内国株式）,情報･通信業,565,565,540,540,-32,-5.594406,61400,OK
2026-03-19,4421,ディ・アイ・システム,スタンダード（内国株式）,情報･通信業,921,936,921,927,2,0.216216,800,OK
2026-03-19,4422,ＶＡＬＵＥＮＥＸ,グロース（内国株式）,情報･通信業,555,558,460,475,-40,-7.76699,1288400,OK
2026-03-19,4424,Ａｍａｚｉａ,グロース（内国株式）,情報･通信業,260,260,252,254,-5,-1.930502,12400,OK
2026-03-19,4425,Ｋｕｄａｎ,グロース（内国株式）,情報･通信業,2030,2039,1967,2000,-81,-3.892359,195900,OK
2026-03-19,4426,パスロジ,TOKYO PRO MARKET（内国株式）,情報･通信業,,,,,,,,NO_QUOTE
2026-03-19,4427,ＥｄｕＬａｂ,グロース（内国株式）,情報･通信業,197,277,197,243,43,21.5,3229800,OK
2026-03-19,4428,シノプス,グロース（内国株式）,情報･通信業,683,683,668,670,-13,-1.903367,15400,OK
2026-03-19,4429,リックソフト,グロース（内国株式）,情報･通信業,947,950,947,948,-4,-0.420168,1200,OK
2026-03-19,442A,クラシコ,グロース（内国株式）,繊維製品,1410,1439,1405,1413,-7,-0.492958,4600,OK
2026-03-19,4430,東海ソフト,スタンダード（内国株式）,情報･通信業,1813,1813,1787,1795,-24,-1.319406,14400,OK
2026-03-19,4431,スマレジ,グロース（内国株式）,情報･通信業,2072,2091,2005,2030,-92,-4.335533,384500,OK
2026-03-19,4432,ウイングアーク１ｓｔ,プライム（内国株式）,情報･通信業,2600,2652,2584,2584,-39,-1.486847,134600,OK
2026-03-19,4433,ヒト・コミュニケーションズ・ホールディングス,プライム（内国株式）,情報･通信業,927,928,910,910,-25,-2.673797,36000,OK
2026-03-19,4434,サーバーワークス,スタンダード（内国株式）,情報･通信業,2045,2067,1987,1990,-70,-3.398058,23300,OK
2026-03-19,4436,ミンカブ・ジ・インフォノイド,グロース（内国株式）,情報･通信業,429,429,419,420,-15,-3.448276,63400,OK
2026-03-19,4437,ｇｏｏｄｄａｙｓホールディングス,グロース（内国株式）,情報･通信業,816,819,800,819,14,1.73913,7200,OK
2026-03-19,4438,Ｗｅｌｂｙ,グロース（内国株式）,情報･通信業,353,363,349,352,-16,-4.347826,71000,OK
2026-03-19,4439,東名,スタンダード（内国株式）,情報･通信業,958,960,947,958,-6,-0.622407,30100,OK
2026-03-19,4440,ヴィッツ,スタンダード（内国株式）,情報･通信業,1537,1562,1512,1514,-63,-3.994927,17300,OK
2026-03-19,4441,トビラシステムズ,スタンダード（内国株式）,情報･通信業,1432,1432,1384,1417,-3,-0.211268,41500,OK
2026-03-19,4442,バルテス・ホールディングス,グロース（内国株式）,情報･通信業,443,445,442,445,1,0.225225,61500,OK
2026-03-19,4443,Ｓａｎｓａｎ,プライム（内国株式）,情報･通信業,1116,1130,1100,1112,-31,-2.712161,1762100,OK
2026-03-19,4444,インフォネット,グロース（内国株式）,情報･通信業,920,920,905,905,-2,-0.220507,2400,OK
2026-03-19,4445,リビン・テクノロジーズ,グロース（内国株式）,情報･通信業,3885,3885,3840,3840,25,0.655308,1600,OK
2026-03-19,4446,Ｌｉｎｋ−Ｕグループ,プライム（内国株式）,情報･通信業,888,895,870,876,-4,-0.454545,208100,OK
2026-03-19,4447,ピー・ビーシステムズ,グロース（内国株式）,情報･通信業,479,479,473,473,-2,-0.421053,5200,OK
2026-03-19,4448,ｋｕｂｅｌｌ,グロース（内国株式）,情報･通信業,288,288,276,278,-14,-4.794521,170700,OK
2026-03-19,4449,ギフティ,プライム（内国株式）,情報･通信業,1082,1120,1077,1081,-28,-2.524797,416400,OK
2026-03-19,444A,アイテル,TOKYO PRO MARKET（内国株式）,卸売業,,,,,,,,NO_QUOTE
2026-03-19,4450,パワーソリューションズ,グロース（内国株式）,情報･通信業,2235,2235,2191,2230,40,1.826484,3500,OK
2026-03-19,4452,花王,プライム（内国株式）,化学,6163,6191,6017,6017,-263,-4.187898,3240900,OK
2026-03-19,445A,東洋コーポレーション,TOKYO PRO MARKET（内国株式）,不動産業,,,,,,,,NO_QUOTE
2026-03-19,4461,第一工業製薬,プライム（内国株式）,化学,8370,8370,7970,8100,-590,-6.789413,349100,OK
2026-03-19,4462,石原ケミカル,プライム（内国株式）,化学,2535,2545,2474,2478,-107,-4.139265,27500,OK
2026-03-19,4463,日華化学,スタンダード（内国株式）,化学,1721,1721,1675,1681,-54,-3.112392,17900,OK
2026-03-19,4464,ソフト９９コーポレーション,スタンダード（内国株式）,化学,,,,,,,,NO_QUOTE
2026-03-19,4465,ニイタカ,スタンダード（内国株式）,化学,2358,2358,2325,2325,-43,-1.815878,11000,OK
2026-03-19,446A,ノースサンド,グロース（内国株式）,サービス業,1437,1472,1350,1359,-98,-6.72615,1069200,OK
2026-03-19,4471,三洋化成工業,プライム（内国株式）,化学,5300,5300,5140,5200,-200,-3.703704,88000,OK
2026-03-19,4475,ＨＥＮＮＧＥ,グロース（内国株式）,情報･通信業,969,982,958,962,-11,-1.130524,372400,OK
2026-03-19,4476,ＡＩ　ＣＲＯＳＳ,グロース（内国株式）,情報･通信業,974,984,964,964,-12,-1.229508,51700,OK
2026-03-19,4477,ＢＡＳＥ,グロース（内国株式）,情報･通信業,295,298,288,288,-12,-4,1085800,OK
2026-03-19,4478,フリー,グロース（内国株式）,情報･通信業,2080,2094,2017,2028,-70,-3.336511,275600,OK
2026-03-19,4479,マクアケ,グロース（内国株式）,情報･通信業,1196,1199,1160,1168,-36,-2.990033,42300,OK
2026-03-19,4480,メドレー,プライム（内国株式）,情報･通信業,1731,1799,1725,1747,-90,-4.899292,859600,OK
2026-03-19,4481,ベース,プライム（内国株式）,情報･通信業,3250,3260,3170,3170,-115,-3.500761,166700,OK
2026-03-19,4482,ウィルズ,グロース（内国株式）,情報･通信業,715,719,709,709,-13,-1.800554,11000,OK
2026-03-19,4483,ＪＭＤＣ,プライム（内国株式）,情報･通信業,3340,3415,3270,3275,-65,-1.946108,504000,OK
2026-03-19,4484,ランサーズ,グロース（内国株式）,情報･通信業,304,308,304,307,1,0.326797,37900,OK
2026-03-19,4486,ユナイトアンドグロウ,グロース（内国株式）,情報･通信業,635,643,617,617,-25,-3.894081,35800,OK
2026-03-19,4487,スペースマーケット,グロース（内国株式）,情報･通信業,293,302,293,298,-1,-0.334448,11000,OK
2026-03-19,4488,ＡＩ　ｉｎｓｉｄｅ,グロース（内国株式）,情報･通信業,2278,2287,2244,2250,-50,-2.173913,7100,OK
2026-03-19,4490,ビザスク,グロース（内国株式）,情報･通信業,520,539,520,523,3,0.576923,9400,OK
2026-03-19,4491,コンピューターマネージメント,スタンダード（内国株式）,情報･通信業,3000,3025,2966,2996,-9,-0.299501,1700,OK
2026-03-19,4492,ゼネテック,スタンダード（内国株式）,情報･通信業,490,494,484,486,-11,-2.21328,14900,OK
2026-03-19,4493,サイバーセキュリティクラウド,グロース（内国株式）,情報･通信業,1727,1767,1716,1716,-49,-2.776204,172800,OK
2026-03-19,4494,バリオセキュア,スタンダード（内国株式）,情報･通信業,725,733,725,730,-3,-0.409277,1100,OK
2026-03-19,4495,アイキューブドシステムズ,グロース（内国株式）,情報･通信業,2228,2228,2183,2200,-78,-3.424056,18200,OK
2026-03-19,4496,コマースＯｎｅホールディングス,グロース（内国株式）,情報･通信業,767,775,766,772,-4,-0.515464,1100,OK
2026-03-19,4498,サイバートラスト,グロース（内国株式）,情報･通信業,1222,1230,1193,1198,-49,-3.929431,39600,OK
2026-03-19,4499,Ｓｐｅｅｅ,スタンダード（内国株式）,情報･通信業,2741,2767,2573,2632,-159,-5.696883,233800,OK
2026-03-19,4502,武田薬品工業,プライム（内国株式）,医薬品,5752,5813,5750,5768,-102,-1.737649,7029100,OK
2026-03-19,4503,アステラス製薬,プライム（内国株式）,医薬品,2375.5,2403.5,2369.5,2382,-64.5,-2.636419,8499600,OK
2026-03-19,4506,住友ファーマ,プライム（内国株式）,医薬品,1846.5,1924,1832,1854.5,-32,-1.696263,7136500,OK
2026-03-19,4507,塩野義製薬,プライム（内国株式）,医薬品,3406,3431,3346,3367,-142,-4.046737,4682500,OK
2026-03-19,4512,わかもと製薬,スタンダード（内国株式）,医薬品,353,358,349,349,-4,-1.133144,159800,OK
2026-03-19,4516,日本新薬,プライム（内国株式）,医薬品,5090,5139,5012,5013,-208,-3.983911,509500,OK
2026-03-19,4519,中外製薬,プライム（内国株式）,医薬品,8836,8865,8609,8650,-336,-3.73915,3153700,OK
2026-03-19,4521,科研製薬,プライム（内国株式）,医薬品,4260,4280,4220,4220,-75,-1.746217,229700,OK
2026-03-19,4523,エーザイ,プライム（内国株式）,医薬品,4832,4873,4764,4764,-181,-3.660263,1416500,OK
2026-03-19,4524,森下仁丹,スタンダード（内国株式）,医薬品,2329,2329,2295,2299,-27,-1.160791,4500,OK
2026-03-19,4526,理研ビタミン,プライム（内国株式）,食料品,2895,2900,2875,2875,-43,-1.473612,145100,OK
2026-03-19,4527,ロート製薬,プライム（内国株式）,医薬品,2359.5,2403,2358.5,2361.5,-28.5,-1.192469,1186200,OK
2026-03-19,4528,小野薬品工業,プライム（内国株式）,医薬品,2351,2396.5,2348.5,2349.5,-61,-2.530595,6153800,OK
2026-03-19,4530,久光製薬,プライム（内国株式）,医薬品,6042,6050,6039,6039,-11,-0.181818,122400,OK
2026-03-19,4531,有機合成薬品工業,スタンダード（内国株式）,化学,425,428,416,416,-14,-3.255814,94600,OK
2026-03-19,4534,持田製薬,プライム（内国株式）,医薬品,3510,3590,3510,3575,-25,-0.694444,66100,OK
2026-03-19,4536,参天製薬,プライム（内国株式）,医薬品,1686,1704,1679,1686.5,-3.5,-0.207101,1513200,OK
2026-03-19,4538,扶桑薬品工業,プライム（内国株式）,医薬品,2447,2448,2389,2389,-76,-3.083164,37500,OK
2026-03-19,4539,日本ケミファ,スタンダード（内国株式）,医薬品,1779,1779,1710,1752,-3,-0.17094,2500,OK
2026-03-19,4540,ツムラ,プライム（内国株式）,医薬品,3826,3840,3763,3763,-92,-2.386511,478500,OK
2026-03-19,4543,テルモ,プライム（内国株式）,精密機器,2079.5,2115,2039,2039,-86.5,-4.069631,9729900,OK
2026-03-19,4544,Ｈ．Ｕ．グループホールディングス,プライム（内国株式）,サービス業,3119,3149,3112,3115,-20,-0.637959,282400,OK
2026-03-19,4547,キッセイ薬品工業,プライム（内国株式）,医薬品,4565,4595,4505,4535,-65,-1.413043,183800,OK
2026-03-19,4548,生化学工業,プライム（内国株式）,医薬品,736,741,730,730,-18,-2.406417,137000,OK
2026-03-19,4549,栄研化学,プライム（内国株式）,医薬品,2893,2893,2836,2836,-80,-2.743484,139200,OK
2026-03-19,4552,ＪＣＲファーマ,プライム（内国株式）,医薬品,601,606,596,597,-19,-3.084416,785700,OK
2026-03-19,4553,東和薬品,プライム（内国株式）,医薬品,4020,4045,3970,3975,-145,-3.519417,118100,OK
2026-03-19,4554,富士製薬工業,プライム（内国株式）,医薬品,2213,2252,2208,2237,-26,-1.148917,169000,OK
2026-03-19,4556,カイノス,スタンダード（内国株式）,医薬品,2283,2284,2282,2284,2,0.087642,3000,OK
2026-03-19,4558,中京医薬品,スタンダード（内国株式）,医薬品,204,204,201,202,-2,-0.980392,20300,OK
2026-03-19,4559,ゼリア新薬工業,プライム（内国株式）,医薬品,2123,2137,2111,2111,-33,-1.539179,59700,OK
2026-03-19,455A,バリューソフトホールディングス,TOKYO PRO MARKET（内国株式）,情報･通信業,,,,,,,,NO_QUOTE
2026-03-19,4563,アンジェス,グロース（内国株式）,医薬品,58,58,56,57,0,0,1405600,OK
2026-03-19,4564,オンコセラピー・サイエンス,グロース（内国株式）,医薬品,23,23,22,23,0,0,92380900,OK
2026-03-19,4565,ネクセラファーマ,プライム（内国株式）,医薬品,901,911,878,879,-37,-4.039301,628100,OK
2026-03-19,4568,第一三共,プライム（内国株式）,医薬品,2912,2980.5,2903,2903,-74,-2.485724,10668400,OK
2026-03-19,4569,杏林製薬,プライム（内国株式）,医薬品,1640,1644,1625,1633,-21,-1.269649,94300,OK
2026-03-19,456A,ＨＵＭＡＮ　ＭＡＤＥ,グロース（内国株式）,小売業,4400,4620,4305,4350,20,0.461894,295300,OK
2026-03-19,4570,免疫生物研究所,グロース（内国株式）,医薬品,1450,1452,1395,1398,-76,-5.156038,169800,OK
2026-03-19,4571,ＮＡＮＯホールディングス,グロース（内国株式）,医薬品,167,169,159,160,-12,-6.976744,1353000,OK
2026-03-19,4572,カルナバイオサイエンス,グロース（内国株式）,医薬品,364,366,349,351,-14,-3.835616,205900,OK
2026-03-19,4574,大幸薬品,プライム（内国株式）,医薬品,298,300,294,294,-9,-2.970297,65800,OK
2026-03-19,4575,キャンバス,グロース（内国株式）,医薬品,767,773,748,748,-44,-5.555556,238900,OK
2026-03-19,4576,デ・ウエスタン・セラピテクス研究所,グロース（内国株式）,医薬品,100,101,98,99,-2,-1.980198,607700,OK
2026-03-19,4577,ダイト,プライム（内国株式）,医薬品,1494,1496,1466,1483,-12,-0.802676,165700,OK
2026-03-19,4578,大塚ホールディングス,プライム（内国株式）,医薬品,10845,11000,10680,10720,-400,-3.597122,1844700,OK
2026-03-19,4579,ラクオリア創薬,グロース（内国株式）,医薬品,860,869,824,833,-45,-5.125285,319600,OK
2026-03-19,457A,ルリアン,TOKYO PRO MARKET（内国株式）,サービス業,,,,,,,,NO_QUOTE
2026-03-19,4582,シンバイオ製薬,グロース（内国株式）,医薬品,115,120,114,118,0,0,1907300,OK
2026-03-19,4583,カイオム・バイオサイエンス,グロース（内国株式）,医薬品,110,111,106,107,-5,-4.464286,1004300,OK
2026-03-19,4584,キッズウェル・バイオ,グロース（内国株式）,医薬品,263,263,251,252,-16,-5.970149,760500,OK
2026-03-19,4586,メドレックス,グロース（内国株式）,医薬品,112,113,107,108,-6,-5.263158,1112500,OK
2026-03-19,4587,ペプチドリーム,プライム（内国株式）,医薬品,1267.5,1290,1197.5,1197.5,-130,-9.792844,4365300,OK
2026-03-19,4588,オンコリスバイオファーマ,グロース（内国株式）,医薬品,2281,2443,2215,2246,-143,-5.985768,1620500,OK
2026-03-19,458A,プラン・ドゥ,TOKYO PRO MARKET（内国株式）,不動産業,,,,,,,,NO_QUOTE
2026-03-19,4591,リボミック,グロース（内国株式）,医薬品,105,116,96,99,4,4.210526,20657400,OK
2026-03-19,4592,サンバイオ,グロース（内国株式）,医薬品,2005,2053,1911,1919,-129,-6.298828,1156200,OK
2026-03-19,4593,ヘリオス,グロース（内国株式）,医薬品,404,408,396,397,-22,-5.250597,2374200,OK
2026-03-19,4594,ブライトパス・バイオ,グロース（内国株式）,医薬品,73,77,71,72,-4,-5.263158,5226000,OK
2026-03-19,4595,ミズホメディー,スタンダード（内国株式）,医薬品,1832,1833,1808,1812,-36,-1.948052,60800,OK
2026-03-19,4596,窪田製薬ホールディングス,グロース（内国株式）,医薬品,106,107,102,103,-5,-4.62963,3082000,OK
2026-03-19,4597,ソレイジア・ファーマ,グロース（内国株式）,医薬品,33,33,31,32,0,0,47156400,OK
2026-03-19,4598,Ｄｅｌｔａ−Ｆｌｙ　Ｐｈａｒｍａ,グロース（内国株式）,医薬品,223,224,215,216,-13,-5.676856,419100,OK
2026-03-19,4599,ステムリム,グロース（内国株式）,医薬品,298,301,295,296,-7,-2.310231,74400,OK
2026-03-19,460A,ＢＲＡＮＵ,グロース（内国株式）,情報･通信業,790,803,745,747,-46,-5.800757,41000,OK
2026-03-19,4611,大日本塗料,プライム（内国株式）,化学,1318,1320,1283,1283,-50,-3.750938,281900,OK
2026-03-19,4612,日本ペイントホールディングス,プライム（内国株式）,化学,1006.5,1012,985.7,988.5,-41,-3.982516,7204700,OK
2026-03-19,4613,関西ペイント,プライム（内国株式）,化学,2463,2495.5,2408,2420,-90,-3.585657,2230400,OK
2026-03-19,4615,神東塗料,スタンダード（内国株式）,化学,125,126,125,125,-1,-0.793651,32400,OK
2026-03-19,4616,川上塗料,スタンダード（内国株式）,化学,1880,1880,1877,1877,5,0.267094,200,OK
2026-03-19,4617,中国塗料,プライム（内国株式）,化学,3650,3670,3550,3565,-195,-5.18617,345900,OK
2026-03-19,4619,日本特殊塗料,スタンダード（内国株式）,化学,2340,2344,2291,2291,-63,-2.676296,96100,OK
2026-03-19,4620,藤倉化成,スタンダード（内国株式）,化学,1140,1156,1101,1101,-65,-5.574614,131100,OK
2026-03-19,4623,アサヒペン,スタンダード（内国株式）,化学,1733,1741,1730,1740,-9,-0.51458,1100,OK
2026-03-19,4624,イサム塗料,スタンダード（内国株式）,化学,3860,3860,3820,3820,-75,-1.925546,300,OK
2026-03-19,4625,アトミクス,スタンダード（内国株式）,化学,934,950,903,925,-14,-1.490948,115100,OK
2026-03-19,4626,太陽ホールディングス,プライム（内国株式）,化学,5087,5202,5082,5104,-101,-1.940442,552300,OK
2026-03-19,4627,ナトコ,スタンダード（内国株式）,化学,1801,1820,1781,1820,19,1.054969,3200,OK
2026-03-19,4628,エスケー化研,スタンダード（内国株式）,化学,11100,11200,10920,11020,-80,-0.720721,6600,OK
2026-03-19,4629,大伸化学,スタンダード（内国株式）,化学,1705,1715,1690,1697,-37,-2.133795,2600,OK
2026-03-19,462A,ＦＵＮＤＩＮＮＯ,グロース（内国株式）,証券･商品先物取引業,949,996,935,945,-11,-1.150628,349500,OK
2026-03-19,4631,ＤＩＣ,プライム（内国株式）,化学,3920,3921,3822,3844,-170,-4.235177,672600,OK
2026-03-19,4633,サカタインクス,プライム（内国株式）,化学,2255,2262,2220,2220,-101,-4.351573,343800,OK
2026-03-19,4634,ａｒｔｉｅｎｃｅ,プライム（内国株式）,化学,3835,3860,3715,3730,-245,-6.163522,215300,OK
2026-03-19,4635,東京インキ,スタンダード（内国株式）,化学,1545,1545,1484,1499,-65,-4.15601,68900,OK
2026-03-19,463A,インテリックスホールディングス,スタンダード（内国株式）,不動産業,954,970,948,953,-9,-0.935551,18400,OK
2026-03-19,4641,アルプス技研,プライム（内国株式）,サービス業,2594,2605,2565,2571,-28,-1.077337,35800,OK
2026-03-19,4642,オリジナル設計,スタンダード（内国株式）,サービス業,1525,1525,1506,1506,-20,-1.310616,1100,OK
2026-03-19,4644,イマジニア,スタンダード（内国株式）,情報･通信業,1073,1076,1070,1070,-7,-0.649954,9900,OK
2026-03-19,4645,市進ホールディングス,スタンダード（内国株式）,サービス業,416,417,416,416,0,0,800,OK
2026-03-19,464A,ＱＰＳホールディングス,グロース（内国株式）,情報･通信業,2582,2698,2473,2503,-129,-4.901216,4454200,OK
2026-03-19,4650,ＳＤエンターテイメント,スタンダード（内国株式）,サービス業,295,295,290,294,4,1.37931,6100,OK
2026-03-19,4651,サニックスホールディングス,スタンダード（内国株式）,サービス業,202,209,199,201,0,0,371500,OK
2026-03-19,4657,環境管理センター,スタンダード（内国株式）,サービス業,462,462,452,452,-13,-2.795699,16000,OK
2026-03-19,4658,日本空調サービス,プライム（内国株式）,サービス業,1599,1608,1553,1553,-61,-3.77943,94300,OK
2026-03-19,4659,エイジス,スタンダード（内国株式）,サービス業,4440,4445,4440,4440,0,0,16800,OK
2026-03-19,4661,オリエンタルランド,プライム（内国株式）,サービス業,2750.5,2799.5,2724,2724,-108,-3.813559,6346500,OK
2026-03-19,4662,フォーカスシステムズ,プライム（内国株式）,情報･通信業,1631,1645,1598,1599,-66,-3.963964,78400,OK
2026-03-19,4664,アール・エス・シー,スタンダード（内国株式）,サービス業,1110,1110,988,999,-123,-10.962567,106200,OK
2026-03-19,4665,ダスキン,プライム（内国株式）,サービス業,4292,4316,4272,4272,-59,-1.362272,117700,OK
2026-03-19,4666,パーク２４,プライム（内国株式）,不動産業,2013.5,2041,1955,1955,-135.5,-6.481703,2532900,OK
2026-03-19,4667,アイサンテクノロジー,スタンダード（内国株式）,情報･通信業,1930,1941,1852,1884,-84,-4.268293,26400,OK
2026-03-19,4668,明光ネットワークジャパン,プライム（内国株式）,サービス業,710,712,705,705,-9,-1.260504,26800,OK
2026-03-19,4671,ファルコホールディングス,スタンダード（内国株式）,サービス業,2641,2645,2612,2612,-42,-1.582517,14800,OK
2026-03-19,4673,川崎地質,スタンダード（内国株式）,サービス業,4290,4290,4180,4180,-150,-3.464203,2700,OK
2026-03-19,4674,クレスコ,プライム（内国株式）,情報･通信業,1450,1455,1438,1440,-37,-2.505078,73800,OK
2026-03-19,4676,フジ・メディア・ホールディングス,プライム（内国株式）,情報･通信業,3829,3893,3828,3859,-13,-0.335744,438000,OK
2026-03-19,4678,秀英予備校,スタンダード（内国株式）,サービス業,347,347,342,344,1,0.291545,4200,OK
2026-03-19,4679,田谷,スタンダード（内国株式）,サービス業,345,356,341,348,3,0.869565,18400,OK
2026-03-19,4680,ラウンドワン,プライム（内国株式）,サービス業,875,877,856.1,856.1,-33.9,-3.808989,2574400,OK
2026-03-19,4681,リゾートトラスト,プライム（内国株式）,サービス業,1877.5,1885.5,1844.5,1844.5,-54.5,-2.869932,759800,OK
2026-03-19,4684,オービック,プライム（内国株式）,情報･通信業,3964,4018,3935,3935,-99,-2.45414,2006600,OK
2026-03-19,4685,菱友システムズ,スタンダード（内国株式）,情報･通信業,3335,3335,3270,3295,-95,-2.80236,21400,OK
2026-03-19,4686,ジャストシステム,プライム（内国株式）,情報･通信業,3575,3625,3510,3515,-130,-3.566529,135700,OK
2026-03-19,4687,ＴＤＣソフト,プライム（内国株式）,情報･通信業,990,990,971,971,-40,-3.956479,153700,OK
2026-03-19,4689,ＬＩＮＥヤフー,プライム（内国株式）,情報･通信業,401.9,408.7,397.9,397.9,-4.1,-1.0199,21763300,OK
2026-03-19,4690,日本パレットプール,スタンダード（内国株式）,サービス業,2481,2485,2480,2483,1,0.04029,19300,OK
2026-03-19,4691,ワシントンホテル,スタンダード（内国株式）,サービス業,1390,1390,1353,1358,-39,-2.791696,53800,OK
2026-03-19,4694,ビー・エム・エル,プライム（内国株式）,サービス業,4120,4150,4030,4030,-50,-1.22549,129400,OK
2026-03-19,469A,フィットクルー,グロース（内国株式）,サービス業,2383,2400,2351,2351,-42,-1.755119,5600,OK
2026-03-19,4704,トレンドマイクロ,プライム（内国株式）,情報･通信業,5325,5363,5289,5347,4,0.074864,3244200,OK
2026-03-19,4705,クリップコーポレーション,スタンダード（内国株式）,サービス業,880,880,878,878,-5,-0.566251,1500,OK
2026-03-19,4707,キタック,スタンダード（内国株式）,サービス業,320,324,317,317,-5,-1.552795,13800,OK
2026-03-19,4709,ＩＤホールディングス,プライム（内国株式）,情報･通信業,1918,1918,1880,1880,-51,-2.641119,43100,OK
2026-03-19,470A,ローカル,TOKYO PRO MARKET（内国株式）,小売業,,,,,,,,NO_QUOTE
2026-03-19,4712,ＫｅｙＨｏｌｄｅｒ,スタンダード（内国株式）,サービス業,750,755,744,755,4,0.532623,13700,OK
2026-03-19,4714,リソー教育グループ,プライム（内国株式）,サービス業,194,196,193,194,-2,-1.020408,422800,OK
2026-03-19,4716,日本オラクル,スタンダード（内国株式）,情報･通信業,9399,9427,9206,9206,-182,-1.938645,373800,OK
2026-03-19,4718,早稲田アカデミー,プライム（内国株式）,サービス業,2040,2044,2021,2021,-31,-1.510721,41000,OK
2026-03-19,4719,アルファシステムズ,プライム（内国株式）,情報･通信業,3500,3500,3400,3400,-115,-3.271693,20400,OK
2026-03-19,471A,ＮＳグループ,プライム（内国株式）,その他金融業,1598,1606,1562,1578,-47,-2.892308,358400,OK
2026-03-19,4720,城南進学研究社,スタンダード（内国株式）,サービス業,300,300,297,298,-1,-0.334448,15500,OK
2026-03-19,4722,フューチャー,プライム（内国株式）,情報･通信業,1621,1640,1601,1601,-45,-2.7339,196600,OK
2026-03-19,4725,ＣＡＣ　Ｈｏｌｄｉｎｇｓ,プライム（内国株式）,情報･通信業,1864,1864,1834,1834,-46,-2.446809,70900,OK
2026-03-19,4728,トーセ,スタンダード（内国株式）,情報･通信業,639,647,635,638,-1,-0.156495,9100,OK
2026-03-19,472A,ミラティブ,グロース（内国株式）,情報･通信業,514,514,501,501,-22,-4.206501,92600,OK
2026-03-19,4732,ユー・エス・エス,プライム（内国株式）,サービス業,1700,1717.5,1671,1671,-44,-2.565598,1191800,OK
2026-03-19,4733,オービックビジネスコンサルタント,プライム（内国株式）,情報･通信業,6240,6259,6121,6121,-166,-2.640369,338800,OK
2026-03-19,4735,京進,スタンダード（内国株式）,サービス業,315,315,312,315,2,0.638978,2300,OK
2026-03-19,4736,日本ラッド,スタンダード（内国株式）,情報･通信業,591,591,583,583,-8,-1.353638,4000,OK
2026-03-19,4743,アイティフォー,プライム（内国株式）,情報･通信業,1695,1695,1675,1675,-23,-1.354535,74200,OK
2026-03-19,4746,東計電算,スタンダード（内国株式）,情報･通信業,4305,4340,4285,4290,-80,-1.830664,11800,OK
2026-03-19,4750,ダイサン,スタンダード（内国株式）,サービス業,579,585,578,583,0,0,3500,OK
2026-03-19,4751,サイバーエージェント,プライム（内国株式）,サービス業,1402,1417,1388.5,1402,-28.5,-1.99231,3572000,OK
2026-03-19,4752,昭和システムエンジニアリング,スタンダード（内国株式）,情報･通信業,1600,1610,1600,1600,-20,-1.234568,600,OK
2026-03-19,4754,トスネット,スタンダード（内国株式）,サービス業,1497,1505,1497,1500,0,0,1000,OK
2026-03-19,4755,楽天グループ,プライム（内国株式）,サービス業,764.1,765.6,745.1,746.9,-29,-3.737595,20000600,OK
2026-03-19,475A,ギミック,スタンダード（内国株式）,サービス業,1105,1127,1080,1095,-40,-3.524229,31700,OK
2026-03-19,4760,アルファ,スタンダード（内国株式）,サービス業,1596,1596,1596,1596,0,0,500,OK
2026-03-19,4761,さくらケーシーエス,スタンダード（内国株式）,情報･通信業,1340,1350,1327,1341,-17,-1.251841,6500,OK
2026-03-19,4762,エックスネット,スタンダード（内国株式）,情報･通信業,1522,1544,1509,1535,13,0.854139,1100,OK
2026-03-19,4763,クリーク・アンド・リバー社,プライム（内国株式）,サービス業,1410,1421,1394,1394,-37,-2.585604,60800,OK
2026-03-19,4765,ＳＢＩグローバルアセットマネジメント,プライム（内国株式）,サービス業,599,602,597,601,-2,-0.331675,287800,OK
2026-03-19,4766,ピーエイ,スタンダード（内国株式）,サービス業,233,234,232,232,-1,-0.429185,7000,OK
2026-03-19,4767,テー・オー・ダブリュー,スタンダード（内国株式）,サービス業,366,368,363,366,-4,-1.081081,73600,OK
2026-03-19,4768,大塚商会,プライム（内国株式）,情報･通信業,2934.5,2974.5,2931,2935,-38,-1.27817,1570300,OK
2026-03-19,4769,ＩＣ,スタンダード（内国株式）,情報･通信業,1031,1033,1030,1030,1,0.097182,1500,OK
2026-03-19,476A,辻・本郷ＩＴコンサルティング,スタンダード（内国株式）,情報･通信業,1691,1700,1657,1657,-34,-2.010645,10300,OK
2026-03-19,4771,エフアンドエム,スタンダード（内国株式）,サービス業,2264,2273,2214,2227,-58,-2.538293,32200,OK
2026-03-19,4772,ＳＭ　ＥＮＴＥＲＴＡＩＮＭＥＮＴ　ＪＡＰＡＮ,グロース（内国株式）,情報･通信業,91,92,90,90,-2,-2.173913,196200,OK
2026-03-19,4776,サイボウズ,プライム（内国株式）,情報･通信業,2099,2124,2074,2082,-70,-3.252788,610800,OK
2026-03-19,4777,ガーラ,スタンダード（内国株式）,情報･通信業,206,210,205,205,-4,-1.913876,44500,OK
2026-03-19,477A,スタートライン,グロース（内国株式）,サービス業,669,671,630,634,-28,-4.229607,83100,OK
2026-03-19,4783,ＮＣＤ,スタンダード（内国株式）,情報･通信業,2968,3000,2904,2904,-64,-2.156334,16200,OK
2026-03-19,4784,ＧＭＯインターネット,プライム（内国株式）,サービス業,718,727,714,714,-22,-2.98913,197900,OK
2026-03-19,478A,フツパー,グロース（内国株式）,情報･通信業,950,950,876,882,-68,-7.157895,231700,OK
2026-03-19,4792,山田コンサルティンググループ,プライム（内国株式）,サービス業,1667,1676,1655,1656,-22,-1.311085,24900,OK
2026-03-19,479A,ＰＲＯＮＩ,グロース（内国株式）,情報･通信業,1478,1510,1443,1451,-44,-2.943144,53500,OK
2026-03-19,4800,オリコン,スタンダード（内国株式）,情報･通信業,875,875,862,874,-1,-0.114286,11800,OK
2026-03-19,4801,セントラルスポーツ,プライム（内国株式）,サービス業,2404,2474,2399,2474,58,2.400662,30500,OK
2026-03-19,4809,パラカ,プライム（内国株式）,不動産業,2085,2085,2059,2064,-21,-1.007194,18800,OK
2026-03-19,480A,リブ・コンサルティング,グロース（内国株式）,サービス業,1202,1220,1163,1174,-48,-3.927987,9400,OK
2026-03-19,4811,ドリーム・アーツ,グロース（内国株式）,情報･通信業,790,800,775,782,-18,-2.25,15100,OK
2026-03-19,4812,電通総研,プライム（内国株式）,情報･通信業,1953,1964,1907,1909,-46,-2.352941,367800,OK
2026-03-19,4813,ＡＣＣＥＳＳ,プライム（内国株式）,情報･通信業,586,610,572,579,-17,-2.852349,546700,OK
2026-03-19,4814,ネクストウェア,スタンダード（内国株式）,情報･通信業,198,201,192,192,-10,-4.950495,187400,OK
2026-03-19,4816,東映アニメーション,スタンダード（内国株式）,情報･通信業,2552,2583,2518,2524,-33,-1.290575,317600,OK
2026-03-19,4819,デジタルガレージ,プライム（内国株式）,情報･通信業,2005,2030,1989,2006,-44,-2.146341,253000,OK
2026-03-19,481A,ＪＳｅｃｕｒｉｔｙ,TOKYO PRO MARKET（内国株式）,情報･通信業,,,,,,,,NO_QUOTE
2026-03-19,4820,イーエムシステムズ,プライム（内国株式）,情報･通信業,665,671,657,657,-14,-2.086438,195300,OK
2026-03-19,4825,ウェザーニューズ,プライム（内国株式）,情報･通信業,2015,2026,1980,1980,-58,-2.845927,233000,OK
2026-03-19,4826,ＣＩＪ,プライム（内国株式）,情報･通信業,513,520,509,509,-17,-3.231939,250000,OK
2026-03-19,4828,ビジネスエンジニアリング,プライム（内国株式）,情報･通信業,1276,1287,1230,1230,-106,-7.934132,892800,OK
2026-03-19,4829,日本エンタープライズ,スタンダード（内国株式）,情報･通信業,127,128,124,126,-1,-0.787402,280500,OK
2026-03-19,4832,ＪＦＥシステムズ,スタンダード（内国株式）,情報･通信業,2098,2148,2068,2068,-30,-1.429933,16600,OK
2026-03-19,4833,Ｄｅｆ　ｃｏｎｓｕｌｔｉｎｇ,グロース（内国株式）,サービス業,74,74,69,70,-5,-6.666667,1942700,OK
2026-03-19,4838,スペースシャワーＳＫＩＹＡＫＩホールディングス,スタンダード（内国株式）,情報･通信業,835,835,805,807,-30,-3.584229,74000,OK
2026-03-19,4839,ＷＯＷＯＷ,プライム（内国株式）,情報･通信業,1283,1293,1264,1264,-49,-3.731912,74300,OK
2026-03-19,483A,テラテクノロジー,スタンダード（内国株式）,情報･通信業,2170,2170,2155,2158,-14,-0.644567,6200,OK
2026-03-19,4840,トライアイズ,スタンダード（内国株式）,サービス業,455,460,453,456,7,1.55902,4200,OK
2026-03-19,4845,スカラ,プライム（内国株式）,情報･通信業,351,356,350,350,-5,-1.408451,48800,OK
2026-03-19,4847,インテリジェント　ウェイブ,プライム（内国株式）,情報･通信業,993,995,980,980,-23,-2.293121,56100,OK
2026-03-19,4848,フルキャストホールディングス,プライム（内国株式）,サービス業,1651,1669,1650,1654,-20,-1.194743,91300,OK
2026-03-19,4849,エン,プライム（内国株式）,サービス業,1153,1182,1123,1123,-57,-4.830508,441000,OK
2026-03-19,484A,ニューズドテック,TOKYO PRO MARKET（内国株式）,小売業,,,,,,,,NO_QUOTE
2026-03-19,485A,パワーエックス,グロース（内国株式）,電気機器,5510,6150,5460,5870,70,1.206897,1790800,OK
2026-03-19,4880,セルソース,スタンダード（内国株式）,医薬品,409,414,394,401,-14,-3.373494,198600,OK
2026-03-19,4881,ファンペップ,グロース（内国株式）,医薬品,104,106,101,104,-2,-1.886792,2547100,OK
2026-03-19,4882,ペルセウスプロテオミクス,グロース（内国株式）,医薬品,227,230,223,224,-5,-2.183406,554500,OK
2026-03-19,4883,モダリス,グロース（内国株式）,医薬品,57,60,57,58,0,0,653400,OK
2026-03-19,4884,クリングルファーマ,グロース（内国株式）,医薬品,392,392,377,379,-18,-4.534005,68800,OK
2026-03-19,4885,室町ケミカル,スタンダード（内国株式）,医薬品,1111,1111,1025,1026,-108,-9.52381,82000,OK
2026-03-19,4886,あすか製薬ホールディングス,プライム（内国株式）,医薬品,2249,2250,2209,2212,-72,-3.152364,61400,OK
2026-03-19,4887,サワイグループホールディングス,プライム（内国株式）,医薬品,2162.5,2199.5,2144.5,2149,-41,-1.872146,436000,OK
2026-03-19,4888,ステラファーマ,グロース（内国株式）,医薬品,550,646,545,605,45,8.035714,8573300,OK
2026-03-19,4889,レナサイエンス,グロース（内国株式）,医薬品,1878,1895,1730,1738,-192,-9.948187,723200,OK
2026-03-19,4890,坪田ラボ,グロース（内国株式）,医薬品,374,390,352,357,-24,-6.299213,662300,OK
2026-03-19,4891,ティムス,グロース（内国株式）,医薬品,147,147,142,142,-7,-4.697987,337700,OK
2026-03-19,4892,サイフューズ,グロース（内国株式）,医薬品,648,648,614,614,-44,-6.68693,62800,OK
2026-03-19,4893,ノイルイミューン・バイオテック,グロース（内国株式）,医薬品,177,188,150,152,-29,-16.022099,2851100,OK
2026-03-19,4894,クオリプス,グロース（内国株式）,医薬品,7080,7270,7060,7140,-60,-0.833333,104700,OK
2026-03-19,4896,ケイファーマ,グロース（内国株式）,医薬品,805,810,786,790,-26,-3.186275,82800,OK
2026-03-19,4901,富士フイルムホールディングス,プライム（内国株式）,化学,3010,3022,2945,2945,-99,-3.2523,6915800,OK
2026-03-19,4902,コニカミノルタ,プライム（内国株式）,電気機器,498,501.9,494.7,497.5,-14.2,-2.775064,4304900,OK
2026-03-19,490A,センス・トラスト,TOKYO PRO MARKET（内国株式）,不動産業,,,,,,,,NO_QUOTE
2026-03-19,4911,資生堂,プライム（内国株式）,化学,2976.5,3024,2968.5,2985.5,-88.5,-2.878985,2752900,OK
2026-03-19,4912,ライオン,プライム（内国株式）,化学,1685.5,1686.5,1631,1631,-65,-3.832547,1844400,OK
2026-03-19,4914,高砂香料工業,プライム（内国株式）,化学,1234,1234,1200,1200,-46,-3.691814,249500,OK
2026-03-19,4917,マンダム,プライム（内国株式）,化学,3080,3085,3080,3080,-5,-0.162075,61700,OK
2026-03-19,4918,アイビー化粧品,スタンダード（内国株式）,化学,392,392,385,386,-9,-2.278481,4000,OK
2026-03-19,4919,ミルボン,プライム（内国株式）,化学,2681,2717,2661,2677,-27,-0.998521,109400,OK
2026-03-19,4920,日本色材工業研究所,スタンダード（内国株式）,化学,1057,1057,1045,1051,-10,-0.942507,2600,OK
2026-03-19,4922,コーセーホールディングス,プライム（内国株式）,化学,5871,6011,5861,5881,-90,-1.507285,369800,OK
2026-03-19,4923,コタ,プライム（内国株式）,化学,1425,1439,1425,1428,-20,-1.381215,34500,OK
2026-03-19,4925,ハーバー研究所,スタンダード（内国株式）,化学,1804,1815,1801,1801,-3,-0.166297,2100,OK
2026-03-19,4926,シーボン,スタンダード（内国株式）,化学,1337,1337,1325,1325,-5,-0.37594,2200,OK
2026-03-19,4927,ポーラ・オルビスホールディングス,プライム（内国株式）,化学,1291,1296,1285,1289,-15,-1.150307,610400,OK
2026-03-19,4928,ノエビアホールディングス,プライム（内国株式）,化学,4570,4595,4540,4540,-60,-1.304348,62300,OK
2026-03-19,4929,アジュバンホールディングス,スタンダード（内国株式）,化学,764,765,760,760,-6,-0.78329,24400,OK
2026-03-19,4931,新日本製薬,プライム（内国株式）,化学,2065,2069,2043,2043,-36,-1.731602,26800,OK
2026-03-19,4932,アルマード,スタンダード（内国株式）,化学,878,883,870,870,-8,-0.911162,37700,OK
2026-03-19,4933,Ｉ−ｎｅ,プライム（内国株式）,化学,1101,1113,1072,1077,-32,-2.885482,113900,OK
2026-03-19,4934,プレミアアンチエイジング,グロース（内国株式）,化学,642,643,612,620,-28,-4.320988,225900,OK
2026-03-19,4935,リベルタ,スタンダード（内国株式）,化学,265,268,260,261,-9,-3.333333,230700,OK
2026-03-19,4936,アクシージア,スタンダード（内国株式）,化学,341,342,331,331,-11,-3.216374,106900,OK
2026-03-19,4937,Ｗａｑｏｏ,グロース（内国株式）,化学,1400,1400,1377,1384,-20,-1.424501,800,OK
2026-03-19,4951,エステー,プライム（内国株式）,化学,1524,1526,1463,1463,-65,-4.253927,152300,OK
2026-03-19,4956,コニシ,プライム（内国株式）,化学,1384,1384,1368,1375,-21,-1.504298,126600,OK
2026-03-19,4958,長谷川香料,プライム（内国株式）,化学,2835,2853,2824,2837,-28,-0.977312,205100,OK
2026-03-19,4960,ケミプロ化成,スタンダード（内国株式）,化学,694,710,678,682,-27,-3.808181,126200,OK
2026-03-19,4966,上村工業,スタンダード（内国株式）,化学,22990,23010,22400,22570,-830,-3.547009,62300,OK
2026-03-19,4967,小林製薬,プライム（内国株式）,化学,5657,5694,5580,5592,-142,-2.476456,250800,OK
2026-03-19,4968,荒川化学工業,プライム（内国株式）,化学,1358,1370,1310,1317,-71,-5.115274,75000,OK
2026-03-19,4970,東洋合成工業,スタンダード（内国株式）,化学,10360,10380,9880,9880,-540,-5.182342,28600,OK
2026-03-19,4971,メック,プライム（内国株式）,化学,6930,6960,6750,6840,-240,-3.389831,294600,OK
2026-03-19,4972,綜研化学,スタンダード（内国株式）,化学,3265,3265,3215,3245,-70,-2.111614,46900,OK
2026-03-19,4973,日本高純度化学,プライム（内国株式）,化学,4950,4950,4790,4805,-235,-4.662698,53400,OK
2026-03-19,4974,タカラバイオ,プライム（内国株式）,化学,1148,1148,1147,1147,0,0,600000,OK
2026-03-19,4975,ＪＣＵ,プライム（内国株式）,化学,5760,5800,5590,5620,-400,-6.644518,141400,OK
2026-03-19,4976,東洋ドライルーブ,スタンダード（内国株式）,化学,1485,1485,1465,1465,0,0,300,OK
2026-03-19,4977,新田ゼラチン,スタンダード（内国株式）,化学,1329,1329,1284,1290,-50,-3.731343,77300,OK
2026-03-19,4978,リプロセル,グロース（内国株式）,化学,171,175,167,169,-6,-3.428571,667300,OK
2026-03-19,4979,ＯＡＴアグリオ,スタンダード（内国株式）,化学,2848,2891,2751,2760,-61,-2.162354,82500,OK
2026-03-19,4980,デクセリアルズ,プライム（内国株式）,化学,2337,2359,2296,2298,-89,-3.72853,1400300,OK
2026-03-19,4985,アース製薬,プライム（内国株式）,化学,4850,4860,4740,4740,-120,-2.469136,90900,OK
2026-03-19,4990,昭和化学工業,スタンダード（内国株式）,化学,550,551,545,545,-5,-0.909091,3900,OK
2026-03-19,4992,北興化学工業,スタンダード（内国株式）,化学,1788,1793,1747,1753,-61,-3.362734,54800,OK
2026-03-19,4994,大成ラミックグループ,スタンダード（内国株式）,化学,2602,2604,2573,2573,-61,-2.315869,15700,OK
2026-03-19,4996,クミアイ化学工業,プライム（内国株式）,化学,798,809,777,777,-22,-2.753442,1036100,OK
2026-03-19,4997,日本農薬,プライム（内国株式）,化学,1031,1031,1006,1008,-34,-3.262956,185900,OK
2026-03-19,4998,フマキラー,スタンダード（内国株式）,化学,1161,1166,1153,1160,-8,-0.684932,26200,OK
2026-03-19,500A,ＴＯブックス,スタンダード（内国株式）,情報･通信業,3550,3605,3515,3575,-45,-1.243094,11000,OK
2026-03-19,5010,日本精蝋,スタンダード（内国株式）,石油･石炭製品,293,296,266,272,-28,-9.333333,520100,OK
2026-03-19,5011,ニチレキグループ,プライム（内国株式）,石油･石炭製品,2182,2189,2140,2140,-52,-2.372263,46600,OK
2026-03-19,5013,ユシロ,スタンダード（内国株式）,石油･石炭製品,3035,3035,2956,2956,-124,-4.025974,45300,OK
2026-03-19,5015,ビーピー・カストロール,スタンダード（内国株式）,石油･石炭製品,993,1002,993,997,-5,-0.499002,15100,OK
2026-03-19,5016,ＪＸ金属,プライム（内国株式）,非鉄金属,3840,3863,3753,3788,-192,-4.824121,25331200,OK
2026-03-19,5018,ＭＯＲＥＳＣＯ,スタンダード（内国株式）,石油･石炭製品,1950,1950,1875,1881,-119,-5.95,45800,OK
2026-03-19,5019,出光興産,プライム（内国株式）,石油･石炭製品,1510,1525,1475,1479,-57.5,-3.742271,5338900,OK
2026-03-19,501A,プレシャスパートナーズ,TOKYO PRO MARKET（内国株式）,サービス業,,,,,,,,NO_QUOTE
2026-03-19,5020,ＥＮＥＯＳホールディングス,プライム（内国株式）,石油･石炭製品,1407.5,1415.5,1367.5,1367.5,-71.5,-4.968728,16930200,OK
2026-03-19,5021,コスモエネルギーホールディングス,プライム（内国株式）,石油･石炭製品,4563,4674,4563,4588,-100,-2.133106,3270300,OK
2026-03-19,5022,レボインターナショナル,TOKYO PRO MARKET（内国株式）,石油･石炭製品,,,,,,,,NO_QUOTE
2026-03-19,5025,マーキュリー,グロース（内国株式）,情報･通信業,685,685,685,685,0,0,100,OK
2026-03-19,5026,トリプルアイズ,グロース（内国株式）,情報･通信業,624,627,612,612,-32,-4.968944,47100,OK
2026-03-19,5027,ＡｎｙＭｉｎｄ　Ｇｒｏｕｐ,グロース（内国株式）,情報･通信業,450,451,432,434,-28,-6.060606,464300,OK
2026-03-19,5028,セカンドサイトアナリティカ,グロース（内国株式）,情報･通信業,356,356,350,350,-12,-3.314917,11800,OK
2026-03-19,5029,サークレイス,グロース（内国株式）,情報･通信業,638,646,611,638,-8,-1.23839,19700,OK
2026-03-19,5031,モイ,グロース（内国株式）,情報･通信業,303,304,298,298,-8,-2.614379,46500,OK
2026-03-19,5032,ＡＮＹＣＯＬＯＲ,プライム（内国株式）,情報･通信業,3260,3305,3190,3200,-130,-3.903904,1187800,OK
2026-03-19,5033,ヌーラボ,グロース（内国株式）,情報･通信業,749,750,739,749,-1,-0.133333,4500,OK
2026-03-19,5034,ｕｎｅｒｒｙ,グロース（内国株式）,情報･通信業,2573,2672,2483,2522,-123,-4.650284,34200,OK
2026-03-19,5035,ＨＯＵＳＥＩ,グロース（内国株式）,情報･通信業,421,421,416,420,-1,-0.23753,3100,OK
2026-03-19,5036,日本ビジネスシステムズ,プライム（内国株式）,情報･通信業,1574,1582,1550,1556,-48,-2.992519,190100,OK
2026-03-19,5037,フィットワークス,TOKYO PRO MARKET（内国株式）,情報･通信業,,,,,,,,NO_QUOTE
2026-03-19,5038,ｅＷｅＬＬ,グロース（内国株式）,情報･通信業,1965,2000,1925,1946,-103,-5.026842,155500,OK
2026-03-19,503A,ベルチャイルド,TOKYO PRO MARKET（内国株式）,情報･通信業,,,,,,,,NO_QUOTE
2026-03-19,504A,イノバセル,グロース（内国株式）,医薬品,1015,1015,930,931,-85,-8.366142,165700,OK
2026-03-19,505A,ギークリー,スタンダード（内国株式）,サービス業,1319,1326,1270,1281,-53,-3.973013,60800,OK
2026-03-19,506A,シンカナース,TOKYO PRO MARKET（内国株式）,サービス業,,,,,,,,NO_QUOTE
2026-03-19,5071,ヴィス,スタンダード（内国株式）,サービス業,1624,1627,1565,1565,-60,-3.692308,4900,OK
2026-03-19,5072,アートフォースジャパン,TOKYO PRO MARKET（内国株式）,建設業,,,,,,,,NO_QUOTE
2026-03-19,5074,テスホールディングス,プライム（内国株式）,建設業,660,666,626,635,-45,-6.617647,3740800,OK
2026-03-19,5076,インフロニア・ホールディングス,プライム（内国株式）,建設業,2365,2369.5,2311,2311,-95.5,-3.968419,1268100,OK
2026-03-19,50765,インフロニア・ホールディングス（優先株式）,プライム（内国株式）,建設業,4673,4673,4671,4671,-1,-0.021404,2700,OK
2026-03-19,5077,ハンズ,TOKYO PRO MARKET（内国株式）,建設業,,,,,,,,NO_QUOTE
2026-03-19,5078,セレコーポレーション,スタンダード（内国株式）,建設業,5020,5020,5020,5020,0,0,100,OK
2026-03-19,5079,ノバック,スタンダード（内国株式）,建設業,2810,2824,2795,2796,-31,-1.096569,5500,OK
2026-03-19,507A,デジタル・ナレッジ,TOKYO PRO MARKET（内国株式）,情報･通信業,,,,,,,,NO_QUOTE
2026-03-19,5101,横浜ゴム,プライム（内国株式）,ゴム製品,6243,6289,6011,6066,-377,-5.851312,1424200,OK
2026-03-19,5103,昭和ホールディングス,スタンダード（内国株式）,ゴム製品,43,43,42,42,-2,-4.545455,21900,OK
2026-03-19,5105,ＴＯＹＯ　ＴＩＲＥ,プライム（内国株式）,ゴム製品,3710,3740,3662,3671,-164,-4.276402,1032500,OK
2026-03-19,5108,ブリヂストン,プライム（内国株式）,ゴム製品,3290,3307,3258,3271,-82,-2.445571,8191300,OK
2026-03-19,510A,ハートアップ,TOKYO PRO MARKET（内国株式）,サービス業,,,,,,,,NO_QUOTE
2026-03-19,5110,住友ゴム工業,プライム（内国株式）,ゴム製品,2070,2081,2046,2059.5,-75.5,-3.5363,2228100,OK
2026-03-19,511A,ヴァンガードスミス,TOKYO PRO MARKET（内国株式）,サービス業,,,,,,,,NO_QUOTE
2026-03-19,5121,藤倉コンポジット,プライム（内国株式）,ゴム製品,2556,2556,2500,2500,-90,-3.474903,181700,OK
2026-03-19,5122,オカモト,プライム（内国株式）,ゴム製品,5950,5950,5820,5820,-210,-3.482587,26800,OK
2026-03-19,5125,ファインズ,グロース（内国株式）,情報･通信業,654,654,648,648,-10,-1.519757,10100,OK
2026-03-19,5126,ポーターズ,グロース（内国株式）,情報･通信業,1500,1540,1500,1540,-16,-1.028278,1100,OK
2026-03-19,5129,ＦＩＸＥＲ,グロース（内国株式）,情報･通信業,366,366,360,360,-6,-1.639344,24700,OK
2026-03-19,5130,ヒロホールディングス,TOKYO PRO MARKET（内国株式）,情報･通信業,,,,,,,,NO_QUOTE
2026-03-19,5131,リンカーズ,グロース（内国株式）,情報･通信業,141,141,136,136,-7,-4.895105,69800,OK
2026-03-19,5132,ｐｌｕｓｚｅｒｏ,グロース（内国株式）,情報･通信業,2316,2339,2240,2267,-118,-4.947589,98200,OK
2026-03-19,5133,テリロジーホールディングス,スタンダード（内国株式）,情報･通信業,365,366,352,352,-13,-3.561644,219300,OK
2026-03-19,5134,ＰＯＰＥＲ,グロース（内国株式）,情報･通信業,492,499,470,476,-9,-1.85567,15000,OK
2026-03-19,5135,ＡＩＲ−Ｕ,TOKYO PRO MARKET（内国株式）,情報･通信業,,,,,,,,NO_QUOTE
2026-03-19,5136,ｔｒｉｐｌａ,グロース（内国株式）,情報･通信業,1585,1619,1517,1534,-57,-3.582652,140400,OK
2026-03-19,5137,スマートドライブ,グロース（内国株式）,情報･通信業,268,278,268,275,-1,-0.362319,579900,OK
2026-03-19,5138,Ｒｅｂａｓｅ,グロース（内国株式）,情報･通信業,625,630,615,618,-7,-1.12,4800,OK
2026-03-19,5139,オープンワーク,グロース（内国株式）,情報･通信業,950,965,907,924,-41,-4.248705,52400,OK
2026-03-19,5142,アキレス,プライム（内国株式）,化学,1517,1520,1454,1456,-101,-6.486834,108100,OK
2026-03-19,514A,孫の手,TOKYO PRO MARKET（内国株式）,サービス業,,,,,,,,NO_QUOTE
2026-03-19,5161,西川ゴム工業,スタンダード（内国株式）,ゴム製品,4020,4050,3955,3960,-165,-4,111100,OK
2026-03-19,5162,朝日ラバー,スタンダード（内国株式）,ゴム製品,876,930,870,925,45,5.113636,69800,OK
2026-03-19,5184,ニチリン,スタンダード（内国株式）,ゴム製品,4100,4110,4080,4085,-35,-0.849515,26100,OK
2026-03-19,5185,フコク,プライム（内国株式）,ゴム製品,1871,1871,1831,1831,-57,-3.019068,56700,OK
2026-03-19,5186,ニッタ,プライム（内国株式）,ゴム製品,4395,4430,4370,4390,-85,-1.899441,34600,OK
2026-03-19,5187,クリエートメディック,スタンダード（内国株式）,精密機器,1122,1154,1120,1135,-13,-1.132404,15100,OK
2026-03-19,5189,櫻護謨,スタンダード（内国株式）,ゴム製品,3300,3320,3245,3315,-30,-0.896861,2200,OK
2026-03-19,5192,三ツ星ベルト,プライム（内国株式）,ゴム製品,4050,4085,4020,4065,-50,-1.215067,212800,OK
2026-03-19,5194,相模ゴム工業,スタンダード（内国株式）,ゴム製品,651,652,650,650,-4,-0.611621,4300,OK
2026-03-19,5195,バンドー化学,プライム（内国株式）,ゴム製品,2072,2092,2067,2078,-44,-2.073516,113400,OK
2026-03-19,5199,不二ラテックス,スタンダード（内国株式）,ゴム製品,2055,2060,2055,2058,13,0.635697,700,OK
2026-03-19,5201,ＡＧＣ,プライム（内国株式）,ガラス･土石製品,5652,5663,5533,5543,-240,-4.150095,1390400,OK
2026-03-19,5202,日本板硝子,プライム（内国株式）,ガラス･土石製品,471,471,448,448,-28,-5.882353,3724500,OK
2026-03-19,5204,石塚硝子,スタンダード（内国株式）,ガラス･土石製品,3440,3460,3370,3370,-140,-3.988604,38800,OK
2026-03-19,5208,有沢製作所,プライム（内国株式）,化学,2509,2512,2419,2425,-169,-6.515035,385100,OK
2026-03-19,5210,日本山村硝子,スタンダード（内国株式）,ガラス･土石製品,3100,3110,3005,3005,-165,-5.205047,114300,OK
2026-03-19,5214,日本電気硝子,プライム（内国株式）,ガラス･土石製品,6455,6509,6252,6329,-226,-3.44775,816600,OK
2026-03-19,5216,倉元製作所,スタンダード（内国株式）,ガラス･土石製品,182,183,175,177,-10,-5.347594,489900,OK
2026-03-19,5218,オハラ,スタンダード（内国株式）,ガラス･土石製品,1150,1150,1115,1115,-62,-5.26763,353800,OK
2026-03-19,5232,住友大阪セメント,プライム（内国株式）,ガラス･土石製品,3916,3940,3798,3802,-263,-6.469865,421700,OK
2026-03-19,5233,太平洋セメント,プライム（内国株式）,ガラス･土石製品,3626,3639,3439,3439,-327,-8.682953,1614200,OK
2026-03-19,5237,ノザワ,スタンダード（内国株式）,ガラス･土石製品,1261,1269,1252,1253,-8,-0.634417,6800,OK
2026-03-19,5240,ｍｏｎｏＡＩ　ｔｅｃｈｎｏｌｏｇｙ,グロース（内国株式）,情報･通信業,220,220,206,206,-17,-7.623318,58900,OK
2026-03-19,5242,アイズ,グロース（内国株式）,情報･通信業,1033,1034,1033,1034,2,0.193798,900,OK
2026-03-19,5243,ｎｏｔｅ,グロース（内国株式）,情報･通信業,2251,2258,2170,2188,-163,-6.93322,340800,OK
2026-03-19,5244,ｊｉｇ．ｊｐ,グロース（内国株式）,情報･通信業,228,230,221,222,-8,-3.478261,230700,OK
2026-03-19,5246,ＥＬＥＭＥＮＴＳ,グロース（内国株式）,情報･通信業,620,621,604,608,-22,-3.492063,516400,OK
2026-03-19,5247,ＢＴＭ,グロース（内国株式）,情報･通信業,652,663,652,657,2,0.305344,6600,OK
2026-03-19,5248,テクノロジーズ,グロース（内国株式）,情報･通信業,452,456,432,434,-21,-4.615385,220500,OK
2026-03-19,5249,あさかわシステムズ,TOKYO PRO MARKET（内国株式）,情報･通信業,,,,,,,,NO_QUOTE
2026-03-19,5250,ＧＭＯプライム・ストラテジー,スタンダード（内国株式）,情報･通信業,1095,1099,1089,1099,-1,-0.090909,1300,OK
2026-03-19,5251,ウイズ・ワン,TOKYO PRO MARKET（内国株式）,情報･通信業,,,,,,,,NO_QUOTE
2026-03-19,5252,日本ナレッジ,グロース（内国株式）,情報･通信業,979,979,884,917,-61,-6.237219,14400,OK
2026-03-19,5253,カバー,グロース（内国株式）,情報･通信業,1627,1642,1583,1610,-1,-0.062073,1402700,OK
2026-03-19,5254,Ａｒｅｎｔ,グロース（内国株式）,情報･通信業,4360,4395,4280,4310,-75,-1.710376,23000,OK
2026-03-19,5255,モンスターラボ,グロース（内国株式）,情報･通信業,109,110,101,103,-7,-6.363636,998000,OK
2026-03-19,5256,Ｆｕｓｉｃ,グロース（内国株式）,情報･通信業,2212,2270,2080,2155,-157,-6.790657,12600,OK
2026-03-19,5257,ノバシステム,スタンダード（内国株式）,情報･通信業,2441,2441,2409,2409,-34,-1.391731,7200,OK
2026-03-19,5258,トランザクション・メディア・ネットワークス,グロース（内国株式）,情報･通信業,306,310,301,301,-13,-4.140127,179100,OK
2026-03-19,5259,ＢＢＤイニシアティブ,グロース（内国株式）,情報･通信業,989,991,972,974,-28,-2.794411,26500,OK
2026-03-19,5261,リソルホールディングス,プライム（内国株式）,サービス業,8450,8450,8280,8280,-180,-2.12766,15000,OK
2026-03-19,5262,日本ヒューム,プライム（内国株式）,ガラス･土石製品,1219,1222,1202,1205,-18,-1.471791,286000,OK
2026-03-19,5268,旭コンクリート工業,スタンダード（内国株式）,ガラス･土石製品,937,945,929,935,-3,-0.319829,12000,OK
2026-03-19,5269,日本コンクリート工業,プライム（内国株式）,ガラス･土石製品,329,330,324,324,-11,-3.283582,197900,OK
2026-03-19,5271,トーヨーアサノ,スタンダード（内国株式）,ガラス･土石製品,2304,2304,2300,2300,-4,-0.173611,400,OK
2026-03-19,5273,三谷セキサン,スタンダード（内国株式）,ガラス･土石製品,7230,7230,7070,7070,-340,-4.588394,17200,OK
2026-03-19,5279,日本興業,スタンダード（内国株式）,ガラス･土石製品,1352,1368,1325,1337,-45,-3.256151,4100,OK
2026-03-19,527A,ＮＯＳＥ　ＳＨＯＰ,TOKYO PRO MARKET（内国株式）,小売業,,,,,,,,NO_QUOTE
2026-03-19,5280,ヨシコン,スタンダード（内国株式）,不動産業,2678,2692,2606,2630,-52,-1.938852,13300,OK
2026-03-19,5282,ジオスター,スタンダード（内国株式）,ガラス･土石製品,460,462,440,449,-19,-4.059829,259400,OK
2026-03-19,5283,高見澤,スタンダード（内国株式）,卸売業,3365,3365,3360,3360,10,0.298507,600,OK
2026-03-19,5284,ヤマウホールディングス,スタンダード（内国株式）,ガラス･土石製品,2386,2386,2360,2364,-9,-0.379267,13700,OK
2026-03-19,5285,ヤマックス,スタンダード（内国株式）,ガラス･土石製品,1677,1677,1642,1649,-31,-1.845238,54500,OK
2026-03-19,5287,イトーヨーギョー,スタンダード（内国株式）,ガラス･土石製品,1231,1248,1202,1202,-56,-4.45151,22600,OK
2026-03-19,5288,アジアパイルホールディングス,プライム（内国株式）,ガラス･土石製品,1450,1455,1426,1426,-52,-3.518268,213400,OK
2026-03-19,5290,ベルテクスコーポレーション,スタンダード（内国株式）,ガラス･土石製品,2036,2050,1965,2035,-23,-1.11759,122300,OK
2026-03-19,5301,東海カーボン,プライム（内国株式）,ガラス･土石製品,926.8,935,912,918.7,-38.1,-3.982023,4385200,OK
2026-03-19,5302,日本カーボン,プライム（内国株式）,ガラス･土石製品,4670,4680,4595,4615,-130,-2.739726,60700,OK
2026-03-19,5304,ＳＥＣカーボン,スタンダード（内国株式）,ガラス･土石製品,2980,2980,2602,2619,-411,-13.564356,359500,OK
2026-03-19,5310,東洋炭素,プライム（内国株式）,ガラス･土石製品,5520,5640,5460,5570,-120,-2.108963,161300,OK
2026-03-19,5331,ノリタケ,プライム（内国株式）,ガラス･土石製品,6500,6520,6390,6390,-250,-3.76506,85300,OK
2026-03-19,5332,ＴＯＴＯ,プライム（内国株式）,ガラス･土石製品,5748,5763,5660,5721,-220,-3.70308,1292100,OK
2026-03-19,5333,日本碍子,プライム（内国株式）,ガラス･土石製品,4019,4043,3956,3976,-204,-4.880383,2004000,OK
2026-03-19,5334,日本特殊陶業,プライム（内国株式）,ガラス･土石製品,7480,7499,7270,7276,-375,-4.90132,1096900,OK
2026-03-19,5337,ダントーホールディングス,スタンダード（内国株式）,ガラス･土石製品,639,639,622,622,-16,-2.507837,8000,OK
2026-03-19,5341,ＡＳＡＨＩ　ＥＩＴＯホールディングス,スタンダード（内国株式）,ガラス･土石製品,185,187,182,186,1,0.540541,35000,OK
2026-03-19,5344,ＭＡＲＵＷＡ,プライム（内国株式）,ガラス･土石製品,57000,58000,56370,57030,-2460,-4.135149,131600,OK
2026-03-19,5351,品川リフラ,プライム（内国株式）,ガラス･土石製品,2201,2201,2136,2136,-96,-4.301075,87000,OK
2026-03-19,5352,黒崎播磨,プライム（内国株式）,ガラス･土石製品,4180,4190,4175,4180,0,0,95300,OK
2026-03-19,5355,日本坩堝,スタンダード（内国株式）,ガラス･土石製品,677,677,670,670,-7,-1.033973,10300,OK
2026-03-19,5356,美濃窯業,スタンダード（内国株式）,ガラス･土石製品,1226,1226,1201,1212,-16,-1.302932,6900,OK
2026-03-19,5357,ヨータイ,プライム（内国株式）,ガラス･土石製品,1878,1884,1850,1850,-45,-2.37467,26500,OK
2026-03-19,5363,東京窯業,スタンダード（内国株式）,ガラス･土石製品,583,589,572,573,-14,-2.385009,122600,OK
2026-03-19,5367,ニッカトー,スタンダード（内国株式）,ガラス･土石製品,782,782,753,759,-34,-4.287516,73300,OK
2026-03-19,5368,日本インシュレーション,スタンダード（内国株式）,ガラス･土石製品,1200,1221,1191,1203,-22,-1.795918,22700,OK
2026-03-19,5380,新東,スタンダード（内国株式）,ガラス･土石製品,1590,1602,1590,1602,13,0.818125,1100,OK
2026-03-19,5381,マイポックス,スタンダード（内国株式）,ガラス･土石製品,1028,1032,955,990,-77,-7.216495,627700,OK
2026-03-19,5384,フジミインコーポレーテッド,プライム（内国株式）,ガラス･土石製品,2911,2919,2838,2889,-72,-2.431611,483700,OK
2026-03-19,5388,クニミネ工業,スタンダード（内国株式）,ガラス･土石製品,1290,1298,1285,1286,-4,-0.310078,3200,OK
2026-03-19,5391,エーアンドエーマテリアル,スタンダード（内国株式）,ガラス･土石製品,1380,1380,1345,1347,-42,-3.023758,23100,OK
2026-03-19,5393,ニチアス,プライム（内国株式）,ガラス･土石製品,8714,8734,8610,8707,-153,-1.726862,373300,OK
2026-03-19,5401,日本製鉄,プライム（内国株式）,鉄鋼,597,603.3,592.7,592.7,-14.3,-2.355848,37972200,OK
2026-03-19,5406,神戸製鋼所,プライム（内国株式）,鉄鋼,2012,2028.5,1993.5,2006,-41.5,-2.026862,5031500,OK
2026-03-19,5408,中山製鋼所,プライム（内国株式）,鉄鋼,621,631,616,616,-12,-1.910828,351700,OK
2026-03-19,5410,合同製鐵,プライム（内国株式）,鉄鋼,3755,3765,3685,3685,-105,-2.770449,74300,OK
2026-03-19,5411,ＪＦＥホールディングス,プライム（内国株式）,鉄鋼,1908.5,1928.5,1885,1886.5,-60,-3.082456,5427700,OK
2026-03-19,5423,東京製鐵,プライム（内国株式）,鉄鋼,1629,1644,1608,1608,-42,-2.545455,429700,OK
2026-03-19,5440,共英製鋼,プライム（内国株式）,鉄鋼,2396,2409,2358,2358,-88,-3.597711,105900,OK
2026-03-19,5444,大和工業,プライム（内国株式）,鉄鋼,12070,12270,12060,12085,-465,-3.705179,172300,OK
2026-03-19,5445,東京鐵鋼,プライム（内国株式）,鉄鋼,6380,6380,6290,6300,-100,-1.5625,50100,OK
2026-03-19,5446,北越メタル,スタンダード（内国株式）,鉄鋼,1262,1262,1262,1262,-18,-1.40625,100,OK
2026-03-19,5449,大阪製鐵,スタンダード（内国株式）,鉄鋼,2690,2717,2635,2635,-59,-2.190052,27000,OK
2026-03-19,5451,ヨドコウ,プライム（内国株式）,鉄鋼,1530,1533,1516,1518,-25,-1.62022,699700,OK
2026-03-19,5458,高砂鐵工,スタンダード（内国株式）,鉄鋼,1089,1090,1071,1072,-23,-2.100457,1300,OK
2026-03-19,5461,中部鋼鈑,プライム（内国株式）,鉄鋼,2320,2365,2296,2334,2,0.085763,261100,OK
2026-03-19,5463,丸一鋼管,プライム（内国株式）,鉄鋼,1439,1454,1422.5,1432,-50,-3.373819,894200,OK
2026-03-19,5464,モリ工業,スタンダード（内国株式）,鉄鋼,971,1000,968,980,-5,-0.507614,89800,OK
2026-03-19,5471,大同特殊鋼,プライム（内国株式）,鉄鋼,2021.5,2037,1959,1959,-122,-5.862566,1866100,OK
2026-03-19,5480,日本冶金工業,プライム（内国株式）,鉄鋼,4910,4935,4805,4815,-165,-3.313253,84600,OK
2026-03-19,5482,愛知製鋼,プライム（内国株式）,鉄鋼,3050,3075,2995,2995,-140,-4.46571,259100,OK
2026-03-19,5484,東北特殊鋼,スタンダード（内国株式）,鉄鋼,2290,2290,2255,2255,-35,-1.528384,300,OK
2026-03-19,5491,日本金属,スタンダード（内国株式）,鉄鋼,948,948,910,916,-52,-5.371901,69800,OK
2026-03-19,5525,フロンティアホールディングス,TOKYO PRO MARKET（内国株式）,不動産業,,,,,,,,NO_QUOTE
2026-03-19,5527,ｐｒｏｐｅｒｔｙ　ｔｅｃｈｎｏｌｏｇｉｅｓ,グロース（内国株式）,不動産業,716,720,709,711,-9,-1.25,22400,OK
2026-03-19,5528,フロンティアハウス,TOKYO PRO MARKET（内国株式）,不動産業,,,,,,,,NO_QUOTE
2026-03-19,5531,中山不動産,TOKYO PRO MARKET（内国株式）,不動産業,,,,,,,,NO_QUOTE
2026-03-19,5532,リアルゲイト,グロース（内国株式）,不動産業,2936,3000,2936,2943,-43,-1.440054,29300,OK
2026-03-19,5533,エリッツホールディングス,スタンダード（内国株式）,不動産業,2027,2040,1970,2004,54,2.769231,1000,OK
2026-03-19,5534,エンゼルグループ,TOKYO PRO MARKET（内国株式）,不動産業,,,,,,,,NO_QUOTE
2026-03-19,5535,ミガロホールディングス,プライム（内国株式）,不動産業,378,379,363,364,-22,-5.699482,489000,OK
2026-03-19,5536,京橋アートレジデンス,TOKYO PRO MARKET（内国株式）,不動産業,,,,,,,,NO_QUOTE
2026-03-19,5537,ＡｌｂａＬｉｎｋ,グロース（内国株式）,不動産業,3460,3465,3260,3325,-205,-5.807365,82600,OK
2026-03-19,5541,大平洋金属,プライム（内国株式）,鉄鋼,3015,3025,2904,2904,-271,-8.535433,737100,OK
2026-03-19,5542,新報国マテリアル,スタンダード（内国株式）,鉄鋼,825,839,817,817,-11,-1.328502,9400,OK
2026-03-19,5563,新日本電工,プライム（内国株式）,鉄鋼,455,456,430,430,-33,-7.12743,1688200,OK
2026-03-19,5570,ジェノバ,グロース（内国株式）,情報･通信業,683,683,669,672,-14,-2.040816,16100,OK
2026-03-19,5571,エキサイトホールディングス,スタンダード（内国株式）,情報･通信業,1152,1154,1133,1154,14,1.22807,4000,OK
2026-03-19,5572,Ｒｉｄｇｅ−ｉ,グロース（内国株式）,情報･通信業,2102,2110,2060,2063,-63,-2.963311,14600,OK
2026-03-19,5573,働楽ホールディングス,TOKYO PRO MARKET（内国株式）,情報･通信業,,,,,,,,NO_QUOTE
2026-03-19,5574,ＡＢＥＪＡ,グロース（内国株式）,情報･通信業,3025,3060,2940,2940,-225,-7.109005,115500,OK
2026-03-19,5575,Ｇｌｏｂｅｅ,グロース（内国株式）,情報･通信業,604,614,604,611,-1,-0.163399,5600,OK
2026-03-19,5576,オービーシステム,スタンダード（内国株式）,情報･通信業,2681,2681,2681,2681,3,0.112024,200,OK
2026-03-19,5578,ＡＲアドバンストテクノロジ,グロース（内国株式）,情報･通信業,842,845,816,816,-35,-4.112808,26300,OK
2026-03-19,5580,プロディライト,グロース（内国株式）,情報･通信業,1574,1615,1573,1600,26,1.651842,1600,OK
2026-03-19,5581,カイテクノロジー,TOKYO PRO MARKET（内国株式）,情報･通信業,,,,,,,,NO_QUOTE
2026-03-19,5582,グリッド,グロース（内国株式）,情報･通信業,2481,2505,2390,2391,-166,-6.491983,34300,OK
2026-03-19,5584,Ｓｔｒａｗｂｅｒｒｙ　ｊａｍｓ,TOKYO PRO MARKET（内国株式）,情報･通信業,,,,,,,,NO_QUOTE
2026-03-19,5586,Ｌａｂｏｒｏ．ＡＩ,グロース（内国株式）,情報･通信業,817,817,796,796,-30,-3.631961,41900,OK
2026-03-19,5587,インバウンドプラットフォーム,グロース（内国株式）,情報･通信業,745,745,711,711,-39,-5.2,8600,OK
2026-03-19,5588,ファーストアカウンティング,グロース（内国株式）,情報･通信業,730,734,699,700,-42,-5.660377,116900,OK
2026-03-19,5589,オートサーバー,スタンダード（内国株式）,情報･通信業,2568,2573,2545,2571,-3,-0.11655,800,OK
2026-03-19,5590,ネットスターズ,グロース（内国株式）,情報･通信業,761,772,743,750,-23,-2.97542,167300,OK
2026-03-19,5591,ＡＶＩＬＥＮ,グロース（内国株式）,情報･通信業,1001,1009,965,965,-63,-6.128405,85300,OK
2026-03-19,5592,くすりの窓口,グロース（内国株式）,情報･通信業,2527,2556,2510,2530,-76,-2.916347,77000,OK
2026-03-19,5594,エム・デー・ビー,TOKYO PRO MARKET（内国株式）,情報･通信業,,,,,,,,NO_QUOTE
2026-03-19,5597,ブルーイノベーション,グロース（内国株式）,情報･通信業,1676,1768,1647,1648,-28,-1.670644,159100,OK
2026-03-19,5598,Ｙｏｔｔａｖｉａｓ,TOKYO PRO MARKET（内国株式）,情報･通信業,,,,,,,,NO_QUOTE
2026-03-19,5599,Ｓ＆Ｊ,グロース（内国株式）,情報･通信業,1501,1524,1468,1482,-58,-3.766234,23300,OK
2026-03-19,5602,栗本鐵工所,プライム（内国株式）,鉄鋼,1579,1582,1545,1545,-68,-4.215747,345700,OK
2026-03-19,5603,虹技,スタンダード（内国株式）,鉄鋼,1570,1598,1511,1590,-3,-0.188324,103100,OK
2026-03-19,5609,日本鋳造,スタンダード（内国株式）,鉄鋼,839,841,837,841,-4,-0.473373,2800,OK
2026-03-19,5612,日本鋳鉄管,スタンダード（内国株式）,鉄鋼,1718,1735,1682,1682,-70,-3.995434,11500,OK
2026-03-19,5616,雨風太陽,グロース（内国株式）,情報･通信業,780,780,762,770,-11,-1.408451,5900,OK
2026-03-19,5617,ウィル・ドゥ,TOKYO PRO MARKET（内国株式）,情報･通信業,,,,,,,,NO_QUOTE
2026-03-19,5618,ナイル,グロース（内国株式）,情報･通信業,318,318,313,313,-6,-1.880878,2900,OK
2026-03-19,5619,マーソ,グロース（内国株式）,情報･通信業,849,849,849,849,1,0.117925,100,OK
2026-03-19,5620,エスピーオー,TOKYO PRO MARKET（内国株式）,情報･通信業,,,,,,,,NO_QUOTE
2026-03-19,5621,ヒューマンテクノロジーズ,グロース（内国株式）,情報･通信業,1550,1567,1513,1525,-29,-1.866152,45700,OK
2026-03-19,5622,ワンビ,TOKYO PRO MARKET（内国株式）,情報･通信業,,,,,,,,NO_QUOTE
2026-03-19,5631,日本製鋼所,プライム（内国株式）,機械,9930,10165,9781,9901,-404,-3.920427,1007900,OK
2026-03-19,5632,三菱製鋼,プライム（内国株式）,鉄鋼,1870,1870,1834,1834,-59,-3.116746,146000,OK
2026-03-19,5644,メタルアート,スタンダード（内国株式）,鉄鋼,5430,5430,5140,5200,-170,-3.165736,5700,OK
2026-03-19,5658,日亜鋼業,スタンダード（内国株式）,鉄鋼,380,380,371,371,-10,-2.624672,47200,OK
2026-03-19,5659,日本精線,プライム（内国株式）,鉄鋼,1259,1265,1250,1252,-34,-2.643857,102900,OK
2026-03-19,5660,神鋼鋼線工業,スタンダード（内国株式）,鉄鋼,1470,1470,1450,1461,-9,-0.612245,5400,OK
2026-03-19,5695,パウダーテック,スタンダード（内国株式）,鉄鋼,2576,2578,2576,2578,-12,-0.46332,1100,OK
2026-03-19,5697,サンユウ,スタンダード（内国株式）,鉄鋼,748,748,738,738,-10,-1.336898,4600,OK
2026-03-19,5698,エンビプロ・ホールディングス,スタンダード（内国株式）,鉄鋼,1010,1010,961,962,-108,-10.093458,488900,OK
2026-03-19,5699,イボキン,スタンダード（内国株式）,鉄鋼,1516,1521,1505,1505,-39,-2.525907,3700,OK
2026-03-19,5702,大紀アルミニウム工業所,プライム（内国株式）,非鉄金属,1356,1356,1313,1313,-65,-4.716981,156800,OK
2026-03-19,5703,日本軽金属ホールディングス,プライム（内国株式）,非鉄金属,2795,2799,2726,2736,-170,-5.849966,523200,OK
2026-03-19,5704,ＪＭＣ,グロース（内国株式）,非鉄金属,401,401,392,397,-4,-0.997506,1600,OK
2026-03-19,5706,三井金属,プライム（内国株式）,非鉄金属,31420,32040,30270,31110,-1290,-3.981481,2211800,OK
2026-03-19,5707,東邦亜鉛,プライム（内国株式）,非鉄金属,1295,1297,1270,1270,-103,-7.501821,519400,OK
2026-03-19,5711,三菱マテリアル,プライム（内国株式）,非鉄金属,5449,5449,5201,5221,-382,-6.817776,6014300,OK
2026-03-19,5713,住友金属鉱山,プライム（内国株式）,非鉄金属,9415,9445,9137,9137,-878,-8.76685,6650400,OK
2026-03-19,5714,ＤＯＷＡホールディングス,プライム（内国株式）,非鉄金属,9648,9678,9271,9271,-779,-7.751244,862800,OK
2026-03-19,5715,古河機械金属,プライム（内国株式）,非鉄金属,4730,4730,4630,4690,-250,-5.060729,793300,OK
2026-03-19,5721,エス・サイエンス,スタンダード（内国株式）,非鉄金属,113,113,108,109,-9,-7.627119,2928000,OK
2026-03-19,5724,アサカ理研,スタンダード（内国株式）,非鉄金属,3730,3840,3680,3700,-205,-5.24968,107600,OK
2026-03-19,5726,大阪チタニウムテクノロジーズ,プライム（内国株式）,非鉄金属,2458,2470,2390,2390,-169,-6.604142,1033700,OK
2026-03-19,5727,東邦チタニウム,プライム（内国株式）,非鉄金属,2683,2698,2619,2642,-141,-5.066475,831000,OK
2026-03-19,5729,日本精鉱,スタンダード（内国株式）,非鉄金属,12540,12700,12120,12250,-690,-5.332303,18000,OK
2026-03-19,5741,ＵＡＣＪ,プライム（内国株式）,非鉄金属,2337,2355,2262,2265,-190,-7.739308,2067900,OK
2026-03-19,5742,エヌアイシ・オートテック,スタンダード（内国株式）,非鉄金属,814,814,802,802,-8,-0.987654,3500,OK
2026-03-19,5753,日本伸銅,スタンダード（内国株式）,非鉄金属,2680,2752,2657,2703,-8,-0.295094,4800,OK
2026-03-19,5757,ＣＫサンエツ,プライム（内国株式）,非鉄金属,4390,4390,4230,4230,-220,-4.94382,21500,OK
2026-03-19,5801,古河電気工業,プライム（内国株式）,非鉄金属,28220,29875,28110,29400,680,2.367688,7140000,OK
2026-03-19,5802,住友電気工業,プライム（内国株式）,非鉄金属,9737,10115,9707,9948,-57,-0.569715,10735400,OK
2026-03-19,5803,フジクラ,プライム（内国株式）,非鉄金属,25290,26030,25165,25330,-375,-1.45886,9983100,OK
2026-03-19,5805,ＳＷＣＣ,プライム（内国株式）,非鉄金属,13660,13740,13220,13220,-740,-5.30086,430400,OK
2026-03-19,5816,オーナンバ,スタンダード（内国株式）,非鉄金属,1751,1751,1713,1720,-54,-3.043968,10500,OK
2026-03-19,5817,ＪＭＡＣＳ,スタンダード（内国株式）,非鉄金属,1478,1547,1465,1494,-34,-2.225131,266900,OK
2026-03-19,5819,カナレ電気,スタンダード（内国株式）,非鉄金属,1933,1937,1882,1882,-88,-4.467005,10600,OK
2026-03-19,5820,三ッ星,スタンダード（内国株式）,非鉄金属,950,950,900,901,-53,-5.555556,70100,OK
2026-03-19,5821,平河ヒューテック,プライム（内国株式）,非鉄金属,4140,4175,3940,3980,-295,-6.900585,75500,OK
2026-03-19,5830,いよぎんホールディングス,プライム（内国株式）,銀行業,2962,2987,2922.5,2928.5,-141.5,-4.609121,1431000,OK
2026-03-19,5831,しずおかフィナンシャルグループ,プライム（内国株式）,銀行業,2575,2579,2553,2559,-86.5,-3.269703,2564700,OK
2026-03-19,5832,ちゅうぎんフィナンシャルグループ,プライム（内国株式）,銀行業,2842,2883,2818,2828.5,-85,-2.917453,377400,OK
2026-03-19,5834,ＳＢＩリーシングサービス,グロース（内国株式）,証券･商品先物取引業,5800,5820,5690,5710,-190,-3.220339,40900,OK
2026-03-19,5838,楽天銀行,プライム（内国株式）,銀行業,6180,6265,6095,6136,-67,-1.080123,1579200,OK
2026-03-19,5840,日本総険,TOKYO PRO MARKET（内国株式）,保険業,,,,,,,,NO_QUOTE
2026-03-19,5842,インテグラル,グロース（内国株式）,証券･商品先物取引業,3325,3370,3235,3250,-120,-3.560831,78100,OK
2026-03-19,5843,ニッポンインシュア,スタンダード（内国株式）,その他金融業,2401,2412,2355,2393,-39,-1.603618,20300,OK
2026-03-19,5844,京都フィナンシャルグループ,プライム（内国株式）,銀行業,4341,4461,4305,4396,-4,-0.090909,1407700,OK
2026-03-19,5845,全保連,スタンダード（内国株式）,その他金融業,1000,1008,992,996,-12,-1.190476,101500,OK
2026-03-19,5851,リョービ,プライム（内国株式）,非鉄金属,2549,2549,2485,2486,-113,-4.347826,140500,OK
2026-03-19,5852,アーレスティ,プライム（内国株式）,非鉄金属,853,856,833,833,-34,-3.921569,243600,OK
2026-03-19,5856,エルアイイーエイチ,スタンダード（内国株式）,小売業,34,39,28,30,-1,-3.225806,27323300,OK
2026-03-19,5857,ＡＲＥホールディングス,プライム（内国株式）,非鉄金属,3690,3720,3600,3605,-260,-6.727038,711200,OK
2026-03-19,5858,ＳＴＧ,グロース（内国株式）,非鉄金属,1530,1546,1506,1518,-41,-2.629891,3100,OK
2026-03-19,5866,ＷｉｚＢｉｚ,TOKYO PRO MARKET（内国株式）,サービス業,,,,,,,,NO_QUOTE
2026-03-19,5867,エスネットワークス,グロース（内国株式）,サービス業,,,,,,,,NO_QUOTE
2026-03-19,5868,ロココ,スタンダード（内国株式）,サービス業,1050,1050,1034,1035,-17,-1.61597,10900,OK
2026-03-19,5869,早稲田学習研究会,スタンダード（内国株式）,サービス業,1302,1303,1292,1292,-10,-0.768049,5800,OK
2026-03-19,5870,ナルネットコミュニケーションズ,グロース（内国株式）,サービス業,1037,1048,1015,1046,-10,-0.94697,33400,OK
2026-03-19,5871,ＳＯＬＩＺＥ　Ｈｏｌｄｉｎｇｓ,スタンダード（内国株式）,サービス業,1431,1440,1404,1407,-23,-1.608392,2600,OK
2026-03-19,5883,ＧＴホールディングス,TOKYO PRO MARKET（内国株式）,卸売業,,,,,,,,NO_QUOTE
2026-03-19,5884,クラダシ,グロース（内国株式）,小売業,470,471,457,471,-3,-0.632911,21300,OK
2026-03-19,5885,ジーデップ・アドバンス,スタンダード（内国株式）,卸売業,2831,2880,2761,2761,-120,-4.16522,21000,OK
2026-03-19,5886,ＯＯＫＡＢＥ　ＧＬＡＳＳ,TOKYO PRO MARKET（内国株式）,卸売業,,,,,,,,NO_QUOTE
2026-03-19,5887,光響,TOKYO PRO MARKET（内国株式）,卸売業,,,,,,,,NO_QUOTE
2026-03-19,5888,ＤＡＩＷＡ　ＣＹＣＬＥ,グロース（内国株式）,小売業,3595,3595,3395,3400,-195,-5.4242,23500,OK
2026-03-19,5889,Ｊａｐａｎ　Ｅｙｅｗｅａｒ　Ｈｏｌｄｉｎｇｓ,プライム（内国株式）,小売業,2066,2109,2056,2076,-19,-0.906921,147400,OK
2026-03-19,5890,オフィスバスターズ,TOKYO PRO MARKET（内国株式）,小売業,,,,,,,,NO_QUOTE
2026-03-19,5891,魁力屋,スタンダード（内国株式）,小売業,1517,1528,1512,1524,2,0.131406,9500,OK
2026-03-19,5892,ｙｕｔｏｒｉ,グロース（内国株式）,小売業,2171,2194,2077,2085,-169,-7.497782,97800,OK
2026-03-19,5893,ＲＡＶＩＰＡ,TOKYO PRO MARKET（内国株式）,小売業,,,,,,,,NO_QUOTE
2026-03-19,5900,ダイケン,スタンダード（内国株式）,金属製品,813,818,813,818,3,0.368098,400,OK
2026-03-19,5901,東洋製罐グループホールディングス,プライム（内国株式）,金属製品,3812,3830,3689,3689,-241,-6.132316,572700,OK
2026-03-19,5902,ホッカンホールディングス,プライム（内国株式）,金属製品,2370,2377,2345,2351,-41,-1.714047,78200,OK
2026-03-19,5903,シンポ,スタンダード（内国株式）,金属製品,1205,1215,1205,1215,10,0.829876,4600,OK
2026-03-19,5905,日本製罐,スタンダード（内国株式）,金属製品,1319,1319,1298,1317,-3,-0.227273,700,OK
2026-03-19,5906,エムケー精工,スタンダード（内国株式）,金属製品,879,879,855,857,-30,-3.382187,74300,OK
2026-03-19,5909,コロナ,スタンダード（内国株式）,金属製品,987,991,953,953,-43,-4.317269,89400,OK
2026-03-19,5911,横河ブリッジホールディングス,プライム（内国株式）,金属製品,3030,3040,3000,3005,-60,-1.957586,112100,OK
2026-03-19,5915,駒井ハルテック,スタンダード（内国株式）,金属製品,2024,2024,1993,2009,-42,-2.047782,18600,OK
2026-03-19,5918,瀧上工業,スタンダード（内国株式）,金属製品,7050,7130,7040,7050,-70,-0.983146,1800,OK
2026-03-19,5921,川岸工業,スタンダード（内国株式）,金属製品,4400,4400,4380,4380,-40,-0.904977,200,OK
2026-03-19,5922,那須電機鉄工,スタンダード（内国株式）,金属製品,19650,19650,19500,19500,-370,-1.862104,800,OK
2026-03-19,5923,高田機工,スタンダード（内国株式）,金属製品,1359,1359,1318,1322,-42,-3.079179,2700,OK
2026-03-19,5928,アルメタックス,スタンダード（内国株式）,金属製品,292,293,288,291,-4,-1.355932,6500,OK
2026-03-19,5929,三和ホールディングス,プライム（内国株式）,金属製品,3654,3706,3617,3619,-121,-3.235294,1031800,OK
2026-03-19,5930,文化シヤッター,プライム（内国株式）,金属製品,1958,1965,1922,1922,-62,-3.125,119400,OK
2026-03-19,5932,三協立山,プライム（内国株式）,金属製品,680,685,668,679,-11,-1.594203,968400,OK
2026-03-19,5933,アルインコ,プライム（内国株式）,金属製品,1099,1112,1086,1086,-18,-1.630435,96900,OK
2026-03-19,5936,東洋シヤッター,スタンダード（内国株式）,金属製品,979,979,967,967,-17,-1.727642,3100,OK
2026-03-19,5938,ＬＩＸＩＬ,プライム（内国株式）,金属製品,1711,1712,1655.5,1655.5,-64.5,-3.75,6390200,OK
2026-03-19,5939,大谷工業,スタンダード（内国株式）,金属製品,5580,5590,5430,5550,-130,-2.288732,6900,OK
2026-03-19,5940,不二サッシ,スタンダード（内国株式）,金属製品,987,988,955,964,-35,-3.503504,71700,OK
2026-03-19,5941,中西製作所,スタンダード（内国株式）,金属製品,2600,2600,2580,2593,-22,-0.8413,5800,OK
2026-03-19,5942,日本フイルコン,スタンダード（内国株式）,金属製品,581,590,575,576,-15,-2.538071,33400,OK
2026-03-19,5943,ノーリツ,プライム（内国株式）,金属製品,2400,2400,2348,2359,-53,-2.197347,121000,OK
2026-03-19,5945,天龍製鋸,スタンダード（内国株式）,金属製品,2564,2600,2528,2600,35,1.364522,3300,OK
2026-03-19,5946,長府製作所,プライム（内国株式）,金属製品,2026,2045,1999,2000,-55,-2.676399,73400,OK
2026-03-19,5947,リンナイ,プライム（内国株式）,金属製品,3761,3787,3656,3671,-154,-4.026144,580900,OK
2026-03-19,5949,ユニプレス,プライム（内国株式）,輸送用機器,1299,1308,1282,1288,-20,-1.529052,274800,OK
2026-03-19,5950,日本パワーファスニング,スタンダード（内国株式）,金属製品,180,181,178,180,0,0,17900,OK
2026-03-19,5951,ダイニチ工業,スタンダード（内国株式）,金属製品,1074,1074,1050,1055,-24,-2.224282,22700,OK
2026-03-19,5952,アマテイ,スタンダード（内国株式）,金属製品,194,196,193,193,-2,-1.025641,28900,OK
2026-03-19,5955,ワイズホールディングス,スタンダード（内国株式）,金属製品,127,128,121,122,-8,-6.153846,1604600,OK
2026-03-19,5956,トーソー,スタンダード（内国株式）,金属製品,632,632,627,627,-8,-1.259843,5000,OK
2026-03-19,5957,日東精工,プライム（内国株式）,金属製品,789,790,773,774,-28,-3.491272,88000,OK
2026-03-19,5958,三洋工業,スタンダード（内国株式）,金属製品,4955,4955,4870,4870,-70,-1.417004,4500,OK
2026-03-19,5959,岡部,プライム（内国株式）,金属製品,984,984,974,979,-19,-1.903808,230400,OK
2026-03-19,5962,浅香工業,スタンダード（内国株式）,その他製品,2060,2097,2060,2060,-7,-0.338655,3000,OK
2026-03-19,5965,フジマック,スタンダード（内国株式）,金属製品,1220,1238,1220,1227,-13,-1.048387,16100,OK
2026-03-19,5966,京都機械工具,スタンダード（内国株式）,金属製品,,,,,,,,NO_QUOTE
2026-03-19,5967,ＴＯＮＥ,スタンダード（内国株式）,金属製品,476,478,476,478,2,0.420168,3300,OK
2026-03-19,5969,ロブテックス,スタンダード（内国株式）,金属製品,1312,1312,1312,1312,0,0,300,OK
2026-03-19,5970,ジーテクト,プライム（内国株式）,金属製品,1867,1873,1837,1837,-54,-2.855632,341700,OK
2026-03-19,5971,共和工業所,スタンダード（内国株式）,金属製品,7730,7830,7720,7720,-10,-0.129366,1400,OK
2026-03-19,5973,トーアミ,スタンダード（内国株式）,金属製品,622,622,613,619,-13,-2.056962,1800,OK
2026-03-19,5974,中国工業,スタンダード（内国株式）,金属製品,842,930,840,847,5,0.593824,25600,OK
2026-03-19,5975,東プレ,プライム（内国株式）,金属製品,2523,2538,2473,2473,-140,-5.357826,114500,OK
2026-03-19,5976,高周波熱錬,プライム（内国株式）,金属製品,1346,1346,1327,1330,-29,-2.133922,119400,OK
2026-03-19,5981,東京製綱,プライム（内国株式）,金属製品,1818,1830,1763,1763,-123,-6.521739,121000,OK
2026-03-19,5982,マルゼン,スタンダード（内国株式）,金属製品,3960,3960,3910,3940,-20,-0.505051,1300,OK
2026-03-19,5983,イワブチ,スタンダード（内国株式）,金属製品,12920,13070,12770,13070,-100,-0.759301,800,OK
2026-03-19,5984,兼房,スタンダード（内国株式）,金属製品,838,838,804,804,-34,-4.057279,6300,OK
2026-03-19,5985,サンコール,スタンダード（内国株式）,金属製品,2039,2131,1935,1983,-103,-4.93768,1565300,OK
2026-03-19,5986,モリテック　スチール,スタンダード（内国株式）,金属製品,229,231,226,228,-4,-1.724138,18000,OK
2026-03-19,5987,オーネックス,スタンダード（内国株式）,金属製品,1720,1720,1720,1720,0,0,100,OK
2026-03-19,5988,パイオラックス,プライム（内国株式）,金属製品,1654,1654,1630,1630,-33,-1.984366,193100,OK
2026-03-19,5989,エイチワン,プライム（内国株式）,金属製品,1260,1260,1237,1238,-42,-3.28125,198100,OK
2026-03-19,5990,スーパーツール,スタンダード（内国株式）,金属製品,1988,2005,1988,1997,-8,-0.399002,1700,OK
2026-03-19,5991,日本発條,プライム（内国株式）,金属製品,2700,2709,2635,2675,-125,-4.464286,837700,OK
2026-03-19,5992,中央発條,スタンダード（内国株式）,金属製品,3575,3575,3475,3490,-15,-0.42796,119700,OK
2026-03-19,5994,ファインシンター,スタンダード（内国株式）,金属製品,1586,1586,1520,1522,-96,-5.933251,39100,OK
2026-03-19,5997,協立エアテック,スタンダード（内国株式）,金属製品,787,798,785,787,-13,-1.625,3400,OK
2026-03-19,5998,アドバネクス,スタンダード（内国株式）,金属製品,1742,1764,1688,1693,-83,-4.673423,35500,OK
2026-03-19,6005,三浦工業,プライム（内国株式）,機械,3205,3225,3169,3179,-133,-4.0157,433500,OK
2026-03-19,6013,タクマ,プライム（内国株式）,機械,2969,3005,2936,2936,-64,-2.133333,552800,OK
2026-03-19,6016,ジャパンエンジンコーポレーション,スタンダード（内国株式）,輸送用機器,13230,13720,13210,13650,30,0.220264,352200,OK
2026-03-19,6018,阪神内燃機工業,スタンダード（内国株式）,輸送用機器,5940,5990,5800,5870,-120,-2.003339,16000,OK
2026-03-19,6022,赤阪鐵工所,スタンダード（内国株式）,機械,3495,3495,3285,3305,-330,-9.078404,9800,OK
2026-03-19,6023,ダイハツインフィニアース,スタンダード（内国株式）,輸送用機器,2289,2322,2237,2237,-103,-4.401709,124100,OK
2026-03-19,6027,弁護士ドットコム,プライム（内国株式）,サービス業,2769,2850,2762,2850,0,0,88400,OK
2026-03-19,6029,アトラグループ,スタンダード（内国株式）,サービス業,143,143,142,142,-2,-1.388889,15600,OK
2026-03-19,6030,アドベンチャー,グロース（内国株式）,サービス業,1820,1820,1729,1740,-87,-4.761905,15500,OK
2026-03-19,6031,ＺＥＴＡ,グロース（内国株式）,サービス業,276,283,272,272,-5,-1.805054,217100,OK
2026-03-19,6033,エクストリーム,グロース（内国株式）,サービス業,1545,1546,1531,1531,-43,-2.731893,9600,OK
2026-03-19,6034,ＭＲＴ,グロース（内国株式）,サービス業,649,649,630,638,-12,-1.846154,4300,OK
2026-03-19,6035,アイ・アールジャパンホールディングス,スタンダード（内国株式）,サービス業,742,756,735,735,-19,-2.519894,37200,OK
2026-03-19,6036,ＫｅｅＰｅｒ技研,プライム（内国株式）,サービス業,3105,3120,3030,3050,-110,-3.481013,141100,OK
2026-03-19,6037,楽待,スタンダード（内国株式）,サービス業,985,985,949,950,-40,-4.040404,135500,OK
2026-03-19,6038,イード,グロース（内国株式）,サービス業,923,923,903,903,-22,-2.378378,3100,OK
2026-03-19,6039,日本動物高度医療センター,グロース（内国株式）,サービス業,1280,1292,1227,1232,-66,-5.084746,108300,OK
2026-03-19,6040,日本スキー場開発,グロース（内国株式）,サービス業,459,459,448,448,-14,-3.030303,72800,OK
2026-03-19,6042,ニッキ,スタンダード（内国株式）,輸送用機器,4500,4565,4500,4565,65,1.444444,500,OK
2026-03-19,6044,三機サービス,スタンダード（内国株式）,サービス業,1696,1716,1685,1685,-32,-1.863716,7600,OK
2026-03-19,6045,レントラックス,グロース（内国株式）,サービス業,1719,1727,1670,1670,-52,-3.019744,33800,OK
2026-03-19,6046,リンクバル,グロース（内国株式）,サービス業,211,212,203,206,-6,-2.830189,106500,OK
2026-03-19,6047,Ｇｕｎｏｓｙ,プライム（内国株式）,サービス業,536,536,525,525,-18,-3.314917,210800,OK
2026-03-19,6049,イトクロ,グロース（内国株式）,サービス業,262,262,255,257,-6,-2.281369,14100,OK
2026-03-19,6050,イー・ガーディアン,プライム（内国株式）,サービス業,1670,1674,1655,1661,-7,-0.419664,22100,OK
2026-03-19,6054,リブセンス,スタンダード（内国株式）,サービス業,125,127,120,121,-7,-5.46875,208600,OK
2026-03-19,6055,ジャパンマテリアル,プライム（内国株式）,サービス業,1751,1778,1713,1723,-107,-5.846995,702100,OK
2026-03-19,6058,ベクトル,プライム（内国株式）,サービス業,1308,1323,1287,1289,-45,-3.373313,199800,OK
2026-03-19,6059,ウチヤマホールディングス,スタンダード（内国株式）,サービス業,380,387,377,377,-6,-1.56658,41600,OK
2026-03-19,6061,ユニバーサル園芸社,スタンダード（内国株式）,サービス業,2995,3030,2950,2980,-17,-0.567234,2400,OK
2026-03-19,6062,チャーム・ケア・コーポレーション,プライム（内国株式）,サービス業,1340,1340,1315,1316,-37,-2.734664,79600,OK
2026-03-19,6063,日本エマージェンシーアシスタンス,スタンダード（内国株式）,サービス業,899,903,898,899,1,0.111359,1000,OK
2026-03-19,6069,トレンダーズ,グロース（内国株式）,サービス業,766,770,756,756,-25,-3.201024,45400,OK
2026-03-19,6070,キャリアリンク,プライム（内国株式）,サービス業,2678,2678,2643,2645,-49,-1.818857,29300,OK
2026-03-19,6071,ＩＢＪ,プライム（内国株式）,サービス業,710,714,696,696,-25,-3.467406,118700,OK
2026-03-19,6072,地盤ネットホールディングス,スタンダード（内国株式）,サービス業,891,896,786,798,-128,-13.822894,2164900,OK
2026-03-19,6073,アサンテ,プライム（内国株式）,サービス業,1576,1576,1566,1566,-10,-0.634518,14500,OK
2026-03-19,6074,ジェイエスエス,スタンダード（内国株式）,サービス業,523,523,520,521,-3,-0.572519,7500,OK
2026-03-19,6078,バリューＨＲ,プライム（内国株式）,サービス業,1420,1430,1394,1394,-33,-2.312544,39000,OK
2026-03-19,6080,Ｍ＆Ａキャピタルパートナーズ,プライム（内国株式）,サービス業,3255,3255,3140,3155,-165,-4.96988,321700,OK
2026-03-19,6081,アライドアーキテクツ,グロース（内国株式）,サービス業,316,321,307,309,-7,-2.21519,284400,OK
2026-03-19,6082,ライドオンエクスプレスホールディングス,スタンダード（内国株式）,サービス業,1021,1023,1018,1018,-2,-0.196078,14100,OK
2026-03-19,6083,ＥＲＩホールディングス,スタンダード（内国株式）,サービス業,4835,4845,4725,4755,-20,-0.418848,52400,OK
2026-03-19,6085,アーキテクツ・スタジオ・ジャパン,グロース（内国株式）,サービス業,2600,2600,2600,2600,-700,-21.212121,46900,OK
2026-03-19,6086,シンメンテホールディングス,グロース（内国株式）,サービス業,1115,1115,1085,1100,-15,-1.345291,33100,OK
2026-03-19,6087,アビスト,スタンダード（内国株式）,サービス業,3440,3450,3440,3450,10,0.290698,2100,OK
2026-03-19,6088,シグマクシス・ホールディングス,プライム（内国株式）,サービス業,667,682,664,664,-13,-1.920236,444600,OK
2026-03-19,6089,ウィルグループ,プライム（内国株式）,サービス業,1222,1228,1214,1214,-15,-1.220504,72800,OK
2026-03-19,6090,ヒューマン・メタボローム・テクノロジーズ,スタンダード（内国株式）,サービス業,725,725,715,715,-14,-1.920439,3100,OK
2026-03-19,6091,ウエスコホールディングス,スタンダード（内国株式）,サービス業,882,887,871,871,-18,-2.024747,8400,OK
2026-03-19,6092,エンバイオ・ホールディングス,スタンダード（内国株式）,サービス業,827,827,798,798,-40,-4.77327,78700,OK
2026-03-19,6093,エスクロー・エージェント・ジャパン,スタンダード（内国株式）,サービス業,193,202,189,191,-4,-2.051282,827300,OK
2026-03-19,6094,フリークアウト・ホールディングス,グロース（内国株式）,サービス業,681,683,653,653,-41,-5.907781,9700,OK
2026-03-19,6096,レアジョブ,スタンダード（内国株式）,サービス業,306,308,306,307,0,0,15500,OK
2026-03-19,6098,リクルートホールディングス,プライム（内国株式）,サービス業,6346,6452,6264,6332,-222,-3.387244,7249300,OK
2026-03-19,6099,エラン,プライム（内国株式）,サービス業,725,731,718,724,-13,-1.763908,113400,OK
2026-03-19,6101,ツガミ,プライム（内国株式）,機械,3580,3600,3470,3480,-240,-6.451613,270000,OK
2026-03-19,6103,オークマ,プライム（内国株式）,機械,3890,3920,3810,3820,-200,-4.975124,872600,OK
2026-03-19,6104,芝浦機械,プライム（内国株式）,機械,3790,3825,3770,3815,-90,-2.304738,274100,OK
2026-03-19,6113,アマダ,プライム（内国株式）,機械,2303.5,2319.5,2269.5,2276.5,-77,-3.271723,2278900,OK
2026-03-19,6118,アイダエンジニアリング,プライム（内国株式）,機械,1116,1122,1108,1116,-24,-2.105263,225600,OK
2026-03-19,6125,岡本工作機械製作所,スタンダード（内国株式）,機械,4520,4545,4310,4315,-275,-5.991285,42500,OK
2026-03-19,6134,ＦＵＪＩ,プライム（内国株式）,機械,5234,5251,5060,5116,-251,-4.676728,1435800,OK
2026-03-19,6135,牧野フライス製作所,プライム（内国株式）,機械,11550,11600,11540,11600,0,0,79400,OK
2026-03-19,6136,オーエスジー,プライム（内国株式）,機械,2586.5,2607.5,2531,2543,-80,-3.049943,358000,OK
2026-03-19,6137,小池酸素工業,スタンダード（内国株式）,機械,2070,2095,2014,2030,-52,-2.497598,30500,OK
2026-03-19,6138,ダイジェット工業,スタンダード（内国株式）,機械,1121,1135,1114,1114,-14,-1.241135,3000,OK
2026-03-19,6140,旭ダイヤモンド工業,プライム（内国株式）,機械,1355,1389,1326,1342,-50,-3.591954,1314900,OK
2026-03-19,6141,ＤＭＧ森精機,プライム（内国株式）,機械,2545,2567.5,2502,2504,-137.5,-5.205376,1643400,OK
2026-03-19,6143,ソディック,プライム（内国株式）,機械,1409,1418,1373,1373,-82,-5.635739,387800,OK
2026-03-19,6144,西部電機,スタンダード（内国株式）,機械,2826,2876,2823,2870,20,0.701754,6700,OK
2026-03-19,6145,ＮＩＴＴＯＫＵ,スタンダード（内国株式）,機械,2256,2273,2226,2238,-118,-5.008489,215400,OK
2026-03-19,6146,ディスコ,プライム（内国株式）,機械,69450,70370,68650,69580,-1100,-1.55631,2255700,OK
2026-03-19,6147,ヤマザキ,スタンダード（内国株式）,機械,342,343,335,337,-3,-0.882353,18800,OK
2026-03-19,6149,小田原エンジニアリング,スタンダード（内国株式）,機械,1997,2010,1976,1977,-49,-2.418559,20600,OK
2026-03-19,6150,タケダ機械,スタンダード（内国株式）,機械,3315,3315,3265,3300,-20,-0.60241,1200,OK
2026-03-19,6151,日東工器,プライム（内国株式）,機械,1708,1712,1682,1688,-39,-2.258251,21900,OK
2026-03-19,6155,高松機械工業,スタンダード（内国株式）,機械,475,475,470,474,-1,-0.210526,9000,OK
2026-03-19,6156,エーワン精密,スタンダード（内国株式）,機械,1940,1948,1903,1910,-56,-2.848423,25900,OK
2026-03-19,6157,日進工具,スタンダード（内国株式）,機械,896,900,877,877,-24,-2.663707,54400,OK
2026-03-19,6158,和井田製作所,スタンダード（内国株式）,機械,985,985,953,964,-16,-1.632653,25300,OK
2026-03-19,6159,ミクロン精密,スタンダード（内国株式）,機械,2218,2255,2218,2245,-23,-1.014109,1700,OK
2026-03-19,6161,エスティック,スタンダード（内国株式）,機械,1040,1042,1035,1038,-12,-1.142857,10800,OK
2026-03-19,6165,パンチ工業,スタンダード（内国株式）,機械,500,500,488,488,-17,-3.366337,64300,OK
2026-03-19,6166,中村超硬,グロース（内国株式）,機械,798,799,777,785,-13,-1.629073,258200,OK
2026-03-19,6167,冨士ダイス,プライム（内国株式）,機械,1171,1190,1163,1163,-47,-3.884298,80300,OK
2026-03-19,6168,ＯＮＥ　ＧＲＯＵＰ,TOKYO PRO MARKET（内国株式）,機械,,,,,,,,NO_QUOTE
2026-03-19,6171,土木管理総合試験所,スタンダード（内国株式）,サービス業,418,420,409,409,-11,-2.619048,47400,OK
2026-03-19,6173,アクアライン,グロース（内国株式）,サービス業,149,162,148,150,0,0,97700,OK
2026-03-19,6174,デンタス,TOKYO PRO MARKET（内国株式）,サービス業,,,,,,,,NO_QUOTE
2026-03-19,6176,ブランジスタ,スタンダード（内国株式）,サービス業,938,938,917,928,-17,-1.798942,98200,OK
2026-03-19,6177,ＡｐｐＢａｎｋ,グロース（内国株式）,サービス業,112,115,109,110,-5,-4.347826,394500,OK
2026-03-19,6178,日本郵政,プライム（内国株式）,サービス業,1804.5,1824,1800,1808.5,-36,-1.951748,7699400,OK
2026-03-19,6180,ＧＭＯメディア,グロース（内国株式）,サービス業,4360,4450,4340,4340,-90,-2.031603,1500,OK
2026-03-19,6181,タメニー,グロース（内国株式）,サービス業,103,105,102,102,-1,-0.970874,31000,OK
2026-03-19,6182,メタリアル,グロース（内国株式）,サービス業,476,476,468,468,-11,-2.296451,58300,OK
2026-03-19,6183,ベルシステム２４ホールディングス,プライム（内国株式）,サービス業,1421,1441,1398,1400,-24,-1.685393,267000,OK
2026-03-19,6184,鎌倉新書,プライム（内国株式）,サービス業,482,485,473,474,-16,-3.265306,388900,OK
2026-03-19,6185,ＳＭＮ,スタンダード（内国株式）,サービス業,398,399,391,393,-7,-1.75,41600,OK
2026-03-19,6186,一蔵,スタンダード（内国株式）,サービス業,386,388,385,387,1,0.259067,1800,OK
2026-03-19,6189,グローバルキッズＣＯＭＰＡＮＹ,スタンダード（内国株式）,サービス業,1098,1098,1074,1076,-19,-1.73516,25100,OK
2026-03-19,6190,フェニックスバイオ,グロース（内国株式）,サービス業,468,477,449,455,-27,-5.60166,58800,OK
2026-03-19,6191,エアトリ,プライム（内国株式）,サービス業,707,723,699,708,-7,-0.979021,563600,OK
2026-03-19,6193,バーチャレクス・ホールディングス,グロース（内国株式）,サービス業,1036,1036,1023,1030,-5,-0.483092,12100,OK
2026-03-19,6194,アトラエ,プライム（内国株式）,サービス業,684,686,661,667,-24,-3.473227,618900,OK
2026-03-19,6195,ホープ,グロース（内国株式）,サービス業,209,213,207,209,0,0,35500,OK
2026-03-19,6196,ストライク,プライム（内国株式）,サービス業,4045,4060,3905,3910,-170,-4.166667,177700,OK
2026-03-19,6197,ソラスト,プライム（内国株式）,サービス業,996,999,980,987,-16,-1.595214,654200,OK
2026-03-19,6198,キャリア,グロース（内国株式）,サービス業,234,237,229,237,3,1.282051,4700,OK
2026-03-19,6199,セラク,スタンダード（内国株式）,サービス業,1465,1468,1438,1438,-42,-2.837838,21000,OK
2026-03-19,6200,インソース,プライム（内国株式）,サービス業,709,714,698,698,-18,-2.513966,693700,OK
2026-03-19,6201,豊田自動織機,プライム（内国株式）,輸送用機器,20550,20595,20525,20570,-20,-0.097135,394200,OK
2026-03-19,6203,豊和工業,スタンダード（内国株式）,機械,1630,1644,1588,1592,-83,-4.955224,135300,OK
2026-03-19,6208,石川製作所,スタンダード（内国株式）,機械,2352,2375,2283,2302,-135,-5.539598,168700,OK
2026-03-19,6209,リケンＮＰＲ,プライム（内国株式）,機械,3950,3955,3875,3890,-105,-2.628285,132200,OK
2026-03-19,6210,ＴＯＹＯイノベックス,スタンダード（内国株式）,機械,658,660,655,655,-5,-0.757576,43600,OK
2026-03-19,6217,津田駒工業,スタンダード（内国株式）,機械,520,521,499,500,-29,-5.482042,58600,OK
2026-03-19,6218,エンシュウ,スタンダード（内国株式）,機械,575,575,571,574,-6,-1.034483,400,OK
2026-03-19,6222,島精機製作所,プライム（内国株式）,機械,930,935,910,914,-46,-4.791667,317500,OK
2026-03-19,6223,西部技研,スタンダード（内国株式）,機械,2244,2260,2172,2172,-121,-5.27693,46100,OK
2026-03-19,6224,ＪＲＣ,グロース（内国株式）,機械,1262,1262,1209,1211,-76,-5.905206,70600,OK
2026-03-19,6226,守谷輸送機工業,スタンダード（内国株式）,機械,4375,4390,4170,4175,-375,-8.241758,161900,OK
2026-03-19,6227,ＡＩメカテック,スタンダード（内国株式）,機械,18900,21080,18830,20120,660,3.391572,1003000,OK
2026-03-19,6228,ジェイ・イー・ティ,スタンダード（内国株式）,機械,637,639,621,623,-24,-3.709428,26200,OK
2026-03-19,6229,オーケーエム,スタンダード（内国株式）,機械,2344,2366,2275,2275,-86,-3.642524,29700,OK
2026-03-19,6230,ＳＡＮＥＩ,スタンダード（内国株式）,機械,2195,2195,2190,2195,5,0.228311,2400,OK
2026-03-19,6231,木村工機,スタンダード（内国株式）,機械,15480,15570,14860,15000,-550,-3.536977,3700,OK
2026-03-19,6232,ＡＣＳＬ,グロース（内国株式）,機械,1602,1643,1540,1542,-103,-6.261398,886900,OK
2026-03-19,6233,ＫＬＡＳＳ,スタンダード（内国株式）,機械,401,402,399,399,-5,-1.237624,3600,OK
2026-03-19,6235,オプトラン,プライム（内国株式）,機械,2820,2861,2731,2739,-203,-6.900068,523500,OK
2026-03-19,6237,イワキ,プライム（内国株式）,機械,2539,2557,2513,2513,-109,-4.157132,20300,OK
2026-03-19,6238,フリュー,プライム（内国株式）,機械,1265,1265,1233,1233,-45,-3.521127,188100,OK
2026-03-19,6239,ナガオカ,スタンダード（内国株式）,機械,1472,1650,1472,1612,124,8.333333,99800,OK
2026-03-19,6240,ヤマシンフィルタ,プライム（内国株式）,機械,501,502,491,491,-20,-3.913894,429500,OK
2026-03-19,6245,ヒラノテクシード,スタンダード（内国株式）,機械,1767,1788,1750,1755,-52,-2.877698,29100,OK
2026-03-19,6246,テクノスマート,スタンダード（内国株式）,機械,1963,1980,1963,1970,-25,-1.253133,3000,OK
2026-03-19,6247,日阪製作所,プライム（内国株式）,機械,1592,1602,1565,1571,-59,-3.619632,45500,OK
2026-03-19,6248,横田製作所,スタンダード（内国株式）,機械,1856,1856,1856,1856,-33,-1.746956,100,OK
2026-03-19,6249,ゲームカードホールディングス,スタンダード（内国株式）,機械,2909,2915,2851,2851,-59,-2.027491,24800,OK
2026-03-19,6250,やまびこ,プライム（内国株式）,機械,3700,3710,3595,3595,-215,-5.643045,110200,OK
2026-03-19,6254,野村マイクロ・サイエンス,プライム（内国株式）,機械,2979,2984,2834,2834,-216,-7.081967,913000,OK
2026-03-19,6255,エヌ・ピー・シー,グロース（内国株式）,機械,789,795,768,769,-44,-5.412054,228300,OK
2026-03-19,6257,藤商事,スタンダード（内国株式）,機械,1013,1018,1006,1007,-11,-1.08055,35000,OK
2026-03-19,6258,平田機工,プライム（内国株式）,機械,2575,2583,2510,2511,-137,-5.173716,336900,OK
2026-03-19,6262,ＰＥＧＡＳＵＳ,スタンダード（内国株式）,機械,790,802,777,778,-23,-2.871411,95400,OK
2026-03-19,6264,マルマエ,プライム（内国株式）,機械,3295,3295,3190,3215,-185,-5.441176,201700,OK
2026-03-19,6265,コンバム,スタンダード（内国株式）,機械,2712,2712,2703,2710,-3,-0.110579,1000,OK
2026-03-19,6266,タツモ,プライム（内国株式）,機械,2383,2395,2310,2310,-123,-5.055487,133600,OK
2026-03-19,6267,ゼネラルパッカー,スタンダード（内国株式）,機械,3915,3915,3800,3800,-125,-3.184713,1300,OK
2026-03-19,6268,ナブテスコ,プライム（内国株式）,機械,4407,4457,4337,4337,-210,-4.61843,810000,OK
2026-03-19,6269,三井海洋開発,プライム（内国株式）,機械,15080,15925,15040,15550,480,3.185136,4171300,OK
2026-03-19,6272,レオン自動機,プライム（内国株式）,機械,1501,1530,1483,1530,8,0.525624,142300,OK
2026-03-19,6273,ＳＭＣ,プライム（内国株式）,機械,66080,66500,64790,64870,-3170,-4.659024,328400,OK
2026-03-19,6276,シリウスビジョン,スタンダード（内国株式）,電気機器,260,262,254,257,-6,-2.281369,23600,OK
2026-03-19,6277,ホソカワミクロン,プライム（内国株式）,機械,5930,5930,5810,5810,-220,-3.648425,34000,OK
2026-03-19,6278,ユニオンツール,プライム（内国株式）,機械,14500,15020,14240,14820,-230,-1.528239,203100,OK
2026-03-19,6279,瑞光,プライム（内国株式）,機械,895,895,878,878,-22,-2.444444,41500,OK
2026-03-19,6282,オイレス工業,プライム（内国株式）,機械,2406,2432,2397,2397,-40,-1.641362,174700,OK
2026-03-19,6284,日精エー・エス・ビー機械,プライム（内国株式）,機械,8500,8570,8310,8340,-440,-5.01139,43800,OK
2026-03-19,6286,靜甲,スタンダード（内国株式）,機械,1635,1653,1625,1625,-10,-0.611621,5100,OK
2026-03-19,6287,サトー,プライム（内国株式）,機械,2328,2328,2280,2280,-86,-3.634827,58700,OK
2026-03-19,6289,技研製作所,プライム（内国株式）,機械,2100,2103,2023,2030,-107,-5.007019,115900,OK
2026-03-19,6291,日本エアーテック,スタンダード（内国株式）,機械,1300,1300,1266,1266,-53,-4.018196,70500,OK
2026-03-19,6292,カワタ,スタンダード（内国株式）,機械,805,807,801,801,-9,-1.111111,6800,OK
2026-03-19,6293,日精樹脂工業,プライム（内国株式）,機械,878,878,872,872,-14,-1.580135,20400,OK
2026-03-19,6294,オカダアイヨン,プライム（内国株式）,機械,2301,2309,2269,2269,-40,-1.732352,25600,OK
2026-03-19,6298,ワイエイシイホールディングス,プライム（内国株式）,機械,1057,1063,1036,1037,-40,-3.71402,205200,OK
2026-03-19,6301,小松製作所,プライム（内国株式）,機械,6357,6515,6342,6344,-258,-3.907907,5265800,OK
2026-03-19,6302,住友重機械工業,プライム（内国株式）,機械,5117,5151,5045,5045,-258,-4.865171,868300,OK
2026-03-19,6305,日立建機,プライム（内国株式）,機械,5498,5532,5420,5432,-315,-5.481121,1061900,OK
2026-03-19,6306,日工,プライム（内国株式）,機械,805,818,801,801,-12,-1.476015,103800,OK
2026-03-19,6307,サンセイ,スタンダード（内国株式）,機械,631,638,595,595,-51,-7.894737,61400,OK
2026-03-19,6309,巴工業,プライム（内国株式）,機械,1912,1917,1882,1885,-63,-3.234086,79500,OK
2026-03-19,6310,井関農機,プライム（内国株式）,機械,1658,1669,1620,1621,-77,-4.534747,166800,OK
2026-03-19,6315,ＴＯＷＡ,プライム（内国株式）,機械,2575,2619,2523,2535,-136,-5.091726,2252000,OK
2026-03-19,6316,丸山製作所,スタンダード（内国株式）,機械,2331,2339,2311,2311,-46,-1.951633,2800,OK
2026-03-19,6317,北川鉄工所,スタンダード（内国株式）,機械,1715,1715,1688,1694,-40,-2.306805,47500,OK
2026-03-19,6322,タクミナ,スタンダード（内国株式）,機械,1600,1600,1576,1577,-23,-1.4375,1000,OK
2026-03-19,6323,ローツェ,プライム（内国株式）,機械,2787.5,2868.5,2758.5,2776.5,-111,-3.844156,2473600,OK
2026-03-19,6324,ハーモニック・ドライブ・システムズ,プライム（内国株式）,機械,4320,4340,4110,4135,-225,-5.16055,1279400,OK
2026-03-19,6325,タカキタ,スタンダード（内国株式）,機械,400,400,395,396,-3,-0.75188,4400,OK
2026-03-19,6326,クボタ,プライム（内国株式）,機械,2644,2648,2572,2580.5,-133,-4.901419,4931400,OK
2026-03-19,6327,北川精機,スタンダード（内国株式）,機械,1730,1765,1625,1657,-113,-6.384181,417900,OK
2026-03-19,6328,荏原実業,プライム（内国株式）,機械,2603,2603,2520,2526,-127,-4.787034,65800,OK
2026-03-19,6330,東洋エンジニアリング,プライム（内国株式）,建設業,3330,3620,3265,3610,110,3.142857,5712900,OK
2026-03-19,6331,三菱化工機,プライム（内国株式）,機械,3370,3390,3255,3265,-200,-5.772006,283600,OK
2026-03-19,6332,月島ホールディングス,プライム（内国株式）,機械,3110,3140,2983,2983,-212,-6.635368,155900,OK
2026-03-19,6333,帝国電機製作所,プライム（内国株式）,機械,3010,3030,2961,3020,-60,-1.948052,76300,OK
2026-03-19,6334,明治機械,スタンダード（内国株式）,機械,400,404,395,400,0,0,6300,OK
2026-03-19,6335,東京機械製作所,スタンダード（内国株式）,機械,601,601,532,532,31,6.187625,1165500,OK
2026-03-19,6336,石井表記,スタンダード（内国株式）,機械,966,976,943,956,-18,-1.848049,62100,OK
2026-03-19,6337,テセック,スタンダード（内国株式）,機械,2667,2706,2658,2658,-100,-3.625816,19100,OK
2026-03-19,6338,タカトリ,スタンダード（内国株式）,機械,1576,1576,1509,1520,-86,-5.354919,32700,OK
2026-03-19,6339,新東工業,プライム（内国株式）,機械,993,993,964,966,-34,-3.4,184200,OK
2026-03-19,6340,澁谷工業,プライム（内国株式）,機械,3395,3445,3350,3350,-110,-3.179191,46500,OK
2026-03-19,6342,太平製作所,スタンダード（内国株式）,機械,2936,2936,2910,2928,-19,-0.644723,500,OK
2026-03-19,6343,フリージア・マクロス,スタンダード（内国株式）,機械,175,177,172,172,-7,-3.910615,204300,OK
2026-03-19,6345,アイチ　コーポレーション,プライム（内国株式）,機械,1351,1355,1340,1342,-38,-2.753623,185100,OK
2026-03-19,6346,キクカワエンタープライズ,スタンダード（内国株式）,機械,,,,,,,,NO_QUOTE
2026-03-19,6347,プラコー,スタンダード（内国株式）,機械,382,382,356,362,-18,-4.736842,31800,OK
2026-03-19,6349,小森コーポレーション,プライム（内国株式）,機械,1642,1643,1607,1607,-67,-4.002389,150400,OK
2026-03-19,6351,鶴見製作所,プライム（内国株式）,機械,2026,2065,2006,2065,19,0.928641,96300,OK
2026-03-19,6356,日本ギア工業,スタンダード（内国株式）,機械,1843,1937,1750,1800,-83,-4.40786,8000900,OK
2026-03-19,6357,三精テクノロジーズ,スタンダード（内国株式）,機械,2319,2319,2258,2266,-102,-4.307432,47900,OK
2026-03-19,6358,酒井重工業,プライム（内国株式）,機械,2159,2159,2116,2117,-63,-2.889908,41000,OK
2026-03-19,6360,東京自働機械製作所,スタンダード（内国株式）,機械,3945,3955,3940,3955,10,0.253485,400,OK
2026-03-19,6361,荏原製作所,プライム（内国株式）,機械,4767,4867,4740,4752,-213,-4.29003,2975200,OK
2026-03-19,6363,酉島製作所,プライム（内国株式）,機械,2652,2694,2642,2665,-54,-1.986024,187300,OK
2026-03-19,6364,ＡＩＲＭＡＮ,プライム（内国株式）,機械,2073,2079,2032,2033,-85,-4.01322,61500,OK
2026-03-19,6365,電業社機械製作所,スタンダード（内国株式）,機械,6210,6260,6060,6060,-200,-3.194888,6900,OK
2026-03-19,6366,千代田化工建設,スタンダード（内国株式）,建設業,1225,1235,1125,1148,-80,-6.514658,13279200,OK
2026-03-19,6367,ダイキン工業,プライム（内国株式）,機械,19380,19590,19275,19370,-410,-2.072801,1240000,OK
2026-03-19,6368,オルガノ,プライム（内国株式）,機械,14705,14985,14500,14635,-570,-3.748767,214900,OK
2026-03-19,6369,トーヨーカネツ,プライム（内国株式）,機械,2877,2877,2773,2776,-121,-4.176735,114400,OK
2026-03-19,6370,栗田工業,プライム（内国株式）,機械,7700,7740,7626,7698,-276,-3.461249,539800,OK
2026-03-19,6371,椿本チエイン,プライム（内国株式）,機械,2385,2394,2346,2348,-80,-3.294893,275800,OK
2026-03-19,6376,日機装,プライム（内国株式）,精密機器,2378,2378,2313,2322,-101,-4.168386,227400,OK
2026-03-19,6378,木村化工機,スタンダード（内国株式）,機械,1604,1929,1555,1677,93,5.871212,15662100,OK
2026-03-19,6379,レイズネクスト,プライム（内国株式）,建設業,2379,2390,2346,2346,-77,-3.177879,138500,OK
2026-03-19,6380,オリエンタルチエン工業,スタンダード（内国株式）,機械,3420,3500,3420,3500,55,1.596517,1500,OK
2026-03-19,6381,アネスト岩田,プライム（内国株式）,機械,1655,1661,1639,1639,-41,-2.440476,80800,OK
2026-03-19,6382,トリニティ工業,スタンダード（内国株式）,機械,1283,1290,1268,1268,-41,-3.132162,32100,OK
2026-03-19,6383,ダイフク,プライム（内国株式）,機械,5797,5895,5746,5746,-251,-4.185426,2502800,OK
2026-03-19,6384,昭和真空,スタンダード（内国株式）,機械,1868,1882,1841,1871,-7,-0.372737,23600,OK
2026-03-19,6387,サムコ,プライム（内国株式）,機械,7520,8000,7360,7690,150,1.98939,327000,OK
2026-03-19,6390,加藤製作所,プライム（内国株式）,機械,1513,1522,1490,1490,-63,-4.056665,78600,OK
2026-03-19,6391,加地テック,スタンダード（内国株式）,機械,5140,5290,4910,5010,-220,-4.206501,16900,OK
2026-03-19,6392,ヤマダコーポレーション,スタンダード（内国株式）,機械,6390,6390,6390,6390,0,0,400,OK
2026-03-19,6393,油研工業,スタンダード（内国株式）,機械,3180,3200,3150,3155,-30,-0.941915,5000,OK
2026-03-19,6395,タダノ,プライム（内国株式）,機械,1275,1279,1249,1249,-67,-5.091185,447100,OK
2026-03-19,6396,宇野澤組鐵工所,スタンダード（内国株式）,機械,4120,4165,4040,4040,-140,-3.349282,2300,OK
2026-03-19,6400,不二精機,スタンダード（内国株式）,機械,282,283,281,281,-3,-1.056338,23500,OK
2026-03-19,6402,兼松エンジニアリング,スタンダード（内国株式）,機械,1982,1984,1943,1957,-37,-1.855567,22000,OK
2026-03-19,6403,水道機工,スタンダード（内国株式）,機械,4045,4050,4045,4050,5,0.123609,5700,OK
2026-03-19,6405,鈴茂器工,スタンダード（内国株式）,機械,1183,1184,1158,1159,-47,-3.897181,84300,OK
2026-03-19,6406,フジテック,プライム（内国株式）,機械,5680,5690,5670,5680,0,0,135700,OK
2026-03-19,6407,ＣＫＤ,プライム（内国株式）,機械,4570,4570,4465,4505,-275,-5.753138,507600,OK
2026-03-19,6408,小倉クラッチ,スタンダード（内国株式）,機械,4675,4740,4600,4605,0,0,1300,OK
2026-03-19,6412,平和,プライム（内国株式）,機械,1935,1939,1921,1921,-34,-1.73913,1041100,OK
2026-03-19,6413,理想科学工業,プライム（内国株式）,機械,1195,1197,1185,1185,-25,-2.066116,73100,OK
2026-03-19,6417,ＳＡＮＫＹＯ,プライム（内国株式）,機械,2017,2033.5,1994.5,1994.5,-63.5,-3.08552,2583400,OK
2026-03-19,6418,日本金銭機械,プライム（内国株式）,機械,1095,1095,1064,1064,-40,-3.623188,145000,OK
2026-03-19,6419,マースグループホールディングス,プライム（内国株式）,機械,3080,3110,3075,3090,-35,-1.12,96700,OK
2026-03-19,6420,ガリレイ,プライム（内国株式）,機械,3450,3490,3420,3425,-95,-2.698864,76300,OK
2026-03-19,6424,高見沢サイバネティックス,スタンダード（内国株式）,機械,921,927,912,920,-2,-0.21692,22400,OK
2026-03-19,6425,ユニバーサルエンターテインメント,スタンダード（内国株式）,機械,772,784,748,748,-33,-4.225352,538600,OK
2026-03-19,6428,オーイズミ,スタンダード（内国株式）,機械,340,343,339,342,-2,-0.581395,6100,OK
2026-03-19,6430,ダイコク電機,プライム（内国株式）,機械,2423,2437,2408,2417,-38,-1.547862,68200,OK
2026-03-19,6432,竹内製作所,プライム（内国株式）,機械,6320,6340,6220,6240,-200,-3.10559,339500,OK
2026-03-19,6433,ヒーハイスト,スタンダード（内国株式）,機械,1655,1798,1655,1683,-42,-2.434783,446100,OK
2026-03-19,6436,アマノ,プライム（内国株式）,機械,3856,3909,3851,3860,-56,-1.430031,303600,OK
2026-03-19,6440,ＪＵＫＩ,プライム（内国株式）,機械,727,727,684,688,-61,-8.144192,529900,OK
2026-03-19,6444,サンデン,スタンダード（内国株式）,機械,153,154,149,149,-8,-5.095541,124700,OK
2026-03-19,6445,ジャノメ,プライム（内国株式）,機械,1369,1369,1340,1343,-45,-3.242075,56100,OK
2026-03-19,6448,ブラザー工業,プライム（内国株式）,電気機器,2935.5,2950.5,2915,2926,-55,-1.845018,860300,OK
2026-03-19,6454,マックス,プライム（内国株式）,機械,7120,7120,6910,6910,-280,-3.894298,110100,OK
2026-03-19,6455,モリタホールディングス,プライム（内国株式）,輸送用機器,2729,2729,2690,2702,-77,-2.770781,114700,OK
2026-03-19,6457,グローリー,プライム（内国株式）,機械,4060,4122,4019,4028,-79,-1.923545,260600,OK
2026-03-19,6458,新晃工業,プライム（内国株式）,機械,1277,1280,1259,1264,-37,-2.843966,181900,OK
2026-03-19,6459,大和冷機工業,プライム（内国株式）,機械,1912,1932,1892,1907,-7,-0.365726,96300,OK
2026-03-19,6460,セガサミーホールディングス,プライム（内国株式）,機械,2580,2591.5,2523,2552.5,-74.5,-2.835935,1817500,OK
2026-03-19,6463,ＴＰＲ,プライム（内国株式）,機械,1215,1221,1201,1201,-40,-3.223207,191200,OK
2026-03-19,6464,ツバキ・ナカシマ,プライム（内国株式）,機械,317,318,305,308,-17,-5.230769,575700,OK
2026-03-19,6465,ホシザキ,プライム（内国株式）,機械,5050,5065,4986,4987,-142,-2.768571,541600,OK
2026-03-19,6466,ＴＶＥ,スタンダード（内国株式）,機械,4740,4785,4320,4385,-495,-10.143443,113400,OK
2026-03-19,6467,ニチダイ,スタンダード（内国株式）,機械,348,348,346,346,-6,-1.704545,15500,OK
2026-03-19,6469,放電精密加工研究所,スタンダード（内国株式）,機械,4000,4055,3860,3890,-235,-5.69697,112900,OK
2026-03-19,6470,大豊工業,スタンダード（内国株式）,機械,1062,1072,1047,1051,-40,-3.666361,142500,OK
2026-03-19,6471,日本精工,プライム（内国株式）,機械,1173,1179.5,1157,1162,-55,-4.51931,2745300,OK
2026-03-19,6472,ＮＴＮ,プライム（内国株式）,機械,340.9,344.4,334.3,334.3,-12.6,-3.632171,5882600,OK
2026-03-19,6473,ジェイテクト,プライム（内国株式）,機械,1716,1726.5,1613,1670,-120,-6.703911,2300500,OK
2026-03-19,6474,不二越,プライム（内国株式）,機械,4770,4800,4670,4685,-215,-4.387755,149600,OK
2026-03-19,6479,ミネベアミツミ,プライム（内国株式）,電気機器,2724.5,2740,2675.5,2675.5,-126.5,-4.514632,2399600,OK
2026-03-19,6480,日本トムソン,プライム（内国株式）,機械,934,939,897,899,-57,-5.962343,468300,OK
2026-03-19,6481,ＴＨＫ,プライム（内国株式）,機械,4850,4874,4766,4795,-195,-3.907816,1146600,OK
2026-03-19,6482,ＹＵＳＨＩＮ,スタンダード（内国株式）,機械,708,708,672,672,-47,-6.536857,242600,OK
2026-03-19,6484,ＫＶＫ,スタンダード（内国株式）,機械,2526,2559,2526,2528,1,0.039573,800,OK
2026-03-19,6485,前澤給装工業,スタンダード（内国株式）,機械,1654,1662,1629,1637,-41,-2.443385,61800,OK
2026-03-19,6486,イーグル工業,プライム（内国株式）,機械,3015,3050,2977,2977,-128,-4.122383,92800,OK
2026-03-19,6488,ヨシタケ,スタンダード（内国株式）,機械,965,965,958,958,-7,-0.725389,7400,OK
2026-03-19,6489,前澤工業,スタンダード（内国株式）,機械,2065,2068,2026,2033,-64,-3.051979,62100,OK
2026-03-19,6490,ＰＩＬＬＡＲ,プライム（内国株式）,機械,7580,7580,7350,7470,-260,-3.363519,78600,OK
2026-03-19,6492,岡野バルブ製造,スタンダード（内国株式）,機械,12830,14350,12630,13420,580,4.517134,301600,OK
2026-03-19,6493,ＮＩＴＴＡＮ,スタンダード（内国株式）,輸送用機器,657,657,638,640,-31,-4.61997,92500,OK
2026-03-19,6494,ＮＦＫホールディングス,スタンダード（内国株式）,機械,119,120,115,117,-6,-4.878049,1142700,OK
2026-03-19,6495,宮入バルブ製作所,スタンダード（内国株式）,機械,251,270,246,258,-1,-0.3861,1408600,OK
2026-03-19,6496,中北製作所,スタンダード（内国株式）,機械,7910,8050,7640,7670,-390,-4.83871,12900,OK
2026-03-19,6497,ハマイ,スタンダード（内国株式）,機械,1576,1576,1480,1551,-26,-1.6487,11300,OK
2026-03-19,6498,キッツ,プライム（内国株式）,機械,1877,1877,1829,1829,-104,-5.380238,283800,OK
2026-03-19,6501,日立製作所,プライム（内国株式）,電気機器,4803,4907,4791,4849,-20,-0.410762,16630800,OK
2026-03-19,6503,三菱電機,プライム（内国株式）,電気機器,5539,5597,5478,5483,-156,-2.766448,7867000,OK
2026-03-19,6504,富士電機,プライム（内国株式）,電気機器,11425,11560,11130,11150,-575,-4.904051,1146000,OK
2026-03-19,6505,東洋電機製造,スタンダード（内国株式）,電気機器,2445,2474,2381,2381,-94,-3.79798,142100,OK
2026-03-19,6506,安川電機,プライム（内国株式）,電気機器,4514,4537,4426,4437,-217,-4.662656,3258300,OK
2026-03-19,6507,シンフォニアテクノロジー,プライム（内国株式）,電気機器,12680,12830,12490,12490,-480,-3.700848,170000,OK
2026-03-19,6508,明電舎,プライム（内国株式）,電気機器,7690,7750,7570,7610,-230,-2.933673,301300,OK
2026-03-19,6513,オリジン,スタンダード（内国株式）,電気機器,1078,1093,1078,1086,4,0.369686,1100,OK
2026-03-19,6516,山洋電気,プライム（内国株式）,電気機器,4670,4725,4605,4625,-180,-3.746098,101700,OK
2026-03-19,6517,デンヨー,プライム（内国株式）,電気機器,3720,3720,3635,3640,-115,-3.062583,44500,OK
2026-03-19,6518,三相電機,スタンダード（内国株式）,電気機器,1293,1306,1250,1250,-70,-5.30303,8600,OK
2026-03-19,6521,オキサイド,グロース（内国株式）,電気機器,4990,5290,4905,5190,100,1.964637,708500,OK
2026-03-19,6522,アスタリスク,グロース（内国株式）,電気機器,752,957,660,854,297,53.321364,17281300,OK
2026-03-19,6523,ＰＨＣホールディングス,プライム（内国株式）,電気機器,1009,1014,1000,1000,-21,-2.056807,178300,OK
2026-03-19,6524,湖北工業,スタンダード（内国株式）,電気機器,4740,4750,4525,4540,-295,-6.101344,241800,OK
2026-03-19,6525,ＫＯＫＵＳＡＩ　ＥＬＥＣＴＲＩＣ,プライム（内国株式）,電気機器,5325,5544,5303,5404,-78,-1.422838,2910200,OK
2026-03-19,6526,ソシオネクスト,プライム（内国株式）,電気機器,1776.5,1781.5,1733,1733,-78.5,-4.333425,3602000,OK
2026-03-19,6527,ワカ製作所,TOKYO PRO MARKET（内国株式）,電気機器,,,,,,,,NO_QUOTE
2026-03-19,6532,ベイカレント,プライム（内国株式）,サービス業,4495,4723,4489,4549,121,2.732611,3591600,OK
2026-03-19,6533,Ｏｒｃｈｅｓｔｒａ　Ｈｏｌｄｉｎｇｓ,プライム（内国株式）,サービス業,1040,1040,1014,1014,-46,-4.339623,18700,OK
2026-03-19,6535,アイモバイル,プライム（内国株式）,サービス業,500,500,486,486,-16,-3.187251,328800,OK
2026-03-19,6537,ＷＡＳＨハウス,グロース（内国株式）,サービス業,373,373,365,367,-13,-3.421053,27000,OK
2026-03-19,6538,ディスラプターズ,スタンダード（内国株式）,サービス業,268,269,259,260,-14,-5.109489,64100,OK
2026-03-19,6539,ＭＳ−Ｊａｐａｎ,プライム（内国株式）,サービス業,1049,1049,1037,1038,-8,-0.764818,113100,OK
2026-03-19,6540,船場,スタンダード（内国株式）,サービス業,1889,1912,1877,1887,-37,-1.923077,10000,OK
2026-03-19,6543,日宣,スタンダード（内国株式）,サービス業,1181,1200,1181,1190,-8,-0.66778,2900,OK
2026-03-19,6544,ジャパンエレベーターサービスホールディングス,プライム（内国株式）,サービス業,1680,1720,1655,1655,-43,-2.532391,567600,OK
2026-03-19,6545,インターネットインフィニティー,グロース（内国株式）,サービス業,787,796,785,789,-7,-0.879397,26900,OK
2026-03-19,6546,フルテック,スタンダード（内国株式）,サービス業,1124,1138,1109,1138,8,0.707965,7700,OK
2026-03-19,6547,グリーンズ,スタンダード（内国株式）,サービス業,2037,2054,1990,1992,-74,-3.581801,83400,OK
2026-03-19,6548,旅工房,グロース（内国株式）,サービス業,139,141,137,139,-1,-0.714286,25500,OK
2026-03-19,6549,ディーエムソリューションズ,スタンダード（内国株式）,サービス業,1764,1774,1742,1742,-21,-1.191151,1700,OK
2026-03-19,6551,ツナググループ・ホールディングス,スタンダード（内国株式）,サービス業,712,713,698,702,-12,-1.680672,30400,OK
2026-03-19,6552,ＧａｍｅＷｉｔｈ,スタンダード（内国株式）,サービス業,163,165,163,163,0,0,12700,OK
2026-03-19,6554,エスユーエス,グロース（内国株式）,サービス業,1029,1035,1022,1026,-13,-1.251203,11500,OK
2026-03-19,6555,ＭＳ＆Ｃｏｎｓｕｌｔｉｎｇ,スタンダード（内国株式）,サービス業,414,414,412,412,-5,-1.199041,800,OK
2026-03-19,6557,ＡＩＡＩグループ,グロース（内国株式）,サービス業,1228,1245,1223,1223,-2,-0.163265,18400,OK
2026-03-19,6558,クックビズ,グロース（内国株式）,サービス業,703,730,701,712,19,2.741703,4200,OK
2026-03-19,6560,エル・ティー・エス,プライム（内国株式）,サービス業,1678,1678,1633,1637,-58,-3.421829,10300,OK
2026-03-19,6561,ＨＡＮＡＴＯＵＲ　ＪＡＰＡＮ,グロース（内国株式）,サービス業,818,829,810,817,-1,-0.122249,38800,OK
2026-03-19,6562,ジーニー,グロース（内国株式）,サービス業,953,965,944,949,-22,-2.265705,54500,OK
2026-03-19,6563,みらいワークス,グロース（内国株式）,サービス業,580,594,580,588,-2,-0.338983,2100,OK
2026-03-19,6564,ミダックホールディングス,プライム（内国株式）,サービス業,1940,1962,1896,1962,23,1.186178,53100,OK
2026-03-19,6565,ＡＢホテル,スタンダード（内国株式）,サービス業,1514,1532,1511,1521,-2,-0.13132,11800,OK
2026-03-19,6566,要興業,スタンダード（内国株式）,サービス業,1501,1511,1465,1490,-25,-1.650165,9200,OK
2026-03-19,6568,神戸天然物化学,グロース（内国株式）,サービス業,1210,1210,1180,1180,-37,-3.040263,4900,OK
2026-03-19,6570,共和コーポレーション,スタンダード（内国株式）,サービス業,1297,1300,1272,1282,-18,-1.384615,3500,OK
2026-03-19,6571,キュービーネットホールディングス,プライム（内国株式）,サービス業,1364,1367,1340,1340,-28,-2.046784,31400,OK
2026-03-19,6572,オープングループ,プライム（内国株式）,サービス業,227,228,223,223,-9,-3.87931,93600,OK
2026-03-19,6573,ＣＲＡＶＩＡ,グロース（内国株式）,サービス業,62,63,60,61,-3,-4.6875,812000,OK
2026-03-19,6574,コンヴァノ,グロース（内国株式）,サービス業,125,126,121,123,-6,-4.651163,930300,OK
2026-03-19,6576,揚工舎,TOKYO PRO MARKET（内国株式）,サービス業,,,,,,,,NO_QUOTE
2026-03-19,6577,ベストワンドットコム,グロース（内国株式）,サービス業,1808,1825,1804,1819,-6,-0.328767,2300,OK
2026-03-19,6578,コレックホールディングス,スタンダード（内国株式）,サービス業,404,404,400,403,-1,-0.247525,7400,OK
2026-03-19,6579,ログリー,グロース（内国株式）,サービス業,310,310,304,310,1,0.323625,4100,OK
2026-03-19,6580,ライトアップ,グロース（内国株式）,サービス業,1659,1674,1590,1613,-80,-4.72534,47600,OK
2026-03-19,6584,三櫻工業,プライム（内国株式）,輸送用機器,705,705,687,688,-31,-4.311544,601000,OK
2026-03-19,6586,マキタ,プライム（内国株式）,機械,5413,5417,5235,5236,-246,-4.487413,1314400,OK
2026-03-19,6588,東芝テック,プライム（内国株式）,電気機器,2968,3035,2903,2908,-10,-0.3427,242000,OK
2026-03-19,6590,芝浦メカトロニクス,プライム（内国株式）,電気機器,4685,4695,4490,4490,-335,-6.943005,1252200,OK
2026-03-19,6592,マブチモーター,プライム（内国株式）,電気機器,1664,1670.5,1618,1621.5,-92,-5.369128,971600,OK
2026-03-19,6594,ニデック,プライム（内国株式）,電気機器,2237,2249,2164,2164,-110,-4.837291,6282000,OK
2026-03-19,6596,筑波精工,TOKYO PRO MARKET（内国株式）,電気機器,,,,,,,,NO_QUOTE
2026-03-19,6597,ＨＰＣシステムズ,グロース（内国株式）,電気機器,1805,1821,1747,1747,-98,-5.311653,37000,OK
2026-03-19,6599,エブレン,スタンダード（内国株式）,電気機器,2981,2981,2910,2977,-73,-2.393443,1300,OK
2026-03-19,6612,バルミューダ,グロース（内国株式）,電気機器,613,635,613,617,-2,-0.323102,6800,OK
2026-03-19,6613,ＱＤレーザ,グロース（内国株式）,電気機器,1641,1707,1510,1546,-175,-10.168507,15979900,OK
2026-03-19,6614,シキノハイテック,スタンダード（内国株式）,電気機器,835,835,800,804,-36,-4.285714,16700,OK
2026-03-19,6615,ユー・エム・シー・エレクトロニクス,プライム（内国株式）,電気機器,316,318,308,308,-14,-4.347826,45200,OK
2026-03-19,6616,トレックス・セミコンダクター,プライム（内国株式）,電気機器,1690,1704,1661,1673,-34,-1.991798,21400,OK
2026-03-19,6617,東光高岳,プライム（内国株式）,電気機器,5250,5300,5110,5180,-260,-4.779412,144800,OK
2026-03-19,6619,ダブル・スコープ,プライム（内国株式）,電気機器,200,205,187,189,-11,-5.5,2050300,OK
2026-03-19,6620,宮越ホールディングス,プライム（内国株式）,不動産業,637,637,589,589,-51,-7.96875,357200,OK
2026-03-19,6622,ダイヘン,プライム（内国株式）,電気機器,12530,12640,12300,12370,-760,-5.788271,284000,OK
2026-03-19,6625,ＪＡＬＣＯホールディングス,スタンダード（内国株式）,不動産業,391,395,385,388,-4,-1.020408,521000,OK
2026-03-19,6626,ＳＥＭＩＴＥＣ,スタンダード（内国株式）,電気機器,2708,2728,2631,2631,-103,-3.767374,21200,OK
2026-03-19,6627,テラプローブ,スタンダード（内国株式）,電気機器,8840,8900,8570,8670,-470,-5.142232,99400,OK
2026-03-19,6629,テクノホライゾン,スタンダード（内国株式）,電気機器,966,968,929,943,-38,-3.873598,187700,OK
2026-03-19,6630,ヤーマン,プライム（内国株式）,電気機器,690,695,682,691,-2,-0.2886,107800,OK
2026-03-19,6632,ＪＶＣケンウッド,プライム（内国株式）,電気機器,1166.5,1210,1162,1170.5,-7,-0.59448,1081100,OK
2026-03-19,6633,ＣＧＳホールディングス,スタンダード（内国株式）,電気機器,337,339,333,336,-2,-0.591716,19200,OK
2026-03-19,6634,ＪＮグループ,スタンダード（内国株式）,電気機器,105,106,104,106,-1,-0.934579,39400,OK
2026-03-19,6635,大日光・エンジニアリング,スタンダード（内国株式）,電気機器,702,711,693,700,-14,-1.960784,22700,OK
2026-03-19,6637,寺崎電気産業,スタンダード（内国株式）,電気機器,4150,4255,4125,4125,-70,-1.668653,65800,OK
2026-03-19,6638,ミマキエンジニアリング,プライム（内国株式）,電気機器,1680,1689,1630,1630,-124,-7.069555,100100,OK
2026-03-19,6643,戸上電機製作所,スタンダード（内国株式）,電気機器,6040,6130,5900,5940,-200,-3.257329,16100,OK
2026-03-19,6644,大崎電気工業,プライム（内国株式）,電気機器,1810,1827,1764,1764,-83,-4.493774,191400,OK
2026-03-19,6645,オムロン,プライム（内国株式）,電気機器,4599,4674,4538,4566,-93,-1.996137,1452100,OK
2026-03-19,6647,森尾電機,スタンダード（内国株式）,電気機器,2714,2714,2664,2690,-45,-1.645338,600,OK
2026-03-19,6648,かわでん,スタンダード（内国株式）,電気機器,2393,2430,2316,2316,-127,-5.198526,32500,OK
2026-03-19,6651,日東工業,プライム（内国株式）,電気機器,4485,4515,4390,4395,-180,-3.934426,67000,OK
2026-03-19,6652,ＩＤＥＣ,プライム（内国株式）,電気機器,3150,3170,3130,3130,-80,-2.492212,113600,OK
2026-03-19,6653,正興電機製作所,プライム（内国株式）,電気機器,2371,2394,2299,2311,-135,-5.519215,110700,OK
2026-03-19,6654,不二電機工業,スタンダード（内国株式）,電気機器,1094,1094,1074,1074,-21,-1.917808,6800,OK
2026-03-19,6656,インスペック,スタンダード（内国株式）,電気機器,605,605,580,590,-17,-2.800659,52000,OK
2026-03-19,6658,シライ電子工業,スタンダード（内国株式）,電気機器,768,770,754,759,-20,-2.567394,83700,OK
2026-03-19,6659,メディアリンクス,スタンダード（内国株式）,電気機器,40,40,38,38,-1,-2.564103,1367700,OK
2026-03-19,6662,ユビテック,スタンダード（内国株式）,電気機器,216,221,216,221,2,0.913242,37200,OK
2026-03-19,6663,太洋テクノレックス,スタンダード（内国株式）,電気機器,337,337,308,310,-30,-8.823529,110400,OK
2026-03-19,6664,オプトエレクトロニクス,スタンダード（内国株式）,電気機器,301,303,290,296,-6,-1.986755,14100,OK
2026-03-19,6666,リバーエレテック,スタンダード（内国株式）,電気機器,771,790,689,698,-96,-12.09068,397500,OK
2026-03-19,6668,アドテック　プラズマ　テクノロジー,スタンダード（内国株式）,電気機器,1911,1919,1890,1904,-47,-2.409021,40000,OK
2026-03-19,6670,ＭＣＪ,スタンダード（内国株式）,電気機器,2215,2242,2207,2236,11,0.494382,1609100,OK
2026-03-19,6674,ジーエス・ユアサ　コーポレーション,プライム（内国株式）,電気機器,5100,5277,5058,5071,-143,-2.742616,1219300,OK
2026-03-19,6675,サクサ,スタンダード（内国株式）,電気機器,7120,7120,6790,6890,-230,-3.230337,13200,OK
2026-03-19,6676,バッファロー,スタンダード（内国株式）,電気機器,4950,5000,4930,4935,-185,-3.613281,24000,OK
2026-03-19,6677,エスケーエレクトロニクス,スタンダード（内国株式）,電気機器,3095,3115,3050,3055,-110,-3.475513,45500,OK
2026-03-19,6678,テクノメディカ,スタンダード（内国株式）,電気機器,2482,2490,2434,2437,-61,-2.441954,4800,OK
2026-03-19,6694,ズーム,スタンダード（内国株式）,電気機器,650,654,635,652,2,0.307692,8300,OK
2026-03-19,6695,キャストリコ,TOKYO PRO MARKET（内国株式）,電気機器,,,,,,,,NO_QUOTE
2026-03-19,6696,トラース・オン・プロダクト,グロース（内国株式）,電気機器,382,383,373,374,-16,-4.102564,41200,OK
2026-03-19,6699,ダイヤモンドエレクトリックホールディングス,プライム（内国株式）,電気機器,648,654,617,618,-59,-8.714919,1073600,OK
2026-03-19,6701,日本電気,プライム（内国株式）,電気機器,4128,4184,4103,4124,-64,-1.528176,8179800,OK
2026-03-19,6702,富士通,プライム（内国株式）,電気機器,3340,3388,3321,3340,-135,-3.884892,12695200,OK
2026-03-19,6703,沖電気工業,プライム（内国株式）,電気機器,2750,2775,2654,2671,-129,-4.607143,660900,OK
2026-03-19,6706,電気興業,プライム（内国株式）,電気機器,3150,3225,3125,3125,-95,-2.950311,123200,OK
2026-03-19,6707,サンケン電気,プライム（内国株式）,電気機器,6885,7020,6738,6738,-297,-4.221748,104500,OK
2026-03-19,6718,アイホン,プライム（内国株式）,電気機器,2815,2818,2781,2782,-60,-2.111189,38200,OK
2026-03-19,6721,ウインテスト,スタンダード（内国株式）,電気機器,121,122,108,109,-7,-6.034483,4058900,OK
2026-03-19,6723,ルネサスエレクトロニクス,プライム（内国株式）,電気機器,2483.5,2515,2463,2505.5,-77.5,-3.000387,14330000,OK
2026-03-19,6724,セイコーエプソン,プライム（内国株式）,電気機器,1986.5,2002,1950.5,1951.5,-61,-3.031056,1792500,OK
2026-03-19,6727,ワコム,プライム（内国株式）,電気機器,775,779,760,762,-25,-3.17662,531600,OK
2026-03-19,6728,アルバック,プライム（内国株式）,電気機器,9260,9304,9142,9172,-388,-4.058577,388800,OK
2026-03-19,6730,アクセル,スタンダード（内国株式）,電気機器,1174,1178,1155,1155,-42,-3.508772,47700,OK
2026-03-19,6731,ピクセラ,スタンダード（内国株式）,電気機器,45,47,42,43,-3,-6.521739,7772000,OK
2026-03-19,6734,ニューテック,スタンダード（内国株式）,電気機器,2626,2626,2626,2626,-3,-0.114112,900,OK
2026-03-19,6736,サン電子,スタンダード（内国株式）,電気機器,7820,7820,7610,7610,-210,-2.685422,44000,OK
2026-03-19,6737,ＥＩＺＯ,プライム（内国株式）,電気機器,2192,2195,2145,2145,-50,-2.277904,245400,OK
2026-03-19,6740,ジャパンディスプレイ,プライム（内国株式）,電気機器,106,112,91,95,-21,-18.103448,185127100,OK
2026-03-19,6741,日本信号,プライム（内国株式）,電気機器,1688,1696,1657,1657,-91,-5.20595,168300,OK
2026-03-19,6742,京三製作所,プライム（内国株式）,電気機器,680,681,659,659,-36,-5.179856,341700,OK
2026-03-19,6743,大同信号,スタンダード（内国株式）,電気機器,810,810,783,783,-39,-4.744526,28900,OK
2026-03-19,6744,能美防災,プライム（内国株式）,電気機器,4450,4485,4385,4385,-125,-2.771619,92700,OK
2026-03-19,6745,ホーチキ,プライム（内国株式）,電気機器,6520,6560,6410,6450,-270,-4.017857,138400,OK
2026-03-19,6748,星和電機,スタンダード（内国株式）,電気機器,786,786,759,759,-33,-4.166667,42700,OK
2026-03-19,6750,エレコム,プライム（内国株式）,電気機器,1664,1675,1637,1646,-42,-2.488152,241000,OK
2026-03-19,6752,パナソニック　ホールディングス,プライム（内国株式）,電気機器,2631,2679,2577.5,2600.5,-51.5,-1.941931,12098400,OK
2026-03-19,6753,シャープ,プライム（内国株式）,電気機器,582,590.3,579,579,-20.8,-3.467823,3873300,OK
2026-03-19,6754,アンリツ,プライム（内国株式）,電気機器,2844.5,2881,2798.5,2807.5,-87,-3.0057,1149900,OK
2026-03-19,6757,ＯＳＧコーポレーション,スタンダード（内国株式）,電気機器,811,811,795,795,-17,-2.093596,15000,OK
2026-03-19,6758,ソニーグループ,プライム（内国株式）,電気機器,3255,3360,3240,3271,-15,-0.456482,23963400,OK
2026-03-19,6762,ＴＤＫ,プライム（内国株式）,電気機器,2092,2160,2092,2127.5,-64.5,-2.942518,12468800,OK
2026-03-19,6763,帝国通信工業,プライム（内国株式）,電気機器,2686,2711,2662,2675,-96,-3.464453,12700,OK
2026-03-19,6768,タムラ製作所,プライム（内国株式）,電気機器,683,688,665,667,-40,-5.657709,1074300,OK
2026-03-19,6769,ザインエレクトロニクス,スタンダード（内国株式）,電気機器,917,920,882,884,-47,-5.048335,101000,OK
2026-03-19,6770,アルプスアルパイン,プライム（内国株式）,電気機器,2225,2293,2209,2213,-62,-2.725275,2833100,OK
2026-03-19,6771,池上通信機,スタンダード（内国株式）,電気機器,815,815,785,796,-26,-3.163017,73900,OK
2026-03-19,6772,東京コスモス電機,スタンダード（内国株式）,電気機器,1205,1207,1198,1207,2,0.165975,2000,OK
2026-03-19,6775,ＴＢグループ,スタンダード（内国株式）,電気機器,135,135,130,132,-6,-4.347826,309600,OK
2026-03-19,6776,天昇電気工業,スタンダード（内国株式）,化学,279,284,279,280,-5,-1.754386,12900,OK
2026-03-19,6777,ｓａｎｔｅｃ　Ｈｏｌｄｉｎｇｓ,スタンダード（内国株式）,電気機器,20060,20830,19870,20060,-70,-0.34774,221800,OK
2026-03-19,6778,アルチザネットワークス,スタンダード（内国株式）,電気機器,634,648,634,641,4,0.627943,23400,OK
2026-03-19,6779,日本電波工業,プライム（内国株式）,電気機器,1396,1396,1292,1301,-145,-10.027663,1504900,OK
2026-03-19,6785,鈴木,プライム（内国株式）,電気機器,2786,2799,2759,2779,-96,-3.33913,58200,OK
2026-03-19,6786,ＲＶＨ,スタンダード（内国株式）,サービス業,53,57,53,53,-2,-3.636364,182400,OK
2026-03-19,6787,メイコー,プライム（内国株式）,電気機器,25680,25990,25100,25210,-1260,-4.760106,505200,OK
2026-03-19,6788,日本トリム,プライム（内国株式）,電気機器,4620,4620,4570,4590,-100,-2.132196,21100,OK
2026-03-19,6794,フォスター電機,プライム（内国株式）,電気機器,3000,3020,2953,2974,-81,-2.651391,136700,OK
2026-03-19,6797,名古屋電機工業,スタンダード（内国株式）,電気機器,1225,1225,1210,1210,-33,-2.654867,8100,OK
2026-03-19,6798,ＳＭＫ,プライム（内国株式）,電気機器,3000,3040,2969,2998,-97,-3.134087,15800,OK
2026-03-19,6800,ヨコオ,プライム（内国株式）,電気機器,3065,3115,2996,3035,-115,-3.650794,133800,OK
2026-03-19,6803,ティアック,スタンダード（内国株式）,電気機器,116,116,112,112,-5,-4.273504,381300,OK
2026-03-19,6804,ホシデン,プライム（内国株式）,電気機器,2805,2814,2761,2776,-89,-3.106457,225000,OK
2026-03-19,6806,ヒロセ電機,プライム（内国株式）,電気機器,21195,21910,21195,21400,-630,-2.859737,262100,OK
2026-03-19,6807,日本航空電子工業,プライム（内国株式）,電気機器,2320,2348,2302,2302,-87,-3.641691,159100,OK
2026-03-19,6809,ＴＯＡ,プライム（内国株式）,電気機器,1834,1838,1801,1814,20,1.114827,470100,OK
2026-03-19,6810,マクセル,プライム（内国株式）,電気機器,2034,2038,2006,2023,-45,-2.176015,378900,OK
2026-03-19,6814,古野電気,プライム（内国株式）,電気機器,6820,6960,6730,6770,-290,-4.107649,361000,OK
2026-03-19,6817,スミダコーポレーション,プライム（内国株式）,電気機器,1141,1144,1110,1112,-49,-4.2205,187300,OK
2026-03-19,6819,伊豆シャボテンリゾート,スタンダード（内国株式）,サービス業,498,499,497,499,1,0.200803,12300,OK
2026-03-19,6820,アイコム,プライム（内国株式）,電気機器,3070,3070,2993,3010,-80,-2.588997,32500,OK
2026-03-19,6822,大井電気,スタンダード（内国株式）,電気機器,5690,5690,5350,5420,-350,-6.065858,19600,OK
2026-03-19,6823,リオン,プライム（内国株式）,電気機器,2823,2841,2802,2807,-58,-2.024433,40900,OK
2026-03-19,6824,新コスモス電機,スタンダード（内国株式）,電気機器,4600,4725,4490,4725,35,0.746269,16900,OK
2026-03-19,6832,アオイ電子,スタンダード（内国株式）,電気機器,2579,2579,2460,2462,-152,-5.814843,54400,OK
2026-03-19,6834,精工技研,スタンダード（内国株式）,電気機器,26610,27930,25410,26180,-930,-3.430468,589400,OK
2026-03-19,6835,アライドテレシスホールディングス,スタンダード（内国株式）,電気機器,281,283,274,275,-11,-3.846154,343600,OK
2026-03-19,6836,ぷらっとホーム,スタンダード（内国株式）,電気機器,839,839,819,825,-29,-3.395785,35400,OK
2026-03-19,6837,京写,スタンダード（内国株式）,電気機器,299,301,297,299,0,0,11300,OK
2026-03-19,6838,多摩川ホールディングス,スタンダード（内国株式）,電気機器,1618,1660,1481,1501,-168,-10.065908,1204200,OK
2026-03-19,6840,ＡＫＩＢＡホールディングス,スタンダード（内国株式）,電気機器,509,511,477,478,-41,-7.899807,233200,OK
2026-03-19,6841,横河電機,プライム（内国株式）,電気機器,5366,5566,5233,5233,-333,-5.982752,1893100,OK
2026-03-19,6844,新電元工業,プライム（内国株式）,電気機器,3280,3295,3160,3210,-210,-6.140351,131700,OK
2026-03-19,6845,アズビル,プライム（内国株式）,電気機器,1441.5,1457.5,1414,1414,-48.5,-3.316239,1808800,OK
2026-03-19,6848,東亜ディーケーケー,スタンダード（内国株式）,電気機器,923,926,912,912,-11,-1.191766,5100,OK
2026-03-19,6849,日本光電工業,プライム（内国株式）,電気機器,1505.5,1511,1491,1499.5,-39.5,-2.566602,854300,OK
2026-03-19,6850,チノー,プライム（内国株式）,電気機器,1605,1605,1547,1547,-89,-5.440098,80000,OK
2026-03-19,6853,共和電業,スタンダード（内国株式）,電気機器,772,772,751,756,-16,-2.072539,38000,OK
2026-03-19,6855,日本電子材料,スタンダード（内国株式）,電気機器,6750,6930,6660,6730,-220,-3.165468,626000,OK
2026-03-19,6856,堀場製作所,プライム（内国株式）,電気機器,18890,18915,18665,18820,-705,-3.610755,217400,OK
2026-03-19,6857,アドバンテスト,プライム（内国株式）,電気機器,24040,24195,23750,23980,-1150,-4.576204,8793000,OK
2026-03-19,6858,小野測器,スタンダード（内国株式）,電気機器,850,852,823,823,-39,-4.524362,56400,OK
2026-03-19,6859,エスペック,プライム（内国株式）,電気機器,3300,3300,3150,3155,-235,-6.932153,139600,OK
2026-03-19,6861,キーエンス,プライム（内国株式）,電気機器,59270,60170,59080,59080,-1570,-2.588623,698200,OK
2026-03-19,6862,ミナトホールディングス,スタンダード（内国株式）,電気機器,2326,2345,2237,2256,-155,-6.428868,270300,OK
2026-03-19,6863,ニレコ,スタンダード（内国株式）,電気機器,2246,2246,2170,2170,-112,-4.907975,13800,OK
2026-03-19,6864,エヌエフホールディングス,スタンダード（内国株式）,電気機器,1390,1407,1365,1365,-40,-2.846975,19100,OK
2026-03-19,6866,日置電機,プライム（内国株式）,電気機器,7500,7550,7420,7420,-220,-2.879581,32400,OK
2026-03-19,6867,リーダー電子,スタンダード（内国株式）,電気機器,443,448,435,436,-6,-1.357466,15400,OK
2026-03-19,6869,シスメックス,プライム（内国株式）,電気機器,1393.5,1400,1385,1385,-13.5,-0.96532,4569500,OK
2026-03-19,6870,日本フェンオール,スタンダード（内国株式）,電気機器,1962,1989,1962,1973,-3,-0.151822,2100,OK
2026-03-19,6871,日本マイクロニクス,プライム（内国株式）,電気機器,10760,11190,10620,10880,-310,-2.770331,687000,OK
2026-03-19,6874,協立電機,スタンダード（内国株式）,電気機器,2794,2794,2755,2755,-39,-1.395848,4100,OK
2026-03-19,6875,メガチップス,プライム（内国株式）,電気機器,8800,8830,8710,8740,-110,-1.242938,105400,OK
2026-03-19,6877,ＯＢＡＲＡ　ＧＲＯＵＰ,スタンダード（内国株式）,電気機器,5360,5430,5300,5310,-160,-2.925046,44100,OK
2026-03-19,6882,三社電機製作所,スタンダード（内国株式）,電気機器,1011,1043,1003,1016,-7,-0.684262,285600,OK
2026-03-19,6888,アクモス,スタンダード（内国株式）,情報･通信業,547,547,542,543,-4,-0.731261,9200,OK
2026-03-19,6890,フェローテック,スタンダード（内国株式）,電気機器,6240,6250,6010,6010,-300,-4.754358,376700,OK
2026-03-19,6894,パルステック工業,スタンダード（内国株式）,電気機器,2190,2228,2190,2228,38,1.73516,200,OK
2026-03-19,6897,ツインバード,スタンダード（内国株式）,電気機器,408,409,405,405,-2,-0.4914,13200,OK
2026-03-19,6898,トミタ電機,スタンダード（内国株式）,電気機器,3860,3860,3860,3860,0,0,500,OK
2026-03-19,6899,ＡＳＴＩ,スタンダード（内国株式）,電気機器,2505,2505,2441,2441,-58,-2.320928,6700,OK
2026-03-19,6901,澤藤電機,スタンダード（内国株式）,電気機器,1292,1292,1291,1291,0,0,800,OK
2026-03-19,6902,デンソー,プライム（内国株式）,輸送用機器,1935.5,1940,1908.5,1915.5,-49.5,-2.519084,11672500,OK
2026-03-19,6904,原田工業,スタンダード（内国株式）,電気機器,489,495,486,495,0,0,5900,OK
2026-03-19,6905,コーセル,プライム（内国株式）,電気機器,1200,1223,1196,1204,-70,-5.494505,248300,OK
2026-03-19,6907,ジオマテック,スタンダード（内国株式）,電気機器,1034,1038,936,949,-111,-10.471698,218900,OK
2026-03-19,6908,イリソ電子工業,プライム（内国株式）,電気機器,3450,3465,3415,3435,-140,-3.916084,81200,OK
2026-03-19,6912,菊水ホールディングス,スタンダード（内国株式）,電気機器,2176,2176,2158,2158,-54,-2.44123,3700,OK
2026-03-19,6914,オプテックスグループ,プライム（内国株式）,電気機器,2747,2750,2682,2732,-115,-4.03934,539800,OK
2026-03-19,6915,千代田インテグレ,スタンダード（内国株式）,電気機器,3285,3285,3210,3210,-140,-4.179104,32000,OK
2026-03-19,6918,アバールデータ,スタンダード（内国株式）,電気機器,2777,2777,2725,2731,-72,-2.568676,13300,OK
2026-03-19,6919,ケル,スタンダード（内国株式）,電気機器,1530,1530,1510,1511,-24,-1.563518,8200,OK
2026-03-19,6920,レーザーテック,プライム（内国株式）,電気機器,34900,35750,34660,35090,-930,-2.581899,3239200,OK
2026-03-19,6923,スタンレー電気,プライム（内国株式）,電気機器,2873.5,2908,2861.5,2885,-52.5,-1.787234,1008600,OK
2026-03-19,6925,ウシオ電機,プライム（内国株式）,電気機器,2840,2898.5,2840,2860,-65,-2.222222,419400,OK
2026-03-19,6926,岡谷電機産業,スタンダード（内国株式）,電気機器,204,204,202,202,-1,-0.492611,10800,OK
2026-03-19,6927,ヘリオス　テクノ　ホールディング,スタンダード（内国株式）,電気機器,1291,1299,1263,1263,-46,-3.514133,177200,OK
2026-03-19,6928,エノモト,スタンダード（内国株式）,電気機器,3000,3000,2840,2871,-189,-6.176471,81300,OK
2026-03-19,6929,日本セラミック,プライム（内国株式）,電気機器,3590,3590,3545,3555,-75,-2.066116,130300,OK
2026-03-19,6932,遠藤照明,スタンダード（内国株式）,電気機器,2745,2750,2646,2651,-141,-5.050143,68800,OK
2026-03-19,6941,山一電機,プライム（内国株式）,電気機器,8910,9010,8720,8820,-410,-4.442037,316800,OK
2026-03-19,6942,ソフィアホールディングス,スタンダード（内国株式）,情報･通信業,1360,1372,1358,1365,7,0.515464,8300,OK
2026-03-19,6943,ＮＫＫスイッチズ,スタンダード（内国株式）,電気機器,,,,,,,,NO_QUOTE
2026-03-19,6946,日本アビオニクス,スタンダード（内国株式）,電気機器,7430,7590,7080,7080,-550,-7.208388,399400,OK
2026-03-19,6947,図研,プライム（内国株式）,電気機器,4500,4570,4455,4455,-60,-1.328904,89900,OK
2026-03-19,6951,日本電子,プライム（内国株式）,電気機器,6002,6022,5912,5945,-155,-2.540984,209200,OK
2026-03-19,6952,カシオ計算機,プライム（内国株式）,電気機器,1450,1461.5,1425.5,1445.5,-43.5,-2.921424,2446000,OK
2026-03-19,6954,ファナック,プライム（内国株式）,電気機器,5939,6005,5903,5936,-203,-3.306727,5312200,OK
2026-03-19,6955,ＦＤＫ,スタンダード（内国株式）,電気機器,493,527,486,503,-19,-3.639847,524800,OK
2026-03-19,6958,日本シイエムケイ,プライム（内国株式）,電気機器,588,592,576,578,-30,-4.934211,845500,OK
2026-03-19,6960,フクダ電子,スタンダード（内国株式）,電気機器,10380,10500,10290,10360,-20,-0.192678,43100,OK
2026-03-19,6961,エンプラス,プライム（内国株式）,電気機器,14630,15090,14540,14630,-370,-2.466667,228000,OK
2026-03-19,6962,大真空,プライム（内国株式）,電気機器,641,644,614,615,-49,-7.379518,445200,OK
2026-03-19,6963,ローム,プライム（内国株式）,電気機器,3200,3252,3180,3213,-80,-2.429396,6985500,OK
2026-03-19,6964,サンコー,スタンダード（内国株式）,電気機器,694,694,690,693,-7,-1,2600,OK
2026-03-19,6965,浜松ホトニクス,プライム（内国株式）,電気機器,1919,1953.5,1906,1907,-100.5,-5.006227,5091600,OK
2026-03-19,6966,三井ハイテック,プライム（内国株式）,電気機器,605,607,590,591,-30,-4.830918,2555300,OK
2026-03-19,6969,松尾電機,スタンダード（内国株式）,電気機器,998,998,952,954,-46,-4.6,25700,OK
2026-03-19,6971,京セラ,プライム（内国株式）,電気機器,2463.5,2475,2401.5,2421,-113,-4.459353,10774800,OK
2026-03-19,6976,太陽誘電,プライム（内国株式）,電気機器,4190,4255,4117,4154,-186,-4.285714,2258100,OK
2026-03-19,6977,日本抵抗器製作所,スタンダード（内国株式）,電気機器,1011,1024,1007,1007,-5,-0.494071,3500,OK
2026-03-19,6981,村田製作所,プライム（内国株式）,電気機器,3710,3782,3702,3748,-96,-2.497399,8104300,OK
2026-03-19,6982,リード,スタンダード（内国株式）,輸送用機器,658,665,657,663,-5,-0.748503,1100,OK
2026-03-19,6986,双葉電子工業,プライム（内国株式）,電気機器,717,717,691,702,-39,-5.263158,325200,OK
2026-03-19,6988,日東電工,プライム（内国株式）,化学,3201,3233,3171,3187,-150,-4.495055,4140400,OK
2026-03-19,6989,北陸電気工業,スタンダード（内国株式）,電気機器,2757,2816,2728,2751,-45,-1.609442,9000,OK
2026-03-19,6993,大黒屋ホールディングス,スタンダード（内国株式）,小売業,142,155,140,148,1,0.680272,21848100,OK
2026-03-19,6994,指月電機製作所,スタンダード（内国株式）,電気機器,1052,1052,997,998,-84,-7.763401,307900,OK
2026-03-19,6995,東海理化電機製作所,プライム（内国株式）,輸送用機器,3000,3000,2938,2938,-127,-4.143556,266100,OK
2026-03-19,6996,ニチコン,プライム（内国株式）,電気機器,1877,1940,1870,1895,-100,-5.012531,419800,OK
2026-03-19,6997,日本ケミコン,プライム（内国株式）,電気機器,1531,1549,1502,1503,-106,-6.587943,360500,OK
2026-03-19,6998,日本タングステン,スタンダード（内国株式）,電気機器,2358,2375,2245,2295,-155,-6.326531,137800,OK
2026-03-19,6999,ＫＯＡ,プライム（内国株式）,電気機器,1667,1679,1594,1599,-148,-8.471666,548100,OK
2026-03-19,7003,三井Ｅ＆Ｓ,プライム（内国株式）,機械,6702,6929,6646,6719,-118,-1.725903,7727800,OK
2026-03-19,7004,カナデビア,プライム（内国株式）,機械,1001,1012,984,984,-36,-3.529412,911900,OK
2026-03-19,7011,三菱重工業,プライム（内国株式）,機械,4907,4984,4848,4848,-152,-3.04,22002700,OK
2026-03-19,7012,川崎重工業,プライム（内国株式）,輸送用機器,16740,17020,16480,16500,-430,-2.53987,3132700,OK
2026-03-19,7013,ＩＨＩ,プライム（内国株式）,機械,3830,3902,3769,3769,-161,-4.096692,13628000,OK
2026-03-19,7014,名村造船所,スタンダード（内国株式）,輸送用機器,4975,5130,4955,4990,-140,-2.729045,1252600,OK
2026-03-19,7018,内海造船,スタンダード（内国株式）,輸送用機器,16180,16180,15490,15550,-640,-3.953057,16900,OK
2026-03-19,7021,ニッチツ,スタンダード（内国株式）,機械,2284,2284,2249,2255,-59,-2.549697,3000,OK
2026-03-19,7022,サノヤスホールディングス,スタンダード（内国株式）,機械,392,393,370,372,-23,-5.822785,149800,OK
2026-03-19,7030,スプリックス,スタンダード（内国株式）,サービス業,1226,1232,1189,1189,-37,-3.017945,5400,OK
2026-03-19,7031,インバウンドテック,グロース（内国株式）,サービス業,629,629,605,616,-15,-2.377179,9300,OK
2026-03-19,7033,マネジメントソリューションズ,プライム（内国株式）,サービス業,1323,1348,1311,1311,-46,-3.389831,82000,OK
2026-03-19,7034,プロレド・パートナーズ,プライム（内国株式）,サービス業,460,462,442,442,-23,-4.946237,49000,OK
2026-03-19,7035,ａｎｄ　ｆａｃｔｏｒｙ,スタンダード（内国株式）,サービス業,214,216,214,215,1,0.46729,9600,OK
2026-03-19,7036,イーエムネットジャパン,グロース（内国株式）,サービス業,800,800,800,800,-11,-1.35635,400,OK
2026-03-19,7037,テノ．ホールディングス,スタンダード（内国株式）,サービス業,835,845,834,834,-1,-0.11976,2200,OK
2026-03-19,7038,フロンティア・マネジメント,プライム（内国株式）,サービス業,554,558,547,548,-12,-2.142857,27700,OK
2026-03-19,7039,ブリッジインターナショナルグループ,グロース（内国株式）,サービス業,1840,1842,1822,1832,-19,-1.026472,13400,OK
2026-03-19,7040,サン・ライフホールディング,スタンダード（内国株式）,サービス業,1065,1077,1057,1057,-8,-0.751174,3900,OK
2026-03-19,7041,ＣＲＧホールディングス,グロース（内国株式）,サービス業,316,320,309,313,-4,-1.26183,2300,OK
2026-03-19,7042,アクセスグループ・ホールディングス,スタンダード（内国株式）,サービス業,680,685,673,683,5,0.737463,2800,OK
2026-03-19,7043,アルー,グロース（内国株式）,サービス業,800,805,795,805,-2,-0.247831,3500,OK
2026-03-19,7044,ピアラ,スタンダード（内国株式）,サービス業,511,513,503,503,-8,-1.565558,12700,OK
2026-03-19,7046,ＴＤＳＥ,グロース（内国株式）,サービス業,1369,1369,1353,1361,-9,-0.656934,800,OK
2026-03-19,7047,ポート,グロース（内国株式）,サービス業,2385,2412,2303,2306,-113,-4.671352,117700,OK
2026-03-19,7048,ベルトラ,グロース（内国株式）,サービス業,188,188,180,180,-12,-6.25,431900,OK
2026-03-19,7049,識学,グロース（内国株式）,サービス業,782,785,775,775,-12,-1.524778,17300,OK
2026-03-19,7050,フロンティアインターナショナル,グロース（内国株式）,サービス業,1508,1510,1495,1500,-26,-1.703801,29100,OK
2026-03-19,7056,マルク,TOKYO PRO MARKET（内国株式）,サービス業,,,,,,,,NO_QUOTE
2026-03-19,7057,エヌ・シー・エヌ,スタンダード（内国株式）,サービス業,1018,1026,1018,1026,1,0.097561,300,OK
2026-03-19,7058,共栄セキュリティーサービス,スタンダード（内国株式）,サービス業,3000,3000,2998,2999,-16,-0.53068,800,OK
2026-03-19,7059,コプロ・ホールディングス,プライム（内国株式）,サービス業,899,899,883,890,-15,-1.657459,226200,OK
2026-03-19,7060,ギークス,スタンダード（内国株式）,サービス業,596,596,587,595,-5,-0.833333,23800,OK
2026-03-19,7061,日本ホスピスホールディングス,グロース（内国株式）,サービス業,790,792,775,776,-32,-3.960396,54200,OK
2026-03-19,7062,フレアス,グロース（内国株式）,サービス業,876,903,876,884,8,0.913242,2800,OK
2026-03-19,7063,Ｂｉｒｄｍａｎ,グロース（内国株式）,サービス業,133,140,126,128,-9,-6.569343,966900,OK
2026-03-19,7064,ハウテレビジョン,スタンダード（内国株式）,サービス業,939,959,938,958,17,1.806589,4500,OK
2026-03-19,7065,ユーピーアール,スタンダード（内国株式）,サービス業,920,922,883,885,-41,-4.427646,12800,OK
2026-03-19,7066,ピアズ,グロース（内国株式）,サービス業,399,402,396,396,-4,-1,5100,OK
2026-03-19,7067,ブランディングテクノロジー,グロース（内国株式）,サービス業,1019,1019,1001,1001,1,0.1,200,OK
2026-03-19,7068,フィードフォースグループ,グロース（内国株式）,サービス業,563,565,547,549,-18,-3.174603,78200,OK
2026-03-19,7069,サイバー・バズ,グロース（内国株式）,サービス業,765,790,760,762,-3,-0.392157,4200,OK
2026-03-19,7071,アンビスホールディングス,プライム（内国株式）,サービス業,450,453,438,439,-26,-5.591398,1142100,OK
2026-03-19,7072,インティメート・マージャー,グロース（内国株式）,サービス業,879,891,879,879,-13,-1.457399,3600,OK
2026-03-19,7073,ジェイック,グロース（内国株式）,サービス業,2142,2142,1915,1974,-174,-8.100559,7200,OK
2026-03-19,7074,トゥエンティーフォーセブンホールディングス,グロース（内国株式）,サービス業,210,213,204,210,0,0,13000,OK
2026-03-19,7075,ＱＬＳホールディングス,グロース（内国株式）,サービス業,835,840,819,830,-12,-1.425178,25800,OK
2026-03-19,7077,ＡＬｉＮＫインターネット,グロース（内国株式）,サービス業,957,957,948,948,-7,-0.732984,4200,OK
2026-03-19,7078,ＩＮＣＬＵＳＩＶＥ　Ｈｏｌｄｉｎｇｓ,グロース（内国株式）,サービス業,394,401,387,388,-14,-3.482587,23800,OK
2026-03-19,7079,ＷＤＢココ,グロース（内国株式）,サービス業,2672,2697,2651,2651,-29,-1.08209,1800,OK
2026-03-19,7080,スポーツフィールド,グロース（内国株式）,サービス業,887,902,865,895,14,1.589103,27800,OK
2026-03-19,7081,コーユーレンティア,スタンダード（内国株式）,サービス業,1265,1275,1263,1273,6,0.47356,2400,OK
2026-03-19,7082,ジモティー,グロース（内国株式）,サービス業,765,772,748,748,-32,-4.102564,30300,OK
2026-03-19,7083,ＡＨＣグループ,グロース（内国株式）,サービス業,761,761,725,748,-15,-1.965924,900,OK
2026-03-19,7084,Ｓｍｉｌｅ　Ｈｏｌｄｉｎｇｓ,グロース（内国株式）,サービス業,3030,3070,3030,3060,-5,-0.163132,2800,OK
2026-03-19,7085,カーブスホールディングス,プライム（内国株式）,サービス業,780,784,768,768,-21,-2.661597,174400,OK
2026-03-19,7087,ウイルテック,スタンダード（内国株式）,サービス業,1347,1373,1341,1347,0,0,3400,OK
2026-03-19,7088,フォーラムエンジニアリング,プライム（内国株式）,サービス業,1696,1698,1696,1696,-2,-0.117786,4800,OK
2026-03-19,7089,フォースタートアップス,グロース（内国株式）,サービス業,1321,1321,1230,1230,-106,-7.934132,63600,OK
2026-03-19,7090,リグア,グロース（内国株式）,サービス業,1011,1023,1011,1023,0,0,500,OK
2026-03-19,7091,リビングプラットフォーム,グロース（内国株式）,サービス業,1227,1227,1187,1218,-11,-0.895037,7600,OK
2026-03-19,7092,Ｆａｓｔ　Ｆｉｔｎｅｓｓ　Ｊａｐａｎ,プライム（内国株式）,サービス業,2302,2305,2301,2301,-14,-0.604752,3600,OK
2026-03-19,7093,アディッシュ,グロース（内国株式）,サービス業,547,556,547,556,-1,-0.179533,1900,OK
2026-03-19,7094,ＮｅｘＴｏｎｅ,グロース（内国株式）,サービス業,1615,1637,1574,1574,-54,-3.316953,79700,OK
2026-03-19,7095,Ｍａｃｂｅｅ　Ｐｌａｎｅｔ,プライム（内国株式）,サービス業,1326,1337,1301,1301,-40,-2.982849,103300,OK
2026-03-19,7096,ステムセル研究所,グロース（内国株式）,サービス業,831,832,820,823,-12,-1.437126,12600,OK
2026-03-19,7097,さくらさくプラス,グロース（内国株式）,サービス業,2806,2839,2757,2757,-49,-1.746258,5800,OK
2026-03-19,7098,エージェント,TOKYO PRO MARKET（内国株式）,サービス業,,,,,,,,NO_QUOTE
2026-03-19,7102,日本車輌製造,プライム（内国株式）,輸送用機器,3755,3780,3680,3700,-170,-4.392765,47500,OK
2026-03-19,7105,三菱ロジスネクスト,スタンダード（内国株式）,輸送用機器,1526,1527,1526,1526,-1,-0.065488,235700,OK
2026-03-19,7110,クラシコム,グロース（内国株式）,小売業,2025,2031,1989,2015,-60,-2.891566,18100,OK
2026-03-19,7111,ＩＮＥＳＴ,スタンダード（内国株式）,卸売業,465,465,456,456,-7,-1.511879,9700,OK
2026-03-19,7112,キューブ,グロース（内国株式）,小売業,707,716,706,715,2,0.280505,2400,OK
2026-03-19,7114,フーディソン,グロース（内国株式）,卸売業,870,876,867,871,-1,-0.114679,500,OK
2026-03-19,7115,アルファパーチェス,スタンダード（内国株式）,卸売業,1703,1725,1680,1680,-59,-3.392754,15800,OK
2026-03-19,7116,ダイワ通信,スタンダード（内国株式）,卸売業,1174,1175,1174,1175,1,0.085179,3600,OK
2026-03-19,7119,ハルメクホールディングス,グロース（内国株式）,小売業,1601,1649,1590,1627,22,1.370717,39900,OK
2026-03-19,7120,ＳＨＩＮＫＯ,スタンダード（内国株式）,卸売業,928,928,896,900,-16,-1.746725,12000,OK
2026-03-19,7122,近畿車輛,スタンダード（内国株式）,輸送用機器,2301,2325,2268,2275,-73,-3.109029,3000,OK
2026-03-19,7126,グローバルスタイル,スタンダード（内国株式）,小売業,1516,1516,1502,1502,-4,-0.265604,3600,OK
2026-03-19,7127,一家ホールディングス,スタンダード（内国株式）,小売業,711,712,710,712,1,0.140647,6900,OK
2026-03-19,7128,ユニソルホールディングス,プライム（内国株式）,卸売業,2195,2211,2187,2187,-47,-2.10385,67300,OK
2026-03-19,7129,ミアヘルサホールディングス,スタンダード（内国株式）,小売業,1195,1197,1192,1197,3,0.251256,2200,OK
2026-03-19,7130,ヤマエグループホールディングス,プライム（内国株式）,卸売業,2999,2999,2893,2893,-157,-5.147541,68900,OK
2026-03-19,7131,のむら産業,スタンダード（内国株式）,卸売業,3650,3650,3505,3505,-210,-5.652759,11200,OK
2026-03-19,7132,フローバル,TOKYO PRO MARKET（内国株式）,卸売業,,,,,,,,NO_QUOTE
2026-03-19,7133,ＨＹＵＧＡ　ＰＲＩＭＡＲＹ　ＣＡＲＥ,グロース（内国株式）,小売業,1055,1055,1052,1052,-11,-1.034807,1300,OK
2026-03-19,7134,アップガレージグループ,スタンダード（内国株式）,小売業,1061,1075,1028,1028,-33,-3.110273,18600,OK
2026-03-19,7135,ジャパンクラフトホールディングス,スタンダード（内国株式）,小売業,219,219,208,218,0,0,65300,OK
2026-03-19,7136,ウェルビングループ,TOKYO PRO MARKET（内国株式）,小売業,,,,,,,,NO_QUOTE
2026-03-19,7137,グラントマト,TOKYO PRO MARKET（内国株式）,小売業,,,,,,,,NO_QUOTE
2026-03-19,7138,ＴＯＲＩＣＯ,グロース（内国株式）,小売業,262,265,251,255,-13,-4.850746,206200,OK
2026-03-19,7139,東京高圧山崎,TOKYO PRO MARKET（内国株式）,卸売業,,,,,,,,NO_QUOTE
2026-03-19,7140,ペットゴー,グロース（内国株式）,小売業,865,869,820,826,-39,-4.508671,28700,OK
2026-03-19,7148,ＦＰＧ,プライム（内国株式）,証券･商品先物取引業,1970,1973,1956,1959,-30,-1.508296,1373000,OK
2026-03-19,7150,島根銀行,スタンダード（内国株式）,銀行業,552,552,529,529,-23,-4.166667,35500,OK
2026-03-19,7157,ライフネット生命保険,プライム（内国株式）,保険業,2170,2221,2062,2107,-127,-5.68487,2289300,OK
2026-03-19,7161,じもとホールディングス,スタンダード（内国株式）,銀行業,497,497,484,489,-19,-3.740157,112900,OK
2026-03-19,7162,アストマックス,スタンダード（内国株式）,電気･ガス業,230,231,218,219,-12,-5.194805,110600,OK
2026-03-19,7164,全国保証,プライム（内国株式）,その他金融業,3175,3198,3160,3164,-36,-1.125,536400,OK
2026-03-19,7167,めぶきフィナンシャルグループ,プライム（内国株式）,銀行業,1201,1214,1189,1198.5,-28.5,-2.322738,2238000,OK
2026-03-19,7170,中央インターナショナルグループ,TOKYO PRO MARKET（内国株式）,保険業,,,,,,,,NO_QUOTE
2026-03-19,7172,ジャパンインベストメントアドバイザー,プライム（内国株式）,証券･商品先物取引業,1930,1938,1906,1908,-51,-2.603369,306000,OK
2026-03-19,7173,東京きらぼしフィナンシャルグループ,プライム（内国株式）,銀行業,11080,11230,11010,11090,-270,-2.376761,126600,OK
2026-03-19,7175,今村証券,スタンダード（内国株式）,証券･商品先物取引業,1338,1349,1312,1326,-22,-1.632047,3200,OK
2026-03-19,7176,シンプレクス・ファイナンシャル・ホールディングス,TOKYO PRO MARKET（内国株式）,証券･商品先物取引業,,,,,,,,NO_QUOTE
2026-03-19,7177,ＧＭＯフィナンシャルホールディングス,スタンダード（内国株式）,証券･商品先物取引業,930,934,918,918,-19,-2.027748,210300,OK
2026-03-19,7180,九州フィナンシャルグループ,プライム（内国株式）,銀行業,1153,1179,1150.5,1160,-36,-3.010033,1218700,OK
2026-03-19,7181,かんぽ生命保険,プライム（内国株式）,保険業,4750,4775,4706,4709,-108,-2.242059,1153500,OK
2026-03-19,7182,ゆうちょ銀行,プライム（内国株式）,銀行業,2620.5,2632.5,2587,2600,-70.5,-2.639955,7934200,OK
2026-03-19,7183,あんしん保証,スタンダード（内国株式）,その他金融業,216,231,210,212,-2,-0.934579,396200,OK
2026-03-19,7184,富山第一銀行,プライム（内国株式）,銀行業,2541,2590,2501,2508,-83,-3.203396,241400,OK
2026-03-19,7185,ヒロセ通商,スタンダード（内国株式）,証券･商品先物取引業,3735,3745,3730,3740,5,0.133869,2400,OK
2026-03-19,7186,横浜フィナンシャルグループ,プライム（内国株式）,銀行業,1400.5,1407.5,1380,1385,-56.5,-3.919528,5653800,OK
2026-03-19,7187,ジェイリース,プライム（内国株式）,その他金融業,1295,1302,1272,1272,-41,-3.12262,122900,OK
2026-03-19,7189,西日本フィナンシャルホールディングス,プライム（内国株式）,銀行業,3895,3937,3855,3868,-97,-2.446406,543900,OK
2026-03-19,7191,イントラスト,スタンダード（内国株式）,その他金融業,1130,1137,1112,1112,-35,-3.051439,35000,OK
2026-03-19,7192,日本モーゲージサービス,スタンダード（内国株式）,その他金融業,675,675,652,654,-26,-3.823529,185100,OK
2026-03-19,7196,Ｃａｓａ,スタンダード（内国株式）,その他金融業,715,722,715,715,-3,-0.417827,6100,OK
2026-03-19,7198,ＳＢＩアルヒ,プライム（内国株式）,その他金融業,861,863,853,855,-13,-1.497696,128100,OK
2026-03-19,7199,プレミアグループ,プライム（内国株式）,その他金融業,1775,1802,1716,1716,-61,-3.432752,465000,OK
2026-03-19,7201,日産自動車,プライム（内国株式）,輸送用機器,356,357.2,347.9,348.8,-13.6,-3.752759,36200900,OK
2026-03-19,7202,いすゞ自動車,プライム（内国株式）,輸送用機器,2399,2399,2329,2342.5,-105.5,-4.309641,3915200,OK
2026-03-19,7203,トヨタ自動車,プライム（内国株式）,輸送用機器,3360,3374,3316,3325,-79,-2.320799,23090100,OK
2026-03-19,7205,日野自動車,プライム（内国株式）,輸送用機器,407,409,393,395,-14,-3.422983,5952400,OK
2026-03-19,7208,カネミツ,スタンダード（内国株式）,輸送用機器,1181,1191,1140,1145,-60,-4.979253,14700,OK
2026-03-19,7211,三菱自動車工業,プライム（内国株式）,輸送用機器,356.5,358.4,347.2,347.3,-18.5,-5.057408,17841700,OK
2026-03-19,7212,エフテック,スタンダード（内国株式）,輸送用機器,742,742,730,742,-14,-1.851852,84800,OK
2026-03-19,7213,レシップホールディングス,スタンダード（内国株式）,輸送用機器,473,475,472,475,0,0,6200,OK
2026-03-19,7214,ＧＭＢ,スタンダード（内国株式）,輸送用機器,949,971,949,955,-8,-0.830737,15300,OK
2026-03-19,7215,ファルテック,スタンダード（内国株式）,輸送用機器,372,374,369,374,-1,-0.266667,4900,OK
2026-03-19,7217,テイン,スタンダード（内国株式）,輸送用機器,404,404,401,401,-4,-0.987654,700,OK
2026-03-19,7218,田中精密工業,スタンダード（内国株式）,輸送用機器,1145,1145,1140,1140,-6,-0.52356,4000,OK
2026-03-19,7219,エッチ・ケー・エス,スタンダード（内国株式）,輸送用機器,2329,2329,2309,2309,-20,-0.858738,600,OK
2026-03-19,7220,武蔵精密工業,プライム（内国株式）,輸送用機器,2850,2850,2687,2687,-236,-8.073897,727700,OK
2026-03-19,7222,日産車体,スタンダード（内国株式）,輸送用機器,988,988,972,975,-22,-2.20662,65500,OK
2026-03-19,7224,新明和工業,プライム（内国株式）,輸送用機器,2444,2463,2402,2402,-134,-5.283912,242100,OK
2026-03-19,7226,極東開発工業,プライム（内国株式）,輸送用機器,3105,3110,3020,3020,-135,-4.278922,161900,OK
2026-03-19,7228,デイトナ,スタンダード（内国株式）,輸送用機器,3885,3885,3830,3830,-40,-1.033592,3900,OK
2026-03-19,7229,ユタカ技研,スタンダード（内国株式）,輸送用機器,3000,3005,2998,3000,0,0,21500,OK
2026-03-19,7231,トピー工業,プライム（内国株式）,輸送用機器,3205,3205,3085,3085,-190,-5.801527,132800,OK
2026-03-19,7235,東京ラヂエーター製造,スタンダード（内国株式）,輸送用機器,1579,1579,1528,1528,-57,-3.596215,31100,OK
2026-03-19,7236,ティラド,プライム（内国株式）,輸送用機器,9020,9090,8830,8830,-490,-5.257511,29700,OK
2026-03-19,7238,曙ブレーキ工業,プライム（内国株式）,輸送用機器,125,126,121,121,-8,-6.20155,2268700,OK
2026-03-19,7239,タチエス,プライム（内国株式）,輸送用機器,2111,2119,2080,2080,-69,-3.210796,137100,OK
2026-03-19,7240,ＮＯＫ,プライム（内国株式）,輸送用機器,2974.5,2983.5,2925,2925,-93,-3.081511,502700,OK
2026-03-19,7241,フタバ産業,プライム（内国株式）,輸送用機器,1015,1015,987,992,-24,-2.362205,432900,OK
2026-03-19,7242,カヤバ,プライム（内国株式）,輸送用機器,4295,4325,4265,4290,-130,-2.941176,156000,OK
2026-03-19,7244,市光工業,プライム（内国株式）,電気機器,491,491,478,482,-19,-3.792415,260800,OK
2026-03-19,7245,大同メタル工業,プライム（内国株式）,輸送用機器,950,950,925,925,-45,-4.639175,1182900,OK
2026-03-19,7246,プレス工業,プライム（内国株式）,輸送用機器,841,842,828,829,-38,-4.38293,495200,OK
2026-03-19,7247,ミクニ,スタンダード（内国株式）,輸送用機器,412,412,404,408,-8,-1.923077,111200,OK
2026-03-19,7250,太平洋工業,プライム（内国株式）,輸送用機器,3020,3025,3015,3015,-5,-0.165563,160400,OK
2026-03-19,7254,ユニバンス,スタンダード（内国株式）,輸送用機器,850,851,794,806,-44,-5.176471,52000,OK
2026-03-19,7255,桜井製作所,スタンダード（内国株式）,輸送用機器,680,680,671,676,-7,-1.02489,6400,OK
2026-03-19,7256,河西工業,スタンダード（内国株式）,輸送用機器,293,296,278,280,-20,-6.666667,846500,OK
2026-03-19,7259,アイシン,プライム（内国株式）,輸送用機器,2292,2304.5,2210.5,2210.5,-144.5,-6.135881,6467900,OK
2026-03-19,7261,マツダ,プライム（内国株式）,輸送用機器,1120,1122.5,1082,1089,-56.5,-4.932344,13575500,OK
2026-03-19,7264,ムロコーポレーション,スタンダード（内国株式）,輸送用機器,1378,1390,1372,1373,-17,-1.223022,2700,OK
2026-03-19,7265,エイケン工業,スタンダード（内国株式）,輸送用機器,3500,3500,3485,3485,-5,-0.143266,400,OK
2026-03-19,7266,今仙電機製作所,スタンダード（内国株式）,輸送用機器,921,926,899,899,-36,-3.850267,73100,OK
2026-03-19,7267,本田技研工業,プライム（内国株式）,輸送用機器,1327.5,1328,1294.5,1302,-43,-3.197026,49387200,OK
2026-03-19,7269,スズキ,プライム（内国株式）,輸送用機器,1946,1951.5,1902,1919,-57.5,-2.909183,9389800,OK
2026-03-19,7270,ＳＵＢＡＲＵ,プライム（内国株式）,輸送用機器,2569,2578.5,2550,2559,-49.5,-1.897642,5491900,OK
2026-03-19,7271,安永,スタンダード（内国株式）,輸送用機器,1011,1019,989,991,-47,-4.527938,28300,OK
2026-03-19,7272,ヤマハ発動機,プライム（内国株式）,輸送用機器,1103,1111,1098,1101,-19.5,-1.740295,8036700,OK
2026-03-19,7273,イクヨ,スタンダード（内国株式）,輸送用機器,681,682,668,669,-12,-1.762115,26900,OK
2026-03-19,7276,小糸製作所,プライム（内国株式）,電気機器,2592.5,2592.5,2499,2503.5,-130.5,-4.954442,1289600,OK
2026-03-19,7277,ＴＢＫ,スタンダード（内国株式）,輸送用機器,382,382,375,377,-6,-1.56658,51400,OK
2026-03-19,7278,エクセディ,プライム（内国株式）,輸送用機器,5750,5760,5660,5660,-140,-2.413793,198900,OK
2026-03-19,7279,ハイレックスコーポレーション,スタンダード（内国株式）,輸送用機器,3165,3190,3125,3165,-65,-2.012384,97500,OK
2026-03-19,7280,ミツバ,プライム（内国株式）,電気機器,1278,1279,1243,1243,-63,-4.82389,282400,OK
2026-03-19,7282,豊田合成,プライム（内国株式）,輸送用機器,4319,4319,4151,4168,-256,-5.786618,787900,OK
2026-03-19,7283,愛三工業,プライム（内国株式）,輸送用機器,1939,1939,1897,1901,-72,-3.649265,268600,OK
2026-03-19,7284,盟和産業,スタンダード（内国株式）,輸送用機器,1247,1247,1205,1205,-12,-0.986031,2700,OK
2026-03-19,7287,日本精機,スタンダード（内国株式）,輸送用機器,2582,2582,2496,2511,-111,-4.23341,266300,OK
2026-03-19,7291,日本プラスト,スタンダード（内国株式）,輸送用機器,429,432,423,424,-10,-2.304147,90500,OK
2026-03-19,7292,村上開明堂,スタンダード（内国株式）,輸送用機器,6400,6550,6330,6550,110,1.708075,4400,OK
2026-03-19,7294,ヨロズ,プライム（内国株式）,輸送用機器,947,948,917,917,-45,-4.677755,104000,OK
2026-03-19,7296,エフ・シー・シー,プライム（内国株式）,輸送用機器,3345,3360,3315,3320,-85,-2.496329,161800,OK
2026-03-19,7297,カーメイト,スタンダード（内国株式）,輸送用機器,888,916,888,913,-5,-0.544662,2700,OK
2026-03-19,7299,フジオーゼックス,スタンダード（内国株式）,輸送用機器,1997,2004,1971,1974,-23,-1.151728,8500,OK
2026-03-19,7305,新家工業,スタンダード（内国株式）,鉄鋼,5430,5430,5350,5350,-90,-1.654412,17400,OK
2026-03-19,7309,シマノ,プライム（内国株式）,輸送用機器,16300,16455,16240,16340,-320,-1.920768,450200,OK
2026-03-19,7313,テイ・エス　テック,プライム（内国株式）,輸送用機器,1784,1784.5,1762,1762.5,-49,-2.704941,1525400,OK
2026-03-19,7314,小田原機器,スタンダード（内国株式）,輸送用機器,1148,1148,1142,1142,-6,-0.522648,1800,OK
2026-03-19,7317,松屋アールアンドディ,グロース（内国株式）,輸送用機器,1089,1090,1089,1089,0,0,49500,OK
2026-03-19,7318,セレンディップ・ホールディングス,グロース（内国株式）,輸送用機器,1586,1587,1480,1500,-132,-8.088235,313900,OK
2026-03-19,7320,Ｓｏｌｖｖｙ,グロース（内国株式）,その他金融業,1569,1606,1561,1574,-13,-0.819156,24500,OK
2026-03-19,7322,三十三フィナンシャルグループ,プライム（内国株式）,銀行業,6030,6110,5980,6090,-110,-1.774194,157700,OK
2026-03-19,7325,アイリックコーポレーション,グロース（内国株式）,保険業,867,871,855,870,18,2.112676,3100,OK
2026-03-19,7326,ＳＢＩインシュアランスグループ,グロース（内国株式）,保険業,2170,2170,2126,2134,-66,-3,28400,OK
2026-03-19,7327,第四北越フィナンシャルグループ,プライム（内国株式）,銀行業,1985,1998,1964,1967,-52,-2.575532,703800,OK
2026-03-19,7337,ひろぎんホールディングス,プライム（内国株式）,銀行業,1809.5,1826.5,1781,1781,-67.5,-3.651609,814700,OK
2026-03-19,7343,ブロードマインド,グロース（内国株式）,保険業,1340,1362,1339,1361,-1,-0.073421,10900,OK
2026-03-19,7345,アイ・パートナーズフィナンシャル,グロース（内国株式）,その他金融業,1159,1160,1044,1109,-74,-6.255283,41400,OK
2026-03-19,7347,マーキュリアホールディングス,プライム（内国株式）,証券･商品先物取引業,738,739,716,720,-25,-3.355705,61900,OK
2026-03-19,7350,おきなわフィナンシャルグループ,プライム（内国株式）,銀行業,5490,5540,5420,5450,-200,-3.539823,37000,OK
2026-03-19,7351,グッドパッチ,グロース（内国株式）,サービス業,465,470,456,457,-6,-1.295896,21000,OK
2026-03-19,7352,ＴＷＯＳＴＯＮＥ＆Ｓｏｎｓ,グロース（内国株式）,サービス業,531,533,514,514,-27,-4.990758,75100,OK
2026-03-19,7353,ＫＩＹＯラーニング,グロース（内国株式）,サービス業,581,581,569,569,-2,-0.350263,9800,OK
2026-03-19,7354,ダイレクトマーケティングミックス,スタンダード（内国株式）,サービス業,308,308,295,295,-18,-5.750799,377600,OK
2026-03-19,7355,一寸房,TOKYO PRO MARKET（内国株式）,サービス業,,,,,,,,NO_QUOTE
2026-03-19,7356,Ｒｅｔｔｙ,グロース（内国株式）,サービス業,144,144,140,141,-3,-2.083333,18800,OK
2026-03-19,7357,ジオコード,スタンダード（内国株式）,サービス業,1465,1483,1464,1464,-2,-0.136426,2300,OK
2026-03-19,7358,ポピンズ,スタンダード（内国株式）,サービス業,1425,1452,1412,1440,-1,-0.069396,18400,OK
2026-03-19,7359,東京通信グループ,グロース（内国株式）,サービス業,258,258,248,248,-8,-3.125,20500,OK
2026-03-19,7360,オンデック,グロース（内国株式）,サービス業,806,806,806,806,-5,-0.616523,400,OK
2026-03-19,7361,ヒューマンクリエイションホールディングス,グロース（内国株式）,サービス業,1244,1250,1240,1243,-6,-0.480384,2700,OK
2026-03-19,7362,Ｔ．Ｓ．Ｉ,グロース（内国株式）,サービス業,831,832,821,821,-10,-1.203369,1600,OK
2026-03-19,7363,ベビーカレンダー,グロース（内国株式）,サービス業,1370,1380,1365,1365,-5,-0.364964,2400,OK
2026-03-19,7364,琉球アスティーダスポーツクラブ,TOKYO PRO MARKET（内国株式）,サービス業,,,,,,,,NO_QUOTE
2026-03-19,7366,ＬＩＴＡＬＩＣＯ,プライム（内国株式）,サービス業,1295,1305,1282,1282,-28,-2.137405,135900,OK
2026-03-19,7367,セルム,スタンダード（内国株式）,サービス業,331,331,323,327,-4,-1.208459,25200,OK
2026-03-19,7368,表示灯,スタンダード（内国株式）,サービス業,1691,1703,1688,1703,-12,-0.699708,1900,OK
2026-03-19,7369,メイホーホールディングス,グロース（内国株式）,サービス業,532,534,529,534,-1,-0.186916,12300,OK
2026-03-19,7370,Ｅｎｊｉｎ,グロース（内国株式）,サービス業,797,807,796,796,-1,-0.125471,5300,OK
2026-03-19,7371,Ｚｅｎｋｅｎ,グロース（内国株式）,サービス業,718,718,704,704,-14,-1.949861,56300,OK
2026-03-19,7372,デコルテ・ホールディングス,グロース（内国株式）,サービス業,373,373,367,369,-5,-1.336898,4200,OK
2026-03-19,7373,アイドマ・ホールディングス,グロース（内国株式）,サービス業,1750,1755,1700,1707,-73,-4.101124,87600,OK
2026-03-19,7374,コンフィデンス・インターワークス,グロース（内国株式）,サービス業,1578,1579,1564,1571,-12,-0.758054,5700,OK
2026-03-19,7375,リファインバースグループ,グロース（内国株式）,サービス業,1053,1298,1027,1093,70,6.84262,873600,OK
2026-03-19,7376,ＢＣＣ,グロース（内国株式）,サービス業,,,,,,,,NO_QUOTE
2026-03-19,7377,ＤＮホールディングス,スタンダード（内国株式）,サービス業,1921,1921,1903,1907,-15,-0.780437,4700,OK
2026-03-19,7378,アシロ,グロース（内国株式）,サービス業,1956,2020,1956,1988,-18,-0.897308,40600,OK
2026-03-19,7380,十六フィナンシャルグループ,プライム（内国株式）,銀行業,8880,8990,8780,8840,-380,-4.121475,175400,OK
2026-03-19,7381,ＣＣＩグループ,プライム（内国株式）,銀行業,982,985,962,964,-33,-3.30993,436600,OK
2026-03-19,7383,ネットプロテクションズホールディングス,プライム（内国株式）,その他金融業,377,380,348,351,-39,-10,4404400,OK
2026-03-19,7384,プロクレアホールディングス,プライム（内国株式）,銀行業,3105,3150,3070,3070,-105,-3.307087,70500,OK
2026-03-19,7388,ＦＰパートナー,プライム（内国株式）,保険業,2350,2350,2301,2317,-14,-0.600601,47600,OK
2026-03-19,7389,あいちフィナンシャルグループ,プライム（内国株式）,銀行業,6350,6500,6260,6330,-120,-1.860465,145600,OK
2026-03-19,7399,ナンシン,スタンダード（内国株式）,輸送用機器,616,616,607,607,-12,-1.938611,1100,OK
2026-03-19,7409,ＡｅｒｏＥｄｇｅ,グロース（内国株式）,輸送用機器,4070,4115,3990,3990,-220,-5.225653,124200,OK
2026-03-19,7412,アトム,スタンダード（内国株式）,小売業,646,647,640,645,0,0,680100,OK
2026-03-19,7413,創健社,スタンダード（内国株式）,卸売業,2750,2750,2695,2695,-66,-2.390438,1200,OK
2026-03-19,7414,小野建,プライム（内国株式）,卸売業,1425,1441,1413,1413,-33,-2.282158,53500,OK
2026-03-19,7416,はるやまホールディングス,スタンダード（内国株式）,小売業,843,900,799,870,18,2.112676,98100,OK
2026-03-19,7417,南陽,スタンダード（内国株式）,卸売業,1520,1520,1501,1503,-23,-1.507208,10100,OK
2026-03-19,7419,ノジマ,プライム（内国株式）,小売業,1088,1093,1080,1080,-15,-1.369863,582700,OK
2026-03-19,7420,佐鳥電機,プライム（内国株式）,卸売業,1883,1900,1860,1860,-89,-4.566444,52700,OK
2026-03-19,7421,カッパ・クリエイト,プライム（内国株式）,小売業,1624,1634,1620,1620,-11,-0.674433,94600,OK
2026-03-19,7422,東邦レマック,スタンダード（内国株式）,卸売業,440,440,416,416,-14,-3.255814,3000,OK
2026-03-19,7425,初穂商事,スタンダード（内国株式）,卸売業,2552,2582,2493,2493,-60,-2.350176,2600,OK
2026-03-19,7426,山大,スタンダード（内国株式）,卸売業,1123,1138,1092,1111,-10,-0.892061,7300,OK
2026-03-19,7427,エコートレーディング,スタンダード（内国株式）,卸売業,896,902,881,881,-17,-1.893096,3600,OK
2026-03-19,7433,伯東,プライム（内国株式）,卸売業,4210,4245,4170,4170,-70,-1.650943,56400,OK
2026-03-19,7434,オータケ,スタンダード（内国株式）,卸売業,1864,1864,1855,1855,-19,-1.013874,600,OK
2026-03-19,7435,ナ・デックス,スタンダード（内国株式）,卸売業,1116,1116,1105,1107,-11,-0.9839,14100,OK
2026-03-19,7438,コンドーテック,プライム（内国株式）,卸売業,1486,1500,1472,1475,-25,-1.666667,62400,OK
2026-03-19,7442,中山福,スタンダード（内国株式）,卸売業,475,481,461,465,-13,-2.719665,33500,OK
2026-03-19,7443,横浜魚類,スタンダード（内国株式）,卸売業,685,690,675,690,15,2.222222,11900,OK
2026-03-19,7444,ハリマ共和物産,スタンダード（内国株式）,卸売業,2050,2068,2039,2039,-15,-0.730282,2600,OK
2026-03-19,7446,東北化学薬品,スタンダード（内国株式）,卸売業,4325,4410,4300,4410,25,0.570125,500,OK
2026-03-19,7447,ナガイレーベン,プライム（内国株式）,卸売業,1712,1719,1681,1681,-50,-2.888504,125400,OK
2026-03-19,7450,サンデー,スタンダード（内国株式）,小売業,1269,1270,1269,1270,1,0.078802,5000,OK
2026-03-19,7453,良品計画,プライム（内国株式）,小売業,3579,3582,3498,3516,-133,-3.644834,4513200,OK
2026-03-19,7455,パリミキホールディングス,スタンダード（内国株式）,小売業,577,578,576,576,-2,-0.346021,95100,OK
2026-03-19,7456,松田産業,プライム（内国株式）,卸売業,7000,7070,6620,6680,-680,-9.23913,238900,OK
2026-03-19,7458,第一興商,プライム（内国株式）,卸売業,1680,1690,1663.5,1667,-33,-1.941176,441200,OK
2026-03-19,7459,メディパルホールディングス,プライム（内国株式）,卸売業,2865.5,2897,2865.5,2869,-26,-0.8981,761100,OK
2026-03-19,7460,ヤギ,スタンダード（内国株式）,卸売業,4395,4405,4250,4320,-100,-2.262443,9400,OK
2026-03-19,7461,キムラ,スタンダード（内国株式）,卸売業,496,513,495,495,-1,-0.201613,3600,OK
2026-03-19,7462,ＣＡＰＩＴＡ,スタンダード（内国株式）,小売業,614,614,604,604,-3,-0.494234,3300,OK
2026-03-19,7463,アドヴァングループ,スタンダード（内国株式）,小売業,931,955,926,955,9,0.951374,121700,OK
2026-03-19,7464,セフテック,スタンダード（内国株式）,卸売業,1650,1650,1650,1650,-4,-0.241838,300,OK
2026-03-19,7466,ＳＰＫ,プライム（内国株式）,卸売業,2620,2620,2576,2576,-77,-2.902375,19100,OK
2026-03-19,7467,萩原電気ホールディングス,プライム（内国株式）,卸売業,3715,3725,3645,3645,-80,-2.147651,48700,OK
2026-03-19,7472,鳥羽洋行,スタンダード（内国株式）,卸売業,3985,4000,3985,4000,0,0,800,OK
2026-03-19,7475,アルビス,プライム（内国株式）,小売業,2599,2611,2589,2590,-20,-0.766284,21400,OK
2026-03-19,7476,アズワン,プライム（内国株式）,卸売業,2275.5,2306,2271.5,2276,-18,-0.784656,191500,OK
2026-03-19,7477,ムラキ,スタンダード（内国株式）,卸売業,1712,1822,1701,1822,86,4.953917,1700,OK
2026-03-19,7480,スズデン,スタンダード（内国株式）,卸売業,1775,1784,1756,1756,-41,-2.28158,22800,OK
2026-03-19,7481,尾家産業,スタンダード（内国株式）,卸売業,2643,2665,2640,2646,-28,-1.04712,1700,OK
2026-03-19,7482,シモジマ,プライム（内国株式）,卸売業,1406,1415,1400,1400,-24,-1.685393,92400,OK
2026-03-19,7483,ドウシシャ,プライム（内国株式）,卸売業,3445,3450,3365,3390,-95,-2.725968,128000,OK
2026-03-19,7486,サンリン,スタンダード（内国株式）,卸売業,789,789,780,780,-14,-1.763224,8500,OK
2026-03-19,7487,小津産業,スタンダード（内国株式）,卸売業,1856,1860,1846,1846,-13,-0.699301,5000,OK
2026-03-19,7490,日新商事,スタンダード（内国株式）,卸売業,1327,1330,1322,1323,-5,-0.376506,5200,OK
2026-03-19,7494,コナカ,スタンダード（内国株式）,小売業,246,247,245,245,-1,-0.406504,18400,OK
2026-03-19,7500,西川計測,スタンダード（内国株式）,卸売業,,,,,,,,NO_QUOTE
2026-03-19,7501,ティムコ,スタンダード（内国株式）,卸売業,1730,1770,1730,1765,0,0,1400,OK
2026-03-19,7502,プラザホールディングス,スタンダード（内国株式）,サービス業,1818,1826,1813,1817,0,0,2300,OK
2026-03-19,7504,高速,プライム（内国株式）,卸売業,3145,3180,3125,3125,-85,-2.647975,60800,OK
2026-03-19,7505,扶桑電通,スタンダード（内国株式）,卸売業,1990,2000,1920,1925,-113,-5.544652,15000,OK
2026-03-19,7506,ハウス　オブ　ローゼ,スタンダード（内国株式）,小売業,1430,1439,1428,1433,2,0.139762,4900,OK
2026-03-19,7508,Ｇ‐７ホールディングス,プライム（内国株式）,小売業,1400,1402,1367,1367,-37,-2.635328,101300,OK
2026-03-19,7509,アイエーグループ,スタンダード（内国株式）,小売業,4720,4870,4680,4870,40,0.828157,500,OK
2026-03-19,7510,たけびし,プライム（内国株式）,卸売業,2496,2496,2423,2423,-113,-4.455836,35300,OK
2026-03-19,7512,イオン北海道,スタンダード（内国株式）,小売業,876,885,875,877,-4,-0.45403,143900,OK
2026-03-19,7513,コジマ,プライム（内国株式）,小売業,1361,1365,1350,1356,-18,-1.310044,95300,OK
2026-03-19,7514,ヒマラヤ,スタンダード（内国株式）,小売業,844,849,844,844,0,0,4200,OK
2026-03-19,7515,マルヨシセンター,スタンダード（内国株式）,小売業,4310,4390,4305,4390,-60,-1.348315,1400,OK
2026-03-19,7516,コーナン商事,プライム（内国株式）,小売業,4160,4165,4085,4095,-95,-2.267303,253500,OK
2026-03-19,7520,エコス,プライム（内国株式）,小売業,2713,2717,2637,2637,-96,-3.512623,27100,OK
2026-03-19,7521,ムサシ,スタンダード（内国株式）,卸売業,2869,2891,2842,2842,-58,-2,6300,OK
2026-03-19,7522,ワタミ,プライム（内国株式）,小売業,941,947,933,934,-17,-1.787592,113500,OK
2026-03-19,7523,アールビバン,スタンダード（内国株式）,小売業,1510,1510,1506,1506,-4,-0.264901,11300,OK
2026-03-19,7524,マルシェ,スタンダード（内国株式）,小売業,181,181,178,179,-3,-1.648352,9200,OK
2026-03-19,7525,リックス,プライム（内国株式）,卸売業,3620,3645,3605,3605,-55,-1.502732,15100,OK
2026-03-19,7527,システムソフト,スタンダード（内国株式）,情報･通信業,55,56,54,54,-2,-3.571429,1283800,OK
2026-03-19,7531,清和中央ホールディングス,スタンダード（内国株式）,卸売業,1504,1504,1454,1479,-2,-0.135044,1200,OK
2026-03-19,7532,パン・パシフィック・インターナショナルホールディングス,プライム（内国株式）,小売業,980.3,1006.5,980.1,989.6,-26.4,-2.598425,10232500,OK
2026-03-19,7537,丸文,プライム（内国株式）,卸売業,1143,1146,1121,1121,-43,-3.694158,122900,OK
2026-03-19,7538,大水,スタンダード（内国株式）,卸売業,433,437,420,423,-5,-1.168224,9700,OK
2026-03-19,7539,アイナボホールディングス,スタンダード（内国株式）,卸売業,830,830,818,818,-13,-1.56438,16200,OK
2026-03-19,7544,スリーエフ,スタンダード（内国株式）,小売業,574,579,556,559,-20,-3.454231,6600,OK
2026-03-19,7545,西松屋チェーン,プライム（内国株式）,小売業,2093,2104,2072,2078,-29,-1.376364,213500,OK
2026-03-19,7550,ゼンショーホールディングス,プライム（内国株式）,小売業,9429,9532,9264,9264,-182,-1.926741,612800,OK
2026-03-19,75505,ゼンショーホールディングス（優先株式）,プライム（内国株式）,小売業,5055,5060,5055,5060,0,0,1000,OK
2026-03-19,7551,ウェッズ,スタンダード（内国株式）,輸送用機器,703,703,698,702,-1,-0.142248,11000,OK
2026-03-19,7552,ハピネット,プライム（内国株式）,卸売業,2880,2892,2825,2847,-77,-2.633379,267200,OK
2026-03-19,7554,幸楽苑,プライム（内国株式）,小売業,1175,1187,1173,1174,-7,-0.592718,89400,OK
2026-03-19,7555,大田花き,スタンダード（内国株式）,卸売業,751,752,746,747,-4,-0.532623,1400,OK
2026-03-19,7561,ハークスレイ,スタンダード（内国株式）,小売業,742,743,724,726,-16,-2.156334,18700,OK
2026-03-19,7562,安楽亭,スタンダード（内国株式）,小売業,3875,3885,3860,3870,10,0.259067,6000,OK
2026-03-19,7564,ワークマン,スタンダード（内国株式）,小売業,6710,6710,6380,6440,-460,-6.666667,533000,OK
2026-03-19,7565,萬世電機,スタンダード（内国株式）,卸売業,5930,5950,5930,5950,20,0.337268,400,OK
2026-03-19,7567,栄電子,スタンダード（内国株式）,卸売業,514,515,511,511,-3,-0.583658,4800,OK
2026-03-19,7570,橋本総業ホールディングス,スタンダード（内国株式）,卸売業,1420,1420,1380,1380,-50,-3.496503,19100,OK
2026-03-19,7571,ヤマノホールディングス,スタンダード（内国株式）,小売業,107,109,106,106,-1,-0.934579,199000,OK
2026-03-19,7575,日本ライフライン,プライム（内国株式）,卸売業,1408,1415,1392,1392,-37,-2.589223,191400,OK
2026-03-19,7578,ニチリョク,スタンダード（内国株式）,小売業,115,117,114,114,-2,-1.724138,124900,OK
2026-03-19,7581,サイゼリヤ,プライム（内国株式）,小売業,6730,6790,6650,6670,-160,-2.342606,196100,OK
2026-03-19,7585,かんなん丸,スタンダード（内国株式）,小売業,407,407,401,401,-4,-0.987654,4900,OK
2026-03-19,7590,タカショー,スタンダード（内国株式）,卸売業,384,384,379,379,-6,-1.558442,42700,OK
2026-03-19,7593,ＶＴホールディングス,プライム（内国株式）,小売業,512,513,502,502,-16,-3.088803,382700,OK
2026-03-19,7595,アルゴグラフィックス,プライム（内国株式）,情報･通信業,1509,1518,1493,1495,-37,-2.415144,245500,OK
2026-03-19,7596,魚力,プライム（内国株式）,小売業,2291,2307,2289,2289,-31,-1.336207,9400,OK
2026-03-19,7599,ＩＤＯＭ,プライム（内国株式）,卸売業,1288,1290,1239,1239,-75,-5.707763,1002100,OK
2026-03-19,7600,日本エム・ディ・エム,プライム（内国株式）,精密機器,556,561,543,548,-17,-3.00885,172400,OK
2026-03-19,7601,ポプラ,スタンダード（内国株式）,小売業,172,172,170,170,-2,-1.162791,24700,OK
2026-03-19,7602,レダックス,スタンダード（内国株式）,卸売業,219,224,210,215,-3,-1.376147,83600,OK
2026-03-19,7603,ジーイエット,スタンダード（内国株式）,小売業,137,137,129,130,-8,-5.797101,252200,OK
2026-03-19,7604,梅の花グループ,スタンダード（内国株式）,小売業,875,881,872,878,7,0.803674,7300,OK
2026-03-19,7606,ユナイテッドアローズ,プライム（内国株式）,小売業,2507,2538,2478,2478,-77,-3.013699,151100,OK
2026-03-19,7607,進和,プライム（内国株式）,卸売業,3145,3145,3100,3115,-50,-1.579779,23300,OK
2026-03-19,7608,エスケイジャパン,スタンダード（内国株式）,卸売業,826,828,785,789,-59,-6.957547,179600,OK
2026-03-19,7609,ダイトロン,プライム（内国株式）,卸売業,2898,2898,2822,2828,-120,-4.070556,55400,OK
2026-03-19,7610,テイツー,スタンダード（内国株式）,小売業,145,146,142,142,-6,-4.054054,1124700,OK
2026-03-19,7611,ハイデイ日高,プライム（内国株式）,小売業,2988,2988,2946,2955,-50,-1.663894,106200,OK
2026-03-19,7613,シークス,プライム（内国株式）,卸売業,1221,1226,1195,1200,-36,-2.912621,253700,OK
2026-03-19,7614,オーエムツーネットワーク,スタンダード（内国株式）,小売業,1581,1587,1575,1585,2,0.126342,4500,OK
2026-03-19,7615,京都きもの友禅ホールディングス,スタンダード（内国株式）,小売業,150,154,137,138,0,0,2976900,OK
2026-03-19,7616,コロワイド,プライム（内国株式）,小売業,1925,1935,1908,1912,-18,-0.932642,372500,OK
2026-03-19,7619,田中商事,スタンダード（内国株式）,卸売業,880,885,877,882,-6,-0.675676,9500,OK
2026-03-19,7621,うかい,スタンダード（内国株式）,小売業,3350,3350,3330,3330,-35,-1.040119,2100,OK
2026-03-19,7624,ＮａＩＴＯ,スタンダード（内国株式）,卸売業,139,139,136,136,-2,-1.449275,20500,OK
2026-03-19,7625,グローバルダイニング,スタンダード（内国株式）,小売業,472,476,461,463,-8,-1.698514,4700,OK
2026-03-19,7628,オーハシテクニカ,プライム（内国株式）,卸売業,1142,1149,1120,1120,-33,-2.862099,52600,OK
2026-03-19,7630,壱番屋,プライム（内国株式）,小売業,911,915,906,906,-9,-0.983607,187600,OK
2026-03-19,7634,星医療酸器,スタンダード（内国株式）,卸売業,5730,5880,5730,5880,150,2.617801,1700,OK
2026-03-19,7635,杉田エース,スタンダード（内国株式）,卸売業,1707,1708,1706,1706,-1,-0.058582,1800,OK
2026-03-19,7636,ハンズマン,スタンダード（内国株式）,小売業,804,805,802,802,-6,-0.742574,5100,OK
2026-03-19,7637,白銅,プライム（内国株式）,卸売業,2546,2551,2525,2525,-65,-2.509653,14800,OK
2026-03-19,7638,ＮＥＷ　ＡＲＴ　ＨＯＬＤＩＮＧＳ,スタンダード（内国株式）,小売業,1590,1593,1580,1580,-19,-1.188243,20700,OK
2026-03-19,7640,トップカルチャー,スタンダード（内国株式）,小売業,201,202,199,200,-1,-0.497512,19500,OK
2026-03-19,7643,ダイイチ,スタンダード（内国株式）,小売業,1650,1658,1633,1633,-27,-1.626506,3600,OK
2026-03-19,7646,ＰＬＡＮＴ,スタンダード（内国株式）,小売業,1880,1880,1850,1864,-26,-1.375661,13100,OK
2026-03-19,7649,スギホールディングス,プライム（内国株式）,小売業,3537,3572,3446,3446,-183,-5.042711,654200,OK
2026-03-19,7670,オーウエル,スタンダード（内国株式）,卸売業,1100,1102,1085,1099,-3,-0.272232,7100,OK
2026-03-19,7673,ダイコー通産,スタンダード（内国株式）,卸売業,1707,1710,1700,1701,-5,-0.293083,4800,OK
2026-03-19,7674,ＮＡＴＴＹ　ＳＷＡＮＫＹホールディングス,グロース（内国株式）,小売業,2503,2507,2499,2499,-12,-0.477897,6600,OK
2026-03-19,7677,ヤシマキザイ,スタンダード（内国株式）,卸売業,2607,2700,2600,2600,43,1.681658,1300,OK
2026-03-19,7678,あさくま,スタンダード（内国株式）,小売業,4810,4855,4790,4855,15,0.309917,6700,OK
2026-03-19,7679,薬王堂ホールディングス,プライム（内国株式）,小売業,2008,2016,1976,1976,-47,-2.323282,40900,OK
2026-03-19,7680,軽自動車館,TOKYO PRO MARKET（内国株式）,小売業,,,,,,,,NO_QUOTE
2026-03-19,7681,レオクラン,スタンダード（内国株式）,卸売業,850,850,850,850,-10,-1.162791,100,OK
2026-03-19,7682,浜木綿,スタンダード（内国株式）,小売業,4095,4095,4065,4065,-30,-0.732601,600,OK
2026-03-19,7683,ダブルエー,プライム（内国株式）,小売業,1345,1353,1341,1341,-11,-0.813609,19800,OK
2026-03-19,7685,ＢｕｙＳｅｌｌ　Ｔｅｃｈｎｏｌｏｇｉｅｓ,グロース（内国株式）,卸売業,6790,6810,6590,6610,-320,-4.617605,113500,OK
2026-03-19,7686,ひとまいる,スタンダード（内国株式）,小売業,435,438,430,430,-7,-1.601831,23300,OK
2026-03-19,7687,ミクリード,グロース（内国株式）,卸売業,449,451,445,445,-1,-0.224215,3700,OK
2026-03-19,7689,コパ・コーポレーション,グロース（内国株式）,卸売業,453,455,453,455,2,0.441501,500,OK
2026-03-19,7690,カレント自動車,TOKYO PRO MARKET（内国株式）,卸売業,,,,,,,,NO_QUOTE
2026-03-19,7691,Ｃ　Ｃｈａｎｎｅｌ,TOKYO PRO MARKET（内国株式）,小売業,,,,,,,,NO_QUOTE
2026-03-19,7692,アースインフィニティ,スタンダード（内国株式）,電気･ガス業,103,104,100,100,-4,-3.846154,771900,OK
2026-03-19,7693,北海道歯科産業,TOKYO PRO MARKET（内国株式）,卸売業,,,,,,,,NO_QUOTE
2026-03-19,7694,いつも,グロース（内国株式）,小売業,577,579,560,560,-19,-3.28152,11000,OK
2026-03-19,7695,交換できるくん,グロース（内国株式）,小売業,820,833,820,828,3,0.363636,11600,OK
2026-03-19,7698,アイスコ,スタンダード（内国株式）,卸売業,2575,2582,2570,2581,3,0.116369,2900,OK
2026-03-19,7701,島津製作所,プライム（内国株式）,精密機器,3819,3890,3784,3798,-86,-2.214212,1409200,OK
2026-03-19,7702,ＪＭＳ,スタンダード（内国株式）,精密機器,444,444,434,434,-13,-2.908277,30800,OK
2026-03-19,7707,プレシジョン・システム・サイエンス,グロース（内国株式）,精密機器,231,234,225,225,-8,-3.433476,221200,OK
2026-03-19,7709,クボテック,スタンダード（内国株式）,精密機器,165,165,161,161,-5,-3.012048,21700,OK
2026-03-19,7711,助川電気工業,スタンダード（内国株式）,精密機器,7250,7420,7090,7110,-390,-5.2,128200,OK
2026-03-19,7713,シグマ光機,スタンダード（内国株式）,精密機器,1971,1985,1890,1898,-138,-6.777996,81300,OK
2026-03-19,7715,長野計器,プライム（内国株式）,精密機器,2930,2930,2854,2863,-86,-2.916243,49100,OK
2026-03-19,7716,ナカニシ,スタンダード（内国株式）,精密機器,2826,2832,2765,2773,-53,-1.875442,295900,OK
2026-03-19,7717,ブイ・テクノロジー,プライム（内国株式）,精密機器,4740,4770,4595,4640,-240,-4.918033,257900,OK
2026-03-19,7719,東京衡機,スタンダード（内国株式）,精密機器,674,692,598,650,-54,-7.670455,1311600,OK
2026-03-19,7721,東京計器,プライム（内国株式）,精密機器,8250,8390,8020,8180,-170,-2.035928,319400,OK
2026-03-19,7722,国際計測器,スタンダード（内国株式）,精密機器,860,867,845,849,-41,-4.606742,97600,OK
2026-03-19,7723,愛知時計電機,プライム（内国株式）,精密機器,3060,3100,3000,3000,-110,-3.536977,40600,OK
2026-03-19,7725,インターアクション,プライム（内国株式）,精密機器,1432,1449,1424,1427,-26,-1.789401,54300,OK
2026-03-19,7726,黒田精工,スタンダード（内国株式）,機械,991,1011,989,1000,-2,-0.199601,9300,OK
2026-03-19,7727,オーバル,スタンダード（内国株式）,精密機器,830,831,799,801,-43,-5.094787,162500,OK
2026-03-19,7729,東京精密,プライム（内国株式）,精密機器,14500,14680,14280,14280,-595,-4,323800,OK
2026-03-19,7730,マニー,プライム（内国株式）,精密機器,1532,1540,1504,1508,-56,-3.580563,328800,OK
2026-03-19,7731,ニコン,プライム（内国株式）,精密機器,1940,1964.5,1927,1934.5,-45.5,-2.29798,2677600,OK
2026-03-19,7733,オリンパス,プライム（内国株式）,精密機器,1380,1396,1362.5,1374,-27.5,-1.962183,8542600,OK
2026-03-19,7734,理研計器,プライム（内国株式）,精密機器,3310,3310,3175,3185,-195,-5.769231,81500,OK
2026-03-19,7735,ＳＣＲＥＥＮホールディングス,プライム（内国株式）,電気機器,19510,19940,19365,19895,-155,-0.773067,1526700,OK
2026-03-19,7739,キヤノン電子,プライム（内国株式）,電気機器,3625,3635,3625,3630,5,0.137931,98200,OK
2026-03-19,7740,タムロン,プライム（内国株式）,精密機器,996,1003,991,995,-19,-1.873767,496600,OK
2026-03-19,7741,ＨＯＹＡ,プライム（内国株式）,精密機器,27705,27885,27520,27800,-350,-1.243339,1333300,OK
2026-03-19,7743,シード,スタンダード（内国株式）,精密機器,565,585,551,571,2,0.351494,410900,OK
2026-03-19,7744,ノーリツ鋼機,プライム（内国株式）,精密機器,2182,2194,2136,2144,-54,-2.456779,322600,OK
2026-03-19,7745,Ａ＆Ｄホロンホールディングス,プライム（内国株式）,精密機器,2606,2638,2558,2559,-126,-4.692737,179700,OK
2026-03-19,7746,岡本硝子,スタンダード（内国株式）,精密機器,1077,1118,1055,1078,-45,-4.007124,773000,OK
2026-03-19,7747,朝日インテック,プライム（内国株式）,精密機器,3099,3167,3095,3154,-51,-1.591264,1070800,OK
2026-03-19,7749,メディキット,スタンダード（内国株式）,精密機器,2973,3005,2971,2980,-5,-0.167504,900,OK
2026-03-19,7751,キヤノン,プライム（内国株式）,電気機器,4345,4390,4295,4305,-67,-1.532479,5223700,OK
2026-03-19,7752,リコー,プライム（内国株式）,電気機器,1351.5,1373.5,1350.5,1358.5,-17,-1.235914,2842400,OK
2026-03-19,7760,ＩＭＶ,スタンダード（内国株式）,精密機器,3300,3300,3130,3180,-290,-8.357349,197100,OK
2026-03-19,7762,シチズン時計,プライム（内国株式）,精密機器,1708,1721,1693,1703,-28,-1.617562,1456400,OK
2026-03-19,7769,リズム,プライム（内国株式）,精密機器,3930,3935,3860,3875,-100,-2.515723,78100,OK
2026-03-19,7771,日本精密,スタンダード（内国株式）,精密機器,440,454,428,431,-29,-6.304348,664300,OK
2026-03-19,7774,ジャパン・ティッシュエンジニアリング,グロース（内国株式）,精密機器,634,635,606,611,-41,-6.288344,108700,OK
2026-03-19,7775,大研医器,スタンダード（内国株式）,精密機器,461,462,457,457,-5,-1.082251,76000,OK
2026-03-19,7776,セルシード,グロース（内国株式）,精密機器,320,323,310,312,-16,-4.878049,561200,OK
2026-03-19,7777,スリー・ディー・マトリックス,グロース（内国株式）,精密機器,485,498,465,471,-34,-6.732673,5426200,OK
2026-03-19,7779,ＣＹＢＥＲＤＹＮＥ,グロース（内国株式）,精密機器,312,317,301,302,-24,-7.361963,1945800,OK
2026-03-19,7780,メニコン,プライム（内国株式）,精密機器,1716,1724,1690,1690,-60,-3.428571,219900,OK
2026-03-19,7781,平山ホールディングス,スタンダード（内国株式）,精密機器,1537,1550,1537,1544,-31,-1.968254,5200,OK
2026-03-19,7782,シンシア,スタンダード（内国株式）,精密機器,460,460,456,458,-2,-0.434783,2800,OK
2026-03-19,7791,ドリームベッド,スタンダード（内国株式）,その他製品,835,844,831,835,-3,-0.357995,2900,OK
2026-03-19,7792,コラントッテ,グロース（内国株式）,その他製品,1421,1422,1401,1406,-25,-1.74703,14500,OK
2026-03-19,7793,イメージ・マジック,グロース（内国株式）,その他製品,1753,1778,1750,1750,-4,-0.22805,1300,OK
2026-03-19,7794,イーディーピー,グロース（内国株式）,その他製品,1300,1300,1224,1229,-120,-8.895478,666100,OK
2026-03-19,7795,ＫＹＯＲＩＴＳＵ,スタンダード（内国株式）,その他製品,233,235,231,232,-5,-2.109705,102500,OK
2026-03-19,7800,アミファ,スタンダード（内国株式）,その他製品,1409,1412,1367,1367,-72,-5.003475,46500,OK
2026-03-19,7803,ブシロード,グロース（内国株式）,その他製品,267,269,258,262,-9,-3.321033,699200,OK
2026-03-19,7804,ビーアンドピー,スタンダード（内国株式）,その他製品,2352,2373,2265,2284,-81,-3.424947,10100,OK
2026-03-19,7805,プリントネット,スタンダード（内国株式）,その他製品,712,712,707,711,-1,-0.140449,2800,OK
2026-03-19,7806,ＭＴＧ,グロース（内国株式）,その他製品,6320,6380,6150,6160,-250,-3.900156,107300,OK
2026-03-19,7807,幸和製作所,スタンダード（内国株式）,その他製品,850,850,848,848,-5,-0.586166,1000,OK
2026-03-19,7808,シー・エス・ランバー,スタンダード（内国株式）,その他製品,3110,3180,3110,3180,65,2.086677,400,OK
2026-03-19,7809,壽屋,スタンダード（内国株式）,その他製品,1397,1399,1395,1395,-1,-0.071633,4900,OK
2026-03-19,7810,クロスフォー,スタンダード（内国株式）,その他製品,201,203,190,190,-14,-6.862745,411500,OK
2026-03-19,7811,中本パックス,スタンダード（内国株式）,その他製品,1875,1875,1840,1840,-47,-2.490726,17200,OK
2026-03-19,7812,クレステック,スタンダード（内国株式）,その他製品,1940,1940,1940,1940,-31,-1.572806,600,OK
2026-03-19,7813,プラッツ,スタンダード（内国株式）,その他製品,806,812,801,805,-8,-0.98401,1100,OK
2026-03-19,7814,日本創発グループ,スタンダード（内国株式）,その他製品,631,638,627,629,-7,-1.100629,11100,OK
2026-03-19,7815,東京ボード工業,スタンダード（内国株式）,その他製品,393,393,384,384,-12,-3.030303,2300,OK
2026-03-19,7818,トランザクション,プライム（内国株式）,その他製品,1237,1255,1236,1244,-23,-1.815312,316400,OK
2026-03-19,7819,粧美堂,スタンダード（内国株式）,その他製品,1280,1280,1224,1228,-51,-3.98749,35000,OK
2026-03-19,7820,ニホンフラッシュ,プライム（内国株式）,その他製品,817,819,808,808,-22,-2.650602,46800,OK
2026-03-19,7821,前田工繊,プライム（内国株式）,その他製品,2050,2050,1987,1987,-95,-4.56292,101100,OK
2026-03-19,7822,永大産業,スタンダード（内国株式）,その他製品,252,252,247,247,-7,-2.755906,62200,OK
2026-03-19,7823,アートネイチャー,スタンダード（内国株式）,その他製品,816,834,809,834,16,1.95599,48300,OK
2026-03-19,7826,フルヤ金属,プライム（内国株式）,その他製品,7150,7230,6920,7030,-420,-5.637584,646900,OK
2026-03-19,7827,オービス,スタンダード（内国株式）,その他製品,1761,1765,1735,1747,-14,-0.795003,5100,OK
2026-03-19,7831,ウイルコホールディングス,スタンダード（内国株式）,その他製品,92,94,90,90,-3,-3.225806,328600,OK
2026-03-19,7832,バンダイナムコホールディングス,プライム（内国株式）,その他製品,4161,4268,4160,4177,-53,-1.252955,4114500,OK
2026-03-19,7833,アイフィスジャパン,スタンダード（内国株式）,その他製品,682,682,673,673,-11,-1.608187,5600,OK
2026-03-19,7836,アビックス,スタンダード（内国株式）,その他製品,88,88,86,87,-2,-2.247191,391600,OK
2026-03-19,7837,アールシーコア,スタンダード（内国株式）,その他製品,332,335,330,335,-1,-0.297619,5100,OK
2026-03-19,7839,ＳＨＯＥＩ,プライム（内国株式）,その他製品,1606,1629,1599,1605,-31,-1.894866,206900,OK
2026-03-19,7840,フランスベッドホールディングス,プライム（内国株式）,その他製品,1319,1319,1300,1300,-19,-1.440485,81500,OK
2026-03-19,7841,遠藤製作所,スタンダード（内国株式）,その他製品,1166,1166,1143,1143,-26,-2.224123,17400,OK
2026-03-19,7844,マーベラス,プライム（内国株式）,情報･通信業,474,475,468,471,-11,-2.282158,196700,OK
2026-03-19,7846,パイロットコーポレーション,プライム（内国株式）,その他製品,4570,4661,4570,4617,-1,-0.021654,187300,OK
2026-03-19,7847,グラファイトデザイン,スタンダード（内国株式）,その他製品,636,638,631,635,2,0.315956,1300,OK
2026-03-19,7849,スターツ出版,スタンダード（内国株式）,情報･通信業,3960,3970,3950,3970,-25,-0.625782,700,OK
2026-03-19,7850,総合商研,スタンダード（内国株式）,その他製品,876,877,862,875,-1,-0.114155,1600,OK
2026-03-19,7851,カワセコンピュータサプライ,スタンダード（内国株式）,その他製品,220,222,218,218,-5,-2.242152,20400,OK
2026-03-19,7856,萩原工業,プライム（内国株式）,その他製品,1731,1742,1705,1708,-51,-2.899375,61700,OK
2026-03-19,7857,セキ,スタンダード（内国株式）,その他製品,,,,,,,,NO_QUOTE
2026-03-19,7859,アルメディオ,スタンダード（内国株式）,その他製品,249,250,243,243,-7,-2.8,295600,OK
2026-03-19,7860,エイベックス,プライム（内国株式）,情報･通信業,1206,1206,1190,1190,-25,-2.057613,280300,OK
2026-03-19,7863,平賀,スタンダード（内国株式）,その他製品,999,1006,995,995,-8,-0.797607,1400,OK
2026-03-19,7864,フジシールインターナショナル,プライム（内国株式）,その他製品,2720,2734,2663,2663,-95,-3.444525,222200,OK
2026-03-19,7865,ピープル,スタンダード（内国株式）,その他製品,419,419,410,416,-3,-0.71599,9200,OK
2026-03-19,7867,タカラトミー,プライム（内国株式）,その他製品,2797.5,2812.5,2754,2754,-58.5,-2.08,427100,OK
2026-03-19,7868,広済堂ホールディングス,プライム（内国株式）,その他製品,480,485,475,476,-12,-2.459016,1304000,OK
2026-03-19,7871,フクビ化学工業,スタンダード（内国株式）,化学,870,870,869,870,-1,-0.114811,1400,OK
2026-03-19,7872,エステールホールディングス,スタンダード（内国株式）,その他製品,625,629,625,626,-2,-0.318471,6700,OK
2026-03-19,7874,レック,プライム（内国株式）,化学,1132,1137,1107,1107,-37,-3.234266,108700,OK
2026-03-19,7875,竹田ｉＰホールディングス,スタンダード（内国株式）,その他製品,1303,1325,1301,1325,6,0.45489,2200,OK
2026-03-19,7877,永大化工,スタンダード（内国株式）,化学,1980,1986,1960,1975,-27,-1.348651,2100,OK
2026-03-19,7878,光・彩,スタンダード（内国株式）,その他製品,1250,1250,1152,1212,-41,-3.272147,5200,OK
2026-03-19,7879,ノダ,スタンダード（内国株式）,その他製品,679,685,676,678,-5,-0.732064,11900,OK
2026-03-19,7883,サンメッセ,スタンダード（内国株式）,その他製品,372,372,371,371,0,0,5500,OK
2026-03-19,7885,タカノ,スタンダード（内国株式）,その他製品,1217,1227,1201,1204,-32,-2.588997,43900,OK
2026-03-19,7886,ヤマト　モビリティ　＆　Ｍｆｇ．,スタンダード（内国株式）,化学,719,725,719,724,-10,-1.362398,2200,OK
2026-03-19,7887,南海プライウッド,スタンダード（内国株式）,その他製品,11080,11080,10610,11000,-150,-1.345291,1700,OK
2026-03-19,7888,三光合成,プライム（内国株式）,化学,905,910,888,892,-33,-3.567568,122900,OK
2026-03-19,7893,プロネクサス,プライム（内国株式）,その他製品,1128,1139,1110,1110,-31,-2.716915,75100,OK
2026-03-19,7896,セブン工業,スタンダード（内国株式）,その他製品,559,559,551,556,-3,-0.536673,1600,OK
2026-03-19,7897,ホクシン,スタンダード（内国株式）,その他製品,109,109,107,107,-3,-2.727273,190100,OK
2026-03-19,7898,ウッドワン,スタンダード（内国株式）,その他製品,1035,1039,1016,1018,-37,-3.507109,4900,OK
2026-03-19,7901,マツモト,スタンダード（内国株式）,その他製品,1278,1500,1263,1276,-30,-2.29709,143600,OK
2026-03-19,7902,ソノコム,スタンダード（内国株式）,その他製品,1190,1190,1138,1138,-79,-6.491372,9400,OK
2026-03-19,7906,ヨネックス,スタンダード（内国株式）,その他製品,3400,3400,3250,3250,-205,-5.93343,303900,OK
2026-03-19,7908,きもと,スタンダード（内国株式）,化学,278,290,270,274,-10,-3.521127,175000,OK
2026-03-19,7911,ＴＯＰＰＡＮホールディングス,プライム（内国株式）,その他製品,4896,4913,4659,4659,-350,-6.987423,1785200,OK
2026-03-19,7912,大日本印刷,プライム（内国株式）,その他製品,2944,2970.5,2906.5,2920.5,-124.5,-4.08867,2484900,OK
2026-03-19,7914,共同印刷,プライム（内国株式）,その他製品,1625,1632,1604,1604,-55,-3.31525,135100,OK
2026-03-19,7915,ＮＩＳＳＨＡ,プライム（内国株式）,その他製品,1308,1318,1275,1275,-57,-4.279279,259900,OK
2026-03-19,7916,光村印刷,スタンダード（内国株式）,その他製品,1836,1850,1829,1829,-47,-2.50533,800,OK
2026-03-19,7917,ＺＡＣＲＯＳ,プライム（内国株式）,化学,1344,1349,1309,1309,-73,-5.2822,137100,OK
2026-03-19,7918,ヴィア・ホールディングス,スタンダード（内国株式）,小売業,125,126,124,124,-1,-0.8,156400,OK
2026-03-19,7919,野崎印刷紙業,スタンダード（内国株式）,その他製品,212,213,210,210,-7,-3.225806,44300,OK
2026-03-19,7921,ＴＡＫＡＲＡ　＆　ＣＯＭＰＡＮＹ,プライム（内国株式）,その他製品,3900,3905,3830,3830,-140,-3.526448,18600,OK
2026-03-19,7922,三光産業,スタンダード（内国株式）,その他製品,892,894,887,889,-5,-0.559284,70100,OK
2026-03-19,7923,トーイン,スタンダード（内国株式）,その他製品,1177,1180,1177,1180,-3,-0.253593,1700,OK
2026-03-19,7925,前澤化成工業,プライム（内国株式）,化学,2270,2270,2232,2232,-68,-2.956522,26100,OK
2026-03-19,7927,ムトー精工,スタンダード（内国株式）,化学,2175,2175,2128,2143,-62,-2.811791,44200,OK
2026-03-19,7928,旭化学工業,スタンダード（内国株式）,化学,612,618,612,615,6,0.985222,12000,OK
2026-03-19,7931,未来工業,プライム（内国株式）,化学,3220,3235,3180,3180,-60,-1.851852,28900,OK
2026-03-19,7932,ニッピ,スタンダード（内国株式）,その他製品,13580,13580,13260,13280,-420,-3.065693,17100,OK
2026-03-19,7936,アシックス,プライム（内国株式）,その他製品,4459,4478,4326,4404,-161,-3.526835,4400400,OK
2026-03-19,7937,ツツミ,スタンダード（内国株式）,その他製品,3200,3250,3155,3175,-95,-2.905199,9400,OK
2026-03-19,7938,リーガルコーポレーション,スタンダード（内国株式）,その他製品,2415,2420,2412,2414,-1,-0.041408,3100,OK
2026-03-19,7939,研創,スタンダード（内国株式）,その他製品,630,634,630,631,1,0.15873,3000,OK
2026-03-19,7940,ウェーブロックホールディングス,スタンダード（内国株式）,化学,1083,1085,1064,1073,-7,-0.648148,82800,OK
2026-03-19,7942,ＪＳＰ,プライム（内国株式）,化学,2474,2474,2408,2437,-87,-3.44691,137700,OK
2026-03-19,7943,ニチハ,プライム（内国株式）,ガラス･土石製品,3360,3375,3225,3225,-205,-5.976676,113000,OK
2026-03-19,7944,ローランド,プライム（内国株式）,その他製品,3860,3940,3860,3925,-25,-0.632911,89100,OK
2026-03-19,7946,光陽社,スタンダード（内国株式）,その他製品,659,760,620,760,100,15.151515,103600,OK
2026-03-19,7947,エフピコ,プライム（内国株式）,化学,2394,2395,2332,2335,-108,-4.420794,874600,OK
2026-03-19,7949,小松ウオール工業,プライム（内国株式）,その他製品,2742,2754,2712,2712,-80,-2.86533,61200,OK
2026-03-19,7951,ヤマハ,プライム（内国株式）,その他製品,1110,1122,1103.5,1107.5,-32.5,-2.850877,2558100,OK
2026-03-19,7952,河合楽器製作所,プライム（内国株式）,その他製品,2776,2794,2721,2721,-95,-3.37358,21300,OK
2026-03-19,7953,菊水化学工業,スタンダード（内国株式）,その他製品,402,403,399,399,-1,-0.25,26700,OK
2026-03-19,7955,クリナップ,プライム（内国株式）,その他製品,1031,1032,962,962,-88,-8.380952,184700,OK
2026-03-19,7956,ピジョン,プライム（内国株式）,その他製品,1620,1639,1598.5,1605,-38,-2.312842,841900,OK
2026-03-19,7957,フジコピアン,スタンダード（内国株式）,その他製品,1435,1440,1435,1440,-5,-0.346021,200,OK
2026-03-19,7962,キングジム,プライム（内国株式）,その他製品,815,817,810,810,-9,-1.098901,25000,OK
2026-03-19,7963,興研,スタンダード（内国株式）,その他製品,1985,2000,1945,1965,-54,-2.674591,15900,OK
2026-03-19,7965,象印マホービン,プライム（内国株式）,電気機器,1509,1528,1499,1505,-24,-1.569653,175400,OK
2026-03-19,7966,リンテック,プライム（内国株式）,その他製品,4765,4790,4685,4690,-215,-4.383282,248100,OK
2026-03-19,7970,信越ポリマー,プライム（内国株式）,化学,2077,2082,2020,2021,-94,-4.444444,132800,OK
2026-03-19,7971,東リ,スタンダード（内国株式）,化学,709,709,690,691,-26,-3.62622,224800,OK
2026-03-19,7972,イトーキ,プライム（内国株式）,その他製品,3380,3380,3280,3295,-160,-4.63097,190300,OK
2026-03-19,7974,任天堂,プライム（内国株式）,その他製品,9700,9911,9700,9734,-125,-1.267877,10748500,OK
2026-03-19,7975,リヒトラブ,スタンダード（内国株式）,その他製品,1200,1200,1180,1180,-19,-1.584654,600,OK
2026-03-19,7976,三菱鉛筆,プライム（内国株式）,その他製品,2308,2355,2307,2344,-11,-0.467091,101900,OK
2026-03-19,7979,松風,プライム（内国株式）,精密機器,1752,1755,1689,1689,-81,-4.576271,271300,OK
2026-03-19,7980,重松製作所,スタンダード（内国株式）,その他製品,1020,1027,999,1015,-14,-1.360544,54800,OK
2026-03-19,7981,タカラスタンダード,プライム（内国株式）,その他製品,2857,2866,2817,2817,-113,-3.856655,134900,OK
2026-03-19,7983,ミロク,スタンダード（内国株式）,その他製品,1118,1122,1118,1122,2,0.178571,700,OK
2026-03-19,7984,コクヨ,プライム（内国株式）,その他製品,823.4,826.1,808.9,811.6,-26.3,-3.138799,1457000,OK
2026-03-19,7985,ネポン,スタンダード（内国株式）,金属製品,1613,1620,1612,1618,5,0.309981,1300,OK
2026-03-19,7986,日本アイ・エス・ケイ,スタンダード（内国株式）,その他製品,1940,1959,1926,1927,-31,-1.583248,2200,OK
2026-03-19,7987,ナカバヤシ,スタンダード（内国株式）,その他製品,610,610,601,601,-15,-2.435065,52600,OK
2026-03-19,7988,ニフコ,プライム（内国株式）,化学,4603,4662,4578,4590,-140,-2.959831,332700,OK
2026-03-19,7989,立川ブラインド工業,プライム（内国株式）,金属製品,2590,2594,2540,2548,-81,-3.081019,77300,OK
2026-03-19,7990,グローブライド,プライム（内国株式）,その他製品,2188,2188,2147,2151,-54,-2.44898,150300,OK
2026-03-19,7991,マミヤ・オーピー,スタンダード（内国株式）,機械,1446,1453,1438,1448,-4,-0.275482,25700,OK
2026-03-19,7992,セーラー万年筆,スタンダード（内国株式）,その他製品,113,113,112,112,-2,-1.754386,35700,OK
2026-03-19,7994,オカムラ,プライム（内国株式）,その他製品,2550,2565,2541,2541,-48,-1.853998,236400,OK
2026-03-19,7995,バルカー,プライム（内国株式）,化学,4855,4895,4745,4760,-165,-3.350254,72300,OK
2026-03-19,7997,くろがね工作所,スタンダード（内国株式）,その他製品,950,960,947,960,4,0.41841,1400,OK
2026-03-19,7999,ＭＵＴＯＨホールディングス,スタンダード（内国株式）,電気機器,7560,7570,7530,7560,-60,-0.787402,56200,OK
2026-03-19,8001,伊藤忠商事,プライム（内国株式）,卸売業,2085.5,2085.5,2024,2024,-108,-5.065666,26730900,OK
2026-03-19,8002,丸紅,プライム（内国株式）,卸売業,5635,5700,5495,5495,-340,-5.826907,8699000,OK
2026-03-19,8005,スクロール,プライム（内国株式）,小売業,1330,1330,1305,1305,-31,-2.320359,159400,OK
2026-03-19,8006,ユアサ・フナショク,スタンダード（内国株式）,卸売業,1725,1725,1700,1710,10,0.588235,500,OK
2026-03-19,8007,高島,プライム（内国株式）,卸売業,848,848,835,835,-22,-2.567095,181400,OK
2026-03-19,8008,ヨンドシーホールディングス,プライム（内国株式）,小売業,1800,1807,1777,1777,-47,-2.576754,83200,OK
2026-03-19,8011,三陽商会,プライム（内国株式）,繊維製品,4000,4000,3850,3880,-130,-3.241895,55600,OK
2026-03-19,8012,長瀬産業,プライム（内国株式）,卸売業,4677,4710,4595,4635,-112,-2.359385,671200,OK
2026-03-19,8013,ナイガイ,スタンダード（内国株式）,繊維製品,292,292,287,287,-2,-0.692042,10000,OK
2026-03-19,8014,蝶理,プライム（内国株式）,卸売業,4230,4270,4200,4210,-60,-1.405152,31800,OK
2026-03-19,8015,豊田通商,プライム（内国株式）,卸売業,6500,6540,6275,6275,-415,-6.203288,4457900,OK
2026-03-19,8016,オンワードホールディングス,プライム（内国株式）,繊維製品,739,739,720,720,-27,-3.614458,674200,OK
2026-03-19,8018,三共生興,スタンダード（内国株式）,卸売業,857,862,835,854,-12,-1.385681,139300,OK
2026-03-19,8020,兼松,プライム（内国株式）,卸売業,2262,2270,2212.5,2212.5,-99.5,-4.303633,838600,OK
2026-03-19,8022,美津濃,プライム（内国株式）,その他製品,3380,3390,3290,3315,-130,-3.773585,211500,OK
2026-03-19,8023,ＤＡＩＫＯ　ＸＴＥＣＨ,スタンダード（内国株式）,情報･通信業,1081,1091,1074,1074,-3,-0.278552,21700,OK
2026-03-19,8025,ツカモトコーポレーション,スタンダード（内国株式）,卸売業,1370,1370,1356,1356,-18,-1.310044,1300,OK
2026-03-19,8029,ルックホールディングス,スタンダード（内国株式）,繊維製品,2483,2483,2430,2430,-53,-2.134515,11200,OK
2026-03-19,8030,中央魚類,スタンダード（内国株式）,卸売業,4245,4245,4190,4200,-55,-1.292597,6200,OK
2026-03-19,8031,三井物産,プライム（内国株式）,卸売業,6459,6563,6250,6250,-409,-6.142063,16432200,OK
2026-03-19,8032,日本紙パルプ商事,プライム（内国株式）,卸売業,1067,1069,1038,1049,-35,-3.228782,410500,OK
2026-03-19,8035,東京エレクトロン,プライム（内国株式）,電気機器,39010,39690,38960,39330,-960,-2.382725,2656600,OK
2026-03-19,8037,カメイ,プライム（内国株式）,卸売業,3145,3175,3130,3145,-55,-1.71875,43500,OK
2026-03-19,8039,築地魚市場,スタンダード（内国株式）,卸売業,4035,4040,4015,4015,-20,-0.495663,1200,OK
2026-03-19,8040,東京ソワール,スタンダード（内国株式）,繊維製品,1053,1060,1052,1060,7,0.664767,1900,OK
2026-03-19,8041,ＯＵＧホールディングス,スタンダード（内国株式）,卸売業,4375,4415,4285,4285,-110,-2.502844,3100,OK
2026-03-19,8043,スターゼン,プライム（内国株式）,卸売業,1282,1292,1264,1264,-34,-2.619414,172700,OK
2026-03-19,8045,横浜丸魚,スタンダード（内国株式）,卸売業,1638,1650,1638,1645,-9,-0.544135,1400,OK
2026-03-19,8046,丸藤シートパイル,スタンダード（内国株式）,卸売業,5790,5790,5600,5610,-220,-3.773585,8300,OK
2026-03-19,8050,セイコーグループ,プライム（内国株式）,精密機器,12080,12260,11970,11970,-410,-3.311793,168700,OK
2026-03-19,8051,山善,プライム（内国株式）,卸売業,1453,1453,1417,1417,-38,-2.611684,283800,OK
2026-03-19,8052,椿本興業,プライム（内国株式）,卸売業,2812,2846,2806,2806,-71,-2.467848,84100,OK
2026-03-19,8053,住友商事,プライム（内国株式）,卸売業,5792,5830,5695,5700,-292,-4.873164,5384000,OK
2026-03-19,8056,ＢＩＰＲＯＧＹ,プライム（内国株式）,情報･通信業,4690,4714,4616,4616,-99,-2.099682,665300,OK
2026-03-19,8057,内田洋行,プライム（内国株式）,卸売業,2056,2069,2038,2038,-58,-2.767176,150400,OK
2026-03-19,8058,三菱商事,プライム（内国株式）,卸売業,5512,5593,5397,5397,-315,-5.514706,22540600,OK
2026-03-19,8059,第一実業,プライム（内国株式）,卸売業,3325,3370,3310,3310,-85,-2.503682,25700,OK
2026-03-19,8060,キヤノンマーケティングジャパン,プライム（内国株式）,卸売業,6940,6990,6895,6923,-67,-0.958512,363500,OK
2026-03-19,8061,西華産業,プライム（内国株式）,卸売業,2626,2638,2524,2527,-147,-5.497382,280900,OK
2026-03-19,8065,佐藤商事,プライム（内国株式）,卸売業,2365,2470,2337,2465,55,2.282158,114500,OK
2026-03-19,8066,三谷商事,スタンダード（内国株式）,卸売業,2516,2516,2460,2474,-59,-2.329254,16500,OK
2026-03-19,8070,東京産業,プライム（内国株式）,卸売業,938,941,922,922,-31,-3.252886,93400,OK
2026-03-19,8074,ユアサ商事,プライム（内国株式）,卸売業,5990,6030,5920,5920,-170,-2.791461,48200,OK
2026-03-19,8075,神鋼商事,プライム（内国株式）,卸売業,2400,2422,2370,2370,-79,-3.225806,73600,OK
2026-03-19,8076,カノークス,スタンダード（内国株式）,卸売業,2105,2115,2089,2089,-26,-1.229314,7600,OK
2026-03-19,8077,トルク,スタンダード（内国株式）,卸売業,216,216,214,214,-2,-0.925926,14900,OK
2026-03-19,8078,阪和興業,プライム（内国株式）,卸売業,7860,7950,7800,7800,-340,-4.176904,150300,OK
2026-03-19,8079,正栄食品工業,プライム（内国株式）,卸売業,4230,4270,4185,4185,-115,-2.674419,61500,OK
2026-03-19,8081,カナデン,プライム（内国株式）,卸売業,2163,2180,2134,2134,-70,-3.176044,37700,OK
2026-03-19,8084,ＲＹＯＤＥＮ,プライム（内国株式）,卸売業,3400,3410,3345,3355,-105,-3.034682,95300,OK
2026-03-19,8085,ナラサキ産業,スタンダード（内国株式）,卸売業,4700,4715,4585,4605,-95,-2.021277,7000,OK
2026-03-19,8086,ニプロ,プライム（内国株式）,精密機器,1504,1506,1482.5,1486,-36,-2.365309,738600,OK
2026-03-19,8088,岩谷産業,プライム（内国株式）,卸売業,2064.5,2152.5,2006.5,2008,-86.5,-4.129864,3446400,OK
2026-03-19,8089,ナイス,スタンダード（内国株式）,卸売業,2372,2387,2342,2354,-7,-0.296485,12700,OK
2026-03-19,8091,ニチモウ,プライム（内国株式）,卸売業,2605,2613,2566,2566,-54,-2.061069,11300,OK
2026-03-19,8093,極東貿易,プライム（内国株式）,卸売業,1945,1946,1897,1901,-82,-4.135149,91400,OK
2026-03-19,8095,アステナホールディングス,プライム（内国株式）,卸売業,480,482,472,472,-11,-2.277433,104900,OK
2026-03-19,8097,三愛オブリ,プライム（内国株式）,卸売業,2308,2321,2288,2293,-39,-1.672384,178100,OK
2026-03-19,8098,稲畑産業,プライム（内国株式）,卸売業,4045,4050,3975,3975,-130,-3.16687,130400,OK
2026-03-19,8101,ＧＳＩクレオス,プライム（内国株式）,卸売業,2580,2580,2516,2516,-82,-3.156274,46800,OK
2026-03-19,8103,明和産業,プライム（内国株式）,卸売業,827,830,815,815,-24,-2.860548,593800,OK
2026-03-19,8104,クワザワホールディングス,スタンダード（内国株式）,卸売業,616,616,607,612,0,0,11800,OK
2026-03-19,8105,Ｂｉｔｃｏｉｎ　Ｊａｐａｎ,スタンダード（内国株式）,卸売業,192,195,188,188,-9,-4.568528,926300,OK
2026-03-19,8107,キムラタン,スタンダード（内国株式）,繊維製品,34,35,34,34,0,0,172600,OK
2026-03-19,8111,ゴールドウイン,プライム（内国株式）,繊維製品,2380,2386,2333.5,2333.5,-80,-3.314688,621200,OK
2026-03-19,8113,ユニ・チャーム,プライム（内国株式）,化学,943.1,953.7,915.1,919.2,-38.9,-4.060119,10108000,OK
2026-03-19,8115,ムーンバット,スタンダード（内国株式）,卸売業,1407,1420,1405,1405,0,0,1600,OK
2026-03-19,8117,中央自動車工業,スタンダード（内国株式）,卸売業,1962,1978,1912,1920,-58,-2.932255,217300,OK
2026-03-19,8118,キング,スタンダード（内国株式）,繊維製品,1123,1133,1120,1133,-1,-0.088183,1500,OK
2026-03-19,8119,三栄コーポレーション,スタンダード（内国株式）,卸売業,851,855,850,850,-6,-0.700935,5400,OK
2026-03-19,8123,川辺,スタンダード（内国株式）,卸売業,1510,1514,1499,1514,4,0.264901,1200,OK
2026-03-19,8125,ワキタ,プライム（内国株式）,卸売業,1955,1965,1943,1948,-26,-1.317123,213400,OK
2026-03-19,8127,ヤマトインターナショナル,スタンダード（内国株式）,繊維製品,588,600,588,590,-14,-2.317881,19800,OK
2026-03-19,8129,東邦ホールディングス,プライム（内国株式）,卸売業,4600,4635,4583,4583,-91,-1.946941,246500,OK
2026-03-19,8130,サンゲツ,プライム（内国株式）,卸売業,3170,3185,3125,3125,-70,-2.190923,260200,OK
2026-03-19,8131,ミツウロコグループホールディングス,スタンダード（内国株式）,卸売業,2284,2316,2267,2267,-51,-2.200173,87200,OK
2026-03-19,8132,シナネンホールディングス,プライム（内国株式）,卸売業,7500,7500,7190,7250,-240,-3.204272,7700,OK
2026-03-19,8133,伊藤忠エネクス,プライム（内国株式）,卸売業,1998,2016,1964,1964,-45,-2.23992,202400,OK
2026-03-19,8135,ゼット,スタンダード（内国株式）,卸売業,479,486,470,470,-17,-3.49076,77400,OK
2026-03-19,8136,サンリオ,プライム（内国株式）,卸売業,5415,5466,5342,5414,-46,-0.842491,4918700,OK
2026-03-19,8137,サンワテクノス,プライム（内国株式）,卸売業,3235,3260,3160,3160,-105,-3.215926,63100,OK
2026-03-19,8138,三京化成,スタンダード（内国株式）,卸売業,4560,4560,4460,4460,-140,-3.043478,200,OK
2026-03-19,8139,ナガホリ,スタンダード（内国株式）,卸売業,2025,2058,2002,2002,-14,-0.694444,43800,OK
2026-03-19,8141,新光商事,プライム（内国株式）,卸売業,1095,1107,1088,1100,-1,-0.090827,133100,OK
2026-03-19,8142,トーホー,プライム（内国株式）,卸売業,1327,1359,1310,1322,-19,-1.416853,320100,OK
2026-03-19,8143,ラピーヌ,スタンダード（内国株式）,繊維製品,199,199,194,196,-1,-0.507614,5300,OK
2026-03-19,8144,デンキョーグループホールディングス,スタンダード（内国株式）,卸売業,1356,1371,1356,1371,0,0,200,OK
2026-03-19,8147,トミタ,スタンダード（内国株式）,卸売業,1384,1384,1350,1350,-4,-0.295421,3600,OK
2026-03-19,8150,三信電気,プライム（内国株式）,卸売業,2961,2985,2950,2950,-70,-2.317881,107100,OK
2026-03-19,8151,東陽テクニカ,プライム（内国株式）,卸売業,1785,1805,1760,1763,-62,-3.39726,119100,OK
2026-03-19,8152,ソマール,スタンダード（内国株式）,卸売業,5990,5990,5880,5930,-60,-1.001669,1100,OK
2026-03-19,8153,モスフードサービス,プライム（内国株式）,卸売業,4235,4265,4230,4230,-35,-0.820633,152200,OK
2026-03-19,8154,加賀電子,プライム（内国株式）,卸売業,3885,3920,3860,3860,-115,-2.893082,163600,OK
2026-03-19,8157,都築電気,プライム（内国株式）,情報･通信業,3700,3700,3615,3615,-150,-3.984064,21500,OK
2026-03-19,8158,ソーダニッカ,プライム（内国株式）,卸売業,1108,1108,1077,1077,-43,-3.839286,122200,OK
2026-03-19,8159,立花エレテック,プライム（内国株式）,卸売業,2917,2930,2871,2871,-96,-3.235592,34400,OK
2026-03-19,8160,木曽路,プライム（内国株式）,小売業,2533,2533,2503,2503,-37,-1.456693,94300,OK
2026-03-19,8163,ＳＲＳホールディングス,プライム（内国株式）,小売業,1259,1262,1257,1262,2,0.15873,77100,OK
2026-03-19,8165,千趣会,スタンダード（内国株式）,小売業,128,128,122,123,-5,-3.90625,459300,OK
2026-03-19,8166,タカキュー,スタンダード（内国株式）,小売業,80,80,78,78,-2,-2.5,73900,OK
2026-03-19,8167,リテールパートナーズ,プライム（内国株式）,小売業,1261,1261,1243,1247,-33,-2.578125,95900,OK
2026-03-19,8173,上新電機,プライム（内国株式）,小売業,2792,2792,2767,2768,-37,-1.319073,130600,OK
2026-03-19,8174,日本瓦斯,プライム（内国株式）,小売業,3068,3097,3025,3034,-63,-2.034227,267600,OK
2026-03-19,8179,ロイヤルホールディングス,プライム（内国株式）,小売業,1450,1457,1412,1415,-60,-4.067797,416500,OK
2026-03-19,8181,東天紅,スタンダード（内国株式）,小売業,985,1006,985,1003,-2,-0.199005,1500,OK
2026-03-19,8185,チヨダ,プライム（内国株式）,小売業,1044,1046,1029,1033,-25,-2.362949,167900,OK
2026-03-19,8194,ライフコーポレーション,プライム（内国株式）,小売業,2519,2548,2507,2508,-52,-2.03125,183100,OK
2026-03-19,8198,マックスバリュ東海,スタンダード（内国株式）,小売業,3595,3620,3570,3570,-55,-1.517241,8700,OK
2026-03-19,8200,リンガーハット,プライム（内国株式）,小売業,2238,2239,2222,2238,-2,-0.089286,70500,OK
2026-03-19,8202,ラオックスホールディングス,スタンダード（内国株式）,小売業,151,151,147,148,-3,-1.986755,239100,OK
2026-03-19,8203,ＭｒＭａｘＨＤ,プライム（内国株式）,小売業,763,763,746,746,-22,-2.864583,73900,OK
2026-03-19,8207,テンアライド,スタンダード（内国株式）,小売業,300,300,298,298,-2,-0.666667,46900,OK
2026-03-19,8209,フレンドリー,スタンダード（内国株式）,小売業,307,308,307,308,1,0.325733,15200,OK
2026-03-19,8214,ＡＯＫＩホールディングス,プライム（内国株式）,小売業,1678,1686,1658,1662,-24,-1.423488,316600,OK
2026-03-19,8217,オークワ,プライム（内国株式）,小売業,830,832,815,815,-21,-2.511962,115800,OK
2026-03-19,8218,コメリ,プライム（内国株式）,小売業,3510,3535,3485,3485,-75,-2.106742,105000,OK
2026-03-19,8219,青山商事,プライム（内国株式）,小売業,2500,2505,2465,2467,-54,-2.142007,602300,OK
2026-03-19,8225,タカチホ,スタンダード（内国株式）,卸売業,,,,,,,,NO_QUOTE
2026-03-19,8226,理経,スタンダード（内国株式）,卸売業,509,514,501,501,-26,-4.933586,268900,OK
2026-03-19,8227,しまむら,プライム（内国株式）,小売業,3431,3455,3370,3375,-123,-3.516295,1455300,OK
2026-03-19,8230,はせがわ,スタンダード（内国株式）,小売業,333,335,332,333,0,0,3500,OK
2026-03-19,8233,高島屋,プライム（内国株式）,小売業,1852.5,1853.5,1798,1798,-87,-4.615385,2894700,OK
2026-03-19,8237,松屋,プライム（内国株式）,小売業,1925,1940,1900,1922,-82,-4.091816,411300,OK
2026-03-19,8242,エイチ・ツー・オー　リテイリング,プライム（内国株式）,小売業,2318.5,2336,2309.5,2313,-41,-1.741716,406000,OK
2026-03-19,8244,近鉄百貨店,スタンダード（内国株式）,小売業,1775,1788,1761,1761,-27,-1.510067,39700,OK
2026-03-19,8247,大和,スタンダード（内国株式）,小売業,377,383,377,378,-4,-1.04712,7800,OK
2026-03-19,8252,丸井グループ,プライム（内国株式）,小売業,3048,3056,3030,3030,-44,-1.43136,795400,OK
2026-03-19,8253,クレディセゾン,プライム（内国株式）,その他金融業,4243,4266,4207,4229,-111,-2.557604,579200,OK
2026-03-19,8254,さいか屋,スタンダード（内国株式）,小売業,308,308,302,305,-5,-1.612903,25900,OK
2026-03-19,8255,アクシアル　リテイリング,プライム（内国株式）,小売業,1250,1254,1238,1244,-16,-1.269841,138100,OK
2026-03-19,8260,井筒屋,スタンダード（内国株式）,小売業,452,459,446,450,-6,-1.315789,23300,OK
2026-03-19,8267,イオン,プライム（内国株式）,小売業,1960,1964.5,1932.5,1934,-69,-3.444833,8801000,OK
2026-03-19,8273,イズミ,プライム（内国株式）,小売業,1017,1026,1006,1009,-18,-1.752678,1943500,OK
2026-03-19,8275,フォーバル,スタンダード（内国株式）,卸売業,1118,1124,1102,1102,-25,-2.218279,10800,OK
2026-03-19,8276,平和堂,プライム（内国株式）,小売業,2850,2870,2842,2843,-39,-1.353227,146100,OK
2026-03-19,8278,フジ,プライム（内国株式）,小売業,2024,2025,2007,2009,-13,-0.642928,103700,OK
2026-03-19,8281,ゼビオホールディングス,プライム（内国株式）,小売業,1042,1042,1015,1016,-37,-3.51377,210600,OK
2026-03-19,8282,ケーズホールディングス,プライム（内国株式）,小売業,1644,1647,1631,1634.5,-26,-1.565793,655500,OK
2026-03-19,8283,ＰＡＬＴＡＣ,プライム（内国株式）,卸売業,4680,4704,4632,4632,-117,-2.463677,96100,OK
2026-03-19,8285,三谷産業,スタンダード（内国株式）,卸売業,727,729,711,711,-22,-3.001364,199700,OK
2026-03-19,8289,Ｏｌｙｍｐｉｃグループ,スタンダード（内国株式）,小売業,436,441,435,439,-5,-1.126126,6300,OK
2026-03-19,8291,日産東京販売ホールディングス,スタンダード（内国株式）,小売業,525,527,522,523,-6,-1.134216,139600,OK
2026-03-19,8303,ＳＢＩ新生銀行,プライム（内国株式）,銀行業,1680,1689,1669,1685,-20,-1.173021,4130200,OK
2026-03-19,8304,あおぞら銀行,プライム（内国株式）,銀行業,2500,2506.5,2477,2484.5,-56.5,-2.223534,1027800,OK
2026-03-19,8306,三菱ＵＦＪフィナンシャル・グループ,プライム（内国株式）,銀行業,2690,2716.5,2670,2686,-45,-1.647748,39731200,OK
2026-03-19,8308,りそなホールディングス,プライム（内国株式）,銀行業,1785,1788,1761,1767.5,-38,-2.10468,7351300,OK
2026-03-19,8309,三井住友トラストグループ,プライム（内国株式）,銀行業,5050,5081,5014,5037,-96,-1.870251,2920800,OK
2026-03-19,8316,三井住友フィナンシャルグループ,プライム（内国株式）,銀行業,5188,5208,5128,5156,-100,-1.902588,13725700,OK
2026-03-19,8331,千葉銀行,プライム（内国株式）,銀行業,1989.5,2024.5,1986.5,2003.5,-60.5,-2.931202,3276900,OK
2026-03-19,8334,群馬銀行,プライム（内国株式）,銀行業,2113.5,2150,2103.5,2125,-31.5,-1.4607,1463900,OK
2026-03-19,8336,武蔵野銀行,プライム（内国株式）,銀行業,6300,6390,6250,6270,-150,-2.336449,110900,OK
2026-03-19,8337,千葉興業銀行,プライム（内国株式）,銀行業,2056,2068,2037,2037,-69,-3.276353,65600,OK
2026-03-19,8338,筑波銀行,プライム（内国株式）,銀行業,599,605,587,592,-26,-4.20712,1630800,OK
2026-03-19,8341,七十七銀行,プライム（内国株式）,銀行業,9200,9238,9048,9048,-299,-3.198887,787400,OK
2026-03-19,8343,秋田銀行,プライム（内国株式）,銀行業,5020,5070,4970,5000,-160,-3.100775,51900,OK
2026-03-19,8344,山形銀行,プライム（内国株式）,銀行業,2402,2436,2386,2386,-85,-3.439903,86500,OK
2026-03-19,8345,岩手銀行,プライム（内国株式）,銀行業,6490,6570,6430,6440,-220,-3.303303,45300,OK
2026-03-19,8346,東邦銀行,プライム（内国株式）,銀行業,650,662,645,661,-9,-1.343284,1331700,OK
2026-03-19,8349,東北銀行,スタンダード（内国株式）,銀行業,1491,1497,1461,1462,-46,-3.050398,15700,OK
2026-03-19,8354,ふくおかフィナンシャルグループ,プライム（内国株式）,銀行業,6088,6176,6062,6089,-199,-3.164758,618400,OK
2026-03-19,8358,スルガ銀行,プライム（内国株式）,銀行業,1925,1942,1906,1910,-64,-3.242148,732000,OK
2026-03-19,8359,八十二長野銀行,プライム（内国株式）,銀行業,1974.5,1985.5,1952,1960,-64.5,-3.185972,1644500,OK
2026-03-19,8360,山梨中央銀行,プライム（内国株式）,銀行業,4940,4965,4855,4900,-140,-2.777778,274100,OK
2026-03-19,8361,大垣共立銀行,プライム（内国株式）,銀行業,6190,6200,6070,6100,-190,-3.020668,169000,OK
2026-03-19,8362,福井銀行,プライム（内国株式）,銀行業,3315,3390,3300,3350,-60,-1.759531,79200,OK
2026-03-19,8364,清水銀行,プライム（内国株式）,銀行業,2567,2600,2550,2550,-73,-2.783073,39600,OK
2026-03-19,8365,富山銀行,スタンダード（内国株式）,銀行業,2339,2339,2294,2294,-75,-3.165893,6300,OK
2026-03-19,8366,滋賀銀行,プライム（内国株式）,銀行業,8790,8930,8710,8800,-140,-1.565996,152300,OK
2026-03-19,8367,南都銀行,プライム（内国株式）,銀行業,7230,7250,7110,7130,-240,-3.256445,100500,OK
2026-03-19,8368,百五銀行,プライム（内国株式）,銀行業,1550,1554,1500,1504,-68,-4.3257,1035600,OK
2026-03-19,8370,紀陽銀行,プライム（内国株式）,銀行業,3860,3960,3860,3895,-100,-2.503129,103200,OK
2026-03-19,8377,ほくほくフィナンシャルグループ,プライム（内国株式）,銀行業,5850,5930,5756,5756,-275,-4.559774,1231900,OK
2026-03-19,8381,山陰合同銀行,プライム（内国株式）,銀行業,1700,1702,1639,1639,-94,-5.42412,818300,OK
2026-03-19,8383,鳥取銀行,スタンダード（内国株式）,銀行業,1760,1760,1729,1733,-38,-2.14568,27500,OK
2026-03-19,8386,百十四銀行,プライム（内国株式）,銀行業,8560,8680,8460,8480,-320,-3.636364,137600,OK
2026-03-19,8387,四国銀行,プライム（内国株式）,銀行業,2339,2345,2298,2304,-68,-2.866779,145600,OK
2026-03-19,8388,阿波銀行,プライム（内国株式）,銀行業,5660,5800,5600,5730,20,0.350263,129800,OK
2026-03-19,8392,大分銀行,プライム（内国株式）,銀行業,9790,9820,9530,9550,-490,-4.880478,82500,OK
2026-03-19,8393,宮崎銀行,プライム（内国株式）,銀行業,9060,9150,8960,9000,-210,-2.28013,66600,OK
2026-03-19,8395,佐賀銀行,プライム（内国株式）,銀行業,4720,4795,4690,4730,-120,-2.474227,48700,OK
2026-03-19,8399,琉球銀行,プライム（内国株式）,銀行業,2304,2333,2276,2276,-78,-3.313509,126600,OK
2026-03-19,8410,セブン銀行,プライム（内国株式）,銀行業,273.7,273.9,270.6,271.6,-3.4,-1.236364,7332800,OK
2026-03-19,8411,みずほフィナンシャルグループ,プライム（内国株式）,銀行業,6120,6226,6102,6150,-170,-2.689873,10440600,OK
2026-03-19,8416,高知銀行,スタンダード（内国株式）,銀行業,1065,1076,1035,1041,-44,-4.0553,47800,OK
2026-03-19,8418,山口フィナンシャルグループ,プライム（内国株式）,銀行業,2485,2491,2441.5,2450,-74.5,-2.951079,769000,OK
2026-03-19,8424,芙蓉総合リース,プライム（内国株式）,その他金融業,4400,4423,4378,4386,-61,-1.371711,246000,OK
2026-03-19,8425,みずほリース,プライム（内国株式）,その他金融業,1427,1431,1412,1415,-33,-2.279006,472800,OK
2026-03-19,8439,東京センチュリー,プライム（内国株式）,その他金融業,2103.5,2117.5,2091.5,2091.5,-51.5,-2.403173,533100,OK
2026-03-19,8473,ＳＢＩホールディングス,プライム（内国株式）,証券･商品先物取引業,3086,3110,3043,3046,-138,-4.334171,5486800,OK
2026-03-19,8508,Ｊトラスト,スタンダード（内国株式）,その他金融業,556,560,548,549,-16,-2.831858,487300,OK
2026-03-19,8511,日本証券金融,プライム（内国株式）,その他金融業,2144,2160,2141,2146,-53,-2.410186,201400,OK
2026-03-19,8515,アイフル,プライム（内国株式）,その他金融業,478,481,463,463,-21,-4.338843,2404500,OK
2026-03-19,8518,日本アジア投資,スタンダード（内国株式）,証券･商品先物取引業,178,178,172,172,-6,-3.370787,62900,OK
2026-03-19,8522,名古屋銀行,プライム（内国株式）,銀行業,5510,5520,5390,5390,-210,-3.75,180700,OK
2026-03-19,8524,北洋銀行,プライム（内国株式）,銀行業,934,945,926,931,-24,-2.513089,1964100,OK
2026-03-19,8537,大光銀行,スタンダード（内国株式）,銀行業,2511,2520,2470,2472,-100,-3.888025,28100,OK
2026-03-19,8541,愛媛銀行,プライム（内国株式）,銀行業,1609,1614,1581,1581,-63,-3.832117,90200,OK
2026-03-19,8542,トマト銀行,スタンダード（内国株式）,銀行業,1644,1644,1600,1601,-43,-2.615572,24300,OK
2026-03-19,8544,京葉銀行,プライム（内国株式）,銀行業,2040,2054,2010,2010,-74,-3.550864,286000,OK
2026-03-19,8550,栃木銀行,プライム（内国株式）,銀行業,912,913,897,902,-46,-4.852321,730100,OK
2026-03-19,8551,北日本銀行,プライム（内国株式）,銀行業,4670,4725,4600,4605,-175,-3.661088,18700,OK
2026-03-19,8558,東和銀行,プライム（内国株式）,銀行業,1047,1070,1040,1055,-22,-2.042711,294400,OK
2026-03-19,8562,福島銀行,スタンダード（内国株式）,銀行業,367,368,362,366,-7,-1.876676,167000,OK
2026-03-19,8563,大東銀行,スタンダード（内国株式）,銀行業,1016,1018,1004,1004,-41,-3.923445,53900,OK
2026-03-19,8566,リコーリース,プライム（内国株式）,その他金融業,6050,6070,6000,6010,-80,-1.313629,65600,OK
2026-03-19,8570,イオンフィナンシャルサービス,プライム（内国株式）,その他金融業,1588,1594,1574,1581.5,-30,-1.86162,343100,OK
2026-03-19,8572,アコム,スタンダード（内国株式）,その他金融業,482.2,482.8,474.1,476.5,-9.5,-1.954733,1687400,OK
2026-03-19,8584,ジャックス,プライム（内国株式）,その他金融業,4140,4150,4110,4115,-60,-1.437126,96900,OK
2026-03-19,8585,オリエントコーポレーション,プライム（内国株式）,その他金融業,1045,1058,1035,1035,-27,-2.542373,744300,OK
2026-03-19,8591,オリックス,プライム（内国株式）,その他金融業,4767,4798,4704,4736,-171,-3.484818,5732600,OK
2026-03-19,8593,三菱ＨＣキャピタル,プライム（内国株式）,その他金融業,1440,1450,1427,1428,-31,-2.124743,4292300,OK
2026-03-19,8595,ジャフコ　グループ,プライム（内国株式）,証券･商品先物取引業,2350,2371,2343,2343,-36.5,-1.533936,544500,OK
2026-03-19,8596,九州リースサービス,スタンダード（内国株式）,その他金融業,1429,1429,1407,1407,-22,-1.539538,40100,OK
2026-03-19,8600,トモニホールディングス,プライム（内国株式）,銀行業,855,865,850,852,-27,-3.071672,353000,OK
2026-03-19,8601,大和証券グループ本社,プライム（内国株式）,証券･商品先物取引業,1480,1488.5,1466.5,1477,-32.5,-2.153031,7537900,OK
2026-03-19,8604,野村ホールディングス,プライム（内国株式）,証券･商品先物取引業,1218.5,1227.5,1207,1218.5,-20.5,-1.65456,14061900,OK
2026-03-19,8609,岡三証券グループ,プライム（内国株式）,証券･商品先物取引業,871,884,867,874,-23,-2.564103,500200,OK
2026-03-19,8613,丸三証券,プライム（内国株式）,証券･商品先物取引業,1070,1072,1060,1064,-15,-1.390176,793300,OK
2026-03-19,8614,東洋証券,プライム（内国株式）,証券･商品先物取引業,760,763,753,755,-9,-1.17801,1282700,OK
2026-03-19,8616,東海東京フィナンシャル・ホールディングス,プライム（内国株式）,証券･商品先物取引業,747,753,744,748,-10,-1.319261,816200,OK
2026-03-19,8617,光世証券,スタンダード（内国株式）,証券･商品先物取引業,550,558,535,558,-1,-0.178891,5600,OK
2026-03-19,8622,水戸証券,プライム（内国株式）,証券･商品先物取引業,750,761,731,733,-23,-3.042328,542400,OK
2026-03-19,8624,いちよし証券,プライム（内国株式）,証券･商品先物取引業,1418,1433,1404,1413,-31,-2.146814,271600,OK
2026-03-19,8628,松井証券,プライム（内国株式）,証券･商品先物取引業,945,1003,941,978,22,2.301255,3794100,OK
2026-03-19,8630,ＳＯＭＰＯホールディングス,プライム（内国株式）,保険業,5799,5901,5799,5851,-148,-2.467078,3327100,OK
2026-03-19,8697,日本取引所グループ,プライム（内国株式）,その他金融業,1858,1868,1839,1842,-40.5,-2.151394,4612500,OK
2026-03-19,8698,マネックスグループ,プライム（内国株式）,証券･商品先物取引業,714,726,713,721,-8,-1.097394,1792600,OK
2026-03-19,8699,ＨＳホールディングス,スタンダード（内国株式）,証券･商品先物取引業,1249,1249,1231,1238,-19,-1.511535,73000,OK
2026-03-19,8700,丸八証券,スタンダード（内国株式）,証券･商品先物取引業,1748,1750,1734,1735,-9,-0.516055,4800,OK
2026-03-19,8704,トレイダーズホールディングス,スタンダード（内国株式）,証券･商品先物取引業,1046,1052,1026,1030,-38,-3.558052,65300,OK
2026-03-19,8705,日産証券グループ,スタンダード（内国株式）,証券･商品先物取引業,290,290,283,283,-8,-2.749141,231700,OK
2026-03-19,8706,極東証券,プライム（内国株式）,証券･商品先物取引業,1752,1770,1743,1748,-35,-1.962984,207400,OK
2026-03-19,8707,岩井コスモホールディングス,プライム（内国株式）,証券･商品先物取引業,3570,3625,3550,3590,-100,-2.710027,111700,OK
2026-03-19,8708,アイザワ証券グループ,プライム（内国株式）,証券･商品先物取引業,1486,1504,1480,1480,-35,-2.310231,132000,OK
2026-03-19,8713,フィデアホールディングス,プライム（内国株式）,銀行業,1938,1944,1910,1910,-61,-3.094876,52300,OK
2026-03-19,8714,池田泉州ホールディングス,プライム（内国株式）,銀行業,788,796,783,787,-29,-3.553922,1326300,OK
2026-03-19,8715,アニコム　ホールディングス,プライム（内国株式）,保険業,1361,1389,1336,1337,-46,-3.326103,638500,OK
2026-03-19,8725,ＭＳ＆ＡＤインシュアランスグループホールディングス,プライム（内国株式）,保険業,4045,4093,4028,4028,-111,-2.681807,5474100,OK
2026-03-19,8729,ソニーフィナンシャルグループ,プライム（内国株式）,保険業,147,147.8,146,146,-2.7,-1.815736,112140500,OK
2026-03-19,8737,あかつき本社,スタンダード（内国株式）,証券･商品先物取引業,696,697,685,689,-21,-2.957746,84400,OK
2026-03-19,8739,スパークス・グループ,プライム（内国株式）,証券･商品先物取引業,1935,1939,1915,1920,-40,-2.040816,162000,OK
2026-03-19,8742,小林洋行,スタンダード（内国株式）,証券･商品先物取引業,521,521,499,500,-21,-4.03071,24300,OK
2026-03-19,8746,ｕｎｂａｎｋｅｄ,スタンダード（内国株式）,証券･商品先物取引業,304,310,295,295,-15,-4.83871,129700,OK
2026-03-19,8747,豊トラスティ証券,スタンダード（内国株式）,証券･商品先物取引業,3150,3230,3150,3185,-80,-2.45023,16500,OK
2026-03-19,8750,第一生命ホールディングス,プライム（内国株式）,保険業,1426.5,1469,1400,1400,-56.5,-3.879162,13546600,OK
2026-03-19,8766,東京海上ホールディングス,プライム（内国株式）,保険業,5971,6095,5955,6032,-39,-0.642398,7465900,OK
2026-03-19,8769,アドバンテッジリスクマネジメント,スタンダード（内国株式）,サービス業,502,502,491,492,-11,-2.186879,23500,OK
2026-03-19,8771,イー・ギャランティ,プライム（内国株式）,その他金融業,1711,1743,1705,1705,-25,-1.445087,168900,OK
2026-03-19,8772,アサックス,スタンダード（内国株式）,その他金融業,888,894,884,886,-11,-1.22631,6200,OK
2026-03-19,8783,ａｂｃ,スタンダード（内国株式）,その他金融業,213,226,213,216,3,1.408451,450500,OK
2026-03-19,8789,フィンテック　グローバル,スタンダード（内国株式）,その他金融業,132,133,127,128,-6,-4.477612,2354000,OK
2026-03-19,8793,ＮＥＣキャピタルソリューション,プライム（内国株式）,その他金融業,4130,4155,4100,4100,-60,-1.442308,28500,OK
2026-03-19,8795,Ｔ＆Ｄホールディングス,プライム（内国株式）,保険業,3746,3805,3726,3735,-95,-2.480418,2412800,OK
2026-03-19,8798,アドバンスクリエイト,プライム（内国株式）,保険業,203,203,196,198,-5,-2.463054,66900,OK
2026-03-19,8801,三井不動産,プライム（内国株式）,不動産業,1820,1840,1806.5,1814,-66.5,-3.536294,10932900,OK
2026-03-19,8802,三菱地所,プライム（内国株式）,不動産業,4689,4755,4673,4682,-147,-3.044109,4973300,OK
2026-03-19,8803,平和不動産,プライム（内国株式）,不動産業,2434,2439,2420,2420,-30,-1.22449,339000,OK
2026-03-19,8804,東京建物,プライム（内国株式）,不動産業,3831,3870,3791,3812,-130,-3.297818,1185500,OK
2026-03-19,8818,京阪神ビルディング,プライム（内国株式）,不動産業,1970,1970,1907,1907,-74,-3.735487,61800,OK
2026-03-19,8830,住友不動産,プライム（内国株式）,不動産業,4722,4747,4656,4678,-184,-3.784451,3554400,OK
2026-03-19,8835,太平洋興発,スタンダード（内国株式）,卸売業,900,901,887,887,-15,-1.662971,42200,OK
2026-03-19,8836,ＲＩＳＥ,スタンダード（内国株式）,不動産業,30,31,30,31,1,3.333333,58700,OK
2026-03-19,8841,テーオーシー,スタンダード（内国株式）,不動産業,860,861,841,849,-31,-3.522727,210000,OK
2026-03-19,8844,コスモスイニシア,スタンダード（内国株式）,不動産業,1148,1150,1120,1120,-49,-4.191617,75900,OK
2026-03-19,8848,レオパレス２１,プライム（内国株式）,不動産業,670,682,667,675,-7,-1.026393,1526800,OK
2026-03-19,8850,スターツコーポレーション,プライム（内国株式）,不動産業,4965,4995,4925,4930,-100,-1.988072,83500,OK
2026-03-19,8860,フジ住宅,プライム（内国株式）,不動産業,850,854,840,840,-9,-1.060071,159200,OK
2026-03-19,8864,空港施設,スタンダード（内国株式）,不動産業,986,991,977,979,-21,-2.1,105500,OK
2026-03-19,8869,明和地所,スタンダード（内国株式）,不動産業,1054,1054,1031,1031,-29,-2.735849,124700,OK
2026-03-19,8871,ゴールドクレスト,スタンダード（内国株式）,不動産業,3320,3360,3310,3325,-25,-0.746269,22800,OK
2026-03-19,8876,リログループ,プライム（内国株式）,サービス業,1977,1996,1960,1960,-22.5,-1.134931,644300,OK
2026-03-19,8877,エスリード,プライム（内国株式）,不動産業,6460,6510,6190,6190,-470,-7.057057,258200,OK
2026-03-19,8881,日神グループホールディングス,プライム（内国株式）,不動産業,752,755,736,736,-25,-3.285151,301600,OK
2026-03-19,8887,シーラホールディングス,スタンダード（内国株式）,不動産業,397,399,390,390,-9,-2.255639,243900,OK
2026-03-19,8891,ＡＭＧホールディングス,スタンダード（内国株式）,不動産業,2720,2720,2630,2673,-49,-1.800147,7300,OK
2026-03-19,8892,エスコン,プライム（内国株式）,不動産業,1139,1143,1120,1127,-8,-0.704846,295900,OK
2026-03-19,8894,ＲＥＶＯＬＵＴＩＯＮ,スタンダード（内国株式）,不動産業,54,55,53,54,-1,-1.818182,426100,OK
2026-03-19,8897,ＭＩＲＡＲＴＨホールディングス,プライム（内国株式）,不動産業,410,412,406,407,-7,-1.690821,845500,OK
2026-03-19,8898,センチュリー２１・ジャパン,スタンダード（内国株式）,不動産業,1146,1154,1146,1147,-11,-0.949914,1100,OK
2026-03-19,8904,ＡＶＡＮＴＩＡ,スタンダード（内国株式）,不動産業,840,851,839,845,-4,-0.471143,15700,OK
2026-03-19,8908,毎日コムネット,スタンダード（内国株式）,不動産業,850,853,845,847,-4,-0.470035,9600,OK
2026-03-19,8912,エリアクエスト,スタンダード（内国株式）,不動産業,171,171,163,163,-9,-5.232558,231000,OK
2026-03-19,8914,エリアリンク,スタンダード（内国株式）,不動産業,1240,1240,1201,1201,-39,-3.145161,75600,OK
2026-03-19,8917,ファースト住建,スタンダード（内国株式）,不動産業,1198,1198,1170,1175,-14,-1.17746,24900,OK
2026-03-19,8918,ランド,スタンダード（内国株式）,不動産業,10,10,9,10,1,11.111111,235300000,OK
2026-03-19,8919,カチタス,プライム（内国株式）,不動産業,3300,3330,3235,3235,-135,-4.005935,323100,OK
2026-03-19,8920,東祥,スタンダード（内国株式）,サービス業,898,899,874,874,-37,-4.061471,94800,OK
2026-03-19,8921,シーズクリエイト,TOKYO PRO MARKET（内国株式）,不動産業,,,,,,,,NO_QUOTE
2026-03-19,8923,トーセイ,プライム（内国株式）,不動産業,1619,1631,1532,1532,-104,-6.356968,1127700,OK
2026-03-19,8927,明豊エンタープライズ,スタンダード（内国株式）,不動産業,446,450,445,446,-3,-0.668151,146400,OK
2026-03-19,8928,穴吹興産,スタンダード（内国株式）,不動産業,2740,2756,2685,2685,-73,-2.646846,15200,OK
2026-03-19,8929,青山財産ネットワークス,スタンダード（内国株式）,不動産業,1299,1302,1280,1280,-25,-1.915709,107300,OK
2026-03-19,8931,和田興産,スタンダード（内国株式）,不動産業,1718,1729,1690,1694,-28,-1.626016,14100,OK
2026-03-19,8934,サンフロンティア不動産,プライム（内国株式）,不動産業,2726,2727,2700,2705,-15,-0.551471,146900,OK
2026-03-19,8935,ＦＪネクストホールディングス,プライム（内国株式）,不動産業,1719,1720,1675,1675,-82,-4.667046,96300,OK
2026-03-19,8938,グローム・ホールディングス,グロース（内国株式）,不動産業,361,378,350,368,-1,-0.271003,16900,OK
2026-03-19,8944,ランドビジネス,スタンダード（内国株式）,不動産業,258,261,252,256,-10,-3.759398,141400,OK
2026-03-19,8945,サンネクスタグループ,スタンダード（内国株式）,不動産業,1162,1202,1162,1202,-3,-0.248963,7900,OK
2026-03-19,8946,ＡＳＩＡＮ　ＳＴＡＲ,スタンダード（内国株式）,不動産業,91,92,89,89,-2,-2.197802,325500,OK
2026-03-19,8995,誠建設工業,スタンダード（内国株式）,不動産業,1200,1200,1153,1160,-60,-4.918033,7200,OK
2026-03-19,8996,ハウスフリーダム,スタンダード（内国株式）,不動産業,1035,1056,1031,1032,2,0.194175,4000,OK
2026-03-19,8999,グランディハウス,プライム（内国株式）,不動産業,606,606,598,599,-11,-1.803279,171300,OK
2026-03-19,9001,東武鉄道,プライム（内国株式）,陸運業,2910.5,2916,2868.5,2876.5,-59,-2.009879,588700,OK
2026-03-19,9003,相鉄ホールディングス,プライム（内国株式）,陸運業,2854,2863,2801,2801,-55.5,-1.942937,412700,OK
2026-03-19,9005,東急,プライム（内国株式）,陸運業,1885,1887,1846.5,1846.5,-40.5,-2.146264,2272200,OK
2026-03-19,9006,京浜急行電鉄,プライム（内国株式）,陸運業,1511,1518,1496.5,1497.5,-16,-1.057152,731000,OK
2026-03-19,9007,小田急電鉄,プライム（内国株式）,陸運業,1680,1692,1652,1654.5,-23.5,-1.400477,1556000,OK
2026-03-19,9008,京王電鉄,プライム（内国株式）,陸運業,3951,3957,3877,3877,-105,-2.636866,471300,OK
2026-03-19,9009,京成電鉄,プライム（内国株式）,陸運業,1241,1250,1218.5,1218.5,-39,-3.101392,2035400,OK
2026-03-19,9010,富士急行,プライム（内国株式）,陸運業,2458,2505,2456,2464,-41,-1.636727,249700,OK
2026-03-19,9012,秩父鉄道,スタンダード（内国株式）,陸運業,2124,2125,2124,2125,1,0.047081,300,OK
2026-03-19,9017,新潟交通,スタンダード（内国株式）,陸運業,2074,2085,2054,2063,-17,-0.817308,5700,OK
2026-03-19,9020,東日本旅客鉄道,プライム（内国株式）,陸運業,3642,3662,3607,3611,-91,-2.458131,4808300,OK
2026-03-19,9021,西日本旅客鉄道,プライム（内国株式）,陸運業,3235,3246,3177,3177,-75,-2.306273,3133500,OK
2026-03-19,9022,東海旅客鉄道,プライム（内国株式）,陸運業,4285,4314,4217,4233,-153,-3.488372,2919900,OK
2026-03-19,9023,東京地下鉄,プライム（内国株式）,陸運業,1630,1636,1612.5,1613,-20.5,-1.254974,3092100,OK
2026-03-19,9024,西武ホールディングス,プライム（内国株式）,陸運業,4371,4434,4280,4280,-108,-2.461258,1303700,OK
2026-03-19,9025,鴻池運輸,プライム（内国株式）,陸運業,3000,3010,2959,2959,-71,-2.343234,107500,OK
2026-03-19,9028,ゼロ,スタンダード（内国株式）,陸運業,3450,3450,3345,3345,-115,-3.323699,15000,OK
2026-03-19,9029,ヒガシホールディングス,スタンダード（内国株式）,陸運業,1979,2000,1921,1921,-97,-4.806739,24200,OK
2026-03-19,9031,西日本鉄道,プライム（内国株式）,陸運業,3086,3091,3018,3018,-96,-3.082852,315700,OK
2026-03-19,9033,広島電鉄,スタンダード（内国株式）,陸運業,655,655,646,646,-4,-0.615385,6800,OK
2026-03-19,9034,南総通運,スタンダード（内国株式）,陸運業,1591,1609,1587,1587,-26,-1.611903,3600,OK
2026-03-19,9036,東部ネットワーク,スタンダード（内国株式）,陸運業,1153,1153,1147,1150,-3,-0.260191,2900,OK
2026-03-19,9037,ハマキョウレックス,プライム（内国株式）,陸運業,1836,1836,1789,1801,-24,-1.315068,160000,OK
2026-03-19,9039,サカイ引越センター,プライム（内国株式）,陸運業,2755,2766,2720,2720,-53,-1.911287,109600,OK
2026-03-19,9041,近鉄グループホールディングス,プライム（内国株式）,陸運業,3231,3268,3200,3200,-48,-1.477833,1385400,OK
2026-03-19,9042,阪急阪神ホールディングス,プライム（内国株式）,陸運業,4217,4238,4150,4150,-74,-1.751894,1533100,OK
2026-03-19,9044,南海電気鉄道,プライム（内国株式）,陸運業,3043,3056,3008,3008,-31,-1.020072,507600,OK
2026-03-19,9045,京阪ホールディングス,プライム（内国株式）,陸運業,3293,3314,3265,3265,-48,-1.448838,305300,OK
2026-03-19,9046,神戸電鉄,プライム（内国株式）,陸運業,2533,2534,2518,2518,-14,-0.552923,42000,OK
2026-03-19,9048,名古屋鉄道,プライム（内国株式）,陸運業,1770,1775.5,1734,1734,-38,-2.14447,1621700,OK
2026-03-19,9049,京福電気鉄道,スタンダード（内国株式）,陸運業,,,,,,,,NO_QUOTE
2026-03-19,9051,センコン物流,スタンダード（内国株式）,陸運業,1364,1394,1364,1366,-13,-0.942712,1700,OK
2026-03-19,9052,山陽電気鉄道,プライム（内国株式）,陸運業,2026,2033,2008,2008,-27,-1.326781,34400,OK
2026-03-19,9057,遠州トラック,スタンダード（内国株式）,陸運業,3535,3535,3535,3535,0,0,1100,OK
2026-03-19,9059,カンダホールディングス,スタンダード（内国株式）,陸運業,869,869,866,866,-3,-0.345224,3500,OK
2026-03-19,9060,日本ロジテム,スタンダード（内国株式）,陸運業,4480,4550,4420,4425,-95,-2.10177,2100,OK
2026-03-19,9063,岡山県貨物運送,スタンダード（内国株式）,陸運業,4255,4270,4150,4185,-135,-3.125,2600,OK
2026-03-19,9064,ヤマトホールディングス,プライム（内国株式）,陸運業,1764,1767,1725.5,1725.5,-54.5,-3.061798,2012400,OK
2026-03-19,9065,山九,プライム（内国株式）,陸運業,8986,9155,8974,8986,-134,-1.469298,310600,OK
2026-03-19,9067,丸運,スタンダード（内国株式）,陸運業,942,942,941,941,-1,-0.106157,4300,OK
2026-03-19,9068,丸全昭和運輸,プライム（内国株式）,陸運業,8750,8900,8610,8610,-250,-2.82167,41200,OK
2026-03-19,9069,センコーグループホールディングス,プライム（内国株式）,陸運業,1809.5,1835,1792.5,1793,-43.5,-2.368636,583900,OK
2026-03-19,9072,ニッコンホールディングス,プライム（内国株式）,陸運業,4160,4185,4069,4069,-116,-2.771804,538900,OK
2026-03-19,9073,京極運輸商事,スタンダード（内国株式）,陸運業,1336,1347,1336,1341,-3,-0.223214,3400,OK
2026-03-19,9074,日本石油輸送,スタンダード（内国株式）,陸運業,5350,5350,5100,5150,-140,-2.646503,5700,OK
2026-03-19,9075,福山通運,プライム（内国株式）,陸運業,5650,5690,5520,5520,-210,-3.664921,168700,OK
2026-03-19,9076,セイノーホールディングス,プライム（内国株式）,陸運業,2536,2539.5,2453,2456,-80.5,-3.173664,489800,OK
2026-03-19,9081,神奈川中央交通,プライム（内国株式）,陸運業,3590,3700,3575,3700,90,2.493075,20900,OK
2026-03-19,9082,大和自動車交通,スタンダード（内国株式）,陸運業,1381,1382,1292,1342,-58,-4.142857,4800,OK
2026-03-19,9083,神姫バス,スタンダード（内国株式）,陸運業,2000,2000,1992,1992,-3,-0.150376,6200,OK
2026-03-19,9087,タカセ,スタンダード（内国株式）,陸運業,1747,1785,1746,1785,-2,-0.111919,900,OK
2026-03-19,9090,ＡＺ−ＣＯＭ丸和ホールディングス,プライム（内国株式）,陸運業,909,912,894,894,-21,-2.295082,260800,OK
2026-03-19,9101,日本郵船,プライム（内国株式）,海運業,6103,6240,6100,6140,-42,-0.679392,7944900,OK
2026-03-19,9104,商船三井,プライム（内国株式）,海運業,7024,7325,6964,6976,-38,-0.541774,15434800,OK
2026-03-19,9107,川崎汽船,プライム（内国株式）,海運業,2879,2924,2781,2781,-94,-3.269565,15830800,OK
2026-03-19,9110,ＮＳユナイテッド海運,プライム（内国株式）,海運業,7860,7990,7660,7670,-280,-3.522013,72600,OK
2026-03-19,9115,明海グループ,スタンダード（内国株式）,海運業,1125,1413,1125,1267,154,13.836478,3660200,OK
2026-03-19,9119,飯野海運,プライム（内国株式）,海運業,1863,1876,1804,1808,-27,-1.47139,1510000,OK
2026-03-19,9127,玉井商船,スタンダード（内国株式）,海運業,4305,4650,4305,4590,285,6.620209,24300,OK
2026-03-19,9130,共栄タンカー,スタンダード（内国株式）,海運業,2580,2820,2376,2376,-5,-0.209996,2760700,OK
2026-03-19,9142,九州旅客鉄道,プライム（内国株式）,陸運業,3800,3822,3760,3760,-71,-1.853302,1063700,OK
2026-03-19,9143,ＳＧホールディングス,プライム（内国株式）,陸運業,1557,1608.5,1551.5,1574,18,1.156812,3597900,OK
2026-03-19,9145,ビーイングホールディングス,スタンダード（内国株式）,陸運業,718,721,697,698,-30,-4.120879,14500,OK
2026-03-19,9146,五健堂ホールディングス,TOKYO PRO MARKET（内国株式）,陸運業,,,,,,,,NO_QUOTE
2026-03-19,9147,ＮＩＰＰＯＮ　ＥＸＰＲＥＳＳホールディングス,プライム（内国株式）,陸運業,3645,3695,3640,3640,-59,-1.595026,1260200,OK
2026-03-19,9149,大友ロジスティクスサービス,TOKYO PRO MARKET（内国株式）,陸運業,,,,,,,,NO_QUOTE
2026-03-19,9156,はなホールディングス,TOKYO PRO MARKET（内国株式）,サービス業,,,,,,,,NO_QUOTE
2026-03-19,9158,シーユーシー,グロース（内国株式）,サービス業,875,883,846,847,-43,-4.831461,140200,OK
2026-03-19,9159,Ｗ　ＴＯＫＹＯ,グロース（内国株式）,サービス業,1557,1599,1557,1595,27,1.721939,2100,OK
2026-03-19,9160,ノバレーゼ,スタンダード（内国株式）,サービス業,292,293,290,291,-2,-0.682594,43200,OK
2026-03-19,9162,ブリーチ,グロース（内国株式）,サービス業,258,261,252,252,-10,-3.816794,12800,OK
2026-03-19,9163,ナレルグループ,グロース（内国株式）,サービス業,2374,2383,2345,2345,-33,-1.387721,36300,OK
2026-03-19,9165,クオルテック,グロース（内国株式）,サービス業,1410,1410,1395,1410,-4,-0.282885,10800,OK
2026-03-19,9166,ＧＥＮＤＡ,グロース（内国株式）,サービス業,622,638,602,604,-9,-1.468189,1127500,OK
2026-03-19,9168,ライズ・コンサルティング・グループ,グロース（内国株式）,サービス業,480,484,471,475,-12,-2.464066,255900,OK
2026-03-19,9169,大伸社,TOKYO PRO MARKET（内国株式）,サービス業,,,,,,,,NO_QUOTE
2026-03-19,9171,栗林商船,スタンダード（内国株式）,海運業,1776,1848,1776,1799,3,0.167038,9800,OK
2026-03-19,9173,東海汽船,スタンダード（内国株式）,海運業,3030,3030,3010,3015,-20,-0.658979,700,OK
2026-03-19,9193,東京汽船,スタンダード（内国株式）,倉庫･運輸関連業,1281,1281,1222,1238,-26,-2.056962,24500,OK
2026-03-19,9201,日本航空,プライム（内国株式）,空運業,2618,2655.5,2600,2608.5,-109.5,-4.028698,5322500,OK
2026-03-19,9202,ＡＮＡホールディングス,プライム（内国株式）,空運業,2984.5,2989,2891.5,2891.5,-138.5,-4.570957,4321000,OK
2026-03-19,92025,ＡＮＡホールディングス（優先株式）,プライム（内国株式）,空運業,4950,4950,4945,4950,-1,-0.020198,800,OK
2026-03-19,9204,スカイマーク,グロース（内国株式）,空運業,378,380,372,372,-8,-2.105263,93900,OK
2026-03-19,9206,スターフライヤー,スタンダード（内国株式）,空運業,2010,2015,2002,2002,-16,-0.792864,1800,OK
2026-03-19,9211,エフ・コード,グロース（内国株式）,サービス業,1559,1596,1527,1539,-51,-3.207547,88300,OK
2026-03-19,9212,Ｇｒｅｅｎ　Ｅａｒｔｈ　Ｉｎｓｔｉｔｕｔｅ,グロース（内国株式）,サービス業,382,382,365,366,-16,-4.188482,173900,OK
2026-03-19,9213,セイファート,スタンダード（内国株式）,サービス業,779,787,744,765,-29,-3.652393,19600,OK
2026-03-19,9214,Ｒｅｃｏｖｅｒｙ　Ｉｎｔｅｒｎａｔｉｏｎａｌ,グロース（内国株式）,サービス業,1466,1466,1450,1450,-16,-1.091405,800,OK
2026-03-19,9215,ＣａＳｙ,グロース（内国株式）,サービス業,891,895,891,891,-4,-0.446927,800,OK
2026-03-19,9216,ビーウィズ,プライム（内国株式）,サービス業,1730,1734,1711,1711,-35,-2.004582,52100,OK
2026-03-19,9218,メンタルヘルステクノロジーズ,グロース（内国株式）,サービス業,737,737,722,724,-10,-1.362398,14100,OK
2026-03-19,9219,ギックス,グロース（内国株式）,サービス業,957,960,950,957,-5,-0.519751,4000,OK
2026-03-19,9220,エフビー介護サービス,スタンダード（内国株式）,サービス業,1196,1201,1196,1196,-11,-0.91135,700,OK
2026-03-19,9221,フルハシＥＰＯ,スタンダード（内国株式）,サービス業,1252,1252,1220,1232,-30,-2.377179,36800,OK
2026-03-19,9222,ｍａｎａｂｙ,TOKYO PRO MARKET（内国株式）,サービス業,,,,,,,,NO_QUOTE
2026-03-19,9223,ＡＳＮＯＶＡ,グロース（内国株式）,サービス業,500,508,500,506,1,0.19802,9100,OK
2026-03-19,9225,ブリッジコンサルティンググループ,グロース（内国株式）,サービス業,,,,,,,,NO_QUOTE
2026-03-19,9226,アイガー,TOKYO PRO MARKET（内国株式）,サービス業,,,,,,,,NO_QUOTE
2026-03-19,9227,マイクロ波化学,グロース（内国株式）,サービス業,1145,1180,1056,1074,-70,-6.118881,1672800,OK
2026-03-19,9229,サンウェルズ,プライム（内国株式）,サービス業,250,250,237,237,-11,-4.435484,100100,OK
2026-03-19,9233,アジア航測,スタンダード（内国株式）,空運業,1270,1276,1255,1255,-21,-1.645768,18800,OK
2026-03-19,9235,売れるネット広告社グループ,グロース（内国株式）,サービス業,544,544,529,530,-27,-4.847397,76600,OK
2026-03-19,9236,ジャパンＭ＆Ａソリューション,グロース（内国株式）,サービス業,995,1007,995,1001,-2,-0.199402,600,OK
2026-03-19,9237,笑美面,グロース（内国株式）,サービス業,741,754,690,733,-31,-4.057592,210200,OK
2026-03-19,9238,バリュークリエーション,グロース（内国株式）,サービス業,609,621,600,600,-26,-4.153355,19100,OK
2026-03-19,9239,ケーイーティ,TOKYO PRO MARKET（内国株式）,サービス業,,,,,,,,NO_QUOTE
2026-03-19,9240,デリバリーコンサルティング,グロース（内国株式）,サービス業,489,495,465,466,-27,-5.476673,40700,OK
2026-03-19,9241,フューチャーリンクネットワーク,グロース（内国株式）,サービス業,1417,1425,1391,1420,19,1.356174,1900,OK
2026-03-19,9242,メディア総研,グロース（内国株式）,サービス業,1872,1882,1862,1862,-16,-0.85197,2300,OK
2026-03-19,9243,富士テクノホールディングス,TOKYO PRO MARKET（内国株式）,サービス業,,,,,,,,NO_QUOTE
2026-03-19,9244,デジタリフト,グロース（内国株式）,サービス業,961,966,945,945,-14,-1.459854,1200,OK
2026-03-19,9245,リベロ,グロース（内国株式）,サービス業,2215,2215,2200,2200,-15,-0.677201,1200,OK
2026-03-19,9246,プロジェクトホールディングス,グロース（内国株式）,サービス業,1095,1100,1095,1100,2,0.182149,800,OK
2026-03-19,9247,ＴＲＥホールディングス,プライム（内国株式）,サービス業,1623,1631,1582,1590,-30,-1.851852,612500,OK
2026-03-19,9248,人・夢・技術グループ,スタンダード（内国株式）,サービス業,1506,1518,1495,1495,-29,-1.902887,23600,OK
2026-03-19,9249,日本エコシステム,スタンダード（内国株式）,サービス業,1635,1642,1633,1635,-5,-0.304878,5100,OK
2026-03-19,9250,ＧＲＣＳ,グロース（内国株式）,サービス業,1036,1036,1002,1002,-33,-3.188406,2100,OK
2026-03-19,9251,ＡＢ＆Ｃｏｍｐａｎｙ,グロース（内国株式）,サービス業,1296,1296,1273,1274,-26,-2,29300,OK
2026-03-19,9252,ラストワンマイル,グロース（内国株式）,サービス業,4415,4415,4285,4285,-155,-3.490991,9200,OK
2026-03-19,9253,スローガン,グロース（内国株式）,サービス業,735,735,735,735,-19,-2.519894,500,OK
2026-03-19,9254,ラバブルマーケティンググループ,グロース（内国株式）,サービス業,1162,1166,1162,1164,-16,-1.355932,1600,OK
2026-03-19,9256,サクシード,グロース（内国株式）,サービス業,812,812,808,808,-4,-0.492611,3000,OK
2026-03-19,9258,ＣＳ−Ｃ,グロース（内国株式）,サービス業,341,341,340,340,-1,-0.293255,500,OK
2026-03-19,9259,タカヨシホールディングス,グロース（内国株式）,サービス業,1041,1079,1019,1062,15,1.432665,42000,OK
2026-03-19,9262,シルバーライフ,スタンダード（内国株式）,小売業,880,894,877,891,3,0.337838,23900,OK
2026-03-19,9264,ポエック,スタンダード（内国株式）,卸売業,1684,1709,1684,1685,-32,-1.863716,12000,OK
2026-03-19,9265,ヤマシタヘルスケアホールディングス,スタンダード（内国株式）,卸売業,3695,3700,3645,3645,-55,-1.486486,700,OK
2026-03-19,9267,Ｇｅｎｋｙ　ＤｒｕｇＳｔｏｒｅｓ,プライム（内国株式）,小売業,3895,3915,3800,3820,-145,-3.656999,103000,OK
2026-03-19,9268,オプティマスグループ,スタンダード（内国株式）,卸売業,473,473,461,465,-15,-3.125,248900,OK
2026-03-19,9270,バリュエンスホールディングス,グロース（内国株式）,卸売業,1849,1851,1759,1783,-106,-5.611435,122300,OK
2026-03-19,9271,和心,グロース（内国株式）,小売業,1031,1031,976,990,-55,-5.263158,80300,OK
2026-03-19,9272,ブティックス,グロース（内国株式）,サービス業,1547,1551,1512,1517,-58,-3.68254,7000,OK
2026-03-19,9273,コーア商事ホールディングス,プライム（内国株式）,卸売業,840,844,831,831,-24,-2.807018,36300,OK
2026-03-19,9274,ＫＰＰグループホールディングス,プライム（内国株式）,卸売業,877,883,867,867,-24,-2.693603,356300,OK
2026-03-19,9278,ブックオフグループホールディングス,プライム（内国株式）,小売業,1790,1798,1745,1745,-60,-3.3241,53500,OK
2026-03-19,9279,ギフトホールディングス,プライム（内国株式）,小売業,4575,4665,4475,4475,-145,-3.138528,161300,OK
2026-03-19,9301,三菱倉庫,プライム（内国株式）,倉庫･運輸関連業,1378,1385,1354.5,1355.5,-33,-2.376665,2048100,OK
2026-03-19,9302,三井倉庫ホールディングス,プライム（内国株式）,倉庫･運輸関連業,4135,4185,4045,4045,-56,-1.365521,285100,OK
2026-03-19,9303,住友倉庫,プライム（内国株式）,倉庫･運輸関連業,4120,4145,4080,4080,-45,-1.090909,148200,OK
2026-03-19,9304,澁澤倉庫,プライム（内国株式）,倉庫･運輸関連業,1333,1333,1311,1311,-29,-2.164179,208100,OK
2026-03-19,9305,ヤマタネ,プライム（内国株式）,卸売業,2203,2203,2178,2182,-33,-1.489842,47700,OK
2026-03-19,9306,東陽倉庫,スタンダード（内国株式）,倉庫･運輸関連業,2107,2117,2098,2110,0,0,3100,OK
2026-03-19,9307,杉村倉庫,スタンダード（内国株式）,倉庫･運輸関連業,1000,1016,996,997,-33,-3.203883,6600,OK
2026-03-19,9308,乾汽船,スタンダード（内国株式）,海運業,1638,1674,1597,1597,-78,-4.656716,72900,OK
2026-03-19,9310,日本トランスシティ,プライム（内国株式）,倉庫･運輸関連業,1242,1246,1204,1204,-54,-4.292528,76300,OK
2026-03-19,9311,アサガミ,スタンダード（内国株式）,倉庫･運輸関連業,8830,8840,8700,8800,-330,-3.614458,500,OK
2026-03-19,9312,ケイヒン,スタンダード（内国株式）,倉庫･運輸関連業,2976,2976,2927,2938,-72,-2.392027,12800,OK
2026-03-19,9313,丸八倉庫,スタンダード（内国株式）,倉庫･運輸関連業,1022,1022,1011,1013,-7,-0.686275,2800,OK
2026-03-19,9319,中央倉庫,プライム（内国株式）,倉庫･運輸関連業,1925,1925,1872,1872,-75,-3.85208,76800,OK
2026-03-19,9322,川西倉庫,スタンダード（内国株式）,倉庫･運輸関連業,2842,2842,2812,2812,-31,-1.090397,3400,OK
2026-03-19,9324,安田倉庫,プライム（内国株式）,倉庫･運輸関連業,2380,2389,2356,2356,-59,-2.443064,73600,OK
2026-03-19,9325,ファイズホールディングス,スタンダード（内国株式）,倉庫･運輸関連業,1218,1249,1218,1218,-1,-0.082034,18400,OK
2026-03-19,9326,関通,グロース（内国株式）,倉庫･運輸関連業,450,452,443,446,-11,-2.407002,5400,OK
2026-03-19,9327,イー・ロジット,スタンダード（内国株式）,倉庫･運輸関連業,206,208,196,198,-3,-1.492537,36900,OK
2026-03-19,9330,揚羽,グロース（内国株式）,サービス業,914,918,905,910,3,0.330761,4100,OK
2026-03-19,9331,キャスター,グロース（内国株式）,サービス業,690,690,687,687,-10,-1.43472,1200,OK
2026-03-19,9332,ＮＩＳＳＯホールディングス,プライム（内国株式）,サービス業,643,643,631,631,-15,-2.321981,354000,OK
2026-03-19,9334,アイビスホールディングス,TOKYO PRO MARKET（内国株式）,サービス業,,,,,,,,NO_QUOTE
2026-03-19,9335,テクノクリエイティブ,TOKYO PRO MARKET（内国株式）,サービス業,,,,,,,,NO_QUOTE
2026-03-19,9336,大栄環境,プライム（内国株式）,サービス業,3950,3980,3860,3875,-140,-3.486924,118100,OK
2026-03-19,9337,トリドリ,グロース（内国株式）,サービス業,1651,1654,1594,1594,-86,-5.119048,23000,OK
2026-03-19,9338,ＩＮＦＯＲＩＣＨ,グロース（内国株式）,サービス業,4550,4555,4545,4545,-5,-0.10989,204400,OK
2026-03-19,9339,コーチ・エィ,スタンダード（内国株式）,サービス業,1219,1227,1210,1210,-9,-0.73831,1800,OK
2026-03-19,9340,アソインターナショナル,スタンダード（内国株式）,サービス業,700,700,685,685,-20,-2.836879,4700,OK
2026-03-19,9341,ＧＥＮＯＶＡ,プライム（内国株式）,サービス業,602,605,595,595,-14,-2.298851,55800,OK
2026-03-19,9342,スマサポ,グロース（内国株式）,サービス業,1239,1239,1210,1210,-39,-3.122498,300,OK
2026-03-19,9343,アイビス,グロース（内国株式）,サービス業,660,681,657,663,2,0.302572,72800,OK
2026-03-19,9344,アクシスコンサルティング,グロース（内国株式）,サービス業,905,910,904,904,-1,-0.110497,1100,OK
2026-03-19,9345,ビズメイツ,グロース（内国株式）,サービス業,652,665,650,650,-11,-1.664145,3000,OK
2026-03-19,9346,ココルポート,グロース（内国株式）,サービス業,1613,1644,1613,1628,-9,-0.549786,2300,OK
2026-03-19,9347,日本管財ホールディングス,プライム（内国株式）,サービス業,2839,2850,2818,2829,-32,-1.11849,85900,OK
2026-03-19,9348,ｉｓｐａｃｅ,グロース（内国株式）,サービス業,593,597,578,584,-19,-3.150912,1509100,OK
2026-03-19,9351,東洋埠頭,スタンダード（内国株式）,倉庫･運輸関連業,2002,2017,2001,2003,-16,-0.792472,2800,OK
2026-03-19,9353,櫻島埠頭,スタンダード（内国株式）,倉庫･運輸関連業,2474,2474,2425,2425,-64,-2.571314,3200,OK
2026-03-19,9355,リンコーコーポレーション,スタンダード（内国株式）,倉庫･運輸関連業,,,,,,,,NO_QUOTE
2026-03-19,9360,鈴与シンワート,スタンダード（内国株式）,情報･通信業,3015,3015,2992,3000,-15,-0.497512,2300,OK
2026-03-19,9361,伏木海陸運送,スタンダード（内国株式）,倉庫･運輸関連業,2269,2269,2269,2269,0,0,100,OK
2026-03-19,9362,兵機海運,スタンダード（内国株式）,倉庫･運輸関連業,3465,3500,3465,3500,20,0.574713,200,OK
2026-03-19,9363,大運,スタンダード（内国株式）,倉庫･運輸関連業,576,587,540,546,-32,-5.536332,107400,OK
2026-03-19,9364,上組,プライム（内国株式）,倉庫･運輸関連業,5616,5650,5543,5547,-141,-2.478903,393000,OK
2026-03-19,9365,トレーディア,スタンダード（内国株式）,倉庫･運輸関連業,1592,1600,1590,1590,-4,-0.250941,400,OK
2026-03-19,9366,サンリツ,スタンダード（内国株式）,倉庫･運輸関連業,912,912,901,901,-16,-1.74482,2600,OK
2026-03-19,9367,大東港運,スタンダード（内国株式）,倉庫･運輸関連業,2520,2524,2493,2493,-32,-1.267327,11300,OK
2026-03-19,9368,キムラユニティー,スタンダード（内国株式）,倉庫･運輸関連業,948,948,934,934,-15,-1.580611,15100,OK
2026-03-19,9369,キユーソー流通システム,スタンダード（内国株式）,倉庫･運輸関連業,2913,3000,2853,2853,-110,-3.712454,45100,OK
2026-03-19,9376,ユーラシア旅行社,スタンダード（内国株式）,サービス業,891,900,889,899,5,0.559284,2400,OK
2026-03-19,9380,東海運,スタンダード（内国株式）,倉庫･運輸関連業,428,436,427,435,4,0.928074,41000,OK
2026-03-19,9381,エーアイテイー,プライム（内国株式）,倉庫･運輸関連業,2216,2230,2212,2212,-38,-1.688889,17300,OK
2026-03-19,9385,ショーエイコーポレーション,スタンダード（内国株式）,化学,795,803,794,797,-2,-0.250313,16100,OK
2026-03-19,9401,ＴＢＳホールディングス,プライム（内国株式）,情報･通信業,5691,5740,5615,5615,-167,-2.888274,251300,OK
2026-03-19,9404,日本テレビホールディングス,プライム（内国株式）,情報･通信業,3145,3170,3109,3114,-82,-2.565707,379400,OK
2026-03-19,9405,朝日放送グループホールディングス,プライム（内国株式）,情報･通信業,904,911,899,899,-17,-1.855895,78300,OK
2026-03-19,9408,ＢＳＮメディアホールディングス,スタンダード（内国株式）,情報･通信業,,,,,,,,NO_QUOTE
2026-03-19,9409,テレビ朝日ホールディングス,プライム（内国株式）,情報･通信業,3265,3300,3235,3235,-95,-2.852853,167100,OK
2026-03-19,9412,スカパーＪＳＡＴホールディングス,プライム（内国株式）,情報･通信業,2794,2855,2760,2800,-80,-2.777778,1533900,OK
2026-03-19,9413,テレビ東京ホールディングス,プライム（内国株式）,情報･通信業,4190,4210,4100,4100,-150,-3.529412,76300,OK
2026-03-19,9414,日本ＢＳ放送,スタンダード（内国株式）,情報･通信業,950,950,932,934,-17,-1.787592,67000,OK
2026-03-19,9416,ビジョン,プライム（内国株式）,情報･通信業,1170,1173,1144,1152,-26,-2.207131,488400,OK
2026-03-19,9417,スマートバリュー,スタンダード（内国株式）,情報･通信業,338,338,333,333,-5,-1.47929,1400,OK
2026-03-19,9418,Ｕ−ＮＥＸＴ　ＨＯＬＤＩＮＧＳ,プライム（内国株式）,情報･通信業,1679,1695,1662,1665,-49,-2.85881,870000,OK
2026-03-19,9419,ワイヤレスゲート,スタンダード（内国株式）,情報･通信業,302,303,300,302,-1,-0.330033,14000,OK
2026-03-19,9421,エヌジェイホールディングス,スタンダード（内国株式）,情報･通信業,644,644,633,633,-11,-1.708075,3700,OK
2026-03-19,9423,フォーバル・リアルストレート,スタンダード（内国株式）,情報･通信業,111,112,110,110,-2,-1.785714,253600,OK
2026-03-19,9424,日本通信,プライム（内国株式）,情報･通信業,132,134,128,129,-5,-3.731343,2052800,OK
2026-03-19,9425,ＲｅＹｕｕ　Ｊａｐａｎ,スタンダード（内国株式）,情報･通信業,306,312,302,304,-10,-3.184713,48900,OK
2026-03-19,9428,クロップス,スタンダード（内国株式）,情報･通信業,1548,1569,1542,1556,4,0.257732,1100,OK
2026-03-19,9432,ＮＴＴ,プライム（内国株式）,情報･通信業,157.1,160,156.7,158.6,0.6,0.379747,333537500,OK
2026-03-19,9433,ＫＤＤＩ,プライム（内国株式）,情報･通信業,2633,2667,2630,2667,-19,-0.707372,13326100,OK
2026-03-19,9434,ソフトバンク,プライム（内国株式）,情報･通信業,216.9,218.4,215.6,215.6,-1.9,-0.873563,115155700,OK
2026-03-19,94345,ソフトバンク（優先株式）,プライム（内国株式）,情報･通信業,3841,3841,3841,3841,0,0,100,OK
2026-03-19,94346,ソフトバンク（優先株式）,プライム（内国株式）,情報･通信業,7678,7700,7677,7700,-15,-0.194426,8200,OK
2026-03-19,9435,光通信,プライム（内国株式）,情報･通信業,42950,43460,42230,42230,-1230,-2.830189,94200,OK
2026-03-19,9436,沖縄セルラー電話,スタンダード（内国株式）,情報･通信業,3430,3455,3420,3430,-55,-1.578192,105700,OK
2026-03-19,9438,エムティーアイ,プライム（内国株式）,情報･通信業,645,663,642,642,-19,-2.874433,398700,OK
2026-03-19,9439,エム・エイチ・グループ,スタンダード（内国株式）,サービス業,238,239,234,235,-1,-0.423729,6000,OK
2026-03-19,9441,ベルパーク,スタンダード（内国株式）,情報･通信業,2799,2844,2773,2780,-25,-0.891266,18100,OK
2026-03-19,9444,トーシンホールディングス,スタンダード（内国株式）,情報･通信業,336,338,335,336,-2,-0.591716,5600,OK
2026-03-19,9445,フォーバルテレコム,スタンダード（内国株式）,情報･通信業,570,570,568,568,-2,-0.350877,400,OK
2026-03-19,9446,サカイホールディングス,スタンダード（内国株式）,情報･通信業,689,691,688,688,-3,-0.434153,7700,OK
2026-03-19,9449,ＧＭＯインターネットグループ,プライム（内国株式）,情報･通信業,2851,2900.5,2826,2827.5,-100,-3.415884,352400,OK
2026-03-19,9450,ファイバーゲート,スタンダード（内国株式）,情報･通信業,706,714,703,707,-7,-0.980392,81000,OK
2026-03-19,9466,アイドママーケティングコミュニケーション,スタンダード（内国株式）,情報･通信業,244,244,243,243,-1,-0.409836,3200,OK
2026-03-19,9467,アルファポリス,グロース（内国株式）,情報･通信業,1255,1280,1243,1262,-38,-2.923077,63800,OK
2026-03-19,9468,ＫＡＤＯＫＡＷＡ,プライム（内国株式）,情報･通信業,3123,3189,3121,3136,-44,-1.383648,915900,OK
2026-03-19,9470,学研ホールディングス,プライム（内国株式）,情報･通信業,1030,1033,1021,1021,-24,-2.296651,106100,OK
2026-03-19,9474,ゼンリン,プライム（内国株式）,情報･通信業,1004,1009,998,1000,-15,-1.477833,146000,OK
2026-03-19,9475,昭文社ホールディングス,スタンダード（内国株式）,情報･通信業,547,548,543,545,-1,-0.18315,3200,OK
2026-03-19,9476,中央経済社ホールディングス,スタンダード（内国株式）,情報･通信業,988,993,983,983,-17,-1.7,800,OK
2026-03-19,9478,ＳＥホールディングス・アンド・インキュベーションズ,スタンダード（内国株式）,情報･通信業,515,515,504,504,-7,-1.369863,39900,OK
2026-03-19,9501,東京電力ホールディングス,プライム（内国株式）,電気･ガス業,690.2,697.9,641.6,653.4,-60,-8.410429,133003600,OK
2026-03-19,9502,中部電力,プライム（内国株式）,電気･ガス業,2648,2648,2564,2570.5,-116,-4.317886,3126100,OK
2026-03-19,9503,関西電力,プライム（内国株式）,電気･ガス業,2679,2680.5,2582,2582,-137.5,-5.056076,5370500,OK
2026-03-19,9504,中国電力,プライム（内国株式）,電気･ガス業,999,1014.5,993,999.9,-14.6,-1.439133,3308800,OK
2026-03-19,9505,北陸電力,プライム（内国株式）,電気･ガス業,1113.5,1120,1084.5,1088,-46.5,-4.098722,1456400,OK
2026-03-19,9506,東北電力,プライム（内国株式）,電気･ガス業,1181,1187.5,1141,1143.5,-54,-4.509395,2958800,OK
2026-03-19,9507,四国電力,プライム（内国株式）,電気･ガス業,1760,1766,1714,1721.5,-62.5,-3.503363,1280200,OK
2026-03-19,9508,九州電力,プライム（内国株式）,電気･ガス業,1793,1803,1750,1764,-66,-3.606557,2639400,OK
2026-03-19,9509,北海道電力,プライム（内国株式）,電気･ガス業,1088,1093,1052,1057.5,-44.5,-4.038113,3948000,OK
2026-03-19,9511,沖縄電力,プライム（内国株式）,電気･ガス業,1050,1059,1028,1028,-35,-3.292568,289000,OK
2026-03-19,9513,電源開発,プライム（内国株式）,電気･ガス業,4068,4136,4007,4007,-94,-2.292124,1776800,OK
2026-03-19,9514,エフオン,スタンダード（内国株式）,電気･ガス業,387,390,370,371,-19,-4.871795,321800,OK
2026-03-19,9517,イーレックス,プライム（内国株式）,電気･ガス業,949,970,935,970,23,2.428722,840700,OK
2026-03-19,9519,レノバ,プライム（内国株式）,電気･ガス業,803,808,757,758,-71,-8.564536,1651600,OK
2026-03-19,9531,東京瓦斯,プライム（内国株式）,電気･ガス業,7600,7644,7319,7319,-368,-4.787303,3065600,OK
2026-03-19,9532,大阪瓦斯,プライム（内国株式）,電気･ガス業,6505,6567,6376,6387,-118,-1.813989,1992000,OK
2026-03-19,9533,東邦瓦斯,プライム（内国株式）,電気･ガス業,5069,5154,4978,4978,-174,-3.377329,460800,OK
2026-03-19,9534,北海道瓦斯,プライム（内国株式）,電気･ガス業,907,916,899,899,-30,-3.229279,177900,OK
2026-03-19,9535,広島ガス,プライム（内国株式）,電気･ガス業,385,386,379,379,-6,-1.558442,209000,OK
2026-03-19,9536,西部ガスホールディングス,プライム（内国株式）,電気･ガス業,2544,2560,2496,2496,-74,-2.879377,181300,OK
2026-03-19,9537,北陸瓦斯,スタンダード（内国株式）,電気･ガス業,5080,5180,5010,5060,-120,-2.316602,1700,OK
2026-03-19,9539,京葉瓦斯,スタンダード（内国株式）,電気･ガス業,1378,1397,1356,1394,11,0.795372,7800,OK
2026-03-19,9543,静岡ガス,プライム（内国株式）,電気･ガス業,1511,1528,1488,1494,-35,-2.289078,220700,OK
2026-03-19,9551,メタウォーター,プライム（内国株式）,電気･ガス業,3650,3685,3565,3570,-215,-5.680317,199600,OK
2026-03-19,9552,クオンツ総研ホールディングス,プライム（内国株式）,サービス業,600,608,578,578,-29,-4.777595,760900,OK
2026-03-19,9553,マイクロアド,グロース（内国株式）,サービス業,870,881,847,851,-39,-4.382022,250300,OK
2026-03-19,9554,ＡＶｉＣ,グロース（内国株式）,サービス業,1301,1305,1255,1262,-66,-4.96988,84500,OK
2026-03-19,9556,ＩＮＴＬＯＯＰ,グロース（内国株式）,サービス業,1950,1950,1876,1891,-105,-5.260521,176100,OK
2026-03-19,9557,エアークローゼット,グロース（内国株式）,サービス業,238,273,235,236,-2,-0.840336,206400,OK
2026-03-19,9558,ジャパニアス,グロース（内国株式）,サービス業,2098,2104,2070,2074,-34,-1.612903,11600,OK
2026-03-19,9560,プログリット,グロース（内国株式）,サービス業,710,713,696,698,-15,-2.103787,64600,OK
2026-03-19,9561,グラッドキューブ,グロース（内国株式）,サービス業,441,477,436,470,23,5.145414,52400,OK
2026-03-19,9562,ビジネスコーチ,グロース（内国株式）,サービス業,2231,2282,2231,2282,15,0.661667,1600,OK
2026-03-19,9563,Ａｔｌａｓ　Ｔｅｃｈｎｏｌｏｇｉｅｓ,グロース（内国株式）,サービス業,292,292,287,288,-5,-1.706485,6200,OK
2026-03-19,9564,ＦＣＥ,スタンダード（内国株式）,サービス業,512,515,498,499,-23,-4.40613,89000,OK
2026-03-19,9565,ＧＬＯＥ,グロース（内国株式）,サービス業,750,750,735,736,-14,-1.866667,5400,OK
2026-03-19,9601,松竹,プライム（内国株式）,情報･通信業,11600,11660,11550,11550,-110,-0.943396,35700,OK
2026-03-19,9602,東宝,プライム（内国株式）,情報･通信業,1627.5,1659.5,1621,1625.5,-17,-1.035008,4100500,OK
2026-03-19,9603,エイチ・アイ・エス,プライム（内国株式）,サービス業,1092,1099,1065,1065,-39,-3.532609,534100,OK
2026-03-19,9605,東映,プライム（内国株式）,情報･通信業,5820,5860,5730,5750,-130,-2.210884,83800,OK
2026-03-19,9610,ウィルソン・ラーニング　ワールドワイド,スタンダード（内国株式）,サービス業,143,144,139,140,-4,-2.777778,140600,OK
2026-03-19,9612,ラックランド,プライム（内国株式）,サービス業,1644,1644,1563,1563,-112,-6.686567,54400,OK
2026-03-19,9616,共立メンテナンス,プライム（内国株式）,サービス業,2496,2519,2447,2451.5,-74,-2.930113,1425500,OK
2026-03-19,9619,イチネンホールディングス,プライム（内国株式）,サービス業,2079,2100,2063,2063,-38,-1.808663,33600,OK
2026-03-19,9621,建設技術研究所,プライム（内国株式）,サービス業,3060,3100,3020,3035,-85,-2.724359,59200,OK
2026-03-19,9622,スペース,プライム（内国株式）,サービス業,1540,1556,1533,1533,-34,-2.169751,69400,OK
2026-03-19,9625,セレスポ,スタンダード（内国株式）,サービス業,1101,1106,1096,1096,-17,-1.527403,6000,OK
2026-03-19,9627,アインホールディングス,プライム（内国株式）,小売業,5401,5544,5401,5504,-24,-0.434153,162500,OK
2026-03-19,9628,燦ホールディングス,プライム（内国株式）,サービス業,1420,1433,1404,1404,-39,-2.702703,44200,OK
2026-03-19,9629,ピー・シー・エー,プライム（内国株式）,情報･通信業,1763,1765,1735,1735,-37,-2.088036,109400,OK
2026-03-19,9632,スバル興業,スタンダード（内国株式）,サービス業,3765,3775,3685,3685,-150,-3.911343,34500,OK
2026-03-19,9633,東京テアトル,スタンダード（内国株式）,不動産業,1694,1710,1690,1698,4,0.236128,11700,OK
2026-03-19,9635,武蔵野興業,スタンダード（内国株式）,サービス業,2627,2652,2626,2626,-28,-1.055011,1400,OK
2026-03-19,9636,きんえい,スタンダード（内国株式）,サービス業,4100,4100,4080,4080,-25,-0.609013,200,OK
2026-03-19,9639,三協フロンテア,スタンダード（内国株式）,サービス業,2212,2241,2206,2212,-2,-0.090334,4900,OK
2026-03-19,9640,セゾンテクノロジー,スタンダード（内国株式）,情報･通信業,2394,2394,2352,2364,-31,-1.294363,1400,OK
2026-03-19,9644,タナベコンサルティンググループ,プライム（内国株式）,サービス業,717,719,711,711,-13,-1.79558,27900,OK
2026-03-19,9647,協和コンサルタンツ,スタンダード（内国株式）,サービス業,7900,7950,7710,7710,-340,-4.223602,1000,OK
2026-03-19,9651,日本プロセス,スタンダード（内国株式）,情報･通信業,1800,1802,1795,1795,-10,-0.554017,2500,OK
2026-03-19,9656,グリーンランドリゾート,スタンダード（内国株式）,サービス業,607,608,604,608,0,0,3700,OK
2026-03-19,9658,ビジネスブレイン太田昭和,プライム（内国株式）,情報･通信業,2970,2970,2930,2930,-50,-1.677852,35900,OK
2026-03-19,9661,歌舞伎座,スタンダード（内国株式）,サービス業,4465,4470,4445,4450,-20,-0.447427,8900,OK
2026-03-19,9663,ナガワ,プライム（内国株式）,サービス業,6050,6110,6050,6100,20,0.328947,22800,OK
2026-03-19,9672,東京都競馬,プライム（内国株式）,サービス業,5630,5670,5570,5570,-160,-2.792321,62300,OK
2026-03-19,9678,カナモト,プライム（内国株式）,サービス業,4430,4440,4350,4360,-140,-3.111111,110600,OK
2026-03-19,9679,ホウライ,スタンダード（内国株式）,サービス業,2100,2114,2085,2114,14,0.666667,500,OK
2026-03-19,9682,ＤＴＳ,プライム（内国株式）,情報･通信業,1072,1080,1064,1064,-22,-2.025783,428300,OK
2026-03-19,9684,スクウェア・エニックス・ホールディングス,プライム（内国株式）,情報･通信業,2556.5,2585.5,2543,2543,-63.5,-2.436217,1711100,OK
2026-03-19,9685,ＫＹＣＯＭホールディングス,スタンダード（内国株式）,情報･通信業,,,,,,,,NO_QUOTE
2026-03-19,9686,東洋テック,スタンダード（内国株式）,サービス業,1667,1683,1656,1668,-9,-0.536673,7700,OK
2026-03-19,9687,ＫＳＫ,スタンダード（内国株式）,情報･通信業,4450,4450,4385,4400,-95,-2.113459,4500,OK
2026-03-19,9691,両毛システムズ,スタンダード（内国株式）,情報･通信業,3830,3830,3645,3685,-150,-3.911343,4300,OK
2026-03-19,9692,シーイーシー,プライム（内国株式）,情報･通信業,1980,1992,1965,1965,-39,-1.946108,152600,OK
2026-03-19,9697,カプコン,プライム（内国株式）,情報･通信業,3514,3588,3508,3537,-47,-1.311384,2519700,OK
2026-03-19,9698,クレオ,スタンダード（内国株式）,情報･通信業,1214,1222,1214,1216,-2,-0.164204,3800,OK
2026-03-19,9699,ニシオホールディングス,プライム（内国株式）,サービス業,4385,4385,4340,4360,-70,-1.580135,52700,OK
2026-03-19,9701,東京會舘,スタンダード（内国株式）,サービス業,4685,4695,4625,4695,10,0.213447,2500,OK
2026-03-19,9702,アイ・エス・ビー,プライム（内国株式）,情報･通信業,2018,2035,1996,1996,-44,-2.156863,36500,OK
2026-03-19,9704,アゴーラ　ホスピタリティー　グループ,スタンダード（内国株式）,サービス業,43,43,42,42,-1,-2.325581,232800,OK
2026-03-19,9706,日本空港ビルデング,プライム（内国株式）,不動産業,4973,5000,4928,4964,-109,-2.14863,383200,OK
2026-03-19,9708,帝国ホテル,スタンダード（内国株式）,サービス業,1521,1524,1495,1505,-16,-1.05194,91500,OK
2026-03-19,9709,ＮＣＳ＆Ａ,スタンダード（内国株式）,情報･通信業,1715,1719,1695,1705,-35,-2.011494,9800,OK
2026-03-19,9713,ロイヤルホテル,スタンダード（内国株式）,サービス業,964,964,953,954,-13,-1.344364,10400,OK
2026-03-19,9715,トランス・コスモス,プライム（内国株式）,サービス業,3920,3985,3910,3945,10,0.25413,264100,OK
2026-03-19,9716,乃村工藝社,プライム（内国株式）,サービス業,1331,1334,1322,1323,-31,-2.289513,265600,OK
2026-03-19,9720,ホテル、ニューグランド,スタンダード（内国株式）,サービス業,5600,5600,5500,5500,-60,-1.079137,200,OK
2026-03-19,9722,藤田観光,プライム（内国株式）,サービス業,2066,2066,1977,1977,-133,-6.303318,374900,OK
2026-03-19,9723,京都ホテル,スタンダード（内国株式）,サービス業,690,690,685,685,-4,-0.580552,4800,OK
2026-03-19,9726,ＫＮＴ−ＣＴホールディングス,スタンダード（内国株式）,サービス業,1647,1729,1638,1707,48,2.893309,85500,OK
2026-03-19,9729,トーカイ,プライム（内国株式）,サービス業,2504,2510,2471,2506,-32,-1.260835,112400,OK
2026-03-19,9731,白洋舎,スタンダード（内国株式）,サービス業,3660,3660,3585,3585,-95,-2.581522,5200,OK
2026-03-19,9733,ナガセ,スタンダード（内国株式）,サービス業,2800,2805,2750,2770,-27,-0.96532,104500,OK
2026-03-19,9735,セコム,プライム（内国株式）,サービス業,6032,6082,5977,5977,-155,-2.527723,1531200,OK
2026-03-19,9739,ＮＳＷ,プライム（内国株式）,情報･通信業,2393,2403,2356,2356,-54,-2.240664,17100,OK
2026-03-19,9740,セントラル警備保障,プライム（内国株式）,サービス業,3010,3075,3000,3075,20,0.654664,28900,OK
2026-03-19,9742,アイネス,プライム（内国株式）,情報･通信業,2201,2266,2201,2226,11,0.496614,101900,OK
2026-03-19,9743,丹青社,プライム（内国株式）,サービス業,1520,1532,1496,1504,-35,-2.274204,500900,OK
2026-03-19,9744,メイテックグループホールディングス,プライム（内国株式）,サービス業,3312,3342,3312,3320,-39,-1.16106,396300,OK
2026-03-19,9746,ＴＫＣ,プライム（内国株式）,情報･通信業,3645,3690,3620,3625,-65,-1.761518,136300,OK
2026-03-19,9753,アイエックス・ナレッジ,スタンダード（内国株式）,情報･通信業,1410,1412,1397,1407,-5,-0.354108,17600,OK
2026-03-19,9755,応用地質,プライム（内国株式）,サービス業,2917,2971,2904,2912,-43,-1.455161,68700,OK
2026-03-19,9757,船井総研ホールディングス,プライム（内国株式）,サービス業,1115,1126,1109,1110,-17,-1.508429,777400,OK
2026-03-19,9759,ＮＳＤ,プライム（内国株式）,情報･通信業,2820.5,2851,2791,2791,-57.5,-2.018606,293700,OK
2026-03-19,9760,進学会ホールディングス,スタンダード（内国株式）,サービス業,160,160,158,158,-1,-0.628931,12600,OK
2026-03-19,9761,東海リース,スタンダード（内国株式）,サービス業,2622,2656,2613,2638,-34,-1.272455,8700,OK
2026-03-19,9763,丸建リース,スタンダード（内国株式）,卸売業,4650,4700,4590,4610,-130,-2.742616,9100,OK
2026-03-19,9765,オオバ,プライム（内国株式）,サービス業,1207,1207,1188,1189,-23,-1.89769,12700,OK
2026-03-19,9766,コナミグループ,プライム（内国株式）,情報･通信業,20025,20435,19990,20215,-310,-1.510353,648600,OK
2026-03-19,9767,日建工学,スタンダード（内国株式）,サービス業,2050,2050,1870,1890,-121,-6.016907,3400,OK
2026-03-19,9768,いであ,スタンダード（内国株式）,サービス業,4055,4105,3990,4015,-160,-3.832335,38100,OK
2026-03-19,9769,学究社,プライム（内国株式）,サービス業,2397,2397,2375,2375,-31,-1.288446,12600,OK
2026-03-19,9778,昴,スタンダード（内国株式）,サービス業,5480,5480,5420,5430,-60,-1.092896,800,OK
2026-03-19,9780,ハリマビステム,スタンダード（内国株式）,サービス業,969,969,955,955,-15,-1.546392,5300,OK
2026-03-19,9782,ディーエムエス,スタンダード（内国株式）,サービス業,3670,3695,3580,3580,-110,-2.98103,42200,OK
2026-03-19,9788,ナック,プライム（内国株式）,サービス業,540,541,538,538,-2,-0.37037,61800,OK
2026-03-19,9790,福井コンピュータホールディングス,プライム（内国株式）,情報･通信業,3345,3400,3345,3365,-50,-1.464129,48100,OK
2026-03-19,9791,ビケンテクノ,スタンダード（内国株式）,サービス業,1379,1379,1362,1367,-30,-2.147459,4900,OK
2026-03-19,9793,ダイセキ,プライム（内国株式）,サービス業,3970,4010,3905,3920,-65,-1.631117,220100,OK
2026-03-19,9795,ステップ,プライム（内国株式）,サービス業,2503,2503,2462,2462,-52,-2.068417,15500,OK
2026-03-19,9799,旭情報サービス,スタンダード（内国株式）,情報･通信業,1108,1130,1107,1116,8,0.722022,6800,OK
2026-03-19,9812,テーオーホールディングス,スタンダード（内国株式）,卸売業,266,267,265,265,-3,-1.119403,3500,OK
2026-03-19,9816,ストライダーズ,スタンダード（内国株式）,不動産業,329,331,323,324,-2,-0.613497,10400,OK
2026-03-19,9818,大丸エナウィン,スタンダード（内国株式）,卸売業,1849,1892,1828,1892,33,1.775148,400,OK
2026-03-19,9820,エムティジェネックス,スタンダード（内国株式）,不動産業,3540,3560,3540,3560,30,0.849858,300,OK
2026-03-19,9823,マミーマートホールディングス,スタンダード（内国株式）,小売業,1378,1405,1374,1378,-30,-2.130682,478200,OK
2026-03-19,9824,泉州電業,プライム（内国株式）,卸売業,6300,6300,6110,6110,-250,-3.930818,52000,OK
2026-03-19,9827,リリカラ,スタンダード（内国株式）,卸売業,655,658,648,648,-12,-1.818182,30300,OK
2026-03-19,9828,Ｇｅｎｋｉ　Ｇｌｏｂａｌ　Ｄｉｎｉｎｇ　Ｃｏｎｃｅｐｔｓ,スタンダード（内国株式）,小売業,2978,2978,2916,2916,-65,-2.180476,69100,OK
2026-03-19,9830,トラスコ中山,プライム（内国株式）,卸売業,2300,2343,2298,2298,-47,-2.004264,217500,OK
2026-03-19,9831,ヤマダホールディングス,プライム（内国株式）,小売業,542.9,544.8,539,539.6,-7.2,-1.316752,5888900,OK
2026-03-19,9832,オートバックスセブン,プライム（内国株式）,卸売業,1592,1592,1563,1563,-43,-2.67746,495200,OK
2026-03-19,9835,ジュンテンドー,スタンダード（内国株式）,小売業,505,513,504,509,1,0.19685,2500,OK
2026-03-19,9837,モリト,プライム（内国株式）,卸売業,1938,1938,1906,1908,-59,-2.999492,56900,OK
2026-03-19,9842,アークランズ,プライム（内国株式）,小売業,1799,1805,1784,1787,-31,-1.705171,220400,OK
2026-03-19,9843,ニトリホールディングス,プライム（内国株式）,小売業,2758,2777,2684,2684,-158.5,-5.576077,3404200,OK
2026-03-19,9845,パーカーコーポレーション,スタンダード（内国株式）,化学,1646,1649,1609,1609,-53,-3.188929,22700,OK
2026-03-19,9846,天満屋ストア,スタンダード（内国株式）,小売業,963,963,956,958,-6,-0.622407,7200,OK
2026-03-19,9849,共同紙販ホールディングス,スタンダード（内国株式）,卸売業,4635,4650,4615,4650,20,0.431965,700,OK
2026-03-19,9850,グルメ杵屋,プライム（内国株式）,小売業,995,995,985,985,-6,-0.605449,49600,OK
2026-03-19,9853,銀座ルノアール,スタンダード（内国株式）,小売業,947,949,946,947,-1,-0.105485,2100,OK
2026-03-19,9854,愛眼,スタンダード（内国株式）,小売業,270,298,270,280,13,4.868914,600900,OK
2026-03-19,9856,ケーユーホールディングス,スタンダード（内国株式）,小売業,1240,1240,1214,1214,-38,-3.035144,47700,OK
2026-03-19,9857,英和,スタンダード（内国株式）,卸売業,2700,2726,2688,2688,-54,-1.969365,3900,OK
2026-03-19,9861,吉野家ホールディングス,プライム（内国株式）,小売業,3240,3279,3196,3196,-63,-1.933108,453400,OK
2026-03-19,9867,ソレキア,スタンダード（内国株式）,卸売業,11570,11570,10610,10610,-960,-8.297321,2700,OK
2026-03-19,9869,加藤産業,プライム（内国株式）,卸売業,6450,6480,6420,6430,-110,-1.681957,72600,OK
2026-03-19,9872,北恵,スタンダード（内国株式）,卸売業,885,909,885,899,1,0.111359,2700,OK
2026-03-19,9876,コックス,スタンダード（内国株式）,小売業,253,254,244,252,-2,-0.787402,73700,OK
2026-03-19,9878,セキド,スタンダード（内国株式）,小売業,501,504,498,504,0,0,44500,OK
2026-03-19,9880,イノテック,プライム（内国株式）,電気機器,2580,2588,2516,2532,-128,-4.81203,145700,OK
2026-03-19,9882,イエローハット,プライム（内国株式）,卸売業,1589,1589,1542,1542,-56,-3.50438,275600,OK
2026-03-19,9885,シャルレ,スタンダード（内国株式）,卸売業,353,353,349,349,-4,-1.133144,9300,OK
2026-03-19,9887,松屋フーズホールディングス,プライム（内国株式）,小売業,5700,5700,5580,5580,-140,-2.447552,81400,OK
2026-03-19,9888,ＵＥＸ,スタンダード（内国株式）,卸売業,890,890,800,805,-89,-9.955257,73800,OK
2026-03-19,9889,ＪＢＣＣホールディングス,プライム（内国株式）,情報･通信業,1307,1309,1275,1275,-56,-4.207363,225100,OK
2026-03-19,9890,マキヤ,スタンダード（内国株式）,小売業,1247,1251,1239,1242,-4,-0.321027,3900,OK
2026-03-19,9895,コンセック,スタンダード（内国株式）,卸売業,1314,1314,1307,1314,0,0,500,OK
2026-03-19,9896,ＪＫホールディングス,スタンダード（内国株式）,卸売業,1501,1512,1480,1480,-40,-2.631579,23700,OK
2026-03-19,9900,サガミホールディングス,プライム（内国株式）,小売業,1796,1796,1782,1791,-17,-0.940265,153900,OK
2026-03-19,9902,日伝,プライム（内国株式）,卸売業,2424,2430,2412,2413,-21,-0.862777,62700,OK
2026-03-19,9903,カンセキ,スタンダード（内国株式）,小売業,855,868,853,861,3,0.34965,1400,OK
2026-03-19,9904,ベリテ,スタンダード（内国株式）,小売業,411,412,406,410,-3,-0.726392,18400,OK
2026-03-19,9906,藤井産業,スタンダード（内国株式）,卸売業,4130,4130,4035,4075,-125,-2.97619,3600,OK
2026-03-19,9908,日本電計,スタンダード（内国株式）,卸売業,2529,2544,2482,2482,-97,-3.761148,14400,OK
2026-03-19,9913,日邦産業,スタンダード（内国株式）,卸売業,3875,3875,3750,3785,-55,-1.432292,2900,OK
2026-03-19,9914,植松商会,スタンダード（内国株式）,卸売業,1096,1096,1065,1065,-32,-2.917046,3300,OK
2026-03-19,9927,ワットマン,スタンダード（内国株式）,小売業,970,971,969,970,-1,-0.102987,39600,OK
2026-03-19,9928,ミロク情報サービス,プライム（内国株式）,情報･通信業,1738,1753,1722,1723,-38,-2.157865,37700,OK
2026-03-19,9929,平和紙業,スタンダード（内国株式）,卸売業,480,480,470,470,-6,-1.260504,8300,OK
2026-03-19,9930,北沢産業,スタンダード（内国株式）,卸売業,354,357,351,351,-3,-0.847458,1700,OK
2026-03-19,9932,杉本商事,プライム（内国株式）,卸売業,1311,1313,1288,1288,-43,-3.230654,50900,OK
2026-03-19,9934,因幡電機産業,プライム（内国株式）,卸売業,2627.5,2646.5,2600,2618,-59.5,-2.222222,522100,OK
2026-03-19,9936,王将フードサービス,プライム（内国株式）,小売業,3125,3145,3100,3100,-55,-1.743265,334200,OK
2026-03-19,9941,太洋物産,スタンダード（内国株式）,卸売業,803,829,796,811,-18,-2.171291,8100,OK
2026-03-19,9946,ミニストップ,プライム（内国株式）,小売業,1805,1813,1777,1785,-25,-1.381215,66100,OK
2026-03-19,9948,アークス,プライム（内国株式）,小売業,3700,3730,3690,3695,-50,-1.335113,159100,OK
2026-03-19,9950,ハチバン,スタンダード（内国株式）,小売業,3370,3390,3365,3375,0,0,5700,OK
2026-03-19,9955,ヨンキュウ,スタンダード（内国株式）,卸売業,3050,3070,3045,3070,15,0.490998,1600,OK
2026-03-19,9956,バローホールディングス,プライム（内国株式）,小売業,3630,3660,3605,3605,-70,-1.904762,225600,OK
2026-03-19,9959,アシードホールディングス,スタンダード（内国株式）,小売業,1265,1459,1149,1149,-101,-8.08,199300,OK
2026-03-19,9960,東テク,プライム（内国株式）,卸売業,4065,4095,3980,3980,-200,-4.784689,49700,OK
2026-03-19,9962,ミスミグループ本社,プライム（内国株式）,卸売業,2836.5,2871.5,2786.5,2786.5,-171.5,-5.797836,1694600,OK
2026-03-19,9969,ショクブン,スタンダード（内国株式）,小売業,263,266,263,265,0,0,18600,OK
2026-03-19,9972,アルテック,スタンダード（内国株式）,卸売業,276,276,274,274,-2,-0.724638,4000,OK
2026-03-19,9973,ＫＯＺＯホールディングス,スタンダード（内国株式）,小売業,26,26,25,25,-1,-3.846154,287300,OK
2026-03-19,9974,ベルク,プライム（内国株式）,小売業,7580,7580,7390,7390,-220,-2.890933,23900,OK
2026-03-19,9976,セキチュー,スタンダード（内国株式）,小売業,1075,1081,1075,1079,1,0.092764,4700,OK
2026-03-19,9978,文教堂グループホールディングス,スタンダード（内国株式）,小売業,49,49,48,48,0,0,50200,OK
2026-03-19,9979,大庄,スタンダード（内国株式）,小売業,1111,1119,1064,1064,-50,-4.48833,114200,OK
2026-03-19,9980,ＭＲＫホールディングス,スタンダード（内国株式）,小売業,111,112,108,108,-6,-5.263158,518100,OK
2026-03-19,9982,タキヒヨー,スタンダード（内国株式）,卸売業,2248,2267,2231,2249,-13,-0.574713,10400,OK
2026-03-19,9983,ファーストリテイリング,プライム（内国株式）,小売業,63850,64350,63120,63430,-2420,-3.675019,1242100,OK
2026-03-19,9984,ソフトバンクグループ,プライム（内国株式）,情報･通信業,3623,3647,3539,3558,-192,-5.12,35935700,OK
2026-03-19,9986,蔵王産業,スタンダード（内国株式）,卸売業,2648,2660,2640,2660,12,0.453172,2600,OK
2026-03-19,9987,スズケン,プライム（内国株式）,卸売業,5850,5906,5830,5830,-80,-1.353638,420800,OK
2026-03-19,9989,サンドラッグ,プライム（内国株式）,小売業,4002,4035,3918,3918,-104,-2.585778,537000,OK
2026-03-19,9990,サックスバー　ホールディングス,プライム（内国株式）,小売業,829,830,823,827,-3,-0.361446,109400,OK
2026-03-19,9991,ジェコス,プライム（内国株式）,卸売業,1839,1879,1808,1879,14,0.75067,114600,OK
2026-03-19,9993,ヤマザワ,スタンダード（内国株式）,小売業,1155,1160,1153,1158,0,0,2500,OK
2026-03-19,9994,やまや,スタンダード（内国株式）,小売業,2296,2311,2271,2271,-29,-1.26087,18300,OK
2026-03-19,9996,サトー商会,スタンダード（内国株式）,卸売業,2420,2423,2373,2400,-25,-1.030928,900,OK
2026-03-19,9997,ベルーナ,プライム（内国株式）,小売業,919,920,898,898,-27,-2.918919,557700,OK
