日付,銘柄コード,銘柄名,市場・商品区分,33業種区分,始値,高値,安値,終値,前日比,前日比％,売買高(株),取得状態
2026-03-02,1301,極洋,プライム（内国株式）,水産・農林業,5390,5440,5350,5410,-30,-0.551471,41700,OK
2026-03-02,130A,Ｖｅｒｉｔａｓ　Ｉｎ　Ｓｉｌｉｃｏ,グロース（内国株式）,医薬品,486,493,482,489,-5,-1.012146,39200,OK
2026-03-02,131A,ＣＣＮグループ,TOKYO PRO MARKET（内国株式）,情報･通信業,,,,,,,,NO_QUOTE
2026-03-02,132A,アイエヌホールディングス,TOKYO PRO MARKET（内国株式）,陸運業,,,,,,,,NO_QUOTE
2026-03-02,1332,ニッスイ,プライム（内国株式）,水産・農林業,1527.5,1570,1515.5,1560,11,0.710136,1464400,OK
2026-03-02,1333,マルハニチロ,プライム（内国株式）,水産・農林業,1569,1580,1547,1579.5,-6,-0.37843,814300,OK
2026-03-02,134A,アプライズ,TOKYO PRO MARKET（内国株式）,サービス業,,,,,,,,NO_QUOTE
2026-03-02,135A,ＶＲＡＩＮ　Ｓｏｌｕｔｉｏｎ,グロース（内国株式）,情報･通信業,2378,2472,2373,2450,-125,-4.854369,106100,OK
2026-03-02,136A,三興商事,TOKYO PRO MARKET（内国株式）,建設業,,,,,,,,NO_QUOTE
2026-03-02,1375,ユキグニファクトリー,プライム（内国株式）,水産・農林業,1098,1099,1090,1090,-12,-1.088929,60300,OK
2026-03-02,1376,カネコ種苗,スタンダード（内国株式）,水産・農林業,1520,1522,1501,1508,-23,-1.502286,17800,OK
2026-03-02,1377,サカタのタネ,プライム（内国株式）,水産・農林業,4360,4410,4310,4385,-25,-0.566893,89000,OK
2026-03-02,1379,ホクト,プライム（内国株式）,水産・農林業,1990,2005,1976,1995,-17,-0.84493,128300,OK
2026-03-02,137A,Ｃｏｃｏｌｉｖｅ,グロース（内国株式）,情報･通信業,723,723,706,706,-17,-2.351314,4500,OK
2026-03-02,1380,秋川牧園,スタンダード（内国株式）,水産・農林業,1063,1073,1063,1065,2,0.188147,5400,OK
2026-03-02,1381,アクシーズ,スタンダード（内国株式）,水産・農林業,3980,4035,3935,3935,-45,-1.130653,4900,OK
2026-03-02,1382,ホーブ,スタンダード（内国株式）,水産・農林業,1859,1860,1839,1860,-2,-0.107411,3400,OK
2026-03-02,1383,ベルグアース,スタンダード（内国株式）,水産・農林業,3285,3290,3275,3290,5,0.152207,6400,OK
2026-03-02,1384,ホクリヨウ,スタンダード（内国株式）,水産・農林業,3095,3145,3065,3080,-130,-4.049844,61100,OK
2026-03-02,138A,光フードサービス,グロース（内国株式）,小売業,2900,2900,2849,2894,-8,-0.275672,1700,OK
2026-03-02,139A,東日本地所,TOKYO PRO MARKET（内国株式）,不動産業,,,,,,,,NO_QUOTE
2026-03-02,1401,エムビーエス,グロース（内国株式）,建設業,1511,1523,1501,1503,-27,-1.764706,5700,OK
2026-03-02,1407,ウエストホールディングス,スタンダード（内国株式）,建設業,1731,1763,1710,1761,22,1.265095,450500,OK
2026-03-02,1414,ショーボンドホールディングス,プライム（内国株式）,建設業,1450,1454,1430,1449,-21,-1.428571,1033200,OK
2026-03-02,1417,ミライト・ワン,プライム（内国株式）,建設業,3890,3998,3878,3997,-65,-1.600197,236400,OK
2026-03-02,1418,インターライフホールディングス,スタンダード（内国株式）,建設業,557,562,553,556,-5,-0.891266,189700,OK
2026-03-02,1419,タマホーム,プライム（内国株式）,建設業,3980,4000,3945,3985,-15,-0.375,101600,OK
2026-03-02,141A,トライアルホールディングス,グロース（内国株式）,小売業,4595,4715,4480,4505,-195,-4.148936,1167700,OK
2026-03-02,1420,サンヨーホームズ,スタンダード（内国株式）,建設業,728,728,719,724,-7,-0.957592,53000,OK
2026-03-02,1429,日本アクア,プライム（内国株式）,建設業,839,839,824,829,-16,-1.893491,155500,OK
2026-03-02,142A,ジンジブ,グロース（内国株式）,サービス業,547,547,536,540,2,0.371747,10300,OK
2026-03-02,1430,ファーストコーポレーション,スタンダード（内国株式）,建設業,1148,1149,1107,1121,-27,-2.351916,33400,OK
2026-03-02,1431,Ｌｉｂ　Ｗｏｒｋ,グロース（内国株式）,建設業,664,675,659,665,-7,-1.041667,23200,OK
2026-03-02,1432,動力,TOKYO PRO MARKET（内国株式）,建設業,,,,,,,,NO_QUOTE
2026-03-02,1433,ベステラ,プライム（内国株式）,建設業,1318,1341,1301,1341,-13,-0.960118,131000,OK
2026-03-02,1434,ＪＥＳＣＯホールディングス,スタンダード（内国株式）,建設業,2121,2146,2052,2120,-51,-2.349148,87400,OK
2026-03-02,1435,ｒｏｂｏｔ　ｈｏｍｅ,スタンダード（内国株式）,不動産業,206,208,199,200,-12,-5.660377,1377500,OK
2026-03-02,1436,グリーンエナジー＆カンパニー,グロース（内国株式）,建設業,2904,3195,2904,3175,192,6.436473,31900,OK
2026-03-02,1438,岐阜造園,スタンダード（内国株式）,建設業,1880,1880,1850,1861,-22,-1.168348,3000,OK
2026-03-02,143A,イシン,グロース（内国株式）,サービス業,804,811,804,810,-2,-0.246305,900,OK
2026-03-02,1443,技研ホールディングス,スタンダード（内国株式）,建設業,337,346,331,336,-9,-2.608696,258800,OK
2026-03-02,1444,ニッソウ,グロース（内国株式）,建設業,2698,2745,2698,2740,42,1.556709,800,OK
2026-03-02,1445,ひかりホールディングス,TOKYO PRO MARKET（内国株式）,建設業,,,,,,,,NO_QUOTE
2026-03-02,1446,キャンディル,スタンダード（内国株式）,建設業,591,591,585,589,-3,-0.506757,36100,OK
2026-03-02,1447,ＳＡＡＦホールディングス,グロース（内国株式）,建設業,408,422,406,416,8,1.960784,181600,OK
2026-03-02,144A,エネルギーパワー,TOKYO PRO MARKET（内国株式）,建設業,,,,,,,,NO_QUOTE
2026-03-02,1450,ＴＡＮＡＫＥＮ,スタンダード（内国株式）,建設業,1630,1630,1609,1625,16,0.994406,2500,OK
2026-03-02,1452,横浜ライト工業,TOKYO PRO MARKET（内国株式）,建設業,,,,,,,,NO_QUOTE
2026-03-02,145A,Ｌ　ｉｓ　Ｂ,グロース（内国株式）,情報･通信業,851,855,821,841,-11,-1.29108,13100,OK
2026-03-02,146A,コロンビア・ワークス,スタンダード（内国株式）,不動産業,4220,4235,4075,4160,-145,-3.368177,113000,OK
2026-03-02,147A,ソラコム,グロース（内国株式）,情報･通信業,993,1000,976,982,-34,-3.346457,126600,OK
2026-03-02,148A,ハッチ・ワーク,グロース（内国株式）,情報･通信業,1890,1899,1870,1870,-37,-1.94022,4600,OK
2026-03-02,1491,中外鉱業,スタンダード（内国株式）,非鉄金属,1185,1229,1152,1167,-14,-1.185436,245200,OK
2026-03-02,149A,シンカ,グロース（内国株式）,情報･通信業,720,720,706,709,-14,-1.936376,4500,OK
2026-03-02,150A,ＪＳＨ,グロース（内国株式）,サービス業,407,407,400,400,-2,-0.497512,3800,OK
2026-03-02,1514,住石ホールディングス,スタンダード（内国株式）,鉱業,1005,1019,915,972,50,5.422993,4232000,OK
2026-03-02,1515,日鉄鉱業,プライム（内国株式）,鉱業,4180,4320,4115,4235,50,1.194743,2021800,OK
2026-03-02,1518,三井松島ホールディングス,プライム（内国株式）,その他製品,1500,1521,1475,1506,-6,-0.396825,255800,OK
2026-03-02,151A,ダイブ,グロース（内国株式）,サービス業,677,677,666,669,-17,-2.478134,14500,OK
2026-03-02,152A,オプティ,TOKYO PRO MARKET（内国株式）,卸売業,,,,,,,,NO_QUOTE
2026-03-02,153A,カウリス,グロース（内国株式）,情報･通信業,1110,1110,1061,1068,-72,-6.315789,77900,OK
2026-03-02,154A,ＧＡＩＡ,TOKYO PRO MARKET（内国株式）,その他金融業,,,,,,,,NO_QUOTE
2026-03-02,155A,情報戦略テクノロジー,グロース（内国株式）,情報･通信業,887,923,882,908,-9,-0.981461,114600,OK
2026-03-02,156A,マテリアルグループ,グロース（内国株式）,サービス業,903,930,892,910,2,0.220264,90500,OK
2026-03-02,157A,グリーンモンスター,グロース（内国株式）,サービス業,1099,1101,1021,1086,-21,-1.897019,140900,OK
2026-03-02,158A,エクセリ,TOKYO PRO MARKET（内国株式）,小売業,,,,,,,,NO_QUOTE
2026-03-02,1605,ＩＮＰＥＸ,プライム（内国株式）,鉱業,4200,4210,3923,4031,231,6.078947,20546300,OK
2026-03-02,160A,アズパートナーズ,スタンダード（内国株式）,サービス業,2436,2465,2410,2422,-52,-2.101859,17900,OK
2026-03-02,161A,三葉,TOKYO PRO MARKET（内国株式）,サービス業,,,,,,,,NO_QUOTE
2026-03-02,164A,アップルパーク,TOKYO PRO MARKET（内国株式）,不動産業,,,,,,,,NO_QUOTE
2026-03-02,1662,石油資源開発,プライム（内国株式）,鉱業,2635,2717,2543,2669,284,11.907757,11199400,OK
2026-03-02,1663,Ｋ＆Ｏエナジーグループ,プライム（内国株式）,鉱業,5400,5600,5350,5400,80,1.503759,278100,OK
2026-03-02,166A,タスキホールディングス,グロース（内国株式）,不動産業,900,933,900,916,-18,-1.927195,589000,OK
2026-03-02,167A,リョーサン菱洋ホールディングス,プライム（内国株式）,卸売業,3400,3450,3360,3450,0,0,254700,OK
2026-03-02,168A,イタミアート,グロース（内国株式）,その他製品,1372,1373,1293,1327,-25,-1.849112,24400,OK
2026-03-02,1711,ＳＤＳホールディングス,スタンダード（内国株式）,建設業,299,313,291,300,-4,-1.315789,313000,OK
2026-03-02,1716,第一カッター興業,スタンダード（内国株式）,建設業,1608,1621,1598,1610,-11,-0.678593,21800,OK
2026-03-02,1717,明豊ファシリティワークス,スタンダード（内国株式）,サービス業,1088,1103,1083,1089,-14,-1.269266,38300,OK
2026-03-02,1718,美樹工業,スタンダード（内国株式）,建設業,8280,8330,8250,8270,-100,-1.194743,4400,OK
2026-03-02,1719,安藤・間,プライム（内国株式）,建設業,2086,2104,2043.5,2098.5,-42.5,-1.985054,1195700,OK
2026-03-02,171A,ゼロジャパン,TOKYO PRO MARKET（内国株式）,卸売業,,,,,,,,NO_QUOTE
2026-03-02,1720,東急建設,プライム（内国株式）,建設業,1600,1654,1572,1654,56,3.50438,747000,OK
2026-03-02,1721,コムシスホールディングス,プライム（内国株式）,建設業,5633,5699,5542,5656,-106,-1.839639,511900,OK
2026-03-02,1723,日本電技,スタンダード（内国株式）,建設業,12140,12340,11910,12190,0,0,75800,OK
2026-03-02,1724,シンクレイヤ,スタンダード（内国株式）,建設業,743,743,730,743,-1,-0.134409,4300,OK
2026-03-02,1726,ビーアールホールディングス,プライム（内国株式）,建設業,529,530,529,530,1,0.189036,245600,OK
2026-03-02,172A,ネオホーム,TOKYO PRO MARKET（内国株式）,不動産業,,,,,,,,NO_QUOTE
2026-03-02,1736,オーテック,スタンダード（内国株式）,建設業,2538,2580,2512,2580,41,1.614809,7600,OK
2026-03-02,173A,ハンモック,グロース（内国株式）,情報･通信業,1446,1454,1437,1450,-1,-0.068918,4000,OK
2026-03-02,1758,太洋基礎工業,スタンダード（内国株式）,建設業,2660,2689,2660,2679,12,0.449944,2400,OK
2026-03-02,175A,Ｗｉｌｌ　Ｓｍａｒｔ,グロース（内国株式）,情報･通信業,792,793,781,783,-14,-1.756587,2400,OK
2026-03-02,1762,高松コンストラクショングループ,プライム（内国株式）,建設業,4085,4115,4020,4050,-175,-4.142012,103400,OK
2026-03-02,1764,工藤建設,スタンダード（内国株式）,建設業,3370,3370,3275,3355,-10,-0.297177,2000,OK
2026-03-02,1766,東建コーポレーション,プライム（内国株式）,建設業,14900,15120,14790,15070,40,0.266134,19200,OK
2026-03-02,1768,ソネック,スタンダード（内国株式）,建設業,1640,1679,1631,1631,-53,-3.147268,7000,OK
2026-03-02,1770,藤田エンジニアリング,スタンダード（内国株式）,建設業,1910,1950,1910,1950,36,1.880878,1600,OK
2026-03-02,1776,三井住建道路,スタンダード（内国株式）,建設業,1640,1680,1640,1680,-4,-0.23753,12100,OK
2026-03-02,177A,コージンバイオ,グロース（内国株式）,化学,1256,1270,1256,1262,16,1.284109,6500,OK
2026-03-02,1780,ヤマウラ,プライム（内国株式）,建設業,1670,1670,1648,1660,-19,-1.131626,74600,OK
2026-03-02,1783,ｆａｎｔａｓｉｓｔａ,スタンダード（内国株式）,不動産業,70,70,67,69,-1,-1.428571,1451800,OK
2026-03-02,1786,オリエンタル白石,プライム（内国株式）,建設業,427,427,420,421,-14,-3.218391,342800,OK
2026-03-02,1787,ナカボーテック,スタンダード（内国株式）,建設業,6350,6500,6300,6440,60,0.940439,4500,OK
2026-03-02,1788,三東工業社,スタンダード（内国株式）,建設業,5380,5400,5380,5400,40,0.746269,400,OK
2026-03-02,1793,大本組,スタンダード（内国株式）,建設業,2059,2150,2045,2076,17,0.825644,9900,OK
2026-03-02,1795,マサル,スタンダード（内国株式）,建設業,4615,4695,4615,4615,-70,-1.49413,1900,OK
2026-03-02,1798,守谷商会,スタンダード（内国株式）,建設業,7100,7160,6990,7080,-50,-0.701262,3400,OK
2026-03-02,1799,第一建設工業,スタンダード（内国株式）,建設業,4440,4440,4280,4325,-185,-4.101996,34900,OK
2026-03-02,1801,大成建設,プライム（内国株式）,建設業,19495,20545,19405,20390,50,0.245821,1040300,OK
2026-03-02,1802,大林組,プライム（内国株式）,建設業,4215,4354,4191,4304,-112,-2.536232,2864800,OK
2026-03-02,1803,清水建設,プライム（内国株式）,建設業,3388,3587,3357,3578,85,2.433438,3376300,OK
2026-03-02,1807,佐藤渡辺,スタンダード（内国株式）,建設業,2132,2132,2088,2091,-48,-2.244039,3700,OK
2026-03-02,1808,長谷工コーポレーション,プライム（内国株式）,建設業,3360,3374,3290,3359,-55,-1.611013,725800,OK
2026-03-02,1810,松井建設,スタンダード（内国株式）,建設業,1886,1924,1862,1910,-45,-2.30179,80000,OK
2026-03-02,1811,錢高組,スタンダード（内国株式）,建設業,9310,9460,9160,9410,-350,-3.586066,8600,OK
2026-03-02,1812,鹿島建設,プライム（内国株式）,建設業,6867,7014,6763,7014,-128,-1.792215,2132400,OK
2026-03-02,1813,不動テトラ,プライム（内国株式）,建設業,3915,3975,3845,3925,-60,-1.505646,87900,OK
2026-03-02,1814,大末建設,プライム（内国株式）,建設業,4390,4485,4270,4450,-10,-0.224215,98000,OK
2026-03-02,1815,鉄建建設,プライム（内国株式）,建設業,4850,4995,4810,4945,-145,-2.848723,152300,OK
2026-03-02,1820,西松建設,プライム（内国株式）,建設業,6750,6833,6639,6821,-50,-0.727696,158200,OK
2026-03-02,1822,大豊建設,スタンダード（内国株式）,建設業,880,907,873,906,11,1.22905,428600,OK
2026-03-02,1826,佐田建設,スタンダード（内国株式）,建設業,1265,1271,1252,1262,-20,-1.560062,32200,OK
2026-03-02,1827,ナカノフドー建設,スタンダード（内国株式）,建設業,1661,1661,1626,1631,-55,-3.262159,32800,OK
2026-03-02,1828,田辺工業,スタンダード（内国株式）,建設業,2871,2946,2850,2946,22,0.752394,7700,OK
2026-03-02,1833,奥村組,プライム（内国株式）,建設業,7070,7190,6970,7180,-130,-1.778386,123400,OK
2026-03-02,1835,東鉄工業,プライム（内国株式）,建設業,5640,5810,5610,5780,-40,-0.687285,131600,OK
2026-03-02,1840,土屋ホールディングス,スタンダード（内国株式）,建設業,252,256,246,249,-3,-1.190476,89400,OK
2026-03-02,1841,サンユー建設,スタンダード（内国株式）,建設業,1586,1587,1585,1585,-1,-0.063052,22300,OK
2026-03-02,1844,大盛工業,スタンダード（内国株式）,建設業,570,576,556,558,-27,-4.615385,286800,OK
2026-03-02,1847,イチケン,スタンダード（内国株式）,建設業,6560,6580,6410,6470,-140,-2.118003,22300,OK
2026-03-02,1848,富士ピー・エス,スタンダード（内国株式）,建設業,649,649,636,640,-10,-1.538462,15600,OK
2026-03-02,184A,学びエイド,グロース（内国株式）,情報･通信業,391,391,383,389,2,0.516796,900,OK
2026-03-02,1850,南海辰村建設,スタンダード（内国株式）,建設業,565,565,546,553,-22,-3.826087,121300,OK
2026-03-02,1852,淺沼組,プライム（内国株式）,建設業,1109,1135,1095,1133,-19,-1.649306,815800,OK
2026-03-02,1853,森組,スタンダード（内国株式）,建設業,352,352,344,346,-4,-1.142857,141300,OK
2026-03-02,185A,リサイクルテック・ジャパン,TOKYO PRO MARKET（内国株式）,サービス業,,,,,,,,NO_QUOTE
2026-03-02,1860,戸田建設,プライム（内国株式）,建設業,1572.5,1609.5,1553,1609.5,-21,-1.287948,944400,OK
2026-03-02,1861,熊谷組,プライム（内国株式）,建設業,1978,2004,1936,1990,-30,-1.485149,797200,OK
2026-03-02,1866,北野建設,スタンダード（内国株式）,建設業,1535,1539,1491,1505,-42,-2.714932,49700,OK
2026-03-02,1867,植木組,スタンダード（内国株式）,建設業,3200,3230,3160,3205,-40,-1.232666,22100,OK
2026-03-02,186A,アストロスケールホールディングス,グロース（内国株式）,サービス業,1008,1089,1002,1069,19,1.809524,5168700,OK
2026-03-02,1870,矢作建設工業,プライム（内国株式）,建設業,2482,2482,2422,2472,-58,-2.29249,192400,OK
2026-03-02,1871,ピーエス・コンストラクション,プライム（内国株式）,建設業,3440,3550,3300,3535,110,3.211679,210800,OK
2026-03-02,1873,日本ハウスホールディングス,プライム（内国株式）,建設業,326,327,323,323,-2,-0.615385,89800,OK
2026-03-02,1878,大東建託,プライム（内国株式）,不動産業,3559,3607,3556,3582,-18,-0.5,1385600,OK
2026-03-02,1879,新日本建設,プライム（内国株式）,建設業,2134,2148,2099,2136,-65,-2.953203,101800,OK
2026-03-02,1882,東亜道路工業,プライム（内国株式）,建設業,1929,1954,1903,1949,-3,-0.153689,426600,OK
2026-03-02,1885,東亜建設工業,プライム（内国株式）,建設業,4030,4200,3960,4155,-75,-1.77305,556500,OK
2026-03-02,1887,日本国土開発,プライム（内国株式）,建設業,679,688,664,679,-20,-2.86123,626800,OK
2026-03-02,1888,若築建設,プライム（内国株式）,建設業,4855,4900,4730,4830,-150,-3.012048,34500,OK
2026-03-02,1893,五洋建設,プライム（内国株式）,建設業,2033.5,2160,2032,2145.5,12,0.562456,2777300,OK
2026-03-02,1897,金下建設,スタンダード（内国株式）,建設業,3380,3500,3365,3395,85,2.567976,2500,OK
2026-03-02,1898,世紀東急工業,プライム（内国株式）,建設業,1700,1700,1681,1688,-36,-2.088167,223700,OK
2026-03-02,1899,福田組,プライム（内国株式）,建設業,7700,7950,7680,7850,0,0,83100,OK
2026-03-02,189A,Ｄ＆Ｍカンパニー,グロース（内国株式）,サービス業,960,960,952,952,-8,-0.833333,1900,OK
2026-03-02,1904,大成温調,スタンダード（内国株式）,建設業,5170,5250,5050,5240,60,1.158301,21200,OK
2026-03-02,1905,テノックス,スタンダード（内国株式）,建設業,1484,1484,1452,1482,-2,-0.134771,7500,OK
2026-03-02,1909,日本ドライケミカル,スタンダード（内国株式）,機械,12390,12710,12260,12630,80,0.63745,42000,OK
2026-03-02,190A,Ｃｈｏｒｄｉａ　Ｔｈｅｒａｐｅｕｔｉｃｓ,グロース（内国株式）,医薬品,172,179,150,153,-14,-8.383234,13790300,OK
2026-03-02,1911,住友林業,プライム（内国株式）,建設業,1649,1674.5,1642,1672.5,-22.5,-1.327434,3681700,OK
2026-03-02,1914,日本基礎技術,スタンダード（内国株式）,建設業,745,779,739,770,23,3.078983,73700,OK
2026-03-02,191A,ミモザ,TOKYO PRO MARKET（内国株式）,サービス業,,,,,,,,NO_QUOTE
2026-03-02,1921,巴コーポレーション,スタンダード（内国株式）,建設業,2050,2053,2010,2027,-45,-2.171815,44700,OK
2026-03-02,1925,大和ハウス工業,プライム（内国株式）,建設業,5543,5632,5526,5579,-64,-1.134149,1388300,OK
2026-03-02,1926,ライト工業,プライム（内国株式）,建設業,4250,4355,4225,4325,-30,-0.688863,213700,OK
2026-03-02,1928,積水ハウス,プライム（内国株式）,建設業,3760,3812,3725,3812,-14,-0.365917,2206500,OK
2026-03-02,1929,日特建設,プライム（内国株式）,建設業,1440,1447,1417,1435,-28,-1.913876,130100,OK
2026-03-02,192A,インテグループ,グロース（内国株式）,サービス業,1934,1945,1933,1935,-12,-0.616333,400,OK
2026-03-02,1930,北陸電気工事,プライム（内国株式）,建設業,1697,1799,1672,1798,52,2.978236,155100,OK
2026-03-02,1934,ユアテック,プライム（内国株式）,建設業,3050,3110,2991,3070,-165,-5.100464,288600,OK
2026-03-02,1938,日本リーテック,プライム（内国株式）,建設業,3145,3220,3140,3150,-65,-2.021773,93900,OK
2026-03-02,1939,四電工,プライム（内国株式）,建設業,2062,2080,2049,2070,-42,-1.988636,114700,OK
2026-03-02,1941,中電工,プライム（内国株式）,建設業,4965,5140,4945,5140,0,0,117200,OK
2026-03-02,1942,関電工,プライム（内国株式）,建設業,6712,6971,6711,6890,-96,-1.374177,1908500,OK
2026-03-02,1944,きんでん,プライム（内国株式）,建設業,8140,8415,8122,8391,-97,-1.14279,564100,OK
2026-03-02,1945,東京エネシス,プライム（内国株式）,建設業,1899,1918,1851,1903,-36,-1.856627,393200,OK
2026-03-02,1946,トーエネック,プライム（内国株式）,建設業,2330,2369,2271,2364,-33,-1.376721,259000,OK
2026-03-02,1948,弘電社,スタンダード（内国株式）,建設業,6780,6840,6600,6820,-90,-1.30246,24200,OK
2026-03-02,1949,住友電設,プライム（内国株式）,建設業,9710,9720,9700,9700,-10,-0.102987,71200,OK
2026-03-02,194A,ＷＯＬＶＥＳ　ＨＡＮＤ,グロース（内国株式）,サービス業,1737,1910,1733,1854,61,3.402119,36400,OK
2026-03-02,1950,日本電設工業,プライム（内国株式）,建設業,5190,5380,5130,5330,30,0.566038,186700,OK
2026-03-02,1951,エクシオグループ,プライム（内国株式）,建設業,2910.5,2962.5,2877,2959.5,-33.5,-1.119278,506400,OK
2026-03-02,1952,新日本空調,プライム（内国株式）,建設業,4165,4280,4100,4275,90,2.150538,210900,OK
2026-03-02,1959,クラフティア,プライム（内国株式）,建設業,10115,10435,10020,10415,-150,-1.419782,259200,OK
2026-03-02,195A,ＭＵＳＣＡＴ　ＧＲＯＵＰ,グロース（内国株式）,サービス業,1214,1322,1180,1298,-36,-2.698651,285400,OK
2026-03-02,1960,サンテック,スタンダード（内国株式）,建設業,1491,1512,1450,1490,-48,-3.120936,40100,OK
2026-03-02,1961,三機工業,プライム（内国株式）,建設業,7650,7860,7510,7820,-60,-0.761421,203000,OK
2026-03-02,1963,日揮ホールディングス,プライム（内国株式）,建設業,2450,2544,2428,2519.5,42.5,1.715785,2806500,OK
2026-03-02,1964,中外炉工業,プライム（内国株式）,建設業,4990,5070,4900,5020,-150,-2.901354,31200,OK
2026-03-02,1965,テクノ菱和,スタンダード（内国株式）,建設業,7520,7630,7380,7580,-160,-2.067183,105700,OK
2026-03-02,1966,高田工業所,スタンダード（内国株式）,建設業,1905,1911,1874,1911,-6,-0.312989,11700,OK
2026-03-02,1967,ヤマト,スタンダード（内国株式）,建設業,2497,2497,2424,2436,-87,-3.448276,26300,OK
2026-03-02,1968,太平電業,プライム（内国株式）,建設業,3100,3165,2996,3135,0,0,242900,OK
2026-03-02,1969,高砂熱学工業,プライム（内国株式）,建設業,5100,5291,5071,5269,29,0.553435,786700,OK
2026-03-02,196A,ＭＦＳ,グロース（内国株式）,その他金融業,280,285,273,275,-12,-4.181185,77800,OK
2026-03-02,1972,三晃金属工業,スタンダード（内国株式）,建設業,1481,1483,1448,1477,-16,-1.071668,99800,OK
2026-03-02,1975,朝日工業社,プライム（内国株式）,建設業,4710,4825,4590,4805,25,0.523013,90800,OK
2026-03-02,1976,明星工業,プライム（内国株式）,建設業,1981,2031,1960,2012,-19,-0.9355,90200,OK
2026-03-02,1979,大氣社,プライム（内国株式）,建設業,3810,3935,3790,3910,-15,-0.382166,204000,OK
2026-03-02,197A,タウンズ,スタンダード（内国株式）,医薬品,542,550,537,544,-4,-0.729927,404300,OK
2026-03-02,1980,ダイダン,プライム（内国株式）,建設業,3530,3675,3490,3625,-45,-1.226158,596800,OK
2026-03-02,1981,協和日成,スタンダード（内国株式）,建設業,1679,1679,1673,1673,-6,-0.357356,700,OK
2026-03-02,1982,日比谷総合設備,プライム（内国株式）,建設業,6330,6500,6300,6430,-100,-1.531394,53400,OK
2026-03-02,198A,ＰｏｓｔＰｒｉｍｅ,グロース（内国株式）,情報･通信業,242,244,226,227,-21,-8.467742,1129800,OK
2026-03-02,1992,神田通信機,スタンダード（内国株式）,建設業,2789,2800,2788,2800,7,0.250627,700,OK
2026-03-02,1994,高橋カーテンウォール工業,スタンダード（内国株式）,建設業,611,611,599,602,1,0.166389,14400,OK
2026-03-02,1997,暁飯島工業,スタンダード（内国株式）,建設業,4000,4110,3900,4010,-125,-3.022975,4700,OK
2026-03-02,199A,メディエア,TOKYO PRO MARKET（内国株式）,情報･通信業,,,,,,,,NO_QUOTE
2026-03-02,2001,ニップン,プライム（内国株式）,食料品,2853,2880,2840,2864,-3,-0.104639,240600,OK
2026-03-02,2002,日清製粉グループ本社,プライム（内国株式）,食料品,2170,2192,2158.5,2172,-12,-0.549451,938000,OK
2026-03-02,2003,日東富士製粉,スタンダード（内国株式）,食料品,7140,7180,7030,7130,-10,-0.140056,4700,OK
2026-03-02,2004,昭和産業,プライム（内国株式）,食料品,3415,3455,3395,3440,15,0.437956,115100,OK
2026-03-02,2009,鳥越製粉,スタンダード（内国株式）,食料品,1110,1110,1093,1098,-19,-1.700985,45800,OK
2026-03-02,202A,豆蔵,グロース（内国株式）,情報･通信業,3545,3550,3545,3545,0,0,151500,OK
2026-03-02,203A,シュンビン,TOKYO PRO MARKET（内国株式）,サービス業,,,,,,,,NO_QUOTE
2026-03-02,204A,タイヨーパッケージ,TOKYO PRO MARKET（内国株式）,パルプ・紙,,,,,,,,NO_QUOTE
2026-03-02,2053,中部飼料,プライム（内国株式）,食料品,1947,1980,1906,1971,-16,-0.805234,81900,OK
2026-03-02,2055,日和産業,スタンダード（内国株式）,食料品,410,415,401,415,6,1.466993,28700,OK
2026-03-02,205A,ロゴスホールディングス,グロース（内国株式）,建設業,1710,1728,1688,1691,-19,-1.111111,7400,OK
2026-03-02,2060,フィード・ワン,プライム（内国株式）,食料品,1308,1333,1300,1317,-16,-1.2003,130200,OK
2026-03-02,206A,ＰＲＩＳＭ　ＢｉｏＬａｂ,グロース（内国株式）,医薬品,213,215,203,207,-13,-5.909091,484800,OK
2026-03-02,207A,ライジングコーポレーション,TOKYO PRO MARKET（内国株式）,建設業,,,,,,,,NO_QUOTE
2026-03-02,208A,構造計画研究所ホールディングス,スタンダード（内国株式）,情報･通信業,3110,3130,3090,3125,15,0.482315,15200,OK
2026-03-02,209A,小野谷機工,TOKYO PRO MARKET（内国株式）,機械,,,,,,,,NO_QUOTE
2026-03-02,2108,日本甜菜製糖,プライム（内国株式）,食料品,4450,4535,4420,4430,-90,-1.99115,26400,OK
2026-03-02,2109,ＤＭ三井製糖,プライム（内国株式）,食料品,3520,3560,3495,3535,-15,-0.422535,54300,OK
2026-03-02,2112,塩水港精糖,スタンダード（内国株式）,食料品,583,591,577,589,0,0,89800,OK
2026-03-02,2114,フジ日本,スタンダード（内国株式）,食料品,674,677,670,674,0,0,20800,OK
2026-03-02,2117,ウェルネオシュガー,プライム（内国株式）,食料品,3005,3010,2980,3005,-25,-0.825083,35700,OK
2026-03-02,211A,カドス・コーポレーション,スタンダード（内国株式）,建設業,4535,4535,4500,4520,-15,-0.330761,4300,OK
2026-03-02,2120,ＬＩＦＵＬＬ,プライム（内国株式）,サービス業,214,214,209,214,-2,-0.925926,1267300,OK
2026-03-02,2121,ＭＩＸＩ,プライム（内国株式）,情報･通信業,2656,2682,2643,2673,-12,-0.446927,361400,OK
2026-03-02,2122,インタースペース,スタンダード（内国株式）,サービス業,1330,1353,1322,1338,3,0.224719,23800,OK
2026-03-02,2124,ジェイエイシーリクルートメント,プライム（内国株式）,サービス業,890,897,880,888,-7,-0.782123,703500,OK
2026-03-02,2127,日本Ｍ＆Ａセンターホールディングス,プライム（内国株式）,サービス業,715,721.1,707.3,714,-8.7,-1.203819,2650100,OK
2026-03-02,212A,フィットイージー,プライム（内国株式）,サービス業,2539,2588,2505,2570,-7,-0.271634,96500,OK
2026-03-02,2130,メンバーズ,プライム（内国株式）,サービス業,1200,1206,1182,1190,-18,-1.490066,65000,OK
2026-03-02,2134,北浜キャピタルパートナーズ,スタンダード（内国株式）,サービス業,36,36,34,34,-2,-5.555556,9480800,OK
2026-03-02,2136,ヒップ,スタンダード（内国株式）,サービス業,1583,1599,1576,1581,-15,-0.93985,5400,OK
2026-03-02,2138,クルーズ,スタンダード（内国株式）,情報･通信業,589,590,576,590,0,0,10300,OK
2026-03-02,2139,中広,スタンダード（内国株式）,サービス業,551,554,550,550,-1,-0.181488,7100,OK
2026-03-02,2146,ＵＴグループ,プライム（内国株式）,サービス業,207,211,206,210,-5,-2.325581,4491700,OK
2026-03-02,2148,アイティメディア,プライム（内国株式）,サービス業,1890,1910,1883,1890,-16,-0.839454,153800,OK
2026-03-02,2152,幼児活動研究会,スタンダード（内国株式）,サービス業,1554,1555,1554,1555,1,0.06435,700,OK
2026-03-02,2153,Ｅ・Ｊホールディングス,プライム（内国株式）,サービス業,1900,1922,1880,1917,-20,-1.032525,49900,OK
2026-03-02,2154,オープンアップグループ,プライム（内国株式）,サービス業,1880,1885,1852,1867,-47,-2.45559,456300,OK
2026-03-02,2156,セーラー広告,スタンダード（内国株式）,サービス業,311,311,305,307,-7,-2.229299,51500,OK
2026-03-02,2157,コシダカホールディングス,プライム（内国株式）,サービス業,1166,1175,1148,1149,-21,-1.794872,328400,OK
2026-03-02,2158,ＦＲＯＮＴＥＯ,グロース（内国株式）,サービス業,919,933,900,923,-26,-2.739726,394900,OK
2026-03-02,215A,タイミー,グロース（内国株式）,サービス業,1266,1275,1242,1257,-16,-1.256874,1048900,OK
2026-03-02,2160,ジーエヌアイグループ,グロース（内国株式）,医薬品,3020,3050,2901,3040,-120,-3.797468,1969700,OK
2026-03-02,2162,ｎｍｓ　ホールディングス,スタンダード（内国株式）,サービス業,449,451,439,440,-14,-3.0837,41700,OK
2026-03-02,2163,アルトナー,プライム（内国株式）,サービス業,2045,2045,2015,2028,-17,-0.831296,25800,OK
2026-03-02,2164,地域新聞社,グロース（内国株式）,サービス業,350,350,331,331,-7,-2.071006,14400,OK
2026-03-02,2168,パソナグループ,プライム（内国株式）,サービス業,2008,2048,1999,2029,-11,-0.539216,99300,OK
2026-03-02,2169,ＣＤＳ,スタンダード（内国株式）,サービス業,1835,1835,1830,1835,-2,-0.108873,2300,OK
2026-03-02,216A,ライフクリエイト,TOKYO PRO MARKET（内国株式）,小売業,,,,,,,,NO_QUOTE
2026-03-02,2170,リンクアンドモチベーション,プライム（内国株式）,サービス業,555,559,545,555,-7,-1.245552,636300,OK
2026-03-02,2173,博展,グロース（内国株式）,サービス業,1049,1076,1034,1036,-30,-2.814259,63300,OK
2026-03-02,2175,エス・エム・エス,プライム（内国株式）,サービス業,1717,1755,1710,1750,-4,-0.22805,416600,OK
2026-03-02,2179,成学社,スタンダード（内国株式）,サービス業,821,824,817,817,-6,-0.72904,2100,OK
2026-03-02,217A,サポート,TOKYO PRO MARKET（内国株式）,サービス業,,,,,,,,NO_QUOTE
2026-03-02,2180,サニーサイドアップグループ,スタンダード（内国株式）,サービス業,991,1001,971,995,-6,-0.599401,39300,OK
2026-03-02,2181,パーソルホールディングス,プライム（内国株式）,サービス業,247.9,249.8,245.5,249,-0.8,-0.320256,14262500,OK
2026-03-02,2183,リニカル,スタンダード（内国株式）,サービス業,321,321,312,316,-5,-1.557632,65700,OK
2026-03-02,2185,シイエム・シイ,スタンダード（内国株式）,サービス業,1919,1960,1913,1960,41,2.136529,5100,OK
2026-03-02,2186,ソーバル,スタンダード（内国株式）,サービス業,907,911,905,908,-1,-0.110011,7200,OK
2026-03-02,218A,Ｌｉｂｅｒａｗａｒｅ,グロース（内国株式）,精密機器,1470,1569,1454,1554,35,2.304147,877000,OK
2026-03-02,2193,クックパッド,スタンダード（内国株式）,サービス業,153,153,148,150,-3,-1.960784,546000,OK
2026-03-02,2195,アミタホールディングス,グロース（内国株式）,サービス業,350,350,339,348,-2,-0.571429,36400,OK
2026-03-02,2196,エスクリ,スタンダード（内国株式）,サービス業,166,167,164,166,-1,-0.598802,55400,OK
2026-03-02,2198,アイ・ケイ・ケイホールディングス,プライム（内国株式）,サービス業,824,828,822,828,5,0.607533,35500,OK
2026-03-02,219A,Ｈｅａｒｔｓｅｅｄ,グロース（内国株式）,医薬品,1978,2025,1963,1973,-55,-2.712032,279700,OK
2026-03-02,2201,森永製菓,プライム（内国株式）,食料品,2885,2888,2855.5,2874.5,-15,-0.519121,264700,OK
2026-03-02,2204,中村屋,スタンダード（内国株式）,食料品,3280,3305,3260,3270,-50,-1.506024,18500,OK
2026-03-02,2206,江崎グリコ,プライム（内国株式）,食料品,6019,6173,6018,6091,25,0.412133,340500,OK
2026-03-02,2207,ｍｅｉｔｏ,プライム（内国株式）,食料品,2721,2766,2713,2735,-3,-0.109569,72200,OK
2026-03-02,2208,ブルボン,スタンダード（内国株式）,食料品,3250,3320,3250,3320,-30,-0.895522,16000,OK
2026-03-02,2209,井村屋グループ,プライム（内国株式）,食料品,2559,2575,2530,2540,-27,-1.051811,28000,OK
2026-03-02,220A,Ｆａｂｅｒ　Ｃｏｍｐａｎｙ,スタンダード（内国株式）,情報･通信業,1030,1047,1030,1044,7,0.675024,600,OK
2026-03-02,2211,不二家,プライム（内国株式）,食料品,2509,2510,2475,2480,-42,-1.665345,67400,OK
2026-03-02,2212,山崎製パン,プライム（内国株式）,食料品,3504,3553,3489,3537,28,0.797948,725200,OK
2026-03-02,2215,第一屋製パン,スタンダード（内国株式）,食料品,618,618,613,617,-7,-1.121795,8900,OK
2026-03-02,2216,カンロ,スタンダード（内国株式）,食料品,1388,1421,1379,1399,-26,-1.824561,153600,OK
2026-03-02,2217,モロゾフ,プライム（内国株式）,食料品,1530,1541,1522,1528,-12,-0.779221,36800,OK
2026-03-02,2220,亀田製菓,プライム（内国株式）,食料品,4305,4380,4285,4330,-15,-0.345224,56900,OK
2026-03-02,2221,岩塚製菓,スタンダード（内国株式）,食料品,3320,3345,3310,3320,-10,-0.3003,2900,OK
2026-03-02,2222,寿スピリッツ,プライム（内国株式）,食料品,1947.5,1990.5,1933,1943,-44.5,-2.238994,556500,OK
2026-03-02,2224,コモ,スタンダード（内国株式）,食料品,3995,3995,3900,3960,-40,-1,7400,OK
2026-03-02,2226,湖池屋,スタンダード（内国株式）,食料品,4695,4695,4670,4670,-10,-0.213675,2200,OK
2026-03-02,2229,カルビー,プライム（内国株式）,食料品,3088,3116,3058,3089,0,0,426100,OK
2026-03-02,222A,ＮＩＣＳ,TOKYO PRO MARKET（内国株式）,情報･通信業,,,,,,,,NO_QUOTE
2026-03-02,2264,森永乳業,プライム（内国株式）,食料品,4857,4966,4830,4916,-45,-0.907075,365400,OK
2026-03-02,2266,六甲バター,プライム（内国株式）,食料品,1222,1222,1200,1200,-23,-1.880621,32300,OK
2026-03-02,2267,ヤクルト本社,プライム（内国株式）,食料品,2614.5,2635.5,2591,2602,-12.5,-0.478103,1407600,OK
2026-03-02,2268,Ｂ−Ｒ　サーティワン　アイスクリーム,スタンダード（内国株式）,食料品,4040,4045,4035,4040,0,0,7900,OK
2026-03-02,2269,明治ホールディングス,プライム（内国株式）,食料品,4002,4065,3968,4029,2,0.049665,1570400,OK
2026-03-02,226A,勝美ジャパン,TOKYO PRO MARKET（内国株式）,食料品,,,,,,,,NO_QUOTE
2026-03-02,2270,雪印メグミルク,プライム（内国株式）,食料品,3450,3520,3440,3460,-40,-1.142857,317500,OK
2026-03-02,227A,ＩＮＳＩＧＨＴ　ＬＡＢ,TOKYO PRO MARKET（内国株式）,情報･通信業,,,,,,,,NO_QUOTE
2026-03-02,2281,プリマハム,プライム（内国株式）,食料品,2884,2924,2861,2878,-29,-0.997592,93100,OK
2026-03-02,2282,日本ハム,プライム（内国株式）,食料品,7151,7248,7097,7164,15,0.20982,425700,OK
2026-03-02,2286,林兼産業,スタンダード（内国株式）,食料品,920,935,902,933,58,6.628571,88200,OK
2026-03-02,2288,丸大食品,プライム（内国株式）,食料品,2381,2407,2370,2378,-24,-0.999167,79500,OK
2026-03-02,228A,オプロ,グロース（内国株式）,情報･通信業,1425,1429,1390,1399,-23,-1.61744,3000,OK
2026-03-02,2291,福留ハム,スタンダード（内国株式）,食料品,627,628,620,623,-3,-0.479233,4100,OK
2026-03-02,2292,Ｓ　Ｆｏｏｄｓ,プライム（内国株式）,食料品,3160,3225,3130,3220,20,0.625,123700,OK
2026-03-02,2293,滝沢ハム,スタンダード（内国株式）,食料品,2982,3000,2980,3000,17,0.569896,1900,OK
2026-03-02,2294,柿安本店,プライム（内国株式）,食料品,2925,2945,2911,2929,-16,-0.543294,31400,OK
2026-03-02,2296,伊藤ハム米久ホールディングス,プライム（内国株式）,食料品,6400,6470,6360,6400,-50,-0.775194,199800,OK
2026-03-02,229A,アスミホールディングス,TOKYO PRO MARKET（内国株式）,建設業,,,,,,,,NO_QUOTE
2026-03-02,2300,きょくとう,スタンダード（内国株式）,サービス業,501,501,497,497,-4,-0.798403,6800,OK
2026-03-02,2301,学情,プライム（内国株式）,サービス業,1866,1896,1850,1876,-24,-1.263158,66300,OK
2026-03-02,2303,ドーン,スタンダード（内国株式）,情報･通信業,2613,2647,2563,2622,47,1.825243,8800,OK
2026-03-02,2304,ＣＳＳホールディングス,スタンダード（内国株式）,サービス業,980,982,973,980,7,0.719424,5500,OK
2026-03-02,2305,スタジオアリス,スタンダード（内国株式）,サービス業,1989,1991,1982,1987,-13,-0.65,20100,OK
2026-03-02,2307,クロスキャット,プライム（内国株式）,情報･通信業,1006,1012,999,1000,-16,-1.574803,39500,OK
2026-03-02,2311,エプコ,スタンダード（内国株式）,サービス業,826,826,812,813,-13,-1.57385,20200,OK
2026-03-02,2315,ＣＡＩＣＡ　ＤＩＧＩＴＡＬ,スタンダード（内国株式）,情報･通信業,87,87,84,85,-4,-4.494382,2255800,OK
2026-03-02,2317,システナ,プライム（内国株式）,情報･通信業,428,435,423,425,-17,-3.846154,1362500,OK
2026-03-02,2321,ソフトフロントホールディングス,グロース（内国株式）,情報･通信業,202,228,197,225,21,10.294118,3271700,OK
2026-03-02,2323,ｆｏｎｆｕｎ,スタンダード（内国株式）,情報･通信業,350,350,329,329,-29,-8.100559,108400,OK
2026-03-02,2325,ＮＪＳ,プライム（内国株式）,サービス業,4625,4745,4610,4695,-65,-1.365546,24200,OK
2026-03-02,2326,デジタルアーツ,プライム（内国株式）,情報･通信業,5650,5650,5500,5540,-90,-1.598579,165400,OK
2026-03-02,2327,日鉄ソリューションズ,プライム（内国株式）,情報･通信業,3950,4000,3881,3993,-27,-0.671642,241000,OK
2026-03-02,2329,東北新社,スタンダード（内国株式）,情報･通信業,646,660,641,646,0,0,186900,OK
2026-03-02,2330,フォーサイド,スタンダード（内国株式）,情報･通信業,119,119,116,116,-4,-3.333333,505100,OK
2026-03-02,2331,ＡＬＳＯＫ,プライム（内国株式）,サービス業,1276,1292.5,1266,1284.5,3.5,0.273224,1205600,OK
2026-03-02,2332,クエスト,スタンダード（内国株式）,情報･通信業,1760,1766,1716,1730,-60,-3.351955,20900,OK
2026-03-02,2334,イオレ,グロース（内国株式）,サービス業,391,393,382,386,-16,-3.9801,1159000,OK
2026-03-02,2335,キューブシステム,プライム（内国株式）,情報･通信業,1078,1084,1070,1079,1,0.092764,31100,OK
2026-03-02,2337,いちご,プライム（内国株式）,不動産業,441,444,436,443,0,0,932400,OK
2026-03-02,2338,クオンタムソリューションズ,スタンダード（内国株式）,情報･通信業,94,111,93,103,9,9.574468,2657500,OK
2026-03-02,2340,極楽湯ホールディングス,スタンダード（内国株式）,サービス業,492,493,489,490,-2,-0.406504,41500,OK
2026-03-02,2341,アルバイトタイムス,スタンダード（内国株式）,サービス業,186,187,185,186,-2,-1.06383,26800,OK
2026-03-02,2342,トランスジェニックグループ,スタンダード（内国株式）,サービス業,307,307,295,296,-15,-4.823151,274100,OK
2026-03-02,2344,平安レイサービス,スタンダード（内国株式）,サービス業,1477,1478,1477,1478,0,0,30800,OK
2026-03-02,2345,ＨＯＤＬ１,スタンダード（内国株式）,情報･通信業,222,230,216,222,-8,-3.478261,238200,OK
2026-03-02,2349,エヌアイデイ,スタンダード（内国株式）,情報･通信業,2305,2501,2303,2501,-4,-0.159681,14400,OK
2026-03-02,2351,ＡＳＪ,スタンダード（内国株式）,情報･通信業,377,395,377,395,13,3.403141,42800,OK
2026-03-02,2353,日本駐車場開発,プライム（内国株式）,不動産業,282,283,279,281,-6,-2.090592,1251900,OK
2026-03-02,2354,ＹＥ　ＤＩＧＩＴＡＬ,スタンダード（内国株式）,情報･通信業,815,815,797,798,-32,-3.855422,75700,OK
2026-03-02,2359,コア,プライム（内国株式）,情報･通信業,2222,2284,2199,2282,46,2.057245,45100,OK
2026-03-02,2370,メディネット,グロース（内国株式）,サービス業,31,34,30,32,1,3.225806,8911000,OK
2026-03-02,2371,カカクコム,プライム（内国株式）,サービス業,1700,1720.5,1695,1717.5,-4,-0.232356,1863100,OK
2026-03-02,2373,ケア２１,スタンダード（内国株式）,サービス業,437,437,426,430,-8,-1.826484,20700,OK
2026-03-02,2374,セントケア・ホールディング,プライム（内国株式）,サービス業,1211,1213,1211,1213,2,0.165153,24500,OK
2026-03-02,2375,ギグワークス,スタンダード（内国株式）,サービス業,225,230,225,229,0,0,49400,OK
2026-03-02,2376,サイネックス,スタンダード（内国株式）,サービス業,730,740,730,735,5,0.684932,2400,OK
2026-03-02,2378,ルネサンス,プライム（内国株式）,サービス業,1116,1119,1103,1106,-15,-1.338091,87200,OK
2026-03-02,2379,ディップ,プライム（内国株式）,サービス業,2020,2045,2016,2029,6,0.296589,685900,OK
2026-03-02,2384,ＳＢＳホールディングス,プライム（内国株式）,陸運業,4175,4395,4175,4315,45,1.053864,103100,OK
2026-03-02,2385,総医研ホールディングス,グロース（内国株式）,サービス業,263,265,259,259,-11,-4.074074,184900,OK
2026-03-02,2388,ウェッジホールディングス,グロース（内国株式）,その他金融業,61,62,60,62,1,1.639344,101200,OK
2026-03-02,2389,デジタルホールディングス,プライム（内国株式）,サービス業,1995,2000,1990,1997,0,0,926100,OK
2026-03-02,2391,プラネット,スタンダード（内国株式）,サービス業,1257,1259,1250,1258,1,0.079554,7900,OK
2026-03-02,2393,日本ケアサプライ,スタンダード（内国株式）,サービス業,2427,2439,2427,2439,-13,-0.530179,3600,OK
2026-03-02,2395,新日本科学,プライム（内国株式）,サービス業,1670,1670,1629,1650,-53,-3.112155,224500,OK
2026-03-02,239A,バレッグス,TOKYO PRO MARKET（内国株式）,不動産業,,,,,,,,NO_QUOTE
2026-03-02,2404,鉄人化ホールディングス,スタンダード（内国株式）,サービス業,515,527,513,527,12,2.330097,9700,OK
2026-03-02,2408,ＫＧ情報,スタンダード（内国株式）,サービス業,735,735,725,729,-7,-0.951087,20200,OK
2026-03-02,2410,キャリアデザインセンター,プライム（内国株式）,サービス業,2543,2562,2510,2549,-20,-0.778513,30000,OK
2026-03-02,2411,ゲンダイエージェンシー,スタンダード（内国株式）,情報･通信業,493,493,487,490,-3,-0.608519,15700,OK
2026-03-02,2413,エムスリー,プライム（内国株式）,サービス業,1696.5,1703.5,1655,1667.5,-50.5,-2.939464,4290600,OK
2026-03-02,2415,ヒューマンホールディングス,スタンダード（内国株式）,サービス業,1815,1857,1795,1857,23,1.254089,19200,OK
2026-03-02,2418,ツカダ・グローバルホールディング,スタンダード（内国株式）,サービス業,678,716,678,706,8,1.146132,289800,OK
2026-03-02,241A,ＲＯＸＸ,グロース（内国株式）,情報･通信業,502,502,480,480,-21,-4.191617,92100,OK
2026-03-02,2424,ブラス,スタンダード（内国株式）,サービス業,618,619,615,617,5,0.816993,4200,OK
2026-03-02,2425,ケアサービス,スタンダード（内国株式）,サービス業,800,800,797,797,-3,-0.375,3900,OK
2026-03-02,2428,ウェルネット,スタンダード（内国株式）,サービス業,669,675,663,670,-9,-1.325479,74100,OK
2026-03-02,2429,ワールドホールディングス,プライム（内国株式）,サービス業,2838,2839,2780,2838,-18,-0.630252,80300,OK
2026-03-02,2432,ディー・エヌ・エー,プライム（内国株式）,情報･通信業,2806.5,2850,2764,2764,104,3.909774,9125800,OK
2026-03-02,2433,博報堂ＤＹホールディングス,プライム（内国株式）,サービス業,1175,1180,1151,1168,-3,-0.256191,762900,OK
2026-03-02,2435,シダー,スタンダード（内国株式）,サービス業,212,213,207,212,-2,-0.934579,68300,OK
2026-03-02,2436,共同ピーアール,スタンダード（内国株式）,サービス業,1001,1019,1000,1017,-7,-0.683594,6000,OK
2026-03-02,2437,Ｓｈｉｎｗａ　Ｗｉｓｅ　Ｈｏｌｄｉｎｇｓ,スタンダード（内国株式）,サービス業,601,667,601,650,39,6.382979,268900,OK
2026-03-02,2438,アスカネット,グロース（内国株式）,サービス業,383,383,378,380,-4,-1.041667,29600,OK
2026-03-02,243A,トップス,TOKYO PRO MARKET（内国株式）,食料品,,,,,,,,NO_QUOTE
2026-03-02,2440,ぐるなび,スタンダード（内国株式）,サービス業,152,152,149,150,-3,-1.960784,150800,OK
2026-03-02,2445,タカミヤ,プライム（内国株式）,サービス業,427,427,416,418,-17,-3.908046,306700,OK
2026-03-02,2449,プラップジャパン,スタンダード（内国株式）,サービス業,1109,1109,1083,1084,-25,-2.254283,5900,OK
2026-03-02,244A,グロースエクスパートナーズ,グロース（内国株式）,情報･通信業,1439,1450,1421,1430,-25,-1.718213,2100,OK
2026-03-02,2452,コンピュータマインド,TOKYO PRO MARKET（内国株式）,情報･通信業,,,,,,,,NO_QUOTE
2026-03-02,2454,オールアバウト,スタンダード（内国株式）,サービス業,396,402,396,402,2,0.5,10900,OK
2026-03-02,2459,アウンコンサルティング,スタンダード（内国株式）,サービス業,225,225,222,222,-5,-2.202643,33800,OK
2026-03-02,245A,ＩＮＧＳ,グロース（内国株式）,小売業,2904,2938,2807,2843,-85,-2.903005,13400,OK
2026-03-02,2461,ファンコミュニケーションズ,プライム（内国株式）,サービス業,475,475,468,468,-10,-2.09205,94600,OK
2026-03-02,2462,ライク,プライム（内国株式）,サービス業,1600,1624,1595,1624,9,0.557276,50800,OK
2026-03-02,2464,Ａｏｂａ‐ＢＢＴ,スタンダード（内国株式）,サービス業,344,345,341,344,0,0,13100,OK
2026-03-02,2469,ヒビノ,スタンダード（内国株式）,サービス業,4050,4160,4015,4090,10,0.245098,59200,OK
2026-03-02,246A,アスア,グロース（内国株式）,サービス業,969,1012,954,1000,20,2.040816,22900,OK
2026-03-02,2471,エスプール,プライム（内国株式）,サービス業,260,261,254,258,-5,-1.901141,629700,OK
2026-03-02,2475,ＷＤＢホールディングス,プライム（内国株式）,サービス業,1597,1597,1583,1586,-15,-0.936914,52000,OK
2026-03-02,2477,手間いらず,スタンダード（内国株式）,情報･通信業,2968,2968,2890,2890,-81,-2.726355,8700,OK
2026-03-02,2479,ジェイテック,スタンダード（内国株式）,サービス業,257,257,254,257,-1,-0.387597,34400,OK
2026-03-02,247A,Ａｉロボティクス,グロース（内国株式）,化学,1240,1255,1214,1223,-47,-3.700787,948800,OK
2026-03-02,2480,システム・ロケーション,スタンダード（内国株式）,情報･通信業,1727,1732,1723,1723,-6,-0.347021,1400,OK
2026-03-02,2481,タウンニュース社,スタンダード（内国株式）,サービス業,696,696,691,696,0,0,1700,OK
2026-03-02,2483,翻訳センター,スタンダード（内国株式）,サービス業,1912,1913,1908,1909,-4,-0.209096,2900,OK
2026-03-02,2484,出前館,スタンダード（内国株式）,情報･通信業,141,144,136,137,-6,-4.195804,742900,OK
2026-03-02,2485,ティア,スタンダード（内国株式）,サービス業,541,542,536,537,-7,-1.286765,47800,OK
2026-03-02,2488,ＪＴＰ,スタンダード（内国株式）,サービス業,1231,1240,1220,1222,-38,-3.015873,32700,OK
2026-03-02,2489,アドウェイズ,スタンダード（内国株式）,サービス業,283,298,277,279,-11,-3.793103,452800,OK
2026-03-02,248A,キッズスター,グロース（内国株式）,情報･通信業,1174,1180,1141,1141,-25,-2.144082,12800,OK
2026-03-02,2491,バリューコマース,プライム（内国株式）,サービス業,443,446,432,437,-9,-2.017937,565300,OK
2026-03-02,2492,インフォマート,プライム（内国株式）,サービス業,396,404,395,401,-2,-0.496278,2327000,OK
2026-03-02,2493,イーサポートリンク,スタンダード（内国株式）,サービス業,1020,1020,1013,1015,-5,-0.490196,4600,OK
2026-03-02,2497,ユナイテッド,グロース（内国株式）,サービス業,555,562,550,562,10,1.811594,186500,OK
2026-03-02,2498,オリエンタルコンサルタンツホールディングス,スタンダード（内国株式）,サービス業,3140,3175,3120,3150,-25,-0.787402,15000,OK
2026-03-02,2499,日本和装ホールディングス,スタンダード（内国株式）,サービス業,362,362,357,359,-3,-0.828729,11400,OK
2026-03-02,249A,ヒューマンアジャスト,TOKYO PRO MARKET（内国株式）,サービス業,,,,,,,,NO_QUOTE
2026-03-02,2501,サッポロホールディングス,プライム（内国株式）,食料品,1775,1798,1748.5,1768,-7,-0.394366,1070800,OK
2026-03-02,2502,アサヒグループホールディングス,プライム（内国株式）,食料品,1697,1705.5,1683.5,1691,-8.5,-0.500147,7169400,OK
2026-03-02,2503,キリンホールディングス,プライム（内国株式）,食料品,2704,2742,2679,2742,35,1.292944,3654000,OK
2026-03-02,250A,シマダヤ,スタンダード（内国株式）,食料品,1966,1980,1952,1965,-10,-0.506329,30800,OK
2026-03-02,251A,ニューロマジック,TOKYO PRO MARKET（内国株式）,サービス業,,,,,,,,NO_QUOTE
2026-03-02,252A,ウェッジ,TOKYO PRO MARKET（内国株式）,小売業,,,,,,,,NO_QUOTE
2026-03-02,2531,宝ホールディングス,プライム（内国株式）,食料品,1618,1658,1600,1658,30,1.842752,446100,OK
2026-03-02,2533,オエノンホールディングス,プライム（内国株式）,食料品,476,479,467,467,-16,-3.312629,202100,OK
2026-03-02,253A,ＥＴＳグループ,スタンダード（内国株式）,建設業,1399,1433,1367,1405,-24,-1.679496,68800,OK
2026-03-02,2540,養命酒製造,プライム（内国株式）,食料品,4045,4045,4040,4045,5,0.123762,198000,OK
2026-03-02,254A,ＡＩフュージョンキャピタルグループ,スタンダード（内国株式）,証券･商品先物取引業,900,900,864,871,-29,-3.222222,18600,OK
2026-03-02,255A,ジーエルテクノホールディングス,スタンダード（内国株式）,精密機器,3855,4195,3855,4120,75,1.854141,222300,OK
2026-03-02,256A,飛島ホールディングス,プライム（内国株式）,建設業,2539,2540,2479,2514,-71,-2.746615,281200,OK
2026-03-02,2573,北海道コカ・コーラボトリング,スタンダード（内国株式）,食料品,4070,4105,4040,4090,20,0.4914,18600,OK
2026-03-02,2579,コカ・コーラ　ボトラーズジャパンホールディングス,プライム（内国株式）,食料品,4068,4207,4056,4139,15,0.363725,538100,OK
2026-03-02,2585,ライフドリンク　カンパニー,プライム（内国株式）,食料品,1201,1209,1172,1189,-30,-2.461034,706000,OK
2026-03-02,2586,フルッタフルッタ,グロース（内国株式）,食料品,119,122,118,118,-2,-1.666667,970000,OK
2026-03-02,2587,サントリー食品インターナショナル,プライム（内国株式）,食料品,4839,4921,4825,4854,-63,-1.281269,674100,OK
2026-03-02,2588,プレミアムウォーターホールディングス,スタンダード（内国株式）,食料品,4015,4075,3980,4075,15,0.369458,14500,OK
2026-03-02,2590,ダイドーグループホールディングス,プライム（内国株式）,食料品,2580,2621,2571,2610,10,0.384615,168600,OK
2026-03-02,2593,伊藤園,プライム（内国株式）,食料品,3000,3019,2977,2986.5,-50.5,-1.662825,620700,OK
2026-03-02,25935,伊藤園（優先株式）,プライム（内国株式）,食料品,1818,1824,1814,1824,6,0.330033,35000,OK
2026-03-02,2594,キーコーヒー,プライム（内国株式）,食料品,2010,2013,1993,1993,-26,-1.287766,147000,OK
2026-03-02,2597,ユニカフェ,スタンダード（内国株式）,食料品,1062,1063,1056,1058,-12,-1.121495,6100,OK
2026-03-02,2602,日清オイリオグループ,プライム（内国株式）,食料品,6110,6210,6080,6100,0,0,92700,OK
2026-03-02,2607,不二製油,プライム（内国株式）,食料品,3865,3916,3783,3881,-107,-2.683049,482700,OK
2026-03-02,2612,かどや製油,スタンダード（内国株式）,食料品,5250,5300,5150,5200,-50,-0.952381,5800,OK
2026-03-02,2613,Ｊ−オイルミルズ,プライム（内国株式）,食料品,2086,2106,2075,2100,4,0.19084,104600,OK
2026-03-02,261A,日水コン,スタンダード（内国株式）,サービス業,2397,2399,2357,2374,-52,-2.143446,38100,OK
2026-03-02,262A,インターメスティック,プライム（内国株式）,小売業,1902,1907,1845,1858,-58,-3.02714,225700,OK
2026-03-02,263A,デジタルキューブ,TOKYO PRO MARKET（内国株式）,情報･通信業,,,,,,,,NO_QUOTE
2026-03-02,264A,Ｓｃｈｏｏ,グロース（内国株式）,サービス業,615,622,597,599,-26,-4.16,90400,OK
2026-03-02,2652,まんだらけ,スタンダード（内国株式）,小売業,352,355,347,352,-10,-2.762431,101900,OK
2026-03-02,2653,イオン九州,スタンダード（内国株式）,小売業,2838,2857,2830,2840,-41,-1.423117,50600,OK
2026-03-02,2654,アスモ,スタンダード（内国株式）,小売業,410,410,406,407,-3,-0.731707,6500,OK
2026-03-02,2656,ベクターホールディングス,スタンダード（内国株式）,小売業,145,146,145,146,0,0,68300,OK
2026-03-02,2659,サンエー,プライム（内国株式）,小売業,3090,3095,3025,3045,-60,-1.932367,183500,OK
2026-03-02,265A,Ｈｍｃｏｍｍ,グロース（内国株式）,情報･通信業,1010,1014,980,982,-34,-3.346457,40200,OK
2026-03-02,2664,カワチ薬品,プライム（内国株式）,小売業,3310,3330,3260,3260,-50,-1.510574,189400,OK
2026-03-02,2666,オートウェーブ,スタンダード（内国株式）,小売業,176,177,173,177,0,0,105000,OK
2026-03-02,2667,イメージ　ワン,スタンダード（内国株式）,卸売業,265,278,250,251,-15,-5.639098,980500,OK
2026-03-02,2668,タビオ,スタンダード（内国株式）,卸売業,1279,1279,1272,1276,4,0.314465,2900,OK
2026-03-02,2669,カネ美食品,スタンダード（内国株式）,小売業,3430,3465,3415,3465,25,0.726744,31700,OK
2026-03-02,266A,グローカルマーケティング,TOKYO PRO MARKET（内国株式）,サービス業,,,,,,,,NO_QUOTE
2026-03-02,2670,エービーシー・マート,プライム（内国株式）,小売業,2573.5,2623,2573.5,2587,-36.5,-1.391271,412800,OK
2026-03-02,2673,夢みつけ隊,スタンダード（内国株式）,小売業,216,223,213,213,-14,-6.167401,380500,OK
2026-03-02,2674,ハードオフコーポレーション,プライム（内国株式）,小売業,2090,2097,2060,2068,-32,-1.52381,60500,OK
2026-03-02,2676,高千穂交易,プライム（内国株式）,卸売業,2147,2152,2122,2131,-34,-1.570439,35600,OK
2026-03-02,2678,アスクル,プライム（内国株式）,小売業,1273,1274,1236,1249,-54,-4.144282,1271100,OK
2026-03-02,267A,トワライズ,TOKYO PRO MARKET（内国株式）,その他金融業,,,,,,,,NO_QUOTE
2026-03-02,2681,ゲオホールディングス,プライム（内国株式）,小売業,1772,1800,1768,1776,-23,-1.278488,184800,OK
2026-03-02,2683,魚喜,スタンダード（内国株式）,小売業,1001,1001,999,1000,0,0,4600,OK
2026-03-02,2685,アンドエスティＨＤ,プライム（内国株式）,小売業,2946,2950,2902,2912,-84,-2.803738,195200,OK
2026-03-02,2686,ジーフット,スタンダード（内国株式）,小売業,282,283,281,282,1,0.355872,25800,OK
2026-03-02,2687,シー・ヴイ・エス・ベイエリア,スタンダード（内国株式）,サービス業,506,506,500,503,-4,-0.788955,11100,OK
2026-03-02,2689,オルバヘルスケアホールディングス,スタンダード（内国株式）,卸売業,2167,2167,2141,2150,-18,-0.830258,3000,OK
2026-03-02,268A,リガク・ホールディングス,プライム（内国株式）,精密機器,1850,1864,1804,1834,-47,-2.498671,2895200,OK
2026-03-02,2692,伊藤忠食品,プライム（内国株式）,卸売業,13110,13190,13100,13120,-10,-0.076161,113900,OK
2026-03-02,2693,ＹＫＴ,スタンダード（内国株式）,卸売業,247,248,245,247,-3,-1.2,20000,OK
2026-03-02,2694,焼肉坂井ホールディングス,スタンダード（内国株式）,小売業,74,74,73,74,0,0,799100,OK
2026-03-02,2695,くら寿司,プライム（内国株式）,小売業,3715,3720,3655,3670,-65,-1.740295,158200,OK
2026-03-02,2698,キャンドゥ,スタンダード（内国株式）,小売業,3475,3475,3345,3350,-115,-3.318903,31200,OK
2026-03-02,269A,Ｓａｐｅｅｔ,グロース（内国株式）,情報･通信業,2388,2403,2355,2397,-8,-0.33264,2400,OK
2026-03-02,2700,木徳神糧,スタンダード（内国株式）,卸売業,2184,2190,2131,2169,-14,-0.641319,23300,OK
2026-03-02,2702,日本マクドナルドホールディングス,スタンダード（内国株式）,小売業,7370,7490,7320,7490,60,0.807537,337300,OK
2026-03-02,2705,大戸屋ホールディングス,スタンダード（内国株式）,小売業,7310,7560,7310,7500,-60,-0.793651,23900,OK
2026-03-02,2708,久世,スタンダード（内国株式）,卸売業,2247,2264,2210,2231,-35,-1.544572,8200,OK
2026-03-02,271A,アクセリア,TOKYO PRO MARKET（内国株式）,情報･通信業,,,,,,,,NO_QUOTE
2026-03-02,2721,ジェイホールディングス,スタンダード（内国株式）,卸売業,174,175,173,173,-1,-0.574713,64100,OK
2026-03-02,2722,ＩＫホールディングス,スタンダード（内国株式）,小売業,394,394,390,392,0,0,8100,OK
2026-03-02,2726,パルグループホールディングス,プライム（内国株式）,小売業,1601,1616,1569,1573,-81,-4.897219,1268700,OK
2026-03-02,2730,エディオン,プライム（内国株式）,小売業,2223,2264,2218,2245,0,0,1102400,OK
2026-03-02,2733,あらた,プライム（内国株式）,卸売業,3035,3070,3020,3040,-40,-1.298701,66500,OK
2026-03-02,2734,サーラコーポレーション,プライム（内国株式）,小売業,1202,1228,1192,1222,0,0,72900,OK
2026-03-02,2735,ワッツ,スタンダード（内国株式）,小売業,660,663,658,661,-9,-1.343284,15900,OK
2026-03-02,2736,フェスタリアホールディングス,スタンダード（内国株式）,小売業,629,644,629,644,11,1.737757,7000,OK
2026-03-02,2737,トーメンデバイス,プライム（内国株式）,卸売業,13700,14080,13220,13770,-230,-1.642857,127100,OK
2026-03-02,2742,ハローズ,プライム（内国株式）,小売業,4765,4800,4670,4675,-230,-4.689093,49700,OK
2026-03-02,2747,北雄ラッキー,スタンダード（内国株式）,小売業,3010,3015,2998,3015,0,0,6500,OK
2026-03-02,2749,ＪＰホールディングス,プライム（内国株式）,サービス業,779,786,773,778,-8,-1.017812,359100,OK
2026-03-02,274A,ガーデン,スタンダード（内国株式）,小売業,2350,2350,2310,2313,-37,-1.574468,22400,OK
2026-03-02,2750,石光商事,スタンダード（内国株式）,卸売業,1460,1474,1440,1460,-34,-2.27577,18600,OK
2026-03-02,2751,テンポスホールディングス,スタンダード（内国株式）,卸売業,4045,4070,4015,4070,65,1.622971,12400,OK
2026-03-02,2752,フジオフードグループ本社,プライム（内国株式）,小売業,1082,1087,1077,1079,-6,-0.552995,109600,OK
2026-03-02,2753,あみやき亭,プライム（内国株式）,小売業,1469,1471,1451,1457,-22,-1.487492,80400,OK
2026-03-02,2760,東京エレクトロン　デバイス,プライム（内国株式）,卸売業,3605,3730,3545,3710,35,0.952381,241800,OK
2026-03-02,2762,ＳＡＮＫＯ　ＭＡＲＫＥＴＩＮＧ　ＦＯＯＤＳ,スタンダード（内国株式）,小売業,99,100,98,98,-1,-1.010101,79600,OK
2026-03-02,2763,エフティグループ,スタンダード（内国株式）,卸売業,1289,1289,1275,1283,-10,-0.773395,12700,OK
2026-03-02,2764,ひらまつ,スタンダード（内国株式）,小売業,153,159,150,157,3,1.948052,495800,OK
2026-03-02,2767,円谷フィールズホールディングス,プライム（内国株式）,卸売業,1526,1548,1510,1539,-14,-0.901481,365600,OK
2026-03-02,2768,双日,プライム（内国株式）,卸売業,6830,7086,6740,7060,-20,-0.282486,2847600,OK
2026-03-02,2769,ヴィレッジヴァンガードコーポレーション,スタンダード（内国株式）,小売業,970,971,969,969,-2,-0.205973,12300,OK
2026-03-02,276A,ククレブ・アドバイザーズ,グロース（内国株式）,不動産業,3770,3820,3675,3705,-205,-5.242967,93900,OK
2026-03-02,2776,新都ホールディングス,スタンダード（内国株式）,卸売業,137,142,134,141,3,2.173913,730500,OK
2026-03-02,2778,パレモ・ホールディングス,スタンダード（内国株式）,小売業,156,158,150,153,-4,-2.547771,623100,OK
2026-03-02,277A,グロービング,グロース（内国株式）,サービス業,2193,2235,2158,2191,-5,-0.227687,111200,OK
2026-03-02,2780,コメ兵ホールディングス,スタンダード（内国株式）,小売業,4635,4785,4530,4765,140,3.027027,169000,OK
2026-03-02,2782,セリア,スタンダード（内国株式）,小売業,4300,4310,4240,4285,-55,-1.267281,157700,OK
2026-03-02,2784,アルフレッサ　ホールディングス,プライム（内国株式）,卸売業,2632.5,2656.5,2621.5,2649,-30,-1.119821,395800,OK
2026-03-02,2788,アップルインターナショナル,スタンダード（内国株式）,卸売業,359,364,356,358,-3,-0.831025,32900,OK
2026-03-02,2789,カルラ,スタンダード（内国株式）,小売業,463,469,462,466,3,0.647948,12400,OK
2026-03-02,278A,Ｔｅｒｒａ　Ｄｒｏｎｅ,グロース（内国株式）,精密機器,2537,2774,2510,2741,181,7.070313,310900,OK
2026-03-02,2790,ナフコ,スタンダード（内国株式）,小売業,2319,2345,2301,2338,18,0.775862,5600,OK
2026-03-02,2791,大黒天物産,プライム（内国株式）,小売業,5510,5540,5430,5450,-110,-1.978417,47600,OK
2026-03-02,2792,ハニーズホールディングス,プライム（内国株式）,小売業,1530,1532,1517,1525,-17,-1.102464,80900,OK
2026-03-02,2795,日本プリメックス,スタンダード（内国株式）,卸売業,953,955,948,955,-13,-1.342975,700,OK
2026-03-02,2796,ファーマライズホールディングス,スタンダード（内国株式）,小売業,512,512,511,512,-5,-0.967118,11100,OK
2026-03-02,2798,ワイズテーブルコーポレーション,スタンダード（内国株式）,小売業,2912,2920,2912,2920,10,0.343643,5100,OK
2026-03-02,279A,インターグ,TOKYO PRO MARKET（内国株式）,サービス業,,,,,,,,NO_QUOTE
2026-03-02,2801,キッコーマン,プライム（内国株式）,食料品,1482,1494.5,1439,1453,-47,-3.133333,3564600,OK
2026-03-02,2802,味の素,プライム（内国株式）,食料品,4826,4984,4821,4935,-33,-0.664251,3607300,OK
2026-03-02,2804,ブルドックソース,プライム（内国株式）,食料品,1900,1908,1889,1896,-13,-0.680985,43800,OK
2026-03-02,2805,ヱスビー食品,スタンダード（内国株式）,食料品,4585,4640,4530,4630,5,0.108108,33900,OK
2026-03-02,2806,ユタカフーズ,スタンダード（内国株式）,食料品,2199,2200,2125,2166,-88,-3.90417,4900,OK
2026-03-02,2809,キユーピー,プライム（内国株式）,食料品,4496,4538,4461,4503,25,0.558285,441200,OK
2026-03-02,280A,ＴＭＨ,グロース（内国株式）,卸売業,1530,1538,1483,1487,-76,-4.862444,49000,OK
2026-03-02,2810,ハウス食品グループ本社,プライム（内国株式）,食料品,3077,3098,3060,3072,-15,-0.485909,206500,OK
2026-03-02,2811,カゴメ,プライム（内国株式）,食料品,2877,2896,2857,2869,-30,-1.03484,313300,OK
2026-03-02,2813,和弘食品,スタンダード（内国株式）,食料品,3865,4005,3835,4005,155,4.025974,8000,OK
2026-03-02,2814,佐藤食品工業,スタンダード（内国株式）,食料品,3300,3300,3265,3285,-15,-0.454545,2800,OK
2026-03-02,2815,アリアケジャパン,プライム（内国株式）,食料品,6000,6160,5970,6070,-20,-0.328407,45800,OK
2026-03-02,2816,ダイショー,スタンダード（内国株式）,食料品,1421,1429,1421,1421,-1,-0.070323,4600,OK
2026-03-02,2818,ピエトロ,スタンダード（内国株式）,食料品,1777,1779,1772,1779,2,0.112549,4500,OK
2026-03-02,2819,エバラ食品工業,スタンダード（内国株式）,食料品,2724,2747,2712,2732,-16,-0.582242,14700,OK
2026-03-02,281A,インフォメティス,グロース（内国株式）,情報･通信業,342,342,333,334,-7,-2.052786,34300,OK
2026-03-02,2820,やまみ,スタンダード（内国株式）,食料品,5010,5100,4955,4970,-130,-2.54902,15700,OK
2026-03-02,2831,はごろもフーズ,スタンダード（内国株式）,食料品,3465,3500,3450,3480,0,0,2800,OK
2026-03-02,284A,フクヤ建設,TOKYO PRO MARKET（内国株式）,建設業,,,,,,,,NO_QUOTE
2026-03-02,285A,キオクシアホールディングス,プライム（内国株式）,電気機器,20700,21790,20630,21515,305,1.438001,19765100,OK
2026-03-02,286A,ユカリア,グロース（内国株式）,サービス業,872,883,853,861,-21,-2.380952,112600,OK
2026-03-02,2871,ニチレイ,プライム（内国株式）,食料品,2134.5,2157,2122,2137.5,13,0.611909,1390900,OK
2026-03-02,2872,セイヒョー,スタンダード（内国株式）,食料品,2080,2080,2073,2073,1,0.048263,2100,OK
2026-03-02,2874,横浜冷凍,プライム（内国株式）,卸売業,1430,1478,1415,1470,40,2.797203,198300,OK
2026-03-02,2875,東洋水産,プライム（内国株式）,食料品,12150,12405,12090,12355,60,0.488003,206400,OK
2026-03-02,2876,デルソーレ,スタンダード（内国株式）,食料品,473,476,473,473,0,0,3700,OK
2026-03-02,2877,日東ベスト,スタンダード（内国株式）,食料品,760,760,753,754,-6,-0.789474,3300,OK
2026-03-02,287A,黒田グループ,スタンダード（内国株式）,卸売業,1100,1128,1086,1116,-7,-0.62333,821900,OK
2026-03-02,2882,イートアンドホールディングス,プライム（内国株式）,食料品,1986,1986,1951,1951,-38,-1.910508,105300,OK
2026-03-02,2883,大冷,スタンダード（内国株式）,食料品,2002,2002,2000,2002,-2,-0.0998,1400,OK
2026-03-02,2884,ヨシムラ・フード・ホールディングス,プライム（内国株式）,食料品,1031,1046,1006,1024,-36,-3.396226,141800,OK
2026-03-02,288A,ラクサス・テクノロジーズ,グロース（内国株式）,サービス業,125,130,124,128,2,1.587302,121000,OK
2026-03-02,2892,日本食品化工,スタンダード（内国株式）,食料品,3960,3960,3910,3950,-30,-0.753769,3700,OK
2026-03-02,2894,石井食品,スタンダード（内国株式）,食料品,368,370,364,370,3,0.817439,20500,OK
2026-03-02,2897,日清食品ホールディングス,プライム（内国株式）,食料品,3251,3282,3232,3266,-30,-0.910194,937900,OK
2026-03-02,2901,ウェルディッシュ,スタンダード（内国株式）,食料品,412,435,396,404,-9,-2.179177,752200,OK
2026-03-02,2903,シノブフーズ,スタンダード（内国株式）,食料品,1937,2000,1926,1927,-10,-0.516262,19400,OK
2026-03-02,2904,一正蒲鉾,スタンダード（内国株式）,食料品,752,758,752,756,4,0.531915,8700,OK
2026-03-02,2907,あじかん,スタンダード（内国株式）,食料品,1465,1507,1465,1480,15,1.023891,7800,OK
2026-03-02,2908,フジッコ,プライム（内国株式）,食料品,1640,1640,1625,1632,-13,-0.790274,49800,OK
2026-03-02,290A,Ｓｙｎｓｐｅｃｔｉｖｅ,グロース（内国株式）,情報･通信業,1380,1474,1358,1449,92,6.779661,4418600,OK
2026-03-02,2910,ロック・フィールド,プライム（内国株式）,食料品,1408,1415,1400,1401,-17,-1.198872,61400,OK
2026-03-02,2911,旭松食品,スタンダード（内国株式）,食料品,2337,2357,2321,2330,-14,-0.59727,2800,OK
2026-03-02,2914,日本たばこ産業,プライム（内国株式）,食料品,5930,6012,5901,5982,-5,-0.083514,3746400,OK
2026-03-02,2915,ケンコーマヨネーズ,プライム（内国株式）,食料品,2300,2365,2290,2334,20,0.864304,76900,OK
2026-03-02,2916,仙波糖化工業,スタンダード（内国株式）,食料品,739,740,734,739,4,0.544218,1900,OK
2026-03-02,2917,大森屋,スタンダード（内国株式）,食料品,911,918,911,914,-4,-0.43573,2100,OK
2026-03-02,2918,わらべや日洋ホールディングス,プライム（内国株式）,食料品,3405,3440,3385,3405,-35,-1.017442,93500,OK
2026-03-02,291A,リスキル,グロース（内国株式）,サービス業,3305,3335,3265,3265,-105,-3.115727,2400,OK
2026-03-02,2922,なとり,プライム（内国株式）,食料品,1960,1969,1952,1956,-16,-0.811359,49600,OK
2026-03-02,2923,サトウ食品,スタンダード（内国株式）,食料品,7620,7620,7530,7590,-40,-0.524246,3700,OK
2026-03-02,2924,イフジ産業,スタンダード（内国株式）,食料品,2051,2070,2046,2065,10,0.486618,13000,OK
2026-03-02,2926,篠崎屋,スタンダード（内国株式）,食料品,99,100,98,99,0,0,265800,OK
2026-03-02,2927,ＡＦＣ−ＨＤアムスライフサイエンス,スタンダード（内国株式）,食料品,904,904,888,900,-7,-0.771775,54100,OK
2026-03-02,2929,ファーマフーズ,プライム（内国株式）,食料品,635,636,623,624,-21,-3.255814,194900,OK
2026-03-02,292A,エスアイイー,TOKYO PRO MARKET（内国株式）,サービス業,,,,,,,,NO_QUOTE
2026-03-02,2930,北の達人コーポレーション,プライム（内国株式）,化学,135,135,131,131,-5,-3.676471,993300,OK
2026-03-02,2931,ユーグレナ,プライム（内国株式）,食料品,384,385,375,377,-15,-3.826531,2300500,OK
2026-03-02,2932,ＳＴＩフードホールディングス,スタンダード（内国株式）,食料品,1287,1287,1275,1275,-11,-0.855365,21300,OK
2026-03-02,2933,紀文食品,プライム（内国株式）,食料品,1085,1089,1078,1078,-12,-1.100917,49000,OK
2026-03-02,2934,ジェイフロンティア,グロース（内国株式）,食料品,1329,1331,1255,1292,-34,-2.564103,10200,OK
2026-03-02,2935,ピックルスホールディングス,プライム（内国株式）,食料品,1221,1241,1215,1235,-1,-0.080906,138800,OK
2026-03-02,2936,ベースフード,グロース（内国株式）,食料品,362,381,352,357,-8,-2.191781,198000,OK
2026-03-02,2937,サンクゼール,グロース（内国株式）,食料品,1760,1779,1760,1767,-31,-1.724138,8300,OK
2026-03-02,2938,オカムラ食品工業,スタンダード（内国株式）,食料品,1222,1247,1207,1244,24,1.967213,69600,OK
2026-03-02,293A,ＢＡＢＹ　ＪＯＢ,TOKYO PRO MARKET（内国株式）,小売業,,,,,,,,NO_QUOTE
2026-03-02,2961,日本調理機,スタンダード（内国株式）,金属製品,4985,5050,4940,4970,55,1.119023,800,OK
2026-03-02,2962,テクニスコ,スタンダード（内国株式）,金属製品,1177,1240,1170,1182,-55,-4.446241,457300,OK
2026-03-02,296A,令和アカウンティング・ホールディングス,グロース（内国株式）,サービス業,677,680,666,667,-20,-2.911208,40100,OK
2026-03-02,2970,ＧＬＣ　ＧＲＯＵＰ,スタンダード（内国株式）,不動産業,1218,1218,1195,1206,-11,-0.903862,33000,OK
2026-03-02,2975,スター・マイカ・ホールディングス,プライム（内国株式）,不動産業,1627,1658,1607,1642,-25,-1.4997,141200,OK
2026-03-02,2978,ツクルバ,グロース（内国株式）,不動産業,450,450,445,445,-3,-0.669643,1800,OK
2026-03-02,297A,アルピコホールディングス,スタンダード（内国株式）,小売業,250,251,249,250,-1,-0.398406,100000,OK
2026-03-02,2980,ＳＲＥホールディングス,プライム（内国株式）,不動産業,2876,2949,2860,2880,-40,-1.369863,378500,OK
2026-03-02,2981,ランディックス,グロース（内国株式）,不動産業,2331,2360,2324,2340,-20,-0.847458,6800,OK
2026-03-02,2982,ＡＤワークスグループ,プライム（内国株式）,不動産業,446,454,443,449,-16,-3.44086,835900,OK
2026-03-02,2983,アールプランナー,グロース（内国株式）,不動産業,2138,2185,2111,2112,-126,-5.630027,83600,OK
2026-03-02,2984,ヤマイチエステート,スタンダード（内国株式）,不動産業,769,790,769,780,3,0.3861,19800,OK
2026-03-02,2985,ファーストステージ,TOKYO PRO MARKET（内国株式）,不動産業,,,,,,,,NO_QUOTE
2026-03-02,2986,ＬＡホールディングス,グロース（内国株式）,不動産業,9800,9900,9610,9800,-170,-1.705115,89600,OK
2026-03-02,298A,ＧＶＡ　ＴＥＣＨ,グロース（内国株式）,情報･通信業,369,377,361,373,4,1.084011,11600,OK
2026-03-02,2990,アイダ設計,TOKYO PRO MARKET（内国株式）,不動産業,,,,,,,,NO_QUOTE
2026-03-02,2991,ランドネット,スタンダード（内国株式）,不動産業,664,673,659,661,-3,-0.451807,13400,OK
2026-03-02,2992,アーバンライク,TOKYO PRO MARKET（内国株式）,不動産業,,,,,,,,NO_QUOTE
2026-03-02,2993,長栄,スタンダード（内国株式）,不動産業,2593,2622,2593,2622,15,0.575374,1500,OK
2026-03-02,2994,アンサーホールディングス,TOKYO PRO MARKET（内国株式）,不動産業,,,,,,,,NO_QUOTE
2026-03-02,2995,ジェイレックス・コーポレーション,TOKYO PRO MARKET（内国株式）,不動産業,,,,,,,,NO_QUOTE
2026-03-02,2997,ストレージ王,グロース（内国株式）,不動産業,950,954,944,945,-3,-0.316456,2800,OK
2026-03-02,2998,クリアル,グロース（内国株式）,不動産業,803,808,773,776,-56,-6.730769,224200,OK
2026-03-02,2999,ホームポジション,スタンダード（内国株式）,不動産業,468,469,460,468,1,0.214133,9000,OK
2026-03-02,299A,クラシル,グロース（内国株式）,サービス業,1030,1031,991,999,-41,-3.942308,316300,OK
2026-03-02,3001,片倉工業,スタンダード（内国株式）,繊維製品,3120,3120,3055,3085,-70,-2.2187,33200,OK
2026-03-02,3002,グンゼ,プライム（内国株式）,繊維製品,4700,4765,4680,4720,-25,-0.52687,296500,OK
2026-03-02,3003,ヒューリック,プライム（内国株式）,不動産業,2020,2057,2015,2049,-20,-0.966651,2225700,OK
2026-03-02,3004,神栄,スタンダード（内国株式）,卸売業,2719,2758,2719,2725,-6,-0.2197,4800,OK
2026-03-02,300A,ＭＩＣ,スタンダード（内国株式）,サービス業,2777,2777,2601,2602,-173,-6.234234,56400,OK
2026-03-02,3010,ポラリス・ホールディングス,スタンダード（内国株式）,サービス業,196,196,191,193,-4,-2.030457,315700,OK
2026-03-02,3011,バナーズ,スタンダード（内国株式）,小売業,155,156,154,154,-2,-1.282051,26600,OK
2026-03-02,301A,インデックス,TOKYO PRO MARKET（内国株式）,不動産業,,,,,,,,NO_QUOTE
2026-03-02,3020,アプライド,スタンダード（内国株式）,小売業,4335,4355,4285,4310,-35,-0.805524,6200,OK
2026-03-02,3021,パシフィックネット,スタンダード（内国株式）,サービス業,2380,2550,2327,2492,23,0.931551,47300,OK
2026-03-02,3023,ラサ商事,スタンダード（内国株式）,卸売業,2293,2303,2250,2278,-91,-3.841283,101800,OK
2026-03-02,3024,クリエイト,スタンダード（内国株式）,卸売業,1243,1245,1239,1243,-1,-0.080386,5500,OK
2026-03-02,3028,アルペン,プライム（内国株式）,小売業,2200,2200,2177,2189,-34,-1.529465,138000,OK
2026-03-02,302A,ビースタイルホールディングス,グロース（内国株式）,サービス業,1200,1215,1200,1215,15,1.25,1100,OK
2026-03-02,3030,ハブ,スタンダード（内国株式）,小売業,967,967,928,938,-44,-4.480652,118400,OK
2026-03-02,3031,ラクーンホールディングス,プライム（内国株式）,情報･通信業,675,675,645,654,-1,-0.152672,392600,OK
2026-03-02,3034,クオールホールディングス,プライム（内国株式）,小売業,1877,1910,1855,1871,-97,-4.928862,335100,OK
2026-03-02,3035,ケイティケイ,スタンダード（内国株式）,卸売業,669,669,663,664,-7,-1.043219,8700,OK
2026-03-02,3036,アルコニックス,プライム（内国株式）,卸売業,3200,3280,3155,3245,-55,-1.666667,230000,OK
2026-03-02,3038,神戸物産,プライム（内国株式）,卸売業,3685,3739,3674,3699,-7,-0.188883,1882200,OK
2026-03-02,303A,ｖｉｓｕｍｏ,グロース（内国株式）,情報･通信業,830,839,821,822,-23,-2.721893,7300,OK
2026-03-02,3040,ソリトンシステムズ,プライム（内国株式）,情報･通信業,1960,1960,1910,1920,-74,-3.711133,71200,OK
2026-03-02,3041,ビューティカダンホールディングス,スタンダード（内国株式）,卸売業,511,516,500,510,-6,-1.162791,18100,OK
2026-03-02,3042,セキュアヴェイル,スタンダード（内国株式）,情報･通信業,319,322,315,319,-13,-3.915663,138800,OK
2026-03-02,3045,カワサキ,スタンダード（内国株式）,卸売業,1469,1469,1461,1469,0,0,2900,OK
2026-03-02,3046,ジンズホールディングス,プライム（内国株式）,小売業,5250,5260,5160,5180,-140,-2.631579,183900,OK
2026-03-02,3048,ビックカメラ,プライム（内国株式）,小売業,1769,1805,1764.5,1791,-13.5,-0.74813,569800,OK
2026-03-02,304A,フォルシア,グロース（内国株式）,情報･通信業,1765,1780,1765,1780,-65,-3.523035,1400,OK
2026-03-02,3050,ＤＣＭホールディングス,プライム（内国株式）,小売業,1686,1715,1670,1702,-2,-0.117371,297800,OK
2026-03-02,3053,ペッパーフードサービス,スタンダード（内国株式）,小売業,180,181,179,179,-3,-1.648352,197300,OK
2026-03-02,3054,ハイパー,スタンダード（内国株式）,卸売業,276,276,272,274,-4,-1.438849,5500,OK
2026-03-02,3058,三洋堂ホールディングス,スタンダード（内国株式）,小売業,688,690,686,690,2,0.290698,2900,OK
2026-03-02,3059,ヒラキ,スタンダード（内国株式）,小売業,834,835,833,834,0,0,5300,OK
2026-03-02,305A,ダブルツリー,TOKYO PRO MARKET（内国株式）,小売業,,,,,,,,NO_QUOTE
2026-03-02,3063,ジェイグループホールディングス,グロース（内国株式）,小売業,810,818,806,807,-12,-1.465201,50300,OK
2026-03-02,3064,ＭｏｎｏｔａＲＯ,プライム（内国株式）,小売業,2075,2083.5,2048.5,2060,-20.5,-0.98534,1843100,OK
2026-03-02,3065,ライフフーズ,スタンダード（内国株式）,小売業,1620,1629,1611,1618,-3,-0.185071,5500,OK
2026-03-02,3067,東京一番フーズ,スタンダード（内国株式）,小売業,470,470,462,468,1,0.214133,19500,OK
2026-03-02,3068,ＷＤＩ,スタンダード（内国株式）,小売業,3225,3240,3215,3220,-15,-0.463679,6400,OK
2026-03-02,3069,ＪＦＬＡホールディングス,スタンダード（内国株式）,食料品,176,178,173,178,2,1.136364,127000,OK
2026-03-02,3070,ジェリービーンズグループ,グロース（内国株式）,卸売業,109,114,108,110,-3,-2.654867,4160500,OK
2026-03-02,3071,ストリーム,スタンダード（内国株式）,小売業,107,109,106,109,1,0.925926,139100,OK
2026-03-02,3075,銚子丸,スタンダード（内国株式）,小売業,1619,1619,1603,1603,-13,-0.804455,16600,OK
2026-03-02,3076,あい　ホールディングス,プライム（内国株式）,卸売業,2855,2894,2826,2876,-47,-1.607937,147700,OK
2026-03-02,3077,ホリイフードサービス,スタンダード（内国株式）,小売業,548,563,540,561,3,0.537634,34300,OK
2026-03-02,3079,ディーブイエックス,スタンダード（内国株式）,卸売業,1232,1243,1224,1224,-19,-1.52856,1600,OK
2026-03-02,307A,ハウジング・スタッフ,TOKYO PRO MARKET（内国株式）,建設業,,,,,,,,NO_QUOTE
2026-03-02,3080,ジェーソン,スタンダード（内国株式）,小売業,767,767,760,761,-6,-0.782269,25300,OK
2026-03-02,3082,きちりホールディングス,スタンダード（内国株式）,小売業,940,940,931,939,-1,-0.106383,13500,OK
2026-03-02,3083,スターシーズ,スタンダード（内国株式）,小売業,803,813,798,806,-12,-1.466993,70000,OK
2026-03-02,3086,Ｊ．フロント　リテイリング,プライム（内国株式）,小売業,2515,2526.5,2487.5,2502,-78,-3.023256,1365600,OK
2026-03-02,3087,ドトール・日レスホールディングス,プライム（内国株式）,小売業,2973,2994,2956,2965,-31,-1.034713,193800,OK
2026-03-02,3088,マツキヨココカラ＆カンパニー,プライム（内国株式）,小売業,2618,2619,2537,2546,-43,-1.660873,1685200,OK
2026-03-02,3089,テクノアルファ,スタンダード（内国株式）,卸売業,1266,1267,1247,1250,-36,-2.799378,12200,OK
2026-03-02,308A,ぽすとめいとホールディングス,TOKYO PRO MARKET（内国株式）,サービス業,,,,,,,,NO_QUOTE
2026-03-02,3091,ブロンコビリー,プライム（内国株式）,小売業,4175,4210,4165,4190,-25,-0.59312,58500,OK
2026-03-02,3092,ＺＯＺＯ,プライム（内国株式）,小売業,1169,1186.5,1157,1166,27,2.3705,5631600,OK
2026-03-02,3093,トレジャー・ファクトリー,プライム（内国株式）,小売業,1844,1871,1833,1864,-34,-1.791359,144800,OK
2026-03-02,3096,オーシャンシステム,スタンダード（内国株式）,小売業,1750,1800,1742,1797,34,1.928531,9400,OK
2026-03-02,3097,物語コーポレーション,プライム（内国株式）,小売業,4945,5130,4930,5000,-10,-0.199601,154600,OK
2026-03-02,3099,三越伊勢丹ホールディングス,プライム（内国株式）,小売業,3000,3071,2972,3071,-9,-0.292208,1415900,OK
2026-03-02,309A,コスモス調剤,TOKYO PRO MARKET（内国株式）,小売業,,,,,,,,NO_QUOTE
2026-03-02,3101,東洋紡,プライム（内国株式）,化学,1779,1832,1740,1818,-28,-1.516793,1680500,OK
2026-03-02,3103,ユニチカ,プライム（内国株式）,繊維製品,1798,2184,1762,1951,33,1.720542,35490400,OK
2026-03-02,3104,富士紡ホールディングス,プライム（内国株式）,繊維製品,10740,10990,10620,10820,-150,-1.367366,39200,OK
2026-03-02,3105,日清紡ホールディングス,プライム（内国株式）,電気機器,1729.5,1785,1718,1773.5,19.5,1.111745,982700,OK
2026-03-02,3106,倉敷紡績,プライム（内国株式）,繊維製品,9760,9820,9600,9800,-250,-2.487562,37200,OK
2026-03-02,3107,ダイワボウホールディングス,プライム（内国株式）,卸売業,3147,3223,3121,3210,10,0.3125,381500,OK
2026-03-02,3109,シキボウ,プライム（内国株式）,繊維製品,1155,1155,1141,1147,-18,-1.545064,65200,OK
2026-03-02,310A,サーティーフォー,TOKYO PRO MARKET（内国株式）,不動産業,,,,,,,,NO_QUOTE
2026-03-02,3110,日東紡績,プライム（内国株式）,ガラス･土石製品,23700,25980,23560,25130,-70,-0.277778,2776200,OK
2026-03-02,3111,オーミケンシ,スタンダード（内国株式）,繊維製品,252,253,250,251,-1,-0.396825,4500,OK
2026-03-02,3113,ＵＮＩＶＡ・Ｏａｋホールディングス,スタンダード（内国株式）,証券･商品先物取引業,74,75,72,72,-2,-2.702703,274200,OK
2026-03-02,3116,トヨタ紡織,プライム（内国株式）,輸送用機器,3087,3149,3067,3143,-58,-1.811934,593500,OK
2026-03-02,311A,ＮＰＴ,TOKYO PRO MARKET（内国株式）,医薬品,,,,,,,,NO_QUOTE
2026-03-02,3121,マーチャント・バンカーズ,スタンダード（内国株式）,サービス業,231,236,226,228,0,0,162400,OK
2026-03-02,3123,サイボー,スタンダード（内国株式）,繊維製品,695,698,684,698,-6,-0.852273,7000,OK
2026-03-02,312A,シンコーホールディングス,TOKYO PRO MARKET（内国株式）,建設業,,,,,,,,NO_QUOTE
2026-03-02,3131,シンデン・ハイテックス,スタンダード（内国株式）,卸売業,3040,3045,2993,3035,-55,-1.779935,11500,OK
2026-03-02,3132,マクニカホールディングス,プライム（内国株式）,卸売業,2695,2721,2665,2702,-66.5,-2.402023,776700,OK
2026-03-02,3133,海帆,グロース（内国株式）,小売業,424,491,412,448,16,3.703704,2582000,OK
2026-03-02,3134,Ｈａｍｅｅ,スタンダード（内国株式）,小売業,511,513,502,505,-13,-2.509653,109000,OK
2026-03-02,3135,マーケットエンタープライズ,スタンダード（内国株式）,小売業,1015,1015,997,997,-9,-0.894632,30700,OK
2026-03-02,3137,ファンデリー,グロース（内国株式）,小売業,280,315,277,290,55,23.404255,4254400,OK
2026-03-02,3138,富士山マガジンサービス,グロース（内国株式）,小売業,1050,1053,1037,1053,-3,-0.284091,2200,OK
2026-03-02,3139,ラクト・ジャパン,プライム（内国株式）,卸売業,3770,3810,3735,3775,-45,-1.17801,51300,OK
2026-03-02,3140,ＢＲＵＮＯ,グロース（内国株式）,卸売業,1049,1049,1037,1037,-13,-1.238095,9300,OK
2026-03-02,3143,オーウイル,スタンダード（内国株式）,卸売業,750,755,750,754,-11,-1.437908,2300,OK
2026-03-02,3148,クリエイトＳＤホールディングス,プライム（内国株式）,小売業,3380,3395,3330,3340,-60,-1.764706,65300,OK
2026-03-02,3150,グリムス,プライム（内国株式）,電気･ガス業,2701,2748,2675,2722,14,0.516987,49900,OK
2026-03-02,3151,バイタルケーエスケー・ホールディングス,プライム（内国株式）,卸売業,1477,1493,1468,1481,-9,-0.604027,302700,OK
2026-03-02,3153,八洲電機,プライム（内国株式）,卸売業,3435,3600,3415,3540,-10,-0.28169,59400,OK
2026-03-02,3154,メディアスホールディングス,プライム（内国株式）,卸売業,843,843,827,827,-14,-1.664685,35800,OK
2026-03-02,3156,レスター,プライム（内国株式）,卸売業,3080,3110,3030,3090,-60,-1.904762,56100,OK
2026-03-02,3157,ジオリーブグループ,スタンダード（内国株式）,卸売業,1643,1727,1643,1698,55,3.347535,9100,OK
2026-03-02,3159,丸善ＣＨＩホールディングス,スタンダード（内国株式）,小売業,343,361,342,353,8,2.318841,349700,OK
2026-03-02,3160,大光,スタンダード（内国株式）,卸売業,590,592,588,591,-3,-0.505051,7600,OK
2026-03-02,3161,アゼアス,スタンダード（内国株式）,卸売業,672,694,670,682,12,1.791045,51100,OK
2026-03-02,3166,ＯＣＨＩホールディングス,スタンダード（内国株式）,卸売業,1590,1612,1590,1612,15,0.939261,13900,OK
2026-03-02,3167,ＴＯＫＡＩホールディングス,プライム（内国株式）,卸売業,1203,1215,1194,1211,-1,-0.082508,358800,OK
2026-03-02,3168,ＭＥＲＦ,スタンダード（内国株式）,卸売業,1689,1780,1596,1738,65,3.885236,401600,OK
2026-03-02,3169,ミサワ,スタンダード（内国株式）,小売業,629,630,628,630,1,0.158983,4600,OK
2026-03-02,3172,ティーライフ,スタンダード（内国株式）,小売業,1159,1159,1151,1154,-13,-1.113967,1900,OK
2026-03-02,3173,Ｃｏｍｉｎｉｘ,スタンダード（内国株式）,卸売業,1005,1008,996,1007,5,0.499002,11500,OK
2026-03-02,3174,ハピネス・アンド・ディ,スタンダード（内国株式）,小売業,570,570,543,551,-19,-3.333333,85800,OK
2026-03-02,3175,エー・ピーホールディングス,スタンダード（内国株式）,小売業,989,990,980,980,-11,-1.10999,40500,OK
2026-03-02,3176,三洋貿易,プライム（内国株式）,卸売業,1852,1855,1805,1817,-67,-3.556263,132000,OK
2026-03-02,3177,ありがとうサービス,スタンダード（内国株式）,小売業,3625,3675,3605,3605,-80,-2.170963,8400,OK
2026-03-02,3178,チムニー,スタンダード（内国株式）,小売業,1316,1326,1312,1314,-16,-1.203008,18800,OK
2026-03-02,3179,シュッピン,プライム（内国株式）,小売業,1313,1362,1311,1348,-14,-1.0279,491700,OK
2026-03-02,317A,エス・エム・エス・データテック,TOKYO PRO MARKET（内国株式）,情報･通信業,,,,,,,,NO_QUOTE
2026-03-02,3180,ビューティガレージ,プライム（内国株式）,卸売業,1351,1351,1321,1322,-34,-2.507375,105000,OK
2026-03-02,3181,買取王国,スタンダード（内国株式）,小売業,872,878,871,878,7,0.803674,3200,OK
2026-03-02,3182,オイシックス・ラ・大地,プライム（内国株式）,小売業,1401,1430,1380,1405,-26,-1.816911,209100,OK
2026-03-02,3183,ウイン・パートナーズ,プライム（内国株式）,卸売業,1496,1527,1495,1502,-8,-0.529801,66100,OK
2026-03-02,3184,ＩＣＤＡホールディングス,スタンダード（内国株式）,小売業,4390,4390,4390,4390,-35,-0.79096,100,OK
2026-03-02,3185,夢展望,グロース（内国株式）,小売業,246,248,241,246,-4,-1.6,54200,OK
2026-03-02,3186,ネクステージ,プライム（内国株式）,小売業,3720,3865,3715,3855,0,0,331100,OK
2026-03-02,3187,ミラタップ,グロース（内国株式）,小売業,268,269,265,265,-9,-3.284672,5300,OK
2026-03-02,3189,ＡＮＡＰホールディングス,スタンダード（内国株式）,小売業,241,245,236,236,-8,-3.278689,89200,OK
2026-03-02,3190,ホットマン,スタンダード（内国株式）,小売業,576,577,576,577,1,0.173611,900,OK
2026-03-02,3191,ジョイフル本田,プライム（内国株式）,小売業,2193,2202,2175,2190,-17,-0.770276,117600,OK
2026-03-02,3192,白鳩,スタンダード（内国株式）,小売業,305,305,296,300,-10,-3.225806,16700,OK
2026-03-02,3193,エターナルホスピタリティグループ,プライム（内国株式）,小売業,3740,3860,3720,3780,55,1.47651,85700,OK
2026-03-02,3195,ジェネレーションパス,グロース（内国株式）,小売業,541,557,540,555,-6,-1.069519,52900,OK
2026-03-02,3196,ホットランドホールディングス,プライム（内国株式）,小売業,1952,1963,1933,1933,-19,-0.973361,59200,OK
2026-03-02,3197,すかいらーくホールディングス,プライム（内国株式）,小売業,3555,3603,3532,3539,-55,-1.530328,899800,OK
2026-03-02,3198,ＳＦＰホールディングス,プライム（内国株式）,小売業,2160,2170,2106,2123,-63,-2.881976,105700,OK
2026-03-02,3199,綿半ホールディングス,プライム（内国株式）,小売業,1498,1499,1476,1485,-20,-1.328904,26300,OK
2026-03-02,319A,技術承継機構,グロース（内国株式）,金属製品,11720,13690,11670,13630,1610,13.394343,148000,OK
2026-03-02,3201,日本毛織,プライム（内国株式）,繊維製品,2061,2098,2045,2084,-12,-0.572519,190200,OK
2026-03-02,3202,ダイトウボウ,スタンダード（内国株式）,繊維製品,140,144,140,141,-2,-1.398601,91100,OK
2026-03-02,3204,トーア紡コーポレーション,スタンダード（内国株式）,繊維製品,545,545,528,528,-17,-3.119266,27500,OK
2026-03-02,3205,ダイドーリミテッド,スタンダード（内国株式）,繊維製品,1070,1070,1070,1070,-300,-21.89781,288500,OK
2026-03-02,320A,Ｄ＆Ｉ,TOKYO PRO MARKET（内国株式）,サービス業,,,,,,,,NO_QUOTE
2026-03-02,321A,ヒューマンステージホールディングス,TOKYO PRO MARKET（内国株式）,サービス業,,,,,,,,NO_QUOTE
2026-03-02,3221,ヨシックスホールディングス,プライム（内国株式）,小売業,3590,3640,3550,3620,-20,-0.549451,28400,OK
2026-03-02,3222,ユナイテッド・スーパーマーケット・ホールディングス,スタンダード（内国株式）,小売業,900,910,888,891,-18,-1.980198,595500,OK
2026-03-02,3223,エスエルディー,スタンダード（内国株式）,小売業,939,940,915,926,-14,-1.489362,10400,OK
2026-03-02,3224,ゼネラル・オイスター,グロース（内国株式）,小売業,835,844,835,844,4,0.47619,2000,OK
2026-03-02,322A,ヒメジ理化,TOKYO PRO MARKET（内国株式）,ガラス･土石製品,,,,,,,,NO_QUOTE
2026-03-02,3231,野村不動産ホールディングス,プライム（内国株式）,不動産業,1140,1150.5,1129,1150.5,-12,-1.032258,2008600,OK
2026-03-02,3232,三重交通グループホールディングス,プライム（内国株式）,不動産業,598,600,594,597,-11,-1.809211,233500,OK
2026-03-02,3236,プロパスト,スタンダード（内国株式）,不動産業,398,403,382,385,-25,-6.097561,929100,OK
2026-03-02,3237,イントランス,グロース（内国株式）,不動産業,67,68,67,67,-1,-1.470588,172700,OK
2026-03-02,3238,セントラル総合開発,スタンダード（内国株式）,不動産業,427,430,421,428,0,0,14900,OK
2026-03-02,323A,フライヤー,グロース（内国株式）,情報･通信業,427,433,423,432,5,1.17096,3800,OK
2026-03-02,3241,ウィル,スタンダード（内国株式）,不動産業,591,593,585,586,-4,-0.677966,9900,OK
2026-03-02,3242,アーバネットコーポレーション,スタンダード（内国株式）,不動産業,570,574,564,567,-11,-1.903114,83700,OK
2026-03-02,3245,ディア・ライフ,プライム（内国株式）,不動産業,1120,1129,1113,1127,-2,-0.177148,274100,OK
2026-03-02,3246,コーセーアールイー,スタンダード（内国株式）,不動産業,696,699,684,684,-12,-1.724138,27000,OK
2026-03-02,3248,アールエイジ,スタンダード（内国株式）,不動産業,896,896,884,889,-7,-0.78125,4000,OK
2026-03-02,324A,ブッキングリゾート,グロース（内国株式）,サービス業,1088,1088,1047,1063,-35,-3.187614,78600,OK
2026-03-02,3252,地主,プライム（内国株式）,不動産業,3330,3385,3305,3345,-70,-2.04978,103200,OK
2026-03-02,325A,ＴＥＮＴＩＡＬ,グロース（内国株式）,繊維製品,4250,4490,4200,4200,-135,-3.114187,133000,OK
2026-03-02,3261,グランディーズ,グロース（内国株式）,不動産業,505,511,505,509,-3,-0.585938,11000,OK
2026-03-02,3266,ファンドクリエーショングループ,スタンダード（内国株式）,不動産業,103,104,99,99,-7,-6.603774,897400,OK
2026-03-02,3267,フィル・カンパニー,スタンダード（内国株式）,建設業,1128,1151,1089,1125,-27,-2.34375,64000,OK
2026-03-02,326A,ａｅｒｏ　ｌａｂ　ｉｎｔｅｒｎａｔｉｏｎａｌ,TOKYO PRO MARKET（内国株式）,卸売業,,,,,,,,NO_QUOTE
2026-03-02,3271,ＴＨＥグローバル社,スタンダード（内国株式）,不動産業,976,976,936,939,-37,-3.790984,58800,OK
2026-03-02,3276,ＪＰＭＣ,プライム（内国株式）,不動産業,1359,1374,1351,1365,-10,-0.727273,31100,OK
2026-03-02,3277,サンセイランディック,スタンダード（内国株式）,不動産業,1512,1512,1481,1481,-36,-2.373105,19400,OK
2026-03-02,3280,エストラスト,スタンダード（内国株式）,不動産業,1160,1170,1160,1162,-15,-1.274427,18300,OK
2026-03-02,3284,フージャースホールディングス,プライム（内国株式）,不動産業,1320,1330,1308,1320,-9,-0.677201,253700,OK
2026-03-02,3286,トラストホールディングス,スタンダード（内国株式）,不動産業,1025,1025,994,1020,-9,-0.874636,10500,OK
2026-03-02,3288,オープンハウスグループ,プライム（内国株式）,不動産業,11270,11520,11215,11470,-100,-0.864304,293900,OK
2026-03-02,3289,東急不動産ホールディングス,プライム（内国株式）,不動産業,1516.5,1547,1516,1544,-26.5,-1.687361,2064000,OK
2026-03-02,3291,飯田グループホールディングス,プライム（内国株式）,不動産業,2731,2760,2693.5,2736.5,-44.5,-1.600144,441900,OK
2026-03-02,3293,アズマハウス,スタンダード（内国株式）,不動産業,795,806,794,802,4,0.501253,13800,OK
2026-03-02,3294,イーグランド,スタンダード（内国株式）,不動産業,2231,2231,2181,2210,-22,-0.985663,12600,OK
2026-03-02,3297,東武住販,スタンダード（内国株式）,不動産業,1291,1296,1282,1296,8,0.621118,3600,OK
2026-03-02,3299,ムゲンエステート,スタンダード（内国株式）,不動産業,2555,2566,2490,2556,-26,-1.006971,181000,OK
2026-03-02,329A,ジールアソシエイツ,TOKYO PRO MARKET（内国株式）,サービス業,,,,,,,,NO_QUOTE
2026-03-02,3300,アンビション　ＤＸ　ホールディングス,グロース（内国株式）,不動産業,2570,2699,2561,2662,22,0.833333,44200,OK
2026-03-02,3302,帝国繊維,プライム（内国株式）,繊維製品,3020,3035,2966,2987,-48,-1.581549,40700,OK
2026-03-02,3306,日本製麻,スタンダード（内国株式）,卸売業,703,708,698,708,-1,-0.141044,7900,OK
2026-03-02,330A,ＴａｌｅｎｔＸ,グロース（内国株式）,情報･通信業,640,640,620,623,-24,-3.709428,42200,OK
2026-03-02,3315,日本コークス工業,プライム（内国株式）,石油･石炭製品,140,144,133,135,-4,-2.877698,8739000,OK
2026-03-02,3317,フライングガーデン,スタンダード（内国株式）,小売業,1700,1721,1677,1688,-26,-1.516919,4900,OK
2026-03-02,331A,メディックス,スタンダード（内国株式）,サービス業,501,501,491,495,-6,-1.197605,13400,OK
2026-03-02,3320,クロスプラス,スタンダード（内国株式）,卸売業,1462,1466,1449,1452,-10,-0.683995,14800,OK
2026-03-02,3321,ミタチ産業,スタンダード（内国株式）,卸売業,2391,2410,2328,2391,-50,-2.048341,48000,OK
2026-03-02,3323,レカム,スタンダード（内国株式）,卸売業,97,100,96,97,-3,-3,1477500,OK
2026-03-02,3326,ランシステム,スタンダード（内国株式）,サービス業,790,795,789,792,1,0.126422,15000,OK
2026-03-02,3329,東和フードサービス,スタンダード（内国株式）,小売業,2133,2137,2120,2137,0,0,8900,OK
2026-03-02,332A,ミーク,グロース（内国株式）,情報･通信業,1170,1187,1150,1168,-43,-3.550784,162000,OK
2026-03-02,3333,あさひ,プライム（内国株式）,小売業,1300,1307,1286,1306,-7,-0.53313,147900,OK
2026-03-02,333A,テクノスマイル,TOKYO PRO MARKET（内国株式）,サービス業,,,,,,,,NO_QUOTE
2026-03-02,3349,コスモス薬品,プライム（内国株式）,小売業,6936,6936,6833,6859,-79,-1.138657,380500,OK
2026-03-02,334A,ビジュアル・プロセッシング・ジャパン,グロース（内国株式）,情報･通信業,1500,1502,1470,1495,-22,-1.450231,5300,OK
2026-03-02,3350,メタプラネット,スタンダード（内国株式）,卸売業,313,322,308,322,-2,-0.617284,21940300,OK
2026-03-02,3352,バッファロー,スタンダード（内国株式）,小売業,1837,1849,1821,1844,4,0.217391,2400,OK
2026-03-02,3353,メディカル一光グループ,スタンダード（内国株式）,小売業,3070,3070,2974,2984,-66,-2.163934,8500,OK
2026-03-02,3355,クリヤマホールディングス,スタンダード（内国株式）,卸売業,1723,1744,1715,1734,-27,-1.53322,26400,OK
2026-03-02,3358,Ｔｒａｉｌｈｅａｄ　Ｇｌｏｂａｌ　Ｈｏｌｄｉｎｇｓ,スタンダード（内国株式）,小売業,121,151,117,151,50,49.50495,23144800,OK
2026-03-02,3359,ｃｏｔｔａ,グロース（内国株式）,卸売業,574,578,561,577,0,0,43600,OK
2026-03-02,335A,ミライロ,グロース（内国株式）,情報･通信業,394,394,385,390,-7,-1.763224,21500,OK
2026-03-02,3360,シップヘルスケアホールディングス,プライム（内国株式）,卸売業,2696,2770.5,2695,2741,-1.5,-0.054695,274900,OK
2026-03-02,3361,トーエル,スタンダード（内国株式）,小売業,950,950,929,949,19,2.043011,18200,OK
2026-03-02,336A,ダイナミックマッププラットフォーム,グロース（内国株式）,情報･通信業,786,848,767,818,17,2.122347,862800,OK
2026-03-02,3370,フジタコーポレーション,スタンダード（内国株式）,小売業,623,624,580,590,-33,-5.29695,99900,OK
2026-03-02,3371,ソフトクリエイトホールディングス,プライム（内国株式）,情報･通信業,2063,2107,2059,2069,6,0.290839,48600,OK
2026-03-02,3372,関門海,スタンダード（内国株式）,小売業,233,234,232,232,-2,-0.854701,18200,OK
2026-03-02,3374,内外テック,スタンダード（内国株式）,卸売業,2613,2654,2576,2605,-52,-1.957094,17200,OK
2026-03-02,3375,ＺＯＡ,スタンダード（内国株式）,小売業,1946,1998,1941,1997,-35,-1.722441,2800,OK
2026-03-02,3377,バイク王＆カンパニー,スタンダード（内国株式）,卸売業,417,419,411,411,-7,-1.674641,40400,OK
2026-03-02,3382,セブン＆アイ・ホールディングス,プライム（内国株式）,小売業,2190,2190,2138,2146.5,-49,-2.231838,7028200,OK
2026-03-02,3386,コスモ・バイオ,スタンダード（内国株式）,卸売業,1370,1392,1356,1371,-24,-1.72043,14100,OK
2026-03-02,3387,クリエイト・レストランツ・ホールディングス,プライム（内国株式）,小売業,732,734,721,721,-16,-2.170963,1596400,OK
2026-03-02,3388,明治電機工業,プライム（内国株式）,卸売業,2498,2500,2410,2421,-81,-3.23741,37100,OK
2026-03-02,338A,ＺｅｎｍｕＴｅｃｈ,グロース（内国株式）,情報･通信業,5800,5910,5680,5810,-160,-2.680067,57400,OK
2026-03-02,3391,ツルハホールディングス,プライム（内国株式）,小売業,2623,2644.5,2565.5,2582.5,-42.5,-1.619048,1439400,OK
2026-03-02,3392,デリカフーズホールディングス,スタンダード（内国株式）,卸売業,875,875,849,852,-33,-3.728814,65400,OK
2026-03-02,3393,スターティアホールディングス,プライム（内国株式）,卸売業,3030,3045,2995,3020,-70,-2.265372,70300,OK
2026-03-02,3395,サンマルクホールディングス,プライム（内国株式）,小売業,3100,3135,3050,3110,-15,-0.48,93300,OK
2026-03-02,3396,フェリシモ,スタンダード（内国株式）,小売業,855,855,846,852,-10,-1.160093,14700,OK
2026-03-02,3397,トリドールホールディングス,プライム（内国株式）,小売業,4208,4319,4196,4235,-25,-0.586854,485000,OK
2026-03-02,3399,丸千代山岡家,スタンダード（内国株式）,小売業,3930,3985,3870,3870,-130,-3.25,168700,OK
2026-03-02,339A,プログレス・テクノロジーズ　グループ,グロース（内国株式）,サービス業,1369,1415,1309,1401,16,1.155235,72700,OK
2026-03-02,3401,帝人,プライム（内国株式）,繊維製品,1700,1734,1687.5,1734,0.5,0.028843,801100,OK
2026-03-02,3402,東レ,プライム（内国株式）,繊維製品,1315,1353.5,1301,1340,0,0,5326400,OK
2026-03-02,3405,クラレ,プライム（内国株式）,化学,1845.5,1886,1828,1873.5,28,1.517204,2588600,OK
2026-03-02,3407,旭化成,プライム（内国株式）,化学,1828.5,1889,1816,1884.5,40,2.168609,5966100,OK
2026-03-02,3409,北紡,スタンダード（内国株式）,繊維製品,117,120,114,120,0,0,71400,OK
2026-03-02,340A,ジグザグ,グロース（内国株式）,情報･通信業,415,415,404,409,-8,-1.918465,34400,OK
2026-03-02,3415,ＴＯＫＹＯ　ＢＡＳＥ,プライム（内国株式）,小売業,370,378,357,374,-9,-2.349869,742500,OK
2026-03-02,3416,ピクスタ,スタンダード（内国株式）,小売業,932,936,930,936,1,0.106952,1200,OK
2026-03-02,3417,大木ヘルスケアホールディングス,スタンダード（内国株式）,卸売業,1377,1413,1360,1391,40,2.96077,22700,OK
2026-03-02,3418,バルニバービ,グロース（内国株式）,小売業,1112,1113,1091,1091,-21,-1.888489,36600,OK
2026-03-02,341A,トヨコー,グロース（内国株式）,建設業,2250,2275,2201,2220,-80,-3.478261,93200,OK
2026-03-02,3420,ケー・エフ・シー,スタンダード（内国株式）,金属製品,1711,1720,1690,1692,-32,-1.856148,14000,OK
2026-03-02,3421,稲葉製作所,スタンダード（内国株式）,金属製品,1740,1740,1711,1722,-25,-1.431025,44700,OK
2026-03-02,3422,Ｊ−ＭＡＸ,スタンダード（内国株式）,金属製品,439,444,438,439,-14,-3.090508,16600,OK
2026-03-02,3423,エスイー,スタンダード（内国株式）,金属製品,298,298,296,298,1,0.3367,28100,OK
2026-03-02,3426,アトムリビンテック,スタンダード（内国株式）,金属製品,1327,1327,1324,1324,-4,-0.301205,800,OK
2026-03-02,3431,宮地エンジニアリンググループ,プライム（内国株式）,金属製品,1925,1925,1893,1921,-21,-1.081359,232800,OK
2026-03-02,3433,トーカロ,プライム（内国株式）,金属製品,3025,3110,3015,3085,-40,-1.28,156600,OK
2026-03-02,3434,アルファ,スタンダード（内国株式）,金属製品,1378,1405,1368,1397,17,1.231884,22300,OK
2026-03-02,3435,サンコーテクノ,スタンダード（内国株式）,金属製品,1468,1494,1459,1489,21,1.430518,5300,OK
2026-03-02,3436,ＳＵＭＣＯ,プライム（内国株式）,金属製品,1747.5,1814,1740,1784,-43.5,-2.380301,7776300,OK
2026-03-02,3437,特殊電極,スタンダード（内国株式）,金属製品,3160,3160,3120,3160,-20,-0.628931,600,OK
2026-03-02,3439,三ツ知,スタンダード（内国株式）,金属製品,673,681,671,681,5,0.739645,4700,OK
2026-03-02,343A,ＩＡＣＥトラベル,スタンダード（内国株式）,サービス業,1400,1400,1316,1332,-90,-6.329114,39800,OK
2026-03-02,3440,日創グループ,スタンダード（内国株式）,金属製品,1023,1034,1015,1029,6,0.58651,8900,OK
2026-03-02,3441,山王,スタンダード（内国株式）,金属製品,1425,1478,1422,1465,50,3.533569,67700,OK
2026-03-02,3443,川田テクノロジーズ,プライム（内国株式）,金属製品,5280,5420,5230,5360,-160,-2.898551,65600,OK
2026-03-02,3444,菊池製作所,スタンダード（内国株式）,金属製品,822,873,800,837,-7,-0.829384,294000,OK
2026-03-02,3445,ＲＳ　Ｔｅｃｈｎｏｌｏｇｉｅｓ,プライム（内国株式）,金属製品,4070,4340,4060,4340,195,4.704463,251200,OK
2026-03-02,3446,ジェイテックコーポレーション,スタンダード（内国株式）,金属製品,2167,2332,2109,2301,84,3.788904,184900,OK
2026-03-02,3447,信和,スタンダード（内国株式）,金属製品,1070,1089,1062,1085,9,0.836431,72300,OK
2026-03-02,3448,清鋼材,TOKYO PRO MARKET（内国株式）,金属製品,,,,,,,,NO_QUOTE
2026-03-02,3449,テクノフレックス,スタンダード（内国株式）,金属製品,2491,2542,2456,2513,-28,-1.101928,80800,OK
2026-03-02,3450,サトウ産業,TOKYO PRO MARKET（内国株式）,金属製品,,,,,,,,NO_QUOTE
2026-03-02,3452,ビーロット,スタンダード（内国株式）,不動産業,1621,1638,1607,1616,-32,-1.941748,131100,OK
2026-03-02,3454,ファーストブラザーズ,スタンダード（内国株式）,不動産業,1238,1238,1203,1216,-32,-2.564103,11200,OK
2026-03-02,3457,Ａｎｄ　Ｄｏホールディングス,プライム（内国株式）,不動産業,1110,1126,1109,1123,-9,-0.795053,66000,OK
2026-03-02,3461,パルマ,スタンダード（内国株式）,不動産業,550,550,540,544,1,0.184162,3900,OK
2026-03-02,3465,ケイアイスター不動産,プライム（内国株式）,不動産業,7820,7910,7660,7850,-210,-2.605459,77100,OK
2026-03-02,3467,アグレ都市デザイン,スタンダード（内国株式）,不動産業,2771,2872,2746,2784,-61,-2.144112,10300,OK
2026-03-02,3469,デュアルタップ,スタンダード（内国株式）,不動産業,993,995,991,992,-1,-0.100705,8000,OK
2026-03-02,3474,Ｇ−ＦＡＣＴＯＲＹ,グロース（内国株式）,不動産業,551,554,550,554,1,0.180832,2300,OK
2026-03-02,3475,グッドコムアセット,プライム（内国株式）,不動産業,1537,1567,1527,1555,-2,-0.128452,272000,OK
2026-03-02,3477,フォーライフ,グロース（内国株式）,不動産業,912,914,910,914,11,1.218162,2900,OK
2026-03-02,3479,ティーケーピー,グロース（内国株式）,不動産業,2054,2099,2012,2062,9,0.438383,239800,OK
2026-03-02,347A,ＧＲＯＷＴＨ　ＰＯＷＥＲ,TOKYO PRO MARKET（内国株式）,卸売業,,,,,,,,NO_QUOTE
2026-03-02,3480,ジェイ・エス・ビー,プライム（内国株式）,不動産業,3445,3490,3440,3475,-25,-0.714286,24700,OK
2026-03-02,3482,ロードスターキャピタル,プライム（内国株式）,不動産業,3690,3805,3665,3790,5,0.1321,96000,OK
2026-03-02,3483,翔栄,TOKYO PRO MARKET（内国株式）,不動産業,,,,,,,,NO_QUOTE
2026-03-02,3484,イノベーションホールディングス,プライム（内国株式）,不動産業,1345,1363,1332,1345,-5,-0.37037,15100,OK
2026-03-02,3486,グローバル・リンク・マネジメント,プライム（内国株式）,不動産業,2380,2394,2330,2371,-49,-2.024793,79500,OK
2026-03-02,3489,フェイスネットワーク,スタンダード（内国株式）,不動産業,944,944,920,933,-26,-2.711157,128400,OK
2026-03-02,3490,アズ企画設計,スタンダード（内国株式）,不動産業,2890,2890,2870,2872,-20,-0.691563,4500,OK
2026-03-02,3491,ＧＡ　ｔｅｃｈｎｏｌｏｇｉｅｓ,グロース（内国株式）,不動産業,1647,1662,1624,1660,-27,-1.600474,195000,OK
2026-03-02,3494,マリオン,スタンダード（内国株式）,不動産業,380,383,378,383,-1,-0.260417,6700,OK
2026-03-02,3495,香陵住販,スタンダード（内国株式）,不動産業,2500,2502,2497,2497,-2,-0.080032,1200,OK
2026-03-02,3496,アズーム,プライム（内国株式）,不動産業,4400,4475,4365,4415,-85,-1.888889,96400,OK
2026-03-02,3498,霞ヶ関キャピタル,プライム（内国株式）,不動産業,7440,7500,7330,7400,-410,-5.24968,444100,OK
2026-03-02,3501,ＳＵＭＩＮＯＥ,プライム（内国株式）,繊維製品,1421,1429,1405,1418,-21,-1.459347,33000,OK
2026-03-02,350A,デジタルグリッド,グロース（内国株式）,電気･ガス業,844,878,817,855,12,1.423488,949700,OK
2026-03-02,3512,日本フエルト,スタンダード（内国株式）,繊維製品,882,904,877,904,11,1.231803,13000,OK
2026-03-02,3513,イチカワ,スタンダード（内国株式）,繊維製品,3470,3525,3425,3480,-60,-1.694915,5500,OK
2026-03-02,351A,アクシスＩＴパートナーズ,TOKYO PRO MARKET（内国株式）,情報･通信業,,,,,,,,NO_QUOTE
2026-03-02,3521,テルマー湯ホールディングス,スタンダード（内国株式）,サービス業,177,179,175,177,-1,-0.561798,106300,OK
2026-03-02,3524,日東製網,スタンダード（内国株式）,繊維製品,1637,1639,1629,1639,2,0.122175,6800,OK
2026-03-02,3529,アツギ,スタンダード（内国株式）,繊維製品,1086,1120,1080,1107,6,0.544959,56800,OK
2026-03-02,352A,ＬＯＩＶＥ,グロース（内国株式）,サービス業,773,777,766,766,-18,-2.295918,7300,OK
2026-03-02,3536,アクサスホールディングス,スタンダード（内国株式）,小売業,133,133,131,131,-1,-0.757576,22800,OK
2026-03-02,3537,昭栄薬品,スタンダード（内国株式）,卸売業,1620,1622,1618,1620,-1,-0.06169,2800,OK
2026-03-02,3538,ウイルプラスホールディングス,スタンダード（内国株式）,小売業,1072,1088,1063,1083,13,1.214953,48800,OK
2026-03-02,3539,ＪＭホールディングス,プライム（内国株式）,小売業,1707,1716,1691,1693,-38,-2.195263,67900,OK
2026-03-02,3541,農業総合研究所,グロース（内国株式）,卸売業,759,763,759,760,0,0,128900,OK
2026-03-02,3542,ベガコーポレーション,グロース（内国株式）,小売業,2061,2177,2052,2177,100,4.814636,77000,OK
2026-03-02,3543,コメダホールディングス,プライム（内国株式）,卸売業,2900,2932,2888,2917,-14,-0.477653,331500,OK
2026-03-02,3544,サツドラホールディングス,スタンダード（内国株式）,小売業,883,885,876,877,-8,-0.903955,9000,OK
2026-03-02,3546,アレンザホールディングス,プライム（内国株式）,小売業,1461,1462,1461,1461,0,0,301400,OK
2026-03-02,3547,串カツ田中ホールディングス,スタンダード（内国株式）,小売業,2036,2058,2011,2012,-73,-3.501199,54900,OK
2026-03-02,3548,バロックジャパンリミテッド,プライム（内国株式）,小売業,765,767,742,742,-28,-3.636364,437500,OK
2026-03-02,3549,クスリのアオキホールディングス,プライム（内国株式）,小売業,4000,4063,3955,3955,-109,-2.682087,178500,OK
2026-03-02,3550,スタジオアタオ,グロース（内国株式）,小売業,222,223,219,219,-6,-2.666667,22600,OK
2026-03-02,3551,ダイニック,スタンダード（内国株式）,繊維製品,1225,1243,1215,1224,-20,-1.607717,22600,OK
2026-03-02,3553,共和レザー,スタンダード（内国株式）,化学,1186,1202,1168,1200,-8,-0.662252,67600,OK
2026-03-02,3556,リネットジャパングループ,グロース（内国株式）,小売業,1020,1035,1002,1016,-18,-1.740812,163300,OK
2026-03-02,3557,ユナイテッド＆コレクティブ,グロース（内国株式）,小売業,941,944,940,942,0,0,10100,OK
2026-03-02,3558,ジェイドグループ,グロース（内国株式）,小売業,1675,1717,1669,1680,-26,-1.524033,106500,OK
2026-03-02,3559,ピーバンドットコム,スタンダード（内国株式）,卸売業,528,540,521,539,1,0.185874,21000,OK
2026-03-02,355A,ナウビレッジ,TOKYO PRO MARKET（内国株式）,サービス業,,,,,,,,NO_QUOTE
2026-03-02,3560,ほぼ日,スタンダード（内国株式）,小売業,3580,3580,3550,3580,0,0,1300,OK
2026-03-02,3561,力の源ホールディングス,プライム（内国株式）,小売業,1515,1518,1500,1500,-17,-1.120633,55800,OK
2026-03-02,3562,Ｎｏ．１,スタンダード（内国株式）,卸売業,1722,1728,1682,1683,-68,-3.883495,138500,OK
2026-03-02,3563,ＦＯＯＤ　＆　ＬＩＦＥ　ＣＯＭＰＡＮＩＥＳ,プライム（内国株式）,小売業,9804,10250,9794,10005,-60,-0.596125,892500,OK
2026-03-02,3565,アセンテック,スタンダード（内国株式）,卸売業,1276,1279,1246,1267,-60,-4.521477,156300,OK
2026-03-02,3566,ユニフォームネクスト,グロース（内国株式）,小売業,715,729,710,710,-12,-1.66205,12800,OK
2026-03-02,3569,セーレン,プライム（内国株式）,繊維製品,3595,3665,3565,3655,20,0.550206,296400,OK
2026-03-02,3571,ソトー,スタンダード（内国株式）,繊維製品,800,800,790,796,-8,-0.995025,25900,OK
2026-03-02,3577,東海染工,スタンダード（内国株式）,繊維製品,1001,1004,1001,1003,0,0,1400,OK
2026-03-02,357A,エフアンドエフ,TOKYO PRO MARKET（内国株式）,小売業,,,,,,,,NO_QUOTE
2026-03-02,3580,小松マテーレ,プライム（内国株式）,繊維製品,911,923,901,901,-25,-2.699784,41600,OK
2026-03-02,3583,オーベクス,スタンダード（内国株式）,繊維製品,1371,1385,1363,1385,6,0.435098,3300,OK
2026-03-02,358A,ゼン・ランド,TOKYO PRO MARKET（内国株式）,不動産業,,,,,,,,NO_QUOTE
2026-03-02,3591,ワコールホールディングス,プライム（内国株式）,繊維製品,4522,4605,4510,4579,38,0.83682,102400,OK
2026-03-02,3593,ホギメディカル,プライム（内国株式）,繊維製品,6690,6710,6680,6680,-30,-0.447094,17900,OK
2026-03-02,3597,自重堂,スタンダード（内国株式）,繊維製品,10240,10310,10240,10250,-100,-0.966184,2400,OK
2026-03-02,3598,山喜,スタンダード（内国株式）,繊維製品,171,171,170,170,0,0,11200,OK
2026-03-02,359A,ＮＥＸＴ　ＳＴＡＧＥ,TOKYO PRO MARKET（内国株式）,サービス業,,,,,,,,NO_QUOTE
2026-03-02,3600,フジックス,スタンダード（内国株式）,繊維製品,1761,1784,1734,1784,63,3.660662,1100,OK
2026-03-02,3607,クラウディアホールディングス,スタンダード（内国株式）,繊維製品,346,349,342,345,-2,-0.576369,9100,OK
2026-03-02,3608,ＴＳＩホールディングス,プライム（内国株式）,繊維製品,1123,1130,1107,1115,-36,-3.127715,421400,OK
2026-03-02,3611,マツオカコーポレーション,スタンダード（内国株式）,繊維製品,2527,2555,2495,2518,-49,-1.908843,35500,OK
2026-03-02,3612,ワールド,プライム（内国株式）,繊維製品,1622,1668,1606,1661,10,0.605694,468100,OK
2026-03-02,361A,リビングハウス,TOKYO PRO MARKET（内国株式）,小売業,,,,,,,,NO_QUOTE
2026-03-02,3622,ネットイヤーグループ,グロース（内国株式）,情報･通信業,571,575,571,574,-1,-0.173913,2000,OK
2026-03-02,3623,ビリングシステム,グロース（内国株式）,情報･通信業,1131,1142,1120,1130,-24,-2.079723,30400,OK
2026-03-02,3624,アクセルマーク,グロース（内国株式）,情報･通信業,76,77,75,76,0,0,69700,OK
2026-03-02,3625,テックファームホールディングス,グロース（内国株式）,情報･通信業,668,686,659,680,13,1.949025,17300,OK
2026-03-02,3626,ＴＩＳ,プライム（内国株式）,情報･通信業,3168,3179,3084,3092,-132,-4.094293,2107200,OK
2026-03-02,3627,テクミラホールディングス,スタンダード（内国株式）,情報･通信業,280,292,278,284,-18,-5.960265,504700,OK
2026-03-02,3628,データホライゾン,グロース（内国株式）,情報･通信業,466,500,463,483,17,3.648069,33400,OK
2026-03-02,362A,エクシオホールディングス,TOKYO PRO MARKET（内国株式）,サービス業,,,,,,,,NO_QUOTE
2026-03-02,3632,グリーホールディングス,プライム（内国株式）,情報･通信業,389,391,382,388,-8,-2.020202,601000,OK
2026-03-02,3633,ＧＭＯペパボ,スタンダード（内国株式）,情報･通信業,2048,2048,2011,2015,-34,-1.659346,6700,OK
2026-03-02,3634,ソケッツ,スタンダード（内国株式）,情報･通信業,870,877,865,865,-7,-0.802752,3900,OK
2026-03-02,3635,コーエーテクモホールディングス,プライム（内国株式）,情報･通信業,1766.5,1820,1760,1802.5,-1.5,-0.083149,3134900,OK
2026-03-02,3636,三菱総合研究所,プライム（内国株式）,情報･通信業,4930,4965,4865,4900,-130,-2.584493,55600,OK
2026-03-02,3639,ボルテージ,スタンダード（内国株式）,情報･通信業,251,251,246,248,-1,-0.401606,10700,OK
2026-03-02,3640,電算,スタンダード（内国株式）,情報･通信業,3715,3750,3640,3645,-140,-3.698811,35400,OK
2026-03-02,3641,パピレス,スタンダード（内国株式）,情報･通信業,1097,1097,1077,1083,-13,-1.186131,21900,OK
2026-03-02,3645,メディカルネット,グロース（内国株式）,情報･通信業,309,309,301,304,-4,-1.298701,24900,OK
2026-03-02,3646,駅探,グロース（内国株式）,情報･通信業,407,412,405,408,-5,-1.210654,14300,OK
2026-03-02,3647,アスリナ,スタンダード（内国株式）,情報･通信業,141,152,136,146,3,2.097902,1133200,OK
2026-03-02,3648,ＡＧＳ,スタンダード（内国株式）,情報･通信業,1271,1271,1237,1237,-60,-4.62606,29800,OK
2026-03-02,3649,ファインデックス,プライム（内国株式）,情報･通信業,925,943,916,932,5,0.539374,179300,OK
2026-03-02,3652,ディジタルメディアプロフェッショナル,グロース（内国株式）,情報･通信業,2321,2377,2299,2348,-23,-0.970055,34800,OK
2026-03-02,3653,モルフォ,グロース（内国株式）,情報･通信業,832,839,817,839,-6,-0.710059,17500,OK
2026-03-02,3655,ブレインパッド,プライム（内国株式）,情報･通信業,2692,2696,2690,2696,4,0.148588,96500,OK
2026-03-02,3656,ＫＬａｂ,プライム（内国株式）,情報･通信業,322,337,322,326,-9,-2.686567,3699800,OK
2026-03-02,3657,ポールトゥウィンホールディングス,プライム（内国株式）,情報･通信業,326,326,318,320,-6,-1.840491,248300,OK
2026-03-02,3659,ネクソン,プライム（内国株式）,情報･通信業,3391,3421,3230,3267,-54,-1.626016,2266900,OK
2026-03-02,365A,伊澤タオル,スタンダード（内国株式）,繊維製品,680,680,676,679,-5,-0.730994,192900,OK
2026-03-02,3660,アイスタイル,プライム（内国株式）,情報･通信業,472,477,465,468,-16,-3.305785,1248800,OK
2026-03-02,3661,エムアップホールディングス,プライム（内国株式）,情報･通信業,670,684,665,676,-7,-1.02489,917100,OK
2026-03-02,3662,エイチームホールディングス,プライム（内国株式）,情報･通信業,1027,1027,1009,1009,-31,-2.980769,98500,OK
2026-03-02,3663,セルシス,プライム（内国株式）,情報･通信業,1333,1335,1302,1302,-46,-3.412463,161500,OK
2026-03-02,3664,モブキャストホールディングス,グロース（内国株式）,情報･通信業,34,34,32,33,-1,-2.941176,2657200,OK
2026-03-02,3665,エニグモ,プライム（内国株式）,情報･通信業,425,426,407,410,-21,-4.87239,662300,OK
2026-03-02,3667,ｅｎｉｓｈ,スタンダード（内国株式）,情報･通信業,58,58,56,58,-2,-3.333333,1169200,OK
2026-03-02,3668,コロプラ,プライム（内国株式）,情報･通信業,438,450,436,446,2,0.45045,594100,OK
2026-03-02,366A,ウェルネス・コミュニケーションズ,グロース（内国株式）,サービス業,1000,1000,981,981,-31,-3.063241,54700,OK
2026-03-02,3670,協立情報通信,スタンダード（内国株式）,情報･通信業,2108,2130,2099,2130,6,0.282486,1400,OK
2026-03-02,3671,ソフトマックス,スタンダード（内国株式）,情報･通信業,322,328,321,322,-14,-4.166667,60500,OK
2026-03-02,3672,オルトプラス,スタンダード（内国株式）,情報･通信業,45,46,44,45,0,0,342900,OK
2026-03-02,3673,ブロードリーフ,プライム（内国株式）,情報･通信業,698,714,693,712,-6,-0.835655,694500,OK
2026-03-02,3674,オークファン,グロース（内国株式）,情報･通信業,339,339,337,338,-2,-0.588235,2000,OK
2026-03-02,3675,クロス・マーケティンググループ,スタンダード（内国株式）,情報･通信業,630,631,617,626,-10,-1.572327,63300,OK
2026-03-02,3676,デジタルハーツホールディングス,プライム（内国株式）,情報･通信業,886,985,875,932,35,3.901895,838200,OK
2026-03-02,3678,メディアドゥ,プライム（内国株式）,情報･通信業,1657,1710,1645,1693,42,2.543913,180300,OK
2026-03-02,3679,じげん,プライム（内国株式）,情報･通信業,441,445,436,438,-7,-1.573034,522500,OK
2026-03-02,367A,プリモグローバルホールディングス,スタンダード（内国株式）,小売業,2219,2307,2217,2285,22,0.972161,226500,OK
2026-03-02,3680,ホットリンク,グロース（内国株式）,情報･通信業,220,221,214,214,-11,-4.888889,137000,OK
2026-03-02,3681,ブイキューブ,プライム（内国株式）,情報･通信業,132,132,126,126,-11,-8.029197,520600,OK
2026-03-02,3682,エンカレッジ・テクノロジ,スタンダード（内国株式）,情報･通信業,689,693,686,686,-4,-0.57971,4700,OK
2026-03-02,3683,サイバーリンクス,スタンダード（内国株式）,情報･通信業,1209,1210,1178,1185,-29,-2.388797,39900,OK
2026-03-02,3686,ディー・エル・イー,スタンダード（内国株式）,情報･通信業,129,129,123,124,-7,-5.343511,227000,OK
2026-03-02,3687,フィックスターズ,プライム（内国株式）,情報･通信業,1498,1520,1485,1495,-57,-3.67268,308300,OK
2026-03-02,368A,北里コーポレーション,プライム（内国株式）,精密機器,1477,1508,1468,1474,-31,-2.059801,136400,OK
2026-03-02,3690,イルグルム,スタンダード（内国株式）,情報･通信業,577,580,572,576,-1,-0.17331,12000,OK
2026-03-02,3691,デジタルプラス,グロース（内国株式）,情報･通信業,1607,1655,1588,1638,-9,-0.546448,25300,OK
2026-03-02,3692,ＦＦＲＩセキュリティ,グロース（内国株式）,情報･通信業,8500,8680,8370,8450,230,2.798054,213600,OK
2026-03-02,3694,オプティム,プライム（内国株式）,情報･通信業,459,478,451,459,-6,-1.290323,348900,OK
2026-03-02,3695,ＧＭＯプロダクトプラットフォーム,グロース（内国株式）,情報･通信業,1761,1798,1737,1798,12,0.671892,3000,OK
2026-03-02,3696,セレス,プライム（内国株式）,情報･通信業,1593,1593,1557,1563,-55,-3.399258,165100,OK
2026-03-02,3697,ＳＨＩＦＴ,プライム（内国株式）,情報･通信業,677.3,697.5,666.2,667.5,-34.8,-4.955147,9199900,OK
2026-03-02,3698,ＣＲＩ・ミドルウェア,スタンダード（内国株式）,情報･通信業,971,971,949,965,-15,-1.530612,23600,OK
2026-03-02,369A,エータイ,グロース（内国株式）,サービス業,2740,2773,2700,2730,-73,-2.604352,22100,OK
2026-03-02,3708,特種東海製紙,プライム（内国株式）,パルプ・紙,1692,1698,1670,1684,-8,-0.472813,66400,OK
2026-03-02,370A,リバイブル,TOKYO PRO MARKET（内国株式）,不動産業,,,,,,,,NO_QUOTE
2026-03-02,3710,ジョルダン,スタンダード（内国株式）,情報･通信業,600,604,597,600,-1,-0.166389,2900,OK
2026-03-02,3712,情報企画,スタンダード（内国株式）,情報･通信業,5390,5680,5380,5550,150,2.777778,6700,OK
2026-03-02,3719,ＡＩストーム,スタンダード（内国株式）,情報･通信業,258,270,249,256,-8,-3.030303,1403000,OK
2026-03-02,371A,デージーネット,TOKYO PRO MARKET（内国株式）,情報･通信業,,,,,,,,NO_QUOTE
2026-03-02,3723,日本ファルコム,グロース（内国株式）,情報･通信業,2543,2565,2382,2503,-179,-6.674124,56700,OK
2026-03-02,3726,フォーシーズＨＤ,スタンダード（内国株式）,小売業,432,440,432,435,-5,-1.136364,23700,OK
2026-03-02,3727,アプリックス,グロース（内国株式）,情報･通信業,192,192,188,191,-5,-2.55102,132000,OK
2026-03-02,372A,レント,スタンダード（内国株式）,サービス業,6150,6150,6060,6060,-150,-2.415459,6000,OK
2026-03-02,3733,ソフトウェア・サービス,スタンダード（内国株式）,情報･通信業,13040,13050,12980,13050,0,0,1000,OK
2026-03-02,373A,リップス,グロース（内国株式）,化学,1603,1616,1591,1591,-30,-1.850709,8200,OK
2026-03-02,3741,セック,プライム（内国株式）,情報･通信業,3915,4060,3880,3995,-55,-1.358025,93600,OK
2026-03-02,3744,サイオス,スタンダード（内国株式）,情報･通信業,492,511,486,491,-9,-1.8,77800,OK
2026-03-02,3747,インタートレード,スタンダード（内国株式）,情報･通信業,640,650,632,633,-19,-2.91411,112400,OK
2026-03-02,374A,樋口総合研究所,TOKYO PRO MARKET（内国株式）,情報･通信業,,,,,,,,NO_QUOTE
2026-03-02,3750,ＡＤＲ１２０Ｓ,スタンダード（内国株式）,情報･通信業,883,890,880,885,2,0.226501,4300,OK
2026-03-02,3753,フライトソリューションズ,スタンダード（内国株式）,情報･通信業,147,147,143,145,-3,-2.027027,290600,OK
2026-03-02,3758,アエリア,スタンダード（内国株式）,情報･通信業,265,266,263,264,-4,-1.492537,26400,OK
2026-03-02,375A,ＹＡＫホールディングス,TOKYO PRO MARKET（内国株式）,不動産業,,,,,,,,NO_QUOTE
2026-03-02,3760,ケイブ,スタンダード（内国株式）,情報･通信業,661,666,655,664,-1,-0.150376,27400,OK
2026-03-02,3762,テクマトリックス,プライム（内国株式）,情報･通信業,1850,1868,1831,1838,-84,-4.370447,342100,OK
2026-03-02,3763,プロシップ,プライム（内国株式）,情報･通信業,1475,1484,1452,1464,-26,-1.744966,108800,OK
2026-03-02,3765,ガンホー・オンライン・エンターテイメント,プライム（内国株式）,情報･通信業,2569,2618,2555,2612,43,1.673803,549600,OK
2026-03-02,3766,システムズ・デザイン,スタンダード（内国株式）,情報･通信業,1302,1307,1290,1296,0,0,2900,OK
2026-03-02,3768,リスクモンスター,スタンダード（内国株式）,情報･通信業,566,575,560,570,-16,-2.730375,13200,OK
2026-03-02,3769,ＧＭＯペイメントゲートウェイ,プライム（内国株式）,情報･通信業,7804,7912,7727,7799,-292,-3.608948,388700,OK
2026-03-02,3771,システムリサーチ,プライム（内国株式）,情報･通信業,1857,1859,1820,1821,-56,-2.983484,82200,OK
2026-03-02,3772,ウェルス・マネジメント,スタンダード（内国株式）,不動産業,1091,1100,1080,1098,9,0.826446,84200,OK
2026-03-02,3773,アドバンスト・メディア,グロース（内国株式）,情報･通信業,1086,1086,1055,1068,-40,-3.610108,61200,OK
2026-03-02,3774,インターネットイニシアティブ,プライム（内国株式）,情報･通信業,2220,2241,2208,2230,-48,-2.107112,576800,OK
2026-03-02,3776,ブロードバンドタワー,スタンダード（内国株式）,情報･通信業,224,228,224,224,-6,-2.608696,437700,OK
2026-03-02,3777,環境フレンドリーホールディングス,グロース（内国株式）,情報･通信業,67,68,65,68,0,0,7885000,OK
2026-03-02,3778,さくらインターネット,プライム（内国株式）,情報･通信業,2979,3050,2950,3040,20,0.662252,392600,OK
2026-03-02,3779,ジェイ・エスコムホールディングス,スタンダード（内国株式）,情報･通信業,160,161,158,158,-6,-3.658537,63900,OK
2026-03-02,3787,テクノマセマティカル,スタンダード（内国株式）,情報･通信業,700,710,684,700,0,0,7200,OK
2026-03-02,3788,ＧＭＯグローバルサイン・ホールディングス,プライム（内国株式）,情報･通信業,2097,2097,2037,2040,-64,-3.041825,24100,OK
2026-03-02,378A,ヒット,グロース（内国株式）,サービス業,2338,2350,2281,2329,-11,-0.470085,28400,OK
2026-03-02,3791,ＩＧポート,スタンダード（内国株式）,情報･通信業,1305,1339,1271,1330,12,0.91047,147900,OK
2026-03-02,3793,ドリコム,グロース（内国株式）,情報･通信業,402,403,398,401,-8,-1.95599,120000,OK
2026-03-02,3796,いい生活,スタンダード（内国株式）,情報･通信業,510,514,507,508,-2,-0.392157,6000,OK
2026-03-02,3798,ＵＬＳグループ,スタンダード（内国株式）,情報･通信業,548,549,529,531,-27,-4.83871,273000,OK
2026-03-02,3799,キーウェアソリューションズ,スタンダード（内国株式）,情報･通信業,1199,1210,1192,1192,-7,-0.58382,12800,OK
2026-03-02,3800,ユニリタ,スタンダード（内国株式）,情報･通信業,1975,1978,1975,1975,-4,-0.202122,2200,OK
2026-03-02,3802,エコミック,スタンダード（内国株式）,情報･通信業,487,488,483,483,-4,-0.821355,5400,OK
2026-03-02,3803,イメージ情報開発,グロース（内国株式）,情報･通信業,665,665,612,617,-48,-7.218045,66700,OK
2026-03-02,3804,システム　ディ,スタンダード（内国株式）,情報･通信業,1569,1621,1569,1581,-23,-1.433915,600,OK
2026-03-02,3807,フィスコ,グロース（内国株式）,情報･通信業,110,112,109,110,-3,-2.654867,510100,OK
2026-03-02,3810,サイバーステップホールディングス,スタンダード（内国株式）,情報･通信業,234,252,232,232,-10,-4.132231,984200,OK
2026-03-02,3815,メディア工房,グロース（内国株式）,情報･通信業,474,475,471,474,0,0,13600,OK
2026-03-02,3816,大和コンピューター,スタンダード（内国株式）,情報･通信業,1180,1182,1166,1182,0,0,1000,OK
2026-03-02,3817,ＳＲＡホールディングス,プライム（内国株式）,情報･通信業,5040,5040,4960,5000,-60,-1.185771,22100,OK
2026-03-02,3823,ＴＨＥ　ＷＨＹ　ＨＯＷ　ＤＯ　ＣＯＭＰＡＮＹ,スタンダード（内国株式）,情報･通信業,57,58,56,57,-2,-3.389831,1075500,OK
2026-03-02,3825,リミックスポイント,スタンダード（内国株式）,小売業,226,228,222,224,-7,-3.030303,1135000,OK
2026-03-02,3826,システムインテグレータ,スタンダード（内国株式）,情報･通信業,502,504,499,501,-11,-2.148438,22800,OK
2026-03-02,3834,朝日ネット,プライム（内国株式）,情報･通信業,690,693,686,691,-2,-0.2886,46800,OK
2026-03-02,3835,ｅＢＡＳＥ,プライム（内国株式）,情報･通信業,429,429,421,422,-14,-3.211009,128200,OK
2026-03-02,3836,アバントグループ,プライム（内国株式）,情報･通信業,1415,1420,1385,1387,-39,-2.734923,212100,OK
2026-03-02,3837,アドソル日進,プライム（内国株式）,情報･通信業,1729,1735,1700,1710,-89,-4.947193,191500,OK
2026-03-02,3839,ＯＤＫソリューションズ,スタンダード（内国株式）,情報･通信業,640,642,637,642,2,0.3125,2300,OK
2026-03-02,3840,パス,スタンダード（内国株式）,情報･通信業,56,57,55,56,0,0,286200,OK
2026-03-02,3841,ジーダット,スタンダード（内国株式）,情報･通信業,1188,1188,1176,1176,-22,-1.836394,1900,OK
2026-03-02,3842,ネクストジェン,スタンダード（内国株式）,情報･通信業,1118,1135,1100,1125,-20,-1.746725,6300,OK
2026-03-02,3843,フリービット,プライム（内国株式）,情報･通信業,1608,1627,1589,1620,20,1.25,74900,OK
2026-03-02,3844,コムチュア,プライム（内国株式）,情報･通信業,1484,1539,1475,1535,36,2.401601,523700,OK
2026-03-02,3845,アイフリークモバイル,スタンダード（内国株式）,情報･通信業,247,257,247,255,-7,-2.671756,53400,OK
2026-03-02,3848,データ・アプリケーション,スタンダード（内国株式）,情報･通信業,971,975,955,975,-8,-0.813835,6300,OK
2026-03-02,3850,エヌ・ティ・ティ・データ・イントラマート,スタンダード（内国株式）,情報･通信業,3200,3225,3175,3205,-40,-1.232666,32900,OK
2026-03-02,3851,日本一ソフトウェア,スタンダード（内国株式）,情報･通信業,831,831,821,830,2,0.241546,2700,OK
2026-03-02,3853,アステリア,プライム（内国株式）,情報･通信業,1210,1241,1192,1226,-27,-2.154828,397100,OK
2026-03-02,3854,アイル,プライム（内国株式）,情報･通信業,2315,2346,2297,2317,-39,-1.655348,75600,OK
2026-03-02,3856,Ａｂａｌａｎｃｅ,スタンダード（内国株式）,電気機器,569,591,551,569,-50,-8.077544,784300,OK
2026-03-02,3858,ユビキタスＡＩ,スタンダード（内国株式）,情報･通信業,371,378,369,374,-3,-0.795756,74100,OK
2026-03-02,385A,山本通産,TOKYO PRO MARKET（内国株式）,卸売業,,,,,,,,NO_QUOTE
2026-03-02,3861,王子ホールディングス,プライム（内国株式）,パルプ・紙,970,987.9,962,987.9,3.4,0.345353,3959600,OK
2026-03-02,3863,日本製紙,プライム（内国株式）,パルプ・紙,1291,1336,1287,1332,14,1.062215,872500,OK
2026-03-02,3864,三菱製紙,プライム（内国株式）,パルプ・紙,842,874,833,870,15,1.754386,668200,OK
2026-03-02,3865,北越コーポレーション,プライム（内国株式）,パルプ・紙,1015,1056,1004,1041,4,0.385728,560500,OK
2026-03-02,386A,みのや,スタンダード（内国株式）,小売業,1549,1558,1540,1552,-6,-0.385109,9400,OK
2026-03-02,3877,中越パルプ工業,プライム（内国株式）,パルプ・紙,2025,2025,1990,1994,-42,-2.062868,106300,OK
2026-03-02,3878,巴川コーポレーション,スタンダード（内国株式）,化学,922,931,901,904,-32,-3.418803,40700,OK
2026-03-02,387A,フラー,グロース（内国株式）,情報･通信業,1200,1210,1172,1210,4,0.331675,3700,OK
2026-03-02,3880,大王製紙,プライム（内国株式）,パルプ・紙,1151,1168,1133,1163,-11,-0.936968,502800,OK
2026-03-02,3891,ニッポン高度紙工業,スタンダード（内国株式）,パルプ・紙,4145,4340,4115,4320,40,0.934579,138600,OK
2026-03-02,3892,岡山製紙,スタンダード（内国株式）,パルプ・紙,1989,1989,1943,1943,-52,-2.606516,3800,OK
2026-03-02,3895,ハビックス,スタンダード（内国株式）,パルプ・紙,463,463,450,455,-7,-1.515152,17400,OK
2026-03-02,3896,阿波製紙,スタンダード（内国株式）,パルプ・紙,429,429,413,416,-20,-4.587156,85600,OK
2026-03-02,389A,八光オートメーション,TOKYO PRO MARKET（内国株式）,電気機器,,,,,,,,NO_QUOTE
2026-03-02,3900,クラウドワークス,グロース（内国株式）,情報･通信業,697,743,675,708,36,5.357143,710000,OK
2026-03-02,3901,マークラインズ,プライム（内国株式）,情報･通信業,1697,1697,1656,1678,-31,-1.813926,95900,OK
2026-03-02,3902,メディカル・データ・ビジョン,プライム（内国株式）,情報･通信業,1679,1684,1679,1680,1,0.059559,75100,OK
2026-03-02,3903,ｇｕｍｉ,プライム（内国株式）,情報･通信業,327,331,324,325,-10,-2.985075,619600,OK
2026-03-02,3904,カヤック,グロース（内国株式）,情報･通信業,473,473,452,454,-16,-3.404255,57700,OK
2026-03-02,3905,データセクション,グロース（内国株式）,情報･通信業,1852,1854,1797,1799,-98,-5.166052,590200,OK
2026-03-02,3907,シリコンスタジオ,スタンダード（内国株式）,情報･通信業,680,686,677,683,-1,-0.146199,8100,OK
2026-03-02,3908,コラボス,グロース（内国株式）,情報･通信業,406,412,405,409,3,0.738916,53500,OK
2026-03-02,3909,ショーケース,スタンダード（内国株式）,情報･通信業,257,259,257,258,-2,-0.769231,1500,OK
2026-03-02,3910,エムケイシステム,スタンダード（内国株式）,情報･通信業,306,306,298,301,-5,-1.633987,14300,OK
2026-03-02,3911,Ａｉｍｉｎｇ,グロース（内国株式）,情報･通信業,211,213,210,212,-1,-0.469484,247200,OK
2026-03-02,3912,モバイルファクトリー,スタンダード（内国株式）,情報･通信業,1215,1215,1182,1196,-16,-1.320132,36700,OK
2026-03-02,3913,ＧｒｅｅｎＢｅｅ,スタンダード（内国株式）,情報･通信業,1063,1105,1045,1082,-36,-3.220036,144900,OK
2026-03-02,3914,ＪＩＧ−ＳＡＷ,グロース（内国株式）,情報･通信業,2500,2500,2398,2440,-64,-2.555911,32600,OK
2026-03-02,3915,テラスカイ,プライム（内国株式）,情報･通信業,1770,1770,1700,1705,-81,-4.535274,199000,OK
2026-03-02,3916,デジタル・インフォメーション・テクノロジー,プライム（内国株式）,情報･通信業,1050,1050,1011,1016,-37,-3.51377,118200,OK
2026-03-02,3917,アイリッジ,グロース（内国株式）,情報･通信業,625,626,612,626,1,0.16,49700,OK
2026-03-02,3918,ＰＣＩホールディングス,スタンダード（内国株式）,情報･通信業,1214,1215,1190,1200,-17,-1.396878,21500,OK
2026-03-02,3920,アイビーシー,スタンダード（内国株式）,情報･通信業,958,983,945,978,9,0.928793,22100,OK
2026-03-02,3921,ネオジャパン,プライム（内国株式）,情報･通信業,1783,1786,1736,1743,-60,-3.327787,53400,OK
2026-03-02,3922,ＰＲ　ＴＩＭＥＳ,プライム（内国株式）,情報･通信業,2361,2376,2320,2320,-77,-3.212349,102500,OK
2026-03-02,3923,ラクス,プライム（内国株式）,情報･通信業,850,865,822,822,-50.8,-5.820348,4219600,OK
2026-03-02,3924,ランドコンピュータ,プライム（内国株式）,情報･通信業,941,941,932,935,-6,-0.63762,30400,OK
2026-03-02,3925,ダブルスタンダード,プライム（内国株式）,情報･通信業,1506,1523,1491,1512,-9,-0.591716,69900,OK
2026-03-02,3926,オープンドア,プライム（内国株式）,情報･通信業,359,359,345,345,-20,-5.479452,48500,OK
2026-03-02,3927,フーバーブレイン,スタンダード（内国株式）,情報･通信業,862,877,850,858,-33,-3.703704,49900,OK
2026-03-02,3928,マイネット,スタンダード（内国株式）,情報･通信業,292,300,291,299,-1,-0.333333,44700,OK
2026-03-02,3929,ソーシャルワイヤー,グロース（内国株式）,情報･通信業,301,314,300,311,2,0.647249,20600,OK
2026-03-02,3930,はてな,グロース（内国株式）,情報･通信業,927,946,916,944,2,0.212314,8200,OK
2026-03-02,3931,バリューゴルフ,グロース（内国株式）,情報･通信業,1613,1640,1613,1630,32,2.002503,3200,OK
2026-03-02,3932,アカツキ,プライム（内国株式）,情報･通信業,3010,3140,2980,3130,50,1.623377,82500,OK
2026-03-02,3933,チエル,スタンダード（内国株式）,情報･通信業,677,681,675,681,3,0.442478,4200,OK
2026-03-02,3934,ベネフィットジャパン,スタンダード（内国株式）,情報･通信業,2115,2116,2100,2102,-27,-1.268201,1700,OK
2026-03-02,3935,エディア,スタンダード（内国株式）,情報･通信業,725,742,711,732,-38,-4.935065,103000,OK
2026-03-02,3936,グローバルウェイ,グロース（内国株式）,情報･通信業,137,137,132,133,-6,-4.316547,128500,OK
2026-03-02,3937,Ｕｂｉｃｏｍホールディングス,スタンダード（内国株式）,情報･通信業,999,999,979,995,-14,-1.387512,71300,OK
2026-03-02,3939,カナミックネットワーク,プライム（内国株式）,情報･通信業,550,559,546,555,2,0.361664,142200,OK
2026-03-02,393A,ＲｉｔａＸ,TOKYO PRO MARKET（内国株式）,サービス業,,,,,,,,NO_QUOTE
2026-03-02,3940,ノムラシステムコーポレーション,スタンダード（内国株式）,情報･通信業,144,145,143,144,-2,-1.369863,322400,OK
2026-03-02,3941,レンゴー,プライム（内国株式）,パルプ・紙,1535,1557.5,1512.5,1554,-6.5,-0.416533,1039500,OK
2026-03-02,3943,大石産業,スタンダード（内国株式）,パルプ・紙,1470,1480,1453,1480,-6,-0.403769,5100,OK
2026-03-02,3944,古林紙工,スタンダード（内国株式）,パルプ・紙,2699,2739,2696,2739,40,1.48203,700,OK
2026-03-02,3945,スーパーバッグ,スタンダード（内国株式）,パルプ・紙,2661,2672,2657,2669,-1,-0.037453,2800,OK
2026-03-02,3946,トーモク,プライム（内国株式）,パルプ・紙,3650,3680,3615,3670,-30,-0.810811,50400,OK
2026-03-02,3947,ダイナパック,スタンダード（内国株式）,パルプ・紙,2532,2647,2517,2647,103,4.048742,5900,OK
2026-03-02,3948,光ビジネスフォーム,スタンダード（内国株式）,パルプ・紙,1220,1256,1220,1248,-20,-1.577287,1200,OK
2026-03-02,3950,ザ・パック,プライム（内国株式）,パルプ・紙,1321,1322,1303,1308,-30,-2.242152,98400,OK
2026-03-02,3951,朝日印刷,スタンダード（内国株式）,パルプ・紙,907,909,900,900,-8,-0.881057,16200,OK
2026-03-02,3953,大村紙業,スタンダード（内国株式）,パルプ・紙,871,871,840,840,-33,-3.780069,10600,OK
2026-03-02,3954,昭和パックス,スタンダード（内国株式）,パルプ・紙,3160,3160,3130,3150,10,0.318471,1900,OK
2026-03-02,3955,イムラ,スタンダード（内国株式）,パルプ・紙,947,947,936,940,-11,-1.156677,4100,OK
2026-03-02,3958,笹徳印刷,スタンダード（内国株式）,パルプ・紙,585,585,580,581,-4,-0.683761,3100,OK
2026-03-02,3961,シルバーエッグ・テクノロジー,グロース（内国株式）,情報･通信業,764,765,763,765,2,0.262123,3800,OK
2026-03-02,3962,チェンジホールディングス,プライム（内国株式）,情報･通信業,969,985,964,975,-24,-2.402402,402000,OK
2026-03-02,3963,シンクロ・フード,プライム（内国株式）,情報･通信業,523,524,508,515,-18,-3.377111,246400,OK
2026-03-02,3964,オークネット,プライム（内国株式）,情報･通信業,2364,2459,2355,2393,-44,-1.805499,126000,OK
2026-03-02,3965,キャピタル・アセット・プランニング,スタンダード（内国株式）,情報･通信業,856,859,830,857,1,0.116822,10000,OK
2026-03-02,3967,エルテス,グロース（内国株式）,情報･通信業,620,621,606,611,-12,-1.926164,35300,OK
2026-03-02,3968,セグエグループ,プライム（内国株式）,情報･通信業,511,516,503,509,-12,-2.303263,455700,OK
2026-03-02,3969,エイトレッド,スタンダード（内国株式）,情報･通信業,1433,1433,1413,1414,-8,-0.562588,7500,OK
2026-03-02,3970,イノベーション,グロース（内国株式）,情報･通信業,942,950,942,950,-6,-0.627615,1100,OK
2026-03-02,3974,ＳＣＡＴ,スタンダード（内国株式）,情報･通信業,593,593,588,591,4,0.681431,10400,OK
2026-03-02,3976,シャノン,グロース（内国株式）,情報･通信業,400,409,383,404,-1,-0.246914,34400,OK
2026-03-02,3979,うるる,グロース（内国株式）,情報･通信業,380,382,370,375,-8,-2.088773,47400,OK
2026-03-02,3981,ビーグリー,スタンダード（内国株式）,情報･通信業,1309,1310,1286,1304,-2,-0.153139,8600,OK
2026-03-02,3983,オロ,プライム（内国株式）,情報･通信業,1985,1989,1948,1958,-38,-1.903808,54300,OK
2026-03-02,3984,ユーザーローカル,プライム（内国株式）,情報･通信業,1600,1600,1561,1565,-84,-5.093996,118600,OK
2026-03-02,3985,テモナ,スタンダード（内国株式）,情報･通信業,212,212,209,209,-1,-0.47619,17700,OK
2026-03-02,3986,ビーブレイクシステムズ,グロース（内国株式）,情報･通信業,508,514,507,507,-4,-0.782779,4800,OK
2026-03-02,3987,エコモット,グロース（内国株式）,情報･通信業,516,519,510,512,-7,-1.348748,8500,OK
2026-03-02,3988,ＳＹＳホールディングス,スタンダード（内国株式）,情報･通信業,548,551,540,550,2,0.364964,2300,OK
2026-03-02,3989,シェアリングテクノロジー,グロース（内国株式）,情報･通信業,1204,1218,1166,1209,-25,-2.025932,199800,OK
2026-03-02,398A,リアルクオリティ,TOKYO PRO MARKET（内国株式）,サービス業,,,,,,,,NO_QUOTE
2026-03-02,3991,ウォンテッドリー,グロース（内国株式）,情報･通信業,1120,1123,1107,1112,-18,-1.59292,3200,OK
2026-03-02,3992,ニーズウェル,プライム（内国株式）,情報･通信業,538,549,532,540,-5,-0.917431,303600,OK
2026-03-02,3993,ＰＫＳＨＡ　Ｔｅｃｈｎｏｌｏｇｙ,プライム（内国株式）,情報･通信業,3345,3405,3250,3250,-165,-4.831625,604900,OK
2026-03-02,3994,マネーフォワード,プライム（内国株式）,情報･通信業,3131,3202,3064,3083,-107,-3.354232,1003600,OK
2026-03-02,3996,サインポスト,スタンダード（内国株式）,情報･通信業,268,268,259,261,-9,-3.333333,123300,OK
2026-03-02,3997,トレードワークス,スタンダード（内国株式）,情報･通信業,505,517,489,492,-38,-7.169811,756300,OK
2026-03-02,3998,すららネット,グロース（内国株式）,情報･通信業,328,332,327,328,-4,-1.204819,3600,OK
2026-03-02,4004,レゾナック・ホールディングス,プライム（内国株式）,化学,11880,12500,11635,12490,560,4.694049,3540400,OK
2026-03-02,4005,住友化学,プライム（内国株式）,化学,549.7,556.8,540.5,556.1,-13.6,-2.387221,18246000,OK
2026-03-02,4008,住友精化,プライム（内国株式）,化学,7080,7360,6890,7330,180,2.517483,77200,OK
2026-03-02,4011,ヘッドウォータース,グロース（内国株式）,情報･通信業,2800,2805,2719,2754,-81,-2.857143,30000,OK
2026-03-02,4012,アクシス,スタンダード（内国株式）,情報･通信業,1615,1652,1605,1620,-29,-1.758642,38500,OK
2026-03-02,4013,勤次郎,グロース（内国株式）,情報･通信業,727,738,707,719,-23,-3.09973,187400,OK
2026-03-02,4014,カラダノート,グロース（内国株式）,情報･通信業,449,452,443,452,3,0.668151,7400,OK
2026-03-02,4015,ペイクラウドホールディングス,グロース（内国株式）,情報･通信業,481,481,467,472,-12,-2.479339,37900,OK
2026-03-02,4016,ＭＩＴホールディングス,スタンダード（内国株式）,情報･通信業,916,924,912,918,-6,-0.649351,5700,OK
2026-03-02,4017,クリーマ,グロース（内国株式）,情報･通信業,239,239,235,235,-3,-1.260504,4300,OK
2026-03-02,4019,スタメン,グロース（内国株式）,情報･通信業,634,642,582,624,-36,-5.454545,483100,OK
2026-03-02,4020,ビートレンド,グロース（内国株式）,情報･通信業,714,714,703,705,-9,-1.260504,4400,OK
2026-03-02,4021,日産化学,プライム（内国株式）,化学,6815,6925,6736,6897,-210,-2.954833,1306100,OK
2026-03-02,4022,ラサ工業,プライム（内国株式）,化学,10000,10520,9980,10390,70,0.678295,141900,OK
2026-03-02,4023,クレハ,プライム（内国株式）,化学,4835,4890,4785,4860,-45,-0.917431,349300,OK
2026-03-02,4025,多木化学,プライム（内国株式）,化学,3845,3870,3790,3835,-65,-1.666667,38300,OK
2026-03-02,4026,神島化学工業,スタンダード（内国株式）,ガラス･土石製品,1987,2035,1939,2010,20,1.005025,198700,OK
2026-03-02,4027,テイカ,プライム（内国株式）,化学,1800,1858,1772,1848,25,1.371366,133500,OK
2026-03-02,4028,石原産業,プライム（内国株式）,化学,3800,3850,3715,3840,-80,-2.040816,285000,OK
2026-03-02,402A,アクセルスペースホールディングス,グロース（内国株式）,輸送用機器,728,770,718,742,-10,-1.329787,5837400,OK
2026-03-02,4031,片倉コープアグリ,スタンダード（内国株式）,化学,1003,1035,1001,1030,21,2.081269,30300,OK
2026-03-02,403A,北條組,TOKYO PRO MARKET（内国株式）,建設業,,,,,,,,NO_QUOTE
2026-03-02,4040,南海化学,スタンダード（内国株式）,化学,3815,3825,3730,3730,-200,-5.089059,14400,OK
2026-03-02,4041,日本曹達,プライム（内国株式）,化学,4105,4185,4075,4165,-20,-0.477897,148100,OK
2026-03-02,4042,東ソー,プライム（内国株式）,化学,2659,2718.5,2629,2718.5,-11,-0.403004,1078500,OK
2026-03-02,4043,トクヤマ,プライム（内国株式）,化学,4336,4400,4280,4376,-100,-2.234138,856800,OK
2026-03-02,4044,セントラル硝子,プライム（内国株式）,化学,4330,4415,4200,4400,-10,-0.226757,171900,OK
2026-03-02,4045,東亞合成,プライム（内国株式）,化学,1897.5,1914.5,1870,1909.5,-13,-0.676203,316700,OK
2026-03-02,4046,大阪ソーダ,プライム（内国株式）,化学,2337,2395,2310,2376,22,0.934579,330100,OK
2026-03-02,4047,関東電化工業,プライム（内国株式）,化学,1744,1795,1743,1764,-1,-0.056657,380900,OK
2026-03-02,4051,ＧＭＯフィナンシャルゲート,プライム（内国株式）,情報･通信業,5110,5260,5070,5260,-30,-0.567108,52000,OK
2026-03-02,4052,フィーチャ,グロース（内国株式）,情報･通信業,289,301,289,296,8,2.777778,36700,OK
2026-03-02,4053,Ｓｕｎ　Ａｓｔｅｒｉｓｋ,プライム（内国株式）,情報･通信業,405,407,400,402,-15,-3.597122,275800,OK
2026-03-02,4054,日本情報クリエイト,グロース（内国株式）,情報･通信業,603,607,593,596,-16,-2.614379,53800,OK
2026-03-02,4055,ティアンドエスグループ,グロース（内国株式）,情報･通信業,1695,1720,1674,1702,-54,-3.075171,79200,OK
2026-03-02,4056,ニューラルグループ,グロース（内国株式）,情報･通信業,382,386,370,376,-22,-5.527638,118000,OK
2026-03-02,4057,インターファクトリー,グロース（内国株式）,情報･通信業,403,403,399,400,-3,-0.744417,2300,OK
2026-03-02,4058,トヨクモ,グロース（内国株式）,情報･通信業,1825,1848,1797,1836,-22,-1.184069,83900,OK
2026-03-02,4059,まぐまぐ,スタンダード（内国株式）,情報･通信業,510,510,505,507,-3,-0.588235,4000,OK
2026-03-02,405A,コヤマ・ミライエ,TOKYO PRO MARKET（内国株式）,卸売業,,,,,,,,NO_QUOTE
2026-03-02,4060,ｒａｋｕｍｏ,グロース（内国株式）,情報･通信業,1160,1164,1143,1147,-32,-2.714165,17400,OK
2026-03-02,4061,デンカ,プライム（内国株式）,化学,3553,3565,3415,3521,-158,-4.294645,2062100,OK
2026-03-02,4062,イビデン,プライム（内国株式）,電気機器,9400,9750,9260,9368,-169,-1.772046,6120700,OK
2026-03-02,4063,信越化学工業,プライム（内国株式）,化学,6140,6323,6073,6323,155,2.51297,9560500,OK
2026-03-02,4064,日本カーバイド工業,プライム（内国株式）,化学,3100,3155,3045,3155,-5,-0.158228,79600,OK
2026-03-02,4068,ベイシス,グロース（内国株式）,情報･通信業,1820,1820,1788,1788,-6,-0.334448,1900,OK
2026-03-02,4069,ＢｌｕｅＭｅｍｅ,グロース（内国株式）,情報･通信業,1050,1055,1001,1045,-11,-1.041667,9700,OK
2026-03-02,406A,環境のミカタホールディングス,TOKYO PRO MARKET（内国株式）,サービス業,,,,,,,,NO_QUOTE
2026-03-02,4071,プラスアルファ・コンサルティング,プライム（内国株式）,情報･通信業,2182,2231,2170,2197,-43,-1.919643,213300,OK
2026-03-02,4072,電算システムホールディングス,プライム（内国株式）,情報･通信業,3075,3075,3010,3015,-100,-3.210273,61300,OK
2026-03-02,4073,ジィ・シィ企画,グロース（内国株式）,情報･通信業,555,556,550,550,-15,-2.654867,3900,OK
2026-03-02,4074,ラキール,グロース（内国株式）,情報･通信業,761,761,724,732,-29,-3.810775,32500,OK
2026-03-02,4075,ブレインズテクノロジー,グロース（内国株式）,情報･通信業,837,845,837,844,-1,-0.118343,4900,OK
2026-03-02,4076,シイエヌエス,グロース（内国株式）,情報･通信業,1720,1720,1705,1710,0,0,2200,OK
2026-03-02,4078,堺化学工業,プライム（内国株式）,化学,4020,4175,3980,4175,25,0.60241,186400,OK
2026-03-02,407A,ＵＮＩＣＯＮホールディングス,スタンダード（内国株式）,建設業,1086,1098,1068,1098,-18,-1.612903,54000,OK
2026-03-02,4082,第一稀元素化学工業,プライム（内国株式）,化学,2710,2816,2705,2735,-75,-2.669039,440300,OK
2026-03-02,4088,エア・ウォーター,プライム（内国株式）,化学,2110,2153,2100,2130,-39.5,-1.820696,1780900,OK
2026-03-02,4091,日本酸素ホールディングス,プライム（内国株式）,化学,5893,6129,5855,6112,119,1.98565,782600,OK
2026-03-02,4092,日本化学工業,プライム（内国株式）,化学,3505,3625,3485,3610,15,0.417246,101600,OK
2026-03-02,4093,東邦アセチレン,スタンダード（内国株式）,化学,464,464,443,452,-13,-2.795699,391800,OK
2026-03-02,4094,日本化学産業,スタンダード（内国株式）,化学,2729,2782,2706,2782,35,1.274117,15500,OK
2026-03-02,4095,日本パーカライジング,プライム（内国株式）,化学,1588,1620,1586,1616,18,1.126408,259300,OK
2026-03-02,4097,高圧ガス工業,プライム（内国株式）,化学,1145,1156,1121,1139,-1,-0.087719,115200,OK
2026-03-02,4098,チタン工業,スタンダード（内国株式）,化学,1200,1200,1158,1170,-30,-2.5,24400,OK
2026-03-02,4099,四国化成ホールディングス,プライム（内国株式）,化学,5110,5200,5060,5170,-70,-1.335878,195200,OK
2026-03-02,409A,オリオンビール,プライム（内国株式）,食料品,1335,1337,1315,1322,-22,-1.636905,390100,OK
2026-03-02,4100,戸田工業,スタンダード（内国株式）,化学,1560,1560,1505,1513,-72,-4.542587,72300,OK
2026-03-02,4102,丸尾カルシウム,スタンダード（内国株式）,化学,1452,1467,1452,1454,-9,-0.615174,1400,OK
2026-03-02,4107,伊勢化学工業,スタンダード（内国株式）,化学,6560,6800,6510,6710,0,0,538000,OK
2026-03-02,4109,ステラ　ケミファ,プライム（内国株式）,化学,5470,5680,5420,5600,-10,-0.178253,50200,OK
2026-03-02,410A,ＧＭＯコマース,グロース（内国株式）,サービス業,1135,1135,1092,1112,-19,-1.679929,38200,OK
2026-03-02,4112,保土谷化学工業,プライム（内国株式）,化学,2341,2375,2266,2367,-24,-1.003764,81900,OK
2026-03-02,4113,田岡化学工業,スタンダード（内国株式）,化学,1104,1120,1097,1113,-21,-1.851852,91800,OK
2026-03-02,4114,日本触媒,プライム（内国株式）,化学,2500,2524,2455,2524,-20.5,-0.805659,773700,OK
2026-03-02,4116,大日精化工業,プライム（内国株式）,化学,4950,5050,4900,5020,-30,-0.594059,45100,OK
2026-03-02,4118,カネカ,プライム（内国株式）,化学,5192,5270,5142,5270,-9,-0.170487,229400,OK
2026-03-02,4119,日本ピグメントホールディングス,スタンダード（内国株式）,化学,4760,4830,4665,4770,-60,-1.242236,6600,OK
2026-03-02,411A,日本マリタイムバンク,TOKYO PRO MARKET（内国株式）,その他金融業,,,,,,,,NO_QUOTE
2026-03-02,4120,スガイ化学工業,スタンダード（内国株式）,化学,2398,2431,2331,2381,21,0.889831,3400,OK
2026-03-02,4124,大阪油化工業,スタンダード（内国株式）,化学,2431,2471,2425,2471,34,1.395158,1600,OK
2026-03-02,4125,三和油化工業,スタンダード（内国株式）,化学,3195,3300,3080,3220,-25,-0.770416,54200,OK
2026-03-02,414A,オーバーラップホールディングス,グロース（内国株式）,情報･通信業,1030,1048,1026,1026,-24,-2.285714,112400,OK
2026-03-02,4151,協和キリン,プライム（内国株式）,医薬品,2874.5,2876,2787,2807.5,-77.5,-2.686308,1020200,OK
2026-03-02,415A,ＧＭＯ　ＴＥＣＨホールディングス,グロース（内国株式）,サービス業,5540,5680,5500,5670,80,1.431127,5300,OK
2026-03-02,4165,プレイド,グロース（内国株式）,情報･通信業,570,575,545,554,-15,-2.636204,656200,OK
2026-03-02,4166,かっこ,グロース（内国株式）,情報･通信業,720,729,715,720,-9,-1.234568,6300,OK
2026-03-02,4167,ココペリ,グロース（内国株式）,情報･通信業,289,289,286,287,-2,-0.692042,5600,OK
2026-03-02,4168,ヤプリ,グロース（内国株式）,情報･通信業,740,743,723,731,-24,-3.178808,109300,OK
2026-03-02,4169,ＥＮＥＣＨＡＮＧＥ,グロース（内国株式）,情報･通信業,259,263,254,263,-3,-1.12782,250000,OK
2026-03-02,416A,富士ユナイトホールディングス,スタンダード（内国株式）,卸売業,1320,1341,1295,1298,-17,-1.292776,31100,OK
2026-03-02,4170,Ｋａｉｚｅｎ　Ｐｌａｔｆｏｒｍ,グロース（内国株式）,情報･通信業,175,176,169,173,-4,-2.259887,236800,OK
2026-03-02,4171,グローバルインフォメーション,スタンダード（内国株式）,情報･通信業,1400,1419,1400,1403,-15,-1.057828,3600,OK
2026-03-02,4172,Ｈｉクラテス,スタンダード（内国株式）,情報･通信業,2425,2425,2411,2411,-11,-0.45417,1900,OK
2026-03-02,4174,アピリッツ,スタンダード（内国株式）,情報･通信業,658,658,657,658,-3,-0.453858,900,OK
2026-03-02,4175,ｃｏｌｙ,グロース（内国株式）,情報･通信業,1827,1869,1814,1862,7,0.377358,2800,OK
2026-03-02,4176,ココナラ,グロース（内国株式）,情報･通信業,297,300,290,293,-9,-2.980132,375600,OK
2026-03-02,4177,ｉ‐ｐｌｕｇ,グロース（内国株式）,情報･通信業,1698,1698,1657,1680,-19,-1.118305,15300,OK
2026-03-02,4178,Ｓｈａｒｉｎｇ　Ｉｎｎｏｖａｔｉｏｎｓ,グロース（内国株式）,情報･通信業,568,568,567,567,-1,-0.176056,500,OK
2026-03-02,4179,ジーネクスト,グロース（内国株式）,情報･通信業,290,293,285,287,-4,-1.37457,14800,OK
2026-03-02,417A,ブルーゾーンホールディングス,プライム（内国株式）,小売業,9640,9678,9542,9582,-48,-0.498442,53600,OK
2026-03-02,4180,Ａｐｐｉｅｒ　Ｇｒｏｕｐ,プライム（内国株式）,情報･通信業,819,834,795,806,-22,-2.657005,2052400,OK
2026-03-02,4182,三菱瓦斯化学,プライム（内国株式）,化学,4307,4746,4287,4746,382,8.753437,2589600,OK
2026-03-02,4183,三井化学,プライム（内国株式）,化学,2316.5,2342.5,2274,2336,-44,-1.848739,2563800,OK
2026-03-02,4186,東京応化工業,プライム（内国株式）,化学,9070,9639,9010,9635,415,4.501085,1614900,OK
2026-03-02,4187,大阪有機化学工業,プライム（内国株式）,化学,4615,4765,4570,4755,25,0.528541,85200,OK
2026-03-02,4188,三菱ケミカルグループ,プライム（内国株式）,化学,1145.5,1171,1124,1159.5,-1,-0.08617,4815300,OK
2026-03-02,4189,ＫＨネオケム,プライム（内国株式）,化学,3060,3120,3040,3100,-15,-0.481541,174300,OK
2026-03-02,4192,スパイダープラス,グロース（内国株式）,情報･通信業,267,268,258,263,-8,-2.95203,384800,OK
2026-03-02,4193,ファブリカホールディングス,スタンダード（内国株式）,情報･通信業,2074,2150,2074,2149,91,4.421769,28400,OK
2026-03-02,4194,ビジョナル,プライム（内国株式）,情報･通信業,7503,7564,7224,7336,-17,-0.231198,605200,OK
2026-03-02,4196,ネオマーケティング,スタンダード（内国株式）,情報･通信業,1350,1370,1340,1356,2,0.14771,1500,OK
2026-03-02,4197,アスマーク,スタンダード（内国株式）,情報･通信業,2353,2353,2349,2351,-8,-0.339127,1400,OK
2026-03-02,4198,テンダ,スタンダード（内国株式）,情報･通信業,560,564,545,558,-4,-0.711744,16500,OK
2026-03-02,4199,ワンダープラネット,グロース（内国株式）,情報･通信業,1208,1208,1124,1131,-93,-7.598039,107100,OK
2026-03-02,419A,ラングローブ,TOKYO PRO MARKET（内国株式）,小売業,,,,,,,,NO_QUOTE
2026-03-02,4202,ダイセル,プライム（内国株式）,化学,1574,1606,1548,1606,-33.5,-2.043306,1270300,OK
2026-03-02,4203,住友ベークライト,プライム（内国株式）,化学,5969,5974,5820,5944,-75,-1.246054,389900,OK
2026-03-02,4204,積水化学工業,プライム（内国株式）,化学,2979,3026,2966,3012,-37,-1.213513,1540500,OK
2026-03-02,4205,日本ゼオン,プライム（内国株式）,化学,2111.5,2141,2068.5,2141,0,0,846900,OK
2026-03-02,4206,アイカ工業,プライム（内国株式）,化学,3940,4008,3905,4008,35,0.880946,322600,OK
2026-03-02,4208,ＵＢＥ,プライム（内国株式）,化学,2830,2849,2767.5,2849,-39.5,-1.367492,1031500,OK
2026-03-02,4212,積水樹脂,プライム（内国株式）,化学,2499,2547,2470,2530,46,1.851852,131700,OK
2026-03-02,4216,旭有機材,プライム（内国株式）,化学,6080,6080,6080,6080,1000,19.685039,24700,OK
2026-03-02,4218,ニチバン,プライム（内国株式）,化学,1987,2002,1978,1993,3,0.150754,27200,OK
2026-03-02,421A,ムービン・ストラテジック・キャリア,グロース（内国株式）,サービス業,2062,2145,2051,2130,-20,-0.930233,57200,OK
2026-03-02,4220,リケンテクノス,プライム（内国株式）,化学,1810,1878,1791,1858,14,0.759219,156400,OK
2026-03-02,4221,大倉工業,プライム（内国株式）,化学,5060,5240,5030,5200,-40,-0.763359,78100,OK
2026-03-02,4222,児玉化学工業,スタンダード（内国株式）,化学,1213,1230,1169,1205,-35,-2.822581,466600,OK
2026-03-02,4224,ロンシール工業,スタンダード（内国株式）,化学,2259,2289,2251,2265,-35,-1.521739,11000,OK
2026-03-02,4228,積水化成品工業,プライム（内国株式）,化学,531,540,521,531,-14,-2.568807,313200,OK
2026-03-02,4229,群栄化学工業,プライム（内国株式）,化学,5430,5690,5360,5610,60,1.081081,34700,OK
2026-03-02,422A,ｔａｎｅ　ＣＲＥＡＴＩＶＥ,TOKYO PRO MARKET（内国株式）,情報･通信業,,,,,,,,NO_QUOTE
2026-03-02,4231,タイガースポリマー,スタンダード（内国株式）,化学,1263,1278,1245,1273,-20,-1.54679,54300,OK
2026-03-02,4234,サンエー化研,スタンダード（内国株式）,化学,888,888,862,869,-33,-3.658537,18300,OK
2026-03-02,4235,ウルトラファブリックス・ホールディングス,スタンダード（内国株式）,化学,710,710,694,707,-10,-1.3947,78700,OK
2026-03-02,4237,フジプレアム,スタンダード（内国株式）,化学,410,416,404,409,-9,-2.15311,189700,OK
2026-03-02,4238,ミライアル,スタンダード（内国株式）,化学,1363,1363,1317,1328,-35,-2.567865,18100,OK
2026-03-02,423A,ライオン事務器,スタンダード（内国株式）,卸売業,342,343,338,343,-1,-0.290698,79700,OK
2026-03-02,4240,クラスターテクノロジー,スタンダード（内国株式）,化学,434,444,423,437,0,0,40800,OK
2026-03-02,4241,アテクト,スタンダード（内国株式）,化学,853,867,825,853,-45,-5.011136,132500,OK
2026-03-02,4242,タカギセイコー,スタンダード（内国株式）,化学,1990,2010,1955,2010,18,0.903614,14000,OK
2026-03-02,4243,ニックス,スタンダード（内国株式）,化学,917,924,907,912,-6,-0.653595,3700,OK
2026-03-02,4245,ダイキアクシス,スタンダード（内国株式）,化学,745,769,741,753,-21,-2.713178,76800,OK
2026-03-02,4246,ダイキョーニシカワ,プライム（内国株式）,化学,922,934,919,933,-11,-1.165254,558300,OK
2026-03-02,4247,ポバール興業,スタンダード（内国株式）,化学,1487,1487,1471,1479,7,0.475543,1100,OK
2026-03-02,4248,竹本容器,スタンダード（内国株式）,化学,902,905,900,905,12,1.343785,53600,OK
2026-03-02,4249,森六,プライム（内国株式）,化学,2618,2682,2583,2656,-6,-0.225394,84600,OK
2026-03-02,4251,恵和,プライム（内国株式）,化学,1350,1385,1329,1368,-5,-0.364166,168400,OK
2026-03-02,4255,ＴＨＥＣＯＯ,グロース（内国株式）,情報･通信業,2045,2060,2011,2011,10,0.49975,4200,OK
2026-03-02,4256,サインド,グロース（内国株式）,情報･通信業,1415,1430,1377,1380,-31,-2.197023,26400,OK
2026-03-02,4258,網屋,グロース（内国株式）,情報･通信業,3050,3135,2966,3070,20,0.655738,139400,OK
2026-03-02,4259,エクサウィザーズ,グロース（内国株式）,情報･通信業,679,698,668,688,-41,-5.624143,2127100,OK
2026-03-02,4260,ハイブリッドテクノロジーズ,グロース（内国株式）,情報･通信業,283,284,282,283,-1,-0.352113,12400,OK
2026-03-02,4261,アジアクエスト,グロース（内国株式）,情報･通信業,3860,3905,3830,3845,-65,-1.662404,2700,OK
2026-03-02,4262,ニフティライフスタイル,グロース（内国株式）,情報･通信業,1462,1463,1456,1457,-5,-0.341997,5700,OK
2026-03-02,4263,サスメド,グロース（内国株式）,情報･通信業,1071,1105,1059,1088,-27,-2.421525,106700,OK
2026-03-02,4264,セキュア,グロース（内国株式）,情報･通信業,1854,1893,1801,1801,-93,-4.910243,20800,OK
2026-03-02,4265,Ｉｎｓｔｉｔｕｔｉｏｎ　ｆｏｒ　ａ　Ｇｌｏｂａｌ　Ｓｏｃｉｅｔｙ,グロース（内国株式）,情報･通信業,266,270,264,270,-5,-1.818182,27300,OK
2026-03-02,4270,ＢｅｅＸ,グロース（内国株式）,情報･通信業,2172,2200,2168,2200,48,2.230483,9800,OK
2026-03-02,4272,日本化薬,プライム（内国株式）,化学,1994,1995,1947.5,1986,-19,-0.947631,573100,OK
2026-03-02,4274,細谷火工,スタンダード（内国株式）,化学,1705,1764,1586,1618,143,9.694915,637900,OK
2026-03-02,4275,カーリット,プライム（内国株式）,化学,3050,3095,2970,3090,60,1.980198,357800,OK
2026-03-02,4284,ソルクシーズ,スタンダード（内国株式）,情報･通信業,482,484,470,476,-8,-1.652893,161500,OK
2026-03-02,4286,ＣＬホールディングス,スタンダード（内国株式）,サービス業,1134,1137,1121,1127,-27,-2.339688,10100,OK
2026-03-02,4287,ジャストプランニング,スタンダード（内国株式）,情報･通信業,485,498,480,495,2,0.40568,30700,OK
2026-03-02,4288,アズジェント,スタンダード（内国株式）,情報･通信業,637,637,603,611,-34,-5.271318,36600,OK
2026-03-02,428A,サイプレス・ホールディングス,スタンダード（内国株式）,小売業,800,800,785,797,-16,-1.96802,37800,OK
2026-03-02,4290,プレステージ・インターナショナル,プライム（内国株式）,サービス業,692,695,686,690,-12,-1.709402,330200,OK
2026-03-02,4293,セプテーニ・ホールディングス,スタンダード（内国株式）,サービス業,411,418,409,414,-2,-0.480769,350300,OK
2026-03-02,4299,ハイマックス,スタンダード（内国株式）,情報･通信業,1298,1298,1288,1288,-14,-1.075269,10200,OK
2026-03-02,429A,テクセンドフォトマスク,プライム（内国株式）,その他製品,3200,3345,3190,3345,-35,-1.035503,1053300,OK
2026-03-02,4301,アミューズ,プライム（内国株式）,サービス業,2070,2088,2051,2055,-45,-2.142857,44200,OK
2026-03-02,4307,野村総合研究所,プライム（内国株式）,情報･通信業,4227,4298,4125,4125,-242,-5.541562,5487800,OK
2026-03-02,4308,Ｊストリーム,グロース（内国株式）,情報･通信業,406,406,400,400,-6,-1.477833,60700,OK
2026-03-02,430A,ネクストハンズ,TOKYO PRO MARKET（内国株式）,情報･通信業,,,,,,,,NO_QUOTE
2026-03-02,4310,ドリームインキュベータ,プライム（内国株式）,サービス業,3050,3060,3010,3040,-45,-1.458671,25000,OK
2026-03-02,4316,ビーマップ,グロース（内国株式）,情報･通信業,1190,1314,1165,1278,58,4.754098,387200,OK
2026-03-02,4317,レイ,スタンダード（内国株式）,サービス業,687,696,680,693,-1,-0.144092,80500,OK
2026-03-02,4318,クイック,プライム（内国株式）,サービス業,935,961,933,959,18,1.912859,253600,OK
2026-03-02,431A,ユーソナー,グロース（内国株式）,情報･通信業,1788,1869,1788,1800,-34,-1.853871,169300,OK
2026-03-02,4320,ＣＥホールディングス,スタンダード（内国株式）,情報･通信業,1290,1304,1265,1270,-50,-3.787879,41900,OK
2026-03-02,4323,日本システム技術,プライム（内国株式）,情報･通信業,2139,2198,2112,2151,62,2.967927,104300,OK
2026-03-02,4324,電通グループ,プライム（内国株式）,サービス業,2900,2930,2852,2872,-53.5,-1.828747,1176300,OK
2026-03-02,4326,インテージホールディングス,プライム（内国株式）,情報･通信業,1695,1712,1691,1700,0,0,39200,OK
2026-03-02,432A,クリニファー,TOKYO PRO MARKET（内国株式）,卸売業,,,,,,,,NO_QUOTE
2026-03-02,4331,テイクアンドギヴ・ニーズ,プライム（内国株式）,サービス業,745,751,736,749,1,0.13369,89800,OK
2026-03-02,4333,東邦システムサイエンス,プライム（内国株式）,情報･通信業,1154,1163,1144,1149,-5,-0.433276,20100,OK
2026-03-02,4334,ユークス,スタンダード（内国株式）,情報･通信業,399,399,392,398,0,0,11000,OK
2026-03-02,4335,ＩＰＳホールディングス,スタンダード（内国株式）,情報･通信業,1228,1228,1218,1220,-5,-0.408163,3200,OK
2026-03-02,4337,ぴあ,プライム（内国株式）,サービス業,2971,3135,2954,3085,60,1.983471,86700,OK
2026-03-02,433A,ＭＪＥ,TOKYO PRO MARKET（内国株式）,卸売業,,,,,,,,NO_QUOTE
2026-03-02,4341,西菱電機,スタンダード（内国株式）,サービス業,954,957,933,938,-34,-3.497942,4600,OK
2026-03-02,4343,イオンファンタジー,プライム（内国株式）,サービス業,2598,2598,2502,2515,-112,-4.263418,212600,OK
2026-03-02,4344,ソースネクスト,プライム（内国株式）,情報･通信業,129,130,126,127,-4,-3.053435,1009000,OK
2026-03-02,4345,シーティーエス,プライム（内国株式）,サービス業,958,959,935,938,-35,-3.597122,117200,OK
2026-03-02,4346,ＮＥＸＹＺ．Ｇｒｏｕｐ,スタンダード（内国株式）,その他金融業,742,759,735,740,-15,-1.986755,32900,OK
2026-03-02,4347,ブロードメディア,スタンダード（内国株式）,サービス業,2153,2191,2153,2164,-28,-1.277372,13400,OK
2026-03-02,434A,ＬＯＯＰＬＡＣＥ,TOKYO PRO MARKET（内国株式）,不動産業,,,,,,,,NO_QUOTE
2026-03-02,4350,メディカルシステムネットワーク,スタンダード（内国株式）,小売業,521,532,510,518,-3,-0.575816,203100,OK
2026-03-02,4351,山田再生系債権回収総合事務所,スタンダード（内国株式）,その他金融業,853,853,842,842,-12,-1.405152,4600,OK
2026-03-02,4356,応用技術,スタンダード（内国株式）,情報･通信業,1800,1810,1799,1800,-7,-0.387382,2700,OK
2026-03-02,4360,マナック・ケミカル・パートナーズ,スタンダード（内国株式）,化学,1075,1150,1069,1150,39,3.510351,71900,OK
2026-03-02,4361,川口化学工業,スタンダード（内国株式）,化学,1601,1615,1601,1610,-20,-1.226994,2300,OK
2026-03-02,4362,日本精化,プライム（内国株式）,化学,2723,2758,2710,2739,-58,-2.07365,57800,OK
2026-03-02,4365,松本油脂製薬,スタンダード（内国株式）,化学,20520,20520,20520,20520,-480,-2.285714,100,OK
2026-03-02,4366,ダイトーケミックス,スタンダード（内国株式）,化学,446,457,434,438,-21,-4.575163,279500,OK
2026-03-02,4367,広栄化学,スタンダード（内国株式）,化学,2325,2357,2307,2344,-6,-0.255319,3000,OK
2026-03-02,4368,扶桑化学工業,プライム（内国株式）,化学,9310,9930,9250,9860,260,2.708333,261000,OK
2026-03-02,4369,トリケミカル研究所,プライム（内国株式）,化学,3590,3705,3575,3690,-105,-2.766798,790700,OK
2026-03-02,436A,サイバーソリューションズ,グロース（内国株式）,情報･通信業,1186,1205,1140,1153,-63,-5.180921,173500,OK
2026-03-02,4370,モビルス,グロース（内国株式）,情報･通信業,391,391,379,381,-10,-2.557545,2700,OK
2026-03-02,4371,コアコンセプト・テクノロジー,グロース（内国株式）,情報･通信業,1088,1093,1066,1067,-43,-3.873874,79800,OK
2026-03-02,4372,ユミルリンク,グロース（内国株式）,情報･通信業,1127,1164,1125,1129,-4,-0.353045,6300,OK
2026-03-02,4373,シンプレクス・ホールディングス,プライム（内国株式）,情報･通信業,803,817,788,814,-49,-5.677868,1320300,OK
2026-03-02,4374,ＲＯＢＯＴ　ＰＡＹＭＥＮＴ,グロース（内国株式）,情報･通信業,2340,2340,2271,2287,-99,-4.149204,19400,OK
2026-03-02,4375,セーフィー,グロース（内国株式）,情報･通信業,828,841,819,822,-28,-3.294118,266000,OK
2026-03-02,4376,くふうカンパニーホールディングス,グロース（内国株式）,情報･通信業,172,173,171,171,-3,-1.724138,7100,OK
2026-03-02,4377,ワンキャリア,グロース（内国株式）,情報･通信業,1981,2020,1951,1975,18,0.919775,193200,OK
2026-03-02,4378,ＣＩＮＣ,グロース（内国株式）,情報･通信業,482,487,481,487,8,1.670146,2900,OK
2026-03-02,4379,Ｐｈｏｔｏｓｙｎｔｈ,グロース（内国株式）,情報･通信業,428,428,414,418,-18,-4.12844,68300,OK
2026-03-02,437A,ジェイウェイブ,TOKYO PRO MARKET（内国株式）,サービス業,,,,,,,,NO_QUOTE
2026-03-02,4380,Ｍマート,グロース（内国株式）,情報･通信業,1260,1290,1238,1289,37,2.955272,2500,OK
2026-03-02,4381,ビープラッツ,グロース（内国株式）,情報･通信業,550,558,550,552,3,0.546448,17000,OK
2026-03-02,4382,ＨＥＲＯＺ,スタンダード（内国株式）,情報･通信業,850,865,840,843,-7,-0.823529,102000,OK
2026-03-02,4384,ラクスル,プライム（内国株式）,情報･通信業,1896,1898,1894,1894,-4,-0.210748,976600,OK
2026-03-02,4385,メルカリ,プライム（内国株式）,情報･通信業,3537,3564,3477,3545,-130,-3.537415,2432800,OK
2026-03-02,4386,ＳＩＧグループ,スタンダード（内国株式）,情報･通信業,990,1019,990,999,9,0.909091,16900,OK
2026-03-02,4387,ＺＵＵ,グロース（内国株式）,情報･通信業,660,665,657,664,-1,-0.150376,2300,OK
2026-03-02,4388,エーアイ,スタンダード（内国株式）,情報･通信業,419,421,416,420,-2,-0.473934,10400,OK
2026-03-02,4389,プロパティデータバンク,グロース（内国株式）,情報･通信業,800,816,800,802,-4,-0.496278,2400,OK
2026-03-02,438A,インフキュリオン,グロース（内国株式）,情報･通信業,921,940,904,910,-41,-4.311251,187600,OK
2026-03-02,4390,アイ・ピー・エス,プライム（内国株式）,情報･通信業,3230,3270,3195,3270,10,0.306748,91700,OK
2026-03-02,4391,ロジザード,グロース（内国株式）,情報･通信業,1058,1080,1054,1070,5,0.469484,5900,OK
2026-03-02,4392,ＦＩＧ,プライム（内国株式）,情報･通信業,349,351,337,338,-19,-5.322129,435200,OK
2026-03-02,4393,バンク・オブ・イノベーション,グロース（内国株式）,情報･通信業,5150,5190,5040,5100,-240,-4.494382,36400,OK
2026-03-02,4394,エクスモーション,グロース（内国株式）,情報･通信業,788,788,784,785,-4,-0.506971,2100,OK
2026-03-02,4395,アクリート,グロース（内国株式）,情報･通信業,1214,1231,1186,1221,6,0.493827,73500,OK
2026-03-02,4396,システムサポートホールディングス,プライム（内国株式）,情報･通信業,1271,1283,1253,1262,-39,-2.997694,96400,OK
2026-03-02,4397,チームスピリット,グロース（内国株式）,情報･通信業,417,417,403,406,-20,-4.694836,136600,OK
2026-03-02,4398,ブロードバンドセキュリティ,スタンダード（内国株式）,情報･通信業,1340,1340,1314,1316,-27,-2.010424,5400,OK
2026-03-02,439A,アクトビ,TOKYO PRO MARKET（内国株式）,情報･通信業,,,,,,,,NO_QUOTE
2026-03-02,4401,ＡＤＥＫＡ,プライム（内国株式）,化学,4640,4750,4576,4724,-71,-1.480709,472800,OK
2026-03-02,4403,日油,プライム（内国株式）,化学,3071,3168,3046,3168,30,0.956023,754600,OK
2026-03-02,4404,ミヨシ油脂,スタンダード（内国株式）,食料品,2350,2360,2330,2345,-35,-1.470588,32700,OK
2026-03-02,4406,新日本理化,スタンダード（内国株式）,化学,226,228,222,225,-6,-2.597403,545600,OK
2026-03-02,4409,東邦化学工業,スタンダード（内国株式）,化学,792,792,780,790,4,0.508906,7200,OK
2026-03-02,4410,ハリマ化成グループ,プライム（内国株式）,化学,1021,1038,1018,1036,-15,-1.427212,71900,OK
2026-03-02,4412,サイエンスアーツ,グロース（内国株式）,情報･通信業,2359,2404,2276,2278,-150,-6.177924,69800,OK
2026-03-02,4413,ボードルア,プライム（内国株式）,情報･通信業,1884,1915,1853,1901,16,0.848806,209900,OK
2026-03-02,4414,フレクト,グロース（内国株式）,情報･通信業,1275,1279,1251,1277,-14,-1.084431,31800,OK
2026-03-02,4415,ブロードエンタープライズ,グロース（内国株式）,情報･通信業,1358,1358,1320,1326,-52,-3.773585,19300,OK
2026-03-02,4416,Ｔｒｕｅ　Ｄａｔａ,グロース（内国株式）,情報･通信業,528,536,516,519,-9,-1.704545,8700,OK
2026-03-02,4417,グローバルセキュリティエキスパート,グロース（内国株式）,情報･通信業,2526,2570,2480,2554,-122,-4.559043,137700,OK
2026-03-02,4418,ＪＤＳＣ,グロース（内国株式）,情報･通信業,882,889,857,864,-29,-3.24748,151900,OK
2026-03-02,4419,Ｆｉｎａｔｅｘｔホールディングス,グロース（内国株式）,情報･通信業,842,847,822,831,-41,-4.701835,491500,OK
2026-03-02,441A,ＮＥ,グロース（内国株式）,情報･通信業,683,683,663,663,-19,-2.785924,48500,OK
2026-03-02,4420,イーソル,スタンダード（内国株式）,情報･通信業,562,584,551,575,13,2.313167,80300,OK
2026-03-02,4421,ディ・アイ・システム,スタンダード（内国株式）,情報･通信業,931,938,923,938,7,0.75188,1300,OK
2026-03-02,4422,ＶＡＬＵＥＮＥＸ,グロース（内国株式）,情報･通信業,332,332,315,318,-21,-6.19469,88700,OK
2026-03-02,4424,Ａｍａｚｉａ,グロース（内国株式）,情報･通信業,272,276,266,267,-4,-1.476015,30300,OK
2026-03-02,4425,Ｋｕｄａｎ,グロース（内国株式）,情報･通信業,2186,2195,2071,2130,-95,-4.269663,342400,OK
2026-03-02,4426,パスロジ,TOKYO PRO MARKET（内国株式）,情報･通信業,,,,,,,,NO_QUOTE
2026-03-02,4427,ＥｄｕＬａｂ,グロース（内国株式）,情報･通信業,212,212,203,206,-10,-4.62963,110500,OK
2026-03-02,4428,シノプス,グロース（内国株式）,情報･通信業,730,753,709,729,0,0,17400,OK
2026-03-02,4429,リックソフト,グロース（内国株式）,情報･通信業,959,959,951,951,1,0.105263,3500,OK
2026-03-02,442A,クラシコ,グロース（内国株式）,繊維製品,1506,1518,1479,1518,-2,-0.131579,6700,OK
2026-03-02,4430,東海ソフト,スタンダード（内国株式）,情報･通信業,1824,1861,1822,1838,-3,-0.162955,21600,OK
2026-03-02,4431,スマレジ,グロース（内国株式）,情報･通信業,2441,2537,2400,2450,-91,-3.581267,189400,OK
2026-03-02,4432,ウイングアーク１ｓｔ,プライム（内国株式）,情報･通信業,2662,2669,2629,2655,-89,-3.24344,213200,OK
2026-03-02,4433,ヒト・コミュニケーションズ・ホールディングス,プライム（内国株式）,情報･通信業,954,956,943,943,-21,-2.178423,72800,OK
2026-03-02,4434,サーバーワークス,スタンダード（内国株式）,情報･通信業,2012,2101,1993,2046,-16,-0.775946,84900,OK
2026-03-02,4436,ミンカブ・ジ・インフォノイド,グロース（内国株式）,情報･通信業,468,468,453,463,-8,-1.698514,49700,OK
2026-03-02,4437,ｇｏｏｄｄａｙｓホールディングス,グロース（内国株式）,情報･通信業,873,876,843,876,16,1.860465,7500,OK
2026-03-02,4438,Ｗｅｌｂｙ,グロース（内国株式）,情報･通信業,445,445,427,445,80,21.917808,220900,OK
2026-03-02,4439,東名,スタンダード（内国株式）,情報･通信業,1023,1052,1017,1029,-5,-0.483559,71600,OK
2026-03-02,4440,ヴィッツ,スタンダード（内国株式）,情報･通信業,1511,1529,1466,1509,-26,-1.693811,19000,OK
2026-03-02,4441,トビラシステムズ,スタンダード（内国株式）,情報･通信業,1404,1410,1371,1371,-24,-1.72043,14300,OK
2026-03-02,4442,バルテス・ホールディングス,グロース（内国株式）,情報･通信業,452,457,450,455,-5,-1.086957,39000,OK
2026-03-02,4443,Ｓａｎｓａｎ,プライム（内国株式）,情報･通信業,1162,1185,1142,1151,-23,-1.959114,2198800,OK
2026-03-02,4444,インフォネット,グロース（内国株式）,情報･通信業,930,938,920,930,6,0.649351,2700,OK
2026-03-02,4445,リビン・テクノロジーズ,グロース（内国株式）,情報･通信業,3700,3700,3630,3670,-30,-0.810811,1100,OK
2026-03-02,4446,Ｌｉｎｋ−Ｕグループ,プライム（内国株式）,情報･通信業,1175,1185,1121,1145,-89,-7.212318,451300,OK
2026-03-02,4447,ピー・ビーシステムズ,グロース（内国株式）,情報･通信業,488,488,479,480,-8,-1.639344,9000,OK
2026-03-02,4448,ｋｕｂｅｌｌ,グロース（内国株式）,情報･通信業,302,305,292,292,-16,-5.194805,229700,OK
2026-03-02,4449,ギフティ,プライム（内国株式）,情報･通信業,1000,1006,980,1002,-33,-3.188406,640000,OK
2026-03-02,444A,アイテル,TOKYO PRO MARKET（内国株式）,卸売業,,,,,,,,NO_QUOTE
2026-03-02,4450,パワーソリューションズ,グロース（内国株式）,情報･通信業,2173,2173,2072,2134,-16,-0.744186,5400,OK
2026-03-02,4452,花王,プライム（内国株式）,化学,6672,6744,6623,6744,70,1.048846,1617900,OK
2026-03-02,445A,東洋コーポレーション,TOKYO PRO MARKET（内国株式）,不動産業,,,,,,,,NO_QUOTE
2026-03-02,4461,第一工業製薬,プライム（内国株式）,化学,12000,12500,11680,12360,-20,-0.161551,181300,OK
2026-03-02,4462,石原ケミカル,プライム（内国株式）,化学,2801,2816,2742,2797,-99,-3.418508,33400,OK
2026-03-02,4463,日華化学,スタンダード（内国株式）,化学,1770,1784,1764,1784,-5,-0.279486,12100,OK
2026-03-02,4464,ソフト９９コーポレーション,スタンダード（内国株式）,化学,4090,4095,4090,4090,0,0,13300,OK
2026-03-02,4465,ニイタカ,スタンダード（内国株式）,化学,2544,2560,2505,2554,4,0.156863,13200,OK
2026-03-02,446A,ノースサンド,グロース（内国株式）,サービス業,1097,1097,1031,1031,-51,-4.713494,329400,OK
2026-03-02,4471,三洋化成工業,プライム（内国株式）,化学,5860,5950,5780,5900,-60,-1.006711,90200,OK
2026-03-02,4475,ＨＥＮＮＧＥ,グロース（内国株式）,情報･通信業,980,1015,965,997,-8,-0.79602,564300,OK
2026-03-02,4476,ＡＩ　ＣＲＯＳＳ,グロース（内国株式）,情報･通信業,1037,1039,1001,1003,-47,-4.47619,64800,OK
2026-03-02,4477,ＢＡＳＥ,グロース（内国株式）,情報･通信業,313,317,307,308,-10,-3.144654,1286700,OK
2026-03-02,4478,フリー,グロース（内国株式）,情報･通信業,2114,2160,1998,2034,-116,-5.395349,914200,OK
2026-03-02,4479,マクアケ,グロース（内国株式）,情報･通信業,1160,1186,1137,1160,0,0,183000,OK
2026-03-02,4480,メドレー,プライム（内国株式）,情報･通信業,1944,1944,1853,1866,-118,-5.947581,708600,OK
2026-03-02,4481,ベース,プライム（内国株式）,情報･通信業,3320,3385,3295,3370,20,0.597015,93300,OK
2026-03-02,4482,ウィルズ,グロース（内国株式）,情報･通信業,744,750,740,747,-18,-2.352941,29400,OK
2026-03-02,4483,ＪＭＤＣ,プライム（内国株式）,情報･通信業,4060,4150,4035,4075,-100,-2.39521,248200,OK
2026-03-02,4484,ランサーズ,グロース（内国株式）,情報･通信業,312,315,312,314,0,0,20300,OK
2026-03-02,4486,ユナイトアンドグロウ,グロース（内国株式）,情報･通信業,667,673,662,673,3,0.447761,17500,OK
2026-03-02,4487,スペースマーケット,グロース（内国株式）,情報･通信業,303,303,298,302,-1,-0.330033,9600,OK
2026-03-02,4488,ＡＩ　ｉｎｓｉｄｅ,グロース（内国株式）,情報･通信業,2306,2338,2281,2335,-4,-0.171013,21900,OK
2026-03-02,4490,ビザスク,グロース（内国株式）,情報･通信業,538,543,530,538,-10,-1.824818,13700,OK
2026-03-02,4491,コンピューターマネージメント,スタンダード（内国株式）,情報･通信業,2951,2971,2935,2970,-14,-0.469169,3600,OK
2026-03-02,4492,ゼネテック,スタンダード（内国株式）,情報･通信業,482,483,475,479,-1,-0.208333,18600,OK
2026-03-02,4493,サイバーセキュリティクラウド,グロース（内国株式）,情報･通信業,1615,1636,1592,1604,-51,-3.081571,208300,OK
2026-03-02,4494,バリオセキュア,スタンダード（内国株式）,情報･通信業,748,770,748,755,-14,-1.820546,3500,OK
2026-03-02,4495,アイキューブドシステムズ,グロース（内国株式）,情報･通信業,2258,2299,2237,2265,-41,-1.777971,20400,OK
2026-03-02,4496,コマースＯｎｅホールディングス,グロース（内国株式）,情報･通信業,785,789,780,787,-10,-1.254705,1000,OK
2026-03-02,4498,サイバートラスト,グロース（内国株式）,情報･通信業,1240,1244,1216,1241,-25,-1.974724,95100,OK
2026-03-02,4499,Ｓｐｅｅｅ,スタンダード（内国株式）,情報･通信業,2608,2686,2549,2640,-18,-0.677201,138700,OK
2026-03-02,4502,武田薬品工業,プライム（内国株式）,医薬品,5765,5806,5715,5794,-25,-0.429627,4193100,OK
2026-03-02,4503,アステラス製薬,プライム（内国株式）,医薬品,2501.5,2521.5,2473,2484.5,-117,-4.497405,7135200,OK
2026-03-02,4506,住友ファーマ,プライム（内国株式）,医薬品,2430,2490,2397,2421.5,-102.5,-4.061014,8987700,OK
2026-03-02,4507,塩野義製薬,プライム（内国株式）,医薬品,3624,3635,3528,3553,-111,-3.029476,2588000,OK
2026-03-02,4512,わかもと製薬,スタンダード（内国株式）,医薬品,327,330,322,323,-11,-3.293413,141700,OK
2026-03-02,4516,日本新薬,プライム（内国株式）,医薬品,5158,5207,5100,5127,-17,-0.330482,293300,OK
2026-03-02,4519,中外製薬,プライム（内国株式）,医薬品,10390,10520,10110,10145,-310,-2.965088,2092300,OK
2026-03-02,4521,科研製薬,プライム（内国株式）,医薬品,4420,4420,4350,4385,-50,-1.127396,171100,OK
2026-03-02,4523,エーザイ,プライム（内国株式）,医薬品,5102,5145,5045,5098,-143,-2.728487,1245100,OK
2026-03-02,4524,森下仁丹,スタンダード（内国株式）,医薬品,2344,2351,2324,2337,-15,-0.637755,4300,OK
2026-03-02,4526,理研ビタミン,プライム（内国株式）,食料品,3075,3095,3055,3085,-15,-0.483871,58000,OK
2026-03-02,4527,ロート製薬,プライム（内国株式）,医薬品,2439.5,2450,2412,2450,8,0.3276,1262100,OK
2026-03-02,4528,小野薬品工業,プライム（内国株式）,医薬品,2626,2626,2506,2543.5,-131,-4.898112,3085800,OK
2026-03-02,4530,久光製薬,プライム（内国株式）,医薬品,6031,6069,6029,6035,5,0.082919,496900,OK
2026-03-02,4531,有機合成薬品工業,スタンダード（内国株式）,化学,477,495,471,489,4,0.824742,180400,OK
2026-03-02,4534,持田製薬,プライム（内国株式）,医薬品,3925,3950,3885,3920,-45,-1.134931,33400,OK
2026-03-02,4536,参天製薬,プライム（内国株式）,医薬品,1731.5,1752,1718,1719.5,-29,-1.658564,830900,OK
2026-03-02,4538,扶桑薬品工業,プライム（内国株式）,医薬品,2487,2501,2457,2478,-40,-1.588562,40500,OK
2026-03-02,4539,日本ケミファ,スタンダード（内国株式）,医薬品,1778,1790,1738,1779,1,0.056243,3200,OK
2026-03-02,4540,ツムラ,プライム（内国株式）,医薬品,4200,4230,4149,4156,-34,-0.811456,255200,OK
2026-03-02,4543,テルモ,プライム（内国株式）,精密機器,2074,2080,2031,2038,-72,-3.412322,4695500,OK
2026-03-02,4544,Ｈ．Ｕ．グループホールディングス,プライム（内国株式）,サービス業,3355,3379,3323,3331,-27,-0.80405,216800,OK
2026-03-02,4547,キッセイ薬品工業,プライム（内国株式）,医薬品,4935,4955,4850,4860,-150,-2.994012,76200,OK
2026-03-02,4548,生化学工業,プライム（内国株式）,医薬品,777,779,764,768,-18,-2.290076,228600,OK
2026-03-02,4549,栄研化学,プライム（内国株式）,医薬品,3200,3205,3110,3135,-5,-0.159236,169500,OK
2026-03-02,4552,ＪＣＲファーマ,プライム（内国株式）,医薬品,681,681,660,660,-34,-4.899135,740200,OK
2026-03-02,4553,東和薬品,プライム（内国株式）,医薬品,4425,4445,4335,4385,-25,-0.566893,129200,OK
2026-03-02,4554,富士製薬工業,プライム（内国株式）,医薬品,2354,2385,2336,2361,-38,-1.583993,247300,OK
2026-03-02,4556,カイノス,スタンダード（内国株式）,医薬品,2278,2279,2278,2278,0,0,17900,OK
2026-03-02,4558,中京医薬品,スタンダード（内国株式）,医薬品,206,207,206,206,0,0,20200,OK
2026-03-02,4559,ゼリア新薬工業,プライム（内国株式）,医薬品,2221,2249,2209,2236,-17,-0.754549,106100,OK
2026-03-02,455A,バリューソフトホールディングス,TOKYO PRO MARKET（内国株式）,情報･通信業,,,,,,,,NO_QUOTE
2026-03-02,4563,アンジェス,グロース（内国株式）,医薬品,59,60,58,58,-1,-1.694915,4437800,OK
2026-03-02,4564,オンコセラピー・サイエンス,グロース（内国株式）,医薬品,20,22,20,21,0,0,50871800,OK
2026-03-02,4565,ネクセラファーマ,プライム（内国株式）,医薬品,936,941,922,937,-29,-3.00207,580200,OK
2026-03-02,4568,第一三共,プライム（内国株式）,医薬品,3035,3036,2932.5,2935.5,-128.5,-4.193864,9765900,OK
2026-03-02,4569,杏林製薬,プライム（内国株式）,医薬品,1723,1723,1685,1697,-28,-1.623188,149300,OK
2026-03-02,456A,ＨＵＭＡＮ　ＭＡＤＥ,グロース（内国株式）,小売業,3180,3370,3050,3305,75,2.321981,263100,OK
2026-03-02,4570,免疫生物研究所,グロース（内国株式）,医薬品,1613,1648,1585,1615,-71,-4.211151,302000,OK
2026-03-02,4571,ＮＡＮＯホールディングス,グロース（内国株式）,医薬品,181,183,176,180,-6,-3.225806,1345600,OK
2026-03-02,4572,カルナバイオサイエンス,グロース（内国株式）,医薬品,323,331,321,325,-4,-1.215805,138100,OK
2026-03-02,4574,大幸薬品,プライム（内国株式）,医薬品,311,316,297,298,-18,-5.696203,520400,OK
2026-03-02,4575,キャンバス,グロース（内国株式）,医薬品,851,875,842,843,-38,-4.31328,264400,OK
2026-03-02,4576,デ・ウエスタン・セラピテクス研究所,グロース（内国株式）,医薬品,102,103,100,101,-3,-2.884615,391600,OK
2026-03-02,4577,ダイト,プライム（内国株式）,医薬品,1466,1470,1447,1455,-15,-1.020408,97100,OK
2026-03-02,4578,大塚ホールディングス,プライム（内国株式）,医薬品,10525,10625,10375,10445,-265,-2.474323,1303200,OK
2026-03-02,4579,ラクオリア創薬,グロース（内国株式）,医薬品,980,1001,976,988,-19,-1.886792,331100,OK
2026-03-02,457A,ルリアン,TOKYO PRO MARKET（内国株式）,サービス業,,,,,,,,NO_QUOTE
2026-03-02,4582,シンバイオ製薬,グロース（内国株式）,医薬品,160,160,147,147,-15,-9.259259,7472000,OK
2026-03-02,4583,カイオム・バイオサイエンス,グロース（内国株式）,医薬品,111,111,109,109,-3,-2.678571,651300,OK
2026-03-02,4584,キッズウェル・バイオ,グロース（内国株式）,医薬品,266,279,264,274,0,0,1121800,OK
2026-03-02,4586,メドレックス,グロース（内国株式）,医薬品,104,104,101,101,-5,-4.716981,409500,OK
2026-03-02,4587,ペプチドリーム,プライム（内国株式）,医薬品,1400,1432,1375,1430.5,5,0.350754,1127600,OK
2026-03-02,4588,オンコリスバイオファーマ,グロース（内国株式）,医薬品,2632,2876,2621,2854,124,4.542125,1663400,OK
2026-03-02,458A,プラン・ドゥ,TOKYO PRO MARKET（内国株式）,不動産業,,,,,,,,NO_QUOTE
2026-03-02,4591,リボミック,グロース（内国株式）,医薬品,86,86,84,86,0,0,413000,OK
2026-03-02,4592,サンバイオ,グロース（内国株式）,医薬品,2240,2282,2185,2209,-49,-2.170062,1020200,OK
2026-03-02,4593,ヘリオス,グロース（内国株式）,医薬品,433,483,432,465,25,5.681818,8428000,OK
2026-03-02,4594,ブライトパス・バイオ,グロース（内国株式）,医薬品,65,65,63,64,-2,-3.030303,2223900,OK
2026-03-02,4595,ミズホメディー,スタンダード（内国株式）,医薬品,1910,1930,1895,1918,-8,-0.415369,80300,OK
2026-03-02,4596,窪田製薬ホールディングス,グロース（内国株式）,医薬品,232,233,214,217,-19,-8.050847,7987400,OK
2026-03-02,4597,ソレイジア・ファーマ,グロース（内国株式）,医薬品,38,38,34,34,-3,-8.108108,31214000,OK
2026-03-02,4598,Ｄｅｌｔａ−Ｆｌｙ　Ｐｈａｒｍａ,グロース（内国株式）,医薬品,248,251,239,247,-7,-2.755906,1040000,OK
2026-03-02,4599,ステムリム,グロース（内国株式）,医薬品,299,308,285,295,-12,-3.908795,498400,OK
2026-03-02,460A,ＢＲＡＮＵ,グロース（内国株式）,情報･通信業,984,994,968,975,-12,-1.215805,19900,OK
2026-03-02,4611,大日本塗料,プライム（内国株式）,化学,1475,1484,1460,1479,-15,-1.004016,175500,OK
2026-03-02,4612,日本ペイントホールディングス,プライム（内国株式）,化学,1141.5,1145.5,1110,1133.5,-23.5,-2.031115,6377500,OK
2026-03-02,4613,関西ペイント,プライム（内国株式）,化学,2726.5,2743.5,2705.5,2734,-30,-1.085384,1652600,OK
2026-03-02,4615,神東塗料,スタンダード（内国株式）,化学,125,127,125,127,1,0.793651,27100,OK
2026-03-02,4616,川上塗料,スタンダード（内国株式）,化学,2048,2048,2010,2010,-5,-0.248139,600,OK
2026-03-02,4617,中国塗料,プライム（内国株式）,化学,4530,4625,4440,4560,-160,-3.389831,418400,OK
2026-03-02,4619,日本特殊塗料,スタンダード（内国株式）,化学,2495,2503,2447,2470,-75,-2.946955,81300,OK
2026-03-02,4620,藤倉化成,スタンダード（内国株式）,化学,1109,1177,1084,1172,37,3.259912,393200,OK
2026-03-02,4623,アサヒペン,スタンダード（内国株式）,化学,1753,1761,1740,1761,0,0,2100,OK
2026-03-02,4624,イサム塗料,スタンダード（内国株式）,化学,4170,4170,4035,4130,-40,-0.959233,1100,OK
2026-03-02,4625,アトミクス,スタンダード（内国株式）,化学,856,867,852,853,-22,-2.514286,21800,OK
2026-03-02,4626,太陽ホールディングス,プライム（内国株式）,化学,5233,5392,5230,5300,-71,-1.321914,282900,OK
2026-03-02,4627,ナトコ,スタンダード（内国株式）,化学,1738,1778,1719,1772,-6,-0.337458,45100,OK
2026-03-02,4628,エスケー化研,スタンダード（内国株式）,化学,11320,11660,11290,11290,-150,-1.311189,5000,OK
2026-03-02,4629,大伸化学,スタンダード（内国株式）,化学,1764,1805,1750,1760,-37,-2.058987,12700,OK
2026-03-02,462A,ＦＵＮＤＩＮＮＯ,グロース（内国株式）,証券･商品先物取引業,980,989,934,941,-77,-7.563851,327400,OK
2026-03-02,4631,ＤＩＣ,プライム（内国株式）,化学,4539,4632,4447,4624,195,4.4028,994400,OK
2026-03-02,4633,サカタインクス,プライム（内国株式）,化学,2650,2700,2623,2700,20,0.746269,201400,OK
2026-03-02,4634,ａｒｔｉｅｎｃｅ,プライム（内国株式）,化学,4295,4390,4265,4370,-25,-0.568828,105700,OK
2026-03-02,4635,東京インキ,スタンダード（内国株式）,化学,1770,1785,1736,1772,-53,-2.90411,38200,OK
2026-03-02,463A,インテリックスホールディングス,スタンダード（内国株式）,不動産業,1022,1026,1000,1007,-16,-1.564027,27900,OK
2026-03-02,4641,アルプス技研,プライム（内国株式）,サービス業,2610,2618,2592,2604,-34,-1.288855,45000,OK
2026-03-02,4642,オリジナル設計,スタンダード（内国株式）,サービス業,1535,1552,1525,1525,-27,-1.739691,5800,OK
2026-03-02,4644,イマジニア,スタンダード（内国株式）,情報･通信業,1099,1102,1096,1100,0,0,25000,OK
2026-03-02,4645,市進ホールディングス,スタンダード（内国株式）,サービス業,426,429,423,424,-8,-1.851852,4000,OK
2026-03-02,464A,ＱＰＳホールディングス,グロース（内国株式）,情報･通信業,2201,2345,2181,2314,105,4.753282,2334200,OK
2026-03-02,4650,ＳＤエンターテイメント,スタンダード（内国株式）,サービス業,292,293,291,292,0,0,11000,OK
2026-03-02,4651,サニックスホールディングス,スタンダード（内国株式）,サービス業,213,215,209,210,-3,-1.408451,154700,OK
2026-03-02,4657,環境管理センター,スタンダード（内国株式）,サービス業,470,472,460,461,-20,-4.158004,30200,OK
2026-03-02,4658,日本空調サービス,プライム（内国株式）,サービス業,1695,1721,1679,1713,15,0.883392,179400,OK
2026-03-02,4659,エイジス,スタンダード（内国株式）,サービス業,4435,4440,4435,4440,5,0.11274,46400,OK
2026-03-02,4661,オリエンタルランド,プライム（内国株式）,サービス業,2819,2834,2769,2790.5,-25.5,-0.90554,4775500,OK
2026-03-02,4662,フォーカスシステムズ,プライム（内国株式）,情報･通信業,1643,1699,1632,1682,-1,-0.059418,125200,OK
2026-03-02,4664,アール・エス・シー,スタンダード（内国株式）,サービス業,919,919,895,896,-24,-2.608696,10300,OK
2026-03-02,4665,ダスキン,プライム（内国株式）,サービス業,4308,4333,4268,4333,10,0.231321,134100,OK
2026-03-02,4666,パーク２４,プライム（内国株式）,不動産業,2050,2123,2040,2085,-165,-7.333333,2091500,OK
2026-03-02,4667,アイサンテクノロジー,スタンダード（内国株式）,情報･通信業,2090,2090,2000,2067,-73,-3.411215,24800,OK
2026-03-02,4668,明光ネットワークジャパン,プライム（内国株式）,サービス業,715,715,709,709,-9,-1.253482,55300,OK
2026-03-02,4671,ファルコホールディングス,スタンダード（内国株式）,サービス業,2714,2757,2693,2730,0,0,22100,OK
2026-03-02,4673,川崎地質,スタンダード（内国株式）,サービス業,4645,4700,4575,4675,-75,-1.578947,5300,OK
2026-03-02,4674,クレスコ,プライム（内国株式）,情報･通信業,1512,1538,1500,1532,-6,-0.390117,120200,OK
2026-03-02,4676,フジ・メディア・ホールディングス,プライム（内国株式）,情報･通信業,3600,3630,3570,3590,9,0.251326,988300,OK
2026-03-02,4678,秀英予備校,スタンダード（内国株式）,サービス業,348,350,345,349,1,0.287356,10900,OK
2026-03-02,4679,田谷,スタンダード（内国株式）,サービス業,382,385,379,381,-7,-1.804124,16900,OK
2026-03-02,4680,ラウンドワン,プライム（内国株式）,サービス業,1049,1055.5,1032,1037.5,-36.5,-3.39851,1811200,OK
2026-03-02,4681,リゾートトラスト,プライム（内国株式）,サービス業,1911,1949,1906.5,1935,0,0,587500,OK
2026-03-02,4684,オービック,プライム（内国株式）,情報･通信業,4063,4111,4044,4091,-109,-2.595238,1848700,OK
2026-03-02,4685,菱友システムズ,スタンダード（内国株式）,情報･通信業,3600,3640,3540,3590,-80,-2.179837,23600,OK
2026-03-02,4686,ジャストシステム,プライム（内国株式）,情報･通信業,3800,3810,3655,3685,-240,-6.11465,329800,OK
2026-03-02,4687,ＴＤＣソフト,プライム（内国株式）,情報･通信業,1088,1098,1074,1088,-30,-2.683363,83300,OK
2026-03-02,4689,ＬＩＮＥヤフー,プライム（内国株式）,情報･通信業,385,390.4,383.1,385.4,-3.6,-0.92545,24440900,OK
2026-03-02,4690,日本パレットプール,スタンダード（内国株式）,サービス業,2501,2504,2498,2501,-3,-0.119808,78400,OK
2026-03-02,4691,ワシントンホテル,スタンダード（内国株式）,サービス業,1569,1571,1543,1543,-47,-2.955975,86300,OK
2026-03-02,4694,ビー・エム・エル,プライム（内国株式）,サービス業,4330,4355,4230,4240,-115,-2.640643,92000,OK
2026-03-02,469A,フィットクルー,グロース（内国株式）,サービス業,2480,2513,2480,2489,-35,-1.386688,5400,OK
2026-03-02,4704,トレンドマイクロ,プライム（内国株式）,情報･通信業,5400,5471,5212,5278,78,1.5,2007100,OK
2026-03-02,4705,クリップコーポレーション,スタンダード（内国株式）,サービス業,888,892,886,890,2,0.225225,3400,OK
2026-03-02,4707,キタック,スタンダード（内国株式）,サービス業,324,345,324,337,-24,-6.648199,122900,OK
2026-03-02,4709,ＩＤホールディングス,プライム（内国株式）,情報･通信業,2034,2049,2005,2028,-21,-1.02489,37500,OK
2026-03-02,470A,ローカル,TOKYO PRO MARKET（内国株式）,小売業,,,,,,,,NO_QUOTE
2026-03-02,4712,ＫｅｙＨｏｌｄｅｒ,スタンダード（内国株式）,サービス業,767,767,754,756,-4,-0.526316,16900,OK
2026-03-02,4714,リソー教育グループ,プライム（内国株式）,サービス業,200,202,199,199,-3,-1.485149,1243100,OK
2026-03-02,4716,日本オラクル,スタンダード（内国株式）,情報･通信業,9399,9409,9210,9360,-72,-0.763359,394300,OK
2026-03-02,4718,早稲田アカデミー,プライム（内国株式）,サービス業,2051,2052,2030,2041,-24,-1.162228,47400,OK
2026-03-02,4719,アルファシステムズ,プライム（内国株式）,情報･通信業,3650,3735,3640,3715,5,0.134771,7600,OK
2026-03-02,471A,ＮＳグループ,プライム（内国株式）,その他金融業,1700,1727,1677,1695,-44,-2.53019,474400,OK
2026-03-02,4720,城南進学研究社,スタンダード（内国株式）,サービス業,287,296,286,296,9,3.135889,45100,OK
2026-03-02,4722,フューチャー,プライム（内国株式）,情報･通信業,1804,1806,1749,1761,-58,-3.188565,181900,OK
2026-03-02,4725,ＣＡＣ　Ｈｏｌｄｉｎｇｓ,プライム（内国株式）,情報･通信業,1927,1927,1905,1907,-27,-1.39607,84400,OK
2026-03-02,4728,トーセ,スタンダード（内国株式）,情報･通信業,646,650,644,650,0,0,12700,OK
2026-03-02,472A,ミラティブ,グロース（内国株式）,情報･通信業,510,531,504,526,-13,-2.411874,119700,OK
2026-03-02,4732,ユー・エス・エス,プライム（内国株式）,サービス業,1872,1892,1870,1888.5,-14,-0.735874,1299000,OK
2026-03-02,4733,オービックビジネスコンサルタント,プライム（内国株式）,情報･通信業,6198,6245,6135,6163,-157,-2.484177,332300,OK
2026-03-02,4735,京進,スタンダード（内国株式）,サービス業,321,325,321,322,-7,-2.12766,2000,OK
2026-03-02,4736,日本ラッド,スタンダード（内国株式）,情報･通信業,631,633,630,631,-6,-0.941915,4900,OK
2026-03-02,4743,アイティフォー,プライム（内国株式）,情報･通信業,1716,1727,1708,1716,-26,-1.492537,85800,OK
2026-03-02,4746,東計電算,スタンダード（内国株式）,情報･通信業,4390,4425,4335,4360,-75,-1.691094,22800,OK
2026-03-02,4750,ダイサン,スタンダード（内国株式）,サービス業,594,608,590,594,-1,-0.168067,16100,OK
2026-03-02,4751,サイバーエージェント,プライム（内国株式）,サービス業,1351,1367,1336.5,1347,-31,-2.249637,2738300,OK
2026-03-02,4752,昭和システムエンジニアリング,スタンダード（内国株式）,情報･通信業,1613,1616,1613,1615,-6,-0.370142,400,OK
2026-03-02,4754,トスネット,スタンダード（内国株式）,サービス業,1537,1538,1523,1523,-15,-0.975293,700,OK
2026-03-02,4755,楽天グループ,プライム（内国株式）,サービス業,801,817.8,796.2,811.5,-16.6,-2.004589,16826700,OK
2026-03-02,475A,ギミック,スタンダード（内国株式）,サービス業,1118,1133,1098,1100,-34,-2.998236,23200,OK
2026-03-02,4760,アルファ,スタンダード（内国株式）,サービス業,1600,1600,1580,1600,0,0,1000,OK
2026-03-02,4761,さくらケーシーエス,スタンダード（内国株式）,情報･通信業,1309,1340,1300,1336,49,3.807304,36400,OK
2026-03-02,4762,エックスネット,スタンダード（内国株式）,情報･通信業,1549,1560,1535,1549,0,0,5000,OK
2026-03-02,4763,クリーク・アンド・リバー社,プライム（内国株式）,サービス業,1476,1489,1465,1469,-15,-1.010782,72500,OK
2026-03-02,4765,ＳＢＩグローバルアセットマネジメント,プライム（内国株式）,サービス業,616,617,609,610,-13,-2.086677,369800,OK
2026-03-02,4766,ピーエイ,スタンダード（内国株式）,サービス業,238,238,233,235,0,0,29800,OK
2026-03-02,4767,テー・オー・ダブリュー,スタンダード（内国株式）,サービス業,380,383,378,380,-4,-1.041667,92400,OK
2026-03-02,4768,大塚商会,プライム（内国株式）,情報･通信業,3061,3122,3057,3100,-49,-1.55605,1243800,OK
2026-03-02,4769,ＩＣ,スタンダード（内国株式）,情報･通信業,1029,1031,1023,1029,-7,-0.675676,2400,OK
2026-03-02,476A,辻・本郷ＩＴコンサルティング,スタンダード（内国株式）,情報･通信業,1674,1675,1659,1675,-2,-0.119261,3700,OK
2026-03-02,4771,エフアンドエム,スタンダード（内国株式）,サービス業,2302,2342,2302,2324,-18,-0.768574,14500,OK
2026-03-02,4772,ＳＭ　ＥＮＴＥＲＴＡＩＮＭＥＮＴ　ＪＡＰＡＮ,グロース（内国株式）,情報･通信業,96,97,95,96,-1,-1.030928,249400,OK
2026-03-02,4776,サイボウズ,プライム（内国株式）,情報･通信業,2209,2229,2171,2191,-41,-1.836918,616100,OK
2026-03-02,4777,ガーラ,スタンダード（内国株式）,情報･通信業,210,210,202,205,-3,-1.442308,50900,OK
2026-03-02,477A,スタートライン,グロース（内国株式）,サービス業,730,745,721,733,-12,-1.610738,38200,OK
2026-03-02,4783,ＮＣＤ,スタンダード（内国株式）,情報･通信業,3390,3450,3385,3410,-45,-1.30246,21500,OK
2026-03-02,4784,ＧＭＯインターネット,プライム（内国株式）,サービス業,766,768,748,755,-15,-1.948052,277900,OK
2026-03-02,478A,フツパー,グロース（内国株式）,情報･通信業,757,829,745,745,-19,-2.486911,333300,OK
2026-03-02,4792,山田コンサルティンググループ,プライム（内国株式）,サービス業,1710,1712,1688,1699,-24,-1.392919,31200,OK
2026-03-02,479A,ＰＲＯＮＩ,グロース（内国株式）,情報･通信業,1488,1541,1455,1467,-41,-2.718833,64200,OK
2026-03-02,4800,オリコン,スタンダード（内国株式）,情報･通信業,880,884,875,876,-4,-0.454545,24900,OK
2026-03-02,4801,セントラルスポーツ,プライム（内国株式）,サービス業,2455,2478,2446,2456,-12,-0.486224,17300,OK
2026-03-02,4809,パラカ,プライム（内国株式）,不動産業,2035,2043,2015,2027,-11,-0.539745,20300,OK
2026-03-02,480A,リブ・コンサルティング,グロース（内国株式）,サービス業,1152,1166,1144,1144,-34,-2.886248,34700,OK
2026-03-02,4811,ドリーム・アーツ,グロース（内国株式）,情報･通信業,850,850,821,849,-1,-0.117647,28200,OK
2026-03-02,4812,電通総研,プライム（内国株式）,情報･通信業,1972,1992,1934,1935,-35,-1.77665,546100,OK
2026-03-02,4813,ＡＣＣＥＳＳ,プライム（内国株式）,情報･通信業,621,622,609,611,-22,-3.475513,112000,OK
2026-03-02,4814,ネクストウェア,スタンダード（内国株式）,情報･通信業,198,202,195,198,-1,-0.502513,132000,OK
2026-03-02,4816,東映アニメーション,スタンダード（内国株式）,情報･通信業,2420,2449,2401,2410,-25,-1.026694,294500,OK
2026-03-02,4819,デジタルガレージ,プライム（内国株式）,情報･通信業,2079,2100,2012,2016,-105,-4.950495,347900,OK
2026-03-02,481A,ＪＳｅｃｕｒｉｔｙ,TOKYO PRO MARKET（内国株式）,情報･通信業,,,,,,,,NO_QUOTE
2026-03-02,4820,イーエムシステムズ,プライム（内国株式）,情報･通信業,707,707,700,701,-13,-1.820728,203400,OK
2026-03-02,4825,ウェザーニューズ,プライム（内国株式）,情報･通信業,2100,2131,2078,2090,-46,-2.153558,232200,OK
2026-03-02,4826,ＣＩＪ,プライム（内国株式）,情報･通信業,516,528,509,523,-3,-0.570342,584700,OK
2026-03-02,4828,ビジネスエンジニアリング,プライム（内国株式）,情報･通信業,1340,1377,1339,1351,-59,-4.184397,136000,OK
2026-03-02,4829,日本エンタープライズ,スタンダード（内国株式）,情報･通信業,136,136,132,132,-5,-3.649635,605300,OK
2026-03-02,4832,ＪＦＥシステムズ,スタンダード（内国株式）,情報･通信業,2117,2155,2117,2154,-2,-0.092764,8500,OK
2026-03-02,4833,Ｄｅｆ　ｃｏｎｓｕｌｔｉｎｇ,グロース（内国株式）,サービス業,76,77,74,74,-4,-5.128205,1046700,OK
2026-03-02,4838,スペースシャワーＳＫＩＹＡＫＩホールディングス,スタンダード（内国株式）,情報･通信業,922,922,891,893,-38,-4.081633,113200,OK
2026-03-02,4839,ＷＯＷＯＷ,プライム（内国株式）,情報･通信業,1327,1335,1298,1298,-59,-4.347826,102100,OK
2026-03-02,483A,テラテクノロジー,スタンダード（内国株式）,情報･通信業,2230,2230,2171,2217,-18,-0.805369,30400,OK
2026-03-02,4840,トライアイズ,スタンダード（内国株式）,サービス業,459,463,453,453,-13,-2.7897,4900,OK
2026-03-02,4845,スカラ,プライム（内国株式）,情報･通信業,369,369,363,363,-6,-1.626016,112500,OK
2026-03-02,4847,インテリジェント　ウェイブ,プライム（内国株式）,情報･通信業,991,1005,978,997,-13,-1.287129,282000,OK
2026-03-02,4848,フルキャストホールディングス,プライム（内国株式）,サービス業,1684,1688,1660,1674,-13,-0.770599,97800,OK
2026-03-02,4849,エン,プライム（内国株式）,サービス業,1220,1222,1181,1186,-55,-4.43191,264000,OK
2026-03-02,484A,ニューズドテック,TOKYO PRO MARKET（内国株式）,小売業,,,,,,,,NO_QUOTE
2026-03-02,485A,パワーエックス,グロース（内国株式）,電気機器,4050,4540,3950,4540,700,18.229167,2669600,OK
2026-03-02,4880,セルソース,プライム（内国株式）,医薬品,417,417,396,397,-26,-6.146572,131200,OK
2026-03-02,4881,ファンペップ,グロース（内国株式）,医薬品,98,98,93,94,-6,-6,728200,OK
2026-03-02,4882,ペルセウスプロテオミクス,グロース（内国株式）,医薬品,230,237,224,231,-3,-1.282051,257000,OK
2026-03-02,4883,モダリス,グロース（内国株式）,医薬品,59,59,57,57,-2,-3.389831,545500,OK
2026-03-02,4884,クリングルファーマ,グロース（内国株式）,医薬品,392,398,383,395,0,0,33600,OK
2026-03-02,4885,室町ケミカル,スタンダード（内国株式）,医薬品,1260,1278,1192,1205,-85,-6.589147,63300,OK
2026-03-02,4886,あすか製薬ホールディングス,プライム（内国株式）,医薬品,2460,2485,2440,2483,-9,-0.361156,113300,OK
2026-03-02,4887,サワイグループホールディングス,プライム（内国株式）,医薬品,2327,2339.5,2295,2309,-12,-0.517019,360300,OK
2026-03-02,4888,ステラファーマ,グロース（内国株式）,医薬品,450,506,445,496,38,8.296943,2243000,OK
2026-03-02,4889,レナサイエンス,グロース（内国株式）,医薬品,1890,1997,1884,1974,28,1.438849,313500,OK
2026-03-02,4890,坪田ラボ,グロース（内国株式）,医薬品,272,289,270,286,12,4.379562,106700,OK
2026-03-02,4891,ティムス,グロース（内国株式）,医薬品,150,152,147,147,-8,-5.16129,643000,OK
2026-03-02,4892,サイフューズ,グロース（内国株式）,医薬品,653,660,640,645,-23,-3.443114,71400,OK
2026-03-02,4893,ノイルイミューン・バイオテック,グロース（内国株式）,医薬品,170,174,165,168,3,1.818182,545200,OK
2026-03-02,4894,クオリプス,グロース（内国株式）,医薬品,7630,7790,7330,7350,-730,-9.034653,635200,OK
2026-03-02,4896,ケイファーマ,グロース（内国株式）,医薬品,857,883,851,860,-38,-4.231626,156500,OK
2026-03-02,4901,富士フイルムホールディングス,プライム（内国株式）,化学,3200,3210,3159,3170,-74,-2.281134,5854400,OK
2026-03-02,4902,コニカミノルタ,プライム（内国株式）,電気機器,580.1,588.4,574.1,585.5,-11.3,-1.893432,2807300,OK
2026-03-02,490A,センス・トラスト,TOKYO PRO MARKET（内国株式）,不動産業,,,,,,,,NO_QUOTE
2026-03-02,4911,資生堂,プライム（内国株式）,化学,3235,3298,3213,3239,-61,-1.848485,2036400,OK
2026-03-02,4912,ライオン,プライム（内国株式）,化学,1849,1874.5,1830,1874.5,36,1.958118,1647800,OK
2026-03-02,4914,高砂香料工業,プライム（内国株式）,化学,1370,1370,1341,1346,-38,-2.745665,271700,OK
2026-03-02,4917,マンダム,プライム（内国株式）,化学,3110,3130,3090,3110,-115,-3.565891,150300,OK
2026-03-02,4918,アイビー化粧品,スタンダード（内国株式）,化学,416,416,406,407,-9,-2.163462,9800,OK
2026-03-02,4919,ミルボン,プライム（内国株式）,化学,2802,2845,2789,2793,-18,-0.640342,110600,OK
2026-03-02,4920,日本色材工業研究所,スタンダード（内国株式）,化学,1185,1185,1178,1178,-9,-0.758214,1100,OK
2026-03-02,4922,コーセーホールディングス,プライム（内国株式）,化学,6253,6322,6207,6262,27,0.433039,253100,OK
2026-03-02,4923,コタ,プライム（内国株式）,化学,1341,1342,1330,1330,-4,-0.29985,35700,OK
2026-03-02,4925,ハーバー研究所,スタンダード（内国株式）,化学,1833,1847,1830,1839,4,0.217984,4000,OK
2026-03-02,4926,シーボン,スタンダード（内国株式）,化学,1360,1365,1360,1365,5,0.367647,3500,OK
2026-03-02,4927,ポーラ・オルビスホールディングス,プライム（内国株式）,化学,1373,1385,1364,1376.5,-1.5,-0.108853,661500,OK
2026-03-02,4928,ノエビアホールディングス,プライム（内国株式）,化学,4700,4735,4675,4735,20,0.424178,49700,OK
2026-03-02,4929,アジュバンホールディングス,スタンダード（内国株式）,化学,818,820,814,819,1,0.122249,21300,OK
2026-03-02,4931,新日本製薬,プライム（内国株式）,化学,2122,2122,2091,2102,-36,-1.683817,41300,OK
2026-03-02,4932,アルマード,スタンダード（内国株式）,化学,954,955,921,923,-32,-3.350785,109000,OK
2026-03-02,4933,Ｉ−ｎｅ,プライム（内国株式）,化学,1123,1123,1083,1087,-39,-3.463588,201600,OK
2026-03-02,4934,プレミアアンチエイジング,グロース（内国株式）,化学,811,811,766,780,-37,-4.528764,54100,OK
2026-03-02,4935,リベルタ,スタンダード（内国株式）,化学,351,354,344,345,-19,-5.21978,286000,OK
2026-03-02,4936,アクシージア,スタンダード（内国株式）,化学,388,388,378,378,-11,-2.827763,37600,OK
2026-03-02,4937,Ｗａｑｏｏ,グロース（内国株式）,化学,1511,1559,1501,1537,-1,-0.06502,1700,OK
2026-03-02,4951,エステー,プライム（内国株式）,化学,1565,1575,1557,1573,-1,-0.063532,53000,OK
2026-03-02,4956,コニシ,プライム（内国株式）,化学,1354,1387,1347,1387,3,0.216763,103200,OK
2026-03-02,4957,ヤスハラケミカル,スタンダード（内国株式）,化学,1371,1371,1371,1371,1,0.072993,1400,OK
2026-03-02,4958,長谷川香料,プライム（内国株式）,化学,2912,2921,2880,2916,-3,-0.102775,67700,OK
2026-03-02,4960,ケミプロ化成,スタンダード（内国株式）,化学,719,727,697,702,-44,-5.898123,156900,OK
2026-03-02,4966,上村工業,スタンダード（内国株式）,化学,21400,22300,21250,22280,590,2.720148,52800,OK
2026-03-02,4967,小林製薬,プライム（内国株式）,化学,5804,5826,5765,5813,-17,-0.291595,165100,OK
2026-03-02,4968,荒川化学工業,プライム（内国株式）,化学,1518,1533,1488,1522,-34,-2.18509,67400,OK
2026-03-02,4970,東洋合成工業,スタンダード（内国株式）,化学,11240,11830,10930,11660,120,1.039861,72700,OK
2026-03-02,4971,メック,プライム（内国株式）,化学,6850,7180,6790,7150,120,1.70697,352600,OK
2026-03-02,4972,綜研化学,スタンダード（内国株式）,化学,3210,3270,3070,3240,-50,-1.519757,65400,OK
2026-03-02,4973,日本高純度化学,プライム（内国株式）,化学,5070,5300,5000,5200,-130,-2.439024,109900,OK
2026-03-02,4974,タカラバイオ,プライム（内国株式）,化学,1147,1148,1147,1147,0,0,717400,OK
2026-03-02,4975,ＪＣＵ,プライム（内国株式）,化学,6770,7020,6730,6970,0,0,98800,OK
2026-03-02,4976,東洋ドライルーブ,スタンダード（内国株式）,化学,1582,1582,1562,1562,-16,-1.013942,2000,OK
2026-03-02,4977,新田ゼラチン,スタンダード（内国株式）,化学,1451,1478,1430,1468,-5,-0.339443,71700,OK
2026-03-02,4978,リプロセル,グロース（内国株式）,化学,180,181,177,181,-7,-3.723404,978800,OK
2026-03-02,4979,ＯＡＴアグリオ,スタンダード（内国株式）,化学,2352,2365,2311,2330,-72,-2.997502,14500,OK
2026-03-02,4980,デクセリアルズ,プライム（内国株式）,化学,2526,2628,2490,2576,-11.5,-0.444444,2375300,OK
2026-03-02,4985,アース製薬,プライム（内国株式）,化学,5050,5130,5010,5110,30,0.590551,74800,OK
2026-03-02,4990,昭和化学工業,スタンダード（内国株式）,化学,554,590,554,579,15,2.659574,15200,OK
2026-03-02,4992,北興化学工業,スタンダード（内国株式）,化学,1846,1878,1831,1860,-19,-1.011176,56600,OK
2026-03-02,4994,大成ラミックグループ,スタンダード（内国株式）,化学,2771,2792,2750,2776,-38,-1.350391,18700,OK
2026-03-02,4996,クミアイ化学工業,プライム（内国株式）,化学,719,721,705,718,-16,-2.179837,653600,OK
2026-03-02,4997,日本農薬,プライム（内国株式）,化学,1062,1073,1050,1073,-19,-1.739927,132700,OK
2026-03-02,4998,フマキラー,スタンダード（内国株式）,化学,1180,1187,1177,1187,3,0.253378,21100,OK
2026-03-02,500A,ＴＯブックス,スタンダード（内国株式）,情報･通信業,3255,3375,3165,3325,95,2.941176,19600,OK
2026-03-02,5010,日本精蝋,スタンダード（内国株式）,石油･石炭製品,316,325,312,318,1,0.315457,656400,OK
2026-03-02,5011,ニチレキグループ,プライム（内国株式）,石油･石炭製品,2402,2403,2355,2371,-69,-2.827869,94400,OK
2026-03-02,5013,ユシロ,スタンダード（内国株式）,石油･石炭製品,3155,3320,3150,3300,80,2.484472,60800,OK
2026-03-02,5015,ビーピー・カストロール,スタンダード（内国株式）,石油･石炭製品,1001,1003,997,998,-4,-0.399202,33500,OK
2026-03-02,5016,ＪＸ金属,プライム（内国株式）,非鉄金属,3970,4365,3964,4356,197,4.736716,40916300,OK
2026-03-02,5018,ＭＯＲＥＳＣＯ,スタンダード（内国株式）,石油･石炭製品,2086,2143,2071,2084,-96,-4.40367,86900,OK
2026-03-02,5019,出光興産,プライム（内国株式）,石油･石炭製品,1552.5,1561.5,1491.5,1518.5,27.5,1.8444,7555900,OK
2026-03-02,501A,プレシャスパートナーズ,TOKYO PRO MARKET（内国株式）,サービス業,,,,,,,,NO_QUOTE
2026-03-02,5020,ＥＮＥＯＳホールディングス,プライム（内国株式）,石油･石炭製品,1538.5,1552.5,1492.5,1544,56,3.763441,15512800,OK
2026-03-02,5021,コスモエネルギーホールディングス,プライム（内国株式）,石油･石炭製品,4948,5034,4890,4940,123,2.553457,1396900,OK
2026-03-02,5022,レボインターナショナル,TOKYO PRO MARKET（内国株式）,石油･石炭製品,,,,,,,,NO_QUOTE
2026-03-02,5025,マーキュリー,グロース（内国株式）,情報･通信業,724,740,724,724,2,0.277008,1700,OK
2026-03-02,5026,トリプルアイズ,グロース（内国株式）,情報･通信業,732,732,711,719,-28,-3.748327,35800,OK
2026-03-02,5027,ＡｎｙＭｉｎｄ　Ｇｒｏｕｐ,グロース（内国株式）,情報･通信業,508,515,489,500,-18,-3.474903,295800,OK
2026-03-02,5028,セカンドサイトアナリティカ,グロース（内国株式）,情報･通信業,389,390,372,376,-21,-5.289673,52900,OK
2026-03-02,5029,サークレイス,グロース（内国株式）,情報･通信業,618,636,604,614,-24,-3.761755,28400,OK
2026-03-02,5031,モイ,グロース（内国株式）,情報･通信業,313,321,310,310,-3,-0.958466,82600,OK
2026-03-02,5032,ＡＮＹＣＯＬＯＲ,プライム（内国株式）,情報･通信業,3855,3895,3815,3845,-35,-0.902062,484800,OK
2026-03-02,5033,ヌーラボ,グロース（内国株式）,情報･通信業,761,761,746,755,-5,-0.657895,7500,OK
2026-03-02,5034,ｕｎｅｒｒｙ,グロース（内国株式）,情報･通信業,2476,2487,2402,2428,0,0,10800,OK
2026-03-02,5035,ＨＯＵＳＥＩ,グロース（内国株式）,情報･通信業,428,428,417,420,-3,-0.70922,8600,OK
2026-03-02,5036,日本ビジネスシステムズ,プライム（内国株式）,情報･通信業,1610,1630,1576,1610,-40,-2.424242,100700,OK
2026-03-02,5037,フィットワークス,TOKYO PRO MARKET（内国株式）,情報･通信業,,,,,,,,NO_QUOTE
2026-03-02,5038,ｅＷｅＬＬ,グロース（内国株式）,情報･通信業,2247,2255,2203,2223,-124,-5.28334,81600,OK
2026-03-02,503A,ベルチャイルド,TOKYO PRO MARKET（内国株式）,情報･通信業,,,,,,,,NO_QUOTE
2026-03-02,504A,イノバセル,グロース（内国株式）,医薬品,984,1082,965,1070,116,12.159329,468200,OK
2026-03-02,505A,ギークリー,スタンダード（内国株式）,サービス業,1619,1668,1590,1590,-80,-4.790419,265200,OK
2026-03-02,506A,シンカナース,TOKYO PRO MARKET（内国株式）,サービス業,,,,,,,,NO_QUOTE
2026-03-02,5071,ヴィス,スタンダード（内国株式）,サービス業,1668,1688,1645,1688,25,1.503307,8400,OK
2026-03-02,5072,アートフォースジャパン,TOKYO PRO MARKET（内国株式）,建設業,,,,,,,,NO_QUOTE
2026-03-02,5074,テスホールディングス,プライム（内国株式）,建設業,578,600,568,583,-25,-4.111842,1891000,OK
2026-03-02,5076,インフロニア・ホールディングス,プライム（内国株式）,建設業,2546,2565.5,2503,2555,-64,-2.443681,1672500,OK
2026-03-02,50765,インフロニア・ホールディングス（優先株式）,プライム（内国株式）,建設業,4671,4675,4670,4670,-1,-0.021409,13600,OK
2026-03-02,5077,ハンズ,TOKYO PRO MARKET（内国株式）,建設業,,,,,,,,NO_QUOTE
2026-03-02,5078,セレコーポレーション,スタンダード（内国株式）,建設業,4970,5200,4970,5140,160,3.212851,1100,OK
2026-03-02,5079,ノバック,スタンダード（内国株式）,建設業,2909,2909,2860,2904,-5,-0.17188,7500,OK
2026-03-02,507A,デジタル・ナレッジ,TOKYO PRO MARKET（内国株式）,情報･通信業,,,,,,,,NO_QUOTE
2026-03-02,5101,横浜ゴム,プライム（内国株式）,ゴム製品,7559,7658,7400,7474,-408,-5.176351,1013400,OK
2026-03-02,5103,昭和ホールディングス,スタンダード（内国株式）,ゴム製品,45,45,44,44,0,0,20300,OK
2026-03-02,5105,ＴＯＹＯ　ＴＩＲＥ,プライム（内国株式）,ゴム製品,4622,4660,4516,4563,-264,-5.469236,1137800,OK
2026-03-02,5108,ブリヂストン,プライム（内国株式）,ゴム製品,3697,3744,3673,3698,-98,-2.581665,6865600,OK
2026-03-02,510A,ハートアップ,TOKYO PRO MARKET（内国株式）,サービス業,,,,,,,,NO_QUOTE
2026-03-02,5110,住友ゴム工業,プライム（内国株式）,ゴム製品,2631.5,2642.5,2533,2574,-207.5,-7.460004,4343400,OK
2026-03-02,5121,藤倉コンポジット,プライム（内国株式）,ゴム製品,2675,2725,2635,2724,6,0.220751,152700,OK
2026-03-02,5122,オカモト,プライム（内国株式）,ゴム製品,5980,6190,5980,6170,50,0.816993,21800,OK
2026-03-02,5125,ファインズ,グロース（内国株式）,情報･通信業,674,705,674,700,16,2.339181,11100,OK
2026-03-02,5126,ポーターズ,グロース（内国株式）,情報･通信業,1552,1552,1552,1552,-40,-2.512563,100,OK
2026-03-02,5129,ＦＩＸＥＲ,グロース（内国株式）,情報･通信業,381,385,378,384,-9,-2.290076,28000,OK
2026-03-02,5130,ヒロホールディングス,TOKYO PRO MARKET（内国株式）,情報･通信業,,,,,,,,NO_QUOTE
2026-03-02,5131,リンカーズ,グロース（内国株式）,情報･通信業,143,151,141,151,4,2.721088,265100,OK
2026-03-02,5132,ｐｌｕｓｚｅｒｏ,グロース（内国株式）,情報･通信業,2206,2264,2185,2185,-151,-6.464041,101400,OK
2026-03-02,5133,テリロジーホールディングス,スタンダード（内国株式）,情報･通信業,355,361,346,354,19,5.671642,387100,OK
2026-03-02,5134,ＰＯＰＥＲ,グロース（内国株式）,情報･通信業,495,495,480,485,-13,-2.610442,10200,OK
2026-03-02,5135,ＡＩＲ−Ｕ,TOKYO PRO MARKET（内国株式）,情報･通信業,,,,,,,,NO_QUOTE
2026-03-02,5136,ｔｒｉｐｌａ,グロース（内国株式）,情報･通信業,1544,1548,1407,1449,-103,-6.636598,233700,OK
2026-03-02,5137,スマートドライブ,グロース（内国株式）,情報･通信業,299,299,288,291,-17,-5.519481,273800,OK
2026-03-02,5138,Ｒｅｂａｓｅ,グロース（内国株式）,情報･通信業,646,656,631,644,-12,-1.829268,14000,OK
2026-03-02,5139,オープンワーク,グロース（内国株式）,情報･通信業,951,951,920,925,-48,-4.933196,47900,OK
2026-03-02,5142,アキレス,プライム（内国株式）,化学,1753,1782,1723,1770,-23,-1.282766,97300,OK
2026-03-02,5161,西川ゴム工業,スタンダード（内国株式）,ゴム製品,4405,4515,4395,4420,-125,-2.750275,150800,OK
2026-03-02,5162,朝日ラバー,スタンダード（内国株式）,ゴム製品,843,848,795,796,-17,-2.091021,20900,OK
2026-03-02,5184,ニチリン,スタンダード（内国株式）,ゴム製品,4325,4335,4250,4300,-75,-1.714286,17200,OK
2026-03-02,5185,フコク,プライム（内国株式）,ゴム製品,1988,1999,1960,1986,-29,-1.439206,67000,OK
2026-03-02,5186,ニッタ,プライム（内国株式）,ゴム製品,4665,4680,4615,4660,-75,-1.583949,31700,OK
2026-03-02,5187,クリエートメディック,スタンダード（内国株式）,精密機器,1220,1220,1192,1192,-30,-2.454992,14900,OK
2026-03-02,5189,櫻護謨,スタンダード（内国株式）,ゴム製品,3320,3350,3265,3295,-70,-2.080238,7000,OK
2026-03-02,5192,三ツ星ベルト,プライム（内国株式）,ゴム製品,4260,4285,4185,4280,-15,-0.349243,95400,OK
2026-03-02,5194,相模ゴム工業,スタンダード（内国株式）,ゴム製品,684,688,678,678,-6,-0.877193,7300,OK
2026-03-02,5195,バンドー化学,プライム（内国株式）,ゴム製品,2350,2381,2319,2371,-17,-0.711893,51800,OK
2026-03-02,5199,不二ラテックス,スタンダード（内国株式）,ゴム製品,2093,2134,2093,2110,-16,-0.752587,2300,OK
2026-03-02,5201,ＡＧＣ,プライム（内国株式）,ガラス･土石製品,6772,6930,6702,6930,0,0,1262900,OK
2026-03-02,5202,日本板硝子,プライム（内国株式）,ガラス･土石製品,600,617,582,614,5,0.821018,2700600,OK
2026-03-02,5204,石塚硝子,スタンダード（内国株式）,ガラス･土石製品,3905,4030,3905,3995,-5,-0.125,18800,OK
2026-03-02,5208,有沢製作所,プライム（内国株式）,化学,2600,2680,2565,2654,9,0.340265,291100,OK
2026-03-02,5210,日本山村硝子,スタンダード（内国株式）,ガラス･土石製品,3385,3455,3320,3410,-80,-2.292264,143100,OK
2026-03-02,5214,日本電気硝子,プライム（内国株式）,ガラス･土石製品,6822,7065,6651,7065,186,2.703881,1075400,OK
2026-03-02,5216,倉元製作所,スタンダード（内国株式）,ガラス･土石製品,197,201,194,196,-5,-2.487562,610600,OK
2026-03-02,5218,オハラ,スタンダード（内国株式）,ガラス･土石製品,1200,1200,1165,1188,-26,-2.14168,72200,OK
2026-03-02,5232,住友大阪セメント,プライム（内国株式）,ガラス･土石製品,4542,4640,4504,4638,-4,-0.08617,183000,OK
2026-03-02,5233,太平洋セメント,プライム（内国株式）,ガラス･土石製品,4447,4465,4372,4426,-67,-1.491209,505900,OK
2026-03-02,5237,ノザワ,スタンダード（内国株式）,ガラス･土石製品,1110,1112,1103,1112,0,0,6900,OK
2026-03-02,5240,ｍｏｎｏＡＩ　ｔｅｃｈｎｏｌｏｇｙ,グロース（内国株式）,情報･通信業,238,238,224,226,-16,-6.61157,85000,OK
2026-03-02,5242,アイズ,グロース（内国株式）,情報･通信業,1048,1048,1036,1040,-4,-0.383142,700,OK
2026-03-02,5243,ｎｏｔｅ,グロース（内国株式）,情報･通信業,2142,2142,2078,2092,-124,-5.595668,329000,OK
2026-03-02,5244,ｊｉｇ．ｊｐ,グロース（内国株式）,情報･通信業,238,241,232,239,-2,-0.829876,244400,OK
2026-03-02,5246,ＥＬＥＭＥＮＴＳ,グロース（内国株式）,情報･通信業,650,676,631,673,17,2.591463,1223400,OK
2026-03-02,5247,ＢＴＭ,グロース（内国株式）,情報･通信業,644,671,642,660,3,0.456621,9000,OK
2026-03-02,5248,テクノロジーズ,グロース（内国株式）,情報･通信業,548,562,530,542,-4,-0.732601,142400,OK
2026-03-02,5249,あさかわシステムズ,TOKYO PRO MARKET（内国株式）,情報･通信業,,,,,,,,NO_QUOTE
2026-03-02,5250,ＧＭＯプライム・ストラテジー,スタンダード（内国株式）,情報･通信業,1180,1180,1150,1174,-17,-1.427372,6400,OK
2026-03-02,5251,ウイズ・ワン,TOKYO PRO MARKET（内国株式）,情報･通信業,,,,,,,,NO_QUOTE
2026-03-02,5252,日本ナレッジ,グロース（内国株式）,情報･通信業,906,906,877,900,-10,-1.098901,6300,OK
2026-03-02,5253,カバー,グロース（内国株式）,情報･通信業,1666,1705,1617,1640,-105,-6.017192,2652800,OK
2026-03-02,5254,Ａｒｅｎｔ,グロース（内国株式）,情報･通信業,4280,4405,4270,4350,-45,-1.023891,51000,OK
2026-03-02,5255,モンスターラボ,グロース（内国株式）,情報･通信業,132,132,112,113,-20,-15.037594,5599400,OK
2026-03-02,5256,Ｆｕｓｉｃ,グロース（内国株式）,情報･通信業,2240,2275,2201,2275,-5,-0.219298,3300,OK
2026-03-02,5257,ノバシステム,スタンダード（内国株式）,情報･通信業,2479,2520,2409,2473,44,1.811445,47800,OK
2026-03-02,5258,トランザクション・メディア・ネットワークス,グロース（内国株式）,情報･通信業,321,329,311,323,-12,-3.58209,557400,OK
2026-03-02,5259,ＢＢＤイニシアティブ,グロース（内国株式）,情報･通信業,1116,1180,1116,1141,-5,-0.4363,28500,OK
2026-03-02,5261,リソルホールディングス,プライム（内国株式）,サービス業,8780,8890,8640,8890,-40,-0.447928,10900,OK
2026-03-02,5262,日本ヒューム,プライム（内国株式）,ガラス･土石製品,1454,1485,1444,1460,-43,-2.860945,507600,OK
2026-03-02,5268,旭コンクリート工業,スタンダード（内国株式）,ガラス･土石製品,984,997,972,985,-14,-1.401401,9800,OK
2026-03-02,5269,日本コンクリート工業,プライム（内国株式）,ガラス･土石製品,352,367,349,358,-2,-0.555556,411000,OK
2026-03-02,5271,トーヨーアサノ,スタンダード（内国株式）,ガラス･土石製品,2361,2398,2360,2398,-4,-0.166528,5400,OK
2026-03-02,5273,三谷セキサン,スタンダード（内国株式）,ガラス･土石製品,8170,8170,7880,7940,-290,-3.523694,12300,OK
2026-03-02,5279,日本興業,スタンダード（内国株式）,ガラス･土石製品,1495,1495,1472,1481,-14,-0.936455,4800,OK
2026-03-02,5280,ヨシコン,スタンダード（内国株式）,不動産業,2751,2787,2735,2766,1,0.036166,16400,OK
2026-03-02,5282,ジオスター,スタンダード（内国株式）,ガラス･土石製品,490,499,484,493,-15,-2.952756,119400,OK
2026-03-02,5283,高見澤,スタンダード（内国株式）,卸売業,3790,3790,3750,3750,-40,-1.055409,500,OK
2026-03-02,5284,ヤマウホールディングス,スタンダード（内国株式）,ガラス･土石製品,2441,2450,2432,2450,7,0.286533,22600,OK
2026-03-02,5285,ヤマックス,スタンダード（内国株式）,ガラス･土石製品,1711,1729,1693,1704,-65,-3.674392,127900,OK
2026-03-02,5287,イトーヨーギョー,スタンダード（内国株式）,ガラス･土石製品,1349,1356,1313,1331,-46,-3.340595,70400,OK
2026-03-02,5288,アジアパイルホールディングス,プライム（内国株式）,ガラス･土石製品,1526,1548,1501,1530,-49,-3.10323,228200,OK
2026-03-02,5290,ベルテクスコーポレーション,スタンダード（内国株式）,ガラス･土石製品,1777,1777,1730,1757,-34,-1.898381,44000,OK
2026-03-02,5301,東海カーボン,プライム（内国株式）,ガラス･土石製品,1085.5,1098,1061,1094.5,-19,-1.706331,1330100,OK
2026-03-02,5302,日本カーボン,プライム（内国株式）,ガラス･土石製品,4975,5020,4890,5010,-40,-0.792079,81600,OK
2026-03-02,5304,ＳＥＣカーボン,スタンダード（内国株式）,ガラス･土石製品,2928,2993,2867,2991,-8,-0.266756,83700,OK
2026-03-02,5310,東洋炭素,プライム（内国株式）,ガラス･土石製品,6070,6240,6000,6170,-190,-2.987421,262700,OK
2026-03-02,5331,ノリタケ,プライム（内国株式）,ガラス･土石製品,6800,7060,6780,7050,50,0.714286,153000,OK
2026-03-02,5332,ＴＯＴＯ,プライム（内国株式）,ガラス･土石製品,5954,6195,5920,6162,49,0.80157,978400,OK
2026-03-02,5333,日本碍子,プライム（内国株式）,ガラス･土石製品,4424,4552,4380,4549,-38,-0.828428,1295100,OK
2026-03-02,5334,日本特殊陶業,プライム（内国株式）,ガラス･土石製品,7596,7862,7505,7862,-41,-0.51879,861900,OK
2026-03-02,5337,ダントーホールディングス,スタンダード（内国株式）,ガラス･土石製品,661,661,640,644,-17,-2.571861,8300,OK
2026-03-02,5341,ＡＳＡＨＩ　ＥＩＴＯホールディングス,スタンダード（内国株式）,ガラス･土石製品,208,208,203,203,-7,-3.333333,21700,OK
2026-03-02,5344,ＭＡＲＵＷＡ,プライム（内国株式）,ガラス･土石製品,61200,63100,60720,62700,1420,2.317232,162400,OK
2026-03-02,5351,品川リフラ,プライム（内国株式）,ガラス･土石製品,2470,2507,2404,2497,-6,-0.239712,111800,OK
2026-03-02,5352,黒崎播磨,プライム（内国株式）,ガラス･土石製品,4185,4185,4160,4170,-30,-0.714286,56200,OK
2026-03-02,5355,日本坩堝,スタンダード（内国株式）,ガラス･土石製品,667,667,660,660,-7,-1.049475,5200,OK
2026-03-02,5356,美濃窯業,スタンダード（内国株式）,ガラス･土石製品,1328,1330,1300,1301,-28,-2.106847,14100,OK
2026-03-02,5357,ヨータイ,プライム（内国株式）,ガラス･土石製品,1997,2011,1969,1996,-16,-0.795229,26900,OK
2026-03-02,5363,東京窯業,スタンダード（内国株式）,ガラス･土石製品,627,637,613,628,-6,-0.946372,132400,OK
2026-03-02,5367,ニッカトー,スタンダード（内国株式）,ガラス･土石製品,840,842,816,824,-40,-4.62963,84000,OK
2026-03-02,5368,日本インシュレーション,スタンダード（内国株式）,ガラス･土石製品,1330,1337,1294,1302,-55,-4.053058,32900,OK
2026-03-02,5380,新東,スタンダード（内国株式）,ガラス･土石製品,1630,1650,1621,1621,-9,-0.552147,900,OK
2026-03-02,5381,マイポックス,スタンダード（内国株式）,ガラス･土石製品,857,901,838,873,-14,-1.578354,516700,OK
2026-03-02,5384,フジミインコーポレーテッド,プライム（内国株式）,ガラス･土石製品,3195,3295,3180,3280,-20,-0.606061,383100,OK
2026-03-02,5386,鶴弥,スタンダード（内国株式）,ガラス･土石製品,387,389,379,383,-7,-1.794872,38000,OK
2026-03-02,5388,クニミネ工業,スタンダード（内国株式）,ガラス･土石製品,1334,1334,1315,1318,-12,-0.902256,9400,OK
2026-03-02,5391,エーアンドエーマテリアル,スタンダード（内国株式）,ガラス･土石製品,1450,1453,1425,1453,-4,-0.274537,14700,OK
2026-03-02,5393,ニチアス,プライム（内国株式）,ガラス･土石製品,9386,9406,9103,9233,-368,-3.832934,300500,OK
2026-03-02,5401,日本製鉄,プライム（内国株式）,鉄鋼,635.4,635.5,623.3,629.5,-6.5,-1.022013,37253200,OK
2026-03-02,5406,神戸製鋼所,プライム（内国株式）,鉄鋼,2211,2263,2199.5,2263,-12,-0.527473,2753100,OK
2026-03-02,5408,中山製鋼所,プライム（内国株式）,鉄鋼,627,638,622,632,-2,-0.315457,515300,OK
2026-03-02,5410,合同製鐵,プライム（内国株式）,鉄鋼,4025,4025,3955,4005,-55,-1.35468,110300,OK
2026-03-02,5411,ＪＦＥホールディングス,プライム（内国株式）,鉄鋼,2140,2154,2111,2136.5,-64,-2.90843,5343400,OK
2026-03-02,5423,東京製鐵,プライム（内国株式）,鉄鋼,1617,1627,1588,1616,-4,-0.246914,330800,OK
2026-03-02,5440,共英製鋼,プライム（内国株式）,鉄鋼,2605,2649,2593,2640,-15,-0.564972,140800,OK
2026-03-02,5444,大和工業,プライム（内国株式）,鉄鋼,12920,12920,12635,12805,-200,-1.53787,226600,OK
2026-03-02,5445,東京鐵鋼,プライム（内国株式）,鉄鋼,6330,6400,6260,6350,-60,-0.936037,142600,OK
2026-03-02,5446,北越メタル,スタンダード（内国株式）,鉄鋼,1300,1328,1298,1328,28,2.153846,3200,OK
2026-03-02,5449,大阪製鐵,スタンダード（内国株式）,鉄鋼,2557,2561,2510,2544,-63,-2.416571,69100,OK
2026-03-02,5451,ヨドコウ,プライム（内国株式）,鉄鋼,1660,1660,1603,1651,208,14.414414,2027000,OK
2026-03-02,5458,高砂鐵工,スタンダード（内国株式）,鉄鋼,1101,1178,1053,1173,102,9.52381,15700,OK
2026-03-02,5461,中部鋼鈑,プライム（内国株式）,鉄鋼,2357,2357,2314,2347,-39,-1.634535,122700,OK
2026-03-02,5463,丸一鋼管,プライム（内国株式）,鉄鋼,1610.5,1623.5,1598.5,1623,-2,-0.123077,396300,OK
2026-03-02,5464,モリ工業,スタンダード（内国株式）,鉄鋼,1010,1027,1010,1020,-1,-0.097943,42900,OK
2026-03-02,5471,大同特殊鋼,プライム（内国株式）,鉄鋼,2380,2380,2308,2344,-40,-1.677852,2054800,OK
2026-03-02,5480,日本冶金工業,プライム（内国株式）,鉄鋼,5220,5270,5110,5240,-70,-1.318267,154500,OK
2026-03-02,5482,愛知製鋼,プライム（内国株式）,鉄鋼,3430,3475,3385,3455,-50,-1.426534,229800,OK
2026-03-02,5484,東北特殊鋼,スタンダード（内国株式）,鉄鋼,2290,2290,2247,2290,-3,-0.130833,2800,OK
2026-03-02,5491,日本金属,スタンダード（内国株式）,鉄鋼,1075,1189,1054,1134,53,4.902868,537100,OK
2026-03-02,5525,フロンティアホールディングス,TOKYO PRO MARKET（内国株式）,不動産業,,,,,,,,NO_QUOTE
2026-03-02,5527,ｐｒｏｐｅｒｔｙ　ｔｅｃｈｎｏｌｏｇｉｅｓ,グロース（内国株式）,不動産業,755,755,740,747,-17,-2.225131,35400,OK
2026-03-02,5528,フロンティアハウス,TOKYO PRO MARKET（内国株式）,不動産業,,,,,,,,NO_QUOTE
2026-03-02,5531,中山不動産,TOKYO PRO MARKET（内国株式）,不動産業,,,,,,,,NO_QUOTE
2026-03-02,5532,リアルゲイト,グロース（内国株式）,不動産業,3205,3315,3175,3235,-65,-1.969697,55800,OK
2026-03-02,5533,エリッツホールディングス,スタンダード（内国株式）,不動産業,2071,2122,2071,2075,7,0.338491,2200,OK
2026-03-02,5534,エンゼルグループ,TOKYO PRO MARKET（内国株式）,不動産業,,,,,,,,NO_QUOTE
2026-03-02,5535,ミガロホールディングス,プライム（内国株式）,不動産業,397,400,391,395,-12,-2.948403,336500,OK
2026-03-02,5536,京橋アートレジデンス,TOKYO PRO MARKET（内国株式）,不動産業,,,,,,,,NO_QUOTE
2026-03-02,5537,ＡｌｂａＬｉｎｋ,グロース（内国株式）,不動産業,3435,3490,3290,3435,-70,-1.997147,60200,OK
2026-03-02,5541,大平洋金属,プライム（内国株式）,鉄鋼,3755,3865,3720,3815,0,0,748200,OK
2026-03-02,5542,新報国マテリアル,スタンダード（内国株式）,鉄鋼,846,859,826,851,-10,-1.16144,9200,OK
2026-03-02,5563,新日本電工,プライム（内国株式）,鉄鋼,458,466,451,461,-8,-1.705757,1164100,OK
2026-03-02,5570,ジェノバ,グロース（内国株式）,情報･通信業,703,703,685,689,-23,-3.230337,35600,OK
2026-03-02,5571,エキサイトホールディングス,スタンダード（内国株式）,情報･通信業,1079,1079,1057,1058,-21,-1.946247,16200,OK
2026-03-02,5572,Ｒｉｄｇｅ−ｉ,グロース（内国株式）,情報･通信業,2300,2351,2275,2275,-95,-4.008439,15500,OK
2026-03-02,5573,働楽ホールディングス,TOKYO PRO MARKET（内国株式）,情報･通信業,,,,,,,,NO_QUOTE
2026-03-02,5574,ＡＢＥＪＡ,グロース（内国株式）,情報･通信業,3190,3300,3155,3290,130,4.113924,289900,OK
2026-03-02,5575,Ｇｌｏｂｅｅ,グロース（内国株式）,情報･通信業,611,618,608,608,-21,-3.338633,6300,OK
2026-03-02,5576,オービーシステム,スタンダード（内国株式）,情報･通信業,2761,2761,2736,2743,-18,-0.651938,1700,OK
2026-03-02,5578,ＡＲアドバンストテクノロジ,グロース（内国株式）,情報･通信業,906,925,888,888,-48,-5.128205,20300,OK
2026-03-02,5580,プロディライト,グロース（内国株式）,情報･通信業,1600,1625,1583,1583,-22,-1.370717,5800,OK
2026-03-02,5581,カイテクノロジー,TOKYO PRO MARKET（内国株式）,情報･通信業,,,,,,,,NO_QUOTE
2026-03-02,5582,グリッド,グロース（内国株式）,情報･通信業,2411,2449,2370,2440,-6,-0.245298,20200,OK
2026-03-02,5584,Ｓｔｒａｗｂｅｒｒｙ　ｊａｍｓ,TOKYO PRO MARKET（内国株式）,情報･通信業,,,,,,,,NO_QUOTE
2026-03-02,5586,Ｌａｂｏｒｏ．ＡＩ,グロース（内国株式）,情報･通信業,830,833,819,830,-6,-0.717703,50000,OK
2026-03-02,5587,インバウンドプラットフォーム,グロース（内国株式）,情報･通信業,902,915,884,885,-32,-3.48964,22500,OK
2026-03-02,5588,ファーストアカウンティング,グロース（内国株式）,情報･通信業,860,871,841,841,-35,-3.995434,60100,OK
2026-03-02,5589,オートサーバー,スタンダード（内国株式）,情報･通信業,2541,2570,2529,2570,42,1.661392,4100,OK
2026-03-02,5590,ネットスターズ,グロース（内国株式）,情報･通信業,801,806,779,784,-47,-5.655836,114200,OK
2026-03-02,5591,ＡＶＩＬＥＮ,グロース（内国株式）,情報･通信業,1019,1020,983,993,-56,-5.338418,78000,OK
2026-03-02,5592,くすりの窓口,グロース（内国株式）,情報･通信業,2632,2675,2618,2622,-77,-2.852908,48900,OK
2026-03-02,5594,エム・デー・ビー,TOKYO PRO MARKET（内国株式）,情報･通信業,,,,,,,,NO_QUOTE
2026-03-02,5597,ブルーイノベーション,グロース（内国株式）,情報･通信業,1521,1780,1521,1693,160,10.437052,428400,OK
2026-03-02,5598,Ｙｏｔｔａｖｉａｓ,TOKYO PRO MARKET（内国株式）,情報･通信業,,,,,,,,NO_QUOTE
2026-03-02,5599,Ｓ＆Ｊ,グロース（内国株式）,情報･通信業,1620,1646,1596,1601,-45,-2.7339,44000,OK
2026-03-02,5602,栗本鐵工所,プライム（内国株式）,鉄鋼,1755,1766,1709,1743,-34,-1.913337,488000,OK
2026-03-02,5603,虹技,スタンダード（内国株式）,鉄鋼,1393,1430,1393,1398,-12,-0.851064,7400,OK
2026-03-02,5609,日本鋳造,スタンダード（内国株式）,鉄鋼,865,865,858,864,-2,-0.230947,6500,OK
2026-03-02,5612,日本鋳鉄管,スタンダード（内国株式）,鉄鋼,1902,1914,1862,1888,-51,-2.630222,27900,OK
2026-03-02,5616,雨風太陽,グロース（内国株式）,情報･通信業,848,848,835,837,-8,-0.946746,4200,OK
2026-03-02,5617,ウィル・ドゥ,TOKYO PRO MARKET（内国株式）,情報･通信業,,,,,,,,NO_QUOTE
2026-03-02,5618,ナイル,グロース（内国株式）,情報･通信業,320,320,316,319,-2,-0.623053,5400,OK
2026-03-02,5619,マーソ,グロース（内国株式）,情報･通信業,900,900,891,891,-16,-1.764057,300,OK
2026-03-02,5620,エスピーオー,TOKYO PRO MARKET（内国株式）,情報･通信業,,,,,,,,NO_QUOTE
2026-03-02,5621,ヒューマンテクノロジーズ,グロース（内国株式）,情報･通信業,1476,1500,1455,1470,-6,-0.406504,67000,OK
2026-03-02,5622,ワンビ,TOKYO PRO MARKET（内国株式）,情報･通信業,,,,,,,,NO_QUOTE
2026-03-02,5631,日本製鋼所,プライム（内国株式）,機械,10250,10470,10035,10395,175,1.712329,1048100,OK
2026-03-02,5632,三菱製鋼,プライム（内国株式）,鉄鋼,2107,2107,2039,2070,-54,-2.542373,270800,OK
2026-03-02,5644,メタルアート,スタンダード（内国株式）,鉄鋼,5580,5610,5420,5590,0,0,6100,OK
2026-03-02,5658,日亜鋼業,スタンダード（内国株式）,鉄鋼,412,415,398,404,-11,-2.650602,161100,OK
2026-03-02,5659,日本精線,プライム（内国株式）,鉄鋼,1351,1370,1342,1360,-10,-0.729927,82300,OK
2026-03-02,5660,神鋼鋼線工業,スタンダード（内国株式）,鉄鋼,1514,1517,1491,1513,-14,-0.91683,5100,OK
2026-03-02,5695,パウダーテック,スタンダード（内国株式）,鉄鋼,2773,2773,2704,2707,-63,-2.274368,4300,OK
2026-03-02,5697,サンユウ,スタンダード（内国株式）,鉄鋼,798,804,790,793,-6,-0.750939,15300,OK
2026-03-02,5698,エンビプロ・ホールディングス,スタンダード（内国株式）,鉄鋼,985,1029,973,1017,5,0.494071,386700,OK
2026-03-02,5699,イボキン,スタンダード（内国株式）,鉄鋼,1610,1610,1561,1588,-28,-1.732673,7900,OK
2026-03-02,5702,大紀アルミニウム工業所,プライム（内国株式）,非鉄金属,1462,1498,1440,1486,-6,-0.402145,181800,OK
2026-03-02,5703,日本軽金属ホールディングス,プライム（内国株式）,非鉄金属,3105,3175,3045,3175,55,1.762821,244900,OK
2026-03-02,5704,ＪＭＣ,グロース（内国株式）,非鉄金属,429,429,420,422,-6,-1.401869,3900,OK
2026-03-02,5706,三井金属,プライム（内国株式）,非鉄金属,36600,38990,35900,38680,1770,4.795448,3327400,OK
2026-03-02,5707,東邦亜鉛,プライム（内国株式）,非鉄金属,1870,1899,1711,1761,11,0.628571,1718500,OK
2026-03-02,5711,三菱マテリアル,プライム（内国株式）,非鉄金属,5954,6126,5852,6103,97,1.615052,2425000,OK
2026-03-02,5713,住友金属鉱山,プライム（内国株式）,非鉄金属,13025,13300,12435,13050,425,3.366337,8114300,OK
2026-03-02,5714,ＤＯＷＡホールディングス,プライム（内国株式）,非鉄金属,11615,11880,11410,11830,280,2.424242,837700,OK
2026-03-02,5715,古河機械金属,プライム（内国株式）,非鉄金属,5760,6010,5670,5980,140,2.39726,689500,OK
2026-03-02,5721,エス・サイエンス,スタンダード（内国株式）,非鉄金属,125,126,122,124,-4,-3.125,2247400,OK
2026-03-02,5724,アサカ理研,スタンダード（内国株式）,非鉄金属,3890,4095,3815,3900,-60,-1.515152,147900,OK
2026-03-02,5726,大阪チタニウムテクノロジーズ,プライム（内国株式）,非鉄金属,3100,3375,3020,3375,280,9.04685,2184000,OK
2026-03-02,5727,東邦チタニウム,プライム（内国株式）,非鉄金属,2698,3040,2691,3040,249,8.921534,6711600,OK
2026-03-02,5729,日本精鉱,スタンダード（内国株式）,非鉄金属,12000,12070,11730,11840,-230,-1.905551,17800,OK
2026-03-02,5741,ＵＡＣＪ,プライム（内国株式）,非鉄金属,2715,2779,2694,2762,-3,-0.108499,919800,OK
2026-03-02,5742,エヌアイシ・オートテック,スタンダード（内国株式）,非鉄金属,824,824,815,815,-5,-0.609756,3000,OK
2026-03-02,5753,日本伸銅,スタンダード（内国株式）,非鉄金属,2900,3015,2852,2995,29,0.977748,14200,OK
2026-03-02,5757,ＣＫサンエツ,プライム（内国株式）,非鉄金属,4640,4790,4515,4755,25,0.528541,65200,OK
2026-03-02,5801,古河電気工業,プライム（内国株式）,非鉄金属,27100,30740,27030,29820,1720,6.120996,8554600,OK
2026-03-02,5802,住友電気工業,プライム（内国株式）,非鉄金属,9985,10940,9969,10865,490,4.722892,9207700,OK
2026-03-02,5803,フジクラ,プライム（内国株式）,非鉄金属,25900,28475,25890,28425,1660,6.20213,14276000,OK
2026-03-02,5805,ＳＷＣＣ,プライム（内国株式）,非鉄金属,15170,17430,15150,17400,1950,12.621359,1461200,OK
2026-03-02,5816,オーナンバ,スタンダード（内国株式）,非鉄金属,1720,1720,1692,1716,-17,-0.980958,7500,OK
2026-03-02,5817,ＪＭＡＣＳ,スタンダード（内国株式）,非鉄金属,1725,2151,1645,2151,400,22.844089,3493500,OK
2026-03-02,5819,カナレ電気,スタンダード（内国株式）,非鉄金属,2100,2107,2066,2099,-38,-1.778194,14200,OK
2026-03-02,5820,三ッ星,スタンダード（内国株式）,非鉄金属,999,1091,951,1060,28,2.713178,260100,OK
2026-03-02,5821,平河ヒューテック,プライム（内国株式）,非鉄金属,4330,4490,4240,4445,45,1.022727,126000,OK
2026-03-02,5830,いよぎんホールディングス,プライム（内国株式）,銀行業,3218,3269,3180,3259,-135,-3.977608,1135400,OK
2026-03-02,5831,しずおかフィナンシャルグループ,プライム（内国株式）,銀行業,2990,3017,2922,2960,-184,-5.852417,3856600,OK
2026-03-02,5832,ちゅうぎんフィナンシャルグループ,プライム（内国株式）,銀行業,3054,3092,3010,3067,-145,-4.514321,625000,OK
2026-03-02,5834,ＳＢＩリーシングサービス,グロース（内国株式）,証券･商品先物取引業,6350,6350,6200,6230,-310,-4.740061,68800,OK
2026-03-02,5838,楽天銀行,プライム（内国株式）,銀行業,6163,6390,6043,6235,-128,-2.01163,6749700,OK
2026-03-02,5840,日本総険,TOKYO PRO MARKET（内国株式）,保険業,,,,,,,,NO_QUOTE
2026-03-02,5842,インテグラル,グロース（内国株式）,証券･商品先物取引業,3200,3230,3175,3210,-70,-2.134146,95600,OK
2026-03-02,5843,ニッポンインシュア,スタンダード（内国株式）,その他金融業,2635,2670,2635,2643,-51,-1.893096,16200,OK
2026-03-02,5844,京都フィナンシャルグループ,プライム（内国株式）,銀行業,3667,3832,3622,3832,-45,-1.160691,2595800,OK
2026-03-02,5845,全保連,スタンダード（内国株式）,その他金融業,1042,1063,1038,1041,-17,-1.606805,90800,OK
2026-03-02,5851,リョービ,プライム（内国株式）,非鉄金属,2946,2948,2892,2929,-96,-3.173554,112800,OK
2026-03-02,5852,アーレスティ,プライム（内国株式）,非鉄金属,918,927,899,916,-27,-2.863203,214500,OK
2026-03-02,5856,エルアイイーエイチ,スタンダード（内国株式）,小売業,20,20,18,19,-1,-5,1573900,OK
2026-03-02,5857,ＡＲＥホールディングス,プライム（内国株式）,非鉄金属,4605,4720,4490,4710,155,3.402854,1023100,OK
2026-03-02,5858,ＳＴＧ,グロース（内国株式）,非鉄金属,1657,1657,1625,1627,-32,-1.928873,3800,OK
2026-03-02,5866,ＷｉｚＢｉｚ,TOKYO PRO MARKET（内国株式）,サービス業,,,,,,,,NO_QUOTE
2026-03-02,5867,エスネットワークス,グロース（内国株式）,サービス業,1268,1269,1216,1239,31,2.566225,4000,OK
2026-03-02,5868,ロココ,スタンダード（内国株式）,サービス業,1146,1187,1106,1111,-64,-5.446809,25700,OK
2026-03-02,5869,早稲田学習研究会,スタンダード（内国株式）,サービス業,1342,1352,1330,1335,-17,-1.257396,11800,OK
2026-03-02,5870,ナルネットコミュニケーションズ,グロース（内国株式）,サービス業,1021,1124,1012,1123,90,8.712488,76000,OK
2026-03-02,5871,ＳＯＬＩＺＥ　Ｈｏｌｄｉｎｇｓ,スタンダード（内国株式）,サービス業,1408,1410,1390,1391,-19,-1.347518,8400,OK
2026-03-02,5883,ＧＴホールディングス,TOKYO PRO MARKET（内国株式）,卸売業,,,,,,,,NO_QUOTE
2026-03-02,5884,クラダシ,グロース（内国株式）,小売業,460,460,446,450,-10,-2.173913,18600,OK
2026-03-02,5885,ジーデップ・アドバンス,スタンダード（内国株式）,卸売業,2883,2883,2808,2823,-147,-4.949495,60300,OK
2026-03-02,5886,ＯＯＫＡＢＥ　ＧＬＡＳＳ,TOKYO PRO MARKET（内国株式）,卸売業,,,,,,,,NO_QUOTE
2026-03-02,5887,光響,TOKYO PRO MARKET（内国株式）,卸売業,,,,,,,,NO_QUOTE
2026-03-02,5888,ＤＡＩＷＡ　ＣＹＣＬＥ,グロース（内国株式）,小売業,4120,4145,4045,4105,-70,-1.676647,12000,OK
2026-03-02,5889,Ｊａｐａｎ　Ｅｙｅｗｅａｒ　Ｈｏｌｄｉｎｇｓ,プライム（内国株式）,小売業,1969,1993,1966,1972,-26,-1.301301,160100,OK
2026-03-02,5890,オフィスバスターズ,TOKYO PRO MARKET（内国株式）,小売業,,,,,,,,NO_QUOTE
2026-03-02,5891,魁力屋,スタンダード（内国株式）,小売業,1595,1595,1577,1594,-9,-0.561447,12000,OK
2026-03-02,5892,ｙｕｔｏｒｉ,グロース（内国株式）,小売業,2288,2345,2224,2265,-73,-3.122327,108100,OK
2026-03-02,5893,ＲＡＶＩＰＡ,TOKYO PRO MARKET（内国株式）,小売業,,,,,,,,NO_QUOTE
2026-03-02,5900,ダイケン,スタンダード（内国株式）,金属製品,836,842,829,842,13,1.568154,1900,OK
2026-03-02,5901,東洋製罐グループホールディングス,プライム（内国株式）,金属製品,3984,4065,3958,4065,-15,-0.367647,227600,OK
2026-03-02,5902,ホッカンホールディングス,プライム（内国株式）,金属製品,2500,2533,2497,2505,-15,-0.595238,34200,OK
2026-03-02,5903,シンポ,スタンダード（内国株式）,金属製品,1236,1244,1230,1235,-1,-0.080906,2200,OK
2026-03-02,5905,日本製罐,スタンダード（内国株式）,金属製品,1329,1329,1320,1320,0,0,500,OK
2026-03-02,5906,エムケー精工,スタンダード（内国株式）,金属製品,989,1006,979,1005,-1,-0.099404,63500,OK
2026-03-02,5909,コロナ,スタンダード（内国株式）,金属製品,1088,1099,1072,1072,-37,-3.336339,30000,OK
2026-03-02,5911,横河ブリッジホールディングス,プライム（内国株式）,金属製品,3155,3155,3100,3150,-60,-1.869159,156300,OK
2026-03-02,5915,駒井ハルテック,スタンダード（内国株式）,金属製品,2185,2191,2153,2159,-53,-2.396022,12000,OK
2026-03-02,5918,瀧上工業,スタンダード（内国株式）,金属製品,7280,7300,7220,7280,-70,-0.952381,1300,OK
2026-03-02,5921,川岸工業,スタンダード（内国株式）,金属製品,4450,4450,4440,4445,-5,-0.11236,1900,OK
2026-03-02,5922,那須電機鉄工,スタンダード（内国株式）,金属製品,20180,20360,19990,20360,0,0,1000,OK
2026-03-02,5923,高田機工,スタンダード（内国株式）,金属製品,1310,1313,1304,1313,3,0.229008,3000,OK
2026-03-02,5928,アルメタックス,スタンダード（内国株式）,金属製品,320,320,302,316,-11,-3.363914,18400,OK
2026-03-02,5929,三和ホールディングス,プライム（内国株式）,金属製品,4040,4094,4013,4085,-49,-1.185293,601700,OK
2026-03-02,5930,文化シヤッター,プライム（内国株式）,金属製品,2110,2137,2087,2100,-54,-2.506964,100400,OK
2026-03-02,5932,三協立山,プライム（内国株式）,金属製品,716,721,701,712,-13,-1.793103,174300,OK
2026-03-02,5933,アルインコ,プライム（内国株式）,金属製品,1165,1184,1162,1171,-13,-1.097973,130900,OK
2026-03-02,5936,東洋シヤッター,スタンダード（内国株式）,金属製品,988,999,982,984,-9,-0.906344,17800,OK
2026-03-02,5938,ＬＩＸＩＬ,プライム（内国株式）,金属製品,1808,1818,1794,1808,-27,-1.47139,2958900,OK
2026-03-02,5939,大谷工業,スタンダード（内国株式）,金属製品,8880,9560,8840,9480,300,3.267974,15500,OK
2026-03-02,5940,不二サッシ,スタンダード（内国株式）,金属製品,1065,1065,1039,1056,-26,-2.402957,46500,OK
2026-03-02,5941,中西製作所,スタンダード（内国株式）,金属製品,2663,2700,2660,2700,25,0.934579,3400,OK
2026-03-02,5942,日本フイルコン,スタンダード（内国株式）,金属製品,570,585,568,576,1,0.173913,123300,OK
2026-03-02,5943,ノーリツ,プライム（内国株式）,金属製品,2400,2413,2382,2407,-26,-1.06864,93300,OK
2026-03-02,5945,天龍製鋸,スタンダード（内国株式）,金属製品,2592,2620,2540,2588,-4,-0.154321,4900,OK
2026-03-02,5946,長府製作所,プライム（内国株式）,金属製品,2140,2203,2138,2189,34,1.577726,99300,OK
2026-03-02,5947,リンナイ,プライム（内国株式）,金属製品,4120,4195,4093,4161,88,2.16057,580000,OK
2026-03-02,5949,ユニプレス,プライム（内国株式）,輸送用機器,1460,1491,1455,1459,-19,-1.285521,461500,OK
2026-03-02,5950,日本パワーファスニング,スタンダード（内国株式）,金属製品,189,189,188,189,-1,-0.526316,16000,OK
2026-03-02,5951,ダイニチ工業,スタンダード（内国株式）,金属製品,1045,1062,1032,1046,-2,-0.19084,31800,OK
2026-03-02,5952,アマテイ,スタンダード（内国株式）,金属製品,206,206,201,203,-5,-2.403846,65700,OK
2026-03-02,5955,ワイズホールディングス,スタンダード（内国株式）,金属製品,143,154,136,151,4,2.721088,7048800,OK
2026-03-02,5956,トーソー,スタンダード（内国株式）,金属製品,675,675,659,660,-15,-2.222222,9800,OK
2026-03-02,5957,日東精工,プライム（内国株式）,金属製品,796,811,782,808,-3,-0.369914,114700,OK
2026-03-02,5958,三洋工業,スタンダード（内国株式）,金属製品,5150,5350,5150,5270,20,0.380952,6200,OK
2026-03-02,5959,岡部,プライム（内国株式）,金属製品,1024,1036,1021,1023,-16,-1.539942,159400,OK
2026-03-02,5962,浅香工業,スタンダード（内国株式）,その他製品,2071,2080,2070,2079,9,0.434783,1700,OK
2026-03-02,5965,フジマック,スタンダード（内国株式）,金属製品,1175,1178,1156,1166,-24,-2.016807,11900,OK
2026-03-02,5966,京都機械工具,スタンダード（内国株式）,金属製品,2553,2553,2553,2553,-22,-0.854369,100,OK
2026-03-02,5967,ＴＯＮＥ,スタンダード（内国株式）,金属製品,484,485,479,484,5,1.043841,8400,OK
2026-03-02,5969,ロブテックス,スタンダード（内国株式）,金属製品,1298,1298,1298,1298,0,0,200,OK
2026-03-02,5970,ジーテクト,プライム（内国株式）,金属製品,2030,2046,2014,2036,-31,-1.499758,258600,OK
2026-03-02,5971,共和工業所,スタンダード（内国株式）,金属製品,7670,7710,7660,7710,50,0.652742,400,OK
2026-03-02,5973,トーアミ,スタンダード（内国株式）,金属製品,620,646,612,644,19,3.04,7800,OK
2026-03-02,5974,中国工業,スタンダード（内国株式）,金属製品,847,847,815,833,-29,-3.364269,6900,OK
2026-03-02,5975,東プレ,プライム（内国株式）,金属製品,2925,2977,2851,2961,-54,-1.791045,153200,OK
2026-03-02,5976,高周波熱錬,プライム（内国株式）,金属製品,1480,1499,1463,1492,-15,-0.995355,106100,OK
2026-03-02,5981,東京製綱,プライム（内国株式）,金属製品,2025,2059,1980,2038,-47,-2.254197,320900,OK
2026-03-02,5982,マルゼン,スタンダード（内国株式）,金属製品,3895,4065,3895,4065,-40,-0.974421,12700,OK
2026-03-02,5983,イワブチ,スタンダード（内国株式）,金属製品,13220,13880,13100,13580,-190,-1.379811,1400,OK
2026-03-02,5984,兼房,スタンダード（内国株式）,金属製品,873,884,870,877,-11,-1.238739,11600,OK
2026-03-02,5985,サンコール,スタンダード（内国株式）,金属製品,1171,1247,1155,1242,29,2.390767,746800,OK
2026-03-02,5986,モリテック　スチール,スタンダード（内国株式）,金属製品,232,243,229,243,7,2.966102,83800,OK
2026-03-02,5987,オーネックス,スタンダード（内国株式）,金属製品,1854,1899,1854,1899,9,0.47619,300,OK
2026-03-02,5988,パイオラックス,プライム（内国株式）,金属製品,1785,1788,1761,1776,-24,-1.333333,146100,OK
2026-03-02,5989,エイチワン,プライム（内国株式）,金属製品,1435,1456,1425,1452,-30,-2.024291,344000,OK
2026-03-02,5990,スーパーツール,スタンダード（内国株式）,金属製品,2008,2016,2005,2016,8,0.398406,1200,OK
2026-03-02,5991,日本発條,プライム（内国株式）,金属製品,2904.5,3005,2904.5,3000,-10,-0.332226,492600,OK
2026-03-02,5992,中央発條,スタンダード（内国株式）,金属製品,3340,3640,3270,3545,160,4.726736,101400,OK
2026-03-02,5994,ファインシンター,スタンダード（内国株式）,金属製品,1718,1743,1680,1719,-39,-2.21843,42100,OK
2026-03-02,5997,協立エアテック,スタンダード（内国株式）,金属製品,785,790,779,790,8,1.023018,11700,OK
2026-03-02,5998,アドバネクス,スタンダード（内国株式）,金属製品,2325,2329,2230,2248,-127,-5.347368,25500,OK
2026-03-02,6005,三浦工業,プライム（内国株式）,機械,3172,3286,3167,3268,43,1.333333,577000,OK
2026-03-02,6013,タクマ,プライム（内国株式）,機械,2980,3045,2955,3020,-30,-0.983607,352900,OK
2026-03-02,6016,ジャパンエンジンコーポレーション,スタンダード（内国株式）,輸送用機器,14800,15300,14530,15140,20,0.132275,136300,OK
2026-03-02,6018,阪神内燃機工業,スタンダード（内国株式）,輸送用機器,4870,5000,4840,4980,80,1.632653,10500,OK
2026-03-02,6022,赤阪鐵工所,スタンダード（内国株式）,機械,3765,3835,3765,3835,70,1.85923,200,OK
2026-03-02,6023,ダイハツインフィニアース,スタンダード（内国株式）,輸送用機器,2525,2527,2480,2510,-65,-2.524272,220300,OK
2026-03-02,6027,弁護士ドットコム,プライム（内国株式）,サービス業,2428,2459,2365,2444,5,0.205002,179200,OK
2026-03-02,6029,アトラグループ,スタンダード（内国株式）,サービス業,153,154,151,152,-1,-0.653595,24500,OK
2026-03-02,6030,アドベンチャー,グロース（内国株式）,サービス業,1876,1948,1840,1903,-4,-0.209754,44100,OK
2026-03-02,6031,ＺＥＴＡ,グロース（内国株式）,サービス業,273,273,267,269,-6,-2.181818,173300,OK
2026-03-02,6033,エクストリーム,グロース（内国株式）,サービス業,1482,1496,1474,1494,4,0.268456,17600,OK
2026-03-02,6034,ＭＲＴ,グロース（内国株式）,サービス業,641,646,640,640,-8,-1.234568,800,OK
2026-03-02,6035,アイ・アールジャパンホールディングス,プライム（内国株式）,サービス業,804,810,798,802,-17,-2.075702,38700,OK
2026-03-02,6036,ＫｅｅＰｅｒ技研,プライム（内国株式）,サービス業,3600,3605,3505,3575,-70,-1.920439,142900,OK
2026-03-02,6037,楽待,スタンダード（内国株式）,サービス業,1012,1024,1003,1009,-13,-1.272016,64800,OK
2026-03-02,6038,イード,グロース（内国株式）,サービス業,948,948,932,932,-18,-1.894737,16300,OK
2026-03-02,6039,日本動物高度医療センター,グロース（内国株式）,サービス業,1366,1409,1350,1380,-16,-1.146132,132000,OK
2026-03-02,6040,日本スキー場開発,グロース（内国株式）,サービス業,474,478,460,469,-9,-1.882845,242100,OK
2026-03-02,6042,ニッキ,スタンダード（内国株式）,輸送用機器,4505,4545,4500,4540,-5,-0.110011,1700,OK
2026-03-02,6044,三機サービス,スタンダード（内国株式）,サービス業,1830,1830,1778,1783,-51,-2.780807,8900,OK
2026-03-02,6045,レントラックス,グロース（内国株式）,サービス業,1768,1768,1725,1737,-29,-1.642129,22700,OK
2026-03-02,6046,リンクバル,グロース（内国株式）,サービス業,208,208,199,200,-8,-3.846154,93100,OK
2026-03-02,6047,Ｇｕｎｏｓｙ,プライム（内国株式）,サービス業,572,583,560,569,-13,-2.233677,388500,OK
2026-03-02,6049,イトクロ,グロース（内国株式）,サービス業,252,255,252,254,4,1.6,25900,OK
2026-03-02,6050,イー・ガーディアン,プライム（内国株式）,サービス業,1656,1660,1645,1648,-20,-1.199041,19200,OK
2026-03-02,6054,リブセンス,スタンダード（内国株式）,サービス業,153,167,149,156,-4,-2.5,777400,OK
2026-03-02,6055,ジャパンマテリアル,プライム（内国株式）,サービス業,2089,2149,2074,2126,-56,-2.566453,847800,OK
2026-03-02,6058,ベクトル,プライム（内国株式）,サービス業,1407,1415,1381,1389,-48,-3.340292,259500,OK
2026-03-02,6059,ウチヤマホールディングス,スタンダード（内国株式）,サービス業,396,405,396,402,6,1.515152,16500,OK
2026-03-02,6061,ユニバーサル園芸社,スタンダード（内国株式）,サービス業,3200,3200,3120,3185,-15,-0.46875,5500,OK
2026-03-02,6062,チャーム・ケア・コーポレーション,プライム（内国株式）,サービス業,1410,1425,1396,1422,-34,-2.335165,126600,OK
2026-03-02,6063,日本エマージェンシーアシスタンス,スタンダード（内国株式）,サービス業,993,993,979,985,-9,-0.905433,3300,OK
2026-03-02,6069,トレンダーズ,グロース（内国株式）,サービス業,776,780,762,775,-10,-1.273885,49800,OK
2026-03-02,6070,キャリアリンク,プライム（内国株式）,サービス業,2777,2803,2758,2785,-26,-0.924938,47800,OK
2026-03-02,6071,ＩＢＪ,プライム（内国株式）,サービス業,752,753,743,749,-20,-2.60078,112100,OK
2026-03-02,6072,地盤ネットホールディングス,スタンダード（内国株式）,サービス業,1075,1104,1018,1035,-70,-6.334842,1921300,OK
2026-03-02,6073,アサンテ,プライム（内国株式）,サービス業,1618,1618,1607,1607,-14,-0.863664,70800,OK
2026-03-02,6074,ジェイエスエス,スタンダード（内国株式）,サービス業,540,544,536,541,-2,-0.368324,4100,OK
2026-03-02,6078,バリューＨＲ,プライム（内国株式）,サービス業,1433,1452,1425,1435,2,0.139567,35600,OK
2026-03-02,6080,Ｍ＆Ａキャピタルパートナーズ,プライム（内国株式）,サービス業,3675,3740,3635,3740,0,0,92200,OK
2026-03-02,6081,アライドアーキテクツ,グロース（内国株式）,サービス業,389,406,373,405,4,0.997506,710700,OK
2026-03-02,6082,ライドオンエクスプレスホールディングス,スタンダード（内国株式）,サービス業,1038,1044,1036,1036,-2,-0.192678,20900,OK
2026-03-02,6083,ＥＲＩホールディングス,スタンダード（内国株式）,サービス業,4645,4705,4630,4680,-90,-1.886792,25600,OK
2026-03-02,6085,アーキテクツ・スタジオ・ジャパン,グロース（内国株式）,サービス業,2037,2391,2037,2391,400,20.090407,799100,OK
2026-03-02,6086,シンメンテホールディングス,グロース（内国株式）,サービス業,1265,1265,1206,1206,-62,-4.88959,10700,OK
2026-03-02,6087,アビスト,スタンダード（内国株式）,サービス業,3435,3455,3425,3450,-10,-0.289017,3600,OK
2026-03-02,6088,シグマクシス・ホールディングス,プライム（内国株式）,サービス業,724,738,718,735,1,0.13624,501500,OK
2026-03-02,6089,ウィルグループ,プライム（内国株式）,サービス業,1284,1315,1273,1308,13,1.003861,85000,OK
2026-03-02,6090,ヒューマン・メタボローム・テクノロジーズ,スタンダード（内国株式）,サービス業,700,714,700,703,1,0.14245,10900,OK
2026-03-02,6091,ウエスコホールディングス,スタンダード（内国株式）,サービス業,911,918,900,918,7,0.768386,9800,OK
2026-03-02,6092,エンバイオ・ホールディングス,スタンダード（内国株式）,サービス業,696,697,665,672,-39,-5.485232,39800,OK
2026-03-02,6093,エスクロー・エージェント・ジャパン,スタンダード（内国株式）,サービス業,176,176,171,173,-5,-2.808989,208400,OK
2026-03-02,6094,フリークアウト・ホールディングス,グロース（内国株式）,サービス業,765,780,745,765,0,0,44900,OK
2026-03-02,6096,レアジョブ,スタンダード（内国株式）,サービス業,312,312,308,309,0,0,20200,OK
2026-03-02,6098,リクルートホールディングス,プライム（内国株式）,サービス業,6774,6856,6638,6688,-178,-2.592485,5554800,OK
2026-03-02,6099,エラン,プライム（内国株式）,サービス業,760,768,755,768,-1,-0.130039,97900,OK
2026-03-02,6101,ツガミ,プライム（内国株式）,機械,3850,4110,3835,4085,135,3.417722,305700,OK
2026-03-02,6103,オークマ,プライム（内国株式）,機械,4570,4645,4480,4635,-30,-0.643087,332800,OK
2026-03-02,6104,芝浦機械,プライム（内国株式）,機械,4550,4550,4455,4520,-100,-2.164502,72000,OK
2026-03-02,6113,アマダ,プライム（内国株式）,機械,2602.5,2660.5,2541.5,2660.5,58,2.228626,2054200,OK
2026-03-02,6118,アイダエンジニアリング,プライム（内国株式）,機械,1170,1194,1167,1193,3,0.252101,193300,OK
2026-03-02,6125,岡本工作機械製作所,スタンダード（内国株式）,機械,4730,4820,4665,4790,-150,-3.036437,56900,OK
2026-03-02,6134,ＦＵＪＩ,プライム（内国株式）,機械,5847,6064,5815,6021,-70,-1.149237,624700,OK
2026-03-02,6135,牧野フライス製作所,プライム（内国株式）,機械,11620,11650,11620,11650,20,0.171969,123000,OK
2026-03-02,6136,オーエスジー,プライム（内国株式）,機械,2926.5,2936.5,2867.5,2925,-1.5,-0.051256,376200,OK
2026-03-02,6137,小池酸素工業,スタンダード（内国株式）,機械,2273,2382,2244,2347,24,1.033147,93600,OK
2026-03-02,6138,ダイジェット工業,スタンダード（内国株式）,機械,1207,1222,1202,1207,-3,-0.247934,9500,OK
2026-03-02,6140,旭ダイヤモンド工業,プライム（内国株式）,機械,1578,1735,1552,1659,9,0.545455,23504100,OK
2026-03-02,6141,ＤＭＧ森精機,プライム（内国株式）,機械,2970,3025,2938,3023,-73,-2.357881,1728200,OK
2026-03-02,6143,ソディック,プライム（内国株式）,機械,1510,1569,1472,1541,20,1.314924,737500,OK
2026-03-02,6144,西部電機,スタンダード（内国株式）,機械,2870,2978,2828,2975,95,3.298611,10500,OK
2026-03-02,6145,ＮＩＴＴＯＫＵ,スタンダード（内国株式）,機械,2580,2645,2550,2633,-43,-1.606876,166500,OK
2026-03-02,6146,ディスコ,プライム（内国株式）,機械,74000,75850,73370,74910,-590,-0.781457,1812800,OK
2026-03-02,6147,ヤマザキ,スタンダード（内国株式）,機械,336,338,335,337,4,1.201201,6000,OK
2026-03-02,6149,小田原エンジニアリング,スタンダード（内国株式）,機械,2180,2215,2174,2200,-21,-0.94552,23700,OK
2026-03-02,6150,タケダ機械,スタンダード（内国株式）,機械,3455,3460,3405,3425,-45,-1.29683,2300,OK
2026-03-02,6151,日東工器,プライム（内国株式）,機械,1841,1847,1814,1837,-44,-2.339181,19900,OK
2026-03-02,6155,高松機械工業,スタンダード（内国株式）,機械,479,481,477,479,-3,-0.622407,6400,OK
2026-03-02,6156,エーワン精密,スタンダード（内国株式）,機械,1994,2014,1981,2013,2,0.099453,28000,OK
2026-03-02,6157,日進工具,スタンダード（内国株式）,機械,927,936,918,927,-13,-1.382979,40000,OK
2026-03-02,6158,和井田製作所,スタンダード（内国株式）,機械,1079,1079,1022,1045,-56,-5.086285,29500,OK
2026-03-02,6159,ミクロン精密,スタンダード（内国株式）,機械,2299,2299,2235,2237,-114,-4.849,1900,OK
2026-03-02,6161,エスティック,スタンダード（内国株式）,機械,1104,1126,1092,1097,-7,-0.634058,3900,OK
2026-03-02,6165,パンチ工業,スタンダード（内国株式）,機械,544,549,539,545,-8,-1.446655,70200,OK
2026-03-02,6166,中村超硬,グロース（内国株式）,機械,890,934,874,898,-37,-3.957219,1044500,OK
2026-03-02,6167,冨士ダイス,プライム（内国株式）,機械,1300,1308,1257,1269,-53,-4.009077,280200,OK
2026-03-02,6168,ＯＮＥ　ＧＲＯＵＰ,TOKYO PRO MARKET（内国株式）,機械,,,,,,,,NO_QUOTE
2026-03-02,6171,土木管理総合試験所,スタンダード（内国株式）,サービス業,453,454,445,446,-15,-3.253796,74700,OK
2026-03-02,6173,アクアライン,グロース（内国株式）,サービス業,165,170,158,160,-15,-8.571429,257700,OK
2026-03-02,6174,デンタス,TOKYO PRO MARKET（内国株式）,サービス業,,,,,,,,NO_QUOTE
2026-03-02,6176,ブランジスタ,スタンダード（内国株式）,サービス業,761,761,743,749,-24,-3.104787,151700,OK
2026-03-02,6177,ＡｐｐＢａｎｋ,グロース（内国株式）,サービス業,125,126,123,123,-6,-4.651163,577700,OK
2026-03-02,6178,日本郵政,プライム（内国株式）,サービス業,1974,1992.5,1944,1974,-62,-3.045187,4990200,OK
2026-03-02,6180,ＧＭＯメディア,グロース（内国株式）,サービス業,4450,4490,4435,4475,15,0.336323,2300,OK
2026-03-02,6181,タメニー,グロース（内国株式）,サービス業,110,110,107,109,-1,-0.909091,157100,OK
2026-03-02,6182,メタリアル,グロース（内国株式）,サービス業,521,521,502,504,-30,-5.617978,111600,OK
2026-03-02,6183,ベルシステム２４ホールディングス,プライム（内国株式）,サービス業,1480,1505,1471,1492,9,0.606878,508300,OK
2026-03-02,6184,鎌倉新書,プライム（内国株式）,サービス業,551,551,538,544,-15,-2.683363,355400,OK
2026-03-02,6185,ＳＭＮ,スタンダード（内国株式）,サービス業,433,433,426,427,-6,-1.385681,23400,OK
2026-03-02,6186,一蔵,スタンダード（内国株式）,サービス業,390,390,388,390,0,0,800,OK
2026-03-02,6189,グローバルキッズＣＯＭＰＡＮＹ,スタンダード（内国株式）,サービス業,826,848,820,830,-11,-1.307967,18200,OK
2026-03-02,6190,フェニックスバイオ,グロース（内国株式）,サービス業,487,496,482,486,-7,-1.419878,26300,OK
2026-03-02,6191,エアトリ,プライム（内国株式）,サービス業,731,738,723,731,-20,-2.663116,171800,OK
2026-03-02,6193,バーチャレクス・ホールディングス,グロース（内国株式）,サービス業,1015,1025,1010,1021,14,1.390268,32400,OK
2026-03-02,6194,アトラエ,プライム（内国株式）,サービス業,723,738,720,733,-5,-0.677507,101100,OK
2026-03-02,6195,ホープ,グロース（内国株式）,サービス業,222,222,213,216,-6,-2.702703,32200,OK
2026-03-02,6196,ストライク,プライム（内国株式）,サービス業,4570,4610,4530,4610,5,0.108578,123500,OK
2026-03-02,6197,ソラスト,プライム（内国株式）,サービス業,966,1018,963,1016,64,6.722689,3612200,OK
2026-03-02,6198,キャリア,グロース（内国株式）,サービス業,243,243,242,242,0,0,1900,OK
2026-03-02,6199,セラク,スタンダード（内国株式）,サービス業,1601,1616,1586,1597,-34,-2.084611,29900,OK
2026-03-02,6200,インソース,プライム（内国株式）,サービス業,725,734,721,730,2,0.274725,517700,OK
2026-03-02,6201,豊田自動織機,プライム（内国株式）,輸送用機器,20105,20765,20070,20535,305,1.507662,2436500,OK
2026-03-02,6203,豊和工業,スタンダード（内国株式）,機械,1933,1998,1852,1904,51,2.752294,985700,OK
2026-03-02,6208,石川製作所,スタンダード（内国株式）,機械,2990,3030,2762,2867,177,6.579926,1365600,OK
2026-03-02,6209,リケンＮＰＲ,プライム（内国株式）,機械,4430,4445,4375,4440,-125,-2.738226,104200,OK
2026-03-02,6210,ＴＯＹＯイノベックス,スタンダード（内国株式）,機械,697,702,692,700,2,0.286533,49900,OK
2026-03-02,6217,津田駒工業,スタンダード（内国株式）,機械,610,675,597,630,-20,-3.076923,335200,OK
2026-03-02,6218,エンシュウ,スタンダード（内国株式）,機械,581,582,562,578,-6,-1.027397,10800,OK
2026-03-02,6222,島精機製作所,プライム（内国株式）,機械,1022,1023,998,1008,-44,-4.18251,306800,OK
2026-03-02,6223,西部技研,スタンダード（内国株式）,機械,2480,2534,2479,2509,-29,-1.142632,69600,OK
2026-03-02,6224,ＪＲＣ,グロース（内国株式）,機械,1413,1431,1395,1412,-51,-3.485988,97300,OK
2026-03-02,6226,守谷輸送機工業,スタンダード（内国株式）,機械,6250,6460,6160,6430,100,1.579779,79000,OK
2026-03-02,6227,ＡＩメカテック,スタンダード（内国株式）,機械,18020,19920,18000,18980,710,3.886152,1367300,OK
2026-03-02,6228,ジェイ・イー・ティ,スタンダード（内国株式）,機械,709,760,701,705,6,0.858369,140300,OK
2026-03-02,6229,オーケーエム,スタンダード（内国株式）,機械,2081,2111,2029,2068,-63,-2.956359,26700,OK
2026-03-02,6230,ＳＡＮＥＩ,スタンダード（内国株式）,機械,2237,2237,2226,2226,-16,-0.713649,1000,OK
2026-03-02,6231,木村工機,スタンダード（内国株式）,機械,15100,15200,14930,14930,-500,-3.240441,2700,OK
2026-03-02,6232,ＡＣＳＬ,グロース（内国株式）,機械,1480,1597,1456,1512,62,4.275862,3798400,OK
2026-03-02,6233,ＫＬＡＳＳ,スタンダード（内国株式）,機械,402,404,402,404,-1,-0.246914,4300,OK
2026-03-02,6235,オプトラン,プライム（内国株式）,機械,3280,3830,3245,3490,100,2.949853,1366900,OK
2026-03-02,6237,イワキ,プライム（内国株式）,機械,2855,2888,2805,2839,-116,-3.92555,29200,OK
2026-03-02,6238,フリュー,プライム（内国株式）,機械,1237,1263,1227,1254,-4,-0.317965,289300,OK
2026-03-02,6239,ナガオカ,スタンダード（内国株式）,機械,1480,1500,1460,1500,17,1.146325,10400,OK
2026-03-02,6240,ヤマシンフィルタ,プライム（内国株式）,機械,587,599,585,588,-7,-1.176471,438300,OK
2026-03-02,6245,ヒラノテクシード,スタンダード（内国株式）,機械,1875,1890,1850,1884,-31,-1.618799,47000,OK
2026-03-02,6246,テクノスマート,スタンダード（内国株式）,機械,2060,2060,2030,2040,-25,-1.210654,12800,OK
2026-03-02,6247,日阪製作所,プライム（内国株式）,機械,1777,1822,1757,1776,-48,-2.631579,97800,OK
2026-03-02,6248,横田製作所,スタンダード（内国株式）,機械,1900,1900,1877,1895,19,1.012793,1200,OK
2026-03-02,6249,ゲームカードホールディングス,スタンダード（内国株式）,機械,2948,2948,2897,2908,-42,-1.423729,22400,OK
2026-03-02,6250,やまびこ,プライム（内国株式）,機械,3710,3900,3660,3870,30,0.78125,164800,OK
2026-03-02,6254,野村マイクロ・サイエンス,プライム（内国株式）,機械,3435,3575,3355,3515,-25,-0.706215,781900,OK
2026-03-02,6255,エヌ・ピー・シー,グロース（内国株式）,機械,814,832,808,826,-3,-0.361882,277000,OK
2026-03-02,6257,藤商事,スタンダード（内国株式）,機械,1051,1055,1047,1047,-9,-0.852273,18600,OK
2026-03-02,6258,平田機工,プライム（内国株式）,機械,2970,3015,2930,2997,-58,-1.898527,242600,OK
2026-03-02,6262,ＰＥＧＡＳＵＳ,スタンダード（内国株式）,機械,835,843,821,832,-18,-2.117647,100200,OK
2026-03-02,6264,マルマエ,プライム（内国株式）,機械,3505,3630,3440,3605,30,0.839161,332000,OK
2026-03-02,6265,コンバム,スタンダード（内国株式）,機械,2724,2724,2663,2675,-95,-3.429603,800,OK
2026-03-02,6266,タツモ,プライム（内国株式）,機械,2515,2580,2495,2547,-28,-1.087379,166700,OK
2026-03-02,6267,ゼネラルパッカー,スタンダード（内国株式）,機械,4155,4310,4040,4245,110,2.660218,3000,OK
2026-03-02,6268,ナブテスコ,プライム（内国株式）,機械,4955,5073,4874,5057,-26,-0.511509,921700,OK
2026-03-02,6269,三井海洋開発,プライム（内国株式）,機械,13205,13810,13110,13720,290,2.159345,1970600,OK
2026-03-02,6272,レオン自動機,プライム（内国株式）,機械,1581,1602,1563,1597,-23,-1.419753,119600,OK
2026-03-02,6273,ＳＭＣ,プライム（内国株式）,機械,73500,75150,72920,74880,-540,-0.71599,233100,OK
2026-03-02,6276,シリウスビジョン,スタンダード（内国株式）,電気機器,268,270,264,266,-10,-3.623188,33000,OK
2026-03-02,6277,ホソカワミクロン,プライム（内国株式）,機械,6610,6870,6610,6810,30,0.442478,39700,OK
2026-03-02,6278,ユニオンツール,プライム（内国株式）,機械,15560,16530,15280,16490,740,4.698413,226600,OK
2026-03-02,6279,瑞光,プライム（内国株式）,機械,967,967,937,937,-37,-3.798768,166400,OK
2026-03-02,6282,オイレス工業,プライム（内国株式）,機械,2648,2672,2628,2661,-25,-0.930752,102400,OK
2026-03-02,6284,日精エー・エス・ビー機械,プライム（内国株式）,機械,9110,9200,8970,9100,-160,-1.727862,63900,OK
2026-03-02,6286,靜甲,スタンダード（内国株式）,機械,1791,1820,1791,1791,-29,-1.593407,9900,OK
2026-03-02,6287,サトー,プライム（内国株式）,機械,2461,2508,2446,2498,-2,-0.08,72300,OK
2026-03-02,6289,技研製作所,プライム（内国株式）,機械,2381,2399,2354,2357,-105,-4.264825,134600,OK
2026-03-02,6291,日本エアーテック,スタンダード（内国株式）,機械,1307,1313,1286,1295,-42,-3.141361,106500,OK
2026-03-02,6292,カワタ,スタンダード（内国株式）,機械,840,840,831,838,0,0,9200,OK
2026-03-02,6293,日精樹脂工業,プライム（内国株式）,機械,912,919,900,901,-34,-3.636364,82300,OK
2026-03-02,6294,オカダアイヨン,プライム（内国株式）,機械,2515,2520,2483,2506,-27,-1.06593,34200,OK
2026-03-02,6298,ワイエイシイホールディングス,プライム（内国株式）,機械,1165,1182,1143,1161,-64,-5.22449,285400,OK
2026-03-02,6301,小松製作所,プライム（内国株式）,機械,7415,7591,7331,7591,58,0.769946,2691700,OK
2026-03-02,6302,住友重機械工業,プライム（内国株式）,機械,6073,6281,5957,6281,108,1.749555,1132400,OK
2026-03-02,6305,日立建機,プライム（内国株式）,機械,6982,6995,6793,6899,-128,-1.821545,1212400,OK
2026-03-02,6306,日工,プライム（内国株式）,機械,865,866,850,859,-18,-2.052452,80800,OK
2026-03-02,6307,サンセイ,スタンダード（内国株式）,機械,738,745,709,730,-8,-1.084011,81700,OK
2026-03-02,6309,巴工業,プライム（内国株式）,機械,2171,2200,2143,2179,-54,-2.418271,112200,OK
2026-03-02,6310,井関農機,プライム（内国株式）,機械,2066,2098,2040,2068,-67,-3.138173,230600,OK
2026-03-02,6315,ＴＯＷＡ,プライム（内国株式）,機械,2898,2955,2844,2946,-64,-2.126246,3166000,OK
2026-03-02,6316,丸山製作所,スタンダード（内国株式）,機械,2476,2476,2416,2431,-46,-1.857085,3500,OK
2026-03-02,6317,北川鉄工所,スタンダード（内国株式）,機械,1855,1860,1819,1852,-56,-2.93501,57900,OK
2026-03-02,6322,タクミナ,スタンダード（内国株式）,機械,1600,1623,1591,1623,18,1.121495,1700,OK
2026-03-02,6323,ローツェ,プライム（内国株式）,機械,3200,3233,3166,3169,-160,-4.806248,2444600,OK
2026-03-02,6324,ハーモニック・ドライブ・システムズ,プライム（内国株式）,機械,4535,4715,4450,4685,130,2.854007,1636500,OK
2026-03-02,6325,タカキタ,スタンダード（内国株式）,機械,407,407,402,406,-1,-0.2457,6500,OK
2026-03-02,6326,クボタ,プライム（内国株式）,機械,3050,3137,3037,3128,-48,-1.511335,3464800,OK
2026-03-02,6327,北川精機,スタンダード（内国株式）,機械,1578,1729,1555,1704,52,3.1477,362700,OK
2026-03-02,6328,荏原実業,プライム（内国株式）,機械,2912,2985,2870,2941,-19,-0.641892,65500,OK
2026-03-02,6330,東洋エンジニアリング,プライム（内国株式）,建設業,3465,3570,3330,3515,-115,-3.168044,2359700,OK
2026-03-02,6331,三菱化工機,プライム（内国株式）,機械,3735,3775,3630,3725,-90,-2.359109,351500,OK
2026-03-02,6332,月島ホールディングス,プライム（内国株式）,機械,3410,3500,3345,3480,-5,-0.143472,146200,OK
2026-03-02,6333,帝国電機製作所,プライム（内国株式）,機械,3370,3445,3265,3420,-5,-0.145985,63600,OK
2026-03-02,6334,明治機械,スタンダード（内国株式）,機械,403,415,400,413,2,0.486618,19200,OK
2026-03-02,6335,東京機械製作所,スタンダード（内国株式）,機械,542,565,534,542,-4,-0.732601,123700,OK
2026-03-02,6336,石井表記,スタンダード（内国株式）,機械,973,994,951,963,-32,-3.21608,97400,OK
2026-03-02,6337,テセック,スタンダード（内国株式）,機械,2843,2851,2767,2795,-98,-3.387487,34300,OK
2026-03-02,6338,タカトリ,スタンダード（内国株式）,機械,1750,1753,1683,1706,-110,-6.057269,73100,OK
2026-03-02,6339,新東工業,プライム（内国株式）,機械,1179,1202,1174,1180,-29,-2.398677,194500,OK
2026-03-02,6340,澁谷工業,プライム（内国株式）,機械,3655,3705,3605,3680,-45,-1.208054,27400,OK
2026-03-02,6342,太平製作所,スタンダード（内国株式）,機械,3165,3180,3110,3180,-5,-0.156986,2800,OK
2026-03-02,6343,フリージア・マクロス,スタンダード（内国株式）,機械,200,203,195,199,-9,-4.326923,683100,OK
2026-03-02,6345,アイチ　コーポレーション,プライム（内国株式）,機械,1442,1460,1421,1460,-6,-0.409277,273000,OK
2026-03-02,6346,キクカワエンタープライズ,スタンダード（内国株式）,機械,6600,6650,6600,6650,30,0.453172,400,OK
2026-03-02,6347,プラコー,スタンダード（内国株式）,機械,398,414,382,409,11,2.763819,117100,OK
2026-03-02,6349,小森コーポレーション,プライム（内国株式）,機械,1766,1809,1747,1796,-22,-1.210121,220000,OK
2026-03-02,6351,鶴見製作所,プライム（内国株式）,機械,2201,2201,2160,2179,-48,-2.155366,52700,OK
2026-03-02,6356,日本ギア工業,スタンダード（内国株式）,機械,1185,1421,1165,1303,124,10.517388,4244100,OK
2026-03-02,6357,三精テクノロジーズ,スタンダード（内国株式）,機械,2588,2588,2522,2548,-107,-4.030132,84600,OK
2026-03-02,6358,酒井重工業,プライム（内国株式）,機械,2232,2234,2192,2219,-44,-1.944322,58400,OK
2026-03-02,6360,東京自働機械製作所,スタンダード（内国株式）,機械,4000,4000,3955,3955,-50,-1.248439,200,OK
2026-03-02,6361,荏原製作所,プライム（内国株式）,機械,5537,5585,5412,5571,29,0.523277,2626900,OK
2026-03-02,6363,酉島製作所,プライム（内国株式）,機械,2611,2720,2567,2700,40,1.503759,184000,OK
2026-03-02,6364,ＡＩＲＭＡＮ,プライム（内国株式）,機械,2208,2243,2200,2230,-28,-1.240035,40100,OK
2026-03-02,6365,電業社機械製作所,スタンダード（内国株式）,機械,6090,6200,6000,6180,90,1.477833,3700,OK
2026-03-02,6366,千代田化工建設,スタンダード（内国株式）,建設業,1293,1361,1281,1359,36,2.721088,5586800,OK
2026-03-02,6367,ダイキン工業,プライム（内国株式）,機械,19785,20105,19550,20105,190,0.954055,1195800,OK
2026-03-02,6368,オルガノ,プライム（内国株式）,機械,16825,17775,16810,17550,200,1.152738,305400,OK
2026-03-02,6369,トーヨーカネツ,プライム（内国株式）,機械,3020,3085,3010,3070,-15,-0.486224,96500,OK
2026-03-02,6370,栗田工業,プライム（内国株式）,機械,8578,8783,8506,8733,20,0.229542,296800,OK
2026-03-02,6371,椿本チエイン,プライム（内国株式）,機械,2626,2642,2591,2641,-34,-1.271028,176600,OK
2026-03-02,6376,日機装,プライム（内国株式）,精密機器,2388,2467,2350,2437,-15,-0.611746,393900,OK
2026-03-02,6378,木村化工機,スタンダード（内国株式）,機械,1422,1565,1420,1476,-6,-0.404858,1050400,OK
2026-03-02,6379,レイズネクスト,プライム（内国株式）,建設業,2581,2595,2527,2581,-48,-1.825789,182300,OK
2026-03-02,6380,オリエンタルチエン工業,スタンダード（内国株式）,機械,3540,3630,3540,3595,-85,-2.309783,5800,OK
2026-03-02,6381,アネスト岩田,プライム（内国株式）,機械,1732,1736,1708,1726,-28,-1.596351,125400,OK
2026-03-02,6382,トリニティ工業,スタンダード（内国株式）,機械,1442,1453,1425,1428,-42,-2.857143,65000,OK
2026-03-02,6383,ダイフク,プライム（内国株式）,機械,6300,6315,6204,6267,-205,-3.167491,1780900,OK
2026-03-02,6384,昭和真空,スタンダード（内国株式）,機械,1810,1827,1800,1816,-13,-0.710771,19900,OK
2026-03-02,6387,サムコ,プライム（内国株式）,機械,6040,6540,6020,6530,220,3.486529,91700,OK
2026-03-02,6390,加藤製作所,プライム（内国株式）,機械,1732,1751,1705,1736,-47,-2.636007,98100,OK
2026-03-02,6391,加地テック,スタンダード（内国株式）,機械,4430,4500,4325,4500,700,18.421053,44700,OK
2026-03-02,6392,ヤマダコーポレーション,スタンダード（内国株式）,機械,6670,6700,6670,6700,30,0.449775,500,OK
2026-03-02,6393,油研工業,スタンダード（内国株式）,機械,3320,3350,3280,3340,20,0.60241,7000,OK
2026-03-02,6395,タダノ,プライム（内国株式）,機械,1431,1455,1406,1451,-22,-1.493551,660200,OK
2026-03-02,6396,宇野澤組鐵工所,スタンダード（内国株式）,機械,,,,,,,,NO_QUOTE
2026-03-02,6400,不二精機,スタンダード（内国株式）,機械,306,307,301,302,-3,-0.983607,45000,OK
2026-03-02,6402,兼松エンジニアリング,スタンダード（内国株式）,機械,1857,1943,1840,1943,84,4.518558,27400,OK
2026-03-02,6403,水道機工,スタンダード（内国株式）,機械,4045,4050,4045,4045,0,0,59300,OK
2026-03-02,6405,鈴茂器工,スタンダード（内国株式）,機械,1432,1460,1419,1430,-30,-2.054795,17000,OK
2026-03-02,6406,フジテック,プライム（内国株式）,機械,5660,5680,5660,5680,20,0.353357,86600,OK
2026-03-02,6407,ＣＫＤ,プライム（内国株式）,機械,5350,5630,5330,5630,70,1.258993,336700,OK
2026-03-02,6408,小倉クラッチ,スタンダード（内国株式）,機械,3985,4040,3970,3980,-75,-1.849568,1500,OK
2026-03-02,6412,平和,プライム（内国株式）,機械,2000,2016,1991,2008,-10,-0.49554,469300,OK
2026-03-02,6413,理想科学工業,プライム（内国株式）,機械,1273,1277,1258,1270,-17,-1.320901,149600,OK
2026-03-02,6417,ＳＡＮＫＹＯ,プライム（内国株式）,機械,2190,2191.5,2163,2181,-24,-1.088435,1041400,OK
2026-03-02,6418,日本金銭機械,プライム（内国株式）,機械,1233,1248,1225,1244,-13,-1.034208,140200,OK
2026-03-02,6419,マースグループホールディングス,プライム（内国株式）,機械,3140,3165,3130,3135,-30,-0.947867,106800,OK
2026-03-02,6420,ガリレイ,プライム（内国株式）,機械,3845,3845,3755,3810,-105,-2.681992,52600,OK
2026-03-02,6424,高見沢サイバネティックス,スタンダード（内国株式）,機械,938,942,937,942,5,0.533618,2200,OK
2026-03-02,6425,ユニバーサルエンターテインメント,スタンダード（内国株式）,機械,719,741,714,738,-7,-0.939597,390000,OK
2026-03-02,6428,オーイズミ,スタンダード（内国株式）,機械,359,359,354,356,-3,-0.835655,22300,OK
2026-03-02,6430,ダイコク電機,プライム（内国株式）,機械,2652,2659,2611,2620,-70,-2.60223,91300,OK
2026-03-02,6432,竹内製作所,プライム（内国株式）,機械,7250,7330,7150,7330,-170,-2.266667,295300,OK
2026-03-02,6433,ヒーハイスト,スタンダード（内国株式）,機械,1730,1786,1708,1726,-104,-5.68306,165100,OK
2026-03-02,6436,アマノ,プライム（内国株式）,機械,4100,4122,4052,4096,-3,-0.073189,382500,OK
2026-03-02,6440,ＪＵＫＩ,プライム（内国株式）,機械,743,760,733,745,-25,-3.246753,612700,OK
2026-03-02,6444,サンデン,スタンダード（内国株式）,機械,183,187,177,184,-9,-4.663212,494900,OK
2026-03-02,6445,ジャノメ,プライム（内国株式）,機械,1464,1483,1450,1476,-6,-0.404858,63800,OK
2026-03-02,6448,ブラザー工業,プライム（内国株式）,電気機器,3230,3267,3201,3216,-16,-0.49505,862600,OK
2026-03-02,6454,マックス,プライム（内国株式）,機械,6910,6980,6820,6910,-50,-0.718391,44500,OK
2026-03-02,6455,モリタホールディングス,プライム（内国株式）,輸送用機器,2924,2981,2898,2970,-22,-0.735294,63200,OK
2026-03-02,6457,グローリー,プライム（内国株式）,機械,4035,4075,3980,4027,-131,-3.150553,212700,OK
2026-03-02,6458,新晃工業,プライム（内国株式）,機械,1414,1423,1403,1407,-23,-1.608392,304800,OK
2026-03-02,6459,大和冷機工業,プライム（内国株式）,機械,1857,1888,1847,1860,-37,-1.950448,58700,OK
2026-03-02,6460,セガサミーホールディングス,プライム（内国株式）,機械,2599.5,2635.5,2566.5,2620.5,5.5,0.210325,1056000,OK
2026-03-02,6463,ＴＰＲ,プライム（内国株式）,機械,1381,1409,1374,1400,-10,-0.70922,218100,OK
2026-03-02,6464,ツバキ・ナカシマ,プライム（内国株式）,機械,345,354,340,346,-12,-3.351955,576900,OK
2026-03-02,6465,ホシザキ,プライム（内国株式）,機械,5474,5514,5401,5435,-61,-1.109898,422900,OK
2026-03-02,6466,ＴＶＥ,スタンダード（内国株式）,機械,4885,5370,4680,4900,-5,-0.101937,32800,OK
2026-03-02,6467,ニチダイ,スタンダード（内国株式）,機械,361,363,357,361,-2,-0.550964,15300,OK
2026-03-02,6469,放電精密加工研究所,スタンダード（内国株式）,機械,4180,4320,4040,4165,-85,-2,183100,OK
2026-03-02,6470,大豊工業,スタンダード（内国株式）,機械,1067,1155,1064,1147,38,3.42651,344300,OK
2026-03-02,6471,日本精工,プライム（内国株式）,機械,1390,1413.5,1362.5,1407,-1.5,-0.106496,3028600,OK
2026-03-02,6472,ＮＴＮ,プライム（内国株式）,機械,411.3,416.4,403,414.1,-8.9,-2.104019,2996400,OK
2026-03-02,6473,ジェイテクト,プライム（内国株式）,機械,2082,2123.5,2051,2123.5,-25.5,-1.186598,1614400,OK
2026-03-02,6474,不二越,プライム（内国株式）,機械,5250,5440,5190,5380,10,0.18622,192400,OK
2026-03-02,6479,ミネベアミツミ,プライム（内国株式）,電気機器,3249,3334,3230,3330,-34,-1.010702,1536300,OK
2026-03-02,6480,日本トムソン,プライム（内国株式）,機械,1030,1031,1005,1013,-61,-5.679702,810500,OK
2026-03-02,6481,ＴＨＫ,プライム（内国株式）,機械,5535,5616,5437,5577,-60,-1.064396,1393300,OK
2026-03-02,6482,ＹＵＳＨＩＮ,スタンダード（内国株式）,機械,767,769,744,748,-33,-4.225352,104700,OK
2026-03-02,6484,ＫＶＫ,スタンダード（内国株式）,機械,2515,2548,2515,2535,-15,-0.588235,2000,OK
2026-03-02,6485,前澤給装工業,スタンダード（内国株式）,機械,1738,1747,1720,1732,-18,-1.028571,36700,OK
2026-03-02,6486,イーグル工業,プライム（内国株式）,機械,3360,3365,3250,3325,-100,-2.919708,257100,OK
2026-03-02,6488,ヨシタケ,スタンダード（内国株式）,機械,1056,1061,1052,1054,-20,-1.862197,6200,OK
2026-03-02,6489,前澤工業,スタンダード（内国株式）,機械,2238,2249,2201,2236,0,0,92300,OK
2026-03-02,6490,ＰＩＬＬＡＲ,プライム（内国株式）,機械,8350,8600,8250,8600,100,1.176471,87000,OK
2026-03-02,6492,岡野バルブ製造,スタンダード（内国株式）,機械,9780,10600,9590,10290,430,4.361055,58300,OK
2026-03-02,6493,ＮＩＴＴＡＮ,スタンダード（内国株式）,輸送用機器,720,732,701,722,-32,-4.244032,241000,OK
2026-03-02,6494,ＮＦＫホールディングス,スタンダード（内国株式）,機械,140,140,134,138,-5,-3.496503,1257500,OK
2026-03-02,6495,宮入バルブ製作所,スタンダード（内国株式）,機械,262,272,243,243,-32,-11.636364,2241600,OK
2026-03-02,6496,中北製作所,スタンダード（内国株式）,機械,7540,7760,7340,7400,-140,-1.856764,26200,OK
2026-03-02,6497,ハマイ,スタンダード（内国株式）,機械,1378,1403,1378,1392,-16,-1.136364,3000,OK
2026-03-02,6498,キッツ,プライム（内国株式）,機械,2164,2176,2123,2175,13,0.601295,343100,OK
2026-03-02,6501,日立製作所,プライム（内国株式）,電気機器,5100,5124,5025,5069,-157,-3.00421,15993200,OK
2026-03-02,6503,三菱電機,プライム（内国株式）,電気機器,5850,5997,5795,5994,3,0.050075,5233000,OK
2026-03-02,6504,富士電機,プライム（内国株式）,電気機器,13310,13710,13245,13595,-315,-2.264558,704800,OK
2026-03-02,6505,東洋電機製造,スタンダード（内国株式）,電気機器,2431,2489,2420,2447,-50,-2.002403,45200,OK
2026-03-02,6506,安川電機,プライム（内国株式）,電気機器,5240,5350,5170,5320,-195,-3.535811,4000800,OK
2026-03-02,6507,シンフォニアテクノロジー,プライム（内国株式）,電気機器,12740,13350,12740,13250,70,0.531108,158300,OK
2026-03-02,6508,明電舎,プライム（内国株式）,電気機器,7710,7990,7710,7940,120,1.534527,241400,OK
2026-03-02,6513,オリジン,スタンダード（内国株式）,電気機器,1109,1110,1100,1104,-4,-0.361011,5900,OK
2026-03-02,6516,山洋電気,プライム（内国株式）,電気機器,5010,5180,4980,5160,50,0.978474,88400,OK
2026-03-02,6517,デンヨー,プライム（内国株式）,電気機器,3780,3880,3750,3815,-80,-2.053915,41200,OK
2026-03-02,6518,三相電機,スタンダード（内国株式）,電気機器,1209,1260,1193,1242,31,2.559868,14000,OK
2026-03-02,6521,オキサイド,グロース（内国株式）,電気機器,3070,3220,3020,3160,-50,-1.557632,212800,OK
2026-03-02,6522,アスタリスク,グロース（内国株式）,電気機器,418,425,406,425,7,1.674641,52600,OK
2026-03-02,6523,ＰＨＣホールディングス,プライム（内国株式）,電気機器,1080,1089,1067,1072,-28,-2.545455,310800,OK
2026-03-02,6524,湖北工業,スタンダード（内国株式）,電気機器,4250,4455,4225,4355,-5,-0.114679,160600,OK
2026-03-02,6525,ＫＯＫＵＳＡＩ　ＥＬＥＣＴＲＩＣ,プライム（内国株式）,電気機器,6264,6370,6216,6322,-142,-2.196782,2692700,OK
2026-03-02,6526,ソシオネクスト,プライム（内国株式）,電気機器,1985.5,1996.5,1935,1938.5,-85,-4.200642,4191900,OK
2026-03-02,6527,ワカ製作所,TOKYO PRO MARKET（内国株式）,電気機器,,,,,,,,NO_QUOTE
2026-03-02,6532,ベイカレント,プライム（内国株式）,サービス業,4435,4459,4291,4291,-214,-4.750277,2698100,OK
2026-03-02,6533,Ｏｒｃｈｅｓｔｒａ　Ｈｏｌｄｉｎｇｓ,プライム（内国株式）,サービス業,1141,1142,1117,1123,-24,-2.092415,13100,OK
2026-03-02,6535,アイモバイル,プライム（内国株式）,サービス業,535,535,527,532,-5,-0.931099,126000,OK
2026-03-02,6537,ＷＡＳＨハウス,グロース（内国株式）,サービス業,405,412,396,403,-7,-1.707317,89900,OK
2026-03-02,6538,ディスラプターズ,スタンダード（内国株式）,サービス業,297,297,287,291,-8,-2.675585,52800,OK
2026-03-02,6539,ＭＳ−Ｊａｐａｎ,プライム（内国株式）,サービス業,1080,1080,1069,1074,-8,-0.739372,147300,OK
2026-03-02,6540,船場,スタンダード（内国株式）,サービス業,1934,1937,1879,1919,-16,-0.826873,29700,OK
2026-03-02,6543,日宣,スタンダード（内国株式）,サービス業,1256,1266,1240,1263,-4,-0.315706,8700,OK
2026-03-02,6544,ジャパンエレベーターサービスホールディングス,プライム（内国株式）,サービス業,1662.5,1706,1633,1681.5,59,3.636364,1101200,OK
2026-03-02,6545,インターネットインフィニティー,グロース（内国株式）,サービス業,752,765,747,759,3,0.396825,19300,OK
2026-03-02,6546,フルテック,スタンダード（内国株式）,サービス業,1128,1141,1127,1141,7,0.617284,2600,OK
2026-03-02,6547,グリーンズ,スタンダード（内国株式）,サービス業,2321,2340,2303,2319,-69,-2.889447,61500,OK
2026-03-02,6548,旅工房,グロース（内国株式）,サービス業,151,154,151,151,-2,-1.30719,68500,OK
2026-03-02,6549,ディーエムソリューションズ,スタンダード（内国株式）,サービス業,1690,1708,1680,1684,-10,-0.590319,1700,OK
2026-03-02,6551,ツナググループ・ホールディングス,スタンダード（内国株式）,サービス業,740,743,726,728,-12,-1.621622,66300,OK
2026-03-02,6552,ＧａｍｅＷｉｔｈ,スタンダード（内国株式）,サービス業,170,172,169,171,-3,-1.724138,21000,OK
2026-03-02,6554,エスユーエス,グロース（内国株式）,サービス業,1080,1080,1053,1062,-33,-3.013699,28400,OK
2026-03-02,6555,ＭＳ＆Ｃｏｎｓｕｌｔｉｎｇ,スタンダード（内国株式）,サービス業,422,431,422,424,-6,-1.395349,1100,OK
2026-03-02,6557,ＡＩＡＩグループ,グロース（内国株式）,サービス業,1320,1322,1293,1300,-21,-1.589705,25600,OK
2026-03-02,6558,クックビズ,グロース（内国株式）,サービス業,708,708,708,708,-1,-0.141044,200,OK
2026-03-02,6560,エル・ティー・エス,プライム（内国株式）,サービス業,1748,1765,1715,1742,-8,-0.457143,7400,OK
2026-03-02,6561,ＨＡＮＡＴＯＵＲ　ＪＡＰＡＮ,グロース（内国株式）,サービス業,864,875,845,845,-39,-4.411765,60200,OK
2026-03-02,6562,ジーニー,グロース（内国株式）,サービス業,1000,1009,990,1007,-16,-1.564027,65800,OK
2026-03-02,6563,みらいワークス,グロース（内国株式）,サービス業,609,609,598,600,-4,-0.662252,2100,OK
2026-03-02,6564,ミダックホールディングス,プライム（内国株式）,サービス業,2036,2063,2025,2046,-40,-1.917546,47500,OK
2026-03-02,6565,ＡＢホテル,スタンダード（内国株式）,サービス業,1615,1631,1603,1614,-14,-0.859951,9900,OK
2026-03-02,6566,要興業,スタンダード（内国株式）,サービス業,1597,1597,1574,1574,-23,-1.4402,700,OK
2026-03-02,6568,神戸天然物化学,グロース（内国株式）,サービス業,1325,1329,1281,1306,-41,-3.043801,9300,OK
2026-03-02,6570,共和コーポレーション,スタンダード（内国株式）,サービス業,1273,1310,1273,1300,23,1.801096,4400,OK
2026-03-02,6571,キュービーネットホールディングス,プライム（内国株式）,サービス業,1357,1357,1336,1337,-20,-1.473839,43900,OK
2026-03-02,6572,オープングループ,プライム（内国株式）,サービス業,242,258,232,241,-3,-1.229508,671700,OK
2026-03-02,6573,ＣＲＡＶＩＡ,グロース（内国株式）,サービス業,61,61,58,58,-3,-4.918033,530400,OK
2026-03-02,6574,コンヴァノ,グロース（内国株式）,サービス業,123,124,121,122,-4,-3.174603,904200,OK
2026-03-02,6576,揚工舎,TOKYO PRO MARKET（内国株式）,サービス業,,,,,,,,NO_QUOTE
2026-03-02,6577,ベストワンドットコム,グロース（内国株式）,サービス業,1932,1943,1924,1927,-5,-0.258799,7600,OK
2026-03-02,6578,コレックホールディングス,スタンダード（内国株式）,サービス業,450,450,439,439,-12,-2.660754,29000,OK
2026-03-02,6579,ログリー,グロース（内国株式）,サービス業,311,316,307,307,-7,-2.229299,4000,OK
2026-03-02,6580,ライトアップ,グロース（内国株式）,サービス業,1695,1762,1633,1738,13,0.753623,96400,OK
2026-03-02,6584,三櫻工業,プライム（内国株式）,輸送用機器,850,866,834,860,-28,-3.153153,646800,OK
2026-03-02,6586,マキタ,プライム（内国株式）,機械,5972,6099,5952,6052,-3,-0.049546,718200,OK
2026-03-02,6588,東芝テック,プライム（内国株式）,電気機器,3225,3245,3125,3230,-65,-1.972686,187100,OK
2026-03-02,6590,芝浦メカトロニクス,プライム（内国株式）,電気機器,5480,5590,5320,5590,-190,-3.287197,2282200,OK
2026-03-02,6592,マブチモーター,プライム（内国株式）,電気機器,1839,1907,1836,1885,45,2.445652,1590000,OK
2026-03-02,6594,ニデック,プライム（内国株式）,電気機器,2362,2377,2292,2336,-126,-5.11779,6635700,OK
2026-03-02,6596,筑波精工,TOKYO PRO MARKET（内国株式）,電気機器,,,,,,,,NO_QUOTE
2026-03-02,6597,ＨＰＣシステムズ,グロース（内国株式）,電気機器,2000,2000,1928,1959,-83,-4.064643,51500,OK
2026-03-02,6599,エブレン,スタンダード（内国株式）,電気機器,3330,3345,3195,3345,195,6.190476,19400,OK
2026-03-02,6612,バルミューダ,グロース（内国株式）,電気機器,641,643,637,640,-1,-0.156006,2500,OK
2026-03-02,6613,ＱＤレーザ,グロース（内国株式）,電気機器,720,805,718,779,16,2.096986,4899700,OK
2026-03-02,6614,シキノハイテック,スタンダード（内国株式）,電気機器,882,894,861,872,-38,-4.175824,76000,OK
2026-03-02,6615,ユー・エム・シー・エレクトロニクス,プライム（内国株式）,電気機器,344,344,337,337,-12,-3.438395,84700,OK
2026-03-02,6616,トレックス・セミコンダクター,プライム（内国株式）,電気機器,1720,1751,1695,1747,-11,-0.625711,21700,OK
2026-03-02,6617,東光高岳,プライム（内国株式）,電気機器,5650,5870,5600,5810,-40,-0.683761,73500,OK
2026-03-02,6619,ダブル・スコープ,プライム（内国株式）,電気機器,173,180,168,177,-3,-1.666667,1824000,OK
2026-03-02,6620,宮越ホールディングス,プライム（内国株式）,不動産業,780,780,754,755,-30,-3.821656,83200,OK
2026-03-02,6622,ダイヘン,プライム（内国株式）,電気機器,14010,14770,14000,14720,120,0.821918,133600,OK
2026-03-02,6625,ＪＡＬＣＯホールディングス,スタンダード（内国株式）,不動産業,420,425,411,417,-10,-2.34192,444200,OK
2026-03-02,6626,ＳＥＭＩＴＥＣ,スタンダード（内国株式）,電気機器,2950,2975,2910,2953,-29,-0.972502,22100,OK
2026-03-02,6627,テラプローブ,スタンダード（内国株式）,電気機器,9500,10050,9420,9990,200,2.042901,119400,OK
2026-03-02,6629,テクノホライゾン,スタンダード（内国株式）,電気機器,1010,1039,1003,1018,-43,-4.05278,237000,OK
2026-03-02,6630,ヤーマン,プライム（内国株式）,電気機器,706,709,700,704,-5,-0.705219,109600,OK
2026-03-02,6632,ＪＶＣケンウッド,プライム（内国株式）,電気機器,1276,1292.5,1268.5,1281,-19.5,-1.499423,845600,OK
2026-03-02,6633,ＣＧＳホールディングス,スタンダード（内国株式）,電気機器,358,358,351,353,-6,-1.671309,16800,OK
2026-03-02,6634,ネクスグループ,スタンダード（内国株式）,電気機器,118,119,116,118,1,0.854701,81900,OK
2026-03-02,6635,大日光・エンジニアリング,スタンダード（内国株式）,電気機器,656,695,651,694,18,2.662722,46300,OK
2026-03-02,6637,寺崎電気産業,スタンダード（内国株式）,電気機器,4250,4385,4160,4315,-50,-1.145475,106000,OK
2026-03-02,6638,ミマキエンジニアリング,プライム（内国株式）,電気機器,1837,1904,1810,1902,39,2.093398,135200,OK
2026-03-02,6643,戸上電機製作所,スタンダード（内国株式）,電気機器,6140,6900,6140,6730,690,11.423841,77000,OK
2026-03-02,6644,大崎電気工業,プライム（内国株式）,電気機器,1713,1792,1703,1770,27,1.549053,362900,OK
2026-03-02,6645,オムロン,プライム（内国株式）,電気機器,5352,5490,5318,5459,-93,-1.675072,1787700,OK
2026-03-02,6647,森尾電機,スタンダード（内国株式）,電気機器,2714,2746,2709,2746,4,0.145879,2400,OK
2026-03-02,6648,かわでん,スタンダード（内国株式）,電気機器,2377,2464,2329,2434,-43,-1.735971,84900,OK
2026-03-02,6651,日東工業,プライム（内国株式）,電気機器,4740,4865,4695,4840,-20,-0.411523,133300,OK
2026-03-02,6652,ＩＤＥＣ,プライム（内国株式）,電気機器,3235,3280,3190,3270,-35,-1.059002,150500,OK
2026-03-02,6653,正興電機製作所,プライム（内国株式）,電気機器,2611,2695,2572,2657,-40,-1.483129,115800,OK
2026-03-02,6654,不二電機工業,スタンダード（内国株式）,電気機器,1112,1112,1103,1108,-7,-0.627803,6000,OK
2026-03-02,6656,インスペック,スタンダード（内国株式）,電気機器,652,652,617,623,-39,-5.891239,95600,OK
2026-03-02,6658,シライ電子工業,スタンダード（内国株式）,電気機器,830,830,811,820,-25,-2.95858,130200,OK
2026-03-02,6659,メディアリンクス,スタンダード（内国株式）,電気機器,44,44,43,43,-2,-4.444444,976900,OK
2026-03-02,6662,ユビテック,スタンダード（内国株式）,電気機器,231,233,230,233,2,0.865801,13000,OK
2026-03-02,6663,太洋テクノレックス,スタンダード（内国株式）,電気機器,371,379,360,374,-5,-1.319261,303100,OK
2026-03-02,6664,オプトエレクトロニクス,スタンダード（内国株式）,電気機器,333,337,330,337,-6,-1.749271,24800,OK
2026-03-02,6666,リバーエレテック,スタンダード（内国株式）,電気機器,596,656,589,620,7,1.141925,365700,OK
2026-03-02,6668,アドテック　プラズマ　テクノロジー,スタンダード（内国株式）,電気機器,1964,2006,1920,1971,-23,-1.15346,51600,OK
2026-03-02,6670,ＭＣＪ,スタンダード（内国株式）,電気機器,2292,2332,2287,2319,27,1.17801,984500,OK
2026-03-02,6674,ジーエス・ユアサ　コーポレーション,プライム（内国株式）,電気機器,5360,5478,5298,5443,-117,-2.104317,974200,OK
2026-03-02,6675,サクサ,スタンダード（内国株式）,電気機器,7950,8030,7790,7930,-280,-3.410475,67400,OK
2026-03-02,6676,バッファロー,スタンダード（内国株式）,電気機器,5090,5190,5060,5100,-180,-3.409091,42100,OK
2026-03-02,6677,エスケーエレクトロニクス,スタンダード（内国株式）,電気機器,3470,3520,3430,3480,-130,-3.601108,109200,OK
2026-03-02,6678,テクノメディカ,スタンダード（内国株式）,電気機器,2597,2699,2569,2671,31,1.174242,13400,OK
2026-03-02,6694,ズーム,スタンダード（内国株式）,電気機器,648,655,648,650,0,0,3800,OK
2026-03-02,6695,キャストリコ,TOKYO PRO MARKET（内国株式）,電気機器,,,,,,,,NO_QUOTE
2026-03-02,6696,トラース・オン・プロダクト,グロース（内国株式）,電気機器,400,469,400,438,39,9.774436,1798100,OK
2026-03-02,6699,ダイヤモンドエレクトリックホールディングス,プライム（内国株式）,電気機器,699,699,659,666,-38,-5.397727,232700,OK
2026-03-02,6701,日本電気,プライム（内国株式）,電気機器,4282,4370,4266,4278,-56,-1.292109,10231100,OK
2026-03-02,6702,富士通,プライム（内国株式）,電気機器,3500,3552,3479,3532,-56,-1.560758,8632200,OK
2026-03-02,6703,沖電気工業,プライム（内国株式）,電気機器,3125,3370,3115,3315,85,2.631579,1035700,OK
2026-03-02,6706,電気興業,プライム（内国株式）,電気機器,3325,3445,3325,3435,40,1.178203,70000,OK
2026-03-02,6707,サンケン電気,プライム（内国株式）,電気機器,7572,7644,7491,7575,-147,-1.903652,95300,OK
2026-03-02,6718,アイホン,プライム（内国株式）,電気機器,2950,2950,2886,2919,-40,-1.351808,70400,OK
2026-03-02,6721,ウインテスト,スタンダード（内国株式）,電気機器,124,124,119,123,-3,-2.380952,942400,OK
2026-03-02,6723,ルネサスエレクトロニクス,プライム（内国株式）,電気機器,2869,2920.5,2820.5,2898.5,-70.5,-2.374537,6525600,OK
2026-03-02,6724,セイコーエプソン,プライム（内国株式）,電気機器,2103,2140.5,2068,2117,-0.5,-0.023613,1694100,OK
2026-03-02,6727,ワコム,プライム（内国株式）,電気機器,852,858,840,852,-25,-2.850627,370600,OK
2026-03-02,6728,アルバック,プライム（内国株式）,電気機器,10215,10550,10145,10515,35,0.333969,288200,OK
2026-03-02,6730,アクセル,スタンダード（内国株式）,電気機器,1267,1267,1239,1245,-35,-2.734375,43400,OK
2026-03-02,6731,ピクセラ,スタンダード（内国株式）,電気機器,43,43,42,43,0,0,558700,OK
2026-03-02,6734,ニューテック,スタンダード（内国株式）,電気機器,2627,2627,2627,2627,-7,-0.265756,100,OK
2026-03-02,6736,サン電子,スタンダード（内国株式）,電気機器,7060,7090,6410,6540,-500,-7.102273,173600,OK
2026-03-02,6737,ＥＩＺＯ,プライム（内国株式）,電気機器,2280,2303,2255,2291,-12,-0.521059,134500,OK
2026-03-02,6740,ジャパンディスプレイ,プライム（内国株式）,電気機器,27,30,26,29,1,3.571429,177068100,OK
2026-03-02,6741,日本信号,プライム（内国株式）,電気機器,1731,1809,1705,1802,1,0.055525,399800,OK
2026-03-02,6742,京三製作所,プライム（内国株式）,電気機器,753,767,745,760,-17,-2.187902,199100,OK
2026-03-02,6743,大同信号,スタンダード（内国株式）,電気機器,880,884,860,884,-3,-0.338219,25600,OK
2026-03-02,6744,能美防災,プライム（内国株式）,電気機器,4540,4630,4520,4610,115,2.558398,122100,OK
2026-03-02,6745,ホーチキ,プライム（内国株式）,電気機器,6340,6580,6290,6550,120,1.866252,141700,OK
2026-03-02,6748,星和電機,スタンダード（内国株式）,電気機器,814,830,809,824,-3,-0.362757,79300,OK
2026-03-02,6750,エレコム,プライム（内国株式）,電気機器,1792,1846,1782,1829,35,1.950948,341100,OK
2026-03-02,6752,パナソニック　ホールディングス,プライム（内国株式）,電気機器,2511.5,2592.5,2483.5,2592.5,55.5,2.187623,7657500,OK
2026-03-02,6753,シャープ,プライム（内国株式）,電気機器,624.1,624.8,612.6,616.8,-27.3,-4.238472,5276900,OK
2026-03-02,6754,アンリツ,プライム（内国株式）,電気機器,3000,3106,2964.5,3085,58,1.916089,1665700,OK
2026-03-02,6757,ＯＳＧコーポレーション,スタンダード（内国株式）,電気機器,837,841,822,828,-10,-1.193317,22900,OK
2026-03-02,6758,ソニーグループ,プライム（内国株式）,電気機器,3578,3598,3534,3593,-50,-1.372495,20165800,OK
2026-03-02,6762,ＴＤＫ,プライム（内国株式）,電気機器,2320,2359.5,2302,2336.5,-88,-3.629614,11084700,OK
2026-03-02,6763,帝国通信工業,プライム（内国株式）,電気機器,2860,2912,2857,2888,-22,-0.756014,16600,OK
2026-03-02,6768,タムラ製作所,プライム（内国株式）,電気機器,744,762,727,750,21,2.880658,1068600,OK
2026-03-02,6769,ザインエレクトロニクス,スタンダード（内国株式）,電気機器,866,877,855,867,-9,-1.027397,44000,OK
2026-03-02,6770,アルプスアルパイン,プライム（内国株式）,電気機器,2298.5,2309.5,2264,2275.5,-69,-2.943058,1239700,OK
2026-03-02,6771,池上通信機,スタンダード（内国株式）,電気機器,777,795,762,795,3,0.378788,66700,OK
2026-03-02,6772,東京コスモス電機,スタンダード（内国株式）,電気機器,1436,1436,1418,1425,-25,-1.724138,3100,OK
2026-03-02,6775,ＴＢグループ,スタンダード（内国株式）,電気機器,160,206,159,193,18,10.285714,10296300,OK
2026-03-02,6776,天昇電気工業,スタンダード（内国株式）,化学,283,283,279,283,-2,-0.701754,22200,OK
2026-03-02,6777,ｓａｎｔｅｃ　Ｈｏｌｄｉｎｇｓ,スタンダード（内国株式）,電気機器,19090,22500,19090,22260,2450,12.367491,267100,OK
2026-03-02,6778,アルチザネットワークス,スタンダード（内国株式）,電気機器,646,647,641,643,-3,-0.464396,8600,OK
2026-03-02,6779,日本電波工業,プライム（内国株式）,電気機器,1281,1440,1266,1390,56,4.197901,1599900,OK
2026-03-02,6785,鈴木,プライム（内国株式）,電気機器,3015,3110,2974,3070,-10,-0.324675,58900,OK
2026-03-02,6786,ＲＶＨ,スタンダード（内国株式）,サービス業,54,54,53,54,0,0,32500,OK
2026-03-02,6787,メイコー,プライム（内国株式）,電気機器,21460,25950,21370,25510,3550,16.165756,1232800,OK
2026-03-02,6788,日本トリム,プライム（内国株式）,電気機器,4985,5040,4970,4985,-85,-1.676529,14500,OK
2026-03-02,6794,フォスター電機,プライム（内国株式）,電気機器,3110,3175,3100,3150,20,0.638978,134000,OK
2026-03-02,6797,名古屋電機工業,スタンダード（内国株式）,電気機器,1305,1305,1265,1273,-20,-1.54679,16600,OK
2026-03-02,6798,ＳＭＫ,プライム（内国株式）,電気機器,3400,3495,3390,3455,0,0,16300,OK
2026-03-02,6800,ヨコオ,プライム（内国株式）,電気機器,3250,3445,3220,3415,85,2.552553,214400,OK
2026-03-02,6803,ティアック,スタンダード（内国株式）,電気機器,129,131,124,129,-5,-3.731343,1352500,OK
2026-03-02,6804,ホシデン,プライム（内国株式）,電気機器,2900,3000,2861,3000,58,1.971448,387500,OK
2026-03-02,6806,ヒロセ電機,プライム（内国株式）,電気機器,22835,23220,22760,22985,-350,-1.499893,154600,OK
2026-03-02,6807,日本航空電子工業,プライム（内国株式）,電気機器,2638,2670,2609,2669,-34,-1.257862,173600,OK
2026-03-02,6809,ＴＯＡ,プライム（内国株式）,電気機器,1803,1859,1793,1853,14,0.761283,211700,OK
2026-03-02,6810,マクセル,プライム（内国株式）,電気機器,2265,2269,2191,2231,-61,-2.661431,345200,OK
2026-03-02,6814,古野電気,プライム（内国株式）,電気機器,7630,7820,7430,7650,-280,-3.530895,595500,OK
2026-03-02,6817,スミダコーポレーション,プライム（内国株式）,電気機器,1225,1250,1210,1238,-14,-1.118211,290100,OK
2026-03-02,6819,伊豆シャボテンリゾート,スタンダード（内国株式）,サービス業,499,500,497,500,2,0.401606,26300,OK
2026-03-02,6820,アイコム,プライム（内国株式）,電気機器,3170,3270,3160,3245,55,1.724138,80600,OK
2026-03-02,6822,大井電気,スタンダード（内国株式）,電気機器,4850,5430,4850,5230,310,6.300813,15900,OK
2026-03-02,6823,リオン,プライム（内国株式）,電気機器,3025,3095,3000,3065,20,0.656814,65400,OK
2026-03-02,6824,新コスモス電機,スタンダード（内国株式）,電気機器,4950,4950,4720,4850,-125,-2.512563,17900,OK
2026-03-02,6832,アオイ電子,スタンダード（内国株式）,電気機器,2850,2861,2778,2788,-149,-5.073204,42900,OK
2026-03-02,6834,精工技研,スタンダード（内国株式）,電気機器,20910,24210,20910,23910,2270,10.489834,352300,OK
2026-03-02,6835,アライドテレシスホールディングス,スタンダード（内国株式）,電気機器,288,297,286,295,-2,-0.673401,479100,OK
2026-03-02,6836,ぷらっとホーム,スタンダード（内国株式）,電気機器,887,894,871,877,-25,-2.771619,33600,OK
2026-03-02,6837,京写,スタンダード（内国株式）,電気機器,299,302,296,299,-3,-0.993377,12400,OK
2026-03-02,6838,多摩川ホールディングス,スタンダード（内国株式）,電気機器,1041,1099,1032,1048,-32,-2.962963,350400,OK
2026-03-02,6840,ＡＫＩＢＡホールディングス,スタンダード（内国株式）,電気機器,546,547,523,532,-24,-4.316547,285300,OK
2026-03-02,6841,横河電機,プライム（内国株式）,電気機器,6112,6259,6038,6170,-75,-1.200961,1717100,OK
2026-03-02,6844,新電元工業,プライム（内国株式）,電気機器,3980,4065,3915,4030,-140,-3.357314,128500,OK
2026-03-02,6845,アズビル,プライム（内国株式）,電気機器,1424,1460.5,1414.5,1444.5,-9.5,-0.65337,1539200,OK
2026-03-02,6848,東亜ディーケーケー,スタンダード（内国株式）,電気機器,963,976,942,956,-7,-0.726895,11700,OK
2026-03-02,6849,日本光電工業,プライム（内国株式）,電気機器,1711,1728.5,1678,1688.5,-51.5,-2.95977,677700,OK
2026-03-02,6850,チノー,プライム（内国株式）,電気機器,1810,1817,1770,1801,-61,-3.276047,116200,OK
2026-03-02,6853,共和電業,スタンダード（内国株式）,電気機器,827,844,825,835,-20,-2.339181,61300,OK
2026-03-02,6855,日本電子材料,スタンダード（内国株式）,電気機器,7760,8080,7710,7910,-130,-1.616915,771100,OK
2026-03-02,6856,堀場製作所,プライム（内国株式）,電気機器,20500,21000,20325,20970,-75,-0.356379,192800,OK
2026-03-02,6857,アドバンテスト,プライム（内国株式）,電気機器,26350,26460,25715,25800,-1050,-3.910615,8517800,OK
2026-03-02,6858,小野測器,スタンダード（内国株式）,電気機器,923,935,909,919,-21,-2.234043,82600,OK
2026-03-02,6859,エスペック,プライム（内国株式）,電気機器,3765,3835,3735,3825,-40,-1.034929,82100,OK
2026-03-02,6861,キーエンス,プライム（内国株式）,電気機器,64060,64560,63550,64080,-1980,-2.997275,737900,OK
2026-03-02,6862,ミナトホールディングス,スタンダード（内国株式）,電気機器,2556,2647,2529,2533,-129,-4.84598,407500,OK
2026-03-02,6863,ニレコ,スタンダード（内国株式）,電気機器,2282,2282,2241,2262,-54,-2.331606,19100,OK
2026-03-02,6864,エヌエフホールディングス,スタンダード（内国株式）,電気機器,1457,1474,1414,1420,-63,-4.248146,46400,OK
2026-03-02,6866,日置電機,プライム（内国株式）,電気機器,7540,7830,7530,7790,40,0.516129,49300,OK
2026-03-02,6867,リーダー電子,スタンダード（内国株式）,電気機器,441,443,436,442,-3,-0.674157,8700,OK
2026-03-02,6869,シスメックス,プライム（内国株式）,電気機器,1500,1502,1457.5,1474.5,2.5,0.169837,4915200,OK
2026-03-02,6870,日本フェンオール,スタンダード（内国株式）,電気機器,2048,2075,2023,2070,22,1.074219,1900,OK
2026-03-02,6871,日本マイクロニクス,プライム（内国株式）,電気機器,11900,12570,11840,12470,270,2.213115,831200,OK
2026-03-02,6874,協立電機,スタンダード（内国株式）,電気機器,2900,2928,2847,2928,-2,-0.068259,11000,OK
2026-03-02,6875,メガチップス,プライム（内国株式）,電気機器,8990,9230,8990,9200,60,0.656455,135500,OK
2026-03-02,6877,ＯＢＡＲＡ　ＧＲＯＵＰ,スタンダード（内国株式）,電気機器,5780,6340,5770,6340,450,7.640068,253800,OK
2026-03-02,6882,三社電機製作所,スタンダード（内国株式）,電気機器,1082,1098,1055,1085,-36,-3.211418,120300,OK
2026-03-02,6888,アクモス,スタンダード（内国株式）,情報･通信業,559,559,549,549,-8,-1.436266,20200,OK
2026-03-02,6890,フェローテック,スタンダード（内国株式）,電気機器,6200,6450,6180,6450,100,1.574803,473300,OK
2026-03-02,6894,パルステック工業,スタンダード（内国株式）,電気機器,2324,2324,2308,2310,-20,-0.858369,1500,OK
2026-03-02,6897,ツインバード,スタンダード（内国株式）,電気機器,421,424,420,421,0,0,20100,OK
2026-03-02,6898,トミタ電機,スタンダード（内国株式）,電気機器,3545,3600,3480,3550,-10,-0.280899,1500,OK
2026-03-02,6899,ＡＳＴＩ,スタンダード（内国株式）,電気機器,2608,2612,2570,2602,-32,-1.214882,5800,OK
2026-03-02,6901,澤藤電機,スタンダード（内国株式）,電気機器,1290,1292,1290,1291,0,0,9000,OK
2026-03-02,6902,デンソー,プライム（内国株式）,輸送用機器,2176,2219.5,2151,2219.5,-30.5,-1.355556,7048900,OK
2026-03-02,6904,原田工業,スタンダード（内国株式）,電気機器,496,497,490,495,-4,-0.801603,14700,OK
2026-03-02,6905,コーセル,プライム（内国株式）,電気機器,1350,1382,1338,1367,-1,-0.073099,221700,OK
2026-03-02,6907,ジオマテック,スタンダード（内国株式）,電気機器,1272,1310,1250,1300,0,0,36400,OK
2026-03-02,6908,イリソ電子工業,プライム（内国株式）,電気機器,3725,3855,3705,3815,-25,-0.651042,107400,OK
2026-03-02,6912,菊水ホールディングス,スタンダード（内国株式）,電気機器,2278,2294,2168,2287,-41,-1.761168,14500,OK
2026-03-02,6914,オプテックスグループ,プライム（内国株式）,電気機器,3100,3195,3055,3180,-20,-0.625,158600,OK
2026-03-02,6915,千代田インテグレ,スタンダード（内国株式）,電気機器,3355,3415,3330,3395,-20,-0.585652,20000,OK
2026-03-02,6918,アバールデータ,スタンダード（内国株式）,電気機器,2960,2974,2878,2915,-110,-3.636364,49500,OK
2026-03-02,6919,ケル,スタンダード（内国株式）,電気機器,1631,1631,1601,1620,-12,-0.735294,16100,OK
2026-03-02,6920,レーザーテック,プライム（内国株式）,電気機器,32380,34630,31850,34290,630,1.871658,4934500,OK
2026-03-02,6923,スタンレー電気,プライム（内国株式）,電気機器,3230,3237,3182,3222,-78,-2.363636,455300,OK
2026-03-02,6925,ウシオ電機,プライム（内国株式）,電気機器,3134,3158,3106,3158,-58,-1.803483,376500,OK
2026-03-02,6926,岡谷電機産業,スタンダード（内国株式）,電気機器,204,205,204,204,1,0.492611,31900,OK
2026-03-02,6927,ヘリオス　テクノ　ホールディング,スタンダード（内国株式）,電気機器,1364,1388,1361,1382,-12,-0.860832,129100,OK
2026-03-02,6928,エノモト,スタンダード（内国株式）,電気機器,3325,3355,3265,3275,-120,-3.53461,42500,OK
2026-03-02,6929,日本セラミック,プライム（内国株式）,電気機器,3865,3925,3810,3910,0,0,154000,OK
2026-03-02,6932,遠藤照明,スタンダード（内国株式）,電気機器,2950,3000,2889,2960,-24,-0.80429,77000,OK
2026-03-02,6941,山一電機,プライム（内国株式）,電気機器,8200,8430,8150,8370,-40,-0.475624,281700,OK
2026-03-02,6942,ソフィアホールディングス,スタンダード（内国株式）,情報･通信業,1333,1350,1323,1340,24,1.823708,15700,OK
2026-03-02,6943,ＮＫＫスイッチズ,スタンダード（内国株式）,電気機器,5210,5210,5210,5210,10,0.192308,1000,OK
2026-03-02,6946,日本アビオニクス,スタンダード（内国株式）,電気機器,7850,8250,7720,8120,670,8.993289,480500,OK
2026-03-02,6947,図研,プライム（内国株式）,電気機器,4605,4620,4555,4605,-15,-0.324675,56300,OK
2026-03-02,6951,日本電子,プライム（内国株式）,電気機器,6633,6856,6567,6799,-89,-1.292102,195700,OK
2026-03-02,6952,カシオ計算機,プライム（内国株式）,電気機器,1547,1555,1531,1542.5,-29,-1.845371,2424800,OK
2026-03-02,6954,ファナック,プライム（内国株式）,電気機器,6897,7011,6748,6965,-148,-2.080697,4785200,OK
2026-03-02,6955,ＦＤＫ,スタンダード（内国株式）,電気機器,488,488,465,479,-15,-3.036437,341800,OK
2026-03-02,6958,日本シイエムケイ,プライム（内国株式）,電気機器,609,631,599,627,-2,-0.317965,1197900,OK
2026-03-02,6960,フクダ電子,スタンダード（内国株式）,電気機器,10040,10210,9950,10150,80,0.794439,24000,OK
2026-03-02,6961,エンプラス,プライム（内国株式）,電気機器,13650,14600,13400,14390,140,0.982456,106300,OK
2026-03-02,6962,大真空,プライム（内国株式）,電気機器,678,708,665,692,4,0.581395,620700,OK
2026-03-02,6963,ローム,プライム（内国株式）,電気機器,2776,2909.5,2754,2900,24,0.834492,4555100,OK
2026-03-02,6964,サンコー,スタンダード（内国株式）,電気機器,744,744,734,734,-11,-1.47651,6200,OK
2026-03-02,6965,浜松ホトニクス,プライム（内国株式）,電気機器,2000,2082,1989,2063.5,40,1.976773,5500400,OK
2026-03-02,6966,三井ハイテック,プライム（内国株式）,電気機器,857,890,840,882,5,0.570125,2871900,OK
2026-03-02,6969,松尾電機,スタンダード（内国株式）,電気機器,987,1150,987,1090,90,9,153800,OK
2026-03-02,6971,京セラ,プライム（内国株式）,電気機器,2696,2770,2688.5,2770,6.5,0.235209,5351100,OK
2026-03-02,6976,太陽誘電,プライム（内国株式）,電気機器,4700,4953,4671,4867,71,1.4804,2202000,OK
2026-03-02,6977,日本抵抗器製作所,スタンダード（内国株式）,電気機器,980,1017,978,998,4,0.402414,4700,OK
2026-03-02,6981,村田製作所,プライム（内国株式）,電気機器,3918,4068,3906,4065,-43,-1.046738,9616800,OK
2026-03-02,6982,リード,スタンダード（内国株式）,輸送用機器,652,658,652,654,-6,-0.909091,500,OK
2026-03-02,6986,双葉電子工業,プライム（内国株式）,電気機器,745,788,733,762,9,1.195219,447600,OK
2026-03-02,6988,日東電工,プライム（内国株式）,化学,3552,3572,3488,3557,-80,-2.199615,2981200,OK
2026-03-02,6989,北陸電気工業,スタンダード（内国株式）,電気機器,2992,2992,2911,2911,-60,-2.019522,9100,OK
2026-03-02,6993,大黒屋ホールディングス,スタンダード（内国株式）,小売業,130,135,125,129,0,0,7898900,OK
2026-03-02,6994,指月電機製作所,スタンダード（内国株式）,電気機器,1044,1112,1033,1094,18,1.672862,471400,OK
2026-03-02,6995,東海理化電機製作所,プライム（内国株式）,輸送用機器,3280,3315,3235,3315,-50,-1.485884,160300,OK
2026-03-02,6996,ニチコン,プライム（内国株式）,電気機器,2100,2166,2086,2146,-11,-0.509968,328600,OK
2026-03-02,6997,日本ケミコン,プライム（内国株式）,電気機器,1808,1883,1797,1860,-28,-1.483051,308500,OK
2026-03-02,6998,日本タングステン,スタンダード（内国株式）,電気機器,2215,2229,2144,2200,16,0.732601,48900,OK
2026-03-02,6999,ＫＯＡ,プライム（内国株式）,電気機器,1957,2028,1912,1990,2,0.100604,723800,OK
2026-03-02,7003,三井Ｅ＆Ｓ,プライム（内国株式）,機械,7700,8224,7680,8129,253,3.212291,5583900,OK
2026-03-02,7004,カナデビア,プライム（内国株式）,機械,1080,1082,1051,1065,-23,-2.113971,848600,OK
2026-03-02,7011,三菱重工業,プライム（内国株式）,機械,5092,5208,5055,5195,181,3.609892,33425800,OK
2026-03-02,7012,川崎重工業,プライム（内国株式）,輸送用機器,18500,18765,18025,18375,120,0.657354,4992100,OK
2026-03-02,7013,ＩＨＩ,プライム（内国株式）,機械,4342,4439,4266,4431,128,2.974669,24222700,OK
2026-03-02,7014,名村造船所,スタンダード（内国株式）,輸送用機器,5470,5680,5410,5600,30,0.5386,1349500,OK
2026-03-02,7018,内海造船,スタンダード（内国株式）,輸送用機器,17000,17720,16800,17350,-190,-1.083238,41700,OK
2026-03-02,7021,ニッチツ,スタンダード（内国株式）,機械,2368,2368,2330,2335,-21,-0.891341,4000,OK
2026-03-02,7022,サノヤスホールディングス,スタンダード（内国株式）,機械,432,454,431,443,-3,-0.672646,344200,OK
2026-03-02,7030,スプリックス,スタンダード（内国株式）,サービス業,1315,1337,1259,1283,-62,-4.609665,28900,OK
2026-03-02,7031,インバウンドテック,グロース（内国株式）,サービス業,609,660,609,659,47,7.679739,8100,OK
2026-03-02,7033,マネジメントソリューションズ,プライム（内国株式）,サービス業,1465,1488,1446,1466,-14,-0.945946,99000,OK
2026-03-02,7034,プロレド・パートナーズ,プライム（内国株式）,サービス業,476,483,464,473,-3,-0.630252,37200,OK
2026-03-02,7035,ａｎｄ　ｆａｃｔｏｒｙ,スタンダード（内国株式）,サービス業,219,225,217,219,-2,-0.904977,9800,OK
2026-03-02,7036,イーエムネットジャパン,グロース（内国株式）,サービス業,877,880,863,880,0,0,1400,OK
2026-03-02,7037,テノ．ホールディングス,スタンダード（内国株式）,サービス業,852,875,846,851,-9,-1.046512,17400,OK
2026-03-02,7038,フロンティア・マネジメント,プライム（内国株式）,サービス業,572,574,560,565,-14,-2.417962,65300,OK
2026-03-02,7039,ブリッジインターナショナルグループ,グロース（内国株式）,サービス業,1921,1925,1890,1910,-19,-0.984966,12400,OK
2026-03-02,7040,サン・ライフホールディング,スタンダード（内国株式）,サービス業,1067,1120,1067,1090,28,2.636535,9800,OK
2026-03-02,7041,ＣＲＧホールディングス,グロース（内国株式）,サービス業,333,333,326,326,-4,-1.212121,3400,OK
2026-03-02,7042,アクセスグループ・ホールディングス,スタンダード（内国株式）,サービス業,713,720,713,718,5,0.701262,2300,OK
2026-03-02,7043,アルー,グロース（内国株式）,サービス業,904,918,904,918,2,0.218341,3200,OK
2026-03-02,7044,ピアラ,スタンダード（内国株式）,サービス業,514,514,505,505,-15,-2.884615,31400,OK
2026-03-02,7046,ＴＤＳＥ,グロース（内国株式）,サービス業,1398,1399,1380,1384,-15,-1.072194,2500,OK
2026-03-02,7047,ポート,グロース（内国株式）,サービス業,2357,2390,2316,2361,-46,-1.911093,88300,OK
2026-03-02,7048,ベルトラ,グロース（内国株式）,サービス業,210,210,202,209,-9,-4.12844,263600,OK
2026-03-02,7049,識学,グロース（内国株式）,サービス業,840,840,820,820,-25,-2.95858,115700,OK
2026-03-02,7050,フロンティアインターナショナル,グロース（内国株式）,サービス業,1587,1600,1563,1591,-15,-0.933998,16300,OK
2026-03-02,7056,マルク,TOKYO PRO MARKET（内国株式）,サービス業,,,,,,,,NO_QUOTE
2026-03-02,7057,エヌ・シー・エヌ,スタンダード（内国株式）,サービス業,1065,1138,1065,1124,0,0,4300,OK
2026-03-02,7058,共栄セキュリティーサービス,スタンダード（内国株式）,サービス業,3150,3155,3095,3135,-15,-0.47619,1700,OK
2026-03-02,7059,コプロ・ホールディングス,プライム（内国株式）,サービス業,971,979,960,972,-14,-1.419878,150100,OK
2026-03-02,7060,ギークス,スタンダード（内国株式）,サービス業,600,610,598,604,4,0.666667,23500,OK
2026-03-02,7061,日本ホスピスホールディングス,グロース（内国株式）,サービス業,896,898,876,884,-21,-2.320442,71700,OK
2026-03-02,7062,フレアス,グロース（内国株式）,サービス業,904,916,901,903,-13,-1.419214,3800,OK
2026-03-02,7063,Ｂｉｒｄｍａｎ,グロース（内国株式）,サービス業,141,143,125,129,-10,-7.194245,985600,OK
2026-03-02,7064,ハウテレビジョン,スタンダード（内国株式）,サービス業,1335,1337,1300,1300,-35,-2.621723,1600,OK
2026-03-02,7065,ユーピーアール,スタンダード（内国株式）,サービス業,1010,1010,971,973,-45,-4.420432,21400,OK
2026-03-02,7066,ピアズ,グロース（内国株式）,サービス業,430,430,416,420,-14,-3.225806,21900,OK
2026-03-02,7067,ブランディングテクノロジー,グロース（内国株式）,サービス業,1029,1029,1025,1025,-5,-0.485437,200,OK
2026-03-02,7068,フィードフォースグループ,グロース（内国株式）,サービス業,632,632,616,621,-14,-2.204724,41900,OK
2026-03-02,7069,サイバー・バズ,グロース（内国株式）,サービス業,811,811,811,811,0,0,300,OK
2026-03-02,7071,アンビスホールディングス,プライム（内国株式）,サービス業,521,531,502,510,-12,-2.298851,758400,OK
2026-03-02,7072,インティメート・マージャー,グロース（内国株式）,サービス業,920,920,883,902,-3,-0.331492,5300,OK
2026-03-02,7073,ジェイック,グロース（内国株式）,サービス業,2316,2394,2316,2374,54,2.327586,2800,OK
2026-03-02,7074,トゥエンティーフォーセブンホールディングス,グロース（内国株式）,サービス業,214,214,207,207,-6,-2.816901,9100,OK
2026-03-02,7075,ＱＬＳホールディングス,グロース（内国株式）,サービス業,805,808,796,796,-10,-1.240695,4600,OK
2026-03-02,7077,ＡＬｉＮＫインターネット,グロース（内国株式）,サービス業,1004,1004,990,992,-12,-1.195219,3600,OK
2026-03-02,7078,ＩＮＣＬＵＳＩＶＥ　Ｈｏｌｄｉｎｇｓ,グロース（内国株式）,サービス業,426,429,417,418,-15,-3.464203,30500,OK
2026-03-02,7079,ＷＤＢココ,グロース（内国株式）,サービス業,2755,2755,2725,2747,7,0.255474,2300,OK
2026-03-02,7080,スポーツフィールド,グロース（内国株式）,サービス業,943,962,928,953,25,2.693966,27100,OK
2026-03-02,7081,コーユーレンティア,スタンダード（内国株式）,サービス業,1370,1370,1345,1362,-11,-0.801165,6400,OK
2026-03-02,7082,ジモティー,グロース（内国株式）,サービス業,731,738,714,725,-6,-0.820793,83300,OK
2026-03-02,7083,ＡＨＣグループ,グロース（内国株式）,サービス業,822,822,813,813,-12,-1.454545,1400,OK
2026-03-02,7084,Ｓｍｉｌｅ　Ｈｏｌｄｉｎｇｓ,グロース（内国株式）,サービス業,3015,3120,3005,3105,65,2.138158,4100,OK
2026-03-02,7085,カーブスホールディングス,プライム（内国株式）,サービス業,808,839,801,829,11,1.344743,636400,OK
2026-03-02,7087,ウイルテック,スタンダード（内国株式）,サービス業,1378,1380,1360,1368,-10,-0.725689,8200,OK
2026-03-02,7088,フォーラムエンジニアリング,プライム（内国株式）,サービス業,1696,1698,1695,1697,1,0.058962,11900,OK
2026-03-02,7089,フォースタートアップス,グロース（内国株式）,サービス業,1316,1335,1282,1316,-30,-2.228826,34500,OK
2026-03-02,7090,リグア,グロース（内国株式）,サービス業,974,995,972,995,21,2.156057,3900,OK
2026-03-02,7091,リビングプラットフォーム,グロース（内国株式）,サービス業,1214,1247,1190,1245,12,0.973236,13300,OK
2026-03-02,7092,Ｆａｓｔ　Ｆｉｔｎｅｓｓ　Ｊａｐａｎ,プライム（内国株式）,サービス業,2301,2302,2301,2301,-1,-0.04344,14100,OK
2026-03-02,7093,アディッシュ,グロース（内国株式）,サービス業,591,592,576,576,-24,-4,11800,OK
2026-03-02,7094,ＮｅｘＴｏｎｅ,グロース（内国株式）,サービス業,1680,1700,1664,1695,-25,-1.453488,122900,OK
2026-03-02,7095,Ｍａｃｂｅｅ　Ｐｌａｎｅｔ,プライム（内国株式）,サービス業,1440,1451,1423,1432,-28,-1.917808,100500,OK
2026-03-02,7096,ステムセル研究所,グロース（内国株式）,サービス業,897,902,880,880,-29,-3.190319,33600,OK
2026-03-02,7097,さくらさくプラス,グロース（内国株式）,サービス業,2821,2837,2770,2783,-73,-2.556022,11100,OK
2026-03-02,7098,エージェント,TOKYO PRO MARKET（内国株式）,サービス業,,,,,,,,NO_QUOTE
2026-03-02,7102,日本車輌製造,プライム（内国株式）,輸送用機器,4125,4215,4085,4180,-70,-1.647059,41800,OK
2026-03-02,7105,三菱ロジスネクスト,スタンダード（内国株式）,輸送用機器,1527,1528,1525,1525,-2,-0.130976,120700,OK
2026-03-02,7110,クラシコム,グロース（内国株式）,小売業,2113,2222,2093,2093,-57,-2.651163,17700,OK
2026-03-02,7111,ＩＮＥＳＴ,スタンダード（内国株式）,卸売業,500,501,490,501,3,0.60241,6200,OK
2026-03-02,7112,キューブ,グロース（内国株式）,小売業,720,743,710,736,8,1.098901,12100,OK
2026-03-02,7114,フーディソン,グロース（内国株式）,卸売業,880,890,873,889,4,0.451977,2100,OK
2026-03-02,7115,アルファパーチェス,スタンダード（内国株式）,卸売業,1860,1872,1845,1871,-1,-0.053419,14800,OK
2026-03-02,7116,ダイワ通信,スタンダード（内国株式）,卸売業,1167,1168,1166,1167,-1,-0.085616,33400,OK
2026-03-02,7119,ハルメクホールディングス,グロース（内国株式）,小売業,1355,1361,1348,1361,0,0,11100,OK
2026-03-02,7120,ＳＨＩＮＫＯ,スタンダード（内国株式）,卸売業,927,945,927,928,1,0.107875,16200,OK
2026-03-02,7122,近畿車輛,スタンダード（内国株式）,輸送用機器,2429,2463,2400,2462,32,1.316872,4200,OK
2026-03-02,7126,グローバルスタイル,スタンダード（内国株式）,小売業,1563,1563,1544,1550,-16,-1.021711,4500,OK
2026-03-02,7127,一家ホールディングス,スタンダード（内国株式）,小売業,714,718,711,711,-4,-0.559441,10500,OK
2026-03-02,7128,ユニソルホールディングス,プライム（内国株式）,卸売業,2320,2346,2304,2317,-37,-1.571793,53400,OK
2026-03-02,7129,ミアヘルサホールディングス,スタンダード（内国株式）,小売業,1180,1180,1155,1179,-3,-0.253807,3000,OK
2026-03-02,7130,ヤマエグループホールディングス,プライム（内国株式）,卸売業,3000,3020,2975,2992,-63,-2.062193,104200,OK
2026-03-02,7131,のむら産業,スタンダード（内国株式）,卸売業,4180,4450,4175,4450,270,6.45933,6500,OK
2026-03-02,7132,フローバル,TOKYO PRO MARKET（内国株式）,卸売業,,,,,,,,NO_QUOTE
2026-03-02,7133,ＨＹＵＧＡ　ＰＲＩＭＡＲＹ　ＣＡＲＥ,グロース（内国株式）,小売業,1063,1079,1062,1070,-5,-0.465116,13100,OK
2026-03-02,7134,アップガレージグループ,スタンダード（内国株式）,小売業,1026,1040,1020,1033,-7,-0.673077,16500,OK
2026-03-02,7135,ジャパンクラフトホールディングス,スタンダード（内国株式）,小売業,225,226,225,226,0,0,24700,OK
2026-03-02,7136,ウェルビングループ,TOKYO PRO MARKET（内国株式）,小売業,,,,,,,,NO_QUOTE
2026-03-02,7137,グラントマト,TOKYO PRO MARKET（内国株式）,小売業,,,,,,,,NO_QUOTE
2026-03-02,7138,ＴＯＲＩＣＯ,グロース（内国株式）,小売業,300,311,296,302,-3,-0.983607,476800,OK
2026-03-02,7139,東京高圧山崎,TOKYO PRO MARKET（内国株式）,卸売業,,,,,,,,NO_QUOTE
2026-03-02,7140,ペットゴー,グロース（内国株式）,小売業,885,888,875,881,-4,-0.451977,3500,OK
2026-03-02,7148,ＦＰＧ,プライム（内国株式）,証券･商品先物取引業,2067,2075,2051,2064,-27,-1.291248,857400,OK
2026-03-02,7150,島根銀行,スタンダード（内国株式）,銀行業,650,650,607,615,-37,-5.674847,87300,OK
2026-03-02,7157,ライフネット生命保険,プライム（内国株式）,保険業,2184,2225,2164,2199,-35,-1.566697,236300,OK
2026-03-02,7161,じもとホールディングス,スタンダード（内国株式）,銀行業,574,574,549,554,-43,-7.20268,313900,OK
2026-03-02,7162,アストマックス,スタンダード（内国株式）,電気･ガス業,219,220,216,217,-3,-1.363636,16000,OK
2026-03-02,7164,全国保証,プライム（内国株式）,その他金融業,3153,3204,3150,3188,-28,-0.870647,390400,OK
2026-03-02,7167,めぶきフィナンシャルグループ,プライム（内国株式）,銀行業,1280,1297.5,1250,1287.5,-55.5,-4.132539,2948400,OK
2026-03-02,7170,中央インターナショナルグループ,TOKYO PRO MARKET（内国株式）,保険業,,,,,,,,NO_QUOTE
2026-03-02,7172,ジャパンインベストメントアドバイザー,プライム（内国株式）,証券･商品先物取引業,2001,2047,1991,2047,-26,-1.254221,672900,OK
2026-03-02,7173,東京きらぼしフィナンシャルグループ,プライム（内国株式）,銀行業,11150,11290,10990,11280,-420,-3.589744,144400,OK
2026-03-02,7175,今村証券,スタンダード（内国株式）,証券･商品先物取引業,1399,1401,1372,1400,-2,-0.142653,14300,OK
2026-03-02,7176,シンプレクス・ファイナンシャル・ホールディングス,TOKYO PRO MARKET（内国株式）,証券･商品先物取引業,,,,,,,,NO_QUOTE
2026-03-02,7177,ＧＭＯフィナンシャルホールディングス,スタンダード（内国株式）,証券･商品先物取引業,940,945,921,944,-10,-1.048218,500100,OK
2026-03-02,7180,九州フィナンシャルグループ,プライム（内国株式）,銀行業,1269,1282,1246,1271.5,-66.5,-4.970105,1516000,OK
2026-03-02,7181,かんぽ生命保険,プライム（内国株式）,保険業,4930,5010,4850,5007,-95,-1.862015,1204000,OK
2026-03-02,7182,ゆうちょ銀行,プライム（内国株式）,銀行業,2902,2938.5,2856,2926,-135,-4.410323,10374400,OK
2026-03-02,7183,あんしん保証,スタンダード（内国株式）,その他金融業,182,182,175,181,-5,-2.688172,54800,OK
2026-03-02,7184,富山第一銀行,プライム（内国株式）,銀行業,2574,2626,2520,2575,-149,-5.469897,586200,OK
2026-03-02,7185,ヒロセ通商,スタンダード（内国株式）,証券･商品先物取引業,3800,3800,3780,3785,-15,-0.394737,3300,OK
2026-03-02,7186,横浜フィナンシャルグループ,プライム（内国株式）,銀行業,1610,1634,1588.5,1623,-67,-3.964497,4633100,OK
2026-03-02,7187,ジェイリース,プライム（内国株式）,その他金融業,1419,1440,1407,1426,-14,-0.972222,107000,OK
2026-03-02,7189,西日本フィナンシャルホールディングス,プライム（内国株式）,銀行業,4257,4282,4143,4231,-223,-5.006736,663800,OK
2026-03-02,7191,イントラスト,スタンダード（内国株式）,その他金融業,1177,1180,1159,1163,-36,-3.002502,45100,OK
2026-03-02,7192,日本モーゲージサービス,スタンダード（内国株式）,その他金融業,709,715,691,707,-17,-2.348066,104900,OK
2026-03-02,7196,Ｃａｓａ,スタンダード（内国株式）,その他金融業,722,726,722,722,-6,-0.824176,15300,OK
2026-03-02,7198,ＳＢＩアルヒ,プライム（内国株式）,その他金融業,916,920,907,916,-20,-2.136752,242100,OK
2026-03-02,7199,プレミアグループ,プライム（内国株式）,その他金融業,1826,1852,1788,1837,-10,-0.541419,514100,OK
2026-03-02,7201,日産自動車,プライム（内国株式）,輸送用機器,415.7,422.7,412.8,421.5,-11.7,-2.700831,25013900,OK
2026-03-02,7202,いすゞ自動車,プライム（内国株式）,輸送用機器,2868.5,2883.5,2807,2868.5,-50,-1.713209,1905400,OK
2026-03-02,7203,トヨタ自動車,プライム（内国株式）,輸送用機器,3685,3957,3652,3944,119,3.111111,44611800,OK
2026-03-02,7205,日野自動車,プライム（内国株式）,輸送用機器,445,454,441,453,-4,-0.875274,3256500,OK
2026-03-02,7208,カネミツ,スタンダード（内国株式）,輸送用機器,1195,1378,1195,1301,86,7.078189,22200,OK
2026-03-02,7211,三菱自動車工業,プライム（内国株式）,輸送用機器,412,415.3,401.8,412.2,-16.9,-3.938476,12477000,OK
2026-03-02,7212,エフテック,スタンダード（内国株式）,輸送用機器,821,837,817,834,-7,-0.832342,126600,OK
2026-03-02,7213,レシップホールディングス,スタンダード（内国株式）,輸送用機器,480,482,477,482,2,0.416667,9200,OK
2026-03-02,7214,ＧＭＢ,スタンダード（内国株式）,輸送用機器,991,993,971,985,-8,-0.805639,9000,OK
2026-03-02,7215,ファルテック,スタンダード（内国株式）,輸送用機器,398,400,396,400,-3,-0.744417,9500,OK
2026-03-02,7217,テイン,スタンダード（内国株式）,輸送用機器,415,424,410,418,-2,-0.47619,5100,OK
2026-03-02,7218,田中精密工業,スタンダード（内国株式）,輸送用機器,1248,1267,1248,1267,-2,-0.157604,1600,OK
2026-03-02,7219,エッチ・ケー・エス,スタンダード（内国株式）,輸送用機器,2278,2400,2278,2390,135,5.986696,6400,OK
2026-03-02,7220,武蔵精密工業,プライム（内国株式）,輸送用機器,2969,3165,2918,3095,-30,-0.96,1468700,OK
2026-03-02,7222,日産車体,スタンダード（内国株式）,輸送用機器,1090,1104,1079,1090,-16,-1.446655,81700,OK
2026-03-02,7224,新明和工業,プライム（内国株式）,輸送用機器,2706,2744,2656,2715,-8,-0.293794,295200,OK
2026-03-02,7226,極東開発工業,プライム（内国株式）,輸送用機器,3405,3450,3350,3410,-90,-2.571429,162700,OK
2026-03-02,7228,デイトナ,スタンダード（内国株式）,輸送用機器,3900,3970,3900,3950,50,1.282051,3500,OK
2026-03-02,7229,ユタカ技研,スタンダード（内国株式）,輸送用機器,3040,3045,3035,3040,-5,-0.164204,51300,OK
2026-03-02,7231,トピー工業,プライム（内国株式）,輸送用機器,3565,3710,3550,3685,50,1.375516,151300,OK
2026-03-02,7235,東京ラヂエーター製造,スタンダード（内国株式）,輸送用機器,1794,1796,1743,1753,-81,-4.416576,77800,OK
2026-03-02,7236,ティラド,プライム（内国株式）,輸送用機器,10490,10840,10350,10650,-140,-1.297498,19800,OK
2026-03-02,7238,曙ブレーキ工業,プライム（内国株式）,輸送用機器,145,147,141,146,-3,-2.013423,2142700,OK
2026-03-02,7239,タチエス,プライム（内国株式）,輸送用機器,2308,2320,2275,2316,-33,-1.404853,154400,OK
2026-03-02,7240,ＮＯＫ,プライム（内国株式）,輸送用機器,3217,3293,3205,3293,-34,-1.021942,343100,OK
2026-03-02,7241,フタバ産業,プライム（内国株式）,輸送用機器,1143,1174,1135,1172,-1,-0.085251,412700,OK
2026-03-02,7242,カヤバ,プライム（内国株式）,輸送用機器,5110,5140,5040,5140,-150,-2.835539,134200,OK
2026-03-02,7244,市光工業,プライム（内国株式）,電気機器,560,566,552,556,-14,-2.45614,159400,OK
2026-03-02,7245,大同メタル工業,プライム（内国株式）,輸送用機器,1192,1199,1161,1197,-32,-2.603743,481400,OK
2026-03-02,7246,プレス工業,プライム（内国株式）,輸送用機器,984,989,966,984,-22,-2.186879,334200,OK
2026-03-02,7247,ミクニ,スタンダード（内国株式）,輸送用機器,429,429,418,422,-13,-2.988506,97900,OK
2026-03-02,7250,太平洋工業,プライム（内国株式）,輸送用機器,3010,3020,3010,3015,5,0.166113,111800,OK
2026-03-02,7254,ユニバンス,スタンダード（内国株式）,輸送用機器,845,860,836,839,-21,-2.44186,26000,OK
2026-03-02,7255,桜井製作所,スタンダード（内国株式）,輸送用機器,671,674,660,670,-2,-0.297619,4900,OK
2026-03-02,7256,河西工業,スタンダード（内国株式）,輸送用機器,306,308,294,299,-15,-4.77707,880900,OK
2026-03-02,7259,アイシン,プライム（内国株式）,輸送用機器,2690,2738.5,2669,2731.5,-48,-1.726929,2748700,OK
2026-03-02,7261,マツダ,プライム（内国株式）,輸送用機器,1350,1355,1325,1355,-33.5,-2.412676,6351100,OK
2026-03-02,7264,ムロコーポレーション,スタンダード（内国株式）,輸送用機器,1421,1437,1421,1429,-1,-0.06993,3100,OK
2026-03-02,7265,エイケン工業,スタンダード（内国株式）,輸送用機器,3585,3650,3585,3645,-5,-0.136986,3700,OK
2026-03-02,7266,今仙電機製作所,スタンダード（内国株式）,輸送用機器,1050,1054,1031,1040,-40,-3.703704,38900,OK
2026-03-02,7267,本田技研工業,プライム（内国株式）,輸送用機器,1552,1554,1527,1553,-31.5,-1.988009,26680300,OK
2026-03-02,7269,スズキ,プライム（内国株式）,輸送用機器,2270.5,2285,2237,2265,-105.5,-4.450538,7446100,OK
2026-03-02,7270,ＳＵＢＡＲＵ,プライム（内国株式）,輸送用機器,2900,2918,2855.5,2918,-48.5,-1.634923,6270800,OK
2026-03-02,7271,安永,スタンダード（内国株式）,輸送用機器,1154,1185,1134,1145,-69,-5.68369,96000,OK
2026-03-02,7272,ヤマハ発動機,プライム（内国株式）,輸送用機器,1213,1218.5,1197.5,1202,-41,-3.298471,6742100,OK
2026-03-02,7273,イクヨ,スタンダード（内国株式）,輸送用機器,708,715,697,711,-2,-0.280505,85400,OK
2026-03-02,7276,小糸製作所,プライム（内国株式）,電気機器,2771,2800,2731,2797,-24,-0.850762,1153900,OK
2026-03-02,7277,ＴＢＫ,スタンダード（内国株式）,輸送用機器,405,414,391,401,-9,-2.195122,255500,OK
2026-03-02,7278,エクセディ,プライム（内国株式）,輸送用機器,6100,6170,6020,6150,-50,-0.806452,171100,OK
2026-03-02,7279,ハイレックスコーポレーション,スタンダード（内国株式）,輸送用機器,3865,3915,3740,3900,-105,-2.621723,114100,OK
2026-03-02,7280,ミツバ,プライム（内国株式）,電気機器,1405,1451,1402,1450,-15,-1.023891,552800,OK
2026-03-02,7282,豊田合成,プライム（内国株式）,輸送用機器,4864,4957,4797,4937,-154,-3.024946,697900,OK
2026-03-02,7283,愛三工業,プライム（内国株式）,輸送用機器,2224,2235,2164,2223,-73,-3.179443,158900,OK
2026-03-02,7284,盟和産業,スタンダード（内国株式）,輸送用機器,1202,1206,1195,1195,-25,-2.04918,3300,OK
2026-03-02,7287,日本精機,スタンダード（内国株式）,輸送用機器,2771,2809,2755,2809,-47,-1.645658,209700,OK
2026-03-02,7291,日本プラスト,スタンダード（内国株式）,輸送用機器,475,475,464,468,-9,-1.886792,42200,OK
2026-03-02,7292,村上開明堂,スタンダード（内国株式）,輸送用機器,6480,6650,6480,6560,-20,-0.303951,13300,OK
2026-03-02,7294,ヨロズ,プライム（内国株式）,輸送用機器,1082,1084,1064,1074,-34,-3.068592,178300,OK
2026-03-02,7296,エフ・シー・シー,プライム（内国株式）,輸送用機器,3750,3795,3720,3795,-70,-1.811125,109700,OK
2026-03-02,7297,カーメイト,スタンダード（内国株式）,輸送用機器,944,944,937,937,-20,-2.089864,1500,OK
2026-03-02,7299,フジオーゼックス,スタンダード（内国株式）,輸送用機器,2168,2198,2134,2197,27,1.24424,10000,OK
2026-03-02,7305,新家工業,スタンダード（内国株式）,鉄鋼,5790,5820,5730,5800,-50,-0.854701,27900,OK
2026-03-02,7309,シマノ,プライム（内国株式）,輸送用機器,16625,16680,16330,16680,-80,-0.477327,266600,OK
2026-03-02,7313,テイ・エス　テック,プライム（内国株式）,輸送用機器,1999,2010.5,1981,2001,-13.5,-0.670141,435300,OK
2026-03-02,7314,小田原機器,スタンダード（内国株式）,輸送用機器,1175,1180,1168,1168,-15,-1.267963,2100,OK
2026-03-02,7317,松屋アールアンドディ,グロース（内国株式）,輸送用機器,1089,1090,1089,1089,0,0,19900,OK
2026-03-02,7318,セレンディップ・ホールディングス,グロース（内国株式）,輸送用機器,1718,1865,1669,1815,83,4.792148,702300,OK
2026-03-02,7320,Ｓｏｌｖｖｙ,グロース（内国株式）,その他金融業,1576,1582,1554,1573,-37,-2.298137,23900,OK
2026-03-02,7322,三十三フィナンシャルグループ,プライム（内国株式）,銀行業,6010,6150,5920,6150,-160,-2.535658,122600,OK
2026-03-02,7325,アイリックコーポレーション,グロース（内国株式）,保険業,885,896,881,889,-9,-1.002227,6100,OK
2026-03-02,7326,ＳＢＩインシュアランスグループ,グロース（内国株式）,保険業,2380,2380,2325,2331,-97,-3.995058,36800,OK
2026-03-02,7327,第四北越フィナンシャルグループ,プライム（内国株式）,銀行業,1951,2005,1943,1992,-49,-2.400784,1074400,OK
2026-03-02,7337,ひろぎんホールディングス,プライム（内国株式）,銀行業,1859,1882,1831,1882,-54.5,-2.814356,1310100,OK
2026-03-02,7343,ブロードマインド,グロース（内国株式）,保険業,1301,1383,1301,1340,-52,-3.735632,48800,OK
2026-03-02,7345,アイ・パートナーズフィナンシャル,グロース（内国株式）,その他金融業,980,1014,980,1013,36,3.684749,12600,OK
2026-03-02,7347,マーキュリアホールディングス,プライム（内国株式）,証券･商品先物取引業,755,757,743,750,-14,-1.832461,40400,OK
2026-03-02,7350,おきなわフィナンシャルグループ,プライム（内国株式）,銀行業,5770,5820,5620,5750,-260,-4.326123,134000,OK
2026-03-02,7351,グッドパッチ,グロース（内国株式）,サービス業,479,487,471,482,-3,-0.618557,18600,OK
2026-03-02,7352,ＴＷＯＳＴＯＮＥ＆Ｓｏｎｓ,グロース（内国株式）,サービス業,570,593,562,562,-35,-5.862647,560100,OK
2026-03-02,7353,ＫＩＹＯラーニング,グロース（内国株式）,サービス業,590,594,576,588,-2,-0.338983,132300,OK
2026-03-02,7354,ダイレクトマーケティングミックス,スタンダード（内国株式）,サービス業,340,347,331,337,-10,-2.881844,520100,OK
2026-03-02,7355,一寸房,TOKYO PRO MARKET（内国株式）,サービス業,,,,,,,,NO_QUOTE
2026-03-02,7356,Ｒｅｔｔｙ,グロース（内国株式）,サービス業,142,142,139,139,-3,-2.112676,36400,OK
2026-03-02,7357,ジオコード,スタンダード（内国株式）,サービス業,1490,1496,1480,1480,-32,-2.116402,16300,OK
2026-03-02,7358,ポピンズ,スタンダード（内国株式）,サービス業,1441,1461,1433,1438,-18,-1.236264,25100,OK
2026-03-02,7359,東京通信グループ,グロース（内国株式）,サービス業,264,264,258,258,-6,-2.272727,38500,OK
2026-03-02,7360,オンデック,グロース（内国株式）,サービス業,810,820,809,815,-1,-0.122549,800,OK
2026-03-02,7361,ヒューマンクリエイションホールディングス,グロース（内国株式）,サービス業,1254,1270,1250,1259,-2,-0.158604,4100,OK
2026-03-02,7362,Ｔ．Ｓ．Ｉ,グロース（内国株式）,サービス業,805,805,796,796,-14,-1.728395,1000,OK
2026-03-02,7363,ベビーカレンダー,グロース（内国株式）,サービス業,1420,1426,1420,1426,17,1.206529,1900,OK
2026-03-02,7364,琉球アスティーダスポーツクラブ,TOKYO PRO MARKET（内国株式）,サービス業,,,,,,,,NO_QUOTE
2026-03-02,7366,ＬＩＴＡＬＩＣＯ,プライム（内国株式）,サービス業,1319,1333,1311,1315,-30,-2.230483,149900,OK
2026-03-02,7367,セルム,スタンダード（内国株式）,サービス業,352,352,341,342,-5,-1.440922,73800,OK
2026-03-02,7368,表示灯,スタンダード（内国株式）,サービス業,1717,1717,1713,1717,-4,-0.232423,1000,OK
2026-03-02,7369,メイホーホールディングス,グロース（内国株式）,サービス業,578,578,561,561,-11,-1.923077,2500,OK
2026-03-02,7370,Ｅｎｊｉｎ,グロース（内国株式）,サービス業,810,813,803,809,-1,-0.123457,16500,OK
2026-03-02,7371,Ｚｅｎｋｅｎ,グロース（内国株式）,サービス業,734,737,717,731,-6,-0.814111,31900,OK
2026-03-02,7372,デコルテ・ホールディングス,グロース（内国株式）,サービス業,396,396,390,390,-6,-1.515152,5600,OK
2026-03-02,7373,アイドマ・ホールディングス,グロース（内国株式）,サービス業,1855,1874,1825,1853,-42,-2.216359,82800,OK
2026-03-02,7374,コンフィデンス・インターワークス,グロース（内国株式）,サービス業,1661,1672,1657,1657,-8,-0.48048,8000,OK
2026-03-02,7375,リファインバースグループ,グロース（内国株式）,サービス業,969,1028,948,975,21,2.201258,34700,OK
2026-03-02,7376,ＢＣＣ,グロース（内国株式）,サービス業,1930,1970,1890,1950,2,0.102669,5700,OK
2026-03-02,7377,ＤＮホールディングス,スタンダード（内国株式）,サービス業,2062,2064,2060,2060,-4,-0.193798,5000,OK
2026-03-02,7378,アシロ,グロース（内国株式）,サービス業,2127,2171,2086,2145,5,0.233645,49100,OK
2026-03-02,7380,十六フィナンシャルグループ,プライム（内国株式）,銀行業,9740,10020,9680,10000,-300,-2.912621,204000,OK
2026-03-02,7381,ＣＣＩグループ,プライム（内国株式）,銀行業,982,1003,965,999,-55,-5.218216,973200,OK
2026-03-02,7383,ネットプロテクションズホールディングス,プライム（内国株式）,その他金融業,530,531,515,521,-19,-3.518519,954300,OK
2026-03-02,7384,プロクレアホールディングス,プライム（内国株式）,銀行業,2907,3040,2903,3040,59,1.979202,226600,OK
2026-03-02,7388,ＦＰパートナー,プライム（内国株式）,保険業,2356,2405,2352,2380,-61,-2.498976,66500,OK
2026-03-02,7389,あいちフィナンシャルグループ,プライム（内国株式）,銀行業,6280,6350,6110,6300,-300,-4.545455,235100,OK
2026-03-02,7399,ナンシン,スタンダード（内国株式）,輸送用機器,630,630,626,626,-4,-0.634921,3700,OK
2026-03-02,7409,ＡｅｒｏＥｄｇｅ,グロース（内国株式）,輸送用機器,5070,5270,4965,5160,-310,-5.667276,305000,OK
2026-03-02,7412,アトム,スタンダード（内国株式）,小売業,625,629,619,624,-3,-0.478469,322300,OK
2026-03-02,7413,創健社,スタンダード（内国株式）,卸売業,2850,2874,2810,2865,8,0.280014,1200,OK
2026-03-02,7414,小野建,プライム（内国株式）,卸売業,1478,1487,1460,1474,-21,-1.404682,74700,OK
2026-03-02,7416,はるやまホールディングス,スタンダード（内国株式）,小売業,784,789,779,779,-5,-0.637755,9600,OK
2026-03-02,7417,南陽,スタンダード（内国株式）,卸売業,1582,1582,1572,1576,-9,-0.567823,5900,OK
2026-03-02,7419,ノジマ,プライム（内国株式）,小売業,1160,1189,1153,1174,3,0.256191,506200,OK
2026-03-02,7420,佐鳥電機,プライム（内国株式）,卸売業,2000,2017,1974,2006,-8,-0.397219,76900,OK
2026-03-02,7421,カッパ・クリエイト,プライム（内国株式）,小売業,1595,1614,1590,1601,3,0.187735,133800,OK
2026-03-02,7422,東邦レマック,スタンダード（内国株式）,卸売業,452,458,452,454,0,0,700,OK
2026-03-02,7425,初穂商事,スタンダード（内国株式）,卸売業,2318,2318,2318,2318,-35,-1.487463,200,OK
2026-03-02,7426,山大,スタンダード（内国株式）,卸売業,1196,1199,1186,1186,-21,-1.739851,7000,OK
2026-03-02,7427,エコートレーディング,スタンダード（内国株式）,卸売業,909,914,907,908,-5,-0.547645,15800,OK
2026-03-02,7433,伯東,プライム（内国株式）,卸売業,4375,4425,4300,4400,-35,-0.789177,92700,OK
2026-03-02,7434,オータケ,スタンダード（内国株式）,卸売業,1953,1967,1952,1960,-16,-0.809717,5100,OK
2026-03-02,7435,ナ・デックス,スタンダード（内国株式）,卸売業,1055,1057,1052,1057,7,0.666667,6800,OK
2026-03-02,7438,コンドーテック,プライム（内国株式）,卸売業,1532,1539,1516,1523,-26,-1.678502,44000,OK
2026-03-02,7442,中山福,スタンダード（内国株式）,卸売業,485,488,485,488,1,0.205339,9600,OK
2026-03-02,7443,横浜魚類,スタンダード（内国株式）,卸売業,709,719,699,719,0,0,17400,OK
2026-03-02,7444,ハリマ共和物産,スタンダード（内国株式）,卸売業,2135,2135,2055,2075,-62,-2.901263,5000,OK
2026-03-02,7446,東北化学薬品,スタンダード（内国株式）,卸売業,4680,4685,4680,4685,-115,-2.395833,200,OK
2026-03-02,7447,ナガイレーベン,プライム（内国株式）,卸売業,1791,1798,1777,1784,-36,-1.978022,93000,OK
2026-03-02,7450,サンデー,スタンダード（内国株式）,小売業,1278,1279,1277,1278,0,0,48600,OK
2026-03-02,7453,良品計画,プライム（内国株式）,小売業,3457,3635,3445,3635,38,1.056436,3825100,OK
2026-03-02,7455,パリミキホールディングス,スタンダード（内国株式）,小売業,576,578,576,577,0,0,8300,OK
2026-03-02,7456,松田産業,プライム（内国株式）,卸売業,8800,8860,8520,8660,-90,-1.028571,257300,OK
2026-03-02,7458,第一興商,プライム（内国株式）,卸売業,1735.5,1751.5,1724.5,1743,6.5,0.374316,411900,OK
2026-03-02,7459,メディパルホールディングス,プライム（内国株式）,卸売業,3003,3036,2957,3036,-31,-1.01076,492400,OK
2026-03-02,7460,ヤギ,スタンダード（内国株式）,卸売業,4435,4435,4315,4350,-135,-3.010033,11100,OK
2026-03-02,7461,キムラ,スタンダード（内国株式）,卸売業,513,520,512,515,-13,-2.462121,6800,OK
2026-03-02,7462,ＣＡＰＩＴＡ,スタンダード（内国株式）,小売業,617,619,600,603,-14,-2.269044,8700,OK
2026-03-02,7463,アドヴァングループ,スタンダード（内国株式）,小売業,1003,1017,995,1003,-12,-1.182266,42600,OK
2026-03-02,7464,セフテック,スタンダード（内国株式）,卸売業,1744,1760,1736,1736,15,0.871586,2400,OK
2026-03-02,7466,ＳＰＫ,プライム（内国株式）,卸売業,2700,2715,2662,2695,-37,-1.354319,18000,OK
2026-03-02,7467,萩原電気ホールディングス,プライム（内国株式）,卸売業,3910,3965,3865,3930,-50,-1.256281,48000,OK
2026-03-02,7472,鳥羽洋行,スタンダード（内国株式）,卸売業,3990,3995,3975,3995,5,0.125313,3300,OK
2026-03-02,7475,アルビス,プライム（内国株式）,小売業,2755,2770,2731,2741,-32,-1.153985,13700,OK
2026-03-02,7476,アズワン,プライム（内国株式）,卸売業,2225.5,2253.5,2211,2237.5,-38,-1.669963,189600,OK
2026-03-02,7477,ムラキ,スタンダード（内国株式）,卸売業,1848,1852,1848,1849,0,0,1000,OK
2026-03-02,7480,スズデン,スタンダード（内国株式）,卸売業,1786,1803,1768,1787,-17,-0.94235,28800,OK
2026-03-02,7481,尾家産業,スタンダード（内国株式）,卸売業,2726,2735,2720,2723,-24,-0.87368,6300,OK
2026-03-02,7482,シモジマ,プライム（内国株式）,卸売業,1473,1490,1463,1470,-25,-1.672241,88100,OK
2026-03-02,7483,ドウシシャ,プライム（内国株式）,卸売業,3660,3755,3645,3730,20,0.539084,155600,OK
2026-03-02,7486,サンリン,スタンダード（内国株式）,卸売業,825,825,778,823,-2,-0.242424,4400,OK
2026-03-02,7487,小津産業,スタンダード（内国株式）,卸売業,1868,1870,1857,1869,10,0.537924,7400,OK
2026-03-02,7490,日新商事,スタンダード（内国株式）,卸売業,1318,1318,1301,1310,-11,-0.832702,7500,OK
2026-03-02,7494,コナカ,スタンダード（内国株式）,小売業,250,250,247,247,-3,-1.2,67100,OK
2026-03-02,7500,西川計測,スタンダード（内国株式）,卸売業,10640,10690,10640,10690,-10,-0.093458,400,OK
2026-03-02,7501,ティムコ,スタンダード（内国株式）,卸売業,1749,1789,1735,1735,-54,-3.018446,2900,OK
2026-03-02,7502,プラザホールディングス,スタンダード（内国株式）,サービス業,1831,1831,1822,1822,-9,-0.491535,2500,OK
2026-03-02,7504,高速,プライム（内国株式）,卸売業,3410,3455,3385,3420,-35,-1.013025,38400,OK
2026-03-02,7505,扶桑電通,スタンダード（内国株式）,卸売業,2157,2190,2134,2184,-15,-0.682128,14800,OK
2026-03-02,7506,ハウス　オブ　ローゼ,スタンダード（内国株式）,小売業,1428,1438,1420,1437,6,0.419287,7200,OK
2026-03-02,7508,Ｇ‐７ホールディングス,プライム（内国株式）,小売業,1502,1503,1486,1490,-25,-1.650165,83500,OK
2026-03-02,7509,アイエーグループ,スタンダード（内国株式）,小売業,4985,4985,4910,4920,-40,-0.806452,1400,OK
2026-03-02,7510,たけびし,プライム（内国株式）,卸売業,2605,2723,2591,2687,49,1.857468,71200,OK
2026-03-02,7512,イオン北海道,スタンダード（内国株式）,小売業,902,903,885,885,-27,-2.960526,462200,OK
2026-03-02,7513,コジマ,プライム（内国株式）,小売業,1302,1352,1301,1335,11,0.830816,262000,OK
2026-03-02,7514,ヒマラヤ,スタンダード（内国株式）,小売業,858,858,846,850,-8,-0.932401,22100,OK
2026-03-02,7515,マルヨシセンター,スタンダード（内国株式）,小売業,4480,4555,4480,4495,-50,-1.10011,1400,OK
2026-03-02,7516,コーナン商事,プライム（内国株式）,小売業,4260,4365,4255,4315,-10,-0.231214,209700,OK
2026-03-02,7520,エコス,プライム（内国株式）,小売業,3045,3045,2946,2946,-129,-4.195122,48700,OK
2026-03-02,7521,ムサシ,スタンダード（内国株式）,卸売業,2659,2659,2615,2654,-6,-0.225564,11500,OK
2026-03-02,7522,ワタミ,プライム（内国株式）,小売業,970,990,960,983,7,0.717213,155600,OK
2026-03-02,7523,アールビバン,スタンダード（内国株式）,小売業,1625,1630,1620,1620,-4,-0.246305,8300,OK
2026-03-02,7524,マルシェ,スタンダード（内国株式）,小売業,183,184,182,182,-3,-1.621622,50100,OK
2026-03-02,7525,リックス,プライム（内国株式）,卸売業,3830,3830,3770,3785,-70,-1.815824,15800,OK
2026-03-02,7527,システムソフト,スタンダード（内国株式）,情報･通信業,56,59,56,57,-4,-6.557377,3607100,OK
2026-03-02,7531,清和中央ホールディングス,スタンダード（内国株式）,卸売業,1446,1450,1446,1446,-14,-0.958904,1100,OK
2026-03-02,7532,パン・パシフィック・インターナショナルホールディングス,プライム（内国株式）,小売業,1030,1052,1022.5,1038,-2,-0.192308,9348700,OK
2026-03-02,7537,丸文,プライム（内国株式）,卸売業,1245,1269,1228,1264,-11,-0.862745,289100,OK
2026-03-02,7538,大水,スタンダード（内国株式）,卸売業,452,452,443,452,-2,-0.440529,14900,OK
2026-03-02,7539,アイナボホールディングス,スタンダード（内国株式）,卸売業,805,809,804,809,2,0.247831,20200,OK
2026-03-02,7544,スリーエフ,スタンダード（内国株式）,小売業,573,573,565,570,-4,-0.696864,4900,OK
2026-03-02,7545,西松屋チェーン,プライム（内国株式）,小売業,2177,2212,2177,2202,-12,-0.542005,189100,OK
2026-03-02,7550,ゼンショーホールディングス,プライム（内国株式）,小売業,9751,10010,9750,9896,-33,-0.33236,397600,OK
2026-03-02,75505,ゼンショーホールディングス（優先株式）,プライム（内国株式）,小売業,5060,5062,5060,5062,7,0.138477,600,OK
2026-03-02,7551,ウェッズ,スタンダード（内国株式）,輸送用機器,702,702,691,702,0,0,5300,OK
2026-03-02,7552,ハピネット,プライム（内国株式）,卸売業,3115,3180,3090,3140,-45,-1.412873,266600,OK
2026-03-02,7554,幸楽苑,プライム（内国株式）,小売業,1211,1219,1196,1207,-6,-0.494641,170000,OK
2026-03-02,7555,大田花き,スタンダード（内国株式）,卸売業,749,753,749,753,3,0.4,1500,OK
2026-03-02,7561,ハークスレイ,スタンダード（内国株式）,小売業,772,775,756,756,-21,-2.702703,52300,OK
2026-03-02,7562,安楽亭,スタンダード（内国株式）,小売業,3840,3865,3830,3865,-5,-0.129199,6600,OK
2026-03-02,7564,ワークマン,スタンダード（内国株式）,小売業,7590,7600,7340,7500,-280,-3.598972,437800,OK
2026-03-02,7565,萬世電機,スタンダード（内国株式）,卸売業,6020,6020,5920,6010,-40,-0.661157,500,OK
2026-03-02,7567,栄電子,スタンダード（内国株式）,卸売業,518,518,515,516,-3,-0.578035,6900,OK
2026-03-02,7570,橋本総業ホールディングス,スタンダード（内国株式）,卸売業,1473,1549,1464,1514,71,4.920305,108000,OK
2026-03-02,7571,ヤマノホールディングス,スタンダード（内国株式）,小売業,115,115,113,114,-3,-2.564103,383500,OK
2026-03-02,7575,日本ライフライン,プライム（内国株式）,卸売業,1575,1594,1570,1587,-9,-0.56391,235500,OK
2026-03-02,7578,ニチリョク,スタンダード（内国株式）,小売業,119,120,117,119,0,0,108100,OK
2026-03-02,7581,サイゼリヤ,プライム（内国株式）,小売業,6890,7020,6840,6930,-80,-1.141227,178600,OK
2026-03-02,7585,かんなん丸,スタンダード（内国株式）,小売業,408,410,408,408,0,0,6900,OK
2026-03-02,7590,タカショー,スタンダード（内国株式）,卸売業,405,407,402,402,-5,-1.228501,32600,OK
2026-03-02,7593,ＶＴホールディングス,プライム（内国株式）,小売業,565,570,559,568,-6,-1.045296,334900,OK
2026-03-02,7595,アルゴグラフィックス,プライム（内国株式）,情報･通信業,1590,1607,1572,1600,-6,-0.373599,303000,OK
2026-03-02,7596,魚力,プライム（内国株式）,小売業,2338,2346,2329,2333,-5,-0.213858,8100,OK
2026-03-02,7599,ＩＤＯＭ,プライム（内国株式）,卸売業,1496,1507,1478,1492,-40,-2.610966,660000,OK
2026-03-02,7600,日本エム・ディ・エム,プライム（内国株式）,精密機器,633,696,626,688,45,6.998445,702800,OK
2026-03-02,7601,ポプラ,スタンダード（内国株式）,小売業,178,178,176,176,-2,-1.123596,42500,OK
2026-03-02,7602,レダックス,スタンダード（内国株式）,卸売業,232,234,224,226,-13,-5.439331,108500,OK
2026-03-02,7603,ジーイエット,スタンダード（内国株式）,小売業,148,150,144,145,-3,-2.027027,255300,OK
2026-03-02,7604,梅の花グループ,スタンダード（内国株式）,小売業,860,863,856,862,-1,-0.115875,10400,OK
2026-03-02,7606,ユナイテッドアローズ,プライム（内国株式）,小売業,2638,2755,2605,2671,-6,-0.224131,321400,OK
2026-03-02,7607,進和,プライム（内国株式）,卸売業,3285,3295,3245,3270,-105,-3.111111,29700,OK
2026-03-02,7608,エスケイジャパン,スタンダード（内国株式）,卸売業,900,918,884,917,-11,-1.185345,207200,OK
2026-03-02,7609,ダイトロン,プライム（内国株式）,卸売業,2901,3015,2884,2999,-16,-0.53068,89700,OK
2026-03-02,7610,テイツー,スタンダード（内国株式）,小売業,154,157,152,154,-3,-1.910828,1087500,OK
2026-03-02,7611,ハイデイ日高,プライム（内国株式）,小売業,3110,3135,3060,3080,-65,-2.066773,193900,OK
2026-03-02,7613,シークス,プライム（内国株式）,卸売業,1385,1399,1359,1391,-34,-2.385965,171000,OK
2026-03-02,7614,オーエムツーネットワーク,スタンダード（内国株式）,小売業,1625,1628,1613,1625,-2,-0.122926,5100,OK
2026-03-02,7615,京都きもの友禅ホールディングス,スタンダード（内国株式）,小売業,153,157,150,152,-5,-3.184713,538900,OK
2026-03-02,7616,コロワイド,プライム（内国株式）,小売業,1850.5,1873,1840.5,1869,-6,-0.32,462900,OK
2026-03-02,7619,田中商事,スタンダード（内国株式）,卸売業,924,939,920,939,12,1.294498,39100,OK
2026-03-02,7621,うかい,スタンダード（内国株式）,小売業,3390,3390,3330,3360,-25,-0.738552,4500,OK
2026-03-02,7624,ＮａＩＴＯ,スタンダード（内国株式）,卸売業,142,142,139,140,-4,-2.777778,62200,OK
2026-03-02,7625,グローバルダイニング,スタンダード（内国株式）,小売業,471,484,471,473,-6,-1.25261,14000,OK
2026-03-02,7628,オーハシテクニカ,プライム（内国株式）,卸売業,1274,1274,1231,1254,-1,-0.079681,73600,OK
2026-03-02,7630,壱番屋,プライム（内国株式）,小売業,905,907,897,897,-10,-1.102536,618200,OK
2026-03-02,7634,星医療酸器,スタンダード（内国株式）,卸売業,5180,5200,5170,5200,10,0.192678,1400,OK
2026-03-02,7635,杉田エース,スタンダード（内国株式）,卸売業,1697,1697,1697,1697,0,0,1000,OK
2026-03-02,7636,ハンズマン,スタンダード（内国株式）,小売業,811,811,809,810,-2,-0.246305,3300,OK
2026-03-02,7637,白銅,プライム（内国株式）,卸売業,2683,2717,2649,2701,17,0.633383,28200,OK
2026-03-02,7638,ＮＥＷ　ＡＲＴ　ＨＯＬＤＩＮＧＳ,スタンダード（内国株式）,小売業,1626,1644,1621,1634,-28,-1.684717,35300,OK
2026-03-02,7640,トップカルチャー,スタンダード（内国株式）,小売業,203,205,203,203,-2,-0.97561,12800,OK
2026-03-02,7643,ダイイチ,スタンダード（内国株式）,小売業,1785,1795,1756,1776,-16,-0.892857,5500,OK
2026-03-02,7646,ＰＬＡＮＴ,スタンダード（内国株式）,小売業,2001,2010,1998,2001,-9,-0.447761,16300,OK
2026-03-02,7649,スギホールディングス,プライム（内国株式）,小売業,3546,3619,3523,3566,-24,-0.668524,837800,OK
2026-03-02,7670,オーウエル,スタンダード（内国株式）,卸売業,1228,1228,1161,1200,-40,-3.225806,23600,OK
2026-03-02,7673,ダイコー通産,スタンダード（内国株式）,卸売業,1782,1833,1773,1830,48,2.693603,6900,OK
2026-03-02,7674,ＮＡＴＴＹ　ＳＷＡＮＫＹホールディングス,グロース（内国株式）,小売業,2608,2617,2603,2608,-2,-0.076628,3800,OK
2026-03-02,7677,ヤシマキザイ,スタンダード（内国株式）,卸売業,2677,2682,2673,2682,-18,-0.666667,300,OK
2026-03-02,7678,あさくま,スタンダード（内国株式）,小売業,4740,4755,4670,4705,-35,-0.738397,6500,OK
2026-03-02,7679,薬王堂ホールディングス,プライム（内国株式）,小売業,2055,2091,2045,2077,-8,-0.383693,31100,OK
2026-03-02,7680,軽自動車館,TOKYO PRO MARKET（内国株式）,小売業,,,,,,,,NO_QUOTE
2026-03-02,7681,レオクラン,スタンダード（内国株式）,卸売業,920,929,920,923,0,0,900,OK
2026-03-02,7682,浜木綿,スタンダード（内国株式）,小売業,4085,4100,4070,4100,15,0.367197,1100,OK
2026-03-02,7683,ダブルエー,プライム（内国株式）,小売業,1365,1384,1355,1372,2,0.145985,49700,OK
2026-03-02,7685,ＢｕｙＳｅｌｌ　Ｔｅｃｈｎｏｌｏｇｉｅｓ,グロース（内国株式）,卸売業,6000,6110,5880,6030,130,2.20339,112800,OK
2026-03-02,7686,ひとまいる,スタンダード（内国株式）,小売業,427,450,420,433,6,1.405152,156400,OK
2026-03-02,7687,ミクリード,グロース（内国株式）,卸売業,470,470,466,469,-1,-0.212766,9800,OK
2026-03-02,7689,コパ・コーポレーション,グロース（内国株式）,卸売業,474,474,461,465,-9,-1.898734,1100,OK
2026-03-02,7690,カレント自動車,TOKYO PRO MARKET（内国株式）,卸売業,,,,,,,,NO_QUOTE
2026-03-02,7691,Ｃ　Ｃｈａｎｎｅｌ,TOKYO PRO MARKET（内国株式）,小売業,,,,,,,,NO_QUOTE
2026-03-02,7692,アースインフィニティ,スタンダード（内国株式）,電気･ガス業,105,105,103,105,0,0,581700,OK
2026-03-02,7693,北海道歯科産業,TOKYO PRO MARKET（内国株式）,卸売業,,,,,,,,NO_QUOTE
2026-03-02,7694,いつも,グロース（内国株式）,小売業,636,640,619,624,-22,-3.405573,25200,OK
2026-03-02,7695,交換できるくん,グロース（内国株式）,小売業,820,822,819,822,3,0.3663,2800,OK
2026-03-02,7698,アイスコ,スタンダード（内国株式）,卸売業,2508,2529,2502,2502,-6,-0.239234,14600,OK
2026-03-02,7701,島津製作所,プライム（内国株式）,精密機器,4289,4311,4199,4206,-153,-3.509979,1230500,OK
2026-03-02,7702,ＪＭＳ,スタンダード（内国株式）,精密機器,444,444,441,441,-5,-1.121076,37800,OK
2026-03-02,7707,プレシジョン・システム・サイエンス,グロース（内国株式）,精密機器,247,247,235,241,-11,-4.365079,367600,OK
2026-03-02,7709,クボテック,スタンダード（内国株式）,精密機器,173,176,173,173,-3,-1.704545,21800,OK
2026-03-02,7711,助川電気工業,スタンダード（内国株式）,精密機器,7200,7470,7140,7310,-80,-1.082544,127000,OK
2026-03-02,7713,シグマ光機,スタンダード（内国株式）,精密機器,2076,2076,2003,2023,-53,-2.552987,50900,OK
2026-03-02,7715,長野計器,プライム（内国株式）,精密機器,3035,3125,2986,3100,-15,-0.481541,81200,OK
2026-03-02,7716,ナカニシ,スタンダード（内国株式）,精密機器,2690,2710,2683,2700,-22,-0.808229,208400,OK
2026-03-02,7717,ブイ・テクノロジー,プライム（内国株式）,精密機器,4500,4785,4490,4670,10,0.214592,262800,OK
2026-03-02,7718,スター精密,プライム（内国株式）,機械,2197,2198,2197,2197,0,0,74900,OK
2026-03-02,7719,東京衡機,スタンダード（内国株式）,精密機器,605,735,572,735,100,15.748031,2857100,OK
2026-03-02,7721,東京計器,プライム（内国株式）,精密機器,9020,9540,8920,9210,440,5.017104,624200,OK
2026-03-02,7722,国際計測器,スタンダード（内国株式）,精密機器,967,990,953,985,9,0.922131,97800,OK
2026-03-02,7723,愛知時計電機,プライム（内国株式）,精密機器,3270,3290,3210,3250,-90,-2.694611,30700,OK
2026-03-02,7725,インターアクション,プライム（内国株式）,精密機器,1442,1503,1442,1466,-11,-0.744753,59900,OK
2026-03-02,7726,黒田精工,スタンダード（内国株式）,機械,1011,1011,983,987,-39,-3.80117,47500,OK
2026-03-02,7727,オーバル,スタンダード（内国株式）,精密機器,890,908,879,899,-16,-1.748634,302800,OK
2026-03-02,7729,東京精密,プライム（内国株式）,精密機器,16780,17625,16670,17260,-40,-0.231214,387700,OK
2026-03-02,7730,マニー,プライム（内国株式）,精密機器,1610,1650,1608,1631,-45,-2.684964,293200,OK
2026-03-02,7731,ニコン,プライム（内国株式）,精密機器,2023,2025,1971,1981,-16,-0.801202,918300,OK
2026-03-02,7733,オリンパス,プライム（内国株式）,精密機器,1526,1528,1459,1459,-69,-4.515707,6451400,OK
2026-03-02,7734,理研計器,プライム（内国株式）,精密機器,3495,3630,3480,3630,5,0.137931,102800,OK
2026-03-02,7735,ＳＣＲＥＥＮホールディングス,プライム（内国株式）,電気機器,22340,22655,22120,22240,-685,-2.988004,1500300,OK
2026-03-02,7739,キヤノン電子,プライム（内国株式）,電気機器,3625,3630,3625,3630,5,0.137931,19800,OK
2026-03-02,7740,タムロン,プライム（内国株式）,精密機器,1023,1059,1022,1047,-6,-0.569801,613300,OK
2026-03-02,7741,ＨＯＹＡ,プライム（内国株式）,精密機器,27485,28460,27360,28125,-140,-0.495312,1211200,OK
2026-03-02,7743,シード,プライム（内国株式）,精密機器,548,560,543,546,-21,-3.703704,112000,OK
2026-03-02,7744,ノーリツ鋼機,プライム（内国株式）,精密機器,2256,2258,2171,2216,-54,-2.378855,813900,OK
2026-03-02,7745,Ａ＆Ｄホロンホールディングス,プライム（内国株式）,精密機器,2730,2824,2720,2817,-13,-0.459364,151500,OK
2026-03-02,7746,岡本硝子,スタンダード（内国株式）,精密機器,1052,1109,1037,1088,-5,-0.457457,1453700,OK
2026-03-02,7747,朝日インテック,プライム（内国株式）,精密機器,3296,3362,3283,3343,-23,-0.683304,1296000,OK
2026-03-02,7749,メディキット,スタンダード（内国株式）,精密機器,3000,3000,2987,3000,-5,-0.166389,2700,OK
2026-03-02,7751,キヤノン,プライム（内国株式）,電気機器,4732,4739,4665,4736,-26,-0.545989,3542000,OK
2026-03-02,7752,リコー,プライム（内国株式）,電気機器,1450,1461,1430.5,1454.5,-15.5,-1.054422,1835500,OK
2026-03-02,7760,ＩＭＶ,スタンダード（内国株式）,精密機器,3980,4160,3930,4055,-35,-0.855746,155900,OK
2026-03-02,7762,シチズン時計,プライム（内国株式）,精密機器,1873,1888,1829,1887,-26,-1.359122,2006700,OK
2026-03-02,7769,リズム,プライム（内国株式）,精密機器,4300,4305,4195,4230,-135,-3.092784,129800,OK
2026-03-02,7771,日本精密,スタンダード（内国株式）,精密機器,425,426,402,420,-10,-2.325581,1272900,OK
2026-03-02,7774,ジャパン・ティッシュエンジニアリング,グロース（内国株式）,精密機器,785,795,755,768,-28,-3.517588,402900,OK
2026-03-02,7775,大研医器,スタンダード（内国株式）,精密機器,478,482,478,480,3,0.628931,56500,OK
2026-03-02,7776,セルシード,グロース（内国株式）,精密機器,354,363,344,347,-23,-6.216216,1139600,OK
2026-03-02,7777,スリー・ディー・マトリックス,グロース（内国株式）,精密機器,637,648,621,635,-30,-4.511278,6948700,OK
2026-03-02,7779,ＣＹＢＥＲＤＹＮＥ,グロース（内国株式）,精密機器,356,368,351,362,-15,-3.97878,3982300,OK
2026-03-02,7780,メニコン,プライム（内国株式）,精密機器,1865,1890,1838,1875,-25,-1.315789,281600,OK
2026-03-02,7781,平山ホールディングス,スタンダード（内国株式）,精密機器,1536,1634,1536,1634,97,6.310995,26700,OK
2026-03-02,7782,シンシア,スタンダード（内国株式）,精密機器,476,480,475,476,0,0,4000,OK
2026-03-02,7791,ドリームベッド,スタンダード（内国株式）,その他製品,859,859,853,853,-6,-0.698487,2300,OK
2026-03-02,7792,コラントッテ,グロース（内国株式）,その他製品,1500,1530,1482,1490,-19,-1.259112,17200,OK
2026-03-02,7793,イメージ・マジック,グロース（内国株式）,その他製品,1829,1845,1821,1821,-19,-1.032609,3200,OK
2026-03-02,7794,イーディーピー,グロース（内国株式）,その他製品,1341,1538,1325,1416,-15,-1.048218,3628200,OK
2026-03-02,7795,ＫＹＯＲＩＴＳＵ,スタンダード（内国株式）,その他製品,247,265,243,251,3,1.209677,615700,OK
2026-03-02,7800,アミファ,スタンダード（内国株式）,その他製品,1291,1462,1260,1431,200,16.246954,261400,OK
2026-03-02,7803,ブシロード,グロース（内国株式）,その他製品,280,283,273,283,-2,-0.701754,681500,OK
2026-03-02,7804,ビーアンドピー,スタンダード（内国株式）,その他製品,2654,2664,2623,2655,0,0,4300,OK
2026-03-02,7805,プリントネット,スタンダード（内国株式）,その他製品,718,720,716,718,-1,-0.139082,5200,OK
2026-03-02,7806,ＭＴＧ,グロース（内国株式）,その他製品,5750,5790,5570,5670,-80,-1.391304,147900,OK
2026-03-02,7807,幸和製作所,スタンダード（内国株式）,その他製品,855,855,835,836,-19,-2.222222,20200,OK
2026-03-02,7808,シー・エス・ランバー,スタンダード（内国株式）,その他製品,3165,3180,3165,3180,15,0.473934,800,OK
2026-03-02,7809,壽屋,スタンダード（内国株式）,その他製品,1420,1422,1406,1415,-9,-0.632022,11900,OK
2026-03-02,7810,クロスフォー,スタンダード（内国株式）,その他製品,218,226,214,216,-10,-4.424779,324400,OK
2026-03-02,7811,中本パックス,スタンダード（内国株式）,その他製品,1976,2000,1961,1997,-3,-0.15,27600,OK
2026-03-02,7812,クレステック,スタンダード（内国株式）,その他製品,1956,1956,1937,1937,-19,-0.97137,4200,OK
2026-03-02,7813,プラッツ,スタンダード（内国株式）,その他製品,800,825,794,794,-6,-0.75,4400,OK
2026-03-02,7814,日本創発グループ,スタンダード（内国株式）,その他製品,611,625,601,611,-8,-1.292407,273700,OK
2026-03-02,7815,東京ボード工業,スタンダード（内国株式）,その他製品,380,391,380,381,-4,-1.038961,4100,OK
2026-03-02,7818,トランザクション,プライム（内国株式）,その他製品,1328,1348,1310,1329,-29,-2.135493,211300,OK
2026-03-02,7819,粧美堂,スタンダード（内国株式）,その他製品,1222,1320,1200,1304,52,4.153355,41400,OK
2026-03-02,7820,ニホンフラッシュ,プライム（内国株式）,その他製品,855,855,842,845,-15,-1.744186,70600,OK
2026-03-02,7821,前田工繊,プライム（内国株式）,その他製品,2119,2180,2119,2179,33,1.537745,173900,OK
2026-03-02,7822,永大産業,スタンダード（内国株式）,その他製品,259,272,253,260,1,0.3861,661500,OK
2026-03-02,7823,アートネイチャー,スタンダード（内国株式）,その他製品,815,817,811,811,-10,-1.218027,35200,OK
2026-03-02,7826,フルヤ金属,プライム（内国株式）,その他製品,7370,7790,7330,7730,60,0.782269,505200,OK
2026-03-02,7827,オービス,スタンダード（内国株式）,その他製品,1764,1818,1750,1815,45,2.542373,8000,OK
2026-03-02,7831,ウイルコホールディングス,スタンダード（内国株式）,その他製品,92,93,92,93,1,1.086957,61300,OK
2026-03-02,7832,バンダイナムコホールディングス,プライム（内国株式）,その他製品,4200,4233,4167,4202,-42,-0.989632,1914100,OK
2026-03-02,7833,アイフィスジャパン,スタンダード（内国株式）,その他製品,700,703,696,702,4,0.573066,14800,OK
2026-03-02,7836,アビックス,スタンダード（内国株式）,その他製品,88,89,86,86,-4,-4.444444,106200,OK
2026-03-02,7837,アールシーコア,スタンダード（内国株式）,その他製品,345,345,340,340,-4,-1.162791,9100,OK
2026-03-02,7839,ＳＨＯＥＩ,プライム（内国株式）,その他製品,1781,1800,1760,1775,-25,-1.388889,325500,OK
2026-03-02,7840,フランスベッドホールディングス,プライム（内国株式）,その他製品,1359,1376,1351,1361,-7,-0.511696,81500,OK
2026-03-02,7841,遠藤製作所,スタンダード（内国株式）,その他製品,1260,1260,1243,1258,-6,-0.474684,10200,OK
2026-03-02,7844,マーベラス,プライム（内国株式）,情報･通信業,500,503,497,497,-13,-2.54902,120100,OK
2026-03-02,7846,パイロットコーポレーション,プライム（内国株式）,その他製品,4851,4857,4770,4775,-105,-2.151639,165800,OK
2026-03-02,7847,グラファイトデザイン,スタンダード（内国株式）,その他製品,658,659,651,652,-1,-0.153139,3900,OK
2026-03-02,7849,スターツ出版,スタンダード（内国株式）,情報･通信業,3995,3995,3965,3970,-25,-0.625782,1500,OK
2026-03-02,7850,総合商研,スタンダード（内国株式）,その他製品,884,884,884,884,-2,-0.225734,500,OK
2026-03-02,7851,カワセコンピュータサプライ,スタンダード（内国株式）,その他製品,243,243,238,241,-4,-1.632653,13500,OK
2026-03-02,7856,萩原工業,プライム（内国株式）,その他製品,1841,1842,1815,1833,-22,-1.185984,97100,OK
2026-03-02,7857,セキ,スタンダード（内国株式）,その他製品,1350,1350,1322,1350,-10,-0.735294,900,OK
2026-03-02,7859,アルメディオ,スタンダード（内国株式）,その他製品,218,296,217,268,50,22.93578,13142000,OK
2026-03-02,7860,エイベックス,プライム（内国株式）,情報･通信業,1210,1227,1204,1223,12,0.990917,255000,OK
2026-03-02,7863,平賀,スタンダード（内国株式）,その他製品,1008,1010,1000,1006,-2,-0.198413,2900,OK
2026-03-02,7864,フジシールインターナショナル,プライム（内国株式）,その他製品,2859,2911,2837,2911,31,1.076389,315900,OK
2026-03-02,7865,ピープル,スタンダード（内国株式）,その他製品,428,438,422,438,13,3.058824,30800,OK
2026-03-02,7867,タカラトミー,プライム（内国株式）,その他製品,2875,2907.5,2853,2890.5,16.5,0.574113,731000,OK
2026-03-02,7868,広済堂ホールディングス,プライム（内国株式）,その他製品,488,493,484,486,-7,-1.419878,855300,OK
2026-03-02,7871,フクビ化学工業,スタンダード（内国株式）,化学,939,953,939,947,-7,-0.733753,2100,OK
2026-03-02,7872,エステールホールディングス,スタンダード（内国株式）,その他製品,626,634,626,634,7,1.116427,8700,OK
2026-03-02,7874,レック,プライム（内国株式）,化学,1200,1226,1199,1215,3,0.247525,77400,OK
2026-03-02,7875,竹田ｉＰホールディングス,スタンダード（内国株式）,その他製品,1300,1318,1295,1309,-21,-1.578947,13500,OK
2026-03-02,7877,永大化工,スタンダード（内国株式）,化学,2250,2250,2201,2230,-59,-2.577545,2500,OK
2026-03-02,7878,光・彩,スタンダード（内国株式）,その他製品,1372,1407,1346,1406,4,0.285307,2000,OK
2026-03-02,7879,ノダ,スタンダード（内国株式）,その他製品,707,707,690,693,-10,-1.422475,28300,OK
2026-03-02,7883,サンメッセ,スタンダード（内国株式）,その他製品,372,373,371,372,-1,-0.268097,20700,OK
2026-03-02,7885,タカノ,スタンダード（内国株式）,その他製品,1440,1747,1341,1410,-37,-2.557015,1089500,OK
2026-03-02,7886,ヤマト　モビリティ　＆　Ｍｆｇ．,スタンダード（内国株式）,化学,792,855,792,842,51,6.447535,5300,OK
2026-03-02,7887,南海プライウッド,スタンダード（内国株式）,その他製品,11870,11870,11600,11670,-400,-3.314002,3000,OK
2026-03-02,7888,三光合成,プライム（内国株式）,化学,1044,1077,1040,1070,-4,-0.372439,119500,OK
2026-03-02,7893,プロネクサス,プライム（内国株式）,その他製品,1182,1188,1173,1180,-2,-0.169205,63300,OK
2026-03-02,7896,セブン工業,スタンダード（内国株式）,その他製品,555,557,550,555,6,1.092896,2200,OK
2026-03-02,7897,ホクシン,スタンダード（内国株式）,その他製品,115,115,113,113,-3,-2.586207,268900,OK
2026-03-02,7898,ウッドワン,スタンダード（内国株式）,その他製品,1082,1109,1070,1104,24,2.222222,18300,OK
2026-03-02,7901,マツモト,スタンダード（内国株式）,その他製品,1360,1431,1250,1332,27,2.068966,300400,OK
2026-03-02,7902,ソノコム,スタンダード（内国株式）,その他製品,1168,1168,1126,1151,6,0.524017,2200,OK
2026-03-02,7906,ヨネックス,スタンダード（内国株式）,その他製品,3645,3660,3575,3610,-105,-2.82638,260200,OK
2026-03-02,7908,きもと,スタンダード（内国株式）,化学,295,296,288,291,-9,-3,282400,OK
2026-03-02,7911,ＴＯＰＰＡＮホールディングス,プライム（内国株式）,その他製品,5565,5870,5342,5823,458,8.536813,4946700,OK
2026-03-02,7912,大日本印刷,プライム（内国株式）,その他製品,3220,3297,3201,3297,47,1.446154,1416500,OK
2026-03-02,7914,共同印刷,プライム（内国株式）,その他製品,1720,1747,1719,1743,-15,-0.853242,147200,OK
2026-03-02,7915,ＮＩＳＳＨＡ,プライム（内国株式）,その他製品,1336,1360,1326,1354,-8,-0.587372,309900,OK
2026-03-02,7916,光村印刷,スタンダード（内国株式）,その他製品,1848,1900,1848,1888,6,0.31881,1400,OK
2026-03-02,7917,ＺＡＣＲＯＳ,プライム（内国株式）,化学,1534,1534,1490,1518,-24,-1.55642,308200,OK
2026-03-02,7918,ヴィア・ホールディングス,スタンダード（内国株式）,小売業,115,131,115,116,6,5.454545,3594900,OK
2026-03-02,7919,野崎印刷紙業,スタンダード（内国株式）,その他製品,209,213,209,213,1,0.471698,16400,OK
2026-03-02,7921,ＴＡＫＡＲＡ　＆　ＣＯＭＰＡＮＹ,プライム（内国株式）,その他製品,4280,4300,4150,4165,-155,-3.587963,34600,OK
2026-03-02,7922,三光産業,スタンダード（内国株式）,その他製品,749,750,745,745,-2,-0.267738,73200,OK
2026-03-02,7923,トーイン,スタンダード（内国株式）,その他製品,1176,1177,1176,1177,1,0.085034,3800,OK
2026-03-02,7925,前澤化成工業,プライム（内国株式）,化学,2403,2448,2403,2430,-13,-0.532133,46200,OK
2026-03-02,7927,ムトー精工,スタンダード（内国株式）,化学,2430,2468,2403,2436,-44,-1.774194,57600,OK
2026-03-02,7928,旭化学工業,スタンダード（内国株式）,化学,616,616,610,610,-8,-1.294498,4800,OK
2026-03-02,7931,未来工業,プライム（内国株式）,化学,3445,3445,3370,3400,-80,-2.298851,40800,OK
2026-03-02,7932,ニッピ,スタンダード（内国株式）,その他製品,14600,14600,14250,14400,-240,-1.639344,9300,OK
2026-03-02,7936,アシックス,プライム（内国株式）,その他製品,4954,4958,4828,4843,49,1.022111,4712600,OK
2026-03-02,7937,ツツミ,スタンダード（内国株式）,その他製品,3380,3455,3300,3405,10,0.294551,17200,OK
2026-03-02,7938,リーガルコーポレーション,スタンダード（内国株式）,その他製品,2442,2443,2422,2422,-20,-0.819001,4900,OK
2026-03-02,7939,研創,スタンダード（内国株式）,その他製品,630,632,623,623,-7,-1.111111,6900,OK
2026-03-02,7940,ウェーブロックホールディングス,スタンダード（内国株式）,化学,1256,1280,1256,1265,-11,-0.862069,16900,OK
2026-03-02,7942,ＪＳＰ,プライム（内国株式）,化学,2881,2881,2724,2763,-153,-5.246914,815900,OK
2026-03-02,7943,ニチハ,プライム（内国株式）,ガラス･土石製品,3670,3715,3615,3660,-55,-1.480485,69000,OK
2026-03-02,7944,ローランド,プライム（内国株式）,その他製品,3990,4045,3900,4045,20,0.496894,103400,OK
2026-03-02,7946,光陽社,スタンダード（内国株式）,その他製品,3700,3880,3425,3730,-5,-0.133869,7300,OK
2026-03-02,7947,エフピコ,プライム（内国株式）,化学,2773,2792,2745,2785,-38,-1.346086,369400,OK
2026-03-02,7949,小松ウオール工業,プライム（内国株式）,その他製品,3000,3030,2961,2992,-68,-2.222222,63900,OK
2026-03-02,7951,ヤマハ,プライム（内国株式）,その他製品,1185,1200.5,1180,1194,-17,-1.403799,2351200,OK
2026-03-02,7952,河合楽器製作所,プライム（内国株式）,その他製品,2950,2994,2906,2967,-7,-0.235373,26400,OK
2026-03-02,7953,菊水化学工業,スタンダード（内国株式）,その他製品,410,410,400,406,-7,-1.694915,26800,OK
2026-03-02,7955,クリナップ,プライム（内国株式）,その他製品,1045,1083,1042,1072,2,0.186916,120500,OK
2026-03-02,7956,ピジョン,プライム（内国株式）,その他製品,1706,1724.5,1699,1701.5,-23,-1.33372,788700,OK
2026-03-02,7957,フジコピアン,スタンダード（内国株式）,その他製品,1500,1506,1458,1481,-8,-0.537273,3900,OK
2026-03-02,7962,キングジム,プライム（内国株式）,その他製品,822,825,815,825,0,0,47600,OK
2026-03-02,7963,興研,スタンダード（内国株式）,その他製品,2116,2144,2031,2120,1,0.047192,23500,OK
2026-03-02,7965,象印マホービン,プライム（内国株式）,電気機器,1638,1638,1600,1616,-24,-1.463415,221200,OK
2026-03-02,7966,リンテック,プライム（内国株式）,その他製品,5280,5460,5270,5440,-20,-0.3663,131800,OK
2026-03-02,7970,信越ポリマー,プライム（内国株式）,化学,2165,2224,2159,2222,-13,-0.581655,169500,OK
2026-03-02,7971,東リ,スタンダード（内国株式）,化学,773,784,763,784,-4,-0.507614,219000,OK
2026-03-02,7972,イトーキ,プライム（内国株式）,その他製品,3610,3695,3530,3680,70,1.939058,261600,OK
2026-03-02,7974,任天堂,プライム（内国株式）,その他製品,8725,8797,8572,8742,-253,-2.812674,11648300,OK
2026-03-02,7975,リヒトラブ,スタンダード（内国株式）,その他製品,1232,1234,1221,1234,-7,-0.564061,4800,OK
2026-03-02,7976,三菱鉛筆,プライム（内国株式）,その他製品,2402,2404,2353,2375,-77,-3.140294,115600,OK
2026-03-02,7979,松風,プライム（内国株式）,精密機器,1850,1879,1838,1876,-1,-0.053277,154300,OK
2026-03-02,7980,重松製作所,スタンダード（内国株式）,その他製品,942,1047,935,1047,150,16.722408,551200,OK
2026-03-02,7981,タカラスタンダード,プライム（内国株式）,その他製品,3005,3020,2961,2999,-41,-1.348684,94900,OK
2026-03-02,7983,ミロク,スタンダード（内国株式）,その他製品,1162,1162,1156,1156,-11,-0.942588,1900,OK
2026-03-02,7984,コクヨ,プライム（内国株式）,その他製品,904,923.2,903,916.8,-4,-0.434405,798100,OK
2026-03-02,7985,ネポン,スタンダード（内国株式）,金属製品,1655,1700,1655,1700,45,2.719033,4700,OK
2026-03-02,7986,日本アイ・エス・ケイ,スタンダード（内国株式）,その他製品,1982,2061,1956,1970,-14,-0.705645,6600,OK
2026-03-02,7987,ナカバヤシ,スタンダード（内国株式）,その他製品,628,637,624,632,-11,-1.710731,79800,OK
2026-03-02,7988,ニフコ,プライム（内国株式）,化学,5245,5355,5232,5315,-229,-4.130592,303200,OK
2026-03-02,7989,立川ブラインド工業,プライム（内国株式）,金属製品,2596,2654,2556,2626,1,0.038095,64400,OK
2026-03-02,7990,グローブライド,プライム（内国株式）,その他製品,2317,2343,2290,2320,-47,-1.985636,92200,OK
2026-03-02,7991,マミヤ・オーピー,スタンダード（内国株式）,機械,1496,1497,1470,1481,-23,-1.529255,37500,OK
2026-03-02,7992,セーラー万年筆,スタンダード（内国株式）,その他製品,118,118,114,115,0,0,81800,OK
2026-03-02,7994,オカムラ,プライム（内国株式）,その他製品,2715,2761,2705,2761,27,0.987564,321900,OK
2026-03-02,7995,バルカー,プライム（内国株式）,化学,5270,5380,5180,5350,-20,-0.372439,85000,OK
2026-03-02,7997,くろがね工作所,スタンダード（内国株式）,その他製品,982,982,965,982,-1,-0.101729,3300,OK
2026-03-02,7999,ＭＵＴＯＨホールディングス,スタンダード（内国株式）,電気機器,7630,7640,7630,7630,-10,-0.13089,67200,OK
2026-03-02,8001,伊藤忠商事,プライム（内国株式）,卸売業,2192,2251.5,2181.5,2230.5,-39.5,-1.740088,15809200,OK
2026-03-02,8002,丸紅,プライム（内国株式）,卸売業,5792,5967,5755,5925,-83,-1.381491,5021700,OK
2026-03-02,8005,スクロール,プライム（内国株式）,小売業,1380,1393,1373,1393,7,0.505051,155800,OK
2026-03-02,8006,ユアサ・フナショク,スタンダード（内国株式）,卸売業,1759,1774,1720,1741,-40,-2.245929,4600,OK
2026-03-02,8007,高島,プライム（内国株式）,卸売業,928,928,911,918,-22,-2.340426,160000,OK
2026-03-02,8008,ヨンドシーホールディングス,プライム（内国株式）,小売業,1820,1835,1804,1823,-16,-0.870038,165900,OK
2026-03-02,8011,三陽商会,プライム（内国株式）,繊維製品,4265,4350,4260,4280,-55,-1.268743,70300,OK
2026-03-02,8012,長瀬産業,プライム（内国株式）,卸売業,4848,4944,4802,4937,-17,-0.343157,279000,OK
2026-03-02,8013,ナイガイ,スタンダード（内国株式）,繊維製品,296,298,296,296,-4,-1.333333,6900,OK
2026-03-02,8014,蝶理,プライム（内国株式）,卸売業,4550,4745,4535,4690,40,0.860215,37100,OK
2026-03-02,8015,豊田通商,プライム（内国株式）,卸売業,6745,6985,6691,6948,-40,-0.57241,3184500,OK
2026-03-02,8016,オンワードホールディングス,プライム（内国株式）,繊維製品,795,812,792,811,-6,-0.734394,895600,OK
2026-03-02,8018,三共生興,スタンダード（内国株式）,卸売業,901,907,896,896,-19,-2.076503,44100,OK
2026-03-02,8020,兼松,プライム（内国株式）,卸売業,2370,2434.5,2349.5,2430,-29.5,-1.199431,1149400,OK
2026-03-02,8022,美津濃,プライム（内国株式）,その他製品,3960,4035,3955,4015,-50,-1.230012,422900,OK
2026-03-02,8023,ＤＡＩＫＯ　ＸＴＥＣＨ,スタンダード（内国株式）,情報･通信業,1077,1078,1062,1078,-3,-0.277521,8900,OK
2026-03-02,8025,ツカモトコーポレーション,スタンダード（内国株式）,卸売業,1381,1396,1373,1374,-6,-0.434783,2100,OK
2026-03-02,8029,ルックホールディングス,スタンダード（内国株式）,繊維製品,2500,2529,2492,2498,-43,-1.692247,15500,OK
2026-03-02,8030,中央魚類,スタンダード（内国株式）,卸売業,4130,4175,4100,4165,-35,-0.833333,7600,OK
2026-03-02,8031,三井物産,プライム（内国株式）,卸売業,5746,6047,5727,6040,168,2.861035,11061200,OK
2026-03-02,8032,日本紙パルプ商事,プライム（内国株式）,卸売業,1132,1157,1124,1155,0,0,444800,OK
2026-03-02,8035,東京エレクトロン,プライム（内国株式）,電気機器,42690,43790,42650,43530,-480,-1.090661,2574400,OK
2026-03-02,8037,カメイ,プライム（内国株式）,卸売業,3365,3425,3355,3390,-5,-0.147275,63500,OK
2026-03-02,8039,築地魚市場,スタンダード（内国株式）,卸売業,4065,4180,4055,4165,110,2.7127,4300,OK
2026-03-02,8040,東京ソワール,スタンダード（内国株式）,繊維製品,1081,1088,1075,1081,2,0.185357,6700,OK
2026-03-02,8041,ＯＵＧホールディングス,スタンダード（内国株式）,卸売業,4570,4595,4420,4475,-125,-2.717391,15700,OK
2026-03-02,8043,スターゼン,プライム（内国株式）,卸売業,1358,1376,1353,1364,-11,-0.8,127600,OK
2026-03-02,8045,横浜丸魚,スタンダード（内国株式）,卸売業,1792,1792,1785,1786,-27,-1.489244,1700,OK
2026-03-02,8046,丸藤シートパイル,スタンダード（内国株式）,卸売業,5170,5260,5170,5260,10,0.190476,8000,OK
2026-03-02,8050,セイコーグループ,プライム（内国株式）,精密機器,13250,14320,13240,14060,810,6.113208,413800,OK
2026-03-02,8051,山善,プライム（内国株式）,卸売業,1526,1533,1506,1529,-7,-0.455729,169000,OK
2026-03-02,8052,椿本興業,プライム（内国株式）,卸売業,3060,3090,3040,3060,-70,-2.236422,71800,OK
2026-03-02,8053,住友商事,プライム（内国株式）,卸売業,6443,6610,6382,6607,-56,-0.840462,3614500,OK
2026-03-02,8056,ＢＩＰＲＯＧＹ,プライム（内国株式）,情報･通信業,4467,4557,4455,4503,-244,-5.140088,814900,OK
2026-03-02,8057,内田洋行,プライム（内国株式）,卸売業,2120,2147,2088,2119,-29,-1.350093,170800,OK
2026-03-02,8058,三菱商事,プライム（内国株式）,卸売業,5123,5372,5103,5324,34,0.642722,13336000,OK
2026-03-02,8059,第一実業,プライム（内国株式）,卸売業,3485,3585,3460,3550,-30,-0.837989,30100,OK
2026-03-02,8060,キヤノンマーケティングジャパン,プライム（内国株式）,卸売業,6854,6994,6813,6994,-10,-0.142776,338200,OK
2026-03-02,8061,西華産業,プライム（内国株式）,卸売業,2800,2905,2775,2850,-20,-0.696864,185400,OK
2026-03-02,8065,佐藤商事,プライム（内国株式）,卸売業,2478,2501,2430,2491,-19,-0.756972,29700,OK
2026-03-02,8066,三谷商事,スタンダード（内国株式）,卸売業,2772,2796,2745,2762,-88,-3.087719,10900,OK
2026-03-02,8070,東京産業,プライム（内国株式）,卸売業,1001,1002,985,987,-41,-3.988327,190600,OK
2026-03-02,8074,ユアサ商事,プライム（内国株式）,卸売業,6380,6570,6360,6550,70,1.080247,44800,OK
2026-03-02,8075,神鋼商事,プライム（内国株式）,卸売業,2720,2737,2673,2733,-36,-1.300108,73000,OK
2026-03-02,8076,カノークス,スタンダード（内国株式）,卸売業,2222,2222,2191,2213,-13,-0.584007,16100,OK
2026-03-02,8077,トルク,スタンダード（内国株式）,卸売業,228,233,225,231,9,4.054054,84500,OK
2026-03-02,8078,阪和興業,プライム（内国株式）,卸売業,8820,8990,8730,8940,-30,-0.334448,116300,OK
2026-03-02,8079,正栄食品工業,プライム（内国株式）,卸売業,4090,4150,4080,4135,15,0.364078,45400,OK
2026-03-02,8081,カナデン,プライム（内国株式）,卸売業,2312,2341,2281,2330,-32,-1.354784,45200,OK
2026-03-02,8084,ＲＹＯＤＥＮ,プライム（内国株式）,卸売業,3650,3705,3610,3675,-45,-1.209677,74700,OK
2026-03-02,8085,ナラサキ産業,スタンダード（内国株式）,卸売業,4650,4730,4600,4670,-50,-1.059322,8800,OK
2026-03-02,8086,ニプロ,プライム（内国株式）,精密機器,1578,1591.5,1568.5,1591.5,1,0.062873,742500,OK
2026-03-02,8088,岩谷産業,プライム（内国株式）,卸売業,1980,2021,1967,2020.5,-38.5,-1.86984,1045600,OK
2026-03-02,8089,ナイス,スタンダード（内国株式）,卸売業,2213,2231,2200,2231,-1,-0.044803,5500,OK
2026-03-02,8091,ニチモウ,プライム（内国株式）,卸売業,2700,2720,2665,2684,-46,-1.684982,22200,OK
2026-03-02,8093,極東貿易,プライム（内国株式）,卸売業,2173,2188,2130,2171,-51,-2.29523,96400,OK
2026-03-02,8095,アステナホールディングス,プライム（内国株式）,卸売業,501,505,498,501,-9,-1.764706,159100,OK
2026-03-02,8097,三愛オブリ,プライム（内国株式）,卸売業,2566,2595,2530,2578,11,0.428516,154000,OK
2026-03-02,8098,稲畑産業,プライム（内国株式）,卸売業,4320,4390,4280,4355,0,0,133400,OK
2026-03-02,8101,ＧＳＩクレオス,プライム（内国株式）,卸売業,2750,2757,2710,2734,-66,-2.357143,50200,OK
2026-03-02,8103,明和産業,プライム（内国株式）,卸売業,927,936,876,876,-75,-7.886435,3002200,OK
2026-03-02,8104,クワザワホールディングス,スタンダード（内国株式）,卸売業,621,625,619,623,0,0,18700,OK
2026-03-02,8105,Ｂｉｔｃｏｉｎ　Ｊａｐａｎ,スタンダード（内国株式）,卸売業,210,215,208,212,-8,-3.636364,1249600,OK
2026-03-02,8107,キムラタン,スタンダード（内国株式）,繊維製品,36,37,35,36,0,0,613600,OK
2026-03-02,8111,ゴールドウイン,プライム（内国株式）,繊維製品,2426,2436,2396.5,2423,-44,-1.783543,648500,OK
2026-03-02,8113,ユニ・チャーム,プライム（内国株式）,化学,1062.5,1066,1035,1035,-34.5,-3.225806,7822700,OK
2026-03-02,8115,ムーンバット,スタンダード（内国株式）,卸売業,1445,1459,1443,1444,1,0.0693,3800,OK
2026-03-02,8117,中央自動車工業,スタンダード（内国株式）,卸売業,2290,2290,2251,2271,1,0.044053,137000,OK
2026-03-02,8118,キング,スタンダード（内国株式）,繊維製品,1139,1141,1128,1141,5,0.440141,2800,OK
2026-03-02,8119,三栄コーポレーション,スタンダード（内国株式）,卸売業,883,890,873,881,-7,-0.788288,16500,OK
2026-03-02,8123,川辺,スタンダード（内国株式）,卸売業,1532,1532,1518,1519,-14,-0.913242,1300,OK
2026-03-02,8125,ワキタ,プライム（内国株式）,卸売業,2010,2035,1995,2021,-27,-1.318359,405300,OK
2026-03-02,8127,ヤマトインターナショナル,スタンダード（内国株式）,繊維製品,611,621,610,620,5,0.813008,25900,OK
2026-03-02,8129,東邦ホールディングス,プライム（内国株式）,卸売業,4825,4931,4783,4895,61,1.261895,226000,OK
2026-03-02,8130,サンゲツ,プライム（内国株式）,卸売業,3320,3370,3310,3355,0,0,133800,OK
2026-03-02,8131,ミツウロコグループホールディングス,スタンダード（内国株式）,卸売業,2345,2365,2280,2347,0,0,51200,OK
2026-03-02,8132,シナネンホールディングス,プライム（内国株式）,卸売業,7120,7120,6970,7070,-50,-0.702247,4600,OK
2026-03-02,8133,伊藤忠エネクス,プライム（内国株式）,卸売業,2100,2126,2078,2106,21,1.007194,221800,OK
2026-03-02,8135,ゼット,スタンダード（内国株式）,卸売業,595,600,580,583,-31,-5.04886,196800,OK
2026-03-02,8136,サンリオ,プライム（内国株式）,卸売業,5562,5609,5457,5531,-195,-3.405519,7821100,OK
2026-03-02,8137,サンワテクノス,プライム（内国株式）,卸売業,3410,3470,3385,3440,-40,-1.149425,75000,OK
2026-03-02,8138,三京化成,スタンダード（内国株式）,卸売業,4945,4945,4880,4880,-20,-0.408163,300,OK
2026-03-02,8139,ナガホリ,スタンダード（内国株式）,卸売業,1987,2020,1953,2019,19,0.95,16000,OK
2026-03-02,8141,新光商事,プライム（内国株式）,卸売業,1082,1088,1069,1080,-2,-0.184843,66600,OK
2026-03-02,8142,トーホー,プライム（内国株式）,卸売業,1333,1343,1313,1321,-34,-2.509225,224300,OK
2026-03-02,8143,ラピーヌ,スタンダード（内国株式）,繊維製品,216,219,213,213,-5,-2.293578,6000,OK
2026-03-02,8144,デンキョーグループホールディングス,スタンダード（内国株式）,卸売業,1409,1410,1378,1409,10,0.714796,4800,OK
2026-03-02,8147,トミタ,スタンダード（内国株式）,卸売業,1440,1450,1423,1423,-28,-1.929704,5500,OK
2026-03-02,8150,三信電気,プライム（内国株式）,卸売業,3170,3190,3130,3185,-55,-1.697531,92900,OK
2026-03-02,8151,東陽テクニカ,プライム（内国株式）,卸売業,1864,1881,1842,1867,-37,-1.943277,91500,OK
2026-03-02,8152,ソマール,スタンダード（内国株式）,卸売業,6800,6910,6790,6810,-30,-0.438596,5400,OK
2026-03-02,8153,モスフードサービス,プライム（内国株式）,卸売業,4270,4285,4240,4245,-30,-0.701754,87500,OK
2026-03-02,8154,加賀電子,プライム（内国株式）,卸売業,4300,4410,4255,4400,40,0.917431,151600,OK
2026-03-02,8157,都築電気,プライム（内国株式）,情報･通信業,4140,4185,4030,4135,-40,-0.958084,39400,OK
2026-03-02,8158,ソーダニッカ,プライム（内国株式）,卸売業,1223,1223,1190,1193,-33,-2.69168,110700,OK
2026-03-02,8159,立花エレテック,プライム（内国株式）,卸売業,3335,3360,3290,3325,-80,-2.349486,37300,OK
2026-03-02,8160,木曽路,プライム（内国株式）,小売業,2585,2592,2562,2571,-36,-1.380898,190200,OK
2026-03-02,8163,ＳＲＳホールディングス,プライム（内国株式）,小売業,1264,1276,1257,1271,1,0.07874,118400,OK
2026-03-02,8165,千趣会,スタンダード（内国株式）,小売業,140,140,136,136,-6,-4.225352,419600,OK
2026-03-02,8166,タカキュー,スタンダード（内国株式）,小売業,81,82,81,81,-1,-1.219512,135900,OK
2026-03-02,8167,リテールパートナーズ,プライム（内国株式）,小売業,1349,1375,1343,1363,-12,-0.872727,160200,OK
2026-03-02,8173,上新電機,プライム（内国株式）,小売業,2840,2897,2830,2888,46,1.618578,130000,OK
2026-03-02,8174,日本瓦斯,プライム（内国株式）,小売業,3094,3167,3075,3153,29,0.928297,383700,OK
2026-03-02,8179,ロイヤルホールディングス,プライム（内国株式）,小売業,1511,1551,1504,1527,-5,-0.326371,351700,OK
2026-03-02,8181,東天紅,スタンダード（内国株式）,小売業,1102,1102,1065,1083,-5,-0.459559,4100,OK
2026-03-02,8185,チヨダ,プライム（内国株式）,小売業,1095,1101,1086,1088,-22,-1.981982,268600,OK
2026-03-02,8194,ライフコーポレーション,プライム（内国株式）,小売業,2669,2682,2651,2653,-66,-2.427363,210300,OK
2026-03-02,8198,マックスバリュ東海,スタンダード（内国株式）,小売業,3695,3750,3690,3725,-40,-1.062417,22000,OK
2026-03-02,8200,リンガーハット,プライム（内国株式）,小売業,2225,2252,2216,2232,-16,-0.711744,169800,OK
2026-03-02,8202,ラオックスホールディングス,スタンダード（内国株式）,小売業,150,151,149,150,-1,-0.662252,129100,OK
2026-03-02,8203,ＭｒＭａｘＨＤ,プライム（内国株式）,小売業,784,788,778,782,-14,-1.758794,78600,OK
2026-03-02,8207,テンアライド,スタンダード（内国株式）,小売業,298,299,297,299,1,0.33557,51500,OK
2026-03-02,8209,フレンドリー,スタンダード（内国株式）,小売業,309,309,307,307,-1,-0.324675,10700,OK
2026-03-02,8214,ＡＯＫＩホールディングス,プライム（内国株式）,小売業,1805,1817,1788,1807,-9,-0.495595,211400,OK
2026-03-02,8217,オークワ,プライム（内国株式）,小売業,878,878,862,864,-20,-2.262443,112100,OK
2026-03-02,8218,コメリ,プライム（内国株式）,小売業,3655,3710,3615,3655,-10,-0.272851,166600,OK
2026-03-02,8219,青山商事,プライム（内国株式）,小売業,2625,2625,2593,2612,-26,-0.985595,431200,OK
2026-03-02,8225,タカチホ,スタンダード（内国株式）,卸売業,3935,3935,3935,3935,70,1.811125,100,OK
2026-03-02,8226,理経,スタンダード（内国株式）,卸売業,590,595,553,554,-16,-2.807018,777700,OK
2026-03-02,8227,しまむら,プライム（内国株式）,小売業,3526,3577,3508,3508,-88,-2.447164,677900,OK
2026-03-02,8230,はせがわ,スタンダード（内国株式）,小売業,339,339,333,336,-1,-0.296736,15600,OK
2026-03-02,8233,高島屋,プライム（内国株式）,小売業,1944.5,1970,1922,1933.5,-45.5,-2.299141,3827400,OK
2026-03-02,8237,松屋,プライム（内国株式）,小売業,2482,2535,2461,2461,-106,-4.129334,410300,OK
2026-03-02,8242,エイチ・ツー・オー　リテイリング,プライム（内国株式）,小売業,2401.5,2438,2399.5,2411.5,-40,-1.631654,284600,OK
2026-03-02,8244,近鉄百貨店,スタンダード（内国株式）,小売業,1795,1798,1761,1762,-57,-3.13359,147300,OK
2026-03-02,8247,大和,スタンダード（内国株式）,小売業,392,392,382,383,-10,-2.544529,9500,OK
2026-03-02,8252,丸井グループ,プライム（内国株式）,小売業,3138,3186,3117,3163,-11,-0.346566,930000,OK
2026-03-02,8253,クレディセゾン,プライム（内国株式）,その他金融業,4632,4677,4526,4659,-113,-2.36798,506400,OK
2026-03-02,8254,さいか屋,スタンダード（内国株式）,小売業,384,384,379,380,-4,-1.041667,4000,OK
2026-03-02,8255,アクシアル　リテイリング,プライム（内国株式）,小売業,1308,1312,1287,1296,-9,-0.689655,107500,OK
2026-03-02,8260,井筒屋,スタンダード（内国株式）,小売業,514,515,501,503,-16,-3.082852,31400,OK
2026-03-02,8267,イオン,プライム（内国株式）,小売業,2167.5,2181,2125,2140.5,-86,-3.862565,9599600,OK
2026-03-02,8273,イズミ,プライム（内国株式）,小売業,1042,1042,1025,1028,-10,-0.963391,544700,OK
2026-03-02,8275,フォーバル,スタンダード（内国株式）,卸売業,1124,1130,1118,1118,-9,-0.79858,15300,OK
2026-03-02,8276,平和堂,プライム（内国株式）,小売業,2972,2977,2930,2952,-53,-1.763727,120500,OK
2026-03-02,8278,フジ,プライム（内国株式）,小売業,2085,2087,2054,2055,-39,-1.862464,174300,OK
2026-03-02,8281,ゼビオホールディングス,プライム（内国株式）,小売業,1113,1122,1110,1110,-12,-1.069519,95000,OK
2026-03-02,8282,ケーズホールディングス,プライム（内国株式）,小売業,1705,1731.5,1689,1712,-3.5,-0.204022,475200,OK
2026-03-02,8283,ＰＡＬＴＡＣ,プライム（内国株式）,卸売業,5000,5043,4972,5026,-32,-0.632661,89100,OK
2026-03-02,8285,三谷産業,スタンダード（内国株式）,卸売業,703,719,701,709,-21,-2.876712,200700,OK
2026-03-02,8289,Ｏｌｙｍｐｉｃグループ,スタンダード（内国株式）,小売業,456,457,455,457,0,0,6300,OK
2026-03-02,8291,日産東京販売ホールディングス,スタンダード（内国株式）,小売業,540,544,531,540,-7,-1.279707,134100,OK
2026-03-02,8303,ＳＢＩ新生銀行,プライム（内国株式）,銀行業,1810,1826.5,1785.5,1788,-90,-4.792332,10104600,OK
2026-03-02,8304,あおぞら銀行,プライム（内国株式）,銀行業,2725,2739,2671.5,2728,-97,-3.433628,1720100,OK
2026-03-02,8306,三菱ＵＦＪフィナンシャル・グループ,プライム（内国株式）,銀行業,2822.5,2865,2787,2820,-148.5,-5.002527,71277500,OK
2026-03-02,8308,りそなホールディングス,プライム（内国株式）,銀行業,1800,1848,1782.5,1844,-66.5,-3.480764,10096100,OK
2026-03-02,8309,三井住友トラストグループ,プライム（内国株式）,銀行業,5240,5335,5209,5325,-158,-2.881634,2560300,OK
2026-03-02,8316,三井住友フィナンシャルグループ,プライム（内国株式）,銀行業,5691,5798,5595,5727,-270,-4.502251,20892600,OK
2026-03-02,8331,千葉銀行,プライム（内国株式）,銀行業,2200,2243.5,2162,2243.5,-83.5,-3.588311,4092000,OK
2026-03-02,8334,群馬銀行,プライム（内国株式）,銀行業,2165.5,2221.5,2138.5,2211,-51,-2.254642,2012100,OK
2026-03-02,8336,武蔵野銀行,プライム（内国株式）,銀行業,6160,6260,6090,6220,-300,-4.601227,156000,OK
2026-03-02,8337,千葉興業銀行,プライム（内国株式）,銀行業,2354,2358,2270,2316,-138,-5.623472,162100,OK
2026-03-02,8338,筑波銀行,プライム（内国株式）,銀行業,664,673,642,665,-44,-6.205924,5862900,OK
2026-03-02,8341,七十七銀行,プライム（内国株式）,銀行業,9350,9495,9240,9406,-431,-4.381417,412400,OK
2026-03-02,8343,秋田銀行,プライム（内国株式）,銀行業,5380,5410,5230,5330,-280,-4.991087,141300,OK
2026-03-02,8344,山形銀行,プライム（内国株式）,銀行業,2612,2685,2595,2651,-79,-2.893773,347500,OK
2026-03-02,8345,岩手銀行,プライム（内国株式）,銀行業,6750,6810,6610,6710,-390,-5.492958,106800,OK
2026-03-02,8346,東邦銀行,プライム（内国株式）,銀行業,692,700,681,695,-32,-4.401651,1892800,OK
2026-03-02,8349,東北銀行,スタンダード（内国株式）,銀行業,1621,1621,1565,1614,-56,-3.353293,87600,OK
2026-03-02,8354,ふくおかフィナンシャルグループ,プライム（内国株式）,銀行業,6543,6643,6370,6522,-321,-4.690925,1195900,OK
2026-03-02,8358,スルガ銀行,プライム（内国株式）,銀行業,2029,2043,1998,2035,-88,-4.145078,1235800,OK
2026-03-02,8359,八十二長野銀行,プライム（内国株式）,銀行業,1979.5,1999.5,1948,1995,-84.5,-4.063477,1703900,OK
2026-03-02,8360,山梨中央銀行,プライム（内国株式）,銀行業,5220,5290,5100,5250,-260,-4.718693,201300,OK
2026-03-02,8361,大垣共立銀行,プライム（内国株式）,銀行業,6510,6660,6340,6610,-230,-3.362573,423300,OK
2026-03-02,8362,福井銀行,プライム（内国株式）,銀行業,3365,3495,3355,3445,-85,-2.407932,277100,OK
2026-03-02,8364,清水銀行,プライム（内国株式）,銀行業,2835,2835,2724,2766,-159,-5.435897,66700,OK
2026-03-02,8365,富山銀行,スタンダード（内国株式）,銀行業,2483,2526,2374,2420,-113,-4.461113,35200,OK
2026-03-02,8366,滋賀銀行,プライム（内国株式）,銀行業,8500,8700,8480,8700,-340,-3.761062,220200,OK
2026-03-02,8367,南都銀行,プライム（内国株式）,銀行業,7170,7390,7130,7370,-280,-3.660131,181000,OK
2026-03-02,8368,百五銀行,プライム（内国株式）,銀行業,1601,1634,1570,1624,-76,-4.470588,2149500,OK
2026-03-02,8370,紀陽銀行,プライム（内国株式）,銀行業,4075,4135,4020,4110,-175,-4.084014,192000,OK
2026-03-02,8377,ほくほくフィナンシャルグループ,プライム（内国株式）,銀行業,5969,6139,5952,6084,-167,-2.671573,571300,OK
2026-03-02,8381,山陰合同銀行,プライム（内国株式）,銀行業,1682,1722,1661,1717,-53,-2.99435,682200,OK
2026-03-02,8383,鳥取銀行,スタンダード（内国株式）,銀行業,1834,1840,1789,1809,-90,-4.739336,95800,OK
2026-03-02,8386,百十四銀行,プライム（内国株式）,銀行業,9260,9350,9090,9210,-560,-5.731832,212800,OK
2026-03-02,8387,四国銀行,プライム（内国株式）,銀行業,2308,2390,2286,2369,-84,-3.424378,253700,OK
2026-03-02,8388,阿波銀行,プライム（内国株式）,銀行業,5690,5810,5660,5770,-220,-3.672788,107800,OK
2026-03-02,8392,大分銀行,プライム（内国株式）,銀行業,9670,9960,9570,9860,-170,-1.694915,144100,OK
2026-03-02,8393,宮崎銀行,プライム（内国株式）,銀行業,9350,9420,9060,9320,-400,-4.115226,165900,OK
2026-03-02,8395,佐賀銀行,プライム（内国株式）,銀行業,4950,4955,4805,4925,-255,-4.92278,97400,OK
2026-03-02,8399,琉球銀行,プライム（内国株式）,銀行業,2320,2383,2284,2369,-84,-3.424378,244500,OK
2026-03-02,8410,セブン銀行,プライム（内国株式）,銀行業,292.9,295.1,290.8,295.1,-5.8,-1.927551,6928000,OK
2026-03-02,8411,みずほフィナンシャルグループ,プライム（内国株式）,銀行業,6751,6892,6657,6810,-341,-4.768564,13087500,OK
2026-03-02,8416,高知銀行,スタンダード（内国株式）,銀行業,1178,1178,1120,1129,-79,-6.539735,140500,OK
2026-03-02,8418,山口フィナンシャルグループ,プライム（内国株式）,銀行業,2634,2668.5,2592,2668,-84,-3.052326,939300,OK
2026-03-02,8424,芙蓉総合リース,プライム（内国株式）,その他金融業,4529,4641,4521,4636,-10,-0.215239,203700,OK
2026-03-02,8425,みずほリース,プライム（内国株式）,その他金融業,1489,1527,1482,1527,-2,-0.130804,633300,OK
2026-03-02,8439,東京センチュリー,プライム（内国株式）,その他金融業,2214.5,2243.5,2201.5,2243.5,-39.5,-1.73018,714300,OK
2026-03-02,8473,ＳＢＩホールディングス,プライム（内国株式）,証券･商品先物取引業,3210,3232,3161,3192,-158,-4.716418,6340300,OK
2026-03-02,8508,Ｊトラスト,スタンダード（内国株式）,その他金融業,527,536,522,534,-5,-0.927644,489400,OK
2026-03-02,8511,日本証券金融,プライム（内国株式）,その他金融業,2301,2303,2243,2291,-82,-3.455542,298100,OK
2026-03-02,8515,アイフル,プライム（内国株式）,その他金融業,499,508,495,505,-13,-2.509653,2912900,OK
2026-03-02,8518,日本アジア投資,スタンダード（内国株式）,証券･商品先物取引業,189,196,188,190,-4,-2.061856,90200,OK
2026-03-02,8522,名古屋銀行,プライム（内国株式）,銀行業,5590,5780,5480,5730,-200,-3.372681,372500,OK
2026-03-02,8524,北洋銀行,プライム（内国株式）,銀行業,1040,1048,1014,1044,-54,-4.918033,3828500,OK
2026-03-02,8537,大光銀行,スタンダード（内国株式）,銀行業,2750,2777,2666,2746,-151,-5.212289,169300,OK
2026-03-02,8541,愛媛銀行,プライム（内国株式）,銀行業,1802,1836,1763,1807,-86,-4.543053,231100,OK
2026-03-02,8542,トマト銀行,スタンダード（内国株式）,銀行業,1709,1715,1644,1671,-68,-3.910293,64300,OK
2026-03-02,8544,京葉銀行,プライム（内国株式）,銀行業,2152,2180,2113,2180,-72,-3.197158,390300,OK
2026-03-02,8550,栃木銀行,プライム（内国株式）,銀行業,950,969,930,959,-58,-5.703048,1682300,OK
2026-03-02,8551,北日本銀行,プライム（内国株式）,銀行業,5000,5090,4940,5020,-280,-5.283019,69900,OK
2026-03-02,8558,東和銀行,プライム（内国株式）,銀行業,1156,1167,1135,1156,-75,-6.092608,333400,OK
2026-03-02,8562,福島銀行,スタンダード（内国株式）,銀行業,398,402,384,392,-19,-4.622871,697800,OK
2026-03-02,8563,大東銀行,スタンダード（内国株式）,銀行業,1144,1160,1131,1141,-63,-5.232558,143400,OK
2026-03-02,8566,リコーリース,プライム（内国株式）,その他金融業,6260,6350,6250,6300,-110,-1.716069,70000,OK
2026-03-02,8570,イオンフィナンシャルサービス,プライム（内国株式）,その他金融業,1693.5,1710,1667.5,1702,-63,-3.569405,755500,OK
2026-03-02,8572,アコム,スタンダード（内国株式）,その他金融業,505,508.9,500.2,508.9,-3.7,-0.72181,1367300,OK
2026-03-02,8584,ジャックス,プライム（内国株式）,その他金融業,4335,4355,4270,4345,-85,-1.918736,113900,OK
2026-03-02,8585,オリエントコーポレーション,プライム（内国株式）,その他金融業,1124,1126,1111,1115,-35,-3.043478,713100,OK
2026-03-02,8591,オリックス,プライム（内国株式）,その他金融業,5443,5463,5312,5375,-168,-3.03085,4563200,OK
2026-03-02,8593,三菱ＨＣキャピタル,プライム（内国株式）,その他金融業,1489,1508,1463,1508,-6,-0.396301,6013900,OK
2026-03-02,8595,ジャフコ　グループ,プライム（内国株式）,証券･商品先物取引業,2448,2448,2413,2434.5,-41,-1.656231,473500,OK
2026-03-02,8596,九州リースサービス,スタンダード（内国株式）,その他金融業,1500,1506,1483,1500,-18,-1.185771,36500,OK
2026-03-02,8600,トモニホールディングス,プライム（内国株式）,銀行業,939,945,920,937,-46,-4.679552,958400,OK
2026-03-02,8601,大和証券グループ本社,プライム（内国株式）,証券･商品先物取引業,1566,1588,1548,1588,-58,-3.523694,5340000,OK
2026-03-02,8604,野村ホールディングス,プライム（内国株式）,証券･商品先物取引業,1350,1370,1336.5,1354.5,-98,-6.746988,21413800,OK
2026-03-02,8609,岡三証券グループ,プライム（内国株式）,証券･商品先物取引業,952,956,936,953,-44,-4.41324,519000,OK
2026-03-02,8613,丸三証券,プライム（内国株式）,証券･商品先物取引業,1099,1104,1083,1100,-18,-1.610018,398700,OK
2026-03-02,8614,東洋証券,プライム（内国株式）,証券･商品先物取引業,771,781,766,779,-22,-2.746567,1472600,OK
2026-03-02,8616,東海東京フィナンシャル・ホールディングス,プライム（内国株式）,証券･商品先物取引業,800,817,792,813,-17,-2.048193,1615900,OK
2026-03-02,8617,光世証券,スタンダード（内国株式）,証券･商品先物取引業,597,598,574,580,-19,-3.171953,19500,OK
2026-03-02,8622,水戸証券,プライム（内国株式）,証券･商品先物取引業,658,666,647,655,-29,-4.239766,465300,OK
2026-03-02,8624,いちよし証券,プライム（内国株式）,証券･商品先物取引業,1456,1482,1441,1459,-56,-3.69637,317100,OK
2026-03-02,8628,松井証券,プライム（内国株式）,証券･商品先物取引業,963,977,941,977,21,2.196653,2286800,OK
2026-03-02,8630,ＳＯＭＰＯホールディングス,プライム（内国株式）,保険業,6053,6150,6007,6103,-142,-2.273819,2737200,OK
2026-03-02,8697,日本取引所グループ,プライム（内国株式）,その他金融業,2068,2150,2064.5,2149,13.5,0.63217,4241300,OK
2026-03-02,8698,マネックスグループ,プライム（内国株式）,証券･商品先物取引業,721,727,716,727,-20,-2.677376,2195300,OK
2026-03-02,8699,ＨＳホールディングス,スタンダード（内国株式）,証券･商品先物取引業,1286,1290,1254,1280,-23,-1.765157,121200,OK
2026-03-02,8700,丸八証券,スタンダード（内国株式）,証券･商品先物取引業,1786,1797,1777,1780,-6,-0.335946,4700,OK
2026-03-02,8704,トレイダーズホールディングス,スタンダード（内国株式）,証券･商品先物取引業,1121,1134,1100,1125,-24,-2.088773,153100,OK
2026-03-02,8705,日産証券グループ,スタンダード（内国株式）,証券･商品先物取引業,308,313,301,303,-7,-2.258065,583100,OK
2026-03-02,8706,極東証券,プライム（内国株式）,証券･商品先物取引業,1841,1861,1825,1858,-42,-2.210526,298300,OK
2026-03-02,8707,岩井コスモホールディングス,プライム（内国株式）,証券･商品先物取引業,3820,3850,3770,3825,-120,-3.041825,175100,OK
2026-03-02,8708,アイザワ証券グループ,プライム（内国株式）,証券･商品先物取引業,1510,1520,1494,1507,-41,-2.648579,173300,OK
2026-03-02,8713,フィデアホールディングス,プライム（内国株式）,銀行業,2091,2112,2055,2086,-104,-4.748858,142700,OK
2026-03-02,8714,池田泉州ホールディングス,プライム（内国株式）,銀行業,880,891,872,889,-34,-3.68364,1724900,OK
2026-03-02,8715,アニコム　ホールディングス,プライム（内国株式）,保険業,1201,1222,1195,1215,-16,-1.299756,383100,OK
2026-03-02,8725,ＭＳ＆ＡＤインシュアランスグループホールディングス,プライム（内国株式）,保険業,4248,4336,4215,4319,-57,-1.302559,4135900,OK
2026-03-02,8729,ソニーフィナンシャルグループ,プライム（内国株式）,保険業,156,158.2,155.4,158.2,-1.7,-1.063164,43106400,OK
2026-03-02,8737,あかつき本社,スタンダード（内国株式）,証券･商品先物取引業,750,750,737,744,-26,-3.376623,170000,OK
2026-03-02,8739,スパークス・グループ,プライム（内国株式）,証券･商品先物取引業,2081,2086,2044,2050,-75,-3.529412,213400,OK
2026-03-02,8742,小林洋行,スタンダード（内国株式）,証券･商品先物取引業,525,549,520,548,23,4.380952,45200,OK
2026-03-02,8746,ｕｎｂａｎｋｅｄ,スタンダード（内国株式）,証券･商品先物取引業,308,384,308,337,29,9.415584,3072600,OK
2026-03-02,8747,豊トラスティ証券,スタンダード（内国株式）,証券･商品先物取引業,3390,3445,3290,3290,-40,-1.201201,26100,OK
2026-03-02,8750,第一生命ホールディングス,プライム（内国株式）,保険業,1536,1569.5,1519,1559,-52,-3.227809,9569100,OK
2026-03-02,8766,東京海上ホールディングス,プライム（内国株式）,保険業,6290,6377,6218,6361,-166,-2.543282,5608100,OK
2026-03-02,8769,アドバンテッジリスクマネジメント,スタンダード（内国株式）,サービス業,521,521,507,509,-18,-3.41556,68500,OK
2026-03-02,8771,イー・ギャランティ,プライム（内国株式）,その他金融業,1753,1772,1731,1736,6,0.346821,293700,OK
2026-03-02,8772,アサックス,スタンダード（内国株式）,その他金融業,936,940,929,935,-1,-0.106838,4400,OK
2026-03-02,8783,ａｂｃ,スタンダード（内国株式）,その他金融業,254,270,243,243,-3,-1.219512,1879900,OK
2026-03-02,8789,フィンテック　グローバル,スタンダード（内国株式）,その他金融業,152,153,150,152,-3,-1.935484,1893100,OK
2026-03-02,8793,ＮＥＣキャピタルソリューション,プライム（内国株式）,その他金融業,4300,4350,4255,4320,-65,-1.482326,32600,OK
2026-03-02,8795,Ｔ＆Ｄホールディングス,プライム（内国株式）,保険業,4034,4104,3959,4056,-158,-3.749407,1804200,OK
2026-03-02,8798,アドバンスクリエイト,プライム（内国株式）,保険業,207,207,199,201,-11,-5.188679,241700,OK
2026-03-02,8801,三井不動産,プライム（内国株式）,不動産業,2032,2083.5,2030.5,2082,-24.5,-1.163067,7148400,OK
2026-03-02,8802,三菱地所,プライム（内国株式）,不動産業,5099,5318,5075,5308,30,0.568397,3575300,OK
2026-03-02,8803,平和不動産,プライム（内国株式）,不動産業,2523,2543,2508,2543,7,0.276025,345700,OK
2026-03-02,8804,東京建物,プライム（内国株式）,不動産業,4234,4304,4214,4297,-77,-1.760402,937900,OK
2026-03-02,8818,京阪神ビルディング,プライム（内国株式）,不動産業,2082,2087,2045,2058,-115,-5.292223,79900,OK
2026-03-02,8830,住友不動産,プライム（内国株式）,不動産業,5142,5341,5128,5341,53,1.002269,2698600,OK
2026-03-02,8835,太平洋興発,スタンダード（内国株式）,卸売業,897,918,896,898,2,0.223214,79800,OK
2026-03-02,8836,ＲＩＳＥ,スタンダード（内国株式）,不動産業,31,32,30,31,-1,-3.125,209100,OK
2026-03-02,8841,テーオーシー,スタンダード（内国株式）,不動産業,905,916,896,903,-13,-1.419214,188800,OK
2026-03-02,8844,コスモスイニシア,スタンダード（内国株式）,不動産業,1253,1266,1240,1258,-25,-1.948558,82300,OK
2026-03-02,8848,レオパレス２１,プライム（内国株式）,不動産業,729,740,722,732,-12,-1.612903,1420100,OK
2026-03-02,8850,スターツコーポレーション,プライム（内国株式）,不動産業,5260,5290,5180,5280,-60,-1.123596,61100,OK
2026-03-02,8860,フジ住宅,プライム（内国株式）,不動産業,915,930,906,913,-17,-1.827957,136200,OK
2026-03-02,8864,空港施設,スタンダード（内国株式）,不動産業,1035,1035,1014,1020,-30,-2.857143,113400,OK
2026-03-02,8869,明和地所,スタンダード（内国株式）,不動産業,1162,1162,1141,1145,-35,-2.966102,162200,OK
2026-03-02,8871,ゴールドクレスト,スタンダード（内国株式）,不動産業,3295,3320,3275,3315,-25,-0.748503,50100,OK
2026-03-02,8876,リログループ,プライム（内国株式）,サービス業,1900,1936,1888.5,1922.5,-3.5,-0.181724,507400,OK
2026-03-02,8877,エスリード,プライム（内国株式）,不動産業,7390,7470,7320,7460,-80,-1.061008,39300,OK
2026-03-02,8881,日神グループホールディングス,プライム（内国株式）,不動産業,814,817,801,807,-16,-1.944107,292300,OK
2026-03-02,8887,シーラホールディングス,スタンダード（内国株式）,不動産業,420,420,402,402,-24,-5.633803,464400,OK
2026-03-02,8891,ＡＭＧホールディングス,スタンダード（内国株式）,不動産業,2786,2829,2761,2829,30,1.071811,6300,OK
2026-03-02,8892,エスコン,プライム（内国株式）,不動産業,1136,1148,1128,1147,0,0,317500,OK
2026-03-02,8894,ＲＥＶＯＬＵＴＩＯＮ,スタンダード（内国株式）,不動産業,47,49,47,48,0,0,594500,OK
2026-03-02,8897,ＭＩＲＡＲＴＨホールディングス,プライム（内国株式）,不動産業,418,424,413,421,-2,-0.472813,1213300,OK
2026-03-02,8898,センチュリー２１・ジャパン,スタンダード（内国株式）,不動産業,1165,1165,1151,1157,-2,-0.172563,5000,OK
2026-03-02,8904,ＡＶＡＮＴＩＡ,スタンダード（内国株式）,不動産業,858,858,842,852,-8,-0.930233,52500,OK
2026-03-02,8908,毎日コムネット,スタンダード（内国株式）,不動産業,895,899,887,898,-2,-0.222222,25600,OK
2026-03-02,8912,エリアクエスト,スタンダード（内国株式）,不動産業,175,175,165,167,-4,-2.339181,136300,OK
2026-03-02,8914,エリアリンク,スタンダード（内国株式）,不動産業,1268,1284,1248,1282,-1,-0.077942,145400,OK
2026-03-02,8917,ファースト住建,スタンダード（内国株式）,不動産業,1251,1259,1237,1253,-7,-0.555556,32300,OK
2026-03-02,8918,ランド,スタンダード（内国株式）,不動産業,9,10,9,10,0,0,199196100,OK
2026-03-02,8919,カチタス,プライム（内国株式）,不動産業,3505,3525,3440,3500,-75,-2.097902,317600,OK
2026-03-02,8920,東祥,スタンダード（内国株式）,サービス業,937,946,927,933,-19,-1.995798,119300,OK
2026-03-02,8921,シーズクリエイト,TOKYO PRO MARKET（内国株式）,不動産業,,,,,,,,NO_QUOTE
2026-03-02,8923,トーセイ,プライム（内国株式）,不動産業,1611,1628,1594,1625,-25,-1.515152,180700,OK
2026-03-02,8927,明豊エンタープライズ,スタンダード（内国株式）,不動産業,474,474,463,468,-7,-1.473684,157200,OK
2026-03-02,8928,穴吹興産,スタンダード（内国株式）,不動産業,2890,2910,2825,2857,-48,-1.652324,20900,OK
2026-03-02,8929,青山財産ネットワークス,スタンダード（内国株式）,不動産業,1372,1372,1350,1355,-16,-1.167031,156500,OK
2026-03-02,8931,和田興産,スタンダード（内国株式）,不動産業,1742,1754,1734,1747,-26,-1.466441,11900,OK
2026-03-02,8934,サンフロンティア不動産,プライム（内国株式）,不動産業,2785,2792,2765,2773,-62,-2.186949,257700,OK
2026-03-02,8935,ＦＪネクストホールディングス,プライム（内国株式）,不動産業,1897,1946,1891,1927,-21,-1.078029,68900,OK
2026-03-02,8938,グローム・ホールディングス,グロース（内国株式）,不動産業,306,310,302,305,1,0.328947,11800,OK
2026-03-02,8944,ランドビジネス,スタンダード（内国株式）,不動産業,318,348,311,340,28,8.974359,478200,OK
2026-03-02,8945,サンネクスタグループ,スタンダード（内国株式）,不動産業,1206,1206,1196,1204,-2,-0.165837,4000,OK
2026-03-02,8946,ＡＳＩＡＮ　ＳＴＡＲ,スタンダード（内国株式）,不動産業,108,108,98,102,-5,-4.672897,3104100,OK
2026-03-02,8995,誠建設工業,スタンダード（内国株式）,不動産業,1163,1200,1143,1198,12,1.011804,11300,OK
2026-03-02,8996,ハウスフリーダム,スタンダード（内国株式）,不動産業,1051,1053,1050,1051,-11,-1.035782,3900,OK
2026-03-02,8999,グランディハウス,プライム（内国株式）,不動産業,642,642,635,640,-8,-1.234568,127400,OK
2026-03-02,9001,東武鉄道,プライム（内国株式）,陸運業,3102,3164,3099,3149,3,0.095359,548200,OK
2026-03-02,9003,相鉄ホールディングス,プライム（内国株式）,陸運業,2928,2951.5,2916,2934,-7,-0.238014,235100,OK
2026-03-02,9005,東急,プライム（内国株式）,陸運業,1985.5,2011,1971,1990.5,-7,-0.350438,2038700,OK
2026-03-02,9006,京浜急行電鉄,プライム（内国株式）,陸運業,1550,1578.5,1542.5,1555,-9.5,-0.607223,643500,OK
2026-03-02,9007,小田急電鉄,プライム（内国株式）,陸運業,1789,1810,1772.5,1804,11.5,0.641562,1341900,OK
2026-03-02,9008,京王電鉄,プライム（内国株式）,陸運業,4160,4210,4143,4174,-23,-0.54801,334200,OK
2026-03-02,9009,京成電鉄,プライム（内国株式）,陸運業,1336.5,1366,1325,1356.5,0.5,0.036873,2614300,OK
2026-03-02,9010,富士急行,プライム（内国株式）,陸運業,2362,2443,2358,2409,15,0.626566,296300,OK
2026-03-02,9012,秩父鉄道,スタンダード（内国株式）,陸運業,2142,2142,2110,2134,5,0.234852,400,OK
2026-03-02,9017,新潟交通,スタンダード（内国株式）,陸運業,2149,2155,2149,2155,5,0.232558,700,OK
2026-03-02,9020,東日本旅客鉄道,プライム（内国株式）,陸運業,3850,3906,3812,3880,20,0.518135,3015700,OK
2026-03-02,9021,西日本旅客鉄道,プライム（内国株式）,陸運業,3322,3373,3304,3353,-1,-0.029815,1633400,OK
2026-03-02,9022,東海旅客鉄道,プライム（内国株式）,陸運業,4569,4664,4555,4645,37,0.802951,2067100,OK
2026-03-02,9023,東京地下鉄,プライム（内国株式）,陸運業,1669,1692.5,1662,1668,-4,-0.239234,3886600,OK
2026-03-02,9024,西武ホールディングス,プライム（内国株式）,陸運業,4570,4640,4491,4600,-40,-0.862069,1058000,OK
2026-03-02,9025,鴻池運輸,プライム（内国株式）,陸運業,3475,3500,3440,3455,-45,-1.285714,125600,OK
2026-03-02,9028,ゼロ,スタンダード（内国株式）,陸運業,3730,3750,3635,3705,-95,-2.5,24800,OK
2026-03-02,9029,ヒガシホールディングス,スタンダード（内国株式）,陸運業,2112,2131,2083,2088,-74,-3.422757,30700,OK
2026-03-02,9031,西日本鉄道,プライム（内国株式）,陸運業,3200,3270,3192,3253,-1,-0.030731,170500,OK
2026-03-02,9033,広島電鉄,スタンダード（内国株式）,陸運業,671,671,662,670,0,0,31900,OK
2026-03-02,9034,南総通運,スタンダード（内国株式）,陸運業,1717,1724,1710,1723,-5,-0.289352,4100,OK
2026-03-02,9036,東部ネットワーク,スタンダード（内国株式）,陸運業,1180,1211,1180,1202,13,1.093356,7800,OK
2026-03-02,9037,ハマキョウレックス,プライム（内国株式）,陸運業,1942,1948,1912,1943,-18,-0.917899,98100,OK
2026-03-02,9039,サカイ引越センター,プライム（内国株式）,陸運業,2898,2902,2872,2881,-45,-1.537936,145000,OK
2026-03-02,9041,近鉄グループホールディングス,プライム（内国株式）,陸運業,3269,3312,3244,3289,-15,-0.453995,919800,OK
2026-03-02,9042,阪急阪神ホールディングス,プライム（内国株式）,陸運業,4500,4571,4491,4535,-20,-0.439078,719500,OK
2026-03-02,9044,南海電気鉄道,プライム（内国株式）,陸運業,3062,3133,3059,3116,1,0.032103,338800,OK
2026-03-02,9045,京阪ホールディングス,プライム（内国株式）,陸運業,3430,3478,3420,3450,-15,-0.4329,267500,OK
2026-03-02,9046,神戸電鉄,プライム（内国株式）,陸運業,2504,2536,2500,2524,-11,-0.433925,19100,OK
2026-03-02,9048,名古屋鉄道,プライム（内国株式）,陸運業,1828.5,1847.5,1820.5,1828,-16,-0.867679,893100,OK
2026-03-02,9049,京福電気鉄道,スタンダード（内国株式）,陸運業,7330,7330,7330,7330,-40,-0.542741,100,OK
2026-03-02,9051,センコン物流,スタンダード（内国株式）,陸運業,1480,1480,1478,1478,11,0.74983,700,OK
2026-03-02,9052,山陽電気鉄道,プライム（内国株式）,陸運業,2051,2067,2050,2062,-24,-1.150527,121300,OK
2026-03-02,9057,遠州トラック,スタンダード（内国株式）,陸運業,3740,3785,3620,3750,-60,-1.574803,10900,OK
2026-03-02,9059,カンダホールディングス,スタンダード（内国株式）,陸運業,930,938,928,931,-14,-1.481481,11900,OK
2026-03-02,9060,日本ロジテム,スタンダード（内国株式）,陸運業,4960,4960,4890,4895,-85,-1.706827,800,OK
2026-03-02,9063,岡山県貨物運送,スタンダード（内国株式）,陸運業,4775,4820,4700,4800,-25,-0.518135,2300,OK
2026-03-02,9064,ヤマトホールディングス,プライム（内国株式）,陸運業,1900,1910,1875.5,1889,-25,-1.306165,1280800,OK
2026-03-02,9065,山九,プライム（内国株式）,陸運業,9842,9988,9784,9925,-120,-1.194624,159300,OK
2026-03-02,9067,丸運,スタンダード（内国株式）,陸運業,947,948,947,947,0,0,20100,OK
2026-03-02,9068,丸全昭和運輸,プライム（内国株式）,陸運業,9020,9170,8950,9070,-100,-1.090513,40800,OK
2026-03-02,9069,センコーグループホールディングス,プライム（内国株式）,陸運業,1909,1959.5,1907,1936.5,-32.5,-1.650584,420700,OK
2026-03-02,9072,ニッコンホールディングス,プライム（内国株式）,陸運業,4000,4045,3948,3981,31,0.78481,371100,OK
2026-03-02,9073,京極運輸商事,スタンダード（内国株式）,陸運業,1396,1434,1396,1434,40,2.86944,2700,OK
2026-03-02,9074,日本石油輸送,スタンダード（内国株式）,陸運業,5400,5440,5230,5250,-120,-2.234637,4200,OK
2026-03-02,9075,福山通運,プライム（内国株式）,陸運業,5600,5790,5540,5790,190,3.392857,159200,OK
2026-03-02,9076,セイノーホールディングス,プライム（内国株式）,陸運業,2622.5,2658,2617,2657,-8.5,-0.31889,679200,OK
2026-03-02,9081,神奈川中央交通,プライム（内国株式）,陸運業,3695,3700,3665,3675,-20,-0.541272,10500,OK
2026-03-02,9082,大和自動車交通,スタンダード（内国株式）,陸運業,1349,1349,1342,1342,-7,-0.518903,3200,OK
2026-03-02,9083,神姫バス,スタンダード（内国株式）,陸運業,2029,2039,2002,2015,-63,-3.031761,12900,OK
2026-03-02,9087,タカセ,スタンダード（内国株式）,陸運業,1840,1840,1777,1777,-73,-3.945946,1700,OK
2026-03-02,9090,ＡＺ−ＣＯＭ丸和ホールディングス,プライム（内国株式）,陸運業,974,974,962,966,-23,-2.325581,231100,OK
2026-03-02,9101,日本郵船,プライム（内国株式）,海運業,5568,5636,5396,5599,230,4.283852,10408500,OK
2026-03-02,9104,商船三井,プライム（内国株式）,海運業,5933,6080,5782,6049,251,4.329079,13491400,OK
2026-03-02,9107,川崎汽船,プライム（内国株式）,海運業,2631,2660,2551,2660,147,5.849582,19180800,OK
2026-03-02,9110,ＮＳユナイテッド海運,プライム（内国株式）,海運業,7650,7830,7450,7830,180,2.352941,88500,OK
2026-03-02,9115,明海グループ,スタンダード（内国株式）,海運業,780,799,750,796,25,3.242542,226000,OK
2026-03-02,9119,飯野海運,プライム（内国株式）,海運業,1685,1754,1666,1698,34,2.043269,528900,OK
2026-03-02,9127,玉井商船,スタンダード（内国株式）,海運業,4465,4475,4270,4475,10,0.223964,7900,OK
2026-03-02,9130,共栄タンカー,スタンダード（内国株式）,海運業,1484,1488,1361,1390,-14,-0.997151,351900,OK
2026-03-02,9142,九州旅客鉄道,プライム（内国株式）,陸運業,3903,3961,3891,3932,-32,-0.807265,861500,OK
2026-03-02,9143,ＳＧホールディングス,プライム（内国株式）,陸運業,1560.5,1570,1523,1532.5,-53.5,-3.373266,3433600,OK
2026-03-02,9145,ビーイングホールディングス,スタンダード（内国株式）,陸運業,756,765,750,754,-17,-2.204929,22000,OK
2026-03-02,9146,五健堂ホールディングス,TOKYO PRO MARKET（内国株式）,陸運業,,,,,,,,NO_QUOTE
2026-03-02,9147,ＮＩＰＰＯＮ　ＥＸＰＲＥＳＳホールディングス,プライム（内国株式）,陸運業,3830,3832,3760,3786,-64,-1.662338,744600,OK
2026-03-02,9149,大友ロジスティクスサービス,TOKYO PRO MARKET（内国株式）,陸運業,,,,,,,,NO_QUOTE
2026-03-02,9156,はなホールディングス,TOKYO PRO MARKET（内国株式）,サービス業,,,,,,,,NO_QUOTE
2026-03-02,9158,シーユーシー,グロース（内国株式）,サービス業,984,984,956,959,-40,-4.004004,106600,OK
2026-03-02,9159,Ｗ　ＴＯＫＹＯ,グロース（内国株式）,サービス業,1592,1639,1575,1639,46,2.887633,3200,OK
2026-03-02,9160,ノバレーゼ,スタンダード（内国株式）,サービス業,315,315,310,312,-3,-0.952381,54100,OK
2026-03-02,9162,ブリーチ,グロース（内国株式）,サービス業,260,260,255,259,-2,-0.766284,24200,OK
2026-03-02,9163,ナレルグループ,グロース（内国株式）,サービス業,2408,2410,2385,2390,-47,-1.928601,39700,OK
2026-03-02,9165,クオルテック,グロース（内国株式）,サービス業,1500,1513,1490,1498,4,0.267738,8500,OK
2026-03-02,9166,ＧＥＮＤＡ,グロース（内国株式）,サービス業,619,636,608,629,0,0,1709900,OK
2026-03-02,9168,ライズ・コンサルティング・グループ,グロース（内国株式）,サービス業,502,513,500,507,-13,-2.5,272400,OK
2026-03-02,9169,大伸社,TOKYO PRO MARKET（内国株式）,サービス業,,,,,,,,NO_QUOTE
2026-03-02,9171,栗林商船,スタンダード（内国株式）,海運業,1786,1985,1780,1910,-268,-12.304867,330400,OK
2026-03-02,9173,東海汽船,スタンダード（内国株式）,海運業,3135,3145,3120,3130,15,0.481541,2300,OK
2026-03-02,9193,東京汽船,スタンダード（内国株式）,倉庫･運輸関連業,1306,1330,1280,1315,20,1.544402,29300,OK
2026-03-02,9201,日本航空,プライム（内国株式）,空運業,3000,3096,3000,3038,-190,-5.885998,6943700,OK
2026-03-02,9202,ＡＮＡホールディングス,プライム（内国株式）,空運業,3250,3292,3189,3221,-182,-5.348222,6712000,OK
2026-03-02,92025,ＡＮＡホールディングス（優先株式）,プライム（内国株式）,空運業,4960,4965,4960,4965,5,0.100806,800,OK
2026-03-02,9204,スカイマーク,グロース（内国株式）,空運業,400,406,392,401,-13,-3.140097,244700,OK
2026-03-02,9206,スターフライヤー,スタンダード（内国株式）,空運業,2075,2087,2063,2080,-2,-0.096061,4300,OK
2026-03-02,9211,エフ・コード,グロース（内国株式）,サービス業,1536,1587,1526,1580,-1,-0.063251,157600,OK
2026-03-02,9212,Ｇｒｅｅｎ　Ｅａｒｔｈ　Ｉｎｓｔｉｔｕｔｅ,グロース（内国株式）,サービス業,426,462,413,442,16,3.755869,161000,OK
2026-03-02,9213,セイファート,スタンダード（内国株式）,サービス業,718,728,718,718,-6,-0.828729,4300,OK
2026-03-02,9214,Ｒｅｃｏｖｅｒｙ　Ｉｎｔｅｒｎａｔｉｏｎａｌ,グロース（内国株式）,サービス業,1418,1420,1397,1420,2,0.141044,1300,OK
2026-03-02,9215,ＣａＳｙ,グロース（内国株式）,サービス業,903,913,901,901,-2,-0.221484,2600,OK
2026-03-02,9216,ビーウィズ,プライム（内国株式）,サービス業,1821,1825,1803,1803,-34,-1.850844,48600,OK
2026-03-02,9218,メンタルヘルステクノロジーズ,グロース（内国株式）,サービス業,750,750,732,735,-23,-3.034301,55500,OK
2026-03-02,9219,ギックス,グロース（内国株式）,サービス業,964,968,961,961,0,0,7100,OK
2026-03-02,9220,エフビー介護サービス,スタンダード（内国株式）,サービス業,1225,1236,1221,1223,-7,-0.569106,4600,OK
2026-03-02,9221,フルハシＥＰＯ,スタンダード（内国株式）,サービス業,1304,1304,1246,1254,-61,-4.638783,76900,OK
2026-03-02,9222,ｍａｎａｂｙ,TOKYO PRO MARKET（内国株式）,サービス業,,,,,,,,NO_QUOTE
2026-03-02,9223,ＡＳＮＯＶＡ,グロース（内国株式）,サービス業,521,529,521,525,0,0,9100,OK
2026-03-02,9225,ブリッジコンサルティンググループ,グロース（内国株式）,サービス業,1214,1228,1204,1204,-24,-1.954397,400,OK
2026-03-02,9226,アイガー,TOKYO PRO MARKET（内国株式）,サービス業,,,,,,,,NO_QUOTE
2026-03-02,9227,マイクロ波化学,グロース（内国株式）,サービス業,1044,1078,1034,1062,-42,-3.804348,282500,OK
2026-03-02,9229,サンウェルズ,プライム（内国株式）,サービス業,269,270,256,258,-10,-3.731343,144700,OK
2026-03-02,9233,アジア航測,スタンダード（内国株式）,空運業,1310,1327,1297,1325,12,0.913938,39600,OK
2026-03-02,9235,売れるネット広告社グループ,グロース（内国株式）,サービス業,586,597,580,580,-26,-4.290429,47900,OK
2026-03-02,9236,ジャパンＭ＆Ａソリューション,グロース（内国株式）,サービス業,988,1011,988,1001,1,0.1,3400,OK
2026-03-02,9237,笑美面,グロース（内国株式）,サービス業,879,879,845,866,-25,-2.805836,29400,OK
2026-03-02,9238,バリュークリエーション,グロース（内国株式）,サービス業,716,716,683,687,-37,-5.110497,61900,OK
2026-03-02,9239,ケーイーティ,TOKYO PRO MARKET（内国株式）,サービス業,,,,,,,,NO_QUOTE
2026-03-02,9240,デリバリーコンサルティング,グロース（内国株式）,サービス業,544,547,525,547,-4,-0.725953,27700,OK
2026-03-02,9241,フューチャーリンクネットワーク,グロース（内国株式）,サービス業,1566,1595,1565,1595,20,1.269841,1100,OK
2026-03-02,9242,メディア総研,グロース（内国株式）,サービス業,1987,1990,1971,1974,-13,-0.654253,3100,OK
2026-03-02,9243,富士テクノホールディングス,TOKYO PRO MARKET（内国株式）,サービス業,,,,,,,,NO_QUOTE
2026-03-02,9244,デジタリフト,グロース（内国株式）,サービス業,1019,1027,1018,1025,5,0.490196,1900,OK
2026-03-02,9245,リベロ,グロース（内国株式）,サービス業,2315,2316,2293,2316,6,0.25974,1800,OK
2026-03-02,9246,プロジェクトホールディングス,グロース（内国株式）,サービス業,1121,1147,1121,1141,11,0.973451,2300,OK
2026-03-02,9247,ＴＲＥホールディングス,プライム（内国株式）,サービス業,1769,1791,1745,1771,-26,-1.446856,459600,OK
2026-03-02,9248,人・夢・技術グループ,スタンダード（内国株式）,サービス業,1646,1652,1616,1623,-46,-2.756141,21300,OK
2026-03-02,9249,日本エコシステム,スタンダード（内国株式）,サービス業,1640,1645,1625,1626,-14,-0.853659,13200,OK
2026-03-02,9250,ＧＲＣＳ,グロース（内国株式）,サービス業,1108,1120,1051,1068,-53,-4.727921,9900,OK
2026-03-02,9251,ＡＢ＆Ｃｏｍｐａｎｙ,グロース（内国株式）,サービス業,1262,1273,1258,1262,-13,-1.019608,39300,OK
2026-03-02,9252,ラストワンマイル,グロース（内国株式）,サービス業,4170,4475,4165,4465,295,7.074341,41300,OK
2026-03-02,9253,スローガン,グロース（内国株式）,サービス業,767,780,765,776,-3,-0.385109,1400,OK
2026-03-02,9254,ラバブルマーケティンググループ,グロース（内国株式）,サービス業,1201,1201,1186,1190,-18,-1.490066,1900,OK
2026-03-02,9256,サクシード,グロース（内国株式）,サービス業,839,850,810,839,0,0,6500,OK
2026-03-02,9258,ＣＳ−Ｃ,グロース（内国株式）,サービス業,350,350,349,350,6,1.744186,3500,OK
2026-03-02,9259,タカヨシホールディングス,グロース（内国株式）,サービス業,960,995,945,946,-28,-2.874743,29100,OK
2026-03-02,9262,シルバーライフ,スタンダード（内国株式）,小売業,828,835,816,824,-4,-0.483092,16000,OK
2026-03-02,9264,ポエック,スタンダード（内国株式）,卸売業,1746,1746,1710,1726,-47,-2.650874,28100,OK
2026-03-02,9265,ヤマシタヘルスケアホールディングス,スタンダード（内国株式）,卸売業,3800,3875,3790,3875,105,2.785146,1200,OK
2026-03-02,9267,Ｇｅｎｋｙ　ＤｒｕｇＳｔｏｒｅｓ,プライム（内国株式）,小売業,4445,4445,4270,4295,-200,-4.449388,111400,OK
2026-03-02,9268,オプティマスグループ,スタンダード（内国株式）,卸売業,403,423,396,416,11,2.716049,605200,OK
2026-03-02,9270,バリュエンスホールディングス,グロース（内国株式）,卸売業,1841,1943,1841,1873,9,0.482833,190200,OK
2026-03-02,9271,和心,グロース（内国株式）,小売業,1240,1250,1184,1246,-24,-1.889764,51500,OK
2026-03-02,9272,ブティックス,グロース（内国株式）,サービス業,1580,1580,1534,1570,-10,-0.632911,2300,OK
2026-03-02,9273,コーア商事ホールディングス,プライム（内国株式）,卸売業,891,911,879,909,3,0.331126,81800,OK
2026-03-02,9274,ＫＰＰグループホールディングス,プライム（内国株式）,卸売業,914,930,906,925,-10,-1.069519,421700,OK
2026-03-02,9278,ブックオフグループホールディングス,プライム（内国株式）,小売業,1894,1936,1890,1910,-3,-0.156822,69100,OK
2026-03-02,9279,ギフトホールディングス,プライム（内国株式）,小売業,4175,4230,4125,4200,-15,-0.355872,63900,OK
2026-03-02,9301,三菱倉庫,プライム（内国株式）,倉庫･運輸関連業,1437,1454,1413,1446,13,0.907188,1807700,OK
2026-03-02,9302,三井倉庫ホールディングス,プライム（内国株式）,倉庫･運輸関連業,3739,3819,3718,3819,80,2.13961,268900,OK
2026-03-02,9303,住友倉庫,プライム（内国株式）,倉庫･運輸関連業,4000,4095,3970,4075,30,0.741656,139900,OK
2026-03-02,9304,澁澤倉庫,プライム（内国株式）,倉庫･運輸関連業,1400,1412,1385,1401,-15,-1.059322,99400,OK
2026-03-02,9305,ヤマタネ,プライム（内国株式）,卸売業,2330,2339,2303,2327,2,0.086022,134000,OK
2026-03-02,9306,東陽倉庫,スタンダード（内国株式）,倉庫･運輸関連業,2105,2134,2104,2115,-34,-1.582131,7400,OK
2026-03-02,9307,杉村倉庫,スタンダード（内国株式）,倉庫･運輸関連業,1056,1067,1045,1046,-40,-3.683241,15700,OK
2026-03-02,9308,乾汽船,スタンダード（内国株式）,海運業,1622,1686,1622,1675,27,1.63835,111000,OK
2026-03-02,9310,日本トランスシティ,プライム（内国株式）,倉庫･運輸関連業,1349,1358,1331,1335,-22,-1.621223,64500,OK
2026-03-02,9311,アサガミ,スタンダード（内国株式）,倉庫･運輸関連業,9220,9370,9220,9370,20,0.213904,200,OK
2026-03-02,9312,ケイヒン,スタンダード（内国株式）,倉庫･運輸関連業,3240,3390,3240,3360,10,0.298507,14600,OK
2026-03-02,9313,丸八倉庫,スタンダード（内国株式）,倉庫･運輸関連業,1099,1109,1085,1092,-17,-1.532913,1000,OK
2026-03-02,9319,中央倉庫,プライム（内国株式）,倉庫･運輸関連業,1728,1731,1694,1711,-20,-1.155402,37800,OK
2026-03-02,9322,川西倉庫,スタンダード（内国株式）,倉庫･運輸関連業,2983,3010,2910,2940,-42,-1.408451,7400,OK
2026-03-02,9324,安田倉庫,プライム（内国株式）,倉庫･運輸関連業,2500,2516,2442,2505,-47,-1.841693,132700,OK
2026-03-02,9325,ファイズホールディングス,スタンダード（内国株式）,倉庫･運輸関連業,1200,1208,1180,1191,-9,-0.75,22600,OK
2026-03-02,9326,関通,グロース（内国株式）,倉庫･運輸関連業,466,471,465,470,-4,-0.843882,10900,OK
2026-03-02,9327,イー・ロジット,スタンダード（内国株式）,倉庫･運輸関連業,223,223,217,217,-3,-1.363636,39000,OK
2026-03-02,9330,揚羽,グロース（内国株式）,サービス業,890,918,872,917,15,1.662971,11300,OK
2026-03-02,9331,キャスター,グロース（内国株式）,サービス業,718,733,718,718,0,0,900,OK
2026-03-02,9332,ＮＩＳＳＯホールディングス,プライム（内国株式）,サービス業,687,687,674,679,-13,-1.878613,227300,OK
2026-03-02,9334,アイビスホールディングス,TOKYO PRO MARKET（内国株式）,サービス業,,,,,,,,NO_QUOTE
2026-03-02,9335,テクノクリエイティブ,TOKYO PRO MARKET（内国株式）,サービス業,,,,,,,,NO_QUOTE
2026-03-02,9336,大栄環境,プライム（内国株式）,サービス業,3835,3885,3800,3860,0,0,242600,OK
2026-03-02,9337,トリドリ,グロース（内国株式）,サービス業,1730,1730,1628,1655,-115,-6.497175,105100,OK
2026-03-02,9338,ＩＮＦＯＲＩＣＨ,グロース（内国株式）,サービス業,4540,4545,4540,4540,0,0,396900,OK
2026-03-02,9339,コーチ・エィ,スタンダード（内国株式）,サービス業,1240,1247,1233,1247,-2,-0.160128,1200,OK
2026-03-02,9340,アソインターナショナル,スタンダード（内国株式）,サービス業,708,715,707,709,-2,-0.281294,17400,OK
2026-03-02,9341,ＧＥＮＯＶＡ,プライム（内国株式）,サービス業,621,621,606,615,-14,-2.225755,102900,OK
2026-03-02,9342,スマサポ,グロース（内国株式）,サービス業,1248,1270,1246,1270,7,0.554236,4600,OK
2026-03-02,9343,アイビス,グロース（内国株式）,サービス業,623,627,618,626,-6,-0.949367,104600,OK
2026-03-02,9344,アクシスコンサルティング,グロース（内国株式）,サービス業,912,917,912,917,7,0.769231,3500,OK
2026-03-02,9345,ビズメイツ,グロース（内国株式）,サービス業,669,669,655,667,-2,-0.298954,2300,OK
2026-03-02,9346,ココルポート,グロース（内国株式）,サービス業,1666,1679,1665,1666,-13,-0.77427,3000,OK
2026-03-02,9347,日本管財ホールディングス,プライム（内国株式）,サービス業,2887,2919,2870,2919,5,0.171585,64100,OK
2026-03-02,9348,ｉｓｐａｃｅ,グロース（内国株式）,サービス業,592,612,591,602,-15,-2.431118,1747900,OK
2026-03-02,9351,東洋埠頭,スタンダード（内国株式）,倉庫･運輸関連業,2068,2068,1982,2062,-22,-1.055662,22900,OK
2026-03-02,9353,櫻島埠頭,スタンダード（内国株式）,倉庫･運輸関連業,2625,2641,2500,2586,-60,-2.267574,20400,OK
2026-03-02,9355,リンコーコーポレーション,スタンダード（内国株式）,倉庫･運輸関連業,2183,2200,2169,2200,38,1.757632,2500,OK
2026-03-02,9360,鈴与シンワート,スタンダード（内国株式）,情報･通信業,3000,3025,2999,3005,-15,-0.496689,3500,OK
2026-03-02,9361,伏木海陸運送,スタンダード（内国株式）,倉庫･運輸関連業,2344,2344,2310,2310,-34,-1.450512,300,OK
2026-03-02,9362,兵機海運,スタンダード（内国株式）,倉庫･運輸関連業,,,,,,,,NO_QUOTE
2026-03-02,9363,大運,スタンダード（内国株式）,倉庫･運輸関連業,515,515,503,505,-12,-2.321083,32700,OK
2026-03-02,9364,上組,プライム（内国株式）,倉庫･運輸関連業,5751,5818,5727,5798,-18,-0.309491,250800,OK
2026-03-02,9365,トレーディア,スタンダード（内国株式）,倉庫･運輸関連業,1669,1669,1641,1661,-24,-1.424332,900,OK
2026-03-02,9366,サンリツ,スタンダード（内国株式）,倉庫･運輸関連業,967,974,967,974,-1,-0.102564,3500,OK
2026-03-02,9367,大東港運,スタンダード（内国株式）,倉庫･運輸関連業,2450,2487,2409,2441,-49,-1.967871,12000,OK
2026-03-02,9368,キムラユニティー,スタンダード（内国株式）,倉庫･運輸関連業,972,983,955,973,-10,-1.017294,44100,OK
2026-03-02,9369,キユーソー流通システム,スタンダード（内国株式）,倉庫･運輸関連業,3170,3250,3140,3225,-40,-1.225115,66800,OK
2026-03-02,9376,ユーラシア旅行社,スタンダード（内国株式）,サービス業,932,940,930,940,3,0.320171,3800,OK
2026-03-02,9380,東海運,スタンダード（内国株式）,倉庫･運輸関連業,427,443,420,426,0,0,152800,OK
2026-03-02,9381,エーアイテイー,プライム（内国株式）,倉庫･運輸関連業,2250,2289,2231,2282,-10,-0.4363,30900,OK
2026-03-02,9385,ショーエイコーポレーション,スタンダード（内国株式）,化学,821,839,820,838,2,0.239234,39100,OK
2026-03-02,9401,ＴＢＳホールディングス,プライム（内国株式）,情報･通信業,5834,5884,5792,5847,-63,-1.06599,267200,OK
2026-03-02,9404,日本テレビホールディングス,プライム（内国株式）,情報･通信業,3337,3361,3298,3328,-72,-2.117647,435600,OK
2026-03-02,9405,朝日放送グループホールディングス,プライム（内国株式）,情報･通信業,850,859,848,856,5,0.587544,218900,OK
2026-03-02,9408,ＢＳＮメディアホールディングス,スタンダード（内国株式）,情報･通信業,2702,2702,2702,2702,32,1.198502,100,OK
2026-03-02,9409,テレビ朝日ホールディングス,プライム（内国株式）,情報･通信業,3355,3385,3335,3375,0,0,225400,OK
2026-03-02,9412,スカパーＪＳＡＴホールディングス,プライム（内国株式）,情報･通信業,2871,2947,2868,2923,52,1.811216,1403400,OK
2026-03-02,9413,テレビ東京ホールディングス,プライム（内国株式）,情報･通信業,4375,4395,4340,4345,-110,-2.469136,58600,OK
2026-03-02,9414,日本ＢＳ放送,スタンダード（内国株式）,情報･通信業,979,979,963,968,-22,-2.222222,24300,OK
2026-03-02,9416,ビジョン,プライム（内国株式）,情報･通信業,1300,1303,1269,1276,-44,-3.333333,423600,OK
2026-03-02,9417,スマートバリュー,スタンダード（内国株式）,情報･通信業,354,358,350,358,-2,-0.555556,5200,OK
2026-03-02,9418,Ｕ−ＮＥＸＴ　ＨＯＬＤＩＮＧＳ,プライム（内国株式）,情報･通信業,1840,1850,1826,1841,-20,-1.074691,704300,OK
2026-03-02,9419,ワイヤレスゲート,スタンダード（内国株式）,情報･通信業,323,323,315,322,0,0,52800,OK
2026-03-02,9421,エヌジェイホールディングス,スタンダード（内国株式）,情報･通信業,656,660,649,659,-1,-0.151515,2300,OK
2026-03-02,9423,フォーバル・リアルストレート,スタンダード（内国株式）,情報･通信業,115,117,115,117,1,0.862069,202600,OK
2026-03-02,9424,日本通信,プライム（内国株式）,情報･通信業,136,137,133,134,-5,-3.597122,3335900,OK
2026-03-02,9425,ＲｅＹｕｕ　Ｊａｐａｎ,スタンダード（内国株式）,情報･通信業,365,371,351,357,-16,-4.289544,45300,OK
2026-03-02,9428,クロップス,スタンダード（内国株式）,情報･通信業,1539,1572,1539,1565,25,1.623377,2600,OK
2026-03-02,9432,ＮＴＴ,プライム（内国株式）,情報･通信業,152.5,152.7,151.7,152.3,-1,-0.652316,197437300,OK
2026-03-02,9433,ＫＤＤＩ,プライム（内国株式）,情報･通信業,2687,2688.5,2644,2663,-8,-0.299513,7849200,OK
2026-03-02,9434,ソフトバンク,プライム（内国株式）,情報･通信業,212.8,213.8,211.3,212.7,-1.1,-0.5145,69167200,OK
2026-03-02,94345,ソフトバンク（優先株式）,プライム（内国株式）,情報･通信業,3832,3833,3830,3833,0,0,6600,OK
2026-03-02,94346,ソフトバンク（優先株式）,プライム（内国株式）,情報･通信業,7679,7680,7668,7670,0,0,3000,OK
2026-03-02,9435,光通信,プライム（内国株式）,情報･通信業,43240,44150,42860,43990,-220,-0.497625,89500,OK
2026-03-02,9436,沖縄セルラー電話,スタンダード（内国株式）,情報･通信業,3310,3380,3310,3380,25,0.745156,93800,OK
2026-03-02,9438,エムティーアイ,プライム（内国株式）,情報･通信業,690,695,683,688,-8,-1.149425,42100,OK
2026-03-02,9439,エム・エイチ・グループ,スタンダード（内国株式）,サービス業,229,230,227,228,-1,-0.436681,16500,OK
2026-03-02,9441,ベルパーク,スタンダード（内国株式）,情報･通信業,2601,2624,2588,2608,-21,-0.798783,13500,OK
2026-03-02,9444,トーシンホールディングス,スタンダード（内国株式）,情報･通信業,364,371,363,366,2,0.549451,15900,OK
2026-03-02,9445,フォーバルテレコム,スタンダード（内国株式）,情報･通信業,572,576,572,572,-4,-0.694444,2500,OK
2026-03-02,9446,サカイホールディングス,スタンダード（内国株式）,情報･通信業,735,735,722,728,-12,-1.621622,8400,OK
2026-03-02,9449,ＧＭＯインターネットグループ,プライム（内国株式）,情報･通信業,2922,2983,2893,2939,-58,-1.935269,419300,OK
2026-03-02,9450,ファイバーゲート,スタンダード（内国株式）,情報･通信業,695,703,687,699,-1,-0.142857,65900,OK
2026-03-02,9466,アイドママーケティングコミュニケーション,スタンダード（内国株式）,情報･通信業,244,246,242,244,-2,-0.813008,11000,OK
2026-03-02,9467,アルファポリス,グロース（内国株式）,情報･通信業,1314,1314,1260,1306,-30,-2.245509,217600,OK
2026-03-02,9468,ＫＡＤＯＫＡＷＡ,プライム（内国株式）,情報･通信業,2900,3066,2882.5,3038,142,4.903315,1461600,OK
2026-03-02,9470,学研ホールディングス,プライム（内国株式）,情報･通信業,1059,1067,1050,1062,-5,-0.468604,117700,OK
2026-03-02,9474,ゼンリン,プライム（内国株式）,情報･通信業,1023,1024,1010,1011,-20,-1.939864,254100,OK
2026-03-02,9475,昭文社ホールディングス,スタンダード（内国株式）,情報･通信業,546,550,546,550,4,0.732601,5500,OK
2026-03-02,9476,中央経済社ホールディングス,スタンダード（内国株式）,情報･通信業,962,980,962,980,8,0.823045,19100,OK
2026-03-02,9478,ＳＥホールディングス・アンド・インキュベーションズ,スタンダード（内国株式）,情報･通信業,451,456,440,440,-16,-3.508772,10900,OK
2026-03-02,9501,東京電力ホールディングス,プライム（内国株式）,電気･ガス業,668,674.6,651.2,667.8,-32.6,-4.654483,70340700,OK
2026-03-02,9502,中部電力,プライム（内国株式）,電気･ガス業,2537.5,2580,2513,2574,-63.5,-2.407583,2755000,OK
2026-03-02,9503,関西電力,プライム（内国株式）,電気･ガス業,2723,2760,2681.5,2700,-123,-4.357067,4371000,OK
2026-03-02,9504,中国電力,プライム（内国株式）,電気･ガス業,1045,1060.5,1033,1057.5,-31,-2.847956,2644100,OK
2026-03-02,9505,北陸電力,プライム（内国株式）,電気･ガス業,1077.5,1129.5,1071,1120,12.5,1.128668,2175100,OK
2026-03-02,9506,東北電力,プライム（内国株式）,電気･ガス業,1248,1263.5,1234.5,1261,-34.5,-2.663064,2399200,OK
2026-03-02,9507,四国電力,プライム（内国株式）,電気･ガス業,1725,1744,1706.5,1733,-38,-2.14568,498700,OK
2026-03-02,9508,九州電力,プライム（内国株式）,電気･ガス業,1928,1954,1915.5,1952.5,-61.5,-3.053625,2173000,OK
2026-03-02,9509,北海道電力,プライム（内国株式）,電気･ガス業,1173,1188,1154.5,1169.5,-61,-4.957334,4574200,OK
2026-03-02,9511,沖縄電力,プライム（内国株式）,電気･ガス業,1150,1160,1142,1142,-48,-4.033613,252500,OK
2026-03-02,9513,電源開発,プライム（内国株式）,電気･ガス業,3639,3708,3635,3704,-26,-0.697051,1003500,OK
2026-03-02,9514,エフオン,スタンダード（内国株式）,電気･ガス業,357,357,345,345,-14,-3.899721,156800,OK
2026-03-02,9517,イーレックス,プライム（内国株式）,電気･ガス業,734,743,727,740,4,0.543478,533500,OK
2026-03-02,9519,レノバ,プライム（内国株式）,電気･ガス業,731,733,714,718,-22,-2.972973,704400,OK
2026-03-02,9531,東京瓦斯,プライム（内国株式）,電気･ガス業,7519,7709,7506,7689,33,0.431034,1353800,OK
2026-03-02,9532,大阪瓦斯,プライム（内国株式）,電気･ガス業,6337,6519,6336,6510,-6,-0.092081,952200,OK
2026-03-02,9533,東邦瓦斯,プライム（内国株式）,電気･ガス業,5528,5567,5474,5481,-147,-2.61194,205700,OK
2026-03-02,9534,北海道瓦斯,プライム（内国株式）,電気･ガス業,910,920,897,906,-9,-0.983607,257700,OK
2026-03-02,9535,広島ガス,プライム（内国株式）,電気･ガス業,381,387,379,384,-2,-0.518135,224100,OK
2026-03-02,9536,西部ガスホールディングス,プライム（内国株式）,電気･ガス業,2580,2626,2563,2625,26,1.000385,167900,OK
2026-03-02,9537,北陸瓦斯,スタンダード（内国株式）,電気･ガス業,4400,4605,4400,4605,90,1.993355,5100,OK
2026-03-02,9539,京葉瓦斯,スタンダード（内国株式）,電気･ガス業,1366,1390,1366,1389,-1,-0.071942,4100,OK
2026-03-02,9543,静岡ガス,プライム（内国株式）,電気･ガス業,1510,1528,1490,1528,5,0.328299,287300,OK
2026-03-02,9551,メタウォーター,プライム（内国株式）,電気･ガス業,4100,4220,4055,4145,-55,-1.309524,143000,OK
2026-03-02,9552,クオンツ総研ホールディングス,プライム（内国株式）,サービス業,747,747,725,725,-34,-4.479578,596100,OK
2026-03-02,9553,マイクロアド,グロース（内国株式）,サービス業,858,899,841,866,-7,-0.801833,627900,OK
2026-03-02,9554,ＡＶｉＣ,グロース（内国株式）,サービス業,1410,1428,1378,1380,-78,-5.349794,64500,OK
2026-03-02,9556,ＩＮＴＬＯＯＰ,グロース（内国株式）,サービス業,3025,3025,2951,2951,-134,-4.343598,55800,OK
2026-03-02,9557,エアークローゼット,グロース（内国株式）,サービス業,237,242,228,234,-10,-4.098361,65000,OK
2026-03-02,9558,ジャパニアス,グロース（内国株式）,サービス業,2150,2150,2120,2140,-11,-0.51139,14500,OK
2026-03-02,9560,プログリット,グロース（内国株式）,サービス業,780,780,735,740,-45,-5.732484,205400,OK
2026-03-02,9561,グラッドキューブ,グロース（内国株式）,サービス業,425,437,425,430,-11,-2.494331,19500,OK
2026-03-02,9562,ビジネスコーチ,グロース（内国株式）,サービス業,2463,2477,2406,2406,-63,-2.55164,7800,OK
2026-03-02,9563,Ａｔｌａｓ　Ｔｅｃｈｎｏｌｏｇｉｅｓ,グロース（内国株式）,サービス業,293,295,291,295,3,1.027397,5400,OK
2026-03-02,9564,ＦＣＥ,スタンダード（内国株式）,サービス業,522,522,507,510,-17,-3.225806,216100,OK
2026-03-02,9565,ＧＬＯＥ,グロース（内国株式）,サービス業,742,748,740,741,-1,-0.134771,2700,OK
2026-03-02,9601,松竹,プライム（内国株式）,情報･通信業,10980,10980,10760,10910,-170,-1.534296,85200,OK
2026-03-02,9602,東宝,プライム（内国株式）,情報･通信業,1549,1550,1521,1522.5,-42.5,-2.715655,2606600,OK
2026-03-02,9603,エイチ・アイ・エス,プライム（内国株式）,サービス業,1239,1239,1199,1215,-65,-5.078125,1129500,OK
2026-03-02,9605,東映,プライム（内国株式）,情報･通信業,5390,5430,5320,5320,-80,-1.481481,77200,OK
2026-03-02,9610,ウィルソン・ラーニング　ワールドワイド,スタンダード（内国株式）,サービス業,170,170,162,163,-11,-6.321839,254800,OK
2026-03-02,9612,ラックランド,プライム（内国株式）,サービス業,1699,1734,1699,1729,-50,-2.810568,132200,OK
2026-03-02,9616,共立メンテナンス,プライム（内国株式）,サービス業,2650,2693.5,2636,2686,13.5,0.505145,966000,OK
2026-03-02,9619,イチネンホールディングス,プライム（内国株式）,サービス業,2164,2164,2123,2131,-55,-2.516011,45600,OK
2026-03-02,9621,建設技術研究所,プライム（内国株式）,サービス業,3390,3425,3350,3385,-105,-3.008596,89300,OK
2026-03-02,9622,スペース,プライム（内国株式）,サービス業,1681,1681,1655,1663,-43,-2.520516,56800,OK
2026-03-02,9625,セレスポ,スタンダード（内国株式）,サービス業,1123,1137,1123,1133,-9,-0.788091,3400,OK
2026-03-02,9627,アインホールディングス,プライム（内国株式）,小売業,6144,6210,6088,6108,-62,-1.004862,71900,OK
2026-03-02,9628,燦ホールディングス,プライム（内国株式）,サービス業,1495,1539,1495,1522,7,0.462046,165000,OK
2026-03-02,9629,ピー・シー・エー,プライム（内国株式）,情報･通信業,1960,1965,1930,1938,-31,-1.574403,44300,OK
2026-03-02,9632,スバル興業,スタンダード（内国株式）,サービス業,3590,3705,3570,3655,0,0,29000,OK
2026-03-02,9633,東京テアトル,スタンダード（内国株式）,不動産業,1576,1582,1555,1567,-21,-1.322418,26600,OK
2026-03-02,9635,武蔵野興業,スタンダード（内国株式）,サービス業,2595,2631,2595,2628,28,1.076923,400,OK
2026-03-02,9636,きんえい,スタンダード（内国株式）,サービス業,4105,4105,4100,4105,0,0,600,OK
2026-03-02,9639,三協フロンテア,スタンダード（内国株式）,サービス業,2255,2262,2235,2262,-11,-0.483942,10800,OK
2026-03-02,9640,セゾンテクノロジー,スタンダード（内国株式）,情報･通信業,2399,2480,2338,2447,198,8.803913,77300,OK
2026-03-02,9644,タナベコンサルティンググループ,プライム（内国株式）,サービス業,748,748,735,736,-12,-1.604278,93000,OK
2026-03-02,9647,協和コンサルタンツ,スタンダード（内国株式）,サービス業,8500,8500,8470,8480,-160,-1.851852,300,OK
2026-03-02,9651,日本プロセス,スタンダード（内国株式）,情報･通信業,1834,1834,1798,1811,-29,-1.576087,2200,OK
2026-03-02,9656,グリーンランドリゾート,スタンダード（内国株式）,サービス業,610,612,610,611,-1,-0.163399,1700,OK
2026-03-02,9658,ビジネスブレイン太田昭和,プライム（内国株式）,情報･通信業,3100,3120,3080,3095,20,0.650407,45100,OK
2026-03-02,9661,歌舞伎座,スタンダード（内国株式）,サービス業,4515,4520,4490,4495,-20,-0.442968,20800,OK
2026-03-02,9663,ナガワ,プライム（内国株式）,サービス業,6180,6260,6160,6190,-90,-1.433121,30700,OK
2026-03-02,9672,東京都競馬,プライム（内国株式）,サービス業,6010,6080,5950,6040,70,1.172529,71000,OK
2026-03-02,9678,カナモト,プライム（内国株式）,サービス業,4290,4360,4265,4345,-15,-0.344037,138400,OK
2026-03-02,9679,ホウライ,スタンダード（内国株式）,サービス業,2130,2184,2125,2183,53,2.488263,1300,OK
2026-03-02,9682,ＤＴＳ,プライム（内国株式）,情報･通信業,1113,1128,1104,1115,-28,-2.449694,615000,OK
2026-03-02,9684,スクウェア・エニックス・ホールディングス,プライム（内国株式）,情報･通信業,2535,2577,2520.5,2547.5,-27,-1.048747,1382600,OK
2026-03-02,9685,ＫＹＣＯＭホールディングス,スタンダード（内国株式）,情報･通信業,666,666,658,660,4,0.609756,7800,OK
2026-03-02,9686,東洋テック,スタンダード（内国株式）,サービス業,1825,1900,1800,1809,-23,-1.255459,16700,OK
2026-03-02,9687,ＫＳＫ,スタンダード（内国株式）,情報･通信業,4410,4410,4350,4350,-60,-1.360544,7500,OK
2026-03-02,9691,両毛システムズ,スタンダード（内国株式）,情報･通信業,4515,4515,4470,4495,-90,-1.962923,1000,OK
2026-03-02,9692,シーイーシー,プライム（内国株式）,情報･通信業,1950,1988,1932,1965,-32,-1.602404,172000,OK
2026-03-02,9697,カプコン,プライム（内国株式）,情報･通信業,3612,3655,3529,3636,43,1.196772,5486100,OK
2026-03-02,9698,クレオ,スタンダード（内国株式）,情報･通信業,1208,1212,1199,1201,-7,-0.57947,15900,OK
2026-03-02,9699,ニシオホールディングス,プライム（内国株式）,サービス業,4550,4630,4515,4605,-45,-0.967742,42000,OK
2026-03-02,9701,東京會舘,スタンダード（内国株式）,サービス業,4570,4600,4560,4590,-10,-0.217391,1200,OK
2026-03-02,9702,アイ・エス・ビー,プライム（内国株式）,情報･通信業,1961,2007,1961,2004,5,0.250125,62700,OK
2026-03-02,9704,アゴーラ　ホスピタリティー　グループ,スタンダード（内国株式）,サービス業,46,46,44,45,-2,-4.255319,1027300,OK
2026-03-02,9706,日本空港ビルデング,プライム（内国株式）,不動産業,5251,5319,5227,5281,-53,-0.993626,376500,OK
2026-03-02,9708,帝国ホテル,スタンダード（内国株式）,サービス業,1451,1468,1418,1467,-29,-1.938503,130600,OK
2026-03-02,9709,ＮＣＳ＆Ａ,スタンダード（内国株式）,情報･通信業,1709,1730,1690,1730,16,0.933489,26200,OK
2026-03-02,9713,ロイヤルホテル,スタンダード（内国株式）,サービス業,925,928,911,918,-17,-1.818182,35800,OK
2026-03-02,9715,トランス・コスモス,プライム（内国株式）,サービス業,4040,4065,4005,4045,-40,-0.979192,63500,OK
2026-03-02,9716,乃村工藝社,プライム（内国株式）,サービス業,1430,1463,1417,1458,-8,-0.545703,339400,OK
2026-03-02,9719,ＳＣＳＫ,プライム（内国株式）,情報･通信業,5670,5680,5660,5670,-10,-0.176056,101400,OK
2026-03-02,9720,ホテル、ニューグランド,スタンダード（内国株式）,サービス業,5830,5920,5790,5790,-120,-2.030457,1300,OK
2026-03-02,9722,藤田観光,プライム（内国株式）,サービス業,2330,2359,2294,2351,-4,-0.169851,277800,OK
2026-03-02,9723,京都ホテル,スタンダード（内国株式）,サービス業,650,665,643,652,5,0.772798,32000,OK
2026-03-02,9726,ＫＮＴ−ＣＴホールディングス,スタンダード（内国株式）,サービス業,1686,1721,1669,1704,-31,-1.786744,52000,OK
2026-03-02,9729,トーカイ,プライム（内国株式）,サービス業,2588,2641,2582,2616,8,0.306748,39800,OK
2026-03-02,9731,白洋舎,スタンダード（内国株式）,サービス業,3700,3810,3635,3810,110,2.972973,17700,OK
2026-03-02,9733,ナガセ,スタンダード（内国株式）,サービス業,2800,2805,2756,2778,-29,-1.033131,140600,OK
2026-03-02,9735,セコム,プライム（内国株式）,サービス業,5977,6067,5953,6008,-30,-0.496853,937200,OK
2026-03-02,9739,ＮＳＷ,プライム（内国株式）,情報･通信業,2417,2430,2397,2405,-62,-2.513174,38600,OK
2026-03-02,9740,セントラル警備保障,プライム（内国株式）,サービス業,3070,3070,2976,3010,-60,-1.954397,15100,OK
2026-03-02,9742,アイネス,プライム（内国株式）,情報･通信業,2120,2174,2100,2138,13,0.611765,69200,OK
2026-03-02,9743,丹青社,プライム（内国株式）,サービス業,1586,1613,1563,1602,-24,-1.476015,405700,OK
2026-03-02,9744,メイテックグループホールディングス,プライム（内国株式）,サービス業,3395,3442,3384,3438,-1,-0.029078,470200,OK
2026-03-02,9746,ＴＫＣ,プライム（内国株式）,情報･通信業,4000,4075,3975,4055,25,0.620347,143400,OK
2026-03-02,9753,アイエックス・ナレッジ,スタンダード（内国株式）,情報･通信業,1420,1427,1398,1403,-17,-1.197183,9500,OK
2026-03-02,9755,応用地質,プライム（内国株式）,サービス業,3105,3170,3075,3155,40,1.284109,71700,OK
2026-03-02,9757,船井総研ホールディングス,プライム（内国株式）,サービス業,1140,1149,1118,1140,-16,-1.384083,582900,OK
2026-03-02,9759,ＮＳＤ,プライム（内国株式）,情報･通信業,2825.5,2829,2781,2796,-55.5,-1.946344,567500,OK
2026-03-02,9760,進学会ホールディングス,スタンダード（内国株式）,サービス業,161,162,161,161,-1,-0.617284,36400,OK
2026-03-02,9761,東海リース,スタンダード（内国株式）,サービス業,2691,2720,2651,2700,-39,-1.423877,9300,OK
2026-03-02,9763,丸建リース,スタンダード（内国株式）,卸売業,4990,4990,4880,4925,-75,-1.5,10100,OK
2026-03-02,9765,オオバ,プライム（内国株式）,サービス業,1215,1215,1193,1207,-21,-1.710098,35200,OK
2026-03-02,9766,コナミグループ,プライム（内国株式）,情報･通信業,20365,20750,20280,20495,-335,-1.608257,471800,OK
2026-03-02,9767,日建工学,スタンダード（内国株式）,サービス業,1661,1693,1650,1693,1,0.059102,2000,OK
2026-03-02,9768,いであ,スタンダード（内国株式）,サービス業,4465,4490,4360,4420,-155,-3.387978,40100,OK
2026-03-02,9769,学究社,プライム（内国株式）,サービス業,2430,2449,2423,2434,-19,-0.774562,19000,OK
2026-03-02,9778,昴,スタンダード（内国株式）,サービス業,5760,5760,5710,5720,-50,-0.866551,1300,OK
2026-03-02,9780,ハリマビステム,スタンダード（内国株式）,サービス業,1030,1032,1010,1023,-4,-0.389484,10900,OK
2026-03-02,9782,ディーエムエス,スタンダード（内国株式）,サービス業,4020,4030,3930,4000,-90,-2.200489,81900,OK
2026-03-02,9788,ナック,プライム（内国株式）,サービス業,548,549,541,543,-7,-1.272727,173100,OK
2026-03-02,9790,福井コンピュータホールディングス,プライム（内国株式）,情報･通信業,3380,3445,3370,3425,-10,-0.291121,49600,OK
2026-03-02,9791,ビケンテクノ,スタンダード（内国株式）,サービス業,1424,1430,1418,1418,-18,-1.253482,3800,OK
2026-03-02,9793,ダイセキ,プライム（内国株式）,サービス業,3905,4000,3895,3980,25,0.632111,158400,OK
2026-03-02,9795,ステップ,プライム（内国株式）,サービス業,2552,2556,2525,2533,-32,-1.247563,17000,OK
2026-03-02,9799,旭情報サービス,スタンダード（内国株式）,情報･通信業,1145,1145,1099,1114,-32,-2.792321,22100,OK
2026-03-02,9812,テーオーホールディングス,スタンダード（内国株式）,卸売業,275,279,275,278,2,0.724638,14600,OK
2026-03-02,9816,ストライダーズ,スタンダード（内国株式）,不動産業,330,334,324,324,0,0,16400,OK
2026-03-02,9818,大丸エナウィン,スタンダード（内国株式）,卸売業,1863,1876,1849,1874,9,0.482574,1000,OK
2026-03-02,9820,エムティジェネックス,スタンダード（内国株式）,不動産業,4185,4190,3925,4100,-35,-0.846433,3200,OK
2026-03-02,9823,マミーマートホールディングス,スタンダード（内国株式）,小売業,1738,1789,1733,1783,34,1.943968,105600,OK
2026-03-02,9824,泉州電業,プライム（内国株式）,卸売業,6320,6430,6230,6400,-50,-0.775194,63300,OK
2026-03-02,9827,リリカラ,スタンダード（内国株式）,卸売業,673,675,669,671,-7,-1.032448,36000,OK
2026-03-02,9828,Ｇｅｎｋｉ　Ｇｌｏｂａｌ　Ｄｉｎｉｎｇ　Ｃｏｎｃｅｐｔｓ,スタンダード（内国株式）,小売業,2975,2989,2941,2951,-59,-1.960133,115800,OK
2026-03-02,9830,トラスコ中山,プライム（内国株式）,卸売業,2517,2568,2508,2563,40,1.585414,223300,OK
2026-03-02,9831,ヤマダホールディングス,プライム（内国株式）,小売業,577,583.1,572.4,577.2,-3.4,-0.585601,3551900,OK
2026-03-02,9832,オートバックスセブン,プライム（内国株式）,卸売業,1760,1781,1757,1776,-1,-0.056275,300900,OK
2026-03-02,9835,ジュンテンドー,スタンダード（内国株式）,小売業,520,523,518,522,2,0.384615,7700,OK
2026-03-02,9837,モリト,プライム（内国株式）,卸売業,2093,2121,2076,2112,4,0.189753,105100,OK
2026-03-02,9842,アークランズ,プライム（内国株式）,小売業,1938,1959,1920,1955,-1,-0.051125,244300,OK
2026-03-02,9843,ニトリホールディングス,プライム（内国株式）,小売業,3050,3145,3034,3097,-31,-0.991049,2180800,OK
2026-03-02,9845,パーカーコーポレーション,スタンダード（内国株式）,化学,1691,1719,1688,1692,-39,-2.253033,19600,OK
2026-03-02,9846,天満屋ストア,スタンダード（内国株式）,小売業,975,978,973,973,-5,-0.511247,7100,OK
2026-03-02,9849,共同紙販ホールディングス,スタンダード（内国株式）,卸売業,4585,4610,4585,4610,30,0.655022,700,OK
2026-03-02,9850,グルメ杵屋,プライム（内国株式）,小売業,1001,1005,995,995,-9,-0.896414,70500,OK
2026-03-02,9853,銀座ルノアール,スタンダード（内国株式）,小売業,945,955,940,953,-4,-0.417973,10100,OK
2026-03-02,9854,愛眼,スタンダード（内国株式）,小売業,241,245,235,241,-8,-3.212851,105200,OK
2026-03-02,9856,ケーユーホールディングス,スタンダード（内国株式）,小売業,1313,1339,1313,1326,-8,-0.5997,69400,OK
2026-03-02,9857,英和,スタンダード（内国株式）,卸売業,2740,2740,2710,2719,-28,-1.019294,800,OK
2026-03-02,9861,吉野家ホールディングス,プライム（内国株式）,小売業,3051,3123,3036,3096,3,0.096993,810600,OK
2026-03-02,9867,ソレキア,スタンダード（内国株式）,卸売業,11500,11510,11190,11460,-40,-0.347826,1600,OK
2026-03-02,9869,加藤産業,プライム（内国株式）,卸売業,6840,6940,6790,6810,-30,-0.438596,31100,OK
2026-03-02,9872,北恵,スタンダード（内国株式）,卸売業,896,896,892,892,-4,-0.446429,2400,OK
2026-03-02,9876,コックス,スタンダード（内国株式）,小売業,248,324,245,273,23,9.2,1410800,OK
2026-03-02,9878,セキド,スタンダード（内国株式）,小売業,580,583,556,575,-44,-7.108239,84300,OK
2026-03-02,9880,イノテック,プライム（内国株式）,電気機器,2890,2890,2812,2869,-48,-1.645526,140300,OK
2026-03-02,9882,イエローハット,プライム（内国株式）,卸売業,1750,1755,1730,1746,-13,-0.739056,129200,OK
2026-03-02,9885,シャルレ,スタンダード（内国株式）,卸売業,364,364,358,358,-8,-2.185792,14600,OK
2026-03-02,9887,松屋フーズホールディングス,プライム（内国株式）,小売業,5950,5950,5870,5900,-130,-2.155887,205900,OK
2026-03-02,9888,ＵＥＸ,スタンダード（内国株式）,卸売業,877,895,868,882,5,0.570125,42400,OK
2026-03-02,9889,ＪＢＣＣホールディングス,プライム（内国株式）,情報･通信業,1326,1346,1315,1338,-16,-1.181684,212800,OK
2026-03-02,9890,マキヤ,スタンダード（内国株式）,小売業,1240,1245,1230,1239,-7,-0.561798,4700,OK
2026-03-02,9895,コンセック,スタンダード（内国株式）,卸売業,1332,1332,1311,1315,-17,-1.276276,1800,OK
2026-03-02,9896,ＪＫホールディングス,スタンダード（内国株式）,卸売業,1531,1571,1530,1560,0,0,30500,OK
2026-03-02,9900,サガミホールディングス,プライム（内国株式）,小売業,1886,1891,1867,1868,-31,-1.632438,200300,OK
2026-03-02,9902,日伝,プライム（内国株式）,卸売業,2532,2532,2466,2491,-69,-2.695312,169300,OK
2026-03-02,9903,カンセキ,スタンダード（内国株式）,小売業,860,869,860,864,4,0.465116,1800,OK
2026-03-02,9904,ベリテ,スタンダード（内国株式）,小売業,418,423,412,423,5,1.196172,79900,OK
2026-03-02,9906,藤井産業,スタンダード（内国株式）,卸売業,4150,4210,4050,4210,25,0.597372,8800,OK
2026-03-02,9908,日本電計,スタンダード（内国株式）,卸売業,2668,2668,2592,2629,-52,-1.939575,14800,OK
2026-03-02,9913,日邦産業,スタンダード（内国株式）,卸売業,3750,3820,3730,3820,25,0.658762,8500,OK
2026-03-02,9914,植松商会,スタンダード（内国株式）,卸売業,1152,1163,1152,1163,11,0.954861,1000,OK
2026-03-02,9927,ワットマン,スタンダード（内国株式）,小売業,970,970,969,969,0,0,62100,OK
2026-03-02,9928,ミロク情報サービス,プライム（内国株式）,情報･通信業,1770,1792,1753,1782,-21,-1.164725,71400,OK
2026-03-02,9929,平和紙業,スタンダード（内国株式）,卸売業,492,510,486,510,18,3.658537,3100,OK
2026-03-02,9930,北沢産業,スタンダード（内国株式）,卸売業,353,356,353,356,-2,-0.558659,2600,OK
2026-03-02,9932,杉本商事,プライム（内国株式）,卸売業,1420,1420,1392,1405,-28,-1.953943,94700,OK
2026-03-02,9934,因幡電機産業,プライム（内国株式）,卸売業,2796,2846.5,2796,2833,-42.5,-1.478004,185600,OK
2026-03-02,9936,王将フードサービス,プライム（内国株式）,小売業,3225,3255,3210,3210,-40,-1.230769,186600,OK
2026-03-02,9941,太洋物産,スタンダード（内国株式）,卸売業,741,741,724,727,-21,-2.807487,5100,OK
2026-03-02,9946,ミニストップ,プライム（内国株式）,小売業,1890,1890,1861,1865,-30,-1.583113,225500,OK
2026-03-02,9948,アークス,プライム（内国株式）,小売業,3900,3900,3830,3860,-30,-0.771208,102100,OK
2026-03-02,9950,ハチバン,スタンダード（内国株式）,小売業,3495,3500,3490,3500,0,0,2900,OK
2026-03-02,9955,ヨンキュウ,スタンダード（内国株式）,卸売業,3045,3060,3025,3040,-45,-1.458671,7500,OK
2026-03-02,9956,バローホールディングス,プライム（内国株式）,小売業,3710,3755,3675,3705,-50,-1.331558,101200,OK
2026-03-02,9959,アシードホールディングス,スタンダード（内国株式）,小売業,1029,1089,1027,1060,11,1.048618,10900,OK
2026-03-02,9960,東テク,プライム（内国株式）,卸売業,4430,4525,4350,4510,-60,-1.31291,69700,OK
2026-03-02,9962,ミスミグループ本社,プライム（内国株式）,卸売業,3078,3118,3042,3118,-30,-0.952986,810800,OK
2026-03-02,9969,ショクブン,スタンダード（内国株式）,小売業,261,263,260,262,1,0.383142,17000,OK
2026-03-02,9972,アルテック,スタンダード（内国株式）,卸売業,277,280,276,277,-3,-1.071429,9300,OK
2026-03-02,9973,ＫＯＺＯホールディングス,スタンダード（内国株式）,小売業,27,27,26,26,-1,-3.703704,1043300,OK
2026-03-02,9974,ベルク,プライム（内国株式）,小売業,8010,8050,7910,7950,-120,-1.486989,33100,OK
2026-03-02,9976,セキチュー,スタンダード（内国株式）,小売業,1038,1041,1035,1041,-1,-0.095969,1300,OK
2026-03-02,9978,文教堂グループホールディングス,スタンダード（内国株式）,小売業,50,51,50,50,0,0,52000,OK
2026-03-02,9979,大庄,スタンダード（内国株式）,小売業,1175,1175,1150,1150,-42,-3.52349,68500,OK
2026-03-02,9980,ＭＲＫホールディングス,スタンダード（内国株式）,小売業,141,182,139,159,23,16.911765,31114100,OK
2026-03-02,9982,タキヒヨー,スタンダード（内国株式）,卸売業,2170,2198,2153,2161,-29,-1.324201,12800,OK
2026-03-02,9983,ファーストリテイリング,プライム（内国株式）,小売業,67910,68980,67470,67750,-1280,-1.854266,890400,OK
2026-03-02,9984,ソフトバンクグループ,プライム（内国株式）,情報･通信業,4010,4103,3962,4046,-43,-1.051602,33867000,OK
2026-03-02,9986,蔵王産業,スタンダード（内国株式）,卸売業,2645,2650,2628,2628,-17,-0.642722,3400,OK
2026-03-02,9987,スズケン,プライム（内国株式）,卸売業,6538,6612,6512,6584,-22,-0.333031,259900,OK
2026-03-02,9989,サンドラッグ,プライム（内国株式）,小売業,4245,4310,4223,4240,18,0.426338,693800,OK
2026-03-02,9990,サックスバー　ホールディングス,プライム（内国株式）,小売業,846,847,838,842,-8,-0.941176,155800,OK
2026-03-02,9991,ジェコス,プライム（内国株式）,卸売業,1909,1931,1880,1922,-9,-0.46608,99900,OK
2026-03-02,9993,ヤマザワ,スタンダード（内国株式）,小売業,1182,1187,1178,1179,-8,-0.673968,9300,OK
2026-03-02,9994,やまや,スタンダード（内国株式）,小売業,2306,2321,2295,2321,-3,-0.129088,5600,OK
2026-03-02,9996,サトー商会,スタンダード（内国株式）,卸売業,2433,2445,2409,2416,-22,-0.902379,1100,OK
2026-03-02,9997,ベルーナ,プライム（内国株式）,小売業,979,988,972,984,-5,-0.505561,245400,OK
