日付,銘柄コード,銘柄名,市場・商品区分,33業種区分,始値,高値,安値,終値,前日比,前日比％,売買高(株),取得状態
2026-06-03,1301,極洋,プライム（内国株式）,水産・農林業,4215,4240,4190,4230,5,0.118343,60100,OK
2026-06-03,130A,Ｖｅｒｉｔａｓ　Ｉｎ　Ｓｉｌｉｃｏ,グロース（内国株式）,医薬品,422,425,406,414,-11,-2.588235,15600,OK
2026-06-03,131A,ＣＣＮグループ,TOKYO PRO MARKET（内国株式）,情報･通信業,,,,,,,,NO_QUOTE
2026-06-03,132A,アイエヌホールディングス,TOKYO PRO MARKET（内国株式）,陸運業,,,,,,,,NO_QUOTE
2026-06-03,1332,ニッスイ,プライム（内国株式）,水産・農林業,1260.5,1282.5,1256.5,1266.5,-1,-0.078895,1346300,OK
2026-06-03,1333,Ｕｍｉｏｓ,プライム（内国株式）,水産・農林業,1235.5,1265.5,1235.5,1259,14.5,1.165127,524500,OK
2026-06-03,134A,アプライズ,TOKYO PRO MARKET（内国株式）,サービス業,,,,,,,,NO_QUOTE
2026-06-03,135A,ＶＲＡＩＮ　Ｓｏｌｕｔｉｏｎ,グロース（内国株式）,情報･通信業,4130,4145,3935,4010,-115,-2.787879,137200,OK
2026-06-03,136A,三興商事,TOKYO PRO MARKET（内国株式）,建設業,,,,,,,,NO_QUOTE
2026-06-03,1375,ユキグニファクトリー,プライム（内国株式）,水産・農林業,1043,1057,1042,1057,17,1.634615,39300,OK
2026-06-03,1376,カネコ種苗,スタンダード（内国株式）,水産・農林業,1367,1412,1364,1412,45,3.29188,34500,OK
2026-06-03,1377,サカタのタネ,プライム（内国株式）,水産・農林業,4125,4195,4125,4185,55,1.331719,139400,OK
2026-06-03,1379,ホクト,プライム（内国株式）,水産・農林業,1785,1825,1779,1822,34,1.901566,119400,OK
2026-06-03,137A,Ｃｏｃｏｌｉｖｅ,グロース（内国株式）,情報･通信業,570,574,549,560,0,0,32800,OK
2026-06-03,1380,秋川牧園,スタンダード（内国株式）,水産・農林業,1001,1005,1001,1003,3,0.3,500,OK
2026-06-03,1381,アクシーズ,スタンダード（内国株式）,水産・農林業,3770,3790,3745,3765,-10,-0.264901,6900,OK
2026-06-03,1382,ホーブ,スタンダード（内国株式）,水産・農林業,1535,1535,1520,1520,0,0,200,OK
2026-06-03,1383,ベルグアース,スタンダード（内国株式）,水産・農林業,2860,2873,2840,2854,-6,-0.20979,8900,OK
2026-06-03,1384,ホクリヨウ,スタンダード（内国株式）,水産・農林業,2010,2029,1982,2015,5,0.248756,17800,OK
2026-06-03,138A,光フードサービス,グロース（内国株式）,小売業,2899,2909,2899,2902,10,0.345781,1100,OK
2026-06-03,139A,東日本地所,TOKYO PRO MARKET（内国株式）,不動産業,,,,,,,,NO_QUOTE
2026-06-03,1401,エムビーエス,グロース（内国株式）,建設業,1300,1305,1288,1290,0,0,3500,OK
2026-06-03,1407,ウエストホールディングス,スタンダード（内国株式）,建設業,2524,2612,2503,2578,89,3.575733,632200,OK
2026-06-03,1414,ショーボンドホールディングス,プライム（内国株式）,建設業,1235,1248,1225.5,1243.5,11.5,0.933442,805500,OK
2026-06-03,1417,ミライト・ワン,プライム（内国株式）,建設業,3820,3866,3794,3828,21,0.551615,269600,OK
2026-06-03,1418,インターライフホールディングス,スタンダード（内国株式）,建設業,506,508,499,505,-3,-0.590551,114500,OK
2026-06-03,1419,タマホーム,プライム（内国株式）,建設業,2887,2911,2803,2836,-36,-1.253482,423500,OK
2026-06-03,141A,トライアルホールディングス,グロース（内国株式）,小売業,2538,2734,2506,2734,164,6.381323,2080500,OK
2026-06-03,1420,サンヨーホームズ,スタンダード（内国株式）,建設業,614,618,610,616,9,1.482702,42200,OK
2026-06-03,1429,日本アクア,プライム（内国株式）,建設業,693,710,693,708,15,2.164502,206800,OK
2026-06-03,142A,ジンジブ,グロース（内国株式）,サービス業,831,835,810,830,-10,-1.190476,15000,OK
2026-06-03,1430,ファーストコーポレーション,スタンダード（内国株式）,建設業,873,876,853,856,-15,-1.722158,79400,OK
2026-06-03,1431,Ｌｉｂ　Ｗｏｒｋ,グロース（内国株式）,建設業,641,645,641,642,-2,-0.310559,19200,OK
2026-06-03,1432,動力,TOKYO PRO MARKET（内国株式）,建設業,,,,,,,,NO_QUOTE
2026-06-03,1433,ベステラ,プライム（内国株式）,建設業,1019,1025,1005,1014,-1,-0.098522,42400,OK
2026-06-03,1434,ＪＥＳＣＯホールディングス,スタンダード（内国株式）,建設業,1981,2042,1931,2033,77,3.936605,43900,OK
2026-06-03,1435,ｒｏｂｏｔ　ｈｏｍｅ,スタンダード（内国株式）,不動産業,159,163,158,161,2,1.257862,435200,OK
2026-06-03,1436,グリーンエナジー＆カンパニー,グロース（内国株式）,建設業,1740,1749,1662,1686,-38,-2.204176,119100,OK
2026-06-03,1438,岐阜造園,スタンダード（内国株式）,建設業,1869,1869,1835,1860,15,0.813008,2400,OK
2026-06-03,143A,イシン,グロース（内国株式）,サービス業,675,690,666,690,8,1.173021,7700,OK
2026-06-03,1443,技研ホールディングス,スタンダード（内国株式）,建設業,233,236,229,231,-1,-0.431034,65900,OK
2026-06-03,1444,ニッソウ,グロース（内国株式）,建設業,2776,2794,2763,2785,15,0.541516,900,OK
2026-06-03,1445,ひかりホールディングス,TOKYO PRO MARKET（内国株式）,建設業,,,,,,,,NO_QUOTE
2026-06-03,1446,キャンディル,スタンダード（内国株式）,建設業,525,526,524,524,-2,-0.380228,4100,OK
2026-06-03,1447,ＳＡＡＦホールディングス,グロース（内国株式）,建設業,288,290,283,284,-6,-2.068966,53500,OK
2026-06-03,144A,エネルギーパワー,TOKYO PRO MARKET（内国株式）,建設業,,,,,,,,NO_QUOTE
2026-06-03,1450,ＴＡＮＡＫＥＮ,スタンダード（内国株式）,建設業,1390,1405,1377,1390,-33,-2.319044,24500,OK
2026-06-03,1452,横浜ライト工業,TOKYO PRO MARKET（内国株式）,建設業,,,,,,,,NO_QUOTE
2026-06-03,145A,Ｌ　ｉｓ　Ｂ,グロース（内国株式）,情報･通信業,841,848,820,848,-5,-0.586166,5400,OK
2026-06-03,146A,コロンビア・ワークス,スタンダード（内国株式）,不動産業,2670,2725,2630,2712,16,0.593472,102600,OK
2026-06-03,147A,ソラコム,グロース（内国株式）,情報･通信業,1172,1190,1145,1172,0,0,114700,OK
2026-06-03,148A,ハッチ・ワーク,グロース（内国株式）,情報･通信業,1728,1728,1713,1726,-2,-0.115741,1800,OK
2026-06-03,1491,中外鉱業,スタンダード（内国株式）,非鉄金属,718,726,707,716,8,1.129944,58000,OK
2026-06-03,149A,シンカ,グロース（内国株式）,情報･通信業,787,804,781,800,13,1.651842,15000,OK
2026-06-03,150A,ＪＳＨ,グロース（内国株式）,サービス業,352,355,351,352,-1,-0.283286,7200,OK
2026-06-03,1514,住石ホールディングス,スタンダード（内国株式）,鉱業,564,569,558,561,-8,-1.405975,332800,OK
2026-06-03,1515,日鉄鉱業,プライム（内国株式）,鉱業,2408,2585,2407,2579,242,10.355156,1205300,OK
2026-06-03,1518,三井松島ホールディングス,プライム（内国株式）,その他製品,1415,1432,1397,1421,9,0.637394,152500,OK
2026-06-03,151A,ダイブ,グロース（内国株式）,サービス業,604,604,589,597,-1,-0.167224,19400,OK
2026-06-03,152A,オプティ,TOKYO PRO MARKET（内国株式）,卸売業,,,,,,,,NO_QUOTE
2026-06-03,153A,カウリス,グロース（内国株式）,情報･通信業,1800,1839,1666,1667,-134,-7.440311,101900,OK
2026-06-03,154A,ＧＡＩＡ,TOKYO PRO MARKET（内国株式）,その他金融業,,,,,,,,NO_QUOTE
2026-06-03,155A,情報戦略テクノロジー,グロース（内国株式）,情報･通信業,835,889,828,833,5,0.603865,115500,OK
2026-06-03,156A,マテリアルグループ,グロース（内国株式）,サービス業,825,829,807,829,2,0.241838,40000,OK
2026-06-03,157A,グリーンモンスター,グロース（内国株式）,サービス業,865,930,854,927,61,7.04388,62000,OK
2026-06-03,158A,エクセリ,TOKYO PRO MARKET（内国株式）,小売業,,,,,,,,NO_QUOTE
2026-06-03,1605,ＩＮＰＥＸ,プライム（内国株式）,鉱業,3684,3732,3649,3707,140,3.924867,4739100,OK
2026-06-03,160A,アズパートナーズ,スタンダード（内国株式）,サービス業,1988,2003,1952,1991,5,0.251762,36100,OK
2026-06-03,161A,三葉,TOKYO PRO MARKET（内国株式）,サービス業,,,,,,,,NO_QUOTE
2026-06-03,164A,アップルパーク,TOKYO PRO MARKET（内国株式）,不動産業,,,,,,,,NO_QUOTE
2026-06-03,1662,石油資源開発,プライム（内国株式）,鉱業,1780,1798,1741,1760,-1,-0.056786,2445000,OK
2026-06-03,1663,Ｋ＆Ｏエナジーグループ,プライム（内国株式）,鉱業,4150,4200,4130,4175,55,1.334951,100800,OK
2026-06-03,166A,タスキホールディングス,グロース（内国株式）,不動産業,946,962,938,956,13,1.378579,481700,OK
2026-06-03,167A,リョーサン菱洋ホールディングス,プライム（内国株式）,卸売業,2831,2886,2813,2850,19,0.671141,174700,OK
2026-06-03,168A,イタミアート,グロース（内国株式）,その他製品,1138,1155,1130,1143,1,0.087566,3900,OK
2026-06-03,1711,ＳＤＳホールディングス,スタンダード（内国株式）,建設業,220,221,216,217,-3,-1.363636,67900,OK
2026-06-03,1716,第一カッター興業,スタンダード（内国株式）,建設業,1356,1386,1354,1386,21,1.538462,13200,OK
2026-06-03,1717,明豊ファシリティワークス,スタンダード（内国株式）,サービス業,904,908,897,904,-1,-0.110497,33300,OK
2026-06-03,1718,美樹工業,スタンダード（内国株式）,建設業,7020,7030,7020,7030,10,0.14245,300,OK
2026-06-03,1719,安藤・間,プライム（内国株式）,建設業,1713,1741,1703.5,1741,20.5,1.191514,547700,OK
2026-06-03,171A,ゼロジャパン,TOKYO PRO MARKET（内国株式）,卸売業,,,,,,,,NO_QUOTE
2026-06-03,1720,東急建設,プライム（内国株式）,建設業,1110,1124,1095,1114,-14,-1.241135,548900,OK
2026-06-03,1721,コムシスホールディングス,プライム（内国株式）,建設業,5348,5461,5340,5461,123,2.304234,405400,OK
2026-06-03,1723,日本電技,スタンダード（内国株式）,建設業,2187,2198,2136,2162,-24,-1.097896,161500,OK
2026-06-03,1724,シンクレイヤ,スタンダード（内国株式）,建設業,684,698,673,698,14,2.046784,8200,OK
2026-06-03,172A,ネオホーム,TOKYO PRO MARKET（内国株式）,不動産業,,,,,,,,NO_QUOTE
2026-06-03,1736,オーテック,スタンダード（内国株式）,建設業,2273,2314,2269,2299,10,0.436872,5000,OK
2026-06-03,173A,ハンモック,グロース（内国株式）,情報･通信業,1350,1350,1320,1335,-17,-1.257396,3800,OK
2026-06-03,1758,太洋基礎工業,スタンダード（内国株式）,建設業,2461,2461,2461,2461,50,2.073828,300,OK
2026-06-03,175A,Ｗｉｌｌ　Ｓｍａｒｔ,グロース（内国株式）,情報･通信業,653,653,631,636,-19,-2.900763,9200,OK
2026-06-03,1762,高松コンストラクショングループ,プライム（内国株式）,建設業,3345,3385,3320,3370,25,0.747384,52000,OK
2026-06-03,1764,工藤建設,スタンダード（内国株式）,建設業,2973,2973,2924,2925,-15,-0.510204,1200,OK
2026-06-03,1766,東建コーポレーション,プライム（内国株式）,建設業,11990,12180,11870,12150,160,1.334445,33000,OK
2026-06-03,1768,ソネック,スタンダード（内国株式）,建設業,1003,1005,982,993,-12,-1.19403,23800,OK
2026-06-03,1770,藤田エンジニアリング,スタンダード（内国株式）,建設業,1647,1680,1629,1680,40,2.439024,4300,OK
2026-06-03,177A,コージンバイオ,グロース（内国株式）,化学,999,1043,999,1016,15,1.498501,7800,OK
2026-06-03,1780,ヤマウラ,プライム（内国株式）,建設業,1321,1343,1320,1338,15,1.133787,27500,OK
2026-06-03,1783,ｆａｎｔａｓｉｓｔａ,スタンダード（内国株式）,不動産業,55,60,54,58,3,5.454545,1135400,OK
2026-06-03,1786,オリエンタル白石,プライム（内国株式）,建設業,315,323,314,323,8,2.539683,450600,OK
2026-06-03,1787,ナカボーテック,スタンダード（内国株式）,建設業,5230,5330,5200,5210,40,0.773694,1400,OK
2026-06-03,1788,三東工業社,スタンダード（内国株式）,建設業,4475,4545,4475,4545,75,1.677852,300,OK
2026-06-03,1793,大本組,スタンダード（内国株式）,建設業,1855,1880,1854,1861,-19,-1.010638,1600,OK
2026-06-03,1795,マサル,スタンダード（内国株式）,建設業,4785,4785,4785,4785,-25,-0.519751,100,OK
2026-06-03,1798,守谷商会,スタンダード（内国株式）,建設業,974,1006,974,985,-4,-0.404449,7700,OK
2026-06-03,1799,第一建設工業,スタンダード（内国株式）,建設業,3185,3220,3165,3185,20,0.631912,25800,OK
2026-06-03,1801,大成建設,プライム（内国株式）,建設業,12710,13090,12690,12840,-390,-2.947846,956200,OK
2026-06-03,1802,大林組,プライム（内国株式）,建設業,3090,3163,3072,3113,13,0.419355,3915700,OK
2026-06-03,1803,清水建設,プライム（内国株式）,建設業,2520,2520,2450.5,2479,-18.5,-0.740741,2963700,OK
2026-06-03,1807,佐藤渡辺,スタンダード（内国株式）,建設業,1790,1833,1790,1833,43,2.402235,1000,OK
2026-06-03,1808,長谷工コーポレーション,プライム（内国株式）,建設業,2620,2644,2599.5,2630,12.5,0.477555,661400,OK
2026-06-03,1810,松井建設,スタンダード（内国株式）,建設業,1321,1321,1302,1315,-6,-0.454201,49900,OK
2026-06-03,1811,錢高組,スタンダード（内国株式）,建設業,7560,7780,7520,7660,150,1.997337,4300,OK
2026-06-03,1812,鹿島建設,プライム（内国株式）,建設業,5500,5599,5470,5535,14,0.253577,2219400,OK
2026-06-03,1813,不動テトラ,プライム（内国株式）,建設業,2630,2648,2610,2648,22,0.837776,78200,OK
2026-06-03,1814,大末建設,プライム（内国株式）,建設業,3170,3185,3120,3185,35,1.111111,49300,OK
2026-06-03,1815,鉄建建設,プライム（内国株式）,建設業,4275,4355,4245,4330,55,1.28655,77100,OK
2026-06-03,1820,西松建設,プライム（内国株式）,建設業,5199,5254,5160,5242,43,0.827082,131500,OK
2026-06-03,1822,大豊建設,スタンダード（内国株式）,建設業,712,722,710,720,7,0.981767,161500,OK
2026-06-03,1826,佐田建設,スタンダード（内国株式）,建設業,969,982,962,980,6,0.616016,16900,OK
2026-06-03,1827,ナカノフドー建設,スタンダード（内国株式）,建設業,1261,1272,1258,1263,-2,-0.158103,4300,OK
2026-06-03,1828,田辺工業,スタンダード（内国株式）,建設業,2224,2246,2185,2227,3,0.134892,7600,OK
2026-06-03,1833,奥村組,プライム（内国株式）,建設業,5540,5600,5500,5550,-10,-0.179856,100000,OK
2026-06-03,1835,東鉄工業,プライム（内国株式）,建設業,4030,4030,3980,4030,5,0.124224,103400,OK
2026-06-03,1840,土屋ホールディングス,スタンダード（内国株式）,建設業,223,228,222,228,5,2.242152,14200,OK
2026-06-03,1844,大盛工業,スタンダード（内国株式）,建設業,507,510,500,504,-6,-1.176471,91500,OK
2026-06-03,1847,イチケン,スタンダード（内国株式）,建設業,2563,2591,2527,2580,46,1.815312,35100,OK
2026-06-03,1848,富士ピー・エス,スタンダード（内国株式）,建設業,594,595,591,593,-1,-0.16835,5000,OK
2026-06-03,184A,学びエイド,グロース（内国株式）,情報･通信業,330,342,330,339,9,2.727273,2400,OK
2026-06-03,1850,南海辰村建設,スタンダード（内国株式）,建設業,391,399,391,391,-3,-0.761421,51800,OK
2026-06-03,1852,淺沼組,プライム（内国株式）,建設業,776,785,767,780,3,0.3861,380600,OK
2026-06-03,1853,森組,スタンダード（内国株式）,建設業,309,313,309,312,3,0.970874,28800,OK
2026-06-03,185A,リサイクルテック・ジャパン,TOKYO PRO MARKET（内国株式）,サービス業,,,,,,,,NO_QUOTE
2026-06-03,1860,戸田建設,プライム（内国株式）,建設業,1585,1590,1559.5,1567.5,-18,-1.135289,984200,OK
2026-06-03,1861,熊谷組,プライム（内国株式）,建設業,1347,1367,1329,1363,8,0.590406,793300,OK
2026-06-03,1866,北野建設,スタンダード（内国株式）,建設業,984,989,957,982,-1,-0.101729,47800,OK
2026-06-03,1867,植木組,スタンダード（内国株式）,建設業,2282,2323,2263,2283,14,0.617012,9300,OK
2026-06-03,186A,アストロスケールホールディングス,グロース（内国株式）,サービス業,2195,2245,2002,2065,-80,-3.729604,16856200,OK
2026-06-03,1870,矢作建設工業,プライム（内国株式）,建設業,1800,1815,1785,1811,5,0.276855,191700,OK
2026-06-03,1871,ピーエス・コンストラクション,プライム（内国株式）,建設業,2076,2096,2051,2073,-12,-0.57554,102600,OK
2026-06-03,1873,日本ハウスホールディングス,プライム（内国株式）,建設業,290,292,289,292,2,0.689655,41800,OK
2026-06-03,1878,大東建託,プライム（内国株式）,不動産業,3091,3110,3015,3015,-80,-2.584814,2474500,OK
2026-06-03,1879,新日本建設,プライム（内国株式）,建設業,2182,2234,2163,2169,-15,-0.686813,105900,OK
2026-06-03,1882,東亜道路工業,プライム（内国株式）,建設業,1483,1496,1475,1486,-3,-0.201478,316600,OK
2026-06-03,1885,東亜建設工業,プライム（内国株式）,建設業,2200,2208,2140,2182,-1,-0.045809,491000,OK
2026-06-03,1887,日本国土開発,プライム（内国株式）,建設業,527,535,520,531,6,1.142857,371600,OK
2026-06-03,1888,若築建設,プライム（内国株式）,建設業,3330,3330,3255,3280,-45,-1.353383,17100,OK
2026-06-03,1893,五洋建設,プライム（内国株式）,建設業,1607,1631,1586,1619.5,8.5,0.527623,1811500,OK
2026-06-03,1897,金下建設,スタンダード（内国株式）,建設業,3165,3165,3130,3130,25,0.805153,200,OK
2026-06-03,1898,世紀東急工業,プライム（内国株式）,建設業,1406,1417,1398,1410,-1,-0.070872,171600,OK
2026-06-03,1899,福田組,プライム（内国株式）,建設業,6960,7260,6960,7180,120,1.699717,42000,OK
2026-06-03,189A,Ｄ＆Ｍカンパニー,グロース（内国株式）,サービス業,910,911,881,889,-27,-2.947598,9500,OK
2026-06-03,1904,大成温調,スタンダード（内国株式）,建設業,4935,4955,4880,4880,-55,-1.114488,15100,OK
2026-06-03,1905,テノックス,スタンダード（内国株式）,建設業,1460,1483,1435,1450,-14,-0.956284,6500,OK
2026-06-03,1909,日本ドライケミカル,スタンダード（内国株式）,機械,3735,3745,3730,3740,10,0.268097,421800,OK
2026-06-03,190A,Ｃｈｏｒｄｉａ　Ｔｈｅｒａｐｅｕｔｉｃｓ,グロース（内国株式）,医薬品,104,104,99,101,-2,-1.941748,811300,OK
2026-06-03,1911,住友林業,プライム（内国株式）,建設業,1280,1315,1278,1299.5,24,1.881615,4522300,OK
2026-06-03,1914,日本基礎技術,スタンダード（内国株式）,建設業,690,704,688,693,7,1.020408,32000,OK
2026-06-03,191A,ミモザ,TOKYO PRO MARKET（内国株式）,サービス業,,,,,,,,NO_QUOTE
2026-06-03,1921,巴コーポレーション,スタンダード（内国株式）,建設業,1737,1757,1704,1723,-14,-0.805987,23400,OK
2026-06-03,1925,大和ハウス工業,プライム（内国株式）,建設業,4179,4287,4164,4265,78,1.862909,2592100,OK
2026-06-03,1926,ライト工業,プライム（内国株式）,建設業,4035,4140,4005,4130,95,2.354399,270500,OK
2026-06-03,1928,積水ハウス,プライム（内国株式）,建設業,3259,3302,3239,3281,44,1.359283,2419400,OK
2026-06-03,1929,日特建設,プライム（内国株式）,建設業,1089,1096,1074,1096,7,0.642792,90300,OK
2026-06-03,192A,インテグループ,グロース（内国株式）,サービス業,1355,1363,1331,1354,-11,-0.805861,3600,OK
2026-06-03,1930,北陸電気工事,プライム（内国株式）,建設業,1582,1594,1560,1582,12,0.764331,56600,OK
2026-06-03,1934,ユアテック,プライム（内国株式）,建設業,2312,2330,2279,2315,17,0.739774,130200,OK
2026-06-03,1938,日本リーテック,プライム（内国株式）,建設業,2748,2772,2697,2705,1,0.036982,99400,OK
2026-06-03,1939,四電工,プライム（内国株式）,建設業,1845,1857,1830,1830,-15,-0.813008,69500,OK
2026-06-03,1941,中電工,プライム（内国株式）,建設業,4780,4855,4765,4775,15,0.315126,73900,OK
2026-06-03,1942,関電工,プライム（内国株式）,建設業,6000,6032,5762,5802,-265,-4.367892,2413900,OK
2026-06-03,1944,きんでん,プライム（内国株式）,建設業,6770,6804,6533,6533,-244,-3.600413,1067000,OK
2026-06-03,1945,東京エネシス,プライム（内国株式）,建設業,2345,2368,2301,2301,-41,-1.75064,209500,OK
2026-06-03,1946,トーエネック,プライム（内国株式）,建設業,2078,2089,2045,2060,-35,-1.670644,165500,OK
2026-06-03,1948,弘電社,スタンダード（内国株式）,建設業,11480,11490,11470,11470,0,0,55800,OK
2026-06-03,194A,ＷＯＬＶＥＳ　ＨＡＮＤ,グロース（内国株式）,サービス業,1255,1255,1207,1226,-9,-0.728745,23200,OK
2026-06-03,1950,日本電設工業,プライム（内国株式）,建設業,4320,4320,4245,4270,-100,-2.28833,109300,OK
2026-06-03,1951,エクシオグループ,プライム（内国株式）,建設業,2791,2834,2766,2823,28.5,1.01986,408800,OK
2026-06-03,1952,新日本空調,プライム（内国株式）,建設業,3255,3275,3200,3200,-55,-1.689708,126800,OK
2026-06-03,1959,クラフティア,プライム（内国株式）,建設業,8842,8842,8553,8680,-85,-0.969766,184000,OK
2026-06-03,195A,ＭＵＳＣＡＴ　ＧＲＯＵＰ,グロース（内国株式）,サービス業,685,708,685,697,2,0.28777,9500,OK
2026-06-03,1960,サンテック,スタンダード（内国株式）,建設業,1380,1405,1372,1399,28,2.042305,46800,OK
2026-06-03,1961,三機工業,プライム（内国株式）,建設業,2160,2180,2116,2160,0,0,339000,OK
2026-06-03,1963,日揮ホールディングス,プライム（内国株式）,建設業,2627,2683,2615,2658.5,20,0.758006,1911500,OK
2026-06-03,1964,中外炉工業,プライム（内国株式）,建設業,4220,4235,4150,4195,-10,-0.237812,37200,OK
2026-06-03,1965,テクノ菱和,スタンダード（内国株式）,建設業,5960,5980,5840,5910,-40,-0.672269,60800,OK
2026-06-03,1966,高田工業所,スタンダード（内国株式）,建設業,1588,1605,1587,1599,14,0.883281,2200,OK
2026-06-03,1967,ヤマト,スタンダード（内国株式）,建設業,2101,2101,2048,2054,-5,-0.242836,55300,OK
2026-06-03,1968,太平電業,プライム（内国株式）,建設業,2610,2628,2583,2593,-12,-0.460653,108500,OK
2026-06-03,1969,高砂熱学工業,プライム（内国株式）,建設業,4572,4605,4461,4572,46,1.01635,737300,OK
2026-06-03,196A,ＭＦＳ,グロース（内国株式）,その他金融業,257,293,257,287,24,9.125475,147400,OK
2026-06-03,1972,三晃金属工業,スタンダード（内国株式）,建設業,1184,1192,1167,1187,5,0.423012,168000,OK
2026-06-03,1975,朝日工業社,プライム（内国株式）,建設業,3870,3905,3830,3830,-20,-0.519481,110700,OK
2026-06-03,1976,明星工業,プライム（内国株式）,建設業,1683,1685,1666,1671,-5,-0.298329,59700,OK
2026-06-03,1979,大氣社,プライム（内国株式）,建設業,4365,4425,4320,4375,35,0.806452,393200,OK
2026-06-03,197A,タウンズ,スタンダード（内国株式）,医薬品,492,494,490,491,-1,-0.203252,145900,OK
2026-06-03,1980,ダイダン,プライム（内国株式）,建設業,2386,2402,2342,2357,-43,-1.791667,672500,OK
2026-06-03,1981,協和日成,スタンダード（内国株式）,建設業,1301,1305,1300,1305,-1,-0.07657,3800,OK
2026-06-03,1982,日比谷総合設備,プライム（内国株式）,建設業,2902,2929,2845,2913,11,0.379049,69700,OK
2026-06-03,198A,ＰｏｓｔＰｒｉｍｅ,グロース（内国株式）,情報･通信業,150,154,147,147,-3,-2,210000,OK
2026-06-03,1992,神田通信機,スタンダード（内国株式）,建設業,,,,,,,,NO_QUOTE
2026-06-03,1994,高橋カーテンウォール工業,スタンダード（内国株式）,建設業,557,564,552,563,4,0.715564,4100,OK
2026-06-03,1997,暁飯島工業,スタンダード（内国株式）,建設業,3540,3540,3525,3525,-15,-0.423729,700,OK
2026-06-03,199A,メディエア,TOKYO PRO MARKET（内国株式）,情報･通信業,,,,,,,,NO_QUOTE
2026-06-03,2001,ニップン,プライム（内国株式）,食料品,2544,2603,2544,2592,48,1.886792,216100,OK
2026-06-03,2002,日清製粉グループ本社,プライム（内国株式）,食料品,1876,1921,1873,1918.5,45,2.401922,1111200,OK
2026-06-03,2003,日東富士製粉,スタンダード（内国株式）,食料品,1669,1678,1648,1678,23,1.389728,15500,OK
2026-06-03,2004,昭和産業,プライム（内国株式）,食料品,3130,3170,3125,3170,35,1.116427,53200,OK
2026-06-03,2009,鳥越製粉,スタンダード（内国株式）,食料品,1066,1074,1060,1074,8,0.750469,17600,OK
2026-06-03,203A,シュンビン,TOKYO PRO MARKET（内国株式）,サービス業,,,,,,,,NO_QUOTE
2026-06-03,204A,タイヨーパッケージ,TOKYO PRO MARKET（内国株式）,パルプ・紙,,,,,,,,NO_QUOTE
2026-06-03,2053,中部飼料,プライム（内国株式）,食料品,1714,1733,1695,1718,37,2.201071,102100,OK
2026-06-03,2055,日和産業,スタンダード（内国株式）,食料品,322,323,321,321,-1,-0.310559,6800,OK
2026-06-03,205A,ロゴスホールディングス,グロース（内国株式）,建設業,1606,1629,1580,1609,3,0.1868,17400,OK
2026-06-03,2060,フィード・ワン,プライム（内国株式）,食料品,1150,1170,1146,1165,19,1.657941,85500,OK
2026-06-03,206A,ＰＲＩＳＭ　ＢｉｏＬａｂ,グロース（内国株式）,医薬品,140,144,135,143,3,2.142857,128900,OK
2026-06-03,207A,ライジングコーポレーション,TOKYO PRO MARKET（内国株式）,建設業,,,,,,,,NO_QUOTE
2026-06-03,208A,構造計画研究所ホールディングス,スタンダード（内国株式）,情報･通信業,2873,2910,2869,2875,-1,-0.034771,12100,OK
2026-06-03,209A,小野谷機工,TOKYO PRO MARKET（内国株式）,機械,,,,,,,,NO_QUOTE
2026-06-03,2108,日本甜菜製糖,プライム（内国株式）,食料品,4200,4270,4145,4240,100,2.415459,19200,OK
2026-06-03,2109,ＤＭ三井製糖,プライム（内国株式）,食料品,3175,3230,3170,3220,45,1.417323,44300,OK
2026-06-03,2112,塩水港精糖,スタンダード（内国株式）,食料品,418,423,414,421,4,0.959233,60300,OK
2026-06-03,2114,フジ日本,スタンダード（内国株式）,食料品,610,612,608,612,3,0.492611,11000,OK
2026-06-03,2117,ウェルネオシュガー,プライム（内国株式）,食料品,2540,2545,2511,2534,4,0.158103,34200,OK
2026-06-03,211A,カドス・コーポレーション,スタンダード（内国株式）,建設業,3275,3345,3275,3345,30,0.904977,5600,OK
2026-06-03,2120,ＬＩＦＵＬＬ,プライム（内国株式）,サービス業,198,198,192,193,-4,-2.030457,645400,OK
2026-06-03,2121,ＭＩＸＩ,プライム（内国株式）,情報･通信業,2651,2686,2616,2686,9,0.336197,317800,OK
2026-06-03,2122,インタースペース,スタンダード（内国株式）,サービス業,1240,1240,1225,1226,-1,-0.0815,4900,OK
2026-06-03,2124,ジェイエイシーリクルートメント,プライム（内国株式）,サービス業,865,865,844,861,-11,-1.261468,376700,OK
2026-06-03,2127,日本Ｍ＆Ａセンターホールディングス,プライム（内国株式）,サービス業,639.9,648.2,628,645,-10.8,-1.646844,1802800,OK
2026-06-03,212A,フィットイージー,プライム（内国株式）,サービス業,2165,2195,2125,2182,-24,-1.087942,132400,OK
2026-06-03,2130,メンバーズ,プライム（内国株式）,サービス業,1080,1080,1002,1005,-103,-9.296029,318200,OK
2026-06-03,2134,北浜キャピタルパートナーズ,スタンダード（内国株式）,サービス業,27,27,25,26,-1,-3.703704,5496800,OK
2026-06-03,2136,ヒップ,スタンダード（内国株式）,サービス業,1355,1378,1353,1353,2,0.148038,2300,OK
2026-06-03,2138,クルーズ,スタンダード（内国株式）,情報･通信業,466,476,461,476,2,0.421941,18300,OK
2026-06-03,2139,中広,スタンダード（内国株式）,サービス業,497,498,491,491,-6,-1.207243,3100,OK
2026-06-03,2146,ＵＴグループ,プライム（内国株式）,サービス業,178,180,175,178,-1,-0.558659,6171800,OK
2026-06-03,2148,アイティメディア,プライム（内国株式）,サービス業,1142,1183,1139,1147,-5,-0.434028,131900,OK
2026-06-03,2152,幼児活動研究会,スタンダード（内国株式）,サービス業,1481,1481,1477,1477,-21,-1.401869,200,OK
2026-06-03,2153,Ｅ・Ｊホールディングス,プライム（内国株式）,サービス業,1573,1577,1562,1569,-7,-0.444162,92300,OK
2026-06-03,2154,オープンアップグループ,プライム（内国株式）,サービス業,1857,1880,1833,1869,-3,-0.160256,313800,OK
2026-06-03,2156,セーラー広告,スタンダード（内国株式）,サービス業,270,272,266,269,-2,-0.738007,2400,OK
2026-06-03,2157,コシダカホールディングス,プライム（内国株式）,サービス業,924,930,910,920,-3,-0.325027,578800,OK
2026-06-03,2158,ＦＲＯＮＴＥＯ,グロース（内国株式）,サービス業,572,588,560,581,8,1.396161,354700,OK
2026-06-03,215A,タイミー,グロース（内国株式）,サービス業,1071,1088,1040,1060,-25,-2.304147,1637900,OK
2026-06-03,2160,ジーエヌアイグループ,グロース（内国株式）,医薬品,2547,2643,2477,2625,45,1.744186,1109900,OK
2026-06-03,2162,ｎｍｓ　ホールディングス,スタンダード（内国株式）,サービス業,538,539,538,538,0,0,920400,OK
2026-06-03,2163,アルトナー,プライム（内国株式）,サービス業,1900,1914,1890,1909,8,0.420831,16900,OK
2026-06-03,2164,地域新聞社,スタンダード（内国株式）,サービス業,293,295,285,295,-2,-0.673401,14300,OK
2026-06-03,2168,パソナグループ,プライム（内国株式）,サービス業,1500,1502,1480,1480,-16,-1.069519,582000,OK
2026-06-03,2169,ＣＤＳ,スタンダード（内国株式）,サービス業,1757,1757,1747,1755,-2,-0.11383,4900,OK
2026-06-03,216A,ライフクリエイト,TOKYO PRO MARKET（内国株式）,小売業,,,,,,,,NO_QUOTE
2026-06-03,2170,リンクアンドモチベーション,プライム（内国株式）,サービス業,564,565,546,560,-4,-0.70922,289600,OK
2026-06-03,2173,博展,グロース（内国株式）,サービス業,685,685,670,670,-15,-2.189781,57100,OK
2026-06-03,2175,エス・エム・エス,プライム（内国株式）,サービス業,2100,2107,2027,2027,-55,-2.641691,349100,OK
2026-06-03,2179,成学社,スタンダード（内国株式）,サービス業,802,802,780,780,-24,-2.985075,5500,OK
2026-06-03,217A,サポート,TOKYO PRO MARKET（内国株式）,サービス業,,,,,,,,NO_QUOTE
2026-06-03,2180,サニーサイドアップグループ,スタンダード（内国株式）,サービス業,1317,1318,1316,1316,0,0,54300,OK
2026-06-03,2181,パーソルホールディングス,プライム（内国株式）,サービス業,229,236,224.2,234.4,4.4,1.913043,12157700,OK
2026-06-03,2183,リニカル,スタンダード（内国株式）,サービス業,219,220,214,220,1,0.456621,31800,OK
2026-06-03,2185,シイエム・シイ,スタンダード（内国株式）,サービス業,1807,1820,1802,1820,0,0,3200,OK
2026-06-03,2186,ソーバル,スタンダード（内国株式）,サービス業,899,899,896,896,-2,-0.222717,1700,OK
2026-06-03,218A,Ｌｉｂｅｒａｗａｒｅ,グロース（内国株式）,精密機器,1185,1217,1137,1210,1,0.082713,397000,OK
2026-06-03,2193,クックパッド,スタンダード（内国株式）,サービス業,123,126,123,124,0,0,225900,OK
2026-06-03,2195,アミタホールディングス,グロース（内国株式）,サービス業,386,389,366,384,6,1.587302,61000,OK
2026-06-03,2198,アイ・ケイ・ケイホールディングス,プライム（内国株式）,サービス業,788,793,781,793,6,0.762389,25800,OK
2026-06-03,219A,Ｈｅａｒｔｓｅｅｄ,グロース（内国株式）,医薬品,1510,1635,1455,1620,99,6.508876,675100,OK
2026-06-03,2201,森永製菓,プライム（内国株式）,食料品,2480,2498.5,2456,2484.5,4.5,0.181452,309500,OK
2026-06-03,2204,中村屋,スタンダード（内国株式）,食料品,3030,3075,3030,3075,45,1.485149,7100,OK
2026-06-03,2206,江崎グリコ,プライム（内国株式）,食料品,5330,5393,5306,5372,26,0.486345,189300,OK
2026-06-03,2207,ｍｅｉｔｏ,プライム（内国株式）,食料品,2906,2945,2901,2936,5,0.17059,32600,OK
2026-06-03,2208,ブルボン,スタンダード（内国株式）,食料品,2857,2945,2857,2875,19,0.665266,3600,OK
2026-06-03,2209,井村屋グループ,プライム（内国株式）,食料品,2202,2216,2183,2214,18,0.819672,21300,OK
2026-06-03,220A,Ｆａｂｅｒ　Ｃｏｍｐａｎｙ,スタンダード（内国株式）,情報･通信業,949,959,940,946,-8,-0.838574,2900,OK
2026-06-03,2211,不二家,プライム（内国株式）,食料品,2276,2293,2275,2284,8,0.351494,45400,OK
2026-06-03,2212,山崎製パン,プライム（内国株式）,食料品,3010,3045,2996,3022,12,0.398671,468400,OK
2026-06-03,2215,第一屋製パン,スタンダード（内国株式）,食料品,601,604,600,602,1,0.166389,8400,OK
2026-06-03,2216,カンロ,スタンダード（内国株式）,食料品,1074,1077,1050,1063,-11,-1.024209,133300,OK
2026-06-03,2217,モロゾフ,プライム（内国株式）,食料品,1461,1477,1461,1477,17,1.164384,16600,OK
2026-06-03,2220,亀田製菓,プライム（内国株式）,食料品,1190,1209,1183,1209,16,1.341157,201100,OK
2026-06-03,2221,岩塚製菓,スタンダード（内国株式）,食料品,3050,3050,3015,3020,5,0.165837,1300,OK
2026-06-03,2222,寿スピリッツ,プライム（内国株式）,食料品,2042,2124,2019,2109.5,65.5,3.204501,702800,OK
2026-06-03,2224,コモ,スタンダード（内国株式）,食料品,3540,3575,3520,3560,40,1.136364,2200,OK
2026-06-03,2226,湖池屋,スタンダード（内国株式）,食料品,4660,4670,4660,4660,0,0,1000,OK
2026-06-03,2229,カルビー,プライム（内国株式）,食料品,2850,2884,2836,2879,11,0.383543,284700,OK
2026-06-03,222A,ＮＩＣＳ,TOKYO PRO MARKET（内国株式）,情報･通信業,,,,,,,,NO_QUOTE
2026-06-03,2264,森永乳業,プライム（内国株式）,食料品,4878,4978,4799,4926,2,0.040617,381600,OK
2026-06-03,2266,六甲バター,プライム（内国株式）,食料品,1025,1038,1020,1038,12,1.169591,34200,OK
2026-06-03,2267,ヤクルト本社,プライム（内国株式）,食料品,2699,2742,2685,2714,30.5,1.136575,800300,OK
2026-06-03,2268,Ｂ−Ｒ　サーティワン　アイスクリーム,スタンダード（内国株式）,食料品,4075,4105,4075,4095,20,0.490798,8400,OK
2026-06-03,2269,明治ホールディングス,プライム（内国株式）,食料品,3688,3747,3647,3730,60,1.634877,861200,OK
2026-06-03,226A,勝美ジャパン,TOKYO PRO MARKET（内国株式）,食料品,,,,,,,,NO_QUOTE
2026-06-03,2270,雪印メグミルク,プライム（内国株式）,食料品,3430,3480,3430,3465,35,1.020408,190500,OK
2026-06-03,227A,ＩＮＳＩＧＨＴ　ＬＡＢ,TOKYO PRO MARKET（内国株式）,情報･通信業,,,,,,,,NO_QUOTE
2026-06-03,2281,プリマハム,プライム（内国株式）,食料品,2307,2327,2290,2317,-6,-0.258287,148300,OK
2026-06-03,2282,日本ハム,プライム（内国株式）,食料品,5795,5927,5782,5910,76,1.302708,588200,OK
2026-06-03,2286,林兼産業,スタンダード（内国株式）,食料品,835,841,825,833,4,0.482509,27400,OK
2026-06-03,2288,丸大食品,プライム（内国株式）,食料品,2175,2200,2165,2200,18,0.824931,82300,OK
2026-06-03,228A,オプロ,グロース（内国株式）,情報･通信業,1886,1889,1780,1889,1,0.052966,13700,OK
2026-06-03,2291,福留ハム,スタンダード（内国株式）,食料品,523,523,509,509,-12,-2.303263,7800,OK
2026-06-03,2292,Ｓ　Ｆｏｏｄｓ,プライム（内国株式）,食料品,2587,2602,2562,2602,25,0.97012,118100,OK
2026-06-03,2293,滝沢ハム,スタンダード（内国株式）,食料品,2650,2659,2609,2631,-19,-0.716981,900,OK
2026-06-03,2294,柿安本店,プライム（内国株式）,食料品,2483,2521,2480,2511,17,0.681636,19100,OK
2026-06-03,2296,伊藤ハム米久ホールディングス,プライム（内国株式）,食料品,4720,4735,4670,4735,-10,-0.210748,157400,OK
2026-06-03,229A,アスミホールディングス,TOKYO PRO MARKET（内国株式）,建設業,,,,,,,,NO_QUOTE
2026-06-03,2300,きょくとう,スタンダード（内国株式）,サービス業,494,497,494,497,2,0.40404,1500,OK
2026-06-03,2301,学情,プライム（内国株式）,サービス業,1537,1556,1520,1554,17,1.106051,84300,OK
2026-06-03,2303,ドーン,スタンダード（内国株式）,情報･通信業,1250,1333,1250,1273,13,1.031746,14900,OK
2026-06-03,2304,ＣＳＳホールディングス,スタンダード（内国株式）,サービス業,919,920,915,915,-4,-0.435256,2400,OK
2026-06-03,2305,スタジオアリス,スタンダード（内国株式）,サービス業,1770,1783,1741,1778,18,1.022727,34000,OK
2026-06-03,2307,クロスキャット,プライム（内国株式）,情報･通信業,911,912,895,901,-17,-1.851852,53400,OK
2026-06-03,2311,エプコ,スタンダード（内国株式）,サービス業,775,777,771,772,-3,-0.387097,13800,OK
2026-06-03,2315,ＣＡＩＣＡ　ＤＩＧＩＴＡＬ,スタンダード（内国株式）,情報･通信業,62,62,59,62,2,3.333333,1589800,OK
2026-06-03,2317,システナ,プライム（内国株式）,情報･通信業,418,420,408,416,-3,-0.71599,1454500,OK
2026-06-03,2321,ソフトフロントホールディングス,グロース（内国株式）,情報･通信業,145,149,143,146,-2,-1.351351,80700,OK
2026-06-03,2323,ｆｏｎｆｕｎ,スタンダード（内国株式）,情報･通信業,378,379,367,371,-9,-2.368421,42700,OK
2026-06-03,2325,ＮＪＳ,プライム（内国株式）,サービス業,4865,4915,4805,4855,-10,-0.20555,22500,OK
2026-06-03,2326,デジタルアーツ,プライム（内国株式）,情報･通信業,3735,3745,3595,3695,-50,-1.335113,357900,OK
2026-06-03,2327,日鉄ソリューションズ,プライム（内国株式）,情報･通信業,3512,3590,3415,3423,-122,-3.441467,352900,OK
2026-06-03,2329,東北新社,スタンダード（内国株式）,情報･通信業,543,543,530,533,-8,-1.478743,64600,OK
2026-06-03,2330,フォーサイド,スタンダード（内国株式）,情報･通信業,75,76,72,75,0,0,252800,OK
2026-06-03,2331,ＡＬＳＯＫ,プライム（内国株式）,サービス業,1061,1076,1052,1074.5,6,0.561535,2152500,OK
2026-06-03,2332,クエスト,スタンダード（内国株式）,情報･通信業,1908,1919,1864,1870,-17,-0.900901,37500,OK
2026-06-03,2334,イオレ,グロース（内国株式）,サービス業,517,567,493,538,27,5.283757,6716000,OK
2026-06-03,2335,キューブシステム,プライム（内国株式）,情報･通信業,1009,1015,1004,1015,14,1.398601,23600,OK
2026-06-03,2337,いちご,プライム（内国株式）,不動産業,449,456,446,449,6,1.354402,851800,OK
2026-06-03,2338,クオンタムソリューションズ,スタンダード（内国株式）,情報･通信業,128,129,110,116,-13,-10.077519,1829300,OK
2026-06-03,2340,極楽湯ホールディングス,スタンダード（内国株式）,サービス業,474,475,471,472,0,0,23700,OK
2026-06-03,2341,アルバイトタイムス,スタンダード（内国株式）,サービス業,155,158,154,157,0,0,22200,OK
2026-06-03,2342,トランスジェニックグループ,スタンダード（内国株式）,サービス業,231,237,227,232,1,0.4329,134700,OK
2026-06-03,2345,ＨＯＤＬ１,スタンダード（内国株式）,情報･通信業,213,213,207,212,-2,-0.934579,90900,OK
2026-06-03,2349,エヌアイデイ,スタンダード（内国株式）,情報･通信業,,,,,,,,NO_QUOTE
2026-06-03,2351,ＡＳＪ,スタンダード（内国株式）,情報･通信業,337,337,319,322,-18,-5.294118,29600,OK
2026-06-03,2353,日本駐車場開発,プライム（内国株式）,不動産業,239,241,238,238,1,0.421941,1579700,OK
2026-06-03,2354,ＹＥ　ＤＩＧＩＴＡＬ,スタンダード（内国株式）,情報･通信業,991,997,949,966,-30,-3.012048,142600,OK
2026-06-03,2359,コア,プライム（内国株式）,情報･通信業,2043,2053,2016,2041,-2,-0.097895,14800,OK
2026-06-03,2370,メディネット,グロース（内国株式）,サービス業,28,29,27,28,0,0,737500,OK
2026-06-03,2371,カカクコム,プライム（内国株式）,サービス業,3360,3369,3327,3335,-25,-0.744048,1174500,OK
2026-06-03,2373,ケア２１,スタンダード（内国株式）,サービス業,408,412,405,411,3,0.735294,8800,OK
2026-06-03,2375,ギグワークス,スタンダード（内国株式）,サービス業,210,212,209,211,0,0,43300,OK
2026-06-03,2376,サイネックス,スタンダード（内国株式）,サービス業,783,795,772,795,23,2.979275,2600,OK
2026-06-03,2378,ルネサンス,プライム（内国株式）,サービス業,982,983,967,981,-2,-0.203459,64000,OK
2026-06-03,2379,ディップ,プライム（内国株式）,サービス業,1722,1749,1708,1746,19,1.100174,235400,OK
2026-06-03,2384,ＳＢＳホールディングス,プライム（内国株式）,陸運業,4650,4695,4575,4640,-20,-0.429185,80100,OK
2026-06-03,2385,総医研ホールディングス,グロース（内国株式）,サービス業,244,247,244,247,3,1.229508,31300,OK
2026-06-03,2388,ウェッジホールディングス,グロース（内国株式）,その他金融業,43,43,40,42,-1,-2.325581,216600,OK
2026-06-03,2391,プラネット,スタンダード（内国株式）,サービス業,1182,1183,1174,1183,1,0.084602,5300,OK
2026-06-03,2393,日本ケアサプライ,スタンダード（内国株式）,サービス業,2418,2503,2417,2500,71,2.923014,12600,OK
2026-06-03,2395,新日本科学,プライム（内国株式）,サービス業,1089,1112,1067,1105,12,1.097896,333000,OK
2026-06-03,239A,バレッグス,TOKYO PRO MARKET（内国株式）,不動産業,,,,,,,,NO_QUOTE
2026-06-03,2404,鉄人化ホールディングス,スタンダード（内国株式）,サービス業,579,580,570,580,5,0.869565,4900,OK
2026-06-03,2408,ＫＧ情報,スタンダード（内国株式）,サービス業,880,910,875,876,-15,-1.683502,29500,OK
2026-06-03,2410,キャリアデザインセンター,プライム（内国株式）,サービス業,2538,2559,2478,2553,18,0.710059,23000,OK
2026-06-03,2411,ゲンダイエージェンシー,スタンダード（内国株式）,情報･通信業,443,444,440,442,2,0.454545,5000,OK
2026-06-03,2413,エムスリー,プライム（内国株式）,サービス業,1500,1561,1474,1538.5,-14.5,-0.933677,6869300,OK
2026-06-03,2415,ヒューマンホールディングス,スタンダード（内国株式）,サービス業,1530,1542,1521,1521,-9,-0.588235,7000,OK
2026-06-03,2418,ツカダ・グローバルホールディング,スタンダード（内国株式）,サービス業,560,566,551,563,5,0.896057,101000,OK
2026-06-03,241A,ＲＯＸＸ,グロース（内国株式）,情報･通信業,561,577,550,564,-7,-1.225919,12000,OK
2026-06-03,2424,ブラス,スタンダード（内国株式）,サービス業,593,599,593,597,2,0.336134,2400,OK
2026-06-03,2425,ケアサービス,スタンダード（内国株式）,サービス業,650,654,648,650,-2,-0.306748,3700,OK
2026-06-03,2428,ウェルネット,スタンダード（内国株式）,サービス業,602,610,595,608,8,1.333333,93300,OK
2026-06-03,2429,ワールドホールディングス,プライム（内国株式）,サービス業,2350,2350,2309,2339,-22,-0.931809,63600,OK
2026-06-03,2432,ディー・エヌ・エー,プライム（内国株式）,情報･通信業,2708.5,2718.5,2671,2696.5,-14.5,-0.534858,1056800,OK
2026-06-03,2433,博報堂ＤＹホールディングス,プライム（内国株式）,サービス業,1128.5,1132.5,1107.5,1131.5,-1.5,-0.132392,689300,OK
2026-06-03,2435,シダー,スタンダード（内国株式）,サービス業,207,207,205,205,-2,-0.966184,29800,OK
2026-06-03,2436,共同ピーアール,スタンダード（内国株式）,サービス業,1046,1047,1030,1032,-14,-1.338432,16500,OK
2026-06-03,2437,Ｓｈｉｎｗａ　Ｗｉｓｅ　Ｈｏｌｄｉｎｇｓ,スタンダード（内国株式）,サービス業,405,418,399,410,5,1.234568,25600,OK
2026-06-03,2438,アスカネット,グロース（内国株式）,サービス業,351,354,348,351,1,0.285714,57000,OK
2026-06-03,243A,トップス,TOKYO PRO MARKET（内国株式）,食料品,,,,,,,,NO_QUOTE
2026-06-03,2440,ぐるなび,スタンダード（内国株式）,サービス業,120,122,120,122,2,1.666667,84800,OK
2026-06-03,2445,タカミヤ,スタンダード（内国株式）,サービス業,383,383,373,377,-3,-0.789474,121100,OK
2026-06-03,2449,プラップジャパン,スタンダード（内国株式）,サービス業,1047,1059,1047,1047,0,0,1400,OK
2026-06-03,244A,グロースエクスパートナーズ,グロース（内国株式）,情報･通信業,1176,1176,1135,1137,-29,-2.487136,7800,OK
2026-06-03,2452,コンピュータマインド,TOKYO PRO MARKET（内国株式）,情報･通信業,,,,,,,,NO_QUOTE
2026-06-03,2454,オールアバウト,スタンダード（内国株式）,サービス業,357,361,356,356,-3,-0.835655,2200,OK
2026-06-03,2459,アウンコンサルティング,スタンダード（内国株式）,サービス業,187,191,187,188,-1,-0.529101,22600,OK
2026-06-03,245A,ＩＮＧＳ,グロース（内国株式）,小売業,2321,2340,2300,2340,19,0.818613,2000,OK
2026-06-03,2461,ファンコミュニケーションズ,プライム（内国株式）,サービス業,409,415,407,411,2,0.488998,42100,OK
2026-06-03,2462,ライク,プライム（内国株式）,サービス業,1450,1454,1413,1424,-36,-2.465753,113100,OK
2026-06-03,2464,Ａｏｂａ‐ＢＢＴ,スタンダード（内国株式）,サービス業,321,322,316,320,-3,-0.928793,24800,OK
2026-06-03,2469,ヒビノ,スタンダード（内国株式）,サービス業,2639,2738,2574,2693,33,1.240602,57100,OK
2026-06-03,246A,アスア,グロース（内国株式）,サービス業,1045,1073,1035,1062,-13,-1.209302,8200,OK
2026-06-03,2471,エスプール,プライム（内国株式）,サービス業,236,238,232,236,3,1.287554,284000,OK
2026-06-03,2475,ＷＤＢホールディングス,プライム（内国株式）,サービス業,1773,1773,1717,1744,-45,-2.515372,25800,OK
2026-06-03,2477,手間いらず,スタンダード（内国株式）,情報･通信業,2106,2140,2101,2120,-18,-0.841908,7900,OK
2026-06-03,2479,ジェイテック,スタンダード（内国株式）,サービス業,236,239,235,239,1,0.420168,26200,OK
2026-06-03,247A,Ａｉロボティクス,グロース（内国株式）,化学,653,680,628,675,16,2.427921,1195500,OK
2026-06-03,2480,システム・ロケーション,スタンダード（内国株式）,情報･通信業,1705,1705,1690,1700,15,0.890208,1600,OK
2026-06-03,2481,タウンニュース社,スタンダード（内国株式）,サービス業,652,655,647,653,-3,-0.457317,3800,OK
2026-06-03,2483,翻訳センター,スタンダード（内国株式）,サービス業,2084,2119,2084,2093,-7,-0.333333,6300,OK
2026-06-03,2484,出前館,スタンダード（内国株式）,情報･通信業,115,119,114,118,3,2.608696,286300,OK
2026-06-03,2485,ティア,スタンダード（内国株式）,サービス業,446,449,443,447,4,0.902935,16600,OK
2026-06-03,2488,ＪＴＰ,スタンダード（内国株式）,サービス業,1363,1368,1333,1359,0,0,33900,OK
2026-06-03,2489,アドウェイズ,スタンダード（内国株式）,サービス業,267,269,261,265,-2,-0.749064,132000,OK
2026-06-03,248A,キッズスター,グロース（内国株式）,情報･通信業,872,880,872,874,-11,-1.242938,1100,OK
2026-06-03,2491,バリューコマース,プライム（内国株式）,サービス業,465,471,448,461,-7,-1.495726,366200,OK
2026-06-03,2492,インフォマート,プライム（内国株式）,サービス業,387,390,375,385,-3,-0.773196,2295500,OK
2026-06-03,2493,イーサポートリンク,スタンダード（内国株式）,サービス業,902,903,901,901,0,0,11500,OK
2026-06-03,2497,ユナイテッド,グロース（内国株式）,サービス業,491,493,490,490,-1,-0.203666,24500,OK
2026-06-03,2498,オリエンタルコンサルタンツホールディングス,スタンダード（内国株式）,サービス業,2901,2930,2863,2905,4,0.137883,8600,OK
2026-06-03,2499,日本和装ホールディングス,スタンダード（内国株式）,サービス業,282,283,281,281,-1,-0.35461,1600,OK
2026-06-03,249A,ヒューマンアジャスト,TOKYO PRO MARKET（内国株式）,サービス業,,,,,,,,NO_QUOTE
2026-06-03,2501,サッポロホールディングス,プライム（内国株式）,食料品,1569,1605.5,1564,1592.5,32,2.050625,1114200,OK
2026-06-03,2502,アサヒグループホールディングス,プライム（内国株式）,食料品,1472,1497.5,1468,1490,16.5,1.119783,5076900,OK
2026-06-03,2503,キリンホールディングス,プライム（内国株式）,食料品,2589,2655.5,2583,2637.5,58,2.248498,3493500,OK
2026-06-03,250A,シマダヤ,スタンダード（内国株式）,食料品,1534,1557,1520,1556,29,1.899149,39500,OK
2026-06-03,251A,ニューロマジック,TOKYO PRO MARKET（内国株式）,サービス業,,,,,,,,NO_QUOTE
2026-06-03,252A,ウェッジ,TOKYO PRO MARKET（内国株式）,小売業,,,,,,,,NO_QUOTE
2026-06-03,2531,宝ホールディングス,プライム（内国株式）,食料品,2222,2233,2085,2100.5,-121.5,-5.468047,942900,OK
2026-06-03,2533,オエノンホールディングス,プライム（内国株式）,食料品,480,481,471,475,-4,-0.835073,68200,OK
2026-06-03,253A,ＥＴＳグループ,スタンダード（内国株式）,建設業,1065,1084,1047,1047,-18,-1.690141,34200,OK
2026-06-03,2540,養命酒製造,プライム（内国株式）,食料品,4020,4030,4020,4030,10,0.248756,66000,OK
2026-06-03,254A,ＡＩフュージョンキャピタルグループ,スタンダード（内国株式）,証券･商品先物取引業,982,1004,965,999,2,0.200602,20600,OK
2026-06-03,255A,ジーエルテクノホールディングス,スタンダード（内国株式）,精密機器,6570,6840,6110,6200,-470,-7.046477,137200,OK
2026-06-03,256A,飛島ホールディングス,プライム（内国株式）,建設業,1905,1916,1891,1914,3,0.156986,142300,OK
2026-06-03,2573,北海道コカ・コーラボトリング,スタンダード（内国株式）,食料品,4185,4195,4150,4180,-5,-0.119474,10600,OK
2026-06-03,2579,コカ・コーラ　ボトラーズジャパンホールディングス,プライム（内国株式）,食料品,3518,3586,3505,3528,-17,-0.479549,575800,OK
2026-06-03,2585,ライフドリンク　カンパニー,プライム（内国株式）,食料品,1733,1836,1712,1809,94,5.48105,1569000,OK
2026-06-03,2586,フルッタフルッタ,グロース（内国株式）,食料品,108,108,98,102,-5,-4.672897,2636900,OK
2026-06-03,2587,サントリービバレッジ＆フード,プライム（内国株式）,食料品,4222,4316,4197,4303,67,1.581681,919600,OK
2026-06-03,2588,プレミアムウォーターホールディングス,スタンダード（内国株式）,食料品,3360,3415,3355,3365,5,0.14881,5200,OK
2026-06-03,2590,ダイドーグループホールディングス,プライム（内国株式）,食料品,2510,2532,2498,2520,9,0.358423,103700,OK
2026-06-03,2593,伊藤園,プライム（内国株式）,食料品,2680,2705,2659,2684.5,5,0.186602,832700,OK
2026-06-03,25935,伊藤園（優先株式）,プライム（内国株式）,食料品,1768,1769,1765,1769,0,0,34400,OK
2026-06-03,2594,キーコーヒー,プライム（内国株式）,食料品,1926,1938,1920,1935,9,0.46729,49600,OK
2026-06-03,2597,ユニカフェ,スタンダード（内国株式）,食料品,1077,1080,1077,1079,2,0.185701,2400,OK
2026-06-03,2602,日清オイリオグループ,プライム（内国株式）,食料品,1705,1734,1701,1731,24,1.405975,220900,OK
2026-06-03,2607,不二製油,プライム（内国株式）,食料品,3428,3440,3377,3418,-5,-0.146071,254300,OK
2026-06-03,2612,かどや製油,スタンダード（内国株式）,食料品,1458,1494,1440,1488,29,1.987663,12500,OK
2026-06-03,2613,Ｊ−オイルミルズ,プライム（内国株式）,食料品,1959,1977,1943,1970,21,1.077476,70200,OK
2026-06-03,261A,日水コン,スタンダード（内国株式）,サービス業,2211,2238,2193,2193,-17,-0.769231,19800,OK
2026-06-03,262A,インターメスティック,プライム（内国株式）,小売業,1930,1937,1845,1883,-107,-5.376884,309600,OK
2026-06-03,263A,デジタルキューブ,TOKYO PRO MARKET（内国株式）,情報･通信業,,,,,,,,NO_QUOTE
2026-06-03,264A,Ｓｃｈｏｏ,グロース（内国株式）,サービス業,306,307,291,293,-13,-4.248366,74200,OK
2026-06-03,2652,まんだらけ,スタンダード（内国株式）,小売業,358,358,347,357,-1,-0.27933,116600,OK
2026-06-03,2653,イオン九州,スタンダード（内国株式）,小売業,2785,2804,2777,2797,7,0.250896,17300,OK
2026-06-03,2654,アスモ,スタンダード（内国株式）,小売業,395,397,392,392,0,0,4300,OK
2026-06-03,2656,ベクターホールディングス,スタンダード（内国株式）,小売業,181,182,176,182,0,0,212200,OK
2026-06-03,2659,サンエー,プライム（内国株式）,小売業,3100,3145,3075,3145,45,1.451613,165200,OK
2026-06-03,265A,Ｈｍｃｏｍｍ,グロース（内国株式）,情報･通信業,755,790,675,695,-55,-7.333333,163700,OK
2026-06-03,2664,カワチ薬品,プライム（内国株式）,小売業,3300,3400,3265,3380,80,2.424242,111100,OK
2026-06-03,2666,オートウェーブ,スタンダード（内国株式）,小売業,157,159,157,159,2,1.273885,19800,OK
2026-06-03,2667,イメージ　ワン,スタンダード（内国株式）,卸売業,176,178,153,158,-8,-4.819277,1154700,OK
2026-06-03,2668,タビオ,スタンダード（内国株式）,卸売業,1266,1266,1244,1245,-16,-1.268834,2300,OK
2026-06-03,2669,カネ美食品,スタンダード（内国株式）,小売業,3830,3860,3820,3855,20,0.521512,4900,OK
2026-06-03,266A,グローカルマーケティング,TOKYO PRO MARKET（内国株式）,サービス業,,,,,,,,NO_QUOTE
2026-06-03,2670,エービーシー・マート,プライム（内国株式）,小売業,2540.5,2675.5,2532,2658.5,118,4.644755,726400,OK
2026-06-03,2673,夢みつけ隊,スタンダード（内国株式）,小売業,92,93,89,91,-2,-2.150538,134900,OK
2026-06-03,2674,ハードオフコーポレーション,プライム（内国株式）,小売業,2349,2356,2318,2331,-23,-0.97706,37800,OK
2026-06-03,2676,高千穂交易,プライム（内国株式）,卸売業,2006,2018,2002,2009,7,0.34965,16200,OK
2026-06-03,2678,アスクル,プライム（内国株式）,小売業,1208,1218,1201,1207,-2,-0.165426,257800,OK
2026-06-03,267A,トワライズ,TOKYO PRO MARKET（内国株式）,その他金融業,,,,,,,,NO_QUOTE
2026-06-03,2681,ゲオホールディングス,プライム（内国株式）,小売業,2013,2040,1997,2026,5,0.247402,144700,OK
2026-06-03,2683,魚喜,スタンダード（内国株式）,小売業,1004,1004,1001,1001,-3,-0.298805,900,OK
2026-06-03,2685,アンドエスティＨＤ,プライム（内国株式）,小売業,3300,3445,3285,3425,195,6.037152,482500,OK
2026-06-03,2686,ジーフット,スタンダード（内国株式）,小売業,296,297,296,296,0,0,76000,OK
2026-06-03,2687,シー・ヴイ・エス・ベイエリア,スタンダード（内国株式）,サービス業,478,483,475,476,-6,-1.244813,8000,OK
2026-06-03,2689,オルバヘルスケアホールディングス,スタンダード（内国株式）,卸売業,2052,2060,2041,2058,5,0.243546,4300,OK
2026-06-03,268A,リガク・ホールディングス,プライム（内国株式）,精密機器,3290,3400,3155,3235,-5,-0.154321,4140600,OK
2026-06-03,2693,ＹＫＴ,スタンダード（内国株式）,卸売業,402,403,366,371,-26,-6.549118,440100,OK
2026-06-03,2694,焼肉坂井ホールディングス,スタンダード（内国株式）,小売業,70,70,69,70,0,0,495900,OK
2026-06-03,2695,くら寿司,プライム（内国株式）,小売業,1570,1583,1546,1546,-31,-1.965758,495200,OK
2026-06-03,2698,キャンドゥ,スタンダード（内国株式）,小売業,3155,3180,3155,3175,20,0.633914,6500,OK
2026-06-03,269A,Ｓａｐｅｅｔ,グロース（内国株式）,情報･通信業,2288,2288,2230,2249,-59,-2.556326,4000,OK
2026-06-03,2700,木徳神糧,スタンダード（内国株式）,卸売業,1741,1760,1735,1749,-5,-0.285063,21900,OK
2026-06-03,2702,日本マクドナルドホールディングス,スタンダード（内国株式）,小売業,7520,7590,7440,7490,-80,-1.056803,717800,OK
2026-06-03,2705,大戸屋ホールディングス,スタンダード（内国株式）,小売業,7450,7470,6710,7140,-310,-4.161074,76200,OK
2026-06-03,2708,久世,スタンダード（内国株式）,卸売業,1801,1831,1800,1830,14,0.770925,2000,OK
2026-06-03,271A,アクセリア,TOKYO PRO MARKET（内国株式）,情報･通信業,,,,,,,,NO_QUOTE
2026-06-03,2721,ジェイホールディングス,スタンダード（内国株式）,卸売業,115,117,114,116,-1,-0.854701,141600,OK
2026-06-03,2722,ＩＫホールディングス,スタンダード（内国株式）,小売業,360,364,357,359,-4,-1.101928,26000,OK
2026-06-03,2726,パルグループホールディングス,プライム（内国株式）,小売業,1349,1404,1342,1393,20,1.456664,664600,OK
2026-06-03,2730,エディオン,プライム（内国株式）,小売業,2347,2380,2340,2374,20,0.849618,249500,OK
2026-06-03,2733,あらた,プライム（内国株式）,卸売業,2482,2494,2459,2487,4,0.161095,83600,OK
2026-06-03,2734,サーラコーポレーション,プライム（内国株式）,小売業,962,972,956,966,12,1.257862,170600,OK
2026-06-03,2735,ワッツ,スタンダード（内国株式）,小売業,605,610,601,601,-7,-1.151316,33200,OK
2026-06-03,2736,フェスタリアホールディングス,スタンダード（内国株式）,小売業,658,666,655,666,11,1.679389,2200,OK
2026-06-03,2737,トーメンデバイス,プライム（内国株式）,卸売業,14140,14750,14140,14730,290,2.00831,98300,OK
2026-06-03,2742,ハローズ,プライム（内国株式）,小売業,3660,3735,3625,3730,30,0.810811,26600,OK
2026-06-03,2747,北雄ラッキー,スタンダード（内国株式）,小売業,2996,3045,2995,3045,5,0.164474,400,OK
2026-06-03,2749,ＪＰホールディングス,プライム（内国株式）,サービス業,599,600,592,600,4,0.671141,190500,OK
2026-06-03,274A,ガーデン,スタンダード（内国株式）,小売業,2255,2255,2219,2220,-14,-0.626679,16900,OK
2026-06-03,2750,石光商事,スタンダード（内国株式）,卸売業,1244,1244,1230,1232,-12,-0.96463,8700,OK
2026-06-03,2751,テンポスホールディングス,スタンダード（内国株式）,卸売業,3430,3495,3430,3475,25,0.724638,9000,OK
2026-06-03,2752,フジオフードグループ本社,プライム（内国株式）,小売業,1143,1152,1143,1150,9,0.788782,136800,OK
2026-06-03,2753,あみやき亭,プライム（内国株式）,小売業,1274,1299,1267,1293,16,1.252937,47500,OK
2026-06-03,2760,東京エレクトロン　デバイス,プライム（内国株式）,卸売業,4155,4290,4155,4215,100,2.430134,253400,OK
2026-06-03,2762,ＳＡＮＫＯ　ＭＡＲＫＥＴＩＮＧ　ＦＯＯＤＳ,スタンダード（内国株式）,小売業,92,93,92,92,0,0,69700,OK
2026-06-03,2763,エフティグループ,スタンダード（内国株式）,卸売業,1025,1045,1025,1033,9,0.878906,11800,OK
2026-06-03,2764,ひらまつ,スタンダード（内国株式）,小売業,136,137,133,135,-1,-0.735294,131500,OK
2026-06-03,2767,円谷フィールズホールディングス,プライム（内国株式）,卸売業,1366,1388,1341,1379,-3,-0.217077,425300,OK
2026-06-03,2768,双日,プライム（内国株式）,卸売業,5130,5192,5095,5157,36,0.702988,1413900,OK
2026-06-03,2769,ヴィレッジヴァンガードコーポレーション,スタンダード（内国株式）,小売業,819,830,816,820,1,0.1221,6900,OK
2026-06-03,276A,ククレブ・アドバイザーズ,グロース（内国株式）,不動産業,2822,2823,2696,2751,-71,-2.515946,35100,OK
2026-06-03,2776,新都ホールディングス,スタンダード（内国株式）,卸売業,115,117,113,115,-1,-0.862069,318600,OK
2026-06-03,2778,パレモ・ホールディングス,スタンダード（内国株式）,小売業,109,111,109,109,-1,-0.909091,60700,OK
2026-06-03,277A,グロービング,プライム（内国株式）,サービス業,2541,2565,2462,2495,-14,-0.557991,172400,OK
2026-06-03,2780,コメ兵ホールディングス,スタンダード（内国株式）,小売業,5220,5290,5130,5150,-50,-0.961538,66500,OK
2026-06-03,2782,セリア,スタンダード（内国株式）,小売業,3700,3745,3650,3720,15,0.404858,168500,OK
2026-06-03,2784,アルフレッサ　ホールディングス,プライム（内国株式）,卸売業,2173,2195,2156,2195,28,1.292109,609800,OK
2026-06-03,2788,アップルインターナショナル,スタンダード（内国株式）,卸売業,374,379,373,374,0,0,14800,OK
2026-06-03,2789,カルラ,スタンダード（内国株式）,小売業,459,460,456,457,2,0.43956,3600,OK
2026-06-03,278A,Ｔｅｒｒａ　Ｄｒｏｎｅ,グロース（内国株式）,精密機器,8410,8800,8230,8590,50,0.58548,391800,OK
2026-06-03,2790,ナフコ,スタンダード（内国株式）,小売業,2074,2100,2074,2086,12,0.578592,4200,OK
2026-06-03,2791,大黒天物産,プライム（内国株式）,小売業,4115,4210,4110,4185,70,1.701094,93600,OK
2026-06-03,2792,ハニーズホールディングス,プライム（内国株式）,小売業,1338,1359,1323,1359,38,2.876609,155400,OK
2026-06-03,2795,日本プリメックス,スタンダード（内国株式）,卸売業,,,,,,,,NO_QUOTE
2026-06-03,2796,ファーマライズホールディングス,スタンダード（内国株式）,小売業,503,503,501,503,0,0,9100,OK
2026-06-03,2798,ワイズテーブルコーポレーション,スタンダード（内国株式）,小売業,2989,2996,2987,2994,7,0.234349,600,OK
2026-06-03,279A,インターグ,TOKYO PRO MARKET（内国株式）,サービス業,,,,,,,,NO_QUOTE
2026-06-03,2801,キッコーマン,プライム（内国株式）,食料品,1444,1479.5,1428.5,1479.5,35,2.422984,4490100,OK
2026-06-03,2802,味の素,プライム（内国株式）,食料品,5269,5298,5147,5227,-35,-0.665146,3504900,OK
2026-06-03,2804,ブルドックソース,プライム（内国株式）,食料品,1698,1709,1688,1709,12,0.70713,24100,OK
2026-06-03,2805,ヱスビー食品,スタンダード（内国株式）,食料品,5440,5460,5290,5360,-60,-1.107011,43900,OK
2026-06-03,2806,ユタカフーズ,スタンダード（内国株式）,食料品,1970,1970,1908,1911,-59,-2.994924,2800,OK
2026-06-03,2809,キユーピー,プライム（内国株式）,食料品,4000,4053,3981,4036,32,0.799201,344500,OK
2026-06-03,280A,ＴＭＨ,グロース（内国株式）,卸売業,2401,2429,2301,2384,7,0.294489,126000,OK
2026-06-03,2810,ハウス食品グループ本社,プライム（内国株式）,食料品,3409,3504,3392,3475,50,1.459854,272100,OK
2026-06-03,2811,カゴメ,プライム（内国株式）,食料品,2512,2528,2506,2511,0,0,254100,OK
2026-06-03,2813,和弘食品,スタンダード（内国株式）,食料品,3850,3875,3805,3850,0,0,1600,OK
2026-06-03,2814,佐藤食品工業,スタンダード（内国株式）,食料品,2995,3070,2995,3060,66,2.204409,1000,OK
2026-06-03,2815,アリアケジャパン,プライム（内国株式）,食料品,5180,5260,5140,5220,40,0.772201,48100,OK
2026-06-03,2816,ダイショー,スタンダード（内国株式）,食料品,1400,1402,1399,1399,-1,-0.071429,1500,OK
2026-06-03,2818,ピエトロ,スタンダード（内国株式）,食料品,1721,1722,1720,1722,1,0.058106,2400,OK
2026-06-03,2819,エバラ食品工業,スタンダード（内国株式）,食料品,2330,2369,2330,2368,29,1.239846,10300,OK
2026-06-03,281A,インフォメティス,グロース（内国株式）,情報･通信業,699,709,665,695,6,0.870827,265100,OK
2026-06-03,2820,やまみ,スタンダード（内国株式）,食料品,4400,4470,4195,4235,-260,-5.784205,18500,OK
2026-06-03,2831,はごろもフーズ,スタンダード（内国株式）,食料品,3460,3480,3460,3465,-20,-0.573888,700,OK
2026-06-03,284A,フクヤ建設,TOKYO PRO MARKET（内国株式）,建設業,,,,,,,,NO_QUOTE
2026-06-03,285A,キオクシアホールディングス,プライム（内国株式）,電気機器,79660,83140,76240,78080,540,0.696415,43609900,OK
2026-06-03,286A,ユカリア,グロース（内国株式）,サービス業,657,662,645,656,-10,-1.501502,62900,OK
2026-06-03,2871,ニチレイ,プライム（内国株式）,食料品,1851.5,1932,1845,1907.5,54,2.913407,1628500,OK
2026-06-03,2872,セイヒョー,スタンダード（内国株式）,食料品,2182,2200,2154,2160,-25,-1.144165,1600,OK
2026-06-03,2874,横浜冷凍,プライム（内国株式）,卸売業,2487,2512,2418,2504,47,1.912902,237200,OK
2026-06-03,2875,東洋水産,プライム（内国株式）,食料品,10440,10585,10310,10325,-185,-1.760228,671800,OK
2026-06-03,2876,デルソーレ,スタンダード（内国株式）,食料品,450,450,444,450,0,0,1300,OK
2026-06-03,2877,日東ベスト,スタンダード（内国株式）,食料品,734,735,730,730,-5,-0.680272,1800,OK
2026-06-03,287A,黒田グループ,スタンダード（内国株式）,卸売業,1054,1069,1050,1051,-3,-0.28463,498600,OK
2026-06-03,2882,イートアンドホールディングス,プライム（内国株式）,食料品,1970,1984,1967,1978,5,0.253421,12700,OK
2026-06-03,2883,大冷,スタンダード（内国株式）,食料品,1971,1971,1963,1964,2,0.101937,1100,OK
2026-06-03,2884,ヨシムラ・フード・ホールディングス,プライム（内国株式）,食料品,590,604,570,597,7,1.186441,229400,OK
2026-06-03,288A,ラクサス・テクノロジーズ,グロース（内国株式）,サービス業,97,100,97,98,0,0,70300,OK
2026-06-03,2892,日本食品化工,スタンダード（内国株式）,食料品,3960,4010,3930,3995,35,0.883838,6100,OK
2026-06-03,2894,石井食品,スタンダード（内国株式）,食料品,322,322,320,321,0,0,3100,OK
2026-06-03,2897,日清食品ホールディングス,プライム（内国株式）,食料品,2550,2633.5,2536.5,2616.5,53.5,2.087398,1069800,OK
2026-06-03,2901,ウェルディッシュ,スタンダード（内国株式）,食料品,202,202,198,199,-2,-0.995025,88400,OK
2026-06-03,2903,シノブフーズ,スタンダード（内国株式）,食料品,1500,1524,1500,1524,24,1.6,3000,OK
2026-06-03,2904,一正蒲鉾,スタンダード（内国株式）,食料品,773,775,771,771,-2,-0.258732,8400,OK
2026-06-03,2907,あじかん,スタンダード（内国株式）,食料品,1369,1369,1363,1363,-6,-0.438276,900,OK
2026-06-03,2908,フジッコ,プライム（内国株式）,食料品,1460,1481,1455,1481,12,0.816882,77600,OK
2026-06-03,290A,Ｓｙｎｓｐｅｃｔｉｖｅ,グロース（内国株式）,情報･通信業,1595,1595,1470,1502,-114,-7.054455,4431800,OK
2026-06-03,2910,ロック・フィールド,プライム（内国株式）,食料品,1227,1239,1214,1239,10,0.81367,60300,OK
2026-06-03,2911,旭松食品,スタンダード（内国株式）,食料品,2239,2239,2231,2231,-8,-0.357302,200,OK
2026-06-03,2914,日本たばこ産業,プライム（内国株式）,食料品,6100,6154,6083,6112,-20,-0.326158,3002800,OK
2026-06-03,2915,ケンコーマヨネーズ,プライム（内国株式）,食料品,1883,1915,1875,1910,27,1.433882,26300,OK
2026-06-03,2916,仙波糖化工業,スタンダード（内国株式）,食料品,714,731,714,727,13,1.820728,8700,OK
2026-06-03,2917,大森屋,スタンダード（内国株式）,食料品,920,920,910,920,1,0.108814,2100,OK
2026-06-03,2918,わらべや日洋ホールディングス,プライム（内国株式）,食料品,2574,2601,2549,2600,26,1.010101,69200,OK
2026-06-03,291A,リスキル,グロース（内国株式）,サービス業,1743,1745,1726,1726,-26,-1.484018,4600,OK
2026-06-03,2922,なとり,プライム（内国株式）,食料品,1855,1868,1854,1866,7,0.376547,20000,OK
2026-06-03,2923,サトウ食品,スタンダード（内国株式）,食料品,7190,7290,7170,7280,90,1.251739,800,OK
2026-06-03,2924,イフジ産業,スタンダード（内国株式）,食料品,2129,2133,2110,2121,-2,-0.094206,8500,OK
2026-06-03,2926,篠崎屋,スタンダード（内国株式）,食料品,99,100,98,98,-1,-1.010101,164200,OK
2026-06-03,2927,ＡＦＣ−ＨＤアムスライフサイエンス,スタンダード（内国株式）,食料品,824,835,820,829,5,0.606796,20800,OK
2026-06-03,2929,ファーマフーズ,プライム（内国株式）,食料品,634,652,623,648,14,2.208202,115700,OK
2026-06-03,292A,エスアイイー,TOKYO PRO MARKET（内国株式）,サービス業,,,,,,,,NO_QUOTE
2026-06-03,2930,北の達人コーポレーション,プライム（内国株式）,化学,122,124,121,124,2,1.639344,264100,OK
2026-06-03,2931,ユーグレナ,プライム（内国株式）,食料品,352,354,346,352,-3,-0.84507,943600,OK
2026-06-03,2932,ＳＴＩフードホールディングス,スタンダード（内国株式）,食料品,1023,1038,1022,1038,15,1.466276,13800,OK
2026-06-03,2933,紀文食品,プライム（内国株式）,食料品,1017,1028,1013,1028,10,0.982318,29300,OK
2026-06-03,2934,ジェイフロンティア,グロース（内国株式）,食料品,1564,1587,1480,1513,-39,-2.512887,8800,OK
2026-06-03,2935,ピックルスホールディングス,プライム（内国株式）,食料品,1078,1085,1076,1085,7,0.649351,18700,OK
2026-06-03,2936,ベースフード,グロース（内国株式）,食料品,297,297,290,294,-3,-1.010101,45700,OK
2026-06-03,2937,サンクゼール,グロース（内国株式）,食料品,1695,1695,1677,1677,0,0,2100,OK
2026-06-03,2938,オカムラ食品工業,スタンダード（内国株式）,食料品,1495,1506,1460,1460,-39,-2.601734,118800,OK
2026-06-03,293A,ＢＡＢＹ　ＪＯＢ,TOKYO PRO MARKET（内国株式）,小売業,,,,,,,,NO_QUOTE
2026-06-03,2961,日本調理機,スタンダード（内国株式）,金属製品,,,,,,,,NO_QUOTE
2026-06-03,2962,テクニスコ,スタンダード（内国株式）,金属製品,1074,1212,1074,1188,131,12.393567,354800,OK
2026-06-03,296A,令和アカウンティング・ホールディングス,グロース（内国株式）,サービス業,732,741,727,741,5,0.679348,36000,OK
2026-06-03,2970,ＧＬＣ　ＧＲＯＵＰ,スタンダード（内国株式）,不動産業,1113,1113,1090,1104,-6,-0.540541,18900,OK
2026-06-03,2975,スター・マイカ・ホールディングス,プライム（内国株式）,不動産業,1516,1530,1482,1482,-46,-3.010471,176700,OK
2026-06-03,2978,ツクルバ,グロース（内国株式）,不動産業,380,380,370,373,-7,-1.842105,5900,OK
2026-06-03,297A,アルピコホールディングス,スタンダード（内国株式）,小売業,206,211,206,211,3,1.442308,92000,OK
2026-06-03,2980,ＳＲＥホールディングス,プライム（内国株式）,不動産業,2570,2570,2460,2535,-85,-3.244275,472500,OK
2026-06-03,2981,ランディックス,グロース（内国株式）,不動産業,1983,1998,1968,1998,55,2.830674,4200,OK
2026-06-03,2982,ＡＤワークスグループ,プライム（内国株式）,不動産業,386,389,378,387,0,0,424200,OK
2026-06-03,2983,アールプランナー,グロース（内国株式）,不動産業,1349,1363,1327,1350,-6,-0.442478,29600,OK
2026-06-03,2984,ヤマイチエステート,スタンダード（内国株式）,不動産業,716,716,701,702,-13,-1.818182,1200,OK
2026-06-03,2985,ファーストステージ,TOKYO PRO MARKET（内国株式）,不動産業,,,,,,,,NO_QUOTE
2026-06-03,2986,ＬＡホールディングス,グロース（内国株式）,不動産業,8590,8590,8180,8400,-100,-1.176471,125000,OK
2026-06-03,298A,ＧＶＡ　ＴＥＣＨ,グロース（内国株式）,情報･通信業,287,287,280,281,2,0.716846,5800,OK
2026-06-03,2990,アイダ設計,TOKYO PRO MARKET（内国株式）,不動産業,,,,,,,,NO_QUOTE
2026-06-03,2991,ランドネット,スタンダード（内国株式）,不動産業,580,580,568,573,0,0,8900,OK
2026-06-03,2992,アーバンライク,TOKYO PRO MARKET（内国株式）,不動産業,,,,,,,,NO_QUOTE
2026-06-03,2993,長栄,スタンダード（内国株式）,不動産業,2045,2045,2031,2044,0,0,2900,OK
2026-06-03,2994,アンサーホールディングス,TOKYO PRO MARKET（内国株式）,不動産業,,,,,,,,NO_QUOTE
2026-06-03,2995,ジェイレックス・コーポレーション,TOKYO PRO MARKET（内国株式）,不動産業,,,,,,,,NO_QUOTE
2026-06-03,2997,ストレージ王,グロース（内国株式）,不動産業,945,948,940,948,5,0.530223,900,OK
2026-06-03,2998,クリアル,グロース（内国株式）,不動産業,447,447,421,430,-4,-0.921659,215000,OK
2026-06-03,2999,ホームポジション,スタンダード（内国株式）,不動産業,573,573,565,569,0,0,3200,OK
2026-06-03,299A,クラシル,グロース（内国株式）,サービス業,1000,1018,971,972,-44,-4.330709,509300,OK
2026-06-03,3001,片倉工業,スタンダード（内国株式）,繊維製品,2425,2441,2401,2414,-25,-1.02501,30400,OK
2026-06-03,3002,グンゼ,プライム（内国株式）,繊維製品,3685,3710,3655,3700,40,1.092896,128000,OK
2026-06-03,3003,ヒューリック,プライム（内国株式）,不動産業,1661.5,1662,1643,1650,-2.5,-0.151286,2449400,OK
2026-06-03,3004,神栄,スタンダード（内国株式）,卸売業,2090,2118,2075,2118,32,1.534036,10400,OK
2026-06-03,300A,ＭＩＣ,スタンダード（内国株式）,サービス業,2801,2842,2753,2804,-40,-1.40647,9500,OK
2026-06-03,3010,ポラリス・ホールディングス,スタンダード（内国株式）,サービス業,163,166,162,164,3,1.863354,196200,OK
2026-06-03,3011,バナーズ,スタンダード（内国株式）,小売業,153,155,153,153,0,0,20600,OK
2026-06-03,301A,インデックス,TOKYO PRO MARKET（内国株式）,不動産業,,,,,,,,NO_QUOTE
2026-06-03,3020,アプライド,スタンダード（内国株式）,小売業,4200,4200,4055,4055,-115,-2.757794,4200,OK
2026-06-03,3021,パシフィックネット,スタンダード（内国株式）,サービス業,1651,1659,1612,1614,-37,-2.241066,28800,OK
2026-06-03,3023,ラサ商事,スタンダード（内国株式）,卸売業,1701,1731,1682,1727,38,2.249852,40000,OK
2026-06-03,3024,クリエイト,スタンダード（内国株式）,卸売業,995,1000,992,992,-3,-0.301508,5300,OK
2026-06-03,3028,アルペン,プライム（内国株式）,小売業,1997,2017,1990,2010,6,0.299401,150700,OK
2026-06-03,302A,ビースタイルホールディングス,グロース（内国株式）,サービス業,558,558,555,555,0,0,1100,OK
2026-06-03,3030,ハブ,スタンダード（内国株式）,小売業,913,928,903,915,-1,-0.10917,40400,OK
2026-06-03,3031,ラクーンホールディングス,プライム（内国株式）,情報･通信業,630,634,625,625,-6,-0.950872,100900,OK
2026-06-03,3034,クオールホールディングス,プライム（内国株式）,小売業,1806,1840,1797,1840,31,1.713654,141300,OK
2026-06-03,3035,ケイティケイ,スタンダード（内国株式）,卸売業,766,781,766,779,11,1.432292,3400,OK
2026-06-03,3036,アルコニックス,プライム（内国株式）,卸売業,2368,2392,2352,2376,28,1.192504,105200,OK
2026-06-03,3038,神戸物産,プライム（内国株式）,卸売業,2596.5,2624.5,2545,2622,0,0,1687000,OK
2026-06-03,303A,ｖｉｓｕｍｏ,グロース（内国株式）,情報･通信業,625,625,614,615,-7,-1.125402,2400,OK
2026-06-03,3040,ソリトンシステムズ,プライム（内国株式）,情報･通信業,2314,2314,2205,2219,-68,-2.973328,88100,OK
2026-06-03,3041,ビューティカダンホールディングス,スタンダード（内国株式）,卸売業,564,569,561,563,-3,-0.530035,17300,OK
2026-06-03,3042,セキュアヴェイル,スタンダード（内国株式）,情報･通信業,292,292,284,288,-6,-2.040816,28700,OK
2026-06-03,3045,カワサキ,スタンダード（内国株式）,卸売業,1471,1471,1462,1462,-13,-0.881356,300,OK
2026-06-03,3046,ジンズホールディングス,プライム（内国株式）,小売業,7990,8110,7830,7940,-60,-0.75,180800,OK
2026-06-03,3048,ビックカメラ,プライム（内国株式）,小売業,1781,1799,1772,1790,9.5,0.533558,299400,OK
2026-06-03,304A,フォルシア,グロース（内国株式）,情報･通信業,1770,1800,1738,1738,-32,-1.80791,1400,OK
2026-06-03,3050,ＤＣＭホールディングス,プライム（内国株式）,小売業,1415,1432,1407,1431,16,1.130742,256000,OK
2026-06-03,3053,ペッパーフードサービス,スタンダード（内国株式）,小売業,185,187,183,187,3,1.630435,323200,OK
2026-06-03,3054,ハイパー,スタンダード（内国株式）,卸売業,234,235,233,235,1,0.42735,3400,OK
2026-06-03,3058,三洋堂ホールディングス,スタンダード（内国株式）,小売業,680,685,675,685,4,0.587372,3400,OK
2026-06-03,3059,ヒラキ,スタンダード（内国株式）,小売業,714,715,711,715,1,0.140056,3200,OK
2026-06-03,305A,ダブルツリー,TOKYO PRO MARKET（内国株式）,小売業,,,,,,,,NO_QUOTE
2026-06-03,3063,ジェイグループホールディングス,グロース（内国株式）,小売業,1000,1058,997,1046,46,4.6,74000,OK
2026-06-03,3064,ＭｏｎｏｔａＲＯ,プライム（内国株式）,小売業,1850,1912,1833.5,1892,0.5,0.026434,1954700,OK
2026-06-03,3065,ライフフーズ,スタンダード（内国株式）,小売業,1612,1616,1612,1613,1,0.062035,1600,OK
2026-06-03,3067,東京一番フーズ,スタンダード（内国株式）,小売業,451,453,450,450,-1,-0.221729,5200,OK
2026-06-03,3068,ＷＤＩ,スタンダード（内国株式）,小売業,2910,2935,2900,2901,-10,-0.343525,5100,OK
2026-06-03,3069,ＪＦＬＡホールディングス,スタンダード（内国株式）,食料品,151,152,148,152,1,0.662252,122000,OK
2026-06-03,3070,ジェリービーンズグループ,グロース（内国株式）,卸売業,93,99,90,96,4,4.347826,2484800,OK
2026-06-03,3071,ストリーム,スタンダード（内国株式）,小売業,99,100,99,100,1,1.010101,17500,OK
2026-06-03,3075,銚子丸,スタンダード（内国株式）,小売業,1603,1603,1596,1600,-3,-0.187149,4100,OK
2026-06-03,3076,あい　ホールディングス,プライム（内国株式）,卸売業,2768,2782,2740,2755,-18,-0.649116,173100,OK
2026-06-03,3077,ホリイフードサービス,スタンダード（内国株式）,小売業,751,765,738,748,-12,-1.578947,45200,OK
2026-06-03,3079,ディーブイエックス,スタンダード（内国株式）,卸売業,976,988,975,975,-1,-0.102459,3800,OK
2026-06-03,307A,ハウジング・スタッフ,TOKYO PRO MARKET（内国株式）,建設業,,,,,,,,NO_QUOTE
2026-06-03,3080,ジェーソン,スタンダード（内国株式）,小売業,743,752,743,750,7,0.942127,1200,OK
2026-06-03,3082,きちりホールディングス,スタンダード（内国株式）,小売業,980,984,978,982,2,0.204082,12700,OK
2026-06-03,3083,スターシーズ,スタンダード（内国株式）,小売業,1011,1074,1004,1063,67,6.726908,372300,OK
2026-06-03,3086,Ｊ．フロント　リテイリング,プライム（内国株式）,小売業,2241,2268.5,2230.5,2230.5,-14,-0.623747,1188100,OK
2026-06-03,3087,ドトール・日レスホールディングス,プライム（内国株式）,小売業,2594,2614,2583,2607,-2,-0.076658,82500,OK
2026-06-03,3088,マツキヨココカラ＆カンパニー,プライム（内国株式）,小売業,2248,2286,2221.5,2248,-47,-2.04793,3102000,OK
2026-06-03,3089,テクノアルファ,スタンダード（内国株式）,卸売業,1245,1245,1220,1234,-9,-0.724055,10000,OK
2026-06-03,308A,ぽすとめいとホールディングス,TOKYO PRO MARKET（内国株式）,サービス業,,,,,,,,NO_QUOTE
2026-06-03,3091,ブロンコビリー,プライム（内国株式）,小売業,4135,4155,4095,4155,-5,-0.120192,64500,OK
2026-06-03,3092,ＺＯＺＯ,プライム（内国株式）,小売業,1010,1017.5,992.4,1014,-4.5,-0.441826,4834500,OK
2026-06-03,3093,トレジャー・ファクトリー,プライム（内国株式）,小売業,1809,1858,1809,1820,-25,-1.355014,87400,OK
2026-06-03,3096,オーシャンシステム,スタンダード（内国株式）,小売業,1629,1642,1621,1642,34,2.114428,6600,OK
2026-06-03,3097,物語コーポレーション,プライム（内国株式）,小売業,4655,4715,4595,4695,-30,-0.634921,172100,OK
2026-06-03,3099,三越伊勢丹ホールディングス,プライム（内国株式）,小売業,3540,3603,3497,3500,-83,-2.316495,2565700,OK
2026-06-03,309A,コスモス調剤,TOKYO PRO MARKET（内国株式）,小売業,,,,,,,,NO_QUOTE
2026-06-03,3101,東洋紡,プライム（内国株式）,化学,1892,1899,1810,1861,-4,-0.214477,1455000,OK
2026-06-03,3103,ユニチカ,スタンダード（内国株式）,繊維製品,1220,1320,1193,1265,42,3.434178,5666600,OK
2026-06-03,3104,富士紡ホールディングス,プライム（内国株式）,繊維製品,3985,4110,3960,3995,-20,-0.498132,187800,OK
2026-06-03,3105,日清紡ホールディングス,プライム（内国株式）,電気機器,2450,2516,2425.5,2464,60.5,2.517162,966700,OK
2026-06-03,3106,倉敷紡績,プライム（内国株式）,繊維製品,9690,9980,9690,9840,150,1.547988,38500,OK
2026-06-03,3107,ダイワボウホールディングス,プライム（内国株式）,卸売業,3536,3605,3534,3589,56,1.585055,321800,OK
2026-06-03,3109,シキボウ,プライム（内国株式）,繊維製品,991,1003,987,1000,9,0.908174,45900,OK
2026-06-03,310A,サーティーフォー,TOKYO PRO MARKET（内国株式）,不動産業,,,,,,,,NO_QUOTE
2026-06-03,3110,日東紡績,プライム（内国株式）,ガラス･土石製品,22400,22840,21110,21770,-130,-0.593607,2106900,OK
2026-06-03,3111,オーミケンシ,スタンダード（内国株式）,繊維製品,183,183,181,183,0,0,7500,OK
2026-06-03,3113,ＵＮＩＶＡ・Ｏａｋホールディングス,スタンダード（内国株式）,証券･商品先物取引業,71,74,71,74,3,4.225352,231700,OK
2026-06-03,3116,トヨタ紡織,プライム（内国株式）,輸送用機器,2190,2231.5,2179.5,2227,40.5,1.852275,974600,OK
2026-06-03,311A,ＮＰＴ,TOKYO PRO MARKET（内国株式）,医薬品,,,,,,,,NO_QUOTE
2026-06-03,3121,マーチャント・バンカーズ,スタンダード（内国株式）,サービス業,226,230,221,228,7,3.167421,52000,OK
2026-06-03,3123,サイボー,スタンダード（内国株式）,繊維製品,634,639,633,636,3,0.473934,3600,OK
2026-06-03,312A,シンコーホールディングス,TOKYO PRO MARKET（内国株式）,建設業,,,,,,,,NO_QUOTE
2026-06-03,3131,シンデン・ハイテックス,スタンダード（内国株式）,卸売業,3890,3890,3675,3745,-105,-2.727273,40800,OK
2026-06-03,3132,マクニカホールディングス,プライム（内国株式）,卸売業,3280,3396,3274,3365,128,3.954279,1121100,OK
2026-06-03,3133,海帆,グロース（内国株式）,小売業,147,151,142,146,-3,-2.013423,451600,OK
2026-06-03,3134,Ｈａｍｅｅ,スタンダード（内国株式）,小売業,390,392,381,391,2,0.514139,101900,OK
2026-06-03,3135,マーケットエンタープライズ,スタンダード（内国株式）,小売業,1288,1339,1288,1318,25,1.933488,38000,OK
2026-06-03,3137,ファンデリー,スタンダード（内国株式）,小売業,190,195,188,190,-7,-3.553299,123300,OK
2026-06-03,3138,富士山マガジンサービス,スタンダード（内国株式）,小売業,1138,1138,1120,1125,-12,-1.055409,1500,OK
2026-06-03,3139,ラクト・ジャパン,プライム（内国株式）,卸売業,3100,3155,3065,3130,20,0.643087,54900,OK
2026-06-03,3140,ＢＲＵＮＯ,グロース（内国株式）,卸売業,1044,1050,1044,1048,3,0.287081,10300,OK
2026-06-03,3143,オーウイル,スタンダード（内国株式）,卸売業,650,652,636,637,-3,-0.46875,8900,OK
2026-06-03,3148,クリエイトＳＤホールディングス,プライム（内国株式）,小売業,3195,3230,3165,3220,35,1.098901,128900,OK
2026-06-03,3150,グリムス,プライム（内国株式）,電気･ガス業,2369,2382,2345,2377,24,1.019975,74500,OK
2026-06-03,3151,バイタルケーエスケー・ホールディングス,プライム（内国株式）,卸売業,1536,1538,1510,1538,-5,-0.324044,138500,OK
2026-06-03,3153,八洲電機,プライム（内国株式）,卸売業,2769,2827,2752,2800,30,1.083032,50200,OK
2026-06-03,3154,メディアスホールディングス,プライム（内国株式）,卸売業,830,844,830,844,14,1.686747,23400,OK
2026-06-03,3156,レスター,プライム（内国株式）,卸売業,4300,4355,4245,4265,35,0.827423,109100,OK
2026-06-03,3157,ジオリーブグループ,スタンダード（内国株式）,卸売業,1402,1403,1382,1387,-15,-1.0699,2400,OK
2026-06-03,3159,丸善ＣＨＩホールディングス,スタンダード（内国株式）,小売業,352,355,352,353,1,0.284091,18700,OK
2026-06-03,3160,大光,スタンダード（内国株式）,卸売業,562,565,555,559,-1,-0.178571,25700,OK
2026-06-03,3161,アゼアス,スタンダード（内国株式）,卸売業,641,646,636,637,-10,-1.545595,13500,OK
2026-06-03,3166,ＯＣＨＩホールディングス,スタンダード（内国株式）,卸売業,1360,1368,1350,1350,-11,-0.808229,8200,OK
2026-06-03,3167,ＴＯＫＡＩホールディングス,プライム（内国株式）,卸売業,1074,1090,1070,1086,10,0.929368,187500,OK
2026-06-03,3168,ＭＥＲＦ,スタンダード（内国株式）,卸売業,1479,1550,1460,1490,46,3.185596,138700,OK
2026-06-03,3169,ミサワ,スタンダード（内国株式）,小売業,660,665,657,665,6,0.91047,5100,OK
2026-06-03,3172,ティーライフ,スタンダード（内国株式）,小売業,1154,1154,1147,1148,-3,-0.260643,2100,OK
2026-06-03,3173,Ｃｏｍｉｎｉｘ,スタンダード（内国株式）,卸売業,952,964,952,964,11,1.15425,1100,OK
2026-06-03,3174,ハピネス・アンド・ディ,スタンダード（内国株式）,小売業,518,519,515,519,4,0.776699,5200,OK
2026-06-03,3175,エー・ピーホールディングス,スタンダード（内国株式）,小売業,923,925,919,920,-1,-0.108578,6700,OK
2026-06-03,3176,三洋貿易,プライム（内国株式）,卸売業,1532,1537,1520,1526,-2,-0.13089,48000,OK
2026-06-03,3177,ありがとうサービス,スタンダード（内国株式）,小売業,3290,3290,3220,3220,-70,-2.12766,3500,OK
2026-06-03,3178,チムニー,スタンダード（内国株式）,小売業,1059,1080,1037,1045,-13,-1.228733,58400,OK
2026-06-03,3179,シュッピン,プライム（内国株式）,小売業,1050,1056,1038,1040,-10,-0.952381,118400,OK
2026-06-03,317A,エス・エム・エス・データテック,TOKYO PRO MARKET（内国株式）,情報･通信業,,,,,,,,NO_QUOTE
2026-06-03,3180,ビューティガレージ,プライム（内国株式）,卸売業,1378,1400,1358,1398,13,0.938628,21100,OK
2026-06-03,3181,買取王国,スタンダード（内国株式）,小売業,956,961,952,961,4,0.417973,2600,OK
2026-06-03,3182,オイシックス・ラ・大地,プライム（内国株式）,小売業,1485,1486,1462,1480,4,0.271003,66100,OK
2026-06-03,3183,ウイン・パートナーズ,プライム（内国株式）,卸売業,1187,1201,1175,1201,12,1.009251,19800,OK
2026-06-03,3184,ＩＣＤＡホールディングス,スタンダード（内国株式）,小売業,4470,4500,4470,4500,5,0.111235,200,OK
2026-06-03,3185,夢展望,グロース（内国株式）,小売業,204,204,174,181,-20,-9.950249,797200,OK
2026-06-03,3186,ネクステージ,プライム（内国株式）,小売業,3705,3825,3685,3755,50,1.349528,404500,OK
2026-06-03,3187,ミラタップ,グロース（内国株式）,小売業,230,233,222,232,1,0.4329,19200,OK
2026-06-03,3189,ＡＮＡＰホールディングス,スタンダード（内国株式）,小売業,116,117,107,116,-1,-0.854701,258300,OK
2026-06-03,3190,ホットマン,スタンダード（内国株式）,小売業,570,571,567,570,-2,-0.34965,1700,OK
2026-06-03,3191,ジョイフル本田,プライム（内国株式）,小売業,2133,2179,2129,2168,21,0.978109,434400,OK
2026-06-03,3192,白鳩,スタンダード（内国株式）,小売業,365,366,324,329,-28,-7.843137,38600,OK
2026-06-03,3193,エターナルホスピタリティグループ,プライム（内国株式）,小売業,2784,2788,2713,2776,-15,-0.537442,44500,OK
2026-06-03,3195,ジェネレーションパス,スタンダード（内国株式）,小売業,428,434,422,426,-6,-1.388889,22900,OK
2026-06-03,3196,ホットランドホールディングス,プライム（内国株式）,小売業,1616,1624,1603,1618,2,0.123762,94000,OK
2026-06-03,3197,すかいらーくホールディングス,プライム（内国株式）,小売業,2683,2729,2678,2712,-2,-0.073692,2160300,OK
2026-06-03,3198,ＳＦＰホールディングス,プライム（内国株式）,小売業,2240,2259,2226,2246,5,0.223115,33600,OK
2026-06-03,3199,綿半ホールディングス,プライム（内国株式）,小売業,1289,1316,1279,1315,26,2.017067,35800,OK
2026-06-03,319A,技術承継機構,グロース（内国株式）,金属製品,17760,17780,16620,16640,-1100,-6.200676,34300,OK
2026-06-03,3201,日本毛織,プライム（内国株式）,繊維製品,1728,1789,1726,1760,32,1.851852,177200,OK
2026-06-03,3202,ダイトウボウ,スタンダード（内国株式）,繊維製品,144,144,136,139,-7,-4.794521,168900,OK
2026-06-03,3204,トーア紡コーポレーション,スタンダード（内国株式）,繊維製品,515,515,507,513,7,1.383399,11800,OK
2026-06-03,3205,ダイドーリミテッド,スタンダード（内国株式）,繊維製品,738,738,718,719,-22,-2.968961,152500,OK
2026-06-03,320A,Ｄ＆Ｉ,TOKYO PRO MARKET（内国株式）,サービス業,,,,,,,,NO_QUOTE
2026-06-03,321A,ヒューマンステージホールディングス,TOKYO PRO MARKET（内国株式）,サービス業,,,,,,,,NO_QUOTE
2026-06-03,3221,ヨシックスホールディングス,プライム（内国株式）,小売業,3100,3130,3055,3115,30,0.972447,17100,OK
2026-06-03,3222,ユナイテッド・スーパーマーケット・ホールディングス,スタンダード（内国株式）,小売業,808,814,796,810,2,0.247525,419800,OK
2026-06-03,3223,エスエルディー,スタンダード（内国株式）,小売業,901,910,901,910,4,0.441501,800,OK
2026-06-03,3224,ゼネラル・オイスター,グロース（内国株式）,小売業,750,750,733,748,13,1.768707,1700,OK
2026-06-03,322A,ヒメジ理化,TOKYO PRO MARKET（内国株式）,ガラス･土石製品,,,,,,,,NO_QUOTE
2026-06-03,3231,野村不動産ホールディングス,プライム（内国株式）,不動産業,902.7,902.7,894,899.2,-4.4,-0.486941,4948900,OK
2026-06-03,3232,三重交通グループホールディングス,プライム（内国株式）,不動産業,511,521,511,520,5,0.970874,110400,OK
2026-06-03,3236,プロパスト,スタンダード（内国株式）,不動産業,267,270,265,266,0,0,261500,OK
2026-06-03,3237,イントランス,グロース（内国株式）,不動産業,71,73,70,73,3,4.285714,269800,OK
2026-06-03,3238,セントラル総合開発,スタンダード（内国株式）,不動産業,362,366,361,365,3,0.828729,2900,OK
2026-06-03,323A,フライヤー,グロース（内国株式）,情報･通信業,428,428,390,406,-28,-6.451613,66400,OK
2026-06-03,3241,ウィル,スタンダード（内国株式）,不動産業,576,580,574,574,-6,-1.034483,5100,OK
2026-06-03,3242,アーバネットコーポレーション,スタンダード（内国株式）,不動産業,515,515,510,513,0,0,135500,OK
2026-06-03,3245,ディア・ライフ,プライム（内国株式）,不動産業,975,977,962,976,1,0.102564,243600,OK
2026-06-03,3246,コーセーアールイー,スタンダード（内国株式）,不動産業,632,632,626,629,-3,-0.474684,6500,OK
2026-06-03,3248,アールエイジ,スタンダード（内国株式）,不動産業,868,868,843,862,5,0.583431,2100,OK
2026-06-03,324A,ブッキングリゾート,グロース（内国株式）,サービス業,797,804,784,800,0,0,54700,OK
2026-06-03,3252,地主,プライム（内国株式）,不動産業,2841,2883,2788,2857,8,0.2808,180300,OK
2026-06-03,325A,ＴＥＮＴＩＡＬ,グロース（内国株式）,繊維製品,3695,3840,3625,3800,60,1.604278,95200,OK
2026-06-03,3261,グランディーズ,グロース（内国株式）,不動産業,385,406,385,389,3,0.777202,20500,OK
2026-06-03,3266,ファンドクリエーショングループ,スタンダード（内国株式）,不動産業,79,80,79,80,1,1.265823,40600,OK
2026-06-03,3267,フィル・カンパニー,スタンダード（内国株式）,建設業,636,636,618,632,-8,-1.25,68800,OK
2026-06-03,326A,ａｅｒｏ　ｌａｂ　ｉｎｔｅｒｎａｔｉｏｎａｌ,TOKYO PRO MARKET（内国株式）,卸売業,,,,,,,,NO_QUOTE
2026-06-03,3271,ＴＨＥグローバル社,スタンダード（内国株式）,不動産業,1269,1270,1269,1270,1,0.078802,1900,OK
2026-06-03,3276,ＪＰＭＣ,プライム（内国株式）,不動産業,1308,1316,1308,1310,9,0.691776,15600,OK
2026-06-03,3277,サンセイランディック,スタンダード（内国株式）,不動産業,1260,1263,1250,1258,-10,-0.788644,5400,OK
2026-06-03,3280,エストラスト,スタンダード（内国株式）,不動産業,962,962,946,954,4,0.421053,6500,OK
2026-06-03,3284,フージャースホールディングス,プライム（内国株式）,不動産業,1133,1140,1129,1135,2,0.176523,212500,OK
2026-06-03,3286,トラストホールディングス,スタンダード（内国株式）,不動産業,1039,1050,1039,1047,0,0,8400,OK
2026-06-03,3288,オープンハウスグループ,プライム（内国株式）,不動産業,8102,8242,8029,8182,-14,-0.170815,493600,OK
2026-06-03,3289,東急不動産ホールディングス,プライム（内国株式）,不動産業,1277,1283,1267.5,1281.5,0.5,0.039032,3101200,OK
2026-06-03,3291,飯田グループホールディングス,プライム（内国株式）,不動産業,2071.5,2109.5,2065.5,2105.5,56,2.732374,642600,OK
2026-06-03,3293,アズマハウス,スタンダード（内国株式）,不動産業,760,760,760,760,0,0,800,OK
2026-06-03,3294,イーグランド,スタンダード（内国株式）,不動産業,4825,4830,4825,4825,0,0,4500,OK
2026-06-03,3297,東武住販,スタンダード（内国株式）,不動産業,1143,1145,1133,1134,-6,-0.526316,5200,OK
2026-06-03,3299,ムゲンエステート,スタンダード（内国株式）,不動産業,1645,1678,1629,1659,23,1.405868,216300,OK
2026-06-03,329A,ジールアソシエイツ,TOKYO PRO MARKET（内国株式）,サービス業,,,,,,,,NO_QUOTE
2026-06-03,3300,アンビション　ＤＸ　ホールディングス,グロース（内国株式）,不動産業,2180,2181,2147,2169,-4,-0.184077,33100,OK
2026-06-03,3302,帝国繊維,プライム（内国株式）,繊維製品,3185,3255,3120,3240,-15,-0.460829,47300,OK
2026-06-03,3306,日本製麻,スタンダード（内国株式）,卸売業,603,606,602,602,-3,-0.495868,600,OK
2026-06-03,330A,ＴａｌｅｎｔＸ,グロース（内国株式）,情報･通信業,440,440,414,414,-25,-5.694761,100200,OK
2026-06-03,3315,日本コークス工業,プライム（内国株式）,石油･石炭製品,96,101,95,101,5,5.208333,4280500,OK
2026-06-03,3317,フライングガーデン,スタンダード（内国株式）,小売業,1381,1381,1351,1351,-4,-0.295203,700,OK
2026-06-03,331A,メディックス,スタンダード（内国株式）,サービス業,479,481,469,471,-13,-2.68595,16700,OK
2026-06-03,3320,クロスプラス,スタンダード（内国株式）,卸売業,1298,1309,1298,1309,12,0.925212,4100,OK
2026-06-03,3321,ミタチ産業,スタンダード（内国株式）,卸売業,1776,1826,1774,1809,26,1.458216,42100,OK
2026-06-03,3323,レカム,スタンダード（内国株式）,卸売業,70,73,70,73,2,2.816901,204700,OK
2026-06-03,3326,ランシステム,スタンダード（内国株式）,サービス業,598,600,580,583,-17,-2.833333,18600,OK
2026-06-03,3329,東和フードサービス,スタンダード（内国株式）,小売業,2007,2007,1992,1994,-6,-0.3,3400,OK
2026-06-03,332A,ミーク,グロース（内国株式）,情報･通信業,1051,1055,1030,1046,-9,-0.853081,151600,OK
2026-06-03,3333,あさひ,プライム（内国株式）,小売業,1230,1242,1224,1240,8,0.649351,106900,OK
2026-06-03,333A,テクノスマイル,TOKYO PRO MARKET（内国株式）,サービス業,,,,,,,,NO_QUOTE
2026-06-03,3349,コスモス薬品,プライム（内国株式）,小売業,5689,5788,5666,5788,78,1.366025,374300,OK
2026-06-03,334A,ビジュアル・プロセッシング・ジャパン,グロース（内国株式）,情報･通信業,880,895,870,894,-1,-0.111732,2500,OK
2026-06-03,3350,メタプラネット,スタンダード（内国株式）,卸売業,248,254,238,254,-13,-4.868914,43241300,OK
2026-06-03,3352,バッファロー,スタンダード（内国株式）,小売業,1666,1700,1666,1680,14,0.840336,600,OK
2026-06-03,3353,メディカル一光グループ,スタンダード（内国株式）,小売業,2720,2721,2700,2700,0,0,2100,OK
2026-06-03,3355,クリヤマホールディングス,スタンダード（内国株式）,卸売業,1526,1552,1521,1547,21,1.376147,16300,OK
2026-06-03,3358,Ｔｒａｉｌｈｅａｄ　Ｇｌｏｂａｌ　Ｈｏｌｄｉｎｇｓ,スタンダード（内国株式）,小売業,91,91,89,89,-2,-2.197802,184000,OK
2026-06-03,3359,ｃｏｔｔａ,グロース（内国株式）,卸売業,493,495,490,495,2,0.40568,6300,OK
2026-06-03,335A,ミライロ,グロース（内国株式）,情報･通信業,366,368,363,363,-3,-0.819672,6700,OK
2026-06-03,3360,シップヘルスケアホールディングス,プライム（内国株式）,卸売業,2012.5,2031,1989.5,2025.5,13,0.645963,244600,OK
2026-06-03,3361,トーエル,スタンダード（内国株式）,小売業,841,849,841,848,4,0.473934,4100,OK
2026-06-03,336A,ダイナミックマッププラットフォーム,グロース（内国株式）,情報･通信業,935,945,866,879,-51,-5.483871,580300,OK
2026-06-03,3370,フジタコーポレーション,スタンダード（内国株式）,小売業,516,516,505,516,-3,-0.578035,9800,OK
2026-06-03,3371,ソフトクリエイトホールディングス,プライム（内国株式）,情報･通信業,1659,1659,1627,1657,7,0.424242,21000,OK
2026-06-03,3372,関門海,スタンダード（内国株式）,小売業,221,221,219,219,0,0,8600,OK
2026-06-03,3374,内外テック,スタンダード（内国株式）,卸売業,2954,3115,2954,3055,101,3.419093,35200,OK
2026-06-03,3375,ＺＯＡ,スタンダード（内国株式）,小売業,1665,1665,1633,1650,19,1.164929,1100,OK
2026-06-03,3377,バイク王＆カンパニー,スタンダード（内国株式）,卸売業,370,371,370,370,0,0,8200,OK
2026-06-03,3382,セブン＆アイ・ホールディングス,プライム（内国株式）,小売業,1837,1892,1822.5,1887.5,33,1.779455,5708800,OK
2026-06-03,3386,コスモ・バイオ,スタンダード（内国株式）,卸売業,1211,1220,1207,1219,15,1.245847,4600,OK
2026-06-03,3387,クリエイト・レストランツ・ホールディングス,プライム（内国株式）,小売業,709,710,701,706,-3,-0.423131,862600,OK
2026-06-03,3388,明治電機工業,プライム（内国株式）,卸売業,2041,2078,2023,2072,54,2.675917,37400,OK
2026-06-03,338A,ＺｅｎｍｕＴｅｃｈ,グロース（内国株式）,情報･通信業,2262,2270,2130,2170,-64,-2.864816,121000,OK
2026-06-03,3391,ツルハホールディングス,プライム（内国株式）,小売業,1938.5,1979.5,1924,1972.5,18,0.920952,1895100,OK
2026-06-03,3392,デリカフーズホールディングス,スタンダード（内国株式）,卸売業,801,810,790,809,8,0.998752,16200,OK
2026-06-03,3393,スターティアホールディングス,プライム（内国株式）,卸売業,2930,2930,2864,2880,-50,-1.706485,57000,OK
2026-06-03,3395,サンマルクホールディングス,プライム（内国株式）,小売業,2437,2439,2410,2437,-24,-0.975213,114700,OK
2026-06-03,3396,フェリシモ,スタンダード（内国株式）,小売業,834,834,826,831,4,0.483676,1600,OK
2026-06-03,3397,トリドールホールディングス,プライム（内国株式）,小売業,3802,3869,3780,3824,-7,-0.18272,290800,OK
2026-06-03,3399,丸千代山岡家,スタンダード（内国株式）,小売業,3100,3125,3045,3070,-25,-0.807754,87200,OK
2026-06-03,339A,プログレス・テクノロジーズ　グループ,グロース（内国株式）,サービス業,970,980,962,967,-3,-0.309278,14800,OK
2026-06-03,3401,帝人,プライム（内国株式）,繊維製品,1630,1649,1608,1642,30,1.861042,623900,OK
2026-06-03,3402,東レ,プライム（内国株式）,繊維製品,1177.5,1182.5,1152,1152,30.5,2.719572,4798200,OK
2026-06-03,3405,クラレ,プライム（内国株式）,化学,1626,1664.5,1620,1660.5,40.5,2.5,1372000,OK
2026-06-03,3407,旭化成,プライム（内国株式）,化学,1757.5,1783.5,1743,1757.5,15,0.860832,5186800,OK
2026-06-03,3409,北紡,スタンダード（内国株式）,繊維製品,97,99,96,98,1,1.030928,37500,OK
2026-06-03,340A,ジグザグ,グロース（内国株式）,情報･通信業,355,357,348,355,0,0,26200,OK
2026-06-03,3415,ＴＯＫＹＯ　ＢＡＳＥ,プライム（内国株式）,小売業,342,349,326,343,-3,-0.867052,996300,OK
2026-06-03,3416,ピクスタ,スタンダード（内国株式）,小売業,800,800,782,786,-13,-1.627034,2900,OK
2026-06-03,3417,大木ヘルスケアホールディングス,スタンダード（内国株式）,卸売業,1055,1077,1055,1056,1,0.094787,3600,OK
2026-06-03,3418,バルニバービ,グロース（内国株式）,小売業,1099,1099,1095,1097,-1,-0.091075,11700,OK
2026-06-03,341A,トヨコー,グロース（内国株式）,建設業,2015,2031,1989,2020,20,1,29900,OK
2026-06-03,3420,ケー・エフ・シー,スタンダード（内国株式）,金属製品,1510,1510,1501,1504,-10,-0.660502,1000,OK
2026-06-03,3421,稲葉製作所,スタンダード（内国株式）,金属製品,1679,1704,1675,1694,14,0.833333,29600,OK
2026-06-03,3422,Ｊ−ＭＡＸ,スタンダード（内国株式）,金属製品,486,495,485,489,5,1.033058,15700,OK
2026-06-03,3423,エスイー,スタンダード（内国株式）,金属製品,268,272,267,271,3,1.119403,14700,OK
2026-06-03,3426,アトムリビンテック,スタンダード（内国株式）,金属製品,,,,,,,,NO_QUOTE
2026-06-03,3431,宮地エンジニアリンググループ,プライム（内国株式）,金属製品,1453,1470,1439,1469,11,0.754458,113000,OK
2026-06-03,3433,トーカロ,プライム（内国株式）,金属製品,3100,3170,3035,3140,65,2.113821,290700,OK
2026-06-03,3434,アルファ,スタンダード（内国株式）,金属製品,1194,1207,1194,1199,7,0.587248,3100,OK
2026-06-03,3435,サンコーテクノ,スタンダード（内国株式）,金属製品,1343,1343,1320,1341,-2,-0.14892,1400,OK
2026-06-03,3436,ＳＵＭＣＯ,プライム（内国株式）,金属製品,4411,4564,4178,4459,174,4.060677,15719900,OK
2026-06-03,3437,特殊電極,スタンダード（内国株式）,金属製品,2759,2760,2759,2760,1,0.036245,200,OK
2026-06-03,3439,三ツ知,スタンダード（内国株式）,金属製品,657,658,650,655,5,0.769231,1900,OK
2026-06-03,343A,ＩＡＣＥトラベル,スタンダード（内国株式）,サービス業,1166,1171,1160,1171,1,0.08547,7600,OK
2026-06-03,3440,日創グループ,スタンダード（内国株式）,金属製品,938,938,910,921,-17,-1.812367,4300,OK
2026-06-03,3441,山王,スタンダード（内国株式）,金属製品,2896,2940,2740,2755,-91,-3.19747,82800,OK
2026-06-03,3443,川田テクノロジーズ,プライム（内国株式）,金属製品,1260,1266,1200,1213,37,3.146259,800100,OK
2026-06-03,3444,菊池製作所,スタンダード（内国株式）,金属製品,1059,1095,1014,1065,14,1.332065,218400,OK
2026-06-03,3445,ＲＳ　Ｔｅｃｈｎｏｌｏｇｉｅｓ,プライム（内国株式）,金属製品,7370,7500,7210,7250,180,2.545969,194600,OK
2026-06-03,3446,ジェイテックコーポレーション,スタンダード（内国株式）,金属製品,1700,1755,1675,1711,-4,-0.233236,23000,OK
2026-06-03,3447,信和,スタンダード（内国株式）,金属製品,874,875,864,871,2,0.23015,38500,OK
2026-06-03,3448,清鋼材,TOKYO PRO MARKET（内国株式）,金属製品,,,,,,,,NO_QUOTE
2026-06-03,3449,テクノフレックス,スタンダード（内国株式）,金属製品,6800,7380,6770,7310,590,8.779762,160200,OK
2026-06-03,3450,サトウ産業,TOKYO PRO MARKET（内国株式）,金属製品,,,,,,,,NO_QUOTE
2026-06-03,3452,ビーロット,スタンダード（内国株式）,不動産業,1385,1385,1362,1363,-22,-1.588448,65600,OK
2026-06-03,3454,ファーストブラザーズ,スタンダード（内国株式）,不動産業,1190,1202,1190,1202,2,0.166667,2800,OK
2026-06-03,3457,Ａｎｄ　Ｄｏホールディングス,プライム（内国株式）,不動産業,982,1002,972,998,16,1.629328,139100,OK
2026-06-03,3461,パルマ,スタンダード（内国株式）,不動産業,560,563,560,560,-1,-0.178253,2300,OK
2026-06-03,3465,ケイアイスター不動産,プライム（内国株式）,不動産業,3455,3595,3400,3570,180,5.309735,179300,OK
2026-06-03,3467,アグレ都市デザイン,スタンダード（内国株式）,不動産業,2411,2444,2404,2425,-22,-0.89906,5000,OK
2026-06-03,3469,デュアルタップ,スタンダード（内国株式）,不動産業,1019,1024,1017,1019,4,0.394089,6300,OK
2026-06-03,3474,Ｇ−ＦＡＣＴＯＲＹ,グロース（内国株式）,不動産業,534,537,534,535,0,0,3000,OK
2026-06-03,3475,グッドコムアセット,プライム（内国株式）,不動産業,1367,1373,1350,1354,3,0.222058,58000,OK
2026-06-03,3477,フォーライフ,グロース（内国株式）,不動産業,781,786,779,786,-1,-0.127065,1700,OK
2026-06-03,3479,ティーケーピー,グロース（内国株式）,不動産業,1527,1528,1479,1490,-65,-4.180064,330000,OK
2026-06-03,347A,ＧＲＯＷＴＨ　ＰＯＷＥＲ,TOKYO PRO MARKET（内国株式）,卸売業,,,,,,,,NO_QUOTE
2026-06-03,3480,ジェイ・エス・ビー,プライム（内国株式）,不動産業,6810,6860,6640,6740,-70,-1.0279,61200,OK
2026-06-03,3482,ロードスターキャピタル,プライム（内国株式）,不動産業,2750,2764,2713,2742,2,0.072993,109500,OK
2026-06-03,3483,翔栄,TOKYO PRO MARKET（内国株式）,不動産業,,,,,,,,NO_QUOTE
2026-06-03,3484,イノベーションホールディングス,スタンダード（内国株式）,不動産業,1042,1063,1042,1050,6,0.574713,8800,OK
2026-06-03,3486,グローバル・リンク・マネジメント,プライム（内国株式）,不動産業,1734,1734,1701,1710,-18,-1.041667,65600,OK
2026-06-03,3489,フェイスネットワーク,スタンダード（内国株式）,不動産業,690,693,681,693,3,0.434783,120600,OK
2026-06-03,3490,アズ企画設計,スタンダード（内国株式）,不動産業,2846,2884,2834,2862,30,1.059322,1700,OK
2026-06-03,3491,ＧＡ　ｔｅｃｈｎｏｌｏｇｉｅｓ,グロース（内国株式）,不動産業,1505,1509,1459,1473,-46,-3.028308,280800,OK
2026-06-03,3494,マリオン,スタンダード（内国株式）,不動産業,322,330,321,323,1,0.310559,9500,OK
2026-06-03,3495,香陵住販,スタンダード（内国株式）,不動産業,2361,2390,2361,2390,-9,-0.375156,400,OK
2026-06-03,3496,アズーム,プライム（内国株式）,不動産業,4015,4080,3975,4020,-65,-1.591187,136900,OK
2026-06-03,3498,霞ヶ関キャピタル,プライム（内国株式）,不動産業,5710,5890,5670,5810,80,1.396161,301600,OK
2026-06-03,3501,ＳＵＭＩＮＯＥ,プライム（内国株式）,繊維製品,1079,1080,1058,1074,3,0.280112,102900,OK
2026-06-03,350A,デジタルグリッド,グロース（内国株式）,電気･ガス業,833,838,809,816,-3,-0.3663,407000,OK
2026-06-03,3512,日本フエルト,スタンダード（内国株式）,繊維製品,840,865,822,822,-11,-1.320528,11500,OK
2026-06-03,3513,イチカワ,スタンダード（内国株式）,繊維製品,3050,3050,2950,2960,-70,-2.310231,4900,OK
2026-06-03,351A,アクシスＩＴパートナーズ,TOKYO PRO MARKET（内国株式）,情報･通信業,,,,,,,,NO_QUOTE
2026-06-03,3521,テルマー湯ホールディングス,スタンダード（内国株式）,サービス業,149,149,145,145,-4,-2.684564,109100,OK
2026-06-03,3524,日東製網,スタンダード（内国株式）,繊維製品,1425,1436,1425,1435,10,0.701754,1400,OK
2026-06-03,3529,アツギ,スタンダード（内国株式）,繊維製品,1030,1030,1003,1019,2,0.196657,22100,OK
2026-06-03,352A,ＬＯＩＶＥ,グロース（内国株式）,サービス業,483,494,479,484,3,0.623701,18700,OK
2026-06-03,3536,アクサスホールディングス,スタンダード（内国株式）,小売業,128,130,127,128,0,0,23400,OK
2026-06-03,3537,昭栄薬品,スタンダード（内国株式）,卸売業,1612,1612,1605,1605,-7,-0.434243,1000,OK
2026-06-03,3538,ウイルプラスホールディングス,スタンダード（内国株式）,小売業,906,915,906,912,6,0.662252,14500,OK
2026-06-03,3539,ＪＭホールディングス,プライム（内国株式）,小売業,1238,1245,1226,1245,4,0.322321,82400,OK
2026-06-03,3542,ベガコーポレーション,グロース（内国株式）,小売業,1376,1390,1339,1362,-12,-0.873362,22200,OK
2026-06-03,3543,コメダホールディングス,プライム（内国株式）,卸売業,2713,2738,2697,2728,5,0.183621,271700,OK
2026-06-03,3544,サツドラホールディングス,スタンダード（内国株式）,小売業,821,831,819,821,-2,-0.243013,9500,OK
2026-06-03,3546,アレンザホールディングス,プライム（内国株式）,小売業,1452,1454,1452,1453,0,0,35600,OK
2026-06-03,3547,ユニシアホールディングス,スタンダード（内国株式）,小売業,1570,1583,1550,1581,2,0.126662,62000,OK
2026-06-03,3548,バロックジャパンリミテッド,プライム（内国株式）,小売業,716,720,712,713,-3,-0.418994,112800,OK
2026-06-03,3549,クスリのアオキホールディングス,プライム（内国株式）,小売業,3476,3582,3463,3566,91,2.618705,272100,OK
2026-06-03,3550,スタジオアタオ,グロース（内国株式）,小売業,220,221,219,219,1,0.458716,12500,OK
2026-06-03,3551,ダイニック,スタンダード（内国株式）,繊維製品,1335,1338,1302,1302,-34,-2.54491,32600,OK
2026-06-03,3553,共和レザー,スタンダード（内国株式）,化学,850,855,845,852,8,0.947867,43800,OK
2026-06-03,3556,リネットジャパングループ,グロース（内国株式）,小売業,825,825,792,807,-17,-2.063107,120600,OK
2026-06-03,3557,ユナイテッド＆コレクティブ,グロース（内国株式）,小売業,533,535,500,504,-34,-6.319703,58200,OK
2026-06-03,3558,ジェイドグループ,グロース（内国株式）,小売業,1644,1645,1616,1621,-42,-2.525556,123000,OK
2026-06-03,3559,ピーバンドットコム,スタンダード（内国株式）,卸売業,418,427,410,419,1,0.239234,8200,OK
2026-06-03,355A,ナウビレッジ,TOKYO PRO MARKET（内国株式）,サービス業,,,,,,,,NO_QUOTE
2026-06-03,3560,ほぼ日,スタンダード（内国株式）,小売業,4060,4075,4000,4060,-25,-0.611995,1200,OK
2026-06-03,3561,力の源ホールディングス,プライム（内国株式）,小売業,1435,1450,1430,1450,15,1.045296,34700,OK
2026-06-03,3562,Ｎｏ．１,スタンダード（内国株式）,卸売業,1457,1470,1431,1459,6,0.412939,43100,OK
2026-06-03,3563,ＦＯＯＤ　＆　ＬＩＦＥ　ＣＯＭＰＡＮＩＥＳ,プライム（内国株式）,小売業,10500,10720,10270,10445,-30,-0.286396,651000,OK
2026-06-03,3565,アセンテック,スタンダード（内国株式）,卸売業,510,510,483,490,-20,-3.921569,240700,OK
2026-06-03,3566,ユニフォームネクスト,グロース（内国株式）,小売業,905,930,902,928,37,4.152637,17400,OK
2026-06-03,3569,セーレン,プライム（内国株式）,繊維製品,3345,3420,3335,3405,60,1.793722,201900,OK
2026-06-03,3571,ソトー,スタンダード（内国株式）,繊維製品,694,705,692,696,4,0.578035,2800,OK
2026-06-03,3577,東海染工,スタンダード（内国株式）,繊維製品,922,937,922,933,-4,-0.426894,600,OK
2026-06-03,357A,エフアンドエフ,TOKYO PRO MARKET（内国株式）,小売業,,,,,,,,NO_QUOTE
2026-06-03,3580,小松マテーレ,プライム（内国株式）,繊維製品,695,696,691,696,6,0.869565,42100,OK
2026-06-03,3583,オーベクス,スタンダード（内国株式）,繊維製品,1165,1171,1165,1171,-1,-0.085324,300,OK
2026-06-03,358A,ゼン・ランド,TOKYO PRO MARKET（内国株式）,不動産業,,,,,,,,NO_QUOTE
2026-06-03,3591,ワコールホールディングス,プライム（内国株式）,繊維製品,4525,4582,4469,4524,-21,-0.462046,144800,OK
2026-06-03,3597,自重堂,スタンダード（内国株式）,繊維製品,10160,10240,10050,10070,-100,-0.983284,5300,OK
2026-06-03,3598,山喜,スタンダード（内国株式）,繊維製品,162,162,159,159,-2,-1.242236,10100,OK
2026-06-03,359A,ＮＥＸＴ　ＳＴＡＧＥ,TOKYO PRO MARKET（内国株式）,サービス業,,,,,,,,NO_QUOTE
2026-06-03,3600,フジックス,スタンダード（内国株式）,繊維製品,,,,,,,,NO_QUOTE
2026-06-03,3607,クラウディアホールディングス,スタンダード（内国株式）,繊維製品,359,359,352,352,-7,-1.949861,8900,OK
2026-06-03,3608,ＴＳＩホールディングス,プライム（内国株式）,繊維製品,1115,1141,1111,1140,22,1.9678,267000,OK
2026-06-03,3611,マツオカコーポレーション,スタンダード（内国株式）,繊維製品,2264,2299,2252,2273,9,0.397527,29100,OK
2026-06-03,3612,ワールド,プライム（内国株式）,繊維製品,1434,1468,1434,1468,27,1.873699,365000,OK
2026-06-03,361A,リビングハウス,TOKYO PRO MARKET（内国株式）,小売業,,,,,,,,NO_QUOTE
2026-06-03,3622,ネットイヤーグループ,スタンダード（内国株式）,情報･通信業,504,511,500,507,2,0.39604,5000,OK
2026-06-03,3623,ビリングシステム,グロース（内国株式）,情報･通信業,989,992,978,983,-6,-0.606673,19300,OK
2026-06-03,3624,アクセルマーク,グロース（内国株式）,情報･通信業,103,104,77,81,-21,-20.588235,12073400,OK
2026-06-03,3625,テックファームホールディングス,グロース（内国株式）,情報･通信業,592,592,584,589,-5,-0.841751,4800,OK
2026-06-03,3626,ＴＩＳ,プライム（内国株式）,情報･通信業,3355,3439,3270,3334,-275,-7.619839,2928000,OK
2026-06-03,3627,テクミラホールディングス,スタンダード（内国株式）,情報･通信業,276,279,271,274,-1,-0.363636,33300,OK
2026-06-03,3628,データホライゾン,グロース（内国株式）,情報･通信業,575,639,575,623,38,6.495726,24500,OK
2026-06-03,362A,エクシオホールディングス,TOKYO PRO MARKET（内国株式）,サービス業,,,,,,,,NO_QUOTE
2026-06-03,3632,グリーホールディングス,プライム（内国株式）,情報･通信業,413,413,407,410,-5,-1.204819,507700,OK
2026-06-03,3633,ＧＭＯペパボ,スタンダード（内国株式）,情報･通信業,1685,1694,1677,1680,-5,-0.296736,5100,OK
2026-06-03,3634,ソケッツ,スタンダード（内国株式）,情報･通信業,560,591,557,585,20,3.539823,16200,OK
2026-06-03,3635,コーエーテクモホールディングス,プライム（内国株式）,情報･通信業,1488,1513.5,1468.5,1475,-47.5,-3.119869,1269800,OK
2026-06-03,3636,三菱総合研究所,プライム（内国株式）,情報･通信業,4710,4725,4645,4725,65,1.39485,81500,OK
2026-06-03,3639,ボルテージ,スタンダード（内国株式）,情報･通信業,231,231,212,229,-2,-0.865801,21300,OK
2026-06-03,3640,電算,スタンダード（内国株式）,情報･通信業,2245,2257,2226,2245,-7,-0.310835,17900,OK
2026-06-03,3641,パピレス,スタンダード（内国株式）,情報･通信業,911,915,905,905,-6,-0.658617,5600,OK
2026-06-03,3645,メディカルネット,グロース（内国株式）,情報･通信業,257,259,231,241,-19,-7.307692,186200,OK
2026-06-03,3646,駅探,スタンダード（内国株式）,情報･通信業,320,321,318,318,-2,-0.625,3600,OK
2026-06-03,3647,アスリナ,スタンダード（内国株式）,情報･通信業,109,126,109,117,7,6.363636,431400,OK
2026-06-03,3648,ＡＧＳ,スタンダード（内国株式）,情報･通信業,1020,1030,1005,1028,5,0.488759,16100,OK
2026-06-03,3649,ファインデックス,プライム（内国株式）,情報･通信業,790,809,778,805,14,1.769912,152600,OK
2026-06-03,3652,ディジタルメディアプロフェッショナル,グロース（内国株式）,情報･通信業,3400,3400,3000,3035,-330,-9.806835,87700,OK
2026-06-03,3653,モルフォ,グロース（内国株式）,情報･通信業,660,664,638,639,-11,-1.692308,17100,OK
2026-06-03,3656,ＫＬａｂ,プライム（内国株式）,情報･通信業,231,240,220,228,3,1.333333,8611700,OK
2026-06-03,3657,ポールトゥウィンホールディングス,プライム（内国株式）,情報･通信業,301,301,291,295,-6,-1.993355,144400,OK
2026-06-03,3659,ネクソン,プライム（内国株式）,情報･通信業,2297,2369.5,2277,2342.5,27,1.166055,2879500,OK
2026-06-03,365A,伊澤タオル,スタンダード（内国株式）,繊維製品,715,722,713,720,4,0.558659,27200,OK
2026-06-03,3660,アイスタイル,プライム（内国株式）,情報･通信業,389,392,377,388,4,1.041667,876100,OK
2026-06-03,3661,エムアップホールディングス,プライム（内国株式）,情報･通信業,626,656,600,652,22,3.492063,1174900,OK
2026-06-03,3662,エイチームホールディングス,プライム（内国株式）,情報･通信業,952,952,934,937,-12,-1.264489,52600,OK
2026-06-03,3663,セルシス,プライム（内国株式）,情報･通信業,1671,1671,1608,1651,-60,-3.506721,295000,OK
2026-06-03,3664,ＷＩＺＥ,グロース（内国株式）,情報･通信業,23,24,21,23,-1,-4.166667,7660000,OK
2026-06-03,3665,エニグモ,プライム（内国株式）,情報･通信業,353,353,349,351,-2,-0.566572,119300,OK
2026-06-03,3667,ｅｎｉｓｈ,スタンダード（内国株式）,情報･通信業,32,32,30,31,0,0,1302100,OK
2026-06-03,3668,コロプラ,プライム（内国株式）,情報･通信業,384,387,379,384,-2,-0.518135,405900,OK
2026-06-03,366A,ウェルネス・コミュニケーションズ,グロース（内国株式）,サービス業,1080,1080,1038,1039,-43,-3.974122,47600,OK
2026-06-03,3670,協立情報通信,スタンダード（内国株式）,情報･通信業,1631,1649,1631,1640,-5,-0.303951,2900,OK
2026-06-03,3671,ソフトマックス,スタンダード（内国株式）,情報･通信業,300,304,288,288,-14,-4.635762,95400,OK
2026-06-03,3672,オルトプラス,スタンダード（内国株式）,情報･通信業,29,29,28,28,-1,-3.448276,93000,OK
2026-06-03,3673,ブロードリーフ,プライム（内国株式）,情報･通信業,918,921,877,888,-30,-3.267974,306400,OK
2026-06-03,3674,オークファン,グロース（内国株式）,情報･通信業,322,325,322,324,0,0,5400,OK
2026-06-03,3675,クロス・マーケティンググループ,スタンダード（内国株式）,情報･通信業,575,575,562,570,-3,-0.52356,12900,OK
2026-06-03,3676,デジタルハーツホールディングス,プライム（内国株式）,情報･通信業,734,734,723,727,-7,-0.953678,78600,OK
2026-06-03,3678,メディアドゥ,プライム（内国株式）,情報･通信業,1297,1307,1267,1299,-2,-0.153728,69700,OK
2026-06-03,3679,じげん,プライム（内国株式）,情報･通信業,390,390,380,387,-6,-1.526718,296100,OK
2026-06-03,367A,プリモグローバルホールディングス,スタンダード（内国株式）,小売業,2729,2729,2622,2638,-62,-2.296296,46200,OK
2026-06-03,3680,ホットリンク,グロース（内国株式）,情報･通信業,245,247,238,240,-8,-3.225806,57300,OK
2026-06-03,3681,ブイキューブ,プライム（内国株式）,情報･通信業,26,28,23,23,1,4.545455,1808100,OK
2026-06-03,3682,エンカレッジ・テクノロジ,スタンダード（内国株式）,情報･通信業,572,576,570,570,-6,-1.041667,2700,OK
2026-06-03,3683,サイバーリンクス,スタンダード（内国株式）,情報･通信業,1072,1073,1048,1059,-13,-1.212687,14300,OK
2026-06-03,3686,ディー・エル・イー,スタンダード（内国株式）,情報･通信業,85,86,82,85,-2,-2.298851,189800,OK
2026-06-03,3687,フィックスターズ,プライム（内国株式）,情報･通信業,3060,3180,2750,2957,-43,-1.433333,10545800,OK
2026-06-03,368A,北里コーポレーション,プライム（内国株式）,精密機器,1201,1214,1194,1202,1,0.083264,67400,OK
2026-06-03,3690,イルグルム,スタンダード（内国株式）,情報･通信業,519,519,513,518,-1,-0.192678,5800,OK
2026-06-03,3691,デジタルプラス,グロース（内国株式）,情報･通信業,1668,1669,1590,1599,-43,-2.618758,31700,OK
2026-06-03,3692,ＦＦＲＩセキュリティ,グロース（内国株式）,情報･通信業,5550,5580,5040,5040,-590,-10.479574,420000,OK
2026-06-03,3694,オプティム,プライム（内国株式）,情報･通信業,444,455,433,454,12,2.714932,180600,OK
2026-06-03,3695,ＧＭＯプロダクトプラットフォーム,グロース（内国株式）,情報･通信業,,,,,,,,NO_QUOTE
2026-06-03,3696,セレス,プライム（内国株式）,情報･通信業,1805,1817,1747,1783,-102,-5.411141,261100,OK
2026-06-03,3697,ＳＨＩＦＴ,プライム（内国株式）,情報･通信業,722.6,742.5,689,694.7,-96.6,-12.207759,16098300,OK
2026-06-03,3698,ＣＲＩ・ミドルウェア,スタンダード（内国株式）,情報･通信業,1044,1053,1035,1053,0,0,10000,OK
2026-06-03,369A,エータイ,グロース（内国株式）,サービス業,2103,2115,2079,2088,-27,-1.276596,17900,OK
2026-06-03,3708,特種東海製紙,プライム（内国株式）,パルプ・紙,1726,1752,1702,1738,19,1.105294,52500,OK
2026-06-03,370A,リバイブル,TOKYO PRO MARKET（内国株式）,不動産業,,,,,,,,NO_QUOTE
2026-06-03,3710,ジョルダン,スタンダード（内国株式）,情報･通信業,610,613,610,612,2,0.327869,1600,OK
2026-06-03,3712,情報企画,スタンダード（内国株式）,情報･通信業,973,973,935,950,-20,-2.061856,3900,OK
2026-06-03,3719,ＡＩストーム,スタンダード（内国株式）,情報･通信業,217,235,215,225,16,7.655502,2981500,OK
2026-06-03,371A,デージーネット,TOKYO PRO MARKET（内国株式）,情報･通信業,,,,,,,,NO_QUOTE
2026-06-03,3723,日本ファルコム,グロース（内国株式）,情報･通信業,2317,2317,2261,2280,-37,-1.596893,10400,OK
2026-06-03,3726,フォーシーズＨＤ,スタンダード（内国株式）,小売業,340,344,322,327,-19,-5.491329,110700,OK
2026-06-03,3727,アプリックス,グロース（内国株式）,情報･通信業,137,141,135,138,-2,-1.428571,129900,OK
2026-06-03,372A,レント,スタンダード（内国株式）,サービス業,4960,4970,4855,4865,-95,-1.915323,25000,OK
2026-06-03,3733,ソフトウェア・サービス,スタンダード（内国株式）,情報･通信業,10380,10800,10280,10640,300,2.901354,9900,OK
2026-06-03,373A,リップス,グロース（内国株式）,化学,1535,1540,1500,1500,-36,-2.34375,6500,OK
2026-06-03,3741,セック,プライム（内国株式）,情報･通信業,4000,4000,3800,3915,-145,-3.571429,149100,OK
2026-06-03,3744,サイオス,スタンダード（内国株式）,情報･通信業,538,538,523,526,-22,-4.014599,43200,OK
2026-06-03,3747,インタートレード,スタンダード（内国株式）,情報･通信業,468,469,458,460,-11,-2.335456,90000,OK
2026-06-03,374A,樋口総合研究所,TOKYO PRO MARKET（内国株式）,情報･通信業,,,,,,,,NO_QUOTE
2026-06-03,3750,ＡＤＲ１２０Ｓ,スタンダード（内国株式）,情報･通信業,788,802,784,791,-2,-0.252207,3500,OK
2026-06-03,3753,フライトソリューションズ,スタンダード（内国株式）,情報･通信業,170,171,162,163,-8,-4.678363,384500,OK
2026-06-03,3758,アエリア,スタンダード（内国株式）,情報･通信業,229,231,225,230,1,0.436681,49400,OK
2026-06-03,375A,ＹＡＫホールディングス,TOKYO PRO MARKET（内国株式）,不動産業,,,,,,,,NO_QUOTE
2026-06-03,3760,ケイブ,スタンダード（内国株式）,情報･通信業,600,620,597,620,18,2.990033,23400,OK
2026-06-03,3762,テクマトリックス,プライム（内国株式）,情報･通信業,1888,1908,1846,1887,-5,-0.264271,299900,OK
2026-06-03,3763,プロシップ,プライム（内国株式）,情報･通信業,1647,1654,1603,1621,-36,-2.172601,51500,OK
2026-06-03,3765,ガンホー・オンライン・エンターテイメント,プライム（内国株式）,情報･通信業,2303,2321,2240,2240,-62,-2.69331,254800,OK
2026-06-03,3766,システムズ・デザイン,スタンダード（内国株式）,情報･通信業,1240,1275,1240,1255,19,1.537217,1800,OK
2026-06-03,3768,リスクモンスター,スタンダード（内国株式）,情報･通信業,541,555,541,541,-6,-1.096892,2700,OK
2026-06-03,3769,ＧＭＯペイメントゲートウェイ,プライム（内国株式）,情報･通信業,8669,8727,8463,8500,-251,-2.868244,233600,OK
2026-06-03,3771,システムリサーチ,プライム（内国株式）,情報･通信業,1755,1759,1723,1753,-7,-0.397727,39600,OK
2026-06-03,3772,ウェルス・マネジメント,スタンダード（内国株式）,不動産業,1071,1071,1060,1063,-5,-0.468165,37100,OK
2026-06-03,3773,アドバンスト・メディア,グロース（内国株式）,情報･通信業,1079,1088,1067,1071,-11,-1.016636,69000,OK
2026-06-03,3774,インターネットイニシアティブ,プライム（内国株式）,情報･通信業,3142,3267,3125,3250,106,3.371501,880100,OK
2026-06-03,3776,ブロードバンドタワー,スタンダード（内国株式）,情報･通信業,264,265,250,257,-7,-2.651515,859300,OK
2026-06-03,3777,環境フレンドリーホールディングス,グロース（内国株式）,情報･通信業,51,54,51,52,1,1.960784,1888400,OK
2026-06-03,3778,さくらインターネット,プライム（内国株式）,情報･通信業,2898,2965,2868,2939,24,0.823328,924900,OK
2026-06-03,3779,ジェイ・エスコムホールディングス,スタンダード（内国株式）,情報･通信業,146,148,142,145,-2,-1.360544,45300,OK
2026-06-03,3787,テクノマセマティカル,スタンダード（内国株式）,情報･通信業,338,341,335,338,4,1.197605,2000,OK
2026-06-03,3788,ＧＭＯグローバルサイン・ホールディングス,プライム（内国株式）,情報･通信業,1898,1936,1856,1921,-4,-0.207792,30100,OK
2026-06-03,378A,ヒット,グロース（内国株式）,サービス業,2007,2007,1915,1964,-41,-2.044888,78600,OK
2026-06-03,3791,ＩＧポート,スタンダード（内国株式）,情報･通信業,1272,1272,1204,1212,-60,-4.716981,188000,OK
2026-06-03,3793,ドリコム,グロース（内国株式）,情報･通信業,415,415,405,407,-8,-1.927711,87600,OK
2026-06-03,3796,いい生活,スタンダード（内国株式）,情報･通信業,278,278,272,273,-3,-1.086957,13800,OK
2026-06-03,3798,ＵＬＳグループ,スタンダード（内国株式）,情報･通信業,527,533,523,527,-7,-1.310861,159600,OK
2026-06-03,3799,キーウェアソリューションズ,スタンダード（内国株式）,情報･通信業,980,984,970,979,3,0.307377,9000,OK
2026-06-03,3800,ユニリタ,スタンダード（内国株式）,情報･通信業,1950,1960,1947,1952,1,0.051256,2600,OK
2026-06-03,3802,エコミック,スタンダード（内国株式）,情報･通信業,466,467,461,463,-6,-1.279318,3200,OK
2026-06-03,3803,イメージ情報開発,グロース（内国株式）,情報･通信業,605,649,585,590,-10,-1.666667,69600,OK
2026-06-03,3804,システム　ディ,スタンダード（内国株式）,情報･通信業,455,470,455,462,2,0.434783,5400,OK
2026-06-03,3807,フィスコ,グロース（内国株式）,情報･通信業,99,101,97,97,-2,-2.020202,347100,OK
2026-06-03,3810,サイバーステップホールディングス,スタンダード（内国株式）,情報･通信業,178,185,173,178,-5,-2.73224,1490500,OK
2026-06-03,3815,メディア工房,グロース（内国株式）,情報･通信業,444,444,443,443,-1,-0.225225,5600,OK
2026-06-03,3816,大和コンピューター,スタンダード（内国株式）,情報･通信業,1136,1136,1136,1136,0,0,100,OK
2026-06-03,3817,ＳＲＡホールディングス,プライム（内国株式）,情報･通信業,4565,4565,4475,4500,-65,-1.423877,30200,OK
2026-06-03,3823,ＴＨＥ　ＷＨＹ　ＨＯＷ　ＤＯ　ＣＯＭＰＡＮＹ,スタンダード（内国株式）,情報･通信業,36,36,34,35,-2,-5.405405,2426400,OK
2026-06-03,3825,リミックスポイント,スタンダード（内国株式）,小売業,174,174,159,166,-12,-6.741573,2693500,OK
2026-06-03,3826,システムインテグレータ,スタンダード（内国株式）,情報･通信業,437,441,437,440,3,0.686499,4300,OK
2026-06-03,3834,朝日ネット,プライム（内国株式）,情報･通信業,588,596,586,594,5,0.848896,51200,OK
2026-06-03,3835,ｅＢＡＳＥ,プライム（内国株式）,情報･通信業,397,397,387,393,0,0,101500,OK
2026-06-03,3836,アバントグループ,プライム（内国株式）,情報･通信業,1117,1126,1097,1120,-1,-0.089206,127900,OK
2026-06-03,3837,アドソル日進,プライム（内国株式）,情報･通信業,1386,1389,1355,1371,-29,-2.071429,130800,OK
2026-06-03,3839,ＯＤＫソリューションズ,スタンダード（内国株式）,情報･通信業,622,622,620,621,-6,-0.956938,1300,OK
2026-06-03,3840,パス,スタンダード（内国株式）,情報･通信業,60,60,55,56,-4,-6.666667,795900,OK
2026-06-03,3841,ジーダット,スタンダード（内国株式）,情報･通信業,1133,1221,1133,1188,57,5.039788,5700,OK
2026-06-03,3842,ネクストジェン,スタンダード（内国株式）,情報･通信業,977,982,977,982,6,0.614754,900,OK
2026-06-03,3843,フリービット,プライム（内国株式）,情報･通信業,1419,1438,1398,1436,11,0.77193,52700,OK
2026-06-03,3844,コムチュア,プライム（内国株式）,情報･通信業,1336,1355,1330,1333,-9,-0.670641,337900,OK
2026-06-03,3845,アイフリークモバイル,スタンダード（内国株式）,情報･通信業,243,243,235,241,3,1.260504,55600,OK
2026-06-03,3848,データ・アプリケーション,スタンダード（内国株式）,情報･通信業,896,896,875,891,-7,-0.77951,2700,OK
2026-06-03,3850,エヌ・ティ・ティ・データ・イントラマート,スタンダード（内国株式）,情報･通信業,2596,2709,2535,2668,68,2.615385,53100,OK
2026-06-03,3851,日本一ソフトウェア,スタンダード（内国株式）,情報･通信業,822,826,821,825,0,0,1600,OK
2026-06-03,3853,アステリア,プライム（内国株式）,情報･通信業,2031,2268,2030,2226,235,11.803114,2981100,OK
2026-06-03,3854,アイル,プライム（内国株式）,情報･通信業,2606,2653,2600,2603,-19,-0.724638,102300,OK
2026-06-03,3856,Ａｂａｌａｎｃｅ,スタンダード（内国株式）,電気機器,505,514,498,507,10,2.012072,65800,OK
2026-06-03,3858,ユビキタスＡＩ,スタンダード（内国株式）,情報･通信業,378,385,361,376,14,3.867403,177700,OK
2026-06-03,385A,山本通産,TOKYO PRO MARKET（内国株式）,卸売業,,,,,,,,NO_QUOTE
2026-06-03,3861,王子ホールディングス,プライム（内国株式）,パルプ・紙,767.9,783.9,766.6,782.6,14.7,1.914312,3552900,OK
2026-06-03,3863,日本製紙,プライム（内国株式）,パルプ・紙,1200,1236,1172,1198,-24,-1.963993,2471900,OK
2026-06-03,3864,三菱製紙,プライム（内国株式）,パルプ・紙,1048,1072,1025,1060,15,1.435407,197600,OK
2026-06-03,3865,北越コーポレーション,プライム（内国株式）,パルプ・紙,894,916,894,909,16,1.791713,241800,OK
2026-06-03,386A,みのや,スタンダード（内国株式）,小売業,1354,1359,1332,1332,-22,-1.624815,8100,OK
2026-06-03,3877,中越パルプ工業,プライム（内国株式）,パルプ・紙,1986,1991,1970,1987,23,1.171079,28700,OK
2026-06-03,3878,巴川コーポレーション,スタンダード（内国株式）,化学,811,851,809,848,39,4.820766,59200,OK
2026-06-03,387A,フラー,グロース（内国株式）,情報･通信業,856,856,844,844,-7,-0.822562,2800,OK
2026-06-03,3880,大王製紙,プライム（内国株式）,パルプ・紙,919,927,908,922,3,0.326442,306600,OK
2026-06-03,3891,ニッポン高度紙工業,スタンダード（内国株式）,パルプ・紙,8060,8620,8020,8460,350,4.31566,394200,OK
2026-06-03,3892,岡山製紙,スタンダード（内国株式）,パルプ・紙,1757,1786,1746,1779,22,1.252134,2500,OK
2026-06-03,3895,ハビックス,スタンダード（内国株式）,パルプ・紙,412,412,411,412,2,0.487805,5800,OK
2026-06-03,3896,阿波製紙,スタンダード（内国株式）,パルプ・紙,391,402,388,395,0,0,42200,OK
2026-06-03,389A,八光オートメーション,TOKYO PRO MARKET（内国株式）,電気機器,,,,,,,,NO_QUOTE
2026-06-03,3900,クラウドワークス,グロース（内国株式）,情報･通信業,604,605,583,588,-16,-2.649007,94200,OK
2026-06-03,3901,マークラインズ,プライム（内国株式）,情報･通信業,1247,1291,1242,1284,24,1.904762,145800,OK
2026-06-03,3903,ｇｕｍｉ,プライム（内国株式）,情報･通信業,270,277,264,274,4,1.481481,721700,OK
2026-06-03,3904,カヤック,グロース（内国株式）,情報･通信業,398,400,395,396,0,0,20200,OK
2026-06-03,3905,データセクション,グロース（内国株式）,情報･通信業,5060,5060,5000,5060,700,16.055046,810000,OK
2026-06-03,3907,シリコンスタジオ,スタンダード（内国株式）,情報･通信業,1168,1405,1168,1240,76,6.52921,584300,OK
2026-06-03,3908,コラボス,スタンダード（内国株式）,情報･通信業,299,300,297,298,1,0.3367,11600,OK
2026-06-03,3909,ショーケース,スタンダード（内国株式）,情報･通信業,205,206,203,203,-2,-0.97561,14200,OK
2026-06-03,3910,エムケイシステム,スタンダード（内国株式）,情報･通信業,280,280,276,277,-3,-1.071429,6600,OK
2026-06-03,3911,Ａｉｍｉｎｇ,グロース（内国株式）,情報･通信業,167,167,162,166,-1,-0.598802,273300,OK
2026-06-03,3912,モバイルファクトリー,スタンダード（内国株式）,情報･通信業,1100,1108,1085,1085,-8,-0.73193,4400,OK
2026-06-03,3913,ＧｒｅｅｎＢｅｅ,スタンダード（内国株式）,情報･通信業,1004,1017,985,986,-14,-1.4,20600,OK
2026-06-03,3914,ＪＩＧ−ＳＡＷ,グロース（内国株式）,情報･通信業,2457,2469,2400,2430,-26,-1.058632,16500,OK
2026-06-03,3915,テラスカイ,プライム（内国株式）,情報･通信業,2565,3030,2361,3030,501,19.810202,2681000,OK
2026-06-03,3916,デジタル・インフォメーション・テクノロジー,プライム（内国株式）,情報･通信業,848,850,832,840,-5,-0.591716,85700,OK
2026-06-03,3917,アイリッジ,グロース（内国株式）,情報･通信業,441,441,437,439,0,0,13100,OK
2026-06-03,3918,ＰＣＩホールディングス,スタンダード（内国株式）,情報･通信業,1198,1199,1194,1195,4,0.335852,8900,OK
2026-06-03,3920,アイビーシー,スタンダード（内国株式）,情報･通信業,988,1001,980,1000,0,0,5700,OK
2026-06-03,3921,ネオジャパン,プライム（内国株式）,情報･通信業,1554,1565,1540,1554,-14,-0.892857,16800,OK
2026-06-03,3922,ＰＲ　ＴＩＭＥＳ,プライム（内国株式）,情報･通信業,2256,2267,2199,2227,-30,-1.329198,65300,OK
2026-06-03,3923,ラクス,プライム（内国株式）,情報･通信業,1032,1044,1009,1028,-23.5,-2.234903,3798700,OK
2026-06-03,3925,ダブルスタンダード,プライム（内国株式）,情報･通信業,1186,1192,1159,1188,4,0.337838,64900,OK
2026-06-03,3926,オープンドア,スタンダード（内国株式）,情報･通信業,243,255,243,253,9,3.688525,75800,OK
2026-06-03,3927,フーバーブレイン,スタンダード（内国株式）,情報･通信業,956,956,929,947,-12,-1.251303,37500,OK
2026-06-03,3928,マイネット,スタンダード（内国株式）,情報･通信業,248,248,245,245,-3,-1.209677,5700,OK
2026-06-03,3929,ソーシャルワイヤー,グロース（内国株式）,情報･通信業,310,310,291,294,-18,-5.769231,55400,OK
2026-06-03,3930,はてな,グロース（内国株式）,情報･通信業,908,908,884,905,4,0.443951,22600,OK
2026-06-03,3931,バリューゴルフ,グロース（内国株式）,情報･通信業,1785,1807,1783,1799,16,0.897364,1500,OK
2026-06-03,3932,アカツキ,プライム（内国株式）,情報･通信業,3130,3140,3030,3065,-65,-2.076677,66200,OK
2026-06-03,3933,チエル,スタンダード（内国株式）,情報･通信業,519,526,510,517,-3,-0.576923,19600,OK
2026-06-03,3934,ベネフィットジャパン,スタンダード（内国株式）,情報･通信業,2399,2399,2346,2351,-38,-1.590624,2300,OK
2026-06-03,3935,エディア,スタンダード（内国株式）,情報･通信業,628,632,622,629,-6,-0.944882,59500,OK
2026-06-03,3936,グローバルウェイ,グロース（内国株式）,情報･通信業,168,171,165,169,0,0,567500,OK
2026-06-03,3937,Ｕｂｉｃｏｍホールディングス,スタンダード（内国株式）,情報･通信業,950,959,945,951,-9,-0.9375,28700,OK
2026-06-03,3939,カナミックネットワーク,プライム（内国株式）,情報･通信業,490,495,479,480,-13,-2.636917,334100,OK
2026-06-03,393A,ＲｉｔａＸ,TOKYO PRO MARKET（内国株式）,サービス業,,,,,,,,NO_QUOTE
2026-06-03,3940,ノムラシステムコーポレーション,スタンダード（内国株式）,情報･通信業,120,120,118,119,-1,-0.833333,87200,OK
2026-06-03,3941,レンゴー,プライム（内国株式）,パルプ・紙,1400,1412.5,1394.5,1401,4,0.286328,661000,OK
2026-06-03,3943,大石産業,スタンダード（内国株式）,パルプ・紙,1209,1218,1203,1203,-6,-0.496278,5600,OK
2026-06-03,3944,古林紙工,スタンダード（内国株式）,パルプ・紙,2333,2333,2333,2333,0,0,300,OK
2026-06-03,3945,スーパーバッグ,スタンダード（内国株式）,パルプ・紙,2142,2160,2138,2151,-9,-0.416667,3700,OK
2026-06-03,3946,トーモク,プライム（内国株式）,パルプ・紙,3760,3785,3695,3695,-35,-0.938338,46200,OK
2026-06-03,3947,ダイナパック,スタンダード（内国株式）,パルプ・紙,2000,2000,1995,2000,12,0.603622,1500,OK
2026-06-03,3948,光ビジネスフォーム,スタンダード（内国株式）,パルプ・紙,1116,1150,1116,1150,4,0.34904,3300,OK
2026-06-03,3950,ザ・パック,プライム（内国株式）,パルプ・紙,1224,1234,1221,1228,4,0.326797,119300,OK
2026-06-03,3951,朝日印刷,スタンダード（内国株式）,パルプ・紙,837,845,837,844,9,1.077844,11300,OK
2026-06-03,3953,大村紙業,スタンダード（内国株式）,パルプ・紙,748,755,744,744,5,0.67659,2600,OK
2026-06-03,3954,昭和パックス,スタンダード（内国株式）,パルプ・紙,2808,2808,2766,2766,-54,-1.914894,1500,OK
2026-06-03,3955,イムラ,スタンダード（内国株式）,パルプ・紙,804,804,797,797,0,0,1000,OK
2026-06-03,3958,笹徳印刷,スタンダード（内国株式）,パルプ・紙,553,555,553,555,2,0.361664,11100,OK
2026-06-03,3962,チェンジホールディングス,プライム（内国株式）,情報･通信業,920,940,915,916,-5,-0.542888,314100,OK
2026-06-03,3963,シンクロ・フード,プライム（内国株式）,情報･通信業,314,322,305,308,-4,-1.282051,385600,OK
2026-06-03,3964,オークネット,プライム（内国株式）,情報･通信業,1434,1448,1402,1430,-14,-0.969529,133800,OK
2026-06-03,3965,キャピタル・アセット・プランニング,スタンダード（内国株式）,情報･通信業,790,796,780,796,6,0.759494,3200,OK
2026-06-03,3967,エルテス,グロース（内国株式）,情報･通信業,570,581,569,572,-3,-0.521739,6200,OK
2026-06-03,3968,セグエグループ,プライム（内国株式）,情報･通信業,560,563,541,551,-9,-1.607143,379200,OK
2026-06-03,3969,エイトレッド,スタンダード（内国株式）,情報･通信業,1334,1339,1313,1329,-5,-0.374813,24700,OK
2026-06-03,3970,イノベーション,グロース（内国株式）,情報･通信業,807,819,806,818,11,1.363073,1000,OK
2026-06-03,3974,ＳＣＡＴ,スタンダード（内国株式）,情報･通信業,533,534,528,529,-1,-0.188679,2900,OK
2026-06-03,3976,シャノン,グロース（内国株式）,情報･通信業,497,497,484,491,-4,-0.808081,12000,OK
2026-06-03,3979,うるる,グロース（内国株式）,情報･通信業,397,399,390,395,1,0.253807,18300,OK
2026-06-03,3981,ビーグリー,スタンダード（内国株式）,情報･通信業,1224,1229,1219,1229,6,0.490597,2400,OK
2026-06-03,3983,オロ,プライム（内国株式）,情報･通信業,2065,2097,2010,2078,-8,-0.383509,83100,OK
2026-06-03,3984,ユーザーローカル,プライム（内国株式）,情報･通信業,1793,1824,1772,1815,-5,-0.274725,175500,OK
2026-06-03,3985,テモナ,スタンダード（内国株式）,情報･通信業,172,175,172,173,1,0.581395,6600,OK
2026-06-03,3986,ビーブレイクシステムズ,スタンダード（内国株式）,情報･通信業,561,568,561,565,5,0.892857,6800,OK
2026-06-03,3987,エコモット,グロース（内国株式）,情報･通信業,541,541,531,532,-3,-0.560748,12500,OK
2026-06-03,3988,ＳＹＳホールディングス,スタンダード（内国株式）,情報･通信業,539,547,538,540,-9,-1.639344,3600,OK
2026-06-03,3989,シェアリングテクノロジー,グロース（内国株式）,情報･通信業,969,969,946,960,-6,-0.621118,165000,OK
2026-06-03,398A,リアルクオリティ,TOKYO PRO MARKET（内国株式）,サービス業,,,,,,,,NO_QUOTE
2026-06-03,3991,ウォンテッドリー,グロース（内国株式）,情報･通信業,900,908,888,908,4,0.442478,7300,OK
2026-06-03,3992,ニーズウェル,プライム（内国株式）,情報･通信業,410,413,404,405,-4,-0.977995,140700,OK
2026-06-03,3993,ＰＫＳＨＡ　Ｔｅｃｈｎｏｌｏｇｙ,プライム（内国株式）,情報･通信業,3005,3065,2950,2951,-259,-8.068536,557500,OK
2026-06-03,3994,マネーフォワード,プライム（内国株式）,情報･通信業,4322,4440,4223,4335,-197,-4.346867,428300,OK
2026-06-03,3996,サインポスト,スタンダード（内国株式）,情報･通信業,184,185,180,182,-3,-1.621622,57200,OK
2026-06-03,3997,トレードワークス,スタンダード（内国株式）,情報･通信業,398,406,382,400,21,5.540897,400200,OK
2026-06-03,3998,すららネット,グロース（内国株式）,情報･通信業,312,312,308,312,0,0,16400,OK
2026-06-03,4004,レゾナック・ホールディングス,プライム（内国株式）,化学,19400,19450,18660,18700,875,4.908836,3537100,OK
2026-06-03,4005,住友化学,プライム（内国株式）,化学,587,595,578.1,586.8,3.4,0.582791,9406600,OK
2026-06-03,4008,住友精化,プライム（内国株式）,化学,1310,1317,1297,1312,26,2.021773,202300,OK
2026-06-03,4011,ヘッドウォータース,グロース（内国株式）,情報･通信業,2400,2404,2310,2377,-55,-2.261513,40000,OK
2026-06-03,4012,アクシス,スタンダード（内国株式）,情報･通信業,1605,1623,1596,1621,14,0.871189,10600,OK
2026-06-03,4013,勤次郎,グロース（内国株式）,情報･通信業,593,624,592,620,28,4.72973,124300,OK
2026-06-03,4014,カラダノート,グロース（内国株式）,情報･通信業,418,428,411,428,16,3.883495,14100,OK
2026-06-03,4015,ペイクラウドホールディングス,グロース（内国株式）,情報･通信業,467,467,460,460,-11,-2.335456,35000,OK
2026-06-03,4016,ＭＩＴホールディングス,スタンダード（内国株式）,情報･通信業,890,890,884,884,-6,-0.674157,3800,OK
2026-06-03,4017,クリーマ,グロース（内国株式）,情報･通信業,212,213,211,212,-3,-1.395349,8600,OK
2026-06-03,4019,スタメン,グロース（内国株式）,情報･通信業,605,620,582,620,5,0.813008,75300,OK
2026-06-03,4020,ビートレンド,グロース（内国株式）,情報･通信業,683,683,683,683,0,0,100,OK
2026-06-03,4021,日産化学,プライム（内国株式）,化学,7467,7593,7425,7532,188,2.559913,525200,OK
2026-06-03,4022,ラサ工業,プライム（内国株式）,化学,2203,2653,2134,2653,500,23.223409,4436800,OK
2026-06-03,4023,クレハ,プライム（内国株式）,化学,3865,3970,3845,3925,80,2.080624,313400,OK
2026-06-03,4025,多木化学,プライム（内国株式）,化学,4770,5130,4770,5090,250,5.165289,30400,OK
2026-06-03,4026,神島化学工業,スタンダード（内国株式）,ガラス･土石製品,1842,2067,1810,2008,136,7.264957,300300,OK
2026-06-03,4027,テイカ,プライム（内国株式）,化学,2381,2415,2357,2358,-9,-0.380228,50800,OK
2026-06-03,4028,石原産業,プライム（内国株式）,化学,3360,3370,3225,3305,-20,-0.601504,428400,OK
2026-06-03,402A,アクセルスペースホールディングス,グロース（内国株式）,輸送用機器,751,751,705,708,-28,-3.804348,3936500,OK
2026-06-03,4031,片倉コープアグリ,スタンダード（内国株式）,化学,1124,1155,1121,1143,21,1.871658,47600,OK
2026-06-03,403A,北條組,TOKYO PRO MARKET（内国株式）,建設業,,,,,,,,NO_QUOTE
2026-06-03,4040,南海化学,スタンダード（内国株式）,化学,3990,4025,3830,3830,-180,-4.488778,16300,OK
2026-06-03,4041,日本曹達,プライム（内国株式）,化学,3550,3600,3535,3585,40,1.12835,109300,OK
2026-06-03,4042,東ソー,プライム（内国株式）,化学,2829,2874.5,2800,2847,52.5,1.87869,1808600,OK
2026-06-03,4043,トクヤマ,プライム（内国株式）,化学,5241,5650,5204,5622,436,8.40725,1302800,OK
2026-06-03,4044,セントラル硝子,プライム（内国株式）,化学,4020,4075,4005,4050,35,0.871731,78700,OK
2026-06-03,4045,東亞合成,プライム（内国株式）,化学,1750,1768,1738,1758,19.5,1.121657,267600,OK
2026-06-03,4046,大阪ソーダ,プライム（内国株式）,化学,1821,1866,1817,1832,11,0.604064,242600,OK
2026-06-03,4047,関東電化工業,プライム（内国株式）,化学,3740,3860,3685,3705,175,4.957507,953900,OK
2026-06-03,4051,ＧＭＯフィナンシャルゲート,プライム（内国株式）,情報･通信業,5910,5910,5640,5660,-250,-4.230118,24400,OK
2026-06-03,4052,フィーチャ,グロース（内国株式）,情報･通信業,261,261,253,260,1,0.3861,1500,OK
2026-06-03,4053,Ｓｕｎ　Ａｓｔｅｒｉｓｋ,プライム（内国株式）,情報･通信業,455,455,441,444,-14,-3.056769,98800,OK
2026-06-03,4054,日本情報クリエイト,グロース（内国株式）,情報･通信業,509,511,505,508,-1,-0.196464,26000,OK
2026-06-03,4055,ティアンドエスグループ,グロース（内国株式）,情報･通信業,2039,2086,1991,2050,51,2.551276,195900,OK
2026-06-03,4056,ニューラルグループ,グロース（内国株式）,情報･通信業,224,227,220,223,-3,-1.327434,57100,OK
2026-06-03,4057,インターファクトリー,グロース（内国株式）,情報･通信業,357,357,352,352,-2,-0.564972,1900,OK
2026-06-03,4058,トヨクモ,グロース（内国株式）,情報･通信業,2108,2130,2060,2080,-56,-2.621723,30700,OK
2026-06-03,4059,まぐまぐ,スタンダード（内国株式）,情報･通信業,375,375,369,369,-1,-0.27027,200,OK
2026-06-03,405A,コヤマ・ミライエ,TOKYO PRO MARKET（内国株式）,卸売業,,,,,,,,NO_QUOTE
2026-06-03,4060,ｒａｋｕｍｏ,グロース（内国株式）,情報･通信業,1035,1035,1015,1030,-5,-0.483092,27000,OK
2026-06-03,4061,デンカ,プライム（内国株式）,化学,4150,4275,4120,4233,94,2.27108,470500,OK
2026-06-03,4062,イビデン,プライム（内国株式）,電気機器,21450,22430,21125,21940,805,3.808848,6878300,OK
2026-06-03,4063,信越化学工業,プライム（内国株式）,化学,7623,7818,7526,7806,333,4.456042,8189400,OK
2026-06-03,4064,日本カーバイド工業,プライム（内国株式）,化学,3255,3370,3230,3340,135,4.212168,142100,OK
2026-06-03,4068,ベイシス,グロース（内国株式）,情報･通信業,1750,1785,1750,1765,14,0.799543,2200,OK
2026-06-03,4069,ＢｌｕｅＭｅｍｅ,グロース（内国株式）,情報･通信業,1029,1029,942,983,-66,-6.291706,36200,OK
2026-06-03,406A,環境のミカタホールディングス,TOKYO PRO MARKET（内国株式）,サービス業,,,,,,,,NO_QUOTE
2026-06-03,4071,プラスアルファ・コンサルティング,プライム（内国株式）,情報･通信業,2630,2700,2624,2686,38,1.435045,379000,OK
2026-06-03,4072,電算システムホールディングス,プライム（内国株式）,情報･通信業,3000,3010,2935,2986,-14,-0.466667,40300,OK
2026-06-03,4073,ジィ・シィ企画,グロース（内国株式）,情報･通信業,479,479,420,432,-47,-9.812109,35400,OK
2026-06-03,4074,ラキール,グロース（内国株式）,情報･通信業,737,737,716,716,-20,-2.717391,8600,OK
2026-06-03,4075,ブレインズテクノロジー,グロース（内国株式）,情報･通信業,1070,1092,1025,1061,20,1.92123,27400,OK
2026-06-03,4076,シイエヌエス,グロース（内国株式）,情報･通信業,1655,1655,1601,1632,-46,-2.741359,4400,OK
2026-06-03,4078,堺化学工業,プライム（内国株式）,化学,6280,6380,5800,5910,-470,-7.366771,1454900,OK
2026-06-03,407A,ＵＮＩＣＯＮホールディングス,スタンダード（内国株式）,建設業,879,890,864,877,-17,-1.901566,30100,OK
2026-06-03,4082,第一稀元素化学工業,プライム（内国株式）,化学,2166,2282,2135,2201,41,1.898148,337500,OK
2026-06-03,4088,エア・ウォーター,プライム（内国株式）,化学,2470,2508,2447,2490,28,1.137287,1205200,OK
2026-06-03,4091,日本酸素ホールディングス,プライム（内国株式）,化学,5700,5771,5657,5679,-32,-0.560322,653900,OK
2026-06-03,4092,日本化学工業,プライム（内国株式）,化学,5360,6240,5120,5360,-40,-0.740741,1319300,OK
2026-06-03,4093,東邦アセチレン,スタンダード（内国株式）,化学,386,398,386,398,11,2.842377,35300,OK
2026-06-03,4094,日本化学産業,スタンダード（内国株式）,化学,1997,2085,1997,2058,61,3.054582,28100,OK
2026-06-03,4095,日本パーカライジング,プライム（内国株式）,化学,1475,1555,1468,1550,84,5.729877,298900,OK
2026-06-03,4097,高圧ガス工業,プライム（内国株式）,化学,1064,1077,1055,1073,17,1.609848,48300,OK
2026-06-03,4098,チタン工業,スタンダード（内国株式）,化学,1151,1203,1138,1179,53,4.706927,67500,OK
2026-06-03,4099,四国化成ホールディングス,プライム（内国株式）,化学,6250,6470,6160,6290,-40,-0.631912,174400,OK
2026-06-03,409A,オリオンビール,プライム（内国株式）,食料品,1120,1131,1113,1127,12,1.076233,273300,OK
2026-06-03,4100,戸田工業,スタンダード（内国株式）,化学,1900,1900,1770,1836,-44,-2.340426,279900,OK
2026-06-03,4102,丸尾カルシウム,スタンダード（内国株式）,化学,1425,1425,1415,1425,0,0,500,OK
2026-06-03,4107,伊勢化学工業,スタンダード（内国株式）,化学,4235,4365,4160,4230,-20,-0.470588,234000,OK
2026-06-03,4109,ステラ　ケミファ,プライム（内国株式）,化学,7150,7270,7080,7220,200,2.849003,73000,OK
2026-06-03,410A,ＧＭＯコマース,グロース（内国株式）,サービス業,1023,1031,1016,1025,-6,-0.581959,7400,OK
2026-06-03,4112,保土谷化学工業,プライム（内国株式）,化学,2295,2302,2246,2254,0,0,57000,OK
2026-06-03,4113,田岡化学工業,スタンダード（内国株式）,化学,735,735,709,709,-26,-3.537415,62300,OK
2026-06-03,4114,日本触媒,プライム（内国株式）,化学,2024,2084,2017.5,2072,50,2.472799,528000,OK
2026-06-03,4116,大日精化工業,プライム（内国株式）,化学,1017,1021,1009,1016,8,0.793651,139700,OK
2026-06-03,4118,カネカ,プライム（内国株式）,化学,5631,5658,5570,5611,33,0.59161,205700,OK
2026-06-03,4119,日本ピグメントホールディングス,スタンダード（内国株式）,化学,5270,5400,5100,5200,-90,-1.701323,8100,OK
2026-06-03,411A,日本マリタイムバンク,TOKYO PRO MARKET（内国株式）,その他金融業,,,,,,,,NO_QUOTE
2026-06-03,4120,スガイ化学工業,スタンダード（内国株式）,化学,2495,2500,2495,2500,0,0,1400,OK
2026-06-03,4124,大阪油化工業,スタンダード（内国株式）,化学,2555,2555,2554,2554,0,0,400,OK
2026-06-03,4125,三和油化工業,スタンダード（内国株式）,化学,2549,2569,2505,2569,39,1.541502,22700,OK
2026-06-03,414A,オーバーラップホールディングス,グロース（内国株式）,情報･通信業,901,908,895,901,-2,-0.221484,83900,OK
2026-06-03,4151,協和キリン,プライム（内国株式）,医薬品,2350,2371.5,2310.5,2314.5,-55.5,-2.341772,1459000,OK
2026-06-03,415A,ＧＭＯ　ＴＥＣＨホールディングス,グロース（内国株式）,サービス業,4630,4735,4630,4645,5,0.107759,1600,OK
2026-06-03,4165,プレイド,グロース（内国株式）,情報･通信業,625,675,618,644,-1,-0.155039,1237200,OK
2026-06-03,4166,かっこ,グロース（内国株式）,情報･通信業,673,683,652,664,-7,-1.043219,37900,OK
2026-06-03,4167,ココペリ,グロース（内国株式）,情報･通信業,283,287,276,276,-7,-2.473498,17900,OK
2026-06-03,4168,ヤプリ,グロース（内国株式）,情報･通信業,750,750,731,734,-18,-2.393617,129300,OK
2026-06-03,4169,ＥＮＥＣＨＡＮＧＥ,グロース（内国株式）,情報･通信業,196,203,188,201,1,0.5,902300,OK
2026-06-03,416A,富士ユナイトホールディングス,スタンダード（内国株式）,卸売業,1129,1140,1123,1132,-2,-0.176367,3100,OK
2026-06-03,4170,Ｋａｉｚｅｎ　Ｐｌａｔｆｏｒｍ,グロース（内国株式）,情報･通信業,132,137,130,135,2,1.503759,53100,OK
2026-06-03,4171,グローバルインフォメーション,スタンダード（内国株式）,情報･通信業,1675,1676,1675,1675,0,0,19900,OK
2026-06-03,4172,Ｈｉクラテス,スタンダード（内国株式）,情報･通信業,2188,2188,2188,2188,16,0.736648,100,OK
2026-06-03,4174,アピリッツ,スタンダード（内国株式）,情報･通信業,624,624,619,619,-5,-0.801282,2200,OK
2026-06-03,4175,ｃｏｌｙ,グロース（内国株式）,情報･通信業,2268,2268,2181,2259,29,1.300448,26700,OK
2026-06-03,4176,ココナラ,グロース（内国株式）,情報･通信業,252,252,244,247,-4,-1.593625,111900,OK
2026-06-03,4177,ｉ‐ｐｌｕｇ,グロース（内国株式）,情報･通信業,1453,1453,1414,1440,-23,-1.572112,7900,OK
2026-06-03,4178,Ｓｈａｒｉｎｇ　Ｉｎｎｏｖａｔｉｏｎｓ,グロース（内国株式）,情報･通信業,523,523,523,523,0,0,100,OK
2026-06-03,4179,ジーネクスト,グロース（内国株式）,情報･通信業,311,324,308,318,0,0,12700,OK
2026-06-03,417A,ブルーゾーンホールディングス,プライム（内国株式）,小売業,1714,1741.5,1700.5,1740,26,1.516919,266000,OK
2026-06-03,4180,Ａｐｐｉｅｒ　Ｇｒｏｕｐ,プライム（内国株式）,情報･通信業,975,1024,972,992,27,2.797927,2134900,OK
2026-06-03,4182,三菱瓦斯化学,プライム（内国株式）,化学,5450,5492,5325,5382,132,2.514286,1232800,OK
2026-06-03,4183,三井化学,プライム（内国株式）,化学,2130,2155,2102,2131.5,45.5,2.181208,1359000,OK
2026-06-03,4186,東京応化工業,プライム（内国株式）,化学,10710,10875,10410,10690,380,3.685742,893300,OK
2026-06-03,4187,大阪有機化学工業,プライム（内国株式）,化学,5900,6130,5900,6040,180,3.071672,173100,OK
2026-06-03,4188,三菱ケミカルグループ,プライム（内国株式）,化学,1100,1112,1078.5,1099,15,1.383764,5952200,OK
2026-06-03,4189,ＫＨネオケム,プライム（内国株式）,化学,2660,2701,2652,2667,6,0.225479,259600,OK
2026-06-03,4192,スパイダープラス,グロース（内国株式）,情報･通信業,294,295,280,282,-11,-3.754266,228500,OK
2026-06-03,4193,ファブリカホールディングス,スタンダード（内国株式）,情報･通信業,2230,2259,2223,2230,0,0,4300,OK
2026-06-03,4194,ビジョナル,プライム（内国株式）,情報･通信業,8002,8395,7922,8196,-48,-0.582242,324400,OK
2026-06-03,4196,ネオマーケティング,スタンダード（内国株式）,情報･通信業,1490,1500,1479,1500,16,1.078167,7800,OK
2026-06-03,4197,アスマーク,スタンダード（内国株式）,情報･通信業,2263,2310,2263,2291,78,3.524627,3400,OK
2026-06-03,4198,テンダ,スタンダード（内国株式）,情報･通信業,512,517,508,517,5,0.976562,3600,OK
2026-06-03,4199,ワンダープラネット,グロース（内国株式）,情報･通信業,717,737,716,736,12,1.657459,10100,OK
2026-06-03,419A,ラングローブ,TOKYO PRO MARKET（内国株式）,小売業,,,,,,,,NO_QUOTE
2026-06-03,4202,ダイセル,プライム（内国株式）,化学,1270,1299.5,1265,1294.5,33.5,2.656622,1230000,OK
2026-06-03,4203,住友ベークライト,プライム（内国株式）,化学,6832,6885,6737,6773,41,0.609031,476100,OK
2026-06-03,4204,積水化学工業,プライム（内国株式）,化学,2352,2429,2342.5,2422,94,4.037801,4822000,OK
2026-06-03,4205,日本ゼオン,プライム（内国株式）,化学,2152,2207.5,2141,2184.5,50.5,2.366448,795100,OK
2026-06-03,4206,アイカ工業,プライム（内国株式）,化学,3351,3436,3340,3433,74,2.203037,300900,OK
2026-06-03,4208,ＵＢＥ,プライム（内国株式）,化学,2964.5,3006,2951,2992,51,1.734104,1035600,OK
2026-06-03,4212,積水樹脂,プライム（内国株式）,化学,2044,2087,2034,2078,62,3.075397,165200,OK
2026-06-03,4216,旭有機材,プライム（内国株式）,化学,6900,6990,6840,6930,120,1.762115,110900,OK
2026-06-03,4218,ニチバン,プライム（内国株式）,化学,1792,1813,1781,1813,21,1.171875,22500,OK
2026-06-03,421A,ムービン・ストラテジック・キャリア,グロース（内国株式）,サービス業,2810,2861,2756,2827,17,0.604982,47700,OK
2026-06-03,4220,リケンテクノス,プライム（内国株式）,化学,1550,1605,1546,1595,47,3.036176,128000,OK
2026-06-03,4221,大倉工業,プライム（内国株式）,化学,4755,4855,4730,4850,95,1.997897,48200,OK
2026-06-03,4222,児玉化学工業,スタンダード（内国株式）,化学,694,722,687,715,27,3.924419,221400,OK
2026-06-03,4224,ロンシール工業,スタンダード（内国株式）,化学,2012,2016,2002,2002,-10,-0.497018,600,OK
2026-06-03,4228,積水化成品工業,プライム（内国株式）,化学,545,556,538,546,9,1.675978,226600,OK
2026-06-03,4229,群栄化学工業,プライム（内国株式）,化学,4560,4770,4500,4725,230,5.116796,28900,OK
2026-06-03,422A,ｔａｎｅ　ＣＲＥＡＴＩＶＥ,TOKYO PRO MARKET（内国株式）,情報･通信業,,,,,,,,NO_QUOTE
2026-06-03,4231,タイガースポリマー,スタンダード（内国株式）,化学,960,969,954,958,7,0.736067,25000,OK
2026-06-03,4234,サンエー化研,スタンダード（内国株式）,化学,663,666,662,666,5,0.75643,3300,OK
2026-06-03,4235,ウルトラファブリックス・ホールディングス,スタンダード（内国株式）,化学,673,678,670,675,8,1.1994,12800,OK
2026-06-03,4237,フジプレアム,スタンダード（内国株式）,化学,331,339,330,338,7,2.114804,59800,OK
2026-06-03,4238,ミライアル,スタンダード（内国株式）,化学,1561,1640,1512,1585,35,2.258065,155100,OK
2026-06-03,423A,ライオン事務器,スタンダード（内国株式）,卸売業,296,298,296,296,0,0,37600,OK
2026-06-03,4240,クラスターテクノロジー,スタンダード（内国株式）,化学,328,330,320,328,-3,-0.906344,18200,OK
2026-06-03,4241,アテクト,スタンダード（内国株式）,化学,688,701,672,698,19,2.798233,34000,OK
2026-06-03,4242,タカギセイコー,スタンダード（内国株式）,化学,1661,1699,1661,1682,8,0.477897,2600,OK
2026-06-03,4243,ニックス,スタンダード（内国株式）,化学,875,885,875,883,13,1.494253,1400,OK
2026-06-03,4245,ダイキアクシス,スタンダード（内国株式）,化学,655,661,653,653,8,1.24031,16800,OK
2026-06-03,4246,ダイキョーニシカワ,プライム（内国株式）,化学,1073,1085,1055,1061,-10,-0.933707,396200,OK
2026-06-03,4247,ポバール興業,スタンダード（内国株式）,化学,1255,1256,1254,1255,0,0,600,OK
2026-06-03,4248,竹本容器,スタンダード（内国株式）,化学,862,869,862,868,4,0.462963,8500,OK
2026-06-03,4249,森六,プライム（内国株式）,化学,2301,2367,2301,2353,52,2.259887,13900,OK
2026-06-03,4251,恵和,プライム（内国株式）,化学,1256,1274,1244,1264,18,1.444623,75100,OK
2026-06-03,4255,ＴＨＥＣＯＯ,グロース（内国株式）,情報･通信業,2371,2372,2366,2372,-9,-0.377992,700,OK
2026-06-03,4256,サインド,グロース（内国株式）,情報･通信業,1000,1000,989,996,4,0.403226,3100,OK
2026-06-03,4258,網屋,グロース（内国株式）,情報･通信業,3510,3600,3490,3525,0,0,47600,OK
2026-06-03,4259,エクサウィザーズ,グロース（内国株式）,情報･通信業,1198,1199,1125,1150,-49,-4.086739,2430000,OK
2026-06-03,4260,ハイブリッドテクノロジーズ,グロース（内国株式）,情報･通信業,252,252,246,247,-2,-0.803213,13300,OK
2026-06-03,4261,アジアクエスト,グロース（内国株式）,情報･通信業,3515,3515,3480,3485,-25,-0.712251,1900,OK
2026-06-03,4262,ニフティライフスタイル,グロース（内国株式）,情報･通信業,1337,1357,1334,1348,11,0.822737,10200,OK
2026-06-03,4263,サスメド,グロース（内国株式）,情報･通信業,615,632,587,618,7,1.145663,190600,OK
2026-06-03,4264,セキュア,グロース（内国株式）,情報･通信業,1686,1686,1602,1602,-84,-4.982206,8300,OK
2026-06-03,4265,Ｉｎｓｔｉｔｕｔｉｏｎ　ｆｏｒ　ａ　Ｇｌｏｂａｌ　Ｓｏｃｉｅｔｙ,グロース（内国株式）,情報･通信業,227,235,222,231,12,5.479452,36000,OK
2026-06-03,4270,ＢｅｅＸ,グロース（内国株式）,情報･通信業,2000,2180,1973,2135,135,6.75,28100,OK
2026-06-03,4272,日本化薬,プライム（内国株式）,化学,2078,2094.5,2068.5,2075,-7.5,-0.360144,584400,OK
2026-06-03,4274,細谷火工,スタンダード（内国株式）,化学,1126,1132,1102,1103,-23,-2.042629,18300,OK
2026-06-03,4275,カーリット,プライム（内国株式）,化学,2185,2305,2172,2239,21,0.946799,283300,OK
2026-06-03,4284,ソルクシーズ,スタンダード（内国株式）,情報･通信業,410,415,406,410,-4,-0.966184,72600,OK
2026-06-03,4286,ＣＬホールディングス,スタンダード（内国株式）,サービス業,1061,1076,1036,1054,-10,-0.93985,20800,OK
2026-06-03,4287,ジャストプランニング,スタンダード（内国株式）,情報･通信業,475,479,475,476,-2,-0.41841,3800,OK
2026-06-03,4288,アズジェント,スタンダード（内国株式）,情報･通信業,404,405,373,378,-24,-5.970149,114900,OK
2026-06-03,428A,サイプレス・ホールディングス,スタンダード（内国株式）,小売業,1281,1319,1276,1299,21,1.643192,52600,OK
2026-06-03,4290,プレステージ・インターナショナル,プライム（内国株式）,サービス業,645,647,637,639,-3,-0.46729,501600,OK
2026-06-03,4293,セプテーニ・ホールディングス,スタンダード（内国株式）,サービス業,533,535,499,503,-50,-9.041591,2310500,OK
2026-06-03,4299,ハイマックス,スタンダード（内国株式）,情報･通信業,1124,1133,1123,1125,0,0,3600,OK
2026-06-03,429A,テクセンドフォトマスク,プライム（内国株式）,その他製品,4105,4315,4000,4190,115,2.822086,977600,OK
2026-06-03,4301,アミューズ,プライム（内国株式）,サービス業,1811,1828,1782,1797,-14,-0.773054,44700,OK
2026-06-03,4307,野村総合研究所,プライム（内国株式）,情報･通信業,4947,4971,4780,4894,-153,-3.031504,2766400,OK
2026-06-03,4308,Ｊストリーム,グロース（内国株式）,情報･通信業,346,346,344,344,-3,-0.864553,21800,OK
2026-06-03,430A,ネクストハンズ,TOKYO PRO MARKET（内国株式）,情報･通信業,,,,,,,,NO_QUOTE
2026-06-03,4310,ドリームインキュベータ,プライム（内国株式）,サービス業,2875,2875,2785,2785,-66,-2.314977,22900,OK
2026-06-03,4316,ビーマップ,グロース（内国株式）,情報･通信業,147,168,144,148,-2,-1.333333,242800,OK
2026-06-03,4317,レイ,スタンダード（内国株式）,サービス業,487,487,459,468,-22,-4.489796,54500,OK
2026-06-03,4318,クイック,プライム（内国株式）,サービス業,729,730,718,730,-4,-0.544959,113300,OK
2026-06-03,431A,ユーソナー,グロース（内国株式）,情報･通信業,2400,2445,2302,2325,-125,-5.102041,49300,OK
2026-06-03,4320,ＣＥホールディングス,スタンダード（内国株式）,情報･通信業,1710,1712,1691,1697,-13,-0.760234,31900,OK
2026-06-03,4323,日本システム技術,プライム（内国株式）,情報･通信業,1660,1682,1630,1675,15,0.903614,39100,OK
2026-06-03,4324,電通グループ,プライム（内国株式）,サービス業,3069,3102,3010,3102,9,0.29098,1120100,OK
2026-06-03,4326,インテージホールディングス,プライム（内国株式）,情報･通信業,1697,1705,1686,1700,3,0.176783,19000,OK
2026-06-03,432A,クリニファー,TOKYO PRO MARKET（内国株式）,卸売業,,,,,,,,NO_QUOTE
2026-06-03,4331,テイクアンドギヴ・ニーズ,プライム（内国株式）,サービス業,668,686,665,684,15,2.242152,141000,OK
2026-06-03,4334,ユークス,スタンダード（内国株式）,情報･通信業,395,396,393,395,1,0.253807,20600,OK
2026-06-03,4335,ＩＰＳホールディングス,スタンダード（内国株式）,情報･通信業,1235,1235,1233,1233,-4,-0.323363,3800,OK
2026-06-03,4337,ぴあ,プライム（内国株式）,サービス業,2741,2767,2708,2765,24,0.875593,30700,OK
2026-06-03,433A,ＭＪＥ,TOKYO PRO MARKET（内国株式）,卸売業,,,,,,,,NO_QUOTE
2026-06-03,4341,西菱電機,スタンダード（内国株式）,サービス業,835,853,830,842,12,1.445783,5900,OK
2026-06-03,4343,イオンファンタジー,プライム（内国株式）,サービス業,2524,2536,2440,2440,-84,-3.328051,82000,OK
2026-06-03,4344,ソースネクスト,プライム（内国株式）,情報･通信業,112,113,110,112,0,0,1200300,OK
2026-06-03,4345,シーティーエス,プライム（内国株式）,サービス業,811,819,798,819,6,0.738007,74100,OK
2026-06-03,4346,ＮＥＸＹＺ．Ｇｒｏｕｐ,スタンダード（内国株式）,その他金融業,716,716,703,703,-14,-1.95258,16900,OK
2026-06-03,4347,ブロードメディア,スタンダード（内国株式）,サービス業,1765,1793,1665,1707,-73,-4.101124,58600,OK
2026-06-03,434A,ＬＯＯＰＬＡＣＥ,TOKYO PRO MARKET（内国株式）,不動産業,,,,,,,,NO_QUOTE
2026-06-03,4350,メディカルシステムネットワーク,スタンダード（内国株式）,小売業,511,517,506,511,-7,-1.351351,34200,OK
2026-06-03,4351,山田再生系債権回収総合事務所,スタンダード（内国株式）,その他金融業,971,1017,966,990,8,0.814664,6700,OK
2026-06-03,4356,応用技術,スタンダード（内国株式）,情報･通信業,1641,1650,1604,1650,9,0.548446,4200,OK
2026-06-03,4360,マナック・ケミカル・パートナーズ,スタンダード（内国株式）,化学,762,764,747,764,6,0.791557,7900,OK
2026-06-03,4361,川口化学工業,スタンダード（内国株式）,化学,1420,1434,1404,1412,-8,-0.56338,700,OK
2026-06-03,4362,日本精化,プライム（内国株式）,化学,2400,2433,2399,2427,9,0.372208,27900,OK
2026-06-03,4365,松本油脂製薬,スタンダード（内国株式）,化学,20200,20200,20200,20200,0,0,400,OK
2026-06-03,4366,ダイトーケミックス,スタンダード（内国株式）,化学,522,539,521,528,9,1.734104,187800,OK
2026-06-03,4367,広栄化学,スタンダード（内国株式）,化学,2840,2901,2840,2865,36,1.272534,9000,OK
2026-06-03,4368,扶桑化学工業,プライム（内国株式）,化学,4385,4530,4205,4350,35,0.811124,749700,OK
2026-06-03,4369,トリケミカル研究所,プライム（内国株式）,化学,4160,4215,4010,4125,75,1.851852,1130900,OK
2026-06-03,436A,サイバーソリューションズ,グロース（内国株式）,情報･通信業,1063,1065,1050,1065,0,0,18700,OK
2026-06-03,4370,モビルス,グロース（内国株式）,情報･通信業,301,308,300,308,7,2.325581,7700,OK
2026-06-03,4371,コアコンセプト・テクノロジー,グロース（内国株式）,情報･通信業,1443,1443,1358,1358,-78,-5.431755,108400,OK
2026-06-03,4372,ユミルリンク,グロース（内国株式）,情報･通信業,1158,1158,1126,1147,-11,-0.949914,2600,OK
2026-06-03,4373,シンプレクス・ホールディングス,プライム（内国株式）,情報･通信業,1116,1128,1077,1106,-13,-1.161752,1030100,OK
2026-06-03,4374,ＲＯＢＯＴ　ＰＡＹＭＥＮＴ,グロース（内国株式）,情報･通信業,2533,2533,2480,2485,-57,-2.242329,3000,OK
2026-06-03,4375,セーフィー,グロース（内国株式）,情報･通信業,725,729,700,708,-19,-2.61348,314700,OK
2026-06-03,4376,くふうカンパニーホールディングス,グロース（内国株式）,情報･通信業,168,168,159,163,-3,-1.807229,74400,OK
2026-06-03,4377,ワンキャリア,グロース（内国株式）,情報･通信業,1948,1956,1871,1923,-65,-3.269618,125800,OK
2026-06-03,4378,ＣＩＮＣ,グロース（内国株式）,情報･通信業,470,473,469,473,-5,-1.046025,1300,OK
2026-06-03,4379,Ｐｈｏｔｏｓｙｎｔｈ,グロース（内国株式）,情報･通信業,410,414,402,409,2,0.4914,47100,OK
2026-06-03,437A,ジェイウェイブ,TOKYO PRO MARKET（内国株式）,サービス業,,,,,,,,NO_QUOTE
2026-06-03,4380,Ｍマート,グロース（内国株式）,情報･通信業,1155,1156,1131,1131,-24,-2.077922,3000,OK
2026-06-03,4381,ビープラッツ,グロース（内国株式）,情報･通信業,256,306,242,286,1,0.350877,55000,OK
2026-06-03,4382,ＨＥＲＯＺ,スタンダード（内国株式）,情報･通信業,701,704,699,700,-1,-0.142653,36500,OK
2026-06-03,4385,メルカリ,プライム（内国株式）,情報･通信業,4002,4043,3808,4012,-103,-2.503038,1950400,OK
2026-06-03,4386,ＳＩＧグループ,スタンダード（内国株式）,情報･通信業,829,829,822,822,-7,-0.844391,15500,OK
2026-06-03,4387,ＺＵＵ,グロース（内国株式）,情報･通信業,494,494,481,489,-5,-1.012146,5400,OK
2026-06-03,4388,エーアイ,スタンダード（内国株式）,情報･通信業,374,376,367,368,-3,-0.808625,3200,OK
2026-06-03,4389,プロパティデータバンク,グロース（内国株式）,情報･通信業,862,889,860,866,0,0,11300,OK
2026-06-03,438A,インフキュリオン,グロース（内国株式）,情報･通信業,771,775,752,757,-29,-3.689567,157500,OK
2026-06-03,4390,アイ・ピー・エス,プライム（内国株式）,情報･通信業,4090,4150,3960,3995,-55,-1.358025,87200,OK
2026-06-03,4391,ロジザード,グロース（内国株式）,情報･通信業,1119,1119,1081,1089,-31,-2.767857,4000,OK
2026-06-03,4392,ＦＩＧ,プライム（内国株式）,情報･通信業,1632,1707,1499,1629,-76,-4.457478,6133500,OK
2026-06-03,4393,バンク・オブ・イノベーション,グロース（内国株式）,情報･通信業,5000,5080,4890,5030,-40,-0.788955,37600,OK
2026-06-03,4394,エクスモーション,グロース（内国株式）,情報･通信業,392,402,392,402,8,2.030457,2400,OK
2026-06-03,4395,アクリート,グロース（内国株式）,情報･通信業,860,863,825,837,-23,-2.674419,70400,OK
2026-06-03,4396,システムサポートホールディングス,プライム（内国株式）,情報･通信業,1050,1054,1013,1036,-32,-2.996255,94300,OK
2026-06-03,4397,チームスピリット,グロース（内国株式）,情報･通信業,390,391,376,376,-15,-3.836317,79200,OK
2026-06-03,4398,ブロードバンドセキュリティ,スタンダード（内国株式）,情報･通信業,1250,1267,1250,1253,3,0.24,900,OK
2026-06-03,439A,アクトビ,TOKYO PRO MARKET（内国株式）,情報･通信業,,,,,,,,NO_QUOTE
2026-06-03,4401,ＡＤＥＫＡ,プライム（内国株式）,化学,4108,4208,4100,4146,86,2.118227,287600,OK
2026-06-03,4403,日油,プライム（内国株式）,化学,2706,2722,2675,2680.5,8.5,0.318114,691800,OK
2026-06-03,4404,ミヨシ油脂,スタンダード（内国株式）,食料品,1833,1856,1813,1847,13,0.708833,20900,OK
2026-06-03,4406,新日本理化,スタンダード（内国株式）,化学,219,228,216,225,6,2.739726,900300,OK
2026-06-03,4409,東邦化学工業,スタンダード（内国株式）,化学,721,723,720,723,2,0.277393,1900,OK
2026-06-03,4410,ハリマ化成グループ,プライム（内国株式）,化学,1180,1180,1130,1140,-44,-3.716216,253700,OK
2026-06-03,4412,サイエンスアーツ,グロース（内国株式）,情報･通信業,1248,1249,1153,1163,-64,-5.215974,78200,OK
2026-06-03,4413,ボードルア,プライム（内国株式）,情報･通信業,2522,2560,2430,2440,-128,-4.984424,300400,OK
2026-06-03,4414,フレクト,グロース（内国株式）,情報･通信業,1057,1101,1028,1041,-30,-2.80112,30200,OK
2026-06-03,4415,ブロードエンタープライズ,グロース（内国株式）,情報･通信業,1230,1230,1195,1197,-27,-2.205882,11500,OK
2026-06-03,4416,Ｔｒｕｅ　Ｄａｔａ,グロース（内国株式）,情報･通信業,388,413,388,405,13,3.316327,11500,OK
2026-06-03,4417,グローバルセキュリティエキスパート,グロース（内国株式）,情報･通信業,3300,3420,3115,3175,-185,-5.505952,116400,OK
2026-06-03,4418,ＪＤＳＣ,グロース（内国株式）,情報･通信業,682,682,654,673,-8,-1.174743,158600,OK
2026-06-03,4419,Ｆｉｎａｔｅｘｔホールディングス,グロース（内国株式）,情報･通信業,1340,1340,1222,1222,-139,-10.213079,814900,OK
2026-06-03,441A,ＮＥ,グロース（内国株式）,情報･通信業,260,263,256,262,2,0.769231,45100,OK
2026-06-03,4420,イーソル,スタンダード（内国株式）,情報･通信業,807,829,790,816,9,1.115242,131100,OK
2026-06-03,4421,ディ・アイ・システム,スタンダード（内国株式）,情報･通信業,891,895,890,890,-3,-0.335946,600,OK
2026-06-03,4422,ＶＡＬＵＥＮＥＸ,グロース（内国株式）,情報･通信業,679,687,668,674,-9,-1.317716,73100,OK
2026-06-03,4424,Ａｍａｚｉａ,グロース（内国株式）,情報･通信業,202,209,202,204,-5,-2.392344,18800,OK
2026-06-03,4425,Ｋｕｄａｎ,グロース（内国株式）,情報･通信業,1794,1794,1686,1736,-138,-7.363927,287100,OK
2026-06-03,4426,パスロジ,TOKYO PRO MARKET（内国株式）,情報･通信業,,,,,,,,NO_QUOTE
2026-06-03,4427,ＥｄｕＬａｂ,グロース（内国株式）,情報･通信業,235,235,213,215,-4,-1.826484,116500,OK
2026-06-03,4428,シノプス,グロース（内国株式）,情報･通信業,626,626,619,626,0,0,2900,OK
2026-06-03,4429,リックソフト,グロース（内国株式）,情報･通信業,824,880,749,749,15,2.043597,46300,OK
2026-06-03,442A,クラシコ,グロース（内国株式）,繊維製品,1083,1103,1080,1087,-2,-0.183655,1900,OK
2026-06-03,4430,東海ソフト,スタンダード（内国株式）,情報･通信業,1691,1700,1670,1680,-11,-0.650503,27200,OK
2026-06-03,4431,スマレジ,グロース（内国株式）,情報･通信業,2498,2498,2406,2430,-55,-2.21328,77400,OK
2026-06-03,4432,ウイングアーク１ｓｔ,プライム（内国株式）,情報･通信業,2509,2509,2444,2466,-121,-4.677232,230800,OK
2026-06-03,4433,ヒト・コミュニケーションズ・ホールディングス,プライム（内国株式）,サービス業,825,825,813,823,-3,-0.363196,55800,OK
2026-06-03,4434,サーバーワークス,スタンダード（内国株式）,情報･通信業,2069,2069,2010,2048,-25,-1.205982,34100,OK
2026-06-03,4436,ミンカブ・ジ・インフォノイド,グロース（内国株式）,情報･通信業,452,466,446,452,2,0.444444,52800,OK
2026-06-03,4437,ｇｏｏｄｄａｙｓホールディングス,グロース（内国株式）,情報･通信業,878,880,850,868,-9,-1.026226,4300,OK
2026-06-03,4438,Ｗｅｌｂｙ,グロース（内国株式）,情報･通信業,263,300,260,262,-1,-0.380228,67900,OK
2026-06-03,4439,東名,スタンダード（内国株式）,情報･通信業,765,782,752,752,-13,-1.699346,6500,OK
2026-06-03,4440,ヴィッツ,スタンダード（内国株式）,情報･通信業,1088,1108,1073,1107,6,0.544959,13400,OK
2026-06-03,4441,トビラシステムズ,スタンダード（内国株式）,情報･通信業,1111,1120,1085,1088,-45,-3.971756,12400,OK
2026-06-03,4442,バルテス・ホールディングス,グロース（内国株式）,情報･通信業,400,402,398,400,-1,-0.249377,16800,OK
2026-06-03,4443,Ｓａｎｓａｎ,プライム（内国株式）,情報･通信業,1725,1730,1652,1652,-110,-6.242906,2025400,OK
2026-06-03,4444,インフォネット,グロース（内国株式）,情報･通信業,835,836,824,824,-11,-1.317365,2400,OK
2026-06-03,4445,リビン・テクノロジーズ,グロース（内国株式）,情報･通信業,1521,1545,1505,1506,-24,-1.568627,2600,OK
2026-06-03,4446,Ｌｉｎｋ−Ｕグループ,プライム（内国株式）,情報･通信業,583,585,544,574,9,1.59292,121100,OK
2026-06-03,4447,ピー・ビーシステムズ,グロース（内国株式）,情報･通信業,440,440,433,434,-9,-2.031603,4900,OK
2026-06-03,4448,ｋｕｂｅｌｌ,グロース（内国株式）,情報･通信業,320,323,305,312,-9,-2.803738,162400,OK
2026-06-03,4449,ギフティ,プライム（内国株式）,情報･通信業,1161,1183,1108,1132,-7,-0.614574,280300,OK
2026-06-03,444A,アイテル,TOKYO PRO MARKET（内国株式）,卸売業,,,,,,,,NO_QUOTE
2026-06-03,4450,パワーソリューションズ,グロース（内国株式）,情報･通信業,1915,1920,1911,1911,-9,-0.46875,5300,OK
2026-06-03,4452,花王,プライム（内国株式）,化学,5931,6014,5920,6000,13,0.217137,1351700,OK
2026-06-03,445A,東洋コーポレーション,TOKYO PRO MARKET（内国株式）,不動産業,,,,,,,,NO_QUOTE
2026-06-03,4461,第一工業製薬,プライム（内国株式）,化学,11860,12080,11590,11860,340,2.951389,106600,OK
2026-06-03,4462,石原ケミカル,プライム（内国株式）,化学,2689,2700,2631,2672,2,0.074906,21000,OK
2026-06-03,4463,日華化学,スタンダード（内国株式）,化学,1717,1742,1713,1733,16,0.931858,6300,OK
2026-06-03,4464,ソフト９９コーポレーション,スタンダード（内国株式）,化学,3545,3545,3535,3535,-5,-0.141243,400,OK
2026-06-03,4465,ニイタカ,スタンダード（内国株式）,化学,2080,2091,2057,2065,-13,-0.625602,15000,OK
2026-06-03,446A,ノースサンド,グロース（内国株式）,サービス業,1388,1403,1307,1347,-39,-2.813853,358700,OK
2026-06-03,4471,三洋化成工業,プライム（内国株式）,化学,5160,5300,5140,5290,170,3.320312,47600,OK
2026-06-03,4475,ＨＥＮＮＧＥ,グロース（内国株式）,情報･通信業,1189,1241,1182,1200,-19,-1.558655,709600,OK
2026-06-03,4476,ＡＩ　ＣＲＯＳＳ,グロース（内国株式）,情報･通信業,996,996,963,986,5,0.509684,24600,OK
2026-06-03,4477,ＢＡＳＥ,グロース（内国株式）,情報･通信業,269,273,263,270,-1,-0.369004,761700,OK
2026-06-03,4478,フリー,グロース（内国株式）,情報･通信業,2356,2389,2270,2276,-79,-3.354565,775600,OK
2026-06-03,4479,マクアケ,グロース（内国株式）,情報･通信業,872,872,837,848,-19,-2.191465,32000,OK
2026-06-03,4480,メドレー,プライム（内国株式）,情報･通信業,2141,2141,2087,2120,-55,-2.528736,153600,OK
2026-06-03,4481,ベース,プライム（内国株式）,情報･通信業,3090,3115,3045,3045,-55,-1.774194,128500,OK
2026-06-03,4482,ウィルズ,グロース（内国株式）,情報･通信業,727,727,722,727,0,0,20500,OK
2026-06-03,4483,ＪＭＤＣ,プライム（内国株式）,情報･通信業,2800,2808,2660,2688,-183,-6.374086,494900,OK
2026-06-03,4484,ランサーズ,グロース（内国株式）,情報･通信業,254,265,253,265,13,5.15873,30600,OK
2026-06-03,4486,ユナイトアンドグロウ,グロース（内国株式）,情報･通信業,687,687,669,669,-21,-3.043478,11200,OK
2026-06-03,4487,スペースマーケット,グロース（内国株式）,情報･通信業,229,246,229,243,14,6.113537,33700,OK
2026-06-03,4488,ＡＩ　ｉｎｓｉｄｅ,グロース（内国株式）,情報･通信業,2049,2072,1994,2055,2,0.097418,39500,OK
2026-06-03,4490,ビザスク,グロース（内国株式）,情報･通信業,650,650,630,633,-19,-2.91411,24000,OK
2026-06-03,4491,コンピューターマネージメント,スタンダード（内国株式）,情報･通信業,2940,2950,2931,2941,2,0.06805,1400,OK
2026-06-03,4492,ゼネテック,スタンダード（内国株式）,情報･通信業,361,364,356,362,0,0,19800,OK
2026-06-03,4493,サイバーセキュリティクラウド,グロース（内国株式）,情報･通信業,1821,1821,1760,1778,-53,-2.894593,148000,OK
2026-06-03,4494,バリオセキュア,スタンダード（内国株式）,情報･通信業,648,654,639,645,2,0.311042,17700,OK
2026-06-03,4495,アイキューブドシステムズ,グロース（内国株式）,情報･通信業,2071,2071,1950,1974,-90,-4.360465,21500,OK
2026-06-03,4496,コマースＯｎｅホールディングス,グロース（内国株式）,情報･通信業,687,688,683,688,0,0,21600,OK
2026-06-03,4498,サイバートラスト,グロース（内国株式）,情報･通信業,1171,1180,1135,1142,-39,-3.302286,55600,OK
2026-06-03,4499,Ｓｐｅｅｅ,スタンダード（内国株式）,情報･通信業,3100,3100,2918,2940,-185,-5.92,171600,OK
2026-06-03,4502,武田薬品工業,プライム（内国株式）,医薬品,4800,4809,4710,4748,-102,-2.103093,5041600,OK
2026-06-03,4503,アステラス製薬,プライム（内国株式）,医薬品,2166,2167,2124,2160,-9.5,-0.437889,6126600,OK
2026-06-03,4506,住友ファーマ,プライム（内国株式）,医薬品,1464,1479,1419,1458.5,-35.5,-2.376171,4915400,OK
2026-06-03,4507,塩野義製薬,プライム（内国株式）,医薬品,2781,2845,2766.5,2817,-6,-0.21254,2832700,OK
2026-06-03,4512,わかもと製薬,スタンダード（内国株式）,医薬品,271,271,266,269,0,0,77400,OK
2026-06-03,4516,日本新薬,プライム（内国株式）,医薬品,4034,4055,3965,3989,-66,-1.62762,204100,OK
2026-06-03,4519,中外製薬,プライム（内国株式）,医薬品,7500,7629,7387,7423,-195,-2.559727,2654400,OK
2026-06-03,4521,科研製薬,プライム（内国株式）,医薬品,3785,3805,3760,3785,0,0,112700,OK
2026-06-03,4523,エーザイ,プライム（内国株式）,医薬品,3800,3818,3719,3759,-59,-1.545312,2179400,OK
2026-06-03,4524,森下仁丹,スタンダード（内国株式）,医薬品,2161,2163,2157,2157,-26,-1.191022,1000,OK
2026-06-03,4526,理研ビタミン,プライム（内国株式）,食料品,2822,2875,2801,2871,49,1.736357,133500,OK
2026-06-03,4527,ロート製薬,プライム（内国株式）,医薬品,2315,2324.5,2292.5,2324.5,9,0.388685,783300,OK
2026-06-03,4528,小野薬品工業,プライム（内国株式）,医薬品,2200,2204,2114.5,2158,-58.5,-2.639296,3190200,OK
2026-06-03,4531,有機合成薬品工業,スタンダード（内国株式）,化学,364,374,359,367,4,1.101928,106600,OK
2026-06-03,4534,持田製薬,プライム（内国株式）,医薬品,3205,3205,3130,3155,-55,-1.713396,53400,OK
2026-06-03,4536,参天製薬,プライム（内国株式）,医薬品,1870,1872,1829,1855,-8.5,-0.456131,1012600,OK
2026-06-03,4538,扶桑薬品工業,プライム（内国株式）,医薬品,2008,2025,1990,2020,17,0.848727,34700,OK
2026-06-03,4539,日本ケミファ,スタンダード（内国株式）,医薬品,1607,1607,1565,1589,-39,-2.395577,5000,OK
2026-06-03,4540,ツムラ,プライム（内国株式）,医薬品,3698,3739,3672,3727,19,0.512406,194300,OK
2026-06-03,4543,テルモ,プライム（内国株式）,精密機器,2248,2294.5,2227.5,2279,30.5,1.35646,5808500,OK
2026-06-03,4544,Ｈ．Ｕ．グループホールディングス,プライム（内国株式）,サービス業,3121,3339,3083,3302,163,5.192737,469100,OK
2026-06-03,4547,キッセイ薬品工業,プライム（内国株式）,医薬品,3695,3765,3635,3755,20,0.535475,98200,OK
2026-06-03,4548,生化学工業,プライム（内国株式）,医薬品,714,724,704,724,16,2.259887,154000,OK
2026-06-03,4549,栄研化学,プライム（内国株式）,医薬品,2730,2755,2666,2741,58,2.161759,194100,OK
2026-06-03,4552,ＪＣＲファーマ,プライム（内国株式）,医薬品,462,463,453,453,-10,-2.159827,1050600,OK
2026-06-03,4553,東和薬品,プライム（内国株式）,医薬品,3770,3835,3685,3780,80,2.162162,167300,OK
2026-06-03,4554,富士製薬工業,プライム（内国株式）,医薬品,2220,2220,2143,2178,-29,-1.314001,119800,OK
2026-06-03,4556,カイノス,スタンダード（内国株式）,医薬品,2265,2269,2265,2269,5,0.220848,1200,OK
2026-06-03,4558,中京医薬品,スタンダード（内国株式）,医薬品,199,199,197,197,-2,-1.005025,14300,OK
2026-06-03,4559,ゼリア新薬工業,プライム（内国株式）,医薬品,2136,2142,2084,2096,-34,-1.596244,86200,OK
2026-06-03,455A,バリューソフトホールディングス,TOKYO PRO MARKET（内国株式）,情報･通信業,,,,,,,,NO_QUOTE
2026-06-03,4563,アンジェス,グロース（内国株式）,医薬品,48,49,47,48,0,0,2046200,OK
2026-06-03,4564,オンコセラピー・サイエンス,グロース（内国株式）,医薬品,21,21,20,20,-1,-4.761905,206190900,OK
2026-06-03,4565,ネクセラファーマ,プライム（内国株式）,医薬品,990,997,951,953,-55,-5.456349,1135500,OK
2026-06-03,4568,第一三共,プライム（内国株式）,医薬品,2518.5,2535,2488,2517,-65.5,-2.536302,7367200,OK
2026-06-03,4569,杏林製薬,プライム（内国株式）,医薬品,1175,1176,1123,1156,-42,-3.505843,376900,OK
2026-06-03,456A,ＨＵＭＡＮ　ＭＡＤＥ,グロース（内国株式）,小売業,1618,1759,1570,1577,-121,-7.126031,1071500,OK
2026-06-03,4570,免疫生物研究所,グロース（内国株式）,医薬品,1006,1015,981,1007,-5,-0.494071,152900,OK
2026-06-03,4571,ＮＡＮＯホールディングス,グロース（内国株式）,医薬品,110,112,108,108,-3,-2.702703,588300,OK
2026-06-03,4572,カルナバイオサイエンス,グロース（内国株式）,医薬品,446,459,430,443,-11,-2.422907,201500,OK
2026-06-03,4574,大幸薬品,プライム（内国株式）,医薬品,250,253,246,252,3,1.204819,122700,OK
2026-06-03,4575,キャンバス,グロース（内国株式）,医薬品,574,574,548,564,-17,-2.92599,236200,OK
2026-06-03,4576,デ・ウエスタン・セラピテクス研究所,グロース（内国株式）,医薬品,72,72,71,71,-2,-2.739726,352200,OK
2026-06-03,4577,ダイト,プライム（内国株式）,医薬品,1140,1141,1122,1138,-2,-0.175439,117400,OK
2026-06-03,4578,大塚ホールディングス,プライム（内国株式）,医薬品,11000,11190,10650,11095,-220,-1.944322,1285400,OK
2026-06-03,4579,ラクオリア創薬,グロース（内国株式）,医薬品,524,530,497,501,-13,-2.529183,472100,OK
2026-06-03,457A,ルリアン,TOKYO PRO MARKET（内国株式）,サービス業,,,,,,,,NO_QUOTE
2026-06-03,4582,シンバイオ製薬,グロース（内国株式）,医薬品,74,74,71,73,-1,-1.351351,949300,OK
2026-06-03,4583,カイオム・バイオサイエンス,グロース（内国株式）,医薬品,75,75,71,74,-2,-2.631579,1065500,OK
2026-06-03,4584,キッズウェル・バイオ,グロース（内国株式）,医薬品,150,151,144,148,-2,-1.333333,719100,OK
2026-06-03,4586,メドレックス,グロース（内国株式）,医薬品,57,60,56,59,0,0,1154600,OK
2026-06-03,4587,ペプチドリーム,プライム（内国株式）,医薬品,1030,1046,1015,1029.5,-3,-0.290557,880300,OK
2026-06-03,4588,オンコリスバイオファーマ,グロース（内国株式）,医薬品,2483,2555,2343,2519,6,0.238758,1436800,OK
2026-06-03,458A,プラン・ドゥ,TOKYO PRO MARKET（内国株式）,不動産業,,,,,,,,NO_QUOTE
2026-06-03,4591,リボミック,グロース（内国株式）,医薬品,68,80,66,67,-2,-2.898551,4299300,OK
2026-06-03,4592,サンバイオ,グロース（内国株式）,医薬品,1242,1283,1173,1260,-12,-0.943396,1634900,OK
2026-06-03,4593,ヘリオス,グロース（内国株式）,医薬品,315,316,302,311,-6,-1.892744,1840400,OK
2026-06-03,4594,ブライトパス・バイオ,グロース（内国株式）,医薬品,52,53,50,52,-1,-1.886792,1134000,OK
2026-06-03,4595,ミズホメディー,スタンダード（内国株式）,医薬品,1676,1689,1665,1677,-2,-0.119119,195300,OK
2026-06-03,4596,窪田製薬ホールディングス,グロース（内国株式）,医薬品,56,64,56,61,5,8.928571,5124200,OK
2026-06-03,4597,ソレイジア・ファーマ,グロース（内国株式）,医薬品,24,25,22,24,0,0,91963800,OK
2026-06-03,4598,Ｄｅｌｔａ−Ｆｌｙ　Ｐｈａｒｍａ,グロース（内国株式）,医薬品,149,149,144,147,-1,-0.675676,156200,OK
2026-06-03,4599,ステムリム,グロース（内国株式）,医薬品,290,290,281,286,-6,-2.054795,78800,OK
2026-06-03,460A,ＢＲＡＮＵ,グロース（内国株式）,情報･通信業,649,659,629,653,-8,-1.210287,9600,OK
2026-06-03,4611,大日本塗料,プライム（内国株式）,化学,1265,1277,1256,1274,12,0.950872,87100,OK
2026-06-03,4612,日本ペイントホールディングス,プライム（内国株式）,化学,994.4,1006.5,984,998.2,5.9,0.594578,6595900,OK
2026-06-03,4613,関西ペイント,プライム（内国株式）,化学,2369.5,2409.5,2366,2408,41,1.73215,779200,OK
2026-06-03,4615,神東塗料,スタンダード（内国株式）,化学,125,126,125,125,-1,-0.793651,2100,OK
2026-06-03,4616,川上塗料,スタンダード（内国株式）,化学,1798,1878,1793,1793,-2,-0.111421,2200,OK
2026-06-03,4617,中国塗料,プライム（内国株式）,化学,3210,3245,3165,3205,30,0.944882,199800,OK
2026-06-03,4619,日本特殊塗料,スタンダード（内国株式）,化学,2273,2291,2250,2276,14,0.618921,30100,OK
2026-06-03,4620,藤倉化成,スタンダード（内国株式）,化学,1058,1068,1030,1053,11,1.055662,166700,OK
2026-06-03,4623,アサヒペン,スタンダード（内国株式）,化学,1701,1701,1701,1701,1,0.058824,300,OK
2026-06-03,4624,イサム塗料,スタンダード（内国株式）,化学,3590,3615,3590,3610,20,0.557103,500,OK
2026-06-03,4625,アトミクス,スタンダード（内国株式）,化学,710,720,706,712,2,0.28169,4100,OK
2026-06-03,4626,太陽ホールディングス,プライム（内国株式）,化学,5000,5055,4959,5055,75,1.506024,279400,OK
2026-06-03,4627,ナトコ,スタンダード（内国株式）,化学,1774,1779,1751,1761,-39,-2.166667,4900,OK
2026-06-03,4628,エスケー化研,スタンダード（内国株式）,化学,9790,9800,9740,9740,-50,-0.510725,500,OK
2026-06-03,4629,大伸化学,スタンダード（内国株式）,化学,1900,1900,1900,1900,0,0,100,OK
2026-06-03,462A,ＦＵＮＤＩＮＮＯ,グロース（内国株式）,証券･商品先物取引業,404,424,403,405,-43,-9.598214,716700,OK
2026-06-03,4631,ＤＩＣ,プライム（内国株式）,化学,4942,5029,4930,4982,26,0.524617,584400,OK
2026-06-03,4633,サカタインクス,プライム（内国株式）,化学,2299,2349,2297,2334,48,2.099738,242000,OK
2026-06-03,4634,ａｒｔｉｅｎｃｅ,プライム（内国株式）,化学,4190,4250,4165,4205,60,1.447527,115700,OK
2026-06-03,4635,東京インキ,スタンダード（内国株式）,化学,1215,1230,1206,1221,4,0.328677,16800,OK
2026-06-03,463A,インテリックスホールディングス,スタンダード（内国株式）,不動産業,870,875,852,859,-11,-1.264368,39700,OK
2026-06-03,4641,アルプス技研,プライム（内国株式）,サービス業,2295,2303,2243,2292,-4,-0.174216,60300,OK
2026-06-03,4642,オリジナル設計,スタンダード（内国株式）,サービス業,1429,1440,1426,1433,-6,-0.416956,2700,OK
2026-06-03,4644,イマジニア,スタンダード（内国株式）,情報･通信業,1015,1016,1010,1016,1,0.098522,8000,OK
2026-06-03,4645,市進ホールディングス,スタンダード（内国株式）,サービス業,422,423,422,422,-6,-1.401869,1700,OK
2026-06-03,464A,ＱＰＳホールディングス,グロース（内国株式）,情報･通信業,3150,3160,2894,2998,-82,-2.662338,2733500,OK
2026-06-03,4650,ＳＤエンターテイメント,スタンダード（内国株式）,サービス業,267,270,266,269,3,1.12782,2900,OK
2026-06-03,4651,サニックスホールディングス,スタンダード（内国株式）,サービス業,249,249,238,247,1,0.406504,480700,OK
2026-06-03,4657,環境管理センター,スタンダード（内国株式）,サービス業,464,464,445,449,-11,-2.391304,36800,OK
2026-06-03,4658,日本空調サービス,プライム（内国株式）,サービス業,1525,1531,1496,1528,7,0.460224,101100,OK
2026-06-03,4659,エイジス,スタンダード（内国株式）,サービス業,4420,4420,4420,4420,0,0,3300,OK
2026-06-03,4661,オリエンタルランド,プライム（内国株式）,サービス業,2154,2231.5,2139,2215,26,1.187757,5882900,OK
2026-06-03,4662,フォーカスシステムズ,プライム（内国株式）,情報･通信業,1582,1582,1530,1531,-45,-2.85533,65700,OK
2026-06-03,4664,アール・エス・シー,スタンダード（内国株式）,サービス業,866,878,850,869,0,0,18100,OK
2026-06-03,4665,ダスキン,プライム（内国株式）,サービス業,4039,4123,4000,4123,58,1.426814,95700,OK
2026-06-03,4666,パーク２４,プライム（内国株式）,不動産業,1845,1854.5,1815,1827,-17.5,-0.948767,665200,OK
2026-06-03,4667,アイサンテクノロジー,スタンダード（内国株式）,情報･通信業,1645,1646,1595,1602,-25,-1.53657,6200,OK
2026-06-03,4668,明光ネットワークジャパン,プライム（内国株式）,サービス業,672,675,670,674,2,0.297619,31200,OK
2026-06-03,4671,ファルコホールディングス,スタンダード（内国株式）,サービス業,2504,2543,2503,2536,36,1.44,22500,OK
2026-06-03,4673,川崎地質,スタンダード（内国株式）,サービス業,4535,4555,4450,4470,-5,-0.111732,4600,OK
2026-06-03,4674,クレスコ,プライム（内国株式）,情報･通信業,1539,1548,1508,1537,-5,-0.324254,101600,OK
2026-06-03,4676,フジ・メディア・ホールディングス,プライム（内国株式）,情報･通信業,3801,3867,3793,3843,-23,-0.59493,496400,OK
2026-06-03,4678,秀英予備校,スタンダード（内国株式）,サービス業,302,306,301,303,0,0,10300,OK
2026-06-03,4679,田谷,スタンダード（内国株式）,サービス業,247,265,245,261,14,5.668016,17900,OK
2026-06-03,4680,ラウンドワン,プライム（内国株式）,サービス業,860,881.1,850.6,869.3,-9.1,-1.035974,2057300,OK
2026-06-03,4681,リゾートトラスト,プライム（内国株式）,サービス業,1636.5,1663,1616.5,1659,12,0.728597,533400,OK
2026-06-03,4684,オービック,プライム（内国株式）,情報･通信業,4230,4259,4097,4105,-166,-3.886678,2046600,OK
2026-06-03,4685,菱友システムズ,スタンダード（内国株式）,情報･通信業,2950,2950,2860,2892,-20,-0.686813,45900,OK
2026-06-03,4686,ジャストシステム,プライム（内国株式）,情報･通信業,4060,4100,4000,4090,-40,-0.968523,153100,OK
2026-06-03,4687,ＴＤＣソフト,プライム（内国株式）,情報･通信業,961,965,947,961,-4,-0.414508,73400,OK
2026-06-03,4689,ＬＩＮＥヤフー,プライム（内国株式）,情報･通信業,416.5,419.1,399.2,409.4,-15.1,-3.557126,24154900,OK
2026-06-03,4691,ワシントンホテル,スタンダード（内国株式）,サービス業,1721,1725,1677,1695,-48,-2.753873,100700,OK
2026-06-03,4694,ビー・エム・エル,プライム（内国株式）,サービス業,3420,3525,3415,3520,70,2.028986,107800,OK
2026-06-03,469A,フィットクルー,グロース（内国株式）,サービス業,1481,1580,1390,1399,-82,-5.536799,24500,OK
2026-06-03,4704,トレンドマイクロ,プライム（内国株式）,情報･通信業,6251,6375,6103,6333,-18,-0.28342,1063300,OK
2026-06-03,4705,クリップコーポレーション,スタンダード（内国株式）,サービス業,793,796,784,794,-2,-0.251256,3000,OK
2026-06-03,4707,キタック,スタンダード（内国株式）,サービス業,331,331,322,325,1,0.308642,8800,OK
2026-06-03,4709,ＩＤホールディングス,プライム（内国株式）,情報･通信業,1024,1024,990,1004,-20,-1.953125,83300,OK
2026-06-03,470A,ローカル,TOKYO PRO MARKET（内国株式）,小売業,,,,,,,,NO_QUOTE
2026-06-03,4712,ＫｅｙＨｏｌｄｅｒ,スタンダード（内国株式）,サービス業,804,804,780,787,-15,-1.870324,137900,OK
2026-06-03,4714,リソー教育グループ,プライム（内国株式）,サービス業,188,191,187,190,2,1.06383,420700,OK
2026-06-03,4716,日本オラクル,スタンダード（内国株式）,情報･通信業,9561,9595,9166,9382,-479,-4.85752,687500,OK
2026-06-03,4718,早稲田アカデミー,プライム（内国株式）,サービス業,2449,2486,2425,2473,50,2.063558,23600,OK
2026-06-03,4719,アルファシステムズ,プライム（内国株式）,情報･通信業,3155,3220,3110,3185,30,0.950872,12700,OK
2026-06-03,471A,ＮＳグループ,プライム（内国株式）,その他金融業,1379,1383,1354,1375,-6,-0.434468,235300,OK
2026-06-03,4720,城南進学研究社,スタンダード（内国株式）,サービス業,230,232,229,230,-1,-0.4329,7200,OK
2026-06-03,4722,フューチャー,プライム（内国株式）,情報･通信業,1562,1573,1531,1531,-62,-3.892028,235400,OK
2026-06-03,4725,ＣＡＣ　Ｈｏｌｄｉｎｇｓ,プライム（内国株式）,情報･通信業,1788,1795,1768,1794,6,0.33557,37800,OK
2026-06-03,4728,トーセ,スタンダード（内国株式）,情報･通信業,636,639,632,635,-3,-0.470219,2700,OK
2026-06-03,472A,ミラティブ,グロース（内国株式）,情報･通信業,437,438,419,428,-16,-3.603604,110500,OK
2026-06-03,4732,ユー・エス・エス,プライム（内国株式）,サービス業,1797.5,1842.5,1783.5,1828.5,36,2.008368,1396300,OK
2026-06-03,4733,オービックビジネスコンサルタント,プライム（内国株式）,情報･通信業,6224,6312,6130,6216,-208,-3.237858,197500,OK
2026-06-03,4735,京進,スタンダード（内国株式）,サービス業,326,327,316,318,-8,-2.453988,6100,OK
2026-06-03,4736,日本ラッド,スタンダード（内国株式）,情報･通信業,574,607,570,593,20,3.490401,18100,OK
2026-06-03,4743,アイティフォー,プライム（内国株式）,情報･通信業,1632,1638,1615,1636,-6,-0.365408,63700,OK
2026-06-03,4746,東計電算,スタンダード（内国株式）,情報･通信業,4235,4240,4185,4235,30,0.713436,22200,OK
2026-06-03,4750,ダイサン,スタンダード（内国株式）,サービス業,549,549,533,545,-24,-4.217926,46400,OK
2026-06-03,4751,サイバーエージェント,プライム（内国株式）,サービス業,1400,1412,1337.5,1405,-25,-1.748252,5328700,OK
2026-06-03,4752,昭和システムエンジニアリング,スタンダード（内国株式）,情報･通信業,1487,1499,1470,1495,-12,-0.796284,8300,OK
2026-06-03,4754,トスネット,スタンダード（内国株式）,サービス業,1510,1520,1508,1517,27,1.812081,3400,OK
2026-06-03,4755,楽天グループ,プライム（内国株式）,サービス業,780,802.4,766.8,792.5,12.5,1.602564,15537200,OK
2026-06-03,475A,ギミック,スタンダード（内国株式）,サービス業,682,699,682,693,2,0.289436,18400,OK
2026-06-03,4760,アルファ,スタンダード（内国株式）,サービス業,1628,1628,1628,1628,-1,-0.061387,100,OK
2026-06-03,4761,さくらケーシーエス,スタンダード（内国株式）,情報･通信業,1370,1400,1358,1388,33,2.435424,7000,OK
2026-06-03,4762,エックスネット,スタンダード（内国株式）,情報･通信業,1570,1570,1565,1565,35,2.287582,1600,OK
2026-06-03,4763,クリーク・アンド・リバー社,プライム（内国株式）,サービス業,1236,1238,1216,1230,-14,-1.125402,66800,OK
2026-06-03,4765,ＳＢＩグローバルアセットマネジメント,プライム（内国株式）,サービス業,590,592,584,592,-2,-0.3367,272400,OK
2026-06-03,4766,ピーエイ,スタンダード（内国株式）,サービス業,188,188,184,186,-2,-1.06383,28700,OK
2026-06-03,4767,テー・オー・ダブリュー,スタンダード（内国株式）,サービス業,348,351,344,349,2,0.576369,82900,OK
2026-06-03,4768,大塚商会,プライム（内国株式）,情報･通信業,3077,3091,3004,3036,-21,-0.686948,2251700,OK
2026-06-03,4769,ＩＣ,スタンダード（内国株式）,情報･通信業,1069,1069,1036,1049,-20,-1.870907,1400,OK
2026-06-03,476A,辻・本郷ＩＴコンサルティング,スタンダード（内国株式）,情報･通信業,1432,1432,1424,1424,-10,-0.69735,2800,OK
2026-06-03,4771,エフアンドエム,スタンダード（内国株式）,サービス業,2489,2548,2458,2513,24,0.964243,11500,OK
2026-06-03,4772,ＳＭ　ＥＮＴＥＲＴＡＩＮＭＥＮＴ　ＪＡＰＡＮ,グロース（内国株式）,情報･通信業,76,78,76,78,0,0,231400,OK
2026-06-03,4776,サイボウズ,プライム（内国株式）,情報･通信業,2557,2570,2468,2469,-188,-7.075649,756200,OK
2026-06-03,4777,ガーラ,スタンダード（内国株式）,情報･通信業,201,207,200,200,-3,-1.477833,84300,OK
2026-06-03,477A,スタートライン,グロース（内国株式）,サービス業,595,600,562,587,-6,-1.011804,128900,OK
2026-06-03,4783,ＮＣＤ,スタンダード（内国株式）,情報･通信業,2334,2358,2285,2352,31,1.335631,26100,OK
2026-06-03,4784,ＧＭＯインターネット,プライム（内国株式）,サービス業,500,500,482,489,-11,-2.2,2292400,OK
2026-06-03,478A,フツパー,グロース（内国株式）,情報･通信業,705,712,680,696,-11,-1.55587,181600,OK
2026-06-03,4792,山田コンサルティンググループ,プライム（内国株式）,サービス業,1626,1633,1607,1632,6,0.369004,30600,OK
2026-06-03,479A,ＰＲＯＮＩ,グロース（内国株式）,情報･通信業,1365,1365,1316,1319,-67,-4.834055,95700,OK
2026-06-03,4800,オリコン,スタンダード（内国株式）,情報･通信業,1329,1330,1329,1329,1,0.075301,142500,OK
2026-06-03,4801,セントラルスポーツ,プライム（内国株式）,サービス業,2250,2265,2235,2265,13,0.577265,20600,OK
2026-06-03,4809,パラカ,プライム（内国株式）,不動産業,1919,1941,1918,1941,7,0.361944,13500,OK
2026-06-03,480A,リブ・コンサルティング,グロース（内国株式）,サービス業,990,993,930,938,-72,-7.128713,77400,OK
2026-06-03,4811,ドリーム・アーツ,グロース（内国株式）,情報･通信業,795,795,747,747,-48,-6.037736,31900,OK
2026-06-03,4812,電通総研,プライム（内国株式）,情報･通信業,2185,2186,2110,2124,-84,-3.804348,374400,OK
2026-06-03,4813,ＡＣＣＥＳＳ,プライム（内国株式）,情報･通信業,491,493,464,464,-30,-6.072874,395600,OK
2026-06-03,4814,ネクストウェア,スタンダード（内国株式）,情報･通信業,164,171,160,161,-5,-3.012048,396600,OK
2026-06-03,4816,東映アニメーション,スタンダード（内国株式）,情報･通信業,2345,2370,2277,2327,-44,-1.855757,452200,OK
2026-06-03,4819,デジタルガレージ,プライム（内国株式）,情報･通信業,2002,2030,1923,2006,-16,-0.791296,550700,OK
2026-06-03,481A,ＪＳｅｃｕｒｉｔｙ,TOKYO PRO MARKET（内国株式）,情報･通信業,,,,,,,,NO_QUOTE
2026-06-03,4820,イーエムシステムズ,プライム（内国株式）,情報･通信業,491,502,486,498,7,1.425662,150000,OK
2026-06-03,4825,ウェザーニューズ,プライム（内国株式）,情報･通信業,2070,2100,2037,2082,11,0.531144,261100,OK
2026-06-03,4826,ＣＩＪ,プライム（内国株式）,情報･通信業,485,518,479,515,27,5.532787,1162000,OK
2026-06-03,4828,ビジネスエンジニアリング,プライム（内国株式）,情報･通信業,1055,1079,1019,1047,-25,-2.33209,146400,OK
2026-06-03,4829,日本エンタープライズ,スタンダード（内国株式）,情報･通信業,102,104,99,104,2,1.960784,393000,OK
2026-06-03,4832,ＪＦＥシステムズ,スタンダード（内国株式）,情報･通信業,1926,1984,1907,1940,15,0.779221,20500,OK
2026-06-03,4833,Ｄｅｆ　ｃｏｎｓｕｌｔｉｎｇ,グロース（内国株式）,サービス業,48,49,46,48,-1,-2.040816,781000,OK
2026-06-03,4838,スペースシャワーＳＫＩＹＡＫＩホールディングス,スタンダード（内国株式）,情報･通信業,658,659,630,655,3,0.460123,62800,OK
2026-06-03,4839,ＷＯＷＯＷ,プライム（内国株式）,情報･通信業,999,1001,982,998,-1,-0.1001,76100,OK
2026-06-03,483A,テラテクノロジー,スタンダード（内国株式）,情報･通信業,2145,2150,2133,2150,5,0.2331,1600,OK
2026-06-03,4840,トライアイズ,スタンダード（内国株式）,サービス業,819,819,760,781,-26,-3.221809,85800,OK
2026-06-03,4845,スカラ,スタンダード（内国株式）,情報･通信業,333,336,331,336,4,1.204819,22900,OK
2026-06-03,4847,インテリジェント　ウェイブ,プライム（内国株式）,情報･通信業,930,935,925,929,0,0,95900,OK
2026-06-03,4848,フルキャストホールディングス,プライム（内国株式）,サービス業,1508,1526,1481,1523,11,0.727513,140600,OK
2026-06-03,4849,エン,プライム（内国株式）,サービス業,1255,1255,1207,1225,-34,-2.700556,215500,OK
2026-06-03,484A,ニューズドテック,TOKYO PRO MARKET（内国株式）,小売業,,,,,,,,NO_QUOTE
2026-06-03,485A,パワーエックス,グロース（内国株式）,電気機器,3425,3635,3120,3210,-90,-2.727273,2356600,OK
2026-06-03,4880,セルソース,スタンダード（内国株式）,医薬品,319,329,313,329,10,3.134796,75300,OK
2026-06-03,4881,ファンペップ,グロース（内国株式）,医薬品,61,61,58,58,-2,-3.333333,560800,OK
2026-06-03,4882,ペルセウスプロテオミクス,グロース（内国株式）,医薬品,154,156,147,151,-1,-0.657895,244500,OK
2026-06-03,4883,モダリス,グロース（内国株式）,医薬品,43,44,39,41,-2,-4.651163,2654600,OK
2026-06-03,4884,クリングルファーマ,グロース（内国株式）,医薬品,373,373,346,352,-25,-6.6313,376000,OK
2026-06-03,4885,室町ケミカル,スタンダード（内国株式）,医薬品,983,998,972,991,8,0.813835,26600,OK
2026-06-03,4886,あすか製薬ホールディングス,プライム（内国株式）,医薬品,2756,2756,2641,2653,-108,-3.911626,87500,OK
2026-06-03,4887,サワイグループホールディングス,プライム（内国株式）,医薬品,1685,1731.5,1664.5,1719.5,12,0.702782,574300,OK
2026-06-03,4888,ステラファーマ,グロース（内国株式）,医薬品,332,349,330,349,17,5.120482,307700,OK
2026-06-03,4889,レナサイエンス,グロース（内国株式）,医薬品,1400,1584,1365,1529,203,15.309201,1075700,OK
2026-06-03,4890,坪田ラボ,グロース（内国株式）,医薬品,225,245,221,225,1,0.446429,212300,OK
2026-06-03,4891,ティムス,グロース（内国株式）,医薬品,128,128,122,122,-5,-3.937008,564100,OK
2026-06-03,4892,サイフューズ,グロース（内国株式）,医薬品,565,571,560,569,4,0.707965,56600,OK
2026-06-03,4893,ノイルイミューン・バイオテック,グロース（内国株式）,医薬品,132,132,128,129,-5,-3.731343,207500,OK
2026-06-03,4894,クオリプス,グロース（内国株式）,医薬品,4280,4420,4060,4365,15,0.344828,185600,OK
2026-06-03,4896,ケイファーマ,グロース（内国株式）,医薬品,679,685,650,680,-8,-1.162791,41900,OK
2026-06-03,4901,富士フイルムホールディングス,プライム（内国株式）,化学,3410,3482,3390,3479,133,3.974895,6810500,OK
2026-06-03,4902,コニカミノルタ,プライム（内国株式）,電気機器,605,621.5,603.8,617.2,20.4,3.418231,3826200,OK
2026-06-03,490A,センス・トラスト,TOKYO PRO MARKET（内国株式）,不動産業,,,,,,,,NO_QUOTE
2026-06-03,4911,資生堂,プライム（内国株式）,化学,2610,2630,2568,2578.5,-27.5,-1.055257,3157500,OK
2026-06-03,4912,ライオン,プライム（内国株式）,化学,1570,1582,1561,1569.5,-13.5,-0.852811,957300,OK
2026-06-03,4914,高砂香料工業,プライム（内国株式）,化学,1078,1093,1071,1087,8,0.741427,195200,OK
2026-06-03,4918,アイビー化粧品,スタンダード（内国株式）,化学,262,264,262,262,0,0,8200,OK
2026-06-03,4919,ミルボン,プライム（内国株式）,化学,2585,2597,2565,2583,1,0.03873,72000,OK
2026-06-03,4920,日本色材工業研究所,スタンダード（内国株式）,化学,1159,1159,1150,1150,-10,-0.862069,200,OK
2026-06-03,4922,コーセーホールディングス,プライム（内国株式）,化学,5311,5378,5280,5340,27,0.508187,190200,OK
2026-06-03,4923,コタ,プライム（内国株式）,化学,1072,1087,1059,1066,-6,-0.559701,33100,OK
2026-06-03,4925,ハーバー研究所,スタンダード（内国株式）,化学,1702,1709,1701,1706,-2,-0.117096,1100,OK
2026-06-03,4926,シーボン,スタンダード（内国株式）,化学,1201,1210,1201,1203,2,0.166528,1500,OK
2026-06-03,4927,ポーラ・オルビスホールディングス,プライム（内国株式）,化学,1259,1270.5,1256,1266,5,0.396511,356400,OK
2026-06-03,4928,ノエビアホールディングス,プライム（内国株式）,化学,4230,4270,4190,4270,30,0.707547,64300,OK
2026-06-03,4929,アジュバンホールディングス,スタンダード（内国株式）,化学,730,734,729,732,2,0.273973,5000,OK
2026-06-03,4931,新日本製薬,プライム（内国株式）,化学,1865,1895,1855,1893,22,1.175842,23300,OK
2026-06-03,4932,アルマード,スタンダード（内国株式）,化学,640,642,615,627,-13,-2.03125,61200,OK
2026-06-03,4933,Ｉ−ｎｅ,プライム（内国株式）,化学,1245,1258,1243,1251,-4,-0.318725,61300,OK
2026-06-03,4934,プレミアアンチエイジング,グロース（内国株式）,化学,619,630,613,613,-16,-2.54372,13700,OK
2026-06-03,4935,リベルタ,スタンダード（内国株式）,化学,216,226,206,224,8,3.703704,352300,OK
2026-06-03,4936,アクシージア,スタンダード（内国株式）,化学,334,338,329,337,5,1.506024,37000,OK
2026-06-03,4937,Ｗａｑｏｏ,グロース（内国株式）,化学,1550,1575,1534,1575,19,1.22108,20400,OK
2026-06-03,4951,エステー,プライム（内国株式）,化学,1432,1447,1426,1447,15,1.047486,29200,OK
2026-06-03,4956,コニシ,プライム（内国株式）,化学,1371,1409,1369,1405,41,3.005865,85500,OK
2026-06-03,4958,長谷川香料,プライム（内国株式）,化学,2970,3045,2969,3030,70,2.364865,57600,OK
2026-06-03,4960,ケミプロ化成,スタンダード（内国株式）,化学,575,576,549,556,-12,-2.112676,93300,OK
2026-06-03,4966,上村工業,スタンダード（内国株式）,化学,23250,24190,23060,23580,420,1.813472,42300,OK
2026-06-03,4967,小林製薬,プライム（内国株式）,化学,5699,5701,5622,5680,18,0.317909,222900,OK
2026-06-03,4968,荒川化学工業,プライム（内国株式）,化学,1465,1502,1449,1499,38,2.600958,51700,OK
2026-06-03,4970,東洋合成工業,スタンダード（内国株式）,化学,16510,17350,16510,16660,260,1.585366,49400,OK
2026-06-03,4971,メック,プライム（内国株式）,化学,11130,11550,10980,11230,300,2.744739,352800,OK
2026-06-03,4972,綜研化学,スタンダード（内国株式）,化学,3485,3500,3380,3395,-65,-1.878613,45600,OK
2026-06-03,4973,日本高純度化学,プライム（内国株式）,化学,5680,5750,5570,5620,0,0,62800,OK
2026-06-03,4974,タカラバイオ,プライム（内国株式）,化学,1142,1144,1142,1142,0,0,452600,OK
2026-06-03,4975,ＪＣＵ,プライム（内国株式）,化学,7500,7690,7450,7550,170,2.303523,67300,OK
2026-06-03,4976,東洋ドライルーブ,スタンダード（内国株式）,化学,1312,1312,1297,1298,-14,-1.067073,3800,OK
2026-06-03,4977,新田ゼラチン,スタンダード（内国株式）,化学,1205,1228,1195,1222,27,2.259414,43800,OK
2026-06-03,4978,リプロセル,グロース（内国株式）,化学,124,128,121,127,4,3.252033,419200,OK
2026-06-03,4979,ＯＡＴアグリオ,スタンダード（内国株式）,化学,2638,2686,2628,2647,-10,-0.376364,17400,OK
2026-06-03,4980,デクセリアルズ,プライム（内国株式）,化学,4758,4859,4448,4503,21,0.468541,4259700,OK
2026-06-03,4985,アース製薬,プライム（内国株式）,化学,4515,4625,4510,4605,65,1.431718,79800,OK
2026-06-03,4990,昭和化学工業,スタンダード（内国株式）,化学,487,499,484,485,4,0.831601,3000,OK
2026-06-03,4992,北興化学工業,スタンダード（内国株式）,化学,1743,1802,1743,1785,44,2.527283,59500,OK
2026-06-03,4994,大成ラミックグループ,スタンダード（内国株式）,化学,2159,2175,2135,2170,16,0.742804,43000,OK
2026-06-03,4996,クミアイ化学工業,プライム（内国株式）,化学,733,753,727,748,17,2.325581,484000,OK
2026-06-03,4997,日本農薬,プライム（内国株式）,化学,977,999,975,987,16,1.647786,159200,OK
2026-06-03,4998,フマキラー,スタンダード（内国株式）,化学,1144,1148,1138,1145,7,0.615114,13100,OK
2026-06-03,500A,ＴＯブックス,スタンダード（内国株式）,情報･通信業,3170,3170,3075,3130,-55,-1.726845,20500,OK
2026-06-03,5010,日本精蝋,スタンダード（内国株式）,石油･石炭製品,238,239,231,236,-2,-0.840336,67400,OK
2026-06-03,5011,ニチレキグループ,プライム（内国株式）,石油･石炭製品,1955,1975,1937,1965,10,0.511509,32300,OK
2026-06-03,5013,ユシロ,スタンダード（内国株式）,石油･石炭製品,3275,3370,3265,3355,100,3.072197,44500,OK
2026-06-03,5015,ビーピー・カストロール,スタンダード（内国株式）,石油･石炭製品,1002,1008,1000,1002,1,0.0999,13900,OK
2026-06-03,5016,ＪＸ金属,プライム（内国株式）,非鉄金属,3750,3933,3690,3869,240,6.613392,19376300,OK
2026-06-03,5018,ＭＯＲＥＳＣＯ,スタンダード（内国株式）,石油･石炭製品,1854,1901,1851,1861,-33,-1.742344,14600,OK
2026-06-03,5019,出光興産,プライム（内国株式）,石油･石炭製品,1382,1415,1360.5,1407.5,53,3.912883,5315700,OK
2026-06-03,501A,プレシャスパートナーズ,TOKYO PRO MARKET（内国株式）,サービス業,,,,,,,,NO_QUOTE
2026-06-03,5020,ＥＮＥＯＳホールディングス,プライム（内国株式）,石油･石炭製品,1315,1341.5,1305.5,1327.5,41,3.186941,9637100,OK
2026-06-03,5021,コスモエネルギーホールディングス,プライム（内国株式）,石油･石炭製品,3720,3835,3701,3833,116,3.120796,727800,OK
2026-06-03,5022,レボインターナショナル,TOKYO PRO MARKET（内国株式）,石油･石炭製品,,,,,,,,NO_QUOTE
2026-06-03,5025,マーキュリー,グロース（内国株式）,情報･通信業,650,650,647,647,-8,-1.221374,300,OK
2026-06-03,5026,トリプルアイズ,グロース（内国株式）,情報･通信業,631,631,607,616,-21,-3.296703,17700,OK
2026-06-03,5027,ＡｎｙＭｉｎｄ　Ｇｒｏｕｐ,グロース（内国株式）,情報･通信業,501,502,476,482,-30,-5.859375,396600,OK
2026-06-03,5028,セカンドサイトアナリティカ,グロース（内国株式）,情報･通信業,348,349,346,346,-4,-1.142857,8400,OK
2026-06-03,5029,サークレイス,グロース（内国株式）,情報･通信業,794,802,740,740,-51,-6.447535,13200,OK
2026-06-03,5031,モイ,グロース（内国株式）,情報･通信業,465,547,465,547,80,17.130621,1304900,OK
2026-06-03,5032,ＡＮＹＣＯＬＯＲ,プライム（内国株式）,情報･通信業,2830,2893,2753,2880,7,0.243648,692600,OK
2026-06-03,5033,ヌーラボ,グロース（内国株式）,情報･通信業,681,704,671,698,27,4.023845,8800,OK
2026-06-03,5034,ｕｎｅｒｒｙ,グロース（内国株式）,情報･通信業,2023,2023,1909,1955,-90,-4.400978,73200,OK
2026-06-03,5035,ＨＯＵＳＥＩ,グロース（内国株式）,情報･通信業,398,404,395,395,-3,-0.753769,3300,OK
2026-06-03,5036,日本ビジネスシステムズ,プライム（内国株式）,情報･通信業,1712,1718,1643,1680,-27,-1.581722,101800,OK
2026-06-03,5037,フィットワークス,TOKYO PRO MARKET（内国株式）,情報･通信業,,,,,,,,NO_QUOTE
2026-06-03,5038,ｅＷｅＬＬ,グロース（内国株式）,情報･通信業,1822,1849,1761,1784,-68,-3.671706,51300,OK
2026-06-03,503A,ベルチャイルド,TOKYO PRO MARKET（内国株式）,情報･通信業,,,,,,,,NO_QUOTE
2026-06-03,504A,イノバセル,グロース（内国株式）,医薬品,546,559,530,544,-19,-3.374778,99400,OK
2026-06-03,505A,ギークリー,スタンダード（内国株式）,サービス業,1090,1091,1057,1069,-22,-2.016499,55200,OK
2026-06-03,506A,シンカナース,TOKYO PRO MARKET（内国株式）,サービス業,,,,,,,,NO_QUOTE
2026-06-03,5071,ヴィス,スタンダード（内国株式）,サービス業,1380,1380,1361,1361,-24,-1.732852,1600,OK
2026-06-03,5072,アートフォースジャパン,TOKYO PRO MARKET（内国株式）,建設業,,,,,,,,NO_QUOTE
2026-06-03,5074,テスホールディングス,プライム（内国株式）,建設業,1067,1128,1015,1022,-9,-0.872939,3425600,OK
2026-06-03,5076,インフロニア・ホールディングス,プライム（内国株式）,建設業,2404,2444.5,2387,2418,-3,-0.123916,1646300,OK
2026-06-03,50765,インフロニア・ホールディングス（優先株式）,プライム（内国株式）,建設業,4636,4637,4628,4630,-5,-0.107875,18200,OK
2026-06-03,5077,ハンズ,TOKYO PRO MARKET（内国株式）,建設業,,,,,,,,NO_QUOTE
2026-06-03,5078,セレコーポレーション,スタンダード（内国株式）,建設業,4960,4965,4895,4960,30,0.608519,800,OK
2026-06-03,5079,ノバック,スタンダード（内国株式）,建設業,2433,2480,2419,2478,45,1.849568,12400,OK
2026-06-03,507A,デジタル・ナレッジ,TOKYO PRO MARKET（内国株式）,情報･通信業,,,,,,,,NO_QUOTE
2026-06-03,5101,横浜ゴム,プライム（内国株式）,ゴム製品,7000,7100,6900,7021,11,0.156919,521900,OK
2026-06-03,5103,昭和ホールディングス,スタンダード（内国株式）,ゴム製品,39,40,39,39,-1,-2.5,24900,OK
2026-06-03,5105,ＴＯＹＯ　ＴＩＲＥ,プライム（内国株式）,ゴム製品,3672,3727,3655,3680,13,0.354513,554300,OK
2026-06-03,5108,ブリヂストン,プライム（内国株式）,ゴム製品,3459,3482,3425,3457,54,1.586835,3987000,OK
2026-06-03,510A,ハートアップ,TOKYO PRO MARKET（内国株式）,サービス業,,,,,,,,NO_QUOTE
2026-06-03,5110,住友ゴム工業,プライム（内国株式）,ゴム製品,2005.5,2054,1996.5,2049,55.5,2.784048,2354000,OK
2026-06-03,511A,ヴァンガードスミス,TOKYO PRO MARKET（内国株式）,サービス業,,,,,,,,NO_QUOTE
2026-06-03,5121,藤倉コンポジット,プライム（内国株式）,ゴム製品,2542,2557,2523,2536,29,1.156761,69600,OK
2026-06-03,5122,オカモト,プライム（内国株式）,ゴム製品,5650,5890,5610,5890,240,4.247788,34600,OK
2026-06-03,5125,ファインズ,グロース（内国株式）,情報･通信業,465,468,465,466,5,1.084599,9600,OK
2026-06-03,5126,ポーターズ,グロース（内国株式）,情報･通信業,,,,,,,,NO_QUOTE
2026-06-03,5129,ＦＩＸＥＲ,グロース（内国株式）,情報･通信業,260,266,251,261,1,0.384615,138700,OK
2026-06-03,5130,ヒロホールディングス,TOKYO PRO MARKET（内国株式）,情報･通信業,,,,,,,,NO_QUOTE
2026-06-03,5131,リンカーズ,グロース（内国株式）,情報･通信業,122,124,117,117,-8,-6.4,50600,OK
2026-06-03,5132,ｐｌｕｓｚｅｒｏ,グロース（内国株式）,情報･通信業,1547,1547,1485,1508,-73,-4.617331,85300,OK
2026-06-03,5133,テリロジーホールディングス,スタンダード（内国株式）,情報･通信業,308,308,296,298,-6,-1.973684,76400,OK
2026-06-03,5134,ＰＯＰＥＲ,グロース（内国株式）,情報･通信業,523,537,518,533,10,1.912046,8600,OK
2026-06-03,5135,ＡＩＲ−Ｕ,TOKYO PRO MARKET（内国株式）,情報･通信業,,,,,,,,NO_QUOTE
2026-06-03,5136,ｔｒｉｐｌａ,グロース（内国株式）,情報･通信業,1489,1495,1457,1476,-21,-1.402806,31900,OK
2026-06-03,5137,スマートドライブ,グロース（内国株式）,情報･通信業,211,211,194,201,-12,-5.633803,859600,OK
2026-06-03,5138,Ｒｅｂａｓｅ,グロース（内国株式）,情報･通信業,452,452,445,445,-15,-3.26087,4000,OK
2026-06-03,5139,オープンワーク,グロース（内国株式）,情報･通信業,927,927,906,916,3,0.328587,18300,OK
2026-06-03,5142,アキレス,プライム（内国株式）,化学,1159,1180,1150,1169,9,0.775862,32200,OK
2026-06-03,514A,孫の手,TOKYO PRO MARKET（内国株式）,サービス業,,,,,,,,NO_QUOTE
2026-06-03,5161,西川ゴム工業,スタンダード（内国株式）,ゴム製品,2980,3005,2951,2951,-13,-0.438596,125000,OK
2026-06-03,5162,朝日ラバー,スタンダード（内国株式）,ゴム製品,675,687,659,687,10,1.477105,13400,OK
2026-06-03,5184,ニチリン,スタンダード（内国株式）,ゴム製品,4110,4115,4070,4100,-10,-0.243309,16300,OK
2026-06-03,5185,フコク,プライム（内国株式）,ゴム製品,1731,1754,1726,1746,15,0.866551,40900,OK
2026-06-03,5186,ニッタ,プライム（内国株式）,ゴム製品,5950,6080,5860,6020,80,1.346801,65900,OK
2026-06-03,5187,クリエートメディック,スタンダード（内国株式）,精密機器,1070,1074,1061,1069,-6,-0.55814,22400,OK
2026-06-03,5189,櫻護謨,スタンダード（内国株式）,ゴム製品,2880,3005,2880,2975,95,3.298611,3500,OK
2026-06-03,5192,三ツ星ベルト,プライム（内国株式）,ゴム製品,3870,3950,3855,3950,80,2.067183,56000,OK
2026-06-03,5194,相模ゴム工業,スタンダード（内国株式）,ゴム製品,626,627,600,607,-20,-3.189793,74400,OK
2026-06-03,5195,バンドー化学,プライム（内国株式）,ゴム製品,2180,2216,2175,2194,14,0.642202,50500,OK
2026-06-03,5199,不二ラテックス,スタンダード（内国株式）,ゴム製品,,,,,,,,NO_QUOTE
2026-06-03,519A,ベーシック,グロース（内国株式）,情報･通信業,508,592,500,512,6,1.185771,82000,OK
2026-06-03,5201,ＡＧＣ,プライム（内国株式）,ガラス･土石製品,7720,8315,7519,8221,578,7.562475,4727500,OK
2026-06-03,5202,日本板硝子,プライム（内国株式）,ガラス･土石製品,476,478,475,475,-2,-0.419287,1820700,OK
2026-06-03,5204,石塚硝子,スタンダード（内国株式）,ガラス･土石製品,2834,2860,2821,2825,-9,-0.317572,22500,OK
2026-06-03,5208,有沢製作所,プライム（内国株式）,化学,2285,2309,2267,2286,21,0.927152,228400,OK
2026-06-03,520A,ジェイファーマ,グロース（内国株式）,医薬品,477,477,430,435,-34,-7.249467,88700,OK
2026-06-03,5210,日本山村硝子,スタンダード（内国株式）,ガラス･土石製品,2582,2595,2548,2577,47,1.857708,175800,OK
2026-06-03,5214,日本電気硝子,プライム（内国株式）,ガラス･土石製品,6335,6568,6230,6556,355,5.724883,885300,OK
2026-06-03,5216,倉元製作所,スタンダード（内国株式）,ガラス･土石製品,121,124,119,123,2,1.652893,144300,OK
2026-06-03,5218,オハラ,スタンダード（内国株式）,ガラス･土石製品,1548,1609,1536,1582,46,2.994792,124400,OK
2026-06-03,522A,ＣＯＥＬ,TOKYO PRO MARKET（内国株式）,情報･通信業,,,,,,,,NO_QUOTE
2026-06-03,5232,住友大阪セメント,プライム（内国株式）,ガラス･土石製品,5262,5669,5240,5506,342,6.622773,446400,OK
2026-06-03,5233,太平洋セメント,プライム（内国株式）,ガラス･土石製品,4403,4488,4381,4460,101,2.317045,453900,OK
2026-06-03,5237,ノザワ,スタンダード（内国株式）,ガラス･土石製品,1116,1135,1116,1135,22,1.97664,1600,OK
2026-06-03,523A,セイワホールディングス,グロース（内国株式）,金属製品,2015,2090,2011,2045,32,1.589667,96700,OK
2026-06-03,5240,ｍｏｎｏＡＩ　ｔｅｃｈｎｏｌｏｇｙ,グロース（内国株式）,情報･通信業,134,136,130,130,-3,-2.255639,35100,OK
2026-06-03,5242,アイズ,グロース（内国株式）,情報･通信業,956,964,941,941,-15,-1.569038,3200,OK
2026-06-03,5243,ｎｏｔｅ,グロース（内国株式）,情報･通信業,1900,1995,1862,1935,34,1.788532,267200,OK
2026-06-03,5244,ｊｉｇ．ｊｐ,グロース（内国株式）,情報･通信業,173,179,169,179,4,2.285714,529000,OK
2026-06-03,5246,ＥＬＥＭＥＮＴＳ,グロース（内国株式）,情報･通信業,608,608,575,593,-9,-1.495017,411900,OK
2026-06-03,5247,ＢＴＭ,グロース（内国株式）,情報･通信業,582,606,580,582,1,0.172117,6500,OK
2026-06-03,5248,テクノロジーズ,グロース（内国株式）,情報･通信業,448,459,442,454,14,3.181818,48900,OK
2026-06-03,5249,あさかわシステムズ,TOKYO PRO MARKET（内国株式）,情報･通信業,,,,,,,,NO_QUOTE
2026-06-03,524A,田村ビルズグループ,TOKYO PRO MARKET（内国株式）,不動産業,,,,,,,,NO_QUOTE
2026-06-03,5250,ＧＭＯプライム・ストラテジー,スタンダード（内国株式）,情報･通信業,1158,1179,1158,1170,14,1.211073,1400,OK
2026-06-03,5251,ウイズ・ワン,TOKYO PRO MARKET（内国株式）,情報･通信業,,,,,,,,NO_QUOTE
2026-06-03,5252,日本ナレッジ,グロース（内国株式）,情報･通信業,759,769,731,769,1,0.130208,3900,OK
2026-06-03,5253,カバー,グロース（内国株式）,情報･通信業,1631,1657,1586,1637,4,0.244948,1012000,OK
2026-06-03,5254,Ａｒｅｎｔ,グロース（内国株式）,情報･通信業,3555,3580,3435,3550,-25,-0.699301,28900,OK
2026-06-03,5255,モンスターラボ,グロース（内国株式）,情報･通信業,90,92,89,89,-1,-1.111111,561800,OK
2026-06-03,5256,Ｆｕｓｉｃ,グロース（内国株式）,情報･通信業,2414,2499,2370,2499,91,3.77907,4700,OK
2026-06-03,5257,ノバシステム,スタンダード（内国株式）,情報･通信業,2524,2549,2512,2549,8,0.314837,2500,OK
2026-06-03,5258,トランザクション・メディア・ネットワークス,グロース（内国株式）,情報･通信業,338,339,321,324,-14,-4.142012,176300,OK
2026-06-03,525A,ｍａｎｅｂｉ,TOKYO PRO MARKET（内国株式）,情報･通信業,,,,,,,,NO_QUOTE
2026-06-03,5261,リソルホールディングス,プライム（内国株式）,サービス業,6600,6750,6600,6740,110,1.659125,7800,OK
2026-06-03,5262,日本ヒューム,プライム（内国株式）,ガラス･土石製品,1007,1015,996,1006,-10,-0.984252,367900,OK
2026-06-03,5268,旭コンクリート工業,スタンダード（内国株式）,ガラス･土石製品,881,887,871,875,-8,-0.906002,10100,OK
2026-06-03,5269,日本コンクリート工業,プライム（内国株式）,ガラス･土石製品,316,323,316,322,5,1.577287,146900,OK
2026-06-03,5271,トーヨーアサノ,スタンダード（内国株式）,ガラス･土石製品,2219,2219,2219,2219,-3,-0.135014,300,OK
2026-06-03,5273,三谷セキサン,スタンダード（内国株式）,ガラス･土石製品,1511,1525,1408,1463,-45,-2.984085,182700,OK
2026-06-03,5279,日本興業,スタンダード（内国株式）,ガラス･土石製品,1107,1121,1107,1118,8,0.720721,2000,OK
2026-06-03,527A,ＮＯＳＥ　ＳＨＯＰ,TOKYO PRO MARKET（内国株式）,小売業,,,,,,,,NO_QUOTE
2026-06-03,5280,ヨシコン,スタンダード（内国株式）,不動産業,2123,2135,2075,2124,15,0.711238,18700,OK
2026-06-03,5282,ジオスター,スタンダード（内国株式）,ガラス･土石製品,370,370,361,365,-1,-0.273224,125500,OK
2026-06-03,5283,高見澤,スタンダード（内国株式）,卸売業,3065,3065,2995,2995,-70,-2.28385,7100,OK
2026-06-03,5284,ヤマウホールディングス,スタンダード（内国株式）,ガラス･土石製品,2160,2176,2151,2158,0,0,1800,OK
2026-06-03,5285,ヤマックス,スタンダード（内国株式）,ガラス･土石製品,1223,1233,1211,1214,-9,-0.735895,50800,OK
2026-06-03,5287,イトーヨーギョー,スタンダード（内国株式）,ガラス･土石製品,892,903,873,896,-2,-0.222717,25500,OK
2026-06-03,5288,アジアパイルホールディングス,プライム（内国株式）,ガラス･土石製品,1536,1554,1523,1540,13,0.851343,145300,OK
2026-06-03,528A,フリースタイル,TOKYO PRO MARKET（内国株式）,情報･通信業,,,,,,,,NO_QUOTE
2026-06-03,5290,ベルテクスコーポレーション,スタンダード（内国株式）,ガラス･土石製品,1500,1503,1479,1487,-12,-0.800534,45800,OK
2026-06-03,5301,東海カーボン,プライム（内国株式）,ガラス･土石製品,1845,1872,1835,1862,55,3.043719,2492700,OK
2026-06-03,5302,日本カーボン,プライム（内国株式）,ガラス･土石製品,4640,4755,4620,4750,120,2.591793,65300,OK
2026-06-03,5304,ＳＥＣカーボン,スタンダード（内国株式）,ガラス･土石製品,2576,2605,2559,2579,3,0.11646,22000,OK
2026-06-03,5310,東洋炭素,プライム（内国株式）,ガラス･土石製品,7510,7770,7410,7660,200,2.680965,137400,OK
2026-06-03,5331,ノリタケ,プライム（内国株式）,ガラス･土石製品,4120,4185,3945,4035,-100,-2.41838,1024500,OK
2026-06-03,5332,ＴＯＴＯ,プライム（内国株式）,ガラス･土石製品,7457,8049,7445,7926,642,8.813839,2695800,OK
2026-06-03,5333,ＮＧＫ,プライム（内国株式）,ガラス･土石製品,6270,6538,6265,6483,313,5.072934,1646400,OK
2026-06-03,5334,日本特殊陶業,プライム（内国株式）,ガラス･土石製品,10040,10230,9847,10170,242,2.43755,629800,OK
2026-06-03,5337,ダントーホールディングス,スタンダード（内国株式）,ガラス･土石製品,849,869,794,794,-55,-6.47821,21400,OK
2026-06-03,5341,ＡＳＡＨＩ　ＥＩＴＯホールディングス,スタンダード（内国株式）,ガラス･土石製品,202,204,182,186,-16,-7.920792,588200,OK
2026-06-03,5344,ＭＡＲＵＷＡ,プライム（内国株式）,ガラス･土石製品,75870,77160,72990,75090,3720,5.212274,151500,OK
2026-06-03,5351,品川リフラ,プライム（内国株式）,ガラス･土石製品,1854,1889,1843,1886,32,1.725998,127500,OK
2026-06-03,5355,日本坩堝,スタンダード（内国株式）,ガラス･土石製品,654,665,653,655,1,0.152905,6100,OK
2026-06-03,5356,美濃窯業,スタンダード（内国株式）,ガラス･土石製品,1343,1354,1260,1308,-54,-3.964758,14800,OK
2026-06-03,5357,ヨータイ,プライム（内国株式）,ガラス･土石製品,1700,1714,1690,1707,23,1.365796,22900,OK
2026-06-03,5363,東京窯業,スタンダード（内国株式）,ガラス･土石製品,701,718,694,717,12,1.702128,92700,OK
2026-06-03,5367,ニッカトー,スタンダード（内国株式）,ガラス･土石製品,1344,1609,1344,1423,96,7.234363,3480200,OK
2026-06-03,5368,日本インシュレーション,スタンダード（内国株式）,ガラス･土石製品,927,929,921,929,9,0.978261,6000,OK
2026-06-03,5380,新東,スタンダード（内国株式）,ガラス･土石製品,1180,1190,1180,1190,10,0.847458,500,OK
2026-06-03,5381,マイポックス,スタンダード（内国株式）,ガラス･土石製品,1081,1114,1059,1063,-12,-1.116279,271100,OK
2026-06-03,5384,フジミインコーポレーテッド,プライム（内国株式）,ガラス･土石製品,4110,4270,4105,4220,180,4.455446,559600,OK
2026-06-03,5388,クニミネ工業,スタンダード（内国株式）,ガラス･土石製品,1225,1229,1217,1218,-9,-0.733496,5400,OK
2026-06-03,5391,エーアンドエーマテリアル,スタンダード（内国株式）,ガラス･土石製品,1395,1413,1383,1396,6,0.431655,15900,OK
2026-06-03,5393,ニチアス,プライム（内国株式）,ガラス･土石製品,3484,3570,3466,3548,70,2.012651,639000,OK
2026-06-03,5401,日本製鉄,プライム（内国株式）,鉄鋼,539.5,550.5,538.1,546.7,10.1,1.882221,27280200,OK
2026-06-03,5406,神戸製鋼所,プライム（内国株式）,鉄鋼,1960.5,1987,1953,1976.5,26.5,1.358974,1379700,OK
2026-06-03,5408,中山製鋼所,プライム（内国株式）,鉄鋼,618,626,606,607,-2,-0.328407,214900,OK
2026-06-03,5410,合同製鐵,プライム（内国株式）,鉄鋼,2600,2617,2554,2581,14,0.545384,206700,OK
2026-06-03,5411,ＪＦＥホールディングス,プライム（内国株式）,鉄鋼,1608,1612,1591.5,1594.5,-3.5,-0.219024,6015400,OK
2026-06-03,5423,東京製鐵,プライム（内国株式）,鉄鋼,1695,1719,1681,1703,1,0.058754,340800,OK
2026-06-03,542A,ビタブリッドジャパン,グロース（内国株式）,化学,975,977,941,949,-30,-3.064351,104600,OK
2026-06-03,543A,ＡＲＣＨＩＯＮ,プライム（内国株式）,輸送用機器,330,343,326,329,-1,-0.30303,4779900,OK
2026-06-03,5440,共英製鋼,プライム（内国株式）,鉄鋼,1748,1757,1738,1753,19,1.095732,169900,OK
2026-06-03,5444,大和工業,プライム（内国株式）,鉄鋼,11545,11930,11500,11890,370,3.211806,150800,OK
2026-06-03,5445,東京鐵鋼,プライム（内国株式）,鉄鋼,1788,1794,1780,1792,26,1.472254,204900,OK
2026-06-03,5446,北越メタル,スタンダード（内国株式）,鉄鋼,1231,1255,1231,1255,20,1.619433,1100,OK
2026-06-03,5449,大阪製鐵,スタンダード（内国株式）,鉄鋼,2321,2458,2321,2405,84,3.61913,115900,OK
2026-06-03,544A,ＧＭＳグループ,プライム（内国株式）,機械,343,359,342,358,12,3.468208,167600,OK
2026-06-03,5451,ヨドコウ,プライム（内国株式）,鉄鋼,1262,1282,1251,1281,37,2.974277,577500,OK
2026-06-03,5458,高砂鐵工,スタンダード（内国株式）,鉄鋼,1204,1240,1160,1240,36,2.990033,1500,OK
2026-06-03,545A,トランヴィア,プライム（内国株式）,情報･通信業,864,865,854,855,-9,-1.041667,55600,OK
2026-06-03,5461,中部鋼鈑,プライム（内国株式）,鉄鋼,2137,2149,2115,2124,6,0.283286,75400,OK
2026-06-03,5463,丸一鋼管,プライム（内国株式）,鉄鋼,1763.5,1771.5,1746.5,1754,6,0.343249,678700,OK
2026-06-03,5464,モリ工業,スタンダード（内国株式）,鉄鋼,926,933,920,932,16,1.746725,17000,OK
2026-06-03,546A,ＭＩＲＡＩＮＩホールディングス,プライム（内国株式）,卸売業,1884,1915,1882,1889,3,0.159067,66900,OK
2026-06-03,5471,大同特殊鋼,プライム（内国株式）,鉄鋼,2177,2253.5,2167.5,2220.5,128,6.117085,2075100,OK
2026-06-03,547A,ムニノバホールディングス,プライム（内国株式）,その他金融業,455,459,440,444,-5,-1.113586,2704500,OK
2026-06-03,5480,日本冶金工業,プライム（内国株式）,鉄鋼,4505,4575,4460,4535,95,2.13964,85900,OK
2026-06-03,5482,愛知製鋼,プライム（内国株式）,鉄鋼,2992,3025,2956,2978,-14,-0.467914,200000,OK
2026-06-03,5484,東北特殊鋼,スタンダード（内国株式）,鉄鋼,4475,4480,4475,4475,0,0,6000,OK
2026-06-03,548A,システムエグゼ,スタンダード（内国株式）,情報･通信業,920,926,911,915,-3,-0.326797,19100,OK
2026-06-03,5491,日本金属,スタンダード（内国株式）,鉄鋼,898,920,896,900,-3,-0.332226,20200,OK
2026-06-03,549A,ヒトトヒトホールディングス,スタンダード（内国株式）,サービス業,460,461,452,459,-3,-0.649351,60300,OK
2026-06-03,550A,ソフトテックス,スタンダード（内国株式）,情報･通信業,3150,3250,2576,2730,-91,-3.225806,139900,OK
2026-06-03,551A,ＩＺＵＭＩグループ,TOKYO PRO MARKET（内国株式）,サービス業,,,,,,,,NO_QUOTE
2026-06-03,5525,フロンティアホールディングス,TOKYO PRO MARKET（内国株式）,不動産業,,,,,,,,NO_QUOTE
2026-06-03,5527,ｐｒｏｐｅｒｔｙ　ｔｅｃｈｎｏｌｏｇｉｅｓ,グロース（内国株式）,不動産業,585,591,577,586,4,0.687285,53200,OK
2026-06-03,5528,フロンティアハウス,TOKYO PRO MARKET（内国株式）,不動産業,,,,,,,,NO_QUOTE
2026-06-03,5531,中山不動産,TOKYO PRO MARKET（内国株式）,不動産業,,,,,,,,NO_QUOTE
2026-06-03,5532,リアルゲイト,グロース（内国株式）,不動産業,3630,3695,3510,3510,-185,-5.006766,63200,OK
2026-06-03,5533,エリッツホールディングス,スタンダード（内国株式）,不動産業,1890,1890,1851,1884,-41,-2.12987,1500,OK
2026-06-03,5534,エンゼルグループ,TOKYO PRO MARKET（内国株式）,不動産業,,,,,,,,NO_QUOTE
2026-06-03,5535,ミガロホールディングス,プライム（内国株式）,不動産業,258,258,251,255,-3,-1.162791,224800,OK
2026-06-03,5536,京橋アートレジデンス,TOKYO PRO MARKET（内国株式）,不動産業,,,,,,,,NO_QUOTE
2026-06-03,5537,ＡｌｂａＬｉｎｋ,グロース（内国株式）,不動産業,2285,2310,2143,2255,-59,-2.549697,46300,OK
2026-06-03,5541,大平洋金属,プライム（内国株式）,鉄鋼,2250,2348,2250,2319,89,3.991031,323900,OK
2026-06-03,5542,新報国マテリアル,スタンダード（内国株式）,鉄鋼,816,824,804,815,-5,-0.609756,4800,OK
2026-06-03,554A,バトンズ,グロース（内国株式）,情報･通信業,1120,1177,1050,1165,48,4.297225,36100,OK
2026-06-03,555A,北王ＧＲＯＵＰ,TOKYO PRO MARKET（内国株式）,陸運業,,,,,,,,NO_QUOTE
2026-06-03,5563,新日本電工,プライム（内国株式）,鉄鋼,524,525,503,508,-7,-1.359223,1138900,OK
2026-06-03,556A,犬猫生活,グロース（内国株式）,小売業,3010,3095,2856,2937,-73,-2.425249,67000,OK
2026-06-03,5570,ジェノバ,グロース（内国株式）,情報･通信業,661,661,641,650,-14,-2.108434,34900,OK
2026-06-03,5571,エキサイトホールディングス,スタンダード（内国株式）,情報･通信業,1016,1036,1001,1009,-8,-0.786627,24300,OK
2026-06-03,5572,Ｒｉｄｇｅ−ｉ,グロース（内国株式）,情報･通信業,3455,3455,3140,3390,439,14.876313,1091500,OK
2026-06-03,5573,働楽ホールディングス,TOKYO PRO MARKET（内国株式）,情報･通信業,,,,,,,,NO_QUOTE
2026-06-03,5574,ＡＢＥＪＡ,グロース（内国株式）,情報･通信業,2199,2320,2149,2301,101,4.590909,108200,OK
2026-06-03,5575,Ｇｌｏｂｅｅ,グロース（内国株式）,情報･通信業,667,673,650,661,-16,-2.363368,4400,OK
2026-06-03,5576,オービーシステム,スタンダード（内国株式）,情報･通信業,2856,2900,2855,2888,27,0.943726,2800,OK
2026-06-03,5578,ＡＲアドバンストテクノロジ,グロース（内国株式）,情報･通信業,880,884,855,860,-22,-2.494331,16100,OK
2026-06-03,557A,フェリエスト,TOKYO PRO MARKET（内国株式）,サービス業,,,,,,,,NO_QUOTE
2026-06-03,5580,プロディライト,グロース（内国株式）,情報･通信業,1470,1470,1470,1470,11,0.753941,300,OK
2026-06-03,5581,カイテクノロジー,TOKYO PRO MARKET（内国株式）,情報･通信業,,,,,,,,NO_QUOTE
2026-06-03,5582,グリッド,グロース（内国株式）,情報･通信業,2199,2281,2083,2246,95,4.41655,83500,OK
2026-06-03,5584,Ｓｔｒａｗｂｅｒｒｙ　ｊａｍｓ,TOKYO PRO MARKET（内国株式）,情報･通信業,,,,,,,,NO_QUOTE
2026-06-03,5586,Ｌａｂｏｒｏ．ＡＩ,グロース（内国株式）,情報･通信業,808,820,785,803,-8,-0.986436,57700,OK
2026-06-03,5587,インバウンドプラットフォーム,グロース（内国株式）,情報･通信業,816,820,802,820,0,0,3400,OK
2026-06-03,5588,ファーストアカウンティング,グロース（内国株式）,情報･通信業,678,688,650,687,-1,-0.145349,59900,OK
2026-06-03,5589,オートサーバー,スタンダード（内国株式）,情報･通信業,2737,2760,2661,2668,-69,-2.521008,47600,OK
2026-06-03,558A,ＳＱＵＥＥＺＥ,グロース（内国株式）,サービス業,4900,4985,4570,4985,85,1.734694,87700,OK
2026-06-03,5590,ネットスターズ,グロース（内国株式）,情報･通信業,659,718,626,717,18,2.575107,987900,OK
2026-06-03,5591,ＡＶＩＬＥＮ,グロース（内国株式）,情報･通信業,808,813,775,789,-28,-3.427173,63900,OK
2026-06-03,5592,くすりの窓口,グロース（内国株式）,情報･通信業,2527,2527,2450,2467,-70,-2.759164,94700,OK
2026-06-03,5594,エム・デー・ビー,TOKYO PRO MARKET（内国株式）,情報･通信業,,,,,,,,NO_QUOTE
2026-06-03,5597,ブルーイノベーション,グロース（内国株式）,情報･通信業,1654,1725,1620,1681,27,1.632406,88800,OK
2026-06-03,5598,Ｙｏｔｔａｖｉａｓ,TOKYO PRO MARKET（内国株式）,情報･通信業,,,,,,,,NO_QUOTE
2026-06-03,5599,Ｓ＆Ｊ,グロース（内国株式）,情報･通信業,918,931,880,896,-7,-0.775194,83200,OK
2026-06-03,559A,梅乃宿酒造,スタンダード（内国株式）,食料品,1014,1027,999,1024,25,2.502503,26500,OK
2026-06-03,5602,栗本鐵工所,プライム（内国株式）,鉄鋼,1355,1373,1341,1369,27,2.011923,229600,OK
2026-06-03,5603,虹技,スタンダード（内国株式）,鉄鋼,1180,1215,1178,1192,3,0.252313,13300,OK
2026-06-03,5609,日本鋳造,スタンダード（内国株式）,鉄鋼,900,900,890,897,-3,-0.333333,3400,OK
2026-06-03,560A,オカダコーポレーション,TOKYO PRO MARKET（内国株式）,小売業,,,,,,,,NO_QUOTE
2026-06-03,5612,日本鋳鉄管,スタンダード（内国株式）,鉄鋼,1518,1550,1510,1537,19,1.251647,10000,OK
2026-06-03,5616,雨風太陽,グロース（内国株式）,情報･通信業,718,718,686,695,-15,-2.112676,17200,OK
2026-06-03,5617,ウィル・ドゥ,TOKYO PRO MARKET（内国株式）,情報･通信業,,,,,,,,NO_QUOTE
2026-06-03,5618,ナイル,グロース（内国株式）,情報･通信業,292,297,292,295,6,2.076125,500,OK
2026-06-03,5619,マーソ,グロース（内国株式）,情報･通信業,855,855,850,854,0,0,900,OK
2026-06-03,561A,マークスライフ,TOKYO PRO MARKET（内国株式）,不動産業,,,,,,,,NO_QUOTE
2026-06-03,5620,エスピーオー,TOKYO PRO MARKET（内国株式）,情報･通信業,,,,,,,,NO_QUOTE
2026-06-03,5621,ヒューマンテクノロジーズ,グロース（内国株式）,情報･通信業,1399,1400,1366,1382,-47,-3.289013,37800,OK
2026-06-03,5622,ワンビ,TOKYO PRO MARKET（内国株式）,情報･通信業,,,,,,,,NO_QUOTE
2026-06-03,562A,寶結,TOKYO PRO MARKET（内国株式）,情報･通信業,,,,,,,,NO_QUOTE
2026-06-03,5631,日本製鋼所,プライム（内国株式）,機械,7349,7438,7280,7328,62,0.853289,861300,OK
2026-06-03,5632,三菱製鋼,プライム（内国株式）,鉄鋼,2099,2137,2079,2083,7,0.337187,100300,OK
2026-06-03,5644,メタルアート,スタンダード（内国株式）,鉄鋼,7650,7680,7640,7650,30,0.393701,38000,OK
2026-06-03,5658,日亜鋼業,スタンダード（内国株式）,鉄鋼,355,355,351,351,-1,-0.284091,22100,OK
2026-06-03,5659,日本精線,プライム（内国株式）,鉄鋼,1394,1459,1371,1459,88,6.418673,50900,OK
2026-06-03,565A,ＦＦＦホールディングス,TOKYO PRO MARKET（内国株式）,卸売業,,,,,,,,NO_QUOTE
2026-06-03,5660,神鋼鋼線工業,スタンダード（内国株式）,鉄鋼,1810,1850,1809,1840,25,1.37741,44800,OK
2026-06-03,567A,ディープラス,TOKYO PRO MARKET（内国株式）,卸売業,,,,,,,,NO_QUOTE
2026-06-03,5695,パウダーテック,スタンダード（内国株式）,鉄鋼,2602,2717,2602,2613,8,0.307102,1000,OK
2026-06-03,5697,サンユウ,スタンダード（内国株式）,鉄鋼,705,712,702,703,-2,-0.283688,2200,OK
2026-06-03,5698,エンビプロ・ホールディングス,スタンダード（内国株式）,鉄鋼,873,886,846,858,-22,-2.5,188400,OK
2026-06-03,5699,イボキン,スタンダード（内国株式）,鉄鋼,1590,1613,1572,1578,-11,-0.692259,8900,OK
2026-06-03,5702,大紀アルミニウム工業所,プライム（内国株式）,非鉄金属,2020,2039,1979,2007,51,2.607362,304900,OK
2026-06-03,5703,日本軽金属ホールディングス,プライム（内国株式）,非鉄金属,3235,3290,3215,3270,105,3.317536,269500,OK
2026-06-03,5704,ＪＭＣ,グロース（内国株式）,非鉄金属,398,398,389,395,-3,-0.753769,3500,OK
2026-06-03,5706,三井金属,プライム（内国株式）,非鉄金属,49920,50870,47220,47600,-1950,-3.935419,2308800,OK
2026-06-03,5707,東邦亜鉛,プライム（内国株式）,非鉄金属,962,993,957,976,29,3.062302,270000,OK
2026-06-03,5711,三菱マテリアル,プライム（内国株式）,非鉄金属,5150,5298,5087,5187,137,2.712871,1127900,OK
2026-06-03,5713,住友金属鉱山,プライム（内国株式）,非鉄金属,9010,9382,9000,9099,320,3.645062,2542500,OK
2026-06-03,5714,ＤＯＷＡホールディングス,プライム（内国株式）,非鉄金属,10490,10570,10230,10370,220,2.167488,333400,OK
2026-06-03,5715,古河機械金属,プライム（内国株式）,非鉄金属,3865,3885,3760,3820,20,0.526316,317100,OK
2026-06-03,5721,エスクリプトエナジー,スタンダード（内国株式）,非鉄金属,66,70,65,69,1,1.470588,1244400,OK
2026-06-03,5724,アサカ理研,スタンダード（内国株式）,非鉄金属,2570,2619,2535,2576,-19,-0.732177,38900,OK
2026-06-03,5726,大阪チタニウムテクノロジーズ,プライム（内国株式）,非鉄金属,2730,2908,2688,2828,164,6.156156,714600,OK
2026-06-03,5729,日本精鉱,スタンダード（内国株式）,非鉄金属,1550,1565,1521,1533,-1,-0.065189,29100,OK
2026-06-03,5741,ＵＡＣＪ,プライム（内国株式）,非鉄金属,3320,3460,3290,3375,105,3.211009,600400,OK
2026-06-03,5742,エヌアイシ・オートテック,スタンダード（内国株式）,非鉄金属,682,691,682,691,10,1.468429,2000,OK
2026-06-03,574A,ＬＡＳＳＩＣ,TOKYO PRO MARKET（内国株式）,情報･通信業,,,,,,,,NO_QUOTE
2026-06-03,5753,日本伸銅,スタンダード（内国株式）,非鉄金属,2308,2328,2308,2308,-11,-0.474342,1100,OK
2026-06-03,5757,ＣＫサンエツ,プライム（内国株式）,非鉄金属,4690,4840,4690,4795,35,0.735294,5800,OK
2026-06-03,575A,前澤ホールディングス,プライム（内国株式）,機械,1558,1558,1442,1524,-76,-4.75,284200,OK
2026-06-03,5801,古河電気工業,プライム（内国株式）,非鉄金属,55000,56120,52720,53100,2190,4.301709,4785700,OK
2026-06-03,5802,住友電気工業,プライム（内国株式）,非鉄金属,14815,14850,13725,13965,950,7.29927,6861400,OK
2026-06-03,5803,フジクラ,プライム（内国株式）,非鉄金属,4854,5163,4745,5001,427,9.335374,82340200,OK
2026-06-03,5805,ＳＷＣＣ,プライム（内国株式）,非鉄金属,16300,16570,15630,15840,120,0.763359,535100,OK
2026-06-03,5816,オーナンバ,スタンダード（内国株式）,非鉄金属,1818,1863,1794,1850,38,2.09713,17400,OK
2026-06-03,5817,ＪＭＡＣＳ,スタンダード（内国株式）,非鉄金属,976,995,962,979,28,2.944269,98600,OK
2026-06-03,5819,カナレ電気,スタンダード（内国株式）,非鉄金属,1757,1758,1737,1737,10,0.579039,4900,OK
2026-06-03,5820,三ッ星,スタンダード（内国株式）,非鉄金属,690,697,685,691,1,0.144928,14300,OK
2026-06-03,5821,平河ヒューテック,プライム（内国株式）,非鉄金属,3975,3975,3775,3830,-65,-1.668806,93400,OK
2026-06-03,5830,いよぎんホールディングス,プライム（内国株式）,銀行業,3003,3025,2954.5,2993.5,12.5,0.419322,556100,OK
2026-06-03,5831,しずおかフィナンシャルグループ,プライム（内国株式）,銀行業,2825,2857,2786,2835,36.5,1.30427,2034600,OK
2026-06-03,5832,ちゅうぎんフィナンシャルグループ,プライム（内国株式）,銀行業,2932.5,2958.5,2880,2907,-6,-0.205973,361700,OK
2026-06-03,5834,ＳＢＩリーシングサービス,グロース（内国株式）,証券･商品先物取引業,2210,2245,2185,2222,10,0.45208,111500,OK
2026-06-03,5838,楽天銀行,プライム（内国株式）,銀行業,4501,4965,4500,4899,337,7.387111,3226800,OK
2026-06-03,5840,日本総険,TOKYO PRO MARKET（内国株式）,保険業,,,,,,,,NO_QUOTE
2026-06-03,5842,インテグラル,グロース（内国株式）,証券･商品先物取引業,3280,3350,3270,3350,0,0,53500,OK
2026-06-03,5843,ニッポンインシュア,スタンダード（内国株式）,その他金融業,2125,2190,2091,2115,-25,-1.168224,31700,OK
2026-06-03,5844,京都フィナンシャルグループ,プライム（内国株式）,銀行業,4384,4396,4271,4347,-26,-0.594558,964800,OK
2026-06-03,5845,全保連,スタンダード（内国株式）,その他金融業,978,987,968,987,9,0.920245,28900,OK
2026-06-03,5851,リョービ,プライム（内国株式）,非鉄金属,2629,2683,2615,2673,63,2.413793,127700,OK
2026-06-03,5852,アーレスティ,プライム（内国株式）,非鉄金属,704,710,682,706,9,1.291248,186400,OK
2026-06-03,5856,エルアイイーエイチ,スタンダード（内国株式）,小売業,7,8,7,8,2,33.333333,2942300,OK
2026-06-03,5857,ＡＲＥホールディングス,プライム（内国株式）,非鉄金属,3255,3305,3230,3300,35,1.071975,503100,OK
2026-06-03,5858,ＳＴＧ,グロース（内国株式）,非鉄金属,1045,1092,1045,1086,44,4.222649,20700,OK
2026-06-03,5866,ＷｉｚＢｉｚ,TOKYO PRO MARKET（内国株式）,サービス業,,,,,,,,NO_QUOTE
2026-06-03,5867,エスネットワークス,グロース（内国株式）,サービス業,1149,1150,1149,1150,1,0.087032,2000,OK
2026-06-03,5868,ロココ,スタンダード（内国株式）,サービス業,925,936,924,927,-9,-0.961538,2500,OK
2026-06-03,5869,早稲田学習研究会,スタンダード（内国株式）,サービス業,1214,1221,1204,1205,-9,-0.741351,24500,OK
2026-06-03,5870,ナルネットコミュニケーションズ,グロース（内国株式）,サービス業,755,773,750,772,16,2.116402,34000,OK
2026-06-03,5871,ＳＯＬＩＺＥ　Ｈｏｌｄｉｎｇｓ,スタンダード（内国株式）,サービス業,1320,1348,1320,1320,-2,-0.151286,2900,OK
2026-06-03,5884,クラダシ,グロース（内国株式）,小売業,560,575,560,565,-4,-0.702988,27200,OK
2026-06-03,5885,ジーデップ・アドバンス,スタンダード（内国株式）,卸売業,2880,2916,2833,2859,29,1.024735,48000,OK
2026-06-03,5886,ＯＯＫＡＢＥ　ＧＬＡＳＳ,TOKYO PRO MARKET（内国株式）,卸売業,,,,,,,,NO_QUOTE
2026-06-03,5887,光響,TOKYO PRO MARKET（内国株式）,卸売業,,,,,,,,NO_QUOTE
2026-06-03,5888,ＤＡＩＷＡ　ＣＹＣＬＥ,グロース（内国株式）,小売業,2733,2756,2703,2745,-7,-0.25436,9700,OK
2026-06-03,5889,Ｊａｐａｎ　Ｅｙｅｗｅａｒ　Ｈｏｌｄｉｎｇｓ,プライム（内国株式）,小売業,2060,2076,1983,1991,-99,-4.736842,190900,OK
2026-06-03,5890,オフィスバスターズ,TOKYO PRO MARKET（内国株式）,小売業,,,,,,,,NO_QUOTE
2026-06-03,5891,魁力屋,スタンダード（内国株式）,小売業,1555,1576,1555,1569,14,0.900322,8200,OK
2026-06-03,5892,ｙｕｔｏｒｉ,グロース（内国株式）,小売業,2108,2156,2081,2141,10,0.469263,55700,OK
2026-06-03,5893,ＲＡＶＩＰＡ,TOKYO PRO MARKET（内国株式）,小売業,,,,,,,,NO_QUOTE
2026-06-03,5900,ダイケン,スタンダード（内国株式）,金属製品,820,826,818,826,6,0.731707,600,OK
2026-06-03,5901,東洋製罐グループホールディングス,プライム（内国株式）,金属製品,3778,3912,3750,3872,94,2.488089,313100,OK
2026-06-03,5902,ホッカンホールディングス,プライム（内国株式）,金属製品,2200,2258,2200,2253,55,2.502275,15700,OK
2026-06-03,5903,シンポ,スタンダード（内国株式）,金属製品,1697,1698,1697,1697,-1,-0.058893,8600,OK
2026-06-03,5905,日本製罐,スタンダード（内国株式）,金属製品,1335,1337,1335,1336,0,0,1600,OK
2026-06-03,5906,エムケー精工,スタンダード（内国株式）,金属製品,777,794,777,782,0,0,13900,OK
2026-06-03,5909,コロナ,スタンダード（内国株式）,金属製品,902,918,901,909,7,0.776053,9800,OK
2026-06-03,5911,横河ブリッジホールディングス,プライム（内国株式）,金属製品,2734,2767,2720,2759,31,1.136364,111900,OK
2026-06-03,5915,駒井ハルテック,スタンダード（内国株式）,金属製品,2173,2189,2146,2163,-25,-1.142596,25700,OK
2026-06-03,5918,瀧上工業,スタンダード（内国株式）,金属製品,,,,,,,,NO_QUOTE
2026-06-03,5921,川岸工業,スタンダード（内国株式）,金属製品,4100,4115,4095,4100,-10,-0.243309,1500,OK
2026-06-03,5922,那須電機鉄工,スタンダード（内国株式）,金属製品,18000,18170,18000,18030,30,0.166667,800,OK
2026-06-03,5923,高田機工,スタンダード（内国株式）,金属製品,1073,1080,1073,1080,7,0.652377,7700,OK
2026-06-03,5928,アルメタックス,スタンダード（内国株式）,金属製品,278,283,278,283,4,1.433692,1200,OK
2026-06-03,5929,三和ホールディングス,プライム（内国株式）,金属製品,3384,3425,3306,3425,88,2.637099,872800,OK
2026-06-03,5930,文化シヤッター,プライム（内国株式）,金属製品,1815,1841,1800,1838,23,1.267218,76800,OK
2026-06-03,5932,三協立山,プライム（内国株式）,金属製品,602,619,600,613,8,1.322314,93700,OK
2026-06-03,5933,アルインコ,プライム（内国株式）,金属製品,1008,1020,1005,1017,9,0.892857,30800,OK
2026-06-03,5936,東洋シヤッター,スタンダード（内国株式）,金属製品,880,887,877,882,-4,-0.451467,8900,OK
2026-06-03,5938,ＬＩＸＩＬ,プライム（内国株式）,金属製品,1688,1706.5,1677.5,1706.5,32.5,1.941458,1888000,OK
2026-06-03,5939,大谷工業,スタンダード（内国株式）,金属製品,4900,4900,4885,4900,0,0,400,OK
2026-06-03,5940,不二サッシ,スタンダード（内国株式）,金属製品,697,703,692,700,7,1.010101,30600,OK
2026-06-03,5941,中西製作所,スタンダード（内国株式）,金属製品,2500,2501,2499,2501,0,0,1600,OK
2026-06-03,5942,日本フイルコン,スタンダード（内国株式）,金属製品,550,570,550,562,13,2.367942,125900,OK
2026-06-03,5943,ノーリツ,プライム（内国株式）,金属製品,2168,2220,2167,2206,49,2.271674,69800,OK
2026-06-03,5945,天龍製鋸,スタンダード（内国株式）,金属製品,2480,2512,2480,2511,-4,-0.159046,2000,OK
2026-06-03,5946,長府製作所,プライム（内国株式）,金属製品,1951,1991,1950,1986,35,1.793952,49200,OK
2026-06-03,5947,リンナイ,プライム（内国株式）,金属製品,3342,3392,3326,3392,50,1.49611,389200,OK
2026-06-03,5949,ユニプレス,プライム（内国株式）,輸送用機器,1277,1293,1261,1270,5,0.395257,189300,OK
2026-06-03,5950,日本パワーファスニング,スタンダード（内国株式）,金属製品,154,160,147,151,-7,-4.43038,234700,OK
2026-06-03,5951,ダイニチ工業,スタンダード（内国株式）,金属製品,921,946,921,942,7,0.748663,13500,OK
2026-06-03,5952,アマテイ,スタンダード（内国株式）,金属製品,184,188,174,180,-3,-1.639344,142000,OK
2026-06-03,5955,ワイズホールディングス,スタンダード（内国株式）,金属製品,82,84,81,84,2,2.439024,1060300,OK
2026-06-03,5956,トーソー,スタンダード（内国株式）,金属製品,558,564,557,559,2,0.359066,3100,OK
2026-06-03,5957,日東精工,プライム（内国株式）,金属製品,763,763,746,756,4,0.531915,147400,OK
2026-06-03,5958,三洋工業,スタンダード（内国株式）,金属製品,4115,4215,4095,4135,-10,-0.241255,24100,OK
2026-06-03,5959,岡部,プライム（内国株式）,金属製品,891,900,888,893,7,0.790068,95700,OK
2026-06-03,5962,浅香工業,スタンダード（内国株式）,その他製品,1651,1691,1610,1610,-65,-3.880597,1900,OK
2026-06-03,5965,フジマック,スタンダード（内国株式）,金属製品,1126,1146,1126,1133,7,0.62167,5700,OK
2026-06-03,5966,京都機械工具,スタンダード（内国株式）,金属製品,,,,,,,,NO_QUOTE
2026-06-03,5967,ＴＯＮＥ,スタンダード（内国株式）,金属製品,459,460,446,451,1,0.222222,13700,OK
2026-06-03,5969,ロブテックス,スタンダード（内国株式）,金属製品,1204,1204,1204,1204,3,0.249792,100,OK
2026-06-03,5970,ジーテクト,プライム（内国株式）,金属製品,2135,2178,2121,2160,34,1.599247,109000,OK
2026-06-03,5971,共和工業所,スタンダード（内国株式）,金属製品,6930,6930,6740,6850,-80,-1.154401,800,OK
2026-06-03,5973,トーアミ,スタンダード（内国株式）,金属製品,615,615,610,610,-3,-0.489396,300,OK
2026-06-03,5974,中国工業,スタンダード（内国株式）,金属製品,750,765,749,763,8,1.059603,2400,OK
2026-06-03,5975,東プレ,プライム（内国株式）,金属製品,2624,2730,2619,2717,109,4.179448,135400,OK
2026-06-03,5976,高周波熱錬,プライム（内国株式）,金属製品,1262,1284,1261,1277,16,1.268834,79100,OK
2026-06-03,5981,東京製綱,プライム（内国株式）,金属製品,1870,1942,1856,1883,35,1.893939,153200,OK
2026-06-03,5982,マルゼン,スタンダード（内国株式）,金属製品,3465,3535,3460,3460,-5,-0.1443,2700,OK
2026-06-03,5983,イワブチ,スタンダード（内国株式）,金属製品,13500,13660,13280,13660,160,1.185185,2200,OK
2026-06-03,5984,兼房,スタンダード（内国株式）,金属製品,721,745,721,730,6,0.828729,9300,OK
2026-06-03,5985,サンコール,スタンダード（内国株式）,金属製品,1696,1832,1655,1733,146,9.199748,1297200,OK
2026-06-03,5986,モリテック　スチール,スタンダード（内国株式）,金属製品,230,236,230,236,4,1.724138,27800,OK
2026-06-03,5987,オーネックス,スタンダード（内国株式）,金属製品,,,,,,,,NO_QUOTE
2026-06-03,5988,パイオラックス,プライム（内国株式）,金属製品,1512,1558,1507,1541,36,2.392027,138500,OK
2026-06-03,5989,エイチワン,プライム（内国株式）,金属製品,1630,1650,1590,1590,-29,-1.791229,142100,OK
2026-06-03,5990,スーパーツール,スタンダード（内国株式）,金属製品,1942,1968,1942,1968,18,0.923077,500,OK
2026-06-03,5991,日本発條,プライム（内国株式）,金属製品,3940,4034,3812,3930,340,9.470752,1219800,OK
2026-06-03,5992,中央発條,スタンダード（内国株式）,金属製品,4050,4080,3810,3810,-245,-6.041924,32400,OK
2026-06-03,5994,ファインシンター,スタンダード（内国株式）,金属製品,1012,1029,1000,1015,0,0,5800,OK
2026-06-03,5997,協立エアテック,スタンダード（内国株式）,金属製品,800,800,796,796,-1,-0.125471,2200,OK
2026-06-03,5998,アドバネクス,スタンダード（内国株式）,金属製品,3100,3100,2945,3060,-40,-1.290323,22600,OK
2026-06-03,6005,三浦工業,プライム（内国株式）,機械,3184,3197,3100,3100,-57,-1.805512,456000,OK
2026-06-03,6013,タクマ,プライム（内国株式）,機械,3345,3370,3290,3330,35,1.062215,240300,OK
2026-06-03,6016,ジャパンエンジンコーポレーション,スタンダード（内国株式）,輸送用機器,7920,8210,7800,7990,-20,-0.249688,111700,OK
2026-06-03,6018,阪神内燃機工業,スタンダード（内国株式）,輸送用機器,5810,5910,5810,5820,20,0.344828,400,OK
2026-06-03,6022,赤阪鐵工所,スタンダード（内国株式）,機械,2408,2487,2408,2430,-5,-0.205339,1500,OK
2026-06-03,6023,ダイハツインフィニアース,スタンダード（内国株式）,輸送用機器,2615,2836,2610,2718,84,3.189066,589900,OK
2026-06-03,6027,弁護士ドットコム,プライム（内国株式）,サービス業,2285,2295,2235,2275,-34,-1.472499,114200,OK
2026-06-03,6029,アトラグループ,スタンダード（内国株式）,サービス業,199,205,198,199,-1,-0.5,28300,OK
2026-06-03,6030,アドベンチャー,グロース（内国株式）,サービス業,1300,1300,1240,1259,-27,-2.099533,16000,OK
2026-06-03,6031,ＺＥＴＡ,グロース（内国株式）,サービス業,264,281,260,264,-13,-4.693141,164700,OK
2026-06-03,6033,エクストリーム,グロース（内国株式）,サービス業,1378,1378,1368,1377,-1,-0.072569,3800,OK
2026-06-03,6034,ＭＲＴ,グロース（内国株式）,サービス業,613,624,612,613,0,0,2500,OK
2026-06-03,6035,アイ・アールジャパンホールディングス,スタンダード（内国株式）,サービス業,723,725,710,711,-15,-2.066116,21400,OK
2026-06-03,6036,ＫｅｅＰｅｒ技研,プライム（内国株式）,サービス業,2737,2760,2715,2724,-20,-0.728863,157600,OK
2026-06-03,6037,楽待,スタンダード（内国株式）,サービス業,980,981,954,967,-13,-1.326531,45400,OK
2026-06-03,6038,イード,グロース（内国株式）,サービス業,913,913,905,909,1,0.110132,8200,OK
2026-06-03,6039,日本動物高度医療センター,グロース（内国株式）,サービス業,938,956,922,938,-10,-1.054852,106200,OK
2026-06-03,6040,日本スキー場開発,グロース（内国株式）,サービス業,465,466,456,464,-4,-0.854701,56900,OK
2026-06-03,6042,ニッキ,スタンダード（内国株式）,輸送用機器,4190,4200,4130,4160,-100,-2.347418,700,OK
2026-06-03,6044,三機サービス,スタンダード（内国株式）,サービス業,1549,1549,1476,1476,-59,-3.843648,44900,OK
2026-06-03,6045,レントラックス,グロース（内国株式）,サービス業,1408,1410,1401,1401,-11,-0.779037,17900,OK
2026-06-03,6046,リンクバル,スタンダード（内国株式）,サービス業,117,118,113,114,-3,-2.564103,62200,OK
2026-06-03,6047,Ｇｕｎｏｓｙ,スタンダード（内国株式）,サービス業,463,463,447,450,-17,-3.640257,400000,OK
2026-06-03,6049,イトクロ,グロース（内国株式）,サービス業,246,252,241,252,-1,-0.395257,20100,OK
2026-06-03,6050,イー・ガーディアン,プライム（内国株式）,サービス業,1615,1621,1608,1611,-7,-0.432633,14500,OK
2026-06-03,6054,リブセンス,スタンダード（内国株式）,サービス業,110,112,110,112,1,0.900901,35400,OK
2026-06-03,6055,ジャパンマテリアル,プライム（内国株式）,サービス業,2118,2165,2039,2117,110,5.480817,1079200,OK
2026-06-03,6058,ベクトル,プライム（内国株式）,サービス業,1459,1459,1413,1422,-44,-3.001364,323900,OK
2026-06-03,6059,ウチヤマホールディングス,スタンダード（内国株式）,サービス業,345,346,344,344,-1,-0.289855,2000,OK
2026-06-03,6061,ユニバーサル園芸社,スタンダード（内国株式）,サービス業,2731,2847,2731,2751,6,0.218579,5200,OK
2026-06-03,6062,チャーム・ケア・コーポレーション,プライム（内国株式）,サービス業,1328,1328,1293,1304,-11,-0.836502,134000,OK
2026-06-03,6063,日本エマージェンシーアシスタンス,スタンダード（内国株式）,サービス業,850,850,835,850,0,0,600,OK
2026-06-03,6069,トレンダーズ,グロース（内国株式）,サービス業,611,620,603,612,-3,-0.487805,49700,OK
2026-06-03,6070,キャリアリンク,プライム（内国株式）,サービス業,2112,2120,2086,2116,2,0.094607,41500,OK
2026-06-03,6071,ＩＢＪ,プライム（内国株式）,サービス業,816,816,799,800,-20,-2.439024,175900,OK
2026-06-03,6072,地盤ネットホールディングス,スタンダード（内国株式）,サービス業,1720,1958,1602,1874,274,17.125,10327200,OK
2026-06-03,6073,アサンテ,プライム（内国株式）,サービス業,1312,1339,1311,1330,20,1.526718,32400,OK
2026-06-03,6074,ジェイエスエス,スタンダード（内国株式）,サービス業,489,495,486,488,-9,-1.810865,16400,OK
2026-06-03,6078,バリューＨＲ,プライム（内国株式）,サービス業,1350,1370,1341,1358,8,0.592593,14700,OK
2026-06-03,6080,Ｍ＆Ａキャピタルパートナーズ,プライム（内国株式）,サービス業,3265,3315,3260,3305,-20,-0.601504,77600,OK
2026-06-03,6081,アライドアーキテクツ,グロース（内国株式）,サービス業,197,197,190,191,-6,-3.045685,104900,OK
2026-06-03,6082,ライドオンエクスプレスホールディングス,スタンダード（内国株式）,サービス業,970,973,967,967,-3,-0.309278,14900,OK
2026-06-03,6083,ＥＲＩホールディングス,スタンダード（内国株式）,サービス業,1255,1305,1250,1303,38,3.003953,56100,OK
2026-06-03,6085,アーキテクツ・スタジオ・ジャパン,グロース（内国株式）,サービス業,274,275,224,248,-34,-12.056738,6303200,OK
2026-06-03,6086,シンメンテホールディングス,グロース（内国株式）,サービス業,1097,1097,1041,1054,-26,-2.407407,19300,OK
2026-06-03,6087,アビスト,スタンダード（内国株式）,サービス業,3385,3395,3385,3395,5,0.147493,1200,OK
2026-06-03,6088,シグマクシス・ホールディングス,プライム（内国株式）,サービス業,519,532,513,526,-3,-0.567108,1298400,OK
2026-06-03,6089,ウィルグループ,プライム（内国株式）,サービス業,1003,1019,990,1019,19,1.9,68000,OK
2026-06-03,6090,ヒューマン・メタボローム・テクノロジーズ,スタンダード（内国株式）,サービス業,644,644,622,623,-21,-3.26087,18300,OK
2026-06-03,6091,ウエスコホールディングス,スタンダード（内国株式）,サービス業,820,820,811,819,-4,-0.486027,5100,OK
2026-06-03,6092,エンバイオ・ホールディングス,スタンダード（内国株式）,サービス業,725,744,703,737,16,2.21914,71800,OK
2026-06-03,6093,エスクロー・エージェント・ジャパン,スタンダード（内国株式）,サービス業,152,156,151,154,4,2.666667,127000,OK
2026-06-03,6094,フリークアウト・ホールディングス,グロース（内国株式）,サービス業,612,633,603,615,-1,-0.162338,49300,OK
2026-06-03,6096,レアジョブ,スタンダード（内国株式）,サービス業,360,364,355,364,4,1.111111,12700,OK
2026-06-03,6098,リクルートホールディングス,プライム（内国株式）,サービス業,10930,11015,10540,10920,75,0.691563,4746500,OK
2026-06-03,6099,エラン,プライム（内国株式）,サービス業,674,680,663,676,2,0.296736,75900,OK
2026-06-03,6101,ツガミ,プライム（内国株式）,機械,6720,6790,6360,6500,-60,-0.914634,348100,OK
2026-06-03,6103,オークマ,プライム（内国株式）,機械,3955,4090,3925,4010,90,2.295918,505400,OK
2026-06-03,6104,芝浦機械,プライム（内国株式）,機械,4065,4150,4050,4130,65,1.599016,197400,OK
2026-06-03,6113,アマダ,プライム（内国株式）,機械,2936,2993.5,2892,2977,91,3.153153,2401600,OK
2026-06-03,6118,アイダエンジニアリング,プライム（内国株式）,機械,1079,1101,1068,1100,20,1.851852,184500,OK
2026-06-03,6125,岡本工作機械製作所,スタンダード（内国株式）,機械,5400,5480,5270,5300,-70,-1.303538,41600,OK
2026-06-03,6134,ＦＵＪＩ,プライム（内国株式）,機械,8065,8205,7788,7835,-97,-1.222895,933300,OK
2026-06-03,6135,牧野フライス製作所,プライム（内国株式）,機械,13800,14080,13530,13990,240,1.745455,141400,OK
2026-06-03,6136,オーエスジー,プライム（内国株式）,機械,3400,3492,3391,3483,127,3.784267,444300,OK
2026-06-03,6137,小池酸素工業,スタンダード（内国株式）,機械,1558,1567,1501,1505,-66,-4.201146,35800,OK
2026-06-03,6138,ダイジェット工業,スタンダード（内国株式）,機械,1115,1159,1100,1150,20,1.769912,18300,OK
2026-06-03,6140,旭ダイヤモンド工業,プライム（内国株式）,機械,1319,1346,1310,1318,-5,-0.377929,558100,OK
2026-06-03,6141,ＤＭＧ森精機,プライム（内国株式）,機械,3398,3523,3343,3437,109,3.27524,1463900,OK
2026-06-03,6143,ソディック,プライム（内国株式）,機械,1925,1961,1860,1925,41,2.176221,561400,OK
2026-06-03,6144,西部電機,スタンダード（内国株式）,機械,2665,2690,2641,2654,-26,-0.970149,2600,OK
2026-06-03,6145,ＮＩＴＴＯＫＵ,スタンダード（内国株式）,機械,3310,3405,3280,3325,30,0.91047,115800,OK
2026-06-03,6146,ディスコ,プライム（内国株式）,機械,65910,69970,65130,68710,4510,7.024922,1693800,OK
2026-06-03,6147,ヤマザキ,スタンダード（内国株式）,機械,170,171,165,169,1,0.595238,14500,OK
2026-06-03,6149,小田原エンジニアリング,スタンダード（内国株式）,機械,2042,2138,2042,2087,44,2.153696,30600,OK
2026-06-03,6150,タケダ機械,スタンダード（内国株式）,機械,2714,2718,2710,2715,2,0.073719,2900,OK
2026-06-03,6151,日東工器,プライム（内国株式）,機械,1582,1625,1575,1623,40,2.526848,23000,OK
2026-06-03,6155,高松機械工業,スタンダード（内国株式）,機械,484,484,475,479,-1,-0.208333,900,OK
2026-06-03,6156,エーワン精密,スタンダード（内国株式）,機械,1976,2010,1964,1984,14,0.71066,31000,OK
2026-06-03,6157,日進工具,スタンダード（内国株式）,機械,863,878,857,873,1,0.114679,35700,OK
2026-06-03,6158,和井田製作所,スタンダード（内国株式）,機械,979,994,952,966,-12,-1.226994,18500,OK
2026-06-03,6159,ミクロン精密,スタンダード（内国株式）,機械,1949,1960,1949,1960,10,0.512821,300,OK
2026-06-03,6161,エスティック,スタンダード（内国株式）,機械,1029,1035,1022,1032,4,0.389105,5900,OK
2026-06-03,6165,パンチ工業,スタンダード（内国株式）,機械,560,565,535,565,14,2.540835,502900,OK
2026-06-03,6166,中村超硬,グロース（内国株式）,機械,441,479,435,467,26,5.895692,267300,OK
2026-06-03,6167,冨士ダイス,プライム（内国株式）,機械,978,994,964,989,22,2.275078,88500,OK
2026-06-03,6168,ＯＮＥ　ＧＲＯＵＰ,TOKYO PRO MARKET（内国株式）,機械,,,,,,,,NO_QUOTE
2026-06-03,6171,土木管理総合試験所,スタンダード（内国株式）,サービス業,383,386,380,386,5,1.312336,15600,OK
2026-06-03,6174,デンタス,TOKYO PRO MARKET（内国株式）,サービス業,,,,,,,,NO_QUOTE
2026-06-03,6176,ブランジスタ,スタンダード（内国株式）,サービス業,908,908,885,899,-9,-0.991189,71200,OK
2026-06-03,6177,ＡｐｐＢａｎｋ,グロース（内国株式）,サービス業,83,85,81,84,2,2.439024,126600,OK
2026-06-03,6178,日本郵政,プライム（内国株式）,サービス業,2090,2125,2062.5,2125,51,2.459016,6170100,OK
2026-06-03,6180,ＧＭＯメディア,グロース（内国株式）,サービス業,3580,3595,3580,3595,15,0.418994,400,OK
2026-06-03,6181,タメニー,グロース（内国株式）,サービス業,74,74,73,74,0,0,43200,OK
2026-06-03,6182,メタリアル,グロース（内国株式）,サービス業,555,556,528,531,-22,-3.9783,125400,OK
2026-06-03,6183,ベルシステム２４ホールディングス,プライム（内国株式）,サービス業,1406,1412,1386,1405,-20,-1.403509,205500,OK
2026-06-03,6184,鎌倉新書,プライム（内国株式）,サービス業,453,453,445,451,-2,-0.441501,170900,OK
2026-06-03,6185,ＳＭＮ,スタンダード（内国株式）,サービス業,375,375,368,368,-7,-1.866667,25500,OK
2026-06-03,6186,一蔵,スタンダード（内国株式）,サービス業,373,377,373,376,2,0.534759,3200,OK
2026-06-03,6189,グローバルキッズＣＯＭＰＡＮＹ,スタンダード（内国株式）,サービス業,930,941,922,923,-4,-0.431499,17700,OK
2026-06-03,6190,フェニックスバイオ,グロース（内国株式）,サービス業,394,396,391,391,-5,-1.262626,4400,OK
2026-06-03,6191,エアトリ,プライム（内国株式）,サービス業,801,814,792,802,-2,-0.248756,156200,OK
2026-06-03,6193,バーチャレクス・ホールディングス,グロース（内国株式）,サービス業,965,1000,965,996,31,3.212435,7000,OK
2026-06-03,6194,アトラエ,プライム（内国株式）,サービス業,684,685,671,680,-9,-1.306241,72400,OK
2026-06-03,6195,ホープ,グロース（内国株式）,サービス業,214,220,213,217,3,1.401869,24900,OK
2026-06-03,6196,ストライクグループ,プライム（内国株式）,サービス業,1240,1241,1210,1210,-27,-2.1827,521800,OK
2026-06-03,6197,ソラスト,プライム（内国株式）,サービス業,1110,1111,1109,1111,2,0.180343,195900,OK
2026-06-03,6198,キャリア,グロース（内国株式）,サービス業,231,232,230,230,1,0.436681,3300,OK
2026-06-03,6199,セラク,スタンダード（内国株式）,情報･通信業,1202,1202,1156,1160,-42,-3.494176,38200,OK
2026-06-03,6200,インソース,プライム（内国株式）,サービス業,595,600,578,590,-10,-1.666667,606300,OK
2026-06-03,6203,豊和工業,スタンダード（内国株式）,機械,1887,1949,1820,1830,-97,-5.033731,2705900,OK
2026-06-03,6208,石川製作所,スタンダード（内国株式）,機械,1826,1837,1783,1800,-34,-1.853871,42300,OK
2026-06-03,6209,リケンＮＰＲ,プライム（内国株式）,機械,3920,3960,3885,3895,-35,-0.890585,128400,OK
2026-06-03,6217,津田駒工業,スタンダード（内国株式）,機械,1241,1247,1123,1146,-89,-7.206478,162200,OK
2026-06-03,6218,エンシュウ,スタンダード（内国株式）,機械,602,608,599,605,2,0.331675,6900,OK
2026-06-03,6222,島精機製作所,プライム（内国株式）,機械,914,927,902,907,5,0.554324,167900,OK
2026-06-03,6223,西部技研,スタンダード（内国株式）,機械,2180,2314,2145,2304,182,8.576814,87200,OK
2026-06-03,6224,ＪＲＣ,グロース（内国株式）,機械,1333,1339,1308,1308,-22,-1.654135,55600,OK
2026-06-03,6226,守谷輸送機工業,スタンダード（内国株式）,機械,2100,2107,2035,2057,-42,-2.000953,177900,OK
2026-06-03,6227,ＡＩメカテック,スタンダード（内国株式）,機械,6190,6410,5930,6070,-70,-1.140065,1304800,OK
2026-06-03,6228,ジェイ・イー・ティ,スタンダード（内国株式）,機械,648,738,648,738,100,15.673981,62500,OK
2026-06-03,6229,オーケーエム,スタンダード（内国株式）,機械,1510,1540,1505,1507,-1,-0.066313,14200,OK
2026-06-03,6230,ＳＡＮＥＩ,スタンダード（内国株式）,機械,2197,2197,2151,2197,35,1.618871,1100,OK
2026-06-03,6231,木村工機,スタンダード（内国株式）,機械,10870,10870,10500,10740,110,1.034807,9300,OK
2026-06-03,6232,ＡＣＳＬ,グロース（内国株式）,機械,2028,2085,1978,2018,30,1.509054,958900,OK
2026-06-03,6233,ＫＬＡＳＳ,スタンダード（内国株式）,機械,398,402,398,399,0,0,2100,OK
2026-06-03,6235,オプトラン,プライム（内国株式）,機械,3795,4290,3770,4160,500,13.661202,1519400,OK
2026-06-03,6237,イワキ,プライム（内国株式）,機械,3455,3500,3385,3420,25,0.736377,51300,OK
2026-06-03,6238,フリュー,プライム（内国株式）,機械,1313,1340,1313,1327,7,0.530303,106500,OK
2026-06-03,6239,ナガオカ,スタンダード（内国株式）,機械,1322,1329,1306,1306,3,0.230238,6900,OK
2026-06-03,6240,ヤマシンフィルタ,プライム（内国株式）,機械,523,535,520,526,8,1.544402,672400,OK
2026-06-03,6245,ヒラノテクシード,スタンダード（内国株式）,機械,2470,2555,2282,2408,-112,-4.444444,428600,OK
2026-06-03,6246,テクノスマート,スタンダード（内国株式）,機械,1856,1856,1805,1819,-46,-2.466488,12500,OK
2026-06-03,6247,日阪製作所,プライム（内国株式）,機械,1427,1465,1427,1450,17,1.186322,83400,OK
2026-06-03,6248,横田製作所,スタンダード（内国株式）,機械,1690,1719,1690,1693,2,0.118273,900,OK
2026-06-03,6249,ゲームカードホールディングス,スタンダード（内国株式）,機械,2303,2308,2241,2307,22,0.962801,18000,OK
2026-06-03,6250,やまびこ,プライム（内国株式）,機械,3635,3695,3500,3615,-90,-2.42915,102400,OK
2026-06-03,6254,野村マイクロ・サイエンス,プライム（内国株式）,機械,4400,4555,4245,4385,25,0.573394,1053800,OK
2026-06-03,6255,エヌ・ピー・シー,グロース（内国株式）,機械,821,832,808,809,-11,-1.341463,121100,OK
2026-06-03,6257,藤商事,スタンダード（内国株式）,機械,993,995,982,988,-5,-0.503525,27000,OK
2026-06-03,6258,平田機工,プライム（内国株式）,機械,2804,2888,2785,2834,69,2.495479,462400,OK
2026-06-03,6262,ＰＥＧＡＳＵＳ,スタンダード（内国株式）,機械,538,546,528,532,-8,-1.481481,120300,OK
2026-06-03,6264,マルマエ,プライム（内国株式）,機械,2110,2122,2035,2078,-19,-0.906056,660000,OK
2026-06-03,6265,コンバム,スタンダード（内国株式）,機械,3445,3475,3350,3400,5,0.147275,2500,OK
2026-06-03,6266,タツモ,プライム（内国株式）,機械,4070,4095,3865,3925,-85,-2.119701,236600,OK
2026-06-03,6267,ゼネラルパッカー,スタンダード（内国株式）,機械,3790,3790,3570,3570,-150,-4.032258,2000,OK
2026-06-03,6268,ナブテスコ,プライム（内国株式）,機械,5430,5606,5344,5502,53,0.972656,1214300,OK
2026-06-03,6269,三井海洋開発,プライム（内国株式）,機械,10110,10270,9808,10240,130,1.285856,814600,OK
2026-06-03,6272,レオン自動機,プライム（内国株式）,機械,1452,1466,1442,1456,9,0.621977,97800,OK
2026-06-03,6273,ＳＭＣ,プライム（内国株式）,機械,63890,66210,63890,64000,320,0.502513,331900,OK
2026-06-03,6276,シリウスビジョン,スタンダード（内国株式）,電気機器,293,301,291,291,-3,-1.020408,61200,OK
2026-06-03,6277,ホソカワミクロン,プライム（内国株式）,機械,5200,5380,5150,5350,200,3.883495,50400,OK
2026-06-03,6278,ユニオンツール,プライム（内国株式）,機械,23910,24100,22390,23360,-220,-0.932994,373700,OK
2026-06-03,6279,瑞光,プライム（内国株式）,機械,864,878,863,875,9,1.039261,19100,OK
2026-06-03,6282,オイレス工業,プライム（内国株式）,機械,2559,2623,2559,2620,68,2.664577,91100,OK
2026-06-03,6284,日精エー・エス・ビー機械,プライム（内国株式）,機械,9090,9120,8930,9000,0,0,21000,OK
2026-06-03,6286,靜甲,スタンダード（内国株式）,機械,1449,1455,1414,1450,0,0,5300,OK
2026-06-03,6287,サトー,プライム（内国株式）,機械,2260,2300,2225,2293,51,2.274755,112100,OK
2026-06-03,6289,技研製作所,プライム（内国株式）,機械,1750,1774,1736,1764,14,0.8,31600,OK
2026-06-03,6291,日本エアーテック,スタンダード（内国株式）,機械,1226,1252,1220,1243,20,1.635323,35800,OK
2026-06-03,6292,カワタ,スタンダード（内国株式）,機械,807,831,807,829,22,2.726146,14900,OK
2026-06-03,6294,オカダアイヨン,プライム（内国株式）,機械,1930,1948,1915,1944,19,0.987013,26300,OK
2026-06-03,6298,ワイエイシイホールディングス,プライム（内国株式）,機械,1436,1508,1370,1466,59,4.193319,1157300,OK
2026-06-03,6301,小松製作所,プライム（内国株式）,機械,6744,7165,6666,7112,568,8.679707,4668400,OK
2026-06-03,6302,住友重機械工業,プライム（内国株式）,機械,5088,5279,5035,5250,300,6.060606,832000,OK
2026-06-03,6305,日立建機,プライム（内国株式）,機械,5165,5415,5139,5385,291,5.712603,1194600,OK
2026-06-03,6306,日工,プライム（内国株式）,機械,842,859,840,858,16,1.900238,45200,OK
2026-06-03,6307,サンセイ,スタンダード（内国株式）,機械,435,456,430,453,16,3.661327,25100,OK
2026-06-03,6309,巴工業,プライム（内国株式）,機械,1653,1672,1647,1668,17,1.029679,84100,OK
2026-06-03,6310,井関農機,プライム（内国株式）,機械,1721,1756,1692,1741,21,1.22093,149200,OK
2026-06-03,6315,ＴＯＷＡ,プライム（内国株式）,機械,2933,3065,2825,3000,167,5.894811,5073200,OK
2026-06-03,6316,丸山製作所,スタンダード（内国株式）,機械,2472,2499,2469,2472,0,0,3600,OK
2026-06-03,6317,北川鉄工所,スタンダード（内国株式）,機械,1610,1661,1610,1659,32,1.96681,33300,OK
2026-06-03,6322,タクミナ,スタンダード（内国株式）,機械,1571,1600,1557,1580,4,0.253807,2800,OK
2026-06-03,6323,ローツェ,プライム（内国株式）,機械,4039,4314,3959,4216,381,9.934811,3050000,OK
2026-06-03,6324,ハーモニック・ドライブ・システムズ,プライム（内国株式）,機械,7400,7720,7110,7410,300,4.219409,1616200,OK
2026-06-03,6325,タカキタ,スタンダード（内国株式）,機械,401,401,398,399,0,0,7800,OK
2026-06-03,6326,クボタ,プライム（内国株式）,機械,2977.5,3005,2921,2965,33.5,1.14276,4448800,OK
2026-06-03,6327,北川精機,スタンダード（内国株式）,機械,4915,5580,4470,4520,-380,-7.755102,1186700,OK
2026-06-03,6328,荏原実業,プライム（内国株式）,機械,2272,2276,2247,2259,-17,-0.746924,47600,OK
2026-06-03,6330,東洋エンジニアリング,プライム（内国株式）,建設業,1890,2050,1864,2020,101,5.263158,1792600,OK
2026-06-03,6331,三菱化工機,プライム（内国株式）,機械,3455,3680,3425,3640,215,6.277372,498700,OK
2026-06-03,6332,月島ホールディングス,プライム（内国株式）,機械,2475,2491,2445,2486,11,0.444444,138600,OK
2026-06-03,6333,ＴＥＩＫＯＫＵ,プライム（内国株式）,機械,2850,2900,2832,2886,58,2.050919,18800,OK
2026-06-03,6334,明治機械,スタンダード（内国株式）,機械,455,455,440,450,2,0.446429,8000,OK
2026-06-03,6335,東京機械製作所,スタンダード（内国株式）,機械,610,614,592,595,-25,-4.032258,36400,OK
2026-06-03,6336,石井表記,スタンダード（内国株式）,機械,1268,1285,1231,1263,-35,-2.696456,111800,OK
2026-06-03,6337,テセック,スタンダード（内国株式）,機械,2552,2672,2531,2637,121,4.809221,54600,OK
2026-06-03,6338,タカトリ,スタンダード（内国株式）,機械,1776,1823,1776,1800,25,1.408451,34400,OK
2026-06-03,6339,新東工業,プライム（内国株式）,機械,1214,1228,1199,1200,-3,-0.249377,238900,OK
2026-06-03,6340,澁谷工業,プライム（内国株式）,機械,4100,4220,4100,4145,155,3.884712,78100,OK
2026-06-03,6342,太平製作所,スタンダード（内国株式）,機械,2798,2799,2783,2799,16,0.574919,700,OK
2026-06-03,6343,フリージア・マクロス,スタンダード（内国株式）,機械,134,137,132,136,2,1.492537,144100,OK
2026-06-03,6345,アイチ　コーポレーション,プライム（内国株式）,機械,1344,1360,1337,1352,13,0.970874,163700,OK
2026-06-03,6346,キクカワエンタープライズ,スタンダード（内国株式）,機械,,,,,,,,NO_QUOTE
2026-06-03,6347,プラコー,スタンダード（内国株式）,機械,253,256,244,245,-8,-3.162055,79600,OK
2026-06-03,6349,小森コーポレーション,プライム（内国株式）,機械,1442,1473,1431,1465,16,1.10421,175500,OK
2026-06-03,6351,鶴見製作所,プライム（内国株式）,機械,2052,2120,2051,2100,48,2.339181,51900,OK
2026-06-03,6356,日本ギア工業,スタンダード（内国株式）,機械,1477,1530,1448,1488,31,2.12766,178300,OK
2026-06-03,6357,三精テクノロジーズ,スタンダード（内国株式）,機械,2590,2612,2530,2562,-25,-0.96637,40800,OK
2026-06-03,6358,酒井重工業,プライム（内国株式）,機械,2060,2091,2060,2084,22,1.066925,12300,OK
2026-06-03,6360,東京自働機械製作所,スタンダード（内国株式）,機械,4205,4235,4160,4235,85,2.048193,1200,OK
2026-06-03,6361,荏原製作所,プライム（内国株式）,機械,5279,5782,5237,5626,269,5.021467,2891700,OK
2026-06-03,6363,酉島製作所,プライム（内国株式）,機械,2561,2629,2553,2587,21,0.818394,482600,OK
2026-06-03,6364,ＡＩＲＭＡＮ,プライム（内国株式）,機械,1630,1646,1604,1644,14,0.858896,39200,OK
2026-06-03,6365,電業社機械製作所,スタンダード（内国株式）,機械,5250,5530,5250,5320,-30,-0.560748,1900,OK
2026-06-03,6366,千代田化工建設,スタンダード（内国株式）,建設業,719,733,695,706,-16,-2.216066,4486900,OK
2026-06-03,6367,ダイキン工業,プライム（内国株式）,機械,23005,23935,22820,23795,1135,5.008826,1389000,OK
2026-06-03,6368,オルガノ,プライム（内国株式）,機械,15195,16000,15050,15640,445,2.928595,260400,OK
2026-06-03,6369,トーヨーカネツ,プライム（内国株式）,機械,2230,2245,2196,2231,23,1.041667,94000,OK
2026-06-03,6370,栗田工業,プライム（内国株式）,機械,8714,8981,8653,8856,366,4.310954,502500,OK
2026-06-03,6371,椿本チエイン,プライム（内国株式）,機械,2639,2667,2612,2646,43,1.65194,252200,OK
2026-06-03,6376,日機装,プライム（内国株式）,精密機器,3090,3200,3065,3140,15,0.48,524200,OK
2026-06-03,6378,木村化工機,スタンダード（内国株式）,機械,1135,1159,1118,1143,6,0.527704,224700,OK
2026-06-03,6379,レイズネクスト,プライム（内国株式）,建設業,2165,2177,2142,2171,11,0.509259,114700,OK
2026-06-03,6380,オリエンタルチエン工業,スタンダード（内国株式）,機械,4930,5020,4850,5020,85,1.722391,6300,OK
2026-06-03,6381,アネスト岩田,プライム（内国株式）,機械,1589,1618,1586,1606,20,1.261034,63600,OK
2026-06-03,6382,トリニティ工業,スタンダード（内国株式）,機械,1261,1273,1258,1258,-3,-0.237906,8400,OK
2026-06-03,6383,ダイフク,プライム（内国株式）,機械,7009,7242,6893,7076,148,2.136259,1697300,OK
2026-06-03,6384,昭和真空,スタンダード（内国株式）,機械,1671,1752,1647,1722,51,3.052065,39800,OK
2026-06-03,6387,サムコ,プライム（内国株式）,機械,12650,13400,12220,12380,330,2.738589,228700,OK
2026-06-03,6390,加藤製作所,プライム（内国株式）,機械,1204,1227,1189,1215,26,2.186712,94100,OK
2026-06-03,6391,加地テック,スタンダード（内国株式）,機械,4310,4465,4275,4370,65,1.509872,5300,OK
2026-06-03,6392,ヤマダコーポレーション,スタンダード（内国株式）,機械,7650,7800,7510,7800,0,0,700,OK
2026-06-03,6393,油研工業,スタンダード（内国株式）,機械,2823,2840,2817,2832,7,0.247788,3800,OK
2026-06-03,6395,タダノ,プライム（内国株式）,機械,1262,1295,1259,1284,46,3.71567,440200,OK
2026-06-03,6396,宇野澤組鐵工所,スタンダード（内国株式）,機械,,,,,,,,NO_QUOTE
2026-06-03,6400,不二精機,スタンダード（内国株式）,機械,268,268,261,263,-5,-1.865672,45600,OK
2026-06-03,6402,兼松エンジニアリング,スタンダード（内国株式）,機械,1347,1347,1325,1332,-18,-1.333333,29700,OK
2026-06-03,6403,水道機工,スタンダード（内国株式）,機械,4015,4020,4015,4015,0,0,2500,OK
2026-06-03,6405,鈴茂器工,スタンダード（内国株式）,機械,1005,1029,1004,1025,24,2.397602,36000,OK
2026-06-03,6407,ＣＫＤ,プライム（内国株式）,機械,6410,6630,6290,6480,150,2.369668,889900,OK
2026-06-03,6408,小倉クラッチ,スタンダード（内国株式）,機械,,,,,,,,NO_QUOTE
2026-06-03,6412,平和,プライム（内国株式）,機械,1984,2038,1969,2038,54,2.721774,689200,OK
2026-06-03,6413,理想科学工業,プライム（内国株式）,機械,982,1022,982,1019,37,3.767821,125400,OK
2026-06-03,6417,ＳＡＮＫＹＯ,プライム（内国株式）,機械,1578.5,1629.5,1573,1624,7,0.4329,1172300,OK
2026-06-03,6418,日本金銭機械,プライム（内国株式）,機械,936,952,929,943,4,0.425985,118400,OK
2026-06-03,6419,マースグループホールディングス,プライム（内国株式）,機械,2903,2940,2897,2922,16,0.550585,55200,OK
2026-06-03,6420,ガリレイ,プライム（内国株式）,機械,3315,3370,3310,3370,55,1.659125,46300,OK
2026-06-03,6424,高見沢サイバネティックス,スタンダード（内国株式）,機械,871,886,871,886,16,1.83908,3200,OK
2026-06-03,6425,ユニバーサルエンターテインメント,スタンダード（内国株式）,機械,695,716,691,692,2,0.289855,356700,OK
2026-06-03,6428,オーイズミ,スタンダード（内国株式）,機械,314,316,313,316,1,0.31746,13700,OK
2026-06-03,6430,ダイコク電機,プライム（内国株式）,機械,2114,2123,2078,2095,-8,-0.380409,74600,OK
2026-06-03,6432,竹内製作所,プライム（内国株式）,機械,6960,7170,6900,7100,240,3.498542,403400,OK
2026-06-03,6433,ヒーハイスト,スタンダード（内国株式）,機械,1220,1255,1140,1140,-80,-6.557377,306000,OK
2026-06-03,6436,アマノ,プライム（内国株式）,機械,3540,3543,3506,3533,1,0.028313,168400,OK
2026-06-03,6440,ＪＵＫＩ,プライム（内国株式）,機械,548,551,531,538,8,1.509434,365100,OK
2026-06-03,6444,サンデン,スタンダード（内国株式）,機械,156,158,154,156,0,0,70500,OK
2026-06-03,6445,ジャノメ,プライム（内国株式）,機械,1192,1208,1185,1198,0,0,33900,OK
2026-06-03,6448,ブラザー工業,プライム（内国株式）,電気機器,3809,3860,3777,3814,70,1.869658,784600,OK
2026-06-03,6454,マックス,プライム（内国株式）,機械,1620,1637,1606,1611,-9,-0.555556,217200,OK
2026-06-03,6455,モリタホールディングス,プライム（内国株式）,輸送用機器,2440,2444,2415,2434,12,0.495458,61400,OK
2026-06-03,6457,グローリー,プライム（内国株式）,機械,3967,4057,3961,4042,75,1.890597,254700,OK
2026-06-03,6458,新晃工業,プライム（内国株式）,機械,1213,1226,1206,1217,4,0.329761,193100,OK
2026-06-03,6459,大和冷機工業,プライム（内国株式）,機械,1675,1706,1660,1696,32,1.923077,60900,OK
2026-06-03,6460,セガサミーホールディングス,プライム（内国株式）,機械,2396.5,2429.5,2349,2360,-86.5,-3.535663,1298000,OK
2026-06-03,6463,ＴＰＲ,プライム（内国株式）,機械,1390,1429,1383,1422,36,2.597403,229600,OK
2026-06-03,6464,ツバキ・ナカシマ,プライム（内国株式）,機械,394,420,387,414,22,5.612245,1023400,OK
2026-06-03,6465,ホシザキ,プライム（内国株式）,機械,4991,5095,4970,5064,69,1.381381,426200,OK
2026-06-03,6466,ＴＶＥ,スタンダード（内国株式）,機械,3890,3910,3740,3790,-30,-0.78534,6600,OK
2026-06-03,6467,ニチダイ,スタンダード（内国株式）,機械,333,334,332,333,-2,-0.597015,6200,OK
2026-06-03,6469,放電精密加工研究所,スタンダード（内国株式）,機械,2600,2654,2600,2602,32,1.245136,47900,OK
2026-06-03,6470,大豊工業,スタンダード（内国株式）,機械,1130,1137,1120,1123,0,0,83400,OK
2026-06-03,6471,日本精工,プライム（内国株式）,機械,1188.5,1219,1172,1205,44,3.789836,1771700,OK
2026-06-03,6472,ＮＴＮ,プライム（内国株式）,機械,434.8,439.5,427,437.1,13.3,3.138273,2830900,OK
2026-06-03,6473,ジェイテクト,プライム（内国株式）,機械,2074,2130,2049,2103.5,79.5,3.927866,1407800,OK
2026-06-03,6474,不二越,プライム（内国株式）,機械,5720,5930,5640,5890,270,4.80427,107400,OK
2026-06-03,6479,ミネベアミツミ,プライム（内国株式）,電気機器,4809,4967,4766,4880,205,4.385027,3795400,OK
2026-06-03,6480,日本トムソン,プライム（内国株式）,機械,2100,2135,1975,1975,-109,-5.230326,1367500,OK
2026-06-03,6481,ＴＨＫ,プライム（内国株式）,機械,7680,8037,7559,7929,447,5.974338,1060100,OK
2026-06-03,6482,ＹＵＳＨＩＮ,スタンダード（内国株式）,機械,638,662,638,658,12,1.857585,62800,OK
2026-06-03,6484,ＫＶＫ,スタンダード（内国株式）,機械,2340,2344,2330,2330,-10,-0.42735,600,OK
2026-06-03,6485,前澤給装工業,スタンダード（内国株式）,機械,1381,1402,1374,1402,26,1.889535,19300,OK
2026-06-03,6486,イーグル工業,プライム（内国株式）,機械,2849,2935,2849,2904,62,2.181562,206000,OK
2026-06-03,6488,ヨシタケ,スタンダード（内国株式）,機械,932,939,923,931,0,0,3200,OK
2026-06-03,6490,ＰＩＬＬＡＲ,プライム（内国株式）,機械,9390,9690,9330,9400,10,0.106496,105700,OK
2026-06-03,6492,岡野バルブ製造,スタンダード（内国株式）,機械,16310,16590,15150,15260,-1050,-6.437768,34400,OK
2026-06-03,6493,ＮＩＴＴＡＮ,スタンダード（内国株式）,輸送用機器,472,487,468,483,16,3.426124,93300,OK
2026-06-03,6494,ＮＦＫホールディングス,スタンダード（内国株式）,機械,94,99,93,98,4,4.255319,639900,OK
2026-06-03,6495,宮入バルブ製作所,スタンダード（内国株式）,機械,139,148,137,146,7,5.035971,256300,OK
2026-06-03,6496,中北製作所,スタンダード（内国株式）,機械,4830,4830,4680,4720,-40,-0.840336,10900,OK
2026-06-03,6497,ハマイ,スタンダード（内国株式）,機械,1276,1347,1276,1346,59,4.584305,4700,OK
2026-06-03,6498,キッツ,プライム（内国株式）,機械,2366,2459,2270,2285,-49,-2.0994,611200,OK
2026-06-03,6501,日立製作所,プライム（内国株式）,電気機器,5139,5375,5129,5270,187,3.67893,15132500,OK
2026-06-03,6503,三菱電機,プライム（内国株式）,電気機器,6101,6177,6030,6085,84,1.399767,5455800,OK
2026-06-03,6504,富士電機,プライム（内国株式）,電気機器,14595,15035,14550,14750,55,0.374277,1329500,OK
2026-06-03,6505,東洋電機製造,スタンダード（内国株式）,電気機器,2052,2073,2001,2007,-59,-2.85576,50500,OK
2026-06-03,6506,安川電機,プライム（内国株式）,電気機器,6930,7228,6888,7152,530,8.003624,5348300,OK
2026-06-03,6507,シンフォニアテクノロジー,プライム（内国株式）,電気機器,14400,14490,13730,14010,-100,-0.708717,204200,OK
2026-06-03,6508,明電舎,プライム（内国株式）,電気機器,9650,9710,9320,9510,-120,-1.246106,381400,OK
2026-06-03,6513,オリジン,スタンダード（内国株式）,電気機器,1063,1078,1062,1068,5,0.470367,4300,OK
2026-06-03,6516,山洋電気,プライム（内国株式）,電気機器,6640,6770,6430,6700,100,1.515152,257900,OK
2026-06-03,6517,デンヨー,プライム（内国株式）,電気機器,3460,3540,3460,3540,135,3.964758,43700,OK
2026-06-03,6518,三相電機,スタンダード（内国株式）,電気機器,2304,2347,2210,2227,-77,-3.342014,10400,OK
2026-06-03,6521,オキサイド,グロース（内国株式）,電気機器,5260,5380,5040,5200,170,3.379722,453300,OK
2026-06-03,6522,アスタリスク,グロース（内国株式）,電気機器,799,849,776,812,16,2.01005,392400,OK
2026-06-03,6523,ＰＨＣホールディングス,プライム（内国株式）,電気機器,1079,1094,1064,1086,2,0.184502,244900,OK
2026-06-03,6524,湖北工業,スタンダード（内国株式）,電気機器,6200,6230,5880,5940,30,0.507614,237700,OK
2026-06-03,6525,ＫＯＫＵＳＡＩ　ＥＬＥＣＴＲＩＣ,プライム（内国株式）,電気機器,7730,8147,7700,7987,538,7.222446,5925100,OK
2026-06-03,6526,ソシオネクスト,プライム（内国株式）,電気機器,2994.5,3200,2957,3020,172,6.039326,16046900,OK
2026-06-03,6527,ワカ製作所,TOKYO PRO MARKET（内国株式）,電気機器,,,,,,,,NO_QUOTE
2026-06-03,6532,ベイカレント,プライム（内国株式）,サービス業,5848,5963,5718,5950,-55,-0.915903,1324000,OK
2026-06-03,6533,Ｏｒｃｈｅｓｔｒａ　Ｈｏｌｄｉｎｇｓ,プライム（内国株式）,サービス業,1001,1003,991,992,-10,-0.998004,4300,OK
2026-06-03,6535,アイモバイル,プライム（内国株式）,サービス業,474,475,445,474,0,0,486000,OK
2026-06-03,6537,ＷＡＳＨハウス,グロース（内国株式）,サービス業,324,332,324,332,4,1.219512,13500,OK
2026-06-03,6538,ディスラプターズ,スタンダード（内国株式）,サービス業,239,239,228,229,-8,-3.375527,48300,OK
2026-06-03,6539,ＭＳ−Ｊａｐａｎ,プライム（内国株式）,サービス業,925,926,918,921,0,0,46400,OK
2026-06-03,6540,船場,スタンダード（内国株式）,サービス業,1492,1492,1466,1470,-18,-1.209677,11200,OK
2026-06-03,6543,日宣,スタンダード（内国株式）,サービス業,1156,1156,1140,1141,-9,-0.782609,2800,OK
2026-06-03,6544,ジャパンエレベーターサービスホールディングス,プライム（内国株式）,サービス業,1700,1729.5,1679.5,1700,-32,-1.847575,1064300,OK
2026-06-03,6545,インターネットインフィニティー,グロース（内国株式）,サービス業,704,719,700,719,14,1.985816,5500,OK
2026-06-03,6546,フルテック,スタンダード（内国株式）,サービス業,1101,1101,1101,1101,0,0,100,OK
2026-06-03,6547,グリーンズ,スタンダード（内国株式）,サービス業,1982,2020,1942,2000,18,0.908174,112300,OK
2026-06-03,6548,旅工房,グロース（内国株式）,サービス業,110,111,107,108,-1,-0.917431,28900,OK
2026-06-03,6549,ディーエムソリューションズ,スタンダード（内国株式）,サービス業,2023,2038,2020,2038,-1,-0.049044,1700,OK
2026-06-03,6551,ツナググループ・ホールディングス,スタンダード（内国株式）,サービス業,535,543,521,537,-1,-0.185874,31700,OK
2026-06-03,6552,ＧａｍｅＷｉｔｈ,スタンダード（内国株式）,サービス業,196,200,190,198,3,1.538462,28800,OK
2026-06-03,6554,エスユーエス,グロース（内国株式）,サービス業,985,989,979,979,-6,-0.609137,18400,OK
2026-06-03,6555,ＭＳ＆Ｃｏｎｓｕｌｔｉｎｇ,スタンダード（内国株式）,サービス業,448,448,448,448,3,0.674157,100,OK
2026-06-03,6557,ＡＩＡＩグループ,グロース（内国株式）,サービス業,644,644,632,635,-9,-1.397516,40200,OK
2026-06-03,6558,クックビズ,グロース（内国株式）,サービス業,636,646,616,643,1,0.155763,2300,OK
2026-06-03,6560,エル・ティー・エス,プライム（内国株式）,サービス業,1646,1714,1641,1667,21,1.27582,9800,OK
2026-06-03,6561,ＨＡＮＡＴＯＵＲ　ＪＡＰＡＮ,グロース（内国株式）,サービス業,755,784,755,772,16,2.116402,22100,OK
2026-06-03,6562,ジーニー,グロース（内国株式）,サービス業,968,968,881,888,-91,-9.295199,182100,OK
2026-06-03,6563,みらいワークス,グロース（内国株式）,サービス業,493,498,483,489,-4,-0.811359,5200,OK
2026-06-03,6564,ミダックホールディングス,プライム（内国株式）,サービス業,2057,2070,1956,1985,-52,-2.552774,78600,OK
2026-06-03,6566,要興業,スタンダード（内国株式）,サービス業,1198,1229,1193,1214,-12,-0.978793,1700,OK
2026-06-03,6568,神戸天然物化学,グロース（内国株式）,サービス業,1246,1279,1223,1275,29,2.327448,5700,OK
2026-06-03,6570,共和コーポレーション,スタンダード（内国株式）,サービス業,1689,1689,1652,1652,-15,-0.89982,1500,OK
2026-06-03,6571,キュービーネットホールディングス,プライム（内国株式）,サービス業,1284,1286,1267,1268,-16,-1.246106,87900,OK
2026-06-03,6572,オープングループ,プライム（内国株式）,サービス業,211,212,206,208,-1,-0.478469,141200,OK
2026-06-03,6573,ＣＲＡＶＩＡ,グロース（内国株式）,サービス業,30,30,27,29,0,0,1235600,OK
2026-06-03,6574,コンヴァノ,グロース（内国株式）,サービス業,90,90,83,88,-2,-2.222222,1855500,OK
2026-06-03,6576,揚工舎,TOKYO PRO MARKET（内国株式）,サービス業,,,,,,,,NO_QUOTE
2026-06-03,6577,ベストワンドットコム,グロース（内国株式）,サービス業,1973,1974,1958,1960,-9,-0.457085,2200,OK
2026-06-03,6578,コレックホールディングス,スタンダード（内国株式）,サービス業,444,444,437,438,1,0.228833,3000,OK
2026-06-03,6579,ログリー,グロース（内国株式）,サービス業,356,381,331,345,-18,-4.958678,74500,OK
2026-06-03,6580,ライトアップ,グロース（内国株式）,サービス業,752,760,725,726,-29,-3.84106,49700,OK
2026-06-03,6584,三櫻工業,プライム（内国株式）,輸送用機器,984,1040,970,990,13,1.330604,1950600,OK
2026-06-03,6586,マキタ,プライム（内国株式）,機械,5363,5466,5306,5418,162,3.082192,790300,OK
2026-06-03,6588,東芝テック,プライム（内国株式）,電気機器,3190,3275,3180,3270,80,2.507837,99500,OK
2026-06-03,6590,芝浦メカトロニクス,プライム（内国株式）,電気機器,5020,5310,5000,5100,10,0.196464,1597200,OK
2026-06-03,6592,マブチモーター,プライム（内国株式）,電気機器,1512,1542,1504.5,1531.5,33.5,2.236315,1374200,OK
2026-06-03,6594,ニデック,プライム（内国株式）,電気機器,2835,2878,2785,2859,44,1.563055,6307300,OK
2026-06-03,6596,筑波精工,TOKYO PRO MARKET（内国株式）,電気機器,,,,,,,,NO_QUOTE
2026-06-03,6597,ＨＰＣシステムズ,グロース（内国株式）,電気機器,6400,6860,5570,6130,30,0.491803,983800,OK
2026-06-03,6599,エブレン,スタンダード（内国株式）,電気機器,3245,3290,3215,3245,0,0,2400,OK
2026-06-03,6612,バルミューダ,グロース（内国株式）,電気機器,568,568,563,563,-6,-1.054482,6700,OK
2026-06-03,6613,ＱＤレーザ,グロース（内国株式）,電気機器,2820,2835,2540,2600,-140,-5.109489,5276300,OK
2026-06-03,6614,シキノハイテック,スタンダード（内国株式）,電気機器,983,1000,967,990,18,1.851852,25200,OK
2026-06-03,6615,ユー・エム・シー・エレクトロニクス,プライム（内国株式）,電気機器,245,257,243,256,16,6.666667,160400,OK
2026-06-03,6616,トレックス・セミコンダクター,プライム（内国株式）,電気機器,2880,2954,2738,2807,-46,-1.612338,248800,OK
2026-06-03,6617,東光高岳,プライム（内国株式）,電気機器,8100,8150,7790,7860,-100,-1.256281,123200,OK
2026-06-03,6619,ダブル・スコープ,プライム（内国株式）,電気機器,305,318,302,309,8,2.657807,2500600,OK
2026-06-03,6620,宮越ホールディングス,プライム（内国株式）,不動産業,650,650,624,635,-5,-0.78125,83700,OK
2026-06-03,6622,ダイヘン,プライム（内国株式）,電気機器,15480,15870,15130,15700,420,2.748691,183800,OK
2026-06-03,6625,ＪＡＬＣＯホールディングス,スタンダード（内国株式）,不動産業,337,338,330,336,-1,-0.296736,209600,OK
2026-06-03,6626,ＳＥＭＩＴＥＣ,スタンダード（内国株式）,電気機器,2236,2236,2165,2216,-19,-0.850112,21300,OK
2026-06-03,6627,テラプローブ,スタンダード（内国株式）,電気機器,11170,11670,10850,10880,-100,-0.910747,79500,OK
2026-06-03,6629,テクノホライゾン,スタンダード（内国株式）,電気機器,1042,1051,1013,1016,-10,-0.974659,158800,OK
2026-06-03,6630,ヤーマン,プライム（内国株式）,電気機器,710,710,701,701,-11,-1.544944,52800,OK
2026-06-03,6632,ＪＶＣケンウッド,プライム（内国株式）,電気機器,1125,1251.5,1120,1240.5,103.5,9.102902,2078900,OK
2026-06-03,6633,ＣＧＳホールディングス,スタンダード（内国株式）,電気機器,336,353,327,350,13,3.857567,20500,OK
2026-06-03,6634,ＪＮグループ,スタンダード（内国株式）,電気機器,61,63,60,62,1,1.639344,99800,OK
2026-06-03,6635,大日光・エンジニアリング,スタンダード（内国株式）,電気機器,756,783,732,779,31,4.144385,117000,OK
2026-06-03,6637,寺崎電気産業,スタンダード（内国株式）,電気機器,3305,3305,3225,3285,15,0.458716,37000,OK
2026-06-03,6638,ミマキエンジニアリング,プライム（内国株式）,電気機器,1850,1863,1818,1829,0,0,75900,OK
2026-06-03,6643,戸上電機製作所,スタンダード（内国株式）,電気機器,5210,5250,5050,5190,60,1.169591,8300,OK
2026-06-03,6644,大崎電気工業,プライム（内国株式）,電気機器,1549,1572,1527,1565,19,1.228978,213900,OK
2026-06-03,6645,オムロン,プライム（内国株式）,電気機器,5933,6278,5930,6192,359,6.154637,1680500,OK
2026-06-03,6647,森尾電機,スタンダード（内国株式）,電気機器,2570,2570,2570,2570,0,0,200,OK
2026-06-03,6648,かわでん,スタンダード（内国株式）,電気機器,1685,1715,1671,1696,27,1.617735,30400,OK
2026-06-03,6651,日東工業,プライム（内国株式）,電気機器,4660,4715,4620,4680,20,0.429185,82700,OK
2026-06-03,6652,ＩＤＥＣ,プライム（内国株式）,電気機器,3300,3330,3270,3330,50,1.52439,86500,OK
2026-06-03,6653,正興電機製作所,プライム（内国株式）,電気機器,2200,2334,2175,2311,93,4.192967,201700,OK
2026-06-03,6654,不二電機工業,スタンダード（内国株式）,電気機器,1100,1100,1089,1090,-10,-0.909091,3800,OK
2026-06-03,6656,インスペック,スタンダード（内国株式）,電気機器,1067,1338,1013,1301,263,25.337187,1630000,OK
2026-06-03,6658,シライ電子工業,スタンダード（内国株式）,電気機器,453,461,448,459,14,3.146067,114900,OK
2026-06-03,6659,メディアリンクス,スタンダード（内国株式）,電気機器,78,80,72,77,-6,-7.228916,12958700,OK
2026-06-03,6662,ユビテック,スタンダード（内国株式）,電気機器,219,219,216,218,-1,-0.456621,5600,OK
2026-06-03,6663,太洋テクノレックス,スタンダード（内国株式）,電気機器,355,363,341,343,-4,-1.152738,160800,OK
2026-06-03,6664,オプトエレクトロニクス,スタンダード（内国株式）,電気機器,250,254,248,250,0,0,17900,OK
2026-06-03,6666,リバーエレテック,スタンダード（内国株式）,電気機器,1189,1265,1170,1188,80,7.220217,428400,OK
2026-06-03,6668,アドテック　プラズマ　テクノロジー,スタンダード（内国株式）,電気機器,3160,3160,2998,3060,-50,-1.607717,73600,OK
2026-06-03,6670,ＭＣＪ,スタンダード（内国株式）,電気機器,2181,2185,2181,2182,0,0,175400,OK
2026-06-03,6674,ジーエス・ユアサ　コーポレーション,プライム（内国株式）,電気機器,7202,7542,7031,7495,634,9.240635,1825100,OK
2026-06-03,6675,サクサ,スタンダード（内国株式）,電気機器,1904,1935,1877,1926,42,2.229299,29000,OK
2026-06-03,6676,バッファロー,スタンダード（内国株式）,電気機器,2350,2378,2335,2354,4,0.170213,71700,OK
2026-06-03,6677,エスケーエレクトロニクス,スタンダード（内国株式）,電気機器,3265,3350,3250,3345,120,3.72093,58100,OK
2026-06-03,6678,テクノメディカ,スタンダード（内国株式）,電気機器,1975,2058,1975,2037,38,1.90095,78700,OK
2026-06-03,6694,ズーム,スタンダード（内国株式）,電気機器,645,646,640,640,-4,-0.621118,2000,OK
2026-06-03,6695,キャストリコ,TOKYO PRO MARKET（内国株式）,電気機器,,,,,,,,NO_QUOTE
2026-06-03,6696,トラース・オン・プロダクト,グロース（内国株式）,電気機器,305,306,298,300,-4,-1.315789,84600,OK
2026-06-03,6699,ダイヤモンドエレクトリックホールディングス,スタンダード（内国株式）,電気機器,470,485,470,484,19,4.086022,194300,OK
2026-06-03,6701,日本電気,プライム（内国株式）,電気機器,4306,4314,4187,4273,-161,-3.631033,7730700,OK
2026-06-03,6702,富士通,プライム（内国株式）,電気機器,3653,3684,3519,3576,-125,-3.377466,10305800,OK
2026-06-03,6703,沖電気工業,プライム（内国株式）,電気機器,3485,3620,3465,3465,15,0.434783,594000,OK
2026-06-03,6706,電気興業,プライム（内国株式）,電気機器,3485,3545,3455,3510,35,1.007194,28000,OK
2026-06-03,6707,サンケン電気,プライム（内国株式）,電気機器,9057,9432,8974,9256,442,5.014749,215800,OK
2026-06-03,6718,アイホン,プライム（内国株式）,電気機器,2660,2705,2660,2705,48,1.806549,25800,OK
2026-06-03,6721,ウインテスト,スタンダード（内国株式）,電気機器,78,83,77,81,3,3.846154,652900,OK
2026-06-03,6723,ルネサスエレクトロニクス,プライム（内国株式）,電気機器,4840,4985,4746,4824,369,8.282828,22562300,OK
2026-06-03,6724,セイコーエプソン,プライム（内国株式）,電気機器,2983,3129,2969,3102,152,5.152542,2442100,OK
2026-06-03,6727,ワコム,プライム（内国株式）,電気機器,920,949,906,920,7,0.766703,914400,OK
2026-06-03,6728,アルバック,プライム（内国株式）,電気機器,9174,9370,9012,9185,272,3.051722,498200,OK
2026-06-03,6730,アクセル,スタンダード（内国株式）,電気機器,1125,1224,1125,1198,73,6.488889,90100,OK
2026-06-03,6731,ピクセラ,スタンダード（内国株式）,電気機器,138,142,136,140,-1,-0.70922,110500,OK
2026-06-03,6736,サン電子,スタンダード（内国株式）,電気機器,9250,9250,8920,8940,-160,-1.758242,16100,OK
2026-06-03,6737,ＥＩＺＯ,プライム（内国株式）,電気機器,2609,2680,2596,2653,77,2.98913,272400,OK
2026-06-03,6740,ジャパンディスプレイ,プライム（内国株式）,電気機器,52,56,51,55,-1,-1.785714,73229600,OK
2026-06-03,6741,日本信号,プライム（内国株式）,電気機器,1568,1569,1521,1543,-15,-0.962773,238800,OK
2026-06-03,6742,京三製作所,プライム（内国株式）,電気機器,782,786,769,771,14,1.849406,249200,OK
2026-06-03,6743,大同信号,スタンダード（内国株式）,電気機器,827,842,820,829,2,0.241838,19100,OK
2026-06-03,6744,能美防災,プライム（内国株式）,電気機器,4705,4725,4505,4540,-105,-2.260495,121700,OK
2026-06-03,6745,ホーチキ,プライム（内国株式）,電気機器,1952,1986,1911,1918,-2,-0.104167,307000,OK
2026-06-03,6748,星和電機,スタンダード（内国株式）,電気機器,714,729,709,709,-2,-0.281294,45100,OK
2026-06-03,6750,エレコム,プライム（内国株式）,電気機器,1686,1708,1685,1706,27,1.6081,180800,OK
2026-06-03,6752,パナソニック　ホールディングス,プライム（内国株式）,電気機器,3690,3994,3680,3916,321,8.929068,16005500,OK
2026-06-03,6753,シャープ,プライム（内国株式）,電気機器,651.6,673.8,650,668.5,16.6,2.546403,4830400,OK
2026-06-03,6754,アンリツ,プライム（内国株式）,電気機器,4654,4855,4619,4776,192,4.188482,1890400,OK
2026-06-03,6757,ＯＳＧコーポレーション,スタンダード（内国株式）,電気機器,821,833,818,828,-2,-0.240964,3200,OK
2026-06-03,6758,ソニーグループ,プライム（内国株式）,電気機器,3599,3658,3558,3619,-50,-1.362769,17219400,OK
2026-06-03,6762,ＴＤＫ,プライム（内国株式）,電気機器,3919,4068,3895,3950,101,2.624058,17825900,OK
2026-06-03,6763,帝国通信工業,プライム（内国株式）,電気機器,2999,3175,2943,3125,176,5.968125,22600,OK
2026-06-03,6768,タムラ製作所,プライム（内国株式）,電気機器,1079,1102,1052,1060,-7,-0.656045,961400,OK
2026-06-03,6769,ザインエレクトロニクス,スタンダード（内国株式）,電気機器,1200,1243,1173,1175,-25,-2.083333,131600,OK
2026-06-03,6770,アルプスアルパイン,プライム（内国株式）,電気機器,2050,2178,2049,2150,79,3.814582,2111000,OK
2026-06-03,6771,池上通信機,スタンダード（内国株式）,電気機器,633,641,628,641,8,1.263823,15100,OK
2026-06-03,6772,東京コスモス電機,スタンダード（内国株式）,電気機器,1118,1125,1106,1124,-24,-2.090592,1000,OK
2026-06-03,6775,ＴＢグループ,スタンダード（内国株式）,電気機器,130,134,129,131,2,1.550388,68600,OK
2026-06-03,6776,天昇電気工業,スタンダード（内国株式）,化学,258,260,255,260,0,0,11200,OK
2026-06-03,6777,ｓａｎｔｅｃ　Ｈｏｌｄｉｎｇｓ,スタンダード（内国株式）,電気機器,28450,28460,26120,26130,680,2.671906,276300,OK
2026-06-03,6778,アルチザネットワークス,スタンダード（内国株式）,電気機器,630,636,617,635,7,1.11465,13000,OK
2026-06-03,6779,日本電波工業,プライム（内国株式）,電気機器,3720,4185,3715,4185,700,20.086083,2718300,OK
2026-06-03,6785,鈴木,プライム（内国株式）,電気機器,3380,3430,3345,3365,15,0.447761,62800,OK
2026-06-03,6786,ＲＶＨ,スタンダード（内国株式）,サービス業,52,52,51,51,-1,-1.923077,25700,OK
2026-06-03,6787,メイコー,プライム（内国株式）,電気機器,39850,40550,37100,37100,-2100,-5.357143,370800,OK
2026-06-03,6788,日本トリム,プライム（内国株式）,電気機器,4310,4435,4275,4415,105,2.436195,12400,OK
2026-06-03,6794,フォスター電機,プライム（内国株式）,電気機器,2769,3010,2764,2973,217,7.87373,337700,OK
2026-06-03,6797,名古屋電機工業,スタンダード（内国株式）,電気機器,1167,1177,1156,1169,24,2.09607,8300,OK
2026-06-03,6798,ＳＭＫ,プライム（内国株式）,電気機器,3515,3590,3485,3580,95,2.725968,7300,OK
2026-06-03,6800,ヨコオ,プライム（内国株式）,電気機器,5370,5490,5100,5100,30,0.591716,152000,OK
2026-06-03,6803,ティアック,スタンダード（内国株式）,電気機器,96,96,94,95,0,0,261700,OK
2026-06-03,6804,ホシデン,プライム（内国株式）,電気機器,2780,2814,2743,2797,94,3.477617,362900,OK
2026-06-03,6806,ヒロセ電機,プライム（内国株式）,電気機器,28405,28895,28280,28425,640,2.303401,151200,OK
2026-06-03,6807,日本航空電子工業,プライム（内国株式）,電気機器,2462,2527,2447,2510,93,3.847745,304800,OK
2026-06-03,6809,ＴＯＡ,プライム（内国株式）,電気機器,1554,1560,1536,1540,-18,-1.155327,134700,OK
2026-06-03,6810,マクセル,プライム（内国株式）,電気機器,2015,2061,2006,2055,58,2.904357,246700,OK
2026-06-03,6814,古野電気,プライム（内国株式）,電気機器,6090,6150,6010,6110,30,0.493421,321700,OK
2026-06-03,6817,スミダコーポレーション,プライム（内国株式）,電気機器,1502,1540,1494,1506,6,0.4,251400,OK
2026-06-03,6819,伊豆シャボテンリゾート,スタンダード（内国株式）,サービス業,460,463,458,458,-5,-1.079914,10000,OK
2026-06-03,6820,アイコム,プライム（内国株式）,電気機器,2943,2998,2942,2968,21,0.712589,14900,OK
2026-06-03,6822,大井電気,スタンダード（内国株式）,電気機器,5600,5730,5540,5540,-140,-2.464789,8900,OK
2026-06-03,6823,リオン,プライム（内国株式）,電気機器,3685,3830,3640,3810,195,5.394191,164100,OK
2026-06-03,6824,新コスモス電機,スタンダード（内国株式）,電気機器,4275,4500,4235,4320,20,0.465116,14600,OK
2026-06-03,6832,アオイ電子,スタンダード（内国株式）,電気機器,2832,2977,2832,2890,40,1.403509,30900,OK
2026-06-03,6834,精工技研,スタンダード（内国株式）,電気機器,28920,29940,27830,28580,2660,10.262346,393000,OK
2026-06-03,6835,アライドテレシスホールディングス,スタンダード（内国株式）,電気機器,286,288,280,281,-5,-1.748252,358300,OK
2026-06-03,6836,ぷらっとホーム,スタンダード（内国株式）,電気機器,864,871,846,866,-2,-0.230415,13900,OK
2026-06-03,6837,京写,スタンダード（内国株式）,電気機器,388,388,359,370,-18,-4.639175,488400,OK
2026-06-03,6838,多摩川ホールディングス,スタンダード（内国株式）,電気機器,2300,2496,2235,2407,124,5.43145,379500,OK
2026-06-03,6840,ＡＫＩＢＡホールディングス,スタンダード（内国株式）,電気機器,1104,1110,997,1018,-78,-7.116788,807700,OK
2026-06-03,6841,横河電機,プライム（内国株式）,電気機器,5220,5412,5195,5350,225,4.390244,1828000,OK
2026-06-03,6844,新電元工業,プライム（内国株式）,電気機器,3390,3470,3375,3410,80,2.402402,83300,OK
2026-06-03,6845,アズビル,プライム（内国株式）,電気機器,1682,1695.5,1661.5,1676,16,0.963855,1094100,OK
2026-06-03,6848,東亜ディーケーケー,スタンダード（内国株式）,電気機器,869,878,860,861,-8,-0.920598,5600,OK
2026-06-03,6849,日本光電工業,プライム（内国株式）,電気機器,1404.5,1423,1387.5,1421,18.5,1.319073,582700,OK
2026-06-03,6850,チノー,プライム（内国株式）,電気機器,1626,1666,1626,1654,38,2.351485,45000,OK
2026-06-03,6853,共和電業,スタンダード（内国株式）,電気機器,924,948,906,941,20,2.171553,142100,OK
2026-06-03,6855,日本電子材料,スタンダード（内国株式）,電気機器,7790,8060,7430,7750,180,2.377807,924400,OK
2026-06-03,6856,堀場製作所,プライム（内国株式）,電気機器,26125,26800,25990,26610,755,2.920132,201600,OK
2026-06-03,6857,アドバンテスト,プライム（内国株式）,電気機器,27320,27970,26620,27660,1340,5.091185,8806800,OK
2026-06-03,6858,小野測器,スタンダード（内国株式）,電気機器,828,838,822,832,23,2.843016,33900,OK
2026-06-03,6859,エスペック,プライム（内国株式）,電気機器,4000,4125,3960,4015,70,1.774398,185100,OK
2026-06-03,6861,キーエンス,プライム（内国株式）,電気機器,79060,81100,78410,80630,2290,2.923155,546400,OK
2026-06-03,6862,ミナトホールディングス,スタンダード（内国株式）,電気機器,2240,2306,2202,2260,64,2.91439,399300,OK
2026-06-03,6863,ニレコ,スタンダード（内国株式）,電気機器,2692,2711,2642,2675,19,0.715361,23600,OK
2026-06-03,6864,エヌエフホールディングス,スタンダード（内国株式）,電気機器,2190,2333,2054,2286,232,11.295034,429000,OK
2026-06-03,6866,日置電機,プライム（内国株式）,電気機器,12750,13090,12500,12940,190,1.490196,50700,OK
2026-06-03,6867,リーダー電子,スタンダード（内国株式）,電気機器,425,427,419,421,-1,-0.236967,4700,OK
2026-06-03,6869,シスメックス,プライム（内国株式）,電気機器,1457,1521,1451,1472.5,31.5,2.185982,5043300,OK
2026-06-03,6870,日本フェンオール,スタンダード（内国株式）,電気機器,2361,2366,2360,2360,-31,-1.296529,4100,OK
2026-06-03,6871,日本マイクロニクス,プライム（内国株式）,電気機器,14960,15160,14400,14400,40,0.278552,1000000,OK
2026-06-03,6874,協立電機,スタンダード（内国株式）,電気機器,2700,2700,2683,2697,-2,-0.074102,4700,OK
2026-06-03,6875,メガチップス,プライム（内国株式）,電気機器,12820,13420,12720,13110,590,4.71246,178900,OK
2026-06-03,6877,ＯＢＡＲＡ　ＧＲＯＵＰ,スタンダード（内国株式）,電気機器,6030,6180,5970,6090,90,1.5,44000,OK
2026-06-03,6882,三社電機製作所,スタンダード（内国株式）,電気機器,1312,1348,1297,1332,35,2.698535,85900,OK
2026-06-03,6888,アクモス,スタンダード（内国株式）,情報･通信業,529,533,526,532,4,0.757576,25400,OK
2026-06-03,6890,フェローテック,スタンダード（内国株式）,電気機器,8210,8330,7840,7950,-60,-0.749064,898800,OK
2026-06-03,6894,パルステック工業,スタンダード（内国株式）,電気機器,2113,2130,2103,2130,10,0.471698,800,OK
2026-06-03,6897,ツインバード,スタンダード（内国株式）,電気機器,394,400,394,396,2,0.507614,10300,OK
2026-06-03,6898,トミタ電機,スタンダード（内国株式）,電気機器,3625,3760,3615,3760,115,3.155007,1000,OK
2026-06-03,6899,ＡＳＴＩ,スタンダード（内国株式）,電気機器,2252,2290,2252,2276,24,1.065719,2900,OK
2026-06-03,6902,デンソー,プライム（内国株式）,輸送用機器,1874.5,1942.5,1861.5,1926,58.5,3.13253,8136900,OK
2026-06-03,6904,原田工業,スタンダード（内国株式）,電気機器,445,445,441,442,-2,-0.45045,6300,OK
2026-06-03,6905,コーセル,プライム（内国株式）,電気機器,1474,1480,1435,1460,0,0,198000,OK
2026-06-03,6907,ジオマテック,スタンダード（内国株式）,電気機器,631,641,618,631,10,1.610306,33900,OK
2026-06-03,6908,イリソ電子工業,プライム（内国株式）,電気機器,3150,3180,3110,3165,65,2.096774,81800,OK
2026-06-03,6912,菊水ホールディングス,スタンダード（内国株式）,電気機器,2002,2049,1976,2038,38,1.9,10000,OK
2026-06-03,6914,オプテックスグループ,プライム（内国株式）,電気機器,4405,4570,4390,4520,185,4.267589,183300,OK
2026-06-03,6915,千代田インテグレ,スタンダード（内国株式）,電気機器,3075,3160,3075,3155,85,2.76873,9000,OK
2026-06-03,6918,アバールデータ,スタンダード（内国株式）,電気機器,3430,3430,3260,3305,-110,-3.221083,35200,OK
2026-06-03,6919,ケル,スタンダード（内国株式）,電気機器,1355,1373,1351,1358,-5,-0.366838,8600,OK
2026-06-03,6920,レーザーテック,プライム（内国株式）,電気機器,40420,42800,39340,41770,2520,6.420382,3365400,OK
2026-06-03,6923,スタンレー電気,プライム（内国株式）,電気機器,3603,3730,3589,3728,131,3.641924,737400,OK
2026-06-03,6925,ウシオ電機,プライム（内国株式）,電気機器,4067,4198,4048,4116,53,1.304455,666400,OK
2026-06-03,6926,岡谷電機産業,スタンダード（内国株式）,電気機器,207,214,197,202,-7,-3.349282,155800,OK
2026-06-03,6927,ヘリオス　テクノ　ホールディング,スタンダード（内国株式）,電気機器,940,950,926,934,9,0.972973,133700,OK
2026-06-03,6928,エノモト,スタンダード（内国株式）,電気機器,3715,3820,3655,3700,-20,-0.537634,33800,OK
2026-06-03,6929,日本セラミック,プライム（内国株式）,電気機器,3890,4005,3875,3980,110,2.842377,155500,OK
2026-06-03,6932,遠藤照明,スタンダード（内国株式）,電気機器,2501,2542,2477,2504,5,0.20008,58000,OK
2026-06-03,6941,山一電機,プライム（内国株式）,電気機器,10050,10430,9890,9890,290,3.020833,527000,OK
2026-06-03,6942,ソフィアホールディングス,スタンダード（内国株式）,情報･通信業,1308,1308,1303,1303,-5,-0.382263,1800,OK
2026-06-03,6943,ＮＫＫスイッチズ,スタンダード（内国株式）,電気機器,,,,,,,,NO_QUOTE
2026-06-03,6946,日本アビオニクス,スタンダード（内国株式）,電気機器,5340,5640,5300,5500,210,3.969754,205300,OK
2026-06-03,6947,図研,プライム（内国株式）,電気機器,4660,4700,4560,4680,20,0.429185,69700,OK
2026-06-03,6951,日本電子,プライム（内国株式）,電気機器,7350,7475,7306,7316,131,1.823243,313300,OK
2026-06-03,6952,カシオ計算機,プライム（内国株式）,電気機器,1840,1910,1825.5,1883.5,66.5,3.659879,2370100,OK
2026-06-03,6954,ファナック,プライム（内国株式）,電気機器,7708,8080,7665,7975,382,5.03095,6182500,OK
2026-06-03,6955,ＦＤＫ,スタンダード（内国株式）,電気機器,469,517,453,503,66,15.102975,1925800,OK
2026-06-03,6958,日本シイエムケイ,プライム（内国株式）,電気機器,751,758,731,739,18,2.496533,843900,OK
2026-06-03,6960,フクダ電子,スタンダード（内国株式）,電気機器,11570,11770,11510,11540,-30,-0.259291,26500,OK
2026-06-03,6961,エンプラス,プライム（内国株式）,電気機器,13690,13800,12990,13010,0,0,261000,OK
2026-06-03,6962,大真空,プライム（内国株式）,電気機器,909,1022,897,1005,109,12.165179,1975700,OK
2026-06-03,6963,ローム,プライム（内国株式）,電気機器,5550,5752,5408,5616,466,9.048544,7050200,OK
2026-06-03,6964,サンコー,スタンダード（内国株式）,電気機器,660,660,653,655,-5,-0.757576,24200,OK
2026-06-03,6965,浜松ホトニクス,プライム（内国株式）,電気機器,2879,2915,2806,2877.5,145.5,5.325769,4671500,OK
2026-06-03,6966,三井ハイテック,プライム（内国株式）,電気機器,876,888,845,859,-18,-2.052452,3158600,OK
2026-06-03,6969,松尾電機,スタンダード（内国株式）,電気機器,1915,2148,1871,1945,-7,-0.358607,252200,OK
2026-06-03,6971,京セラ,プライム（内国株式）,電気機器,3630,3815,3617,3813,269,7.590293,11133400,OK
2026-06-03,6976,太陽誘電,プライム（内国株式）,電気機器,16230,17350,15300,16750,525,3.235747,20202200,OK
2026-06-03,6977,日本抵抗器製作所,スタンダード（内国株式）,電気機器,1250,1343,1215,1248,-32,-2.5,21700,OK
2026-06-03,6981,村田製作所,プライム（内国株式）,電気機器,10300,10940,9928,10420,190,1.857283,40139600,OK
2026-06-03,6982,リード,スタンダード（内国株式）,輸送用機器,591,592,583,583,2,0.344234,1300,OK
2026-06-03,6986,双葉電子工業,プライム（内国株式）,電気機器,616,629,610,628,22,3.630363,166400,OK
2026-06-03,6988,日東電工,プライム（内国株式）,化学,3093,3142,3066,3109,44,1.435563,3266000,OK
2026-06-03,6989,北陸電気工業,スタンダード（内国株式）,電気機器,2342,2437,2342,2389,31,1.314673,10800,OK
2026-06-03,6993,大黒屋ホールディングス,スタンダード（内国株式）,小売業,100,106,96,99,1,1.020408,11290100,OK
2026-06-03,6994,指月電機製作所,スタンダード（内国株式）,電気機器,1329,1349,1207,1272,17,1.354582,528400,OK
2026-06-03,6995,東海理化電機製作所,プライム（内国株式）,輸送用機器,2826,2852,2810,2849,54,1.932021,155100,OK
2026-06-03,6996,ニチコン,プライム（内国株式）,電気機器,3820,4030,3735,3965,230,6.157965,1539900,OK
2026-06-03,6997,日本ケミコン,プライム（内国株式）,電気機器,4790,5020,4450,4840,55,1.149425,2333100,OK
2026-06-03,6998,日本タングステン,スタンダード（内国株式）,電気機器,2063,2100,2007,2072,32,1.568627,53900,OK
2026-06-03,6999,ＫＯＡ,プライム（内国株式）,電気機器,2900,2960,2810,2856,36,1.276596,775700,OK
2026-06-03,7003,三井Ｅ＆Ｓ,プライム（内国株式）,機械,4300,4450,4250,4351,-15,-0.343564,2415500,OK
2026-06-03,7004,カナデビア,プライム（内国株式）,機械,1318,1332,1296,1322,16,1.225115,769500,OK
2026-06-03,7011,三菱重工業,プライム（内国株式）,機械,3556,3640,3481,3573,57,1.62116,30658500,OK
2026-06-03,7012,川崎重工業,プライム（内国株式）,輸送用機器,2923,2923,2778.5,2836.5,13.5,0.478215,11374700,OK
2026-06-03,7013,ＩＨＩ,プライム（内国株式）,機械,2558,2571.5,2411,2486.5,-102,-3.940506,30379200,OK
2026-06-03,7014,名村造船所,スタンダード（内国株式）,輸送用機器,3475,3645,3405,3555,85,2.449568,1314400,OK
2026-06-03,7018,内海造船,スタンダード（内国株式）,輸送用機器,9640,9770,9400,9400,-260,-2.691511,23100,OK
2026-06-03,7021,ニッチツ,スタンダード（内国株式）,機械,1800,1827,1754,1754,-46,-2.555556,1700,OK
2026-06-03,7022,サノヤスホールディングス,スタンダード（内国株式）,機械,277,277,271,274,0,0,109000,OK
2026-06-03,7030,スプリックス,スタンダード（内国株式）,サービス業,1090,1115,990,1030,-73,-6.618314,105600,OK
2026-06-03,7031,インバウンドテック,グロース（内国株式）,サービス業,608,641,606,641,13,2.070064,4400,OK
2026-06-03,7033,マネジメントソリューションズ,プライム（内国株式）,サービス業,1336,1340,1305,1326,-21,-1.55902,132200,OK
2026-06-03,7034,プロレド・パートナーズ,プライム（内国株式）,サービス業,386,396,380,394,6,1.546392,29700,OK
2026-06-03,7035,ａｎｄ　ｆａｃｔｏｒｙ,スタンダード（内国株式）,サービス業,253,253,229,239,-9,-3.629032,43400,OK
2026-06-03,7036,イーエムネットジャパン,グロース（内国株式）,サービス業,663,663,653,655,-7,-1.057402,700,OK
2026-06-03,7037,テノ．ホールディングス,スタンダード（内国株式）,サービス業,898,904,890,890,-10,-1.111111,7100,OK
2026-06-03,7038,フロンティア・マネジメント,プライム（内国株式）,サービス業,569,589,568,589,20,3.514938,57300,OK
2026-06-03,7039,ブリッジインターナショナルグループ,グロース（内国株式）,サービス業,1651,1651,1622,1628,-1,-0.061387,4400,OK
2026-06-03,7040,サン・ライフホールディング,スタンダード（内国株式）,サービス業,973,974,912,939,-34,-3.494347,25000,OK
2026-06-03,7041,ＣＲＧホールディングス,グロース（内国株式）,サービス業,,,,,,,,NO_QUOTE
2026-06-03,7042,アクセスグループ・ホールディングス,スタンダード（内国株式）,サービス業,598,598,597,597,6,1.015228,200,OK
2026-06-03,7043,アルー,グロース（内国株式）,サービス業,900,915,892,906,-8,-0.875274,4900,OK
2026-06-03,7044,ピアラ,スタンダード（内国株式）,サービス業,520,528,520,527,8,1.541426,14200,OK
2026-06-03,7046,ＴＤＳＥ,グロース（内国株式）,サービス業,1311,1346,1310,1344,24,1.818182,900,OK
2026-06-03,7047,ポート,グロース（内国株式）,サービス業,2150,2157,2040,2045,-120,-5.542725,426900,OK
2026-06-03,7048,ベルトラ,グロース（内国株式）,サービス業,130,130,126,129,-1,-0.769231,94400,OK
2026-06-03,7049,識学,グロース（内国株式）,サービス業,798,802,795,799,1,0.125313,7200,OK
2026-06-03,7050,フロンティアインターナショナル,グロース（内国株式）,サービス業,1310,1320,1281,1306,-2,-0.152905,18600,OK
2026-06-03,7057,エヌ・シー・エヌ,スタンダード（内国株式）,サービス業,908,908,900,900,1,0.111235,200,OK
2026-06-03,7058,共栄セキュリティーサービス,スタンダード（内国株式）,サービス業,2981,2998,2970,2998,18,0.604027,800,OK
2026-06-03,7059,コプロ・ホールディングス,プライム（内国株式）,サービス業,735,741,719,737,2,0.272109,138800,OK
2026-06-03,7060,ギークス,スタンダード（内国株式）,サービス業,553,563,548,560,-3,-0.53286,44100,OK
2026-06-03,7061,日本ホスピスホールディングス,グロース（内国株式）,サービス業,598,600,581,600,4,0.671141,115800,OK
2026-06-03,7062,フレアス,グロース（内国株式）,サービス業,785,785,779,782,-3,-0.382166,1600,OK
2026-06-03,7063,Ｂｉｒｄｍａｎ,グロース（内国株式）,サービス業,86,105,84,88,1,1.149425,1756300,OK
2026-06-03,7064,ハウテレビジョン,スタンダード（内国株式）,サービス業,767,786,762,786,34,4.521277,3900,OK
2026-06-03,7065,ユーピーアール,スタンダード（内国株式）,サービス業,950,954,936,953,-1,-0.104822,17800,OK
2026-06-03,7066,ピアズ,グロース（内国株式）,サービス業,405,409,401,402,-8,-1.95122,8200,OK
2026-06-03,7067,ブランディングテクノロジー,グロース（内国株式）,サービス業,962,992,961,992,31,3.225806,2300,OK
2026-06-03,7068,フィードフォースグループ,グロース（内国株式）,サービス業,471,471,458,461,-13,-2.742616,78300,OK
2026-06-03,7069,サイバー・バズ,グロース（内国株式）,サービス業,1099,1128,1060,1125,27,2.459016,7100,OK
2026-06-03,7071,アンビスホールディングス,プライム（内国株式）,サービス業,351,353,338,340,-13,-3.68272,462300,OK
2026-06-03,7072,インティメート・マージャー,グロース（内国株式）,サービス業,997,1019,967,1012,11,1.098901,16800,OK
2026-06-03,7073,ジェイック,グロース（内国株式）,サービス業,2267,2299,2265,2270,-6,-0.26362,1000,OK
2026-06-03,7074,トゥエンティーフォーセブンホールディングス,グロース（内国株式）,サービス業,170,170,166,169,3,1.807229,15100,OK
2026-06-03,7075,ＱＬＳホールディングス,グロース（内国株式）,サービス業,771,781,771,774,1,0.129366,4300,OK
2026-06-03,7077,ＡＬｉＮＫインターネット,グロース（内国株式）,サービス業,991,991,980,981,0,0,1000,OK
2026-06-03,7078,ＩＮＣＬＵＳＩＶＥ　Ｈｏｌｄｉｎｇｓ,グロース（内国株式）,サービス業,371,375,358,364,-6,-1.621622,25800,OK
2026-06-03,7079,ＷＤＢココ,グロース（内国株式）,サービス業,2579,2600,2553,2600,30,1.167315,3300,OK
2026-06-03,7080,スポーツフィールド,グロース（内国株式）,サービス業,795,799,791,793,-5,-0.626566,12300,OK
2026-06-03,7081,コーユーレンティア,スタンダード（内国株式）,サービス業,1307,1330,1307,1319,14,1.072797,5200,OK
2026-06-03,7082,ジモティー,グロース（内国株式）,サービス業,1416,1417,1416,1416,0,0,227400,OK
2026-06-03,7083,ＡＨＣグループ,グロース（内国株式）,サービス業,761,761,749,749,-12,-1.576873,5100,OK
2026-06-03,7084,Ｓｍｉｌｅ　Ｈｏｌｄｉｎｇｓ,グロース（内国株式）,サービス業,2124,2200,2068,2096,-28,-1.318267,10800,OK
2026-06-03,7085,カーブスホールディングス,プライム（内国株式）,サービス業,838,851,828,850,12,1.431981,234900,OK
2026-06-03,7087,ウイルテック,スタンダード（内国株式）,サービス業,1271,1294,1270,1273,-8,-0.624512,3600,OK
2026-06-03,7089,フォースタートアップス,グロース（内国株式）,サービス業,1483,1483,1400,1431,-44,-2.983051,40500,OK
2026-06-03,7090,リグア,グロース（内国株式）,サービス業,913,914,870,870,-28,-3.11804,2000,OK
2026-06-03,7091,リビングプラットフォーム,グロース（内国株式）,サービス業,1161,1184,1161,1173,-11,-0.929054,5100,OK
2026-06-03,7093,アディッシュ,グロース（内国株式）,サービス業,499,505,499,503,2,0.399202,1900,OK
2026-06-03,7094,ＮｅｘＴｏｎｅ,グロース（内国株式）,サービス業,1302,1317,1281,1304,-6,-0.458015,66600,OK
2026-06-03,7095,Ｍａｃｂｅｅ　Ｐｌａｎｅｔ,プライム（内国株式）,サービス業,1146,1180,1123,1151,-18,-1.539778,169000,OK
2026-06-03,7096,ステムセル研究所,グロース（内国株式）,サービス業,660,665,646,657,-10,-1.49925,13500,OK
2026-06-03,7097,さくらさくプラス,グロース（内国株式）,サービス業,2951,2951,2928,2937,-13,-0.440678,4400,OK
2026-06-03,7098,エージェント,TOKYO PRO MARKET（内国株式）,サービス業,,,,,,,,NO_QUOTE
2026-06-03,7102,日本車輌製造,プライム（内国株式）,輸送用機器,3225,3255,3165,3185,-40,-1.24031,48300,OK
2026-06-03,7110,クラシコム,グロース（内国株式）,小売業,1987,2007,1987,2007,19,0.955734,1400,OK
2026-06-03,7111,ＩＮＥＳＴ,スタンダード（内国株式）,卸売業,440,440,434,436,-7,-1.580135,13500,OK
2026-06-03,7112,キューブ,グロース（内国株式）,小売業,730,732,711,711,-28,-3.788904,3400,OK
2026-06-03,7114,フーディソン,グロース（内国株式）,卸売業,768,775,752,773,5,0.651042,4000,OK
2026-06-03,7115,アルファパーチェス,スタンダード（内国株式）,卸売業,1514,1514,1451,1454,-76,-4.96732,21800,OK
2026-06-03,7119,ハルメクホールディングス,グロース（内国株式）,小売業,1571,1589,1560,1577,6,0.381922,3400,OK
2026-06-03,7120,ＳＨＩＮＫＯ,スタンダード（内国株式）,卸売業,1026,1026,1009,1014,5,0.49554,6700,OK
2026-06-03,7122,近畿車輛,スタンダード（内国株式）,輸送用機器,2317,2317,2296,2298,-41,-1.752886,1000,OK
2026-06-03,7126,グローバルスタイル,スタンダード（内国株式）,小売業,1515,1515,1505,1510,-6,-0.395778,1600,OK
2026-06-03,7127,一家ホールディングス,スタンダード（内国株式）,小売業,684,687,682,685,1,0.146199,3600,OK
2026-06-03,7128,ユニソルホールディングス,プライム（内国株式）,卸売業,2013,2036,2008,2025,13,0.646123,46700,OK
2026-06-03,7129,ミアヘルサホールディングス,スタンダード（内国株式）,小売業,1125,1138,1125,1126,-3,-0.265722,2200,OK
2026-06-03,7130,ヤマエグループホールディングス,プライム（内国株式）,卸売業,2895,2895,2795,2837,-26,-0.908138,75200,OK
2026-06-03,7131,のむら産業,スタンダード（内国株式）,卸売業,3600,3600,3550,3550,20,0.566572,400,OK
2026-06-03,7132,フローバル,TOKYO PRO MARKET（内国株式）,卸売業,,,,,,,,NO_QUOTE
2026-06-03,7133,ＨＹＵＧＡ　ＰＲＩＭＡＲＹ　ＣＡＲＥ,グロース（内国株式）,小売業,980,1011,980,1000,11,1.112235,14600,OK
2026-06-03,7134,アップガレージグループ,スタンダード（内国株式）,小売業,1185,1187,1161,1183,-4,-0.336984,9400,OK
2026-06-03,7135,ジャパンクラフトホールディングス,スタンダード（内国株式）,小売業,214,215,210,212,-1,-0.469484,26400,OK
2026-06-03,7137,グラントマト,TOKYO PRO MARKET（内国株式）,小売業,,,,,,,,NO_QUOTE
2026-06-03,7138,ＴＯＲＩＣＯ,グロース（内国株式）,小売業,134,135,130,131,-3,-2.238806,217800,OK
2026-06-03,7139,東京高圧山崎,TOKYO PRO MARKET（内国株式）,卸売業,,,,,,,,NO_QUOTE
2026-06-03,7140,ペットゴー,グロース（内国株式）,小売業,830,843,817,843,27,3.308824,2200,OK
2026-06-03,7148,ＦＰＧ,プライム（内国株式）,証券･商品先物取引業,1526,1546,1502,1537,5,0.326371,675700,OK
2026-06-03,7150,島根銀行,スタンダード（内国株式）,銀行業,471,471,464,467,-4,-0.849257,52300,OK
2026-06-03,7157,ライフネット生命保険,プライム（内国株式）,保険業,1640,1652,1598,1599,-48,-2.91439,195200,OK
2026-06-03,7161,じもとホールディングス,スタンダード（内国株式）,銀行業,507,510,491,505,-3,-0.590551,62500,OK
2026-06-03,7162,アストマックス,スタンダード（内国株式）,電気･ガス業,284,284,267,268,-10,-3.597122,257900,OK
2026-06-03,7164,全国保証,プライム（内国株式）,その他金融業,2803,2820.5,2780,2807.5,-1.5,-0.0534,383500,OK
2026-06-03,7167,めぶきフィナンシャルグループ,プライム（内国株式）,銀行業,1325,1343.5,1309,1338,23.5,1.787752,2638500,OK
2026-06-03,7170,中央インターナショナルグループ,TOKYO PRO MARKET（内国株式）,保険業,,,,,,,,NO_QUOTE
2026-06-03,7172,ジャパンインベストメントアドバイザー,プライム（内国株式）,証券･商品先物取引業,2009,2064,1992,2007,-2,-0.099552,502300,OK
2026-06-03,7173,東京きらぼしフィナンシャルグループ,プライム（内国株式）,銀行業,11520,11920,11430,11700,310,2.721686,516200,OK
2026-06-03,7175,今村証券,スタンダード（内国株式）,証券･商品先物取引業,1302,1337,1299,1330,24,1.837672,7100,OK
2026-06-03,7176,シンプレクス・ファイナンシャル・ホールディングス,TOKYO PRO MARKET（内国株式）,証券･商品先物取引業,,,,,,,,NO_QUOTE
2026-06-03,7177,ＧＭＯフィナンシャルホールディングス,スタンダード（内国株式）,証券･商品先物取引業,1104,1110,1047,1051,-58,-5.229937,561300,OK
2026-06-03,7180,九州フィナンシャルグループ,プライム（内国株式）,銀行業,1370,1389.5,1352,1387,25,1.835536,1672900,OK
2026-06-03,7181,かんぽ生命保険,プライム（内国株式）,保険業,1437,1452.5,1416,1429.5,22,1.563055,3246600,OK
2026-06-03,7182,ゆうちょ銀行,プライム（内国株式）,銀行業,3136,3175,3108,3163,97,3.163731,6992900,OK
2026-06-03,7183,あんしん保証,スタンダード（内国株式）,その他金融業,256,256,256,256,0,0,98600,OK
2026-06-03,7184,富山第一銀行,プライム（内国株式）,銀行業,2465,2484,2427,2472,31,1.269971,214400,OK
2026-06-03,7185,ヒロセ通商,スタンダード（内国株式）,証券･商品先物取引業,3800,3800,3610,3685,-115,-3.026316,22900,OK
2026-06-03,7186,横浜フィナンシャルグループ,プライム（内国株式）,銀行業,1603,1623.5,1591,1616,30,1.891551,2678500,OK
2026-06-03,7187,ジェイリース,プライム（内国株式）,その他金融業,1275,1279,1258,1263,-23,-1.788491,107100,OK
2026-06-03,7189,西日本フィナンシャルホールディングス,プライム（内国株式）,銀行業,3959,3984,3896,3954,22,0.559512,415200,OK
2026-06-03,7191,イントラスト,スタンダード（内国株式）,その他金融業,1066,1073,1064,1069,-4,-0.372787,21000,OK
2026-06-03,7192,日本モーゲージサービス,スタンダード（内国株式）,その他金融業,579,585,574,578,0,0,37000,OK
2026-06-03,7196,Ｃａｓａ,スタンダード（内国株式）,その他金融業,759,760,756,760,1,0.131752,12900,OK
2026-06-03,7198,ＳＢＩアルヒ,プライム（内国株式）,その他金融業,780,785,774,777,3,0.387597,145900,OK
2026-06-03,7199,プレミアグループ,プライム（内国株式）,その他金融業,1911,1919,1872,1894,-38,-1.966874,402100,OK
2026-06-03,7201,日産自動車,プライム（内国株式）,輸送用機器,358,369.6,356.2,357.5,-8.1,-2.215536,28382600,OK
2026-06-03,7202,いすゞ自動車,プライム（内国株式）,輸送用機器,2181,2217,2171,2171,-67,-2.993744,3118800,OK
2026-06-03,7203,トヨタ自動車,プライム（内国株式）,輸送用機器,2840,2920,2833,2881,37,1.300985,27875500,OK
2026-06-03,7208,カネミツ,スタンダード（内国株式）,輸送用機器,1125,1150,1125,1148,8,0.701754,3100,OK
2026-06-03,7211,三菱自動車工業,プライム（内国株式）,輸送用機器,353,353,343.7,345.9,-2.8,-0.802983,14172900,OK
2026-06-03,7212,エフテック,スタンダード（内国株式）,輸送用機器,650,659,640,641,1,0.15625,67600,OK
2026-06-03,7213,レシップホールディングス,スタンダード（内国株式）,輸送用機器,571,571,568,569,-2,-0.350263,15100,OK
2026-06-03,7214,ＧＭＢ,スタンダード（内国株式）,輸送用機器,939,939,931,931,0,0,3700,OK
2026-06-03,7215,ファルテック,スタンダード（内国株式）,輸送用機器,444,448,434,439,-9,-2.008929,7000,OK
2026-06-03,7217,テイン,スタンダード（内国株式）,輸送用機器,430,435,427,427,-9,-2.06422,900,OK
2026-06-03,7218,田中精密工業,スタンダード（内国株式）,輸送用機器,981,981,971,971,-9,-0.918367,8300,OK
2026-06-03,7219,エッチ・ケー・エス,スタンダード（内国株式）,輸送用機器,2330,2330,2317,2327,17,0.735931,300,OK
2026-06-03,7220,武蔵精密工業,プライム（内国株式）,輸送用機器,8690,9740,8610,9740,1500,18.203883,3525800,OK
2026-06-03,7222,日産車体,スタンダード（内国株式）,輸送用機器,995,1012,988,1001,6,0.603015,43900,OK
2026-06-03,7224,新明和工業,プライム（内国株式）,輸送用機器,2154,2190,2108,2168,42,1.975541,201000,OK
2026-06-03,7226,極東開発工業,プライム（内国株式）,輸送用機器,2100,2125,2081,2122,20,0.951475,253200,OK
2026-06-03,7228,デイトナ,スタンダード（内国株式）,輸送用機器,3635,3635,3610,3610,-25,-0.687758,1100,OK
2026-06-03,7229,ユタカ技研,スタンダード（内国株式）,輸送用機器,3000,3005,2999,3000,0,0,111200,OK
2026-06-03,7231,トピー工業,プライム（内国株式）,輸送用機器,2705,2727,2696,2710,5,0.184843,101500,OK
2026-06-03,7235,東京ラヂエーター製造,スタンダード（内国株式）,輸送用機器,1493,1510,1483,1488,-14,-0.932091,21800,OK
2026-06-03,7236,ティラド,プライム（内国株式）,輸送用機器,15000,15160,14420,14420,-560,-3.738318,41100,OK
2026-06-03,7238,曙ブレーキ工業,プライム（内国株式）,輸送用機器,120,124,119,122,3,2.521008,2086400,OK
2026-06-03,7239,タチエス,プライム（内国株式）,輸送用機器,2203,2217,2186,2199,17,0.779102,114300,OK
2026-06-03,7240,ＮＯＫ,プライム（内国株式）,輸送用機器,2900,2966,2881.5,2959,78,2.707393,474700,OK
2026-06-03,7241,フタバ産業,プライム（内国株式）,輸送用機器,962,972,958,965,11,1.15304,156100,OK
2026-06-03,7242,カヤバ,プライム（内国株式）,輸送用機器,4030,4085,4010,4030,0,0,115000,OK
2026-06-03,7244,市光工業,プライム（内国株式）,電気機器,520,536,514,536,23,4.483431,122400,OK
2026-06-03,7245,大同メタル工業,プライム（内国株式）,輸送用機器,1119,1125,1085,1101,2,0.181984,481700,OK
2026-06-03,7246,プレス工業,プライム（内国株式）,輸送用機器,835,836,817,817,-14,-1.684717,419200,OK
2026-06-03,7247,ミクニ,スタンダード（内国株式）,輸送用機器,356,364,348,356,8,2.298851,148400,OK
2026-06-03,7254,ユニバンス,スタンダード（内国株式）,輸送用機器,724,735,720,735,0,0,4000,OK
2026-06-03,7255,桜井製作所,スタンダード（内国株式）,輸送用機器,473,479,473,479,-1,-0.208333,1400,OK
2026-06-03,7256,河西工業,スタンダード（内国株式）,輸送用機器,369,387,364,367,6,1.66205,454700,OK
2026-06-03,7259,アイシン,プライム（内国株式）,輸送用機器,2399,2458.5,2372.5,2430.5,80.5,3.425532,2356100,OK
2026-06-03,7261,マツダ,プライム（内国株式）,輸送用機器,1130.5,1146.5,1121,1122,-4,-0.35524,8623400,OK
2026-06-03,7264,ムロコーポレーション,スタンダード（内国株式）,輸送用機器,1296,1297,1277,1277,-10,-0.777001,4000,OK
2026-06-03,7265,エイケン工業,スタンダード（内国株式）,輸送用機器,3830,3880,3830,3880,0,0,1100,OK
2026-06-03,7266,今仙電機製作所,スタンダード（内国株式）,輸送用機器,912,917,902,902,-10,-1.096491,27700,OK
2026-06-03,7267,本田技研工業,プライム（内国株式）,輸送用機器,1410,1537,1392,1496.5,109.5,7.894737,55737500,OK
2026-06-03,7269,スズキ,プライム（内国株式）,輸送用機器,1912.5,1944.5,1888.5,1890.5,-28,-1.459474,6803900,OK
2026-06-03,7270,ＳＵＢＡＲＵ,プライム（内国株式）,輸送用機器,2440,2492,2436.5,2471,32.5,1.332787,4327100,OK
2026-06-03,7271,安永,スタンダード（内国株式）,輸送用機器,1126,1126,1081,1098,2,0.182482,32100,OK
2026-06-03,7272,ヤマハ発動機,プライム（内国株式）,輸送用機器,1264.5,1289,1259,1281.5,12.5,0.985028,4592300,OK
2026-06-03,7273,イクヨ,スタンダード（内国株式）,輸送用機器,629,639,613,638,11,1.754386,95200,OK
2026-06-03,7276,小糸製作所,プライム（内国株式）,電気機器,2795.5,2875,2755,2855,105,3.818182,1224600,OK
2026-06-03,7277,ＴＢＫ,スタンダード（内国株式）,輸送用機器,316,316,312,313,-6,-1.880878,52700,OK
2026-06-03,7278,エクセディ,プライム（内国株式）,輸送用機器,6130,6130,6050,6110,20,0.328407,160100,OK
2026-06-03,7279,ハイレックスコーポレーション,スタンダード（内国株式）,輸送用機器,2346,2426,2345,2394,51,2.176697,127500,OK
2026-06-03,7280,ミツバ,プライム（内国株式）,電気機器,1255,1275,1210,1210,-45,-3.585657,431700,OK
2026-06-03,7282,豊田合成,プライム（内国株式）,輸送用機器,4790,4820,4725,4752,28,0.592718,562400,OK
2026-06-03,7283,愛三工業,プライム（内国株式）,輸送用機器,1870,1891,1861,1872,4,0.214133,105200,OK
2026-06-03,7284,盟和産業,スタンダード（内国株式）,輸送用機器,1281,1281,1256,1265,-31,-2.391975,2600,OK
2026-06-03,7287,日本精機,スタンダード（内国株式）,輸送用機器,2613,2720,2613,2691,78,2.985075,219200,OK
2026-06-03,7291,日本プラスト,スタンダード（内国株式）,輸送用機器,460,462,453,459,7,1.548673,30100,OK
2026-06-03,7292,村上開明堂,スタンダード（内国株式）,輸送用機器,6680,6680,6480,6570,-10,-0.151976,3100,OK
2026-06-03,7294,ヨロズ,プライム（内国株式）,輸送用機器,821,833,817,825,6,0.732601,45900,OK
2026-06-03,7296,エフ・シー・シー,プライム（内国株式）,輸送用機器,3425,3485,3415,3460,30,0.874636,108900,OK
2026-06-03,7297,カーメイト,スタンダード（内国株式）,輸送用機器,868,868,853,866,7,0.814901,400,OK
2026-06-03,7299,フジオーゼックス,スタンダード（内国株式）,輸送用機器,1797,1797,1710,1778,-17,-0.947075,8400,OK
2026-06-03,7305,新家工業,スタンダード（内国株式）,鉄鋼,2452,2474,2442,2469,21,0.857843,17600,OK
2026-06-03,7309,シマノ,プライム（内国株式）,輸送用機器,16280,16385,16100,16100,-360,-2.18712,352100,OK
2026-06-03,7313,テイ・エス　テック,プライム（内国株式）,輸送用機器,1795,1850.5,1788.5,1847,59.5,3.328671,423000,OK
2026-06-03,7314,小田原機器,スタンダード（内国株式）,輸送用機器,1136,1145,1132,1132,-11,-0.96238,2200,OK
2026-06-03,7317,松屋アールアンドディ,グロース（内国株式）,輸送用機器,1109,1109,1108,1108,0,0,28100,OK
2026-06-03,7318,セレンディップ・ホールディングス,グロース（内国株式）,輸送用機器,2475,2550,2331,2367,-103,-4.17004,331000,OK
2026-06-03,7320,Ｓｏｌｖｖｙ,グロース（内国株式）,その他金融業,1613,1624,1558,1613,8,0.498442,69500,OK
2026-06-03,7322,三十三フィナンシャルグループ,プライム（内国株式）,銀行業,1629,1639,1571,1589,-37,-2.275523,358000,OK
2026-06-03,7325,アイリックコーポレーション,グロース（内国株式）,保険業,709,710,705,709,-1,-0.140845,2400,OK
2026-06-03,7326,ＳＢＩインシュアランスグループ,グロース（内国株式）,保険業,2243,2243,2156,2187,-43,-1.928251,30800,OK
2026-06-03,7327,第四北越フィナンシャルグループ,プライム（内国株式）,銀行業,1990,2002,1963,1993,16,0.809307,775100,OK
2026-06-03,7337,ひろぎんホールディングス,プライム（内国株式）,銀行業,2005,2024,1985,1985,-16,-0.7996,651000,OK
2026-06-03,7343,ブロードマインド,グロース（内国株式）,保険業,1132,1149,1131,1138,7,0.618921,4800,OK
2026-06-03,7345,アイ・パートナーズフィナンシャル,グロース（内国株式）,その他金融業,,,,,,,,NO_QUOTE
2026-06-03,7347,マーキュリアホールディングス,プライム（内国株式）,証券･商品先物取引業,711,738,711,731,16,2.237762,56200,OK
2026-06-03,7350,おきなわフィナンシャルグループ,プライム（内国株式）,銀行業,6180,6240,6080,6080,-80,-1.298701,53700,OK
2026-06-03,7351,グッドパッチ,グロース（内国株式）,サービス業,507,507,478,482,-32,-6.225681,25900,OK
2026-06-03,7352,ＴＷＯＳＴＯＮＥ＆Ｓｏｎｓ,グロース（内国株式）,サービス業,337,338,324,330,-2,-0.60241,90800,OK
2026-06-03,7353,ＫＩＹＯラーニング,グロース（内国株式）,サービス業,564,567,563,563,-1,-0.177305,2200,OK
2026-06-03,7354,ダイレクトマーケティングミックス,スタンダード（内国株式）,サービス業,281,282,269,278,-7,-2.45614,266700,OK
2026-06-03,7355,一寸房,TOKYO PRO MARKET（内国株式）,サービス業,,,,,,,,NO_QUOTE
2026-06-03,7356,Ｒｅｔｔｙ,グロース（内国株式）,サービス業,115,116,115,115,-2,-1.709402,9400,OK
2026-06-03,7357,ジオコード,スタンダード（内国株式）,サービス業,1497,1515,1497,1500,4,0.26738,2000,OK
2026-06-03,7358,ポピンズ,スタンダード（内国株式）,サービス業,1358,1363,1340,1354,-9,-0.660308,17000,OK
2026-06-03,7359,東京通信グループ,グロース（内国株式）,サービス業,238,241,236,240,2,0.840336,25000,OK
2026-06-03,7360,オンデック,グロース（内国株式）,サービス業,618,625,618,619,-9,-1.433121,800,OK
2026-06-03,7361,ヒューマンクリエイションホールディングス,グロース（内国株式）,サービス業,1160,1178,1143,1155,-19,-1.618399,8700,OK
2026-06-03,7362,Ｔ．Ｓ．Ｉ,グロース（内国株式）,サービス業,808,835,808,818,3,0.368098,2700,OK
2026-06-03,7363,ベビーカレンダー,グロース（内国株式）,サービス業,1145,1145,1130,1130,-21,-1.8245,900,OK
2026-06-03,7364,琉球アスティーダスポーツクラブ,TOKYO PRO MARKET（内国株式）,サービス業,,,,,,,,NO_QUOTE
2026-06-03,7366,ＬＩＴＡＬＩＣＯ,プライム（内国株式）,サービス業,1568,1591,1541,1556,-12,-0.765306,166100,OK
2026-06-03,7367,セルム,スタンダード（内国株式）,サービス業,323,325,322,322,-1,-0.309598,19700,OK
2026-06-03,7368,表示灯,スタンダード（内国株式）,サービス業,1661,1678,1661,1678,16,0.962696,1200,OK
2026-06-03,7369,メイホーホールディングス,グロース（内国株式）,サービス業,473,474,469,471,-3,-0.632911,2000,OK
2026-06-03,7370,Ｅｎｊｉｎ,グロース（内国株式）,サービス業,731,736,725,733,2,0.273598,12400,OK
2026-06-03,7371,Ｚｅｎｋｅｎ,グロース（内国株式）,サービス業,706,707,699,700,-6,-0.849858,11700,OK
2026-06-03,7372,デコルテ・ホールディングス,グロース（内国株式）,サービス業,364,367,364,366,0,0,1000,OK
2026-06-03,7373,アイドマ・ホールディングス,グロース（内国株式）,サービス業,1147,1148,1104,1135,-13,-1.132404,134000,OK
2026-06-03,7374,コンフィデンス・インターワークス,グロース（内国株式）,サービス業,1541,1541,1529,1531,-10,-0.648929,5800,OK
2026-06-03,7375,リファインバースグループ,グロース（内国株式）,サービス業,1431,1460,1340,1446,25,1.759324,158900,OK
2026-06-03,7376,ＢＣＣ,グロース（内国株式）,サービス業,1221,1222,1171,1181,-22,-1.828761,35800,OK
2026-06-03,7377,ＤＮホールディングス,スタンダード（内国株式）,サービス業,1848,1855,1847,1854,6,0.324675,2300,OK
2026-06-03,7378,アシロ,グロース（内国株式）,サービス業,1460,1473,1410,1458,8,0.551724,22000,OK
2026-06-03,7380,十六フィナンシャルグループ,プライム（内国株式）,銀行業,2080,2087,2026,2032,-36,-1.740812,358700,OK
2026-06-03,7381,ＣＣＩグループ,プライム（内国株式）,銀行業,1029,1035,1011,1012,-1,-0.098717,822300,OK
2026-06-03,7383,ネットプロテクションズホールディングス,プライム（内国株式）,その他金融業,338,348,324,340,-2,-0.584795,4986200,OK
2026-06-03,7384,プロクレアホールディングス,プライム（内国株式）,銀行業,3875,3875,3675,3695,-180,-4.645161,194800,OK
2026-06-03,7388,ＦＰパートナー,プライム（内国株式）,保険業,2076,2076,2021,2024,-47,-2.269435,99900,OK
2026-06-03,7389,あいちフィナンシャルグループ,プライム（内国株式）,銀行業,1332,1341,1308,1324,-8,-0.600601,782800,OK
2026-06-03,7399,ナンシン,スタンダード（内国株式）,輸送用機器,580,586,580,581,2,0.345423,1700,OK
2026-06-03,7409,ＡｅｒｏＥｄｇｅ,グロース（内国株式）,輸送用機器,3075,3130,3005,3060,45,1.492537,84400,OK
2026-06-03,7412,アトム,スタンダード（内国株式）,小売業,661,670,658,660,-2,-0.302115,134300,OK
2026-06-03,7413,創健社,スタンダード（内国株式）,卸売業,2500,2500,2500,2500,-10,-0.398406,500,OK
2026-06-03,7414,小野建,プライム（内国株式）,卸売業,1299,1317,1293,1313,12,0.922367,108700,OK
2026-06-03,7416,はるやまホールディングス,スタンダード（内国株式）,小売業,671,684,670,670,-2,-0.297619,6400,OK
2026-06-03,7417,南陽,スタンダード（内国株式）,卸売業,1443,1457,1443,1444,-6,-0.413793,4200,OK
2026-06-03,7419,ノジマ,プライム（内国株式）,小売業,1521,1569,1519,1554,34,2.236842,952800,OK
2026-06-03,7421,カッパ・クリエイト,プライム（内国株式）,小売業,1371,1371,1352,1366,-8,-0.582242,144600,OK
2026-06-03,7422,東邦レマック,スタンダード（内国株式）,卸売業,405,405,398,398,-1,-0.250627,4100,OK
2026-06-03,7425,初穂商事,スタンダード（内国株式）,卸売業,2471,2472,2471,2471,-29,-1.16,400,OK
2026-06-03,7426,山大,スタンダード（内国株式）,卸売業,650,685,610,611,11,1.833333,93000,OK
2026-06-03,7427,エコートレーディング,スタンダード（内国株式）,卸売業,815,826,815,826,10,1.22549,10200,OK
2026-06-03,7433,伯東,プライム（内国株式）,卸売業,4525,4680,4505,4615,140,3.128492,134400,OK
2026-06-03,7434,オータケ,スタンダード（内国株式）,卸売業,1738,1738,1728,1738,0,0,5100,OK
2026-06-03,7435,ナ・デックス,スタンダード（内国株式）,卸売業,1010,1050,1004,1024,7,0.688299,37200,OK
2026-06-03,7438,コンドーテック,プライム（内国株式）,卸売業,1402,1432,1397,1431,30,2.141328,28700,OK
2026-06-03,7442,中山福,スタンダード（内国株式）,卸売業,442,451,438,448,9,2.050114,12200,OK
2026-06-03,7443,横浜魚類,スタンダード（内国株式）,卸売業,628,634,628,634,-1,-0.15748,400,OK
2026-06-03,7444,ハリマ共和物産,スタンダード（内国株式）,卸売業,1945,1950,1940,1950,10,0.515464,9100,OK
2026-06-03,7446,東北化学薬品,スタンダード（内国株式）,卸売業,4990,4990,4810,4890,-200,-3.929273,1400,OK
2026-06-03,7447,ナガイレーベン,プライム（内国株式）,卸売業,1611,1644,1609,1644,30,1.858736,35600,OK
2026-06-03,7453,良品計画,プライム（内国株式）,小売業,3650,3733,3563,3679,-12,-0.325115,4337400,OK
2026-06-03,7456,松田産業,プライム（内国株式）,卸売業,6320,6450,6270,6310,-80,-1.251956,108400,OK
2026-06-03,7458,第一興商,プライム（内国株式）,卸売業,1611,1633.5,1600,1628,9,0.555899,223900,OK
2026-06-03,7459,メディパルホールディングス,プライム（内国株式）,卸売業,2636,2675.5,2620.5,2671,17,0.640543,305300,OK
2026-06-03,7460,ヤギ,スタンダード（内国株式）,卸売業,4450,4495,4405,4420,-5,-0.112994,3900,OK
2026-06-03,7461,キムラ,スタンダード（内国株式）,卸売業,449,449,446,446,1,0.224719,600,OK
2026-06-03,7462,ＣＡＰＩＴＡ,スタンダード（内国株式）,小売業,622,624,622,624,1,0.160514,1600,OK
2026-06-03,7463,アドヴァングループ,スタンダード（内国株式）,小売業,876,888,871,885,11,1.258581,28500,OK
2026-06-03,7464,セフテック,スタンダード（内国株式）,卸売業,1573,1573,1570,1570,0,0,200,OK
2026-06-03,7466,ＳＰＫ,プライム（内国株式）,卸売業,1210,1221,1200,1217,10,0.8285,36300,OK
2026-06-03,7472,鳥羽洋行,スタンダード（内国株式）,卸売業,3625,3655,3610,3640,-45,-1.221167,1100,OK
2026-06-03,7475,アルビス,プライム（内国株式）,小売業,2395,2401,2370,2378,-15,-0.626828,8900,OK
2026-06-03,7476,アズワン,プライム（内国株式）,卸売業,2106.5,2132.5,2096,2105,-1.5,-0.071208,178500,OK
2026-06-03,7477,ムラキ,スタンダード（内国株式）,卸売業,,,,,,,,NO_QUOTE
2026-06-03,7480,スズデン,スタンダード（内国株式）,卸売業,2087,2128,2072,2126,40,1.917546,41300,OK
2026-06-03,7481,尾家産業,スタンダード（内国株式）,卸売業,2397,2415,2353,2353,-42,-1.753653,4400,OK
2026-06-03,7482,シモジマ,プライム（内国株式）,卸売業,1261,1270,1251,1270,10,0.793651,29000,OK
2026-06-03,7483,ドウシシャ,プライム（内国株式）,卸売業,2892,2900,2863,2863,-45,-1.547455,108100,OK
2026-06-03,7486,サンリン,スタンダード（内国株式）,卸売業,720,725,720,725,-10,-1.360544,400,OK
2026-06-03,7487,小津産業,スタンダード（内国株式）,卸売業,1674,1684,1672,1678,8,0.479042,27400,OK
2026-06-03,7490,日新商事,スタンダード（内国株式）,卸売業,2205,2207,2205,2205,-1,-0.045331,45500,OK
2026-06-03,7494,コナカ,スタンダード（内国株式）,小売業,220,221,220,220,-1,-0.452489,10200,OK
2026-06-03,7500,西川計測,スタンダード（内国株式）,卸売業,9990,10000,9920,10000,0,0,900,OK
2026-06-03,7501,ティムコ,スタンダード（内国株式）,卸売業,1734,1800,1734,1757,23,1.326413,1300,OK
2026-06-03,7502,プラザホールディングス,スタンダード（内国株式）,サービス業,1591,1594,1591,1593,3,0.188679,800,OK
2026-06-03,7504,高速,プライム（内国株式）,卸売業,2750,2793,2745,2786,12,0.432588,78300,OK
2026-06-03,7505,扶桑電通,スタンダード（内国株式）,卸売業,2107,2150,2072,2132,49,2.352376,8000,OK
2026-06-03,7506,ハウス　オブ　ローゼ,スタンダード（内国株式）,小売業,1356,1358,1353,1353,-3,-0.221239,800,OK
2026-06-03,7508,Ｇ‐７ホールディングス,プライム（内国株式）,小売業,1339,1353,1324,1346,17,1.279157,55000,OK
2026-06-03,7509,アイエーグループ,スタンダード（内国株式）,小売業,4615,4635,4600,4600,0,0,300,OK
2026-06-03,7510,たけびし,プライム（内国株式）,卸売業,2340,2381,2340,2348,3,0.127932,15600,OK
2026-06-03,7512,イオン北海道,スタンダード（内国株式）,小売業,813,822,809,820,5,0.613497,190600,OK
2026-06-03,7513,コジマ,プライム（内国株式）,小売業,1355,1383,1351,1374,9,0.659341,74700,OK
2026-06-03,7514,ヒマラヤ,スタンダード（内国株式）,小売業,846,850,846,847,0,0,2200,OK
2026-06-03,7515,マルヨシセンター,スタンダード（内国株式）,小売業,4455,4455,4455,4455,-65,-1.438053,100,OK
2026-06-03,7516,コーナン商事,プライム（内国株式）,小売業,3975,4030,3965,4010,50,1.262626,73600,OK
2026-06-03,7520,エコス,プライム（内国株式）,小売業,2209,2254,2207,2254,45,2.037121,12400,OK
2026-06-03,7521,ムサシ,スタンダード（内国株式）,卸売業,2642,2650,2612,2612,-6,-0.229183,2600,OK
2026-06-03,7522,ワタミ,プライム（内国株式）,小売業,910,923,897,922,12,1.318681,91700,OK
2026-06-03,7523,アールビバン,スタンダード（内国株式）,小売業,1602,1605,1602,1605,-20,-1.230769,600,OK
2026-06-03,7524,マルシェ,スタンダード（内国株式）,小売業,171,171,169,170,0,0,10000,OK
2026-06-03,7525,リックス,プライム（内国株式）,卸売業,3360,3395,3355,3395,35,1.041667,6700,OK
2026-06-03,7527,システムソフト,スタンダード（内国株式）,情報･通信業,50,50,49,49,0,0,874500,OK
2026-06-03,7531,清和中央ホールディングス,スタンダード（内国株式）,卸売業,1350,1350,1350,1350,5,0.371747,700,OK
2026-06-03,7532,パン・パシフィック・インターナショナルホールディングス,プライム（内国株式）,小売業,814,829.4,807.3,824.6,-2.1,-0.254022,9425900,OK
2026-06-03,7537,丸文,プライム（内国株式）,卸売業,1768,1783,1739,1747,19,1.099537,152500,OK
2026-06-03,7538,大水,スタンダード（内国株式）,卸売業,355,358,355,355,0,0,1900,OK
2026-06-03,7539,アイナボホールディングス,スタンダード（内国株式）,卸売業,741,754,741,754,13,1.754386,10500,OK
2026-06-03,7544,スリーエフ,スタンダード（内国株式）,小売業,560,569,560,568,0,0,800,OK
2026-06-03,7545,西松屋チェーン,プライム（内国株式）,小売業,1940,1969,1928,1963,26,1.342282,94500,OK
2026-06-03,7550,ゼンショーホールディングス,プライム（内国株式）,小売業,7917,7973,7760,7848,-109,-1.369863,640100,OK
2026-06-03,75505,ゼンショーホールディングス（優先株式）,プライム（内国株式）,小売業,4961,4961,4960,4960,-8,-0.161031,4400,OK
2026-06-03,7551,ウェッズ,スタンダード（内国株式）,輸送用機器,670,673,660,660,-7,-1.049475,2800,OK
2026-06-03,7552,ハピネット,プライム（内国株式）,卸売業,2796,2799,2666,2709,-86,-3.076923,298900,OK
2026-06-03,7554,幸楽苑,プライム（内国株式）,小売業,1041,1057,1035,1050,9,0.864553,53200,OK
2026-06-03,7555,大田花き,スタンダード（内国株式）,卸売業,770,774,748,770,0,0,2700,OK
2026-06-03,7561,ハークスレイ,スタンダード（内国株式）,小売業,624,633,624,630,1,0.158983,12700,OK
2026-06-03,7562,安楽亭,スタンダード（内国株式）,小売業,3715,3725,3710,3715,0,0,3000,OK
2026-06-03,7564,ワークマン,スタンダード（内国株式）,小売業,7980,8330,7930,8150,70,0.866337,350100,OK
2026-06-03,7565,萬世電機,スタンダード（内国株式）,卸売業,,,,,,,,NO_QUOTE
2026-06-03,7567,栄電子,スタンダード（内国株式）,卸売業,579,601,572,591,21,3.684211,62700,OK
2026-06-03,7570,橋本総業ホールディングス,スタンダード（内国株式）,卸売業,1312,1329,1304,1315,5,0.381679,13400,OK
2026-06-03,7571,ヤマノホールディングス,スタンダード（内国株式）,小売業,87,89,86,89,2,2.298851,284000,OK
2026-06-03,7575,日本ライフライン,プライム（内国株式）,卸売業,1283,1295,1274,1294,17,1.331245,140700,OK
2026-06-03,7578,ニチリョク,スタンダード（内国株式）,小売業,86,86,83,85,1,1.190476,32500,OK
2026-06-03,7581,サイゼリヤ,プライム（内国株式）,小売業,5250,5310,5220,5280,-40,-0.75188,260100,OK
2026-06-03,7585,かんなん丸,スタンダード（内国株式）,小売業,415,416,412,413,-1,-0.241546,3500,OK
2026-06-03,7590,タカショー,スタンダード（内国株式）,卸売業,388,390,388,388,-1,-0.257069,10700,OK
2026-06-03,7593,ＶＴホールディングス,プライム（内国株式）,小売業,433,438,430,437,3,0.691244,695200,OK
2026-06-03,7595,アルゴグラフィックス,プライム（内国株式）,情報･通信業,1251,1256,1236,1248,-13,-1.030928,252300,OK
2026-06-03,7596,魚力,プライム（内国株式）,小売業,2125,2143,2115,2137,6,0.281558,12400,OK
2026-06-03,7599,ＩＤＯＭ,プライム（内国株式）,卸売業,1327,1355,1314,1332,-1,-0.075019,557000,OK
2026-06-03,7600,日本エム・ディ・エム,プライム（内国株式）,精密機器,815,830,784,792,-23,-2.822086,394800,OK
2026-06-03,7601,ポプラ,スタンダード（内国株式）,小売業,164,165,164,164,0,0,9300,OK
2026-06-03,7602,レダックス,スタンダード（内国株式）,卸売業,149,152,148,150,2,1.351351,42500,OK
2026-06-03,7603,ジーイエット,スタンダード（内国株式）,小売業,68,69,67,67,0,0,466200,OK
2026-06-03,7604,梅の花グループ,スタンダード（内国株式）,小売業,845,849,838,842,4,0.477327,4200,OK
2026-06-03,7606,ユナイテッドアローズ,プライム（内国株式）,小売業,2461,2568,2460,2568,108,4.390244,290800,OK
2026-06-03,7607,進和,プライム（内国株式）,卸売業,2930,3045,2913,3005,96,3.300103,55700,OK
2026-06-03,7608,エスケイジャパン,スタンダード（内国株式）,卸売業,722,725,706,708,-14,-1.939058,96900,OK
2026-06-03,7609,ダイトロン,プライム（内国株式）,卸売業,3640,3730,3585,3695,120,3.356643,99000,OK
2026-06-03,7610,テイツー,スタンダード（内国株式）,小売業,130,131,128,129,0,0,559200,OK
2026-06-03,7611,ハイデイ日高,プライム（内国株式）,小売業,2506,2561,2487,2552,25,0.989315,159700,OK
2026-06-03,7613,シークス,プライム（内国株式）,卸売業,1428,1445,1416,1435,19,1.341808,181900,OK
2026-06-03,7614,オーエムツーネットワーク,スタンダード（内国株式）,小売業,1544,1544,1531,1536,-8,-0.518135,1200,OK
2026-06-03,7615,京都きもの友禅ホールディングス,スタンダード（内国株式）,小売業,94,96,93,96,1,1.052632,252500,OK
2026-06-03,7616,コロワイド,プライム（内国株式）,小売業,1771,1786.5,1765,1765,-16.5,-0.926186,220300,OK
2026-06-03,7619,田中商事,スタンダード（内国株式）,卸売業,904,906,897,906,7,0.778643,2600,OK
2026-06-03,7621,うかい,スタンダード（内国株式）,小売業,3305,3315,3290,3300,5,0.151745,1800,OK
2026-06-03,7624,ＮａＩＴＯ,スタンダード（内国株式）,卸売業,133,135,133,135,1,0.746269,5500,OK
2026-06-03,7625,グローバルダイニング,スタンダード（内国株式）,小売業,474,474,467,467,-2,-0.426439,16800,OK
2026-06-03,7628,オーハシテクニカ,プライム（内国株式）,卸売業,1084,1089,1076,1089,20,1.870907,26100,OK
2026-06-03,7630,壱番屋,プライム（内国株式）,小売業,855,861,850,860,1,0.116414,404900,OK
2026-06-03,7634,星医療酸器,スタンダード（内国株式）,卸売業,,,,,,,,NO_QUOTE
2026-06-03,7636,ハンズマン,スタンダード（内国株式）,小売業,797,799,797,798,1,0.125471,3400,OK
2026-06-03,7637,白銅,プライム（内国株式）,卸売業,3605,3690,3480,3530,-65,-1.808067,48000,OK
2026-06-03,7638,ＮＥＷ　ＡＲＴ　ＨＯＬＤＩＮＧＳ,スタンダード（内国株式）,小売業,1321,1330,1313,1327,9,0.682853,18200,OK
2026-06-03,7640,トップカルチャー,スタンダード（内国株式）,小売業,190,198,181,187,4,2.185792,88000,OK
2026-06-03,7643,ダイイチ,スタンダード（内国株式）,小売業,1685,1730,1685,1699,11,0.651659,2100,OK
2026-06-03,7646,ＰＬＡＮＴ,スタンダード（内国株式）,小売業,1788,1791,1785,1785,-2,-0.111919,2900,OK
2026-06-03,7649,スギホールディングス,プライム（内国株式）,小売業,2755.5,2850.5,2752.5,2850,63,2.260495,822300,OK
2026-06-03,7670,オーウエル,スタンダード（内国株式）,卸売業,1018,1018,1009,1009,-7,-0.688976,3500,OK
2026-06-03,7673,ダイコー通産,スタンダード（内国株式）,卸売業,1598,1624,1580,1613,-8,-0.493523,4300,OK
2026-06-03,7674,ＮＡＴＴＹ　ＳＷＡＮＫＹホールディングス,グロース（内国株式）,小売業,2601,2624,2599,2607,6,0.230681,1900,OK
2026-06-03,7677,ヤシマキザイ,スタンダード（内国株式）,卸売業,2642,2642,2642,2642,-50,-1.857355,200,OK
2026-06-03,7678,あさくま,スタンダード（内国株式）,小売業,6730,6880,6520,6610,-120,-1.783061,9200,OK
2026-06-03,7679,薬王堂ホールディングス,プライム（内国株式）,小売業,1630,1662,1620,1652,15,0.91631,28500,OK
2026-06-03,7680,軽自動車館,TOKYO PRO MARKET（内国株式）,小売業,,,,,,,,NO_QUOTE
2026-06-03,7681,レオクラン,スタンダード（内国株式）,卸売業,820,820,803,818,-2,-0.243902,1000,OK
2026-06-03,7682,浜木綿,スタンダード（内国株式）,小売業,4075,4095,4035,4050,-50,-1.219512,2500,OK
2026-06-03,7683,ダブルエー,プライム（内国株式）,小売業,1395,1399,1380,1399,12,0.865177,23900,OK
2026-06-03,7685,ＢｕｙＳｅｌｌ　Ｔｅｃｈｎｏｌｏｇｉｅｓ,グロース（内国株式）,卸売業,3945,3975,3855,3855,-65,-1.658163,202100,OK
2026-06-03,7686,ひとまいる,スタンダード（内国株式）,小売業,416,416,413,413,-1,-0.241546,6500,OK
2026-06-03,7687,ミクリード,グロース（内国株式）,卸売業,406,406,401,402,-3,-0.740741,2800,OK
2026-06-03,7689,コパ・コーポレーション,グロース（内国株式）,卸売業,392,400,380,382,-18,-4.5,7200,OK
2026-06-03,7690,カレント自動車,TOKYO PRO MARKET（内国株式）,卸売業,,,,,,,,NO_QUOTE
2026-06-03,7691,Ｃ　Ｃｈａｎｎｅｌ,TOKYO PRO MARKET（内国株式）,小売業,,,,,,,,NO_QUOTE
2026-06-03,7692,アースインフィニティ,スタンダード（内国株式）,電気･ガス業,92,92,90,91,-1,-1.086957,166300,OK
2026-06-03,7693,北海道歯科産業,TOKYO PRO MARKET（内国株式）,卸売業,,,,,,,,NO_QUOTE
2026-06-03,7694,いつも,グロース（内国株式）,小売業,477,485,468,470,-15,-3.092784,4700,OK
2026-06-03,7695,交換できるくん,グロース（内国株式）,小売業,772,781,760,763,-7,-0.909091,2600,OK
2026-06-03,7698,アイスコ,スタンダード（内国株式）,卸売業,2465,2465,2449,2449,-1,-0.040816,800,OK
2026-06-03,7701,島津製作所,プライム（内国株式）,精密機器,3934,4077,3909,4052,132,3.367347,2341400,OK
2026-06-03,7702,ＪＭＳ,スタンダード（内国株式）,精密機器,425,436,425,436,12,2.830189,38100,OK
2026-06-03,7707,プレシジョン・システム・サイエンス,グロース（内国株式）,精密機器,248,248,216,229,-21,-8.4,873500,OK
2026-06-03,7709,クボテック,スタンダード（内国株式）,精密機器,73,93,69,69,1,1.470588,3601000,OK
2026-06-03,7711,助川電気工業,スタンダード（内国株式）,精密機器,5240,5240,5080,5140,-60,-1.153846,64400,OK
2026-06-03,7713,シグマ光機,スタンダード（内国株式）,精密機器,2231,2342,2231,2326,120,5.43971,75700,OK
2026-06-03,7715,長野計器,プライム（内国株式）,精密機器,3425,3680,3400,3645,220,6.423358,210000,OK
2026-06-03,7716,ナカニシ,スタンダード（内国株式）,精密機器,2912,2962,2892,2924,12,0.412088,294500,OK
2026-06-03,7717,ブイ・テクノロジー,プライム（内国株式）,精密機器,6020,6120,5780,5840,-90,-1.517707,274000,OK
2026-06-03,7719,東京衡機,スタンダード（内国株式）,精密機器,446,449,430,444,-6,-1.333333,218500,OK
2026-06-03,7721,東京計器,プライム（内国株式）,精密機器,5570,5650,5450,5560,-10,-0.179533,227800,OK
2026-06-03,7722,国際計測器,スタンダード（内国株式）,精密機器,754,762,751,760,8,1.06383,34700,OK
2026-06-03,7723,愛知時計電機,プライム（内国株式）,精密機器,2840,2883,2837,2877,40,1.40994,12000,OK
2026-06-03,7725,インターアクション,プライム（内国株式）,精密機器,2030,2088,2013,2060,17,0.83211,128400,OK
2026-06-03,7726,黒田精工,スタンダード（内国株式）,機械,1373,1435,1368,1396,16,1.15942,28700,OK
2026-06-03,7727,オーバル,スタンダード（内国株式）,精密機器,770,784,763,776,8,1.041667,87100,OK
2026-06-03,7729,東京精密,プライム（内国株式）,精密機器,17250,17955,16975,17715,805,4.760497,552200,OK
2026-06-03,7730,マニー,プライム（内国株式）,精密機器,1696,1713,1666,1669,-32,-1.881246,197200,OK
2026-06-03,7731,ニコン,プライム（内国株式）,精密機器,1848.5,2011,1841,2002,178.5,9.788868,4042900,OK
2026-06-03,7733,オリンパス,プライム（内国株式）,精密機器,1845,1857.5,1820,1852,47,2.603878,5298200,OK
2026-06-03,7734,理研計器,プライム（内国株式）,精密機器,3640,3770,3575,3750,160,4.456825,178200,OK
2026-06-03,7735,ＳＣＲＥＥＮホールディングス,プライム（内国株式）,電気機器,12815,13420,12305,13345,2030,17.940787,4984700,OK
2026-06-03,7740,タムロン,プライム（内国株式）,精密機器,1043,1058,1039,1049,14,1.352657,302900,OK
2026-06-03,7741,ＨＯＹＡ,プライム（内国株式）,精密機器,26500,27575,26360,27495,1190,4.523855,1092900,OK
2026-06-03,7743,シード,スタンダード（内国株式）,精密機器,478,489,477,483,-1,-0.206612,74900,OK
2026-06-03,7744,ノーリツ鋼機,プライム（内国株式）,精密機器,2051,2076,2021,2021,-37,-1.797862,231700,OK
2026-06-03,7745,Ａ＆Ｄホロンホールディングス,プライム（内国株式）,精密機器,2900,3050,2894,3010,142,4.951185,172000,OK
2026-06-03,7746,岡本硝子,スタンダード（内国株式）,精密機器,763,815,763,784,11,1.423027,692200,OK
2026-06-03,7747,朝日インテック,プライム（内国株式）,精密機器,3639,3656,3555,3630,-3,-0.082576,827900,OK
2026-06-03,7749,メディキット,スタンダード（内国株式）,精密機器,2820,2830,2760,2770,-36,-1.282965,2700,OK
2026-06-03,7751,キヤノン,プライム（内国株式）,電気機器,4340,4444,4331,4433,111,2.568255,3879300,OK
2026-06-03,7752,リコー,プライム（内国株式）,電気機器,1486,1530.5,1481.5,1526,46,3.108108,2486400,OK
2026-06-03,7760,ＩＭＶ,スタンダード（内国株式）,精密機器,2556,2588,2506,2534,62,2.508091,82000,OK
2026-06-03,7762,シチズン時計,プライム（内国株式）,精密機器,2319,2385,2305,2348,79,3.48171,1445400,OK
2026-06-03,7769,リズム,プライム（内国株式）,精密機器,3585,3635,3540,3625,45,1.256983,15700,OK
2026-06-03,7771,日本精密,スタンダード（内国株式）,精密機器,326,328,314,322,-3,-0.923077,259800,OK
2026-06-03,7774,ジャパン・ティッシュエンジニアリング,グロース（内国株式）,精密機器,600,600,575,594,-7,-1.164725,106400,OK
2026-06-03,7775,大研医器,スタンダード（内国株式）,精密機器,416,419,413,417,0,0,48600,OK
2026-06-03,7776,セルシード,グロース（内国株式）,精密機器,232,233,228,232,-2,-0.854701,386800,OK
2026-06-03,7777,スリー・ディー・マトリックス,グロース（内国株式）,精密機器,384,386,367,377,-10,-2.583979,3092100,OK
2026-06-03,7779,ＣＹＢＥＲＤＹＮＥ,グロース（内国株式）,精密機器,287,304,278,304,14,4.827586,3034700,OK
2026-06-03,7780,メニコン,プライム（内国株式）,精密機器,1602,1610,1580,1590,-1,-0.062854,195100,OK
2026-06-03,7781,平山ホールディングス,スタンダード（内国株式）,精密機器,1406,1423,1388,1400,7,0.502513,3700,OK
2026-06-03,7782,シンシア,スタンダード（内国株式）,精密機器,443,456,439,456,20,4.587156,4700,OK
2026-06-03,7791,ドリームベッド,スタンダード（内国株式）,その他製品,782,784,778,780,-4,-0.510204,9600,OK
2026-06-03,7792,コラントッテ,グロース（内国株式）,その他製品,1447,1447,1430,1444,24,1.690141,4900,OK
2026-06-03,7793,イメージ・マジック,グロース（内国株式）,その他製品,1495,1516,1475,1511,16,1.070234,1400,OK
2026-06-03,7794,イーディーピー,グロース（内国株式）,その他製品,1102,1130,1070,1070,-12,-1.109057,559200,OK
2026-06-03,7795,ＫＹＯＲＩＴＳＵ,スタンダード（内国株式）,その他製品,190,193,190,193,3,1.578947,42800,OK
2026-06-03,7800,アミファ,スタンダード（内国株式）,その他製品,898,898,864,890,-20,-2.197802,34800,OK
2026-06-03,7803,ブシロード,グロース（内国株式）,その他製品,254,261,248,260,3,1.167315,895000,OK
2026-06-03,7804,ビーアンドピー,スタンダード（内国株式）,その他製品,2103,2133,2101,2126,24,1.14177,1900,OK
2026-06-03,7805,プリントネット,スタンダード（内国株式）,その他製品,755,757,739,745,-9,-1.193634,2800,OK
2026-06-03,7806,ＭＴＧ,グロース（内国株式）,その他製品,7110,7260,7000,7200,270,3.896104,148300,OK
2026-06-03,7807,幸和製作所,スタンダード（内国株式）,その他製品,849,859,835,859,-1,-0.116279,500,OK
2026-06-03,7808,シー・エス・ランバー,スタンダード（内国株式）,その他製品,2627,2635,2621,2621,-6,-0.228397,1200,OK
2026-06-03,7809,壽屋,スタンダード（内国株式）,その他製品,1343,1343,1322,1327,-13,-0.970149,10400,OK
2026-06-03,7810,クロスフォー,スタンダード（内国株式）,その他製品,163,165,162,164,1,0.613497,23800,OK
2026-06-03,7811,中本パックス,スタンダード（内国株式）,その他製品,1843,1875,1835,1867,17,0.918919,18100,OK
2026-06-03,7812,クレステック,スタンダード（内国株式）,その他製品,2030,2030,2010,2010,-5,-0.248139,1700,OK
2026-06-03,7813,プラッツ,スタンダード（内国株式）,その他製品,897,907,874,904,-3,-0.330761,4900,OK
2026-06-03,7814,日本創発グループ,スタンダード（内国株式）,その他製品,581,590,576,588,3,0.512821,17100,OK
2026-06-03,7815,東京ボード工業,スタンダード（内国株式）,その他製品,261,275,257,267,9,3.488372,8400,OK
2026-06-03,7818,トランザクション,プライム（内国株式）,その他製品,1254,1270,1250,1261,-2,-0.158353,85100,OK
2026-06-03,7819,粧美堂,スタンダード（内国株式）,その他製品,845,845,831,839,-4,-0.474496,15800,OK
2026-06-03,7820,ニホンフラッシュ,プライム（内国株式）,その他製品,705,716,701,713,8,1.134752,65600,OK
2026-06-03,7821,前田工繊,プライム（内国株式）,その他製品,1767,1817,1765,1802,35,1.980758,140700,OK
2026-06-03,7822,永大産業,スタンダード（内国株式）,その他製品,239,244,237,240,1,0.41841,53900,OK
2026-06-03,7823,アートネイチャー,スタンダード（内国株式）,その他製品,802,811,800,811,8,0.996264,34800,OK
2026-06-03,7826,フルヤ金属,プライム（内国株式）,その他製品,9290,9360,8740,9170,-20,-0.217628,587800,OK
2026-06-03,7827,オービス,スタンダード（内国株式）,その他製品,1620,1620,1620,1620,3,0.185529,600,OK
2026-06-03,7831,ウイルコホールディングス,スタンダード（内国株式）,その他製品,74,74,72,73,0,0,31700,OK
2026-06-03,7832,バンダイナムコホールディングス,プライム（内国株式）,その他製品,3715,3770,3692,3722,-51,-1.35171,1883200,OK
2026-06-03,7833,アイフィスジャパン,スタンダード（内国株式）,その他製品,620,635,610,635,21,3.420195,7900,OK
2026-06-03,7836,アビックス,スタンダード（内国株式）,その他製品,78,78,77,78,-1,-1.265823,147400,OK
2026-06-03,7837,アールシーコア,スタンダード（内国株式）,その他製品,297,298,297,297,-3,-1,1300,OK
2026-06-03,7839,ＳＨＯＥＩ,プライム（内国株式）,その他製品,1871,1928,1836,1838,17,0.933553,490000,OK
2026-06-03,7840,フランスベッドホールディングス,プライム（内国株式）,その他製品,1185,1209,1175,1202,16,1.349073,47100,OK
2026-06-03,7841,遠藤製作所,スタンダード（内国株式）,その他製品,1047,1072,1040,1066,19,1.814709,48000,OK
2026-06-03,7844,マーベラス,プライム（内国株式）,情報･通信業,454,456,447,455,-4,-0.87146,120400,OK
2026-06-03,7846,パイロットコーポレーション,プライム（内国株式）,その他製品,4854,4940,4851,4900,46,0.947672,66300,OK
2026-06-03,7847,グラファイトデザイン,スタンダード（内国株式）,その他製品,621,630,612,626,2,0.320513,12000,OK
2026-06-03,7849,スターツ出版,スタンダード（内国株式）,情報･通信業,3375,3385,3315,3320,-55,-1.62963,1700,OK
2026-06-03,7850,総合商研,スタンダード（内国株式）,その他製品,841,841,841,841,-5,-0.591017,200,OK
2026-06-03,7851,カワセコンピュータサプライ,スタンダード（内国株式）,その他製品,161,163,160,161,0,0,10300,OK
2026-06-03,7856,萩原工業,プライム（内国株式）,その他製品,1647,1658,1634,1656,28,1.719902,33400,OK
2026-06-03,7857,セキ,スタンダード（内国株式）,その他製品,1288,1300,1280,1280,-28,-2.140673,1200,OK
2026-06-03,7859,アルメディオ,スタンダード（内国株式）,その他製品,287,308,280,307,20,6.968641,649000,OK
2026-06-03,7860,エイベックス,プライム（内国株式）,情報･通信業,1181,1191,1169,1189,7,0.592217,125300,OK
2026-06-03,7863,平賀,スタンダード（内国株式）,その他製品,910,910,910,910,-9,-0.979325,300,OK
2026-06-03,7864,フジシールインターナショナル,プライム（内国株式）,その他製品,2553,2553,2506,2532,-17,-0.666928,144300,OK
2026-06-03,7865,ピープル,スタンダード（内国株式）,その他製品,369,369,363,364,-12,-3.191489,7200,OK
2026-06-03,7867,タカラトミー,プライム（内国株式）,その他製品,3048,3080,2974,2999,-76,-2.471545,715800,OK
2026-06-03,7868,広済堂ホールディングス,プライム（内国株式）,その他製品,623,628,534,554,-64,-10.355987,6111700,OK
2026-06-03,7871,フクビ化学工業,スタンダード（内国株式）,化学,865,890,864,875,9,1.039261,8200,OK
2026-06-03,7872,エステールホールディングス,スタンダード（内国株式）,その他製品,589,591,582,584,-5,-0.848896,6500,OK
2026-06-03,7874,レック,プライム（内国株式）,化学,880,886,857,876,-4,-0.454545,74100,OK
2026-06-03,7875,竹田ｉＰホールディングス,スタンダード（内国株式）,その他製品,705,724,705,717,6,0.843882,15000,OK
2026-06-03,7877,永大化工,スタンダード（内国株式）,化学,1957,1959,1938,1950,13,0.671141,900,OK
2026-06-03,7878,光・彩,スタンダード（内国株式）,その他製品,889,889,866,866,-14,-1.590909,400,OK
2026-06-03,7879,ノダ,スタンダード（内国株式）,その他製品,646,648,640,641,-1,-0.155763,29000,OK
2026-06-03,7883,サンメッセ,スタンダード（内国株式）,その他製品,386,386,380,383,-3,-0.777202,17700,OK
2026-06-03,7885,タカノ,スタンダード（内国株式）,その他製品,1181,1208,1163,1186,5,0.42337,46500,OK
2026-06-03,7886,ヤマト　モビリティ　＆　Ｍｆｇ．,スタンダード（内国株式）,化学,536,556,536,556,0,0,1300,OK
2026-06-03,7887,南海プライウッド,スタンダード（内国株式）,その他製品,1533,1557,1531,1550,11,0.71475,3900,OK
2026-06-03,7888,三光合成,プライム（内国株式）,化学,796,800,787,796,12,1.530612,67100,OK
2026-06-03,7893,プロネクサス,プライム（内国株式）,その他製品,1029,1038,1019,1035,8,0.778968,34900,OK
2026-06-03,7896,セブン工業,スタンダード（内国株式）,その他製品,495,498,495,495,3,0.609756,900,OK
2026-06-03,7897,ホクシン,スタンダード（内国株式）,その他製品,100,101,99,101,1,1,213200,OK
2026-06-03,7898,ウッドワン,スタンダード（内国株式）,その他製品,870,872,860,872,5,0.576701,7900,OK
2026-06-03,7901,マツモト,スタンダード（内国株式）,その他製品,867,876,830,852,-15,-1.730104,12600,OK
2026-06-03,7902,ソノコム,スタンダード（内国株式）,その他製品,1051,1070,1040,1042,-29,-2.70775,2100,OK
2026-06-03,7906,ヨネックス,スタンダード（内国株式）,その他製品,2275,2294,2238,2262,-63,-2.709677,874500,OK
2026-06-03,7908,きもと,スタンダード（内国株式）,化学,236,236,228,228,-7,-2.978723,171200,OK
2026-06-03,7911,ＴＯＰＰＡＮホールディングス,プライム（内国株式）,その他製品,4505,4658,4465,4565,90,2.011173,2387700,OK
2026-06-03,7912,大日本印刷,プライム（内国株式）,その他製品,2646,2788.5,2617,2720.5,74,2.796146,2712600,OK
2026-06-03,7914,共同印刷,プライム（内国株式）,その他製品,1533,1544,1507,1539,13,0.8519,96200,OK
2026-06-03,7915,ＮＩＳＳＨＡ,プライム（内国株式）,その他製品,1570,1600,1551,1583,38,2.459547,209700,OK
2026-06-03,7916,光村印刷,スタンダード（内国株式）,その他製品,1818,1830,1812,1812,-36,-1.948052,1300,OK
2026-06-03,7917,ＺＡＣＲＯＳ,プライム（内国株式）,化学,1275,1290,1268,1277,24,1.915403,112300,OK
2026-06-03,7918,ヴィア・ホールディングス,スタンダード（内国株式）,小売業,103,104,103,103,0,0,33500,OK
2026-06-03,7919,野崎印刷紙業,スタンダード（内国株式）,その他製品,189,189,187,188,-1,-0.529101,3600,OK
2026-06-03,7921,ＴＡＫＡＲＡ　＆　ＣＯＭＰＡＮＹ,プライム（内国株式）,その他製品,2843,2861,2783,2857,-15,-0.522284,31300,OK
2026-06-03,7922,三光産業,スタンダード（内国株式）,その他製品,,,,,,,,NO_QUOTE
2026-06-03,7927,ムトー精工,スタンダード（内国株式）,化学,2224,2260,2224,2235,21,0.948509,24900,OK
2026-06-03,7928,旭化学工業,スタンダード（内国株式）,化学,603,603,600,602,-1,-0.165837,1100,OK
2026-06-03,7931,未来工業,プライム（内国株式）,化学,3015,3055,2988,3020,5,0.165837,32000,OK
2026-06-03,7932,ニッピ,スタンダード（内国株式）,その他製品,11560,11600,11400,11400,-160,-1.384083,7900,OK
2026-06-03,7936,アシックス,プライム（内国株式）,その他製品,4753,4803,4495,4502,-165,-3.535462,4035100,OK
2026-06-03,7937,ツツミ,スタンダード（内国株式）,その他製品,2722,2742,2672,2706,-16,-0.587803,16600,OK
2026-06-03,7938,リーガルコーポレーション,スタンダード（内国株式）,その他製品,2084,2114,2084,2101,13,0.622605,2200,OK
2026-06-03,7939,研創,スタンダード（内国株式）,その他製品,575,575,562,569,-6,-1.043478,900,OK
2026-06-03,7940,ウェーブロックホールディングス,スタンダード（内国株式）,化学,1050,1050,1048,1049,-1,-0.095238,83100,OK
2026-06-03,7942,ＪＳＰ,プライム（内国株式）,化学,2509,2584,2487,2578,55,2.179945,48100,OK
2026-06-03,7943,ニチハ,プライム（内国株式）,ガラス･土石製品,2829,2880,2817,2880,46,1.623147,57300,OK
2026-06-03,7944,ローランド,プライム（内国株式）,その他製品,4390,4625,4390,4570,130,2.927928,89100,OK
2026-06-03,7946,光陽社,スタンダード（内国株式）,その他製品,368,372,366,366,-2,-0.543478,800,OK
2026-06-03,7947,エフピコ,プライム（内国株式）,化学,2352,2386,2342,2371,18,0.764981,172800,OK
2026-06-03,7949,小松ウオール工業,プライム（内国株式）,その他製品,2393,2414,2382,2403,9,0.37594,52000,OK
2026-06-03,7951,ヤマハ,プライム（内国株式）,その他製品,1121.5,1147.5,1114.5,1143.5,29.5,2.648115,1660500,OK
2026-06-03,7952,河合楽器製作所,プライム（内国株式）,その他製品,3145,3245,3145,3215,80,2.551834,10600,OK
2026-06-03,7953,菊水化学工業,スタンダード（内国株式）,その他製品,380,383,379,380,0,0,30600,OK
2026-06-03,7955,クリナップ,プライム（内国株式）,その他製品,891,902,880,885,-6,-0.673401,45100,OK
2026-06-03,7956,ピジョン,プライム（内国株式）,その他製品,1850,1883,1838,1865.5,2.5,0.134192,863600,OK
2026-06-03,7957,フジコピアン,スタンダード（内国株式）,その他製品,1621,1648,1618,1648,18,1.104294,4200,OK
2026-06-03,7962,キングジム,プライム（内国株式）,その他製品,792,798,792,798,6,0.757576,53300,OK
2026-06-03,7963,興研,スタンダード（内国株式）,その他製品,1757,1773,1705,1734,-31,-1.756374,11500,OK
2026-06-03,7965,象印マホービン,プライム（内国株式）,電気機器,1404,1427,1401,1421,6,0.424028,121600,OK
2026-06-03,7966,リンテック,プライム（内国株式）,その他製品,5810,5930,5790,5880,140,2.439024,167200,OK
2026-06-03,7970,信越ポリマー,プライム（内国株式）,化学,2304,2419,2299,2384,93,4.059363,260200,OK
2026-06-03,7971,東リ,スタンダード（内国株式）,化学,597,609,591,608,12,2.013423,122000,OK
2026-06-03,7972,イトーキ,プライム（内国株式）,その他製品,2405,2477,2389,2446,-9,-0.366599,437100,OK
2026-06-03,7974,任天堂,プライム（内国株式）,その他製品,7150,7502,7077,7457,31,0.417452,9246500,OK
2026-06-03,7975,リヒトラブ,スタンダード（内国株式）,その他製品,1070,1086,1066,1086,11,1.023256,3400,OK
2026-06-03,7976,三菱鉛筆,プライム（内国株式）,その他製品,2505,2528,2488,2516,48,1.944895,54900,OK
2026-06-03,7979,松風,プライム（内国株式）,精密機器,1820,1866,1819,1866,38,2.078775,96200,OK
2026-06-03,7980,重松製作所,スタンダード（内国株式）,その他製品,808,817,802,805,-3,-0.371287,22600,OK
2026-06-03,7981,タカラスタンダード,プライム（内国株式）,その他製品,2923,2975,2899,2942,19,0.650017,107100,OK
2026-06-03,7983,ミロク,スタンダード（内国株式）,その他製品,1078,1078,1078,1078,0,0,100,OK
2026-06-03,7984,コクヨ,プライム（内国株式）,その他製品,796.4,801.7,790.6,800.1,-1.8,-0.224467,846500,OK
2026-06-03,7985,ネポン,スタンダード（内国株式）,金属製品,840,840,821,821,-11,-1.322115,700,OK
2026-06-03,7986,日本アイ・エス・ケイ,スタンダード（内国株式）,その他製品,1800,1800,1800,1800,-21,-1.153213,1100,OK
2026-06-03,7987,ナカバヤシ,スタンダード（内国株式）,その他製品,546,554,541,553,7,1.282051,53800,OK
2026-06-03,7988,ニフコ,プライム（内国株式）,化学,4368,4429,4345,4426,103,2.382605,253200,OK
2026-06-03,7989,立川ブラインド工業,プライム（内国株式）,金属製品,2416,2445,2415,2429,13,0.538079,30100,OK
2026-06-03,7990,グローブライド,プライム（内国株式）,その他製品,2395,2432,2386,2414,3,0.12443,105800,OK
2026-06-03,7991,マミヤ・オーピー,スタンダード（内国株式）,機械,1040,1080,1040,1069,30,2.887392,73900,OK
2026-06-03,7992,セーラー万年筆,スタンダード（内国株式）,その他製品,103,105,103,103,-2,-1.904762,47200,OK
2026-06-03,7994,オカムラ,プライム（内国株式）,その他製品,2216,2228,2189,2224,20,0.907441,276500,OK
2026-06-03,7995,バルカー,プライム（内国株式）,化学,8480,8660,8310,8380,-60,-0.7109,139100,OK
2026-06-03,7997,くろがね工作所,スタンダード（内国株式）,その他製品,976,991,970,980,6,0.616016,2500,OK
2026-06-03,7999,ＭＵＴＯＨホールディングス,スタンダード（内国株式）,電気機器,7570,7570,7560,7560,0,0,15400,OK
2026-06-03,8001,伊藤忠商事,プライム（内国株式）,卸売業,1859,1870,1846,1858.5,1,0.053836,12839200,OK
2026-06-03,8002,丸紅,プライム（内国株式）,卸売業,4899,5039,4873,4993,83,1.690428,4772000,OK
2026-06-03,8005,スクロール,プライム（内国株式）,小売業,1638,1655,1632,1643,5,0.30525,203800,OK
2026-06-03,8006,ユアサ・フナショク,スタンダード（内国株式）,卸売業,1502,1502,1480,1480,-22,-1.464714,1100,OK
2026-06-03,8007,高島,プライム（内国株式）,卸売業,726,734,720,731,6,0.827586,166700,OK
2026-06-03,8008,ヨンドシーホールディングス,プライム（内国株式）,小売業,1785,1795,1775,1795,14,0.786075,63700,OK
2026-06-03,8011,三陽商会,プライム（内国株式）,繊維製品,3700,3700,3605,3650,-55,-1.48448,41100,OK
2026-06-03,8012,長瀬産業,プライム（内国株式）,卸売業,1107,1124.5,1095,1119,42,3.899721,1576800,OK
2026-06-03,8013,ナイガイ,スタンダード（内国株式）,繊維製品,350,365,350,362,6,1.685393,19900,OK
2026-06-03,8014,蝶理,プライム（内国株式）,卸売業,3905,4010,3870,4010,110,2.820513,27000,OK
2026-06-03,8015,豊田通商,プライム（内国株式）,卸売業,6445,6600,6431,6500,33,0.510283,1733200,OK
2026-06-03,8016,オンワードホールディングス,プライム（内国株式）,繊維製品,716,728,713,721,1,0.138889,436400,OK
2026-06-03,8018,三共生興,スタンダード（内国株式）,卸売業,866,890,859,890,24,2.771363,44600,OK
2026-06-03,8020,兼松,プライム（内国株式）,卸売業,2012.5,2053,2003.5,2045.5,47.5,2.377377,886800,OK
2026-06-03,8022,美津濃,プライム（内国株式）,その他製品,3215,3280,3190,3200,5,0.156495,260700,OK
2026-06-03,8023,ＤＡＩＫＯ　ＸＴＥＣＨ,スタンダード（内国株式）,情報･通信業,985,991,969,984,-6,-0.606061,13900,OK
2026-06-03,8025,ツカモトコーポレーション,スタンダード（内国株式）,卸売業,1210,1215,1210,1214,0,0,400,OK
2026-06-03,8029,ルックホールディングス,スタンダード（内国株式）,繊維製品,2608,2666,2601,2660,52,1.993865,19600,OK
2026-06-03,8030,中央魚類,スタンダード（内国株式）,卸売業,3430,3455,3430,3455,-5,-0.144509,1000,OK
2026-06-03,8031,三井物産,プライム（内国株式）,卸売業,5085,5108,5000,5059,-7,-0.138176,5080500,OK
2026-06-03,8032,日本紙パルプ商事,プライム（内国株式）,卸売業,1121,1123,1073,1073,-28,-2.543143,303400,OK
2026-06-03,8035,東京エレクトロン,プライム（内国株式）,電気機器,56710,61420,56390,60900,7190,13.386706,5433400,OK
2026-06-03,8037,カメイ,プライム（内国株式）,卸売業,3465,3490,3405,3430,-5,-0.14556,44700,OK
2026-06-03,8039,築地魚市場,スタンダード（内国株式）,卸売業,3660,3690,3650,3690,35,0.957592,3500,OK
2026-06-03,8040,東京ソワール,スタンダード（内国株式）,繊維製品,1041,1051,1039,1040,-1,-0.096061,700,OK
2026-06-03,8041,ＯＵＧホールディングス,スタンダード（内国株式）,卸売業,4245,4270,4245,4250,5,0.117786,2300,OK
2026-06-03,8043,スターゼン,プライム（内国株式）,卸売業,1135,1157,1131,1151,13,1.142355,93600,OK
2026-06-03,8045,横浜丸魚,スタンダード（内国株式）,卸売業,1600,1620,1555,1617,7,0.434783,1700,OK
2026-06-03,8046,丸藤シートパイル,スタンダード（内国株式）,卸売業,821,828,817,824,5,0.610501,13300,OK
2026-06-03,8050,セイコーグループ,プライム（内国株式）,精密機器,7190,7410,7100,7180,-60,-0.828729,308700,OK
2026-06-03,8051,山善,プライム（内国株式）,卸売業,1665,1689,1661,1680,15,0.900901,170900,OK
2026-06-03,8052,椿本興業,プライム（内国株式）,卸売業,2630,2680,2611,2677,45,1.709726,39200,OK
2026-06-03,8053,住友商事,プライム（内国株式）,卸売業,6920,6962,6842,6842,22,0.322581,2636000,OK
2026-06-03,8056,ＢＩＰＲＯＧＹ,プライム（内国株式）,情報･通信業,4572,4625,4501,4572,-201,-4.211188,451800,OK
2026-06-03,8057,内田洋行,プライム（内国株式）,卸売業,2028,2040,1968,1980,-52,-2.559055,392100,OK
2026-06-03,8058,三菱商事,プライム（内国株式）,卸売業,4974,5004,4931,4979,55,1.116978,6640600,OK
2026-06-03,8059,第一実業,プライム（内国株式）,卸売業,2978,3045,2955,3010,54,1.826793,39500,OK
2026-06-03,8060,キヤノンマーケティングジャパン,プライム（内国株式）,卸売業,3647,3709,3639,3675,28,0.767754,445400,OK
2026-06-03,8061,西華産業,プライム（内国株式）,卸売業,3085,3125,3055,3070,-15,-0.486224,160300,OK
2026-06-03,8065,佐藤商事,プライム（内国株式）,卸売業,3250,3330,3215,3300,95,2.964119,35600,OK
2026-06-03,8066,三谷商事,スタンダード（内国株式）,卸売業,2434,2475,2420,2466,-2,-0.081037,8600,OK
2026-06-03,8070,東京産業,プライム（内国株式）,卸売業,775,785,768,778,1,0.1287,97700,OK
2026-06-03,8074,ＹＵＡＳＡ,プライム（内国株式）,卸売業,5360,5460,5320,5420,130,2.457467,45000,OK
2026-06-03,8075,神鋼商事,プライム（内国株式）,卸売業,2342,2373,2331,2342,2,0.08547,37000,OK
2026-06-03,8076,カノークス,スタンダード（内国株式）,卸売業,1965,1965,1932,1948,-2,-0.102564,16100,OK
2026-06-03,8077,トルク,スタンダード（内国株式）,卸売業,207,208,206,207,0,0,4000,OK
2026-06-03,8078,阪和興業,プライム（内国株式）,卸売業,1744,1752,1717,1734,28,1.641266,632800,OK
2026-06-03,8079,正栄食品工業,プライム（内国株式）,卸売業,3915,3950,3900,3945,30,0.766284,45600,OK
2026-06-03,8081,カナデン,プライム（内国株式）,卸売業,2544,2590,2502,2557,37,1.468254,46200,OK
2026-06-03,8084,ＲＹＯＤＥＮ,プライム（内国株式）,卸売業,3740,3825,3700,3805,80,2.147651,40000,OK
2026-06-03,8085,ナラサキ産業,スタンダード（内国株式）,卸売業,4005,4020,3995,4000,0,0,2900,OK
2026-06-03,8086,ニプロ,プライム（内国株式）,精密機器,1697,1739.5,1687.5,1734,22,1.285047,548300,OK
2026-06-03,8088,岩谷産業,プライム（内国株式）,卸売業,1935.5,2024.5,1933,2012,116.5,6.146136,996000,OK
2026-06-03,8089,ナイス,スタンダード（内国株式）,卸売業,1856,1885,1851,1851,-19,-1.016043,1100,OK
2026-06-03,8091,ニチモウ,プライム（内国株式）,卸売業,2131,2147,2092,2135,11,0.517891,41800,OK
2026-06-03,8093,極東貿易,プライム（内国株式）,卸売業,1728,1737,1711,1727,-1,-0.05787,37200,OK
2026-06-03,8095,アステナホールディングス,プライム（内国株式）,卸売業,477,480,472,479,7,1.483051,101100,OK
2026-06-03,8097,三愛オブリ,プライム（内国株式）,卸売業,2057,2091,2045,2088,51,2.503682,77200,OK
2026-06-03,8098,稲畑産業,プライム（内国株式）,卸売業,3730,3830,3720,3800,85,2.288022,118300,OK
2026-06-03,8101,ＧＳＩクレオス,プライム（内国株式）,卸売業,2258,2295,2250,2295,37,1.638618,27500,OK
2026-06-03,8103,明和産業,プライム（内国株式）,卸売業,880,893,870,885,7,0.797267,238800,OK
2026-06-03,8104,クワザワホールディングス,スタンダード（内国株式）,卸売業,615,633,611,622,7,1.138211,33700,OK
2026-06-03,8105,Ｂｉｔｃｏｉｎ　Ｊａｐａｎ,スタンダード（内国株式）,卸売業,250,356,250,356,80,28.985507,102967400,OK
2026-06-03,8107,キムラタン,スタンダード（内国株式）,繊維製品,32,33,32,32,0,0,369800,OK
2026-06-03,8111,ゴールドウイン,プライム（内国株式）,繊維製品,2071.5,2117.5,2068,2109,27.5,1.321163,444400,OK
2026-06-03,8113,ユニ・チャーム,プライム（内国株式）,化学,906.1,924.3,906,914.4,-15.7,-1.687991,6555000,OK
2026-06-03,8115,ムーンバット,スタンダード（内国株式）,卸売業,1618,1641,1612,1641,11,0.674847,3300,OK
2026-06-03,8117,中央自動車工業,スタンダード（内国株式）,卸売業,2012,2038,1963,1963,-32,-1.60401,90800,OK
2026-06-03,8118,キング,スタンダード（内国株式）,繊維製品,1112,1112,1075,1077,-38,-3.408072,3200,OK
2026-06-03,8119,三栄コーポレーション,スタンダード（内国株式）,卸売業,758,758,754,754,-2,-0.26455,5100,OK
2026-06-03,8123,川辺,スタンダード（内国株式）,卸売業,1311,1315,1311,1312,-3,-0.228137,300,OK
2026-06-03,8125,ワキタ,プライム（内国株式）,卸売業,1626,1645,1614,1635,9,0.553506,157700,OK
2026-06-03,8127,ヤマトインターナショナル,スタンダード（内国株式）,繊維製品,582,589,580,588,-1,-0.169779,6500,OK
2026-06-03,8129,東邦ホールディングス,プライム（内国株式）,卸売業,4033,4120,4023,4114,64,1.580247,86500,OK
2026-06-03,8130,サンゲツ,プライム（内国株式）,卸売業,2825,2845,2819,2838,13,0.460177,200900,OK
2026-06-03,8131,ミツウロコグループホールディングス,スタンダード（内国株式）,卸売業,1737,1777,1724,1774,31,1.778543,40800,OK
2026-06-03,8132,シナネンホールディングス,プライム（内国株式）,卸売業,7910,8060,7520,7630,-280,-3.539823,3200,OK
2026-06-03,8133,伊藤忠エネクス,プライム（内国株式）,卸売業,1947,1974,1935,1948,6,0.30896,90400,OK
2026-06-03,8135,ゼット,スタンダード（内国株式）,卸売業,410,416,409,410,-1,-0.243309,18400,OK
2026-06-03,8136,サンリオ,プライム（内国株式）,卸売業,881,913.3,876,909,13,1.450893,21323100,OK
2026-06-03,8137,サンワテクノス,プライム（内国株式）,卸売業,3835,3880,3820,3840,25,0.655308,51500,OK
2026-06-03,8138,三京化成,スタンダード（内国株式）,卸売業,3900,3900,3900,3900,5,0.12837,100,OK
2026-06-03,8139,ナガホリ,スタンダード（内国株式）,卸売業,2344,2350,2250,2250,-44,-1.918047,42500,OK
2026-06-03,8141,新光商事,プライム（内国株式）,卸売業,1578,1580,1577,1579,0,0,722600,OK
2026-06-03,8142,トーホー,プライム（内国株式）,卸売業,1324,1328,1303,1308,-9,-0.683371,71300,OK
2026-06-03,8143,ラピーヌ,スタンダード（内国株式）,繊維製品,176,176,174,174,-3,-1.694915,1000,OK
2026-06-03,8144,デンキョーグループホールディングス,スタンダード（内国株式）,卸売業,1310,1315,1310,1315,1,0.076104,200,OK
2026-06-03,8147,トミタ,スタンダード（内国株式）,卸売業,1241,1250,1233,1250,2,0.160256,1800,OK
2026-06-03,8150,三信電気,プライム（内国株式）,卸売業,2759,2835,2759,2826,77,2.801019,59600,OK
2026-06-03,8151,東陽テクニカ,プライム（内国株式）,卸売業,2049,2094,2032,2074,56,2.775025,211900,OK
2026-06-03,8152,ソマール,スタンダード（内国株式）,卸売業,7300,7500,7230,7480,30,0.402685,2200,OK
2026-06-03,8153,モスフードサービス,プライム（内国株式）,卸売業,3460,3490,3430,3450,-10,-0.289017,119800,OK
2026-06-03,8154,加賀電子,プライム（内国株式）,卸売業,4900,4980,4805,4845,-5,-0.103093,503900,OK
2026-06-03,8157,都築電気,プライム（内国株式）,情報･通信業,4100,4145,4020,4050,-50,-1.219512,37500,OK
2026-06-03,8158,ソーダニッカ,プライム（内国株式）,卸売業,1072,1102,1070,1100,31,2.899906,79300,OK
2026-06-03,8159,立花エレテック,プライム（内国株式）,卸売業,3135,3250,3120,3210,75,2.392344,36700,OK
2026-06-03,8160,木曽路,プライム（内国株式）,小売業,2260,2299,2250,2289,29,1.283186,76200,OK
2026-06-03,8163,ＳＲＳホールディングス,プライム（内国株式）,小売業,1129,1147,1122,1143,14,1.240035,92400,OK
2026-06-03,8165,千趣会,スタンダード（内国株式）,小売業,116,120,115,120,5,4.347826,226100,OK
2026-06-03,8166,タカキュー,スタンダード（内国株式）,小売業,79,80,79,79,0,0,31300,OK
2026-06-03,8167,リテールパートナーズ,プライム（内国株式）,小売業,1241,1244,1230,1237,-5,-0.402576,63200,OK
2026-06-03,8173,Ｊｏｓｈｉｎ,プライム（内国株式）,小売業,3150,3180,3100,3165,35,1.118211,64400,OK
2026-06-03,8174,日本瓦斯,プライム（内国株式）,小売業,2800,2835.5,2782.5,2811.5,25,0.897183,289500,OK
2026-06-03,8179,ロイヤルホールディングス,プライム（内国株式）,小売業,1222,1239,1213,1233,2,0.16247,521100,OK
2026-06-03,8181,東天紅,スタンダード（内国株式）,小売業,967,990,967,975,8,0.827301,3200,OK
2026-06-03,8185,チヨダ,プライム（内国株式）,小売業,944,949,936,946,7,0.745474,75500,OK
2026-06-03,8194,ライフコーポレーション,プライム（内国株式）,小売業,2468,2520,2440,2515,56,2.277349,328200,OK
2026-06-03,8198,マックスバリュ東海,スタンダード（内国株式）,小売業,3210,3240,3150,3210,0,0,29300,OK
2026-06-03,8200,リンガーハット,プライム（内国株式）,小売業,2050,2079,2033,2074,23,1.121404,149100,OK
2026-06-03,8202,ラオックスホールディングス,スタンダード（内国株式）,小売業,147,148,146,147,0,0,122900,OK
2026-06-03,8203,ＭｒＭａｘＨＤ,プライム（内国株式）,小売業,704,712,702,707,3,0.426136,31600,OK
2026-06-03,8207,テンアライド,スタンダード（内国株式）,小売業,282,283,281,281,0,0,19200,OK
2026-06-03,8214,ＡＯＫＩホールディングス,プライム（内国株式）,小売業,1559,1585,1556,1575,12,0.767754,138900,OK
2026-06-03,8217,オークワ,プライム（内国株式）,小売業,772,772,762,769,1,0.130208,76700,OK
2026-06-03,8218,コメリ,プライム（内国株式）,小売業,3425,3500,3420,3490,65,1.89781,83100,OK
2026-06-03,8219,青山商事,プライム（内国株式）,小売業,666,679,662,675,4,0.596125,889800,OK
2026-06-03,8225,タカチホ,スタンダード（内国株式）,卸売業,3285,3285,3285,3285,-65,-1.940299,100,OK
2026-06-03,8226,理経,スタンダード（内国株式）,卸売業,424,424,403,405,-22,-5.152225,276900,OK
2026-06-03,8227,しまむら,プライム（内国株式）,小売業,3213,3309,3200,3298,63,1.94745,726400,OK
2026-06-03,8230,はせがわ,スタンダード（内国株式）,小売業,312,313,310,311,0,0,16300,OK
2026-06-03,8233,高島屋,プライム（内国株式）,小売業,2069,2082.5,2016.5,2025.5,-41,-1.984031,1850000,OK
2026-06-03,8237,松屋,プライム（内国株式）,小売業,1564,1567,1455,1495,-134,-8.225905,829000,OK
2026-06-03,8242,エイチ・ツー・オー　リテイリング,プライム（内国株式）,小売業,2610,2619.5,2548.5,2560,-33.5,-1.291691,472100,OK
2026-06-03,8244,近鉄百貨店,スタンダード（内国株式）,小売業,1715,1733,1715,1728,12,0.699301,24200,OK
2026-06-03,8247,大和,スタンダード（内国株式）,小売業,262,277,261,274,12,4.580153,52300,OK
2026-06-03,8252,丸井グループ,プライム（内国株式）,小売業,2696,2720,2678,2718.5,7,0.25816,1028600,OK
2026-06-03,8253,クレディセゾン,プライム（内国株式）,その他金融業,4047,4053,3973,4041,11,0.272953,815200,OK
2026-06-03,8254,さいか屋,スタンダード（内国株式）,小売業,231,290,226,290,80,38.095238,1795800,OK
2026-06-03,8255,アクシアル　リテイリング,プライム（内国株式）,小売業,1021,1021,1005,1019,-7,-0.682261,163900,OK
2026-06-03,8260,井筒屋,スタンダード（内国株式）,小売業,361,387,361,379,19,5.277778,91300,OK
2026-06-03,8267,イオン,プライム（内国株式）,小売業,1342,1359.5,1322,1351,2.5,0.185391,6729300,OK
2026-06-03,8273,イズミ,プライム（内国株式）,小売業,891,904,886,901,6,0.670391,518500,OK
2026-06-03,8275,フォーバル,スタンダード（内国株式）,卸売業,1002,1015,1002,1003,-2,-0.199005,7400,OK
2026-06-03,8276,平和堂,プライム（内国株式）,小売業,2456,2512,2442,2508,49,1.99268,117900,OK
2026-06-03,8278,フジ,プライム（内国株式）,小売業,1888,1913,1877,1913,25,1.324153,133400,OK
2026-06-03,8281,ゼビオホールディングス,プライム（内国株式）,小売業,1032,1042,1006,1015,-16,-1.551891,256800,OK
2026-06-03,8282,ケーズホールディングス,プライム（内国株式）,小売業,2045,2086,2041.5,2045,-10.5,-0.510825,681900,OK
2026-06-03,8283,ＰＡＬＴＡＣ,プライム（内国株式）,卸売業,6632,6635,6632,6632,0,0,391000,OK
2026-06-03,8285,三谷産業,スタンダード（内国株式）,卸売業,623,640,609,640,12,1.910828,103300,OK
2026-06-03,8289,Ｏｌｙｍｐｉｃグループ,スタンダード（内国株式）,小売業,955,968,953,968,3,0.310881,70800,OK
2026-06-03,8291,日産東京販売ホールディングス,スタンダード（内国株式）,小売業,574,583,567,580,23,4.129264,282400,OK
2026-06-03,8303,ＳＢＩ新生銀行,プライム（内国株式）,銀行業,1364,1412,1333,1392,33,2.428256,7833600,OK
2026-06-03,8304,あおぞら銀行,プライム（内国株式）,銀行業,2669,2724.5,2648,2703.5,48.5,1.826742,991900,OK
2026-06-03,8306,三菱ＵＦＪフィナンシャル・グループ,プライム（内国株式）,銀行業,3062,3149,3052,3137,91,2.987525,46784900,OK
2026-06-03,8308,りそなホールディングス,プライム（内国株式）,銀行業,2035,2090.5,2033.5,2052.5,29.5,1.45823,7162100,OK
2026-06-03,8309,三井住友トラストグループ,プライム（内国株式）,銀行業,5579,5722,5576,5719,163,2.933765,2874700,OK
2026-06-03,8316,三井住友フィナンシャルグループ,プライム（内国株式）,銀行業,6040,6156,6012,6148,197,3.310368,15691600,OK
2026-06-03,8331,千葉銀行,プライム（内国株式）,銀行業,2310.5,2350.5,2300.5,2338.5,58,2.543302,1983100,OK
2026-06-03,8334,群馬銀行,プライム（内国株式）,銀行業,2199,2199,2166.5,2199,32.5,1.500115,715400,OK
2026-06-03,8336,武蔵野銀行,プライム（内国株式）,銀行業,2399,2407,2357,2384,-13,-0.542345,484200,OK
2026-06-03,8337,千葉興業銀行,プライム（内国株式）,銀行業,2300,2324,2275,2323,38,1.66302,210200,OK
2026-06-03,8338,筑波銀行,プライム（内国株式）,銀行業,605,606,590,603,8,1.344538,1000200,OK
2026-06-03,8341,七十七銀行,プライム（内国株式）,銀行業,3131,3151,3070,3084,-26,-0.836013,496600,OK
2026-06-03,8343,秋田銀行,プライム（内国株式）,銀行業,5800,5890,5710,5830,30,0.517241,74500,OK
2026-06-03,8344,山形銀行,プライム（内国株式）,銀行業,3055,3065,2972,2975,-80,-2.618658,91700,OK
2026-06-03,8345,岩手銀行,プライム（内国株式）,銀行業,1869,1891,1841,1856,-22,-1.171459,254800,OK
2026-06-03,8346,東邦銀行,プライム（内国株式）,銀行業,748,753,731,738,-2,-0.27027,552700,OK
2026-06-03,8349,東北銀行,スタンダード（内国株式）,銀行業,1331,1347,1325,1331,-4,-0.299625,16400,OK
2026-06-03,8354,ふくおかフィナンシャルグループ,プライム（内国株式）,銀行業,6388,6613,6385,6535,167,2.622487,775600,OK
2026-06-03,8358,スルガ銀行,プライム（内国株式）,銀行業,2250,2265,2212,2229,-6,-0.268456,628800,OK
2026-06-03,8359,八十二長野銀行,プライム（内国株式）,銀行業,2348,2351,2296,2311.5,-3,-0.129618,1428400,OK
2026-06-03,8360,山梨中央銀行,プライム（内国株式）,銀行業,5890,5910,5670,5860,70,1.208981,106400,OK
2026-06-03,8361,大垣共立銀行,プライム（内国株式）,銀行業,7150,7200,7000,7080,-40,-0.561798,159000,OK
2026-06-03,8362,福井銀行,プライム（内国株式）,銀行業,5200,5310,5040,5230,30,0.576923,119900,OK
2026-06-03,8364,清水銀行,プライム（内国株式）,銀行業,2390,2399,2361,2387,-22,-0.913242,27800,OK
2026-06-03,8365,富山銀行,スタンダード（内国株式）,銀行業,2019,2043,2000,2004,-23,-1.134682,4100,OK
2026-06-03,8366,滋賀銀行,プライム（内国株式）,銀行業,1959,1989,1944,1972,14,0.715015,589600,OK
2026-06-03,8367,南都銀行,プライム（内国株式）,銀行業,1664,1666,1619,1638,-26,-1.5625,518400,OK
2026-06-03,8368,百五銀行,プライム（内国株式）,銀行業,1879,1891,1839,1864,3,0.161204,621700,OK
2026-06-03,8370,紀陽銀行,プライム（内国株式）,銀行業,4260,4285,4210,4230,-10,-0.235849,139000,OK
2026-06-03,8377,ほくほくフィナンシャルグループ,プライム（内国株式）,銀行業,6317,6372,6232,6288,-29,-0.459079,268000,OK
2026-06-03,8381,山陰合同銀行,プライム（内国株式）,銀行業,2055,2083,2047,2059,8,0.390054,523300,OK
2026-06-03,8383,鳥取銀行,スタンダード（内国株式）,銀行業,1430,1451,1427,1448,1,0.069109,26600,OK
2026-06-03,8386,百十四銀行,プライム（内国株式）,銀行業,2402,2423,2364,2386,-30,-1.241722,426000,OK
2026-06-03,8387,四国銀行,プライム（内国株式）,銀行業,2736,2747,2681,2699,-27,-0.990462,93300,OK
2026-06-03,8388,阿波銀行,プライム（内国株式）,銀行業,6600,6650,6490,6590,10,0.151976,76800,OK
2026-06-03,8392,大分銀行,プライム（内国株式）,銀行業,2197,2210,2091,2165,-13,-0.596878,396400,OK
2026-06-03,8393,宮崎銀行,プライム（内国株式）,銀行業,1930,1950,1871,1890,-35,-1.818182,288300,OK
2026-06-03,8395,佐賀銀行,プライム（内国株式）,銀行業,5280,5290,5120,5150,-60,-1.151631,33200,OK
2026-06-03,8399,琉球銀行,プライム（内国株式）,銀行業,2510,2510,2430,2440,-51,-2.047371,127300,OK
2026-06-03,8410,セブン銀行,プライム（内国株式）,銀行業,272.2,276.9,271.8,275.8,4.3,1.583794,4905600,OK
2026-06-03,8411,みずほフィナンシャルグループ,プライム（内国株式）,銀行業,7500,7687,7389,7633,287,3.906888,12383200,OK
2026-06-03,8416,高知銀行,スタンダード（内国株式）,銀行業,1205,1227,1196,1224,22,1.830283,19200,OK
2026-06-03,8418,山口フィナンシャルグループ,プライム（内国株式）,銀行業,2700,2720,2673.5,2704,22.5,0.839083,615800,OK
2026-06-03,8424,芙蓉総合リース,プライム（内国株式）,その他金融業,4054,4107,4036,4089,8,0.19603,190400,OK
2026-06-03,8425,みずほリース,プライム（内国株式）,その他金融業,1250,1255,1229,1233,-11,-0.884244,603200,OK
2026-06-03,8439,東京センチュリー,プライム（内国株式）,その他金融業,2410.5,2416.5,2360,2364,42.5,1.830713,788200,OK
2026-06-03,8473,ＳＢＩホールディングス,プライム（内国株式）,証券･商品先物取引業,2935,2945,2868,2885,-83,-2.796496,4058000,OK
2026-06-03,8508,Ｊトラスト,スタンダード（内国株式）,その他金融業,750,755,720,734,-1,-0.136054,883700,OK
2026-06-03,8511,日本証券金融,プライム（内国株式）,その他金融業,2264,2303,2237,2299,47,2.087034,200600,OK
2026-06-03,8518,日本アジア投資,スタンダード（内国株式）,証券･商品先物取引業,138,139,136,139,2,1.459854,87900,OK
2026-06-03,8522,名古屋銀行,プライム（内国株式）,銀行業,5670,5700,5500,5630,-80,-1.401051,264600,OK
2026-06-03,8524,北洋銀行,プライム（内国株式）,銀行業,955,973,948,963,11,1.155462,1882000,OK
2026-06-03,8537,大光銀行,スタンダード（内国株式）,銀行業,2704,2768,2676,2752,30,1.102131,31900,OK
2026-06-03,8541,愛媛銀行,プライム（内国株式）,銀行業,1968,1977,1928,1930,-18,-0.924025,125000,OK
2026-06-03,8542,トマト銀行,スタンダード（内国株式）,銀行業,1420,1424,1402,1409,-5,-0.353607,16500,OK
2026-06-03,8544,京葉銀行,プライム（内国株式）,銀行業,2486,2486,2383,2418,-58,-2.342488,558700,OK
2026-06-03,8550,栃木銀行,プライム（内国株式）,銀行業,931,932,895,921,12,1.320132,555300,OK
2026-06-03,8551,北日本銀行,プライム（内国株式）,銀行業,5290,5360,5210,5270,-30,-0.566038,15300,OK
2026-06-03,8558,東和銀行,プライム（内国株式）,銀行業,1361,1374,1314,1325,-29,-2.141802,231700,OK
2026-06-03,8562,福島銀行,スタンダード（内国株式）,銀行業,337,338,326,332,1,0.302115,232100,OK
2026-06-03,8563,大東銀行,スタンダード（内国株式）,銀行業,950,954,939,944,1,0.106045,60500,OK
2026-06-03,8566,リコーリース,プライム（内国株式）,その他金融業,5980,5980,5910,5950,40,0.676819,46800,OK
2026-06-03,8570,イオンフィナンシャルサービス,プライム（内国株式）,その他金融業,1463,1467.5,1447,1459,-1,-0.068493,523100,OK
2026-06-03,8572,アコム,スタンダード（内国株式）,その他金融業,447.2,452.5,445.9,450.5,2,0.445931,1447800,OK
2026-06-03,8584,ジャックス,プライム（内国株式）,その他金融業,3355,3440,3355,3435,50,1.477105,211600,OK
2026-06-03,8585,オリエントコーポレーション,プライム（内国株式）,その他金融業,852,863,847,862,17,2.011834,971200,OK
2026-06-03,8591,オリックス,プライム（内国株式）,その他金融業,6242,6368,6215,6300,80,1.286174,4230200,OK
2026-06-03,8593,三菱ＨＣキャピタル,プライム（内国株式）,その他金融業,1266,1271,1249,1265,0,0,5407100,OK
2026-06-03,8595,ジャフコ　グループ,プライム（内国株式）,証券･商品先物取引業,2227,2240,2202,2202,-31,-1.388267,408000,OK
2026-06-03,8596,九州リースサービス,スタンダード（内国株式）,その他金融業,1399,1399,1379,1385,-13,-0.9299,61700,OK
2026-06-03,8600,トモニホールディングス,プライム（内国株式）,銀行業,857,861,846,848,-8,-0.934579,529100,OK
2026-06-03,8601,大和証券グループ本社,プライム（内国株式）,証券･商品先物取引業,1496,1542.5,1495,1532.5,33.5,2.234823,3870400,OK
2026-06-03,8604,野村ホールディングス,プライム（内国株式）,証券･商品先物取引業,1324,1354.5,1321.5,1350.5,26.5,2.001511,13692100,OK
2026-06-03,8609,岡三証券グループ,プライム（内国株式）,証券･商品先物取引業,950,960,936,936,-7,-0.742312,432900,OK
2026-06-03,8613,丸三証券,プライム（内国株式）,証券･商品先物取引業,1046,1052,1041,1048,5,0.479386,139000,OK
2026-06-03,8614,東洋証券,プライム（内国株式）,証券･商品先物取引業,608,611,602,608,2,0.330033,390600,OK
2026-06-03,8616,東海東京フィナンシャル・ホールディングス,プライム（内国株式）,証券･商品先物取引業,707,712,701,707,0,0,1019000,OK
2026-06-03,8617,光世証券,スタンダード（内国株式）,証券･商品先物取引業,530,540,530,533,-7,-1.296296,1300,OK
2026-06-03,8622,水戸証券,プライム（内国株式）,証券･商品先物取引業,632,639,630,635,2,0.315956,189700,OK
2026-06-03,8624,いちよし証券,プライム（内国株式）,証券･商品先物取引業,1276,1308,1264,1306,37,2.915682,98900,OK
2026-06-03,8628,松井証券,プライム（内国株式）,証券･商品先物取引業,959,961,945,948,-9,-0.940439,619200,OK
2026-06-03,8630,ＳＯＭＰＯホールディングス,プライム（内国株式）,保険業,5870,5957,5870,5900,0,0,2946900,OK
2026-06-03,8697,日本取引所グループ,プライム（内国株式）,その他金融業,2017,2147.5,2005.5,2133,180,9.21659,9137100,OK
2026-06-03,8698,マネックスグループ,プライム（内国株式）,証券･商品先物取引業,643,647,635,642,0,0,1708500,OK
2026-06-03,8699,ＨＳホールディングス,スタンダード（内国株式）,証券･商品先物取引業,1148,1157,1139,1147,9,0.790861,506600,OK
2026-06-03,8700,丸八証券,スタンダード（内国株式）,証券･商品先物取引業,1711,1716,1708,1716,5,0.292227,2200,OK
2026-06-03,8704,トレイダーズホールディングス,スタンダード（内国株式）,証券･商品先物取引業,1195,1210,1174,1178,-11,-0.925147,69100,OK
2026-06-03,8705,日産証券グループ,スタンダード（内国株式）,証券･商品先物取引業,229,231,226,228,-1,-0.436681,76200,OK
2026-06-03,8706,極東証券,プライム（内国株式）,証券･商品先物取引業,1530,1548,1529,1539,6,0.391389,167400,OK
2026-06-03,8707,岩井コスモホールディングス,プライム（内国株式）,証券･商品先物取引業,3840,3890,3800,3880,60,1.570681,89200,OK
2026-06-03,8708,アイザワ証券グループ,プライム（内国株式）,証券･商品先物取引業,1420,1428,1405,1422,-1,-0.070274,76700,OK
2026-06-03,8713,フィデアホールディングス,プライム（内国株式）,銀行業,1932,1943,1910,1931,0,0,47000,OK
2026-06-03,8714,池田泉州ホールディングス,プライム（内国株式）,銀行業,953,960,940,947,-1,-0.105485,949200,OK
2026-06-03,8715,アニコム　ホールディングス,プライム（内国株式）,保険業,1234,1234,1176,1189,-32,-2.620803,321600,OK
2026-06-03,8725,ＭＳ＆ＡＤインシュアランスグループホールディングス,プライム（内国株式）,保険業,4311,4365,4294,4294,28,0.656353,4192300,OK
2026-06-03,8729,ソニーフィナンシャルグループ,プライム（内国株式）,保険業,137,140.3,135.8,140,1.7,1.229212,57904700,OK
2026-06-03,8737,あかつき本社,スタンダード（内国株式）,証券･商品先物取引業,598,598,584,590,-5,-0.840336,77300,OK
2026-06-03,8739,スパークス・グループ,プライム（内国株式）,証券･商品先物取引業,2124,2151,2090,2126,2,0.094162,175000,OK
2026-06-03,8742,小林洋行,スタンダード（内国株式）,証券･商品先物取引業,550,554,550,551,1,0.181818,4000,OK
2026-06-03,8746,ｕｎｂａｎｋｅｄ,スタンダード（内国株式）,証券･商品先物取引業,205,206,195,199,-11,-5.238095,225300,OK
2026-06-03,8747,豊トラスティ証券,スタンダード（内国株式）,証券･商品先物取引業,2143,2160,2113,2123,-26,-1.209865,7200,OK
2026-06-03,8750,第一ライフグループ,プライム（内国株式）,保険業,1628.5,1655,1626.5,1650,28,1.726264,6635000,OK
2026-06-03,8766,東京海上ホールディングス,プライム（内国株式）,保険業,7114,7167,7043,7098,52,0.738007,4571900,OK
2026-06-03,8769,アドバンテッジリスクマネジメント,スタンダード（内国株式）,サービス業,489,489,476,482,-7,-1.431493,37300,OK
2026-06-03,8771,イー・ギャランティ,プライム（内国株式）,その他金融業,1672,1675,1644,1657,-10,-0.59988,143300,OK
2026-06-03,8772,アサックス,スタンダード（内国株式）,その他金融業,810,810,797,805,-11,-1.348039,9800,OK
2026-06-03,8783,ａｂｃ,スタンダード（内国株式）,その他金融業,111,117,107,116,-5,-4.132231,876000,OK
2026-06-03,8789,フィンテック　グローバル,スタンダード（内国株式）,その他金融業,124,125,123,123,-1,-0.806452,841200,OK
2026-06-03,8793,ＮＥＣキャピタルソリューション,プライム（内国株式）,その他金融業,3885,3930,3850,3930,60,1.550388,26100,OK
2026-06-03,8795,Ｔ＆Ｄホールディングス,プライム（内国株式）,保険業,4211,4258,4130,4231,-19,-0.447059,2422000,OK
2026-06-03,8798,アドバンスクリエイト,プライム（内国株式）,保険業,134,150,132,148,16,12.121212,328800,OK
2026-06-03,8801,三井不動産,プライム（内国株式）,不動産業,1515,1520,1476.5,1478.5,-32,-2.118504,8128100,OK
2026-06-03,8802,三菱地所,プライム（内国株式）,不動産業,3986,4041,3950,3957,-16,-0.402718,2840800,OK
2026-06-03,8803,平和不動産,プライム（内国株式）,不動産業,2298,2320,2281,2310,15,0.653595,144700,OK
2026-06-03,8804,東京建物,プライム（内国株式）,不動産業,3212,3226,3178,3202,-3,-0.093604,858500,OK
2026-06-03,8818,京阪神ビルディング,プライム（内国株式）,不動産業,2190,2190,2137,2144,-52,-2.367942,119700,OK
2026-06-03,8830,住友不動産,プライム（内国株式）,不動産業,3699,3700,3615,3641,-36,-0.979059,2483400,OK
2026-06-03,8835,太平洋興発,スタンダード（内国株式）,卸売業,752,762,742,748,-2,-0.266667,78800,OK
2026-06-03,8836,ＲＩＳＥ,スタンダード（内国株式）,不動産業,24,24,23,24,0,0,416600,OK
2026-06-03,8841,テーオーシー,スタンダード（内国株式）,不動産業,993,993,955,960,-30,-3.030303,105000,OK
2026-06-03,8844,コスモスイニシア,スタンダード（内国株式）,不動産業,1155,1176,1147,1171,16,1.385281,51100,OK
2026-06-03,8848,レオパレス２１,プライム（内国株式）,不動産業,606,621,603,620,11,1.80624,1110300,OK
2026-06-03,8850,スターツコーポレーション,プライム（内国株式）,不動産業,4460,4525,4450,4495,35,0.784753,74400,OK
2026-06-03,8860,フジ住宅,プライム（内国株式）,不動産業,737,742,731,735,-2,-0.27137,69600,OK
2026-06-03,8864,空港施設,スタンダード（内国株式）,不動産業,851,865,848,864,11,1.289566,114200,OK
2026-06-03,8869,明和地所,スタンダード（内国株式）,不動産業,770,778,756,777,6,0.77821,159300,OK
2026-06-03,8871,ゴールドクレスト,スタンダード（内国株式）,不動産業,3400,3400,3305,3305,-110,-3.221083,43800,OK
2026-06-03,8876,リログループ,プライム（内国株式）,サービス業,1791,1840,1764,1835,40,2.228412,593100,OK
2026-06-03,8877,エスリード,プライム（内国株式）,不動産業,4820,4885,4800,4855,35,0.726141,31900,OK
2026-06-03,8881,日神グループホールディングス,プライム（内国株式）,不動産業,625,632,621,626,6,0.967742,119500,OK
2026-06-03,8887,シーラホールディングス,スタンダード（内国株式）,不動産業,341,350,336,348,6,1.754386,175700,OK
2026-06-03,8891,ＡＭＧホールディングス,スタンダード（内国株式）,不動産業,1699,1719,1687,1696,2,0.118064,9900,OK
2026-06-03,8892,エスコン,プライム（内国株式）,不動産業,1067,1084,1066,1081,12,1.122544,159400,OK
2026-06-03,8894,ＲＥＶＯＬＵＴＩＯＮ,スタンダード（内国株式）,不動産業,26,30,25,27,2,8,2439600,OK
2026-06-03,8897,ＭＩＲＡＲＴＨホールディングス,プライム（内国株式）,不動産業,414,416,410,412,0,0,482700,OK
2026-06-03,8898,センチュリー２１・ジャパン,スタンダード（内国株式）,不動産業,1117,1121,1115,1120,3,0.268577,1600,OK
2026-06-03,8904,ＡＶＡＮＴＩＡ,スタンダード（内国株式）,不動産業,809,813,809,809,-1,-0.123457,7600,OK
2026-06-03,8908,毎日コムネット,スタンダード（内国株式）,不動産業,829,837,822,828,-1,-0.120627,17200,OK
2026-06-03,8912,エリアクエスト,スタンダード（内国株式）,不動産業,175,176,174,176,1,0.571429,22000,OK
2026-06-03,8914,エリアリンク,スタンダード（内国株式）,不動産業,958,961,935,938,-21,-2.189781,57800,OK
2026-06-03,8917,ファースト住建,スタンダード（内国株式）,不動産業,1011,1030,1009,1027,15,1.482213,41800,OK
2026-06-03,8918,ランド,スタンダード（内国株式）,不動産業,10,11,10,10,0,0,256664600,OK
2026-06-03,8919,カチタス,プライム（内国株式）,不動産業,3465,3485,3425,3465,10,0.289436,123400,OK
2026-06-03,8920,東祥,スタンダード（内国株式）,サービス業,718,720,698,709,-9,-1.253482,135900,OK
2026-06-03,8921,シーズクリエイト,TOKYO PRO MARKET（内国株式）,不動産業,,,,,,,,NO_QUOTE
2026-06-03,8923,トーセイ,プライム（内国株式）,不動産業,1564,1564,1530,1551,-3,-0.19305,166900,OK
2026-06-03,8927,明豊エンタープライズ,スタンダード（内国株式）,不動産業,425,430,423,426,0,0,57500,OK
2026-06-03,8928,穴吹興産,スタンダード（内国株式）,不動産業,2440,2440,2379,2388,-18,-0.74813,22300,OK
2026-06-03,8929,青山財産ネットワークス,スタンダード（内国株式）,不動産業,1300,1311,1283,1303,-6,-0.458365,63100,OK
2026-06-03,8931,和田興産,スタンダード（内国株式）,不動産業,1251,1257,1246,1246,-5,-0.39968,8900,OK
2026-06-03,8934,サンフロンティア不動産,プライム（内国株式）,不動産業,2277,2287,2251,2274,8,0.353045,129800,OK
2026-06-03,8935,ＦＪネクストホールディングス,プライム（内国株式）,不動産業,1793,1805,1750,1750,-36,-2.015677,106400,OK
2026-06-03,8938,グローム・ホールディングス,グロース（内国株式）,不動産業,319,321,314,320,5,1.587302,6600,OK
2026-06-03,8944,ランドビジネス,スタンダード（内国株式）,不動産業,242,247,234,246,2,0.819672,218900,OK
2026-06-03,8945,サンネクスタグループ,スタンダード（内国株式）,不動産業,1116,1135,1116,1119,5,0.448833,3200,OK
2026-06-03,8946,ＡＳＩＡＮ　ＳＴＡＲ,スタンダード（内国株式）,不動産業,74,76,73,75,1,1.351351,114800,OK
2026-06-03,8995,誠建設工業,スタンダード（内国株式）,不動産業,1067,1110,1053,1099,34,3.192488,3100,OK
2026-06-03,8996,ハウスフリーダム,スタンダード（内国株式）,不動産業,975,975,973,973,-2,-0.205128,2200,OK
2026-06-03,8999,グランディハウス,プライム（内国株式）,不動産業,505,509,499,507,5,0.996016,98400,OK
2026-06-03,9001,東武鉄道,プライム（内国株式）,陸運業,2704,2762,2688,2753,57.5,2.133185,649900,OK
2026-06-03,9003,相鉄ホールディングス,プライム（内国株式）,陸運業,2344,2357,2324,2346,-10.5,-0.445576,258200,OK
2026-06-03,9005,東急,プライム（内国株式）,陸運業,1617,1677.5,1611.5,1677.5,41.5,2.536675,4128200,OK
2026-06-03,9006,京浜急行電鉄,プライム（内国株式）,陸運業,1457.5,1482,1451.5,1466,8.5,0.58319,1026100,OK
2026-06-03,9007,小田急電鉄,プライム（内国株式）,陸運業,1594.5,1656,1581.5,1652.5,76,4.820806,2255800,OK
2026-06-03,9008,京王電鉄,プライム（内国株式）,陸運業,715,730.5,711.3,728.2,10.5,1.463007,2573800,OK
2026-06-03,9009,京成電鉄,プライム（内国株式）,陸運業,1040,1047.5,1033.5,1044,1,0.095877,1660400,OK
2026-06-03,9010,富士急行,プライム（内国株式）,陸運業,1993,2041,1983,2010,19,0.954294,140500,OK
2026-06-03,9012,秩父鉄道,スタンダード（内国株式）,陸運業,2108,2108,2105,2105,1,0.047529,400,OK
2026-06-03,9017,新潟交通,スタンダード（内国株式）,陸運業,1968,1984,1968,1969,1,0.050813,600,OK
2026-06-03,9020,東日本旅客鉄道,プライム（内国株式）,陸運業,3295,3333,3262,3313,-32,-0.956652,4419400,OK
2026-06-03,9021,西日本旅客鉄道,プライム（内国株式）,陸運業,2488,2511,2473,2496,11,0.442656,4134800,OK
2026-06-03,9022,東海旅客鉄道,プライム（内国株式）,陸運業,3323,3348,3304,3325,-39,-1.159334,2842000,OK
2026-06-03,9023,東京地下鉄,プライム（内国株式）,陸運業,1382,1391,1363,1387,-10.5,-0.751342,4234200,OK
2026-06-03,9024,西武ホールディングス,プライム（内国株式）,陸運業,2710,2736.5,2591,2721.5,-76.5,-2.734096,3459700,OK
2026-06-03,9025,鴻池運輸,プライム（内国株式）,陸運業,2658,2685,2640,2684,51,1.936954,110200,OK
2026-06-03,9028,ゼロ,スタンダード（内国株式）,陸運業,3665,3725,3665,3675,-10,-0.27137,13000,OK
2026-06-03,9029,ヒガシホールディングス,スタンダード（内国株式）,陸運業,1907,1937,1907,1931,-16,-0.821777,3300,OK
2026-06-03,9031,西日本鉄道,プライム（内国株式）,陸運業,2720,2742.5,2712,2732,7.5,0.27528,109300,OK
2026-06-03,9033,広島電鉄,スタンダード（内国株式）,陸運業,615,617,614,617,0,0,7500,OK
2026-06-03,9034,南総通運,スタンダード（内国株式）,陸運業,1545,1570,1545,1568,-7,-0.444444,3100,OK
2026-06-03,9036,東部ネットワーク,スタンダード（内国株式）,陸運業,1325,1325,1301,1310,-16,-1.206637,2100,OK
2026-06-03,9037,ハマキョウレックス,プライム（内国株式）,陸運業,1862,1882,1852,1867,-13,-0.691489,71500,OK
2026-06-03,9039,サカイ引越センター,プライム（内国株式）,陸運業,2812,2832,2798,2832,22,0.782918,55300,OK
2026-06-03,9041,近鉄グループホールディングス,プライム（内国株式）,陸運業,3501,3594,3495,3587,84,2.397945,599800,OK
2026-06-03,9042,阪急阪神ホールディングス,プライム（内国株式）,陸運業,4524,4528,4471,4481,-43,-0.950486,1267300,OK
2026-06-03,9044,ＮＡＮＫＡＩ,プライム（内国株式）,陸運業,2622.5,2658,2601.5,2644,21,0.80061,277100,OK
2026-06-03,9045,京阪ホールディングス,プライム（内国株式）,陸運業,3185,3209,3167,3192,1,0.031338,281500,OK
2026-06-03,9046,神戸電鉄,スタンダード（内国株式）,陸運業,2323,2345,2322,2345,23,0.990525,5100,OK
2026-06-03,9048,名古屋鉄道,プライム（内国株式）,陸運業,1806.5,1832,1792.5,1828.5,26,1.442441,689500,OK
2026-06-03,9049,京福電気鉄道,スタンダード（内国株式）,陸運業,,,,,,,,NO_QUOTE
2026-06-03,9051,センコン物流,スタンダード（内国株式）,陸運業,1290,1290,1280,1288,8,0.625,1400,OK
2026-06-03,9052,山陽電気鉄道,プライム（内国株式）,陸運業,1866,1880,1850,1880,14,0.750268,24200,OK
2026-06-03,9057,遠州トラック,スタンダード（内国株式）,陸運業,3280,3280,3135,3205,-35,-1.080247,2800,OK
2026-06-03,9059,カンダホールディングス,スタンダード（内国株式）,陸運業,865,869,863,865,0,0,16800,OK
2026-06-03,9060,日本ロジテム,スタンダード（内国株式）,陸運業,4090,4100,4090,4100,30,0.737101,300,OK
2026-06-03,9063,岡山県貨物運送,スタンダード（内国株式）,陸運業,3830,3870,3830,3870,0,0,200,OK
2026-06-03,9064,ヤマトホールディングス,プライム（内国株式）,陸運業,1814,1833.5,1803.5,1825.5,25.5,1.416667,1110800,OK
2026-06-03,9065,山九,プライム（内国株式）,陸運業,8750,8804,8660,8779,-13,-0.147862,165800,OK
2026-06-03,9067,丸運,スタンダード（内国株式）,陸運業,942,944,942,942,0,0,15000,OK
2026-06-03,9068,丸全昭和運輸,プライム（内国株式）,陸運業,7560,7600,7450,7560,20,0.265252,24500,OK
2026-06-03,9069,センコーグループホールディングス,プライム（内国株式）,陸運業,1886,1925,1873,1917,23.5,1.241088,523600,OK
2026-06-03,9072,ニッコンホールディングス,プライム（内国株式）,陸運業,6020,6044,5986,6030,10,0.166113,202100,OK
2026-06-03,9073,京極運輸商事,スタンダード（内国株式）,陸運業,1219,1219,1215,1215,-4,-0.328138,1000,OK
2026-06-03,9074,日本石油輸送,スタンダード（内国株式）,陸運業,5640,5650,5540,5630,-10,-0.177305,2500,OK
2026-06-03,9075,福山通運,プライム（内国株式）,陸運業,6590,6660,6480,6550,60,0.924499,63700,OK
2026-06-03,9076,セイノーホールディングス,プライム（内国株式）,陸運業,2630,2669,2610,2656.5,24,0.911681,439000,OK
2026-06-03,9081,神奈川中央交通,プライム（内国株式）,陸運業,3400,3400,3300,3345,80,2.45023,14400,OK
2026-06-03,9082,大和自動車交通,スタンダード（内国株式）,陸運業,1260,1269,1226,1269,19,1.52,2400,OK
2026-06-03,9083,神姫バス,スタンダード（内国株式）,陸運業,1970,1970,1965,1965,-5,-0.253807,2600,OK
2026-06-03,9087,タカセ,スタンダード（内国株式）,陸運業,2150,2150,2150,2150,0,0,100,OK
2026-06-03,9090,ＡＺ−ＣＯＭ丸和ホールディングス,プライム（内国株式）,陸運業,777,780,767,779,4,0.516129,178400,OK
2026-06-03,9101,日本郵船,プライム（内国株式）,海運業,5316,5362,5250,5362,43,0.808423,2636200,OK
2026-06-03,9104,商船三井,プライム（内国株式）,海運業,5484,5485,5382,5459,-41,-0.745455,2569800,OK
2026-06-03,9107,川崎汽船,プライム（内国株式）,海運業,2580,2584.5,2540.5,2576,2,0.0777,4857000,OK
2026-06-03,9110,ＮＳユナイテッド海運,プライム（内国株式）,海運業,7650,7650,7430,7450,-240,-3.120936,67800,OK
2026-06-03,9115,明海グループ,スタンダード（内国株式）,海運業,1066,1066,1002,1020,-16,-1.544402,33100,OK
2026-06-03,9119,飯野海運,プライム（内国株式）,海運業,1504,1507,1483,1495,5,0.33557,200000,OK
2026-06-03,9127,玉井商船,スタンダード（内国株式）,海運業,2973,2973,2865,2865,-58,-1.984263,3200,OK
2026-06-03,9130,共栄タンカー,スタンダード（内国株式）,海運業,1332,1377,1331,1364,37,2.788244,34600,OK
2026-06-03,9142,九州旅客鉄道,プライム（内国株式）,陸運業,3450,3469,3417,3427,-18,-0.522496,699500,OK
2026-06-03,9143,ＳＧホールディングス,プライム（内国株式）,陸運業,1403.5,1414.5,1393,1406,-10.5,-0.741264,1365000,OK
2026-06-03,9145,ビーイングホールディングス,スタンダード（内国株式）,陸運業,553,576,553,562,7,1.261261,37900,OK
2026-06-03,9146,五健堂ホールディングス,TOKYO PRO MARKET（内国株式）,陸運業,,,,,,,,NO_QUOTE
2026-06-03,9147,ＮＩＰＰＯＮ　ＥＸＰＲＥＳＳホールディングス,プライム（内国株式）,陸運業,5154,5293,5144,5283,110,2.126426,1071900,OK
2026-06-03,9149,大友ロジスティクスサービス,TOKYO PRO MARKET（内国株式）,陸運業,,,,,,,,NO_QUOTE
2026-06-03,9156,はなホールディングス,TOKYO PRO MARKET（内国株式）,サービス業,,,,,,,,NO_QUOTE
2026-06-03,9158,シーユーシー,グロース（内国株式）,サービス業,793,795,762,789,-10,-1.251564,159900,OK
2026-06-03,9159,Ｗ　ＴＯＫＹＯ,グロース（内国株式）,サービス業,1920,1946,1824,1926,-4,-0.207254,12200,OK
2026-06-03,9160,オンザページ,スタンダード（内国株式）,サービス業,283,285,282,282,-1,-0.353357,24300,OK
2026-06-03,9162,ブリーチ,グロース（内国株式）,サービス業,241,241,235,235,-7,-2.892562,8100,OK
2026-06-03,9163,ナレルグループ,グロース（内国株式）,サービス業,2115,2120,2078,2092,-23,-1.08747,101000,OK
2026-06-03,9165,クオルテック,グロース（内国株式）,サービス業,1781,1839,1755,1808,30,1.687289,38200,OK
2026-06-03,9166,ＧＥＮＤＡ,グロース（内国株式）,サービス業,619,682,613,673,51,8.199357,5895600,OK
2026-06-03,9168,ライズ・コンサルティング・グループ,グロース（内国株式）,サービス業,402,402,385,389,-16,-3.950617,490800,OK
2026-06-03,9169,大伸社,TOKYO PRO MARKET（内国株式）,サービス業,,,,,,,,NO_QUOTE
2026-06-03,9171,栗林商船,スタンダード（内国株式）,海運業,1745,1823,1732,1736,16,0.930233,16800,OK
2026-06-03,9173,東海汽船,スタンダード（内国株式）,海運業,2991,2997,2990,2997,0,0,1200,OK
2026-06-03,9193,東京汽船,スタンダード（内国株式）,倉庫･運輸関連業,895,906,892,892,-11,-1.218162,14100,OK
2026-06-03,9201,日本航空,プライム（内国株式）,空運業,2612,2645.5,2599,2610,-48,-1.805869,3424000,OK
2026-06-03,9202,ＡＮＡホールディングス,プライム（内国株式）,空運業,2801,2850,2797,2830,-16,-0.562193,1983200,OK
2026-06-03,92025,ＡＮＡホールディングス（優先株式）,プライム（内国株式）,空運業,4774,4775,4762,4762,-2,-0.041982,5300,OK
2026-06-03,9204,スカイマーク,グロース（内国株式）,空運業,399,400,389,397,-9,-2.216749,196200,OK
2026-06-03,9206,スターフライヤー,スタンダード（内国株式）,空運業,1959,1959,1929,1937,17,0.885417,1900,OK
2026-06-03,9211,エフ・コード,グロース（内国株式）,サービス業,1520,1555,1471,1490,-47,-3.057905,139300,OK
2026-06-03,9212,Ｇｒｅｅｎ　Ｅａｒｔｈ　Ｉｎｓｔｉｔｕｔｅ,グロース（内国株式）,サービス業,313,313,305,305,-9,-2.866242,42600,OK
2026-06-03,9213,セイファート,スタンダード（内国株式）,サービス業,1079,1079,1032,1052,-6,-0.567108,500,OK
2026-06-03,9214,Ｒｅｃｏｖｅｒｙ　Ｉｎｔｅｒｎａｔｉｏｎａｌ,グロース（内国株式）,サービス業,1292,1313,1280,1280,-12,-0.928793,2400,OK
2026-06-03,9215,ＣａＳｙ,グロース（内国株式）,サービス業,902,904,902,903,-3,-0.331126,500,OK
2026-06-03,9216,ビーウィズ,プライム（内国株式）,サービス業,1431,1469,1429,1442,4,0.278164,113700,OK
2026-06-03,9218,メンタルヘルステクノロジーズ,グロース（内国株式）,サービス業,680,681,663,668,-17,-2.481752,72700,OK
2026-06-03,9219,ギックス,グロース（内国株式）,サービス業,910,911,896,899,-10,-1.10011,9600,OK
2026-06-03,9220,エフビー介護サービス,スタンダード（内国株式）,サービス業,1220,1220,1216,1216,-4,-0.327869,900,OK
2026-06-03,9221,フルハシＥＰＯ,スタンダード（内国株式）,サービス業,1118,1128,1105,1122,1,0.089206,7300,OK
2026-06-03,9222,ｍａｎａｂｙ,TOKYO PRO MARKET（内国株式）,サービス業,,,,,,,,NO_QUOTE
2026-06-03,9223,ＡＳＮＯＶＡ,グロース（内国株式）,サービス業,390,395,385,389,-2,-0.511509,9300,OK
2026-06-03,9225,ブリッジコンサルティンググループ,グロース（内国株式）,サービス業,984,984,984,984,-14,-1.402806,100,OK
2026-06-03,9226,アイガー,TOKYO PRO MARKET（内国株式）,サービス業,,,,,,,,NO_QUOTE
2026-06-03,9227,マイクロ波化学,グロース（内国株式）,サービス業,924,940,903,904,-8,-0.877193,307300,OK
2026-06-03,9229,サンウェルズ,プライム（内国株式）,サービス業,167,167,159,159,1,0.632911,80600,OK
2026-06-03,9233,アジア航測,スタンダード（内国株式）,空運業,1072,1082,1058,1081,15,1.407129,20400,OK
2026-06-03,9235,売れるネット広告社グループ,グロース（内国株式）,サービス業,535,540,515,532,-1,-0.187617,102200,OK
2026-06-03,9236,ジャパンＭ＆Ａソリューション,グロース（内国株式）,サービス業,1012,1012,971,986,-37,-3.616813,16900,OK
2026-06-03,9237,笑美面,グロース（内国株式）,サービス業,542,555,541,542,8,1.498127,11100,OK
2026-06-03,9238,バリュークリエーション,グロース（内国株式）,サービス業,482,487,478,481,-3,-0.619835,8000,OK
2026-06-03,9239,ケーイーティ,TOKYO PRO MARKET（内国株式）,サービス業,,,,,,,,NO_QUOTE
2026-06-03,9240,デリバリーコンサルティング,グロース（内国株式）,サービス業,440,443,434,434,-11,-2.47191,7600,OK
2026-06-03,9241,フューチャーリンクネットワーク,グロース（内国株式）,サービス業,1231,1231,1231,1231,0,0,200,OK
2026-06-03,9242,メディア総研,グロース（内国株式）,サービス業,1838,1840,1830,1830,-9,-0.489396,4000,OK
2026-06-03,9243,富士テクノホールディングス,TOKYO PRO MARKET（内国株式）,サービス業,,,,,,,,NO_QUOTE
2026-06-03,9244,デジタリフト,グロース（内国株式）,サービス業,1077,1094,1050,1050,-27,-2.506964,3600,OK
2026-06-03,9245,リベロ,グロース（内国株式）,サービス業,1927,1927,1876,1882,-45,-2.335236,7400,OK
2026-06-03,9246,プロジェクトホールディングス,グロース（内国株式）,サービス業,1015,1020,1011,1011,-4,-0.394089,2300,OK
2026-06-03,9247,ＴＲＥホールディングス,プライム（内国株式）,サービス業,1665,1685,1646,1667,20,1.214329,342100,OK
2026-06-03,9248,人・夢・技術グループ,スタンダード（内国株式）,サービス業,1491,1513,1478,1510,10,0.666667,13900,OK
2026-06-03,9249,日本エコシステム,スタンダード（内国株式）,サービス業,1581,1581,1563,1578,0,0,700,OK
2026-06-03,9250,ＧＲＣＳ,グロース（内国株式）,サービス業,968,968,954,963,0,0,1000,OK
2026-06-03,9251,ＡＢ＆Ｃｏｍｐａｎｙ,グロース（内国株式）,サービス業,1210,1210,1203,1206,-1,-0.08285,18800,OK
2026-06-03,9252,ラストワンマイル,グロース（内国株式）,サービス業,3570,3580,3455,3490,-90,-2.513966,18400,OK
2026-06-03,9253,スローガン,グロース（内国株式）,サービス業,,,,,,,,NO_QUOTE
2026-06-03,9254,ラバブルマーケティンググループ,グロース（内国株式）,サービス業,1122,1130,1115,1129,2,0.177462,2200,OK
2026-06-03,9256,サクシード,グロース（内国株式）,サービス業,2947,3100,2800,2901,-96,-3.203203,74700,OK
2026-06-03,9258,ＣＳ−Ｃ,グロース（内国株式）,サービス業,302,306,298,306,4,1.324503,1900,OK
2026-06-03,9259,タカヨシホールディングス,グロース（内国株式）,サービス業,820,829,751,822,-5,-0.604595,30200,OK
2026-06-03,9262,シルバーライフ,スタンダード（内国株式）,小売業,727,745,726,740,12,1.648352,9800,OK
2026-06-03,9264,ポエック,スタンダード（内国株式）,卸売業,1591,1605,1586,1594,9,0.567823,7100,OK
2026-06-03,9265,ヤマシタヘルスケアホールディングス,スタンダード（内国株式）,卸売業,3015,3015,3015,3015,-25,-0.822368,100,OK
2026-06-03,9267,Ｇｅｎｋｙ　ＤｒｕｇＳｔｏｒｅｓ,プライム（内国株式）,小売業,3295,3320,3235,3300,0,0,82200,OK
2026-06-03,9268,オプティマスグループ,スタンダード（内国株式）,卸売業,382,384,375,377,-2,-0.527704,159700,OK
2026-06-03,9270,バリュエンスホールディングス,グロース（内国株式）,卸売業,2433,2472,2373,2416,0,0,48100,OK
2026-06-03,9271,和心,グロース（内国株式）,小売業,1041,1041,990,1010,-45,-4.265403,39500,OK
2026-06-03,9272,ブティックス,グロース（内国株式）,サービス業,1465,1465,1418,1418,-63,-4.253883,24100,OK
2026-06-03,9273,コーア商事ホールディングス,プライム（内国株式）,卸売業,767,768,748,749,-13,-1.706037,124900,OK
2026-06-03,9274,ＫＰＰグループホールディングス,プライム（内国株式）,卸売業,936,940,918,933,1,0.107296,213700,OK
2026-06-03,9278,ブックオフグループホールディングス,プライム（内国株式）,小売業,1872,1884,1846,1876,7,0.374532,68900,OK
2026-06-03,9279,ギフトホールディングス,プライム（内国株式）,小売業,3910,3985,3855,3950,5,0.126743,60400,OK
2026-06-03,9301,三菱倉庫,プライム（内国株式）,倉庫･運輸関連業,1509,1512.5,1490.5,1501.5,11.5,0.771812,1353600,OK
2026-06-03,9302,三井倉庫ホールディングス,プライム（内国株式）,倉庫･運輸関連業,3815,3857,3776,3825,20,0.525624,269000,OK
2026-06-03,9303,住友倉庫,プライム（内国株式）,倉庫･運輸関連業,3835,3910,3830,3910,75,1.955671,74500,OK
2026-06-03,9304,澁澤倉庫,プライム（内国株式）,倉庫･運輸関連業,1392,1417,1380,1410,18,1.293103,93200,OK
2026-06-03,9305,ヤマタネ,プライム（内国株式）,卸売業,1946,1984,1932,1984,40,2.057613,101700,OK
2026-06-03,9306,東陽倉庫,スタンダード（内国株式）,倉庫･運輸関連業,1995,1996,1991,1995,0,0,4000,OK
2026-06-03,9307,杉村倉庫,スタンダード（内国株式）,倉庫･運輸関連業,985,985,965,970,12,1.25261,6000,OK
2026-06-03,9308,乾汽船,スタンダード（内国株式）,海運業,1558,1562,1495,1495,-66,-4.228059,85000,OK
2026-06-03,9310,日本トランスシティ,プライム（内国株式）,倉庫･運輸関連業,1076,1101,1064,1092,22,2.056075,81900,OK
2026-06-03,9311,アサガミ,スタンダード（内国株式）,倉庫･運輸関連業,,,,,,,,NO_QUOTE
2026-06-03,9312,ケイヒン,スタンダード（内国株式）,倉庫･運輸関連業,2819,2843,2780,2803,7,0.250358,8600,OK
2026-06-03,9313,丸八倉庫,スタンダード（内国株式）,倉庫･運輸関連業,1002,1010,1002,1010,-1,-0.098912,900,OK
2026-06-03,9319,中央倉庫,プライム（内国株式）,倉庫･運輸関連業,1738,1762,1730,1762,24,1.380898,14500,OK
2026-06-03,9322,川西倉庫,スタンダード（内国株式）,倉庫･運輸関連業,2198,2239,2181,2209,30,1.376778,4300,OK
2026-06-03,9324,安田倉庫,プライム（内国株式）,倉庫･運輸関連業,2204,2204,2180,2200,-4,-0.181488,41800,OK
2026-06-03,9325,ファイズホールディングス,スタンダード（内国株式）,倉庫･運輸関連業,1219,1225,1195,1204,-6,-0.495868,12200,OK
2026-06-03,9326,関通ホールディングス,グロース（内国株式）,倉庫･運輸関連業,420,422,411,421,-1,-0.236967,12400,OK
2026-06-03,9327,イー・ロジット,スタンダード（内国株式）,倉庫･運輸関連業,203,208,202,206,1,0.487805,11100,OK
2026-06-03,9330,揚羽,グロース（内国株式）,サービス業,849,850,849,850,5,0.591716,900,OK
2026-06-03,9331,キャスター,グロース（内国株式）,サービス業,1074,1149,849,1149,150,15.015015,246400,OK
2026-06-03,9332,ＮＩＳＳＯホールディングス,プライム（内国株式）,サービス業,567,571,557,571,8,1.420959,185300,OK
2026-06-03,9334,アイビスホールディングス,TOKYO PRO MARKET（内国株式）,サービス業,,,,,,,,NO_QUOTE
2026-06-03,9335,テクノクリエイティブ,TOKYO PRO MARKET（内国株式）,サービス業,,,,,,,,NO_QUOTE
2026-06-03,9336,大栄環境,プライム（内国株式）,サービス業,3835,3855,3755,3835,-10,-0.260078,87800,OK
2026-06-03,9337,トリドリ,グロース（内国株式）,サービス業,1634,1683,1582,1674,31,1.886792,30200,OK
2026-06-03,9338,ＩＮＦＯＲＩＣＨ,グロース（内国株式）,サービス業,4535,4535,4530,4535,0,0,1900,OK
2026-06-03,9339,コーチ・エィ,スタンダード（内国株式）,サービス業,1232,1232,1231,1231,-1,-0.081169,500,OK
2026-06-03,9340,アソインターナショナル,スタンダード（内国株式）,サービス業,673,675,668,673,4,0.597907,7900,OK
2026-06-03,9341,ＧＥＮＯＶＡ,プライム（内国株式）,サービス業,562,564,552,561,-1,-0.177936,74200,OK
2026-06-03,9342,スマサポ,グロース（内国株式）,サービス業,759,776,744,762,3,0.395257,3900,OK
2026-06-03,9343,アイビス,グロース（内国株式）,サービス業,789,790,741,750,-24,-3.100775,119100,OK
2026-06-03,9344,アクシスコンサルティング,グロース（内国株式）,サービス業,956,964,952,958,2,0.209205,900,OK
2026-06-03,9345,ビズメイツ,グロース（内国株式）,サービス業,563,565,555,565,0,0,5000,OK
2026-06-03,9346,ココルポート,グロース（内国株式）,サービス業,1654,1678,1645,1676,7,0.419413,7900,OK
2026-06-03,9347,日本管財ホールディングス,プライム（内国株式）,サービス業,2659,2686,2635,2680,18,0.676183,50600,OK
2026-06-03,9348,ｉｓｐａｃｅ,グロース（内国株式）,サービス業,603,605,562,587,4,0.686106,2527200,OK
2026-06-03,9351,東洋埠頭,スタンダード（内国株式）,倉庫･運輸関連業,1754,1770,1754,1768,14,0.798176,3400,OK
2026-06-03,9353,櫻島埠頭,スタンダード（内国株式）,倉庫･運輸関連業,2491,2510,2491,2495,5,0.200803,2100,OK
2026-06-03,9355,リンコーコーポレーション,スタンダード（内国株式）,倉庫･運輸関連業,2185,2185,2180,2185,0,0,3100,OK
2026-06-03,9360,鈴与シンワート,スタンダード（内国株式）,情報･通信業,2850,2850,2790,2791,-79,-2.752613,5000,OK
2026-06-03,9361,伏木海陸運送,スタンダード（内国株式）,倉庫･運輸関連業,2108,2108,2001,2011,-126,-5.896116,3100,OK
2026-06-03,9362,兵機海運,スタンダード（内国株式）,倉庫･運輸関連業,3880,3880,3880,3880,-70,-1.772152,300,OK
2026-06-03,9363,大運,スタンダード（内国株式）,倉庫･運輸関連業,525,545,515,539,14,2.666667,13200,OK
2026-06-03,9364,上組,プライム（内国株式）,倉庫･運輸関連業,4715,4759,4680,4721,-42,-0.881797,273000,OK
2026-06-03,9365,トレーディア,スタンダード（内国株式）,倉庫･運輸関連業,1496,1496,1496,1496,0,0,100,OK
2026-06-03,9366,サンリツ,スタンダード（内国株式）,倉庫･運輸関連業,959,978,953,975,20,2.094241,9700,OK
2026-06-03,9367,大東港運,スタンダード（内国株式）,倉庫･運輸関連業,1803,1824,1800,1809,-14,-0.767965,3400,OK
2026-06-03,9368,キムラユニティー,スタンダード（内国株式）,倉庫･運輸関連業,850,856,843,856,7,0.824499,24500,OK
2026-06-03,9369,キユーソー流通システム,スタンダード（内国株式）,倉庫･運輸関連業,3335,3445,3335,3385,0,0,44300,OK
2026-06-03,9376,ユーラシア旅行社,スタンダード（内国株式）,サービス業,763,763,752,758,0,0,4800,OK
2026-06-03,9380,東海運,スタンダード（内国株式）,倉庫･運輸関連業,409,411,407,408,1,0.2457,8700,OK
2026-06-03,9381,エーアイテイー,プライム（内国株式）,倉庫･運輸関連業,2184,2184,2134,2145,9,0.421348,9500,OK
2026-06-03,9385,ショーエイコーポレーション,スタンダード（内国株式）,化学,675,681,674,678,-2,-0.294118,4600,OK
2026-06-03,9401,ＴＢＳホールディングス,プライム（内国株式）,情報･通信業,5621,5830,5551,5797,160,2.838389,294700,OK
2026-06-03,9404,日本テレビホールディングス,プライム（内国株式）,情報･通信業,2768,2794,2716,2793,-5,-0.178699,616000,OK
2026-06-03,9405,朝日放送グループホールディングス,プライム（内国株式）,情報･通信業,805,808,790,802,5,0.627353,51200,OK
2026-06-03,9408,ＢＳＮメディアホールディングス,スタンダード（内国株式）,情報･通信業,2820,2869,2820,2869,-1,-0.034843,400,OK
2026-06-03,9409,テレビ朝日ホールディングス,プライム（内国株式）,情報･通信業,3100,3135,3015,3115,0,0,405600,OK
2026-06-03,9412,スカパーＪＳＡＴ,プライム（内国株式）,情報･通信業,3710,3785,3570,3720,-35,-0.932091,3329800,OK
2026-06-03,9413,テレビ東京ホールディングス,プライム（内国株式）,情報･通信業,3620,3630,3550,3615,-5,-0.138122,76500,OK
2026-06-03,9414,日本ＢＳ放送,スタンダード（内国株式）,情報･通信業,895,905,885,905,7,0.77951,29600,OK
2026-06-03,9416,ビジョン,プライム（内国株式）,情報･通信業,1021,1023,1007,1016,-7,-0.684262,353500,OK
2026-06-03,9417,スマートバリュー,スタンダード（内国株式）,情報･通信業,298,298,296,297,-3,-1,7500,OK
2026-06-03,9418,Ｕ−ＮＥＸＴ　ＨＯＬＤＩＮＧＳ,プライム（内国株式）,情報･通信業,1568,1588,1550,1574,-8,-0.505689,537500,OK
2026-06-03,9419,ワイヤレスゲート,スタンダード（内国株式）,情報･通信業,303,304,298,300,-1,-0.332226,15800,OK
2026-06-03,9421,エヌジェイホールディングス,スタンダード（内国株式）,情報･通信業,594,613,593,595,6,1.018676,12700,OK
2026-06-03,9423,フォーバル・リアルストレート,スタンダード（内国株式）,情報･通信業,101,102,101,101,0,0,107900,OK
2026-06-03,9424,日本通信,プライム（内国株式）,情報･通信業,114,117,113,115,2,1.769912,1802700,OK
2026-06-03,9425,ＲｅＹｕｕ　Ｊａｐａｎ,スタンダード（内国株式）,情報･通信業,185,189,178,189,6,3.278689,95900,OK
2026-06-03,9428,クロップス,スタンダード（内国株式）,情報･通信業,,,,,,,,NO_QUOTE
2026-06-03,9432,ＮＴＴ,プライム（内国株式）,情報･通信業,148,148.6,147.3,147.8,-0.1,-0.067613,178331600,OK
2026-06-03,9433,ＫＤＤＩ,プライム（内国株式）,情報･通信業,2667,2717,2651,2706.5,45,1.690776,6968800,OK
2026-06-03,9434,ソフトバンク,プライム（内国株式）,情報･通信業,217.6,218.7,216.1,218.7,1.1,0.505515,64130600,OK
2026-06-03,94345,ソフトバンク（優先株式）,プライム（内国株式）,情報･通信業,3786,3788,3783,3785,-1,-0.026413,6300,OK
2026-06-03,94346,ソフトバンク（優先株式）,プライム（内国株式）,情報･通信業,7584,7585,7580,7580,-4,-0.052743,6900,OK
2026-06-03,9435,光通信,プライム（内国株式）,情報･通信業,34610,35100,34390,34630,50,0.144592,147400,OK
2026-06-03,9436,沖縄セルラー電話,スタンダード（内国株式）,情報･通信業,3630,3640,3575,3615,-15,-0.413223,104800,OK
2026-06-03,9438,エムティーアイ,プライム（内国株式）,情報･通信業,565,576,564,571,5,0.883392,28100,OK
2026-06-03,9439,エム・エイチ・グループ,スタンダード（内国株式）,サービス業,245,247,243,243,-2,-0.816327,6300,OK
2026-06-03,9441,ベルパーク,スタンダード（内国株式）,情報･通信業,2754,2800,2754,2773,15,0.543872,1500,OK
2026-06-03,9444,トーシンホールディングス,スタンダード（内国株式）,情報･通信業,200,200,189,191,-10,-4.975124,42700,OK
2026-06-03,9445,フォーバルテレコム,スタンダード（内国株式）,情報･通信業,535,541,524,541,0,0,2700,OK
2026-06-03,9446,サカイホールディングス,スタンダード（内国株式）,情報･通信業,681,684,677,678,-3,-0.440529,8900,OK
2026-06-03,9449,ＧＭＯインターネットグループ,プライム（内国株式）,情報･通信業,3243,3315,3141,3307,-20,-0.601142,487200,OK
2026-06-03,9450,ファイバーゲート,スタンダード（内国株式）,情報･通信業,689,706,685,703,14,2.03193,76800,OK
2026-06-03,9466,アイドママーケティングコミュニケーション,スタンダード（内国株式）,情報･通信業,224,226,224,224,-1,-0.444444,14700,OK
2026-06-03,9467,アルファポリス,グロース（内国株式）,情報･通信業,1054,1076,1029,1072,14,1.323251,149000,OK
2026-06-03,9468,ＫＡＤＯＫＡＷＡ,プライム（内国株式）,情報･通信業,3329,3390,3264,3341,-2,-0.059827,490800,OK
2026-06-03,9470,学研ホールディングス,プライム（内国株式）,情報･通信業,930,939,923,938,12,1.295896,135200,OK
2026-06-03,9474,ゼンリン,プライム（内国株式）,情報･通信業,860,863,851,854,-9,-1.042874,300200,OK
2026-06-03,9475,昭文社ホールディングス,スタンダード（内国株式）,情報･通信業,466,471,465,470,9,1.952278,3800,OK
2026-06-03,9476,中央経済社ホールディングス,スタンダード（内国株式）,情報･通信業,988,1002,988,998,-2,-0.2,1600,OK
2026-06-03,9478,ＳＥホールディングス・アンド・インキュベーションズ,スタンダード（内国株式）,情報･通信業,515,515,501,502,-13,-2.524272,6100,OK
2026-06-03,9501,東京電力ホールディングス,プライム（内国株式）,電気･ガス業,567.8,580.7,563.7,572.9,12.9,2.303571,34358500,OK
2026-06-03,9502,中部電力,プライム（内国株式）,電気･ガス業,2848,2853,2796.5,2825.5,-16,-0.563083,3922600,OK
2026-06-03,9503,関西電力,プライム（内国株式）,電気･ガス業,2367.5,2373,2333.5,2357.5,47,2.034192,5794700,OK
2026-06-03,9504,中国電力,プライム（内国株式）,電気･ガス業,859.7,869.2,855,861.7,11.2,1.316872,1788900,OK
2026-06-03,9505,北陸電力,プライム（内国株式）,電気･ガス業,815,827.1,811,813.3,5.7,0.705795,940400,OK
2026-06-03,9506,東北電力,プライム（内国株式）,電気･ガス業,992.2,1016,987.1,1013.5,29.9,3.039854,2761800,OK
2026-06-03,9507,四国電力,プライム（内国株式）,電気･ガス業,1420,1438.5,1412,1420,10.5,0.744945,480500,OK
2026-06-03,9508,九州電力,プライム（内国株式）,電気･ガス業,1611,1654.5,1600.5,1620.5,43,2.725832,1835700,OK
2026-06-03,9509,北海道電力,プライム（内国株式）,電気･ガス業,912.4,937.5,910.2,929.5,19.8,2.176542,2828700,OK
2026-06-03,9511,沖縄電力,プライム（内国株式）,電気･ガス業,908,911,901,907,14,1.567749,188800,OK
2026-06-03,9513,電源開発,プライム（内国株式）,電気･ガス業,3972,4025,3948,4001,40,1.009846,576500,OK
2026-06-03,9514,エフオン,スタンダード（内国株式）,電気･ガス業,347,350,344,346,-2,-0.574713,68300,OK
2026-06-03,9517,イーレックス,プライム（内国株式）,電気･ガス業,777,783,752,761,-20,-2.560819,387100,OK
2026-06-03,9519,レノバ,プライム（内国株式）,電気･ガス業,1087,1090,1018,1023,-87,-7.837838,1713400,OK
2026-06-03,9531,東京瓦斯,プライム（内国株式）,電気･ガス業,6320,6353,6246,6292,72,1.157556,1096400,OK
2026-06-03,9532,大阪瓦斯,プライム（内国株式）,電気･ガス業,5499,5648,5475,5569,170,3.148731,1413400,OK
2026-06-03,9533,東邦瓦斯,プライム（内国株式）,電気･ガス業,1208.5,1231.5,1202.5,1213,10.5,0.873181,719500,OK
2026-06-03,9534,北海道瓦斯,プライム（内国株式）,電気･ガス業,735,743,728,738,13,1.793103,164000,OK
2026-06-03,9535,広島ガス,プライム（内国株式）,電気･ガス業,380,389,380,389,11,2.910053,92600,OK
2026-06-03,9536,西部ガスホールディングス,プライム（内国株式）,電気･ガス業,2174,2193,2165,2189,35,1.624884,71000,OK
2026-06-03,9537,北陸瓦斯,スタンダード（内国株式）,電気･ガス業,4295,4350,4230,4300,-20,-0.462963,1300,OK
2026-06-03,9539,京葉瓦斯,スタンダード（内国株式）,電気･ガス業,1350,1362,1350,1362,41,3.103709,700,OK
2026-06-03,9543,静岡ガス,プライム（内国株式）,電気･ガス業,1208,1218,1200,1204,4,0.333333,186100,OK
2026-06-03,9551,メタウォーター,プライム（内国株式）,電気･ガス業,3275,3325,3265,3280,10,0.30581,89800,OK
2026-06-03,9552,クオンツ総研ホールディングス,プライム（内国株式）,サービス業,1016,1065,1001,1050,4,0.382409,949700,OK
2026-06-03,9553,マイクロアド,グロース（内国株式）,サービス業,600,620,581,588,-7,-1.176471,286700,OK
2026-06-03,9554,ＡＶｉＣ,グロース（内国株式）,サービス業,1727,1729,1590,1597,-130,-7.527504,96600,OK
2026-06-03,9556,ＩＮＴＬＯＯＰ,グロース（内国株式）,サービス業,1839,1848,1791,1795,-56,-3.025392,54400,OK
2026-06-03,9557,エアークローゼット,グロース（内国株式）,サービス業,151,157,150,157,8,5.369128,72700,OK
2026-06-03,9558,ジャパニアス,グロース（内国株式）,サービス業,1918,1920,1880,1909,9,0.473684,21400,OK
2026-06-03,9560,プログリット,グロース（内国株式）,サービス業,685,686,671,671,-14,-2.043796,47500,OK
2026-06-03,9561,グラッドキューブ,グロース（内国株式）,サービス業,423,431,419,421,10,2.43309,8300,OK
2026-06-03,9562,ビジネスコーチ,グロース（内国株式）,サービス業,509,509,493,504,-1,-0.19802,7900,OK
2026-06-03,9563,Ａｔｌａｓ　Ｔｅｃｈｎｏｌｏｇｉｅｓ,グロース（内国株式）,サービス業,285,295,285,291,2,0.692042,6700,OK
2026-06-03,9564,ＦＣＥ,スタンダード（内国株式）,サービス業,435,437,425,432,-6,-1.369863,70600,OK
2026-06-03,9565,ＧＬＯＥ,グロース（内国株式）,サービス業,680,683,672,683,0,0,2400,OK
2026-06-03,9601,松竹,プライム（内国株式）,情報･通信業,10120,10140,9880,10020,-140,-1.377953,63200,OK
2026-06-03,9602,東宝,プライム（内国株式）,情報･通信業,1245.5,1254.5,1208,1218,-52.5,-4.132231,5458800,OK
2026-06-03,9603,エイチ・アイ・エス,プライム（内国株式）,サービス業,1068,1093,1062,1075,7,0.655431,854400,OK
2026-06-03,9605,東映,プライム（内国株式）,情報･通信業,5780,5810,5660,5740,-60,-1.034483,93600,OK
2026-06-03,9610,ウィルソン・ラーニング　ワールドワイド,スタンダード（内国株式）,サービス業,115,115,112,115,1,0.877193,58100,OK
2026-06-03,9612,ラックランド,プライム（内国株式）,サービス業,1246,1273,1215,1265,19,1.52488,63600,OK
2026-06-03,9616,共立メンテナンス,プライム（内国株式）,サービス業,2522,2587.5,2486,2571.5,88.5,3.564237,1437400,OK
2026-06-03,9619,イチネンホールディングス,プライム（内国株式）,サービス業,2095,2115,2080,2100,18,0.864553,36900,OK
2026-06-03,9621,建設技術研究所,プライム（内国株式）,サービス業,2604,2636,2563,2626,14,0.535988,59000,OK
2026-06-03,9622,スペース,プライム（内国株式）,サービス業,1400,1411,1380,1397,1,0.071633,80000,OK
2026-06-03,9625,セレスポ,スタンダード（内国株式）,サービス業,1075,1080,1070,1075,0,0,18400,OK
2026-06-03,9627,アインホールディングス,プライム（内国株式）,小売業,5560,5763,5500,5763,136,2.416918,132400,OK
2026-06-03,9628,燦ホールディングス,プライム（内国株式）,サービス業,1298,1354,1297,1354,61,4.717711,74700,OK
2026-06-03,9629,ピー・シー・エー,プライム（内国株式）,情報･通信業,1292,1297,1280,1289,-13,-0.998464,65900,OK
2026-06-03,9632,スバル興業,スタンダード（内国株式）,サービス業,3585,3655,3570,3650,65,1.81311,12500,OK
2026-06-03,9633,東京テアトル,スタンダード（内国株式）,不動産業,1616,1628,1610,1621,-11,-0.67402,2900,OK
2026-06-03,9635,武蔵野興業,スタンダード（内国株式）,サービス業,,,,,,,,NO_QUOTE
2026-06-03,9636,きんえい,スタンダード（内国株式）,サービス業,4175,4185,4175,4180,-5,-0.119474,1300,OK
2026-06-03,9639,三協フロンテア,スタンダード（内国株式）,サービス業,2140,2140,2125,2128,-12,-0.560748,4500,OK
2026-06-03,9640,セゾンテクノロジー,スタンダード（内国株式）,情報･通信業,2060,2090,2056,2064,-2,-0.096805,4200,OK
2026-06-03,9644,タナベコンサルティンググループ,プライム（内国株式）,サービス業,708,708,698,708,2,0.283286,43500,OK
2026-06-03,9647,協和コンサルタンツ,スタンダード（内国株式）,サービス業,7000,7000,7000,7000,-350,-4.761905,1100,OK
2026-06-03,9651,日本プロセス,スタンダード（内国株式）,情報･通信業,1665,1699,1665,1678,13,0.780781,11100,OK
2026-06-03,9656,グリーンランドリゾート,スタンダード（内国株式）,サービス業,599,601,597,599,3,0.503356,4800,OK
2026-06-03,9658,ビジネスブレイン太田昭和,プライム（内国株式）,情報･通信業,1020,1028,1014,1024,-7,-0.678952,99300,OK
2026-06-03,9661,歌舞伎座,スタンダード（内国株式）,サービス業,4445,4460,4445,4455,10,0.224972,4600,OK
2026-06-03,9663,ナガワ,プライム（内国株式）,サービス業,4790,4830,4705,4825,35,0.730689,26800,OK
2026-06-03,9672,東京都競馬,プライム（内国株式）,サービス業,4660,4775,4620,4755,40,0.848356,106700,OK
2026-06-03,9678,カナモト,プライム（内国株式）,サービス業,5300,5300,5150,5260,120,2.33463,188900,OK
2026-06-03,9679,ホウライ,スタンダード（内国株式）,サービス業,2299,2299,2299,2299,-100,-4.168404,200,OK
2026-06-03,9682,ＤＴＳ,プライム（内国株式）,情報･通信業,1023,1024,991,999,-23,-2.250489,435200,OK
2026-06-03,9684,スクウェア・エニックス・ホールディングス,プライム（内国株式）,情報･通信業,2520,2563.5,2491.5,2523,-43,-1.67576,1765400,OK
2026-06-03,9685,ＫＹＣＯＭホールディングス,スタンダード（内国株式）,情報･通信業,574,577,567,567,-7,-1.219512,1200,OK
2026-06-03,9686,東洋テック,スタンダード（内国株式）,サービス業,1678,1678,1615,1678,-1,-0.059559,3200,OK
2026-06-03,9687,ＫＳＫ,スタンダード（内国株式）,情報･通信業,4325,4335,4325,4335,-15,-0.344828,300,OK
2026-06-03,9691,両毛システムズ,スタンダード（内国株式）,情報･通信業,5180,5190,5180,5190,10,0.19305,2300,OK
2026-06-03,9692,シーイーシー,プライム（内国株式）,情報･通信業,2098,2098,2046,2056,-34,-1.626794,140300,OK
2026-06-03,9697,カプコン,プライム（内国株式）,情報･通信業,2958,2991,2890.5,2953,-66,-2.186154,3390900,OK
2026-06-03,9698,クレオ,スタンダード（内国株式）,情報･通信業,1191,1191,1181,1188,-3,-0.251889,5600,OK
2026-06-03,9699,ニシオホールディングス,プライム（内国株式）,サービス業,3720,3790,3655,3770,80,2.168022,66100,OK
2026-06-03,9701,東京會舘,スタンダード（内国株式）,サービス業,4100,4125,4060,4060,30,0.744417,1000,OK
2026-06-03,9702,アイ・エス・ビー,プライム（内国株式）,情報･通信業,2316,2339,2300,2324,-10,-0.428449,19800,OK
2026-06-03,9704,アゴーラ　ホスピタリティー　グループ,スタンダード（内国株式）,サービス業,28,30,27,29,2,7.407407,903700,OK
2026-06-03,9706,日本空港ビルデング,プライム（内国株式）,不動産業,4761,4839,4726,4731,-31,-0.650987,276500,OK
2026-06-03,9708,帝国ホテル,スタンダード（内国株式）,サービス業,1043,1047,1024,1031,-12,-1.150527,97900,OK
2026-06-03,9709,ＮＣＳ＆Ａ,スタンダード（内国株式）,情報･通信業,1305,1305,1268,1293,-12,-0.91954,19800,OK
2026-06-03,9713,ロイヤルホテル,スタンダード（内国株式）,サービス業,898,902,898,901,8,0.895857,6600,OK
2026-06-03,9715,トランス・コスモス,プライム（内国株式）,サービス業,3810,3880,3810,3850,0,0,64800,OK
2026-06-03,9716,乃村工藝社,プライム（内国株式）,サービス業,1080,1089,1054,1074,-10,-0.922509,369900,OK
2026-06-03,9720,ホテル、ニューグランド,スタンダード（内国株式）,サービス業,5600,5670,5600,5670,170,3.090909,200,OK
2026-06-03,9722,藤田観光,プライム（内国株式）,サービス業,1795,1834,1770,1810,25,1.40056,240800,OK
2026-06-03,9723,京都ホテル,スタンダード（内国株式）,サービス業,630,630,629,629,-5,-0.788644,1400,OK
2026-06-03,9726,ＫＮＴ−ＣＴホールディングス,スタンダード（内国株式）,サービス業,1963,2005,1963,1995,14,0.706714,35600,OK
2026-06-03,9729,トーカイ,プライム（内国株式）,サービス業,2263,2308,2225,2302,41,1.813357,47800,OK
2026-06-03,9731,白洋舎,スタンダード（内国株式）,サービス業,3575,3590,3455,3455,-120,-3.356643,5900,OK
2026-06-03,9733,ナガセ,スタンダード（内国株式）,サービス業,2201,2220,2191,2207,7,0.318182,25700,OK
2026-06-03,9735,セコム,プライム（内国株式）,サービス業,6354,6442,6265,6442,117,1.849802,1128800,OK
2026-06-03,9739,ＮＳＷ,プライム（内国株式）,情報･通信業,2599,2599,2527,2547,-17,-0.663027,17900,OK
2026-06-03,9740,セントラル警備保障,プライム（内国株式）,サービス業,2592,2635,2557,2635,43,1.658951,17900,OK
2026-06-03,9742,アイネス,プライム（内国株式）,情報･通信業,2146,2146,2084,2091,-32,-1.507301,36400,OK
2026-06-03,9743,丹青社,プライム（内国株式）,サービス業,1325,1335,1299,1328,-6,-0.449775,348000,OK
2026-06-03,9744,メイテックグループホールディングス,プライム（内国株式）,サービス業,3015,3047,2994.5,3047,28,0.927459,418500,OK
2026-06-03,9746,ＴＫＣ,プライム（内国株式）,情報･通信業,3500,3505,3425,3460,-10,-0.288184,141200,OK
2026-06-03,9753,アイエックス・ナレッジ,スタンダード（内国株式）,情報･通信業,1220,1235,1220,1235,15,1.229508,7900,OK
2026-06-03,9755,応用地質,プライム（内国株式）,サービス業,2800,2800,2759,2775,-6,-0.21575,81900,OK
2026-06-03,9757,船井総研ホールディングス,プライム（内国株式）,サービス業,1055,1061,1044,1056,-2,-0.189036,374000,OK
2026-06-03,9759,ＮＳＤ,プライム（内国株式）,情報･通信業,2573,2580,2518.5,2550.5,-64.5,-2.466539,270400,OK
2026-06-03,9760,進学会ホールディングス,スタンダード（内国株式）,サービス業,115,115,111,112,-4,-3.448276,39400,OK
2026-06-03,9761,東海リース,スタンダード（内国株式）,サービス業,2150,2161,2143,2143,-4,-0.186306,5000,OK
2026-06-03,9763,丸建リース,スタンダード（内国株式）,卸売業,1207,1212,1195,1197,-3,-0.25,14700,OK
2026-06-03,9765,オオバ,プライム（内国株式）,サービス業,1056,1058,1016,1052,0,0,136000,OK
2026-06-03,9766,コナミグループ,プライム（内国株式）,情報･通信業,19800,19990,19410,19885,-315,-1.559406,517200,OK
2026-06-03,9767,日建工学,スタンダード（内国株式）,サービス業,1401,1432,1401,1425,24,1.713062,700,OK
2026-06-03,9768,いであ,スタンダード（内国株式）,サービス業,3185,3210,3075,3130,85,2.791461,54700,OK
2026-06-03,9769,学究社,プライム（内国株式）,サービス業,2424,2498,2418,2498,37,1.503454,8400,OK
2026-06-03,9778,昴,スタンダード（内国株式）,サービス業,5530,5530,5530,5530,-20,-0.36036,100,OK
2026-06-03,9780,ハリマビステム,スタンダード（内国株式）,サービス業,899,900,892,894,-5,-0.556174,2100,OK
2026-06-03,9782,ディーエムエス,スタンダード（内国株式）,サービス業,3255,3285,3230,3280,0,0,38300,OK
2026-06-03,9788,ナック,プライム（内国株式）,サービス業,482,489,478,489,7,1.452282,98000,OK
2026-06-03,9790,福井コンピュータホールディングス,プライム（内国株式）,情報･通信業,3165,3170,3095,3120,-30,-0.952381,28900,OK
2026-06-03,9791,ビケンテクノ,スタンダード（内国株式）,サービス業,1160,1176,1160,1173,-4,-0.339847,1500,OK
2026-06-03,9793,ダイセキ,プライム（内国株式）,サービス業,3920,3960,3900,3935,-40,-1.006289,86800,OK
2026-06-03,9795,ステップ,プライム（内国株式）,サービス業,2186,2214,2156,2209,25,1.144689,14300,OK
2026-06-03,9799,旭情報サービス,スタンダード（内国株式）,情報･通信業,910,919,895,899,-21,-2.282609,28000,OK
2026-06-03,9812,テーオーホールディングス,スタンダード（内国株式）,小売業,228,229,228,229,1,0.438596,2500,OK
2026-06-03,9816,ストライダーズ,スタンダード（内国株式）,不動産業,266,272,261,267,1,0.37594,5200,OK
2026-06-03,9818,大丸エナウィン,スタンダード（内国株式）,卸売業,1753,1761,1753,1761,10,0.571102,200,OK
2026-06-03,9820,エムティジェネックス,スタンダード（内国株式）,不動産業,3515,3515,3500,3515,-45,-1.264045,400,OK
2026-06-03,9823,マミーマートホールディングス,スタンダード（内国株式）,小売業,992,997,974,990,-4,-0.402414,159200,OK
2026-06-03,9824,泉州電業,プライム（内国株式）,卸売業,6310,6350,6170,6210,-50,-0.798722,69500,OK
2026-06-03,9827,リリカラ,スタンダード（内国株式）,卸売業,588,596,587,595,6,1.018676,47700,OK
2026-06-03,9828,Ｇｅｎｋｉ　Ｇｌｏｂａｌ　Ｄｉｎｉｎｇ　Ｃｏｎｃｅｐｔｓ,スタンダード（内国株式）,小売業,2722,2759,2706,2731,-4,-0.146252,35800,OK
2026-06-03,9830,トラスコ中山,プライム（内国株式）,卸売業,2178,2213,2164,2180,2,0.091827,145600,OK
2026-06-03,9831,ヤマダホールディングス,プライム（内国株式）,小売業,611,616.9,609,613.7,2.1,0.343362,2828500,OK
2026-06-03,9832,オートバックスセブン,プライム（内国株式）,卸売業,1439,1458,1431,1458,16,1.10957,213000,OK
2026-06-03,9835,ジュンテンドー,スタンダード（内国株式）,小売業,501,506,501,506,3,0.596421,10700,OK
2026-06-03,9837,モリト,プライム（内国株式）,卸売業,1762,1778,1752,1764,2,0.113507,54600,OK
2026-06-03,9842,アークランズ,プライム（内国株式）,小売業,1815,1852,1809,1842,13,0.710771,111700,OK
2026-06-03,9843,ニトリホールディングス,プライム（内国株式）,小売業,2620,2757,2606,2648.5,61,2.357488,5791600,OK
2026-06-03,9845,パーカーコーポレーション,スタンダード（内国株式）,化学,1320,1334,1291,1312,-1,-0.076161,5200,OK
2026-06-03,9846,天満屋ストア,スタンダード（内国株式）,小売業,972,976,971,974,2,0.205761,3600,OK
2026-06-03,9849,共同紙販ホールディングス,スタンダード（内国株式）,卸売業,,,,,,,,NO_QUOTE
2026-06-03,9850,グルメ杵屋,プライム（内国株式）,小売業,953,957,948,950,-3,-0.314795,50100,OK
2026-06-03,9853,銀座ルノアール,スタンダード（内国株式）,小売業,903,903,901,903,0,0,1700,OK
2026-06-03,9854,愛眼,スタンダード（内国株式）,小売業,227,228,213,218,-10,-4.385965,144500,OK
2026-06-03,9856,ケーユーホールディングス,スタンダード（内国株式）,小売業,1129,1150,1129,1140,11,0.974314,36100,OK
2026-06-03,9857,英和,スタンダード（内国株式）,卸売業,2453,2499,2453,2456,-45,-1.79928,400,OK
2026-06-03,9861,吉野家ホールディングス,プライム（内国株式）,小売業,3088,3112,3066,3098,4,0.129282,284000,OK
2026-06-03,9867,ソレキア,スタンダード（内国株式）,卸売業,10240,10390,10240,10390,-10,-0.096154,400,OK
2026-06-03,9869,加藤産業,プライム（内国株式）,卸売業,5760,5850,5750,5850,40,0.688468,30800,OK
2026-06-03,9872,北恵,スタンダード（内国株式）,卸売業,876,889,876,887,8,0.910125,1000,OK
2026-06-03,9876,コックス,スタンダード（内国株式）,小売業,216,221,216,219,4,1.860465,32700,OK
2026-06-03,9878,セキド,スタンダード（内国株式）,小売業,446,452,444,445,-6,-1.330377,10100,OK
2026-06-03,9880,イノテック,プライム（内国株式）,電気機器,4300,4495,4285,4370,100,2.34192,213800,OK
2026-06-03,9882,イエローハット,プライム（内国株式）,卸売業,1630,1688,1618,1687,53,3.243574,265700,OK
2026-06-03,9885,シャルレ,スタンダード（内国株式）,卸売業,337,338,335,336,-2,-0.591716,8500,OK
2026-06-03,9887,松屋フーズホールディングス,プライム（内国株式）,小売業,4550,4595,4485,4580,10,0.218818,80400,OK
2026-06-03,9888,ＵＥＸ,スタンダード（内国株式）,卸売業,933,941,922,927,-6,-0.643087,63000,OK
2026-06-03,9889,ＪＢＣＣホールディングス,プライム（内国株式）,情報･通信業,1246,1254,1204,1216,-31,-2.485966,219600,OK
2026-06-03,9890,マキヤ,スタンダード（内国株式）,小売業,1401,1413,1387,1395,-17,-1.203966,17300,OK
2026-06-03,9895,コンセック,スタンダード（内国株式）,卸売業,1255,1263,1254,1263,7,0.557325,300,OK
2026-06-03,9896,ＪＫホールディングス,スタンダード（内国株式）,卸売業,1272,1296,1271,1292,20,1.572327,11300,OK
2026-06-03,9900,サガミホールディングス,プライム（内国株式）,小売業,1535,1586,1527,1573,28,1.812298,148400,OK
2026-06-03,9902,日伝,プライム（内国株式）,卸売業,2470,2486,2441,2462,-8,-0.323887,47500,OK
2026-06-03,9903,カンセキ,スタンダード（内国株式）,小売業,1077,1216,1068,1200,108,9.89011,14800,OK
2026-06-03,9904,ベリテ,スタンダード（内国株式）,小売業,235,242,235,241,4,1.687764,70300,OK
2026-06-03,9906,藤井産業,スタンダード（内国株式）,卸売業,3695,3725,3665,3690,-15,-0.404858,9900,OK
2026-06-03,9908,日本電計,スタンダード（内国株式）,卸売業,2476,2521,2466,2519,43,1.736672,13300,OK
2026-06-03,9913,日邦産業,スタンダード（内国株式）,卸売業,3540,3650,3540,3640,100,2.824859,106700,OK
2026-06-03,9914,植松商会,スタンダード（内国株式）,卸売業,704,727,704,719,15,2.130682,600,OK
2026-06-03,9927,ワットマン,スタンダード（内国株式）,小売業,964,966,964,965,-1,-0.10352,600,OK
2026-06-03,9928,ミロク情報サービス,プライム（内国株式）,情報･通信業,1729,1729,1702,1715,-11,-0.637312,31600,OK
2026-06-03,9929,平和紙業,スタンダード（内国株式）,卸売業,465,465,465,465,-5,-1.06383,800,OK
2026-06-03,9930,北沢産業,スタンダード（内国株式）,卸売業,344,346,344,346,0,0,800,OK
2026-06-03,9932,杉本商事,プライム（内国株式）,卸売業,1123,1142,1114,1136,12,1.067616,32600,OK
2026-06-03,9934,因幡電機産業,プライム（内国株式）,卸売業,2651.5,2728.5,2633,2713.5,73,2.764628,199100,OK
2026-06-03,9936,王将フードサービス,プライム（内国株式）,小売業,2632,2651,2622,2636,11,0.419048,201300,OK
2026-06-03,9941,太洋物産,スタンダード（内国株式）,卸売業,1145,1220,1120,1153,12,1.051709,138200,OK
2026-06-03,9946,ミニストップ,プライム（内国株式）,小売業,1820,1834,1811,1830,5,0.273973,17000,OK
2026-06-03,9948,アークス,プライム（内国株式）,小売業,3210,3235,3170,3225,35,1.097179,61000,OK
2026-06-03,9950,ハチバン,スタンダード（内国株式）,小売業,3415,3415,3400,3405,-5,-0.146628,1500,OK
2026-06-03,9955,ヨンキュウ,スタンダード（内国株式）,卸売業,2615,2665,2595,2595,-20,-0.764818,3200,OK
2026-06-03,9956,バローホールディングス,プライム（内国株式）,小売業,3370,3370,3305,3360,35,1.052632,186500,OK
2026-06-03,9959,アシードホールディングス,スタンダード（内国株式）,小売業,892,905,892,896,-5,-0.554939,2200,OK
2026-06-03,9960,東テク,プライム（内国株式）,卸売業,3635,3720,3610,3715,90,2.482759,75300,OK
2026-06-03,9962,ミスミグループ本社,プライム（内国株式）,卸売業,3760,3841,3678,3828,201,5.54177,1634000,OK
2026-06-03,9969,ショクブン,スタンダード（内国株式）,小売業,223,226,223,223,0,0,20400,OK
2026-06-03,9972,アルテック,スタンダード（内国株式）,卸売業,262,265,262,265,0,0,1800,OK
2026-06-03,9973,ＫＯＺＯホールディングス,スタンダード（内国株式）,小売業,21,21,20,21,0,0,519200,OK
2026-06-03,9974,ベルク,プライム（内国株式）,小売業,6100,6210,6050,6210,80,1.305057,29200,OK
2026-06-03,9976,セキチュー,スタンダード（内国株式）,小売業,1029,1035,1029,1029,11,1.08055,300,OK
2026-06-03,9978,文教堂グループホールディングス,スタンダード（内国株式）,小売業,45,45,44,45,0,0,93100,OK
2026-06-03,9979,大庄,スタンダード（内国株式）,小売業,1045,1059,1041,1059,16,1.534036,24200,OK
2026-06-03,9980,ＭＲＫホールディングス,スタンダード（内国株式）,小売業,98,100,97,99,2,2.061856,63600,OK
2026-06-03,9982,タキヒヨー,スタンダード（内国株式）,卸売業,2720,2741,2688,2717,-41,-1.486584,8700,OK
2026-06-03,9983,ファーストリテイリング,プライム（内国株式）,小売業,79500,80450,78420,78420,-1260,-1.581325,1021700,OK
2026-06-03,9984,ソフトバンクグループ,プライム（内国株式）,情報･通信業,8800,8800,8180,8315,-317,-3.672382,73007300,OK
2026-06-03,9986,蔵王産業,スタンダード（内国株式）,卸売業,2456,2489,2453,2488,25,1.015022,3500,OK
2026-06-03,9987,スズケン,プライム（内国株式）,卸売業,5044,5107,4972,5107,24,0.472162,176400,OK
2026-06-03,9989,サンドラッグ,プライム（内国株式）,小売業,3630,3706,3615,3700,33,0.899918,607600,OK
2026-06-03,9990,サックスバー　ホールディングス,プライム（内国株式）,小売業,711,720,708,720,15,2.12766,56100,OK
2026-06-03,9991,ジェコス,プライム（内国株式）,卸売業,1462,1475,1460,1465,2,0.136705,29700,OK
2026-06-03,9993,ヤマザワ,スタンダード（内国株式）,小売業,1156,1158,1156,1156,0,0,1200,OK
2026-06-03,9994,やまや,スタンダード（内国株式）,小売業,2084,2109,2071,2101,10,0.47824,10400,OK
2026-06-03,9996,サトー商会,スタンダード（内国株式）,卸売業,2021,2048,2014,2025,-36,-1.746725,800,OK
2026-06-03,9997,ベルーナ,プライム（内国株式）,小売業,923,945,923,940,17,1.84182,404900,OK
