日付,銘柄コード,銘柄名,市場・商品区分,33業種区分,始値,高値,安値,終値,前日比,前日比％,売買高(株),取得状態
2024-07-10,1301,極洋,プライム（内国株式）,水産・農林業,4060,4065,4010,4020,-40,-0.985222,18200,OK
2024-07-10,130A,Ｖｅｒｉｔａｓ　Ｉｎ　Ｓｉｌｉｃｏ,グロース（内国株式）,医薬品,1007,1024,991,1000,16,1.626016,54700,OK
2024-07-10,131A,ＣＣＮグループ,TOKYO PRO MARKET（内国株式）,情報･通信業,,,,,,,,NO_QUOTE
2024-07-10,132A,アイエヌホールディングス,TOKYO PRO MARKET（内国株式）,陸運業,,,,,,,,NO_QUOTE
2024-07-10,1332,ニッスイ,プライム（内国株式）,水産・農林業,840.3,848.8,838,845.7,3.4,0.403657,1300300,OK
2024-07-10,1333,マルハニチロ,プライム（内国株式）,水産・農林業,3160,3160,3130,3160,40,1.282051,93800,OK
2024-07-10,134A,アプライズ,TOKYO PRO MARKET（内国株式）,サービス業,,,,,,,,NO_QUOTE
2024-07-10,135A,ＶＲＡＩＮ　Ｓｏｌｕｔｉｏｎ,グロース（内国株式）,情報･通信業,3280,3315,3185,3230,-20,-0.615385,123600,OK
2024-07-10,136A,三興商事,TOKYO PRO MARKET（内国株式）,建設業,,,,,,,,NO_QUOTE
2024-07-10,1375,雪国まいたけ,プライム（内国株式）,水産・農林業,1011,1013,1006,1011,-1,-0.098814,50100,OK
2024-07-10,1376,カネコ種苗,スタンダード（内国株式）,水産・農林業,1450,1476,1436,1476,36,2.5,52400,OK
2024-07-10,1377,サカタのタネ,プライム（内国株式）,水産・農林業,3460,3480,3445,3470,25,0.725689,94300,OK
2024-07-10,1379,ホクト,プライム（内国株式）,水産・農林業,1820,1826,1817,1824,3,0.164745,33400,OK
2024-07-10,137A,Ｃｏｃｏｌｉｖｅ,グロース（内国株式）,情報･通信業,1578,1578,1515,1526,-12,-0.780234,8000,OK
2024-07-10,1380,秋川牧園,スタンダード（内国株式）,水産・農林業,1035,1035,1035,1035,0,0,2000,OK
2024-07-10,1381,アクシーズ,スタンダード（内国株式）,水産・農林業,2961,2965,2960,2963,-25,-0.83668,3200,OK
2024-07-10,1382,ホーブ,スタンダード（内国株式）,水産・農林業,2268,2268,2224,2230,-40,-1.762115,1300,OK
2024-07-10,1383,ベルグアース,スタンダード（内国株式）,水産・農林業,2993,3005,2991,3005,5,0.166667,1500,OK
2024-07-10,1384,ホクリヨウ,スタンダード（内国株式）,水産・農林業,998,1001,992,998,1,0.100301,28200,OK
2024-07-10,138A,光フードサービス,グロース（内国株式）,小売業,4210,4280,4155,4280,50,1.182033,5800,OK
2024-07-10,139A,東日本地所,TOKYO PRO MARKET（内国株式）,不動産業,,,,,,,,NO_QUOTE
2024-07-10,1401,エムビーエス,グロース（内国株式）,建設業,724,725,723,725,2,0.276625,4800,OK
2024-07-10,1407,ウエストホールディングス,スタンダード（内国株式）,建設業,2358,2367,2277,2322,-58,-2.436975,467600,OK
2024-07-10,1414,ショーボンドホールディングス,プライム（内国株式）,建設業,5622,5669,5615,5669,23,0.407368,127100,OK
2024-07-10,1417,ミライト・ワン,プライム（内国株式）,建設業,2062.5,2078,2056.5,2070.5,-4.5,-0.216867,254700,OK
2024-07-10,1418,インターライフホールディングス,スタンダード（内国株式）,建設業,231,231,229,231,0,0,21500,OK
2024-07-10,1419,タマホーム,プライム（内国株式）,建設業,3865,3865,3805,3840,-20,-0.518135,193800,OK
2024-07-10,141A,トライアルホールディングス,グロース（内国株式）,小売業,2619,2639,2556,2590,-69,-2.594961,595900,OK
2024-07-10,1420,サンヨーホームズ,スタンダード（内国株式）,建設業,737,739,733,735,-3,-0.406504,10900,OK
2024-07-10,1429,日本アクア,プライム（内国株式）,建設業,913,917,903,912,4,0.440529,62000,OK
2024-07-10,142A,ジンジブ,グロース（内国株式）,サービス業,3325,3360,3275,3340,15,0.451128,7600,OK
2024-07-10,1430,ファーストコーポレーション,スタンダード（内国株式）,建設業,769,770,757,770,4,0.522193,57100,OK
2024-07-10,1431,Ｌｉｂ　Ｗｏｒｋ,グロース（内国株式）,建設業,700,700,693,693,-7,-1,59600,OK
2024-07-10,1432,動力,TOKYO PRO MARKET（内国株式）,建設業,,,,,,,,NO_QUOTE
2024-07-10,1433,ベステラ,プライム（内国株式）,建設業,987,989,968,973,-17,-1.717172,90700,OK
2024-07-10,1434,ＪＥＳＣＯホールディングス,スタンダード（内国株式）,建設業,899,902,868,873,-26,-2.892102,62300,OK
2024-07-10,1435,ｒｏｂｏｔ　ｈｏｍｅ,スタンダード（内国株式）,不動産業,180,180,175,177,-2,-1.117318,233000,OK
2024-07-10,1436,ＧｒｅｅｎＥｎｅｒｇｙ　＆　Ｃｏｍｐａｎｙ,グロース（内国株式）,建設業,2081,2081,1943,2025,-62,-2.970771,83300,OK
2024-07-10,1438,岐阜造園,スタンダード（内国株式）,建設業,1951,1952,1951,1952,-27,-1.364325,800,OK
2024-07-10,1439,安江工務店,スタンダード（内国株式）,建設業,1386,1386,1378,1386,4,0.289436,1500,OK
2024-07-10,143A,イシン,グロース（内国株式）,サービス業,1059,1065,1039,1054,-11,-1.032864,6800,OK
2024-07-10,1443,技研ホールディングス,スタンダード（内国株式）,建設業,204,204,202,203,-1,-0.490196,18300,OK
2024-07-10,1444,ニッソウ,グロース（内国株式）,建設業,2923,2950,2890,2890,-60,-2.033898,3400,OK
2024-07-10,1445,ひかりホールディングス,TOKYO PRO MARKET（内国株式）,建設業,,,,,,,,NO_QUOTE
2024-07-10,1446,キャンディル,スタンダード（内国株式）,建設業,643,645,643,643,-1,-0.15528,5700,OK
2024-07-10,1447,ＩＴｂｏｏｋホールディングス,グロース（内国株式）,建設業,273,275,271,271,-4,-1.454545,64800,OK
2024-07-10,144A,エネルギーパワー,TOKYO PRO MARKET（内国株式）,建設業,,,,,,,,NO_QUOTE
2024-07-10,1450,田中建設工業,スタンダード（内国株式）,建設業,2327,2327,2302,2321,0,0,1300,OK
2024-07-10,1451,ＫＨＣ,スタンダード（内国株式）,建設業,733,735,732,735,1,0.13624,3800,OK
2024-07-10,1452,横浜ライト工業,TOKYO PRO MARKET（内国株式）,建設業,,,,,,,,NO_QUOTE
2024-07-10,145A,Ｌ　ｉｓ　Ｂ,グロース（内国株式）,情報･通信業,911,911,873,893,-18,-1.975851,30700,OK
2024-07-10,146A,コロンビア・ワークス,スタンダード（内国株式）,不動産業,3775,3775,3650,3710,5,0.134953,37800,OK
2024-07-10,147A,ソラコム,グロース（内国株式）,情報･通信業,1405,1405,1383,1386,-18,-1.282051,123800,OK
2024-07-10,148A,ハッチ・ワーク,グロース（内国株式）,情報･通信業,2204,2204,2160,2166,-50,-2.256318,3700,OK
2024-07-10,1491,中外鉱業,スタンダード（内国株式）,非鉄金属,30,31,30,30,0,0,221700,OK
2024-07-10,149A,シンカ,グロース（内国株式）,情報･通信業,763,764,715,739,-32,-4.150454,48100,OK
2024-07-10,150A,ＪＳＨ,グロース（内国株式）,サービス業,635,635,611,630,-5,-0.787402,5900,OK
2024-07-10,1514,住石ホールディングス,スタンダード（内国株式）,鉱業,1316,1318,1298,1309,-11,-0.833333,487900,OK
2024-07-10,1515,日鉄鉱業,プライム（内国株式）,鉱業,5070,5090,5010,5040,-30,-0.591716,27500,OK
2024-07-10,1518,三井松島ホールディングス,プライム（内国株式）,鉱業,5300,5520,5270,5510,170,3.183521,158900,OK
2024-07-10,151A,ダイブ,グロース（内国株式）,サービス業,3995,4075,3755,3775,-140,-3.57599,41000,OK
2024-07-10,152A,オプティ,TOKYO PRO MARKET（内国株式）,卸売業,,,,,,,,NO_QUOTE
2024-07-10,153A,カウリス,グロース（内国株式）,情報･通信業,2061,2070,1961,1972,-98,-4.7343,68900,OK
2024-07-10,154A,ＧＡＩＡ,TOKYO PRO MARKET（内国株式）,その他金融業,,,,,,,,NO_QUOTE
2024-07-10,155A,情報戦略テクノロジー,グロース（内国株式）,情報･通信業,640,644,607,614,-26,-4.0625,252200,OK
2024-07-10,156A,マテリアルグループ,グロース（内国株式）,サービス業,986,1010,982,1003,10,1.007049,71000,OK
2024-07-10,157A,グリーンモンスター,グロース（内国株式）,サービス業,1011,1014,1000,1006,1,0.099502,12000,OK
2024-07-10,158A,エクセリ,TOKYO PRO MARKET（内国株式）,小売業,,,,,,,,NO_QUOTE
2024-07-10,1605,ＩＮＰＥＸ,プライム（内国株式）,鉱業,2412.5,2436.5,2402.5,2415,2.5,0.103627,3997200,OK
2024-07-10,160A,アズパートナーズ,スタンダード（内国株式）,サービス業,2280,2317,2276,2290,22,0.970018,19900,OK
2024-07-10,161A,三葉,TOKYO PRO MARKET（内国株式）,サービス業,,,,,,,,NO_QUOTE
2024-07-10,164A,アップルパーク,TOKYO PRO MARKET（内国株式）,不動産業,,,,,,,,NO_QUOTE
2024-07-10,165A,ＳＢＩレオスひふみ,グロース（内国株式）,証券･商品先物取引業,1164,1165,1138,1150,-1,-0.086881,15300,OK
2024-07-10,1662,石油資源開発,プライム（内国株式）,鉱業,6370,6410,6320,6350,-70,-1.090343,212900,OK
2024-07-10,1663,Ｋ＆Ｏエナジーグループ,プライム（内国株式）,鉱業,3530,3610,3525,3585,5,0.139665,140900,OK
2024-07-10,166A,タスキホールディングス,グロース（内国株式）,不動産業,643,649,634,642,-1,-0.155521,161900,OK
2024-07-10,167A,リョーサン菱洋ホールディングス,プライム（内国株式）,卸売業,3020,3025,2995,3020,-10,-0.330033,140200,OK
2024-07-10,168A,イタミアート,グロース（内国株式）,その他製品,1353,1353,1266,1308,-45,-3.325942,32900,OK
2024-07-10,1711,ＳＤＳホールディングス,スタンダード（内国株式）,建設業,381,391,380,381,-5,-1.295337,66800,OK
2024-07-10,1712,ダイセキ環境ソリューション,スタンダード（内国株式）,建設業,1060,1063,1033,1053,-10,-0.940734,117600,OK
2024-07-10,1716,第一カッター興業,スタンダード（内国株式）,建設業,1628,1641,1610,1610,-18,-1.105651,8100,OK
2024-07-10,1717,明豊ファシリティワークス,スタンダード（内国株式）,サービス業,874,874,867,867,-2,-0.23015,18900,OK
2024-07-10,1718,美樹工業,スタンダード（内国株式）,建設業,5030,5040,5030,5040,10,0.198807,200,OK
2024-07-10,1719,安藤・間,プライム（内国株式）,建設業,1198,1202,1192,1197,0,0,741000,OK
2024-07-10,171A,ゼロジャパン,TOKYO PRO MARKET（内国株式）,卸売業,,,,,,,,NO_QUOTE
2024-07-10,1720,東急建設,プライム（内国株式）,建設業,777,777,771,775,0,0,207600,OK
2024-07-10,1721,コムシスホールディングス,プライム（内国株式）,建設業,3179,3198,3176,3189,2,0.062755,453700,OK
2024-07-10,1723,日本電技,スタンダード（内国株式）,建設業,5180,5230,5160,5230,70,1.356589,2000,OK
2024-07-10,1724,シンクレイヤ,スタンダード（内国株式）,建設業,721,724,715,715,-14,-1.920439,11600,OK
2024-07-10,1726,ビーアールホールディングス,プライム（内国株式）,建設業,365,365,360,361,-1,-0.276243,62000,OK
2024-07-10,172A,ネオホーム,TOKYO PRO MARKET（内国株式）,不動産業,,,,,,,,NO_QUOTE
2024-07-10,1730,麻生フオームクリート,スタンダード（内国株式）,建設業,636,637,626,627,-8,-1.259843,20900,OK
2024-07-10,1736,オーテック,スタンダード（内国株式）,建設業,3670,3750,3655,3750,90,2.459016,2300,OK
2024-07-10,173A,ハンモック,グロース（内国株式）,情報･通信業,1370,1370,1325,1350,-10,-0.735294,17300,OK
2024-07-10,1743,コーアツ工業,スタンダード（内国株式）,建設業,1423,1425,1414,1422,13,0.92264,1500,OK
2024-07-10,174A,エージェンテック,TOKYO PRO MARKET（内国株式）,情報･通信業,,,,,,,,NO_QUOTE
2024-07-10,1757,創建エース,スタンダード（内国株式）,建設業,28,29,28,28,-1,-3.448276,299100,OK
2024-07-10,1758,太洋基礎工業,スタンダード（内国株式）,建設業,1959,1959,1950,1950,-9,-0.459418,400,OK
2024-07-10,175A,Ｗｉｌｌ　Ｓｍａｒｔ,グロース（内国株式）,情報･通信業,1263,1264,1263,1263,-1,-0.079114,1400,OK
2024-07-10,1762,高松コンストラクショングループ,プライム（内国株式）,建設業,2995,3010,2972,2999,4,0.133556,33200,OK
2024-07-10,1764,工藤建設,スタンダード（内国株式）,建設業,2566,2569,2560,2569,-20,-0.772499,600,OK
2024-07-10,1766,東建コーポレーション,プライム（内国株式）,建設業,11410,11520,11320,11520,30,0.261097,16300,OK
2024-07-10,1768,ソネック,スタンダード（内国株式）,建設業,950,951,943,943,-7,-0.736842,5900,OK
2024-07-10,176A,レジル,グロース（内国株式）,電気･ガス業,1446,1459,1399,1415,-31,-2.143845,302600,OK
2024-07-10,1770,藤田エンジニアリング,スタンダード（内国株式）,建設業,1331,1349,1331,1349,18,1.352367,2500,OK
2024-07-10,1775,富士古河Ｅ＆Ｃ,スタンダード（内国株式）,建設業,6900,6960,6840,6960,110,1.605839,1600,OK
2024-07-10,1776,三井住建道路,スタンダード（内国株式）,建設業,1105,1105,1086,1086,-13,-1.182894,6300,OK
2024-07-10,177A,コージンバイオ,グロース（内国株式）,化学,1856,2075,1854,2009,157,8.477322,202800,OK
2024-07-10,1780,ヤマウラ,プライム（内国株式）,建設業,1314,1319,1304,1309,-5,-0.380518,26000,OK
2024-07-10,1783,ｆａｎｔａｓｉｓｔａ,スタンダード（内国株式）,不動産業,42,42,40,40,-1,-2.439024,173000,OK
2024-07-10,1786,オリエンタル白石,プライム（内国株式）,建設業,354,354,346,349,-2,-0.569801,356400,OK
2024-07-10,1787,ナカボーテック,スタンダード（内国株式）,建設業,5710,5780,5710,5760,-10,-0.17331,600,OK
2024-07-10,1788,三東工業社,スタンダード（内国株式）,建設業,3530,3530,3530,3530,10,0.284091,100,OK
2024-07-10,1789,ＥＴＳホールディングス,スタンダード（内国株式）,建設業,702,705,687,689,-17,-2.407932,29400,OK
2024-07-10,1793,大本組,スタンダード（内国株式）,建設業,2157,2180,2157,2180,20,0.925926,600,OK
2024-07-10,1795,マサル,スタンダード（内国株式）,建設業,,,,,,,,NO_QUOTE
2024-07-10,1798,守谷商会,スタンダード（内国株式）,建設業,3960,3990,3945,3945,-15,-0.378788,1000,OK
2024-07-10,1799,第一建設工業,スタンダード（内国株式）,建設業,2461,2480,2380,2431,-60,-2.408671,6100,OK
2024-07-10,1801,大成建設,プライム（内国株式）,建設業,6298,6330,6135,6200,-101,-1.60292,762900,OK
2024-07-10,1802,大林組,プライム（内国株式）,建設業,1970,2006,1969.5,1982,19.5,0.993631,3251800,OK
2024-07-10,1803,清水建設,プライム（内国株式）,建設業,921,936.4,921,925.6,-3,-0.323067,4260800,OK
2024-07-10,1805,飛島建設,プライム（内国株式）,建設業,1510,1520,1505,1518,-3,-0.197239,40500,OK
2024-07-10,1807,佐藤渡辺,スタンダード（内国株式）,建設業,1816,1825,1797,1809,-14,-0.767965,700,OK
2024-07-10,1808,長谷工コーポレーション,プライム（内国株式）,建設業,1759.5,1760.5,1746,1760.5,7,0.399202,879100,OK
2024-07-10,1810,松井建設,スタンダード（内国株式）,建設業,834,834,820,828,-6,-0.719424,34900,OK
2024-07-10,1811,錢高組,スタンダード（内国株式）,建設業,4235,4255,4180,4180,-55,-1.298701,6500,OK
2024-07-10,1812,鹿島建設,プライム（内国株式）,建設業,2744,2801,2743,2800,32,1.156069,1560200,OK
2024-07-10,1813,不動テトラ,プライム（内国株式）,建設業,2558,2570,2473,2490,-90,-3.488372,83100,OK
2024-07-10,1814,大末建設,プライム（内国株式）,建設業,1711,1716,1685,1699,-5,-0.293427,115500,OK
2024-07-10,1815,鉄建建設,プライム（内国株式）,建設業,2577,2611,2563,2606,31,1.203883,54800,OK
2024-07-10,1820,西松建設,プライム（内国株式）,建設業,4680,4708,4669,4695,15,0.320513,125600,OK
2024-07-10,1821,三井住友建設,プライム（内国株式）,建設業,393,393,389,389,-3,-0.765306,646400,OK
2024-07-10,1822,大豊建設,スタンダード（内国株式）,建設業,3445,3460,3385,3430,-60,-1.719198,36700,OK
2024-07-10,1826,佐田建設,スタンダード（内国株式）,建設業,798,805,791,796,1,0.125786,21300,OK
2024-07-10,1827,ナカノフドー建設,スタンダード（内国株式）,建設業,515,517,510,514,1,0.194932,29000,OK
2024-07-10,1828,田辺工業,スタンダード（内国株式）,建設業,1887,1912,1867,1905,33,1.762821,54600,OK
2024-07-10,1833,奥村組,プライム（内国株式）,建設業,5090,5130,5090,5120,10,0.195695,83800,OK
2024-07-10,1835,東鉄工業,プライム（内国株式）,建設業,3150,3200,3145,3185,20,0.631912,51600,OK
2024-07-10,1840,土屋ホールディングス,スタンダード（内国株式）,建設業,222,223,219,220,-3,-1.345291,33700,OK
2024-07-10,1841,サンユー建設,スタンダード（内国株式）,建設業,1005,1009,1000,1000,0,0,300,OK
2024-07-10,1844,大盛工業,スタンダード（内国株式）,建設業,292,293,287,288,-5,-1.706485,387900,OK
2024-07-10,1847,イチケン,スタンダード（内国株式）,建設業,2587,2587,2541,2550,-37,-1.430228,25900,OK
2024-07-10,1848,富士ピー・エス,スタンダード（内国株式）,建設業,459,459,454,454,-6,-1.304348,9500,OK
2024-07-10,184A,学びエイド,グロース（内国株式）,情報･通信業,915,930,885,891,-28,-3.04679,72800,OK
2024-07-10,1850,南海辰村建設,スタンダード（内国株式）,建設業,351,351,344,348,-1,-0.286533,28500,OK
2024-07-10,1852,淺沼組,プライム（内国株式）,建設業,3840,3865,3835,3865,20,0.520156,40600,OK
2024-07-10,1853,森組,スタンダード（内国株式）,建設業,320,322,320,322,1,0.311526,8400,OK
2024-07-10,185A,リサイクルテック・ジャパン,TOKYO PRO MARKET（内国株式）,サービス業,,,,,,,,NO_QUOTE
2024-07-10,1860,戸田建設,プライム（内国株式）,建設業,1045,1057,1045,1053,-1,-0.094877,599500,OK
2024-07-10,1861,熊谷組,プライム（内国株式）,建設業,3580,3585,3535,3550,-30,-0.837989,109800,OK
2024-07-10,1866,北野建設,スタンダード（内国株式）,建設業,3685,3690,3645,3670,15,0.410397,5000,OK
2024-07-10,1867,植木組,スタンダード（内国株式）,建設業,1635,1645,1625,1625,-14,-0.854179,10800,OK
2024-07-10,186A,アストロスケールホールディングス,グロース（内国株式）,サービス業,850,870,805,831,13,1.589242,2262600,OK
2024-07-10,1870,矢作建設工業,プライム（内国株式）,建設業,1654,1659,1636,1642,-11,-0.665457,38100,OK
2024-07-10,1871,ピーエス三菱,プライム（内国株式）,建設業,1001,1007,998,1004,3,0.2997,69600,OK
2024-07-10,1873,日本ハウスホールディングス,プライム（内国株式）,建設業,345,345,340,341,-3,-0.872093,66500,OK
2024-07-10,1878,大東建託,プライム（内国株式）,不動産業,16790,16815,16460,16710,-120,-0.713012,253400,OK
2024-07-10,1879,新日本建設,プライム（内国株式）,建設業,1608,1608,1584,1588,-23,-1.427685,90000,OK
2024-07-10,187A,サムティホールディングス,プライム（内国株式）,不動産業,2571,2573,2541,2552,-9,-0.351425,93200,OK
2024-07-10,1882,東亜道路工業,プライム（内国株式）,建設業,1302,1302,1282,1298,4,0.309119,144800,OK
2024-07-10,1884,日本道路,プライム（内国株式）,建設業,1810,1828,1810,1820,-8,-0.437637,43600,OK
2024-07-10,1885,東亜建設工業,プライム（内国株式）,建設業,1008,1014,1002,1014,6,0.595238,124200,OK
2024-07-10,1887,日本国土開発,プライム（内国株式）,建設業,465,469,463,467,-4,-0.849257,221600,OK
2024-07-10,1888,若築建設,プライム（内国株式）,建設業,3265,3290,3220,3240,-25,-0.765697,13200,OK
2024-07-10,1890,東洋建設,プライム（内国株式）,建設業,1475,1482,1468,1479,6,0.407332,334100,OK
2024-07-10,1893,五洋建設,プライム（内国株式）,建設業,650.5,654.4,648,652.4,-1.7,-0.259899,1944500,OK
2024-07-10,1897,金下建設,スタンダード（内国株式）,建設業,2948,2948,2904,2904,-36,-1.22449,400,OK
2024-07-10,1898,世紀東急工業,プライム（内国株式）,建設業,1760,1761,1744,1759,-1,-0.056818,124500,OK
2024-07-10,1899,福田組,プライム（内国株式）,建設業,6100,6110,6050,6090,10,0.164474,6800,OK
2024-07-10,189A,Ｄ＆Ｍカンパニー,グロース（内国株式）,サービス業,984,1005,963,984,11,1.130524,36400,OK
2024-07-10,1904,大成温調,スタンダード（内国株式）,建設業,4430,4445,4385,4415,-25,-0.563063,11000,OK
2024-07-10,1905,テノックス,スタンダード（内国株式）,建設業,1234,1234,1234,1234,0,0,4200,OK
2024-07-10,1909,日本ドライケミカル,スタンダード（内国株式）,機械,2845,2845,2702,2704,-116,-4.113475,23100,OK
2024-07-10,190A,Ｃｈｏｒｄｉａ　Ｔｈｅｒａｐｅｕｔｉｃｓ,グロース（内国株式）,医薬品,300,340,281,286,13,4.761905,27094700,OK
2024-07-10,1911,住友林業,プライム（内国株式）,建設業,5260,5307,5197,5255,-21,-0.398029,639600,OK
2024-07-10,1914,日本基礎技術,スタンダード（内国株式）,建設業,584,586,573,579,-10,-1.697793,83500,OK
2024-07-10,191A,ミモザ,TOKYO PRO MARKET（内国株式）,サービス業,,,,,,,,NO_QUOTE
2024-07-10,1921,巴コーポレーション,スタンダード（内国株式）,建設業,795,816,791,815,15,1.875,124800,OK
2024-07-10,1925,大和ハウス工業,プライム（内国株式）,建設業,4080,4093,4062,4085,10,0.245399,1603500,OK
2024-07-10,1926,ライト工業,プライム（内国株式）,建設業,2125,2142,2116,2142,13,0.610615,144900,OK
2024-07-10,1928,積水ハウス,プライム（内国株式）,建設業,3582,3588,3552,3586,9,0.251607,1983700,OK
2024-07-10,1929,日特建設,プライム（内国株式）,建設業,1139,1147,1135,1144,-2,-0.17452,57500,OK
2024-07-10,192A,インテグループ,グロース（内国株式）,サービス業,5690,5810,5510,5600,-70,-1.234568,180400,OK
2024-07-10,1930,北陸電気工事,プライム（内国株式）,建設業,1126,1137,1120,1137,4,0.353045,22800,OK
2024-07-10,1934,ユアテック,プライム（内国株式）,建設業,1461,1465,1443,1457,-3,-0.205479,86100,OK
2024-07-10,1938,日本リーテック,プライム（内国株式）,建設業,1230,1249,1226,1230,0,0,28500,OK
2024-07-10,1939,四電工,プライム（内国株式）,建設業,3665,3670,3615,3650,0,0,18300,OK
2024-07-10,193A,グローベルス,TOKYO PRO MARKET（内国株式）,不動産業,,,,,,,,NO_QUOTE
2024-07-10,1941,中電工,プライム（内国株式）,建設業,3160,3210,3145,3210,35,1.102362,60800,OK
2024-07-10,1942,関電工,プライム（内国株式）,建設業,1689,1713,1677,1709,5,0.293427,531900,OK
2024-07-10,1944,きんでん,プライム（内国株式）,建設業,3222,3235,3197,3232,10,0.310366,461000,OK
2024-07-10,1945,東京エネシス,プライム（内国株式）,建設業,1345,1345,1329,1339,-11,-0.814815,69500,OK
2024-07-10,1946,トーエネック,プライム（内国株式）,建設業,5050,5050,4975,4985,0,0,102200,OK
2024-07-10,1948,弘電社,スタンダード（内国株式）,建設業,1305,1316,1300,1315,3,0.228659,4400,OK
2024-07-10,1949,住友電設,プライム（内国株式）,建設業,3730,3975,3730,3885,175,4.716981,149700,OK
2024-07-10,194A,ＷＯＬＶＥＳ　ＨＡＮＤ,グロース（内国株式）,サービス業,855,859,827,838,-17,-1.988304,113000,OK
2024-07-10,1950,日本電設工業,プライム（内国株式）,建設業,1933,1933,1914,1929,-7,-0.36157,90400,OK
2024-07-10,1951,エクシオグループ,プライム（内国株式）,建設業,1606,1613,1596,1612.5,6.5,0.404732,386400,OK
2024-07-10,1952,新日本空調,プライム（内国株式）,建設業,4080,4080,3975,4020,-80,-1.95122,86500,OK
2024-07-10,1959,九電工,プライム（内国株式）,建設業,5626,5648,5571,5633,-2,-0.035492,156800,OK
2024-07-10,195A,ライスカレー,グロース（内国株式）,サービス業,1201,1215,1152,1158,-41,-3.419516,68800,OK
2024-07-10,1960,サンテック,スタンダード（内国株式）,建設業,752,755,748,750,-4,-0.530504,7400,OK
2024-07-10,1961,三機工業,プライム（内国株式）,建設業,2142,2157,2138,2156,10,0.465983,84100,OK
2024-07-10,1963,日揮ホールディングス,プライム（内国株式）,建設業,1245,1250.5,1232.5,1238,-19,-1.511535,1497600,OK
2024-07-10,1964,中外炉工業,プライム（内国株式）,建設業,3260,3260,3180,3230,-25,-0.768049,25200,OK
2024-07-10,1965,テクノ菱和,スタンダード（内国株式）,建設業,1722,1722,1684,1691,-32,-1.857226,10800,OK
2024-07-10,1966,高田工業所,スタンダード（内国株式）,建設業,1486,1490,1467,1470,0,0,5600,OK
2024-07-10,1967,ヤマト,スタンダード（内国株式）,建設業,985,985,922,937,-43,-4.387755,125800,OK
2024-07-10,1968,太平電業,プライム（内国株式）,建設業,5640,5680,5350,5430,-220,-3.893805,49300,OK
2024-07-10,1969,高砂熱学工業,プライム（内国株式）,建設業,5720,5770,5690,5750,-40,-0.690846,183200,OK
2024-07-10,196A,ＭＦＳ,グロース（内国株式）,その他金融業,325,325,307,311,-13,-4.012346,235800,OK
2024-07-10,1972,三晃金属工業,スタンダード（内国株式）,建設業,4490,4490,4420,4450,-25,-0.558659,10500,OK
2024-07-10,1973,ＮＥＣネッツエスアイ,プライム（内国株式）,情報･通信業,2446,2452,2418,2439,-9,-0.367647,255500,OK
2024-07-10,1975,朝日工業社,プライム（内国株式）,建設業,1357,1358,1340,1351,-6,-0.442152,62800,OK
2024-07-10,1976,明星工業,プライム（内国株式）,建設業,1339,1346,1298,1305,-34,-2.539208,67300,OK
2024-07-10,1979,大氣社,プライム（内国株式）,建設業,5180,5240,5160,5230,30,0.576923,71900,OK
2024-07-10,197A,タウンズ,スタンダード（内国株式）,医薬品,425,427,419,420,-5,-1.176471,261200,OK
2024-07-10,1980,ダイダン,プライム（内国株式）,建設業,3180,3200,3125,3160,-55,-1.710731,262500,OK
2024-07-10,1981,協和日成,スタンダード（内国株式）,建設業,,,,,,,,NO_QUOTE
2024-07-10,1982,日比谷総合設備,プライム（内国株式）,建設業,3300,3380,3295,3320,20,0.606061,47200,OK
2024-07-10,198A,ＰｏｓｔＰｒｉｍｅ,グロース（内国株式）,情報･通信業,1191,1198,1115,1135,-37,-3.156997,676800,OK
2024-07-10,1992,神田通信機,スタンダード（内国株式）,建設業,2400,2400,2400,2400,0,0,700,OK
2024-07-10,1994,高橋カーテンウォール工業,スタンダード（内国株式）,建設業,599,599,593,595,-4,-0.66778,2000,OK
2024-07-10,1997,暁飯島工業,スタンダード（内国株式）,建設業,1862,1887,1849,1883,4,0.212879,3800,OK
2024-07-10,199A,メディエア,TOKYO PRO MARKET（内国株式）,情報･通信業,,,,,,,,NO_QUOTE
2024-07-10,2001,ニップン,プライム（内国株式）,食料品,2308,2330,2301,2321,10,0.432713,213200,OK
2024-07-10,2002,日清製粉グループ本社,プライム（内国株式）,食料品,1803.5,1815,1801,1810.5,-4,-0.220446,882100,OK
2024-07-10,2003,日東富士製粉,スタンダード（内国株式）,食料品,7280,7280,7120,7150,-110,-1.515152,5300,OK
2024-07-10,2004,昭和産業,プライム（内国株式）,食料品,3125,3145,3105,3120,-5,-0.16,46400,OK
2024-07-10,2009,鳥越製粉,スタンダード（内国株式）,食料品,688,692,684,686,0,0,43200,OK
2024-07-10,202A,豆蔵デジタルホールディングス,グロース（内国株式）,情報･通信業,1383,1407,1327,1347,-26,-1.893664,543300,OK
2024-07-10,203A,シュンビン,TOKYO PRO MARKET（内国株式）,サービス業,,,,,,,,NO_QUOTE
2024-07-10,204A,タイヨーパッケージ,TOKYO PRO MARKET（内国株式）,パルプ・紙,,,,,,,,NO_QUOTE
2024-07-10,2053,中部飼料,プライム（内国株式）,食料品,1563,1570,1551,1565,15,0.967742,41400,OK
2024-07-10,2055,日和産業,スタンダード（内国株式）,食料品,320,348,320,324,4,1.25,74600,OK
2024-07-10,205A,ロゴスホールディングス,グロース（内国株式）,建設業,2010,2052,1990,2036,6,0.295567,31900,OK
2024-07-10,2060,フィード・ワン,プライム（内国株式）,食料品,920,928,915,928,8,0.869565,64000,OK
2024-07-10,206A,ＰＲＩＳＭ　ＢｉｏＬａｂ,グロース（内国株式）,医薬品,650,672,572,572,-48,-7.741935,8382400,OK
2024-07-10,207A,ライジングコーポレーション,TOKYO PRO MARKET（内国株式）,建設業,,,,,,,,NO_QUOTE
2024-07-10,208A,構造計画研究所ホールディングス,スタンダード（内国株式）,情報･通信業,3995,4010,3995,4005,10,0.250313,1000,OK
2024-07-10,2107,東洋精糖,スタンダード（内国株式）,食料品,1632,1641,1610,1615,-15,-0.920245,19000,OK
2024-07-10,2108,日本甜菜製糖,プライム（内国株式）,食料品,2566,2756,2550,2706,161,6.32613,150400,OK
2024-07-10,2109,ＤＭ三井製糖ホールディングス,プライム（内国株式）,食料品,3435,3450,3350,3370,-65,-1.892285,104400,OK
2024-07-10,2112,塩水港精糖,スタンダード（内国株式）,食料品,273,274,271,271,-2,-0.732601,86400,OK
2024-07-10,2114,フジ日本精糖,スタンダード（内国株式）,食料品,1047,1047,1042,1045,-1,-0.095602,3600,OK
2024-07-10,2117,ウェルネオシュガー,プライム（内国株式）,食料品,2328,2338,2318,2332,15,0.647389,27100,OK
2024-07-10,2120,ＬＩＦＵＬＬ,プライム（内国株式）,サービス業,160,160,157,157,-4,-2.484472,984200,OK
2024-07-10,2121,ＭＩＸＩ,プライム（内国株式）,サービス業,3030,3035,2999,3020,5,0.165837,217800,OK
2024-07-10,2122,インタースペース,スタンダード（内国株式）,サービス業,965,967,965,967,1,0.10352,200,OK
2024-07-10,2124,ジェイエイシーリクルートメント,プライム（内国株式）,サービス業,693,698,686,695,-1,-0.143678,244700,OK
2024-07-10,2127,日本Ｍ＆Ａセンターホールディングス,プライム（内国株式）,サービス業,871,874.9,854.6,870,-5.6,-0.639561,3079900,OK
2024-07-10,2130,メンバーズ,プライム（内国株式）,サービス業,906,912,900,907,1,0.110375,38300,OK
2024-07-10,2134,燦キャピタルマネージメント,スタンダード（内国株式）,サービス業,22,22,21,21,0,0,919700,OK
2024-07-10,2136,ヒップ,スタンダード（内国株式）,サービス業,1056,1061,1052,1056,0,0,2500,OK
2024-07-10,2138,クルーズ,スタンダード（内国株式）,情報･通信業,716,718,700,703,-13,-1.815642,80400,OK
2024-07-10,2139,中広,スタンダード（内国株式）,サービス業,535,536,521,532,-7,-1.298701,43900,OK
2024-07-10,2146,ＵＴグループ,プライム（内国株式）,サービス業,3285,3300,3220,3240,-85,-2.556391,324200,OK
2024-07-10,2148,アイティメディア,プライム（内国株式）,サービス業,1938,1943,1912,1928,-10,-0.515996,55000,OK
2024-07-10,2150,ケアネット,プライム（内国株式）,サービス業,549,553,544,545,-7,-1.268116,116600,OK
2024-07-10,2152,幼児活動研究会,スタンダード（内国株式）,サービス業,1391,1391,1385,1385,-7,-0.502874,300,OK
2024-07-10,2153,Ｅ・Ｊホールディングス,プライム（内国株式）,サービス業,1853,1865,1791,1799,-54,-2.914193,34700,OK
2024-07-10,2154,オープンアップグループ,プライム（内国株式）,サービス業,2148,2159,2136,2159,11,0.512104,123400,OK
2024-07-10,2156,セーラー広告,スタンダード（内国株式）,サービス業,320,320,317,320,-1,-0.311526,1800,OK
2024-07-10,2157,コシダカホールディングス,プライム（内国株式）,サービス業,843,860,839,850,8,0.950119,1035400,OK
2024-07-10,2158,ＦＲＯＮＴＥＯ,グロース（内国株式）,サービス業,630,630,616,618,-12,-1.904762,97700,OK
2024-07-10,2160,ジーエヌアイグループ,グロース（内国株式）,医薬品,2454,2457,2365,2425,-21,-0.858545,667900,OK
2024-07-10,2162,ｎｍｓ　ホールディングス,スタンダード（内国株式）,サービス業,412,412,406,411,0,0,26200,OK
2024-07-10,2163,アルトナー,プライム（内国株式）,サービス業,2017,2030,2007,2015,-2,-0.099157,47700,OK
2024-07-10,2164,地域新聞社,グロース（内国株式）,サービス業,520,523,466,486,-116,-19.269103,223200,OK
2024-07-10,2168,パソナグループ,プライム（内国株式）,サービス業,2009,2013,1971,1979,-24,-1.198203,222700,OK
2024-07-10,2169,ＣＤＳ,スタンダード（内国株式）,サービス業,1801,1801,1771,1779,-16,-0.891365,15600,OK
2024-07-10,2170,リンクアンドモチベーション,プライム（内国株式）,サービス業,493,502,490,498,7,1.425662,386400,OK
2024-07-10,2173,博展,グロース（内国株式）,サービス業,493,497,485,493,5,1.02459,8200,OK
2024-07-10,2175,エス・エム・エス,プライム（内国株式）,サービス業,1930.5,1935,1899.5,1915.5,-32.5,-1.668378,412400,OK
2024-07-10,2179,成学社,スタンダード（内国株式）,サービス業,815,815,796,800,-10,-1.234568,600,OK
2024-07-10,2180,サニーサイドアップグループ,スタンダード（内国株式）,サービス業,650,650,630,630,-20,-3.076923,55700,OK
2024-07-10,2181,パーソルホールディングス,プライム（内国株式）,サービス業,249,253.2,248.5,252.3,3.3,1.325301,10038100,OK
2024-07-10,2183,リニカル,スタンダード（内国株式）,サービス業,433,433,416,421,-8,-1.864802,86300,OK
2024-07-10,2185,シイエム・シイ,スタンダード（内国株式）,サービス業,1267,1267,1258,1265,16,1.281025,4600,OK
2024-07-10,2186,ソーバル,スタンダード（内国株式）,サービス業,1016,1019,1013,1013,-1,-0.098619,1900,OK
2024-07-10,2193,クックパッド,スタンダード（内国株式）,サービス業,209,214,206,210,1,0.478469,1133000,OK
2024-07-10,2195,アミタホールディングス,グロース（内国株式）,サービス業,624,631,620,622,-3,-0.48,3900,OK
2024-07-10,2196,エスクリ,スタンダード（内国株式）,サービス業,282,283,280,280,-2,-0.70922,26500,OK
2024-07-10,2198,アイ・ケイ・ケイホールディングス,プライム（内国株式）,サービス業,787,787,781,785,-2,-0.25413,29300,OK
2024-07-10,2201,森永製菓,プライム（内国株式）,食料品,2519.5,2567.5,2512,2566,56,2.231076,376800,OK
2024-07-10,2204,中村屋,スタンダード（内国株式）,食料品,3270,3270,3255,3260,-25,-0.761035,8000,OK
2024-07-10,2206,江崎グリコ,プライム（内国株式）,食料品,4342,4364,4329,4364,23,0.529832,220100,OK
2024-07-10,2207,名糖産業,プライム（内国株式）,食料品,1943,1951,1935,1951,8,0.411734,19300,OK
2024-07-10,2208,ブルボン,スタンダード（内国株式）,食料品,2381,2394,2375,2391,10,0.419992,3100,OK
2024-07-10,2209,井村屋グループ,プライム（内国株式）,食料品,2467,2472,2457,2472,6,0.243309,16800,OK
2024-07-10,2211,不二家,プライム（内国株式）,食料品,2630,2640,2621,2627,-11,-0.416983,18600,OK
2024-07-10,2212,山崎製パン,プライム（内国株式）,食料品,3225,3288,3213,3256,48,1.496259,571400,OK
2024-07-10,2215,第一屋製パン,スタンダード（内国株式）,食料品,655,655,630,636,-9,-1.395349,74000,OK
2024-07-10,2216,カンロ,スタンダード（内国株式）,食料品,2920,2960,2866,2889,-52,-1.768106,44300,OK
2024-07-10,2217,モロゾフ,プライム（内国株式）,食料品,4820,4855,4785,4800,-10,-0.2079,37700,OK
2024-07-10,2220,亀田製菓,プライム（内国株式）,食料品,4230,4240,4195,4220,-10,-0.236407,27300,OK
2024-07-10,2221,岩塚製菓,スタンダード（内国株式）,食料品,2627,2627,2605,2610,-13,-0.495616,2100,OK
2024-07-10,2222,寿スピリッツ,プライム（内国株式）,食料品,1936.5,1959,1927.5,1939,42.5,2.24097,808200,OK
2024-07-10,2224,コモ,スタンダード（内国株式）,食料品,2896,2896,2883,2883,-13,-0.448895,500,OK
2024-07-10,2226,湖池屋,スタンダード（内国株式）,食料品,4625,4625,4590,4605,-10,-0.216685,3200,OK
2024-07-10,2229,カルビー,プライム（内国株式）,食料品,3015,3039,3015,3036,14,0.463269,225900,OK
2024-07-10,2264,森永乳業,プライム（内国株式）,食料品,3462,3468,3430,3460,14,0.406268,251000,OK
2024-07-10,2266,六甲バター,プライム（内国株式）,食料品,1536,1536,1494,1509,-11,-0.723684,22600,OK
2024-07-10,2267,ヤクルト本社,プライム（内国株式）,食料品,2865,2901,2856.5,2901,44,1.540077,1168700,OK
2024-07-10,2268,Ｂ−Ｒ　サーティワン　アイスクリーム,スタンダード（内国株式）,食料品,4085,4085,4065,4065,-20,-0.489596,5200,OK
2024-07-10,2269,明治ホールディングス,プライム（内国株式）,食料品,3543,3599,3538,3594,51,1.439458,798900,OK
2024-07-10,2270,雪印メグミルク,プライム（内国株式）,食料品,2690,2708,2675,2693,-8,-0.296187,136700,OK
2024-07-10,2281,プリマハム,プライム（内国株式）,食料品,2356,2364,2346,2357,3,0.127443,69500,OK
2024-07-10,2282,日本ハム,プライム（内国株式）,食料品,4750,4821,4743,4808,76,1.606086,417300,OK
2024-07-10,2286,林兼産業,スタンダード（内国株式）,食料品,519,519,513,517,-3,-0.576923,16500,OK
2024-07-10,2288,丸大食品,プライム（内国株式）,食料品,1683,1683,1671,1674,-6,-0.357143,26400,OK
2024-07-10,2291,福留ハム,スタンダード（内国株式）,食料品,1428,1428,1423,1423,-2,-0.140351,2900,OK
2024-07-10,2292,Ｓ　Ｆｏｏｄｓ,プライム（内国株式）,食料品,2871,2871,2835,2853,-7,-0.244755,45400,OK
2024-07-10,2293,滝沢ハム,スタンダード（内国株式）,食料品,3120,3120,3045,3045,-5,-0.163934,2000,OK
2024-07-10,2294,柿安本店,プライム（内国株式）,食料品,2596,2610,2574,2610,23,0.889061,23200,OK
2024-07-10,2296,伊藤ハム米久ホールディングス,プライム（内国株式）,食料品,4250,4255,4225,4255,0,0,47100,OK
2024-07-10,2300,きょくとう,スタンダード（内国株式）,サービス業,517,524,516,522,5,0.967118,9600,OK
2024-07-10,2301,学情,プライム（内国株式）,サービス業,1945,1945,1908,1924,-9,-0.465598,23000,OK
2024-07-10,2303,ドーン,スタンダード（内国株式）,情報･通信業,2118,2173,2110,2173,59,2.790918,15600,OK
2024-07-10,2304,ＣＳＳホールディングス,スタンダード（内国株式）,サービス業,927,928,918,928,1,0.107875,3100,OK
2024-07-10,2305,スタジオアリス,プライム（内国株式）,サービス業,2100,2112,2088,2104,1,0.047551,28900,OK
2024-07-10,2307,クロスキャット,プライム（内国株式）,情報･通信業,1347,1347,1308,1315,-32,-2.37565,33100,OK
2024-07-10,2311,エプコ,スタンダード（内国株式）,サービス業,794,795,785,785,-8,-1.008827,25700,OK
2024-07-10,2315,ＣＡＩＣＡ　ＤＩＧＩＴＡＬ,スタンダード（内国株式）,情報･通信業,57,57,55,56,0,0,2120900,OK
2024-07-10,2317,システナ,プライム（内国株式）,情報･通信業,356,358,352,354,1,0.283286,2050200,OK
2024-07-10,2321,ソフトフロントホールディングス,グロース（内国株式）,情報･通信業,82,82,80,81,-1,-1.219512,110100,OK
2024-07-10,2323,ｆｏｎｆｕｎ,スタンダード（内国株式）,情報･通信業,872,895,864,894,14,1.590909,14200,OK
2024-07-10,2325,ＮＪＳ,プライム（内国株式）,サービス業,4280,4345,4230,4290,-35,-0.809249,23900,OK
2024-07-10,2326,デジタルアーツ,プライム（内国株式）,情報･通信業,4900,4900,4755,4805,-90,-1.838611,185300,OK
2024-07-10,2327,日鉄ソリューションズ,プライム（内国株式）,情報･通信業,2838,2840,2822,2834,-4,-0.140944,246800,OK
2024-07-10,2329,東北新社,スタンダード（内国株式）,情報･通信業,565,566,544,551,-14,-2.477876,72100,OK
2024-07-10,2330,フォーサイド,スタンダード（内国株式）,情報･通信業,232,233,224,226,-7,-3.004292,636700,OK
2024-07-10,2331,綜合警備保障,プライム（内国株式）,サービス業,949.4,953.4,934.8,945.4,-3.4,-0.358347,999900,OK
2024-07-10,2332,クエスト,スタンダード（内国株式）,情報･通信業,1389,1389,1380,1389,-9,-0.643777,2400,OK
2024-07-10,2334,イオレ,グロース（内国株式）,サービス業,647,651,625,632,-15,-2.318393,37800,OK
2024-07-10,2335,キューブシステム,プライム（内国株式）,情報･通信業,1148,1153,1142,1148,-5,-0.433651,16900,OK
2024-07-10,2337,いちご,プライム（内国株式）,不動産業,402,410,400,406,0,0,600500,OK
2024-07-10,2338,クオンタムソリューションズ,スタンダード（内国株式）,情報･通信業,499,512,491,512,5,0.986193,326800,OK
2024-07-10,2340,極楽湯ホールディングス,スタンダード（内国株式）,サービス業,399,399,397,397,-1,-0.251256,16800,OK
2024-07-10,2341,アルバイトタイムス,スタンダード（内国株式）,サービス業,157,162,157,161,4,2.547771,68000,OK
2024-07-10,2342,トランスジェニック,グロース（内国株式）,サービス業,270,270,264,268,-2,-0.740741,51800,OK
2024-07-10,2344,平安レイサービス,スタンダード（内国株式）,サービス業,912,914,903,903,-3,-0.331126,3300,OK
2024-07-10,2345,クシム,スタンダード（内国株式）,情報･通信業,254,258,249,257,4,1.581028,177000,OK
2024-07-10,2349,エヌアイデイ,スタンダード（内国株式）,情報･通信業,2550,2577,2550,2577,27,1.058824,1400,OK
2024-07-10,2351,ＡＳＪ,グロース（内国株式）,情報･通信業,498,498,472,472,-27,-5.410822,64000,OK
2024-07-10,2353,日本駐車場開発,プライム（内国株式）,不動産業,213,214,209,212,-1,-0.469484,1394900,OK
2024-07-10,2354,ＹＥ　ＤＩＧＩＴＡＬ,スタンダード（内国株式）,情報･通信業,798,801,775,777,-26,-3.237858,252500,OK
2024-07-10,2359,コア,プライム（内国株式）,情報･通信業,1940,1969,1925,1935,-6,-0.309119,15700,OK
2024-07-10,2370,メディネット,グロース（内国株式）,サービス業,45,45,44,44,-1,-2.222222,1334200,OK
2024-07-10,2371,カカクコム,プライム（内国株式）,サービス業,2112.5,2134.5,2095,2133.5,15.5,0.731822,679500,OK
2024-07-10,2372,アイロムグループ,プライム（内国株式）,サービス業,2769,2771,2767,2768,2,0.072307,27100,OK
2024-07-10,2373,ケア２１,スタンダード（内国株式）,サービス業,479,481,478,480,1,0.208768,2500,OK
2024-07-10,2374,セントケア・ホールディング,プライム（内国株式）,サービス業,860,861,853,861,0,0,38200,OK
2024-07-10,2375,ギグワークス,スタンダード（内国株式）,サービス業,527,529,499,511,-20,-3.766478,723400,OK
2024-07-10,2376,サイネックス,スタンダード（内国株式）,サービス業,775,775,766,766,-3,-0.390117,4500,OK
2024-07-10,2378,ルネサンス,プライム（内国株式）,サービス業,1030,1030,1013,1019,-11,-1.067961,41800,OK
2024-07-10,2379,ディップ,プライム（内国株式）,サービス業,3010,3020,2892,2981,221,8.007246,1715100,OK
2024-07-10,2384,ＳＢＳホールディングス,プライム（内国株式）,陸運業,2600,2629,2561,2568,-56,-2.134146,81300,OK
2024-07-10,2385,総医研ホールディングス,グロース（内国株式）,サービス業,166,169,166,166,-1,-0.598802,17500,OK
2024-07-10,2388,ウェッジホールディングス,グロース（内国株式）,その他金融業,87,88,86,88,1,1.149425,75700,OK
2024-07-10,2389,デジタルホールディングス,プライム（内国株式）,サービス業,1057,1058,1047,1050,-11,-1.036758,43500,OK
2024-07-10,2391,プラネット,スタンダード（内国株式）,サービス業,1396,1396,1389,1389,-5,-0.35868,3600,OK
2024-07-10,2393,日本ケアサプライ,スタンダード（内国株式）,サービス業,1922,1925,1902,1910,-4,-0.208986,4600,OK
2024-07-10,2395,新日本科学,プライム（内国株式）,サービス業,1308,1315,1300,1314,-1,-0.076046,310500,OK
2024-07-10,2397,ＤＮＡチップ研究所,スタンダード（内国株式）,サービス業,931,934,905,924,-6,-0.645161,41500,OK
2024-07-10,2404,鉄人化ホールディングス,スタンダード（内国株式）,サービス業,478,481,472,475,-3,-0.627615,7000,OK
2024-07-10,2408,ＫＧ情報,スタンダード（内国株式）,サービス業,606,611,604,604,-1,-0.165289,24000,OK
2024-07-10,2410,キャリアデザインセンター,プライム（内国株式）,サービス業,1821,1821,1791,1797,-15,-0.827815,22000,OK
2024-07-10,2411,ゲンダイエージェンシー,スタンダード（内国株式）,情報･通信業,396,396,393,394,-1,-0.253165,15100,OK
2024-07-10,2413,エムスリー,プライム（内国株式）,サービス業,1519.5,1524,1498.5,1519.5,-12,-0.783546,2836400,OK
2024-07-10,2415,ヒューマンホールディングス,スタンダード（内国株式）,サービス業,1667,1734,1660,1724,66,3.9807,63800,OK
2024-07-10,2418,ツカダ・グローバルホールディング,スタンダード（内国株式）,サービス業,490,491,480,485,-8,-1.622718,243300,OK
2024-07-10,2424,ブラス,スタンダード（内国株式）,サービス業,719,723,718,720,3,0.41841,10400,OK
2024-07-10,2425,ケアサービス,スタンダード（内国株式）,サービス業,881,882,860,877,-5,-0.566893,6000,OK
2024-07-10,2428,ウェルネット,スタンダード（内国株式）,サービス業,672,678,666,674,2,0.297619,159200,OK
2024-07-10,2429,ワールドホールディングス,プライム（内国株式）,サービス業,2201,2204,2163,2181,-35,-1.579422,58700,OK
2024-07-10,2432,ディー・エヌ・エー,プライム（内国株式）,サービス業,1590,1601,1577,1585.5,-15.5,-0.968145,465200,OK
2024-07-10,2433,博報堂ＤＹホールディングス,プライム（内国株式）,サービス業,1156,1178,1156,1177.5,5,0.426439,554300,OK
2024-07-10,2435,シダー,スタンダード（内国株式）,サービス業,214,214,212,212,-2,-0.934579,6700,OK
2024-07-10,2436,共同ピーアール,スタンダード（内国株式）,サービス業,630,633,622,624,-6,-0.952381,21600,OK
2024-07-10,2437,Ｓｈｉｎｗａ　Ｗｉｓｅ　Ｈｏｌｄｉｎｇｓ,スタンダード（内国株式）,サービス業,409,409,379,382,-18,-4.5,221600,OK
2024-07-10,2438,アスカネット,グロース（内国株式）,サービス業,685,717,632,633,-67,-9.571429,1577500,OK
2024-07-10,2440,ぐるなび,プライム（内国株式）,サービス業,320,325,314,317,-3,-0.9375,292100,OK
2024-07-10,2445,タカミヤ,プライム（内国株式）,サービス業,476,477,472,472,-6,-1.25523,75400,OK
2024-07-10,2449,プラップジャパン,スタンダード（内国株式）,サービス業,1028,1028,1016,1020,-5,-0.487805,6600,OK
2024-07-10,2452,コンピュータマインド,TOKYO PRO MARKET（内国株式）,情報･通信業,,,,,,,,NO_QUOTE
2024-07-10,2454,オールアバウト,スタンダード（内国株式）,サービス業,399,401,398,398,-1,-0.250627,2600,OK
2024-07-10,2459,アウンコンサルティング,スタンダード（内国株式）,サービス業,197,198,192,192,-5,-2.538071,28100,OK
2024-07-10,2461,ファンコミュニケーションズ,プライム（内国株式）,サービス業,418,418,414,414,-1,-0.240964,45500,OK
2024-07-10,2462,ライク,プライム（内国株式）,サービス業,1539,1539,1515,1529,-14,-0.907323,61400,OK
2024-07-10,2464,Ａｏｂａ‐ＢＢＴ,スタンダード（内国株式）,サービス業,350,354,350,353,0,0,13800,OK
2024-07-10,2468,フュートレック,スタンダード（内国株式）,サービス業,233,234,232,233,2,0.865801,7700,OK
2024-07-10,2469,ヒビノ,スタンダード（内国株式）,サービス業,2589,2609,2534,2560,-47,-1.802839,7400,OK
2024-07-10,2471,エスプール,プライム（内国株式）,サービス業,324,325,315,318,-4,-1.242236,885100,OK
2024-07-10,2475,ＷＤＢホールディングス,プライム（内国株式）,サービス業,1859,1860,1836,1849,0,0,37000,OK
2024-07-10,2477,手間いらず,スタンダード（内国株式）,情報･通信業,3565,3625,3515,3545,-20,-0.56101,22200,OK
2024-07-10,2479,ジェイテック,グロース（内国株式）,サービス業,268,268,264,265,-3,-1.119403,64300,OK
2024-07-10,2480,システム・ロケーション,スタンダード（内国株式）,情報･通信業,1362,1388,1362,1388,-1,-0.071994,500,OK
2024-07-10,2481,タウンニュース社,スタンダード（内国株式）,サービス業,767,769,765,767,2,0.261438,1000,OK
2024-07-10,2483,翻訳センター,スタンダード（内国株式）,サービス業,2066,2068,2066,2068,3,0.145278,600,OK
2024-07-10,2484,出前館,スタンダード（内国株式）,情報･通信業,233,234,229,232,-3,-1.276596,758300,OK
2024-07-10,2485,ティア,スタンダード（内国株式）,サービス業,462,462,459,461,-1,-0.21645,47300,OK
2024-07-10,2487,ＣＤＧ,スタンダード（内国株式）,サービス業,1273,1273,1270,1270,-4,-0.313972,1400,OK
2024-07-10,2488,ＪＴＰ,スタンダード（内国株式）,サービス業,991,991,975,987,2,0.203046,11700,OK
2024-07-10,2489,アドウェイズ,プライム（内国株式）,サービス業,408,410,403,406,-1,-0.2457,92600,OK
2024-07-10,2491,バリューコマース,プライム（内国株式）,サービス業,1210,1224,1196,1223,21,1.747088,216900,OK
2024-07-10,2492,インフォマート,プライム（内国株式）,サービス業,323,327,322,325,6,1.880878,1060400,OK
2024-07-10,2493,イーサポートリンク,スタンダード（内国株式）,サービス業,908,919,908,919,11,1.211454,7800,OK
2024-07-10,2497,ユナイテッド,グロース（内国株式）,サービス業,809,811,802,808,-1,-0.123609,62800,OK
2024-07-10,2498,オリエンタルコンサルタンツホールディングス,スタンダード（内国株式）,サービス業,3440,3440,3425,3425,-5,-0.145773,700,OK
2024-07-10,2499,日本和装ホールディングス,スタンダード（内国株式）,サービス業,320,322,320,322,2,0.625,2100,OK
2024-07-10,2501,サッポロホールディングス,プライム（内国株式）,食料品,5827,6272,5822,6242,515,8.992492,1117700,OK
2024-07-10,2502,アサヒグループホールディングス,プライム（内国株式）,食料品,5650,5718,5612,5692,99,1.77007,1776700,OK
2024-07-10,2503,キリンホールディングス,プライム（内国株式）,食料品,2110,2128,2098.5,2126.5,22,1.045379,2920000,OK
2024-07-10,2531,宝ホールディングス,プライム（内国株式）,食料品,1092.5,1103.5,1092.5,1103.5,3.5,0.318182,385500,OK
2024-07-10,2533,オエノンホールディングス,プライム（内国株式）,食料品,398,406,397,404,6,1.507538,157600,OK
2024-07-10,2540,養命酒製造,プライム（内国株式）,食料品,2353,2356,2345,2354,1,0.042499,16600,OK
2024-07-10,2573,北海道コカ・コーラボトリング,スタンダード（内国株式）,食料品,2703,2723,2703,2718,11,0.406354,9000,OK
2024-07-10,2579,コカ・コーラ　ボトラーズジャパンホールディングス,プライム（内国株式）,食料品,2111,2158,2108.5,2157,36.5,1.721292,910500,OK
2024-07-10,2585,ライフドリンク　カンパニー,プライム（内国株式）,食料品,6740,6920,6720,6730,-30,-0.443787,66300,OK
2024-07-10,2586,フルッタフルッタ,グロース（内国株式）,食料品,37,38,37,37,0,0,58800,OK
2024-07-10,2587,サントリー食品インターナショナル,プライム（内国株式）,食料品,5574,5658,5557,5640,94,1.694915,571500,OK
2024-07-10,2588,プレミアムウォーターホールディングス,スタンダード（内国株式）,食料品,2980,3005,2973,2978,-2,-0.067114,3300,OK
2024-07-10,2590,ダイドーグループホールディングス,プライム（内国株式）,食料品,2632,2636,2616,2623,21,0.807071,174100,OK
2024-07-10,2593,伊藤園,プライム（内国株式）,食料品,3463,3488,3444,3488,50,1.454334,301200,OK
2024-07-10,25935,伊藤園（優先株式）,プライム（内国株式）,食料品,1871,1873,1866,1867,-1,-0.053533,14200,OK
2024-07-10,2594,キーコーヒー,プライム（内国株式）,食料品,2075,2075,2060,2060,-5,-0.242131,34800,OK
2024-07-10,2597,ユニカフェ,スタンダード（内国株式）,食料品,924,926,922,923,-1,-0.108225,7000,OK
2024-07-10,2599,ジャパンフーズ,スタンダード（内国株式）,食料品,2435,2439,2434,2434,0,0,86300,OK
2024-07-10,2602,日清オイリオグループ,プライム（内国株式）,食料品,4830,4905,4815,4890,50,1.033058,84200,OK
2024-07-10,2607,不二製油グループ本社,プライム（内国株式）,食料品,2939.5,3012,2939,3012,102.5,3.522942,633900,OK
2024-07-10,2612,かどや製油,スタンダード（内国株式）,食料品,3665,3665,3650,3650,-15,-0.409277,6800,OK
2024-07-10,2613,Ｊ−オイルミルズ,プライム（内国株式）,食料品,1938,1938,1915,1925,-6,-0.31072,75600,OK
2024-07-10,2651,ローソン,プライム（内国株式）,小売業,10330,10340,10330,10330,0,0,87100,OK
2024-07-10,2652,まんだらけ,スタンダード（内国株式）,小売業,551,570,547,557,7,1.272727,402600,OK
2024-07-10,2653,イオン九州,スタンダード（内国株式）,小売業,2776,2777,2761,2770,-4,-0.144196,4900,OK
2024-07-10,2654,アスモ,スタンダード（内国株式）,小売業,405,406,404,404,0,0,20700,OK
2024-07-10,2656,ベクターホールディングス,スタンダード（内国株式）,小売業,124,125,123,124,-1,-0.8,68300,OK
2024-07-10,2659,サンエー,プライム（内国株式）,小売業,4920,4955,4880,4905,-20,-0.406091,77500,OK
2024-07-10,2664,カワチ薬品,プライム（内国株式）,小売業,2872,2877,2859,2870,1,0.034855,22700,OK
2024-07-10,2666,オートウェーブ,スタンダード（内国株式）,小売業,157,157,156,156,-2,-1.265823,9700,OK
2024-07-10,2667,イメージ　ワン,スタンダード（内国株式）,卸売業,298,310,295,304,2,0.662252,190300,OK
2024-07-10,2668,タビオ,スタンダード（内国株式）,卸売業,1241,1241,1226,1235,-6,-0.483481,6300,OK
2024-07-10,2669,カネ美食品,スタンダード（内国株式）,小売業,3345,3350,3330,3335,-10,-0.298954,3500,OK
2024-07-10,2670,エービーシー・マート,プライム（内国株式）,小売業,2715,2719.5,2680,2715.5,-26,-0.948386,1369800,OK
2024-07-10,2673,夢みつけ隊,スタンダード（内国株式）,小売業,109,110,109,109,-1,-0.909091,13300,OK
2024-07-10,2674,ハードオフコーポレーション,プライム（内国株式）,小売業,2218,2238,2184,2221,23,1.046406,44100,OK
2024-07-10,2676,高千穂交易,プライム（内国株式）,卸売業,4045,4075,4005,4040,15,0.372671,23700,OK
2024-07-10,2678,アスクル,プライム（内国株式）,小売業,2041,2056,2026,2056,19,0.932744,219600,OK
2024-07-10,2681,ゲオホールディングス,プライム（内国株式）,小売業,1675,1678,1630,1645,-23,-1.378897,168200,OK
2024-07-10,2683,魚喜,スタンダード（内国株式）,小売業,1122,1124,1122,1123,0,0,2300,OK
2024-07-10,2685,アダストリア,プライム（内国株式）,小売業,3095,3130,3065,3105,-10,-0.321027,444000,OK
2024-07-10,2686,ジーフット,スタンダード（内国株式）,小売業,298,299,297,297,-1,-0.33557,32000,OK
2024-07-10,2687,シー・ヴイ・エス・ベイエリア,スタンダード（内国株式）,小売業,747,748,707,725,77,11.882716,591700,OK
2024-07-10,2689,オルバヘルスケアホールディングス,スタンダード（内国株式）,卸売業,2000,2013,1985,1992,-5,-0.250376,17900,OK
2024-07-10,2692,伊藤忠食品,プライム（内国株式）,卸売業,7050,7100,7020,7020,-60,-0.847458,5900,OK
2024-07-10,2693,ＹＫＴ,スタンダード（内国株式）,卸売業,260,260,256,259,-1,-0.384615,20400,OK
2024-07-10,2694,焼肉坂井ホールディングス,スタンダード（内国株式）,小売業,76,78,76,78,2,2.631579,635400,OK
2024-07-10,2695,くら寿司,プライム（内国株式）,小売業,3920,3950,3840,3945,0,0,461900,OK
2024-07-10,2698,キャンドゥ,スタンダード（内国株式）,小売業,3530,3530,3485,3525,5,0.142045,12800,OK
2024-07-10,2700,木徳神糧,スタンダード（内国株式）,卸売業,5570,5600,5520,5550,-30,-0.537634,1900,OK
2024-07-10,2702,日本マクドナルドホールディングス,スタンダード（内国株式）,小売業,5960,5990,5860,5900,-80,-1.337793,892700,OK
2024-07-10,2705,大戸屋ホールディングス,スタンダード（内国株式）,小売業,5210,5220,5200,5200,-10,-0.191939,3200,OK
2024-07-10,2708,久世,スタンダード（内国株式）,卸売業,1423,1425,1375,1380,-44,-3.089888,37300,OK
2024-07-10,2715,エレマテック,プライム（内国株式）,卸売業,2084,2090,2070,2081,-3,-0.143954,46000,OK
2024-07-10,2721,ジェイホールディングス,スタンダード（内国株式）,卸売業,220,220,215,217,-2,-0.913242,22100,OK
2024-07-10,2722,ＩＫホールディングス,スタンダード（内国株式）,小売業,427,431,401,403,-21,-4.95283,87700,OK
2024-07-10,2726,パルグループホールディングス,プライム（内国株式）,小売業,1645,1645,1599,1610,-19,-1.16636,569300,OK
2024-07-10,2730,エディオン,プライム（内国株式）,小売業,1650,1661,1643,1661,11,0.666667,231200,OK
2024-07-10,2733,あらた,プライム（内国株式）,卸売業,3470,3510,3440,3475,0,0,46400,OK
2024-07-10,2734,サーラコーポレーション,プライム（内国株式）,小売業,808,813,803,807,-5,-0.615764,77400,OK
2024-07-10,2735,ワッツ,スタンダード（内国株式）,小売業,710,710,690,691,-18,-2.538787,256200,OK
2024-07-10,2736,フェスタリアホールディングス,スタンダード（内国株式）,小売業,1590,1597,1589,1597,7,0.440252,600,OK
2024-07-10,2737,トーメンデバイス,プライム（内国株式）,卸売業,7760,7890,7700,7710,-50,-0.64433,13600,OK
2024-07-10,2742,ハローズ,プライム（内国株式）,小売業,4380,4400,4340,4375,-5,-0.114155,18600,OK
2024-07-10,2743,ピクセルカンパニーズ,スタンダード（内国株式）,卸売業,169,173,167,170,1,0.591716,733900,OK
2024-07-10,2747,北雄ラッキー,スタンダード（内国株式）,小売業,3235,3235,3195,3215,-15,-0.464396,500,OK
2024-07-10,2749,ＪＰホールディングス,プライム（内国株式）,サービス業,559,559,545,553,-11,-1.950355,329700,OK
2024-07-10,2750,石光商事,スタンダード（内国株式）,卸売業,908,914,899,899,-14,-1.533406,3400,OK
2024-07-10,2751,テンポスホールディングス,スタンダード（内国株式）,卸売業,3230,3250,3175,3205,-35,-1.080247,18100,OK
2024-07-10,2752,フジオフードグループ本社,プライム（内国株式）,小売業,1397,1403,1393,1403,3,0.214286,65500,OK
2024-07-10,2753,あみやき亭,プライム（内国株式）,小売業,5850,5900,5780,5820,-30,-0.512821,19300,OK
2024-07-10,2754,東葛ホールディングス,スタンダード（内国株式）,小売業,538,547,538,547,9,1.672862,16300,OK
2024-07-10,2760,東京エレクトロン　デバイス,プライム（内国株式）,卸売業,4280,4305,4200,4215,-115,-2.655889,295300,OK
2024-07-10,2762,ＳＡＮＫＯ　ＭＡＲＫＥＴＩＮＧ　ＦＯＯＤＳ,スタンダード（内国株式）,小売業,150,151,149,149,0,0,87700,OK
2024-07-10,2763,エフティグループ,スタンダード（内国株式）,卸売業,1167,1169,1162,1169,3,0.25729,1800,OK
2024-07-10,2764,ひらまつ,スタンダード（内国株式）,小売業,204,206,202,206,2,0.980392,205200,OK
2024-07-10,2767,円谷フィールズホールディングス,プライム（内国株式）,卸売業,1687,1782,1668,1717,45,2.691388,1652200,OK
2024-07-10,2768,双日,プライム（内国株式）,卸売業,3870,3882,3846,3871,-15,-0.386001,919800,OK
2024-07-10,2769,ヴィレッジヴァンガードコーポレーション,スタンダード（内国株式）,小売業,1085,1092,1085,1092,1,0.091659,9400,OK
2024-07-10,2776,新都ホールディングス,スタンダード（内国株式）,卸売業,189,191,184,184,-5,-2.645503,920500,OK
2024-07-10,2778,パレモ・ホールディングス,スタンダード（内国株式）,小売業,163,164,162,164,1,0.613497,59700,OK
2024-07-10,2780,コメ兵ホールディングス,スタンダード（内国株式）,小売業,4440,4470,4390,4420,-20,-0.45045,71800,OK
2024-07-10,2782,セリア,スタンダード（内国株式）,小売業,2964,2966,2933,2964,13,0.440529,68500,OK
2024-07-10,2784,アルフレッサ　ホールディングス,プライム（内国株式）,卸売業,2185,2256.5,2184,2238.5,75,3.466605,585600,OK
2024-07-10,2788,アップルインターナショナル,スタンダード（内国株式）,卸売業,605,609,595,595,-13,-2.138158,156600,OK
2024-07-10,2789,カルラ,スタンダード（内国株式）,小売業,460,462,456,459,-2,-0.433839,6900,OK
2024-07-10,2790,ナフコ,スタンダード（内国株式）,小売業,2879,2883,2830,2848,-22,-0.766551,7800,OK
2024-07-10,2791,大黒天物産,プライム（内国株式）,小売業,8400,8460,8090,8170,-270,-3.199052,69300,OK
2024-07-10,2792,ハニーズホールディングス,プライム（内国株式）,小売業,1550,1583,1533,1582,-12,-0.752823,399200,OK
2024-07-10,2795,日本プリメックス,スタンダード（内国株式）,卸売業,910,915,910,915,1,0.109409,400,OK
2024-07-10,2796,ファーマライズホールディングス,スタンダード（内国株式）,小売業,630,630,621,621,-9,-1.428571,34200,OK
2024-07-10,2798,ワイズテーブルコーポレーション,スタンダード（内国株式）,小売業,2995,2995,2990,2992,-2,-0.0668,1500,OK
2024-07-10,2801,キッコーマン,プライム（内国株式）,食料品,1905,1934,1898.5,1923.5,6,0.312907,2317300,OK
2024-07-10,2802,味の素,プライム（内国株式）,食料品,6000,6043,5971,6030,61,1.021947,1283900,OK
2024-07-10,2804,ブルドックソース,プライム（内国株式）,食料品,2033,2033,2004,2010,-23,-1.131333,12900,OK
2024-07-10,2805,ヱスビー食品,スタンダード（内国株式）,食料品,4660,4675,4650,4650,0,0,2900,OK
2024-07-10,2806,ユタカフーズ,スタンダード（内国株式）,食料品,1966,1996,1962,1982,3,0.151592,4100,OK
2024-07-10,2809,キユーピー,プライム（内国株式）,食料品,3717,3721,3594,3635,98,2.77071,928600,OK
2024-07-10,2810,ハウス食品グループ本社,プライム（内国株式）,食料品,2816,2845,2813,2845,35,1.245552,280300,OK
2024-07-10,2811,カゴメ,プライム（内国株式）,食料品,3345,3384,3337,3384,29,0.864382,420200,OK
2024-07-10,2813,和弘食品,スタンダード（内国株式）,食料品,6430,6430,6100,6180,-290,-4.482226,42200,OK
2024-07-10,2814,佐藤食品工業,スタンダード（内国株式）,食料品,,,,,,,,NO_QUOTE
2024-07-10,2815,アリアケジャパン,プライム（内国株式）,食料品,5170,5270,5160,5260,100,1.937984,39700,OK
2024-07-10,2816,ダイショー,スタンダード（内国株式）,食料品,1422,1425,1422,1422,0,0,2600,OK
2024-07-10,2818,ピエトロ,スタンダード（内国株式）,食料品,1800,1802,1796,1796,-2,-0.111235,5500,OK
2024-07-10,2819,エバラ食品工業,スタンダード（内国株式）,食料品,2886,2887,2852,2887,13,0.452331,10200,OK
2024-07-10,2820,やまみ,スタンダード（内国株式）,食料品,3380,3440,3290,3305,-70,-2.074074,21700,OK
2024-07-10,2830,アヲハタ,スタンダード（内国株式）,食料品,2558,2570,2549,2568,18,0.705882,1400,OK
2024-07-10,2831,はごろもフーズ,スタンダード（内国株式）,食料品,3255,3265,3255,3265,0,0,900,OK
2024-07-10,2871,ニチレイ,プライム（内国株式）,食料品,3418,3452,3417,3446,28,0.819193,405600,OK
2024-07-10,2872,セイヒョー,スタンダード（内国株式）,食料品,2655,2661,2526,2536,-117,-4.410102,9300,OK
2024-07-10,2874,横浜冷凍,プライム（内国株式）,卸売業,1027,1029,1018,1025,-3,-0.291829,92600,OK
2024-07-10,2875,東洋水産,プライム（内国株式）,食料品,9890,9956,9782,9847,-62,-0.625694,670300,OK
2024-07-10,2876,デルソーレ,スタンダード（内国株式）,食料品,514,519,512,512,-2,-0.389105,1200,OK
2024-07-10,2877,日東ベスト,スタンダード（内国株式）,食料品,823,834,823,834,-1,-0.11976,2100,OK
2024-07-10,2882,イートアンドホールディングス,プライム（内国株式）,食料品,1998,2052,1988,2040,-15,-0.729927,99700,OK
2024-07-10,2883,大冷,スタンダード（内国株式）,食料品,1947,1949,1945,1945,-2,-0.102722,2200,OK
2024-07-10,2884,ヨシムラ・フード・ホールディングス,プライム（内国株式）,食料品,1505,1518,1473,1498,-6,-0.398936,182800,OK
2024-07-10,2892,日本食品化工,スタンダード（内国株式）,食料品,2944,2945,2906,2906,-27,-0.920559,8800,OK
2024-07-10,2894,石井食品,スタンダード（内国株式）,食料品,303,305,303,303,0,0,3400,OK
2024-07-10,2897,日清食品ホールディングス,プライム（内国株式）,食料品,4200,4232,4171,4232,52,1.244019,761700,OK
2024-07-10,2899,永谷園ホールディングス,プライム（内国株式）,食料品,3095,3100,3095,3095,0,0,70400,OK
2024-07-10,2901,ウェルディッシュ,スタンダード（内国株式）,食料品,196,199,196,197,-2,-1.005025,38900,OK
2024-07-10,2903,シノブフーズ,スタンダード（内国株式）,食料品,932,932,926,927,-4,-0.429646,5400,OK
2024-07-10,2904,一正蒲鉾,スタンダード（内国株式）,食料品,765,765,758,759,-1,-0.131579,10000,OK
2024-07-10,2907,あじかん,スタンダード（内国株式）,食料品,1135,1169,1135,1162,8,0.693241,19300,OK
2024-07-10,2908,フジッコ,プライム（内国株式）,食料品,1855,1863,1854,1861,4,0.215401,39300,OK
2024-07-10,2910,ロック・フィールド,プライム（内国株式）,食料品,1478,1488,1470,1488,10,0.67659,68900,OK
2024-07-10,2911,旭松食品,スタンダード（内国株式）,食料品,,,,,,,,NO_QUOTE
2024-07-10,2914,日本たばこ産業,プライム（内国株式）,食料品,4409,4453,4406,4450,41,0.929916,4467400,OK
2024-07-10,2915,ケンコーマヨネーズ,プライム（内国株式）,食料品,2023,2040,2002,2027,-13,-0.637255,23300,OK
2024-07-10,2916,仙波糖化工業,スタンダード（内国株式）,食料品,779,779,773,775,-4,-0.513479,800,OK
2024-07-10,2917,大森屋,スタンダード（内国株式）,食料品,1050,1050,1031,1044,0,0,5300,OK
2024-07-10,2918,わらべや日洋ホールディングス,プライム（内国株式）,食料品,2498,2545,2455,2528,180,7.666099,479800,OK
2024-07-10,2922,なとり,プライム（内国株式）,食料品,2130,2136,2125,2133,3,0.140845,13700,OK
2024-07-10,2923,サトウ食品,スタンダード（内国株式）,食料品,7040,7130,7000,7070,50,0.712251,1900,OK
2024-07-10,2924,イフジ産業,スタンダード（内国株式）,食料品,1402,1405,1365,1365,-23,-1.657061,15800,OK
2024-07-10,2926,篠崎屋,スタンダード（内国株式）,食料品,90,90,89,90,1,1.123596,18300,OK
2024-07-10,2927,ＡＦＣ−ＨＤアムスライフサイエンス,スタンダード（内国株式）,食料品,914,929,902,907,-4,-0.439078,93000,OK
2024-07-10,2929,ファーマフーズ,プライム（内国株式）,食料品,1011,1021,991,995,-22,-2.163225,229300,OK
2024-07-10,2930,北の達人コーポレーション,プライム（内国株式）,化学,181,181,178,179,0,0,397300,OK
2024-07-10,2931,ユーグレナ,プライム（内国株式）,食料品,521,524,509,512,-12,-2.290076,1484500,OK
2024-07-10,2932,ＳＴＩフードホールディングス,スタンダード（内国株式）,食料品,5060,5090,5030,5070,50,0.996016,5800,OK
2024-07-10,2933,紀文食品,プライム（内国株式）,食料品,1246,1253,1242,1247,1,0.080257,34200,OK
2024-07-10,2934,ジェイフロンティア,グロース（内国株式）,食料品,3005,3045,2971,3025,-15,-0.493421,35600,OK
2024-07-10,2935,ピックルスホールディングス,プライム（内国株式）,食料品,1128,1128,1116,1118,-9,-0.79858,18100,OK
2024-07-10,2936,ベースフード,グロース（内国株式）,食料品,341,341,331,333,-7,-2.058824,279100,OK
2024-07-10,2937,サンクゼール,グロース（内国株式）,食料品,2245,2248,2226,2245,0,0,9600,OK
2024-07-10,2938,オカムラ食品工業,スタンダード（内国株式）,食料品,3385,3405,3250,3270,-70,-2.095808,18700,OK
2024-07-10,2961,日本調理機,スタンダード（内国株式）,金属製品,3920,3985,3920,3985,135,3.506494,300,OK
2024-07-10,2962,テクニスコ,スタンダード（内国株式）,金属製品,560,565,538,550,-16,-2.826855,55000,OK
2024-07-10,2970,グッドライフカンパニー,スタンダード（内国株式）,不動産業,3015,3015,2965,2981,-34,-1.127695,18000,OK
2024-07-10,2975,スター・マイカ・ホールディングス,プライム（内国株式）,不動産業,680,680,669,677,0,0,73000,OK
2024-07-10,2977,Ｌｉｖｅｎｕｐ　Ｇｒｏｕｐ,TOKYO PRO MARKET（内国株式）,不動産業,,,,,,,,NO_QUOTE
2024-07-10,2978,ツクルバ,グロース（内国株式）,不動産業,1004,1004,980,980,-33,-3.257651,8500,OK
2024-07-10,2980,ＳＲＥホールディングス,プライム（内国株式）,不動産業,4670,4825,4670,4810,135,2.887701,128100,OK
2024-07-10,2981,ランディックス,グロース（内国株式）,不動産業,2428,2430,2404,2425,-15,-0.614754,900,OK
2024-07-10,2982,ＡＤワークスグループ,プライム（内国株式）,不動産業,229,229,225,227,0,0,524700,OK
2024-07-10,2983,アールプランナー,グロース（内国株式）,不動産業,1090,1090,1053,1054,-36,-3.302752,16900,OK
2024-07-10,2984,ヤマイチ・ユニハイムエステート,スタンダード（内国株式）,不動産業,878,880,877,878,0,0,5600,OK
2024-07-10,2985,ファーストステージ,TOKYO PRO MARKET（内国株式）,不動産業,,,,,,,,NO_QUOTE
2024-07-10,2986,ＬＡホールディングス,グロース（内国株式）,不動産業,4340,4340,4300,4335,-30,-0.687285,25600,OK
2024-07-10,2990,アイダ設計,TOKYO PRO MARKET（内国株式）,不動産業,,,,,,,,NO_QUOTE
2024-07-10,2991,ランドネット,スタンダード（内国株式）,不動産業,1340,1352,1311,1324,-16,-1.19403,5700,OK
2024-07-10,2992,アーバンライク,TOKYO PRO MARKET（内国株式）,不動産業,,,,,,,,NO_QUOTE
2024-07-10,2993,長栄,スタンダード（内国株式）,不動産業,2067,2067,2043,2043,-10,-0.487092,2300,OK
2024-07-10,2994,アンサーホールディングス,TOKYO PRO MARKET（内国株式）,不動産業,,,,,,,,NO_QUOTE
2024-07-10,2995,ジェイレックス・コーポレーション,TOKYO PRO MARKET（内国株式）,不動産業,,,,,,,,NO_QUOTE
2024-07-10,2997,ストレージ王,グロース（内国株式）,不動産業,988,996,978,985,7,0.715746,22600,OK
2024-07-10,2998,クリアル,グロース（内国株式）,不動産業,4000,4060,3910,3930,-70,-1.75,13200,OK
2024-07-10,2999,ホームポジション,スタンダード（内国株式）,不動産業,561,567,540,540,-25,-4.424779,60400,OK
2024-07-10,3001,片倉工業,スタンダード（内国株式）,繊維製品,2066,2066,2008,2034,-45,-2.164502,50700,OK
2024-07-10,3002,グンゼ,プライム（内国株式）,繊維製品,5500,5610,5500,5600,70,1.265823,51200,OK
2024-07-10,3003,ヒューリック,プライム（内国株式）,不動産業,1435.5,1442.5,1431,1441,-4.5,-0.311311,1078900,OK
2024-07-10,3004,神栄,スタンダード（内国株式）,卸売業,1855,1855,1828,1830,-22,-1.187905,9000,OK
2024-07-10,3010,ポラリス・ホールディングス,スタンダード（内国株式）,サービス業,224,238,224,234,11,4.932735,639100,OK
2024-07-10,3011,バナーズ,スタンダード（内国株式）,小売業,139,139,138,138,-1,-0.719424,8300,OK
2024-07-10,3020,アプライド,スタンダード（内国株式）,小売業,2922,2951,2922,2951,29,0.992471,3400,OK
2024-07-10,3021,パシフィックネット,スタンダード（内国株式）,サービス業,1538,1538,1495,1512,-28,-1.818182,19400,OK
2024-07-10,3023,ラサ商事,スタンダード（内国株式）,卸売業,1768,1773,1757,1768,-6,-0.338219,30100,OK
2024-07-10,3024,クリエイト,スタンダード（内国株式）,卸売業,1247,1247,1155,1155,-119,-9.340659,87500,OK
2024-07-10,3028,アルペン,プライム（内国株式）,小売業,2054,2057,2042,2050,-8,-0.388727,67600,OK
2024-07-10,3030,ハブ,スタンダード（内国株式）,小売業,825,843,825,842,13,1.568154,36100,OK
2024-07-10,3031,ラクーンホールディングス,プライム（内国株式）,情報･通信業,572,577,561,561,-6,-1.058201,217800,OK
2024-07-10,3034,クオールホールディングス,プライム（内国株式）,小売業,1517,1520,1499,1510,-7,-0.461437,53400,OK
2024-07-10,3035,ケイティケイ,スタンダード（内国株式）,卸売業,692,692,688,688,-2,-0.289855,7600,OK
2024-07-10,3036,アルコニックス,プライム（内国株式）,卸売業,1528,1531,1508,1525,-3,-0.196335,111500,OK
2024-07-10,3038,神戸物産,プライム（内国株式）,卸売業,3600,3602,3565,3600,-3,-0.083264,620800,OK
2024-07-10,3039,碧,TOKYO PRO MARKET（内国株式）,小売業,,,,,,,,NO_QUOTE
2024-07-10,3040,ソリトンシステムズ,プライム（内国株式）,情報･通信業,1278,1290,1266,1277,-13,-1.007752,34700,OK
2024-07-10,3041,ビューティカダンホールディングス,スタンダード（内国株式）,卸売業,614,614,603,604,-7,-1.145663,5800,OK
2024-07-10,3042,セキュアヴェイル,グロース（内国株式）,情報･通信業,303,317,303,314,11,3.630363,418400,OK
2024-07-10,3045,カワサキ,スタンダード（内国株式）,卸売業,1336,1540,1333,1420,87,6.526632,29900,OK
2024-07-10,3046,ジンズホールディングス,プライム（内国株式）,小売業,4235,4250,4185,4250,70,1.674641,147000,OK
2024-07-10,3048,ビックカメラ,プライム（内国株式）,小売業,1530,1533,1510,1524,3,0.197239,440900,OK
2024-07-10,3050,ＤＣＭホールディングス,プライム（内国株式）,小売業,1396,1396,1382,1390,-10,-0.714286,416200,OK
2024-07-10,3053,ペッパーフードサービス,スタンダード（内国株式）,小売業,145,145,140,141,-3,-2.083333,312800,OK
2024-07-10,3054,ハイパー,スタンダード（内国株式）,卸売業,308,313,308,313,5,1.623377,6000,OK
2024-07-10,3058,三洋堂ホールディングス,スタンダード（内国株式）,小売業,698,698,693,695,3,0.433526,900,OK
2024-07-10,3059,ヒラキ,スタンダード（内国株式）,小売業,924,929,923,929,6,0.650054,1600,OK
2024-07-10,3063,ジェイグループホールディングス,グロース（内国株式）,小売業,671,674,670,670,-3,-0.445765,21300,OK
2024-07-10,3064,ＭｏｎｏｔａＲＯ,プライム（内国株式）,小売業,1821.5,1844,1784.5,1844,16,0.875274,1505100,OK
2024-07-10,3065,ライフフーズ,スタンダード（内国株式）,小売業,1691,1691,1690,1690,1,0.059207,500,OK
2024-07-10,3067,東京一番フーズ,スタンダード（内国株式）,小売業,516,517,515,515,0,0,10200,OK
2024-07-10,3068,ＷＤＩ,スタンダード（内国株式）,小売業,3205,3205,3185,3185,-15,-0.46875,1800,OK
2024-07-10,3069,ＪＦＬＡホールディングス,スタンダード（内国株式）,小売業,163,164,163,163,-1,-0.609756,14600,OK
2024-07-10,3070,アマガサ,グロース（内国株式）,卸売業,108,109,108,108,-1,-0.917431,22400,OK
2024-07-10,3071,ストリーム,スタンダード（内国株式）,小売業,109,110,109,109,0,0,14200,OK
2024-07-10,3073,ＤＤグループ,プライム（内国株式）,小売業,1181,1181,1146,1152,-29,-2.455546,191100,OK
2024-07-10,3075,銚子丸,スタンダード（内国株式）,小売業,1618,1631,1613,1616,-14,-0.858896,13200,OK
2024-07-10,3076,あい　ホールディングス,プライム（内国株式）,卸売業,2308,2316,2295,2313,-16,-0.68699,167800,OK
2024-07-10,3077,ホリイフードサービス,スタンダード（内国株式）,小売業,384,387,382,383,1,0.26178,3900,OK
2024-07-10,3079,ディーブイエックス,スタンダード（内国株式）,卸売業,1000,1002,998,999,-1,-0.1,8200,OK
2024-07-10,3080,ジェーソン,スタンダード（内国株式）,小売業,663,663,660,663,2,0.302572,2000,OK
2024-07-10,3082,きちりホールディングス,スタンダード（内国株式）,小売業,863,874,863,870,8,0.928074,25400,OK
2024-07-10,3083,シーズメン,スタンダード（内国株式）,小売業,887,913,880,908,19,2.137233,60100,OK
2024-07-10,3086,Ｊ．フロント　リテイリング,プライム（内国株式）,小売業,1958,2008,1955,1994,36,1.838611,2508600,OK
2024-07-10,3087,ドトール・日レスホールディングス,プライム（内国株式）,小売業,2171,2176,2156,2170,0,0,104300,OK
2024-07-10,3088,マツキヨココカラ＆カンパニー,プライム（内国株式）,小売業,2386,2406,2356.5,2380,-4.5,-0.188719,1344500,OK
2024-07-10,3089,テクノアルファ,スタンダード（内国株式）,卸売業,1018,1018,1010,1016,7,0.693756,1200,OK
2024-07-10,3091,ブロンコビリー,プライム（内国株式）,小売業,3785,3825,3770,3790,0,0,37300,OK
2024-07-10,3092,ＺＯＺＯ,プライム（内国株式）,小売業,4349,4394,4320,4391,37,0.849793,800800,OK
2024-07-10,3093,トレジャー・ファクトリー,プライム（内国株式）,小売業,1870,1899,1782,1818,-92,-4.816754,480500,OK
2024-07-10,3094,スーパーバリュー,スタンダード（内国株式）,小売業,953,954,947,947,6,0.63762,1000,OK
2024-07-10,3096,オーシャンシステム,スタンダード（内国株式）,小売業,1112,1115,1109,1109,-1,-0.09009,4600,OK
2024-07-10,3097,物語コーポレーション,プライム（内国株式）,小売業,3490,3630,3480,3600,155,4.499274,571700,OK
2024-07-10,3099,三越伊勢丹ホールディングス,プライム（内国株式）,小売業,3560,3620,3529,3594,104,2.979943,4107200,OK
2024-07-10,3101,東洋紡,プライム（内国株式）,繊維製品,1041,1041,1031,1036,-3,-0.288739,417600,OK
2024-07-10,3103,ユニチカ,プライム（内国株式）,繊維製品,287,292,273,278,-9,-3.135889,3548200,OK
2024-07-10,3104,富士紡ホールディングス,プライム（内国株式）,繊維製品,4785,4825,4720,4775,-15,-0.313152,20800,OK
2024-07-10,3105,日清紡ホールディングス,プライム（内国株式）,電気機器,1068,1070,1054.5,1062,-12.5,-1.163332,583400,OK
2024-07-10,3106,倉敷紡績,プライム（内国株式）,繊維製品,4810,4825,4755,4790,-55,-1.135191,37500,OK
2024-07-10,3107,ダイワボウホールディングス,プライム（内国株式）,卸売業,2936,2946.5,2898.5,2917.5,-18.5,-0.630109,350300,OK
2024-07-10,3109,シキボウ,プライム（内国株式）,繊維製品,1126,1141,1126,1141,11,0.973451,34300,OK
2024-07-10,3110,日東紡績,プライム（内国株式）,ガラス･土石製品,6480,6660,6460,6660,80,1.215805,200500,OK
2024-07-10,3111,オーミケンシ,スタンダード（内国株式）,繊維製品,336,342,333,337,0,0,31200,OK
2024-07-10,3113,ＵＮＩＶＡ・Ｏａｋホールディングス,スタンダード（内国株式）,証券･商品先物取引業,96,98,96,96,-1,-1.030928,213900,OK
2024-07-10,3116,トヨタ紡織,プライム（内国株式）,輸送用機器,2117.5,2126,2101.5,2126,12,0.567644,409900,OK
2024-07-10,3121,マーチャント・バンカーズ,スタンダード（内国株式）,サービス業,310,310,307,309,-1,-0.322581,17100,OK
2024-07-10,3123,サイボー,スタンダード（内国株式）,繊維製品,504,504,501,502,-3,-0.594059,2600,OK
2024-07-10,3131,シンデン・ハイテックス,スタンダード（内国株式）,卸売業,3285,3330,3225,3250,-70,-2.108434,13700,OK
2024-07-10,3132,マクニカホールディングス,プライム（内国株式）,卸売業,6656,6679,6544,6595,-91,-1.361053,374500,OK
2024-07-10,3133,海帆,グロース（内国株式）,小売業,928,934,913,917,-11,-1.185345,397700,OK
2024-07-10,3134,Ｈａｍｅｅ,スタンダード（内国株式）,小売業,1140,1147,1130,1138,-2,-0.175439,34700,OK
2024-07-10,3135,マーケットエンタープライズ,プライム（内国株式）,小売業,942,942,902,914,-16,-1.72043,9500,OK
2024-07-10,3137,ファンデリー,グロース（内国株式）,小売業,293,296,293,296,1,0.338983,12100,OK
2024-07-10,3138,富士山マガジンサービス,グロース（内国株式）,小売業,698,699,693,699,0,0,600,OK
2024-07-10,3139,ラクト・ジャパン,プライム（内国株式）,卸売業,2837,2837,2738,2761,-76,-2.678886,43600,OK
2024-07-10,3140,ＢＲＵＮＯ,グロース（内国株式）,卸売業,1000,1002,998,999,3,0.301205,21200,OK
2024-07-10,3141,ウエルシアホールディングス,プライム（内国株式）,小売業,1840.5,1854.5,1823,1842,4,0.217628,1774500,OK
2024-07-10,3143,オーウイル,スタンダード（内国株式）,卸売業,1724,1750,1723,1745,15,0.867052,1200,OK
2024-07-10,3148,クリエイトＳＤホールディングス,プライム（内国株式）,小売業,3330,3340,3285,3295,-25,-0.753012,119500,OK
2024-07-10,3150,グリムス,プライム（内国株式）,卸売業,2425,2435,2380,2387,-35,-1.445087,99500,OK
2024-07-10,3151,バイタルケーエスケー・ホールディングス,プライム（内国株式）,卸売業,1284,1310,1280,1284,0,0,114300,OK
2024-07-10,3153,八洲電機,プライム（内国株式）,卸売業,1741,1756,1701,1712,-16,-0.925926,35300,OK
2024-07-10,3154,メディアスホールディングス,プライム（内国株式）,卸売業,910,913,897,902,-8,-0.879121,56800,OK
2024-07-10,3156,レスター,プライム（内国株式）,卸売業,3190,3190,3140,3170,-10,-0.314465,40300,OK
2024-07-10,3157,ジオリーブグループ,スタンダード（内国株式）,卸売業,1243,1243,1210,1210,-3,-0.247321,13600,OK
2024-07-10,3159,丸善ＣＨＩホールディングス,スタンダード（内国株式）,小売業,343,343,341,341,-2,-0.58309,87800,OK
2024-07-10,3160,大光,スタンダード（内国株式）,卸売業,608,608,605,607,0,0,23000,OK
2024-07-10,3161,アゼアス,スタンダード（内国株式）,卸売業,649,650,647,648,-3,-0.460829,2000,OK
2024-07-10,3166,ＯＣＨＩホールディングス,スタンダード（内国株式）,卸売業,1472,1472,1451,1451,-11,-0.752394,14200,OK
2024-07-10,3167,ＴＯＫＡＩホールディングス,プライム（内国株式）,卸売業,975,976,970,975,0,0,201600,OK
2024-07-10,3168,黒谷,スタンダード（内国株式）,卸売業,723,723,710,714,-10,-1.381215,30300,OK
2024-07-10,3169,ミサワ,スタンダード（内国株式）,小売業,634,635,630,630,0,0,5000,OK
2024-07-10,3172,ティーライフ,スタンダード（内国株式）,小売業,1419,1420,1417,1417,-3,-0.211268,12400,OK
2024-07-10,3173,Ｃｏｍｉｎｉｘ,スタンダード（内国株式）,卸売業,914,918,905,906,-7,-0.766703,8500,OK
2024-07-10,3174,ハピネス・アンド・ディ,スタンダード（内国株式）,小売業,869,872,869,870,-3,-0.343643,1400,OK
2024-07-10,3175,エー・ピーホールディングス,スタンダード（内国株式）,小売業,954,955,950,952,-1,-0.104932,15400,OK
2024-07-10,3176,三洋貿易,プライム（内国株式）,卸売業,1574,1586,1553,1566,-18,-1.136364,55500,OK
2024-07-10,3177,ありがとうサービス,スタンダード（内国株式）,小売業,3130,3160,3125,3125,-15,-0.477707,800,OK
2024-07-10,3178,チムニー,スタンダード（内国株式）,小売業,1350,1350,1324,1325,-25,-1.851852,18300,OK
2024-07-10,3179,シュッピン,プライム（内国株式）,小売業,1480,1511,1472,1511,47,3.210383,137700,OK
2024-07-10,3180,ビューティガレージ,プライム（内国株式）,卸売業,1525,1546,1521,1543,22,1.446417,115100,OK
2024-07-10,3181,買取王国,スタンダード（内国株式）,小売業,797,800,791,799,4,0.503145,7400,OK
2024-07-10,3182,オイシックス・ラ・大地,プライム（内国株式）,小売業,1259,1261,1230,1258,-18,-1.410658,206200,OK
2024-07-10,3183,ウイン・パートナーズ,プライム（内国株式）,卸売業,1193,1212,1192,1210,10,0.833333,26900,OK
2024-07-10,3184,ＩＣＤＡホールディングス,スタンダード（内国株式）,小売業,3040,3160,3040,3160,150,4.983389,1000,OK
2024-07-10,3185,夢展望,グロース（内国株式）,小売業,156,158,156,157,0,0,10900,OK
2024-07-10,3186,ネクステージ,プライム（内国株式）,小売業,2135,2145,2106,2114,-22,-1.029963,826000,OK
2024-07-10,3187,サンワカンパニー,グロース（内国株式）,小売業,516,518,491,502,-9,-1.761252,156700,OK
2024-07-10,3189,ＡＮＡＰ,スタンダード（内国株式）,小売業,403,420,398,408,3,0.740741,107400,OK
2024-07-10,3190,ホットマン,スタンダード（内国株式）,小売業,605,607,605,607,2,0.330579,2400,OK
2024-07-10,3191,ジョイフル本田,プライム（内国株式）,小売業,2123,2141,2115,2134,4,0.187793,154700,OK
2024-07-10,3192,白鳩,スタンダード（内国株式）,小売業,291,291,288,289,1,0.347222,2200,OK
2024-07-10,3193,エターナルホスピタリティグループ,プライム（内国株式）,小売業,3915,3980,3875,3905,0,0,72800,OK
2024-07-10,3195,ジェネレーションパス,グロース（内国株式）,小売業,264,264,260,260,-1,-0.383142,3400,OK
2024-07-10,3196,ホットランド,プライム（内国株式）,小売業,2417,2420,2390,2419,2,0.082747,52700,OK
2024-07-10,3197,すかいらーくホールディングス,プライム（内国株式）,小売業,2110,2118.5,2082,2097,-12.5,-0.592557,1303700,OK
2024-07-10,3198,ＳＦＰホールディングス,プライム（内国株式）,小売業,2140,2157,2139,2148,6,0.280112,39800,OK
2024-07-10,3199,綿半ホールディングス,プライム（内国株式）,小売業,1740,1740,1710,1719,-21,-1.206897,21300,OK
2024-07-10,3201,日本毛織,プライム（内国株式）,繊維製品,1317,1325,1308,1321,-4,-0.301887,66000,OK
2024-07-10,3202,ダイトウボウ,スタンダード（内国株式）,繊維製品,105,105,104,104,0,0,63300,OK
2024-07-10,3204,トーア紡コーポレーション,スタンダード（内国株式）,繊維製品,428,428,425,425,-2,-0.468384,7200,OK
2024-07-10,3205,ダイドーリミテッド,スタンダード（内国株式）,繊維製品,1095,1150,1066,1127,32,2.922374,7276500,OK
2024-07-10,3221,ヨシックスホールディングス,プライム（内国株式）,小売業,3040,3045,3005,3025,-10,-0.329489,18700,OK
2024-07-10,3222,ユナイテッド・スーパーマーケット・ホールディングス,スタンダード（内国株式）,小売業,842,854,827,854,27,3.264813,967900,OK
2024-07-10,3223,エスエルディー,スタンダード（内国株式）,小売業,1000,1003,996,999,0,0,3200,OK
2024-07-10,3224,ゼネラル・オイスター,グロース（内国株式）,小売業,1745,1746,1740,1746,4,0.229621,900,OK
2024-07-10,3231,野村不動産ホールディングス,プライム（内国株式）,不動産業,4097,4099,4053,4079,-6,-0.146879,706400,OK
2024-07-10,3232,三重交通グループホールディングス,プライム（内国株式）,不動産業,564,566,555,557,-7,-1.241135,173600,OK
2024-07-10,3236,プロパスト,スタンダード（内国株式）,不動産業,186,187,183,184,-1,-0.540541,467100,OK
2024-07-10,3237,イントランス,グロース（内国株式）,不動産業,133,135,132,133,1,0.757576,58700,OK
2024-07-10,3238,セントラル総合開発,スタンダード（内国株式）,不動産業,519,520,510,520,-2,-0.383142,9900,OK
2024-07-10,3241,ウィル,スタンダード（内国株式）,不動産業,474,480,471,480,8,1.694915,6100,OK
2024-07-10,3242,アーバネットコーポレーション,スタンダード（内国株式）,不動産業,395,399,395,397,2,0.506329,52200,OK
2024-07-10,3245,ディア・ライフ,プライム（内国株式）,不動産業,975,986,974,980,1,0.102145,103400,OK
2024-07-10,3246,コーセーアールイー,スタンダード（内国株式）,不動産業,726,728,724,724,-2,-0.275482,18500,OK
2024-07-10,3248,アールエイジ,スタンダード（内国株式）,不動産業,871,873,857,864,-7,-0.803674,5900,OK
2024-07-10,3252,地主,プライム（内国株式）,不動産業,2757,2769,2736,2766,-9,-0.324324,49900,OK
2024-07-10,3254,プレサンスコーポレーション,スタンダード（内国株式）,不動産業,1931,1931,1892,1921,-6,-0.311365,78500,OK
2024-07-10,3261,グランディーズ,グロース（内国株式）,不動産業,476,476,447,447,-22,-4.690832,9200,OK
2024-07-10,3264,アスコット,スタンダード（内国株式）,不動産業,209,228,209,226,20,9.708738,971100,OK
2024-07-10,3266,ファンドクリエーショングループ,スタンダード（内国株式）,不動産業,93,93,90,92,-1,-1.075269,120600,OK
2024-07-10,3267,フィル・カンパニー,スタンダード（内国株式）,建設業,669,680,665,669,-1,-0.149254,19100,OK
2024-07-10,3271,ＴＨＥグローバル社,スタンダード（内国株式）,不動産業,494,496,486,491,-1,-0.203252,112300,OK
2024-07-10,3275,ハウスコム,スタンダード（内国株式）,不動産業,1042,1054,1035,1035,-7,-0.671785,4500,OK
2024-07-10,3276,ＪＰＭＣ,プライム（内国株式）,不動産業,1212,1213,1200,1213,1,0.082508,39500,OK
2024-07-10,3277,サンセイランディック,スタンダード（内国株式）,不動産業,1000,1000,988,991,-4,-0.40201,53800,OK
2024-07-10,3280,エストラスト,スタンダード（内国株式）,不動産業,755,763,749,752,-1,-0.132802,11500,OK
2024-07-10,3284,フージャースホールディングス,プライム（内国株式）,不動産業,1135,1142,1129,1134,-6,-0.526316,81800,OK
2024-07-10,3286,トラストホールディングス,グロース（内国株式）,不動産業,753,753,733,738,-11,-1.468625,45800,OK
2024-07-10,3288,オープンハウスグループ,プライム（内国株式）,不動産業,5149,5187,5131,5173,8,0.154889,281500,OK
2024-07-10,3289,東急不動産ホールディングス,プライム（内国株式）,不動産業,1079,1085.5,1057,1075.5,-9.5,-0.875576,2432900,OK
2024-07-10,3291,飯田グループホールディングス,プライム（内国株式）,不動産業,2050.5,2053.5,2026.5,2053.5,-9,-0.436364,765600,OK
2024-07-10,3293,アズマハウス,スタンダード（内国株式）,不動産業,773,774,768,774,0,0,12100,OK
2024-07-10,3294,イーグランド,スタンダード（内国株式）,不動産業,1565,1572,1559,1559,-5,-0.319693,4500,OK
2024-07-10,3297,東武住販,スタンダード（内国株式）,不動産業,1095,1100,1093,1093,-6,-0.545951,3300,OK
2024-07-10,3299,ムゲンエステート,スタンダード（内国株式）,不動産業,1307,1320,1304,1320,13,0.994644,76200,OK
2024-07-10,3300,アンビション　ＤＸ　ホールディングス,グロース（内国株式）,不動産業,1026,1027,996,1018,7,0.692384,6400,OK
2024-07-10,3302,帝国繊維,プライム（内国株式）,繊維製品,2438,2454,2397,2410,-48,-1.952807,29900,OK
2024-07-10,3306,日本製麻,スタンダード（内国株式）,卸売業,607,609,606,607,1,0.165017,700,OK
2024-07-10,3315,日本コークス工業,プライム（内国株式）,石油･石炭製品,120,120,116,117,-4,-3.305785,7367600,OK
2024-07-10,3317,フライングガーデン,スタンダード（内国株式）,小売業,2612,2647,2612,2647,35,1.339969,800,OK
2024-07-10,3319,ゴルフダイジェスト・オンライン,プライム（内国株式）,小売業,546,548,537,540,-3,-0.552486,46900,OK
2024-07-10,3320,クロスプラス,スタンダード（内国株式）,卸売業,1176,1192,1176,1185,2,0.169062,11400,OK
2024-07-10,3321,ミタチ産業,スタンダード（内国株式）,卸売業,1158,1169,1154,1163,15,1.30662,65000,OK
2024-07-10,3322,アルファグループ,スタンダード（内国株式）,卸売業,617,619,616,616,0,0,1200,OK
2024-07-10,3323,レカム,スタンダード（内国株式）,卸売業,85,86,85,85,-1,-1.162791,224200,OK
2024-07-10,3326,ランシステム,スタンダード（内国株式）,サービス業,399,399,397,397,-1,-0.251256,2000,OK
2024-07-10,3328,ＢＥＥＮＯＳ,プライム（内国株式）,小売業,2326,2334,2287,2329,3,0.128977,57400,OK
2024-07-10,3329,東和フードサービス,スタンダード（内国株式）,小売業,2099,2116,2099,2103,-7,-0.331754,1500,OK
2024-07-10,3333,あさひ,プライム（内国株式）,小売業,1495,1500,1484,1499,9,0.604027,50700,OK
2024-07-10,3341,日本調剤,プライム（内国株式）,小売業,1494,1499,1480,1485,-11,-0.735294,20900,OK
2024-07-10,3347,トラスト,スタンダード（内国株式）,小売業,300,300,298,299,-1,-0.333333,15200,OK
2024-07-10,3349,コスモス薬品,プライム（内国株式）,小売業,12710,12735,12575,12635,-160,-1.250488,172400,OK
2024-07-10,3350,メタプラネット,スタンダード（内国株式）,卸売業,88,89,84,88,1,1.149425,4063600,OK
2024-07-10,3352,バッファロー,スタンダード（内国株式）,小売業,1349,1349,1338,1348,13,0.973783,1800,OK
2024-07-10,3353,メディカル一光グループ,スタンダード（内国株式）,小売業,2693,2696,2621,2650,-38,-1.41369,2400,OK
2024-07-10,3355,クリヤマホールディングス,スタンダード（内国株式）,卸売業,1263,1263,1247,1250,-2,-0.159744,22000,OK
2024-07-10,3358,ワイエスフード,スタンダード（内国株式）,小売業,468,468,451,454,-14,-2.991453,6900,OK
2024-07-10,3359,ｃｏｔｔａ,グロース（内国株式）,卸売業,430,432,429,432,1,0.232019,7500,OK
2024-07-10,3360,シップヘルスケアホールディングス,プライム（内国株式）,卸売業,2261,2273,2241.5,2265,-3.5,-0.154287,329000,OK
2024-07-10,3361,トーエル,スタンダード（内国株式）,小売業,807,807,792,792,-10,-1.246883,11600,OK
2024-07-10,3370,フジタコーポレーション,スタンダード（内国株式）,小売業,291,293,291,292,0,0,3600,OK
2024-07-10,3371,ソフトクリエイトホールディングス,プライム（内国株式）,情報･通信業,1953,1953,1919,1924,-29,-1.484895,32000,OK
2024-07-10,3372,関門海,スタンダード（内国株式）,小売業,262,264,262,262,0,0,14800,OK
2024-07-10,3374,内外テック,スタンダード（内国株式）,卸売業,3050,3060,2995,3000,-50,-1.639344,26600,OK
2024-07-10,3375,ＺＯＡ,スタンダード（内国株式）,小売業,,,,,,,,NO_QUOTE
2024-07-10,3377,バイク王＆カンパニー,スタンダード（内国株式）,卸売業,488,493,485,488,0,0,19400,OK
2024-07-10,3382,セブン＆アイ・ホールディングス,プライム（内国株式）,小売業,1960,1960,1930,1934.5,-19,-0.972613,8384600,OK
2024-07-10,3386,コスモ・バイオ,スタンダード（内国株式）,卸売業,1039,1045,1038,1040,-2,-0.191939,1500,OK
2024-07-10,3387,クリエイト・レストランツ・ホールディングス,プライム（内国株式）,小売業,1098,1098,1088,1093,-2,-0.182648,649300,OK
2024-07-10,3388,明治電機工業,プライム（内国株式）,卸売業,1840,1855,1826,1831,-11,-0.597177,38500,OK
2024-07-10,3391,ツルハホールディングス,プライム（内国株式）,小売業,9100,9100,8942,9028,-105,-1.149677,232400,OK
2024-07-10,3392,デリカフーズホールディングス,スタンダード（内国株式）,卸売業,573,573,570,570,-1,-0.175131,23100,OK
2024-07-10,3393,スターティアホールディングス,プライム（内国株式）,卸売業,2168,2168,2113,2141,-13,-0.603528,69900,OK
2024-07-10,3395,サンマルクホールディングス,プライム（内国株式）,小売業,2160,2169,2146,2154,-2,-0.092764,28200,OK
2024-07-10,3396,フェリシモ,スタンダード（内国株式）,小売業,942,944,940,941,-1,-0.106157,4200,OK
2024-07-10,3397,トリドールホールディングス,プライム（内国株式）,小売業,3700,3770,3691,3770,81,2.195717,325600,OK
2024-07-10,3399,丸千代山岡家,スタンダード（内国株式）,小売業,3155,3220,3155,3190,70,2.24359,89500,OK
2024-07-10,3401,帝人,プライム（内国株式）,繊維製品,1330,1332,1313.5,1316,-21,-1.570681,1968700,OK
2024-07-10,3402,東レ,プライム（内国株式）,繊維製品,761,765.6,756.4,763.9,-1.5,-0.195976,5745300,OK
2024-07-10,3405,クラレ,プライム（内国株式）,化学,1877,1882,1860,1878,20.5,1.103634,1235400,OK
2024-07-10,3407,旭化成,プライム（内国株式）,化学,1058,1058,1044,1051,8,0.767018,6018200,OK
2024-07-10,3409,北日本紡績,スタンダード（内国株式）,繊維製品,98,99,97,98,0,0,17100,OK
2024-07-10,3415,ＴＯＫＹＯ　ＢＡＳＥ,プライム（内国株式）,小売業,289,290,280,284,-5,-1.730104,381300,OK
2024-07-10,3416,ピクスタ,グロース（内国株式）,小売業,842,850,837,840,-2,-0.23753,3800,OK
2024-07-10,3417,大木ヘルスケアホールディングス,スタンダード（内国株式）,卸売業,987,998,987,987,0,0,600,OK
2024-07-10,3418,バルニバービ,グロース（内国株式）,小売業,1420,1421,1409,1410,-10,-0.704225,27900,OK
2024-07-10,3420,ケー・エフ・シー,スタンダード（内国株式）,金属製品,1512,1537,1512,1528,18,1.192053,6900,OK
2024-07-10,3421,稲葉製作所,スタンダード（内国株式）,金属製品,1864,1867,1840,1849,-16,-0.857909,120200,OK
2024-07-10,3422,Ｊ−ＭＡＸ,スタンダード（内国株式）,金属製品,416,416,415,416,-2,-0.478469,2900,OK
2024-07-10,3423,エスイー,スタンダード（内国株式）,金属製品,297,297,295,297,1,0.337838,24500,OK
2024-07-10,3426,アトムリビンテック,スタンダード（内国株式）,金属製品,,,,,,,,NO_QUOTE
2024-07-10,3431,宮地エンジニアリンググループ,プライム（内国株式）,金属製品,4910,4915,4825,4885,0,0,62300,OK
2024-07-10,3433,トーカロ,プライム（内国株式）,金属製品,2032,2032,1998,2022,-10,-0.492126,95200,OK
2024-07-10,3434,アルファ,スタンダード（内国株式）,金属製品,1366,1375,1363,1371,3,0.219298,30900,OK
2024-07-10,3435,サンコーテクノ,スタンダード（内国株式）,金属製品,1334,1335,1321,1321,-13,-0.974513,2400,OK
2024-07-10,3436,ＳＵＭＣＯ,プライム（内国株式）,金属製品,2455,2496.5,2443,2496.5,24,0.970677,3684500,OK
2024-07-10,3437,特殊電極,スタンダード（内国株式）,金属製品,2275,2279,2228,2228,3,0.134831,3900,OK
2024-07-10,3439,三ツ知,スタンダード（内国株式）,金属製品,820,820,805,810,-10,-1.219512,800,OK
2024-07-10,3440,日創プロニティ,スタンダード（内国株式）,金属製品,1164,1178,1158,1170,12,1.036269,33100,OK
2024-07-10,3441,山王,スタンダード（内国株式）,金属製品,920,920,912,914,-5,-0.54407,5500,OK
2024-07-10,3443,川田テクノロジーズ,プライム（内国株式）,金属製品,2720,2720,2671,2706,-4,-0.147601,63100,OK
2024-07-10,3444,菊池製作所,スタンダード（内国株式）,金属製品,361,365,361,363,-1,-0.274725,4000,OK
2024-07-10,3445,ＲＳ　Ｔｅｃｈｎｏｌｏｇｉｅｓ,プライム（内国株式）,金属製品,3465,3470,3425,3470,-30,-0.857143,82900,OK
2024-07-10,3446,ジェイテックコーポレーション,プライム（内国株式）,金属製品,1613,1618,1579,1591,-32,-1.971657,26500,OK
2024-07-10,3447,信和,スタンダード（内国株式）,金属製品,759,759,751,755,0,0,41700,OK
2024-07-10,3448,清鋼材,TOKYO PRO MARKET（内国株式）,金属製品,,,,,,,,NO_QUOTE
2024-07-10,3449,テクノフレックス,スタンダード（内国株式）,金属製品,1178,1184,1157,1157,-11,-0.941781,28200,OK
2024-07-10,3450,サトウ産業,TOKYO PRO MARKET（内国株式）,金属製品,,,,,,,,NO_QUOTE
2024-07-10,3452,ビーロット,スタンダード（内国株式）,不動産業,933,935,920,927,-5,-0.536481,90500,OK
2024-07-10,3454,ファーストブラザーズ,スタンダード（内国株式）,不動産業,1152,1155,1133,1142,-10,-0.868056,94400,OK
2024-07-10,3457,Ａｎｄ　Ｄｏホールディングス,プライム（内国株式）,不動産業,1088,1088,1070,1073,-12,-1.105991,64700,OK
2024-07-10,3458,シーアールイー,プライム（内国株式）,不動産業,1660,1670,1640,1648,-22,-1.317365,101200,OK
2024-07-10,3461,パルマ,グロース（内国株式）,不動産業,358,362,357,359,3,0.842697,5100,OK
2024-07-10,3465,ケイアイスター不動産,プライム（内国株式）,不動産業,3450,3450,3395,3420,-30,-0.869565,67800,OK
2024-07-10,3467,アグレ都市デザイン,スタンダード（内国株式）,不動産業,1581,1585,1573,1576,-7,-0.442198,5400,OK
2024-07-10,3469,デュアルタップ,スタンダード（内国株式）,不動産業,987,1005,983,1005,18,1.823708,19600,OK
2024-07-10,3474,Ｇ−ＦＡＣＴＯＲＹ,グロース（内国株式）,不動産業,621,624,590,600,-39,-6.103286,67100,OK
2024-07-10,3475,グッドコムアセット,プライム（内国株式）,不動産業,811,819,801,809,-1,-0.123457,258700,OK
2024-07-10,3477,フォーライフ,グロース（内国株式）,不動産業,,,,,,,,NO_QUOTE
2024-07-10,3479,ティーケーピー,グロース（内国株式）,不動産業,1476,1480,1434,1454,8,0.55325,272900,OK
2024-07-10,3480,ジェイ・エス・ビー,プライム（内国株式）,不動産業,2892,3020,2860,2957,40,1.371272,51000,OK
2024-07-10,3482,ロードスターキャピタル,プライム（内国株式）,不動産業,2823,2841,2751,2770,-53,-1.877435,123800,OK
2024-07-10,3483,翔栄,TOKYO PRO MARKET（内国株式）,不動産業,,,,,,,,NO_QUOTE
2024-07-10,3484,テンポイノベーション,プライム（内国株式）,不動産業,895,897,882,882,-13,-1.452514,26000,OK
2024-07-10,3486,グローバル・リンク・マネジメント,プライム（内国株式）,不動産業,2095,2099,2064,2077,-18,-0.859189,41300,OK
2024-07-10,3489,フェイスネットワーク,スタンダード（内国株式）,不動産業,1855,1869,1816,1836,-19,-1.024259,40200,OK
2024-07-10,3490,アズ企画設計,スタンダード（内国株式）,不動産業,2524,2524,2510,2515,-5,-0.198413,1100,OK
2024-07-10,3491,ＧＡ　ｔｅｃｈｎｏｌｏｇｉｅｓ,グロース（内国株式）,不動産業,1250,1267,1222,1237,-6,-0.482703,182200,OK
2024-07-10,3494,マリオン,スタンダード（内国株式）,不動産業,402,405,390,390,-10,-2.5,7200,OK
2024-07-10,3495,香陵住販,スタンダード（内国株式）,不動産業,,,,,,,,NO_QUOTE
2024-07-10,3496,アズーム,グロース（内国株式）,不動産業,5710,5770,5620,5740,20,0.34965,30500,OK
2024-07-10,3497,ＬｅＴｅｃｈ,グロース（内国株式）,不動産業,1267,1267,1242,1265,1,0.079114,12500,OK
2024-07-10,3498,霞ヶ関キャピタル,プライム（内国株式）,不動産業,14680,15020,14100,14450,-210,-1.432469,695500,OK
2024-07-10,3501,住江織物,プライム（内国株式）,繊維製品,2426,2430,2386,2404,-21,-0.865979,26400,OK
2024-07-10,3512,日本フエルト,スタンダード（内国株式）,繊維製品,500,500,497,497,0,0,13400,OK
2024-07-10,3513,イチカワ,スタンダード（内国株式）,繊維製品,1733,1742,1726,1726,-18,-1.03211,800,OK
2024-07-10,3521,エコナックホールディングス,スタンダード（内国株式）,サービス業,131,131,130,130,0,0,29600,OK
2024-07-10,3524,日東製網,スタンダード（内国株式）,繊維製品,1495,1495,1472,1473,-5,-0.338295,14400,OK
2024-07-10,3526,芦森工業,スタンダード（内国株式）,輸送用機器,2380,2395,2352,2365,-26,-1.087411,20600,OK
2024-07-10,3529,アツギ,スタンダード（内国株式）,繊維製品,578,588,570,577,5,0.874126,64300,OK
2024-07-10,3536,アクサスホールディングス,スタンダード（内国株式）,小売業,137,138,136,137,0,0,16100,OK
2024-07-10,3537,昭栄薬品,スタンダード（内国株式）,卸売業,1346,1356,1346,1356,10,0.742942,1300,OK
2024-07-10,3538,ウイルプラスホールディングス,スタンダード（内国株式）,小売業,1115,1136,1114,1128,-8,-0.704225,31800,OK
2024-07-10,3539,ＪＭホールディングス,プライム（内国株式）,小売業,2836,2875,2822,2861,32,1.131142,62800,OK
2024-07-10,3540,歯愛メディカル,スタンダード（内国株式）,卸売業,910,972,910,971,65,7.174393,40600,OK
2024-07-10,3541,農業総合研究所,グロース（内国株式）,卸売業,277,283,277,282,3,1.075269,20100,OK
2024-07-10,3542,ベガコーポレーション,グロース（内国株式）,小売業,647,658,645,652,-2,-0.30581,21500,OK
2024-07-10,3543,コメダホールディングス,プライム（内国株式）,卸売業,2683,2684,2645,2669,-18,-0.669892,337700,OK
2024-07-10,3544,サツドラホールディングス,スタンダード（内国株式）,小売業,811,811,795,795,-11,-1.364764,66700,OK
2024-07-10,3546,アレンザホールディングス,プライム（内国株式）,小売業,1129,1130,1111,1123,0,0,30800,OK
2024-07-10,3547,串カツ田中ホールディングス,スタンダード（内国株式）,小売業,1718,1722,1691,1698,-16,-0.933489,27900,OK
2024-07-10,3548,バロックジャパンリミテッド,プライム（内国株式）,小売業,797,801,797,798,-1,-0.125156,203300,OK
2024-07-10,3549,クスリのアオキホールディングス,プライム（内国株式）,小売業,2889.5,2889.5,2832,2860.5,-40.5,-1.39607,402300,OK
2024-07-10,3550,スタジオアタオ,グロース（内国株式）,小売業,220,222,218,220,1,0.456621,62300,OK
2024-07-10,3551,ダイニック,スタンダード（内国株式）,繊維製品,811,812,802,803,-7,-0.864198,12000,OK
2024-07-10,3553,共和レザー,スタンダード（内国株式）,化学,790,792,781,788,-5,-0.630517,54700,OK
2024-07-10,3556,リネットジャパングループ,グロース（内国株式）,小売業,312,316,309,309,-5,-1.592357,11600,OK
2024-07-10,3557,ユナイテッド＆コレクティブ,グロース（内国株式）,小売業,1164,1164,1161,1161,-1,-0.086059,1900,OK
2024-07-10,3558,ジェイドグループ,グロース（内国株式）,小売業,1948,1967,1901,1911,-27,-1.393189,128400,OK
2024-07-10,3559,ピーバンドットコム,スタンダード（内国株式）,卸売業,379,382,373,381,4,1.061008,10900,OK
2024-07-10,3560,ほぼ日,スタンダード（内国株式）,小売業,3505,3540,3505,3540,35,0.998573,900,OK
2024-07-10,3561,力の源ホールディングス,プライム（内国株式）,小売業,1459,1475,1446,1462,3,0.20562,138200,OK
2024-07-10,3562,Ｎｏ．１,スタンダード（内国株式）,卸売業,1102,1112,1085,1088,-15,-1.359927,14700,OK
2024-07-10,3563,ＦＯＯＤ　＆　ＬＩＦＥ　ＣＯＭＰＡＮＩＥＳ,プライム（内国株式）,小売業,2627.5,2639,2606,2636,7.5,0.285334,846300,OK
2024-07-10,3565,アセンテック,スタンダード（内国株式）,卸売業,625,626,613,619,0,0,129700,OK
2024-07-10,3566,ユニフォームネクスト,グロース（内国株式）,小売業,720,722,707,718,-4,-0.554017,6900,OK
2024-07-10,3569,セーレン,プライム（内国株式）,繊維製品,2338,2342,2319,2336,-19,-0.806794,87100,OK
2024-07-10,3571,ソトー,スタンダード（内国株式）,繊維製品,757,757,740,743,-12,-1.589404,16900,OK
2024-07-10,3577,東海染工,スタンダード（内国株式）,繊維製品,845,845,840,844,-1,-0.118343,2300,OK
2024-07-10,3580,小松マテーレ,プライム（内国株式）,繊維製品,737,740,732,736,-8,-1.075269,47200,OK
2024-07-10,3583,オーベクス,スタンダード（内国株式）,繊維製品,1176,1176,1133,1146,-39,-3.291139,3800,OK
2024-07-10,3591,ワコールホールディングス,プライム（内国株式）,繊維製品,4452,4516,4437,4490,7,0.156145,180400,OK
2024-07-10,3593,ホギメディカル,プライム（内国株式）,繊維製品,4140,4155,4095,4145,75,1.842752,88300,OK
2024-07-10,3597,自重堂,スタンダード（内国株式）,繊維製品,10600,10600,10370,10430,-270,-2.523364,4000,OK
2024-07-10,3598,山喜,スタンダード（内国株式）,繊維製品,170,171,170,170,-1,-0.584795,20900,OK
2024-07-10,3600,フジックス,スタンダード（内国株式）,繊維製品,1729,1730,1729,1730,2,0.115741,300,OK
2024-07-10,3604,川本産業,スタンダード（内国株式）,繊維製品,777,779,775,775,-5,-0.641026,3300,OK
2024-07-10,3607,クラウディアホールディングス,スタンダード（内国株式）,繊維製品,415,415,410,411,-3,-0.724638,18000,OK
2024-07-10,3608,ＴＳＩホールディングス,プライム（内国株式）,繊維製品,937,946,921,930,3,0.323625,228500,OK
2024-07-10,3611,マツオカコーポレーション,スタンダード（内国株式）,繊維製品,1701,1709,1657,1678,-21,-1.236021,25700,OK
2024-07-10,3612,ワールド,プライム（内国株式）,繊維製品,2248,2302,2248,2280,32,1.423488,205400,OK
2024-07-10,3622,ネットイヤーグループ,グロース（内国株式）,情報･通信業,555,555,550,550,-3,-0.542495,400,OK
2024-07-10,3623,ビリングシステム,グロース（内国株式）,情報･通信業,1190,1214,1160,1198,38,3.275862,30100,OK
2024-07-10,3624,アクセルマーク,グロース（内国株式）,情報･通信業,177,177,174,175,-2,-1.129944,24600,OK
2024-07-10,3625,テックファームホールディングス,グロース（内国株式）,情報･通信業,559,559,547,553,-6,-1.073345,9200,OK
2024-07-10,3626,ＴＩＳ,プライム（内国株式）,情報･通信業,3119,3138,3070,3100,-4,-0.128866,1086600,OK
2024-07-10,3627,テクミラホールディングス,スタンダード（内国株式）,情報･通信業,398,401,397,398,0,0,39500,OK
2024-07-10,3628,データホライゾン,グロース（内国株式）,情報･通信業,626,626,608,614,8,1.320132,7100,OK
2024-07-10,3632,グリー,プライム（内国株式）,情報･通信業,547,549,538,542,-5,-0.914077,270200,OK
2024-07-10,3633,ＧＭＯペパボ,スタンダード（内国株式）,情報･通信業,1498,1498,1480,1481,3,0.202977,5200,OK
2024-07-10,3634,ソケッツ,スタンダード（内国株式）,情報･通信業,878,882,875,875,1,0.114416,700,OK
2024-07-10,3635,コーエーテクモホールディングス,プライム（内国株式）,情報･通信業,1383,1398,1370,1397.5,10.5,0.75703,644700,OK
2024-07-10,3636,三菱総合研究所,プライム（内国株式）,情報･通信業,5210,5210,5140,5210,10,0.192308,33200,OK
2024-07-10,3639,ボルテージ,スタンダード（内国株式）,情報･通信業,259,263,258,259,1,0.387597,12100,OK
2024-07-10,3640,電算,スタンダード（内国株式）,情報･通信業,1500,1506,1492,1492,-7,-0.466978,2300,OK
2024-07-10,3641,パピレス,スタンダード（内国株式）,情報･通信業,943,968,943,962,19,2.014846,23600,OK
2024-07-10,3645,メディカルネット,グロース（内国株式）,情報･通信業,375,377,375,375,0,0,2000,OK
2024-07-10,3646,駅探,グロース（内国株式）,情報･通信業,426,428,423,423,-2,-0.470588,1300,OK
2024-07-10,3647,ジー・スリーホールディングス,スタンダード（内国株式）,情報･通信業,106,106,101,104,-2,-1.886792,155800,OK
2024-07-10,3648,ＡＧＳ,スタンダード（内国株式）,情報･通信業,1054,1054,1008,1008,-37,-3.54067,34900,OK
2024-07-10,3649,ファインデックス,プライム（内国株式）,情報･通信業,1083,1086,1066,1076,-4,-0.37037,56800,OK
2024-07-10,3652,ディジタルメディアプロフェッショナル,グロース（内国株式）,情報･通信業,2491,2491,2411,2430,-82,-3.264331,23900,OK
2024-07-10,3653,モルフォ,グロース（内国株式）,情報･通信業,1790,1834,1736,1766,-32,-1.779755,43600,OK
2024-07-10,3655,ブレインパッド,プライム（内国株式）,情報･通信業,1049,1051,992,1010,-43,-4.083571,528700,OK
2024-07-10,3656,ＫＬａｂ,プライム（内国株式）,情報･通信業,232,235,227,230,-5,-2.12766,1154500,OK
2024-07-10,3657,ポールトゥウィンホールディングス,プライム（内国株式）,情報･通信業,502,503,482,487,-15,-2.988048,162600,OK
2024-07-10,3659,ネクソン,プライム（内国株式）,情報･通信業,3231,3283,3210,3272,37,1.14374,2472500,OK
2024-07-10,3660,アイスタイル,プライム（内国株式）,情報･通信業,462,471,459,471,7,1.508621,586400,OK
2024-07-10,3661,エムアップホールディングス,プライム（内国株式）,情報･通信業,1371,1378,1324,1360,-24,-1.734104,321600,OK
2024-07-10,3662,エイチーム,プライム（内国株式）,情報･通信業,762,763,747,750,-12,-1.574803,78900,OK
2024-07-10,3663,セルシス,スタンダード（内国株式）,情報･通信業,895,905,887,889,-6,-0.670391,84000,OK
2024-07-10,3664,モブキャストホールディングス,グロース（内国株式）,情報･通信業,51,52,51,51,-1,-1.923077,401100,OK
2024-07-10,3665,エニグモ,プライム（内国株式）,情報･通信業,339,340,331,333,-5,-1.47929,93800,OK
2024-07-10,3666,テクノスジャパン,スタンダード（内国株式）,情報･通信業,768,784,755,756,-2,-0.263852,275300,OK
2024-07-10,3667,ｅｎｉｓｈ,スタンダード（内国株式）,情報･通信業,290,296,280,282,-3,-1.052632,715700,OK
2024-07-10,3668,コロプラ,プライム（内国株式）,情報･通信業,640,640,631,633,-8,-1.24805,251700,OK
2024-07-10,3670,協立情報通信,スタンダード（内国株式）,情報･通信業,1711,1711,1711,1711,0,0,200,OK
2024-07-10,3671,ソフトマックス,グロース（内国株式）,情報･通信業,791,795,788,794,4,0.506329,2500,OK
2024-07-10,3672,オルトプラス,スタンダード（内国株式）,情報･通信業,130,132,130,131,0,0,75200,OK
2024-07-10,3673,ブロードリーフ,プライム（内国株式）,情報･通信業,576,587,574,583,3,0.517241,322700,OK
2024-07-10,3674,オークファン,グロース（内国株式）,情報･通信業,419,419,390,407,-15,-3.554502,51700,OK
2024-07-10,3675,クロス・マーケティンググループ,プライム（内国株式）,情報･通信業,580,583,574,583,5,0.865052,57300,OK
2024-07-10,3676,デジタルハーツホールディングス,プライム（内国株式）,情報･通信業,1147,1147,1113,1129,2,0.177462,57600,OK
2024-07-10,3678,メディアドゥ,プライム（内国株式）,情報･通信業,1515,1518,1456,1465,-47,-3.108466,59000,OK
2024-07-10,3679,じげん,プライム（内国株式）,情報･通信業,590,594,573,577,-16,-2.698145,450900,OK
2024-07-10,3680,ホットリンク,グロース（内国株式）,情報･通信業,403,416,385,390,-11,-2.743142,546800,OK
2024-07-10,3681,ブイキューブ,プライム（内国株式）,情報･通信業,267,268,263,265,2,0.760456,136100,OK
2024-07-10,3682,エンカレッジ・テクノロジ,スタンダード（内国株式）,情報･通信業,647,655,642,642,2,0.3125,13600,OK
2024-07-10,3683,サイバーリンクス,スタンダード（内国株式）,情報･通信業,830,832,821,826,-1,-0.120919,22600,OK
2024-07-10,3686,ディー・エル・イー,スタンダード（内国株式）,情報･通信業,168,168,159,159,-10,-5.91716,274800,OK
2024-07-10,3687,フィックスターズ,プライム（内国株式）,情報･通信業,1958,1973,1874,1890,-71,-3.620602,288400,OK
2024-07-10,3688,ＣＡＲＴＡ　ＨＯＬＤＩＮＧＳ,プライム（内国株式）,情報･通信業,1542,1551,1500,1510,-24,-1.564537,56900,OK
2024-07-10,3690,イルグルム,グロース（内国株式）,情報･通信業,629,629,624,624,-5,-0.794913,3400,OK
2024-07-10,3691,デジタルプラス,グロース（内国株式）,情報･通信業,594,604,569,597,8,1.358234,13600,OK
2024-07-10,3692,ＦＦＲＩセキュリティ,グロース（内国株式）,情報･通信業,2100,2124,2075,2116,-6,-0.282752,213200,OK
2024-07-10,3694,オプティム,プライム（内国株式）,情報･通信業,696,696,662,664,-29,-4.184704,298600,OK
2024-07-10,3695,ＧＭＯリサーチ＆ＡＩ,グロース（内国株式）,情報･通信業,2840,2841,2840,2840,4,0.141044,400,OK
2024-07-10,3696,セレス,プライム（内国株式）,情報･通信業,1565,1623,1565,1614,49,3.13099,262100,OK
2024-07-10,3697,ＳＨＩＦＴ,プライム（内国株式）,情報･通信業,15585,15820,14950,15255,-185,-1.198187,568000,OK
2024-07-10,3698,ＣＲＩ・ミドルウェア,グロース（内国株式）,情報･通信業,859,859,841,853,-1,-0.117096,4600,OK
2024-07-10,3708,特種東海製紙,プライム（内国株式）,パルプ・紙,3700,3700,3655,3675,-20,-0.541272,22500,OK
2024-07-10,3710,ジョルダン,スタンダード（内国株式）,情報･通信業,621,621,620,621,1,0.16129,500,OK
2024-07-10,3712,情報企画,スタンダード（内国株式）,情報･通信業,4280,4280,4270,4270,-25,-0.582072,500,OK
2024-07-10,3719,ジェクシード,スタンダード（内国株式）,情報･通信業,183,188,179,184,1,0.546448,280900,OK
2024-07-10,3723,日本ファルコム,グロース（内国株式）,情報･通信業,1139,1139,1103,1108,-3,-0.270027,7200,OK
2024-07-10,3726,フォーシーズＨＤ,スタンダード（内国株式）,小売業,511,512,511,512,0,0,2900,OK
2024-07-10,3727,アプリックス,グロース（内国株式）,情報･通信業,169,170,167,167,-2,-1.183432,48900,OK
2024-07-10,3733,ソフトウェア・サービス,スタンダード（内国株式）,情報･通信業,13460,13870,13360,13510,-250,-1.81686,3600,OK
2024-07-10,3738,ティーガイア,プライム（内国株式）,情報･通信業,3185,3250,3160,3250,85,2.685624,225900,OK
2024-07-10,3741,セック,プライム（内国株式）,情報･通信業,4610,4610,4555,4570,-15,-0.327154,9400,OK
2024-07-10,3744,サイオス,スタンダード（内国株式）,情報･通信業,640,643,605,609,-27,-4.245283,95100,OK
2024-07-10,3747,インタートレード,スタンダード（内国株式）,情報･通信業,438,440,430,440,3,0.686499,67700,OK
2024-07-10,3750,サイトリ細胞研究所,スタンダード（内国株式）,情報･通信業,972,972,961,968,-4,-0.411523,2900,OK
2024-07-10,3753,フライトソリューションズ,スタンダード（内国株式）,情報･通信業,262,263,259,261,0,0,14800,OK
2024-07-10,3758,アエリア,スタンダード（内国株式）,情報･通信業,308,308,301,305,-6,-1.92926,118300,OK
2024-07-10,3760,ケイブ,スタンダード（内国株式）,情報･通信業,1420,1433,1412,1419,-2,-0.140746,23000,OK
2024-07-10,3762,テクマトリックス,プライム（内国株式）,情報･通信業,2059,2071,1985,2008,-57,-2.760291,137200,OK
2024-07-10,3763,プロシップ,プライム（内国株式）,情報･通信業,1443,1443,1431,1438,3,0.209059,20100,OK
2024-07-10,3765,ガンホー・オンライン・エンターテイメント,プライム（内国株式）,情報･通信業,2931,2947,2895,2920,-8,-0.273224,284900,OK
2024-07-10,3766,システムズ・デザイン,スタンダード（内国株式）,情報･通信業,1045,1045,1032,1044,-1,-0.095694,700,OK
2024-07-10,3768,リスクモンスター,スタンダード（内国株式）,情報･通信業,507,511,507,511,0,0,6200,OK
2024-07-10,3769,ＧＭＯペイメントゲートウェイ,プライム（内国株式）,情報･通信業,9011,9013,8816,9013,-89,-0.977807,448300,OK
2024-07-10,3770,ザッパラス,スタンダード（内国株式）,情報･通信業,428,437,426,429,2,0.468384,3300,OK
2024-07-10,3771,システムリサーチ,プライム（内国株式）,情報･通信業,1610,1610,1582,1593,-20,-1.239926,17300,OK
2024-07-10,3772,ウェルス・マネジメント,スタンダード（内国株式）,不動産業,1035,1035,1020,1022,-14,-1.351351,15800,OK
2024-07-10,3773,アドバンスト・メディア,グロース（内国株式）,情報･通信業,1212,1225,1128,1149,-3,-0.260417,423100,OK
2024-07-10,3774,インターネットイニシアティブ,プライム（内国株式）,情報･通信業,2538,2563,2532.5,2554.5,13.5,0.531287,409800,OK
2024-07-10,3776,ブロードバンドタワー,スタンダード（内国株式）,情報･通信業,210,210,199,203,-6,-2.870813,2714800,OK
2024-07-10,3777,環境フレンドリーホールディングス,グロース（内国株式）,情報･通信業,35,37,35,36,1,2.857143,371200,OK
2024-07-10,3778,さくらインターネット,プライム（内国株式）,情報･通信業,4005,4045,3940,4045,0,0,890700,OK
2024-07-10,3779,ジェイ・エスコムホールディングス,スタンダード（内国株式）,情報･通信業,144,147,144,146,1,0.689655,15600,OK
2024-07-10,3787,テクノマセマティカル,スタンダード（内国株式）,情報･通信業,593,603,593,603,1,0.166113,500,OK
2024-07-10,3788,ＧＭＯグローバルサイン・ホールディングス,プライム（内国株式）,情報･通信業,3030,3030,2963,2997,-3,-0.1,14000,OK
2024-07-10,3791,ＩＧポート,スタンダード（内国株式）,情報･通信業,1145,1158,1113,1129,-6,-0.528634,185600,OK
2024-07-10,3793,ドリコム,グロース（内国株式）,情報･通信業,710,730,699,700,-13,-1.823282,318300,OK
2024-07-10,3796,いい生活,スタンダード（内国株式）,情報･通信業,543,549,543,543,1,0.184502,1200,OK
2024-07-10,3798,ＵＬＳグループ,スタンダード（内国株式）,情報･通信業,4680,4840,4675,4780,100,2.136752,11700,OK
2024-07-10,3799,キーウェアソリューションズ,スタンダード（内国株式）,情報･通信業,865,866,855,856,-13,-1.495972,7800,OK
2024-07-10,3800,ユニリタ,スタンダード（内国株式）,情報･通信業,1965,1977,1965,1977,-1,-0.050556,1100,OK
2024-07-10,3802,エコミック,スタンダード（内国株式）,情報･通信業,435,438,435,436,2,0.460829,2100,OK
2024-07-10,3803,イメージ情報開発,グロース（内国株式）,情報･通信業,448,454,447,454,6,1.339286,1800,OK
2024-07-10,3804,システム　ディ,スタンダード（内国株式）,情報･通信業,1311,1311,1257,1267,-43,-3.282443,3700,OK
2024-07-10,3807,フィスコ,グロース（内国株式）,情報･通信業,94,94,93,93,-1,-1.06383,74700,OK
2024-07-10,3810,サイバーステップ,スタンダード（内国株式）,情報･通信業,237,239,236,238,1,0.421941,48100,OK
2024-07-10,3814,アルファクス・フード・システム,グロース（内国株式）,情報･通信業,455,517,455,484,37,8.277405,498700,OK
2024-07-10,3815,メディア工房,グロース（内国株式）,情報･通信業,675,679,669,675,6,0.896861,39800,OK
2024-07-10,3816,大和コンピューター,スタンダード（内国株式）,情報･通信業,1196,1199,1174,1185,-2,-0.168492,4500,OK
2024-07-10,3817,ＳＲＡホールディングス,プライム（内国株式）,情報･通信業,4485,4530,4415,4440,-45,-1.003344,30700,OK
2024-07-10,3823,ＴＨＥ　ＷＨＹ　ＨＯＷ　ＤＯ　ＣＯＭＰＡＮＹ,スタンダード（内国株式）,情報･通信業,32,33,32,33,0,0,378200,OK
2024-07-10,3825,リミックスポイント,スタンダード（内国株式）,小売業,201,203,197,202,0,0,547600,OK
2024-07-10,3826,システムインテグレータ,スタンダード（内国株式）,情報･通信業,368,370,368,369,1,0.271739,4800,OK
2024-07-10,3834,朝日ネット,プライム（内国株式）,情報･通信業,689,689,681,683,-7,-1.014493,42100,OK
2024-07-10,3835,ｅＢＡＳＥ,プライム（内国株式）,情報･通信業,717,719,706,710,-9,-1.251739,53300,OK
2024-07-10,3836,アバントグループ,プライム（内国株式）,情報･通信業,1407,1411,1395,1411,-7,-0.493653,40600,OK
2024-07-10,3837,アドソル日進,プライム（内国株式）,情報･通信業,1957,1957,1920,1934,-23,-1.175268,22900,OK
2024-07-10,3839,ＯＤＫソリューションズ,スタンダード（内国株式）,情報･通信業,586,586,581,583,-2,-0.34188,7200,OK
2024-07-10,3840,パス,スタンダード（内国株式）,情報･通信業,141,142,139,141,-1,-0.704225,51800,OK
2024-07-10,3841,ジーダット,スタンダード（内国株式）,情報･通信業,1189,1190,1176,1186,1,0.084388,1500,OK
2024-07-10,3842,ネクストジェン,グロース（内国株式）,情報･通信業,730,741,730,741,11,1.506849,6300,OK
2024-07-10,3843,フリービット,プライム（内国株式）,情報･通信業,1372,1372,1336,1348,-13,-0.95518,82300,OK
2024-07-10,3844,コムチュア,プライム（内国株式）,情報･通信業,1848,1850,1813,1837,-13,-0.702703,105000,OK
2024-07-10,3845,アイフリークモバイル,スタンダード（内国株式）,情報･通信業,93,93,91,91,-1,-1.086957,6900,OK
2024-07-10,3847,パシフィックシステム,スタンダード（内国株式）,情報･通信業,3705,3705,3665,3665,-20,-0.542741,200,OK
2024-07-10,3848,データ・アプリケーション,スタンダード（内国株式）,情報･通信業,925,925,919,919,-14,-1.500536,1100,OK
2024-07-10,3850,エヌ・ティ・ティ・データ・イントラマート,スタンダード（内国株式）,情報･通信業,2014,2014,1922,2012,-2,-0.099305,5400,OK
2024-07-10,3851,日本一ソフトウェア,スタンダード（内国株式）,情報･通信業,1011,1016,1007,1016,6,0.594059,1600,OK
2024-07-10,3853,アステリア,プライム（内国株式）,情報･通信業,543,551,541,547,0,0,64300,OK
2024-07-10,3854,アイル,プライム（内国株式）,情報･通信業,2401,2409,2352,2398,-17,-0.703934,90100,OK
2024-07-10,3856,Ａｂａｌａｎｃｅ,スタンダード（内国株式）,電気機器,1160,1209,1148,1163,8,0.692641,274100,OK
2024-07-10,3857,ラック,スタンダード（内国株式）,情報･通信業,870,870,853,863,-6,-0.690449,131200,OK
2024-07-10,3858,ユビキタスＡＩ,スタンダード（内国株式）,情報･通信業,549,553,535,546,-2,-0.364964,73300,OK
2024-07-10,3861,王子ホールディングス,プライム（内国株式）,パルプ・紙,613,613.5,608.5,611.7,-1.8,-0.293399,3916600,OK
2024-07-10,3863,日本製紙,プライム（内国株式）,パルプ・紙,931,937,927,934,5,0.538213,651000,OK
2024-07-10,3864,三菱製紙,プライム（内国株式）,パルプ・紙,750,750,728,737,-10,-1.338688,383400,OK
2024-07-10,3865,北越コーポレーション,プライム（内国株式）,パルプ・紙,1063,1067,1045,1058,-16,-1.489758,213500,OK
2024-07-10,3877,中越パルプ工業,プライム（内国株式）,パルプ・紙,1458,1470,1451,1464,2,0.136799,40600,OK
2024-07-10,3878,巴川コーポレーション,スタンダード（内国株式）,化学,1022,1035,1002,1011,-10,-0.979432,45900,OK
2024-07-10,3880,大王製紙,プライム（内国株式）,パルプ・紙,884,889.7,878.7,886.2,1.8,0.203528,262600,OK
2024-07-10,3891,ニッポン高度紙工業,スタンダード（内国株式）,パルプ・紙,2255,2370,2251,2370,125,5.567929,62600,OK
2024-07-10,3892,岡山製紙,スタンダード（内国株式）,パルプ・紙,1516,1530,1515,1530,19,1.257445,7000,OK
2024-07-10,3895,ハビックス,スタンダード（内国株式）,パルプ・紙,484,485,480,484,0,0,1900,OK
2024-07-10,3896,阿波製紙,スタンダード（内国株式）,パルプ・紙,523,529,519,525,3,0.574713,34200,OK
2024-07-10,3900,クラウドワークス,グロース（内国株式）,情報･通信業,1031,1041,1014,1021,-18,-1.732435,89200,OK
2024-07-10,3901,マークラインズ,プライム（内国株式）,情報･通信業,2980,2980,2903,2906,-81,-2.711751,43300,OK
2024-07-10,3902,メディカル・データ・ビジョン,プライム（内国株式）,情報･通信業,598,599,570,575,-24,-4.006678,265200,OK
2024-07-10,3903,ｇｕｍｉ,プライム（内国株式）,情報･通信業,347,348,340,341,-6,-1.729107,176000,OK
2024-07-10,3904,カヤック,グロース（内国株式）,情報･通信業,662,663,658,658,-5,-0.754148,11300,OK
2024-07-10,3905,データセクション,グロース（内国株式）,情報･通信業,1942,2020,1915,1988,69,3.595623,400600,OK
2024-07-10,3907,シリコンスタジオ,グロース（内国株式）,情報･通信業,1017,1036,1017,1036,7,0.680272,3000,OK
2024-07-10,3908,コラボス,グロース（内国株式）,情報･通信業,328,328,323,324,-4,-1.219512,2800,OK
2024-07-10,3909,ショーケース,スタンダード（内国株式）,情報･通信業,304,305,300,301,-3,-0.986842,20800,OK
2024-07-10,3910,エムケイシステム,スタンダード（内国株式）,情報･通信業,363,363,360,361,1,0.277778,6300,OK
2024-07-10,3911,Ａｉｍｉｎｇ,グロース（内国株式）,情報･通信業,232,233,228,233,3,1.304348,242500,OK
2024-07-10,3912,モバイルファクトリー,スタンダード（内国株式）,情報･通信業,650,650,645,645,-5,-0.769231,5900,OK
2024-07-10,3913,ＧｒｅｅｎＢｅｅ,グロース（内国株式）,情報･通信業,611,620,598,609,-6,-0.97561,6800,OK
2024-07-10,3914,ＪＩＧ−ＳＡＷ,グロース（内国株式）,情報･通信業,4730,4785,4640,4760,40,0.847458,64600,OK
2024-07-10,3915,テラスカイ,プライム（内国株式）,情報･通信業,2087,2095,1981,2000,-90,-4.30622,117300,OK
2024-07-10,3916,デジタル・インフォメーション・テクノロジー,プライム（内国株式）,情報･通信業,1973,1973,1939,1945,-16,-0.81591,20000,OK
2024-07-10,3917,アイリッジ,グロース（内国株式）,情報･通信業,447,450,446,450,3,0.671141,6500,OK
2024-07-10,3918,ＰＣＩホールディングス,スタンダード（内国株式）,情報･通信業,970,970,957,957,-13,-1.340206,25000,OK
2024-07-10,3920,アイビーシー,スタンダード（内国株式）,情報･通信業,498,501,483,483,-19,-3.784861,23900,OK
2024-07-10,3921,ネオジャパン,プライム（内国株式）,情報･通信業,1800,1810,1782,1802,3,0.166759,44500,OK
2024-07-10,3922,ＰＲ　ＴＩＭＥＳ,プライム（内国株式）,情報･通信業,1847,1847,1803,1816,-26,-1.411509,20300,OK
2024-07-10,3923,ラクス,プライム（内国株式）,情報･通信業,1950.5,1970.5,1919,1947,-23,-1.167513,637100,OK
2024-07-10,3924,ランドコンピュータ,プライム（内国株式）,情報･通信業,826,826,797,800,-19,-2.319902,75500,OK
2024-07-10,3925,ダブルスタンダード,プライム（内国株式）,情報･通信業,1793,1793,1758,1778,-17,-0.947075,23700,OK
2024-07-10,3926,オープンドア,プライム（内国株式）,情報･通信業,651,658,647,647,-9,-1.371951,39600,OK
2024-07-10,3927,フーバーブレイン,グロース（内国株式）,情報･通信業,1290,1306,1251,1266,-5,-0.393391,110600,OK
2024-07-10,3928,マイネット,スタンダード（内国株式）,情報･通信業,333,334,328,328,-5,-1.501502,27400,OK
2024-07-10,3929,ソーシャルワイヤー,グロース（内国株式）,情報･通信業,269,279,266,277,8,2.973978,50500,OK
2024-07-10,3930,はてな,グロース（内国株式）,情報･通信業,745,745,742,742,-6,-0.802139,3200,OK
2024-07-10,3931,バリューゴルフ,グロース（内国株式）,情報･通信業,998,998,998,998,-1,-0.1001,700,OK
2024-07-10,3932,アカツキ,プライム（内国株式）,情報･通信業,2552,2559,2522,2534,-18,-0.705329,48100,OK
2024-07-10,3933,チエル,スタンダード（内国株式）,情報･通信業,623,623,606,619,2,0.324149,7100,OK
2024-07-10,3934,ベネフィットジャパン,スタンダード（内国株式）,情報･通信業,1260,1279,1260,1279,20,1.588562,700,OK
2024-07-10,3935,エディア,グロース（内国株式）,情報･通信業,377,388,372,375,-7,-1.832461,170800,OK
2024-07-10,3936,グローバルウェイ,グロース（内国株式）,情報･通信業,134,134,132,134,1,0.75188,42000,OK
2024-07-10,3937,Ｕｂｉｃｏｍホールディングス,プライム（内国株式）,情報･通信業,1416,1445,1406,1415,4,0.283487,41700,OK
2024-07-10,3939,カナミックネットワーク,プライム（内国株式）,情報･通信業,559,561,554,556,-5,-0.891266,120600,OK
2024-07-10,3940,ノムラシステムコーポレーション,スタンダード（内国株式）,情報･通信業,141,142,137,140,0,0,321100,OK
2024-07-10,3941,レンゴー,プライム（内国株式）,パルプ・紙,990,994,984.2,994,-6,-0.6,1306900,OK
2024-07-10,3943,大石産業,スタンダード（内国株式）,パルプ・紙,2141,2163,2131,2131,-23,-1.067781,900,OK
2024-07-10,3944,古林紙工,スタンダード（内国株式）,パルプ・紙,2014,2016,2003,2016,2,0.099305,500,OK
2024-07-10,3945,スーパーバッグ,スタンダード（内国株式）,パルプ・紙,2722,2755,2722,2723,-8,-0.292933,800,OK
2024-07-10,3946,トーモク,プライム（内国株式）,パルプ・紙,2702,2702,2656,2679,-9,-0.334821,45500,OK
2024-07-10,3947,ダイナパック,スタンダード（内国株式）,パルプ・紙,1842,1848,1841,1847,11,0.599129,400,OK
2024-07-10,3948,光ビジネスフォーム,スタンダード（内国株式）,パルプ・紙,868,874,845,860,-8,-0.921659,21400,OK
2024-07-10,3950,ザ・パック,プライム（内国株式）,パルプ・紙,3900,3900,3855,3880,10,0.258398,23100,OK
2024-07-10,3951,朝日印刷,スタンダード（内国株式）,パルプ・紙,992,1004,992,998,9,0.91001,12300,OK
2024-07-10,3953,大村紙業,スタンダード（内国株式）,パルプ・紙,790,791,785,785,-6,-0.758534,2900,OK
2024-07-10,3954,昭和パックス,スタンダード（内国株式）,パルプ・紙,2003,2003,1997,1997,-8,-0.399002,1000,OK
2024-07-10,3955,イムラ,スタンダード（内国株式）,パルプ・紙,1102,1102,1086,1086,-13,-1.182894,3200,OK
2024-07-10,3958,笹徳印刷,スタンダード（内国株式）,パルプ・紙,595,598,593,593,0,0,10200,OK
2024-07-10,3961,シルバーエッグ・テクノロジー,グロース（内国株式）,情報･通信業,1007,1014,994,1005,-2,-0.19861,17900,OK
2024-07-10,3962,チェンジホールディングス,プライム（内国株式）,情報･通信業,1223,1252,1223,1242,19,1.553557,417900,OK
2024-07-10,3963,シンクロ・フード,プライム（内国株式）,情報･通信業,511,514,506,514,6,1.181102,59000,OK
2024-07-10,3964,オークネット,プライム（内国株式）,情報･通信業,2735,2777,2700,2720,-41,-1.484969,19400,OK
2024-07-10,3965,キャピタル・アセット・プランニング,スタンダード（内国株式）,情報･通信業,860,860,841,842,-19,-2.206736,12000,OK
2024-07-10,3967,エルテス,グロース（内国株式）,情報･通信業,801,807,795,799,-5,-0.621891,11300,OK
2024-07-10,3968,セグエグループ,プライム（内国株式）,情報･通信業,625,625,613,617,-4,-0.644122,148100,OK
2024-07-10,3969,エイトレッド,スタンダード（内国株式）,情報･通信業,1670,1685,1640,1641,-39,-2.321429,17200,OK
2024-07-10,3970,イノベーション,グロース（内国株式）,情報･通信業,1295,1319,1290,1290,-5,-0.3861,3300,OK
2024-07-10,3974,ＳＣＡＴ,スタンダード（内国株式）,情報･通信業,479,481,463,463,-19,-3.941909,4700,OK
2024-07-10,3976,シャノン,グロース（内国株式）,情報･通信業,436,441,435,440,5,1.149425,4700,OK
2024-07-10,3978,マクロミル,プライム（内国株式）,情報･通信業,861,865,850,855,-15,-1.724138,111800,OK
2024-07-10,3979,うるる,グロース（内国株式）,情報･通信業,1509,1517,1505,1505,-8,-0.528751,1100,OK
2024-07-10,3981,ビーグリー,スタンダード（内国株式）,情報･通信業,1197,1208,1184,1185,-3,-0.252525,36700,OK
2024-07-10,3983,オロ,プライム（内国株式）,情報･通信業,2747,2747,2654,2660,-74,-2.706657,29200,OK
2024-07-10,3984,ユーザーローカル,プライム（内国株式）,情報･通信業,2074,2095,2043,2075,-18,-0.86001,73600,OK
2024-07-10,3985,テモナ,スタンダード（内国株式）,情報･通信業,213,213,207,207,-2,-0.956938,22100,OK
2024-07-10,3986,ビーブレイクシステムズ,グロース（内国株式）,情報･通信業,,,,,,,,NO_QUOTE
2024-07-10,3987,エコモット,グロース（内国株式）,情報･通信業,461,463,456,459,-2,-0.433839,21800,OK
2024-07-10,3988,ＳＹＳホールディングス,スタンダード（内国株式）,情報･通信業,1315,1315,1215,1267,-48,-3.65019,12700,OK
2024-07-10,3989,シェアリングテクノロジー,グロース（内国株式）,情報･通信業,660,666,654,660,3,0.456621,158300,OK
2024-07-10,3990,ＵＵＵＭ,グロース（内国株式）,情報･通信業,446,449,440,448,1,0.223714,19200,OK
2024-07-10,3991,ウォンテッドリー,グロース（内国株式）,情報･通信業,1370,1391,1350,1371,1,0.072993,4900,OK
2024-07-10,3992,ニーズウェル,プライム（内国株式）,情報･通信業,395,395,380,384,-7,-1.790281,238900,OK
2024-07-10,3993,ＰＫＳＨＡ　Ｔｅｃｈｎｏｌｏｇｙ,スタンダード（内国株式）,情報･通信業,3550,3555,3450,3500,-55,-1.547117,238600,OK
2024-07-10,3994,マネーフォワード,プライム（内国株式）,情報･通信業,5409,5413,5227,5350,-93,-1.708617,554900,OK
2024-07-10,3996,サインポスト,スタンダード（内国株式）,情報･通信業,604,614,565,586,-18,-2.980132,305700,OK
2024-07-10,3997,トレードワークス,スタンダード（内国株式）,情報･通信業,951,974,935,941,-16,-1.671891,6500,OK
2024-07-10,3998,すららネット,グロース（内国株式）,情報･通信業,466,467,460,465,-1,-0.214592,25000,OK
2024-07-10,4004,レゾナック・ホールディングス,プライム（内国株式）,化学,3795,3855,3757,3783,-71,-1.842242,2543700,OK
2024-07-10,4005,住友化学,プライム（内国株式）,化学,361.2,363.6,355.7,362.9,-6.8,-1.839329,19160100,OK
2024-07-10,4008,住友精化,プライム（内国株式）,化学,5500,5500,5430,5440,-60,-1.090909,18400,OK
2024-07-10,4011,ヘッドウォータース,グロース（内国株式）,情報･通信業,11180,11180,11000,11000,-230,-2.048085,18200,OK
2024-07-10,4012,アクシス,スタンダード（内国株式）,情報･通信業,1455,1455,1431,1440,-15,-1.030928,11600,OK
2024-07-10,4013,勤次郎,グロース（内国株式）,情報･通信業,402,402,386,394,-6,-1.5,28300,OK
2024-07-10,4014,カラダノート,グロース（内国株式）,情報･通信業,579,579,560,560,-12,-2.097902,12500,OK
2024-07-10,4015,ペイクラウドホールディングス,グロース（内国株式）,情報･通信業,505,506,492,497,-12,-2.357564,54700,OK
2024-07-10,4016,ＭＩＴホールディングス,スタンダード（内国株式）,情報･通信業,725,747,723,744,21,2.904564,4200,OK
2024-07-10,4017,クリーマ,グロース（内国株式）,情報･通信業,357,368,352,360,4,1.123596,26100,OK
2024-07-10,4019,スタメン,グロース（内国株式）,情報･通信業,582,582,578,579,-3,-0.515464,2900,OK
2024-07-10,4020,ビートレンド,グロース（内国株式）,情報･通信業,723,730,718,723,-3,-0.413223,4200,OK
2024-07-10,4021,日産化学,プライム（内国株式）,化学,4914,4937,4888,4929,-19,-0.383994,630500,OK
2024-07-10,4022,ラサ工業,プライム（内国株式）,化学,3305,3305,3155,3165,-140,-4.236006,56800,OK
2024-07-10,4023,クレハ,プライム（内国株式）,化学,2840,2855,2829,2847,-13,-0.454545,122800,OK
2024-07-10,4025,多木化学,プライム（内国株式）,化学,4435,4475,4340,4355,-100,-2.244669,13100,OK
2024-07-10,4026,神島化学工業,スタンダード（内国株式）,ガラス･土石製品,1847,1908,1784,1796,-43,-2.338227,132200,OK
2024-07-10,4027,テイカ,プライム（内国株式）,化学,1650,1650,1615,1618,-18,-1.100244,22500,OK
2024-07-10,4028,石原産業,プライム（内国株式）,化学,1663,1663,1628,1635,-27,-1.624549,137900,OK
2024-07-10,4031,片倉コープアグリ,スタンダード（内国株式）,化学,1192,1198,1175,1178,-13,-1.09152,10500,OK
2024-07-10,4040,南海化学,スタンダード（内国株式）,化学,3410,3435,3345,3390,-20,-0.58651,11100,OK
2024-07-10,4041,日本曹達,プライム（内国株式）,化学,5360,5390,5340,5390,30,0.559701,59600,OK
2024-07-10,4042,東ソー,プライム（内国株式）,化学,2060,2063.5,2037,2063.5,-14,-0.673887,1329300,OK
2024-07-10,4043,トクヤマ,プライム（内国株式）,化学,2995,3007,2937.5,2960.5,-55.5,-1.840186,568900,OK
2024-07-10,4044,セントラル硝子,プライム（内国株式）,化学,3775,3790,3755,3790,20,0.530504,69900,OK
2024-07-10,4045,東亞合成,プライム（内国株式）,化学,1526,1530,1517,1530,-3.5,-0.228236,209300,OK
2024-07-10,4046,大阪ソーダ,プライム（内国株式）,化学,10790,10910,10720,10850,70,0.649351,74900,OK
2024-07-10,4047,関東電化工業,プライム（内国株式）,化学,983,986,964,986,-4,-0.40404,348900,OK
2024-07-10,4051,ＧＭＯフィナンシャルゲート,グロース（内国株式）,情報･通信業,6600,6600,6420,6540,-20,-0.304878,32300,OK
2024-07-10,4052,フィーチャ,グロース（内国株式）,情報･通信業,696,696,665,680,-17,-2.439024,8500,OK
2024-07-10,4053,Ｓｕｎ　Ａｓｔｅｒｉｓｋ,プライム（内国株式）,情報･通信業,843,850,839,850,4,0.472813,169200,OK
2024-07-10,4054,日本情報クリエイト,グロース（内国株式）,情報･通信業,630,654,629,637,3,0.473186,9900,OK
2024-07-10,4055,ティアンドエスグループ,グロース（内国株式）,情報･通信業,1491,1496,1441,1451,-44,-2.943144,76400,OK
2024-07-10,4056,ニューラルグループ,グロース（内国株式）,情報･通信業,942,958,933,934,-10,-1.059322,19100,OK
2024-07-10,4057,インターファクトリー,グロース（内国株式）,情報･通信業,474,475,469,475,1,0.21097,5100,OK
2024-07-10,4058,トヨクモ,グロース（内国株式）,情報･通信業,1768,1768,1716,1742,-16,-0.910125,10400,OK
2024-07-10,4059,まぐまぐ,スタンダード（内国株式）,情報･通信業,628,628,605,605,-15,-2.419355,7800,OK
2024-07-10,4060,ｒａｋｕｍｏ,グロース（内国株式）,情報･通信業,1090,1092,1045,1057,-37,-3.382084,55100,OK
2024-07-10,4061,デンカ,プライム（内国株式）,化学,2130,2141,2113,2136,4.5,0.211119,547900,OK
2024-07-10,4062,イビデン,プライム（内国株式）,電気機器,6800,6816,6725,6805,-38,-0.555312,945100,OK
2024-07-10,4063,信越化学工業,プライム（内国株式）,化学,6643,6716,6594,6716,98,1.48081,5761200,OK
2024-07-10,4064,日本カーバイド工業,プライム（内国株式）,化学,2039,2058,2015,2038,8,0.394089,84500,OK
2024-07-10,4068,ベイシス,グロース（内国株式）,情報･通信業,,,,,,,,NO_QUOTE
2024-07-10,4069,ＢｌｕｅＭｅｍｅ,グロース（内国株式）,情報･通信業,1201,1202,1201,1201,1,0.083333,700,OK
2024-07-10,4071,プラスアルファ・コンサルティング,プライム（内国株式）,情報･通信業,1812,1830,1785,1810,4,0.221484,173900,OK
2024-07-10,4072,電算システムホールディングス,プライム（内国株式）,情報･通信業,2783,2799,2756,2776,-17,-0.608665,11500,OK
2024-07-10,4073,ジィ・シィ企画,グロース（内国株式）,情報･通信業,840,840,804,814,-14,-1.690821,23500,OK
2024-07-10,4074,ラキール,グロース（内国株式）,情報･通信業,1441,1463,1398,1410,-30,-2.083333,14800,OK
2024-07-10,4075,ブレインズテクノロジー,グロース（内国株式）,情報･通信業,736,741,726,732,-4,-0.543478,4400,OK
2024-07-10,4076,シイエヌエス,グロース（内国株式）,情報･通信業,1810,1818,1804,1813,14,0.77821,2300,OK
2024-07-10,4078,堺化学工業,プライム（内国株式）,化学,3080,3130,2946,2995,-150,-4.769475,350200,OK
2024-07-10,4080,田中化学研究所,スタンダード（内国株式）,化学,1004,1017,1004,1015,11,1.095618,51500,OK
2024-07-10,4082,第一稀元素化学工業,プライム（内国株式）,化学,853,857,841,841,-12,-1.4068,73400,OK
2024-07-10,4088,エア・ウォーター,プライム（内国株式）,化学,2151,2160,2129.5,2160,9,0.41841,597100,OK
2024-07-10,4091,日本酸素ホールディングス,プライム（内国株式）,化学,4829,4946,4805,4934,136,2.834514,844800,OK
2024-07-10,4092,日本化学工業,プライム（内国株式）,化学,2813,2844,2756,2775,-28,-0.99893,87900,OK
2024-07-10,4093,東邦アセチレン,プライム（内国株式）,化学,368,370,365,369,1,0.271739,92000,OK
2024-07-10,4094,日本化学産業,スタンダード（内国株式）,化学,1515,1515,1497,1508,-2,-0.13245,10300,OK
2024-07-10,4095,日本パーカライジング,プライム（内国株式）,化学,1304,1308,1297,1307,-1,-0.076453,137300,OK
2024-07-10,4097,高圧ガス工業,プライム（内国株式）,化学,991,991,980,987,3,0.304878,47500,OK
2024-07-10,4098,チタン工業,スタンダード（内国株式）,化学,1034,1040,1034,1039,4,0.386473,4200,OK
2024-07-10,4099,四国化成ホールディングス,プライム（内国株式）,化学,2223,2236,2180,2200,-16,-0.722022,90400,OK
2024-07-10,4100,戸田工業,スタンダード（内国株式）,化学,2123,2123,2062,2073,-29,-1.379638,20800,OK
2024-07-10,4102,丸尾カルシウム,スタンダード（内国株式）,化学,,,,,,,,NO_QUOTE
2024-07-10,4107,伊勢化学工業,スタンダード（内国株式）,化学,20490,21200,19240,19670,-820,-4.001952,394200,OK
2024-07-10,4109,ステラ　ケミファ,プライム（内国株式）,化学,4390,4445,4280,4335,-55,-1.252847,47700,OK
2024-07-10,4112,保土谷化学工業,プライム（内国株式）,化学,5550,5550,5400,5440,-70,-1.270417,26400,OK
2024-07-10,4113,田岡化学工業,スタンダード（内国株式）,化学,837,838,823,827,-11,-1.312649,22300,OK
2024-07-10,4114,日本触媒,プライム（内国株式）,化学,1630,1642,1617,1641,6,0.366972,301100,OK
2024-07-10,4116,大日精化工業,プライム（内国株式）,化学,3305,3305,3260,3300,-20,-0.60241,56900,OK
2024-07-10,4118,カネカ,プライム（内国株式）,化学,4208,4208,4175,4207,-12,-0.284428,185400,OK
2024-07-10,4119,日本ピグメント,スタンダード（内国株式）,化学,3120,3150,3120,3150,30,0.961538,3000,OK
2024-07-10,4120,スガイ化学工業,スタンダード（内国株式）,化学,2535,2535,2535,2535,0,0,100,OK
2024-07-10,4124,大阪油化工業,スタンダード（内国株式）,化学,1530,1532,1527,1532,0,0,1000,OK
2024-07-10,4125,三和油化工業,スタンダード（内国株式）,化学,2895,3075,2895,3030,135,4.663212,38100,OK
2024-07-10,4151,協和キリン,プライム（内国株式）,医薬品,3070,3118,3070,3102,18,0.583658,1250100,OK
2024-07-10,4165,プレイド,グロース（内国株式）,情報･通信業,1054,1069,1001,1006,-54,-5.09434,698800,OK
2024-07-10,4166,かっこ,グロース（内国株式）,情報･通信業,811,830,800,830,20,2.469136,21500,OK
2024-07-10,4167,ココペリ,グロース（内国株式）,情報･通信業,568,575,550,560,-15,-2.608696,242200,OK
2024-07-10,4168,ヤプリ,グロース（内国株式）,情報･通信業,813,814,777,780,-17,-2.132999,203900,OK
2024-07-10,4169,ＥＮＥＣＨＡＮＧＥ,グロース（内国株式）,情報･通信業,288,288,288,288,80,38.461538,883900,OK
2024-07-10,4170,Ｋａｉｚｅｎ　Ｐｌａｔｆｏｒｍ,グロース（内国株式）,情報･通信業,235,236,234,235,0,0,147100,OK
2024-07-10,4171,グローバルインフォメーション,スタンダード（内国株式）,情報･通信業,1403,1420,1403,1416,14,0.998573,2800,OK
2024-07-10,4172,東和ハイシステム,スタンダード（内国株式）,情報･通信業,1683,1750,1683,1709,39,2.335329,2900,OK
2024-07-10,4173,ＷＡＣＵＬ,グロース（内国株式）,情報･通信業,448,461,443,449,-67,-12.984496,419200,OK
2024-07-10,4174,アピリッツ,スタンダード（内国株式）,情報･通信業,1017,1024,1000,1009,-11,-1.078431,23600,OK
2024-07-10,4175,ｃｏｌｙ,グロース（内国株式）,情報･通信業,1494,1544,1492,1527,17,1.125828,17800,OK
2024-07-10,4176,ココナラ,グロース（内国株式）,情報･通信業,394,394,379,379,-15,-3.807107,296800,OK
2024-07-10,4177,ｉ‐ｐｌｕｇ,グロース（内国株式）,情報･通信業,1305,1328,1302,1320,4,0.303951,11700,OK
2024-07-10,4178,Ｓｈａｒｉｎｇ　Ｉｎｎｏｖａｔｉｏｎｓ,グロース（内国株式）,情報･通信業,818,824,817,822,4,0.488998,2100,OK
2024-07-10,4179,ジーネクスト,グロース（内国株式）,情報･通信業,294,294,289,289,1,0.347222,5100,OK
2024-07-10,4180,Ａｐｐｉｅｒ　Ｇｒｏｕｐ,プライム（内国株式）,情報･通信業,1254,1261,1233,1252,-11,-0.870942,686100,OK
2024-07-10,4182,三菱瓦斯化学,プライム（内国株式）,化学,3136,3136,3062,3113,-24,-0.765062,810200,OK
2024-07-10,4183,三井化学,プライム（内国株式）,化学,4372,4372,4322,4361,-10,-0.228781,849000,OK
2024-07-10,4186,東京応化工業,プライム（内国株式）,化学,4510,4593,4457,4593,86,1.908143,809300,OK
2024-07-10,4187,大阪有機化学工業,プライム（内国株式）,化学,3955,4045,3930,4045,100,2.534854,141900,OK
2024-07-10,4188,三菱ケミカルグループ,プライム（内国株式）,化学,920.5,928,916.4,922.5,11.6,1.273466,7322900,OK
2024-07-10,4189,ＫＨネオケム,プライム（内国株式）,化学,2255,2255,2207,2228,-34,-1.503095,364200,OK
2024-07-10,4192,スパイダープラス,グロース（内国株式）,情報･通信業,499,527,485,491,8,1.656315,448000,OK
2024-07-10,4193,ファブリカホールディングス,スタンダード（内国株式）,情報･通信業,1955,1955,1895,1929,-6,-0.310078,1300,OK
2024-07-10,4194,ビジョナル,プライム（内国株式）,情報･通信業,7770,7800,7600,7730,-80,-1.024328,302500,OK
2024-07-10,4196,ネオマーケティング,スタンダード（内国株式）,情報･通信業,1021,1021,1021,1021,0,0,2000,OK
2024-07-10,4197,アスマーク,スタンダード（内国株式）,情報･通信業,2391,2400,2370,2392,5,0.209468,6800,OK
2024-07-10,4198,テンダ,スタンダード（内国株式）,情報･通信業,738,751,737,749,12,1.628223,3600,OK
2024-07-10,4199,ワンダープラネット,グロース（内国株式）,情報･通信業,1329,1339,1292,1300,-43,-3.201787,25400,OK
2024-07-10,4202,ダイセル,プライム（内国株式）,化学,1534,1537,1511,1529.5,-4.5,-0.293351,786500,OK
2024-07-10,4203,住友ベークライト,プライム（内国株式）,化学,4650,4689,4630,4676,-5,-0.106815,144600,OK
2024-07-10,4204,積水化学工業,プライム（内国株式）,化学,2195,2216,2190.5,2215,13.5,0.613218,1125800,OK
2024-07-10,4205,日本ゼオン,プライム（内国株式）,化学,1382.5,1386.5,1369,1377,-7,-0.50578,486100,OK
2024-07-10,4206,アイカ工業,プライム（内国株式）,化学,3519,3519,3491,3508,-7,-0.199147,113200,OK
2024-07-10,4208,ＵＢＥ,プライム（内国株式）,化学,2744.5,2773,2738,2766.5,2.5,0.090449,439300,OK
2024-07-10,4212,積水樹脂,プライム（内国株式）,化学,2380,2439,2380,2438,58,2.436975,191300,OK
2024-07-10,4215,タキロンシーアイ,プライム（内国株式）,化学,739,756,739,753,11,1.48248,185100,OK
2024-07-10,4216,旭有機材,プライム（内国株式）,化学,5150,5180,5050,5140,30,0.587084,57400,OK
2024-07-10,4218,ニチバン,プライム（内国株式）,化学,1911,1914,1896,1902,-9,-0.470958,16600,OK
2024-07-10,4220,リケンテクノス,プライム（内国株式）,化学,1017,1021,1004,1010,-8,-0.785855,97000,OK
2024-07-10,4221,大倉工業,プライム（内国株式）,化学,2915,2927,2885,2912,-2,-0.068634,65800,OK
2024-07-10,4222,児玉化学工業,スタンダード（内国株式）,化学,317,317,305,306,-9,-2.857143,20600,OK
2024-07-10,4224,ロンシール工業,スタンダード（内国株式）,化学,1683,1683,1670,1671,-6,-0.357782,2000,OK
2024-07-10,4228,積水化成品工業,プライム（内国株式）,化学,458,458,450,452,0,0,68300,OK
2024-07-10,4229,群栄化学工業,プライム（内国株式）,化学,3235,3240,3200,3220,5,0.155521,8200,OK
2024-07-10,4231,タイガースポリマー,スタンダード（内国株式）,化学,870,870,855,862,-5,-0.576701,49000,OK
2024-07-10,4234,サンエー化研,スタンダード（内国株式）,化学,537,537,535,535,-1,-0.186567,700,OK
2024-07-10,4235,ウルトラファブリックス・ホールディングス,スタンダード（内国株式）,化学,1239,1242,1209,1217,-22,-1.775626,47000,OK
2024-07-10,4237,フジプレアム,スタンダード（内国株式）,化学,370,370,363,364,-2,-0.546448,66500,OK
2024-07-10,4238,ミライアル,スタンダード（内国株式）,化学,1522,1523,1494,1501,-20,-1.314924,35300,OK
2024-07-10,4240,クラスターテクノロジー,グロース（内国株式）,化学,290,290,287,288,-2,-0.689655,10000,OK
2024-07-10,4241,アテクト,スタンダード（内国株式）,化学,671,675,662,667,-6,-0.89153,44400,OK
2024-07-10,4242,タカギセイコー,スタンダード（内国株式）,化学,2133,2133,2132,2132,-1,-0.046882,400,OK
2024-07-10,4243,ニックス,スタンダード（内国株式）,化学,810,810,810,810,2,0.247525,200,OK
2024-07-10,4245,ダイキアクシス,スタンダード（内国株式）,化学,719,720,715,716,1,0.13986,18500,OK
2024-07-10,4246,ダイキョーニシカワ,プライム（内国株式）,化学,689,690,685,689,0,0,166500,OK
2024-07-10,4247,ポバール興業,スタンダード（内国株式）,化学,1249,1250,1248,1248,1,0.080192,600,OK
2024-07-10,4248,竹本容器,スタンダード（内国株式）,化学,850,850,836,838,-10,-1.179245,19000,OK
2024-07-10,4249,森六ホールディングス,プライム（内国株式）,化学,2722,2747,2722,2741,-7,-0.254731,16400,OK
2024-07-10,4251,恵和,プライム（内国株式）,化学,1771,1771,1691,1713,-67,-3.764045,220400,OK
2024-07-10,4255,ＴＨＥＣＯＯ,グロース（内国株式）,情報･通信業,508,508,508,508,0,0,2900,OK
2024-07-10,4256,サインド,グロース（内国株式）,情報･通信業,802,802,782,799,2,0.250941,24300,OK
2024-07-10,4257,エヴィクサー,TOKYO PRO MARKET（内国株式）,情報･通信業,,,,,,,,NO_QUOTE
2024-07-10,4258,網屋,グロース（内国株式）,情報･通信業,2744,2792,2655,2740,-4,-0.145773,74200,OK
2024-07-10,4259,エクサウィザーズ,グロース（内国株式）,情報･通信業,335,337,321,326,-9,-2.686567,1450400,OK
2024-07-10,4260,ハイブリッドテクノロジーズ,グロース（内国株式）,情報･通信業,524,529,518,525,1,0.19084,7900,OK
2024-07-10,4261,アジアクエスト,グロース（内国株式）,情報･通信業,2229,2247,2211,2220,-9,-0.403769,700,OK
2024-07-10,4262,ニフティライフスタイル,グロース（内国株式）,情報･通信業,927,938,923,926,-3,-0.322928,8500,OK
2024-07-10,4263,サスメド,グロース（内国株式）,情報･通信業,573,573,559,565,-3,-0.528169,68400,OK
2024-07-10,4264,セキュア,グロース（内国株式）,情報･通信業,2010,2010,1962,1988,-31,-1.535414,47800,OK
2024-07-10,4265,Ｉｎｓｔｉｔｕｔｉｏｎ　ｆｏｒ　ａ　Ｇｌｏｂａｌ　Ｓｏｃｉｅｔｙ,グロース（内国株式）,情報･通信業,445,451,440,449,6,1.354402,30200,OK
2024-07-10,4267,ライトワークス,グロース（内国株式）,情報･通信業,1000,1006,997,1000,0,0,2100,OK
2024-07-10,4268,エッジテクノロジー,グロース（内国株式）,情報･通信業,614,614,580,580,-30,-4.918033,41000,OK
2024-07-10,4270,ＢｅｅＸ,グロース（内国株式）,情報･通信業,3125,3180,3105,3130,-10,-0.318471,6700,OK
2024-07-10,4272,日本化薬,プライム（内国株式）,化学,1258,1260.5,1248.5,1259,1,0.079491,374000,OK
2024-07-10,4274,細谷火工,スタンダード（内国株式）,化学,1369,1369,1325,1332,-37,-2.702703,24500,OK
2024-07-10,4275,カーリットホールディングス,プライム（内国株式）,化学,1484,1501,1462,1472,-12,-0.808625,192700,OK
2024-07-10,4284,ソルクシーズ,スタンダード（内国株式）,情報･通信業,320,321,315,316,-3,-0.940439,58600,OK
2024-07-10,4286,ＣＬホールディングス,スタンダード（内国株式）,サービス業,1648,1666,1616,1649,41,2.549751,64900,OK
2024-07-10,4287,ジャストプランニング,スタンダード（内国株式）,情報･通信業,351,354,351,352,1,0.2849,4100,OK
2024-07-10,4288,アズジェント,スタンダード（内国株式）,情報･通信業,895,985,866,985,150,17.964072,1828800,OK
2024-07-10,4290,プレステージ・インターナショナル,プライム（内国株式）,サービス業,706,716,705,708,0,0,219000,OK
2024-07-10,4293,セプテーニ・ホールディングス,スタンダード（内国株式）,サービス業,348,351,342,346,-6,-1.704545,407500,OK
2024-07-10,4295,フェイス,スタンダード（内国株式）,情報･通信業,438,441,436,441,3,0.684932,10100,OK
2024-07-10,4298,プロトコーポレーション,プライム（内国株式）,情報･通信業,1441,1461,1435,1450,3,0.207326,55900,OK
2024-07-10,4299,ハイマックス,スタンダード（内国株式）,情報･通信業,1397,1403,1390,1399,2,0.143164,7700,OK
2024-07-10,4301,アミューズ,プライム（内国株式）,サービス業,1622,1627,1605,1608,-13,-0.801974,18700,OK
2024-07-10,4304,Ｅストアー,スタンダード（内国株式）,情報･通信業,1462,1462,1455,1455,-3,-0.205761,1900,OK
2024-07-10,4307,野村総合研究所,プライム（内国株式）,情報･通信業,4655,4664,4607,4664,-29,-0.617942,1204400,OK
2024-07-10,4308,Ｊストリーム,グロース（内国株式）,情報･通信業,376,378,375,375,-1,-0.265957,6600,OK
2024-07-10,4310,ドリームインキュベータ,プライム（内国株式）,サービス業,2335,2360,2320,2331,-17,-0.72402,24500,OK
2024-07-10,4316,ビーマップ,グロース（内国株式）,情報･通信業,394,394,391,393,1,0.255102,2400,OK
2024-07-10,4317,レイ,スタンダード（内国株式）,サービス業,437,450,436,450,14,3.211009,37300,OK
2024-07-10,4318,クイック,プライム（内国株式）,サービス業,2175,2191,2161,2181,-5,-0.228728,29400,OK
2024-07-10,4319,ＴＡＣ,スタンダード（内国株式）,サービス業,183,183,182,182,0,0,5700,OK
2024-07-10,4320,ＣＥホールディングス,スタンダード（内国株式）,情報･通信業,560,560,550,551,-9,-1.607143,60300,OK
2024-07-10,4323,日本システム技術,プライム（内国株式）,情報･通信業,1759,1765,1636,1667,-92,-5.230244,113700,OK
2024-07-10,4324,電通グループ,プライム（内国株式）,サービス業,3980,4038,3980,4034,34,0.85,728100,OK
2024-07-10,4326,インテージホールディングス,プライム（内国株式）,情報･通信業,1536,1542,1528,1534,-16,-1.032258,23800,OK
2024-07-10,4331,テイクアンドギヴ・ニーズ,プライム（内国株式）,サービス業,1007,1008,994,999,-10,-0.99108,40900,OK
2024-07-10,4333,東邦システムサイエンス,プライム（内国株式）,情報･通信業,1717,1748,1695,1720,3,0.174723,25800,OK
2024-07-10,4334,ユークス,スタンダード（内国株式）,情報･通信業,407,410,406,407,0,0,8400,OK
2024-07-10,4335,アイ・ピー・エス,スタンダード（内国株式）,情報･通信業,1090,1096,1048,1048,-42,-3.853211,13100,OK
2024-07-10,4337,ぴあ,プライム（内国株式）,サービス業,3045,3045,3005,3015,-30,-0.985222,12100,OK
2024-07-10,4341,西菱電機,スタンダード（内国株式）,サービス業,838,840,838,839,9,1.084337,300,OK
2024-07-10,4343,イオンファンタジー,プライム（内国株式）,サービス業,2161,2170,2136,2154,-7,-0.323924,78200,OK
2024-07-10,4344,ソースネクスト,プライム（内国株式）,情報･通信業,219,221,212,220,-2,-0.900901,2509000,OK
2024-07-10,4345,シーティーエス,プライム（内国株式）,サービス業,806,813,796,811,5,0.620347,50900,OK
2024-07-10,4346,ＮＥＸＹＺ．Ｇｒｏｕｐ,スタンダード（内国株式）,その他金融業,703,703,686,687,-6,-0.865801,18600,OK
2024-07-10,4347,ブロードメディア,スタンダード（内国株式）,サービス業,1802,1808,1782,1784,-32,-1.762115,28700,OK
2024-07-10,4348,インフォコム,プライム（内国株式）,情報･通信業,6040,6050,6040,6040,-10,-0.165289,133100,OK
2024-07-10,4350,メディカルシステムネットワーク,スタンダード（内国株式）,小売業,572,576,565,569,-3,-0.524476,36700,OK
2024-07-10,4351,山田債権回収管理総合事務所,スタンダード（内国株式）,その他金融業,946,947,946,946,0,0,2000,OK
2024-07-10,4356,応用技術,スタンダード（内国株式）,情報･通信業,1599,1599,1585,1585,-14,-0.875547,700,OK
2024-07-10,4360,マナック・ケミカル・パートナーズ,スタンダード（内国株式）,化学,622,632,615,616,9,1.482702,29200,OK
2024-07-10,4361,川口化学工業,スタンダード（内国株式）,化学,1521,1521,1500,1504,-17,-1.117686,2700,OK
2024-07-10,4362,日本精化,プライム（内国株式）,化学,2840,2969,2813,2964,98,3.4194,62100,OK
2024-07-10,4365,松本油脂製薬,スタンダード（内国株式）,化学,17800,17800,17700,17700,-50,-0.28169,200,OK
2024-07-10,4366,ダイトーケミックス,スタンダード（内国株式）,化学,718,719,706,715,6,0.846262,8400,OK
2024-07-10,4367,広栄化学,スタンダード（内国株式）,化学,2316,2329,2316,2329,13,0.561313,200,OK
2024-07-10,4368,扶桑化学工業,プライム（内国株式）,化学,4005,4040,3960,4010,20,0.501253,90900,OK
2024-07-10,4369,トリケミカル研究所,プライム（内国株式）,化学,4345,4410,4275,4335,15,0.347222,196300,OK
2024-07-10,4370,モビルス,グロース（内国株式）,情報･通信業,402,410,399,400,-2,-0.497512,5800,OK
2024-07-10,4371,コアコンセプト・テクノロジー,グロース（内国株式）,情報･通信業,2410,2443,2380,2402,-41,-1.678264,29400,OK
2024-07-10,4372,ユミルリンク,グロース（内国株式）,情報･通信業,1308,1308,1305,1308,-2,-0.152672,1100,OK
2024-07-10,4373,シンプレクス・ホールディングス,プライム（内国株式）,情報･通信業,2772,2775,2655,2691,-90,-3.236246,221300,OK
2024-07-10,4374,ＲＯＢＯＴ　ＰＡＹＭＥＮＴ,グロース（内国株式）,情報･通信業,2451,2487,2361,2395,-44,-1.804018,15800,OK
2024-07-10,4375,セーフィー,グロース（内国株式）,情報･通信業,716,716,697,703,-9,-1.264045,68300,OK
2024-07-10,4376,くふうカンパニー,グロース（内国株式）,情報･通信業,280,283,274,280,3,1.083032,64100,OK
2024-07-10,4377,ワンキャリア,グロース（内国株式）,情報･通信業,3800,3830,3695,3755,-45,-1.184211,30700,OK
2024-07-10,4378,ＣＩＮＣ,グロース（内国株式）,情報･通信業,670,681,662,662,-2,-0.301205,10000,OK
2024-07-10,4379,Ｐｈｏｔｏｓｙｎｔｈ,グロース（内国株式）,情報･通信業,398,398,380,390,-4,-1.015228,48800,OK
2024-07-10,4380,Ｍマート,グロース（内国株式）,情報･通信業,1201,1206,1189,1201,0,0,6600,OK
2024-07-10,4381,ビープラッツ,グロース（内国株式）,情報･通信業,937,948,933,940,2,0.21322,1200,OK
2024-07-10,4382,ＨＥＲＯＺ,スタンダード（内国株式）,情報･通信業,1322,1335,1253,1260,-62,-4.689864,239000,OK
2024-07-10,4384,ラクスル,プライム（内国株式）,情報･通信業,1020,1032,980,985,-41,-3.996101,628000,OK
2024-07-10,4385,メルカリ,プライム（内国株式）,情報･通信業,2425,2446,2376.5,2396.5,-50,-2.043736,8238600,OK
2024-07-10,4386,ＳＩＧグループ,スタンダード（内国株式）,情報･通信業,570,581,570,576,6,1.052632,13100,OK
2024-07-10,4387,ＺＵＵ,グロース（内国株式）,情報･通信業,820,826,820,820,0,0,900,OK
2024-07-10,4388,エーアイ,グロース（内国株式）,情報･通信業,783,791,783,786,4,0.511509,4500,OK
2024-07-10,4389,プロパティデータバンク,グロース（内国株式）,情報･通信業,1256,1280,1243,1254,6,0.480769,30500,OK
2024-07-10,4390,アイ・ピー・エス,プライム（内国株式）,情報･通信業,2350,2380,2304,2350,0,0,31400,OK
2024-07-10,4391,ロジザード,グロース（内国株式）,情報･通信業,1353,1353,1313,1313,-41,-3.028065,8000,OK
2024-07-10,4392,ＦＩＧ,プライム（内国株式）,情報･通信業,338,338,334,336,-2,-0.591716,112200,OK
2024-07-10,4393,バンク・オブ・イノベーション,グロース（内国株式）,情報･通信業,5100,5120,5000,5120,10,0.195695,41100,OK
2024-07-10,4394,エクスモーション,グロース（内国株式）,情報･通信業,831,831,803,826,-5,-0.601685,8600,OK
2024-07-10,4395,アクリート,グロース（内国株式）,情報･通信業,707,707,696,697,-9,-1.274788,5700,OK
2024-07-10,4396,システムサポート,プライム（内国株式）,情報･通信業,2040,2040,1948,1964,-70,-3.441495,28000,OK
2024-07-10,4397,チームスピリット,グロース（内国株式）,情報･通信業,393,393,377,382,-10,-2.55102,37100,OK
2024-07-10,4398,ブロードバンドセキュリティ,スタンダード（内国株式）,情報･通信業,1728,1810,1727,1810,75,4.322767,28700,OK
2024-07-10,4401,ＡＤＥＫＡ,プライム（内国株式）,化学,3250,3251,3202,3241,-19,-0.582822,270500,OK
2024-07-10,4403,日油,プライム（内国株式）,化学,2270,2288,2255.5,2284.5,1.5,0.065703,703600,OK
2024-07-10,4404,ミヨシ油脂,スタンダード（内国株式）,食料品,1508,1518,1497,1515,1,0.06605,36300,OK
2024-07-10,4406,新日本理化,スタンダード（内国株式）,化学,207,216,206,214,8,3.883495,595500,OK
2024-07-10,4409,東邦化学工業,スタンダード（内国株式）,化学,533,539,531,539,8,1.506591,5900,OK
2024-07-10,4410,ハリマ化成グループ,プライム（内国株式）,化学,951,952,944,951,6,0.634921,34500,OK
2024-07-10,4412,サイエンスアーツ,グロース（内国株式）,情報･通信業,568,568,560,565,2,0.35524,4900,OK
2024-07-10,4413,ボードルア,グロース（内国株式）,情報･通信業,3710,3740,3525,3615,-95,-2.560647,34600,OK
2024-07-10,4414,フレクト,グロース（内国株式）,情報･通信業,2292,2292,2225,2286,15,0.660502,19000,OK
2024-07-10,4415,ブロードエンタープライズ,グロース（内国株式）,情報･通信業,769,781,769,781,5,0.64433,1700,OK
2024-07-10,4416,Ｔｒｕｅ　Ｄａｔａ,グロース（内国株式）,情報･通信業,469,470,460,464,-2,-0.429185,2700,OK
2024-07-10,4417,グローバルセキュリティエキスパート,グロース（内国株式）,情報･通信業,5590,5590,5280,5360,-230,-4.11449,58800,OK
2024-07-10,4418,ＪＤＳＣ,グロース（内国株式）,情報･通信業,701,703,687,699,-2,-0.285307,82300,OK
2024-07-10,4419,Ｆｉｎａｔｅｘｔホールディングス,グロース（内国株式）,情報･通信業,996,1003,966,984,-14,-1.402806,110000,OK
2024-07-10,4420,イーソル,スタンダード（内国株式）,情報･通信業,985,996,962,968,-27,-2.713568,59000,OK
2024-07-10,4421,ディ・アイ・システム,スタンダード（内国株式）,情報･通信業,962,965,953,953,-9,-0.935551,2200,OK
2024-07-10,4422,ＶＡＬＵＥＮＥＸ,グロース（内国株式）,情報･通信業,1015,1015,1001,1009,2,0.19861,1200,OK
2024-07-10,4424,Ａｍａｚｉａ,グロース（内国株式）,情報･通信業,488,521,471,521,80,18.14059,1077900,OK
2024-07-10,4425,Ｋｕｄａｎ,グロース（内国株式）,情報･通信業,1959,1974,1930,1953,-12,-0.610687,256900,OK
2024-07-10,4426,パスロジ,TOKYO PRO MARKET（内国株式）,情報･通信業,,,,,,,,NO_QUOTE
2024-07-10,4427,ＥｄｕＬａｂ,グロース（内国株式）,情報･通信業,380,423,359,394,36,10.055866,4295300,OK
2024-07-10,4428,シノプス,グロース（内国株式）,情報･通信業,1213,1213,1199,1204,1,0.083126,4400,OK
2024-07-10,4429,リックソフト,グロース（内国株式）,情報･通信業,2099,2112,2085,2112,27,1.294964,10000,OK
2024-07-10,4430,東海ソフト,スタンダード（内国株式）,情報･通信業,1315,1315,1282,1289,-17,-1.301685,23200,OK
2024-07-10,4431,スマレジ,グロース（内国株式）,情報･通信業,2255,2276,2235,2250,-30,-1.315789,98400,OK
2024-07-10,4432,ウイングアーク１ｓｔ,プライム（内国株式）,情報･通信業,2699,2700,2602,2638,-39,-1.456855,101500,OK
2024-07-10,4433,ヒト・コミュニケーションズ・ホールディングス,プライム（内国株式）,情報･通信業,970,970,960,962,-5,-0.517063,29500,OK
2024-07-10,4434,サーバーワークス,スタンダード（内国株式）,情報･通信業,3355,3355,3210,3260,-50,-1.510574,42100,OK
2024-07-10,4435,カオナビ,グロース（内国株式）,情報･通信業,1602,1636,1580,1607,-14,-0.863664,50300,OK
2024-07-10,4436,ミンカブ・ジ・インフォノイド,グロース（内国株式）,情報･通信業,935,948,927,944,0,0,91000,OK
2024-07-10,4437,ｇｏｏｄｄａｙｓホールディングス,グロース（内国株式）,情報･通信業,729,735,691,691,-25,-3.49162,8100,OK
2024-07-10,4438,Ｗｅｌｂｙ,グロース（内国株式）,情報･通信業,544,544,536,537,-7,-1.286765,1200,OK
2024-07-10,4439,東名,スタンダード（内国株式）,情報･通信業,2513,2513,2401,2401,-97,-3.883106,8600,OK
2024-07-10,4440,ヴィッツ,スタンダード（内国株式）,情報･通信業,787,793,777,781,-8,-1.013942,8000,OK
2024-07-10,4441,トビラシステムズ,スタンダード（内国株式）,情報･通信業,807,807,789,801,-6,-0.743494,45400,OK
2024-07-10,4442,バルテス・ホールディングス,グロース（内国株式）,情報･通信業,565,567,550,552,-16,-2.816901,185800,OK
2024-07-10,4443,Ｓａｎｓａｎ,プライム（内国株式）,情報･通信業,1793,1816,1751,1783,-10,-0.557724,1250800,OK
2024-07-10,4444,インフォネット,グロース（内国株式）,情報･通信業,1190,1194,1169,1178,-12,-1.008403,2100,OK
2024-07-10,4445,リビン・テクノロジーズ,グロース（内国株式）,情報･通信業,,,,,,,,NO_QUOTE
2024-07-10,4446,Ｌｉｎｋ−Ｕグループ,プライム（内国株式）,情報･通信業,583,584,573,575,-10,-1.709402,36200,OK
2024-07-10,4447,ピー・ビーシステムズ,グロース（内国株式）,情報･通信業,602,609,601,608,6,0.996678,4200,OK
2024-07-10,4448,Ｃｈａｔｗｏｒｋ,グロース（内国株式）,情報･通信業,455,455,435,435,-16,-3.547672,90400,OK
2024-07-10,4449,ギフティ,プライム（内国株式）,情報･通信業,1026,1047,1018,1031,-7,-0.674374,162700,OK
2024-07-10,4450,パワーソリューションズ,グロース（内国株式）,情報･通信業,3170,3230,3145,3145,-25,-0.788644,800,OK
2024-07-10,4452,花王,プライム（内国株式）,化学,6673,6754,6653,6748,66,0.987728,1628100,OK
2024-07-10,4461,第一工業製薬,プライム（内国株式）,化学,3875,3880,3690,3745,-80,-2.091503,66800,OK
2024-07-10,4462,石原ケミカル,プライム（内国株式）,化学,2346,2381,2313,2343,-3,-0.127877,23400,OK
2024-07-10,4463,日華化学,スタンダード（内国株式）,化学,1014,1014,993,1003,-11,-1.084813,55500,OK
2024-07-10,4464,ソフト９９コーポレーション,スタンダード（内国株式）,化学,1529,1529,1505,1522,-1,-0.06566,2500,OK
2024-07-10,4465,ニイタカ,スタンダード（内国株式）,化学,1892,1897,1884,1886,-3,-0.158814,6000,OK
2024-07-10,4471,三洋化成工業,プライム（内国株式）,化学,4065,4070,4040,4060,-30,-0.733496,35500,OK
2024-07-10,4475,ＨＥＮＮＧＥ,グロース（内国株式）,情報･通信業,936,946,909,912,-27,-2.875399,328200,OK
2024-07-10,4476,ＡＩ　ＣＲＯＳＳ,グロース（内国株式）,情報･通信業,1036,1076,1036,1068,26,2.495202,11500,OK
2024-07-10,4477,ＢＡＳＥ,グロース（内国株式）,情報･通信業,276,278,270,270,-8,-2.877698,1190300,OK
2024-07-10,4478,フリー,グロース（内国株式）,情報･通信業,2550,2585,2495,2569,34,1.341223,311200,OK
2024-07-10,4479,マクアケ,グロース（内国株式）,情報･通信業,581,581,565,569,-10,-1.727116,27400,OK
2024-07-10,4480,メドレー,プライム（内国株式）,情報･通信業,3850,3855,3690,3745,-85,-2.219321,287700,OK
2024-07-10,4481,ベース,プライム（内国株式）,情報･通信業,2835,2844,2796,2831,-17,-0.59691,60700,OK
2024-07-10,4482,ウィルズ,グロース（内国株式）,情報･通信業,609,610,608,608,1,0.164745,4200,OK
2024-07-10,4483,ＪＭＤＣ,プライム（内国株式）,情報･通信業,3443,3460,3381,3388,-55,-1.597444,324800,OK
2024-07-10,4484,ランサーズ,グロース（内国株式）,情報･通信業,250,254,249,252,1,0.398406,8800,OK
2024-07-10,4485,ＪＴＯＷＥＲ,グロース（内国株式）,情報･通信業,1610,1616,1578,1583,-28,-1.738051,149100,OK
2024-07-10,4486,ユナイトアンドグロウ,グロース（内国株式）,情報･通信業,1182,1190,1162,1183,-1,-0.084459,12400,OK
2024-07-10,4487,スペースマーケット,グロース（内国株式）,情報･通信業,310,312,307,309,0,0,5200,OK
2024-07-10,4488,ＡＩ　ｉｎｓｉｄｅ,グロース（内国株式）,情報･通信業,4870,4885,4690,4750,-65,-1.349948,32000,OK
2024-07-10,4490,ビザスク,グロース（内国株式）,情報･通信業,970,985,955,972,-5,-0.511771,29500,OK
2024-07-10,4491,コンピューターマネージメント,スタンダード（内国株式）,情報･通信業,1684,1708,1684,1708,24,1.425178,300,OK
2024-07-10,4492,ゼネテック,スタンダード（内国株式）,情報･通信業,727,733,718,727,7,0.972222,25600,OK
2024-07-10,4493,サイバーセキュリティクラウド,グロース（内国株式）,情報･通信業,2245,2250,2186,2220,-16,-0.715564,84800,OK
2024-07-10,4494,バリオセキュア,スタンダード（内国株式）,情報･通信業,707,710,680,708,8,1.142857,15700,OK
2024-07-10,4495,アイキューブドシステムズ,グロース（内国株式）,情報･通信業,1500,1500,1479,1480,-10,-0.671141,2900,OK
2024-07-10,4496,コマースＯｎｅホールディングス,グロース（内国株式）,情報･通信業,810,821,810,810,-5,-0.613497,10400,OK
2024-07-10,4498,サイバートラスト,グロース（内国株式）,情報･通信業,2012,2015,1912,1933,-63,-3.156313,31000,OK
2024-07-10,4499,Ｓｐｅｅｅ,スタンダード（内国株式）,情報･通信業,1455,1455,1424,1439,-11,-0.758621,7400,OK
2024-07-10,4502,武田薬品工業,プライム（内国株式）,医薬品,4250,4264,4228,4250,13,0.306821,4530000,OK
2024-07-10,4503,アステラス製薬,プライム（内国株式）,医薬品,1625,1632,1612,1630,0.5,0.030684,6399000,OK
2024-07-10,4506,住友ファーマ,プライム（内国株式）,医薬品,402,413,400,405,4,0.997506,3221800,OK
2024-07-10,4507,塩野義製薬,プライム（内国株式）,医薬品,6401,6489,6363,6462,86,1.348808,1426900,OK
2024-07-10,4512,わかもと製薬,スタンダード（内国株式）,医薬品,244,244,240,240,-5,-2.040816,53500,OK
2024-07-10,4516,日本新薬,プライム（内国株式）,医薬品,3434,3456,3415,3452,12,0.348837,237100,OK
2024-07-10,4519,中外製薬,プライム（内国株式）,医薬品,6286,6425,6257,6395,108,1.71783,2698600,OK
2024-07-10,4521,科研製薬,プライム（内国株式）,医薬品,3967,3987,3940,3960,1,0.025259,125600,OK
2024-07-10,4523,エーザイ,プライム（内国株式）,医薬品,6610,6634,6556,6634,21,0.317556,845500,OK
2024-07-10,4524,森下仁丹,スタンダード（内国株式）,医薬品,2145,2155,2140,2141,-2,-0.093327,2900,OK
2024-07-10,4526,理研ビタミン,プライム（内国株式）,食料品,2715,2729,2682,2704,-8,-0.294985,34000,OK
2024-07-10,4527,ロート製薬,プライム（内国株式）,医薬品,3357,3395,3355,3369,35,1.04979,657800,OK
2024-07-10,4528,小野薬品工業,プライム（内国株式）,医薬品,2188,2188,2156.5,2171,-17,-0.776965,2135700,OK
2024-07-10,4530,久光製薬,プライム（内国株式）,医薬品,3807,3834,3784,3830,39,1.028752,238100,OK
2024-07-10,4531,有機合成薬品工業,スタンダード（内国株式）,化学,303,303,300,300,-2,-0.662252,51800,OK
2024-07-10,4534,持田製薬,プライム（内国株式）,医薬品,3330,3330,3280,3300,-50,-1.492537,52200,OK
2024-07-10,4536,参天製薬,プライム（内国株式）,医薬品,1700,1741,1700,1735,39,2.299528,1670600,OK
2024-07-10,4538,扶桑薬品工業,プライム（内国株式）,医薬品,2362,2380,2347,2351,-18,-0.759814,15200,OK
2024-07-10,4539,日本ケミファ,スタンダード（内国株式）,医薬品,1595,1607,1582,1582,-19,-1.186758,2000,OK
2024-07-10,4540,ツムラ,プライム（内国株式）,医薬品,4218,4223,4153,4208,32,0.766284,304500,OK
2024-07-10,4543,テルモ,プライム（内国株式）,精密機器,2784.5,2837,2770,2820.5,16,0.570512,3627100,OK
2024-07-10,4544,Ｈ．Ｕ．グループホールディングス,プライム（内国株式）,サービス業,2418,2418,2365.5,2391,-27.5,-1.137068,295100,OK
2024-07-10,4547,キッセイ薬品工業,プライム（内国株式）,医薬品,3230,3230,3200,3220,-10,-0.309598,43700,OK
2024-07-10,4548,生化学工業,プライム（内国株式）,医薬品,880,880,874,878,-6,-0.678733,78300,OK
2024-07-10,4549,栄研化学,プライム（内国株式）,医薬品,2275,2300,2267,2300,19,0.832968,74700,OK
2024-07-10,4551,鳥居薬品,プライム（内国株式）,医薬品,3725,3770,3705,3735,10,0.268456,29300,OK
2024-07-10,4552,ＪＣＲファーマ,プライム（内国株式）,医薬品,618,619,604,606,-12,-1.941748,535600,OK
2024-07-10,4553,東和薬品,プライム（内国株式）,医薬品,2992,3050,2972,2998,6,0.200535,88300,OK
2024-07-10,4554,富士製薬工業,プライム（内国株式）,医薬品,1500,1505,1489,1498,-6,-0.398936,51400,OK
2024-07-10,4556,カイノス,スタンダード（内国株式）,医薬品,1189,1191,1186,1190,-7,-0.584795,2700,OK
2024-07-10,4558,中京医薬品,スタンダード（内国株式）,医薬品,206,207,206,207,1,0.485437,13100,OK
2024-07-10,4559,ゼリア新薬工業,プライム（内国株式）,医薬品,2100,2100,2069,2089,7,0.336215,45400,OK
2024-07-10,4563,アンジェス,グロース（内国株式）,医薬品,44,44,43,44,1,2.325581,383500,OK
2024-07-10,4564,オンコセラピー・サイエンス,グロース（内国株式）,医薬品,33,34,31,32,-2,-5.882353,23721300,OK
2024-07-10,4565,ネクセラファーマ,プライム（内国株式）,医薬品,1692,1700,1653,1667,-13,-0.77381,739300,OK
2024-07-10,4568,第一三共,プライム（内国株式）,医薬品,5879,5959,5849,5877,0,0,4781800,OK
2024-07-10,4569,杏林製薬,プライム（内国株式）,医薬品,1700,1702,1688,1700,0,0,79500,OK
2024-07-10,4570,免疫生物研究所,グロース（内国株式）,医薬品,518,518,509,510,-6,-1.162791,36800,OK
2024-07-10,4571,ＮＡＮＯ　ＭＲＮＡ,グロース（内国株式）,医薬品,188,189,184,187,4,2.185792,369200,OK
2024-07-10,4572,カルナバイオサイエンス,グロース（内国株式）,医薬品,380,385,379,381,0,0,50900,OK
2024-07-10,4574,大幸薬品,プライム（内国株式）,医薬品,445,448,438,443,-4,-0.894855,247500,OK
2024-07-10,4575,キャンバス,グロース（内国株式）,医薬品,547,567,541,560,5,0.900901,231900,OK
2024-07-10,4576,デ・ウエスタン・セラピテクス研究所,グロース（内国株式）,医薬品,90,91,90,90,1,1.123596,144600,OK
2024-07-10,4577,ダイト,プライム（内国株式）,医薬品,2320,2320,2282,2306,-4,-0.17316,81100,OK
2024-07-10,4578,大塚ホールディングス,プライム（内国株式）,医薬品,6999,7088,6990,7052,13,0.184685,1604400,OK
2024-07-10,4579,ラクオリア創薬,グロース（内国株式）,医薬品,600,601,590,593,-7,-1.166667,40900,OK
2024-07-10,4582,シンバイオ製薬,グロース（内国株式）,医薬品,176,176,169,169,-7,-3.977273,514900,OK
2024-07-10,4583,カイオム・バイオサイエンス,グロース（内国株式）,医薬品,119,119,114,115,-5,-4.166667,808300,OK
2024-07-10,4584,キッズウェル・バイオ,グロース（内国株式）,医薬品,135,136,134,134,-1,-0.740741,96400,OK
2024-07-10,4586,メドレックス,グロース（内国株式）,医薬品,155,162,152,155,5,3.333333,3091500,OK
2024-07-10,4587,ペプチドリーム,プライム（内国株式）,医薬品,2600,2743.5,2600,2743.5,156,6.028986,1595900,OK
2024-07-10,4588,オンコリスバイオファーマ,グロース（内国株式）,医薬品,577,599,568,599,20,3.454231,279800,OK
2024-07-10,4591,リボミック,グロース（内国株式）,医薬品,93,94,90,91,-2,-2.150538,488600,OK
2024-07-10,4592,サンバイオ,グロース（内国株式）,医薬品,1029,1099,1022,1088,74,7.29783,3291000,OK
2024-07-10,4593,ヘリオス,グロース（内国株式）,医薬品,171,173,166,173,2,1.169591,971200,OK
2024-07-10,4594,ブライトパス・バイオ,グロース（内国株式）,医薬品,66,66,63,64,-3,-4.477612,2927900,OK
2024-07-10,4595,ミズホメディー,スタンダード（内国株式）,医薬品,1680,1695,1667,1674,-6,-0.357143,55300,OK
2024-07-10,4596,窪田製薬ホールディングス,グロース（内国株式）,医薬品,75,75,73,73,-2,-2.666667,94800,OK
2024-07-10,4597,ソレイジア・ファーマ,グロース（内国株式）,医薬品,31,32,29,30,-1,-3.225806,9294500,OK
2024-07-10,4598,Ｄｅｌｔａ−Ｆｌｙ　Ｐｈａｒｍａ,グロース（内国株式）,医薬品,602,628,601,627,20,3.294893,101400,OK
2024-07-10,4599,ステムリム,グロース（内国株式）,医薬品,444,445,423,426,-34,-7.391304,549400,OK
2024-07-10,4611,大日本塗料,プライム（内国株式）,化学,1305,1305,1280,1288,-14,-1.075269,90200,OK
2024-07-10,4612,日本ペイントホールディングス,プライム（内国株式）,化学,997.1,1023.5,988.1,1018.5,22.3,2.238506,4108900,OK
2024-07-10,4613,関西ペイント,プライム（内国株式）,化学,2529,2549,2526,2541,12,0.474496,906600,OK
2024-07-10,4615,神東塗料,スタンダード（内国株式）,化学,133,135,133,134,1,0.75188,37300,OK
2024-07-10,4616,川上塗料,スタンダード（内国株式）,化学,1674,1697,1674,1697,-3,-0.176471,500,OK
2024-07-10,4617,中国塗料,プライム（内国株式）,化学,2164,2172,2096,2119,-36,-1.670534,159900,OK
2024-07-10,4619,日本特殊塗料,スタンダード（内国株式）,化学,1207,1207,1199,1206,-1,-0.08285,76400,OK
2024-07-10,4620,藤倉化成,スタンダード（内国株式）,化学,545,545,531,534,-11,-2.018349,117600,OK
2024-07-10,4623,アサヒペン,スタンダード（内国株式）,化学,1816,1816,1816,1816,1,0.055096,200,OK
2024-07-10,4624,イサム塗料,スタンダード（内国株式）,化学,,,,,,,,NO_QUOTE
2024-07-10,4625,アトミクス,スタンダード（内国株式）,化学,746,789,746,775,33,4.447439,18900,OK
2024-07-10,4626,太陽ホールディングス,プライム（内国株式）,化学,3335,3375,3320,3360,10,0.298507,81800,OK
2024-07-10,4627,ナトコ,スタンダード（内国株式）,化学,1453,1460,1453,1460,8,0.550964,400,OK
2024-07-10,4628,エスケー化研,スタンダード（内国株式）,化学,9510,9510,9150,9250,-260,-2.733964,900,OK
2024-07-10,4629,大伸化学,スタンダード（内国株式）,化学,1500,1500,1460,1499,-1,-0.066667,4000,OK
2024-07-10,4631,ＤＩＣ,プライム（内国株式）,化学,3023,3034,3005,3017,-6,-0.198478,294100,OK
2024-07-10,4633,サカタインクス,プライム（内国株式）,化学,1780,1780,1750,1767,5,0.283768,137500,OK
2024-07-10,4634,ａｒｔｉｅｎｃｅ,プライム（内国株式）,化学,3265,3340,3255,3325,25,0.757576,165000,OK
2024-07-10,4635,東京インキ,スタンダード（内国株式）,化学,3350,3355,3340,3340,-5,-0.149477,400,OK
2024-07-10,4641,アルプス技研,プライム（内国株式）,サービス業,2586,2586,2554,2581,-5,-0.193349,45200,OK
2024-07-10,4642,オリジナル設計,スタンダード（内国株式）,サービス業,1325,1325,1301,1301,-14,-1.064639,800,OK
2024-07-10,4644,イマジニア,スタンダード（内国株式）,情報･通信業,997,999,997,997,-2,-0.2002,4800,OK
2024-07-10,4645,市進ホールディングス,スタンダード（内国株式）,サービス業,496,498,496,498,0,0,500,OK
2024-07-10,4650,ＳＤエンターテイメント,スタンダード（内国株式）,サービス業,281,282,281,282,0,0,2800,OK
2024-07-10,4651,サニックス,スタンダード（内国株式）,サービス業,304,307,302,305,2,0.660066,178500,OK
2024-07-10,4657,環境管理センター,スタンダード（内国株式）,サービス業,537,540,528,534,-3,-0.558659,7800,OK
2024-07-10,4658,日本空調サービス,プライム（内国株式）,サービス業,1053,1061,1027,1043,-7,-0.666667,72000,OK
2024-07-10,4659,エイジス,スタンダード（内国株式）,サービス業,2500,2520,2499,2500,-20,-0.793651,3800,OK
2024-07-10,4661,オリエンタルランド,プライム（内国株式）,サービス業,4583,4600,4430,4524,46,1.027244,9216100,OK
2024-07-10,4662,フォーカスシステムズ,プライム（内国株式）,情報･通信業,1241,1242,1223,1223,-15,-1.211632,23700,OK
2024-07-10,4664,アール・エス・シー,スタンダード（内国株式）,サービス業,551,561,538,538,-10,-1.824818,21100,OK
2024-07-10,4665,ダスキン,プライム（内国株式）,サービス業,3718,3732,3707,3732,15,0.403551,66400,OK
2024-07-10,4666,パーク２４,プライム（内国株式）,不動産業,1607,1614,1595.5,1605,-2,-0.124456,594100,OK
2024-07-10,4667,アイサンテクノロジー,スタンダード（内国株式）,情報･通信業,1405,1405,1354,1376,-29,-2.064057,12300,OK
2024-07-10,4668,明光ネットワークジャパン,プライム（内国株式）,サービス業,760,764,755,760,1,0.131752,81400,OK
2024-07-10,4671,ファルコホールディングス,スタンダード（内国株式）,サービス業,2352,2353,2332,2353,1,0.042517,15700,OK
2024-07-10,4673,川崎地質,スタンダード（内国株式）,サービス業,2922,2953,2917,2922,0,0,2300,OK
2024-07-10,4674,クレスコ,プライム（内国株式）,情報･通信業,1393,1400,1348,1354,-27,-1.955105,66300,OK
2024-07-10,4676,フジ・メディア・ホールディングス,プライム（内国株式）,情報･通信業,1840,1868.5,1837,1865.5,22,1.193382,431900,OK
2024-07-10,4678,秀英予備校,スタンダード（内国株式）,サービス業,301,302,300,301,0,0,7200,OK
2024-07-10,4679,田谷,スタンダード（内国株式）,サービス業,387,387,385,385,0,0,4100,OK
2024-07-10,4680,ラウンドワン,プライム（内国株式）,サービス業,815,835,808,832,23,2.843016,2276100,OK
2024-07-10,4681,リゾートトラスト,プライム（内国株式）,サービス業,2368.5,2387.5,2350,2374.5,22,0.935175,423900,OK
2024-07-10,4684,オービック,プライム（内国株式）,情報･通信業,21445,21535,21255,21390,-70,-0.326188,179000,OK
2024-07-10,4685,菱友システムズ,スタンダード（内国株式）,情報･通信業,4575,4580,4315,4350,-170,-3.761062,11900,OK
2024-07-10,4686,ジャストシステム,プライム（内国株式）,情報･通信業,3085,3110,3050,3110,15,0.484653,72500,OK
2024-07-10,4687,ＴＤＣソフト,プライム（内国株式）,情報･通信業,1252,1260,1220,1236,-16,-1.277955,71900,OK
2024-07-10,4689,ＬＩＮＥヤフー,プライム（内国株式）,情報･通信業,399.7,406.8,399,404.5,3.1,0.772297,11089100,OK
2024-07-10,4690,日本パレットプール,スタンダード（内国株式）,サービス業,2496,2600,2349,2352,56,2.439024,52300,OK
2024-07-10,4691,ワシントンホテル,スタンダード（内国株式）,サービス業,780,786,777,780,0,0,10900,OK
2024-07-10,4694,ビー・エム・エル,プライム（内国株式）,サービス業,2969,2970,2933,2945,-26,-0.875126,41600,OK
2024-07-10,4704,トレンドマイクロ,プライム（内国株式）,情報･通信業,6849,6908,6813,6860,-29,-0.420961,548600,OK
2024-07-10,4705,クリップコーポレーション,スタンダード（内国株式）,サービス業,889,889,876,886,3,0.339751,2800,OK
2024-07-10,4707,キタック,スタンダード（内国株式）,サービス業,413,415,408,410,-3,-0.726392,11400,OK
2024-07-10,4709,ＩＤホールディングス,プライム（内国株式）,情報･通信業,1443,1443,1423,1433,-10,-0.693001,24900,OK
2024-07-10,4712,ＫｅｙＨｏｌｄｅｒ,スタンダード（内国株式）,サービス業,816,818,806,806,-11,-1.346389,57300,OK
2024-07-10,4714,リソー教育,プライム（内国株式）,サービス業,248,250,246,246,-1,-0.404858,401600,OK
2024-07-10,4716,日本オラクル,スタンダード（内国株式）,情報･通信業,11560,11635,11495,11635,-25,-0.214408,137600,OK
2024-07-10,4718,早稲田アカデミー,プライム（内国株式）,サービス業,1628,1638,1622,1635,3,0.183824,17300,OK
2024-07-10,4719,アルファシステムズ,プライム（内国株式）,情報･通信業,3160,3160,3060,3085,-100,-3.139717,11100,OK
2024-07-10,4720,城南進学研究社,スタンダード（内国株式）,サービス業,316,318,316,317,1,0.316456,2000,OK
2024-07-10,4722,フューチャー,プライム（内国株式）,情報･通信業,1550,1555,1526,1542,-13,-0.836013,127500,OK
2024-07-10,4725,ＣＡＣ　Ｈｏｌｄｉｎｇｓ,プライム（内国株式）,情報･通信業,1933,1956,1927,1942,14,0.726141,65200,OK
2024-07-10,4726,ＳＢテクノロジー,プライム（内国株式）,情報･通信業,2940,2941,2940,2940,0,0,24000,OK
2024-07-10,4728,トーセ,スタンダード（内国株式）,情報･通信業,686,688,684,684,1,0.146413,7800,OK
2024-07-10,4732,ユー・エス・エス,プライム（内国株式）,サービス業,1346,1351.5,1340,1351.5,1,0.074047,1197500,OK
2024-07-10,4733,オービックビジネスコンサルタント,プライム（内国株式）,情報･通信業,7113,7181,7038,7086,-75,-1.04734,128900,OK
2024-07-10,4735,京進,スタンダード（内国株式）,サービス業,514,515,505,515,80,18.390805,204900,OK
2024-07-10,4736,日本ラッド,スタンダード（内国株式）,情報･通信業,771,773,762,762,-9,-1.167315,17700,OK
2024-07-10,4743,アイティフォー,プライム（内国株式）,情報･通信業,1531,1548,1499,1502,-37,-2.404159,65700,OK
2024-07-10,4745,東京個別指導学院,スタンダード（内国株式）,サービス業,408,410,398,398,-10,-2.45098,150400,OK
2024-07-10,4746,東計電算,スタンダード（内国株式）,情報･通信業,4345,4390,4255,4315,-45,-1.03211,11900,OK
2024-07-10,4750,ダイサン,スタンダード（内国株式）,サービス業,587,590,587,588,2,0.341297,8800,OK
2024-07-10,4751,サイバーエージェント,プライム（内国株式）,サービス業,975,975,949.3,959.2,-22.1,-2.252115,5246400,OK
2024-07-10,4752,昭和システムエンジニアリング,スタンダード（内国株式）,情報･通信業,1398,1398,1369,1385,17,1.24269,1400,OK
2024-07-10,4754,トスネット,スタンダード（内国株式）,サービス業,,,,,,,,NO_QUOTE
2024-07-10,4755,楽天グループ,プライム（内国株式）,サービス業,890,914,880.5,913.1,19.3,2.15932,27747800,OK
2024-07-10,4760,アルファ,スタンダード（内国株式）,サービス業,1982,1989,1841,1886,-96,-4.843592,61800,OK
2024-07-10,4761,さくらケーシーエス,スタンダード（内国株式）,情報･通信業,1505,1525,1491,1524,19,1.262458,27600,OK
2024-07-10,4762,エックスネット,スタンダード（内国株式）,情報･通信業,1475,1487,1436,1449,-20,-1.36147,14700,OK
2024-07-10,4763,クリーク・アンド・リバー社,プライム（内国株式）,サービス業,1631,1675,1553,1568,-223,-12.451145,662800,OK
2024-07-10,4765,ＳＢＩグローバルアセットマネジメント,プライム（内国株式）,サービス業,658,663,655,659,2,0.304414,96400,OK
2024-07-10,4766,ピーエイ,スタンダード（内国株式）,サービス業,333,334,330,334,1,0.3003,12300,OK
2024-07-10,4767,テー・オー・ダブリュー,スタンダード（内国株式）,サービス業,358,358,353,354,-4,-1.117318,54300,OK
2024-07-10,4768,大塚商会,プライム（内国株式）,情報･通信業,3243,3248,3219,3248,-18,-0.551133,773000,OK
2024-07-10,4769,ＩＣ,スタンダード（内国株式）,情報･通信業,931,937,931,933,-13,-1.374207,3700,OK
2024-07-10,4770,図研エルミック,スタンダード（内国株式）,情報･通信業,428,429,428,429,1,0.233645,3400,OK
2024-07-10,4771,エフアンドエム,スタンダード（内国株式）,サービス業,1676,1698,1669,1672,-4,-0.238663,10100,OK
2024-07-10,4772,ストリームメディアコーポレーション,グロース（内国株式）,情報･通信業,144,145,142,143,-1,-0.694444,97200,OK
2024-07-10,4776,サイボウズ,プライム（内国株式）,情報･通信業,1900,1908,1839,1855,-45,-2.368421,334700,OK
2024-07-10,4777,ガーラ,スタンダード（内国株式）,情報･通信業,263,268,256,256,-6,-2.290076,89900,OK
2024-07-10,4781,日本ハウズイング,スタンダード（内国株式）,サービス業,1541,1541,1540,1540,0,0,400,OK
2024-07-10,4783,ＮＣＤ,スタンダード（内国株式）,情報･通信業,1920,1951,1876,1893,-19,-0.993724,46500,OK
2024-07-10,4784,ＧＭＯアドパートナーズ,スタンダード（内国株式）,サービス業,595,595,562,575,-5,-0.862069,85300,OK
2024-07-10,4792,山田コンサルティンググループ,プライム（内国株式）,サービス業,2150,2212,2150,2191,28,1.294498,28800,OK
2024-07-10,4800,オリコン,スタンダード（内国株式）,情報･通信業,872,878,870,877,0,0,4300,OK
2024-07-10,4801,セントラルスポーツ,プライム（内国株式）,サービス業,2502,2505,2487,2488,-21,-0.836987,22600,OK
2024-07-10,4809,パラカ,プライム（内国株式）,不動産業,2045,2057,2042,2044,-1,-0.0489,7500,OK
2024-07-10,4811,ドリーム・アーツ,グロース（内国株式）,情報･通信業,2497,2557,2491,2501,4,0.160192,4400,OK
2024-07-10,4812,電通総研,プライム（内国株式）,情報･通信業,5000,5020,4935,5020,20,0.4,72500,OK
2024-07-10,4813,ＡＣＣＥＳＳ,プライム（内国株式）,情報･通信業,1278,1301,1266,1276,-23,-1.770593,354500,OK
2024-07-10,4814,ネクストウェア,スタンダード（内国株式）,情報･通信業,169,172,169,170,1,0.591716,28200,OK
2024-07-10,4816,東映アニメーション,スタンダード（内国株式）,情報･通信業,2485,2530,2394,2441,-49,-1.967871,462600,OK
2024-07-10,4819,デジタルガレージ,プライム（内国株式）,情報･通信業,2579,2579,2515,2556,-23,-0.891819,226300,OK
2024-07-10,4820,イーエムシステムズ,プライム（内国株式）,情報･通信業,596,596,583,587,-6,-1.011804,131300,OK
2024-07-10,4824,メディアシーク,グロース（内国株式）,情報･通信業,333,336,332,333,0,0,4900,OK
2024-07-10,4825,ウェザーニューズ,プライム（内国株式）,情報･通信業,5360,5580,5260,5430,70,1.30597,281400,OK
2024-07-10,4826,ＣＩＪ,プライム（内国株式）,情報･通信業,480,483,476,481,1,0.208333,134200,OK
2024-07-10,4828,ビジネスエンジニアリング,プライム（内国株式）,情報･通信業,4095,4100,3985,4045,-30,-0.736196,11700,OK
2024-07-10,4829,日本エンタープライズ,スタンダード（内国株式）,情報･通信業,136,137,134,134,-4,-2.898551,257800,OK
2024-07-10,4832,ＪＦＥシステムズ,スタンダード（内国株式）,情報･通信業,3475,3475,3455,3465,-40,-1.141227,1400,OK
2024-07-10,4833,Ｓｕｃｃｅｓｓ　Ｈｏｌｄｅｒｓ,グロース（内国株式）,サービス業,80,82,80,82,1,1.234568,26500,OK
2024-07-10,4838,スペースシャワーＳＫＩＹＡＫＩホールディングス,スタンダード（内国株式）,情報･通信業,433,434,431,431,-2,-0.461894,5600,OK
2024-07-10,4839,ＷＯＷＯＷ,プライム（内国株式）,情報･通信業,1101,1106,1098,1100,-4,-0.362319,23600,OK
2024-07-10,4840,トライアイズ,グロース（内国株式）,サービス業,311,312,311,312,1,0.321543,1100,OK
2024-07-10,4845,スカラ,プライム（内国株式）,情報･通信業,676,676,664,667,-9,-1.331361,121700,OK
2024-07-10,4847,インテリジェント　ウェイブ,プライム（内国株式）,情報･通信業,1107,1113,1099,1113,13,1.181818,47000,OK
2024-07-10,4848,フルキャストホールディングス,プライム（内国株式）,サービス業,1522,1522,1476,1496,-16,-1.058201,153000,OK
2024-07-10,4849,エン・ジャパン,プライム（内国株式）,サービス業,2585,2606,2544,2587,52,2.051282,163700,OK
2024-07-10,4880,セルソース,プライム（内国株式）,医薬品,1439,1451,1389,1404,-35,-2.432245,126000,OK
2024-07-10,4881,ファンペップ,グロース（内国株式）,医薬品,160,161,158,160,-1,-0.621118,228600,OK
2024-07-10,4882,ペルセウスプロテオミクス,グロース（内国株式）,医薬品,484,522,475,490,6,1.239669,5238000,OK
2024-07-10,4883,モダリス,グロース（内国株式）,医薬品,70,70,68,70,0,0,408200,OK
2024-07-10,4884,クリングルファーマ,グロース（内国株式）,医薬品,1044,1055,1016,1036,-19,-1.800948,264800,OK
2024-07-10,4885,室町ケミカル,スタンダード（内国株式）,医薬品,775,775,740,740,-25,-3.267974,11700,OK
2024-07-10,4886,あすか製薬ホールディングス,プライム（内国株式）,医薬品,2405,2413,2374,2400,-11,-0.456242,63900,OK
2024-07-10,4887,サワイグループホールディングス,プライム（内国株式）,医薬品,6610,6731,6596,6709,99,1.497731,216000,OK
2024-07-10,4888,ステラファーマ,グロース（内国株式）,医薬品,415,424,400,424,9,2.168675,450900,OK
2024-07-10,4889,レナサイエンス,グロース（内国株式）,医薬品,349,349,342,346,-3,-0.859599,21200,OK
2024-07-10,4890,坪田ラボ,グロース（内国株式）,医薬品,474,474,474,474,80,20.304569,64300,OK
2024-07-10,4891,ティムス,グロース（内国株式）,医薬品,237,239,230,238,0,0,411000,OK
2024-07-10,4892,サイフューズ,グロース（内国株式）,医薬品,723,883,711,789,56,7.639836,4134400,OK
2024-07-10,4893,ノイルイミューン・バイオテック,グロース（内国株式）,医薬品,209,222,207,218,7,3.317536,1298400,OK
2024-07-10,4894,クオリプス,グロース（内国株式）,医薬品,7210,7500,7180,7430,170,2.341598,283600,OK
2024-07-10,4896,ケイファーマ,グロース（内国株式）,医薬品,743,803,742,802,57,7.651007,56700,OK
2024-07-10,4901,富士フイルムホールディングス,プライム（内国株式）,化学,3923,3987,3900,3982,51,1.29738,3751400,OK
2024-07-10,4902,コニカミノルタ,プライム（内国株式）,電気機器,460,464.6,456.8,463.2,-1.1,-0.236916,2271100,OK
2024-07-10,4911,資生堂,プライム（内国株式）,化学,4611,4633,4502,4550,-114,-2.444254,2848900,OK
2024-07-10,4912,ライオン,プライム（内国株式）,化学,1278.5,1288,1273.5,1288,11.5,0.900901,655500,OK
2024-07-10,4914,高砂香料工業,プライム（内国株式）,化学,3795,3825,3705,3745,-40,-1.056803,29500,OK
2024-07-10,4917,マンダム,プライム（内国株式）,化学,1212,1225,1210,1222,13,1.075269,178100,OK
2024-07-10,4918,アイビー化粧品,スタンダード（内国株式）,化学,369,369,366,366,-1,-0.27248,2200,OK
2024-07-10,4919,ミルボン,プライム（内国株式）,化学,3300,3350,3293,3337,12,0.360902,80700,OK
2024-07-10,4920,日本色材工業研究所,スタンダード（内国株式）,化学,1560,1590,1560,1585,13,0.826972,3600,OK
2024-07-10,4921,ファンケル,プライム（内国株式）,化学,2705.5,2729,2701.5,2728.5,16.5,0.608407,1075400,OK
2024-07-10,4922,コーセー,プライム（内国株式）,化学,10165,10305,10150,10265,-10,-0.097324,238900,OK
2024-07-10,4923,コタ,プライム（内国株式）,化学,1622,1622,1607,1610,-19,-1.16636,29800,OK
2024-07-10,4925,ハーバー研究所,スタンダード（内国株式）,化学,1999,1999,1997,1997,-2,-0.10005,1100,OK
2024-07-10,4926,シーボン,スタンダード（内国株式）,化学,1397,1397,1394,1394,-3,-0.214746,5100,OK
2024-07-10,4927,ポーラ・オルビスホールディングス,プライム（内国株式）,化学,1340,1348,1336,1345.5,0,0,420100,OK
2024-07-10,4928,ノエビアホールディングス,プライム（内国株式）,化学,5790,5800,5760,5790,10,0.17301,57300,OK
2024-07-10,4929,アジュバンホールディングス,スタンダード（内国株式）,化学,878,880,875,875,-3,-0.341686,5600,OK
2024-07-10,4930,グラフィコ,スタンダード（内国株式）,化学,3785,3785,3785,3785,0,0,500,OK
2024-07-10,4931,新日本製薬,プライム（内国株式）,化学,1749,1749,1731,1735,-7,-0.401837,14800,OK
2024-07-10,4932,アルマード,スタンダード（内国株式）,化学,1334,1334,1311,1311,-20,-1.50263,15400,OK
2024-07-10,4933,Ｉ−ｎｅ,プライム（内国株式）,化学,1698,1698,1636,1652,-25,-1.490757,35600,OK
2024-07-10,4934,プレミアアンチエイジング,グロース（内国株式）,化学,908,909,893,905,9,1.004464,14600,OK
2024-07-10,4935,リベルタ,スタンダード（内国株式）,化学,730,730,678,730,100,15.873016,1530300,OK
2024-07-10,4936,アクシージア,プライム（内国株式）,化学,1080,1090,1057,1071,-15,-1.381215,125900,OK
2024-07-10,4937,Ｗａｑｏｏ,グロース（内国株式）,化学,1752,1795,1752,1762,-10,-0.564334,2500,OK
2024-07-10,4951,エステー,プライム（内国株式）,化学,1560,1573,1560,1568,-4,-0.254453,17200,OK
2024-07-10,4955,アグロ　カネショウ,スタンダード（内国株式）,化学,1181,1181,1163,1169,-12,-1.016088,10800,OK
2024-07-10,4956,コニシ,プライム（内国株式）,化学,1258,1264,1235,1249,-12,-0.951626,76400,OK
2024-07-10,4957,ヤスハラケミカル,スタンダード（内国株式）,化学,765,765,760,765,0,0,1200,OK
2024-07-10,4958,長谷川香料,プライム（内国株式）,化学,3260,3295,3250,3285,-10,-0.30349,44200,OK
2024-07-10,4960,ケミプロ化成,スタンダード（内国株式）,化学,382,389,382,386,3,0.78329,6100,OK
2024-07-10,4966,上村工業,スタンダード（内国株式）,化学,11140,11390,11010,11320,320,2.909091,17700,OK
2024-07-10,4967,小林製薬,プライム（内国株式）,化学,5480,5483,5415,5464,-11,-0.200913,348600,OK
2024-07-10,4968,荒川化学工業,プライム（内国株式）,化学,1202,1210,1187,1201,-6,-0.4971,36000,OK
2024-07-10,4970,東洋合成工業,スタンダード（内国株式）,化学,10400,10440,10220,10440,40,0.384615,26000,OK
2024-07-10,4971,メック,プライム（内国株式）,化学,4470,4485,4395,4440,-70,-1.552106,52900,OK
2024-07-10,4972,綜研化学,スタンダード（内国株式）,化学,2689,2709,2689,2699,-4,-0.147984,15700,OK
2024-07-10,4973,日本高純度化学,プライム（内国株式）,化学,3435,3450,3360,3380,-55,-1.601164,12600,OK
2024-07-10,4974,タカラバイオ,プライム（内国株式）,化学,1133,1143,1127,1143,10,0.882613,147100,OK
2024-07-10,4975,ＪＣＵ,プライム（内国株式）,化学,3980,4070,3970,4005,55,1.392405,41600,OK
2024-07-10,4976,東洋ドライルーブ,スタンダード（内国株式）,化学,3395,3455,3395,3455,-10,-0.2886,600,OK
2024-07-10,4977,新田ゼラチン,スタンダード（内国株式）,化学,760,760,747,755,-2,-0.264201,47800,OK
2024-07-10,4978,リプロセル,グロース（内国株式）,化学,137,138,135,138,1,0.729927,347200,OK
2024-07-10,4979,ＯＡＴアグリオ,スタンダード（内国株式）,化学,1758,1766,1738,1754,-4,-0.227531,28800,OK
2024-07-10,4980,デクセリアルズ,プライム（内国株式）,化学,8296,8306,8104,8181,77,0.950148,522000,OK
2024-07-10,4985,アース製薬,プライム（内国株式）,化学,4845,4910,4830,4895,5,0.102249,90800,OK
2024-07-10,4990,昭和化学工業,スタンダード（内国株式）,化学,463,464,462,462,0,0,2000,OK
2024-07-10,4992,北興化学工業,スタンダード（内国株式）,化学,1508,1530,1460,1476,-32,-2.122016,235200,OK
2024-07-10,4994,大成ラミック,スタンダード（内国株式）,化学,2815,2828,2812,2812,-2,-0.071073,5800,OK
2024-07-10,4996,クミアイ化学工業,プライム（内国株式）,化学,793,794,786,790,-8,-1.002506,413400,OK
2024-07-10,4997,日本農薬,プライム（内国株式）,化学,736,739,721,731,-8,-1.082544,142300,OK
2024-07-10,4998,フマキラー,スタンダード（内国株式）,化学,1220,1220,1202,1210,-6,-0.493421,16800,OK
2024-07-10,5009,富士興産,スタンダード（内国株式）,卸売業,1780,1780,1721,1731,-12,-0.688468,28500,OK
2024-07-10,5010,日本精蝋,スタンダード（内国株式）,石油･石炭製品,245,257,231,234,-7,-2.904564,1322300,OK
2024-07-10,5011,ニチレキ,プライム（内国株式）,石油･石炭製品,2300,2335,2299,2316,2,0.08643,47200,OK
2024-07-10,5013,ユシロ化学工業,スタンダード（内国株式）,石油･石炭製品,1903,1903,1815,1825,2,0.109709,71000,OK
2024-07-10,5015,ビーピー・カストロール,スタンダード（内国株式）,石油･石炭製品,945,946,938,938,-6,-0.635593,24100,OK
2024-07-10,5017,富士石油,プライム（内国株式）,石油･石炭製品,482,489,473,479,-8,-1.64271,622700,OK
2024-07-10,5018,ＭＯＲＥＳＣＯ,スタンダード（内国株式）,石油･石炭製品,1350,1356,1329,1339,1,0.074738,16700,OK
2024-07-10,5019,出光興産,プライム（内国株式）,石油･石炭製品,1022,1034,1018,1023.5,-4.5,-0.437743,3018400,OK
2024-07-10,5020,ＥＮＥＯＳホールディングス,プライム（内国株式）,石油･石炭製品,830.5,845.1,823,828.4,-1.2,-0.144648,15440100,OK
2024-07-10,5021,コスモエネルギーホールディングス,プライム（内国株式）,石油･石炭製品,8000,8086,7916,7956,-105,-1.302568,337400,OK
2024-07-10,5022,レボインターナショナル,TOKYO PRO MARKET（内国株式）,石油･石炭製品,,,,,,,,NO_QUOTE
2024-07-10,5025,マーキュリーリアルテックイノベーター,グロース（内国株式）,情報･通信業,597,597,594,594,7,1.192504,5900,OK
2024-07-10,5026,トリプルアイズ,グロース（内国株式）,情報･通信業,1354,1376,1335,1344,5,0.373413,80500,OK
2024-07-10,5027,ＡｎｙＭｉｎｄ　Ｇｒｏｕｐ,グロース（内国株式）,情報･通信業,1160,1170,1143,1169,-5,-0.425894,235800,OK
2024-07-10,5028,セカンドサイトアナリティカ,グロース（内国株式）,情報･通信業,435,435,424,425,-13,-2.968037,19000,OK
2024-07-10,5029,サークレイス,グロース（内国株式）,情報･通信業,534,534,530,530,-4,-0.749064,1200,OK
2024-07-10,5031,モイ,グロース（内国株式）,情報･通信業,285,289,282,287,7,2.5,63800,OK
2024-07-10,5032,ＡＮＹＣＯＬＯＲ,プライム（内国株式）,情報･通信業,2525,2574,2416,2452,-82,-3.235991,948000,OK
2024-07-10,5033,ヌーラボ,グロース（内国株式）,情報･通信業,906,915,902,913,3,0.32967,16200,OK
2024-07-10,5034,ｕｎｅｒｒｙ,グロース（内国株式）,情報･通信業,3040,3040,2936,2962,-26,-0.870147,15500,OK
2024-07-10,5035,ＨＯＵＳＥＩ,グロース（内国株式）,情報･通信業,492,492,488,490,-2,-0.406504,3700,OK
2024-07-10,5036,日本ビジネスシステムズ,スタンダード（内国株式）,情報･通信業,1036,1039,1016,1019,-15,-1.450677,11500,OK
2024-07-10,5037,フィットワークス,TOKYO PRO MARKET（内国株式）,情報･通信業,,,,,,,,NO_QUOTE
2024-07-10,5038,ｅＷｅＬＬ,グロース（内国株式）,情報･通信業,1531,1531,1416,1440,-62,-4.12783,69700,OK
2024-07-10,5070,ドラフト,グロース（内国株式）,建設業,606,607,602,602,-4,-0.660066,12800,OK
2024-07-10,5071,ヴィス,スタンダード（内国株式）,建設業,1076,1076,1062,1063,-16,-1.482854,5900,OK
2024-07-10,5072,アートフォースジャパン,TOKYO PRO MARKET（内国株式）,建設業,,,,,,,,NO_QUOTE
2024-07-10,5074,テスホールディングス,プライム（内国株式）,建設業,412,412,406,408,-4,-0.970874,261800,OK
2024-07-10,5076,インフロニア・ホールディングス,プライム（内国株式）,建設業,1265,1276,1260.5,1271.5,4.5,0.35517,919500,OK
2024-07-10,5077,ハンズ,TOKYO PRO MARKET（内国株式）,建設業,,,,,,,,NO_QUOTE
2024-07-10,5078,セレコーポレーション,スタンダード（内国株式）,建設業,4250,4250,4180,4245,-5,-0.117647,1000,OK
2024-07-10,5079,ノバック,スタンダード（内国株式）,建設業,2990,3010,2969,2980,-4,-0.134048,5600,OK
2024-07-10,5101,横浜ゴム,プライム（内国株式）,ゴム製品,3447,3459,3192,3318,-117,-3.406114,2576100,OK
2024-07-10,5103,昭和ホールディングス,スタンダード（内国株式）,ゴム製品,45,46,45,45,0,0,9000,OK
2024-07-10,5105,ＴＯＹＯ　ＴＩＲＥ,プライム（内国株式）,ゴム製品,2511,2534,2501,2531,25.5,1.017761,934900,OK
2024-07-10,5108,ブリヂストン,プライム（内国株式）,ゴム製品,6215,6243,6166,6242,35,0.563879,1860200,OK
2024-07-10,5110,住友ゴム工業,プライム（内国株式）,ゴム製品,1547.5,1575.5,1545,1573.5,17.5,1.124679,1898300,OK
2024-07-10,5121,藤倉コンポジット,プライム（内国株式）,ゴム製品,1390,1390,1370,1381,-4,-0.288809,104600,OK
2024-07-10,5122,オカモト,プライム（内国株式）,ゴム製品,4990,5020,4990,4995,-55,-1.089109,17900,OK
2024-07-10,5125,ファインズ,グロース（内国株式）,情報･通信業,613,616,613,616,-1,-0.162075,1900,OK
2024-07-10,5126,ポーターズ,グロース（内国株式）,情報･通信業,2069,2069,2058,2058,-11,-0.531658,200,OK
2024-07-10,5129,ＦＩＸＥＲ,グロース（内国株式）,情報･通信業,1328,1336,1314,1329,-5,-0.374813,69900,OK
2024-07-10,5130,ヒロホールディングス,TOKYO PRO MARKET（内国株式）,情報･通信業,,,,,,,,NO_QUOTE
2024-07-10,5131,リンカーズ,グロース（内国株式）,情報･通信業,209,213,205,206,-3,-1.435407,79500,OK
2024-07-10,5132,ｐｌｕｓｚｅｒｏ,グロース（内国株式）,情報･通信業,2278,2278,2190,2235,-19,-0.842946,36900,OK
2024-07-10,5133,テリロジーホールディングス,スタンダード（内国株式）,情報･通信業,395,395,381,384,-3,-0.775194,65900,OK
2024-07-10,5134,ＰＯＰＥＲ,グロース（内国株式）,情報･通信業,602,602,600,600,-2,-0.332226,200,OK
2024-07-10,5135,ＡＩＲ−Ｕ,TOKYO PRO MARKET（内国株式）,情報･通信業,,,,,,,,NO_QUOTE
2024-07-10,5136,ｔｒｉｐｌａ,グロース（内国株式）,情報･通信業,1622,1649,1578,1613,16,1.001879,88800,OK
2024-07-10,5137,スマートドライブ,グロース（内国株式）,情報･通信業,2010,2030,1943,1988,-30,-1.48662,9600,OK
2024-07-10,5138,Ｒｅｂａｓｅ,グロース（内国株式）,情報･通信業,903,903,891,895,-5,-0.555556,4000,OK
2024-07-10,5139,オープンワーク,グロース（内国株式）,情報･通信業,640,640,621,629,-6,-0.944882,45600,OK
2024-07-10,5142,アキレス,プライム（内国株式）,化学,1600,1603,1583,1585,-28,-1.735896,44600,OK
2024-07-10,5161,西川ゴム工業,スタンダード（内国株式）,ゴム製品,1931,1959,1925,1944,-4,-0.205339,43100,OK
2024-07-10,5162,朝日ラバー,スタンダード（内国株式）,ゴム製品,574,575,572,574,3,0.525394,1500,OK
2024-07-10,5184,ニチリン,スタンダード（内国株式）,ゴム製品,3780,3835,3780,3800,20,0.529101,23400,OK
2024-07-10,5185,フコク,プライム（内国株式）,ゴム製品,2228,2257,2209,2218,-4,-0.180018,94200,OK
2024-07-10,5186,ニッタ,プライム（内国株式）,ゴム製品,4110,4110,4025,4050,-65,-1.579587,52700,OK
2024-07-10,5187,クリエートメディック,スタンダード（内国株式）,精密機器,955,955,945,947,-6,-0.629591,13800,OK
2024-07-10,5189,櫻護謨,スタンダード（内国株式）,ゴム製品,2100,2125,2090,2090,-5,-0.238663,500,OK
2024-07-10,5191,住友理工,プライム（内国株式）,ゴム製品,1511,1518,1495,1506,-6,-0.396825,142400,OK
2024-07-10,5192,三ツ星ベルト,プライム（内国株式）,ゴム製品,4515,4560,4510,4560,45,0.996678,78900,OK
2024-07-10,5194,相模ゴム工業,スタンダード（内国株式）,ゴム製品,1075,1075,1050,1055,-30,-2.764977,11900,OK
2024-07-10,5195,バンドー化学,プライム（内国株式）,ゴム製品,1979,1994,1952,1968,-24,-1.204819,62000,OK
2024-07-10,5199,不二ラテックス,スタンダード（内国株式）,ゴム製品,1872,1885,1872,1876,6,0.320856,600,OK
2024-07-10,5201,ＡＧＣ,プライム（内国株式）,ガラス･土石製品,5216,5257,5182,5249,16,0.305752,931900,OK
2024-07-10,5202,日本板硝子,プライム（内国株式）,ガラス･土石製品,415,416,412,414,-1,-0.240964,520100,OK
2024-07-10,5204,石塚硝子,スタンダード（内国株式）,ガラス･土石製品,2861,2878,2801,2820,-45,-1.570681,12400,OK
2024-07-10,5208,有沢製作所,プライム（内国株式）,化学,1673,1675,1650,1670,-7,-0.417412,175300,OK
2024-07-10,5210,日本山村硝子,スタンダード（内国株式）,ガラス･土石製品,1568,1572,1523,1532,-33,-2.108626,82900,OK
2024-07-10,5214,日本電気硝子,プライム（内国株式）,ガラス･土石製品,3650,3669,3629,3650,-38,-1.030369,467200,OK
2024-07-10,5216,倉元製作所,スタンダード（内国株式）,ガラス･土石製品,469,480,432,450,-13,-2.807775,3336300,OK
2024-07-10,5217,テクノクオーツ,スタンダード（内国株式）,ガラス･土石製品,5830,5870,5800,5850,20,0.343053,2300,OK
2024-07-10,5218,オハラ,スタンダード（内国株式）,ガラス･土石製品,1293,1340,1293,1335,32,2.455871,44300,OK
2024-07-10,5232,住友大阪セメント,プライム（内国株式）,ガラス･土石製品,3975,4032,3975,3999,-32,-0.793848,262700,OK
2024-07-10,5233,太平洋セメント,プライム（内国株式）,ガラス･土石製品,4035,4068,4020,4066,23,0.568884,412400,OK
2024-07-10,5237,ノザワ,スタンダード（内国株式）,ガラス･土石製品,933,934,927,931,4,0.431499,3800,OK
2024-07-10,5240,ｍｏｎｏＡＩ　ｔｅｃｈｎｏｌｏｇｙ,グロース（内国株式）,情報･通信業,583,597,578,594,11,1.886792,126300,OK
2024-07-10,5241,日本オーエー研究所,TOKYO PRO MARKET（内国株式）,情報･通信業,,,,,,,,NO_QUOTE
2024-07-10,5242,アイズ,グロース（内国株式）,情報･通信業,2606,2879,2526,2617,94,3.725723,793300,OK
2024-07-10,5243,ｎｏｔｅ,グロース（内国株式）,情報･通信業,695,696,678,696,0,0,168700,OK
2024-07-10,5244,ｊｉｇ．ｊｐ,グロース（内国株式）,情報･通信業,327,330,316,318,-4,-1.242236,308900,OK
2024-07-10,5246,ＥＬＥＭＥＮＴＳ,グロース（内国株式）,情報･通信業,1941,1974,1835,1923,18,0.944882,2019700,OK
2024-07-10,5247,ＢＴＭ,グロース（内国株式）,情報･通信業,1687,1687,1685,1686,-2,-0.118483,300,OK
2024-07-10,5248,テクノロジーズ,グロース（内国株式）,情報･通信業,4315,4430,4305,4380,30,0.689655,9400,OK
2024-07-10,5249,あさかわシステムズ,TOKYO PRO MARKET（内国株式）,情報･通信業,,,,,,,,NO_QUOTE
2024-07-10,5250,プライム・ストラテジー,スタンダード（内国株式）,情報･通信業,1230,1231,1190,1195,-43,-3.473344,18000,OK
2024-07-10,5251,ウイズ・ワン,TOKYO PRO MARKET（内国株式）,情報･通信業,,,,,,,,NO_QUOTE
2024-07-10,5252,日本ナレッジ,グロース（内国株式）,情報･通信業,1410,1418,1387,1410,1,0.070972,1700,OK
2024-07-10,5253,カバー,グロース（内国株式）,情報･通信業,1970,1986,1865,1878,-85,-4.330107,4730900,OK
2024-07-10,5254,Ａｒｅｎｔ,グロース（内国株式）,情報･通信業,5170,5230,5130,5180,10,0.193424,15000,OK
2024-07-10,5255,モンスターラボホールディングス,グロース（内国株式）,情報･通信業,283,283,272,273,-9,-3.191489,311800,OK
2024-07-10,5256,Ｆｕｓｉｃ,グロース（内国株式）,情報･通信業,3565,3600,3540,3570,-20,-0.557103,1500,OK
2024-07-10,5257,ノバシステム,スタンダード（内国株式）,情報･通信業,3155,3195,3070,3105,-50,-1.584786,2700,OK
2024-07-10,5258,トランザクション・メディア・ネットワークス,グロース（内国株式）,情報･通信業,505,510,500,503,0,0,141900,OK
2024-07-10,5259,ＢＢＤイニシアティブ,グロース（内国株式）,情報･通信業,970,970,916,922,-48,-4.948454,14500,OK
2024-07-10,5261,リソルホールディングス,プライム（内国株式）,サービス業,4650,4650,4610,4615,-20,-0.431499,11500,OK
2024-07-10,5262,日本ヒューム,プライム（内国株式）,ガラス･土石製品,1265,1301,1250,1252,-28,-2.1875,144400,OK
2024-07-10,5268,旭コンクリート工業,スタンダード（内国株式）,ガラス･土石製品,777,800,777,795,29,3.785901,29400,OK
2024-07-10,5269,日本コンクリート工業,プライム（内国株式）,ガラス･土石製品,384,391,382,386,2,0.520833,246600,OK
2024-07-10,5271,トーヨーアサノ,スタンダード（内国株式）,ガラス･土石製品,2237,2237,2237,2237,-7,-0.311943,1100,OK
2024-07-10,5273,三谷セキサン,スタンダード（内国株式）,ガラス･土石製品,5620,5630,5480,5580,-40,-0.711744,14900,OK
2024-07-10,5277,スパンクリートコーポレーション,スタンダード（内国株式）,ガラス･土石製品,233,237,233,237,5,2.155172,4200,OK
2024-07-10,5279,日本興業,スタンダード（内国株式）,ガラス･土石製品,920,930,917,925,5,0.543478,6400,OK
2024-07-10,5280,ヨシコン,スタンダード（内国株式）,不動産業,1861,1866,1826,1834,-23,-1.238557,5800,OK
2024-07-10,5282,ジオスター,スタンダード（内国株式）,ガラス･土石製品,340,340,335,335,-5,-1.470588,19600,OK
2024-07-10,5283,高見澤,スタンダード（内国株式）,卸売業,3530,3575,3500,3500,-80,-2.234637,500,OK
2024-07-10,5284,ヤマウホールディングス,スタンダード（内国株式）,ガラス･土石製品,1784,1784,1751,1758,-12,-0.677966,13600,OK
2024-07-10,5285,ヤマックス,スタンダード（内国株式）,ガラス･土石製品,1265,1273,1241,1253,-7,-0.555556,17100,OK
2024-07-10,5287,イトーヨーギョー,スタンダード（内国株式）,ガラス･土石製品,565,567,561,563,-10,-1.745201,6000,OK
2024-07-10,5288,アジアパイルホールディングス,プライム（内国株式）,ガラス･土石製品,997,997,975,986,-9,-0.904523,101600,OK
2024-07-10,5290,ベルテクスコーポレーション,スタンダード（内国株式）,ガラス･土石製品,2014,2043,2014,2039,25,1.241311,20700,OK
2024-07-10,5301,東海カーボン,プライム（内国株式）,ガラス･土石製品,935,935.7,929.1,930,-1.3,-0.13959,1050500,OK
2024-07-10,5302,日本カーボン,プライム（内国株式）,ガラス･土石製品,5230,5230,5150,5170,-60,-1.147228,41200,OK
2024-07-10,5304,ＳＥＣカーボン,スタンダード（内国株式）,ガラス･土石製品,2483,2497,2453,2461,-46,-1.834862,40400,OK
2024-07-10,5310,東洋炭素,プライム（内国株式）,ガラス･土石製品,7350,7460,7100,7300,-80,-1.084011,177300,OK
2024-07-10,5331,ノリタケカンパニーリミテド,プライム（内国株式）,ガラス･土石製品,4155,4175,4120,4170,15,0.361011,68100,OK
2024-07-10,5332,ＴＯＴＯ,プライム（内国株式）,ガラス･土石製品,3890,3922,3869,3914,12,0.307535,729800,OK
2024-07-10,5333,日本碍子,プライム（内国株式）,ガラス･土石製品,2049,2094,2045.5,2084,20.5,0.993458,875700,OK
2024-07-10,5334,日本特殊陶業,プライム（内国株式）,ガラス･土石製品,4811,4904,4811,4894,89,1.852237,736600,OK
2024-07-10,5337,ダントーホールディングス,スタンダード（内国株式）,ガラス･土石製品,615,615,555,555,-55,-9.016393,178200,OK
2024-07-10,5341,ＡＳＡＨＩ　ＥＩＴＯホールディングス,スタンダード（内国株式）,ガラス･土石製品,419,419,411,414,-4,-0.956938,8700,OK
2024-07-10,5344,ＭＡＲＵＷＡ,プライム（内国株式）,ガラス･土石製品,40850,41600,40300,40700,100,0.246305,68500,OK
2024-07-10,5351,品川リフラクトリーズ,プライム（内国株式）,ガラス･土石製品,1937,1943,1916,1935,-6,-0.309119,73200,OK
2024-07-10,5352,黒崎播磨,プライム（内国株式）,ガラス･土石製品,2685,2700,2674,2690,-17,-0.628001,85100,OK
2024-07-10,5355,日本坩堝,スタンダード（内国株式）,ガラス･土石製品,634,642,634,642,3,0.469484,1900,OK
2024-07-10,5356,美濃窯業,スタンダード（内国株式）,ガラス･土石製品,938,938,905,910,-28,-2.985075,7100,OK
2024-07-10,5357,ヨータイ,プライム（内国株式）,ガラス･土石製品,1823,1842,1815,1822,-22,-1.193059,38000,OK
2024-07-10,5363,東京窯業,スタンダード（内国株式）,ガラス･土石製品,428,428,421,421,-6,-1.405152,145500,OK
2024-07-10,5367,ニッカトー,スタンダード（内国株式）,ガラス･土石製品,568,568,560,560,-3,-0.53286,8000,OK
2024-07-10,5368,日本インシュレーション,スタンダード（内国株式）,ガラス･土石製品,1029,1037,1024,1036,13,1.270772,5500,OK
2024-07-10,5380,新東,スタンダード（内国株式）,ガラス･土石製品,1623,1654,1618,1653,46,2.862477,8000,OK
2024-07-10,5381,Ｍｉｐｏｘ,スタンダード（内国株式）,ガラス･土石製品,498,499,492,493,-2,-0.40404,30300,OK
2024-07-10,5384,フジミインコーポレーテッド,プライム（内国株式）,ガラス･土石製品,3100,3135,3090,3130,5,0.16,223300,OK
2024-07-10,5386,鶴弥,スタンダード（内国株式）,ガラス･土石製品,372,373,371,373,0,0,1800,OK
2024-07-10,5388,クニミネ工業,スタンダード（内国株式）,ガラス･土石製品,1076,1082,1069,1077,1,0.092937,21300,OK
2024-07-10,5391,エーアンドエーマテリアル,スタンダード（内国株式）,ガラス･土石製品,1368,1368,1352,1356,-1,-0.073692,14500,OK
2024-07-10,5393,ニチアス,プライム（内国株式）,ガラス･土石製品,4800,4835,4775,4835,30,0.62435,180700,OK
2024-07-10,5395,理研コランダム,スタンダード（内国株式）,ガラス･土石製品,2700,2744,2700,2744,4,0.145985,700,OK
2024-07-10,5401,日本製鉄,プライム（内国株式）,鉄鋼,3431,3442,3419,3439,6,0.174774,2493000,OK
2024-07-10,5406,神戸製鋼所,プライム（内国株式）,鉄鋼,1980,1993.5,1961.5,1971,-5,-0.253036,2471800,OK
2024-07-10,5408,中山製鋼所,プライム（内国株式）,鉄鋼,948,955,923,925,-22,-2.323126,412500,OK
2024-07-10,5410,合同製鐵,プライム（内国株式）,鉄鋼,5050,5050,4965,4985,-35,-0.697211,102800,OK
2024-07-10,5411,ＪＦＥホールディングス,プライム（内国株式）,鉄鋼,2325,2325,2310.5,2319,1,0.043141,3347800,OK
2024-07-10,5423,東京製鐵,プライム（内国株式）,鉄鋼,1566,1576,1553,1570,7,0.447857,348500,OK
2024-07-10,5440,共英製鋼,プライム（内国株式）,鉄鋼,2099,2118,2085,2104,25,1.202501,109500,OK
2024-07-10,5444,大和工業,プライム（内国株式）,鉄鋼,7952,8023,7894,7918,9,0.113794,149800,OK
2024-07-10,5445,東京鐵鋼,プライム（内国株式）,鉄鋼,5050,5060,4965,4995,-35,-0.695825,69800,OK
2024-07-10,5446,北越メタル,スタンダード（内国株式）,鉄鋼,1532,1532,1504,1513,18,1.204013,1500,OK
2024-07-10,5449,大阪製鐵,スタンダード（内国株式）,鉄鋼,2301,2368,2294,2350,100,4.444444,146900,OK
2024-07-10,5451,淀川製鋼所,プライム（内国株式）,鉄鋼,5580,5740,5570,5700,120,2.150538,110700,OK
2024-07-10,5458,高砂鐵工,スタンダード（内国株式）,鉄鋼,922,924,920,924,2,0.21692,3100,OK
2024-07-10,5461,中部鋼鈑,プライム（内国株式）,鉄鋼,2704,2727,2695,2716,-15,-0.549249,52900,OK
2024-07-10,5463,丸一鋼管,プライム（内国株式）,鉄鋼,3725,3747,3716,3747,61,1.65491,177400,OK
2024-07-10,5464,モリ工業,スタンダード（内国株式）,鉄鋼,5530,5570,5460,5530,20,0.362976,11600,OK
2024-07-10,5471,大同特殊鋼,プライム（内国株式）,鉄鋼,1415.5,1426.5,1409,1426.5,1.5,0.105263,910600,OK
2024-07-10,5476,日本高周波鋼業,スタンダード（内国株式）,鉄鋼,479,479,468,473,-3,-0.630252,44600,OK
2024-07-10,5480,日本冶金工業,プライム（内国株式）,鉄鋼,5270,5290,5180,5210,-60,-1.13852,110000,OK
2024-07-10,5481,山陽特殊製鋼,プライム（内国株式）,鉄鋼,2076,2087,2062,2077,1,0.04817,70600,OK
2024-07-10,5482,愛知製鋼,プライム（内国株式）,鉄鋼,3440,3440,3390,3410,-30,-0.872093,35600,OK
2024-07-10,5484,東北特殊鋼,スタンダード（内国株式）,鉄鋼,2006,2025,2001,2001,-1,-0.04995,600,OK
2024-07-10,5491,日本金属,スタンダード（内国株式）,鉄鋼,776,783,769,771,-5,-0.64433,18800,OK
2024-07-10,5525,フロンティアホールディングス,TOKYO PRO MARKET（内国株式）,不動産業,,,,,,,,NO_QUOTE
2024-07-10,5527,ｐｒｏｐｅｒｔｙ　ｔｅｃｈｎｏｌｏｇｉｅｓ,グロース（内国株式）,不動産業,961,975,961,974,-1,-0.102564,4900,OK
2024-07-10,5528,フロンティアハウス,TOKYO PRO MARKET（内国株式）,不動産業,,,,,,,,NO_QUOTE
2024-07-10,5529,Ｎｏ．１都市開発,TOKYO PRO MARKET（内国株式）,不動産業,,,,,,,,NO_QUOTE
2024-07-10,5531,中山不動産,TOKYO PRO MARKET（内国株式）,不動産業,,,,,,,,NO_QUOTE
2024-07-10,5532,リアルゲイト,グロース（内国株式）,不動産業,2136,2142,2072,2108,-22,-1.032864,8700,OK
2024-07-10,5533,エリッツホールディングス,スタンダード（内国株式）,不動産業,1754,1756,1754,1756,2,0.114025,300,OK
2024-07-10,5534,エンゼルグループ,TOKYO PRO MARKET（内国株式）,不動産業,,,,,,,,NO_QUOTE
2024-07-10,5535,ミガロホールディングス,プライム（内国株式）,不動産業,1962,2019,1960,2010,26,1.310484,111700,OK
2024-07-10,5536,京橋アートレジデンス,TOKYO PRO MARKET（内国株式）,不動産業,,,,,,,,NO_QUOTE
2024-07-10,5537,ＡｌｂａＬｉｎｋ,TOKYO PRO MARKET（内国株式）,不動産業,,,,,,,,NO_QUOTE
2024-07-10,5541,大平洋金属,プライム（内国株式）,鉄鋼,1301,1301,1276,1281,-22,-1.688411,154200,OK
2024-07-10,5542,新報国マテリアル,スタンダード（内国株式）,鉄鋼,1347,1363,1340,1351,11,0.820896,3900,OK
2024-07-10,5563,新日本電工,プライム（内国株式）,鉄鋼,295,295,289,290,-2,-0.684932,499900,OK
2024-07-10,5570,ジェノバ,グロース（内国株式）,情報･通信業,815,815,780,788,-17,-2.111801,28000,OK
2024-07-10,5571,エキサイトホールディングス,スタンダード（内国株式）,情報･通信業,904,904,899,901,-3,-0.331858,5200,OK
2024-07-10,5572,Ｒｉｄｇｅ−ｉ,グロース（内国株式）,情報･通信業,2250,2289,2160,2181,-93,-4.08971,38800,OK
2024-07-10,5573,働楽ホールディングス,TOKYO PRO MARKET（内国株式）,情報･通信業,,,,,,,,NO_QUOTE
2024-07-10,5574,ＡＢＥＪＡ,グロース（内国株式）,情報･通信業,3030,3040,2910,2935,-45,-1.510067,130000,OK
2024-07-10,5575,Ｇｌｏｂｅｅ,グロース（内国株式）,情報･通信業,1425,1471,1417,1471,36,2.508711,14100,OK
2024-07-10,5576,オービーシステム,スタンダード（内国株式）,情報･通信業,2223,2247,2210,2210,-13,-0.584795,500,OK
2024-07-10,5577,アイデミー,グロース（内国株式）,情報･通信業,1702,1720,1601,1650,-42,-2.48227,149800,OK
2024-07-10,5578,ＡＲアドバンストテクノロジ,グロース（内国株式）,情報･通信業,1999,1999,1940,1991,-8,-0.4002,3400,OK
2024-07-10,5580,プロディライト,グロース（内国株式）,情報･通信業,1234,1248,1191,1200,-29,-2.359642,3800,OK
2024-07-10,5581,カイテクノロジー,TOKYO PRO MARKET（内国株式）,情報･通信業,,,,,,,,NO_QUOTE
2024-07-10,5582,グリッド,グロース（内国株式）,情報･通信業,2402,2407,2244,2267,-164,-6.746195,71000,OK
2024-07-10,5584,Ｓｔｒａｗｂｅｒｒｙ　ｊａｍｓ,TOKYO PRO MARKET（内国株式）,情報･通信業,,,,,,,,NO_QUOTE
2024-07-10,5585,エコナビスタ,グロース（内国株式）,情報･通信業,1953,1953,1864,1885,-39,-2.027027,29600,OK
2024-07-10,5586,Ｌａｂｏｒｏ．ＡＩ,グロース（内国株式）,情報･通信業,1252,1259,1212,1226,-34,-2.698413,182500,OK
2024-07-10,5587,インバウンドプラットフォーム,グロース（内国株式）,情報･通信業,962,1000,962,991,31,3.229167,18900,OK
2024-07-10,5588,ファーストアカウンティング,グロース（内国株式）,情報･通信業,1051,1054,1006,1011,-43,-4.079696,88600,OK
2024-07-10,5589,オートサーバー,スタンダード（内国株式）,情報･通信業,2090,2120,2075,2096,0,0,1700,OK
2024-07-10,5590,ネットスターズ,グロース（内国株式）,情報･通信業,1268,1300,1236,1236,-2,-0.161551,80300,OK
2024-07-10,5591,ＡＶＩＬＥＮ,グロース（内国株式）,情報･通信業,1560,1563,1502,1514,-49,-3.134997,54500,OK
2024-07-10,5592,くすりの窓口,グロース（内国株式）,情報･通信業,1499,1509,1489,1498,-10,-0.66313,17500,OK
2024-07-10,5594,エム・デー・ビー,TOKYO PRO MARKET（内国株式）,情報･通信業,,,,,,,,NO_QUOTE
2024-07-10,5595,ＱＰＳ研究所,グロース（内国株式）,情報･通信業,2330,2341,2270,2308,-10,-0.431406,698500,OK
2024-07-10,5596,アウトルックコンサルティング,グロース（内国株式）,情報･通信業,1220,1220,1190,1196,-24,-1.967213,7000,OK
2024-07-10,5597,ブルーイノベーション,グロース（内国株式）,情報･通信業,997,1007,982,982,-15,-1.504514,34100,OK
2024-07-10,5598,Ｙｏｔｔａｖｉａｓ,TOKYO PRO MARKET（内国株式）,情報･通信業,,,,,,,,NO_QUOTE
2024-07-10,5599,Ｓ＆Ｊ,グロース（内国株式）,情報･通信業,1182,1232,1166,1211,51,4.396552,110000,OK
2024-07-10,5602,栗本鐵工所,プライム（内国株式）,鉄鋼,4920,4920,4705,4770,-145,-2.950153,59500,OK
2024-07-10,5603,虹技,スタンダード（内国株式）,鉄鋼,1156,1159,1138,1141,-15,-1.297578,12900,OK
2024-07-10,5609,日本鋳造,スタンダード（内国株式）,鉄鋼,986,986,977,977,-9,-0.912779,10000,OK
2024-07-10,5610,大和重工,スタンダード（内国株式）,鉄鋼,959,959,958,958,8,0.842105,500,OK
2024-07-10,5612,日本鋳鉄管,スタンダード（内国株式）,鉄鋼,1863,1915,1745,1767,-94,-5.051048,173400,OK
2024-07-10,5616,雨風太陽,グロース（内国株式）,情報･通信業,778,778,740,750,-30,-3.846154,32400,OK
2024-07-10,5617,ウィル・ドゥ,TOKYO PRO MARKET（内国株式）,情報･通信業,,,,,,,,NO_QUOTE
2024-07-10,5618,ナイル,グロース（内国株式）,情報･通信業,690,690,657,671,-18,-2.612482,32700,OK
2024-07-10,5619,マーソ,グロース（内国株式）,情報･通信業,1502,1511,1436,1436,-66,-4.394141,1200,OK
2024-07-10,5620,エスピーオー,TOKYO PRO MARKET（内国株式）,情報･通信業,,,,,,,,NO_QUOTE
2024-07-10,5621,ヒューマンテクノロジーズ,グロース（内国株式）,情報･通信業,1198,1200,1158,1200,15,1.265823,12500,OK
2024-07-10,5622,ワンビ,TOKYO PRO MARKET（内国株式）,情報･通信業,,,,,,,,NO_QUOTE
2024-07-10,5631,日本製鋼所,プライム（内国株式）,機械,4510,4546,4406,4478,-48,-1.060539,792900,OK
2024-07-10,5632,三菱製鋼,プライム（内国株式）,鉄鋼,1491,1495,1471,1479,-8,-0.537996,65600,OK
2024-07-10,5644,メタルアート,スタンダード（内国株式）,鉄鋼,3440,3450,3430,3440,0,0,3900,OK
2024-07-10,5658,日亜鋼業,スタンダード（内国株式）,鉄鋼,313,316,313,313,1,0.320513,36000,OK
2024-07-10,5659,日本精線,プライム（内国株式）,鉄鋼,1253,1259,1233,1238,-15,-1.197127,37100,OK
2024-07-10,5660,神鋼鋼線工業,スタンダード（内国株式）,鉄鋼,1176,1180,1169,1175,1,0.085179,1400,OK
2024-07-10,5695,パウダーテック,スタンダード（内国株式）,鉄鋼,2328,2337,2328,2337,9,0.386598,200,OK
2024-07-10,5697,サンユウ,スタンダード（内国株式）,鉄鋼,501,503,500,502,1,0.199601,1700,OK
2024-07-10,5698,エンビプロ・ホールディングス,プライム（内国株式）,鉄鋼,474,476,468,474,0,0,77600,OK
2024-07-10,5699,イボキン,スタンダード（内国株式）,鉄鋼,1220,1229,1207,1207,-8,-0.658436,2000,OK
2024-07-10,5702,大紀アルミニウム工業所,プライム（内国株式）,非鉄金属,1268,1272,1254,1259,-19,-1.486698,105900,OK
2024-07-10,5703,日本軽金属ホールディングス,プライム（内国株式）,非鉄金属,1766,1775,1757,1772,-11,-0.616938,209300,OK
2024-07-10,5704,ＪＭＣ,グロース（内国株式）,非鉄金属,610,610,592,597,-7,-1.15894,40800,OK
2024-07-10,5706,三井金属鉱業,プライム（内国株式）,非鉄金属,5372,5450,5311,5369,16,0.298898,505200,OK
2024-07-10,5707,東邦亜鉛,プライム（内国株式）,非鉄金属,855,855,822,827,-28,-3.274854,162200,OK
2024-07-10,5711,三菱マテリアル,プライム（内国株式）,非鉄金属,3021,3048,2996.5,3013,-35,-1.148294,543300,OK
2024-07-10,5713,住友金属鉱山,プライム（内国株式）,非鉄金属,5250,5288,5170,5226,-48,-0.910125,1304300,OK
2024-07-10,5714,ＤＯＷＡホールディングス,プライム（内国株式）,非鉄金属,5673,5720,5615,5678,-29,-0.508148,133000,OK
2024-07-10,5715,古河機械金属,プライム（内国株式）,非鉄金属,1837,1840,1821,1836,-5,-0.271592,87800,OK
2024-07-10,5721,エス・サイエンス,スタンダード（内国株式）,非鉄金属,23,24,22,23,0,0,888300,OK
2024-07-10,5724,アサカ理研,スタンダード（内国株式）,非鉄金属,996,999,996,996,1,0.100503,700,OK
2024-07-10,5726,大阪チタニウムテクノロジーズ,プライム（内国株式）,非鉄金属,2650,2675,2636,2646,-7,-0.263852,496800,OK
2024-07-10,5727,東邦チタニウム,プライム（内国株式）,非鉄金属,1465,1465,1442,1450,-16,-1.091405,524000,OK
2024-07-10,5729,日本精鉱,スタンダード（内国株式）,非鉄金属,3225,3225,3090,3200,-60,-1.840491,2900,OK
2024-07-10,5741,ＵＡＣＪ,プライム（内国株式）,非鉄金属,3810,3885,3785,3815,-15,-0.391645,197800,OK
2024-07-10,5742,エヌアイシ・オートテック,スタンダード（内国株式）,非鉄金属,754,754,745,753,6,0.803213,1200,OK
2024-07-10,5753,日本伸銅,スタンダード（内国株式）,非鉄金属,,,,,,,,NO_QUOTE
2024-07-10,5757,ＣＫサンエツ,プライム（内国株式）,非鉄金属,3690,3690,3610,3635,-55,-1.490515,11800,OK
2024-07-10,5759,日本電解,グロース（内国株式）,非鉄金属,1024,1024,995,999,-11,-1.089109,22200,OK
2024-07-10,5801,古河電気工業,プライム（内国株式）,非鉄金属,4089,4230,4066,4230,149,3.651066,1362400,OK
2024-07-10,5802,住友電気工業,プライム（内国株式）,非鉄金属,2453,2510,2448,2501,59.5,2.437026,4312100,OK
2024-07-10,5803,フジクラ,プライム（内国株式）,非鉄金属,3480,3551,3400,3503,64,1.861006,6954000,OK
2024-07-10,5805,ＳＷＣＣ,プライム（内国株式）,非鉄金属,4710,4810,4675,4750,30,0.635593,181300,OK
2024-07-10,5809,タツタ電線,プライム（内国株式）,非鉄金属,724,730,722,730,8,1.108033,946200,OK
2024-07-10,5816,オーナンバ,スタンダード（内国株式）,非鉄金属,1199,1204,1191,1201,4,0.334169,58900,OK
2024-07-10,5817,ＪＭＡＣＳ,スタンダード（内国株式）,非鉄金属,593,596,584,588,-1,-0.169779,8300,OK
2024-07-10,5819,カナレ電気,スタンダード（内国株式）,非鉄金属,1580,1584,1564,1565,-6,-0.381922,14900,OK
2024-07-10,5820,三ッ星,スタンダード（内国株式）,非鉄金属,1433,1460,1421,1432,-5,-0.347947,11100,OK
2024-07-10,5821,平河ヒューテック,プライム（内国株式）,非鉄金属,1440,1457,1433,1453,10,0.693001,29800,OK
2024-07-10,5830,いよぎんホールディングス,プライム（内国株式）,銀行業,1519.5,1549,1511,1538.5,16,1.050903,1044700,OK
2024-07-10,5831,しずおかフィナンシャルグループ,プライム（内国株式）,銀行業,1497,1513,1487,1498.5,8.5,0.57047,1706300,OK
2024-07-10,5832,ちゅうぎんフィナンシャルグループ,プライム（内国株式）,銀行業,1668,1681.5,1659.5,1669,-8.5,-0.506706,363200,OK
2024-07-10,5834,ＳＢＩリーシングサービス,グロース（内国株式）,証券･商品先物取引業,3140,3140,3040,3060,-80,-2.547771,28600,OK
2024-07-10,5838,楽天銀行,プライム（内国株式）,銀行業,3025,3100,3015,3075,102,3.430878,827000,OK
2024-07-10,5840,日本総険,TOKYO PRO MARKET（内国株式）,保険業,,,,,,,,NO_QUOTE
2024-07-10,5842,インテグラル,グロース（内国株式）,証券･商品先物取引業,4695,4700,4445,4505,-205,-4.352442,140800,OK
2024-07-10,5843,ニッポンインシュア,スタンダード（内国株式）,その他金融業,891,895,885,893,-3,-0.334821,3100,OK
2024-07-10,5844,京都フィナンシャルグループ,プライム（内国株式）,銀行業,2806.5,2893,2806.5,2888,67.5,2.393193,723500,OK
2024-07-10,5845,全保連,スタンダード（内国株式）,その他金融業,734,734,718,724,-5,-0.685871,84900,OK
2024-07-10,5851,リョービ,プライム（内国株式）,非鉄金属,2214,2220,2172,2197,-28,-1.258427,227900,OK
2024-07-10,5852,アーレスティ,プライム（内国株式）,非鉄金属,782,791,773,787,10,1.287001,300400,OK
2024-07-10,5856,エルアイイーエイチ,スタンダード（内国株式）,小売業,39,39,38,39,1,2.631579,9600,OK
2024-07-10,5857,ＡＲＥホールディングス,プライム（内国株式）,非鉄金属,2079,2087,2060,2070,-10,-0.480769,147600,OK
2024-07-10,5858,ＳＴＧ,グロース（内国株式）,非鉄金属,2142,2142,2067,2073,-89,-4.116559,16000,OK
2024-07-10,5865,マイファーム,TOKYO PRO MARKET（内国株式）,サービス業,,,,,,,,NO_QUOTE
2024-07-10,5866,ＷｉｚＢｉｚ,TOKYO PRO MARKET（内国株式）,サービス業,,,,,,,,NO_QUOTE
2024-07-10,5867,エスネットワークス,グロース（内国株式）,サービス業,1050,1050,1039,1042,-6,-0.572519,2300,OK
2024-07-10,5868,ロココ,スタンダード（内国株式）,サービス業,952,954,950,952,-3,-0.314136,6000,OK
2024-07-10,5869,早稲田学習研究会,スタンダード（内国株式）,サービス業,1072,1078,1071,1076,5,0.466853,10500,OK
2024-07-10,5870,ナルネットコミュニケーションズ,グロース（内国株式）,サービス業,715,760,689,690,-10,-1.428571,160000,OK
2024-07-10,5871,ＳＯＬＩＺＥ,スタンダード（内国株式）,サービス業,2293,2293,2210,2231,-68,-2.957808,18200,OK
2024-07-10,5881,サンフェステ,TOKYO PRO MARKET（内国株式）,小売業,,,,,,,,NO_QUOTE
2024-07-10,5883,ＧＴホールディングス,TOKYO PRO MARKET（内国株式）,卸売業,,,,,,,,NO_QUOTE
2024-07-10,5884,クラダシ,グロース（内国株式）,小売業,317,317,307,310,-5,-1.587302,60400,OK
2024-07-10,5885,ジーデップ・アドバンス,スタンダード（内国株式）,卸売業,10210,10380,10120,10270,60,0.587659,13700,OK
2024-07-10,5886,ＯＯＫＡＢＥ　ＧＬＡＳＳ,TOKYO PRO MARKET（内国株式）,卸売業,,,,,,,,NO_QUOTE
2024-07-10,5887,光響,TOKYO PRO MARKET（内国株式）,卸売業,,,,,,,,NO_QUOTE
2024-07-10,5888,ＤＡＩＷＡ　ＣＹＣＬＥ,グロース（内国株式）,小売業,2541,2565,2480,2527,-13,-0.511811,7400,OK
2024-07-10,5889,Ｊａｐａｎ　Ｅｙｅｗｅａｒ　Ｈｏｌｄｉｎｇｓ,スタンダード（内国株式）,小売業,3125,3175,3015,3145,45,1.451613,155400,OK
2024-07-10,5890,オフィスバスターズ,TOKYO PRO MARKET（内国株式）,小売業,,,,,,,,NO_QUOTE
2024-07-10,5891,魁力屋,スタンダード（内国株式）,小売業,2259,2262,2224,2241,-20,-0.884564,36900,OK
2024-07-10,5892,ｙｕｔｏｒｉ,グロース（内国株式）,小売業,1716,1716,1656,1690,-26,-1.515152,169600,OK
2024-07-10,5893,ＲＡＶＩＰＡ,TOKYO PRO MARKET（内国株式）,小売業,,,,,,,,NO_QUOTE
2024-07-10,5900,ダイケン,スタンダード（内国株式）,金属製品,839,839,827,833,4,0.482509,6200,OK
2024-07-10,5901,東洋製罐グループホールディングス,プライム（内国株式）,金属製品,2452,2466.5,2447,2457,0,0,409600,OK
2024-07-10,5902,ホッカンホールディングス,プライム（内国株式）,金属製品,1735,1741,1711,1716,-19,-1.095101,33600,OK
2024-07-10,5903,シンポ,スタンダード（内国株式）,金属製品,1401,1401,1400,1400,0,0,1100,OK
2024-07-10,5905,日本製罐,スタンダード（内国株式）,金属製品,1687,1699,1687,1698,15,0.891266,800,OK
2024-07-10,5906,エムケー精工,スタンダード（内国株式）,金属製品,403,406,403,403,-1,-0.247525,3300,OK
2024-07-10,5909,コロナ,スタンダード（内国株式）,金属製品,975,975,952,958,-6,-0.622407,32500,OK
2024-07-10,5911,横河ブリッジホールディングス,プライム（内国株式）,金属製品,2779,2781,2755,2780,1,0.035984,116500,OK
2024-07-10,5915,駒井ハルテック,プライム（内国株式）,金属製品,1786,1800,1782,1793,-7,-0.388889,24600,OK
2024-07-10,5918,瀧上工業,スタンダード（内国株式）,金属製品,8010,8010,8000,8000,-50,-0.621118,200,OK
2024-07-10,5921,川岸工業,スタンダード（内国株式）,金属製品,4280,4280,4265,4265,-10,-0.233918,400,OK
2024-07-10,5922,那須電機鉄工,スタンダード（内国株式）,金属製品,11820,11840,11770,11840,20,0.169205,700,OK
2024-07-10,5923,高田機工,スタンダード（内国株式）,金属製品,3640,3640,3605,3605,-35,-0.961538,500,OK
2024-07-10,5928,アルメタックス,スタンダード（内国株式）,金属製品,302,303,301,301,-2,-0.660066,5200,OK
2024-07-10,5929,三和ホールディングス,プライム（内国株式）,金属製品,2990,3059,2985,3059,68.5,2.290587,613500,OK
2024-07-10,5930,文化シヤッター,プライム（内国株式）,金属製品,1794,1810,1732,1761,7,0.399088,354400,OK
2024-07-10,5932,三協立山,プライム（内国株式）,金属製品,804,804,795,800,-4,-0.497512,143000,OK
2024-07-10,5933,アルインコ,プライム（内国株式）,金属製品,1082,1086,1072,1081,-5,-0.460405,38100,OK
2024-07-10,5935,元旦ビューティ工業,スタンダード（内国株式）,金属製品,1630,1650,1626,1650,3,0.182149,4300,OK
2024-07-10,5936,東洋シヤッター,スタンダード（内国株式）,金属製品,898,908,878,908,15,1.679731,43400,OK
2024-07-10,5938,ＬＩＸＩＬ,プライム（内国株式）,金属製品,1758,1759.5,1749,1759.5,3.5,0.199317,1231300,OK
2024-07-10,5939,大谷工業,スタンダード（内国株式）,金属製品,6990,7040,6980,7010,40,0.573888,700,OK
2024-07-10,5940,不二サッシ,スタンダード（内国株式）,金属製品,85,85,82,83,-1,-1.190476,724300,OK
2024-07-10,5941,中西製作所,スタンダード（内国株式）,金属製品,2484,2618,2484,2571,90,3.62757,6600,OK
2024-07-10,5942,日本フイルコン,スタンダード（内国株式）,金属製品,532,534,530,530,-2,-0.37594,18800,OK
2024-07-10,5943,ノーリツ,プライム（内国株式）,金属製品,1790,1803,1784,1800,8,0.446429,111600,OK
2024-07-10,5945,天龍製鋸,スタンダード（内国株式）,金属製品,,,,,,,,NO_QUOTE
2024-07-10,5946,長府製作所,プライム（内国株式）,金属製品,2185,2197,2182,2189,9,0.412844,32300,OK
2024-07-10,5947,リンナイ,プライム（内国株式）,金属製品,3638,3660,3612,3654,16,0.439802,239000,OK
2024-07-10,5949,ユニプレス,プライム（内国株式）,輸送用機器,1358,1365,1347,1361,-8,-0.584368,187400,OK
2024-07-10,5950,日本パワーファスニング,スタンダード（内国株式）,金属製品,200,210,198,209,10,5.025126,764500,OK
2024-07-10,5951,ダイニチ工業,スタンダード（内国株式）,金属製品,682,683,680,680,-1,-0.146843,13000,OK
2024-07-10,5952,アマテイ,スタンダード（内国株式）,金属製品,144,144,142,142,-1,-0.699301,29500,OK
2024-07-10,5955,ヤマシナ,スタンダード（内国株式）,金属製品,81,82,81,82,1,1.234568,540900,OK
2024-07-10,5956,トーソー,スタンダード（内国株式）,金属製品,533,533,532,533,-1,-0.187266,6200,OK
2024-07-10,5957,日東精工,プライム（内国株式）,金属製品,650,720,649,703,83,13.387097,5531200,OK
2024-07-10,5958,三洋工業,スタンダード（内国株式）,金属製品,3185,3185,3100,3125,-20,-0.63593,7400,OK
2024-07-10,5959,岡部,プライム（内国株式）,金属製品,781,781,772,775,-4,-0.513479,63800,OK
2024-07-10,5962,浅香工業,スタンダード（内国株式）,その他製品,1560,1600,1558,1571,11,0.705128,1800,OK
2024-07-10,5965,フジマック,スタンダード（内国株式）,金属製品,1210,1210,1162,1170,-32,-2.66223,25700,OK
2024-07-10,5966,京都機械工具,スタンダード（内国株式）,金属製品,2800,2800,2791,2795,-18,-0.639886,300,OK
2024-07-10,5967,ＴＯＮＥ,スタンダード（内国株式）,金属製品,1099,1099,1086,1093,8,0.737327,1600,OK
2024-07-10,5969,ロブテックス,スタンダード（内国株式）,金属製品,1373,1374,1367,1367,-6,-0.436999,4500,OK
2024-07-10,5970,ジーテクト,プライム（内国株式）,金属製品,1895,1905,1875,1895,0,0,60800,OK
2024-07-10,5971,共和工業所,スタンダード（内国株式）,金属製品,5950,5950,5880,5880,-120,-2,200,OK
2024-07-10,5973,トーアミ,スタンダード（内国株式）,金属製品,548,551,541,549,-9,-1.612903,6700,OK
2024-07-10,5974,中国工業,スタンダード（内国株式）,金属製品,612,612,610,610,-2,-0.326797,2200,OK
2024-07-10,5975,東プレ,プライム（内国株式）,金属製品,2196,2215,2152,2183,-13,-0.591985,111900,OK
2024-07-10,5976,高周波熱錬,プライム（内国株式）,金属製品,1137,1141,1125,1131,-9,-0.789474,80900,OK
2024-07-10,5981,東京製綱,プライム（内国株式）,金属製品,1333,1344,1312,1318,-15,-1.125281,78900,OK
2024-07-10,5982,マルゼン,スタンダード（内国株式）,金属製品,3075,3135,3070,3070,-50,-1.602564,8600,OK
2024-07-10,5983,イワブチ,スタンダード（内国株式）,金属製品,7030,7130,7030,7130,-50,-0.696379,300,OK
2024-07-10,5984,兼房,スタンダード（内国株式）,金属製品,914,914,907,907,-7,-0.765864,4800,OK
2024-07-10,5985,サンコール,スタンダード（内国株式）,金属製品,487,487,483,485,-2,-0.410678,35100,OK
2024-07-10,5986,モリテック　スチール,スタンダード（内国株式）,金属製品,228,230,224,225,-3,-1.315789,99000,OK
2024-07-10,5987,オーネックス,スタンダード（内国株式）,金属製品,,,,,,,,NO_QUOTE
2024-07-10,5988,パイオラックス,プライム（内国株式）,金属製品,2422,2440,2405,2440,36,1.497504,107400,OK
2024-07-10,5989,エイチワン,プライム（内国株式）,金属製品,1060,1086,1059,1085,23,2.165725,95800,OK
2024-07-10,5990,スーパーツール,スタンダード（内国株式）,金属製品,,,,,,,,NO_QUOTE
2024-07-10,5991,日本発條,プライム（内国株式）,金属製品,1717,1754.5,1711,1736,27.5,1.609599,630900,OK
2024-07-10,5992,中央発條,スタンダード（内国株式）,金属製品,1227,1246,1210,1246,23,1.880621,50900,OK
2024-07-10,5994,ファインシンター,スタンダード（内国株式）,金属製品,1040,1061,1032,1032,-8,-0.769231,7100,OK
2024-07-10,5997,協立エアテック,スタンダード（内国株式）,金属製品,672,684,671,684,2,0.293255,5100,OK
2024-07-10,5998,アドバネクス,スタンダード（内国株式）,金属製品,1098,1100,1046,1048,-52,-4.727273,12200,OK
2024-07-10,6005,三浦工業,プライム（内国株式）,機械,3550,3595,3541,3594,43,1.210926,486100,OK
2024-07-10,6013,タクマ,プライム（内国株式）,機械,1780,1780,1728,1746,-46,-2.566964,234000,OK
2024-07-10,6016,ジャパンエンジンコーポレーション,スタンダード（内国株式）,輸送用機器,18260,18400,17850,18100,-200,-1.092896,71200,OK
2024-07-10,6018,阪神内燃機工業,スタンダード（内国株式）,輸送用機器,2771,2771,2771,2771,0,0,1000,OK
2024-07-10,6022,赤阪鐵工所,スタンダード（内国株式）,機械,2173,2237,2160,2200,35,1.616628,3400,OK
2024-07-10,6023,ダイハツディーゼル,スタンダード（内国株式）,輸送用機器,1900,1915,1872,1881,-4,-0.212202,119500,OK
2024-07-10,6026,ＧＭＯ　ＴＥＣＨ,グロース（内国株式）,サービス業,11310,11700,10030,10180,-1430,-12.316968,64300,OK
2024-07-10,6027,弁護士ドットコム,グロース（内国株式）,サービス業,3705,3805,3700,3705,15,0.406504,131500,OK
2024-07-10,6028,テクノプロ・ホールディングス,プライム（内国株式）,サービス業,2678.5,2700,2636,2669,-24.5,-0.909597,369500,OK
2024-07-10,6029,アトラグループ,スタンダード（内国株式）,サービス業,166,167,165,165,0,0,10200,OK
2024-07-10,6030,アドベンチャー,グロース（内国株式）,サービス業,4560,4800,4560,4800,245,5.378705,37600,OK
2024-07-10,6031,サイジニア,グロース（内国株式）,サービス業,909,909,889,900,-11,-1.207464,57300,OK
2024-07-10,6033,エクストリーム,グロース（内国株式）,サービス業,1310,1322,1295,1296,-14,-1.068702,6100,OK
2024-07-10,6034,ＭＲＴ,グロース（内国株式）,サービス業,827,827,804,819,-9,-1.086957,3400,OK
2024-07-10,6035,アイ・アールジャパンホールディングス,プライム（内国株式）,サービス業,1222,1222,1158,1170,-32,-2.66223,90300,OK
2024-07-10,6036,ＫｅｅＰｅｒ技研,プライム（内国株式）,サービス業,3800,3820,3740,3770,-30,-0.789474,114900,OK
2024-07-10,6037,ファーストロジック,スタンダード（内国株式）,サービス業,543,546,536,538,-3,-0.554529,31100,OK
2024-07-10,6038,イード,グロース（内国株式）,サービス業,795,822,784,809,14,1.761006,50400,OK
2024-07-10,6039,日本動物高度医療センター,グロース（内国株式）,サービス業,2120,2134,2002,2095,-25,-1.179245,5300,OK
2024-07-10,6040,日本スキー場開発,グロース（内国株式）,サービス業,1066,1070,1059,1062,5,0.473037,18400,OK
2024-07-10,6042,ニッキ,スタンダード（内国株式）,輸送用機器,2599,2599,2580,2585,1,0.0387,1900,OK
2024-07-10,6044,三機サービス,スタンダード（内国株式）,サービス業,1114,1116,1073,1088,-28,-2.508961,33200,OK
2024-07-10,6045,レントラックス,グロース（内国株式）,サービス業,486,486,484,486,1,0.206186,1300,OK
2024-07-10,6046,リンクバル,グロース（内国株式）,サービス業,165,180,161,164,-1,-0.606061,322400,OK
2024-07-10,6047,Ｇｕｎｏｓｙ,プライム（内国株式）,サービス業,807,811,782,802,-7,-0.865266,324600,OK
2024-07-10,6048,デザインワン・ジャパン,スタンダード（内国株式）,サービス業,164,167,163,167,4,2.453988,102400,OK
2024-07-10,6049,イトクロ,グロース（内国株式）,サービス業,283,284,280,280,-4,-1.408451,15600,OK
2024-07-10,6050,イー・ガーディアン,プライム（内国株式）,サービス業,2091,2091,2021,2037,-54,-2.582496,81000,OK
2024-07-10,6054,リブセンス,スタンダード（内国株式）,サービス業,222,225,221,222,-1,-0.44843,22900,OK
2024-07-10,6055,ジャパンマテリアル,プライム（内国株式）,サービス業,2200,2277,2200,2277,88,4.020101,374700,OK
2024-07-10,6058,ベクトル,プライム（内国株式）,サービス業,1210,1211,1160,1174,-39,-3.215169,409900,OK
2024-07-10,6059,ウチヤマホールディングス,スタンダード（内国株式）,サービス業,345,345,342,342,-3,-0.869565,35700,OK
2024-07-10,6060,こころネット,スタンダード（内国株式）,サービス業,1045,1064,1045,1045,-6,-0.570885,400,OK
2024-07-10,6061,ユニバーサル園芸社,スタンダード（内国株式）,サービス業,3355,3355,3320,3330,-20,-0.597015,1900,OK
2024-07-10,6062,チャーム・ケア・コーポレーション,プライム（内国株式）,サービス業,1540,1541,1473,1516,-34,-2.193548,167600,OK
2024-07-10,6063,日本エマージェンシーアシスタンス,スタンダード（内国株式）,サービス業,844,850,826,827,-17,-2.014218,4300,OK
2024-07-10,6069,トレンダーズ,グロース（内国株式）,サービス業,964,964,940,943,-21,-2.178423,18000,OK
2024-07-10,6070,キャリアリンク,プライム（内国株式）,サービス業,2543,2550,2494,2513,-30,-1.179709,41000,OK
2024-07-10,6071,ＩＢＪ,プライム（内国株式）,サービス業,597,597,581,591,-6,-1.005025,165600,OK
2024-07-10,6072,地盤ネットホールディングス,グロース（内国株式）,サービス業,152,154,151,152,1,0.662252,190900,OK
2024-07-10,6073,アサンテ,プライム（内国株式）,サービス業,1760,1760,1713,1729,-31,-1.761364,20700,OK
2024-07-10,6074,ジェイエスエス,スタンダード（内国株式）,サービス業,,,,,,,,NO_QUOTE
2024-07-10,6078,バリューＨＲ,プライム（内国株式）,サービス業,1455,1462,1439,1461,6,0.412371,56000,OK
2024-07-10,6080,Ｍ＆Ａキャピタルパートナーズ,プライム（内国株式）,サービス業,2310,2330,2219,2228,-74,-3.214596,182300,OK
2024-07-10,6081,アライドアーキテクツ,グロース（内国株式）,サービス業,234,239,230,232,-3,-1.276596,59700,OK
2024-07-10,6082,ライドオンエクスプレスホールディングス,スタンダード（内国株式）,サービス業,1033,1036,1031,1033,-1,-0.096712,9900,OK
2024-07-10,6083,ＥＲＩホールディングス,スタンダード（内国株式）,サービス業,2134,2180,2082,2113,-231,-9.854949,249000,OK
2024-07-10,6085,アーキテクツ・スタジオ・ジャパン,グロース（内国株式）,サービス業,539,577,539,565,22,4.051565,7500,OK
2024-07-10,6086,シンメンテホールディングス,グロース（内国株式）,サービス業,1410,1414,1380,1400,-10,-0.70922,2100,OK
2024-07-10,6087,アビスト,スタンダード（内国株式）,サービス業,3330,3330,3305,3315,-5,-0.150602,3500,OK
2024-07-10,6088,シグマクシス・ホールディングス,プライム（内国株式）,サービス業,1560,1571,1545,1563,-11,-0.698856,118300,OK
2024-07-10,6089,ウィルグループ,プライム（内国株式）,サービス業,1017,1020,1010,1011,-16,-1.557936,47700,OK
2024-07-10,6090,ヒューマン・メタボローム・テクノロジーズ,グロース（内国株式）,サービス業,633,637,628,632,-2,-0.315457,7900,OK
2024-07-10,6091,ウエスコホールディングス,スタンダード（内国株式）,サービス業,665,673,664,668,1,0.149925,156600,OK
2024-07-10,6092,エンバイオ・ホールディングス,スタンダード（内国株式）,サービス業,645,645,638,638,-3,-0.468019,3000,OK
2024-07-10,6093,エスクロー・エージェント・ジャパン,スタンダード（内国株式）,サービス業,144,146,143,144,0,0,150800,OK
2024-07-10,6094,フリークアウト・ホールディングス,グロース（内国株式）,サービス業,801,801,777,785,-16,-1.997503,25400,OK
2024-07-10,6095,メドピア,プライム（内国株式）,サービス業,596,600,584,588,-12,-2,155000,OK
2024-07-10,6096,レアジョブ,スタンダード（内国株式）,サービス業,418,418,404,411,-6,-1.438849,77600,OK
2024-07-10,6098,リクルートホールディングス,プライム（内国株式）,サービス業,9250,9550,9235,9484,332,3.627622,9476600,OK
2024-07-10,6099,エラン,プライム（内国株式）,サービス業,917,932,911,931,15,1.637555,127000,OK
2024-07-10,6101,ツガミ,プライム（内国株式）,機械,1539,1570,1499,1515,2,0.132188,491000,OK
2024-07-10,6103,オークマ,プライム（内国株式）,機械,7765,7914,7753,7834,54,0.694087,164600,OK
2024-07-10,6104,芝浦機械,プライム（内国株式）,機械,3775,3800,3745,3795,10,0.264201,109800,OK
2024-07-10,6113,アマダ,プライム（内国株式）,機械,1825,1841,1819.5,1832.5,-9,-0.488732,1004600,OK
2024-07-10,6118,アイダエンジニアリング,プライム（内国株式）,機械,888,888,877,879,-7,-0.790068,180200,OK
2024-07-10,6125,岡本工作機械製作所,スタンダード（内国株式）,機械,4615,4615,4550,4555,-55,-1.193059,16200,OK
2024-07-10,6131,浜井産業,スタンダード（内国株式）,機械,1380,1380,1277,1314,-36,-2.666667,29300,OK
2024-07-10,6134,ＦＵＪＩ,プライム（内国株式）,機械,2661,2661,2621.5,2660.5,-17.5,-0.653473,155900,OK
2024-07-10,6135,牧野フライス製作所,プライム（内国株式）,機械,6790,6840,6760,6810,30,0.442478,67800,OK
2024-07-10,6136,オーエスジー,プライム（内国株式）,機械,1917.5,1928,1896,1908,-16.5,-0.857366,318200,OK
2024-07-10,6137,小池酸素工業,スタンダード（内国株式）,機械,5750,5800,5690,5780,30,0.521739,2800,OK
2024-07-10,6138,ダイジェット工業,スタンダード（内国株式）,機械,860,866,860,863,3,0.348837,4600,OK
2024-07-10,6140,旭ダイヤモンド工業,プライム（内国株式）,機械,975,979,962,968,-8,-0.819672,121100,OK
2024-07-10,6141,ＤＭＧ森精機,プライム（内国株式）,機械,4115,4172,4110,4172,51,1.237564,609800,OK
2024-07-10,6143,ソディック,プライム（内国株式）,機械,748,748,738,742,-6,-0.802139,150200,OK
2024-07-10,6144,西部電機,スタンダード（内国株式）,機械,2235,2273,2207,2211,-12,-0.539811,4200,OK
2024-07-10,6145,ＮＩＴＴＯＫＵ,スタンダード（内国株式）,機械,1908,1925,1895,1922,-8,-0.414508,108000,OK
2024-07-10,6146,ディスコ,プライム（内国株式）,機械,64880,66360,64380,66270,1590,2.458256,3940100,OK
2024-07-10,6147,ヤマザキ,スタンダード（内国株式）,機械,329,330,328,328,-1,-0.303951,7400,OK
2024-07-10,6149,小田原エンジニアリング,スタンダード（内国株式）,機械,1774,1774,1755,1758,-13,-0.734049,7300,OK
2024-07-10,6150,タケダ機械,スタンダード（内国株式）,機械,3300,3635,3300,3470,180,5.471125,7600,OK
2024-07-10,6151,日東工器,プライム（内国株式）,機械,2175,2203,2167,2185,-9,-0.41021,24900,OK
2024-07-10,6155,高松機械工業,スタンダード（内国株式）,機械,529,529,526,529,0,0,3900,OK
2024-07-10,6156,エーワン精密,スタンダード（内国株式）,機械,1786,1789,1782,1788,2,0.111982,29000,OK
2024-07-10,6157,日進工具,プライム（内国株式）,機械,973,980,963,969,-12,-1.223242,28700,OK
2024-07-10,6158,和井田製作所,スタンダード（内国株式）,機械,974,977,973,977,5,0.514403,1600,OK
2024-07-10,6159,ミクロン精密,スタンダード（内国株式）,機械,1600,1609,1600,1608,8,0.5,2300,OK
2024-07-10,6161,エスティック,スタンダード（内国株式）,機械,1017,1017,998,1015,-2,-0.196657,5200,OK
2024-07-10,6164,太陽工機,スタンダード（内国株式）,機械,1428,1433,1426,1433,-25,-1.714678,400,OK
2024-07-10,6165,パンチ工業,スタンダード（内国株式）,機械,457,459,448,450,-10,-2.173913,139900,OK
2024-07-10,6166,中村超硬,グロース（内国株式）,機械,394,398,378,382,-13,-3.291139,105500,OK
2024-07-10,6167,冨士ダイス,プライム（内国株式）,機械,866,869,851,863,-3,-0.34642,78800,OK
2024-07-10,6168,ＯＮＥ　ＧＲＯＵＰ,TOKYO PRO MARKET（内国株式）,機械,,,,,,,,NO_QUOTE
2024-07-10,6171,土木管理総合試験所,スタンダード（内国株式）,サービス業,322,323,321,321,0,0,12700,OK
2024-07-10,6173,アクアライン,グロース（内国株式）,サービス業,426,430,415,416,-14,-3.255814,11100,OK
2024-07-10,6174,デンタス,TOKYO PRO MARKET（内国株式）,サービス業,,,,,,,,NO_QUOTE
2024-07-10,6176,ブランジスタ,グロース（内国株式）,サービス業,668,668,635,638,-28,-4.204204,60100,OK
2024-07-10,6177,ＡｐｐＢａｎｋ,グロース（内国株式）,サービス業,108,109,107,108,0,0,35900,OK
2024-07-10,6178,日本郵政,プライム（内国株式）,サービス業,1652,1676.5,1649.5,1666.5,19.5,1.183971,10926900,OK
2024-07-10,6180,ＧＭＯメディア,グロース（内国株式）,サービス業,3085,3085,3050,3060,-40,-1.290323,1500,OK
2024-07-10,6181,タメニー,グロース（内国株式）,サービス業,125,125,121,123,-2,-1.6,273100,OK
2024-07-10,6182,メタリアル,グロース（内国株式）,サービス業,954,959,937,944,-13,-1.358412,68800,OK
2024-07-10,6183,ベルシステム２４ホールディングス,プライム（内国株式）,サービス業,1559,1573,1548,1550,-20,-1.273885,158600,OK
2024-07-10,6184,鎌倉新書,プライム（内国株式）,サービス業,425,430,421,425,0,0,296000,OK
2024-07-10,6185,ＳＭＮ,スタンダード（内国株式）,サービス業,323,323,315,315,-2,-0.630915,20300,OK
2024-07-10,6186,一蔵,スタンダード（内国株式）,サービス業,578,579,577,577,-1,-0.17301,4200,OK
2024-07-10,6189,グローバルキッズＣＯＭＰＡＮＹ,スタンダード（内国株式）,サービス業,683,688,681,682,2,0.294118,6000,OK
2024-07-10,6190,フェニックスバイオ,グロース（内国株式）,サービス業,521,522,506,506,-19,-3.619048,4100,OK
2024-07-10,6191,エアトリ,プライム（内国株式）,サービス業,1295,1305,1280,1294,-7,-0.538048,123100,OK
2024-07-10,6193,バーチャレクス・ホールディングス,グロース（内国株式）,サービス業,900,912,900,908,-7,-0.765027,2500,OK
2024-07-10,6194,アトラエ,プライム（内国株式）,サービス業,855,864,841,853,4,0.471143,609900,OK
2024-07-10,6195,ホープ,グロース（内国株式）,サービス業,241,260,235,253,14,5.857741,345900,OK
2024-07-10,6196,ストライク,プライム（内国株式）,サービス業,4630,4685,4535,4540,-80,-1.731602,80600,OK
2024-07-10,6197,ソラスト,プライム（内国株式）,サービス業,470,470,463,465,-4,-0.852878,308600,OK
2024-07-10,6198,キャリア,グロース（内国株式）,サービス業,403,406,400,405,4,0.997506,2800,OK
2024-07-10,6199,セラク,スタンダード（内国株式）,サービス業,1312,1331,1277,1281,-25,-1.914242,17100,OK
2024-07-10,6200,インソース,プライム（内国株式）,サービス業,827,836,824,836,4,0.480769,239200,OK
2024-07-10,6201,豊田自動織機,プライム（内国株式）,輸送用機器,13450,13615,13435,13605,-20,-0.146789,493800,OK
2024-07-10,6203,豊和工業,スタンダード（内国株式）,機械,891,893,858,871,-22,-2.463606,184400,OK
2024-07-10,6208,石川製作所,スタンダード（内国株式）,機械,1853,1882,1755,1822,-61,-3.239511,191400,OK
2024-07-10,6209,リケンＮＰＲ,プライム（内国株式）,機械,2826,2840,2808,2828,2,0.070771,50800,OK
2024-07-10,6210,東洋機械金属,スタンダード（内国株式）,機械,730,735,728,735,8,1.100413,60600,OK
2024-07-10,6217,津田駒工業,スタンダード（内国株式）,機械,399,400,397,397,-4,-0.997506,5400,OK
2024-07-10,6218,エンシュウ,スタンダード（内国株式）,機械,736,736,714,714,-17,-2.325581,11100,OK
2024-07-10,6222,島精機製作所,プライム（内国株式）,機械,1730,1731,1695,1706,-38,-2.178899,113800,OK
2024-07-10,6223,西部技研,スタンダード（内国株式）,機械,1649,1649,1596,1599,-44,-2.678028,89000,OK
2024-07-10,6224,ＪＲＣ,グロース（内国株式）,機械,961,968,938,939,-21,-2.1875,86700,OK
2024-07-10,6226,守谷輸送機工業,スタンダード（内国株式）,機械,1600,1600,1514,1523,-77,-4.8125,87900,OK
2024-07-10,6227,ＡＩメカテック,スタンダード（内国株式）,機械,2406,2410,2335,2348,-60,-2.491694,59700,OK
2024-07-10,6228,ジェイ・イー・ティ,スタンダード（内国株式）,機械,2760,2787,2715,2721,-46,-1.66245,66200,OK
2024-07-10,6229,オーケーエム,スタンダード（内国株式）,機械,1281,1290,1280,1290,-2,-0.154799,3700,OK
2024-07-10,6230,ＳＡＮＥＩ,スタンダード（内国株式）,機械,4645,4645,4525,4530,-115,-2.47578,1500,OK
2024-07-10,6231,木村工機,スタンダード（内国株式）,機械,5780,5900,5120,5150,-630,-10.899654,97000,OK
2024-07-10,6232,ＡＣＳＬ,グロース（内国株式）,機械,854,854,821,825,-30,-3.508772,161700,OK
2024-07-10,6233,ＫＬＡＳＳ,スタンダード（内国株式）,機械,477,477,467,475,1,0.21097,5900,OK
2024-07-10,6235,オプトラン,プライム（内国株式）,機械,2192,2245,2180,2197,-15,-0.678119,319200,OK
2024-07-10,6236,ＮＣホールディングス,スタンダード（内国株式）,機械,2204,2207,2204,2204,0,0,25900,OK
2024-07-10,6237,イワキ,プライム（内国株式）,機械,3005,3010,2941,2970,-4,-0.134499,24700,OK
2024-07-10,6238,フリュー,プライム（内国株式）,機械,1049,1053,1038,1050,8,0.767754,124800,OK
2024-07-10,6239,ナガオカ,スタンダード（内国株式）,機械,1586,1586,1540,1540,-32,-2.035623,14300,OK
2024-07-10,6240,ヤマシンフィルタ,プライム（内国株式）,機械,425,425,409,418,-3,-0.712589,238900,OK
2024-07-10,6245,ヒラノテクシード,スタンダード（内国株式）,機械,1880,1880,1852,1872,5,0.267809,23800,OK
2024-07-10,6246,テクノスマート,スタンダード（内国株式）,機械,1758,1775,1725,1768,13,0.740741,29400,OK
2024-07-10,6247,日阪製作所,プライム（内国株式）,機械,1038,1041,1033,1035,-3,-0.289017,38800,OK
2024-07-10,6248,横田製作所,スタンダード（内国株式）,機械,1382,1390,1360,1361,-19,-1.376812,1700,OK
2024-07-10,6249,ゲームカード・ジョイコホールディングス,スタンダード（内国株式）,機械,2429,2444,2396,2402,-23,-0.948454,29300,OK
2024-07-10,6250,やまびこ,プライム（内国株式）,機械,2261,2279,2234,2267,7,0.309735,59200,OK
2024-07-10,6254,野村マイクロ・サイエンス,プライム（内国株式）,機械,4070,4085,3940,3995,-125,-3.033981,1109400,OK
2024-07-10,6255,エヌ・ピー・シー,グロース（内国株式）,機械,1160,1497,1155,1350,153,12.781955,40677100,OK
2024-07-10,6257,藤商事,スタンダード（内国株式）,機械,1253,1254,1242,1247,-4,-0.319744,30300,OK
2024-07-10,6258,平田機工,プライム（内国株式）,機械,6810,6820,6590,6650,-130,-1.917404,92700,OK
2024-07-10,6262,ＰＥＧＡＳＵＳ,プライム（内国株式）,機械,595,595,581,584,-9,-1.517707,53800,OK
2024-07-10,6264,マルマエ,プライム（内国株式）,機械,2178,2184,2121,2139,-21,-0.972222,88300,OK
2024-07-10,6265,コンバム,スタンダード（内国株式）,機械,1975,1975,1975,1975,-19,-0.952859,100,OK
2024-07-10,6266,タツモ,プライム（内国株式）,機械,3605,3685,3545,3585,-55,-1.510989,253200,OK
2024-07-10,6267,ゼネラルパッカー,スタンダード（内国株式）,機械,3050,3050,3050,3050,-10,-0.326797,200,OK
2024-07-10,6268,ナブテスコ,プライム（内国株式）,機械,2765.5,2800.5,2754,2794,-7,-0.249911,420400,OK
2024-07-10,6269,三井海洋開発,プライム（内国株式）,機械,2777,2790,2703,2777,-14,-0.501612,589600,OK
2024-07-10,6272,レオン自動機,プライム（内国株式）,機械,1696,1696,1652,1658,-44,-2.585194,67100,OK
2024-07-10,6273,ＳＭＣ,プライム（内国株式）,機械,82310,82740,80880,81800,-810,-0.980511,236200,OK
2024-07-10,6276,シリウスビジョン,スタンダード（内国株式）,電気機器,494,494,491,493,-2,-0.40404,1500,OK
2024-07-10,6277,ホソカワミクロン,プライム（内国株式）,機械,4085,4085,3980,4005,-60,-1.476015,36300,OK
2024-07-10,6278,ユニオンツール,プライム（内国株式）,機械,5980,6070,5930,6050,60,1.001669,52700,OK
2024-07-10,6279,瑞光,プライム（内国株式）,機械,1067,1067,1045,1049,-8,-0.756859,30300,OK
2024-07-10,6282,オイレス工業,プライム（内国株式）,機械,2335,2352,2297,2305,-47,-1.998299,55000,OK
2024-07-10,6284,日精エー・エス・ビー機械,プライム（内国株式）,機械,5500,5540,5420,5480,-70,-1.261261,19600,OK
2024-07-10,6286,靜甲,スタンダード（内国株式）,機械,751,751,751,751,1,0.133333,300,OK
2024-07-10,6287,サトーホールディングス,プライム（内国株式）,機械,2229,2243,2194,2203,-45,-2.001779,74500,OK
2024-07-10,6289,技研製作所,プライム（内国株式）,機械,1976,1978,1924,1951,-25,-1.265182,176100,OK
2024-07-10,6291,日本エアーテック,スタンダード（内国株式）,機械,1247,1247,1232,1240,-1,-0.08058,27300,OK
2024-07-10,6292,カワタ,スタンダード（内国株式）,機械,891,891,875,875,-15,-1.685393,35000,OK
2024-07-10,6293,日精樹脂工業,プライム（内国株式）,機械,1032,1037,1017,1021,-11,-1.065891,32000,OK
2024-07-10,6294,オカダアイヨン,プライム（内国株式）,機械,2391,2405,2365,2397,4,0.167154,57600,OK
2024-07-10,6297,鉱研工業,スタンダード（内国株式）,機械,571,574,558,562,-10,-1.748252,20500,OK
2024-07-10,6298,ワイエイシイホールディングス,プライム（内国株式）,機械,2700,2707,2626,2667,-20,-0.744325,155200,OK
2024-07-10,6301,小松製作所,プライム（内国株式）,機械,4831,4844,4744,4785,-116,-2.366864,4018600,OK
2024-07-10,6302,住友重機械工業,プライム（内国株式）,機械,4200,4210,4125,4154,-72,-1.703739,357900,OK
2024-07-10,6305,日立建機,プライム（内国株式）,機械,4434,4450,4373,4398,-83,-1.852265,933600,OK
2024-07-10,6306,日工,プライム（内国株式）,機械,770,776,769,772,-4,-0.515464,49700,OK
2024-07-10,6307,サンセイ,スタンダード（内国株式）,機械,400,402,398,402,0,0,4300,OK
2024-07-10,6309,巴工業,プライム（内国株式）,機械,4810,4890,4685,4715,-90,-1.873049,44900,OK
2024-07-10,6310,井関農機,プライム（内国株式）,機械,1035,1035,1023,1026,-5,-0.484966,38200,OK
2024-07-10,6312,フロイント産業,スタンダード（内国株式）,機械,905,905,895,898,-1,-0.111235,11100,OK
2024-07-10,6315,ＴＯＷＡ,プライム（内国株式）,機械,11640,11640,11100,11220,-450,-3.856041,2434400,OK
2024-07-10,6316,丸山製作所,スタンダード（内国株式）,機械,2416,2416,2381,2381,-24,-0.997921,8300,OK
2024-07-10,6317,北川鉄工所,スタンダード（内国株式）,機械,1552,1573,1541,1562,22,1.428571,72200,OK
2024-07-10,6319,シンニッタン,スタンダード（内国株式）,鉄鋼,232,232,230,231,0,0,86300,OK
2024-07-10,6322,タクミナ,スタンダード（内国株式）,機械,2162,2169,2141,2169,7,0.323774,1800,OK
2024-07-10,6323,ローツェ,プライム（内国株式）,機械,34600,35250,34050,34450,-50,-0.144928,455200,OK
2024-07-10,6324,ハーモニック・ドライブ・システムズ,スタンダード（内国株式）,機械,4455,4525,4390,4515,-10,-0.220994,233200,OK
2024-07-10,6325,タカキタ,スタンダード（内国株式）,機械,467,469,465,469,4,0.860215,12600,OK
2024-07-10,6326,クボタ,プライム（内国株式）,機械,2212,2224.5,2185,2185,-67.5,-2.99667,5486500,OK
2024-07-10,6327,北川精機,スタンダード（内国株式）,機械,701,701,692,695,-2,-0.286944,22600,OK
2024-07-10,6328,荏原実業,プライム（内国株式）,機械,4640,4640,4460,4460,-110,-2.407002,42400,OK
2024-07-10,6330,東洋エンジニアリング,プライム（内国株式）,建設業,844,844,820,830,-10,-1.190476,207100,OK
2024-07-10,6331,三菱化工機,プライム（内国株式）,機械,4300,4300,4200,4240,-60,-1.395349,41000,OK
2024-07-10,6332,月島ホールディングス,プライム（内国株式）,機械,1495,1495,1469,1479,-13,-0.871314,63200,OK
2024-07-10,6333,帝国電機製作所,プライム（内国株式）,機械,2620,2622,2547,2571,-68,-2.576734,52900,OK
2024-07-10,6334,明治機械,スタンダード（内国株式）,機械,353,363,353,355,2,0.566572,7000,OK
2024-07-10,6335,東京機械製作所,スタンダード（内国株式）,機械,404,411,402,407,6,1.496259,18100,OK
2024-07-10,6336,石井表記,スタンダード（内国株式）,機械,663,665,663,665,6,0.91047,200,OK
2024-07-10,6337,テセック,スタンダード（内国株式）,機械,2356,2356,2255,2266,-75,-3.203759,19700,OK
2024-07-10,6338,タカトリ,スタンダード（内国株式）,機械,3700,3700,3625,3640,-60,-1.621622,40300,OK
2024-07-10,6339,新東工業,プライム（内国株式）,機械,1130,1132,1123,1131,1,0.088496,68400,OK
2024-07-10,6340,澁谷工業,プライム（内国株式）,機械,3450,3485,3440,3475,0,0,55400,OK
2024-07-10,6342,太平製作所,スタンダード（内国株式）,機械,2901,2917,2901,2917,-3,-0.10274,200,OK
2024-07-10,6343,フリージア・マクロス,スタンダード（内国株式）,機械,107,109,107,107,-1,-0.925926,31400,OK
2024-07-10,6345,アイチ　コーポレーション,プライム（内国株式）,機械,1264,1266,1231,1238,-26,-2.056962,91300,OK
2024-07-10,6346,キクカワエンタープライズ,スタンダード（内国株式）,機械,4520,4520,4490,4515,30,0.668896,500,OK
2024-07-10,6347,プラコー,スタンダード（内国株式）,機械,233,234,229,230,1,0.436681,8800,OK
2024-07-10,6349,小森コーポレーション,プライム（内国株式）,機械,1388,1394,1355,1361,-33,-2.367288,108700,OK
2024-07-10,6351,鶴見製作所,プライム（内国株式）,機械,4345,4345,4170,4190,-115,-2.671312,38100,OK
2024-07-10,6356,日本ギア工業,スタンダード（内国株式）,機械,561,564,552,564,4,0.714286,64700,OK
2024-07-10,6357,三精テクノロジーズ,スタンダード（内国株式）,機械,1727,1740,1704,1715,-12,-0.694847,34300,OK
2024-07-10,6358,酒井重工業,プライム（内国株式）,機械,5950,5950,5840,5860,-90,-1.512605,11100,OK
2024-07-10,6360,東京自働機械製作所,スタンダード（内国株式）,機械,2985,2985,2985,2985,19,0.640593,100,OK
2024-07-10,6361,荏原製作所,プライム（内国株式）,機械,2523.5,2523.5,2438.5,2468.5,-59,-2.334322,2674800,OK
2024-07-10,6362,石井鐵工所,スタンダード（内国株式）,機械,3000,3070,3000,3040,40,1.333333,3800,OK
2024-07-10,6363,酉島製作所,プライム（内国株式）,機械,3140,3175,3125,3140,30,0.96463,86800,OK
2024-07-10,6364,北越工業,プライム（内国株式）,機械,2324,2344,2200,2271,-59,-2.532189,50300,OK
2024-07-10,6365,電業社機械製作所,スタンダード（内国株式）,機械,4000,4000,3970,3995,40,1.011378,1300,OK
2024-07-10,6366,千代田化工建設,スタンダード（内国株式）,建設業,284,286,279,283,-1,-0.352113,1598700,OK
2024-07-10,6367,ダイキン工業,プライム（内国株式）,機械,23115,23125,22905,23025,-325,-1.391863,1005500,OK
2024-07-10,6368,オルガノ,プライム（内国株式）,機械,7870,7870,7680,7830,-40,-0.508259,284600,OK
2024-07-10,6369,トーヨーカネツ,プライム（内国株式）,機械,3895,3895,3850,3880,-35,-0.893997,21300,OK
2024-07-10,6370,栗田工業,プライム（内国株式）,機械,7034,7069,6995,7057,31,0.441218,263000,OK
2024-07-10,6371,椿本チエイン,プライム（内国株式）,機械,6390,6420,6300,6400,10,0.156495,96400,OK
2024-07-10,6373,大同工業,スタンダード（内国株式）,機械,907,909,900,905,-1,-0.110375,33100,OK
2024-07-10,6376,日機装,プライム（内国株式）,精密機器,1174,1181,1169,1173,-5,-0.424448,188000,OK
2024-07-10,6378,木村化工機,スタンダード（内国株式）,機械,720,723,714,720,2,0.278552,39800,OK
2024-07-10,6379,レイズネクスト,プライム（内国株式）,建設業,1903,1903,1791,1873,10,0.536769,202300,OK
2024-07-10,6380,オリエンタルチエン工業,スタンダード（内国株式）,機械,1875,1942,1875,1942,28,1.462905,500,OK
2024-07-10,6381,アネスト岩田,プライム（内国株式）,機械,1615,1621,1586,1594,-25,-1.544163,63300,OK
2024-07-10,6382,トリニティ工業,スタンダード（内国株式）,機械,1250,1259,1238,1241,-11,-0.878594,1800,OK
2024-07-10,6383,ダイフク,プライム（内国株式）,機械,3046,3046,2953,2990,-56,-1.838477,1700500,OK
2024-07-10,6384,昭和真空,スタンダード（内国株式）,機械,1470,1481,1461,1462,-18,-1.216216,7900,OK
2024-07-10,6387,サムコ,プライム（内国株式）,機械,4435,4890,4405,4890,525,12.027491,252600,OK
2024-07-10,6390,加藤製作所,プライム（内国株式）,機械,1280,1281,1250,1264,-12,-0.940439,66600,OK
2024-07-10,6391,加地テック,スタンダード（内国株式）,機械,4310,4310,4220,4225,-45,-1.053864,1700,OK
2024-07-10,6392,ヤマダコーポレーション,スタンダード（内国株式）,機械,5900,5900,5810,5810,-100,-1.692047,800,OK
2024-07-10,6393,油研工業,スタンダード（内国株式）,機械,2394,2394,2342,2346,-36,-1.511335,17200,OK
2024-07-10,6395,タダノ,プライム（内国株式）,機械,1135,1140.5,1121,1132.5,-13,-1.134876,246000,OK
2024-07-10,6396,宇野澤組鐵工所,スタンダード（内国株式）,機械,3070,3150,3065,3150,65,2.106969,9700,OK
2024-07-10,6400,不二精機,スタンダード（内国株式）,機械,308,308,306,308,1,0.325733,4700,OK
2024-07-10,6402,兼松エンジニアリング,スタンダード（内国株式）,機械,1168,1173,1168,1173,5,0.428082,700,OK
2024-07-10,6403,水道機工,スタンダード（内国株式）,機械,1929,1936,1905,1910,-39,-2.001026,5000,OK
2024-07-10,6405,鈴茂器工,スタンダード（内国株式）,機械,1595,1596,1552,1569,-25,-1.568381,66800,OK
2024-07-10,6406,フジテック,プライム（内国株式）,機械,4340,4418,4323,4408,55,1.263496,171600,OK
2024-07-10,6407,ＣＫＤ,プライム（内国株式）,機械,3395,3410,3330,3375,-70,-2.03193,204100,OK
2024-07-10,6408,小倉クラッチ,スタンダード（内国株式）,機械,3250,3270,3250,3250,30,0.931677,500,OK
2024-07-10,6411,中野冷機,スタンダード（内国株式）,機械,5900,5950,5900,5950,70,1.190476,600,OK
2024-07-10,6412,平和,プライム（内国株式）,機械,2056,2063,2047,2063,5,0.242954,127100,OK
2024-07-10,6413,理想科学工業,プライム（内国株式）,機械,3140,3160,3120,3120,-30,-0.952381,23400,OK
2024-07-10,6416,桂川電機,スタンダード（内国株式）,機械,931,931,931,931,1,0.107527,200,OK
2024-07-10,6417,ＳＡＮＫＹＯ,プライム（内国株式）,機械,1791,1806,1783,1801.5,8,0.446055,1004400,OK
2024-07-10,6418,日本金銭機械,プライム（内国株式）,機械,1091,1094,1072,1079,-12,-1.099908,316700,OK
2024-07-10,6419,マースグループホールディングス,プライム（内国株式）,機械,3850,3860,3790,3810,-35,-0.910273,91000,OK
2024-07-10,6420,フクシマガリレイ,プライム（内国株式）,機械,6640,6660,6510,6580,-80,-1.201201,28000,OK
2024-07-10,6424,高見沢サイバネティックス,スタンダード（内国株式）,機械,1282,1288,1281,1285,3,0.234009,4100,OK
2024-07-10,6425,ユニバーサルエンターテインメント,スタンダード（内国株式）,機械,1521,1535,1505,1528,6,0.394218,243200,OK
2024-07-10,6428,オーイズミ,スタンダード（内国株式）,機械,352,356,351,354,3,0.854701,50400,OK
2024-07-10,6430,ダイコク電機,プライム（内国株式）,機械,4035,4050,3960,3995,-30,-0.745342,73700,OK
2024-07-10,6432,竹内製作所,プライム（内国株式）,機械,5800,5800,5650,5720,-30,-0.521739,324100,OK
2024-07-10,6433,ヒーハイスト,スタンダード（内国株式）,機械,265,266,261,263,0,0,17000,OK
2024-07-10,6436,アマノ,プライム（内国株式）,機械,4150,4176,4137,4167,6,0.144196,142200,OK
2024-07-10,6440,ＪＵＫＩ,プライム（内国株式）,機械,532,535,519,522,-14,-2.61194,176400,OK
2024-07-10,6444,サンデン,スタンダード（内国株式）,機械,184,186,181,182,1,0.552486,240600,OK
2024-07-10,6445,ジャノメ,プライム（内国株式）,機械,680,683,679,682,0,0,31200,OK
2024-07-10,6448,ブラザー工業,プライム（内国株式）,電気機器,3129,3148,3009,3053,-17,-0.553746,1326600,OK
2024-07-10,6454,マックス,プライム（内国株式）,機械,3785,3785,3700,3750,10,0.26738,98700,OK
2024-07-10,6455,モリタホールディングス,プライム（内国株式）,輸送用機器,1788,1791,1756,1772,-16,-0.894855,67500,OK
2024-07-10,6457,グローリー,プライム（内国株式）,機械,2711,2718.5,2680,2699,-12.5,-0.460999,166500,OK
2024-07-10,6458,新晃工業,プライム（内国株式）,機械,4180,4260,4155,4200,-15,-0.355872,85800,OK
2024-07-10,6459,大和冷機工業,プライム（内国株式）,機械,1583,1596,1543,1568,-15,-0.947568,39800,OK
2024-07-10,6460,セガサミーホールディングス,プライム（内国株式）,機械,2468,2511,2460,2510.5,42.5,1.722042,732900,OK
2024-07-10,6463,ＴＰＲ,プライム（内国株式）,機械,2475,2486,2460,2476,11,0.446247,37400,OK
2024-07-10,6464,ツバキ・ナカシマ,プライム（内国株式）,機械,825,828,808,824,0,0,318100,OK
2024-07-10,6465,ホシザキ,プライム（内国株式）,機械,4879,4885,4820,4843,-46,-0.940888,603500,OK
2024-07-10,6466,ＴＶＥ,スタンダード（内国株式）,機械,2517,2517,2496,2496,-21,-0.834327,1300,OK
2024-07-10,6467,ニチダイ,スタンダード（内国株式）,機械,351,353,348,348,-2,-0.571429,11100,OK
2024-07-10,6469,放電精密加工研究所,スタンダード（内国株式）,機械,1224,1244,1148,1175,-57,-4.626623,242900,OK
2024-07-10,6470,大豊工業,スタンダード（内国株式）,機械,781,781,771,779,-4,-0.510856,45300,OK
2024-07-10,6471,日本精工,プライム（内国株式）,機械,800.1,811.8,798.6,808.8,5.6,0.697211,1942600,OK
2024-07-10,6472,ＮＴＮ,プライム（内国株式）,機械,321,322,318,320.9,-0.9,-0.279677,3251500,OK
2024-07-10,6473,ジェイテクト,プライム（内国株式）,機械,1114,1120.5,1109,1118.5,-2,-0.178492,1049200,OK
2024-07-10,6474,不二越,プライム（内国株式）,機械,3350,3365,3290,3340,-45,-1.329394,96700,OK
2024-07-10,6479,ミネベアミツミ,プライム（内国株式）,電気機器,3540,3574,3493,3567,4,0.112265,1448700,OK
2024-07-10,6480,日本トムソン,プライム（内国株式）,機械,627,630,624,627,-5,-0.791139,117700,OK
2024-07-10,6481,ＴＨＫ,プライム（内国株式）,機械,2931.5,2966,2893.5,2958,26.5,0.903974,616400,OK
2024-07-10,6482,ユーシン精機,スタンダード（内国株式）,機械,728,745,723,745,5,0.675676,59800,OK
2024-07-10,6484,ＫＶＫ,スタンダード（内国株式）,機械,1915,1933,1899,1899,-4,-0.210194,14200,OK
2024-07-10,6485,前澤給装工業,スタンダード（内国株式）,機械,1429,1436,1420,1430,1,0.069979,29800,OK
2024-07-10,6486,イーグル工業,プライム（内国株式）,機械,1852,1865,1837,1848,-4,-0.215983,83500,OK
2024-07-10,6488,ヨシタケ,スタンダード（内国株式）,機械,789,792,785,790,2,0.253807,13000,OK
2024-07-10,6489,前澤工業,スタンダード（内国株式）,機械,1539,1564,1515,1557,18,1.169591,137800,OK
2024-07-10,6490,日本ピラー工業,プライム（内国株式）,機械,5400,5480,5370,5470,10,0.18315,89500,OK
2024-07-10,6492,岡野バルブ製造,スタンダード（内国株式）,機械,5630,5840,5480,5480,-180,-3.180212,13300,OK
2024-07-10,6493,ＮＩＴＴＡＮ,スタンダード（内国株式）,輸送用機器,320,322,319,319,-1,-0.3125,16400,OK
2024-07-10,6494,ＮＦＫホールディングス,スタンダード（内国株式）,機械,99,100,98,98,-1,-1.010101,119100,OK
2024-07-10,6495,宮入バルブ製作所,スタンダード（内国株式）,機械,113,114,112,112,-1,-0.884956,25400,OK
2024-07-10,6496,中北製作所,スタンダード（内国株式）,機械,4025,4035,3815,3900,-500,-11.363636,83400,OK
2024-07-10,6497,ハマイ,スタンダード（内国株式）,機械,1142,1176,1142,1174,9,0.772532,1400,OK
2024-07-10,6498,キッツ,プライム（内国株式）,機械,1128,1135,1122,1127,-2,-0.177148,162800,OK
2024-07-10,6501,日立製作所,プライム（内国株式）,電気機器,3764,3830,3752,3818,-16,-0.417319,19237000,OK
2024-07-10,6503,三菱電機,プライム（内国株式）,電気機器,2715.5,2830.5,2703,2810.5,70,2.554278,11660300,OK
2024-07-10,6504,富士電機,プライム（内国株式）,電気機器,9440,9543,9289,9431,-50,-0.527371,501400,OK
2024-07-10,6505,東洋電機製造,スタンダード（内国株式）,電気機器,1063,1065,1045,1047,-15,-1.412429,33900,OK
2024-07-10,6506,安川電機,プライム（内国株式）,電気機器,5770,5790,5675,5713,-87,-1.5,1489400,OK
2024-07-10,6507,シンフォニアテクノロジー,プライム（内国株式）,電気機器,3560,3615,3395,3490,-110,-3.055556,179300,OK
2024-07-10,6508,明電舎,プライム（内国株式）,電気機器,3610,3645,3575,3610,-35,-0.960219,195700,OK
2024-07-10,6513,オリジン,スタンダード（内国株式）,電気機器,1330,1334,1320,1330,0,0,10900,OK
2024-07-10,6516,山洋電気,プライム（内国株式）,電気機器,7110,7120,7010,7110,10,0.140845,22300,OK
2024-07-10,6517,デンヨー,プライム（内国株式）,電気機器,2670,2771,2650,2744,92,3.46908,44900,OK
2024-07-10,6518,三相電機,スタンダード（内国株式）,電気機器,1075,1076,1075,1076,1,0.093023,12500,OK
2024-07-10,6521,オキサイド,グロース（内国株式）,電気機器,2423,2436,2376,2402,-23,-0.948454,77600,OK
2024-07-10,6522,アスタリスク,グロース（内国株式）,電気機器,616,634,607,626,9,1.458671,92900,OK
2024-07-10,6523,ＰＨＣホールディングス,プライム（内国株式）,電気機器,1160,1160,1113,1123,-45,-3.85274,254200,OK
2024-07-10,6524,湖北工業,スタンダード（内国株式）,電気機器,2580,2660,2561,2618,19,0.73105,174500,OK
2024-07-10,6525,ＫＯＫＵＳＡＩ　ＥＬＥＣＴＲＩＣ,プライム（内国株式）,電気機器,5220,5450,5120,5400,-420,-7.216495,5774600,OK
2024-07-10,6526,ソシオネクスト,プライム（内国株式）,電気機器,3827,3850,3721,3811,-41,-1.064382,9240900,OK
2024-07-10,6527,ワカ製作所,TOKYO PRO MARKET（内国株式）,電気機器,,,,,,,,NO_QUOTE
2024-07-10,6532,ベイカレント・コンサルティング,プライム（内国株式）,サービス業,3663,3676,3549,3604,-40,-1.097695,1093500,OK
2024-07-10,6533,Ｏｒｃｈｅｓｔｒａ　Ｈｏｌｄｉｎｇｓ,プライム（内国株式）,サービス業,1250,1268,1180,1208,-42,-3.36,89800,OK
2024-07-10,6535,アイモバイル,プライム（内国株式）,サービス業,520,520,507,511,-11,-2.10728,618200,OK
2024-07-10,6537,ＷＡＳＨハウス,グロース（内国株式）,サービス業,353,357,342,355,2,0.566572,80000,OK
2024-07-10,6538,キャリアインデックス,スタンダード（内国株式）,サービス業,198,200,193,196,0,0,57800,OK
2024-07-10,6539,ＭＳ−Ｊａｐａｎ,プライム（内国株式）,サービス業,1086,1090,1077,1085,-8,-0.73193,77300,OK
2024-07-10,6540,船場,スタンダード（内国株式）,サービス業,1230,1235,1225,1235,5,0.406504,7200,OK
2024-07-10,6542,ＦＣホールディングス,スタンダード（内国株式）,サービス業,939,939,922,923,-11,-1.17773,700,OK
2024-07-10,6543,日宣,スタンダード（内国株式）,サービス業,699,710,689,689,6,0.878477,14900,OK
2024-07-10,6544,ジャパンエレベーターサービスホールディングス,プライム（内国株式）,サービス業,2742,2747,2612,2671,-61,-2.232796,340900,OK
2024-07-10,6545,インターネットインフィニティー,グロース（内国株式）,サービス業,445,445,434,434,-3,-0.686499,1100,OK
2024-07-10,6546,フルテック,スタンダード（内国株式）,サービス業,1149,1149,1112,1116,-14,-1.238938,9600,OK
2024-07-10,6547,グリーンズ,スタンダード（内国株式）,サービス業,1955,2033,1920,2032,96,4.958678,117600,OK
2024-07-10,6548,旅工房,グロース（内国株式）,サービス業,193,193,188,188,-3,-1.570681,13100,OK
2024-07-10,6549,ディーエムソリューションズ,スタンダード（内国株式）,サービス業,1351,1382,1351,1381,28,2.069475,800,OK
2024-07-10,6550,Ｕｎｉｐｏｓ,グロース（内国株式）,サービス業,148,149,147,148,0,0,8900,OK
2024-07-10,6551,ツナググループ・ホールディングス,スタンダード（内国株式）,サービス業,655,657,650,653,3,0.461538,20900,OK
2024-07-10,6552,ＧａｍｅＷｉｔｈ,スタンダード（内国株式）,サービス業,251,254,250,254,3,1.195219,216800,OK
2024-07-10,6554,エスユーエス,グロース（内国株式）,サービス業,743,743,730,731,-12,-1.615074,3700,OK
2024-07-10,6555,ＭＳ＆Ｃｏｎｓｕｌｔｉｎｇ,スタンダード（内国株式）,サービス業,645,655,638,638,-5,-0.777605,5000,OK
2024-07-10,6557,ＡＩＡＩグループ,グロース（内国株式）,サービス業,1035,1059,1028,1028,-7,-0.676329,2100,OK
2024-07-10,6558,クックビズ,グロース（内国株式）,サービス業,1599,1599,1570,1586,-2,-0.125945,3700,OK
2024-07-10,6560,エル・ティー・エス,プライム（内国株式）,サービス業,2115,2139,2077,2092,-22,-1.040681,9300,OK
2024-07-10,6561,ＨＡＮＡＴＯＵＲ　ＪＡＰＡＮ,グロース（内国株式）,サービス業,1524,1526,1498,1499,-37,-2.408854,46900,OK
2024-07-10,6562,ジーニー,グロース（内国株式）,サービス業,1222,1222,1181,1197,2,0.167364,29100,OK
2024-07-10,6563,みらいワークス,グロース（内国株式）,サービス業,837,845,830,833,-10,-1.18624,7400,OK
2024-07-10,6564,ミダックホールディングス,プライム（内国株式）,サービス業,1468,1469,1446,1461,-22,-1.483479,72100,OK
2024-07-10,6565,ＡＢホテル,スタンダード（内国株式）,サービス業,1491,1500,1475,1500,14,0.942127,14500,OK
2024-07-10,6566,要興業,スタンダード（内国株式）,サービス業,904,906,898,906,2,0.221239,1800,OK
2024-07-10,6568,神戸天然物化学,グロース（内国株式）,サービス業,1312,1312,1295,1312,0,0,12000,OK
2024-07-10,6570,共和コーポレーション,スタンダード（内国株式）,サービス業,873,884,871,884,11,1.260023,2000,OK
2024-07-10,6571,キュービーネットホールディングス,プライム（内国株式）,サービス業,1266,1303,1251,1291,23,1.81388,260200,OK
2024-07-10,6572,オープングループ,プライム（内国株式）,サービス業,268,268,263,265,-3,-1.119403,88200,OK
2024-07-10,6573,アジャイルメディア・ネットワーク,グロース（内国株式）,サービス業,102,102,99,99,-2,-1.980198,186100,OK
2024-07-10,6574,コンヴァノ,グロース（内国株式）,サービス業,1301,1330,1294,1323,31,2.399381,3100,OK
2024-07-10,6576,揚工舎,TOKYO PRO MARKET（内国株式）,サービス業,,,,,,,,NO_QUOTE
2024-07-10,6577,ベストワンドットコム,グロース（内国株式）,サービス業,2860,2950,2726,2751,-20,-0.721761,18000,OK
2024-07-10,6578,コレック,スタンダード（内国株式）,サービス業,339,339,333,337,2,0.597015,12200,OK
2024-07-10,6579,ログリー,グロース（内国株式）,サービス業,467,470,464,470,2,0.42735,1800,OK
2024-07-10,6580,ライトアップ,グロース（内国株式）,サービス業,1025,1113,956,982,-39,-3.819785,53200,OK
2024-07-10,6584,三櫻工業,プライム（内国株式）,輸送用機器,1040,1040,1016,1024,-17,-1.633045,148600,OK
2024-07-10,6586,マキタ,プライム（内国株式）,機械,4508,4568,4500,4567,59,1.308784,838000,OK
2024-07-10,6588,東芝テック,プライム（内国株式）,電気機器,3600,3610,3540,3555,-30,-0.83682,89400,OK
2024-07-10,6590,芝浦メカトロニクス,プライム（内国株式）,電気機器,9500,9600,9380,9590,170,1.804671,328600,OK
2024-07-10,6592,マブチモーター,プライム（内国株式）,電気機器,2326,2343,2318,2343,4.5,0.192431,456700,OK
2024-07-10,6594,ニデック,プライム（内国株式）,電気機器,6991,7015,6895,6949,-41,-0.586552,2100300,OK
2024-07-10,6596,筑波精工,TOKYO PRO MARKET（内国株式）,電気機器,,,,,,,,NO_QUOTE
2024-07-10,6597,ＨＰＣシステムズ,グロース（内国株式）,電気機器,1238,1252,1205,1209,-41,-3.28,65200,OK
2024-07-10,6599,エブレン,スタンダード（内国株式）,電気機器,2351,2351,2351,2351,-9,-0.381356,100,OK
2024-07-10,6612,バルミューダ,グロース（内国株式）,電気機器,1210,1220,1208,1212,-8,-0.655738,9300,OK
2024-07-10,6613,ＱＤレーザ,グロース（内国株式）,電気機器,446,446,436,437,-10,-2.237136,443500,OK
2024-07-10,6614,シキノハイテック,スタンダード（内国株式）,電気機器,1950,1950,1895,1915,-10,-0.519481,10400,OK
2024-07-10,6615,ユー・エム・シー・エレクトロニクス,プライム（内国株式）,電気機器,400,419,395,418,24,6.091371,143500,OK
2024-07-10,6616,トレックス・セミコンダクター,プライム（内国株式）,電気機器,1856,1878,1837,1875,19,1.023707,51600,OK
2024-07-10,6617,東光高岳,プライム（内国株式）,電気機器,1994,2013,1977,1999,-9,-0.448207,39900,OK
2024-07-10,6619,ダブル・スコープ,プライム（内国株式）,電気機器,529,529,506,507,-25,-4.699248,1689800,OK
2024-07-10,6620,宮越ホールディングス,プライム（内国株式）,不動産業,2300,2357,2240,2266,-37,-1.6066,86100,OK
2024-07-10,6622,ダイヘン,プライム（内国株式）,電気機器,8270,8480,8220,8450,80,0.955795,142600,OK
2024-07-10,6625,ＪＡＬＣＯホールディングス,スタンダード（内国株式）,不動産業,542,550,535,550,14,2.61194,399400,OK
2024-07-10,6626,ＳＥＭＩＴＥＣ,スタンダード（内国株式）,電気機器,2075,2075,2013,2054,-21,-1.012048,23500,OK
2024-07-10,6627,テラプローブ,スタンダード（内国株式）,電気機器,5260,5260,4990,5080,-80,-1.550388,151400,OK
2024-07-10,6629,テクノホライゾン,スタンダード（内国株式）,電気機器,501,501,494,496,-6,-1.195219,39500,OK
2024-07-10,6630,ヤーマン,プライム（内国株式）,電気機器,816,817,806,814,-4,-0.488998,224100,OK
2024-07-10,6632,ＪＶＣケンウッド,プライム（内国株式）,電気機器,884,901,861,873,-11,-1.244344,1158100,OK
2024-07-10,6633,Ｃ＆Ｇシステムズ,スタンダード（内国株式）,電気機器,328,329,327,328,0,0,2300,OK
2024-07-10,6634,ネクスグループ,スタンダード（内国株式）,電気機器,128,128,125,126,-1,-0.787402,84800,OK
2024-07-10,6635,大日光・エンジニアリング,スタンダード（内国株式）,電気機器,648,649,641,645,-2,-0.309119,10300,OK
2024-07-10,6637,寺崎電気産業,スタンダード（内国株式）,電気機器,2700,2761,2691,2723,46,1.718341,27700,OK
2024-07-10,6638,ミマキエンジニアリング,プライム（内国株式）,電気機器,2055,2098,2037,2082,29,1.412567,223400,OK
2024-07-10,6640,Ｉ−ＰＥＸ,プライム（内国株式）,電気機器,2210,2226,2178,2206,-17,-0.764732,108900,OK
2024-07-10,6643,戸上電機製作所,スタンダード（内国株式）,電気機器,2773,2773,2760,2760,-16,-0.576369,1400,OK
2024-07-10,6644,大崎電気工業,プライム（内国株式）,電気機器,680,682,668,673,-7,-1.029412,106800,OK
2024-07-10,6645,オムロン,プライム（内国株式）,電気機器,5730,5798,5695,5782,9,0.155898,696900,OK
2024-07-10,6647,森尾電機,スタンダード（内国株式）,電気機器,1749,1749,1749,1749,3,0.171821,2500,OK
2024-07-10,6648,かわでん,スタンダード（内国株式）,電気機器,,,,,,,,NO_QUOTE
2024-07-10,6651,日東工業,プライム（内国株式）,電気機器,3535,3545,3505,3530,-5,-0.141443,77300,OK
2024-07-10,6652,ＩＤＥＣ,プライム（内国株式）,電気機器,3035,3050,3015,3050,45,1.497504,123200,OK
2024-07-10,6653,正興電機製作所,プライム（内国株式）,電気機器,1390,1396,1370,1386,-11,-0.787402,54600,OK
2024-07-10,6654,不二電機工業,スタンダード（内国株式）,電気機器,1156,1158,1152,1155,2,0.173461,25900,OK
2024-07-10,6656,インスペック,スタンダード（内国株式）,電気機器,1066,1083,1052,1053,-22,-2.046512,15200,OK
2024-07-10,6658,シライ電子工業,スタンダード（内国株式）,電気機器,641,646,635,641,-2,-0.311042,57000,OK
2024-07-10,6659,メディアリンクス,スタンダード（内国株式）,電気機器,216,221,204,217,0,0,4399000,OK
2024-07-10,6662,ユビテック,スタンダード（内国株式）,電気機器,236,238,235,236,0,0,28900,OK
2024-07-10,6663,太洋テクノレックス,スタンダード（内国株式）,電気機器,320,320,315,317,-4,-1.246106,6100,OK
2024-07-10,6664,オプトエレクトロニクス,スタンダード（内国株式）,電気機器,332,332,327,330,-1,-0.302115,2400,OK
2024-07-10,6666,リバーエレテック,スタンダード（内国株式）,電気機器,569,569,540,544,-35,-6.044905,177800,OK
2024-07-10,6668,アドテック　プラズマ　テクノロジー,スタンダード（内国株式）,電気機器,1395,1398,1381,1383,-26,-1.84528,19600,OK
2024-07-10,6670,ＭＣＪ,スタンダード（内国株式）,電気機器,1491,1501,1474,1488,0,0,137300,OK
2024-07-10,6674,ジーエス・ユアサ　コーポレーション,プライム（内国株式）,電気機器,3065,3083,2923,2938,-183,-5.863505,2565700,OK
2024-07-10,6675,サクサホールディングス,スタンダード（内国株式）,電気機器,2630,2630,2574,2590,-26,-0.993884,19100,OK
2024-07-10,6676,メルコホールディングス,スタンダード（内国株式）,電気機器,3400,3415,3380,3385,-45,-1.311953,12200,OK
2024-07-10,6677,エスケーエレクトロニクス,スタンダード（内国株式）,電気機器,3345,3380,3340,3360,20,0.598802,37500,OK
2024-07-10,6678,テクノメディカ,スタンダード（内国株式）,電気機器,1826,1829,1795,1796,-24,-1.318681,9600,OK
2024-07-10,6694,ズーム,スタンダード（内国株式）,電気機器,1032,1035,1031,1031,-1,-0.096899,9500,OK
2024-07-10,6695,キャストリコ,TOKYO PRO MARKET（内国株式）,電気機器,,,,,,,,NO_QUOTE
2024-07-10,6696,トラース・オン・プロダクト,グロース（内国株式）,電気機器,639,656,611,634,-21,-3.206107,993000,OK
2024-07-10,6698,ヴィスコ・テクノロジーズ,スタンダード（内国株式）,電気機器,605,605,595,601,-1,-0.166113,5100,OK
2024-07-10,6699,ダイヤモンドエレクトリックホールディングス,プライム（内国株式）,電気機器,705,705,697,700,-3,-0.426743,13800,OK
2024-07-10,6701,日本電気,プライム（内国株式）,電気機器,13700,13835,13590,13760,-50,-0.362056,1351100,OK
2024-07-10,6702,富士通,プライム（内国株式）,電気機器,2634,2665.5,2617,2658,10.5,0.396601,5397800,OK
2024-07-10,6703,沖電気工業,プライム（内国株式）,電気機器,1063,1076,1058,1064,0,0,432200,OK
2024-07-10,6704,岩崎通信機,スタンダード（内国株式）,電気機器,1366,1366,1340,1350,-10,-0.735294,43000,OK
2024-07-10,6706,電気興業,プライム（内国株式）,電気機器,2123,2138,2110,2110,-39,-1.814798,15100,OK
2024-07-10,6707,サンケン電気,プライム（内国株式）,電気機器,7377,7582,7316,7540,90,1.208054,266700,OK
2024-07-10,6715,ナカヨ,スタンダード（内国株式）,電気機器,1144,1158,1144,1147,6,0.525855,2600,OK
2024-07-10,6718,アイホン,プライム（内国株式）,電気機器,3150,3150,2978,3100,-25,-0.8,33500,OK
2024-07-10,6721,ウインテスト,スタンダード（内国株式）,電気機器,83,84,82,84,0,0,30600,OK
2024-07-10,6723,ルネサスエレクトロニクス,プライム（内国株式）,電気機器,3247,3296,3242,3293,-2,-0.060698,8419600,OK
2024-07-10,6724,セイコーエプソン,プライム（内国株式）,電気機器,2650,2684.5,2636,2671.5,21.5,0.811321,1118100,OK
2024-07-10,6727,ワコム,プライム（内国株式）,電気機器,838,845,815,824,-17,-2.021403,767800,OK
2024-07-10,6728,アルバック,プライム（内国株式）,電気機器,10880,10950,10570,10790,-105,-0.963745,253400,OK
2024-07-10,6730,アクセル,スタンダード（内国株式）,電気機器,1506,1506,1466,1472,-23,-1.538462,56500,OK
2024-07-10,6731,ピクセラ,スタンダード（内国株式）,電気機器,90,91,88,90,0,0,606200,OK
2024-07-10,6734,ニューテック,スタンダード（内国株式）,電気機器,1652,1700,1652,1668,13,0.785498,2200,OK
2024-07-10,6736,サン電子,スタンダード（内国株式）,電気機器,4645,4745,4420,4470,-245,-5.196182,130300,OK
2024-07-10,6737,ＥＩＺＯ,プライム（内国株式）,電気機器,4910,4955,4875,4940,70,1.437372,56500,OK
2024-07-10,6740,ジャパンディスプレイ,プライム（内国株式）,電気機器,20,20,19,20,0,0,124643400,OK
2024-07-10,6741,日本信号,プライム（内国株式）,電気機器,1025,1036,1023,1032,1,0.096993,100300,OK
2024-07-10,6742,京三製作所,プライム（内国株式）,電気機器,705,705,678,682,-23,-3.262411,358700,OK
2024-07-10,6743,大同信号,スタンダード（内国株式）,電気機器,501,503,488,491,-10,-1.996008,23600,OK
2024-07-10,6744,能美防災,プライム（内国株式）,電気機器,2450,2462,2411,2440,-19,-0.772672,54600,OK
2024-07-10,6745,ホーチキ,プライム（内国株式）,電気機器,2201,2322,2201,2302,83,3.740424,53600,OK
2024-07-10,6748,星和電機,スタンダード（内国株式）,電気機器,574,574,565,565,-8,-1.396161,23000,OK
2024-07-10,6750,エレコム,プライム（内国株式）,電気機器,1663,1667,1645,1667,4,0.240529,109000,OK
2024-07-10,6752,パナソニック　ホールディングス,プライム（内国株式）,電気機器,1315,1316,1302.5,1315.5,-3.5,-0.265353,8902800,OK
2024-07-10,6753,シャープ,プライム（内国株式）,電気機器,950,950,928,937.8,-13.5,-1.419111,3009800,OK
2024-07-10,6754,アンリツ,プライム（内国株式）,電気機器,1233.5,1241,1220,1230.5,-3,-0.24321,854100,OK
2024-07-10,6755,富士通ゼネラル,プライム（内国株式）,電気機器,2046.5,2047,2013.5,2044.5,-3,-0.14652,293900,OK
2024-07-10,6757,ＯＳＧコーポレーション,スタンダード（内国株式）,電気機器,877,880,873,873,-2,-0.228571,1500,OK
2024-07-10,6758,ソニーグループ,プライム（内国株式）,電気機器,14500,14885,14490,14845,240,1.643273,5664000,OK
2024-07-10,6762,ＴＤＫ,プライム（内国株式）,電気機器,10760,11050,10710,11005,75,0.686185,1686200,OK
2024-07-10,6763,帝国通信工業,プライム（内国株式）,電気機器,2129,2129,2088,2088,-52,-2.429907,11700,OK
2024-07-10,6768,タムラ製作所,プライム（内国株式）,電気機器,720,725,710,725,2,0.276625,388100,OK
2024-07-10,6769,ザインエレクトロニクス,スタンダード（内国株式）,電気機器,1726,1726,1594,1635,-70,-4.105572,997000,OK
2024-07-10,6770,アルプスアルパイン,プライム（内国株式）,電気機器,1533,1567.5,1531.5,1561.5,7,0.450306,1471800,OK
2024-07-10,6771,池上通信機,スタンダード（内国株式）,電気機器,815,815,799,799,-7,-0.868486,46400,OK
2024-07-10,6772,東京コスモス電機,スタンダード（内国株式）,電気機器,4130,4155,4130,4140,-10,-0.240964,500,OK
2024-07-10,6775,ＴＢグループ,スタンダード（内国株式）,電気機器,161,162,158,158,-2,-1.25,26500,OK
2024-07-10,6776,天昇電気工業,スタンダード（内国株式）,化学,367,369,364,369,2,0.544959,4700,OK
2024-07-10,6777,ｓａｎｔｅｃ　Ｈｏｌｄｉｎｇｓ,スタンダード（内国株式）,電気機器,9280,9470,9250,9430,210,2.277657,67100,OK
2024-07-10,6778,アルチザネットワークス,スタンダード（内国株式）,電気機器,611,611,607,611,0,0,24800,OK
2024-07-10,6779,日本電波工業,プライム（内国株式）,電気機器,1464,1464,1435,1460,-6,-0.409277,190400,OK
2024-07-10,6785,鈴木,プライム（内国株式）,電気機器,1428,1440,1418,1430,-3,-0.209351,54200,OK
2024-07-10,6786,ＲＶＨ,スタンダード（内国株式）,サービス業,63,64,62,63,0,0,3300,OK
2024-07-10,6787,メイコー,プライム（内国株式）,電気機器,7410,7540,7380,7450,50,0.675676,132600,OK
2024-07-10,6788,日本トリム,プライム（内国株式）,電気機器,3475,3510,3435,3510,0,0,22000,OK
2024-07-10,6789,ローランド　ディー．ジー．,プライム（内国株式）,電気機器,5340,5360,5340,5350,10,0.187266,20500,OK
2024-07-10,6794,フォスター電機,プライム（内国株式）,電気機器,1735,1783,1716,1769,-4,-0.225606,261900,OK
2024-07-10,6797,名古屋電機工業,スタンダード（内国株式）,電気機器,2060,2061,2050,2061,0,0,700,OK
2024-07-10,6798,ＳＭＫ,プライム（内国株式）,電気機器,2485,2486,2435,2444,-40,-1.610306,11500,OK
2024-07-10,6800,ヨコオ,プライム（内国株式）,電気機器,2106,2106,2030,2049,-68,-3.212093,99200,OK
2024-07-10,6803,ティアック,スタンダード（内国株式）,電気機器,114,116,110,112,-4,-3.448276,3450400,OK
2024-07-10,6804,ホシデン,プライム（内国株式）,電気機器,2151,2155,2128,2142,-13,-0.603248,116500,OK
2024-07-10,6806,ヒロセ電機,プライム（内国株式）,電気機器,19190,19275,18700,18820,355,1.922556,309600,OK
2024-07-10,6807,日本航空電子工業,プライム（内国株式）,電気機器,2627,2665,2614,2648,17,0.646142,395400,OK
2024-07-10,6809,ＴＯＡ,プライム（内国株式）,電気機器,1055,1059,1051,1055,0,0,47700,OK
2024-07-10,6810,マクセル,プライム（内国株式）,電気機器,1839,1861,1834,1853,16,0.870985,268300,OK
2024-07-10,6814,古野電気,プライム（内国株式）,電気機器,2277,2373,2277,2373,96,4.216074,351500,OK
2024-07-10,6817,スミダコーポレーション,プライム（内国株式）,電気機器,1112,1113,1093,1102,-8,-0.720721,315000,OK
2024-07-10,6819,伊豆シャボテンリゾート,スタンダード（内国株式）,サービス業,451,452,450,452,1,0.221729,11100,OK
2024-07-10,6820,アイコム,プライム（内国株式）,電気機器,3125,3165,3125,3145,0,0,14400,OK
2024-07-10,6822,大井電気,スタンダード（内国株式）,電気機器,1795,1795,1771,1771,-24,-1.337047,1400,OK
2024-07-10,6823,リオン,プライム（内国株式）,電気機器,2851,2851,2809,2837,-36,-1.253046,33600,OK
2024-07-10,6824,新コスモス電機,スタンダード（内国株式）,電気機器,2449,2449,2365,2430,23,0.955546,12900,OK
2024-07-10,6832,アオイ電子,スタンダード（内国株式）,電気機器,2966,3095,2865,2942,226,8.32106,174200,OK
2024-07-10,6834,精工技研,スタンダード（内国株式）,電気機器,2915,3015,2851,2933,-32,-1.079258,63500,OK
2024-07-10,6835,アライドテレシスホールディングス,スタンダード（内国株式）,電気機器,100,101,99,99,-2,-1.980198,150900,OK
2024-07-10,6836,ぷらっとホーム,スタンダード（内国株式）,電気機器,708,718,707,707,-3,-0.422535,2800,OK
2024-07-10,6837,京写,スタンダード（内国株式）,電気機器,419,419,414,417,4,0.968523,17400,OK
2024-07-10,6838,多摩川ホールディングス,スタンダード（内国株式）,電気機器,831,838,785,793,-46,-5.482718,121000,OK
2024-07-10,6840,ＡＫＩＢＡホールディングス,スタンダード（内国株式）,電気機器,395,395,377,384,-11,-2.78481,50400,OK
2024-07-10,6841,横河電機,プライム（内国株式）,電気機器,4048,4128,4037,4108,60,1.482213,724900,OK
2024-07-10,6844,新電元工業,プライム（内国株式）,電気機器,2922,2922,2879,2889,-37,-1.264525,69000,OK
2024-07-10,6845,アズビル,プライム（内国株式）,電気機器,4500,4504,4449,4501,-46,-1.011656,389800,OK
2024-07-10,6848,東亜ディーケーケー,スタンダード（内国株式）,電気機器,850,852,850,850,0,0,9400,OK
2024-07-10,6849,日本光電工業,プライム（内国株式）,電気機器,2344,2358.5,2322.5,2354,10,0.426621,317500,OK
2024-07-10,6850,チノー,プライム（内国株式）,電気機器,2483,2493,2440,2493,-6,-0.240096,25700,OK
2024-07-10,6853,共和電業,スタンダード（内国株式）,電気機器,442,445,439,443,2,0.453515,82100,OK
2024-07-10,6855,日本電子材料,スタンダード（内国株式）,電気機器,3925,4020,3855,3990,40,1.012658,343300,OK
2024-07-10,6856,堀場製作所,プライム（内国株式）,電気機器,13245,13275,13050,13235,-160,-1.194476,236500,OK
2024-07-10,6857,アドバンテスト,プライム（内国株式）,電気機器,6857,6940,6830,6924,25,0.362371,8426700,OK
2024-07-10,6858,小野測器,スタンダード（内国株式）,電気機器,658,660,645,650,-2,-0.306748,40900,OK
2024-07-10,6859,エスペック,プライム（内国株式）,電気機器,3135,3135,3055,3085,-55,-1.751592,134500,OK
2024-07-10,6861,キーエンス,プライム（内国株式）,電気機器,75240,76200,74810,75830,250,0.330775,642500,OK
2024-07-10,6862,ミナトホールディングス,スタンダード（内国株式）,電気機器,767,767,746,755,-5,-0.657895,41400,OK
2024-07-10,6863,ニレコ,スタンダード（内国株式）,電気機器,1558,1574,1508,1523,-23,-1.48771,24400,OK
2024-07-10,6864,エヌエフホールディングス,スタンダード（内国株式）,電気機器,1089,1090,1080,1088,9,0.834106,7800,OK
2024-07-10,6866,日置電機,プライム（内国株式）,電気機器,6800,7050,6700,7030,210,3.079179,99500,OK
2024-07-10,6867,リーダー電子,スタンダード（内国株式）,電気機器,566,567,547,556,-10,-1.766784,9600,OK
2024-07-10,6869,シスメックス,プライム（内国株式）,電気機器,2520,2533,2491,2531.5,-11.5,-0.452222,1162900,OK
2024-07-10,6870,日本フェンオール,スタンダード（内国株式）,電気機器,1742,1750,1742,1750,1,0.057176,600,OK
2024-07-10,6871,日本マイクロニクス,プライム（内国株式）,電気機器,7120,7440,7090,7440,320,4.494382,1468800,OK
2024-07-10,6874,協立電機,スタンダード（内国株式）,電気機器,3440,3445,3430,3445,5,0.145349,1200,OK
2024-07-10,6875,メガチップス,プライム（内国株式）,電気機器,4235,4240,4130,4155,-65,-1.540284,46400,OK
2024-07-10,6877,ＯＢＡＲＡ　ＧＲＯＵＰ,スタンダード（内国株式）,電気機器,4215,4215,4175,4205,-10,-0.237248,25600,OK
2024-07-10,6879,ＩＭＡＧＩＣＡ　ＧＲＯＵＰ,プライム（内国株式）,情報･通信業,542,548,536,546,4,0.738007,98500,OK
2024-07-10,6882,三社電機製作所,スタンダード（内国株式）,電気機器,1066,1072,1056,1060,-12,-1.119403,77700,OK
2024-07-10,6888,アクモス,スタンダード（内国株式）,情報･通信業,553,554,547,551,-1,-0.181159,57400,OK
2024-07-10,6890,フェローテックホールディングス,スタンダード（内国株式）,電気機器,2740,2740,2675,2680,-48,-1.759531,913000,OK
2024-07-10,6894,パルステック工業,スタンダード（内国株式）,電気機器,1900,1920,1900,1920,14,0.734523,300,OK
2024-07-10,6897,ツインバード,スタンダード（内国株式）,電気機器,505,505,500,503,1,0.199203,6800,OK
2024-07-10,6898,トミタ電機,スタンダード（内国株式）,電気機器,1513,1529,1513,1529,1,0.065445,300,OK
2024-07-10,6899,ＡＳＴＩ,スタンダード（内国株式）,電気機器,3370,3370,3300,3315,-50,-1.485884,16600,OK
2024-07-10,6901,澤藤電機,スタンダード（内国株式）,電気機器,1260,1265,1260,1260,0,0,2900,OK
2024-07-10,6902,デンソー,プライム（内国株式）,輸送用機器,2499.5,2544.5,2495,2538.5,18.5,0.734127,6534600,OK
2024-07-10,6904,原田工業,スタンダード（内国株式）,電気機器,580,583,579,579,-1,-0.172414,18400,OK
2024-07-10,6905,コーセル,プライム（内国株式）,電気機器,1243,1243,1211,1217,-29,-2.327448,148300,OK
2024-07-10,6907,ジオマテック,スタンダード（内国株式）,電気機器,577,579,566,573,-5,-0.865052,4300,OK
2024-07-10,6908,イリソ電子工業,プライム（内国株式）,電気機器,3115,3135,3085,3120,-15,-0.478469,107300,OK
2024-07-10,6912,菊水ホールディングス,スタンダード（内国株式）,電気機器,1482,1487,1475,1487,15,1.019022,4800,OK
2024-07-10,6914,オプテックスグループ,プライム（内国株式）,電気機器,1716,1736,1700,1707,-9,-0.524476,176500,OK
2024-07-10,6915,千代田インテグレ,スタンダード（内国株式）,電気機器,3305,3335,3275,3285,-25,-0.755287,17300,OK
2024-07-10,6918,アバールデータ,スタンダード（内国株式）,電気機器,4630,4645,4575,4645,15,0.323974,16100,OK
2024-07-10,6919,ケル,スタンダード（内国株式）,電気機器,1776,1776,1754,1754,-22,-1.238739,6800,OK
2024-07-10,6920,レーザーテック,プライム（内国株式）,電気機器,34380,34390,33220,33610,-890,-2.57971,5626200,OK
2024-07-10,6923,スタンレー電気,プライム（内国株式）,電気機器,2870.5,2882.5,2851,2878,-6.5,-0.225342,285400,OK
2024-07-10,6925,ウシオ電機,プライム（内国株式）,電気機器,2140.5,2148.5,2132,2145,-10.5,-0.487126,351000,OK
2024-07-10,6926,岡谷電機産業,スタンダード（内国株式）,電気機器,255,255,251,251,-1,-0.396825,12000,OK
2024-07-10,6927,ヘリオス　テクノ　ホールディング,スタンダード（内国株式）,電気機器,860,861,844,850,-10,-1.162791,835500,OK
2024-07-10,6928,エノモト,プライム（内国株式）,電気機器,1535,1539,1523,1532,-18,-1.16129,25600,OK
2024-07-10,6929,日本セラミック,プライム（内国株式）,電気機器,2566,2593,2527,2550,-23,-0.893898,102600,OK
2024-07-10,6930,日本アンテナ,スタンダード（内国株式）,電気機器,800,800,773,788,-12,-1.5,20100,OK
2024-07-10,6932,遠藤照明,スタンダード（内国株式）,電気機器,1565,1578,1530,1530,-28,-1.797176,51900,OK
2024-07-10,6937,古河電池,プライム（内国株式）,電気機器,1267,1267,1219,1232,-35,-2.762431,177600,OK
2024-07-10,6938,双信電機,スタンダード（内国株式）,電気機器,478,478,478,478,0,0,10400,OK
2024-07-10,6941,山一電機,プライム（内国株式）,電気機器,3270,3275,3210,3275,0,0,185700,OK
2024-07-10,6942,ソフィアホールディングス,スタンダード（内国株式）,情報･通信業,1090,1090,1076,1077,-11,-1.011029,6500,OK
2024-07-10,6943,ＮＫＫスイッチズ,スタンダード（内国株式）,電気機器,,,,,,,,NO_QUOTE
2024-07-10,6946,日本アビオニクス,スタンダード（内国株式）,電気機器,11600,12000,11350,11550,-310,-2.613828,48100,OK
2024-07-10,6947,図研,プライム（内国株式）,電気機器,4100,4100,3995,4070,-15,-0.367197,44100,OK
2024-07-10,6951,日本電子,プライム（内国株式）,電気機器,7158,7158,6923,7049,-86,-1.205326,340600,OK
2024-07-10,6952,カシオ計算機,プライム（内国株式）,電気機器,1196,1204.5,1193.5,1198,-2,-0.166667,758000,OK
2024-07-10,6954,ファナック,プライム（内国株式）,電気機器,4479,4562,4462,4535,11,0.243148,2971600,OK
2024-07-10,6955,ＦＤＫ,スタンダード（内国株式）,電気機器,725,725,711,714,-11,-1.517241,18000,OK
2024-07-10,6957,芝浦電子,スタンダード（内国株式）,電気機器,3090,3130,3075,3130,-20,-0.634921,82200,OK
2024-07-10,6958,日本シイエムケイ,プライム（内国株式）,電気機器,582,583,572,577,-7,-1.19863,423200,OK
2024-07-10,6960,フクダ電子,スタンダード（内国株式）,電気機器,6600,6710,6540,6680,120,1.829268,10000,OK
2024-07-10,6961,エンプラス,プライム（内国株式）,電気機器,8330,8430,8120,8270,-210,-2.476415,159200,OK
2024-07-10,6962,大真空,プライム（内国株式）,電気機器,752,756,743,753,-3,-0.396825,153500,OK
2024-07-10,6963,ローム,プライム（内国株式）,電気機器,2280,2299,2270,2293,-15.5,-0.671432,3096100,OK
2024-07-10,6964,サンコー,スタンダード（内国株式）,電気機器,615,616,612,616,0,0,1000,OK
2024-07-10,6965,浜松ホトニクス,プライム（内国株式）,電気機器,4310,4360,4277,4358,48,1.113689,768700,OK
2024-07-10,6966,三井ハイテック,プライム（内国株式）,電気機器,6190,6190,6075,6120,-122,-1.954502,536700,OK
2024-07-10,6967,新光電気工業,プライム（内国株式）,電気機器,5680,5695,5674,5687,14,0.246783,425200,OK
2024-07-10,6969,松尾電機,スタンダード（内国株式）,電気機器,572,574,561,565,-9,-1.567944,3100,OK
2024-07-10,6971,京セラ,プライム（内国株式）,電気機器,1940,1959.5,1930.5,1950.5,2.5,0.128337,3882600,OK
2024-07-10,6973,協栄産業,スタンダード（内国株式）,卸売業,2755,2795,2749,2759,-4,-0.14477,5800,OK
2024-07-10,6976,太陽誘電,プライム（内国株式）,電気機器,4695,4774,4626,4764,55,1.167976,2943300,OK
2024-07-10,6977,日本抵抗器製作所,スタンダード（内国株式）,電気機器,980,980,970,975,-10,-1.015228,2400,OK
2024-07-10,6981,村田製作所,プライム（内国株式）,電気機器,3579,3610,3561,3597,-8,-0.221914,5895400,OK
2024-07-10,6982,リード,スタンダード（内国株式）,輸送用機器,684,695,681,686,2,0.292398,7300,OK
2024-07-10,6986,双葉電子工業,プライム（内国株式）,電気機器,654,660,645,652,-6,-0.911854,224800,OK
2024-07-10,6988,日東電工,プライム（内国株式）,化学,13110,13260,13055,13180,65,0.495616,559100,OK
2024-07-10,6989,北陸電気工業,スタンダード（内国株式）,電気機器,1378,1378,1362,1362,-15,-1.089325,12400,OK
2024-07-10,6993,大黒屋ホールディングス,スタンダード（内国株式）,小売業,38,40,36,39,1,2.631579,5962400,OK
2024-07-10,6994,指月電機製作所,スタンダード（内国株式）,電気機器,438,439,430,432,-6,-1.369863,25600,OK
2024-07-10,6995,東海理化電機製作所,プライム（内国株式）,輸送用機器,2100,2107,2086,2105,3,0.142721,201900,OK
2024-07-10,6996,ニチコン,プライム（内国株式）,電気機器,1191,1193,1173,1179,-21,-1.75,450100,OK
2024-07-10,6997,日本ケミコン,プライム（内国株式）,電気機器,1630,1630,1585,1604,-19,-1.170672,253000,OK
2024-07-10,6998,日本タングステン,スタンダード（内国株式）,電気機器,1301,1308,1300,1308,9,0.692841,2500,OK
2024-07-10,6999,ＫＯＡ,プライム（内国株式）,電気機器,1535,1537,1516,1533,1,0.065274,93300,OK
2024-07-10,7003,三井Ｅ＆Ｓ,プライム（内国株式）,機械,1404,1409,1378,1404,-6,-0.425532,4637600,OK
2024-07-10,7004,日立造船,プライム（内国株式）,機械,1055,1070,1051,1069,9,0.849057,836600,OK
2024-07-10,7011,三菱重工業,プライム（内国株式）,機械,1981,2014,1825,1875,-125,-6.25,177984700,OK
2024-07-10,7012,川崎重工業,プライム（内国株式）,輸送用機器,6085,6180,5892,5942,-160,-2.622091,5529900,OK
2024-07-10,7013,ＩＨＩ,プライム（内国株式）,機械,5475,5582,5368,5457,-58,-1.051677,5756800,OK
2024-07-10,7014,名村造船所,スタンダード（内国株式）,輸送用機器,2430,2440,2341,2356,-48,-1.996672,12163300,OK
2024-07-10,7018,内海造船,スタンダード（内国株式）,輸送用機器,5180,5180,5010,5090,-80,-1.547389,14300,OK
2024-07-10,7021,ニッチツ,スタンダード（内国株式）,機械,1799,1805,1770,1770,-28,-1.557286,3900,OK
2024-07-10,7022,サノヤスホールディングス,スタンダード（内国株式）,機械,208,208,200,202,-6,-2.884615,282200,OK
2024-07-10,7030,スプリックス,スタンダード（内国株式）,サービス業,802,807,802,802,-4,-0.496278,5400,OK
2024-07-10,7031,インバウンドテック,グロース（内国株式）,サービス業,1029,1032,1022,1024,-15,-1.443696,1000,OK
2024-07-10,7033,マネジメントソリューションズ,プライム（内国株式）,サービス業,1375,1383,1325,1334,-48,-3.473227,285500,OK
2024-07-10,7034,プロレド・パートナーズ,プライム（内国株式）,サービス業,611,611,556,573,-45,-7.281553,185200,OK
2024-07-10,7035,ａｎｄ　ｆａｃｔｏｒｙ,スタンダード（内国株式）,サービス業,326,328,324,325,-1,-0.306748,6400,OK
2024-07-10,7036,イーエムネットジャパン,グロース（内国株式）,サービス業,929,929,921,929,6,0.650054,400,OK
2024-07-10,7037,テノ．ホールディングス,スタンダード（内国株式）,サービス業,414,420,413,414,0,0,8300,OK
2024-07-10,7038,フロンティア・マネジメント,プライム（内国株式）,サービス業,1211,1211,1191,1199,-12,-0.990917,37600,OK
2024-07-10,7039,ブリッジインターナショナル,グロース（内国株式）,サービス業,1592,1592,1580,1580,-12,-0.753769,1200,OK
2024-07-10,7040,サン・ライフホールディング,スタンダード（内国株式）,サービス業,1106,1106,1089,1100,15,1.382488,4600,OK
2024-07-10,7041,ＣＲＧホールディングス,グロース（内国株式）,サービス業,508,512,508,512,4,0.787402,4300,OK
2024-07-10,7042,アクセスグループ・ホールディングス,スタンダード（内国株式）,サービス業,926,935,910,920,-5,-0.540541,7800,OK
2024-07-10,7043,アルー,グロース（内国株式）,サービス業,846,859,833,858,9,1.060071,3800,OK
2024-07-10,7044,ピアラ,スタンダード（内国株式）,サービス業,273,275,270,270,-4,-1.459854,9700,OK
2024-07-10,7046,ＴＤＳＥ,グロース（内国株式）,サービス業,1935,1948,1930,1948,13,0.671835,5000,OK
2024-07-10,7047,ポート,グロース（内国株式）,サービス業,2213,2234,2173,2185,-35,-1.576577,68700,OK
2024-07-10,7048,ベルトラ,グロース（内国株式）,サービス業,414,414,408,409,-1,-0.243902,49200,OK
2024-07-10,7049,識学,グロース（内国株式）,サービス業,470,499,469,497,27,5.744681,49200,OK
2024-07-10,7050,フロンティアインターナショナル,グロース（内国株式）,サービス業,1680,1680,1680,1680,-1,-0.059488,200,OK
2024-07-10,7056,マルク,TOKYO PRO MARKET（内国株式）,サービス業,,,,,,,,NO_QUOTE
2024-07-10,7057,エヌ・シー・エヌ,スタンダード（内国株式）,サービス業,857,876,857,876,12,1.388889,1800,OK
2024-07-10,7058,共栄セキュリティーサービス,スタンダード（内国株式）,サービス業,,,,,,,,NO_QUOTE
2024-07-10,7059,コプロ・ホールディングス,プライム（内国株式）,サービス業,1770,1778,1720,1735,-29,-1.643991,74700,OK
2024-07-10,7060,ギークス,スタンダード（内国株式）,サービス業,454,458,450,458,0,0,21900,OK
2024-07-10,7061,日本ホスピスホールディングス,グロース（内国株式）,サービス業,1417,1425,1407,1418,-4,-0.281294,44800,OK
2024-07-10,7062,フレアス,グロース（内国株式）,サービス業,1405,1449,1383,1449,66,4.772234,3000,OK
2024-07-10,7063,Ｂｉｒｄｍａｎ,グロース（内国株式）,サービス業,1033,1033,1013,1028,-5,-0.484027,20500,OK
2024-07-10,7064,ハウテレビジョン,グロース（内国株式）,サービス業,2784,2784,2743,2743,-41,-1.472701,1100,OK
2024-07-10,7065,ユーピーアール,スタンダード（内国株式）,サービス業,1345,1348,1280,1280,7,0.549882,72500,OK
2024-07-10,7066,ピアズ,グロース（内国株式）,サービス業,979,985,947,960,-19,-1.940756,93200,OK
2024-07-10,7067,ブランディングテクノロジー,グロース（内国株式）,サービス業,1082,1082,1082,1082,0,0,200,OK
2024-07-10,7068,フィードフォースグループ,グロース（内国株式）,サービス業,609,613,589,594,-12,-1.980198,199500,OK
2024-07-10,7069,サイバー・バズ,グロース（内国株式）,サービス業,1478,1480,1444,1445,-6,-0.413508,1900,OK
2024-07-10,7071,アンビスホールディングス,プライム（内国株式）,サービス業,2169,2177,2098,2117,-59,-2.711397,250100,OK
2024-07-10,7072,インティメート・マージャー,グロース（内国株式）,サービス業,1107,1190,1107,1185,68,6.087735,19300,OK
2024-07-10,7073,ジェイック,グロース（内国株式）,サービス業,2323,2324,2283,2300,-41,-1.751388,7300,OK
2024-07-10,7074,トゥエンティーフォーセブン,グロース（内国株式）,サービス業,301,301,288,291,-11,-3.642384,36900,OK
2024-07-10,7077,ＡＬｉＮＫインターネット,グロース（内国株式）,サービス業,1041,1048,1038,1043,2,0.192123,1900,OK
2024-07-10,7078,ＩＮＣＬＵＳＩＶＥ,グロース（内国株式）,サービス業,725,740,716,726,9,1.25523,36000,OK
2024-07-10,7079,ＷＤＢココ,グロース（内国株式）,サービス業,3480,3480,3480,3480,0,0,100,OK
2024-07-10,7080,スポーツフィールド,グロース（内国株式）,サービス業,805,805,795,803,-5,-0.618812,12500,OK
2024-07-10,7081,コーユーレンティア,スタンダード（内国株式）,サービス業,2281,2286,2264,2270,-17,-0.743332,2500,OK
2024-07-10,7082,ジモティー,グロース（内国株式）,サービス業,1360,1372,1331,1333,-27,-1.985294,7200,OK
2024-07-10,7083,ＡＨＣグループ,グロース（内国株式）,サービス業,1900,2008,1843,1843,-88,-4.557224,111900,OK
2024-07-10,7084,Ｋｉｄｓ　Ｓｍｉｌｅ　Ｈｏｌｄｉｎｇｓ,グロース（内国株式）,サービス業,900,900,880,884,4,0.454545,2900,OK
2024-07-10,7085,カーブスホールディングス,プライム（内国株式）,サービス業,790,810,770,780,35,4.697987,1057600,OK
2024-07-10,7086,きずなホールディングス,グロース（内国株式）,サービス業,1344,1370,1339,1370,39,2.930128,18300,OK
2024-07-10,7087,ウイルテック,スタンダード（内国株式）,サービス業,909,910,904,904,-7,-0.768386,5000,OK
2024-07-10,7088,フォーラムエンジニアリング,プライム（内国株式）,サービス業,1010,1024,987,1000,-10,-0.990099,195000,OK
2024-07-10,7089,フォースタートアップス,グロース（内国株式）,サービス業,1120,1140,1120,1125,1,0.088968,4100,OK
2024-07-10,7090,リグア,グロース（内国株式）,サービス業,1545,1556,1509,1511,-74,-4.66877,19300,OK
2024-07-10,7091,リビングプラットフォーム,グロース（内国株式）,サービス業,1108,1110,1100,1110,2,0.180505,800,OK
2024-07-10,7092,Ｆａｓｔ　Ｆｉｔｎｅｓｓ　Ｊａｐａｎ,プライム（内国株式）,サービス業,1415,1430,1350,1371,-43,-3.041018,74800,OK
2024-07-10,7093,アディッシュ,グロース（内国株式）,サービス業,778,787,774,774,-7,-0.896287,1700,OK
2024-07-10,7094,ＮｅｘＴｏｎｅ,グロース（内国株式）,サービス業,1283,1285,1248,1268,-12,-0.9375,81500,OK
2024-07-10,7095,Ｍａｃｂｅｅ　Ｐｌａｎｅｔ,グロース（内国株式）,サービス業,3255,3270,3145,3215,145,4.723127,341900,OK
2024-07-10,7096,ステムセル研究所,グロース（内国株式）,サービス業,1602,1602,1582,1590,-11,-0.687071,14300,OK
2024-07-10,7097,さくらさくプラス,グロース（内国株式）,サービス業,991,999,990,999,2,0.200602,5300,OK
2024-07-10,7098,エージェント,TOKYO PRO MARKET（内国株式）,サービス業,,,,,,,,NO_QUOTE
2024-07-10,7102,日本車輌製造,プライム（内国株式）,輸送用機器,2638,2694,2550,2679,27,1.0181,43400,OK
2024-07-10,7105,三菱ロジスネクスト,スタンダード（内国株式）,輸送用機器,1483,1500,1440,1455,-60,-3.960396,293200,OK
2024-07-10,7110,クラシコム,グロース（内国株式）,小売業,1406,1409,1392,1392,-14,-0.995733,3200,OK
2024-07-10,7111,ＩＮＥＳＴ,スタンダード（内国株式）,卸売業,70,71,69,70,1,1.449275,555300,OK
2024-07-10,7112,キューブ,グロース（内国株式）,小売業,679,679,676,676,-2,-0.294985,700,OK
2024-07-10,7113,マナベインテリアハーツ,TOKYO PRO MARKET（内国株式）,小売業,,,,,,,,NO_QUOTE
2024-07-10,7114,フーディソン,グロース（内国株式）,卸売業,1437,1466,1432,1458,8,0.551724,2300,OK
2024-07-10,7115,アルファパーチェス,スタンダード（内国株式）,卸売業,1107,1117,1098,1100,-6,-0.542495,12000,OK
2024-07-10,7116,ダイワ通信,スタンダード（内国株式）,卸売業,1230,1259,1215,1250,20,1.626016,7800,OK
2024-07-10,7117,ミモナ,TOKYO PRO MARKET（内国株式）,小売業,,,,,,,,NO_QUOTE
2024-07-10,7118,伸和ホールディングス,TOKYO PRO MARKET（内国株式）,小売業,,,,,,,,NO_QUOTE
2024-07-10,7119,ハルメクホールディングス,グロース（内国株式）,小売業,987,994,970,970,-17,-1.722391,7600,OK
2024-07-10,7120,ＳＨＩＮＫＯ,スタンダード（内国株式）,卸売業,2146,2147,2135,2135,-19,-0.88208,1500,OK
2024-07-10,7122,近畿車輛,スタンダード（内国株式）,輸送用機器,1876,1876,1823,1841,-35,-1.865672,24500,OK
2024-07-10,7125,イヴレス,TOKYO PRO MARKET（内国株式）,卸売業,,,,,,,,NO_QUOTE
2024-07-10,7126,グローバルスタイル,スタンダード（内国株式）,小売業,1682,1690,1671,1676,-4,-0.238095,11200,OK
2024-07-10,7127,一家ホールディングス,スタンダード（内国株式）,小売業,697,697,691,693,-1,-0.144092,10500,OK
2024-07-10,7128,フルサト・マルカホールディングス,プライム（内国株式）,卸売業,2281,2281,2239,2257,-30,-1.311762,57400,OK
2024-07-10,7129,ミアヘルサホールディングス,スタンダード（内国株式）,小売業,1070,1075,1070,1070,-3,-0.27959,600,OK
2024-07-10,7130,ヤマエグループホールディングス,プライム（内国株式）,卸売業,2458,2462,2403,2436,-4,-0.163934,82400,OK
2024-07-10,7131,のむら産業,スタンダード（内国株式）,卸売業,1720,1720,1709,1715,-4,-0.232693,500,OK
2024-07-10,7132,フローバル,TOKYO PRO MARKET（内国株式）,卸売業,,,,,,,,NO_QUOTE
2024-07-10,7133,ＨＹＵＧＡ　ＰＲＩＭＡＲＹ　ＣＡＲＥ,グロース（内国株式）,小売業,1617,1652,1606,1610,-7,-0.4329,2200,OK
2024-07-10,7134,アップガレージグループ,スタンダード（内国株式）,小売業,1058,1062,1022,1045,-21,-1.969981,44000,OK
2024-07-10,7135,ジャパンクラフトホールディングス,スタンダード（内国株式）,小売業,150,150,147,147,-1,-0.675676,41900,OK
2024-07-10,7136,ウェルビングループ,TOKYO PRO MARKET（内国株式）,小売業,,,,,,,,NO_QUOTE
2024-07-10,7137,グラントマト,TOKYO PRO MARKET（内国株式）,小売業,,,,,,,,NO_QUOTE
2024-07-10,7138,ＴＯＲＩＣＯ,グロース（内国株式）,小売業,1006,1202,997,1000,-12,-1.185771,224600,OK
2024-07-10,7139,東京高圧山崎,TOKYO PRO MARKET（内国株式）,卸売業,,,,,,,,NO_QUOTE
2024-07-10,7140,ペットゴー,グロース（内国株式）,小売業,998,998,983,988,-6,-0.603622,4000,OK
2024-07-10,7148,ＦＰＧ,プライム（内国株式）,証券･商品先物取引業,2453,2464,2387,2410,-32,-1.310401,306500,OK
2024-07-10,7150,島根銀行,スタンダード（内国株式）,銀行業,548,551,548,549,1,0.182482,7600,OK
2024-07-10,7157,ライフネット生命保険,グロース（内国株式）,保険業,1793,1825,1783,1804,0,0,241800,OK
2024-07-10,7161,じもとホールディングス,スタンダード（内国株式）,銀行業,328,333,318,327,-2,-0.607903,229300,OK
2024-07-10,7162,アストマックス,スタンダード（内国株式）,証券･商品先物取引業,240,240,237,237,0,0,17000,OK
2024-07-10,7163,住信ＳＢＩネット銀行,スタンダード（内国株式）,銀行業,2929,3015,2929,2980,62,2.124743,1127100,OK
2024-07-10,7164,全国保証,プライム（内国株式）,その他金融業,5945,5953,5905,5929,-17,-0.285906,116600,OK
2024-07-10,7167,めぶきフィナンシャルグループ,プライム（内国株式）,銀行業,610.5,616,605.4,611.7,2.7,0.44335,2713800,OK
2024-07-10,7170,中央インターナショナルグループ,TOKYO PRO MARKET（内国株式）,保険業,,,,,,,,NO_QUOTE
2024-07-10,7172,ジャパンインベストメントアドバイザー,プライム（内国株式）,証券･商品先物取引業,1680,1706,1658,1706,15,0.887049,339100,OK
2024-07-10,7173,東京きらぼしフィナンシャルグループ,プライム（内国株式）,銀行業,4530,4600,4530,4585,55,1.214128,125600,OK
2024-07-10,7175,今村証券,スタンダード（内国株式）,証券･商品先物取引業,1521,1521,1481,1503,-18,-1.183432,2100,OK
2024-07-10,7176,シンプレクス・ファイナンシャル・ホールディングス,TOKYO PRO MARKET（内国株式）,証券･商品先物取引業,,,,,,,,NO_QUOTE
2024-07-10,7177,ＧＭＯフィナンシャルホールディングス,スタンダード（内国株式）,証券･商品先物取引業,792,792,784,787,-5,-0.631313,81700,OK
2024-07-10,7180,九州フィナンシャルグループ,プライム（内国株式）,銀行業,930,941,925.7,939,3.5,0.374131,1073700,OK
2024-07-10,7181,かんぽ生命保険,プライム（内国株式）,保険業,3167,3240,3165,3228,50,1.573317,874900,OK
2024-07-10,7182,ゆうちょ銀行,プライム（内国株式）,銀行業,1543.5,1546.5,1520.5,1533,5.5,0.360065,7697600,OK
2024-07-10,7183,あんしん保証,スタンダード（内国株式）,その他金融業,220,221,219,219,-1,-0.454545,20200,OK
2024-07-10,7184,富山第一銀行,プライム（内国株式）,銀行業,1325,1337,1290,1309,-10,-0.75815,218100,OK
2024-07-10,7185,ヒロセ通商,スタンダード（内国株式）,証券･商品先物取引業,4305,4365,4280,4350,100,2.352941,12500,OK
2024-07-10,7186,コンコルディア・フィナンシャルグループ,プライム（内国株式）,銀行業,940.7,948.4,933.9,943.4,5.9,0.629333,2677000,OK
2024-07-10,7187,ジェイリース,プライム（内国株式）,その他金融業,1390,1402,1310,1325,-58,-4.193782,192100,OK
2024-07-10,7189,西日本フィナンシャルホールディングス,プライム（内国株式）,銀行業,1971,1981,1952,1980,-7,-0.35229,444100,OK
2024-07-10,7191,イントラスト,スタンダード（内国株式）,その他金融業,825,825,809,813,-8,-0.974421,37700,OK
2024-07-10,7192,日本モーゲージサービス,スタンダード（内国株式）,その他金融業,420,422,418,420,0,0,55300,OK
2024-07-10,7196,Ｃａｓａ,スタンダード（内国株式）,その他金融業,940,941,937,937,1,0.106838,40000,OK
2024-07-10,7198,ＳＢＩアルヒ,プライム（内国株式）,その他金融業,914,914,901,902,-9,-0.987925,102000,OK
2024-07-10,7199,プレミアグループ,プライム（内国株式）,その他金融業,2101,2116,2072,2116,8,0.379507,111300,OK
2024-07-10,7201,日産自動車,プライム（内国株式）,輸送用機器,548.3,553.4,542.2,550.9,-4.9,-0.881612,44352400,OK
2024-07-10,7202,いすゞ自動車,プライム（内国株式）,輸送用機器,2188.5,2197.5,2164.5,2185.5,3.5,0.160403,3177400,OK
2024-07-10,7203,トヨタ自動車,プライム（内国株式）,輸送用機器,3261,3299,3256,3291,21,0.642202,23264100,OK
2024-07-10,7205,日野自動車,プライム（内国株式）,輸送用機器,421.5,423.2,419.1,419.1,-5,-1.178967,2086100,OK
2024-07-10,7208,カネミツ,スタンダード（内国株式）,輸送用機器,922,927,919,919,-3,-0.32538,1200,OK
2024-07-10,7211,三菱自動車工業,プライム（内国株式）,輸送用機器,472,498.5,469.2,493.3,39.2,8.63246,44008100,OK
2024-07-10,7212,エフテック,スタンダード（内国株式）,輸送用機器,638,638,629,634,-2,-0.314465,41300,OK
2024-07-10,7213,レシップホールディングス,スタンダード（内国株式）,輸送用機器,655,655,636,645,-17,-2.567976,85000,OK
2024-07-10,7214,ＧＭＢ,スタンダード（内国株式）,輸送用機器,1535,1548,1477,1538,8,0.522876,154100,OK
2024-07-10,7215,ファルテック,スタンダード（内国株式）,輸送用機器,554,557,551,551,-3,-0.541516,2100,OK
2024-07-10,7217,テイン,スタンダード（内国株式）,輸送用機器,963,972,956,972,24,2.531646,2900,OK
2024-07-10,7218,田中精密工業,スタンダード（内国株式）,輸送用機器,1111,1141,1111,1111,-11,-0.980392,5600,OK
2024-07-10,7219,エッチ・ケー・エス,スタンダード（内国株式）,輸送用機器,2250,2250,2219,2219,-31,-1.377778,300,OK
2024-07-10,7220,武蔵精密工業,プライム（内国株式）,輸送用機器,1892,1945,1892,1936,53,2.814657,403000,OK
2024-07-10,7222,日産車体,スタンダード（内国株式）,輸送用機器,980,984,972,979,-4,-0.406918,55500,OK
2024-07-10,7224,新明和工業,プライム（内国株式）,輸送用機器,1465,1471,1422,1438,-28,-1.909959,339600,OK
2024-07-10,7226,極東開発工業,プライム（内国株式）,輸送用機器,2558,2559,2505,2538,-9,-0.353357,65800,OK
2024-07-10,7228,デイトナ,スタンダード（内国株式）,輸送用機器,3440,3455,3440,3445,-65,-1.851852,1900,OK
2024-07-10,7229,ユタカ技研,スタンダード（内国株式）,輸送用機器,2210,2215,2184,2184,-17,-0.772376,16800,OK
2024-07-10,7231,トピー工業,プライム（内国株式）,輸送用機器,2415,2430,2384,2391,-44,-1.806982,79000,OK
2024-07-10,7235,東京ラヂエーター製造,スタンダード（内国株式）,輸送用機器,767,767,757,766,-1,-0.130378,17100,OK
2024-07-10,7236,ティラド,プライム（内国株式）,輸送用機器,3650,3675,3620,3625,-20,-0.548697,16600,OK
2024-07-10,7238,曙ブレーキ工業,プライム（内国株式）,輸送用機器,165,167,161,162,-3,-1.818182,1138000,OK
2024-07-10,7239,タチエス,プライム（内国株式）,輸送用機器,2020,2036,2011,2036,32,1.596806,185400,OK
2024-07-10,7240,ＮＯＫ,プライム（内国株式）,輸送用機器,2156,2179.5,2156,2177,13.5,0.623989,229600,OK
2024-07-10,7241,フタバ産業,プライム（内国株式）,輸送用機器,866,869,853,859,-5,-0.578704,299000,OK
2024-07-10,7242,カヤバ,プライム（内国株式）,輸送用機器,5210,5210,5160,5190,-50,-0.954198,72700,OK
2024-07-10,7244,市光工業,プライム（内国株式）,電気機器,514,521,509,519,9,1.764706,117600,OK
2024-07-10,7245,大同メタル工業,プライム（内国株式）,輸送用機器,620,620,610,614,0,0,122400,OK
2024-07-10,7246,プレス工業,プライム（内国株式）,輸送用機器,650,654,637,643,-14,-2.130898,518600,OK
2024-07-10,7247,ミクニ,スタンダード（内国株式）,輸送用機器,405,405,397,398,-3,-0.74813,109300,OK
2024-07-10,7250,太平洋工業,プライム（内国株式）,輸送用機器,1537,1537,1516,1527,5,0.328515,192000,OK
2024-07-10,7254,ユニバンス,スタンダード（内国株式）,輸送用機器,590,590,566,574,-17,-2.876481,56500,OK
2024-07-10,7255,桜井製作所,スタンダード（内国株式）,輸送用機器,521,521,517,517,-2,-0.385356,400,OK
2024-07-10,7256,河西工業,スタンダード（内国株式）,輸送用機器,203,203,198,202,-2,-0.980392,227000,OK
2024-07-10,7259,アイシン,プライム（内国株式）,輸送用機器,5412,5429,5340,5429,19,0.351201,2638700,OK
2024-07-10,7261,マツダ,プライム（内国株式）,輸送用機器,1523,1523,1505.5,1516.5,2.5,0.165125,3630300,OK
2024-07-10,7264,ムロコーポレーション,スタンダード（内国株式）,輸送用機器,1477,1477,1451,1451,-9,-0.616438,3900,OK
2024-07-10,7265,エイケン工業,スタンダード（内国株式）,輸送用機器,3455,3455,3440,3440,-35,-1.007194,300,OK
2024-07-10,7266,今仙電機製作所,スタンダード（内国株式）,輸送用機器,618,619,614,618,4,0.651466,20300,OK
2024-07-10,7267,本田技研工業,プライム（内国株式）,輸送用機器,1695,1705,1687,1703,1.5,0.088158,14860500,OK
2024-07-10,7268,タツミ,スタンダード（内国株式）,輸送用機器,304,350,304,331,35,11.824324,377400,OK
2024-07-10,7269,スズキ,プライム（内国株式）,輸送用機器,1878,1924.5,1863.5,1919.5,78.5,4.263987,11278500,OK
2024-07-10,7270,ＳＵＢＡＲＵ,プライム（内国株式）,輸送用機器,3432,3455,3411,3447,14,0.407807,2188100,OK
2024-07-10,7271,安永,スタンダード（内国株式）,輸送用機器,590,590,576,577,-3,-0.517241,31500,OK
2024-07-10,7272,ヤマハ発動機,プライム（内国株式）,輸送用機器,1575,1582.5,1559,1574.5,-8.5,-0.536955,3742000,OK
2024-07-10,7273,イクヨ,スタンダード（内国株式）,輸送用機器,2157,2187,2157,2187,0,0,400,OK
2024-07-10,7276,小糸製作所,プライム（内国株式）,電気機器,2274.5,2282,2227,2259.5,-15,-0.659486,1225400,OK
2024-07-10,7277,ＴＢＫ,スタンダード（内国株式）,輸送用機器,306,306,300,301,-2,-0.660066,86900,OK
2024-07-10,7278,エクセディ,プライム（内国株式）,輸送用機器,3000,3125,2990,3110,105,3.494176,733800,OK
2024-07-10,7279,ハイレックスコーポレーション,スタンダード（内国株式）,輸送用機器,1383,1395,1379,1381,-8,-0.575954,22400,OK
2024-07-10,7280,ミツバ,プライム（内国株式）,電気機器,1150,1164,1149,1162,7,0.606061,138600,OK
2024-07-10,7282,豊田合成,プライム（内国株式）,輸送用機器,2759,2772,2741,2766.5,0,0,298300,OK
2024-07-10,7283,愛三工業,プライム（内国株式）,輸送用機器,1399,1408,1390,1401,4,0.286328,165400,OK
2024-07-10,7284,盟和産業,スタンダード（内国株式）,輸送用機器,1024,1024,1020,1020,-4,-0.390625,2000,OK
2024-07-10,7287,日本精機,スタンダード（内国株式）,輸送用機器,1461,1476,1452,1470,9,0.616016,60900,OK
2024-07-10,7291,日本プラスト,スタンダード（内国株式）,輸送用機器,429,429,420,422,-6,-1.401869,55800,OK
2024-07-10,7292,村上開明堂,スタンダード（内国株式）,輸送用機器,5090,5090,4975,5000,-30,-0.596421,8800,OK
2024-07-10,7294,ヨロズ,プライム（内国株式）,輸送用機器,1153,1165,1149,1158,5,0.433651,44300,OK
2024-07-10,7296,エフ・シー・シー,プライム（内国株式）,輸送用機器,2354,2376,2350,2373,19,0.807137,89000,OK
2024-07-10,7297,カーメイト,スタンダード（内国株式）,輸送用機器,941,941,940,940,-3,-0.318134,400,OK
2024-07-10,7299,フジオーゼックス,スタンダード（内国株式）,輸送用機器,1441,1471,1417,1423,-12,-0.836237,16300,OK
2024-07-10,7305,新家工業,スタンダード（内国株式）,鉄鋼,5310,5320,5230,5300,0,0,18200,OK
2024-07-10,7309,シマノ,プライム（内国株式）,輸送用機器,24770,24820,24440,24750,-10,-0.040388,168300,OK
2024-07-10,7313,テイ・エス　テック,プライム（内国株式）,輸送用機器,1927,1954.5,1927,1954.5,27.5,1.427089,268400,OK
2024-07-10,7314,小田原機器,スタンダード（内国株式）,輸送用機器,1114,1118,1111,1111,-4,-0.358744,1200,OK
2024-07-10,7317,松屋アールアンドディ,グロース（内国株式）,輸送用機器,631,632,617,620,-11,-1.743265,13500,OK
2024-07-10,7318,セレンディップ・ホールディングス,グロース（内国株式）,輸送用機器,1685,1695,1569,1650,-35,-2.077151,14500,OK
2024-07-10,7320,日本リビング保証,グロース（内国株式）,その他金融業,2950,2970,2911,2919,-25,-0.849185,5400,OK
2024-07-10,7322,三十三フィナンシャルグループ,プライム（内国株式）,銀行業,2052,2077,2050,2055,3,0.146199,26000,OK
2024-07-10,7325,アイリックコーポレーション,グロース（内国株式）,保険業,719,729,719,720,0,0,1300,OK
2024-07-10,7326,ＳＢＩインシュアランスグループ,グロース（内国株式）,保険業,1050,1060,1040,1042,-12,-1.13852,42600,OK
2024-07-10,7327,第四北越フィナンシャルグループ,プライム（内国株式）,銀行業,5020,5080,5020,5080,60,1.195219,66900,OK
2024-07-10,7337,ひろぎんホールディングス,プライム（内国株式）,銀行業,1208,1218.5,1199,1207.5,0,0,626600,OK
2024-07-10,7342,ウェルスナビ,グロース（内国株式）,証券･商品先物取引業,1555,1565,1502,1519,-30,-1.936733,833800,OK
2024-07-10,7343,ブロードマインド,グロース（内国株式）,保険業,1750,1783,1712,1782,19,1.077708,6700,OK
2024-07-10,7345,アイ・パートナーズフィナンシャル,グロース（内国株式）,その他金融業,426,434,423,430,5,1.176471,7400,OK
2024-07-10,7347,マーキュリアホールディングス,プライム（内国株式）,証券･商品先物取引業,922,930,915,925,3,0.32538,43500,OK
2024-07-10,7350,おきなわフィナンシャルグループ,プライム（内国株式）,銀行業,2533,2553,2484,2496,-37,-1.460719,60400,OK
2024-07-10,7351,グッドパッチ,グロース（内国株式）,サービス業,435,440,430,437,3,0.691244,30900,OK
2024-07-10,7352,ＴＷＯＳＴＯＮＥ＆Ｓｏｎｓ,グロース（内国株式）,サービス業,1339,1361,1299,1299,-32,-2.404207,141500,OK
2024-07-10,7353,ＫＩＹＯラーニング,グロース（内国株式）,サービス業,488,493,483,484,-8,-1.626016,38900,OK
2024-07-10,7354,ダイレクトマーケティングミックス,プライム（内国株式）,サービス業,249,250,245,248,0,0,74400,OK
2024-07-10,7355,一寸房,TOKYO PRO MARKET（内国株式）,サービス業,,,,,,,,NO_QUOTE
2024-07-10,7356,Ｒｅｔｔｙ,グロース（内国株式）,サービス業,166,167,165,166,0,0,9500,OK
2024-07-10,7357,ジオコード,スタンダード（内国株式）,サービス業,693,693,670,674,-22,-3.16092,22400,OK
2024-07-10,7358,ポピンズ,スタンダード（内国株式）,サービス業,1230,1249,1224,1235,4,0.324939,26600,OK
2024-07-10,7359,東京通信グループ,グロース（内国株式）,サービス業,497,503,482,487,-13,-2.6,52000,OK
2024-07-10,7360,オンデック,グロース（内国株式）,サービス業,1192,1233,1191,1222,15,1.242751,4600,OK
2024-07-10,7361,ヒューマンクリエイションホールディングス,グロース（内国株式）,サービス業,2140,2140,2119,2120,-10,-0.469484,1900,OK
2024-07-10,7362,Ｔ．Ｓ．Ｉ,グロース（内国株式）,サービス業,1002,1002,1002,1002,-3,-0.298507,100,OK
2024-07-10,7363,ベビーカレンダー,グロース（内国株式）,サービス業,1390,1401,1386,1386,-9,-0.645161,2100,OK
2024-07-10,7364,琉球アスティーダスポーツクラブ,TOKYO PRO MARKET（内国株式）,サービス業,,,,,,,,NO_QUOTE
2024-07-10,7366,ＬＩＴＡＬＩＣＯ,プライム（内国株式）,サービス業,1664,1664,1637,1652,-24,-1.431981,129200,OK
2024-07-10,7367,セルム,スタンダード（内国株式）,サービス業,785,796,776,784,-1,-0.127389,36800,OK
2024-07-10,7368,表示灯,スタンダード（内国株式）,サービス業,1498,1499,1492,1492,-2,-0.133869,1100,OK
2024-07-10,7369,メイホーホールディングス,グロース（内国株式）,サービス業,2181,2219,2180,2200,-18,-0.811542,700,OK
2024-07-10,7370,Ｅｎｊｉｎ,グロース（内国株式）,サービス業,1000,1000,990,990,-10,-1,9100,OK
2024-07-10,7371,Ｚｅｎｋｅｎ,グロース（内国株式）,サービス業,603,605,602,605,3,0.498339,3200,OK
2024-07-10,7372,デコルテ・ホールディングス,グロース（内国株式）,サービス業,392,394,384,390,-2,-0.510204,21100,OK
2024-07-10,7373,アイドマ・ホールディングス,グロース（内国株式）,サービス業,1673,1678,1642,1660,-24,-1.425178,46700,OK
2024-07-10,7374,コンフィデンス・インターワークス,グロース（内国株式）,サービス業,1841,1841,1779,1783,-58,-3.150462,30900,OK
2024-07-10,7375,リファインバースグループ,グロース（内国株式）,サービス業,803,816,801,806,1,0.124224,9500,OK
2024-07-10,7376,ＢＣＣ,グロース（内国株式）,サービス業,1950,1950,1870,1870,0,0,900,OK
2024-07-10,7377,ＤＮホールディングス,スタンダード（内国株式）,サービス業,1545,1553,1531,1547,2,0.12945,1700,OK
2024-07-10,7378,アシロ,グロース（内国株式）,サービス業,809,817,805,805,-4,-0.494438,10200,OK
2024-07-10,7379,サーキュレーション,グロース（内国株式）,サービス業,706,707,679,695,-3,-0.429799,51900,OK
2024-07-10,7380,十六フィナンシャルグループ,プライム（内国株式）,銀行業,4610,4670,4610,4645,25,0.541126,56000,OK
2024-07-10,7381,北國フィナンシャルホールディングス,プライム（内国株式）,銀行業,5140,5220,5130,5200,30,0.580271,51700,OK
2024-07-10,7383,ネットプロテクションズホールディングス,プライム（内国株式）,その他金融業,208,212,201,203,-3,-1.456311,929200,OK
2024-07-10,7384,プロクレアホールディングス,プライム（内国株式）,銀行業,1862,1881,1857,1864,2,0.107411,26400,OK
2024-07-10,7386,ジャパンワランティサポート,グロース（内国株式）,その他金融業,3870,3875,3810,3820,10,0.262467,1700,OK
2024-07-10,7388,ＦＰパートナー,プライム（内国株式）,保険業,2826,3095,2813,3045,369,13.789238,3445900,OK
2024-07-10,7389,あいちフィナンシャルグループ,プライム（内国株式）,銀行業,2605,2613,2588,2595,-16,-0.612792,148900,OK
2024-07-10,7399,ナンシン,スタンダード（内国株式）,輸送用機器,630,645,620,620,-15,-2.362205,3300,OK
2024-07-10,7408,ジャムコ,プライム（内国株式）,輸送用機器,1591,1600,1571,1597,-3,-0.1875,85600,OK
2024-07-10,7409,ＡｅｒｏＥｄｇｅ,グロース（内国株式）,輸送用機器,2711,2740,2706,2706,-26,-0.951684,2400,OK
2024-07-10,7412,アトム,スタンダード（内国株式）,小売業,722,731,721,730,9,1.248266,263300,OK
2024-07-10,7413,創健社,スタンダード（内国株式）,卸売業,2272,2272,2250,2250,-22,-0.96831,500,OK
2024-07-10,7414,小野建,プライム（内国株式）,卸売業,1627,1634,1622,1633,0,0,46600,OK
2024-07-10,7416,はるやまホールディングス,スタンダード（内国株式）,小売業,596,600,595,595,-1,-0.167785,6100,OK
2024-07-10,7417,南陽,スタンダード（内国株式）,卸売業,1101,1101,1083,1083,-22,-1.99095,39500,OK
2024-07-10,7419,ノジマ,プライム（内国株式）,小売業,1566,1574,1562,1567,1,0.063857,219800,OK
2024-07-10,7420,佐鳥電機,プライム（内国株式）,卸売業,2093,2093,2065,2080,-1,-0.048054,49800,OK
2024-07-10,7421,カッパ・クリエイト,プライム（内国株式）,小売業,1750,1760,1743,1756,13,0.745841,81400,OK
2024-07-10,7422,東邦レマック,スタンダード（内国株式）,卸売業,,,,,,,,NO_QUOTE
2024-07-10,7425,初穂商事,スタンダード（内国株式）,卸売業,1799,1799,1759,1785,1,0.056054,3300,OK
2024-07-10,7426,山大,スタンダード（内国株式）,卸売業,1586,1592,1551,1592,11,0.695762,10400,OK
2024-07-10,7427,エコートレーディング,スタンダード（内国株式）,卸売業,1257,1257,1213,1232,-31,-2.454473,83300,OK
2024-07-10,7433,伯東,プライム（内国株式）,卸売業,5140,5150,5100,5140,0,0,51600,OK
2024-07-10,7434,オータケ,スタンダード（内国株式）,卸売業,,,,,,,,NO_QUOTE
2024-07-10,7435,ナ・デックス,スタンダード（内国株式）,卸売業,1067,1067,1056,1063,-4,-0.374883,500,OK
2024-07-10,7438,コンドーテック,プライム（内国株式）,卸売業,1370,1372,1351,1360,-10,-0.729927,34200,OK
2024-07-10,7442,中山福,スタンダード（内国株式）,卸売業,374,375,373,373,0,0,10400,OK
2024-07-10,7443,横浜魚類,スタンダード（内国株式）,卸売業,561,561,561,561,-3,-0.531915,1100,OK
2024-07-10,7444,ハリマ共和物産,スタンダード（内国株式）,卸売業,2330,2384,2330,2373,43,1.845494,2300,OK
2024-07-10,7445,ライトオン,スタンダード（内国株式）,小売業,371,379,370,379,9,2.432432,110800,OK
2024-07-10,7446,東北化学薬品,スタンダード（内国株式）,卸売業,3875,3875,3875,3875,0,0,100,OK
2024-07-10,7447,ナガイレーベン,プライム（内国株式）,卸売業,2533,2557,2511,2524,-38,-1.483216,32100,OK
2024-07-10,7450,サンデー,スタンダード（内国株式）,小売業,1586,1588,1581,1585,-8,-0.502197,2800,OK
2024-07-10,7451,三菱食品,スタンダード（内国株式）,卸売業,5530,5550,5490,5520,-10,-0.180832,38600,OK
2024-07-10,7453,良品計画,プライム（内国株式）,小売業,2695.5,2736.5,2686,2690,3.5,0.130281,2769400,OK
2024-07-10,7455,パリミキホールディングス,スタンダード（内国株式）,小売業,419,425,412,413,7,1.724138,199700,OK
2024-07-10,7456,松田産業,プライム（内国株式）,卸売業,2890,2895,2850,2871,-9,-0.3125,28100,OK
2024-07-10,7458,第一興商,プライム（内国株式）,卸売業,1659,1666,1647,1666,1,0.06006,217900,OK
2024-07-10,7459,メディパルホールディングス,プライム（内国株式）,卸売業,2512.5,2579,2506,2579,66.5,2.646766,638100,OK
2024-07-10,7460,ヤギ,スタンダード（内国株式）,卸売業,2339,2355,2254,2295,-60,-2.547771,5700,OK
2024-07-10,7461,キムラ,スタンダード（内国株式）,卸売業,546,555,543,548,3,0.550459,12000,OK
2024-07-10,7462,ＣＡＰＩＴＡ,スタンダード（内国株式）,小売業,363,363,363,363,-1,-0.274725,200,OK
2024-07-10,7463,アドヴァングループ,スタンダード（内国株式）,小売業,977,977,957,958,-19,-1.944729,61500,OK
2024-07-10,7464,セフテック,スタンダード（内国株式）,卸売業,2041,2041,2030,2030,-10,-0.490196,1200,OK
2024-07-10,7466,ＳＰＫ,プライム（内国株式）,卸売業,2309,2309,2240,2259,-29,-1.267483,16700,OK
2024-07-10,7467,萩原電気ホールディングス,プライム（内国株式）,卸売業,4055,4055,3985,3985,-85,-2.088452,29400,OK
2024-07-10,7472,鳥羽洋行,スタンダード（内国株式）,卸売業,3885,3900,3870,3900,20,0.515464,1700,OK
2024-07-10,7475,アルビス,プライム（内国株式）,小売業,2680,2699,2680,2680,0,0,6000,OK
2024-07-10,7476,アズワン,プライム（内国株式）,卸売業,3050,3108,3050,3107,31,1.007802,139300,OK
2024-07-10,7477,ムラキ,スタンダード（内国株式）,卸売業,1375,1380,1366,1366,-39,-2.775801,1800,OK
2024-07-10,7480,スズデン,スタンダード（内国株式）,卸売業,1978,1978,1963,1972,-4,-0.202429,16200,OK
2024-07-10,7481,尾家産業,スタンダード（内国株式）,卸売業,2071,2071,2026,2026,-45,-2.172863,17600,OK
2024-07-10,7482,シモジマ,プライム（内国株式）,卸売業,1359,1359,1341,1349,-10,-0.735835,25400,OK
2024-07-10,7483,ドウシシャ,プライム（内国株式）,卸売業,2242,2251,2202,2215,-27,-1.204282,34300,OK
2024-07-10,7486,サンリン,スタンダード（内国株式）,卸売業,700,700,700,700,-1,-0.142653,600,OK
2024-07-10,7487,小津産業,スタンダード（内国株式）,卸売業,1634,1634,1611,1623,2,0.123381,16500,OK
2024-07-10,7490,日新商事,スタンダード（内国株式）,卸売業,906,909,906,906,0,0,900,OK
2024-07-10,7494,コナカ,スタンダード（内国株式）,小売業,269,269,265,268,0,0,188700,OK
2024-07-10,7500,西川計測,スタンダード（内国株式）,卸売業,7980,7980,7700,7830,-160,-2.002503,1600,OK
2024-07-10,7501,ティムコ,スタンダード（内国株式）,卸売業,735,741,735,739,1,0.135501,8100,OK
2024-07-10,7502,プラザホールディングス,スタンダード（内国株式）,サービス業,2078,2078,2022,2022,-57,-2.741703,1000,OK
2024-07-10,7504,高速,プライム（内国株式）,卸売業,2362,2379,2311,2328,-34,-1.439458,12300,OK
2024-07-10,7505,扶桑電通,スタンダード（内国株式）,卸売業,1812,1824,1810,1810,-10,-0.549451,1300,OK
2024-07-10,7506,ハウス　オブ　ローゼ,スタンダード（内国株式）,小売業,1585,1586,1582,1582,-3,-0.189274,3100,OK
2024-07-10,7508,Ｇ‐７ホールディングス,プライム（内国株式）,小売業,1602,1614,1577,1594,4,0.251572,45600,OK
2024-07-10,7509,アイエーグループ,スタンダード（内国株式）,小売業,3550,3550,3550,3550,10,0.282486,100,OK
2024-07-10,7510,たけびし,プライム（内国株式）,卸売業,2348,2349,2318,2349,1,0.042589,12300,OK
2024-07-10,7512,イオン北海道,スタンダード（内国株式）,小売業,895,898,886,888,-7,-0.782123,331400,OK
2024-07-10,7513,コジマ,プライム（内国株式）,小売業,956,968,949,965,24,2.550478,307100,OK
2024-07-10,7514,ヒマラヤ,スタンダード（内国株式）,小売業,915,915,911,912,-3,-0.327869,21900,OK
2024-07-10,7515,マルヨシセンター,スタンダード（内国株式）,小売業,3800,3800,3800,3800,-5,-0.131406,200,OK
2024-07-10,7516,コーナン商事,プライム（内国株式）,小売業,4010,4020,3980,4020,-5,-0.124224,107200,OK
2024-07-10,7518,ネットワンシステムズ,プライム（内国株式）,情報･通信業,2983,3001,2893,2936.5,-76.5,-2.538998,522700,OK
2024-07-10,7520,エコス,プライム（内国株式）,小売業,2309,2314,2299,2303,-12,-0.518359,14500,OK
2024-07-10,7521,ムサシ,スタンダード（内国株式）,卸売業,1798,1798,1787,1795,-3,-0.166852,6400,OK
2024-07-10,7522,ワタミ,プライム（内国株式）,小売業,950,953,943,950,0,0,50200,OK
2024-07-10,7523,アールビバン,スタンダード（内国株式）,小売業,1080,1080,1068,1075,-2,-0.185701,19900,OK
2024-07-10,7524,マルシェ,スタンダード（内国株式）,小売業,252,254,248,249,-4,-1.581028,18700,OK
2024-07-10,7525,リックス,プライム（内国株式）,卸売業,3125,3150,3100,3125,-20,-0.63593,12000,OK
2024-07-10,7527,システムソフト,スタンダード（内国株式）,情報･通信業,73,74,70,71,-3,-4.054054,1052000,OK
2024-07-10,7531,清和中央ホールディングス,スタンダード（内国株式）,卸売業,1445,1445,1445,1445,5,0.347222,100,OK
2024-07-10,7532,パン・パシフィック・インターナショナルホールディングス,プライム（内国株式）,小売業,3904,4010,3904,4010,77,1.957793,1079700,OK
2024-07-10,7537,丸文,プライム（内国株式）,卸売業,1238,1238,1218,1231,-8,-0.645682,76200,OK
2024-07-10,7538,大水,スタンダード（内国株式）,卸売業,339,339,333,335,-3,-0.887574,4500,OK
2024-07-10,7539,アイナボホールディングス,スタンダード（内国株式）,卸売業,1436,1449,1422,1440,-4,-0.277008,4000,OK
2024-07-10,7544,スリーエフ,スタンダード（内国株式）,小売業,438,440,435,439,1,0.228311,6900,OK
2024-07-10,7545,西松屋チェーン,プライム（内国株式）,小売業,2165,2179,2152,2168,3,0.138568,149300,OK
2024-07-10,7550,ゼンショーホールディングス,プライム（内国株式）,小売業,6197,6320,6195,6298,86,1.384417,388500,OK
2024-07-10,7551,ウェッズ,スタンダード（内国株式）,輸送用機器,665,665,661,663,-2,-0.300752,7200,OK
2024-07-10,7552,ハピネット,プライム（内国株式）,卸売業,3335,3335,3295,3330,-5,-0.149925,63500,OK
2024-07-10,7554,幸楽苑ホールディングス,プライム（内国株式）,小売業,1345,1352,1338,1346,6,0.447761,29400,OK
2024-07-10,7555,大田花き,スタンダード（内国株式）,卸売業,785,789,783,787,2,0.254777,500,OK
2024-07-10,7559,ジーエフシー,スタンダード（内国株式）,卸売業,1559,1559,1542,1553,2,0.128949,5600,OK
2024-07-10,7561,ハークスレイ,スタンダード（内国株式）,小売業,790,797,787,790,3,0.381194,20900,OK
2024-07-10,7562,安楽亭,スタンダード（内国株式）,小売業,7180,7200,7170,7200,20,0.278552,1100,OK
2024-07-10,7564,ワークマン,スタンダード（内国株式）,小売業,3790,3790,3705,3720,-45,-1.195219,78000,OK
2024-07-10,7565,萬世電機,スタンダード（内国株式）,卸売業,3570,3570,3570,3570,0,0,200,OK
2024-07-10,7567,栄電子,スタンダード（内国株式）,卸売業,420,421,420,421,2,0.477327,800,OK
2024-07-10,7570,橋本総業ホールディングス,スタンダード（内国株式）,卸売業,1331,1331,1307,1310,-16,-1.206637,11500,OK
2024-07-10,7571,ヤマノホールディングス,スタンダード（内国株式）,小売業,66,67,65,65,0,0,1076700,OK
2024-07-10,7575,日本ライフライン,プライム（内国株式）,卸売業,1153,1160,1144,1160,4,0.346021,137000,OK
2024-07-10,7578,ニチリョク,スタンダード（内国株式）,小売業,204,205,195,195,-11,-5.339806,234300,OK
2024-07-10,7581,サイゼリヤ,プライム（内国株式）,小売業,5620,5770,5610,5750,200,3.603604,564400,OK
2024-07-10,7585,かんなん丸,スタンダード（内国株式）,小売業,412,412,407,409,-1,-0.243902,2900,OK
2024-07-10,7590,タカショー,スタンダード（内国株式）,卸売業,558,579,557,573,21,3.804348,233200,OK
2024-07-10,7593,ＶＴホールディングス,プライム（内国株式）,小売業,505,506,502,504,0,0,195100,OK
2024-07-10,7595,アルゴグラフィックス,プライム（内国株式）,情報･通信業,4865,4880,4755,4785,-25,-0.519751,38600,OK
2024-07-10,7596,魚力,プライム（内国株式）,小売業,2490,2490,2471,2477,-15,-0.601926,9300,OK
2024-07-10,7599,ＩＤＯＭ,プライム（内国株式）,卸売業,1432,1457,1418,1427,6,0.422238,483300,OK
2024-07-10,7600,日本エム・ディ・エム,プライム（内国株式）,精密機器,677,677,665,667,-9,-1.331361,33900,OK
2024-07-10,7601,ポプラ,スタンダード（内国株式）,小売業,253,254,247,249,-3,-1.190476,94800,OK
2024-07-10,7602,カーチスホールディングス,スタンダード（内国株式）,卸売業,168,168,166,166,-1,-0.598802,20400,OK
2024-07-10,7603,マックハウス,スタンダード（内国株式）,小売業,369,370,368,369,1,0.271739,9900,OK
2024-07-10,7604,梅の花,スタンダード（内国株式）,小売業,978,980,977,979,1,0.102249,6500,OK
2024-07-10,7605,フジ・コーポレーション,プライム（内国株式）,小売業,2285,2285,2264,2270,-10,-0.438596,27400,OK
2024-07-10,7606,ユナイテッドアローズ,プライム（内国株式）,小売業,2123,2144,2115,2133,15,0.708215,189800,OK
2024-07-10,7607,進和,プライム（内国株式）,卸売業,2808,2818,2795,2800,-37,-1.304195,24000,OK
2024-07-10,7608,エスケイジャパン,スタンダード（内国株式）,卸売業,836,836,815,822,-6,-0.724638,35700,OK
2024-07-10,7609,ダイトロン,プライム（内国株式）,卸売業,2947,2947,2913,2941,-6,-0.203597,36000,OK
2024-07-10,7610,テイツー,スタンダード（内国株式）,小売業,117,118,116,116,-1,-0.854701,440900,OK
2024-07-10,7611,ハイデイ日高,プライム（内国株式）,小売業,2766,2774,2739,2749,-17,-0.614606,222600,OK
2024-07-10,7613,シークス,プライム（内国株式）,卸売業,1258,1276,1245,1274,2,0.157233,152300,OK
2024-07-10,7614,オーエムツーネットワーク,スタンダード（内国株式）,小売業,1597,1597,1589,1597,0,0,1300,OK
2024-07-10,7615,ＹＵ−ＷＡ　Ｃｒｅａｔｉｏｎ　Ｈｏｌｄｉｎｇｓ,スタンダード（内国株式）,小売業,129,129,128,128,-1,-0.775194,46400,OK
2024-07-10,7616,コロワイド,プライム（内国株式）,小売業,2013,2031,2010,2031,24,1.195815,258300,OK
2024-07-10,7619,田中商事,スタンダード（内国株式）,卸売業,792,794,788,790,-2,-0.252525,15300,OK
2024-07-10,7621,うかい,スタンダード（内国株式）,小売業,3995,4025,3995,4025,5,0.124378,1200,OK
2024-07-10,7623,サンオータス,スタンダード（内国株式）,小売業,596,596,585,591,-5,-0.838926,7700,OK
2024-07-10,7624,ＮａＩＴＯ,スタンダード（内国株式）,卸売業,148,150,148,148,0,0,43500,OK
2024-07-10,7625,グローバルダイニング,スタンダード（内国株式）,小売業,420,423,418,418,-1,-0.238663,4300,OK
2024-07-10,7628,オーハシテクニカ,プライム（内国株式）,卸売業,1785,1785,1762,1781,-4,-0.22409,22000,OK
2024-07-10,7630,壱番屋,プライム（内国株式）,小売業,1090,1099,1089,1097,10,0.919963,225700,OK
2024-07-10,7634,星医療酸器,スタンダード（内国株式）,卸売業,5150,5160,5040,5040,-170,-3.262956,1500,OK
2024-07-10,7635,杉田エース,スタンダード（内国株式）,卸売業,1274,1274,1272,1272,-2,-0.156986,400,OK
2024-07-10,7636,ハンズマン,スタンダード（内国株式）,小売業,864,864,849,850,-11,-1.277584,30200,OK
2024-07-10,7637,白銅,プライム（内国株式）,卸売業,2849,2850,2776,2791,-25,-0.887784,17000,OK
2024-07-10,7638,ＮＥＷ　ＡＲＴ　ＨＯＬＤＩＮＧＳ,スタンダード（内国株式）,小売業,1724,1735,1723,1729,4,0.231884,13700,OK
2024-07-10,7640,トップカルチャー,スタンダード（内国株式）,小売業,164,166,164,165,1,0.609756,25800,OK
2024-07-10,7643,ダイイチ,スタンダード（内国株式）,小売業,1360,1360,1340,1358,-2,-0.147059,4200,OK
2024-07-10,7646,ＰＬＡＮＴ,スタンダード（内国株式）,小売業,1492,1492,1455,1459,-5,-0.34153,21500,OK
2024-07-10,7647,音通,スタンダード（内国株式）,サービス業,33,34,33,33,0,0,9283300,OK
2024-07-10,7649,スギホールディングス,プライム（内国株式）,小売業,2250,2283,2228.5,2262.5,6.5,0.288121,829900,OK
2024-07-10,7670,オーウエル,スタンダード（内国株式）,卸売業,966,974,962,968,2,0.207039,6300,OK
2024-07-10,7673,ダイコー通産,スタンダード（内国株式）,卸売業,1228,1243,1211,1211,-5,-0.411184,34100,OK
2024-07-10,7674,ＮＡＴＴＹ　ＳＷＡＮＫＹホールディングス,グロース（内国株式）,小売業,3690,3690,3665,3670,-15,-0.407056,4500,OK
2024-07-10,7676,グッドスピード,グロース（内国株式）,小売業,849,850,848,850,0,0,6400,OK
2024-07-10,7677,ヤシマキザイ,スタンダード（内国株式）,卸売業,2063,2099,2063,2080,-14,-0.668577,600,OK
2024-07-10,7678,あさくま,スタンダード（内国株式）,小売業,4080,4080,3960,3990,-40,-0.992556,27900,OK
2024-07-10,7679,薬王堂ホールディングス,プライム（内国株式）,小売業,2771,2786,2718,2743,-50,-1.79019,19400,OK
2024-07-10,7680,軽自動車館,TOKYO PRO MARKET（内国株式）,小売業,,,,,,,,NO_QUOTE
2024-07-10,7681,レオクラン,スタンダード（内国株式）,卸売業,,,,,,,,NO_QUOTE
2024-07-10,7682,浜木綿,スタンダード（内国株式）,小売業,4520,4540,4490,4530,10,0.221239,4900,OK
2024-07-10,7683,ダブルエー,グロース（内国株式）,小売業,2377,2399,2358,2371,-4,-0.168421,12200,OK
2024-07-10,7685,ＢｕｙＳｅｌｌ　Ｔｅｃｈｎｏｌｏｇｉｅｓ,グロース（内国株式）,卸売業,4300,4340,4195,4340,105,2.479339,22200,OK
2024-07-10,7686,カクヤスグループ,スタンダード（内国株式）,小売業,2196,2278,2185,2247,60,2.743484,12000,OK
2024-07-10,7687,ミクリード,グロース（内国株式）,卸売業,414,420,408,410,-6,-1.442308,22000,OK
2024-07-10,7689,コパ・コーポレーション,グロース（内国株式）,卸売業,651,659,616,619,-23,-3.582555,23600,OK
2024-07-10,7690,カレント自動車,TOKYO PRO MARKET（内国株式）,卸売業,,,,,,,,NO_QUOTE
2024-07-10,7691,Ｃ　Ｃｈａｎｎｅｌ,TOKYO PRO MARKET（内国株式）,小売業,,,,,,,,NO_QUOTE
2024-07-10,7692,アースインフィニティ,スタンダード（内国株式）,電気･ガス業,117,119,116,116,-1,-0.854701,452700,OK
2024-07-10,7693,北海道歯科産業,TOKYO PRO MARKET（内国株式）,卸売業,,,,,,,,NO_QUOTE
2024-07-10,7694,いつも,グロース（内国株式）,小売業,556,558,552,552,-2,-0.361011,3300,OK
2024-07-10,7695,交換できるくん,グロース（内国株式）,小売業,2480,2480,2480,2480,-1,-0.040306,100,OK
2024-07-10,7698,アイスコ,スタンダード（内国株式）,卸売業,3250,3250,3160,3205,-10,-0.311042,8400,OK
2024-07-10,7701,島津製作所,プライム（内国株式）,精密機器,4233,4260,4196,4255,18,0.424829,576800,OK
2024-07-10,7702,ＪＭＳ,スタンダード（内国株式）,精密機器,534,534,524,525,-8,-1.500938,52100,OK
2024-07-10,7705,ジーエルサイエンス,スタンダード（内国株式）,精密機器,2856,2860,2833,2855,-1,-0.035014,7600,OK
2024-07-10,7707,プレシジョン・システム・サイエンス,グロース（内国株式）,精密機器,191,191,189,190,-1,-0.52356,22100,OK
2024-07-10,7709,クボテック,スタンダード（内国株式）,精密機器,213,215,212,212,-3,-1.395349,10700,OK
2024-07-10,7711,助川電気工業,スタンダード（内国株式）,精密機器,1865,1880,1818,1851,-5,-0.269397,46400,OK
2024-07-10,7713,シグマ光機,スタンダード（内国株式）,精密機器,1553,1555,1543,1555,12,0.777706,6300,OK
2024-07-10,7715,長野計器,プライム（内国株式）,精密機器,3550,3555,3425,3460,-80,-2.259887,139500,OK
2024-07-10,7716,ナカニシ,スタンダード（内国株式）,精密機器,2608,2637,2594,2634,23,0.880889,143700,OK
2024-07-10,7717,ブイ・テクノロジー,プライム（内国株式）,精密機器,3240,3270,3200,3255,-15,-0.458716,75200,OK
2024-07-10,7718,スター精密,プライム（内国株式）,機械,2121,2129,2111,2125,-10,-0.468384,131900,OK
2024-07-10,7719,東京衡機,スタンダード（内国株式）,精密機器,213,214,210,210,-3,-1.408451,20500,OK
2024-07-10,7721,東京計器,プライム（内国株式）,精密機器,3770,3815,3645,3695,-120,-3.145478,229000,OK
2024-07-10,7722,国際計測器,スタンダード（内国株式）,精密機器,495,500,494,495,0,0,3400,OK
2024-07-10,7723,愛知時計電機,プライム（内国株式）,精密機器,2211,2218,2195,2218,20,0.909918,20000,OK
2024-07-10,7725,インターアクション,プライム（内国株式）,精密機器,1697,1697,1641,1659,-24,-1.426025,155100,OK
2024-07-10,7726,黒田精工,スタンダード（内国株式）,機械,1719,1719,1690,1690,-20,-1.169591,14500,OK
2024-07-10,7727,オーバル,スタンダード（内国株式）,精密機器,465,465,456,461,-2,-0.431965,132800,OK
2024-07-10,7729,東京精密,プライム（内国株式）,精密機器,13420,13580,13290,13515,125,0.933532,400800,OK
2024-07-10,7730,マニー,プライム（内国株式）,精密機器,2019,2098.5,2009.5,2081,47,2.310718,469700,OK
2024-07-10,7731,ニコン,プライム（内国株式）,精密機器,1690,1706,1685.5,1700.5,2.5,0.147232,1056700,OK
2024-07-10,7732,トプコン,プライム（内国株式）,精密機器,1839.5,1848,1822,1825.5,-14.5,-0.788043,416000,OK
2024-07-10,7733,オリンパス,プライム（内国株式）,精密機器,2673,2699,2652.5,2689.5,8,0.29834,3659300,OK
2024-07-10,7734,理研計器,プライム（内国株式）,精密機器,4125,4170,4085,4170,20,0.481928,52200,OK
2024-07-10,7735,ＳＣＲＥＥＮホールディングス,プライム（内国株式）,電気機器,16500,16565,16190,16540,-130,-0.779844,1644700,OK
2024-07-10,7739,キヤノン電子,プライム（内国株式）,電気機器,2290,2310,2266,2281,-29,-1.255411,64700,OK
2024-07-10,7740,タムロン,プライム（内国株式）,精密機器,4240,4350,4235,4310,60,1.411765,138900,OK
2024-07-10,7741,ＨＯＹＡ,プライム（内国株式）,精密機器,20000,20700,19980,20640,590,2.942643,1447900,OK
2024-07-10,7743,シード,プライム（内国株式）,精密機器,567,567,560,565,-2,-0.352734,55900,OK
2024-07-10,7744,ノーリツ鋼機,プライム（内国株式）,精密機器,4380,4430,4350,4410,-5,-0.11325,88300,OK
2024-07-10,7745,Ａ＆Ｄホロンホールディングス,プライム（内国株式）,精密機器,3395,3415,3360,3415,15,0.441176,132100,OK
2024-07-10,7746,岡本硝子,スタンダード（内国株式）,精密機器,132,132,131,131,-1,-0.757576,14200,OK
2024-07-10,7747,朝日インテック,プライム（内国株式）,精密機器,2282.5,2358.5,2259,2345,47.5,2.067465,1610500,OK
2024-07-10,7749,メディキット,スタンダード（内国株式）,精密機器,2989,3045,2988,3035,42,1.403274,1500,OK
2024-07-10,7751,キヤノン,プライム（内国株式）,電気機器,4504,4535,4482,4525,14,0.310352,3053800,OK
2024-07-10,7752,リコー,プライム（内国株式）,電気機器,1430,1438,1410,1417.5,-5,-0.351494,2408000,OK
2024-07-10,7760,ＩＭＶ,スタンダード（内国株式）,精密機器,830,833,803,810,-29,-3.456496,84200,OK
2024-07-10,7762,シチズン時計,プライム（内国株式）,精密機器,1087,1088,1073,1084,3,0.277521,736900,OK
2024-07-10,7769,リズム,プライム（内国株式）,精密機器,3725,3815,3725,3755,30,0.805369,11600,OK
2024-07-10,7771,日本精密,スタンダード（内国株式）,精密機器,78,79,78,78,0,0,145400,OK
2024-07-10,7774,ジャパン・ティッシュエンジニアリング,グロース（内国株式）,精密機器,693,704,693,700,4,0.574713,17500,OK
2024-07-10,7775,大研医器,スタンダード（内国株式）,精密機器,543,543,537,537,-4,-0.739372,59900,OK
2024-07-10,7776,セルシード,グロース（内国株式）,精密機器,641,751,635,751,100,15.360983,10192400,OK
2024-07-10,7777,スリー・ディー・マトリックス,グロース（内国株式）,精密機器,129,131,128,130,1,0.775194,360700,OK
2024-07-10,7779,ＣＹＢＥＲＤＹＮＥ,グロース（内国株式）,精密機器,207,207,200,203,-4,-1.932367,1384700,OK
2024-07-10,7780,メニコン,プライム（内国株式）,精密機器,1309.5,1311,1293,1309.5,-2,-0.152497,345200,OK
2024-07-10,7781,平山ホールディングス,スタンダード（内国株式）,精密機器,1066,1091,1059,1072,14,1.323251,14300,OK
2024-07-10,7782,シンシア,スタンダード（内国株式）,精密機器,452,453,449,451,-1,-0.221239,3400,OK
2024-07-10,7790,バルコス,TOKYO PRO MARKET（内国株式）,その他製品,,,,,,,,NO_QUOTE
2024-07-10,7791,ドリームベッド,スタンダード（内国株式）,その他製品,748,752,747,749,1,0.13369,1700,OK
2024-07-10,7792,コラントッテ,グロース（内国株式）,その他製品,1056,1056,1031,1031,-10,-0.960615,11600,OK
2024-07-10,7793,イメージ・マジック,グロース（内国株式）,その他製品,1058,1058,1040,1040,-18,-1.701323,1300,OK
2024-07-10,7794,イーディーピー,グロース（内国株式）,その他製品,1127,1145,1118,1128,-11,-0.965759,61800,OK
2024-07-10,7795,ＫＹＯＲＩＴＳＵ,スタンダード（内国株式）,その他製品,171,171,168,169,-2,-1.169591,152000,OK
2024-07-10,7800,アミファ,スタンダード（内国株式）,その他製品,635,638,635,635,0,0,1500,OK
2024-07-10,7803,ブシロード,グロース（内国株式）,その他製品,385,387,375,377,-8,-2.077922,179800,OK
2024-07-10,7804,ビーアンドピー,スタンダード（内国株式）,その他製品,1677,1677,1651,1672,-5,-0.298151,3700,OK
2024-07-10,7805,プリントネット,スタンダード（内国株式）,その他製品,640,640,632,636,2,0.315457,8000,OK
2024-07-10,7806,ＭＴＧ,グロース（内国株式）,その他製品,1522,1522,1505,1509,-11,-0.723684,24900,OK
2024-07-10,7807,幸和製作所,スタンダード（内国株式）,その他製品,1336,1350,1333,1347,-2,-0.148258,14600,OK
2024-07-10,7808,シー・エス・ランバー,スタンダード（内国株式）,その他製品,3340,3340,3340,3340,0,0,200,OK
2024-07-10,7809,壽屋,スタンダード（内国株式）,その他製品,1878,1878,1833,1847,-9,-0.484914,5900,OK
2024-07-10,7810,クロスフォー,スタンダード（内国株式）,その他製品,215,218,215,218,3,1.395349,25900,OK
2024-07-10,7811,中本パックス,スタンダード（内国株式）,その他製品,1656,1656,1635,1642,1,0.060938,18600,OK
2024-07-10,7812,クレステック,スタンダード（内国株式）,その他製品,1848,1848,1840,1843,-7,-0.378378,800,OK
2024-07-10,7813,プラッツ,グロース（内国株式）,その他製品,725,727,722,724,0,0,3200,OK
2024-07-10,7814,日本創発グループ,スタンダード（内国株式）,その他製品,554,554,547,552,0,0,6800,OK
2024-07-10,7815,東京ボード工業,スタンダード（内国株式）,その他製品,755,785,712,734,-16,-2.133333,108500,OK
2024-07-10,7817,パラマウントベッドホールディングス,プライム（内国株式）,その他製品,2650,2661,2630,2661,8,0.301545,101300,OK
2024-07-10,7818,トランザクション,プライム（内国株式）,その他製品,1793,1794,1761,1792,-6,-0.333704,71800,OK
2024-07-10,7819,粧美堂,スタンダード（内国株式）,その他製品,561,562,556,556,-4,-0.714286,8100,OK
2024-07-10,7820,ニホンフラッシュ,プライム（内国株式）,その他製品,914,920,911,912,-2,-0.218818,32300,OK
2024-07-10,7821,前田工繊,プライム（内国株式）,その他製品,1638,1643,1582,1604,-37,-2.254723,194800,OK
2024-07-10,7822,永大産業,スタンダード（内国株式）,その他製品,243,244,243,243,0,0,28600,OK
2024-07-10,7823,アートネイチャー,スタンダード（内国株式）,その他製品,810,820,808,820,3,0.367197,30800,OK
2024-07-10,7826,フルヤ金属,プライム（内国株式）,その他製品,4550,4765,4480,4735,220,4.872647,324400,OK
2024-07-10,7827,オービス,スタンダード（内国株式）,その他製品,1465,1465,1450,1451,-12,-0.820232,900,OK
2024-07-10,7831,ウイルコホールディングス,スタンダード（内国株式）,その他製品,137,137,135,135,-2,-1.459854,12300,OK
2024-07-10,7832,バンダイナムコホールディングス,プライム（内国株式）,その他製品,3131,3159,3097,3151,11,0.350318,1755700,OK
2024-07-10,7833,アイフィスジャパン,スタンダード（内国株式）,その他製品,625,625,613,616,-12,-1.910828,4100,OK
2024-07-10,7836,アビックス,スタンダード（内国株式）,その他製品,92,92,89,90,-2,-2.173913,160300,OK
2024-07-10,7837,アールシーコア,スタンダード（内国株式）,その他製品,464,464,458,458,-6,-1.293103,600,OK
2024-07-10,7839,ＳＨＯＥＩ,プライム（内国株式）,その他製品,1980,1984,1957,1974,-11,-0.554156,157200,OK
2024-07-10,7840,フランスベッドホールディングス,プライム（内国株式）,その他製品,1223,1223,1210,1214,-3,-0.246508,39600,OK
2024-07-10,7841,遠藤製作所,スタンダード（内国株式）,その他製品,1339,1353,1315,1326,-14,-1.044776,15400,OK
2024-07-10,7844,マーベラス,プライム（内国株式）,情報･通信業,652,653,647,653,2,0.30722,114300,OK
2024-07-10,7846,パイロットコーポレーション,プライム（内国株式）,その他製品,4315,4367,4304,4361,17,0.391344,106000,OK
2024-07-10,7847,グラファイトデザイン,スタンダード（内国株式）,その他製品,733,733,727,727,-1,-0.137363,2200,OK
2024-07-10,7849,スターツ出版,スタンダード（内国株式）,情報･通信業,3720,3720,3675,3675,55,1.519337,700,OK
2024-07-10,7850,総合商研,スタンダード（内国株式）,その他製品,918,918,892,908,-12,-1.304348,9600,OK
2024-07-10,7851,カワセコンピュータサプライ,スタンダード（内国株式）,その他製品,235,235,233,234,0,0,3300,OK
2024-07-10,7856,萩原工業,プライム（内国株式）,その他製品,1542,1542,1530,1533,-2,-0.130293,20400,OK
2024-07-10,7857,セキ,スタンダード（内国株式）,その他製品,,,,,,,,NO_QUOTE
2024-07-10,7859,アルメディオ,スタンダード（内国株式）,その他製品,384,384,371,375,-9,-2.34375,668700,OK
2024-07-10,7860,エイベックス,プライム（内国株式）,情報･通信業,1490,1497,1456,1466,-25,-1.676727,265500,OK
2024-07-10,7863,平賀,スタンダード（内国株式）,その他製品,1050,1054,1050,1054,1,0.094967,400,OK
2024-07-10,7864,フジシールインターナショナル,プライム（内国株式）,その他製品,2363,2379,2338,2360,-12,-0.505902,115900,OK
2024-07-10,7865,ピープル,スタンダード（内国株式）,その他製品,932,932,920,932,-5,-0.533618,1600,OK
2024-07-10,7867,タカラトミー,プライム（内国株式）,その他製品,3165,3166,3114,3166,-9,-0.283465,495900,OK
2024-07-10,7868,広済堂ホールディングス,プライム（内国株式）,その他製品,570,571,552,556,-15,-2.62697,1334500,OK
2024-07-10,7871,フクビ化学工業,スタンダード（内国株式）,化学,882,887,879,880,-1,-0.113507,7300,OK
2024-07-10,7872,エステールホールディングス,スタンダード（内国株式）,その他製品,652,655,651,651,-1,-0.153374,4000,OK
2024-07-10,7874,レック,プライム（内国株式）,化学,1088,1145,1088,1140,55,5.069124,135000,OK
2024-07-10,7875,竹田ｉＰホールディングス,スタンダード（内国株式）,その他製品,909,914,907,907,-7,-0.765864,3600,OK
2024-07-10,7877,永大化工,スタンダード（内国株式）,化学,1546,1548,1546,1548,2,0.129366,300,OK
2024-07-10,7878,光・彩,スタンダード（内国株式）,その他製品,2422,2446,2422,2440,0,0,400,OK
2024-07-10,7879,ノダ,スタンダード（内国株式）,その他製品,1055,1058,1052,1053,-2,-0.189573,8800,OK
2024-07-10,7883,サンメッセ,スタンダード（内国株式）,その他製品,381,383,381,382,1,0.262467,1100,OK
2024-07-10,7885,タカノ,スタンダード（内国株式）,その他製品,877,877,858,868,-9,-1.026226,29800,OK
2024-07-10,7886,ヤマト・インダストリー,スタンダード（内国株式）,化学,1350,1379,1325,1327,-16,-1.191363,5800,OK
2024-07-10,7887,南海プライウッド,スタンダード（内国株式）,その他製品,,,,,,,,NO_QUOTE
2024-07-10,7888,三光合成,プライム（内国株式）,化学,712,712,695,703,-3,-0.424929,193800,OK
2024-07-10,7893,プロネクサス,プライム（内国株式）,その他製品,1291,1302,1281,1287,-5,-0.386997,27200,OK
2024-07-10,7896,セブン工業,スタンダード（内国株式）,その他製品,507,507,503,504,-5,-0.982318,1900,OK
2024-07-10,7897,ホクシン,スタンダード（内国株式）,その他製品,119,120,119,119,-1,-0.833333,77100,OK
2024-07-10,7898,ウッドワン,スタンダード（内国株式）,その他製品,918,920,908,913,-3,-0.327511,20300,OK
2024-07-10,7901,マツモト,スタンダード（内国株式）,その他製品,1485,1485,1450,1453,-2,-0.137457,4200,OK
2024-07-10,7902,ソノコム,スタンダード（内国株式）,その他製品,880,883,880,883,3,0.340909,6600,OK
2024-07-10,7906,ヨネックス,スタンダード（内国株式）,その他製品,1987,2013,1961,1984,22,1.121305,259500,OK
2024-07-10,7908,きもと,スタンダード（内国株式）,化学,217,219,213,214,-4,-1.834862,111600,OK
2024-07-10,7911,ＴＯＰＰＡＮホールディングス,プライム（内国株式）,その他製品,4550,4614,4545,4607,56,1.230499,1167100,OK
2024-07-10,7912,大日本印刷,プライム（内国株式）,その他製品,5360,5454,5360,5450,79,1.470862,858200,OK
2024-07-10,7914,共同印刷,プライム（内国株式）,その他製品,4025,4050,3945,3975,-45,-1.119403,15900,OK
2024-07-10,7915,ＮＩＳＳＨＡ,プライム（内国株式）,その他製品,1994,2032,1977,2032,37,1.854637,132700,OK
2024-07-10,7916,光村印刷,スタンダード（内国株式）,その他製品,1625,1626,1625,1626,2,0.123153,500,OK
2024-07-10,7917,藤森工業,プライム（内国株式）,化学,4260,4260,4220,4250,-10,-0.234742,23600,OK
2024-07-10,7918,ヴィア・ホールディングス,スタンダード（内国株式）,小売業,134,139,130,131,-2,-1.503759,341200,OK
2024-07-10,7919,野崎印刷紙業,スタンダード（内国株式）,その他製品,170,173,170,173,4,2.366864,28800,OK
2024-07-10,7921,ＴＡＫＡＲＡ　＆　ＣＯＭＰＡＮＹ,プライム（内国株式）,その他製品,3100,3165,2956,3015,-40,-1.309329,84000,OK
2024-07-10,7922,三光産業,スタンダード（内国株式）,その他製品,423,423,415,419,-4,-0.945626,9300,OK
2024-07-10,7923,トーイン,スタンダード（内国株式）,その他製品,643,643,634,642,8,1.26183,1700,OK
2024-07-10,7925,前澤化成工業,プライム（内国株式）,化学,1931,1931,1881,1897,-45,-2.317199,61300,OK
2024-07-10,7927,ムトー精工,スタンダード（内国株式）,化学,1797,1807,1792,1795,-6,-0.333148,12600,OK
2024-07-10,7928,旭化学工業,スタンダード（内国株式）,化学,562,564,560,560,-2,-0.355872,3000,OK
2024-07-10,7931,未来工業,プライム（内国株式）,化学,3900,3915,3820,3830,-80,-2.046036,36400,OK
2024-07-10,7932,ニッピ,スタンダード（内国株式）,その他製品,6540,6570,6440,6440,-100,-1.529052,4700,OK
2024-07-10,7936,アシックス,プライム（内国株式）,その他製品,2563.5,2588.5,2528,2588.5,48.5,1.909449,3524500,OK
2024-07-10,7937,ツツミ,スタンダード（内国株式）,その他製品,2177,2177,2160,2163,5,0.231696,7200,OK
2024-07-10,7938,リーガルコーポレーション,スタンダード（内国株式）,その他製品,2841,2843,2806,2806,-36,-1.266714,4600,OK
2024-07-10,7939,研創,スタンダード（内国株式）,その他製品,561,561,554,558,7,1.270417,6200,OK
2024-07-10,7940,ウェーブロックホールディングス,スタンダード（内国株式）,化学,646,647,642,642,-5,-0.772798,39900,OK
2024-07-10,7942,ＪＳＰ,プライム（内国株式）,化学,2262,2274,2255,2271,9,0.397878,82500,OK
2024-07-10,7943,ニチハ,プライム（内国株式）,ガラス･土石製品,3570,3575,3510,3555,-10,-0.280505,57800,OK
2024-07-10,7944,ローランド,プライム（内国株式）,その他製品,3990,3990,3910,3930,-60,-1.503759,54600,OK
2024-07-10,7946,光陽社,スタンダード（内国株式）,その他製品,,,,,,,,NO_QUOTE
2024-07-10,7947,エフピコ,プライム（内国株式）,化学,2345,2369,2335.5,2359,-4,-0.169276,211700,OK
2024-07-10,7949,小松ウオール工業,プライム（内国株式）,その他製品,3270,3330,3255,3310,40,1.223242,20800,OK
2024-07-10,7951,ヤマハ,プライム（内国株式）,その他製品,3680,3704,3667,3685,-19,-0.512959,642200,OK
2024-07-10,7952,河合楽器製作所,プライム（内国株式）,その他製品,3295,3295,3200,3225,-65,-1.975684,18500,OK
2024-07-10,7953,菊水化学工業,スタンダード（内国株式）,その他製品,403,404,402,404,1,0.248139,6700,OK
2024-07-10,7955,クリナップ,プライム（内国株式）,その他製品,740,740,732,733,-7,-0.945946,112100,OK
2024-07-10,7956,ピジョン,プライム（内国株式）,その他製品,1460,1468,1444.5,1467,-2.5,-0.170126,753100,OK
2024-07-10,7957,フジコピアン,スタンダード（内国株式）,その他製品,1553,1553,1550,1550,30,1.973684,800,OK
2024-07-10,7958,天馬,プライム（内国株式）,化学,2870,2901,2819,2849,-11,-0.384615,59200,OK
2024-07-10,7962,キングジム,プライム（内国株式）,その他製品,865,868,865,868,3,0.346821,27800,OK
2024-07-10,7963,興研,スタンダード（内国株式）,その他製品,1646,1649,1631,1649,2,0.121433,3500,OK
2024-07-10,7965,象印マホービン,プライム（内国株式）,電気機器,1502,1505,1487,1499,-1,-0.066667,110800,OK
2024-07-10,7966,リンテック,プライム（内国株式）,その他製品,3485,3545,3485,3530,45,1.291248,247300,OK
2024-07-10,7970,信越ポリマー,プライム（内国株式）,化学,1570,1573,1554,1571,-6,-0.380469,140600,OK
2024-07-10,7971,東リ,スタンダード（内国株式）,化学,403,403,394,398,-2,-0.5,216200,OK
2024-07-10,7972,イトーキ,プライム（内国株式）,その他製品,1616,1624,1599,1613,-2,-0.123839,118100,OK
2024-07-10,7974,任天堂,プライム（内国株式）,その他製品,8955,9000,8865,9000,51,0.569896,3541100,OK
2024-07-10,7975,リヒトラブ,スタンダード（内国株式）,その他製品,1230,1230,1214,1225,-3,-0.2443,1800,OK
2024-07-10,7976,三菱鉛筆,プライム（内国株式）,その他製品,2591,2635,2570,2635,26,0.99655,74900,OK
2024-07-10,7979,松風,プライム（内国株式）,精密機器,4995,5010,4810,4855,-120,-2.41206,57500,OK
2024-07-10,7980,重松製作所,スタンダード（内国株式）,その他製品,790,790,782,782,-5,-0.635324,6700,OK
2024-07-10,7981,タカラスタンダード,プライム（内国株式）,その他製品,1733,1753,1732,1753,25,1.446759,104300,OK
2024-07-10,7983,ミロク,スタンダード（内国株式）,その他製品,1463,1463,1463,1463,1,0.068399,400,OK
2024-07-10,7984,コクヨ,プライム（内国株式）,その他製品,2630,2635,2611,2619,13,0.498849,319100,OK
2024-07-10,7985,ネポン,スタンダード（内国株式）,金属製品,1740,1740,1717,1730,14,0.815851,800,OK
2024-07-10,7986,日本アイ・エス・ケイ,スタンダード（内国株式）,その他製品,1461,1539,1452,1456,-6,-0.410397,30400,OK
2024-07-10,7987,ナカバヤシ,スタンダード（内国株式）,その他製品,544,548,543,548,2,0.3663,25700,OK
2024-07-10,7988,ニフコ,プライム（内国株式）,化学,3882,3949,3867,3940,10,0.254453,243100,OK
2024-07-10,7989,立川ブラインド工業,プライム（内国株式）,金属製品,1345,1346,1334,1334,-11,-0.817844,14600,OK
2024-07-10,7990,グローブライド,プライム（内国株式）,その他製品,2117,2137,2074,2086,-30,-1.417769,81700,OK
2024-07-10,7991,マミヤ・オーピー,スタンダード（内国株式）,機械,1192,1199,1175,1183,-8,-0.671704,48600,OK
2024-07-10,7992,セーラー万年筆,スタンダード（内国株式）,その他製品,127,128,126,127,-1,-0.78125,19300,OK
2024-07-10,7994,オカムラ,プライム（内国株式）,その他製品,2183,2198,2171,2188,18,0.829493,155700,OK
2024-07-10,7995,バルカー,プライム（内国株式）,化学,3700,3710,3665,3710,0,0,93600,OK
2024-07-10,7997,くろがね工作所,スタンダード（内国株式）,その他製品,1117,1117,1034,1042,-76,-6.797853,82900,OK
2024-07-10,7999,ＭＵＴＯＨホールディングス,スタンダード（内国株式）,電気機器,2472,2472,2432,2446,-33,-1.331182,9000,OK
2024-07-10,8001,伊藤忠商事,プライム（内国株式）,卸売業,8149,8171,8060,8138,7,0.08609,2994600,OK
2024-07-10,8002,丸紅,プライム（内国株式）,卸売業,3051,3063,2999,3033,-18,-0.589971,4395000,OK
2024-07-10,8005,スクロール,プライム（内国株式）,小売業,1049,1055,1041,1050,3,0.286533,116300,OK
2024-07-10,8006,ユアサ・フナショク,スタンダード（内国株式）,卸売業,3760,3780,3750,3780,20,0.531915,7100,OK
2024-07-10,8007,高島,プライム（内国株式）,卸売業,1000,1004,995,1004,5,0.500501,63600,OK
2024-07-10,8008,ヨンドシーホールディングス,プライム（内国株式）,小売業,1915,1925,1909,1912,-8,-0.416667,63200,OK
2024-07-10,8011,三陽商会,プライム（内国株式）,繊維製品,2543,2557,2525,2530,-13,-0.511207,78200,OK
2024-07-10,8012,長瀬産業,プライム（内国株式）,卸売業,3222,3270,3214,3261,28,0.866069,230100,OK
2024-07-10,8013,ナイガイ,スタンダード（内国株式）,繊維製品,259,260,259,260,1,0.3861,6700,OK
2024-07-10,8014,蝶理,プライム（内国株式）,卸売業,3575,3600,3535,3540,-35,-0.979021,20200,OK
2024-07-10,8015,豊田通商,プライム（内国株式）,卸売業,3224,3237,3184,3217,-30,-0.92393,2178000,OK
2024-07-10,8016,オンワードホールディングス,プライム（内国株式）,繊維製品,576,580,570,576,5,0.875657,908600,OK
2024-07-10,8018,三共生興,スタンダード（内国株式）,卸売業,728,733,724,730,2,0.274725,51100,OK
2024-07-10,8020,兼松,プライム（内国株式）,卸売業,2665,2683,2650,2675,-3,-0.112024,228700,OK
2024-07-10,8022,美津濃,プライム（内国株式）,その他製品,7500,7510,7380,7450,-40,-0.534045,139800,OK
2024-07-10,8023,大興電子通信,スタンダード（内国株式）,情報･通信業,860,865,851,855,-5,-0.581395,13300,OK
2024-07-10,8025,ツカモトコーポレーション,スタンダード（内国株式）,卸売業,1221,1249,1221,1222,1,0.0819,2800,OK
2024-07-10,8029,ルックホールディングス,スタンダード（内国株式）,繊維製品,2869,2872,2850,2851,-18,-0.627396,9300,OK
2024-07-10,8030,中央魚類,スタンダード（内国株式）,卸売業,2917,2917,2899,2910,-7,-0.239973,1000,OK
2024-07-10,8031,三井物産,プライム（内国株式）,卸売業,3751,3776,3690,3732,-33,-0.876494,8420300,OK
2024-07-10,8032,日本紙パルプ商事,プライム（内国株式）,卸売業,6150,6180,6120,6160,10,0.162602,24400,OK
2024-07-10,8035,東京エレクトロン,プライム（内国株式）,電気機器,37230,37870,36850,37820,420,1.122995,3358900,OK
2024-07-10,8037,カメイ,プライム（内国株式）,卸売業,2260,2276,2229,2241,-40,-1.753617,42900,OK
2024-07-10,8038,東都水産,スタンダード（内国株式）,卸売業,6830,6830,6830,6830,10,0.146628,200,OK
2024-07-10,8039,築地魚市場,スタンダード（内国株式）,卸売業,3400,3485,3390,3450,45,1.321586,2400,OK
2024-07-10,8040,東京ソワール,スタンダード（内国株式）,繊維製品,881,882,878,878,0,0,3800,OK
2024-07-10,8041,ＯＵＧホールディングス,スタンダード（内国株式）,卸売業,2712,2717,2678,2678,-30,-1.107829,8500,OK
2024-07-10,8043,スターゼン,プライム（内国株式）,卸売業,3085,3175,3065,3135,80,2.618658,58700,OK
2024-07-10,8045,横浜丸魚,スタンダード（内国株式）,卸売業,992,1007,992,995,3,0.302419,600,OK
2024-07-10,8046,丸藤シートパイル,スタンダード（内国株式）,卸売業,2930,2931,2902,2931,1,0.03413,2300,OK
2024-07-10,8050,セイコーグループ,プライム（内国株式）,精密機器,4920,4930,4860,4930,-5,-0.101317,88500,OK
2024-07-10,8051,山善,プライム（内国株式）,卸売業,1442,1446,1436,1438,-4,-0.277393,146100,OK
2024-07-10,8052,椿本興業,プライム（内国株式）,卸売業,2126,2134,2107,2107,-28,-1.311475,20600,OK
2024-07-10,8053,住友商事,プライム（内国株式）,卸売業,4059,4075,4005,4048,-15,-0.369185,2655000,OK
2024-07-10,8056,ＢＩＰＲＯＧＹ,プライム（内国株式）,情報･通信業,4539,4565,4515,4547,-11,-0.241334,294900,OK
2024-07-10,8057,内田洋行,プライム（内国株式）,卸売業,8040,8040,7970,7980,-50,-0.622665,40500,OK
2024-07-10,8058,三菱商事,プライム（内国株式）,卸売業,3358,3375,3319,3337,-39,-1.155213,11595400,OK
2024-07-10,8059,第一実業,プライム（内国株式）,卸売業,2402,2447,2376,2384,-37,-1.528294,34700,OK
2024-07-10,8060,キヤノンマーケティングジャパン,プライム（内国株式）,卸売業,4591,4610,4540,4579,-31,-0.672451,86600,OK
2024-07-10,8061,西華産業,プライム（内国株式）,卸売業,4260,4260,4175,4205,-20,-0.473373,37600,OK
2024-07-10,8065,佐藤商事,プライム（内国株式）,卸売業,1677,1677,1642,1657,-6,-0.360794,24800,OK
2024-07-10,8066,三谷商事,スタンダード（内国株式）,卸売業,1636,1648,1591,1618,-17,-1.039755,23200,OK
2024-07-10,8070,東京産業,プライム（内国株式）,卸売業,724,724,718,722,-2,-0.276243,55600,OK
2024-07-10,8072,日本出版貿易,スタンダード（内国株式）,卸売業,2595,2595,2595,2595,-5,-0.192308,100,OK
2024-07-10,8074,ユアサ商事,プライム（内国株式）,卸売業,5640,5640,5450,5500,-140,-2.48227,68200,OK
2024-07-10,8075,神鋼商事,プライム（内国株式）,卸売業,8620,8620,8340,8340,-130,-1.534829,18200,OK
2024-07-10,8076,カノークス,スタンダード（内国株式）,卸売業,1882,1887,1870,1870,-11,-0.584795,4200,OK
2024-07-10,8077,トルク,スタンダード（内国株式）,卸売業,230,230,224,224,-4,-1.754386,72400,OK
2024-07-10,8078,阪和興業,プライム（内国株式）,卸売業,5900,5920,5840,5880,-50,-0.84317,94900,OK
2024-07-10,8079,正栄食品工業,プライム（内国株式）,卸売業,4780,4785,4745,4775,-30,-0.62435,28900,OK
2024-07-10,8081,カナデン,プライム（内国株式）,卸売業,1650,1650,1627,1636,-11,-0.667881,37100,OK
2024-07-10,8084,ＲＹＯＤＥＮ,プライム（内国株式）,卸売業,2850,2868,2841,2843,-7,-0.245614,26200,OK
2024-07-10,8085,ナラサキ産業,スタンダード（内国株式）,卸売業,3300,3310,3300,3300,0,0,1500,OK
2024-07-10,8086,ニプロ,プライム（内国株式）,精密機器,1278.5,1283,1270,1283,2.5,0.195236,382500,OK
2024-07-10,8088,岩谷産業,プライム（内国株式）,卸売業,10340,10420,10200,10290,-50,-0.483559,243000,OK
2024-07-10,8089,ナイス,スタンダード（内国株式）,卸売業,1915,1915,1892,1895,-20,-1.044386,14900,OK
2024-07-10,8091,ニチモウ,プライム（内国株式）,卸売業,2176,2200,2159,2173,-1,-0.045998,45800,OK
2024-07-10,8093,極東貿易,プライム（内国株式）,卸売業,1790,1790,1764,1775,2,0.112803,28800,OK
2024-07-10,8095,アステナホールディングス,プライム（内国株式）,卸売業,536,539,533,535,-4,-0.742115,101500,OK
2024-07-10,8097,三愛オブリ,プライム（内国株式）,卸売業,2131,2131,2101,2113,-18,-0.844674,135000,OK
2024-07-10,8098,稲畑産業,プライム（内国株式）,卸売業,3555,3570,3510,3525,-25,-0.704225,181100,OK
2024-07-10,8101,ＧＳＩクレオス,プライム（内国株式）,卸売業,2280,2280,2239,2259,11,0.489324,22400,OK
2024-07-10,8103,明和産業,プライム（内国株式）,卸売業,731,731,720,725,-1,-0.137741,103500,OK
2024-07-10,8104,クワザワホールディングス,スタンダード（内国株式）,卸売業,771,779,756,757,-20,-2.574003,47800,OK
2024-07-10,8105,堀田丸正,スタンダード（内国株式）,卸売業,51,51,50,50,0,0,14800,OK
2024-07-10,8107,キムラタン,スタンダード（内国株式）,繊維製品,17,18,17,17,0,0,332800,OK
2024-07-10,8111,ゴールドウイン,プライム（内国株式）,繊維製品,8985,9075,8874,8905,-122,-1.351501,130500,OK
2024-07-10,8113,ユニ・チャーム,プライム（内国株式）,化学,5228,5273,5209,5273,27,0.514678,856800,OK
2024-07-10,8114,デサント,プライム（内国株式）,繊維製品,3700,3790,3690,3770,50,1.344086,349300,OK
2024-07-10,8115,ムーンバット,スタンダード（内国株式）,卸売業,959,970,950,970,18,1.890756,11300,OK
2024-07-10,8117,中央自動車工業,スタンダード（内国株式）,卸売業,5170,5180,5050,5080,-90,-1.740812,13000,OK
2024-07-10,8118,キング,スタンダード（内国株式）,繊維製品,750,755,747,750,0,0,3000,OK
2024-07-10,8119,三栄コーポレーション,スタンダード（内国株式）,卸売業,2780,2784,2780,2784,19,0.687161,200,OK
2024-07-10,8123,川辺,スタンダード（内国株式）,卸売業,1460,1460,1421,1440,-23,-1.572112,3200,OK
2024-07-10,8125,ワキタ,プライム（内国株式）,卸売業,1722,1722,1690,1699,-14,-0.81728,101100,OK
2024-07-10,8127,ヤマトインターナショナル,スタンダード（内国株式）,繊維製品,365,367,363,363,-1,-0.274725,27100,OK
2024-07-10,8129,東邦ホールディングス,プライム（内国株式）,卸売業,4389,4495,4370,4490,95,2.161547,842700,OK
2024-07-10,8130,サンゲツ,プライム（内国株式）,卸売業,2940,2948,2915,2924,-26,-0.881356,357100,OK
2024-07-10,8131,ミツウロコグループホールディングス,スタンダード（内国株式）,卸売業,1722,1741,1682,1691,-38,-2.197802,50600,OK
2024-07-10,8132,シナネンホールディングス,プライム（内国株式）,卸売業,4480,4560,4455,4530,-90,-1.948052,8800,OK
2024-07-10,8133,伊藤忠エネクス,プライム（内国株式）,卸売業,1504,1517,1495,1500,-10,-0.662252,214500,OK
2024-07-10,8135,ゼット,スタンダード（内国株式）,卸売業,341,343,339,340,4,1.190476,13200,OK
2024-07-10,8136,サンリオ,プライム（内国株式）,卸売業,3155,3232,3148,3232,73,2.310858,1127000,OK
2024-07-10,8137,サンワテクノス,プライム（内国株式）,卸売業,2259,2263,2235,2263,9,0.39929,41500,OK
2024-07-10,8138,三京化成,スタンダード（内国株式）,卸売業,3500,3700,3430,3700,225,6.47482,1600,OK
2024-07-10,8139,ナガホリ,スタンダード（内国株式）,卸売業,1403,1407,1400,1407,3,0.213675,5200,OK
2024-07-10,8141,新光商事,プライム（内国株式）,卸売業,938,943,935,939,1,0.10661,83600,OK
2024-07-10,8142,トーホー,プライム（内国株式）,卸売業,3790,3845,3740,3740,-20,-0.531915,45600,OK
2024-07-10,8143,ラピーヌ,スタンダード（内国株式）,繊維製品,258,262,258,261,-2,-0.760456,5100,OK
2024-07-10,8144,デンキョーグループホールディングス,スタンダード（内国株式）,卸売業,1295,1297,1290,1296,-7,-0.537222,17300,OK
2024-07-10,8147,トミタ,スタンダード（内国株式）,卸売業,1469,1510,1456,1483,34,2.346446,5800,OK
2024-07-10,8150,三信電気,プライム（内国株式）,卸売業,2182,2184,2156,2173,-3,-0.137868,16000,OK
2024-07-10,8151,東陽テクニカ,プライム（内国株式）,卸売業,1661,1662,1624,1636,-25,-1.505117,62600,OK
2024-07-10,8152,ソマール,スタンダード（内国株式）,卸売業,4480,4485,4450,4485,-55,-1.211454,1100,OK
2024-07-10,8153,モスフードサービス,プライム（内国株式）,卸売業,3555,3555,3515,3535,-10,-0.282087,65600,OK
2024-07-10,8154,加賀電子,プライム（内国株式）,卸売業,5700,5700,5570,5650,-50,-0.877193,158500,OK
2024-07-10,8155,三益半導体工業,プライム（内国株式）,金属製品,3695,3700,3690,3690,0,0,176800,OK
2024-07-10,8157,都築電気,プライム（内国株式）,情報･通信業,2417,2440,2417,2426,-14,-0.57377,18000,OK
2024-07-10,8158,ソーダニッカ,プライム（内国株式）,卸売業,1167,1170,1158,1166,-1,-0.08569,39600,OK
2024-07-10,8159,立花エレテック,プライム（内国株式）,卸売業,3185,3185,3115,3130,-45,-1.417323,46200,OK
2024-07-10,8160,木曽路,プライム（内国株式）,小売業,2575,2592,2572,2592,9,0.348432,49300,OK
2024-07-10,8163,ＳＲＳホールディングス,プライム（内国株式）,小売業,1321,1331,1303,1311,-4,-0.304183,124800,OK
2024-07-10,8165,千趣会,スタンダード（内国株式）,小売業,310,310,300,303,-7,-2.258065,157600,OK
2024-07-10,8166,タカキュー,スタンダード（内国株式）,小売業,112,112,106,108,-1,-0.917431,335900,OK
2024-07-10,8167,リテールパートナーズ,プライム（内国株式）,小売業,1742,1742,1709,1720,-27,-1.545507,41500,OK
2024-07-10,8173,上新電機,プライム（内国株式）,小売業,2625,2629,2602,2622,-6,-0.228311,44100,OK
2024-07-10,8174,日本瓦斯,プライム（内国株式）,小売業,2365,2366.5,2339,2346,-33.5,-1.407859,491700,OK
2024-07-10,8179,ロイヤルホールディングス,プライム（内国株式）,小売業,2476,2482,2456,2482,0,0,108800,OK
2024-07-10,8181,東天紅,スタンダード（内国株式）,小売業,916,927,914,921,7,0.765864,6300,OK
2024-07-10,8182,いなげや,プライム（内国株式）,小売業,1186,1211,1172,1209,33,2.806122,181200,OK
2024-07-10,8185,チヨダ,プライム（内国株式）,小売業,1012,1012,992,992,-21,-2.07305,69500,OK
2024-07-10,8194,ライフコーポレーション,プライム（内国株式）,小売業,3700,3725,3620,3645,-40,-1.085482,197000,OK
2024-07-10,8198,マックスバリュ東海,スタンダード（内国株式）,小売業,3135,3140,3125,3135,0,0,4100,OK
2024-07-10,8200,リンガーハット,プライム（内国株式）,小売業,2215,2220,2200,2207,-7,-0.31617,261500,OK
2024-07-10,8202,ラオックスホールディングス,スタンダード（内国株式）,小売業,212,213,210,213,1,0.471698,102800,OK
2024-07-10,8203,ＭｒＭａｘＨＤ,プライム（内国株式）,小売業,670,673,667,671,1,0.149254,33400,OK
2024-07-10,8207,テンアライド,スタンダード（内国株式）,小売業,300,300,296,296,-3,-1.003344,150700,OK
2024-07-10,8208,エンチョー,スタンダード（内国株式）,小売業,930,930,915,915,-20,-2.139037,2000,OK
2024-07-10,8209,フレンドリー,スタンダード（内国株式）,小売業,483,483,471,482,-1,-0.207039,7900,OK
2024-07-10,8214,ＡＯＫＩホールディングス,プライム（内国株式）,小売業,1340,1344,1325,1344,-1,-0.074349,107100,OK
2024-07-10,8215,銀座山形屋,スタンダード（内国株式）,小売業,1011,1014,1010,1010,-2,-0.197628,1000,OK
2024-07-10,8217,オークワ,プライム（内国株式）,小売業,908,908,892,899,-2,-0.221976,115200,OK
2024-07-10,8218,コメリ,プライム（内国株式）,小売業,3515,3515,3485,3510,-10,-0.284091,65000,OK
2024-07-10,8219,青山商事,プライム（内国株式）,小売業,1491,1504,1490,1502,4,0.267023,202600,OK
2024-07-10,8225,タカチホ,スタンダード（内国株式）,卸売業,3350,3390,3350,3390,40,1.19403,1400,OK
2024-07-10,8226,理経,スタンダード（内国株式）,卸売業,301,305,295,301,-2,-0.660066,353200,OK
2024-07-10,8227,しまむら,プライム（内国株式）,小売業,7142,7142,7028,7095,-82,-1.142539,265200,OK
2024-07-10,8230,はせがわ,スタンダード（内国株式）,小売業,346,348,346,347,2,0.57971,10000,OK
2024-07-10,8233,高島屋,プライム（内国株式）,小売業,3010,3075,2991,3054,44,1.461794,1428700,OK
2024-07-10,8237,松屋,プライム（内国株式）,小売業,1142,1167,1137,1167,29,2.54833,321900,OK
2024-07-10,8242,エイチ・ツー・オー　リテイリング,プライム（内国株式）,小売業,2660,2710,2651,2700,51,1.925255,492400,OK
2024-07-10,8244,近鉄百貨店,スタンダード（内国株式）,小売業,2232,2256,2216,2247,5,0.223015,46800,OK
2024-07-10,8247,大和,スタンダード（内国株式）,小売業,457,463,456,463,6,1.31291,2300,OK
2024-07-10,8252,丸井グループ,プライム（内国株式）,小売業,2348,2358,2337,2350,2,0.085179,976900,OK
2024-07-10,8253,クレディセゾン,プライム（内国株式）,その他金融業,3325,3396,3321,3374,7,0.2079,735100,OK
2024-07-10,8254,さいか屋,スタンダード（内国株式）,小売業,421,425,419,425,4,0.950119,14200,OK
2024-07-10,8255,アクシアル　リテイリング,プライム（内国株式）,小売業,1019,1019,1001,1007,-10,-0.983284,124900,OK
2024-07-10,8260,井筒屋,スタンダード（内国株式）,小売業,455,455,445,449,-1,-0.222222,144400,OK
2024-07-10,8267,イオン,プライム（内国株式）,小売業,3444,3444,3331,3345,-115,-3.323699,3951000,OK
2024-07-10,8273,イズミ,プライム（内国株式）,小売業,3308,3339,3271,3278,-64,-1.915021,218400,OK
2024-07-10,8275,フォーバル,スタンダード（内国株式）,卸売業,1596,1596,1532,1573,-34,-2.115744,14400,OK
2024-07-10,8276,平和堂,プライム（内国株式）,小売業,2371,2392,2361,2376,-2,-0.084104,94400,OK
2024-07-10,8278,フジ,プライム（内国株式）,小売業,1940,1955,1916,1926,-9,-0.465116,138700,OK
2024-07-10,8279,ヤオコー,プライム（内国株式）,小売業,9347,9347,9170,9220,-130,-1.390374,57600,OK
2024-07-10,8281,ゼビオホールディングス,プライム（内国株式）,小売業,1154,1155,1131,1148,-10,-0.863558,92800,OK
2024-07-10,8282,ケーズホールディングス,プライム（内国株式）,小売業,1550.5,1577,1546,1573,15,0.962773,837800,OK
2024-07-10,8283,ＰＡＬＴＡＣ,プライム（内国株式）,卸売業,4229,4236,4191,4234,-37,-0.866308,86700,OK
2024-07-10,8285,三谷産業,スタンダード（内国株式）,卸売業,360,364,350,350,-13,-3.581267,144300,OK
2024-07-10,8289,Ｏｌｙｍｐｉｃグループ,スタンダード（内国株式）,小売業,548,548,534,546,-9,-1.621622,54800,OK
2024-07-10,8291,日産東京販売ホールディングス,スタンダード（内国株式）,小売業,500,504,498,504,6,1.204819,134200,OK
2024-07-10,8304,あおぞら銀行,プライム（内国株式）,銀行業,2516.5,2537,2511.5,2533.5,19.5,0.775656,639100,OK
2024-07-10,8306,三菱ＵＦＪフィナンシャル・グループ,プライム（内国株式）,銀行業,1795,1804.5,1775,1793,26.5,1.500142,61432500,OK
2024-07-10,8308,りそなホールディングス,プライム（内国株式）,銀行業,1057,1078,1051.5,1068.5,8,0.754361,9219900,OK
2024-07-10,8309,三井住友トラスト・ホールディングス,プライム（内国株式）,銀行業,3747,3828,3733,3791,81,2.183288,3484000,OK
2024-07-10,8316,三井住友フィナンシャルグループ,プライム（内国株式）,銀行業,11100,11190,10975,11095,65,0.589302,5959200,OK
2024-07-10,8331,千葉銀行,プライム（内国株式）,銀行業,1387.5,1394,1372,1384.5,0.5,0.036127,2059600,OK
2024-07-10,8334,群馬銀行,プライム（内国株式）,銀行業,1017,1026,1004,1017,3,0.295858,868200,OK
2024-07-10,8336,武蔵野銀行,プライム（内国株式）,銀行業,3200,3245,3175,3210,10,0.3125,45200,OK
2024-07-10,8337,千葉興業銀行,プライム（内国株式）,銀行業,1016,1037,1013,1032,11,1.077375,122000,OK
2024-07-10,8338,筑波銀行,プライム（内国株式）,銀行業,307,307,300,301,-3,-0.986842,480300,OK
2024-07-10,8341,七十七銀行,プライム（内国株式）,銀行業,4415,4435,4390,4435,15,0.339367,178900,OK
2024-07-10,8343,秋田銀行,プライム（内国株式）,銀行業,2497,2518,2459,2472,-25,-1.001201,33300,OK
2024-07-10,8344,山形銀行,プライム（内国株式）,銀行業,1150,1160,1139,1153,-6,-0.517688,55200,OK
2024-07-10,8345,岩手銀行,プライム（内国株式）,銀行業,2705,2741,2690,2708,-8,-0.294551,33100,OK
2024-07-10,8346,東邦銀行,プライム（内国株式）,銀行業,317,319,315,318,1,0.315457,435600,OK
2024-07-10,8349,東北銀行,スタンダード（内国株式）,銀行業,1226,1231,1212,1212,-16,-1.302932,20400,OK
2024-07-10,8354,ふくおかフィナンシャルグループ,プライム（内国株式）,銀行業,4267,4299,4242,4273,18,0.423032,566600,OK
2024-07-10,8358,スルガ銀行,プライム（内国株式）,銀行業,1061,1068,1050,1065,17,1.622137,583500,OK
2024-07-10,8359,八十二銀行,プライム（内国株式）,銀行業,1047,1053,1040,1050,5,0.478469,1063800,OK
2024-07-10,8360,山梨中央銀行,プライム（内国株式）,銀行業,1957,1970,1940,1956,-5,-0.254972,46200,OK
2024-07-10,8361,大垣共立銀行,プライム（内国株式）,銀行業,2200,2220,2180,2198,5,0.227998,74600,OK
2024-07-10,8362,福井銀行,プライム（内国株式）,銀行業,2086,2121,2080,2082,-16,-0.762631,32600,OK
2024-07-10,8364,清水銀行,プライム（内国株式）,銀行業,1602,1616,1590,1591,-11,-0.686642,20800,OK
2024-07-10,8365,富山銀行,スタンダード（内国株式）,銀行業,1750,1760,1743,1746,-6,-0.342466,3700,OK
2024-07-10,8366,滋賀銀行,プライム（内国株式）,銀行業,4050,4145,4050,4125,65,1.600985,146600,OK
2024-07-10,8367,南都銀行,プライム（内国株式）,銀行業,3495,3535,3475,3505,0,0,71100,OK
2024-07-10,8368,百五銀行,プライム（内国株式）,銀行業,660,666,658,664,3,0.453858,487100,OK
2024-07-10,8370,紀陽銀行,プライム（内国株式）,銀行業,1900,1921,1886,1915,7,0.366876,107400,OK
2024-07-10,8377,ほくほくフィナンシャルグループ,プライム（内国株式）,銀行業,1995,2010,1980,1992.5,0,0,390400,OK
2024-07-10,8381,山陰合同銀行,プライム（内国株式）,銀行業,1421,1428,1408,1426,8,0.564175,414300,OK
2024-07-10,8383,鳥取銀行,スタンダード（内国株式）,銀行業,1362,1365,1350,1358,4,0.295421,17500,OK
2024-07-10,8386,百十四銀行,プライム（内国株式）,銀行業,3230,3230,3185,3205,-15,-0.465839,46800,OK
2024-07-10,8387,四国銀行,プライム（内国株式）,銀行業,1155,1166,1141,1149,-5,-0.433276,81300,OK
2024-07-10,8388,阿波銀行,プライム（内国株式）,銀行業,2693,2725,2671,2699,6,0.2228,46100,OK
2024-07-10,8392,大分銀行,プライム（内国株式）,銀行業,3375,3405,3350,3370,-25,-0.736377,24800,OK
2024-07-10,8393,宮崎銀行,プライム（内国株式）,銀行業,3290,3310,3255,3270,-10,-0.304878,28000,OK
2024-07-10,8395,佐賀銀行,プライム（内国株式）,銀行業,2607,2618,2569,2591,-26,-0.993504,26900,OK
2024-07-10,8399,琉球銀行,プライム（内国株式）,銀行業,1217,1224,1210,1221,9,0.742574,123800,OK
2024-07-10,8410,セブン銀行,プライム（内国株式）,銀行業,273.4,273.5,270.2,271.9,-1.1,-0.40293,4742500,OK
2024-07-10,8411,みずほフィナンシャルグループ,プライム（内国株式）,銀行業,3446,3494,3431,3468,45,1.314636,10921600,OK
2024-07-10,8416,高知銀行,スタンダード（内国株式）,銀行業,889,893,870,875,-20,-2.234637,37000,OK
2024-07-10,8418,山口フィナンシャルグループ,プライム（内国株式）,銀行業,1803,1815,1787.5,1799.5,5,0.278629,437500,OK
2024-07-10,8424,芙蓉総合リース,プライム（内国株式）,その他金融業,12000,12110,11905,12090,35,0.290336,61900,OK
2024-07-10,8425,みずほリース,プライム（内国株式）,その他金融業,1119,1128,1118,1127,4,0.356189,291600,OK
2024-07-10,8439,東京センチュリー,プライム（内国株式）,その他金融業,1480.5,1495,1476,1491,0,0,430800,OK
2024-07-10,8462,フューチャーベンチャーキャピタル,スタンダード（内国株式）,証券･商品先物取引業,830,830,811,815,-15,-1.807229,40900,OK
2024-07-10,8473,ＳＢＩホールディングス,プライム（内国株式）,証券･商品先物取引業,4152,4187,4139,4187,23,0.552354,1147300,OK
2024-07-10,8508,Ｊトラスト,スタンダード（内国株式）,その他金融業,417,419,413,415,-2,-0.479616,251100,OK
2024-07-10,8511,日本証券金融,プライム（内国株式）,その他金融業,1615,1629,1608,1618,-1,-0.061767,177100,OK
2024-07-10,8515,アイフル,プライム（内国株式）,その他金融業,382,382,372,375,-4,-1.055409,3244100,OK
2024-07-10,8518,日本アジア投資,スタンダード（内国株式）,証券･商品先物取引業,235,236,234,234,-1,-0.425532,17000,OK
2024-07-10,8522,名古屋銀行,プライム（内国株式）,銀行業,7660,7830,7600,7690,80,1.051248,52000,OK
2024-07-10,8524,北洋銀行,プライム（内国株式）,銀行業,526,531,521,526,-1,-0.189753,1348300,OK
2024-07-10,8537,大光銀行,スタンダード（内国株式）,銀行業,1565,1571,1530,1545,-16,-1.024984,41300,OK
2024-07-10,8541,愛媛銀行,プライム（内国株式）,銀行業,1243,1247,1223,1228,-14,-1.127214,61000,OK
2024-07-10,8542,トマト銀行,スタンダード（内国株式）,銀行業,1295,1303,1286,1292,-5,-0.385505,18700,OK
2024-07-10,8544,京葉銀行,プライム（内国株式）,銀行業,830,841,826,829,-2,-0.240674,222200,OK
2024-07-10,8550,栃木銀行,プライム（内国株式）,銀行業,347,352,347,351,0,0,309600,OK
2024-07-10,8551,北日本銀行,プライム（内国株式）,銀行業,2697,2708,2663,2686,0,0,12200,OK
2024-07-10,8558,東和銀行,プライム（内国株式）,銀行業,684,687,681,686,1,0.145985,73900,OK
2024-07-10,8562,福島銀行,スタンダード（内国株式）,銀行業,269,271,267,269,1,0.373134,98800,OK
2024-07-10,8563,大東銀行,スタンダード（内国株式）,銀行業,760,765,759,760,-8,-1.041667,51500,OK
2024-07-10,8566,リコーリース,プライム（内国株式）,その他金融業,5250,5300,5240,5260,20,0.381679,25900,OK
2024-07-10,8570,イオンフィナンシャルサービス,プライム（内国株式）,その他金融業,1294.5,1297,1285.5,1288,-1,-0.07758,696700,OK
2024-07-10,8572,アコム,スタンダード（内国株式）,その他金融業,424.7,427.7,423,426.3,1.2,0.282287,1127200,OK
2024-07-10,8584,ジャックス,プライム（内国株式）,その他金融業,4585,4620,4585,4605,15,0.326797,95400,OK
2024-07-10,8585,オリエントコーポレーション,プライム（内国株式）,その他金融業,1007,1016,1004,1014,6,0.595238,381800,OK
2024-07-10,8591,オリックス,プライム（内国株式）,その他金融業,3631,3669,3621,3669,32,0.879846,3181800,OK
2024-07-10,8593,三菱ＨＣキャピタル,プライム（内国株式）,その他金融業,1067.5,1079,1067,1077.5,5,0.4662,2467300,OK
2024-07-10,8595,ジャフコ　グループ,プライム（内国株式）,証券･商品先物取引業,1980,1980,1951.5,1955,-24,-1.212734,357700,OK
2024-07-10,8596,九州リースサービス,スタンダード（内国株式）,その他金融業,1067,1089,1062,1084,22,2.071563,51500,OK
2024-07-10,8600,トモニホールディングス,プライム（内国株式）,銀行業,412,414,406,409,0,0,447600,OK
2024-07-10,8601,大和証券グループ本社,プライム（内国株式）,証券･商品先物取引業,1273.5,1296,1270.5,1289.5,23,1.816028,4909900,OK
2024-07-10,8604,野村ホールディングス,プライム（内国株式）,証券･商品先物取引業,959.6,979,951.7,971.3,17.1,1.792077,13537800,OK
2024-07-10,8609,岡三証券グループ,プライム（内国株式）,証券･商品先物取引業,783,794,777,784,4,0.512821,429700,OK
2024-07-10,8613,丸三証券,プライム（内国株式）,証券･商品先物取引業,1103,1123,1103,1117,6,0.540054,222100,OK
2024-07-10,8614,東洋証券,プライム（内国株式）,証券･商品先物取引業,398,412,398,412,13,3.258145,174300,OK
2024-07-10,8616,東海東京フィナンシャル・ホールディングス,プライム（内国株式）,証券･商品先物取引業,575,584,570,576,1,0.173913,804600,OK
2024-07-10,8617,光世証券,スタンダード（内国株式）,証券･商品先物取引業,576,576,563,572,2,0.350877,23100,OK
2024-07-10,8622,水戸証券,プライム（内国株式）,証券･商品先物取引業,572,583,568,571,-8,-1.381693,173400,OK
2024-07-10,8624,いちよし証券,プライム（内国株式）,証券･商品先物取引業,844,854,841,847,5,0.593824,108000,OK
2024-07-10,8628,松井証券,プライム（内国株式）,証券･商品先物取引業,846,850,842,842,-4,-0.472813,414700,OK
2024-07-10,8630,ＳＯＭＰＯホールディングス,プライム（内国株式）,保険業,3427,3537,3422,3488,27,0.780121,4852600,OK
2024-07-10,8697,日本取引所グループ,プライム（内国株式）,その他金融業,3961,3970,3880,3915,-55,-1.38539,1568400,OK
2024-07-10,8698,マネックスグループ,プライム（内国株式）,証券･商品先物取引業,708,712,696,701,-5,-0.708215,1199400,OK
2024-07-10,8699,ＨＳホールディングス,スタンダード（内国株式）,証券･商品先物取引業,970,981,960,970,-9,-0.919305,52900,OK
2024-07-10,8700,丸八証券,スタンダード（内国株式）,証券･商品先物取引業,1593,1593,1580,1591,10,0.632511,1100,OK
2024-07-10,8704,トレイダーズホールディングス,スタンダード（内国株式）,証券･商品先物取引業,808,829,805,814,6,0.742574,165200,OK
2024-07-10,8705,日産証券グループ,スタンダード（内国株式）,証券･商品先物取引業,199,201,197,198,-1,-0.502513,106100,OK
2024-07-10,8706,極東証券,プライム（内国株式）,証券･商品先物取引業,1482,1505,1470,1489,7,0.472335,116500,OK
2024-07-10,8707,岩井コスモホールディングス,プライム（内国株式）,証券･商品先物取引業,2273,2285,2238,2255,-16,-0.704535,67700,OK
2024-07-10,8708,アイザワ証券グループ,プライム（内国株式）,証券･商品先物取引業,2848,2870,2780,2870,40,1.413428,149000,OK
2024-07-10,8713,フィデアホールディングス,プライム（内国株式）,銀行業,1615,1618,1601,1612,5,0.311139,39800,OK
2024-07-10,8714,池田泉州ホールディングス,プライム（内国株式）,銀行業,385,388,382,386,2,0.520833,789600,OK
2024-07-10,8715,アニコム　ホールディングス,プライム（内国株式）,保険業,676,685,674,677,0,0,213300,OK
2024-07-10,8725,ＭＳ＆ＡＤインシュアランスグループホールディングス,プライム（内国株式）,保険業,3780,3962,3768,3930,160,4.244032,9294800,OK
2024-07-10,8732,マネーパートナーズグループ,スタンダード（内国株式）,証券･商品先物取引業,248,249,244,244,-4,-1.612903,139000,OK
2024-07-10,8737,あかつき本社,スタンダード（内国株式）,証券･商品先物取引業,497,500,495,495,-2,-0.402414,21300,OK
2024-07-10,8739,スパークス・グループ,プライム（内国株式）,証券･商品先物取引業,1720,1729,1702,1711,-12,-0.69646,35700,OK
2024-07-10,8742,小林洋行,スタンダード（内国株式）,証券･商品先物取引業,293,293,285,285,-8,-2.730375,31200,OK
2024-07-10,8746,第一商品,スタンダード（内国株式）,証券･商品先物取引業,138,140,137,137,-3,-2.142857,410700,OK
2024-07-10,8747,豊トラスティ証券,スタンダード（内国株式）,証券･商品先物取引業,1562,1565,1540,1555,-7,-0.448143,8000,OK
2024-07-10,8750,第一生命ホールディングス,プライム（内国株式）,保険業,4697,4796,4675,4768,85,1.815076,3860700,OK
2024-07-10,8766,東京海上ホールディングス,プライム（内国株式）,保険業,6362,6596,6358,6596,304,4.831532,8982000,OK
2024-07-10,8769,アドバンテッジリスクマネジメント,スタンダード（内国株式）,サービス業,525,539,518,523,-2,-0.380952,83400,OK
2024-07-10,8771,イー・ギャランティ,プライム（内国株式）,その他金融業,1394,1399,1382,1398,-9,-0.639659,228200,OK
2024-07-10,8772,アサックス,スタンダード（内国株式）,その他金融業,820,823,808,813,-4,-0.489596,8800,OK
2024-07-10,8783,ＧＦＡ,スタンダード（内国株式）,その他金融業,373,373,360,365,-8,-2.144772,47300,OK
2024-07-10,8789,フィンテック　グローバル,スタンダード（内国株式）,その他金融業,91,93,90,93,4,4.494382,2536400,OK
2024-07-10,8793,ＮＥＣキャピタルソリューション,プライム（内国株式）,その他金融業,4215,4220,4155,4175,-40,-0.948992,15100,OK
2024-07-10,8795,Ｔ＆Ｄホールディングス,プライム（内国株式）,保険業,2986.5,3075,2970.5,3048,50,1.667779,1797900,OK
2024-07-10,8798,アドバンスクリエイト,プライム（内国株式）,保険業,1071,1074,1069,1074,3,0.280112,17000,OK
2024-07-10,8801,三井不動産,プライム（内国株式）,不動産業,1485,1495,1471.5,1491,1,0.067114,7233500,OK
2024-07-10,8802,三菱地所,プライム（内国株式）,不動産業,2610.5,2631,2567.5,2588,-27,-1.032505,4686100,OK
2024-07-10,8803,平和不動産,プライム（内国株式）,不動産業,3890,3915,3875,3905,15,0.385604,79200,OK
2024-07-10,8804,東京建物,プライム（内国株式）,不動産業,2619,2662,2615,2651.5,29.5,1.125095,962500,OK
2024-07-10,8818,京阪神ビルディング,プライム（内国株式）,不動産業,1757,1778,1738,1747,-15,-0.851305,59100,OK
2024-07-10,8830,住友不動産,プライム（内国株式）,不動産業,4950,4963,4853,4855,-124,-2.49046,1341900,OK
2024-07-10,8835,太平洋興発,スタンダード（内国株式）,卸売業,809,809,796,798,-8,-0.992556,16800,OK
2024-07-10,8836,ＲＩＳＥ,スタンダード（内国株式）,不動産業,18,18,17,18,0,0,86700,OK
2024-07-10,8841,テーオーシー,スタンダード（内国株式）,不動産業,731,731,716,723,-12,-1.632653,174500,OK
2024-07-10,8844,コスモスイニシア,スタンダード（内国株式）,不動産業,819,825,815,815,-3,-0.366748,21600,OK
2024-07-10,8848,レオパレス２１,プライム（内国株式）,不動産業,518,519,506,514,-6,-1.153846,1602000,OK
2024-07-10,8850,スターツコーポレーション,プライム（内国株式）,不動産業,3285,3300,3225,3275,-40,-1.206637,154100,OK
2024-07-10,8860,フジ住宅,プライム（内国株式）,不動産業,790,795,788,792,-1,-0.126103,34900,OK
2024-07-10,8864,空港施設,プライム（内国株式）,不動産業,601,601,597,598,0,0,47300,OK
2024-07-10,8869,明和地所,スタンダード（内国株式）,不動産業,963,963,949,953,-5,-0.521921,54500,OK
2024-07-10,8871,ゴールドクレスト,スタンダード（内国株式）,不動産業,2593,2661,2593,2655,39,1.490826,44300,OK
2024-07-10,8876,リログループ,プライム（内国株式）,サービス業,1692.5,1726,1686.5,1725.5,15.5,0.906433,583400,OK
2024-07-10,8877,エスリード,プライム（内国株式）,不動産業,4785,4810,4720,4775,-5,-0.104603,34600,OK
2024-07-10,8881,日神グループホールディングス,プライム（内国株式）,不動産業,599,603,588,593,-6,-1.001669,93400,OK
2024-07-10,8886,ウッドフレンズ,スタンダード（内国株式）,不動産業,1326,1329,1301,1329,0,0,1500,OK
2024-07-10,8887,クミカ,スタンダード（内国株式）,不動産業,649,664,649,656,4,0.613497,57200,OK
2024-07-10,8889,ＡＰＡＭＡＮ,スタンダード（内国株式）,不動産業,483,489,478,479,-1,-0.208333,14100,OK
2024-07-10,8890,レーサム,スタンダード（内国株式）,不動産業,3445,3450,3410,3440,0,0,60400,OK
2024-07-10,8891,ＡＭＧホールディングス,スタンダード（内国株式）,不動産業,2184,2184,2092,2139,-28,-1.292109,4100,OK
2024-07-10,8892,日本エスコン,プライム（内国株式）,不動産業,1080,1086,1076,1082,-3,-0.276498,111400,OK
2024-07-10,8894,ＲＥＶＯＬＵＴＩＯＮ,スタンダード（内国株式）,不動産業,24,26,24,25,0,0,726600,OK
2024-07-10,8897,ＭＩＲＡＲＴＨホールディングス,プライム（内国株式）,不動産業,530,533,525,530,2,0.378788,693800,OK
2024-07-10,8898,センチュリー２１・ジャパン,スタンダード（内国株式）,不動産業,1115,1115,1111,1111,-7,-0.626118,700,OK
2024-07-10,8904,ＡＶＡＮＴＩＡ,スタンダード（内国株式）,不動産業,858,861,853,853,-5,-0.582751,19800,OK
2024-07-10,8905,イオンモール,プライム（内国株式）,不動産業,1883,1887.5,1864,1880.5,-2,-0.106242,710800,OK
2024-07-10,8908,毎日コムネット,スタンダード（内国株式）,不動産業,750,750,742,746,-1,-0.133869,11800,OK
2024-07-10,8912,エリアクエスト,スタンダード（内国株式）,不動産業,145,146,142,143,-3,-2.054795,55700,OK
2024-07-10,8914,エリアリンク,スタンダード（内国株式）,不動産業,1750,1765,1728,1760,28,1.616628,55800,OK
2024-07-10,8917,ファースト住建,スタンダード（内国株式）,不動産業,1066,1075,1056,1063,-8,-0.746965,30000,OK
2024-07-10,8918,ランド,スタンダード（内国株式）,不動産業,8,9,8,8,0,0,121601700,OK
2024-07-10,8919,カチタス,プライム（内国株式）,不動産業,1775,1780,1753,1774,-16,-0.893855,249600,OK
2024-07-10,8920,東祥,スタンダード（内国株式）,サービス業,727,728,711,719,-7,-0.964187,124600,OK
2024-07-10,8921,シーズクリエイト,TOKYO PRO MARKET（内国株式）,不動産業,,,,,,,,NO_QUOTE
2024-07-10,8923,トーセイ,プライム（内国株式）,不動産業,2458,2546,2447,2536,78,3.173312,130500,OK
2024-07-10,8927,明豊エンタープライズ,スタンダード（内国株式）,不動産業,406,412,400,401,-2,-0.496278,164300,OK
2024-07-10,8928,穴吹興産,スタンダード（内国株式）,不動産業,2064,2072,2057,2061,-7,-0.338491,24700,OK
2024-07-10,8929,青山財産ネットワークス,スタンダード（内国株式）,不動産業,1487,1512,1487,1504,12,0.80429,28500,OK
2024-07-10,8931,和田興産,スタンダード（内国株式）,不動産業,1422,1444,1422,1444,13,0.908456,7500,OK
2024-07-10,8934,サンフロンティア不動産,プライム（内国株式）,不動産業,2021,2025,1987,2018,-16,-0.786627,150700,OK
2024-07-10,8935,ＦＪネクストホールディングス,プライム（内国株式）,不動産業,1306,1306,1290,1294,-17,-1.29672,43000,OK
2024-07-10,8938,グローム・ホールディングス,グロース（内国株式）,不動産業,839,849,761,807,-39,-4.609929,181500,OK
2024-07-10,8940,インテリックス,スタンダード（内国株式）,不動産業,575,579,575,575,-1,-0.173611,8300,OK
2024-07-10,8944,ランドビジネス,スタンダード（内国株式）,不動産業,241,241,238,238,-1,-0.41841,4500,OK
2024-07-10,8945,サンネクスタグループ,スタンダード（内国株式）,不動産業,994,998,984,984,-10,-1.006036,11500,OK
2024-07-10,8946,ＡＳＩＡＮ　ＳＴＡＲ,スタンダード（内国株式）,不動産業,94,94,93,93,0,0,26300,OK
2024-07-10,8995,誠建設工業,スタンダード（内国株式）,不動産業,817,817,814,814,-2,-0.245098,200,OK
2024-07-10,8996,ハウスフリーダム,スタンダード（内国株式）,不動産業,817,817,807,809,-6,-0.736196,2900,OK
2024-07-10,8999,グランディハウス,プライム（内国株式）,不動産業,607,610,602,604,-6,-0.983607,81400,OK
2024-07-10,9001,東武鉄道,プライム（内国株式）,陸運業,2630,2637,2618,2635,4,0.152033,630100,OK
2024-07-10,9003,相鉄ホールディングス,プライム（内国株式）,陸運業,2356,2374,2354,2372,14.5,0.615058,128900,OK
2024-07-10,9005,東急,プライム（内国株式）,陸運業,1731,1738.5,1717.5,1734,0,0,1530300,OK
2024-07-10,9006,京浜急行電鉄,プライム（内国株式）,陸運業,1166.5,1170.5,1161,1170,3.5,0.300043,657600,OK
2024-07-10,9007,小田急電鉄,プライム（内国株式）,陸運業,1532,1533.5,1522.5,1532,0,0,929800,OK
2024-07-10,9008,京王電鉄,プライム（内国株式）,陸運業,3677,3696,3663,3690,2,0.05423,288900,OK
2024-07-10,9009,京成電鉄,プライム（内国株式）,陸運業,5193,5241,5113,5157,-41,-0.788765,1000700,OK
2024-07-10,9010,富士急行,プライム（内国株式）,陸運業,2980,3050,2970,3035,83,2.811653,160400,OK
2024-07-10,9012,秩父鉄道,スタンダード（内国株式）,陸運業,2013,2013,1990,2012,8,0.399202,1000,OK
2024-07-10,9017,新潟交通,スタンダード（内国株式）,陸運業,2090,2095,2090,2095,5,0.239234,200,OK
2024-07-10,9020,東日本旅客鉄道,プライム（内国株式）,陸運業,2626.5,2650.5,2611.5,2647,31.5,1.204359,3495000,OK
2024-07-10,9021,西日本旅客鉄道,プライム（内国株式）,陸運業,2913.5,2916,2891.5,2912.5,6.5,0.223675,1716800,OK
2024-07-10,9022,東海旅客鉄道,プライム（内国株式）,陸運業,3470,3500,3462,3499,24,0.690647,1859700,OK
2024-07-10,9024,西武ホールディングス,プライム（内国株式）,陸運業,2211,2243,2210.5,2240,29,1.311624,606200,OK
2024-07-10,9025,鴻池運輸,プライム（内国株式）,陸運業,2299,2328,2299,2327,26,1.129944,59600,OK
2024-07-10,9028,ゼロ,スタンダード（内国株式）,陸運業,1874,1874,1865,1866,-2,-0.107066,8700,OK
2024-07-10,9029,ヒガシトゥエンティワン,スタンダード（内国株式）,陸運業,1330,1330,1305,1318,11,0.841622,3600,OK
2024-07-10,9031,西日本鉄道,プライム（内国株式）,陸運業,2444,2468,2440.5,2462.5,18.5,0.756956,170800,OK
2024-07-10,9033,広島電鉄,スタンダード（内国株式）,陸運業,732,734,732,732,0,0,7100,OK
2024-07-10,9034,南総通運,スタンダード（内国株式）,陸運業,1128,1128,1120,1120,-9,-0.797166,1000,OK
2024-07-10,9036,東部ネットワーク,スタンダード（内国株式）,陸運業,995,996,994,996,1,0.100503,7300,OK
2024-07-10,9037,ハマキョウレックス,プライム（内国株式）,陸運業,4530,4545,4510,4540,10,0.220751,72300,OK
2024-07-10,9039,サカイ引越センター,プライム（内国株式）,陸運業,2612,2612,2565,2592,-17,-0.651591,53100,OK
2024-07-10,9041,近鉄グループホールディングス,プライム（内国株式）,陸運業,3400,3418,3378,3418,20,0.588582,655500,OK
2024-07-10,9042,阪急阪神ホールディングス,プライム（内国株式）,陸運業,4300,4310,4255,4298,19,0.444029,501600,OK
2024-07-10,9044,南海電気鉄道,プライム（内国株式）,陸運業,2639.5,2641,2618.5,2639.5,8,0.304009,155400,OK
2024-07-10,9045,京阪ホールディングス,プライム（内国株式）,陸運業,2810.5,2826.5,2799.5,2819,-8,-0.282985,231000,OK
2024-07-10,9046,神戸電鉄,プライム（内国株式）,陸運業,2750,2767,2750,2755,-13,-0.469653,5700,OK
2024-07-10,9048,名古屋鉄道,プライム（内国株式）,陸運業,1743,1753,1733.5,1752.5,5,0.286123,684300,OK
2024-07-10,9049,京福電気鉄道,スタンダード（内国株式）,陸運業,7370,7370,7370,7370,-30,-0.405405,700,OK
2024-07-10,9051,センコン物流,スタンダード（内国株式）,陸運業,896,896,885,895,-1,-0.111607,1200,OK
2024-07-10,9052,山陽電気鉄道,プライム（内国株式）,陸運業,2037,2042,2030,2032,-5,-0.245459,20600,OK
2024-07-10,9055,アルプス物流,プライム（内国株式）,陸運業,5730,5730,5720,5720,0,0,59100,OK
2024-07-10,9057,遠州トラック,スタンダード（内国株式）,陸運業,2659,2680,2615,2650,-8,-0.300978,5400,OK
2024-07-10,9058,トランコム,プライム（内国株式）,倉庫･運輸関連業,6180,6200,6070,6080,-130,-2.093398,22100,OK
2024-07-10,9059,カンダホールディングス,スタンダード（内国株式）,陸運業,885,885,880,880,-5,-0.564972,3600,OK
2024-07-10,9060,日本ロジテム,スタンダード（内国株式）,陸運業,,,,,,,,NO_QUOTE
2024-07-10,9063,岡山県貨物運送,スタンダード（内国株式）,陸運業,3610,3645,3610,3610,-5,-0.138313,1500,OK
2024-07-10,9064,ヤマトホールディングス,プライム（内国株式）,陸運業,1795,1802,1772.5,1787.5,-16.5,-0.914634,1216400,OK
2024-07-10,9065,山九,プライム（内国株式）,陸運業,5361,5387,5311,5347,-37,-0.687221,196500,OK
2024-07-10,9066,日新,プライム（内国株式）,倉庫･運輸関連業,4755,4765,4585,4615,-140,-2.944269,49900,OK
2024-07-10,9067,丸運,スタンダード（内国株式）,陸運業,403,403,381,397,-5,-1.243781,410800,OK
2024-07-10,9068,丸全昭和運輸,プライム（内国株式）,陸運業,5360,5380,5230,5300,-60,-1.119403,27700,OK
2024-07-10,9069,センコーグループホールディングス,プライム（内国株式）,陸運業,1102,1105,1090,1092,-16,-1.444043,509800,OK
2024-07-10,9070,トナミホールディングス,プライム（内国株式）,陸運業,6430,6430,5930,5990,-440,-6.842924,47300,OK
2024-07-10,9072,ニッコンホールディングス,プライム（内国株式）,陸運業,3595,3638,3595,3627,42,1.171548,213200,OK
2024-07-10,9073,京極運輸商事,スタンダード（内国株式）,陸運業,950,981,950,962,21,2.231668,8100,OK
2024-07-10,9074,日本石油輸送,スタンダード（内国株式）,陸運業,2999,3015,2995,2995,-25,-0.827815,4200,OK
2024-07-10,9075,福山通運,プライム（内国株式）,陸運業,3830,3875,3800,3875,15,0.388601,84500,OK
2024-07-10,9076,セイノーホールディングス,プライム（内国株式）,陸運業,2179,2200.5,2170.5,2199.5,17.5,0.802016,338400,OK
2024-07-10,9078,エスライングループ本社,スタンダード（内国株式）,陸運業,1453,1454,1452,1454,2,0.137741,28700,OK
2024-07-10,9081,神奈川中央交通,プライム（内国株式）,陸運業,3185,3185,3150,3160,30,0.958466,14700,OK
2024-07-10,9082,大和自動車交通,スタンダード（内国株式）,陸運業,745,752,744,752,7,0.939597,1500,OK
2024-07-10,9083,神姫バス,スタンダード（内国株式）,陸運業,3460,3475,3460,3470,15,0.434153,400,OK
2024-07-10,9087,タカセ,スタンダード（内国株式）,陸運業,2601,2601,2600,2600,0,0,200,OK
2024-07-10,9090,ＡＺ−ＣＯＭ丸和ホールディングス,プライム（内国株式）,陸運業,1119,1125,1106,1114,-6,-0.535714,244800,OK
2024-07-10,9099,Ｃ＆Ｆロジホールディングス,プライム（内国株式）,陸運業,5740,5740,5730,5740,10,0.17452,48000,OK
2024-07-10,9101,日本郵船,プライム（内国株式）,海運業,4763,4830,4755,4801,88,1.867176,4483400,OK
2024-07-10,9104,商船三井,プライム（内国株式）,海運業,4940,5004,4927,4943,6,0.121531,3215200,OK
2024-07-10,9107,川崎汽船,プライム（内国株式）,海運業,2554,2578.5,2506,2529.5,7,0.277502,11170200,OK
2024-07-10,9110,ＮＳユナイテッド海運,プライム（内国株式）,海運業,5070,5150,5020,5070,0,0,47200,OK
2024-07-10,9115,明海グループ,スタンダード（内国株式）,海運業,715,724,705,715,0,0,106400,OK
2024-07-10,9119,飯野海運,プライム（内国株式）,海運業,1346,1357,1302,1317,-26,-1.935964,457100,OK
2024-07-10,9127,玉井商船,スタンダード（内国株式）,海運業,1601,1601,1589,1591,-4,-0.250784,8800,OK
2024-07-10,9130,共栄タンカー,スタンダード（内国株式）,海運業,1253,1281,1238,1264,11,0.877893,32300,OK
2024-07-10,9142,九州旅客鉄道,プライム（内国株式）,陸運業,3530,3559,3522,3554,34,0.965909,653000,OK
2024-07-10,9143,ＳＧホールディングス,プライム（内国株式）,陸運業,1362,1382,1351.5,1377.5,15.5,1.138032,2917900,OK
2024-07-10,9145,ビーイングホールディングス,スタンダード（内国株式）,陸運業,2622,2663,2598,2598,-64,-2.404207,2300,OK
2024-07-10,9146,五健堂,TOKYO PRO MARKET（内国株式）,陸運業,,,,,,,,NO_QUOTE
2024-07-10,9147,ＮＩＰＰＯＮ　ＥＸＰＲＥＳＳホールディングス,プライム（内国株式）,陸運業,7170,7250,7152,7240,58,0.807574,445200,OK
2024-07-10,9149,大友ロジスティクスサービス,TOKYO PRO MARKET（内国株式）,陸運業,,,,,,,,NO_QUOTE
2024-07-10,9156,はなホールディングス,TOKYO PRO MARKET（内国株式）,サービス業,,,,,,,,NO_QUOTE
2024-07-10,9158,シーユーシー,グロース（内国株式）,サービス業,1420,1453,1388,1415,-29,-2.00831,151100,OK
2024-07-10,9159,Ｗ　ＴＯＫＹＯ,グロース（内国株式）,サービス業,2975,3085,2903,3005,-180,-5.651491,150400,OK
2024-07-10,9160,ノバレーゼ,スタンダード（内国株式）,サービス業,322,323,318,322,2,0.625,30400,OK
2024-07-10,9161,ＩＤ＆Ｅホールディングス,プライム（内国株式）,サービス業,3985,4000,3940,3980,-45,-1.118012,72400,OK
2024-07-10,9162,ブリーチ,グロース（内国株式）,サービス業,309,309,305,307,-2,-0.647249,14100,OK
2024-07-10,9163,ナレルグループ,グロース（内国株式）,サービス業,2725,2743,2710,2743,32,1.180376,32000,OK
2024-07-10,9164,トライト,グロース（内国株式）,サービス業,436,436,429,432,-4,-0.917431,628400,OK
2024-07-10,9165,クオルテック,グロース（内国株式）,サービス業,1601,1619,1588,1603,-14,-0.865801,7400,OK
2024-07-10,9166,ＧＥＮＤＡ,グロース（内国株式）,サービス業,1970,2015,1941,1970,-21,-1.054746,757700,OK
2024-07-10,9167,フトン巻きのジロー,TOKYO PRO MARKET（内国株式）,サービス業,,,,,,,,NO_QUOTE
2024-07-10,9168,ライズ・コンサルティング・グループ,グロース（内国株式）,サービス業,683,689,652,660,-23,-3.367496,247300,OK
2024-07-10,9169,大伸社,TOKYO PRO MARKET（内国株式）,サービス業,,,,,,,,NO_QUOTE
2024-07-10,9171,栗林商船,スタンダード（内国株式）,海運業,871,920,869,896,27,3.10702,20200,OK
2024-07-10,9173,東海汽船,スタンダード（内国株式）,海運業,2569,2580,2569,2578,9,0.350331,700,OK
2024-07-10,9193,東京汽船,スタンダード（内国株式）,倉庫･運輸関連業,599,599,591,596,3,0.505902,8500,OK
2024-07-10,9201,日本航空,プライム（内国株式）,空運業,2548,2570,2539,2563.5,22.5,0.885478,2070100,OK
2024-07-10,9202,ＡＮＡホールディングス,プライム（内国株式）,空運業,3000,3021,2988.5,3021,25.5,0.851277,1418200,OK
2024-07-10,9204,スカイマーク,グロース（内国株式）,空運業,725,725,714,716,-9,-1.241379,222100,OK
2024-07-10,9206,スターフライヤー,スタンダード（内国株式）,空運業,2640,2650,2640,2640,0,0,1200,OK
2024-07-10,9211,エフ・コード,グロース（内国株式）,サービス業,1252,1260,1201,1211,-33,-2.652733,111300,OK
2024-07-10,9212,Ｇｒｅｅｎ　Ｅａｒｔｈ　Ｉｎｓｔｉｔｕｔｅ,グロース（内国株式）,サービス業,515,529,510,522,3,0.578035,24300,OK
2024-07-10,9213,セイファート,スタンダード（内国株式）,サービス業,1100,1100,1040,1070,-30,-2.727273,7300,OK
2024-07-10,9214,Ｒｅｃｏｖｅｒｙ　Ｉｎｔｅｒｎａｔｉｏｎａｌ,グロース（内国株式）,サービス業,1662,1673,1601,1618,-63,-3.747769,87600,OK
2024-07-10,9215,ＣａＳｙ,グロース（内国株式）,サービス業,921,924,911,922,16,1.766004,4900,OK
2024-07-10,9216,ビーウィズ,プライム（内国株式）,サービス業,1905,1905,1860,1880,-23,-1.208618,44400,OK
2024-07-10,9218,メンタルヘルステクノロジーズ,グロース（内国株式）,サービス業,955,973,951,973,3,0.309278,16500,OK
2024-07-10,9219,ギックス,グロース（内国株式）,サービス業,1142,1175,1140,1157,15,1.313485,15800,OK
2024-07-10,9220,エフビー介護サービス,スタンダード（内国株式）,サービス業,1015,1020,1015,1015,0,0,900,OK
2024-07-10,9221,フルハシＥＰＯ,スタンダード（内国株式）,サービス業,1075,1078,1066,1066,-12,-1.113173,2400,OK
2024-07-10,9222,ｍａｎａｂｙ,TOKYO PRO MARKET（内国株式）,サービス業,,,,,,,,NO_QUOTE
2024-07-10,9223,ＡＳＮＯＶＡ,グロース（内国株式）,サービス業,606,610,600,600,-7,-1.153213,8100,OK
2024-07-10,9224,環境のミカタ,TOKYO PRO MARKET（内国株式）,サービス業,,,,,,,,NO_QUOTE
2024-07-10,9225,ブリッジコンサルティンググループ,グロース（内国株式）,サービス業,1370,1398,1370,1398,23,1.672727,4300,OK
2024-07-10,9226,アイガー,TOKYO PRO MARKET（内国株式）,サービス業,,,,,,,,NO_QUOTE
2024-07-10,9227,マイクロ波化学,グロース（内国株式）,サービス業,1034,1041,1002,1008,-18,-1.754386,154100,OK
2024-07-10,9229,サンウェルズ,グロース（内国株式）,サービス業,2400,2478,2400,2465,77,3.224456,841300,OK
2024-07-10,9232,パスコ,スタンダード（内国株式）,空運業,1857,1859,1825,1836,-14,-0.756757,12700,OK
2024-07-10,9233,アジア航測,スタンダード（内国株式）,空運業,1126,1130,1115,1116,-2,-0.178891,10400,OK
2024-07-10,9235,売れるネット広告社,グロース（内国株式）,サービス業,2102,2111,2011,2031,-90,-4.243281,38100,OK
2024-07-10,9236,ジャパンＭ＆Ａソリューション,グロース（内国株式）,サービス業,1815,1815,1776,1815,0,0,5200,OK
2024-07-10,9237,笑美面,グロース（内国株式）,サービス業,2452,2483,2383,2405,-90,-3.607214,29000,OK
2024-07-10,9238,バリュークリエーション,グロース（内国株式）,サービス業,1286,1329,1270,1276,1,0.078431,180700,OK
2024-07-10,9239,ケーイーティ,TOKYO PRO MARKET（内国株式）,サービス業,,,,,,,,NO_QUOTE
2024-07-10,9240,デリバリーコンサルティング,グロース（内国株式）,サービス業,636,636,615,620,-16,-2.515723,21300,OK
2024-07-10,9241,フューチャーリンクネットワーク,グロース（内国株式）,サービス業,1427,1427,1353,1370,-57,-3.994394,3300,OK
2024-07-10,9242,メディア総研,グロース（内国株式）,サービス業,1579,1579,1571,1571,-8,-0.50665,300,OK
2024-07-10,9243,富士テクノホールディングス,TOKYO PRO MARKET（内国株式）,サービス業,,,,,,,,NO_QUOTE
2024-07-10,9244,デジタリフト,グロース（内国株式）,サービス業,851,851,840,840,-14,-1.639344,1900,OK
2024-07-10,9245,リベロ,グロース（内国株式）,サービス業,1620,1620,1598,1598,-19,-1.175015,1000,OK
2024-07-10,9246,プロジェクトホールディングス,グロース（内国株式）,サービス業,1363,1383,1360,1374,13,0.95518,7700,OK
2024-07-10,9247,ＴＲＥホールディングス,プライム（内国株式）,サービス業,1304,1307,1285,1296,-8,-0.613497,88500,OK
2024-07-10,9248,人・夢・技術グループ,プライム（内国株式）,サービス業,1830,1830,1802,1803,-27,-1.47541,13000,OK
2024-07-10,9249,日本エコシステム,スタンダード（内国株式）,サービス業,4170,4190,4165,4165,-5,-0.119904,2400,OK
2024-07-10,9250,ＧＲＣＳ,グロース（内国株式）,サービス業,1822,1830,1806,1816,-6,-0.329308,3200,OK
2024-07-10,9251,ＡＢ＆Ｃｏｍｐａｎｙ,グロース（内国株式）,サービス業,924,924,918,921,-4,-0.432432,38200,OK
2024-07-10,9252,ラストワンマイル,グロース（内国株式）,サービス業,3720,3725,3680,3695,-55,-1.466667,10800,OK
2024-07-10,9253,スローガン,グロース（内国株式）,サービス業,671,671,671,671,7,1.054217,100,OK
2024-07-10,9254,ラバブルマーケティンググループ,グロース（内国株式）,サービス業,1614,1623,1609,1616,0,0,2600,OK
2024-07-10,9256,サクシード,グロース（内国株式）,サービス業,934,937,924,937,-1,-0.10661,800,OK
2024-07-10,9258,ＣＳ−Ｃ,グロース（内国株式）,サービス業,414,430,414,430,17,4.116223,6200,OK
2024-07-10,9259,タカヨシホールディングス,グロース（内国株式）,サービス業,811,811,790,799,-12,-1.479655,9500,OK
2024-07-10,9260,西本Ｗｉｓｍｅｔｔａｃホールディングス,プライム（内国株式）,卸売業,1413,1415,1402,1415,3,0.212465,123800,OK
2024-07-10,9262,シルバーライフ,スタンダード（内国株式）,小売業,980,980,958,965,-15,-1.530612,20600,OK
2024-07-10,9264,ポエック,スタンダード（内国株式）,卸売業,1670,1670,1572,1602,-63,-3.783784,72400,OK
2024-07-10,9265,ヤマシタヘルスケアホールディングス,スタンダード（内国株式）,卸売業,2644,2661,2644,2661,18,0.681044,600,OK
2024-07-10,9267,Ｇｅｎｋｙ　ＤｒｕｇＳｔｏｒｅｓ,プライム（内国株式）,小売業,2731,2758,2707,2742,11,0.402783,38600,OK
2024-07-10,9268,オプティマスグループ,スタンダード（内国株式）,卸売業,608,608,597,600,-6,-0.990099,722000,OK
2024-07-10,9270,バリュエンスホールディングス,グロース（内国株式）,卸売業,678,689,677,689,9,1.323529,57300,OK
2024-07-10,9271,和心,グロース（内国株式）,小売業,486,488,480,485,-3,-0.614754,11800,OK
2024-07-10,9272,ブティックス,グロース（内国株式）,サービス業,1593,1598,1572,1573,-20,-1.255493,10100,OK
2024-07-10,9273,コーア商事ホールディングス,プライム（内国株式）,卸売業,711,727,711,720,3,0.41841,87200,OK
2024-07-10,9274,ＫＰＰグループホールディングス,プライム（内国株式）,卸売業,753,755,744,746,-12,-1.583113,254700,OK
2024-07-10,9275,ナルミヤ・インターナショナル,スタンダード（内国株式）,小売業,1314,1326,1314,1320,6,0.456621,10800,OK
2024-07-10,9278,ブックオフグループホールディングス,プライム（内国株式）,小売業,1469,1483,1435,1443,-25,-1.702997,226900,OK
2024-07-10,9279,ギフトホールディングス,プライム（内国株式）,小売業,2542,2574,2503,2535,-9,-0.353774,95100,OK
2024-07-10,9301,三菱倉庫,プライム（内国株式）,倉庫･運輸関連業,5323,5346,5304,5340,0,0,318600,OK
2024-07-10,9302,三井倉庫ホールディングス,プライム（内国株式）,倉庫･運輸関連業,4780,4805,4675,4745,-50,-1.042753,81800,OK
2024-07-10,9303,住友倉庫,プライム（内国株式）,倉庫･運輸関連業,2696,2698,2662,2689,6,0.22363,125800,OK
2024-07-10,9304,澁澤倉庫,プライム（内国株式）,倉庫･運輸関連業,3095,3095,3040,3050,-45,-1.453958,26500,OK
2024-07-10,9305,ヤマタネ,プライム（内国株式）,卸売業,3100,3100,3045,3095,0,0,30600,OK
2024-07-10,9306,東陽倉庫,スタンダード（内国株式）,倉庫･運輸関連業,1510,1510,1493,1493,-6,-0.400267,5800,OK
2024-07-10,9307,杉村倉庫,スタンダード（内国株式）,倉庫･運輸関連業,631,634,613,616,-15,-2.377179,12400,OK
2024-07-10,9308,乾汽船,スタンダード（内国株式）,海運業,1173,1178,1155,1171,-9,-0.762712,129400,OK
2024-07-10,9310,日本トランスシティ,プライム（内国株式）,倉庫･運輸関連業,1013,1021,992,998,-23,-2.252693,107600,OK
2024-07-10,9311,アサガミ,スタンダード（内国株式）,倉庫･運輸関連業,5750,5750,5750,5750,0,0,100,OK
2024-07-10,9312,ケイヒン,スタンダード（内国株式）,倉庫･運輸関連業,2164,2164,2100,2123,-13,-0.608614,13800,OK
2024-07-10,9313,丸八倉庫,スタンダード（内国株式）,倉庫･運輸関連業,917,955,903,924,-1,-0.108108,24500,OK
2024-07-10,9319,中央倉庫,プライム（内国株式）,倉庫･運輸関連業,1275,1278,1268,1271,-6,-0.469851,17200,OK
2024-07-10,9322,川西倉庫,スタンダード（内国株式）,倉庫･運輸関連業,1210,1210,1200,1200,-7,-0.57995,2100,OK
2024-07-10,9324,安田倉庫,プライム（内国株式）,倉庫･運輸関連業,1605,1616,1587,1604,2,0.124844,72900,OK
2024-07-10,9325,ファイズホールディングス,スタンダード（内国株式）,倉庫･運輸関連業,1121,1123,1094,1115,-1,-0.089606,21800,OK
2024-07-10,9326,関通,グロース（内国株式）,倉庫･運輸関連業,494,494,484,487,-4,-0.814664,14900,OK
2024-07-10,9327,イー・ロジット,スタンダード（内国株式）,倉庫･運輸関連業,441,446,428,428,-15,-3.386005,28000,OK
2024-07-10,9330,揚羽,グロース（内国株式）,サービス業,923,929,919,922,-6,-0.646552,4500,OK
2024-07-10,9331,キャスター,グロース（内国株式）,サービス業,1225,1250,1209,1216,-20,-1.618123,6100,OK
2024-07-10,9332,ＮＩＳＳＯホールディングス,プライム（内国株式）,サービス業,834,834,818,825,-8,-0.960384,35900,OK
2024-07-10,9334,アイビスホールディングス,TOKYO PRO MARKET（内国株式）,サービス業,,,,,,,,NO_QUOTE
2024-07-10,9335,テクノクリエイティブ,TOKYO PRO MARKET（内国株式）,サービス業,,,,,,,,NO_QUOTE
2024-07-10,9336,大栄環境,プライム（内国株式）,サービス業,2711,2734,2662,2710,-28,-1.022644,178800,OK
2024-07-10,9337,トリドリ,グロース（内国株式）,サービス業,1786,1820,1698,1720,-41,-2.328223,34300,OK
2024-07-10,9338,ＩＮＦＯＲＩＣＨ,グロース（内国株式）,サービス業,3800,3945,3765,3800,70,1.876676,187200,OK
2024-07-10,9339,コーチ・エィ,スタンダード（内国株式）,サービス業,1533,1533,1525,1530,3,0.196464,1600,OK
2024-07-10,9340,アソインターナショナル,スタンダード（内国株式）,サービス業,1106,1125,1106,1119,0,0,3500,OK
2024-07-10,9341,ＧＥＮＯＶＡ,グロース（内国株式）,サービス業,1617,1618,1567,1591,-48,-2.928615,104800,OK
2024-07-10,9342,スマサポ,グロース（内国株式）,サービス業,1201,1209,1200,1205,1,0.083056,1700,OK
2024-07-10,9343,アイビス,グロース（内国株式）,サービス業,4125,4215,4095,4195,75,1.820388,24900,OK
2024-07-10,9344,アクシスコンサルティング,グロース（内国株式）,サービス業,1066,1093,1033,1088,13,1.209302,7500,OK
2024-07-10,9345,ビズメイツ,グロース（内国株式）,サービス業,1418,1422,1388,1393,5,0.360231,2200,OK
2024-07-10,9346,ココルポート,グロース（内国株式）,サービス業,1714,1726,1698,1715,2,0.116754,5400,OK
2024-07-10,9347,日本管財ホールディングス,プライム（内国株式）,サービス業,2680,2680,2651,2668,-2,-0.074906,43300,OK
2024-07-10,9348,ｉｓｐａｃｅ,グロース（内国株式）,サービス業,721,724,711,712,-8,-1.111111,377500,OK
2024-07-10,9351,東洋埠頭,スタンダード（内国株式）,倉庫･運輸関連業,1353,1355,1351,1352,-2,-0.14771,11800,OK
2024-07-10,9353,櫻島埠頭,スタンダード（内国株式）,倉庫･運輸関連業,,,,,,,,NO_QUOTE
2024-07-10,9355,リンコーコーポレーション,スタンダード（内国株式）,倉庫･運輸関連業,,,,,,,,NO_QUOTE
2024-07-10,9360,鈴与シンワート,スタンダード（内国株式）,情報･通信業,2351,2351,2316,2320,-29,-1.234568,1700,OK
2024-07-10,9361,伏木海陸運送,スタンダード（内国株式）,倉庫･運輸関連業,,,,,,,,NO_QUOTE
2024-07-10,9362,兵機海運,スタンダード（内国株式）,倉庫･運輸関連業,2374,2387,2374,2376,1,0.042105,900,OK
2024-07-10,9363,大運,スタンダード（内国株式）,倉庫･運輸関連業,434,438,433,433,-1,-0.230415,12900,OK
2024-07-10,9364,上組,プライム（内国株式）,倉庫･運輸関連業,3437,3439,3400,3437,14,0.408998,272400,OK
2024-07-10,9365,トレーディア,スタンダード（内国株式）,倉庫･運輸関連業,1435,1437,1403,1412,-6,-0.423131,5400,OK
2024-07-10,9366,サンリツ,スタンダード（内国株式）,倉庫･運輸関連業,871,881,871,875,0,0,4700,OK
2024-07-10,9367,大東港運,スタンダード（内国株式）,倉庫･運輸関連業,789,789,780,784,-7,-0.884956,8900,OK
2024-07-10,9368,キムラユニティー,スタンダード（内国株式）,倉庫･運輸関連業,1632,1645,1618,1620,-11,-0.674433,33000,OK
2024-07-10,9369,キユーソー流通システム,スタンダード（内国株式）,倉庫･運輸関連業,1860,1860,1701,1783,-109,-5.761099,284500,OK
2024-07-10,9376,ユーラシア旅行社,スタンダード（内国株式）,サービス業,495,498,491,491,-2,-0.40568,1200,OK
2024-07-10,9377,エージーピー,スタンダード（内国株式）,倉庫･運輸関連業,886,886,864,874,-8,-0.907029,8400,OK
2024-07-10,9380,東海運,スタンダード（内国株式）,倉庫･運輸関連業,296,296,292,293,-3,-1.013514,40200,OK
2024-07-10,9381,エーアイテイー,プライム（内国株式）,倉庫･運輸関連業,1864,1864,1850,1863,-2,-0.107239,23100,OK
2024-07-10,9384,内外トランスライン,プライム（内国株式）,倉庫･運輸関連業,2781,2781,2715,2736,-45,-1.618123,15600,OK
2024-07-10,9385,ショーエイコーポレーション,スタンダード（内国株式）,化学,604,604,592,592,-7,-1.168614,6500,OK
2024-07-10,9386,日本コンセプト,プライム（内国株式）,倉庫･運輸関連業,1824,1824,1792,1801,-16,-0.880572,25500,OK
2024-07-10,9388,パパネッツ,TOKYO PRO MARKET（内国株式）,倉庫･運輸関連業,,,,,,,,NO_QUOTE
2024-07-10,9401,ＴＢＳホールディングス,プライム（内国株式）,情報･通信業,4263,4421,4257,4404,157,3.696727,552800,OK
2024-07-10,9404,日本テレビホールディングス,プライム（内国株式）,情報･通信業,2407,2462,2407,2457,49.5,2.056075,469400,OK
2024-07-10,9405,朝日放送グループホールディングス,プライム（内国株式）,情報･通信業,675,680,673,680,5,0.740741,54100,OK
2024-07-10,9408,ＢＳＮメディアホールディングス,スタンダード（内国株式）,情報･通信業,,,,,,,,NO_QUOTE
2024-07-10,9409,テレビ朝日ホールディングス,プライム（内国株式）,情報･通信業,2122,2167,2122,2162,4,0.185357,168700,OK
2024-07-10,9412,スカパーＪＳＡＴホールディングス,プライム（内国株式）,情報･通信業,892,909,888,893,-7,-0.777778,679600,OK
2024-07-10,9413,テレビ東京ホールディングス,プライム（内国株式）,情報･通信業,3740,3780,3685,3780,50,1.340483,60100,OK
2024-07-10,9414,日本ＢＳ放送,スタンダード（内国株式）,情報･通信業,930,930,921,924,-4,-0.431034,26200,OK
2024-07-10,9416,ビジョン,プライム（内国株式）,情報･通信業,1320,1332,1292,1304,-14,-1.062215,344200,OK
2024-07-10,9417,スマートバリュー,スタンダード（内国株式）,情報･通信業,386,387,382,382,-3,-0.779221,19300,OK
2024-07-10,9418,Ｕ−ＮＥＸＴ　ＨＯＬＤＩＮＧＳ,プライム（内国株式）,情報･通信業,4255,4330,4235,4315,95,2.251185,787000,OK
2024-07-10,9419,ワイヤレスゲート,スタンダード（内国株式）,情報･通信業,251,252,244,250,-2,-0.793651,34100,OK
2024-07-10,9421,エヌジェイホールディングス,スタンダード（内国株式）,情報･通信業,577,584,573,581,4,0.693241,4500,OK
2024-07-10,9423,フォーバル・リアルストレート,スタンダード（内国株式）,情報･通信業,112,114,112,113,1,0.892857,113500,OK
2024-07-10,9424,日本通信,プライム（内国株式）,情報･通信業,200,202,197,199,0,0,1701600,OK
2024-07-10,9425,ＲｅＹｕｕ　Ｊａｐａｎ,スタンダード（内国株式）,情報･通信業,370,371,361,367,2,0.547945,22500,OK
2024-07-10,9428,クロップス,スタンダード（内国株式）,情報･通信業,1097,1122,1042,1055,-42,-3.828624,15200,OK
2024-07-10,9432,日本電信電話,プライム（内国株式）,情報･通信業,156.2,158.3,155.7,158.3,1.8,1.15016,226569200,OK
2024-07-10,9433,ＫＤＤＩ,プライム（内国株式）,情報･通信業,4480,4509,4463,4503,38,0.851064,4390300,OK
2024-07-10,9434,ソフトバンク,プライム（内国株式）,情報･通信業,2066,2090,2062.5,2088.5,22.5,1.089061,8594200,OK
2024-07-10,94345,ソフトバンク（優先株式）,プライム（内国株式）,情報･通信業,3900,3902,3900,3902,2,0.051282,10600,OK
2024-07-10,9435,光通信,プライム（内国株式）,情報･通信業,30010,30100,29500,29895,-205,-0.681063,67500,OK
2024-07-10,9436,沖縄セルラー電話,スタンダード（内国株式）,情報･通信業,4015,4035,3995,4020,5,0.124533,27500,OK
2024-07-10,9438,エムティーアイ,プライム（内国株式）,情報･通信業,897,923,884,921,21,2.333333,51200,OK
2024-07-10,9439,エム・エイチ・グループ,スタンダード（内国株式）,サービス業,204,205,201,202,-2,-0.980392,9800,OK
2024-07-10,9441,ベルパーク,スタンダード（内国株式）,情報･通信業,1759,1759,1750,1757,-4,-0.227144,2500,OK
2024-07-10,9444,トーシンホールディングス,スタンダード（内国株式）,情報･通信業,700,700,700,700,2,0.286533,700,OK
2024-07-10,9445,フォーバルテレコム,スタンダード（内国株式）,情報･通信業,454,466,454,466,12,2.643172,17100,OK
2024-07-10,9446,サカイホールディングス,スタンダード（内国株式）,情報･通信業,497,497,494,494,-3,-0.603622,1800,OK
2024-07-10,9449,ＧＭＯインターネットグループ,プライム（内国株式）,情報･通信業,2532.5,2540,2504.5,2528,-19,-0.745976,306100,OK
2024-07-10,9450,ファイバーゲート,プライム（内国株式）,情報･通信業,1234,1252,1210,1220,-14,-1.134522,109400,OK
2024-07-10,9466,アイドママーケティングコミュニケーション,スタンダード（内国株式）,情報･通信業,233,234,231,231,-3,-1.282051,5500,OK
2024-07-10,9467,アルファポリス,グロース（内国株式）,情報･通信業,2098,2098,2026,2069,-1,-0.048309,14600,OK
2024-07-10,9468,ＫＡＤＯＫＡＷＡ,プライム（内国株式）,情報･通信業,2897.5,2899.5,2803.5,2807.5,-96.5,-3.323003,1156100,OK
2024-07-10,9470,学研ホールディングス,プライム（内国株式）,情報･通信業,1031,1039,1022,1035,4,0.387973,86300,OK
2024-07-10,9474,ゼンリン,プライム（内国株式）,情報･通信業,930,930,919,930,2,0.215517,88600,OK
2024-07-10,9475,昭文社ホールディングス,スタンダード（内国株式）,情報･通信業,371,374,366,366,-4,-1.081081,13400,OK
2024-07-10,9476,中央経済社ホールディングス,スタンダード（内国株式）,情報･通信業,528,531,523,525,-5,-0.943396,13300,OK
2024-07-10,9478,ＳＥホールディングス・アンド・インキュベーションズ,スタンダード（内国株式）,情報･通信業,297,300,296,298,0,0,49100,OK
2024-07-10,9479,インプレスホールディングス,スタンダード（内国株式）,情報･通信業,160,162,160,161,0,0,24700,OK
2024-07-10,9501,東京電力ホールディングス,プライム（内国株式）,電気･ガス業,829.3,832.9,820.4,826.9,-2.5,-0.301423,19558700,OK
2024-07-10,9502,中部電力,プライム（内国株式）,電気･ガス業,1860,1868.5,1854.5,1867,13.5,0.728352,1900900,OK
2024-07-10,9503,関西電力,プライム（内国株式）,電気･ガス業,2616.5,2644,2604,2624,16,0.613497,2704500,OK
2024-07-10,9504,中国電力,プライム（内国株式）,電気･ガス業,1012,1026.5,1011,1015,-1,-0.098425,1593500,OK
2024-07-10,9505,北陸電力,プライム（内国株式）,電気･ガス業,981.2,989.8,978.5,986.2,5.2,0.530071,528700,OK
2024-07-10,9506,東北電力,プライム（内国株式）,電気･ガス業,1363,1372,1354.5,1363,-0.5,-0.03667,1344700,OK
2024-07-10,9507,四国電力,プライム（内国株式）,電気･ガス業,1347,1352.5,1334.5,1343,-4,-0.296956,458900,OK
2024-07-10,9508,九州電力,プライム（内国株式）,電気･ガス業,1540,1556,1531.5,1540.5,-7,-0.452342,2467700,OK
2024-07-10,9509,北海道電力,プライム（内国株式）,電気･ガス業,1085,1095,1068.5,1082,-2.5,-0.230521,7982300,OK
2024-07-10,9511,沖縄電力,プライム（内国株式）,電気･ガス業,1074,1074,1058,1062,1,0.094251,246600,OK
2024-07-10,9513,電源開発,プライム（内国株式）,電気･ガス業,2430,2464,2428.5,2464,34.5,1.420045,543100,OK
2024-07-10,9514,エフオン,スタンダード（内国株式）,電気･ガス業,400,403,400,401,-1,-0.248756,30100,OK
2024-07-10,9517,イーレックス,プライム（内国株式）,電気･ガス業,703,704,689,689,-19,-2.683616,613400,OK
2024-07-10,9519,レノバ,プライム（内国株式）,電気･ガス業,965,972,955,963,1,0.10395,583300,OK
2024-07-10,9522,リニューアブル・ジャパン,グロース（内国株式）,電気･ガス業,832,849,819,821,-20,-2.378121,105500,OK
2024-07-10,9531,東京瓦斯,プライム（内国株式）,電気･ガス業,3390,3441,3380,3411,9,0.26455,1408200,OK
2024-07-10,9532,大阪瓦斯,プライム（内国株式）,電気･ガス業,3411,3425,3378,3410,24,0.708801,1134000,OK
2024-07-10,9533,東邦瓦斯,プライム（内国株式）,電気･ガス業,3860,3881,3836,3840,-37,-0.954346,178000,OK
2024-07-10,9534,北海道瓦斯,プライム（内国株式）,電気･ガス業,3180,3200,3140,3160,-20,-0.628931,49600,OK
2024-07-10,9535,広島ガス,プライム（内国株式）,電気･ガス業,387,390,387,387,-2,-0.514139,55100,OK
2024-07-10,9536,西部ガスホールディングス,プライム（内国株式）,電気･ガス業,1970,1970,1947,1953,-17,-0.862944,62700,OK
2024-07-10,9537,北陸瓦斯,スタンダード（内国株式）,電気･ガス業,3775,3775,3635,3635,-140,-3.708609,200,OK
2024-07-10,9539,京葉瓦斯,スタンダード（内国株式）,電気･ガス業,2754,2754,2728,2753,-1,-0.036311,1000,OK
2024-07-10,9543,静岡ガス,プライム（内国株式）,電気･ガス業,929,930,920,924,-4,-0.431034,134500,OK
2024-07-10,9551,メタウォーター,プライム（内国株式）,電気･ガス業,1946,1946,1906,1922,-24,-1.233299,130400,OK
2024-07-10,9552,Ｍ＆Ａ総研ホールディングス,プライム（内国株式）,サービス業,4395,4400,3720,3765,-565,-13.048499,3059100,OK
2024-07-10,9553,マイクロアド,グロース（内国株式）,サービス業,378,385,367,368,-12,-3.157895,307100,OK
2024-07-10,9554,ＡＶｉＣ,グロース（内国株式）,サービス業,1180,1220,1180,1215,35,2.966102,49200,OK
2024-07-10,9556,ＩＮＴＬＯＯＰ,グロース（内国株式）,サービス業,3725,3750,3620,3665,10,0.273598,32900,OK
2024-07-10,9557,エアークローゼット,グロース（内国株式）,サービス業,392,394,392,394,4,1.025641,400,OK
2024-07-10,9558,ジャパニアス,グロース（内国株式）,サービス業,2164,2219,2151,2157,-6,-0.277393,67000,OK
2024-07-10,9559,ペアキャピタル,TOKYO PRO MARKET（内国株式）,サービス業,,,,,,,,NO_QUOTE
2024-07-10,9560,プログリット,グロース（内国株式）,サービス業,1082,1088,1023,1062,-30,-2.747253,413900,OK
2024-07-10,9561,グラッドキューブ,グロース（内国株式）,サービス業,817,863,815,846,36,4.444444,166600,OK
2024-07-10,9562,ビジネスコーチ,グロース（内国株式）,サービス業,1393,1393,1325,1351,-39,-2.805755,10200,OK
2024-07-10,9563,Ａｔｌａｓ　Ｔｅｃｈｎｏｌｏｇｉｅｓ,グロース（内国株式）,サービス業,412,416,408,410,-2,-0.485437,10200,OK
2024-07-10,9564,ＦＣＥ,スタンダード（内国株式）,サービス業,802,818,800,808,0,0,13300,OK
2024-07-10,9565,ＧＬＯＥ,グロース（内国株式）,サービス業,2371,2386,2291,2328,-10,-0.427716,16100,OK
2024-07-10,9600,アイネット,プライム（内国株式）,情報･通信業,2085,2088,2046,2060,-25,-1.199041,47400,OK
2024-07-10,9601,松竹,プライム（内国株式）,情報･通信業,9101,9117,8999,9051,-58,-0.636733,84000,OK
2024-07-10,9602,東宝,プライム（内国株式）,情報･通信業,4523,4557,4460,4503,-20,-0.442184,930100,OK
2024-07-10,9603,エイチ・アイ・エス,プライム（内国株式）,サービス業,1515,1545,1512,1543,32,2.117803,758700,OK
2024-07-10,9605,東映,プライム（内国株式）,情報･通信業,3770,3800,3755,3800,-25,-0.653595,50800,OK
2024-07-10,9610,ウィルソン・ラーニング　ワールドワイド,スタンダード（内国株式）,サービス業,140,142,139,142,2,1.428571,33400,OK
2024-07-10,9612,ラックランド,プライム（内国株式）,サービス業,2133,2145,2101,2110,-21,-0.985453,19100,OK
2024-07-10,9613,ＮＴＴデータグループ,プライム（内国株式）,情報･通信業,2371.5,2376.5,2350.5,2361.5,-26.5,-1.109715,2951600,OK
2024-07-10,9616,共立メンテナンス,プライム（内国株式）,サービス業,2900,2925,2899,2919.5,21.5,0.741891,245300,OK
2024-07-10,9619,イチネンホールディングス,プライム（内国株式）,サービス業,1687,1687,1659,1672,-15,-0.889152,28800,OK
2024-07-10,9621,建設技術研究所,プライム（内国株式）,サービス業,5030,5030,4935,4965,-55,-1.095618,21800,OK
2024-07-10,9622,スペース,プライム（内国株式）,サービス業,1191,1202,1178,1183,-6,-0.504626,54400,OK
2024-07-10,9625,セレスポ,スタンダード（内国株式）,サービス業,999,1000,995,995,-4,-0.4004,14000,OK
2024-07-10,9627,アインホールディングス,プライム（内国株式）,小売業,5488,5513,5335,5351,-155,-2.815111,209900,OK
2024-07-10,9628,燦ホールディングス,プライム（内国株式）,サービス業,1153,1153,1125,1127,-29,-2.508651,37800,OK
2024-07-10,9629,ピー・シー・エー,プライム（内国株式）,情報･通信業,2292,2293,2235,2293,-23,-0.993092,34700,OK
2024-07-10,9632,スバル興業,スタンダード（内国株式）,サービス業,3035,3035,2970,2990,-30,-0.993377,15800,OK
2024-07-10,9633,東京テアトル,スタンダード（内国株式）,サービス業,1121,1121,1111,1111,-3,-0.2693,7900,OK
2024-07-10,9635,武蔵野興業,スタンダード（内国株式）,サービス業,2100,2100,2100,2100,0,0,400,OK
2024-07-10,9636,きんえい,スタンダード（内国株式）,サービス業,4100,4125,4100,4125,35,0.855746,600,OK
2024-07-10,9639,三協フロンテア,スタンダード（内国株式）,サービス業,4220,4220,4200,4200,-20,-0.473934,2800,OK
2024-07-10,9640,セゾンテクノロジー,スタンダード（内国株式）,情報･通信業,1925,1950,1911,1949,19,0.984456,2000,OK
2024-07-10,9644,タナベコンサルティンググループ,プライム（内国株式）,サービス業,1395,1476,1385,1466,56,3.971631,71300,OK
2024-07-10,9647,協和コンサルタンツ,スタンダード（内国株式）,サービス業,5000,5000,4985,4985,-10,-0.2002,300,OK
2024-07-10,9651,日本プロセス,スタンダード（内国株式）,情報･通信業,1320,1380,1265,1316,146,12.478632,294700,OK
2024-07-10,9656,グリーンランドリゾート,スタンダード（内国株式）,サービス業,655,660,653,657,-4,-0.605144,6500,OK
2024-07-10,9658,ビジネスブレイン太田昭和,プライム（内国株式）,情報･通信業,2170,2249,2165,2233,63,2.903226,27300,OK
2024-07-10,9661,歌舞伎座,スタンダード（内国株式）,サービス業,4745,4755,4710,4715,-5,-0.105932,1700,OK
2024-07-10,9663,ナガワ,プライム（内国株式）,サービス業,7760,7760,7580,7590,-100,-1.30039,10200,OK
2024-07-10,9672,東京都競馬,プライム（内国株式）,サービス業,4125,4140,4100,4135,20,0.486027,78100,OK
2024-07-10,9675,常磐興産,スタンダード（内国株式）,サービス業,1210,1210,1204,1204,-1,-0.082988,7400,OK
2024-07-10,9678,カナモト,プライム（内国株式）,サービス業,2885,2901,2826,2840,-36,-1.251739,128200,OK
2024-07-10,9679,ホウライ,スタンダード（内国株式）,サービス業,4305,4305,4305,4305,5,0.116279,100,OK
2024-07-10,9682,ＤＴＳ,プライム（内国株式）,情報･通信業,4220,4240,4185,4190,-30,-0.7109,79800,OK
2024-07-10,9684,スクウェア・エニックス・ホールディングス,プライム（内国株式）,情報･通信業,4799,4843,4764,4842,41,0.853989,625100,OK
2024-07-10,9685,ＫＹＣＯＭホールディングス,スタンダード（内国株式）,情報･通信業,617,617,603,612,0,0,10400,OK
2024-07-10,9686,東洋テック,スタンダード（内国株式）,サービス業,1223,1226,1221,1225,2,0.163532,1200,OK
2024-07-10,9687,ＫＳＫ,スタンダード（内国株式）,情報･通信業,3385,3390,3350,3375,-20,-0.589102,5600,OK
2024-07-10,9691,両毛システムズ,スタンダード（内国株式）,情報･通信業,2450,2462,2430,2450,-34,-1.36876,4200,OK
2024-07-10,9692,シーイーシー,プライム（内国株式）,情報･通信業,2090,2109,2055,2073,-16,-0.765917,126400,OK
2024-07-10,9696,ウィザス,スタンダード（内国株式）,サービス業,1405,1425,1400,1400,-4,-0.2849,1400,OK
2024-07-10,9697,カプコン,プライム（内国株式）,情報･通信業,3207,3218,3172,3218,-10,-0.309789,1440000,OK
2024-07-10,9698,クレオ,スタンダード（内国株式）,情報･通信業,1222,1237,1208,1219,-2,-0.1638,17500,OK
2024-07-10,9699,ニシオホールディングス,プライム（内国株式）,サービス業,3920,3925,3890,3925,25,0.641026,35400,OK
2024-07-10,9701,東京會舘,スタンダード（内国株式）,サービス業,3950,3965,3920,3955,80,2.064516,3100,OK
2024-07-10,9702,アイ・エス・ビー,プライム（内国株式）,情報･通信業,1514,1514,1491,1500,-1,-0.066622,17600,OK
2024-07-10,9704,アゴーラ　ホスピタリティー　グループ,スタンダード（内国株式）,サービス業,50,51,48,51,0,0,2549000,OK
2024-07-10,9706,日本空港ビルデング,プライム（内国株式）,不動産業,5562,5609,5508,5562,30,0.542299,233200,OK
2024-07-10,9708,帝国ホテル,スタンダード（内国株式）,サービス業,921,922,910,912,-9,-0.977199,27700,OK
2024-07-10,9709,ＮＣＳ＆Ａ,スタンダード（内国株式）,情報･通信業,904,909,900,901,-6,-0.661521,7300,OK
2024-07-10,9713,ロイヤルホテル,スタンダード（内国株式）,サービス業,1032,1036,1027,1027,-2,-0.194363,2100,OK
2024-07-10,9715,トランス・コスモス,プライム（内国株式）,サービス業,3490,3490,3445,3450,-35,-1.004304,58800,OK
2024-07-10,9716,乃村工藝社,プライム（内国株式）,サービス業,865,873,863,870,6,0.694444,278200,OK
2024-07-10,9717,ジャステック,プライム（内国株式）,情報･通信業,1934,1934,1933,1933,0,0,6200,OK
2024-07-10,9719,ＳＣＳＫ,プライム（内国株式）,情報･通信業,3111,3176,3090,3176,13,0.411002,661700,OK
2024-07-10,9720,ホテル、ニューグランド,スタンダード（内国株式）,サービス業,5600,6090,5600,6090,390,6.842105,3000,OK
2024-07-10,9722,藤田観光,プライム（内国株式）,サービス業,8800,9280,8760,9270,500,5.701254,132000,OK
2024-07-10,9723,京都ホテル,スタンダード（内国株式）,サービス業,810,810,804,804,0,0,1400,OK
2024-07-10,9726,ＫＮＴ−ＣＴホールディングス,スタンダード（内国株式）,サービス業,1343,1364,1343,1364,15,1.111935,29500,OK
2024-07-10,9729,トーカイ,プライム（内国株式）,サービス業,2169,2196,2169,2196,1,0.045558,23500,OK
2024-07-10,9731,白洋舎,スタンダード（内国株式）,サービス業,2392,2392,2330,2332,-20,-0.85034,7400,OK
2024-07-10,9733,ナガセ,スタンダード（内国株式）,サービス業,1864,1864,1851,1855,-2,-0.107701,10600,OK
2024-07-10,9735,セコム,プライム（内国株式）,サービス業,9412,9448,9321,9369,-68,-0.720568,719200,OK
2024-07-10,9739,ＮＳＷ,プライム（内国株式）,情報･通信業,3275,3275,3185,3245,-30,-0.916031,16200,OK
2024-07-10,9740,セントラル警備保障,プライム（内国株式）,サービス業,3040,3040,2938,2952,-88,-2.894737,19600,OK
2024-07-10,9742,アイネス,プライム（内国株式）,情報･通信業,1786,1790,1781,1785,-17,-0.943396,23900,OK
2024-07-10,9743,丹青社,プライム（内国株式）,サービス業,988,989,976,982,-10,-1.008065,151100,OK
2024-07-10,9744,メイテックグループホールディングス,プライム（内国株式）,サービス業,3353,3376,3336,3367,5,0.148721,339700,OK
2024-07-10,9746,ＴＫＣ,プライム（内国株式）,情報･通信業,3450,3480,3445,3470,0,0,50300,OK
2024-07-10,9749,富士ソフト,プライム（内国株式）,情報･通信業,7360,7420,7250,7350,10,0.13624,218100,OK
2024-07-10,9753,アイエックス・ナレッジ,スタンダード（内国株式）,情報･通信業,1126,1138,1102,1109,-4,-0.359389,27500,OK
2024-07-10,9755,応用地質,プライム（内国株式）,サービス業,2761,2763,2698,2721,-40,-1.44875,44100,OK
2024-07-10,9757,船井総研ホールディングス,プライム（内国株式）,サービス業,2252,2266,2251,2265,-2,-0.088222,64700,OK
2024-07-10,9759,ＮＳＤ,プライム（内国株式）,情報･通信業,3030,3070,3015,3070,25,0.821018,119000,OK
2024-07-10,9760,進学会ホールディングス,スタンダード（内国株式）,サービス業,245,246,243,243,-2,-0.816327,8000,OK
2024-07-10,9761,東海リース,スタンダード（内国株式）,サービス業,1891,1898,1878,1898,9,0.476443,16100,OK
2024-07-10,9763,丸紅建材リース,スタンダード（内国株式）,卸売業,3140,3155,3095,3110,-20,-0.638978,6500,OK
2024-07-10,9765,オオバ,プライム（内国株式）,サービス業,1060,1060,1040,1045,-13,-1.228733,37000,OK
2024-07-10,9766,コナミグループ,プライム（内国株式）,情報･通信業,11870,12000,11835,11940,90,0.759494,460000,OK
2024-07-10,9767,日建工学,スタンダード（内国株式）,サービス業,1509,1588,1495,1563,54,3.578529,2300,OK
2024-07-10,9768,いであ,スタンダード（内国株式）,サービス業,2343,2377,2340,2367,24,1.024328,13100,OK
2024-07-10,9769,学究社,プライム（内国株式）,サービス業,2133,2133,2099,2105,-6,-0.284225,15600,OK
2024-07-10,9776,札幌臨床検査センター,スタンダード（内国株式）,サービス業,1010,1013,1005,1013,3,0.29703,4400,OK
2024-07-10,9778,昴,スタンダード（内国株式）,サービス業,7430,7430,7430,7430,-10,-0.134409,100,OK
2024-07-10,9780,ハリマビステム,スタンダード（内国株式）,サービス業,789,796,782,796,8,1.015228,300,OK
2024-07-10,9782,ディーエムエス,スタンダード（内国株式）,サービス業,1781,1781,1756,1769,-12,-0.673779,3100,OK
2024-07-10,9787,イオンディライト,プライム（内国株式）,サービス業,3970,3970,3730,3765,-135,-3.461538,143000,OK
2024-07-10,9788,ナック,プライム（内国株式）,サービス業,584,585,580,585,1,0.171233,29300,OK
2024-07-10,9790,福井コンピュータホールディングス,プライム（内国株式）,情報･通信業,2603,2603,2546,2584,-16,-0.615385,22100,OK
2024-07-10,9791,ビケンテクノ,スタンダード（内国株式）,サービス業,939,943,939,940,1,0.106496,1300,OK
2024-07-10,9793,ダイセキ,プライム（内国株式）,サービス業,3715,3750,3675,3720,-10,-0.268097,131200,OK
2024-07-10,9795,ステップ,プライム（内国株式）,サービス業,1954,1954,1932,1945,-5,-0.25641,22000,OK
2024-07-10,9799,旭情報サービス,スタンダード（内国株式）,情報･通信業,1570,1599,1570,1575,5,0.318471,1200,OK
2024-07-10,9812,テーオーホールディングス,スタンダード（内国株式）,卸売業,395,412,394,411,16,4.050633,34500,OK
2024-07-10,9816,ストライダーズ,スタンダード（内国株式）,不動産業,228,229,227,228,1,0.440529,1700,OK
2024-07-10,9818,大丸エナウィン,スタンダード（内国株式）,卸売業,1637,1691,1637,1689,43,2.612394,2100,OK
2024-07-10,9820,エムティジェネックス,スタンダード（内国株式）,不動産業,2618,2640,2618,2640,7,0.265856,1000,OK
2024-07-10,9823,マミーマート,スタンダード（内国株式）,小売業,6360,6370,6240,6340,-10,-0.15748,2300,OK
2024-07-10,9824,泉州電業,プライム（内国株式）,卸売業,5100,5120,5040,5100,-20,-0.390625,51900,OK
2024-07-10,9827,リリカラ,スタンダード（内国株式）,卸売業,666,666,654,662,-3,-0.451128,11100,OK
2024-07-10,9828,元気寿司,スタンダード（内国株式）,小売業,3510,3510,3430,3470,-40,-1.139601,42600,OK
2024-07-10,9830,トラスコ中山,プライム（内国株式）,卸売業,2333,2348,2324,2341,-8,-0.34057,126500,OK
2024-07-10,9831,ヤマダホールディングス,プライム（内国株式）,小売業,435.5,436.8,434.7,436.8,0.5,0.1146,4425700,OK
2024-07-10,9832,オートバックスセブン,プライム（内国株式）,卸売業,1563.5,1574,1558.5,1573.5,12.5,0.800769,183800,OK
2024-07-10,9835,ジュンテンドー,スタンダード（内国株式）,小売業,580,582,567,573,7,1.236749,54600,OK
2024-07-10,9837,モリト,プライム（内国株式）,卸売業,1473,1478,1455,1460,-13,-0.882553,36000,OK
2024-07-10,9842,アークランズ,プライム（内国株式）,小売業,1838,1845,1805,1825,-7,-0.382096,360700,OK
2024-07-10,9843,ニトリホールディングス,プライム（内国株式）,小売業,16410,16520,16355,16460,10,0.06079,369100,OK
2024-07-10,9845,パーカーコーポレーション,スタンダード（内国株式）,化学,906,915,902,907,1,0.110375,3700,OK
2024-07-10,9846,天満屋ストア,スタンダード（内国株式）,小売業,1064,1071,1059,1061,-5,-0.469043,5100,OK
2024-07-10,9849,共同紙販ホールディングス,スタンダード（内国株式）,卸売業,4930,4930,4930,4930,20,0.407332,100,OK
2024-07-10,9850,グルメ杵屋,プライム（内国株式）,小売業,1103,1103,1091,1092,-12,-1.086957,94500,OK
2024-07-10,9852,ＣＢグループマネジメント,スタンダード（内国株式）,卸売業,5150,5150,5060,5110,-60,-1.160542,400,OK
2024-07-10,9853,銀座ルノアール,スタンダード（内国株式）,小売業,892,894,892,894,3,0.3367,500,OK
2024-07-10,9854,愛眼,スタンダード（内国株式）,小売業,180,181,180,180,0,0,12000,OK
2024-07-10,9856,ケーユーホールディングス,スタンダード（内国株式）,小売業,1284,1289,1265,1273,-9,-0.702028,44700,OK
2024-07-10,9857,英和,スタンダード（内国株式）,卸売業,2252,2296,2251,2296,45,1.999112,2000,OK
2024-07-10,9861,吉野家ホールディングス,プライム（内国株式）,小売業,3087,3124,3087,3124,41,1.329873,589800,OK
2024-07-10,9867,ソレキア,スタンダード（内国株式）,卸売業,6650,6650,6650,6650,-70,-1.041667,100,OK
2024-07-10,9869,加藤産業,プライム（内国株式）,卸売業,4270,4295,4250,4275,5,0.117096,24700,OK
2024-07-10,9872,北恵,スタンダード（内国株式）,卸売業,878,878,865,865,-13,-1.480638,10200,OK
2024-07-10,9873,日本ＫＦＣホールディングス,スタンダード（内国株式）,小売業,6470,6480,6460,6480,20,0.309598,26300,OK
2024-07-10,9876,コックス,スタンダード（内国株式）,小売業,206,207,203,205,0,0,43800,OK
2024-07-10,9878,セキド,スタンダード（内国株式）,小売業,805,814,800,800,-7,-0.86741,2600,OK
2024-07-10,9880,イノテック,プライム（内国株式）,電気機器,1756,1765,1733,1738,-25,-1.418037,28900,OK
2024-07-10,9882,イエローハット,プライム（内国株式）,卸売業,2236,2244,2222,2242,4,0.178731,109300,OK
2024-07-10,9885,シャルレ,スタンダード（内国株式）,卸売業,447,450,447,448,0,0,2400,OK
2024-07-10,9887,松屋フーズホールディングス,プライム（内国株式）,小売業,6170,6240,6150,6230,40,0.646204,22700,OK
2024-07-10,9888,ＵＥＸ,スタンダード（内国株式）,卸売業,1118,1123,1108,1117,3,0.2693,24300,OK
2024-07-10,9889,ＪＢＣＣホールディングス,プライム（内国株式）,情報･通信業,3815,3835,3675,3705,100,2.773925,116300,OK
2024-07-10,9890,マキヤ,スタンダード（内国株式）,小売業,1050,1053,1046,1051,1,0.095238,3800,OK
2024-07-10,9895,コンセック,スタンダード（内国株式）,卸売業,1225,1234,1218,1220,-5,-0.408163,1600,OK
2024-07-10,9896,ＪＫホールディングス,スタンダード（内国株式）,卸売業,1080,1083,1052,1059,-18,-1.671309,112800,OK
2024-07-10,9900,サガミホールディングス,プライム（内国株式）,小売業,1676,1679,1648,1661,-7,-0.419664,145100,OK
2024-07-10,9902,日伝,プライム（内国株式）,卸売業,3545,3580,3460,3480,-75,-2.109705,23300,OK
2024-07-10,9903,カンセキ,スタンダード（内国株式）,小売業,962,966,955,955,0,0,1400,OK
2024-07-10,9904,ベリテ,スタンダード（内国株式）,小売業,386,388,385,385,-1,-0.259067,6800,OK
2024-07-10,9906,藤井産業,スタンダード（内国株式）,卸売業,2850,2850,2837,2850,0,0,1500,OK
2024-07-10,9908,日本電計,スタンダード（内国株式）,卸売業,2000,2008,1991,2008,7,0.349825,17500,OK
2024-07-10,9913,日邦産業,スタンダード（内国株式）,卸売業,1936,1936,1922,1931,-15,-0.770812,1000,OK
2024-07-10,9914,植松商会,スタンダード（内国株式）,卸売業,1010,1019,1009,1019,9,0.891089,500,OK
2024-07-10,9919,関西フードマーケット,スタンダード（内国株式）,小売業,2731,2800,2731,2775,48,1.760176,50100,OK
2024-07-10,9927,ワットマン,スタンダード（内国株式）,小売業,884,885,861,885,1,0.113122,3900,OK
2024-07-10,9928,ミロク情報サービス,プライム（内国株式）,情報･通信業,1970,1989,1943,1957,-9,-0.457782,43800,OK
2024-07-10,9929,平和紙業,スタンダード（内国株式）,卸売業,444,445,444,444,-4,-0.892857,4100,OK
2024-07-10,9930,北沢産業,スタンダード（内国株式）,卸売業,347,349,345,347,2,0.57971,42600,OK
2024-07-10,9932,杉本商事,プライム（内国株式）,卸売業,2527,2527,2451,2476,-51,-2.018203,14800,OK
2024-07-10,9934,因幡電機産業,プライム（内国株式）,卸売業,4025,4025,3945,3980,-45,-1.118012,71200,OK
2024-07-10,9936,王将フードサービス,プライム（内国株式）,小売業,8600,8660,8590,8660,90,1.050175,37700,OK
2024-07-10,9941,太洋物産,スタンダード（内国株式）,卸売業,1004,1004,1000,1000,-3,-0.299103,1700,OK
2024-07-10,9946,ミニストップ,プライム（内国株式）,小売業,1730,1730,1703,1710,-9,-0.52356,119300,OK
2024-07-10,9948,アークス,プライム（内国株式）,小売業,2678,2688,2639,2647,-27,-1.009723,149800,OK
2024-07-10,9950,ハチバン,スタンダード（内国株式）,小売業,3520,3525,3500,3515,15,0.428571,1700,OK
2024-07-10,9955,ヨンキュウ,スタンダード（内国株式）,卸売業,2211,2220,2210,2220,2,0.090171,1500,OK
2024-07-10,9956,バローホールディングス,プライム（内国株式）,小売業,2418,2430,2386,2408,-9,-0.372362,123300,OK
2024-07-10,9959,アシードホールディングス,スタンダード（内国株式）,小売業,617,620,616,619,2,0.324149,2400,OK
2024-07-10,9960,東テク,プライム（内国株式）,卸売業,2420,2420,2384,2389,-35,-1.443894,50000,OK
2024-07-10,9962,ミスミグループ本社,プライム（内国株式）,卸売業,2740,2773.5,2715,2738,-36.5,-1.315552,1022500,OK
2024-07-10,9969,ショクブン,スタンダード（内国株式）,小売業,267,267,263,266,1,0.377358,19900,OK
2024-07-10,9972,アルテック,スタンダード（内国株式）,卸売業,266,269,264,264,-4,-1.492537,22400,OK
2024-07-10,9973,小僧寿し,スタンダード（内国株式）,小売業,19,20,19,19,0,0,1308500,OK
2024-07-10,9974,ベルク,プライム（内国株式）,小売業,7450,7450,7260,7340,-50,-0.67659,40100,OK
2024-07-10,9976,セキチュー,スタンダード（内国株式）,小売業,1261,1265,1260,1265,4,0.317209,1600,OK
2024-07-10,9978,文教堂グループホールディングス,スタンダード（内国株式）,小売業,50,51,49,51,0,0,210300,OK
2024-07-10,9979,大庄,スタンダード（内国株式）,小売業,1253,1256,1246,1252,3,0.240192,30600,OK
2024-07-10,9980,ＭＲＫホールディングス,スタンダード（内国株式）,小売業,113,114,112,113,0,0,71000,OK
2024-07-10,9982,タキヒヨー,スタンダード（内国株式）,卸売業,1191,1198,1190,1190,-1,-0.083963,5600,OK
2024-07-10,9983,ファーストリテイリング,プライム（内国株式）,小売業,43400,44490,43320,44200,590,1.352901,1758900,OK
2024-07-10,9984,ソフトバンクグループ,プライム（内国株式）,情報･通信業,11660,11880,11600,11825,95,0.809889,10635300,OK
2024-07-10,9986,蔵王産業,スタンダード（内国株式）,卸売業,2558,2558,2520,2528,-21,-0.823852,5000,OK
2024-07-10,9987,スズケン,プライム（内国株式）,卸売業,5035,5250,5035,5235,200,3.972195,474500,OK
2024-07-10,9989,サンドラッグ,プライム（内国株式）,小売業,3917,3952,3895,3952,-2,-0.050582,249000,OK
2024-07-10,9990,サックスバー　ホールディングス,プライム（内国株式）,小売業,819,824,810,814,-5,-0.610501,73500,OK
2024-07-10,9991,ジェコス,プライム（内国株式）,卸売業,1006,1009,995,999,-7,-0.695825,32200,OK
2024-07-10,9993,ヤマザワ,スタンダード（内国株式）,小売業,1280,1289,1273,1275,-6,-0.468384,5400,OK
2024-07-10,9994,やまや,スタンダード（内国株式）,小売業,3100,3120,3090,3090,-10,-0.322581,4700,OK
2024-07-10,9996,サトー商会,スタンダード（内国株式）,卸売業,1895,1913,1887,1906,17,0.899947,6500,OK
2024-07-10,9997,ベルーナ,プライム（内国株式）,小売業,814,814,789,794,-20,-2.457002,421800,OK
