日付,銘柄コード,銘柄名,市場・商品区分,33業種区分,始値,高値,安値,終値,前日比,前日比％,売買高(株),取得状態
2024-10-31,1301,極洋,プライム（内国株式）,水産・農林業,4125,4160,4125,4145,15,0.363196,16300,OK
2024-10-31,130A,Ｖｅｒｉｔａｓ　Ｉｎ　Ｓｉｌｉｃｏ,グロース（内国株式）,医薬品,952,952,920,940,-10,-1.052632,24300,OK
2024-10-31,131A,ＣＣＮグループ,TOKYO PRO MARKET（内国株式）,情報･通信業,,,,,,,,NO_QUOTE
2024-10-31,132A,アイエヌホールディングス,TOKYO PRO MARKET（内国株式）,陸運業,,,,,,,,NO_QUOTE
2024-10-31,1332,ニッスイ,プライム（内国株式）,水産・農林業,932.2,935.8,926.5,932.8,7.5,0.810548,1448000,OK
2024-10-31,1333,マルハニチロ,プライム（内国株式）,水産・農林業,2993.5,3025,2975,3003,24,0.805639,236200,OK
2024-10-31,134A,アプライズ,TOKYO PRO MARKET（内国株式）,サービス業,,,,,,,,NO_QUOTE
2024-10-31,135A,ＶＲＡＩＮ　Ｓｏｌｕｔｉｏｎ,グロース（内国株式）,情報･通信業,2223,2225,2160,2206,-64,-2.819383,76900,OK
2024-10-31,136A,三興商事,TOKYO PRO MARKET（内国株式）,建設業,,,,,,,,NO_QUOTE
2024-10-31,1375,雪国まいたけ,プライム（内国株式）,水産・農林業,1049,1050,1045,1047,2,0.191388,26700,OK
2024-10-31,1376,カネコ種苗,スタンダード（内国株式）,水産・農林業,1360,1379,1360,1379,21,1.546392,4200,OK
2024-10-31,1377,サカタのタネ,プライム（内国株式）,水産・農林業,3550,3565,3525,3550,10,0.282486,59600,OK
2024-10-31,1379,ホクト,プライム（内国株式）,水産・農林業,1820,1825,1812,1820,-4,-0.219298,55500,OK
2024-10-31,137A,Ｃｏｃｏｌｉｖｅ,グロース（内国株式）,情報･通信業,1119,1124,1087,1117,-2,-0.178731,4900,OK
2024-10-31,1380,秋川牧園,スタンダード（内国株式）,水産・農林業,1008,1008,999,999,-7,-0.695825,300,OK
2024-10-31,1381,アクシーズ,スタンダード（内国株式）,水産・農林業,2585,2639,2585,2634,63,2.450408,2200,OK
2024-10-31,1382,ホーブ,スタンダード（内国株式）,水産・農林業,1731,1787,1731,1760,30,1.734104,400,OK
2024-10-31,1383,ベルグアース,スタンダード（内国株式）,水産・農林業,3060,3080,3060,3060,-10,-0.325733,1600,OK
2024-10-31,1384,ホクリヨウ,スタンダード（内国株式）,水産・農林業,1010,1030,1010,1030,21,2.081269,11100,OK
2024-10-31,138A,光フードサービス,グロース（内国株式）,小売業,2197,2380,2197,2300,103,4.688211,8300,OK
2024-10-31,139A,東日本地所,TOKYO PRO MARKET（内国株式）,不動産業,,,,,,,,NO_QUOTE
2024-10-31,1401,エムビーエス,グロース（内国株式）,建設業,761,761,752,752,-9,-1.182654,1800,OK
2024-10-31,1407,ウエストホールディングス,スタンダード（内国株式）,建設業,2332,2353,2256,2281,54,2.424787,451100,OK
2024-10-31,1414,ショーボンドホールディングス,プライム（内国株式）,建設業,5370,5404,5344,5382,0,0,98300,OK
2024-10-31,1417,ミライト・ワン,プライム（内国株式）,建設業,2183,2197,2162.5,2188,28,1.296296,361600,OK
2024-10-31,1418,インターライフホールディングス,スタンダード（内国株式）,建設業,287,287,283,287,-1,-0.347222,25300,OK
2024-10-31,1419,タマホーム,プライム（内国株式）,建設業,3815,3875,3805,3850,65,1.717305,162200,OK
2024-10-31,141A,トライアルホールディングス,グロース（内国株式）,小売業,2855,2901,2831,2872,37,1.305115,854400,OK
2024-10-31,1420,サンヨーホームズ,スタンダード（内国株式）,建設業,690,700,686,698,7,1.013025,20200,OK
2024-10-31,1429,日本アクア,プライム（内国株式）,建設業,805,825,803,824,18,2.233251,221700,OK
2024-10-31,142A,ジンジブ,グロース（内国株式）,サービス業,1067,1074,1037,1074,10,0.93985,3200,OK
2024-10-31,1430,ファーストコーポレーション,スタンダード（内国株式）,建設業,812,823,810,823,17,2.109181,34300,OK
2024-10-31,1431,Ｌｉｂ　Ｗｏｒｋ,グロース（内国株式）,建設業,685,692,685,692,4,0.581395,28700,OK
2024-10-31,1432,動力,TOKYO PRO MARKET（内国株式）,建設業,,,,,,,,NO_QUOTE
2024-10-31,1433,ベステラ,プライム（内国株式）,建設業,904,924,904,921,19,2.10643,28500,OK
2024-10-31,1434,ＪＥＳＣＯホールディングス,スタンダード（内国株式）,建設業,980,1005,972,998,13,1.319797,70300,OK
2024-10-31,1435,ｒｏｂｏｔ　ｈｏｍｅ,スタンダード（内国株式）,不動産業,133,135,132,134,1,0.75188,229400,OK
2024-10-31,1436,グリーンエナジー＆カンパニー,グロース（内国株式）,建設業,2350,2367,2250,2270,-148,-6.120761,77900,OK
2024-10-31,1438,岐阜造園,スタンダード（内国株式）,建設業,1987,1987,1987,1987,-1,-0.050302,100,OK
2024-10-31,1439,安江工務店,スタンダード（内国株式）,建設業,1640,1647,1621,1621,-5,-0.307503,1800,OK
2024-10-31,143A,イシン,グロース（内国株式）,サービス業,950,968,936,945,-9,-0.943396,12600,OK
2024-10-31,1443,技研ホールディングス,スタンダード（内国株式）,建設業,186,191,185,190,5,2.702703,128700,OK
2024-10-31,1444,ニッソウ,グロース（内国株式）,建設業,2780,2874,2780,2874,94,3.381295,600,OK
2024-10-31,1445,ひかりホールディングス,TOKYO PRO MARKET（内国株式）,建設業,,,,,,,,NO_QUOTE
2024-10-31,1446,キャンディル,スタンダード（内国株式）,建設業,516,526,516,522,6,1.162791,11300,OK
2024-10-31,1447,ＳＡＡＦホールディングス,グロース（内国株式）,建設業,329,332,326,332,6,1.840491,90400,OK
2024-10-31,144A,エネルギーパワー,TOKYO PRO MARKET（内国株式）,建設業,,,,,,,,NO_QUOTE
2024-10-31,1450,田中建設工業,スタンダード（内国株式）,建設業,2109,2109,2049,2058,-42,-2,8600,OK
2024-10-31,1451,ＫＨＣ,スタンダード（内国株式）,建設業,1124,1126,1123,1123,-1,-0.088968,700,OK
2024-10-31,1452,横浜ライト工業,TOKYO PRO MARKET（内国株式）,建設業,,,,,,,,NO_QUOTE
2024-10-31,145A,Ｌ　ｉｓ　Ｂ,グロース（内国株式）,情報･通信業,701,716,700,716,11,1.560284,4300,OK
2024-10-31,146A,コロンビア・ワークス,スタンダード（内国株式）,不動産業,3460,3530,3430,3510,55,1.591896,14700,OK
2024-10-31,147A,ソラコム,グロース（内国株式）,情報･通信業,1357,1371,1327,1355,20,1.498127,62800,OK
2024-10-31,148A,ハッチ・ワーク,グロース（内国株式）,情報･通信業,2543,2589,2501,2566,16,0.627451,6900,OK
2024-10-31,1491,中外鉱業,スタンダード（内国株式）,非鉄金属,28,29,28,29,1,3.571429,262800,OK
2024-10-31,149A,シンカ,グロース（内国株式）,情報･通信業,840,868,836,847,-5,-0.586854,14900,OK
2024-10-31,150A,ＪＳＨ,グロース（内国株式）,サービス業,628,628,609,616,-2,-0.323625,8000,OK
2024-10-31,1514,住石ホールディングス,スタンダード（内国株式）,鉱業,1043,1044,941,950,-48,-4.809619,1403100,OK
2024-10-31,1515,日鉄鉱業,プライム（内国株式）,鉱業,4435,4435,4355,4390,25,0.572738,42300,OK
2024-10-31,1518,三井松島ホールディングス,プライム（内国株式）,その他製品,4375,4410,4305,4400,60,1.382488,91000,OK
2024-10-31,151A,ダイブ,グロース（内国株式）,サービス業,3280,3325,3190,3270,15,0.460829,6100,OK
2024-10-31,152A,オプティ,TOKYO PRO MARKET（内国株式）,卸売業,,,,,,,,NO_QUOTE
2024-10-31,153A,カウリス,グロース（内国株式）,情報･通信業,1397,1430,1388,1428,8,0.56338,39200,OK
2024-10-31,154A,ＧＡＩＡ,TOKYO PRO MARKET（内国株式）,その他金融業,,,,,,,,NO_QUOTE
2024-10-31,155A,情報戦略テクノロジー,グロース（内国株式）,情報･通信業,517,517,505,512,-8,-1.538462,40400,OK
2024-10-31,156A,マテリアルグループ,グロース（内国株式）,サービス業,685,712,683,709,24,3.50365,64800,OK
2024-10-31,157A,グリーンモンスター,グロース（内国株式）,サービス業,578,580,568,572,-6,-1.038062,6500,OK
2024-10-31,158A,エクセリ,TOKYO PRO MARKET（内国株式）,小売業,,,,,,,,NO_QUOTE
2024-10-31,1605,ＩＮＰＥＸ,プライム（内国株式）,鉱業,2007,2015,1995,2013.5,14.5,0.725363,5464900,OK
2024-10-31,160A,アズパートナーズ,スタンダード（内国株式）,サービス業,1861,1878,1850,1878,7,0.374131,2100,OK
2024-10-31,161A,三葉,TOKYO PRO MARKET（内国株式）,サービス業,,,,,,,,NO_QUOTE
2024-10-31,164A,アップルパーク,TOKYO PRO MARKET（内国株式）,不動産業,,,,,,,,NO_QUOTE
2024-10-31,165A,ＳＢＩレオスひふみ,グロース（内国株式）,証券･商品先物取引業,173,176,172,175,1,0.574713,180700,OK
2024-10-31,1662,石油資源開発,プライム（内国株式）,鉱業,1141,1155,1137,1151,16,1.409692,907900,OK
2024-10-31,1663,Ｋ＆Ｏエナジーグループ,プライム（内国株式）,鉱業,3200,3230,3160,3205,-5,-0.155763,52800,OK
2024-10-31,166A,タスキホールディングス,グロース（内国株式）,不動産業,699,711,693,701,6,0.863309,230900,OK
2024-10-31,167A,リョーサン菱洋ホールディングス,プライム（内国株式）,卸売業,2558,2594,2545,2582,40,1.573564,189900,OK
2024-10-31,168A,イタミアート,グロース（内国株式）,その他製品,939,939,920,931,-9,-0.957447,4200,OK
2024-10-31,1711,ＳＤＳホールディングス,スタンダード（内国株式）,建設業,277,279,274,274,-1,-0.363636,40200,OK
2024-10-31,1712,ダイセキ環境ソリューション,スタンダード（内国株式）,建設業,1238,1250,1213,1250,12,0.969305,20300,OK
2024-10-31,1716,第一カッター興業,スタンダード（内国株式）,建設業,1455,1477,1450,1460,10,0.689655,6800,OK
2024-10-31,1717,明豊ファシリティワークス,スタンダード（内国株式）,サービス業,850,860,850,855,7,0.825472,20900,OK
2024-10-31,1718,美樹工業,スタンダード（内国株式）,建設業,4650,4650,4605,4650,45,0.977199,300,OK
2024-10-31,1719,安藤・間,プライム（内国株式）,建設業,1131,1136,1124,1130,4,0.35524,592300,OK
2024-10-31,171A,ゼロジャパン,TOKYO PRO MARKET（内国株式）,卸売業,,,,,,,,NO_QUOTE
2024-10-31,1720,東急建設,プライム（内国株式）,建設業,690,694,688,691,2,0.290276,212300,OK
2024-10-31,1721,コムシスホールディングス,プライム（内国株式）,建設業,3224,3235,3172,3214,8,0.249532,420700,OK
2024-10-31,1723,日本電技,スタンダード（内国株式）,建設業,5550,5560,5460,5550,0,0,700,OK
2024-10-31,1724,シンクレイヤ,スタンダード（内国株式）,建設業,650,654,648,654,4,0.615385,2200,OK
2024-10-31,1726,ビーアールホールディングス,プライム（内国株式）,建設業,346,348,344,346,1,0.289855,42600,OK
2024-10-31,172A,ネオホーム,TOKYO PRO MARKET（内国株式）,不動産業,,,,,,,,NO_QUOTE
2024-10-31,1730,麻生フオームクリート,スタンダード（内国株式）,建設業,539,548,531,536,3,0.562852,15200,OK
2024-10-31,1736,オーテック,スタンダード（内国株式）,建設業,3390,3435,3390,3405,20,0.590842,900,OK
2024-10-31,173A,ハンモック,グロース（内国株式）,情報･通信業,1307,1345,1287,1330,24,1.837672,28000,OK
2024-10-31,1743,コーアツ工業,スタンダード（内国株式）,建設業,1213,1213,1195,1211,10,0.832639,1200,OK
2024-10-31,174A,エージェンテック,TOKYO PRO MARKET（内国株式）,情報･通信業,,,,,,,,NO_QUOTE
2024-10-31,1757,創建エース,スタンダード（内国株式）,建設業,26,26,25,25,0,0,399100,OK
2024-10-31,1758,太洋基礎工業,スタンダード（内国株式）,建設業,1684,1684,1644,1654,-30,-1.781473,900,OK
2024-10-31,175A,Ｗｉｌｌ　Ｓｍａｒｔ,グロース（内国株式）,情報･通信業,941,941,931,936,2,0.214133,900,OK
2024-10-31,1762,高松コンストラクショングループ,プライム（内国株式）,建設業,2929,2975,2929,2967,54,1.853759,14700,OK
2024-10-31,1764,工藤建設,スタンダード（内国株式）,建設業,,,,,,,,NO_QUOTE
2024-10-31,1766,東建コーポレーション,プライム（内国株式）,建設業,10630,10750,10550,10740,110,1.034807,12600,OK
2024-10-31,1768,ソネック,スタンダード（内国株式）,建設業,832,842,820,839,8,0.962696,15600,OK
2024-10-31,176A,レジル,グロース（内国株式）,電気･ガス業,1484,1519,1484,1510,41,2.791014,67300,OK
2024-10-31,1770,藤田エンジニアリング,スタンダード（内国株式）,建設業,1358,1370,1333,1351,-14,-1.025641,1200,OK
2024-10-31,1775,富士古河Ｅ＆Ｃ,スタンダード（内国株式）,建設業,5550,5570,5490,5510,-80,-1.431127,4500,OK
2024-10-31,1776,三井住建道路,スタンダード（内国株式）,建設業,1093,1102,1085,1098,5,0.457457,7400,OK
2024-10-31,177A,コージンバイオ,グロース（内国株式）,化学,1780,1809,1766,1800,6,0.334448,5300,OK
2024-10-31,1780,ヤマウラ,プライム（内国株式）,建設業,1171,1192,1171,1191,27,2.319588,15200,OK
2024-10-31,1783,ｆａｎｔａｓｉｓｔａ,スタンダード（内国株式）,不動産業,38,39,38,39,0,0,125100,OK
2024-10-31,1786,オリエンタル白石,プライム（内国株式）,建設業,381,384,379,383,6,1.591512,346100,OK
2024-10-31,1787,ナカボーテック,スタンダード（内国株式）,建設業,,,,,,,,NO_QUOTE
2024-10-31,1788,三東工業社,スタンダード（内国株式）,建設業,,,,,,,,NO_QUOTE
2024-10-31,1793,大本組,スタンダード（内国株式）,建設業,,,,,,,,NO_QUOTE
2024-10-31,1795,マサル,スタンダード（内国株式）,建設業,3750,3750,3750,3750,10,0.26738,300,OK
2024-10-31,1798,守谷商会,スタンダード（内国株式）,建設業,3100,3170,3080,3105,5,0.16129,3300,OK
2024-10-31,1799,第一建設工業,スタンダード（内国株式）,建設業,2120,2138,2120,2130,1,0.04697,600,OK
2024-10-31,1801,大成建設,プライム（内国株式）,建設業,6501,6531,6384,6462,-33,-0.508083,850300,OK
2024-10-31,1802,大林組,プライム（内国株式）,建設業,1909,1909.5,1875,1890.5,-13,-0.682952,3922100,OK
2024-10-31,1803,清水建設,プライム（内国株式）,建設業,1011.5,1024,1006,1017,8.5,0.842836,2888100,OK
2024-10-31,1807,佐藤渡辺,スタンダード（内国株式）,建設業,1616,1616,1566,1613,2,0.124146,3400,OK
2024-10-31,1808,長谷工コーポレーション,プライム（内国株式）,建設業,1855,1861,1839,1852.5,12,0.651997,499000,OK
2024-10-31,1810,松井建設,スタンダード（内国株式）,建設業,818,844,818,840,27,3.321033,18500,OK
2024-10-31,1811,錢高組,スタンダード（内国株式）,建設業,3340,3390,3320,3390,45,1.345291,9100,OK
2024-10-31,1812,鹿島建設,プライム（内国株式）,建設業,2638,2668,2622.5,2653.5,17.5,0.663885,1668700,OK
2024-10-31,1813,不動テトラ,プライム（内国株式）,建設業,2109,2130,2091,2127,28,1.333969,40400,OK
2024-10-31,1814,大末建設,プライム（内国株式）,建設業,1635,1666,1633,1666,31,1.896024,80200,OK
2024-10-31,1815,鉄建建設,プライム（内国株式）,建設業,2400,2423,2395,2402,10,0.41806,45700,OK
2024-10-31,1820,西松建設,プライム（内国株式）,建設業,5141,5175,5123,5141,20,0.390549,141600,OK
2024-10-31,1821,三井住友建設,プライム（内国株式）,建設業,391,392,387,389,-1,-0.25641,555500,OK
2024-10-31,1822,大豊建設,スタンダード（内国株式）,建設業,3480,3510,3460,3500,65,1.892285,16100,OK
2024-10-31,1826,佐田建設,スタンダード（内国株式）,建設業,836,897,836,893,58,6.946108,66100,OK
2024-10-31,1827,ナカノフドー建設,スタンダード（内国株式）,建設業,472,495,472,493,23,4.893617,96300,OK
2024-10-31,1828,田辺工業,スタンダード（内国株式）,建設業,1550,1550,1540,1540,3,0.195185,300,OK
2024-10-31,1833,奥村組,プライム（内国株式）,建設業,4300,4325,4280,4305,35,0.819672,99300,OK
2024-10-31,1835,東鉄工業,プライム（内国株式）,建設業,3285,3315,3275,3300,15,0.456621,52200,OK
2024-10-31,1840,土屋ホールディングス,スタンダード（内国株式）,建設業,209,209,205,206,-3,-1.435407,51500,OK
2024-10-31,1841,サンユー建設,スタンダード（内国株式）,建設業,953,953,947,951,4,0.422386,600,OK
2024-10-31,1844,大盛工業,スタンダード（内国株式）,建設業,216,219,215,218,2,0.925926,42900,OK
2024-10-31,1847,イチケン,スタンダード（内国株式）,建設業,2463,2499,2455,2487,40,1.634655,20600,OK
2024-10-31,1848,富士ピー・エス,スタンダード（内国株式）,建設業,395,403,391,403,13,3.333333,35200,OK
2024-10-31,184A,学びエイド,グロース（内国株式）,情報･通信業,577,585,560,574,-10,-1.712329,9700,OK
2024-10-31,1850,南海辰村建設,スタンダード（内国株式）,建設業,311,311,308,310,-1,-0.321543,21500,OK
2024-10-31,1852,淺沼組,プライム（内国株式）,建設業,660,666,657,664,4,0.606061,154900,OK
2024-10-31,1853,森組,スタンダード（内国株式）,建設業,305,305,303,305,0,0,6900,OK
2024-10-31,185A,リサイクルテック・ジャパン,TOKYO PRO MARKET（内国株式）,サービス業,,,,,,,,NO_QUOTE
2024-10-31,1860,戸田建設,プライム（内国株式）,建設業,919.4,934,916,927.6,12.6,1.377049,601300,OK
2024-10-31,1861,熊谷組,プライム（内国株式）,建設業,3515,3550,3500,3535,30,0.85592,61300,OK
2024-10-31,1866,北野建設,スタンダード（内国株式）,建設業,3870,4285,3860,4285,430,11.154345,15000,OK
2024-10-31,1867,植木組,スタンダード（内国株式）,建設業,1477,1508,1472,1505,28,1.895735,7800,OK
2024-10-31,186A,アストロスケールホールディングス,グロース（内国株式）,サービス業,1031,1044,1000,1010,-12,-1.174168,770000,OK
2024-10-31,1870,矢作建設工業,プライム（内国株式）,建設業,1510,1524,1504,1515,11,0.731383,20400,OK
2024-10-31,1871,ピーエス・コンストラクション,プライム（内国株式）,建設業,979,986,970,983,11,1.131687,149900,OK
2024-10-31,1873,日本ハウスホールディングス,プライム（内国株式）,建設業,319,323,317,322,5,1.577287,72100,OK
2024-10-31,1878,大東建託,プライム（内国株式）,不動産業,16740,16960,16575,16880,160,0.956938,332000,OK
2024-10-31,1879,新日本建設,プライム（内国株式）,建設業,1542,1555,1534,1546,11,0.716612,38700,OK
2024-10-31,187A,サムティホールディングス,プライム（内国株式）,不動産業,3290,3295,3290,3295,5,0.151976,314000,OK
2024-10-31,1882,東亜道路工業,プライム（内国株式）,建設業,1258,1278,1258,1267,6,0.475813,66000,OK
2024-10-31,1884,日本道路,プライム（内国株式）,建設業,1585,1646,1585,1637,55,3.476612,71300,OK
2024-10-31,1885,東亜建設工業,プライム（内国株式）,建設業,996,1001,984,992,-1,-0.100705,168600,OK
2024-10-31,1887,日本国土開発,プライム（内国株式）,建設業,515,520,513,518,4,0.77821,224800,OK
2024-10-31,1888,若築建設,プライム（内国株式）,建設業,3475,3585,3470,3575,85,2.43553,13100,OK
2024-10-31,1890,東洋建設,プライム（内国株式）,建設業,1315,1317,1301,1313,8,0.613027,178400,OK
2024-10-31,1893,五洋建設,プライム（内国株式）,建設業,633,640,629.8,636.7,7.4,1.17591,943200,OK
2024-10-31,1897,金下建設,スタンダード（内国株式）,建設業,,,,,,,,NO_QUOTE
2024-10-31,1898,世紀東急工業,プライム（内国株式）,建設業,1491,1501,1486,1491,2,0.134318,141300,OK
2024-10-31,1899,福田組,プライム（内国株式）,建設業,5770,5820,5730,5750,-20,-0.34662,6700,OK
2024-10-31,189A,Ｄ＆Ｍカンパニー,グロース（内国株式）,サービス業,818,830,807,830,4,0.484262,6800,OK
2024-10-31,1904,大成温調,スタンダード（内国株式）,建設業,3940,4060,3940,4025,95,2.417303,12200,OK
2024-10-31,1905,テノックス,スタンダード（内国株式）,建設業,1114,1122,1089,1122,5,0.447628,1200,OK
2024-10-31,1909,日本ドライケミカル,スタンダード（内国株式）,機械,3350,3450,3260,3405,125,3.810976,52400,OK
2024-10-31,190A,Ｃｈｏｒｄｉａ　Ｔｈｅｒａｐｅｕｔｉｃｓ,グロース（内国株式）,医薬品,239,244,233,240,-1,-0.414938,1943700,OK
2024-10-31,1911,住友林業,プライム（内国株式）,建設業,5920,6006,5882,5950,85,1.449275,1723200,OK
2024-10-31,1914,日本基礎技術,スタンダード（内国株式）,建設業,639,671,639,664,29,4.566929,76000,OK
2024-10-31,191A,ミモザ,TOKYO PRO MARKET（内国株式）,サービス業,,,,,,,,NO_QUOTE
2024-10-31,1921,巴コーポレーション,スタンダード（内国株式）,建設業,832,858,822,856,30,3.631961,52300,OK
2024-10-31,1925,大和ハウス工業,プライム（内国株式）,建設業,4570,4585,4526,4571,10,0.21925,1853000,OK
2024-10-31,1926,ライト工業,プライム（内国株式）,建設業,2244,2252,2223,2235,3,0.134409,133500,OK
2024-10-31,1928,積水ハウス,プライム（内国株式）,建設業,3708,3740,3684,3716,34,0.923411,2146400,OK
2024-10-31,1929,日特建設,プライム（内国株式）,建設業,1020,1024,1017,1021,-1,-0.097847,21100,OK
2024-10-31,192A,インテグループ,グロース（内国株式）,サービス業,3470,3635,3470,3615,135,3.87931,22600,OK
2024-10-31,1930,北陸電気工事,プライム（内国株式）,建設業,1155,1177,1155,1166,11,0.952381,56200,OK
2024-10-31,1934,ユアテック,プライム（内国株式）,建設業,1492,1502,1468,1487,14,0.950441,166800,OK
2024-10-31,1938,日本リーテック,プライム（内国株式）,建設業,1025,1050,1021,1045,25,2.45098,22800,OK
2024-10-31,1939,四電工,プライム（内国株式）,建設業,1254,1282,1250,1279,19,1.507937,132200,OK
2024-10-31,193A,グローベルス,TOKYO PRO MARKET（内国株式）,不動産業,,,,,,,,NO_QUOTE
2024-10-31,1941,中電工,プライム（内国株式）,建設業,3210,3225,3170,3215,10,0.312012,57100,OK
2024-10-31,1942,関電工,プライム（内国株式）,建設業,2099,2262.5,2062.5,2244.5,127.5,6.022674,1859400,OK
2024-10-31,1944,きんでん,プライム（内国株式）,建設業,3190,3207,3150,3189,9,0.283019,616600,OK
2024-10-31,1945,東京エネシス,プライム（内国株式）,建設業,1151,1151,1131,1142,-9,-0.781929,43400,OK
2024-10-31,1946,トーエネック,プライム（内国株式）,建設業,940,954,925,953,13,1.382979,200900,OK
2024-10-31,1948,弘電社,スタンダード（内国株式）,建設業,1541,1574,1512,1557,35,2.299606,63700,OK
2024-10-31,1949,住友電設,プライム（内国株式）,建設業,4650,5090,4570,4940,245,5.218317,278200,OK
2024-10-31,194A,ＷＯＬＶＥＳ　ＨＡＮＤ,グロース（内国株式）,サービス業,890,901,882,889,-2,-0.224467,12400,OK
2024-10-31,1950,日本電設工業,プライム（内国株式）,建設業,1857,1884,1850,1876,5,0.267237,73500,OK
2024-10-31,1951,エクシオグループ,プライム（内国株式）,建設業,1570,1572,1548.5,1568.5,5,0.319795,468300,OK
2024-10-31,1952,新日本空調,プライム（内国株式）,建設業,3365,3425,3365,3380,0,0,22700,OK
2024-10-31,1959,九電工,プライム（内国株式）,建設業,5639,5639,5474,5503,-815,-12.899652,1612100,OK
2024-10-31,195A,ライスカレー,グロース（内国株式）,サービス業,885,893,866,892,8,0.904977,11700,OK
2024-10-31,1960,サンテック,スタンダード（内国株式）,建設業,707,729,707,729,35,5.043228,5700,OK
2024-10-31,1961,三機工業,プライム（内国株式）,建設業,2399,2415,2386,2405,6,0.250104,130700,OK
2024-10-31,1963,日揮ホールディングス,プライム（内国株式）,建設業,1320,1326.5,1311.5,1319.5,5.5,0.418569,868200,OK
2024-10-31,1964,中外炉工業,プライム（内国株式）,建設業,2652,2932,2606,2914,274,10.378788,123100,OK
2024-10-31,1965,テクノ菱和,スタンダード（内国株式）,建設業,2291,2300,2267,2290,-7,-0.304745,36900,OK
2024-10-31,1966,高田工業所,スタンダード（内国株式）,建設業,1600,1620,1552,1600,-21,-1.295497,48300,OK
2024-10-31,1967,ヤマト,スタンダード（内国株式）,建設業,916,934,909,934,11,1.191766,28400,OK
2024-10-31,1968,太平電業,プライム（内国株式）,建設業,5110,5150,5090,5150,60,1.178782,16000,OK
2024-10-31,1969,高砂熱学工業,プライム（内国株式）,建設業,4850,4934,4825,4934,134,2.791667,392200,OK
2024-10-31,196A,ＭＦＳ,グロース（内国株式）,その他金融業,289,293,284,289,0,0,67600,OK
2024-10-31,1972,三晃金属工業,スタンダード（内国株式）,建設業,3990,4000,3950,4000,20,0.502513,4800,OK
2024-10-31,1973,ＮＥＣネッツエスアイ,プライム（内国株式）,情報･通信業,3250,3255,3245,3250,0,0,4474300,OK
2024-10-31,1975,朝日工業社,プライム（内国株式）,建設業,1271,1286,1266,1284,11,0.864101,38400,OK
2024-10-31,1976,明星工業,プライム（内国株式）,建設業,1285,1306,1276,1303,27,2.115987,155300,OK
2024-10-31,1979,大氣社,プライム（内国株式）,建設業,4815,4900,4805,4885,65,1.348548,83400,OK
2024-10-31,197A,タウンズ,スタンダード（内国株式）,医薬品,550,566,542,558,10,1.824818,528400,OK
2024-10-31,1980,ダイダン,プライム（内国株式）,建設業,3005,3045,2991,3035,35,1.166667,129500,OK
2024-10-31,1981,協和日成,スタンダード（内国株式）,建設業,1273,1290,1273,1290,20,1.574803,800,OK
2024-10-31,1982,日比谷総合設備,プライム（内国株式）,建設業,3525,3545,3455,3475,-85,-2.38764,37500,OK
2024-10-31,198A,ＰｏｓｔＰｒｉｍｅ,グロース（内国株式）,情報･通信業,686,695,678,690,14,2.071006,37100,OK
2024-10-31,1992,神田通信機,スタンダード（内国株式）,建設業,2720,2720,2690,2690,-80,-2.888087,300,OK
2024-10-31,1994,高橋カーテンウォール工業,スタンダード（内国株式）,建設業,569,569,569,569,-1,-0.175439,200,OK
2024-10-31,1997,暁飯島工業,スタンダード（内国株式）,建設業,1782,1782,1782,1782,12,0.677966,1100,OK
2024-10-31,199A,メディエア,TOKYO PRO MARKET（内国株式）,情報･通信業,,,,,,,,NO_QUOTE
2024-10-31,2001,ニップン,プライム（内国株式）,食料品,2199,2206,2189,2202,15,0.685871,172700,OK
2024-10-31,2002,日清製粉グループ本社,プライム（内国株式）,食料品,1803,1804.5,1777,1786,-18.5,-1.025215,1520700,OK
2024-10-31,2003,日東富士製粉,スタンダード（内国株式）,食料品,6690,6840,6690,6760,70,1.046338,5100,OK
2024-10-31,2004,昭和産業,プライム（内国株式）,食料品,2887,2901,2865,2894,7,0.242466,50100,OK
2024-10-31,2009,鳥越製粉,スタンダード（内国株式）,食料品,671,677,662,671,10,1.512859,41700,OK
2024-10-31,202A,豆蔵デジタルホールディングス,グロース（内国株式）,情報･通信業,1304,1325,1298,1325,20,1.532567,47000,OK
2024-10-31,203A,シュンビン,TOKYO PRO MARKET（内国株式）,サービス業,,,,,,,,NO_QUOTE
2024-10-31,204A,タイヨーパッケージ,TOKYO PRO MARKET（内国株式）,パルプ・紙,,,,,,,,NO_QUOTE
2024-10-31,2053,中部飼料,プライム（内国株式）,食料品,1411,1441,1374,1405,3,0.21398,83100,OK
2024-10-31,2055,日和産業,スタンダード（内国株式）,食料品,317,329,314,327,11,3.481013,8700,OK
2024-10-31,205A,ロゴスホールディングス,グロース（内国株式）,建設業,2100,2134,2080,2131,26,1.235154,33600,OK
2024-10-31,2060,フィード・ワン,プライム（内国株式）,食料品,845,853,842,851,9,1.068884,50600,OK
2024-10-31,206A,ＰＲＩＳＭ　ＢｉｏＬａｂ,グロース（内国株式）,医薬品,350,408,345,375,26,7.449857,896700,OK
2024-10-31,207A,ライジングコーポレーション,TOKYO PRO MARKET（内国株式）,建設業,,,,,,,,NO_QUOTE
2024-10-31,208A,構造計画研究所ホールディングス,スタンダード（内国株式）,情報･通信業,4045,4050,4045,4045,-5,-0.123457,300,OK
2024-10-31,209A,小野谷機工,TOKYO PRO MARKET（内国株式）,機械,,,,,,,,NO_QUOTE
2024-10-31,2107,東洋精糖,スタンダード（内国株式）,食料品,1350,1369,1340,1367,15,1.109467,16200,OK
2024-10-31,2108,日本甜菜製糖,プライム（内国株式）,食料品,2517,2537,2474,2537,47,1.88755,21400,OK
2024-10-31,2109,ＤＭ三井製糖ホールディングス,プライム（内国株式）,食料品,3250,3275,3230,3260,20,0.617284,36100,OK
2024-10-31,2112,塩水港精糖,スタンダード（内国株式）,食料品,269,272,268,272,7,2.641509,88600,OK
2024-10-31,2114,フジ日本,スタンダード（内国株式）,食料品,1010,1020,1000,1012,10,0.998004,8300,OK
2024-10-31,2117,ウェルネオシュガー,プライム（内国株式）,食料品,2250,2250,2225,2234,-19,-0.84332,21000,OK
2024-10-31,211A,カドス・コーポレーション,スタンダード（内国株式）,建設業,2644,2654,2606,2654,9,0.340265,2800,OK
2024-10-31,2120,ＬＩＦＵＬＬ,プライム（内国株式）,サービス業,144,149,143,148,5,3.496503,546700,OK
2024-10-31,2121,ＭＩＸＩ,プライム（内国株式）,サービス業,2820,2838,2809,2823,4,0.141894,218200,OK
2024-10-31,2122,インタースペース,スタンダード（内国株式）,サービス業,848,848,840,840,-6,-0.70922,300,OK
2024-10-31,2124,ジェイエイシーリクルートメント,プライム（内国株式）,サービス業,733,739,728,736,6,0.821918,191100,OK
2024-10-31,2127,日本Ｍ＆Ａセンターホールディングス,プライム（内国株式）,サービス業,640,674.9,631.7,667.5,73.7,12.411586,11231100,OK
2024-10-31,212A,フィットイージー,スタンダード（内国株式）,サービス業,1454,1530,1429,1530,78,5.371901,224200,OK
2024-10-31,2130,メンバーズ,プライム（内国株式）,サービス業,911,938,905,909,-11,-1.195652,48600,OK
2024-10-31,2134,北浜キャピタルパートナーズ,スタンダード（内国株式）,サービス業,22,23,22,22,-1,-4.347826,3505400,OK
2024-10-31,2136,ヒップ,スタンダード（内国株式）,サービス業,1062,1062,1052,1056,-6,-0.564972,1800,OK
2024-10-31,2138,クルーズ,スタンダード（内国株式）,情報･通信業,592,602,590,600,0,0,39200,OK
2024-10-31,2139,中広,スタンダード（内国株式）,サービス業,424,424,409,420,0,0,16800,OK
2024-10-31,2146,ＵＴグループ,プライム（内国株式）,サービス業,2593,2629,2582,2621,29,1.118827,253600,OK
2024-10-31,2148,アイティメディア,プライム（内国株式）,サービス業,1618,1618,1589,1597,5,0.31407,68400,OK
2024-10-31,2150,ケアネット,プライム（内国株式）,サービス業,665,680,663,675,0,0,124100,OK
2024-10-31,2152,幼児活動研究会,スタンダード（内国株式）,サービス業,1423,1423,1420,1420,10,0.70922,2500,OK
2024-10-31,2153,Ｅ・Ｊホールディングス,プライム（内国株式）,サービス業,1720,1725,1711,1715,14,0.823045,14500,OK
2024-10-31,2154,オープンアップグループ,プライム（内国株式）,サービス業,2023,2049,2010,2029,14,0.694789,180900,OK
2024-10-31,2156,セーラー広告,スタンダード（内国株式）,サービス業,582,653,580,593,-7,-1.166667,858200,OK
2024-10-31,2157,コシダカホールディングス,プライム（内国株式）,サービス業,1199,1208,1192,1203,8,0.669456,375300,OK
2024-10-31,2158,ＦＲＯＮＴＥＯ,グロース（内国株式）,サービス業,635,638,629,633,0,0,75000,OK
2024-10-31,215A,タイミー,グロース（内国株式）,サービス業,1216,1216,1166,1191,-27,-2.216749,4631500,OK
2024-10-31,2160,ジーエヌアイグループ,グロース（内国株式）,医薬品,3040,3095,3010,3090,40,1.311475,441000,OK
2024-10-31,2162,ｎｍｓ　ホールディングス,スタンダード（内国株式）,サービス業,360,363,358,362,2,0.555556,196700,OK
2024-10-31,2163,アルトナー,プライム（内国株式）,サービス業,1755,1775,1742,1775,25,1.428571,19200,OK
2024-10-31,2164,地域新聞社,グロース（内国株式）,サービス業,333,333,327,332,2,0.606061,21000,OK
2024-10-31,2168,パソナグループ,プライム（内国株式）,サービス業,2055,2055,2015,2029,-13,-0.636631,149300,OK
2024-10-31,2169,ＣＤＳ,スタンダード（内国株式）,サービス業,1743,1763,1736,1763,24,1.380104,6600,OK
2024-10-31,216A,ライフクリエイト,TOKYO PRO MARKET（内国株式）,小売業,,,,,,,,NO_QUOTE
2024-10-31,2170,リンクアンドモチベーション,プライム（内国株式）,サービス業,556,568,555,563,0,0,176400,OK
2024-10-31,2173,博展,グロース（内国株式）,サービス業,650,659,645,659,9,1.384615,19700,OK
2024-10-31,2175,エス・エム・エス,プライム（内国株式）,サービス業,1795.5,1807,1710.5,1725.5,-119,-6.451613,2233200,OK
2024-10-31,2179,成学社,スタンダード（内国株式）,サービス業,769,769,768,768,3,0.392157,1700,OK
2024-10-31,217A,サポート,TOKYO PRO MARKET（内国株式）,サービス業,,,,,,,,NO_QUOTE
2024-10-31,2180,サニーサイドアップグループ,スタンダード（内国株式）,サービス業,527,530,518,523,0,0,29400,OK
2024-10-31,2181,パーソルホールディングス,プライム（内国株式）,サービス業,259.9,261.2,257.9,258,-0.1,-0.038745,6922100,OK
2024-10-31,2183,リニカル,スタンダード（内国株式）,サービス業,357,367,357,362,5,1.40056,32900,OK
2024-10-31,2185,シイエム・シイ,スタンダード（内国株式）,サービス業,1164,1164,1164,1164,0,0,100,OK
2024-10-31,2186,ソーバル,スタンダード（内国株式）,サービス業,913,915,908,911,-1,-0.109649,4300,OK
2024-10-31,218A,Ｌｉｂｅｒａｗａｒｅ,グロース（内国株式）,精密機器,479,484,455,458,-14,-2.966102,525700,OK
2024-10-31,2193,クックパッド,スタンダード（内国株式）,サービス業,172,176,172,175,3,1.744186,188600,OK
2024-10-31,2195,アミタホールディングス,グロース（内国株式）,サービス業,390,392,387,388,-3,-0.767263,1900,OK
2024-10-31,2196,エスクリ,スタンダード（内国株式）,サービス業,204,210,204,204,1,0.492611,42300,OK
2024-10-31,2198,アイ・ケイ・ケイホールディングス,プライム（内国株式）,サービス業,735,740,730,737,8,1.097394,136400,OK
2024-10-31,219A,Ｈｅａｒｔｓｅｅｄ,グロース（内国株式）,医薬品,1358,1408,1357,1378,23,1.697417,199000,OK
2024-10-31,2201,森永製菓,プライム（内国株式）,食料品,2840.5,2862,2828,2853.5,26.5,0.937389,166200,OK
2024-10-31,2204,中村屋,スタンダード（内国株式）,食料品,3170,3195,3170,3195,25,0.788644,1900,OK
2024-10-31,2206,江崎グリコ,プライム（内国株式）,食料品,4485,4515,4473,4497,26,0.581525,82300,OK
2024-10-31,2207,名糖産業,プライム（内国株式）,食料品,1850,1862,1845,1856,10,0.541712,15500,OK
2024-10-31,2208,ブルボン,スタンダード（内国株式）,食料品,2450,2489,2320,2329,-71,-2.958333,123200,OK
2024-10-31,2209,井村屋グループ,プライム（内国株式）,食料品,2410,2439,2410,2438,18,0.743802,8500,OK
2024-10-31,220A,Ｆａｂｅｒ　Ｃｏｍｐａｎｙ,スタンダード（内国株式）,情報･通信業,864,909,850,902,38,4.398148,15800,OK
2024-10-31,2211,不二家,プライム（内国株式）,食料品,2639,2663,2631,2660,27,1.025446,78800,OK
2024-10-31,2212,山崎製パン,プライム（内国株式）,食料品,3100,3188,3052,3112,20,0.646831,2349500,OK
2024-10-31,2215,第一屋製パン,スタンダード（内国株式）,食料品,612,630,610,628,23,3.801653,52500,OK
2024-10-31,2216,カンロ,スタンダード（内国株式）,食料品,2901,2991,2901,2959,21,0.714772,121300,OK
2024-10-31,2217,モロゾフ,プライム（内国株式）,食料品,4630,4660,4625,4635,10,0.216216,5500,OK
2024-10-31,2220,亀田製菓,プライム（内国株式）,食料品,4375,4435,4330,4435,100,2.306805,61100,OK
2024-10-31,2221,岩塚製菓,スタンダード（内国株式）,食料品,2550,2603,2550,2591,31,1.210938,11800,OK
2024-10-31,2222,寿スピリッツ,プライム（内国株式）,食料品,2088.5,2106.5,2065.5,2070,-25.5,-1.216893,672600,OK
2024-10-31,2224,コモ,スタンダード（内国株式）,食料品,2960,2971,2960,2971,16,0.541455,2600,OK
2024-10-31,2226,湖池屋,スタンダード（内国株式）,食料品,5030,5090,4980,5080,50,0.994036,3700,OK
2024-10-31,2229,カルビー,プライム（内国株式）,食料品,3416,3423,3384,3409,-11,-0.321637,408900,OK
2024-10-31,222A,ＮＩＣＳ,TOKYO PRO MARKET（内国株式）,情報･通信業,,,,,,,,NO_QUOTE
2024-10-31,2264,森永乳業,プライム（内国株式）,食料品,3528,3543,3515,3543,16,0.453643,252700,OK
2024-10-31,2266,六甲バター,プライム（内国株式）,食料品,1434,1441,1426,1426,-8,-0.55788,31600,OK
2024-10-31,2267,ヤクルト本社,プライム（内国株式）,食料品,3354,3354,3307,3318,-19,-0.569374,793500,OK
2024-10-31,2268,Ｂ−Ｒ　サーティワン　アイスクリーム,スタンダード（内国株式）,食料品,4200,4210,4190,4190,-10,-0.238095,6100,OK
2024-10-31,2269,明治ホールディングス,プライム（内国株式）,食料品,3560,3561,3528,3550,-1,-0.028161,829000,OK
2024-10-31,226A,勝美ジャパン,TOKYO PRO MARKET（内国株式）,食料品,,,,,,,,NO_QUOTE
2024-10-31,2270,雪印メグミルク,プライム（内国株式）,食料品,2620,2647,2612,2641,17,0.647866,119400,OK
2024-10-31,227A,ＩＮＳＩＧＨＴ　ＬＡＢ,TOKYO PRO MARKET（内国株式）,情報･通信業,,,,,,,,NO_QUOTE
2024-10-31,2281,プリマハム,プライム（内国株式）,食料品,2242,2259,2237,2245,7,0.312779,56500,OK
2024-10-31,2282,日本ハム,プライム（内国株式）,食料品,5293,5309,5265,5293,37,0.703957,339500,OK
2024-10-31,2286,林兼産業,スタンダード（内国株式）,食料品,455,460,454,460,6,1.321586,11300,OK
2024-10-31,2288,丸大食品,プライム（内国株式）,食料品,1674,1688,1662,1682,8,0.477897,23100,OK
2024-10-31,228A,オプロ,グロース（内国株式）,情報･通信業,1183,1230,1180,1214,39,3.319149,21400,OK
2024-10-31,2291,福留ハム,スタンダード（内国株式）,食料品,1089,1100,1085,1100,20,1.851852,7500,OK
2024-10-31,2292,Ｓ　Ｆｏｏｄｓ,プライム（内国株式）,食料品,2828,2829,2785,2798,-16,-0.568586,27200,OK
2024-10-31,2293,滝沢ハム,スタンダード（内国株式）,食料品,3015,3015,3015,3015,-10,-0.330579,200,OK
2024-10-31,2294,柿安本店,プライム（内国株式）,食料品,2639,2675,2639,2672,17,0.640301,29300,OK
2024-10-31,2296,伊藤ハム米久ホールディングス,プライム（内国株式）,食料品,3850,3880,3840,3855,25,0.652742,70400,OK
2024-10-31,229A,アスミホールディングス,TOKYO PRO MARKET（内国株式）,建設業,,,,,,,,NO_QUOTE
2024-10-31,2300,きょくとう,スタンダード（内国株式）,サービス業,514,517,514,517,3,0.583658,900,OK
2024-10-31,2301,学情,プライム（内国株式）,サービス業,1657,1686,1653,1671,-21,-1.241135,158900,OK
2024-10-31,2303,ドーン,スタンダード（内国株式）,情報･通信業,2165,2169,2143,2152,-4,-0.185529,4500,OK
2024-10-31,2304,ＣＳＳホールディングス,スタンダード（内国株式）,サービス業,876,876,865,865,-2,-0.230681,700,OK
2024-10-31,2305,スタジオアリス,プライム（内国株式）,サービス業,2040,2054,2033,2045,7,0.343474,15300,OK
2024-10-31,2307,クロスキャット,プライム（内国株式）,情報･通信業,1079,1113,1059,1105,16,1.469238,23600,OK
2024-10-31,2311,エプコ,スタンダード（内国株式）,サービス業,743,754,740,754,14,1.891892,25400,OK
2024-10-31,2315,ＣＡＩＣＡ　ＤＩＧＩＴＡＬ,スタンダード（内国株式）,情報･通信業,46,47,45,47,2,4.444444,904300,OK
2024-10-31,2317,システナ,プライム（内国株式）,情報･通信業,364,369,361,365,1,0.274725,1464400,OK
2024-10-31,2321,ソフトフロントホールディングス,グロース（内国株式）,情報･通信業,70,70,69,70,0,0,8900,OK
2024-10-31,2323,ｆｏｎｆｕｎ,スタンダード（内国株式）,情報･通信業,905,905,895,899,-6,-0.662983,2400,OK
2024-10-31,2325,ＮＪＳ,プライム（内国株式）,サービス業,4100,4120,4055,4080,-10,-0.244499,14400,OK
2024-10-31,2326,デジタルアーツ,プライム（内国株式）,情報･通信業,5220,5270,5110,5260,90,1.740812,107600,OK
2024-10-31,2327,日鉄ソリューションズ,プライム（内国株式）,情報･通信業,3822,3881,3777,3870,95,2.516556,1327700,OK
2024-10-31,2329,東北新社,スタンダード（内国株式）,情報･通信業,618,618,602,608,-10,-1.618123,69500,OK
2024-10-31,232A,ヒルストン,TOKYO PRO MARKET（内国株式）,サービス業,,,,,,,,NO_QUOTE
2024-10-31,2330,フォーサイド,スタンダード（内国株式）,情報･通信業,155,161,153,153,-5,-3.164557,1029500,OK
2024-10-31,2331,綜合警備保障,プライム（内国株式）,サービス業,1060,1067,1054,1064,14.5,1.38161,766300,OK
2024-10-31,2332,クエスト,スタンダード（内国株式）,情報･通信業,1269,1269,1198,1261,-7,-0.55205,12500,OK
2024-10-31,2334,イオレ,グロース（内国株式）,サービス業,591,592,576,579,-12,-2.030457,10600,OK
2024-10-31,2335,キューブシステム,プライム（内国株式）,情報･通信業,987,1003,987,1002,16,1.622718,21200,OK
2024-10-31,2337,いちご,プライム（内国株式）,不動産業,407,411,404,404,-2,-0.492611,1122400,OK
2024-10-31,2338,クオンタムソリューションズ,スタンダード（内国株式）,情報･通信業,437,438,428,430,-7,-1.601831,83400,OK
2024-10-31,2340,極楽湯ホールディングス,スタンダード（内国株式）,サービス業,406,408,406,408,2,0.492611,13400,OK
2024-10-31,2341,アルバイトタイムス,スタンダード（内国株式）,サービス業,144,144,141,141,-2,-1.398601,64600,OK
2024-10-31,2342,トランスジェニックグループ,グロース（内国株式）,サービス業,236,236,233,233,-4,-1.687764,3400,OK
2024-10-31,2344,平安レイサービス,スタンダード（内国株式）,サービス業,825,825,808,816,-9,-1.090909,8300,OK
2024-10-31,2345,クシム,スタンダード（内国株式）,情報･通信業,335,349,330,343,6,1.780415,436400,OK
2024-10-31,2349,エヌアイデイ,スタンダード（内国株式）,情報･通信業,,,,,,,,NO_QUOTE
2024-10-31,2351,ＡＳＪ,グロース（内国株式）,情報･通信業,426,435,423,435,9,2.112676,10000,OK
2024-10-31,2353,日本駐車場開発,プライム（内国株式）,不動産業,224,228,222,226,4,1.801802,1005300,OK
2024-10-31,2354,ＹＥ　ＤＩＧＩＴＡＬ,スタンダード（内国株式）,情報･通信業,705,714,703,711,3,0.423729,55800,OK
2024-10-31,2359,コア,プライム（内国株式）,情報･通信業,1855,1883,1850,1875,15,0.806452,5600,OK
2024-10-31,2370,メディネット,グロース（内国株式）,サービス業,42,43,41,42,0,0,1202100,OK
2024-10-31,2371,カカクコム,プライム（内国株式）,サービス業,2350,2366,2335,2358,24.5,1.049925,822900,OK
2024-10-31,2372,アイロムグループ,プライム（内国株式）,サービス業,2777,2782,2777,2781,4,0.14404,40000,OK
2024-10-31,2373,ケア２１,スタンダード（内国株式）,サービス業,412,416,412,413,-3,-0.721154,10100,OK
2024-10-31,2374,セントケア・ホールディング,プライム（内国株式）,サービス業,733,743,730,743,5,0.677507,42400,OK
2024-10-31,2375,ギグワークス,スタンダード（内国株式）,サービス業,323,323,320,321,-2,-0.619195,49900,OK
2024-10-31,2376,サイネックス,スタンダード（内国株式）,サービス業,733,768,709,766,38,5.21978,17400,OK
2024-10-31,2378,ルネサンス,プライム（内国株式）,サービス業,1040,1049,1034,1035,-1,-0.096525,19300,OK
2024-10-31,2379,ディップ,プライム（内国株式）,サービス業,2678,2713,2665,2700,22,0.821509,318400,OK
2024-10-31,2384,ＳＢＳホールディングス,プライム（内国株式）,陸運業,2496,2515,2484,2514,26,1.045016,36200,OK
2024-10-31,2385,総医研ホールディングス,グロース（内国株式）,サービス業,139,139,137,139,2,1.459854,9900,OK
2024-10-31,2388,ウェッジホールディングス,グロース（内国株式）,その他金融業,61,61,60,60,-1,-1.639344,9800,OK
2024-10-31,2389,デジタルホールディングス,プライム（内国株式）,サービス業,989,1004,979,1004,20,2.03252,58900,OK
2024-10-31,2391,プラネット,スタンダード（内国株式）,サービス業,1221,1233,1221,1225,4,0.3276,1000,OK
2024-10-31,2393,日本ケアサプライ,スタンダード（内国株式）,サービス業,1897,1919,1896,1905,-8,-0.418191,1300,OK
2024-10-31,2395,新日本科学,プライム（内国株式）,サービス業,1260,1277,1238,1242,-1,-0.080451,176900,OK
2024-10-31,2397,ＤＮＡチップ研究所,スタンダード（内国株式）,サービス業,728,732,720,723,-8,-1.094391,17700,OK
2024-10-31,239A,バレッグス,TOKYO PRO MARKET（内国株式）,不動産業,,,,,,,,NO_QUOTE
2024-10-31,2404,鉄人化ホールディングス,スタンダード（内国株式）,サービス業,422,424,422,423,1,0.236967,900,OK
2024-10-31,2408,ＫＧ情報,スタンダード（内国株式）,サービス業,608,608,602,605,-3,-0.493421,6800,OK
2024-10-31,2410,キャリアデザインセンター,プライム（内国株式）,サービス業,1753,1786,1753,1779,31,1.773455,13700,OK
2024-10-31,2411,ゲンダイエージェンシー,スタンダード（内国株式）,情報･通信業,341,344,340,343,1,0.292398,33300,OK
2024-10-31,2413,エムスリー,プライム（内国株式）,サービス業,1585,1613,1541.5,1585.5,-248,-13.526043,17445600,OK
2024-10-31,2415,ヒューマンホールディングス,スタンダード（内国株式）,サービス業,1412,1415,1404,1411,8,0.570207,5900,OK
2024-10-31,2418,ツカダ・グローバルホールディング,スタンダード（内国株式）,サービス業,391,398,391,397,6,1.534527,97800,OK
2024-10-31,241A,ＲＯＸＸ,グロース（内国株式）,情報･通信業,1376,1376,1255,1260,-146,-10.384068,94600,OK
2024-10-31,2424,ブラス,スタンダード（内国株式）,サービス業,531,534,531,534,3,0.564972,8600,OK
2024-10-31,2425,ケアサービス,スタンダード（内国株式）,サービス業,827,835,827,835,5,0.60241,700,OK
2024-10-31,2428,ウェルネット,スタンダード（内国株式）,サービス業,796,796,796,796,100,14.367816,71100,OK
2024-10-31,2429,ワールドホールディングス,プライム（内国株式）,サービス業,1905,1938,1905,1921,7,0.365726,20000,OK
2024-10-31,2432,ディー・エヌ・エー,プライム（内国株式）,サービス業,1827,1888,1783,1886,117.5,6.644049,5459700,OK
2024-10-31,2433,博報堂ＤＹホールディングス,プライム（内国株式）,サービス業,1220,1230,1210.5,1216.5,-3.5,-0.286885,766000,OK
2024-10-31,2435,シダー,スタンダード（内国株式）,サービス業,210,216,210,216,5,2.369668,19700,OK
2024-10-31,2436,共同ピーアール,スタンダード（内国株式）,サービス業,629,641,628,634,9,1.44,2200,OK
2024-10-31,2437,Ｓｈｉｎｗａ　Ｗｉｓｅ　Ｈｏｌｄｉｎｇｓ,スタンダード（内国株式）,サービス業,248,249,245,246,-2,-0.806452,12900,OK
2024-10-31,2438,アスカネット,グロース（内国株式）,サービス業,501,509,501,509,9,1.8,24800,OK
2024-10-31,243A,トップス,TOKYO PRO MARKET（内国株式）,食料品,,,,,,,,NO_QUOTE
2024-10-31,2440,ぐるなび,プライム（内国株式）,サービス業,306,313,304,312,6,1.960784,159600,OK
2024-10-31,2445,タカミヤ,プライム（内国株式）,サービス業,439,446,439,444,8,1.834862,29000,OK
2024-10-31,2449,プラップジャパン,スタンダード（内国株式）,サービス業,908,908,902,904,-1,-0.110497,2600,OK
2024-10-31,244A,グロースエクスパートナーズ,グロース（内国株式）,情報･通信業,3920,4255,3680,4000,150,3.896104,931400,OK
2024-10-31,2452,コンピュータマインド,TOKYO PRO MARKET（内国株式）,情報･通信業,,,,,,,,NO_QUOTE
2024-10-31,2454,オールアバウト,スタンダード（内国株式）,サービス業,334,335,333,335,1,0.299401,5200,OK
2024-10-31,2459,アウンコンサルティング,スタンダード（内国株式）,サービス業,175,178,172,177,2,1.142857,13000,OK
2024-10-31,245A,ＩＮＧＳ,グロース（内国株式）,小売業,2240,2290,2240,2277,21,0.930851,4000,OK
2024-10-31,2461,ファンコミュニケーションズ,プライム（内国株式）,サービス業,416,418,412,414,5,1.222494,35100,OK
2024-10-31,2462,ライク,プライム（内国株式）,サービス業,1381,1389,1379,1383,2,0.144823,24100,OK
2024-10-31,2464,Ａｏｂａ‐ＢＢＴ,スタンダード（内国株式）,サービス業,311,314,303,314,4,1.290323,61900,OK
2024-10-31,2469,ヒビノ,スタンダード（内国株式）,サービス業,3235,3235,3035,3150,-155,-4.689864,68100,OK
2024-10-31,246A,アスア,グロース（内国株式）,サービス業,760,782,747,782,22,2.894737,78600,OK
2024-10-31,2471,エスプール,プライム（内国株式）,サービス業,370,372,364,366,2,0.549451,409700,OK
2024-10-31,2475,ＷＤＢホールディングス,プライム（内国株式）,サービス業,1728,1737,1721,1722,6,0.34965,9500,OK
2024-10-31,2477,手間いらず,スタンダード（内国株式）,情報･通信業,3245,3295,3175,3230,30,0.9375,18800,OK
2024-10-31,2479,ジェイテック,グロース（内国株式）,サービス業,223,227,222,227,6,2.714932,55200,OK
2024-10-31,247A,Ａｉロボティクス,グロース（内国株式）,化学,2601,2739,2583,2739,148,5.71208,179900,OK
2024-10-31,2480,システム・ロケーション,スタンダード（内国株式）,情報･通信業,1249,1259,1249,1249,1,0.080128,1800,OK
2024-10-31,2481,タウンニュース社,スタンダード（内国株式）,サービス業,780,780,780,780,2,0.257069,100,OK
2024-10-31,2483,翻訳センター,スタンダード（内国株式）,サービス業,1924,1924,1892,1897,-42,-2.166065,1100,OK
2024-10-31,2484,出前館,スタンダード（内国株式）,情報･通信業,244,246,240,241,-6,-2.42915,1478400,OK
2024-10-31,2485,ティア,スタンダード（内国株式）,サービス業,428,430,425,428,4,0.943396,32600,OK
2024-10-31,2487,ＣＤＧ,スタンダード（内国株式）,サービス業,1670,1674,1670,1673,22,1.332526,11200,OK
2024-10-31,2488,ＪＴＰ,スタンダード（内国株式）,サービス業,994,994,982,989,3,0.30426,3300,OK
2024-10-31,2489,アドウェイズ,プライム（内国株式）,サービス業,332,340,329,333,-2,-0.597015,57400,OK
2024-10-31,248A,キッズスター,グロース（内国株式）,情報･通信業,1360,1365,1266,1290,-33,-2.494331,25200,OK
2024-10-31,2491,バリューコマース,プライム（内国株式）,サービス業,1090,1099,1087,1095,2,0.182983,66600,OK
2024-10-31,2492,インフォマート,プライム（内国株式）,サービス業,363,369,362,365,-4,-1.084011,1782700,OK
2024-10-31,2493,イーサポートリンク,スタンダード（内国株式）,サービス業,925,927,921,926,1,0.108108,2200,OK
2024-10-31,2497,ユナイテッド,グロース（内国株式）,サービス業,761,761,754,760,-2,-0.262467,33400,OK
2024-10-31,2498,オリエンタルコンサルタンツホールディングス,スタンダード（内国株式）,サービス業,4110,4125,4070,4085,-30,-0.72904,1300,OK
2024-10-31,2499,日本和装ホールディングス,スタンダード（内国株式）,サービス業,300,300,299,300,-1,-0.332226,2700,OK
2024-10-31,249A,ヒューマンアジャスト,TOKYO PRO MARKET（内国株式）,サービス業,,,,,,,,NO_QUOTE
2024-10-31,2501,サッポロホールディングス,プライム（内国株式）,食料品,7439,7439,7299,7340,-31,-0.420567,162200,OK
2024-10-31,2502,アサヒグループホールディングス,プライム（内国株式）,食料品,1833,1842.5,1808.5,1839.5,0,0,5374400,OK
2024-10-31,2503,キリンホールディングス,プライム（内国株式）,食料品,2280,2283,2227.5,2248,-36.5,-1.597724,3747400,OK
2024-10-31,250A,シマダヤ,スタンダード（内国株式）,食料品,1431,1489,1426,1474,30,2.077562,79600,OK
2024-10-31,251A,ニューロマジック,TOKYO PRO MARKET（内国株式）,サービス業,,,,,,,,NO_QUOTE
2024-10-31,252A,ウェッジ,TOKYO PRO MARKET（内国株式）,小売業,,,,,,,,NO_QUOTE
2024-10-31,2531,宝ホールディングス,プライム（内国株式）,食料品,1199.5,1204,1193.5,1202.5,1.5,0.124896,472100,OK
2024-10-31,2533,オエノンホールディングス,プライム（内国株式）,食料品,406,407,403,404,3,0.74813,45700,OK
2024-10-31,253A,ＥＴＳグループ,スタンダード（内国株式）,建設業,640,643,630,634,-9,-1.399689,4900,OK
2024-10-31,2540,養命酒製造,プライム（内国株式）,食料品,2505,2510,2445,2454,-25,-1.008471,25600,OK
2024-10-31,254A,ＡＩフュージョンキャピタルグループ,スタンダード（内国株式）,証券･商品先物取引業,1085,1095,1031,1038,-17,-1.611374,59700,OK
2024-10-31,255A,ジーエルテクノホールディングス,スタンダード（内国株式）,精密機器,2750,2750,2706,2736,-9,-0.327869,14200,OK
2024-10-31,256A,飛島ホールディングス,プライム（内国株式）,建設業,1523,1534,1523,1524,-1,-0.065574,43300,OK
2024-10-31,2573,北海道コカ・コーラボトリング,スタンダード（内国株式）,食料品,2830,2834,2811,2830,6,0.212465,11400,OK
2024-10-31,2579,コカ・コーラ　ボトラーズジャパンホールディングス,プライム（内国株式）,食料品,1953,1960,1942.5,1958,2.5,0.127845,396300,OK
2024-10-31,2585,ライフドリンク　カンパニー,プライム（内国株式）,食料品,1835,1839,1762,1773,-71,-3.850325,401900,OK
2024-10-31,2586,フルッタフルッタ,グロース（内国株式）,食料品,208,269,205,244,33,15.63981,97184400,OK
2024-10-31,2587,サントリー食品インターナショナル,プライム（内国株式）,食料品,5191,5191,5100,5165,-33,-0.63486,590600,OK
2024-10-31,2588,プレミアムウォーターホールディングス,スタンダード（内国株式）,食料品,2915,2941,2880,2910,-12,-0.410678,6600,OK
2024-10-31,2590,ダイドーグループホールディングス,プライム（内国株式）,食料品,3040,3070,3035,3060,35,1.157025,41300,OK
2024-10-31,2593,伊藤園,プライム（内国株式）,食料品,3312,3357,3298,3348,28,0.843373,277100,OK
2024-10-31,25935,伊藤園（優先株式）,プライム（内国株式）,食料品,1814,1828,1814,1828,14,0.771775,17600,OK
2024-10-31,2594,キーコーヒー,プライム（内国株式）,食料品,2015,2019,2009,2019,4,0.198511,26200,OK
2024-10-31,2597,ユニカフェ,スタンダード（内国株式）,食料品,931,935,925,935,15,1.630435,8600,OK
2024-10-31,2602,日清オイリオグループ,プライム（内国株式）,食料品,5210,5220,5170,5200,10,0.192678,51200,OK
2024-10-31,2607,不二製油グループ本社,プライム（内国株式）,食料品,3300,3311,3256,3295,30,0.918836,305200,OK
2024-10-31,260A,オルツ,グロース（内国株式）,情報･通信業,605,647,598,623,15,2.467105,3094600,OK
2024-10-31,2612,かどや製油,スタンダード（内国株式）,食料品,3560,3575,3555,3570,15,0.421941,3400,OK
2024-10-31,2613,Ｊ−オイルミルズ,プライム（内国株式）,食料品,2074,2080,2051,2066,4,0.193986,40500,OK
2024-10-31,261A,日水コン,スタンダード（内国株式）,サービス業,1391,1398,1366,1398,8,0.57554,47300,OK
2024-10-31,262A,インターメスティック,プライム（内国株式）,小売業,2033,2076,1993,2042,14,0.690335,352400,OK
2024-10-31,263A,デジタルキューブ,TOKYO PRO MARKET（内国株式）,情報･通信業,,,,,,,,NO_QUOTE
2024-10-31,264A,Ｓｃｈｏｏ,グロース（内国株式）,サービス業,737,748,716,726,-12,-1.626016,602200,OK
2024-10-31,2652,まんだらけ,スタンダード（内国株式）,小売業,385,390,381,385,-4,-1.028278,110900,OK
2024-10-31,2653,イオン九州,スタンダード（内国株式）,小売業,2974,2974,2945,2945,-24,-0.808353,3900,OK
2024-10-31,2654,アスモ,スタンダード（内国株式）,小売業,362,362,358,359,-4,-1.101928,16300,OK
2024-10-31,2656,ベクターホールディングス,スタンダード（内国株式）,小売業,75,76,73,75,0,0,38500,OK
2024-10-31,2659,サンエー,プライム（内国株式）,小売業,2871,2886,2851,2865,5,0.174825,168000,OK
2024-10-31,265A,Ｈｍｃｏｍｍ,グロース（内国株式）,情報･通信業,866,928,866,884,20,2.314815,940600,OK
2024-10-31,2664,カワチ薬品,プライム（内国株式）,小売業,2525,2536,2516,2530,5,0.19802,37100,OK
2024-10-31,2666,オートウェーブ,スタンダード（内国株式）,小売業,125,125,124,124,-1,-0.8,5700,OK
2024-10-31,2667,イメージ　ワン,スタンダード（内国株式）,卸売業,186,186,180,184,-4,-2.12766,122200,OK
2024-10-31,2668,タビオ,スタンダード（内国株式）,卸売業,1246,1247,1240,1247,1,0.080257,400,OK
2024-10-31,2669,カネ美食品,スタンダード（内国株式）,小売業,3170,3175,3160,3175,0,0,1900,OK
2024-10-31,266A,グローカルマーケティング,TOKYO PRO MARKET（内国株式）,サービス業,,,,,,,,NO_QUOTE
2024-10-31,2670,エービーシー・マート,プライム（内国株式）,小売業,3000,3027,2982,2996,1.5,0.050092,499200,OK
2024-10-31,2673,夢みつけ隊,スタンダード（内国株式）,小売業,95,95,94,94,-2,-2.083333,11500,OK
2024-10-31,2674,ハードオフコーポレーション,プライム（内国株式）,小売業,1894,1937,1876,1930,36,1.900739,29500,OK
2024-10-31,2676,高千穂交易,プライム（内国株式）,卸売業,4130,4140,4080,4135,45,1.100244,14000,OK
2024-10-31,2678,アスクル,プライム（内国株式）,小売業,1918,1937,1913,1928,9,0.468994,290100,OK
2024-10-31,267A,トワライズ,TOKYO PRO MARKET（内国株式）,その他金融業,,,,,,,,NO_QUOTE
2024-10-31,2681,ゲオホールディングス,プライム（内国株式）,小売業,1533,1545,1529,1539,6,0.391389,147900,OK
2024-10-31,2683,魚喜,スタンダード（内国株式）,小売業,1047,1047,1042,1046,2,0.191571,1600,OK
2024-10-31,2685,アダストリア,プライム（内国株式）,小売業,3560,3590,3530,3535,-20,-0.562588,199500,OK
2024-10-31,2686,ジーフット,スタンダード（内国株式）,小売業,278,282,278,282,4,1.438849,26800,OK
2024-10-31,2687,シー・ヴイ・エス・ベイエリア,スタンダード（内国株式）,小売業,537,543,534,542,6,1.119403,6200,OK
2024-10-31,2689,オルバヘルスケアホールディングス,スタンダード（内国株式）,卸売業,1928,1950,1907,1950,39,2.040816,13400,OK
2024-10-31,268A,リガク・ホールディングス,プライム（内国株式）,精密機器,1259,1265,1222,1259,7,0.559105,2733400,OK
2024-10-31,2692,伊藤忠食品,プライム（内国株式）,卸売業,7000,7010,6680,6890,-110,-1.571429,34600,OK
2024-10-31,2693,ＹＫＴ,スタンダード（内国株式）,卸売業,228,229,213,222,2,0.909091,94800,OK
2024-10-31,2694,焼肉坂井ホールディングス,スタンダード（内国株式）,小売業,71,71,70,70,0,0,467500,OK
2024-10-31,2695,くら寿司,プライム（内国株式）,小売業,4030,4050,3965,4025,-20,-0.494438,158900,OK
2024-10-31,2698,キャンドゥ,スタンダード（内国株式）,小売業,3170,3225,3170,3195,15,0.471698,7800,OK
2024-10-31,269A,Ｓａｐｅｅｔ,グロース（内国株式）,情報･通信業,3215,3710,3160,3710,700,23.255814,605700,OK
2024-10-31,2700,木徳神糧,スタンダード（内国株式）,卸売業,5450,5470,5430,5430,-40,-0.731261,900,OK
2024-10-31,2702,日本マクドナルドホールディングス,スタンダード（内国株式）,小売業,6520,6520,6450,6460,-30,-0.46225,257400,OK
2024-10-31,2705,大戸屋ホールディングス,スタンダード（内国株式）,小売業,5030,5050,5010,5020,-30,-0.594059,3400,OK
2024-10-31,2708,久世,スタンダード（内国株式）,卸売業,1800,1835,1790,1835,36,2.001112,6800,OK
2024-10-31,2715,エレマテック,プライム（内国株式）,卸売業,2394,2396,2394,2395,290,13.776722,1862700,OK
2024-10-31,271A,アクセリア,TOKYO PRO MARKET（内国株式）,情報･通信業,1500,1500,1500,1500,,,100,OK
2024-10-31,2721,ジェイホールディングス,スタンダード（内国株式）,卸売業,155,181,155,178,27,17.880795,1397100,OK
2024-10-31,2722,ＩＫホールディングス,スタンダード（内国株式）,小売業,347,350,346,350,3,0.864553,13100,OK
2024-10-31,2726,パルグループホールディングス,プライム（内国株式）,小売業,3090,3120,3035,3060,-5,-0.163132,351500,OK
2024-10-31,2730,エディオン,プライム（内国株式）,小売業,1758,1767,1749,1765,18,1.030338,392600,OK
2024-10-31,2733,あらた,プライム（内国株式）,卸売業,3440,3475,3425,3445,35,1.026393,42600,OK
2024-10-31,2734,サーラコーポレーション,プライム（内国株式）,小売業,853,858,845,847,5,0.593824,104600,OK
2024-10-31,2735,ワッツ,スタンダード（内国株式）,小売業,712,723,707,722,14,1.977401,60900,OK
2024-10-31,2736,フェスタリアホールディングス,スタンダード（内国株式）,小売業,1408,1408,1408,1408,0,0,100,OK
2024-10-31,2737,トーメンデバイス,プライム（内国株式）,卸売業,6330,6330,6160,6260,-10,-0.15949,57000,OK
2024-10-31,2742,ハローズ,プライム（内国株式）,小売業,4225,4285,4225,4275,50,1.183432,25600,OK
2024-10-31,2743,ピクセルカンパニーズ,スタンダード（内国株式）,卸売業,87,94,86,90,0,0,1239300,OK
2024-10-31,2747,北雄ラッキー,スタンダード（内国株式）,小売業,,,,,,,,NO_QUOTE
2024-10-31,2749,ＪＰホールディングス,プライム（内国株式）,サービス業,708,732,708,725,14,1.969058,215700,OK
2024-10-31,2750,石光商事,スタンダード（内国株式）,卸売業,790,790,783,789,4,0.509554,2200,OK
2024-10-31,2751,テンポスホールディングス,スタンダード（内国株式）,卸売業,3215,3225,3200,3225,15,0.46729,8200,OK
2024-10-31,2752,フジオフードグループ本社,プライム（内国株式）,小売業,1395,1399,1384,1390,0,0,76600,OK
2024-10-31,2753,あみやき亭,プライム（内国株式）,小売業,1672,1679,1653,1671,12,0.723327,33600,OK
2024-10-31,2754,東葛ホールディングス,スタンダード（内国株式）,小売業,,,,,,,,NO_QUOTE
2024-10-31,2760,東京エレクトロン　デバイス,プライム（内国株式）,卸売業,3430,3465,3390,3455,15,0.436047,106200,OK
2024-10-31,2762,ＳＡＮＫＯ　ＭＡＲＫＥＴＩＮＧ　ＦＯＯＤＳ,スタンダード（内国株式）,小売業,123,123,122,123,0,0,36600,OK
2024-10-31,2763,エフティグループ,スタンダード（内国株式）,卸売業,1087,1095,1077,1094,7,0.643974,13800,OK
2024-10-31,2764,ひらまつ,スタンダード（内国株式）,小売業,178,180,177,180,2,1.123596,72200,OK
2024-10-31,2767,円谷フィールズホールディングス,プライム（内国株式）,卸売業,2077,2085,2012,2065,-3,-0.145068,705600,OK
2024-10-31,2768,双日,プライム（内国株式）,卸売業,3195,3216,3133,3157,-45,-1.405372,3185200,OK
2024-10-31,2769,ヴィレッジヴァンガードコーポレーション,スタンダード（内国株式）,小売業,1090,1091,1086,1090,-1,-0.091659,12000,OK
2024-10-31,2776,新都ホールディングス,スタンダード（内国株式）,卸売業,160,160,138,146,-31,-17.514124,3774400,OK
2024-10-31,2778,パレモ・ホールディングス,スタンダード（内国株式）,小売業,130,131,128,131,1,0.769231,51800,OK
2024-10-31,2780,コメ兵ホールディングス,スタンダード（内国株式）,小売業,3850,3875,3810,3830,10,0.26178,37200,OK
2024-10-31,2782,セリア,スタンダード（内国株式）,小売業,3155,3210,3140,3165,-10,-0.314961,184500,OK
2024-10-31,2784,アルフレッサ　ホールディングス,プライム（内国株式）,卸売業,2209.5,2222,2183,2211.5,0.5,0.022614,540400,OK
2024-10-31,2788,アップルインターナショナル,スタンダード（内国株式）,卸売業,407,408,402,407,0,0,25300,OK
2024-10-31,2789,カルラ,スタンダード（内国株式）,小売業,459,463,457,463,8,1.758242,7000,OK
2024-10-31,2790,ナフコ,スタンダード（内国株式）,小売業,2070,2095,2055,2065,-10,-0.481928,13700,OK
2024-10-31,2791,大黒天物産,プライム（内国株式）,小売業,10350,10580,10230,10550,290,2.826511,42800,OK
2024-10-31,2792,ハニーズホールディングス,プライム（内国株式）,小売業,1687,1699,1685,1688,1,0.059277,46800,OK
2024-10-31,2795,日本プリメックス,スタンダード（内国株式）,卸売業,,,,,,,,NO_QUOTE
2024-10-31,2796,ファーマライズホールディングス,スタンダード（内国株式）,小売業,625,625,596,603,-14,-2.269044,29300,OK
2024-10-31,2798,ワイズテーブルコーポレーション,スタンダード（内国株式）,小売業,2908,2908,2891,2891,1,0.034602,1100,OK
2024-10-31,2801,キッコーマン,プライム（内国株式）,食料品,1809,1815,1786,1812.5,-3,-0.165244,2252500,OK
2024-10-31,2802,味の素,プライム（内国株式）,食料品,5866,5918,5850,5904,-9,-0.152207,1021500,OK
2024-10-31,2804,ブルドックソース,プライム（内国株式）,食料品,1757,1791,1757,1786,32,1.824401,16300,OK
2024-10-31,2805,ヱスビー食品,スタンダード（内国株式）,食料品,4805,4900,4795,4900,70,1.449275,7500,OK
2024-10-31,2806,ユタカフーズ,スタンダード（内国株式）,食料品,2097,2124,2097,2124,-5,-0.234852,200,OK
2024-10-31,2809,キユーピー,プライム（内国株式）,食料品,3510,3624,3507,3610,96,2.731929,514200,OK
2024-10-31,2810,ハウス食品グループ本社,プライム（内国株式）,食料品,2986,2989.5,2955,2974,-4,-0.134318,137600,OK
2024-10-31,2811,カゴメ,プライム（内国株式）,食料品,3065,3117,3027,3033,-170,-5.307524,1959500,OK
2024-10-31,2813,和弘食品,スタンダード（内国株式）,食料品,4930,5000,4905,5000,75,1.522843,3900,OK
2024-10-31,2814,佐藤食品工業,スタンダード（内国株式）,食料品,2041,2041,2041,2041,-1,-0.048972,300,OK
2024-10-31,2815,アリアケジャパン,プライム（内国株式）,食料品,5320,5370,5290,5360,10,0.186916,42000,OK
2024-10-31,2816,ダイショー,スタンダード（内国株式）,食料品,1411,1417,1411,1417,3,0.212164,2800,OK
2024-10-31,2818,ピエトロ,スタンダード（内国株式）,食料品,1740,1758,1740,1758,20,1.150748,7800,OK
2024-10-31,2819,エバラ食品工業,スタンダード（内国株式）,食料品,2978,2978,2904,2906,-67,-2.253616,8300,OK
2024-10-31,2820,やまみ,スタンダード（内国株式）,食料品,3790,3820,3715,3715,-75,-1.978892,30500,OK
2024-10-31,2830,アヲハタ,スタンダード（内国株式）,食料品,2669,2704,2669,2703,43,1.616541,12100,OK
2024-10-31,2831,はごろもフーズ,スタンダード（内国株式）,食料品,3285,3290,3230,3290,-5,-0.151745,1200,OK
2024-10-31,2871,ニチレイ,プライム（内国株式）,食料品,4202,4288,4185,4258,86,2.061361,922100,OK
2024-10-31,2872,セイヒョー,スタンダード（内国株式）,食料品,1888,1888,1860,1888,8,0.425532,1900,OK
2024-10-31,2874,横浜冷凍,プライム（内国株式）,卸売業,923,932,920,927,4,0.433369,134800,OK
2024-10-31,2875,東洋水産,プライム（内国株式）,食料品,8925,9081,8901,9032,-43,-0.473829,419800,OK
2024-10-31,2876,デルソーレ,スタンダード（内国株式）,食料品,427,431,427,430,4,0.938967,900,OK
2024-10-31,2877,日東ベスト,スタンダード（内国株式）,食料品,,,,,,,,NO_QUOTE
2024-10-31,2882,イートアンドホールディングス,プライム（内国株式）,食料品,2203,2203,2168,2168,-18,-0.823422,24500,OK
2024-10-31,2883,大冷,スタンダード（内国株式）,食料品,1892,1902,1891,1902,12,0.634921,4800,OK
2024-10-31,2884,ヨシムラ・フード・ホールディングス,プライム（内国株式）,食料品,1385,1393,1366,1390,5,0.361011,131000,OK
2024-10-31,2892,日本食品化工,スタンダード（内国株式）,食料品,2885,2920,2820,2822,-28,-0.982456,24200,OK
2024-10-31,2894,石井食品,スタンダード（内国株式）,食料品,301,301,300,300,0,0,3100,OK
2024-10-31,2897,日清食品ホールディングス,プライム（内国株式）,食料品,4140,4149,4094,4120,-64,-1.529637,823000,OK
2024-10-31,2901,ウェルディッシュ,スタンダード（内国株式）,食料品,717,767,713,755,53,7.549858,259400,OK
2024-10-31,2903,シノブフーズ,スタンダード（内国株式）,食料品,940,940,928,928,-5,-0.535906,3000,OK
2024-10-31,2904,一正蒲鉾,スタンダード（内国株式）,食料品,726,732,722,732,13,1.808067,7700,OK
2024-10-31,2907,あじかん,スタンダード（内国株式）,食料品,1120,1124,1114,1122,-1,-0.089047,2200,OK
2024-10-31,2908,フジッコ,プライム（内国株式）,食料品,1710,1722,1707,1718,14,0.821596,42000,OK
2024-10-31,2910,ロック・フィールド,プライム（内国株式）,食料品,1450,1462,1435,1460,23,1.600557,125900,OK
2024-10-31,2911,旭松食品,スタンダード（内国株式）,食料品,2298,2299,2298,2299,13,0.568679,400,OK
2024-10-31,2914,日本たばこ産業,プライム（内国株式）,食料品,4265,4293,4253,4281,21,0.492958,5008500,OK
2024-10-31,2915,ケンコーマヨネーズ,プライム（内国株式）,食料品,2167,2208,2163,2192,25,1.153669,27000,OK
2024-10-31,2916,仙波糖化工業,スタンダード（内国株式）,食料品,746,746,745,745,-1,-0.134048,1100,OK
2024-10-31,2917,大森屋,スタンダード（内国株式）,食料品,910,911,903,911,1,0.10989,2300,OK
2024-10-31,2918,わらべや日洋ホールディングス,プライム（内国株式）,食料品,2029,2066,2023,2066,41,2.024691,142200,OK
2024-10-31,2922,なとり,プライム（内国株式）,食料品,2105,2132,2105,2125,9,0.425331,6700,OK
2024-10-31,2923,サトウ食品,スタンダード（内国株式）,食料品,7760,7770,7700,7700,-90,-1.155327,2400,OK
2024-10-31,2924,イフジ産業,スタンダード（内国株式）,食料品,1382,1417,1382,1417,45,3.279883,9500,OK
2024-10-31,2926,篠崎屋,スタンダード（内国株式）,食料品,82,82,81,81,-1,-1.219512,96500,OK
2024-10-31,2927,ＡＦＣ−ＨＤアムスライフサイエンス,スタンダード（内国株式）,食料品,832,835,830,835,3,0.360577,7600,OK
2024-10-31,2929,ファーマフーズ,プライム（内国株式）,食料品,937,965,934,965,29,3.098291,254000,OK
2024-10-31,2930,北の達人コーポレーション,プライム（内国株式）,化学,156,159,156,159,4,2.580645,549500,OK
2024-10-31,2931,ユーグレナ,プライム（内国株式）,食料品,412,419,412,418,4,0.966184,551300,OK
2024-10-31,2932,ＳＴＩフードホールディングス,スタンダード（内国株式）,食料品,5680,5790,5680,5720,20,0.350877,4600,OK
2024-10-31,2933,紀文食品,プライム（内国株式）,食料品,1095,1110,1095,1104,8,0.729927,25300,OK
2024-10-31,2934,ジェイフロンティア,グロース（内国株式）,食料品,1608,1627,1607,1627,18,1.118707,8000,OK
2024-10-31,2935,ピックルスホールディングス,プライム（内国株式）,食料品,1065,1069,1058,1067,21,2.007648,8900,OK
2024-10-31,2936,ベースフード,グロース（内国株式）,食料品,529,550,465,477,-52,-9.829868,6267200,OK
2024-10-31,2937,サンクゼール,グロース（内国株式）,食料品,2032,2050,2030,2030,-2,-0.098425,6500,OK
2024-10-31,2938,オカムラ食品工業,スタンダード（内国株式）,食料品,4320,4415,4240,4400,10,0.22779,8000,OK
2024-10-31,2961,日本調理機,スタンダード（内国株式）,金属製品,3445,3445,3445,3445,-5,-0.144928,200,OK
2024-10-31,2962,テクニスコ,スタンダード（内国株式）,金属製品,427,427,411,413,-14,-3.278689,78000,OK
2024-10-31,2970,グッドライフカンパニー,スタンダード（内国株式）,不動産業,2000,2015,1955,2015,14,0.69965,1700,OK
2024-10-31,2975,スター・マイカ・ホールディングス,プライム（内国株式）,不動産業,650,653,643,645,-6,-0.921659,74000,OK
2024-10-31,2977,Ｌｉｖｅｎｕｐ　Ｇｒｏｕｐ,TOKYO PRO MARKET（内国株式）,不動産業,,,,,,,,NO_QUOTE
2024-10-31,2978,ツクルバ,グロース（内国株式）,不動産業,874,876,874,876,14,1.62413,300,OK
2024-10-31,2980,ＳＲＥホールディングス,プライム（内国株式）,不動産業,3890,3945,3850,3900,10,0.257069,109300,OK
2024-10-31,2981,ランディックス,グロース（内国株式）,不動産業,2243,2243,2193,2200,-37,-1.654001,1800,OK
2024-10-31,2982,ＡＤワークスグループ,プライム（内国株式）,不動産業,199,201,197,199,2,1.015228,246700,OK
2024-10-31,2983,アールプランナー,グロース（内国株式）,不動産業,1151,1167,1137,1164,13,1.129453,6200,OK
2024-10-31,2984,ヤマイチ・ユニハイムエステート,スタンダード（内国株式）,不動産業,777,780,776,776,-1,-0.1287,6600,OK
2024-10-31,2985,ファーストステージ,TOKYO PRO MARKET（内国株式）,不動産業,,,,,,,,NO_QUOTE
2024-10-31,2986,ＬＡホールディングス,グロース（内国株式）,不動産業,4590,4630,4580,4600,20,0.436681,35200,OK
2024-10-31,2990,アイダ設計,TOKYO PRO MARKET（内国株式）,不動産業,,,,,,,,NO_QUOTE
2024-10-31,2991,ランドネット,スタンダード（内国株式）,不動産業,924,927,905,910,-8,-0.87146,12100,OK
2024-10-31,2992,アーバンライク,TOKYO PRO MARKET（内国株式）,不動産業,,,,,,,,NO_QUOTE
2024-10-31,2993,長栄,スタンダード（内国株式）,不動産業,2000,2000,2000,2000,-9,-0.447984,100,OK
2024-10-31,2994,アンサーホールディングス,TOKYO PRO MARKET（内国株式）,不動産業,,,,,,,,NO_QUOTE
2024-10-31,2995,ジェイレックス・コーポレーション,TOKYO PRO MARKET（内国株式）,不動産業,,,,,,,,NO_QUOTE
2024-10-31,2997,ストレージ王,グロース（内国株式）,不動産業,966,966,952,955,3,0.315126,3700,OK
2024-10-31,2998,クリアル,グロース（内国株式）,不動産業,3475,3475,3365,3425,-20,-0.580552,3800,OK
2024-10-31,2999,ホームポジション,スタンダード（内国株式）,不動産業,386,388,383,386,-3,-0.771208,6000,OK
2024-10-31,3001,片倉工業,スタンダード（内国株式）,繊維製品,2000,2020,1971,2000,1,0.050025,63200,OK
2024-10-31,3002,グンゼ,プライム（内国株式）,繊維製品,5320,5410,5300,5380,60,1.12782,35800,OK
2024-10-31,3003,ヒューリック,プライム（内国株式）,不動産業,1417,1422.5,1405.5,1421,7.5,0.530598,2072800,OK
2024-10-31,3004,神栄,スタンダード（内国株式）,卸売業,1619,1635,1555,1571,-29,-1.8125,18300,OK
2024-10-31,3010,ポラリス・ホールディングス,スタンダード（内国株式）,サービス業,170,170,167,170,2,1.190476,85900,OK
2024-10-31,3011,バナーズ,スタンダード（内国株式）,小売業,126,127,126,127,0,0,2600,OK
2024-10-31,3020,アプライド,スタンダード（内国株式）,小売業,2668,2668,2660,2660,13,0.491122,200,OK
2024-10-31,3021,パシフィックネット,スタンダード（内国株式）,サービス業,1248,1265,1238,1247,1,0.080257,6000,OK
2024-10-31,3023,ラサ商事,スタンダード（内国株式）,卸売業,1402,1413,1400,1412,8,0.569801,29500,OK
2024-10-31,3024,クリエイト,スタンダード（内国株式）,卸売業,1058,1063,1058,1062,1,0.094251,600,OK
2024-10-31,3028,アルペン,プライム（内国株式）,小売業,2058,2058,2044,2047,1,0.048876,56600,OK
2024-10-31,3030,ハブ,スタンダード（内国株式）,小売業,734,748,732,748,14,1.907357,18600,OK
2024-10-31,3031,ラクーンホールディングス,プライム（内国株式）,情報･通信業,740,756,737,755,23,3.142077,120800,OK
2024-10-31,3034,クオールホールディングス,プライム（内国株式）,小売業,1406,1435,1398,1426,13,0.920028,97300,OK
2024-10-31,3035,ケイティケイ,スタンダード（内国株式）,卸売業,566,569,555,566,-7,-1.22164,4200,OK
2024-10-31,3036,アルコニックス,プライム（内国株式）,卸売業,1370,1385,1370,1376,0,0,75500,OK
2024-10-31,3038,神戸物産,プライム（内国株式）,卸売業,3700,3760,3692,3720,-9,-0.241352,2637200,OK
2024-10-31,3039,碧,TOKYO PRO MARKET（内国株式）,小売業,,,,,,,,NO_QUOTE
2024-10-31,3040,ソリトンシステムズ,プライム（内国株式）,情報･通信業,1265,1298,1259,1282,17,1.343874,17100,OK
2024-10-31,3041,ビューティカダンホールディングス,スタンダード（内国株式）,卸売業,602,602,473,495,-7,-1.394422,1180300,OK
2024-10-31,3042,セキュアヴェイル,グロース（内国株式）,情報･通信業,288,293,282,292,4,1.388889,115400,OK
2024-10-31,3045,カワサキ,スタンダード（内国株式）,卸売業,1362,1362,1361,1361,-4,-0.29304,1000,OK
2024-10-31,3046,ジンズホールディングス,プライム（内国株式）,小売業,6150,6320,6100,6230,100,1.631321,235200,OK
2024-10-31,3048,ビックカメラ,プライム（内国株式）,小売業,1695,1714.5,1687.5,1707.5,13.5,0.79693,698100,OK
2024-10-31,3050,ＤＣＭホールディングス,プライム（内国株式）,小売業,1440,1440,1423,1433,4,0.279916,209200,OK
2024-10-31,3053,ペッパーフードサービス,スタンダード（内国株式）,小売業,200,208,200,204,6,3.030303,1274600,OK
2024-10-31,3054,ハイパー,スタンダード（内国株式）,卸売業,306,310,306,308,2,0.653595,7400,OK
2024-10-31,3058,三洋堂ホールディングス,スタンダード（内国株式）,小売業,703,703,703,703,-1,-0.142045,200,OK
2024-10-31,3059,ヒラキ,スタンダード（内国株式）,小売業,909,909,901,902,1,0.110988,3100,OK
2024-10-31,3063,ジェイグループホールディングス,グロース（内国株式）,小売業,680,682,678,682,2,0.294118,5500,OK
2024-10-31,3064,ＭｏｎｏｔａＲＯ,プライム（内国株式）,小売業,2352.5,2355,2295,2317.5,7,0.302965,2498900,OK
2024-10-31,3065,ライフフーズ,スタンダード（内国株式）,小売業,1669,1670,1656,1656,-13,-0.77891,1600,OK
2024-10-31,3067,東京一番フーズ,スタンダード（内国株式）,小売業,492,496,490,494,4,0.816327,9900,OK
2024-10-31,3068,ＷＤＩ,スタンダード（内国株式）,小売業,3115,3115,3095,3095,-15,-0.482315,1600,OK
2024-10-31,3069,ＪＦＬＡホールディングス,スタンダード（内国株式）,食料品,176,176,173,175,1,0.574713,93100,OK
2024-10-31,3070,ジェリービーンズグループ,グロース（内国株式）,卸売業,117,119,112,114,-7,-5.785124,1074300,OK
2024-10-31,3071,ストリーム,スタンダード（内国株式）,小売業,99,99,98,99,0,0,23700,OK
2024-10-31,3073,ＤＤグループ,プライム（内国株式）,小売業,1412,1412,1365,1379,-39,-2.750353,92100,OK
2024-10-31,3075,銚子丸,スタンダード（内国株式）,小売業,1631,1636,1622,1625,6,0.370599,16800,OK
2024-10-31,3076,あい　ホールディングス,プライム（内国株式）,卸売業,2341,2361,2328,2345,19,0.816853,116000,OK
2024-10-31,3077,ホリイフードサービス,スタンダード（内国株式）,小売業,311,311,310,310,-1,-0.321543,800,OK
2024-10-31,3079,ディーブイエックス,スタンダード（内国株式）,卸売業,887,893,877,893,13,1.477273,23800,OK
2024-10-31,3080,ジェーソン,スタンダード（内国株式）,小売業,664,670,660,668,6,0.906344,5500,OK
2024-10-31,3082,きちりホールディングス,スタンダード（内国株式）,小売業,880,889,871,878,4,0.457666,27900,OK
2024-10-31,3083,シーズメン,スタンダード（内国株式）,小売業,796,830,796,814,17,2.132999,49900,OK
2024-10-31,3086,Ｊ．フロント　リテイリング,プライム（内国株式）,小売業,1628,1651.5,1625,1645.5,11.5,0.703794,1252400,OK
2024-10-31,3087,ドトール・日レスホールディングス,プライム（内国株式）,小売業,2245,2252,2226,2239,4,0.178971,88400,OK
2024-10-31,3088,マツキヨココカラ＆カンパニー,プライム（内国株式）,小売業,2073.5,2105,2057.5,2090,32.5,1.579587,1505500,OK
2024-10-31,3089,テクノアルファ,スタンダード（内国株式）,卸売業,1010,1020,1010,1012,2,0.19802,6700,OK
2024-10-31,3091,ブロンコビリー,プライム（内国株式）,小売業,3720,3775,3705,3745,25,0.672043,44800,OK
2024-10-31,3092,ＺＯＺＯ,プライム（内国株式）,小売業,4942,5011,4912,4971,88,1.802171,2023000,OK
2024-10-31,3093,トレジャー・ファクトリー,プライム（内国株式）,小売業,1346,1365,1345,1350,-6,-0.442478,156600,OK
2024-10-31,3094,スーパーバリュー,スタンダード（内国株式）,小売業,949,952,940,945,-4,-0.421496,1200,OK
2024-10-31,3096,オーシャンシステム,スタンダード（内国株式）,小売業,1073,1073,1062,1062,-1,-0.094073,2300,OK
2024-10-31,3097,物語コーポレーション,プライム（内国株式）,小売業,3615,3615,3565,3605,0,0,177500,OK
2024-10-31,3099,三越伊勢丹ホールディングス,プライム（内国株式）,小売業,2334,2341,2304.5,2321.5,-20.5,-0.87532,2195800,OK
2024-10-31,3101,東洋紡,プライム（内国株式）,繊維製品,973,979,969,976,6,0.618557,260000,OK
2024-10-31,3103,ユニチカ,プライム（内国株式）,繊維製品,291,297,290,294,3,1.030928,904500,OK
2024-10-31,3104,富士紡ホールディングス,プライム（内国株式）,繊維製品,4800,4905,4580,4710,-20,-0.422833,157000,OK
2024-10-31,3105,日清紡ホールディングス,プライム（内国株式）,電気機器,973,978.8,968.9,974.9,1.5,0.154099,639400,OK
2024-10-31,3106,倉敷紡績,プライム（内国株式）,繊維製品,4655,4770,4655,4725,95,2.051836,50500,OK
2024-10-31,3107,ダイワボウホールディングス,プライム（内国株式）,卸売業,2740,2791.5,2737,2770.5,30.5,1.113139,227800,OK
2024-10-31,3109,シキボウ,プライム（内国株式）,繊維製品,1021,1021,1010,1011,-1,-0.098814,24500,OK
2024-10-31,3110,日東紡績,プライム（内国株式）,ガラス･土石製品,7300,7600,7260,7530,30,0.4,562400,OK
2024-10-31,3111,オーミケンシ,スタンダード（内国株式）,繊維製品,329,329,323,325,-4,-1.215805,3600,OK
2024-10-31,3113,ＵＮＩＶＡ・Ｏａｋホールディングス,スタンダード（内国株式）,証券･商品先物取引業,85,86,82,84,-1,-1.176471,94000,OK
2024-10-31,3116,トヨタ紡織,プライム（内国株式）,輸送用機器,1992.5,2065,1960,2053,80,4.054739,3107100,OK
2024-10-31,3121,マーチャント・バンカーズ,スタンダード（内国株式）,サービス業,308,309,301,302,-6,-1.948052,116500,OK
2024-10-31,3123,サイボー,スタンダード（内国株式）,繊維製品,464,464,458,463,-3,-0.643777,3200,OK
2024-10-31,3131,シンデン・ハイテックス,スタンダード（内国株式）,卸売業,2478,2490,2478,2490,10,0.403226,1900,OK
2024-10-31,3132,マクニカホールディングス,プライム（内国株式）,卸売業,1790,1807.5,1758,1777.5,-24,-1.332223,1551300,OK
2024-10-31,3133,海帆,グロース（内国株式）,小売業,690,698,675,685,1,0.146199,304600,OK
2024-10-31,3134,Ｈａｍｅｅ,スタンダード（内国株式）,小売業,1012,1041,1012,1036,26,2.574257,51600,OK
2024-10-31,3135,マーケットエンタープライズ,プライム（内国株式）,小売業,973,988,957,978,2,0.204918,6600,OK
2024-10-31,3137,ファンデリー,グロース（内国株式）,小売業,245,249,241,249,5,2.04918,10300,OK
2024-10-31,3138,富士山マガジンサービス,グロース（内国株式）,小売業,680,680,680,680,9,1.341282,1400,OK
2024-10-31,3139,ラクト・ジャパン,プライム（内国株式）,卸売業,2748,2771,2744,2759,16,0.583303,97700,OK
2024-10-31,3140,ＢＲＵＮＯ,グロース（内国株式）,卸売業,989,992,988,990,1,0.101112,5800,OK
2024-10-31,3141,ウエルシアホールディングス,プライム（内国株式）,小売業,1933,1934.5,1905,1905,-20,-1.038961,784300,OK
2024-10-31,3143,オーウイル,スタンダード（内国株式）,卸売業,1773,1813,1736,1813,23,1.284916,6100,OK
2024-10-31,3148,クリエイトＳＤホールディングス,プライム（内国株式）,小売業,3020,3020,3000,3005,-15,-0.496689,60700,OK
2024-10-31,3150,グリムス,プライム（内国株式）,電気･ガス業,2593,2629,2573,2623,20,0.768344,18700,OK
2024-10-31,3151,バイタルケーエスケー・ホールディングス,プライム（内国株式）,卸売業,1274,1286,1259,1283,2,0.156128,76800,OK
2024-10-31,3153,八洲電機,プライム（内国株式）,卸売業,1741,1753,1711,1732,8,0.464037,20300,OK
2024-10-31,3154,メディアスホールディングス,プライム（内国株式）,卸売業,820,848,820,846,26,3.170732,13500,OK
2024-10-31,3156,レスター,プライム（内国株式）,卸売業,2637,2662,2631,2651,-1,-0.037707,29900,OK
2024-10-31,3157,ジオリーブグループ,スタンダード（内国株式）,卸売業,1037,1052,1022,1050,18,1.744186,21900,OK
2024-10-31,3159,丸善ＣＨＩホールディングス,スタンダード（内国株式）,小売業,317,317,313,316,3,0.958466,34200,OK
2024-10-31,3160,大光,スタンダード（内国株式）,卸売業,618,626,617,622,10,1.633987,24100,OK
2024-10-31,3161,アゼアス,スタンダード（内国株式）,卸売業,634,645,634,640,8,1.265823,8400,OK
2024-10-31,3166,ＯＣＨＩホールディングス,スタンダード（内国株式）,卸売業,1280,1296,1280,1295,19,1.489028,13700,OK
2024-10-31,3167,ＴＯＫＡＩホールディングス,プライム（内国株式）,卸売業,933,940,931,936,4,0.429185,141900,OK
2024-10-31,3168,黒谷,スタンダード（内国株式）,卸売業,542,550,538,548,8,1.481481,23300,OK
2024-10-31,3169,ミサワ,スタンダード（内国株式）,小売業,650,650,638,643,2,0.312012,7600,OK
2024-10-31,3172,ティーライフ,スタンダード（内国株式）,小売業,1151,1170,1142,1170,25,2.183406,8700,OK
2024-10-31,3173,Ｃｏｍｉｎｉｘ,スタンダード（内国株式）,卸売業,821,832,810,831,10,1.218027,17900,OK
2024-10-31,3174,ハピネス・アンド・ディ,スタンダード（内国株式）,小売業,785,787,783,783,-6,-0.760456,1300,OK
2024-10-31,3175,エー・ピーホールディングス,スタンダード（内国株式）,小売業,911,917,910,915,5,0.549451,7200,OK
2024-10-31,3176,三洋貿易,プライム（内国株式）,卸売業,1486,1491,1466,1476,19,1.304049,39500,OK
2024-10-31,3177,ありがとうサービス,スタンダード（内国株式）,小売業,3320,3320,3265,3315,0,0,1700,OK
2024-10-31,3178,チムニー,スタンダード（内国株式）,小売業,1243,1257,1236,1249,6,0.482703,11300,OK
2024-10-31,3179,シュッピン,プライム（内国株式）,小売業,1066,1075,1060,1064,4,0.377358,100200,OK
2024-10-31,3180,ビューティガレージ,プライム（内国株式）,卸売業,1439,1476,1429,1467,16,1.102688,46200,OK
2024-10-31,3181,買取王国,スタンダード（内国株式）,小売業,660,661,659,661,0,0,500,OK
2024-10-31,3182,オイシックス・ラ・大地,プライム（内国株式）,小売業,1301,1301,1257,1267,-33,-2.538462,237500,OK
2024-10-31,3183,ウイン・パートナーズ,プライム（内国株式）,卸売業,1246,1249,1235,1235,-12,-0.96231,13000,OK
2024-10-31,3184,ＩＣＤＡホールディングス,スタンダード（内国株式）,小売業,2965,2996,2951,2951,5,0.169722,400,OK
2024-10-31,3185,夢展望,グロース（内国株式）,小売業,177,183,161,164,-17,-9.392265,2824200,OK
2024-10-31,3186,ネクステージ,プライム（内国株式）,小売業,1460,1482,1452,1480,32,2.209945,583100,OK
2024-10-31,3187,ミラタップ,グロース（内国株式）,小売業,371,375,366,375,4,1.078167,18700,OK
2024-10-31,3189,ＡＮＡＰ,スタンダード（内国株式）,小売業,326,375,313,335,25,8.064516,242300,OK
2024-10-31,3190,ホットマン,スタンダード（内国株式）,小売業,597,607,573,600,9,1.522843,15700,OK
2024-10-31,3191,ジョイフル本田,プライム（内国株式）,小売業,2061,2077,2059,2065,12,0.58451,80600,OK
2024-10-31,3192,白鳩,スタンダード（内国株式）,小売業,253,259,250,256,1,0.392157,8100,OK
2024-10-31,3193,エターナルホスピタリティグループ,プライム（内国株式）,小売業,3570,3610,3535,3560,-25,-0.69735,144500,OK
2024-10-31,3195,ジェネレーションパス,グロース（内国株式）,小売業,244,246,242,244,2,0.826446,2800,OK
2024-10-31,3196,ホットランド,プライム（内国株式）,小売業,2321,2350,2321,2335,8,0.34379,63200,OK
2024-10-31,3197,すかいらーくホールディングス,プライム（内国株式）,小売業,2362,2378.5,2343.5,2366.5,1.5,0.063425,1140300,OK
2024-10-31,3198,ＳＦＰホールディングス,プライム（内国株式）,小売業,1974,1974,1945,1951,-10,-0.509944,46400,OK
2024-10-31,3199,綿半ホールディングス,プライム（内国株式）,小売業,1612,1628,1610,1618,6,0.372208,22000,OK
2024-10-31,3201,日本毛織,プライム（内国株式）,繊維製品,1272,1280,1264,1272,12,0.952381,60900,OK
2024-10-31,3202,ダイトウボウ,スタンダード（内国株式）,繊維製品,100,101,100,100,0,0,40600,OK
2024-10-31,3204,トーア紡コーポレーション,スタンダード（内国株式）,繊維製品,384,386,379,386,5,1.312336,28700,OK
2024-10-31,3205,ダイドーリミテッド,スタンダード（内国株式）,繊維製品,858,867,836,845,-11,-1.285047,954400,OK
2024-10-31,3221,ヨシックスホールディングス,プライム（内国株式）,小売業,3300,3330,3280,3285,-60,-1.793722,25300,OK
2024-10-31,3222,ユナイテッド・スーパーマーケット・ホールディングス,スタンダード（内国株式）,小売業,838,838,823,834,3,0.361011,311600,OK
2024-10-31,3223,エスエルディー,スタンダード（内国株式）,小売業,890,894,883,883,-5,-0.563063,1200,OK
2024-10-31,3224,ゼネラル・オイスター,グロース（内国株式）,小売業,720,726,710,726,0,0,6400,OK
2024-10-31,3231,野村不動産ホールディングス,プライム（内国株式）,不動産業,3845,3848,3792,3806,-42,-1.091476,1089500,OK
2024-10-31,3232,三重交通グループホールディングス,プライム（内国株式）,不動産業,510,511,502,507,-5,-0.976562,89700,OK
2024-10-31,3236,プロパスト,スタンダード（内国株式）,不動産業,170,172,170,171,0,0,80400,OK
2024-10-31,3237,イントランス,グロース（内国株式）,不動産業,114,115,112,114,-1,-0.869565,73800,OK
2024-10-31,3238,セントラル総合開発,スタンダード（内国株式）,不動産業,426,433,426,433,8,1.882353,5500,OK
2024-10-31,3241,ウィル,スタンダード（内国株式）,不動産業,458,467,458,460,2,0.436681,400,OK
2024-10-31,3242,アーバネットコーポレーション,スタンダード（内国株式）,不動産業,379,381,379,380,0,0,37200,OK
2024-10-31,3245,ディア・ライフ,プライム（内国株式）,不動産業,839,846,835,845,9,1.076555,130200,OK
2024-10-31,3246,コーセーアールイー,スタンダード（内国株式）,不動産業,690,690,680,686,14,2.083333,8800,OK
2024-10-31,3248,アールエイジ,スタンダード（内国株式）,不動産業,831,832,817,828,-4,-0.480769,25100,OK
2024-10-31,3252,地主,プライム（内国株式）,不動産業,2130,2146,2116,2117,-17,-0.796626,84900,OK
2024-10-31,3254,プレサンスコーポレーション,スタンダード（内国株式）,不動産業,1900,1911,1881,1903,23,1.223404,54300,OK
2024-10-31,3261,グランディーズ,グロース（内国株式）,不動産業,1337,1349,1320,1334,11,0.831444,15400,OK
2024-10-31,3264,アスコット,スタンダード（内国株式）,不動産業,222,226,211,217,-9,-3.982301,357500,OK
2024-10-31,3266,ファンドクリエーショングループ,スタンダード（内国株式）,不動産業,77,77,76,76,0,0,25900,OK
2024-10-31,3267,フィル・カンパニー,スタンダード（内国株式）,建設業,879,883,864,870,-7,-0.798176,20700,OK
2024-10-31,3271,ＴＨＥグローバル社,スタンダード（内国株式）,不動産業,607,613,604,611,4,0.658979,68700,OK
2024-10-31,3275,ハウスコム,スタンダード（内国株式）,不動産業,1320,1348,1308,1348,34,2.587519,203100,OK
2024-10-31,3276,ＪＰＭＣ,プライム（内国株式）,不動産業,1132,1143,1132,1140,8,0.706714,26200,OK
2024-10-31,3277,サンセイランディック,スタンダード（内国株式）,不動産業,934,945,926,937,11,1.187905,18200,OK
2024-10-31,3280,エストラスト,スタンダード（内国株式）,不動産業,675,686,675,686,12,1.780415,4100,OK
2024-10-31,3284,フージャースホールディングス,プライム（内国株式）,不動産業,1009,1022,1008,1017,8,0.792864,47300,OK
2024-10-31,3286,トラストホールディングス,グロース（内国株式）,不動産業,806,806,801,802,-4,-0.496278,2400,OK
2024-10-31,3288,オープンハウスグループ,プライム（内国株式）,不動産業,5659,5688,5596,5663,48,0.854853,226900,OK
2024-10-31,3289,東急不動産ホールディングス,プライム（内国株式）,不動産業,972,976.5,962.5,968.2,-0.2,-0.020653,1729100,OK
2024-10-31,3291,飯田グループホールディングス,プライム（内国株式）,不動産業,2197.5,2229.5,2187.5,2222.5,50,2.301496,586600,OK
2024-10-31,3293,アズマハウス,スタンダード（内国株式）,不動産業,738,738,731,738,2,0.271739,3500,OK
2024-10-31,3294,イーグランド,スタンダード（内国株式）,不動産業,1363,1397,1360,1382,21,1.542983,16000,OK
2024-10-31,3297,東武住販,スタンダード（内国株式）,不動産業,1047,1052,1045,1045,0,0,700,OK
2024-10-31,3299,ムゲンエステート,スタンダード（内国株式）,不動産業,1573,1588,1550,1575,5,0.318471,63800,OK
2024-10-31,3300,アンビション　ＤＸ　ホールディングス,グロース（内国株式）,不動産業,1840,1888,1823,1858,7,0.378174,43800,OK
2024-10-31,3302,帝国繊維,プライム（内国株式）,繊維製品,2744,2814,2744,2792,47,1.712204,28900,OK
2024-10-31,3306,日本製麻,スタンダード（内国株式）,卸売業,604,609,604,609,5,0.827815,800,OK
2024-10-31,3315,日本コークス工業,プライム（内国株式）,石油･石炭製品,96,98,96,96,0,0,1415500,OK
2024-10-31,3317,フライングガーデン,スタンダード（内国株式）,小売業,2640,2640,2602,2606,-32,-1.21304,300,OK
2024-10-31,3319,ゴルフダイジェスト・オンライン,プライム（内国株式）,小売業,425,425,415,424,-1,-0.235294,45900,OK
2024-10-31,3320,クロスプラス,スタンダード（内国株式）,卸売業,1079,1080,1071,1071,-8,-0.741427,3000,OK
2024-10-31,3321,ミタチ産業,スタンダード（内国株式）,卸売業,1127,1155,1126,1149,19,1.681416,21300,OK
2024-10-31,3322,アルファグループ,スタンダード（内国株式）,卸売業,612,623,608,621,14,2.306425,1800,OK
2024-10-31,3323,レカム,スタンダード（内国株式）,卸売業,67,67,65,67,1,1.515152,143600,OK
2024-10-31,3326,ランシステム,スタンダード（内国株式）,サービス業,346,349,345,349,2,0.576369,2600,OK
2024-10-31,3328,ＢＥＥＮＯＳ,プライム（内国株式）,小売業,2922,2926,2782,2796,-176,-5.921938,155800,OK
2024-10-31,3329,東和フードサービス,スタンダード（内国株式）,小売業,2050,2086,2050,2071,2,0.096665,19500,OK
2024-10-31,3333,あさひ,プライム（内国株式）,小売業,1519,1543,1516,1530,3,0.196464,42300,OK
2024-10-31,3341,日本調剤,プライム（内国株式）,小売業,1391,1408,1385,1400,9,0.647017,55300,OK
2024-10-31,3347,トラスト,スタンダード（内国株式）,小売業,268,270,268,269,-1,-0.37037,6100,OK
2024-10-31,3349,コスモス薬品,プライム（内国株式）,小売業,7302,7345,7215,7282,17,0.233999,205600,OK
2024-10-31,3350,メタプラネット,スタンダード（内国株式）,卸売業,1520,1595,1425,1425,-130,-8.360129,3332500,OK
2024-10-31,3352,バッファロー,スタンダード（内国株式）,小売業,1251,1308,1250,1275,28,2.245389,5200,OK
2024-10-31,3353,メディカル一光グループ,スタンダード（内国株式）,小売業,2160,2160,2160,2160,0,0,200,OK
2024-10-31,3355,クリヤマホールディングス,スタンダード（内国株式）,卸売業,1207,1235,1207,1233,50,4.226543,21500,OK
2024-10-31,3358,ワイエスフード,スタンダード（内国株式）,小売業,93,95,93,94,0,0,23400,OK
2024-10-31,3359,ｃｏｔｔａ,グロース（内国株式）,卸売業,353,358,346,354,1,0.283286,6900,OK
2024-10-31,3360,シップヘルスケアホールディングス,プライム（内国株式）,卸売業,2335,2343.5,2299.5,2326,6,0.258621,240100,OK
2024-10-31,3361,トーエル,スタンダード（内国株式）,小売業,765,777,754,772,22,2.933333,22700,OK
2024-10-31,3370,フジタコーポレーション,スタンダード（内国株式）,小売業,242,242,239,240,-2,-0.826446,2800,OK
2024-10-31,3371,ソフトクリエイトホールディングス,プライム（内国株式）,情報･通信業,1939,2195,1930,2178,121,5.882353,84600,OK
2024-10-31,3372,関門海,スタンダード（内国株式）,小売業,221,222,219,220,-1,-0.452489,9600,OK
2024-10-31,3374,内外テック,スタンダード（内国株式）,卸売業,2280,2310,2260,2298,46,2.042629,7700,OK
2024-10-31,3375,ＺＯＡ,スタンダード（内国株式）,小売業,,,,,,,,NO_QUOTE
2024-10-31,3377,バイク王＆カンパニー,スタンダード（内国株式）,卸売業,527,535,523,528,1,0.189753,7800,OK
2024-10-31,3382,セブン＆アイ・ホールディングス,プライム（内国株式）,小売業,2205,2216.5,2196,2199,-29.5,-1.32376,7020300,OK
2024-10-31,3386,コスモ・バイオ,スタンダード（内国株式）,卸売業,1154,1159,1154,1159,4,0.34632,1700,OK
2024-10-31,3387,クリエイト・レストランツ・ホールディングス,プライム（内国株式）,小売業,1213,1219,1199,1217,8,0.661704,483600,OK
2024-10-31,3388,明治電機工業,プライム（内国株式）,卸売業,1353,1385,1351,1376,12,0.879765,25200,OK
2024-10-31,3391,ツルハホールディングス,プライム（内国株式）,小売業,8474,8549,8455,8540,66,0.778853,82700,OK
2024-10-31,3392,デリカフーズホールディングス,スタンダード（内国株式）,卸売業,507,512,505,509,2,0.394477,25600,OK
2024-10-31,3393,スターティアホールディングス,プライム（内国株式）,卸売業,1926,1955,1918,1955,29,1.505711,43700,OK
2024-10-31,3395,サンマルクホールディングス,プライム（内国株式）,小売業,2338,2338,2315,2325,1,0.043029,29300,OK
2024-10-31,3396,フェリシモ,スタンダード（内国株式）,小売業,849,850,837,844,-5,-0.588928,22500,OK
2024-10-31,3397,トリドールホールディングス,プライム（内国株式）,小売業,3950,3966,3927,3941,-4,-0.101394,186900,OK
2024-10-31,3399,丸千代山岡家,スタンダード（内国株式）,小売業,3335,3390,3280,3295,10,0.304414,98400,OK
2024-10-31,3401,帝人,プライム（内国株式）,繊維製品,1375,1378,1358.5,1374,5.5,0.4019,603100,OK
2024-10-31,3402,東レ,プライム（内国株式）,繊維製品,831.4,837.5,827.2,836.2,1.4,0.167705,5738100,OK
2024-10-31,3405,クラレ,プライム（内国株式）,化学,2085,2109,2065.5,2093.5,25.5,1.233075,1002400,OK
2024-10-31,3407,旭化成,プライム（内国株式）,化学,1051,1065.5,1049.5,1059.5,9,0.856735,6389700,OK
2024-10-31,3409,北日本紡績,スタンダード（内国株式）,繊維製品,79,80,78,78,-1,-1.265823,68600,OK
2024-10-31,3415,ＴＯＫＹＯ　ＢＡＳＥ,プライム（内国株式）,小売業,249,254,249,249,0,0,191500,OK
2024-10-31,3416,ピクスタ,グロース（内国株式）,小売業,1033,1045,1009,1009,-26,-2.512077,2900,OK
2024-10-31,3417,大木ヘルスケアホールディングス,スタンダード（内国株式）,卸売業,855,855,845,846,1,0.118343,3400,OK
2024-10-31,3418,バルニバービ,グロース（内国株式）,小売業,1161,1164,1148,1151,-10,-0.861326,60400,OK
2024-10-31,3420,ケー・エフ・シー,スタンダード（内国株式）,金属製品,1295,1295,1266,1269,-1,-0.07874,4100,OK
2024-10-31,3421,稲葉製作所,スタンダード（内国株式）,金属製品,1787,1787,1750,1782,43,2.472685,13900,OK
2024-10-31,3422,Ｊ−ＭＡＸ,スタンダード（内国株式）,金属製品,312,313,311,312,0,0,1500,OK
2024-10-31,3423,エスイー,スタンダード（内国株式）,金属製品,277,278,274,276,-1,-0.361011,7000,OK
2024-10-31,3426,アトムリビンテック,スタンダード（内国株式）,金属製品,1359,1359,1357,1357,-32,-2.303816,200,OK
2024-10-31,3431,宮地エンジニアリンググループ,プライム（内国株式）,金属製品,2014,2021,1997,2014,5,0.24888,146900,OK
2024-10-31,3433,トーカロ,プライム（内国株式）,金属製品,1786,1802,1766,1800,9,0.502513,139100,OK
2024-10-31,3434,アルファ,スタンダード（内国株式）,金属製品,1152,1178,1151,1178,21,1.815039,14300,OK
2024-10-31,3435,サンコーテクノ,スタンダード（内国株式）,金属製品,1164,1165,1128,1132,-32,-2.749141,2800,OK
2024-10-31,3436,ＳＵＭＣＯ,プライム（内国株式）,金属製品,1482,1493.5,1461.5,1493,4,0.268637,4675300,OK
2024-10-31,3437,特殊電極,スタンダード（内国株式）,金属製品,2301,2301,2301,2301,-48,-2.043423,200,OK
2024-10-31,3439,三ツ知,スタンダード（内国株式）,金属製品,648,648,640,640,0,0,1300,OK
2024-10-31,3440,日創プロニティ,スタンダード（内国株式）,金属製品,873,878,863,878,11,1.268743,11700,OK
2024-10-31,3441,山王,スタンダード（内国株式）,金属製品,707,710,700,704,-3,-0.424328,3500,OK
2024-10-31,3443,川田テクノロジーズ,プライム（内国株式）,金属製品,2399,2426,2379,2407,31,1.304714,46400,OK
2024-10-31,3444,菊池製作所,スタンダード（内国株式）,金属製品,299,302,298,300,1,0.334448,6200,OK
2024-10-31,3445,ＲＳ　Ｔｅｃｈｎｏｌｏｇｉｅｓ,プライム（内国株式）,金属製品,3995,4025,3950,4020,25,0.625782,57000,OK
2024-10-31,3446,ジェイテックコーポレーション,プライム（内国株式）,金属製品,1690,1723,1665,1723,36,2.133966,35500,OK
2024-10-31,3447,信和,スタンダード（内国株式）,金属製品,739,739,730,739,7,0.956284,15900,OK
2024-10-31,3448,清鋼材,TOKYO PRO MARKET（内国株式）,金属製品,,,,,,,,NO_QUOTE
2024-10-31,3449,テクノフレックス,スタンダード（内国株式）,金属製品,1095,1095,1089,1093,0,0,5000,OK
2024-10-31,3450,サトウ産業,TOKYO PRO MARKET（内国株式）,金属製品,,,,,,,,NO_QUOTE
2024-10-31,3452,ビーロット,スタンダード（内国株式）,不動産業,1141,1157,1140,1153,13,1.140351,67100,OK
2024-10-31,3454,ファーストブラザーズ,スタンダード（内国株式）,不動産業,1118,1128,1117,1126,8,0.715564,53300,OK
2024-10-31,3457,Ａｎｄ　Ｄｏホールディングス,プライム（内国株式）,不動産業,1044,1057,1040,1051,8,0.767018,22700,OK
2024-10-31,3458,シーアールイー,プライム（内国株式）,不動産業,1194,1219,1190,1214,22,1.845638,61800,OK
2024-10-31,3461,パルマ,グロース（内国株式）,不動産業,387,389,381,389,2,0.516796,5100,OK
2024-10-31,3465,ケイアイスター不動産,プライム（内国株式）,不動産業,3840,3900,3830,3900,65,1.694915,34900,OK
2024-10-31,3467,アグレ都市デザイン,スタンダード（内国株式）,不動産業,1482,1508,1482,1501,22,1.487492,4400,OK
2024-10-31,3469,デュアルタップ,スタンダード（内国株式）,不動産業,1020,1023,1019,1020,1,0.098135,2100,OK
2024-10-31,3474,Ｇ−ＦＡＣＴＯＲＹ,グロース（内国株式）,不動産業,741,741,733,740,1,0.135318,2100,OK
2024-10-31,3475,グッドコムアセット,プライム（内国株式）,不動産業,818,841,818,835,6,0.723764,578900,OK
2024-10-31,3477,フォーライフ,グロース（内国株式）,不動産業,592,605,592,605,0,0,3200,OK
2024-10-31,3479,ティーケーピー,グロース（内国株式）,不動産業,1241,1262,1231,1237,0,0,309300,OK
2024-10-31,3480,ジェイ・エス・ビー,プライム（内国株式）,不動産業,2650,2722,2632,2722,92,3.498099,49300,OK
2024-10-31,3482,ロードスターキャピタル,プライム（内国株式）,不動産業,2332,2363,2332,2348,1,0.042608,56500,OK
2024-10-31,3483,翔栄,TOKYO PRO MARKET（内国株式）,不動産業,,,,,,,,NO_QUOTE
2024-10-31,3484,イノベーションホールディングス,プライム（内国株式）,不動産業,901,918,900,915,15,1.666667,12000,OK
2024-10-31,3486,グローバル・リンク・マネジメント,プライム（内国株式）,不動産業,2279,2313,2256,2311,44,1.940891,19900,OK
2024-10-31,3489,フェイスネットワーク,スタンダード（内国株式）,不動産業,1566,1587,1542,1579,13,0.83014,20000,OK
2024-10-31,3490,アズ企画設計,スタンダード（内国株式）,不動産業,2281,2285,2234,2240,-5,-0.222717,2600,OK
2024-10-31,3491,ＧＡ　ｔｅｃｈｎｏｌｏｇｉｅｓ,グロース（内国株式）,不動産業,1097,1110,1085,1110,21,1.928375,74600,OK
2024-10-31,3494,マリオン,スタンダード（内国株式）,不動産業,374,382,360,365,-12,-3.183024,12600,OK
2024-10-31,3495,香陵住販,スタンダード（内国株式）,不動産業,,,,,,,,NO_QUOTE
2024-10-31,3496,アズーム,グロース（内国株式）,不動産業,5840,5950,5800,5900,-20,-0.337838,12600,OK
2024-10-31,3497,ＬｅＴｅｃｈ,グロース（内国株式）,不動産業,1185,1200,1169,1186,6,0.508475,6400,OK
2024-10-31,3498,霞ヶ関キャピタル,プライム（内国株式）,不動産業,15090,15380,14820,14850,-220,-1.459854,535600,OK
2024-10-31,3501,住江織物,プライム（内国株式）,繊維製品,2045,2069,2040,2059,13,0.635386,11800,OK
2024-10-31,3512,日本フエルト,スタンダード（内国株式）,繊維製品,460,469,458,469,16,3.532009,33900,OK
2024-10-31,3513,イチカワ,スタンダード（内国株式）,繊維製品,1567,1609,1567,1588,28,1.794872,3300,OK
2024-10-31,3521,エコナックホールディングス,スタンダード（内国株式）,サービス業,110,110,108,109,0,0,55800,OK
2024-10-31,3524,日東製網,スタンダード（内国株式）,繊維製品,1416,1430,1416,1425,14,0.992204,5200,OK
2024-10-31,3526,芦森工業,スタンダード（内国株式）,輸送用機器,2533,2610,2533,2575,47,1.859177,20300,OK
2024-10-31,3529,アツギ,スタンダード（内国株式）,繊維製品,809,894,755,885,77,9.529703,370000,OK
2024-10-31,3536,アクサスホールディングス,スタンダード（内国株式）,小売業,124,124,123,124,1,0.813008,4400,OK
2024-10-31,3537,昭栄薬品,スタンダード（内国株式）,卸売業,1332,1340,1329,1338,15,1.133787,3400,OK
2024-10-31,3538,ウイルプラスホールディングス,スタンダード（内国株式）,小売業,1022,1040,1020,1039,18,1.762977,6500,OK
2024-10-31,3539,ＪＭホールディングス,プライム（内国株式）,小売業,2972,3005,2972,2985,20,0.674536,31300,OK
2024-10-31,3540,歯愛メディカル,スタンダード（内国株式）,卸売業,1183,1183,1150,1169,-15,-1.266892,40000,OK
2024-10-31,3541,農業総合研究所,グロース（内国株式）,卸売業,253,260,252,260,7,2.766798,105400,OK
2024-10-31,3542,ベガコーポレーション,グロース（内国株式）,小売業,795,817,786,813,25,3.172589,52400,OK
2024-10-31,3543,コメダホールディングス,プライム（内国株式）,卸売業,2859,2909,2850,2889,39,1.368421,318800,OK
2024-10-31,3544,サツドラホールディングス,スタンダード（内国株式）,小売業,776,790,766,781,9,1.165803,40800,OK
2024-10-31,3546,アレンザホールディングス,プライム（内国株式）,小売業,1070,1078,1066,1071,6,0.56338,11100,OK
2024-10-31,3547,串カツ田中ホールディングス,スタンダード（内国株式）,小売業,1565,1573,1557,1563,3,0.192308,42600,OK
2024-10-31,3548,バロックジャパンリミテッド,プライム（内国株式）,小売業,771,777,767,772,0,0,61200,OK
2024-10-31,3549,クスリのアオキホールディングス,プライム（内国株式）,小売業,3210,3219,3158,3178,-17,-0.532081,193300,OK
2024-10-31,3550,スタジオアタオ,グロース（内国株式）,小売業,186,187,183,184,-2,-1.075269,14200,OK
2024-10-31,3551,ダイニック,スタンダード（内国株式）,繊維製品,725,748,725,748,23,3.172414,17300,OK
2024-10-31,3553,共和レザー,スタンダード（内国株式）,化学,643,649,636,643,-10,-1.531394,101900,OK
2024-10-31,3556,リネットジャパングループ,グロース（内国株式）,小売業,289,289,277,278,-10,-3.472222,11900,OK
2024-10-31,3557,ユナイテッド＆コレクティブ,グロース（内国株式）,小売業,1050,1052,1049,1050,0,0,3700,OK
2024-10-31,3558,ジェイドグループ,グロース（内国株式）,小売業,1730,1766,1726,1748,23,1.333333,52700,OK
2024-10-31,3559,ピーバンドットコム,スタンダード（内国株式）,卸売業,347,348,345,348,2,0.578035,8400,OK
2024-10-31,3560,ほぼ日,スタンダード（内国株式）,小売業,3130,3145,3130,3145,15,0.479233,900,OK
2024-10-31,3561,力の源ホールディングス,プライム（内国株式）,小売業,1100,1101,1083,1091,-13,-1.177536,133300,OK
2024-10-31,3562,Ｎｏ．１,スタンダード（内国株式）,卸売業,1641,1648,1601,1632,-17,-1.030928,259900,OK
2024-10-31,3563,ＦＯＯＤ　＆　ＬＩＦＥ　ＣＯＭＰＡＮＩＥＳ,プライム（内国株式）,小売業,3009,3039,2977.5,3039,44.5,1.486058,1014300,OK
2024-10-31,3565,アセンテック,スタンダード（内国株式）,卸売業,640,652,640,651,11,1.71875,33600,OK
2024-10-31,3566,ユニフォームネクスト,グロース（内国株式）,小売業,593,602,593,599,-1,-0.166667,2200,OK
2024-10-31,3569,セーレン,プライム（内国株式）,繊維製品,2577,2586,2554,2579,42,1.655499,271300,OK
2024-10-31,3571,ソトー,スタンダード（内国株式）,繊維製品,618,637,618,636,24,3.921569,17200,OK
2024-10-31,3577,東海染工,スタンダード（内国株式）,繊維製品,677,686,674,674,1,0.148588,9600,OK
2024-10-31,3580,小松マテーレ,プライム（内国株式）,繊維製品,817,827,804,818,46,5.958549,209100,OK
2024-10-31,3583,オーベクス,スタンダード（内国株式）,繊維製品,1171,1177,1170,1177,12,1.030043,500,OK
2024-10-31,3591,ワコールホールディングス,プライム（内国株式）,繊維製品,4730,4773,4695,4769,48,1.016734,149000,OK
2024-10-31,3593,ホギメディカル,プライム（内国株式）,繊維製品,4575,4585,4480,4565,-10,-0.218579,80300,OK
2024-10-31,3597,自重堂,スタンダード（内国株式）,繊維製品,9700,9750,9700,9750,50,0.515464,500,OK
2024-10-31,3598,山喜,スタンダード（内国株式）,繊維製品,156,156,154,156,1,0.645161,5500,OK
2024-10-31,3600,フジックス,スタンダード（内国株式）,繊維製品,,,,,,,,NO_QUOTE
2024-10-31,3604,川本産業,スタンダード（内国株式）,繊維製品,775,780,766,772,-6,-0.771208,10800,OK
2024-10-31,3607,クラウディアホールディングス,スタンダード（内国株式）,繊維製品,328,335,327,333,7,2.147239,14600,OK
2024-10-31,3608,ＴＳＩホールディングス,プライム（内国株式）,繊維製品,912,918,892,898,-10,-1.101322,340600,OK
2024-10-31,3611,マツオカコーポレーション,スタンダード（内国株式）,繊維製品,1746,1810,1746,1808,62,3.550974,19400,OK
2024-10-31,3612,ワールド,プライム（内国株式）,繊維製品,1949,1950,1926,1931,-12,-0.617602,114600,OK
2024-10-31,3622,ネットイヤーグループ,グロース（内国株式）,情報･通信業,537,548,537,548,8,1.481481,2700,OK
2024-10-31,3623,ビリングシステム,グロース（内国株式）,情報･通信業,1349,1352,1316,1334,-17,-1.258327,39900,OK
2024-10-31,3624,アクセルマーク,グロース（内国株式）,情報･通信業,126,131,126,129,2,1.574803,66300,OK
2024-10-31,3625,テックファームホールディングス,グロース（内国株式）,情報･通信業,513,520,513,516,2,0.389105,6200,OK
2024-10-31,3626,ＴＩＳ,プライム（内国株式）,情報･通信業,3847,3872,3795,3826,14,0.367261,1147000,OK
2024-10-31,3627,テクミラホールディングス,スタンダード（内国株式）,情報･通信業,313,316,310,314,-1,-0.31746,32100,OK
2024-10-31,3628,データホライゾン,グロース（内国株式）,情報･通信業,429,465,405,428,-9,-2.059497,271700,OK
2024-10-31,3632,グリー,プライム（内国株式）,情報･通信業,471,472,466,467,0,0,384400,OK
2024-10-31,3633,ＧＭＯペパボ,スタンダード（内国株式）,情報･通信業,1358,1368,1353,1353,0,0,1100,OK
2024-10-31,3634,ソケッツ,スタンダード（内国株式）,情報･通信業,,,,,,,,NO_QUOTE
2024-10-31,3635,コーエーテクモホールディングス,プライム（内国株式）,情報･通信業,1569.5,1604,1544.5,1604,31,1.970757,785400,OK
2024-10-31,3636,三菱総合研究所,プライム（内国株式）,情報･通信業,4270,4290,4205,4240,0,0,47600,OK
2024-10-31,3639,ボルテージ,スタンダード（内国株式）,情報･通信業,223,233,220,222,2,0.909091,89100,OK
2024-10-31,3640,電算,スタンダード（内国株式）,情報･通信業,1396,1405,1383,1405,8,0.572656,2200,OK
2024-10-31,3641,パピレス,スタンダード（内国株式）,情報･通信業,905,905,898,905,5,0.555556,10400,OK
2024-10-31,3645,メディカルネット,グロース（内国株式）,情報･通信業,337,337,334,334,-3,-0.890208,4900,OK
2024-10-31,3646,駅探,グロース（内国株式）,情報･通信業,404,409,401,401,-3,-0.742574,1000,OK
2024-10-31,3647,ジー・スリーホールディングス,スタンダード（内国株式）,情報･通信業,106,107,105,107,2,1.904762,44600,OK
2024-10-31,3648,ＡＧＳ,スタンダード（内国株式）,情報･通信業,784,807,783,805,30,3.870968,33800,OK
2024-10-31,3649,ファインデックス,プライム（内国株式）,情報･通信業,870,881,861,874,4,0.45977,19100,OK
2024-10-31,3652,ディジタルメディアプロフェッショナル,グロース（内国株式）,情報･通信業,1863,1883,1845,1870,7,0.375738,3000,OK
2024-10-31,3653,モルフォ,グロース（内国株式）,情報･通信業,1643,1654,1623,1635,-11,-0.668287,7400,OK
2024-10-31,3655,ブレインパッド,プライム（内国株式）,情報･通信業,812,821,807,819,4,0.490798,70100,OK
2024-10-31,3656,ＫＬａｂ,プライム（内国株式）,情報･通信業,177,182,176,182,5,2.824859,444500,OK
2024-10-31,3657,ポールトゥウィンホールディングス,プライム（内国株式）,情報･通信業,455,464,455,459,-1,-0.217391,69800,OK
2024-10-31,3659,ネクソン,プライム（内国株式）,情報･通信業,2678,2699.5,2650,2679.5,-11,-0.408846,1422300,OK
2024-10-31,3660,アイスタイル,プライム（内国株式）,情報･通信業,435,442,432,440,4,0.917431,1226300,OK
2024-10-31,3661,エムアップホールディングス,プライム（内国株式）,情報･通信業,1335,1360,1324,1336,-16,-1.183432,389300,OK
2024-10-31,3662,エイチーム,プライム（内国株式）,情報･通信業,603,620,603,616,13,2.155887,24400,OK
2024-10-31,3663,セルシス,プライム（内国株式）,情報･通信業,1261,1270,1208,1217,-92,-7.028266,689200,OK
2024-10-31,3664,モブキャストホールディングス,グロース（内国株式）,情報･通信業,40,41,39,41,2,5.128205,1013300,OK
2024-10-31,3665,エニグモ,プライム（内国株式）,情報･通信業,304,306,302,305,1,0.328947,80300,OK
2024-10-31,3666,テクノスジャパン,スタンダード（内国株式）,情報･通信業,627,646,621,646,14,2.21519,53700,OK
2024-10-31,3667,ｅｎｉｓｈ,スタンダード（内国株式）,情報･通信業,171,175,171,174,2,1.162791,545900,OK
2024-10-31,3668,コロプラ,プライム（内国株式）,情報･通信業,528,537,526,533,7,1.330798,144400,OK
2024-10-31,3670,協立情報通信,スタンダード（内国株式）,情報･通信業,1800,1800,1790,1790,61,3.528051,2300,OK
2024-10-31,3671,ソフトマックス,グロース（内国株式）,情報･通信業,862,870,851,870,-1,-0.114811,4100,OK
2024-10-31,3672,オルトプラス,スタンダード（内国株式）,情報･通信業,94,94,92,94,1,1.075269,61600,OK
2024-10-31,3673,ブロードリーフ,プライム（内国株式）,情報･通信業,555,571,555,570,15,2.702703,154700,OK
2024-10-31,3674,オークファン,グロース（内国株式）,情報･通信業,350,351,346,347,-5,-1.420455,17800,OK
2024-10-31,3675,クロス・マーケティンググループ,プライム（内国株式）,情報･通信業,691,702,681,702,18,2.631579,30900,OK
2024-10-31,3676,デジタルハーツホールディングス,プライム（内国株式）,情報･通信業,813,822,804,821,3,0.366748,40800,OK
2024-10-31,3678,メディアドゥ,プライム（内国株式）,情報･通信業,1306,1348,1292,1345,52,4.021655,47900,OK
2024-10-31,3679,じげん,プライム（内国株式）,情報･通信業,578,585,575,581,5,0.868056,207700,OK
2024-10-31,3680,ホットリンク,グロース（内国株式）,情報･通信業,308,312,305,311,3,0.974026,50900,OK
2024-10-31,3681,ブイキューブ,プライム（内国株式）,情報･通信業,230,241,228,241,8,3.433476,238800,OK
2024-10-31,3682,エンカレッジ・テクノロジ,スタンダード（内国株式）,情報･通信業,567,586,567,586,21,3.716814,19400,OK
2024-10-31,3683,サイバーリンクス,スタンダード（内国株式）,情報･通信業,727,746,716,744,15,2.057613,19000,OK
2024-10-31,3686,ディー・エル・イー,スタンダード（内国株式）,情報･通信業,116,118,115,118,3,2.608696,268900,OK
2024-10-31,3687,フィックスターズ,プライム（内国株式）,情報･通信業,1442,1459,1433,1455,-3,-0.205761,217900,OK
2024-10-31,3688,ＣＡＲＴＡ　ＨＯＬＤＩＮＧＳ,プライム（内国株式）,情報･通信業,1439,1450,1434,1444,5,0.347464,14400,OK
2024-10-31,3690,イルグルム,グロース（内国株式）,情報･通信業,578,581,576,576,-4,-0.689655,5700,OK
2024-10-31,3691,デジタルプラス,グロース（内国株式）,情報･通信業,564,569,561,569,5,0.886525,1400,OK
2024-10-31,3692,ＦＦＲＩセキュリティ,グロース（内国株式）,情報･通信業,2085,2089,2033,2054,-35,-1.675443,129300,OK
2024-10-31,3694,オプティム,プライム（内国株式）,情報･通信業,591,603,591,599,8,1.353638,83400,OK
2024-10-31,3695,ＧＭＯリサーチ＆ＡＩ,グロース（内国株式）,情報･通信業,2547,2551,2523,2541,-16,-0.625733,2000,OK
2024-10-31,3696,セレス,プライム（内国株式）,情報･通信業,1564,1620,1563,1601,21,1.329114,297900,OK
2024-10-31,3697,ＳＨＩＦＴ,プライム（内国株式）,情報･通信業,15310,15550,15060,15550,80,0.51713,750700,OK
2024-10-31,3698,ＣＲＩ・ミドルウェア,グロース（内国株式）,情報･通信業,696,696,686,692,-8,-1.142857,3800,OK
2024-10-31,3708,特種東海製紙,プライム（内国株式）,パルプ・紙,3725,3765,3695,3760,50,1.347709,16600,OK
2024-10-31,3710,ジョルダン,スタンダード（内国株式）,情報･通信業,607,619,606,610,-17,-2.711324,2900,OK
2024-10-31,3712,情報企画,スタンダード（内国株式）,情報･通信業,4150,4210,4150,4210,-10,-0.236967,1600,OK
2024-10-31,3719,ジェクシード,スタンダード（内国株式）,情報･通信業,275,282,272,280,5,1.818182,236900,OK
2024-10-31,3723,日本ファルコム,グロース（内国株式）,情報･通信業,1071,1078,1070,1078,7,0.653595,800,OK
2024-10-31,3726,フォーシーズＨＤ,スタンダード（内国株式）,小売業,469,474,469,474,4,0.851064,3000,OK
2024-10-31,3727,アプリックス,グロース（内国株式）,情報･通信業,152,152,148,150,0,0,47000,OK
2024-10-31,3733,ソフトウェア・サービス,スタンダード（内国株式）,情報･通信業,12590,12930,12550,12800,-90,-0.698216,3500,OK
2024-10-31,3738,ティーガイア,プライム（内国株式）,情報･通信業,2667,2670,2666,2666,-1,-0.037495,772500,OK
2024-10-31,3741,セック,プライム（内国株式）,情報･通信業,4100,4145,4075,4100,15,0.367197,11500,OK
2024-10-31,3744,サイオス,スタンダード（内国株式）,情報･通信業,402,402,400,401,-2,-0.496278,6900,OK
2024-10-31,3747,インタートレード,スタンダード（内国株式）,情報･通信業,395,402,390,395,-4,-1.002506,42800,OK
2024-10-31,3750,サイトリ細胞研究所,スタンダード（内国株式）,情報･通信業,851,853,845,850,-2,-0.234742,3800,OK
2024-10-31,3753,フライトソリューションズ,スタンダード（内国株式）,情報･通信業,189,191,189,190,1,0.529101,21200,OK
2024-10-31,3758,アエリア,スタンダード（内国株式）,情報･通信業,261,263,256,263,2,0.766284,46200,OK
2024-10-31,3760,ケイブ,スタンダード（内国株式）,情報･通信業,984,999,969,991,22,2.270382,38000,OK
2024-10-31,3762,テクマトリックス,プライム（内国株式）,情報･通信業,2210,2257,2188,2230,17,0.768188,308600,OK
2024-10-31,3763,プロシップ,プライム（内国株式）,情報･通信業,1489,1508,1454,1497,17,1.148649,20600,OK
2024-10-31,3765,ガンホー・オンライン・エンターテイメント,プライム（内国株式）,情報･通信業,3415,3425,3374,3415,-4,-0.116993,238700,OK
2024-10-31,3766,システムズ・デザイン,スタンダード（内国株式）,情報･通信業,,,,,,,,NO_QUOTE
2024-10-31,3768,リスクモンスター,スタンダード（内国株式）,情報･通信業,398,401,397,398,-2,-0.5,7200,OK
2024-10-31,3769,ＧＭＯペイメントゲートウェイ,プライム（内国株式）,情報･通信業,9210,9300,9138,9227,36,0.391688,298600,OK
2024-10-31,3770,ザッパラス,スタンダード（内国株式）,情報･通信業,349,357,343,357,16,4.692082,14600,OK
2024-10-31,3771,システムリサーチ,プライム（内国株式）,情報･通信業,1432,1460,1425,1447,15,1.047486,15100,OK
2024-10-31,3772,ウェルス・マネジメント,スタンダード（内国株式）,不動産業,1089,1096,1078,1093,8,0.737327,23700,OK
2024-10-31,3773,アドバンスト・メディア,グロース（内国株式）,情報･通信業,1070,1082,1059,1081,7,0.651769,58600,OK
2024-10-31,3774,インターネットイニシアティブ,プライム（内国株式）,情報･通信業,2954.5,2970,2923,2942,11.5,0.392425,460500,OK
2024-10-31,3776,ブロードバンドタワー,スタンダード（内国株式）,情報･通信業,215,215,194,195,-19,-8.878505,3113500,OK
2024-10-31,3777,環境フレンドリーホールディングス,グロース（内国株式）,情報･通信業,31,31,30,31,0,0,106600,OK
2024-10-31,3778,さくらインターネット,プライム（内国株式）,情報･通信業,4970,5080,4730,4730,-300,-5.964215,5526000,OK
2024-10-31,3779,ジェイ・エスコムホールディングス,スタンダード（内国株式）,情報･通信業,154,166,154,163,4,2.515723,340800,OK
2024-10-31,3787,テクノマセマティカル,スタンダード（内国株式）,情報･通信業,564,564,554,563,0,0,400,OK
2024-10-31,3788,ＧＭＯグローバルサイン・ホールディングス,プライム（内国株式）,情報･通信業,2757,2828,2754,2816,58,2.102973,10700,OK
2024-10-31,3791,ＩＧポート,スタンダード（内国株式）,情報･通信業,1838,1915,1838,1879,120,6.822058,528300,OK
2024-10-31,3793,ドリコム,グロース（内国株式）,情報･通信業,891,926,858,881,-5,-0.564334,6641100,OK
2024-10-31,3796,いい生活,スタンダード（内国株式）,情報･通信業,476,479,476,478,-1,-0.208768,3300,OK
2024-10-31,3798,ＵＬＳグループ,スタンダード（内国株式）,情報･通信業,5420,5480,5380,5420,0,0,6600,OK
2024-10-31,3799,キーウェアソリューションズ,スタンダード（内国株式）,情報･通信業,725,725,716,720,-5,-0.689655,3600,OK
2024-10-31,3800,ユニリタ,スタンダード（内国株式）,情報･通信業,1998,1998,1981,1983,-16,-0.8004,700,OK
2024-10-31,3802,エコミック,スタンダード（内国株式）,情報･通信業,418,420,418,420,2,0.478469,500,OK
2024-10-31,3803,イメージ情報開発,グロース（内国株式）,情報･通信業,555,572,555,559,1,0.179211,16300,OK
2024-10-31,3804,システム　ディ,スタンダード（内国株式）,情報･通信業,1331,1348,1331,1331,1,0.075188,1000,OK
2024-10-31,3807,フィスコ,グロース（内国株式）,情報･通信業,74,74,72,72,-1,-1.369863,284000,OK
2024-10-31,3810,サイバーステップ,スタンダード（内国株式）,情報･通信業,186,194,180,194,11,6.010929,191000,OK
2024-10-31,3814,アルファクス・フード・システム,グロース（内国株式）,情報･通信業,347,348,345,345,-2,-0.576369,2700,OK
2024-10-31,3815,メディア工房,グロース（内国株式）,情報･通信業,437,441,435,441,4,0.915332,5800,OK
2024-10-31,3816,大和コンピューター,スタンダード（内国株式）,情報･通信業,1142,1144,1127,1140,10,0.884956,1700,OK
2024-10-31,3817,ＳＲＡホールディングス,プライム（内国株式）,情報･通信業,4300,4305,4210,4275,-55,-1.270208,23400,OK
2024-10-31,3823,ＴＨＥ　ＷＨＹ　ＨＯＷ　ＤＯ　ＣＯＭＰＡＮＹ,スタンダード（内国株式）,情報･通信業,30,30,29,29,0,0,82100,OK
2024-10-31,3825,リミックスポイント,スタンダード（内国株式）,小売業,151,152,149,151,0,0,266300,OK
2024-10-31,3826,システムインテグレータ,スタンダード（内国株式）,情報･通信業,313,314,310,313,1,0.320513,7100,OK
2024-10-31,3834,朝日ネット,プライム（内国株式）,情報･通信業,630,633,628,632,2,0.31746,63700,OK
2024-10-31,3835,ｅＢＡＳＥ,プライム（内国株式）,情報･通信業,646,654,635,649,8,1.24805,81100,OK
2024-10-31,3836,アバントグループ,プライム（内国株式）,情報･通信業,2134,2165,2112,2159,10,0.465333,99400,OK
2024-10-31,3837,アドソル日進,プライム（内国株式）,情報･通信業,1801,1839,1801,1817,6,0.331309,9300,OK
2024-10-31,3839,ＯＤＫソリューションズ,スタンダード（内国株式）,情報･通信業,545,558,543,558,16,2.95203,10000,OK
2024-10-31,3840,パス,スタンダード（内国株式）,情報･通信業,112,114,111,113,2,1.801802,71100,OK
2024-10-31,3841,ジーダット,スタンダード（内国株式）,情報･通信業,1541,1618,1541,1579,60,3.949967,23200,OK
2024-10-31,3842,ネクストジェン,グロース（内国株式）,情報･通信業,732,740,732,740,-2,-0.269542,300,OK
2024-10-31,3843,フリービット,プライム（内国株式）,情報･通信業,1285,1299,1265,1278,10,0.788644,59100,OK
2024-10-31,3844,コムチュア,プライム（内国株式）,情報･通信業,2530,2531,2280,2335,55,2.412281,1355400,OK
2024-10-31,3845,アイフリークモバイル,スタンダード（内国株式）,情報･通信業,77,78,77,78,0,0,5000,OK
2024-10-31,3847,パシフィックシステム,スタンダード（内国株式）,情報･通信業,,,,,,,,NO_QUOTE
2024-10-31,3848,データ・アプリケーション,スタンダード（内国株式）,情報･通信業,802,803,800,800,0,0,900,OK
2024-10-31,3850,エヌ・ティ・ティ・データ・イントラマート,スタンダード（内国株式）,情報･通信業,2500,2500,2420,2435,-33,-1.337115,9300,OK
2024-10-31,3851,日本一ソフトウェア,スタンダード（内国株式）,情報･通信業,918,918,918,918,2,0.218341,200,OK
2024-10-31,3853,アステリア,プライム（内国株式）,情報･通信業,505,517,505,512,5,0.986193,31100,OK
2024-10-31,3854,アイル,プライム（内国株式）,情報･通信業,3150,3170,3110,3150,-35,-1.098901,31600,OK
2024-10-31,3856,Ａｂａｌａｎｃｅ,スタンダード（内国株式）,電気機器,910,918,890,910,-11,-1.194354,92400,OK
2024-10-31,3857,ラック,スタンダード（内国株式）,情報･通信業,742,742,730,739,-3,-0.404313,45400,OK
2024-10-31,3858,ユビキタスＡＩ,スタンダード（内国株式）,情報･通信業,340,344,338,342,2,0.588235,10600,OK
2024-10-31,3861,王子ホールディングス,プライム（内国株式）,パルプ・紙,571.9,573,565.3,568.4,-0.7,-0.123001,3450400,OK
2024-10-31,3863,日本製紙,プライム（内国株式）,パルプ・紙,900,902,890,893,-9,-0.997783,595600,OK
2024-10-31,3864,三菱製紙,プライム（内国株式）,パルプ・紙,487,494,481,490,3,0.616016,308500,OK
2024-10-31,3865,北越コーポレーション,プライム（内国株式）,パルプ・紙,1598,1598,1480,1532,-106,-6.471306,621600,OK
2024-10-31,3877,中越パルプ工業,プライム（内国株式）,パルプ・紙,1237,1253,1233,1242,3,0.242131,16500,OK
2024-10-31,3878,巴川コーポレーション,スタンダード（内国株式）,化学,697,712,696,708,12,1.724138,21700,OK
2024-10-31,3880,大王製紙,プライム（内国株式）,パルプ・紙,874,874,853,867,0.1,0.011535,367800,OK
2024-10-31,3891,ニッポン高度紙工業,スタンダード（内国株式）,パルプ・紙,1853,1869,1840,1853,0,0,13900,OK
2024-10-31,3892,岡山製紙,スタンダード（内国株式）,パルプ・紙,1280,1283,1280,1280,-3,-0.233827,1400,OK
2024-10-31,3895,ハビックス,スタンダード（内国株式）,パルプ・紙,525,530,525,526,1,0.190476,1300,OK
2024-10-31,3896,阿波製紙,スタンダード（内国株式）,パルプ・紙,437,449,436,447,13,2.995392,25300,OK
2024-10-31,3900,クラウドワークス,グロース（内国株式）,情報･通信業,1327,1337,1309,1334,7,0.527506,105000,OK
2024-10-31,3901,マークラインズ,プライム（内国株式）,情報･通信業,2730,2767,2730,2754,32,1.175606,20800,OK
2024-10-31,3902,メディカル・データ・ビジョン,プライム（内国株式）,情報･通信業,519,521,513,520,-5,-0.952381,90400,OK
2024-10-31,3903,ｇｕｍｉ,プライム（内国株式）,情報･通信業,308,320,308,317,8,2.588997,320400,OK
2024-10-31,3904,カヤック,グロース（内国株式）,情報･通信業,510,517,510,516,5,0.978474,12300,OK
2024-10-31,3905,データセクション,グロース（内国株式）,情報･通信業,1173,1179,1124,1173,-8,-0.677392,208300,OK
2024-10-31,3907,シリコンスタジオ,グロース（内国株式）,情報･通信業,809,809,808,808,5,0.622665,500,OK
2024-10-31,3908,コラボス,グロース（内国株式）,情報･通信業,327,328,323,325,-3,-0.914634,7300,OK
2024-10-31,3909,ショーケース,スタンダード（内国株式）,情報･通信業,287,294,286,294,7,2.439024,14800,OK
2024-10-31,3910,エムケイシステム,スタンダード（内国株式）,情報･通信業,306,306,300,300,-3,-0.990099,3100,OK
2024-10-31,3911,Ａｉｍｉｎｇ,グロース（内国株式）,情報･通信業,204,208,203,205,0,0,429100,OK
2024-10-31,3912,モバイルファクトリー,スタンダード（内国株式）,情報･通信業,932,932,901,925,8,0.87241,111700,OK
2024-10-31,3913,ＧｒｅｅｎＢｅｅ,グロース（内国株式）,情報･通信業,565,573,556,556,1,0.18018,1900,OK
2024-10-31,3914,ＪＩＧ−ＳＡＷ,グロース（内国株式）,情報･通信業,4160,4210,4125,4200,35,0.840336,9000,OK
2024-10-31,3915,テラスカイ,プライム（内国株式）,情報･通信業,1840,1885,1836,1877,27,1.459459,58800,OK
2024-10-31,3916,デジタル・インフォメーション・テクノロジー,プライム（内国株式）,情報･通信業,2047,2052,2023,2040,12,0.591716,16400,OK
2024-10-31,3917,アイリッジ,グロース（内国株式）,情報･通信業,404,404,400,400,-1,-0.249377,9300,OK
2024-10-31,3918,ＰＣＩホールディングス,スタンダード（内国株式）,情報･通信業,945,963,942,963,17,1.79704,11600,OK
2024-10-31,3920,アイビーシー,スタンダード（内国株式）,情報･通信業,509,514,495,504,-5,-0.982318,27900,OK
2024-10-31,3921,ネオジャパン,プライム（内国株式）,情報･通信業,1847,1900,1809,1883,11,0.587607,33200,OK
2024-10-31,3922,ＰＲ　ＴＩＭＥＳ,プライム（内国株式）,情報･通信業,1561,1593,1561,1592,31,1.985906,16700,OK
2024-10-31,3923,ラクス,プライム（内国株式）,情報･通信業,2035.5,2090,2021,2070,6.5,0.314999,885100,OK
2024-10-31,3924,ランドコンピュータ,プライム（内国株式）,情報･通信業,721,743,718,738,18,2.5,39800,OK
2024-10-31,3925,ダブルスタンダード,プライム（内国株式）,情報･通信業,1640,1640,1607,1619,-14,-0.857318,25900,OK
2024-10-31,3926,オープンドア,プライム（内国株式）,情報･通信業,698,698,687,690,0,0,28400,OK
2024-10-31,3927,フーバーブレイン,グロース（内国株式）,情報･通信業,653,663,653,660,2,0.303951,15400,OK
2024-10-31,3928,マイネット,スタンダード（内国株式）,情報･通信業,382,387,379,382,0,0,43200,OK
2024-10-31,3929,ソーシャルワイヤー,グロース（内国株式）,情報･通信業,217,217,214,216,0,0,4400,OK
2024-10-31,3930,はてな,グロース（内国株式）,情報･通信業,853,873,850,850,-11,-1.277584,3800,OK
2024-10-31,3931,バリューゴルフ,グロース（内国株式）,情報･通信業,990,990,990,990,6,0.609756,400,OK
2024-10-31,3932,アカツキ,プライム（内国株式）,情報･通信業,2110,2130,2093,2125,32,1.528906,42600,OK
2024-10-31,3933,チエル,スタンダード（内国株式）,情報･通信業,605,612,600,612,7,1.157025,6500,OK
2024-10-31,3934,ベネフィットジャパン,スタンダード（内国株式）,情報･通信業,1024,1039,1023,1039,16,1.564027,2200,OK
2024-10-31,3935,エディア,スタンダード（内国株式）,情報･通信業,427,427,420,423,-4,-0.936768,7500,OK
2024-10-31,3936,グローバルウェイ,グロース（内国株式）,情報･通信業,133,135,128,129,-2,-1.526718,1031700,OK
2024-10-31,3937,Ｕｂｉｃｏｍホールディングス,プライム（内国株式）,情報･通信業,1341,1356,1337,1347,-5,-0.369822,22200,OK
2024-10-31,3939,カナミックネットワーク,プライム（内国株式）,情報･通信業,540,554,540,548,5,0.92081,62500,OK
2024-10-31,3940,ノムラシステムコーポレーション,スタンダード（内国株式）,情報･通信業,114,116,114,116,3,2.654867,167200,OK
2024-10-31,3941,レンゴー,プライム（内国株式）,パルプ・紙,929.2,933.4,923.4,926.4,0.9,0.097245,583200,OK
2024-10-31,3943,大石産業,スタンダード（内国株式）,パルプ・紙,1015,1015,1010,1015,0,0,2000,OK
2024-10-31,3944,古林紙工,スタンダード（内国株式）,パルプ・紙,1938,1950,1938,1950,12,0.619195,300,OK
2024-10-31,3945,スーパーバッグ,スタンダード（内国株式）,パルプ・紙,2336,2340,2336,2340,-1,-0.042717,300,OK
2024-10-31,3946,トーモク,プライム（内国株式）,パルプ・紙,2340,2340,2239,2327,7,0.301724,25600,OK
2024-10-31,3947,ダイナパック,スタンダード（内国株式）,パルプ・紙,1799,1814,1799,1814,14,0.777778,1300,OK
2024-10-31,3948,光ビジネスフォーム,スタンダード（内国株式）,パルプ・紙,778,778,754,756,-7,-0.917431,4400,OK
2024-10-31,3950,ザ・パック,プライム（内国株式）,パルプ・紙,3695,3765,3675,3745,45,1.216216,21800,OK
2024-10-31,3951,朝日印刷,スタンダード（内国株式）,パルプ・紙,900,900,890,893,-7,-0.777778,5500,OK
2024-10-31,3953,大村紙業,スタンダード（内国株式）,パルプ・紙,,,,,,,,NO_QUOTE
2024-10-31,3954,昭和パックス,スタンダード（内国株式）,パルプ・紙,1725,1725,1725,1725,-4,-0.231348,100,OK
2024-10-31,3955,イムラ,スタンダード（内国株式）,パルプ・紙,997,1002,992,1002,5,0.501505,2800,OK
2024-10-31,3958,笹徳印刷,スタンダード（内国株式）,パルプ・紙,570,572,567,569,6,1.065719,2800,OK
2024-10-31,3961,シルバーエッグ・テクノロジー,グロース（内国株式）,情報･通信業,723,723,710,710,-13,-1.798064,4100,OK
2024-10-31,3962,チェンジホールディングス,プライム（内国株式）,情報･通信業,1236,1245,1199,1218,-18,-1.456311,428500,OK
2024-10-31,3963,シンクロ・フード,プライム（内国株式）,情報･通信業,462,477,460,472,11,2.386117,44400,OK
2024-10-31,3964,オークネット,プライム（内国株式）,情報･通信業,2340,2432,2332,2391,68,2.927249,31300,OK
2024-10-31,3965,キャピタル・アセット・プランニング,スタンダード（内国株式）,情報･通信業,701,705,695,699,0,0,13600,OK
2024-10-31,3967,エルテス,グロース（内国株式）,情報･通信業,575,575,567,568,-12,-2.068966,3800,OK
2024-10-31,3968,セグエグループ,プライム（内国株式）,情報･通信業,582,591,576,591,9,1.546392,98000,OK
2024-10-31,3969,エイトレッド,スタンダード（内国株式）,情報･通信業,1556,1574,1501,1565,9,0.578406,16600,OK
2024-10-31,3970,イノベーション,グロース（内国株式）,情報･通信業,1228,1237,1227,1237,12,0.979592,1900,OK
2024-10-31,3974,ＳＣＡＴ,スタンダード（内国株式）,情報･通信業,388,389,387,388,0,0,800,OK
2024-10-31,3976,シャノン,グロース（内国株式）,情報･通信業,386,410,386,405,21,5.46875,20600,OK
2024-10-31,3978,マクロミル,プライム（内国株式）,情報･通信業,811,817,808,815,4,0.493218,130000,OK
2024-10-31,3979,うるる,グロース（内国株式）,情報･通信業,1300,1301,1255,1287,-13,-1,6600,OK
2024-10-31,3981,ビーグリー,スタンダード（内国株式）,情報･通信業,1369,1416,1369,1401,32,2.337473,26900,OK
2024-10-31,3983,オロ,プライム（内国株式）,情報･通信業,2350,2422,2339,2407,60,2.556455,41800,OK
2024-10-31,3984,ユーザーローカル,プライム（内国株式）,情報･通信業,1861,1880,1840,1869,8,0.429876,37600,OK
2024-10-31,3985,テモナ,スタンダード（内国株式）,情報･通信業,182,182,179,179,0,0,31100,OK
2024-10-31,3986,ビーブレイクシステムズ,グロース（内国株式）,情報･通信業,,,,,,,,NO_QUOTE
2024-10-31,3987,エコモット,グロース（内国株式）,情報･通信業,393,400,393,399,3,0.757576,2800,OK
2024-10-31,3988,ＳＹＳホールディングス,スタンダード（内国株式）,情報･通信業,489,490,486,487,0,0,3300,OK
2024-10-31,3989,シェアリングテクノロジー,グロース（内国株式）,情報･通信業,790,798,778,793,3,0.379747,162400,OK
2024-10-31,3990,ＵＵＵＭ,グロース（内国株式）,情報･通信業,357,357,353,354,-3,-0.840336,5300,OK
2024-10-31,3991,ウォンテッドリー,グロース（内国株式）,情報･通信業,1152,1170,1151,1168,-5,-0.426257,1600,OK
2024-10-31,3992,ニーズウェル,プライム（内国株式）,情報･通信業,277,283,276,281,3,1.079137,87500,OK
2024-10-31,3993,ＰＫＳＨＡ　Ｔｅｃｈｎｏｌｏｇｙ,プライム（内国株式）,情報･通信業,3620,3630,3550,3590,-85,-2.312925,408000,OK
2024-10-31,3994,マネーフォワード,プライム（内国株式）,情報･通信業,5034,5056,4961,5046,-28,-0.551833,273200,OK
2024-10-31,3996,サインポスト,スタンダード（内国株式）,情報･通信業,468,482,465,479,14,3.010753,23500,OK
2024-10-31,3997,トレードワークス,スタンダード（内国株式）,情報･通信業,1264,1270,1193,1229,-29,-2.305246,21400,OK
2024-10-31,3998,すららネット,グロース（内国株式）,情報･通信業,348,353,348,353,3,0.857143,12400,OK
2024-10-31,4004,レゾナック・ホールディングス,プライム（内国株式）,化学,3705,3748,3685,3723,-3,-0.080515,785000,OK
2024-10-31,4005,住友化学,プライム（内国株式）,化学,412,420.4,406.3,410.1,-1,-0.24325,16200600,OK
2024-10-31,4008,住友精化,プライム（内国株式）,化学,5050,5090,5030,5090,60,1.192843,11600,OK
2024-10-31,4011,ヘッドウォータース,グロース（内国株式）,情報･通信業,9080,9350,9020,9350,200,2.185792,10500,OK
2024-10-31,4012,アクシス,スタンダード（内国株式）,情報･通信業,1349,1349,1345,1345,-4,-0.296516,1600,OK
2024-10-31,4013,勤次郎,グロース（内国株式）,情報･通信業,394,408,394,395,1,0.253807,20900,OK
2024-10-31,4014,カラダノート,グロース（内国株式）,情報･通信業,539,541,531,539,0,0,4900,OK
2024-10-31,4015,ペイクラウドホールディングス,グロース（内国株式）,情報･通信業,503,505,497,499,-7,-1.383399,43600,OK
2024-10-31,4016,ＭＩＴホールディングス,スタンダード（内国株式）,情報･通信業,687,696,687,696,12,1.754386,1200,OK
2024-10-31,4017,クリーマ,グロース（内国株式）,情報･通信業,238,240,235,237,-1,-0.420168,4300,OK
2024-10-31,4019,スタメン,グロース（内国株式）,情報･通信業,875,944,875,939,64,7.314286,46000,OK
2024-10-31,4020,ビートレンド,グロース（内国株式）,情報･通信業,704,704,699,699,0,0,200,OK
2024-10-31,4021,日産化学,プライム（内国株式）,化学,5276,5276,5155,5204,-53,-1.00818,521400,OK
2024-10-31,4022,ラサ工業,プライム（内国株式）,化学,2720,2815,2720,2787,64,2.350349,36400,OK
2024-10-31,4023,クレハ,プライム（内国株式）,化学,2819,2840,2805,2824,3,0.106345,102200,OK
2024-10-31,4025,多木化学,プライム（内国株式）,化学,3630,3730,3630,3715,55,1.502732,11200,OK
2024-10-31,4026,神島化学工業,スタンダード（内国株式）,ガラス･土石製品,1839,1839,1813,1817,-23,-1.25,37900,OK
2024-10-31,4027,テイカ,プライム（内国株式）,化学,1619,1652,1618,1648,27,1.665638,17200,OK
2024-10-31,4028,石原産業,プライム（内国株式）,化学,1464,1485,1459,1479,15,1.02459,171300,OK
2024-10-31,4031,片倉コープアグリ,スタンダード（内国株式）,化学,971,988,957,980,9,0.92688,5000,OK
2024-10-31,4040,南海化学,スタンダード（内国株式）,化学,2154,2181,2143,2181,28,1.300511,4300,OK
2024-10-31,4041,日本曹達,プライム（内国株式）,化学,2544,2567,2535,2553,13,0.511811,155200,OK
2024-10-31,4042,東ソー,プライム（内国株式）,化学,1910,1921,1891.5,1910,1.5,0.078596,1013400,OK
2024-10-31,4043,トクヤマ,プライム（内国株式）,化学,2686.5,2711.5,2657,2708,41.5,1.556347,732600,OK
2024-10-31,4044,セントラル硝子,プライム（内国株式）,化学,3470,3515,3460,3500,25,0.719424,86300,OK
2024-10-31,4045,東亞合成,プライム（内国株式）,化学,1588.5,1599.5,1523,1567.5,-6,-0.381316,344100,OK
2024-10-31,4046,大阪ソーダ,プライム（内国株式）,化学,1628,1640,1596,1625,-11,-0.672372,488100,OK
2024-10-31,4047,関東電化工業,プライム（内国株式）,化学,973,982,969,982,14,1.446281,150200,OK
2024-10-31,4051,ＧＭＯフィナンシャルゲート,グロース（内国株式）,情報･通信業,7630,7800,7500,7750,120,1.572739,22600,OK
2024-10-31,4052,フィーチャ,グロース（内国株式）,情報･通信業,500,500,495,497,-2,-0.400802,3700,OK
2024-10-31,4053,Ｓｕｎ　Ａｓｔｅｒｉｓｋ,プライム（内国株式）,情報･通信業,528,535,523,529,1,0.189394,165300,OK
2024-10-31,4054,日本情報クリエイト,グロース（内国株式）,情報･通信業,872,886,867,876,-3,-0.341297,20900,OK
2024-10-31,4055,ティアンドエスグループ,グロース（内国株式）,情報･通信業,1687,1727,1683,1715,1,0.058343,10700,OK
2024-10-31,4056,ニューラルグループ,グロース（内国株式）,情報･通信業,895,910,883,906,4,0.443459,4000,OK
2024-10-31,4057,インターファクトリー,グロース（内国株式）,情報･通信業,457,459,454,459,0,0,2300,OK
2024-10-31,4058,トヨクモ,グロース（内国株式）,情報･通信業,2135,2179,2100,2156,21,0.983607,16200,OK
2024-10-31,4059,まぐまぐ,スタンダード（内国株式）,情報･通信業,580,583,579,583,-1,-0.171233,1400,OK
2024-10-31,4060,ｒａｋｕｍｏ,グロース（内国株式）,情報･通信業,890,902,874,892,4,0.45045,15000,OK
2024-10-31,4061,デンカ,プライム（内国株式）,化学,2163,2171.5,2146,2165,12.5,0.58072,276000,OK
2024-10-31,4062,イビデン,プライム（内国株式）,電気機器,4874,5000,4842,4969,-30,-0.60012,2062900,OK
2024-10-31,4063,信越化学工業,プライム（内国株式）,化学,5650,5765,5641,5755,75,1.320423,5605000,OK
2024-10-31,4064,日本カーバイド工業,プライム（内国株式）,化学,1638,1663,1638,1654,14,0.853659,14200,OK
2024-10-31,4068,ベイシス,グロース（内国株式）,情報･通信業,1200,1200,1200,1200,8,0.671141,100,OK
2024-10-31,4069,ＢｌｕｅＭｅｍｅ,グロース（内国株式）,情報･通信業,960,980,926,972,12,1.25,5700,OK
2024-10-31,4071,プラスアルファ・コンサルティング,プライム（内国株式）,情報･通信業,2110,2165,2098,2158,61,2.908918,210900,OK
2024-10-31,4072,電算システムホールディングス,プライム（内国株式）,情報･通信業,2655,2669,2624,2647,16,0.608134,13400,OK
2024-10-31,4073,ジィ・シィ企画,グロース（内国株式）,情報･通信業,636,636,630,635,-2,-0.313972,1100,OK
2024-10-31,4074,ラキール,グロース（内国株式）,情報･通信業,1100,1100,1080,1081,-19,-1.727273,7100,OK
2024-10-31,4075,ブレインズテクノロジー,グロース（内国株式）,情報･通信業,716,735,716,721,0,0,2900,OK
2024-10-31,4076,シイエヌエス,グロース（内国株式）,情報･通信業,1405,1415,1376,1401,1,0.071429,2800,OK
2024-10-31,4078,堺化学工業,プライム（内国株式）,化学,2705,2768,2699,2748,40,1.477105,83800,OK
2024-10-31,4080,田中化学研究所,スタンダード（内国株式）,化学,745,745,705,718,-30,-4.010695,153100,OK
2024-10-31,4082,第一稀元素化学工業,プライム（内国株式）,化学,785,793,781,789,8,1.024328,28100,OK
2024-10-31,4088,エア・ウォーター,プライム（内国株式）,化学,1920.5,1938.5,1910.5,1930.5,16,0.835727,502800,OK
2024-10-31,4091,日本酸素ホールディングス,プライム（内国株式）,化学,5315,5440,5211,5378,75,1.414294,625800,OK
2024-10-31,4092,日本化学工業,プライム（内国株式）,化学,2649,2747,2649,2720,63,2.371095,65100,OK
2024-10-31,4093,東邦アセチレン,プライム（内国株式）,化学,340,350,340,346,8,2.366864,97000,OK
2024-10-31,4094,日本化学産業,スタンダード（内国株式）,化学,1410,1438,1409,1438,-20,-1.371742,4300,OK
2024-10-31,4095,日本パーカライジング,プライム（内国株式）,化学,1286,1305,1285,1297,13,1.012461,154800,OK
2024-10-31,4097,高圧ガス工業,プライム（内国株式）,化学,908,923,908,915,11,1.216814,33500,OK
2024-10-31,4098,チタン工業,スタンダード（内国株式）,化学,859,861,854,854,-2,-0.233645,7600,OK
2024-10-31,4099,四国化成ホールディングス,プライム（内国株式）,化学,2040,2091,1998,2076,-4,-0.192308,191200,OK
2024-10-31,4100,戸田工業,スタンダード（内国株式）,化学,1741,1741,1702,1728,-5,-0.288517,1700,OK
2024-10-31,4102,丸尾カルシウム,スタンダード（内国株式）,化学,1351,1351,1351,1351,1,0.074074,100,OK
2024-10-31,4107,伊勢化学工業,スタンダード（内国株式）,化学,20910,21570,19850,19950,-950,-4.545455,188800,OK
2024-10-31,4109,ステラ　ケミファ,プライム（内国株式）,化学,4480,4560,4480,4550,45,0.99889,20100,OK
2024-10-31,4112,保土谷化学工業,プライム（内国株式）,化学,4335,4420,4320,4385,70,1.622248,47500,OK
2024-10-31,4113,田岡化学工業,スタンダード（内国株式）,化学,986,987,940,950,-36,-3.651116,92200,OK
2024-10-31,4114,日本触媒,プライム（内国株式）,化学,1718,1728.5,1702,1720.5,14.5,0.849941,524500,OK
2024-10-31,4116,大日精化工業,プライム（内国株式）,化学,2915,2973,2906,2949,42,1.444788,29900,OK
2024-10-31,4118,カネカ,プライム（内国株式）,化学,3760,3781,3730,3767,22,0.58745,133400,OK
2024-10-31,4119,日本ピグメントホールディングス,スタンダード（内国株式）,化学,3100,3100,3065,3070,-95,-3.00158,600,OK
2024-10-31,4120,スガイ化学工業,スタンダード（内国株式）,化学,2109,2110,2109,2110,10,0.47619,300,OK
2024-10-31,4124,大阪油化工業,スタンダード（内国株式）,化学,,,,,,,,NO_QUOTE
2024-10-31,4125,三和油化工業,スタンダード（内国株式）,化学,2336,2350,2309,2336,0,0,2200,OK
2024-10-31,4151,協和キリン,プライム（内国株式）,医薬品,2539,2539,2508,2523,12.5,0.497909,1413200,OK
2024-10-31,4165,プレイド,グロース（内国株式）,情報･通信業,968,988,956,982,10,1.028807,226900,OK
2024-10-31,4166,かっこ,グロース（内国株式）,情報･通信業,627,631,623,631,1,0.15873,700,OK
2024-10-31,4167,ココペリ,グロース（内国株式）,情報･通信業,373,378,372,372,-7,-1.846966,13500,OK
2024-10-31,4168,ヤプリ,グロース（内国株式）,情報･通信業,692,715,692,709,13,1.867816,28900,OK
2024-10-31,4169,ＥＮＥＣＨＡＮＧＥ,グロース（内国株式）,情報･通信業,275,284,275,283,2,0.711744,131500,OK
2024-10-31,4170,Ｋａｉｚｅｎ　Ｐｌａｔｆｏｒｍ,グロース（内国株式）,情報･通信業,190,193,189,191,1,0.526316,62700,OK
2024-10-31,4171,グローバルインフォメーション,スタンダード（内国株式）,情報･通信業,1205,1215,1203,1203,-2,-0.165975,1400,OK
2024-10-31,4172,東和ハイシステム,スタンダード（内国株式）,情報･通信業,1877,1880,1862,1862,15,0.812128,1200,OK
2024-10-31,4173,ＷＡＣＵＬ,グロース（内国株式）,情報･通信業,351,359,347,353,0,0,19800,OK
2024-10-31,4174,アピリッツ,スタンダード（内国株式）,情報･通信業,729,731,713,722,-7,-0.960219,11200,OK
2024-10-31,4175,ｃｏｌｙ,グロース（内国株式）,情報･通信業,1421,1430,1419,1422,-5,-0.350385,700,OK
2024-10-31,4176,ココナラ,グロース（内国株式）,情報･通信業,310,314,305,311,6,1.967213,435700,OK
2024-10-31,4177,ｉ‐ｐｌｕｇ,グロース（内国株式）,情報･通信業,1133,1149,1130,1148,7,0.613497,900,OK
2024-10-31,4178,Ｓｈａｒｉｎｇ　Ｉｎｎｏｖａｔｉｏｎｓ,グロース（内国株式）,情報･通信業,707,707,707,707,-2,-0.282087,100,OK
2024-10-31,4179,ジーネクスト,グロース（内国株式）,情報･通信業,397,418,389,410,17,4.3257,197800,OK
2024-10-31,4180,Ａｐｐｉｅｒ　Ｇｒｏｕｐ,プライム（内国株式）,情報･通信業,1624,1675,1624,1666,22,1.3382,501800,OK
2024-10-31,4182,三菱瓦斯化学,プライム（内国株式）,化学,2676,2720,2662,2689.5,8.5,0.317046,496600,OK
2024-10-31,4183,三井化学,プライム（内国株式）,化学,3530,3556,3491,3521,-9,-0.254958,1040900,OK
2024-10-31,4186,東京応化工業,プライム（内国株式）,化学,3566,3625,3552,3611,28,0.781468,537300,OK
2024-10-31,4187,大阪有機化学工業,プライム（内国株式）,化学,2853,2985,2851,2968,96,3.342618,84900,OK
2024-10-31,4188,三菱ケミカルグループ,プライム（内国株式）,化学,832,838.3,821,830.8,-1,-0.120221,6489700,OK
2024-10-31,4189,ＫＨネオケム,プライム（内国株式）,化学,2056,2075,2047,2069,6,0.290839,132300,OK
2024-10-31,4192,スパイダープラス,グロース（内国株式）,情報･通信業,438,442,430,430,0,0,58900,OK
2024-10-31,4193,ファブリカホールディングス,スタンダード（内国株式）,情報･通信業,1810,1810,1787,1787,2,0.112045,400,OK
2024-10-31,4194,ビジョナル,プライム（内国株式）,情報･通信業,8160,8270,8093,8233,73,0.894608,187100,OK
2024-10-31,4196,ネオマーケティング,スタンダード（内国株式）,情報･通信業,959,1009,959,998,52,5.496829,14200,OK
2024-10-31,4197,アスマーク,スタンダード（内国株式）,情報･通信業,2589,2616,2566,2596,13,0.503291,7500,OK
2024-10-31,4198,テンダ,スタンダード（内国株式）,情報･通信業,892,927,892,905,17,1.914414,47600,OK
2024-10-31,4199,ワンダープラネット,グロース（内国株式）,情報･通信業,760,770,744,769,18,2.396804,13800,OK
2024-10-31,4202,ダイセル,プライム（内国株式）,化学,1343,1364.5,1340.5,1362,17,1.263941,918000,OK
2024-10-31,4203,住友ベークライト,プライム（内国株式）,化学,4042,4086,4024,4057,22,0.545229,284200,OK
2024-10-31,4204,積水化学工業,プライム（内国株式）,化学,2164,2182.5,2153.5,2170,15,0.696056,1398700,OK
2024-10-31,4205,日本ゼオン,プライム（内国株式）,化学,1416.5,1432,1407.5,1432,20,1.416431,1401800,OK
2024-10-31,4206,アイカ工業,プライム（内国株式）,化学,3319,3360,3251,3310,-2,-0.060386,421500,OK
2024-10-31,4208,ＵＢＥ,プライム（内国株式）,化学,2530,2545,2497,2533.5,19,0.755617,364400,OK
2024-10-31,4212,積水樹脂,プライム（内国株式）,化学,2267,2318,2253,2277,12,0.529801,45100,OK
2024-10-31,4216,旭有機材,プライム（内国株式）,化学,4155,4170,4085,4125,0,0,49700,OK
2024-10-31,4218,ニチバン,プライム（内国株式）,化学,1928,1969,1928,1960,32,1.659751,16000,OK
2024-10-31,4220,リケンテクノス,プライム（内国株式）,化学,1050,1063,1036,1048,9,0.866218,97500,OK
2024-10-31,4221,大倉工業,プライム（内国株式）,化学,2700,2727,2699,2715,19,0.704748,25800,OK
2024-10-31,4222,児玉化学工業,スタンダード（内国株式）,化学,317,323,312,321,4,1.26183,47200,OK
2024-10-31,4224,ロンシール工業,スタンダード（内国株式）,化学,1505,1505,1495,1497,2,0.133779,1900,OK
2024-10-31,4228,積水化成品工業,プライム（内国株式）,化学,377,379,373,374,-1,-0.266667,137500,OK
2024-10-31,4229,群栄化学工業,プライム（内国株式）,化学,2733,2791,2733,2760,18,0.656455,8000,OK
2024-10-31,4231,タイガースポリマー,スタンダード（内国株式）,化学,715,736,715,729,17,2.38764,28900,OK
2024-10-31,4234,サンエー化研,スタンダード（内国株式）,化学,507,507,502,507,0,0,2900,OK
2024-10-31,4235,ウルトラファブリックス・ホールディングス,スタンダード（内国株式）,化学,826,830,824,830,4,0.484262,11500,OK
2024-10-31,4237,フジプレアム,スタンダード（内国株式）,化学,295,299,294,296,-1,-0.3367,18400,OK
2024-10-31,4238,ミライアル,スタンダード（内国株式）,化学,1458,1472,1426,1472,23,1.587302,17700,OK
2024-10-31,4240,クラスターテクノロジー,グロース（内国株式）,化学,238,240,224,240,0,0,26200,OK
2024-10-31,4241,アテクト,スタンダード（内国株式）,化学,518,519,510,515,-3,-0.579151,2400,OK
2024-10-31,4242,タカギセイコー,スタンダード（内国株式）,化学,1590,1600,1560,1565,-21,-1.324086,1400,OK
2024-10-31,4243,ニックス,スタンダード（内国株式）,化学,743,743,743,743,-2,-0.268456,100,OK
2024-10-31,4245,ダイキアクシス,スタンダード（内国株式）,化学,696,708,692,704,13,1.881331,19600,OK
2024-10-31,4246,ダイキョーニシカワ,プライム（内国株式）,化学,638,644,637,640,-4,-0.621118,149200,OK
2024-10-31,4247,ポバール興業,スタンダード（内国株式）,化学,1187,1189,1179,1179,-8,-0.673968,800,OK
2024-10-31,4248,竹本容器,スタンダード（内国株式）,化学,828,870,828,863,40,4.860267,52500,OK
2024-10-31,4249,森六ホールディングス,プライム（内国株式）,化学,2386,2419,2351,2358,-28,-1.173512,35300,OK
2024-10-31,4251,恵和,プライム（内国株式）,化学,1032,1044,1027,1043,16,1.557936,71600,OK
2024-10-31,4255,ＴＨＥＣＯＯ,グロース（内国株式）,情報･通信業,489,490,482,482,-10,-2.03252,9500,OK
2024-10-31,4256,サインド,グロース（内国株式）,情報･通信業,1020,1020,989,1018,0,0,4100,OK
2024-10-31,4257,エヴィクサー,TOKYO PRO MARKET（内国株式）,情報･通信業,,,,,,,,NO_QUOTE
2024-10-31,4258,網屋,グロース（内国株式）,情報･通信業,2767,2796,2740,2775,8,0.289122,11200,OK
2024-10-31,4259,エクサウィザーズ,グロース（内国株式）,情報･通信業,332,337,329,336,0,0,411000,OK
2024-10-31,4260,ハイブリッドテクノロジーズ,グロース（内国株式）,情報･通信業,465,484,465,479,7,1.483051,25100,OK
2024-10-31,4261,アジアクエスト,グロース（内国株式）,情報･通信業,1942,1970,1928,1962,0,0,3400,OK
2024-10-31,4262,ニフティライフスタイル,グロース（内国株式）,情報･通信業,867,876,860,870,5,0.578035,4000,OK
2024-10-31,4263,サスメド,グロース（内国株式）,情報･通信業,598,598,584,597,3,0.505051,44000,OK
2024-10-31,4264,セキュア,グロース（内国株式）,情報･通信業,1869,1869,1825,1854,-12,-0.643087,20700,OK
2024-10-31,4265,Ｉｎｓｔｉｔｕｔｉｏｎ　ｆｏｒ　ａ　Ｇｌｏｂａｌ　Ｓｏｃｉｅｔｙ,グロース（内国株式）,情報･通信業,325,345,320,334,8,2.453988,32500,OK
2024-10-31,4267,ライトワークス,グロース（内国株式）,情報･通信業,1000,1005,992,1005,-5,-0.49505,1300,OK
2024-10-31,4268,エッジテクノロジー,グロース（内国株式）,情報･通信業,838,840,838,838,-2,-0.238095,6400,OK
2024-10-31,4270,ＢｅｅＸ,グロース（内国株式）,情報･通信業,2995,3045,2960,3040,49,1.638248,4000,OK
2024-10-31,4272,日本化薬,プライム（内国株式）,化学,1212.5,1225,1201,1214,9,0.746888,521600,OK
2024-10-31,4274,細谷火工,スタンダード（内国株式）,化学,1126,1166,1126,1155,31,2.758007,18900,OK
2024-10-31,4275,カーリット,プライム（内国株式）,化学,1258,1293,1251,1286,34,2.715655,140300,OK
2024-10-31,4284,ソルクシーズ,スタンダード（内国株式）,情報･通信業,282,287,280,286,6,2.142857,54000,OK
2024-10-31,4286,ＣＬホールディングス,スタンダード（内国株式）,サービス業,923,940,923,936,9,0.970874,7900,OK
2024-10-31,4287,ジャストプランニング,スタンダード（内国株式）,情報･通信業,373,373,366,371,-2,-0.536193,5000,OK
2024-10-31,4288,アズジェント,スタンダード（内国株式）,情報･通信業,504,507,494,507,-2,-0.392927,5900,OK
2024-10-31,4290,プレステージ・インターナショナル,プライム（内国株式）,サービス業,695,696,684,686,-9,-1.294964,203400,OK
2024-10-31,4293,セプテーニ・ホールディングス,スタンダード（内国株式）,サービス業,449,450,444,448,-2,-0.444444,442100,OK
2024-10-31,4295,フェイス,スタンダード（内国株式）,情報･通信業,380,382,378,382,5,1.32626,14300,OK
2024-10-31,4298,プロトコーポレーション,プライム（内国株式）,サービス業,1404,1429,1377,1428,32,2.292264,35800,OK
2024-10-31,4299,ハイマックス,スタンダード（内国株式）,情報･通信業,1347,1389,1347,1386,43,3.201787,6300,OK
2024-10-31,4301,アミューズ,プライム（内国株式）,サービス業,1360,1365,1356,1357,-2,-0.147167,20100,OK
2024-10-31,4304,Ｅストアー,スタンダード（内国株式）,情報･通信業,1368,1370,1353,1369,1,0.073099,2900,OK
2024-10-31,4307,野村総合研究所,プライム（内国株式）,情報･通信業,4615,4740,4545,4592,-407,-8.141628,4512100,OK
2024-10-31,4308,Ｊストリーム,グロース（内国株式）,情報･通信業,360,405,359,366,29,8.605341,970400,OK
2024-10-31,4310,ドリームインキュベータ,プライム（内国株式）,サービス業,2225,2325,2218,2325,78,3.471295,25700,OK
2024-10-31,4316,ビーマップ,グロース（内国株式）,情報･通信業,431,437,430,432,-2,-0.460829,33300,OK
2024-10-31,4317,レイ,スタンダード（内国株式）,サービス業,414,416,413,413,-2,-0.481928,1900,OK
2024-10-31,4318,クイック,プライム（内国株式）,サービス業,1988,2024,1982,2023,28,1.403509,24400,OK
2024-10-31,4319,ＴＡＣ,スタンダード（内国株式）,サービス業,161,164,160,162,2,1.25,26900,OK
2024-10-31,4320,ＣＥホールディングス,スタンダード（内国株式）,情報･通信業,407,431,407,429,27,6.716418,42200,OK
2024-10-31,4323,日本システム技術,プライム（内国株式）,情報･通信業,1854,1854,1819,1851,15,0.816993,22600,OK
2024-10-31,4324,電通グループ,プライム（内国株式）,サービス業,4805,4808,4676,4734,-56,-1.169102,1082200,OK
2024-10-31,4326,インテージホールディングス,プライム（内国株式）,情報･通信業,1591,1605,1580,1604,39,2.492013,19800,OK
2024-10-31,4331,テイクアンドギヴ・ニーズ,プライム（内国株式）,サービス業,889,889,876,879,-2,-0.227015,22300,OK
2024-10-31,4333,東邦システムサイエンス,プライム（内国株式）,情報･通信業,1452,1483,1445,1459,-5,-0.34153,13600,OK
2024-10-31,4334,ユークス,スタンダード（内国株式）,情報･通信業,360,365,360,362,-2,-0.549451,5000,OK
2024-10-31,4335,アイ・ピー・エス,スタンダード（内国株式）,情報･通信業,1044,1044,1042,1042,14,1.361868,200,OK
2024-10-31,4337,ぴあ,プライム（内国株式）,サービス業,3080,3140,3080,3130,65,2.120718,5000,OK
2024-10-31,4341,西菱電機,スタンダード（内国株式）,サービス業,,,,,,,,NO_QUOTE
2024-10-31,4343,イオンファンタジー,プライム（内国株式）,サービス業,2670,2685,2636,2675,29,1.095994,151900,OK
2024-10-31,4344,ソースネクスト,プライム（内国株式）,情報･通信業,219,227,218,223,6,2.764977,1733000,OK
2024-10-31,4345,シーティーエス,プライム（内国株式）,サービス業,921,923,905,911,-5,-0.545852,50400,OK
2024-10-31,4346,ＮＥＸＹＺ．Ｇｒｏｕｐ,スタンダード（内国株式）,その他金融業,766,784,752,774,-7,-0.896287,48900,OK
2024-10-31,4347,ブロードメディア,スタンダード（内国株式）,サービス業,1455,1476,1411,1437,-48,-3.232323,89500,OK
2024-10-31,4350,メディカルシステムネットワーク,スタンダード（内国株式）,小売業,420,428,416,428,11,2.63789,24400,OK
2024-10-31,4351,山田債権回収管理総合事務所,スタンダード（内国株式）,その他金融業,916,921,911,911,-6,-0.654308,2100,OK
2024-10-31,4356,応用技術,スタンダード（内国株式）,情報･通信業,1405,1410,1401,1410,5,0.355872,2400,OK
2024-10-31,4360,マナック・ケミカル・パートナーズ,スタンダード（内国株式）,化学,516,518,516,516,-1,-0.193424,1200,OK
2024-10-31,4361,川口化学工業,スタンダード（内国株式）,化学,1653,1685,1653,1669,18,1.090248,3000,OK
2024-10-31,4362,日本精化,プライム（内国株式）,化学,2407,2535,2382,2400,93,4.031209,73400,OK
2024-10-31,4365,松本油脂製薬,スタンダード（内国株式）,化学,,,,,,,,NO_QUOTE
2024-10-31,4366,ダイトーケミックス,スタンダード（内国株式）,化学,665,665,638,639,-25,-3.76506,10600,OK
2024-10-31,4367,広栄化学,スタンダード（内国株式）,化学,2247,2260,2236,2245,-2,-0.089008,2800,OK
2024-10-31,4368,扶桑化学工業,プライム（内国株式）,化学,3760,3795,3710,3775,70,1.889339,150700,OK
2024-10-31,4369,トリケミカル研究所,プライム（内国株式）,化学,3075,3140,3060,3125,30,0.969305,135800,OK
2024-10-31,4370,モビルス,グロース（内国株式）,情報･通信業,326,326,318,321,1,0.3125,6700,OK
2024-10-31,4371,コアコンセプト・テクノロジー,グロース（内国株式）,情報･通信業,1278,1325,1277,1301,-7,-0.535168,70700,OK
2024-10-31,4372,ユミルリンク,グロース（内国株式）,情報･通信業,1288,1291,1256,1289,1,0.07764,4600,OK
2024-10-31,4373,シンプレクス・ホールディングス,プライム（内国株式）,情報･通信業,2499,2548,2450,2500,101,4.210088,622900,OK
2024-10-31,4374,ＲＯＢＯＴ　ＰＡＹＭＥＮＴ,グロース（内国株式）,情報･通信業,2110,2141,2104,2116,1,0.047281,4200,OK
2024-10-31,4375,セーフィー,グロース（内国株式）,情報･通信業,752,780,750,778,32,4.289544,81600,OK
2024-10-31,4376,くふうカンパニー,グロース（内国株式）,情報･通信業,234,242,234,238,2,0.847458,15300,OK
2024-10-31,4377,ワンキャリア,グロース（内国株式）,情報･通信業,4185,4250,4170,4195,-25,-0.592417,8000,OK
2024-10-31,4378,ＣＩＮＣ,グロース（内国株式）,情報･通信業,690,743,690,712,23,3.338171,68700,OK
2024-10-31,4379,Ｐｈｏｔｏｓｙｎｔｈ,グロース（内国株式）,情報･通信業,364,372,357,370,6,1.648352,65500,OK
2024-10-31,4380,Ｍマート,グロース（内国株式）,情報･通信業,1105,1105,1083,1086,-19,-1.719457,900,OK
2024-10-31,4381,ビープラッツ,グロース（内国株式）,情報･通信業,682,690,682,690,0,0,200,OK
2024-10-31,4382,ＨＥＲＯＺ,スタンダード（内国株式）,情報･通信業,1183,1217,1131,1133,-110,-8.849558,225400,OK
2024-10-31,4384,ラクスル,プライム（内国株式）,情報･通信業,1243,1303,1239,1302,60,4.830918,459400,OK
2024-10-31,4385,メルカリ,プライム（内国株式）,情報･通信業,2155,2173,2119,2159.5,28,1.313629,7547500,OK
2024-10-31,4386,ＳＩＧグループ,スタンダード（内国株式）,情報･通信業,690,709,686,705,16,2.322206,20800,OK
2024-10-31,4387,ＺＵＵ,グロース（内国株式）,情報･通信業,730,737,722,730,-8,-1.084011,2700,OK
2024-10-31,4388,エーアイ,グロース（内国株式）,情報･通信業,585,593,582,591,4,0.681431,5900,OK
2024-10-31,4389,プロパティデータバンク,グロース（内国株式）,情報･通信業,1541,1541,1471,1489,-52,-3.374432,9300,OK
2024-10-31,4390,アイ・ピー・エス,プライム（内国株式）,情報･通信業,2381,2433,2381,2425,25,1.041667,27400,OK
2024-10-31,4391,ロジザード,グロース（内国株式）,情報･通信業,1251,1280,1225,1280,25,1.992032,2900,OK
2024-10-31,4392,ＦＩＧ,プライム（内国株式）,情報･通信業,300,307,300,304,5,1.672241,151600,OK
2024-10-31,4393,バンク・オブ・イノベーション,グロース（内国株式）,情報･通信業,5190,5270,5060,5130,-60,-1.156069,58000,OK
2024-10-31,4394,エクスモーション,グロース（内国株式）,情報･通信業,,,,,,,,NO_QUOTE
2024-10-31,4395,アクリート,グロース（内国株式）,情報･通信業,596,603,588,597,-7,-1.15894,5100,OK
2024-10-31,4396,システムサポート,プライム（内国株式）,情報･通信業,1809,1843,1795,1837,33,1.829268,27500,OK
2024-10-31,4397,チームスピリット,グロース（内国株式）,情報･通信業,345,345,340,344,-1,-0.289855,32900,OK
2024-10-31,4398,ブロードバンドセキュリティ,スタンダード（内国株式）,情報･通信業,1480,1488,1471,1488,-1,-0.067159,3700,OK
2024-10-31,4401,ＡＤＥＫＡ,プライム（内国株式）,化学,2769,2794.5,2748.5,2788,31,1.124411,226800,OK
2024-10-31,4403,日油,プライム（内国株式）,化学,2509.5,2515,2475.5,2507.5,-10,-0.397219,821800,OK
2024-10-31,4404,ミヨシ油脂,スタンダード（内国株式）,食料品,1423,1448,1410,1445,22,1.54603,74800,OK
2024-10-31,4406,新日本理化,スタンダード（内国株式）,化学,188,190,185,190,3,1.604278,80100,OK
2024-10-31,4409,東邦化学工業,スタンダード（内国株式）,化学,619,620,605,610,-2,-0.326797,10500,OK
2024-10-31,4410,ハリマ化成グループ,プライム（内国株式）,化学,860,890,860,873,16,1.866978,61500,OK
2024-10-31,4412,サイエンスアーツ,グロース（内国株式）,情報･通信業,574,575,560,565,-8,-1.396161,14000,OK
2024-10-31,4413,ボードルア,グロース（内国株式）,情報･通信業,4735,4740,4655,4705,-5,-0.106157,62000,OK
2024-10-31,4414,フレクト,グロース（内国株式）,情報･通信業,1847,1884,1820,1866,21,1.138211,6000,OK
2024-10-31,4415,ブロードエンタープライズ,グロース（内国株式）,情報･通信業,877,883,859,877,0,0,9000,OK
2024-10-31,4416,Ｔｒｕｅ　Ｄａｔａ,グロース（内国株式）,情報･通信業,443,443,429,435,5,1.162791,15500,OK
2024-10-31,4417,グローバルセキュリティエキスパート,グロース（内国株式）,情報･通信業,5140,5140,4915,4970,-340,-6.403013,103700,OK
2024-10-31,4418,ＪＤＳＣ,グロース（内国株式）,情報･通信業,871,915,870,889,15,1.716247,170600,OK
2024-10-31,4419,Ｆｉｎａｔｅｘｔホールディングス,グロース（内国株式）,情報･通信業,898,908,889,897,-3,-0.333333,84000,OK
2024-10-31,4420,イーソル,スタンダード（内国株式）,情報･通信業,704,726,704,715,15,2.142857,28100,OK
2024-10-31,4421,ディ・アイ・システム,スタンダード（内国株式）,情報･通信業,831,838,831,838,9,1.085645,900,OK
2024-10-31,4422,ＶＡＬＵＥＮＥＸ,グロース（内国株式）,情報･通信業,686,686,682,682,-4,-0.58309,800,OK
2024-10-31,4424,Ａｍａｚｉａ,グロース（内国株式）,情報･通信業,342,349,335,345,1,0.290698,10700,OK
2024-10-31,4425,Ｋｕｄａｎ,グロース（内国株式）,情報･通信業,1558,1568,1535,1563,-11,-0.698856,40300,OK
2024-10-31,4426,パスロジ,TOKYO PRO MARKET（内国株式）,情報･通信業,,,,,,,,NO_QUOTE
2024-10-31,4427,ＥｄｕＬａｂ,グロース（内国株式）,情報･通信業,291,291,274,290,15,5.454545,32500,OK
2024-10-31,4428,シノプス,グロース（内国株式）,情報･通信業,940,948,931,935,-5,-0.531915,1300,OK
2024-10-31,4429,リックソフト,グロース（内国株式）,情報･通信業,1056,1069,1051,1051,-13,-1.221805,6400,OK
2024-10-31,4430,東海ソフト,スタンダード（内国株式）,情報･通信業,1238,1260,1235,1260,35,2.857143,6400,OK
2024-10-31,4431,スマレジ,グロース（内国株式）,情報･通信業,2890,2930,2864,2924,0,0,60700,OK
2024-10-31,4432,ウイングアーク１ｓｔ,プライム（内国株式）,情報･通信業,3260,3295,3180,3270,10,0.306748,59400,OK
2024-10-31,4433,ヒト・コミュニケーションズ・ホールディングス,プライム（内国株式）,情報･通信業,807,825,805,820,13,1.610905,39100,OK
2024-10-31,4434,サーバーワークス,スタンダード（内国株式）,情報･通信業,2335,2391,2330,2382,29,1.232469,46600,OK
2024-10-31,4435,カオナビ,グロース（内国株式）,情報･通信業,2415,2420,2372,2390,-19,-0.788709,47200,OK
2024-10-31,4436,ミンカブ・ジ・インフォノイド,グロース（内国株式）,情報･通信業,853,868,849,862,-1,-0.115875,46300,OK
2024-10-31,4437,ｇｏｏｄｄａｙｓホールディングス,グロース（内国株式）,情報･通信業,610,610,602,602,-8,-1.311475,900,OK
2024-10-31,4438,Ｗｅｌｂｙ,グロース（内国株式）,情報･通信業,412,412,407,408,-5,-1.210654,800,OK
2024-10-31,4439,東名,スタンダード（内国株式）,情報･通信業,2160,2249,2146,2239,129,6.113744,114100,OK
2024-10-31,4440,ヴィッツ,スタンダード（内国株式）,情報･通信業,775,787,774,787,13,1.679587,3100,OK
2024-10-31,4441,トビラシステムズ,スタンダード（内国株式）,情報･通信業,745,745,729,739,-6,-0.805369,29900,OK
2024-10-31,4442,バルテス・ホールディングス,グロース（内国株式）,情報･通信業,389,400,389,398,4,1.015228,81100,OK
2024-10-31,4443,Ｓａｎｓａｎ,プライム（内国株式）,情報･通信業,2176,2254,2165,2253,68,3.112128,554100,OK
2024-10-31,4444,インフォネット,グロース（内国株式）,情報･通信業,835,837,820,835,11,1.334951,1400,OK
2024-10-31,4445,リビン・テクノロジーズ,グロース（内国株式）,情報･通信業,1763,1763,1759,1759,-4,-0.226886,300,OK
2024-10-31,4446,Ｌｉｎｋ−Ｕグループ,プライム（内国株式）,情報･通信業,469,480,465,480,13,2.783726,9000,OK
2024-10-31,4447,ピー・ビーシステムズ,グロース（内国株式）,情報･通信業,603,607,601,602,-1,-0.165837,14000,OK
2024-10-31,4448,ｋｕｂｅｌｌ,グロース（内国株式）,情報･通信業,454,461,450,461,10,2.217295,105800,OK
2024-10-31,4449,ギフティ,プライム（内国株式）,情報･通信業,925,946,917,941,16,1.72973,188900,OK
2024-10-31,4450,パワーソリューションズ,グロース（内国株式）,情報･通信業,1360,1380,1350,1375,15,1.102941,2000,OK
2024-10-31,4452,花王,プライム（内国株式）,化学,6772,6811,6732,6780,2,0.029507,1488000,OK
2024-10-31,4461,第一工業製薬,プライム（内国株式）,化学,3215,3480,3210,3435,160,4.885496,145700,OK
2024-10-31,4462,石原ケミカル,プライム（内国株式）,化学,2430,2573,2407,2439,19,0.785124,173900,OK
2024-10-31,4463,日華化学,スタンダード（内国株式）,化学,1239,1276,1233,1276,35,2.820306,69700,OK
2024-10-31,4464,ソフト９９コーポレーション,スタンダード（内国株式）,化学,1486,1498,1468,1468,-21,-1.410343,8500,OK
2024-10-31,4465,ニイタカ,スタンダード（内国株式）,化学,1908,1920,1893,1920,30,1.587302,11700,OK
2024-10-31,4471,三洋化成工業,プライム（内国株式）,化学,4120,4155,4110,4150,25,0.606061,17000,OK
2024-10-31,4475,ＨＥＮＮＧＥ,グロース（内国株式）,情報･通信業,1096,1124,1090,1117,9,0.812274,223700,OK
2024-10-31,4476,ＡＩ　ＣＲＯＳＳ,グロース（内国株式）,情報･通信業,1798,1804,1787,1804,3,0.166574,12800,OK
2024-10-31,4477,ＢＡＳＥ,グロース（内国株式）,情報･通信業,237,240,236,239,0,0,1096100,OK
2024-10-31,4478,フリー,グロース（内国株式）,情報･通信業,2813,2875,2782,2875,25,0.877193,300300,OK
2024-10-31,4479,マクアケ,グロース（内国株式）,情報･通信業,527,539,522,536,1,0.186916,23900,OK
2024-10-31,4480,メドレー,プライム（内国株式）,情報･通信業,3680,3785,3660,3770,105,2.864939,347800,OK
2024-10-31,4481,ベース,プライム（内国株式）,情報･通信業,2978,2978,2942,2976,8,0.269542,17700,OK
2024-10-31,4482,ウィルズ,グロース（内国株式）,情報･通信業,579,582,579,582,3,0.518135,14800,OK
2024-10-31,4483,ＪＭＤＣ,プライム（内国株式）,情報･通信業,4280,4364,4250,4301,-41,-0.944265,271700,OK
2024-10-31,4484,ランサーズ,グロース（内国株式）,情報･通信業,222,222,219,222,0,0,5100,OK
2024-10-31,4485,ＪＴＯＷＥＲ,グロース（内国株式）,情報･通信業,3590,3600,3585,3585,-10,-0.278164,31500,OK
2024-10-31,4486,ユナイトアンドグロウ,グロース（内国株式）,情報･通信業,1223,1239,1201,1216,-9,-0.734694,1100,OK
2024-10-31,4487,スペースマーケット,グロース（内国株式）,情報･通信業,315,317,312,315,-1,-0.316456,23800,OK
2024-10-31,4488,ＡＩ　ｉｎｓｉｄｅ,グロース（内国株式）,情報･通信業,3425,3480,3390,3460,35,1.021898,3900,OK
2024-10-31,4490,ビザスク,グロース（内国株式）,情報･通信業,1120,1170,1116,1164,32,2.826855,68100,OK
2024-10-31,4491,コンピューターマネージメント,スタンダード（内国株式）,情報･通信業,1640,1640,1639,1639,9,0.552147,1000,OK
2024-10-31,4492,ゼネテック,スタンダード（内国株式）,情報･通信業,627,637,623,635,7,1.11465,3500,OK
2024-10-31,4493,サイバーセキュリティクラウド,グロース（内国株式）,情報･通信業,1800,1820,1797,1816,-12,-0.656455,52300,OK
2024-10-31,4494,バリオセキュア,スタンダード（内国株式）,情報･通信業,587,589,581,581,-7,-1.190476,2800,OK
2024-10-31,4495,アイキューブドシステムズ,グロース（内国株式）,情報･通信業,1338,1350,1290,1350,7,0.521221,4100,OK
2024-10-31,4496,コマースＯｎｅホールディングス,グロース（内国株式）,情報･通信業,720,722,717,722,2,0.277778,600,OK
2024-10-31,4498,サイバートラスト,グロース（内国株式）,情報･通信業,2079,2142,2053,2068,-5,-0.241196,42700,OK
2024-10-31,4499,Ｓｐｅｅｅ,スタンダード（内国株式）,情報･通信業,2851,2991,2779,2945,108,3.806838,121700,OK
2024-10-31,4502,武田薬品工業,プライム（内国株式）,医薬品,4253,4268,4218,4264,13,0.30581,4561300,OK
2024-10-31,4503,アステラス製薬,プライム（内国株式）,医薬品,1809,1810.5,1763.5,1795.5,6.5,0.363331,10152700,OK
2024-10-31,4506,住友ファーマ,プライム（内国株式）,医薬品,520,531,496,528,-9,-1.675978,8789500,OK
2024-10-31,4507,塩野義製薬,プライム（内国株式）,医薬品,2222,2227,2169.5,2189,-21.5,-0.972631,3404100,OK
2024-10-31,4512,わかもと製薬,スタンダード（内国株式）,医薬品,229,237,228,236,8,3.508772,123400,OK
2024-10-31,4516,日本新薬,プライム（内国株式）,医薬品,4097,4129,4078,4109,9,0.219512,274000,OK
2024-10-31,4519,中外製薬,プライム（内国株式）,医薬品,7357,7401,7276,7340,0,0,2714300,OK
2024-10-31,4521,科研製薬,プライム（内国株式）,医薬品,3922,3933,3885,3905,7,0.179579,98700,OK
2024-10-31,4523,エーザイ,プライム（内国株式）,医薬品,5199,5220,5155,5178,-30,-0.576037,1163600,OK
2024-10-31,4524,森下仁丹,スタンダード（内国株式）,医薬品,2115,2115,2110,2112,1,0.047371,500,OK
2024-10-31,4526,理研ビタミン,プライム（内国株式）,食料品,2672,2694,2670,2675,-19,-0.705271,17800,OK
2024-10-31,4527,ロート製薬,プライム（内国株式）,医薬品,3407,3453,3384,3443,32,0.938141,517100,OK
2024-10-31,4528,小野薬品工業,プライム（内国株式）,医薬品,1950,1951.5,1910.5,1912.5,-25.5,-1.315789,3012100,OK
2024-10-31,4530,久光製薬,プライム（内国株式）,医薬品,4430,4500,4430,4488,84,1.907357,238700,OK
2024-10-31,4531,有機合成薬品工業,スタンダード（内国株式）,化学,258,268,257,268,13,5.098039,67800,OK
2024-10-31,4534,持田製薬,プライム（内国株式）,医薬品,3495,3550,3470,3510,40,1.152738,46400,OK
2024-10-31,4536,参天製薬,プライム（内国株式）,医薬品,1816,1833,1807,1829,16.5,0.910345,1246400,OK
2024-10-31,4538,扶桑薬品工業,プライム（内国株式）,医薬品,2500,2557,2490,2548,58,2.329317,30900,OK
2024-10-31,4539,日本ケミファ,スタンダード（内国株式）,医薬品,1485,1531,1485,1531,55,3.726287,7200,OK
2024-10-31,4540,ツムラ,プライム（内国株式）,医薬品,5092,5097,4971,5007,-63,-1.242604,322300,OK
2024-10-31,4543,テルモ,プライム（内国株式）,精密機器,2939,2971,2926,2944.5,-43,-1.439331,4058000,OK
2024-10-31,4544,Ｈ．Ｕ．グループホールディングス,プライム（内国株式）,サービス業,2637,2640,2619.5,2631,20.5,0.78529,119300,OK
2024-10-31,4547,キッセイ薬品工業,プライム（内国株式）,医薬品,3740,3770,3700,3740,25,0.672948,78900,OK
2024-10-31,4548,生化学工業,プライム（内国株式）,医薬品,863,883,856,878,23,2.690058,102200,OK
2024-10-31,4549,栄研化学,プライム（内国株式）,医薬品,2528,2539,2477,2479,-10,-0.401768,141000,OK
2024-10-31,4551,鳥居薬品,プライム（内国株式）,医薬品,4100,4160,4060,4145,60,1.468788,55400,OK
2024-10-31,4552,ＪＣＲファーマ,プライム（内国株式）,医薬品,673,690,646,689,36,5.513017,966400,OK
2024-10-31,4553,東和薬品,プライム（内国株式）,医薬品,3110,3150,3100,3150,55,1.77706,78300,OK
2024-10-31,4554,富士製薬工業,プライム（内国株式）,医薬品,1314,1324,1302,1317,-2,-0.15163,41200,OK
2024-10-31,4556,カイノス,スタンダード（内国株式）,医薬品,1171,1173,1151,1168,-3,-0.256191,2700,OK
2024-10-31,4558,中京医薬品,スタンダード（内国株式）,医薬品,206,207,205,207,1,0.485437,19100,OK
2024-10-31,4559,ゼリア新薬工業,プライム（内国株式）,医薬品,2341,2360,2313,2330,4,0.171969,77300,OK
2024-10-31,4563,アンジェス,グロース（内国株式）,医薬品,50,51,49,50,0,0,2118200,OK
2024-10-31,4564,オンコセラピー・サイエンス,グロース（内国株式）,医薬品,33,34,33,34,0,0,1578800,OK
2024-10-31,4565,ネクセラファーマ,プライム（内国株式）,医薬品,1205,1229,1201,1229,22,1.822701,480800,OK
2024-10-31,4568,第一三共,プライム（内国株式）,医薬品,4977,5044,4850,4981,-32,-0.63834,8624700,OK
2024-10-31,4569,杏林製薬,プライム（内国株式）,医薬品,1499,1519,1497,1517,18,1.200801,75800,OK
2024-10-31,4570,免疫生物研究所,グロース（内国株式）,医薬品,515,530,514,527,8,1.541426,114800,OK
2024-10-31,4571,ＮＡＮＯ　ＭＲＮＡ,グロース（内国株式）,医薬品,167,172,167,169,0,0,192000,OK
2024-10-31,4572,カルナバイオサイエンス,グロース（内国株式）,医薬品,306,314,303,313,4,1.294498,69200,OK
2024-10-31,4574,大幸薬品,プライム（内国株式）,医薬品,387,395,385,390,2,0.515464,135200,OK
2024-10-31,4575,キャンバス,グロース（内国株式）,医薬品,920,982,919,976,43,4.608789,314200,OK
2024-10-31,4576,デ・ウエスタン・セラピテクス研究所,グロース（内国株式）,医薬品,68,69,67,68,-1,-1.449275,111700,OK
2024-10-31,4577,ダイト,プライム（内国株式）,医薬品,2211,2264,2211,2237,19,0.856628,25500,OK
2024-10-31,4578,大塚ホールディングス,プライム（内国株式）,医薬品,9171,9338,8900,9272,113,1.233759,2338000,OK
2024-10-31,4579,ラクオリア創薬,グロース（内国株式）,医薬品,486,495,482,495,16,3.340292,94600,OK
2024-10-31,4582,シンバイオ製薬,グロース（内国株式）,医薬品,238,242,236,239,-1,-0.416667,196800,OK
2024-10-31,4583,カイオム・バイオサイエンス,グロース（内国株式）,医薬品,99,102,98,102,3,3.030303,876500,OK
2024-10-31,4584,キッズウェル・バイオ,グロース（内国株式）,医薬品,112,114,112,112,-2,-1.754386,112900,OK
2024-10-31,4586,メドレックス,グロース（内国株式）,医薬品,93,93,91,92,-2,-2.12766,269300,OK
2024-10-31,4587,ペプチドリーム,プライム（内国株式）,医薬品,2808,2855.5,2775.5,2838,3,0.10582,471800,OK
2024-10-31,4588,オンコリスバイオファーマ,グロース（内国株式）,医薬品,658,662,640,661,-5,-0.750751,692400,OK
2024-10-31,4591,リボミック,グロース（内国株式）,医薬品,80,81,79,81,0,0,100600,OK
2024-10-31,4592,サンバイオ,グロース（内国株式）,医薬品,1089,1094,1001,1010,5,0.497512,1766500,OK
2024-10-31,4593,ヘリオス,グロース（内国株式）,医薬品,205,205,201,203,-2,-0.97561,532300,OK
2024-10-31,4594,ブライトパス・バイオ,グロース（内国株式）,医薬品,47,51,47,51,3,6.25,818900,OK
2024-10-31,4595,ミズホメディー,スタンダード（内国株式）,医薬品,1649,1663,1643,1663,14,0.848999,21000,OK
2024-10-31,4596,窪田製薬ホールディングス,グロース（内国株式）,医薬品,61,62,61,61,0,0,48100,OK
2024-10-31,4597,ソレイジア・ファーマ,グロース（内国株式）,医薬品,46,50,44,44,-1,-2.222222,20561100,OK
2024-10-31,4598,Ｄｅｌｔａ−Ｆｌｙ　Ｐｈａｒｍａ,グロース（内国株式）,医薬品,546,566,535,558,8,1.454545,423400,OK
2024-10-31,4599,ステムリム,グロース（内国株式）,医薬品,363,371,362,366,-1,-0.27248,73900,OK
2024-10-31,4611,大日本塗料,プライム（内国株式）,化学,1026,1034,1021,1026,5,0.489716,48600,OK
2024-10-31,4612,日本ペイントホールディングス,プライム（内国株式）,化学,1175.5,1194.5,1167.5,1174,-6,-0.508475,4738600,OK
2024-10-31,4613,関西ペイント,プライム（内国株式）,化学,2486.5,2504.5,2475,2500,30,1.214575,861200,OK
2024-10-31,4615,神東塗料,スタンダード（内国株式）,化学,128,133,128,132,4,3.125,63800,OK
2024-10-31,4616,川上塗料,スタンダード（内国株式）,化学,,,,,,,,NO_QUOTE
2024-10-31,4617,中国塗料,プライム（内国株式）,化学,2189,2229,2161,2213,17,0.774135,367100,OK
2024-10-31,4619,日本特殊塗料,スタンダード（内国株式）,化学,1137,1161,1137,1161,28,2.471315,22300,OK
2024-10-31,4620,藤倉化成,スタンダード（内国株式）,化学,478,480,472,476,-3,-0.626305,41100,OK
2024-10-31,4623,アサヒペン,スタンダード（内国株式）,化学,1717,1728,1717,1728,11,0.640652,800,OK
2024-10-31,4624,イサム塗料,スタンダード（内国株式）,化学,2947,2947,2940,2940,4,0.13624,200,OK
2024-10-31,4625,アトミクス,スタンダード（内国株式）,化学,600,602,600,601,2,0.33389,1100,OK
2024-10-31,4626,太陽ホールディングス,プライム（内国株式）,化学,4000,4090,4000,4070,70,1.75,144200,OK
2024-10-31,4627,ナトコ,スタンダード（内国株式）,化学,1401,1404,1384,1396,-17,-1.203114,5300,OK
2024-10-31,4628,エスケー化研,スタンダード（内国株式）,化学,9080,9080,8870,8870,-220,-2.420242,2200,OK
2024-10-31,4629,大伸化学,スタンダード（内国株式）,化学,,,,,,,,NO_QUOTE
2024-10-31,4631,ＤＩＣ,プライム（内国株式）,化学,3285,3349,3275,3343,48,1.456753,239800,OK
2024-10-31,4633,サカタインクス,プライム（内国株式）,化学,1545,1562,1535,1553,22,1.436969,89400,OK
2024-10-31,4634,ａｒｔｉｅｎｃｅ,プライム（内国株式）,化学,3665,3715,3615,3690,40,1.09589,199100,OK
2024-10-31,4635,東京インキ,スタンダード（内国株式）,化学,2952,2961,2952,2961,-28,-0.936768,700,OK
2024-10-31,4641,アルプス技研,プライム（内国株式）,サービス業,2730,2784,2712,2781,38,1.385345,13500,OK
2024-10-31,4642,オリジナル設計,スタンダード（内国株式）,サービス業,1198,1198,1198,1198,0,0,100,OK
2024-10-31,4644,イマジニア,スタンダード（内国株式）,情報･通信業,993,1003,993,996,2,0.201207,20500,OK
2024-10-31,4645,市進ホールディングス,スタンダード（内国株式）,サービス業,500,500,500,500,3,0.603622,1000,OK
2024-10-31,4650,ＳＤエンターテイメント,スタンダード（内国株式）,サービス業,275,277,275,276,1,0.363636,2800,OK
2024-10-31,4651,サニックス,スタンダード（内国株式）,サービス業,270,271,266,271,3,1.119403,36100,OK
2024-10-31,4657,環境管理センター,スタンダード（内国株式）,サービス業,446,449,445,445,-1,-0.224215,800,OK
2024-10-31,4658,日本空調サービス,プライム（内国株式）,サービス業,1019,1032,1006,1023,1,0.097847,65500,OK
2024-10-31,4659,エイジス,スタンダード（内国株式）,サービス業,2466,2509,2465,2509,-7,-0.278219,2500,OK
2024-10-31,4661,オリエンタルランド,プライム（内国株式）,サービス業,3600,3808,3560,3705,48,1.312551,11970400,OK
2024-10-31,4662,フォーカスシステムズ,プライム（内国株式）,情報･通信業,1069,1087,1055,1082,22,2.075472,12700,OK
2024-10-31,4664,アール・エス・シー,スタンダード（内国株式）,サービス業,1400,1400,1400,1400,300,27.272727,49900,OK
2024-10-31,4665,ダスキン,プライム（内国株式）,サービス業,4045,4060,4032,4035,7,0.173784,66000,OK
2024-10-31,4666,パーク２４,プライム（内国株式）,不動産業,1890,1912.5,1884,1911,25,1.325557,842800,OK
2024-10-31,4667,アイサンテクノロジー,スタンダード（内国株式）,情報･通信業,1134,1140,1131,1136,-1,-0.087951,1200,OK
2024-10-31,4668,明光ネットワークジャパン,プライム（内国株式）,サービス業,673,682,672,679,13,1.951952,77800,OK
2024-10-31,4671,ファルコホールディングス,スタンダード（内国株式）,サービス業,2371,2371,2336,2363,1,0.042337,12200,OK
2024-10-31,4673,川崎地質,スタンダード（内国株式）,サービス業,2485,2485,2485,2485,14,0.566572,100,OK
2024-10-31,4674,クレスコ,プライム（内国株式）,情報･通信業,1237,1241,1211,1237,12,0.979592,79400,OK
2024-10-31,4676,フジ・メディア・ホールディングス,プライム（内国株式）,情報･通信業,1730,1747.5,1729.5,1737,16,0.929692,463800,OK
2024-10-31,4678,秀英予備校,スタンダード（内国株式）,サービス業,253,260,253,260,8,3.174603,12900,OK
2024-10-31,4679,田谷,スタンダード（内国株式）,サービス業,347,347,333,334,-3,-0.890208,37600,OK
2024-10-31,4680,ラウンドワン,プライム（内国株式）,サービス業,971,977,954,974,4,0.412371,1469800,OK
2024-10-31,4681,リゾートトラスト,プライム（内国株式）,サービス業,2794,2802,2781,2786,-5.5,-0.197027,231100,OK
2024-10-31,4684,オービック,プライム（内国株式）,情報･通信業,5001,5014,4925,4991,10,0.200763,1481000,OK
2024-10-31,4685,菱友システムズ,スタンダード（内国株式）,情報･通信業,3900,3950,3885,3935,35,0.897436,6500,OK
2024-10-31,4686,ジャストシステム,プライム（内国株式）,情報･通信業,3425,3445,3410,3435,0,0,77500,OK
2024-10-31,4687,ＴＤＣソフト,プライム（内国株式）,情報･通信業,1211,1248,1173,1245,34,2.807597,78200,OK
2024-10-31,4689,ＬＩＮＥヤフー,プライム（内国株式）,情報･通信業,415.1,420.3,411.2,419.4,1.5,0.358938,11180100,OK
2024-10-31,4690,日本パレットプール,スタンダード（内国株式）,サービス業,1655,1658,1631,1642,-13,-0.785498,3700,OK
2024-10-31,4691,ワシントンホテル,スタンダード（内国株式）,サービス業,690,697,690,697,6,0.868307,8100,OK
2024-10-31,4694,ビー・エム・エル,プライム（内国株式）,サービス業,2791,2822,2791,2810,20,0.716846,47100,OK
2024-10-31,4704,トレンドマイクロ,プライム（内国株式）,情報･通信業,8199,8199,8046,8071,-86,-1.054309,430500,OK
2024-10-31,4705,クリップコーポレーション,スタンダード（内国株式）,サービス業,853,854,853,854,1,0.117233,500,OK
2024-10-31,4707,キタック,スタンダード（内国株式）,サービス業,376,379,376,378,2,0.531915,13900,OK
2024-10-31,4709,ＩＤホールディングス,プライム（内国株式）,情報･通信業,1403,1500,1378,1480,107,7.793154,52200,OK
2024-10-31,4712,ＫｅｙＨｏｌｄｅｒ,スタンダード（内国株式）,サービス業,744,747,740,747,6,0.809717,10000,OK
2024-10-31,4714,リソー教育,プライム（内国株式）,サービス業,282,285,280,282,0,0,332100,OK
2024-10-31,4716,日本オラクル,スタンダード（内国株式）,情報･通信業,14745,14775,14615,14685,-45,-0.305499,143200,OK
2024-10-31,4718,早稲田アカデミー,プライム（内国株式）,サービス業,1674,1694,1630,1679,17,1.022864,13200,OK
2024-10-31,4719,アルファシステムズ,プライム（内国株式）,情報･通信業,3245,3275,3210,3210,-40,-1.230769,10800,OK
2024-10-31,4720,城南進学研究社,スタンダード（内国株式）,サービス業,279,281,279,279,-2,-0.711744,3000,OK
2024-10-31,4722,フューチャー,プライム（内国株式）,情報･通信業,1918,1965,1907,1962,57,2.992126,310400,OK
2024-10-31,4725,ＣＡＣ　Ｈｏｌｄｉｎｇｓ,プライム（内国株式）,情報･通信業,1737,1745,1732,1740,-1,-0.057438,19600,OK
2024-10-31,4728,トーセ,スタンダード（内国株式）,情報･通信業,608,622,608,622,15,2.47117,11500,OK
2024-10-31,4732,ユー・エス・エス,プライム（内国株式）,サービス業,1286,1290,1276.5,1283,11.5,0.904444,1800700,OK
2024-10-31,4733,オービックビジネスコンサルタント,プライム（内国株式）,情報･通信業,6850,6931,6721,6820,-94,-1.35956,237900,OK
2024-10-31,4735,京進,スタンダード（内国株式）,サービス業,407,408,404,404,-4,-0.980392,1700,OK
2024-10-31,4736,日本ラッド,スタンダード（内国株式）,情報･通信業,605,605,585,602,3,0.500835,12800,OK
2024-10-31,4743,アイティフォー,プライム（内国株式）,情報･通信業,1370,1374,1344,1367,-8,-0.581818,36500,OK
2024-10-31,4745,東京個別指導学院,スタンダード（内国株式）,サービス業,393,402,393,400,10,2.564103,47600,OK
2024-10-31,4746,東計電算,スタンダード（内国株式）,情報･通信業,4600,4695,4585,4680,0,0,5700,OK
2024-10-31,4750,ダイサン,スタンダード（内国株式）,サービス業,557,557,543,547,-11,-1.971326,9200,OK
2024-10-31,4751,サイバーエージェント,プライム（内国株式）,サービス業,961,1007,957,1006.5,-32.5,-3.128008,15243600,OK
2024-10-31,4752,昭和システムエンジニアリング,スタンダード（内国株式）,情報･通信業,1252,1266,1252,1254,2,0.159744,300,OK
2024-10-31,4754,トスネット,スタンダード（内国株式）,サービス業,1215,1235,1214,1214,-13,-1.059495,2500,OK
2024-10-31,4755,楽天グループ,プライム（内国株式）,サービス業,925.1,929.5,915.6,922.7,0,0,15658400,OK
2024-10-31,4760,アルファ,スタンダード（内国株式）,サービス業,1630,1649,1608,1647,-16,-0.962117,1000,OK
2024-10-31,4761,さくらケーシーエス,スタンダード（内国株式）,情報･通信業,1153,1187,1153,1177,15,1.290878,20400,OK
2024-10-31,4762,エックスネット,スタンダード（内国株式）,情報･通信業,1346,1470,1342,1361,16,1.189591,17100,OK
2024-10-31,4763,クリーク・アンド・リバー社,プライム（内国株式）,サービス業,1610,1614,1599,1612,10,0.62422,41200,OK
2024-10-31,4765,ＳＢＩグローバルアセットマネジメント,プライム（内国株式）,サービス業,600,612,600,610,8,1.328904,101600,OK
2024-10-31,4766,ピーエイ,スタンダード（内国株式）,サービス業,297,297,295,295,1,0.340136,9800,OK
2024-10-31,4767,テー・オー・ダブリュー,スタンダード（内国株式）,サービス業,320,324,319,321,1,0.3125,38900,OK
2024-10-31,4768,大塚商会,プライム（内国株式）,情報･通信業,3405,3450,3389,3436,13,0.379784,1049700,OK
2024-10-31,4769,ＩＣ,スタンダード（内国株式）,情報･通信業,927,927,927,927,-4,-0.429646,100,OK
2024-10-31,4771,エフアンドエム,スタンダード（内国株式）,サービス業,1626,1626,1545,1592,-40,-2.45098,11800,OK
2024-10-31,4772,ストリームメディアコーポレーション,グロース（内国株式）,情報･通信業,121,127,117,124,2,1.639344,481900,OK
2024-10-31,4776,サイボウズ,プライム（内国株式）,情報･通信業,2060,2120,2060,2114,54,2.621359,324400,OK
2024-10-31,4777,ガーラ,スタンダード（内国株式）,情報･通信業,235,248,235,248,50,25.252525,372400,OK
2024-10-31,4783,ＮＣＤ,スタンダード（内国株式）,情報･通信業,1635,1670,1635,1651,2,0.121286,17400,OK
2024-10-31,4784,ＧＭＯアドパートナーズ,スタンダード（内国株式）,サービス業,435,443,432,432,-1,-0.230947,4500,OK
2024-10-31,4792,山田コンサルティンググループ,プライム（内国株式）,サービス業,2123,2140,2098,2112,-14,-0.658514,15400,OK
2024-10-31,4800,オリコン,スタンダード（内国株式）,情報･通信業,833,833,826,831,0,0,2800,OK
2024-10-31,4801,セントラルスポーツ,プライム（内国株式）,サービス業,2427,2467,2427,2448,36,1.492537,9800,OK
2024-10-31,4809,パラカ,プライム（内国株式）,不動産業,1745,1764,1745,1760,15,0.859599,8700,OK
2024-10-31,4811,ドリーム・アーツ,グロース（内国株式）,情報･通信業,2946,2946,2850,2916,20,0.690608,16000,OK
2024-10-31,4812,電通総研,プライム（内国株式）,情報･通信業,5360,5470,5350,5460,50,0.924214,114300,OK
2024-10-31,4813,ＡＣＣＥＳＳ,プライム（内国株式）,情報･通信業,1272,1293,1263,1282,-20,-1.536098,310200,OK
2024-10-31,4814,ネクストウェア,スタンダード（内国株式）,情報･通信業,149,153,149,153,3,2,6900,OK
2024-10-31,4816,東映アニメーション,スタンダード（内国株式）,情報･通信業,3550,3555,3420,3480,5,0.143885,1250300,OK
2024-10-31,4819,デジタルガレージ,プライム（内国株式）,情報･通信業,3075,3175,3065,3175,90,2.917342,288900,OK
2024-10-31,4820,イーエムシステムズ,プライム（内国株式）,情報･通信業,531,541,530,536,5,0.94162,38900,OK
2024-10-31,4825,ウェザーニューズ,プライム（内国株式）,情報･通信業,5980,6120,5930,6050,100,1.680672,102900,OK
2024-10-31,4826,ＣＩＪ,プライム（内国株式）,情報･通信業,423,424,412,421,12,2.933985,126600,OK
2024-10-31,4828,ビジネスエンジニアリング,プライム（内国株式）,情報･通信業,3970,4065,3960,4045,80,2.017654,7200,OK
2024-10-31,4829,日本エンタープライズ,スタンダード（内国株式）,情報･通信業,106,109,106,109,4,3.809524,124200,OK
2024-10-31,4832,ＪＦＥシステムズ,スタンダード（内国株式）,情報･通信業,3030,3060,3020,3025,-5,-0.165017,4700,OK
2024-10-31,4833,Ｄｅｆ　ｃｏｎｓｕｌｔｉｎｇ,グロース（内国株式）,サービス業,61,62,60,62,0,0,11800,OK
2024-10-31,4838,スペースシャワーＳＫＩＹＡＫＩホールディングス,スタンダード（内国株式）,情報･通信業,370,371,367,370,2,0.543478,13200,OK
2024-10-31,4839,ＷＯＷＯＷ,プライム（内国株式）,情報･通信業,1016,1029,1010,1014,-2,-0.19685,49300,OK
2024-10-31,4840,トライアイズ,グロース（内国株式）,サービス業,292,300,291,300,3,1.010101,3400,OK
2024-10-31,4845,スカラ,プライム（内国株式）,情報･通信業,468,472,464,472,8,1.724138,72100,OK
2024-10-31,4847,インテリジェント　ウェイブ,プライム（内国株式）,情報･通信業,884,893,878,891,9,1.020408,34000,OK
2024-10-31,4848,フルキャストホールディングス,プライム（内国株式）,サービス業,1550,1564,1544,1553,5,0.322997,51400,OK
2024-10-31,4849,エン・ジャパン,プライム（内国株式）,サービス業,2439,2464,2426,2443,10,0.411015,87500,OK
2024-10-31,4880,セルソース,プライム（内国株式）,医薬品,1176,1198,1172,1187,5,0.423012,42600,OK
2024-10-31,4881,ファンペップ,グロース（内国株式）,医薬品,132,136,130,133,0,0,545300,OK
2024-10-31,4882,ペルセウスプロテオミクス,グロース（内国株式）,医薬品,598,609,593,599,-2,-0.332779,300700,OK
2024-10-31,4883,モダリス,グロース（内国株式）,医薬品,144,166,138,146,-2,-1.351351,90071800,OK
2024-10-31,4884,クリングルファーマ,グロース（内国株式）,医薬品,839,845,834,844,6,0.71599,10300,OK
2024-10-31,4885,室町ケミカル,スタンダード（内国株式）,医薬品,730,745,728,732,-7,-0.947226,4100,OK
2024-10-31,4886,あすか製薬ホールディングス,プライム（内国株式）,医薬品,2154,2182,2142,2176,3,0.138058,41000,OK
2024-10-31,4887,サワイグループホールディングス,プライム（内国株式）,医薬品,2043.5,2058.5,2031,2049,26.5,1.31026,562700,OK
2024-10-31,4888,ステラファーマ,グロース（内国株式）,医薬品,495,503,493,499,6,1.217039,65400,OK
2024-10-31,4889,レナサイエンス,グロース（内国株式）,医薬品,295,297,288,293,-2,-0.677966,39200,OK
2024-10-31,4890,坪田ラボ,グロース（内国株式）,医薬品,444,453,441,453,9,2.027027,34000,OK
2024-10-31,4891,ティムス,グロース（内国株式）,医薬品,189,205,188,196,7,3.703704,2182800,OK
2024-10-31,4892,サイフューズ,グロース（内国株式）,医薬品,563,575,560,570,7,1.243339,23800,OK
2024-10-31,4893,ノイルイミューン・バイオテック,グロース（内国株式）,医薬品,165,171,165,167,-3,-1.764706,496600,OK
2024-10-31,4894,クオリプス,グロース（内国株式）,医薬品,8170,8250,8050,8160,-120,-1.449275,101800,OK
2024-10-31,4896,ケイファーマ,グロース（内国株式）,医薬品,786,786,774,776,-10,-1.272265,1300,OK
2024-10-31,4901,富士フイルムホールディングス,プライム（内国株式）,化学,3690,3697,3655,3679,-44,-1.181843,3589700,OK
2024-10-31,4902,コニカミノルタ,プライム（内国株式）,電気機器,645.6,647.9,627,644.6,-6.1,-0.937452,11223700,OK
2024-10-31,4911,資生堂,プライム（内国株式）,化学,3361,3395,3346,3360,-23,-0.67987,1706500,OK
2024-10-31,4912,ライオン,プライム（内国株式）,化学,1680,1683.5,1668,1678,10,0.59952,882900,OK
2024-10-31,4914,高砂香料工業,プライム（内国株式）,化学,5200,5250,5150,5210,70,1.361868,45100,OK
2024-10-31,4917,マンダム,プライム（内国株式）,化学,1260,1264,1252,1258,3,0.239044,94500,OK
2024-10-31,4918,アイビー化粧品,スタンダード（内国株式）,化学,259,261,255,256,-5,-1.915709,31300,OK
2024-10-31,4919,ミルボン,プライム（内国株式）,化学,3225,3260,3200,3230,15,0.466563,90000,OK
2024-10-31,4920,日本色材工業研究所,スタンダード（内国株式）,化学,1250,1265,1250,1265,1,0.079114,500,OK
2024-10-31,4921,ファンケル,プライム（内国株式）,化学,2791,2791.5,2790,2790,-1,-0.035829,127000,OK
2024-10-31,4922,コーセー,プライム（内国株式）,化学,8300,8450,8258,8396,94,1.132257,270800,OK
2024-10-31,4923,コタ,プライム（内国株式）,化学,1620,1657,1614,1642,22,1.358025,19500,OK
2024-10-31,4925,ハーバー研究所,スタンダード（内国株式）,化学,1915,1919,1907,1907,-8,-0.417755,1400,OK
2024-10-31,4926,シーボン,スタンダード（内国株式）,化学,1200,1206,1171,1204,4,0.333333,25300,OK
2024-10-31,4927,ポーラ・オルビスホールディングス,プライム（内国株式）,化学,1500,1509,1496,1499.5,5.5,0.368139,428600,OK
2024-10-31,4928,ノエビアホールディングス,プライム（内国株式）,化学,5110,5150,5100,5140,30,0.587084,28400,OK
2024-10-31,4929,アジュバンホールディングス,スタンダード（内国株式）,化学,813,822,812,818,7,0.863132,8900,OK
2024-10-31,4931,新日本製薬,プライム（内国株式）,化学,1722,1743,1722,1743,23,1.337209,21300,OK
2024-10-31,4932,アルマード,スタンダード（内国株式）,化学,1026,1028,1022,1026,0,0,10600,OK
2024-10-31,4933,Ｉ−ｎｅ,プライム（内国株式）,化学,2130,2145,2080,2135,-3,-0.140318,88200,OK
2024-10-31,4934,プレミアアンチエイジング,グロース（内国株式）,化学,714,732,700,732,3,0.411523,8500,OK
2024-10-31,4935,リベルタ,スタンダード（内国株式）,化学,615,642,615,633,8,1.28,25700,OK
2024-10-31,4936,アクシージア,プライム（内国株式）,化学,560,566,557,562,3,0.536673,59600,OK
2024-10-31,4937,Ｗａｑｏｏ,グロース（内国株式）,化学,1216,1262,1182,1259,15,1.205788,3000,OK
2024-10-31,4951,エステー,プライム（内国株式）,化学,1480,1487,1478,1481,1,0.067568,19900,OK
2024-10-31,4955,アグロ　カネショウ,スタンダード（内国株式）,化学,1267,1324,1267,1316,51,4.031621,14100,OK
2024-10-31,4956,コニシ,プライム（内国株式）,化学,1338,1338,1281,1326,-12,-0.896861,194300,OK
2024-10-31,4957,ヤスハラケミカル,スタンダード（内国株式）,化学,799,824,782,800,5,0.628931,12200,OK
2024-10-31,4958,長谷川香料,プライム（内国株式）,化学,3295,3355,3270,3335,65,1.987768,52300,OK
2024-10-31,4960,ケミプロ化成,スタンダード（内国株式）,化学,305,306,301,303,-3,-0.980392,6500,OK
2024-10-31,4966,上村工業,スタンダード（内国株式）,化学,10130,10800,10100,10770,580,5.691855,26600,OK
2024-10-31,4967,小林製薬,プライム（内国株式）,化学,5680,5688,5643,5682,22,0.388693,261300,OK
2024-10-31,4968,荒川化学工業,プライム（内国株式）,化学,1329,1358,1314,1330,-6,-0.449102,29400,OK
2024-10-31,4970,東洋合成工業,スタンダード（内国株式）,化学,7200,7280,7130,7250,40,0.554785,26600,OK
2024-10-31,4971,メック,プライム（内国株式）,化学,3620,3670,3580,3665,45,1.243094,88400,OK
2024-10-31,4972,綜研化学,スタンダード（内国株式）,化学,3210,3235,3175,3205,10,0.312989,11900,OK
2024-10-31,4973,日本高純度化学,プライム（内国株式）,化学,3135,3175,3125,3150,-5,-0.158479,14800,OK
2024-10-31,4974,タカラバイオ,プライム（内国株式）,化学,1007,1026,1002,1020,0,0,238600,OK
2024-10-31,4975,ＪＣＵ,プライム（内国株式）,化学,3420,3585,3410,3560,140,4.093567,55800,OK
2024-10-31,4976,東洋ドライルーブ,スタンダード（内国株式）,化学,2900,2900,2825,2888,-47,-1.601363,1900,OK
2024-10-31,4977,新田ゼラチン,スタンダード（内国株式）,化学,901,927,901,922,21,2.330744,67100,OK
2024-10-31,4978,リプロセル,グロース（内国株式）,化学,107,110,107,110,1,0.917431,367600,OK
2024-10-31,4979,ＯＡＴアグリオ,スタンダード（内国株式）,化学,1852,1858,1830,1849,0,0,13500,OK
2024-10-31,4980,デクセリアルズ,プライム（内国株式）,化学,2363.5,2398,2345,2391.5,-8,-0.333403,888400,OK
2024-10-31,4985,アース製薬,プライム（内国株式）,化学,5240,5250,5200,5220,10,0.191939,21800,OK
2024-10-31,4990,昭和化学工業,スタンダード（内国株式）,化学,442,442,441,441,-1,-0.226244,500,OK
2024-10-31,4992,北興化学工業,スタンダード（内国株式）,化学,1253,1292,1253,1281,21,1.666667,59900,OK
2024-10-31,4994,大成ラミック,スタンダード（内国株式）,化学,2561,2581,2561,2577,26,1.019208,11500,OK
2024-10-31,4996,クミアイ化学工業,プライム（内国株式）,化学,804,815,796,815,13,1.620948,618100,OK
2024-10-31,4997,日本農薬,プライム（内国株式）,化学,652,674,652,669,22,3.400309,280900,OK
2024-10-31,4998,フマキラー,スタンダード（内国株式）,化学,1057,1078,1051,1065,10,0.947867,12200,OK
2024-10-31,5009,富士興産,スタンダード（内国株式）,卸売業,1415,1434,1412,1434,22,1.558074,16800,OK
2024-10-31,5010,日本精蝋,スタンダード（内国株式）,石油･石炭製品,316,319,310,319,-1,-0.3125,230600,OK
2024-10-31,5011,ニチレキグループ,プライム（内国株式）,石油･石炭製品,2455,2455,2393,2425,20,0.831601,43900,OK
2024-10-31,5013,ユシロ化学工業,スタンダード（内国株式）,石油･石炭製品,1570,1595,1570,1579,19,1.217949,17000,OK
2024-10-31,5015,ビーピー・カストロール,スタンダード（内国株式）,石油･石炭製品,868,871,863,866,2,0.231481,37100,OK
2024-10-31,5017,富士石油,プライム（内国株式）,石油･石炭製品,344,344,335,337,-1,-0.295858,443200,OK
2024-10-31,5018,ＭＯＲＥＳＣＯ,スタンダード（内国株式）,石油･石炭製品,1198,1215,1191,1215,21,1.758794,9000,OK
2024-10-31,5019,出光興産,プライム（内国株式）,石油･石炭製品,1050,1059.5,1040,1047,10,0.96432,3938200,OK
2024-10-31,5020,ＥＮＥＯＳホールディングス,プライム（内国株式）,石油･石炭製品,774.5,778.4,768,776.4,1.8,0.232378,13028800,OK
2024-10-31,5021,コスモエネルギーホールディングス,プライム（内国株式）,石油･石炭製品,7570,7650,7515,7596,26,0.343461,352900,OK
2024-10-31,5022,レボインターナショナル,TOKYO PRO MARKET（内国株式）,石油･石炭製品,,,,,,,,NO_QUOTE
2024-10-31,5025,マーキュリー,グロース（内国株式）,情報･通信業,584,587,546,565,-29,-4.882155,15900,OK
2024-10-31,5026,トリプルアイズ,グロース（内国株式）,情報･通信業,1390,1405,1354,1362,-28,-2.014388,40000,OK
2024-10-31,5027,ＡｎｙＭｉｎｄ　Ｇｒｏｕｐ,グロース（内国株式）,情報･通信業,1000,1005,986,998,-7,-0.696517,173200,OK
2024-10-31,5028,セカンドサイトアナリティカ,グロース（内国株式）,情報･通信業,297,299,295,296,-3,-1.003344,3700,OK
2024-10-31,5029,サークレイス,グロース（内国株式）,情報･通信業,498,498,491,492,-7,-1.402806,3200,OK
2024-10-31,5031,モイ,グロース（内国株式）,情報･通信業,265,265,259,264,0,0,9300,OK
2024-10-31,5032,ＡＮＹＣＯＬＯＲ,プライム（内国株式）,情報･通信業,2136,2184,2114,2175,22,1.02183,458200,OK
2024-10-31,5033,ヌーラボ,グロース（内国株式）,情報･通信業,768,769,755,757,-17,-2.196382,9200,OK
2024-10-31,5034,ｕｎｅｒｒｙ,グロース（内国株式）,情報･通信業,1980,1988,1950,1961,-23,-1.159274,10800,OK
2024-10-31,5035,ＨＯＵＳＥＩ,グロース（内国株式）,情報･通信業,399,399,390,395,-3,-0.753769,9200,OK
2024-10-31,5036,日本ビジネスシステムズ,スタンダード（内国株式）,情報･通信業,980,1003,974,1003,14,1.415571,22500,OK
2024-10-31,5037,フィットワークス,TOKYO PRO MARKET（内国株式）,情報･通信業,,,,,,,,NO_QUOTE
2024-10-31,5038,ｅＷｅＬＬ,グロース（内国株式）,情報･通信業,1597,1614,1575,1604,17,1.071204,23700,OK
2024-10-31,5070,ドラフト,グロース（内国株式）,建設業,564,572,557,566,6,1.071429,17200,OK
2024-10-31,5071,ヴィス,スタンダード（内国株式）,建設業,1184,1197,1168,1190,5,0.421941,4200,OK
2024-10-31,5072,アートフォースジャパン,TOKYO PRO MARKET（内国株式）,建設業,,,,,,,,NO_QUOTE
2024-10-31,5074,テスホールディングス,プライム（内国株式）,建設業,279,283,279,282,3,1.075269,185200,OK
2024-10-31,5076,インフロニア・ホールディングス,プライム（内国株式）,建設業,1150,1158.5,1145,1150.5,10.5,0.921053,721500,OK
2024-10-31,50765,インフロニア・ホールディングス（優先株式）,プライム（内国株式）,建設業,4670,4688,4670,4688,4,0.085397,2000,OK
2024-10-31,5077,ハンズ,TOKYO PRO MARKET（内国株式）,建設業,,,,,,,,NO_QUOTE
2024-10-31,5078,セレコーポレーション,スタンダード（内国株式）,建設業,,,,,,,,NO_QUOTE
2024-10-31,5079,ノバック,スタンダード（内国株式）,建設業,2890,2890,2700,2771,-120,-4.150813,43400,OK
2024-10-31,5101,横浜ゴム,プライム（内国株式）,ゴム製品,3180,3189,3125,3161,30,0.95816,447000,OK
2024-10-31,5103,昭和ホールディングス,スタンダード（内国株式）,ゴム製品,45,45,44,44,0,0,23700,OK
2024-10-31,5105,ＴＯＹＯ　ＴＩＲＥ,プライム（内国株式）,ゴム製品,2186.5,2197.5,2172,2189,13.5,0.620547,953400,OK
2024-10-31,5108,ブリヂストン,プライム（内国株式）,ゴム製品,5460,5528,5460,5487,24,0.439319,2259500,OK
2024-10-31,5110,住友ゴム工業,プライム（内国株式）,ゴム製品,1589.5,1592.5,1566,1577.5,-1,-0.063351,768400,OK
2024-10-31,5121,藤倉コンポジット,プライム（内国株式）,ゴム製品,1210,1222,1208,1215,-10,-0.816327,51700,OK
2024-10-31,5122,オカモト,プライム（内国株式）,ゴム製品,5290,5390,5270,5300,10,0.189036,24400,OK
2024-10-31,5125,ファインズ,グロース（内国株式）,情報･通信業,535,535,522,527,-4,-0.753296,2700,OK
2024-10-31,5126,ポーターズ,グロース（内国株式）,情報･通信業,2022,2022,2013,2013,28,1.410579,700,OK
2024-10-31,5129,ＦＩＸＥＲ,グロース（内国株式）,情報･通信業,957,974,950,966,8,0.835073,22200,OK
2024-10-31,5130,ヒロホールディングス,TOKYO PRO MARKET（内国株式）,情報･通信業,,,,,,,,NO_QUOTE
2024-10-31,5131,リンカーズ,グロース（内国株式）,情報･通信業,165,166,163,165,-1,-0.60241,51300,OK
2024-10-31,5132,ｐｌｕｓｚｅｒｏ,グロース（内国株式）,情報･通信業,2291,2361,2267,2333,53,2.324561,50300,OK
2024-10-31,5133,テリロジーホールディングス,スタンダード（内国株式）,情報･通信業,278,282,277,280,-1,-0.355872,28300,OK
2024-10-31,5134,ＰＯＰＥＲ,グロース（内国株式）,情報･通信業,559,559,550,550,0,0,1600,OK
2024-10-31,5135,ＡＩＲ−Ｕ,TOKYO PRO MARKET（内国株式）,情報･通信業,,,,,,,,NO_QUOTE
2024-10-31,5136,ｔｒｉｐｌａ,グロース（内国株式）,情報･通信業,1238,1264,1218,1263,31,2.516234,52500,OK
2024-10-31,5137,スマートドライブ,グロース（内国株式）,情報･通信業,1630,1655,1602,1626,-10,-0.611247,10200,OK
2024-10-31,5138,Ｒｅｂａｓｅ,グロース（内国株式）,情報･通信業,972,993,951,961,-8,-0.825593,6500,OK
2024-10-31,5139,オープンワーク,グロース（内国株式）,情報･通信業,551,563,551,561,5,0.899281,16700,OK
2024-10-31,5142,アキレス,プライム（内国株式）,化学,1479,1523,1479,1516,38,2.571042,22200,OK
2024-10-31,5161,西川ゴム工業,スタンダード（内国株式）,ゴム製品,1910,1976,1910,1976,64,3.34728,28100,OK
2024-10-31,5162,朝日ラバー,スタンダード（内国株式）,ゴム製品,528,528,515,518,-13,-2.448211,17400,OK
2024-10-31,5184,ニチリン,スタンダード（内国株式）,ゴム製品,3740,3740,3655,3730,-25,-0.665779,12300,OK
2024-10-31,5185,フコク,プライム（内国株式）,ゴム製品,1760,1784,1752,1773,10,0.567215,46800,OK
2024-10-31,5186,ニッタ,プライム（内国株式）,ゴム製品,3645,3745,3645,3715,35,0.951087,26200,OK
2024-10-31,5187,クリエートメディック,スタンダード（内国株式）,精密機器,908,923,901,920,25,2.793296,22900,OK
2024-10-31,5189,櫻護謨,スタンダード（内国株式）,ゴム製品,1811,1839,1811,1823,11,0.607064,2000,OK
2024-10-31,5191,住友理工,プライム（内国株式）,ゴム製品,1493,1607,1469,1572,84,5.645161,709900,OK
2024-10-31,5192,三ツ星ベルト,プライム（内国株式）,ゴム製品,3920,3950,3905,3935,25,0.639386,106600,OK
2024-10-31,5194,相模ゴム工業,スタンダード（内国株式）,ゴム製品,1015,1034,1015,1029,4,0.390244,5700,OK
2024-10-31,5195,バンドー化学,プライム（内国株式）,ゴム製品,1827,1840,1821,1822,-12,-0.654308,33700,OK
2024-10-31,5199,不二ラテックス,スタンダード（内国株式）,ゴム製品,,,,,,,,NO_QUOTE
2024-10-31,5201,ＡＧＣ,プライム（内国株式）,ガラス･土石製品,4686,4733,4674,4702,20,0.427168,994300,OK
2024-10-31,5202,日本板硝子,プライム（内国株式）,ガラス･土石製品,371,374,368,374,4,1.081081,424600,OK
2024-10-31,5204,石塚硝子,スタンダード（内国株式）,ガラス･土石製品,2398,2448,2386,2425,31,1.294904,11900,OK
2024-10-31,5208,有沢製作所,プライム（内国株式）,化学,1401,1409,1395,1405,5,0.357143,134500,OK
2024-10-31,5210,日本山村硝子,スタンダード（内国株式）,ガラス･土石製品,1552,1570,1530,1556,-12,-0.765306,19800,OK
2024-10-31,5214,日本電気硝子,プライム（内国株式）,ガラス･土石製品,3347,3513,3280,3506,89,2.604624,1018700,OK
2024-10-31,5216,倉元製作所,スタンダード（内国株式）,ガラス･土石製品,256,261,252,258,2,0.78125,292900,OK
2024-10-31,5218,オハラ,スタンダード（内国株式）,ガラス･土石製品,1286,1312,1285,1301,15,1.166407,23200,OK
2024-10-31,5232,住友大阪セメント,プライム（内国株式）,ガラス･土石製品,3759,3783,3726,3776,23,0.612843,148000,OK
2024-10-31,5233,太平洋セメント,プライム（内国株式）,ガラス･土石製品,3350,3375,3312,3365,-2,-0.0594,636300,OK
2024-10-31,5237,ノザワ,スタンダード（内国株式）,ガラス･土石製品,827,831,816,819,-16,-1.916168,1700,OK
2024-10-31,5240,ｍｏｎｏＡＩ　ｔｅｃｈｎｏｌｏｇｙ,グロース（内国株式）,情報･通信業,442,453,439,450,8,1.809955,36200,OK
2024-10-31,5241,日本オーエー研究所,TOKYO PRO MARKET（内国株式）,情報･通信業,,,,,,,,NO_QUOTE
2024-10-31,5242,アイズ,グロース（内国株式）,情報･通信業,1878,1896,1830,1893,15,0.798722,13600,OK
2024-10-31,5243,ｎｏｔｅ,グロース（内国株式）,情報･通信業,498,505,498,502,-2,-0.396825,51300,OK
2024-10-31,5244,ｊｉｇ．ｊｐ,グロース（内国株式）,情報･通信業,294,299,292,294,-2,-0.675676,128500,OK
2024-10-31,5246,ＥＬＥＭＥＮＴＳ,グロース（内国株式）,情報･通信業,512,525,503,521,15,2.964427,345500,OK
2024-10-31,5247,ＢＴＭ,グロース（内国株式）,情報･通信業,1246,1246,1229,1244,-9,-0.718276,300,OK
2024-10-31,5248,テクノロジーズ,グロース（内国株式）,情報･通信業,711,723,707,723,8,1.118881,19500,OK
2024-10-31,5249,あさかわシステムズ,TOKYO PRO MARKET（内国株式）,情報･通信業,,,,,,,,NO_QUOTE
2024-10-31,5250,プライム・ストラテジー,スタンダード（内国株式）,情報･通信業,1071,1079,1060,1079,6,0.55918,4800,OK
2024-10-31,5251,ウイズ・ワン,TOKYO PRO MARKET（内国株式）,情報･通信業,,,,,,,,NO_QUOTE
2024-10-31,5252,日本ナレッジ,グロース（内国株式）,情報･通信業,1199,1200,1199,1200,-2,-0.166389,500,OK
2024-10-31,5253,カバー,グロース（内国株式）,情報･通信業,1828,1931,1781,1918,170,9.7254,8017000,OK
2024-10-31,5254,Ａｒｅｎｔ,グロース（内国株式）,情報･通信業,6140,6140,5910,6050,-110,-1.785714,45000,OK
2024-10-31,5255,モンスターラボホールディングス,グロース（内国株式）,情報･通信業,122,127,121,124,2,1.639344,576500,OK
2024-10-31,5256,Ｆｕｓｉｃ,グロース（内国株式）,情報･通信業,2990,2990,2990,2990,50,1.70068,100,OK
2024-10-31,5257,ノバシステム,スタンダード（内国株式）,情報･通信業,2548,2548,2509,2530,21,0.836987,6600,OK
2024-10-31,5258,トランザクション・メディア・ネットワークス,グロース（内国株式）,情報･通信業,433,439,431,433,-3,-0.688073,97100,OK
2024-10-31,5259,ＢＢＤイニシアティブ,グロース（内国株式）,情報･通信業,680,680,680,680,-5,-0.729927,500,OK
2024-10-31,5261,リソルホールディングス,プライム（内国株式）,サービス業,4915,5010,4915,4950,40,0.814664,7300,OK
2024-10-31,5262,日本ヒューム,プライム（内国株式）,ガラス･土石製品,1217,1250,1215,1246,29,2.382909,46500,OK
2024-10-31,5268,旭コンクリート工業,スタンダード（内国株式）,ガラス･土石製品,707,709,701,709,2,0.282885,5800,OK
2024-10-31,5269,日本コンクリート工業,プライム（内国株式）,ガラス･土石製品,328,331,325,331,2,0.607903,87200,OK
2024-10-31,5271,トーヨーアサノ,スタンダード（内国株式）,ガラス･土石製品,,,,,,,,NO_QUOTE
2024-10-31,5273,三谷セキサン,スタンダード（内国株式）,ガラス･土石製品,6180,6380,6180,6320,40,0.636943,8900,OK
2024-10-31,5277,スパンクリートコーポレーション,スタンダード（内国株式）,ガラス･土石製品,200,203,194,203,3,1.5,12700,OK
2024-10-31,5279,日本興業,スタンダード（内国株式）,ガラス･土石製品,760,760,757,760,-6,-0.78329,1400,OK
2024-10-31,5280,ヨシコン,スタンダード（内国株式）,不動産業,1490,1515,1490,1500,11,0.738751,2200,OK
2024-10-31,5282,ジオスター,スタンダード（内国株式）,ガラス･土石製品,300,300,295,296,-1,-0.3367,11100,OK
2024-10-31,5283,高見澤,スタンダード（内国株式）,卸売業,2780,2780,2750,2750,-34,-1.221264,400,OK
2024-10-31,5284,ヤマウホールディングス,スタンダード（内国株式）,ガラス･土石製品,1690,1709,1682,1690,5,0.296736,3700,OK
2024-10-31,5285,ヤマックス,スタンダード（内国株式）,ガラス･土石製品,1262,1270,1252,1270,16,1.275917,20100,OK
2024-10-31,5287,イトーヨーギョー,スタンダード（内国株式）,ガラス･土石製品,507,508,500,508,1,0.197239,5900,OK
2024-10-31,5288,アジアパイルホールディングス,プライム（内国株式）,ガラス･土石製品,801,809,796,804,6,0.75188,61100,OK
2024-10-31,5290,ベルテクスコーポレーション,スタンダード（内国株式）,ガラス･土石製品,2016,2047,2002,2027,20,0.996512,15200,OK
2024-10-31,5301,東海カーボン,プライム（内国株式）,ガラス･土石製品,862,871.4,857.5,868.7,7.1,0.824048,1499700,OK
2024-10-31,5302,日本カーボン,プライム（内国株式）,ガラス･土石製品,4480,4515,4460,4500,30,0.671141,52100,OK
2024-10-31,5304,ＳＥＣカーボン,スタンダード（内国株式）,ガラス･土石製品,2273,2289,2229,2287,59,2.648115,43300,OK
2024-10-31,5310,東洋炭素,プライム（内国株式）,ガラス･土石製品,5280,5340,5230,5340,30,0.564972,95100,OK
2024-10-31,5331,ノリタケ,プライム（内国株式）,ガラス･土石製品,3910,3910,3860,3880,-30,-0.767263,50000,OK
2024-10-31,5332,ＴＯＴＯ,プライム（内国株式）,ガラス･土石製品,4376,4376,4276,4290,-111,-2.522154,2615000,OK
2024-10-31,5333,日本碍子,プライム（内国株式）,ガラス･土石製品,1895.5,1910,1884,1905,21,1.11465,1117800,OK
2024-10-31,5334,日本特殊陶業,プライム（内国株式）,ガラス･土石製品,4425,4437,4334,4390,-20,-0.453515,985400,OK
2024-10-31,5337,ダントーホールディングス,スタンダード（内国株式）,ガラス･土石製品,339,346,336,340,-5,-1.449275,42600,OK
2024-10-31,5341,ＡＳＡＨＩ　ＥＩＴＯホールディングス,スタンダード（内国株式）,ガラス･土石製品,440,445,430,439,-11,-2.444444,13100,OK
2024-10-31,5344,ＭＡＲＵＷＡ,プライム（内国株式）,ガラス･土石製品,42010,43030,41700,42990,-210,-0.486111,127800,OK
2024-10-31,5351,品川リフラクトリーズ,プライム（内国株式）,ガラス･土石製品,1790,1802,1771,1794,5,0.279486,50300,OK
2024-10-31,5352,黒崎播磨,プライム（内国株式）,ガラス･土石製品,2488,2490,2408,2462,24,0.984413,118900,OK
2024-10-31,5355,日本坩堝,スタンダード（内国株式）,ガラス･土石製品,599,599,596,599,0,0,4100,OK
2024-10-31,5356,美濃窯業,スタンダード（内国株式）,ガラス･土石製品,836,848,836,840,-8,-0.943396,1100,OK
2024-10-31,5357,ヨータイ,プライム（内国株式）,ガラス･土石製品,1682,1685,1654,1671,29,1.766139,23400,OK
2024-10-31,5363,東京窯業,スタンダード（内国株式）,ガラス･土石製品,412,416,402,413,16,4.030227,69700,OK
2024-10-31,5367,ニッカトー,スタンダード（内国株式）,ガラス･土石製品,500,505,488,503,6,1.207243,24200,OK
2024-10-31,5368,日本インシュレーション,スタンダード（内国株式）,ガラス･土石製品,954,954,952,952,7,0.740741,2200,OK
2024-10-31,5380,新東,スタンダード（内国株式）,ガラス･土石製品,1556,1579,1555,1579,5,0.317662,400,OK
2024-10-31,5381,Ｍｉｐｏｘ,スタンダード（内国株式）,ガラス･土石製品,725,735,720,731,-9,-1.216216,166500,OK
2024-10-31,5384,フジミインコーポレーテッド,プライム（内国株式）,ガラス･土石製品,2375,2408,2371,2393,22,0.927879,239400,OK
2024-10-31,5386,鶴弥,スタンダード（内国株式）,ガラス･土石製品,359,363,359,363,2,0.554017,8100,OK
2024-10-31,5388,クニミネ工業,スタンダード（内国株式）,ガラス･土石製品,1007,1025,998,1022,28,2.816901,13900,OK
2024-10-31,5391,エーアンドエーマテリアル,スタンダード（内国株式）,ガラス･土石製品,1136,1175,1136,1168,30,2.636204,20300,OK
2024-10-31,5393,ニチアス,プライム（内国株式）,ガラス･土石製品,5452,5547,5450,5531,71,1.300366,167500,OK
2024-10-31,5395,理研コランダム,スタンダード（内国株式）,ガラス･土石製品,5090,5090,5080,5080,-20,-0.392157,200,OK
2024-10-31,5401,日本製鉄,プライム（内国株式）,鉄鋼,3065,3077,3038,3069,-12,-0.389484,3877000,OK
2024-10-31,5406,神戸製鋼所,プライム（内国株式）,鉄鋼,1660.5,1666.5,1642,1659.5,-1,-0.060223,1683800,OK
2024-10-31,5408,中山製鋼所,プライム（内国株式）,鉄鋼,756,761,753,757,2,0.264901,201400,OK
2024-10-31,5410,合同製鐵,プライム（内国株式）,鉄鋼,3920,3930,3850,3915,-20,-0.508259,254200,OK
2024-10-31,5411,ＪＦＥホールディングス,プライム（内国株式）,鉄鋼,1852.5,1859.5,1833.5,1850,-1.5,-0.081015,3400500,OK
2024-10-31,5423,東京製鐵,プライム（内国株式）,鉄鋼,1500,1525,1484,1522,-3,-0.196721,1704300,OK
2024-10-31,5440,共英製鋼,プライム（内国株式）,鉄鋼,1712,1760,1656,1747,40,2.343292,236500,OK
2024-10-31,5444,大和工業,プライム（内国株式）,鉄鋼,6910,7455,6875,7338,357,5.113881,376900,OK
2024-10-31,5445,東京鐵鋼,プライム（内国株式）,鉄鋼,4680,5420,4585,5420,705,14.95228,213600,OK
2024-10-31,5446,北越メタル,スタンダード（内国株式）,鉄鋼,1350,1375,1350,1375,25,1.851852,1600,OK
2024-10-31,5449,大阪製鐵,スタンダード（内国株式）,鉄鋼,3025,3355,3025,3315,170,5.405405,197800,OK
2024-10-31,5451,淀川製鋼所,プライム（内国株式）,鉄鋼,5390,5470,5370,5440,70,1.303538,70800,OK
2024-10-31,5458,高砂鐵工,スタンダード（内国株式）,鉄鋼,924,969,916,943,33,3.626374,9200,OK
2024-10-31,5461,中部鋼鈑,プライム（内国株式）,鉄鋼,2300,2436,2300,2421,29,1.212375,95200,OK
2024-10-31,5463,丸一鋼管,プライム（内国株式）,鉄鋼,3304,3330,3293,3312,8,0.242131,100500,OK
2024-10-31,5464,モリ工業,スタンダード（内国株式）,鉄鋼,4990,5120,4925,5050,50,1,12200,OK
2024-10-31,5471,大同特殊鋼,プライム（内国株式）,鉄鋼,1204,1207,1177,1191,-20,-1.651528,1748600,OK
2024-10-31,5476,日本高周波鋼業,スタンダード（内国株式）,鉄鋼,382,393,371,393,17,4.521277,30400,OK
2024-10-31,5480,日本冶金工業,プライム（内国株式）,鉄鋼,4255,4285,4220,4240,-30,-0.702576,102500,OK
2024-10-31,5481,山陽特殊製鋼,プライム（内国株式）,鉄鋼,1814,1915,1790,1903,115,6.431767,183700,OK
2024-10-31,5482,愛知製鋼,プライム（内国株式）,鉄鋼,4260,4570,4190,4340,30,0.696056,281600,OK
2024-10-31,5484,東北特殊鋼,スタンダード（内国株式）,鉄鋼,2081,2098,2007,2012,-68,-3.269231,2100,OK
2024-10-31,5491,日本金属,スタンダード（内国株式）,鉄鋼,644,665,642,664,20,3.10559,23000,OK
2024-10-31,5525,フロンティアホールディングス,TOKYO PRO MARKET（内国株式）,不動産業,,,,,,,,NO_QUOTE
2024-10-31,5527,ｐｒｏｐｅｒｔｙ　ｔｅｃｈｎｏｌｏｇｉｅｓ,グロース（内国株式）,不動産業,1037,1037,1025,1033,16,1.573255,10300,OK
2024-10-31,5528,フロンティアハウス,TOKYO PRO MARKET（内国株式）,不動産業,,,,,,,,NO_QUOTE
2024-10-31,5529,Ｎｏ．１都市開発,TOKYO PRO MARKET（内国株式）,不動産業,,,,,,,,NO_QUOTE
2024-10-31,5531,中山不動産,TOKYO PRO MARKET（内国株式）,不動産業,,,,,,,,NO_QUOTE
2024-10-31,5532,リアルゲイト,グロース（内国株式）,不動産業,2079,2079,2046,2051,4,0.195408,8400,OK
2024-10-31,5533,エリッツホールディングス,スタンダード（内国株式）,不動産業,,,,,,,,NO_QUOTE
2024-10-31,5534,エンゼルグループ,TOKYO PRO MARKET（内国株式）,不動産業,,,,,,,,NO_QUOTE
2024-10-31,5535,ミガロホールディングス,プライム（内国株式）,不動産業,1670,1670,1610,1646,-11,-0.66385,89300,OK
2024-10-31,5536,京橋アートレジデンス,TOKYO PRO MARKET（内国株式）,不動産業,,,,,,,,NO_QUOTE
2024-10-31,5537,ＡｌｂａＬｉｎｋ,TOKYO PRO MARKET（内国株式）,不動産業,,,,,,,,NO_QUOTE
2024-10-31,5541,大平洋金属,プライム（内国株式）,鉄鋼,1402,1423,1370,1370,-44,-3.11174,241900,OK
2024-10-31,5542,新報国マテリアル,スタンダード（内国株式）,鉄鋼,1171,1186,1171,1186,11,0.93617,1500,OK
2024-10-31,5563,新日本電工,プライム（内国株式）,鉄鋼,290,295,290,294,3,1.030928,256400,OK
2024-10-31,5570,ジェノバ,グロース（内国株式）,情報･通信業,576,580,575,575,-1,-0.173611,4500,OK
2024-10-31,5571,エキサイトホールディングス,スタンダード（内国株式）,情報･通信業,917,917,883,901,-39,-4.148936,27400,OK
2024-10-31,5572,Ｒｉｄｇｅ−ｉ,グロース（内国株式）,情報･通信業,1930,1946,1904,1937,7,0.362694,12700,OK
2024-10-31,5573,働楽ホールディングス,TOKYO PRO MARKET（内国株式）,情報･通信業,,,,,,,,NO_QUOTE
2024-10-31,5574,ＡＢＥＪＡ,グロース（内国株式）,情報･通信業,2310,2380,2249,2370,20,0.851064,81100,OK
2024-10-31,5575,Ｇｌｏｂｅｅ,グロース（内国株式）,情報･通信業,1050,1050,1007,1021,-29,-2.761905,2500,OK
2024-10-31,5576,オービーシステム,スタンダード（内国株式）,情報･通信業,2141,2150,2138,2145,4,0.186829,700,OK
2024-10-31,5577,アイデミー,グロース（内国株式）,情報･通信業,1050,1050,1010,1031,-19,-1.809524,4300,OK
2024-10-31,5578,ＡＲアドバンストテクノロジ,グロース（内国株式）,情報･通信業,1161,1170,1131,1161,-11,-0.938567,9400,OK
2024-10-31,5580,プロディライト,グロース（内国株式）,情報･通信業,1144,1161,1066,1078,-126,-10.465116,173100,OK
2024-10-31,5581,カイテクノロジー,TOKYO PRO MARKET（内国株式）,情報･通信業,,,,,,,,NO_QUOTE
2024-10-31,5582,グリッド,グロース（内国株式）,情報･通信業,2823,2955,2809,2852,102,3.709091,92000,OK
2024-10-31,5584,Ｓｔｒａｗｂｅｒｒｙ　ｊａｍｓ,TOKYO PRO MARKET（内国株式）,情報･通信業,,,,,,,,NO_QUOTE
2024-10-31,5585,エコナビスタ,グロース（内国株式）,情報･通信業,1669,1690,1646,1654,-6,-0.361446,9400,OK
2024-10-31,5586,Ｌａｂｏｒｏ．ＡＩ,グロース（内国株式）,情報･通信業,974,974,961,967,-9,-0.922131,28300,OK
2024-10-31,5587,インバウンドプラットフォーム,グロース（内国株式）,情報･通信業,689,692,679,692,2,0.289855,2400,OK
2024-10-31,5588,ファーストアカウンティング,グロース（内国株式）,情報･通信業,1240,1259,1200,1222,-8,-0.650407,121600,OK
2024-10-31,5589,オートサーバー,スタンダード（内国株式）,情報･通信業,1809,1825,1809,1812,-18,-0.983607,1600,OK
2024-10-31,5590,ネットスターズ,グロース（内国株式）,情報･通信業,1060,1067,1049,1062,2,0.188679,29300,OK
2024-10-31,5591,ＡＶＩＬＥＮ,グロース（内国株式）,情報･通信業,881,890,871,878,-4,-0.453515,22200,OK
2024-10-31,5592,くすりの窓口,グロース（内国株式）,情報･通信業,1277,1293,1264,1289,12,0.939702,16400,OK
2024-10-31,5594,エム・デー・ビー,TOKYO PRO MARKET（内国株式）,情報･通信業,,,,,,,,NO_QUOTE
2024-10-31,5595,ＱＰＳ研究所,グロース（内国株式）,情報･通信業,1636,1702,1632,1638,-11,-0.667071,1546600,OK
2024-10-31,5596,アウトルックコンサルティング,グロース（内国株式）,情報･通信業,988,999,988,993,-3,-0.301205,4400,OK
2024-10-31,5597,ブルーイノベーション,グロース（内国株式）,情報･通信業,708,716,692,714,6,0.847458,16000,OK
2024-10-31,5598,Ｙｏｔｔａｖｉａｓ,TOKYO PRO MARKET（内国株式）,情報･通信業,,,,,,,,NO_QUOTE
2024-10-31,5599,Ｓ＆Ｊ,グロース（内国株式）,情報･通信業,891,914,891,911,13,1.447661,6500,OK
2024-10-31,5602,栗本鐵工所,プライム（内国株式）,鉄鋼,3855,3855,3790,3825,30,0.790514,27600,OK
2024-10-31,5603,虹技,スタンダード（内国株式）,鉄鋼,1112,1150,1112,1148,63,5.806452,41800,OK
2024-10-31,5609,日本鋳造,スタンダード（内国株式）,鉄鋼,823,823,817,819,0,0,1600,OK
2024-10-31,5610,大和重工,スタンダード（内国株式）,鉄鋼,1195,1195,1168,1185,-13,-1.085142,4700,OK
2024-10-31,5612,日本鋳鉄管,スタンダード（内国株式）,鉄鋼,1094,1123,1090,1123,29,2.650823,23700,OK
2024-10-31,5616,雨風太陽,グロース（内国株式）,情報･通信業,1158,1170,1140,1144,-38,-3.21489,44800,OK
2024-10-31,5617,ウィル・ドゥ,TOKYO PRO MARKET（内国株式）,情報･通信業,,,,,,,,NO_QUOTE
2024-10-31,5618,ナイル,グロース（内国株式）,情報･通信業,344,345,340,345,1,0.290698,3200,OK
2024-10-31,5619,マーソ,グロース（内国株式）,情報･通信業,1032,1041,1029,1041,0,0,800,OK
2024-10-31,5620,エスピーオー,TOKYO PRO MARKET（内国株式）,情報･通信業,,,,,,,,NO_QUOTE
2024-10-31,5621,ヒューマンテクノロジーズ,グロース（内国株式）,情報･通信業,1558,1566,1520,1548,1,0.064641,10500,OK
2024-10-31,5622,ワンビ,TOKYO PRO MARKET（内国株式）,情報･通信業,,,,,,,,NO_QUOTE
2024-10-31,5631,日本製鋼所,プライム（内国株式）,機械,5310,5365,5224,5266,-55,-1.03364,650500,OK
2024-10-31,5632,三菱製鋼,プライム（内国株式）,鉄鋼,1300,1316,1298,1311,11,0.846154,39100,OK
2024-10-31,5644,メタルアート,スタンダード（内国株式）,鉄鋼,2928,2935,2902,2935,7,0.239071,1300,OK
2024-10-31,5658,日亜鋼業,スタンダード（内国株式）,鉄鋼,287,297,287,296,12,4.225352,45100,OK
2024-10-31,5659,日本精線,プライム（内国株式）,鉄鋼,1276,1276,1246,1259,-6,-0.474308,52300,OK
2024-10-31,5660,神鋼鋼線工業,スタンダード（内国株式）,鉄鋼,1180,1190,1179,1185,23,1.979346,2100,OK
2024-10-31,5695,パウダーテック,スタンダード（内国株式）,鉄鋼,2150,2150,2142,2142,-8,-0.372093,300,OK
2024-10-31,5697,サンユウ,スタンダード（内国株式）,鉄鋼,447,449,445,445,-5,-1.111111,1000,OK
2024-10-31,5698,エンビプロ・ホールディングス,プライム（内国株式）,鉄鋼,514,524,514,520,5,0.970874,40700,OK
2024-10-31,5699,イボキン,スタンダード（内国株式）,鉄鋼,1200,1200,1190,1193,-12,-0.995851,900,OK
2024-10-31,5702,大紀アルミニウム工業所,プライム（内国株式）,非鉄金属,1117,1119,1102,1113,0,0,65100,OK
2024-10-31,5703,日本軽金属ホールディングス,プライム（内国株式）,非鉄金属,1604,1664,1585,1645,52,3.264281,433400,OK
2024-10-31,5704,ＪＭＣ,グロース（内国株式）,非鉄金属,477,488,475,486,9,1.886792,10200,OK
2024-10-31,5706,三井金属鉱業,プライム（内国株式）,非鉄金属,4913,4946,4841,4931,41,0.838446,407400,OK
2024-10-31,5707,東邦亜鉛,プライム（内国株式）,非鉄金属,985,985,965,978,-18,-1.807229,100100,OK
2024-10-31,5711,三菱マテリアル,プライム（内国株式）,非鉄金属,2510,2536,2496.5,2533.5,23.5,0.936255,1134700,OK
2024-10-31,5713,住友金属鉱山,プライム（内国株式）,非鉄金属,4300,4343,4275,4291,-22,-0.510086,1872400,OK
2024-10-31,5714,ＤＯＷＡホールディングス,プライム（内国株式）,非鉄金属,5227,5279,5171,5253,38,0.728667,165700,OK
2024-10-31,5715,古河機械金属,プライム（内国株式）,非鉄金属,1677,1680,1658,1670,-3,-0.179319,72000,OK
2024-10-31,5721,エス・サイエンス,スタンダード（内国株式）,非鉄金属,22,22,21,22,0,0,715600,OK
2024-10-31,5724,アサカ理研,スタンダード（内国株式）,非鉄金属,907,907,889,892,-15,-1.653804,6200,OK
2024-10-31,5726,大阪チタニウムテクノロジーズ,プライム（内国株式）,非鉄金属,2167,2187,2130,2172,-13,-0.594966,940300,OK
2024-10-31,5727,東邦チタニウム,プライム（内国株式）,非鉄金属,1040,1045,1023,1026,-28,-2.656546,653100,OK
2024-10-31,5729,日本精鉱,スタンダード（内国株式）,非鉄金属,3515,3540,3515,3540,65,1.870504,1100,OK
2024-10-31,5741,ＵＡＣＪ,プライム（内国株式）,非鉄金属,5070,5080,5000,5060,40,0.796813,88100,OK
2024-10-31,5742,エヌアイシ・オートテック,スタンダード（内国株式）,非鉄金属,718,725,715,715,6,0.846262,1900,OK
2024-10-31,5753,日本伸銅,スタンダード（内国株式）,非鉄金属,1669,1680,1669,1680,18,1.083032,600,OK
2024-10-31,5757,ＣＫサンエツ,プライム（内国株式）,非鉄金属,3520,3640,3510,3605,85,2.414773,7500,OK
2024-10-31,5759,日本電解,グロース（内国株式）,非鉄金属,667,673,663,670,2,0.299401,9900,OK
2024-10-31,5801,古河電気工業,プライム（内国株式）,非鉄金属,3863,3920,3791,3839,-25,-0.646998,1014300,OK
2024-10-31,5802,住友電気工業,プライム（内国株式）,非鉄金属,2375,2399,2365,2382.5,10,0.421496,2447600,OK
2024-10-31,5803,フジクラ,プライム（内国株式）,非鉄金属,5572,5775,5531,5732,115,2.047356,10527300,OK
2024-10-31,5805,ＳＷＣＣ,プライム（内国株式）,非鉄金属,5340,5440,5310,5430,90,1.685393,281700,OK
2024-10-31,5809,タツタ電線,プライム（内国株式）,非鉄金属,778,780,777,780,1,0.12837,28000,OK
2024-10-31,5816,オーナンバ,スタンダード（内国株式）,非鉄金属,1175,1194,1172,1187,13,1.107325,46200,OK
2024-10-31,5817,ＪＭＡＣＳ,スタンダード（内国株式）,非鉄金属,522,522,518,520,-2,-0.383142,600,OK
2024-10-31,5819,カナレ電気,スタンダード（内国株式）,非鉄金属,1428,1433,1409,1422,-6,-0.420168,20700,OK
2024-10-31,5820,三ッ星,スタンダード（内国株式）,非鉄金属,878,947,868,942,74,8.525346,49900,OK
2024-10-31,5821,平河ヒューテック,プライム（内国株式）,非鉄金属,1557,1602,1557,1594,37,2.376365,22700,OK
2024-10-31,5830,いよぎんホールディングス,プライム（内国株式）,銀行業,1470,1480.5,1457,1469,4.5,0.307272,770100,OK
2024-10-31,5831,しずおかフィナンシャルグループ,プライム（内国株式）,銀行業,1243,1248.5,1226,1227.5,-5,-0.40568,1797900,OK
2024-10-31,5832,ちゅうぎんフィナンシャルグループ,プライム（内国株式）,銀行業,1470,1478.5,1453.5,1467,3,0.204918,494000,OK
2024-10-31,5834,ＳＢＩリーシングサービス,グロース（内国株式）,証券･商品先物取引業,2757,2803,2738,2754,23,0.842182,28700,OK
2024-10-31,5838,楽天銀行,プライム（内国株式）,銀行業,3139,3154,3107,3134,-16,-0.507937,988800,OK
2024-10-31,5840,日本総険,TOKYO PRO MARKET（内国株式）,保険業,,,,,,,,NO_QUOTE
2024-10-31,5842,インテグラル,グロース（内国株式）,証券･商品先物取引業,3850,3940,3810,3925,45,1.159794,41800,OK
2024-10-31,5843,ニッポンインシュア,スタンダード（内国株式）,その他金融業,800,805,800,805,5,0.625,700,OK
2024-10-31,5844,京都フィナンシャルグループ,プライム（内国株式）,銀行業,2280,2297.5,2258,2267.5,-11,-0.482774,758400,OK
2024-10-31,5845,全保連,スタンダード（内国株式）,その他金融業,697,700,695,696,-5,-0.713267,18200,OK
2024-10-31,5851,リョービ,プライム（内国株式）,非鉄金属,1904,1916,1886,1907,14,0.739567,113800,OK
2024-10-31,5852,アーレスティ,プライム（内国株式）,非鉄金属,544,559,544,555,7,1.277372,159300,OK
2024-10-31,5856,エルアイイーエイチ,スタンダード（内国株式）,小売業,38,39,36,37,0,0,633100,OK
2024-10-31,5857,ＡＲＥホールディングス,プライム（内国株式）,非鉄金属,1843,1888,1801,1875,39,2.124183,452400,OK
2024-10-31,5858,ＳＴＧ,グロース（内国株式）,非鉄金属,1810,1855,1805,1855,45,2.486188,2700,OK
2024-10-31,5865,マイファーム,TOKYO PRO MARKET（内国株式）,サービス業,,,,,,,,NO_QUOTE
2024-10-31,5866,ＷｉｚＢｉｚ,TOKYO PRO MARKET（内国株式）,サービス業,,,,,,,,NO_QUOTE
2024-10-31,5867,エスネットワークス,グロース（内国株式）,サービス業,1148,1150,1124,1148,21,1.863354,1200,OK
2024-10-31,5868,ロココ,スタンダード（内国株式）,サービス業,747,758,730,758,18,2.432432,8500,OK
2024-10-31,5869,早稲田学習研究会,スタンダード（内国株式）,サービス業,1007,1010,1002,1006,-2,-0.198413,12300,OK
2024-10-31,5870,ナルネットコミュニケーションズ,グロース（内国株式）,サービス業,561,570,561,567,6,1.069519,3800,OK
2024-10-31,5871,ＳＯＬＩＺＥ,スタンダード（内国株式）,サービス業,1667,1670,1626,1670,-6,-0.357995,5400,OK
2024-10-31,5881,サンフェステ,TOKYO PRO MARKET（内国株式）,小売業,,,,,,,,NO_QUOTE
2024-10-31,5883,ＧＴホールディングス,TOKYO PRO MARKET（内国株式）,卸売業,,,,,,,,NO_QUOTE
2024-10-31,5884,クラダシ,グロース（内国株式）,小売業,307,311,305,310,3,0.977199,4800,OK
2024-10-31,5885,ジーデップ・アドバンス,スタンダード（内国株式）,卸売業,10480,10600,10320,10530,30,0.285714,7400,OK
2024-10-31,5886,ＯＯＫＡＢＥ　ＧＬＡＳＳ,TOKYO PRO MARKET（内国株式）,卸売業,,,,,,,,NO_QUOTE
2024-10-31,5887,光響,TOKYO PRO MARKET（内国株式）,卸売業,,,,,,,,NO_QUOTE
2024-10-31,5888,ＤＡＩＷＡ　ＣＹＣＬＥ,グロース（内国株式）,小売業,2602,2676,2602,2654,31,1.181853,4500,OK
2024-10-31,5889,Ｊａｐａｎ　Ｅｙｅｗｅａｒ　Ｈｏｌｄｉｎｇｓ,スタンダード（内国株式）,小売業,2648,2707,2638,2668,-30,-1.111935,105000,OK
2024-10-31,5890,オフィスバスターズ,TOKYO PRO MARKET（内国株式）,小売業,,,,,,,,NO_QUOTE
2024-10-31,5891,魁力屋,スタンダード（内国株式）,小売業,1799,1804,1780,1792,-7,-0.389105,6300,OK
2024-10-31,5892,ｙｕｔｏｒｉ,グロース（内国株式）,小売業,2490,2650,2490,2590,97,3.890895,89800,OK
2024-10-31,5893,ＲＡＶＩＰＡ,TOKYO PRO MARKET（内国株式）,小売業,,,,,,,,NO_QUOTE
2024-10-31,5900,ダイケン,スタンダード（内国株式）,金属製品,823,823,822,822,-1,-0.121507,800,OK
2024-10-31,5901,東洋製罐グループホールディングス,プライム（内国株式）,金属製品,2286,2292,2274.5,2291,11,0.482456,427300,OK
2024-10-31,5902,ホッカンホールディングス,プライム（内国株式）,金属製品,1726,1733,1698,1728,-73,-4.053304,100900,OK
2024-10-31,5903,シンポ,スタンダード（内国株式）,金属製品,1361,1361,1361,1361,-28,-2.015839,200,OK
2024-10-31,5905,日本製罐,スタンダード（内国株式）,金属製品,,,,,,,,NO_QUOTE
2024-10-31,5906,エムケー精工,スタンダード（内国株式）,金属製品,432,436,431,435,3,0.694444,7900,OK
2024-10-31,5909,コロナ,スタンダード（内国株式）,金属製品,953,953,932,938,-1,-0.106496,12200,OK
2024-10-31,5911,横河ブリッジホールディングス,プライム（内国株式）,金属製品,2765,2812,2741,2802,33,1.191766,208000,OK
2024-10-31,5915,駒井ハルテック,プライム（内国株式）,金属製品,1545,1570,1528,1570,43,2.815979,17600,OK
2024-10-31,5918,瀧上工業,スタンダード（内国株式）,金属製品,,,,,,,,NO_QUOTE
2024-10-31,5921,川岸工業,スタンダード（内国株式）,金属製品,3785,3785,3725,3725,-5,-0.134048,700,OK
2024-10-31,5922,那須電機鉄工,スタンダード（内国株式）,金属製品,11540,11540,11540,11540,30,0.260643,100,OK
2024-10-31,5923,高田機工,スタンダード（内国株式）,金属製品,1022,1045,1007,1037,26,2.571711,24300,OK
2024-10-31,5928,アルメタックス,スタンダード（内国株式）,金属製品,267,270,267,267,0,0,3100,OK
2024-10-31,5929,三和ホールディングス,プライム（内国株式）,金属製品,3708,3945,3667,3926,267,7.297076,1354200,OK
2024-10-31,5930,文化シヤッター,プライム（内国株式）,金属製品,1835,1864,1825,1856,39,2.146395,128900,OK
2024-10-31,5932,三協立山,プライム（内国株式）,金属製品,748,753,744,750,3,0.401606,55500,OK
2024-10-31,5933,アルインコ,プライム（内国株式）,金属製品,962,967,959,964,5,0.521376,23500,OK
2024-10-31,5935,元旦ビューティ工業,スタンダード（内国株式）,金属製品,,,,,,,,NO_QUOTE
2024-10-31,5936,東洋シヤッター,スタンダード（内国株式）,金属製品,756,787,756,773,2,0.259403,82800,OK
2024-10-31,5938,ＬＩＸＩＬ,プライム（内国株式）,金属製品,1720.5,1810,1710.5,1796,188.5,11.726283,10699000,OK
2024-10-31,5939,大谷工業,スタンダード（内国株式）,金属製品,7090,7600,6450,6510,-570,-8.050847,84600,OK
2024-10-31,5940,不二サッシ,スタンダード（内国株式）,金属製品,630,633,619,630,0,0,16800,OK
2024-10-31,5941,中西製作所,スタンダード（内国株式）,金属製品,,,,,,,,NO_QUOTE
2024-10-31,5942,日本フイルコン,スタンダード（内国株式）,金属製品,521,534,521,530,13,2.514507,39400,OK
2024-10-31,5943,ノーリツ,プライム（内国株式）,金属製品,1771,1798,1771,1777,4,0.225606,69200,OK
2024-10-31,5945,天龍製鋸,スタンダード（内国株式）,金属製品,,,,,,,,NO_QUOTE
2024-10-31,5946,長府製作所,プライム（内国株式）,金属製品,1960,1977,1939,1966,25,1.287996,28400,OK
2024-10-31,5947,リンナイ,プライム（内国株式）,金属製品,3351,3365,3334,3362,12,0.358209,447700,OK
2024-10-31,5949,ユニプレス,プライム（内国株式）,輸送用機器,1120,1134,1116,1123,4,0.357462,95200,OK
2024-10-31,5950,日本パワーファスニング,スタンダード（内国株式）,金属製品,268,270,264,264,-5,-1.858736,97400,OK
2024-10-31,5951,ダイニチ工業,スタンダード（内国株式）,金属製品,599,609,597,608,15,2.529511,28900,OK
2024-10-31,5952,アマテイ,スタンダード（内国株式）,金属製品,137,137,136,137,1,0.735294,35400,OK
2024-10-31,5955,ワイズホールディングス,スタンダード（内国株式）,金属製品,72,73,71,73,-1,-1.351351,561700,OK
2024-10-31,5956,トーソー,スタンダード（内国株式）,金属製品,525,525,520,520,-2,-0.383142,1300,OK
2024-10-31,5957,日東精工,プライム（内国株式）,金属製品,584,594,580,588,14,2.439024,86300,OK
2024-10-31,5958,三洋工業,スタンダード（内国株式）,金属製品,3020,3190,2969,3160,169,5.650284,11600,OK
2024-10-31,5959,岡部,プライム（内国株式）,金属製品,777,780,774,778,6,0.777202,30800,OK
2024-10-31,5962,浅香工業,スタンダード（内国株式）,その他製品,1645,1645,1645,1645,20,1.230769,400,OK
2024-10-31,5965,フジマック,スタンダード（内国株式）,金属製品,902,907,899,907,8,0.889878,7500,OK
2024-10-31,5966,京都機械工具,スタンダード（内国株式）,金属製品,2544,2544,2544,2544,-6,-0.235294,100,OK
2024-10-31,5967,ＴＯＮＥ,スタンダード（内国株式）,金属製品,1371,1400,1371,1400,35,2.564103,22400,OK
2024-10-31,5969,ロブテックス,スタンダード（内国株式）,金属製品,1213,1214,1213,1214,1,0.08244,300,OK
2024-10-31,5970,ジーテクト,プライム（内国株式）,金属製品,1580,1607,1578,1582,1,0.063251,90500,OK
2024-10-31,5971,共和工業所,スタンダード（内国株式）,金属製品,4750,4750,4750,4750,5,0.105374,200,OK
2024-10-31,5973,トーアミ,スタンダード（内国株式）,金属製品,,,,,,,,NO_QUOTE
2024-10-31,5974,中国工業,スタンダード（内国株式）,金属製品,544,544,541,541,-4,-0.733945,2800,OK
2024-10-31,5975,東プレ,プライム（内国株式）,金属製品,1780,1798,1765,1786,4,0.224467,59200,OK
2024-10-31,5976,高周波熱錬,プライム（内国株式）,金属製品,997,1001,993,997,-2,-0.2002,64800,OK
2024-10-31,5981,東京製綱,プライム（内国株式）,金属製品,1113,1136,1113,1131,18,1.617251,29000,OK
2024-10-31,5982,マルゼン,スタンダード（内国株式）,金属製品,3070,3170,3020,3160,90,2.931596,1700,OK
2024-10-31,5983,イワブチ,スタンダード（内国株式）,金属製品,6400,6400,6390,6390,-10,-0.15625,400,OK
2024-10-31,5984,兼房,スタンダード（内国株式）,金属製品,723,727,723,725,2,0.276625,2700,OK
2024-10-31,5985,サンコール,スタンダード（内国株式）,金属製品,387,405,386,399,11,2.835052,71400,OK
2024-10-31,5986,モリテック　スチール,スタンダード（内国株式）,金属製品,179,181,174,180,4,2.272727,97900,OK
2024-10-31,5987,オーネックス,スタンダード（内国株式）,金属製品,2024,2024,1934,1934,-21,-1.074169,2200,OK
2024-10-31,5988,パイオラックス,プライム（内国株式）,金属製品,2464,2473,2432,2435,-4,-0.164002,100600,OK
2024-10-31,5989,エイチワン,プライム（内国株式）,金属製品,923,939,920,937,11,1.187905,26500,OK
2024-10-31,5990,スーパーツール,スタンダード（内国株式）,金属製品,2139,2145,2138,2145,6,0.280505,900,OK
2024-10-31,5991,日本発條,プライム（内国株式）,金属製品,1897.5,1907,1872,1894,6.5,0.344371,634800,OK
2024-10-31,5992,中央発條,スタンダード（内国株式）,金属製品,1276,1276,1184,1235,-16,-1.278977,59700,OK
2024-10-31,5994,ファインシンター,スタンダード（内国株式）,金属製品,885,898,884,890,8,0.907029,1600,OK
2024-10-31,5997,協立エアテック,スタンダード（内国株式）,金属製品,600,600,592,594,0,0,4500,OK
2024-10-31,5998,アドバネクス,スタンダード（内国株式）,金属製品,789,804,780,802,19,2.426564,6700,OK
2024-10-31,6005,三浦工業,プライム（内国株式）,機械,3621,3623,3568,3617,-4,-0.110467,224800,OK
2024-10-31,6013,タクマ,プライム（内国株式）,機械,1587,1609,1579,1601,22,1.393287,175800,OK
2024-10-31,6016,ジャパンエンジンコーポレーション,スタンダード（内国株式）,輸送用機器,3900,3900,3670,3785,-175,-4.419192,237500,OK
2024-10-31,6018,阪神内燃機工業,スタンダード（内国株式）,輸送用機器,2159,2212,2158,2168,-32,-1.454545,1000,OK
2024-10-31,6022,赤阪鐵工所,スタンダード（内国株式）,機械,1932,1932,1932,1932,6,0.311526,200,OK
2024-10-31,6023,ダイハツディーゼル,スタンダード（内国株式）,輸送用機器,1316,1349,1309,1332,-4,-0.299401,171000,OK
2024-10-31,6026,ＧＭＯ　ＴＥＣＨ,グロース（内国株式）,サービス業,8170,8200,8100,8180,20,0.245098,900,OK
2024-10-31,6027,弁護士ドットコム,グロース（内国株式）,サービス業,2935,2961,2890,2953,18,0.613288,109600,OK
2024-10-31,6028,テクノプロ・ホールディングス,プライム（内国株式）,サービス業,2738,2776,2724.5,2757,19,0.693937,602500,OK
2024-10-31,6029,アトラグループ,スタンダード（内国株式）,サービス業,129,129,126,129,1,0.78125,20900,OK
2024-10-31,6030,アドベンチャー,グロース（内国株式）,サービス業,3795,3800,3660,3750,20,0.536193,16700,OK
2024-10-31,6031,ＺＥＴＡ,グロース（内国株式）,サービス業,449,454,440,450,3,0.671141,73000,OK
2024-10-31,6033,エクストリーム,グロース（内国株式）,サービス業,1120,1120,1091,1105,-15,-1.339286,1000,OK
2024-10-31,6034,ＭＲＴ,グロース（内国株式）,サービス業,813,813,813,813,6,0.743494,700,OK
2024-10-31,6035,アイ・アールジャパンホールディングス,プライム（内国株式）,サービス業,840,857,837,846,11,1.317365,65200,OK
2024-10-31,6036,ＫｅｅＰｅｒ技研,プライム（内国株式）,サービス業,4230,4260,4180,4230,-10,-0.235849,86300,OK
2024-10-31,6037,楽待,スタンダード（内国株式）,サービス業,689,703,677,700,14,2.040816,44500,OK
2024-10-31,6038,イード,グロース（内国株式）,サービス業,726,735,723,723,-5,-0.686813,6400,OK
2024-10-31,6039,日本動物高度医療センター,グロース（内国株式）,サービス業,1990,1991,1990,1990,0,0,700,OK
2024-10-31,6040,日本スキー場開発,グロース（内国株式）,サービス業,976,976,960,961,-16,-1.637666,8100,OK
2024-10-31,6042,ニッキ,スタンダード（内国株式）,輸送用機器,2610,2610,2560,2560,-40,-1.538462,300,OK
2024-10-31,6044,三機サービス,スタンダード（内国株式）,サービス業,867,895,858,889,25,2.893519,23500,OK
2024-10-31,6045,レントラックス,グロース（内国株式）,サービス業,699,700,685,695,-3,-0.429799,6800,OK
2024-10-31,6046,リンクバル,グロース（内国株式）,サービス業,148,148,143,146,-1,-0.680272,15000,OK
2024-10-31,6047,Ｇｕｎｏｓｙ,プライム（内国株式）,サービス業,709,717,701,711,-4,-0.559441,196300,OK
2024-10-31,6048,デザインワン・ジャパン,スタンダード（内国株式）,サービス業,110,113,108,112,2,1.818182,89600,OK
2024-10-31,6049,イトクロ,グロース（内国株式）,サービス業,254,266,246,247,-9,-3.515625,42100,OK
2024-10-31,6050,イー・ガーディアン,プライム（内国株式）,サービス業,1820,1849,1803,1849,27,1.481888,18000,OK
2024-10-31,6054,リブセンス,スタンダード（内国株式）,サービス業,163,165,161,165,4,2.484472,54700,OK
2024-10-31,6055,ジャパンマテリアル,プライム（内国株式）,サービス業,1842,1868,1831,1863,-7,-0.374332,206900,OK
2024-10-31,6058,ベクトル,プライム（内国株式）,サービス業,958,963,952,959,-2,-0.208117,110500,OK
2024-10-31,6059,ウチヤマホールディングス,スタンダード（内国株式）,サービス業,301,306,300,306,6,2,28900,OK
2024-10-31,6060,こころネット,スタンダード（内国株式）,サービス業,969,969,954,962,21,2.231668,1100,OK
2024-10-31,6061,ユニバーサル園芸社,スタンダード（内国株式）,サービス業,3900,3915,3900,3910,40,1.033592,1300,OK
2024-10-31,6062,チャーム・ケア・コーポレーション,プライム（内国株式）,サービス業,1237,1262,1232,1255,6,0.480384,106800,OK
2024-10-31,6063,日本エマージェンシーアシスタンス,スタンダード（内国株式）,サービス業,692,695,680,687,-3,-0.434783,2300,OK
2024-10-31,6069,トレンダーズ,グロース（内国株式）,サービス業,902,910,897,902,-2,-0.221239,13000,OK
2024-10-31,6070,キャリアリンク,プライム（内国株式）,サービス業,2479,2519,2479,2507,23,0.925926,13200,OK
2024-10-31,6071,ＩＢＪ,プライム（内国株式）,サービス業,654,660,651,652,-2,-0.30581,64600,OK
2024-10-31,6072,地盤ネットホールディングス,グロース（内国株式）,サービス業,158,161,158,160,2,1.265823,53100,OK
2024-10-31,6073,アサンテ,プライム（内国株式）,サービス業,1694,1700,1677,1688,10,0.595948,9300,OK
2024-10-31,6074,ジェイエスエス,スタンダード（内国株式）,サービス業,456,456,454,454,4,0.888889,1100,OK
2024-10-31,6078,バリューＨＲ,プライム（内国株式）,サービス業,1704,1736,1700,1733,21,1.226636,65400,OK
2024-10-31,6080,Ｍ＆Ａキャピタルパートナーズ,プライム（内国株式）,サービス業,2288,2299,2187,2188,-163,-6.93322,400200,OK
2024-10-31,6081,アライドアーキテクツ,グロース（内国株式）,サービス業,203,203,198,199,-5,-2.45098,21400,OK
2024-10-31,6082,ライドオンエクスプレスホールディングス,スタンダード（内国株式）,サービス業,1000,1001,998,1001,3,0.300601,8100,OK
2024-10-31,6083,ＥＲＩホールディングス,スタンダード（内国株式）,サービス業,1835,1861,1820,1857,23,1.254089,9800,OK
2024-10-31,6085,アーキテクツ・スタジオ・ジャパン,グロース（内国株式）,サービス業,472,473,469,469,-1,-0.212766,3500,OK
2024-10-31,6086,シンメンテホールディングス,グロース（内国株式）,サービス業,1500,1500,1480,1482,0,0,3000,OK
2024-10-31,6087,アビスト,スタンダード（内国株式）,サービス業,3020,3045,3005,3045,20,0.661157,5100,OK
2024-10-31,6088,シグマクシス・ホールディングス,プライム（内国株式）,サービス業,1731,1743,1715,1729,5,0.290023,248100,OK
2024-10-31,6089,ウィルグループ,プライム（内国株式）,サービス業,974,986,968,982,4,0.408998,16000,OK
2024-10-31,6090,ヒューマン・メタボローム・テクノロジーズ,グロース（内国株式）,サービス業,581,608,580,603,23,3.965517,5300,OK
2024-10-31,6091,ウエスコホールディングス,スタンダード（内国株式）,サービス業,569,574,569,570,5,0.884956,5600,OK
2024-10-31,6092,エンバイオ・ホールディングス,スタンダード（内国株式）,サービス業,600,605,600,603,3,0.5,2500,OK
2024-10-31,6093,エスクロー・エージェント・ジャパン,スタンダード（内国株式）,サービス業,136,140,136,140,4,2.941176,212600,OK
2024-10-31,6094,フリークアウト・ホールディングス,グロース（内国株式）,サービス業,707,713,703,712,2,0.28169,5200,OK
2024-10-31,6095,メドピア,プライム（内国株式）,サービス業,541,555,539,555,4,0.725953,160400,OK
2024-10-31,6096,レアジョブ,スタンダード（内国株式）,サービス業,391,400,387,398,7,1.790281,6500,OK
2024-10-31,6098,リクルートホールディングス,プライム（内国株式）,サービス業,9461,9577,9427,9533,36,0.379067,4007200,OK
2024-10-31,6099,エラン,プライム（内国株式）,サービス業,896,903,859,874,-32,-3.532009,258700,OK
2024-10-31,6101,ツガミ,プライム（内国株式）,機械,1430,1438,1408,1434,6,0.420168,164200,OK
2024-10-31,6103,オークマ,プライム（内国株式）,機械,3140,3200,3090,3125,-3,-0.095908,383300,OK
2024-10-31,6104,芝浦機械,プライム（内国株式）,機械,3695,3750,3680,3750,65,1.763908,103200,OK
2024-10-31,6113,アマダ,プライム（内国株式）,機械,1520.5,1533.5,1509,1517,6.5,0.430321,1497400,OK
2024-10-31,6118,アイダエンジニアリング,プライム（内国株式）,機械,789,800,786,796,8,1.015228,89800,OK
2024-10-31,6125,岡本工作機械製作所,スタンダード（内国株式）,機械,4000,4000,3930,3970,-70,-1.732673,24400,OK
2024-10-31,6131,浜井産業,スタンダード（内国株式）,機械,877,891,874,891,15,1.712329,14000,OK
2024-10-31,6134,ＦＵＪＩ,プライム（内国株式）,機械,2273.5,2296.5,2267.5,2279.5,13,0.573572,281100,OK
2024-10-31,6135,牧野フライス製作所,プライム（内国株式）,機械,5800,5830,5700,5790,0,0,128200,OK
2024-10-31,6136,オーエスジー,プライム（内国株式）,機械,1811.5,1824.5,1804,1809.5,5.5,0.304878,248000,OK
2024-10-31,6137,小池酸素工業,スタンダード（内国株式）,機械,5890,6060,5880,6060,150,2.538071,6700,OK
2024-10-31,6138,ダイジェット工業,スタンダード（内国株式）,機械,700,703,691,703,7,1.005747,6200,OK
2024-10-31,6140,旭ダイヤモンド工業,プライム（内国株式）,機械,850,860,848,855,1,0.117096,130300,OK
2024-10-31,6141,ＤＭＧ森精機,プライム（内国株式）,機械,2939,2981.5,2911.5,2960.5,25.5,0.868825,980100,OK
2024-10-31,6143,ソディック,プライム（内国株式）,機械,771,780,768,774,6,0.78125,115800,OK
2024-10-31,6144,西部電機,スタンダード（内国株式）,機械,1830,1840,1826,1830,10,0.549451,800,OK
2024-10-31,6145,ＮＩＴＴＯＫＵ,スタンダード（内国株式）,機械,1660,1702,1660,1700,32,1.918465,45400,OK
2024-10-31,6146,ディスコ,プライム（内国株式）,機械,44850,45650,44310,44470,-850,-1.875552,5515300,OK
2024-10-31,6147,ヤマザキ,スタンダード（内国株式）,機械,282,282,278,279,-2,-0.711744,4100,OK
2024-10-31,6149,小田原エンジニアリング,スタンダード（内国株式）,機械,1487,1510,1481,1510,24,1.615074,3500,OK
2024-10-31,6150,タケダ機械,スタンダード（内国株式）,機械,2828,2828,2828,2828,-30,-1.049685,100,OK
2024-10-31,6151,日東工器,プライム（内国株式）,機械,2502,2589,2502,2583,57,2.256532,14700,OK
2024-10-31,6155,高松機械工業,スタンダード（内国株式）,機械,457,461,456,461,6,1.318681,2400,OK
2024-10-31,6156,エーワン精密,スタンダード（内国株式）,機械,1790,1799,1781,1785,-13,-0.723026,3500,OK
2024-10-31,6157,日進工具,プライム（内国株式）,機械,730,744,728,740,1,0.135318,66300,OK
2024-10-31,6158,和井田製作所,スタンダード（内国株式）,機械,818,827,818,825,2,0.243013,3800,OK
2024-10-31,6159,ミクロン精密,スタンダード（内国株式）,機械,1412,1412,1412,1412,30,2.170767,100,OK
2024-10-31,6161,エスティック,スタンダード（内国株式）,機械,845,850,841,850,5,0.591716,1900,OK
2024-10-31,6164,太陽工機,スタンダード（内国株式）,機械,1330,1380,1330,1375,45,3.383459,1700,OK
2024-10-31,6165,パンチ工業,スタンダード（内国株式）,機械,423,439,423,438,14,3.301887,69900,OK
2024-10-31,6166,中村超硬,グロース（内国株式）,機械,430,433,424,433,1,0.231481,50800,OK
2024-10-31,6167,冨士ダイス,プライム（内国株式）,機械,777,797,777,790,13,1.673102,11700,OK
2024-10-31,6168,ＯＮＥ　ＧＲＯＵＰ,TOKYO PRO MARKET（内国株式）,機械,,,,,,,,NO_QUOTE
2024-10-31,6171,土木管理総合試験所,スタンダード（内国株式）,サービス業,303,304,301,304,4,1.333333,14300,OK
2024-10-31,6173,アクアライン,グロース（内国株式）,サービス業,307,317,305,307,-3,-0.967742,4100,OK
2024-10-31,6174,デンタス,TOKYO PRO MARKET（内国株式）,サービス業,,,,,,,,NO_QUOTE
2024-10-31,6176,ブランジスタ,グロース（内国株式）,サービス業,626,632,620,624,-3,-0.478469,28000,OK
2024-10-31,6177,ＡｐｐＢａｎｋ,グロース（内国株式）,サービス業,94,96,93,95,1,1.06383,112500,OK
2024-10-31,6178,日本郵政,プライム（内国株式）,サービス業,1418,1434,1411,1417.5,-9.5,-0.665732,8630400,OK
2024-10-31,6180,ＧＭＯメディア,グロース（内国株式）,サービス業,2866,2916,2866,2916,19,0.655851,300,OK
2024-10-31,6181,タメニー,グロース（内国株式）,サービス業,109,110,107,108,-2,-1.818182,323000,OK
2024-10-31,6182,メタリアル,グロース（内国株式）,サービス業,779,780,770,780,1,0.12837,20600,OK
2024-10-31,6183,ベルシステム２４ホールディングス,プライム（内国株式）,サービス業,1312,1332,1301,1327,17,1.29771,151100,OK
2024-10-31,6184,鎌倉新書,プライム（内国株式）,サービス業,519,523,516,523,3,0.576923,111100,OK
2024-10-31,6185,ＳＭＮ,スタンダード（内国株式）,サービス業,252,259,249,257,8,3.212851,35200,OK
2024-10-31,6186,一蔵,スタンダード（内国株式）,サービス業,506,508,505,506,2,0.396825,3500,OK
2024-10-31,6189,グローバルキッズＣＯＭＰＡＮＹ,スタンダード（内国株式）,サービス業,645,659,643,659,16,2.488336,15900,OK
2024-10-31,6190,フェニックスバイオ,グロース（内国株式）,サービス業,414,417,412,412,-5,-1.199041,700,OK
2024-10-31,6191,エアトリ,プライム（内国株式）,サービス業,1030,1045,1017,1041,17,1.660156,94900,OK
2024-10-31,6193,バーチャレクス・ホールディングス,グロース（内国株式）,サービス業,743,752,737,752,-2,-0.265252,1200,OK
2024-10-31,6194,アトラエ,プライム（内国株式）,サービス業,781,786,773,783,2,0.256082,111300,OK
2024-10-31,6195,ホープ,グロース（内国株式）,サービス業,202,208,202,208,3,1.463415,45000,OK
2024-10-31,6196,ストライク,プライム（内国株式）,サービス業,3860,3990,3765,3765,-700,-15.677492,1041900,OK
2024-10-31,6197,ソラスト,プライム（内国株式）,サービス業,491,491,487,490,1,0.204499,149700,OK
2024-10-31,6198,キャリア,グロース（内国株式）,サービス業,362,372,362,371,14,3.921569,3900,OK
2024-10-31,6199,セラク,スタンダード（内国株式）,サービス業,1301,1359,1301,1338,33,2.528736,39600,OK
2024-10-31,6200,インソース,プライム（内国株式）,サービス業,979,989,971,971,-5,-0.512295,231300,OK
2024-10-31,6201,豊田自動織機,プライム（内国株式）,輸送用機器,11580,11660,10760,10785,-825,-7.105943,1882100,OK
2024-10-31,6203,豊和工業,スタンダード（内国株式）,機械,908,936,906,934,31,3.433001,199800,OK
2024-10-31,6208,石川製作所,スタンダード（内国株式）,機械,1398,1428,1393,1418,28,2.014388,63600,OK
2024-10-31,6209,リケンＮＰＲ,プライム（内国株式）,機械,2357,2379,2334,2369,1,0.04223,148600,OK
2024-10-31,6210,東洋機械金属,スタンダード（内国株式）,機械,603,608,598,608,-4,-0.653595,173500,OK
2024-10-31,6217,津田駒工業,スタンダード（内国株式）,機械,361,366,361,366,8,2.234637,3100,OK
2024-10-31,6218,エンシュウ,スタンダード（内国株式）,機械,599,609,597,601,7,1.178451,6700,OK
2024-10-31,6222,島精機製作所,プライム（内国株式）,機械,1130,1155,1125,1146,11,0.969163,152400,OK
2024-10-31,6223,西部技研,スタンダード（内国株式）,機械,1664,1700,1660,1669,19,1.151515,92400,OK
2024-10-31,6224,ＪＲＣ,グロース（内国株式）,機械,928,928,883,912,-7,-0.761697,76100,OK
2024-10-31,6226,守谷輸送機工業,スタンダード（内国株式）,機械,1910,1936,1882,1918,22,1.160338,55500,OK
2024-10-31,6227,ＡＩメカテック,スタンダード（内国株式）,機械,2673,2719,2635,2687,-35,-1.285819,117900,OK
2024-10-31,6228,ジェイ・イー・ティ,スタンダード（内国株式）,機械,1296,1296,1263,1273,-24,-1.850424,23400,OK
2024-10-31,6229,オーケーエム,スタンダード（内国株式）,機械,1327,1333,1303,1321,-10,-0.751315,3100,OK
2024-10-31,6230,ＳＡＮＥＩ,スタンダード（内国株式）,機械,1801,1801,1770,1786,-15,-0.832871,8600,OK
2024-10-31,6231,木村工機,スタンダード（内国株式）,機械,4845,4970,4845,4900,55,1.135191,5500,OK
2024-10-31,6232,ＡＣＳＬ,グロース（内国株式）,機械,917,946,901,921,-11,-1.180258,828500,OK
2024-10-31,6233,ＫＬＡＳＳ,スタンダード（内国株式）,機械,397,409,397,409,15,3.807107,1300,OK
2024-10-31,6235,オプトラン,プライム（内国株式）,機械,1944,1951,1924,1941,-16,-0.817578,184800,OK
2024-10-31,6237,イワキ,プライム（内国株式）,機械,2844,2870,2813,2867,52,1.847247,17400,OK
2024-10-31,6238,フリュー,プライム（内国株式）,機械,1097,1108,1088,1107,11,1.00365,53400,OK
2024-10-31,6239,ナガオカ,スタンダード（内国株式）,機械,1165,1240,1165,1232,72,6.206897,19200,OK
2024-10-31,6240,ヤマシンフィルタ,プライム（内国株式）,機械,465,473,460,470,2,0.42735,514900,OK
2024-10-31,6245,ヒラノテクシード,スタンダード（内国株式）,機械,1666,1690,1664,1682,10,0.598086,28500,OK
2024-10-31,6246,テクノスマート,スタンダード（内国株式）,機械,1657,1705,1657,1693,71,4.377312,7900,OK
2024-10-31,6247,日阪製作所,プライム（内国株式）,機械,997,1003,994,999,2,0.200602,32400,OK
2024-10-31,6248,横田製作所,スタンダード（内国株式）,機械,1309,1309,1286,1286,-24,-1.832061,1600,OK
2024-10-31,6249,ゲームカード・ジョイコホールディングス,スタンダード（内国株式）,機械,1961,1991,1961,1980,19,0.968893,48200,OK
2024-10-31,6250,やまびこ,プライム（内国株式）,機械,2485,2510,2466,2506,8,0.320256,78200,OK
2024-10-31,6254,野村マイクロ・サイエンス,プライム（内国株式）,機械,2129,2166,2090,2162,-10,-0.460405,827000,OK
2024-10-31,6255,エヌ・ピー・シー,グロース（内国株式）,機械,878,914,878,906,27,3.071672,462700,OK
2024-10-31,6257,藤商事,スタンダード（内国株式）,機械,1290,1291,1276,1280,3,0.234926,28700,OK
2024-10-31,6258,平田機工,プライム（内国株式）,機械,4895,4975,4880,4950,25,0.507614,50500,OK
2024-10-31,6262,ＰＥＧＡＳＵＳ,プライム（内国株式）,機械,458,476,458,470,13,2.844639,78700,OK
2024-10-31,6264,マルマエ,プライム（内国株式）,機械,1634,1654,1627,1648,15,0.918555,60900,OK
2024-10-31,6265,コンバム,スタンダード（内国株式）,機械,,,,,,,,NO_QUOTE
2024-10-31,6266,タツモ,プライム（内国株式）,機械,3660,3715,3615,3710,0,0,210700,OK
2024-10-31,6267,ゼネラルパッカー,スタンダード（内国株式）,機械,2841,2868,2841,2865,24,0.844773,300,OK
2024-10-31,6268,ナブテスコ,プライム（内国株式）,機械,2471,2513,2468,2498.5,29.5,1.194816,424800,OK
2024-10-31,6269,三井海洋開発,プライム（内国株式）,機械,3330,3395,3320,3380,75,2.269289,351700,OK
2024-10-31,6272,レオン自動機,プライム（内国株式）,機械,1422,1438,1406,1433,11,0.773558,52600,OK
2024-10-31,6273,ＳＭＣ,プライム（内国株式）,機械,65710,66500,65440,66200,-480,-0.719856,221200,OK
2024-10-31,6276,シリウスビジョン,スタンダード（内国株式）,電気機器,405,415,400,405,1,0.247525,9400,OK
2024-10-31,6277,ホソカワミクロン,プライム（内国株式）,機械,4005,4065,4005,4030,40,1.002506,37400,OK
2024-10-31,6278,ユニオンツール,プライム（内国株式）,機械,7070,7230,7060,7230,190,2.698864,68300,OK
2024-10-31,6279,瑞光,プライム（内国株式）,機械,1340,1369,1337,1369,33,2.47006,18300,OK
2024-10-31,6282,オイレス工業,プライム（内国株式）,機械,1979,2012,1979,2001,22,1.111673,34000,OK
2024-10-31,6284,日精エー・エス・ビー機械,プライム（内国株式）,機械,4600,4675,4580,4670,140,3.090508,31600,OK
2024-10-31,6286,靜甲,スタンダード（内国株式）,機械,695,704,695,704,11,1.587302,400,OK
2024-10-31,6287,サトーホールディングス,プライム（内国株式）,機械,2115,2163,2113,2147,36,1.705353,47400,OK
2024-10-31,6289,技研製作所,プライム（内国株式）,機械,1751,1770,1747,1761,1,0.056818,35300,OK
2024-10-31,6291,日本エアーテック,スタンダード（内国株式）,機械,1195,1198,1181,1196,13,1.098901,23900,OK
2024-10-31,6292,カワタ,スタンダード（内国株式）,機械,780,795,780,790,11,1.412067,33200,OK
2024-10-31,6293,日精樹脂工業,プライム（内国株式）,機械,917,927,914,917,5,0.548246,16000,OK
2024-10-31,6294,オカダアイヨン,プライム（内国株式）,機械,2059,2070,2042,2061,2,0.097135,22400,OK
2024-10-31,6297,鉱研工業,スタンダード（内国株式）,機械,491,494,488,491,0,0,6400,OK
2024-10-31,6298,ワイエイシイホールディングス,プライム（内国株式）,機械,2228,2253,2179,2209,-19,-0.852783,112100,OK
2024-10-31,6301,小松製作所,プライム（内国株式）,機械,4002,4031,3950,4011,-17,-0.422046,4812500,OK
2024-10-31,6302,住友重機械工業,プライム（内国株式）,機械,3438,3458,3404,3446,13,0.378678,552700,OK
2024-10-31,6305,日立建機,プライム（内国株式）,機械,3379,3386,3328,3355,-19,-0.56313,1350700,OK
2024-10-31,6306,日工,プライム（内国株式）,機械,695,698,692,695,4,0.578871,17800,OK
2024-10-31,6307,サンセイ,スタンダード（内国株式）,機械,377,378,377,378,1,0.265252,1200,OK
2024-10-31,6309,巴工業,プライム（内国株式）,機械,3740,3825,3740,3775,10,0.265604,47000,OK
2024-10-31,6310,井関農機,プライム（内国株式）,機械,981,994,979,988,9,0.919305,31300,OK
2024-10-31,6312,フロイント産業,スタンダード（内国株式）,機械,713,717,704,706,-12,-1.671309,10200,OK
2024-10-31,6315,ＴＯＷＡ,プライム（内国株式）,機械,1975,2056,1954,2028,0,0,3757500,OK
2024-10-31,6316,丸山製作所,スタンダード（内国株式）,機械,2162,2165,2140,2146,-16,-0.740056,7500,OK
2024-10-31,6317,北川鉄工所,スタンダード（内国株式）,機械,1205,1225,1205,1225,27,2.253756,9400,OK
2024-10-31,6319,シンニッタン,スタンダード（内国株式）,鉄鋼,202,206,200,205,5,2.5,151800,OK
2024-10-31,6322,タクミナ,スタンダード（内国株式）,機械,1782,1799,1710,1799,0,0,2500,OK
2024-10-31,6323,ローツェ,プライム（内国株式）,機械,2295,2357.5,2268,2305,-32,-1.369277,4134100,OK
2024-10-31,6324,ハーモニック・ドライブ・システムズ,スタンダード（内国株式）,機械,2842,2845,2775,2825,-67,-2.316736,429700,OK
2024-10-31,6325,タカキタ,スタンダード（内国株式）,機械,393,404,389,404,12,3.061224,33900,OK
2024-10-31,6326,クボタ,プライム（内国株式）,機械,1972,1981,1954.5,1971.5,4.5,0.228775,3228500,OK
2024-10-31,6327,北川精機,スタンダード（内国株式）,機械,649,649,626,644,25,4.038772,47200,OK
2024-10-31,6328,荏原実業,プライム（内国株式）,機械,4100,4155,4030,4115,85,2.109181,15900,OK
2024-10-31,6330,東洋エンジニアリング,プライム（内国株式）,建設業,745,752,742,749,-1,-0.133333,56300,OK
2024-10-31,6331,三菱化工機,プライム（内国株式）,機械,3575,3640,3550,3615,95,2.698864,59400,OK
2024-10-31,6332,月島ホールディングス,プライム（内国株式）,機械,1365,1394,1364,1383,18,1.318681,25900,OK
2024-10-31,6333,帝国電機製作所,プライム（内国株式）,機械,2830,2895,2827,2855,32,1.133546,25900,OK
2024-10-31,6334,明治機械,スタンダード（内国株式）,機械,323,326,322,323,-2,-0.615385,103900,OK
2024-10-31,6335,東京機械製作所,スタンダード（内国株式）,機械,343,346,341,346,3,0.874636,10600,OK
2024-10-31,6336,石井表記,スタンダード（内国株式）,機械,530,541,529,541,10,1.883239,6200,OK
2024-10-31,6337,テセック,スタンダード（内国株式）,機械,1534,1553,1499,1538,0,0,39200,OK
2024-10-31,6338,タカトリ,スタンダード（内国株式）,機械,2396,2418,2366,2418,-1,-0.041339,35100,OK
2024-10-31,6339,新東工業,プライム（内国株式）,機械,1010,1013,1004,1008,-2,-0.19802,65300,OK
2024-10-31,6340,澁谷工業,プライム（内国株式）,機械,3695,3735,3675,3715,30,0.814111,37500,OK
2024-10-31,6342,太平製作所,スタンダード（内国株式）,機械,2752,2752,2720,2722,-30,-1.090116,300,OK
2024-10-31,6343,フリージア・マクロス,スタンダード（内国株式）,機械,95,96,94,96,1,1.052632,40000,OK
2024-10-31,6345,アイチ　コーポレーション,プライム（内国株式）,機械,1209,1214,1193,1201,4,0.334169,73700,OK
2024-10-31,6346,キクカワエンタープライズ,スタンダード（内国株式）,機械,4590,4590,4590,4590,0,0,100,OK
2024-10-31,6347,プラコー,スタンダード（内国株式）,機械,207,215,207,213,5,2.403846,6200,OK
2024-10-31,6349,小森コーポレーション,プライム（内国株式）,機械,1108,1133,1108,1117,3,0.2693,68600,OK
2024-10-31,6351,鶴見製作所,プライム（内国株式）,機械,4260,4370,4245,4310,45,1.0551,21300,OK
2024-10-31,6356,日本ギア工業,スタンダード（内国株式）,機械,450,465,430,445,-1,-0.224215,202300,OK
2024-10-31,6357,三精テクノロジーズ,スタンダード（内国株式）,機械,1353,1368,1350,1357,7,0.518519,37100,OK
2024-10-31,6358,酒井重工業,プライム（内国株式）,機械,2400,2440,2353,2387,44,1.877934,28000,OK
2024-10-31,6360,東京自働機械製作所,スタンダード（内国株式）,機械,2759,2819,2759,2781,36,1.311475,900,OK
2024-10-31,6361,荏原製作所,プライム（内国株式）,機械,2326.5,2369.5,2311.5,2350.5,39,1.687216,1894700,OK
2024-10-31,6362,石井鐵工所,スタンダード（内国株式）,機械,8320,8330,8320,8330,10,0.120192,10800,OK
2024-10-31,6363,酉島製作所,プライム（内国株式）,機械,2774,2828,2746,2806,43,1.556279,79400,OK
2024-10-31,6364,北越工業,プライム（内国株式）,機械,1884,1919,1884,1897,8,0.423504,20500,OK
2024-10-31,6365,電業社機械製作所,スタンダード（内国株式）,機械,3720,3720,3720,3720,0,0,200,OK
2024-10-31,6366,千代田化工建設,スタンダード（内国株式）,建設業,291,297,290,296,3,1.023891,986900,OK
2024-10-31,6367,ダイキン工業,プライム（内国株式）,機械,18560,18705,18525,18650,-60,-0.320684,864200,OK
2024-10-31,6368,オルガノ,プライム（内国株式）,機械,7090,7290,7030,7270,90,1.253482,289800,OK
2024-10-31,6369,トーヨーカネツ,プライム（内国株式）,機械,4480,4505,4435,4485,0,0,35400,OK
2024-10-31,6370,栗田工業,プライム（内国株式）,機械,5677,5813,5665,5786,89,1.562226,316700,OK
2024-10-31,6371,椿本チエイン,プライム（内国株式）,機械,1907,1950,1901,1939,20,1.042209,375900,OK
2024-10-31,6373,大同工業,スタンダード（内国株式）,機械,768,798,767,796,29,3.780965,44500,OK
2024-10-31,6376,日機装,プライム（内国株式）,精密機器,1027,1042,1020,1037,16,1.567091,150400,OK
2024-10-31,6378,木村化工機,スタンダード（内国株式）,機械,756,769,751,769,8,1.051248,106700,OK
2024-10-31,6379,レイズネクスト,プライム（内国株式）,建設業,1563,1595,1555,1575,23,1.481959,46100,OK
2024-10-31,6380,オリエンタルチエン工業,スタンダード（内国株式）,機械,,,,,,,,NO_QUOTE
2024-10-31,6381,アネスト岩田,プライム（内国株式）,機械,1408,1425,1402,1416,8,0.568182,42000,OK
2024-10-31,6382,トリニティ工業,スタンダード（内国株式）,機械,979,979,942,957,-1,-0.104384,7000,OK
2024-10-31,6383,ダイフク,プライム（内国株式）,機械,2933.5,2969,2911,2931,-15,-0.509165,1646100,OK
2024-10-31,6384,昭和真空,スタンダード（内国株式）,機械,1331,1338,1331,1334,-3,-0.224383,1000,OK
2024-10-31,6387,サムコ,プライム（内国株式）,機械,3265,3320,3235,3305,30,0.916031,32300,OK
2024-10-31,6390,加藤製作所,プライム（内国株式）,機械,1211,1249,1207,1242,31,2.559868,74800,OK
2024-10-31,6391,加地テック,スタンダード（内国株式）,機械,3400,3690,3400,3565,165,4.852941,4200,OK
2024-10-31,6392,ヤマダコーポレーション,スタンダード（内国株式）,機械,5230,5230,5230,5230,10,0.191571,100,OK
2024-10-31,6393,油研工業,スタンダード（内国株式）,機械,2091,2138,2084,2137,71,3.436592,11400,OK
2024-10-31,6395,タダノ,プライム（内国株式）,機械,976.1,987.9,973,981.7,6.8,0.697507,139400,OK
2024-10-31,6396,宇野澤組鐵工所,スタンダード（内国株式）,機械,2760,2799,2760,2799,-1,-0.035714,1600,OK
2024-10-31,6400,不二精機,スタンダード（内国株式）,機械,248,249,247,247,0,0,2500,OK
2024-10-31,6402,兼松エンジニアリング,スタンダード（内国株式）,機械,1078,1082,1078,1081,7,0.651769,700,OK
2024-10-31,6403,水道機工,スタンダード（内国株式）,機械,,,,,,,,NO_QUOTE
2024-10-31,6405,鈴茂器工,スタンダード（内国株式）,機械,1536,1545,1502,1518,-10,-0.65445,25400,OK
2024-10-31,6406,フジテック,プライム（内国株式）,機械,5260,5664,5222,5540,254,4.805146,863100,OK
2024-10-31,6407,ＣＫＤ,プライム（内国株式）,機械,2600,2667,2580,2651,30,1.144601,304400,OK
2024-10-31,6408,小倉クラッチ,スタンダード（内国株式）,機械,3200,3200,3200,3200,-30,-0.928793,200,OK
2024-10-31,6411,中野冷機,スタンダード（内国株式）,機械,5950,5950,5940,5940,-10,-0.168067,200,OK
2024-10-31,6412,平和,プライム（内国株式）,機械,2078,2101,2071,2086,7,0.3367,218700,OK
2024-10-31,6413,理想科学工業,プライム（内国株式）,機械,3555,3580,3515,3540,-15,-0.421941,21100,OK
2024-10-31,6416,桂川電機,スタンダード（内国株式）,機械,830,830,828,830,-4,-0.479616,13500,OK
2024-10-31,6417,ＳＡＮＫＹＯ,プライム（内国株式）,機械,2026.5,2049,2007.5,2039,24.5,1.216183,1082100,OK
2024-10-31,6418,日本金銭機械,プライム（内国株式）,機械,908,922,904,918,10,1.101322,81000,OK
2024-10-31,6419,マースグループホールディングス,プライム（内国株式）,機械,3140,3210,3090,3160,20,0.636943,288200,OK
2024-10-31,6420,フクシマガリレイ,プライム（内国株式）,機械,5570,5590,5450,5540,-40,-0.716846,30000,OK
2024-10-31,6424,高見沢サイバネティックス,スタンダード（内国株式）,機械,1001,1014,1001,1014,23,2.320888,800,OK
2024-10-31,6425,ユニバーサルエンターテインメント,スタンダード（内国株式）,機械,1290,1317,1281,1310,33,2.584182,389300,OK
2024-10-31,6428,オーイズミ,スタンダード（内国株式）,機械,339,354,339,353,16,4.747774,41500,OK
2024-10-31,6430,ダイコク電機,プライム（内国株式）,機械,3340,3385,3305,3370,50,1.506024,58400,OK
2024-10-31,6432,竹内製作所,プライム（内国株式）,機械,4785,4835,4770,4825,40,0.835946,374400,OK
2024-10-31,6433,ヒーハイスト,スタンダード（内国株式）,機械,235,235,233,234,-1,-0.425532,1700,OK
2024-10-31,6436,アマノ,プライム（内国株式）,機械,4296,4459,4220,4440,214,5.06389,284400,OK
2024-10-31,6440,ＪＵＫＩ,プライム（内国株式）,機械,396,401,395,400,5,1.265823,60000,OK
2024-10-31,6444,サンデン,スタンダード（内国株式）,機械,147,150,146,148,2,1.369863,56700,OK
2024-10-31,6445,ジャノメ,プライム（内国株式）,機械,904,918,896,914,12,1.330377,106700,OK
2024-10-31,6448,ブラザー工業,プライム（内国株式）,電気機器,2999.5,3036,2972,3011,14.5,0.483898,963800,OK
2024-10-31,6454,マックス,プライム（内国株式）,機械,3505,3615,3475,3550,55,1.573677,74400,OK
2024-10-31,6455,モリタホールディングス,プライム（内国株式）,輸送用機器,2063,2100,2000,2050,63,3.170609,309600,OK
2024-10-31,6457,グローリー,プライム（内国株式）,機械,2494.5,2500.5,2471.5,2499,2,0.080096,257800,OK
2024-10-31,6458,新晃工業,プライム（内国株式）,機械,4355,4455,4325,4420,75,1.726122,62100,OK
2024-10-31,6459,大和冷機工業,プライム（内国株式）,機械,1448,1463,1432,1454,16,1.112656,23200,OK
2024-10-31,6460,セガサミーホールディングス,プライム（内国株式）,機械,2910,2915.5,2880,2890.5,-5.5,-0.189917,635700,OK
2024-10-31,6463,ＴＰＲ,プライム（内国株式）,機械,2293,2335,2287,2322,29,1.264719,31900,OK
2024-10-31,6464,ツバキ・ナカシマ,プライム（内国株式）,機械,690,694,685,694,4,0.57971,170500,OK
2024-10-31,6465,ホシザキ,プライム（内国株式）,機械,5062,5078,5035,5068,25,0.495737,331500,OK
2024-10-31,6466,ＴＶＥ,スタンダード（内国株式）,機械,2298,2300,2249,2273,-25,-1.087903,6100,OK
2024-10-31,6467,ニチダイ,スタンダード（内国株式）,機械,436,464,435,464,30,6.912442,122000,OK
2024-10-31,6469,放電精密加工研究所,スタンダード（内国株式）,機械,907,917,900,906,1,0.110497,12500,OK
2024-10-31,6470,大豊工業,スタンダード（内国株式）,機械,600,623,600,615,15,2.5,69600,OK
2024-10-31,6471,日本精工,プライム（内国株式）,機械,700,705.7,691,701.4,1.4,0.2,2150900,OK
2024-10-31,6472,ＮＴＮ,プライム（内国株式）,機械,255.5,255.8,252.2,255,0.4,0.157109,3749400,OK
2024-10-31,6473,ジェイテクト,プライム（内国株式）,機械,1051.5,1058,1027.5,1046,-5.5,-0.523062,1719300,OK
2024-10-31,6474,不二越,プライム（内国株式）,機械,3165,3250,3165,3225,60,1.895735,61800,OK
2024-10-31,6479,ミネベアミツミ,プライム（内国株式）,電気機器,2737.5,2765,2721,2752,-9,-0.325969,1669900,OK
2024-10-31,6480,日本トムソン,プライム（内国株式）,機械,480,486,479,481,-3,-0.619835,95400,OK
2024-10-31,6481,ＴＨＫ,プライム（内国株式）,機械,2560,2572,2533.5,2565,0,0,486000,OK
2024-10-31,6482,ユーシン精機,スタンダード（内国株式）,機械,673,673,661,665,-11,-1.627219,35100,OK
2024-10-31,6484,ＫＶＫ,スタンダード（内国株式）,機械,1740,1740,1721,1734,-6,-0.344828,700,OK
2024-10-31,6485,前澤給装工業,スタンダード（内国株式）,機械,1242,1258,1242,1244,2,0.161031,8200,OK
2024-10-31,6486,イーグル工業,プライム（内国株式）,機械,2032,2048,2021,2039,7,0.344488,37200,OK
2024-10-31,6488,ヨシタケ,スタンダード（内国株式）,機械,646,649,646,649,4,0.620155,1300,OK
2024-10-31,6489,前澤工業,スタンダード（内国株式）,機械,1191,1213,1190,1213,21,1.761745,26000,OK
2024-10-31,6490,ＰＩＬＬＡＲ,プライム（内国株式）,機械,4270,4325,4250,4320,10,0.232019,53800,OK
2024-10-31,6492,岡野バルブ製造,スタンダード（内国株式）,機械,5480,5650,5370,5460,-280,-4.878049,24500,OK
2024-10-31,6493,ＮＩＴＴＡＮ,スタンダード（内国株式）,輸送用機器,261,263,259,261,-2,-0.760456,46200,OK
2024-10-31,6494,ＮＦＫホールディングス,スタンダード（内国株式）,機械,82,84,82,84,1,1.204819,36900,OK
2024-10-31,6495,宮入バルブ製作所,スタンダード（内国株式）,機械,96,96,91,94,0,0,85500,OK
2024-10-31,6496,中北製作所,スタンダード（内国株式）,機械,3125,3220,3030,3220,125,4.038772,6500,OK
2024-10-31,6497,ハマイ,スタンダード（内国株式）,機械,1087,1090,1070,1077,-39,-3.494624,1100,OK
2024-10-31,6498,キッツ,プライム（内国株式）,機械,1057,1065,1052,1063,6,0.567644,204000,OK
2024-10-31,6501,日立製作所,プライム（内国株式）,電気機器,3852,3928,3729,3924,-223,-5.377381,44563700,OK
2024-10-31,6503,三菱電機,プライム（内国株式）,電気機器,2361.5,2405.5,2356,2387.5,-0.5,-0.020938,6183000,OK
2024-10-31,6504,富士電機,プライム（内国株式）,電気機器,7913,8019,7873,7950,-21,-0.263455,757800,OK
2024-10-31,6505,東洋電機製造,スタンダード（内国株式）,電気機器,1072,1098,1066,1098,31,2.905342,19300,OK
2024-10-31,6506,安川電機,プライム（内国株式）,電気機器,4433,4478,4417,4455,22,0.496278,1477800,OK
2024-10-31,6507,シンフォニアテクノロジー,プライム（内国株式）,電気機器,5100,5310,5020,5260,110,2.135922,136700,OK
2024-10-31,6508,明電舎,プライム（内国株式）,電気機器,4015,4095,3985,4075,5,0.12285,325900,OK
2024-10-31,6513,オリジン,スタンダード（内国株式）,電気機器,1184,1193,1181,1191,7,0.591216,8200,OK
2024-10-31,6516,山洋電気,プライム（内国株式）,電気機器,8940,9140,8730,8980,-200,-2.178649,101600,OK
2024-10-31,6517,デンヨー,プライム（内国株式）,電気機器,2502,2569,2488,2550,48,1.918465,24200,OK
2024-10-31,6518,三相電機,スタンダード（内国株式）,電気機器,867,867,865,865,-11,-1.255708,200,OK
2024-10-31,6521,オキサイド,グロース（内国株式）,電気機器,1735,1777,1726,1759,31,1.793981,54300,OK
2024-10-31,6522,アスタリスク,グロース（内国株式）,電気機器,463,465,459,464,-1,-0.215054,3300,OK
2024-10-31,6523,ＰＨＣホールディングス,プライム（内国株式）,電気機器,1010,1017,998,1001,-9,-0.891089,137700,OK
2024-10-31,6524,湖北工業,スタンダード（内国株式）,電気機器,3030,3045,2991,3020,-10,-0.330033,66500,OK
2024-10-31,6525,ＫＯＫＵＳＡＩ　ＥＬＥＣＴＲＩＣ,プライム（内国株式）,電気機器,2864,2913,2851,2904,-43,-1.459111,2255500,OK
2024-10-31,6526,ソシオネクスト,プライム（内国株式）,電気機器,2946.5,2961,2877,2922,-27.5,-0.932361,6705400,OK
2024-10-31,6527,ワカ製作所,TOKYO PRO MARKET（内国株式）,電気機器,,,,,,,,NO_QUOTE
2024-10-31,6532,ベイカレント,プライム（内国株式）,サービス業,4901,5007,4894,4974,74,1.510204,840400,OK
2024-10-31,6533,Ｏｒｃｈｅｓｔｒａ　Ｈｏｌｄｉｎｇｓ,プライム（内国株式）,サービス業,860,862,850,862,9,1.0551,12900,OK
2024-10-31,6535,アイモバイル,プライム（内国株式）,サービス業,504,514,502,510,8,1.593625,110200,OK
2024-10-31,6537,ＷＡＳＨハウス,グロース（内国株式）,サービス業,374,377,372,377,2,0.533333,9200,OK
2024-10-31,6538,ディスラプターズ,スタンダード（内国株式）,サービス業,167,168,164,166,0,0,24200,OK
2024-10-31,6539,ＭＳ−Ｊａｐａｎ,プライム（内国株式）,サービス業,1053,1053,1043,1046,-2,-0.19084,22800,OK
2024-10-31,6540,船場,スタンダード（内国株式）,サービス業,1191,1214,1190,1211,24,2.021904,6500,OK
2024-10-31,6542,ＦＣホールディングス,スタンダード（内国株式）,サービス業,881,882,881,882,12,1.37931,700,OK
2024-10-31,6543,日宣,スタンダード（内国株式）,サービス業,640,645,640,645,6,0.938967,3800,OK
2024-10-31,6544,ジャパンエレベーターサービスホールディングス,プライム（内国株式）,サービス業,2990,2996,2944,2948,-42,-1.404682,285100,OK
2024-10-31,6545,インターネットインフィニティー,グロース（内国株式）,サービス業,462,462,457,458,-12,-2.553191,4400,OK
2024-10-31,6546,フルテック,スタンダード（内国株式）,サービス業,1120,1138,1115,1136,22,1.974865,6400,OK
2024-10-31,6547,グリーンズ,スタンダード（内国株式）,サービス業,1535,1554,1518,1543,23,1.513158,47000,OK
2024-10-31,6548,旅工房,グロース（内国株式）,サービス業,163,164,160,160,-3,-1.840491,32200,OK
2024-10-31,6549,ディーエムソリューションズ,スタンダード（内国株式）,サービス業,1256,1256,1240,1240,-21,-1.665345,400,OK
2024-10-31,6550,Ｕｎｉｐｏｓ,グロース（内国株式）,サービス業,126,127,126,127,0,0,15400,OK
2024-10-31,6551,ツナググループ・ホールディングス,スタンダード（内国株式）,サービス業,650,656,640,656,13,2.021773,31800,OK
2024-10-31,6552,ＧａｍｅＷｉｔｈ,スタンダード（内国株式）,サービス業,202,245,198,245,50,25.641026,6920500,OK
2024-10-31,6554,エスユーエス,グロース（内国株式）,サービス業,682,689,675,678,-7,-1.021898,6800,OK
2024-10-31,6555,ＭＳ＆Ｃｏｎｓｕｌｔｉｎｇ,スタンダード（内国株式）,サービス業,482,483,477,479,-3,-0.622407,9400,OK
2024-10-31,6557,ＡＩＡＩグループ,グロース（内国株式）,サービス業,1556,1589,1535,1557,-13,-0.828025,21100,OK
2024-10-31,6558,クックビズ,グロース（内国株式）,サービス業,1010,1022,1010,1011,1,0.09901,2900,OK
2024-10-31,6560,エル・ティー・エス,プライム（内国株式）,サービス業,1803,1840,1803,1830,19,1.049144,10800,OK
2024-10-31,6561,ＨＡＮＡＴＯＵＲ　ＪＡＰＡＮ,グロース（内国株式）,サービス業,1220,1255,1220,1252,22,1.788618,18700,OK
2024-10-31,6562,ジーニー,グロース（内国株式）,サービス業,1259,1259,1231,1236,-28,-2.21519,52400,OK
2024-10-31,6563,みらいワークス,グロース（内国株式）,サービス業,1110,1137,1100,1126,24,2.177858,14900,OK
2024-10-31,6564,ミダックホールディングス,プライム（内国株式）,サービス業,1900,1919,1856,1859,-32,-1.692226,53500,OK
2024-10-31,6565,ＡＢホテル,スタンダード（内国株式）,サービス業,1271,1390,1270,1293,30,2.375297,35200,OK
2024-10-31,6566,要興業,スタンダード（内国株式）,サービス業,1130,1130,1108,1120,6,0.5386,5700,OK
2024-10-31,6568,神戸天然物化学,グロース（内国株式）,サービス業,1150,1160,1136,1154,3,0.260643,7300,OK
2024-10-31,6570,共和コーポレーション,スタンダード（内国株式）,サービス業,845,852,843,852,8,0.947867,3200,OK
2024-10-31,6571,キュービーネットホールディングス,プライム（内国株式）,サービス業,1000,1017,996,1013,13,1.3,58700,OK
2024-10-31,6572,オープングループ,プライム（内国株式）,サービス業,199,207,198,201,-1,-0.49505,175700,OK
2024-10-31,6573,アジャイルメディア・ネットワーク,グロース（内国株式）,サービス業,82,94,81,89,7,8.536585,1886800,OK
2024-10-31,6574,コンヴァノ,グロース（内国株式）,サービス業,2453,2500,2370,2500,97,4.036621,3500,OK
2024-10-31,6576,揚工舎,TOKYO PRO MARKET（内国株式）,サービス業,,,,,,,,NO_QUOTE
2024-10-31,6577,ベストワンドットコム,グロース（内国株式）,サービス業,2832,2832,2791,2820,-12,-0.423729,1700,OK
2024-10-31,6578,コレックホールディングス,スタンダード（内国株式）,サービス業,263,287,260,260,-4,-1.515152,142800,OK
2024-10-31,6579,ログリー,グロース（内国株式）,サービス業,345,353,337,347,2,0.57971,15400,OK
2024-10-31,6580,ライトアップ,グロース（内国株式）,サービス業,1003,1003,977,982,-24,-2.385686,11900,OK
2024-10-31,6584,三櫻工業,プライム（内国株式）,輸送用機器,733,739,729,736,-2,-0.271003,140700,OK
2024-10-31,6586,マキタ,プライム（内国株式）,機械,5049,5105,4942,5053,450,9.776233,2874400,OK
2024-10-31,6588,東芝テック,プライム（内国株式）,電気機器,3445,3535,3400,3505,40,1.154401,142500,OK
2024-10-31,6590,芝浦メカトロニクス,プライム（内国株式）,電気機器,10940,11070,10830,10880,-320,-2.857143,571100,OK
2024-10-31,6592,マブチモーター,プライム（内国株式）,電気機器,2200,2205.5,2174.5,2196,0,0,417900,OK
2024-10-31,6594,ニデック,プライム（内国株式）,電気機器,3066,3127,3038,3076,-191,-5.846342,10784100,OK
2024-10-31,6596,筑波精工,TOKYO PRO MARKET（内国株式）,電気機器,,,,,,,,NO_QUOTE
2024-10-31,6597,ＨＰＣシステムズ,グロース（内国株式）,電気機器,1172,1179,1159,1163,-7,-0.598291,13300,OK
2024-10-31,6599,エブレン,スタンダード（内国株式）,電気機器,2095,2095,2061,2089,-6,-0.286396,1300,OK
2024-10-31,6612,バルミューダ,グロース（内国株式）,電気機器,987,995,986,986,-8,-0.804829,4100,OK
2024-10-31,6613,ＱＤレーザ,グロース（内国株式）,電気機器,363,370,361,370,5,1.369863,252700,OK
2024-10-31,6614,シキノハイテック,スタンダード（内国株式）,電気機器,1320,1349,1314,1330,-10,-0.746269,2700,OK
2024-10-31,6615,ユー・エム・シー・エレクトロニクス,プライム（内国株式）,電気機器,356,367,356,367,10,2.80112,31700,OK
2024-10-31,6616,トレックス・セミコンダクター,プライム（内国株式）,電気機器,1528,1557,1502,1550,24,1.572739,19300,OK
2024-10-31,6617,東光高岳,プライム（内国株式）,電気機器,1960,1976,1937,1966,9,0.459888,39000,OK
2024-10-31,6619,ダブル・スコープ,プライム（内国株式）,電気機器,353,360,351,360,2,0.558659,576000,OK
2024-10-31,6620,宮越ホールディングス,プライム（内国株式）,不動産業,1790,1832,1779,1817,14,0.776484,57200,OK
2024-10-31,6622,ダイヘン,プライム（内国株式）,電気機器,6400,6510,6380,6460,0,0,117000,OK
2024-10-31,6625,ＪＡＬＣＯホールディングス,スタンダード（内国株式）,不動産業,360,362,355,362,2,0.555556,237600,OK
2024-10-31,6626,ＳＥＭＩＴＥＣ,スタンダード（内国株式）,電気機器,1753,1825,1738,1811,62,3.544883,13300,OK
2024-10-31,6627,テラプローブ,スタンダード（内国株式）,電気機器,3270,3305,3220,3270,30,0.925926,56300,OK
2024-10-31,6629,テクノホライゾン,スタンダード（内国株式）,電気機器,370,370,363,364,-3,-0.817439,18200,OK
2024-10-31,6630,ヤーマン,プライム（内国株式）,電気機器,839,844,838,843,5,0.596659,41100,OK
2024-10-31,6632,ＪＶＣケンウッド,プライム（内国株式）,電気機器,1200,1214,1177,1208.5,48.5,4.181034,2353600,OK
2024-10-31,6633,Ｃ＆Ｇシステムズ,スタンダード（内国株式）,電気機器,290,293,289,290,-2,-0.684932,2600,OK
2024-10-31,6634,ネクスグループ,スタンダード（内国株式）,電気機器,90,93,89,93,3,3.333333,122000,OK
2024-10-31,6635,大日光・エンジニアリング,スタンダード（内国株式）,電気機器,512,512,500,507,0,0,8100,OK
2024-10-31,6637,寺崎電気産業,スタンダード（内国株式）,電気機器,2407,2411,2344,2383,23,0.974576,38400,OK
2024-10-31,6638,ミマキエンジニアリング,プライム（内国株式）,電気機器,1340,1385,1336,1372,29,2.159345,207800,OK
2024-10-31,6640,Ｉ−ＰＥＸ,プライム（内国株式）,電気機器,1566,1610,1555,1608,38,2.420382,95500,OK
2024-10-31,6643,戸上電機製作所,スタンダード（内国株式）,電気機器,3235,3275,3195,3245,-15,-0.460123,2300,OK
2024-10-31,6644,大崎電気工業,プライム（内国株式）,電気機器,793,800,785,796,3,0.37831,122200,OK
2024-10-31,6645,オムロン,プライム（内国株式）,電気機器,6063,6124,6018,6100,-113,-1.818767,1428500,OK
2024-10-31,6647,森尾電機,スタンダード（内国株式）,電気機器,1614,1614,1614,1614,-9,-0.554529,300,OK
2024-10-31,6648,かわでん,スタンダード（内国株式）,電気機器,,,,,,,,NO_QUOTE
2024-10-31,6651,日東工業,プライム（内国株式）,電気機器,2974,2974,2941,2962,5,0.16909,63000,OK
2024-10-31,6652,ＩＤＥＣ,プライム（内国株式）,電気機器,2478,2503,2472,2483,-1,-0.040258,54200,OK
2024-10-31,6653,正興電機製作所,プライム（内国株式）,電気機器,1251,1288,1241,1278,15,1.187648,45000,OK
2024-10-31,6654,不二電機工業,スタンダード（内国株式）,電気機器,1066,1092,1058,1092,28,2.631579,13000,OK
2024-10-31,6656,インスペック,スタンダード（内国株式）,電気機器,745,761,745,752,-7,-0.922266,2100,OK
2024-10-31,6658,シライ電子工業,スタンダード（内国株式）,電気機器,538,544,534,539,-3,-0.553506,33500,OK
2024-10-31,6659,メディアリンクス,スタンダード（内国株式）,電気機器,90,96,88,95,4,4.395604,1567300,OK
2024-10-31,6662,ユビテック,スタンダード（内国株式）,電気機器,221,221,221,221,0,0,26700,OK
2024-10-31,6663,太洋テクノレックス,スタンダード（内国株式）,電気機器,261,263,260,261,-1,-0.381679,5700,OK
2024-10-31,6664,オプトエレクトロニクス,スタンダード（内国株式）,電気機器,244,249,244,249,3,1.219512,4900,OK
2024-10-31,6666,リバーエレテック,スタンダード（内国株式）,電気機器,412,418,407,412,3,0.733496,5100,OK
2024-10-31,6668,アドテック　プラズマ　テクノロジー,スタンダード（内国株式）,電気機器,1295,1317,1293,1306,0,0,110800,OK
2024-10-31,6670,ＭＣＪ,スタンダード（内国株式）,電気機器,1426,1443,1420,1442,7,0.487805,92700,OK
2024-10-31,6674,ジーエス・ユアサ　コーポレーション,プライム（内国株式）,電気機器,2726.5,2767,2713,2739.5,-5.5,-0.200364,403000,OK
2024-10-31,6675,サクサ,スタンダード（内国株式）,電気機器,2404,2442,2380,2422,8,0.3314,10600,OK
2024-10-31,6676,メルコホールディングス,スタンダード（内国株式）,電気機器,2390,2454,2381,2452,46,1.911887,35600,OK
2024-10-31,6677,エスケーエレクトロニクス,スタンダード（内国株式）,電気機器,2334,2383,2322,2376,51,2.193548,69900,OK
2024-10-31,6678,テクノメディカ,スタンダード（内国株式）,電気機器,1789,1818,1788,1807,13,0.724638,2900,OK
2024-10-31,6694,ズーム,スタンダード（内国株式）,電気機器,712,713,712,713,1,0.140449,1100,OK
2024-10-31,6695,キャストリコ,TOKYO PRO MARKET（内国株式）,電気機器,,,,,,,,NO_QUOTE
2024-10-31,6696,トラース・オン・プロダクト,グロース（内国株式）,電気機器,372,378,370,371,-7,-1.851852,59300,OK
2024-10-31,6698,ヴィスコ・テクノロジーズ,スタンダード（内国株式）,電気機器,1096,1096,1096,1096,-1,-0.091158,600,OK
2024-10-31,6699,ダイヤモンドエレクトリックホールディングス,プライム（内国株式）,電気機器,613,619,603,609,-6,-0.97561,20800,OK
2024-10-31,6701,日本電気,プライム（内国株式）,電気機器,13020,13325,12795,13235,20,0.151343,1856000,OK
2024-10-31,6702,富士通,プライム（内国株式）,電気機器,2946,2980.5,2916.5,2963,-17,-0.57047,6797400,OK
2024-10-31,6703,沖電気工業,プライム（内国株式）,電気機器,1005,1010,996,1010,6,0.59761,260600,OK
2024-10-31,6706,電気興業,プライム（内国株式）,電気機器,1929,1951,1912,1939,11,0.570539,20600,OK
2024-10-31,6707,サンケン電気,プライム（内国株式）,電気機器,6241,6279,6091,6113,-206,-3.260009,157500,OK
2024-10-31,6715,ナカヨ,スタンダード（内国株式）,電気機器,1068,1090,1062,1090,31,2.92729,5500,OK
2024-10-31,6718,アイホン,プライム（内国株式）,電気機器,2963,2997,2956,2973,16,0.541089,12300,OK
2024-10-31,6721,ウインテスト,スタンダード（内国株式）,電気機器,70,71,68,71,1,1.428571,111400,OK
2024-10-31,6723,ルネサスエレクトロニクス,プライム（内国株式）,電気機器,2195,2260,2042,2110,-111,-4.997749,29446900,OK
2024-10-31,6724,セイコーエプソン,プライム（内国株式）,電気機器,2819.5,2822,2768,2808.5,-15.5,-0.548867,1323000,OK
2024-10-31,6727,ワコム,プライム（内国株式）,電気機器,684,716,667,714,20,2.881844,1491600,OK
2024-10-31,6728,アルバック,プライム（内国株式）,電気機器,7164,7384,7103,7340,92,1.269316,322100,OK
2024-10-31,6730,アクセル,スタンダード（内国株式）,電気機器,1414,1441,1386,1433,31,2.211127,55900,OK
2024-10-31,6731,ピクセラ,スタンダード（内国株式）,電気機器,68,68,67,68,0,0,47300,OK
2024-10-31,6734,ニューテック,スタンダード（内国株式）,電気機器,1540,1540,1535,1540,-4,-0.259067,2500,OK
2024-10-31,6736,サン電子,スタンダード（内国株式）,電気機器,7870,8080,7850,8010,60,0.754717,27800,OK
2024-10-31,6737,ＥＩＺＯ,プライム（内国株式）,電気機器,2240,2264,2213,2259,48,2.170963,101800,OK
2024-10-31,6740,ジャパンディスプレイ,プライム（内国株式）,電気機器,22,23,22,22,-1,-4.347826,255388500,OK
2024-10-31,6741,日本信号,プライム（内国株式）,電気機器,935,939,926,936,5,0.537057,63700,OK
2024-10-31,6742,京三製作所,プライム（内国株式）,電気機器,545,548,540,543,-3,-0.549451,98900,OK
2024-10-31,6743,大同信号,スタンダード（内国株式）,電気機器,428,433,427,433,6,1.405152,2200,OK
2024-10-31,6744,能美防災,プライム（内国株式）,電気機器,2955,3055,2928,3035,78,2.637809,101200,OK
2024-10-31,6745,ホーチキ,プライム（内国株式）,電気機器,2118,2146,2094,2137,10,0.470146,60100,OK
2024-10-31,6748,星和電機,スタンダード（内国株式）,電気機器,504,517,504,517,18,3.607214,17000,OK
2024-10-31,6750,エレコム,プライム（内国株式）,電気機器,1447,1450,1430,1447,9,0.625869,97400,OK
2024-10-31,6752,パナソニック　ホールディングス,プライム（内国株式）,電気機器,1243,1247.5,1231.5,1238,-13,-1.039169,9183100,OK
2024-10-31,6753,シャープ,プライム（内国株式）,電気機器,931.1,942.6,922,937.7,8,0.860493,1789700,OK
2024-10-31,6754,アンリツ,プライム（内国株式）,電気機器,1111.5,1172.5,1110.5,1161.5,23.5,2.065026,1425900,OK
2024-10-31,6755,富士通ゼネラル,プライム（内国株式）,電気機器,1937,1949,1902,1916,-5,-0.260281,460600,OK
2024-10-31,6757,ＯＳＧコーポレーション,スタンダード（内国株式）,電気機器,863,863,841,841,-3,-0.35545,4700,OK
2024-10-31,6758,ソニーグループ,プライム（内国株式）,電気機器,2721,2740,2709,2723.5,-26.5,-0.963636,13004600,OK
2024-10-31,6762,ＴＤＫ,プライム（内国株式）,電気機器,1866,1871,1814,1842.5,-43,-2.280562,9445100,OK
2024-10-31,6763,帝国通信工業,プライム（内国株式）,電気機器,2639,2735,2589,2700,61,2.311482,25900,OK
2024-10-31,6768,タムラ製作所,プライム（内国株式）,電気機器,557,561,555,561,-2,-0.35524,195200,OK
2024-10-31,6769,ザインエレクトロニクス,スタンダード（内国株式）,電気機器,1232,1253,1202,1250,18,1.461039,67000,OK
2024-10-31,6770,アルプスアルパイン,プライム（内国株式）,電気機器,1480,1533,1471.5,1521,-61.5,-3.886256,3319100,OK
2024-10-31,6771,池上通信機,スタンダード（内国株式）,電気機器,676,682,670,677,1,0.147929,20800,OK
2024-10-31,6772,東京コスモス電機,スタンダード（内国株式）,電気機器,4295,4350,4155,4350,30,0.694444,4500,OK
2024-10-31,6775,ＴＢグループ,スタンダード（内国株式）,電気機器,164,166,160,165,1,0.609756,26200,OK
2024-10-31,6776,天昇電気工業,スタンダード（内国株式）,化学,302,302,299,300,-1,-0.332226,2400,OK
2024-10-31,6777,ｓａｎｔｅｃ　Ｈｏｌｄｉｎｇｓ,スタンダード（内国株式）,電気機器,5620,5670,5550,5650,-20,-0.352734,43200,OK
2024-10-31,6778,アルチザネットワークス,スタンダード（内国株式）,電気機器,546,552,543,548,0,0,6100,OK
2024-10-31,6779,日本電波工業,プライム（内国株式）,電気機器,1057,1081,1055,1075,19,1.799242,150900,OK
2024-10-31,6785,鈴木,プライム（内国株式）,電気機器,1866,1914,1865,1893,26,1.392608,72600,OK
2024-10-31,6786,ＲＶＨ,スタンダード（内国株式）,サービス業,48,48,47,47,0,0,45200,OK
2024-10-31,6787,メイコー,プライム（内国株式）,電気機器,6020,6160,5980,6130,50,0.822368,122200,OK
2024-10-31,6788,日本トリム,プライム（内国株式）,電気機器,3535,3575,3505,3525,5,0.142045,6800,OK
2024-10-31,6794,フォスター電機,プライム（内国株式）,電気機器,1742,1772,1723,1745,-30,-1.690141,193300,OK
2024-10-31,6797,名古屋電機工業,スタンダード（内国株式）,電気機器,1932,1940,1932,1940,-2,-0.102987,200,OK
2024-10-31,6798,ＳＭＫ,プライム（内国株式）,電気機器,2411,2425,2364,2375,-23,-0.959133,8200,OK
2024-10-31,6800,ヨコオ,プライム（内国株式）,電気機器,1539,1550,1528,1544,5,0.324886,31200,OK
2024-10-31,6803,ティアック,スタンダード（内国株式）,電気機器,83,84,83,83,1,1.219512,518600,OK
2024-10-31,6804,ホシデン,プライム（内国株式）,電気機器,2289,2310,2278,2299,7,0.30541,154100,OK
2024-10-31,6806,ヒロセ電機,プライム（内国株式）,電気機器,18285,18500,18160,18395,170,0.932785,118300,OK
2024-10-31,6807,日本航空電子工業,プライム（内国株式）,電気機器,2854,2876,2821,2870,-5,-0.173913,247000,OK
2024-10-31,6809,ＴＯＡ,プライム（内国株式）,電気機器,975,980,968,978,4,0.410678,24000,OK
2024-10-31,6810,マクセル,プライム（内国株式）,電気機器,1866,1889,1853,1878,8,0.427807,164900,OK
2024-10-31,6814,古野電気,プライム（内国株式）,電気機器,2480,2509,2455,2500,19,0.76582,312500,OK
2024-10-31,6817,スミダコーポレーション,プライム（内国株式）,電気機器,954,954,940,950,6,0.635593,172100,OK
2024-10-31,6819,伊豆シャボテンリゾート,スタンダード（内国株式）,サービス業,455,456,453,454,-1,-0.21978,4700,OK
2024-10-31,6820,アイコム,プライム（内国株式）,電気機器,2860,2906,2851,2891,31,1.083916,5900,OK
2024-10-31,6822,大井電気,スタンダード（内国株式）,電気機器,1860,1920,1860,1920,20,1.052632,5500,OK
2024-10-31,6823,リオン,プライム（内国株式）,電気機器,2455,2500,2406,2491,204,8.919983,181400,OK
2024-10-31,6824,新コスモス電機,スタンダード（内国株式）,電気機器,2470,2470,2470,2470,49,2.023957,1900,OK
2024-10-31,6832,アオイ電子,スタンダード（内国株式）,電気機器,2442,2461,2403,2461,63,2.627189,27800,OK
2024-10-31,6834,精工技研,スタンダード（内国株式）,電気機器,3550,3640,3520,3600,40,1.123596,73100,OK
2024-10-31,6835,アライドテレシスホールディングス,スタンダード（内国株式）,電気機器,103,107,102,106,4,3.921569,524800,OK
2024-10-31,6836,ぷらっとホーム,スタンダード（内国株式）,電気機器,2777,2869,2676,2848,21,0.742837,83400,OK
2024-10-31,6837,京写,スタンダード（内国株式）,電気機器,370,374,368,374,4,1.081081,21000,OK
2024-10-31,6838,多摩川ホールディングス,スタンダード（内国株式）,電気機器,713,718,708,708,-3,-0.421941,11400,OK
2024-10-31,6840,ＡＫＩＢＡホールディングス,スタンダード（内国株式）,電気機器,283,287,281,284,0,0,10700,OK
2024-10-31,6841,横河電機,プライム（内国株式）,電気機器,3431,3461,3402,3436,-25,-0.722335,880300,OK
2024-10-31,6844,新電元工業,プライム（内国株式）,電気機器,2375,2425,2375,2404,10,0.417711,50400,OK
2024-10-31,6845,アズビル,プライム（内国株式）,電気機器,1178,1202.5,1175,1201,25,2.12585,1546700,OK
2024-10-31,6848,東亜ディーケーケー,スタンダード（内国株式）,電気機器,733,736,727,736,5,0.683995,30700,OK
2024-10-31,6849,日本光電工業,プライム（内国株式）,電気機器,2275,2296.5,2268.5,2289,21,0.925926,410800,OK
2024-10-31,6850,チノー,プライム（内国株式）,電気機器,2155,2180,2150,2175,7,0.322878,13700,OK
2024-10-31,6853,共和電業,スタンダード（内国株式）,電気機器,407,425,407,425,17,4.166667,50400,OK
2024-10-31,6855,日本電子材料,スタンダード（内国株式）,電気機器,2526,2614,2499,2534,-31,-1.208577,371700,OK
2024-10-31,6856,堀場製作所,プライム（内国株式）,電気機器,9500,9627,9449,9578,105,1.108413,225000,OK
2024-10-31,6857,アドバンテスト,プライム（内国株式）,電気機器,8950,9310,8782,9148,553,6.433973,36627100,OK
2024-10-31,6858,小野測器,スタンダード（内国株式）,電気機器,520,528,516,526,4,0.766284,27000,OK
2024-10-31,6859,エスペック,プライム（内国株式）,電気機器,2690,2720,2665,2692,7,0.260708,70100,OK
2024-10-31,6861,キーエンス,プライム（内国株式）,電気機器,69000,70550,68900,69780,620,0.896472,658200,OK
2024-10-31,6862,ミナトホールディングス,スタンダード（内国株式）,電気機器,732,741,728,739,8,1.094391,22300,OK
2024-10-31,6863,ニレコ,スタンダード（内国株式）,電気機器,1408,1424,1402,1403,-14,-0.988003,6400,OK
2024-10-31,6864,エヌエフホールディングス,スタンダード（内国株式）,電気機器,904,904,885,891,-43,-4.603854,15900,OK
2024-10-31,6866,日置電機,プライム（内国株式）,電気機器,8160,8300,8030,8260,100,1.22549,38500,OK
2024-10-31,6867,リーダー電子,スタンダード（内国株式）,電気機器,454,458,454,458,5,1.103753,3100,OK
2024-10-31,6869,シスメックス,プライム（内国株式）,電気機器,2856,2882,2843,2853.5,3,0.105245,1275000,OK
2024-10-31,6870,日本フェンオール,スタンダード（内国株式）,電気機器,1705,1706,1687,1697,1,0.058962,13400,OK
2024-10-31,6871,日本マイクロニクス,プライム（内国株式）,電気機器,3710,3965,3700,3935,15,0.382653,1132600,OK
2024-10-31,6874,協立電機,スタンダード（内国株式）,電気機器,3200,3200,3100,3110,-95,-2.964119,1800,OK
2024-10-31,6875,メガチップス,プライム（内国株式）,電気機器,5480,5520,5430,5520,50,0.914077,57300,OK
2024-10-31,6877,ＯＢＡＲＡ　ＧＲＯＵＰ,スタンダード（内国株式）,電気機器,4220,4245,4175,4235,25,0.593824,22100,OK
2024-10-31,6879,ＩＭＡＧＩＣＡ　ＧＲＯＵＰ,プライム（内国株式）,情報･通信業,535,540,531,540,3,0.558659,71400,OK
2024-10-31,6882,三社電機製作所,スタンダード（内国株式）,電気機器,982,1017,982,1012,30,3.05499,67600,OK
2024-10-31,6888,アクモス,スタンダード（内国株式）,情報･通信業,523,523,518,521,-2,-0.382409,13500,OK
2024-10-31,6890,フェローテックホールディングス,スタンダード（内国株式）,電気機器,2595,2602,2567,2594,-16,-0.613027,358800,OK
2024-10-31,6894,パルステック工業,スタンダード（内国株式）,電気機器,1671,1682,1671,1682,2,0.119048,500,OK
2024-10-31,6897,ツインバード,スタンダード（内国株式）,電気機器,458,458,455,456,1,0.21978,4000,OK
2024-10-31,6898,トミタ電機,スタンダード（内国株式）,電気機器,1837,1839,1800,1839,1,0.054407,4400,OK
2024-10-31,6899,ＡＳＴＩ,スタンダード（内国株式）,電気機器,1910,1935,1906,1922,12,0.628272,4300,OK
2024-10-31,6901,澤藤電機,スタンダード（内国株式）,電気機器,989,1015,982,1011,22,2.224469,7000,OK
2024-10-31,6902,デンソー,プライム（内国株式）,輸送用機器,2182,2330,2122.5,2217,15.5,0.704065,27494100,OK
2024-10-31,6904,原田工業,スタンダード（内国株式）,電気機器,532,541,531,539,6,1.125704,17000,OK
2024-10-31,6905,コーセル,プライム（内国株式）,電気機器,1236,1243,1227,1236,6,0.487805,114100,OK
2024-10-31,6907,ジオマテック,スタンダード（内国株式）,電気機器,491,498,488,496,5,1.01833,1800,OK
2024-10-31,6908,イリソ電子工業,プライム（内国株式）,電気機器,2725,2740,2713,2733,-18,-0.654308,167800,OK
2024-10-31,6912,菊水ホールディングス,スタンダード（内国株式）,電気機器,1243,1255,1228,1238,28,2.31405,15400,OK
2024-10-31,6914,オプテックスグループ,プライム（内国株式）,電気機器,1639,1641,1622,1636,2,0.122399,83200,OK
2024-10-31,6915,千代田インテグレ,スタンダード（内国株式）,電気機器,3330,3385,3310,3370,55,1.659125,11600,OK
2024-10-31,6918,アバールデータ,スタンダード（内国株式）,電気機器,3005,3020,2980,2995,-35,-1.155116,7100,OK
2024-10-31,6919,ケル,スタンダード（内国株式）,電気機器,1481,1481,1419,1470,-2,-0.13587,8100,OK
2024-10-31,6920,レーザーテック,プライム（内国株式）,電気機器,22980,23590,22860,23475,135,0.578406,7562000,OK
2024-10-31,6923,スタンレー電気,プライム（内国株式）,電気機器,2607.5,2640,2598.5,2633.5,26,0.997124,661700,OK
2024-10-31,6925,ウシオ電機,プライム（内国株式）,電気機器,2070,2117.5,2069.5,2114.5,31,1.487881,402300,OK
2024-10-31,6926,岡谷電機産業,スタンダード（内国株式）,電気機器,227,228,223,228,5,2.242152,38700,OK
2024-10-31,6927,ヘリオス　テクノ　ホールディング,スタンダード（内国株式）,電気機器,931,953,923,945,11,1.17773,79800,OK
2024-10-31,6928,エノモト,プライム（内国株式）,電気機器,1407,1441,1401,1440,36,2.564103,15700,OK
2024-10-31,6929,日本セラミック,プライム（内国株式）,電気機器,2574,2594,2571,2588,20,0.778816,89900,OK
2024-10-31,6930,日本アンテナ,スタンダード（内国株式）,電気機器,594,602,586,601,-3,-0.496689,3700,OK
2024-10-31,6932,遠藤照明,スタンダード（内国株式）,電気機器,1310,1314,1282,1294,6,0.465839,29100,OK
2024-10-31,6937,古河電池,プライム（内国株式）,電気機器,1371,1375,1371,1372,1,0.072939,71600,OK
2024-10-31,6941,山一電機,プライム（内国株式）,電気機器,2538,2632,2524,2618,69,2.706944,431500,OK
2024-10-31,6942,ソフィアホールディングス,スタンダード（内国株式）,情報･通信業,1086,1090,1083,1083,-2,-0.184332,1500,OK
2024-10-31,6943,ＮＫＫスイッチズ,スタンダード（内国株式）,電気機器,4465,4465,4405,4405,-95,-2.111111,400,OK
2024-10-31,6946,日本アビオニクス,スタンダード（内国株式）,電気機器,2424,2465,2341,2397,-77,-3.112369,131000,OK
2024-10-31,6947,図研,プライム（内国株式）,電気機器,3630,3655,3575,3650,15,0.412655,38400,OK
2024-10-31,6951,日本電子,プライム（内国株式）,電気機器,5704,5878,5668,5816,12,0.206754,337000,OK
2024-10-31,6952,カシオ計算機,プライム（内国株式）,電気機器,1108,1119,1103,1116,6.5,0.585849,1119800,OK
2024-10-31,6954,ファナック,プライム（内国株式）,電気機器,4117,4142,4083,4117,0,0,3481900,OK
2024-10-31,6955,ＦＤＫ,スタンダード（内国株式）,電気機器,625,649,625,639,22,3.56564,133500,OK
2024-10-31,6957,芝浦電子,スタンダード（内国株式）,電気機器,3500,3560,3495,3560,20,0.564972,20500,OK
2024-10-31,6958,日本シイエムケイ,プライム（内国株式）,電気機器,407,411,403,411,3,0.735294,353500,OK
2024-10-31,6960,フクダ電子,スタンダード（内国株式）,電気機器,7580,7710,7580,7710,80,1.048493,13800,OK
2024-10-31,6961,エンプラス,プライム（内国株式）,電気機器,6930,6970,6770,6940,20,0.289017,140900,OK
2024-10-31,6962,大真空,プライム（内国株式）,電気機器,609,609,601,607,1,0.165017,113600,OK
2024-10-31,6963,ローム,プライム（内国株式）,電気機器,1732.5,1738,1696,1716.5,-30.5,-1.74585,4984000,OK
2024-10-31,6964,サンコー,スタンダード（内国株式）,電気機器,532,532,527,528,2,0.380228,1100,OK
2024-10-31,6965,浜松ホトニクス,プライム（内国株式）,電気機器,2009.5,2050,2000.5,2037.5,-4.5,-0.220372,2056800,OK
2024-10-31,6966,三井ハイテック,プライム（内国株式）,電気機器,829,832,814,829,-9.7,-1.156552,1254000,OK
2024-10-31,6967,新光電気工業,プライム（内国株式）,電気機器,5490,5492,5448,5461,-18,-0.328527,453400,OK
2024-10-31,6969,松尾電機,スタンダード（内国株式）,電気機器,480,486,477,483,-1,-0.206612,1700,OK
2024-10-31,6971,京セラ,プライム（内国株式）,電気機器,1598,1601,1537,1573,-183,-10.421412,19298400,OK
2024-10-31,6973,協栄産業,スタンダード（内国株式）,卸売業,2195,2227,2168,2220,24,1.092896,9200,OK
2024-10-31,6976,太陽誘電,プライム（内国株式）,電気機器,2712.5,2748,2699.5,2738.5,-8,-0.29128,2137900,OK
2024-10-31,6977,日本抵抗器製作所,スタンダード（内国株式）,電気機器,812,825,811,820,6,0.737101,2900,OK
2024-10-31,6981,村田製作所,プライム（内国株式）,電気機器,2679.5,2726,2676.5,2707,-46,-1.670904,8619000,OK
2024-10-31,6982,リード,スタンダード（内国株式）,輸送用機器,619,626,614,626,-3,-0.476948,1800,OK
2024-10-31,6986,双葉電子工業,プライム（内国株式）,電気機器,512,520,509,513,1,0.195312,61900,OK
2024-10-31,6988,日東電工,プライム（内国株式）,化学,2529.5,2574,2517,2558.5,21.5,0.847458,3529300,OK
2024-10-31,6989,北陸電気工業,スタンダード（内国株式）,電気機器,1218,1259,1217,1255,39,3.207237,17200,OK
2024-10-31,6993,大黒屋ホールディングス,スタンダード（内国株式）,小売業,29,30,28,29,0,0,78946900,OK
2024-10-31,6994,指月電機製作所,スタンダード（内国株式）,電気機器,363,365,352,356,-8,-2.197802,49100,OK
2024-10-31,6995,東海理化電機製作所,プライム（内国株式）,輸送用機器,2172,2192,2097,2174,15,0.694766,606100,OK
2024-10-31,6996,ニチコン,プライム（内国株式）,電気機器,1011,1016,999,1008,-11,-1.07949,205200,OK
2024-10-31,6997,日本ケミコン,プライム（内国株式）,電気機器,1068,1080,1053,1075,-5,-0.462963,238100,OK
2024-10-31,6998,日本タングステン,スタンダード（内国株式）,電気機器,1239,1239,1234,1237,-9,-0.722311,500,OK
2024-10-31,6999,ＫＯＡ,プライム（内国株式）,電気機器,1014,1024,1007,1024,-7,-0.678952,331800,OK
2024-10-31,7003,三井Ｅ＆Ｓ,プライム（内国株式）,機械,1139,1144,1118,1133,-17,-1.478261,3716600,OK
2024-10-31,7004,カナデビア,プライム（内国株式）,機械,1050,1063,1039,1056,9,0.859599,801400,OK
2024-10-31,7011,三菱重工業,プライム（内国株式）,機械,2173,2198,2148,2193,20,0.920387,49289700,OK
2024-10-31,7012,川崎重工業,プライム（内国株式）,輸送用機器,5913,5978,5866,5949,36,0.608828,5310400,OK
2024-10-31,7013,ＩＨＩ,プライム（内国株式）,機械,8209,8295,8085,8255,-19,-0.229635,6349300,OK
2024-10-31,7014,名村造船所,スタンダード（内国株式）,輸送用機器,1645,1652,1588,1618,-27,-1.641337,3178300,OK
2024-10-31,7018,内海造船,スタンダード（内国株式）,輸送用機器,3765,3775,3700,3720,-15,-0.401606,5800,OK
2024-10-31,7021,ニッチツ,スタンダード（内国株式）,機械,1460,1460,1460,1460,0,0,100,OK
2024-10-31,7022,サノヤスホールディングス,スタンダード（内国株式）,機械,149,155,149,155,7,4.72973,113600,OK
2024-10-31,7030,スプリックス,スタンダード（内国株式）,サービス業,777,784,771,784,13,1.686122,11300,OK
2024-10-31,7031,インバウンドテック,グロース（内国株式）,サービス業,986,986,983,983,-3,-0.30426,1200,OK
2024-10-31,7033,マネジメントソリューションズ,プライム（内国株式）,サービス業,1867,1915,1838,1915,57,3.067815,101400,OK
2024-10-31,7034,プロレド・パートナーズ,プライム（内国株式）,サービス業,477,477,470,472,-6,-1.25523,18800,OK
2024-10-31,7035,ａｎｄ　ｆａｃｔｏｒｙ,スタンダード（内国株式）,サービス業,240,247,240,243,2,0.829876,21100,OK
2024-10-31,7036,イーエムネットジャパン,グロース（内国株式）,サービス業,876,925,876,908,29,3.299204,6600,OK
2024-10-31,7037,テノ．ホールディングス,スタンダード（内国株式）,サービス業,492,512,488,510,15,3.030303,27300,OK
2024-10-31,7038,フロンティア・マネジメント,プライム（内国株式）,サービス業,1152,1160,1143,1146,-4,-0.347826,35000,OK
2024-10-31,7039,ブリッジインターナショナル,グロース（内国株式）,サービス業,1476,1478,1461,1465,-5,-0.340136,4800,OK
2024-10-31,7040,サン・ライフホールディング,スタンダード（内国株式）,サービス業,975,975,975,975,4,0.411946,100,OK
2024-10-31,7041,ＣＲＧホールディングス,グロース（内国株式）,サービス業,450,455,450,453,6,1.342282,700,OK
2024-10-31,7042,アクセスグループ・ホールディングス,スタンダード（内国株式）,サービス業,888,910,866,880,-8,-0.900901,17500,OK
2024-10-31,7043,アルー,グロース（内国株式）,サービス業,700,736,700,729,0,0,4100,OK
2024-10-31,7044,ピアラ,スタンダード（内国株式）,サービス業,267,267,258,261,-2,-0.760456,32900,OK
2024-10-31,7046,ＴＤＳＥ,グロース（内国株式）,サービス業,1420,1420,1378,1381,-67,-4.627072,5700,OK
2024-10-31,7047,ポート,グロース（内国株式）,サービス業,1855,1895,1825,1883,20,1.073537,85300,OK
2024-10-31,7048,ベルトラ,グロース（内国株式）,サービス業,356,362,355,359,0,0,54100,OK
2024-10-31,7049,識学,グロース（内国株式）,サービス業,548,559,522,529,-21,-3.818182,30700,OK
2024-10-31,7050,フロンティアインターナショナル,グロース（内国株式）,サービス業,1525,1525,1519,1519,-6,-0.393443,300,OK
2024-10-31,7056,マルク,TOKYO PRO MARKET（内国株式）,サービス業,,,,,,,,NO_QUOTE
2024-10-31,7057,エヌ・シー・エヌ,スタンダード（内国株式）,サービス業,931,931,920,921,-10,-1.074114,300,OK
2024-10-31,7058,共栄セキュリティーサービス,スタンダード（内国株式）,サービス業,2379,2380,2374,2380,1,0.042034,1100,OK
2024-10-31,7059,コプロ・ホールディングス,プライム（内国株式）,サービス業,1384,1425,1384,1424,35,2.519798,34400,OK
2024-10-31,7060,ギークス,スタンダード（内国株式）,サービス業,420,433,413,429,7,1.658768,19300,OK
2024-10-31,7061,日本ホスピスホールディングス,グロース（内国株式）,サービス業,1423,1444,1408,1444,27,1.905434,28600,OK
2024-10-31,7062,フレアス,グロース（内国株式）,サービス業,1383,1383,1320,1321,-59,-4.275362,4300,OK
2024-10-31,7063,Ｂｉｒｄｍａｎ,グロース（内国株式）,サービス業,513,613,512,605,92,17.933723,882500,OK
2024-10-31,7064,ハウテレビジョン,グロース（内国株式）,サービス業,2615,2680,2615,2680,40,1.515152,200,OK
2024-10-31,7065,ユーピーアール,スタンダード（内国株式）,サービス業,986,987,972,987,1,0.10142,6700,OK
2024-10-31,7066,ピアズ,グロース（内国株式）,サービス業,872,888,850,860,-12,-1.376147,55400,OK
2024-10-31,7067,ブランディングテクノロジー,グロース（内国株式）,サービス業,978,1000,970,972,-7,-0.715015,3300,OK
2024-10-31,7068,フィードフォースグループ,グロース（内国株式）,サービス業,440,443,433,435,-5,-1.136364,22800,OK
2024-10-31,7069,サイバー・バズ,グロース（内国株式）,サービス業,1091,1119,1089,1100,9,0.824931,1200,OK
2024-10-31,7071,アンビスホールディングス,プライム（内国株式）,サービス業,1970,1989,1941,1988,15,0.760264,301600,OK
2024-10-31,7072,インティメート・マージャー,グロース（内国株式）,サービス業,710,725,710,724,6,0.835655,4400,OK
2024-10-31,7073,ジェイック,グロース（内国株式）,サービス業,2005,2006,2005,2005,0,0,400,OK
2024-10-31,7074,トゥエンティーフォーセブン,グロース（内国株式）,サービス業,172,172,164,168,-3,-1.754386,90700,OK
2024-10-31,7077,ＡＬｉＮＫインターネット,グロース（内国株式）,サービス業,993,1013,983,1006,15,1.513623,16000,OK
2024-10-31,7078,ＩＮＣＬＵＳＩＶＥ,グロース（内国株式）,サービス業,474,482,474,482,7,1.473684,7000,OK
2024-10-31,7079,ＷＤＢココ,グロース（内国株式）,サービス業,3805,3850,3800,3805,0,0,1100,OK
2024-10-31,7080,スポーツフィールド,グロース（内国株式）,サービス業,558,560,557,559,1,0.179211,4400,OK
2024-10-31,7081,コーユーレンティア,スタンダード（内国株式）,サービス業,2159,2159,2130,2141,-18,-0.833719,1500,OK
2024-10-31,7082,ジモティー,グロース（内国株式）,サービス業,1240,1240,1222,1226,-18,-1.446945,3600,OK
2024-10-31,7083,ＡＨＣグループ,グロース（内国株式）,サービス業,1409,1432,1390,1395,-14,-0.993612,19800,OK
2024-10-31,7084,Ｋｉｄｓ　Ｓｍｉｌｅ　Ｈｏｌｄｉｎｇｓ,グロース（内国株式）,サービス業,781,781,781,781,1,0.128205,100,OK
2024-10-31,7085,カーブスホールディングス,プライム（内国株式）,サービス業,815,818,804,814,5,0.618047,151200,OK
2024-10-31,7087,ウイルテック,スタンダード（内国株式）,サービス業,806,811,804,811,7,0.870647,2200,OK
2024-10-31,7088,フォーラムエンジニアリング,プライム（内国株式）,サービス業,870,885,865,880,0,0,69100,OK
2024-10-31,7089,フォースタートアップス,グロース（内国株式）,サービス業,979,983,976,976,-15,-1.513623,1400,OK
2024-10-31,7090,リグア,グロース（内国株式）,サービス業,1195,1195,1195,1195,13,1.099831,100,OK
2024-10-31,7091,リビングプラットフォーム,グロース（内国株式）,サービス業,1036,1036,1014,1026,-11,-1.060752,3100,OK
2024-10-31,7092,Ｆａｓｔ　Ｆｉｔｎｅｓｓ　Ｊａｐａｎ,プライム（内国株式）,サービス業,1327,1341,1327,1328,-8,-0.598802,9300,OK
2024-10-31,7093,アディッシュ,グロース（内国株式）,サービス業,630,630,630,630,2,0.318471,1500,OK
2024-10-31,7094,ＮｅｘＴｏｎｅ,グロース（内国株式）,サービス業,1699,1753,1691,1710,-20,-1.156069,79700,OK
2024-10-31,7095,Ｍａｃｂｅｅ　Ｐｌａｎｅｔ,プライム（内国株式）,サービス業,2628,2689,2606,2677,34,1.286417,97100,OK
2024-10-31,7096,ステムセル研究所,グロース（内国株式）,サービス業,1818,1838,1807,1823,6,0.330215,4100,OK
2024-10-31,7097,さくらさくプラス,グロース（内国株式）,サービス業,962,975,959,960,-24,-2.439024,1900,OK
2024-10-31,7098,エージェント,TOKYO PRO MARKET（内国株式）,サービス業,,,,,,,,NO_QUOTE
2024-10-31,7102,日本車輌製造,プライム（内国株式）,輸送用機器,2229,2250,2195,2202,-27,-1.211306,16000,OK
2024-10-31,7105,三菱ロジスネクスト,スタンダード（内国株式）,輸送用機器,1143,1162,1133,1159,18,1.577564,151700,OK
2024-10-31,7110,クラシコム,グロース（内国株式）,小売業,1107,1130,1107,1130,23,2.077687,6900,OK
2024-10-31,7111,ＩＮＥＳＴ,スタンダード（内国株式）,卸売業,53,53,51,53,2,3.921569,314000,OK
2024-10-31,7112,キューブ,グロース（内国株式）,小売業,563,567,563,567,7,1.25,1400,OK
2024-10-31,7113,マナベインテリアハーツ,TOKYO PRO MARKET（内国株式）,小売業,,,,,,,,NO_QUOTE
2024-10-31,7114,フーディソン,グロース（内国株式）,卸売業,1159,1214,1159,1214,25,2.102607,4200,OK
2024-10-31,7115,アルファパーチェス,スタンダード（内国株式）,卸売業,980,980,967,973,-7,-0.714286,2200,OK
2024-10-31,7116,ダイワ通信,スタンダード（内国株式）,卸売業,1199,1210,1155,1177,-21,-1.752922,17000,OK
2024-10-31,7117,ミモナ,TOKYO PRO MARKET（内国株式）,小売業,,,,,,,,NO_QUOTE
2024-10-31,7119,ハルメクホールディングス,グロース（内国株式）,小売業,905,913,905,906,1,0.110497,3500,OK
2024-10-31,7120,ＳＨＩＮＫＯ,スタンダード（内国株式）,卸売業,1969,1996,1969,1996,17,0.85902,1300,OK
2024-10-31,7122,近畿車輛,スタンダード（内国株式）,輸送用機器,1391,1416,1374,1400,10,0.719424,13700,OK
2024-10-31,7125,イヴレス,TOKYO PRO MARKET（内国株式）,卸売業,,,,,,,,NO_QUOTE
2024-10-31,7126,グローバルスタイル,スタンダード（内国株式）,小売業,1306,1306,1305,1305,3,0.230415,900,OK
2024-10-31,7127,一家ホールディングス,スタンダード（内国株式）,小売業,661,667,661,667,6,0.907716,4800,OK
2024-10-31,7128,フルサト・マルカホールディングス,プライム（内国株式）,卸売業,2204,2230,2186,2209,27,1.237397,49000,OK
2024-10-31,7129,ミアヘルサホールディングス,スタンダード（内国株式）,小売業,1067,1073,1067,1073,6,0.562324,2200,OK
2024-10-31,7130,ヤマエグループホールディングス,プライム（内国株式）,卸売業,1949,1984,1912,1969,42,2.179554,131600,OK
2024-10-31,7131,のむら産業,スタンダード（内国株式）,卸売業,1746,1749,1693,1701,-48,-2.744425,9800,OK
2024-10-31,7132,フローバル,TOKYO PRO MARKET（内国株式）,卸売業,,,,,,,,NO_QUOTE
2024-10-31,7133,ＨＹＵＧＡ　ＰＲＩＭＡＲＹ　ＣＡＲＥ,グロース（内国株式）,小売業,1135,1152,1135,1140,-2,-0.175131,5500,OK
2024-10-31,7134,アップガレージグループ,スタンダード（内国株式）,小売業,919,933,916,916,-1,-0.109051,1900,OK
2024-10-31,7135,ジャパンクラフトホールディングス,スタンダード（内国株式）,小売業,138,139,137,138,1,0.729927,23400,OK
2024-10-31,7136,ウェルビングループ,TOKYO PRO MARKET（内国株式）,小売業,,,,,,,,NO_QUOTE
2024-10-31,7137,グラントマト,TOKYO PRO MARKET（内国株式）,小売業,,,,,,,,NO_QUOTE
2024-10-31,7138,ＴＯＲＩＣＯ,グロース（内国株式）,小売業,957,957,943,955,-2,-0.208986,1200,OK
2024-10-31,7139,東京高圧山崎,TOKYO PRO MARKET（内国株式）,卸売業,,,,,,,,NO_QUOTE
2024-10-31,7140,ペットゴー,グロース（内国株式）,小売業,797,802,794,802,9,1.134931,400,OK
2024-10-31,7148,ＦＰＧ,プライム（内国株式）,証券･商品先物取引業,2346,2390,2331,2375,54,2.326583,772600,OK
2024-10-31,7150,島根銀行,スタンダード（内国株式）,銀行業,458,458,445,450,0,0,16100,OK
2024-10-31,7157,ライフネット生命保険,グロース（内国株式）,保険業,1958,2005,1958,2005,42,2.139582,281500,OK
2024-10-31,7161,じもとホールディングス,スタンダード（内国株式）,銀行業,285,295,284,284,0,0,105900,OK
2024-10-31,7162,アストマックス,スタンダード（内国株式）,証券･商品先物取引業,268,271,265,270,-1,-0.369004,75200,OK
2024-10-31,7163,住信ＳＢＩネット銀行,スタンダード（内国株式）,銀行業,2725,2755,2675,2706,-19,-0.697248,864000,OK
2024-10-31,7164,全国保証,プライム（内国株式）,その他金融業,5570,5585,5532,5543,-12,-0.216022,109500,OK
2024-10-31,7167,めぶきフィナンシャルグループ,プライム（内国株式）,銀行業,580.4,586.5,573.9,577.9,-2.5,-0.430737,1930600,OK
2024-10-31,7170,中央インターナショナルグループ,TOKYO PRO MARKET（内国株式）,保険業,,,,,,,,NO_QUOTE
2024-10-31,7172,ジャパンインベストメントアドバイザー,プライム（内国株式）,証券･商品先物取引業,1045,1064,1034,1044,1,0.095877,414500,OK
2024-10-31,7173,東京きらぼしフィナンシャルグループ,プライム（内国株式）,銀行業,4165,4180,4120,4150,5,0.120627,65600,OK
2024-10-31,7175,今村証券,スタンダード（内国株式）,証券･商品先物取引業,1149,1149,1112,1114,-23,-2.022867,4500,OK
2024-10-31,7176,シンプレクス・ファイナンシャル・ホールディングス,TOKYO PRO MARKET（内国株式）,証券･商品先物取引業,,,,,,,,NO_QUOTE
2024-10-31,7177,ＧＭＯフィナンシャルホールディングス,スタンダード（内国株式）,証券･商品先物取引業,642,647,639,641,-1,-0.155763,120200,OK
2024-10-31,7180,九州フィナンシャルグループ,プライム（内国株式）,銀行業,708.9,718.7,700.7,700.7,-7.7,-1.086957,1029300,OK
2024-10-31,7181,かんぽ生命保険,プライム（内国株式）,保険業,2549.5,2550.5,2515,2536,-6.5,-0.255654,863100,OK
2024-10-31,7182,ゆうちょ銀行,プライム（内国株式）,銀行業,1392.5,1402,1372,1372,-10.5,-0.759494,7403900,OK
2024-10-31,7183,あんしん保証,スタンダード（内国株式）,その他金融業,166,167,163,166,1,0.606061,36700,OK
2024-10-31,7184,富山第一銀行,プライム（内国株式）,銀行業,1120,1131,1109,1120,-2,-0.178253,205800,OK
2024-10-31,7185,ヒロセ通商,スタンダード（内国株式）,証券･商品先物取引業,3685,3725,3680,3715,-10,-0.268456,10700,OK
2024-10-31,7186,コンコルディア・フィナンシャルグループ,プライム（内国株式）,銀行業,767,773.9,760.9,766.3,4.3,0.564304,3549600,OK
2024-10-31,7187,ジェイリース,プライム（内国株式）,その他金融業,1393,1403,1377,1393,-1,-0.071736,52300,OK
2024-10-31,7189,西日本フィナンシャルホールディングス,プライム（内国株式）,銀行業,1685,1698,1654,1664,-21,-1.246291,339900,OK
2024-10-31,7191,イントラスト,スタンダード（内国株式）,その他金融業,754,767,739,767,24,3.230148,41700,OK
2024-10-31,7192,日本モーゲージサービス,スタンダード（内国株式）,その他金融業,410,414,407,410,-1,-0.243309,31600,OK
2024-10-31,7196,Ｃａｓａ,スタンダード（内国株式）,その他金融業,830,845,826,842,7,0.838323,15800,OK
2024-10-31,7198,ＳＢＩアルヒ,プライム（内国株式）,その他金融業,814,818,811,812,-8,-0.97561,49100,OK
2024-10-31,7199,プレミアグループ,プライム（内国株式）,その他金融業,2425,2458,2395,2395,-56,-2.284782,283100,OK
2024-10-31,7201,日産自動車,プライム（内国株式）,輸送用機器,410,413.8,408.1,411.2,1.9,0.464207,25940500,OK
2024-10-31,7202,いすゞ自動車,プライム（内国株式）,輸送用機器,2005,2012.5,1979,1996.5,-1.5,-0.075075,2609400,OK
2024-10-31,7203,トヨタ自動車,プライム（内国株式）,輸送用機器,2700,2717.5,2654,2682.5,-29,-1.069519,27717100,OK
2024-10-31,7205,日野自動車,プライム（内国株式）,輸送用機器,406.3,409.3,375.3,378.4,-27.7,-6.82098,17920900,OK
2024-10-31,7208,カネミツ,スタンダード（内国株式）,輸送用機器,820,820,817,819,-1,-0.121951,700,OK
2024-10-31,7211,三菱自動車工業,プライム（内国株式）,輸送用機器,450,464.5,446.6,460,39.1,9.289617,31636000,OK
2024-10-31,7212,エフテック,スタンダード（内国株式）,輸送用機器,515,526,515,523,9,1.750973,31400,OK
2024-10-31,7213,レシップホールディングス,スタンダード（内国株式）,輸送用機器,509,516,505,511,7,1.388889,31700,OK
2024-10-31,7214,ＧＭＢ,スタンダード（内国株式）,輸送用機器,1135,1158,1131,1158,23,2.026432,12000,OK
2024-10-31,7215,ファルテック,スタンダード（内国株式）,輸送用機器,428,433,427,433,5,1.168224,10700,OK
2024-10-31,7217,テイン,スタンダード（内国株式）,輸送用機器,815,815,806,808,-14,-1.703163,1500,OK
2024-10-31,7218,田中精密工業,スタンダード（内国株式）,輸送用機器,1080,1085,988,999,-62,-5.843544,42700,OK
2024-10-31,7219,エッチ・ケー・エス,スタンダード（内国株式）,輸送用機器,,,,,,,,NO_QUOTE
2024-10-31,7220,武蔵精密工業,プライム（内国株式）,輸送用機器,1993,2017,1977,2011,18,0.903161,287400,OK
2024-10-31,7222,日産車体,スタンダード（内国株式）,輸送用機器,1048,1052,1030,1035,-10,-0.956938,119700,OK
2024-10-31,7224,新明和工業,プライム（内国株式）,輸送用機器,1360,1372,1354,1364,15,1.111935,182400,OK
2024-10-31,7226,極東開発工業,プライム（内国株式）,輸送用機器,2433,2454,2411,2437,28,1.162308,78000,OK
2024-10-31,7228,デイトナ,スタンダード（内国株式）,輸送用機器,3445,3475,3445,3475,5,0.144092,1200,OK
2024-10-31,7229,ユタカ技研,スタンダード（内国株式）,輸送用機器,1901,1962,1901,1936,84,4.535637,46600,OK
2024-10-31,7231,トピー工業,プライム（内国株式）,輸送用機器,1972,1972,1938,1950,-21,-1.065449,71300,OK
2024-10-31,7235,東京ラヂエーター製造,スタンダード（内国株式）,輸送用機器,712,712,705,707,-5,-0.702247,4500,OK
2024-10-31,7236,ティラド,プライム（内国株式）,輸送用機器,3350,3420,3335,3365,60,1.815431,15500,OK
2024-10-31,7238,曙ブレーキ工業,プライム（内国株式）,輸送用機器,120,121,118,121,1,0.833333,940400,OK
2024-10-31,7239,タチエス,プライム（内国株式）,輸送用機器,1778,1789,1763,1774,-3,-0.168824,107400,OK
2024-10-31,7240,ＮＯＫ,プライム（内国株式）,輸送用機器,2213,2220.5,2186.5,2204.5,4.5,0.204545,256600,OK
2024-10-31,7241,フタバ産業,プライム（内国株式）,輸送用機器,679,683,646,661,-58,-8.066759,1469100,OK
2024-10-31,7242,カヤバ,プライム（内国株式）,輸送用機器,4810,4855,4790,4820,10,0.2079,61100,OK
2024-10-31,7244,市光工業,プライム（内国株式）,電気機器,449,458,448,457,5,1.106195,53400,OK
2024-10-31,7245,大同メタル工業,プライム（内国株式）,輸送用機器,496,501,495,498,4,0.809717,93700,OK
2024-10-31,7246,プレス工業,プライム（内国株式）,輸送用機器,556,558,552,554,0,0,176100,OK
2024-10-31,7247,ミクニ,スタンダード（内国株式）,輸送用機器,319,327,319,325,5,1.5625,54400,OK
2024-10-31,7250,太平洋工業,プライム（内国株式）,輸送用機器,1364,1384,1362,1381,17,1.246334,123400,OK
2024-10-31,7254,ユニバンス,スタンダード（内国株式）,輸送用機器,482,483,475,481,-5,-1.028807,12800,OK
2024-10-31,7255,桜井製作所,スタンダード（内国株式）,輸送用機器,514,525,514,525,20,3.960396,5100,OK
2024-10-31,7256,河西工業,スタンダード（内国株式）,輸送用機器,155,157,154,157,3,1.948052,75800,OK
2024-10-31,7259,アイシン,プライム（内国株式）,輸送用機器,1681.5,1699.5,1579.5,1602.5,-86.5,-5.121374,8628100,OK
2024-10-31,7261,マツダ,プライム（内国株式）,輸送用機器,1109,1116,1097,1107.5,1,0.090375,6327100,OK
2024-10-31,7264,ムロコーポレーション,スタンダード（内国株式）,輸送用機器,1230,1258,1211,1250,20,1.626016,10200,OK
2024-10-31,7265,エイケン工業,スタンダード（内国株式）,輸送用機器,3235,3235,3110,3115,-60,-1.889764,7000,OK
2024-10-31,7266,今仙電機製作所,スタンダード（内国株式）,輸送用機器,519,525,513,525,13,2.539062,29700,OK
2024-10-31,7267,本田技研工業,プライム（内国株式）,輸送用機器,1589.5,1589.5,1550,1557.5,-20,-1.267829,18586100,OK
2024-10-31,7268,タツミ,スタンダード（内国株式）,輸送用機器,321,321,314,314,-2,-0.632911,4500,OK
2024-10-31,7269,スズキ,プライム（内国株式）,輸送用機器,1543,1565,1527.5,1542.5,1.5,0.097339,8160300,OK
2024-10-31,7270,ＳＵＢＡＲＵ,プライム（内国株式）,輸送用機器,2780,2794,2753.5,2781.5,6.5,0.234234,3190700,OK
2024-10-31,7271,安永,スタンダード（内国株式）,輸送用機器,491,506,482,506,16,3.265306,32700,OK
2024-10-31,7272,ヤマハ発動機,プライム（内国株式）,輸送用機器,1346.5,1364.5,1342,1354,7.5,0.557,4398700,OK
2024-10-31,7273,イクヨ,スタンダード（内国株式）,輸送用機器,2965,2999,2913,2979,11,0.37062,2000,OK
2024-10-31,7276,小糸製作所,プライム（内国株式）,電気機器,1972,2005,1957.5,1993,-14,-0.697559,1880500,OK
2024-10-31,7277,ＴＢＫ,スタンダード（内国株式）,輸送用機器,269,276,267,276,7,2.60223,54400,OK
2024-10-31,7278,エクセディ,プライム（内国株式）,輸送用機器,4115,4225,4115,4225,110,2.673147,630800,OK
2024-10-31,7279,ハイレックスコーポレーション,スタンダード（内国株式）,輸送用機器,1532,1560,1532,1552,22,1.437908,30300,OK
2024-10-31,7280,ミツバ,プライム（内国株式）,電気機器,881,890,870,883,2,0.227015,101400,OK
2024-10-31,7282,豊田合成,プライム（内国株式）,輸送用機器,2619,2681,2537,2625,10,0.382409,1546800,OK
2024-10-31,7283,愛三工業,プライム（内国株式）,輸送用機器,1409,1409,1354,1368,-79,-5.459572,576000,OK
2024-10-31,7284,盟和産業,スタンダード（内国株式）,輸送用機器,1176,1197,1168,1188,9,0.763359,9800,OK
2024-10-31,7287,日本精機,スタンダード（内国株式）,輸送用機器,1193,1210,1191,1206,6,0.5,72600,OK
2024-10-31,7291,日本プラスト,スタンダード（内国株式）,輸送用機器,351,359,345,358,11,3.170029,53900,OK
2024-10-31,7292,村上開明堂,スタンダード（内国株式）,輸送用機器,4965,5040,4895,5030,65,1.309164,10600,OK
2024-10-31,7294,ヨロズ,プライム（内国株式）,輸送用機器,1186,1190,1170,1183,1,0.084602,23300,OK
2024-10-31,7296,エフ・シー・シー,プライム（内国株式）,輸送用機器,2379,2416,2378,2397,31,1.310228,95800,OK
2024-10-31,7297,カーメイト,スタンダード（内国株式）,輸送用機器,881,881,864,864,-24,-2.702703,800,OK
2024-10-31,7299,フジオーゼックス,スタンダード（内国株式）,輸送用機器,1200,1205,1189,1205,4,0.333056,37700,OK
2024-10-31,7305,新家工業,スタンダード（内国株式）,鉄鋼,4470,4525,4465,4510,45,1.007839,27100,OK
2024-10-31,7309,シマノ,プライム（内国株式）,輸送用機器,22290,22790,22150,22765,595,2.683807,392800,OK
2024-10-31,7313,テイ・エス　テック,プライム（内国株式）,輸送用機器,1728.5,1740,1720,1738.5,20,1.163806,339600,OK
2024-10-31,7314,小田原機器,スタンダード（内国株式）,輸送用機器,1214,1220,1214,1220,6,0.494234,600,OK
2024-10-31,7317,松屋アールアンドディ,グロース（内国株式）,輸送用機器,731,733,720,731,1,0.136986,6800,OK
2024-10-31,7318,セレンディップ・ホールディングス,グロース（内国株式）,輸送用機器,1528,1580,1515,1567,37,2.418301,5800,OK
2024-10-31,7320,日本リビング保証,グロース（内国株式）,その他金融業,2703,2835,2703,2833,131,4.848261,14300,OK
2024-10-31,7322,三十三フィナンシャルグループ,プライム（内国株式）,銀行業,1693,1715,1684,1691,-3,-0.177096,70200,OK
2024-10-31,7325,アイリックコーポレーション,グロース（内国株式）,保険業,664,664,664,664,1,0.15083,200,OK
2024-10-31,7326,ＳＢＩインシュアランスグループ,グロース（内国株式）,保険業,954,956,936,952,2,0.210526,17800,OK
2024-10-31,7327,第四北越フィナンシャルグループ,プライム（内国株式）,銀行業,2471,2485,2442,2449,-20,-0.810045,101000,OK
2024-10-31,7337,ひろぎんホールディングス,プライム（内国株式）,銀行業,1122.5,1133.5,1115.5,1128,5.5,0.489978,805100,OK
2024-10-31,7342,ウェルスナビ,グロース（内国株式）,証券･商品先物取引業,1119,1133,1113,1133,14,1.251117,237700,OK
2024-10-31,7343,ブロードマインド,グロース（内国株式）,保険業,1459,1462,1450,1450,-9,-0.616861,2400,OK
2024-10-31,7345,アイ・パートナーズフィナンシャル,グロース（内国株式）,その他金融業,505,505,505,505,-2,-0.394477,200,OK
2024-10-31,7347,マーキュリアホールディングス,プライム（内国株式）,証券･商品先物取引業,877,882,860,877,4,0.45819,50500,OK
2024-10-31,7350,おきなわフィナンシャルグループ,プライム（内国株式）,銀行業,2266,2293,2250,2264,-2,-0.088261,33500,OK
2024-10-31,7351,グッドパッチ,グロース（内国株式）,サービス業,450,460,442,450,-6,-1.315789,26300,OK
2024-10-31,7352,ＴＷＯＳＴＯＮＥ＆Ｓｏｎｓ,グロース（内国株式）,サービス業,772,818,762,817,49,6.380208,335000,OK
2024-10-31,7353,ＫＩＹＯラーニング,グロース（内国株式）,サービス業,414,424,414,424,9,2.168675,28200,OK
2024-10-31,7354,ダイレクトマーケティングミックス,プライム（内国株式）,サービス業,233,236,230,234,3,1.298701,113800,OK
2024-10-31,7355,一寸房,TOKYO PRO MARKET（内国株式）,サービス業,,,,,,,,NO_QUOTE
2024-10-31,7356,Ｒｅｔｔｙ,グロース（内国株式）,サービス業,154,154,151,152,-1,-0.653595,3100,OK
2024-10-31,7357,ジオコード,スタンダード（内国株式）,サービス業,614,634,614,618,-3,-0.483092,14000,OK
2024-10-31,7358,ポピンズ,スタンダード（内国株式）,サービス業,1378,1417,1378,1410,32,2.322206,8000,OK
2024-10-31,7359,東京通信グループ,グロース（内国株式）,サービス業,304,310,303,310,6,1.973684,19600,OK
2024-10-31,7360,オンデック,グロース（内国株式）,サービス業,1032,1100,1011,1058,57,5.694306,3900,OK
2024-10-31,7361,ヒューマンクリエイションホールディングス,グロース（内国株式）,サービス業,1979,1979,1939,1951,1,0.051282,1400,OK
2024-10-31,7362,Ｔ．Ｓ．Ｉ,グロース（内国株式）,サービス業,920,920,897,897,-24,-2.605863,7200,OK
2024-10-31,7363,ベビーカレンダー,グロース（内国株式）,サービス業,1300,1338,1292,1338,38,2.923077,600,OK
2024-10-31,7364,琉球アスティーダスポーツクラブ,TOKYO PRO MARKET（内国株式）,サービス業,,,,,,,,NO_QUOTE
2024-10-31,7366,ＬＩＴＡＬＩＣＯ,プライム（内国株式）,サービス業,1096,1111,1075,1100,-13,-1.168014,352400,OK
2024-10-31,7367,セルム,スタンダード（内国株式）,サービス業,343,343,328,342,5,1.48368,14600,OK
2024-10-31,7368,表示灯,スタンダード（内国株式）,サービス業,1465,1465,1463,1465,2,0.136705,1000,OK
2024-10-31,7369,メイホーホールディングス,グロース（内国株式）,サービス業,2227,2227,2227,2227,2,0.089888,100,OK
2024-10-31,7370,Ｅｎｊｉｎ,グロース（内国株式）,サービス業,746,749,745,745,-5,-0.666667,9400,OK
2024-10-31,7371,Ｚｅｎｋｅｎ,グロース（内国株式）,サービス業,541,541,526,528,-11,-2.040816,3200,OK
2024-10-31,7372,デコルテ・ホールディングス,グロース（内国株式）,サービス業,289,298,289,298,10,3.472222,8100,OK
2024-10-31,7373,アイドマ・ホールディングス,グロース（内国株式）,サービス業,1553,1624,1553,1608,55,3.541533,67600,OK
2024-10-31,7374,コンフィデンス・インターワークス,グロース（内国株式）,サービス業,1664,1694,1661,1677,15,0.902527,5200,OK
2024-10-31,7375,リファインバースグループ,グロース（内国株式）,サービス業,704,712,691,699,-4,-0.56899,2600,OK
2024-10-31,7376,ＢＣＣ,グロース（内国株式）,サービス業,1468,1468,1468,1468,0,0,100,OK
2024-10-31,7377,ＤＮホールディングス,スタンダード（内国株式）,サービス業,1555,1555,1553,1554,-6,-0.384615,600,OK
2024-10-31,7378,アシロ,グロース（内国株式）,サービス業,1043,1082,1043,1056,13,1.246405,58600,OK
2024-10-31,7379,サーキュレーション,グロース（内国株式）,サービス業,617,617,607,615,0,0,1700,OK
2024-10-31,7380,十六フィナンシャルグループ,プライム（内国株式）,銀行業,4070,4125,4065,4115,55,1.35468,86100,OK
2024-10-31,7381,北國フィナンシャルホールディングス,プライム（内国株式）,銀行業,4445,4485,4365,4400,5,0.113766,60700,OK
2024-10-31,7383,ネットプロテクションズホールディングス,プライム（内国株式）,その他金融業,354,365,345,365,13,3.693182,1520800,OK
2024-10-31,7384,プロクレアホールディングス,プライム（内国株式）,銀行業,1773,1782,1765,1765,-8,-0.451213,18400,OK
2024-10-31,7386,ジャパンワランティサポート,グロース（内国株式）,その他金融業,,,,,,,,NO_QUOTE
2024-10-31,7388,ＦＰパートナー,プライム（内国株式）,保険業,2891,2967,2869,2955,71,2.461859,358000,OK
2024-10-31,7389,あいちフィナンシャルグループ,プライム（内国株式）,銀行業,2256,2315,2245,2300,56,2.495544,184800,OK
2024-10-31,7399,ナンシン,スタンダード（内国株式）,輸送用機器,524,524,524,524,-1,-0.190476,100,OK
2024-10-31,7408,ジャムコ,プライム（内国株式）,輸送用機器,1263,1266,1248,1263,0,0,42000,OK
2024-10-31,7409,ＡｅｒｏＥｄｇｅ,グロース（内国株式）,輸送用機器,1925,1939,1850,1882,-63,-3.239075,7800,OK
2024-10-31,7412,アトム,スタンダード（内国株式）,小売業,679,680,675,678,0,0,167000,OK
2024-10-31,7413,創健社,スタンダード（内国株式）,卸売業,2259,2259,2259,2259,4,0.177384,100,OK
2024-10-31,7414,小野建,プライム（内国株式）,卸売業,1502,1514,1496,1503,10,0.669792,47500,OK
2024-10-31,7416,はるやまホールディングス,スタンダード（内国株式）,小売業,502,519,498,519,21,4.216867,24500,OK
2024-10-31,7417,南陽,スタンダード（内国株式）,卸売業,1087,1099,1085,1095,10,0.921659,11800,OK
2024-10-31,7419,ノジマ,プライム（内国株式）,小売業,2003,2163,1981,2150,171,8.640728,597900,OK
2024-10-31,7420,佐鳥電機,プライム（内国株式）,卸売業,1893,1922,1893,1918,26,1.374207,34100,OK
2024-10-31,7421,カッパ・クリエイト,プライム（内国株式）,小売業,1630,1638,1619,1625,-3,-0.184275,58300,OK
2024-10-31,7422,東邦レマック,スタンダード（内国株式）,卸売業,4910,4945,4910,4910,0,0,500,OK
2024-10-31,7425,初穂商事,スタンダード（内国株式）,卸売業,1508,1510,1500,1500,-8,-0.530504,2600,OK
2024-10-31,7426,山大,スタンダード（内国株式）,卸売業,1205,1233,1205,1227,22,1.825726,1700,OK
2024-10-31,7427,エコートレーディング,スタンダード（内国株式）,卸売業,896,912,896,903,8,0.893855,15900,OK
2024-10-31,7433,伯東,プライム（内国株式）,卸売業,4505,4545,4480,4520,-10,-0.220751,59600,OK
2024-10-31,7434,オータケ,スタンダード（内国株式）,卸売業,,,,,,,,NO_QUOTE
2024-10-31,7435,ナ・デックス,スタンダード（内国株式）,卸売業,946,957,942,957,11,1.162791,2100,OK
2024-10-31,7438,コンドーテック,プライム（内国株式）,卸売業,1258,1285,1258,1277,22,1.752988,22500,OK
2024-10-31,7442,中山福,スタンダード（内国株式）,卸売業,354,363,350,363,13,3.714286,28900,OK
2024-10-31,7443,横浜魚類,スタンダード（内国株式）,卸売業,560,560,560,560,1,0.178891,100,OK
2024-10-31,7444,ハリマ共和物産,スタンダード（内国株式）,卸売業,,,,,,,,NO_QUOTE
2024-10-31,7445,ライトオン,スタンダード（内国株式）,小売業,214,215,206,210,-2,-0.943396,127000,OK
2024-10-31,7446,東北化学薬品,スタンダード（内国株式）,卸売業,,,,,,,,NO_QUOTE
2024-10-31,7447,ナガイレーベン,プライム（内国株式）,卸売業,2276,2308,2253,2298,51,2.269693,26300,OK
2024-10-31,7450,サンデー,スタンダード（内国株式）,小売業,1147,1152,1147,1152,3,0.261097,1500,OK
2024-10-31,7451,三菱食品,スタンダード（内国株式）,卸売業,4900,4905,4840,4885,-15,-0.306122,65300,OK
2024-10-31,7453,良品計画,プライム（内国株式）,小売業,2480,2513.5,2460.5,2512,45,1.824078,3385800,OK
2024-10-31,7455,パリミキホールディングス,スタンダード（内国株式）,小売業,301,308,299,306,8,2.684564,86000,OK
2024-10-31,7456,松田産業,プライム（内国株式）,卸売業,3190,3210,3135,3190,30,0.949367,31300,OK
2024-10-31,7458,第一興商,プライム（内国株式）,卸売業,1909,1924.5,1894,1915,17,0.89568,336300,OK
2024-10-31,7459,メディパルホールディングス,プライム（内国株式）,卸売業,2428,2438,2411.5,2425.5,7.5,0.310174,398700,OK
2024-10-31,7460,ヤギ,スタンダード（内国株式）,卸売業,1698,1715,1696,1714,12,0.705053,2900,OK
2024-10-31,7461,キムラ,スタンダード（内国株式）,卸売業,504,507,504,507,5,0.996016,500,OK
2024-10-31,7462,ＣＡＰＩＴＡ,スタンダード（内国株式）,小売業,322,323,320,320,-2,-0.621118,1600,OK
2024-10-31,7463,アドヴァングループ,スタンダード（内国株式）,小売業,939,958,939,943,10,1.071811,85300,OK
2024-10-31,7464,セフテック,スタンダード（内国株式）,卸売業,1839,1840,1839,1840,2,0.108814,400,OK
2024-10-31,7466,ＳＰＫ,プライム（内国株式）,卸売業,2022,2051,2022,2050,28,1.384768,12500,OK
2024-10-31,7467,萩原電気ホールディングス,プライム（内国株式）,卸売業,3420,3420,3370,3400,-40,-1.162791,29600,OK
2024-10-31,7472,鳥羽洋行,スタンダード（内国株式）,卸売業,,,,,,,,NO_QUOTE
2024-10-31,7475,アルビス,プライム（内国株式）,小売業,2673,2743,2659,2667,-28,-1.038961,8100,OK
2024-10-31,7476,アズワン,プライム（内国株式）,卸売業,2873,2892,2853,2874.5,11,0.384145,108300,OK
2024-10-31,7477,ムラキ,スタンダード（内国株式）,卸売業,1178,1178,1178,1178,0,0,100,OK
2024-10-31,7480,スズデン,スタンダード（内国株式）,卸売業,1806,1809,1785,1787,-8,-0.445682,23600,OK
2024-10-31,7481,尾家産業,スタンダード（内国株式）,卸売業,1882,1910,1867,1897,-1,-0.052687,11500,OK
2024-10-31,7482,シモジマ,プライム（内国株式）,卸売業,1308,1333,1308,1325,28,2.158828,12000,OK
2024-10-31,7483,ドウシシャ,プライム（内国株式）,卸売業,2147,2215,2144,2204,62,2.894491,56800,OK
2024-10-31,7486,サンリン,スタンダード（内国株式）,卸売業,653,658,653,658,6,0.920245,500,OK
2024-10-31,7487,小津産業,スタンダード（内国株式）,卸売業,1611,1649,1610,1645,35,2.173913,5700,OK
2024-10-31,7490,日新商事,スタンダード（内国株式）,卸売業,883,887,879,887,4,0.453001,2800,OK
2024-10-31,7494,コナカ,スタンダード（内国株式）,小売業,217,223,217,222,5,2.304147,112500,OK
2024-10-31,7500,西川計測,スタンダード（内国株式）,卸売業,7350,7350,7350,7350,0,0,100,OK
2024-10-31,7501,ティムコ,スタンダード（内国株式）,卸売業,739,747,739,741,2,0.270636,800,OK
2024-10-31,7502,プラザホールディングス,スタンダード（内国株式）,サービス業,1763,1774,1763,1770,0,0,900,OK
2024-10-31,7504,高速,プライム（内国株式）,卸売業,2537,2598,2515,2515,28,1.125854,18700,OK
2024-10-31,7505,扶桑電通,スタンダード（内国株式）,卸売業,1694,1695,1680,1695,-7,-0.411281,2200,OK
2024-10-31,7506,ハウス　オブ　ローゼ,スタンダード（内国株式）,小売業,1460,1466,1452,1466,13,0.894701,8500,OK
2024-10-31,7508,Ｇ‐７ホールディングス,プライム（内国株式）,小売業,1500,1511,1437,1437,-108,-6.990291,95000,OK
2024-10-31,7509,アイエーグループ,スタンダード（内国株式）,小売業,3095,3105,3095,3105,10,0.323102,300,OK
2024-10-31,7510,たけびし,プライム（内国株式）,卸売業,2092,2118,2072,2088,-5,-0.238892,7200,OK
2024-10-31,7512,イオン北海道,スタンダード（内国株式）,小売業,892,903,892,899,9,1.011236,174100,OK
2024-10-31,7513,コジマ,プライム（内国株式）,小売業,1054,1077,1051,1066,24,2.303263,98100,OK
2024-10-31,7514,ヒマラヤ,スタンダード（内国株式）,小売業,841,870,830,866,31,3.712575,51400,OK
2024-10-31,7515,マルヨシセンター,スタンダード（内国株式）,小売業,3875,3875,3875,3875,15,0.388601,200,OK
2024-10-31,7516,コーナン商事,プライム（内国株式）,小売業,3610,3655,3585,3635,55,1.536313,115300,OK
2024-10-31,7518,ネットワンシステムズ,プライム（内国株式）,情報･通信業,3512,3737,3506,3715,212,6.051955,1576000,OK
2024-10-31,7520,エコス,プライム（内国株式）,小売業,2050,2074,2047,2060,10,0.487805,8400,OK
2024-10-31,7521,ムサシ,スタンダード（内国株式）,卸売業,1686,1700,1664,1686,-18,-1.056338,20800,OK
2024-10-31,7522,ワタミ,プライム（内国株式）,小売業,1054,1070,1041,1069,15,1.42315,314300,OK
2024-10-31,7523,アールビバン,スタンダード（内国株式）,小売業,992,996,992,993,-5,-0.501002,2100,OK
2024-10-31,7524,マルシェ,スタンダード（内国株式）,小売業,194,195,193,195,2,1.036269,12100,OK
2024-10-31,7525,リックス,プライム（内国株式）,卸売業,2752,2754,2673,2754,73,2.722865,22500,OK
2024-10-31,7527,システムソフト,スタンダード（内国株式）,情報･通信業,60,62,60,61,1,1.666667,960400,OK
2024-10-31,7531,清和中央ホールディングス,スタンダード（内国株式）,卸売業,1300,1300,1300,1300,0,0,100,OK
2024-10-31,7532,パン・パシフィック・インターナショナルホールディングス,プライム（内国株式）,小売業,3782,3832,3780,3828,13,0.34076,1182500,OK
2024-10-31,7537,丸文,プライム（内国株式）,卸売業,1018,1044,1018,1042,24,2.357564,102100,OK
2024-10-31,7538,大水,スタンダード（内国株式）,卸売業,304,304,303,303,-2,-0.655738,1000,OK
2024-10-31,7539,アイナボホールディングス,スタンダード（内国株式）,卸売業,571,571,562,567,-1,-0.176056,13800,OK
2024-10-31,7544,スリーエフ,スタンダード（内国株式）,小売業,386,389,385,388,-2,-0.512821,8100,OK
2024-10-31,7545,西松屋チェーン,プライム（内国株式）,小売業,2258,2273,2248,2259,12,0.534045,141700,OK
2024-10-31,7550,ゼンショーホールディングス,プライム（内国株式）,小売業,7706,7706,7546,7690,-7,-0.090945,370100,OK
2024-10-31,7551,ウェッズ,スタンダード（内国株式）,輸送用機器,610,610,603,605,-5,-0.819672,6300,OK
2024-10-31,7552,ハピネット,プライム（内国株式）,卸売業,4065,4135,4050,4100,50,1.234568,87700,OK
2024-10-31,7554,幸楽苑,プライム（内国株式）,小売業,1239,1258,1230,1253,17,1.375405,17800,OK
2024-10-31,7555,大田花き,スタンダード（内国株式）,卸売業,752,752,752,752,0,0,200,OK
2024-10-31,7559,ジーエフシー,スタンダード（内国株式）,卸売業,1364,1364,1350,1350,-17,-1.243599,1100,OK
2024-10-31,7561,ハークスレイ,スタンダード（内国株式）,小売業,730,733,721,722,-3,-0.413793,22100,OK
2024-10-31,7562,安楽亭,スタンダード（内国株式）,小売業,6970,6970,6950,6970,0,0,400,OK
2024-10-31,7564,ワークマン,スタンダード（内国株式）,小売業,3950,3995,3865,3885,-80,-2.017654,191200,OK
2024-10-31,7565,萬世電機,スタンダード（内国株式）,卸売業,,,,,,,,NO_QUOTE
2024-10-31,7567,栄電子,スタンダード（内国株式）,卸売業,407,407,407,407,-2,-0.488998,1500,OK
2024-10-31,7570,橋本総業ホールディングス,スタンダード（内国株式）,卸売業,1233,1245,1230,1230,27,2.244389,15700,OK
2024-10-31,7571,ヤマノホールディングス,スタンダード（内国株式）,小売業,60,60,59,60,0,0,252900,OK
2024-10-31,7575,日本ライフライン,プライム（内国株式）,卸売業,1197,1214,1186,1204,17,1.432182,195800,OK
2024-10-31,7578,ニチリョク,スタンダード（内国株式）,小売業,157,160,157,158,0,0,40200,OK
2024-10-31,7581,サイゼリヤ,プライム（内国株式）,小売業,5690,5700,5610,5640,-60,-1.052632,313200,OK
2024-10-31,7585,かんなん丸,スタンダード（内国株式）,小売業,496,500,492,500,4,0.806452,9600,OK
2024-10-31,7590,タカショー,スタンダード（内国株式）,卸売業,475,485,475,485,8,1.677149,49200,OK
2024-10-31,7593,ＶＴホールディングス,プライム（内国株式）,小売業,462,471,461,470,8,1.731602,747700,OK
2024-10-31,7595,アルゴグラフィックス,プライム（内国株式）,情報･通信業,5170,5360,5170,5290,100,1.926782,50000,OK
2024-10-31,7596,魚力,プライム（内国株式）,小売業,2388,2427,2385,2389,-19,-0.789037,7300,OK
2024-10-31,7599,ＩＤＯＭ,プライム（内国株式）,卸売業,1053,1069,1047,1065,25,2.403846,882000,OK
2024-10-31,7600,日本エム・ディ・エム,プライム（内国株式）,精密機器,640,642,623,625,-10,-1.574803,71100,OK
2024-10-31,7601,ポプラ,スタンダード（内国株式）,小売業,210,211,209,210,1,0.478469,22900,OK
2024-10-31,7602,レダックス,スタンダード（内国株式）,卸売業,156,158,154,158,2,1.282051,13600,OK
2024-10-31,7603,マックハウス,スタンダード（内国株式）,小売業,259,276,212,220,-10,-4.347826,2896500,OK
2024-10-31,7604,梅の花,スタンダード（内国株式）,小売業,936,936,929,930,-8,-0.852878,13800,OK
2024-10-31,7605,フジ・コーポレーション,プライム（内国株式）,小売業,1813,1830,1810,1827,14,0.772201,16900,OK
2024-10-31,7606,ユナイテッドアローズ,プライム（内国株式）,小売業,2195,2214,2186,2186,-3,-0.137049,113800,OK
2024-10-31,7607,進和,プライム（内国株式）,卸売業,2669,2703,2663,2690,47,1.778282,15300,OK
2024-10-31,7608,エスケイジャパン,スタンダード（内国株式）,卸売業,665,675,656,674,10,1.506024,25900,OK
2024-10-31,7609,ダイトロン,プライム（内国株式）,卸売業,2765,2850,2765,2827,42,1.508079,12300,OK
2024-10-31,7610,テイツー,スタンダード（内国株式）,小売業,95,96,94,96,1,1.052632,729000,OK
2024-10-31,7611,ハイデイ日高,プライム（内国株式）,小売業,2746,2758,2707,2745,5,0.182482,73500,OK
2024-10-31,7613,シークス,プライム（内国株式）,卸売業,1134,1137,1123,1128,-6,-0.529101,135900,OK
2024-10-31,7614,オーエムツーネットワーク,スタンダード（内国株式）,小売業,1430,1431,1430,1431,1,0.06993,400,OK
2024-10-31,7615,京都きもの友禅ホールディングス,スタンダード（内国株式）,小売業,67,68,66,67,0,0,275000,OK
2024-10-31,7616,コロワイド,プライム（内国株式）,小売業,1695.5,1699.5,1680.5,1691.5,-7,-0.412128,341600,OK
2024-10-31,7619,田中商事,スタンダード（内国株式）,卸売業,652,660,651,660,11,1.694915,12900,OK
2024-10-31,7621,うかい,スタンダード（内国株式）,小売業,3750,3750,3700,3735,-30,-0.796813,700,OK
2024-10-31,7623,サンオータス,スタンダード（内国株式）,小売業,538,540,535,536,-1,-0.18622,2800,OK
2024-10-31,7624,ＮａＩＴＯ,スタンダード（内国株式）,卸売業,133,133,131,132,-1,-0.75188,9800,OK
2024-10-31,7625,グローバルダイニング,スタンダード（内国株式）,小売業,385,397,379,391,7,1.822917,23000,OK
2024-10-31,7628,オーハシテクニカ,プライム（内国株式）,卸売業,1700,1747,1699,1745,45,2.647059,20100,OK
2024-10-31,7630,壱番屋,プライム（内国株式）,小売業,1047,1051,1038,1047,3,0.287356,159000,OK
2024-10-31,7634,星医療酸器,スタンダード（内国株式）,卸売業,4310,4310,4310,4310,0,0,100,OK
2024-10-31,7635,杉田エース,スタンダード（内国株式）,卸売業,1244,1249,1244,1249,1,0.080128,400,OK
2024-10-31,7636,ハンズマン,スタンダード（内国株式）,小売業,816,817,813,817,0,0,900,OK
2024-10-31,7637,白銅,プライム（内国株式）,卸売業,2399,2414,2369,2401,18,0.75535,9800,OK
2024-10-31,7638,ＮＥＷ　ＡＲＴ　ＨＯＬＤＩＮＧＳ,スタンダード（内国株式）,小売業,1524,1544,1524,1536,3,0.195695,8200,OK
2024-10-31,7640,トップカルチャー,スタンダード（内国株式）,小売業,143,145,141,145,0,0,57400,OK
2024-10-31,7643,ダイイチ,スタンダード（内国株式）,小売業,1190,1194,1190,1194,4,0.336134,1100,OK
2024-10-31,7646,ＰＬＡＮＴ,スタンダード（内国株式）,小売業,1507,1550,1495,1538,27,1.786896,28700,OK
2024-10-31,7649,スギホールディングス,プライム（内国株式）,小売業,2613,2614.5,2585,2602,-13,-0.497132,359800,OK
2024-10-31,7670,オーウエル,スタンダード（内国株式）,卸売業,890,890,884,885,-1,-0.112867,900,OK
2024-10-31,7673,ダイコー通産,スタンダード（内国株式）,卸売業,1239,1243,1223,1242,3,0.242131,6900,OK
2024-10-31,7674,ＮＡＴＴＹ　ＳＷＡＮＫＹホールディングス,グロース（内国株式）,小売業,3365,3385,3360,3365,5,0.14881,1100,OK
2024-10-31,7677,ヤシマキザイ,スタンダード（内国株式）,卸売業,2000,2000,2000,2000,0,0,100,OK
2024-10-31,7678,あさくま,スタンダード（内国株式）,小売業,3895,3895,3860,3895,25,0.645995,2600,OK
2024-10-31,7679,薬王堂ホールディングス,プライム（内国株式）,小売業,2122,2147,2110,2125,-7,-0.32833,77300,OK
2024-10-31,7680,軽自動車館,TOKYO PRO MARKET（内国株式）,小売業,,,,,,,,NO_QUOTE
2024-10-31,7681,レオクラン,スタンダード（内国株式）,卸売業,982,982,982,982,0,0,100,OK
2024-10-31,7682,浜木綿,スタンダード（内国株式）,小売業,3925,3925,3875,3875,35,0.911458,1200,OK
2024-10-31,7683,ダブルエー,グロース（内国株式）,小売業,1358,1367,1313,1313,-69,-4.992764,165700,OK
2024-10-31,7685,ＢｕｙＳｅｌｌ　Ｔｅｃｈｎｏｌｏｇｉｅｓ,グロース（内国株式）,卸売業,4325,4360,4165,4165,-210,-4.8,67000,OK
2024-10-31,7686,カクヤスグループ,スタンダード（内国株式）,小売業,487,487,470,480,-2,-0.414938,9400,OK
2024-10-31,7687,ミクリード,グロース（内国株式）,卸売業,386,397,386,397,5,1.27551,12000,OK
2024-10-31,7689,コパ・コーポレーション,グロース（内国株式）,卸売業,633,633,620,628,2,0.319489,4200,OK
2024-10-31,7690,カレント自動車,TOKYO PRO MARKET（内国株式）,卸売業,,,,,,,,NO_QUOTE
2024-10-31,7691,Ｃ　Ｃｈａｎｎｅｌ,TOKYO PRO MARKET（内国株式）,小売業,,,,,,,,NO_QUOTE
2024-10-31,7692,アースインフィニティ,スタンダード（内国株式）,電気･ガス業,85,87,84,86,1,1.176471,509700,OK
2024-10-31,7693,北海道歯科産業,TOKYO PRO MARKET（内国株式）,卸売業,,,,,,,,NO_QUOTE
2024-10-31,7694,いつも,グロース（内国株式）,小売業,450,450,450,450,0,0,300,OK
2024-10-31,7695,交換できるくん,グロース（内国株式）,小売業,2555,2576,2547,2547,-16,-0.624268,1000,OK
2024-10-31,7698,アイスコ,スタンダード（内国株式）,卸売業,1727,1748,1714,1748,23,1.333333,6400,OK
2024-10-31,7701,島津製作所,プライム（内国株式）,精密機器,4547,4583,4520,4552,-31,-0.676413,780400,OK
2024-10-31,7702,ＪＭＳ,スタンダード（内国株式）,精密機器,471,475,469,470,3,0.642398,22700,OK
2024-10-31,7707,プレシジョン・システム・サイエンス,グロース（内国株式）,精密機器,286,299,286,298,9,3.114187,393500,OK
2024-10-31,7709,クボテック,スタンダード（内国株式）,精密機器,204,205,203,204,3,1.492537,9100,OK
2024-10-31,7711,助川電気工業,スタンダード（内国株式）,精密機器,2655,2737,2600,2680,-67,-2.439024,434700,OK
2024-10-31,7713,シグマ光機,スタンダード（内国株式）,精密機器,1436,1438,1426,1429,-7,-0.487465,4300,OK
2024-10-31,7715,長野計器,プライム（内国株式）,精密機器,2439,2496,2424,2485,46,1.886019,46600,OK
2024-10-31,7716,ナカニシ,スタンダード（内国株式）,精密機器,2624,2628,2591,2615,-16,-0.608134,104400,OK
2024-10-31,7717,ブイ・テクノロジー,プライム（内国株式）,精密機器,2407,2457,2390,2453,19,0.780608,38400,OK
2024-10-31,7718,スター精密,プライム（内国株式）,機械,1975,1991,1964,1977,14,0.713194,62300,OK
2024-10-31,7719,東京衡機,スタンダード（内国株式）,精密機器,201,202,197,199,-3,-1.485149,10600,OK
2024-10-31,7721,東京計器,プライム（内国株式）,精密機器,2982,3040,2958,3015,20,0.66778,127700,OK
2024-10-31,7722,国際計測器,スタンダード（内国株式）,精密機器,498,510,497,510,12,2.409639,13700,OK
2024-10-31,7723,愛知時計電機,プライム（内国株式）,精密機器,1981,2002,1964,1991,10,0.504796,10200,OK
2024-10-31,7725,インターアクション,プライム（内国株式）,精密機器,1062,1076,1052,1071,2,0.187091,67200,OK
2024-10-31,7726,黒田精工,スタンダード（内国株式）,機械,1158,1164,1150,1160,3,0.259291,5300,OK
2024-10-31,7727,オーバル,スタンダード（内国株式）,精密機器,364,373,362,372,11,3.047091,64800,OK
2024-10-31,7729,東京精密,プライム（内国株式）,精密機器,8346,8595,8316,8521,101,1.199525,675000,OK
2024-10-31,7730,マニー,プライム（内国株式）,精密機器,1821.5,1840,1816,1832.5,-6,-0.326353,281300,OK
2024-10-31,7731,ニコン,プライム（内国株式）,精密機器,1909.5,1922,1890,1908.5,-4,-0.20915,2799800,OK
2024-10-31,7732,トプコン,プライム（内国株式）,精密機器,1585.5,1599.5,1541.5,1570,-9.5,-0.601456,1296100,OK
2024-10-31,7733,オリンパス,プライム（内国株式）,精密機器,2705,2737.5,2688,2710.5,11.5,0.426084,5229400,OK
2024-10-31,7734,理研計器,プライム（内国株式）,精密機器,4170,4410,4165,4370,205,4.921969,114700,OK
2024-10-31,7735,ＳＣＲＥＥＮホールディングス,プライム（内国株式）,電気機器,9880,10050,9760,10030,-175,-1.714846,2064700,OK
2024-10-31,7739,キヤノン電子,プライム（内国株式）,電気機器,2423,2431,2392,2428,5,0.206356,67200,OK
2024-10-31,7740,タムロン,プライム（内国株式）,精密機器,4355,4405,4315,4370,10,0.229358,143400,OK
2024-10-31,7741,ＨＯＹＡ,プライム（内国株式）,精密機器,20375,21200,20120,20725,200,0.974421,1681000,OK
2024-10-31,7743,シード,プライム（内国株式）,精密機器,489,499,488,498,9,1.840491,49500,OK
2024-10-31,7744,ノーリツ鋼機,プライム（内国株式）,精密機器,3895,4015,3855,4000,80,2.040816,151600,OK
2024-10-31,7745,Ａ＆Ｄホロンホールディングス,プライム（内国株式）,精密機器,2194,2248,2183,2233,16,0.721696,143400,OK
2024-10-31,7746,岡本硝子,スタンダード（内国株式）,精密機器,122,122,120,120,-2,-1.639344,35400,OK
2024-10-31,7747,朝日インテック,プライム（内国株式）,精密機器,2447.5,2487,2446,2467.5,12.5,0.509165,943600,OK
2024-10-31,7749,メディキット,スタンダード（内国株式）,精密機器,2818,2818,2807,2807,1,0.035638,200,OK
2024-10-31,7751,キヤノン,プライム（内国株式）,電気機器,5064,5088,5004,5004,-111,-2.170088,3778000,OK
2024-10-31,7752,リコー,プライム（内国株式）,電気機器,1669,1672.5,1653,1672.5,0.5,0.029904,2349100,OK
2024-10-31,7760,ＩＭＶ,スタンダード（内国株式）,精密機器,673,675,664,673,-2,-0.296296,12200,OK
2024-10-31,7762,シチズン時計,プライム（内国株式）,精密機器,919,922,912,917,1,0.10917,767300,OK
2024-10-31,7769,リズム,プライム（内国株式）,精密機器,3870,3945,3840,3925,40,1.029601,11000,OK
2024-10-31,7771,日本精密,スタンダード（内国株式）,精密機器,69,71,69,69,-1,-1.428571,28900,OK
2024-10-31,7774,ジャパン・ティッシュエンジニアリング,グロース（内国株式）,精密機器,502,507,501,502,1,0.199601,11400,OK
2024-10-31,7775,大研医器,スタンダード（内国株式）,精密機器,499,503,491,501,9,1.829268,32300,OK
2024-10-31,7776,セルシード,グロース（内国株式）,精密機器,526,530,512,520,-12,-2.255639,1315500,OK
2024-10-31,7777,スリー・ディー・マトリックス,グロース（内国株式）,精密機器,110,112,110,110,-1,-0.900901,237000,OK
2024-10-31,7779,ＣＹＢＥＲＤＹＮＥ,グロース（内国株式）,精密機器,186,188,185,188,2,1.075269,325300,OK
2024-10-31,7780,メニコン,プライム（内国株式）,精密機器,1686,1711,1661,1695,9,0.533808,439500,OK
2024-10-31,7781,平山ホールディングス,スタンダード（内国株式）,精密機器,1100,1100,1061,1061,-4,-0.375587,14500,OK
2024-10-31,7782,シンシア,スタンダード（内国株式）,精密機器,458,468,458,467,11,2.412281,8900,OK
2024-10-31,7790,バルコス,TOKYO PRO MARKET（内国株式）,その他製品,,,,,,,,NO_QUOTE
2024-10-31,7791,ドリームベッド,スタンダード（内国株式）,その他製品,730,731,730,731,-3,-0.408719,1400,OK
2024-10-31,7792,コラントッテ,グロース（内国株式）,その他製品,962,978,961,968,0,0,8600,OK
2024-10-31,7793,イメージ・マジック,グロース（内国株式）,その他製品,1179,1179,1132,1169,7,0.60241,2700,OK
2024-10-31,7794,イーディーピー,グロース（内国株式）,その他製品,877,893,874,881,0,0,25200,OK
2024-10-31,7795,ＫＹＯＲＩＴＳＵ,スタンダード（内国株式）,その他製品,147,151,147,150,4,2.739726,174400,OK
2024-10-31,7800,アミファ,スタンダード（内国株式）,その他製品,585,586,583,586,0,0,2600,OK
2024-10-31,7803,ブシロード,グロース（内国株式）,その他製品,339,345,338,343,1,0.292398,227600,OK
2024-10-31,7804,ビーアンドピー,スタンダード（内国株式）,その他製品,1710,1728,1700,1710,0,0,6600,OK
2024-10-31,7805,プリントネット,スタンダード（内国株式）,その他製品,607,610,607,610,3,0.494234,600,OK
2024-10-31,7806,ＭＴＧ,グロース（内国株式）,その他製品,1477,1549,1477,1537,60,4.062288,56200,OK
2024-10-31,7807,幸和製作所,スタンダード（内国株式）,その他製品,998,1013,988,995,-3,-0.300601,1100,OK
2024-10-31,7808,シー・エス・ランバー,スタンダード（内国株式）,その他製品,2814,2814,2814,2814,0,0,200,OK
2024-10-31,7809,壽屋,スタンダード（内国株式）,その他製品,1561,1565,1560,1565,3,0.192061,3700,OK
2024-10-31,7810,クロスフォー,スタンダード（内国株式）,その他製品,163,163,159,161,-2,-1.226994,10400,OK
2024-10-31,7811,中本パックス,スタンダード（内国株式）,その他製品,1644,1666,1633,1666,20,1.215067,20000,OK
2024-10-31,7812,クレステック,スタンダード（内国株式）,その他製品,1610,1625,1606,1624,23,1.436602,900,OK
2024-10-31,7813,プラッツ,グロース（内国株式）,その他製品,630,638,630,632,0,0,1700,OK
2024-10-31,7814,日本創発グループ,スタンダード（内国株式）,その他製品,432,435,431,433,1,0.231481,36600,OK
2024-10-31,7815,東京ボード工業,スタンダード（内国株式）,その他製品,607,616,607,614,7,1.153213,1000,OK
2024-10-31,7817,パラマウントベッドホールディングス,プライム（内国株式）,その他製品,2502,2670,2460,2645,158,6.353036,433400,OK
2024-10-31,7818,トランザクション,プライム（内国株式）,その他製品,2449,2476,2429,2468,39,1.605599,62500,OK
2024-10-31,7819,粧美堂,スタンダード（内国株式）,その他製品,470,482,470,480,15,3.225806,34900,OK
2024-10-31,7820,ニホンフラッシュ,プライム（内国株式）,その他製品,889,896,877,892,4,0.45045,29600,OK
2024-10-31,7821,前田工繊,プライム（内国株式）,その他製品,1772,1783,1751,1781,16,0.906516,123000,OK
2024-10-31,7822,永大産業,スタンダード（内国株式）,その他製品,213,214,210,214,3,1.421801,52200,OK
2024-10-31,7823,アートネイチャー,スタンダード（内国株式）,その他製品,865,865,830,830,-15,-1.775148,35400,OK
2024-10-31,7826,フルヤ金属,プライム（内国株式）,その他製品,4000,4035,3965,4015,15,0.375,89900,OK
2024-10-31,7827,オービス,スタンダード（内国株式）,その他製品,1450,1450,1422,1422,-34,-2.335165,31000,OK
2024-10-31,7831,ウイルコホールディングス,スタンダード（内国株式）,その他製品,125,125,123,124,-2,-1.587302,58800,OK
2024-10-31,7832,バンダイナムコホールディングス,プライム（内国株式）,その他製品,3226,3237,3193,3222,-3,-0.093023,1919800,OK
2024-10-31,7833,アイフィスジャパン,スタンダード（内国株式）,その他製品,556,560,550,560,13,2.3766,9900,OK
2024-10-31,7836,アビックス,スタンダード（内国株式）,その他製品,75,75,73,74,0,0,91400,OK
2024-10-31,7837,アールシーコア,スタンダード（内国株式）,その他製品,465,469,460,469,6,1.295896,3000,OK
2024-10-31,7839,ＳＨＯＥＩ,プライム（内国株式）,その他製品,2359,2377,2351,2357,4,0.169996,202500,OK
2024-10-31,7840,フランスベッドホールディングス,プライム（内国株式）,その他製品,1272,1274,1263,1264,-7,-0.550747,33400,OK
2024-10-31,7841,遠藤製作所,スタンダード（内国株式）,その他製品,1258,1260,1231,1250,5,0.401606,13100,OK
2024-10-31,7844,マーベラス,プライム（内国株式）,情報･通信業,592,593,583,586,-2,-0.340136,211800,OK
2024-10-31,7846,パイロットコーポレーション,プライム（内国株式）,その他製品,4799,4799,4748,4757,-18,-0.376963,90200,OK
2024-10-31,7847,グラファイトデザイン,スタンダード（内国株式）,その他製品,742,744,730,730,3,0.412655,900,OK
2024-10-31,7849,スターツ出版,スタンダード（内国株式）,情報･通信業,3140,3140,3080,3085,-55,-1.751592,1500,OK
2024-10-31,7850,総合商研,スタンダード（内国株式）,その他製品,835,835,835,835,0,0,100,OK
2024-10-31,7851,カワセコンピュータサプライ,スタンダード（内国株式）,その他製品,219,220,219,220,0,0,300,OK
2024-10-31,7856,萩原工業,プライム（内国株式）,その他製品,1475,1478,1456,1470,-8,-0.541272,121500,OK
2024-10-31,7857,セキ,スタンダード（内国株式）,その他製品,,,,,,,,NO_QUOTE
2024-10-31,7859,アルメディオ,スタンダード（内国株式）,その他製品,425,432,423,432,6,1.408451,284900,OK
2024-10-31,7860,エイベックス,プライム（内国株式）,情報･通信業,1520,1520,1498,1503,-19,-1.248357,129700,OK
2024-10-31,7863,平賀,スタンダード（内国株式）,その他製品,993,993,990,990,-3,-0.302115,1800,OK
2024-10-31,7864,フジシールインターナショナル,プライム（内国株式）,その他製品,2618,2623,2567,2612,-6,-0.229183,143900,OK
2024-10-31,7865,ピープル,スタンダード（内国株式）,その他製品,612,615,609,615,2,0.326264,2300,OK
2024-10-31,7867,タカラトミー,プライム（内国株式）,その他製品,3950,4093,3925,4063,93,2.342569,941000,OK
2024-10-31,7868,広済堂ホールディングス,プライム（内国株式）,その他製品,531,535,527,534,8,1.520913,452000,OK
2024-10-31,7871,フクビ化学工業,スタンダード（内国株式）,化学,730,730,726,727,-6,-0.818554,3100,OK
2024-10-31,7872,エステールホールディングス,スタンダード（内国株式）,その他製品,600,607,598,607,13,2.188552,12900,OK
2024-10-31,7874,レック,プライム（内国株式）,化学,1312,1338,1312,1321,14,1.071155,30300,OK
2024-10-31,7875,竹田ｉＰホールディングス,スタンダード（内国株式）,その他製品,828,835,822,834,5,0.603136,3100,OK
2024-10-31,7877,永大化工,スタンダード（内国株式）,化学,,,,,,,,NO_QUOTE
2024-10-31,7878,光・彩,スタンダード（内国株式）,その他製品,1169,1169,1125,1150,-22,-1.877133,3500,OK
2024-10-31,7879,ノダ,スタンダード（内国株式）,その他製品,855,858,836,846,1,0.118343,10900,OK
2024-10-31,7883,サンメッセ,スタンダード（内国株式）,その他製品,374,392,371,377,0,0,24800,OK
2024-10-31,7885,タカノ,スタンダード（内国株式）,その他製品,703,725,703,719,17,2.421652,24900,OK
2024-10-31,7886,ヤマト　モビリティ　＆　Ｍｆｇ．,スタンダード（内国株式）,化学,1038,1038,1011,1011,-27,-2.601156,500,OK
2024-10-31,7887,南海プライウッド,スタンダード（内国株式）,その他製品,,,,,,,,NO_QUOTE
2024-10-31,7888,三光合成,プライム（内国株式）,化学,603,612,602,612,14,2.341137,104200,OK
2024-10-31,7893,プロネクサス,プライム（内国株式）,その他製品,1288,1304,1288,1301,15,1.166407,17500,OK
2024-10-31,7896,セブン工業,スタンダード（内国株式）,その他製品,483,503,470,470,-13,-2.691511,19900,OK
2024-10-31,7897,ホクシン,スタンダード（内国株式）,その他製品,100,102,100,101,1,1,65500,OK
2024-10-31,7898,ウッドワン,スタンダード（内国株式）,その他製品,727,745,718,745,27,3.760446,57600,OK
2024-10-31,7901,マツモト,スタンダード（内国株式）,その他製品,975,975,975,975,150,18.181818,9600,OK
2024-10-31,7902,ソノコム,スタンダード（内国株式）,その他製品,791,791,791,791,3,0.380711,100,OK
2024-10-31,7906,ヨネックス,スタンダード（内国株式）,その他製品,1894,1931,1869,1923,29,1.531151,211700,OK
2024-10-31,7908,きもと,スタンダード（内国株式）,化学,301,310,288,302,4,1.342282,5112100,OK
2024-10-31,7911,ＴＯＰＰＡＮホールディングス,プライム（内国株式）,その他製品,4517,4544,4474,4514,9,0.199778,818500,OK
2024-10-31,7912,大日本印刷,プライム（内国株式）,その他製品,2675,2689.5,2643.5,2670,-7,-0.261487,846400,OK
2024-10-31,7914,共同印刷,プライム（内国株式）,その他製品,3430,3460,3380,3430,0,0,13000,OK
2024-10-31,7915,ＮＩＳＳＨＡ,プライム（内国株式）,その他製品,1885,1910,1879,1900,8,0.422833,136800,OK
2024-10-31,7916,光村印刷,スタンダード（内国株式）,その他製品,1418,1430,1418,1429,11,0.77574,1400,OK
2024-10-31,7917,ＺＡＣＲＯＳ,プライム（内国株式）,化学,4295,4360,4290,4335,40,0.931315,21700,OK
2024-10-31,7918,ヴィア・ホールディングス,スタンダード（内国株式）,小売業,114,116,108,113,0,0,647000,OK
2024-10-31,7919,野崎印刷紙業,スタンダード（内国株式）,その他製品,155,155,149,152,6,4.109589,202400,OK
2024-10-31,7921,ＴＡＫＡＲＡ　＆　ＣＯＭＰＡＮＹ,プライム（内国株式）,その他製品,2696,2696,2651,2684,33,1.244813,20000,OK
2024-10-31,7922,三光産業,スタンダード（内国株式）,その他製品,374,382,374,382,7,1.866667,4200,OK
2024-10-31,7923,トーイン,スタンダード（内国株式）,その他製品,663,663,663,663,-2,-0.300752,600,OK
2024-10-31,7925,前澤化成工業,プライム（内国株式）,化学,1807,1827,1790,1816,19,1.057318,96200,OK
2024-10-31,7927,ムトー精工,スタンダード（内国株式）,化学,1648,1660,1640,1653,9,0.547445,5600,OK
2024-10-31,7928,旭化学工業,スタンダード（内国株式）,化学,561,563,560,560,-1,-0.178253,2500,OK
2024-10-31,7931,未来工業,プライム（内国株式）,化学,3595,3620,3560,3620,25,0.69541,15800,OK
2024-10-31,7932,ニッピ,スタンダード（内国株式）,その他製品,5870,5920,5870,5870,20,0.34188,600,OK
2024-10-31,7936,アシックス,プライム（内国株式）,その他製品,2673.5,2725.5,2644,2714,16,0.593032,3493300,OK
2024-10-31,7937,ツツミ,スタンダード（内国株式）,その他製品,2132,2135,2111,2114,16,0.762631,3800,OK
2024-10-31,7938,リーガルコーポレーション,スタンダード（内国株式）,その他製品,2649,2660,2649,2652,-4,-0.150602,1700,OK
2024-10-31,7939,研創,スタンダード（内国株式）,その他製品,528,544,528,544,18,3.422053,1500,OK
2024-10-31,7940,ウェーブロックホールディングス,スタンダード（内国株式）,化学,593,606,593,598,11,1.873935,50100,OK
2024-10-31,7942,ＪＳＰ,プライム（内国株式）,化学,1959,1980,1950,1966,14,0.717213,73300,OK
2024-10-31,7943,ニチハ,プライム（内国株式）,ガラス･土石製品,3430,3495,3425,3460,35,1.021898,33600,OK
2024-10-31,7944,ローランド,プライム（内国株式）,その他製品,3900,3945,3885,3920,35,0.900901,31300,OK
2024-10-31,7946,光陽社,スタンダード（内国株式）,その他製品,,,,,,,,NO_QUOTE
2024-10-31,7947,エフピコ,プライム（内国株式）,化学,2690,2697,2648,2668,9.5,0.357344,204500,OK
2024-10-31,7949,小松ウオール工業,プライム（内国株式）,その他製品,1507,1525,1505,1514,12,0.798935,21900,OK
2024-10-31,7951,ヤマハ,プライム（内国株式）,その他製品,1242,1247,1232.5,1244,-2,-0.160514,1390100,OK
2024-10-31,7952,河合楽器製作所,プライム（内国株式）,その他製品,2780,2780,2727,2746,-10,-0.362845,8100,OK
2024-10-31,7953,菊水化学工業,スタンダード（内国株式）,その他製品,377,377,376,377,0,0,1000,OK
2024-10-31,7955,クリナップ,プライム（内国株式）,その他製品,711,723,708,723,5,0.696379,32200,OK
2024-10-31,7956,ピジョン,プライム（内国株式）,その他製品,1662,1662,1648.5,1651.5,-0.5,-0.030266,477100,OK
2024-10-31,7957,フジコピアン,スタンダード（内国株式）,その他製品,,,,,,,,NO_QUOTE
2024-10-31,7958,天馬,プライム（内国株式）,化学,2980,2980,2888,2937,-40,-1.343635,52500,OK
2024-10-31,7962,キングジム,プライム（内国株式）,その他製品,847,865,847,865,20,2.366864,8400,OK
2024-10-31,7963,興研,スタンダード（内国株式）,その他製品,1530,1533,1525,1525,-1,-0.065531,500,OK
2024-10-31,7965,象印マホービン,プライム（内国株式）,電気機器,1584,1610,1578,1603,18,1.135647,85600,OK
2024-10-31,7966,リンテック,プライム（内国株式）,その他製品,3190,3240,3170,3210,50,1.582278,200100,OK
2024-10-31,7970,信越ポリマー,プライム（内国株式）,化学,1586,1603,1571,1596,-4,-0.25,184300,OK
2024-10-31,7971,東リ,スタンダード（内国株式）,化学,402,415,402,414,12,2.985075,353100,OK
2024-10-31,7972,イトーキ,プライム（内国株式）,その他製品,1464,1476,1453,1471,11,0.753425,214100,OK
2024-10-31,7974,任天堂,プライム（内国株式）,その他製品,8201,8273,8100,8145,53,0.654968,4353800,OK
2024-10-31,7975,リヒトラブ,スタンダード（内国株式）,その他製品,1089,1089,1079,1079,-10,-0.918274,1600,OK
2024-10-31,7976,三菱鉛筆,プライム（内国株式）,その他製品,2494,2509,2469,2479,-17,-0.68109,99600,OK
2024-10-31,7979,松風,プライム（内国株式）,精密機器,2268,2290,2246,2274,18,0.797872,71600,OK
2024-10-31,7980,重松製作所,スタンダード（内国株式）,その他製品,815,817,803,809,-1,-0.123457,6700,OK
2024-10-31,7981,タカラスタンダード,プライム（内国株式）,その他製品,1648,1678,1642,1668,11,0.66385,108400,OK
2024-10-31,7983,ミロク,スタンダード（内国株式）,その他製品,1299,1299,1290,1290,-2,-0.154799,1300,OK
2024-10-31,7984,コクヨ,プライム（内国株式）,その他製品,2482,2492,2454.5,2465.5,-24.5,-0.983936,360900,OK
2024-10-31,7985,ネポン,スタンダード（内国株式）,金属製品,1569,1590,1569,1579,1,0.063371,500,OK
2024-10-31,7986,日本アイ・エス・ケイ,スタンダード（内国株式）,その他製品,1481,1481,1460,1460,0,0,200,OK
2024-10-31,7987,ナカバヤシ,スタンダード（内国株式）,その他製品,512,519,512,518,12,2.371542,29800,OK
2024-10-31,7988,ニフコ,プライム（内国株式）,化学,3449,3636,3421,3592,142,4.115942,689600,OK
2024-10-31,7989,立川ブラインド工業,プライム（内国株式）,金属製品,1300,1328,1300,1320,28,2.167183,27200,OK
2024-10-31,7990,グローブライド,プライム（内国株式）,その他製品,1973,2048,1965,1990,110,5.851064,221700,OK
2024-10-31,7991,マミヤ・オーピー,スタンダード（内国株式）,機械,1363,1363,1339,1363,5,0.368189,29200,OK
2024-10-31,7992,セーラー万年筆,スタンダード（内国株式）,その他製品,105,107,105,106,0,0,10800,OK
2024-10-31,7994,オカムラ,プライム（内国株式）,その他製品,1926,1937,1911,1929,16,0.836383,128000,OK
2024-10-31,7995,バルカー,プライム（内国株式）,化学,3290,3330,3270,3305,25,0.762195,42300,OK
2024-10-31,7997,くろがね工作所,スタンダード（内国株式）,その他製品,788,788,773,780,-10,-1.265823,6000,OK
2024-10-31,7999,ＭＵＴＯＨホールディングス,スタンダード（内国株式）,電気機器,2289,2350,2283,2329,41,1.791958,6800,OK
2024-10-31,8001,伊藤忠商事,プライム（内国株式）,卸売業,7713,7725,7600,7653,-74,-0.957681,3475000,OK
2024-10-31,8002,丸紅,プライム（内国株式）,卸売業,2360,2369,2316.5,2323,-42,-1.775899,6724900,OK
2024-10-31,8005,スクロール,プライム（内国株式）,小売業,953,962,952,957,-1,-0.104384,83000,OK
2024-10-31,8006,ユアサ・フナショク,スタンダード（内国株式）,卸売業,3730,3760,3695,3725,-35,-0.930851,500,OK
2024-10-31,8007,高島,プライム（内国株式）,卸売業,1206,1218,1201,1214,15,1.251043,74700,OK
2024-10-31,8008,ヨンドシーホールディングス,プライム（内国株式）,小売業,1845,1851,1839,1845,6,0.326264,15100,OK
2024-10-31,8011,三陽商会,プライム（内国株式）,繊維製品,2666,2681,2600,2601,-58,-2.181271,103300,OK
2024-10-31,8012,長瀬産業,プライム（内国株式）,卸売業,3170,3198,3146,3190,40,1.269841,229500,OK
2024-10-31,8013,ナイガイ,スタンダード（内国株式）,繊維製品,222,227,222,227,6,2.714932,20500,OK
2024-10-31,8014,蝶理,プライム（内国株式）,卸売業,4010,4150,4005,4125,125,3.125,67200,OK
2024-10-31,8015,豊田通商,プライム（内国株式）,卸売業,2711,2715.5,2628.5,2643,-55,-2.038547,2714100,OK
2024-10-31,8016,オンワードホールディングス,プライム（内国株式）,繊維製品,523,524,518,523,2,0.383877,446200,OK
2024-10-31,8018,三共生興,スタンダード（内国株式）,卸売業,584,600,582,594,10,1.712329,64700,OK
2024-10-31,8020,兼松,プライム（内国株式）,卸売業,2342.5,2345.5,2314.5,2344.5,15.5,0.665522,521800,OK
2024-10-31,8022,美津濃,プライム（内国株式）,その他製品,7950,8230,7900,8180,270,3.413401,140200,OK
2024-10-31,8023,大興電子通信,スタンダード（内国株式）,情報･通信業,748,754,740,746,0,0,6200,OK
2024-10-31,8025,ツカモトコーポレーション,スタンダード（内国株式）,卸売業,1051,1067,1051,1067,17,1.619048,5200,OK
2024-10-31,8029,ルックホールディングス,スタンダード（内国株式）,繊維製品,2524,2535,2512,2525,12,0.477517,7700,OK
2024-10-31,8030,中央魚類,スタンダード（内国株式）,卸売業,3175,3260,3165,3165,5,0.158228,7400,OK
2024-10-31,8031,三井物産,プライム（内国株式）,卸売業,3217,3217,3153,3162,-32,-1.001879,6640500,OK
2024-10-31,8032,日本紙パルプ商事,プライム（内国株式）,卸売業,665,673,661,672,11,1.664145,114100,OK
2024-10-31,8035,東京エレクトロン,プライム（内国株式）,電気機器,23610,23965,23400,23400,-610,-2.540608,4154300,OK
2024-10-31,8037,カメイ,プライム（内国株式）,卸売業,1948,2024,1943,1980,52,2.697095,30800,OK
2024-10-31,8038,東都水産,スタンダード（内国株式）,卸売業,5500,5550,5500,5530,30,0.545455,1400,OK
2024-10-31,8039,築地魚市場,スタンダード（内国株式）,卸売業,3235,3285,3205,3250,-15,-0.459418,2100,OK
2024-10-31,8040,東京ソワール,スタンダード（内国株式）,繊維製品,754,756,750,756,3,0.398406,600,OK
2024-10-31,8041,ＯＵＧホールディングス,スタンダード（内国株式）,卸売業,2512,2512,2475,2495,7,0.28135,3600,OK
2024-10-31,8043,スターゼン,プライム（内国株式）,卸売業,2933,2994,2933,2973,40,1.363791,15500,OK
2024-10-31,8045,横浜丸魚,スタンダード（内国株式）,卸売業,934,940,934,940,0,0,1900,OK
2024-10-31,8046,丸藤シートパイル,スタンダード（内国株式）,卸売業,2735,2760,2705,2719,-16,-0.585009,10100,OK
2024-10-31,8050,セイコーグループ,プライム（内国株式）,精密機器,3860,3925,3820,3905,35,0.904393,133500,OK
2024-10-31,8051,山善,プライム（内国株式）,卸売業,1334,1343,1324,1330,1,0.075245,184400,OK
2024-10-31,8052,椿本興業,プライム（内国株式）,卸売業,1867,1900,1862,1894,22,1.175214,18700,OK
2024-10-31,8053,住友商事,プライム（内国株式）,卸売業,3330,3347,3177,3245,-83,-2.49399,7166300,OK
2024-10-31,8056,ＢＩＰＲＯＧＹ,プライム（内国株式）,情報･通信業,4818,4862,4781,4848,76,1.592624,387200,OK
2024-10-31,8057,内田洋行,プライム（内国株式）,卸売業,6480,6590,6450,6570,50,0.766871,19100,OK
2024-10-31,8058,三菱商事,プライム（内国株式）,卸売業,2864,2867,2822,2835.5,-12,-0.421422,9484300,OK
2024-10-31,8059,第一実業,プライム（内国株式）,卸売業,2450,2450,2402,2416,6,0.248963,27300,OK
2024-10-31,8060,キヤノンマーケティングジャパン,プライム（内国株式）,卸売業,4607,4646,4551,4614,77,1.697157,170700,OK
2024-10-31,8061,西華産業,プライム（内国株式）,卸売業,3915,3950,3855,3895,-5,-0.128205,48800,OK
2024-10-31,8065,佐藤商事,プライム（内国株式）,卸売業,1372,1396,1369,1374,2,0.145773,30000,OK
2024-10-31,8066,三谷商事,スタンダード（内国株式）,卸売業,1890,1900,1869,1883,-17,-0.894737,4400,OK
2024-10-31,8070,東京産業,プライム（内国株式）,卸売業,695,697,689,693,1,0.144509,29400,OK
2024-10-31,8072,日本出版貿易,スタンダード（内国株式）,卸売業,,,,,,,,NO_QUOTE
2024-10-31,8074,ユアサ商事,プライム（内国株式）,卸売業,4630,4675,4605,4665,80,1.74482,36200,OK
2024-10-31,8075,神鋼商事,プライム（内国株式）,卸売業,6200,6290,6160,6230,40,0.646204,13800,OK
2024-10-31,8076,カノークス,スタンダード（内国株式）,卸売業,1604,1618,1587,1602,6,0.37594,18600,OK
2024-10-31,8077,トルク,スタンダード（内国株式）,卸売業,214,217,213,216,2,0.934579,30000,OK
2024-10-31,8078,阪和興業,プライム（内国株式）,卸売業,5140,5190,5070,5110,70,1.388889,114800,OK
2024-10-31,8079,正栄食品工業,プライム（内国株式）,卸売業,4425,4440,4400,4415,15,0.340909,62200,OK
2024-10-31,8081,カナデン,プライム（内国株式）,卸売業,1447,1483,1447,1467,24,1.663202,36700,OK
2024-10-31,8084,ＲＹＯＤＥＮ,プライム（内国株式）,卸売業,2456,2480,2430,2444,12,0.493421,30200,OK
2024-10-31,8085,ナラサキ産業,スタンダード（内国株式）,卸売業,2966,2966,2966,2966,0,0,200,OK
2024-10-31,8086,ニプロ,プライム（内国株式）,精密機器,1413,1419,1406,1412.5,-1,-0.070746,450500,OK
2024-10-31,8088,岩谷産業,プライム（内国株式）,卸売業,2017,2035,1996.5,2014,-22.5,-1.104837,503200,OK
2024-10-31,8089,ナイス,スタンダード（内国株式）,卸売業,1540,1641,1539,1634,93,6.035042,21400,OK
2024-10-31,8091,ニチモウ,プライム（内国株式）,卸売業,1850,1869,1847,1864,9,0.485175,22000,OK
2024-10-31,8093,極東貿易,プライム（内国株式）,卸売業,1483,1505,1474,1494,26,1.771117,24900,OK
2024-10-31,8095,アステナホールディングス,プライム（内国株式）,卸売業,513,516,510,511,-1,-0.195312,142200,OK
2024-10-31,8097,三愛オブリ,プライム（内国株式）,卸売業,1875,1888,1856,1877,20,1.077006,96000,OK
2024-10-31,8098,稲畑産業,プライム（内国株式）,卸売業,3250,3270,3230,3260,-30,-0.911854,249100,OK
2024-10-31,8101,ＧＳＩクレオス,プライム（内国株式）,卸売業,2020,2035,2015,2024,2,0.098912,15200,OK
2024-10-31,8103,明和産業,プライム（内国株式）,卸売業,649,652,645,646,-2,-0.308642,76100,OK
2024-10-31,8104,クワザワホールディングス,スタンダード（内国株式）,卸売業,590,604,581,598,7,1.184433,21800,OK
2024-10-31,8105,堀田丸正,スタンダード（内国株式）,卸売業,43,44,43,44,0,0,19200,OK
2024-10-31,8107,キムラタン,スタンダード（内国株式）,繊維製品,19,20,18,19,0,0,1106600,OK
2024-10-31,8111,ゴールドウイン,プライム（内国株式）,繊維製品,7980,8010,7914,7958,-28,-0.350614,73300,OK
2024-10-31,8113,ユニ・チャーム,プライム（内国株式）,化学,4930,4940,4885,4911,-43,-0.867985,1101000,OK
2024-10-31,8114,デサント,プライム（内国株式）,繊維製品,4340,4350,4330,4330,-10,-0.230415,216700,OK
2024-10-31,8115,ムーンバット,スタンダード（内国株式）,卸売業,822,822,811,811,-12,-1.45808,2500,OK
2024-10-31,8117,中央自動車工業,スタンダード（内国株式）,卸売業,4700,4715,4580,4620,-65,-1.387407,33000,OK
2024-10-31,8118,キング,スタンダード（内国株式）,繊維製品,705,740,702,740,40,5.714286,20800,OK
2024-10-31,8119,三栄コーポレーション,スタンダード（内国株式）,卸売業,937,957,916,957,20,2.134472,36800,OK
2024-10-31,8123,川辺,スタンダード（内国株式）,卸売業,1272,1272,1272,1272,-2,-0.156986,300,OK
2024-10-31,8125,ワキタ,プライム（内国株式）,卸売業,1578,1593,1571,1586,19,1.212508,88500,OK
2024-10-31,8127,ヤマトインターナショナル,スタンダード（内国株式）,繊維製品,315,319,314,318,4,1.273885,67100,OK
2024-10-31,8129,東邦ホールディングス,プライム（内国株式）,卸売業,4530,4577,4517,4557,27,0.596026,215300,OK
2024-10-31,8130,サンゲツ,プライム（内国株式）,卸売業,2798,2804,2773,2801,31,1.119134,145900,OK
2024-10-31,8131,ミツウロコグループホールディングス,スタンダード（内国株式）,卸売業,1730,1768,1715,1738,16,0.929152,34100,OK
2024-10-31,8132,シナネンホールディングス,プライム（内国株式）,卸売業,6360,6650,6350,6490,90,1.40625,13200,OK
2024-10-31,8133,伊藤忠エネクス,プライム（内国株式）,卸売業,1607,1624,1562,1605,8,0.500939,284500,OK
2024-10-31,8135,ゼット,スタンダード（内国株式）,卸売業,360,361,355,358,0,0,32500,OK
2024-10-31,8136,サンリオ,プライム（内国株式）,卸売業,4130,4212,4105,4182,56,1.357247,1650900,OK
2024-10-31,8137,サンワテクノス,プライム（内国株式）,卸売業,2115,2177,2115,2171,179,8.985944,297100,OK
2024-10-31,8138,三京化成,スタンダード（内国株式）,卸売業,4000,4030,3995,4030,30,0.75,1200,OK
2024-10-31,8139,ナガホリ,スタンダード（内国株式）,卸売業,1475,1490,1450,1485,-1,-0.067295,25600,OK
2024-10-31,8141,新光商事,プライム（内国株式）,卸売業,951,970,951,967,17,1.789474,46000,OK
2024-10-31,8142,トーホー,プライム（内国株式）,卸売業,2732,2742,2702,2728,-12,-0.437956,27500,OK
2024-10-31,8143,ラピーヌ,スタンダード（内国株式）,繊維製品,223,229,222,229,5,2.232143,9100,OK
2024-10-31,8144,デンキョーグループホールディングス,スタンダード（内国株式）,卸売業,1187,1187,1162,1176,-12,-1.010101,1100,OK
2024-10-31,8147,トミタ,スタンダード（内国株式）,卸売業,1359,1373,1359,1373,15,1.104566,200,OK
2024-10-31,8150,三信電気,プライム（内国株式）,卸売業,2092,2092,2036,2044,-60,-2.851711,35400,OK
2024-10-31,8151,東陽テクニカ,プライム（内国株式）,卸売業,1584,1599,1571,1587,2,0.126183,22800,OK
2024-10-31,8152,ソマール,スタンダード（内国株式）,卸売業,5360,5370,5320,5350,-30,-0.557621,1500,OK
2024-10-31,8153,モスフードサービス,プライム（内国株式）,卸売業,3615,3625,3600,3600,0,0,57800,OK
2024-10-31,8154,加賀電子,プライム（内国株式）,卸売業,2774,2823,2737,2797,23,0.829128,226100,OK
2024-10-31,8155,三益半導体工業,プライム（内国株式）,金属製品,3690,3690,3685,3685,-10,-0.270636,2300,OK
2024-10-31,8157,都築電気,プライム（内国株式）,情報･通信業,2563,2620,2479,2501,-62,-2.41904,47800,OK
2024-10-31,8158,ソーダニッカ,プライム（内国株式）,卸売業,1155,1165,1150,1159,4,0.34632,22200,OK
2024-10-31,8159,立花エレテック,プライム（内国株式）,卸売業,2529,2550,2495,2541,26,1.033797,12200,OK
2024-10-31,8160,木曽路,プライム（内国株式）,小売業,2328,2337,2312,2322,1,0.043085,43000,OK
2024-10-31,8163,ＳＲＳホールディングス,プライム（内国株式）,小売業,1162,1162,1153,1155,-6,-0.516796,81700,OK
2024-10-31,8165,千趣会,スタンダード（内国株式）,小売業,308,312,308,312,4,1.298701,34900,OK
2024-10-31,8166,タカキュー,スタンダード（内国株式）,小売業,134,166,131,133,4,3.100775,2800800,OK
2024-10-31,8167,リテールパートナーズ,プライム（内国株式）,小売業,1308,1318,1303,1312,11,0.845503,50300,OK
2024-10-31,8173,上新電機,プライム（内国株式）,小売業,2575,2589,2562,2573,6,0.233736,36000,OK
2024-10-31,8174,日本瓦斯,プライム（内国株式）,小売業,2125,2134,2085.5,2090,-29,-1.36857,339800,OK
2024-10-31,8179,ロイヤルホールディングス,プライム（内国株式）,小売業,2473,2500,2467,2483,4,0.161355,191900,OK
2024-10-31,8181,東天紅,スタンダード（内国株式）,小売業,839,856,839,854,16,1.909308,2800,OK
2024-10-31,8182,いなげや,プライム（内国株式）,小売業,1131,1154,1124,1153,45,4.061372,188400,OK
2024-10-31,8185,チヨダ,プライム（内国株式）,小売業,1311,1340,1306,1331,32,2.463433,163300,OK
2024-10-31,8194,ライフコーポレーション,プライム（内国株式）,小売業,3325,3340,3300,3325,20,0.605144,98600,OK
2024-10-31,8198,マックスバリュ東海,スタンダード（内国株式）,小売業,3265,3270,3245,3260,0,0,5400,OK
2024-10-31,8200,リンガーハット,プライム（内国株式）,小売業,2271,2279,2256,2270,4,0.176523,82000,OK
2024-10-31,8202,ラオックスホールディングス,スタンダード（内国株式）,小売業,203,205,201,201,-2,-0.985222,141800,OK
2024-10-31,8203,ＭｒＭａｘＨＤ,プライム（内国株式）,小売業,673,676,666,674,0,0,26000,OK
2024-10-31,8207,テンアライド,スタンダード（内国株式）,小売業,272,277,271,274,4,1.481481,72300,OK
2024-10-31,8208,エンチョー,スタンダード（内国株式）,小売業,,,,,,,,NO_QUOTE
2024-10-31,8209,フレンドリー,スタンダード（内国株式）,小売業,406,406,405,405,0,0,300,OK
2024-10-31,8214,ＡＯＫＩホールディングス,プライム（内国株式）,小売業,1185,1197,1181,1191,9,0.761421,67600,OK
2024-10-31,8215,銀座山形屋,スタンダード（内国株式）,小売業,1026,1026,1022,1022,-4,-0.389864,300,OK
2024-10-31,8217,オークワ,プライム（内国株式）,小売業,912,915,902,908,-3,-0.329308,53900,OK
2024-10-31,8218,コメリ,プライム（内国株式）,小売業,3290,3340,3270,3310,40,1.223242,106300,OK
2024-10-31,8219,青山商事,プライム（内国株式）,小売業,1312,1321,1308,1317,3,0.228311,213400,OK
2024-10-31,8225,タカチホ,スタンダード（内国株式）,卸売業,,,,,,,,NO_QUOTE
2024-10-31,8226,理経,スタンダード（内国株式）,卸売業,311,317,311,314,-2,-0.632911,110900,OK
2024-10-31,8227,しまむら,プライム（内国株式）,小売業,7872,7916,7829,7885,94,1.20652,206100,OK
2024-10-31,8230,はせがわ,スタンダード（内国株式）,小売業,293,305,293,305,12,4.095563,30100,OK
2024-10-31,8233,高島屋,プライム（内国株式）,小売業,1220.5,1227,1208,1220.5,2.5,0.205255,1564300,OK
2024-10-31,8237,松屋,プライム（内国株式）,小売業,843,847,838,839,-4,-0.474496,124300,OK
2024-10-31,8242,エイチ・ツー・オー　リテイリング,プライム（内国株式）,小売業,2059,2072.5,2051,2062,3,0.145702,563300,OK
2024-10-31,8244,近鉄百貨店,スタンダード（内国株式）,小売業,2128,2136,2081,2088,-36,-1.694915,45400,OK
2024-10-31,8247,大和,スタンダード（内国株式）,小売業,427,428,426,428,-1,-0.2331,800,OK
2024-10-31,8252,丸井グループ,プライム（内国株式）,小売業,2414,2415,2395.5,2408.5,5,0.20803,406300,OK
2024-10-31,8253,クレディセゾン,プライム（内国株式）,その他金融業,3495,3512,3447,3483,24,0.693842,548100,OK
2024-10-31,8254,さいか屋,スタンダード（内国株式）,小売業,364,373,364,373,5,1.358696,24900,OK
2024-10-31,8255,アクシアル　リテイリング,プライム（内国株式）,小売業,890,896,887,892,5,0.563698,60500,OK
2024-10-31,8260,井筒屋,スタンダード（内国株式）,小売業,411,424,410,421,10,2.43309,29200,OK
2024-10-31,8267,イオン,プライム（内国株式）,小売業,3771,3780,3733,3740,-53,-1.397311,1763900,OK
2024-10-31,8273,イズミ,プライム（内国株式）,小売業,3221,3266,3194,3232,48,1.507538,192100,OK
2024-10-31,8275,フォーバル,スタンダード（内国株式）,卸売業,1393,1429,1388,1425,42,3.036876,12100,OK
2024-10-31,8276,平和堂,プライム（内国株式）,小売業,2190,2213,2188,2207,23,1.053114,59300,OK
2024-10-31,8278,フジ,プライム（内国株式）,小売業,2062,2062,2031,2044,-1,-0.0489,126700,OK
2024-10-31,8279,ヤオコー,プライム（内国株式）,小売業,9220,9320,9220,9265,45,0.488069,29900,OK
2024-10-31,8281,ゼビオホールディングス,プライム（内国株式）,小売業,1163,1166,1155,1157,0,0,80300,OK
2024-10-31,8282,ケーズホールディングス,プライム（内国株式）,小売業,1465,1473.5,1455.5,1459.5,2.5,0.171585,586300,OK
2024-10-31,8283,ＰＡＬＴＡＣ,プライム（内国株式）,卸売業,4139,4139,4079,4134,22,0.535019,123000,OK
2024-10-31,8285,三谷産業,スタンダード（内国株式）,卸売業,314,319,313,316,4,1.282051,32100,OK
2024-10-31,8289,Ｏｌｙｍｐｉｃグループ,スタンダード（内国株式）,小売業,457,462,453,462,9,1.986755,32500,OK
2024-10-31,8291,日産東京販売ホールディングス,スタンダード（内国株式）,小売業,432,437,430,435,8,1.873536,65900,OK
2024-10-31,8304,あおぞら銀行,プライム（内国株式）,銀行業,2650,2657,2618.5,2642.5,8,0.303663,888300,OK
2024-10-31,8306,三菱ＵＦＪフィナンシャル・グループ,プライム（内国株式）,銀行業,1615.5,1638,1612,1628.5,-0.5,-0.030694,42719700,OK
2024-10-31,8308,りそなホールディングス,プライム（内国株式）,銀行業,1021,1032,1014.5,1020,-2,-0.195695,6893100,OK
2024-10-31,8309,三井住友トラストグループ,プライム（内国株式）,銀行業,3366,3401,3347,3378,1,0.029612,2738600,OK
2024-10-31,8316,三井住友フィナンシャルグループ,プライム（内国株式）,銀行業,3260,3285,3245,3273,3,0.091743,13424200,OK
2024-10-31,8331,千葉銀行,プライム（内国株式）,銀行業,1132.5,1138,1123,1130,-1.5,-0.132567,2876400,OK
2024-10-31,8334,群馬銀行,プライム（内国株式）,銀行業,885.8,891,864.5,868.7,-7.7,-0.878594,1277900,OK
2024-10-31,8336,武蔵野銀行,プライム（内国株式）,銀行業,2642,2736,2630,2692,51,1.931087,93800,OK
2024-10-31,8337,千葉興業銀行,プライム（内国株式）,銀行業,1149,1155,1133,1133,-14,-1.220575,113000,OK
2024-10-31,8338,筑波銀行,プライム（内国株式）,銀行業,228,231,225,227,0,0,534800,OK
2024-10-31,8341,七十七銀行,プライム（内国株式）,銀行業,4020,4031,3927,3969,-21,-0.526316,282600,OK
2024-10-31,8343,秋田銀行,プライム（内国株式）,銀行業,2092,2118,2085,2095,-6,-0.285578,29000,OK
2024-10-31,8344,山形銀行,プライム（内国株式）,銀行業,971,984,971,972,-4,-0.409836,37600,OK
2024-10-31,8345,岩手銀行,プライム（内国株式）,銀行業,2314,2333,2299,2307,-5,-0.216263,22700,OK
2024-10-31,8346,東邦銀行,プライム（内国株式）,銀行業,266,267,263,264,-1,-0.377358,735700,OK
2024-10-31,8349,東北銀行,スタンダード（内国株式）,銀行業,1049,1063,1049,1063,15,1.431298,21500,OK
2024-10-31,8354,ふくおかフィナンシャルグループ,プライム（内国株式）,銀行業,3560,3589,3514,3528,-23,-0.647705,486400,OK
2024-10-31,8358,スルガ銀行,プライム（内国株式）,銀行業,1100,1117,1091,1098,10,0.919118,542300,OK
2024-10-31,8359,八十二銀行,プライム（内国株式）,銀行業,853.8,860.9,842.5,846.8,-0.2,-0.023613,1095700,OK
2024-10-31,8360,山梨中央銀行,プライム（内国株式）,銀行業,1635,1657,1632,1643,8,0.489297,36700,OK
2024-10-31,8361,大垣共立銀行,プライム（内国株式）,銀行業,1841,1859,1830,1833,-8,-0.434546,118700,OK
2024-10-31,8362,福井銀行,プライム（内国株式）,銀行業,1786,1807,1784,1790,-8,-0.444939,17900,OK
2024-10-31,8364,清水銀行,プライム（内国株式）,銀行業,1427,1446,1427,1427,0,0,17300,OK
2024-10-31,8365,富山銀行,スタンダード（内国株式）,銀行業,1516,1526,1507,1520,8,0.529101,9800,OK
2024-10-31,8366,滋賀銀行,プライム（内国株式）,銀行業,3335,3345,3295,3310,-5,-0.15083,88700,OK
2024-10-31,8367,南都銀行,プライム（内国株式）,銀行業,3015,3035,3005,3010,5,0.166389,46600,OK
2024-10-31,8368,百五銀行,プライム（内国株式）,銀行業,554,559,549,556,3,0.542495,450500,OK
2024-10-31,8370,紀陽銀行,プライム（内国株式）,銀行業,1820,1830,1783,1803,-8,-0.441745,93800,OK
2024-10-31,8377,ほくほくフィナンシャルグループ,プライム（内国株式）,銀行業,1635,1655,1611,1615.5,-14,-0.859159,259200,OK
2024-10-31,8381,山陰合同銀行,プライム（内国株式）,銀行業,1243,1246,1231,1240,-4,-0.321543,349000,OK
2024-10-31,8383,鳥取銀行,スタンダード（内国株式）,銀行業,1219,1231,1217,1226,6,0.491803,26400,OK
2024-10-31,8386,百十四銀行,プライム（内国株式）,銀行業,2548,2573,2547,2557,9,0.353218,40500,OK
2024-10-31,8387,四国銀行,プライム（内国株式）,銀行業,941,948,937,941,-1,-0.106157,113600,OK
2024-10-31,8388,阿波銀行,プライム（内国株式）,銀行業,2442,2461,2426,2456,16,0.655738,41700,OK
2024-10-31,8392,大分銀行,プライム（内国株式）,銀行業,3105,3150,3105,3130,25,0.805153,14800,OK
2024-10-31,8393,宮崎銀行,プライム（内国株式）,銀行業,2676,2702,2657,2670,-6,-0.224215,46200,OK
2024-10-31,8395,佐賀銀行,プライム（内国株式）,銀行業,2083,2104,2069,2074,-7,-0.336377,26300,OK
2024-10-31,8399,琉球銀行,プライム（内国株式）,銀行業,1005,1012,999,1003,1,0.0998,101200,OK
2024-10-31,8410,セブン銀行,プライム（内国株式）,銀行業,324.5,325.9,321.2,322.6,-0.8,-0.247372,4543900,OK
2024-10-31,8411,みずほフィナンシャルグループ,プライム（内国株式）,銀行業,3212,3243,3196,3212,-11,-0.341297,11142900,OK
2024-10-31,8416,高知銀行,スタンダード（内国株式）,銀行業,732,751,729,750,19,2.599179,30600,OK
2024-10-31,8418,山口フィナンシャルグループ,プライム（内国株式）,銀行業,1524,1534.5,1507,1513,-5,-0.329381,632200,OK
2024-10-31,8424,芙蓉総合リース,プライム（内国株式）,その他金融業,10915,10925,10830,10865,-15,-0.137868,40800,OK
2024-10-31,8425,みずほリース,プライム（内国株式）,その他金融業,1009,1014,1003,1006,1,0.099502,463600,OK
2024-10-31,8439,東京センチュリー,プライム（内国株式）,その他金融業,1568,1577,1547,1564.5,-6,-0.382044,391500,OK
2024-10-31,8473,ＳＢＩホールディングス,プライム（内国株式）,証券･商品先物取引業,3397,3415,3375,3399,-4,-0.117543,1183400,OK
2024-10-31,8508,Ｊトラスト,スタンダード（内国株式）,その他金融業,461,461,449,454,-2,-0.438596,180200,OK
2024-10-31,8511,日本証券金融,プライム（内国株式）,その他金融業,2000,2034,1998,2016,31,1.561713,140900,OK
2024-10-31,8515,アイフル,プライム（内国株式）,その他金融業,322,326,320,324,4,1.25,1825200,OK
2024-10-31,8518,日本アジア投資,スタンダード（内国株式）,証券･商品先物取引業,211,214,209,213,3,1.428571,58900,OK
2024-10-31,8522,名古屋銀行,プライム（内国株式）,銀行業,6030,6090,6000,6050,20,0.331675,33400,OK
2024-10-31,8524,北洋銀行,プライム（内国株式）,銀行業,403,410,400,402,1,0.249377,1397100,OK
2024-10-31,8537,大光銀行,スタンダード（内国株式）,銀行業,1336,1365,1333,1360,25,1.872659,33100,OK
2024-10-31,8541,愛媛銀行,プライム（内国株式）,銀行業,1039,1053,1034,1041,6,0.57971,78900,OK
2024-10-31,8542,トマト銀行,スタンダード（内国株式）,銀行業,1098,1119,1092,1106,14,1.282051,51600,OK
2024-10-31,8544,京葉銀行,プライム（内国株式）,銀行業,691,695,687,691,2,0.290276,201600,OK
2024-10-31,8550,栃木銀行,プライム（内国株式）,銀行業,262,265,260,261,-3,-1.136364,446100,OK
2024-10-31,8551,北日本銀行,プライム（内国株式）,銀行業,2597,2620,2523,2525,42,1.691502,34800,OK
2024-10-31,8558,東和銀行,プライム（内国株式）,銀行業,581,583,576,580,1,0.172712,62100,OK
2024-10-31,8562,福島銀行,スタンダード（内国株式）,銀行業,232,234,230,231,0,0,79400,OK
2024-10-31,8563,大東銀行,スタンダード（内国株式）,銀行業,697,705,696,698,1,0.143472,61900,OK
2024-10-31,8566,リコーリース,プライム（内国株式）,その他金融業,4950,4965,4925,4940,20,0.406504,28000,OK
2024-10-31,8570,イオンフィナンシャルサービス,プライム（内国株式）,その他金融業,1235,1239,1232,1239,12.5,1.01916,495700,OK
2024-10-31,8572,アコム,スタンダード（内国株式）,その他金融業,363.8,363.9,358.2,361.6,-1.5,-0.413109,1268200,OK
2024-10-31,8584,ジャックス,プライム（内国株式）,その他金融業,3845,3870,3825,3840,10,0.261097,74800,OK
2024-10-31,8585,オリエントコーポレーション,プライム（内国株式）,その他金融業,907,915,905,911,1,0.10989,461400,OK
2024-10-31,8591,オリックス,プライム（内国株式）,その他金融業,3265,3286,3253,3270,-1,-0.030572,2868300,OK
2024-10-31,8593,三菱ＨＣキャピタル,プライム（内国株式）,その他金融業,1027,1031.5,1021,1030.5,3.5,0.340798,3750400,OK
2024-10-31,8595,ジャフコ　グループ,プライム（内国株式）,証券･商品先物取引業,2070,2085,2056.5,2063,13,0.634146,255900,OK
2024-10-31,8596,九州リースサービス,スタンダード（内国株式）,その他金融業,980,994,980,990,4,0.40568,28800,OK
2024-10-31,8600,トモニホールディングス,プライム（内国株式）,銀行業,398,400,396,398,0,0,686500,OK
2024-10-31,8601,大和証券グループ本社,プライム（内国株式）,証券･商品先物取引業,1009.5,1032,1009.5,1017,10.5,1.043219,7622000,OK
2024-10-31,8604,野村ホールディングス,プライム（内国株式）,証券･商品先物取引業,794,804.8,790.1,799.2,-1.7,-0.212261,15673800,OK
2024-10-31,8609,岡三証券グループ,プライム（内国株式）,証券･商品先物取引業,616,628,612,614,8,1.320132,475700,OK
2024-10-31,8613,丸三証券,プライム（内国株式）,証券･商品先物取引業,925,943,924,937,11,1.187905,303800,OK
2024-10-31,8614,東洋証券,プライム（内国株式）,証券･商品先物取引業,631,631,485,518,-13,-2.448211,10200000,OK
2024-10-31,8616,東海東京フィナンシャル・ホールディングス,プライム（内国株式）,証券･商品先物取引業,484,488,469,473,-12,-2.474227,1378600,OK
2024-10-31,8617,光世証券,スタンダード（内国株式）,証券･商品先物取引業,399,418,398,411,13,3.266332,25400,OK
2024-10-31,8622,水戸証券,プライム（内国株式）,証券･商品先物取引業,465,486,465,478,14,3.017241,399400,OK
2024-10-31,8624,いちよし証券,プライム（内国株式）,証券･商品先物取引業,754,789,753,773,84,12.191582,1078200,OK
2024-10-31,8628,松井証券,プライム（内国株式）,証券･商品先物取引業,817,825,816,825,7,0.855746,950800,OK
2024-10-31,8630,ＳＯＭＰＯホールディングス,プライム（内国株式）,保険業,3300,3324,3284,3324,45,1.37237,3143500,OK
2024-10-31,8697,日本取引所グループ,プライム（内国株式）,その他金融業,1811,1823,1797,1815,-23,-1.25136,3086900,OK
2024-10-31,8698,マネックスグループ,プライム（内国株式）,証券･商品先物取引業,720,733,718,730,10,1.388889,2913500,OK
2024-10-31,8699,ＨＳホールディングス,スタンダード（内国株式）,証券･商品先物取引業,920,928,910,926,2,0.21645,54500,OK
2024-10-31,8700,丸八証券,スタンダード（内国株式）,証券･商品先物取引業,1415,1423,1411,1420,5,0.353357,1600,OK
2024-10-31,8704,トレイダーズホールディングス,スタンダード（内国株式）,証券･商品先物取引業,810,816,797,815,9,1.116625,309300,OK
2024-10-31,8705,日産証券グループ,スタンダード（内国株式）,証券･商品先物取引業,188,190,187,190,3,1.604278,56400,OK
2024-10-31,8706,極東証券,プライム（内国株式）,証券･商品先物取引業,1294,1311,1275,1283,-18,-1.383551,214200,OK
2024-10-31,8707,岩井コスモホールディングス,プライム（内国株式）,証券･商品先物取引業,2058,2097,2052,2095,43,2.095517,104400,OK
2024-10-31,8708,アイザワ証券グループ,プライム（内国株式）,証券･商品先物取引業,1642,1675,1635,1654,4,0.242424,69900,OK
2024-10-31,8713,フィデアホールディングス,プライム（内国株式）,銀行業,1413,1430,1413,1418,-7,-0.491228,26400,OK
2024-10-31,8714,池田泉州ホールディングス,プライム（内国株式）,銀行業,345,347,341,342,-3,-0.869565,1018700,OK
2024-10-31,8715,アニコム　ホールディングス,プライム（内国株式）,保険業,673,679,669,676,5,0.745156,177200,OK
2024-10-31,8725,ＭＳ＆ＡＤインシュアランスグループホールディングス,プライム（内国株式）,保険業,3487,3500,3405,3439,-27,-0.778996,4427800,OK
2024-10-31,8732,マネーパートナーズグループ,スタンダード（内国株式）,証券･商品先物取引業,208,214,205,214,9,4.390244,71800,OK
2024-10-31,8737,あかつき本社,スタンダード（内国株式）,証券･商品先物取引業,423,426,421,425,2,0.472813,35000,OK
2024-10-31,8739,スパークス・グループ,プライム（内国株式）,証券･商品先物取引業,1400,1415,1373,1390,1,0.071994,62200,OK
2024-10-31,8742,小林洋行,スタンダード（内国株式）,証券･商品先物取引業,256,256,248,250,-2,-0.793651,75100,OK
2024-10-31,8746,ＵＮＢＡＮＫＥＤ,スタンダード（内国株式）,証券･商品先物取引業,423,474,413,422,1,0.23753,1776000,OK
2024-10-31,8747,豊トラスティ証券,スタンダード（内国株式）,証券･商品先物取引業,1656,1669,1635,1669,34,2.079511,1700,OK
2024-10-31,8750,第一生命ホールディングス,プライム（内国株式）,保険業,3885,3904,3841,3864,4,0.103627,2311000,OK
2024-10-31,8766,東京海上ホールディングス,プライム（内国株式）,保険業,5613,5642,5512,5568,-3,-0.05385,4072100,OK
2024-10-31,8769,アドバンテッジリスクマネジメント,スタンダード（内国株式）,サービス業,548,573,548,569,21,3.832117,48600,OK
2024-10-31,8771,イー・ギャランティ,プライム（内国株式）,その他金融業,1529,1545,1520,1521,-1,-0.065703,139100,OK
2024-10-31,8772,アサックス,スタンダード（内国株式）,その他金融業,694,735,682,735,51,7.45614,35200,OK
2024-10-31,8783,ＧＦＡ,スタンダード（内国株式）,その他金融業,259,261,257,258,-1,-0.3861,12900,OK
2024-10-31,8789,フィンテック　グローバル,スタンダード（内国株式）,その他金融業,80,80,79,79,-1,-1.25,891500,OK
2024-10-31,8793,ＮＥＣキャピタルソリューション,プライム（内国株式）,その他金融業,3780,3780,3725,3740,-30,-0.795756,21300,OK
2024-10-31,8795,Ｔ＆Ｄホールディングス,プライム（内国株式）,保険業,2507.5,2510,2447.5,2468.5,-17,-0.683967,1933000,OK
2024-10-31,8798,アドバンスクリエイト,プライム（内国株式）,保険業,776,786,771,782,8,1.033592,30400,OK
2024-10-31,8801,三井不動産,プライム（内国株式）,不動産業,1315,1335.5,1315,1326,-3,-0.225734,10595000,OK
2024-10-31,8802,三菱地所,プライム（内国株式）,不動産業,2303,2310,2278.5,2288.5,-17,-0.737367,4294600,OK
2024-10-31,8803,平和不動産,プライム（内国株式）,不動産業,4200,4300,4155,4215,10,0.237812,245100,OK
2024-10-31,8804,東京建物,プライム（内国株式）,不動産業,2514,2534.5,2491,2521.5,4.5,0.178784,1229400,OK
2024-10-31,8818,京阪神ビルディング,プライム（内国株式）,不動産業,1577,1577,1485,1499,-55,-3.539254,142700,OK
2024-10-31,8830,住友不動産,プライム（内国株式）,不動産業,4586,4627,4541,4600,-22,-0.475984,1289300,OK
2024-10-31,8835,太平洋興発,スタンダード（内国株式）,卸売業,726,728,720,728,15,2.103787,28400,OK
2024-10-31,8836,ＲＩＳＥ,スタンダード（内国株式）,不動産業,25,25,24,24,-1,-4,163100,OK
2024-10-31,8841,テーオーシー,スタンダード（内国株式）,不動産業,611,616,607,611,0,0,68100,OK
2024-10-31,8844,コスモスイニシア,スタンダード（内国株式）,不動産業,745,751,743,746,1,0.134228,8900,OK
2024-10-31,8848,レオパレス２１,プライム（内国株式）,不動産業,548,561,548,557,6,1.088929,1382900,OK
2024-10-31,8850,スターツコーポレーション,プライム（内国株式）,不動産業,3535,3565,3505,3540,0,0,71000,OK
2024-10-31,8860,フジ住宅,プライム（内国株式）,不動産業,705,705,696,701,0,0,37700,OK
2024-10-31,8864,空港施設,プライム（内国株式）,不動産業,580,583,576,582,3,0.518135,57000,OK
2024-10-31,8869,明和地所,スタンダード（内国株式）,不動産業,979,989,975,981,2,0.20429,39700,OK
2024-10-31,8871,ゴールドクレスト,スタンダード（内国株式）,不動産業,3010,3040,2951,2993,-7,-0.233333,75000,OK
2024-10-31,8876,リログループ,プライム（内国株式）,サービス業,1868.5,1878.5,1855.5,1875.5,8,0.42838,391900,OK
2024-10-31,8877,エスリード,プライム（内国株式）,不動産業,4580,4580,4470,4565,35,0.772627,41800,OK
2024-10-31,8881,日神グループホールディングス,プライム（内国株式）,不動産業,501,505,499,500,1,0.200401,43100,OK
2024-10-31,8886,ウッドフレンズ,スタンダード（内国株式）,不動産業,1121,1138,1121,1138,19,1.697945,400,OK
2024-10-31,8887,クミカ,スタンダード（内国株式）,不動産業,362,370,362,367,5,1.381215,45500,OK
2024-10-31,8890,レーサム,スタンダード（内国株式）,不動産業,5900,5900,5890,5890,-10,-0.169492,18500,OK
2024-10-31,8891,ＡＭＧホールディングス,スタンダード（内国株式）,不動産業,1651,1680,1651,1661,-4,-0.24024,1400,OK
2024-10-31,8892,日本エスコン,プライム（内国株式）,不動産業,977,996,975,989,13,1.331967,313600,OK
2024-10-31,8894,ＲＥＶＯＬＵＴＩＯＮ,スタンダード（内国株式）,不動産業,500,515,465,472,-22,-4.453441,3420500,OK
2024-10-31,8897,ＭＩＲＡＲＴＨホールディングス,プライム（内国株式）,不動産業,494,497,493,494,0,0,573700,OK
2024-10-31,8898,センチュリー２１・ジャパン,スタンダード（内国株式）,不動産業,1100,1121,1099,1117,17,1.545455,7300,OK
2024-10-31,8904,ＡＶＡＮＴＩＡ,スタンダード（内国株式）,不動産業,759,766,759,766,8,1.055409,36000,OK
2024-10-31,8905,イオンモール,プライム（内国株式）,不動産業,2016,2025,2003.5,2024.5,-0.5,-0.024691,568000,OK
2024-10-31,8908,毎日コムネット,スタンダード（内国株式）,不動産業,718,739,715,737,25,3.511236,18900,OK
2024-10-31,8912,エリアクエスト,スタンダード（内国株式）,不動産業,141,141,140,140,-1,-0.70922,1900,OK
2024-10-31,8914,エリアリンク,スタンダード（内国株式）,不動産業,1789,1836,1789,1831,54,3.038829,76800,OK
2024-10-31,8917,ファースト住建,スタンダード（内国株式）,不動産業,1034,1060,1018,1036,-26,-2.448211,161900,OK
2024-10-31,8918,ランド,スタンダード（内国株式）,不動産業,8,8,7,7,-1,-12.5,109964600,OK
2024-10-31,8919,カチタス,プライム（内国株式）,不動産業,1950,1956,1929,1949,9,0.463918,127300,OK
2024-10-31,8920,東祥,スタンダード（内国株式）,サービス業,686,687,678,682,-3,-0.437956,62700,OK
2024-10-31,8921,シーズクリエイト,TOKYO PRO MARKET（内国株式）,不動産業,,,,,,,,NO_QUOTE
2024-10-31,8923,トーセイ,プライム（内国株式）,不動産業,2398,2427,2398,2401,3,0.125104,155000,OK
2024-10-31,8927,明豊エンタープライズ,スタンダード（内国株式）,不動産業,286,289,284,288,4,1.408451,96800,OK
2024-10-31,8928,穴吹興産,スタンダード（内国株式）,不動産業,1980,2015,1959,2003,9,0.451354,8500,OK
2024-10-31,8929,青山財産ネットワークス,スタンダード（内国株式）,不動産業,1332,1348,1324,1340,9,0.676183,47500,OK
2024-10-31,8931,和田興産,スタンダード（内国株式）,不動産業,1354,1369,1340,1352,-9,-0.661278,7800,OK
2024-10-31,8934,サンフロンティア不動産,プライム（内国株式）,不動産業,1826,1839,1817,1833,6,0.328407,75100,OK
2024-10-31,8935,ＦＪネクストホールディングス,プライム（内国株式）,不動産業,1131,1143,1125,1135,8,0.709849,16200,OK
2024-10-31,8938,グローム・ホールディングス,グロース（内国株式）,不動産業,716,743,704,720,-3,-0.414938,17000,OK
2024-10-31,8940,インテリックス,スタンダード（内国株式）,不動産業,735,755,726,752,17,2.312925,37900,OK
2024-10-31,8944,ランドビジネス,スタンダード（内国株式）,不動産業,184,191,184,191,8,4.371585,17600,OK
2024-10-31,8945,サンネクスタグループ,スタンダード（内国株式）,不動産業,990,1003,962,1003,18,1.827411,15200,OK
2024-10-31,8946,ＡＳＩＡＮ　ＳＴＡＲ,スタンダード（内国株式）,不動産業,72,72,71,72,2,2.857143,47800,OK
2024-10-31,8995,誠建設工業,スタンダード（内国株式）,不動産業,628,628,621,622,-6,-0.955414,500,OK
2024-10-31,8996,ハウスフリーダム,スタンダード（内国株式）,不動産業,810,813,810,813,3,0.37037,800,OK
2024-10-31,8999,グランディハウス,プライム（内国株式）,不動産業,555,560,551,556,1,0.18018,27000,OK
2024-10-31,9001,東武鉄道,プライム（内国株式）,陸運業,2473,2482.5,2452.5,2476.5,19,0.773143,496700,OK
2024-10-31,9003,相鉄ホールディングス,プライム（内国株式）,陸運業,2320,2422,2311,2397.5,88,3.810349,605200,OK
2024-10-31,9005,東急,プライム（内国株式）,陸運業,1879,1897,1871.5,1887,14.5,0.774366,1218900,OK
2024-10-31,9006,京浜急行電鉄,プライム（内国株式）,陸運業,1190,1195.5,1184,1194.5,4,0.335993,783400,OK
2024-10-31,9007,小田急電鉄,プライム（内国株式）,陸運業,1602,1613.5,1590,1604.5,4,0.249922,646600,OK
2024-10-31,9008,京王電鉄,プライム（内国株式）,陸運業,3430,3433,3396,3420,5,0.146413,245300,OK
2024-10-31,9009,京成電鉄,プライム（内国株式）,陸運業,3930,4028,3896,3992,72,1.836735,1329500,OK
2024-10-31,9010,富士急行,プライム（内国株式）,陸運業,2553,2577,2534,2577,8,0.311405,76400,OK
2024-10-31,9012,秩父鉄道,スタンダード（内国株式）,陸運業,,,,,,,,NO_QUOTE
2024-10-31,9017,新潟交通,スタンダード（内国株式）,陸運業,2075,2075,2075,2075,9,0.435624,100,OK
2024-10-31,9020,東日本旅客鉄道,プライム（内国株式）,陸運業,3065,3083,3051,3070,5,0.163132,2907400,OK
2024-10-31,9021,西日本旅客鉄道,プライム（内国株式）,陸運業,2692.5,2712,2683,2712,30,1.118568,1816600,OK
2024-10-31,9022,東海旅客鉄道,プライム（内国株式）,陸運業,3159,3202,3159,3188,38,1.206349,2829200,OK
2024-10-31,9023,東京地下鉄,プライム（内国株式）,陸運業,1676,1686,1658,1661,-11,-0.657895,5523600,OK
2024-10-31,9024,西武ホールディングス,プライム（内国株式）,陸運業,3338,3421,3321,3421,83,2.486519,822600,OK
2024-10-31,9025,鴻池運輸,プライム（内国株式）,陸運業,2505,2532,2478,2511,5,0.199521,58700,OK
2024-10-31,9028,ゼロ,スタンダード（内国株式）,陸運業,2415,2425,2351,2370,-26,-1.085142,15800,OK
2024-10-31,9029,ヒガシトゥエンティワン,スタンダード（内国株式）,陸運業,1056,1063,1034,1052,-9,-0.848256,10500,OK
2024-10-31,9031,西日本鉄道,プライム（内国株式）,陸運業,2200.5,2214,2181,2205.5,26.5,1.216154,144000,OK
2024-10-31,9033,広島電鉄,スタンダード（内国株式）,陸運業,677,681,674,679,0,0,20600,OK
2024-10-31,9034,南総通運,スタンダード（内国株式）,陸運業,990,1004,990,1004,14,1.414141,3600,OK
2024-10-31,9036,東部ネットワーク,スタンダード（内国株式）,陸運業,834,841,834,841,7,0.839329,2200,OK
2024-10-31,9037,ハマキョウレックス,プライム（内国株式）,陸運業,1235,1258,1223,1248,18,1.463415,125400,OK
2024-10-31,9039,サカイ引越センター,プライム（内国株式）,陸運業,2460,2529,2443,2479,47,1.932566,71100,OK
2024-10-31,9041,近鉄グループホールディングス,プライム（内国株式）,陸運業,3551,3554,3527,3554,10,0.282167,462000,OK
2024-10-31,9042,阪急阪神ホールディングス,プライム（内国株式）,陸運業,4150,4168,4122,4158,35,0.848896,552200,OK
2024-10-31,9044,南海電気鉄道,プライム（内国株式）,陸運業,2340,2411.5,2336.5,2403.5,55.5,2.363714,545500,OK
2024-10-31,9045,京阪ホールディングス,プライム（内国株式）,陸運業,2850,2865,2840,2854.5,22.5,0.794492,127000,OK
2024-10-31,9046,神戸電鉄,プライム（内国株式）,陸運業,2387,2420,2359,2364,-56,-2.31405,29900,OK
2024-10-31,9048,名古屋鉄道,プライム（内国株式）,陸運業,1682.5,1691,1677.5,1691,7,0.415677,493400,OK
2024-10-31,9049,京福電気鉄道,スタンダード（内国株式）,陸運業,,,,,,,,NO_QUOTE
2024-10-31,9051,センコン物流,スタンダード（内国株式）,陸運業,871,871,867,867,-3,-0.344828,900,OK
2024-10-31,9052,山陽電気鉄道,プライム（内国株式）,陸運業,2034,2034,2020,2029,6,0.296589,9800,OK
2024-10-31,9055,アルプス物流,プライム（内国株式）,陸運業,5750,5760,5750,5750,0,0,57500,OK
2024-10-31,9057,遠州トラック,スタンダード（内国株式）,陸運業,2407,2467,2403,2458,53,2.203742,2000,OK
2024-10-31,9058,トランコム,プライム（内国株式）,倉庫･運輸関連業,10330,10350,10320,10320,-10,-0.096805,32600,OK
2024-10-31,9059,カンダホールディングス,スタンダード（内国株式）,陸運業,783,788,783,788,6,0.767263,1700,OK
2024-10-31,9060,日本ロジテム,スタンダード（内国株式）,陸運業,3560,3560,3560,3560,0,0,100,OK
2024-10-31,9063,岡山県貨物運送,スタンダード（内国株式）,陸運業,2999,3000,2999,3000,25,0.840336,1200,OK
2024-10-31,9064,ヤマトホールディングス,プライム（内国株式）,陸運業,1620,1625.5,1609.5,1620.5,3.5,0.21645,883500,OK
2024-10-31,9065,山九,プライム（内国株式）,陸運業,4701,5344,4685,5332,652,13.931624,559300,OK
2024-10-31,9066,日新,プライム（内国株式）,倉庫･運輸関連業,4225,4310,4225,4300,55,1.295642,27700,OK
2024-10-31,9067,丸運,スタンダード（内国株式）,陸運業,440,453,439,448,5,1.128668,85100,OK
2024-10-31,9068,丸全昭和運輸,プライム（内国株式）,陸運業,5850,5940,5840,5910,60,1.025641,29400,OK
2024-10-31,9069,センコーグループホールディングス,プライム（内国株式）,陸運業,1435,1440,1421,1437,19,1.339915,1303400,OK
2024-10-31,9070,トナミホールディングス,プライム（内国株式）,陸運業,5910,5970,5810,5890,0,0,9600,OK
2024-10-31,9072,ニッコンホールディングス,プライム（内国株式）,陸運業,1968.5,1977,1956,1959.5,6,0.307141,430400,OK
2024-10-31,9073,京極運輸商事,スタンダード（内国株式）,陸運業,958,995,939,941,8,0.857449,2900,OK
2024-10-31,9074,日本石油輸送,スタンダード（内国株式）,陸運業,2629,2711,2629,2711,106,4.069098,5100,OK
2024-10-31,9075,福山通運,プライム（内国株式）,陸運業,3850,3925,3840,3890,40,1.038961,107600,OK
2024-10-31,9076,セイノーホールディングス,プライム（内国株式）,陸運業,2448.5,2473,2439.5,2460.5,27.5,1.130292,625400,OK
2024-10-31,9081,神奈川中央交通,プライム（内国株式）,陸運業,3325,3355,3270,3280,-35,-1.055807,17900,OK
2024-10-31,9082,大和自動車交通,スタンダード（内国株式）,陸運業,696,696,683,695,-2,-0.286944,4800,OK
2024-10-31,9083,神姫バス,スタンダード（内国株式）,陸運業,3400,3400,3395,3395,0,0,2500,OK
2024-10-31,9087,タカセ,スタンダード（内国株式）,陸運業,1214,1214,1214,1214,2,0.165017,500,OK
2024-10-31,9090,ＡＺ−ＣＯＭ丸和ホールディングス,プライム（内国株式）,陸運業,1054,1058,1026,1039,5,0.483559,309300,OK
2024-10-31,9101,日本郵船,プライム（内国株式）,海運業,5164,5210,5034,5138,30,0.587314,8999200,OK
2024-10-31,9104,商船三井,プライム（内国株式）,海運業,5125,5360,5005,5223,157,3.099092,22807200,OK
2024-10-31,9107,川崎汽船,プライム（内国株式）,海運業,2120,2161,2095.5,2125.5,41.5,1.991363,16161900,OK
2024-10-31,9110,ＮＳユナイテッド海運,プライム（内国株式）,海運業,4445,4535,4250,4350,-50,-1.136364,162200,OK
2024-10-31,9115,明海グループ,スタンダード（内国株式）,海運業,700,716,699,711,8,1.13798,62600,OK
2024-10-31,9119,飯野海運,プライム（内国株式）,海運業,1216,1230,1120,1127,-80,-6.628003,819300,OK
2024-10-31,9127,玉井商船,スタンダード（内国株式）,海運業,1418,1425,1413,1413,-5,-0.352609,3100,OK
2024-10-31,9130,共栄タンカー,スタンダード（内国株式）,海運業,1075,1108,1065,1101,28,2.609506,22100,OK
2024-10-31,9142,九州旅客鉄道,プライム（内国株式）,陸運業,3990,4024,3980,4013,39,0.981379,506400,OK
2024-10-31,9143,ＳＧホールディングス,プライム（内国株式）,陸運業,1531.5,1536.5,1519.5,1530,-1,-0.065317,963200,OK
2024-10-31,9145,ビーイングホールディングス,スタンダード（内国株式）,陸運業,2470,2585,2462,2551,63,2.532154,2700,OK
2024-10-31,9146,五健堂,TOKYO PRO MARKET（内国株式）,陸運業,,,,,,,,NO_QUOTE
2024-10-31,9147,ＮＩＰＰＯＮ　ＥＸＰＲＥＳＳホールディングス,プライム（内国株式）,陸運業,7530,7577,7474,7533,24,0.319616,298400,OK
2024-10-31,9149,大友ロジスティクスサービス,TOKYO PRO MARKET（内国株式）,陸運業,,,,,,,,NO_QUOTE
2024-10-31,9156,はなホールディングス,TOKYO PRO MARKET（内国株式）,サービス業,,,,,,,,NO_QUOTE
2024-10-31,9158,シーユーシー,グロース（内国株式）,サービス業,1950,2016,1939,1998,31,1.576004,277300,OK
2024-10-31,9159,Ｗ　ＴＯＫＹＯ,グロース（内国株式）,サービス業,1881,1898,1852,1858,-42,-2.210526,2900,OK
2024-10-31,9160,ノバレーゼ,スタンダード（内国株式）,サービス業,335,336,333,336,2,0.598802,14800,OK
2024-10-31,9161,ＩＤ＆Ｅホールディングス,プライム（内国株式）,サービス業,4395,4405,4340,4365,-10,-0.228571,17000,OK
2024-10-31,9162,ブリーチ,グロース（内国株式）,サービス業,248,252,248,251,-2,-0.790514,6900,OK
2024-10-31,9163,ナレルグループ,グロース（内国株式）,サービス業,2321,2349,2308,2336,15,0.646273,74300,OK
2024-10-31,9164,トライト,グロース（内国株式）,サービス業,378,378,373,377,2,0.533333,290100,OK
2024-10-31,9165,クオルテック,グロース（内国株式）,サービス業,1427,1430,1409,1413,-12,-0.842105,2400,OK
2024-10-31,9166,ＧＥＮＤＡ,グロース（内国株式）,サービス業,2612,2730,2588,2704,99,3.800384,1295300,OK
2024-10-31,9167,フトン巻きのジロー,TOKYO PRO MARKET（内国株式）,サービス業,,,,,,,,NO_QUOTE
2024-10-31,9168,ライズ・コンサルティング・グループ,グロース（内国株式）,サービス業,698,701,684,693,15,2.212389,154000,OK
2024-10-31,9169,大伸社,TOKYO PRO MARKET（内国株式）,サービス業,,,,,,,,NO_QUOTE
2024-10-31,9171,栗林商船,スタンダード（内国株式）,海運業,837,837,823,827,-10,-1.194743,2300,OK
2024-10-31,9173,東海汽船,スタンダード（内国株式）,海運業,2660,2661,2660,2660,-11,-0.411831,700,OK
2024-10-31,9193,東京汽船,スタンダード（内国株式）,倉庫･運輸関連業,560,566,551,552,-3,-0.540541,5900,OK
2024-10-31,9201,日本航空,プライム（内国株式）,空運業,2447,2467,2434.5,2455.5,13,0.532242,2253200,OK
2024-10-31,9202,ＡＮＡホールディングス,プライム（内国株式）,空運業,2979,3011,2977,3010,20,0.668896,1897400,OK
2024-10-31,9204,スカイマーク,グロース（内国株式）,空運業,621,627,619,623,2,0.322061,258400,OK
2024-10-31,9206,スターフライヤー,スタンダード（内国株式）,空運業,2565,2610,2564,2608,43,1.676413,2600,OK
2024-10-31,9211,エフ・コード,グロース（内国株式）,サービス業,1090,1110,1077,1106,16,1.46789,47400,OK
2024-10-31,9212,Ｇｒｅｅｎ　Ｅａｒｔｈ　Ｉｎｓｔｉｔｕｔｅ,グロース（内国株式）,サービス業,497,514,495,506,5,0.998004,12800,OK
2024-10-31,9213,セイファート,スタンダード（内国株式）,サービス業,1030,1030,1015,1015,-24,-2.309913,1700,OK
2024-10-31,9214,Ｒｅｃｏｖｅｒｙ　Ｉｎｔｅｒｎａｔｉｏｎａｌ,グロース（内国株式）,サービス業,1322,1340,1315,1340,2,0.149477,2600,OK
2024-10-31,9215,ＣａＳｙ,グロース（内国株式）,サービス業,857,857,851,855,13,1.543943,1500,OK
2024-10-31,9216,ビーウィズ,プライム（内国株式）,サービス業,1550,1576,1540,1574,24,1.548387,115900,OK
2024-10-31,9218,メンタルヘルステクノロジーズ,グロース（内国株式）,サービス業,815,833,806,828,8,0.97561,29800,OK
2024-10-31,9219,ギックス,グロース（内国株式）,サービス業,980,983,966,983,29,3.039832,8700,OK
2024-10-31,9220,エフビー介護サービス,スタンダード（内国株式）,サービス業,939,954,939,950,30,3.26087,2500,OK
2024-10-31,9221,フルハシＥＰＯ,スタンダード（内国株式）,サービス業,978,998,957,988,10,1.022495,3400,OK
2024-10-31,9222,ｍａｎａｂｙ,TOKYO PRO MARKET（内国株式）,サービス業,,,,,,,,NO_QUOTE
2024-10-31,9223,ＡＳＮＯＶＡ,グロース（内国株式）,サービス業,557,557,553,554,-4,-0.716846,2100,OK
2024-10-31,9224,環境のミカタ,TOKYO PRO MARKET（内国株式）,サービス業,,,,,,,,NO_QUOTE
2024-10-31,9225,ブリッジコンサルティンググループ,グロース（内国株式）,サービス業,1378,1378,1370,1370,-4,-0.291121,300,OK
2024-10-31,9226,アイガー,TOKYO PRO MARKET（内国株式）,サービス業,,,,,,,,NO_QUOTE
2024-10-31,9227,マイクロ波化学,グロース（内国株式）,サービス業,715,724,715,723,4,0.556328,51900,OK
2024-10-31,9229,サンウェルズ,プライム（内国株式）,サービス業,1781,1847,1763,1824,36,2.013423,517400,OK
2024-10-31,9232,パスコ,スタンダード（内国株式）,空運業,2130,2131,2130,2130,0,0,15300,OK
2024-10-31,9233,アジア航測,スタンダード（内国株式）,空運業,1076,1097,1067,1088,12,1.115242,6400,OK
2024-10-31,9235,売れるネット広告社,グロース（内国株式）,サービス業,1659,1659,1615,1625,-20,-1.215805,7700,OK
2024-10-31,9236,ジャパンＭ＆Ａソリューション,グロース（内国株式）,サービス業,994,995,976,994,1,0.100705,8400,OK
2024-10-31,9237,笑美面,グロース（内国株式）,サービス業,1710,1714,1659,1683,8,0.477612,7300,OK
2024-10-31,9238,バリュークリエーション,グロース（内国株式）,サービス業,997,1009,994,1004,0,0,2400,OK
2024-10-31,9239,ケーイーティ,TOKYO PRO MARKET（内国株式）,サービス業,,,,,,,,NO_QUOTE
2024-10-31,9240,デリバリーコンサルティング,グロース（内国株式）,サービス業,463,468,462,467,4,0.863931,3900,OK
2024-10-31,9241,フューチャーリンクネットワーク,グロース（内国株式）,サービス業,1417,1417,1416,1416,-12,-0.840336,800,OK
2024-10-31,9242,メディア総研,グロース（内国株式）,サービス業,1196,1196,1196,1196,-19,-1.563786,400,OK
2024-10-31,9243,富士テクノホールディングス,TOKYO PRO MARKET（内国株式）,サービス業,,,,,,,,NO_QUOTE
2024-10-31,9244,デジタリフト,グロース（内国株式）,サービス業,753,759,753,759,2,0.264201,200,OK
2024-10-31,9245,リベロ,グロース（内国株式）,サービス業,1218,1218,1218,1218,30,2.525253,100,OK
2024-10-31,9246,プロジェクトホールディングス,グロース（内国株式）,サービス業,914,930,896,909,-12,-1.302932,6900,OK
2024-10-31,9247,ＴＲＥホールディングス,プライム（内国株式）,サービス業,1821,1821,1790,1802,-6,-0.331858,230100,OK
2024-10-31,9248,人・夢・技術グループ,プライム（内国株式）,サービス業,1640,1650,1630,1650,8,0.487211,7900,OK
2024-10-31,9249,日本エコシステム,スタンダード（内国株式）,サービス業,4155,4155,4120,4130,-30,-0.721154,1600,OK
2024-10-31,9250,ＧＲＣＳ,グロース（内国株式）,サービス業,1424,1424,1424,1424,-11,-0.766551,100,OK
2024-10-31,9251,ＡＢ＆Ｃｏｍｐａｎｙ,グロース（内国株式）,サービス業,901,902,893,898,-5,-0.55371,106400,OK
2024-10-31,9252,ラストワンマイル,グロース（内国株式）,サービス業,2502,2502,2452,2499,-3,-0.119904,6100,OK
2024-10-31,9253,スローガン,グロース（内国株式）,サービス業,615,615,614,615,6,0.985222,500,OK
2024-10-31,9254,ラバブルマーケティンググループ,グロース（内国株式）,サービス業,1505,1505,1505,1505,1,0.066489,100,OK
2024-10-31,9256,サクシード,グロース（内国株式）,サービス業,725,767,723,748,33,4.615385,6100,OK
2024-10-31,9258,ＣＳ−Ｃ,グロース（内国株式）,サービス業,378,378,368,378,0,0,5700,OK
2024-10-31,9259,タカヨシホールディングス,グロース（内国株式）,サービス業,704,704,689,698,4,0.576369,2300,OK
2024-10-31,9260,西本Ｗｉｓｍｅｔｔａｃホールディングス,プライム（内国株式）,卸売業,1322,1331,1320,1330,8,0.605144,46400,OK
2024-10-31,9262,シルバーライフ,スタンダード（内国株式）,小売業,742,742,731,738,2,0.271739,12000,OK
2024-10-31,9264,ポエック,スタンダード（内国株式）,卸売業,1655,1690,1650,1657,-8,-0.48048,29700,OK
2024-10-31,9265,ヤマシタヘルスケアホールディングス,スタンダード（内国株式）,卸売業,2120,2167,2120,2164,44,2.075472,1900,OK
2024-10-31,9267,Ｇｅｎｋｙ　ＤｒｕｇＳｔｏｒｅｓ,プライム（内国株式）,小売業,3115,3120,3090,3110,10,0.322581,44800,OK
2024-10-31,9268,オプティマスグループ,スタンダード（内国株式）,卸売業,524,527,515,521,2,0.385356,391300,OK
2024-10-31,9270,バリュエンスホールディングス,グロース（内国株式）,卸売業,719,730,707,721,-1,-0.138504,48200,OK
2024-10-31,9271,和心,グロース（内国株式）,小売業,519,525,498,514,-3,-0.580271,14000,OK
2024-10-31,9272,ブティックス,グロース（内国株式）,サービス業,1242,1290,1230,1277,25,1.996805,13900,OK
2024-10-31,9273,コーア商事ホールディングス,プライム（内国株式）,卸売業,611,619,611,618,5,0.815661,32400,OK
2024-10-31,9274,ＫＰＰグループホールディングス,プライム（内国株式）,卸売業,664,668,657,660,-4,-0.60241,249300,OK
2024-10-31,9275,ナルミヤ・インターナショナル,スタンダード（内国株式）,小売業,1207,1219,1200,1214,16,1.335559,9700,OK
2024-10-31,9278,ブックオフグループホールディングス,プライム（内国株式）,小売業,1489,1497,1466,1473,-16,-1.074547,96100,OK
2024-10-31,9279,ギフトホールディングス,プライム（内国株式）,小売業,3300,3370,3245,3245,-125,-3.709199,279700,OK
2024-10-31,9301,三菱倉庫,プライム（内国株式）,倉庫･運輸関連業,1044.5,1048.5,1006.5,1030,-26,-2.462121,4181700,OK
2024-10-31,9302,三井倉庫ホールディングス,プライム（内国株式）,倉庫･運輸関連業,7060,7100,6980,7100,60,0.852273,101600,OK
2024-10-31,9303,住友倉庫,プライム（内国株式）,倉庫･運輸関連業,2661,2684,2638,2679,28,1.056205,120700,OK
2024-10-31,9304,澁澤倉庫,プライム（内国株式）,倉庫･運輸関連業,3100,3155,3100,3155,55,1.774194,10900,OK
2024-10-31,9305,ヤマタネ,プライム（内国株式）,卸売業,3255,3320,3255,3295,35,1.07362,16600,OK
2024-10-31,9306,東陽倉庫,スタンダード（内国株式）,倉庫･運輸関連業,1374,1414,1374,1414,40,2.911208,22700,OK
2024-10-31,9307,杉村倉庫,スタンダード（内国株式）,倉庫･運輸関連業,599,625,596,618,42,7.291667,72800,OK
2024-10-31,9308,乾汽船,スタンダード（内国株式）,海運業,1083,1135,1083,1123,50,4.659832,129400,OK
2024-10-31,9310,日本トランスシティ,プライム（内国株式）,倉庫･運輸関連業,913,939,913,927,15,1.644737,74600,OK
2024-10-31,9311,アサガミ,スタンダード（内国株式）,倉庫･運輸関連業,5770,5800,5770,5800,30,0.519931,200,OK
2024-10-31,9312,ケイヒン,スタンダード（内国株式）,倉庫･運輸関連業,1946,1968,1917,1951,16,0.826873,16500,OK
2024-10-31,9313,丸八倉庫,スタンダード（内国株式）,倉庫･運輸関連業,,,,,,,,NO_QUOTE
2024-10-31,9319,中央倉庫,プライム（内国株式）,倉庫･運輸関連業,1644,1644,1612,1620,-14,-0.856793,30500,OK
2024-10-31,9322,川西倉庫,スタンダード（内国株式）,倉庫･運輸関連業,1032,1054,1027,1054,28,2.729045,9900,OK
2024-10-31,9324,安田倉庫,プライム（内国株式）,倉庫･運輸関連業,1629,1649,1614,1646,35,2.172564,14100,OK
2024-10-31,9325,ファイズホールディングス,スタンダード（内国株式）,倉庫･運輸関連業,863,866,839,864,24,2.857143,29900,OK
2024-10-31,9326,関通,グロース（内国株式）,倉庫･運輸関連業,343,345,340,340,-3,-0.874636,17200,OK
2024-10-31,9327,イー・ロジット,スタンダード（内国株式）,倉庫･運輸関連業,271,276,270,275,-2,-0.722022,8000,OK
2024-10-31,9330,揚羽,グロース（内国株式）,サービス業,810,810,797,798,-9,-1.115242,600,OK
2024-10-31,9331,キャスター,グロース（内国株式）,サービス業,1069,1090,1066,1088,-11,-1.00091,700,OK
2024-10-31,9332,ＮＩＳＳＯホールディングス,プライム（内国株式）,サービス業,808,833,808,829,21,2.59901,43900,OK
2024-10-31,9334,アイビスホールディングス,TOKYO PRO MARKET（内国株式）,サービス業,,,,,,,,NO_QUOTE
2024-10-31,9335,テクノクリエイティブ,TOKYO PRO MARKET（内国株式）,サービス業,,,,,,,,NO_QUOTE
2024-10-31,9336,大栄環境,プライム（内国株式）,サービス業,3230,3230,3155,3160,-70,-2.167183,173400,OK
2024-10-31,9337,トリドリ,グロース（内国株式）,サービス業,1480,1497,1461,1488,36,2.479339,9900,OK
2024-10-31,9338,ＩＮＦＯＲＩＣＨ,グロース（内国株式）,サービス業,3925,3950,3855,3925,10,0.255428,45300,OK
2024-10-31,9339,コーチ・エィ,スタンダード（内国株式）,サービス業,1579,1590,1579,1590,14,0.888325,500,OK
2024-10-31,9340,アソインターナショナル,スタンダード（内国株式）,サービス業,1350,1350,1322,1342,-14,-1.032448,5400,OK
2024-10-31,9341,ＧＥＮＯＶＡ,プライム（内国株式）,サービス業,1842,1900,1768,1769,-152,-7.912546,263800,OK
2024-10-31,9342,スマサポ,グロース（内国株式）,サービス業,990,990,975,982,-8,-0.808081,1000,OK
2024-10-31,9343,アイビス,グロース（内国株式）,サービス業,4715,4770,4660,4675,-50,-1.058201,24000,OK
2024-10-31,9344,アクシスコンサルティング,グロース（内国株式）,サービス業,,,,,,,,NO_QUOTE
2024-10-31,9345,ビズメイツ,グロース（内国株式）,サービス業,1723,1723,1710,1710,-40,-2.285714,1700,OK
2024-10-31,9346,ココルポート,グロース（内国株式）,サービス業,1517,1530,1491,1524,-6,-0.392157,12600,OK
2024-10-31,9347,日本管財ホールディングス,プライム（内国株式）,サービス業,2673,2687,2665,2674,10,0.375375,20900,OK
2024-10-31,9348,ｉｓｐａｃｅ,グロース（内国株式）,サービス業,686,700,683,685,2,0.292826,484400,OK
2024-10-31,9351,東洋埠頭,スタンダード（内国株式）,倉庫･運輸関連業,1230,1258,1227,1257,42,3.45679,28800,OK
2024-10-31,9353,櫻島埠頭,スタンダード（内国株式）,倉庫･運輸関連業,1560,1573,1555,1559,0,0,1800,OK
2024-10-31,9355,リンコーコーポレーション,スタンダード（内国株式）,倉庫･運輸関連業,,,,,,,,NO_QUOTE
2024-10-31,9360,鈴与シンワート,スタンダード（内国株式）,情報･通信業,2088,2088,2081,2081,-14,-0.668258,400,OK
2024-10-31,9361,伏木海陸運送,スタンダード（内国株式）,倉庫･運輸関連業,,,,,,,,NO_QUOTE
2024-10-31,9362,兵機海運,スタンダード（内国株式）,倉庫･運輸関連業,3135,3650,3135,3545,410,13.07815,69600,OK
2024-10-31,9363,大運,スタンダード（内国株式）,倉庫･運輸関連業,450,453,443,453,3,0.666667,23300,OK
2024-10-31,9364,上組,プライム（内国株式）,倉庫･運輸関連業,3188,3206,3162,3194,35,1.107946,218700,OK
2024-10-31,9365,トレーディア,スタンダード（内国株式）,倉庫･運輸関連業,1256,1282,1255,1282,27,2.151394,1100,OK
2024-10-31,9366,サンリツ,スタンダード（内国株式）,倉庫･運輸関連業,728,761,726,753,27,3.719008,12900,OK
2024-10-31,9367,大東港運,スタンダード（内国株式）,倉庫･運輸関連業,706,706,705,705,-5,-0.704225,200,OK
2024-10-31,9368,キムラユニティー,スタンダード（内国株式）,倉庫･運輸関連業,1435,1465,1435,1462,27,1.881533,21100,OK
2024-10-31,9369,キユーソー流通システム,スタンダード（内国株式）,倉庫･運輸関連業,1905,1937,1871,1933,65,3.479657,58800,OK
2024-10-31,9376,ユーラシア旅行社,スタンダード（内国株式）,サービス業,492,492,492,492,4,0.819672,100,OK
2024-10-31,9377,エージーピー,スタンダード（内国株式）,倉庫･運輸関連業,981,981,895,926,-54,-5.510204,58100,OK
2024-10-31,9380,東海運,スタンダード（内国株式）,倉庫･運輸関連業,310,319,310,317,-7,-2.160494,164800,OK
2024-10-31,9381,エーアイテイー,プライム（内国株式）,倉庫･運輸関連業,1784,1793,1776,1782,0,0,16200,OK
2024-10-31,9384,内外トランスライン,プライム（内国株式）,倉庫･運輸関連業,2755,2803,2743,2792,65,2.383572,19800,OK
2024-10-31,9385,ショーエイコーポレーション,スタンダード（内国株式）,化学,567,571,565,571,6,1.061947,5800,OK
2024-10-31,9386,日本コンセプト,プライム（内国株式）,倉庫･運輸関連業,1801,1814,1779,1806,27,1.517707,32400,OK
2024-10-31,9388,パパネッツ,TOKYO PRO MARKET（内国株式）,倉庫･運輸関連業,,,,,,,,NO_QUOTE
2024-10-31,9401,ＴＢＳホールディングス,プライム（内国株式）,情報･通信業,3764,3831,3753,3806,27,0.714475,320300,OK
2024-10-31,9404,日本テレビホールディングス,プライム（内国株式）,情報･通信業,2344,2367.5,2334.5,2360.5,18.5,0.789923,255300,OK
2024-10-31,9405,朝日放送グループホールディングス,プライム（内国株式）,情報･通信業,617,622,616,620,4,0.649351,30900,OK
2024-10-31,9408,ＢＳＮメディアホールディングス,スタンダード（内国株式）,情報･通信業,1699,1699,1699,1699,0,0,600,OK
2024-10-31,9409,テレビ朝日ホールディングス,プライム（内国株式）,情報･通信業,2000,2009,1986,2003,9,0.451354,102500,OK
2024-10-31,9412,スカパーＪＳＡＴホールディングス,プライム（内国株式）,情報･通信業,873,895,868,883,10,1.145475,690400,OK
2024-10-31,9413,テレビ東京ホールディングス,プライム（内国株式）,情報･通信業,3400,3450,3360,3435,70,2.080238,80700,OK
2024-10-31,9414,日本ＢＳ放送,スタンダード（内国株式）,情報･通信業,863,874,863,873,11,1.276102,12400,OK
2024-10-31,9416,ビジョン,プライム（内国株式）,情報･通信業,1055,1077,1052,1059,9,0.857143,258600,OK
2024-10-31,9417,スマートバリュー,スタンダード（内国株式）,情報･通信業,293,300,287,300,9,3.092784,18000,OK
2024-10-31,9418,Ｕ−ＮＥＸＴ　ＨＯＬＤＩＮＧＳ,プライム（内国株式）,情報･通信業,4925,4925,4865,4910,40,0.821355,127200,OK
2024-10-31,9419,ワイヤレスゲート,スタンダード（内国株式）,情報･通信業,230,234,229,234,4,1.73913,14300,OK
2024-10-31,9421,エヌジェイホールディングス,スタンダード（内国株式）,情報･通信業,479,489,479,489,10,2.087683,1700,OK
2024-10-31,9423,フォーバル・リアルストレート,スタンダード（内国株式）,情報･通信業,104,104,101,103,1,0.980392,129300,OK
2024-10-31,9424,日本通信,プライム（内国株式）,情報･通信業,141,145,141,143,1,0.704225,1911800,OK
2024-10-31,9425,ＲｅＹｕｕ　Ｊａｐａｎ,スタンダード（内国株式）,情報･通信業,296,301,296,299,1,0.33557,6500,OK
2024-10-31,9428,クロップス,スタンダード（内国株式）,情報･通信業,950,991,945,976,24,2.521008,5500,OK
2024-10-31,9432,日本電信電話,プライム（内国株式）,情報･通信業,147.7,148.2,147.4,147.7,0,0,164632700,OK
2024-10-31,9433,ＫＤＤＩ,プライム（内国株式）,情報･通信業,4834,4846,4755,4778,-76,-1.565719,5488000,OK
2024-10-31,9434,ソフトバンク,プライム（内国株式）,情報･通信業,192,193,190.8,192.8,1.4,0.731452,77289000,OK
2024-10-31,94345,ソフトバンク（優先株式）,プライム（内国株式）,情報･通信業,3873,3880,3873,3880,7,0.180738,2200,OK
2024-10-31,94346,ソフトバンク（優先株式）,プライム（内国株式）,情報･通信業,7980,7999,7980,7999,19,0.238095,500,OK
2024-10-31,9435,光通信,プライム（内国株式）,情報･通信業,31000,31400,30750,31100,-90,-0.288554,78900,OK
2024-10-31,9436,沖縄セルラー電話,スタンダード（内国株式）,情報･通信業,4300,4360,4300,4335,65,1.522248,73900,OK
2024-10-31,9438,エムティーアイ,プライム（内国株式）,情報･通信業,1144,1145,1126,1145,1,0.087413,20000,OK
2024-10-31,9439,エム・エイチ・グループ,スタンダード（内国株式）,サービス業,205,206,203,204,-3,-1.449275,53700,OK
2024-10-31,9441,ベルパーク,スタンダード（内国株式）,情報･通信業,1700,1700,1683,1700,0,0,600,OK
2024-10-31,9444,トーシンホールディングス,スタンダード（内国株式）,情報･通信業,640,646,640,642,2,0.3125,24800,OK
2024-10-31,9445,フォーバルテレコム,スタンダード（内国株式）,情報･通信業,450,450,444,447,-3,-0.666667,2500,OK
2024-10-31,9446,サカイホールディングス,スタンダード（内国株式）,情報･通信業,453,469,453,462,6,1.315789,6500,OK
2024-10-31,9449,ＧＭＯインターネットグループ,プライム（内国株式）,情報･通信業,2630,2663.5,2611,2654,37.5,1.433212,416300,OK
2024-10-31,9450,ファイバーゲート,プライム（内国株式）,情報･通信業,1007,1008,991,1008,3,0.298507,39000,OK
2024-10-31,9466,アイドママーケティングコミュニケーション,スタンダード（内国株式）,情報･通信業,209,214,205,214,7,3.381643,25100,OK
2024-10-31,9467,アルファポリス,グロース（内国株式）,情報･通信業,2170,2222,2164,2207,47,2.175926,15800,OK
2024-10-31,9468,ＫＡＤＯＫＡＷＡ,プライム（内国株式）,情報･通信業,3319,3356,3311,3343,-26,-0.771742,357800,OK
2024-10-31,9470,学研ホールディングス,プライム（内国株式）,情報･通信業,984,998,984,997,13,1.321138,41600,OK
2024-10-31,9474,ゼンリン,プライム（内国株式）,情報･通信業,808,813,805,811,-2,-0.246002,70100,OK
2024-10-31,9475,昭文社ホールディングス,スタンダード（内国株式）,情報･通信業,391,396,382,396,13,3.394256,17000,OK
2024-10-31,9476,中央経済社ホールディングス,スタンダード（内国株式）,情報･通信業,475,477,475,477,2,0.421053,600,OK
2024-10-31,9478,ＳＥホールディングス・アンド・インキュベーションズ,スタンダード（内国株式）,情報･通信業,298,301,298,300,2,0.671141,25700,OK
2024-10-31,9479,インプレスホールディングス,スタンダード（内国株式）,情報･通信業,137,140,135,140,4,2.941176,35500,OK
2024-10-31,9501,東京電力ホールディングス,プライム（内国株式）,電気･ガス業,635,647.9,616.8,622.8,-17.1,-2.672293,34151100,OK
2024-10-31,9502,中部電力,プライム（内国株式）,電気･ガス業,1758.5,1782.5,1745.5,1755,-1.5,-0.085397,2521400,OK
2024-10-31,9503,関西電力,プライム（内国株式）,電気･ガス業,2558.5,2566.5,2441,2455,-152,-5.830456,5636100,OK
2024-10-31,9504,中国電力,プライム（内国株式）,電気･ガス業,1080,1114.5,1070,1112.5,30,2.771363,3334800,OK
2024-10-31,9505,北陸電力,プライム（内国株式）,電気･ガス業,1006,1118,998,1061,82.3,8.409114,5276900,OK
2024-10-31,9506,東北電力,プライム（内国株式）,電気･ガス業,1512,1539.5,1501,1504.5,-23,-1.505728,4930100,OK
2024-10-31,9507,四国電力,プライム（内国株式）,電気･ガス業,1380,1422.5,1362,1373,0.5,0.03643,1806800,OK
2024-10-31,9508,九州電力,プライム（内国株式）,電気･ガス業,1705.5,1733,1696,1713.5,3.5,0.204678,2852800,OK
2024-10-31,9509,北海道電力,プライム（内国株式）,電気･ガス業,984.2,999.5,973.5,988.9,-8.2,-0.822385,6643300,OK
2024-10-31,9511,沖縄電力,プライム（内国株式）,電気･ガス業,1031,1046,1026,1039,10,0.971817,358300,OK
2024-10-31,9513,電源開発,プライム（内国株式）,電気･ガス業,2521,2555,2501,2552.5,67,2.695635,1232900,OK
2024-10-31,9514,エフオン,スタンダード（内国株式）,電気･ガス業,351,359,351,355,4,1.139601,16900,OK
2024-10-31,9517,イーレックス,プライム（内国株式）,電気･ガス業,636,642,625,630,-9,-1.408451,259800,OK
2024-10-31,9519,レノバ,プライム（内国株式）,電気･ガス業,868,874,852,871,15,1.752336,438000,OK
2024-10-31,9522,リニューアブル・ジャパン,グロース（内国株式）,電気･ガス業,543,564,543,563,17,3.113553,51900,OK
2024-10-31,9531,東京瓦斯,プライム（内国株式）,電気･ガス業,3600,3810,3598,3769,237,6.710079,4364500,OK
2024-10-31,9532,大阪瓦斯,プライム（内国株式）,電気･ガス業,3278,3297,3257,3282,16,0.489896,2012900,OK
2024-10-31,9533,東邦瓦斯,プライム（内国株式）,電気･ガス業,3850,3860,3795,3821,14,0.367744,428400,OK
2024-10-31,9534,北海道瓦斯,プライム（内国株式）,電気･ガス業,580,595,576,588,11,1.906412,94100,OK
2024-10-31,9535,広島ガス,プライム（内国株式）,電気･ガス業,378,383,378,382,4,1.058201,32300,OK
2024-10-31,9536,西部ガスホールディングス,プライム（内国株式）,電気･ガス業,1771,1800,1771,1790,19,1.07284,61200,OK
2024-10-31,9537,北陸瓦斯,スタンダード（内国株式）,電気･ガス業,,,,,,,,NO_QUOTE
2024-10-31,9539,京葉瓦斯,スタンダード（内国株式）,電気･ガス業,2642,2643,2642,2643,-1,-0.037821,900,OK
2024-10-31,9543,静岡ガス,プライム（内国株式）,電気･ガス業,1028,1033,1020,1023,0,0,89100,OK
2024-10-31,9551,メタウォーター,プライム（内国株式）,電気･ガス業,1777,1787,1726,1777,-10,-0.559597,209500,OK
2024-10-31,9552,Ｍ＆Ａ総研ホールディングス,プライム（内国株式）,サービス業,2330,2348,2245,2260,-148,-6.146179,2769000,OK
2024-10-31,9553,マイクロアド,グロース（内国株式）,サービス業,216,222,215,222,4,1.834862,65500,OK
2024-10-31,9554,ＡＶｉＣ,グロース（内国株式）,サービス業,1030,1032,1002,1027,10,0.983284,5200,OK
2024-10-31,9556,ＩＮＴＬＯＯＰ,グロース（内国株式）,サービス業,5500,5650,5470,5630,100,1.808318,30400,OK
2024-10-31,9557,エアークローゼット,グロース（内国株式）,サービス業,364,364,355,360,-3,-0.826446,5200,OK
2024-10-31,9558,ジャパニアス,グロース（内国株式）,サービス業,2265,2311,2245,2309,35,1.539138,13100,OK
2024-10-31,9560,プログリット,グロース（内国株式）,サービス業,1152,1171,1134,1138,-13,-1.129453,135300,OK
2024-10-31,9561,グラッドキューブ,グロース（内国株式）,サービス業,1049,1084,1028,1061,13,1.240458,60300,OK
2024-10-31,9562,ビジネスコーチ,グロース（内国株式）,サービス業,1209,1239,1189,1210,31,2.629347,1500,OK
2024-10-31,9563,Ａｔｌａｓ　Ｔｅｃｈｎｏｌｏｇｉｅｓ,グロース（内国株式）,サービス業,310,310,307,308,-3,-0.96463,6300,OK
2024-10-31,9564,ＦＣＥ,スタンダード（内国株式）,サービス業,894,897,886,896,3,0.335946,8000,OK
2024-10-31,9565,ＧＬＯＥ,グロース（内国株式）,サービス業,1376,1376,1346,1350,4,0.297177,1500,OK
2024-10-31,9600,アイネット,プライム（内国株式）,情報･通信業,1544,1574,1536,1552,7,0.453074,24900,OK
2024-10-31,9601,松竹,プライム（内国株式）,情報･通信業,10780,11080,10610,11040,400,3.759398,96600,OK
2024-10-31,9602,東宝,プライム（内国株式）,情報･通信業,5850,5863,5784,5827,-8,-0.137104,465700,OK
2024-10-31,9603,エイチ・アイ・エス,プライム（内国株式）,サービス業,1716,1759,1702,1752,32,1.860465,545000,OK
2024-10-31,9605,東映,プライム（内国株式）,情報･通信業,4905,4930,4865,4910,25,0.511771,73700,OK
2024-10-31,9610,ウィルソン・ラーニング　ワールドワイド,スタンダード（内国株式）,サービス業,105,106,103,104,1,0.970874,48000,OK
2024-10-31,9612,ラックランド,プライム（内国株式）,サービス業,1973,2005,1956,2005,52,2.66257,18400,OK
2024-10-31,9613,ＮＴＴデータグループ,プライム（内国株式）,情報･通信業,2456,2468.5,2405.5,2444,0.5,0.020462,3148100,OK
2024-10-31,9616,共立メンテナンス,プライム（内国株式）,サービス業,2450,2475.5,2440,2464.5,3,0.121877,356200,OK
2024-10-31,9619,イチネンホールディングス,プライム（内国株式）,サービス業,1787,1828,1738,1828,33,1.83844,163900,OK
2024-10-31,9621,建設技術研究所,プライム（内国株式）,サービス業,4555,4585,4520,4555,-5,-0.109649,12900,OK
2024-10-31,9622,スペース,プライム（内国株式）,サービス業,1139,1159,1139,1151,12,1.053556,11000,OK
2024-10-31,9625,セレスポ,スタンダード（内国株式）,サービス業,899,899,898,899,6,0.671892,700,OK
2024-10-31,9627,アインホールディングス,プライム（内国株式）,小売業,5000,5060,4981,5057,57,1.14,49600,OK
2024-10-31,9628,燦ホールディングス,プライム（内国株式）,サービス業,1105,1120,1105,1112,9,0.815956,18300,OK
2024-10-31,9629,ピー・シー・エー,プライム（内国株式）,情報･通信業,1940,1968,1912,1940,-11,-0.563813,39000,OK
2024-10-31,9632,スバル興業,スタンダード（内国株式）,サービス業,3135,3205,3135,3205,85,2.724359,10000,OK
2024-10-31,9633,東京テアトル,スタンダード（内国株式）,サービス業,1071,1083,1069,1083,20,1.881468,12500,OK
2024-10-31,9635,武蔵野興業,スタンダード（内国株式）,サービス業,2021,2021,2021,2021,1,0.049505,100,OK
2024-10-31,9636,きんえい,スタンダード（内国株式）,サービス業,4075,4075,4050,4070,15,0.369914,900,OK
2024-10-31,9639,三協フロンテア,スタンダード（内国株式）,サービス業,1993,1993,1980,1980,-13,-0.652283,12200,OK
2024-10-31,9640,セゾンテクノロジー,スタンダード（内国株式）,情報･通信業,1810,1824,1767,1804,5,0.277932,4600,OK
2024-10-31,9644,タナベコンサルティンググループ,プライム（内国株式）,サービス業,1134,1179,1134,1158,24,2.116402,11900,OK
2024-10-31,9647,協和コンサルタンツ,スタンダード（内国株式）,サービス業,5190,5190,5190,5190,100,1.964637,100,OK
2024-10-31,9651,日本プロセス,スタンダード（内国株式）,情報･通信業,1376,1377,1365,1365,-13,-0.943396,1400,OK
2024-10-31,9656,グリーンランドリゾート,スタンダード（内国株式）,サービス業,610,612,606,606,-2,-0.328947,2600,OK
2024-10-31,9658,ビジネスブレイン太田昭和,プライム（内国株式）,情報･通信業,1898,1899,1863,1867,-35,-1.840168,11500,OK
2024-10-31,9661,歌舞伎座,スタンダード（内国株式）,サービス業,4500,4500,4490,4495,-5,-0.111111,2300,OK
2024-10-31,9663,ナガワ,プライム（内国株式）,サービス業,6680,6850,6590,6810,140,2.098951,18000,OK
2024-10-31,9672,東京都競馬,プライム（内国株式）,サービス業,4150,4210,4140,4175,40,0.967352,97700,OK
2024-10-31,9675,常磐興産,スタンダード（内国株式）,サービス業,1649,1650,1648,1649,1,0.06068,124300,OK
2024-10-31,9678,カナモト,プライム（内国株式）,サービス業,2781,2797,2754,2776,22,0.798838,71500,OK
2024-10-31,9679,ホウライ,スタンダード（内国株式）,サービス業,4655,4655,4655,4655,0,0,17000,OK
2024-10-31,9682,ＤＴＳ,プライム（内国株式）,情報･通信業,4000,4030,3960,3975,25,0.632911,117500,OK
2024-10-31,9684,スクウェア・エニックス・ホールディングス,プライム（内国株式）,情報･通信業,6001,6003,5911,5972,-23,-0.383653,549600,OK
2024-10-31,9685,ＫＹＣＯＭホールディングス,スタンダード（内国株式）,情報･通信業,487,500,479,482,-4,-0.823045,4300,OK
2024-10-31,9686,東洋テック,スタンダード（内国株式）,サービス業,1219,1250,1219,1234,24,1.983471,4900,OK
2024-10-31,9687,ＫＳＫ,スタンダード（内国株式）,情報･通信業,2901,2923,2901,2906,5,0.172354,800,OK
2024-10-31,9691,両毛システムズ,スタンダード（内国株式）,情報･通信業,2233,2233,2176,2211,-24,-1.073826,1800,OK
2024-10-31,9692,シーイーシー,プライム（内国株式）,情報･通信業,1812,1828,1807,1811,-8,-0.439802,42900,OK
2024-10-31,9696,ウィザス,スタンダード（内国株式）,サービス業,1719,1726,1694,1706,-14,-0.813953,12400,OK
2024-10-31,9697,カプコン,プライム（内国株式）,情報･通信業,3110,3145,3031,3062,-79,-2.515123,4156800,OK
2024-10-31,9698,クレオ,スタンダード（内国株式）,情報･通信業,1129,1130,1129,1130,1,0.088574,2100,OK
2024-10-31,9699,ニシオホールディングス,プライム（内国株式）,サービス業,3725,3765,3705,3745,0,0,22200,OK
2024-10-31,9701,東京會舘,スタンダード（内国株式）,サービス業,3940,3940,3915,3915,0,0,400,OK
2024-10-31,9702,アイ・エス・ビー,プライム（内国株式）,情報･通信業,1356,1404,1355,1397,-39,-2.715877,72200,OK
2024-10-31,9704,アゴーラ　ホスピタリティー　グループ,スタンダード（内国株式）,サービス業,53,55,52,54,1,1.886792,1737400,OK
2024-10-31,9706,日本空港ビルデング,プライム（内国株式）,不動産業,5512,5669,5496,5624,73,1.315078,316400,OK
2024-10-31,9708,帝国ホテル,スタンダード（内国株式）,サービス業,902,909,885,898,-30,-3.232759,249100,OK
2024-10-31,9709,ＮＣＳ＆Ａ,スタンダード（内国株式）,情報･通信業,833,843,829,833,0,0,4100,OK
2024-10-31,9713,ロイヤルホテル,スタンダード（内国株式）,サービス業,890,895,880,895,4,0.448934,1500,OK
2024-10-31,9715,トランス・コスモス,プライム（内国株式）,サービス業,3380,3395,3310,3340,-10,-0.298507,142400,OK
2024-10-31,9716,乃村工藝社,プライム（内国株式）,サービス業,776,782,775,778,3,0.387097,137300,OK
2024-10-31,9719,ＳＣＳＫ,プライム（内国株式）,情報･通信業,2922.5,2928,2839,2867,-64.5,-2.200239,1739700,OK
2024-10-31,9720,ホテル、ニューグランド,スタンダード（内国株式）,サービス業,6700,6790,6680,6700,0,0,800,OK
2024-10-31,9722,藤田観光,プライム（内国株式）,サービス業,9400,9490,9350,9430,30,0.319149,98300,OK
2024-10-31,9723,京都ホテル,スタンダード（内国株式）,サービス業,645,645,643,645,0,0,3500,OK
2024-10-31,9726,ＫＮＴ−ＣＴホールディングス,スタンダード（内国株式）,サービス業,1261,1297,1261,1283,20,1.583531,20800,OK
2024-10-31,9729,トーカイ,プライム（内国株式）,サービス業,2179,2251,2165,2185,0,0,31700,OK
2024-10-31,9731,白洋舎,スタンダード（内国株式）,サービス業,2263,2286,2263,2284,42,1.873327,9900,OK
2024-10-31,9733,ナガセ,スタンダード（内国株式）,サービス業,1830,1834,1821,1822,9,0.496415,17000,OK
2024-10-31,9735,セコム,プライム（内国株式）,サービス業,5490,5494,5416,5461,-1,-0.018308,1011500,OK
2024-10-31,9739,ＮＳＷ,プライム（内国株式）,情報･通信業,2988,2993,2927,2981,-7,-0.23427,14600,OK
2024-10-31,9740,セントラル警備保障,プライム（内国株式）,サービス業,2749,2824,2749,2794,45,1.636959,17500,OK
2024-10-31,9742,アイネス,プライム（内国株式）,情報･通信業,1529,1571,1521,1557,50,3.31785,29500,OK
2024-10-31,9743,丹青社,プライム（内国株式）,サービス業,821,821,812,814,-3,-0.367197,87500,OK
2024-10-31,9744,メイテックグループホールディングス,プライム（内国株式）,サービス業,3140,3156,2915,2938.5,-195.5,-6.238034,912700,OK
2024-10-31,9746,ＴＫＣ,プライム（内国株式）,情報･通信業,3955,3980,3945,3970,25,0.633714,78400,OK
2024-10-31,9749,富士ソフト,プライム（内国株式）,情報･通信業,9211,9350,9196,9350,150,1.630435,234000,OK
2024-10-31,9753,アイエックス・ナレッジ,スタンダード（内国株式）,情報･通信業,974,980,974,980,-1,-0.101937,700,OK
2024-10-31,9755,応用地質,プライム（内国株式）,サービス業,2551,2573,2530,2557,6,0.235202,29400,OK
2024-10-31,9757,船井総研ホールディングス,プライム（内国株式）,サービス業,2438,2459,2429,2442,4,0.164069,54600,OK
2024-10-31,9759,ＮＳＤ,プライム（内国株式）,情報･通信業,3218,3318,3210,3312,37,1.129771,269000,OK
2024-10-31,9760,進学会ホールディングス,スタンダード（内国株式）,サービス業,208,213,208,209,4,1.95122,35700,OK
2024-10-31,9761,東海リース,スタンダード（内国株式）,サービス業,1679,1679,1650,1664,-9,-0.537956,3600,OK
2024-10-31,9763,丸紅建材リース,スタンダード（内国株式）,卸売業,2800,2831,2793,2829,29,1.035714,9200,OK
2024-10-31,9765,オオバ,プライム（内国株式）,サービス業,1003,1014,1002,1013,10,0.997009,82700,OK
2024-10-31,9766,コナミグループ,プライム（内国株式）,情報･通信業,14140,14180,13960,14090,-15,-0.106345,603300,OK
2024-10-31,9767,日建工学,スタンダード（内国株式）,サービス業,1330,1330,1330,1330,10,0.757576,200,OK
2024-10-31,9768,いであ,スタンダード（内国株式）,サービス業,2375,2440,2366,2440,65,2.736842,7800,OK
2024-10-31,9769,学究社,プライム（内国株式）,サービス業,1889,1903,1883,1894,5,0.26469,9900,OK
2024-10-31,9776,札幌臨床検査センター,スタンダード（内国株式）,サービス業,960,960,958,958,20,2.132196,200,OK
2024-10-31,9778,昴,スタンダード（内国株式）,サービス業,7330,7330,7290,7290,0,0,300,OK
2024-10-31,9780,ハリマビステム,スタンダード（内国株式）,サービス業,705,710,700,700,-5,-0.70922,500,OK
2024-10-31,9782,ディーエムエス,スタンダード（内国株式）,サービス業,1745,1750,1735,1738,-7,-0.401146,6600,OK
2024-10-31,9787,イオンディライト,プライム（内国株式）,サービス業,4380,4380,4335,4345,-10,-0.229621,35200,OK
2024-10-31,9788,ナック,プライム（内国株式）,サービス業,571,573,566,570,-3,-0.52356,23600,OK
2024-10-31,9790,福井コンピュータホールディングス,プライム（内国株式）,情報･通信業,2728,2749,2699,2704,-24,-0.879765,19600,OK
2024-10-31,9791,ビケンテクノ,スタンダード（内国株式）,サービス業,905,905,896,896,-9,-0.994475,4300,OK
2024-10-31,9793,ダイセキ,プライム（内国株式）,サービス業,3910,3935,3885,3915,0,0,143900,OK
2024-10-31,9795,ステップ,プライム（内国株式）,サービス業,2000,2034,2000,2026,36,1.809045,15000,OK
2024-10-31,9799,旭情報サービス,スタンダード（内国株式）,情報･通信業,825,830,824,829,4,0.484848,5900,OK
2024-10-31,9812,テーオーホールディングス,スタンダード（内国株式）,卸売業,256,261,256,260,4,1.5625,12200,OK
2024-10-31,9816,ストライダーズ,スタンダード（内国株式）,不動産業,200,213,200,200,1,0.502513,25800,OK
2024-10-31,9818,大丸エナウィン,スタンダード（内国株式）,卸売業,1494,1500,1477,1477,-17,-1.137885,1000,OK
2024-10-31,9820,エムティジェネックス,スタンダード（内国株式）,不動産業,2472,2472,2471,2471,-6,-0.242229,700,OK
2024-10-31,9823,マミーマート,スタンダード（内国株式）,小売業,3860,3930,3820,3930,75,1.945525,13300,OK
2024-10-31,9824,泉州電業,プライム（内国株式）,卸売業,4990,5180,4950,5130,140,2.805611,151100,OK
2024-10-31,9827,リリカラ,スタンダード（内国株式）,卸売業,590,599,590,594,5,0.848896,47400,OK
2024-10-31,9828,Ｇｅｎｋｉ　Ｇｌｏｂａｌ　Ｄｉｎｉｎｇ　Ｃｏｎｃｅｐｔｓ,スタンダード（内国株式）,小売業,4075,4175,3925,3995,-430,-9.717514,348000,OK
2024-10-31,9830,トラスコ中山,プライム（内国株式）,卸売業,2275,2281,2231,2268,-22,-0.960699,118300,OK
2024-10-31,9831,ヤマダホールディングス,プライム（内国株式）,小売業,438.2,439.2,436,438.2,1.3,0.297551,2971600,OK
2024-10-31,9832,オートバックスセブン,プライム（内国株式）,卸売業,1424,1429,1413,1419,7.5,0.53135,213200,OK
2024-10-31,9835,ジュンテンドー,スタンダード（内国株式）,小売業,511,512,509,512,1,0.195695,4300,OK
2024-10-31,9837,モリト,プライム（内国株式）,卸売業,1437,1442,1426,1433,-5,-0.347705,47300,OK
2024-10-31,9842,アークランズ,プライム（内国株式）,小売業,1675,1681,1667,1672,9,0.541191,110800,OK
2024-10-31,9843,ニトリホールディングス,プライム（内国株式）,小売業,19210,19490,19125,19250,40,0.208225,425500,OK
2024-10-31,9845,パーカーコーポレーション,スタンダード（内国株式）,化学,772,777,763,769,-10,-1.283697,7100,OK
2024-10-31,9846,天満屋ストア,スタンダード（内国株式）,小売業,988,990,981,983,2,0.203874,3300,OK
2024-10-31,9849,共同紙販ホールディングス,スタンダード（内国株式）,卸売業,4860,4860,4855,4855,-10,-0.20555,200,OK
2024-10-31,9850,グルメ杵屋,プライム（内国株式）,小売業,1025,1028,1020,1025,-2,-0.194742,21100,OK
2024-10-31,9852,ＣＢグループマネジメント,スタンダード（内国株式）,卸売業,4990,4990,4990,4990,-50,-0.992063,700,OK
2024-10-31,9853,銀座ルノアール,スタンダード（内国株式）,小売業,895,897,892,892,-3,-0.335196,1500,OK
2024-10-31,9854,愛眼,スタンダード（内国株式）,小売業,147,148,145,148,1,0.680272,116000,OK
2024-10-31,9856,ケーユーホールディングス,スタンダード（内国株式）,小売業,1070,1084,1065,1075,11,1.033835,42500,OK
2024-10-31,9857,英和,スタンダード（内国株式）,卸売業,2091,2116,2071,2095,17,0.818094,2400,OK
2024-10-31,9861,吉野家ホールディングス,プライム（内国株式）,小売業,3110,3117,3075,3108,0,0,201000,OK
2024-10-31,9867,ソレキア,スタンダード（内国株式）,卸売業,5540,5600,5510,5600,50,0.900901,400,OK
2024-10-31,9869,加藤産業,プライム（内国株式）,卸売業,4090,4185,4085,4150,85,2.091021,39700,OK
2024-10-31,9872,北恵,スタンダード（内国株式）,卸売業,913,918,909,914,5,0.550055,61100,OK
2024-10-31,9876,コックス,スタンダード（内国株式）,小売業,193,193,190,192,-1,-0.518135,5000,OK
2024-10-31,9878,セキド,スタンダード（内国株式）,小売業,698,698,684,684,-6,-0.869565,2100,OK
2024-10-31,9880,イノテック,プライム（内国株式）,電気機器,1474,1492,1464,1473,-6,-0.40568,29900,OK
2024-10-31,9882,イエローハット,プライム（内国株式）,卸売業,2514,2514,2465,2492,21,0.849858,217900,OK
2024-10-31,9885,シャルレ,スタンダード（内国株式）,卸売業,368,368,364,365,-4,-1.084011,41700,OK
2024-10-31,9887,松屋フーズホールディングス,プライム（内国株式）,小売業,6790,6840,6730,6770,-10,-0.147493,30400,OK
2024-10-31,9888,ＵＥＸ,スタンダード（内国株式）,卸売業,940,975,940,969,29,3.085106,19000,OK
2024-10-31,9889,ＪＢＣＣホールディングス,プライム（内国株式）,情報･通信業,3895,4470,3860,4430,550,14.175258,231900,OK
2024-10-31,9890,マキヤ,スタンダード（内国株式）,小売業,980,987,979,983,3,0.306122,1500,OK
2024-10-31,9895,コンセック,スタンダード（内国株式）,卸売業,1185,1192,1185,1192,12,1.016949,3100,OK
2024-10-31,9896,ＪＫホールディングス,スタンダード（内国株式）,卸売業,1007,1041,1006,1032,32,3.2,25900,OK
2024-10-31,9900,サガミホールディングス,プライム（内国株式）,小売業,1790,1790,1765,1774,-11,-0.616246,52600,OK
2024-10-31,9902,日伝,プライム（内国株式）,卸売業,3105,3185,3095,3155,40,1.284109,41900,OK
2024-10-31,9903,カンセキ,スタンダード（内国株式）,小売業,898,900,897,900,0,0,1200,OK
2024-10-31,9904,ベリテ,スタンダード（内国株式）,小売業,370,373,370,371,-1,-0.268817,8000,OK
2024-10-31,9906,藤井産業,スタンダード（内国株式）,卸売業,2329,2331,2319,2319,-4,-0.172191,1300,OK
2024-10-31,9908,日本電計,スタンダード（内国株式）,卸売業,1696,1696,1676,1692,-4,-0.235849,3000,OK
2024-10-31,9913,日邦産業,スタンダード（内国株式）,卸売業,,,,,,,,NO_QUOTE
2024-10-31,9914,植松商会,スタンダード（内国株式）,卸売業,935,949,935,949,17,1.824034,500,OK
2024-10-31,9927,ワットマン,スタンダード（内国株式）,小売業,806,806,806,806,0,0,200,OK
2024-10-31,9928,ミロク情報サービス,プライム（内国株式）,情報･通信業,1791,1851,1791,1833,2,0.10923,26300,OK
2024-10-31,9929,平和紙業,スタンダード（内国株式）,卸売業,445,445,438,438,-10,-2.232143,1500,OK
2024-10-31,9930,北沢産業,スタンダード（内国株式）,卸売業,341,374,340,372,37,11.044776,112800,OK
2024-10-31,9932,杉本商事,プライム（内国株式）,卸売業,1340,1404,1335,1382,38,2.827381,56300,OK
2024-10-31,9934,因幡電機産業,プライム（内国株式）,卸売業,3765,3880,3764,3856,66,1.741425,104300,OK
2024-10-31,9936,王将フードサービス,プライム（内国株式）,小売業,3000,3030,2961,3000,16,0.536193,148600,OK
2024-10-31,9941,太洋物産,スタンダード（内国株式）,卸売業,887,887,864,881,-8,-0.899888,4600,OK
2024-10-31,9946,ミニストップ,プライム（内国株式）,小売業,1718,1743,1718,1737,18,1.04712,66900,OK
2024-10-31,9948,アークス,プライム（内国株式）,小売業,2517,2537,2510,2537,27,1.075697,71700,OK
2024-10-31,9950,ハチバン,スタンダード（内国株式）,小売業,3430,3445,3430,3445,25,0.730994,1000,OK
2024-10-31,9955,ヨンキュウ,スタンダード（内国株式）,卸売業,2065,2075,2065,2075,2,0.096479,1200,OK
2024-10-31,9956,バローホールディングス,プライム（内国株式）,小売業,2099,2119,2090,2108,26,1.248799,84700,OK
2024-10-31,9959,アシードホールディングス,スタンダード（内国株式）,小売業,646,649,645,648,1,0.15456,1800,OK
2024-10-31,9960,東テク,プライム（内国株式）,卸売業,2625,2673,2611,2648,26,0.991609,50000,OK
2024-10-31,9962,ミスミグループ本社,プライム（内国株式）,卸売業,2581.5,2618,2501.5,2525,-80,-3.071017,2370300,OK
2024-10-31,9969,ショクブン,スタンダード（内国株式）,小売業,256,259,256,259,1,0.387597,5000,OK
2024-10-31,9972,アルテック,スタンダード（内国株式）,卸売業,205,207,204,207,5,2.475248,35500,OK
2024-10-31,9973,ＫＯＺＯホールディングス,スタンダード（内国株式）,小売業,19,20,18,19,0,0,3043700,OK
2024-10-31,9974,ベルク,プライム（内国株式）,小売業,6540,6560,6480,6530,10,0.153374,11600,OK
2024-10-31,9976,セキチュー,スタンダード（内国株式）,小売業,1138,1138,1138,1138,-7,-0.611354,100,OK
2024-10-31,9978,文教堂グループホールディングス,スタンダード（内国株式）,小売業,53,55,52,54,1,1.886792,547300,OK
2024-10-31,9979,大庄,スタンダード（内国株式）,小売業,1038,1045,1030,1045,12,1.161665,32400,OK
2024-10-31,9980,ＭＲＫホールディングス,スタンダード（内国株式）,小売業,102,103,102,102,-1,-0.970874,68000,OK
2024-10-31,9982,タキヒヨー,スタンダード（内国株式）,卸売業,1203,1257,1203,1257,54,4.488778,10800,OK
2024-10-31,9983,ファーストリテイリング,プライム（内国株式）,小売業,50730,50760,49110,49520,-1120,-2.21169,1429300,OK
2024-10-31,9984,ソフトバンクグループ,プライム（内国株式）,情報･通信業,9487,9550,9407,9498,-45,-0.47155,7848500,OK
2024-10-31,9986,蔵王産業,スタンダード（内国株式）,卸売業,2420,2427,2400,2427,20,0.83091,5600,OK
2024-10-31,9987,スズケン,プライム（内国株式）,卸売業,4974,5033,4935,5006,55,1.110887,255300,OK
2024-10-31,9989,サンドラッグ,プライム（内国株式）,小売業,3774,3790,3751,3781,24,0.638808,277000,OK
2024-10-31,9990,サックスバー　ホールディングス,プライム（内国株式）,小売業,912,918,903,911,6,0.662983,33900,OK
2024-10-31,9991,ジェコス,プライム（内国株式）,卸売業,981,981,963,970,-12,-1.221996,74000,OK
2024-10-31,9993,ヤマザワ,スタンダード（内国株式）,小売業,1136,1154,1131,1153,22,1.945181,14900,OK
2024-10-31,9994,やまや,スタンダード（内国株式）,小売業,2841,2869,2841,2866,26,0.915493,7300,OK
2024-10-31,9996,サトー商会,スタンダード（内国株式）,卸売業,1684,1686,1676,1676,-48,-2.784223,800,OK
2024-10-31,9997,ベルーナ,プライム（内国株式）,小売業,710,716,706,714,2,0.280899,160600,OK
